# Residuals   
# Time        	Ux            	Uz            	p             	k             	omega         
0             	N/A	N/A	N/A	N/A
1             	1.000000e+00	1.000000e+00	1.000000e+00	1.000000e+00	2.057582e-01
2             	5.164278e-01	6.883690e-01	5.350852e-02	1.397573e-01	1.198096e-02
3             	1.408707e-01	5.153378e-01	6.162669e-02	5.637945e-02	5.691330e-03
4             	9.124986e-02	4.621399e-01	6.688625e-02	3.698293e-02	1.737255e-02
5             	8.082066e-02	4.179198e-01	7.286510e-02	2.584022e-02	8.381610e-03
6             	6.814024e-02	3.760257e-01	7.600233e-02	1.907257e-02	8.882245e-03
7             	5.341313e-02	3.304306e-01	7.895036e-02	1.485190e-02	5.949834e-03
8             	4.537141e-02	2.885821e-01	8.178255e-02	1.223535e-02	6.076490e-03
9             	3.851895e-02	2.507031e-01	8.750532e-02	1.044079e-02	4.532641e-03
10            	3.330545e-02	2.219779e-01	9.027531e-02	9.162693e-03	3.305929e-03
11            	2.893773e-02	1.929719e-01	9.204128e-02	8.214679e-03	2.807007e-03
12            	2.526807e-02	1.701204e-01	9.155615e-02	7.428443e-03	2.497013e-03
13            	2.188624e-02	1.458225e-01	9.238909e-02	6.845546e-03	2.236374e-03
14            	1.963816e-02	1.289879e-01	9.039414e-02	6.337319e-03	1.726251e-03
15            	1.688310e-02	1.106931e-01	9.212949e-02	5.905742e-03	1.498480e-03
16            	1.477965e-02	9.764771e-02	8.873682e-02	5.559688e-03	1.276672e-03
17            	1.292479e-02	8.481812e-02	8.857642e-02	5.323430e-03	1.069773e-03
18            	1.175597e-02	7.501290e-02	8.607745e-02	5.183149e-03	9.662397e-04
19            	1.069192e-02	6.620204e-02	8.544647e-02	5.034138e-03	8.070405e-04
20            	1.000405e-02	5.974576e-02	8.161068e-02	4.912808e-03	6.985633e-04
21            	9.206958e-03	5.387311e-02	8.225777e-02	4.892034e-03	6.037245e-04
22            	8.631381e-03	4.922988e-02	8.034770e-02	4.844990e-03	5.393720e-04
23            	7.948719e-03	4.579637e-02	7.951917e-02	4.889377e-03	4.747324e-04
24            	7.406076e-03	4.236157e-02	7.756906e-02	4.925758e-03	4.135270e-04
25            	6.932278e-03	4.015594e-02	7.635290e-02	4.946900e-03	3.731740e-04
26            	6.527436e-03	3.773659e-02	7.429113e-02	4.856740e-03	3.362444e-04
27            	6.123364e-03	3.551866e-02	7.160689e-02	4.741571e-03	3.204106e-04
28            	5.749879e-03	3.352994e-02	7.011814e-02	4.609075e-03	3.093919e-04
29            	5.399746e-03	3.205778e-02	6.827013e-02	4.526984e-03	2.951495e-04
30            	5.073618e-03	3.054952e-02	6.729442e-02	4.490653e-03	2.881118e-04
31            	4.755656e-03	2.897726e-02	6.630951e-02	4.510139e-03	2.751680e-04
32            	4.518516e-03	2.747750e-02	6.587223e-02	4.571361e-03	2.716841e-04
33            	4.398158e-03	2.570252e-02	6.473586e-02	4.642262e-03	2.704928e-04
34            	4.241172e-03	2.522212e-02	6.414973e-02	4.733441e-03	2.697118e-04
35            	4.253455e-03	2.460060e-02	6.368473e-02	4.802525e-03	2.715905e-04
36            	4.218298e-03	2.483964e-02	6.348234e-02	4.929163e-03	2.781666e-04
37            	4.328348e-03	2.482441e-02	6.349643e-02	5.090121e-03	2.835486e-04
38            	4.397003e-03	2.572184e-02	6.410996e-02	5.324119e-03	2.926165e-04
39            	4.608105e-03	2.618082e-02	6.437143e-02	5.588346e-03	2.964860e-04
40            	4.832114e-03	2.679676e-02	6.616515e-02	5.882765e-03	3.092461e-04
41            	5.014887e-03	2.818348e-02	6.582401e-02	6.301914e-03	3.075524e-04
42            	5.264909e-03	2.878033e-02	6.859905e-02	6.806841e-03	3.192380e-04
43            	5.504747e-03	3.035828e-02	7.078758e-02	7.374225e-03	3.166390e-04
44            	5.780794e-03	3.215411e-02	7.093529e-02	7.950140e-03	3.163931e-04
45            	6.134191e-03	3.362179e-02	7.344624e-02	8.457428e-03	3.205330e-04
46            	6.335341e-03	3.597408e-02	7.353178e-02	9.054924e-03	3.237694e-04
47            	6.685274e-03	3.761973e-02	7.530816e-02	9.675745e-03	3.215888e-04
48            	6.830938e-03	3.981797e-02	7.539583e-02	1.016685e-02	3.230209e-04
49            	6.934470e-03	4.209258e-02	7.920597e-02	1.042787e-02	3.209642e-04
50            	6.936396e-03	4.335888e-02	8.031551e-02	1.059857e-02	3.203910e-04
51            	6.781778e-03	4.344740e-02	8.033652e-02	1.057370e-02	3.224040e-04
52            	6.593113e-03	4.280074e-02	8.317630e-02	1.022632e-02	3.256976e-04
53            	6.334711e-03	4.212794e-02	8.417246e-02	9.908591e-03	3.178125e-04
54            	6.093182e-03	4.079302e-02	8.453569e-02	9.880595e-03	3.088438e-04
55            	5.876482e-03	3.912799e-02	8.365517e-02	9.908602e-03	3.032972e-04
56            	5.665047e-03	3.714660e-02	8.138978e-02	9.907925e-03	2.974049e-04
57            	5.494202e-03	3.524602e-02	7.910738e-02	9.922833e-03	2.915487e-04
58            	5.285345e-03	3.342643e-02	7.714465e-02	9.969479e-03	2.849813e-04
59            	5.114108e-03	3.169475e-02	7.454724e-02	1.006217e-02	2.752496e-04
60            	4.988150e-03	2.961351e-02	7.792313e-02	1.026700e-02	2.768486e-04
61            	4.906413e-03	2.811245e-02	7.139807e-02	1.049070e-02	2.711838e-04
62            	4.764160e-03	2.655081e-02	7.104875e-02	1.078847e-02	2.706805e-04
63            	4.642518e-03	2.524965e-02	6.930130e-02	1.115532e-02	2.690858e-04
64            	4.605868e-03	2.428912e-02	6.782564e-02	1.150937e-02	2.676813e-04
65            	4.571815e-03	2.356660e-02	6.851127e-02	1.192564e-02	2.668261e-04
66            	4.548504e-03	2.290605e-02	6.810565e-02	1.230863e-02	2.694597e-04
67            	4.591179e-03	2.262831e-02	6.833179e-02	1.270319e-02	2.720610e-04
68            	4.660420e-03	2.245622e-02	6.839102e-02	1.314124e-02	2.741590e-04
69            	4.744020e-03	2.247265e-02	6.986539e-02	1.354419e-02	2.756373e-04
70            	4.836627e-03	2.262697e-02	7.114290e-02	1.386678e-02	2.757216e-04
71            	4.970539e-03	2.294268e-02	7.197798e-02	1.408892e-02	2.766157e-04
72            	5.097290e-03	2.335445e-02	7.234030e-02	1.418810e-02	2.774184e-04
73            	5.248040e-03	2.398657e-02	7.197072e-02	1.408849e-02	2.802286e-04
74            	5.375166e-03	2.470849e-02	7.232929e-02	1.393436e-02	2.829329e-04
75            	5.545317e-03	2.589557e-02	7.156406e-02	1.376983e-02	2.843308e-04
76            	5.704472e-03	2.728693e-02	7.054149e-02	1.361578e-02	2.841336e-04
77            	5.860663e-03	2.873716e-02	6.809888e-02	1.342524e-02	2.835005e-04
78            	6.045081e-03	3.043279e-02	6.481906e-02	1.316962e-02	2.816014e-04
79            	6.135795e-03	3.183616e-02	6.272619e-02	1.294017e-02	2.808849e-04
80            	6.174008e-03	3.299394e-02	6.189451e-02	1.271541e-02	2.806933e-04
81            	6.130461e-03	3.374867e-02	6.143268e-02	1.246065e-02	2.795587e-04
82            	6.003794e-03	3.416076e-02	6.120897e-02	1.222130e-02	2.750577e-04
83            	5.782516e-03	3.401514e-02	6.029310e-02	1.209278e-02	2.702944e-04
84            	5.551317e-03	3.359703e-02	5.913497e-02	1.211047e-02	2.643541e-04
85            	5.298492e-03	3.270730e-02	5.751004e-02	1.215376e-02	2.577790e-04
86            	5.104576e-03	3.159370e-02	5.556524e-02	1.232070e-02	2.508069e-04
87            	4.915815e-03	3.028858e-02	5.307228e-02	1.252176e-02	2.431104e-04
88            	4.698433e-03	2.866537e-02	5.092933e-02	1.271792e-02	2.341137e-04
89            	4.463943e-03	2.704203e-02	4.790392e-02	1.284826e-02	2.247893e-04
90            	4.243384e-03	2.555246e-02	4.511918e-02	1.296094e-02	2.157421e-04
91            	4.005026e-03	2.431948e-02	4.229239e-02	1.305244e-02	2.059430e-04
92            	3.790441e-03	2.360633e-02	4.059120e-02	1.314639e-02	1.969338e-04
93            	3.599935e-03	2.275874e-02	3.847017e-02	1.321639e-02	1.904761e-04
94            	3.423236e-03	2.197907e-02	3.635122e-02	1.326944e-02	1.816837e-04
95            	3.244236e-03	2.117635e-02	3.431317e-02	1.329962e-02	1.756326e-04
96            	3.073180e-03	2.038823e-02	3.299699e-02	1.332753e-02	1.687027e-04
97            	2.915742e-03	1.973072e-02	3.211900e-02	1.335290e-02	1.616845e-04
98            	2.786641e-03	1.924146e-02	3.111102e-02	1.338857e-02	1.571150e-04
99            	2.708645e-03	1.899808e-02	2.998100e-02	1.340793e-02	1.549485e-04
100           	2.681063e-03	1.895242e-02	2.944736e-02	1.343797e-02	1.540989e-04
101           	2.687617e-03	1.907630e-02	2.968751e-02	1.347442e-02	1.548152e-04
102           	2.724977e-03	1.926569e-02	3.144102e-02	1.360627e-02	1.619368e-04
103           	2.750680e-03	1.996393e-02	3.268827e-02	1.388975e-02	1.756927e-04
104           	2.834486e-03	2.003754e-02	3.351228e-02	1.423134e-02	1.907724e-04
105           	2.923115e-03	1.995547e-02	3.448766e-02	1.458545e-02	2.037611e-04
106           	3.018530e-03	1.966516e-02	3.549055e-02	1.484808e-02	2.131727e-04
107           	3.110246e-03	1.927322e-02	3.447275e-02	1.494250e-02	2.184729e-04
108           	3.078224e-03	1.870513e-02	3.341413e-02	1.468008e-02	2.173543e-04
109           	3.016953e-03	1.844717e-02	3.190333e-02	1.416871e-02	2.115729e-04
110           	2.897835e-03	1.823156e-02	3.251677e-02	1.353553e-02	2.013778e-04
111           	2.784492e-03	1.780077e-02	3.165463e-02	1.287114e-02	1.883715e-04
112           	2.664648e-03	1.710703e-02	2.981065e-02	1.224410e-02	1.773853e-04
113           	2.529366e-03	1.655794e-02	2.834262e-02	1.167465e-02	1.699031e-04
114           	2.409874e-03	1.584292e-02	2.690716e-02	1.142210e-02	1.623250e-04
115           	2.338972e-03	1.490671e-02	2.614069e-02	1.129770e-02	1.552822e-04
116           	2.332327e-03	1.390488e-02	2.521047e-02	1.126773e-02	1.500600e-04
117           	2.395406e-03	1.302131e-02	2.426838e-02	1.127315e-02	1.459895e-04
118           	2.512184e-03	1.255746e-02	2.395636e-02	1.128704e-02	1.436731e-04
119           	2.676007e-03	1.265945e-02	2.434535e-02	1.129142e-02	1.424197e-04
120           	2.905854e-03	1.336744e-02	2.553337e-02	1.136492e-02	1.411552e-04
121           	3.175301e-03	1.475309e-02	2.723731e-02	1.149180e-02	1.402686e-04
122           	3.456422e-03	1.679687e-02	2.930320e-02	1.165591e-02	1.393490e-04
123           	3.753103e-03	1.913820e-02	3.112757e-02	1.188326e-02	1.366632e-04
124           	4.053028e-03	2.163815e-02	3.233905e-02	1.216048e-02	1.343938e-04
125           	4.386788e-03	2.428679e-02	3.249776e-02	1.241085e-02	1.329732e-04
126           	4.782798e-03	2.709960e-02	3.149318e-02	1.261701e-02	1.329545e-04
127           	5.187351e-03	3.000821e-02	3.213907e-02	1.281911e-02	1.367737e-04
128           	5.610175e-03	3.290377e-02	3.323649e-02	1.297048e-02	1.421230e-04
129           	6.036343e-03	3.585348e-02	3.435444e-02	1.311915e-02	1.486120e-04
130           	6.397492e-03	3.879798e-02	3.493908e-02	1.333367e-02	1.540617e-04
131           	6.633376e-03	4.159547e-02	3.591762e-02	1.359787e-02	1.601445e-04
132           	6.762706e-03	4.401116e-02	3.805161e-02	1.386620e-02	1.683844e-04
133           	6.757357e-03	4.584182e-02	4.177395e-02	1.403782e-02	1.741166e-04
134           	6.615842e-03	4.704815e-02	4.596773e-02	1.406660e-02	1.760547e-04
135           	6.389052e-03	4.768168e-02	4.929659e-02	1.397025e-02	1.753019e-04
136           	6.134637e-03	4.770543e-02	5.232304e-02	1.371102e-02	1.742868e-04
137           	5.828657e-03	4.709560e-02	5.640245e-02	1.335736e-02	1.674686e-04
138           	5.507203e-03	4.595744e-02	6.072488e-02	1.292402e-02	1.581756e-04
139           	5.163390e-03	4.439382e-02	6.189214e-02	1.249851e-02	1.504547e-04
140           	4.814789e-03	4.259000e-02	6.134800e-02	1.217234e-02	1.411493e-04
141           	4.510010e-03	4.065415e-02	6.086759e-02	1.195921e-02	1.326871e-04
142           	4.223794e-03	3.865671e-02	6.188541e-02	1.185277e-02	1.250083e-04
143           	3.952760e-03	3.688486e-02	6.640852e-02	1.173354e-02	1.173156e-04
144           	3.706809e-03	3.547202e-02	7.367801e-02	1.159264e-02	1.105581e-04
145           	3.486898e-03	3.423310e-02	7.586479e-02	1.142486e-02	1.045491e-04
146           	3.273899e-03	3.304834e-02	7.008752e-02	1.124586e-02	9.899718e-05
147           	3.074665e-03	3.197506e-02	5.970799e-02	1.106845e-02	9.455902e-05
148           	2.889619e-03	3.100484e-02	4.889282e-02	1.088376e-02	9.055227e-05
149           	2.715065e-03	3.005136e-02	4.005528e-02	1.066196e-02	8.890828e-05
150           	2.548698e-03	2.908685e-02	3.370075e-02	1.041947e-02	8.834291e-05
151           	2.396989e-03	2.809517e-02	2.829326e-02	1.015495e-02	8.866800e-05
152           	2.272465e-03	2.709856e-02	2.358258e-02	9.862298e-03	8.820448e-05
153           	2.171508e-03	2.608331e-02	1.962696e-02	9.560310e-03	8.781261e-05
154           	2.091447e-03	2.500598e-02	1.638500e-02	9.239611e-03	8.659493e-05
155           	2.026076e-03	2.393878e-02	1.384200e-02	8.912415e-03	8.522224e-05
156           	1.974905e-03	2.289012e-02	1.193368e-02	8.578397e-03	8.356034e-05
157           	1.932218e-03	2.188092e-02	1.044925e-02	8.245672e-03	8.180342e-05
158           	1.898207e-03	2.091298e-02	9.289420e-03	7.909033e-03	7.992363e-05
159           	1.871966e-03	2.001072e-02	8.388328e-03	7.591309e-03	7.803344e-05
160           	1.850206e-03	1.914712e-02	7.587027e-03	7.271069e-03	7.621568e-05
161           	1.832042e-03	1.833890e-02	6.981179e-03	6.962303e-03	7.408676e-05
162           	1.819020e-03	1.760702e-02	6.460497e-03	6.657555e-03	7.169466e-05
163           	1.814536e-03	1.694739e-02	6.024178e-03	6.378423e-03	6.951172e-05
164           	1.816282e-03	1.634740e-02	5.745239e-03	6.115037e-03	6.759439e-05
165           	1.817883e-03	1.579111e-02	5.424652e-03	5.855843e-03	6.593786e-05
166           	1.818137e-03	1.526153e-02	5.248951e-03	5.617422e-03	6.443564e-05
167           	1.816461e-03	1.475022e-02	5.058390e-03	5.404693e-03	6.326865e-05
168           	1.812673e-03	1.425099e-02	4.893782e-03	5.205490e-03	6.195660e-05
169           	1.806234e-03	1.376600e-02	4.818302e-03	5.027650e-03	6.085680e-05
170           	1.795394e-03	1.329146e-02	4.700745e-03	4.857901e-03	5.959251e-05
171           	1.779835e-03	1.282787e-02	4.645046e-03	4.706522e-03	5.841756e-05
172           	1.758700e-03	1.236767e-02	4.597096e-03	4.562196e-03	5.706108e-05
173           	1.731359e-03	1.190250e-02	4.555958e-03	4.425213e-03	5.579605e-05
174           	1.698073e-03	1.143914e-02	4.545237e-03	4.304266e-03	5.447663e-05
175           	1.657735e-03	1.098025e-02	4.624154e-03	4.187200e-03	5.316393e-05
176           	1.609888e-03	1.052953e-02	4.717133e-03	4.090547e-03	5.177654e-05
177           	1.557221e-03	1.011438e-02	4.835130e-03	4.008406e-03	5.051103e-05
178           	1.499633e-03	9.761402e-03	5.014675e-03	3.948598e-03	4.920645e-05
179           	1.443064e-03	9.499304e-03	5.262448e-03	3.911863e-03	4.787937e-05
180           	1.387161e-03	9.382772e-03	5.550246e-03	3.896849e-03	4.668652e-05
181           	1.340438e-03	9.503109e-03	5.869160e-03	3.913713e-03	4.548311e-05
182           	1.315877e-03	9.927629e-03	6.266290e-03	3.958460e-03	4.435935e-05
183           	1.325062e-03	1.067499e-02	6.735403e-03	4.024564e-03	4.341543e-05
184           	1.352151e-03	1.165888e-02	7.286704e-03	4.106992e-03	4.258887e-05
185           	1.395340e-03	1.283154e-02	7.906508e-03	4.207633e-03	4.177814e-05
186           	1.441612e-03	1.417257e-02	8.628549e-03	4.298529e-03	4.117858e-05
187           	1.486736e-03	1.554696e-02	9.435417e-03	4.390792e-03	4.054778e-05
188           	1.526013e-03	1.689316e-02	1.026519e-02	4.474932e-03	3.994680e-05
189           	1.555686e-03	1.815535e-02	1.096010e-02	4.535707e-03	3.936964e-05
190           	1.575009e-03	1.928248e-02	1.143315e-02	4.577986e-03	3.870099e-05
191           	1.588852e-03	2.023230e-02	1.181790e-02	4.589582e-03	3.789956e-05
192           	1.595480e-03	2.094697e-02	1.215896e-02	4.576440e-03	3.680098e-05
193           	1.593092e-03	2.135770e-02	1.237964e-02	4.521281e-03	3.546857e-05
194           	1.580523e-03	2.138891e-02	1.241425e-02	4.443888e-03	3.405056e-05
195           	1.557481e-03	2.097465e-02	1.216486e-02	4.331053e-03	3.268952e-05
196           	1.521859e-03	2.003135e-02	1.166009e-02	4.198838e-03	3.094130e-05
197           	1.468874e-03	1.859367e-02	1.055115e-02	4.058819e-03	2.919261e-05
198           	1.398692e-03	1.674285e-02	9.868562e-03	3.908026e-03	2.749411e-05
199           	1.315043e-03	1.475016e-02	9.416200e-03	3.756191e-03	2.586852e-05
200           	1.223806e-03	1.278947e-02	8.969880e-03	3.594675e-03	2.450174e-05
201           	1.133245e-03	1.100820e-02	8.431987e-03	3.416307e-03	2.319746e-05
202           	1.046726e-03	9.479622e-03	7.751204e-03	3.236450e-03	2.194782e-05
203           	9.655022e-04	8.233080e-03	6.884509e-03	3.052698e-03	2.088897e-05
204           	8.920996e-04	7.301216e-03	5.984393e-03	2.865864e-03	1.992450e-05
205           	8.305007e-04	6.661083e-03	5.102591e-03	2.677309e-03	1.908553e-05
206           	7.795428e-04	6.297467e-03	4.286829e-03	2.500846e-03	1.830716e-05
207           	7.389111e-04	6.093958e-03	3.610535e-03	2.332242e-03	1.765044e-05
208           	7.039978e-04	5.968223e-03	3.088305e-03	2.183272e-03	1.700350e-05
209           	6.704161e-04	5.859866e-03	2.721275e-03	2.049044e-03	1.641696e-05
210           	6.395787e-04	5.743926e-03	2.444485e-03	1.930406e-03	1.585223e-05
211           	6.116614e-04	5.600049e-03	2.222246e-03	1.830398e-03	1.539502e-05
212           	5.863201e-04	5.418612e-03	2.033147e-03	1.751903e-03	1.501458e-05
213           	5.644954e-04	5.212758e-03	1.851971e-03	1.686144e-03	1.471378e-05
214           	5.449659e-04	4.987314e-03	1.686698e-03	1.637430e-03	1.445351e-05
215           	5.275045e-04	4.748162e-03	1.553569e-03	1.599380e-03	1.419728e-05
216           	5.116569e-04	4.501330e-03	1.453914e-03	1.566366e-03	1.395661e-05
217           	4.977559e-04	4.257473e-03	1.380023e-03	1.537572e-03	1.369363e-05
218           	4.857041e-04	4.019599e-03	1.322171e-03	1.508932e-03	1.342964e-05
219           	4.757988e-04	3.791515e-03	1.278372e-03	1.481675e-03	1.318574e-05
220           	4.677880e-04	3.574610e-03	1.246076e-03	1.455301e-03	1.294570e-05
221           	4.618999e-04	3.376239e-03	1.221674e-03	1.430779e-03	1.270033e-05
222           	4.576099e-04	3.194927e-03	1.199782e-03	1.408377e-03	1.245840e-05
223           	4.551012e-04	3.030676e-03	1.182822e-03	1.387792e-03	1.222378e-05
224           	4.537764e-04	2.882094e-03	1.171034e-03	1.369529e-03	1.200103e-05
225           	4.525890e-04	2.747874e-03	1.160874e-03	1.353491e-03	1.178885e-05
226           	4.512274e-04	2.627025e-03	1.155021e-03	1.339662e-03	1.158940e-05
227           	4.497432e-04	2.518504e-03	1.151674e-03	1.327931e-03	1.139732e-05
228           	4.478757e-04	2.423949e-03	1.149642e-03	1.317764e-03	1.121274e-05
229           	4.454748e-04	2.341148e-03	1.148461e-03	1.308626e-03	1.103557e-05
230           	4.426886e-04	2.268838e-03	1.150523e-03	1.299754e-03	1.086986e-05
231           	4.395138e-04	2.206548e-03	1.155660e-03	1.290909e-03	1.071443e-05
232           	4.359527e-04	2.153550e-03	1.161028e-03	1.282234e-03	1.057343e-05
233           	4.318612e-04	2.109988e-03	1.168207e-03	1.273717e-03	1.044152e-05
234           	4.273139e-04	2.075942e-03	1.177109e-03	1.265470e-03	1.031916e-05
235           	4.223434e-04	2.052365e-03	1.184662e-03	1.257453e-03	1.021074e-05
236           	4.169009e-04	2.040507e-03	1.192991e-03	1.249736e-03	1.009892e-05
237           	4.111034e-04	2.032337e-03	1.201727e-03	1.242471e-03	9.993421e-06
238           	4.051828e-04	2.018724e-03	1.208200e-03	1.235481e-03	9.896430e-06
239           	3.990201e-04	1.999257e-03	1.211378e-03	1.228813e-03	9.801481e-06
240           	3.925033e-04	1.972998e-03	1.216039e-03	1.222482e-03	9.722333e-06
241           	3.856472e-04	1.938709e-03	1.217274e-03	1.216508e-03	9.634896e-06
242           	3.785773e-04	1.897886e-03	1.217811e-03	1.210842e-03	9.551070e-06
243           	3.712532e-04	1.850444e-03	1.213334e-03	1.204870e-03	9.466923e-06
244           	3.637742e-04	1.797476e-03	1.206368e-03	1.198571e-03	9.376697e-06
245           	3.561690e-04	1.739828e-03	1.196501e-03	1.191742e-03	9.284947e-06
246           	3.484727e-04	1.678558e-03	1.182409e-03	1.184102e-03	9.185926e-06
247           	3.407659e-04	1.615295e-03	1.165395e-03	1.175525e-03	9.088710e-06
248           	3.330664e-04	1.552802e-03	1.149291e-03	1.166268e-03	8.986734e-06
249           	3.253915e-04	1.494053e-03	1.131018e-03	1.156155e-03	8.888268e-06
250           	3.178282e-04	1.439903e-03	1.112314e-03	1.145231e-03	8.782078e-06
251           	3.103601e-04	1.390305e-03	1.092807e-03	1.133364e-03	8.677764e-06
252           	3.030189e-04	1.347091e-03	1.072971e-03	1.120675e-03	8.572647e-06
253           	2.957748e-04	1.305848e-03	1.055684e-03	1.107343e-03	8.460643e-06
254           	2.886652e-04	1.265760e-03	1.043908e-03	1.093622e-03	8.348224e-06
255           	2.816754e-04	1.229056e-03	1.031927e-03	1.079572e-03	8.239868e-06
256           	2.748032e-04	1.196170e-03	1.020827e-03	1.065256e-03	8.134486e-06
257           	2.681008e-04	1.168195e-03	1.011342e-03	1.050564e-03	8.027471e-06
258           	2.615238e-04	1.142355e-03	1.003171e-03	1.035674e-03	7.917028e-06
259           	2.550744e-04	1.119506e-03	9.962849e-04	1.020583e-03	7.807495e-06
260           	2.487602e-04	1.097308e-03	9.909264e-04	1.005346e-03	7.704794e-06
261           	2.425934e-04	1.077727e-03	9.844086e-04	9.899029e-04	7.603165e-06
262           	2.365719e-04	1.059027e-03	9.759307e-04	9.743996e-04	7.502701e-06
263           	2.306535e-04	1.042980e-03	9.687709e-04	9.589341e-04	7.400896e-06
264           	2.248620e-04	1.028313e-03	9.622874e-04	9.433366e-04	7.304291e-06
265           	2.191850e-04	1.016864e-03	9.539562e-04	9.277118e-04	7.208367e-06
266           	2.135940e-04	1.007027e-03	9.389915e-04	9.120342e-04	7.108544e-06
267           	2.081094e-04	9.989523e-04	9.222653e-04	8.963802e-04	7.015856e-06
268           	2.027011e-04	9.928455e-04	9.090986e-04	8.808560e-04	6.917872e-06
269           	1.974052e-04	9.881320e-04	8.971389e-04	8.652622e-04	6.826714e-06
270           	1.921663e-04	9.846764e-04	8.834057e-04	8.497490e-04	6.729161e-06
271           	1.870182e-04	9.815441e-04	8.674142e-04	8.342175e-04	6.637176e-06
272           	1.818935e-04	9.783551e-04	8.528590e-04	8.187174e-04	6.546650e-06
273           	1.768025e-04	9.752791e-04	8.401129e-04	8.032499e-04	6.459169e-06
274           	1.717671e-04	9.718225e-04	8.287591e-04	7.878328e-04	6.372254e-06
275           	1.667773e-04	9.676742e-04	8.184090e-04	7.724589e-04	6.288142e-06
276           	1.618083e-04	9.627528e-04	8.069585e-04	7.571158e-04	6.203622e-06
277           	1.568694e-04	9.567019e-04	7.969564e-04	7.417930e-04	6.122890e-06
278           	1.519695e-04	9.496271e-04	7.855942e-04	7.265410e-04	6.043033e-06
279           	1.472088e-04	9.413651e-04	7.724129e-04	7.113626e-04	5.963283e-06
280           	1.425470e-04	9.322172e-04	7.622045e-04	6.962474e-04	5.884994e-06
281           	1.379920e-04	9.222941e-04	7.529417e-04	6.812376e-04	5.808920e-06
282           	1.335943e-04	9.118288e-04	7.415200e-04	6.663757e-04	5.733038e-06
283           	1.293510e-04	9.014889e-04	7.305692e-04	6.515808e-04	5.661797e-06
284           	1.252734e-04	8.913180e-04	7.218612e-04	6.368742e-04	5.587102e-06
285           	1.214257e-04	8.821530e-04	7.129687e-04	6.222670e-04	5.518227e-06
286           	1.178435e-04	8.745894e-04	7.038407e-04	6.077170e-04	5.448303e-06
287           	1.145876e-04	8.691733e-04	6.958103e-04	5.932769e-04	5.382307e-06
288           	1.117386e-04	8.672563e-04	6.892327e-04	5.789305e-04	5.312611e-06
289           	1.093429e-04	8.692054e-04	6.833343e-04	5.646513e-04	5.246883e-06
290           	1.074400e-04	8.746261e-04	6.777972e-04	5.504491e-04	5.182578e-06
291           	1.059816e-04	8.824245e-04	6.710690e-04	5.363425e-04	5.117772e-06
292           	1.049462e-04	8.926982e-04	6.668243e-04	5.223146e-04	5.056084e-06
293           	1.043071e-04	9.055039e-04	6.646030e-04	5.083725e-04	4.992583e-06
294           	1.040933e-04	9.205637e-04	6.643174e-04	4.944433e-04	4.933482e-06
295           	1.043507e-04	9.380037e-04	6.604973e-04	4.805619e-04	4.875488e-06
296           	1.050622e-04	9.582129e-04	6.561314e-04	4.668797e-04	4.818245e-06
297           	1.062328e-04	9.811496e-04	6.533024e-04	4.533661e-04	4.763879e-06
298           	1.078385e-04	1.006614e-03	6.564279e-04	4.401206e-04	4.707000e-06
299           	1.098753e-04	1.034242e-03	6.585697e-04	4.272571e-04	4.657492e-06
300           	1.123435e-04	1.064248e-03	6.598661e-04	4.148263e-04	4.609986e-06
301           	1.152970e-04	1.096328e-03	6.608728e-04	4.027917e-04	4.563865e-06
302           	1.186849e-04	1.130947e-03	6.639715e-04	3.910906e-04	4.519098e-06
303           	1.224426e-04	1.167340e-03	6.688331e-04	3.796092e-04	4.474370e-06
304           	1.265497e-04	1.205644e-03	6.768661e-04	3.683359e-04	4.436562e-06
305           	1.309444e-04	1.245809e-03	6.812637e-04	3.572628e-04	4.400662e-06
306           	1.355803e-04	1.287610e-03	6.875255e-04	3.463976e-04	4.365409e-06
307           	1.404539e-04	1.331283e-03	6.971882e-04	3.358719e-04	4.334134e-06
308           	1.455811e-04	1.376406e-03	7.082899e-04	3.257136e-04	4.311107e-06
309           	1.509504e-04	1.422809e-03	7.185841e-04	3.160458e-04	4.288666e-06
310           	1.565259e-04	1.470474e-03	7.248951e-04	3.072983e-04	4.272636e-06
311           	1.623006e-04	1.518424e-03	7.367682e-04	2.994299e-04	4.265086e-06
312           	1.682447e-04	1.567106e-03	7.538185e-04	2.930028e-04	4.258867e-06
313           	1.743742e-04	1.615922e-03	7.709565e-04	2.877674e-04	4.253885e-06
314           	1.806464e-04	1.665151e-03	7.869038e-04	2.844904e-04	4.255612e-06
315           	1.870457e-04	1.714595e-03	8.039507e-04	2.828829e-04	4.267216e-06
316           	1.935531e-04	1.764826e-03	8.260956e-04	2.834336e-04	4.269990e-06
317           	2.001929e-04	1.815298e-03	8.454110e-04	2.855343e-04	4.281913e-06
318           	2.069455e-04	1.865735e-03	8.688826e-04	2.890167e-04	4.322320e-06
319           	2.138015e-04	1.916004e-03	8.973664e-04	2.938704e-04	4.333577e-06
320           	2.206708e-04	1.965804e-03	9.177345e-04	3.002515e-04	4.365782e-06
321           	2.276383e-04	2.015078e-03	9.442190e-04	3.080170e-04	4.402099e-06
322           	2.346529e-04	2.064539e-03	9.754096e-04	3.172728e-04	4.445371e-06
323           	2.417185e-04	2.113589e-03	1.005247e-03	3.278320e-04	4.501399e-06
324           	2.488089e-04	2.161808e-03	1.034937e-03	3.390388e-04	4.549065e-06
325           	2.558763e-04	2.209327e-03	1.066695e-03	3.508569e-04	4.599828e-06
326           	2.628711e-04	2.256002e-03	1.099707e-03	3.633583e-04	4.667810e-06
327           	2.697551e-04	2.301186e-03	1.132026e-03	3.760499e-04	4.741287e-06
328           	2.765337e-04	2.345756e-03	1.162235e-03	3.889602e-04	4.819253e-06
329           	2.832243e-04	2.387793e-03	1.190189e-03	4.020461e-04	4.894797e-06
330           	2.897214e-04	2.428990e-03	1.220642e-03	4.154299e-04	4.991744e-06
331           	2.961020e-04	2.468060e-03	1.249114e-03	4.290704e-04	5.085077e-06
332           	3.022190e-04	2.504917e-03	1.279915e-03	4.427393e-04	5.173949e-06
333           	3.080740e-04	2.540173e-03	1.310684e-03	4.565137e-04	5.287215e-06
334           	3.137490e-04	2.573671e-03	1.335631e-03	4.704871e-04	5.372056e-06
335           	3.191364e-04	2.604053e-03	1.367965e-03	4.845212e-04	5.496472e-06
336           	3.242334e-04	2.632308e-03	1.394686e-03	4.988047e-04	5.602883e-06
337           	3.289275e-04	2.658153e-03	1.420117e-03	5.130119e-04	5.727994e-06
338           	3.332512e-04	2.681495e-03	1.447302e-03	5.275033e-04	5.868961e-06
339           	3.372127e-04	2.701825e-03	1.473769e-03	5.420339e-04	6.024036e-06
340           	3.406781e-04	2.719923e-03	1.498404e-03	5.572186e-04	6.198680e-06
341           	3.438363e-04	2.734163e-03	1.525291e-03	5.729700e-04	6.350761e-06
342           	3.464165e-04	2.747890e-03	1.554096e-03	5.888725e-04	6.545225e-06
343           	3.484453e-04	2.758771e-03	1.588698e-03	6.048357e-04	6.714179e-06
344           	3.499760e-04	2.769143e-03	1.622026e-03	6.209132e-04	6.933989e-06
345           	3.509914e-04	2.777671e-03	1.662634e-03	6.366970e-04	7.096649e-06
346           	3.512960e-04	2.784703e-03	1.706688e-03	6.523606e-04	7.351078e-06
347           	3.509690e-04	2.788778e-03	1.755161e-03	6.675776e-04	7.553644e-06
348           	3.500511e-04	2.792970e-03	1.806019e-03	6.826078e-04	7.817544e-06
349           	3.486314e-04	2.795730e-03	1.869580e-03	6.969844e-04	8.072150e-06
350           	3.470108e-04	2.797789e-03	1.943196e-03	7.106120e-04	8.355835e-06
351           	3.450558e-04	2.798203e-03	2.031494e-03	7.239909e-04	8.742475e-06
352           	3.428920e-04	2.797037e-03	2.127093e-03	7.367263e-04	9.068145e-06
353           	3.402120e-04	2.793350e-03	2.249400e-03	7.489061e-04	9.488443e-06
354           	3.370834e-04	2.786071e-03	2.367832e-03	7.606339e-04	9.962236e-06
355           	3.334272e-04	2.775142e-03	2.504988e-03	7.722332e-04	1.043758e-05
356           	3.288915e-04	2.759335e-03	2.674026e-03	7.829956e-04	1.092101e-05
357           	3.235999e-04	2.735094e-03	2.863997e-03	7.923757e-04	1.147000e-05
358           	3.181058e-04	2.704626e-03	3.095832e-03	8.014065e-04	1.210952e-05
359           	3.120960e-04	2.669847e-03	3.355860e-03	8.099921e-04	1.265454e-05
360           	3.068618e-04	2.634081e-03	3.634149e-03	8.172849e-04	1.313536e-05
361           	3.052042e-04	2.602740e-03	3.979631e-03	8.234425e-04	1.372122e-05
362           	3.074441e-04	2.589539e-03	4.354306e-03	8.284264e-04	1.433184e-05
363           	3.172891e-04	2.633411e-03	4.789000e-03	8.333619e-04	1.491468e-05
364           	3.456908e-04	2.821395e-03	5.207542e-03	8.416522e-04	1.543546e-05
365           	3.968746e-04	3.216545e-03	5.713147e-03	8.530683e-04	1.578265e-05
366           	4.585555e-04	3.770505e-03	6.193869e-03	8.681653e-04	1.633238e-05
367           	5.296535e-04	4.475853e-03	6.679200e-03	8.867607e-04	1.685061e-05
368           	6.062223e-04	5.312747e-03	7.146975e-03	9.077254e-04	1.670482e-05
369           	6.875617e-04	6.265778e-03	7.552419e-03	9.287666e-04	1.658853e-05
370           	7.700909e-04	7.314543e-03	7.793261e-03	9.515313e-04	1.615840e-05
371           	8.491332e-04	8.403560e-03	7.880461e-03	9.753005e-04	1.553383e-05
372           	9.198236e-04	9.441554e-03	7.612103e-03	1.001716e-03	1.482485e-05
373           	9.819752e-04	1.029994e-02	7.160303e-03	1.035836e-03	1.363425e-05
374           	1.037512e-03	1.087568e-02	6.610172e-03	1.074786e-03	1.232532e-05
375           	1.073134e-03	1.103614e-02	5.761587e-03	1.110680e-03	1.098507e-05
376           	1.076600e-03	1.067633e-02	4.760688e-03	1.124952e-03	9.897731e-06
377           	1.049892e-03	9.863357e-03	4.040763e-03	1.121229e-03	8.996871e-06
378           	1.000359e-03	8.874387e-03	3.303190e-03	1.106006e-03	8.321887e-06
379           	9.356195e-04	7.976338e-03	2.804574e-03	1.084748e-03	7.864421e-06
380           	8.664722e-04	7.417541e-03	3.059072e-03	1.056732e-03	7.449719e-06
381           	8.050508e-04	6.456200e-03	2.154917e-03	1.025694e-03	7.211871e-06
382           	7.430796e-04	5.958774e-03	2.342188e-03	9.909499e-04	6.834071e-06
383           	6.899822e-04	5.176521e-03	1.816075e-03	9.567804e-04	6.656917e-06
384           	6.394169e-04	4.753344e-03	1.851200e-03	9.217909e-04	6.320278e-06
385           	5.973447e-04	4.136268e-03	1.365472e-03	8.888789e-04	6.028516e-06
386           	5.584652e-04	3.665066e-03	1.251905e-03	8.585600e-04	5.725731e-06
387           	5.248154e-04	3.260557e-03	1.187626e-03	8.316313e-04	5.503601e-06
388           	4.962661e-04	2.915152e-03	1.139218e-03	8.079166e-04	5.293738e-06
389           	4.723023e-04	2.622056e-03	1.106166e-03	7.871937e-04	5.117942e-06
390           	4.522173e-04	2.377357e-03	1.068627e-03	7.692764e-04	4.947572e-06
391           	4.354185e-04	2.174745e-03	1.029191e-03	7.536594e-04	4.789236e-06
392           	4.214056e-04	2.009750e-03	9.916930e-04	7.405889e-04	4.647727e-06
393           	4.096810e-04	1.875053e-03	9.523450e-04	7.297270e-04	4.523412e-06
394           	3.999387e-04	1.766846e-03	9.093687e-04	7.205899e-04	4.416729e-06
395           	3.918321e-04	1.677097e-03	8.690753e-04	7.127075e-04	4.326476e-06
396           	3.849951e-04	1.605162e-03	8.290552e-04	7.062238e-04	4.247227e-06
397           	3.791560e-04	1.546378e-03	8.021093e-04	7.009250e-04	4.175326e-06
398           	3.740782e-04	1.497153e-03	7.970689e-04	6.966060e-04	4.116410e-06
399           	3.695038e-04	1.456068e-03	7.964913e-04	6.932767e-04	4.062239e-06
400           	3.653378e-04	1.423115e-03	7.892666e-04	6.907722e-04	4.014964e-06
401           	3.613989e-04	1.395635e-03	7.770403e-04	6.891791e-04	3.970507e-06
402           	3.575561e-04	1.372865e-03	7.569260e-04	6.882024e-04	3.932197e-06
403           	3.536895e-04	1.353429e-03	7.369027e-04	6.877448e-04	3.897308e-06
404           	3.497276e-04	1.336277e-03	7.262352e-04	6.877055e-04	3.865293e-06
405           	3.456697e-04	1.321640e-03	7.296990e-04	6.879886e-04	3.836550e-06
406           	3.414190e-04	1.306927e-03	7.373611e-04	6.885029e-04	3.805740e-06
407           	3.370229e-04	1.292494e-03	7.358804e-04	6.891462e-04	3.781292e-06
408           	3.324750e-04	1.277953e-03	7.290760e-04	6.898874e-04	3.755857e-06
409           	3.277651e-04	1.262832e-03	7.202258e-04	6.908183e-04	3.732831e-06
410           	3.229164e-04	1.247909e-03	7.095296e-04	6.919731e-04	3.706764e-06
411           	3.179055e-04	1.232314e-03	7.037127e-04	6.931630e-04	3.682338e-06
412           	3.127497e-04	1.216329e-03	6.938301e-04	6.942511e-04	3.656347e-06
413           	3.074910e-04	1.200597e-03	6.805832e-04	6.951420e-04	3.627480e-06
414           	3.021244e-04	1.184434e-03	6.702651e-04	6.958429e-04	3.605212e-06
415           	2.967009e-04	1.168267e-03	6.720783e-04	6.962703e-04	3.586803e-06
416           	2.912224e-04	1.151830e-03	6.810708e-04	6.965653e-04	3.572882e-06
417           	2.857225e-04	1.135073e-03	6.960919e-04	6.966179e-04	3.566289e-06
418           	2.802111e-04	1.117854e-03	7.213479e-04	6.964419e-04	3.562278e-06
419           	2.747416e-04	1.100954e-03	7.704495e-04	6.960029e-04	3.566419e-06
420           	2.693530e-04	1.083990e-03	8.442903e-04	6.952762e-04	3.570100e-06
421           	2.641019e-04	1.067024e-03	9.449572e-04	6.943620e-04	3.580914e-06
422           	2.590792e-04	1.050866e-03	1.070572e-03	6.933233e-04	3.578740e-06
423           	2.543439e-04	1.035595e-03	1.218324e-03	6.922131e-04	3.570581e-06
424           	2.499910e-04	1.021511e-03	1.386220e-03	6.909736e-04	3.559208e-06
425           	2.461431e-04	1.011477e-03	1.567850e-03	6.897090e-04	3.523040e-06
426           	2.430141e-04	1.010288e-03	1.763889e-03	6.884991e-04	3.502976e-06
427           	2.404984e-04	1.018422e-03	1.974406e-03	6.875344e-04	3.449865e-06
428           	2.389984e-04	1.038682e-03	2.205348e-03	6.867789e-04	3.405958e-06
429           	2.383450e-04	1.067387e-03	2.529465e-03	6.862513e-04	3.428665e-06
430           	2.389996e-04	1.106469e-03	2.738987e-03	6.859285e-04	3.454999e-06
431           	2.405243e-04	1.151744e-03	2.850096e-03	6.858581e-04	3.463583e-06
432           	2.424610e-04	1.195709e-03	2.988172e-03	6.858565e-04	3.449657e-06
433           	2.448039e-04	1.239491e-03	2.959943e-03	6.857361e-04	3.398933e-06
434           	2.474537e-04	1.275381e-03	2.884444e-03	6.857093e-04	3.335264e-06
435           	2.500718e-04	1.312510e-03	2.801331e-03	6.855876e-04	3.256004e-06
436           	2.528537e-04	1.345232e-03	2.649275e-03	6.849955e-04	3.178890e-06
437           	2.560800e-04	1.374307e-03	2.238308e-03	6.841695e-04	3.140407e-06
438           	2.591597e-04	1.394620e-03	2.573530e-03	6.830332e-04	3.096943e-06
439           	2.614029e-04	1.404098e-03	2.311802e-03	6.809560e-04	3.041688e-06
440           	2.619384e-04	1.395933e-03	1.669665e-03	6.782819e-04	2.975131e-06
441           	2.607937e-04	1.367101e-03	1.359930e-03	6.751499e-04	2.906637e-06
442           	2.583417e-04	1.323474e-03	1.174835e-03	6.715913e-04	2.862666e-06
443           	2.550292e-04	1.273887e-03	1.013860e-03	6.673784e-04	2.831047e-06
444           	2.509630e-04	1.220498e-03	9.306973e-04	6.626752e-04	2.800731e-06
445           	2.464894e-04	1.168179e-03	8.604351e-04	6.575147e-04	2.769681e-06
446           	2.418263e-04	1.118095e-03	7.988014e-04	6.519349e-04	2.741050e-06
447           	2.370892e-04	1.070671e-03	7.604629e-04	6.460010e-04	2.717641e-06
448           	2.324182e-04	1.026358e-03	7.453557e-04	6.397946e-04	2.692326e-06
449           	2.278406e-04	9.842841e-04	7.330004e-04	6.333392e-04	2.669116e-06
450           	2.234578e-04	9.454433e-04	7.155317e-04	6.266608e-04	2.645446e-06
451           	2.192218e-04	9.088410e-04	6.930082e-04	6.197933e-04	2.621684e-06
452           	2.151240e-04	8.745614e-04	6.668106e-04	6.127538e-04	2.597757e-06
453           	2.111632e-04	8.422524e-04	6.379555e-04	6.056077e-04	2.573771e-06
454           	2.073719e-04	8.121257e-04	6.198524e-04	5.983771e-04	2.552317e-06
455           	2.037451e-04	7.837968e-04	6.119286e-04	5.910922e-04	2.532365e-06
456           	2.003031e-04	7.569566e-04	6.100600e-04	5.837980e-04	2.512817e-06
457           	1.970691e-04	7.318252e-04	6.162671e-04	5.765571e-04	2.491941e-06
458           	1.940475e-04	7.083554e-04	6.341903e-04	5.693578e-04	2.470751e-06
459           	1.912524e-04	6.869742e-04	6.638589e-04	5.622103e-04	2.451025e-06
460           	1.886773e-04	6.679945e-04	6.941628e-04	5.551553e-04	2.431627e-06
461           	1.863629e-04	6.533313e-04	7.158139e-04	5.482146e-04	2.412977e-06
462           	1.842775e-04	6.415110e-04	7.262477e-04	5.413991e-04	2.395855e-06
463           	1.824483e-04	6.329280e-04	7.306084e-04	5.347447e-04	2.377196e-06
464           	1.808506e-04	6.268490e-04	7.471890e-04	5.282715e-04	2.362233e-06
465           	1.794580e-04	6.224646e-04	7.642846e-04	5.219679e-04	2.348238e-06
466           	1.782268e-04	6.190723e-04	7.231089e-04	5.158126e-04	2.334434e-06
467           	1.770965e-04	6.161779e-04	6.399578e-04	5.098066e-04	2.321021e-06
468           	1.760023e-04	6.122547e-04	5.732869e-04	5.039237e-04	2.308501e-06
469           	1.748742e-04	6.072787e-04	5.383685e-04	4.981452e-04	2.293843e-06
470           	1.736632e-04	6.006135e-04	5.203901e-04	4.924506e-04	2.278413e-06
471           	1.723820e-04	5.930018e-04	5.087312e-04	4.868180e-04	2.261942e-06
472           	1.709875e-04	5.842345e-04	4.923474e-04	4.812690e-04	2.245447e-06
473           	1.695322e-04	5.750223e-04	4.767171e-04	4.757866e-04	2.227606e-06
474           	1.680364e-04	5.656902e-04	4.592716e-04	4.703614e-04	2.211957e-06
475           	1.664953e-04	5.562674e-04	4.433571e-04	4.649694e-04	2.195997e-06
476           	1.649239e-04	5.467898e-04	4.265041e-04	4.596494e-04	2.180794e-06
477           	1.633456e-04	5.375526e-04	4.123113e-04	4.543738e-04	2.165216e-06
478           	1.617756e-04	5.286472e-04	3.993425e-04	4.491280e-04	2.149277e-06
479           	1.602131e-04	5.199239e-04	3.879245e-04	4.439383e-04	2.133918e-06
480           	1.586730e-04	5.116442e-04	3.779907e-04	4.388254e-04	2.119533e-06
481           	1.571619e-04	5.038636e-04	3.699792e-04	4.337809e-04	2.105084e-06
482           	1.556631e-04	4.962184e-04	3.641040e-04	4.288077e-04	2.090856e-06
483           	1.542059e-04	4.891717e-04	3.593128e-04	4.239086e-04	2.077665e-06
484           	1.527820e-04	4.825783e-04	3.555531e-04	4.190705e-04	2.064911e-06
485           	1.513734e-04	4.760648e-04	3.505909e-04	4.143028e-04	2.052870e-06
486           	1.500123e-04	4.702036e-04	3.449549e-04	4.096350e-04	2.041299e-06
487           	1.486611e-04	4.643699e-04	3.414283e-04	4.050677e-04	2.030705e-06
488           	1.473625e-04	4.592226e-04	3.395082e-04	4.005868e-04	2.020422e-06
489           	1.460681e-04	4.539989e-04	3.381055e-04	3.961864e-04	2.011082e-06
490           	1.448100e-04	4.491529e-04	3.358369e-04	3.918805e-04	2.002150e-06
491           	1.435722e-04	4.444551e-04	3.331013e-04	3.877075e-04	1.993467e-06
492           	1.423585e-04	4.399245e-04	3.297322e-04	3.836531e-04	1.985627e-06
493           	1.411635e-04	4.355166e-04	3.269318e-04	3.796839e-04	1.978381e-06
494           	1.399866e-04	4.312146e-04	3.244229e-04	3.757740e-04	1.971435e-06
495           	1.388249e-04	4.269147e-04	3.216088e-04	3.719066e-04	1.964233e-06
496           	1.376795e-04	4.226542e-04	3.181698e-04	3.680694e-04	1.956567e-06
497           	1.365553e-04	4.185533e-04	3.149776e-04	3.642859e-04	1.948653e-06
498           	1.354409e-04	4.144134e-04	3.128408e-04	3.605496e-04	1.940819e-06
499           	1.343454e-04	4.103218e-04	3.103904e-04	3.568628e-04	1.933790e-06
500           	1.332637e-04	4.063227e-04	3.077557e-04	3.532207e-04	1.927123e-06
501           	1.321892e-04	4.022214e-04	3.048090e-04	3.496146e-04	1.919299e-06
502           	1.311292e-04	3.981665e-04	3.019562e-04	3.460533e-04	1.911201e-06
503           	1.300899e-04	3.942842e-04	2.986851e-04	3.425375e-04	1.903080e-06
504           	1.290526e-04	3.902759e-04	2.956361e-04	3.390558e-04	1.895333e-06
505           	1.280335e-04	3.864050e-04	2.925269e-04	3.356059e-04	1.887835e-06
506           	1.270260e-04	3.826198e-04	2.893981e-04	3.321736e-04	1.880095e-06
507           	1.260296e-04	3.789130e-04	2.864262e-04	3.287808e-04	1.872113e-06
508           	1.250440e-04	3.753023e-04	2.835985e-04	3.254386e-04	1.864171e-06
509           	1.240691e-04	3.718115e-04	2.804176e-04	3.221441e-04	1.856670e-06
510           	1.231048e-04	3.684293e-04	2.774319e-04	3.188878e-04	1.849222e-06
511           	1.221508e-04	3.651894e-04	2.749207e-04	3.156690e-04	1.841589e-06
512           	1.212067e-04	3.620780e-04	2.718539e-04	3.124925e-04	1.833387e-06
513           	1.202736e-04	3.591130e-04	2.691682e-04	3.093686e-04	1.825332e-06
514           	1.193464e-04	3.562429e-04	2.659498e-04	3.062829e-04	1.817645e-06
515           	1.184332e-04	3.535324e-04	2.630228e-04	3.032357e-04	1.810151e-06
516           	1.175258e-04	3.509075e-04	2.589452e-04	3.002267e-04	1.802563e-06
517           	1.166275e-04	3.483763e-04	2.548140e-04	2.972424e-04	1.794108e-06
518           	1.157381e-04	3.459238e-04	2.511718e-04	2.942961e-04	1.785526e-06
519           	1.148542e-04	3.435068e-04	2.472651e-04	2.913896e-04	1.777760e-06
520           	1.139775e-04	3.411291e-04	2.424886e-04	2.885176e-04	1.770504e-06
521           	1.131070e-04	3.387753e-04	2.381005e-04	2.856776e-04	1.762852e-06
522           	1.122418e-04	3.364053e-04	2.338402e-04	2.828672e-04	1.754776e-06
523           	1.113813e-04	3.340133e-04	2.298154e-04	2.800836e-04	1.747664e-06
524           	1.105252e-04	3.315851e-04	2.254633e-04	2.773286e-04	1.741037e-06
525           	1.096727e-04	3.291156e-04	2.213045e-04	2.746132e-04	1.734063e-06
526           	1.088210e-04	3.265649e-04	2.173042e-04	2.719274e-04	1.727163e-06
527           	1.079753e-04	3.240427e-04	2.134315e-04	2.692672e-04	1.720428e-06
528           	1.071315e-04	3.214567e-04	2.092765e-04	2.666373e-04	1.715099e-06
529           	1.062878e-04	3.188102e-04	2.053930e-04	2.640375e-04	1.708185e-06
530           	1.054475e-04	3.161548e-04	2.014299e-04	2.614661e-04	1.702645e-06
531           	1.046109e-04	3.134937e-04	1.975698e-04	2.589237e-04	1.694780e-06
532           	1.037729e-04	3.107591e-04	1.938192e-04	2.564106e-04	1.688546e-06
533           	1.029386e-04	3.080068e-04	1.902974e-04	2.539211e-04	1.681200e-06
534           	1.021067e-04	3.052596e-04	1.867260e-04	2.514529e-04	1.670229e-06
535           	1.012771e-04	3.025066e-04	1.830920e-04	2.490053e-04	1.656695e-06
536           	1.004489e-04	2.997356e-04	1.796848e-04	2.465828e-04	1.644473e-06
537           	9.962331e-05	2.969583e-04	1.763414e-04	2.441855e-04	1.634166e-06
538           	9.879946e-05	2.941692e-04	1.730232e-04	2.418066e-04	1.624402e-06
539           	9.797805e-05	2.913602e-04	1.696448e-04	2.394427e-04	1.615135e-06
540           	9.715881e-05	2.885587e-04	1.657436e-04	2.370986e-04	1.606439e-06
541           	9.634124e-05	2.857396e-04	1.622467e-04	2.347643e-04	1.597426e-06
542           	9.552632e-05	2.829401e-04	1.588222e-04	2.324492e-04	1.587673e-06
543           	9.471326e-05	2.801355e-04	1.556532e-04	2.301497e-04	1.577346e-06
544           	9.390239e-05	2.773301e-04	1.526594e-04	2.278664e-04	1.567274e-06
545           	9.309383e-05	2.745243e-04	1.497536e-04	2.255906e-04	1.557368e-06
546           	9.228768e-05	2.717200e-04	1.469985e-04	2.233211e-04	1.547393e-06
547           	9.148391e-05	2.689189e-04	1.442789e-04	2.210690e-04	1.537389e-06
548           	9.068248e-05	2.661255e-04	1.415249e-04	2.188396e-04	1.527344e-06
549           	8.988348e-05	2.633428e-04	1.388452e-04	2.166318e-04	1.517288e-06
550           	8.908705e-05	2.605730e-04	1.361293e-04	2.144471e-04	1.507242e-06
551           	8.829477e-05	2.578412e-04	1.335682e-04	2.122827e-04	1.497151e-06
552           	8.750258e-05	2.550758e-04	1.310803e-04	2.101377e-04	1.487343e-06
553           	8.671515e-05	2.523475e-04	1.285270e-04	2.080124e-04	1.477673e-06
554           	8.593101e-05	2.496350e-04	1.261144e-04	2.059115e-04	1.468052e-06
555           	8.515109e-05	2.469474e-04	1.236292e-04	2.038314e-04	1.458212e-06
556           	8.437513e-05	2.442742e-04	1.212801e-04	2.017702e-04	1.448490e-06
557           	8.360369e-05	2.416188e-04	1.189858e-04	1.997338e-04	1.438837e-06
558           	8.283709e-05	2.389823e-04	1.167483e-04	1.977182e-04	1.429234e-06
559           	8.207547e-05	2.363671e-04	1.145791e-04	1.957140e-04	1.419661e-06
560           	8.131873e-05	2.337757e-04	1.124462e-04	1.937444e-04	1.410042e-06
561           	8.056739e-05	2.312035e-04	1.104099e-04	1.917948e-04	1.400405e-06
562           	7.982153e-05	2.286656e-04	1.084448e-04	1.898623e-04	1.390672e-06
563           	7.908058e-05	2.261498e-04	1.064715e-04	1.879471e-04	1.380889e-06
564           	7.834465e-05	2.236593e-04	1.046569e-04	1.860486e-04	1.371017e-06
565           	7.761369e-05	2.211948e-04	1.029776e-04	1.841699e-04	1.361032e-06
566           	7.688763e-05	2.187553e-04	1.012832e-04	1.823120e-04	1.351022e-06
567           	7.616640e-05	2.163416e-04	9.968815e-05	1.804757e-04	1.341018e-06
568           	7.544989e-05	2.139539e-04	9.816261e-05	1.786585e-04	1.331023e-06
569           	7.473817e-05	2.115935e-04	9.660584e-05	1.768621e-04	1.321021e-06
570           	7.403125e-05	2.092609e-04	9.509970e-05	1.750850e-04	1.310982e-06
571           	7.332924e-05	2.069560e-04	9.363559e-05	1.733343e-04	1.300912e-06
572           	7.263228e-05	2.046782e-04	9.218677e-05	1.716051e-04	1.290831e-06
573           	7.194049e-05	2.024272e-04	9.076167e-05	1.698964e-04	1.280729e-06
574           	7.125401e-05	2.002026e-04	8.939217e-05	1.682065e-04	1.270617e-06
575           	7.057278e-05	1.980038e-04	8.805636e-05	1.665366e-04	1.260496e-06
576           	6.989729e-05	1.958286e-04	8.689000e-05	1.648866e-04	1.250369e-06
577           	6.922749e-05	1.936757e-04	8.556281e-05	1.632568e-04	1.240200e-06
578           	6.856340e-05	1.915541e-04	8.426347e-05	1.616467e-04	1.230068e-06
579           	6.790473e-05	1.894523e-04	8.302632e-05	1.600561e-04	1.219957e-06
580           	6.725159e-05	1.873734e-04	8.188505e-05	1.584825e-04	1.209832e-06
581           	6.660390e-05	1.853166e-04	8.082084e-05	1.569264e-04	1.199712e-06
582           	6.596152e-05	1.832800e-04	7.980368e-05	1.553898e-04	1.189620e-06
583           	6.532430e-05	1.812680e-04	7.876087e-05	1.538714e-04	1.179515e-06
584           	6.469217e-05	1.792745e-04	7.775237e-05	1.523704e-04	1.169412e-06
585           	6.406503e-05	1.772997e-04	7.676583e-05	1.508885e-04	1.159333e-06
586           	6.344280e-05	1.753456e-04	7.578615e-05	1.494234e-04	1.149301e-06
587           	6.282539e-05	1.734122e-04	7.483976e-05	1.479775e-04	1.139230e-06
588           	6.221287e-05	1.714988e-04	7.392249e-05	1.465501e-04	1.129185e-06
589           	6.160521e-05	1.696052e-04	7.319955e-05	1.451458e-04	1.119154e-06
590           	6.100264e-05	1.677334e-04	7.262832e-05	1.437619e-04	1.109119e-06
591           	6.040510e-05	1.658833e-04	7.208066e-05	1.423966e-04	1.099124e-06
592           	5.981251e-05	1.640549e-04	7.148268e-05	1.410513e-04	1.089130e-06
593           	5.922480e-05	1.622484e-04	7.086244e-05	1.397250e-04	1.079145e-06
594           	5.864193e-05	1.604635e-04	7.023705e-05	1.384153e-04	1.069195e-06
595           	5.806370e-05	1.586986e-04	6.955933e-05	1.371247e-04	1.059267e-06
596           	5.749035e-05	1.569498e-04	6.896170e-05	1.358526e-04	1.049376e-06
597           	5.692165e-05	1.552165e-04	6.828580e-05	1.345992e-04	1.039514e-06
598           	5.635754e-05	1.534942e-04	6.759229e-05	1.333622e-04	1.029643e-06
599           	5.579809e-05	1.517913e-04	6.673130e-05	1.321420e-04	1.019814e-06
600           	5.524293e-05	1.500910e-04	6.605325e-05	1.309385e-04	1.009999e-06
601           	5.469261e-05	1.484107e-04	6.523490e-05	1.297519e-04	1.000181e-06
602           	5.414674e-05	1.467419e-04	6.443027e-05	1.285816e-04	9.904411e-07
603           	5.360545e-05	1.450871e-04	6.356099e-05	1.274265e-04	9.807609e-07
604           	5.306878e-05	1.434486e-04	6.264073e-05	1.262888e-04	9.711588e-07
605           	5.253669e-05	1.418274e-04	6.167737e-05	1.251689e-04	9.615988e-07
606           	5.200930e-05	1.402250e-04	6.074795e-05	1.240619e-04	9.520130e-07
607           	5.148659e-05	1.386425e-04	5.987413e-05	1.229691e-04	9.424984e-07
608           	5.096862e-05	1.370796e-04	5.906360e-05	1.218920e-04	9.330486e-07
609           	5.045538e-05	1.355356e-04	5.827742e-05	1.208289e-04	9.236401e-07
610           	4.994690e-05	1.340097e-04	5.754300e-05	1.197797e-04	9.142796e-07
611           	4.944310e-05	1.325007e-04	5.682889e-05	1.187454e-04	9.049785e-07
612           	4.894401e-05	1.310084e-04	5.615325e-05	1.177256e-04	8.957238e-07
613           	4.844957e-05	1.295322e-04	5.548402e-05	1.167205e-04	8.865168e-07
614           	4.795976e-05	1.280716e-04	5.486898e-05	1.157304e-04	8.773648e-07
615           	4.747463e-05	1.266264e-04	5.423792e-05	1.147563e-04	8.682658e-07
616           	4.699411e-05	1.251961e-04	5.364087e-05	1.137980e-04	8.592237e-07
617           	4.651819e-05	1.237805e-04	5.303890e-05	1.128544e-04	8.502661e-07
618           	4.604677e-05	1.223797e-04	5.245706e-05	1.119271e-04	8.413705e-07
619           	4.557990e-05	1.209921e-04	5.199069e-05	1.110144e-04	8.325125e-07
620           	4.511750e-05	1.196193e-04	5.148080e-05	1.101161e-04	8.237190e-07
621           	4.465946e-05	1.182603e-04	5.099091e-05	1.092322e-04	8.149847e-07
622           	4.420571e-05	1.169150e-04	5.052289e-05	1.083618e-04	8.063054e-07
623           	4.375619e-05	1.155817e-04	5.008218e-05	1.075048e-04	7.976978e-07
624           	4.331098e-05	1.142663e-04	4.960965e-05	1.066616e-04	7.891433e-07
625           	4.286979e-05	1.129619e-04	4.916439e-05	1.058260e-04	7.806766e-07
626           	4.243268e-05	1.116691e-04	4.869780e-05	1.050029e-04	7.722694e-07
627           	4.199966e-05	1.103878e-04	4.817154e-05	1.041932e-04	7.639100e-07
628           	4.157073e-05	1.091182e-04	4.761254e-05	1.033961e-04	7.556127e-07
629           	4.114588e-05	1.078617e-04	4.702117e-05	1.026116e-04	7.473583e-07
630           	4.072514e-05	1.066192e-04	4.640867e-05	1.018410e-04	7.391865e-07
631           	4.030855e-05	1.053909e-04	4.582020e-05	1.010834e-04	7.310990e-07
632           	3.989610e-05	1.041767e-04	4.522857e-05	1.003370e-04	7.230695e-07
633           	3.948784e-05	1.029759e-04	4.466271e-05	9.960141e-05	7.151047e-07
634           	3.908374e-05	1.017880e-04	4.411316e-05	9.887622e-05	7.072078e-07
635           	3.868382e-05	1.006127e-04	4.357827e-05	9.816147e-05	6.993849e-07
636           	3.828804e-05	9.945008e-05	4.305377e-05	9.745436e-05	6.916677e-07
637           	3.789636e-05	9.829991e-05	4.251109e-05	9.675498e-05	6.840137e-07
638           	3.750868e-05	9.716238e-05	4.198445e-05	9.606404e-05	6.764070e-07
639           	3.712500e-05	9.603756e-05	4.148488e-05	9.537914e-05	6.688596e-07
640           	3.674516e-05	9.492528e-05	4.099062e-05	9.469977e-05	6.613706e-07
641           	3.636908e-05	9.382572e-05	4.049415e-05	9.402385e-05	6.539441e-07
642           	3.599668e-05	9.273883e-05	3.999900e-05	9.335445e-05	6.465803e-07
643           	3.562786e-05	9.166437e-05	3.953322e-05	9.268992e-05	6.392781e-07
644           	3.526255e-05	9.060248e-05	3.907541e-05	9.203005e-05	6.320287e-07
645           	3.490072e-05	8.955267e-05	3.862756e-05	9.137753e-05	6.248492e-07
646           	3.454233e-05	8.851514e-05	3.819710e-05	9.073049e-05	6.177354e-07
647           	3.418737e-05	8.748968e-05	3.780485e-05	9.008811e-05	6.106743e-07
648           	3.383583e-05	8.647617e-05	3.741652e-05	8.944982e-05	6.036565e-07
649           	3.348775e-05	8.547432e-05	3.702820e-05	8.881321e-05	5.967035e-07
650           	3.314316e-05	8.448373e-05	3.663502e-05	8.817508e-05	5.898263e-07
651           	3.280205e-05	8.350347e-05	3.617897e-05	8.754358e-05	5.830132e-07
652           	3.246446e-05	8.253399e-05	3.568567e-05	8.691533e-05	5.762590e-07
653           	3.213038e-05	8.157492e-05	3.520137e-05	8.629055e-05	5.695706e-07
654           	3.179984e-05	8.062665e-05	3.470357e-05	8.566970e-05	5.629509e-07
655           	3.147279e-05	7.968882e-05	3.421436e-05	8.505250e-05	5.563912e-07
656           	3.114921e-05	7.876109e-05	3.373666e-05	8.443931e-05	5.498967e-07
657           	3.082907e-05	7.784331e-05	3.328935e-05	8.382949e-05	5.434797e-07
658           	3.051227e-05	7.693533e-05	3.285978e-05	8.322331e-05	5.371328e-07
659           	3.019879e-05	7.603681e-05	3.244535e-05	8.262033e-05	5.308438e-07
660           	2.988857e-05	7.514780e-05	3.204348e-05	8.202081e-05	5.246120e-07
661           	2.958152e-05	7.426793e-05	3.164315e-05	8.142448e-05	5.184420e-07
662           	2.927761e-05	7.339702e-05	3.125474e-05	8.083126e-05	5.123336e-07
663           	2.897676e-05	7.253522e-05	3.088858e-05	8.024085e-05	5.062862e-07
664           	2.867895e-05	7.168249e-05	3.052798e-05	7.965307e-05	5.002993e-07
665           	2.838412e-05	7.083894e-05	3.017822e-05	7.906842e-05	4.943710e-07
666           	2.809223e-05	7.000466e-05	2.983128e-05	7.848709e-05	4.885081e-07
667           	2.780330e-05	6.917981e-05	2.948624e-05	7.790923e-05	4.827137e-07
668           	2.751732e-05	6.836444e-05	2.915811e-05	7.733440e-05	4.769697e-07
669           	2.723426e-05	6.755868e-05	2.884574e-05	7.676267e-05	4.712822e-07
670           	2.695414e-05	6.676254e-05	2.853902e-05	7.619433e-05	4.656529e-07
671           	2.667697e-05	6.597609e-05	2.822146e-05	7.562983e-05	4.600890e-07
672           	2.640275e-05	6.519923e-05	2.791114e-05	7.506865e-05	4.545976e-07
673           	2.613150e-05	6.443187e-05	2.760560e-05	7.451080e-05	4.491580e-07
674           	2.586319e-05	6.367383e-05	2.730506e-05	7.395623e-05	4.438105e-07
675           	2.559783e-05	6.292506e-05	2.702855e-05	7.340493e-05	4.385079e-07
676           	2.533539e-05	6.218542e-05	2.674662e-05	7.285695e-05	4.332566e-07
677           	2.507581e-05	6.145477e-05	2.645829e-05	7.231181e-05	4.280607e-07
678           	2.481905e-05	6.073298e-05	2.617912e-05	7.176993e-05	4.229149e-07
679           	2.456503e-05	6.001993e-05	2.591127e-05	7.123139e-05	4.178444e-07
680           	2.431369e-05	5.931549e-05	2.564779e-05	7.069628e-05	4.128246e-07
681           	2.406500e-05	5.861956e-05	2.539415e-05	7.016418e-05	4.078566e-07
682           	2.381887e-05	5.793199e-05	2.514432e-05	6.963407e-05	4.029415e-07
683           	2.357528e-05	5.725254e-05	2.489694e-05	6.910677e-05	3.980791e-07
684           	2.333417e-05	5.658110e-05	2.465085e-05	6.858222e-05	3.932726e-07
685           	2.309552e-05	5.591766e-05	2.439753e-05	6.806048e-05	3.885224e-07
686           	2.285931e-05	5.526209e-05	2.414999e-05	6.754172e-05	3.838425e-07
687           	2.262555e-05	5.461430e-05	2.391343e-05	6.702649e-05	3.792647e-07
688           	2.239426e-05	5.397422e-05	2.368243e-05	6.651475e-05	3.748168e-07
689           	2.216543e-05	5.334178e-05	2.344714e-05	6.600627e-05	3.705106e-07
690           	2.193907e-05	5.271694e-05	2.321206e-05	6.550065e-05	3.663306e-07
691           	2.171521e-05	5.209959e-05	2.298524e-05	6.499853e-05	3.622686e-07
692           	2.149382e-05	5.148964e-05	2.275671e-05	6.449973e-05	3.583232e-07
693           	2.127487e-05	5.088701e-05	2.252713e-05	6.400425e-05	3.544757e-07
694           	2.105834e-05	5.029166e-05	2.230150e-05	6.351186e-05	3.507268e-07
695           	2.084419e-05	4.970352e-05	2.207841e-05	6.302251e-05	3.470836e-07
696           	2.063239e-05	4.912251e-05	2.184972e-05	6.253651e-05	3.435452e-07
697           	2.042290e-05	4.854859e-05	2.162628e-05	6.205354e-05	3.401141e-07
698           	2.021567e-05	4.798162e-05	2.140564e-05	6.157372e-05	3.367807e-07
699           	2.001067e-05	4.742151e-05	2.119202e-05	6.109687e-05	3.335450e-07
700           	1.980782e-05	4.686816e-05	2.098292e-05	6.062288e-05	3.303796e-07
701           	1.960710e-05	4.632148e-05	2.077643e-05	6.015185e-05	3.272604e-07
702           	1.940848e-05	4.578137e-05	2.056625e-05	5.968369e-05	3.241866e-07
703           	1.921192e-05	4.524774e-05	2.036189e-05	5.921854e-05	3.211542e-07
704           	1.901739e-05	4.472045e-05	2.016349e-05	5.875634e-05	3.181618e-07
705           	1.882490e-05	4.419939e-05	1.996597e-05	5.829727e-05	3.152086e-07
706           	1.863443e-05	4.368449e-05	1.977180e-05	5.784115e-05	3.122932e-07
707           	1.844597e-05	4.317568e-05	1.957461e-05	5.738781e-05	3.094128e-07
708           	1.825951e-05	4.267286e-05	1.937812e-05	5.693762e-05	3.065684e-07
709           	1.807505e-05	4.217591e-05	1.918310e-05	5.649032e-05	3.037652e-07
710           	1.789257e-05	4.168474e-05	1.899571e-05	5.604605e-05	3.010087e-07
711           	1.771208e-05	4.119937e-05	1.880897e-05	5.560485e-05	2.982859e-07
712           	1.753357e-05	4.071968e-05	1.862463e-05	5.516659e-05	2.955963e-07
713           	1.735701e-05	4.024642e-05	1.844098e-05	5.473119e-05	2.929377e-07
714           	1.718240e-05	3.977856e-05	1.825925e-05	5.429877e-05	2.903110e-07
715           	1.700970e-05	3.931554e-05	1.807926e-05	5.386925e-05	2.877166e-07
716           	1.683889e-05	3.885778e-05	1.790171e-05	5.344273e-05	2.851541e-07
717           	1.666995e-05	3.840536e-05	1.772825e-05	5.301908e-05	2.826179e-07
718           	1.650284e-05	3.795818e-05	1.755809e-05	5.259816e-05	2.801072e-07
719           	1.633754e-05	3.751617e-05	1.738934e-05	5.218003e-05	2.776248e-07
720           	1.617400e-05	3.707928e-05	1.722268e-05	5.176461e-05	2.751684e-07
721           	1.601222e-05	3.664745e-05	1.705714e-05	5.135182e-05	2.727484e-07
722           	1.585216e-05	3.622066e-05	1.689334e-05	5.094169e-05	2.703543e-07
723           	1.569381e-05	3.579886e-05	1.672571e-05	5.053438e-05	2.680099e-07
724           	1.553714e-05	3.538207e-05	1.655986e-05	5.013041e-05	2.656723e-07
725           	1.538214e-05	3.497028e-05	1.640152e-05	4.972923e-05	2.633656e-07
726           	1.522879e-05	3.456346e-05	1.625290e-05	4.933077e-05	2.610825e-07
727           	1.507710e-05	3.416163e-05	1.610835e-05	4.893503e-05	2.588205e-07
728           	1.492705e-05	3.376480e-05	1.596682e-05	4.854199e-05	2.565793e-07
729           	1.477858e-05	3.337319e-05	1.583716e-05	4.815182e-05	2.543601e-07
730           	1.463181e-05	3.298566e-05	1.570971e-05	4.776436e-05	2.521590e-07
731           	1.448663e-05	3.260425e-05	1.557916e-05	4.737965e-05	2.499821e-07
732           	1.434298e-05	3.222743e-05	1.545274e-05	4.699770e-05	2.478278e-07
733           	1.420098e-05	3.185473e-05	1.532322e-05	4.661849e-05	2.456887e-07
734           	1.406047e-05	3.148841e-05	1.519246e-05	4.624216e-05	2.435804e-07
735           	1.392150e-05	3.112556e-05	1.507129e-05	4.586852e-05	2.414882e-07
736           	1.378405e-05	3.076788e-05	1.494149e-05	4.549759e-05	2.394181e-07
737           	1.364808e-05	3.041485e-05	1.481200e-05	4.512989e-05	2.373676e-07
738           	1.351356e-05	3.006642e-05	1.468577e-05	4.476477e-05	2.353348e-07
739           	1.338047e-05	2.972261e-05	1.456316e-05	4.440201e-05	2.333203e-07
740           	1.324879e-05	2.938333e-05	1.444508e-05	4.404208e-05	2.313230e-07
741           	1.311851e-05	2.904837e-05	1.432826e-05	4.368476e-05	2.293554e-07
742           	1.298961e-05	2.871759e-05	1.420706e-05	4.333106e-05	2.273964e-07
743           	1.286207e-05	2.839087e-05	1.408970e-05	4.297943e-05	2.254574e-07
744           	1.273587e-05	2.806818e-05	1.397979e-05	4.263027e-05	2.235422e-07
745           	1.261102e-05	2.774953e-05	1.387741e-05	4.228369e-05	2.216434e-07
746           	1.248747e-05	2.743487e-05	1.377735e-05	4.193949e-05	2.197611e-07
747           	1.236524e-05	2.712412e-05	1.367553e-05	4.159776e-05	2.178966e-07
748           	1.224430e-05	2.681719e-05	1.357155e-05	4.125847e-05	2.160474e-07
749           	1.212465e-05	2.651400e-05	1.346549e-05	4.092170e-05	2.142160e-07
750           	1.200629e-05	2.621452e-05	1.336288e-05	4.058646e-05	2.123996e-07
751           	1.188919e-05	2.591812e-05	1.325928e-05	4.025394e-05	2.105991e-07
752           	1.177339e-05	2.562642e-05	1.315261e-05	3.992404e-05	2.088158e-07
753           	1.165881e-05	2.533749e-05	1.304769e-05	3.959673e-05	2.070597e-07
754           	1.154545e-05	2.505196e-05	1.294255e-05	3.927184e-05	2.053169e-07
755           	1.143334e-05	2.476978e-05	1.284259e-05	3.894796e-05	2.035831e-07
756           	1.132244e-05	2.449064e-05	1.274551e-05	3.862651e-05	2.018623e-07
757           	1.121273e-05	2.421469e-05	1.264909e-05	3.830784e-05	2.001597e-07
758           	1.110420e-05	2.394209e-05	1.255292e-05	3.799190e-05	1.984714e-07
759           	1.099682e-05	2.367287e-05	1.245388e-05	3.767857e-05	1.967971e-07
760           	1.089059e-05	2.340697e-05	1.235442e-05	3.736783e-05	1.951376e-07
761           	1.078548e-05	2.314429e-05	1.225663e-05	3.705929e-05	1.934942e-07
762           	1.068148e-05	2.288470e-05	1.216327e-05	3.675282e-05	1.918652e-07
763           	1.057856e-05	2.262809e-05	1.207055e-05	3.644873e-05	1.902499e-07
764           	1.047673e-05	2.237443e-05	1.197796e-05	3.614720e-05	1.886493e-07
765           	1.037595e-05	2.212373e-05	1.188325e-05	3.584819e-05	1.870621e-07
766           	1.027622e-05	2.187600e-05	1.178904e-05	3.555150e-05	1.854894e-07
767           	1.017754e-05	2.163122e-05	1.169469e-05	3.525710e-05	1.839300e-07
768           	1.007989e-05	2.138946e-05	1.159988e-05	3.496497e-05	1.823841e-07
769           	9.983276e-06	2.115071e-05	1.150367e-05	3.467517e-05	1.808509e-07
770           	9.887678e-06	2.091491e-05	1.141043e-05	3.438768e-05	1.793304e-07
771           	9.793089e-06	2.068201e-05	1.131963e-05	3.410239e-05	1.778228e-07
772           	9.699507e-06	2.045199e-05	1.122861e-05	3.381937e-05	1.763263e-07
773           	9.606924e-06	2.022485e-05	1.113737e-05	3.353862e-05	1.748435e-07
774           	9.515331e-06	2.000050e-05	1.104599e-05	3.326011e-05	1.733752e-07
775           	9.424721e-06	1.977889e-05	1.095485e-05	3.298386e-05	1.719203e-07
776           	9.335083e-06	1.955997e-05	1.086266e-05	3.271009e-05	1.704792e-07
777           	9.246404e-06	1.934368e-05	1.076660e-05	3.243848e-05	1.690497e-07
778           	9.158676e-06	1.913000e-05	1.067697e-05	3.216891e-05	1.676323e-07
779           	9.071873e-06	1.891883e-05	1.058770e-05	3.190154e-05	1.662261e-07
780           	8.985981e-06	1.871014e-05	1.050032e-05	3.163626e-05	1.648321e-07
781           	8.900983e-06	1.850389e-05	1.040836e-05	3.137308e-05	1.634498e-07
782           	8.816870e-06	1.830005e-05	1.031975e-05	3.111194e-05	1.620777e-07
783           	8.733627e-06	1.809857e-05	1.023301e-05	3.085287e-05	1.607182e-07
784           	8.651246e-06	1.789944e-05	1.014611e-05	3.059588e-05	1.593704e-07
785           	8.569721e-06	1.770265e-05	1.006010e-05	3.034110e-05	1.580358e-07
786           	8.489040e-06	1.750818e-05	9.975692e-06	3.008832e-05	1.567144e-07
787           	8.409200e-06	1.731600e-05	9.892880e-06	2.983756e-05	1.554034e-07
788           	8.330198e-06	1.712610e-05	9.811009e-06	2.958875e-05	1.541059e-07
789           	8.252030e-06	1.693849e-05	9.730338e-06	2.934189e-05	1.528205e-07
790           	8.174689e-06	1.675314e-05	9.651357e-06	2.909704e-05	1.515449e-07
791           	8.098167e-06	1.657001e-05	9.571386e-06	2.885416e-05	1.502811e-07
792           	8.022460e-06	1.638912e-05	9.490789e-06	2.861326e-05	1.490277e-07
793           	7.947566e-06	1.621051e-05	9.411690e-06	2.837432e-05	1.477850e-07
794           	7.873469e-06	1.603412e-05	9.332857e-06	2.813736e-05	1.465529e-07
795           	7.800158e-06	1.585991e-05	9.250214e-06	2.790238e-05	1.453312e-07
796           	7.727620e-06	1.568790e-05	9.171779e-06	2.766934e-05	1.441221e-07
797           	7.655840e-06	1.551802e-05	9.093932e-06	2.743820e-05	1.429227e-07
798           	7.584808e-06	1.535026e-05	9.016876e-06	2.720895e-05	1.417333e-07
799           	7.514511e-06	1.518459e-05	8.941957e-06	2.698159e-05	1.405545e-07
800           	7.444939e-06	1.502099e-05	8.868106e-06	2.675609e-05	1.393866e-07
801           	7.376080e-06	1.485940e-05	8.794127e-06	2.653254e-05	1.382289e-07
802           	7.307928e-06	1.469980e-05	8.720255e-06	2.631093e-05	1.370816e-07
803           	7.240474e-06	1.454215e-05	8.647094e-06	2.609118e-05	1.359449e-07
804           	7.173716e-06	1.438641e-05	8.574896e-06	2.587330e-05	1.348180e-07
805           	7.107643e-06	1.423255e-05	8.501958e-06	2.565729e-05	1.337009e-07
806           	7.042250e-06	1.408054e-05	8.433152e-06	2.544304e-05	1.325945e-07
807           	6.977529e-06	1.393039e-05	8.365900e-06	2.523052e-05	1.314974e-07
808           	6.913475e-06	1.378208e-05	8.299121e-06	2.501972e-05	1.304108e-07
809           	6.850084e-06	1.363555e-05	8.233872e-06	2.481067e-05	1.293337e-07
810           	6.787353e-06	1.349079e-05	8.169365e-06	2.460336e-05	1.282664e-07
811           	6.725271e-06	1.334776e-05	8.106262e-06	2.439776e-05	1.272079e-07
812           	6.663834e-06	1.320644e-05	8.045051e-06	2.419388e-05	1.261582e-07
813           	6.603035e-06	1.306682e-05	7.983017e-06	2.399184e-05	1.251180e-07
814           	6.542869e-06	1.292888e-05	7.922117e-06	2.379156e-05	1.240862e-07
815           	6.483326e-06	1.279263e-05	7.864410e-06	2.359295e-05	1.230638e-07
816           	6.424399e-06	1.265805e-05	7.807847e-06	2.339594e-05	1.220515e-07
817           	6.366085e-06	1.252512e-05	7.751611e-06	2.320056e-05	1.210468e-07
818           	6.308374e-06	1.239379e-05	7.695959e-06	2.300682e-05	1.200496e-07
819           	6.251256e-06	1.226403e-05	7.640815e-06	2.281468e-05	1.190610e-07
820           	6.194727e-06	1.213582e-05	7.586273e-06	2.262413e-05	1.180810e-07
821           	6.138781e-06	1.200913e-05	7.531444e-06	2.243518e-05	1.171091e-07
822           	6.083406e-06	1.188393e-05	7.477325e-06	2.224782e-05	1.161444e-07
823           	6.028594e-06	1.176021e-05	7.423097e-06	2.206202e-05	1.151874e-07
824           	5.974335e-06	1.163793e-05	7.368993e-06	2.187779e-05	1.142381e-07
825           	5.920622e-06	1.151710e-05	7.314948e-06	2.169505e-05	1.132963e-07
826           	5.867446e-06	1.139767e-05	7.260602e-06	2.151383e-05	1.123626e-07
827           	5.814801e-06	1.127960e-05	7.205929e-06	2.133416e-05	1.114361e-07
828           	5.762678e-06	1.116289e-05	7.150907e-06	2.115599e-05	1.105223e-07
829           	5.711071e-06	1.104757e-05	7.093777e-06	2.097919e-05	1.096148e-07
830           	5.659975e-06	1.093359e-05	7.035779e-06	2.080381e-05	1.087106e-07
831           	5.609381e-06	1.082098e-05	6.977352e-06	2.062993e-05	1.078128e-07
832           	5.559283e-06	1.070970e-05	6.918862e-06	2.045749e-05	1.069235e-07
833           	5.509680e-06	1.059986e-05	6.860518e-06	2.028648e-05	1.060411e-07
834           	5.460566e-06	1.049134e-05	6.802817e-06	2.011685e-05	1.051661e-07
835           	5.411935e-06	1.038419e-05	6.745841e-06	1.994779e-05	1.042973e-07
836           	5.363765e-06	1.027830e-05	6.684401e-06	1.978001e-05	1.034352e-07
837           	5.316065e-06	1.017364e-05	6.617751e-06	1.961365e-05	1.025802e-07
838           	5.268837e-06	1.007019e-05	6.546599e-06	1.944876e-05	1.017321e-07
839           	5.222099e-06	9.967961e-06	6.470273e-06	1.928532e-05	1.008896e-07
840           	5.175836e-06	9.867212e-06	6.396380e-06	1.912336e-05	1.000536e-07
841           	5.130019e-06	9.767071e-06	6.328669e-06	1.896285e-05	9.922730e-08
842           	5.084670e-06	9.668176e-06	6.252384e-06	1.880390e-05	9.841351e-08
843           	5.039851e-06	9.571220e-06	6.182332e-06	1.864655e-05	9.759614e-08
844           	4.995409e-06	9.474978e-06	6.110531e-06	1.849059e-05	9.679418e-08
845           	4.951408e-06	9.379426e-06	6.047483e-06	1.833601e-05	9.599836e-08
846           	4.907867e-06	9.285326e-06	5.982926e-06	1.818280e-05	9.521135e-08
847           	4.864753e-06	9.191834e-06	5.921844e-06	1.803091e-05	9.442952e-08
848           	4.822089e-06	9.100023e-06	5.865511e-06	1.788035e-05	9.365223e-08
849           	4.779788e-06	9.008339e-06	5.818823e-06	1.773107e-05	9.288212e-08
850           	4.737920e-06	8.918095e-06	5.771784e-06	1.758309e-05	9.212002e-08
851           	4.696455e-06	8.828606e-06	5.723176e-06	1.743635e-05	9.136254e-08
852           	4.655403e-06	8.740782e-06	5.674083e-06	1.729087e-05	9.061192e-08
853           	4.614702e-06	8.653104e-06	5.631101e-06	1.714662e-05	8.986736e-08
854           	4.574413e-06	8.566891e-06	5.585994e-06	1.700359e-05	8.912933e-08
855           	4.534513e-06	8.481737e-06	5.541309e-06	1.686177e-05	8.839782e-08
856           	4.495003e-06	8.397627e-06	5.497692e-06	1.672115e-05	8.767193e-08
857           	4.455873e-06	8.314620e-06	5.454860e-06	1.658174e-05	8.695207e-08
858           	4.417123e-06	8.232820e-06	5.411904e-06	1.644353e-05	8.623803e-08
859           	4.378754e-06	8.152215e-06	5.369107e-06	1.630653e-05	8.553093e-08
860           	4.340761e-06	8.072699e-06	5.325474e-06	1.617075e-05	8.483002e-08
861           	4.303141e-06	7.994208e-06	5.284076e-06	1.603615e-05	8.413457e-08
862           	4.265892e-06	7.916664e-06	5.243389e-06	1.590274e-05	8.344535e-08
863           	4.229010e-06	7.840017e-06	5.202344e-06	1.577051e-05	8.276226e-08
864           	4.192489e-06	7.764211e-06	5.161177e-06	1.563944e-05	8.208540e-08
865           	4.156327e-06	7.689222e-06	5.119751e-06	1.550952e-05	8.141464e-08
866           	4.120516e-06	7.615043e-06	5.078668e-06	1.538072e-05	8.074981e-08
867           	4.085051e-06	7.541724e-06	5.038085e-06	1.525302e-05	8.009088e-08
868           	4.049929e-06	7.469284e-06	4.998026e-06	1.512641e-05	7.943744e-08
869           	4.015148e-06	7.397743e-06	4.958495e-06	1.500092e-05	7.878982e-08
870           	3.980705e-06	7.327143e-06	4.919836e-06	1.487654e-05	7.814780e-08
871           	3.946600e-06	7.257527e-06	4.882352e-06	1.475327e-05	7.751111e-08
872           	3.912832e-06	7.188914e-06	4.845539e-06	1.463106e-05	7.687977e-08
873           	3.879398e-06	7.121271e-06	4.809277e-06	1.450988e-05	7.625374e-08
874           	3.846299e-06	7.054592e-06	4.773651e-06	1.438954e-05	7.563294e-08
875           	3.813526e-06	6.988936e-06	4.737375e-06	1.427011e-05	7.501734e-08
876           	3.781082e-06	6.924241e-06	4.700460e-06	1.415171e-05	7.440636e-08
877           	3.748960e-06	6.860419e-06	4.662774e-06	1.403432e-05	7.380065e-08
878           	3.717156e-06	6.797385e-06	4.624046e-06	1.391797e-05	7.319967e-08
879           	3.685665e-06	6.735045e-06	4.584876e-06	1.380263e-05	7.260289e-08
880           	3.654481e-06	6.673377e-06	4.545636e-06	1.368831e-05	7.201211e-08
881           	3.623591e-06	6.612389e-06	4.507284e-06	1.357499e-05	7.142608e-08
882           	3.593024e-06	6.552118e-06	4.468738e-06	1.346267e-05	7.084399e-08
883           	3.562756e-06	6.492472e-06	4.428506e-06	1.335131e-05	7.027173e-08
884           	3.532762e-06	6.433506e-06	4.390901e-06	1.324093e-05	6.969685e-08
885           	3.503069e-06	6.375075e-06	4.355567e-06	1.313150e-05	6.913484e-08
886           	3.473653e-06	6.317332e-06	4.322590e-06	1.302303e-05	6.857092e-08
887           	3.444533e-06	6.260147e-06	4.288462e-06	1.291548e-05	6.801894e-08
888           	3.415683e-06	6.203555e-06	4.257311e-06	1.280886e-05	6.746460e-08
889           	3.387125e-06	6.147677e-06	4.223693e-06	1.270315e-05	6.692590e-08
890           	3.358832e-06	6.092461e-06	4.193177e-06	1.259835e-05	6.638179e-08
891           	3.330824e-06	6.038082e-06	4.160061e-06	1.249444e-05	6.584947e-08
892           	3.303075e-06	5.984374e-06	4.129405e-06	1.239141e-05	6.531497e-08
893           	3.275602e-06	5.931372e-06	4.100327e-06	1.228928e-05	6.478758e-08
894           	3.248382e-06	5.879205e-06	4.069059e-06	1.218801e-05	6.426468e-08
895           	3.221429e-06	5.827704e-06	4.037012e-06	1.208761e-05	6.374749e-08
896           	3.194741e-06	5.777079e-06	4.005579e-06	1.198808e-05	6.323300e-08
897           	3.168301e-06	5.727159e-06	3.974297e-06	1.188940e-05	6.272317e-08
898           	3.142113e-06	5.677909e-06	3.943154e-06	1.179158e-05	6.221704e-08
899           	3.116176e-06	5.629302e-06	3.910923e-06	1.169459e-05	6.172043e-08
900           	3.090492e-06	5.581224e-06	3.879388e-06	1.159844e-05	6.121991e-08
901           	3.065054e-06	5.533643e-06	3.848888e-06	1.150311e-05	6.073176e-08
902           	3.039848e-06	5.486531e-06	3.819444e-06	1.140863e-05	6.024004e-08
903           	3.014887e-06	5.439917e-06	3.787401e-06	1.131495e-05	5.976025e-08
904           	2.990157e-06	5.393712e-06	3.758508e-06	1.122209e-05	5.927629e-08
905           	2.965669e-06	5.348012e-06	3.727722e-06	1.113001e-05	5.880654e-08
906           	2.941404e-06	5.302748e-06	3.699915e-06	1.103872e-05	5.833157e-08
907           	2.917377e-06	5.258010e-06	3.669897e-06	1.094819e-05	5.787335e-08
908           	2.893570e-06	5.213852e-06	3.642807e-06	1.085844e-05	5.740463e-08
909           	2.869996e-06	5.170184e-06	3.613414e-06	1.076945e-05	5.694987e-08
910           	2.846636e-06	5.127060e-06	3.586975e-06	1.068122e-05	5.648745e-08
911           	2.823503e-06	5.084285e-06	3.558267e-06	1.059373e-05	5.603970e-08
912           	2.800589e-06	5.042006e-06	3.531197e-06	1.050699e-05	5.559335e-08
913           	2.777877e-06	5.000175e-06	3.505430e-06	1.042099e-05	5.514373e-08
914           	2.755391e-06	4.958641e-06	3.477788e-06	1.033574e-05	5.470539e-08
915           	2.733117e-06	4.917585e-06	3.451730e-06	1.025122e-05	5.426972e-08
916           	2.711038e-06	4.876936e-06	3.427496e-06	1.016744e-05	5.383195e-08
917           	2.689180e-06	4.836514e-06	3.400617e-06	1.008438e-05	5.340546e-08
918           	2.667527e-06	4.796565e-06	3.374894e-06	1.000207e-05	5.298133e-08
919           	2.646064e-06	4.757049e-06	3.350973e-06	9.920558e-06	5.255462e-08
920           	2.624813e-06	4.717710e-06	3.324271e-06	9.839717e-06	5.213875e-08
921           	2.603760e-06	4.678830e-06	3.298819e-06	9.759554e-06	5.172532e-08
922           	2.582890e-06	4.640358e-06	3.275240e-06	9.680076e-06	5.130970e-08
923           	2.562225e-06	4.602032e-06	3.248962e-06	9.601276e-06	5.090428e-08
924           	2.541751e-06	4.564168e-06	3.224387e-06	9.523147e-06	5.050135e-08
925           	2.521452e-06	4.526752e-06	3.201892e-06	9.445690e-06	5.009660e-08
926           	2.501351e-06	4.489486e-06	3.176998e-06	9.368892e-06	4.970152e-08
927           	2.481435e-06	4.452756e-06	3.153567e-06	9.292743e-06	4.930883e-08
928           	2.461687e-06	4.416515e-06	3.131931e-06	9.217247e-06	4.891408e-08
929           	2.442130e-06	4.380451e-06	3.107775e-06	9.142399e-06	4.852872e-08
930           	2.422750e-06	4.344905e-06	3.084301e-06	9.068197e-06	4.814581e-08
931           	2.403533e-06	4.309826e-06	3.062313e-06	8.994636e-06	4.776111e-08
932           	2.384501e-06	4.274912e-06	3.037822e-06	8.921706e-06	4.738544e-08
933           	2.365643e-06	4.240528e-06	3.014731e-06	8.849397e-06	4.701227e-08
934           	2.346943e-06	4.206575e-06	2.993230e-06	8.777713e-06	4.663745e-08
935           	2.328424e-06	4.172755e-06	2.969236e-06	8.706638e-06	4.627296e-08
936           	2.310066e-06	4.139481e-06	2.948201e-06	8.636177e-06	4.590427e-08
937           	2.291880e-06	4.106338e-06	2.924413e-06	8.566315e-06	4.554632e-08
938           	2.273856e-06	4.073763e-06	2.903328e-06	8.497056e-06	4.518379e-08
939           	2.256000e-06	4.041314e-06	2.880051e-06	8.428386e-06	4.483185e-08
940           	2.238303e-06	4.009418e-06	2.859241e-06	8.360306e-06	4.447568e-08
941           	2.220772e-06	3.977639e-06	2.836692e-06	8.292800e-06	4.412963e-08
942           	2.203398e-06	3.946392e-06	2.816540e-06	8.225871e-06	4.377961e-08
943           	2.186185e-06	3.915240e-06	2.794527e-06	8.159506e-06	4.343919e-08
944           	2.169124e-06	3.884617e-06	2.774953e-06	8.093542e-06	4.309510e-08
945           	2.152222e-06	3.854074e-06	2.753259e-06	8.028099e-06	4.276025e-08
946           	2.135469e-06	3.824038e-06	2.733799e-06	7.963244e-06	4.242177e-08
947           	2.118870e-06	3.794090e-06	2.712179e-06	7.898961e-06	4.209235e-08
948           	2.102415e-06	3.764646e-06	2.692853e-06	7.835250e-06	4.175944e-08
949           	2.086110e-06	3.735247e-06	2.671272e-06	7.772091e-06	4.143547e-08
950           	2.069944e-06	3.706313e-06	2.651907e-06	7.709484e-06	4.110807e-08
951           	2.053924e-06	3.677398e-06	2.630603e-06	7.647412e-06	4.078929e-08
952           	2.038041e-06	3.648939e-06	2.611680e-06	7.585879e-06	4.046712e-08
953           	2.022299e-06	3.620484e-06	2.590845e-06	7.524872e-06	4.015325e-08
954           	2.006693e-06	3.592459e-06	2.572327e-06	7.464392e-06	3.983635e-08
955           	1.991226e-06	3.564445e-06	2.551917e-06	7.404426e-06	3.952771e-08
956           	1.975893e-06	3.536879e-06	2.533772e-06	7.344978e-06	3.921624e-08
957           	1.960697e-06	3.509355e-06	2.513761e-06	7.286034e-06	3.891273e-08
958           	1.945633e-06	3.482249e-06	2.496015e-06	7.227605e-06	3.860658e-08
959           	1.930703e-06	3.455203e-06	2.476426e-06	7.169679e-06	3.830819e-08
960           	1.915904e-06	3.428573e-06	2.458988e-06	7.112252e-06	3.800723e-08
961           	1.901238e-06	3.402041e-06	2.439763e-06	7.055313e-06	3.771390e-08
962           	1.886699e-06	3.375919e-06	2.422801e-06	6.998860e-06	3.741839e-08
963           	1.872291e-06	3.349901e-06	2.404074e-06	6.942883e-06	3.713000e-08
964           	1.858007e-06	3.324294e-06	2.387550e-06	6.887385e-06	3.683941e-08
965           	1.843849e-06	3.298815e-06	2.369191e-06	6.832353e-06	3.655569e-08
966           	1.829814e-06	3.273718e-06	2.353019e-06	6.777790e-06	3.626989e-08
967           	1.815902e-06	3.248733e-06	2.335003e-06	6.723684e-06	3.599075e-08
968           	1.802110e-06	3.224120e-06	2.319102e-06	6.670039e-06	3.570958e-08
969           	1.788438e-06	3.199615e-06	2.301327e-06	6.616847e-06	3.543481e-08
970           	1.774882e-06	3.175448e-06	2.285647e-06	6.564109e-06	3.515821e-08
971           	1.761444e-06	3.151382e-06	2.268183e-06	6.511814e-06	3.488788e-08
972           	1.748119e-06	3.127646e-06	2.252794e-06	6.459965e-06	3.461581e-08
973           	1.734910e-06	3.103997e-06	2.235573e-06	6.408550e-06	3.434984e-08
974           	1.721813e-06	3.080663e-06	2.220388e-06	6.357574e-06	3.408224e-08
975           	1.708829e-06	3.057409e-06	2.203391e-06	6.307024e-06	3.382059e-08
976           	1.695955e-06	3.034456e-06	2.188403e-06	6.256905e-06	3.355747e-08
977           	1.683192e-06	3.011596e-06	2.171640e-06	6.207205e-06	3.330009e-08
978           	1.670537e-06	2.989025e-06	2.156878e-06	6.157927e-06	3.304136e-08
979           	1.657992e-06	2.966555e-06	2.140361e-06	6.109060e-06	3.278818e-08
980           	1.645554e-06	2.944372e-06	2.125825e-06	6.060606e-06	3.253376e-08
981           	1.633224e-06	2.922295e-06	2.109722e-06	6.012556e-06	3.228464e-08
982           	1.620998e-06	2.900497e-06	2.095554e-06	5.964912e-06	3.203434e-08
983           	1.608877e-06	2.878803e-06	2.079753e-06	5.917665e-06	3.178931e-08
984           	1.596860e-06	2.857380e-06	2.065840e-06	5.870815e-06	3.154319e-08
985           	1.584945e-06	2.836063e-06	2.050272e-06	5.824355e-06	3.130213e-08
986           	1.573132e-06	2.815015e-06	2.036270e-06	5.778286e-06	3.106005e-08
987           	1.561419e-06	2.794072e-06	2.020521e-06	5.732601e-06	3.082287e-08
988           	1.549804e-06	2.773309e-06	2.006558e-06	5.687305e-06	3.058472e-08
989           	1.538287e-06	2.752703e-06	1.991534e-06	5.642386e-06	3.035136e-08
990           	1.526867e-06	2.732355e-06	1.978498e-06	5.597846e-06	3.011707e-08
991           	1.515543e-06	2.712121e-06	1.963831e-06	5.553675e-06	2.988742e-08
992           	1.504313e-06	2.692108e-06	1.950905e-06	5.509877e-06	2.965696e-08
993           	1.493177e-06	2.672188e-06	1.936334e-06	5.466448e-06	2.943106e-08
994           	1.482135e-06	2.652491e-06	1.923488e-06	5.423389e-06	2.920435e-08
995           	1.471185e-06	2.632883e-06	1.909044e-06	5.380689e-06	2.898218e-08
996           	1.460327e-06	2.613493e-06	1.896329e-06	5.338352e-06	2.875918e-08
997           	1.449558e-06	2.594199e-06	1.882042e-06	5.296368e-06	2.854059e-08
998           	1.438880e-06	2.575121e-06	1.869477e-06	5.254738e-06	2.832122e-08
999           	1.428291e-06	2.556144e-06	1.855375e-06	5.213457e-06	2.810619e-08
1000          	1.417790e-06	2.537381e-06	1.842995e-06	5.172523e-06	2.789040e-08
1001          	1.407376e-06	2.518724e-06	1.829140e-06	5.131929e-06	2.767917e-08
1002          	1.397048e-06	2.500283e-06	1.816965e-06	5.091675e-06	2.746715e-08
1003          	1.386807e-06	2.481952e-06	1.803237e-06	5.051755e-06	2.725931e-08
1004          	1.376651e-06	2.463830e-06	1.791190e-06	5.012169e-06	2.705072e-08
1005          	1.366579e-06	2.445815e-06	1.777643e-06	4.972908e-06	2.684627e-08
1006          	1.356590e-06	2.428004e-06	1.765790e-06	4.933975e-06	2.664099e-08
1007          	1.346684e-06	2.410315e-06	1.752542e-06	4.895363e-06	2.643985e-08
1008          	1.336859e-06	2.392821e-06	1.741012e-06	4.857073e-06	2.623783e-08
1009          	1.327114e-06	2.375437e-06	1.728025e-06	4.819099e-06	2.604002e-08
1010          	1.317446e-06	2.358218e-06	1.716845e-06	4.781443e-06	2.584116e-08
1011          	1.307869e-06	2.341197e-06	1.703780e-06	4.744097e-06	2.564661e-08
1012          	1.298355e-06	2.324246e-06	1.692869e-06	4.707064e-06	2.545082e-08
1013          	1.288930e-06	2.307485e-06	1.680185e-06	4.670337e-06	2.525939e-08
1014          	1.279580e-06	2.290872e-06	1.669124e-06	4.633917e-06	2.506673e-08
1015          	1.270305e-06	2.274356e-06	1.656665e-06	4.597797e-06	2.487838e-08
1016          	1.261106e-06	2.258014e-06	1.645786e-06	4.561978e-06	2.468874e-08
1017          	1.251983e-06	2.241775e-06	1.633519e-06	4.526455e-06	2.450341e-08
1018          	1.242934e-06	2.225696e-06	1.622819e-06	4.491229e-06	2.431675e-08
1019          	1.233959e-06	2.209723e-06	1.610753e-06	4.456292e-06	2.413443e-08
1020          	1.225057e-06	2.193899e-06	1.600223e-06	4.421647e-06	2.395074e-08
1021          	1.216227e-06	2.178177e-06	1.588339e-06	4.387291e-06	2.377141e-08
1022          	1.207469e-06	2.162605e-06	1.577971e-06	4.353220e-06	2.359061e-08
1023          	1.198782e-06	2.147134e-06	1.566264e-06	4.319426e-06	2.341415e-08
1024          	1.190166e-06	2.131807e-06	1.556056e-06	4.285913e-06	2.323620e-08
1025          	1.181619e-06	2.116576e-06	1.544517e-06	4.252674e-06	2.306266e-08
1026          	1.173141e-06	2.101488e-06	1.534450e-06	4.219711e-06	2.288749e-08
1027          	1.164730e-06	2.086499e-06	1.523065e-06	4.187018e-06	2.271675e-08
1028          	1.156389e-06	2.071647e-06	1.513138e-06	4.154596e-06	2.254431e-08
1029          	1.148113e-06	2.056898e-06	1.501910e-06	4.122440e-06	2.237630e-08
1030          	1.139905e-06	2.042279e-06	1.492123e-06	4.090550e-06	2.220655e-08
1031          	1.131762e-06	2.027769e-06	1.481052e-06	4.058922e-06	2.204124e-08
1032          	1.123686e-06	2.013388e-06	1.471410e-06	4.027556e-06	2.187415e-08
1033          	1.115673e-06	1.999109e-06	1.460503e-06	3.996447e-06	2.171149e-08
1034          	1.107726e-06	1.984962e-06	1.451009e-06	3.965596e-06	2.154688e-08
1035          	1.099842e-06	1.970919e-06	1.440253e-06	3.934997e-06	2.138720e-08
1036          	1.092022e-06	1.957000e-06	1.430880e-06	3.904652e-06	2.122563e-08
1037          	1.084263e-06	1.943189e-06	1.420286e-06	3.874555e-06	2.106834e-08
1038          	1.076568e-06	1.929497e-06	1.411083e-06	3.844707e-06	2.090909e-08
1039          	1.068932e-06	1.915911e-06	1.400653e-06	3.815104e-06	2.075423e-08
1040          	1.061359e-06	1.902440e-06	1.391588e-06	3.785746e-06	2.059740e-08
1041          	1.053845e-06	1.889071e-06	1.381464e-06	3.756628e-06	2.044497e-08
1042          	1.046392e-06	1.875811e-06	1.372683e-06	3.727752e-06	2.029056e-08
1043          	1.038996e-06	1.862657e-06	1.362683e-06	3.699112e-06	2.014058e-08
1044          	1.031661e-06	1.849608e-06	1.354003e-06	3.670710e-06	1.998858e-08
1045          	1.024382e-06	1.836658e-06	1.344130e-06	3.642544e-06	1.984098e-08
1046          	1.017161e-06	1.823815e-06	1.335574e-06	3.614609e-06	1.969132e-08
1047          	1.009996e-06	1.811069e-06	1.325847e-06	3.586902e-06	1.954606e-08
1048          	1.002889e-06	1.798428e-06	1.317382e-06	3.559424e-06	1.939871e-08
1049          	9.958354e-07	1.785885e-06	1.307763e-06	3.532170e-06	1.925576e-08
1050          	9.888387e-07	1.773441e-06	1.299388e-06	3.505141e-06	1.911069e-08
1051          	9.818953e-07	1.761102e-06	1.289874e-06	3.478332e-06	1.897001e-08
1052          	9.750074e-07	1.748858e-06	1.281613e-06	3.451744e-06	1.882735e-08
1053          	9.681720e-07	1.736718e-06	1.272196e-06	3.425370e-06	1.868907e-08
1054          	9.613915e-07	1.724676e-06	1.264023e-06	3.399212e-06	1.854858e-08
1055          	9.546625e-07	1.712736e-06	1.254710e-06	3.373265e-06	1.841249e-08
1056          	9.479875e-07	1.700890e-06	1.246665e-06	3.347531e-06	1.827422e-08
1057          	9.413633e-07	1.689148e-06	1.237502e-06	3.322222e-06	1.814028e-08
1058          	9.347922e-07	1.677498e-06	1.229517e-06	3.297126e-06	1.800425e-08
1059          	9.282711e-07	1.665956e-06	1.220291e-06	3.272225e-06	1.787260e-08
1060          	9.218024e-07	1.654513e-06	1.212339e-06	3.247520e-06	1.773907e-08
1061          	9.153808e-07	1.643146e-06	1.205619e-06	3.223027e-06	1.760851e-08
1062          	9.090145e-07	1.631933e-06	1.197622e-06	3.198725e-06	1.747833e-08
1063          	9.026960e-07	1.620771e-06	1.190955e-06	3.174618e-06	1.734895e-08
1064          	8.964245e-07	1.609669e-06	1.185194e-06	3.150703e-06	1.722091e-08
1065          	8.902072e-07	1.598722e-06	1.178083e-06	3.126975e-06	1.709389e-08
1066          	8.840380e-07	1.587856e-06	1.172085e-06	3.103433e-06	1.696727e-08
1067          	8.779122e-07	1.577037e-06	1.167216e-06	3.080078e-06	1.684206e-08
1068          	8.718394e-07	1.566367e-06	1.160982e-06	3.056905e-06	1.671789e-08
1069          	8.658151e-07	1.555764e-06	1.155943e-06	3.033914e-06	1.659409e-08
1070          	8.598337e-07	1.545206e-06	1.151877e-06	3.011105e-06	1.647171e-08
1071          	8.539045e-07	1.534793e-06	1.146056e-06	2.988473e-06	1.635033e-08
1072          	8.480224e-07	1.524442e-06	1.141252e-06	2.966020e-06	1.622939e-08
1073          	8.421818e-07	1.514136e-06	1.137297e-06	2.943748e-06	1.611039e-08
1074          	8.363894e-07	1.503937e-06	1.132924e-06	2.921651e-06	1.599135e-08
1075          	8.306453e-07	1.493845e-06	1.128236e-06	2.899727e-06	1.587375e-08
1076          	8.249453e-07	1.483790e-06	1.123657e-06	2.877976e-06	1.575714e-08
1077          	8.192905e-07	1.473808e-06	1.118923e-06	2.856397e-06	1.564147e-08
1078          	8.136807e-07	1.463907e-06	1.114074e-06	2.834989e-06	1.552678e-08
1079          	8.081151e-07	1.454078e-06	1.109193e-06	2.813750e-06	1.541304e-08
1080          	8.025935e-07	1.444306e-06	1.104370e-06	2.792679e-06	1.530026e-08
1081          	7.971153e-07	1.434585e-06	1.099611e-06	2.771775e-06	1.518839e-08
1082          	7.916801e-07	1.424912e-06	1.094947e-06	2.751037e-06	1.507740e-08
1083          	7.862871e-07	1.415294e-06	1.090307e-06	2.730464e-06	1.496727e-08
1084          	7.809360e-07	1.405731e-06	1.085653e-06	2.710054e-06	1.485802e-08
1085          	7.756260e-07	1.396225e-06	1.081010e-06	2.689911e-06	1.474964e-08
1086          	7.703566e-07	1.386785e-06	1.076126e-06	2.670002e-06	1.464228e-08
1087          	7.651271e-07	1.377410e-06	1.070990e-06	2.650306e-06	1.453644e-08
1088          	7.599371e-07	1.368113e-06	1.065910e-06	2.630820e-06	1.443027e-08
1089          	7.547894e-07	1.358874e-06	1.062052e-06	2.611496e-06	1.432642e-08
1090          	7.496756e-07	1.349666e-06	1.057839e-06	2.592328e-06	1.422343e-08
1091          	7.445996e-07	1.340510e-06	1.053553e-06	2.573310e-06	1.411977e-08
1092          	7.395614e-07	1.331457e-06	1.048908e-06	2.554433e-06	1.401966e-08
1093          	7.345655e-07	1.322485e-06	1.047485e-06	2.535697e-06	1.391781e-08
1094          	7.296031e-07	1.313559e-06	1.045367e-06	2.517094e-06	1.381842e-08
1095          	7.246870e-07	1.304740e-06	1.044334e-06	2.498625e-06	1.371897e-08
1096          	7.198041e-07	1.295998e-06	1.044262e-06	2.480289e-06	1.362052e-08
1097          	7.149722e-07	1.287470e-06	1.041941e-06	2.462082e-06	1.352299e-08
1098          	7.101664e-07	1.278889e-06	1.040677e-06	2.444005e-06	1.342639e-08
1099          	7.053971e-07	1.270419e-06	1.039604e-06	2.426058e-06	1.333046e-08
1100          	7.006745e-07	1.262061e-06	1.039091e-06	2.408238e-06	1.323478e-08
1101          	6.959802e-07	1.253729e-06	1.037780e-06	2.390547e-06	1.314020e-08
1102          	6.913223e-07	1.245455e-06	1.035920e-06	2.372983e-06	1.304636e-08
1103          	6.866998e-07	1.237244e-06	1.033914e-06	2.355546e-06	1.295330e-08
1104          	6.821120e-07	1.229089e-06	1.031922e-06	2.338235e-06	1.286092e-08
1105          	6.775586e-07	1.220985e-06	1.029820e-06	2.321049e-06	1.276921e-08
1106          	6.730392e-07	1.212935e-06	1.027570e-06	2.303989e-06	1.267814e-08
1107          	6.685536e-07	1.204945e-06	1.025115e-06	2.287053e-06	1.258770e-08
1108          	6.641016e-07	1.197011e-06	1.022409e-06	2.270241e-06	1.249834e-08
1109          	6.596822e-07	1.189100e-06	1.020465e-06	2.253555e-06	1.240863e-08
1110          	6.552961e-07	1.181269e-06	1.016418e-06	2.236991e-06	1.232044e-08
1111          	6.509422e-07	1.173418e-06	1.013897e-06	2.220552e-06	1.223264e-08
1112          	6.466220e-07	1.165652e-06	1.010237e-06	2.204236e-06	1.214545e-08
1113          	6.423305e-07	1.157863e-06	1.007151e-06	2.188043e-06	1.205863e-08
1114          	6.380705e-07	1.150167e-06	1.003341e-06	2.171970e-06	1.197311e-08
1115          	6.338427e-07	1.142481e-06	9.999675e-07	2.156019e-06	1.188756e-08
1116          	6.296400e-07	1.134813e-06	9.975645e-07	2.140189e-06	1.180248e-08
1117          	6.254760e-07	1.127248e-06	9.926999e-07	2.124478e-06	1.171840e-08
1118          	6.213328e-07	1.119597e-06	9.887256e-07	2.108888e-06	1.163474e-08
1119          	6.172179e-07	1.112083e-06	9.854511e-07	2.093415e-06	1.155164e-08
1120          	6.131445e-07	1.104582e-06	9.808806e-07	2.078060e-06	1.146923e-08
1121          	6.090859e-07	1.097135e-06	9.779318e-07	2.062823e-06	1.138698e-08
1122          	6.050650e-07	1.089813e-06	9.727115e-07	2.047701e-06	1.130579e-08
1123          	6.010662e-07	1.082423e-06	9.683506e-07	2.032696e-06	1.122501e-08
1124          	5.970953e-07	1.075176e-06	9.644156e-07	2.017804e-06	1.114472e-08
1125          	5.931615e-07	1.067983e-06	9.597580e-07	2.003027e-06	1.106518e-08
1126          	5.892414e-07	1.060838e-06	9.555884e-07	1.988362e-06	1.098567e-08
1127          	5.853647e-07	1.053804e-06	9.511844e-07	1.973809e-06	1.090733e-08
1128          	5.814983e-07	1.046764e-06	9.477067e-07	1.959369e-06	1.082898e-08
1129          	5.776708e-07	1.039876e-06	9.420153e-07	1.945037e-06	1.075167e-08
1130          	5.738620e-07	1.032938e-06	9.372214e-07	1.930818e-06	1.067463e-08
1131          	5.700782e-07	1.026167e-06	9.331540e-07	1.916707e-06	1.059874e-08
1132          	5.663338e-07	1.019448e-06	9.293171e-07	1.902704e-06	1.052219e-08
1133          	5.626039e-07	1.012768e-06	9.233100e-07	1.888810e-06	1.044710e-08
1134          	5.588984e-07	1.006170e-06	9.184384e-07	1.875023e-06	1.037211e-08
1135          	5.552264e-07	9.996206e-07	9.138490e-07	1.861342e-06	1.029802e-08
1136          	5.515726e-07	9.931021e-07	9.102406e-07	1.847768e-06	1.022404e-08
1137          	5.479518e-07	9.867307e-07	9.042846e-07	1.834297e-06	1.015129e-08
1138          	5.443500e-07	9.803281e-07	9.006755e-07	1.820930e-06	1.007806e-08
1139          	5.407784e-07	9.740399e-07	8.947239e-07	1.807667e-06	1.000617e-08
1140          	5.372268e-07	9.678344e-07	8.899282e-07	1.794503e-06	9.934282e-09
1141          	5.337070e-07	9.616845e-07	8.851662e-07	1.781439e-06	9.863387e-09
1142          	5.302053e-07	9.555498e-07	8.815210e-07	1.768475e-06	9.792599e-09
1143          	5.267366e-07	9.495474e-07	8.757632e-07	1.755610e-06	9.722910e-09
1144          	5.232856e-07	9.434961e-07	8.722655e-07	1.742843e-06	9.652880e-09
1145          	5.198639e-07	9.375511e-07	8.663717e-07	1.730175e-06	9.584061e-09
1146          	5.164619e-07	9.316937e-07	8.615945e-07	1.717605e-06	9.515241e-09
1147          	5.130903e-07	9.258794e-07	8.568122e-07	1.705132e-06	9.447375e-09
1148          	5.097363e-07	9.200772e-07	8.529934e-07	1.692755e-06	9.379677e-09
1149          	5.064143e-07	9.143932e-07	8.472558e-07	1.680472e-06	9.312721e-09
1150          	5.031091e-07	9.086399e-07	8.424593e-07	1.668285e-06	9.246126e-09
1151          	4.998279e-07	9.030366e-07	8.380292e-07	1.656190e-06	9.180075e-09
1152          	4.965791e-07	8.974648e-07	8.330189e-07	1.644189e-06	9.114445e-09
1153          	4.933420e-07	8.919585e-07	8.284630e-07	1.632280e-06	9.049386e-09
1154          	4.901398e-07	8.864704e-07	8.236475e-07	1.620463e-06	8.984962e-09
1155          	4.869493e-07	8.810080e-07	8.193652e-07	1.608736e-06	8.920447e-09
1156          	4.837957e-07	8.756446e-07	8.147686e-07	1.597100e-06	8.857104e-09
1157          	4.806488e-07	8.702490e-07	8.107347e-07	1.585554e-06	8.793814e-09
1158          	4.775412e-07	8.650219e-07	8.053042e-07	1.574097e-06	8.731274e-09
1159          	4.744475e-07	8.597293e-07	8.004327e-07	1.562729e-06	8.669109e-09
1160          	4.713734e-07	8.545308e-07	7.962005e-07	1.551449e-06	8.607377e-09
1161          	4.683332e-07	8.493871e-07	7.912711e-07	1.540257e-06	8.546196e-09
1162          	4.653020e-07	8.442630e-07	7.867837e-07	1.529151e-06	8.485416e-09
1163          	4.623070e-07	8.391910e-07	7.821185e-07	1.518133e-06	8.425113e-09
1164          	4.593182e-07	8.341286e-07	7.776956e-07	1.507199e-06	8.365394e-09
1165          	4.563697e-07	8.291177e-07	7.730683e-07	1.496351e-06	8.306109e-09
1166          	4.534264e-07	8.241058e-07	7.694454e-07	1.485589e-06	8.247019e-09
1167          	4.505149e-07	8.192277e-07	7.641870e-07	1.474909e-06	8.188736e-09
1168          	4.476215e-07	8.142874e-07	7.594953e-07	1.464313e-06	8.130880e-09
1169          	4.447451e-07	8.094222e-07	7.553356e-07	1.453799e-06	8.073175e-09
1170          	4.418997e-07	8.046104e-07	7.506160e-07	1.443369e-06	8.016216e-09
1171          	4.390633e-07	7.998050e-07	7.462908e-07	1.433019e-06	7.959491e-09
1172          	4.362594e-07	7.950398e-07	7.418302e-07	1.422752e-06	7.903279e-09
1173          	4.334625e-07	7.902819e-07	7.375117e-07	1.412564e-06	7.847626e-09
1174          	4.307022e-07	7.855669e-07	7.331017e-07	1.402456e-06	7.792329e-09
1175          	4.279470e-07	7.808507e-07	7.295879e-07	1.392429e-06	7.737268e-09
1176          	4.252214e-07	7.762672e-07	7.245281e-07	1.382480e-06	7.682945e-09
1177          	4.225115e-07	7.716061e-07	7.200366e-07	1.372610e-06	7.628965e-09
1178          	4.198212e-07	7.670531e-07	7.159471e-07	1.362817e-06	7.575235e-09
1179          	4.171549e-07	7.625048e-07	7.114556e-07	1.353103e-06	7.522065e-09
1180          	4.145018e-07	7.580041e-07	7.073310e-07	1.343465e-06	7.469262e-09
1181          	4.118742e-07	7.534946e-07	7.031516e-07	1.333903e-06	7.416859e-09
1182          	4.092570e-07	7.490163e-07	6.991898e-07	1.324417e-06	7.364956e-09
1183          	4.066726e-07	7.445959e-07	6.949642e-07	1.315005e-06	7.313364e-09
1184          	4.040950e-07	7.401437e-07	6.907033e-07	1.305668e-06	7.262256e-09
1185          	4.015382e-07	7.357792e-07	6.867255e-07	1.296404e-06	7.211376e-09
1186          	3.990047e-07	7.314154e-07	6.825679e-07	1.287214e-06	7.160957e-09
1187          	3.964827e-07	7.271008e-07	6.783829e-07	1.278096e-06	7.111070e-09
1188          	3.939875e-07	7.227834e-07	6.743596e-07	1.269050e-06	7.061430e-09
1189          	3.915017e-07	7.184779e-07	6.709956e-07	1.260076e-06	7.012139e-09
1190          	3.890401e-07	7.142658e-07	6.663156e-07	1.251172e-06	6.963352e-09
1191          	3.865918e-07	7.099788e-07	6.622243e-07	1.242339e-06	6.914911e-09
1192          	3.841614e-07	7.057907e-07	6.584348e-07	1.233575e-06	6.866687e-09
1193          	3.817525e-07	7.016038e-07	6.542894e-07	1.224881e-06	6.818957e-09
1194          	3.793545e-07	6.974612e-07	6.503600e-07	1.216255e-06	6.771586e-09
1195          	3.769805e-07	6.933161e-07	6.464239e-07	1.207698e-06	6.724561e-09
1196          	3.746158e-07	6.891819e-07	6.430499e-07	1.199208e-06	6.677986e-09
1197          	3.722759e-07	6.851393e-07	6.386510e-07	1.190785e-06	6.631690e-09
1198          	3.699461e-07	6.810268e-07	6.347567e-07	1.182428e-06	6.585864e-09
1199          	3.676337e-07	6.770104e-07	6.310966e-07	1.174137e-06	6.540193e-09
1200          	3.653421e-07	6.729976e-07	6.271451e-07	1.165912e-06	6.494962e-09
1201          	3.630600e-07	6.690292e-07	6.233508e-07	1.157750e-06	6.450122e-09
1202          	3.608020e-07	6.650609e-07	6.195718e-07	1.149653e-06	6.405557e-09
1203          	3.585519e-07	6.611017e-07	6.164488e-07	1.141620e-06	6.361326e-09
1204          	3.563243e-07	6.572311e-07	6.121399e-07	1.133649e-06	6.317485e-09
1205          	3.541075e-07	6.532930e-07	6.083957e-07	1.125742e-06	6.274042e-09
1206          	3.519068e-07	6.494471e-07	6.048954e-07	1.117895e-06	6.230733e-09
1207          	3.497257e-07	6.456016e-07	6.011027e-07	1.110110e-06	6.187837e-09
1208          	3.475532e-07	6.418001e-07	5.974958e-07	1.102386e-06	6.145330e-09
1209          	3.454039e-07	6.379935e-07	5.938710e-07	1.094721e-06	6.103107e-09
1210          	3.432620e-07	6.342002e-07	5.909307e-07	1.087117e-06	6.061108e-09
1211          	3.411403e-07	6.304884e-07	5.867862e-07	1.079572e-06	6.019552e-09
1212          	3.390299e-07	6.267124e-07	5.831985e-07	1.072086e-06	5.978363e-09
1213          	3.369339e-07	6.230285e-07	5.798508e-07	1.064657e-06	5.937280e-09
1214          	3.348573e-07	6.193447e-07	5.762207e-07	1.057286e-06	5.896581e-09
1215          	3.327879e-07	6.157045e-07	5.727946e-07	1.049972e-06	5.856306e-09
1216          	3.307409e-07	6.120547e-07	5.693051e-07	1.042714e-06	5.816283e-09
1217          	3.287007e-07	6.084239e-07	5.665431e-07	1.035514e-06	5.776361e-09
1218          	3.266794e-07	6.048685e-07	5.625562e-07	1.028368e-06	5.736984e-09
1219          	3.246690e-07	6.012540e-07	5.591142e-07	1.021278e-06	5.697924e-09
1220          	3.226723e-07	5.977294e-07	5.559170e-07	1.014242e-06	5.658941e-09
1221          	3.206939e-07	5.942053e-07	5.524424e-07	1.007260e-06	5.620333e-09
1222          	3.187219e-07	5.907210e-07	5.491962e-07	1.000332e-06	5.582161e-09
1223          	3.167723e-07	5.872320e-07	5.458411e-07	9.934572e-07	5.544221e-09
1224          	3.148284e-07	5.837604e-07	5.432437e-07	9.866356e-07	5.506276e-09
1225          	3.129019e-07	5.803526e-07	5.394180e-07	9.798654e-07	5.468964e-09
1226          	3.109865e-07	5.769005e-07	5.361180e-07	9.731479e-07	5.431884e-09
1227          	3.090839e-07	5.735274e-07	5.330702e-07	9.664810e-07	5.394819e-09
1228          	3.071986e-07	5.701579e-07	5.297534e-07	9.598657e-07	5.358140e-09
1229          	3.053191e-07	5.668236e-07	5.266827e-07	9.533003e-07	5.321918e-09
1230          	3.034612e-07	5.634829e-07	5.234699e-07	9.467855e-07	5.285933e-09
1231          	3.016084e-07	5.601633e-07	5.210279e-07	9.403209e-07	5.249863e-09
1232          	2.997720e-07	5.568987e-07	5.173687e-07	9.339047e-07	5.214481e-09
1233          	2.979462e-07	5.535942e-07	5.142121e-07	9.275383e-07	5.179317e-09
1234          	2.961324e-07	5.503671e-07	5.113152e-07	9.212197e-07	5.144218e-09
1235          	2.943351e-07	5.471414e-07	5.081463e-07	9.149498e-07	5.109449e-09
1236          	2.925432e-07	5.439502e-07	5.052194e-07	9.087269e-07	5.075097e-09
1237          	2.907719e-07	5.407514e-07	5.021580e-07	9.025516e-07	5.040948e-09
1238          	2.890053e-07	5.375733e-07	4.998397e-07	8.964238e-07	5.006770e-09
1239          	2.872543e-07	5.344481e-07	4.963380e-07	8.903415e-07	4.973206e-09
1240          	2.855134e-07	5.312854e-07	4.933214e-07	8.843062e-07	4.939764e-09
1241          	2.837836e-07	5.281958e-07	4.905422e-07	8.783156e-07	4.906529e-09
1242          	2.820703e-07	5.251108e-07	4.875078e-07	8.723710e-07	4.873538e-09
1243          	2.803609e-07	5.220501e-07	4.846773e-07	8.664712e-07	4.840935e-09
1244          	2.786725e-07	5.190061e-07	4.819085e-07	8.606154e-07	4.808422e-09
1245          	2.769880e-07	5.159536e-07	4.788981e-07	8.548045e-07	4.776225e-09
1246          	2.753153e-07	5.129463e-07	4.761262e-07	8.490366e-07	4.744214e-09
1247          	2.736584e-07	5.099440e-07	4.733791e-07	8.433123e-07	4.712499e-09
1248          	2.720074e-07	5.069577e-07	4.710951e-07	8.376314e-07	4.680960e-09
1249          	2.703722e-07	5.040363e-07	4.677812e-07	8.319924e-07	4.649718e-09
1250          	2.687442e-07	5.010573e-07	4.650045e-07	8.263962e-07	4.618641e-09
1251          	2.671261e-07	4.981448e-07	4.623851e-07	8.208421e-07	4.587890e-09
1252          	2.655262e-07	4.952538e-07	4.597402e-07	8.153291e-07	4.557266e-09
1253          	2.639298e-07	4.923536e-07	4.568087e-07	8.098581e-07	4.526926e-09
1254          	2.623447e-07	4.894926e-07	4.542120e-07	8.044274e-07	4.496734e-09
1255          	2.607736e-07	4.866271e-07	4.515826e-07	7.990378e-07	4.466846e-09
1256          	2.592087e-07	4.837760e-07	4.494104e-07	7.936890e-07	4.437131e-09
1257          	2.576587e-07	4.809903e-07	4.462880e-07	7.883795e-07	4.407663e-09
1258          	2.561150e-07	4.781485e-07	4.436695e-07	7.831103e-07	4.378375e-09
1259          	2.545808e-07	4.753657e-07	4.413112e-07	7.778805e-07	4.349364e-09
1260          	2.530635e-07	4.726294e-07	4.385894e-07	7.726892e-07	4.320494e-09
1261          	2.515493e-07	4.698556e-07	4.358876e-07	7.675374e-07	4.291882e-09
1262          	2.500457e-07	4.671359e-07	4.334530e-07	7.624233e-07	4.263438e-09
1263          	2.485566e-07	4.644148e-07	4.308786e-07	7.573476e-07	4.235223e-09
1264          	2.470716e-07	4.617034e-07	4.287805e-07	7.523100e-07	4.207218e-09
1265          	2.456015e-07	4.590529e-07	4.258608e-07	7.473092e-07	4.179419e-09
1266          	2.441369e-07	4.563489e-07	4.233734e-07	7.423460e-07	4.151790e-09
1267          	2.426813e-07	4.537088e-07	4.210137e-07	7.374197e-07	4.124445e-09
1268          	2.412420e-07	4.510883e-07	4.186492e-07	7.325294e-07	4.097219e-09
1269          	2.398055e-07	4.484644e-07	4.160038e-07	7.276760e-07	4.070227e-09
1270          	2.383788e-07	4.458753e-07	4.136401e-07	7.228579e-07	4.043380e-09
1271          	2.369653e-07	4.432853e-07	4.112705e-07	7.180758e-07	4.016808e-09
1272          	2.355565e-07	4.407070e-07	4.093502e-07	7.133293e-07	3.990345e-09
1273          	2.341608e-07	4.381846e-07	4.064813e-07	7.086172e-07	3.964151e-09
1274          	2.327711e-07	4.356146e-07	4.041054e-07	7.039402e-07	3.938099e-09
1275          	2.313902e-07	4.330929e-07	4.020710e-07	6.992980e-07	3.912256e-09
1276          	2.300228e-07	4.306252e-07	3.994553e-07	6.946893e-07	3.886590e-09
1277          	2.286593e-07	4.281099e-07	3.970503e-07	6.901152e-07	3.861122e-09
1278          	2.273050e-07	4.256503e-07	3.948790e-07	6.855741e-07	3.835834e-09
1279          	2.259636e-07	4.231865e-07	3.924938e-07	6.810667e-07	3.810717e-09
1280          	2.246259e-07	4.207330e-07	3.906400e-07	6.765926e-07	3.785766e-09
1281          	2.233007e-07	4.183309e-07	3.879778e-07	6.721993e-07	3.761124e-09
1282          	2.219817e-07	4.158801e-07	3.855803e-07	6.678840e-07	3.736743e-09
1283          	2.206712e-07	4.134851e-07	3.832541e-07	6.636144e-07	3.712755e-09
1284          	2.193764e-07	4.111137e-07	3.811289e-07	6.593864e-07	3.688891e-09
1285          	2.180846e-07	4.087438e-07	3.790672e-07	6.551996e-07	3.665407e-09
1286          	2.168020e-07	4.064153e-07	3.776368e-07	6.510515e-07	3.641995e-09
1287          	2.155319e-07	4.040936e-07	3.766137e-07	6.469412e-07	3.619010e-09
1288          	2.142661e-07	4.017928e-07	3.763227e-07	6.428672e-07	3.596204e-09
1289          	2.130118e-07	3.995562e-07	3.755865e-07	6.388305e-07	3.573782e-09
1290          	2.117644e-07	3.972966e-07	3.762064e-07	6.348284e-07	3.551311e-09
1291          	2.105278e-07	3.950893e-07	3.767048e-07	6.308585e-07	3.529124e-09
1292          	2.092992e-07	3.929049e-07	3.769959e-07	6.269224e-07	3.507171e-09
1293          	2.080793e-07	3.907397e-07	3.773421e-07	6.230158e-07	3.485488e-09
1294          	2.068678e-07	3.885792e-07	3.779438e-07	6.191379e-07	3.464126e-09
1295          	2.056703e-07	3.866395e-07	3.798050e-07	6.152867e-07	3.442274e-09
1296          	2.044652e-07	3.841939e-07	3.792163e-07	6.114634e-07	3.421308e-09
1297          	2.032918e-07	3.824124e-07	3.803670e-07	6.076658e-07	3.400332e-09
1298          	2.021090e-07	3.802167e-07	3.812999e-07	6.038941e-07	3.379547e-09
1299          	2.009415e-07	3.781333e-07	3.816259e-07	6.001482e-07	3.358671e-09
1300          	1.997802e-07	3.761022e-07	3.825191e-07	5.964277e-07	3.338146e-09
1301          	1.986364e-07	3.741062e-07	3.825756e-07	5.927309e-07	3.317766e-09
1302          	1.974931e-07	3.720384e-07	3.833560e-07	5.890595e-07	3.297759e-09
1303          	1.963591e-07	3.699985e-07	3.841556e-07	5.854128e-07	3.277552e-09
1304          	1.952418e-07	3.679991e-07	3.844334e-07	5.817909e-07	3.257878e-09
1305          	1.941226e-07	3.659627e-07	3.856500e-07	5.781917e-07	3.238100e-09
1306          	1.930178e-07	3.639386e-07	3.862923e-07	5.746151e-07	3.218547e-09
1307          	1.919180e-07	3.619075e-07	3.866518e-07	5.710608e-07	3.199126e-09
1308          	1.908259e-07	3.598706e-07	3.869382e-07	5.675289e-07	3.179853e-09
1309          	1.897413e-07	3.578282e-07	3.872032e-07	5.640193e-07	3.160702e-09
1310          	1.886639e-07	3.557831e-07	3.874562e-07	5.605320e-07	3.141675e-09
1311          	1.875933e-07	3.537417e-07	3.876098e-07	5.570673e-07	3.122773e-09
1312          	1.865297e-07	3.517078e-07	3.877702e-07	5.536252e-07	3.104163e-09
1313          	1.854706e-07	3.496586e-07	3.883977e-07	5.502064e-07	3.085350e-09
1314          	1.844211e-07	3.476662e-07	3.878332e-07	5.468108e-07	3.066795e-09
1315          	1.833770e-07	3.456438e-07	3.884417e-07	5.434377e-07	3.048372e-09
1316          	1.823396e-07	3.436445e-07	3.879193e-07	5.400862e-07	3.030040e-09
1317          	1.813078e-07	3.416362e-07	3.880383e-07	5.367568e-07	3.011827e-09
1318          	1.802835e-07	3.396587e-07	3.876700e-07	5.334492e-07	2.993741e-09
1319          	1.792612e-07	3.376598e-07	3.876707e-07	5.301638e-07	2.975735e-09
1320          	1.782529e-07	3.357117e-07	3.874001e-07	5.268996e-07	2.957966e-09
1321          	1.772423e-07	3.337245e-07	3.871181e-07	5.236571e-07	2.939947e-09
1322          	1.762418e-07	3.317578e-07	3.869156e-07	5.204351e-07	2.922378e-09
1323          	1.752450e-07	3.298264e-07	3.871572e-07	5.172342e-07	2.904782e-09
1324          	1.742540e-07	3.279040e-07	3.865320e-07	5.140537e-07	2.887481e-09
1325          	1.732695e-07	3.260164e-07	3.858793e-07	5.108947e-07	2.869755e-09
1326          	1.722949e-07	3.241248e-07	3.849520e-07	5.077559e-07	2.852798e-09
1327          	1.713170e-07	3.222824e-07	3.846342e-07	5.046377e-07	2.835357e-09
1328          	1.703525e-07	3.204191e-07	3.845659e-07	5.015394e-07	2.818289e-09
1329          	1.693894e-07	3.185730e-07	3.839508e-07	4.984610e-07	2.801248e-09
1330          	1.684308e-07	3.167502e-07	3.832961e-07	4.954022e-07	2.784310e-09
1331          	1.674792e-07	3.149321e-07	3.825377e-07	4.923630e-07	2.767470e-09
1332          	1.665324e-07	3.131351e-07	3.817487e-07	4.893434e-07	2.750717e-09
1333          	1.655911e-07	3.113562e-07	3.809514e-07	4.863428e-07	2.734054e-09
1334          	1.646550e-07	3.095926e-07	3.801395e-07	4.833618e-07	2.717480e-09
1335          	1.637240e-07	3.078415e-07	3.793137e-07	4.803996e-07	2.700992e-09
1336          	1.627979e-07	3.061030e-07	3.784756e-07	4.774560e-07	2.684588e-09
1337          	1.618769e-07	3.043792e-07	3.776180e-07	4.745308e-07	2.668269e-09
1338          	1.609609e-07	3.026727e-07	3.767488e-07	4.716238e-07	2.652038e-09
1339          	1.600498e-07	3.009849e-07	3.758584e-07	4.687349e-07	2.635895e-09
1340          	1.591438e-07	2.993164e-07	3.749399e-07	4.658641e-07	2.619837e-09
1341          	1.582428e-07	2.976667e-07	3.739815e-07	4.630110e-07	2.603861e-09
1342          	1.573468e-07	2.960358e-07	3.729841e-07	4.601758e-07	2.587971e-09
1343          	1.564559e-07	2.944231e-07	3.719547e-07	4.573581e-07	2.572166e-09
1344          	1.555701e-07	2.928278e-07	3.709023e-07	4.545585e-07	2.556449e-09
1345          	1.546894e-07	2.912499e-07	3.698303e-07	4.517768e-07	2.540819e-09
1346          	1.538138e-07	2.896888e-07	3.687489e-07	4.490130e-07	2.525425e-09
1347          	1.529409e-07	2.881424e-07	3.677596e-07	4.462652e-07	2.509817e-09
1348          	1.520821e-07	2.866310e-07	3.664647e-07	4.435351e-07	2.494512e-09
1349          	1.512155e-07	2.851021e-07	3.654090e-07	4.408220e-07	2.479209e-09
1350          	1.503631e-07	2.836047e-07	3.644415e-07	4.381263e-07	2.464189e-09
1351          	1.495109e-07	2.821197e-07	3.630813e-07	4.354461e-07	2.448953e-09
1352          	1.486721e-07	2.806634e-07	3.619500e-07	4.327832e-07	2.434021e-09
1353          	1.478262e-07	2.791946e-07	3.608238e-07	4.301368e-07	2.419106e-09
1354          	1.469936e-07	2.777488e-07	3.596790e-07	4.275070e-07	2.404335e-09
1355          	1.461634e-07	2.763390e-07	3.586243e-07	4.248935e-07	2.389622e-09
1356          	1.453393e-07	2.749170e-07	3.572256e-07	4.222963e-07	2.375043e-09
1357          	1.445172e-07	2.735242e-07	3.559754e-07	4.197154e-07	2.360510e-09
1358          	1.437041e-07	2.721317e-07	3.546726e-07	4.171510e-07	2.346119e-09
1359          	1.428919e-07	2.707668e-07	3.533547e-07	4.146029e-07	2.331764e-09
1360          	1.420886e-07	2.694025e-07	3.520964e-07	4.120714e-07	2.317646e-09
1361          	1.412843e-07	2.680569e-07	3.508910e-07	4.095549e-07	2.303372e-09
1362          	1.404966e-07	2.667367e-07	3.495281e-07	4.070548e-07	2.289365e-09
1363          	1.397000e-07	2.653980e-07	3.482366e-07	4.045714e-07	2.275488e-09
1364          	1.389145e-07	2.640824e-07	3.467621e-07	4.021031e-07	2.261455e-09
1365          	1.381421e-07	2.628153e-07	3.459808e-07	3.996505e-07	2.247922e-09
1366          	1.373620e-07	2.615098e-07	3.442322e-07	3.972139e-07	2.234041e-09
1367          	1.365871e-07	2.602123e-07	3.430840e-07	3.947932e-07	2.220417e-09
1368          	1.358275e-07	2.589649e-07	3.419612e-07	3.923879e-07	2.206962e-09
1369          	1.350666e-07	2.577041e-07	3.402637e-07	3.899984e-07	2.193519e-09
1370          	1.343074e-07	2.564570e-07	3.390311e-07	3.876245e-07	2.180194e-09
1371          	1.335601e-07	2.552180e-07	3.376109e-07	3.852660e-07	2.166970e-09
1372          	1.328126e-07	2.540045e-07	3.362306e-07	3.829791e-07	2.153908e-09
1373          	1.320746e-07	2.527809e-07	3.345077e-07	3.807349e-07	2.141144e-09
1374          	1.313352e-07	2.515697e-07	3.328478e-07	3.785125e-07	2.128436e-09
1375          	1.306123e-07	2.503738e-07	3.317671e-07	3.763138e-07	2.115911e-09
1376          	1.298955e-07	2.491889e-07	3.299140e-07	3.741421e-07	2.103726e-09
1377          	1.291706e-07	2.479577e-07	3.289154e-07	3.719970e-07	2.091539e-09
1378          	1.284719e-07	2.468019e-07	3.285528e-07	3.698805e-07	2.079750e-09
1379          	1.277609e-07	2.456024e-07	3.287481e-07	3.677918e-07	2.067975e-09
1380          	1.270688e-07	2.444497e-07	3.290385e-07	3.657313e-07	2.056501e-09
1381          	1.263804e-07	2.433147e-07	3.292579e-07	3.636989e-07	2.045209e-09
1382          	1.256984e-07	2.422041e-07	3.304267e-07	3.616960e-07	2.034042e-09
1383          	1.250169e-07	2.410996e-07	3.315558e-07	3.597202e-07	2.023027e-09
1384          	1.243438e-07	2.400201e-07	3.321219e-07	3.577722e-07	2.012530e-09
1385          	1.236674e-07	2.389339e-07	3.339477e-07	3.558519e-07	2.001568e-09
1386          	1.230132e-07	2.379053e-07	3.361763e-07	3.539578e-07	1.991371e-09
1387          	1.223561e-07	2.368843e-07	3.381819e-07	3.520907e-07	1.980916e-09
1388          	1.217079e-07	2.358783e-07	3.412298e-07	3.502483e-07	1.970856e-09
1389          	1.210643e-07	2.348972e-07	3.439267e-07	3.484305e-07	1.960896e-09
1390          	1.204286e-07	2.339241e-07	3.466218e-07	3.466369e-07	1.951166e-09
1391          	1.197997e-07	2.329532e-07	3.495275e-07	3.448669e-07	1.941556e-09
1392          	1.191799e-07	2.320005e-07	3.526482e-07	3.431203e-07	1.932257e-09
1393          	1.185650e-07	2.310343e-07	3.561629e-07	3.413980e-07	1.923206e-09
1394          	1.179521e-07	2.300661e-07	3.600773e-07	3.397003e-07	1.914012e-09
1395          	1.173591e-07	2.291729e-07	3.648159e-07	3.380235e-07	1.905055e-09
1396          	1.167749e-07	2.282175e-07	3.687360e-07	3.363694e-07	1.896263e-09
1397          	1.161817e-07	2.272438e-07	3.724051e-07	3.347379e-07	1.887960e-09
1398          	1.155973e-07	2.262897e-07	3.765351e-07	3.331284e-07	1.879319e-09
1399          	1.150299e-07	2.253760e-07	3.806723e-07	3.315409e-07	1.871069e-09
1400          	1.144641e-07	2.244533e-07	3.848052e-07	3.299760e-07	1.863394e-09
1401          	1.138994e-07	2.235130e-07	3.893376e-07	3.284329e-07	1.855290e-09
1402          	1.133566e-07	2.226130e-07	3.944470e-07	3.269131e-07	1.847517e-09
1403          	1.128053e-07	2.216609e-07	3.997237e-07	3.254148e-07	1.839823e-09
1404          	1.122629e-07	2.207230e-07	4.046939e-07	3.239377e-07	1.832374e-09
1405          	1.117288e-07	2.197981e-07	4.094875e-07	3.224821e-07	1.825092e-09
1406          	1.112004e-07	2.188791e-07	4.144132e-07	3.210473e-07	1.817965e-09
1407          	1.106768e-07	2.179579e-07	4.194773e-07	3.196331e-07	1.811434e-09
1408          	1.101553e-07	2.170423e-07	4.252264e-07	3.182388e-07	1.804261e-09
1409          	1.096545e-07	2.161768e-07	4.303444e-07	3.168647e-07	1.797979e-09
1410          	1.091400e-07	2.152717e-07	4.361769e-07	3.155110e-07	1.790841e-09
1411          	1.086446e-07	2.144059e-07	4.420120e-07	3.141767e-07	1.784327e-09
1412          	1.081513e-07	2.135529e-07	4.477786e-07	3.128625e-07	1.777960e-09
1413          	1.076624e-07	2.127019e-07	4.535754e-07	3.115687e-07	1.771738e-09
1414          	1.071784e-07	2.118572e-07	4.594361e-07	3.102937e-07	1.765650e-09
1415          	1.066994e-07	2.110204e-07	4.653737e-07	3.090377e-07	1.759694e-09
1416          	1.062255e-07	2.101913e-07	4.713869e-07	3.078002e-07	1.753858e-09
1417          	1.057567e-07	2.093696e-07	4.774740e-07	3.065814e-07	1.748131e-09
1418          	1.052927e-07	2.085556e-07	4.836330e-07	3.053813e-07	1.743638e-09
1419          	1.048287e-07	2.077552e-07	4.905083e-07	3.041990e-07	1.737560e-09
1420          	1.043866e-07	2.069571e-07	4.965426e-07	3.030344e-07	1.732960e-09
1421          	1.039284e-07	2.061843e-07	5.033731e-07	3.018868e-07	1.726530e-09
1422          	1.034887e-07	2.053950e-07	5.102063e-07	3.007559e-07	1.721333e-09
1423          	1.030520e-07	2.046350e-07	5.169017e-07	2.996420e-07	1.716234e-09
1424          	1.026185e-07	2.038776e-07	5.236135e-07	2.985463e-07	1.711263e-09
1425          	1.021894e-07	2.031257e-07	5.303626e-07	2.974675e-07	1.706396e-09
1426          	1.017645e-07	2.023852e-07	5.371567e-07	2.964049e-07	1.701641e-09
1427          	1.013442e-07	2.016574e-07	5.440103e-07	2.953600e-07	1.697002e-09
1428          	1.009279e-07	2.009414e-07	5.509249e-07	2.943323e-07	1.692468e-09
1429          	1.005159e-07	2.002367e-07	5.579066e-07	2.933212e-07	1.688045e-09
1430          	1.001078e-07	1.995425e-07	5.649486e-07	2.923263e-07	1.683727e-09
1431          	9.970366e-08	1.988595e-07	5.720507e-07	2.913475e-07	1.679514e-09
1432          	9.930379e-08	1.981893e-07	5.792183e-07	2.903846e-07	1.675407e-09
1433          	9.890813e-08	1.975347e-07	5.864714e-07	2.894373e-07	1.674312e-09
1434          	9.851178e-08	1.969514e-07	5.944870e-07	2.885041e-07	1.668812e-09
1435          	9.813328e-08	1.962274e-07	6.016869e-07	2.875880e-07	1.667021e-09
1436          	9.774313e-08	1.957205e-07	6.095500e-07	2.866893e-07	1.660350e-09
1437          	9.736541e-08	1.950776e-07	6.175936e-07	2.858058e-07	1.656713e-09
1438          	9.699202e-08	1.944997e-07	6.254411e-07	2.849368e-07	1.653223e-09
1439          	9.662043e-08	1.939417e-07	6.332864e-07	2.840839e-07	1.649878e-09
1440          	9.625225e-08	1.933965e-07	6.411624e-07	2.832454e-07	1.646651e-09
1441          	9.588857e-08	1.928695e-07	6.490856e-07	2.824213e-07	1.643545e-09
1442          	9.552824e-08	1.923618e-07	6.570598e-07	2.816106e-07	1.640549e-09
1443          	9.517419e-08	1.918770e-07	6.651024e-07	2.808143e-07	1.637680e-09
1444          	9.482367e-08	1.914103e-07	6.732093e-07	2.800319e-07	1.634928e-09
1445          	9.447684e-08	1.909622e-07	6.813791e-07	2.792639e-07	1.632305e-09
1446          	9.413410e-08	1.905349e-07	6.896149e-07	2.785098e-07	1.629812e-09
1447          	9.379530e-08	1.901276e-07	6.979188e-07	2.777731e-07	1.627459e-09
1448          	9.346060e-08	1.897417e-07	7.062935e-07	2.770546e-07	1.625274e-09
1449          	9.312553e-08	1.893687e-07	7.147701e-07	2.763483e-07	1.623177e-09
1450          	9.280269e-08	1.890310e-07	7.233121e-07	2.756550e-07	1.621723e-09
1451          	9.245441e-08	1.886887e-07	7.332962e-07	2.749740e-07	1.619839e-09
1452          	9.214280e-08	1.884372e-07	7.447073e-07	2.743067e-07	1.618286e-09
1453          	9.183956e-08	1.881616e-07	7.543751e-07	2.736524e-07	1.616667e-09
1454          	9.153721e-08	1.879322e-07	7.630452e-07	2.730101e-07	1.615254e-09
1455          	9.123352e-08	1.877294e-07	7.714737e-07	2.723813e-07	1.614049e-09
1456          	9.093110e-08	1.875517e-07	7.800047e-07	2.717697e-07	1.613045e-09
1457          	9.063255e-08	1.874114e-07	7.887533e-07	2.711716e-07	1.612256e-09
1458          	9.033858e-08	1.873059e-07	7.977635e-07	2.705861e-07	1.611666e-09
1459          	9.004946e-08	1.872322e-07	8.070369e-07	2.700144e-07	1.611244e-09
1460          	8.976487e-08	1.871848e-07	8.165637e-07	2.694583e-07	1.610983e-09
1461          	8.948461e-08	1.871655e-07	8.262977e-07	2.689153e-07	1.610889e-09
1462          	8.920878e-08	1.871773e-07	8.361850e-07	2.683862e-07	1.610974e-09
1463          	8.893727e-08	1.872216e-07	8.461998e-07	2.678722e-07	1.611229e-09
1464          	8.867010e-08	1.873021e-07	8.563149e-07	2.673741e-07	1.611722e-09
1465          	8.840769e-08	1.874179e-07	8.665244e-07	2.668901e-07	1.612537e-09
1466          	8.815027e-08	1.875745e-07	8.768317e-07	2.664209e-07	1.613465e-09
1467          	8.789771e-08	1.877695e-07	8.872237e-07	2.659693e-07	1.614513e-09
1468          	8.764967e-08	1.880075e-07	8.977031e-07	2.655328e-07	1.615689e-09
1469          	8.740612e-08	1.882864e-07	9.082738e-07	2.651107e-07	1.616999e-09
1470          	8.716719e-08	1.886089e-07	9.189447e-07	2.647045e-07	1.618447e-09
1471          	8.693308e-08	1.889738e-07	9.297203e-07	2.643156e-07	1.620051e-09
1472          	8.670416e-08	1.893797e-07	9.406070e-07	2.639441e-07	1.621796e-09
1473          	8.648107e-08	1.898339e-07	9.516023e-07	2.635871e-07	1.623699e-09
1474          	8.626288e-08	1.903309e-07	9.627181e-07	2.632466e-07	1.625755e-09
1475          	8.604954e-08	1.908730e-07	9.739569e-07	2.629238e-07	1.627968e-09
1476          	8.584107e-08	1.914556e-07	9.853196e-07	2.626175e-07	1.630351e-09
1477          	8.563778e-08	1.920813e-07	9.968071e-07	2.623286e-07	1.632889e-09
1478          	8.543990e-08	1.927477e-07	1.008424e-06	2.620572e-07	1.635566e-09
1479          	8.524706e-08	1.934562e-07	1.020174e-06	2.618034e-07	1.638382e-09
1480          	8.505950e-08	1.942072e-07	1.032055e-06	2.615704e-07	1.641322e-09
1481          	8.487886e-08	1.950022e-07	1.044072e-06	2.613541e-07	1.644571e-09
1482          	8.468699e-08	1.958028e-07	1.056359e-06	2.611578e-07	1.647748e-09
1483          	8.453879e-08	1.967282e-07	1.068559e-06	2.609812e-07	1.651224e-09
1484          	8.434837e-08	1.975848e-07	1.081056e-06	2.608246e-07	1.654557e-09
1485          	8.421594e-08	1.986423e-07	1.093542e-06	2.606892e-07	1.658435e-09
1486          	8.403269e-08	1.995808e-07	1.106361e-06	2.605734e-07	1.662169e-09
1487          	8.388670e-08	2.006339e-07	1.119289e-06	2.602830e-07	1.665880e-09
1488          	8.374478e-08	2.017506e-07	1.130991e-06	2.571253e-07	1.665471e-09
1489          	8.353699e-08	2.024214e-07	1.122129e-06	2.550760e-07	1.662777e-09
1490          	8.328949e-08	2.026938e-07	1.102638e-06	2.529356e-07	1.658984e-09
1491          	8.301208e-08	2.027731e-07	1.078192e-06	2.505859e-07	1.654277e-09
1492          	8.271324e-08	2.027824e-07	1.051450e-06	2.481917e-07	1.648782e-09
1493          	8.240243e-08	2.027965e-07	1.024775e-06	2.458812e-07	1.642538e-09
1494          	8.207461e-08	2.028907e-07	9.981237e-07	2.436319e-07	1.635459e-09
1495          	8.174314e-08	2.031064e-07	9.716087e-07	2.414624e-07	1.634412e-09
1496          	8.141893e-08	2.033903e-07	9.449047e-07	2.393910e-07	1.619753e-09
1497          	8.107643e-08	2.038972e-07	9.204295e-07	2.374243e-07	1.610735e-09
1498          	8.073337e-08	2.045975e-07	8.974556e-07	2.355692e-07	1.601970e-09
1499          	8.039168e-08	2.055545e-07	8.765923e-07	2.338245e-07	1.592997e-09
1500          	8.004992e-08	2.067031e-07	8.577104e-07	2.321853e-07	1.583932e-09
1501          	7.970272e-08	2.080185e-07	8.419840e-07	2.306523e-07	1.574760e-09
1502          	7.935346e-08	2.095037e-07	8.272727e-07	2.292470e-07	1.565730e-09
1503          	7.900115e-08	2.111438e-07	8.152098e-07	2.280026e-07	1.566952e-09
1504          	7.867362e-08	2.128083e-07	8.023794e-07	2.269126e-07	1.557710e-09
1505          	7.827387e-08	2.145743e-07	7.936969e-07	2.259558e-07	1.550508e-09
1506          	7.796510e-08	2.161409e-07	7.859347e-07	2.251229e-07	1.541141e-09
1507          	7.758939e-08	2.178236e-07	7.799397e-07	2.244191e-07	1.527471e-09
1508          	7.726192e-08	2.191851e-07	7.760834e-07	2.238230e-07	1.516698e-09
1509          	7.694476e-08	2.205574e-07	7.717431e-07	2.233121e-07	1.509315e-09
1510          	7.663442e-08	2.217787e-07	7.681420e-07	2.228665e-07	1.502602e-09
1511          	7.633416e-08	2.228188e-07	7.650612e-07	2.224727e-07	1.496301e-09
1512          	7.605839e-08	2.236807e-07	7.622477e-07	2.221226e-07	1.490756e-09
1513          	7.581011e-08	2.243962e-07	7.597859e-07	2.217897e-07	1.485859e-09
1514          	7.558708e-08	2.249855e-07	7.587076e-07	2.214664e-07	1.481497e-09
1515          	7.537890e-08	2.254632e-07	7.580214e-07	2.211523e-07	1.477527e-09
1516          	7.519417e-08	2.258595e-07	7.575812e-07	2.201572e-07	1.472963e-09
1517          	7.500996e-08	2.261431e-07	7.556455e-07	2.188676e-07	1.469800e-09
1518          	7.481056e-08	2.263776e-07	7.517065e-07	2.176359e-07	1.467923e-09
1519          	7.460747e-08	2.264218e-07	7.417570e-07	2.163923e-07	1.456580e-09
1520          	7.438260e-08	2.265567e-07	7.310003e-07	2.151518e-07	1.449710e-09
1521          	7.413254e-08	2.266242e-07	7.177754e-07	2.138899e-07	1.442113e-09
1522          	7.388188e-08	2.266689e-07	7.019591e-07	2.126212e-07	1.433648e-09
1523          	7.364068e-08	2.267935e-07	6.852141e-07	2.113384e-07	1.424325e-09
1524          	7.340272e-08	2.270067e-07	6.692636e-07	2.100239e-07	1.414196e-09
1525          	7.317309e-08	2.272627e-07	6.529518e-07	2.086953e-07	1.403480e-09
1526          	7.294663e-08	2.275307e-07	6.356339e-07	2.073580e-07	1.393347e-09
1527          	7.273075e-08	2.278113e-07	6.172655e-07	2.060027e-07	1.381335e-09
1528          	7.253008e-08	2.281690e-07	5.985358e-07	2.046272e-07	1.370018e-09
1529          	7.233557e-08	2.285074e-07	5.794647e-07	2.032350e-07	1.358539e-09
1530          	7.214607e-08	2.288135e-07	5.601979e-07	2.018368e-07	1.347056e-09
1531          	7.196005e-08	2.291031e-07	5.411754e-07	2.004520e-07	1.335968e-09
1532          	7.176880e-08	2.293737e-07	5.223308e-07	1.990775e-07	1.324378e-09
1533          	7.158316e-08	2.296977e-07	5.042562e-07	1.977222e-07	1.313097e-09
1534          	7.139360e-08	2.300390e-07	4.878124e-07	1.963799e-07	1.302107e-09
1535          	7.119698e-08	2.304024e-07	4.712778e-07	1.950541e-07	1.291272e-09
1536          	7.099874e-08	2.307889e-07	4.557363e-07	1.937524e-07	1.280416e-09
1537          	7.079125e-08	2.312185e-07	4.405855e-07	1.924785e-07	1.269758e-09
1538          	7.058585e-08	2.316574e-07	4.271522e-07	1.912367e-07	1.258954e-09
1539          	7.037311e-08	2.320331e-07	4.153585e-07	1.900284e-07	1.248329e-09
1540          	7.016749e-08	2.323711e-07	4.015364e-07	1.888456e-07	1.237890e-09
1541          	6.995807e-08	2.325559e-07	3.896972e-07	1.876889e-07	1.227603e-09
1542          	6.975701e-08	2.326867e-07	3.788031e-07	1.865691e-07	1.217681e-09
1543          	6.955614e-08	2.326306e-07	3.696409e-07	1.854939e-07	1.207656e-09
1544          	6.936988e-08	2.324440e-07	3.601239e-07	1.844775e-07	1.197937e-09
1545          	6.919193e-08	2.321070e-07	3.504352e-07	1.834904e-07	1.188383e-09
1546          	6.902188e-08	2.316134e-07	3.406333e-07	1.825236e-07	1.179139e-09
1547          	6.886039e-08	2.309978e-07	3.304803e-07	1.815709e-07	1.169976e-09
1548          	6.870222e-08	2.302703e-07	3.222089e-07	1.806276e-07	1.161660e-09
1549          	6.855462e-08	2.294975e-07	3.134547e-07	1.796991e-07	1.152603e-09
1550          	6.841000e-08	2.286225e-07	3.059298e-07	1.787841e-07	1.144167e-09
1551          	6.826729e-08	2.277411e-07	2.989988e-07	1.778830e-07	1.135995e-09
1552          	6.812885e-08	2.268718e-07	2.920934e-07	1.769902e-07	1.127684e-09
1553          	6.798519e-08	2.260125e-07	2.853615e-07	1.761017e-07	1.119598e-09
1554          	6.784482e-08	2.252952e-07	2.787358e-07	1.752191e-07	1.111928e-09
1555          	6.770340e-08	2.246210e-07	2.726379e-07	1.743409e-07	1.103720e-09
1556          	6.755936e-08	2.239918e-07	2.667908e-07	1.734714e-07	1.095973e-09
1557          	6.741663e-08	2.234241e-07	2.612472e-07	1.726094e-07	1.088331e-09
1558          	6.727682e-08	2.229024e-07	2.560333e-07	1.717517e-07	1.080757e-09
1559          	6.713814e-08	2.224043e-07	2.507558e-07	1.709029e-07	1.073455e-09
1560          	6.700315e-08	2.219174e-07	2.469267e-07	1.700609e-07	1.066292e-09
1561          	6.687190e-08	2.214064e-07	2.425747e-07	1.692300e-07	1.059322e-09
1562          	6.674431e-08	2.209088e-07	2.379500e-07	1.684074e-07	1.052491e-09
1563          	6.661665e-08	2.203612e-07	2.334778e-07	1.675889e-07	1.045831e-09
1564          	6.649105e-08	2.197715e-07	2.293049e-07	1.667769e-07	1.039416e-09
1565          	6.636782e-08	2.191464e-07	2.257001e-07	1.659665e-07	1.032930e-09
1566          	6.624186e-08	2.184876e-07	2.232491e-07	1.651598e-07	1.026617e-09
1567          	6.611714e-08	2.177111e-07	2.185195e-07	1.643575e-07	1.020483e-09
1568          	6.599519e-08	2.169585e-07	2.153221e-07	1.635574e-07	1.014525e-09
1569          	6.587243e-08	2.161630e-07	2.121291e-07	1.627590e-07	1.008508e-09
1570          	6.574881e-08	2.152861e-07	2.089508e-07	1.619655e-07	1.002915e-09
1571          	6.562931e-08	2.144193e-07	2.067283e-07	1.611758e-07	9.968446e-10
1572          	6.550488e-08	2.134914e-07	2.041495e-07	1.603886e-07	9.911714e-10
1573          	6.538412e-08	2.125384e-07	2.012952e-07	1.596034e-07	9.855584e-10
1574          	6.526430e-08	2.115695e-07	1.985004e-07	1.588228e-07	9.800243e-10
1575          	6.514587e-08	2.105584e-07	1.958290e-07	1.580458e-07	9.745719e-10
1576          	6.502868e-08	2.095083e-07	1.932334e-07	1.572698e-07	9.691970e-10
1577          	6.491238e-08	2.084262e-07	1.906948e-07	1.564953e-07	9.640588e-10
1578          	6.479801e-08	2.073290e-07	1.883702e-07	1.557221e-07	9.586999e-10
1579          	6.468391e-08	2.061792e-07	1.868102e-07	1.549504e-07	9.538020e-10
1580          	6.457372e-08	2.050252e-07	1.835510e-07	1.541860e-07	9.485574e-10
1581          	6.445854e-08	2.038147e-07	1.818728e-07	1.534216e-07	9.439172e-10
1582          	6.434841e-08	2.026159e-07	1.801638e-07	1.526570e-07	9.387283e-10
1583          	6.423736e-08	2.013761e-07	1.781451e-07	1.518909e-07	9.339338e-10
1584          	6.412671e-08	2.001204e-07	1.760564e-07	1.511228e-07	9.291957e-10
1585          	6.401654e-08	1.988401e-07	1.739119e-07	1.503541e-07	9.245490e-10
1586          	6.390641e-08	1.975439e-07	1.717613e-07	1.495853e-07	9.199779e-10
1587          	6.379602e-08	1.962426e-07	1.696440e-07	1.488182e-07	9.154897e-10
1588          	6.368576e-08	1.949358e-07	1.676085e-07	1.480540e-07	9.110612e-10
1589          	6.357486e-08	1.936252e-07	1.656720e-07	1.472905e-07	9.067207e-10
1590          	6.346422e-08	1.923089e-07	1.638167e-07	1.465306e-07	9.024104e-10
1591          	6.335706e-08	1.909950e-07	1.621414e-07	1.457742e-07	8.981921e-10
1592          	6.324415e-08	1.896594e-07	1.604460e-07	1.450199e-07	8.940132e-10
1593          	6.313293e-08	1.883155e-07	1.587619e-07	1.442708e-07	8.899933e-10
1594          	6.302493e-08	1.869882e-07	1.570608e-07	1.435239e-07	8.859505e-10
1595          	6.291439e-08	1.856089e-07	1.549105e-07	1.427822e-07	8.820433e-10
1596          	6.280474e-08	1.842507e-07	1.539955e-07	1.420424e-07	8.779907e-10
1597          	6.269669e-08	1.828667e-07	1.525233e-07	1.413069e-07	8.744066e-10
1598          	6.259036e-08	1.815174e-07	1.505889e-07	1.405767e-07	8.704687e-10
1599          	6.248234e-08	1.801237e-07	1.487675e-07	1.398502e-07	8.667979e-10
1600          	6.236717e-08	1.787204e-07	1.476156e-07	1.391278e-07	8.631109e-10
1601          	6.226443e-08	1.773508e-07	1.460022e-07	1.384117e-07	8.596009e-10
1602          	6.215190e-08	1.759812e-07	1.454840e-07	1.377001e-07	8.560776e-10
1603          	6.203829e-08	1.745792e-07	1.445315e-07	1.369950e-07	8.526129e-10
1604          	6.192421e-08	1.732068e-07	1.433198e-07	1.362938e-07	8.492120e-10
1605          	6.180930e-08	1.718489e-07	1.420446e-07	1.355986e-07	8.458545e-10
1606          	6.169326e-08	1.705022e-07	1.407642e-07	1.349114e-07	8.425443e-10
1607          	6.157785e-08	1.691751e-07	1.394885e-07	1.342307e-07	8.392741e-10
1608          	6.145890e-08	1.678637e-07	1.382427e-07	1.335572e-07	8.360517e-10
1609          	6.134038e-08	1.665759e-07	1.370535e-07	1.328911e-07	8.328717e-10
1610          	6.122175e-08	1.653161e-07	1.359166e-07	1.322330e-07	8.296085e-10
1611          	6.110827e-08	1.641202e-07	1.348270e-07	1.315807e-07	8.266708e-10
1612          	6.098154e-08	1.628635e-07	1.337949e-07	1.309353e-07	8.236037e-10
1613          	6.085892e-08	1.616556e-07	1.327598e-07	1.302995e-07	8.205919e-10
1614          	6.073615e-08	1.604761e-07	1.317334e-07	1.296726e-07	8.176000e-10
1615          	6.061315e-08	1.593180e-07	1.307132e-07	1.290529e-07	8.146453e-10
1616          	6.048805e-08	1.581704e-07	1.297172e-07	1.284417e-07	8.117169e-10
1617          	6.036250e-08	1.570400e-07	1.287371e-07	1.278387e-07	8.088202e-10
1618          	6.023628e-08	1.559289e-07	1.277751e-07	1.272436e-07	8.059551e-10
1619          	6.010920e-08	1.548343e-07	1.268332e-07	1.266556e-07	8.031446e-10
1620          	5.998130e-08	1.537557e-07	1.259151e-07	1.260763e-07	8.003702e-10
1621          	5.985255e-08	1.526937e-07	1.250279e-07	1.255057e-07	7.976311e-10
1622          	5.972306e-08	1.516488e-07	1.241677e-07	1.249427e-07	7.949223e-10
1623          	5.959282e-08	1.506222e-07	1.233346e-07	1.243878e-07	7.922421e-10
1624          	5.946295e-08	1.496167e-07	1.225127e-07	1.238432e-07	7.896080e-10
1625          	5.933031e-08	1.486261e-07	1.217075e-07	1.233060e-07	7.868454e-10
1626          	5.920255e-08	1.476980e-07	1.208838e-07	1.227778e-07	7.844439e-10
1627          	5.906505e-08	1.467101e-07	1.200966e-07	1.222584e-07	7.818714e-10
1628          	5.893139e-08	1.457733e-07	1.193166e-07	1.217490e-07	7.793495e-10
1629          	5.879709e-08	1.448624e-07	1.185450e-07	1.212470e-07	7.768454e-10
1630          	5.866230e-08	1.439703e-07	1.177845e-07	1.207537e-07	7.743638e-10
1631          	5.852688e-08	1.430973e-07	1.170344e-07	1.202705e-07	7.719040e-10
1632          	5.839095e-08	1.422415e-07	1.162917e-07	1.197957e-07	7.694593e-10
1633          	5.825457e-08	1.414028e-07	1.155554e-07	1.193286e-07	7.670339e-10
1634          	5.811763e-08	1.405782e-07	1.148309e-07	1.188690e-07	7.646262e-10
1635          	5.798034e-08	1.397676e-07	1.141160e-07	1.184185e-07	7.621898e-10
1636          	5.784699e-08	1.390198e-07	1.136523e-07	1.179755e-07	7.597826e-10
1637          	5.770896e-08	1.382171e-07	1.124299e-07	1.175389e-07	7.576855e-10
1638          	5.756309e-08	1.373917e-07	1.122153e-07	1.171100e-07	7.550468e-10
1639          	5.743270e-08	1.366710e-07	1.111705e-07	1.166878e-07	7.530251e-10
1640          	5.728497e-08	1.358764e-07	1.107435e-07	1.162731e-07	7.504052e-10
1641          	5.715279e-08	1.351690e-07	1.099344e-07	1.158641e-07	7.484150e-10
1642          	5.700482e-08	1.343918e-07	1.094833e-07	1.154622e-07	7.458135e-10
1643          	5.687152e-08	1.336992e-07	1.087324e-07	1.150661e-07	7.438501e-10
1644          	5.672249e-08	1.329323e-07	1.082741e-07	1.146753e-07	7.412597e-10
1645          	5.658812e-08	1.322556e-07	1.075091e-07	1.142908e-07	7.389349e-10
1646          	5.644843e-08	1.316050e-07	1.078399e-07	1.139117e-07	7.370126e-10
1647          	5.629832e-08	1.308305e-07	1.075494e-07	1.135372e-07	7.346885e-10
1648          	5.615621e-08	1.301369e-07	1.069416e-07	1.131682e-07	7.324402e-10
1649          	5.601191e-08	1.294537e-07	1.062487e-07	1.128038e-07	7.301836e-10
1650          	5.586668e-08	1.287740e-07	1.055499e-07	1.124442e-07	7.279335e-10
1651          	5.572106e-08	1.281020e-07	1.048664e-07	1.120890e-07	7.256784e-10
1652          	5.557493e-08	1.274393e-07	1.042059e-07	1.117378e-07	7.234274e-10
1653          	5.542810e-08	1.267838e-07	1.035767e-07	1.113896e-07	7.215149e-10
1654          	5.527586e-08	1.260698e-07	1.027052e-07	1.110467e-07	7.188652e-10
1655          	5.513832e-08	1.255490e-07	1.021961e-07	1.107070e-07	7.167837e-10
1656          	5.498247e-08	1.248499e-07	1.017339e-07	1.103713e-07	7.143804e-10
1657          	5.483663e-08	1.242229e-07	1.011063e-07	1.100373e-07	7.124122e-10
1658          	5.468631e-08	1.235774e-07	1.011908e-07	1.097063e-07	7.103352e-10
1659          	5.453099e-08	1.228753e-07	9.961803e-08	1.093803e-07	7.074295e-10
1660          	5.439205e-08	1.223746e-07	9.949813e-08	1.090566e-07	7.056468e-10
1661          	5.423203e-08	1.216797e-07	9.935757e-08	1.087364e-07	7.033385e-10
1662          	5.408243e-08	1.210526e-07	9.887578e-08	1.084183e-07	7.011293e-10
1663          	5.393057e-08	1.204290e-07	9.829866e-08	1.081033e-07	6.989044e-10
1664          	5.377829e-08	1.198024e-07	9.765004e-08	1.077907e-07	6.966914e-10
1665          	5.362402e-08	1.191705e-07	9.698975e-08	1.074806e-07	6.944742e-10
1666          	5.346967e-08	1.185455e-07	9.633514e-08	1.071729e-07	6.922579e-10
1667          	5.331479e-08	1.179278e-07	1.182841e-07	1.066938e-07	7.013153e-10
1668          	5.038341e-08	1.132498e-07	1.012043e-07	1.063346e-07	7.093752e-10
1669          	5.041250e-08	1.131002e-07	9.716893e-08	1.059893e-07	7.064458e-10
1670          	5.030862e-08	1.127412e-07	9.552433e-08	1.056545e-07	7.027056e-10
1671          	5.016049e-08	1.126398e-07	9.423056e-08	1.053311e-07	6.998464e-10
1672          	5.002312e-08	1.124715e-07	9.375782e-08	1.050151e-07	6.972212e-10
1673          	4.987535e-08	1.122809e-07	9.297125e-08	1.047079e-07	6.947801e-10
1674          	4.972774e-08	1.120847e-07	9.177602e-08	1.044103e-07	6.922704e-10
1675          	4.957868e-08	1.118447e-07	9.089528e-08	1.041199e-07	6.899734e-10
1676          	4.943686e-08	1.115534e-07	9.061659e-08	1.038346e-07	6.877804e-10
1677          	4.928539e-08	1.111602e-07	8.988495e-08	1.035559e-07	6.854730e-10
1678          	4.913905e-08	1.106636e-07	8.939067e-08	1.032818e-07	6.833278e-10
1679          	4.899475e-08	1.101131e-07	8.916418e-08	1.030120e-07	6.811569e-10
1680          	4.884800e-08	1.094850e-07	8.876168e-08	1.027452e-07	6.790174e-10
1681          	4.870238e-08	1.088254e-07	8.835230e-08	1.024821e-07	6.768423e-10
1682          	4.855410e-08	1.081176e-07	8.808743e-08	1.022215e-07	6.748889e-10
1683          	4.840011e-08	1.073908e-07	8.829737e-08	1.019636e-07	6.723916e-10
1684          	4.826510e-08	1.067338e-07	8.730122e-08	1.017091e-07	6.701974e-10
1685          	4.810910e-08	1.060174e-07	8.671950e-08	1.014595e-07	6.681525e-10
1686          	4.795429e-08	1.053384e-07	8.681334e-08	1.012144e-07	6.655425e-10
1687          	4.781955e-08	1.047632e-07	8.583546e-08	1.009739e-07	6.634773e-10
1688          	4.765912e-08	1.041344e-07	8.614086e-08	1.007394e-07	6.608082e-10
1689          	4.752561e-08	1.036173e-07	8.487885e-08	1.005110e-07	6.587370e-10
1690          	4.737080e-08	1.030984e-07	8.495358e-08	1.002871e-07	6.561475e-10
1691          	4.724165e-08	1.026697e-07	8.365950e-08	1.000668e-07	6.540833e-10
1692          	4.708823e-08	1.021863e-07	8.391246e-08	9.985147e-08	6.515480e-10
1693          	4.696197e-08	1.018153e-07	8.284577e-08	9.963806e-08	6.496020e-10
1694          	4.681226e-08	1.014184e-07	8.311469e-08	9.942574e-08	6.472288e-10
1695          	4.668730e-08	1.010968e-07	8.208037e-08	9.921333e-08	6.453918e-10
1696          	4.653409e-08	1.007120e-07	8.257034e-08	9.900086e-08	6.429906e-10
1697          	4.640554e-08	1.004406e-07	8.172780e-08	9.878609e-08	6.413201e-10
1698          	4.624794e-08	1.001242e-07	8.221048e-08	9.856947e-08	6.389689e-10
1699          	4.611399e-08	9.990023e-08	8.131746e-08	9.835033e-08	6.372425e-10
1700          	4.594895e-08	9.961550e-08	8.191219e-08	9.812992e-08	6.347623e-10
1701          	4.580763e-08	9.944949e-08	8.112933e-08	9.790725e-08	6.330825e-10
1702          	4.563807e-08	9.925334e-08	8.162273e-08	9.768282e-08	6.305049e-10
1703          	4.549339e-08	9.915119e-08	8.067946e-08	9.745744e-08	6.285757e-10
1704          	4.532111e-08	9.898476e-08	8.114927e-08	9.723327e-08	6.254150e-10
1705          	4.517871e-08	9.901730e-08	8.132641e-08	9.700828e-08	6.239205e-10
1706          	4.500561e-08	9.882586e-08	8.105621e-08	9.678415e-08	6.212875e-10
1707          	4.485363e-08	9.875453e-08	8.053586e-08	9.656078e-08	6.189259e-10
1708          	4.469512e-08	9.866262e-08	7.998593e-08	9.633705e-08	6.169813e-10
1709          	4.453386e-08	9.846378e-08	7.917200e-08	9.611324e-08	6.138700e-10
1710          	4.438627e-08	9.844048e-08	7.769860e-08	9.588803e-08	6.117448e-10
1711          	4.421884e-08	9.826000e-08	7.767629e-08	9.565984e-08	6.092705e-10
1712          	4.407924e-08	9.811083e-08	7.696288e-08	9.542687e-08	6.071609e-10
1713          	4.391428e-08	9.788234e-08	7.713233e-08	9.518878e-08	6.047754e-10
1714          	4.377519e-08	9.767623e-08	7.593432e-08	9.494531e-08	6.027013e-10
1715          	4.361045e-08	9.735313e-08	7.615489e-08	9.469735e-08	5.999119e-10
1716          	4.347490e-08	9.717728e-08	7.638453e-08	9.444203e-08	5.983205e-10
1717          	4.330735e-08	9.675949e-08	7.619934e-08	9.418046e-08	5.958742e-10
1718          	4.315781e-08	9.643991e-08	7.571833e-08	9.391235e-08	5.940633e-10
1719          	4.298976e-08	9.599023e-08	7.501349e-08	9.364075e-08	5.911888e-10
1720          	4.284305e-08	9.574037e-08	7.428952e-08	9.336597e-08	5.887267e-10
1721          	4.268205e-08	9.546821e-08	7.407707e-08	9.308817e-08	5.865678e-10
1722          	4.252073e-08	9.506329e-08	7.298368e-08	9.280907e-08	5.843043e-10
1723          	4.236268e-08	9.469018e-08	7.280262e-08	9.252892e-08	5.816651e-10
1724          	4.220722e-08	9.435088e-08	7.195260e-08	9.224913e-08	5.795656e-10
1725          	4.204429e-08	9.394862e-08	7.161483e-08	9.196974e-08	5.769186e-10
1726          	4.189096e-08	9.358517e-08	7.090839e-08	9.169105e-08	5.748743e-10
1727          	4.172980e-08	9.315730e-08	7.050795e-08	9.141280e-08	5.722980e-10
1728          	4.157754e-08	9.276484e-08	6.985607e-08	9.113510e-08	5.703287e-10
1729          	4.141710e-08	9.230581e-08	6.942687e-08	9.085672e-08	5.678318e-10
1730          	4.126530e-08	9.188007e-08	6.879287e-08	9.057813e-08	5.659332e-10
1731          	4.110512e-08	9.138743e-08	6.841173e-08	9.029866e-08	5.634910e-10
1732          	4.095319e-08	9.092700e-08	6.785561e-08	9.001868e-08	5.616309e-10
1733          	4.079253e-08	9.039814e-08	6.755786e-08	8.973791e-08	5.592186e-10
1734          	4.063925e-08	8.990313e-08	6.705686e-08	8.945684e-08	5.573675e-10
1735          	4.047655e-08	8.934262e-08	6.683484e-08	8.917504e-08	5.549445e-10
1736          	4.032073e-08	8.881974e-08	6.634197e-08	8.889336e-08	5.530699e-10
1737          	4.015549e-08	8.823522e-08	6.612757e-08	8.861189e-08	5.506381e-10
1738          	3.999727e-08	8.769349e-08	6.565024e-08	8.833186e-08	5.487321e-10
1739          	3.983003e-08	8.709247e-08	6.541879e-08	8.805310e-08	5.463014e-10
1740          	3.967012e-08	8.653596e-08	6.491613e-08	8.777683e-08	5.443694e-10
1741          	3.950161e-08	8.592467e-08	6.465089e-08	8.750256e-08	5.419529e-10
1742          	3.934078e-08	8.535842e-08	6.413589e-08	8.723102e-08	5.400242e-10
1743          	3.917161e-08	8.473963e-08	6.385135e-08	8.696167e-08	5.376359e-10
1744          	3.901011e-08	8.416687e-08	6.331534e-08	8.669488e-08	5.357188e-10
1745          	3.884030e-08	8.354431e-08	6.303301e-08	8.642956e-08	5.339246e-10
1746          	3.866146e-08	8.290740e-08	6.283896e-08	8.616627e-08	5.314915e-10
1747          	3.852567e-08	8.239918e-08	6.240039e-08	8.590253e-08	5.291709e-10
1748          	3.834290e-08	8.177515e-08	6.180163e-08	8.563968e-08	5.272348e-10
1749          	3.816591e-08	8.113638e-08	6.235169e-08	8.537674e-08	5.251129e-10
1750          	3.801238e-08	8.055568e-08	6.144068e-08	8.511247e-08	5.233096e-10
1751          	3.782308e-08	7.992060e-08	6.103801e-08	8.484846e-08	5.207539e-10
1752          	3.768376e-08	7.942282e-08	6.086019e-08	8.458248e-08	5.191559e-10
1753          	3.748094e-08	7.875294e-08	6.044328e-08	8.431680e-08	5.163926e-10
1754          	3.734060e-08	7.826148e-08	6.014588e-08	8.404914e-08	5.147721e-10
1755          	3.713716e-08	7.760778e-08	5.984829e-08	8.378190e-08	5.117837e-10
1756          	3.698802e-08	7.711640e-08	6.024332e-08	8.351335e-08	5.098123e-10
1757          	3.680374e-08	7.651889e-08	6.002779e-08	8.324480e-08	5.074146e-10
1758          	3.663282e-08	7.597758e-08	5.962330e-08	8.297593e-08	5.051835e-10
1759          	3.645719e-08	7.543135e-08	5.914716e-08	8.270701e-08	5.029160e-10
1760          	3.628369e-08	7.489418e-08	5.865490e-08	8.243789e-08	5.006629e-10
1761          	3.610934e-08	7.436393e-08	5.816510e-08	8.216841e-08	4.984017e-10
1762          	3.593486e-08	7.384013e-08	5.769923e-08	8.189830e-08	4.961478e-10
1763          	3.576032e-08	7.332045e-08	5.727456e-08	8.162745e-08	4.938965e-10
1764          	3.558572e-08	7.280358e-08	5.689051e-08	8.135557e-08	4.916457e-10
1765          	3.541101e-08	7.228950e-08	5.653415e-08	8.108252e-08	4.897334e-10
1766          	3.522622e-08	7.173664e-08	5.640751e-08	8.080799e-08	4.870543e-10
1767          	3.506538e-08	7.128747e-08	5.555266e-08	8.053189e-08	4.849891e-10
1768          	3.488514e-08	7.076798e-08	5.564100e-08	8.025404e-08	4.825248e-10
1769          	3.471308e-08	7.030010e-08	5.502337e-08	7.997467e-08	4.804563e-10
1770          	3.453331e-08	6.978453e-08	5.492635e-08	7.969354e-08	4.779888e-10
1771          	3.436233e-08	6.932579e-08	5.450724e-08	7.941114e-08	4.759043e-10
1772          	3.418166e-08	6.882110e-08	5.432364e-08	7.912731e-08	4.734354e-10
1773          	3.401092e-08	6.837645e-08	5.392210e-08	7.884258e-08	4.713374e-10
1774          	3.382996e-08	6.788702e-08	5.369313e-08	7.855661e-08	4.688765e-10
1775          	3.365954e-08	6.745758e-08	5.325982e-08	7.826994e-08	4.667740e-10
1776          	3.347875e-08	6.698136e-08	5.301216e-08	7.798223e-08	4.643246e-10
1777          	3.330883e-08	6.656176e-08	5.255437e-08	7.769395e-08	4.622248e-10
1778          	3.312851e-08	6.609402e-08	5.232105e-08	7.740468e-08	4.597905e-10
1779          	3.295911e-08	6.568095e-08	5.186187e-08	7.711479e-08	4.576996e-10
1780          	3.277945e-08	6.521982e-08	5.165238e-08	7.682381e-08	4.552814e-10
1781          	3.261050e-08	6.481319e-08	5.120364e-08	7.653211e-08	4.531951e-10
1782          	3.243229e-08	6.437191e-08	5.095643e-08	7.623913e-08	4.508124e-10
1783          	3.226238e-08	6.395547e-08	5.055650e-08	7.594542e-08	4.487146e-10
1784          	3.208547e-08	6.352195e-08	5.031718e-08	7.565035e-08	4.463425e-10
1785          	3.191616e-08	6.311857e-08	4.992939e-08	7.535451e-08	4.442432e-10
1786          	3.173987e-08	6.269509e-08	4.969719e-08	7.505735e-08	4.418774e-10
1787          	3.157100e-08	6.230032e-08	4.931777e-08	7.475952e-08	4.397797e-10
1788          	3.139539e-08	6.188672e-08	4.909066e-08	7.446041e-08	4.381401e-10
1789          	3.120841e-08	6.142572e-08	4.903972e-08	7.416158e-08	4.351464e-10
1790          	3.107384e-08	6.116891e-08	4.865359e-08	7.386070e-08	4.330561e-10
1791          	3.088139e-08	6.072160e-08	4.817424e-08	7.356015e-08	4.308394e-10
1792          	3.071060e-08	6.032612e-08	4.795797e-08	7.325862e-08	4.292630e-10
1793          	3.052530e-08	5.987544e-08	6.411515e-08	7.295487e-08	4.270052e-10
1794          	3.029301e-08	6.220845e-08	5.996741e-08	7.265533e-08	4.305456e-10
1795          	3.017873e-08	5.988869e-08	5.021228e-08	7.235324e-08	4.242553e-10
1796          	3.004906e-08	5.901594e-08	6.294419e-08	7.204720e-08	4.207185e-10
1797          	2.975578e-08	6.089209e-08	5.869892e-08	7.174641e-08	4.212822e-10
1798          	2.971284e-08	5.885003e-08	6.023371e-08	7.144063e-08	4.183607e-10
1799          	2.944394e-08	6.030834e-08	5.857598e-08	7.114022e-08	4.194769e-10
1800          	2.935872e-08	5.804819e-08	5.993746e-08	7.083367e-08	4.154688e-10
1801          	2.913392e-08	5.944148e-08	5.804385e-08	7.053238e-08	4.151872e-10
1802          	2.903690e-08	5.724707e-08	5.919298e-08	7.022530e-08	4.114151e-10
1803          	2.881122e-08	5.860194e-08	5.728068e-08	6.992213e-08	4.125038e-10
1804          	2.870110e-08	5.630531e-08	5.834026e-08	6.961681e-08	4.068956e-10
1805          	2.850121e-08	5.796303e-08	5.711357e-08	6.931477e-08	4.071566e-10
1806          	2.839134e-08	5.573337e-08	5.812150e-08	6.900684e-08	4.023289e-10
1807          	2.817519e-08	5.712228e-08	5.611538e-08	6.870492e-08	4.017926e-10
1808          	2.807349e-08	5.508573e-08	5.697838e-08	6.839741e-08	3.974929e-10
1809          	2.783659e-08	5.636471e-08	5.550615e-08	6.809427e-08	3.983881e-10
1810          	2.775766e-08	5.425478e-08	5.637636e-08	6.778894e-08	3.935230e-10
1811          	2.752585e-08	5.581539e-08	5.490963e-08	6.748614e-08	3.939932e-10
1812          	2.743692e-08	5.367740e-08	5.624336e-08	6.718165e-08	3.902239e-10
1813          	2.722228e-08	5.525405e-08	5.459315e-08	6.688092e-08	3.897544e-10
1814          	2.711379e-08	5.320239e-08	5.563125e-08	6.657467e-08	3.847116e-10
1815          	2.687468e-08	5.447725e-08	5.395421e-08	6.627470e-08	3.834871e-10
1816          	2.682836e-08	5.268187e-08	5.476347e-08	6.596803e-08	3.807434e-10
1817          	2.655647e-08	5.385310e-08	5.324350e-08	6.566715e-08	3.805282e-10
1818          	2.650260e-08	5.194165e-08	5.407946e-08	6.536293e-08	3.765061e-10
1819          	2.627099e-08	5.342651e-08	5.260607e-08	6.506276e-08	3.757457e-10
1820          	2.619075e-08	5.147496e-08	5.367589e-08	6.475842e-08	3.720641e-10
1821          	2.594728e-08	5.279258e-08	5.272036e-08	6.445624e-08	3.738539e-10
1822          	2.588410e-08	5.064022e-08	5.345665e-08	6.415266e-08	3.680642e-10
1823          	2.566432e-08	5.219393e-08	4.420868e-08	6.385133e-08	3.648760e-10
1824          	2.547268e-08	5.177358e-08	5.536565e-08	6.354846e-08	3.650659e-10
1825          	2.544435e-08	4.985919e-08	5.168719e-08	6.324506e-08	3.616183e-10
1826          	2.519824e-08	5.122309e-08	4.318457e-08	6.294575e-08	3.580478e-10
1827          	2.502725e-08	5.088155e-08	5.439057e-08	6.264632e-08	3.582660e-10
1828          	2.500709e-08	4.907110e-08	5.105806e-08	6.234501e-08	3.556465e-10
1829          	2.475495e-08	5.032277e-08	4.297165e-08	6.204660e-08	3.551659e-10
1830          	2.457584e-08	4.973904e-08	4.178565e-08	6.174700e-08	3.505074e-10
1831          	2.451805e-08	4.932616e-08	4.073942e-08	6.144896e-08	3.472653e-10
1832          	2.429476e-08	4.885914e-08	4.057374e-08	6.114888e-08	3.485166e-10
1833          	2.418893e-08	4.848614e-08	4.065335e-08	6.085203e-08	3.432937e-10
1834          	2.404559e-08	4.827519e-08	3.946281e-08	6.055788e-08	3.411625e-10
1835          	2.388869e-08	4.788789e-08	3.972558e-08	6.026055e-08	3.425932e-10
1836          	2.376961e-08	4.742305e-08	3.975501e-08	5.996641e-08	3.374723e-10
1837          	2.363132e-08	4.719695e-08	3.880991e-08	5.967475e-08	3.355242e-10
1838          	2.347469e-08	4.681591e-08	3.906635e-08	5.937990e-08	3.369189e-10
1839          	2.335828e-08	4.638886e-08	3.910853e-08	5.909054e-08	3.314946e-10
1840          	2.321935e-08	4.627857e-08	3.904376e-08	5.879956e-08	3.321806e-10
1841          	2.306150e-08	4.577425e-08	3.878153e-08	5.850756e-08	3.304448e-10
1842          	2.295247e-08	4.552009e-08	3.878984e-08	5.822026e-08	3.260015e-10
1843          	2.280280e-08	4.541199e-08	3.859560e-08	5.793155e-08	3.262128e-10
1844          	2.264941e-08	4.498961e-08	3.836255e-08	5.764195e-08	3.250488e-10
1845          	2.253628e-08	4.478928e-08	3.833168e-08	5.735753e-08	3.204326e-10
1846          	2.239298e-08	4.470403e-08	3.819313e-08	5.707173e-08	3.209062e-10
1847          	2.223499e-08	4.423714e-08	3.769551e-08	5.678720e-08	3.176473e-10
1848          	2.212520e-08	4.408342e-08	3.699062e-08	5.650323e-08	3.164185e-10
1849          	2.198169e-08	4.386228e-08	3.682325e-08	5.622010e-08	3.141429e-10
1850          	2.185088e-08	4.364848e-08	3.651269e-08	5.593788e-08	3.127228e-10
1851          	2.171081e-08	4.339577e-08	3.631030e-08	5.565643e-08	3.106021e-10
1852          	2.158502e-08	4.315611e-08	3.616562e-08	5.537593e-08	3.090999e-10
1853          	2.144709e-08	4.289268e-08	3.596064e-08	5.509616e-08	3.070202e-10
1854          	2.132216e-08	4.265315e-08	3.579261e-08	5.481735e-08	3.055365e-10
1855          	2.118600e-08	4.239610e-08	3.559235e-08	5.453928e-08	3.034913e-10
1856          	2.106220e-08	4.215935e-08	3.541731e-08	5.426215e-08	3.020232e-10
1857          	2.092765e-08	4.190489e-08	3.520927e-08	5.398270e-08	3.017461e-10
1858          	2.079556e-08	4.150966e-08	3.489123e-08	5.371016e-08	2.974204e-10
1859          	2.068009e-08	4.157273e-08	3.495183e-08	5.343461e-08	2.983704e-10
1860          	2.051347e-08	4.100370e-08	3.530148e-08	5.316014e-08	2.955287e-10
1861          	2.046236e-08	4.103652e-08	3.507728e-08	5.288820e-08	2.926984e-10
1862          	2.027775e-08	4.073881e-08	3.442709e-08	5.261586e-08	2.929248e-10
1863          	2.013902e-08	4.026591e-08	3.453333e-08	5.234663e-08	2.892213e-10
1864          	2.008771e-08	4.035699e-08	3.434541e-08	5.207534e-08	2.886171e-10
1865          	1.991193e-08	3.992813e-08	3.379312e-08	5.180671e-08	2.863360e-10
1866          	1.979975e-08	3.974057e-08	3.351762e-08	5.153795e-08	2.859470e-10
1867          	1.964782e-08	3.932645e-08	3.389238e-08	5.127262e-08	2.825510e-10
1868          	1.958913e-08	3.937243e-08	3.352791e-08	5.100551e-08	2.820068e-10
1869          	1.942650e-08	3.895236e-08	3.312226e-08	5.074098e-08	2.797401e-10
1870          	1.931414e-08	3.875032e-08	3.285443e-08	5.047639e-08	2.793218e-10
1871          	1.916498e-08	3.834661e-08	3.315622e-08	5.021518e-08	2.760327e-10
1872          	1.910732e-08	3.839488e-08	3.278350e-08	4.995166e-08	2.765358e-10
1873          	1.892096e-08	3.785715e-08	3.293284e-08	4.969272e-08	2.728701e-10
1874          	1.887383e-08	3.792617e-08	3.251047e-08	4.943169e-08	2.724845e-10
1875          	1.871238e-08	3.749881e-08	3.206552e-08	4.917325e-08	2.701565e-10
1876          	1.860382e-08	3.730161e-08	3.177035e-08	4.891476e-08	2.697277e-10
1877          	1.845929e-08	3.690686e-08	3.204316e-08	4.865960e-08	2.665564e-10
1878          	1.840315e-08	3.694831e-08	3.168237e-08	4.840226e-08	2.670229e-10
1879          	1.822265e-08	3.642515e-08	3.182300e-08	4.814944e-08	2.634973e-10
1880          	1.817699e-08	3.648911e-08	3.142714e-08	4.789413e-08	2.640059e-10
1881          	1.799449e-08	3.595183e-08	3.153139e-08	4.764334e-08	2.604214e-10
1882          	1.794881e-08	3.601256e-08	3.111256e-08	4.739011e-08	2.609293e-10
1883          	1.776876e-08	3.548156e-08	3.121619e-08	4.714135e-08	2.573922e-10
1884          	1.772374e-08	3.554093e-08	3.078456e-08	4.689017e-08	2.578977e-10
1885          	1.754543e-08	3.501564e-08	3.087116e-08	4.664340e-08	2.543969e-10
1886          	1.750063e-08	3.507403e-08	3.043705e-08	4.639421e-08	2.548906e-10
1887          	1.732431e-08	3.455458e-08	3.050956e-08	4.614940e-08	2.514403e-10
1888          	1.727986e-08	3.461175e-08	3.008399e-08	4.590220e-08	2.519107e-10
1889          	1.710549e-08	3.409868e-08	3.015298e-08	4.565937e-08	2.485142e-10
1890          	1.706147e-08	3.415584e-08	2.974040e-08	4.541420e-08	2.489629e-10
1891          	1.688902e-08	3.364950e-08	2.981279e-08	4.517338e-08	2.456140e-10
1892          	1.684555e-08	3.370679e-08	2.941091e-08	4.493040e-08	2.460361e-10
1893          	1.667825e-08	3.321803e-08	2.944584e-08	4.469131e-08	2.426640e-10
1894          	1.662603e-08	3.325234e-08	2.905457e-08	4.445045e-08	2.431303e-10
1895          	1.646564e-08	3.277925e-08	2.911425e-08	4.421337e-08	2.398266e-10
1896          	1.641568e-08	3.281558e-08	2.871932e-08	4.397441e-08	2.402866e-10
1897          	1.625650e-08	3.234772e-08	2.876700e-08	4.373899e-08	2.369111e-10
1898          	1.619588e-08	3.232142e-08	2.899024e-08	4.350253e-08	2.369306e-10
1899          	1.606855e-08	3.201566e-08	2.877821e-08	4.326772e-08	2.345610e-10
1900          	1.597028e-08	3.182595e-08	2.850254e-08	4.303367e-08	2.335249e-10
1901          	1.587034e-08	3.161811e-08	2.823716e-08	4.280045e-08	2.320111e-10
1902          	1.576840e-08	3.141534e-08	2.796293e-08	4.256809e-08	2.306641e-10
1903          	1.566685e-08	3.121636e-08	2.772754e-08	4.233662e-08	2.292981e-10
1904          	1.556599e-08	3.101589e-08	2.753419e-08	4.210607e-08	2.279457e-10
1905          	1.546587e-08	3.081342e-08	2.737375e-08	4.187645e-08	2.265974e-10
1906          	1.536642e-08	3.061050e-08	2.722951e-08	4.164776e-08	2.252579e-10
1907          	1.526757e-08	3.040837e-08	2.708927e-08	4.142001e-08	2.239269e-10
1908          	1.516929e-08	3.020777e-08	2.694662e-08	4.119319e-08	2.226038e-10
1909          	1.507157e-08	3.000902e-08	2.679955e-08	4.096730e-08	2.212887e-10
1910          	1.497440e-08	2.981210e-08	2.664768e-08	4.074233e-08	2.199801e-10
1911          	1.487779e-08	2.961692e-08	2.649124e-08	4.051824e-08	2.186780e-10
1912          	1.478175e-08	2.942331e-08	2.633191e-08	4.029474e-08	2.179704e-10
1913          	1.467242e-08	2.917649e-08	2.645073e-08	4.007272e-08	2.159291e-10
1914          	1.459673e-08	2.903466e-08	2.614673e-08	3.985112e-08	2.151148e-10
1915          	1.449798e-08	2.886252e-08	2.601879e-08	3.963039e-08	2.133512e-10
1916          	1.440562e-08	2.867712e-08	2.593552e-08	3.941047e-08	2.123821e-10
1917          	1.430641e-08	2.847929e-08	2.579746e-08	3.919144e-08	2.109140e-10
1918          	1.422044e-08	2.828894e-08	2.573529e-08	3.897325e-08	2.098333e-10
1919          	1.412195e-08	2.809632e-08	2.557779e-08	3.875594e-08	2.084038e-10
1920          	1.403643e-08	2.791543e-08	2.548383e-08	3.853953e-08	2.073232e-10
1921          	1.393905e-08	2.773308e-08	2.531352e-08	3.832402e-08	2.059301e-10
1922          	1.385461e-08	2.755814e-08	2.520936e-08	3.810944e-08	2.048466e-10
1923          	1.375831e-08	2.737778e-08	2.503932e-08	3.789578e-08	2.034781e-10
1924          	1.367501e-08	2.720313e-08	2.493417e-08	3.768306e-08	2.024003e-10
1925          	1.357984e-08	2.702302e-08	2.477232e-08	3.747125e-08	2.010530e-10
1926          	1.349749e-08	2.684873e-08	2.466399e-08	3.726037e-08	1.999882e-10
1927          	1.340356e-08	2.667032e-08	2.450628e-08	3.705037e-08	1.986560e-10
1928          	1.332213e-08	2.649770e-08	2.439413e-08	3.684127e-08	1.976041e-10
1929          	1.322935e-08	2.632145e-08	2.423854e-08	3.663302e-08	1.962881e-10
1930          	1.314892e-08	2.615133e-08	2.412427e-08	3.642566e-08	1.952441e-10
1931          	1.305719e-08	2.597745e-08	2.397075e-08	3.621915e-08	1.939465e-10
1932          	1.297778e-08	2.581015e-08	2.385584e-08	3.601353e-08	1.929096e-10
1933          	1.288709e-08	2.563897e-08	2.370558e-08	3.580877e-08	1.916302e-10
1934          	1.280867e-08	2.547442e-08	2.359070e-08	3.560493e-08	1.906026e-10
1935          	1.271908e-08	2.530612e-08	2.344389e-08	3.540198e-08	1.893403e-10
1936          	1.264162e-08	2.514401e-08	2.332858e-08	3.519997e-08	1.883239e-10
1937          	1.255316e-08	2.497839e-08	2.318375e-08	3.499888e-08	1.870789e-10
1938          	1.247666e-08	2.481835e-08	2.306728e-08	3.479875e-08	1.860740e-10
1939          	1.238935e-08	2.465497e-08	2.292202e-08	3.459953e-08	1.848462e-10
1940          	1.231381e-08	2.449676e-08	2.280280e-08	3.440128e-08	1.838519e-10
1941          	1.222761e-08	2.433531e-08	2.265562e-08	3.420392e-08	1.826400e-10
1942          	1.215301e-08	2.417886e-08	2.253382e-08	3.400752e-08	1.816556e-10
1943          	1.206789e-08	2.401927e-08	2.238577e-08	3.381200e-08	1.804579e-10
1944          	1.199421e-08	2.386470e-08	2.226332e-08	3.361741e-08	1.794830e-10
1945          	1.191016e-08	2.370709e-08	2.211656e-08	3.342385e-08	1.784714e-10
1946          	1.182514e-08	2.350708e-08	2.255306e-08	3.323102e-08	1.771497e-10
1947          	1.176251e-08	2.341300e-08	2.225596e-08	3.303908e-08	1.764116e-10
1948          	1.168174e-08	2.327605e-08	2.178188e-08	3.284817e-08	1.751675e-10
1949          	1.159651e-08	2.307477e-08	2.206636e-08	3.265786e-08	1.744891e-10
1950          	1.151620e-08	2.289224e-08	2.235631e-08	3.246874e-08	1.725871e-10
1951          	1.146188e-08	2.283086e-08	2.204566e-08	3.228008e-08	1.725754e-10
1952          	1.136567e-08	2.263262e-08	2.245500e-08	3.209327e-08	1.706027e-10
1953          	1.132313e-08	2.260267e-08	2.203197e-08	3.190584e-08	1.708844e-10
1954          	1.120533e-08	2.226459e-08	2.203249e-08	3.172111e-08	1.682675e-10
1955          	1.117205e-08	2.226605e-08	2.144290e-08	3.153560e-08	1.689118e-10
1956          	1.105880e-08	2.196930e-08	2.141253e-08	3.135198e-08	1.668229e-10
1957          	1.099687e-08	2.186321e-08	2.147961e-08	3.116914e-08	1.660392e-10
1958          	1.093306e-08	2.176350e-08	2.151709e-08	3.098706e-08	1.648871e-10
1959          	1.086107e-08	2.163247e-08	2.149251e-08	3.080584e-08	1.638108e-10
1960          	1.078816e-08	2.149113e-08	2.143494e-08	3.062551e-08	1.627820e-10
1961          	1.071678e-08	2.134637e-08	2.137592e-08	3.044607e-08	1.617864e-10
1962          	1.064595e-08	2.119964e-08	2.132044e-08	3.026752e-08	1.607980e-10
1963          	1.057551e-08	2.105386e-08	2.126510e-08	3.008984e-08	1.598197e-10
1964          	1.050558e-08	2.091096e-08	2.120771e-08	2.991303e-08	1.588488e-10
1965          	1.043616e-08	2.077115e-08	2.114667e-08	2.973709e-08	1.578823e-10
1966          	1.036719e-08	2.063387e-08	2.108028e-08	2.956203e-08	1.569200e-10
1967          	1.029864e-08	2.049829e-08	2.100783e-08	2.938784e-08	1.559641e-10
1968          	1.023051e-08	2.036373e-08	2.092993e-08	2.921453e-08	1.550140e-10
1969          	1.016280e-08	2.022979e-08	2.084799e-08	2.904210e-08	1.540692e-10
1970          	1.009552e-08	2.009646e-08	2.076346e-08	2.887054e-08	1.531300e-10
1971          	1.002866e-08	1.996392e-08	2.067701e-08	2.869987e-08	1.521972e-10
1972          	9.962235e-09	1.983232e-08	4.020325e-08	2.832186e-08	1.330658e-10
1973          	1.011642e-08	8.512988e-09	4.612267e-08	2.815683e-08	1.563286e-10
1974          	9.910389e-09	2.120315e-08	4.234351e-08	2.780615e-08	1.355963e-10
1975          	9.961988e-09	9.703853e-09	1.479652e-08	2.747220e-08	1.212303e-10
1976          	9.961992e-09	9.750002e-09	1.422225e-08	2.715021e-08	1.121689e-10
1977          	1.004114e-08	1.047075e-08	3.265349e-08	2.695704e-08	1.399662e-10
1978          	9.819067e-09	1.726567e-08	3.670949e-08	2.665095e-08	1.213501e-10
1979          	9.917145e-09	8.704740e-09	1.398140e-08	2.634671e-08	1.120321e-10
1980          	9.907836e-09	8.725111e-09	1.359511e-08	2.605357e-08	1.057394e-10
1981          	9.968209e-09	9.513048e-09	1.319382e-08	2.576402e-08	1.038348e-10
1982          	9.993556e-09	1.013249e-08	2.845992e-08	2.549177e-08	1.044473e-10
1983          	1.008497e-08	6.437424e-09	5.475651e-08	2.526977e-08	1.339001e-10
1984          	9.712743e-09	1.820863e-08	4.168485e-08	2.502632e-08	1.169677e-10
1985          	9.789101e-09	9.075495e-09	1.290908e-08	2.476858e-08	1.041733e-10
1986          	9.777141e-09	9.070782e-09	1.272621e-08	2.451966e-08	9.847114e-11
