x_mm,y_mm,z_mm,U,V,W,k,omega,p,nut,R_xx,R_yy,R_zz,R_xy,R_xz,R_yz
80.0,-400.0,28.0,35.149574,0.26508552,0.5296025,6.1635785,818.22986,-61.499985,0.0075631873,4.2685657,4.15318,3.9011965,-0.11633428,-1.787643,-0.23148169
80.0,-400.0,38.0,37.40596,0.60202616,0.6402271,5.8664713,726.9402,-61.543255,0.007934757,4.0715876,3.879794,3.779792,-0.044937115,-1.7559879,-0.31519124
80.0,-400.0,58.0,41.808792,1.3230137,0.7159326,2.912398,578.09515,-61.57847,0.0048196493,2.0294292,1.862536,1.9352418,0.023833312,-0.9284776,-0.15270942
80.0,-400.0,78.0,43.85679,1.6513308,0.6612699,0.30862513,208.8288,-61.525173,0.0014261708,0.2201462,0.17778638,0.22049789,-0.016199617,0.0017412672,-0.010573831
80.0,-400.0,98.0,43.10862,1.6962318,0.5566128,0.110457584,98.658394,-61.458733,0.0011151048,0.08257429,0.055249177,0.08490917,-0.008982658,0.047360837,-0.0026201226
80.0,-400.0,118.0,42.471645,1.7155926,0.4734998,0.040925145,47.872704,-61.33776,0.00078150723,0.034009025,0.014844882,0.033857018,-0.006459675,0.016872909,-0.00095728715
80.0,-400.0,138.0,42.22747,1.7546018,0.4062121,0.015008475,23.488115,-61.100647,0.0004770028,0.014248777,0.00366469,0.01244647,-0.003569111,0.0030707514,-0.0009470209
80.0,-400.0,158.0,42.155674,1.7782904,0.35511696,0.0057396903,11.287332,-60.760715,0.0001722509,0.0053542913,0.0017780152,0.0045497427,-0.0012197876,0.00044479774,-0.00060873764
80.0,-400.0,178.0,42.137596,1.7998271,0.30475324,0.0028331873,5.525484,-60.27786,6.818545e-05,0.0024920912,0.001007943,0.0022184935,-0.00045761184,5.029819e-05,-0.00027382368
80.0,-400.0,198.0,42.14522,1.824408,0.24783236,0.0016415964,2.2069962,-59.64466,3.2984823e-05,0.0013858543,0.00063176686,0.001296509,-0.00021176957,1.7518547e-05,-0.00014854094
80.0,-400.0,218.0,42.14551,1.8603517,0.19012654,0.0013239993,1.0937493,-58.879906,2.7210013e-05,0.0011230065,0.0004988031,0.0010609652,-0.000164716,3.856878e-05,-6.711901e-05
80.0,-400.0,238.0,42.130642,1.8992097,0.12713644,0.0011859784,0.6564143,-57.91988,2.2666945e-05,0.0009904924,0.0004169601,0.0009823465,-0.0001311974,5.075052e-05,-1.4786989e-05
80.0,-400.0,258.0,42.107105,1.9398733,0.04811677,0.001125207,0.48059514,-56.875595,2.2545166e-05,0.0009479983,0.0004226585,0.00090650714,-0.000115554314,6.233112e-05,-4.2103296e-05
80.0,-400.0,278.0,42.07588,1.9466531,-0.034485426,0.0011062614,0.40317652,-55.696484,2.1558273e-05,0.00092550437,0.0004048689,0.00090562034,-0.0001016717,6.8245296e-05,-4.332369e-05
80.0,-400.0,298.0,42.03919,1.930083,-0.13546915,0.0010955968,0.36130866,-54.43953,1.9499601e-05,0.0008989724,0.00038730045,0.000925023,-8.2213664e-05,6.5430526e-05,-5.8653604e-05
80.0,-400.0,318.0,42.003185,1.9138348,-0.21976069,0.0010923911,0.3311917,-53.1417,1.9605359e-05,0.00089556206,0.00039196026,0.00092458335,-7.247253e-05,6.422599e-05,5.9224654e-05
80.0,-400.0,338.0,41.965652,1.8966439,-0.31472695,0.0010911749,0.31862596,-51.809753,1.8163599e-05,0.0008796159,0.0003947912,0.0009219192,-5.7242927e-05,6.1710794e-05,0.00012291761
80.0,-400.0,358.0,41.930737,1.8879504,-0.40929145,0.0010905035,0.2992691,-50.510746,2.1688344e-05,0.00090474484,0.0004346525,0.0008657507,-5.9281912e-05,6.806704e-05,0.00013669711
80.0,-400.0,378.0,41.898277,1.8155731,-0.4857949,0.0010901953,0.29159245,-49.229774,2.1728363e-05,0.0009005036,0.0004051644,0.0008977805,-5.3292082e-05,6.6650835e-05,0.0001143217
80.0,-400.0,398.0,41.864357,1.7270756,-0.5735119,0.0010900081,0.28083515,-48.00295,2.3656268e-05,0.0009101236,0.00037588616,0.00091395556,-5.206329e-05,6.8674526e-05,6.346984e-05
80.0,-400.0,418.0,41.83599,1.6312869,-0.622762,0.0010897637,0.2686834,-46.819798,2.2033622e-05,0.0008919667,0.00044678216,0.0008618407,-4.531621e-05,5.675172e-05,0.00018759565
80.0,-400.0,438.0,41.80584,1.5515015,-0.67628837,0.0010896418,0.26499954,-45.679794,1.994252e-05,0.00087080756,0.00047735532,0.0008432976,-3.4782668e-05,5.3833654e-05,0.00023544574
80.0,-400.0,488.0,41.738728,1.3173023,-0.7749707,0.0010893566,0.25198746,-43.099735,2.0040814e-05,0.00085720513,0.0004722047,0.00085852883,-2.7877244e-05,4.8904534e-05,0.00022948756
80.0,-400.0,538.0,41.68186,1.1234744,-0.8180602,0.0010889396,0.21074952,-40.938026,3.2928965e-05,0.0009185077,0.0005206737,0.0007561203,-4.296748e-05,6.6007284e-05,0.0002486678
80.0,-350.0,28.0,37.29213,0.21206328,0.55867016,4.596766,715.4586,-71.45416,0.0064470638,3.2701817,3.0884175,2.8386755,-0.42470956,-0.9776117,-0.29130337
80.0,-350.0,38.0,38.694843,0.8283452,0.70043343,4.477894,643.229,-71.527885,0.006962642,3.1775916,2.934412,2.8459673,-0.3802096,-0.9868929,-0.38963893
80.0,-350.0,58.0,42.006145,1.8813434,0.76020813,2.846339,570.5466,-71.61476,0.0049268296,2.001906,1.7754167,1.9148045,-0.11212488,-0.8584552,-0.17300043
80.0,-350.0,78.0,44.117943,2.2321773,0.67421585,0.3021473,211.7344,-71.54132,0.0013879108,0.21850346,0.16770977,0.2181311,-0.014349505,0.0014751768,0.0031740218
80.0,-350.0,98.0,43.375153,2.1754258,0.56267166,0.12096965,105.27627,-71.517265,0.0011430479,0.0921645,0.058599103,0.09114315,-0.011974057,0.046370126,0.00547964
80.0,-350.0,118.0,42.74012,2.124327,0.4905041,0.047359783,56.145367,-71.45069,0.0008339041,0.039955087,0.018680666,0.03606713,-0.009337941,0.018635647,0.002359877
80.0,-350.0,138.0,42.47374,2.1006331,0.450182,0.016577877,28.696205,-71.243965,0.0005619017,0.016736772,0.0036863508,0.012731783,-0.006398607,0.0042438605,0.00011883983
80.0,-350.0,158.0,42.390068,2.1091597,0.42443952,0.006771991,14.965305,-70.84096,0.00023568036,0.006899864,0.0015426299,0.0051002954,-0.0026475745,0.00079631316,-0.00060104
80.0,-350.0,178.0,42.355465,2.1468966,0.39906016,0.003297361,8.021404,-70.20041,9.035158e-05,0.0031188978,0.0010260959,0.0024490808,-0.0009851768,0.00017335515,-0.000413065
80.0,-350.0,198.0,42.350525,2.1991045,0.36473623,0.0018191763,3.4758973,-69.30147,3.2842298e-05,0.0015491646,0.00073586404,0.0013529815,-0.00034119515,5.2324973e-05,-0.00019981709
80.0,-350.0,218.0,42.339787,2.2660837,0.31277633,0.0013840112,1.7483863,-68.11415,2.2526277e-05,0.001155082,0.0005484477,0.0010650491,-0.00022040725,6.0100607e-05,-0.00015747834
80.0,-350.0,238.0,42.313107,2.336441,0.23760398,0.0012220605,1.0720928,-66.64552,1.8529794e-05,0.0010076648,0.0004615354,0.0009781992,-0.00016662982,6.985409e-05,-0.000129007
80.0,-350.0,258.0,42.27304,2.40082,0.1380851,0.0011416194,0.77388525,-64.92158,1.6320046e-05,0.0009321798,0.00040675927,0.00094503723,-0.00012991148,7.4180025e-05,-9.2704184e-05
80.0,-350.0,278.0,42.22401,2.4465904,0.014538859,0.0011137546,0.61108387,-63.00324,1.5222415e-05,0.00090226525,0.00037950597,0.0009455634,-0.00010403548,7.796009e-05,-5.5921777e-05
80.0,-350.0,298.0,42.167446,2.4710996,-0.12619187,0.0011001601,0.51700467,-60.95502,1.4668907e-05,0.0008866291,0.00036453066,0.0009492156,-8.311949e-05,7.874354e-05,-1.4610963e-05
80.0,-350.0,318.0,42.11234,2.4669669,-0.2766418,0.0010946963,0.46296328,-58.862343,1.4542032e-05,0.0008797604,0.00035909488,0.00095051737,-6.563878e-05,7.330665e-05,3.483989e-05
80.0,-350.0,338.0,42.058495,2.4298701,-0.42655277,0.0010930414,0.4308696,-56.801014,1.4644022e-05,0.0008770744,0.00036476794,0.00094419194,-5.2513795e-05,7.385886e-05,7.8724406e-05
80.0,-350.0,358.0,42.00852,2.3583837,-0.5682389,0.0010919754,0.4001142,-54.82807,1.4944701e-05,0.0008757594,0.00037854156,0.0009296626,-4.2902e-05,6.604011e-05,0.00012712333
80.0,-350.0,378.0,41.96488,2.2626991,-0.69486696,0.0010913904,0.37425584,-52.98115,1.5550397e-05,0.00087689806,0.00039618445,0.00090971566,-3.5994482e-05,6.3458174e-05,0.00016295882
80.0,-350.0,398.0,41.92086,2.1508942,-0.8018083,0.0010909808,0.35010275,-51.27429,1.6309908e-05,0.0008788697,0.00041850324,0.0008845979,-3.2481785e-05,6.171303e-05,0.0001950315
80.0,-350.0,418.0,41.885315,2.0256836,-0.8877744,0.0010906049,0.3254832,-49.705814,1.7229235e-05,0.00088097167,0.00044302092,0.0008572296,-2.9957677e-05,5.412648e-05,0.00022333451
80.0,-350.0,438.0,41.85081,1.8941664,-0.95310915,0.001090332,0.30794284,-48.26601,1.8319966e-05,0.00088433176,0.00046770266,0.00082860334,-2.9722092e-05,5.9160815e-05,0.00024244311
80.0,-350.0,488.0,41.77468,1.558198,-1.0412879,0.0010898324,0.28416386,-45.123833,1.9254627e-05,0.00087376166,0.0005205447,0.00078584725,-2.670464e-05,5.1053517e-05,0.00027281776
80.0,-350.0,538.0,41.711617,1.2697558,-1.0588176,0.0010892695,0.23246291,-42.535717,2.6859578e-05,0.0009075644,0.0005637372,0.000696604,-3.195068e-05,5.988211e-05,0.00028369884
80.0,-300.0,28.0,34.803513,-0.6201503,0.8309871,6.070354,926.0309,-86.5104,0.00564999,3.964263,4.1490374,4.0135746,0.2879403,-1.7040044,-0.7066287
80.0,-300.0,38.0,37.89911,0.6278764,0.7906913,6.1232305,803.5761,-86.52533,0.0056486637,3.9399135,4.1052856,4.188483,0.29660776,-1.6955398,-0.8083742
80.0,-300.0,58.0,42.885117,2.5884507,0.5386471,2.5693514,565.08276,-86.42823,0.0043082987,1.7880371,1.5349514,1.8129789,-0.058804154,-0.74809927,-0.18757261
80.0,-300.0,78.0,44.395126,2.841648,0.37225303,0.25923544,189.20392,-86.44843,0.0013648315,0.1942299,0.13955511,0.18518512,-0.017020514,0.024567874,0.02983921
80.0,-300.0,98.0,43.634113,2.6006742,0.33246824,0.12774022,112.86395,-86.72143,0.0011240327,0.09924995,0.07144422,0.08483817,-0.0150541,0.041028574,0.021143261
80.0,-300.0,118.0,43.06794,2.4210865,0.3659931,0.051748823,68.11202,-86.93788,0.0007518427,0.043053392,0.02999839,0.030268773,-0.012390806,0.014336531,0.007978223
80.0,-300.0,138.0,42.832855,2.3385584,0.43248305,0.0183901,38.590744,-86.91875,0.00047444878,0.017527875,0.010382712,0.008853436,-0.008600551,0.0032469176,0.0012508336
80.0,-300.0,158.0,42.75051,2.3390899,0.5016435,0.007828287,23.281359,-86.58125,0.00029057747,0.00841796,0.0039050332,0.003333691,-0.00533854,0.0010906773,-0.0011143071
80.0,-300.0,178.0,42.706142,2.4045546,0.5598037,0.0039868937,14.564233,-85.80726,0.00011443249,0.003935839,0.0019364401,0.002102075,-0.0020743422,0.00037133385,-0.001032072
80.0,-300.0,198.0,42.681263,2.5181158,0.59411734,0.0021622474,7.421156,-84.52973,3.5181118e-05,0.0018440695,0.0010983899,0.0013814848,-0.00061004097,0.00012023116,-0.00046972532
80.0,-300.0,218.0,42.649666,2.671864,0.58958894,0.0015144697,4.1701612,-82.67853,1.7391038e-05,0.0012145273,0.0007509609,0.0010647555,-0.00028189027,8.947207e-05,-0.00029255997
80.0,-300.0,238.0,42.59646,2.849999,0.5258944,0.0013087146,2.6589127,-80.22627,1.3146046e-05,0.0010323295,0.00058770896,0.0010022433,-0.00019170505,9.273296e-05,-0.0002406818
80.0,-300.0,258.0,42.519943,3.0300841,0.39390767,0.0011868883,1.835547,-77.17808,1.0816467e-05,0.00092651986,0.00047434075,0.00097433245,-0.0001340268,9.321433e-05,-0.00018103133
80.0,-300.0,278.0,42.429604,3.1750379,0.19211574,0.0011325348,1.2969884,-73.689514,9.639436e-06,0.0008776353,0.00040745555,0.0009798132,-9.401445e-05,9.1045884e-05,-0.00011446071
80.0,-300.0,298.0,42.331028,3.2596803,-0.06438171,0.0011120454,1.0367057,-69.95391,9.159791e-06,0.00085824705,0.0003750061,0.0009909222,-6.511035e-05,8.842598e-05,-4.363595e-05
80.0,-300.0,318.0,42.234474,3.2676814,-0.34259835,0.0011007921,0.8488359,-66.23992,9.12988e-06,0.00084885163,0.00036382754,0.0009888454,-4.2342534e-05,7.9213365e-05,3.145425e-05
80.0,-300.0,338.0,42.14865,3.198821,-0.6126733,0.0010972193,0.74224406,-62.761284,9.413214e-06,0.00084749644,0.00037289178,0.00097403827,-2.6879094e-05,7.3797186e-05,9.672872e-05
80.0,-300.0,358.0,42.075275,3.0656939,-0.8539123,0.0010950593,0.64482844,-59.649204,9.831529e-06,0.0008476946,0.00039663375,0.0009458078,-1.7147457e-05,6.316454e-05,0.0001591943
80.0,-300.0,378.0,42.015003,2.8857048,-1.0493872,0.0010937438,0.5658176,-56.93769,1.0595698e-05,0.0008514959,0.00042462006,0.0009113677,-1.1723953e-05,5.561955e-05,0.00020352713
80.0,-300.0,398.0,41.9622,2.685293,-1.1979746,0.0010928109,0.50027955,-54.59615,1.1461436e-05,0.0008560431,0.00045695825,0.0008725961,-1.0263964e-05,5.271229e-05,0.00023796567
80.0,-300.0,418.0,41.91906,2.4750078,-1.3027589,0.0010920616,0.44192508,-52.5681,1.2479892e-05,0.00086072786,0.0004895175,0.0008338683,-1.0399819e-05,4.4301058e-05,0.00026420498
80.0,-300.0,438.0,41.883144,2.265283,-1.369617,0.0010914797,0.3980604,-50.792904,1.3665363e-05,0.00086671545,0.00052023446,0.0007959864,-1.2353818e-05,4.6522993e-05,0.00028065604
80.0,-300.0,488.0,41.803776,1.7816716,-1.4152792,0.0010905404,0.33842105,-47.112183,1.5889531e-05,0.00086881535,0.00057244615,0.0007403857,-1.6049305e-05,4.3174416e-05,0.00029808577
80.0,-300.0,538.0,41.738384,1.3900734,-1.3663259,0.0010896779,0.26185712,-44.152855,2.185873e-05,0.00089583785,0.0006304147,0.000629504,-2.2381426e-05,5.040117e-05,0.00030208606
80.0,-280.0,28.0,34.802288,-0.37814528,0.97170806,6.293145,923.75366,-94.10146,0.006723693,4.420605,3.8551164,4.325124,-0.71304536,-1.4797138,-0.66169065
80.0,-280.0,38.0,37.255737,0.942657,0.76483804,6.4693303,845.6552,-94.71707,0.006379591,4.360972,3.8975122,4.674503,-0.3188,-1.8060592,-0.7211745
80.0,-280.0,58.0,43.04329,3.0778546,0.20007706,2.8808484,612.2975,-94.44105,0.0043543885,1.9857761,1.7023653,2.069481,-0.10843067,-0.90569514,-0.074618824
80.0,-280.0,78.0,44.4887,3.04835,0.08384993,0.2744568,190.74843,-94.392654,0.0014330235,0.20573352,0.16321898,0.18019608,-0.018666035,0.03289638,0.05630121
80.0,-280.0,98.0,43.747364,2.678586,0.15399697,0.1329169,119.16559,-94.96169,0.0011064062,0.10265023,0.086718425,0.076625325,-0.018005626,0.03645542,0.028073939
80.0,-280.0,118.0,43.235035,2.4400318,0.28322232,0.050680473,76.42598,-95.496735,0.00065765454,0.0412023,0.035484765,0.024687923,-0.013487566,0.01078196,0.0079714
80.0,-280.0,138.0,43.031853,2.3465993,0.42153895,0.018583447,47.206585,-95.73318,0.0003927303,0.016712196,0.013432572,0.007038551,-0.008923081,0.0023402534,0.0007144269
80.0,-280.0,158.0,42.95687,2.356479,0.5517244,0.008281989,30.693127,-95.49357,0.00026542472,0.008437305,0.0058501097,0.0022834928,-0.0061588753,0.00097421487,-0.0015126703
80.0,-280.0,178.0,42.90912,2.4427488,0.6643236,0.004388836,20.710487,-94.70289,0.0001385759,0.004477072,0.0027774752,0.0015264233,-0.0031789776,0.0005343135,-0.0016596441
80.0,-280.0,198.0,42.874004,2.5941308,0.749946,0.0023960765,11.607023,-93.25856,4.4406697e-05,0.0021121642,0.0013774616,0.0013027819,-0.0009789048,0.00019976754,-0.0008037291
80.0,-280.0,218.0,42.829334,2.806706,0.78925896,0.0016131289,7.0770226,-91.065414,1.7894165e-05,0.0012920672,0.00086792995,0.0010680992,-0.0003686412,0.00012051806,-0.0004281343
80.0,-280.0,238.0,42.757454,3.0668259,0.7495235,0.0013764465,4.921607,-88.040375,1.1425677e-05,0.0010627105,0.0006727669,0.0010224031,-0.00021002888,0.0001063345,-0.00031473578
80.0,-280.0,258.0,42.656128,3.3441215,0.6045331,0.0012287531,3.231838,-84.12765,8.720241e-06,0.00093485013,0.0005255456,0.0009985722,-0.00013219213,0.00010071487,-0.00022929024
80.0,-280.0,278.0,42.535435,3.5761695,0.34487346,0.0011516116,2.1516848,-79.52339,7.565322e-06,0.0008710903,0.0004285722,0.001003341,-8.50493e-05,9.5980584e-05,-0.00014393951
80.0,-280.0,298.0,42.406616,3.710717,-0.0032777176,0.0011224778,1.6154029,-74.56059,7.167561e-06,0.00084721507,0.0003823522,0.0010153892,-5.2905652e-05,9.079133e-05,-5.3542954e-05
80.0,-280.0,318.0,42.281002,3.7229795,-0.38310447,0.0011062977,1.2513382,-69.70744,7.194547e-06,0.0008357439,0.00036904227,0.00100785,-3.0116187e-05,8.030328e-05,3.682734e-05
80.0,-280.0,338.0,42.174118,3.6199548,-0.73944724,0.0011005974,1.0452499,-65.31766,7.5877683e-06,0.0008348324,0.0003809053,0.0009854607,-1.527264e-05,7.228318e-05,0.00011098104
80.0,-280.0,358.0,42.087997,3.4323776,-1.039977,0.0010973614,0.86005425,-61.55587,8.099654e-06,0.00083590555,0.00041133206,0.0009475048,-6.2240483e-06,5.9391074e-05,0.00017998391
80.0,-280.0,378.0,42.01982,3.1895094,-1.2706562,0.0010953562,0.71694356,-58.417152,8.91884e-06,0.00084067154,0.00044501512,0.00090502633,-1.6084126e-06,5.056381e-05,0.00022567277
80.0,-280.0,398.0,41.965336,2.929649,-1.4336594,0.0010939592,0.6051081,-55.806988,9.85199e-06,0.00084648276,0.0004822453,0.0008591686,-7.506795e-07,4.5844332e-05,0.00025938603
80.0,-280.0,418.0,41.921738,2.6675649,-1.5383556,0.0010928786,0.5144828,-53.610832,1.0897171e-05,0.00085216586,0.0005184382,0.00081517594,-1.0929919e-06,3.854349e-05,0.00028281016
80.0,-280.0,438.0,41.88706,2.4147913,-1.5960367,0.0010920753,0.4487656,-51.726723,1.2099775e-05,0.0008590066,0.00055143854,0.0007736846,-3.1983013e-06,3.8971506e-05,0.00029664914
80.0,-280.0,488.0,41.811886,1.860227,-1.5887328,0.0010908619,0.35774234,-47.875965,1.5662135e-05,0.00087526976,0.0006396678,0.0006671325,-1.0722076e-05,4.1118677e-05,0.00031149597
80.0,-280.0,538.0,41.74913,1.424103,-1.4762037,0.0010898553,0.2737542,-44.808716,2.0628348e-05,0.00089553976,0.000679591,0.000609415,-1.9321644e-05,4.8579946e-05,0.00032042802
80.0,-260.0,28.0,37.60647,0.11751678,-0.09072608,6.387737,869.0374,-103.43859,0.007340352,4.3838716,3.9812691,4.433492,-1.4684104,-0.8505682,-0.6914486
80.0,-260.0,38.0,39.093456,1.7005283,-0.28083917,6.0912895,814.2936,-103.78189,0.00669735,4.1863165,3.5992846,4.3597517,-1.0985458,-1.325309,-0.4968154
80.0,-260.0,58.0,43.756775,3.4651234,-0.5750109,2.400686,591.4389,-103.24518,0.003904229,1.6818823,1.5149415,1.5664606,-0.2602081,-0.65390813,0.091716185
80.0,-260.0,78.0,44.557877,3.0679064,-0.33759016,0.289626,193.64896,-103.836174,0.001486951,0.21657994,0.21542186,0.14869057,-0.019513726,0.041608017,0.07076878
80.0,-260.0,98.0,43.877625,2.6135254,-0.05516107,0.1290576,131.85628,-105.034325,0.0009702018,0.09795076,0.10310465,0.058155134,-0.01792615,0.026957663,0.025342913
80.0,-260.0,118.0,43.447014,2.3598487,0.2071064,0.047414187,92.42726,-106.09451,0.00051014684,0.037040807,0.039531447,0.018823557,-0.012589493,0.0062968615,0.004985702
80.0,-260.0,138.0,43.285168,2.2811863,0.43338758,0.018480964,63.251957,-106.72021,0.00029240077,0.015347158,0.015767017,0.0060712593,-0.00830986,0.0013592092,-0.00034721394
80.0,-260.0,158.0,43.219055,2.311987,0.6263422,0.008696523,44.203796,-106.68601,0.00019686359,0.007869019,0.007532294,0.0021356198,-0.0058336174,0.0006845141,-0.001635879
80.0,-260.0,178.0,43.169827,2.4213624,0.79923475,0.004958828,32.291008,-105.92096,0.00015174689,0.004967849,0.004339643,0.0007077588,-0.0045202747,0.0006524852,-0.0022891406
80.0,-260.0,198.0,43.12426,2.6094046,0.95349497,0.0027932127,20.367065,-104.32518,7.549075e-05,0.0027351193,0.0021477663,0.00074096455,-0.002198028,0.0004310627,-0.0017760025
80.0,-260.0,218.0,43.063896,2.891547,1.068312,0.0017982621,13.071689,-101.786514,2.8057097e-05,0.0015452544,0.0011107149,0.0009408031,-0.00077702967,0.0002477588,-0.00095471187
80.0,-260.0,238.0,42.96797,3.2718499,1.0847243,0.0014870308,10.002425,-98.11878,1.5009451e-05,0.0011909193,0.0007174739,0.0011180426,-0.00037211695,0.0001951998,-0.0006418304
80.0,-260.0,258.0,42.827995,3.7067966,0.9393431,0.0013002371,6.777062,-93.06834,7.945507e-06,0.0009800729,0.0005506573,0.0010701903,-0.00015956537,0.00013377817,-0.00035046405
80.0,-260.0,278.0,42.656994,4.0871973,0.5900024,0.0011906414,4.4346743,-86.81284,5.7849147e-06,0.00088007754,0.00044121436,0.0010574909,-7.737955e-05,0.00010766006,-0.00018597432
80.0,-260.0,298.0,42.47874,4.300194,0.0886511,0.0011421844,3.0285263,-79.97746,5.365936e-06,0.0008419559,0.00037792482,0.0010565206,-3.593002e-05,9.46503e-05,-5.9390295e-05
80.0,-260.0,318.0,42.31569,4.305166,-0.4501945,0.001116417,2.100432,-73.45418,5.506366e-06,0.00082512025,0.00036375705,0.0010400814,-9.8494265e-06,7.972849e-05,5.631455e-05
80.0,-260.0,338.0,42.184868,4.1351275,-0.9274853,0.0011060814,1.6008453,-67.84061,5.9842246e-06,0.0008224449,0.0003849061,0.000995335,3.43724e-06,6.826005e-05,0.00014339533
80.0,-260.0,358.0,42.089756,3.8569183,-1.3004857,0.0011006786,1.2091866,-63.3063,6.5900526e-06,0.00082408753,0.00043308418,0.0009443341,7.851116e-06,5.2706462e-05,0.00021008261
80.0,-260.0,378.0,42.01771,3.5227995,-1.5622487,0.001097533,0.9419595,-59.727863,7.4647182e-06,0.00083009043,0.0004750549,0.0008899145,8.584548e-06,4.2556523e-05,0.00025262666
80.0,-260.0,398.0,41.964413,3.1838017,-1.7298539,0.0010954436,0.7538863,-56.88141,8.443814e-06,0.00083748985,0.0005157429,0.0008376391,6.1991614e-06,3.800508e-05,0.00028198946
80.0,-260.0,418.0,41.92181,2.8577802,-1.8234674,0.0010939462,0.6154758,-54.558353,9.539643e-06,0.00084485626,0.0005533458,0.00078970083,2.8502934e-06,3.142769e-05,0.00030030147
80.0,-260.0,438.0,41.89002,2.5548458,-1.8616897,0.0010928441,0.51847565,-52.599915,1.0777477e-05,0.0008532169,0.00058674667,0.0007457123,-1.8119352e-06,3.1961983e-05,0.00030968676
80.0,-260.0,488.0,41.81785,1.9162176,-1.8047527,0.001091261,0.3897027,-48.62897,1.4176304e-05,0.00087019266,0.0006635226,0.0006489684,-1.1956933e-05,3.6591373e-05,0.00031171401
80.0,-260.0,538.0,41.75707,1.4449629,-1.667649,0.0010900836,0.29258874,-45.44307,1.842234e-05,0.00088610075,0.0006907709,0.0005903771,-1.6399636e-05,4.0647516e-05,0.00032485105
80.0,-240.0,28.0,40.80235,0.552312,-1.4750739,6.205375,848.91223,-110.61397,0.00730689,4.3675013,3.7773871,4.266912,-0.7955729,-1.3551674,-0.88964117
80.0,-240.0,38.0,42.2553,2.121105,-1.5002317,4.8509436,739.43005,-111.66482,0.0065541766,3.41267,3.0823808,3.2057269,-0.88730615,-0.9548684,-0.5750475
80.0,-240.0,58.0,44.864902,3.3207245,-1.1759596,1.0899553,453.1409,-113.29056,0.0023653966,0.74742717,0.85282874,0.5783024,-0.14723003,-0.14871036,0.10811593
80.0,-240.0,78.0,44.63945,2.7794328,-0.5857863,0.2907957,205.49321,-115.47438,0.0014139113,0.20144883,0.2580582,0.122143604,-0.034245864,0.044338647,0.0646623
80.0,-240.0,98.0,44.01762,2.3658147,-0.12723544,0.11065535,163.13809,-117.78656,0.00067737384,0.07799756,0.097280316,0.046015467,-0.01983945,0.01573141,0.014166274
80.0,-240.0,118.0,43.691544,2.160789,0.23494084,0.040084478,126.65813,-119.66667,0.0003160971,0.02870326,0.034812562,0.016659409,-0.011103749,0.002399504,0.0009841918
80.0,-240.0,138.0,43.591263,2.1362023,0.5164425,0.016997583,95.987335,-120.834885,0.00017741877,0.012548259,0.014529657,0.006896706,-0.006722972,0.00046502403,-0.0011394067
80.0,-240.0,158.0,43.54729,2.199964,0.7470037,0.008439624,71.816925,-121.1497,0.00011782204,0.0065355296,0.0072795292,0.0030635614,-0.004639282,0.00033165264,-0.0012784213
80.0,-240.0,178.0,43.503475,2.320515,0.9665193,0.005306691,57.87241,-120.46813,9.211836e-05,0.0043359622,0.0048281886,0.0014465915,-0.003641647,0.00042686626,-0.0014622038
80.0,-240.0,198.0,43.450302,2.524699,1.2039659,0.0033867382,41.609547,-118.733574,8.179991e-05,0.0030497182,0.0034802996,0.00024041114,-0.0031625514,0.00055152684,-0.0020821386
80.0,-240.0,218.0,43.3751,2.8632834,1.447656,0.002209663,28.888344,-115.93568,6.909704e-05,0.0022234297,0.0022982643,-0.000103154336,-0.0025644433,0.00073071785,-0.002937362
80.0,-240.0,238.0,43.250263,3.400295,1.6145883,0.0017333877,22.942373,-111.76421,3.7417343e-05,0.001627324,0.0009853009,0.0009113419,-0.001292381,0.00061641017,-0.0024555628
80.0,-240.0,258.0,43.054768,4.129009,1.5116751,0.0014559908,16.67417,-105.39241,1.7075365e-05,0.001217148,0.00020915043,0.0014860705,-0.00046729157,0.00040227926,-0.0012875668
80.0,-240.0,278.0,42.800655,4.7932024,0.9980147,0.001275942,11.170419,-96.5257,8.318787e-06,0.0009819454,0.00013988232,0.0014298859,-0.00013267051,0.00022450808,-0.00044825446
80.0,-240.0,298.0,42.540936,5.1227217,0.20576486,0.0011831508,6.8521514,-86.529625,4.8263037e-06,0.00086567504,0.0003086399,0.0011919556,-2.380483e-05,0.000117106196,-6.0245864e-05
80.0,-240.0,318.0,42.32232,5.0768943,-0.5921473,0.0011359585,4.2074947,-77.39471,4.178355e-06,0.0008217978,0.00038779026,0.00106223,6.4005953e-06,7.6088705e-05,9.050784e-05
80.0,-240.0,338.0,42.16286,4.7654223,-1.2287928,0.0011155736,2.8044493,-70.13886,4.686016e-06,0.0008132666,0.00042166727,0.0009961291,1.8387092e-05,6.128247e-05,0.00017235287
80.0,-240.0,358.0,42.064724,4.3340535,-1.6759542,0.0011062488,1.9023106,-64.748505,5.305175e-06,0.00081370363,0.0004682644,0.0009373342,2.2512784e-05,4.3912434e-05,0.00024229145
80.0,-240.0,378.0,41.99582,3.8709924,-1.9545631,0.0011007265,1.3116455,-60.788506,6.217438e-06,0.00081963604,0.0005180968,0.00086373027,2.0299303e-05,3.163908e-05,0.00028255413
80.0,-240.0,398.0,41.950268,3.4313154,-2.1063385,0.0010973723,0.9599973,-57.787853,7.2275534e-06,0.0008280568,0.0005615149,0.0008052094,1.5905414e-05,2.6962323e-05,0.00030513701
80.0,-240.0,418.0,41.91509,3.0306559,-2.16906,0.0010952172,0.7404118,-55.40595,8.342539e-06,0.0008367985,0.0005992659,0.0007543345,1.0623794e-05,2.20082e-05,0.00031665468
80.0,-240.0,438.0,41.8895,2.6736932,-2.1719503,0.0010936622,0.59441215,-53.418716,9.576548e-06,0.0008461053,0.0006311367,0.000710062,5.5716896e-06,2.3314406e-05,0.00032040945
80.0,-240.0,488.0,41.82466,1.9707614,-2.0448875,0.0010916732,0.4211591,-49.38325,1.3888042e-05,0.0008753295,0.00069562055,0.0006127938,-7.132354e-06,3.3691682e-05,0.00030631095
80.0,-240.0,538.0,41.76697,1.4502921,-1.8075043,0.0010902882,0.3063122,-46.11004,1.76675e-05,0.00088747893,0.00073768,0.0005469213,-1.3983289e-05,3.8426537e-05,0.00029825317
80.0,-220.0,28.0,38.923347,0.9509871,-1.3445014,10.361636,1565.7056,-119.208664,0.004333072,6.3036375,6.753227,7.659588,1.1039467,-2.8455446,-0.8138444
80.0,-220.0,38.0,43.831276,2.2960396,-1.7838695,3.5530322,801.06714,-121.28694,0.0040745386,2.381117,2.264472,2.4623938,-0.19397315,-0.99442786,-0.47219428
80.0,-220.0,58.0,45.33356,2.7326317,-1.5109439,0.5836157,331.70132,-126.7338,0.0017572208,0.39518914,0.49442667,0.27698588,-0.07922904,0.008846781,0.060650818
80.0,-220.0,78.0,44.801666,2.1883407,-0.77246016,0.2987371,283.01852,-131.03825,0.0010566605,0.20528282,0.2738041,0.11842688,-0.041674227,0.03011826,0.020027697
80.0,-220.0,98.0,44.28522,1.919179,-0.07796469,0.08664775,241.33882,-134.62033,0.0003598701,0.05917828,0.07668867,0.037432514,-0.015070054,0.0055183265,-0.0017134502
80.0,-220.0,118.0,44.112274,1.8756192,0.34744713,0.02839277,203.30527,-137.46642,0.00014024146,0.019437164,0.023167456,0.014190987,-0.0071718916,0.00016846092,-0.0014626335
80.0,-220.0,138.0,44.09286,1.9281075,0.64822954,0.024227852,204.20473,-139.49081,0.00011290443,0.016644275,0.018680064,0.013130385,-0.006037418,-2.2437847e-05,-0.0015563736
80.0,-220.0,158.0,44.073574,2.0433686,0.88958323,0.04592224,236.56972,-140.32788,0.00015872087,0.031365592,0.033471767,0.027034495,-0.0061959755,0.00036458697,-0.0020358441
80.0,-220.0,178.0,44.029667,2.1543458,1.1226181,0.08081152,286.0154,-139.74283,0.00022239928,0.05497382,0.058438294,0.04823512,-0.0050837933,0.0011214423,-0.002788172
80.0,-220.0,198.0,43.972675,2.3065958,1.4251149,0.06419096,243.92445,-137.73105,0.00020611913,0.044188417,0.04899404,0.035219513,-0.006207532,0.0015403725,-0.003697293
80.0,-220.0,218.0,43.881905,2.6029959,1.8776919,0.027297791,155.5833,-134.86107,0.00013974219,0.019496307,0.024369657,0.010731608,-0.0068114847,0.0016782207,-0.0059698694
80.0,-220.0,238.0,43.718792,3.2926943,2.4180455,0.008097289,86.68657,-131.32402,7.885179e-05,0.006357655,0.008148747,0.0017527663,-0.0046844133,0.0017093425,-0.007959332
80.0,-220.0,258.0,43.412254,4.5947394,2.5615106,0.002350403,46.52527,-124.34622,4.8986032e-05,0.0023481417,-0.00077921664,0.0031268424,-0.002331083,0.0018541433,-0.007190305
80.0,-220.0,278.0,42.979362,5.89311,1.7273546,0.0015116655,29.617638,-110.91813,2.6579757e-05,0.0014871359,-0.002820408,0.00435557,-0.00053230795,0.0011987763,-0.0025378347
80.0,-220.0,298.0,42.56636,6.3810744,0.32771152,0.0012767037,16.754972,-94.74408,1.1814174e-05,0.0010529584,-0.0010060186,0.0025064102,2.0154397e-05,0.00042393152,-6.160451e-05
80.0,-220.0,318.0,42.27674,6.1140447,-0.91409194,0.0011867115,9.946936,-81.25227,6.7341653e-06,0.0008975596,-1.8031686e-05,0.0014938558,6.3663e-05,0.0001511028,0.00033488133
80.0,-220.0,338.0,42.09692,5.499539,-1.7484055,0.0011377443,5.929426,-71.885864,4.6795826e-06,0.0008294567,0.00038375508,0.0010622651,4.4898672e-05,6.2913925e-05,0.00030544674
80.0,-220.0,358.0,42.008316,4.8424025,-2.234846,0.0011152691,3.2592344,-65.71916,4.352736e-06,0.0008075113,0.0005237349,0.00090271,3.314904e-05,2.8743245e-05,0.00029690817
80.0,-220.0,378.0,41.95341,4.202756,-2.4798987,0.001105436,1.9361074,-61.55464,5.2272617e-06,0.0008121294,0.00057736365,0.00082139036,2.6015116e-05,1.83748e-05,0.00031252118
80.0,-220.0,398.0,41.922382,3.6442835,-2.5771003,0.0010999469,1.264275,-58.540638,6.2671047e-06,0.00082128745,0.00061791914,0.00076057913,1.9003917e-05,1.5052426e-05,0.00032409333
80.0,-220.0,418.0,41.898262,3.1648703,-2.5814114,0.0010967512,0.904172,-56.18523,7.3906067e-06,0.00083105755,0.0006514798,0.0007109172,1.2511789e-05,1.273902e-05,0.0003271937
80.0,-220.0,438.0,41.8804,2.755623,-2.530479,0.0010946488,0.6910612,-54.21607,8.622826e-06,0.000841307,0.00067980663,0.0006681844,6.4808214e-06,1.4721895e-05,0.00032498635
80.0,-220.0,488.0,41.827866,1.9766661,-2.287489,0.0010920773,0.46473002,-50.122158,1.16333895e-05,0.000857003,0.00074472296,0.0005826297,-3.7125474e-06,2.2226715e-05,0.0003063649
80.0,-220.0,538.0,41.772697,1.4307138,-1.9838974,0.0010905,0.3226659,-46.68133,1.628171e-05,0.00088133535,0.0007600748,0.0005356387,-1.2631767e-05,3.596249e-05,0.00031039916
80.0,-200.0,28.0,38.02157,1.5691082,-1.3290117,13.206666,2043.3114,-129.53635,0.0047231745,8.552767,8.0602865,9.789367,-1.6420698,-3.8200328,-0.3752842
80.0,-200.0,38.0,44.389015,2.8446429,-2.146891,3.4455044,1185.6666,-136.36455,0.0027512026,2.2734196,2.0914133,2.525262,-0.18462165,-0.97583145,0.09064873
80.0,-200.0,58.0,42.646385,1.8194696,-1.3390298,12.579774,4636.143,-149.32709,0.0022599911,8.300316,8.814154,8.045147,3.759091,0.33973882,0.0059659444
80.0,-200.0,78.0,39.02697,1.3634118,-0.06943908,17.982645,5133.9033,-153.10793,0.0031729103,11.998206,12.245075,11.72646,6.016067,0.7922819,-0.12591888
80.0,-200.0,98.0,35.99659,1.3628765,0.33726543,19.062439,4607.1143,-156.44766,0.0038944448,12.697171,12.814997,12.618799,6.770781,0.08151449,-0.19909132
80.0,-200.0,118.0,36.16511,1.4623176,0.6142206,19.146893,4538.674,-159.89485,0.0039319843,12.741882,12.917476,12.649754,6.7966037,0.07432582,-0.17954013
80.0,-200.0,138.0,35.07706,1.5328285,0.84987605,19.383268,4211.0825,-162.44249,0.0043346747,12.845509,13.095927,12.8394785,6.9316945,0.16519035,-0.20050462
80.0,-200.0,158.0,34.61587,1.627175,1.0220754,18.581808,3964.9883,-163.51782,0.004436225,12.26925,12.585155,12.321347,6.6601686,0.046493266,-0.18210742
80.0,-200.0,178.0,34.50601,1.6950227,1.1563631,17.572292,3801.4692,-162.89476,0.0043915664,11.565548,11.936059,11.65337,6.2760973,-0.0029672931,-0.104250126
80.0,-200.0,198.0,34.61076,1.687026,1.3769652,17.22736,3778.319,-160.31073,0.004331769,11.340682,11.793798,11.330297,6.1722,-0.0023623987,0.018055199
80.0,-200.0,218.0,34.663643,1.6339349,2.0160947,18.372265,3916.566,-157.4202,0.0044320635,12.137338,12.827371,11.792365,6.7214556,0.009081929,0.05288604
80.0,-200.0,238.0,35.028545,2.0666063,3.5682144,20.524193,4112.634,-159.85486,0.0046994053,13.467634,14.8095045,12.779383,7.6667323,-0.45323193,-0.55688834
80.0,-200.0,258.0,39.87229,4.764139,5.015407,7.600045,2717.7683,-160.68597,0.0026201445,4.8786182,5.2671537,5.053764,2.584338,-0.6576482,-0.9933295
80.0,-200.0,278.0,43.150192,8.060681,3.1063676,0.26647437,501.4965,-137.21666,0.0004621339,0.17918923,0.0299903,0.32304054,0.033265244,0.015575487,-0.08795992
80.0,-200.0,298.0,42.481033,8.4267025,0.16139182,0.0018622371,37.9233,-105.50289,3.205157e-05,0.0018403281,-0.007179346,0.009065186,0.0006298011,0.0017408648,0.0017906798
80.0,-200.0,318.0,42.112976,7.4626093,-1.6931461,0.0012949145,21.869028,-84.402885,1.9629519e-05,0.0011471881,-0.0020047761,0.0034510263,0.00048519022,0.0004257005,0.0023076192
80.0,-200.0,338.0,41.957554,6.308644,-2.6229157,0.0011806197,11.554208,-72.73979,1.0137256e-05,0.00093073293,1.632236e-05,0.0014150878,0.00018033762,9.065024e-05,0.0010979914
80.0,-200.0,358.0,41.918976,5.286183,-3.023717,0.0011308643,5.569542,-66.189835,5.004629e-06,0.0008263881,0.0005555242,0.00088303146,5.485515e-05,1.4197132e-05,0.00046838704
80.0,-200.0,378.0,41.897884,4.459455,-3.1524658,0.0011117564,2.8619187,-62.125206,4.5544307e-06,0.0008082714,0.00065455376,0.00076133385,2.9612203e-05,2.7157755e-06,0.0003395957
80.0,-200.0,398.0,41.89073,3.785798,-3.1392431,0.0011029396,1.6475356,-59.238533,5.529779e-06,0.0008163131,0.0006831503,0.00070345827,1.9750107e-05,2.5056156e-06,0.00033480904
80.0,-200.0,418.0,41.882645,3.236686,-3.0512311,0.001098464,1.094991,-56.989586,6.636822e-06,0.0008269406,0.00071110844,0.00065765815,1.108703e-05,2.6461405e-06,0.000329379
80.0,-200.0,438.0,41.87561,2.784171,-2.9233088,0.0010957425,0.80068654,-55.062084,7.834927e-06,0.0008376971,0.0007319416,0.0006206926,4.2433253e-06,6.944989e-06,0.0003219065
80.0,-200.0,488.0,41.835644,1.9539196,-2.5425773,0.0010925088,0.5004951,-50.933628,1.0968149e-05,0.00086047314,0.00075282046,0.00057919504,-2.2194108e-06,1.4348714e-05,0.0003027835
80.0,-200.0,538.0,41.780952,1.4050827,-2.1743574,0.0010907279,0.34048852,-47.35783,1.5494956e-05,0.00088152435,0.0007867651,0.000488812,-1.3034416e-05,3.3743916e-05,0.00028271982
80.0,-180.0,28.0,33.562603,2.145044,0.047085594,14.212049,2445.592,-140.33517,0.0051898467,8.350243,10.592017,9.455662,4.0579114,-1.6455103,-1.1070684
80.0,-180.0,38.0,31.2777,0.9683554,0.24462837,10.128303,2586.5183,-150.75015,0.0040008556,6.292978,7.6321135,6.428696,1.771191,2.1231763,-0.14753339
80.0,-180.0,58.0,12.026215,-1.4477917,0.76497096,23.136448,2589.5222,-161.65651,0.009011551,13.292651,17.295176,15.735409,0.3587838,5.792366,-0.34293962
80.0,-180.0,78.0,6.908687,-1.1381018,1.0167449,22.196363,1599.7109,-165.73256,0.014330974,13.257674,17.145212,13.987997,5.0056663,0.67053986,-0.7523702
80.0,-180.0,98.0,6.1762724,-0.7067039,1.5328652,26.20238,1669.0331,-169.3691,0.016154312,15.575705,20.023647,16.80185,7.4703994,0.01537665,-0.28597766
80.0,-180.0,118.0,5.8753138,-0.53485805,1.8054856,29.234474,1807.7844,-173.10953,0.016539421,17.265486,21.958242,19.245491,8.851651,-0.0135609,-0.18520175
80.0,-180.0,138.0,5.7460628,-0.439507,1.8787698,30.425817,1866.9989,-175.64522,0.016593892,17.917381,22.667301,20.269136,9.340185,-0.09341977,-0.30576172
80.0,-180.0,158.0,5.923724,-0.30202436,1.7930055,29.293522,1881.3048,-176.63289,0.015831316,17.109749,21.622332,19.857025,8.801737,-0.24306192,-0.2918944
80.0,-180.0,178.0,6.3455048,-0.15876359,1.4386475,26.089066,1849.9789,-175.67839,0.014358201,15.094875,18.992365,18.09332,7.429971,-0.14367576,-0.00925231
80.0,-180.0,198.0,6.7406874,-0.26460162,0.9493777,22.970005,1728.999,-172.54315,0.013615958,13.271366,16.861338,15.811991,5.8315372,-0.015554725,0.5791123
80.0,-180.0,218.0,8.409019,-1.248953,0.89941305,28.641125,1857.9584,-170.23781,0.015490497,15.577076,22.995495,18.707981,2.1417313,-2.776276,2.7877316
80.0,-180.0,238.0,16.636353,-2.543223,1.4586023,55.200928,3047.3499,-182.88864,0.018077873,31.819672,44.20214,34.36298,-11.939888,-9.887005,5.8253202
80.0,-180.0,258.0,22.925848,1.6422598,4.2612934,44.584675,3316.832,-220.20416,0.013440092,31.091461,32.587227,25.510464,-11.935521,0.20231603,-0.67691463
80.0,-180.0,278.0,28.029453,10.709807,4.3699894,30.388577,4053.3289,-194.65367,0.0075333915,17.6109,19.764093,23.39971,6.5587845,-7.231477,-1.62531
80.0,-180.0,298.0,41.915943,11.756024,-1.2730347,0.5997995,698.4045,-118.5452,0.0007825886,0.38319364,0.11677286,0.6981201,0.104466565,-0.029142741,0.22834934
80.0,-180.0,318.0,41.790493,8.852684,-3.406366,0.0020441655,42.30607,-85.489716,4.7130347e-05,0.0018568998,-0.0040348107,0.006199248,0.0019940136,0.00030771582,0.01111287
80.0,-180.0,338.0,41.753574,6.9059315,-3.9768114,0.0012551405,18.29957,-72.5383,1.9620893e-05,0.0010760349,0.000115128,0.0013024401,0.00042319883,-9.2600014e-05,0.0031419776
80.0,-180.0,358.0,41.798267,5.547579,-4.063055,0.0011595915,8.202822,-66.349,7.600502e-06,0.0008790116,0.0006883401,0.00076423783,0.000100235826,-2.8812934e-05,0.0008901297
80.0,-180.0,378.0,41.832905,4.561008,-3.960566,0.0011191589,3.9080749,-62.684265,4.4658814e-06,0.00081344583,0.0007450427,0.0006792983,2.800722e-05,-1.5009891e-05,0.00038298548
80.0,-180.0,398.0,41.8556,3.8106706,-3.782893,0.001106244,2.0872684,-60.100693,4.9777964e-06,0.0008138412,0.00075907557,0.00063858327,1.70983e-05,-9.871185e-06,0.00033118794
80.0,-180.0,418.0,41.86613,3.2198741,-3.5713658,0.0011002064,1.2967492,-57.961426,6.0438565e-06,0.0008242313,0.0007729283,0.00060119,9.277341e-06,-5.8866594e-06,0.00032073414
80.0,-180.0,438.0,41.869522,2.74411,-3.3497117,0.0010967903,0.9073801,-56.040825,7.213354e-06,0.00083509553,0.0007868465,0.0005697209,3.1354753e-06,3.188395e-07,0.0003094262
80.0,-180.0,488.0,41.841854,1.8942566,-2.8053362,0.0010928254,0.5227111,-51.742504,1.0418485e-05,0.00085928186,0.00080896297,0.0005215822,-3.9815277e-06,1.3836481e-05,0.00028462402
80.0,-180.0,538.0,41.78975,1.3504037,-2.3419344,0.001090947,0.3575603,-48.00794,1.4543358e-05,0.000878848,0.00083814346,0.0004630718,-1.1907987e-05,3.0380863e-05,0.00027066088
80.0,-160.0,28.0,25.817104,0.830285,1.6837047,8.239617,1046.2787,-143.33351,0.00787773,5.4203343,5.4446797,5.617635,-0.60537714,-0.3126013,-0.039156776
80.0,-160.0,38.0,26.592499,0.33951625,1.5201913,7.4684668,1267.3622,-150.65233,0.0059504937,5.2052627,4.621179,5.112129,-0.50482583,-1.0926427,0.505499
80.0,-160.0,58.0,11.9765215,-2.8360941,1.2161729,32.799286,2717.0974,-167.068,0.012205744,18.966745,23.117733,23.542002,-0.9915369,9.94212,0.4246934
80.0,-160.0,78.0,3.8448906,-2.138717,0.6693267,25.055784,995.9388,-170.62529,0.025227243,15.058918,18.742483,16.283772,1.725932,3.6394029,-0.36574027
80.0,-160.0,98.0,1.4725627,-1.4027659,1.0478294,24.696796,715.27496,-172.0861,0.034543626,16.85894,17.694984,14.841326,4.305783,2.2213814,0.24495234
80.0,-160.0,118.0,0.074357636,-0.9949361,1.5147989,25.224226,713.6514,-173.66312,0.035373997,18.478344,16.700893,15.269589,5.809357,1.114993,0.16496238
80.0,-160.0,138.0,-0.5544076,-0.7055239,1.875644,25.25544,756.3024,-174.98798,0.03342691,18.914152,15.604783,15.992611,6.0702143,-0.25680768,-0.3911705
80.0,-160.0,158.0,-0.15625389,-0.37398624,1.9497399,23.800756,761.88324,-175.93857,0.031272657,17.313835,13.995833,16.292654,5.0519576,-1.5351641,-0.8977072
80.0,-160.0,178.0,1.2043377,-0.08199195,1.589387,21.343357,713.6528,-176.08347,0.029946303,14.324999,12.438319,15.924477,3.1408718,-2.0890484,-0.684127
80.0,-160.0,198.0,3.436657,-0.44533646,0.7892569,23.728367,917.6908,-175.3097,0.025939852,13.247457,15.250973,18.958145,0.852209,-3.101258,1.4709796
80.0,-160.0,218.0,10.594689,-2.605704,-1.8995633,56.707787,2411.8584,-174.44727,0.023464493,25.948826,38.06125,49.40613,-2.9512577,-13.203464,6.966547
80.0,-160.0,238.0,30.26465,-4.8982787,-8.229619,49.861633,3621.5837,-191.67009,0.013669163,28.164614,33.36068,38.121574,-4.7283525,-10.588307,8.636016
80.0,-160.0,258.0,25.892456,0.07768789,-5.787179,11.095997,2108.5212,-281.17786,0.0052623316,7.3375564,8.123505,6.695046,1.2796099,-0.0004916975,0.28855494
80.0,-160.0,278.0,22.60596,11.014905,-4.2397027,20.642744,2705.7935,-231.71559,0.007630847,13.614823,14.38973,13.274905,-0.33381644,-1.1943198,1.8018389
80.0,-160.0,298.0,38.598827,13.938478,-6.154421,4.7926083,2419.3213,-121.85302,0.0018826588,2.7878883,3.256719,3.541799,0.30218726,-1.1386104,1.0662668
80.0,-160.0,318.0,41.37221,9.311316,-6.2018375,0.0239222,114.70584,-83.3799,0.00019326681,0.016832616,0.024261313,0.0067325355,0.008695668,-0.004622553,0.06183594
80.0,-160.0,338.0,41.555576,6.925439,-5.7028356,0.002239299,33.33069,-72.21658,5.255483e-05,0.0020523425,0.0033313208,-0.000905561,0.00093479874,-0.0009841727,0.00944706
80.0,-160.0,358.0,41.690968,5.473548,-5.2636957,0.0011662768,9.047603,-67.09385,8.137214e-06,0.00089092157,0.0010150461,0.00041959103,7.940376e-05,-9.884625e-05,0.0010224998
80.0,-160.0,378.0,41.776367,4.4456544,-4.8439846,0.0011246034,4.482601,-63.886597,4.5802817e-06,0.00082168117,0.000863684,0.00056351535,1.7105096e-05,-3.3115408e-05,0.00040018142
80.0,-160.0,398.0,41.828884,3.6843843,-4.45311,0.0011095433,2.4607916,-61.41247,4.7019803e-06,0.0008159312,0.00083996565,0.0005632912,5.166191e-06,-1.8930796e-05,0.0003102794
80.0,-160.0,418.0,41.856052,3.0939374,-4.094364,0.0011022845,1.5086685,-59.252388,5.7357724e-06,0.0008262481,0.0008394048,0.00053896103,-7.119063e-07,-1.18879425e-05,0.00029696638
80.0,-160.0,438.0,41.868866,2.6253417,-3.768921,0.0010980212,1.0231682,-57.255714,6.8671015e-06,0.0008371147,0.0008400882,0.0005191851,-4.5758325e-06,-4.0061745e-06,0.00028629517
80.0,-160.0,488.0,41.84715,1.792859,-3.076743,0.0010933054,0.563995,-52.666843,1.0040102e-05,0.0008619463,0.0008416176,0.00048581004,-8.428096e-06,1.3396365e-05,0.00026396613
80.0,-160.0,538.0,41.797596,1.2632705,-2.5312634,0.0010911616,0.374529,-48.680176,1.3800302e-05,0.0008772357,0.00085774506,0.00042748838,-1.1314849e-05,2.758419e-05,0.0002468283
80.0,-140.0,28.0,30.280973,1.0254769,2.1660938,11.177241,1348.4617,-146.7384,0.00829906,7.259625,7.478314,7.59631,-2.381996,1.4008433,-0.18451796
80.0,-140.0,38.0,29.741207,0.69993705,1.931222,10.0136595,1321.8486,-152.62135,0.0076199933,6.50608,6.5282516,7.006667,-1.4959087,-0.63030535,0.7965004
80.0,-140.0,58.0,12.4948225,-3.7806451,1.0987022,48.90124,3111.657,-169.91307,0.015876576,28.39147,33.760036,35.694954,-0.7651653,15.814165,0.8851563
80.0,-140.0,78.0,2.0482452,-2.8604302,0.02306219,34.94652,1132.1558,-174.46361,0.030931797,21.067635,25.212843,23.62562,1.5332927,6.599771,-1.1921507
80.0,-140.0,98.0,-1.3757812,-1.7236302,0.38668162,31.593178,773.26953,-173.31978,0.040863007,22.450928,22.294193,18.441927,3.6947246,4.313792,-0.75232023
80.0,-140.0,118.0,-3.38225,-0.8765499,1.1212157,29.646105,699.2291,-172.53532,0.04239878,23.62063,19.17827,16.493198,4.6256633,2.1717908,-0.83814824
80.0,-140.0,138.0,-4.1599803,-0.1921285,1.8361995,28.04479,690.72974,-172.7887,0.040607434,23.3541,16.489304,16.246151,4.2596216,-0.56685877,-1.2062037
80.0,-140.0,158.0,-3.3421621,0.34300694,2.2223556,26.454184,688.4655,-174.56134,0.038431928,20.801048,14.944722,17.16254,2.9859116,-3.1712947,-1.3725721
80.0,-140.0,178.0,-1.0747448,0.52796507,2.02778,25.365847,687.78906,-177.06018,0.036893666,16.852768,14.955497,18.92377,1.4039854,-4.4180408,-0.65864754
80.0,-140.0,198.0,2.3896897,-0.10644238,0.88203704,31.434444,1009.95685,-178.48247,0.031202802,15.621152,19.730005,27.518223,0.60259557,-5.2874913,1.3756334
80.0,-140.0,218.0,10.644149,-1.7798257,-3.5542467,67.99597,2386.304,-175.64119,0.028484298,27.774815,41.56929,66.64819,2.9383452,-14.591365,1.8305999
80.0,-140.0,238.0,30.316431,-1.6408414,-13.796363,63.068375,3631.0715,-173.87325,0.017315418,28.514183,35.218292,62.4693,6.93975,-14.859714,-1.8737104
80.0,-140.0,258.0,31.089329,0.92327523,-18.972038,18.258047,3075.2422,-205.1819,0.0059372545,15.527387,9.524202,11.458398,-6.3496466,2.137982,0.50344217
80.0,-140.0,278.0,30.96759,9.234362,-16.5473,16.613539,3062.579,-171.39389,0.0054215854,11.863844,11.993124,9.36713,-5.584086,-2.8847864,0.56327075
80.0,-140.0,298.0,40.09088,10.828507,-12.10824,1.3280723,1416.1368,-105.161224,0.00088587875,0.86673665,1.3337815,0.45581388,-0.09841795,-0.2196686,0.25720873
80.0,-140.0,318.0,41.089203,7.9415317,-8.892345,0.016190821,107.14569,-82.57945,0.00012524289,0.01126334,0.03529942,-0.014185935,0.0008411978,-0.006261954,0.026694482
80.0,-140.0,338.0,41.437546,6.1930103,-7.388727,0.0013041665,18.274212,-74.04155,1.747918e-05,0.0010763216,0.0027158745,-0.0011841236,3.1207393e-05,-0.0004825086,0.0025230267
80.0,-140.0,358.0,41.64641,4.972317,-6.4023695,0.0011685877,9.269921,-69.42402,8.350419e-06,0.00090591365,0.0013641005,4.9605558e-05,1.4441649e-06,-0.00014644855,0.0008980427
80.0,-140.0,378.0,41.76885,4.074681,-5.6728144,0.0011293895,4.9797554,-66.157265,4.9808755e-06,0.000837662,0.000989806,0.00043099094,-5.9049307e-06,-4.6404428e-05,0.00038761314
80.0,-140.0,398.0,41.834553,3.394682,-5.0897126,0.0011126356,2.7458851,-63.447613,4.5974693e-06,0.00082143594,0.0009067403,0.0004972713,-6.38085e-06,-2.2778106e-05,0.0002775829
80.0,-140.0,418.0,41.867188,2.858838,-4.5984683,0.001104037,1.6761857,-61.014225,5.4870998e-06,0.00082880916,0.0008924431,0.00048678773,-8.167866e-06,-1.3726161e-05,0.00026383088
80.0,-140.0,438.0,41.88197,2.4288676,-4.174843,0.0010990414,1.1169705,-58.761612,6.555975e-06,0.00083868613,0.00088638027,0.0004732492,-9.327409e-06,-5.0001245e-06,0.00025489577
80.0,-140.0,488.0,41.86043,1.6677388,-3.3200104,0.0010936763,0.58821577,-53.673996,9.678316e-06,0.00086350745,0.0008937683,0.00043193623,-1.19344e-05,1.2319445e-05,0.00021882425
80.0,-140.0,538.0,41.807407,1.165627,-2.675292,0.0010913591,0.38759565,-49.355072,1.3670865e-05,0.00088187703,0.00088316144,0.00039757817,-1.2560036e-05,2.9419247e-05,0.00020999757
80.0,-120.0,28.0,35.31333,0.3936948,0.53445804,11.091079,1396.5437,-147.89543,0.007944388,7.4618397,8.196817,6.5301023,-2.584669,1.1718721,0.15127686
80.0,-120.0,38.0,34.729713,0.4148328,1.0376011,10.136997,1571.0193,-151.96303,0.0065380014,6.7850676,7.3232727,6.1992946,-2.3685338,-0.1282228,0.8761203
80.0,-120.0,58.0,11.934202,-4.20931,0.8527517,62.966328,3262.8054,-169.72192,0.01953016,37.59344,42.28624,46.131065,0.59189975,21.370432,1.5888937
80.0,-120.0,78.0,0.47649738,-3.3118877,-0.45219487,45.172413,1193.4188,-175.51816,0.037916977,28.054922,31.189306,31.064507,1.8091865,9.84899,-1.903814
80.0,-120.0,98.0,-3.6839306,-1.982987,-0.10422208,39.60659,838.72736,-172.34401,0.047229983,28.994167,27.336573,22.883944,3.1593897,6.189399,-2.1068957
80.0,-120.0,118.0,-5.9593244,-0.76662964,0.8152608,35.23866,730.6414,-169.70093,0.04822927,28.760181,23.125687,18.59076,2.8624892,2.649355,-2.1639626
80.0,-120.0,138.0,-6.570162,0.25792202,1.8047781,32.043354,688.6582,-169.54172,0.046531323,27.019218,19.877743,17.189903,1.6051407,-1.2213753,-1.9111664
80.0,-120.0,158.0,-5.328853,0.8819041,2.484009,30.463875,685.34393,-172.57994,0.04445341,23.592968,18.812555,18.52227,0.55593556,-4.5392694,-1.2279199
80.0,-120.0,178.0,-2.5680788,0.889181,2.5148666,30.286459,707.48456,-177.24152,0.042818025,19.23445,19.446943,21.89158,0.28192693,-5.940699,-0.21714666
80.0,-120.0,198.0,1.1388652,0.218095,1.4859085,35.10076,917.92737,-180.71074,0.038292687,17.010374,22.60219,30.58947,1.13118,-5.7500196,0.28741238
80.0,-120.0,218.0,7.1987095,-0.59137416,-2.0619903,57.848717,1747.5477,-177.91272,0.031240582,23.062218,35.87463,56.754578,5.230332,-8.678239,-3.3251324
80.0,-120.0,238.0,19.154825,0.29159808,-9.3497715,86.33189,2860.9436,-167.11534,0.030220356,35.884773,55.310856,81.52757,14.986235,-15.069128,-11.308969
80.0,-120.0,258.0,32.83811,2.7330406,-16.1527,41.692677,2994.8186,-155.19815,0.013851399,18.355251,30.644936,34.384388,10.665252,-7.0384398,-7.7884436
80.0,-120.0,278.0,40.307953,6.049036,-16.597399,0.32137233,521.62537,-129.95334,0.0005274741,0.20796163,0.38936454,0.045285508,-0.025435172,-0.02998796,-0.0871032
80.0,-120.0,298.0,40.772568,6.609243,-13.074259,0.0051897033,94.52952,-103.68193,5.5293007e-05,0.003988387,0.021102745,-0.0147122685,-0.0035191528,-0.0031781916,0.0022618861
80.0,-120.0,318.0,41.224884,5.870471,-10.356441,0.0015148191,33.78224,-88.03069,3.61116e-05,0.0014438959,0.008479012,-0.0068930453,-0.000974941,-0.0013768834,0.0033296729
80.0,-120.0,338.0,41.508556,4.970201,-8.555983,0.0012529249,17.080835,-79.39524,1.6804666e-05,0.0010971829,0.0030540135,-0.0016451677,-0.0002440101,-0.0004027787,0.0014711452
80.0,-120.0,358.0,41.692646,4.1736093,-7.300439,0.0011782509,9.189033,-73.87556,8.626216e-06,0.00093672203,0.00157205,-0.00017387618,-7.7066405e-05,-0.00013797257,0.00064741797
80.0,-120.0,378.0,41.80077,3.5136652,-6.373959,0.0011352189,5.2560015,-69.7207,5.423748e-06,0.00085811946,0.0010974036,0.00031444282,-3.2551307e-05,-4.5394932e-05,0.0003251783
80.0,-120.0,398.0,41.859413,2.9744537,-5.645203,0.0011154476,2.9477956,-66.27121,4.671291e-06,0.00083079113,0.0009636489,0.00043672137,-1.9971412e-05,-2.058448e-05,0.00022877904
80.0,-120.0,418.0,41.887875,2.5291243,-5.0453534,0.0011056283,1.8014464,-63.25335,5.4401935e-06,0.0008350004,0.0009371817,0.00043902095,-1.7082592e-05,-1.1075853e-05,0.00021948638
80.0,-120.0,438.0,41.89907,2.1611896,-4.5398436,0.0011000306,1.1937758,-60.546726,6.444193e-06,0.00084330374,0.0009248474,0.00043219095,-1.5089969e-05,-2.8315035e-06,0.00021534131
80.0,-120.0,488.0,41.872654,1.4823176,-3.551378,0.001094063,0.62625897,-54.723454,9.0220465e-06,0.0008595345,0.0009159906,0.0004145413,-9.899954e-06,1.0850409e-05,0.00019789174
80.0,-120.0,538.0,41.815956,1.0324277,-2.8276277,0.0010915503,0.40257818,-49.972557,1.3008627e-05,0.00087956066,0.0009142845,0.00038455173,-1.0914076e-05,2.9527431e-05,0.0002019766
80.0,-100.0,28.0,43.290752,-0.5386742,-0.030802226,1.8750265,926.00165,-146.12013,0.0018925141,1.2739513,1.4301282,1.0508909,-0.51774204,0.11938023,-0.08016081
80.0,-100.0,38.0,40.704323,-0.64290136,0.458403,5.1943774,2114.058,-151.21042,0.0023745405,3.4649792,3.6456783,3.2761664,-0.1547003,1.5331278,0.112575166
80.0,-100.0,58.0,10.36907,-4.21777,0.413625,70.45412,2952.2693,-168.9161,0.024142563,42.52417,46.62469,51.76587,1.2606007,24.501791,1.5096581
80.0,-100.0,78.0,-1.0040764,-3.428832,-0.77088517,53.97142,1213.5945,-173.58551,0.04453202,35.144028,35.78507,36.9742,2.1967094,12.798131,-2.2995327
80.0,-100.0,98.0,-5.570561,-2.0893226,-0.38865224,46.411552,870.3833,-168.83418,0.053331144,35.21084,30.978878,26.633944,2.916367,7.4096966,-3.1541073
80.0,-100.0,118.0,-7.749603,-0.7171478,0.62484443,40.4822,742.0041,-165.11221,0.054558184,33.357452,26.818283,20.788452,1.6388297,2.3579879,-3.2152894
80.0,-100.0,138.0,-7.96676,0.42509088,1.755059,36.738796,688.1737,-165.1824,0.05338672,30.290976,24.353176,18.833466,-0.11908128,-2.1573923,-2.2778924
80.0,-100.0,158.0,-6.4284544,1.0034015,2.6253836,35.1364,681.68243,-169.4731,0.051546372,26.249441,23.79689,20.22639,-0.73584974,-5.36502,-0.7895865
80.0,-100.0,178.0,-3.6511326,0.8890962,2.8923845,34.6227,692.6501,-175.73552,0.049993638,21.637089,23.823977,23.78439,0.083537914,-6.443552,0.3098072
80.0,-100.0,198.0,-0.2751887,0.30113053,2.2408504,36.409027,770.03784,-180.60951,0.04733947,18.308033,24.380392,30.130129,1.6545367,-5.8082805,-0.09525374
80.0,-100.0,218.0,3.81853,-0.10881146,0.20554695,45.559143,1105.8987,-180.53122,0.040937774,19.177021,29.499214,42.442223,4.1242995,-5.3907595,-3.7583535
80.0,-100.0,238.0,10.445296,0.5268785,-3.9425845,69.19788,1850.8024,-172.18463,0.03384852,28.707136,46.6828,63.048462,10.191309,-7.619327,-9.846291
80.0,-100.0,258.0,19.26827,1.3167595,-8.865972,81.51965,2429.1785,-160.10948,0.033618703,35.490223,57.605526,69.93995,16.264301,-11.481522,-11.785471
80.0,-100.0,278.0,30.85471,2.0972474,-12.769624,50.50274,2723.3474,-141.06882,0.018562375,23.08086,38.89914,39.02181,10.193681,-10.747682,-6.447354
80.0,-100.0,298.0,41.36616,3.810446,-13.187486,0.41583762,554.2579,-116.114586,0.00059115834,0.2575476,0.43327254,0.14088854,-0.013494022,-0.060372036,-0.030788139
80.0,-100.0,318.0,41.59939,3.9157608,-10.874362,0.0030579765,40.92645,-98.68933,6.0335744e-05,0.003234352,0.012960216,-0.010078756,-0.0027352753,-0.00091886823,0.000885758
80.0,-100.0,338.0,41.72275,3.649178,-9.155012,0.0012793845,16.457235,-87.640335,1.800197e-05,0.0012051091,0.0031529418,-0.0017996117,-0.00046259415,-0.00023209429,0.00063198496
80.0,-100.0,358.0,41.823925,3.2562983,-7.8665752,0.001184048,9.678466,-80.03062,1.04404435e-05,0.0010012565,0.0017758808,-0.000429617,-0.00016769605,-0.000101422534,0.00042319775
80.0,-100.0,378.0,41.88676,2.8487396,-6.86894,0.0011411011,5.4186363,-74.30716,5.957345e-06,0.0008833118,0.0011676213,0.00023064722,-5.984804e-05,-2.915469e-05,0.00023645081
80.0,-100.0,398.0,41.91798,2.47097,-6.06818,0.0011182862,3.0874696,-69.698616,4.875235e-06,0.00084347144,0.0010015522,0.0003918664,-3.268572e-05,-1.1162931e-05,0.00017500659
80.0,-100.0,418.0,41.928696,2.1343095,-5.4040775,0.0011073338,1.9170073,-65.83752,5.4992115e-06,0.0008434657,0.00096718164,0.00040394368,-2.5926007e-05,-3.6629922e-06,0.00017319688
80.0,-100.0,438.0,41.92871,1.8413577,-4.8425465,0.0011010086,1.2678212,-62.51857,6.415028e-06,0.00084935536,0.00095208647,0.00040092145,-2.215309e-05,2.6135845e-06,0.00017363421
80.0,-100.0,488.0,41.887066,1.2835659,-3.7637541,0.0010943266,0.6362393,-55.800663,9.293896e-06,0.0008689712,0.00092982745,0.00039203896,-1.44251935e-05,1.4775102e-05,0.00016443749
80.0,-100.0,538.0,41.825714,0.8909824,-2.9673693,0.0010917172,0.41536978,-50.661922,1.2780374e-05,0.0008815315,0.00091774465,0.0003557989,-1.2524733e-05,3.0903448e-05,0.00015297046
80.0,-80.0,28.0,44.583725,-1.1342629,0.054316025,0.5602113,654.5336,-144.53372,0.00084783026,0.36681786,0.38616922,0.36754233,-0.003676635,0.09162222,0.011093049
80.0,-80.0,38.0,40.12225,-1.0875207,0.11664462,7.0600405,2556.1284,-149.45157,0.0025876295,4.760476,4.775108,4.575317,0.09392808,2.3290741,0.1498544
80.0,-80.0,58.0,8.979653,-3.9101279,0.0221336,77.26539,2769.3289,-166.35333,0.026735464,47.953564,50.224377,56.347473,1.2375263,26.525627,1.0081863
80.0,-80.0,78.0,-2.473397,-3.2049642,-0.9728783,60.770428,1224.6162,-169.24503,0.04967343,41.80987,38.60599,41.17773,2.5601194,15.066122,-2.3186154
80.0,-80.0,98.0,-7.192082,-1.9918088,-0.5279486,51.212727,878.1904,-163.4854,0.058328077,40.325054,32.969444,29.128075,2.8128862,7.9901633,-3.5330617
80.0,-80.0,118.0,-9.101041,-0.6884934,0.53082687,44.442375,733.8118,-159.55435,0.0605659,36.954712,29.41799,22.513313,1.2501134,1.6302736,-3.5533464
80.0,-80.0,138.0,-8.913265,0.34747055,1.7020154,40.89764,677.61456,-160.36302,0.060356308,33.044304,28.204802,20.545431,-0.33721378,-3.0413492,-2.1841595
80.0,-80.0,158.0,-7.2270336,0.7976013,2.6588314,39.250214,664.95966,-165.69559,0.059028387,28.80068,27.948153,21.751339,-0.50107074,-5.6712165,-0.34161422
80.0,-80.0,178.0,-4.6473975,0.6482079,3.1081944,37.992016,658.6328,-173.01166,0.057687193,24.198595,27.06824,24.71802,0.69277537,-6.2939286,0.6467588
80.0,-80.0,198.0,-1.6753452,0.21082397,2.8124535,37.50637,662.14185,-178.82399,0.05665873,20.1776,25.788319,29.046722,2.2777088,-5.7013702,-0.10250612
80.0,-80.0,218.0,1.5545412,-0.024677752,1.6469659,40.56718,779.12067,-180.52916,0.052133355,18.478222,27.073439,35.58318,3.8271174,-4.8917637,-2.976497
80.0,-80.0,238.0,5.557115,0.2899556,-0.45674664,51.018284,1122.6438,-176.09415,0.044537034,21.475422,35.01799,45.605164,6.2205615,-5.543585,-6.153956
80.0,-80.0,258.0,11.441154,0.58517486,-3.6599228,71.8294,1721.18,-168.06071,0.041164614,30.160334,50.100822,63.398735,10.693193,-9.564656,-7.9217005
80.0,-80.0,278.0,21.19046,0.4093658,-7.708613,81.96001,2385.8604,-155.33846,0.0343968,37.496468,57.718765,68.70488,11.776894,-17.761206,-7.2141685
80.0,-80.0,298.0,36.567356,1.1519853,-11.296812,26.994726,2588.9956,-134.01372,0.010245631,13.459152,20.035435,20.496033,3.3496137,-7.7671227,-2.454372
80.0,-80.0,318.0,42.112778,2.2937574,-10.786391,0.020404462,117.00564,-111.66751,0.00016015272,0.017619489,0.036143187,-0.012956095,-0.008107756,0.0017951339,-0.0056429273
80.0,-80.0,338.0,42.00012,2.4637303,-9.318428,0.0014196658,18.747404,-97.03604,2.763071e-05,0.0015625075,0.0039130137,-0.002637039,-0.0007907402,2.9419032e-05,-9.609238e-06
80.0,-80.0,358.0,41.99488,2.3690245,-8.145991,0.0011912307,10.156942,-86.88053,1.29354585e-05,0.0010840637,0.0018983094,-0.0006233155,-0.00023600023,-1.8117702e-05,0.00018823968
80.0,-80.0,378.0,41.996593,2.1701162,-7.1777983,0.0011463062,5.478007,-79.30336,6.5534673e-06,0.0009089932,0.0011984103,0.0001844436,-7.407564e-05,-1.0407842e-06,0.00014625736
80.0,-80.0,398.0,41.99104,1.9370517,-6.3668714,0.0011209991,3.1710243,-73.3485,5.161033e-06,0.00085711776,0.0010233608,0.0003618496,-3.8183483e-05,3.0222648e-06,0.0001219612
80.0,-80.0,418.0,41.978596,1.7039434,-5.67475,0.0011085628,1.9902471,-68.523125,5.628804e-06,0.00085212814,0.0009856457,0.00037923895,-2.81691e-05,6.729911e-06,0.00012786832
80.0,-80.0,438.0,41.96309,1.4877918,-5.081948,0.0011018675,1.3220392,-64.51732,6.4724377e-06,0.0008557981,0.00096963707,0.00037869735,-2.2440367e-05,1.0102648e-05,0.00013364617
80.0,-80.0,488.0,41.906464,1.0481224,-3.9170802,0.0010946441,0.66770333,-56.81443,8.809183e-06,0.0008659752,0.00094547117,0.00037991,-1.1724828e-05,1.6334754e-05,0.0001437989
80.0,-80.0,538.0,41.836403,0.74010444,-3.0710928,0.0010918769,0.42632267,-51.25336,1.2521231e-05,0.0008823134,0.00094697374,0.0003450922,-9.826333e-06,3.3232784e-05,0.00013033597
80.0,-60.0,28.0,44.598663,-1.1095108,-0.15487812,0.5930848,673.0049,-141.72426,0.00087107765,0.39158753,0.3812047,0.41362375,0.0014313088,0.09872358,0.021941086
80.0,-60.0,38.0,39.601517,-1.1579704,-0.19243062,8.96604,2845.9062,-146.10202,0.002890126,6.17879,5.9517674,5.7978635,0.10270414,3.0888522,0.19101511
80.0,-60.0,58.0,7.704655,-3.2578182,-0.2973583,82.90351,2676.815,-161.80898,0.027402047,53.02147,53.05643,59.751743,1.2868739,27.587183,0.56371427
80.0,-60.0,78.0,-3.8137128,-2.6818712,-1.1211554,65.6625,1232.3289,-163.67389,0.05333162,46.989796,40.27608,43.869396,2.6783407,16.71188,-1.9354793
80.0,-60.0,98.0,-8.602335,-1.6961799,-0.59555477,54.156544,872.2674,-157.3506,0.062104013,44.13398,33.724983,30.454386,2.6335192,8.272777,-3.1889377
80.0,-60.0,118.0,-10.257352,-0.6314752,0.48460487,46.922153,713.1726,-153.76613,0.06579896,39.565117,30.707123,23.57179,1.3945246,0.9939609,-3.1146843
80.0,-60.0,138.0,-9.80211,0.1652879,1.6454135,43.76669,655.52356,-155.47859,0.066768855,35.349552,30.40249,21.78081,0.4004333,-3.5768645,-1.6854929
80.0,-60.0,158.0,-8.086774,0.47004485,2.623772,42.12574,637.46246,-161.63467,0.06608703,31.29931,30.210964,22.740894,0.5751165,-5.6736164,0.0051500816
80.0,-60.0,178.0,-5.708198,0.3422193,3.1910677,40.35737,621.07996,-169.71968,0.064984195,26.936419,28.76119,25.016705,1.6145774,-6.0212345,0.7327685
80.0,-60.0,198.0,-3.0195,0.06116579,3.1638687,38.636974,601.62354,-176.5029,0.0642294,22.591322,26.674849,28.007267,2.7455611,-5.5728207,-0.03719896
80.0,-60.0,218.0,-0.16116793,-0.06498689,2.4974556,38.647617,613.9871,-179.65659,0.062975064,19.307966,26.105606,31.882391,3.619285,-5.012795,-2.0361972
80.0,-60.0,238.0,3.0227785,0.085332274,1.2095574,43.357777,791.2493,-178.14865,0.054879032,18.985445,29.829588,37.93908,4.5540276,-5.108579,-3.8702738
80.0,-60.0,258.0,7.419344,0.2001882,-0.9300044,58.10388,1253.8403,-172.15916,0.046391048,24.605713,39.995537,51.60559,6.112652,-8.353664,-4.1073723
80.0,-60.0,278.0,15.576039,-0.092717804,-4.4332347,83.323975,2027.5052,-162.45296,0.041136477,37.900955,56.529564,72.21829,7.9221997,-18.926062,-4.2883906
80.0,-60.0,298.0,30.12744,-0.0031233549,-8.521144,62.040222,2659.2874,-146.26962,0.023358034,31.019821,42.680664,50.375965,5.435129,-19.094639,-3.576767
80.0,-60.0,318.0,42.55182,1.137808,-10.313204,0.20065674,319.02234,-123.32556,0.00050283875,0.13716577,0.1791587,0.08498071,-0.016655065,-0.008859033,-0.031108584
80.0,-60.0,338.0,42.282593,1.5209014,-9.212755,0.0018962763,23.807575,-105.68696,5.406272e-05,0.002558976,0.00563502,-0.004401999,-0.0014210098,0.0008191685,-0.0010256851
80.0,-60.0,358.0,42.168327,1.5987991,-8.220452,0.0012038227,10.633941,-93.26123,1.6332226e-05,0.0011912369,0.001960625,-0.0007683062,-0.00028080208,0.00011577746,-4.6742575e-06
80.0,-60.0,378.0,42.10641,1.5363787,-7.334381,0.0011519827,5.595215,-83.97445,7.4240743e-06,0.0009403589,0.0012143191,0.00014839921,-7.969755e-05,3.5157755e-05,7.5790704e-05
80.0,-60.0,398.0,42.061493,1.4121473,-6.5519953,0.0011234459,3.2584522,-76.75032,5.53856e-06,0.0008719532,0.0010330365,0.00034223925,-3.9008613e-05,2.0191148e-05,7.72496e-05
80.0,-60.0,418.0,42.024597,1.2651048,-5.861711,0.0011096965,2.04001,-71.00469,5.823199e-06,0.00086120405,0.0009944222,0.00036365216,-2.6619768e-05,1.8220335e-05,8.6356034e-05
80.0,-60.0,438.0,41.99404,1.1170232,-5.2565665,0.0011025019,1.3518243,-66.34112,6.5682198e-06,0.0008619989,0.000980248,0.00036322794,-1.9110219e-05,1.8141058e-05,9.447065e-05
80.0,-60.0,488.0,41.91878,0.79539937,-4.046052,0.0010948351,0.67082804,-57.71048,9.092664e-06,0.0008742319,0.00095227326,0.00036556006,-1.04664305e-05,2.2482474e-05,0.0001134609
80.0,-60.0,538.0,41.843086,0.56011194,-3.1756113,0.0010919843,0.43507376,-51.75856,1.2286831e-05,0.0008826251,0.0009499132,0.00032860768,-8.613627e-06,3.4012694e-05,0.00010072454
80.0,-40.0,28.0,44.55116,-0.86748457,-0.38682398,0.6020772,688.147,-138.74019,0.00085975666,0.398835,0.3744851,0.43126836,0.0037039605,0.11244333,0.017898614
80.0,-40.0,38.0,39.0219,-0.9421866,-0.4535052,11.094186,3099.6357,-142.64824,0.0032340449,7.7717304,7.2902465,7.1285706,0.11721708,3.9228578,0.18724978
80.0,-40.0,58.0,6.588681,-2.3269246,-0.54431957,86.95934,2608.6365,-157.4989,0.028170094,56.65513,55.039764,62.17323,1.0975631,28.441254,0.29189268
80.0,-40.0,78.0,-4.9439473,-1.9231663,-1.2335812,68.86419,1233.9758,-158.27808,0.055848878,50.971504,41.19346,45.41658,1.8902744,17.848484,-1.3533338
80.0,-40.0,98.0,-9.756156,-1.2362919,-0.6374448,55.70847,861.6628,-151.63608,0.06467488,46.714584,33.70479,31.006618,2.1567237,8.503709,-2.337872
80.0,-40.0,118.0,-11.256313,-0.5017023,0.44884345,48.177807,687.74426,-148.5173,0.07005925,41.417744,30.88044,24.054817,1.4645038,0.7051538,-2.1977952
80.0,-40.0,138.0,-10.685261,0.016684618,1.5807387,45.31729,627.06586,-150.99202,0.07227039,37.30055,30.941181,22.393166,1.0715775,-3.7385468,-1.0404887
80.0,-40.0,158.0,-9.004409,0.19569418,2.5555327,43.703045,605.90753,-157.76562,0.072129555,33.631683,30.67062,23.103683,1.3851544,-5.588355,0.18663028
80.0,-40.0,178.0,-6.7573934,0.109532654,3.1954014,41.70255,586.46783,-166.4741,0.071109414,29.540869,29.003645,24.858366,2.0667706,-5.91407,0.6173889
80.0,-40.0,198.0,-4.20714,-0.04764914,3.346955,39.43035,562.52686,-174.19537,0.07009691,25.013908,26.740953,27.10601,2.6519911,-5.650249,0.018549433
80.0,-40.0,218.0,-1.4717948,-0.104081646,2.9628658,38.116875,549.5826,-178.60971,0.06936164,20.85198,25.502537,29.880154,2.9962018,-5.349427,-1.1962367
80.0,-40.0,238.0,1.4597353,-0.029860733,2.0557122,40.074398,628.8676,-178.84904,0.06379284,18.64323,27.114227,34.430843,3.1664662,-5.4318705,-2.1397836
80.0,-40.0,258.0,5.2940497,0.015362682,0.38554955,50.8752,1013.3073,-174.27225,0.050283562,22.007889,34.449463,45.292564,3.439342,-8.085841,-2.0462072
80.0,-40.0,278.0,12.5473385,-0.19578731,-2.6701913,78.24877,1785.1908,-165.5445,0.043859698,35.60601,52.177914,68.71251,4.361902,-18.577765,-2.0253167
80.0,-40.0,298.0,26.2115,-0.26273045,-6.693712,77.196655,2551.1228,-152.36859,0.030314779,39.04482,51.589,63.758068,3.9569743,-23.872553,-2.4582243
80.0,-40.0,318.0,42.444653,0.46505564,-9.685948,1.4195192,881.15704,-131.43045,0.0012089936,0.86234945,1.0028535,0.97450554,0.012107471,-0.25745547,-0.078425534
80.0,-40.0,338.0,42.51518,0.8399068,-9.0023,0.002765198,28.175964,-112.247826,9.2971204e-05,0.004097168,0.00708076,-0.0056501823,-0.0017310975,0.0024105813,-0.0020387264
80.0,-40.0,358.0,42.31697,0.9656895,-8.19097,0.0012189775,11.044876,-98.27384,2.0451707e-05,0.0013094218,0.0019755203,-0.00086101075,-0.00025367655,0.00027292938,-0.00013001099
80.0,-40.0,378.0,42.205975,0.97018725,-7.3960576,0.0011559591,5.7178187,-87.70551,8.411262e-06,0.0009711681,0.0012190932,0.000120650395,-6.8373716e-05,7.317364e-05,2.7460277e-05
80.0,-40.0,398.0,42.128532,0.914723,-6.6549044,0.0011251976,3.3096378,-79.484436,5.901182e-06,0.0008847995,0.0010341929,0.00033172025,-3.2323125e-05,3.670929e-05,4.2617423e-05
80.0,-40.0,418.0,42.07143,0.8327303,-5.978541,0.0011105117,2.0679543,-72.9979,5.9996223e-06,0.0008686667,0.0009968278,0.0003553865,-2.221366e-05,2.8317996e-05,5.2410276e-05
80.0,-40.0,438.0,42.02821,0.7427092,-5.370641,0.00110298,1.3788668,-67.79868,6.6392668e-06,0.00086697313,0.0009852273,0.00035427176,-1.6533524e-05,2.5469306e-05,5.9415364e-05
80.0,-40.0,488.0,41.93355,0.5363989,-4.1263285,0.0010949984,0.68463355,-58.41017,8.870942e-06,0.0008734901,0.0009674401,0.00035141618,-9.765146e-06,2.4695526e-05,6.60355e-05
80.0,-40.0,538.0,41.85141,0.38056508,-3.2339199,0.001092085,0.44150442,-52.164875,1.2229999e-05,0.00088435056,0.00095838,0.00032154127,-6.5358186e-06,3.6174344e-05,6.267952e-05
80.0,-20.0,28.0,44.47656,-0.4979048,-0.55535644,0.6320514,712.5858,-136.61223,0.00086538965,0.41957977,0.38535485,0.45933014,0.0030771622,0.13183032,0.009657098
80.0,-20.0,38.0,38.466278,-0.5333886,-0.6240684,13.028203,3271.827,-140.24521,0.0035829272,9.215915,8.514574,8.32913,0.09715236,4.691029,0.11533949
80.0,-20.0,58.0,5.8237486,-1.2050749,-0.70532966,89.34526,2561.6377,-154.49155,0.028817667,58.90911,56.15239,63.610794,0.6265945,29.007378,0.12815113
80.0,-20.0,78.0,-5.681027,-1.0000523,-1.3073219,70.64475,1234.4695,-154.50024,0.05726698,53.665867,41.470634,46.15469,1.2998228,18.727173,-0.7039943
80.0,-20.0,98.0,-10.530577,-0.6492636,-0.6657977,56.347633,852.6346,-147.56183,0.06611471,48.161377,33.382034,31.152107,1.2394805,8.697828,-1.2100893
80.0,-20.0,118.0,-11.966313,-0.27926075,0.41888443,48.61749,665.5988,-144.77164,0.07305382,42.579617,30.495342,24.159468,0.9863707,0.6854042,-1.1062614
80.0,-20.0,138.0,-11.371547,-0.02938733,1.5245667,45.880768,601.0746,-147.71306,0.07633297,38.698254,30.558693,22.504162,0.92082363,-3.699544,-0.46401602
80.0,-20.0,158.0,-9.736781,0.05033172,2.4922276,44.26326,578.5717,-154.8622,0.07650539,35.361816,30.158285,23.005936,1.1540942,-5.5363026,0.1691964
80.0,-20.0,178.0,-7.5543466,0.0068880077,3.1732244,42.19268,559.7735,-163.99837,0.07537545,31.45049,28.458088,24.476435,1.4722731,-5.969463,0.35481626
80.0,-20.0,198.0,-5.047354,-0.06276476,3.4251487,39.759247,537.59015,-172.40964,0.073958956,26.804976,26.28402,26.429298,1.677609,-5.8641086,0.028293015
80.0,-20.0,218.0,-2.3297884,-0.08260441,3.1863706,37.975334,521.3406,-177.72389,0.07284427,22.16292,24.922476,28.865864,1.7401289,-5.7111144,-0.54528564
80.0,-20.0,238.0,0.5711864,-0.048529416,2.4426148,38.91122,569.247,-178.91046,0.06839802,19.052902,25.818373,32.975456,1.6917868,-5.8583183,-0.9443936
80.0,-20.0,258.0,4.2298207,-0.032657884,0.9747157,47.920498,907.62067,-175.18895,0.052893996,21.170193,31.9622,42.70824,1.5869576,-8.200122,-0.8490192
80.0,-20.0,278.0,11.0867,-0.13903202,-1.852544,74.67073,1661.004,-166.75916,0.044922724,34.083206,49.325157,65.93885,1.8919221,-18.26207,-0.76615596
80.0,-20.0,298.0,24.217262,-0.19230479,-5.7610946,82.43026,2466.1443,-154.85559,0.03348161,41.970715,54.466705,68.42227,1.9140786,-25.553787,-1.148749
80.0,-20.0,318.0,41.824104,0.1461732,-9.16496,3.9819288,1428.8844,-135.80931,0.002203392,2.3400722,2.7000275,2.9242213,0.049282886,-0.9140595,-0.08691447
80.0,-20.0,338.0,42.662674,0.36384243,-8.829669,0.0041084425,32.736324,-116.152756,0.00012297592,0.0057126544,0.0077295126,-0.005226507,-0.0011723938,0.0039975788,-0.001644516
80.0,-20.0,358.0,42.41174,0.44786242,-8.139737,0.0012363526,11.262855,-101.409485,2.3971636e-05,0.0014080871,0.0019591467,-0.0009155862,-0.0001569588,0.00041914562,-0.00012499493
80.0,-20.0,378.0,42.26887,0.4645901,-7.4119287,0.0011588063,5.823143,-90.08586,9.295887e-06,0.0009967915,0.0012206733,9.904051e-05,-3.898829e-05,0.000104542225,3.9201846e-06
80.0,-20.0,398.0,42.170696,0.4460603,-6.7046337,0.0011262608,3.3273299,-81.243515,6.1700366e-06,0.0008936183,0.0010323189,0.00032690165,-1.6977594e-05,4.8730108e-05,1.8201936e-05
80.0,-20.0,418.0,42.09939,0.41078174,-6.041504,0.0011110649,2.0851161,-74.283005,6.1293667e-06,0.00087380584,0.0009967224,0.0003514714,-1.2477049e-05,3.5979978e-05,2.5487952e-05
80.0,-20.0,438.0,42.046215,0.36999106,-5.436487,0.0011033608,1.3976735,-68.7369,6.725564e-06,0.0008708195,0.0009867743,0.000349674,-1.1773204e-05,3.0719882e-05,2.835335e-05
80.0,-20.0,488.0,41.94156,0.26723763,-4.185133,0.0010950614,0.6844396,-58.85512,8.992196e-06,0.0008771238,0.0009699958,0.0003454446,-4.0385767e-06,2.7778498e-05,3.096731e-05
80.0,-20.0,538.0,41.85319,0.18554816,-3.2634754,0.0010921011,0.4426675,-52.306904,1.2164129e-05,0.0008846688,0.0009696558,0.00031700052,-2.5524469e-06,3.7009882e-05,3.4797766e-05
80.0,0.0,28.0,44.444687,-0.05651961,-0.61711144,0.6581243,729.94525,-135.86581,0.0008762956,0.43720046,0.3989031,0.48026568,-0.0008929488,0.14347109,-0.00020083085
80.0,0.0,38.0,38.216244,-0.021091115,-0.68380696,13.867595,3332.6738,-139.40933,0.0037464967,9.844887,9.046937,8.848906,-0.0041460805,5.034763,-0.011075438
80.0,0.0,58.0,5.55216,0.010146028,-0.76333976,90.105354,2543.5366,-153.41405,0.029080248,59.686832,56.489624,64.0672,-0.019443499,29.1954,-0.0123406835
80.0,0.0,78.0,-5.9103656,0.011319447,-1.3352857,71.2569,1236.3855,-153.11943,0.057677977,54.413708,41.585323,46.43619,-0.02489003,19.003246,0.01380771
80.0,0.0,98.0,-10.806176,0.00806708,-0.6772334,56.505997,849.1472,-146.05913,0.066575065,48.623817,33.21353,31.164783,-0.012542119,8.782315,0.011112304
80.0,0.0,118.0,-12.227945,0.006407505,0.4061939,48.697495,656.40814,-143.36996,0.0741995,42.99244,30.257368,24.147219,-0.0052607097,0.7172521,0.007172815
80.0,0.0,138.0,-11.634764,0.004549012,1.5017309,45.98278,589.95557,-146.4564,0.077943444,39.226578,30.268696,22.468803,0.0010270244,-3.6604934,0.010370211
80.0,0.0,158.0,-10.020412,0.0017074365,2.466509,44.35455,567.0879,-153.71051,0.0782142,36.018063,29.804304,22.88625,0.0059238696,-5.5276785,0.0145415515
80.0,0.0,178.0,-7.856645,-0.0018077928,3.16137,42.27491,549.12415,-162.99783,0.07698562,32.166378,28.11258,24.2724,0.0071486845,-6.023741,0.014759695
80.0,0.0,198.0,-5.356217,-0.005222378,3.4461498,39.823227,528.4333,-171.66159,0.075360425,27.473934,26.009638,26.162247,0.007186515,-5.9803667,0.012264368
80.0,0.0,218.0,-2.6345227,-0.007964107,3.2529209,37.93941,512.62366,-177.30702,0.07401158,22.673368,24.663826,28.541351,0.0069489814,-5.872747,0.0069744037
80.0,0.0,238.0,0.27213058,-0.010212043,2.5572343,38.627983,554.5443,-178.81734,0.06969289,19.291683,25.415298,32.57118,0.007875757,-6.0484743,0.003371656
80.0,0.0,258.0,3.8985023,-0.012711024,1.1467063,47.142708,878.3878,-175.3947,0.053770464,21.007725,31.261827,42.013138,0.0047872993,-8.289368,0.0017484205
80.0,0.0,278.0,10.653657,-0.015649244,-1.6145505,73.52888,1624.7023,-167.04933,0.04499242,33.652,48.413754,64.99734,-0.021428123,-18.125769,0.0049096677
80.0,0.0,298.0,23.630978,-0.014453264,-5.481306,83.57506,2438.8323,-155.48001,0.034324784,42.660534,55.0488,69.43837,-0.07894419,-25.953056,0.0031618837
80.0,0.0,318.0,41.5259,-0.009671514,-8.963124,5.2615247,1596.6422,-137.11264,0.0026746145,3.0656881,3.542575,3.9147964,-0.006993906,-1.2881503,-0.0005960125
80.0,0.0,338.0,42.70876,-0.0050109606,-8.75248,0.004778766,35.33315,-117.416626,0.00013223538,0.0063824086,0.0078093763,-0.004632621,1.932204e-05,0.0046113376,-1.0364296e-05
80.0,0.0,358.0,42.43899,-0.0044968054,-8.111881,0.0012444573,11.388848,-102.467735,2.597046e-05,0.0014623527,0.0019549206,-0.00093824917,2.131552e-06,0.0004850719,-1.6858698e-05
80.0,0.0,378.0,42.286472,-0.004422786,-7.4129677,0.0011593857,5.8512845,-90.89942,9.65237e-06,0.001006374,0.0012182986,9.2873815e-05,-8.150927e-08,0.00011661983,-2.2287995e-06
80.0,0.0,398.0,42.181698,-0.0043289852,-6.7186294,0.0011267974,3.344397,-81.84663,6.2669487e-06,0.00089689135,0.0010322158,0.000324739,4.0796124e-08,5.3125972e-05,-5.325367e-07
80.0,0.0,418.0,42.103355,-0.0034414951,-6.0579753,0.0011113664,2.10795,-74.72372,6.1689243e-06,0.0008758816,0.0009964351,0.0003501987,1.1518025e-07,3.9897634e-05,3.940556e-07
80.0,0.0,438.0,42.0435,-0.0024504713,-5.457698,0.0011036949,1.4105453,-69.05829,6.839742e-06,0.00087387534,0.0009859453,0.00034800696,1.5675984e-07,3.3332875e-05,1.8722157e-07
80.0,0.0,488.0,41.940975,-0.0023244116,-4.209129,0.0010950816,0.68354875,-59.007084,9.002437e-06,0.0008777459,0.0009710544,0.00034387797,2.1262599e-07,2.7954644e-05,4.74217e-07
80.0,0.0,538.0,41.85426,-0.0022763403,-3.2843795,0.0010921289,0.44508418,-52.461903,1.2186849e-05,0.0008853519,0.0009511049,0.00031625587,2.3381942e-07,3.801454e-05,-7.4503066e-07
80.0,20.0,28.0,44.50314,0.3836056,-0.5626732,0.6264293,711.01904,-136.68991,0.00085911783,0.4158716,0.3821554,0.4551836,-0.0058594984,0.13066733,-0.009377522
80.0,20.0,38.0,38.482044,0.4909569,-0.6286752,13.031701,3272.5186,-140.29465,0.0035830713,9.221022,8.51609,8.330243,-0.095287725,4.698331,-0.13831769
80.0,20.0,58.0,5.8364835,1.223806,-0.7081336,89.315605,2561.0466,-154.50893,0.02881346,58.88231,56.142307,63.59048,-0.6498463,28.997046,-0.14915055
80.0,20.0,78.0,-5.6680274,1.0212456,-1.3101108,70.64461,1234.5278,-154.50197,0.057264082,53.652203,41.486942,46.15349,-1.3358705,18.739067,0.7304996
80.0,20.0,98.0,-10.523561,0.66470176,-0.6676803,56.3515,852.8463,-147.53279,0.06610289,48.161777,33.395138,31.146826,-1.2668537,8.714883,1.2273833
80.0,20.0,118.0,-11.964034,0.2922966,0.41821247,48.62068,665.43414,-144.69322,0.07307681,42.593967,30.493542,24.15316,-1.000345,0.6947138,1.1149114
80.0,20.0,138.0,-11.372402,0.039357502,1.5241565,45.885193,600.67053,-147.58806,0.07639166,38.71998,30.548151,22.501953,-0.9222774,-3.6988993,0.4808222
80.0,20.0,158.0,-9.739174,-0.04610286,2.491546,44.27113,578.19763,-154.69374,0.076568455,35.382977,30.151093,23.008114,-1.1441238,-5.5436945,-0.14121184
80.0,20.0,178.0,-7.5563536,-0.010224308,3.172429,42.204575,559.5467,-163.80678,0.07542723,31.466412,28.46187,24.480831,-1.4574009,-5.9812803,-0.3226017
80.0,20.0,198.0,-5.0482273,0.051910654,3.4249012,39.772648,537.45703,-172.20636,0.074002184,26.81452,26.299238,26.431328,-1.6625018,-5.8743763,-0.0019464128
80.0,20.0,218.0,-2.3299294,0.06577097,3.1873674,37.986576,521.23285,-177.52055,0.07288087,22.16675,24.942917,28.86424,-1.7240916,-5.718415,0.560002
80.0,20.0,238.0,0.57087123,0.027059464,2.445344,38.917698,569.1751,-178.72026,0.068418145,19.05419,25.836018,32.969063,-1.6724526,-5.8633747,0.95112497
80.0,20.0,258.0,4.2300587,0.0067579523,0.9788496,47.926186,908.06635,-175.02275,0.052874822,21.174309,31.969921,42.70684,-1.570247,-8.210102,0.8507847
80.0,20.0,278.0,11.103294,0.11002108,-1.852914,74.72496,1664.3077,-166.59302,0.044829935,34.131702,49.341072,65.98431,-1.8967199,-18.310024,0.76500994
80.0,20.0,298.0,24.284313,0.1686585,-5.7703667,82.288895,2471.929,-154.71526,0.033346582,41.924797,54.34458,68.30767,-1.9429669,-25.58001,1.1373643
80.0,20.0,318.0,41.87554,-0.1598232,-9.167282,3.733547,1390.85,-135.65407,0.0021122806,2.198085,2.5311954,2.73835,-0.045228142,-0.84896076,0.082182765
80.0,20.0,338.0,42.660427,-0.3732942,-8.826864,0.004045913,32.506794,-116.06728,0.000121992736,0.005632042,0.007643526,-0.0051847794,0.0011656131,0.0039255694,0.0015782425
80.0,20.0,358.0,42.411453,-0.4572571,-8.137627,0.0012357829,11.275008,-101.348946,2.4027711e-05,0.0014096507,0.0019652995,-0.0009127724,0.0001581152,0.00041701717,0.00011627369
80.0,20.0,378.0,42.268566,-0.47262502,-7.4105763,0.001158716,5.8204737,-90.03846,9.300847e-06,0.0009968743,0.0012198685,9.958487e-05,3.946502e-05,0.000104604616,-4.4843764e-06
80.0,20.0,398.0,42.170338,-0.45295557,-6.7039227,0.0011262661,3.3320327,-81.20396,6.1715896e-06,0.0008936691,0.0010323076,0.0003268802,1.7224587e-05,4.8732683e-05,-1.859341e-05
80.0,20.0,418.0,42.098946,-0.41679716,-6.0409527,0.0011110842,2.0875003,-74.24911,6.133834e-06,0.0008739217,0.0009965885,0.00035153225,1.2731184e-05,3.600641e-05,-2.6269521e-05
80.0,20.0,438.0,42.04585,-0.37563738,-5.4365964,0.0011033358,1.3951738,-68.70741,6.7263227e-06,0.0008708073,0.000986647,0.0003497793,1.188044e-05,3.067179e-05,-2.9403356e-05
80.0,20.0,488.0,41.941452,-0.27167246,-4.1840563,0.0010950642,0.6844674,-58.83519,8.998053e-06,0.00087720924,0.00096983946,0.00034555022,3.9958227e-06,2.7759166e-05,-3.2166463e-05
80.0,20.0,538.0,41.853348,-0.18776198,-3.2676008,0.0010921117,0.4432189,-52.324432,1.2158922e-05,0.00088476366,0.0009701178,0.00031629897,2.903807e-06,3.71409e-05,-3.9043618e-05
80.0,40.0,28.0,44.5984,0.7572381,-0.4067778,0.6055606,690.2044,-138.91803,0.0008617991,0.40188977,0.3753472,0.4339762,-0.008558254,0.11511166,-0.01654914
80.0,40.0,38.0,39.020252,0.90502787,-0.46601132,11.118251,3099.9792,-142.77687,0.0032425548,7.7978067,7.3030853,7.138262,-0.1248271,3.94864,-0.20414044
80.0,40.0,58.0,6.60692,2.33934,-0.55066603,86.85502,2605.4426,-157.53293,0.028167361,56.571037,54.997086,62.094994,-1.1177651,28.401468,-0.31122637
80.0,40.0,78.0,-4.9167423,1.9393747,-1.2387601,68.8547,1233.9396,-158.34059,0.055842794,50.986732,41.224163,45.409233,-1.9395274,17.893854,1.3680109
80.0,40.0,98.0,-9.741132,1.2493579,-0.64011985,55.71098,862.10364,-151.5652,0.0646448,46.70925,33.729866,30.992342,-2.1884558,8.534284,2.3386412
80.0,40.0,118.0,-11.250936,0.51537764,0.4488376,48.18296,687.538,-148.35193,0.070087954,41.44366,30.877796,24.042557,-1.4882599,0.7226522,2.189933
80.0,40.0,138.0,-10.686442,-0.0038861374,1.581157,45.329514,626.36224,-150.73347,0.07237109,37.34216,30.921501,22.396114,-1.0864654,-3.736437,1.0482266
80.0,40.0,158.0,-9.009145,-0.18870863,2.5547328,43.72605,605.21387,-157.43417,0.07225021,33.67387,30.660318,23.11799,-1.3872318,-5.601369,-0.15848593
80.0,40.0,178.0,-6.7620196,-0.11197712,3.193914,41.734444,585.9846,-166.09198,0.071222454,29.574406,29.018362,24.874136,-2.056388,-5.935599,-0.5793254
80.0,40.0,198.0,-4.209804,0.035363946,3.3465655,39.462692,562.2034,-173.78897,0.070194736,25.034143,26.777424,27.11404,-2.6329038,-5.670309,0.011655666
80.0,40.0,218.0,-1.4735153,0.08460595,2.9652734,38.140064,549.2602,-178.20508,0.06944453,20.858921,25.542156,29.880459,-2.970458,-5.3635154,1.2115122
80.0,40.0,238.0,1.456825,0.0058990973,2.0614276,40.081173,628.27527,-178.46956,0.0638635,18.642117,27.13718,34.423687,-3.1383853,-5.4431596,2.1436648
80.0,40.0,258.0,5.289839,-0.04138569,0.39332065,50.86708,1013.0088,-173.93344,0.050290875,22.002302,34.43978,45.291664,-3.4051213,-8.099753,2.0358381
80.0,40.0,278.0,12.555638,0.1734853,-2.6675136,78.24893,1786.8635,-165.22737,0.043818984,35.6215,52.14582,68.73183,-4.301041,-18.622688,1.9918597
80.0,40.0,298.0,26.251692,0.24737468,-6.6989627,76.977875,2553.2097,-152.08514,0.030204207,38.942127,51.427032,63.586136,-3.842761,-23.846645,2.4163554
80.0,40.0,318.0,42.45156,-0.47491902,-9.6840925,1.3687391,866.82825,-131.2109,0.00118524,0.8324079,0.96778804,0.9379309,-0.009677624,-0.24649593,0.07610107
80.0,40.0,338.0,42.513092,-0.8486687,-8.998979,0.002708927,27.94727,-112.09954,9.177901e-05,0.004017443,0.006977839,-0.005578688,0.0016965861,0.002342394,0.0019873914
80.0,40.0,358.0,42.31633,-0.97480094,-8.189065,0.0012187007,11.065869,-98.16075,2.0543757e-05,0.0013117794,0.0019791224,-0.00087158004,0.00025610087,0.00027626407,0.00012631479
80.0,40.0,378.0,42.2049,-0.9779416,-7.3946614,0.0011557954,5.712628,-87.61286,8.401117e-06,0.0009708276,0.0012182418,0.00012153259,6.854669e-05,7.287767e-05,-2.861131e-05
80.0,40.0,398.0,42.127758,-0.92147434,-6.653575,0.001125211,3.3113296,-79.40616,5.9003514e-06,0.000884797,0.0010341515,0.00033179132,3.2521646e-05,3.6603276e-05,-4.299431e-05
80.0,40.0,418.0,42.070683,-0.83892256,-5.9771886,0.0011105348,2.0703917,-72.93041,5.9996682e-06,0.00086868304,0.0009968444,0.00035540102,2.2345794e-05,2.8253506e-05,-5.24933e-05
80.0,40.0,438.0,42.027576,-0.74801356,-5.369469,0.0011029545,1.3765987,-67.740234,6.6421644e-06,0.0008670134,0.0009851085,0.00035429248,1.6742919e-05,2.544121e-05,-5.957577e-05
80.0,40.0,488.0,41.933254,-0.5409623,-4.124992,0.0010950054,0.68504417,-58.370388,8.8691895e-06,0.00087345747,0.00096749887,0.00035140055,1.0149282e-05,2.4571089e-05,-6.596465e-05
80.0,40.0,538.0,41.851006,-0.38479733,-3.2329822,0.0010920878,0.44156128,-52.135406,1.2234827e-05,0.0008844177,0.00095837744,0.00032149997,6.8237873e-06,3.6248344e-05,-6.2991814e-05
80.0,60.0,28.0,44.6984,1.0227296,-0.1881738,0.58878195,673.0589,-142.01927,0.0008638392,0.39244705,0.375046,0.4104982,-0.009698937,0.101461455,-0.018258415
80.0,60.0,38.0,39.62027,1.1427641,-0.21472718,8.934128,2843.0195,-146.30849,0.0028840636,6.182196,5.9155583,5.768289,-0.105343916,3.1126626,-0.19355091
80.0,60.0,58.0,7.7267456,3.2567499,-0.3063372,82.726585,2672.144,-161.8571,0.027402412,52.872505,52.989964,59.615555,-1.2878555,27.52107,-0.58570063
80.0,60.0,78.0,-3.773965,2.6883574,-1.1270242,65.63071,1232.0955,-163.70229,0.05331573,46.97265,40.318195,43.84543,-2.7141178,16.761858,1.9384265
80.0,60.0,98.0,-8.578066,1.7046509,-0.59798455,54.151646,873.00336,-157.21292,0.062046148,44.113884,33.760918,30.429031,-2.6686819,8.313752,3.1721835
80.0,60.0,118.0,-10.246675,0.6458884,0.48637623,46.931934,713.098,-153.49318,0.06581981,39.595947,30.71072,23.55694,-1.4349619,1.0149711,3.091157
80.0,60.0,138.0,-9.799953,-0.14750656,1.6476619,43.795868,654.63007,-155.08244,0.06690456,35.405983,30.386862,21.798677,-0.4448187,-3.576259,1.6868204
80.0,60.0,158.0,-8.0902815,-0.458067,2.6230009,42.172005,636.3376,-161.13747,0.06627646,31.35787,30.209162,22.776829,-0.6037131,-5.687179,0.029819164
80.0,60.0,178.0,-5.714362,-0.3431891,3.1885734,40.41403,620.11566,-169.14316,0.06517649,26.986551,28.7935,25.047825,-1.6142148,-6.043663,-0.68256974
80.0,60.0,198.0,-3.026137,-0.075944625,3.1636977,38.689537,600.8734,-175.88882,0.0643969,22.62617,26.730003,28.02253,-2.7182226,-5.5974283,0.07273811
80.0,60.0,218.0,-0.16873299,0.041615617,2.5024257,38.67646,613.2161,-179.0492,0.0631011,19.32482,26.151117,31.87756,-3.5784945,-5.0315723,2.04669
80.0,60.0,238.0,3.0111694,-0.1118093,1.220552,43.347168,789.8718,-177.58871,0.054961648,18.982452,29.835009,37.92788,-4.5106125,-5.128551,3.8590724
80.0,60.0,258.0,7.400079,-0.22492309,-0.9144161,58.038147,1251.5758,-171.66527,0.04642257,24.57594,39.947353,51.552208,-6.0603876,-8.350628,4.072761
80.0,60.0,278.0,15.545863,0.075061135,-4.4149632,83.24685,2025.0715,-162.03638,0.041147646,37.855583,56.470966,72.16882,-7.827424,-18.917917,4.2331905
80.0,60.0,298.0,30.091877,-0.009692925,-8.504362,62.12027,2658.401,-145.94165,0.023396268,31.051563,42.728924,50.45717,-5.3615375,-19.125,3.5524218
80.0,60.0,318.0,42.54558,-1.1466615,-10.308285,0.2019875,318.2895,-123.08529,0.0005058256,0.13806851,0.18027548,0.08562499,0.016749183,-0.009134837,0.031188564
80.0,60.0,338.0,42.28265,-1.5300741,-9.20848,0.0018760595,23.70979,-105.49522,5.3599826e-05,0.0025312412,0.0055838125,-0.0043634856,0.0014035203,0.00080069696,0.0010040683
80.0,60.0,358.0,42.1682,-1.6070031,-8.216659,0.0012042631,10.672743,-93.10355,1.6454489e-05,0.0011953996,0.0019655644,-0.0007703864,0.0002826914,0.000118115444,-4.5653046e-06
80.0,60.0,378.0,42.10582,-1.5435995,-7.3311462,0.0011518891,5.5960627,-83.840614,7.430122e-06,0.0009404805,0.0012141805,0.00014823704,7.997243e-05,3.507556e-05,-7.5717e-05
80.0,60.0,398.0,42.061142,-1.4183524,-6.5491123,0.0011234734,3.2589011,-76.635216,5.539777e-06,0.00087201427,0.0010329972,0.000342274,3.9138977e-05,2.0103496e-05,-7.733417e-05
80.0,60.0,418.0,42.024277,-1.2708474,-5.8590527,0.001109705,2.0403442,-70.90466,5.8248615e-06,0.00086126244,0.0009942718,0.00036375644,2.6716889e-05,1.820348e-05,-8.680084e-05
80.0,60.0,438.0,41.99361,-1.1225945,-5.254325,0.0011024935,1.3510836,-66.25399,6.5702857e-06,0.0008620404,0.0009800708,0.0003633522,1.915565e-05,1.8139724e-05,-9.489715e-05
80.0,60.0,488.0,41.918255,-0.79955786,-4.0451236,0.0010948406,0.6710033,-57.650967,9.096911e-06,0.00087429973,0.0009519177,0.00036587848,1.0440595e-05,2.2438191e-05,-0.00011423896
80.0,60.0,538.0,41.842407,-0.56439286,-3.174826,0.0010919824,0.43489715,-51.715256,1.2289377e-05,0.00088261283,0.00094951264,0.00032868196,8.916544e-06,3.4003966e-05,-0.00010074195
80.0,80.0,28.0,44.777416,1.1402342,0.04236799,0.548373,650.2247,-145.10223,0.0008340494,0.37039384,0.36445448,0.36221233,-0.011926787,0.09374305,-0.013790555
80.0,80.0,38.0,40.156464,1.1954747,0.10180801,7.021926,2551.6892,-149.89705,0.00257939,4.7990522,4.6896195,4.5484104,-0.08793917,2.385008,-0.13098285
80.0,80.0,58.0,8.99673,3.8813088,0.013884673,77.00443,2763.1968,-166.50958,0.026760481,47.727634,50.1466,56.144524,-1.1679485,26.435022,-1.0681148
80.0,80.0,78.0,-2.424841,3.1970322,-0.9771309,60.705643,1223.8694,-169.24136,0.04965053,41.733723,38.637318,41.13637,-2.6055079,15.103812,2.2926884
80.0,80.0,98.0,-7.157517,1.9928286,-0.52982944,51.195225,878.94995,-163.25992,0.058257837,40.279957,33.008568,29.097769,-2.8446388,8.0329895,3.492597
80.0,80.0,118.0,-9.081287,0.70256567,0.5334006,44.465015,733.83673,-159.15425,0.060594942,36.985146,29.4403,22.50598,-1.3047762,1.6486768,3.517697
80.0,80.0,138.0,-8.900925,-0.3245251,1.7047017,40.956947,676.51483,-159.82045,0.0605421,33.110268,28.22174,20.581768,0.26823315,-3.044464,2.1846147
80.0,80.0,158.0,-7.2221975,-0.77959794,2.6567078,39.320843,663.1267,-165.02335,0.059297975,28.866016,27.968906,21.806057,0.45101288,-5.678305,0.3865731
80.0,80.0,178.0,-4.6525903,-0.6474522,3.1041646,38.061306,656.71063,-172.23517,0.05796147,24.258305,27.112913,24.750957,-0.69603515,-6.3057156,-0.5877922
80.0,80.0,198.0,-1.6887261,-0.22823268,2.8133886,37.563293,660.5863,-178.00806,0.056878325,20.227942,25.84178,29.057018,-2.2407997,-5.7232366,0.13802211
80.0,80.0,218.0,1.5357155,-0.0024174005,1.6574347,40.583282,777.7053,-179.73256,0.05224972,18.504936,27.100533,35.561077,-3.7806423,-4.9124084,2.97812
80.0,80.0,238.0,5.532024,-0.31782487,-0.4374202,50.978943,1120.5994,-175.37831,0.04468029,21.452496,34.99655,45.585968,-6.1867266,-5.568107,6.1423507
80.0,80.0,258.0,11.395976,-0.60898346,-3.628418,71.71509,1717.0143,-167.44858,0.041237436,30.101704,50.025383,63.30227,-10.647502,-9.539819,7.8862634
80.0,80.0,278.0,21.117147,-0.4260294,-7.6711297,82.022194,2382.0164,-154.8655,0.034478247,37.50921,57.758644,68.77623,-11.74503,-17.758379,7.19131
80.0,80.0,298.0,36.482494,-1.1549288,-11.268131,27.484375,2594.3396,-133.68198,0.010418989,13.692676,20.379967,20.897415,-3.4047976,-7.925255,2.4906054
80.0,80.0,318.0,42.10883,-2.3019822,-10.779597,0.020437645,116.195,-111.391884,0.00016122444,0.017643616,0.03629575,-0.013065057,0.008111172,0.001760728,0.0056699803
80.0,80.0,338.0,42.000465,-2.4712322,-9.314324,0.0014162712,18.718508,-96.80149,2.751272e-05,0.0015584812,0.003892996,-0.002619757,0.0007857315,2.9268862e-05,1.0333723e-06
80.0,80.0,358.0,41.993866,-2.3760939,-8.142735,0.0011914384,10.158003,-86.680176,1.2944586e-05,0.0010854407,0.0018899959,-0.00061419606,0.0002353147,-1.6053806e-05,-0.0002001144
80.0,80.0,378.0,41.994972,-2.1766398,-7.1747723,0.0011461204,5.4696827,-79.12917,6.536794e-06,0.0009085498,0.0011970776,0.00018585526,7.4038835e-05,-1.2050986e-06,-0.00014692538
80.0,80.0,398.0,41.989376,-1.9433097,-6.3640547,0.0011209935,3.1708093,-73.19728,5.160011e-06,0.00085711386,0.0010230456,0.0003621586,3.829653e-05,2.9315845e-06,-0.00012270595
80.0,80.0,418.0,41.97702,-1.7096741,-5.67254,0.0011085644,1.9887891,-68.39136,5.6311933e-06,0.0008521703,0.0009854338,0.00037941206,2.829803e-05,6.61823e-06,-0.00012824954
80.0,80.0,438.0,41.96171,-1.4926709,-5.0801725,0.0011018611,1.3212782,-64.40251,6.4752116e-06,0.00085583574,0.00096948654,0.00037877882,2.258893e-05,1.0013087e-05,-0.00013384334
80.0,80.0,488.0,41.905643,-1.0519595,-3.9160213,0.0010946554,0.6679856,-56.735542,8.813193e-06,0.0008660289,0.00094536005,0.0003799886,1.1905095e-05,1.6183283e-05,-0.00014395056
80.0,80.0,538.0,41.834976,-0.73762363,-3.0682833,0.0010918594,0.42528862,-51.168438,1.2521172e-05,0.00088233466,0.00094443216,0.00034551835,1.0340359e-05,3.2891963e-05,-0.0001345179
80.0,100.0,28.0,43.359024,0.8732053,0.07960403,1.7533169,864.2053,-147.11061,0.0019690432,1.1382301,1.2968663,1.0668057,0.41218114,0.12762986,0.027343616
80.0,100.0,38.0,40.646877,0.9648603,0.42241898,5.16466,2110.6777,-152.21994,0.002363233,3.462279,3.6069791,3.2554157,0.1072687,1.5348747,-0.052338712
80.0,100.0,58.0,10.307029,4.142896,0.42462665,69.80378,2930.3086,-169.4167,0.024100253,41.943768,46.33155,51.318817,-0.93475866,24.104095,-1.5851187
80.0,100.0,78.0,-0.9614553,3.4019096,-0.7667035,53.846054,1209.5538,-173.55304,0.04457191,34.98661,35.699547,36.93686,-2.3135574,12.789793,2.2375617
80.0,100.0,98.0,-5.5284553,2.0819044,-0.38998306,46.384327,870.57214,-168.4842,0.053288292,35.14524,30.99812,26.62522,-2.9279864,7.4556465,3.0993392
80.0,100.0,118.0,-7.7226176,0.7296927,0.62503254,40.53286,741.9767,-164.54942,0.054628696,33.403046,26.859755,20.80279,-1.6785411,2.3761868,3.1799889
80.0,100.0,138.0,-7.9435186,-0.3990694,1.7549682,36.845478,686.9366,-164.4594,0.05363816,30.382832,24.414042,18.894047,0.06454753,-2.1668591,2.2812603
80.0,100.0,158.0,-6.4135704,-0.98062277,2.6213531,35.236324,679.2262,-168.60997,0.05187981,26.334135,23.847187,20.291204,0.70127374,-5.366521,0.831676
80.0,100.0,178.0,-3.6564894,-0.88623804,2.8884149,34.69,689.6964,-174.7657,0.050305344,21.710695,23.858067,23.811155,-0.07130569,-6.4424047,-0.258639
80.0,100.0,198.0,-0.29916376,-0.319357,2.2454615,36.44753,767.63745,-179.61194,0.047538683,18.370098,24.400879,30.123802,-1.6118954,-5.8247747,0.12386844
80.0,100.0,218.0,3.7867215,0.07982716,0.22338125,45.55733,1104.3065,-179.57869,0.04103331,19.205675,29.49878,42.40952,-4.0907984,-5.4185543,3.7564032
80.0,100.0,238.0,10.399091,-0.55460536,-3.9069529,69.13413,1848.449,-171.34258,0.033882484,28.698097,46.63838,62.981827,-10.177657,-7.6303363,9.825431
80.0,100.0,258.0,19.204538,-1.3386203,-8.823643,81.57666,2426.35,-159.40028,0.03368115,35.52092,57.627094,70.001724,-16.285093,-11.462811,11.785795
80.0,100.0,278.0,30.759516,-2.104936,-12.732628,50.891544,2721.9634,-140.56302,0.018715706,23.259186,39.167084,39.353127,-10.278282,-10.806508,6.496721
80.0,100.0,298.0,41.349678,-3.8174965,-13.1825695,0.43833014,569.0682,-115.71221,0.0006054686,0.270435,0.45291567,0.15335086,0.012378392,-0.06438753,0.03247414
80.0,100.0,318.0,41.595974,-3.922569,-10.869775,0.0030929258,40.995644,-98.345474,6.0276303e-05,0.0032577382,0.012972541,-0.0100445375,0.0027478605,-0.00092839554,-0.0008879613
80.0,100.0,338.0,41.721222,-3.6550527,-9.15034,0.0012794266,16.42298,-87.35069,1.7844499e-05,0.0012030428,0.0031321933,-0.0017766859,0.00046217666,-0.00023099243,-0.0006309778
80.0,100.0,358.0,41.822113,-3.262644,-7.862018,0.0011844063,9.688798,-79.7853,1.0465585e-05,0.0010024979,0.0017736307,-0.0004277205,0.00016878314,-0.00010182728,-0.0004247214
80.0,100.0,378.0,41.884792,-2.8550596,-6.8651094,0.0011410827,5.415007,-74.093956,5.956911e-06,0.0008833821,0.0011669988,0.00023117429,6.0361264e-05,-2.9301022e-05,-0.00023635077
80.0,100.0,398.0,41.916344,-2.476401,-6.0650535,0.001118268,3.0842893,-69.51259,4.8765874e-06,0.00084353145,0.0010013583,0.00039196498,3.308848e-05,-1.1294889e-05,-0.00017488991
80.0,100.0,418.0,41.927387,-2.139139,-5.401171,0.0011073322,1.9167949,-65.67474,5.499798e-06,0.000843506,0.0009670653,0.00040401646,2.6266385e-05,-3.7949883e-06,-0.00017328508
80.0,100.0,438.0,41.927547,-1.8461193,-4.8399506,0.0011010059,1.267576,-62.376247,6.4155543e-06,0.0008493801,0.0009519045,0.00040107945,2.2423032e-05,2.5197155e-06,-0.00017386058
80.0,100.0,488.0,41.886257,-1.2871374,-3.76134,0.001094345,0.6369737,-55.70282,9.283621e-06,0.00086881523,0.00092969055,0.00039237153,1.4565435e-05,1.45549875e-05,-0.00016507778
80.0,100.0,538.0,41.824585,-0.89537746,-2.9653604,0.0010917173,0.4153902,-50.588978,1.2777453e-05,0.0008816514,0.00091631094,0.00035626075,1.3126681e-05,3.0891948e-05,-0.00015518295
80.0,120.0,28.0,36.904957,0.075185515,0.32696337,11.511065,1422.6307,-147.68822,0.0080919145,7.6300573,8.431597,6.95788,2.6886961,1.5333388,-0.06795864
80.0,120.0,38.0,35.82095,0.0025358524,0.8502374,10.462252,1578.5841,-152.68823,0.006704143,7.0611587,7.6248426,6.2253237,2.4108293,0.72083604,-0.49630314
80.0,120.0,58.0,11.8008,4.010852,0.9451796,61.733273,3215.6526,-169.7413,0.019436067,36.20482,41.80091,45.40458,-0.79528445,20.737566,-1.9746313
80.0,120.0,78.0,0.52989054,3.2794173,-0.42812294,45.034973,1185.9744,-175.2111,0.038038243,27.822767,31.086617,31.146864,-1.8082836,9.848607,1.8139912
80.0,120.0,98.0,-3.6433105,1.972583,-0.10610416,39.594234,837.9363,-171.79568,0.0472597,28.937284,27.31791,22.934097,-3.1508222,6.258654,2.0599341
80.0,120.0,118.0,-5.9395804,0.77893573,0.8093254,35.332176,730.6706,-168.94633,0.048355523,28.851982,23.17976,18.631739,-2.8671079,2.6819177,2.1393638
80.0,120.0,138.0,-6.5538898,-0.2309857,1.8013384,32.201534,687.7132,-168.62221,0.04682526,27.170841,19.971931,17.260632,-1.6147747,-1.2353308,1.9146365
80.0,120.0,158.0,-5.3189487,-0.85654205,2.4819922,30.604853,683.1052,-171.5365,0.04480549,23.731115,18.886595,18.591917,-0.55249345,-4.5511074,1.2507613
80.0,120.0,178.0,-2.582314,-0.88105273,2.5168915,30.373232,704.6786,-176.12193,0.043112002,19.34896,19.463507,21.933002,-0.26015955,-5.9458375,0.24604689
80.0,120.0,198.0,1.1021693,-0.23179802,1.4972901,35.13094,915.5759,-179.58563,0.03842529,17.085629,22.58739,30.588707,-1.103363,-5.767936,-0.2631346
80.0,120.0,218.0,7.150373,0.56328386,-2.0334144,57.81727,1745.6416,-176.8443,0.031303946,23.092167,35.8375,56.699722,-5.220493,-8.713623,3.3275821
80.0,120.0,238.0,19.102276,-0.31575048,-9.304607,86.40659,2860.295,-166.13759,0.030253084,35.97435,55.336407,81.56882,-15.01642,-15.103903,11.2953005
80.0,120.0,258.0,32.766285,-2.7376218,-16.107609,42.10004,2995.9548,-154.41037,0.01398486,18.55495,30.901793,34.74248,-10.78003,-7.093711,7.8409014
80.0,120.0,278.0,40.297367,-6.0540214,-16.589056,0.33574477,529.07983,-129.36337,0.0005413361,0.21655354,0.40364626,0.051156938,0.02471142,-0.031606317,0.08990299
80.0,120.0,298.0,40.76428,-6.619555,-13.070071,0.0052056666,94.91483,-103.1886,5.5231103e-05,0.0039914446,0.021090245,-0.014672026,0.0035115713,-0.0031884217,-0.0022546942
80.0,120.0,318.0,41.219643,-5.878621,-10.351952,0.0015129979,33.68288,-87.61254,3.5858542e-05,0.0014395259,0.008431721,-0.006845614,0.000973671,-0.001373002,-0.003312866
80.0,120.0,338.0,41.50527,-4.9762244,-8.550437,0.0012523786,17.048834,-79.04986,1.672894e-05,0.0010961064,0.003044989,-0.0016360716,0.0002461512,-0.00040269992,-0.0014652996
80.0,120.0,358.0,41.690395,-4.17882,-7.294466,0.0011782658,9.197966,-73.58523,8.645406e-06,0.000937284,0.0015659411,-0.00017201796,7.725628e-05,-0.00013855456,-0.00064760615
80.0,120.0,378.0,41.798744,-3.5184615,-6.368655,0.0011352556,5.2566104,-69.46891,5.4274674e-06,0.0008582536,0.0010970524,0.0003147435,3.266833e-05,-4.552401e-05,-0.00032565848
80.0,120.0,398.0,41.85739,-2.9791708,-5.6410975,0.0011154333,2.945199,-66.05087,4.672359e-06,0.0008307799,0.0009631489,0.0004372132,1.9886815e-05,-2.0680161e-05,-0.00022923047
80.0,120.0,418.0,41.886036,-2.5338871,-5.0423017,0.0011056047,1.7986193,-63.06024,5.4403467e-06,0.0008349522,0.00093679334,0.00043941627,1.6976916e-05,-1.1239685e-05,-0.000219912
80.0,120.0,438.0,41.89747,-2.1655216,-4.5372486,0.001100038,1.1939797,-60.377705,6.4420674e-06,0.0008432456,0.00092465605,0.00043247145,1.5050253e-05,-2.969346e-06,-0.00021563473
80.0,120.0,488.0,41.8715,-1.4862671,-3.5500147,0.0010940824,0.62635565,-54.60809,9.043282e-06,0.0008598318,0.0009157189,0.00041458776,1.0038426e-05,1.0726095e-05,-0.00019790781
80.0,120.0,538.0,41.81468,-1.0369035,-2.8276396,0.0010915512,0.4031112,-49.896725,1.2994568e-05,0.0008795553,0.00091272447,0.0003825478,1.1591656e-05,2.9048142e-05,-0.00020483154
80.0,140.0,28.0,31.221645,-0.64985406,1.3459957,12.377029,1411.3107,-144.83672,0.008755001,8.281538,8.660494,7.8189054,2.677746,2.3049197,0.31703553
80.0,140.0,38.0,29.887495,-0.6885027,1.6411002,10.182295,1318.6893,-151.06383,0.0077582286,6.9554768,7.1014786,6.296298,1.9208119,0.27169463,-0.3660825
80.0,140.0,58.0,12.602249,3.53395,1.2971008,48.842827,3148.6252,-167.4702,0.015672017,28.12437,33.67266,35.8561,0.4595072,15.773096,-1.7212417
80.0,140.0,78.0,2.1205938,2.844872,0.06555396,34.89893,1125.4524,-173.4554,0.031079216,20.830933,25.094973,23.869009,-1.6103581,6.7079234,1.1542937
80.0,140.0,98.0,-1.3475292,1.72163,0.37847793,31.623251,772.1723,-172.49834,0.040959816,22.423483,22.260994,18.561827,-3.68591,4.4161577,0.74402964
80.0,140.0,118.0,-3.3856254,0.89258397,1.1036661,29.775267,699.9032,-171.6106,0.042542636,23.756844,19.238377,16.555138,-4.6254706,2.227321,0.8399338
80.0,140.0,138.0,-4.172539,0.2196514,1.8268092,28.228369,690.81854,-171.7249,0.040868007,23.551249,16.5942,16.31098,-4.2649093,-0.5745909,1.2261125
80.0,140.0,158.0,-3.3566532,-0.31582615,2.222381,26.628458,687.5684,-173.40536,0.038735688,20.979254,15.035398,17.242407,-2.9884226,-3.193951,1.4001286
80.0,140.0,178.0,-1.1032144,-0.5106017,2.0360484,25.499,686.4483,-175.86769,0.037159976,16.999859,15.000671,18.99784,-1.4100451,-4.436874,0.687307
80.0,140.0,198.0,2.3456783,0.10404701,0.89764935,31.48551,1008.27814,-177.3107,0.0313072,15.699806,19.720364,27.551027,-0.603203,-5.304133,-1.3414044
80.0,140.0,218.0,10.597517,1.7575083,-3.5308044,68.03404,2387.4941,-174.48949,0.028486071,27.846292,41.56541,66.65688,-2.9623957,-14.632049,-1.7940365
80.0,140.0,238.0,30.293098,1.6225246,-13.76553,63.31893,3635.9,-172.76266,0.017362244,28.660652,35.355103,62.707977,-7.0305953,-14.961564,1.9142444
80.0,140.0,258.0,31.126266,-0.9369753,-18.964197,18.225382,3075.5137,-204.18655,0.005925488,15.501454,9.508449,11.434818,6.3586984,2.1332831,-0.49588135
80.0,140.0,278.0,30.972195,-9.205734,-16.516773,16.482382,3055.5374,-170.56544,0.005391138,11.790032,11.892587,9.279112,5.5524893,-2.853774,-0.571048
80.0,140.0,298.0,40.06887,-10.846046,-12.101641,1.3824856,1431.189,-104.61946,0.0009114652,0.9031222,1.3814585,0.48061827,0.10468652,-0.22926044,-0.26450297
80.0,140.0,318.0,41.084038,-7.9505253,-8.881992,0.016028607,108.71432,-82.10275,0.00012275671,0.01113988,0.03471753,-0.013804609,-0.00079845934,-0.006148967,-0.026200494
80.0,140.0,338.0,41.43482,-6.197128,-7.3798375,0.0013043891,18.236105,-73.6478,1.7323979e-05,0.0010753289,0.0026923288,-0.0011592273,-2.9092522e-05,-0.00047980333,-0.0025034535
80.0,140.0,358.0,41.643513,-4.976622,-6.3966327,0.0011688301,9.260565,-69.09238,8.3400555e-06,0.00090596906,0.0013546875,5.7143043e-05,-1.8845624e-06,-0.00014618238,-0.0008902451
80.0,140.0,378.0,41.76594,-4.0788293,-5.6681437,0.0011293219,4.9852314,-65.86799,4.9857144e-06,0.0008376823,0.0009896292,0.0004310288,5.9163517e-06,-4.667193e-05,-0.0003884128
80.0,140.0,398.0,41.832024,-3.3988287,-5.085603,0.001112614,2.7447364,-63.19416,4.5970705e-06,0.00082139287,0.00090655056,0.000497472,6.5193453e-06,-2.298804e-05,-0.00027764987
80.0,140.0,418.0,41.86509,-2.862954,-4.5947285,0.001104043,1.6770355,-60.79211,5.48923e-06,0.00082885276,0.0008922855,0.0004869154,8.3721625e-06,-1.38982095e-05,-0.0002639173
80.0,140.0,438.0,41.880077,-2.432687,-4.171583,0.001099053,1.1175432,-58.56727,6.55966e-06,0.0008387516,0.0008860893,0.00047349298,9.527394e-06,-5.1184074e-06,-0.00025509368
80.0,140.0,488.0,41.85927,-1.6697114,-3.3173454,0.0010936898,0.5895406,-53.540485,9.653836e-06,0.0008631382,0.0008927168,0.0004334197,1.1937021e-05,1.2001224e-05,-0.0002203641
80.0,140.0,538.0,41.805965,-1.17005,-2.6723719,0.0010913532,0.38773927,-49.254425,1.3650231e-05,0.0008815544,0.000883384,0.00039762747,1.27249805e-05,2.9491137e-05,-0.00021261767
80.0,160.0,28.0,25.989931,-1.1254663,0.86519974,8.413511,1058.8242,-140.37428,0.0079475595,5.5436764,6.169601,5.1122994,1.0943018,0.33393013,0.3544011
80.0,160.0,38.0,25.851166,-1.2482387,1.22702,7.051045,1254.2438,-147.09512,0.0056754863,4.4711776,5.4273167,4.1975484,0.18609953,0.04279345,-0.1075941
80.0,160.0,58.0,12.017089,2.3859186,1.4502193,32.36323,2709.0789,-162.2753,0.012077482,18.206244,23.35059,23.201944,0.46672258,9.352272,-1.9643693
80.0,160.0,78.0,3.9200819,2.1478715,0.7176867,25.130081,990.4523,-168.86993,0.02544313,14.865715,18.72791,16.66494,-1.7549036,3.8346083,0.3495869
80.0,160.0,98.0,1.4877318,1.4183586,1.0230154,24.756184,714.7436,-170.99791,0.03465226,16.843647,17.668657,15.0015135,-4.3235,2.3329704,-0.2152593
80.0,160.0,118.0,0.053582802,1.0176066,1.4741656,25.352226,714.9121,-172.6778,0.03549082,18.602083,16.756435,15.347426,-5.8281426,1.1893518,-0.12907778
80.0,160.0,138.0,-0.5908546,0.73293334,1.8455721,25.42925,757.1599,-173.9192,0.033618636,19.091293,15.719759,16.048115,-6.0965133,-0.24008048,0.44340104
80.0,160.0,158.0,-0.19266437,0.3991722,1.9368742,23.97574,762.2404,-174.79361,0.031487834,17.471693,14.121111,16.359243,-5.077989,-1.54325,0.94598204
80.0,160.0,178.0,1.1667504,0.10181357,1.5920053,21.490402,714.26636,-174.92175,0.0301268,14.445123,12.542012,15.994871,-3.1632452,-2.100566,0.71963376
80.0,160.0,198.0,3.3953912,0.45235595,0.79927903,23.811752,918.1054,-174.16768,0.026020234,13.30942,15.29596,19.018124,-0.86316675,-3.1105154,-1.4408691
80.0,160.0,218.0,10.566205,2.5978923,-1.8957256,56.848804,2417.7178,-173.29538,0.023465727,26.038702,38.120262,49.539276,2.9344761,-13.265542,-6.943439
80.0,160.0,238.0,30.308529,4.9095087,-8.240828,49.790833,3628.1338,-190.58461,0.013622994,28.180332,33.285774,38.043953,4.6544986,-10.552227,-8.630811
80.0,160.0,258.0,25.884356,-0.09627067,-5.821504,11.119067,2112.7812,-280.693,0.0052627213,7.3377037,8.129236,6.7354302,-1.276635,-0.036157038,-0.2940443
80.0,160.0,278.0,22.60071,-11.042045,-4.2491612,20.69838,2715.139,-230.86772,0.0076252087,13.634402,14.475025,13.281676,0.34751716,-1.2329346,-1.7999483
80.0,160.0,298.0,38.610527,-13.929541,-6.1275887,4.7105093,2414.278,-121.24727,0.0018546241,2.7400498,3.197055,3.485236,-0.30243987,-1.1125822,-1.0437022
80.0,160.0,318.0,41.370525,-9.3188,-6.1896367,0.024550304,115.02256,-82.86099,0.00019655038,0.01723498,0.02473033,0.007117845,-0.008882002,-0.0046825544,-0.062957965
80.0,160.0,338.0,41.551987,-6.9269505,-5.697059,0.0022415516,33.523666,-71.781715,5.2948155e-05,0.0020563514,0.0033026673,-0.0008769664,-0.000950846,-0.0009986432,-0.00953239
80.0,160.0,358.0,41.68791,-5.4775887,-5.25781,0.0011662213,9.038525,-66.72683,8.12683e-06,0.00089050387,0.001003907,0.00041389387,-7.975257e-05,-0.00010038678,-0.0010210779
80.0,160.0,378.0,41.773552,-4.4485793,-4.8390064,0.0011245745,4.471297,-63.564346,4.5775932e-06,0.0008216559,0.00086302013,0.0005642139,-1.6955542e-05,-3.314393e-05,-0.00039945118
80.0,160.0,398.0,41.826736,-3.6875963,-4.449185,0.0011095232,2.454993,-61.12846,4.7054596e-06,0.0008159748,0.0008396429,0.00056353887,-4.9823075e-06,-1.9200064e-05,-0.00031024872
80.0,160.0,418.0,41.854454,-3.0976143,-4.090865,0.0011023107,1.5109018,-59.002872,5.732226e-06,0.0008261849,0.00083921925,0.00053918426,7.596612e-07,-1.206612e-05,-0.0002970674
80.0,160.0,438.0,41.867085,-2.6289725,-3.765954,0.0010980398,1.0246239,-57.037815,6.868063e-06,0.0008371028,0.00083955773,0.00051956973,4.7299322e-06,-4.060958e-06,-0.0002865326
80.0,160.0,488.0,41.84585,-1.7986859,-3.0756066,0.0010933249,0.5652409,-52.518974,1.0037617e-05,0.00086183776,0.00084549893,0.0004820041,8.6942955e-06,1.2752159e-05,-0.00026152405
80.0,160.0,538.0,41.796165,-1.2680384,-2.5271814,0.0010911613,0.3740212,-48.56505,1.388238e-05,0.00087775715,0.00085745635,0.00042738774,1.1272359e-05,2.8125185e-05,-0.0002467972
80.0,180.0,28.0,31.58236,-2.5107222,0.12126377,15.672545,2489.923,-132.80128,0.0051724254,10.436903,11.07995,9.861256,-3.205342,-4.054671,1.3504374
80.0,180.0,38.0,36.45137,-3.4577446,1.2242218,9.710822,2661.09,-142.04703,0.0037043244,6.5673714,7.2347264,5.590093,-2.1236544,0.7683825,0.26086637
80.0,180.0,58.0,12.807727,1.0619961,1.195249,27.067936,2989.6082,-158.22014,0.009121272,15.504212,19.831276,18.69358,-0.14752042,7.64523,-0.1514598
80.0,180.0,78.0,6.9800906,1.1623288,1.1719848,22.25755,1576.0162,-163.03212,0.014572494,12.895657,17.27573,14.354156,-4.9570894,0.70496637,0.36479285
80.0,180.0,98.0,6.2065372,0.7538114,1.5151161,26.216427,1656.9907,-168.16827,0.016270181,15.495669,19.956642,16.986616,-7.514795,0.12771349,0.183143
80.0,180.0,118.0,5.8422017,0.57152534,1.7299546,29.271852,1806.2833,-172.4014,0.016573733,17.29353,21.953072,19.297379,-8.839168,0.07599472,0.2133552
80.0,180.0,138.0,5.680253,0.4632695,1.808613,30.5078,1866.5823,-174.82281,0.016644707,17.98101,22.743195,20.287554,-9.318313,-0.082905576,0.35988557
80.0,180.0,158.0,5.8722653,0.31386936,1.7514582,29.44798,1882.7518,-175.62376,0.015903395,17.213463,21.76511,19.91295,-8.822167,-0.2523939,0.32887402
80.0,180.0,178.0,6.3013854,0.16443503,1.4231602,26.231983,1852.1608,-174.60901,0.014419625,15.179514,19.12098,18.160326,-7.4492245,-0.1467668,0.029395657
80.0,180.0,198.0,6.7007647,0.26694208,0.9492663,23.083244,1733.1111,-171.49107,0.013648379,13.333976,16.953707,15.878598,-5.8399444,-0.021535307,-0.5681145
80.0,180.0,218.0,8.379201,1.2474021,0.89880353,28.758516,1864.4482,-169.18181,0.015498599,15.640717,23.076168,18.795183,-2.1390076,-2.80053,-2.7917595
80.0,180.0,238.0,16.66192,2.5523782,1.4543196,55.50855,3061.8484,-181.84166,0.018092891,32.022827,44.425713,34.547554,12.029701,-9.991742,-5.8580594
80.0,180.0,258.0,22.983671,-1.6424836,4.282547,44.749214,3330.7205,-219.50865,0.013433618,31.226473,32.688538,25.603214,12.013586,0.23537785,0.6979811
80.0,180.0,278.0,28.031847,-10.739736,4.37063,30.44721,4056.9343,-193.81783,0.0075407955,17.664762,19.762873,23.465065,-6.564484,-7.264666,1.6185622
80.0,180.0,298.0,41.91941,-11.750911,-1.2628927,0.60495746,703.3072,-117.82844,0.0007863715,0.3869387,0.11792639,0.7035769,-0.10461315,-0.03004579,-0.2296377
80.0,180.0,318.0,41.785595,-8.856274,-3.4000995,0.002132859,42.248745,-84.93646,4.7467696e-05,0.0019287758,-0.0040193633,0.006289138,-0.0019718737,0.0002910188,-0.01117611
80.0,180.0,338.0,41.749424,-6.9030952,-3.9714434,0.0012522336,18.088697,-72.07488,1.9241621e-05,0.00106786,0.0001302014,0.0012898677,-0.00041736665,-9.216834e-05,-0.0030775736
80.0,180.0,358.0,41.79495,-5.5501018,-4.05805,0.0011597857,8.248022,-65.95512,7.682343e-06,0.00088044885,0.0006762439,0.00076062174,-0.00010066456,-3.0104658e-05,-0.0008960232
80.0,180.0,378.0,41.82923,-4.5634775,-3.9560485,0.0011194503,3.9411397,-62.33606,4.4898698e-06,0.0008141304,0.0007451616,0.0006792729,-2.815803e-05,-1.5448495e-05,-0.00038510637
80.0,180.0,398.0,41.852722,-3.8146198,-3.7783554,0.0011063882,2.106607,-59.78953,4.980221e-06,0.000813995,0.000759199,0.0006386285,-1.6853663e-05,-1.0099181e-05,-0.00033122126
80.0,180.0,418.0,41.863636,-3.222913,-3.5674138,0.001100214,1.295606,-57.692226,6.0550547e-06,0.00082430907,0.00077220064,0.0006015799,-9.0486e-06,-6.098182e-06,-0.00032085596
80.0,180.0,438.0,41.867016,-2.746872,-3.3459256,0.001096799,0.9074019,-55.81278,7.2351904e-06,0.00083522336,0.00078578584,0.0005693007,-3.1733935e-06,1.2425741e-07,-0.00030962162
80.0,180.0,488.0,41.840115,-1.8983922,-2.8026216,0.001092817,0.51883185,-51.577175,1.0571736e-05,0.00086122984,0.00080545107,0.0005228064,4.2517713e-06,1.431581e-05,-0.00028564263
80.0,180.0,538.0,41.788654,-1.352912,-2.343406,0.0010909545,0.358217,-47.88796,1.4519004e-05,0.00087849965,0.0008367658,0.0004606688,1.1356633e-05,2.9671051e-05,-0.00026885708
80.0,200.0,28.0,35.9061,-1.7768601,-0.9631074,14.34021,2171.4485,-122.44508,0.0048764255,9.988473,8.7549925,9.952393,-0.0055462066,-4.530925,0.9946698
80.0,200.0,38.0,43.35086,-3.2247803,-1.7039374,3.8177881,1291.61,-129.77432,0.0028499316,2.5943537,1.9922818,3.06012,0.04752423,-1.2786877,0.07777921
80.0,200.0,58.0,42.40941,-1.9933679,-1.5830112,13.378693,4700.0566,-142.7584,0.0023972457,9.066267,9.175298,8.52911,-3.831909,0.3550057,-0.04136392
80.0,200.0,78.0,38.585014,-1.3129809,-0.10063289,18.392754,5166.3506,-149.5839,0.0032311797,12.305008,12.536294,11.96068,-6.2899723,0.70223516,0.22765802
80.0,200.0,98.0,35.9117,-1.3326727,0.33406356,18.953142,4603.2275,-155.38765,0.0038729026,12.5829115,12.779036,12.554177,-6.8191724,0.0032358905,0.25724477
80.0,200.0,118.0,36.207195,-1.4682027,0.59186393,18.945396,4526.4404,-159.33539,0.0038974935,12.57909,12.80191,12.522638,-6.7542324,0.06813054,0.18457857
80.0,200.0,138.0,35.10082,-1.550214,0.81997997,19.283318,4201.97,-161.65561,0.00432099,12.767257,13.034955,12.773097,-6.911854,0.18241614,0.18560423
80.0,200.0,158.0,34.615437,-1.6404334,0.9987798,18.579506,3960.8665,-162.48726,0.0044403803,12.26847,12.583115,12.315581,-6.6723657,0.05445192,0.1697666
80.0,200.0,178.0,34.49614,-1.705906,1.1421334,17.584072,3799.0361,-161.77733,0.004398169,11.575906,11.940966,11.657765,-6.290629,-0.001847807,0.098221935
80.0,200.0,198.0,34.597584,-1.6971865,1.3696053,17.253252,3776.75,-159.22842,0.0043403152,11.360756,11.8084755,11.345146,-6.189829,-0.0031720935,-0.020417176
80.0,200.0,218.0,34.653255,-1.6422251,2.0121896,18.3812,3914.3923,-156.39392,0.0044373674,12.14398,12.832272,11.796817,-6.73672,0.009090968,-0.055137917
80.0,200.0,238.0,35.168823,-2.084255,3.5703204,19.690765,4026.7576,-158.88031,0.0045888075,12.917524,14.235518,12.2493,-7.4161777,-0.19500147,0.51931554
80.0,200.0,258.0,39.86297,-4.763479,5.0252886,7.6225863,2723.2815,-159.76598,0.002624315,4.8962054,5.283107,5.0653534,-2.5932076,-0.66094446,0.9982605
80.0,200.0,278.0,43.142002,-8.066405,3.1115003,0.27392948,512.3845,-136.36356,0.00046535264,0.18421976,0.03367597,0.32923847,-0.033878107,0.015486401,0.08867341
80.0,200.0,298.0,42.473335,-8.422796,0.16622847,0.0018909452,38.126297,-104.792564,3.238379e-05,0.0018703126,-0.0072548226,0.009168456,-0.00062683644,0.0017601008,-0.0018091162
80.0,200.0,318.0,42.103455,-7.465844,-1.6896816,0.0012922528,21.887733,-83.81223,1.9636243e-05,0.0011447568,-0.0020082123,0.0034517627,-0.00048500556,0.00041647578,-0.0023118507
80.0,200.0,338.0,41.95115,-6.3091187,-2.619454,0.0011798983,11.484855,-72.24661,1.0024964e-05,0.0009281711,2.8037059e-05,0.0014044036,-0.0001782817,8.95221e-05,-0.0010872352
80.0,200.0,358.0,41.915325,-5.2883897,-3.0191936,0.0011308686,5.578423,-65.76688,5.015794e-06,0.0008265579,0.0005549146,0.0008842299,-5.2970066e-05,1.3529092e-05,-0.00046946688
80.0,200.0,378.0,41.894573,-4.461419,-3.1478822,0.0011117724,2.8642833,-61.745686,4.5597426e-06,0.00080814026,0.00065450196,0.0007612576,-2.970415e-05,2.5691265e-06,-0.0003396365
80.0,200.0,398.0,41.88758,-3.7885935,-3.135125,0.0011029838,1.6507839,-58.90114,5.531883e-06,0.00081631367,0.0006827613,0.0007039686,-1.9818903e-05,2.303842e-06,-0.00033479618
80.0,200.0,418.0,41.88004,-3.2397199,-3.0477781,0.0010984564,1.0944331,-56.692616,6.6399966e-06,0.0008270084,0.00071090925,0.00065771386,-1.099787e-05,2.447391e-06,-0.00032935452
80.0,200.0,438.0,41.87352,-2.7859366,-2.9194005,0.0010957483,0.8010291,-54.80069,7.829496e-06,0.0008376416,0.00073237554,0.00062021293,-4.3918035e-06,6.72729e-06,-0.00032199692
80.0,200.0,488.0,41.83362,-1.9540176,-2.5385635,0.0010924875,0.49899262,-50.749718,1.0824672e-05,0.0008600204,0.0007513807,0.00057752547,7.761383e-07,1.4412726e-05,-0.00030336753
80.0,200.0,538.0,41.77943,-1.4129516,-2.177662,0.0010907309,0.3407729,-47.244114,1.5444319e-05,0.0008818641,0.0007889646,0.00048837985,1.1892604e-05,3.1288975e-05,-0.00028287282
80.0,220.0,28.0,39.239143,-0.495203,-1.6445832,10.536171,1664.1201,-113.991104,0.004484266,7.2576027,6.6749268,7.132516,-1.1149377,-2.9560728,0.92640954
80.0,220.0,38.0,43.48313,-2.147151,-1.8606559,3.3942568,778.33417,-117.81404,0.0039378568,2.2482302,2.1227472,2.416324,0.068413064,-0.9198212,0.5777356
80.0,220.0,58.0,45.20986,-2.7737985,-1.5677367,0.60311323,335.83905,-124.36847,0.0017932047,0.4240286,0.51420593,0.26862338,0.04808645,-0.018177336,-0.065605484
80.0,220.0,78.0,44.775314,-2.2005785,-0.78133315,0.2986115,283.05362,-129.23442,0.0010561042,0.2041629,0.2740094,0.11912536,0.034386173,0.02314351,-0.023404744
80.0,220.0,98.0,44.260574,-1.9197991,-0.10913252,0.08587459,241.28845,-133.34413,0.0003570759,0.05821225,0.075871795,0.03767544,0.014648381,0.0040728482,0.0014061395
80.0,220.0,118.0,44.103596,-1.8824357,0.31399584,0.028084718,200.50348,-136.34721,0.00014066647,0.019388027,0.02288102,0.01391457,0.007273275,-4.1646665e-05,0.001444957
80.0,220.0,138.0,44.08439,-1.9379379,0.61640334,0.022690771,200.71588,-138.36316,0.0001080482,0.015771935,0.017412543,0.012202494,0.005769729,-8.0704776e-05,0.0014603426
80.0,220.0,158.0,44.06343,-2.0485008,0.86383224,0.04453901,233.17978,-139.17674,0.00015582192,0.030638743,0.032367922,0.026087333,0.006112024,0.00027950888,0.0019981046
80.0,220.0,178.0,44.018433,-2.1558547,1.104968,0.07922311,283.86984,-138.58939,0.00021855917,0.054148614,0.057230845,0.047091022,0.0050051156,0.0010614628,0.00277261
80.0,220.0,198.0,43.960205,-2.30719,1.4141464,0.06138252,240.52357,-136.60962,0.0001983628,0.04245522,0.04681134,0.03351527,0.006034794,0.0014665567,0.0035811574
80.0,220.0,218.0,43.87055,-2.6019247,1.8710295,0.026434671,154.33519,-133.80316,0.00013580036,0.018986257,0.023554884,0.01032808,0.006624744,0.0015900051,0.0058152834
80.0,220.0,238.0,43.70764,-3.2976208,2.4179752,0.0076587154,84.03659,-130.32916,7.840156e-05,0.0061182613,0.007762377,0.0014996706,0.0046980875,0.0016143967,0.0077873063
80.0,220.0,258.0,43.402912,-4.5927815,2.5623026,0.0023418914,46.570312,-123.441124,4.8789494e-05,0.002357464,-0.0007701458,0.0030994383,0.0023226144,0.0018438332,0.007164788
80.0,220.0,278.0,42.96762,-5.897167,1.730794,0.0015050498,29.36821,-110.10513,2.6100875e-05,0.0014789638,-0.0027645733,0.0042950916,0.00051979197,0.0011712752,0.0024963683
80.0,220.0,298.0,42.55713,-6.377406,0.33067533,0.0012762455,16.720053,-94.040726,1.1795407e-05,0.0010527549,-0.0010006551,0.0025003944,-2.1537227e-05,0.0004198316,6.18949e-05
80.0,220.0,318.0,42.267986,-6.1173778,-0.91141224,0.001185824,9.900165,-80.64558,6.688056e-06,0.00089633465,-1.1746422e-05,0.0014870582,-6.391592e-05,0.00014833723,-0.00033225532
80.0,220.0,338.0,42.08991,-5.499786,-1.7452276,0.0011376456,5.948091,-71.368835,4.6792343e-06,0.00082952704,0.00038273374,0.0010629832,-4.5224213e-05,6.3085405e-05,-0.00030651115
80.0,220.0,358.0,42.004356,-4.8445606,-2.2306106,0.0011152606,3.2559612,-65.27132,4.349907e-06,0.00080748205,0.00052389107,0.0009027472,-3.3091797e-05,2.8336262e-05,-0.00029708527
80.0,220.0,378.0,41.949886,-4.2047334,-2.4757352,0.0011054701,1.9393268,-61.15274,5.2273454e-06,0.00081214216,0.0005772223,0.0008215966,-2.5950281e-05,1.8177027e-05,-0.0003124942
80.0,220.0,398.0,41.919243,-3.6465812,-2.573191,0.0010999737,1.2667671,-58.18302,6.2686954e-06,0.000821321,0.0006176132,0.00076088845,-1.8931629e-05,1.48477775e-05,-0.00032403864
80.0,220.0,418.0,41.895554,-3.1670923,-2.5779428,0.0010967602,0.90471387,-55.868088,7.3907563e-06,0.0008310523,0.0006512341,0.00071117294,-1.24636745e-05,1.2448082e-05,-0.00032718683
80.0,220.0,438.0,41.87797,-2.75783,-2.527236,0.0010946497,0.69102633,-53.937046,8.612631e-06,0.000841149,0.0006802546,0.0006678069,-6.436216e-06,1.432382e-05,-0.00032502538
80.0,220.0,488.0,41.826862,-1.9777112,-2.2854748,0.0010920707,0.46320477,-49.94355,1.16583005e-05,0.0008584399,0.0007429817,0.0005813639,2.6247285e-06,2.130922e-05,-0.000305295
80.0,220.0,538.0,41.770885,-1.4349687,-1.9798594,0.001090508,0.32346162,-46.546204,1.6262851e-05,0.00088172907,0.0007479768,0.00054035,1.1635919e-05,3.5234756e-05,-0.00031697747
80.0,240.0,28.0,40.45062,-0.4109054,-1.4586971,6.0680375,835.00964,-109.02866,0.007264886,3.935621,4.206646,3.9971023,0.7267754,-1.1889616,0.94871116
80.0,240.0,38.0,41.831905,-2.1649714,-1.4444581,4.904882,740.8839,-110.23627,0.006614774,3.255913,3.3056977,3.25036,0.85668236,-0.9787991,0.5591373
80.0,240.0,58.0,44.666775,-3.382305,-1.2080709,1.1772274,466.35492,-111.655235,0.0024831202,0.8241773,0.8842844,0.6475095,0.11790685,-0.21165672,-0.097526215
80.0,240.0,78.0,44.60097,-2.7660756,-0.62799937,0.29518694,207.01227,-113.9927,0.0014245489,0.21119413,0.2570221,0.12247263,0.028018793,0.0354703,-0.049224358
80.0,240.0,98.0,44.00606,-2.3526697,-0.16200939,0.111202516,163.10858,-116.441734,0.00068077183,0.07934504,0.097086884,0.046194717,0.017812738,0.014137541,-0.010922715
80.0,240.0,118.0,43.68296,-2.1580696,0.20144379,0.039937533,126.12324,-118.39617,0.0003162491,0.029106965,0.03421385,0.016577553,0.010585825,0.0020555826,-0.0006001096
80.0,240.0,138.0,43.58527,-2.1343532,0.48807976,0.01687601,95.35903,-119.63259,0.00017732175,0.012742747,0.01431698,0.006698149,0.0066008195,0.00035694352,0.0011559679
80.0,240.0,158.0,43.541416,-2.1997042,0.72504157,0.008375347,71.38388,-119.988464,0.000117633426,0.0066399733,0.007185245,0.0029262144,0.004578481,0.0003101347,0.0012306434
80.0,240.0,178.0,43.496044,-2.3199375,0.95098317,0.005279714,57.622597,-119.34716,9.204835e-05,0.0044056424,0.0047672368,0.0013873391,0.003602953,0.0004147594,0.0014441435
80.0,240.0,198.0,43.442184,-2.5219193,1.1929499,0.0033755994,41.512016,-117.65681,8.173069e-05,0.0031044246,0.0034425873,0.00020177918,0.0031259744,0.0005359139,0.0020668034
80.0,240.0,218.0,43.36634,-2.8602908,1.4411576,0.0022083872,28.84376,-114.920044,6.925243e-05,0.0022653425,0.0022951767,-0.000143604,0.0025387134,0.0007234467,0.002931183
80.0,240.0,238.0,43.24169,-3.3998597,1.6129754,0.0017304771,22.835333,-110.81274,3.7573976e-05,0.0016351265,0.0009363612,0.00090740423,0.0012657724,0.0006108003,0.0024382642
80.0,240.0,258.0,43.047188,-4.1266627,1.5135305,0.001454577,16.641945,-104.52668,1.7070737e-05,0.0012211417,0.00020400068,0.001484877,0.00045848402,0.00040033588,0.0012830494
80.0,240.0,278.0,42.794632,-4.7935514,1.0010374,0.0012729958,11.078968,-95.74199,8.210583e-06,0.000979393,0.00014710613,0.001419487,0.00012743649,0.0002204801,0.00044255806
80.0,240.0,298.0,42.536293,-5.1210494,0.210819,0.0011827584,6.8298635,-85.83375,4.819528e-06,0.0008656394,0.00031001595,0.0011898315,2.3138842e-05,0.0001167548,6.1062805e-05
80.0,240.0,318.0,42.317375,-5.079465,-0.5862023,0.0011358727,4.2252617,-76.778915,4.1638277e-06,0.00082163763,0.00038727082,0.0010627279,-6.992756e-06,7.600461e-05,-8.997155e-05
80.0,240.0,338.0,42.158504,-4.7656345,-1.2229053,0.0011157244,2.8217468,-69.60224,4.685101e-06,0.0008135289,0.00042195866,0.000995839,-1.9146271e-05,6.127735e-05,-0.00017291032
80.0,240.0,358.0,42.060635,-4.3362265,-1.6719437,0.0011062168,1.9006308,-64.27869,5.303659e-06,0.0008136834,0.00046439393,0.00093738653,-2.2375387e-05,4.3303306e-05,-0.00024134088
80.0,240.0,378.0,41.99216,-3.8728383,-1.9505948,0.0011007135,1.3111068,-60.366894,6.218023e-06,0.0008196081,0.0005180407,0.0008638328,-2.0260446e-05,3.1371594e-05,-0.00028254726
80.0,240.0,398.0,41.947083,-3.4333556,-2.102509,0.0010973768,0.95994496,-57.411903,7.228571e-06,0.0008280493,0.00056137337,0.0008053775,-1.585996e-05,2.6670816e-05,-0.00030510488
80.0,240.0,418.0,41.912285,-3.0326893,-2.1654923,0.0010952278,0.7407519,-55.07187,8.34138e-06,0.0008367801,0.00059914123,0.0007544851,-1.0564222e-05,2.1703217e-05,-0.0003166528
80.0,240.0,438.0,41.88699,-2.6756232,-2.168507,0.001093649,0.59392273,-53.12368,9.576393e-06,0.00084610085,0.0006311427,0.00070999394,-5.461359e-06,2.3054528e-05,-0.0003204345
80.0,240.0,488.0,41.823036,-1.9742081,-2.0411804,0.0010916688,0.42005312,-49.17534,1.3994132e-05,0.0008767515,0.0006993244,0.0006084612,8.291483e-06,3.3902223e-05,-0.00030501327
80.0,240.0,538.0,41.76322,-1.4453117,-1.8024216,0.0010902649,0.30514306,-45.903645,1.772545e-05,0.00088780187,0.0007415878,0.0005449828,1.3515139e-05,3.8919574e-05,-0.0002953811
80.0,260.0,28.0,38.35643,-0.25498843,0.052642457,6.3088136,872.51654,-101.12496,0.0072368877,4.2898636,3.948,4.3744555,0.76186055,-1.3021009,0.7523023
80.0,260.0,38.0,40.10523,-1.8407626,-0.062121548,5.970995,809.8424,-101.75119,0.0073711025,4.128879,3.6340477,4.1461897,0.60898757,-1.3091415,0.5213736
80.0,260.0,58.0,43.679436,-3.4671965,-0.198898,2.489701,599.96796,-101.69551,0.0040208343,1.7169652,1.5726298,1.6588906,0.29857874,-0.6144352,-0.14121579
80.0,260.0,78.0,44.5427,-3.0565403,-0.10797983,0.295806,195.18452,-102.36325,0.0015068651,0.2005166,0.22072078,0.17399481,0.032671724,0.04340472,-0.08202387
80.0,260.0,98.0,43.83335,-2.602704,0.06182431,0.13165915,132.63857,-103.66849,0.0009833517,0.092538245,0.10461269,0.06792149,0.022651011,0.027050301,-0.028426236
80.0,260.0,118.0,43.40576,-2.3540893,0.2655266,0.04765508,92.685814,-104.80314,0.0005110817,0.03543447,0.039661102,0.020979185,0.013962148,0.005493492,-0.005719065
80.0,260.0,138.0,43.25644,-2.279403,0.46477675,0.018492766,63.054256,-105.483696,0.00029349123,0.014831213,0.015793886,0.006662088,0.0088298535,0.00096193916,8.575351e-05
80.0,260.0,158.0,43.19887,-2.3105538,0.6426553,0.00869088,44.066124,-105.528564,0.0001972969,0.00766799,0.0075491774,0.0023540962,0.0060522794,0.0005404171,0.0015315149
80.0,260.0,178.0,43.154118,-2.4195423,0.80742866,0.0049543013,32.20179,-104.83313,0.00015212511,0.004877475,0.0043645017,0.0007817347,0.0046279593,0.0005945088,0.0022553043
80.0,260.0,198.0,43.11158,-2.6075583,0.95842284,0.002791644,20.291697,-103.29687,7.4876676e-05,0.0026995214,0.002171439,0.0007551692,0.0022059896,0.00040757743,0.0017487998
80.0,260.0,218.0,43.053383,-2.8899956,1.0726949,0.0017973632,13.009937,-100.817276,2.7901953e-05,0.0015367572,0.0011132299,0.0009435315,0.00077553897,0.00024098734,0.0009497582
80.0,260.0,238.0,42.958435,-3.2700808,1.0885571,0.0014865717,9.975041,-97.213326,1.4963479e-05,0.0011878172,0.0007231659,0.0011184916,0.00037298768,0.00019343854,0.0006410866
80.0,260.0,258.0,42.8198,-3.7063866,0.94409674,0.0012997873,6.7613378,-92.23676,7.938206e-06,0.0009789034,0.0005513523,0.0010672281,0.00015902193,0.00013312878,0.0003509717
80.0,260.0,278.0,42.649868,-4.087317,0.59414095,0.0011903093,4.41832,-86.05283,5.7825464e-06,0.00087945256,0.00044136465,0.0010576483,7.689047e-05,0.0001070069,0.0001862588
80.0,260.0,298.0,42.472897,-4.2997456,0.09296391,0.0011420631,3.0224018,-79.29115,5.3751032e-06,0.00084189855,0.00037788306,0.0010569489,3.5628134e-05,9.428725e-05,5.9454385e-05
80.0,260.0,318.0,42.310287,-4.305998,-0.44567105,0.0011163944,2.103935,-72.83634,5.5071287e-06,0.0008250614,0.00036276327,0.0010409981,1.0365757e-05,7.9859434e-05,-5.5866305e-05
80.0,260.0,338.0,42.1803,-4.135916,-0.9232931,0.0011061298,1.6086998,-67.2906,5.988468e-06,0.0008224897,0.00038761113,0.0009927567,-3.5196053e-06,6.752706e-05,-0.00014313956
80.0,260.0,358.0,42.08581,-3.8585932,-1.2959949,0.0011006676,1.2085265,-62.818832,6.5893155e-06,0.000824086,0.00043269005,0.00094478106,-7.887923e-06,5.2444913e-05,-0.00020964011
80.0,260.0,378.0,42.014126,-3.5245266,-1.558226,0.0010975265,0.9418223,-59.29231,7.463744e-06,0.00083004765,0.00047486753,0.0008901262,-8.611738e-06,4.220036e-05,-0.0002525326
80.0,260.0,398.0,41.961216,-3.185648,-1.7260568,0.0010954475,0.753962,-56.49237,8.443671e-06,0.0008374682,0.00051560666,0.00083781185,-6.1900405e-06,3.7683538e-05,-0.0002819538
80.0,260.0,418.0,41.918972,-2.8596601,-1.8198469,0.0010939554,0.6160041,-54.211765,9.539261e-06,0.0008448422,0.0005532241,0.00078983646,-2.8089023e-06,3.1094998e-05,-0.00030029422
80.0,260.0,438.0,41.887413,-2.5567315,-1.8582759,0.001092831,0.51799333,-52.29255,1.0777069e-05,0.00085318676,0.0005865571,0.0007459174,1.8527251e-06,3.1684827e-05,-0.0003096668
80.0,260.0,488.0,41.815773,-1.9183316,-1.8021324,0.0010912595,0.38955206,-48.41116,1.4158721e-05,0.00087006734,0.0006617786,0.0006510031,1.1955358e-05,3.637442e-05,-0.0003118068
80.0,260.0,538.0,41.7545,-1.4496818,-1.6670016,0.0010900771,0.29196852,-45.269817,1.8528213e-05,0.0008864732,0.0006934185,0.00058706565,1.4805751e-05,4.0679795e-05,-0.00032205903
80.0,280.0,28.0,36.73618,0.033922136,0.9120467,6.1251726,904.16394,-91.43847,0.0067958287,4.2054825,3.9168575,4.128139,0.36775568,-1.456355,0.8178356
80.0,280.0,38.0,38.71943,-1.3204658,0.81546205,6.258304,830.54803,-91.98283,0.0075402604,4.446392,3.719331,4.3545012,0.363329,-1.4796915,0.7331805
80.0,280.0,58.0,42.861465,-3.0380542,0.538294,3.0369072,627.1641,-92.268974,0.004680273,2.1462681,1.7629333,2.1689298,0.14808178,-0.9206689,0.06557605
80.0,280.0,78.0,44.439644,-3.020097,0.3050802,0.2788849,193.26028,-92.73454,0.0014375943,0.19168162,0.1627148,0.2036107,0.02374245,0.02774396,-0.05508838
80.0,280.0,98.0,43.704426,-2.6581547,0.26682723,0.13416015,119.52743,-93.53541,0.0011130143,0.095784664,0.086419106,0.08631367,0.018700244,0.03587016,-0.0273509
80.0,280.0,118.0,43.19821,-2.43175,0.3404838,0.050921153,76.59828,-94.20818,0.0006594354,0.03912522,0.035424933,0.027356787,0.013515573,0.009994244,-0.0077001303
80.0,280.0,138.0,43.00594,-2.3439038,0.45154005,0.01870023,47.361595,-94.52327,0.0003938659,0.016076555,0.01342747,0.007879933,0.008924346,0.0019877818,-0.00064828567
80.0,280.0,158.0,42.938168,-2.3557367,0.567293,0.00833291,30.77938,-94.371414,0.00026746988,0.008220875,0.005904444,0.0025456075,0.006201437,0.00083884643,0.0015189119
80.0,280.0,178.0,42.894363,-2.4424212,0.672703,0.00442081,20.778076,-93.65446,0.00014122392,0.0044449028,0.0028061338,0.0015881548,0.003235761,0.0004861777,0.0016913074
80.0,280.0,198.0,42.862446,-2.594478,0.7552431,0.0024093206,11.645613,-92.27071,4.4860906e-05,0.002112493,0.001386738,0.0013185164,0.0009880103,0.00018983484,0.0008106205
80.0,280.0,218.0,42.819466,-2.8063345,0.7935433,0.0016174492,7.0856586,-90.13505,1.8026662e-05,0.0012933277,0.00087245106,0.0010709236,0.0003708134,0.00011810001,0.00043028133
80.0,280.0,238.0,42.74908,-3.0670385,0.7533686,0.0013781837,4.929726,-87.172455,1.1463016e-05,0.0010631462,0.0006738105,0.0010242483,0.00020986637,0.00010529053,0.00031600252
80.0,280.0,258.0,42.64887,-3.3442683,0.6083834,0.0012292075,3.232845,-83.32396,8.730687e-06,0.00093471876,0.00052592985,0.000999117,0.00013177075,0.00010010246,0.00023013106
80.0,280.0,278.0,42.529007,-3.5767457,0.34853706,0.0011516106,2.148607,-78.78452,7.568713e-06,0.00087096024,0.0004284847,0.0010035946,8.469183e-05,9.5397e-05,0.0001442253
80.0,280.0,298.0,42.40091,-3.710891,0.000496572,0.0011224567,1.6140718,-73.88748,7.1746854e-06,0.00084718183,0.00038220664,0.0010155009,5.2745967e-05,9.0313646e-05,5.3845986e-05
80.0,280.0,318.0,42.27602,-3.7240267,-0.3790857,0.0011062402,1.2490265,-69.09692,7.2031758e-06,0.00083577196,0.00036879396,0.0010079334,2.9956671e-05,8.000083e-05,-3.6106565e-05
80.0,280.0,338.0,42.169323,-3.6213272,-0.7358269,0.0011005913,1.0446612,-64.76759,7.5983685e-06,0.00083493604,0.0003807292,0.0009855642,1.5156699e-05,7.193567e-05,-0.000110693865
80.0,280.0,358.0,42.08404,-3.4337814,-1.0360228,0.0010973673,0.8605228,-61.062153,8.10241e-06,0.0008359662,0.0004111306,0.000947622,6.174794e-06,5.9165584e-05,-0.00017978468
80.0,280.0,378.0,42.016262,-3.1910934,-1.2667878,0.0010953583,0.7170418,-57.97369,8.922625e-06,0.000840706,0.0004448708,0.00090514397,1.5934695e-06,5.0137613e-05,-0.00022562464
80.0,280.0,398.0,41.962147,-2.9313116,-1.4299135,0.0010939771,0.60592836,-55.409454,9.8525525e-06,0.00084649323,0.0004820708,0.00085938803,7.5065947e-07,4.5533532e-05,-0.00025931004
80.0,280.0,418.0,41.918823,-2.6692646,-1.5348389,0.0010928857,0.5147595,-53.255444,1.0897216e-05,0.0008521496,0.00051821885,0.00081539294,1.1258147e-06,3.81814e-05,-0.0002827477
80.0,280.0,438.0,41.884426,-2.4164813,-1.5927484,0.001092067,0.44844255,-51.410454,1.2100116e-05,0.0008589945,0.0005512051,0.0007739144,3.240959e-06,3.863816e-05,-0.00029660406
80.0,280.0,488.0,41.809883,-1.8615973,-1.5852994,0.0010908616,0.35792035,-47.64888,1.5621617e-05,0.0008749137,0.00064091425,0.0006663748,1.0778205e-05,4.056159e-05,-0.0003119012
80.0,280.0,538.0,41.746696,-1.4262795,-1.4724281,0.001089854,0.27387822,-44.638676,2.0594753e-05,0.0008946508,0.0006776914,0.0006096475,1.90598e-05,4.8498827e-05,-0.00031764247
80.0,300.0,28.0,36.037254,0.28580087,0.9609107,5.83083,899.98724,-82.87907,0.0065187267,4.227238,3.699932,3.7372873,0.034054525,-1.4445065,0.65014887
80.0,300.0,38.0,38.110687,-0.72298014,1.0167148,6.1179624,811.94507,-83.23969,0.0073520346,4.494855,3.6769779,4.066469,-0.0014943075,-1.6143373,0.7648105
80.0,300.0,58.0,42.615696,-2.4564426,0.8374401,2.649565,575.6948,-84.00378,0.004310324,1.8651745,1.5413649,1.8969353,0.040004164,-0.83197737,0.21757011
80.0,300.0,78.0,44.313534,-2.7911959,0.5665081,0.2618119,190.80806,-84.651855,0.0013667598,0.18154356,0.13879326,0.2032672,0.019684087,0.01650423,-0.024222076
80.0,300.0,98.0,43.58074,-2.5730412,0.43335256,0.129281,112.95405,-85.26319,0.0011363382,0.09337258,0.07167587,0.093513265,0.016484132,0.039047897,-0.018883072
80.0,300.0,118.0,43.02828,-2.4086611,0.41669607,0.05218133,68.310844,-85.6558,0.00075683,0.04117781,0.02998268,0.0332543,0.012626736,0.013457914,-0.007219021
80.0,300.0,138.0,42.80604,-2.3330765,0.458837,0.01859459,38.77132,-85.758255,0.00047737945,0.016963564,0.010364675,0.009879746,0.008608878,0.0028401052,-0.00097207783
80.0,300.0,158.0,42.732567,-2.3386097,0.5154205,0.007889103,23.351095,-85.509224,0.00029586465,0.008282796,0.00393358,0.0035525146,0.0053998516,0.0009272019,0.0011831862
80.0,300.0,178.0,42.692055,-2.4048724,0.56805867,0.004022051,14.631721,-84.800186,0.00011688815,0.003934129,0.0019464822,0.0021619452,0.0021067872,0.00033504242,0.0010659288
80.0,300.0,198.0,42.669975,-2.5189896,0.5993838,0.0021743418,7.4468303,-83.58208,3.5592333e-05,0.001848757,0.0011035735,0.0013961042,0.00061378174,0.000113216214,0.00047698675
80.0,300.0,218.0,42.640606,-2.6725764,0.59353006,0.0015174871,4.1515207,-81.78707,1.7466493e-05,0.0012152711,0.0007520119,0.0010691438,0.00028166207,8.675827e-05,0.00029441412
80.0,300.0,238.0,42.588593,-2.850462,0.5292855,0.0013099415,2.6447737,-79.393105,1.3176018e-05,0.0010326824,0.00058844424,0.0010034106,0.00019140364,9.150371e-05,0.00024212318
80.0,300.0,258.0,42.512955,-3.0302837,0.3973212,0.0011869591,1.8235302,-76.40441,1.0826642e-05,0.0009261523,0.0004740459,0.0009748432,0.00013362619,9.235993e-05,0.00018150704
80.0,300.0,278.0,42.42356,-3.1755443,0.1953708,0.0011325956,1.2920651,-72.97487,9.657294e-06,0.00087763485,0.0004071611,0.0009802039,9.36944e-05,9.034962e-05,0.00011463652
80.0,300.0,298.0,42.325657,-3.2602615,-0.06066536,0.0011120326,1.0327421,-69.29826,9.173447e-06,0.00085828156,0.00037473466,0.0009910674,6.475423e-05,8.793296e-05,4.3681306e-05
80.0,300.0,318.0,42.229527,-3.2684293,-0.33914724,0.0011007569,0.8472666,-65.64023,9.118471e-06,0.0008486794,0.0003636842,0.0009891371,4.2203643e-05,7.882179e-05,-3.0678595e-05
80.0,300.0,338.0,42.14415,-3.2004673,-0.6095877,0.0010972437,0.74288684,-62.216576,9.440084e-06,0.00084779586,0.00037238497,0.00097431685,2.6838145e-05,7.339796e-05,-9.5555515e-05
80.0,300.0,358.0,42.07136,-3.0670817,-0.85008097,0.0010950672,0.64505327,-59.156136,9.841679e-06,0.0008478477,0.0003964212,0.0009459005,1.7099832e-05,6.29683e-05,-0.0001588961
80.0,300.0,378.0,42.011433,-2.8871737,-1.04567,0.001093745,0.56582904,-56.49201,1.0597474e-05,0.0008515189,0.00042440832,0.0009115676,1.1692273e-05,5.517855e-05,-0.00020340482
80.0,300.0,398.0,41.958992,-2.6868405,-1.1943572,0.0010928129,0.5002379,-54.194668,1.1462912e-05,0.0008560694,0.00045681678,0.0008727324,1.0240187e-05,5.2330874e-05,-0.00023792473
80.0,300.0,418.0,41.91618,-2.4765677,-1.2992615,0.0010920558,0.44169748,-52.207268,1.2480297e-05,0.00086072733,0.00048943,0.0008339647,1.0366685e-05,4.3934222e-05,-0.00026420655
80.0,300.0,438.0,41.880524,-2.2668536,-1.3661948,0.0010914751,0.3978991,-50.470417,1.3666395e-05,0.00086673093,0.00052015134,0.0007960403,1.2367931e-05,4.6183068e-05,-0.0002806746
80.0,300.0,488.0,41.80171,-1.7832332,-1.4127511,0.0010905414,0.33859944,-46.87758,1.5853084e-05,0.0008685123,0.00057111646,0.0007421397,1.6095124e-05,4.2677908e-05,-0.000297787
80.0,300.0,538.0,41.735622,-1.392794,-1.3641466,0.0010896735,0.2617045,-43.969036,2.1919881e-05,0.00089616876,0.0006317075,0.00062858005,2.2831387e-05,5.1077262e-05,-0.0003011407
80.0,350.0,28.0,37.10283,0.3608793,0.51911414,4.5739074,710.9302,-69.191734,0.0064542415,3.0821054,3.301413,2.762263,0.17614561,-1.0579116,0.4338224
80.0,350.0,38.0,38.56965,-0.4613549,0.70346504,4.4456816,640.673,-69.33681,0.0069399467,3.0097072,3.102252,2.7764935,0.2808846,-1.0176638,0.53115994
80.0,350.0,58.0,41.868565,-1.7799628,0.81747353,2.8303144,569.98145,-69.66001,0.004904599,1.975454,1.8046854,1.8811053,0.09809592,-0.876825,0.21585806
80.0,350.0,78.0,44.03059,-2.1996624,0.7457767,0.2977833,210.1684,-69.97937,0.0013819904,0.2090994,0.16802281,0.21843143,0.013300246,-0.0038679647,-0.00051119545
80.0,350.0,98.0,43.31518,-2.1566067,0.60486954,0.12071527,105.07479,-70.237595,0.0011427986,0.08821081,0.05931396,0.093959,0.011553159,0.0434107,-0.004170169
80.0,350.0,118.0,42.701653,-2.1142404,0.5147144,0.04725211,55.925854,-70.33954,0.00083530927,0.038512908,0.018896177,0.03711684,0.00915652,0.017295606,-0.0018508785
80.0,350.0,138.0,42.448494,-2.0967588,0.4638174,0.016574476,28.557465,-70.23978,0.00056728406,0.016332,0.0036111195,0.013195067,0.006390852,0.003744177,0.00010062078
80.0,350.0,158.0,42.37266,-2.10718,0.4330401,0.0067712395,14.860936,-69.91221,0.00023757054,0.0068261735,0.0015457505,0.0051739286,0.0026413735,0.0006548246,0.00065865176
80.0,350.0,178.0,42.34294,-2.146694,0.40435362,0.0033062845,7.9401584,-69.32785,9.002638e-05,0.003103892,0.0010329463,0.0024771192,0.0009739949,0.00013783867,0.0004215369
80.0,350.0,198.0,42.341095,-2.2000108,0.3686301,0.0018215132,3.4211154,-68.4818,3.2904743e-05,0.0015486134,0.0007363491,0.0013578822,0.0003389311,4.505516e-05,0.00020186082
80.0,350.0,218.0,42.332256,-2.2668633,0.31581405,0.0013852483,1.7201835,-67.341705,2.257838e-05,0.0011558919,0.00054786063,0.0010677206,0.00021936142,5.6759254e-05,0.00015873916
80.0,350.0,238.0,42.30671,-2.3375714,0.24040732,0.0012226143,1.0577824,-65.91893,1.8589673e-05,0.0010086356,0.0004611514,0.0009785399,0.00016613897,6.825385e-05,0.00012954755
80.0,350.0,258.0,42.26754,-2.401964,0.14109755,0.0011416603,0.7669375,-64.24004,1.6366948e-05,0.0009327629,0.00040627085,0.0009449956,0.00012964304,7.32524e-05,9.24851e-05
80.0,350.0,278.0,42.218937,-2.4480314,0.017805783,0.0011137822,0.6070903,-62.365772,1.5260548e-05,0.0009028086,0.0003791377,0.0009455017,0.00010364715,7.720943e-05,5.5746073e-05
80.0,350.0,298.0,42.16283,-2.4722178,-0.12276479,0.0011001503,0.5146949,-60.361706,1.4701011e-05,0.0008871172,0.0003642074,0.00094904914,8.2652885e-05,7.826117e-05,1.4445372e-05
80.0,350.0,318.0,42.108334,-2.4678814,-0.27289063,0.0010946988,0.46204808,-58.31211,1.4538806e-05,0.0008799011,0.0003588541,0.0009506328,6.521494e-05,7.27307e-05,-3.4986082e-05
80.0,350.0,338.0,42.0546,-2.4312115,-0.42290056,0.0010930469,0.4312946,-56.2903,1.46046905e-05,0.0008767301,0.0003645684,0.0009447731,5.203994e-05,7.3229254e-05,-7.873959e-05
80.0,350.0,358.0,42.00502,-2.3596182,-0.56486547,0.0010919778,0.40015003,-54.357944,1.4944479e-05,0.0008758003,0.0003784056,0.00092979433,4.266299e-05,6.586275e-05,-0.00012695763
80.0,350.0,378.0,41.961548,-2.2640467,-0.6912215,0.0010913868,0.37409195,-52.549984,1.5563497e-05,0.0008770628,0.00039608445,0.00090960495,3.5860878e-05,6.2978084e-05,-0.00016305062
80.0,350.0,398.0,41.917797,-2.1522927,-0.7981913,0.0010909719,0.34997284,-50.87952,1.6309674e-05,0.0008788768,0.00041838025,0.0008846874,3.2311258e-05,6.1330946e-05,-0.00019503926
80.0,350.0,418.0,41.882442,-2.0270908,-0.88429016,0.0010905974,0.3253421,-49.345596,1.722632e-05,0.0008809508,0.00044288,0.0008574028,2.9816332e-05,5.3694945e-05,-0.00022332119
80.0,350.0,438.0,41.848217,-1.8956604,-0.94973814,0.0010903279,0.30777147,-47.939377,1.8310893e-05,0.00088421954,0.0004675226,0.0008288759,2.9592215e-05,5.8713787e-05,-0.00024244066
80.0,350.0,488.0,41.772556,-1.5590168,-1.0381311,0.0010898334,0.28450254,-44.875427,1.9161704e-05,0.0008730387,0.0005201707,0.0007870921,2.6621974e-05,5.0316103e-05,-0.00027267498
80.0,350.0,538.0,41.708813,-1.2709957,-1.0565952,0.0010892715,0.2329465,-42.338047,2.6374559e-05,0.0009037182,0.0005632039,0.0006960186,3.1616404e-05,5.8930014e-05,-0.00028436465
80.0,400.0,28.0,34.92503,-0.28972042,0.5716798,6.1776414,819.5723,-59.94882,0.007536874,4.2119627,4.2351775,3.8902147,0.015698412,-1.8406972,0.24535833
80.0,400.0,38.0,37.23185,-0.6135742,0.6923978,5.870182,727.5254,-60.03984,0.0077471836,4.024479,3.9293337,3.7767687,-0.042512815,-1.7708125,0.32844543
80.0,400.0,58.0,41.722107,-1.3167166,0.7689231,2.8975263,577.6059,-60.217876,0.0047512613,2.013172,1.8556788,1.9288932,-0.062020928,-0.9397308,0.16652535
80.0,400.0,78.0,43.81336,-1.6384912,0.6972942,0.30666062,208.09718,-60.39892,0.0014229809,0.21553461,0.17662698,0.22211555,0.012397053,-0.0016986789,0.015188138
80.0,400.0,98.0,43.081947,-1.6870046,0.57579976,0.11057562,98.702835,-60.49505,0.0011158,0.08089897,0.055533722,0.08624225,0.0074333823,0.04589879,0.0042990083
80.0,400.0,118.0,42.455917,-1.7085197,0.48558372,0.041026607,47.938103,-60.47395,0.0008028163,0.0335322,0.014759724,0.034466635,0.0059290454,0.01669915,0.0014602618
80.0,400.0,138.0,42.21772,-1.7511532,0.4147163,0.015058617,23.546127,-60.30755,0.00049623486,0.01415295,0.0034864265,0.012756589,0.0034559197,0.0030075274,0.0010746026
80.0,400.0,158.0,42.149006,-1.7764972,0.3612777,0.0057642595,11.312283,-60.020073,0.00017597058,0.005348527,0.0017515984,0.0046032257,0.001204985,0.0004105749,0.0006136666
80.0,400.0,178.0,42.132618,-1.7990685,0.3102463,0.0028538364,5.569313,-59.577927,6.9670394e-05,0.0025051376,0.0010060684,0.002239745,0.00046273533,4.3286193e-05,0.0002686433
80.0,400.0,198.0,42.14117,-1.8240682,0.2524173,0.001648367,2.2319138,-58.982624,3.310183e-05,0.0013867415,0.00063102087,0.0013063069,0.00021280402,1.4614627e-05,0.00014379242
80.0,400.0,218.0,42.14187,-1.8612446,0.19449008,0.0013281114,1.1083455,-58.2506,2.7357924e-05,0.0011248196,0.0004996066,0.0010633908,0.00016696016,3.8882823e-05,6.3992265e-05
80.0,400.0,238.0,42.12726,-1.9001727,0.13202764,0.0011879639,0.6608521,-57.323807,2.2650202e-05,0.0009905399,0.00041622133,0.0009841984,0.0001323345,5.0335188e-05,6.7788073e-06
80.0,400.0,258.0,42.103878,-1.9410701,0.051933236,0.001125911,0.48413715,-56.3099,2.2509414e-05,0.00094729563,0.00042496607,0.00090662396,0.000116884374,6.274916e-05,4.0109113e-05
80.0,400.0,278.0,42.072273,-1.9478486,-0.030992238,0.00110663,0.4053438,-55.151318,2.1549782e-05,0.0009247352,0.00040394772,0.0009049658,0.00010259646,6.781782e-05,4.1966032e-05
80.0,400.0,298.0,42.03586,-1.93132,-0.13178617,0.0010957298,0.36192003,-53.929787,1.9454012e-05,0.0008982837,0.00038620768,0.00092604995,8.210764e-05,6.529634e-05,5.5590837e-05
80.0,400.0,318.0,42.000107,-1.9148206,-0.21622795,0.0010924325,0.33169863,-52.660572,1.9588513e-05,0.00089524896,0.00039209248,0.0009237802,7.211264e-05,6.377743e-05,-5.9347087e-05
80.0,400.0,338.0,41.962727,-1.8973411,-0.31055456,0.0010911998,0.3191975,-51.353584,1.8016382e-05,0.0008783457,0.00039798877,0.0009195845,5.6757628e-05,6.129869e-05,-0.00012981295
80.0,400.0,358.0,41.92786,-1.8885431,-0.4053611,0.0010905107,0.29942396,-50.0846,2.1657346e-05,0.00090445456,0.00043306162,0.0008671055,5.895448e-05,6.79296e-05,-0.00013558511
80.0,400.0,378.0,41.89528,-1.8175678,-0.48253095,0.0010901958,0.29147178,-48.83116,2.1676744e-05,0.00090001203,0.00040549808,0.00089743786,5.291933e-05,6.6359746e-05,-0.00011500152
80.0,400.0,398.0,41.861614,-1.728248,-0.57016736,0.0010900131,0.2809931,-47.63183,2.3615801e-05,0.0009097431,0.0003756942,0.0009139909,5.1749495e-05,6.831267e-05,-6.357421e-05
80.0,400.0,418.0,41.83339,-1.6323987,-0.6195764,0.0010897742,0.26885653,-46.475227,2.2002108e-05,0.0008917123,0.00044656603,0.000861916,4.4968183e-05,5.6347e-05,-0.00018735291
80.0,400.0,438.0,41.80346,-1.5526345,-0.67307436,0.0010896475,0.26513538,-45.3604,1.987135e-05,0.00087027263,0.00047797532,0.0008430198,3.4480538e-05,5.339433e-05,-0.00023603872
80.0,400.0,488.0,41.736656,-1.3189389,-0.7715073,0.0010893593,0.25216648,-42.84022,2.0018828e-05,0.0008570328,0.0004722279,0.00085843576,2.764153e-05,4.8668076e-05,-0.00022962851
80.0,400.0,538.0,41.678726,-1.1227795,-0.8167441,0.0010889448,0.21167599,-40.71369,3.1853433e-05,0.0009120905,0.0005182385,0.0007613817,4.3068896e-05,6.5261076e-05,-0.000251577
