x_mm,y_mm,z_mm,U,V,W,k,omega,p,nut,R_xx,R_yy,R_zz,R_xy,R_xz,R_yz
500.0,-400.0,28.0,31.173943,-0.11574182,0.4762815,6.6830015,791.88196,20.047073,0.008346989,4.5399632,4.6027536,4.214843,0.15870507,-2.0336242,-0.16594855
500.0,-400.0,38.0,33.444122,0.06452304,0.60603285,6.427536,683.207,19.921516,0.008884946,4.3821077,4.3750267,4.088679,0.19786106,-1.9403398,-0.2463526
500.0,-400.0,58.0,37.784325,0.58991,0.75294024,4.7021317,581.87634,19.540577,0.0068759783,3.2257838,3.1031806,3.0747247,0.20758125,-1.4638962,-0.2370469
500.0,-400.0,78.0,41.235905,1.063974,0.78392136,1.2366545,357.75766,18.995455,0.003261086,0.856146,0.7823856,0.8360156,0.033444386,-0.3320659,-0.070715755
500.0,-400.0,98.0,41.524216,1.2422212,0.68702114,0.17811933,129.41806,18.3356,0.0013606213,0.121492706,0.09986279,0.13612677,0.004891233,0.054120895,-0.009408019
500.0,-400.0,118.0,40.705757,1.2949562,0.57269126,0.059594844,60.086952,17.678848,0.0009770705,0.042093657,0.02887959,0.04825846,0.0062989015,0.02852889,-0.004643558
500.0,-400.0,138.0,40.37589,1.3353149,0.4978525,0.020428292,28.308565,17.026495,0.0006789067,0.01575107,0.005583955,0.020060604,0.0046315133,0.0044190027,-0.0022307376
500.0,-400.0,158.0,40.303745,1.3747576,0.40106183,0.007119451,13.220422,16.388273,0.0002561574,0.0055730687,0.0020419126,0.006846685,0.0016853767,3.3310538e-05,-0.0011148411
500.0,-400.0,178.0,40.31301,1.4076383,0.33226675,0.0031981517,6.457675,15.733789,0.00010598989,0.0024694959,0.0011235607,0.0028491407,0.0007033287,-0.000258009,-0.00028674628
500.0,-400.0,198.0,40.351604,1.4227052,0.2566456,0.0018269911,2.9714475,15.072722,4.4621193e-05,0.0013575492,0.00074041984,0.001586322,0.0002905948,-0.000123291,-0.00012922322
500.0,-400.0,218.0,40.390385,1.4585626,0.17482057,0.0013480838,1.2501872,14.360628,3.6269073e-05,0.001010028,0.0005309649,0.0011542848,0.00023163392,-8.9053145e-05,-4.8066027e-05
500.0,-400.0,238.0,40.41945,1.4582322,0.09320877,0.0011881166,0.7159608,13.646396,2.8105285e-05,0.00087659917,0.00045987262,0.0010545967,0.00017273382,-6.066099e-05,-9.893824e-06
500.0,-400.0,258.0,40.439972,1.4763181,0.009379466,0.0011291043,0.535439,12.891994,3.056731e-05,0.00084334274,0.00044243142,0.0009880972,0.00018196632,-5.7367473e-05,-3.6869355e-05
500.0,-400.0,278.0,40.45471,1.4584669,-0.06150839,0.0011074521,0.45210123,12.120713,2.8966166e-05,0.00082298205,0.00042459377,0.0009826404,0.00016369394,-4.9661903e-05,4.3140477e-05
500.0,-400.0,298.0,40.467663,1.4444493,-0.14826795,0.0010976666,0.40685162,11.3132,3.063409e-05,0.0008201209,0.00042962073,0.00096803444,0.00016430736,-5.1953924e-05,-1.4136554e-05
500.0,-400.0,318.0,40.482216,1.4340944,-0.21405874,0.0010947498,0.36738896,10.461809,3.3102406e-05,0.0008240877,0.00044667645,0.0009260499,0.00017266271,-6.2340754e-05,0.00012565475
500.0,-400.0,338.0,40.498722,1.38165,-0.2938085,0.001093713,0.3751571,9.585093,3.0120174e-05,0.00081388355,0.00042946596,0.0009655724,0.00014864748,-5.9195e-05,7.955837e-05
500.0,-400.0,358.0,40.514877,1.3758374,-0.35679346,0.0010927939,0.3344086,8.672411,3.478077e-05,0.00082549953,0.00048981933,0.0008822774,0.0001606532,-7.357688e-05,0.00016860876
500.0,-400.0,378.0,40.534214,1.2983689,-0.4091142,0.001092703,0.35215232,7.7456574,2.8911776e-05,0.00080847373,0.00044329415,0.0009425685,0.00012673078,-6.235398e-05,0.00015686115
500.0,-400.0,398.0,40.552433,1.2681707,-0.46777627,0.0010922125,0.30919018,6.7897167,3.804951e-05,0.0008323838,0.0004626749,0.0009084969,0.00015144522,-8.377244e-05,0.0001277507
500.0,-400.0,418.0,40.572685,1.2020401,-0.4989137,0.0010920204,0.3100313,5.83012,3.3978846e-05,0.00082029996,0.0005039778,0.00086080877,0.0001291336,-7.677373e-05,0.00022124435
500.0,-400.0,438.0,40.592716,1.1337637,-0.55545545,0.001091835,0.29506996,4.867231,4.0151746e-05,0.0008359387,0.00045974687,0.0009040056,0.0001408985,-8.742192e-05,0.00015866119
500.0,-400.0,488.0,40.641365,0.99133325,-0.63302517,0.0010914357,0.2741989,2.5137815,4.2793272e-05,0.0008397703,0.0004695378,0.0008923296,0.00012182817,-9.415979e-05,0.00016081557
500.0,-400.0,538.0,40.68927,0.8746873,-0.6579691,0.0010908027,0.23376139,0.28165507,5.4769564e-05,0.00086760015,0.0006279949,0.00068823237,0.00013152113,-0.00011061467,0.00026717503
500.0,-350.0,28.0,32.651848,-0.76315886,0.55527914,5.012889,696.74585,27.485083,0.0072272117,3.4214478,3.5639713,3.0398715,-0.029556708,-1.4320056,-0.24505967
500.0,-350.0,38.0,34.413723,-0.3155551,0.74751365,4.641069,577.64026,27.265743,0.008030531,3.1809673,3.264949,2.8352168,-0.13433948,-1.2903633,-0.38537806
500.0,-350.0,58.0,37.50601,0.7105756,0.933608,4.171552,524.1587,26.65962,0.0078636985,2.8685708,2.7497053,2.724746,-0.07876923,-1.2713134,-0.36848444
500.0,-350.0,78.0,40.774734,1.4539853,0.9342925,1.5777706,416.79184,26.075712,0.0035985033,1.0899901,0.9927559,1.072926,0.024206357,-0.46496984,-0.08868838
500.0,-350.0,98.0,41.39509,1.6332159,0.81240094,0.17911829,134.9197,25.42599,0.0013173458,0.12033721,0.09860233,0.13932624,0.009189515,0.050923593,-0.00072412
500.0,-350.0,118.0,40.58576,1.6216758,0.6778621,0.06981055,68.273865,24.725908,0.0010155946,0.048001103,0.03340006,0.058215886,0.0073229806,0.029732302,-0.0007786537
500.0,-350.0,138.0,40.216755,1.6280074,0.5773109,0.022340128,32.438354,24.009846,0.000681669,0.016491456,0.0071944334,0.020992136,0.0052568642,0.005759495,-0.0014677168
500.0,-350.0,158.0,40.12937,1.6498824,0.49256903,0.008325209,16.685535,23.274555,0.00037346262,0.0065144207,0.0015036725,0.0086320825,0.0029963695,0.00025549732,-0.0011443911
500.0,-350.0,178.0,40.12562,1.683772,0.40932414,0.0036774578,8.833369,22.516153,0.0001343954,0.0028036025,0.00093333295,0.0036178634,0.0010944842,-0.00027691468,-0.00046103366
500.0,-350.0,198.0,40.16666,1.7163757,0.3199447,0.001860247,3.8190987,21.73092,4.391295e-05,0.0013541678,0.000714464,0.0016519785,0.00035922442,-0.00014899042,-0.00014094402
500.0,-350.0,218.0,40.210957,1.7453555,0.22536004,0.0013810027,1.7831203,20.911402,2.9575225e-05,0.0009961678,0.00055094884,0.0012149801,0.00023667215,-8.9955865e-05,-7.1064e-05
500.0,-350.0,238.0,40.244934,1.7651166,0.12203802,0.0012141526,1.0532045,20.05265,2.5883797e-05,0.0008746228,0.00047234335,0.0010813558,0.00020077844,-6.674904e-05,-3.3879347e-05
500.0,-350.0,258.0,40.27145,1.7713654,0.013175639,0.00113738,0.79286194,19.144798,2.4261832e-05,0.00081878755,0.00043589412,0.0010200276,0.00018134824,-5.8493664e-05,4.373806e-06
500.0,-350.0,278.0,40.29349,1.7621934,-0.09725613,0.0011134335,0.65782064,18.181097,2.3999553e-05,0.0008018355,0.0004240526,0.0010009996,0.00017192464,-5.3098865e-05,3.241896e-05
500.0,-350.0,298.0,40.31097,1.7414522,-0.20536678,0.0011007967,0.5678252,17.157303,2.3856794e-05,0.00079284084,0.00042163214,0.0009871152,0.00016434028,-5.5789762e-05,6.256181e-05
500.0,-350.0,318.0,40.33356,1.7070785,-0.30653483,0.0010971565,0.52261454,16.072271,2.4294297e-05,0.0007914406,0.00043053,0.0009724617,0.00015911873,-6.3265805e-05,0.00010172716
500.0,-350.0,338.0,40.354435,1.6589761,-0.4003467,0.001095688,0.49345028,14.932504,2.482234e-05,0.00079189567,0.00044236841,0.00095727993,0.0001540354,-6.548269e-05,0.00013523684
500.0,-350.0,358.0,40.380047,1.5973327,-0.4848723,0.0010947527,0.463638,13.7446785,2.548227e-05,0.00079295126,0.00046077627,0.0009358404,0.00014907632,-7.5823045e-05,0.00016683375
500.0,-350.0,378.0,40.40612,1.5295994,-0.5599964,0.0010941991,0.43537816,12.519467,2.710207e-05,0.0007970957,0.00047635904,0.00091469206,0.0001475759,-7.718377e-05,0.00018946466
500.0,-350.0,398.0,40.432083,1.4573739,-0.6238461,0.0010936856,0.40466172,11.270125,2.8350318e-05,0.0007998962,0.0004978771,0.0008892444,0.0001446331,-8.879093e-05,0.0002099728
500.0,-350.0,418.0,40.46219,1.3801886,-0.676049,0.0010932429,0.3804544,10.0096245,2.9649082e-05,0.00080337335,0.0005142289,0.00086857745,0.00013930467,-9.044777e-05,0.0002274584
500.0,-350.0,438.0,40.48827,1.3027936,-0.7184616,0.0010928308,0.35534433,8.750731,3.1198957e-05,0.0008072149,0.00053175195,0.0008472501,0.00013581492,-9.429053e-05,0.00024070377
500.0,-350.0,488.0,40.556854,1.1093404,-0.7823911,0.0010921815,0.31729162,5.6747093,3.7160047e-05,0.00082208036,0.0006067636,0.00075509696,0.00012779732,-0.0001116492,0.0002722921
500.0,-350.0,538.0,40.62381,0.9348076,-0.8001015,0.001091315,0.26542506,2.7994914,4.0353956e-05,0.0008301974,0.00063065905,0.00071710837,0.00011411516,-0.00011036515,0.00028733967
500.0,-300.0,28.0,28.926338,-1.279317,0.9359147,6.4342384,995.917,35.7758,0.0063983523,4.507129,4.2950325,4.0647073,0.04447792,-1.8777304,-0.3678919
500.0,-300.0,38.0,31.72125,-0.68841875,1.0543356,6.9089656,852.9152,35.575413,0.0072491504,4.7810082,4.5209594,4.5158114,0.33217123,-2.031675,-0.56536907
500.0,-300.0,58.0,37.284134,0.9014616,1.0255235,4.993738,620.4263,35.075035,0.0063353595,3.3771152,3.2042615,3.4063993,0.23228973,-1.5244293,-0.45949656
500.0,-300.0,78.0,40.882816,1.901489,0.88477147,1.2067914,372.36462,34.655212,0.0030289819,0.8283162,0.7392072,0.84608364,0.013675093,-0.3202912,-0.063043304
500.0,-300.0,98.0,41.143448,1.9768682,0.75657713,0.17559108,131.7618,34.171238,0.0013267848,0.11663467,0.103262804,0.1313757,0.016327744,0.054579236,0.01205991
500.0,-300.0,118.0,40.362213,1.8797365,0.67711586,0.07316631,74.38498,33.48361,0.0009770672,0.04909704,0.04301542,0.054245096,0.010708815,0.027373511,0.0040257904
500.0,-300.0,138.0,40.005077,1.8505788,0.63321656,0.02526243,39.656406,32.679127,0.0006311953,0.017605588,0.013595677,0.01932361,0.006287365,0.0053364094,-0.0008868836
500.0,-300.0,158.0,39.912598,1.8790499,0.59055924,0.010218563,22.113415,31.813631,0.00045836886,0.007507736,0.003852913,0.0090800505,0.0045076273,0.0004078999,-0.0024297757
500.0,-300.0,178.0,39.9022,1.9427762,0.52929574,0.0045913006,12.915495,30.917858,0.0002372831,0.0034377328,0.00089698005,0.0048477706,0.002352825,-0.0003925179,-0.001704479
500.0,-300.0,198.0,39.936344,2.0163033,0.43925348,0.0022189105,6.5103536,30.001457,7.002857e-05,0.0015915005,0.0006302081,0.002215667,0.00070946856,-0.00024431667,-0.0005028697
500.0,-300.0,218.0,39.984463,2.0832798,0.31999737,0.0014914083,3.3455772,29.053411,2.843877e-05,0.0010392644,0.0005751302,0.0013684685,0.00028660992,-9.642188e-05,-0.00016833215
500.0,-300.0,238.0,40.024868,2.1315842,0.17756225,0.0012752026,2.0316253,28.053438,2.0641148e-05,0.00088257884,0.00050569745,0.0011621545,0.0002046329,-6.300767e-05,-7.5676144e-05
500.0,-300.0,258.0,40.057858,2.1543884,0.020549942,0.0011653174,1.464708,26.974932,1.8327526e-05,0.00080583466,0.00045299844,0.0010718359,0.00017710163,-5.489267e-05,-1.2089236e-05
500.0,-300.0,278.0,40.087708,2.1452353,-0.14150365,0.0011258782,1.1774544,25.79524,1.77199e-05,0.00077922025,0.00043671828,0.0010358372,0.00016498953,-5.3117714e-05,3.9719576e-05
500.0,-300.0,298.0,40.113216,2.110327,-0.29882094,0.0011088583,0.97976196,24.501215,1.7846005e-05,0.000769068,0.00043762493,0.0010110904,0.00015885511,-5.5331762e-05,8.4234765e-05
500.0,-300.0,318.0,40.143917,2.0510244,-0.44398966,0.0011022142,0.8592273,23.093414,1.8301589e-05,0.00076648453,0.0004509064,0.0009870784,0.00015479104,-6.524598e-05,0.0001265926
500.0,-300.0,338.0,40.17499,1.973872,-0.57353026,0.0010998512,0.7814753,21.586372,1.8985567e-05,0.00076757226,0.0004708745,0.00096132664,0.00015097029,-7.095611e-05,0.00016562203
500.0,-300.0,358.0,40.211357,1.8773953,-0.68444306,0.0010981612,0.704607,19.99812,1.982569e-05,0.00076946476,0.0004941531,0.00093278143,0.00014727103,-8.1351776e-05,0.00019628725
500.0,-300.0,378.0,40.249374,1.7746807,-0.7760345,0.0010969979,0.63344955,18.35258,2.1115915e-05,0.00077314343,0.0005163993,0.0009045234,0.00014460007,-8.561781e-05,0.0002202441
500.0,-300.0,398.0,40.287052,1.6682062,-0.84906286,0.0010959893,0.56712437,16.674778,2.224303e-05,0.0007763172,0.0005417075,0.00087400153,0.00014054179,-9.593223e-05,0.00023946656
500.0,-300.0,418.0,40.328964,1.5593803,-0.90530705,0.0010951273,0.50966245,14.988317,2.374244e-05,0.0007808951,0.00056445075,0.0008449536,0.00013648502,-0.00010055808,0.00025490092
500.0,-300.0,438.0,40.36671,1.4532441,-0.9462078,0.0010943898,0.45942128,13.314023,2.5398313e-05,0.0007857686,0.0005871771,0.00081589405,0.00013280417,-0.0001054745,0.0002662723
500.0,-300.0,488.0,40.46156,1.1960424,-0.99124146,0.0010931393,0.38110876,9.283983,2.9184468e-05,0.00079712505,0.0006671136,0.00072135223,0.00011714356,-0.00011636024,0.00028858896
500.0,-300.0,538.0,40.550106,0.98157156,-0.98602253,0.0010919081,0.30057386,5.6061234,3.5345318e-05,0.0008149397,0.00067642925,0.00068247755,0.00011008463,-0.00012521695,0.00029441348
500.0,-280.0,28.0,30.673498,-1.389081,0.92669505,5.5025682,832.1063,38.749454,0.0066777933,3.7469664,3.8036156,3.4539661,-0.8206405,-0.9409891,-0.5013285
500.0,-280.0,38.0,32.155632,-0.5206848,1.0204984,5.939214,739.6379,38.62361,0.008027211,4.127254,3.8366864,3.9154894,-0.49006337,-1.39775,-0.58887243
500.0,-280.0,58.0,36.87262,1.1562831,0.90465665,5.5804405,666.3628,38.580597,0.0067888843,3.77585,3.5210087,3.8597176,0.04265832,-1.7611519,-0.41048056
500.0,-280.0,78.0,40.898216,2.1138754,0.72822636,1.1662757,373.39658,38.68685,0.002859481,0.79620224,0.72537977,0.8106093,0.013060242,-0.2921095,-0.014218174
500.0,-280.0,98.0,40.9723,2.046579,0.6617813,0.17233326,129.81802,38.382637,0.001321749,0.11374789,0.11205304,0.11899239,0.020141844,0.05554206,0.02046465
500.0,-280.0,118.0,40.231335,1.9060614,0.65382934,0.072186716,77.23352,37.661274,0.00092863257,0.047886368,0.04927486,0.047270853,0.011690205,0.024060994,0.0050006956
500.0,-280.0,138.0,39.901188,1.8769606,0.66669554,0.025683897,43.421757,36.754436,0.00058643584,0.01744619,0.01730503,0.016622119,0.0063852738,0.0045878612,-0.0017982578
500.0,-280.0,158.0,39.812885,1.9277128,0.6617881,0.010972281,26.00485,35.77772,0.00041947546,0.0076901736,0.005997631,0.008259356,0.0044134785,0.00034248017,-0.0035533477
500.0,-280.0,178.0,39.80102,2.0272622,0.6178378,0.0051449365,15.93058,34.78596,0.00029416208,0.0037233063,0.0011597874,0.005405941,0.0031044711,-0.00042664955,-0.0032341871
500.0,-280.0,198.0,39.829887,2.1387408,0.5274011,0.0024699098,8.558381,33.80239,9.802416e-05,0.0017489057,0.00042497425,0.0027656984,0.0010595336,-0.00032437054,-0.0010575232
500.0,-280.0,218.0,39.877148,2.238845,0.39159968,0.0015740026,4.5752587,32.807026,3.4784465e-05,0.0010850601,0.00047433312,0.0015886175,0.0003793065,-0.00011848253,-0.00030555253
500.0,-280.0,238.0,39.91896,2.310471,0.22107968,0.0013211536,2.9823394,31.763456,2.1245565e-05,0.0009023983,0.00047103924,0.001268867,0.0002308791,-6.759612e-05,-0.0001147235
500.0,-280.0,258.0,39.954277,2.3447874,0.030321056,0.0011865812,2.0978127,30.626326,1.6671476e-05,0.0008081897,0.0004476514,0.0011174158,0.0001795347,-5.373458e-05,-2.012882e-05
500.0,-280.0,278.0,39.987793,2.3351893,-0.16578253,0.001134812,1.6197315,29.357359,1.547187e-05,0.00077315525,0.00044013694,0.0010564734,0.00016304076,-5.2359184e-05,4.3849825e-05
500.0,-280.0,298.0,40.01856,2.2899754,-0.35364702,0.0011146218,1.3209425,27.93679,1.5530395e-05,0.0007611402,0.00044619638,0.0010220965,0.00015717967,-5.5593067e-05,9.569457e-05
500.0,-280.0,318.0,40.054874,2.2141302,-0.5231181,0.0011058045,1.1247634,26.365692,1.6007954e-05,0.0007574997,0.00046304762,0.0009912644,0.00015338328,-6.607427e-05,0.00014096519
500.0,-280.0,338.0,40.09239,2.1175961,-0.6696641,0.0011025717,0.99306625,24.668226,1.671709e-05,0.0007584705,0.00048644445,0.00096050854,0.00014925619,-7.313305e-05,0.00018087932
500.0,-280.0,358.0,40.13523,1.9999453,-0.79190785,0.001100275,0.86941594,22.870579,1.7662727e-05,0.0007606507,0.00051365467,0.00092653517,0.00014510073,-8.419401e-05,0.00021258887
500.0,-280.0,378.0,40.180084,1.8772005,-0.8893417,0.0010985946,0.7582999,21.006262,1.8966706e-05,0.00076443155,0.0005376304,0.00089542614,0.00014212953,-8.876014e-05,0.0002351119
500.0,-280.0,398.0,40.223713,1.752233,-0.9641025,0.0010972561,0.66335833,19.108559,2.0178879e-05,0.0007680383,0.00056479906,0.0008619441,0.00013687996,-0.00010015924,0.00025290452
500.0,-280.0,418.0,40.272278,1.6271167,-1.0189977,0.0010960886,0.58112806,17.207212,2.1710332e-05,0.000772888,0.00058921473,0.00083036243,0.00013259763,-0.00010484042,0.00026674624
500.0,-280.0,438.0,40.31524,1.5070777,-1.0567231,0.0010951733,0.5159638,15.327461,2.337179e-05,0.0007780347,0.0006122772,0.0008003457,0.0001284685,-0.00011027614,0.00027581103
500.0,-280.0,488.0,40.421665,1.2326108,-1.0980631,0.0010935067,0.40121678,10.838614,2.972952e-05,0.00079586415,0.00066782977,0.00072308455,0.0001240206,-0.00012843346,0.00027586016
500.0,-280.0,538.0,40.51747,0.9915223,-1.0632088,0.0010921663,0.31468403,6.8343387,3.4986795e-05,0.000812637,0.00071609323,0.0006613398,0.00010970775,-0.0001340116,0.00028694017
500.0,-260.0,28.0,33.187496,-1.601005,0.49459913,5.6667237,689.2826,43.590923,0.008231938,3.8257997,3.9139655,3.6190307,-0.849274,-0.75539774,-0.78671044
500.0,-260.0,38.0,34.03681,-0.41138953,0.5558097,5.570739,650.00006,43.232048,0.008571327,3.8015642,3.6400826,3.7013304,-0.8038723,-0.85538346,-0.7002795
500.0,-260.0,58.0,37.44559,1.4462011,0.44681898,5.1003523,632.8963,43.30946,0.007286543,3.4551232,3.1934953,3.5087607,-0.39238468,-1.6014143,-0.2839572
500.0,-260.0,78.0,41.001217,2.2110493,0.4116975,0.89923,337.84485,43.655907,0.0024139434,0.61224496,0.60331523,0.5723697,-0.009818545,-0.16855343,0.04076343
500.0,-260.0,98.0,40.741806,1.9968215,0.52914625,0.16843057,127.96215,43.260662,0.001311574,0.10953839,0.1308637,0.09615531,0.027687985,0.053324312,0.025121182
500.0,-260.0,118.0,40.074886,1.846296,0.6393151,0.071022876,81.81019,42.320965,0.00086049683,0.046118837,0.05822031,0.03758561,0.014034839,0.01939464,0.0036272537
500.0,-260.0,138.0,39.78397,1.8387973,0.73232585,0.02582157,49.52836,41.22291,0.0005170188,0.016927358,0.021717332,0.013202416,0.0066298433,0.0033637988,-0.003944791
500.0,-260.0,158.0,39.704407,1.9390739,0.77722615,0.011736953,32.352646,40.061665,0.00036143386,0.007826581,0.008523179,0.007308183,0.004231346,0.00021976551,-0.005299183
500.0,-260.0,178.0,39.691696,2.0965421,0.7544604,0.005933147,21.093489,38.931725,0.00028089122,0.0040113917,0.0023711482,0.005625688,0.0032474576,-0.00036954743,-0.004940272
500.0,-260.0,198.0,39.7155,2.2672796,0.65930396,0.0028735467,11.946022,37.86431,0.0001497451,0.0019597928,-8.911325e-05,0.0038605682,0.0017859307,-0.00045249448,-0.0025374072
500.0,-260.0,218.0,39.761395,2.4167626,0.49649242,0.0017125672,6.528049,36.835617,5.137389e-05,0.001155389,0.00013592443,0.0021314947,0.0006226403,-0.00017024906,-0.00069091434
500.0,-260.0,238.0,39.80454,2.5213146,0.2845096,0.001394143,4.4809494,35.77338,2.9519233e-05,0.00093581394,0.00023525883,0.0016149947,0.00036061357,-9.524781e-05,-0.0002389959
500.0,-260.0,258.0,39.84174,2.5703557,0.045349132,0.0012222497,3.1582608,34.59817,1.9241217e-05,0.00082146446,0.00033176527,0.0012873923,0.00023094274,-6.482367e-05,-3.6117708e-05
500.0,-260.0,278.0,39.877815,2.5579093,-0.19755742,0.0011490333,2.312829,33.24614,1.4986874e-05,0.00077213533,0.000397204,0.0011307539,0.00017580291,-5.615188e-05,5.7239828e-05
500.0,-260.0,298.0,39.91264,2.4952033,-0.42528102,0.0011235644,1.859735,31.684546,1.4146982e-05,0.00075547304,0.00043252614,0.0010569764,0.00016083149,-5.7603145e-05,0.000118227465
500.0,-260.0,318.0,39.953175,2.3947427,-0.6250415,0.0011111046,1.5230122,29.926723,1.4171125e-05,0.00075126585,0.0004691428,0.0010047904,0.0001509646,-6.683875e-05,0.00016351338
500.0,-260.0,338.0,39.997314,2.271461,-0.7912794,0.0011066144,1.3199729,28.003315,1.4884068e-05,0.0007507189,0.00050516997,0.00096062076,0.00014855342,-7.774075e-05,0.0002046698
500.0,-260.0,358.0,40.047756,2.126754,-0.9245379,0.0011032243,1.1117166,25.960546,1.5595077e-05,0.0007530128,0.00053295906,0.00091922615,0.00014284466,-8.676503e-05,0.00023310182
500.0,-260.0,378.0,40.10003,1.9792846,-1.0262569,0.0011007969,0.93817514,23.840595,1.6928965e-05,0.00075652567,0.00056445797,0.00088146003,0.0001401312,-9.2894064e-05,0.00025060048
500.0,-260.0,398.0,40.15179,1.8327041,-1.1003284,0.0010987936,0.78843755,21.688517,1.8144865e-05,0.00076009537,0.00059321907,0.000845156,0.00013532928,-0.00010367575,0.0002655443
500.0,-260.0,418.0,40.206894,1.6892055,-1.1513917,0.0010972428,0.6724457,19.542706,1.9635305e-05,0.00076490105,0.0006186759,0.0008118382,0.00013228398,-0.00010829879,0.0002762864
500.0,-260.0,438.0,40.25693,1.5533503,-1.1830412,0.0010960259,0.58258224,17.432251,2.1242307e-05,0.00077012455,0.0006426588,0.0007801467,0.00012748176,-0.00011416436,0.000283282
500.0,-260.0,488.0,40.37919,1.2430122,-1.1922132,0.0010939757,0.439151,12.444332,2.547603e-05,0.0007839608,0.0006949413,0.00071010983,0.000114745955,-0.00012453076,0.00028939964
500.0,-260.0,538.0,40.486885,0.99088746,-1.147474,0.0010924676,0.3357796,7.9994397,3.1729334e-05,0.00080289925,0.00073903805,0.0006413374,0.00010212464,-0.00013570783,0.0002913335
500.0,-240.0,28.0,35.24607,-1.6504377,-0.0531164,6.188689,689.92523,51.37411,0.0089657605,4.2072124,4.0384097,4.169827,-0.68791974,-1.2200402,-0.9859227
500.0,-240.0,38.0,36.228836,-0.33316803,-0.087940596,5.0824347,605.5405,50.27325,0.008387216,3.3754494,3.3201327,3.458187,-0.84946746,-0.7604058,-0.8162809
500.0,-240.0,58.0,38.78918,1.5938073,-0.117497616,3.7038066,571.1877,49.394035,0.0064330264,2.5074494,2.4919388,2.4231849,-0.40001,-1.0534359,-0.25785688
500.0,-240.0,78.0,40.96303,2.0580401,0.12494739,0.45788363,256.44986,50.081184,0.0017475387,0.31924444,0.36335215,0.23998597,0.022572447,-0.01965904,0.037159853
500.0,-240.0,98.0,40.369137,1.7871971,0.42133695,0.16524908,130.07654,48.69931,0.00126878,0.106834576,0.14859626,0.07699466,0.027646216,0.039064594,0.014031681
500.0,-240.0,118.0,39.8305,1.6620109,0.6788191,0.06537911,90.387474,47.5507,0.000721357,0.041596457,0.062031064,0.026695956,0.012024844,0.011604047,-0.002450275
500.0,-240.0,138.0,39.618237,1.7188877,0.8782857,0.0260415,61.094433,46.038612,0.00042588246,0.016689213,0.024551159,0.01060891,0.0057564387,0.001452892,-0.007167272
500.0,-240.0,158.0,39.567123,1.9020182,0.9875969,0.013093905,44.324947,44.569366,0.00029519096,0.008407239,0.010541027,0.0071687335,0.003693567,-0.0001344426,-0.00736165
500.0,-240.0,178.0,39.56353,2.1526158,0.98472553,0.007354013,31.390226,43.255447,0.00023417699,0.0047096303,0.0037024328,0.0062692235,0.0028972863,-0.00036453735,-0.006478136
500.0,-240.0,198.0,39.585857,2.4120307,0.8712121,0.0035508208,18.170805,42.107143,0.00019393342,0.0022444725,-0.00071911654,0.005556271,0.0024966681,-0.000564876,-0.004954963
500.0,-240.0,218.0,39.630272,2.6349323,0.66125023,0.0019137561,9.707849,41.09644,8.3088846e-05,0.0012309204,-0.00076580537,0.0033620892,0.0011086721,-0.00027546557,-0.0016004501
500.0,-240.0,238.0,39.675125,2.7841074,0.38153785,0.0014987629,6.998114,40.082256,5.068674e-05,0.0009723751,-0.0005118834,0.0025391644,0.00068352424,-0.00017301203,-0.00058175094
500.0,-240.0,258.0,39.715317,2.846748,0.070548065,0.0012758293,4.7031994,38.921665,2.865575e-05,0.0008345493,-3.3357705e-05,0.0017502063,0.00038817854,-0.00010310778,-5.554642e-05
500.0,-240.0,278.0,39.75699,2.8254023,-0.23777357,0.0011712357,3.33549,37.506927,1.8673996e-05,0.0007726682,0.0002341051,0.0013361115,0.00024943476,-8.099863e-05,0.00010236258
500.0,-240.0,298.0,39.799072,2.7343502,-0.5171356,0.0011366181,2.6577451,35.798267,1.5890844e-05,0.00075465185,0.00034903237,0.0011696368,0.00019637405,-7.474506e-05,0.0001764033
500.0,-240.0,318.0,39.84671,2.597642,-0.7532353,0.0011190751,2.1453018,33.81454,1.4536414e-05,0.0007473386,0.00043961944,0.0010514909,0.00016461642,-8.043321e-05,0.00021586899
500.0,-240.0,338.0,39.899075,2.4381442,-0.9428943,0.0011121081,1.7814822,31.61507,1.3918179e-05,0.00074584526,0.00049105485,0.000987645,0.00014474338,-8.7387816e-05,0.00023152235
500.0,-240.0,358.0,39.95385,2.252155,-1.0816606,0.0011073503,1.4558097,29.282564,1.4584261e-05,0.0007477066,0.0005540523,0.000920497,0.00014039535,-9.1656366e-05,0.00026193805
500.0,-240.0,378.0,40.014854,2.0773335,-1.1858892,0.0011037474,1.1828606,26.854475,1.546822e-05,0.0007503464,0.00058750913,0.0008699357,0.00013311233,-9.768717e-05,0.00026829098
500.0,-240.0,398.0,40.075314,1.9057808,-1.2563038,0.0011008836,0.95993495,24.409256,1.6632854e-05,0.00075356755,0.0006202869,0.000828156,0.0001273479,-0.00010842172,0.00027875064
500.0,-240.0,418.0,40.138496,1.7418026,-1.3004017,0.0010987441,0.79220426,21.987011,1.8201506e-05,0.00075851893,0.0006472601,0.0007920039,0.00012301077,-0.000114200855,0.00028659537
500.0,-240.0,438.0,40.196243,1.5899371,-1.3230143,0.001097115,0.66518587,19.619875,1.9857996e-05,0.0007637142,0.0006726652,0.00075801386,0.000119011376,-0.00012103291,0.0002900972
500.0,-240.0,488.0,40.334,1.248349,-1.3258188,0.001094546,0.48264858,14.090379,2.2401591e-05,0.00077455473,0.0006839464,0.00073146896,0.000100437275,-0.00012160678,0.0002972493
500.0,-240.0,538.0,40.453625,0.9822994,-1.2405322,0.0010927656,0.3552333,9.229458,3.008107e-05,0.000797063,0.00076818786,0.00061413186,0.0001001467,-0.0001413454,0.0002840115
500.0,-220.0,28.0,36.197243,-1.3538576,-0.3176906,7.825396,1082.0382,61.35516,0.006638679,5.496149,4.8855543,5.382876,0.20714231,-2.1936204,-0.78139025
500.0,-220.0,38.0,38.180286,-0.1640341,-0.43872947,4.138352,623.7258,59.986683,0.0066357963,2.802951,2.5768123,2.8948143,-0.4323309,-0.81875485,-0.72009337
500.0,-220.0,58.0,40.17016,1.4856186,-0.47009832,1.6635602,458.835,57.93701,0.0035882294,1.1292033,1.1796604,1.0287138,-0.15234053,-0.34298086,-0.13663687
500.0,-220.0,78.0,40.66229,1.6149622,-0.021550285,0.30110222,190.36266,56.528244,0.0015789971,0.19729921,0.27820235,0.12801187,0.046631217,0.042768467,0.020047318
500.0,-220.0,98.0,40.029907,1.4110214,0.40173057,0.14499167,144.94344,54.86506,0.0009996151,0.0926666,0.14124411,0.055399146,0.024567086,0.026743997,0.005899597
500.0,-220.0,118.0,39.61489,1.34012,0.7955964,0.05858661,114.67334,53.023907,0.0005109909,0.037285548,0.059241377,0.020353852,0.008976599,0.0055146585,-0.0056356513
500.0,-220.0,138.0,39.468445,1.4930967,1.1181778,0.025736043,86.56046,50.99811,0.00029767625,0.016376868,0.025685377,0.00930095,0.004060058,0.00042820862,-0.008389126
500.0,-220.0,158.0,39.434887,1.8115116,1.3035414,0.014135372,67.35032,49.127403,0.00020995458,0.008991723,0.011966214,0.0072656376,0.0026488584,-0.0002275173,-0.008067768
500.0,-220.0,178.0,39.435715,2.2048402,1.3212014,0.008601088,50.267708,47.568996,0.0001713006,0.0054492573,0.004855384,0.0068880133,0.002176048,-0.00027149662,-0.006932647
500.0,-220.0,198.0,39.45222,2.5939925,1.1741539,0.0049278066,33.569176,46.392136,0.00014671659,0.0030558696,0.0002525549,0.006541375,0.0019753498,-0.00032600644,-0.0053178314
500.0,-220.0,218.0,39.489277,2.9166565,0.88850117,0.002424191,16.97939,45.49907,0.00014079548,0.0013976804,-0.002952261,0.0064124167,0.0020292113,-0.00039745565,-0.003764902
500.0,-220.0,238.0,39.529804,3.1328452,0.507365,0.0016742671,11.181055,44.66331,9.60849e-05,0.00095473905,-0.0027338169,0.0051371306,0.001481519,-0.00030366512,-0.0013965581
500.0,-220.0,258.0,39.571156,3.1989088,0.0896482,0.0013726912,7.627502,43.61158,5.587324e-05,0.0008213355,-0.0013204473,0.0032473062,0.0008555482,-0.00020932712,-1.6810367e-05
500.0,-220.0,278.0,39.616425,3.150822,-0.30787218,0.0012121218,5.128365,42.171314,3.1741216e-05,0.00075975846,-0.00033139577,0.0019951346,0.0004818304,-0.00015744712,0.00031948302
500.0,-220.0,298.0,39.66782,3.0126948,-0.6508125,0.0011567335,3.8552127,40.289124,2.3179444e-05,0.00074385386,8.22944e-05,0.0014875818,0.00032757747,-0.00013190297,0.00038548332
500.0,-220.0,318.0,39.72612,2.8195856,-0.9238868,0.0011317476,3.023949,38.035152,1.894283e-05,0.00074073,0.00031661885,0.0012066767,0.0002428979,-0.00012008902,0.00038229168
500.0,-220.0,338.0,39.79098,2.6101654,-1.130253,0.0011198396,2.384306,35.510456,1.6147886e-05,0.00074121315,0.00048501714,0.0010135691,0.00018675979,-0.00011504258,0.00036279965
500.0,-220.0,358.0,39.855404,2.3796756,-1.275281,0.0011126945,1.8969193,32.815025,1.4958755e-05,0.0007435611,0.00056539325,0.00093236327,0.00015564766,-0.00011313202,0.0003295681
500.0,-220.0,378.0,39.92722,2.1675012,-1.3747339,0.001107142,1.475257,30.028923,1.4522459e-05,0.0007448091,0.0006146727,0.0008542602,0.00013459708,-0.00010734559,0.0002993881
500.0,-220.0,398.0,39.998436,1.9673239,-1.4359356,0.0011032781,1.1616365,27.247778,1.5176188e-05,0.00074756204,0.0006541371,0.0008041433,0.00012321504,-0.00011463313,0.00029344708
500.0,-220.0,418.0,40.07077,1.7814215,-1.4677348,0.0011003012,0.9234778,24.516,1.6604285e-05,0.0007520284,0.00068148796,0.00076643575,0.0001193298,-0.00011830273,0.00029399537
500.0,-220.0,438.0,40.136696,1.6116197,-1.4764923,0.0010981906,0.7538804,21.86751,1.824218e-05,0.00075712457,0.00070788484,0.00073120964,0.00011507705,-0.00012597622,0.00029365628
500.0,-220.0,488.0,40.290585,1.2394649,-1.4257193,0.0010948213,0.49791032,15.746919,2.1892254e-05,0.0007710381,0.00077998644,0.0006386002,9.79158e-05,-0.00013039511,0.0002844236
500.0,-220.0,538.0,40.42119,0.9627204,-1.3343399,0.0010930299,0.37237075,10.4257345,2.8778013e-05,0.0007918733,0.0007938919,0.0006023764,9.3652925e-05,-0.00014788385,0.00028095202
500.0,-200.0,28.0,33.599545,-0.845691,-0.15187936,13.9223585,1716.2211,69.205124,0.0061068535,9.424831,9.073853,9.465875,1.311654,-4.0179267,-0.78188366
500.0,-200.0,38.0,38.629658,0.211953,-0.26528263,5.0646396,1050.8384,69.832016,0.0047133584,3.4512694,3.1895313,3.4713159,0.32363108,-1.434693,-0.4929738
500.0,-200.0,58.0,40.63443,1.2484807,-0.32982984,0.5517779,292.6129,67.22665,0.0018716697,0.3671131,0.40325117,0.3327784,0.029889168,-0.018505834,-0.047863528
500.0,-200.0,78.0,40.204777,1.1293445,-0.0113029005,0.45326298,376.73203,63.855762,0.0012058957,0.30479765,0.35239673,0.25131205,0.08699704,0.03516803,0.0074303844
500.0,-200.0,98.0,39.378284,0.9030148,0.5319299,2.4300752,958.566,60.989906,0.0020034916,1.6795535,1.7192975,1.4925641,0.45735735,0.08186082,-0.054740142
500.0,-200.0,118.0,38.690876,0.89163035,1.1662147,5.068297,1274.0946,58.184002,0.0033135908,3.4833646,3.4998682,3.1752706,1.1113709,0.046319053,-0.23884396
500.0,-200.0,138.0,38.67346,1.1716677,1.6819124,4.708096,1212.9232,55.525715,0.003191024,3.18895,3.1850817,3.0188107,1.0362674,-0.06672099,-0.32689476
500.0,-200.0,158.0,39.127018,1.6636593,1.8938506,1.588236,755.9582,53.424965,0.0017418395,1.0849088,1.0515518,1.0485147,0.33132386,-0.044853125,-0.17396444
500.0,-200.0,178.0,39.335648,2.2544198,1.842622,0.12086032,213.69278,51.603634,0.00051553297,0.08173065,0.07311853,0.087862276,0.02443368,-0.0015642768,-0.038994025
500.0,-200.0,198.0,39.319542,2.8382244,1.613829,0.0081672855,68.20148,50.427498,0.00011811577,0.0050891847,0.0020279924,0.009252422,0.0012302824,-4.1417316e-05,-0.006483926
500.0,-200.0,218.0,39.336815,3.3044634,1.2066644,0.0036327213,38.591324,49.82356,9.4228184e-05,0.0021655343,-0.0018720899,0.007003383,0.0014200336,-0.000111956164,-0.0036016982
500.0,-200.0,238.0,39.361492,3.5949485,0.6617816,0.0021131313,20.912542,49.42067,0.00010203262,0.0010998817,-0.0041584545,0.0072976626,0.0017445271,-0.00023215945,-0.0018384102
500.0,-200.0,258.0,39.402065,3.6629791,0.07769465,0.0015291825,13.073584,48.67168,0.000112042995,0.00067550864,-0.004951478,0.0073421746,0.0020076002,-0.00043418392,0.0003720546
500.0,-200.0,278.0,39.45487,3.5488815,-0.4447922,0.0012695071,7.6283402,47.254673,5.4190674e-05,0.00069719617,-0.0015361301,0.003380091,0.0009307008,-0.00031901393,0.0009774384
500.0,-200.0,298.0,39.517742,3.3299785,-0.85593987,0.0011874735,5.507177,45.165474,3.6945024e-05,0.0007089315,-0.00044186314,0.0021098827,0.0005784188,-0.00025502386,0.00093646755
500.0,-200.0,318.0,39.58657,3.0606127,-1.1608471,0.0011506537,4.2534637,42.562855,2.9271594e-05,0.000719077,5.0851784e-05,0.001533885,0.00041128168,-0.0002142448,0.0007847075
500.0,-200.0,338.0,39.66811,2.775244,-1.3753158,0.0011318518,3.2491336,39.631283,2.2286633e-05,0.0007299343,0.00039093837,0.0011434891,0.0002754215,-0.00018735579,0.0006283
500.0,-200.0,358.0,39.745003,2.4940424,-1.515436,0.0011199506,2.4659486,36.513924,1.7866447e-05,0.0007368467,0.0005572469,0.00096063287,0.00020092889,-0.0001611036,0.00047765078
500.0,-200.0,378.0,39.829697,2.2409525,-1.6005949,0.0011113386,1.8291795,33.326393,1.4945864e-05,0.0007396878,0.0006493795,0.0008332324,0.0001480193,-0.0001295074,0.0003626647
500.0,-200.0,398.0,39.913326,2.009811,-1.64342,0.0011058185,1.3838688,30.17115,1.4310402e-05,0.0007422394,0.0006934242,0.00077550433,0.00012308793,-0.00012359876,0.00031559446
500.0,-200.0,418.0,39.995064,1.8012122,-1.656459,0.0011020165,1.0705893,27.099184,1.5207829e-05,0.00074628915,0.0007216378,0.00073559844,0.00011412409,-0.00012338808,0.00030090465
500.0,-200.0,438.0,40.07092,1.6157366,-1.6465838,0.001099387,0.853462,24.143583,1.6763734e-05,0.00075131503,0.00074458035,0.00070242136,0.00010901238,-0.00013024053,0.00029459898
500.0,-200.0,488.0,40.244453,1.2179991,-1.5479424,0.0010954894,0.55463856,17.40025,2.022707e-05,0.0007653489,0.00079861906,0.00062633527,9.272092e-05,-0.00013267914,0.00028452414
500.0,-200.0,538.0,40.388153,0.93881166,-1.4343454,0.0010933477,0.39491937,11.632548,2.7068543e-05,0.0007871058,0.0008067029,0.000578037,8.837247e-05,-0.00015223044,0.00027601313
500.0,-180.0,28.0,29.404137,-0.7362805,-0.14066201,18.100822,1812.9142,77.479645,0.007595046,12.176015,12.165678,11.964726,2.0217333,-5.131129,-0.7846853
500.0,-180.0,38.0,35.635777,0.353113,-0.0020302534,11.299656,1501.2482,78.50692,0.0062910304,7.7051973,7.6692786,7.278833,1.832201,-3.0851173,-0.67198694
500.0,-180.0,58.0,37.149273,1.0035099,0.5761888,11.136022,1465.0089,76.791794,0.007559819,7.367688,7.995457,6.851472,3.0994174,1.6166005,-0.48996258
500.0,-180.0,78.0,32.84199,0.38942882,1.428992,24.576216,1516.1471,68.21701,0.016228868,15.970954,18.272469,14.91812,7.200535,2.8797276,-1.4269757
500.0,-180.0,98.0,29.79588,0.07435868,2.3915362,34.74781,1497.8312,63.935646,0.023225369,22.529844,26.017988,20.861616,10.963453,2.5250983,-2.8661916
500.0,-180.0,118.0,28.222057,0.23194961,3.2906506,42.426254,1482.767,59.58047,0.028646287,27.569977,30.978277,26.19753,13.916339,0.87007856,-4.1564484
500.0,-180.0,138.0,28.165539,0.85919565,3.8004725,46.06262,1476.685,55.332775,0.031235,30.064344,32.228336,29.849476,15.246931,-1.1430271,-4.4879
500.0,-180.0,158.0,29.3462,1.7175574,3.8564966,44.07761,1474.6132,52.838516,0.029941095,28.62845,29.709654,29.833048,14.508539,-2.491408,-3.788856
500.0,-180.0,178.0,31.275826,2.5466192,3.5250013,36.45737,1473.3074,52.268284,0.024798727,23.382748,23.962336,25.567324,11.982024,-2.6867216,-2.6301413
500.0,-180.0,198.0,33.662792,3.2495003,2.8863478,25.061604,1475.5819,52.43327,0.017017221,15.864586,16.309048,17.960566,8.30005,-2.2767377,-1.586279
500.0,-180.0,218.0,36.77914,3.931478,2.0527346,10.5062275,1397.3541,53.651207,0.0073248716,6.7087913,6.601335,7.7282386,3.203869,-1.2413943,-0.6853986
500.0,-180.0,238.0,39.14898,4.2878065,0.90417,0.24001263,285.1856,54.588898,0.00048976456,0.16108721,0.10872756,0.21323498,0.031881817,-0.011436062,-0.01715489
500.0,-180.0,258.0,39.201668,4.289175,0.0015020944,0.0018749986,24.397272,54.092552,7.719197e-05,0.0008670739,-0.0044063516,0.0072982097,0.0017013474,-0.00032747572,0.0010873488
500.0,-180.0,278.0,39.26625,4.0392933,-0.6837749,0.001389271,13.120956,52.78446,0.00010574814,0.0004525661,-0.0047818124,0.007100521,0.0021579477,-0.0007846214,0.0033914535
500.0,-180.0,298.0,39.34781,3.6754136,-1.1718742,0.0012412341,8.333508,50.414883,6.738208e-05,0.00058065844,-0.001572784,0.0034729964,0.0012007556,-0.0006144259,0.002586741
500.0,-180.0,318.0,39.431637,3.2922587,-1.4854208,0.0011796758,5.972891,47.361256,4.8051166e-05,0.00065086957,-0.00028331717,0.0019938222,0.0007362905,-0.00046411093,0.001757736
500.0,-180.0,338.0,39.53612,2.926546,-1.6869968,0.0011456168,4.2239633,43.93833,3.0948144e-05,0.000703299,0.00034408286,0.0012441436,0.00041074032,-0.00030664416,0.0011118995
500.0,-180.0,358.0,39.630634,2.5847487,-1.8038437,0.0011273173,3.0052185,40.327175,2.1670507e-05,0.0007253036,0.0005792867,0.0009457908,0.00025103704,-0.00023372633,0.0007001398
500.0,-180.0,378.0,39.73068,2.2870502,-1.8605906,0.0011158142,2.1940205,36.68793,1.6616983e-05,0.00073389296,0.00069846836,0.0007988369,0.00016449668,-0.00016876512,0.0004623997
500.0,-180.0,398.0,39.828922,2.0256176,-1.8750335,0.0011085756,1.616754,33.12471,1.4367214e-05,0.0007383298,0.0007416108,0.0007367281,0.00012091674,-0.00014227894,0.00035058038
500.0,-180.0,418.0,39.922264,1.7957935,-1.8606944,0.0011038946,1.2292969,29.68867,1.44696705e-05,0.0007424525,0.0007650445,0.0006998008,0.00010460523,-0.00013291743,0.00030919764
500.0,-180.0,438.0,40.00861,1.5949101,-1.8263975,0.0011008471,0.97651887,26.411903,1.5584445e-05,0.00074715033,0.00078728923,0.00066687656,9.6524e-05,-0.00013612922,0.00029365552
500.0,-180.0,488.0,40.20039,1.1862003,-1.6924909,0.0010959641,0.5803397,19.025503,2.0330262e-05,0.0007629584,0.0008429914,0.00058523857,8.891455e-05,-0.00014539572,0.0002619093
500.0,-180.0,538.0,40.355156,0.90345067,-1.534782,0.0010936593,0.4162493,12.865943,2.6021755e-05,0.00078282243,0.00084903406,0.00055226655,8.050246e-05,-0.00015608165,0.00025864926
500.0,-160.0,28.0,22.66939,-1.3092166,-0.23234877,14.526165,1460.0219,83.96121,0.009213542,9.083761,10.800127,8.996098,2.370116,-3.317177,-1.0134535
500.0,-160.0,38.0,26.252369,-0.4663497,0.32511175,18.137486,1629.2174,85.601524,0.008739514,12.078625,13.422998,10.756332,4.734742,-2.8751025,-0.75401115
500.0,-160.0,58.0,28.20939,-0.26044545,2.1751163,20.217798,1437.1414,84.79684,0.012695047,13.494132,15.693981,11.163004,6.5423727,1.2347113,-0.11973793
500.0,-160.0,78.0,25.202555,-1.1512933,3.857715,23.916313,1243.901,75.17274,0.019196942,15.1396,19.783188,12.858774,6.516441,2.9692633,-1.4354066
500.0,-160.0,98.0,22.409307,-1.4158132,5.1945605,29.87191,1131.0032,66.98208,0.026429359,18.229527,24.2528,17.334473,7.03905,2.7263596,-3.7288105
500.0,-160.0,118.0,20.736528,-0.7147257,5.769159,36.10153,1084.8726,59.13834,0.033288993,21.575481,26.76231,23.615896,8.468122,1.3880787,-4.9124956
500.0,-160.0,138.0,20.441547,0.46318787,5.591601,41.979248,1102.2848,52.71691,0.0380907,25.4286,28.789057,29.587774,10.444429,-0.8606314,-4.537926
500.0,-160.0,158.0,21.428333,1.6523796,5.0412264,46.25643,1148.258,49.282055,0.04029297,28.279476,30.665272,33.41801,12.134142,-2.9742107,-3.372313
500.0,-160.0,178.0,23.240805,2.6578329,4.3441677,46.412994,1188.5667,49.02568,0.039064832,28.297707,30.46277,33.92186,12.508209,-3.9161315,-2.1539614
500.0,-160.0,198.0,25.458035,3.4370313,3.5023618,42.064262,1227.9517,50.69555,0.034276325,25.357721,27.470129,31.191782,11.435291,-4.1335616,-1.3169894
500.0,-160.0,218.0,28.406996,4.187437,2.5281904,35.053154,1307.4502,53.51734,0.02683542,21.138334,22.849207,26.070929,9.427956,-5.019428,-1.0420705
500.0,-160.0,238.0,33.31554,5.235926,1.474426,22.087059,1420.9983,56.880356,0.015557588,13.595209,13.972974,16.588575,5.5330133,-4.726055,-0.6638588
500.0,-160.0,258.0,38.857967,5.2462554,-0.20276992,0.44834483,424.08664,60.118095,0.00053964136,0.3021767,0.2197577,0.38270265,0.041162442,-0.041469984,0.031148605
500.0,-160.0,278.0,39.047283,4.6130133,-1.1160595,0.0015609178,19.579779,58.730984,8.0259095e-05,0.00050974527,-0.0037437547,0.006327853,0.0019473969,-0.00087909907,0.004640917
500.0,-160.0,298.0,39.163013,4.026492,-1.6278191,0.0013079054,11.996094,55.954063,0.00010439064,0.00032909878,-0.0025952272,0.004865989,0.0020676015,-0.0012803572,0.0059270635
500.0,-160.0,318.0,39.275665,3.5012348,-1.9313669,0.0012074037,7.655598,52.33705,6.522526e-05,0.00053757924,-0.00033429835,0.002205406,0.0010420681,-0.0008885789,0.0032035985
500.0,-160.0,338.0,39.398754,3.033919,-2.078911,0.0011616539,5.1200447,48.325043,3.9668063e-05,0.00065621437,0.0004897172,0.0011744704,0.00055693486,-0.0004875952,0.0017116349
500.0,-160.0,358.0,39.515285,2.6304934,-2.143349,0.0011346583,3.5105345,44.176903,2.5459205e-05,0.00070412375,0.00069674896,0.0008543537,0.0003037916,-0.00032055427,0.00095082185
500.0,-160.0,378.0,39.632412,2.2926946,-2.1556792,0.0011197635,2.487845,40.046677,1.7908498e-05,0.00072541577,0.0007808387,0.00073276256,0.00017946864,-0.00021152808,0.0005601107
500.0,-160.0,398.0,39.74563,2.0049458,-2.1322725,0.0011109441,1.8222069,36.051235,1.4497631e-05,0.0007331972,0.0008010525,0.0006870797,0.00012450595,-0.00016244141,0.00038819175
500.0,-160.0,418.0,39.849655,1.7595448,-2.0844622,0.0011054435,1.3691791,32.236523,1.3799032e-05,0.0007380611,0.0008136833,0.00065862935,0.00010231418,-0.00014181837,0.00031503683
500.0,-160.0,438.0,39.94587,1.5477077,-2.0211847,0.0011019158,1.0711219,28.628735,1.4588206e-05,0.0007427291,0.0008259348,0.00063471746,9.270619e-05,-0.00014067919,0.00028745556
500.0,-160.0,488.0,40.157818,1.1323228,-1.8359978,0.0010966538,0.6442481,20.59441,1.9105266e-05,0.0007582567,0.0008456952,0.0005888239,8.465029e-05,-0.000150434,0.00026119867
500.0,-160.0,538.0,40.325268,0.85070693,-1.6289474,0.0010939353,0.43675628,13.979878,2.4528188e-05,0.00077778054,0.0008813366,0.0005204319,7.1795555e-05,-0.00015820994,0.00023870192
500.0,-140.0,28.0,27.790009,-3.061798,0.6073956,8.793734,1326.4937,88.92873,0.005134305,5.5175505,6.662787,5.4187245,-2.4990141,0.63546014,-0.5981893
500.0,-140.0,38.0,26.253252,-2.4463286,1.1173139,10.816199,1175.5809,89.325294,0.007418185,6.517257,8.761815,6.318302,-2.9179993,0.9172804,-0.4959892
500.0,-140.0,58.0,24.438795,-2.9504538,2.975659,20.482697,1138.4521,87.747856,0.017947072,12.14355,19.48686,9.191738,-1.5495802,1.7622541,0.08985284
500.0,-140.0,78.0,21.814299,-3.5514808,5.2031646,31.063856,1089.2532,75.189095,0.028515123,18.850914,27.359299,16.004261,1.8070023,3.8487418,-0.48887205
500.0,-140.0,98.0,19.405586,-2.855625,6.145408,34.52016,941.2233,61.96123,0.03669239,20.113846,27.047594,21.865568,2.8869298,3.5865192,-0.94133574
500.0,-140.0,118.0,17.860703,-1.2927269,6.0403566,34.717335,833.37006,51.290596,0.041675944,19.690266,24.654293,24.996479,2.6156836,2.1516774,-0.66832703
500.0,-140.0,138.0,17.142134,0.39103392,5.412785,34.99148,804.6888,44.61831,0.04350058,20.106432,23.353365,26.552208,3.0259047,0.42112803,-0.02014663
500.0,-140.0,158.0,17.351707,1.7692177,4.6323895,36.644,846.5277,42.29721,0.043298654,21.479443,23.874237,27.891178,4.691346,-1.5873926,0.50781906
500.0,-140.0,178.0,18.45175,2.8019505,3.8284214,38.27419,912.82196,43.423954,0.041933622,22.56305,24.909502,28.963987,6.5170507,-3.0403926,0.8116217
500.0,-140.0,198.0,20.188356,3.5963109,2.952451,37.792645,976.3786,46.869053,0.03871338,22.093252,24.583345,28.88012,7.3355093,-3.9526231,0.8582734
500.0,-140.0,218.0,22.837523,4.400831,1.8909961,35.91585,1077.5531,51.775654,0.03334555,21.010376,23.090258,27.846294,6.8163557,-5.9807706,0.39761665
500.0,-140.0,238.0,27.84205,5.669725,0.64659613,31.879574,1274.987,57.460506,0.025033236,19.28537,20.055046,24.512842,4.956969,-8.355321,-0.13805808
500.0,-140.0,258.0,35.833874,6.733621,-0.75132835,11.645944,1420.6079,64.10339,0.008158606,7.3991866,6.8883553,9.098774,1.3502111,-3.5273912,0.7813263
500.0,-140.0,278.0,38.793713,5.184763,-1.8851275,0.0016751606,27.885195,64.88619,6.0165657e-05,0.0006016275,-0.0019085794,0.0046250215,0.0015945245,-0.001014271,0.005835665
500.0,-140.0,298.0,38.952866,4.3106513,-2.2950566,0.0013656027,15.431297,61.557583,8.858539e-05,0.00031266018,-0.00097613095,0.0033936964,0.0018828089,-0.0013544757,0.006815622
500.0,-140.0,318.0,39.112152,3.620724,-2.4825187,0.001231118,8.946427,57.302498,7.631906e-05,0.00043548923,0.00037786202,0.0016599852,0.0012718565,-0.0011999641,0.004691943
500.0,-140.0,338.0,39.25741,3.0644724,-2.543661,0.0011694506,5.7098036,52.66227,4.353259e-05,0.0006148269,0.00085330487,0.0008716116,0.0005968774,-0.0006491671,0.0021693518
500.0,-140.0,358.0,39.394943,2.6109426,-2.5340996,0.0011375243,3.7007334,47.93626,2.5364612e-05,0.0006908461,0.0008931949,0.0006792378,0.00030308127,-0.00037021269,0.0010617238
500.0,-140.0,378.0,39.529716,2.2424614,-2.4828215,0.0011225301,2.6754987,43.30505,1.848391e-05,0.000715799,0.0009041488,0.00062448723,0.00018297396,-0.0002498764,0.00061568886
500.0,-140.0,398.0,39.658733,1.9369278,-2.4048486,0.001112964,1.9688299,38.871937,1.4808508e-05,0.0007279904,0.00088248955,0.0006148222,0.00012165283,-0.00018641991,0.0004082854
500.0,-140.0,418.0,39.776188,1.6827142,-2.3134716,0.0011069361,1.485907,34.677086,1.366692e-05,0.00073462864,0.00087100634,0.00060766446,9.4185714e-05,-0.00015683893,0.0003140755
500.0,-140.0,438.0,39.884014,1.4704133,-2.216645,0.0011029806,1.1525764,30.740555,1.4203495e-05,0.0007397224,0.0008680708,0.0005976948,8.268713e-05,-0.00015079243,0.00027558248
500.0,-140.0,488.0,40.114735,1.0512251,-1.9767126,0.0010969993,0.66886026,22.076174,1.8121586e-05,0.0007546553,0.00088769535,0.0005516639,7.146133e-05,-0.00015511859,0.0002384445
500.0,-140.0,538.0,40.296688,0.7825529,-1.7193923,0.0010941795,0.4536874,15.01323,2.3879069e-05,0.0007747433,0.0009067203,0.00049516954,6.575542e-05,-0.00016323973,0.00021549367
500.0,-120.0,28.0,34.13307,-4.3868804,0.68578196,5.3746223,939.60974,96.438644,0.0056875357,3.5037446,4.3042126,3.0407493,-1.1174726,0.34931546,-0.0038892494
500.0,-120.0,38.0,32.07445,-4.587167,1.4200776,15.901211,1384.5117,96.08758,0.011389551,10.201188,13.163336,8.3273,-1.2938708,3.4092128,0.4125386
500.0,-120.0,58.0,24.900824,-5.660359,3.5378082,42.98253,1462.5599,88.36307,0.02941822,27.95437,33.927956,23.710835,3.9418082,9.354014,0.6467822
500.0,-120.0,78.0,20.299116,-5.136783,4.395237,47.50083,1122.7009,69.18134,0.04235312,29.16846,34.854137,31.177269,4.1105037,6.354962,1.624834
500.0,-120.0,98.0,18.4149,-3.4781249,4.0852714,45.304806,913.3422,53.380104,0.049611084,26.042614,31.262295,33.148434,0.78728724,2.8784108,3.1094782
500.0,-120.0,118.0,17.539371,-1.4918973,3.426986,41.40068,822.3029,41.627037,0.050344143,23.89607,27.921736,31.003344,-1.621883,1.6862204,4.026303
500.0,-120.0,138.0,16.825676,0.362879,2.8158684,36.79046,767.43317,35.613,0.04793822,21.817307,24.83598,27.047964,-1.8561884,1.1895192,4.24811
500.0,-120.0,158.0,16.387636,1.8226078,2.3385847,33.155617,741.42535,34.869442,0.044718206,19.946909,22.242949,24.176167,-0.50825334,0.13698009,3.9756317
500.0,-120.0,178.0,16.560669,2.9029822,1.8303936,31.183332,755.16656,37.760357,0.04129346,18.538197,20.554909,23.212482,1.2510239,-1.30091,3.6291695
500.0,-120.0,198.0,17.614792,3.7625415,1.1089833,30.474321,809.4257,43.145645,0.037652776,17.78134,19.585848,23.645344,2.17345,-3.1872156,3.200653
500.0,-120.0,218.0,20.22028,4.743607,0.01680389,31.69662,949.74695,50.145996,0.033384807,18.67773,19.565985,25.473173,1.4720964,-6.6996217,2.3487015
500.0,-120.0,238.0,25.842644,6.2794876,-1.4074708,32.554634,1219.3635,58.49131,0.026725836,20.121166,19.684015,25.611893,0.08259145,-10.143909,1.3073746
500.0,-120.0,258.0,34.65895,7.512018,-2.6854107,14.785341,1428.1713,68.71879,0.010343279,9.529751,9.369763,10.763522,-0.16752563,-5.04589,1.4923089
500.0,-120.0,278.0,38.53329,5.517582,-3.040728,0.0017045263,31.176222,70.687546,4.9516882e-05,0.000617559,0.0006419906,0.0021631983,0.0012521787,-0.0011850006,0.006576907
500.0,-120.0,298.0,38.741806,4.405767,-3.1517882,0.0014584294,16.575878,66.8924,8.867517e-05,0.0002578111,0.0014105486,0.0012749003,0.0016906827,-0.0019028232,0.008216071
500.0,-120.0,318.0,38.938824,3.6007092,-3.1421885,0.001215319,8.368509,62.021515,5.9520797e-05,0.00045385383,0.0014631788,0.0005360543,0.00093822146,-0.001112,0.0041396026
500.0,-120.0,338.0,39.115757,2.98718,-3.065459,0.0011670708,5.4201813,56.76868,3.5690777e-05,0.000617079,0.0013041103,0.00042027954,0.00045849354,-0.00061555876,0.0019153832
500.0,-120.0,358.0,39.280453,2.5028548,-2.947617,0.0011393795,3.8262231,51.47877,2.486761e-05,0.0006781992,0.0011434352,0.00044197906,0.0002678621,-0.00041965552,0.0010820128
500.0,-120.0,378.0,39.437866,2.1217382,-2.817698,0.0011241707,2.80455,46.36617,1.8496858e-05,0.0007079274,0.0010386179,0.0005010925,0.00016390687,-0.0002839737,0.00063129055
500.0,-120.0,398.0,39.58296,1.8144401,-2.6812675,0.0011140066,2.0850644,41.511765,1.4797841e-05,0.00072306284,0.00096540444,0.0005388779,0.00011093784,-0.0002062907,0.00041287355
500.0,-120.0,418.0,39.712196,1.5633829,-2.5433335,0.0011080195,1.5849507,36.952747,1.3383467e-05,0.0007312674,0.0009297088,0.00055446965,8.495683e-05,-0.00016877074,0.00030648414
500.0,-120.0,438.0,39.830395,1.3571448,-2.4061658,0.0011039181,1.2337562,32.70298,1.3543295e-05,0.00073682796,0.0009199477,0.00055058085,7.259221e-05,-0.0001567078,0.0002555909
500.0,-120.0,488.0,40.079388,0.94628644,-2.0744607,0.0010975776,0.7134022,23.43521,1.7284348e-05,0.0007520868,0.0009029337,0.0005398252,6.173376e-05,-0.00015633962,0.0002314694
500.0,-120.0,538.0,40.271416,0.69910884,-1.8038894,0.0010943839,0.467554,15.931512,2.2999555e-05,0.000771702,0.0009382887,0.00047487367,5.603278e-05,-0.00016622664,0.00019575137
500.0,-100.0,28.0,34.16784,-5.308034,0.41837224,11.673045,1517.2058,109.345894,0.00740908,8.875855,8.288193,6.320934,1.5851824,1.5444183,0.5925271
500.0,-100.0,38.0,29.639076,-6.07906,1.5369157,37.408836,1917.5673,105.92627,0.016878149,26.930473,26.157999,21.493618,5.636687,9.395633,1.4076278
500.0,-100.0,58.0,21.307737,-6.4148064,2.30948,56.478294,1388.7163,90.2231,0.040815704,36.342537,37.317303,38.868057,7.2303696,10.299074,3.330341
500.0,-100.0,78.0,19.036018,-5.2647567,1.4222516,55.782417,1018.8602,69.710304,0.054774493,32.17985,35.34102,43.95378,0.9520566,2.1025593,5.7791424
500.0,-100.0,98.0,19.143595,-3.423239,0.15851772,51.992435,939.8245,52.271748,0.055319373,29.485798,32.913895,41.31687,-4.8335805,-0.77252585,7.1030517
500.0,-100.0,118.0,19.165127,-1.4594703,-0.8198317,44.914577,905.36444,39.30867,0.049616724,27.07728,29.341064,33.3133,-6.451454,0.7363406,7.2935705
500.0,-100.0,138.0,18.354456,0.27177584,-1.212115,37.440937,854.2743,32.860947,0.043843128,23.782396,25.372345,25.658678,-5.2828116,1.9007964,6.487437
500.0,-100.0,158.0,17.297157,1.7450399,-1.3135625,31.887787,801.3016,31.854328,0.039811425,20.324862,21.56583,21.780281,-3.6776414,1.3581591,5.8825707
500.0,-100.0,178.0,16.885054,2.9612005,-1.5867645,29.111616,790.30066,35.260845,0.036856096,17.948286,19.004293,21.097042,-3.0507894,-0.60968304,5.779437
500.0,-100.0,198.0,17.94995,4.055959,-2.2882912,29.818333,873.15625,42.084507,0.034172546,18.036251,18.375578,23.136793,-3.9414113,-3.9505322,5.447888
500.0,-100.0,218.0,21.481524,5.3970504,-3.473569,33.598328,1084.7611,51.298462,0.03099588,20.859438,19.830393,26.600868,-5.581837,-8.403529,4.2841897
500.0,-100.0,238.0,28.196913,7.1083927,-4.7905283,30.848408,1349.8015,63.013325,0.02289545,19.923033,18.771915,23.110882,-5.0356164,-9.830227,2.560413
500.0,-100.0,258.0,36.896347,7.3365374,-5.053894,4.3230004,1147.8633,76.46754,0.003346443,2.9360847,3.230541,2.5211568,-0.40924466,-1.1261847,0.7032512
500.0,-100.0,278.0,38.290768,5.330392,-4.39554,0.0023217716,35.48987,75.80865,6.565407e-05,0.000746966,0.0046039196,-0.0007113287,0.0014353531,-0.001888962,0.008878655
500.0,-100.0,298.0,38.548897,4.2008357,-4.1031246,0.0012844008,11.298845,71.645004,6.7638495e-05,0.00021337578,0.0033287662,-0.00096090586,0.0012155839,-0.001676524,0.0064170607
500.0,-100.0,318.0,38.782696,3.3816938,-3.8428442,0.0012032668,7.4739513,66.2501,4.4116838e-05,0.0004908629,0.0022325031,-0.00030578306,0.00059943355,-0.0009903687,0.0030816973
500.0,-100.0,338.0,38.99291,2.7686567,-3.6008828,0.0011605256,5.1422276,60.46409,2.9873387e-05,0.0006146871,0.0016295887,7.972383e-05,0.0003481799,-0.00059359317,0.001597358
500.0,-100.0,358.0,39.177937,2.2957325,-3.371314,0.001139838,3.7780535,54.680977,2.2586544e-05,0.0006714498,0.0013536966,0.00024316099,0.00022352739,-0.00042568948,0.00096820836
500.0,-100.0,378.0,39.351765,1.9273101,-3.158054,0.0011243675,2.801695,49.13047,1.7296921e-05,0.00070215535,0.0011555613,0.0003902917,0.00014293796,-0.0002916044,0.00056921825
500.0,-100.0,398.0,39.509235,1.633722,-2.956681,0.0011150618,2.135546,43.89099,1.444379e-05,0.00071875966,0.0010491796,0.00046147965,9.9889774e-05,-0.00021899564,0.00038089568
500.0,-100.0,418.0,39.64973,1.3970354,-2.7678225,0.0011090039,1.6554497,38.99896,1.3195499e-05,0.0007281263,0.000991154,0.0004980929,7.632585e-05,-0.00018018136,0.00028118383
500.0,-100.0,438.0,39.77725,1.20154,-2.5905614,0.0011047055,1.2998679,34.462944,1.3083534e-05,0.00073434104,0.0009621977,0.0005123723,6.3809006e-05,-0.00016252023,0.000232248
500.0,-100.0,488.0,40.042995,0.8332478,-2.2044868,0.0010980025,0.75155544,24.645947,1.5984979e-05,0.000748831,0.00095005875,0.00049650884,5.092638e-05,-0.0001544442,0.00019480773
500.0,-100.0,538.0,40.24842,0.6046347,-1.8820333,0.0010945972,0.48481372,16.750507,2.2226714e-05,0.00077004306,0.00094829994,0.00045348267,4.8444395e-05,-0.00016880098,0.00016977567
500.0,-80.0,28.0,29.343555,-5.6824894,0.18801408,33.212536,1951.1857,120.4707,0.01576196,24.724232,22.004084,19.569756,4.4300632,8.660428,1.3287915
500.0,-80.0,38.0,23.78229,-6.160953,0.658732,54.254906,1826.3553,114.15265,0.02949472,37.641533,34.553955,35.977238,7.152357,13.93767,2.7490647
500.0,-80.0,58.0,18.963078,-5.8089614,-0.42679554,61.439125,1132.1594,97.067444,0.054356467,36.15209,35.329903,51.150566,3.7149513,4.8960876,5.504298
500.0,-80.0,78.0,19.60582,-4.589179,-2.584267,61.31909,1023.4807,81.06962,0.05991248,32.502224,34.85985,54.72027,-3.418171,-5.27547,7.605353
500.0,-80.0,98.0,21.942951,-2.8774743,-4.707108,52.499,1045.0818,63.7011,0.049287234,29.158188,30.804071,44.15811,-8.682458,-4.8078985,8.2278805
500.0,-80.0,118.0,22.903131,-1.2088958,-6.0612893,40.473717,1063.5331,48.752644,0.038080122,25.837217,25.368671,29.61104,-8.843013,0.21665038,7.8562694
500.0,-80.0,138.0,21.707691,0.28459325,-6.3446546,35.106186,1066.5325,39.747494,0.032940652,23.727364,22.738361,23.595156,-7.548805,2.0192285,6.9048905
500.0,-80.0,158.0,20.409962,1.8028904,-6.4361997,34.393223,1072.8998,36.433346,0.032075983,22.94572,22.094187,23.550728,-8.076786,0.58416355,7.100667
500.0,-80.0,178.0,20.521952,3.237532,-6.788572,35.67902,1127.6914,39.42553,0.03165578,23.37269,22.300814,25.447042,-9.711072,-2.4302695,7.243012
500.0,-80.0,198.0,22.795563,4.6721487,-7.475068,37.149372,1245.2032,47.58108,0.029858159,24.367731,22.584152,27.17387,-11.01396,-5.986019,6.279734
500.0,-80.0,218.0,27.57929,6.2479863,-8.286533,33.15379,1397.7108,59.776463,0.023751725,22.070513,20.450928,23.729021,-9.621253,-7.8970256,3.8944721
500.0,-80.0,238.0,34.674942,7.3394938,-8.360481,11.82862,1419.7234,74.93432,0.008217803,8.074015,8.673664,6.9575195,-2.9654865,-3.27682,0.9864525
500.0,-80.0,258.0,37.7529,5.9005637,-6.5787,0.013567677,48.445545,81.82504,0.00017979371,0.005867078,0.034699224,-0.01301313,0.003805934,-0.0062172157,0.025847448
500.0,-80.0,278.0,38.083626,4.637599,-5.635862,0.0013321369,13.714388,80.27756,6.385525e-05,-3.0136434e-06,0.0065762755,-0.0039203726,0.0010954185,-0.0021226902,0.0070156865
500.0,-80.0,298.0,38.386017,3.6811178,-4.998667,0.0012385133,8.805598,75.68681,4.0115287e-05,0.0003994041,0.0034392923,-0.0013639267,0.0005735853,-0.0011555669,0.0033287602
500.0,-80.0,318.0,38.649185,2.9597073,-4.5138173,0.001188218,6.6101074,69.84709,3.315892e-05,0.00052441633,0.0025078123,-0.0006556469,0.00038880354,-0.0008313976,0.0020769604
500.0,-80.0,338.0,38.880737,2.4095058,-4.1125937,0.001157784,4.8236694,63.6164,2.518787e-05,0.0006181019,0.0018506028,-0.0001553637,0.00024199391,-0.0005611251,0.0012056062
500.0,-80.0,358.0,39.086575,1.9845891,-3.7685947,0.0011378067,3.6920316,57.431973,2.0638243e-05,0.0006645224,0.0015044012,8.091552e-05,0.0001678418,-0.00042474488,0.0007874223
500.0,-80.0,378.0,39.27723,1.6542649,-3.470507,0.0011249051,2.799569,51.50682,1.6506896e-05,0.0006987271,0.0012632166,0.0002871017,0.00010876729,-0.00030200926,0.0004829691
500.0,-80.0,398.0,39.447884,1.3929865,-3.2059283,0.0011158156,2.1823444,45.936974,1.425695e-05,0.00071574975,0.0011281266,0.00038699832,7.812592e-05,-0.00023230637,0.00033240163
500.0,-80.0,418.0,39.598747,1.1842146,-2.968795,0.001109795,1.7138603,40.757427,1.309603e-05,0.0007259101,0.0010478058,0.00044518188,5.9812726e-05,-0.00019106593,0.00024462544
500.0,-80.0,438.0,39.73498,1.0148227,-2.754341,0.0011052818,1.3433214,35.972416,1.291106e-05,0.0007325645,0.0010049231,0.0004725327,4.88712e-05,-0.00017028117,0.00019365466
500.0,-80.0,488.0,40.016582,0.69063234,-2.294041,0.0010983093,0.76850194,25.67847,1.6137677e-05,0.00074776134,0.0009810054,0.00046751942,4.194811e-05,-0.00016221915,0.00014866743
500.0,-80.0,538.0,40.227264,0.5018338,-1.9529775,0.0010947709,0.49724716,17.543013,2.1705277e-05,0.00076802785,0.0009777249,0.00043913326,3.8724927e-05,-0.00017047505,0.0001410627
500.0,-60.0,28.0,24.809484,-5.0795813,-0.43706876,48.822544,1975.7952,131.47649,0.024012037,34.465885,29.97158,32.6562,4.6552634,13.86887,1.5508488
500.0,-60.0,38.0,20.32322,-5.1497917,-0.84070843,59.690224,1513.9719,125.60435,0.039647505,39.19052,34.287502,45.720398,5.0835614,13.231912,2.467396
500.0,-60.0,58.0,18.162935,-4.462913,-3.1288178,65.24067,1031.016,110.173904,0.063293055,35.83639,33.411472,61.461506,1.9122198,-0.9488869,4.056385
500.0,-60.0,78.0,20.811901,-3.2395864,-6.2590966,62.56941,1064.9529,102.07292,0.052807983,32.410572,32.776302,59.488132,-1.7556579,-10.589542,3.9918003
500.0,-60.0,98.0,25.451035,-1.6901797,-9.393597,44.71673,1098.7247,85.72394,0.038887497,24.12651,24.497398,40.723648,-3.6912565,-8.425229,4.2106256
500.0,-60.0,118.0,28.562733,-0.5051664,-11.566561,26.753773,1207.9252,69.34411,0.022165347,17.18986,15.645361,20.645462,-5.68914,-1.4161366,3.9798129
500.0,-60.0,138.0,28.058107,0.7699158,-12.190211,28.238457,1352.7435,57.03239,0.02090444,19.709768,17.262028,19.413925,-8.298964,0.48840678,4.161658
500.0,-60.0,158.0,27.665462,2.2970898,-12.434771,31.1318,1408.3105,51.81393,0.02214501,21.66549,19.232903,21.284597,-10.164885,-1.0724863,4.382149
500.0,-60.0,178.0,28.960754,3.824784,-12.650873,29.301353,1462.2932,54.853848,0.020077437,20.351055,18.335781,19.874405,-10.245431,-2.944186,3.6101754
500.0,-60.0,198.0,32.23581,5.2454567,-12.631757,18.971212,1481.757,64.582825,0.012758997,13.225033,12.571736,12.156,-6.7372203,-3.1241903,1.4210271
500.0,-60.0,218.0,36.36473,5.9351,-11.360026,2.404266,814.54956,77.810036,0.0023351687,1.670737,2.0823462,1.0882654,-0.49467748,-0.35977092,0.038225338
500.0,-60.0,238.0,37.183743,5.2957716,-9.234624,0.008662989,26.15027,84.96831,0.00012918779,0.0028544622,0.0318384,-0.017185848,0.0021244325,-0.0047114734,0.009985538
500.0,-60.0,258.0,37.57671,4.4515734,-7.7015324,0.0013602149,14.557122,86.75983,5.1955954e-05,2.8476934e-05,0.008615082,-0.005908435,0.00061424135,-0.0020013293,0.0044883694
500.0,-60.0,278.0,37.94189,3.623685,-6.5711927,0.0012703957,10.058378,84.06549,3.636215e-05,0.00033718435,0.0048747,-0.002668556,0.00040755872,-0.0012655096,0.002797912
500.0,-60.0,298.0,38.265545,2.92201,-5.72939,0.001217454,7.6710634,78.94846,3.0828243e-05,0.00047656125,0.0034224272,-0.001456195,0.00030601202,-0.0009366813,0.001933253
500.0,-60.0,318.0,38.549255,2.3611078,-5.0761504,0.0011808272,6.031578,72.72861,2.7299058e-05,0.0005616244,0.0026116131,-0.00080332416,0.00023292805,-0.0007223284,0.0013512478
500.0,-60.0,338.0,38.797226,1.9215317,-4.548485,0.0011557476,4.659762,66.15001,2.2905548e-05,0.00062525366,0.002012835,-0.00032354402,0.00016895529,-0.00053789763,0.0008864324
500.0,-60.0,358.0,39.017574,1.5765954,-4.107666,0.0011369579,3.5780184,59.631763,1.8810675e-05,0.00066876423,0.0016201846,-2.5494606e-05,0.00011609617,-0.00041135124,0.00057925144
500.0,-60.0,378.0,39.21917,1.3088553,-3.7375677,0.0011252682,2.7910783,53.41388,1.5845158e-05,0.0006961087,0.0013463852,0.00020726834,8.484183e-05,-0.00030652425,0.00037776504
500.0,-60.0,398.0,39.398865,1.0974237,-3.4188244,0.0011163943,2.2144358,47.581585,1.40498e-05,0.0007129697,0.0011928546,0.00032619268,6.343959e-05,-0.00024120111,0.00026594277
500.0,-60.0,418.0,39.55733,0.9286094,-3.1401458,0.0011102405,1.7444005,42.171352,1.285899e-05,0.0007238465,0.0010923513,0.0004035873,4.9127593e-05,-0.00019701199,0.00019424585
500.0,-60.0,438.0,39.70007,0.79020125,-2.8929107,0.0011055655,1.3705885,37.186073,1.2521949e-05,0.0007308425,0.001034979,0.0004447653,4.0580268e-05,-0.00017284419,0.00015562699
500.0,-60.0,488.0,39.992313,0.5398964,-2.395348,0.001098583,0.78986746,26.504362,1.5920981e-05,0.00074619334,0.0009949954,0.00045542224,3.5168014e-05,-0.00016699053,0.000119195596
500.0,-60.0,538.0,40.21052,0.38263947,-2.0127697,0.001094924,0.5082786,18.14173,2.1227455e-05,0.00076645985,0.0009873037,0.0004256302,2.9169212e-05,-0.00017211998,0.0001086496
500.0,-40.0,28.0,22.053722,-3.6769176,-1.1626128,55.130123,1817.6432,142.836,0.030412022,37.427513,31.706768,40.579254,3.174288,15.325453,0.90940046
500.0,-40.0,38.0,18.546268,-3.5452862,-2.0722353,61.80497,1304.2976,136.92015,0.047597308,38.709145,32.854855,52.13575,3.090636,11.586949,1.115762
500.0,-40.0,58.0,17.6074,-2.7799418,-4.8480043,65.64307,965.366,124.10679,0.067903124,34.79812,32.33944,64.80262,2.2022736,-3.5251267,0.28779462
500.0,-40.0,78.0,20.63013,-1.559158,-8.081084,61.021343,1013.38245,120.30956,0.053313687,31.021832,33.088512,57.666885,3.470183,-10.642396,-1.5403872
500.0,-40.0,98.0,25.145712,-0.4939315,-11.00183,46.87263,1045.9401,106.40746,0.04189099,24.347542,27.815899,42.358475,5.7368264,-9.125534,-2.184581
500.0,-40.0,118.0,29.308378,0.30497316,-13.320743,30.878397,1087.9044,91.207115,0.028399475,15.759621,19.800951,26.391115,5.61518,-5.4248095,-2.242372
500.0,-40.0,138.0,33.255524,1.331342,-15.006411,13.140884,1081.1547,79.84371,0.0121311415,6.755063,9.45968,10.145434,2.398798,-2.1968825,-1.4681741
500.0,-40.0,158.0,35.867035,2.749507,-15.24244,1.0576329,559.2838,75.67089,0.0018234652,0.65850276,0.8670174,0.61163896,-0.0020500068,-0.09353836,-0.17314656
500.0,-40.0,178.0,36.09007,3.5373397,-14.438568,0.15724702,148.477,76.5512,0.000811231,0.080410436,0.21957344,0.014823645,0.014422615,-0.0134225935,-0.053492337
500.0,-40.0,198.0,36.29189,3.817108,-13.089996,0.0067732325,30.675465,82.11228,0.00012725273,0.00072200294,0.028008964,-0.015090254,0.0022622,-0.0040598717,-0.0015386358
500.0,-40.0,218.0,36.671967,3.7586977,-11.453113,0.0015371982,18.972015,88.21321,5.700717e-05,-0.00024808862,0.0120203765,-0.008603534,0.0005524864,-0.002236019,0.0011607601
500.0,-40.0,238.0,37.078316,3.43431,-9.808275,0.0013773937,14.54469,91.32909,4.2202904e-05,8.53595e-05,0.008397932,-0.005674493,0.0003560122,-0.0016748585,0.001756967
500.0,-40.0,258.0,37.476395,2.962719,-8.36821,0.0013220006,12.432551,90.6653,4.180839e-05,0.00016943947,0.00708814,-0.0045855087,0.00034058958,-0.0015913899,0.0020778854
500.0,-40.0,278.0,37.844826,2.464681,-7.18959,0.001252161,9.0286,86.95377,3.087293e-05,0.0003966725,0.0045299516,-0.0024116745,0.0002353611,-0.0010797731,0.0014763341
500.0,-40.0,298.0,38.176445,2.014741,-6.248652,0.001216667,7.2864857,81.35717,2.836157e-05,0.0004990258,0.0035229255,-0.0015730199,0.00018769619,-0.0008776087,0.0011697027
500.0,-40.0,318.0,38.471016,1.6384715,-5.4929104,0.0011779587,5.6891236,74.82884,2.4296447e-05,0.0005827573,0.002652219,-0.00086415495,0.00013438502,-0.0006595366,0.0008185731
500.0,-40.0,338.0,38.730465,1.3355877,-4.877759,0.0011545966,4.5233717,67.99605,2.1345273e-05,0.0006319936,0.0021027143,-0.00041812815,0.000100442696,-0.0005165915,0.0005725742
500.0,-40.0,358.0,38.962482,1.0939671,-4.364992,0.0011367196,3.5041947,61.234768,1.7757313e-05,0.0006692777,0.0016767776,-9.7403885e-05,7.3610245e-05,-0.00040604328,0.0003886055
500.0,-40.0,378.0,39.173103,0.9059273,-3.9409971,0.0011255362,2.7865152,54.807858,1.5475423e-05,0.00069448975,0.0014092958,0.00014648249,5.1335017e-05,-0.00031185147,0.0002576713
500.0,-40.0,398.0,39.360466,0.75728154,-3.580286,0.0011166419,2.2238922,48.786022,1.3820124e-05,0.0007114426,0.0012390997,0.0002819549,3.7844937e-05,-0.0002467749,0.00018180907
500.0,-40.0,418.0,39.525356,0.6388103,-3.268957,0.0011104491,1.7569075,43.2078,1.2678899e-05,0.0007226501,0.0011250174,0.0003725114,2.9238532e-05,-0.00020141546,0.0001321439
500.0,-40.0,438.0,39.673515,0.5433378,-2.997475,0.0011056507,1.3734623,38.07549,1.236092e-05,0.0007297592,0.0010584685,0.00042251902,2.3708839e-05,-0.00017644715,0.00010138821
500.0,-40.0,488.0,39.977,0.36388233,-2.4502966,0.0010986621,0.7940085,27.111656,1.5851414e-05,0.00074534136,0.0010097243,0.00044193506,2.0175521e-05,-0.00017096932,7.778036e-05
500.0,-40.0,538.0,40.19791,0.26084396,-2.0545266,0.0010950447,0.51726073,18.622334,2.090735e-05,0.00076528895,0.0009986958,0.00041645247,2.0520018e-05,-0.00017258317,7.3780844e-05
500.0,-20.0,28.0,20.677439,-1.8905182,-1.6157444,57.327217,1694.442,150.7125,0.033996664,37.902405,31.885025,44.269554,1.5081828,15.5051985,0.17661798
500.0,-20.0,38.0,17.667639,-1.7505437,-2.71439,62.045486,1195.1764,144.87164,0.05211727,37.52787,32.00216,54.54418,1.5175691,10.661544,-0.0041098334
500.0,-20.0,58.0,17.010706,-1.2333375,-5.475255,63.23835,889.56104,133.5788,0.071092494,32.130997,32.350056,62.342415,1.9619251,-3.2363727,-1.5017451
500.0,-20.0,78.0,19.348587,-0.52839583,-8.141161,58.253666,906.207,128.42761,0.06419233,27.198631,34.307983,54.504013,4.1596246,-8.859245,-2.817135
500.0,-20.0,98.0,22.50848,-0.03545679,-10.318999,49.83539,938.3953,116.54496,0.052625477,23.371561,32.256035,43.68734,6.2096453,-7.530609,-2.934958
500.0,-20.0,118.0,25.568504,0.2814793,-12.156617,40.42931,972.1791,103.31752,0.041603424,19.283155,27.740278,33.88771,6.3764615,-5.5120015,-2.866214
500.0,-20.0,138.0,28.643951,0.6486302,-13.6538,29.145565,1004.1289,94.057556,0.029041693,14.242642,21.17017,23.176655,4.9033976,-4.066204,-2.2727194
500.0,-20.0,158.0,31.91923,1.1605287,-14.628018,15.878092,1017.6507,89.18741,0.015606568,7.77032,12.559684,11.48663,2.622326,-2.4762316,-1.1290486
500.0,-20.0,178.0,35.17588,1.9695727,-14.546106,2.1453786,807.83624,89.60086,0.0024622832,1.1480094,1.9744236,1.2004563,0.27300793,-0.35885027,-0.052463077
500.0,-20.0,198.0,36.1715,2.079807,-13.224051,0.008211775,33.22266,91.942245,0.00015349757,0.001388066,0.03311859,-0.018125238,0.0017997612,-0.0063570635,0.004576857
500.0,-20.0,218.0,36.583298,1.9030714,-11.649894,0.0015438466,19.212816,94.62546,6.140853e-05,-0.000528147,0.012310499,-0.008635575,0.0004809985,-0.0027091447,0.0011175133
500.0,-20.0,238.0,37.013206,1.7103558,-10.1131735,0.0014118997,14.867975,95.22363,4.701303e-05,-6.134185e-05,0.008912545,-0.0059990566,0.00022573765,-0.0019600692,0.0009725371
500.0,-20.0,258.0,37.420185,1.485303,-8.723862,0.0013075683,11.542756,93.12515,3.7988575e-05,0.00018817699,0.0064607062,-0.0040277843,0.00015374072,-0.00148969,0.00089226215
500.0,-20.0,278.0,37.79444,1.2477707,-7.5363693,0.0012526949,8.863181,88.727325,3.0723895e-05,0.0003793113,0.0046149623,-0.0024905994,0.000110474226,-0.0011052868,0.0007086119
500.0,-20.0,298.0,38.131886,1.027724,-6.552661,0.0012151538,7.006173,82.80502,2.6629166e-05,0.0005030852,0.0034978108,-0.0015646007,8.53364e-05,-0.00085153244,0.0005454479
500.0,-20.0,318.0,38.43241,0.83892286,-5.744322,0.0011761046,5.4737763,76.08358,2.2575006e-05,0.0005852657,0.0026414832,-0.0008673335,6.2554944e-05,-0.00063553045,0.00038673572
500.0,-20.0,338.0,38.697475,0.6840943,-5.0791273,0.0011536874,4.4332814,69.096886,2.0401838e-05,0.00063015986,0.00214059,-0.00046053517,4.9512197e-05,-0.00051218853,0.0002833311
500.0,-20.0,358.0,38.933647,0.5600052,-4.5256457,0.0011366188,3.459555,62.208675,1.7139955e-05,0.00066961965,0.0017190207,-0.000133036,3.215243e-05,-0.00040038364,0.00018803934
500.0,-20.0,378.0,39.148342,0.46271443,-4.0680637,0.0011255597,2.7779427,55.656937,1.51987015e-05,0.0006935732,0.0014442012,0.000112550275,2.4639095e-05,-0.0003127832,0.00013134531
500.0,-20.0,398.0,39.33953,0.38600856,-3.6816435,0.0011167042,2.2252996,49.521343,1.36396375e-05,0.00071035186,0.0012652273,0.00025706668,1.8618874e-05,-0.0002490519,9.180148e-05
500.0,-20.0,418.0,39.508495,0.32455793,-3.3497586,0.0011104747,1.7597469,43.84165,1.247597e-05,0.0007217805,0.0011433885,0.00035508032,1.5478177e-05,-0.00020270691,6.601552e-05
500.0,-20.0,438.0,39.659767,0.27444264,-3.061765,0.0011056798,1.3795604,38.620083,1.2196963e-05,0.0007290363,0.0010716545,0.00041012774,1.3482901e-05,-0.00017730075,5.2452247e-05
500.0,-20.0,488.0,39.966103,0.18403196,-2.4997733,0.001098823,0.8080229,27.483397,1.5654388e-05,0.00074465986,0.0010171434,0.00043534208,1.1981642e-05,-0.00017120199,4.2519594e-05
500.0,-20.0,538.0,40.193314,0.12958384,-2.07507,0.0010950565,0.5183532,18.770885,2.0762804e-05,0.00076417153,0.0010109509,0.00040686823,9.876161e-06,-0.00017442774,3.7148326e-05
500.0,0.0,28.0,20.248667,-0.007018328,-1.7599727,57.876747,1649.589,153.49219,0.035287667,37.876755,31.910957,45.305576,0.015067888,15.564888,-0.16321467
500.0,0.0,38.0,17.381922,0.024405174,-2.8929949,61.83566,1157.9019,147.69977,0.053603727,36.834904,31.792429,54.860104,0.03195028,10.426462,-0.05786663
500.0,0.0,58.0,16.725239,0.02591264,-5.567199,61.67783,852.29346,136.55954,0.07236829,30.552116,32.493637,60.3088,0.044631053,-2.6358585,0.08663324
500.0,0.0,78.0,18.71031,0.0077291233,-7.9793572,56.21366,849.175,130.11594,0.06620157,25.262075,34.469597,51.941044,0.013551148,-7.4327426,0.10356524
500.0,0.0,98.0,21.342735,-0.005029138,-9.887453,48.936012,873.45123,118.87235,0.05602903,21.305626,32.805508,42.311565,-0.02262294,-6.2689,0.03321396
500.0,0.0,118.0,24.067823,0.008192505,-11.581353,41.12095,903.8632,106.62475,0.045499448,18.679413,28.825655,34.568542,-0.010118852,-5.2823305,-0.03562871
500.0,0.0,138.0,26.959448,0.03457101,-13.033233,32.09259,940.7165,97.99873,0.03411729,14.913433,23.521845,25.830385,0.019686492,-4.437166,-0.031483747
500.0,0.0,158.0,30.188936,0.046446655,-14.107523,21.13986,975.8185,93.358,0.02166589,9.995314,16.393206,15.838338,0.023052411,-3.2659264,-0.0046331408
500.0,0.0,178.0,33.671196,0.03699686,-14.54267,7.7808805,950.06805,93.288605,0.008160182,3.81811,6.593917,5.1307764,0.0046715364,-1.4071732,0.0033421665
500.0,0.0,198.0,36.078564,0.026858943,-13.507445,0.08899446,194.61134,95.49403,0.00044549647,0.040761694,0.15941642,-0.021963347,-0.0002110087,-0.032825127,-4.342659e-05
500.0,0.0,218.0,36.536045,0.024475282,-11.75945,0.0018648126,18.311344,96.800255,5.4125045e-05,-0.00024891377,0.011547884,-0.0075633125,-2.270241e-05,-0.0025926149,1.1212907e-05
500.0,0.0,238.0,36.98474,0.020098897,-10.2155285,0.0014026746,15.391392,96.524956,5.1053103e-05,-0.00022093207,0.009549125,-0.0065328637,-1.9794541e-05,-0.0022049076,1.4773635e-05
500.0,0.0,258.0,37.396244,0.015373221,-8.837506,0.0013112937,11.152244,93.92614,3.6032183e-05,0.00019370363,0.0061639766,-0.0037531694,-1.232869e-05,-0.0014429098,9.030566e-06
500.0,0.0,278.0,37.77263,0.0108885905,-7.648485,0.0012533624,8.827309,89.28947,3.0834188e-05,0.0003589011,0.004656075,-0.0025257391,-8.267169e-06,-0.0011281135,3.972671e-06
500.0,0.0,298.0,38.111553,0.0071010436,-6.6534657,0.0012141987,6.912528,83.26305,2.6087833e-05,0.00049555127,0.0034831953,-0.001555721,-5.1916463e-06,-0.00085064874,3.1675297e-06
500.0,0.0,318.0,38.413933,0.0038170652,-5.8292212,0.001175794,5.389434,76.48365,2.1921873e-05,0.00058173575,0.0026266992,-0.00085716223,-2.7151455e-06,-0.00063119264,4.8563497e-06
500.0,0.0,338.0,38.680794,0.0008580234,-5.14644,0.0011529017,4.390962,69.44884,1.9966425e-05,0.0006261337,0.0021463616,-0.00046875275,-1.5761063e-06,-0.00051137485,8.2081715e-06
500.0,0.0,358.0,38.917763,-0.0013775321,-4.5803027,0.0011369002,3.459625,62.53163,1.709348e-05,0.00066551875,0.0017364447,-0.00014190219,1.0424856e-07,-0.00040269684,7.301039e-06
500.0,0.0,378.0,39.133064,-0.0016893492,-4.1114674,0.0011257482,2.7791064,55.94076,1.5184909e-05,0.0006929746,0.0014578269,9.978516e-05,-7.658494e-07,-0.0003144933,1.4568044e-06
500.0,0.0,398.0,39.326405,-0.0018778986,-3.7173557,0.0011166729,2.2184632,49.768627,1.3519363e-05,0.0007098786,0.0012708814,0.00025171076,-5.220381e-07,-0.00024960138,4.8524e-07
500.0,0.0,418.0,39.49809,-0.0019946736,-3.37884,0.0011103853,1.7529911,44.055668,1.23598265e-05,0.00072140753,0.0011470229,0.0003515463,-3.9320108e-07,-0.00020285691,3.3793089e-07
500.0,0.0,438.0,39.65091,-0.0022874272,-3.086505,0.0011055965,1.3718145,38.804543,1.2138918e-05,0.00072869426,0.0010743721,0.00040753075,-2.2056527e-07,-0.0001778235,6.194263e-07
500.0,0.0,488.0,39.961334,-0.0024871512,-2.5059972,0.0010988017,0.80996627,27.610937,1.5160353e-05,0.0007441448,0.0010236921,0.00042897565,-1.30332625e-08,-0.00016703106,2.5680126e-07
500.0,0.0,538.0,40.19147,-0.0026963637,-2.0821648,0.0010950888,0.5197748,18.80802,2.0868032e-05,0.0007656278,0.0010021196,0.00040284582,-8.2756685e-07,-0.00017606883,-9.590462e-07
500.0,20.0,28.0,20.635132,1.8757057,-1.6323619,57.547363,1687.4636,150.995,0.034268524,38.01934,31.987354,44.48791,-1.4797375,15.540139,-0.4953684
500.0,20.0,38.0,17.644472,1.7999895,-2.7333763,62.14271,1190.1716,145.08119,0.052415516,37.560654,32.008324,54.70009,-1.4600843,10.639342,-0.113871895
500.0,20.0,58.0,16.999805,1.286432,-5.4962482,63.246937,888.73663,133.70474,0.07116782,32.128128,32.326103,62.387337,-1.8842924,-3.2790456,1.6809849
500.0,20.0,78.0,19.350565,0.5426712,-8.164773,58.243378,907.02905,128.52783,0.064115815,27.15913,34.317974,54.48885,-4.1527014,-8.906054,3.0305283
500.0,20.0,98.0,22.523205,0.025195768,-10.342947,49.77807,938.5839,116.61057,0.052525427,23.354158,32.22007,43.62519,-6.2781177,-7.5029097,3.004753
500.0,20.0,118.0,25.564222,-0.26406482,-12.176072,40.340603,970.7954,103.378815,0.04157104,19.267195,27.67699,33.788467,-6.392976,-5.4393344,2.8080845
500.0,20.0,138.0,28.609604,-0.58185536,-13.661553,29.151752,1002.3651,94.10251,0.029098745,14.262095,21.19288,23.146154,-4.8740172,-4.047836,2.2274168
500.0,20.0,158.0,31.878092,-1.0726614,-14.62206,15.985027,1017.3177,89.193436,0.015717315,7.8238707,12.657503,11.548981,-2.6126714,-2.5032425,1.1341553
500.0,20.0,178.0,35.164913,-1.8970643,-14.540215,2.1887496,811.7885,89.54526,0.0025049897,1.1532419,2.014904,1.2273457,-0.27752656,-0.3717156,0.058200527
500.0,20.0,198.0,36.181976,-2.0216734,-13.223909,0.008258881,33.13029,91.82075,0.0001533314,0.0014418336,0.03302067,-0.017988143,-0.0019711407,-0.006326686,-0.004514096
500.0,20.0,218.0,36.59326,-1.8515755,-11.654708,0.0015388629,19.159859,94.469185,6.124782e-05,-0.0005244879,0.012248405,-0.0085885925,-0.0005350762,-0.0026973502,-0.0010696852
500.0,20.0,238.0,37.02156,-1.6692413,-10.120714,0.0014109006,14.8721485,95.0687,4.7213995e-05,-6.157311e-05,0.008935175,-0.0060232636,-0.00026193503,-0.0019603788,-0.0009342568
500.0,20.0,258.0,37.426407,-1.4547262,-8.731647,0.0013081087,11.539883,92.994095,3.8005295e-05,0.00018954632,0.006463481,-0.0040318966,-0.00017298767,-0.0014855779,-0.0008582227
500.0,20.0,278.0,37.79929,-1.2266465,-7.5430355,0.0012530589,8.87398,88.626724,3.081585e-05,0.00037942213,0.0046305815,-0.0025055385,-0.00012277842,-0.0011056389,-0.0006862956
500.0,20.0,298.0,38.13559,-1.0139409,-6.5573964,0.0012150336,6.995484,82.732185,2.6546642e-05,0.00050457026,0.0034934578,-0.0015621237,-9.193248e-05,-0.00084646366,-0.0005269757
500.0,20.0,318.0,38.435158,-0.8313611,-5.7474995,0.0011758698,5.472339,76.03222,2.2559938e-05,0.00058563036,0.0026428404,-0.0008694736,-6.744353e-05,-0.0006333411,-0.00037680313
500.0,20.0,338.0,38.69933,-0.6822485,-5.08107,0.0011538472,4.434632,69.06058,2.0408055e-05,0.00063034793,0.0021433805,-0.0004632204,-5.286797e-05,-0.00051116763,-0.00027629308
500.0,20.0,358.0,38.934925,-0.56302994,-4.5266314,0.0011365912,3.4599545,62.18433,1.7134096e-05,0.0006695956,0.0017156064,-0.00013581692,-3.977279e-05,-0.00039989778,-0.00019711538
500.0,20.0,378.0,39.149315,-0.46656367,-4.0686274,0.001125541,2.7754374,55.642124,1.5170496e-05,0.0006936259,0.001443293,0.00011336722,-2.6109527e-05,-0.00031190657,-0.0001310704
500.0,20.0,398.0,39.340267,-0.39020813,-3.6819634,0.0011166716,2.2236514,49.512447,1.3613661e-05,0.00071039813,0.0012647931,0.00025738514,-1.9622914e-05,-0.00024821388,-9.202549e-05
500.0,20.0,418.0,39.509163,-0.32890904,-3.3494265,0.001110509,1.7630424,43.836864,1.2474179e-05,0.00072171894,0.0011444392,0.00035416536,-1.6369264e-05,-0.00020272183,-6.634851e-05
500.0,20.0,438.0,39.66049,-0.27903163,-3.0607293,0.001105707,1.3800094,38.617516,1.218606e-05,0.00072902156,0.0010719099,0.00040993805,-1.4307504e-05,-0.00017705135,-5.290181e-05
500.0,20.0,488.0,39.96636,-0.1891891,-2.4995282,0.0010988062,0.8067639,27.484814,1.5679263e-05,0.00074468314,0.0010169455,0.00043557846,-1.2558142e-05,-0.00017118917,-4.365734e-05
500.0,20.0,538.0,40.192078,-0.1336994,-2.0780256,0.0010950862,0.5201951,18.825037,2.0734138e-05,0.0007646659,0.0010147791,0.00040718494,-1.022012e-05,-0.00017440467,-3.9309118e-05
500.0,40.0,28.0,21.951662,3.6589463,-1.1960932,55.646587,1803.7612,143.36052,0.03093594,37.724792,31.975128,41.042587,-3.1576848,15.41639,-1.2159827
500.0,40.0,38.0,18.490343,3.5958872,-2.1118872,62.03523,1292.9205,137.29155,0.04818984,38.79987,32.897316,52.465298,-3.037216,11.53794,-1.2510467
500.0,40.0,58.0,17.586258,2.8373446,-4.891973,65.66651,963.42334,124.269196,0.06804238,34.806404,32.2912,64.888954,-2.1409142,-3.6212592,-0.09847436
500.0,40.0,78.0,20.646128,1.5750457,-8.136726,60.955967,1015.42926,120.39082,0.05280369,31.018913,33.08554,57.540894,-3.4776003,-10.671169,1.7441431
500.0,40.0,98.0,25.198093,0.48140374,-11.06566,46.69357,1046.8577,106.410255,0.041634854,24.268139,27.73929,42.1521,-5.8224306,-9.047821,2.271537
500.0,40.0,118.0,29.328178,-0.29477942,-13.367848,30.765024,1087.012,91.263435,0.028318403,15.651651,19.796064,26.217352,-5.736488,-5.31377,2.239635
500.0,40.0,138.0,33.230236,-1.2819844,-15.01448,13.187006,1080.1763,79.899994,0.012182858,6.7512617,9.579947,10.130306,-2.5751245,-2.201459,1.4815009
500.0,40.0,158.0,35.888535,-2.6873884,-15.220018,0.97627276,539.73096,75.70837,0.0017448472,0.5799365,0.8188429,0.5581625,-0.031461824,-0.08985353,0.16649987
500.0,40.0,178.0,36.100792,-3.463115,-14.419959,0.12868668,131.16577,76.469795,0.00074578624,0.06255044,0.19009326,0.004566446,-0.01641873,-0.01208864,0.04809264
500.0,40.0,198.0,36.310646,-3.7466402,-13.092464,0.005612116,29.408587,81.9013,0.00011652333,0.00034009642,0.024957854,-0.014013604,-0.002020523,-0.003762254,0.0014444944
500.0,40.0,218.0,36.690815,-3.6998305,-11.467058,0.0015319264,18.93516,87.90838,5.718807e-05,-0.00023660716,0.0119905425,-0.008593849,-0.00058477465,-0.0022322594,-0.0010936684
500.0,40.0,238.0,37.094574,-3.390392,-9.826607,0.0013778462,14.532757,91.02126,4.2272422e-05,9.324704e-05,0.00839626,-0.0056793718,-0.00038335816,-0.0016666321,-0.0017006452
500.0,40.0,258.0,37.489044,-2.9327283,-8.385453,0.0013221281,12.416692,90.40721,4.1759737e-05,0.00017355732,0.007087877,-0.0045911516,-0.0003588723,-0.001578184,-0.0020267237
500.0,40.0,278.0,37.854626,-2.4455857,-7.20323,0.0012524755,9.02971,86.75823,3.0891e-05,0.00039791988,0.0045423624,-0.0024258904,-0.00024367894,-0.0010747861,-0.001449664
500.0,40.0,298.0,38.18406,-2.0033555,-6.258195,0.0012165138,7.276524,81.21749,2.8276783e-05,0.0005006969,0.003524491,-0.0015768579,-0.00019323698,-0.0008706727,-0.0011482128
500.0,40.0,318.0,38.476986,-1.6328666,-5.499012,0.0011776381,5.684391,74.73168,2.4242336e-05,0.00058349664,0.0026547746,-0.0008681857,-0.00013939112,-0.0006545088,-0.00080642314
500.0,40.0,338.0,38.73473,-1.3351254,-4.8814144,0.0011547202,4.5187764,67.92845,2.1303842e-05,0.000632608,0.0021037601,-0.00041963608,-0.00010357513,-0.0005132265,-0.0005648192
500.0,40.0,358.0,38.96544,-1.0981354,-4.3671675,0.0011366152,3.5050504,61.188946,1.7749835e-05,0.000669087,0.001676318,-9.992829e-05,-7.6819306e-05,-0.0004049864,-0.0003894571
500.0,40.0,378.0,39.175232,-0.9105199,-3.9420238,0.0011255019,2.785237,54.78001,1.5439038e-05,0.0006945254,0.0014094437,0.00014622282,-5.311909e-05,-0.0003102212,-0.00025697143
500.0,40.0,398.0,39.36182,-0.76195663,-3.5803185,0.0011166487,2.224709,48.76965,1.380709e-05,0.00071142084,0.0012398271,0.00028125173,-3.8951686e-05,-0.00024590007,-0.00018185539
500.0,40.0,418.0,39.526466,-0.64379895,-3.2685003,0.0011104526,1.7576329,43.19875,1.26795885e-05,0.00072252215,0.0011253955,0.00037225938,-2.99772e-05,-0.0002011405,-0.00013224129
500.0,40.0,438.0,39.674423,-0.54850024,-2.9970212,0.0011056634,1.3737955,38.071186,1.2369006e-05,0.0007296336,0.0010587069,0.00042241096,-2.4194624e-05,-0.00017632991,-0.00010110831
500.0,40.0,488.0,39.97752,-0.3687746,-2.449382,0.0010986665,0.7943855,27.112606,1.5839532e-05,0.0007452737,0.0010100236,0.0004417332,-2.0402846e-05,-0.00017053657,-7.779894e-05
500.0,40.0,538.0,40.20005,-0.26966953,-2.0493677,0.0010950142,0.5149213,18.543365,2.1012662e-05,0.00076538883,0.0009983847,0.00041327806,-1.9481247e-05,-0.0001741869,-6.986737e-05
500.0,60.0,28.0,24.610508,5.0591187,-0.4858346,49.940727,1961.6661,132.11739,0.024801385,35.18739,30.631233,33.49787,-4.7098117,14.154137,-1.8413748
500.0,60.0,38.0,20.201225,5.2020783,-0.9033512,60.16152,1493.2391,126.040276,0.040510017,39.423256,34.470097,46.248116,-5.0262227,13.204709,-2.6487446
500.0,60.0,58.0,18.125572,4.5277777,-3.2024791,65.289986,1025.6256,110.27054,0.063671015,35.839813,33.336548,61.637558,-1.8197136,-1.1359587,-3.898321
500.0,60.0,78.0,20.824755,3.2641835,-6.341644,62.42289,1066.5571,101.969284,0.05232157,32.3478,32.717175,59.315292,1.8287066,-10.672223,-3.7859614
500.0,60.0,98.0,25.530544,1.6748612,-9.490285,44.400066,1101.646,85.481834,0.038494356,24.013176,24.331997,40.430363,3.6950858,-8.429115,-4.1181474
500.0,60.0,118.0,28.678013,0.4906956,-11.660485,26.455772,1212.1062,69.22777,0.021841714,16.995232,15.487593,20.383682,5.6124945,-1.4127414,-3.9250603
500.0,60.0,138.0,28.215893,-0.765734,-12.283466,27.97916,1358.4784,57.03419,0.020624246,19.521868,17.099297,19.247957,8.253147,0.43873528,-4.108657
500.0,60.0,158.0,27.869614,-2.2733066,-12.534802,30.708982,1414.204,51.81642,0.02175291,21.373154,18.976133,21.002794,10.068373,-1.0847126,-4.2829127
500.0,60.0,178.0,29.19372,-3.79126,-12.750981,28.594452,1465.8263,54.757595,0.019544344,19.85054,17.917465,19.383947,10.0378475,-2.8729186,-3.4635024
500.0,60.0,198.0,32.473892,-5.2060266,-12.713864,17.940403,1477.1721,64.38481,0.012084032,12.4550705,11.953805,11.445704,6.367554,-2.9328685,-1.2725738
500.0,60.0,218.0,36.468643,-5.867449,-11.386131,2.0192375,753.2174,77.413445,0.0020897822,1.4017915,1.787096,0.8806133,0.40171632,-0.29757646,-0.027236205
500.0,60.0,238.0,37.204105,-5.2487183,-9.268488,0.007102276,24.557335,84.50905,0.000115964765,0.0021450422,0.028060853,-0.015876692,-0.001928152,-0.0042433213,-0.00870356
500.0,60.0,258.0,37.59457,-4.424826,-7.729342,0.0013585442,14.488763,86.380615,5.151937e-05,4.4066634e-05,0.0085819,-0.0058944393,-0.0006331208,-0.0019659614,-0.004378097
500.0,60.0,278.0,37.955593,-3.609133,-6.591117,0.0012703802,10.039476,83.78602,3.6226495e-05,0.0003428337,0.0048818057,-0.002681607,-0.0004165805,-0.0012490675,-0.0027587789
500.0,60.0,298.0,38.275864,-2.915051,-5.7426934,0.0012169972,7.6584573,78.75328,3.0694624e-05,0.00047935967,0.0034279278,-0.0014656782,-0.00031138974,-0.000924933,-0.0019106979
500.0,60.0,318.0,38.556828,-2.3589444,-5.0841618,0.0011805594,6.0238166,72.59543,2.7196982e-05,0.0005631855,0.0026157408,-0.00080936006,-0.00023783198,-0.0007136689,-0.0013386782
500.0,60.0,338.0,38.80232,-1.9234776,-4.5531454,0.0011557535,4.656071,66.05867,2.2867238e-05,0.0006258192,0.0020159986,-0.00032736594,-0.00017179197,-0.00053343276,-0.0008797503
500.0,60.0,358.0,39.021103,-1.5823494,-4.1102724,0.0011368913,3.5780852,59.57029,1.8794444e-05,0.00066882896,0.001622393,-2.8129027e-05,-0.00011750098,-0.00040934613,-0.0005768423
500.0,60.0,378.0,39.22196,-1.3145336,-3.7388563,0.0011252584,2.789555,53.376495,1.5814367e-05,0.0006961695,0.0013469923,0.0002065929,-8.554239e-05,-0.0003047376,-0.00037670473
500.0,60.0,398.0,39.400852,-1.1029135,-3.4192274,0.00111638,2.2135592,47.55996,1.4027868e-05,0.0007128497,0.0011932856,0.00032586235,-6.386788e-05,-0.00024021792,-0.00026536747
500.0,60.0,418.0,39.559135,-0.933982,-3.1399505,0.0011102458,1.7447414,42.159904,1.2848732e-05,0.0007237271,0.0010928893,0.00040318197,-4.947916e-05,-0.00019646186,-0.00019407507
500.0,60.0,438.0,39.70157,-0.79536873,-2.8923073,0.0011055476,1.3696245,37.181026,1.2509188e-05,0.0007307366,0.0010350931,0.00044471043,-4.0949806e-05,-0.00017229869,-0.00015558356
500.0,60.0,488.0,39.99301,-0.54509026,-2.394532,0.0010985824,0.78987026,26.505789,1.5923164e-05,0.0007460995,0.0009950527,0.00045550428,-3.560667e-05,-0.00016654411,-0.00011967191
500.0,60.0,538.0,40.21016,-0.39217815,-2.0125651,0.0010949223,0.50836265,18.18261,2.1160022e-05,0.0007660568,0.0009873768,0.00042322642,-2.9203682e-05,-0.0001721872,-0.000107689935
500.0,80.0,28.0,29.054932,5.671546,0.135024,35.53063,1964.9023,121.081795,0.016660746,26.375607,23.505257,21.020998,-4.7314143,9.305368,-1.565395
500.0,80.0,38.0,23.529734,6.221845,0.580584,55.391026,1804.086,114.52703,0.030566927,38.38597,35.185524,36.864517,-7.1905823,14.134253,-2.9617186
500.0,80.0,58.0,18.873081,5.878869,-0.52917224,61.546715,1117.1224,96.960594,0.055175353,36.157288,35.296535,51.405777,-3.5168643,4.6592007,-5.412906
500.0,80.0,78.0,19.576027,4.6126065,-2.6807098,61.129765,1020.50464,80.73637,0.05990254,32.38694,34.79149,54.515095,3.564177,-5.414863,-7.397072
500.0,80.0,98.0,21.95102,2.8649886,-4.792234,52.30294,1047.1862,63.28003,0.048943516,29.071112,30.727444,43.922417,8.798222,-4.859762,-8.15653
500.0,80.0,118.0,22.949335,1.2007052,-6.1375337,40.31806,1068.8905,48.521667,0.03774456,25.79031,25.256315,29.456316,8.903935,0.16033152,-7.885962
500.0,80.0,138.0,21.780321,-0.26581323,-6.4206204,34.97859,1074.3813,39.656513,0.032581355,23.670914,22.598053,23.536875,7.589354,1.9759439,-6.9420867
500.0,80.0,158.0,20.504667,-1.7661054,-6.5279536,34.344765,1082.5875,36.214016,0.0317438,22.926558,21.993896,23.573906,8.170453,0.5418089,-7.113479
500.0,80.0,178.0,20.652287,-3.2008157,-6.8980126,35.637188,1137.1448,38.978935,0.031355627,23.364107,22.232786,25.445738,9.820125,-2.461377,-7.204555
500.0,80.0,198.0,22.96327,-4.6499887,-7.5909834,36.909134,1251.6719,46.981216,0.029512143,24.215658,22.45338,26.983856,11.025301,-5.939651,-6.1923504
500.0,80.0,218.0,27.753742,-6.24255,-8.394922,32.542103,1400.1025,59.188984,0.023274407,21.64042,20.134567,23.255537,9.484656,-7.7081246,-3.793499
500.0,80.0,238.0,34.830982,-7.3252363,-8.433744,10.922402,1407.8652,74.50312,0.0076255105,7.4499626,8.084365,6.359616,2.7465572,-3.012511,-0.9012549
500.0,80.0,258.0,37.777103,-5.883633,-6.6212254,0.011335197,46.03959,81.339005,0.00016360325,0.004669352,0.03113036,-0.012811519,-0.0035602436,-0.0055845855,-0.023229461
500.0,80.0,278.0,38.101933,-4.631905,-5.662585,0.0013307407,13.705612,79.93265,6.3706364e-05,6.0966704e-06,0.0066335904,-0.003989384,-0.0011171814,-0.0020878394,-0.0069574453
500.0,80.0,298.0,38.39938,-3.6807494,-5.01493,0.0012378528,8.783751,75.45421,3.9849736e-05,0.000404584,0.003455088,-0.001385843,-0.0005784691,-0.001134006,-0.0032942346
500.0,80.0,318.0,38.658752,-2.961981,-4.523047,0.0011875988,6.585683,69.69267,3.2857934e-05,0.0005276228,0.002507587,-0.0006596112,-0.00039199163,-0.0008143285,-0.0020549006
500.0,80.0,338.0,38.88693,-2.4142544,-4.117948,0.0011577024,4.819308,63.512077,2.5122517e-05,0.00061876024,0.0018549934,-0.00016059977,-0.00024400496,-0.0005546931,-0.0012000309
500.0,80.0,358.0,39.090866,-1.9920462,-3.7713253,0.0011377748,3.6917136,57.362988,2.0595866e-05,0.00066501333,0.0015110987,8.494267e-05,-0.0001665035,-0.0004203078,-0.0007780959
500.0,80.0,378.0,39.2807,-1.6611899,-3.4714599,0.0011249103,2.800376,51.46625,1.6477201e-05,0.00069883006,0.0012646145,0.00028561364,-0.00010917767,-0.00030008506,-0.00048317816
500.0,80.0,398.0,39.45061,-1.3994447,-3.2057614,0.0011158189,2.1832213,45.914486,1.4233205e-05,0.0007155827,0.0011289903,0.00038630408,-7.864758e-05,-0.00023126957,-0.00033264997
500.0,80.0,418.0,39.601063,-1.1901413,-2.967889,0.0011097976,1.7150507,40.746815,1.307962e-05,0.0007257779,0.0010482478,0.00044487618,-6.026524e-05,-0.00019030394,-0.0002452165
500.0,80.0,438.0,39.73689,-1.020261,-2.7531896,0.0011052904,1.344175,35.96913,1.2898266e-05,0.00073243666,0.0010048612,0.00047274042,-4.9331502e-05,-0.0001696263,-0.0001945444
500.0,80.0,488.0,40.017464,-0.6963073,-2.2928212,0.0010983128,0.76909155,25.683804,1.6131242e-05,0.00074762444,0.0009814306,0.00046735982,-4.2184478e-05,-0.00016148124,-0.00014897736
500.0,80.0,538.0,40.22693,-0.51208085,-1.9520274,0.0010947889,0.498428,17.585154,2.1710452e-05,0.0007681865,0.0009796057,0.00043759044,-3.7798418e-05,-0.00017031902,-0.00013850543
500.0,100.0,28.0,34.06486,5.330766,0.34861624,13.940977,1597.7865,110.25291,0.008385008,10.533014,9.854614,7.584037,-1.9348545,2.2190647,-0.7705401
500.0,100.0,38.0,29.196045,6.1890235,1.4708678,40.31185,1927.3735,106.05196,0.018176684,29.04078,28.055916,23.266266,-5.9338636,10.236308,-1.5757802
500.0,100.0,58.0,21.070316,6.4906106,2.1903477,56.784214,1362.9949,89.920105,0.041808683,36.564987,37.468033,39.19956,-6.9920073,10.071075,-3.2739873
500.0,100.0,78.0,18.947672,5.273465,1.3062781,55.61257,1006.5821,69.30556,0.05526944,32.05335,35.30172,43.77099,-0.76098037,1.8833486,-5.617191
500.0,100.0,98.0,19.10364,3.396826,0.07144231,51.774067,936.08954,51.88208,0.055307504,29.41207,32.876266,41.00468,4.911621,-0.86643326,-7.0366163
500.0,100.0,118.0,19.15916,1.4484172,-0.8799559,44.798008,905.87354,39.108852,0.04946131,27.062195,29.319027,33.112026,6.4881883,0.65628886,-7.352606
500.0,100.0,138.0,18.376087,-0.23974589,-1.2563843,37.320065,856.68994,32.743073,0.04357961,23.760494,25.262766,25.545664,5.2956743,1.8695054,-6.557566
500.0,100.0,158.0,17.31555,-1.6818566,-1.362666,31.687094,803.782,31.528214,0.039440177,20.242228,21.333479,21.701666,3.695174,1.3763599,-5.895648
500.0,100.0,178.0,16.898338,-2.8975146,-1.6573586,28.884579,792.8382,34.587757,0.03645304,17.839825,18.744337,21.01595,3.1296988,-0.6225287,-5.732013
500.0,100.0,198.0,18.002869,-4.0226026,-2.3794467,29.644697,877.2363,41.14073,0.033815656,17.948717,18.20788,23.034616,4.0583577,-3.9947765,-5.366202
500.0,100.0,218.0,21.597546,-5.4069233,-3.5683086,33.343445,1087.753,50.325794,0.030676467,20.703468,19.711098,26.368576,5.6134367,-8.357233,-4.217564
500.0,100.0,238.0,28.316545,-7.1453633,-4.873683,30.279543,1349.5972,62.30002,0.022477726,19.514875,18.495338,22.652117,4.9734974,-9.600373,-2.5273128
500.0,100.0,258.0,36.982014,-7.3427844,-5.104134,3.8654804,1105.5717,76.01525,0.0030496065,2.63069,2.9114532,2.2346554,0.36872047,-1.0049264,-0.64641976
500.0,100.0,278.0,38.31384,-5.339059,-4.4251585,0.002328654,35.306725,75.43445,6.62515e-05,0.00075010007,0.004761427,-0.00086081563,-0.0014588096,-0.0018718968,-0.008968902
500.0,100.0,298.0,38.56497,-4.209862,-4.1193433,0.0012808061,11.251772,71.40209,6.6827364e-05,0.00022027607,0.0033653867,-0.0010129934,-0.0012123277,-0.0016299157,-0.0063480614
500.0,100.0,318.0,38.793983,-3.389467,-3.8507159,0.001203452,7.482894,66.09371,4.4054777e-05,0.00049225753,0.0022536814,-0.00032800005,-0.00060515717,-0.0009751353,-0.0030857886
500.0,100.0,338.0,39.000446,-2.7763672,-3.604611,0.0011605913,5.1425924,60.36081,2.984134e-05,0.00061543216,0.0016378278,7.092656e-05,-0.00034951008,-0.00058576127,-0.0015960512
500.0,100.0,358.0,39.182896,-2.305134,-3.3725772,0.001139811,3.7788754,54.613674,2.254975e-05,0.0006716468,0.0013586842,0.00023995194,-0.0002236712,-0.00042211654,-0.00096872414
500.0,100.0,378.0,39.355694,-1.9355851,-3.158057,0.0011243758,2.8002024,49.093063,1.7231841e-05,0.0007020874,0.0011560917,0.00038986147,-0.0001430731,-0.00028911163,-0.00056914904
500.0,100.0,398.0,39.512318,-1.6410886,-2.9558647,0.0011150885,2.1368625,43.872253,1.44214355e-05,0.0007185802,0.0010498088,0.00046108844,-0.00010030858,-0.00021769827,-0.00038174618
500.0,100.0,418.0,39.652218,-1.4036548,-2.7665954,0.0011090124,1.6562424,38.99229,1.3174267e-05,0.00072790426,0.0009914087,0.00049807446,-7.6655495e-05,-0.00017933447,-0.00028178742
500.0,100.0,438.0,39.779343,-1.2075955,-2.5890007,0.0011047178,1.3006347,34.463356,1.306679e-05,0.00073413603,0.00096259784,0.0005122017,-6.412643e-05,-0.00016183977,-0.00023248089
500.0,100.0,488.0,40.04417,-0.8384957,-2.2023706,0.0010980109,0.75179964,24.65144,1.5996318e-05,0.0007486487,0.00095007254,0.0004966819,-5.134678e-05,-0.00015389586,-0.000195252
500.0,100.0,538.0,40.248367,-0.6116796,-1.8808675,0.0010946004,0.4851304,16.786808,2.2272236e-05,0.00076940947,0.00094577204,0.00045560533,-4.810139e-05,-0.00016823411,-0.00016894272
500.0,120.0,28.0,34.11611,4.323423,0.59540796,5.5513153,969.631,97.44475,0.0056780796,3.469234,4.457572,3.2246268,0.9678542,0.4898803,-0.10243413
500.0,120.0,38.0,31.811592,4.7771096,1.3215092,17.909908,1423.1451,96.46538,0.012494488,11.716554,14.633337,9.378534,0.88224,4.033049,-0.5476211
500.0,120.0,58.0,24.535877,5.7666907,3.4452124,44.1497,1450.425,88.07658,0.030472161,28.831837,34.68551,24.396255,-4.184438,9.404394,-0.57429177
500.0,120.0,78.0,20.137665,5.1421556,4.2818923,47.644905,1106.967,68.8255,0.04308395,29.289751,34.905273,31.28067,-4.1393704,6.1160398,-1.550808
500.0,120.0,98.0,18.368288,3.4366326,3.9827578,45.18729,904.4091,53.00498,0.04997012,26.068224,31.191969,32.99116,-0.8479867,2.7109776,-3.0879602
500.0,120.0,118.0,17.546001,1.469611,3.3459446,41.30899,818.2727,41.452087,0.05048001,23.918299,27.886097,30.84439,1.5252906,1.5920389,-4.062952
500.0,120.0,138.0,16.859922,-0.3271769,2.7502947,36.778072,765.9774,35.499405,0.048013315,21.855669,24.80737,27.009613,1.7779682,1.1697568,-4.284396
500.0,120.0,158.0,16.40663,-1.7382628,2.2707396,33.06109,739.3309,34.50421,0.044716954,19.913727,22.099333,24.157053,0.47013384,0.21201696,-3.927802
500.0,120.0,178.0,16.54246,-2.8120894,1.7503577,30.926542,751.7098,36.98481,0.041141693,18.447165,20.300173,23.077852,-1.2394736,-1.2478359,-3.4956162
500.0,120.0,198.0,17.608273,-3.7125926,1.0242611,30.215897,808.5987,42.042374,0.037371956,17.664928,19.391731,23.43418,-2.1382833,-3.2497,-3.0385294
500.0,120.0,218.0,20.292929,-4.762347,-0.05429283,31.503397,952.19324,48.973938,0.03309608,18.588303,19.503344,25.236897,-1.450834,-6.746546,-2.2548556
500.0,120.0,238.0,25.95039,-6.34525,-1.4564266,32.130394,1218.9409,57.61396,0.026386976,19.824184,19.504553,25.23048,-0.08008432,-9.960862,-1.3134384
500.0,120.0,258.0,34.72788,-7.5697446,-2.7252667,14.203228,1425.3096,68.23719,0.0099532325,9.146942,9.032386,10.333775,0.16982003,-4.8570957,-1.4857271
500.0,120.0,278.0,38.553997,-5.5445213,-3.0661187,0.0017036002,30.846846,70.33521,5.173333e-05,0.0006025259,0.000680935,0.002134413,-0.0012906005,-0.0012415281,-0.006918963
500.0,120.0,298.0,38.760696,-4.424072,-3.1638162,0.00145472,16.355213,66.671585,8.955802e-05,0.00025131233,0.0014963965,0.0011890868,-0.0017163433,-0.0018713416,-0.008334981
500.0,120.0,318.0,38.951763,-3.613628,-3.147927,0.0012154899,8.369659,61.884563,5.930154e-05,0.00045703576,0.0014866274,0.0005095044,-0.0009349621,-0.0010854984,-0.004146031
500.0,120.0,338.0,39.12396,-2.9976072,-3.0675793,0.0011670889,5.422462,56.680935,3.5692643e-05,0.00061767624,0.0013134265,0.00041049471,-0.0004581817,-0.00060596573,-0.0019180631
500.0,120.0,358.0,39.285683,-2.5138316,-2.9476004,0.0011393301,3.8247073,51.42376,2.4790044e-05,0.00067828427,0.001163295,0.00044346883,-0.000263687,-0.0004147937,-0.0010734324
500.0,120.0,378.0,39.442272,-2.131301,-2.8164198,0.0011241611,2.801484,46.33888,1.839602e-05,0.0007077307,0.0010393558,0.00050056924,-0.00016373323,-0.00028074862,-0.0006307382
500.0,120.0,398.0,39.586266,-1.8224988,-2.6792996,0.0011140351,2.087467,41.501537,1.4782905e-05,0.0007227996,0.0009661415,0.0005384632,-0.000111166904,-0.00020506323,-0.00041415158
500.0,120.0,418.0,39.714916,-1.5705051,-2.5410557,0.0011080176,1.5856605,36.95338,1.3360856e-05,0.00073098677,0.0009299244,0.0005545255,-8.497131e-05,-0.00016791922,-0.00030704954
500.0,120.0,438.0,39.832752,-1.363287,-2.4037437,0.0011039054,1.2338684,32.70953,1.3515911e-05,0.00073654886,0.00091995,0.0005508333,-7.259454e-05,-0.00015587576,-0.00025618428
500.0,120.0,488.0,40.080585,-0.9531528,-2.0722804,0.001097582,0.71521914,23.447254,1.7160299e-05,0.0007517037,0.0009050019,0.00053823716,-6.142727e-05,-0.00015457852,-0.00023155926
500.0,120.0,538.0,40.271843,-0.7046186,-1.8010553,0.0010943774,0.4675081,15.954829,2.3019515e-05,0.0007719482,0.00093921844,0.00047612583,-5.6221084e-05,-0.00016566683,-0.0001956908
500.0,140.0,28.0,27.277311,2.8432927,0.29826784,9.786446,1358.4904,89.98884,0.005348522,5.745743,7.6166687,6.2371955,2.8176215,0.4242854,0.5135183
500.0,140.0,38.0,26.226082,2.5699587,0.7410495,11.992847,1195.039,89.42149,0.008147792,7.1190147,9.965938,6.9112387,3.193326,0.8140807,0.50742596
500.0,140.0,58.0,24.39567,3.1075754,2.8526833,22.036036,1142.8597,87.45463,0.019237906,13.28064,21.014183,9.606324,1.2350098,1.8628045,0.13042615
500.0,140.0,78.0,21.817223,3.6102684,5.150505,32.085583,1085.4884,74.733955,0.029557904,19.675331,28.102507,16.480194,-2.4070346,3.9356315,0.5276795
500.0,140.0,98.0,19.458609,2.8520842,6.074076,34.938583,935.1771,61.39267,0.03737711,20.508982,27.10188,22.249105,-3.2856905,3.5893106,0.8556027
500.0,140.0,118.0,17.948624,1.289757,5.9364295,34.88821,827.29913,50.955822,0.042187013,19.876354,24.564415,25.245058,-2.8227396,2.1352751,0.5782571
500.0,140.0,138.0,17.231045,-0.34249303,5.2884154,35.1499,797.5332,44.423584,0.044086926,20.216778,23.342175,26.769087,-3.1078575,0.47356167,-0.013068461
500.0,140.0,158.0,17.385118,-1.6699102,4.496148,36.677708,837.2325,41.89263,0.04381792,21.49497,23.837322,27.983637,-4.684315,-1.472081,-0.4378922
500.0,140.0,178.0,18.426895,-2.7023592,3.697157,38.171207,905.6214,42.622803,0.042152595,22.532143,24.869976,28.831411,-6.5157385,-3.020841,-0.67029613
500.0,140.0,198.0,20.191538,-3.5584974,2.857519,37.739307,975.9325,45.77106,0.038676325,22.121084,24.680258,28.642574,-7.408627,-4.085558,-0.721063
500.0,140.0,218.0,22.931108,-4.450802,1.8530867,35.822872,1080.9534,50.659847,0.033154678,20.98924,23.18989,27.582094,-6.8739824,-6.0442934,-0.3654102
500.0,140.0,238.0,27.961195,-5.76667,0.64755285,31.47208,1274.8722,56.658504,0.024715606,19.01663,19.870918,24.153658,-4.910637,-8.184245,0.079718165
500.0,140.0,258.0,35.896416,-6.8046227,-0.7591659,11.114767,1416.7385,63.677,0.007802299,7.0332437,6.5657153,8.715511,-1.2927873,-3.3662922,-0.78851414
500.0,140.0,278.0,38.813194,-5.2199163,-1.8936567,0.0016661391,27.739809,64.611206,6.01749e-05,0.0006022374,-0.0018849728,0.0045868624,-0.0015776285,-0.0009832836,-0.005936909
500.0,140.0,298.0,38.971745,-4.3360214,-2.299518,0.0013690878,15.45135,61.396313,8.870241e-05,0.00031826238,-0.00093742774,0.0033587676,-0.0018678493,-0.0013342539,-0.006910488
500.0,140.0,318.0,39.124523,-3.6374073,-2.48375,0.0012309948,8.970066,57.207397,7.622716e-05,0.00043582963,0.00040422624,0.0016330046,-0.0012672566,-0.0011721344,-0.004734811
500.0,140.0,338.0,39.265404,-3.0772815,-2.5418575,0.0011692881,5.687869,52.604992,4.3000677e-05,0.0006164971,0.0008610747,0.00086244254,-0.0005908525,-0.00062938145,-0.0021572723
500.0,140.0,358.0,39.400017,-2.623534,-2.5310342,0.0011376493,3.7149405,47.90276,2.5448016e-05,0.0006907351,0.00089830667,0.0006752496,-0.00030287076,-0.00036821395,-0.0010692251
500.0,140.0,378.0,39.534218,-2.2529032,-2.4790976,0.0011227281,2.685491,43.29362,1.8517823e-05,0.000715482,0.0009053913,0.0006240152,-0.00018259852,-0.00024883187,-0.00062095077
500.0,140.0,398.0,39.66214,-1.9454334,-2.4011188,0.0011129536,1.968935,38.874157,1.4768565e-05,0.0007277345,0.0008826582,0.0006148944,-0.000120769626,-0.00018483872,-0.00040925058
500.0,140.0,418.0,39.779068,-1.6900274,-2.3097303,0.0011069349,1.4877518,34.687687,1.3635571e-05,0.00073427375,0.0008705437,0.000608478,-9.382242e-05,-0.00015603699,-0.00031519233
500.0,140.0,438.0,39.886562,-1.4763947,-2.2139251,0.0011029941,1.15196,30.755571,1.4211041e-05,0.0007393986,0.0008665747,0.00059954816,-8.285353e-05,-0.00015023132,-0.00027654876
500.0,140.0,488.0,40.116432,-1.0577563,-1.9706272,0.0010969704,0.66645455,22.09084,1.8158904e-05,0.0007542831,0.0008853907,0.0005542089,-7.224473e-05,-0.00015471225,-0.00024042497
500.0,140.0,538.0,40.297653,-0.7876454,-1.7164637,0.0010941688,0.45294026,15.026148,2.392461e-05,0.00077472586,0.00090477313,0.00049455825,-6.615325e-05,-0.00016288702,-0.00021679218
500.0,160.0,28.0,22.480799,1.1222813,-0.5176398,14.20962,1329.3457,82.5986,0.010367804,9.128863,10.355719,8.699731,-2.05707,-3.3139334,0.5473299
500.0,160.0,38.0,25.778631,0.54956603,0.04157673,17.883892,1519.8433,83.78364,0.0096606435,11.982586,13.248304,10.435685,-4.4677763,-3.072378,0.50985867
500.0,160.0,58.0,28.354414,0.2934882,2.0213137,19.978521,1394.0068,84.33008,0.012209385,13.541036,15.578655,10.7765465,-6.3544364,0.89004636,0.04205341
500.0,160.0,78.0,25.419008,1.2346867,3.9300952,24.09855,1219.8934,74.82358,0.019591052,15.399981,20.041094,12.699667,-6.611532,3.0722427,1.3226056
500.0,160.0,98.0,22.554893,1.512885,5.280353,29.901806,1107.522,66.416756,0.02701866,18.313494,24.138847,17.45722,-6.920341,2.946647,3.6071825
500.0,160.0,118.0,20.793331,0.80087364,5.7613077,35.772232,1055.9276,58.789764,0.03389069,21.334446,26.219437,23.747278,-8.139466,1.5420463,4.747757
500.0,160.0,138.0,20.436895,-0.3685068,5.4917226,41.603954,1072.8755,52.53662,0.038785465,25.121147,28.311937,29.62577,-10.093381,-0.76698565,4.370524
500.0,160.0,158.0,21.366783,-1.5459898,4.9076138,46.08283,1126.0358,48.936554,0.04093385,28.137928,30.531282,33.34433,-11.949418,-2.9687166,3.2413676
500.0,160.0,178.0,23.186192,-2.5852642,4.2437034,46.546036,1178.6353,48.37433,0.039506927,28.43149,30.719513,33.79312,-12.567874,-4.083818,2.0648055
500.0,160.0,198.0,25.508322,-3.4528344,3.4843066,42.230247,1228.4137,49.88523,0.034399204,25.544544,27.804838,31.003769,-11.583454,-4.3459396,1.23718
500.0,160.0,218.0,28.558714,-4.2871175,2.58258,34.83231,1309.9596,52.80545,0.026615497,21.029821,22.80835,25.789545,-9.41388,-5.0096893,0.9462008
500.0,160.0,238.0,33.441204,-5.3446527,1.5311615,21.540546,1418.7842,56.41692,0.015195297,13.232365,13.599003,16.237423,-5.390782,-4.548824,0.6017209
500.0,160.0,258.0,38.88926,-5.301017,-0.19350424,0.39481375,388.3877,59.846214,0.00051844754,0.2661725,0.18737724,0.3435163,-0.03766137,-0.037434377,-0.03127889
500.0,160.0,278.0,39.064045,-4.65053,-1.1080726,0.0015493056,19.371117,58.5783,8.049088e-05,0.0004953689,-0.003769669,0.0063442886,-0.0019348027,-0.0008732001,-0.0048064166
500.0,160.0,298.0,39.17801,-4.053951,-1.6222829,0.0013041002,11.940729,55.87208,0.000103550716,0.00032210926,-0.0025762287,0.004846409,-0.0020310779,-0.0012660411,-0.005978136
500.0,160.0,318.0,39.28845,-3.5199764,-1.9264398,0.0012068864,7.633403,52.29588,6.434715e-05,0.00053752225,-0.00031778665,0.0021880947,-0.001024329,-0.0008514644,-0.0031952348
500.0,160.0,338.0,39.40717,-3.0483937,-2.0732768,0.0011605738,5.062491,48.305893,3.8611663e-05,0.00065783394,0.0005001278,0.001160534,-0.0005412037,-0.0004637717,-0.001678158
500.0,160.0,358.0,39.519886,-2.6431146,-2.1376808,0.0011344809,3.509532,44.1708,2.5372552e-05,0.00070398033,0.0007159008,0.00086032465,-0.00029829846,-0.00031544344,-0.00094937725
500.0,160.0,378.0,39.636295,-2.3032196,-2.1509259,0.0011199595,2.5037043,40.05486,1.8009987e-05,0.0007248106,0.0007810863,0.00073350663,-0.000179985,-0.00021159653,-0.0005669272
500.0,160.0,398.0,39.748833,-2.013842,-2.1273196,0.0011109594,1.8246609,36.069313,1.4465963e-05,0.0007327517,0.00080128154,0.00068733824,-0.0001243309,-0.00016118857,-0.00038948705
500.0,160.0,418.0,39.85239,-1.7666086,-2.0801904,0.0011054081,1.3651497,32.259754,1.3748166e-05,0.0007376159,0.0008129196,0.0006597531,-0.000101940735,-0.00014073061,-0.00031525316
500.0,160.0,438.0,39.94866,-1.5540248,-2.0161455,0.0011019134,1.0715343,28.654049,1.4568425e-05,0.0007423051,0.00082821737,0.0006328556,-9.2290094e-05,-0.0001404674,-0.0002871406
500.0,160.0,488.0,40.15856,-1.1393577,-1.8355366,0.0010966406,0.64157873,20.617708,1.9350446e-05,0.0007581426,0.0008491987,0.0005854169,-8.351959e-05,-0.00015257647,-0.00025818608
500.0,160.0,538.0,40.326252,-0.8552067,-1.6254231,0.0010939229,0.435838,14.011645,2.4587061e-05,0.00077805563,0.0008837888,0.0005192529,-7.129192e-05,-0.00015734402,-0.0002377075
500.0,180.0,28.0,28.331911,0.7343993,-0.11252217,19.924582,1830.3093,74.68666,0.008464207,13.477816,13.308463,13.137541,-2.3876626,-5.610721,0.6487189
500.0,180.0,38.0,34.65619,-0.21933533,0.048881683,14.902553,1615.0718,76.25427,0.007669956,10.194417,10.077466,9.584753,-2.4692445,-3.9616995,0.6963395
500.0,180.0,58.0,37.239582,-0.96683604,0.665433,11.109313,1443.6415,76.19453,0.007656424,7.3934784,7.920246,6.8596416,-3.0513468,1.5122032,0.48678032
500.0,180.0,78.0,32.858162,-0.35570198,1.4928199,24.825947,1499.5969,67.56761,0.016574256,16.1675,18.502975,14.982027,-7.1000466,3.1137354,1.4300178
500.0,180.0,98.0,29.591633,0.046476375,2.495857,35.087326,1471.6296,63.407578,0.023868494,22.711834,26.383587,20.982147,-10.8234825,2.8130078,2.9399328
500.0,180.0,118.0,27.885916,-0.07371889,3.3845716,42.642414,1447.8844,59.35907,0.029483275,27.632267,31.151098,26.384274,-13.716498,0.99617267,4.1897264
500.0,180.0,138.0,27.820656,-0.71456236,3.8553305,46.46806,1443.5831,55.271404,0.032230116,30.283514,32.48381,30.186272,-15.157769,-1.221939,4.392556
500.0,180.0,158.0,29.080458,-1.6159531,3.9106028,44.87276,1453.231,52.704094,0.030928615,29.159843,30.299265,30.284983,-14.660879,-2.7295442,3.6184757
500.0,180.0,178.0,31.17145,-2.5212789,3.6332235,37.244774,1466.0598,52.075832,0.025459826,23.952986,24.562916,25.953857,-12.218843,-2.9782047,2.502439
500.0,180.0,198.0,33.742077,-3.3076456,3.0427594,25.104422,1474.7284,52.276634,0.017055567,15.914057,16.314587,17.972654,-8.294746,-2.3862858,1.5423676
500.0,180.0,218.0,36.91286,-4.0159793,2.169755,9.97738,1385.5015,53.5565,0.006986499,6.3754835,6.206517,7.399119,-2.996937,-1.1648526,0.6631399
500.0,180.0,238.0,39.17161,-4.349919,0.95794964,0.20685545,260.31964,54.45028,0.00046211397,0.13838609,0.08843997,0.1893864,-0.027543765,-0.009487644,0.015340352
500.0,180.0,258.0,39.216,-4.3359666,0.0341541,0.0018704889,24.260971,54.025646,7.746266e-05,0.00084904133,-0.0045444313,0.007443092,-0.0016791065,-0.00033136943,-0.0012174011
500.0,180.0,278.0,39.28075,-4.0730124,-0.66328496,0.0013808666,12.917951,52.759617,0.00010606454,0.00043334696,-0.00487853,0.007199711,-0.0021397853,-0.0007859334,-0.003533044
500.0,180.0,298.0,39.3609,-3.699444,-1.1575881,0.0012391611,8.262014,50.41623,6.5495646e-05,0.0005804831,-0.0015411513,0.0034382064,-0.0011547529,-0.0005874472,-0.0025500162
500.0,180.0,318.0,39.443436,-3.309703,-1.474877,0.0011791019,5.9520664,47.378136,4.7332887e-05,0.000649236,-0.0002775296,0.001988873,-0.00071910874,-0.00044791316,-0.001752402
500.0,180.0,338.0,39.54426,-2.9411461,-1.6779728,0.0011453177,4.2074695,43.961468,3.0546405e-05,0.0007027956,0.00034964576,0.0012386042,-0.00040388328,-0.00029500027,-0.0011081708
500.0,180.0,358.0,39.634686,-2.5968082,-1.7957835,0.001127603,3.020639,40.352783,2.1765627e-05,0.00072520965,0.00058923225,0.0009499385,-0.00024879255,-0.00023158632,-0.0007051999
500.0,180.0,378.0,39.734203,-2.297203,-1.8537469,0.001115877,2.1977935,36.720734,1.65848e-05,0.00073341106,0.0006971711,0.00080077106,-0.0001635517,-0.00016743265,-0.00046419541
500.0,180.0,398.0,39.831993,-2.0340707,-1.8692815,0.0011085438,1.6164616,33.161522,1.4296053e-05,0.0007377191,0.00074064883,0.0007382287,-0.0001201699,-0.00014118248,-0.00035132727
500.0,180.0,418.0,39.925064,-1.8022954,-1.8555797,0.0011038996,1.2306484,29.727375,1.4412149e-05,0.0007419737,0.00076492195,0.00070041645,-0.00010408697,-0.00013174428,-0.0003100598
500.0,180.0,438.0,40.011284,-1.6013716,-1.8218129,0.0011007962,0.97552764,26.449802,1.5468031e-05,0.00074650435,0.000786905,0.0006677843,-9.577124e-05,-0.00013514598,-0.00029443778
500.0,180.0,488.0,40.20049,-1.1930864,-1.6928847,0.0010959753,0.5820622,19.057556,2.0298578e-05,0.00076218956,0.0008381792,0.00059094524,-8.966395e-05,-0.00014541218,-0.00026386516
500.0,180.0,538.0,40.356083,-0.9101828,-1.5334764,0.0010936753,0.41813955,12.916627,2.5999521e-05,0.00078246405,0.0008550772,0.0005485831,-7.928652e-05,-0.00015412438,-0.00025660222
500.0,200.0,28.0,33.180744,1.0002352,-0.04155323,15.581098,1796.6759,68.07117,0.006688778,10.6557455,10.024869,10.606705,-1.5727626,-4.4690027,0.7860643
500.0,200.0,38.0,38.408195,-0.013784942,-0.17844127,6.2344427,1203.2043,69.07979,0.005059427,4.2445045,3.9276876,4.281464,-0.47094163,-1.6952022,0.55113786
500.0,200.0,58.0,40.64629,-1.1704406,-0.2833795,0.5757518,298.47333,67.11156,0.0019150941,0.3792712,0.4172562,0.35525718,-0.025149586,-0.024572428,0.06298504
500.0,200.0,78.0,40.22348,-1.0818623,0.007652116,0.59668314,457.30914,63.719337,0.0012135288,0.40233856,0.44618562,0.34908,-0.10557709,0.040302582,-0.0057099853
500.0,200.0,98.0,39.181644,-0.8261646,0.5591792,3.7196186,1155.8767,60.822845,0.002606237,2.5537918,2.612046,2.301824,-0.73703855,0.1448344,0.08173506
500.0,200.0,118.0,38.2731,-0.77509505,1.2632703,7.8966155,1440.3944,58.164684,0.005086099,5.4339123,5.4630237,4.910415,-2.0464604,0.096834905,0.4047397
500.0,200.0,138.0,38.294697,-1.0525594,1.8464373,6.9705434,1383.7036,55.678806,0.004489165,4.7432914,4.7075686,4.457831,-1.7608875,-0.13413952,0.50567085
500.0,200.0,158.0,38.98518,-1.571897,2.0752501,2.469621,923.65784,53.80525,0.0021007282,1.6957582,1.6292802,1.6361778,-0.5022207,-0.080319524,0.23580527
500.0,200.0,178.0,39.336052,-2.2079568,2.0020697,0.16509852,247.64572,51.996593,0.00055522664,0.1191637,0.101014085,0.11931613,-0.031015176,-0.0031764836,0.04684956
500.0,200.0,198.0,39.32411,-2.8425028,1.7473797,0.008238951,68.63056,50.71671,0.00011839832,0.0050305096,0.0017922397,0.009699177,-0.0012367879,-7.069647e-05,0.0069896113
500.0,200.0,218.0,39.344017,-3.3341455,1.3024802,0.0036690615,38.79493,50.014282,9.467515e-05,0.002143941,-0.0021720114,0.0074070496,-0.0014115601,-0.00014265157,0.0037690653
500.0,200.0,238.0,39.37221,-3.6302397,0.72461534,0.0021091984,20.742695,49.55001,0.00010263498,0.0010635803,-0.004450626,0.007624151,-0.001742171,-0.00025331017,0.0018674199
500.0,200.0,258.0,39.413525,-3.6939943,0.11829912,0.0015280683,13.0102215,48.769985,0.00011109352,0.000656391,-0.005069075,0.007476676,-0.0019596915,-0.00043631706,-0.00041212657
500.0,200.0,278.0,39.466663,-3.574131,-0.41772977,0.0012678981,7.587318,47.338192,5.2648524e-05,0.0006898155,-0.0015167542,0.0033615623,-0.0008935945,-0.0003094236,-0.000980538
500.0,200.0,298.0,39.528717,-3.3490322,-0.83623546,0.0011877886,5.510841,45.242565,3.6617905e-05,0.00070708216,-0.0004454371,0.0021171658,-0.00056526973,-0.00024963802,-0.0009403268
500.0,200.0,318.0,39.59749,-3.0765543,-1.1452789,0.0011506284,4.260601,42.63529,2.912092e-05,0.00071694254,5.1431067e-05,0.0015355111,-0.00040535803,-0.00021322622,-0.00079228723
500.0,200.0,338.0,39.675755,-2.788662,-1.3633238,0.001131344,3.2169807,39.69554,2.1798269e-05,0.0007289788,0.00039509914,0.0011391842,-0.00026788062,-0.00017735455,-0.0006194101
500.0,200.0,358.0,39.74845,-2.505016,-1.5053003,0.001120178,2.4829082,36.571156,1.795659e-05,0.00073622336,0.0005542387,0.00096486835,-0.000201007,-0.00016070445,-0.00048335607
500.0,200.0,378.0,39.83291,-2.2503996,-1.591893,0.0011114132,1.8353301,33.38356,1.4930588e-05,0.00073906884,0.0006484179,0.0008349864,-0.00014731013,-0.00012889502,-0.00036428502
500.0,200.0,398.0,39.91619,-2.017678,-1.6358789,0.0011058532,1.387396,30.227438,1.4260457e-05,0.00074164866,0.0006926462,0.00077693386,-0.00012223236,-0.00012277976,-0.00031651117
500.0,200.0,418.0,39.997555,-1.8080267,-1.6497419,0.0011020048,1.0702021,27.153337,1.5176219e-05,0.0007456586,0.0007210572,0.00073678273,-0.00011364332,-0.00012270805,-0.0003013413
500.0,200.0,438.0,40.07324,-1.6216027,-1.6407846,0.0010993966,0.85420465,24.19445,1.6722019e-05,0.0007506694,0.0007437861,0.0007038612,-0.00010860178,-0.0001297099,-0.00029509515
500.0,200.0,488.0,40.24587,-1.221225,-1.5408964,0.0010955123,0.5574093,17.440767,1.9972673e-05,0.0007643192,0.00079491094,0.0006311386,-9.212584e-05,-0.00013086919,-0.00028694054
500.0,200.0,538.0,40.388504,-0.9470264,-1.4325285,0.001093368,0.39615536,11.69808,2.6962527e-05,0.00078592944,0.00080373493,0.00058107614,-8.7274304e-05,-0.00015045381,-0.00027763422
500.0,220.0,28.0,36.100937,1.6070387,-0.26071772,8.18462,1157.3833,61.451416,0.006562541,5.7217526,5.135886,5.637174,-0.2633457,-2.273116,0.8038554
500.0,220.0,38.0,38.171036,0.36795232,-0.3899385,4.107427,642.73755,60.35781,0.0063983654,2.7506313,2.5872054,2.8795269,0.42453462,-0.77820504,0.7416895
500.0,220.0,58.0,40.11071,-1.4033824,-0.4407875,1.7255298,461.12576,58.28238,0.0037069682,1.1641049,1.2256551,1.0757077,0.17168039,-0.36429298,0.15605164
500.0,220.0,78.0,40.70623,-1.5745847,0.003868823,0.3126944,194.8048,56.964314,0.0016018836,0.20309488,0.29103982,0.13347787,-0.045661096,0.042229924,-0.023528803
500.0,220.0,98.0,40.065247,-1.3482945,0.4325901,0.14942226,146.62267,55.320026,0.0010183523,0.09396208,0.14788312,0.056560267,-0.02475533,0.02837026,-0.008274971
500.0,220.0,118.0,39.63312,-1.2547953,0.8434994,0.05962921,116.35235,53.544777,0.0005124852,0.037231825,0.062043786,0.019789603,-0.008914432,0.0059769684,0.0050435523
500.0,220.0,138.0,39.47828,-1.4038516,1.1940739,0.026244976,87.69897,51.57336,0.00029962257,0.016311608,0.027438793,0.008678793,-0.0040588453,0.00054503046,0.00878415
500.0,220.0,158.0,39.44165,-1.7417389,1.4044368,0.01450513,68.453445,49.701195,0.0002120059,0.008971797,0.012865239,0.0071413326,-0.0026434564,-0.0001928884,0.008785438
500.0,220.0,178.0,39.440853,-2.1652875,1.4282309,0.0088139605,50.964848,48.09246,0.00017314217,0.0054046125,0.0051226444,0.007096974,-0.0021808704,-0.00026391025,0.0076346104
500.0,220.0,198.0,39.456764,-2.583166,1.2699211,0.0049947677,33.82241,46.82618,0.00014759184,0.0029885757,0.00014648493,0.006860571,-0.001965286,-0.00034001007,0.0057681035
500.0,220.0,218.0,39.495308,-2.924331,0.9654418,0.0024443215,17.036612,45.838226,0.00013905377,0.0013389945,-0.0030800719,0.0066442145,-0.0019751773,-0.0004224171,0.00395279
500.0,220.0,238.0,39.537235,-3.1482508,0.5644096,0.001676779,11.210689,44.92337,9.333759e-05,0.000929201,-0.002744796,0.005181806,-0.0014112841,-0.0003097293,0.0014588474
500.0,220.0,258.0,39.578922,-3.2171466,0.13099341,0.0013730015,7.618708,43.81464,5.445442e-05,0.0008089219,-0.0013239533,0.0032638006,-0.0008218088,-0.00020646495,2.9466313e-05
500.0,220.0,278.0,39.62467,-3.167564,-0.27829167,0.001211938,5.11616,42.336212,3.10704e-05,0.0007555651,-0.00033072417,0.0019984897,-0.0004635281,-0.00015481224,-0.00031707788
500.0,220.0,298.0,39.676064,-3.0272384,-0.6286079,0.0011566896,3.846558,40.427143,2.285106e-05,0.00074172387,8.215895e-05,0.0014902691,-0.00031818583,-0.00012946376,-0.0003836331
500.0,220.0,318.0,39.734234,-2.8330693,-0.9068306,0.001131836,3.03692,38.15368,1.888319e-05,0.0007391402,0.00031207773,0.0012129921,-0.00023862276,-0.00012014851,-0.00038606592
500.0,220.0,338.0,39.798256,-2.621894,-1.116259,0.0011198209,2.3838263,35.61259,1.6095857e-05,0.00074032403,0.00048318275,0.0010163847,-0.00018498051,-0.000111936875,-0.0003629754
500.0,220.0,358.0,39.858215,-2.3895488,-1.263522,0.0011126852,1.897584,32.90292,1.4884605e-05,0.0007428744,0.00056363246,0.00093492155,-0.00015383436,-0.0001116283,-0.000329948
500.0,220.0,378.0,39.92999,-2.1758583,-1.3647039,0.0011072123,1.4807333,30.11056,1.4476042e-05,0.0007441902,0.0006134946,0.000856237,-0.0001335417,-0.000106672895,-0.00030002987
500.0,220.0,398.0,40.000996,-1.9746041,-1.4272678,0.0011032893,1.1626283,27.323654,1.5110594e-05,0.00074684055,0.00065350864,0.0008055104,-0.00012219917,-0.00011392922,-0.00029398626
500.0,220.0,418.0,40.07307,-1.7877759,-1.4600765,0.0011002755,0.92260903,24.58636,1.6553353e-05,0.00075134705,0.000680577,0.0007679704,-0.000118521246,-0.00011757125,-0.00029443201
500.0,220.0,438.0,40.138874,-1.6171968,-1.4696459,0.0010981692,0.7535752,21.931826,1.8204146e-05,0.00075641315,0.0007070732,0.0007326806,-0.000114403556,-0.000125392,-0.00029416505
500.0,220.0,488.0,40.291985,-1.2443941,-1.418849,0.0010948178,0.4972487,15.796866,2.1923493e-05,0.000770484,0.0007834897,0.00063575525,-9.732548e-05,-0.00013030534,-0.00028405286
500.0,220.0,538.0,40.421776,-0.9684113,-1.3297371,0.0010930384,0.37225798,10.474367,2.885803e-05,0.0007919731,0.00078652333,0.00060913793,-9.3452894e-05,-0.00014763298,-0.00028161664
500.0,240.0,28.0,35.231293,1.8384156,-0.012575219,6.128529,696.0083,52.09954,0.008803169,4.1265545,4.081557,4.0953813,0.7086321,-1.173821,0.99108577
500.0,240.0,38.0,36.162094,0.47800186,-0.03283577,5.0697074,605.46405,51.093105,0.008345177,3.3278546,3.3700373,3.432784,0.8771183,-0.7029467,0.83349156
500.0,240.0,58.0,38.692734,-1.510811,-0.07400152,3.8418655,574.9103,50.272594,0.006591289,2.5933151,2.565078,2.5442047,0.41384405,-1.1081238,0.25906572
500.0,240.0,78.0,41.016018,-2.0292346,0.13920166,0.5071203,271.48364,50.998123,0.0018220292,0.35637206,0.39914972,0.26727036,-0.029900873,-0.030333767,-0.046750072
500.0,240.0,98.0,40.41683,-1.7504904,0.4544871,0.16859148,131.97618,49.449356,0.0012757631,0.108837634,0.15293184,0.07779307,-0.03338402,0.042133715,-0.021440553
500.0,240.0,118.0,39.859406,-1.609312,0.7236442,0.066570945,91.57146,48.25321,0.00072504545,0.042012393,0.06447409,0.026355283,-0.013212166,0.012506818,0.00030396218
500.0,240.0,138.0,39.634373,-1.6626626,0.9373247,0.026546124,61.986153,46.701435,0.00042786796,0.016755242,0.025716195,0.010327359,-0.005900109,0.0016970334,0.0069273645
500.0,240.0,158.0,39.57647,-1.8545799,1.0574661,0.01339456,44.965607,45.199192,0.00029765136,0.008417501,0.011172404,0.0071450155,-0.0036791258,-1.3757749e-05,0.0076616155
500.0,240.0,178.0,39.568928,-2.1206143,1.0588031,0.0075069857,31.82855,43.81795,0.00023574398,0.004667033,0.003949185,0.0063956147,-0.002820834,-0.00032076315,0.0068876687
500.0,240.0,198.0,39.58924,-2.3965654,0.9410224,0.0036275554,18.48955,42.589577,0.00019467284,0.0021969825,-0.0007030994,0.00575485,-0.0024098721,-0.0005554375,0.0052983253
500.0,240.0,218.0,39.63318,-2.6323798,0.72127503,0.0019325317,9.789953,41.49445,8.188297e-05,0.0012111142,-0.0007816014,0.0034379857,-0.0010494652,-0.0002755461,0.0016611335
500.0,240.0,238.0,39.678127,-2.7895021,0.43043703,0.0015050259,7.0565176,40.406296,5.0182407e-05,0.00096235285,-0.0005328284,0.0025852309,-0.0006561931,-0.00017460686,0.0006144812
500.0,240.0,258.0,39.718933,-2.8554945,0.10893503,0.0012782271,4.7364297,39.1848,2.85096e-05,0.0008301529,-4.6725327e-05,0.00177357,-0.0003751355,-0.00010419319,6.249791e-05
500.0,240.0,278.0,39.76119,-2.836043,-0.2077948,0.0011717767,3.3467371,37.724907,1.851824e-05,0.00077045185,0.00022814341,0.0013454466,-0.00024084884,-8.103866e-05,-0.00010030762
500.0,240.0,298.0,39.803806,-2.7443802,-0.4937198,0.0011368458,2.6699243,35.98228,1.5830648e-05,0.0007530244,0.0003451264,0.0011758521,-0.0001907748,-7.469915e-05,-0.0001757016
500.0,240.0,318.0,39.85146,-2.6084225,-0.7341106,0.001119157,2.1507661,33.97223,1.4455607e-05,0.00074625894,0.0004369209,0.0010555361,-0.00015985029,-7.93044e-05,-0.00021697902
500.0,240.0,338.0,39.904053,-2.4477794,-0.9276146,0.0011120975,1.7811759,31.750027,1.3877844e-05,0.0007450384,0.00048920873,0.0009904917,-0.00014077088,-8.683376e-05,-0.0002317631
500.0,240.0,358.0,39.95623,-2.2602158,-1.0689119,0.0011073669,1.4552251,29.398762,1.4527593e-05,0.00074688415,0.00055289926,0.0009227583,-0.00013922612,-9.037446e-05,-0.00026169347
500.0,240.0,378.0,40.017162,-2.084536,-1.1748276,0.001103753,1.1845986,26.959282,1.5390935e-05,0.0007494548,0.00058649294,0.0008719049,-0.00013184406,-9.72151e-05,-0.0002684256
500.0,240.0,398.0,40.077538,-1.9122789,-1.2466843,0.0011009402,0.9640877,24.504251,1.65665e-05,0.0007527433,0.00061944395,0.0008299405,-0.00012630376,-0.00010781456,-0.0002790822
500.0,240.0,418.0,40.140587,-1.7476219,-1.2919314,0.0010987286,0.79166776,22.073313,1.8156325e-05,0.00075766485,0.0006463271,0.00079374394,-0.00012232039,-0.00011372421,-0.00028678804
500.0,240.0,438.0,40.198254,-1.5949304,-1.3154159,0.0010970866,0.6640023,19.697752,1.983005e-05,0.0007629071,0.0006717834,0.00075966323,-0.000118593955,-0.000120674966,-0.00029031542
500.0,240.0,488.0,40.335167,-1.253299,-1.3226691,0.0010945285,0.48148516,14.1484375,2.2481634e-05,0.00077414,0.0006796882,0.00073618704,-0.00010068572,-0.0001213952,-0.0002971368
500.0,240.0,538.0,40.454422,-0.9865202,-1.2365245,0.0010927651,0.35511166,9.283738,3.0061283e-05,0.00079678977,0.00076950516,0.00061618094,-0.00010003734,-0.00014082178,-0.00028296022
500.0,260.0,28.0,32.878246,1.6631105,0.4936605,5.7382007,699.5321,44.74703,0.008215703,3.7092865,4.109424,3.691823,1.0577351,-0.7631091,0.8401826
500.0,260.0,38.0,33.81424,0.41905576,0.5362761,5.622239,655.8457,44.567192,0.008553102,3.6413162,3.866999,3.7389822,0.9236813,-0.9850092,0.7865464
500.0,260.0,58.0,37.407402,-1.4417324,0.5232927,5.2190905,635.1488,44.906822,0.007659088,3.5502512,3.3654053,3.490311,0.3122458,-1.6331294,0.3251917
500.0,260.0,78.0,40.832405,-2.1666148,0.526143,0.9722035,349.55685,44.940575,0.0025252884,0.6644138,0.636189,0.6362937,0.008528414,-0.18976708,-0.03396992
500.0,260.0,98.0,40.63939,-1.9532342,0.5852777,0.17156085,129.64172,44.186474,0.0013186061,0.10942772,0.13105598,0.10265618,-0.024069365,0.047265194,-0.022694126
500.0,260.0,118.0,40.01671,-1.8039043,0.67996556,0.07242051,82.60925,43.100994,0.00086910406,0.04633754,0.0593898,0.038694594,-0.013166051,0.017303072,-0.0026409375
500.0,260.0,138.0,39.748405,-1.7960522,0.7749914,0.026486613,50.29105,41.90927,0.0005221896,0.017204411,0.022521963,0.013374364,-0.0064742956,0.002731813,0.004605975
500.0,260.0,158.0,39.680992,-1.9024898,0.8241445,0.01203518,32.90803,40.677208,0.00036442294,0.007866134,0.008961067,0.0072815563,-0.004228364,-3.7724512e-05,0.0058581964
500.0,260.0,178.0,39.676125,-2.069712,0.80450946,0.006078783,21.460377,39.481106,0.00028282948,0.003971783,0.0025360228,0.0056430683,-0.003286127,-0.00047229356,0.005405271
500.0,260.0,198.0,39.704975,-2.251161,0.7087835,0.002933888,12.200253,38.343384,0.00015042795,0.0019298044,-7.047295e-05,0.0039518373,-0.0018059751,-0.00049532653,0.0027381969
500.0,260.0,218.0,39.75411,-2.4098136,0.54171246,0.0017277551,6.593995,37.24567,5.0909126e-05,0.001147024,0.00013841025,0.0021620265,-0.00062071887,-0.00018105963,0.000731007
500.0,260.0,238.0,39.80014,-2.5208426,0.32382905,0.001399277,4.5183215,36.119083,2.9271818e-05,0.0009334528,0.00023230526,0.0016312259,-0.00035543428,-0.00010164849,0.0002540184
500.0,260.0,258.0,39.839226,-2.573634,0.07856032,0.0012240348,3.1702135,34.889687,1.9016285e-05,0.00081728934,0.00032838798,0.0012937117,-0.00022983819,-6.67238e-05,4.270369e-05
500.0,260.0,278.0,39.876976,-2.5634484,-0.16994673,0.0011493519,2.316784,33.492764,1.4811809e-05,0.00076826377,0.00039443927,0.0011359474,-0.00017554093,-5.7955538e-05,-5.4538115e-05
500.0,260.0,298.0,39.913002,-2.5019433,-0.40212443,0.0011237011,1.8617672,31.8955,1.4006867e-05,0.0007555194,0.0004322813,0.0010595315,-0.00015654725,-5.7793848e-05,-0.000115598115
500.0,260.0,318.0,39.954185,-2.4018998,-0.605774,0.0011111343,1.526067,30.109428,1.4061596e-05,0.0007486601,0.0004664885,0.001007682,-0.00015039611,-6.779407e-05,-0.00016317483
500.0,260.0,338.0,39.999012,-2.2786539,-0.7748135,0.0011066151,1.3183395,28.161701,1.478545e-05,0.000748596,0.00050251756,0.00096310023,-0.00014762017,-7.8789286e-05,-0.00020405868
500.0,260.0,358.0,40.049625,-2.1334145,-0.91055936,0.0011032377,1.1120635,26.100643,1.5510628e-05,0.00075199915,0.0005314582,0.00092196855,-0.00014120035,-8.630646e-05,-0.00023241929
500.0,260.0,378.0,40.10193,-1.9855888,-1.0144535,0.0011008306,0.94073886,23.965612,1.6853219e-05,0.00075558573,0.00056365033,0.0008832655,-0.00013871375,-9.2565206e-05,-0.00025074283
500.0,260.0,398.0,40.153713,-1.8384255,-1.0900916,0.0010988262,0.7906681,21.801268,1.8081977e-05,0.000759163,0.0005924272,0.0008469461,-0.00013425,-0.00010334612,-0.0002656637
500.0,260.0,418.0,40.208786,-1.6943758,-1.1424203,0.001097236,0.67242575,19.644049,1.958385e-05,0.00076396094,0.0006177485,0.00081369304,-0.00013142652,-0.00010778021,-0.000276481
500.0,260.0,438.0,40.258816,-1.5579262,-1.1751881,0.0010960222,0.582492,17.523285,2.1197779e-05,0.00076918566,0.0006418796,0.00078184024,-0.00012690034,-0.000113937866,-0.00028343845
500.0,260.0,488.0,40.380314,-1.2461474,-1.1852975,0.0010939902,0.4410098,12.511136,2.5204472e-05,0.00078282173,0.00069593725,0.0007102071,-0.000113222086,-0.00012205672,-0.0002913786
500.0,260.0,538.0,40.487915,-0.9958163,-1.1426653,0.0010924662,0.33554423,8.057247,3.1643613e-05,0.00080247584,0.0007379545,0.00064247334,-0.00010151687,-0.00013523707,-0.0002917284
500.0,280.0,28.0,29.923132,1.2160816,0.9172027,5.6987357,863.51416,40.334396,0.006614891,3.638235,4.094217,3.6640007,0.8469707,-1.2204936,0.54704297
500.0,280.0,38.0,31.959908,0.29399514,0.94611096,6.11887,757.32526,40.310207,0.0073733185,4.0220127,4.1027613,4.109094,0.26367873,-1.7423958,0.601723
500.0,280.0,58.0,37.105022,-1.2104552,0.87798774,5.6328006,669.0872,40.399105,0.007375041,3.9253144,3.531242,3.8073134,-0.1205807,-1.7821609,0.3672055
500.0,280.0,78.0,40.79133,-2.037436,0.7865444,1.1957939,377.5048,40.110844,0.002902256,0.8251043,0.7424186,0.82405937,-0.021914724,-0.29598907,0.022808552
500.0,280.0,98.0,40.87655,-1.9908742,0.70851785,0.17405634,130.69028,39.39543,0.0013258485,0.11338951,0.1124524,0.12243032,-0.02084842,0.049164884,-0.018055739
500.0,280.0,118.0,40.17895,-1.8632505,0.6918761,0.073436774,77.841286,38.468704,0.0009374832,0.048320543,0.050134674,0.048425294,-0.012226017,0.02189456,-0.004315762
500.0,280.0,138.0,39.86958,-1.8399684,0.7045275,0.026294539,44.001976,37.441223,0.0005923991,0.01770832,0.018004544,0.016885426,-0.006600743,0.0038635216,0.0021327883
500.0,280.0,158.0,39.79209,-1.8974625,0.7024777,0.011202132,26.337166,36.38286,0.00042293876,0.007723766,0.0063662035,0.008313567,-0.0045199613,1.6404529e-05,0.003877779
500.0,280.0,178.0,39.786343,-2.004198,0.65970737,0.0052543017,16.128344,35.322742,0.00029338253,0.0037147736,0.0013193022,0.005470236,-0.0031194445,-0.0005763417,0.003448757
500.0,280.0,198.0,39.81969,-2.1231856,0.56849927,0.002508486,8.663358,34.276455,9.767055e-05,0.0017490708,0.00046090642,0.0028067161,-0.0010619634,-0.0003611936,0.001125083
500.0,280.0,218.0,39.87037,-2.2299783,0.42979664,0.0015819164,4.5808163,33.22107,3.4137505e-05,0.0010817859,0.0004863462,0.0015955588,-0.00037332549,-0.00012505167,0.00032140565
500.0,280.0,238.0,39.914555,-2.3067904,0.25548792,0.0013242936,2.978974,32.122635,2.0891057e-05,0.00090007676,0.00047529684,0.0012731374,-0.00022709288,-7.064741e-05,0.00012222295
500.0,280.0,258.0,39.95168,-2.3447466,0.06049201,0.0011875543,2.0970998,30.93691,1.6453398e-05,0.00080607086,0.00044871646,0.0011203972,-0.0001770621,-5.5773784e-05,2.4810604e-05
500.0,280.0,278.0,39.986794,-2.337741,-0.1396333,0.0011351755,1.6228842,29.626211,1.5314134e-05,0.0007712887,0.00043974808,0.00105942,-0.00016091701,-5.350296e-05,-4.0464667e-05
500.0,280.0,298.0,40.018566,-2.2939298,-0.33115652,0.0011147127,1.3213127,28.170893,1.5385816e-05,0.0007593746,0.00044527973,0.0010249264,-0.00015513142,-5.6199206e-05,-9.332356e-05
500.0,280.0,318.0,40.0553,-2.2187908,-0.50400716,0.0011057997,1.1253366,26.571398,1.585656e-05,0.0007558928,0.00046179467,0.0009941277,-0.00015145534,-6.6303364e-05,-0.00013924214
500.0,280.0,338.0,40.09348,-2.123045,-0.6533676,0.0011025923,0.9942201,24.848953,1.6607166e-05,0.0007570732,0.0004852458,0.00096313853,-0.00014751333,-7.352108e-05,-0.00017971329
500.0,280.0,358.0,40.13657,-2.0050807,-0.77784306,0.0011002806,0.8700984,23.03118,1.7564038e-05,0.0007593789,0.0005122694,0.0009291853,-0.00014359287,-8.395473e-05,-0.00021183978
500.0,280.0,378.0,40.181614,-1.8823494,-0.87721556,0.0010986043,0.75927657,21.149769,1.8875215e-05,0.00076321815,0.00053668045,0.0008976102,-0.0001409807,-8.859948e-05,-0.00023478315
500.0,280.0,398.0,40.22536,-1.7571036,-0.9536032,0.0010972518,0.6634133,19.237267,2.0105097e-05,0.00076687086,0.00056343566,0.0008644649,-0.00013600827,-0.00010001773,-0.0002523732
500.0,280.0,418.0,40.274002,-1.6315948,-1.0096955,0.0010960842,0.5811633,17.32274,2.1650441e-05,0.0007717835,0.0005874745,0.00083317375,-0.00013197254,-0.000104626786,-0.00026620275
500.0,280.0,438.0,40.317013,-1.5110389,-1.0482091,0.00109517,0.515958,15.430591,2.3338609e-05,0.0007770492,0.0006114918,0.0008021327,-0.00012786924,-0.00011001225,-0.0002759456
500.0,280.0,488.0,40.422695,-1.2370795,-1.0918272,0.001093505,0.40052512,10.914095,2.9954515e-05,0.00079558307,0.00066776935,0.00072348723,-0.00012461966,-0.00012815555,-0.00027514246
500.0,280.0,538.0,40.518154,-0.9952687,-1.0581274,0.0010921675,0.31480023,6.8982396,3.5039306e-05,0.0008122777,0.0007147385,0.0006631801,-0.000109523775,-0.00013439544,-0.0002866095
500.0,300.0,28.0,29.347641,0.9112457,0.768357,6.640638,1002.42896,37.603653,0.005606159,4.4889894,4.5060706,4.289735,-0.5743466,-1.9333413,0.3522847
500.0,300.0,38.0,32.578014,0.3504207,0.8642602,6.8925166,841.308,37.42723,0.006705599,4.7664156,4.5319934,4.489649,-0.59635824,-2.0045934,0.47792023
500.0,300.0,58.0,37.481094,-0.917921,0.94935685,4.964752,619.00616,36.762115,0.0072332015,3.4784496,3.1393628,3.3103356,-0.21528564,-1.5185757,0.43991128
500.0,300.0,78.0,40.811035,-1.8372036,0.8940896,1.1976975,371.4212,36.038757,0.0030169806,0.8308262,0.74062276,0.82407063,-0.02036735,-0.3183958,0.06662381
500.0,300.0,98.0,41.057014,-1.9224861,0.784457,0.1763396,131.85568,35.18257,0.0013315203,0.11633425,0.104516625,0.13170898,-0.017391177,0.049213663,-0.009758973
500.0,300.0,118.0,40.316223,-1.8386656,0.70692354,0.07388488,74.72303,34.28489,0.0009822778,0.0493622,0.043870337,0.05453462,-0.011188769,0.025329832,-0.0031884685
500.0,300.0,138.0,39.97735,-1.8184824,0.66528744,0.025544317,39.880398,33.35683,0.00063460413,0.017686987,0.014063092,0.019337589,-0.006512184,0.0046396703,0.0012811868
500.0,300.0,158.0,39.894,-1.852776,0.625202,0.010397234,22.307285,32.40676,0.00046188405,0.007538093,0.0040717395,0.009183586,-0.0046131643,9.38958e-05,0.0027073633
500.0,300.0,178.0,39.88897,-1.9223319,0.56447953,0.00466281,12.966872,31.445583,0.00023394967,0.0034289788,0.0010367848,0.004857962,-0.002352093,-0.0004934323,0.0018239507
500.0,300.0,198.0,39.927155,-2.0012472,0.4737438,0.0022436476,6.5267515,30.471554,6.9042544e-05,0.0015922062,0.0006628052,0.002232155,-0.0007041973,-0.00026420283,0.00053259416
500.0,300.0,218.0,39.978046,-2.073804,0.35271853,0.001497701,3.3356261,29.470804,2.7989487e-05,0.0010373654,0.0005849382,0.0013731059,-0.00028312765,-0.000101233185,0.0001793064
500.0,300.0,238.0,40.020603,-2.1262329,0.20759046,0.001278162,2.0241349,28.42189,2.0401667e-05,0.00088071026,0.000509358,0.0011662444,-0.00020253565,-6.586251e-05,8.2561586e-05
500.0,300.0,258.0,40.05522,-2.1523736,0.047709856,0.0011663847,1.4633061,27.299204,1.8138035e-05,0.00080372614,0.0004539712,0.0010750837,-0.00017504174,-5.689925e-05,1.699372e-05
500.0,300.0,278.0,40.08635,-2.1455612,-0.11733865,0.0011260702,1.175272,26.080553,1.7562694e-05,0.0007770103,0.0004364708,0.0010386595,-0.00016308186,-5.445438e-05,-3.5783556e-05
500.0,300.0,298.0,40.112743,-2.1122222,-0.2776619,0.0011089451,0.97973615,24.753319,1.7706676e-05,0.00076708355,0.00043674838,0.0010141056,-0.00015693007,-5.6117213e-05,-8.124615e-05
500.0,300.0,318.0,40.144096,-2.0537024,-0.42551038,0.0011022562,0.8613021,23.31693,1.8183136e-05,0.00076473545,0.00044986632,0.0009899389,-0.00015325121,-6.577819e-05,-0.00012444342
500.0,300.0,338.0,40.175655,-1.9776155,-0.55726904,0.0010998592,0.78225356,21.784922,1.883811e-05,0.00076587935,0.00046962642,0.0009642707,-0.0001492636,-7.1529816e-05,-0.00016400826
500.0,300.0,358.0,40.212364,-1.8811362,-0.67039645,0.001098154,0.7044721,20.175734,1.9714718e-05,0.00076798163,0.0004930701,0.00093533937,-0.00014596988,-8.126715e-05,-0.00019544784
500.0,300.0,378.0,40.250645,-1.778684,-0.7638335,0.0010970006,0.63378745,18.511904,2.1016152e-05,0.00077177054,0.00051507563,0.0009071832,-0.00014348264,-8.557587e-05,-0.00021941858
500.0,300.0,398.0,40.28846,-1.672113,-0.8382301,0.0010959987,0.5676405,16.818024,2.218311e-05,0.0007751191,0.0005402485,0.0008766923,-0.0001395431,-9.592644e-05,-0.0002387516
500.0,300.0,418.0,40.33048,-1.5630895,-0.8956534,0.0010951412,0.510096,15.116982,2.3714258e-05,0.0007797752,0.00056353095,0.0008469878,-0.00013571559,-0.000100662364,-0.00025461614
500.0,300.0,438.0,40.36821,-1.4566659,-0.93759674,0.0010943974,0.45981416,13.42925,2.53055e-05,0.0007845385,0.0005855515,0.0008187296,-0.00013200412,-0.00010503319,-0.00026609146
500.0,300.0,488.0,40.462597,-1.1993636,-0.98521763,0.001093144,0.38161626,9.3682,2.9091754e-05,0.00079613365,0.00066529744,0.0007242015,-0.00011666722,-0.00011446641,-0.00028946335
500.0,300.0,538.0,40.550896,-0.9857914,-0.9810522,0.0010919038,0.30040386,5.673513,3.5328583e-05,0.00081432343,0.0006773429,0.0006827712,-0.00011027991,-0.00012561343,-0.00029411714
500.0,350.0,28.0,32.630157,0.6451108,0.51100373,4.930086,688.30023,28.472126,0.007204457,3.3721032,3.4763398,3.010972,0.162742,-1.3700719,0.23632565
500.0,350.0,38.0,34.31385,0.24039996,0.68585664,4.5689588,573.0236,28.307062,0.007979296,3.1308484,3.1957939,2.8108041,0.16936758,-1.2512056,0.35676497
500.0,350.0,58.0,37.43917,-0.7155401,0.8717746,4.149168,523.5694,27.778273,0.0075620026,2.8647063,2.742522,2.6911602,0.041545734,-1.2736591,0.34591445
500.0,350.0,78.0,40.759914,-1.4308819,0.9120928,1.5770955,417.15524,27.129402,0.0035940423,1.099624,0.9951139,1.0594513,-0.032701813,-0.46240035,0.08576471
500.0,350.0,98.0,41.338097,-1.6022542,0.81249905,0.17904407,134.94687,26.28792,0.0013164042,0.12105946,0.09969997,0.13734218,-0.010337173,0.04853228,0.0014394984
500.0,350.0,118.0,40.554436,-1.5956366,0.6901083,0.06992306,68.284035,25.453245,0.0010171583,0.04840216,0.034107514,0.057356805,-0.007878627,0.028250603,0.0012341844
500.0,350.0,138.0,40.19827,-1.6059741,0.59650004,0.022416743,32.399036,24.645605,0.00068484375,0.016585747,0.0074996348,0.020751333,-0.005497112,0.005335716,0.001707519
500.0,350.0,158.0,40.116238,-1.631287,0.5151106,0.0083532,16.63724,23.841217,0.00037268864,0.006509899,0.0016346094,0.00856374,-0.003057931,9.835957e-05,0.0012621705
500.0,350.0,178.0,40.115868,-1.6682811,0.43334034,0.003697041,8.771805,23.02751,0.00013253445,0.002796982,0.000995285,0.0036019117,-0.0010939272,-0.00031215232,0.0005001824
500.0,350.0,198.0,40.159393,-1.7039989,0.34422076,0.0018675786,3.7809849,22.193657,4.345675e-05,0.0013524295,0.00072828535,0.001654559,-0.00035836155,-0.00015702026,0.00015078954
500.0,350.0,218.0,40.205647,-1.7361885,0.2490302,0.0013818946,1.7490286,21.330944,2.9385259e-05,0.000992538,0.0005555005,0.0012157406,-0.0002363487,-9.423015e-05,7.9346755e-05
500.0,350.0,238.0,40.24113,-1.758458,0.14467387,0.0012150337,1.0436062,20.433699,2.5736423e-05,0.00087173004,0.00047480525,0.0010835201,-0.00020023518,-6.965122e-05,3.9858296e-05
500.0,350.0,258.0,40.26882,-1.7670366,0.034358427,0.0011376156,0.78897125,19.48946,2.4104784e-05,0.0008159285,0.00043691695,0.0010223573,-0.00018048058,-6.071211e-05,5.817969e-07
500.0,350.0,278.0,40.29188,-1.7595466,-0.077726744,0.001113593,0.65655077,18.492891,2.3833309e-05,0.00079931255,0.00042424598,0.0010035456,-0.00017080909,-5.4705964e-05,-2.8931687e-05
500.0,350.0,298.0,40.310158,-1.7401209,-0.18740994,0.0011008584,0.5672113,17.439522,2.368713e-05,0.00079043634,0.00042137923,0.0009899244,-0.00016307784,-5.6970155e-05,-5.964511e-05
500.0,350.0,318.0,40.333324,-1.70689,-0.29016048,0.0010971745,0.5220056,16.327932,2.4242207e-05,0.00078952254,0.00042992271,0.0009749886,-0.00015842827,-6.415731e-05,-9.887886e-05
500.0,350.0,338.0,40.354652,-1.6596316,-0.38558334,0.0010956976,0.49414992,15.164202,2.4604082e-05,0.0007897134,0.00044144096,0.00096035853,-0.00015250602,-6.635101e-05,-0.0001334374
500.0,350.0,358.0,40.380573,-1.5983807,-0.47180825,0.0010947513,0.46319306,13.9551935,2.5452315e-05,0.0007913819,0.000459582,0.0009385572,-0.00014856453,-7.634938e-05,-0.00016467329
500.0,350.0,378.0,40.406982,-1.5312283,-0.54807496,0.0010941994,0.43547305,12.710747,2.7026996e-05,0.0007955297,0.00047517614,0.0009174365,-0.00014676312,-7.759936e-05,-0.00018806962
500.0,350.0,398.0,40.43302,-1.4592869,-0.6132177,0.0010936838,0.40477252,11.443872,2.8290595e-05,0.00079841673,0.00049634115,0.0008922464,-0.00014385296,-8.898789e-05,-0.0002086389
500.0,350.0,418.0,40.46331,-1.3822627,-0.66641,0.0010932361,0.38032556,10.167171,2.9552584e-05,0.0008018493,0.000512868,0.00087144447,-0.0001385497,-9.054316e-05,-0.00022659042
500.0,350.0,438.0,40.48944,-1.3049326,-0.70980823,0.0010928296,0.35525265,8.893028,3.1176456e-05,0.000805963,0.0005302028,0.0008501009,-0.00013531379,-9.4353156e-05,-0.00023983902
500.0,350.0,488.0,40.557648,-1.1116221,-0.77540547,0.0010921856,0.3172417,5.780834,3.74796e-05,0.00082186406,0.0006039577,0.00075812836,-0.00012817633,-0.00011038118,-0.00027190443
500.0,350.0,538.0,40.624645,-0.93825686,-0.7946322,0.0010913174,0.26553756,2.8823934,4.0462193e-05,0.00082993036,0.0006298871,0.0007182217,-0.000114212846,-0.00011085384,-0.00028622834
500.0,400.0,28.0,31.133484,0.10504676,0.44322497,6.692892,792.923,21.021,0.008329163,4.5739655,4.570984,4.231015,-0.19735628,-2.0363913,0.14196342
500.0,400.0,38.0,33.415657,-0.06864458,0.57131064,6.436266,684.2904,20.91094,0.0088310605,4.4097805,4.3598013,4.0903277,-0.22559683,-1.94307,0.21654229
500.0,400.0,58.0,37.777027,-0.5859616,0.73798114,4.696957,582.33813,20.507658,0.0068772244,3.2313316,3.1047857,3.0530984,-0.2074076,-1.4643652,0.22178257
500.0,400.0,78.0,41.20597,-1.0593883,0.7915831,1.2335082,357.6026,19.869064,0.0032544658,0.8550605,0.7829791,0.8292384,-0.034672033,-0.33032563,0.06797453
500.0,400.0,98.0,41.492832,-1.2315234,0.70047647,0.17817931,129.53249,19.090712,0.0013599215,0.12121314,0.10027629,0.13592097,-0.005861474,0.05266618,0.009196992
500.0,400.0,118.0,40.68467,-1.2803532,0.5873452,0.059862405,60.31159,18.343822,0.0009795903,0.04209277,0.029325977,0.04826875,-0.006504651,0.027816843,0.00492675
500.0,400.0,138.0,40.36121,-1.3202169,0.51455635,0.020569034,28.481907,17.62526,0.0006878602,0.01572679,0.0057111345,0.020226255,-0.004713242,0.004150719,0.0024239905
500.0,400.0,158.0,40.292816,-1.3609248,0.41778296,0.007189674,13.326873,16.933134,0.00026163817,0.0055993767,0.0020867046,0.0069242325,-0.0016858644,-4.9278682e-05,0.0012258556
500.0,400.0,178.0,40.304607,-1.3957562,0.3497769,0.0032248849,6.5161185,16.232317,0.00010877124,0.002481836,0.001141615,0.002873311,-0.0007010295,-0.0002898992,0.00032523618
500.0,400.0,198.0,40.34547,-1.4109337,0.27392638,0.0018353597,2.9883726,15.530735,4.462013e-05,0.0013570439,0.0007454138,0.0015993563,-0.00028322017,-0.00012996203,0.00014304798
500.0,400.0,218.0,40.385273,-1.4515369,0.19131525,0.0013520885,1.2689842,14.779916,3.6921047e-05,0.0010104504,0.0005346075,0.0011579904,-0.0002281259,-9.505291e-05,6.493205e-05
500.0,400.0,238.0,40.41553,-1.4507933,0.11048819,0.0011900769,0.722945,14.033106,2.8310627e-05,0.0008756559,0.00045924677,0.0010602411,-0.00016831727,-6.3365784e-05,1.2628004e-05
500.0,400.0,258.0,40.43661,-1.4710277,0.02462258,0.0011294069,0.5365541,13.2479,3.05521e-05,0.0008406712,0.0004410902,0.0009937648,-0.00017506759,-5.921997e-05,4.8297043e-05
500.0,400.0,278.0,40.45207,-1.4554677,-0.046336412,0.0011075602,0.45139095,12.447221,2.9456709e-05,0.00082203624,0.00042303902,0.0009860228,-0.00016095008,-5.2234074e-05,-4.000373e-05
500.0,400.0,298.0,40.465538,-1.441195,-0.13319801,0.0010976681,0.40623555,11.613506,3.0783744e-05,0.0008182273,0.00042804284,0.00097187574,-0.00016037514,-5.360392e-05,1.6430067e-05
500.0,400.0,318.0,40.480606,-1.4328331,-0.20072497,0.0010947243,0.36688176,10.737467,3.3446722e-05,0.0008228699,0.00044207662,0.00093225954,-0.00016913873,-6.4714535e-05,-0.00011971843
500.0,400.0,338.0,40.497524,-1.3801444,-0.28190535,0.001093697,0.37500033,9.838919,3.0295605e-05,0.00081263116,0.00042857273,0.0009678931,-0.00014551201,-6.0722316e-05,-8.275982e-05
500.0,400.0,358.0,40.514263,-1.3748655,-0.345193,0.0010927807,0.33411056,8.906526,3.4919285e-05,0.00082418515,0.00048556534,0.0008882008,-0.00015699376,-7.488592e-05,-0.00016590104
500.0,400.0,378.0,40.533638,-1.2985494,-0.39906272,0.0010927,0.35222003,7.96149,2.8932314e-05,0.00080726994,0.00044121259,0.0009456947,-0.00012363197,-6.2641e-05,-0.0001558741
500.0,400.0,398.0,40.552074,-1.26908,-0.45829448,0.0010922115,0.3089734,6.987906,3.8094746e-05,0.000830986,0.0004607691,0.0009113958,-0.00014833982,-8.469023e-05,-0.00012742035
500.0,400.0,418.0,40.57248,-1.2029225,-0.49043286,0.0010920255,0.3100364,6.012219,3.4140732e-05,0.0008196183,0.0005014174,0.00086366653,-0.00012641528,-7.781776e-05,-0.00022072352
500.0,400.0,438.0,40.59273,-1.1346711,-0.5476108,0.0010918377,0.2950434,5.0344267,4.0322026e-05,0.0008352132,0.0004573953,0.0009067116,-0.00013821149,-8.820139e-05,-0.00015808613
500.0,400.0,488.0,40.641636,-0.9925479,-0.6269427,0.0010914364,0.27419496,2.6452966,4.288212e-05,0.000838965,0.0004666141,0.000894985,-0.000119416305,-9.2846545e-05,-0.00016212241
500.0,400.0,538.0,40.690136,-0.8781782,-0.65130365,0.0010907985,0.23358774,0.3837409,5.475814e-05,0.0008668475,0.00062960706,0.0006876277,-0.0001318533,-0.00011142988,-0.0002666021
