x_mm,y_mm,z_mm,U,V,W,k,omega,p,nut,R_xx,R_yy,R_zz,R_xy,R_xz,R_yz
0.0,-250.0,28.0,39.298775,-0.34207487,-0.884559,6.39795,893.2763,-114.162094,0.007163879,4.416444,3.8027883,4.542418,-0.6160661,-1.1755705,-0.8868336
0.0,-250.0,38.0,40.955193,1.3548347,-1.090142,5.8931165,830.2987,-113.89072,0.0070954086,4.0875053,3.4810987,4.20444,-0.45829427,-1.3328369,-0.5932966
0.0,-250.0,58.0,44.67445,2.7521381,-1.1581016,1.5485002,528.49335,-111.18773,0.002865492,1.0590369,1.1096799,0.9275789,-0.0740135,-0.3101269,0.18488671
0.0,-250.0,78.0,44.684265,2.0955691,-0.6909274,0.29052198,199.25356,-109.534164,0.0011827209,0.19555962,0.24259646,0.14144483,0.0125685455,0.04785178,0.077247486
0.0,-250.0,98.0,43.941376,1.5674505,-0.27388233,0.116710804,152.20105,-109.573105,0.00076394447,0.076203614,0.10736508,0.048412707,0.00066741393,0.022627892,0.028221529
0.0,-250.0,118.0,43.53433,1.2830126,0.084334835,0.041652884,112.24397,-110.33035,0.00037005704,0.026516486,0.040772423,0.015440892,-0.0029257787,0.003724319,0.0060301
0.0,-250.0,138.0,43.411396,1.1922343,0.39274746,0.016751226,81.36333,-111.28721,0.00020570731,0.010464286,0.017486345,0.005246792,-0.0025683653,0.0004127146,0.0006676836
0.0,-250.0,158.0,43.378956,1.2127323,0.67066,0.007913156,58.336647,-112.25366,0.00013554454,0.0048663747,0.0090959575,0.0015777105,-0.0019727258,-1.8922266e-06,-0.00063843327
0.0,-250.0,178.0,43.37185,1.3180306,0.9456065,0.0047666975,45.272816,-113.09306,0.000105095314,0.002974804,0.0060545686,0.00024446636,-0.001645997,-6.0038168e-05,-0.0013530196
0.0,-250.0,198.0,43.382603,1.524372,1.2286158,0.002872827,30.74988,-113.79443,4.735078e-05,0.0019124908,0.0031776726,0.0005699338,-0.0007953824,-3.3967306e-05,-0.0011276997
0.0,-250.0,218.0,43.39394,1.8592253,1.5052029,0.001901861,21.14312,-114.3818,1.9638752e-05,0.0013197939,0.001711705,0.0007545299,-0.00035089228,8.783808e-06,-0.0007621101
0.0,-250.0,238.0,43.385136,2.3621104,1.7227825,0.0015736007,16.914188,-114.69224,1.0746384e-05,0.0011137823,0.0011461008,0.00088444655,-0.00020318729,3.342984e-05,-0.00062298
0.0,-250.0,258.0,43.34462,3.0389526,1.770742,0.0013627595,11.846082,-114.38551,5.9185495e-06,0.0009685246,0.000794587,0.00096820836,-0.000120829274,4.2916017e-05,-0.00042862695
0.0,-250.0,278.0,43.24797,3.7696478,1.5037321,0.0012328688,7.867607,-111.996765,4.347599e-06,0.00088173826,0.000580888,0.0010168587,-7.8358535e-05,5.6210516e-05,-0.00028647663
0.0,-250.0,298.0,43.095715,4.3297653,0.9008942,0.0011670705,5.0318627,-106.93115,3.9150545e-06,0.0008403484,0.0004512263,0.0010555246,-4.9140242e-05,6.569258e-05,-0.00015328264
0.0,-250.0,318.0,42.92111,4.5557365,0.13875957,0.0011294866,3.216587,-100.23707,3.95623e-06,0.0008178714,0.00039276195,0.0010594667,-2.5531952e-05,6.4696025e-05,-1.2482065e-05
0.0,-250.0,338.0,42.766087,4.4448214,-0.57507044,0.0011118659,2.2486353,-93.63306,4.469389e-06,0.000812547,0.00039469445,0.0010195302,-1.1352904e-05,6.2665975e-05,9.7615164e-05
0.0,-250.0,358.0,42.650497,4.1293197,-1.1284726,0.0011035736,1.5490967,-87.9303,5.0681574e-06,0.0008133904,0.00041933457,0.0009805146,-6.0727316e-06,5.0942297e-05,0.00018890707
0.0,-250.0,378.0,42.560722,3.719248,-1.4983443,0.0010988691,1.1119813,-83.30621,5.969665e-06,0.00081928365,0.0004738767,0.0009045519,-8.567047e-06,4.4224522e-05,0.00024984364
0.0,-250.0,398.0,42.49191,3.3039439,-1.7175843,0.0010959412,0.8328684,-79.43817,7.0127962e-06,0.0008279387,0.0005221041,0.00084181107,-1.4703912e-05,4.3833366e-05,0.00028448866
0.0,-250.0,418.0,42.42903,2.9155736,-1.8281668,0.0010940565,0.65319467,-76.05499,8.189739e-06,0.0008370752,0.00056523446,0.00078578136,-2.2262251e-05,4.4739034e-05,0.00030311063
0.0,-250.0,438.0,42.375908,2.5660944,-1.8653696,0.0010927136,0.532354,-72.97871,9.486805e-06,0.0008460386,0.0006014325,0.00073792716,-2.9248951e-05,4.962441e-05,0.0003107367
0.0,-250.0,488.0,42.239544,1.8722016,-1.7933937,0.0010909423,0.39476037,-66.086784,1.2690147e-05,0.00085975777,0.0006415906,0.00068132055,-4.031006e-05,6.526575e-05,0.00030637707
0.0,-250.0,538.0,42.110275,1.3786181,-1.6140625,0.0010897705,0.28837857,-60.07563,1.776831e-05,0.0008808372,0.0007100876,0.0005671056,-4.7769983e-05,8.507164e-05,0.00028994595
0.0,-220.0,28.0,38.210003,0.35909185,-1.8374169,12.425603,1791.8496,-116.751526,0.0055463016,7.887934,7.974804,8.905351,1.6201962,-3.3302734,-1.0726926
0.0,-220.0,38.0,43.02664,1.7767549,-2.2631643,4.339469,967.5543,-116.944466,0.004187325,2.9120774,2.7291405,3.0405056,0.120546065,-1.2877991,-0.3708011
0.0,-220.0,58.0,45.19503,1.9398075,-1.9166503,0.66575605,371.023,-115.97831,0.0017887441,0.45079666,0.57486826,0.30549234,-0.014990488,0.009766504,0.11621845
0.0,-220.0,78.0,44.544037,1.1225816,-1.1007444,0.32519445,310.2904,-116.08092,0.0010246634,0.20729479,0.30791485,0.1355435,-0.0062792148,0.03846556,0.03576794
0.0,-220.0,98.0,43.888313,0.70718503,-0.36203712,0.08721192,261.1308,-117.35649,0.00033411445,0.05400703,0.082977094,0.037410308,-0.003047508,0.0054040197,0.0008801291
0.0,-220.0,118.0,43.71196,0.6059489,0.11801134,0.027272595,220.14696,-118.91852,0.00012403062,0.01663953,0.024547292,0.013363024,-0.0020960225,4.4376382e-05,-0.00045255106
0.0,-220.0,138.0,43.708027,0.5914412,0.48023245,0.033691373,243.09018,-120.63642,0.00013024374,0.02056542,0.028820308,0.017961835,-0.0018717361,-0.00033904094,-0.0008242514
0.0,-220.0,158.0,43.70719,0.6431205,0.81387925,0.08110708,320.4309,-122.40592,0.0002210892,0.050630175,0.06473433,0.046779618,0.002495122,-0.00032484237,-0.0016401504
0.0,-220.0,178.0,43.70079,0.72282296,1.1627421,0.14820233,401.98117,-123.97169,0.00032381856,0.09390295,0.11565465,0.086628884,0.01246552,-0.0004838649,-0.0036348498
0.0,-220.0,198.0,43.72537,0.889638,1.584038,0.12850839,361.55835,-125.24703,0.00030532086,0.08187874,0.103945106,0.07102741,0.008825831,-0.00075104233,-0.006111841
0.0,-220.0,218.0,43.756348,1.2087845,2.1438932,0.06413612,251.41666,-126.746025,0.00021255865,0.041344546,0.057900764,0.028975517,0.00028157895,-0.00028518785,-0.008968398
0.0,-220.0,238.0,43.766712,1.8691112,2.860651,0.022750102,151.57388,-129.68027,9.3575734e-05,0.015476288,0.02167551,0.00841891,-0.0019805268,-0.000181566,-0.008976481
0.0,-220.0,258.0,43.756226,3.1695988,3.4273772,0.0069898856,81.78909,-134.83894,2.3089735e-05,0.005011308,0.0049471324,0.0040204483,-0.0008512978,0.00010832185,-0.0037794616
0.0,-220.0,278.0,43.61373,4.9646363,3.173846,0.0017928802,42.946846,-136.10562,9.085829e-06,0.0014044776,0.00019184337,0.0019887784,-0.0003180449,0.00021370937,-0.0016099158
0.0,-220.0,298.0,43.28228,6.3148656,1.7767333,0.0013458428,26.977997,-126.51147,6.84402e-06,0.0010732538,-0.000473632,0.0020919864,-8.158765e-05,0.00025255,-0.0005414052
0.0,-220.0,318.0,42.945625,6.5120196,0.038525965,0.0012162051,15.124488,-111.845215,4.5729876e-06,0.00091192394,-1.1763477e-05,0.0015323285,3.3445645e-05,0.00012640656,0.00014109287
0.0,-220.0,338.0,42.728836,5.9199743,-1.2480466,0.0011536279,8.07293,-100.14997,3.335049e-06,0.00083269074,0.0003728409,0.0011017018,3.3675606e-05,5.4683354e-05,0.0002472901
0.0,-220.0,358.0,42.623207,5.1323147,-1.983184,0.0011193148,3.7896187,-92.49177,3.4321108e-06,0.00080586225,0.0005091013,0.00093105354,1.9782628e-05,2.4274606e-05,0.00028161544
0.0,-220.0,378.0,42.555634,4.3624487,-2.33117,0.0011062651,2.0819268,-87.23777,4.3546574e-06,0.0008097075,0.0005675697,0.000835061,9.709246e-06,2.1451786e-05,0.00030952468
0.0,-220.0,398.0,42.50945,3.7087493,-2.4646673,0.0010998507,1.2842087,-83.17081,5.4418542e-06,0.0008194784,0.0006137193,0.000766348,-2.6770438e-06,2.3164941e-05,0.00032350415
0.0,-220.0,418.0,42.461784,3.1665933,-2.4752202,0.0010964094,0.8968531,-79.65336,6.6445173e-06,0.0008304819,0.0006507513,0.00071156374,-1.3686967e-05,2.8759448e-05,0.0003261637
0.0,-220.0,438.0,42.416397,2.7196753,-2.4191258,0.0010941804,0.6718501,-76.39882,7.953409e-06,0.0008410057,0.00068073225,0.00066651305,-2.3005196e-05,3.6296493e-05,0.00032237964
0.0,-220.0,488.0,42.28443,1.9075197,-2.1644938,0.001091565,0.44366366,-68.89096,1.1616917e-05,0.0008625681,0.0007339809,0.0005876591,-3.7207916e-05,5.99061e-05,0.000297707
0.0,-220.0,538.0,42.15045,1.3605875,-1.8491853,0.0010900783,0.3112793,-62.17767,1.5995274e-05,0.00087803183,0.0007603245,0.0005440919,-4.3059455e-05,8.197717e-05,0.0003070397
0.0,-200.0,28.0,36.140415,0.96436006,-2.1651065,14.824572,2371.5027,-119.75417,0.005009713,9.832537,8.922613,10.851688,-1.3620162,-4.274072,-0.71616036
0.0,-200.0,38.0,43.14746,2.7440052,-3.3901355,4.048307,1381.0393,-122.03986,0.0023536445,2.7455893,2.1765828,3.1726365,-0.13765503,-0.9392294,0.089986235
0.0,-200.0,58.0,43.424015,0.323943,-2.22294,3.606911,3166.2473,-114.88751,0.0010580689,2.318972,2.8055263,2.0957992,1.0542967,0.11937085,-0.020876061
0.0,-200.0,78.0,39.36522,0.04532301,-0.52175653,6.393155,4361.762,-119.16095,0.0013796549,4.1394286,4.470527,4.138446,1.8052762,0.37726218,-0.051818453
0.0,-200.0,98.0,36.068623,-0.024036305,-0.13518453,7.708367,3988.389,-122.49632,0.0019919812,4.8883395,5.3170214,5.1020904,2.3307862,0.027118353,0.0063701025
0.0,-200.0,118.0,36.480316,0.03485266,0.19623737,7.4212275,3754.8972,-123.769875,0.0020313358,4.6892176,5.183074,4.862122,2.2769291,0.048120577,0.0074285846
0.0,-200.0,138.0,35.095398,0.02890373,0.5360093,7.921128,3587.267,-125.287766,0.0023218372,4.9993415,5.5386806,5.2144704,2.3467176,0.11577386,-0.012426972
0.0,-200.0,158.0,34.33136,0.052610036,0.828956,8.109948,3527.9116,-127.600655,0.0024404202,5.1056275,5.6911764,5.333442,2.333285,0.04508477,-0.013094028
0.0,-200.0,178.0,34.0987,0.080822706,1.1493247,8.123513,3497.1108,-128.98375,0.0024982153,5.137446,5.7506294,5.3258667,2.308309,-0.009332651,-0.014077216
0.0,-200.0,198.0,34.269352,0.111152,1.596129,8.222308,3411.5598,-130.9201,0.002558794,5.1624374,5.8432245,5.3373194,2.4204447,-0.045635562,-0.02276825
0.0,-200.0,218.0,34.68777,0.16959889,2.3537483,8.2616205,3370.3174,-131.63168,0.0025736087,5.2028856,5.9634123,5.2444158,2.5197046,-0.038095515,-0.05333221
0.0,-200.0,238.0,35.309456,0.50574964,4.006226,8.28293,3356.6584,-136.00055,0.0024157579,5.430135,6.1651487,4.9216366,2.4560924,-0.304795,-0.45508152
0.0,-200.0,258.0,37.491634,2.3116252,5.7177835,7.685626,3229.5552,-153.74045,0.0021727602,5.0642357,5.531862,4.75891,2.536932,-0.38458565,-0.52765757
0.0,-200.0,278.0,41.46321,6.265006,6.108456,3.5783293,1801.867,-176.2956,0.0019366936,2.2577238,2.2025936,2.7059896,1.0629296,-0.3528456,-0.9210252
0.0,-200.0,298.0,43.434235,9.331501,2.7533166,0.1548425,392.60925,-153.87349,0.00032027098,0.11275428,-0.037062004,0.23506002,0.017948605,0.018673556,-0.036335923
0.0,-200.0,318.0,42.763016,8.772278,-0.694771,0.0015657722,38.752144,-120.47795,1.4013286e-05,0.0014023251,-0.0028214366,0.0045372797,0.00051545794,0.00050501217,0.0019893558
0.0,-200.0,338.0,42.55006,7.16253,-2.3702724,0.0012542278,20.230522,-102.79059,9.808185e-06,0.0010258262,-0.00035857817,0.0018482995,0.000249066,9.433974e-05,0.0015129311
0.0,-200.0,358.0,42.532745,5.7536826,-2.9922159,0.0011410668,7.376075,-94.4988,3.6712995e-06,0.0008272539,0.00056106126,0.000895933,4.4883564e-05,-4.878258e-07,0.00046288694
0.0,-200.0,378.0,42.525284,4.684714,-3.1535568,0.0011142815,3.2505023,-89.60343,3.6398035e-06,0.00080688554,0.00065890374,0.0007581193,1.1731655e-05,1.755291e-06,0.00033998533
0.0,-200.0,398.0,42.514225,3.8712988,-3.122428,0.0011033526,1.7226574,-85.72545,4.7011213e-06,0.0008149961,0.0006903652,0.00069409626,-2.307442e-06,1.0065519e-05,0.0003373082
0.0,-200.0,418.0,42.48421,3.2389703,-2.9997542,0.0010982546,1.0989742,-82.14123,5.898906e-06,0.0008280539,0.00072025956,0.00064631004,-1.2189671e-05,1.7417313e-05,0.00032729137
0.0,-200.0,438.0,42.44865,2.744267,-2.8418446,0.001095298,0.78166735,-78.811485,7.1466507e-06,0.0008386737,0.000737057,0.0006110127,-2.076615e-05,2.7808104e-05,0.00031818938
0.0,-200.0,488.0,42.3209,1.8816036,-2.4206417,0.0010919506,0.47704786,-70.81933,1.0646691e-05,0.00086000474,0.00075093965,0.0005718259,-3.5179826e-05,5.5826833e-05,0.0002958342
0.0,-200.0,538.0,42.17747,1.3371652,-2.037607,0.0010903028,0.3284599,-63.63214,1.51933145e-05,0.000879318,0.00078039855,0.0004920068,-4.136126e-05,8.0805046e-05,0.00027220597
0.0,-190.0,243.0,-1.4738216e-16,-1.9630089e-16,4.8078617e-16,0.587907,20365.344,-146.16272,9.394884e-07,0.3936679,0.39191747,0.3912323,0.002223253,-0.0024029522,0.0003015808
0.0,-190.0,248.0,0.3592214,-2.3722935,0.6986867,8.291772,5918.7803,-149.73584,0.0014076788,4.264527,6.674343,5.5996885,0.13251366,-1.7941444,-0.1604451
0.0,-190.0,253.0,5.4994235,-1.2307422,1.4693677,16.531382,5936.151,-152.44772,0.0029521524,8.720759,13.93203,9.560841,2.524774,-3.8555138,0.56589794
0.0,-190.0,258.0,10.514797,-0.5499135,2.655857,24.251537,6450.484,-163.31374,0.0041564726,13.875461,19.915802,14.118577,5.214589,-4.3142133,1.3914372
0.0,-190.0,268.0,18.097698,1.6261095,5.3375387,30.371225,6312.074,-194.57848,0.005048027,18.52206,24.542969,17.621777,7.4869375,-4.54039,1.002829
0.0,-190.0,273.0,21.964516,3.385153,6.541465,29.248795,6315.8174,-210.27689,0.0047825743,17.714325,23.190454,17.540874,7.8939557,-4.463699,0.0440463
0.0,-190.0,278.0,26.390303,5.5925317,7.313546,25.40776,6165.5596,-220.12009,0.004192496,15.261897,19.414284,16.154148,7.563533,-4.1138678,-0.8594466
0.0,-190.0,283.0,31.131075,7.8864837,7.413083,19.875502,5639.6147,-222.07458,0.0034938962,11.788501,14.261402,13.750776,6.080395,-3.237789,-1.2796795
0.0,-190.0,288.0,35.49292,9.8501,6.6101766,13.23479,4668.245,-214.0104,0.0027018064,7.797808,8.61451,10.086463,3.7715778,-1.970212,-1.0677774
0.0,-190.0,298.0,41.01545,11.870703,3.396763,3.1257665,2143.6038,-181.22491,0.001384903,1.8537651,1.3442454,3.0691767,0.7954191,-0.34984365,-0.20154794
0.0,-190.0,308.0,42.64614,11.6423435,0.2757623,0.5135086,669.7158,-146.89665,0.00070028467,0.33893603,-0.0115379095,0.70838,0.11136765,-0.0032187654,0.13061158
0.0,-190.0,318.0,42.553246,10.301398,-1.6869197,0.03454222,131.94382,-124.15898,0.00012783174,0.026257986,-0.018187499,0.061831653,0.008874152,0.005175648,0.03675121
0.0,-190.0,328.0,42.44183,8.87661,-2.7450032,0.002071804,45.288704,-110.83562,2.465946e-05,0.0018445979,-0.0024724666,0.0049264557,0.0011259137,0.00015865009,0.0061508687
0.0,-190.0,338.0,42.40368,7.70029,-3.2933407,0.0013163838,29.327303,-102.999,1.7489618e-05,0.001209025,-0.000687544,0.0021685099,0.000570193,-1.73112e-05,0.0036143388
0.0,-190.0,348.0,42.440308,6.7726097,-3.5349863,0.0012722876,16.692072,-98.58967,8.531238e-06,0.0010096495,0.00044421508,0.0011211513,0.00017765185,-6.621086e-05,0.0014849695
0.0,-190.0,368.0,42.48386,5.310271,-3.6765833,0.0011341309,6.2867723,-92.59017,3.6594145e-06,0.00082225684,0.00070834963,0.00074873806,2.9675006e-05,-1.4188506e-05,0.0004395671
0.0,-190.0,388.0,42.50741,4.2882695,-3.5762968,0.001110821,2.7641392,-88.51413,3.9032575e-06,0.0008114752,0.0007364462,0.0006801905,8.311951e-06,-6.2024847e-06,0.00033858322
0.0,-190.0,413.0,42.500305,3.3852775,-3.3420107,0.0011004576,1.3585849,-84.27615,5.276121e-06,0.0008247,0.00075678795,0.00062501605,-8.566619e-06,8.642649e-06,0.00032479587
0.0,-190.0,438.0,42.46315,2.7301433,-3.0752995,0.001095908,0.8445787,-80.061104,6.7883057e-06,0.0008370785,0.0007771817,0.00058364205,-2.1366339e-05,2.5395851e-05,0.0003102587
0.0,-190.0,488.0,42.33812,1.8600596,-2.556877,0.0010921296,0.48405436,-71.835495,1.0425307e-05,0.0008633359,0.0008161285,0.0005113647,-3.419876e-05,5.4275144e-05,0.00027076213
0.0,-190.0,538.0,42.19503,1.3219998,-2.11831,0.0010904275,0.33766073,-64.494804,1.4720202e-05,0.0008786665,0.0008103131,0.00047596748,-4.011837e-05,8.137269e-05,0.0002607397
0.0,-185.0,268.0,17.752567,-0.29640052,2.3961737,37.44575,4692.5957,-207.37488,0.007472807,23.601364,29.918554,21.348658,-7.779683,-4.7652926,2.9514937
0.0,-185.0,273.0,19.695362,1.5419538,3.7588053,35.704483,4740.511,-227.95631,0.007393838,23.310167,28.48341,19.646786,-6.2520003,-3.616312,2.0457351
0.0,-185.0,278.0,21.253248,3.9604754,5.114621,31.505722,4799.6665,-243.53893,0.0066338386,20.434702,24.594126,17.86004,-1.7654533,-3.3052065,0.56528735
0.0,-185.0,283.0,23.480976,6.69402,6.0666184,26.521368,4975.2646,-249.88876,0.0054049836,16.294075,20.349895,16.534557,2.9856706,-3.8114595,-0.45508552
0.0,-180.0,243.0,1.1228929e-18,-4.0820124e-16,3.1275582e-16,0.14021549,53961.363,-147.69586,9.621737e-08,0.09348166,0.093476996,0.09341965,0.00035749198,-0.0002946199,7.858269e-05
0.0,-180.0,248.0,5.7768183,-4.195516,-0.8236488,18.34362,6085.3086,-152.47197,0.00319462,10.734555,13.10738,13.391946,-0.7910672,-3.9768858,0.71730185
0.0,-180.0,253.0,10.6001425,-4.126341,-1.3789623,32.721947,4722.5034,-162.78131,0.0069202418,17.659946,24.240309,23.050348,-3.043758,-7.430969,1.6952033
0.0,-180.0,258.0,15.577065,-3.7166839,-1.8602765,42.548954,4866.898,-175.90416,0.008390155,23.269192,32.075844,29.789188,-6.678807,-9.2518,3.5585332
0.0,-180.0,268.0,24.72481,-1.8053155,-1.6092241,41.83485,4927.8604,-220.11736,0.0074574025,26.099123,32.41458,25.100273,-11.058511,-5.527469,3.907137
0.0,-180.0,273.0,26.424082,0.16773641,-0.2915318,37.483253,4695.725,-244.91582,0.0076112384,25.64669,29.289064,20.110113,-11.328504,-2.3225076,2.7555447
0.0,-180.0,278.0,25.909327,2.9627097,1.4907874,34.015297,4508.039,-265.96756,0.0075178146,25.072937,25.29445,17.640373,-9.686289,0.26246828,1.267391
0.0,-180.0,283.0,24.474072,5.871802,2.9079015,29.535496,4357.7974,-274.57614,0.006773481,21.68764,20.87346,16.655169,-5.314393,0.5607696,0.7854741
0.0,-180.0,288.0,24.200794,8.790283,3.6709626,24.052711,4346.5625,-267.52957,0.005560924,15.929052,16.840559,15.323786,0.035269897,-1.7060503,0.22748604
0.0,-180.0,298.0,31.730902,13.463458,2.3644016,15.76092,4377.629,-216.79265,0.003581188,8.460131,10.386187,12.658038,3.3816428,-3.4264283,0.15326649
0.0,-180.0,308.0,39.89396,14.132936,-1.3054816,3.7686198,2569.441,-158.24689,0.0013446797,2.1652682,1.9522971,3.4273586,0.65122193,-0.64290327,0.5594376
0.0,-180.0,318.0,42.150696,11.745775,-3.5177639,0.31497133,526.71124,-124.44203,0.0005434315,0.21176003,0.07927486,0.3386209,0.0603648,-0.022941722,0.2671586
0.0,-180.0,328.0,42.190826,9.557548,-4.229153,0.007280147,80.000336,-109.958015,6.367899e-05,0.005764248,-0.0013466817,0.010036722,0.0037743493,-0.00092373055,0.022442875
0.0,-180.0,338.0,42.240726,8.05335,-4.456486,0.0027522,45.159897,-102.753624,3.6736998e-05,0.0024224976,0.0006510675,0.002480341,0.0012517606,-0.0007153224,0.009523119
0.0,-180.0,348.0,42.334393,6.9189196,-4.4685407,0.002121082,30.26071,-98.6711,2.6397134e-05,0.0018946961,0.0011287427,0.0012679566,0.0005158655,-0.0004033134,0.005021216
0.0,-180.0,368.0,42.450737,5.3417296,-4.299299,0.0011462462,7.4691143,-93.81452,4.1028493e-06,0.0008433571,0.0007817023,0.000664753,2.7898113e-05,-3.7405312e-05,0.0005266673
0.0,-180.0,388.0,42.506046,4.2722616,-4.023743,0.0011134645,3.120523,-90.134766,3.7056534e-06,0.00081253087,0.000779318,0.00063329947,2.128735e-06,-1.2275744e-05,0.0003341957
0.0,-180.0,413.0,42.509953,3.345123,-3.6521595,0.0011014104,1.4598578,-85.75479,5.0896588e-06,0.0008244144,0.0007901044,0.0005849139,-1.348381e-05,6.2717495e-06,0.0003154791
0.0,-180.0,438.0,42.477444,2.683766,-3.297222,0.0010964057,0.88670367,-81.35609,6.6707225e-06,0.0008384728,0.000801121,0.0005499913,-2.4735931e-05,2.3018865e-05,0.0002988661
0.0,-180.0,488.0,42.35351,1.8135086,-2.6807075,0.0010923174,0.5044668,-72.79303,9.906151e-06,0.0008578176,0.0008062905,0.0005160932,-3.274106e-05,5.379252e-05,0.00027683884
0.0,-180.0,538.0,42.206722,1.2815646,-2.1995692,0.0010905117,0.34426868,-65.09603,1.4292659e-05,0.0008777705,0.00083750143,0.00046398348,-3.7215e-05,8.074889e-05,0.00025920582
0.0,-175.0,268.0,30.608046,-3.3281724,-5.8944597,30.565384,4528.9707,-232.05476,0.0064335386,18.708462,24.202888,18.238014,-5.7224364,-4.573004,3.4059246
0.0,-175.0,273.0,31.678696,-1.3666681,-4.3849306,21.702509,3987.6313,-263.4452,0.005336629,14.950249,18.199718,10.352306,-3.2488794,-1.0600456,1.1584913
0.0,-175.0,278.0,30.495447,2.0587413,-2.2519577,20.6651,3856.8088,-290.1428,0.0052651954,15.413072,16.27422,9.733652,-2.7538126,0.87362814,-0.21776101
0.0,-175.0,283.0,28.103676,5.70426,-0.73479366,22.655842,3899.9282,-299.09723,0.005749024,17.592281,15.550803,12.302539,-3.1021535,2.3387141,0.37350163
0.0,-170.0,243.0,1.2157068e-16,-4.778463e-16,1.4150448e-16,0.74215734,54665.61,-151.05232,2.3234671e-07,0.49405122,0.49477157,0.49483314,0.001527271,-0.0006520007,0.0003001552
0.0,-170.0,248.0,7.0004454,-4.8783164,-2.124455,31.527082,6022.165,-157.0066,0.005462197,17.425587,21.033712,25.29129,-0.21986215,-6.3078322,1.0200708
0.0,-170.0,253.0,13.17806,-5.0819197,-4.2547636,51.53094,5434.666,-168.32004,0.008865734,24.76015,34.551292,43.11551,-1.1769694,-12.552375,2.1195486
0.0,-170.0,258.0,21.624155,-5.1086936,-7.1460824,54.36123,5732.755,-182.73749,0.008067605,26.440212,36.85427,45.51639,-2.9865973,-12.975545,3.805166
0.0,-170.0,278.0,28.319809,0.6079849,-5.8783,12.002981,3228.9631,-313.8239,0.0037013178,8.487355,10.04249,5.452196,1.1866717,0.4669287,-0.14690419
0.0,-170.0,288.0,25.412771,9.017035,-3.9764144,16.284534,3380.309,-304.01663,0.004786615,11.879912,11.166259,9.516195,0.29388842,1.1642947,1.4963208
0.0,-170.0,298.0,25.346048,13.153771,-3.4259226,15.43584,3731.7837,-235.49017,0.00414423,8.937162,10.719889,11.136523,0.7809132,-3.01344,1.6912907
0.0,-170.0,308.0,35.87466,15.246343,-5.494351,9.617669,3635.5032,-161.31186,0.0025974684,5.3932734,6.3923407,7.4590044,0.5679143,-2.7988784,1.6631327
0.0,-170.0,318.0,41.55799,12.381433,-6.3843536,0.79509085,983.772,-122.274376,0.00076334644,0.5135581,0.55429417,0.52161103,0.07804011,-0.13953415,0.49457762
0.0,-170.0,328.0,41.911865,9.720423,-6.1450763,0.08333951,267.28232,-108.75686,0.0002871086,0.05882072,0.06966336,0.03800071,0.015192748,-0.013889576,0.11719787
0.0,-170.0,338.0,42.09742,8.012105,-5.801394,0.011823452,100.50922,-102.76058,0.00011226823,0.009650602,0.013698256,0.0002802182,0.002862161,-0.004267784,0.031066382
0.0,-170.0,348.0,42.24608,6.844128,-5.4953985,0.0023139298,31.593079,-99.38381,2.7260867e-05,0.002026867,0.0026195366,7.006922e-05,0.00039923686,-0.00071942154,0.005410637
0.0,-170.0,368.0,42.425304,5.245047,-4.952806,0.0011495134,7.9842896,-95.14946,4.291147e-06,0.0008510811,0.0009029363,0.00054790673,1.4712308e-05,-5.3753596e-05,0.0005522276
0.0,-170.0,388.0,42.503407,4.178725,-4.4737988,0.0011161758,3.4232502,-91.63349,3.6326107e-06,0.00081562536,0.0008365587,0.0005810329,-4.507972e-06,-1.8204684e-05,0.00032096662
0.0,-170.0,413.0,42.5232,3.2643476,-3.955193,0.0011028944,1.6098671,-87.25148,4.9887135e-06,0.0008284652,0.0008343415,0.00054507074,-1.7810398e-05,2.938348e-06,0.00029919337
0.0,-170.0,438.0,42.495594,2.6175761,-3.5165212,0.0010971363,0.9535008,-82.73224,6.533352e-06,0.00084218354,0.0008324901,0.00052017526,-2.6053094e-05,2.1478478e-05,0.0002853656
0.0,-170.0,488.0,42.368534,1.7693002,-2.8308656,0.0010925542,0.5200445,-73.782845,9.9024255e-06,0.0008623108,0.0008334679,0.0004907099,-3.3404685e-05,5.536009e-05,0.00025913242
0.0,-170.0,538.0,42.2191,1.2325242,-2.291278,0.0010905993,0.3512085,-65.74931,1.388921e-05,0.000877001,0.0008559734,0.00045036196,-3.5243742e-05,7.979636e-05,0.00025504586
0.0,-160.0,243.0,7.3289706e-16,-3.0478547e-15,4.3521852e-16,1.4239552,55460.984,-155.10104,4.584619e-07,0.9473679,0.9493035,0.94960314,0.004329886,-0.0010764159,0.0006709557
0.0,-160.0,248.0,6.3039794,-4.3940864,-2.6267958,39.088478,5665.355,-159.16144,0.0071596825,20.856106,24.77731,33.088154,0.77187634,-6.4498777,0.3876886
0.0,-160.0,253.0,12.522224,-4.4739194,-5.685993,61.307156,5488.746,-167.85782,0.00972325,27.930014,38.62381,55.461845,1.9894636,-13.214535,0.23022176
0.0,-160.0,258.0,21.872732,-4.364997,-10.222886,62.831493,6008.2866,-178.95049,0.007970811,29.173914,39.313076,57.365547,2.392314,-13.1122465,0.34994385
0.0,-160.0,268.0,33.54002,-3.9315264,-17.285381,19.128222,4011.102,-226.91704,0.0047304044,13.754829,9.685752,14.903786,-0.84024435,0.30175713,2.2396338
0.0,-160.0,278.0,25.501787,-0.5669046,-16.234783,14.468079,3515.8508,-287.78867,0.0040981825,12.814693,8.539349,7.7202096,-3.1174026,1.8747672,1.2676003
0.0,-160.0,288.0,22.6755,7.176686,-13.859752,13.163135,3218.0386,-279.0654,0.0040837578,9.233576,10.2475815,6.824563,-2.1830025,-1.3202999,1.2466977
0.0,-160.0,298.0,26.923393,12.377336,-12.320154,15.224806,3819.94,-213.01093,0.003988668,9.8733225,10.839528,9.681209,-3.3369825,-4.175293,2.040043
0.0,-160.0,308.0,37.334892,14.197797,-11.450508,8.02284,3367.226,-148.13562,0.0022848032,5.108155,6.4238906,4.524872,-0.8740882,-2.219448,1.4092182
0.0,-160.0,318.0,41.236435,11.35638,-9.373184,0.8748692,1103.935,-118.39398,0.0007764957,0.5753983,0.8625854,0.31138402,0.03136709,-0.12423946,0.4107688
0.0,-160.0,328.0,41.719704,9.047902,-7.999597,0.12742236,443.61633,-108.237114,0.00026865042,0.08780498,0.1404351,0.026566029,0.0062808287,-0.020411119,0.09346127
0.0,-160.0,338.0,42.00577,7.560324,-7.1290994,0.008138449,74.468185,-103.6635,8.546968e-05,0.0068715652,0.016246606,-0.00684549,0.00095662876,-0.004205511,0.020948699
0.0,-160.0,348.0,42.19281,6.5136285,-6.5007715,0.0017213696,24.458319,-100.929955,1.5652742e-05,0.001448604,0.0025909413,-0.0005368752,8.761478e-05,-0.00051575876,0.0028721325
0.0,-160.0,368.0,42.413483,5.0314975,-5.581957,0.0011533597,8.536239,-97.10484,4.649381e-06,0.00086682994,0.0010319015,0.0004079377,-5.8136616e-06,-7.303331e-05,0.00055987533
0.0,-160.0,388.0,42.517536,4.0222826,-4.9027824,0.0011188101,3.776053,-93.60047,3.6115646e-06,0.0008213846,0.0008865575,0.0005299331,-1.5359848e-05,-2.2979793e-05,0.00030212544
0.0,-160.0,413.0,42.54704,3.1508589,-4.247746,0.0011041028,1.7415223,-88.99643,4.8572256e-06,0.0008307778,0.00086587283,0.00051155116,-2.4513922e-05,1.6264231e-06,0.00028081198
0.0,-160.0,438.0,42.51889,2.5316362,-3.7303603,0.0010977845,1.0166341,-84.201675,6.3546186e-06,0.0008434233,0.0008565793,0.00049528014,-3.0561325e-05,2.155256e-05,0.0002696538
0.0,-160.0,488.0,42.388035,1.7076634,-2.9397032,0.0010928138,0.5459435,-74.80762,9.649139e-06,0.0008628104,0.00084701116,0.0004758535,-3.6217607e-05,5.730356e-05,0.00024936136
0.0,-160.0,538.0,42.232986,1.1927968,-2.3858914,0.0010907088,0.35960877,-66.51865,1.3628559e-05,0.0008773034,0.00085351267,0.00043029516,-3.56969e-05,8.0111655e-05,0.00023617115
0.0,-150.0,243.0,3.1659913e-16,-1.892171e-15,1.3171656e-16,2.3957217,55736.54,-154.29608,5.3461537e-07,1.5953729,1.5971478,1.5974736,0.0056837,-0.0007799139,0.00075478875
0.0,-150.0,248.0,4.3849945,-3.3223102,-2.2488613,40.215233,5049.985,-156.7409,0.008321437,21.777899,24.863045,34.23397,1.7779678,-4.859818,-0.8295371
0.0,-150.0,253.0,8.864472,-3.1192365,-4.9638953,64.840805,4598.8027,-163.09784,0.0126826735,29.482714,39.77881,59.971794,4.295304,-11.768973,-2.2750378
0.0,-150.0,258.0,16.201302,-2.6765838,-9.000603,73.712685,5534.896,-168.9498,0.010312858,33.667393,46.130222,67.96819,6.504659,-13.591716,-3.9630046
0.0,-150.0,268.0,32.6803,-0.43515855,-18.36037,33.373734,4689.7163,-189.08058,0.005637248,16.394182,19.749392,30.622925,3.177556,-4.6027365,-3.3724637
0.0,-150.0,278.0,35.69484,2.6628187,-22.136963,11.068439,3431.1013,-210.20525,0.0031775674,9.002121,5.4196296,7.7709107,-2.7085059,0.63344485,-1.0506192
0.0,-150.0,288.0,34.185867,7.136709,-21.073755,12.574268,3700.7505,-204.2683,0.0033412832,10.0025215,8.270296,6.8744187,-4.334075,-0.7065313,-0.89948386
0.0,-150.0,298.0,37.183662,10.713495,-17.97525,7.885718,3294.99,-167.04053,0.0022840595,5.595634,6.6337843,3.5369453,-1.8970467,-1.1277922,-0.17778619
0.0,-150.0,308.0,40.172024,10.758726,-13.969186,1.5873576,1793.9663,-134.21829,0.00081468857,1.0582119,1.6630251,0.45446467,-0.12807986,-0.20525965,0.15921384
0.0,-150.0,318.0,41.142464,9.224179,-11.0663395,0.2657312,754.552,-117.68851,0.0003123156,0.17887312,0.31183723,0.040747777,-0.006704581,-0.039003678,0.08327591
0.0,-150.0,328.0,41.67016,7.8536086,-9.35854,0.015683388,108.49205,-110.26077,0.00010235422,0.012112423,0.03660596,-0.01735954,-0.00088302995,-0.008115321,0.02393869
0.0,-150.0,338.0,41.980232,6.7885723,-8.2165785,0.0020974702,38.012585,-106.29637,2.4575571e-05,0.0019121666,0.0056848256,-0.0034029002,-0.00017945586,-0.0012673918,0.004599399
0.0,-150.0,348.0,42.189068,5.952086,-7.3624463,0.0013296059,20.132895,-103.67488,1.0837143e-05,0.0011288074,0.0022748825,-0.0006563271,-8.097502e-05,-0.00038073532,0.0015992079
0.0,-150.0,368.0,42.43811,4.689397,-6.1427937,0.0011598617,8.806928,-99.68952,4.9079154e-06,0.0008857971,0.0011472651,0.0002866811,-3.5502348e-05,-8.3011306e-05,0.0005156231
0.0,-150.0,388.0,42.548454,3.7952096,-5.3010654,0.0011219279,4.031312,-95.86661,3.6525496e-06,0.00082861254,0.00093090086,0.00048436227,-2.4630312e-05,-2.3753673e-05,0.00027766105
0.0,-150.0,413.0,42.57609,2.9990568,-4.5288625,0.0011054568,1.8660553,-90.8694,4.79084e-06,0.0008341118,0.00089582865,0.00048103943,-2.8418584e-05,2.2078107e-06,0.0002584441
0.0,-150.0,438.0,42.545345,2.4213278,-3.9376853,0.0010983493,1.0659125,-85.7326,6.2373733e-06,0.0008454127,0.00088160275,0.00046972817,-3.2166725e-05,2.2420596e-05,0.00025013703
0.0,-150.0,488.0,42.40673,1.6511254,-3.0802636,0.0010929825,0.5539435,-75.84441,9.846834e-06,0.0008691435,0.00085726567,0.00045975103,-3.729936e-05,5.966269e-05,0.00023370847
0.0,-150.0,538.0,42.245525,1.1419497,-2.45829,0.0010908005,0.36548144,-67.17721,1.368997e-05,0.0008815901,0.0008577235,0.0004098023,-3.6804584e-05,8.32192e-05,0.00020712738
0.0,-140.0,243.0,1.2889977e-16,-2.3988778e-15,5.075068e-16,3.4086852,55396.598,-149.1903,6.2112525e-07,2.27174,2.272457,2.272342,0.0070013185,-0.001621224,0.0008547622
0.0,-140.0,248.0,2.0818715,-2.2226915,-1.3304191,38.246822,4473.712,-152.7004,0.009033094,20.940733,23.710361,32.21065,2.4859982,-3.0851474,-1.8059258
0.0,-140.0,253.0,5.0341153,-1.880991,-3.4429898,60.287502,3597.995,-158.38579,0.016383477,27.778708,36.63723,55.84778,5.3888283,-8.993292,-3.5540059
0.0,-140.0,258.0,9.646723,-1.4967461,-6.2133856,73.90255,4197.5156,-162.535,0.015154738,33.723408,46.37123,68.07691,8.196998,-12.301867,-5.5728893
0.0,-140.0,268.0,22.684738,0.19348256,-13.3186865,67.87311,4886.825,-171.78008,0.010029138,30.946949,45.561306,59.109528,9.675081,-10.082734,-7.8493023
0.0,-140.0,278.0,34.228348,3.2345145,-18.590836,25.219864,3814.5999,-178.42482,0.005706561,11.156392,18.530046,20.498137,4.334973,-3.781164,-4.959891
0.0,-140.0,288.0,39.443142,6.1114435,-19.412998,3.074126,1848.0502,-169.35103,0.001537722,1.7746046,2.680972,1.6650596,0.051363118,-0.33276695,-0.79549086
0.0,-140.0,298.0,40.321545,7.5177794,-17.04817,0.64162654,859.548,-150.17847,0.00066996773,0.46214157,0.77176875,0.048750818,-0.11695295,-0.06574751,-0.111680746
0.0,-140.0,308.0,40.8701,7.718049,-14.241654,0.082948394,337.64673,-132.7338,0.0002112831,0.06339182,0.1575435,-0.055119574,-0.023623299,-0.02493237,0.008813252
0.0,-140.0,318.0,41.399452,7.251725,-11.946356,0.008862423,105.649574,-121.309364,6.62224e-05,0.007848915,0.029986462,-0.020115357,-0.004049242,-0.0061683725,0.008529163
0.0,-140.0,328.0,41.798912,6.5431976,-10.260475,0.0018662123,45.909527,-114.72974,2.3874407e-05,0.0018912809,0.0075140134,-0.0056755594,-0.0008716279,-0.0016196149,0.0033585813
0.0,-140.0,338.0,42.073067,5.85807,-9.000191,0.0014089287,31.060745,-110.60269,1.7549719e-05,0.0014210385,0.0043270886,-0.0029309203,-0.00044530118,-0.000817177,0.002247348
0.0,-140.0,348.0,42.259964,5.257491,-8.025544,0.0012911382,19.936117,-107.61558,1.1152157e-05,0.0011566497,0.002491787,-0.0009764574,-0.00020681272,-0.00035853428,0.0012270985
0.0,-140.0,368.0,42.487556,4.2720995,-6.623977,0.001164788,8.928475,-102.8691,5.1313496e-06,0.0009043111,0.0012338692,0.00019129971,-6.0728038e-05,-8.1105776e-05,0.00044345474
0.0,-140.0,388.0,42.58714,3.5214326,-5.660076,0.0011250442,4.2405853,-98.458015,3.7518878e-06,0.0008374698,0.0009708925,0.00044173378,-3.3127013e-05,-2.17096e-05,0.0002480263
0.0,-140.0,413.0,42.60742,2.819013,-4.7882915,0.0011067109,1.9745963,-92.89439,4.7759063e-06,0.000838415,0.00092245155,0.00045256273,-3.2452157e-05,4.3624445e-06,0.00023261379
0.0,-140.0,438.0,42.571304,2.2920878,-4.1326623,0.0010989811,1.1188732,-87.33183,6.1745773e-06,0.00084816094,0.00090318534,0.00044660637,-3.350087e-05,2.449054e-05,0.00022893233
0.0,-140.0,488.0,42.427437,1.571407,-3.177082,0.001093223,0.57518953,-76.86633,9.3364215e-06,0.00086530723,0.0008991809,0.00042165827,-3.636427e-05,5.914128e-05,0.0001980584
0.0,-140.0,538.0,42.260838,1.0976082,-2.5170927,0.0010909038,0.37263605,-67.91097,1.353012e-05,0.00088292104,0.0008784184,0.00040131024,-3.547983e-05,8.559233e-05,0.00019586415
0.0,-130.0,243.0,-1.02659334e-16,-1.4243744e-15,7.9448927e-16,3.282403,58123.4,-144.3377,6.638683e-07,2.189139,2.1882687,2.1873634,0.0066623846,-0.003528891,0.00082078314
0.0,-130.0,248.0,0.025906725,-1.3770672,-0.2699446,35.261955,3976.2974,-150.86072,0.00950582,18.941055,22.186272,29.712048,2.840721,-1.9426413,-2.5776856
0.0,-130.0,253.0,1.83953,-0.9530463,-1.9227396,54.440727,2932.2932,-155.68434,0.018595602,25.868416,33.392384,49.462517,5.5064673,-6.3531647,-3.761679
0.0,-130.0,258.0,4.670724,-0.7096592,-3.805255,67.62394,3125.3376,-159.52611,0.02064145,31.369984,42.412464,61.79675,8.29693,-10.102667,-5.3683705
0.0,-130.0,268.0,13.233033,-0.027346073,-8.569141,78.72233,3961.5283,-167.20865,0.01576781,35.578964,53.046516,68.616745,11.447555,-11.570594,-8.129179
0.0,-130.0,278.0,23.697983,1.4776335,-13.263137,62.99968,4022.4072,-172.0671,0.012148433,28.066061,45.649376,51.687256,10.595592,-9.683308,-8.228796
0.0,-130.0,288.0,32.96423,3.383117,-15.934165,29.938206,3588.5483,-165.62358,0.008073449,13.037071,24.272072,22.47167,6.1694474,-6.0479894,-4.8465414
0.0,-130.0,298.0,39.859463,5.203073,-16.145123,2.738342,1720.4734,-150.74338,0.0012259815,1.4857949,2.442374,1.5571162,0.27448264,-0.46652907,-0.3079618
0.0,-130.0,308.0,41.384537,5.6054783,-14.352843,0.10615125,385.70236,-137.91196,0.00024224108,0.07900072,0.16204402,-0.028838761,-0.018201794,-0.022609198,-0.0026780143
0.0,-130.0,318.0,41.767555,5.5446515,-12.38126,0.010581842,171.7842,-127.785904,5.7400488e-05,0.009381541,0.025443094,-0.013663307,-0.0039994386,-0.00390659,0.0026619844
0.0,-130.0,328.0,42.029068,5.2593627,-10.774762,0.0022773398,47.66944,-120.97455,2.8996295e-05,0.0025582234,0.008719709,-0.0067262803,-0.0013685856,-0.0014697786,0.0020875342
0.0,-130.0,338.0,42.226444,4.8884034,-9.512588,0.001445169,31.271126,-116.1773,1.9378662e-05,0.0016003273,0.0046842415,-0.0033952876,-0.00064559735,-0.0007118037,0.0015115683
0.0,-130.0,348.0,42.369736,4.5101027,-8.504184,0.0012746331,19.040623,-112.48734,1.0845848e-05,0.0011793231,0.0024837072,-0.0010328172,-0.0002731697,-0.00028585555,0.00081317016
0.0,-130.0,368.0,42.554432,3.8055396,-7.0125804,0.0011709225,9.244542,-106.568275,5.6386143e-06,0.00093289383,0.0013217393,8.71463e-05,-8.969713e-05,-7.416517e-05,0.00037339173
0.0,-130.0,388.0,42.63462,3.2104206,-5.967371,0.0011280661,4.4576726,-101.32988,3.916842e-06,0.0008484847,0.0010056639,0.00040198278,-4.3574873e-05,-1.7174683e-05,0.00021340752
0.0,-130.0,413.0,42.64258,2.614251,-5.0194187,0.0011078218,2.0587478,-95.04582,4.804606e-06,0.0008437018,0.00094481936,0.00042713838,-3.7819536e-05,8.088443e-06,0.0002035143
0.0,-130.0,438.0,42.598812,2.1462696,-4.310506,0.0010995626,1.1638119,-88.98191,6.168253e-06,0.0008520292,0.0009216645,0.00042542763,-3.6560094e-05,2.7798536e-05,0.00020515212
0.0,-130.0,488.0,42.445545,1.4786357,-3.294115,0.0010934316,0.5965575,-77.88161,9.013629e-06,0.0008632202,0.00089290657,0.00043072653,-3.1932344e-05,5.7870875e-05,0.00020890584
0.0,-130.0,538.0,42.27501,1.0436223,-2.584778,0.0010910156,0.38102138,-68.613235,1.3221262e-05,0.0008822142,0.00089975575,0.00039814992,-3.291825e-05,8.6370055e-05,0.00019176072
0.0,-120.0,243.0,-8.6774677e-16,-3.5215816e-15,4.877271e-15,3.1082144,53955.508,-143.96074,8.3278053e-07,2.0750349,2.072143,2.069687,0.0063532423,-0.008214486,0.0007964932
0.0,-120.0,248.0,-1.7008412,-0.83077556,0.93603474,30.058252,3654.2131,-152.78386,0.008892857,15.418634,19.307028,25.678905,2.7870188,-1.6755025,-2.9747934
0.0,-120.0,253.0,-0.6018095,-0.32463324,-0.44734806,48.007057,2532.9233,-155.92906,0.01903837,22.801743,30.083822,42.866047,5.034537,-4.680498,-3.8482854
0.0,-120.0,258.0,1.1468252,-0.16642807,-1.8923044,60.667637,2501.1306,-159.21237,0.024139421,28.583029,38.298405,54.702023,7.3107724,-7.895764,-4.580312
0.0,-120.0,268.0,6.682597,-0.14568165,-5.1171618,77.09257,3041.179,-166.49513,0.022720821,34.798336,51.63435,67.53276,11.320895,-11.75815,-6.7481856
0.0,-120.0,278.0,15.068354,0.28365946,-8.883049,79.25343,3562.3022,-172.056,0.017541947,35.472595,56.03449,66.26795,11.912274,-13.049135,-8.077447
0.0,-120.0,288.0,24.65314,1.2614474,-12.077837,61.88268,3632.6506,-169.35747,0.015442433,27.884796,46.332287,49.41245,10.38096,-12.777441,-7.3639264
0.0,-120.0,298.0,34.48523,2.6136706,-14.006648,25.929905,3399.5425,-157.46165,0.0074553024,12.1025715,20.721973,19.04945,4.184507,-6.3868937,-3.1307411
0.0,-120.0,308.0,41.167004,3.8483245,-14.0397625,1.2143972,1170.4966,-146.40268,0.0008453755,0.70580256,1.1006885,0.6211738,0.05448783,-0.24428788,-0.104841374
0.0,-120.0,318.0,42.10764,4.046065,-12.513697,0.05090075,294.72208,-135.94034,0.00016459018,0.040890828,0.07941705,-0.018511627,-0.0112723205,-0.009423394,-0.0024847048
0.0,-120.0,328.0,42.29149,4.069155,-11.023833,0.0055275145,69.347755,-128.2417,5.977658e-05,0.006404279,0.017186575,-0.012539876,-0.0033688268,-0.001953404,0.0010298372
0.0,-120.0,338.0,42.407574,3.950714,-9.804841,0.0017130963,32.266163,-122.49876,2.245587e-05,0.0020009375,0.0052108318,-0.0037856512,-0.0009088084,-0.000590046,0.000752014
0.0,-120.0,348.0,42.509354,3.763129,-8.81041,0.001290602,18.954218,-117.92843,1.1559423e-05,0.0012555794,0.002552527,-0.0010997525,-0.00036025443,-0.00022253564,0.00046770915
0.0,-120.0,368.0,42.644352,3.318613,-7.2919497,0.0011754582,9.668455,-110.62503,6.3905054e-06,0.00097010686,0.0014048454,-2.4162757e-05,-0.00012503617,-5.982469e-05,0.00029089223
0.0,-120.0,388.0,42.696453,2.877396,-6.2077665,0.0011317519,4.6836195,-104.40464,4.162978e-06,0.0008626349,0.001035148,0.00036569798,-5.5452507e-05,-9.247366e-06,0.00017476917
0.0,-120.0,413.0,42.6848,2.3915045,-5.212665,0.0011090852,2.156403,-97.28599,4.8847887e-06,0.0008503341,0.0009617629,0.0004060783,-4.3612883e-05,1.4068537e-05,0.00017294612
0.0,-120.0,438.0,42.628906,1.9870301,-4.4657407,0.0011001795,1.2090917,-90.66068,6.1956025e-06,0.0008563481,0.00093623257,0.00040777383,-3.8873375e-05,3.2485306e-05,0.00018099
0.0,-120.0,488.0,42.462555,1.3822342,-3.4002275,0.001093594,0.60277784,-78.89117,9.0657e-06,0.0008671259,0.00091578026,0.00040419193,-3.348771e-05,6.209147e-05,0.00017293831
0.0,-120.0,538.0,42.28469,0.96590513,-2.6624863,0.0010910876,0.38737267,-69.15506,1.2902191e-05,0.00088123593,0.0009074515,0.00038985003,-3.0209321e-05,8.638726e-05,0.0001903495
0.0,-110.0,243.0,-4.9804796e-16,-1.3721213e-15,3.63994e-15,4.0775175,63512.176,-152.32431,1.4306012e-06,2.724573,2.7183452,2.711488,0.009234179,-0.023231387,0.0010957754
0.0,-110.0,248.0,-3.2424748,-0.60223013,2.3958879,21.118135,4116.0254,-158.59808,0.0057091108,10.038397,14.082076,18.467905,1.8544127,-1.8322222,-2.346398
0.0,-110.0,253.0,-2.5426002,0.055512775,1.0547825,40.62148,2338.5474,-158.35497,0.017594466,18.431301,26.35889,35.697327,4.143225,-4.211331,-3.6575031
0.0,-110.0,258.0,-1.3394226,0.1808036,-0.19708237,53.46045,2146.6533,-161.0149,0.024822636,24.753078,34.429127,47.90515,5.820927,-6.343597,-4.0082364
0.0,-110.0,268.0,2.4219534,-0.14162043,-2.716697,71.587364,2427.6008,-166.82385,0.029182687,32.604897,47.47139,62.934525,9.803849,-11.098621,-4.8739443
0.0,-110.0,278.0,8.717345,-0.39552316,-5.588745,82.78392,3030.7559,-173.00818,0.023147432,37.102333,57.381527,70.303154,11.694896,-14.895554,-6.591211
0.0,-110.0,288.0,17.86697,-0.03830087,-8.779191,79.36706,3426.0178,-172.8721,0.019429894,36.868874,56.847473,64.92689,10.939392,-16.91283,-7.0521865
0.0,-110.0,298.0,28.208755,0.7856443,-11.339787,54.50105,3546.9966,-164.70483,0.015324701,25.520979,40.6813,42.770325,7.907033,-14.6451845,-5.54934
0.0,-110.0,308.0,38.61879,2.1243777,-12.872133,10.374602,2724.917,-155.44269,0.0033992624,5.425462,8.034675,7.2861276,1.0312395,-2.5839906,-0.96142757
0.0,-110.0,318.0,42.34448,2.7936313,-12.286948,0.22280872,473.85815,-144.537,0.00042322246,0.1570855,0.24412957,0.044388525,-0.018310035,-0.037867457,-0.027553177
0.0,-110.0,328.0,42.604942,3.014087,-11.004202,0.016650174,143.90694,-135.80373,0.000109682725,0.016780477,0.032547854,-0.016035631,-0.0065428526,-0.001981871,-0.0030012042
0.0,-110.0,338.0,42.6289,3.091037,-9.873449,0.0026255413,38.008297,-129.05443,3.431949e-05,0.0032418864,0.0072994567,-0.0052917367,-0.0015229387,-0.0004696948,-0.000101648606
0.0,-110.0,348.0,42.67806,3.0593824,-8.936857,0.0013802057,20.673098,-123.594185,1.501224e-05,0.0014833048,0.0029323401,-0.0015490225,-0.0005086838,-0.00016903823,0.00018734325
0.0,-110.0,368.0,42.750294,2.837529,-7.47251,0.0011789262,10.125535,-114.82684,7.351359e-06,0.0010141636,0.0014753232,-0.00013177848,-0.00015781377,-3.6070753e-05,0.00020038542
0.0,-110.0,388.0,42.768414,2.538743,-6.3882413,0.0011352799,4.8962836,-107.566345,4.46498e-06,0.0008780969,0.0010572739,0.00033515453,-6.484918e-05,1.5526485e-06,0.00013705032
0.0,-110.0,413.0,42.732254,2.1603293,-5.373123,0.0011101225,2.232101,-99.5589,4.988962e-06,0.0008571453,0.00097277487,0.0003903266,-4.7766152e-05,2.153314e-05,0.0001446502
0.0,-110.0,438.0,42.661034,1.8197529,-4.6022797,0.0011008531,1.2620164,-92.33949,6.2410336e-06,0.00086101866,0.00094661437,0.0003940741,-4.1953055e-05,3.8136313e-05,0.00015802462
0.0,-110.0,488.0,42.481907,1.2766907,-3.4830122,0.0010938182,0.62190294,-79.86781,9.072344e-06,0.0008700883,0.0009091366,0.00040856202,-3.3106953e-05,6.634457e-05,0.00017887556
0.0,-110.0,538.0,42.29747,0.9033499,-2.7417197,0.0010911842,0.39487243,-69.85218,1.2714271e-05,0.00088122266,0.0009062491,0.0003750013,-2.9533523e-05,8.710296e-05,0.00016797421
0.0,-100.0,243.0,-4.7372906e-16,-1.4106539e-15,4.8326457e-15,4.2016926,64483.85,-163.7161,2.1404894e-06,2.8101463,2.8011284,2.7879102,0.014252804,-0.047052704,0.0015457136
0.0,-100.0,248.0,-4.3752346,-0.8662245,4.0587783,13.913349,5443.768,-171.31876,0.002935167,6.5693803,9.555395,12.016012,0.9538086,-1.2716696,-1.2707434
0.0,-100.0,253.0,-3.8944838,0.053534873,2.5069005,32.044373,2443.1072,-162.46254,0.013303385,13.453613,22.07917,27.560408,2.7745605,-4.087337,-3.2946148
0.0,-100.0,258.0,-3.0471675,0.29565322,1.3596258,45.61336,1958.0555,-163.6048,0.023075731,20.164968,30.5421,40.56502,4.147866,-5.417137,-3.5799334
0.0,-100.0,268.0,-0.40561837,-0.08873025,-0.84430766,65.24044,2031.63,-167.95566,0.032099944,29.368017,43.213474,57.77684,7.3319764,-9.66551,-3.450061
0.0,-100.0,278.0,4.2871933,-0.6943041,-3.1949096,80.47801,2554.721,-173.20833,0.02942248,36.24459,54.57363,69.378426,10.332512,-15.526389,-4.6731577
0.0,-100.0,288.0,12.339712,-0.8089073,-6.0985246,87.56772,3169.2412,-174.65222,0.0225208,41.445168,60.873856,72.7742,10.380689,-19.620413,-5.8945045
0.0,-100.0,298.0,22.970066,-0.31158975,-8.977861,73.36351,3471.1306,-169.60977,0.020568458,35.254383,52.332916,59.113815,8.86401,-20.177702,-5.910902
0.0,-100.0,308.0,34.40549,0.7034438,-11.149811,31.48855,3397.2114,-162.4929,0.009115369,15.794002,23.104841,24.088255,3.4584568,-9.6532545,-2.8079138
0.0,-100.0,318.0,42.137264,1.778327,-11.760724,1.0552849,1003.41345,-152.32285,0.0008993946,0.64052,0.86811846,0.60247856,0.024963535,-0.24140152,-0.1070145
0.0,-100.0,328.0,42.890785,2.1220126,-10.8062315,0.04450088,239.25996,-142.93857,0.00017574163,0.03838286,0.057891592,-0.007283438,-0.009142108,-0.0028067264,-0.009910228
0.0,-100.0,338.0,42.85604,2.340464,-9.800259,0.004758839,47.276344,-135.34576,5.9360074e-05,0.006005505,0.01137519,-0.007863925,-0.0025820006,-6.0389164e-05,-0.0016189667
0.0,-100.0,348.0,42.849262,2.428478,-8.944932,0.0015584463,23.161352,-129.09598,2.0738413e-05,0.0018692287,0.0034858608,-0.0020764829,-0.0006918909,-6.985052e-05,-0.00015548039
0.0,-100.0,368.0,42.859753,2.3846538,-7.5695066,0.0011835583,10.565541,-118.98816,8.495089e-06,0.0010650622,0.0015274137,-0.00022555713,-0.00018406224,-3.251451e-06,0.0001100189
0.0,-100.0,388.0,42.842995,2.207046,-6.516195,0.0011383208,5.070941,-110.71294,4.7884764e-06,0.00089342555,0.001069922,0.00031326755,-7.062732e-05,1.4459667e-05,0.00010104753
0.0,-100.0,413.0,42.78173,1.9264017,-5.5033092,0.0011113856,2.3116164,-101.81133,5.1197544e-06,0.0008642002,0.0009798489,0.00037872393,-4.964039e-05,2.956877e-05,0.000118192045
0.0,-100.0,438.0,42.697155,1.64662,-4.7187333,0.0011012689,1.2904731,-93.98781,6.293585e-06,0.0008651991,0.0009547054,0.00038262198,-4.2835818e-05,4.379758e-05,0.00013500024
0.0,-100.0,488.0,42.49979,1.181584,-3.589323,0.0010939089,0.6206022,-80.8226,9.31661e-06,0.0008764145,0.00092478347,0.00038670358,-3.5478704e-05,7.102869e-05,0.00013860267
0.0,-100.0,538.0,42.308952,0.8297196,-2.7936382,0.0010912559,0.39924654,-70.41609,1.2753066e-05,0.00088400766,0.0009089296,0.00036284,-2.9419154e-05,9.032626e-05,0.00013770277
0.0,-90.0,243.0,-1.5464742e-16,-5.239656e-16,1.8801326e-15,4.4219613,61860.89,-173.49428,2.6955893e-06,2.9591334,2.9479742,2.9288635,0.01999466,-0.069580145,0.0021864353
0.0,-90.0,248.0,-4.8957815,-1.4456742,5.8892694,11.311352,7040.95,-188.72694,0.0020209153,5.8240666,7.738874,9.187477,0.5919215,-0.67695844,-0.5478843
0.0,-90.0,253.0,-4.8384247,-0.43358284,3.9419978,25.440123,2735.377,-169.1821,0.008990484,9.960273,18.15346,22.052244,1.3823895,-3.6569648,-2.884092
0.0,-90.0,258.0,-4.168907,0.110463336,2.707779,38.234787,1898.0464,-166.69992,0.01920983,15.932985,26.779972,33.70899,2.6415157,-4.757339,-3.3646448
0.0,-90.0,268.0,-2.2599401,-0.077843,0.66354674,58.649754,1747.9358,-169.18958,0.033417877,25.23222,39.322426,52.659416,5.0193667,-8.360546,-2.5048692
0.0,-90.0,278.0,1.3192914,-0.7559872,-1.4388772,75.903786,2179.3354,-173.10751,0.03426903,34.07553,50.571346,66.4885,8.054871,-14.81012,-2.8866692
0.0,-90.0,288.0,8.043552,-1.1753322,-4.013416,89.75559,2889.3123,-174.77193,0.025879368,43.00656,60.868195,75.60643,9.11322,-21.089756,-4.3855543
0.0,-90.0,298.0,18.664692,-0.93548626,-7.016722,85.211235,3357.0327,-172.12062,0.02318001,42.070213,58.85805,69.45414,8.378514,-23.55076,-5.245438
0.0,-90.0,308.0,30.269978,-0.20123933,-9.459532,52.20173,3516.5732,-167.2093,0.01483194,26.36853,36.805187,41.24296,5.102871,-17.042671,-3.8675175
0.0,-90.0,318.0,41.029243,0.94985884,-10.962523,4.296515,1963.6576,-158.53319,0.0018983294,2.448489,3.145181,3.0004275,0.24590282,-1.1248667,-0.3324015
0.0,-90.0,328.0,43.08913,1.4115555,-10.480634,0.110808454,345.76627,-149.10374,0.0002998083,0.0853695,0.11094215,0.025304906,-0.011182169,-0.009577465,-0.02197633
0.0,-90.0,338.0,43.07613,1.7124221,-9.6301775,0.0094383005,64.37381,-141.00163,0.00011167834,0.011995263,0.018889597,-0.012009279,-0.0045967703,0.0011419379,-0.0048932354
0.0,-90.0,348.0,43.01328,1.8820715,-8.867736,0.0019187718,26.44319,-134.16908,2.991464e-05,0.0025345385,0.0042782538,-0.0027397457,-0.0009480291,0.000115866846,-0.00066394627
0.0,-90.0,368.0,42.967106,1.9708956,-7.6041636,0.0011892731,10.976459,-122.93682,9.812834e-06,0.0011227346,0.0015616613,-0.00030595902,-0.00020620202,3.835042e-05,1.4796198e-05
0.0,-90.0,388.0,42.916706,1.8909878,-6.600077,0.0011410653,5.2036505,-113.74087,5.153526e-06,0.0009094957,0.0010760542,0.0002965446,-7.460225e-05,2.9273137e-05,6.564636e-05
0.0,-90.0,413.0,42.83038,1.6944407,-5.605115,0.001112643,2.3822725,-103.988106,5.272715e-06,0.0008714874,0.0009837773,0.0003700238,-5.0132836e-05,3.8458184e-05,9.255294e-05
0.0,-90.0,438.0,42.730335,1.4700974,-4.8162184,0.0011018764,1.3300965,-95.57521,6.3862412e-06,0.0008698816,0.000959984,0.0003738746,-4.093355e-05,5.0511793e-05,0.00011387513
0.0,-90.0,488.0,42.52094,1.0659914,-3.6375816,0.0010941261,0.6438261,-81.710014,8.903443e-06,0.0008721551,0.00093914784,0.00037683072,-3.2144377e-05,7.155393e-05,0.00012056872
0.0,-90.0,538.0,42.32096,0.7607807,-2.8352978,0.0010913297,0.40416992,-70.953995,1.2668285e-05,0.0008849858,0.00092349364,0.00035577323,-2.6619731e-05,9.3126e-05,0.00012514887
0.0,-80.0,243.0,-6.0358165e-16,-2.1961968e-15,8.236866e-15,5.026168,61065.39,-179.92776,3.0662502e-06,3.3631775,3.3507786,3.327303,0.023828253,-0.08697759,0.0026195145
0.0,-80.0,248.0,-4.6386847,-1.6582721,7.1265526,10.472585,8063.934,-201.50244,0.0018711502,6.281468,7.0499616,7.7088175,0.77169216,-0.553107,-0.04633451
0.0,-80.0,253.0,-5.331199,-1.053689,5.264138,21.66892,3092.7356,-179.27722,0.0072004204,8.49996,15.206119,19.581013,0.6175336,-2.832339,-2.2190373
0.0,-80.0,258.0,-4.8923345,-0.3201935,3.8482008,32.486988,1932.1108,-170.82487,0.01524057,13.0830555,23.126707,28.79962,1.4678091,-4.057052,-3.0702858
0.0,-80.0,268.0,-3.436408,-0.16001418,1.7950251,52.67047,1549.2888,-170.33548,0.03344331,21.336329,35.979008,47.96714,3.2662766,-7.350666,-1.9878262
0.0,-80.0,278.0,-0.6368337,-0.72340125,-0.15946248,70.86979,1888.893,-172.9483,0.03745286,31.180191,46.91687,63.088158,5.7016697,-13.535594,-1.5726682
0.0,-80.0,288.0,4.9202757,-1.2504957,-2.4701858,88.3561,2614.122,-174.0364,0.029456459,42.55999,58.76423,75.338524,7.369959,-21.450998,-2.8560786
0.0,-80.0,298.0,15.115387,-1.2308472,-5.4339914,92.11912,3235.0693,-172.87067,0.024249824,46.56445,62.19871,75.384384,7.2331405,-25.39474,-4.180618
0.0,-80.0,308.0,26.783672,-0.696767,-8.026265,66.902985,3494.4465,-169.93886,0.019165885,34.345974,45.88195,53.573524,5.471829,-22.205805,-3.953797
0.0,-80.0,318.0,39.03709,0.3095356,-9.996838,12.185748,2787.0042,-162.85027,0.004057436,6.7498713,8.553895,9.067482,0.79627436,-3.6802914,-0.79924524
0.0,-80.0,328.0,43.14767,0.87814176,-10.072723,0.27291033,496.05978,-154.03679,0.000509121,0.19032378,0.2277843,0.1275639,-0.008289232,-0.040167786,-0.040336125
0.0,-80.0,338.0,43.28481,1.2090286,-9.397841,0.019420642,98.65003,-145.81061,0.0001797269,0.022386536,0.02887809,-0.012420746,-0.006596269,0.0030628548,-0.009377784
0.0,-80.0,348.0,43.16813,1.4251372,-8.72936,0.0026738916,30.812094,-138.63388,4.5198307e-05,0.0037484996,0.005512121,-0.0037019693,-0.0013106519,0.0004846748,-0.0014219002
0.0,-80.0,368.0,43.069176,1.6003904,-7.589869,0.001196021,11.34985,-126.57229,1.1311593e-05,0.0011866086,0.0015767582,-0.00037152896,-0.00022090263,8.8144065e-05,-7.73724e-05
0.0,-80.0,388.0,42.987534,1.595123,-6.646462,0.0011437713,5.3476896,-116.58216,5.590006e-06,0.00092719076,0.0010788152,0.00028152662,-7.61219e-05,4.5868066e-05,3.3776567e-05
0.0,-80.0,413.0,42.877056,1.4678679,-5.6811285,0.0011138539,2.4414177,-106.04934,5.457897e-06,0.00087918434,0.0009843233,0.0003641702,-4.87389e-05,4.797675e-05,7.008425e-05
0.0,-80.0,438.0,42.761692,1.2942005,-4.898123,0.0011023743,1.3627045,-97.07854,6.494987e-06,0.00087482634,0.00096212106,0.0003677582,-4.0374358e-05,5.755178e-05,9.4778494e-05
0.0,-80.0,488.0,42.536674,0.95136523,-3.7255652,0.001094217,0.64692634,-82.55101,8.964488e-06,0.0008747482,0.0009339594,0.00037955935,-2.7472977e-05,7.4127376e-05,0.0001254672
0.0,-80.0,538.0,42.332066,0.68446845,-2.8826532,0.0010914094,0.4102198,-71.49014,1.2532514e-05,0.00088521617,0.00093667145,0.0003522174,-2.3669192e-05,9.488785e-05,0.00011826009
0.0,-70.0,243.0,-4.494646e-16,-1.6829714e-15,6.5851437e-15,5.107969,67419.93,-184.43213,3.358107e-06,3.418823,3.4053125,3.3781822,0.026631394,-0.10176619,0.003024903
0.0,-70.0,248.0,-4.264847,-1.8259457,7.8217835,9.991817,8977.157,-210.2713,0.0017015929,6.7522507,6.6717534,6.7080317,0.76331276,-0.73893034,0.13682023
0.0,-70.0,253.0,-5.5666704,-1.5232627,6.4779024,19.90054,3340.2937,-187.98604,0.0063175308,8.125395,13.647952,17.81544,0.25677308,-2.1182323,-1.625239
0.0,-70.0,258.0,-5.3330283,-0.78133744,4.8113217,28.943876,2016.9933,-176.09001,0.012722961,11.662995,20.326017,26.065388,0.78769773,-3.4256122,-2.593814
0.0,-70.0,268.0,-4.1785064,-0.3214817,2.6022274,47.850197,1426.7295,-171.44894,0.03140681,18.566761,33.027,44.07906,2.0375056,-6.456332,-1.8719392
0.0,-70.0,278.0,-1.8923647,-0.68530023,0.71881396,66.364655,1678.1923,-172.95407,0.039523184,28.326914,44.01994,59.886562,3.889844,-12.38786,-0.8310727
0.0,-70.0,288.0,2.7799816,-1.16888,-1.3950981,85.42305,2373.5725,-173.12967,0.032763887,41.073666,56.173237,73.51979,5.5595713,-21.073273,-1.6207196
0.0,-70.0,298.0,12.285549,-1.2893044,-4.213448,95.57538,3111.9458,-172.59279,0.025063979,49.099785,63.5885,78.32992,5.910252,-26.430702,-3.0818639
0.0,-70.0,308.0,23.999887,-0.9056636,-6.8859143,76.66283,3436.304,-171.0712,0.02219505,39.980587,51.592922,61.758217,5.068252,-25.559427,-3.5173154
0.0,-70.0,318.0,36.737404,-0.10744445,-9.041764,23.485533,3198.0437,-165.38924,0.007126345,12.856273,16.103033,18.011402,1.4470701,-7.9223948,-1.2960341
0.0,-70.0,328.0,43.0359,0.5029361,-9.630974,0.6105455,697.01715,-157.6794,0.0007984603,0.39534625,0.45632008,0.3692132,0.0031461816,-0.1302428,-0.062882714
0.0,-70.0,338.0,43.461758,0.82207656,-9.140809,0.03576927,150.6765,-149.68184,0.00023078264,0.035638522,0.03928695,-0.0033850614,-0.0069525954,0.0037949325,-0.012622045
0.0,-70.0,348.0,43.308914,1.0547073,-8.5621395,0.003894027,35.859238,-142.3872,6.839632e-05,0.0056463173,0.007116706,-0.0045417594,-0.0017573978,0.00111798,-0.0023920313
0.0,-70.0,368.0,43.161495,1.2818071,-7.541052,0.0012050736,11.730114,-129.7551,1.3115621e-05,0.0012615683,0.0015835301,-0.00043504254,-0.00023233147,0.00014585363,-0.00015275493
0.0,-70.0,388.0,43.051537,1.3256809,-6.6633186,0.0011464013,5.4932384,-119.13504,6.088785e-06,0.0009462435,0.0010782455,0.00026831642,-7.618486e-05,6.3751075e-05,9.067039e-06
0.0,-70.0,413.0,42.918377,1.252231,-5.7350926,0.0011150556,2.5032668,-107.928734,5.6642452e-06,0.00088700524,0.0009821458,0.0003609549,-4.6481775e-05,5.7588622e-05,5.1368905e-05
0.0,-70.0,438.0,42.79106,1.1199667,-4.9637437,0.0011027049,1.3774537,-98.45422,6.598791e-06,0.0008788675,0.0009637189,0.00036280134,-3.6297282e-05,6.357173e-05,7.608545e-05
0.0,-70.0,488.0,42.551765,0.83255756,-3.770564,0.0010943428,0.6521378,-83.316,9.000044e-06,0.0008771909,0.0009456105,0.0003658418,-2.5847967e-05,7.8655394e-05,8.893318e-05
0.0,-70.0,538.0,42.339325,0.5935982,-2.932155,0.001091452,0.41371566,-71.90233,1.2443238e-05,0.0008856534,0.00093934045,0.00034637842,-2.0418707e-05,9.645781e-05,0.00011162524
0.0,-60.0,243.0,-7.3495143e-16,-2.6619848e-15,1.1444653e-14,5.4405713,66727.83,-186.60689,3.537495e-06,3.6410255,3.6270475,3.5974853,0.02661324,-0.111969724,0.0030554198
0.0,-60.0,248.0,-3.8254452,-1.6368762,8.175716,9.807992,9542.98,-214.48718,0.0016375729,7.2347445,6.4836445,6.1368737,0.9101643,-1.0572333,0.19177867
0.0,-60.0,253.0,-5.5639114,-1.671726,7.38753,18.556093,3701.9558,-195.70023,0.006004791,8.338818,12.347242,16.274227,0.33091155,-1.659035,-0.9689984
0.0,-60.0,258.0,-5.584667,-1.0855763,5.6361785,26.881048,2138.4534,-181.43706,0.011321069,11.090593,18.368988,24.55703,0.41072366,-2.8267117,-1.9987104
0.0,-60.0,268.0,-4.655218,-0.49451944,3.2020044,44.28645,1360.3127,-172.59882,0.0288701,16.821941,30.40074,41.350998,1.2339208,-5.7313232,-1.8486545
0.0,-60.0,278.0,-2.7152362,-0.66489875,1.3056153,62.77788,1537.0255,-173.08566,0.040403876,26.080765,41.710552,57.29338,2.625889,-11.47084,-0.56619895
0.0,-60.0,288.0,1.3417513,-1.0334424,-0.6779335,82.370255,2184.8257,-172.3507,0.03533833,39.445152,53.89678,71.30389,3.997379,-20.348673,-0.8223277
0.0,-60.0,298.0,10.115991,-1.2017893,-3.3149562,96.83937,2994.5083,-171.86087,0.025917698,50.281357,63.868046,79.35973,4.609328,-26.929338,-2.1380785
0.0,-60.0,308.0,21.821478,-0.9385503,-6.0032144,83.12883,3373.8318,-171.37051,0.024316946,43.867,55.275635,67.12243,4.3322096,-27.8419,-2.8971272
0.0,-60.0,318.0,34.623596,-0.32942784,-8.215215,34.550613,3368.354,-166.75996,0.010151427,18.913412,23.325373,26.871029,1.8024967,-12.380123,-1.5294145
0.0,-60.0,328.0,42.788944,0.25282937,-9.194211,1.1784741,951.02094,-160.24094,0.0011148109,0.729949,0.8298445,0.79717344,0.021298733,-0.3046662,-0.08291992
0.0,-60.0,338.0,43.596878,0.53679425,-8.878013,0.056806885,206.51389,-152.684,0.00026588605,0.050481692,0.050631195,0.012501927,-0.0061330223,0.0025569322,-0.013983708
0.0,-60.0,348.0,43.433365,0.7632691,-8.384521,0.0053979727,41.063553,-145.44524,0.00010079349,0.008148169,0.008737641,-0.005598974,-0.0021834827,0.0020908818,-0.0035675575
0.0,-60.0,368.0,43.246693,1.0065323,-7.4764566,0.0012148088,12.096151,-132.5028,1.5147587e-05,0.0013438624,0.0015783471,-0.0004925815,-0.00023682106,0.0002102795,-0.00021506884
0.0,-60.0,388.0,43.111904,1.0802636,-6.6621585,0.0011490978,5.638429,-121.39332,6.631657e-06,0.0009664289,0.0010751446,0.0002566158,-7.543563e-05,8.271239e-05,-1.1682335e-05
0.0,-60.0,413.0,42.957832,1.0465348,-5.771994,0.0011159861,2.5533857,-109.61493,5.844017e-06,0.00089391903,0.0009785645,0.00035947785,-4.464895e-05,6.7063454e-05,3.4457888e-05
0.0,-60.0,438.0,42.81511,0.9486826,-5.013455,0.0011032851,1.4162093,-99.69531,6.737176e-06,0.00088393164,0.0009626941,0.0003599441,-3.3676715e-05,7.1082526e-05,5.9465285e-05
0.0,-60.0,488.0,42.564415,0.71436065,-3.8233688,0.0010944512,0.65953875,-84.00073,9.134303e-06,0.00088081334,0.00093901745,0.0003691423,-2.2515378e-05,8.2891296e-05,9.657351e-05
0.0,-60.0,538.0,42.34835,0.51093674,-2.9777331,0.001091513,0.41791648,-72.37809,1.2407341e-05,0.0008864415,0.00093436695,0.00034119375,-1.8730729e-05,9.788588e-05,9.021896e-05
0.0,-50.0,243.0,-3.6733614e-16,-1.206513e-15,5.936593e-15,5.2367706,70750.46,-188.34396,3.7036714e-06,3.5058293,3.4911804,3.4592097,0.025245026,-0.1217461,0.002935869
0.0,-50.0,248.0,-3.6624024,-1.5173818,8.49065,10.1563425,9697.895,-217.87784,0.0017205696,7.7223907,6.7246513,6.14966,0.847233,-1.350751,0.17790647
0.0,-50.0,253.0,-5.5264215,-1.6289557,8.024916,18.082542,3907.7847,-200.79648,0.0056615165,8.824296,11.943435,15.242106,0.37459204,-1.5391124,-0.5890873
0.0,-50.0,258.0,-5.7319975,-1.1930429,6.293514,25.831877,2241.3523,-186.0255,0.010694723,10.913286,17.281816,23.73058,0.251746,-2.4280925,-1.4993755
0.0,-50.0,268.0,-4.967736,-0.6106163,3.6695087,41.852966,1328.4806,-173.77556,0.026525093,15.888588,28.300846,39.52889,0.7702047,-5.1624875,-1.7080635
0.0,-50.0,278.0,-3.2654734,-0.64242643,1.7024243,60.115776,1446.9584,-173.18863,0.03998103,24.62126,39.81634,55.356144,1.7512342,-10.69165,-0.54042494
0.0,-50.0,288.0,0.37954167,-0.88736403,-0.21430059,79.80826,2049.8982,-171.79619,0.037147123,38.06028,52.11127,69.34697,2.8077571,-19.621412,-0.41732267
0.0,-50.0,298.0,8.519013,-1.0409758,-2.6838722,96.9185,2891.1624,-171.09634,0.02678158,50.67273,63.647007,79.323814,3.452944,-27.098032,-1.4184101
0.0,-50.0,308.0,20.153154,-0.86303055,-5.3427677,87.301,3316.0037,-171.1613,0.025599346,46.536205,57.62716,70.45561,3.486669,-29.23754,-2.2291753
0.0,-50.0,318.0,32.87617,-0.41020435,-7.5538883,43.61615,3428.9285,-167.4586,0.012674405,23.997444,29.146265,34.106255,1.8202566,-16.076786,-1.4801992
0.0,-50.0,328.0,42.442135,0.09882784,-8.795717,2.0079033,1250.243,-161.98015,0.0014334716,1.2177007,1.3714167,1.4269413,0.044176064,-0.56101614,-0.09557491
0.0,-50.0,338.0,43.689545,0.33768168,-8.634298,0.08189636,261.3426,-154.93083,0.00029609114,0.06724173,0.064177856,0.032390043,-0.004853809,-0.0002646476,-0.013710934
0.0,-50.0,348.0,43.535133,0.54067624,-8.214227,0.0070436522,46.45173,-147.85243,0.00013373603,0.010758249,0.009852371,-0.006011999,-0.0023226151,0.003188875,-0.004350685
0.0,-50.0,368.0,43.3203,0.77241004,-7.40358,0.001224523,12.471874,-134.78464,1.750167e-05,0.0014348498,0.0015701626,-0.000555832,-0.00022632472,0.00027930975,-0.0002581574
0.0,-50.0,388.0,43.166832,0.8585907,-6.647431,0.0011512,5.759893,-123.31785,7.1821323e-06,0.0009857346,0.001069637,0.0002470683,-7.005356e-05,0.0001012683,-2.6008842e-05
0.0,-50.0,413.0,42.995426,0.8509043,-5.795357,0.0011168733,2.5961921,-111.07551,6.03848e-06,0.00090067956,0.0009738755,0.00035920984,-4.0658248e-05,7.5900694e-05,2.2698638e-05
0.0,-50.0,438.0,42.841637,0.7829035,-5.052231,0.0011035695,1.4338387,-100.77613,6.8359145e-06,0.0008877511,0.0009606286,0.00035877002,-3.4049455e-05,7.6972334e-05,4.6198737e-05
0.0,-50.0,488.0,42.576736,0.6007004,-3.869905,0.0010944982,0.65773475,-84.605255,9.19946e-06,0.00088322686,0.00094767945,0.00035824647,-2.3509621e-05,8.605064e-05,5.002209e-05
0.0,-50.0,538.0,42.35613,0.43168128,-3.0043607,0.0010915573,0.42094475,-72.74868,1.2409051e-05,0.0008875653,0.00092941406,0.0003379672,-1.726007e-05,9.963172e-05,6.608071e-05
0.0,-40.0,243.0,-4.4139207e-16,-1.2465956e-15,7.313414e-15,5.6488557,67553.99,-189.1505,3.8144779e-06,3.7810256,3.765904,3.7322087,0.022375416,-0.12881379,0.0026361677
0.0,-40.0,248.0,-3.5245402,-1.3693035,8.714464,10.495904,9779.115,-219.63963,0.0017726645,8.15096,6.926469,6.225605,0.69171196,-1.597512,0.16121885
0.0,-40.0,253.0,-5.401854,-1.4518666,8.329351,17.539225,4249.8496,-204.59445,0.0054186266,9.367639,11.48466,14.465463,0.3022212,-1.5950695,-0.40900674
0.0,-40.0,258.0,-5.8144736,-1.1553506,6.8176985,25.182613,2331.5334,-189.65953,0.010350984,10.891483,16.574888,23.153706,0.11757287,-2.1258695,-1.1527481
0.0,-40.0,268.0,-5.182342,-0.6421872,4.0453672,40.2378,1316.8546,-174.86833,0.024736166,15.3815365,26.75763,38.357662,0.47993156,-4.7544804,-1.4717906
0.0,-40.0,278.0,-3.6388173,-0.5937973,1.980702,58.22817,1390.0137,-173.22476,0.038901802,23.750248,38.29044,54.02816,1.1647856,-10.067695,-0.57006973
0.0,-40.0,288.0,-0.26520023,-0.7379021,0.082657956,77.867386,1957.797,-171.42924,0.038213387,37.039024,50.742073,67.857994,1.9406027,-18.999731,-0.25888506
0.0,-40.0,298.0,7.38147,-0.8496863,-2.2609718,96.443214,2806.1816,-170.4244,0.027548678,50.658974,63.199955,78.8207,2.4951134,-27.07644,-0.92704856
0.0,-40.0,308.0,18.89836,-0.7266468,-4.871263,89.8671,3265.6138,-170.81264,0.026216086,48.35412,59.09604,72.31378,2.65937,-29.879282,-1.6161429
0.0,-40.0,318.0,31.500849,-0.39773977,-7.05466,50.068405,3441.9458,-167.77184,0.014529699,27.70238,33.244022,39.20804,1.6258037,-18.679558,-1.2578918
0.0,-40.0,328.0,42.020336,0.015755404,-8.456439,3.078175,1523.2021,-163.1192,0.0018009507,1.8468274,2.072067,2.2372084,0.06914166,-0.9023211,-0.10098075
0.0,-40.0,338.0,43.743465,0.20555219,-8.4239645,0.11559712,319.45663,-156.55466,0.00033735362,0.089556776,0.08424058,0.057416838,-0.0034311984,-0.0050710156,-0.012647869
0.0,-40.0,348.0,43.616814,0.3725585,-8.061446,0.009231436,52.768898,-149.6827,0.00016189532,0.013512382,0.010858616,-0.0051227887,-0.0021931196,0.0041758115,-0.00439075
0.0,-40.0,368.0,43.37772,0.5749525,-7.3319616,0.0012356237,12.80462,-136.58781,2.0021796e-05,0.0015310845,0.0015560053,-0.00061561965,-0.00020291372,0.0003504259,-0.00026874247
0.0,-40.0,388.0,43.211143,0.65919,-6.6274486,0.0011524286,5.834528,-124.87861,7.692993e-06,0.0010025458,0.0010614889,0.00024083513,-5.95998e-05,0.000117773045,-3.1949192e-05
0.0,-40.0,413.0,43.02677,0.66673917,-5.8097754,0.0011175793,2.6265726,-112.278854,6.228345e-06,0.0009067723,0.00096907286,0.00035932043,-3.3747732e-05,8.367838e-05,1.3076821e-05
0.0,-40.0,438.0,42.865776,0.61917233,-5.0809183,0.0011037771,1.4431506,-101.67241,6.921215e-06,0.00089040963,0.00095989206,0.00035723846,-2.5165968e-05,8.1382466e-05,3.3683616e-05
0.0,-40.0,488.0,42.59006,0.47833687,-3.8863394,0.0010946246,0.67116547,-85.09484,9.003284e-06,0.00088091224,0.000949572,0.00035867916,-1.7581762e-05,8.657645e-05,5.4188265e-05
0.0,-40.0,538.0,42.36456,0.34916422,-3.0274537,0.0010916186,0.42507905,-73.08889,1.2335528e-05,0.0008876858,0.00094130106,0.00033608038,-1.3757704e-05,0.00010072904,5.48149e-05
0.0,-30.0,243.0,-3.641798e-16,-8.2643787e-16,6.1945192e-15,5.7873735,68576.39,-188.97565,3.8750095e-06,3.873466,3.8582492,3.8235617,0.018075336,-0.13308711,0.0021530471
0.0,-30.0,248.0,-3.3625877,-1.1239786,8.786563,10.41025,10005.189,-220.29303,0.0017041238,8.247087,6.837572,6.115905,0.5057759,-1.7607235,0.1351724
0.0,-30.0,253.0,-5.3426957,-1.2419577,8.847957,17.556559,4191.868,-206.19789,0.0052064755,9.676514,11.38313,13.835415,0.14239974,-1.5345107,-0.2736144
0.0,-30.0,258.0,-5.8260674,-0.9919524,7.227463,24.665043,2408.7324,-192.28896,0.010195308,10.91765,15.989249,22.664648,0.01695816,-1.8806905,-0.8590784
0.0,-30.0,268.0,-5.322895,-0.58256996,4.346378,39.15895,1316.7051,-175.6946,0.023468295,15.078317,25.619955,37.621857,0.28164086,-4.446945,-1.1687589
0.0,-30.0,278.0,-3.8897038,-0.50401485,2.1820674,56.931873,1355.1914,-173.19638,0.037734546,23.20005,37.11462,53.17856,0.7447549,-9.598315,-0.5391341
0.0,-30.0,288.0,-0.6907476,-0.5789348,0.2717397,76.50894,1898.1349,-171.17332,0.038831417,36.31079,49.718044,66.88781,1.3014992,-18.559284,-0.2038301
0.0,-30.0,298.0,6.605182,-0.6470506,-1.9890916,95.79402,2740.9368,-169.88919,0.028146902,50.460888,62.707447,78.199425,1.7121426,-26.962252,-0.60577446
0.0,-30.0,308.0,17.992361,-0.5596454,-4.549485,91.31456,3223.3164,-170.44394,0.026610868,49.41413,59.94504,73.29627,1.9218807,-30.224623,-1.1173294
0.0,-30.0,318.0,30.464529,-0.3277109,-6.6987443,54.36511,3433.7712,-167.85497,0.01582929,30.21534,35.966316,42.56633,1.3162549,-20.368622,-0.96689296
0.0,-30.0,328.0,41.580082,-0.01829537,-8.189715,4.2407823,1742.966,-163.79842,0.0021710142,2.5303411,2.8346312,3.1159618,0.08287381,-1.282492,-0.0939974
0.0,-30.0,338.0,43.761456,0.11984068,-8.260492,0.15706357,375.5562,-157.66777,0.0003869075,0.1166949,0.110008456,0.087452136,-0.0019929903,-0.0120620625,-0.010762104
0.0,-30.0,348.0,43.67958,0.2455218,-7.9430556,0.011857549,59.190742,-150.99825,0.00018889377,0.016492106,0.012123399,-0.0043095797,-0.0018810845,0.005163913,-0.0039202743
0.0,-30.0,368.0,43.422653,0.40538165,-7.2707834,0.0012476771,13.04479,-137.97372,2.2292621e-05,0.001618814,0.0015355583,-0.00065874157,-0.00017086335,0.0004158952,-0.00024051858
0.0,-30.0,388.0,43.245216,0.47668248,-6.6070995,0.0011537378,5.9043636,-126.10369,8.167079e-06,0.0010181328,0.0010543565,0.00023503992,-4.761374e-05,0.00013272064,-3.171139e-05
0.0,-30.0,413.0,43.050762,0.49045578,-5.816744,0.0011181515,2.6566436,-113.23505,6.36773e-06,0.00091136084,0.00096514233,0.00035981162,-2.5852962e-05,9.017236e-05,7.195833e-06
0.0,-30.0,438.0,42.87854,0.45962024,-5.1004505,0.0011041688,1.4686149,-102.38916,7.0490164e-06,0.00089446467,0.0009566131,0.00035722504,-1.8504763e-05,8.77137e-05,2.4177501e-05
0.0,-30.0,488.0,42.597603,0.35749954,-3.9262073,0.0010946331,0.66834766,-85.49368,9.099053e-06,0.0008831661,0.00094859325,0.0003573546,-1.2863048e-05,8.8914865e-05,4.084474e-05
0.0,-30.0,538.0,42.365997,0.26147336,-3.037038,0.0010916155,0.4246922,-73.16263,1.2326389e-05,0.000888374,0.00095032813,0.00033198556,-9.97453e-06,0.00010199525,4.4808126e-05
0.0,-20.0,243.0,-3.625819e-16,-5.7154845e-16,6.2543443e-15,5.6842833,67357.86,-188.41356,3.9014844e-06,3.8047822,3.7895222,3.7543418,0.012585549,-0.13534167,0.0015003385
0.0,-20.0,248.0,-3.176806,-0.75729555,8.778438,10.322858,10173.23,-220.1497,0.0016657488,8.364139,6.7450757,5.988205,0.36826319,-1.9316744,0.096756205
0.0,-20.0,253.0,-5.2174807,-0.86820513,9.061766,17.23895,4353.375,-207.24442,0.0049657226,10.047232,11.0823965,13.028403,0.13548924,-1.5839514,-0.15785636
0.0,-20.0,258.0,-5.8011475,-0.716228,7.518031,24.261122,2478.4458,-193.99031,0.010076066,11.019714,15.536665,22.190945,0.00024500553,-1.6753894,-0.54378253
0.0,-20.0,268.0,-5.410306,-0.44020277,4.5708337,38.449005,1322.0138,-176.26735,0.022647792,14.901851,24.83622,37.159565,0.14732781,-4.218515,-0.80121577
0.0,-20.0,278.0,-4.0488944,-0.37145323,2.32497,56.08375,1334.4523,-173.08838,0.03679008,22.90176,36.267025,52.66557,0.4334738,-9.262078,-0.42109102
0.0,-20.0,288.0,-0.96094644,-0.4050789,0.3902795,75.62259,1860.9032,-170.96742,0.039144076,35.84257,48.989437,66.309105,0.80025613,-18.263468,-0.16108596
0.0,-20.0,298.0,6.1050997,-0.4400305,-1.8225603,95.21556,2695.587,-169.48257,0.02855866,50.24768,62.282413,77.674644,1.0587039,-26.840218,-0.37104338
0.0,-20.0,308.0,17.378555,-0.38029587,-4.3429017,92.02309,3190.4377,-170.11095,0.026854163,49.97804,60.370808,73.72919,1.2290741,-30.374006,-0.7027259
0.0,-20.0,318.0,29.73243,-0.22918743,-6.4599447,57.097523,3419.777,-167.81097,0.016699556,31.825241,37.712166,44.67121,0.91277796,-21.407476,-0.65196025
0.0,-20.0,328.0,41.199,-0.023563687,-7.9953685,5.2901,1904.415,-164.18939,0.002487038,3.1465678,3.525176,3.9071205,0.074664064,-1.6332854,-0.07312841
0.0,-20.0,338.0,43.75798,0.0649092,-8.139736,0.19745776,421.45554,-158.38658,0.00043180253,0.14277793,0.13545059,0.11671039,-0.00087475876,-0.019727934,-0.008044032
0.0,-20.0,348.0,43.723267,0.14756265,-7.856305,0.01426882,64.85955,-151.88469,0.00020736472,0.018915024,0.013105528,-0.0027865507,-0.0013128653,0.005754811,-0.0029667704
0.0,-20.0,368.0,43.455303,0.2569479,-7.225742,0.0012585548,13.247973,-138.92471,2.4247296e-05,0.0016937058,0.0015242981,-0.0007003854,-0.00012011402,0.00046955244,-0.00018851968
0.0,-20.0,388.0,43.26971,0.30872038,-6.589516,0.0011550281,5.9686813,-126.95966,8.568092e-06,0.001031471,0.0010491584,0.00022948295,-3.263823e-05,0.00014536333,-2.5918893e-05
0.0,-20.0,413.0,43.067505,0.32167387,-5.822149,0.0011184835,2.6673758,-113.911674,6.5053787e-06,0.0009154538,0.000961096,0.00036041866,-1.7063741e-05,9.513758e-05,3.5143607e-06
0.0,-20.0,438.0,42.893368,0.30461654,-5.1153636,0.001104164,1.466161,-102.89754,7.0701863e-06,0.0008952521,0.00095612684,0.00035694326,-1.5695843e-05,8.915763e-05,1.5909329e-05
0.0,-20.0,488.0,42.60442,0.23722546,-3.9315104,0.0010946903,0.67079276,-85.77495,9.1576485e-06,0.00088476785,0.00094954163,0.0003550587,-8.154988e-06,9.148109e-05,2.2802387e-05
0.0,-20.0,538.0,42.369545,0.16873176,-3.0567966,0.0010916438,0.4267987,-73.37036,1.229066e-05,0.00088839256,0.0009512368,0.00033078846,-5.6393683e-06,0.00010262667,3.3527656e-05
0.0,-10.0,243.0,-5.79277e-16,-4.6547245e-16,1.0076977e-14,6.141265,67151.02,-188.16289,3.9255574e-06,4.109515,4.094177,4.0585666,0.0064495555,-0.1371624,0.0007570425
0.0,-10.0,248.0,-3.1467252,-0.3614524,8.865597,10.501804,10096.989,-219.86606,0.0017071052,8.513567,6.8673344,6.068902,0.22005077,-2.0237772,0.047978684
0.0,-10.0,253.0,-5.156255,-0.43436575,9.185443,17.224474,4399.2964,-207.58109,0.004902239,10.228991,11.066312,12.829573,0.11874381,-1.6119815,-0.04647816
0.0,-10.0,258.0,-5.789238,-0.37233588,7.692258,24.094614,2516.1086,-194.84859,0.009986643,11.120896,15.3431,21.948769,0.015703805,-1.5445458,-0.24035473
0.0,-10.0,268.0,-5.4574347,-0.23912603,4.7099133,38.05164,1325.3031,-176.58217,0.02223252,14.788449,24.391735,36.91721,0.06270943,-4.0735073,-0.39845386
0.0,-10.0,278.0,-4.137696,-0.20237762,2.413961,55.59424,1323.0538,-172.9675,0.036201518,22.720163,35.744816,52.39789,0.19570412,-9.055614,-0.22916842
0.0,-10.0,288.0,-1.1106099,-0.2150251,0.45691404,75.12874,1840.8971,-170.81946,0.039239284,35.58992,48.541378,66.020996,0.37268215,-18.089634,-0.09006135
0.0,-10.0,298.0,5.8314548,-0.22847216,-1.7342467,94.83445,2670.1853,-169.21782,0.028778259,50.106247,61.99352,77.33886,0.473652,-26.75757,-0.1725436
0.0,-10.0,308.0,17.034435,-0.1968422,-4.230347,92.27828,3170.5344,-169.89232,0.026969105,50.2058,60.524517,73.853226,0.5396176,-30.422312,-0.33042672
0.0,-10.0,318.0,29.314272,-0.12028535,-6.3258986,58.474148,3408.901,-167.72998,0.01715934,32.654778,38.60345,45.70886,0.40727258,-21.912407,-0.32226044
0.0,-10.0,328.0,40.951393,-0.016068088,-7.877017,5.9866114,1997.9365,-164.37372,0.0026918957,3.554883,3.9857395,4.4304457,0.03913691,-1.8709853,-0.0398073
0.0,-10.0,338.0,43.74923,0.027521443,-8.062317,0.2267972,451.28668,-158.78156,0.00046233236,0.16156788,0.15420552,0.13782595,-0.00034724505,-0.025628233,-0.0044859885
0.0,-10.0,348.0,43.747444,0.068404846,-7.7975464,0.016015122,69.21141,-152.38992,0.00021811212,0.020553358,0.013874732,-0.0016133841,-0.0006320686,0.0060876403,-0.001673244
0.0,-10.0,368.0,43.471478,0.1222612,-7.194016,0.0012666782,13.414152,-139.48238,2.5856794e-05,0.0017548271,0.0015129022,-0.000733988,-5.5213084e-05,0.0005127554,-0.00011002862
0.0,-10.0,388.0,43.281975,0.15030833,-6.5778594,0.0011553781,5.987845,-127.4674,8.806e-06,0.0010389327,0.0010442666,0.00022758852,-1.4718197e-05,0.00015265502,-1.4336428e-05
0.0,-10.0,413.0,43.075684,0.15888739,-5.822516,0.0011188029,2.6844149,-114.3151,6.5812196e-06,0.0009178185,0.000959003,0.00036078473,-7.5895787e-06,9.813603e-05,3.723477e-07
0.0,-10.0,438.0,42.899246,0.14958213,-5.123601,0.0011042812,1.4698093,-103.20193,7.1315976e-06,0.0008968025,0.00095503486,0.0003567168,-2.618039e-06,9.10783e-05,5.849075e-06
0.0,-10.0,488.0,42.60573,0.117392264,-3.9483023,0.0010947246,0.67245406,-85.94282,9.165185e-06,0.0008851752,0.00094914256,0.00035507188,-2.3051805e-06,9.2200826e-05,1.7563818e-05
0.0,-10.0,538.0,42.37147,0.080281384,-3.0689378,0.0010916576,0.42759874,-73.49432,1.2297416e-05,0.000888684,0.0009432024,0.00032941508,-2.5830461e-06,0.000102989514,1.8297334e-05
0.0,0.0,243.0,-5.821765e-16,-6.3138725e-18,1.01093365e-14,6.4049177,64764.977,-188.16835,3.939107e-06,4.2854257,4.269945,4.234109,8.82934e-05,-0.13809425,8.842591e-06
0.0,0.0,248.0,-3.1733184,-0.0018522966,8.944916,10.670115,10009.11,-219.77911,0.0017491558,8.602518,6.9925046,6.1527886,0.008903679,-2.0478263,-0.0013924891
0.0,0.0,253.0,-5.0793996,-0.0058423537,9.0086565,17.09966,4607.119,-208.11157,0.0052362713,10.291251,10.974027,13.0867405,0.012967348,-1.8041052,-0.013470723
0.0,0.0,258.0,-5.794401,-0.009040111,7.757356,24.072855,2526.099,-195.09732,0.009966333,11.117656,15.321485,21.926094,-0.002451615,-1.5151813,0.00440635
0.0,0.0,268.0,-5.4730077,-0.010586524,4.7578697,37.926937,1325.6869,-176.6595,0.02211798,14.75207,24.254038,36.847298,-0.0021558334,-4.0289426,0.0036636244
0.0,0.0,278.0,-4.16599,-0.01295916,2.444728,55.43838,1319.6794,-172.89029,0.035984628,22.674583,35.566925,52.320587,-0.0022219333,-8.9902115,0.011549868
0.0,0.0,288.0,-1.1557267,-0.013943095,0.4772758,74.98857,1836.0472,-170.73793,0.039216455,35.531837,48.39402,65.9475,-0.017380845,-18.041935,0.014367975
0.0,0.0,298.0,5.7584877,-0.013205109,-1.7103722,94.72339,2664.6594,-169.10535,0.028810412,50.087585,61.89989,77.233345,-0.064774156,-26.737823,0.0148879
0.0,0.0,308.0,16.951805,-0.011618056,-4.199934,92.29421,3166.9106,-169.79715,0.026972825,50.252495,60.522446,73.83676,-0.12941368,-30.437778,0.020300122
0.0,0.0,318.0,29.225914,-0.008848615,-6.2889366,58.66495,3406.6228,-167.68123,0.017227205,32.776157,38.720398,45.84331,-0.13408875,-22.008024,0.01179789
0.0,0.0,328.0,40.89583,-0.005383353,-7.839889,6.1158733,2011.55,-164.40494,0.002735465,3.6308265,4.0706663,4.5280924,-0.012387147,-1.920082,0.00073917705
0.0,0.0,338.0,43.747395,-0.003671936,-8.034844,0.23553587,460.1844,-158.88968,0.00047047887,0.16714264,0.15986934,0.14409705,-6.759634e-05,-0.02741733,-7.098357e-06
0.0,0.0,348.0,43.75425,-0.0022088555,-7.7744255,0.016432872,70.551216,-152.54108,0.00021954322,0.020896161,0.014016951,-0.0015222766,5.193718e-05,0.006227508,2.6713798e-05
0.0,0.0,368.0,43.4754,-0.0026843082,-7.1804013,0.001269624,13.515212,-139.6748,2.6703621e-05,0.0017864718,0.0015077943,-0.0007546883,-1.9214986e-07,0.00053480564,-4.5552088e-06
0.0,0.0,388.0,43.285023,-0.003161427,-6.5731287,0.0011554679,5.999844,-127.64516,8.927943e-06,0.0010425902,0.0010417918,0.00022662373,-1.3823795e-07,0.00015574174,-1.9630493e-06
0.0,0.0,413.0,43.07773,-0.003387629,-5.8235946,0.0011187999,2.6870403,-114.45674,6.574162e-06,0.0009177758,0.00095888233,0.0003609128,2.9279924e-08,9.8875025e-05,-2.8108818e-07
0.0,0.0,438.0,42.89451,-0.0020822042,-5.1224046,0.0011045622,1.495877,-103.30946,7.174895e-06,0.000898592,0.00095304975,0.00035739178,1.433338e-07,9.4340685e-05,5.2337697e-07
0.0,0.0,488.0,42.605747,-0.0018101707,-3.9517968,0.0010947082,0.6688686,-86.00454,9.233174e-06,0.0008864453,0.0009487211,0.0003544141,2.0566922e-07,9.301393e-05,5.806234e-07
0.0,0.0,538.0,42.37346,-0.001846335,-3.0762289,0.0010916714,0.42906028,-73.62897,1.230258e-05,0.0008886358,0.0009341634,0.00033194994,-9.464178e-08,0.00010290495,6.9942433e-07
0.0,10.0,243.0,-1.4490281e-16,1.1287251e-16,2.5201085e-15,6.2492337,68095.06,-188.14357,3.927918e-06,4.1815114,4.166156,4.1305103,-0.006261063,-0.13729016,-0.0007304608
0.0,10.0,248.0,-3.1708746,0.34341723,8.872675,10.478425,10103.082,-219.85022,0.0016948666,8.463981,6.851927,6.095528,-0.21924326,-1.9960724,-0.044699367
0.0,10.0,253.0,-5.1595926,0.41560593,9.186146,17.289873,4372.656,-207.45502,0.0049572163,10.225677,11.100297,12.988237,-0.12996453,-1.6253518,0.019899808
0.0,10.0,258.0,-5.790742,0.3540169,7.6899633,24.093235,2517.153,-194.78902,0.009997445,11.122961,15.341839,21.95184,-0.018453155,-1.5609628,0.24146898
0.0,10.0,268.0,-5.4577365,0.21869235,4.7096095,38.057213,1325.1486,-176.52057,0.022235319,14.806177,24.39249,36.916725,-0.062491015,-4.087803,0.41087213
0.0,10.0,278.0,-4.1355276,0.17797643,2.4110656,55.624603,1324.4467,-172.88199,0.03616006,22.772104,35.7483,52.412544,-0.19630836,-9.068489,0.2510662
0.0,10.0,288.0,-1.0991286,0.18919942,0.45028833,75.19365,1845.624,-170.73865,0.03913617,35.651756,48.56061,66.06066,-0.39898613,-18.124107,0.11385032
0.0,10.0,298.0,5.8769107,0.20443541,-1.7475103,94.88885,2677.7854,-169.14835,0.02867285,50.185413,62.009907,77.36475,-0.57658553,-26.790148,0.19601025
0.0,10.0,308.0,17.118225,0.17670272,-4.2474165,92.13376,3178.5754,-169.81406,0.026887078,50.15653,60.40289,73.731995,-0.71609086,-30.437666,0.35732812
0.0,10.0,318.0,29.452866,0.10604671,-6.346515,57.811703,3412.8496,-167.65146,0.01694392,32.29323,38.14909,45.192295,-0.5703649,-21.735352,0.3342193
0.0,10.0,328.0,41.025234,0.007423062,-7.885185,5.702639,1949.9982,-164.29198,0.002630497,3.3893805,3.7952898,4.2189293,-0.049485896,-1.7854599,0.039885953
0.0,10.0,338.0,43.7515,-0.03492614,-8.061081,0.22516222,450.94507,-158.72849,0.00045928237,0.16056468,0.15323655,0.13652812,0.0003679817,-0.02503321,0.0044039087
0.0,10.0,348.0,43.745823,-0.073312104,-7.7941647,0.015795764,68.859085,-152.35011,0.00021621554,0.02030773,0.013740108,-0.0016810624,0.00068368297,0.00600651,0.0016833992
0.0,10.0,368.0,43.471672,-0.12845382,-7.192237,0.0012660394,13.450862,-139.45456,2.5970692e-05,0.0017583186,0.0015170777,-0.00074291474,5.7030007e-05,0.00051427004,0.00011168993
0.0,10.0,388.0,43.282257,-0.15632367,-6.5756836,0.0011555543,6.0088887,-127.44517,8.837225e-06,0.0010400154,0.0010453772,0.00022580812,1.5124205e-05,0.00015323586,1.4602663e-05
0.0,10.0,413.0,43.075764,-0.16399454,-5.8216333,0.0011188019,2.6827488,-114.296776,6.6026196e-06,0.0009183874,0.0009583219,0.00036090228,7.80374e-06,9.859168e-05,-7.4067765e-07
0.0,10.0,438.0,42.8991,-0.1543147,-5.124291,0.0011042672,1.4691066,-103.18589,7.1267273e-06,0.00089669955,0.00095509604,0.00035673552,2.7898154e-06,9.102964e-05,-6.3200064e-06
0.0,10.0,488.0,42.60551,-0.12076883,-3.948695,0.0010947179,0.67222613,-85.931526,9.164053e-06,0.00088515435,0.0009491246,0.00035509412,2.5045476e-06,9.2176284e-05,-1.7815866e-05
0.0,10.0,538.0,42.372578,-0.08832101,-3.0738688,0.0010916716,0.42872193,-73.54692,1.2277742e-05,0.0008884212,0.0009442341,0.00032981872,3.3411084e-06,0.00010269434,-1.754292e-05
0.0,20.0,243.0,-3.6280324e-16,5.6259817e-16,6.256881e-15,5.696767,73557.77,-188.29753,3.907495e-06,3.8131375,3.7978446,3.7625995,-0.01241028,-0.13560548,-0.0014712373
0.0,20.0,248.0,-3.1798823,0.7308806,8.778932,10.310589,10173.896,-220.00777,0.0016664072,8.353364,6.7396398,5.98724,-0.383725,-1.9325328,-0.09537843
0.0,20.0,253.0,-5.217402,0.84342164,9.056619,17.240477,4346.4775,-207.07552,0.0049680523,10.081351,11.080427,13.042596,-0.16409172,-1.5881678,0.10974418
0.0,20.0,258.0,-5.8001986,0.6975228,7.5147624,24.254639,2480.0686,-193.87787,0.01008067,11.038498,15.528655,22.180378,-0.002987719,-1.660801,0.532329
0.0,20.0,268.0,-5.4102654,0.42099792,4.5699306,38.4632,1322.2251,-176.15147,0.022646746,14.917909,24.83508,37.16807,-0.1464943,-4.2289824,0.80433303
0.0,20.0,278.0,-4.045141,0.3504196,2.3188593,56.140606,1337.1143,-172.94154,0.03673464,22.978424,36.273937,52.69194,-0.42968857,-9.275892,0.43516132
0.0,20.0,288.0,-0.9413296,0.3838743,0.37815368,75.72528,1868.6212,-170.82916,0.038981203,35.92531,49.020664,66.37112,-0.80878055,-18.314121,0.17349005
0.0,20.0,298.0,6.1768727,0.4211554,-1.8447138,95.26331,2706.6519,-169.36125,0.02840276,50.331154,62.287846,77.693016,-1.0860538,-26.883558,0.3736783
0.0,20.0,308.0,17.500063,0.3659785,-4.370116,91.72807,3200.0417,-169.96724,0.026736591,49.836,60.148624,73.49096,-1.2435522,-30.367607,0.69819593
0.0,20.0,318.0,29.91612,0.21965705,-6.4905915,56.117695,3422.5088,-167.66245,0.016397614,31.295725,37.05609,43.89859,-0.8788683,-21.104176,0.6365111
0.0,20.0,328.0,41.28059,0.016405752,-8.006605,4.9781704,1848.2711,-164.05605,0.002416841,2.9633057,3.317588,3.6739993,-0.06762017,-1.5394002,0.071114145
0.0,20.0,338.0,43.757774,-0.07223767,-8.139767,0.19519562,420.42572,-158.29483,0.00042779115,0.1413607,0.13391235,0.11514047,0.00097808,-0.019011766,0.007897321
0.0,20.0,348.0,43.719418,-0.1526005,-7.8556814,0.014006113,64.23343,-151.81383,0.00020553044,0.01863056,0.01292083,-0.0028476529,0.001312255,0.0056417226,0.002888218
0.0,20.0,368.0,43.45518,-0.2634598,-7.224613,0.0012571522,13.248249,-138.87244,2.4214287e-05,0.001691557,0.0015246263,-0.00070147787,0.00012032324,0.0004680843,0.00018894211
0.0,20.0,388.0,43.269527,-0.31464383,-6.588526,0.0011549597,5.9731765,-126.91579,8.582159e-06,0.0010318768,0.0010487852,0.00022930512,3.2917913e-05,0.00014566761,2.5771842e-05
0.0,20.0,413.0,43.06719,-0.32654065,-5.8217998,0.0011184799,2.666632,-113.874344,6.504351e-06,0.0009154388,0.00096111663,0.00036042926,1.7236755e-05,9.512689e-05,-3.7995046e-06
0.0,20.0,438.0,42.892975,-0.30897328,-5.11551,0.0011041691,1.4655293,-102.865395,7.079379e-06,0.00089545816,0.00095586444,0.00035701954,1.5860036e-05,8.926491e-05,-1.677785e-05
0.0,20.0,488.0,42.60426,-0.24071805,-3.930532,0.0010946954,0.67076296,-85.75245,9.156554e-06,0.0008847347,0.0009495527,0.00035511237,8.091967e-06,9.138288e-05,-2.3883364e-05
0.0,20.0,538.0,42.36836,-0.17422538,-3.0528908,0.0010916344,0.42605576,-73.301315,1.2305035e-05,0.00088859815,0.0009517763,0.00033036634,6.370517e-06,0.000102649174,-3.250937e-05
0.0,30.0,243.0,-3.6586106e-16,8.190068e-16,6.1958643e-15,5.84884,69347.84,-188.76218,3.877727e-06,3.9145288,3.899227,3.8645139,-0.017925551,-0.1332076,-0.0021346612
0.0,30.0,248.0,-3.332914,1.1093833,8.77421,10.427134,10004.083,-220.0349,0.0017176459,8.300132,6.842072,6.0969486,-0.5097654,-1.7943523,-0.13892566
0.0,30.0,253.0,-5.3394623,1.223232,8.843489,17.494476,4189.7383,-205.99086,0.0051559946,9.775364,11.33142,13.685361,-0.16747038,-1.5448089,0.2439535
0.0,30.0,258.0,-5.820176,0.9733873,7.2189174,24.63136,2414.4597,-192.16956,0.010228458,10.927994,15.962753,22.6223,-0.020124257,-1.8723269,0.8596604
0.0,30.0,268.0,-5.323991,0.56626844,4.345678,39.178143,1317.7423,-175.53639,0.023454284,15.106166,25.617859,37.627914,-0.279214,-4.45866,1.1657597
0.0,30.0,278.0,-3.885282,0.48786113,2.1740134,57.0015,1358.3463,-173.00081,0.037664447,23.310295,37.12766,53.200996,-0.73610353,-9.6099825,0.54030526
0.0,30.0,288.0,-0.668547,0.5634269,0.25714198,76.60919,1905.9456,-170.98534,0.038662367,36.384666,49.750767,66.93921,-1.2827874,-18.608004,0.19628344
0.0,30.0,298.0,6.6763186,0.63372517,-2.0125272,95.778435,2749.9478,-169.72693,0.028006982,50.497364,62.67969,78.17076,-1.6636719,-26.986555,0.58479923
0.0,30.0,308.0,18.095934,0.5493463,-4.5750575,90.94794,3228.717,-170.25385,0.02651178,49.218136,59.694996,73.0001,-1.8060629,-30.17533,1.0852466
0.0,30.0,318.0,30.598112,0.31801397,-6.723975,53.55905,3433.1548,-167.67584,0.015595268,29.767796,35.442944,41.925728,-1.1811855,-20.089527,0.93766
0.0,30.0,328.0,41.62861,0.008891062,-8.199259,4.0696416,1711.6499,-163.6539,0.0021237726,2.4299102,2.721754,2.987084,-0.073247746,-1.228748,0.09065296
0.0,30.0,338.0,43.758556,-0.12802412,-8.261227,0.15343933,371.95493,-157.55484,0.00038144487,0.1142997,0.10755602,0.085046604,0.002100353,-0.011393931,0.01055321
0.0,30.0,348.0,43.674995,-0.25181556,-7.943197,0.011471634,58.301094,-150.90591,0.00018540933,0.01603979,0.011804923,-0.0043217675,0.0018751692,0.004976673,0.0039008907
0.0,30.0,368.0,43.42288,-0.4120224,-7.2710404,0.0012456487,13.051727,-137.89981,2.228711e-05,0.0016174644,0.0015352989,-0.00066119235,0.00017139282,0.00041532455,0.00024314635
0.0,30.0,388.0,43.245132,-0.4823736,-6.6063924,0.0011538609,5.917699,-126.03927,8.173271e-06,0.0010184419,0.0010553553,0.00023401243,4.8172707e-05,0.00013275287,3.190472e-05
0.0,30.0,413.0,43.050625,-0.4953446,-5.8156524,0.0011181423,2.6566172,-113.17949,6.36545e-06,0.0009113363,0.00096513063,0.00035982346,2.609658e-05,9.019826e-05,-7.3805036e-06
0.0,30.0,438.0,42.878338,-0.46392265,-5.098821,0.0011041644,1.46842,-102.34122,7.0466194e-06,0.00089440274,0.00095666136,0.00035721812,1.8763523e-05,8.76024e-05,-2.4480998e-05
0.0,30.0,488.0,42.597652,-0.36113164,-3.9245539,0.0010946388,0.66885424,-85.45969,9.079708e-06,0.00088283606,0.00094901666,0.0003572944,1.2999871e-05,8.859664e-05,-4.083358e-05
0.0,30.0,538.0,42.36689,-0.2686499,-3.0394905,0.0010916301,0.42568654,-73.19449,1.2313581e-05,0.00088820665,0.00095069065,0.00033355108,1.0292004e-05,0.00010189485,-4.1871277e-05
0.0,40.0,243.0,-5.1573173e-16,1.4446404e-15,8.539164e-15,5.42063,72768.44,-188.93184,3.8230723e-06,3.6289327,3.6137533,3.5799599,-0.02227627,-0.12920834,-0.0026234663
0.0,40.0,248.0,-3.5282912,1.3615664,8.719563,10.497535,9778.131,-219.45511,0.0017711315,8.151118,6.9289784,6.2207694,-0.6845407,-1.5962027,-0.16338865
0.0,40.0,253.0,-5.4041257,1.4384779,8.319802,17.529123,4234.9307,-204.40077,0.005431199,9.411262,11.474655,14.489222,-0.30233663,-1.6148134,0.40002504
0.0,40.0,258.0,-5.8071027,1.1388838,6.8065777,25.165133,2332.8467,-189.49026,0.01041524,10.881674,16.56171,23.148521,-0.11922427,-2.1485617,1.1583772
0.0,40.0,268.0,-5.1846185,0.630256,4.0460324,40.25556,1317.1177,-174.66368,0.02473269,15.404219,26.74986,38.35827,-0.47698522,-4.7623715,1.4642222
0.0,40.0,278.0,-3.637537,0.5819168,1.974302,58.28187,1392.2228,-172.99345,0.038833097,23.841003,38.29922,54.031166,-1.1462371,-10.070044,0.5571179
0.0,40.0,288.0,-0.2500353,0.72631717,0.071649194,77.92153,1962.8651,-171.22568,0.0380913,37.05085,50.763935,67.8744,-1.896011,-19.031406,0.23089232
0.0,40.0,298.0,7.4254127,0.8384491,-2.275581,96.35849,2809.9175,-170.2505,0.027474076,50.630157,63.146458,78.74046,-2.3905475,-27.07183,0.88719463
0.0,40.0,308.0,18.948215,0.7155464,-4.8838077,89.58302,3266.0913,-170.62471,0.026164634,48.177094,58.92512,72.081505,-2.4984818,-29.818663,1.5736264
0.0,40.0,318.0,31.553083,0.38339603,-7.06509,49.713474,3440.3445,-167.60388,0.01443277,27.496387,33.02249,38.926266,-1.5035683,-18.543581,1.2302985
0.0,40.0,328.0,42.036846,-0.0279912,-8.461357,3.032983,1516.1509,-162.98065,0.0017810249,1.8207961,2.0424323,2.2025752,-0.06452912,-0.885838,0.097932264
0.0,40.0,338.0,43.738052,-0.21404375,-8.423521,0.11283243,315.7874,-156.43199,0.00033295224,0.08766809,0.08237594,0.055639468,0.0033967353,-0.0047123106,0.0123173
0.0,40.0,348.0,43.6126,-0.3789382,-8.060323,0.008952301,52.109425,-149.57372,0.00015905485,0.013166549,0.010617688,-0.0051054265,0.0021220325,0.00401788,0.0042663314
0.0,40.0,368.0,43.37781,-0.58204085,-7.3315043,0.0012342128,12.814422,-136.4939,2.0050747e-05,0.001531668,0.0015560033,-0.00061899103,0.00020271518,0.00035142785,0.0002653247
0.0,40.0,388.0,43.210373,-0.66526914,-6.626916,0.001152374,5.8357043,-124.79421,7.692847e-06,0.001002554,0.0010614907,0.0002406995,5.973713e-05,0.00011775787,3.1033323e-05
0.0,40.0,413.0,43.026184,-0.67166775,-5.808946,0.0011175721,2.6265767,-112.20518,6.225777e-06,0.00090673205,0.0009690958,0.00035930888,3.3883087e-05,8.363196e-05,-1.3193432e-05
0.0,40.0,438.0,42.865166,-0.6235237,-5.0798745,0.0011037706,1.4422346,-101.608475,6.923616e-06,0.0008904588,0.00095985044,0.00035722676,2.5303276e-05,8.137319e-05,-3.3564662e-05
0.0,40.0,488.0,42.589752,-0.48247856,-3.885268,0.0010946351,0.6719449,-85.04993,8.994685e-06,0.0008807739,0.00094979914,0.00035861888,1.795141e-05,8.636258e-05,-5.4040538e-05
0.0,40.0,538.0,42.361584,-0.35537672,-3.0207095,0.0010915936,0.42298564,-72.94621,1.2368228e-05,0.0008881086,0.0009407977,0.0003341264,1.4151327e-05,0.000100882244,-5.1805615e-05
0.0,50.0,243.0,-3.6793158e-16,1.1983619e-15,5.9411657e-15,5.393382,68653.77,-188.1139,3.7053205e-06,3.6102674,3.5955882,3.5635731,-0.025086347,-0.121891595,-0.002915275
0.0,50.0,248.0,-3.671829,1.5061482,8.500454,10.168464,9703.713,-217.70764,0.0017182771,7.7290654,6.7337317,6.1528444,-0.84474105,-1.3461388,-0.17946225
0.0,50.0,253.0,-5.5340214,1.6175458,8.031248,18.181854,3844.2295,-200.35469,0.005679797,8.8964205,12.009309,15.416924,-0.3772673,-1.5645974,0.60356665
0.0,50.0,258.0,-5.7297163,1.1772062,6.2849364,25.837616,2242.3135,-185.83829,0.0107531855,10.913204,17.284977,23.746212,-0.2558037,-2.453914,1.4993036
0.0,50.0,268.0,-4.9734335,0.60071474,3.6713827,41.86393,1328.0826,-173.54645,0.026538748,15.909467,28.302223,39.523087,-0.76500636,-5.1693544,1.6946785
0.0,50.0,278.0,-3.2693563,0.6327096,1.700796,60.136337,1447.3682,-172.93631,0.039957453,24.694319,39.82459,55.320282,-1.7281854,-10.677758,0.52083623
0.0,50.0,288.0,0.38129473,0.87650156,-0.2163372,79.79863,2050.943,-171.57596,0.037095413,38.02601,52.11196,69.30886,-2.7504704,-19.620865,0.38407415
0.0,50.0,298.0,8.521139,1.0280339,-2.6827142,96.81583,2889.8462,-170.9117,0.026777418,50.6192,63.593327,79.23591,-3.338371,-27.08099,1.3783411
0.0,50.0,308.0,20.145565,0.8478565,-5.3380055,87.21529,3314.1292,-170.97559,0.025596283,46.474438,57.589188,70.38156,-3.3540993,-29.208218,2.1929016
0.0,50.0,318.0,32.86312,0.39276928,-7.5486946,43.70384,3429.9163,-167.30771,0.012697929,24.034885,29.206573,34.18237,-1.7611637,-16.107897,1.465355
0.0,50.0,328.0,42.444958,-0.11161507,-8.795636,2.0104134,1254.5182,-161.84749,0.0014272771,1.2196361,1.3727216,1.4286622,-0.043143842,-0.56000733,0.09378761
0.0,50.0,338.0,43.684208,-0.346878,-8.631966,0.08014073,258.3606,-154.80086,0.00029282062,0.065984495,0.06291983,0.031391546,0.0047759726,-0.00014262696,0.013421248
0.0,50.0,348.0,43.532845,-0.54788494,-8.21198,0.0068591237,45.966934,-147.7309,0.00013162917,0.010515871,0.009658745,-0.005952428,0.0022651,0.0030755245,0.0042579435
0.0,50.0,368.0,43.32109,-0.7791878,-7.4013257,0.0012240999,12.507789,-134.67204,1.7598524e-05,0.0014387076,0.0015735945,-0.00056392536,0.00022672155,0.00028183323,0.00025627387
0.0,50.0,388.0,43.166416,-0.8644009,-6.6456113,0.0011510842,5.757657,-123.214874,7.1850322e-06,0.000985835,0.0010692178,0.00024714845,6.988761e-05,0.000101461956,2.4464633e-05
0.0,50.0,413.0,42.994946,-0.85589707,-5.7941103,0.0011168454,2.5934105,-110.984,6.0437806e-06,0.0009008239,0.00097360526,0.00035927747,4.0684965e-05,7.597205e-05,-2.3476321e-05
0.0,50.0,438.0,42.84109,-0.7871334,-5.051442,0.0011035491,1.4328192,-100.69638,6.8297672e-06,0.0008876177,0.0009606548,0.0003588334,3.4089768e-05,7.686961e-05,-4.6611916e-05
0.0,50.0,488.0,42.57609,-0.60468495,-3.8691676,0.0010945115,0.65857506,-84.54942,9.220864e-06,0.00088359835,0.0009472958,0.00035829135,2.3792081e-05,8.620453e-05,-5.014324e-05
0.0,50.0,538.0,42.355568,-0.43498513,-3.003713,0.0010915564,0.42086837,-72.70785,1.2410573e-05,0.00088754226,0.0009302626,0.00033758683,1.734996e-05,9.926471e-05,-6.474598e-05
0.0,60.0,243.0,-4.431265e-16,1.5867097e-15,6.8757468e-15,5.2606378,66542.484,-186.33292,3.543446e-06,3.5211632,3.507092,3.4774299,-0.026483819,-0.112297244,-0.0030383177
0.0,60.0,248.0,-3.8363936,1.6231841,8.187818,9.825084,9539.578,-214.29976,0.0016365191,7.246661,6.496355,6.1413646,-0.90967077,-1.0528375,-0.19311625
0.0,60.0,253.0,-5.572676,1.6535763,7.38981,18.625317,3672.089,-195.36583,0.00600951,8.379927,12.396185,16.371933,-0.36553857,-1.6883842,0.981922
0.0,60.0,258.0,-5.5852976,1.0707062,5.632572,26.901493,2138.979,-181.25194,0.0113791395,11.103401,18.38219,24.578852,-0.41402072,-2.850837,1.9922419
0.0,60.0,268.0,-4.663703,0.4847515,3.208335,44.274815,1358.9872,-172.33615,0.028861275,16.838629,30.398914,41.310307,-1.2263786,-5.727313,1.8278674
0.0,60.0,278.0,-2.7260716,0.654532,1.3117042,62.754852,1535.4292,-172.80635,0.040424217,26.123188,41.711376,57.210213,-2.59324,-11.4380865,0.54195243
0.0,60.0,288.0,1.3254683,1.0205766,-0.66830015,82.3047,2181.975,-172.10995,0.03536878,39.363903,53.873173,71.22536,-3.9330285,-20.320866,0.791625
0.0,60.0,298.0,10.075593,1.1858264,-3.2970304,96.78605,2990.4485,-171.66214,0.025951734,50.23907,63.84567,79.32161,-4.516614,-26.919434,2.1071353
0.0,60.0,308.0,21.771854,0.92093885,-5.9838667,83.26294,3372.0764,-171.17915,0.024371298,43.923977,55.366833,67.23853,-4.2572813,-27.885029,2.8747563
0.0,60.0,318.0,34.573963,0.31410518,-8.199689,34.896408,3373.9177,-166.61409,0.010240914,19.095148,23.549034,27.157543,-1.794639,-12.515996,1.5293688
0.0,60.0,328.0,42.787342,-0.26363164,-9.190663,1.1848712,956.50024,-160.09924,0.0011114897,0.7341263,0.83337235,0.8023416,-0.02091474,-0.30591267,0.08199181
0.0,60.0,338.0,43.592075,-0.54587346,-8.874354,0.055620562,204.30495,-152.5441,0.0002628413,0.04955114,0.049678594,0.0120140035,0.006023511,0.0025254514,0.013721083
0.0,60.0,348.0,43.432625,-0.7709427,-8.381418,0.005263286,40.66225,-145.30978,9.911923e-05,0.007968593,0.008568561,-0.005527828,0.0021275731,0.0020167753,0.003484419
0.0,60.0,368.0,43.24779,-1.0133053,-7.4733453,0.0012147544,12.132845,-132.37238,1.5235119e-05,0.0013476189,0.0015820726,-0.0005001526,0.00023769625,0.00021278016,0.0002147301
0.0,60.0,388.0,43.111774,-1.085835,-6.6592674,0.0011491104,5.642616,-121.27036,6.6407088e-06,0.00096678786,0.0010752069,0.0002562059,7.5458214e-05,8.2968225e-05,1.1582208e-05
0.0,60.0,413.0,42.957718,-1.0509076,-5.769574,0.0011159984,2.5538611,-109.505615,5.8478754e-06,0.0008940428,0.0009784598,0.00035950262,4.4578795e-05,6.713954e-05,-3.4776058e-05
0.0,60.0,438.0,42.814777,-0.95309794,-5.0116415,0.0011032745,1.4154674,-99.599655,6.7385427e-06,0.0008839723,0.00096251245,0.00036006444,3.3598677e-05,7.113634e-05,-6.0065406e-05
0.0,60.0,488.0,42.56389,-0.7178576,-3.8226118,0.0010944557,0.65967816,-83.933495,9.144776e-06,0.00088099105,0.000938636,0.00036938724,2.2417054e-05,8.2955296e-05,-9.719238e-05
0.0,60.0,538.0,42.34771,-0.5193402,-2.9791777,0.0010915147,0.41829374,-72.33588,1.2370058e-05,0.0008859635,0.000934324,0.00034095027,1.9363017e-05,9.689218e-05,-9.026542e-05
0.0,70.0,243.0,-3.758465e-16,1.3938898e-15,5.495983e-15,4.950225,67080.19,-184.13248,3.362618e-06,3.313724,3.30015,3.2729223,-0.026503954,-0.10204942,-0.003010277
0.0,70.0,248.0,-4.2785673,1.8131655,7.8353467,10.025108,8960.483,-210.08517,0.0017035366,6.7728443,6.6935554,6.727451,-0.7619334,-0.7348702,-0.13916583
0.0,70.0,253.0,-5.5822196,1.5066676,6.48371,19.933865,3329.1335,-187.7589,0.0063422294,8.180807,13.686411,17.875595,-0.29369006,-2.158162,1.6445582
0.0,70.0,258.0,-5.3373046,0.7664939,4.81538,28.962181,2016.3237,-175.89423,0.01276654,11.688061,20.344793,26.069504,-0.7915679,-3.4414794,2.5826492
0.0,70.0,268.0,-4.190609,0.30940998,2.6150465,47.80807,1424.0974,-171.13953,0.03138219,18.570988,33.019867,44.000923,-2.0212076,-6.438871,1.8520787
0.0,70.0,278.0,-1.9118636,0.671854,0.7338861,66.30243,1674.5481,-172.64224,0.039570514,28.346731,44.00876,59.763363,-3.8501568,-12.3327265,0.8131473
0.0,70.0,288.0,2.7426665,1.1528206,-1.3732172,85.32835,2367.6118,-172.86325,0.032858875,40.963264,56.12608,73.43119,-5.5053363,-21.033056,1.598485
0.0,70.0,298.0,12.2111225,1.2719574,-4.18188,95.62338,3107.3997,-172.37578,0.025107197,49.122166,63.618652,78.37731,-5.8525796,-26.435593,3.0586405
0.0,70.0,308.0,23.921282,0.8896605,-6.856701,76.9787,3435.4253,-170.88217,0.022286998,40.140366,51.789513,62.02903,-5.0406723,-25.65434,3.5057528
0.0,70.0,318.0,36.672073,0.09847457,-9.021165,23.897789,3210.308,-165.23335,0.0072323075,13.074847,16.373928,18.346416,-1.4648263,-8.081368,1.3088481
0.0,70.0,328.0,43.03161,-0.5113225,-9.624028,0.6152837,699.61316,-157.52544,0.0007998937,0.398321,0.45925388,0.37279075,-0.0030595527,-0.13169867,0.062814906
0.0,70.0,338.0,43.45867,-0.83087224,-9.134547,0.035338037,150.21608,-149.52821,0.00022865059,0.03521611,0.03882637,-0.0033672545,0.0068561938,0.0036886986,0.012453377
0.0,70.0,348.0,43.30988,-1.062007,-8.557537,0.0038382749,35.656464,-142.23665,6.783024e-05,0.0055777784,0.007026312,-0.004497961,0.0017358045,0.001092819,0.0023658755
0.0,70.0,368.0,43.162636,-1.2880023,-7.538352,0.0012053048,11.7642145,-129.60574,1.3198486e-05,0.0012654994,0.0015863779,-0.00044125004,0.00023421603,0.00014847815,0.00015348586
0.0,70.0,388.0,43.051254,-1.3308451,-6.6614785,0.001146351,5.4897547,-118.99327,6.09036e-06,0.0009464073,0.001077704,0.00026857294,7.660152e-05,6.392839e-05,-8.726579e-06
0.0,70.0,413.0,42.91795,-1.2567135,-5.733518,0.0011150343,2.5026999,-107.80061,5.658664e-06,0.00088692317,0.000982163,0.00036097597,4.6965528e-05,5.75222e-05,-5.1021045e-05
0.0,70.0,438.0,42.790558,-1.1241034,-4.9617295,0.0011027158,1.378349,-98.34264,6.6038015e-06,0.00087903737,0.00096355734,0.00036281903,3.6824058e-05,6.3655556e-05,-7.593689e-05
0.0,70.0,488.0,42.55125,-0.83582556,-3.7694743,0.001094344,0.6520332,-83.2376,9.005122e-06,0.0008772888,0.00094548054,0.00036589016,2.6157995e-05,7.8627476e-05,-8.9049245e-05
0.0,70.0,538.0,42.337887,-0.5974357,-2.9282465,0.0010914442,0.41317105,-71.80887,1.2444687e-05,0.00088566105,0.00093741785,0.0003481298,2.1272013e-05,9.567712e-05,-0.000110131994
0.0,80.0,243.0,-3.7982453e-16,1.3642164e-15,5.15926e-15,5.060264,61236.56,-179.57239,3.0772867e-06,3.3860414,3.3735094,3.349897,-0.02376887,-0.08747704,-0.0026090522
0.0,80.0,248.0,-4.6542277,1.6429882,7.1425095,10.49221,8067.319,-201.27715,0.0018699857,6.289255,7.0644913,7.7236505,-0.7691381,-0.54957765,0.04653852
0.0,80.0,253.0,-5.3433394,1.0326203,5.26816,21.691042,3083.9648,-178.9661,0.007204466,8.5414,15.216983,19.609938,-0.61369336,-2.867424,2.219629
0.0,80.0,258.0,-4.9003606,0.30359623,3.8593059,32.48698,1930.479,-170.57948,0.015278928,13.102862,23.135386,28.78946,-1.4698164,-4.067204,3.0572853
0.0,80.0,268.0,-3.4549296,0.14346144,1.8147271,52.59618,1545.7922,-169.97957,0.033440586,21.315708,35.963093,47.864372,-3.2436664,-7.3270707,1.972908
0.0,80.0,278.0,-0.66704,0.7059375,-0.13665335,70.78441,1883.7319,-172.5884,0.037520684,31.199013,46.88681,62.94748,-5.6602745,-13.459753,1.5649605
0.0,80.0,288.0,4.8612638,1.2323362,-2.4383864,88.27323,2606.6672,-173.74684,0.029575318,42.452557,58.713734,75.26726,-7.336707,-21.407194,2.842467
0.0,80.0,298.0,15.018909,1.2152859,-5.393954,92.27896,3231.2815,-172.64514,0.02428931,46.64997,62.29169,75.527756,-7.209694,-25.422241,4.1668696
0.0,80.0,308.0,26.685858,0.6866216,-7.991181,67.352875,3494.5256,-169.73933,0.019294785,34.57792,46.161884,53.95878,-5.4841757,-22.350235,3.9566617
0.0,80.0,318.0,38.975056,-0.31155935,-9.975638,12.513792,2810.506,-162.67834,0.0041417866,6.9270005,8.776492,9.324239,-0.81736284,-3.793027,0.81662905
0.0,80.0,328.0,43.14331,-0.8845694,-10.06386,0.27456346,496.49185,-153.86555,0.00051082217,0.19144055,0.2287926,0.12873533,0.008266632,-0.04063896,0.040520724
0.0,80.0,338.0,43.283237,-1.2164754,-9.3912,0.019228568,98.56553,-145.63844,0.00017819327,0.022156835,0.02854686,-0.01224938,0.0064988984,0.0029825165,0.009280142
0.0,80.0,348.0,43.16956,-1.4307975,-8.724993,0.002646823,30.638235,-138.46263,4.4816454e-05,0.0037123614,0.005447844,-0.0036567731,0.0012950378,0.00047525615,0.0014063048
0.0,80.0,368.0,43.069714,-1.605626,-7.5875206,0.0011961194,11.35172,-126.40218,1.13293345e-05,0.0011880939,0.0015760144,-0.00037194393,0.00022161701,8.991014e-05,7.640449e-05
0.0,80.0,388.0,42.986504,-1.599813,-6.644771,0.0011436406,5.3364644,-116.41908,5.5806554e-06,0.0009269523,0.0010778882,0.00028239362,7.621253e-05,4.5895922e-05,-3.4341483e-05
0.0,80.0,413.0,42.875664,-1.4725953,-5.679652,0.0011138277,2.4405427,-105.90299,5.455312e-06,0.00087915116,0.0009841379,0.0003643544,4.9018792e-05,4.7963924e-05,-7.061255e-05
0.0,80.0,438.0,42.760376,-1.2981367,-4.896737,0.001102369,1.3619326,-96.95104,6.497436e-06,0.000874895,0.0009620242,0.0003677791,4.068225e-05,5.7520727e-05,-9.4776886e-05
0.0,80.0,488.0,42.535805,-0.9545392,-3.724841,0.0010942207,0.6468839,-82.46113,8.966958e-06,0.0008747851,0.0009340034,0.00037950516,2.7706606e-05,7.399423e-05,-0.00012535899
0.0,80.0,538.0,42.329887,-0.6814718,-2.880389,0.0010913933,0.40925577,-71.370575,1.2539594e-05,0.0008852072,0.0009334859,0.00035396457,2.3983801e-05,9.440645e-05,-0.00012183213
0.0,90.0,243.0,-5.4275976e-16,1.8197768e-15,6.594934e-15,4.816956,59996.324,-173.10951,2.7010306e-06,3.2225149,3.2113042,3.192106,-0.01988162,-0.06986914,-0.0021720638
0.0,90.0,248.0,-4.9117675,1.4285046,5.9087567,11.331333,7047.593,-188.46158,0.0020199656,5.833976,7.7534704,9.195288,-0.58946794,-0.67854697,0.5476306
0.0,90.0,253.0,-4.839171,0.41107306,3.9651165,25.548836,2717.9958,-168.75485,0.009039043,9.909271,18.257095,22.176989,-1.4019051,-3.6754208,2.894673
0.0,90.0,258.0,-4.184191,-0.13272247,2.7256768,38.198994,1895.591,-166.37682,0.019227989,15.91235,26.77567,33.673637,-2.6376004,-4.7599154,3.3552582
0.0,90.0,268.0,-2.2860548,0.05614482,0.6881876,58.562325,1744.0039,-168.79602,0.03343561,25.203495,39.29499,52.555298,-4.995623,-8.335355,2.4969895
0.0,90.0,278.0,1.277337,0.7357363,-1.4114043,75.82241,2173.599,-172.6971,0.034346104,34.126358,50.5283,66.35501,-8.025432,-14.730217,2.8872626
0.0,90.0,288.0,7.9664307,1.1578022,-3.975866,89.72876,2882.1345,-174.44576,0.025983237,42.92974,60.843567,75.58639,-9.112001,-21.050947,4.3835335
0.0,90.0,298.0,18.557308,0.9238248,-6.9743757,85.467445,3353.6504,-171.88652,0.023226408,42.213745,59.012592,69.67376,-8.3839855,-23.591623,5.243369
0.0,90.0,308.0,30.159422,0.19871455,-9.423049,52.749367,3518.217,-166.99762,0.014982851,26.641691,37.167347,41.69913,-5.144069,-17.222723,3.8898323
0.0,90.0,318.0,40.987648,-0.94864875,-10.945127,4.431735,1994.2628,-158.34343,0.0019332081,2.5225706,3.2404046,3.1017346,-0.25474712,-1.1654619,0.34135932
0.0,90.0,328.0,43.087326,-1.4158983,-10.470718,0.11153864,345.20413,-148.90808,0.000301909,0.08591288,0.11159971,0.025560457,0.011200563,-0.009739019,0.022216817
0.0,90.0,338.0,43.0778,-1.7178879,-9.622442,0.009420417,64.38571,-140.80508,0.00011153192,0.011968341,0.018817749,-0.011945354,0.004568287,0.0011249587,0.004873382
0.0,90.0,348.0,43.016083,-1.8859558,-8.862076,0.0019142765,26.42165,-133.97285,2.993924e-05,0.0025336042,0.004265719,-0.0027355957,0.00094787456,0.00011727162,0.00066254486
0.0,90.0,368.0,42.96785,-1.975234,-7.6007457,0.0011895121,10.990832,-122.74286,9.845048e-06,0.0011246834,0.0015626624,-0.00030845992,0.00020710487,3.9872288e-05,-1.5420634e-05
0.0,90.0,388.0,42.915936,-1.8956001,-6.5969586,0.0011410427,5.200768,-113.556854,5.1495567e-06,0.00090946787,0.0010757581,0.000296838,7.458182e-05,2.9372182e-05,-6.6083965e-05
0.0,90.0,413.0,42.829224,-1.698727,-5.6023407,0.0011126267,2.3813195,-103.82302,5.27916e-06,0.0008716661,0.0009834433,0.00037013716,5.0094885e-05,3.856516e-05,-9.310241e-05
0.0,90.0,438.0,42.729164,-1.4738259,-4.814854,0.0011018615,1.3285241,-95.43145,6.3893826e-06,0.00086993835,0.00095976633,0.0003740008,4.0874755e-05,5.0488874e-05,-0.00011424928
0.0,90.0,488.0,42.52007,-1.0691357,-3.6368384,0.0010941318,0.64393365,-81.60897,8.905088e-06,0.00087217655,0.0009388726,0.0003771134,3.2178796e-05,7.143168e-05,-0.0001213416
0.0,90.0,538.0,42.32305,-0.7631321,-2.8405106,0.001091365,0.4072405,-71.01558,1.2602965e-05,0.0008843243,0.0009244806,0.00035918006,2.7229504e-05,9.263268e-05,-0.00012868833
0.0,100.0,243.0,-1.5882911e-16,4.6583715e-16,1.6167598e-15,3.6398892,64417.418,-163.28403,2.1513004e-06,2.4357092,2.4265928,2.413254,-0.014192592,-0.04745948,-0.0015354095
0.0,100.0,248.0,-4.3923163,0.8451089,4.0776463,13.924357,5456.274,-170.98471,0.0029316242,6.574421,9.56619,12.022388,-0.95115715,-1.2727689,1.2718612
0.0,100.0,253.0,-3.9118326,-0.074552424,2.5277731,32.03722,2452.872,-162.1451,0.013302133,13.323534,22.095684,27.602234,-2.8085554,-4.1261106,3.2901828
0.0,100.0,258.0,-3.0681841,-0.32311848,1.3803036,45.566635,1956.4158,-163.1974,0.023066754,20.138733,30.531755,40.509533,-4.1401963,-5.402867,3.5785406
0.0,100.0,268.0,-0.43919048,0.063472725,-0.81891036,65.17073,2028.1232,-167.52509,0.032120287,29.356125,43.1794,57.69833,-7.31573,-9.639581,3.4461613
0.0,100.0,278.0,4.235626,0.6740324,-3.166159,80.42984,2549.1367,-172.75111,0.029512517,36.325233,54.53903,69.27667,-10.333974,-15.465503,4.6770906
0.0,100.0,288.0,12.250932,0.79426014,-6.059452,87.6209,3163.3933,-174.29904,0.022593524,41.421394,60.902313,72.81674,-10.404611,-19.587824,5.8983235
0.0,100.0,298.0,22.859491,0.30495018,-8.937682,73.69396,3467.9841,-169.35706,0.020656345,35.424145,52.54408,59.400333,-8.903476,-20.246555,5.926132
0.0,100.0,308.0,34.291836,-0.6984805,-11.117171,32.065536,3404.5288,-162.2425,0.009273089,16.070679,23.514042,24.55424,-3.526629,-9.848609,2.8556132
0.0,100.0,318.0,42.11708,-1.7790914,-11.7501545,1.089717,1024.2863,-152.0894,0.0009130066,0.6596804,0.8940113,0.62637055,-0.026513727,-0.25147268,0.1101114
0.0,100.0,328.0,42.889744,-2.125186,-10.799145,0.045343388,240.71214,-142.70702,0.00017793284,0.039023604,0.058770254,-0.007116599,0.009276493,-0.0029162045,0.010151361
0.0,100.0,338.0,42.857296,-2.3439782,-9.7946005,0.0048059514,47.371845,-135.11427,5.9696813e-05,0.0060565765,0.011432989,-0.00787941,0.0026112564,-5.9549246e-05,0.0016391956
0.0,100.0,348.0,42.8508,-2.430563,-8.940551,0.0015602654,23.18181,-128.86896,2.0796071e-05,0.0018742859,0.0034883167,-0.0020797509,0.0006991162,-6.9081914e-05,0.0001602013
0.0,100.0,368.0,42.860004,-2.3883057,-7.566045,0.0011839551,10.580666,-118.76785,8.519815e-06,0.0010667861,0.001528944,-0.00022799592,0.0001857895,-2.3637858e-06,-0.000109749635
0.0,100.0,388.0,42.84206,-2.2115731,-6.512876,0.001138422,5.0777884,-110.50666,4.7969424e-06,0.0008938557,0.0010702591,0.0003127238,7.1132024e-05,1.4615956e-05,-0.00010091098
0.0,100.0,413.0,42.7807,-1.930086,-5.5007534,0.0011113598,2.3078873,-101.62717,5.1249335e-06,0.00086435274,0.0009796734,0.00037869738,4.990119e-05,2.9605475e-05,-0.00011811339
0.0,100.0,438.0,42.696144,-1.6501299,-4.716902,0.0011012686,1.2902817,-93.82767,6.295105e-06,0.00086525467,0.0009545322,0.0003827446,4.301003e-05,4.3764714e-05,-0.00013522334
0.0,100.0,488.0,42.498966,-1.1845076,-3.5875585,0.0010939204,0.6211511,-80.71038,9.312496e-06,0.0008763628,0.0009245451,0.00038703298,3.5565354e-05,7.088076e-05,-0.00013940179
0.0,100.0,538.0,42.307762,-0.8333716,-2.7919452,0.0010912564,0.39928842,-70.33383,1.2749613e-05,0.0008840655,0.0009103532,0.00036167042,2.9760997e-05,9.09926e-05,-0.00013828934
0.0,110.0,243.0,-4.148793e-16,1.1300977e-15,3.0495956e-15,4.4548216,57619.07,-151.80971,1.4387743e-06,2.9761398,2.969881,2.9629443,-0.009179446,-0.023492364,-0.0010867827
0.0,110.0,248.0,-3.2607338,0.5750316,2.4130383,21.107391,4124.437,-158.14043,0.0056975707,10.028597,14.081092,18.455702,-1.8503362,-1.8364838,2.3495975
0.0,110.0,253.0,-2.5653136,-0.08715249,1.0724462,40.571327,2341.6328,-157.88823,0.017557455,18.41711,26.327108,35.72292,-4.199412,-4.23254,3.6811197
0.0,110.0,258.0,-1.3635478,-0.2117694,-0.17786713,53.436085,2146.1682,-160.52864,0.024817886,24.746262,34.42326,47.86994,-5.81894,-6.3309674,4.009959
0.0,110.0,268.0,2.384495,0.11548408,-2.6934342,71.558525,2424.632,-166.37263,0.029219415,32.634163,47.45475,62.892796,-9.808642,-11.072704,4.8681226
0.0,110.0,278.0,8.657725,0.37687126,-5.5601025,82.79929,3025.3313,-172.53778,0.023230392,37.198856,57.392635,70.26058,-11.732745,-14.856006,6.595269
0.0,110.0,288.0,17.776869,0.027318306,-8.741758,79.53352,3421.7017,-172.50693,0.019482937,36.91958,56.9541,65.062744,-10.982114,-16.900625,7.058372
0.0,110.0,298.0,28.100176,-0.7854734,-11.304713,54.93627,3545.2444,-164.43076,0.015448927,25.72974,40.98247,43.13294,-7.9873657,-14.741731,5.584038
0.0,110.0,308.0,38.53452,-2.1162207,-12.851866,10.708886,2751.287,-155.15741,0.0034907723,5.5895176,8.289019,7.535761,-1.0773624,-2.6806078,0.9954942
0.0,110.0,318.0,42.335728,-2.795922,-12.282973,0.22952387,479.77338,-144.26062,0.00043105363,0.16135773,0.25044274,0.047241904,0.018341914,-0.039417412,0.028290035
0.0,110.0,328.0,42.60265,-3.0167243,-11.001185,0.017029496,145.55193,-135.52971,0.00011069237,0.017078977,0.033004723,-0.01603141,0.0066202017,-0.0020327328,0.0030518598
0.0,110.0,338.0,42.628082,-3.0938096,-9.8699875,0.0026458895,37.875603,-128.78232,3.4078384e-05,0.0032460894,0.0072752284,-0.0052319355,0.0015166859,-0.0004686452,9.4012525e-05
0.0,110.0,348.0,42.67768,-3.0608644,-8.93311,0.0013808013,20.627146,-123.33085,1.49434245e-05,0.0014818807,0.0029233755,-0.001537924,0.00050877157,-0.0001685785,-0.00018768119
0.0,110.0,368.0,42.749283,-2.8406553,-7.4688773,0.0011790504,10.11482,-114.57797,7.3411425e-06,0.0010143534,0.0014734298,-0.00012977654,0.00015847124,-3.5525285e-05,-0.00020037894
0.0,110.0,388.0,42.7666,-2.5427172,-6.385865,0.0011350375,4.876407,-107.336205,4.458372e-06,0.0008778589,0.0010559501,0.0003362377,6.5107415e-05,1.6097479e-06,-0.00013683325
0.0,110.0,413.0,42.7305,-2.1639373,-5.371572,0.0011101223,2.2327082,-99.35505,4.987268e-06,0.00085717475,0.00097277213,0.00039030594,4.8239694e-05,2.1443093e-05,-0.0001444358
0.0,110.0,438.0,42.659607,-1.8230852,-4.600243,0.0011008509,1.2617562,-92.16312,6.2433282e-06,0.0008611116,0.0009465649,0.00039401665,4.2412186e-05,3.8068778e-05,-0.00015787898
0.0,110.0,488.0,42.48088,-1.2797062,-3.48131,0.0010938369,0.6227248,-79.74498,9.072215e-06,0.0008701126,0.0009095723,0.00040816487,3.345931e-05,6.6160246e-05,-0.00017829855
0.0,110.0,538.0,42.296223,-0.9071352,-2.7399535,0.0010911863,0.39492086,-69.76434,1.27229505e-05,0.00088130595,0.00090719404,0.00037351312,2.9650517e-05,8.789597e-05,-0.00016687154
0.0,120.0,243.0,0.0,0.0,0.0,3.396334,53955.508,-143.30118,8.3465653e-07,2.2671387,2.2642226,2.2617438,-0.0063039646,-0.008284799,-0.0007888378
0.0,120.0,248.0,-1.7194226,0.8001773,0.95030415,30.056349,3656.4802,-152.20168,0.008883805,15.413326,19.309423,25.679596,-2.7855425,-1.6809871,2.9844036
0.0,120.0,253.0,-0.6221456,0.2913291,-0.4328741,48.018127,2534.2107,-155.34064,0.019032933,22.82811,30.079576,42.838173,-5.107639,-4.6783514,3.884658
0.0,120.0,258.0,1.1242819,0.13429795,-1.8767724,60.68247,2502.1396,-158.63802,0.02413788,28.6036,38.311447,54.697456,-7.3219604,-7.8917994,4.579495
0.0,120.0,268.0,6.64603,0.11936144,-5.095783,77.12208,3038.9045,-165.9547,0.0227795,34.842022,51.65523,67.53704,-11.363035,-11.75379,6.7511716
0.0,120.0,278.0,15.009535,-0.30155155,-8.854246,79.36799,3558.9602,-171.56079,0.017593116,35.59527,56.119537,66.31285,-11.972608,-13.023012,8.082853
0.0,120.0,288.0,24.573174,-1.2682413,-12.043901,62.195988,3631.1123,-168.96962,0.015499252,28.018177,46.545826,49.66212,-10.445666,-12.793357,7.378644
0.0,120.0,298.0,34.392605,-2.604713,-13.979917,26.456799,3407.5132,-157.15918,0.0075975554,12.3418045,21.126749,19.458725,-4.291121,-6.5195923,3.191201
0.0,120.0,308.0,41.14607,-3.8471794,-14.033902,1.2658279,1194.4884,-146.06851,0.0008621309,0.73456174,1.1421471,0.6537523,-0.05917298,-0.2541487,0.108741656
0.0,120.0,318.0,42.103027,-4.0491815,-12.509492,0.05153772,294.42484,-135.60997,0.00016691796,0.041423578,0.08050032,-0.01884897,0.011424687,-0.009563616,0.0024936574
0.0,120.0,328.0,42.28952,-4.0726666,-11.019541,0.005566278,69.7045,-127.91819,5.9930568e-05,0.0064339833,0.017254263,-0.012558534,0.003378205,-0.0019719405,-0.0010273271
0.0,120.0,338.0,42.40705,-3.9538562,-9.800211,0.0017136675,32.18802,-122.18324,2.233767e-05,0.0019978038,0.005190914,-0.0037608328,0.00090535445,-0.00058694254,-0.000750401
0.0,120.0,348.0,42.50858,-3.7645738,-8.805355,0.0012901543,18.941587,-117.626114,1.1542576e-05,0.0012553234,0.002549735,-0.0010977222,0.00036077888,-0.00022183235,-0.00046602255
0.0,120.0,368.0,42.643257,-3.3210382,-7.287164,0.0011754276,9.671222,-110.34606,6.3962866e-06,0.0009704378,0.0014048673,-2.4560082e-05,0.00012542254,-5.968332e-05,-0.00029117856
0.0,120.0,388.0,42.694744,-2.88043,-6.204143,0.0011316083,4.672805,-104.150024,4.1598605e-06,0.00086249877,0.0010341739,0.00036651923,5.534502e-05,-9.166095e-06,-0.00017507862
0.0,120.0,413.0,42.682747,-2.3950105,-5.210618,0.0011090518,2.1542146,-97.06249,4.88577e-06,0.00085032976,0.00096137787,0.00040640516,4.3565433e-05,1.4006339e-05,-0.00017346421
0.0,120.0,438.0,42.627174,-1.9903761,-4.4641376,0.0011001661,1.2078475,-90.46806,6.194969e-06,0.00085630757,0.0009361863,0.0004078328,3.887504e-05,3.233285e-05,-0.00018108307
0.0,120.0,488.0,42.46133,-1.3855258,-3.3993123,0.0010936137,0.60357445,-78.75781,9.0732265e-06,0.0008672407,0.00091586926,0.00040405954,3.362234e-05,6.193859e-05,-0.00017268855
0.0,120.0,538.0,42.283325,-0.96945983,-2.6614823,0.0010910871,0.3874607,-69.061966,1.2896308e-05,0.0008809867,0.0009072308,0.0003884048,3.0082741e-05,8.674859e-05,-0.00018840919
0.0,130.0,243.0,-5.2193767e-17,7.0675545e-16,4.0139478e-16,3.7042496,54339.92,-143.55391,6.612562e-07,2.470382,2.4694998,2.4685864,-0.006586023,-0.0035511954,-0.00080997386
0.0,130.0,248.0,0.008752502,1.3451195,-0.2585197,35.284153,3976.1763,-150.16106,0.009507687,18.948196,22.201513,29.736584,-2.8447764,-1.9499332,2.5898662
0.0,130.0,253.0,1.8435642,0.919197,-1.9218946,54.584084,2936.185,-155.00317,0.018604875,26.093449,33.48845,49.665306,-5.636989,-6.4925833,3.847455
0.0,130.0,258.0,4.656057,0.67681813,-3.7939856,67.68568,3128.789,-158.86575,0.02064541,31.413368,42.45706,61.830585,-8.322829,-10.107124,5.3740726
0.0,130.0,268.0,13.208584,-0.00074608397,-8.552042,78.83402,3962.5676,-166.59883,0.015797613,35.66234,53.133083,68.67994,-11.511441,-11.572865,8.148763
0.0,130.0,278.0,23.656546,-1.4961236,-13.239636,63.21984,4022.7864,-171.52165,0.0121897925,28.230795,45.812046,51.82252,-10.675005,-9.67304,8.244952
0.0,130.0,288.0,32.903416,-3.384289,-15.90554,30.33883,3591.982,-165.19653,0.008167711,13.215651,24.578602,22.775455,-6.264627,-6.104044,4.8902745
0.0,130.0,298.0,39.82719,-5.1956873,-16.131235,2.8610475,1748.5957,-150.34764,0.0012592516,1.5518407,2.5430753,1.6357975,-0.2893961,-0.485716,0.31854033
0.0,130.0,308.0,41.38181,-5.606497,-14.34708,0.10831311,387.30936,-137.50665,0.0002454612,0.080607116,0.16452098,-0.028588086,0.018427547,-0.022868153,0.0027057028
0.0,130.0,318.0,41.763123,-5.5468283,-12.377664,0.010614997,172.10231,-127.39308,5.7500765e-05,0.009409987,0.025469512,-0.013652788,0.004008253,-0.0039120517,-0.002658509
0.0,130.0,328.0,42.026005,-5.262384,-10.773065,0.0022756918,47.60187,-120.59539,2.89405e-05,0.002556693,0.008697997,-0.0067061353,0.0013712586,-0.0014687583,-0.0020731129
0.0,130.0,338.0,42.22413,-4.8916593,-9.5108385,0.0014428277,31.175312,-115.813416,1.925236e-05,0.0015964308,0.0046593593,-0.0033710594,0.0006468722,-0.0007070229,-0.0014995699
0.0,130.0,348.0,42.367363,-4.511704,-8.501594,0.0012735351,18.994658,-112.14413,1.0794192e-05,0.0011777534,0.0024760622,-0.0010262255,0.00027491496,-0.00028464297,-0.0008063566
0.0,130.0,368.0,42.55293,-3.807927,-7.008696,0.0011708703,9.244654,-106.25777,5.6380636e-06,0.00093305827,0.0013218648,8.674874e-05,9.060622e-05,-7.426361e-05,-0.0003724588
0.0,130.0,388.0,42.633152,-3.212915,-5.9632626,0.0011281165,4.460572,-101.0502,3.9217057e-06,0.0008487379,0.0010057888,0.0004016996,4.3959073e-05,-1.7159397e-05,-0.00021325117
0.0,130.0,413.0,42.641113,-2.6171203,-5.016244,0.0011078324,2.0578017,-94.80256,4.809799e-06,0.00084384484,0.0009445631,0.00042727755,3.790251e-05,8.057301e-06,-0.00020373118
0.0,130.0,438.0,42.59745,-2.1494772,-4.3084326,0.0010995616,1.1634552,-88.77308,6.168543e-06,0.0008520446,0.0009213177,0.00042575668,3.659213e-05,2.77067e-05,-0.00020555384
0.0,130.0,488.0,42.444416,-1.4813635,-3.2931533,0.0010934417,0.5969975,-77.7372,9.0345675e-06,0.00086356,0.0008915593,0.00043180777,3.2019554e-05,5.8021862e-05,-0.00021005831
0.0,130.0,538.0,42.273556,-1.0464704,-2.5845916,0.0010910119,0.38128608,-68.51018,1.31644765e-05,0.000881313,0.000900019,0.00039741927,3.2545257e-05,8.60804e-05,-0.00019211546
0.0,140.0,243.0,2.5124482e-16,4.773569e-15,1.0363413e-15,3.4043665,55391.09,-148.31966,6.1804474e-07,2.268882,2.2695777,2.2694535,-0.006932021,-0.001640504,-0.0008446604
0.0,140.0,248.0,2.069295,2.1908975,-1.3221197,38.29553,4479.797,-151.89056,0.009031064,20.963978,23.740599,32.25727,-2.4932923,-3.097845,1.8162266
0.0,140.0,253.0,5.0539308,1.8469645,-3.4493387,60.414757,3613.2317,-157.60718,0.01631136,28.15516,36.742413,56.022137,-5.541776,-9.167637,3.645596
0.0,140.0,258.0,9.653078,1.4627768,-6.2132792,74.02383,4208.36,-161.78989,0.01514557,33.78586,46.454212,68.17223,-8.241582,-12.317166,5.5986094
0.0,140.0,268.0,22.701382,-0.22621578,-13.3234215,67.944664,4893.5005,-171.06165,0.010029306,31.023079,45.616924,59.13197,-9.734338,-10.074732,7.8756175
0.0,140.0,278.0,34.218704,-3.2545836,-18.579454,25.309452,3814.6506,-177.7898,0.005727382,11.234455,18.602545,20.540062,-4.377727,-3.7736359,4.971261
0.0,140.0,288.0,39.425068,-6.111109,-19.389805,3.1201124,1853.2037,-168.74864,0.001549758,1.7979494,2.720583,1.6939067,-0.06359616,-0.33784363,0.8005778
0.0,140.0,298.0,40.317986,-7.51061,-17.036901,0.6377608,855.0858,-149.63467,0.000670476,0.45924687,0.76834834,0.047290623,0.11558091,-0.065676056,0.11143926
0.0,140.0,308.0,40.86565,-7.714729,-14.237754,0.083544284,337.52896,-132.23204,0.00021293912,0.06388659,0.15859342,-0.05546613,0.023891201,-0.025087362,-0.0086438805
0.0,140.0,318.0,41.396408,-7.251798,-11.942267,0.008806596,104.984505,-120.83505,6.623867e-05,0.007815803,0.02996204,-0.020165354,0.0040710946,-0.00617863,-0.008506987
0.0,140.0,328.0,41.79734,-6.5450277,-10.256806,0.0018693293,45.952747,-114.28638,2.3919172e-05,0.0018937311,0.007525125,-0.005682959,0.00087134924,-0.0016259997,-0.0033686527
0.0,140.0,338.0,42.07119,-5.8615937,-8.997256,0.0014095119,30.97978,-110.18741,1.7444789e-05,0.0014179383,0.00430647,-0.0029060836,0.00043883914,-0.0008121033,-0.0022437028
0.0,140.0,348.0,42.257034,-5.2594895,-8.022683,0.0012894843,19.89185,-107.229256,1.1093182e-05,0.0011537647,0.00248201,-0.00096743065,0.00020468848,-0.00035666436,-0.0012244624
0.0,140.0,368.0,42.484768,-4.27465,-6.621425,0.00116488,8.931447,-102.52683,5.1337856e-06,0.00090447353,0.0012339858,0.00019120419,6.1114304e-05,-8.1281796e-05,-0.00044376383
0.0,140.0,388.0,42.58459,-3.5238028,-5.657593,0.0011250343,4.238339,-98.15311,3.7524014e-06,0.0008375254,0.00097087515,0.00044168156,3.349327e-05,-2.1828779e-05,-0.00024781283
0.0,140.0,413.0,42.605423,-2.8217263,-4.7857156,0.001106698,1.9727775,-92.631,4.77732e-06,0.0008384752,0.0009225273,0.00045240397,3.2851527e-05,4.2037454e-06,-0.00023240753
0.0,140.0,438.0,42.569557,-2.2949495,-4.1302443,0.0010989931,1.1197594,-87.10689,6.178286e-06,0.0008482738,0.00090294366,0.00044675064,3.3853794e-05,2.4435229e-05,-0.00022905304
0.0,140.0,488.0,42.42618,-1.573196,-3.1753762,0.0010932295,0.57619846,-76.71037,9.32023e-06,0.0008650806,0.00089812913,0.00042303055,3.6456564e-05,5.882689e-05,-0.0001996797
0.0,140.0,538.0,42.25924,-1.1008483,-2.5152025,0.0010908975,0.37259954,-67.79504,1.3491053e-05,0.00088220247,0.0008799942,0.0004016955,3.5086272e-05,8.554796e-05,-0.00019758659
0.0,150.0,243.0,3.1472266e-16,1.883966e-15,1.3674154e-16,2.3836575,55736.59,-153.36763,5.3095624e-07,1.5873526,1.589105,1.5894235,-0.005620839,-0.0007874736,-0.0007448768
0.0,150.0,248.0,4.3819714,3.2938306,-2.2465336,40.29323,5060.907,-155.85472,0.00831787,21.816177,24.907309,34.312492,-1.7877088,-4.879991,0.8388283
0.0,150.0,253.0,8.882664,3.0906699,-4.9728193,64.95436,4618.39,-162.26205,0.012642426,29.816025,39.86362,60.094666,-4.4553485,-11.865171,2.3652425
0.0,150.0,258.0,16.258465,2.6457434,-9.031443,73.81638,5558.153,-168.13841,0.010281737,33.717293,46.192894,68.057144,-6.5452557,-13.597014,3.9919481
0.0,150.0,268.0,32.74038,0.40414786,-18.407648,33.127747,4686.508,-188.34325,0.0056008813,16.311953,19.585327,30.386677,-3.1624064,-4.540035,3.3765554
0.0,150.0,278.0,35.729626,-2.7044868,-22.170912,11.016581,3428.3733,-209.43877,0.0031654115,8.943438,5.4079847,7.735178,2.6880882,0.61776495,1.0769446
0.0,150.0,288.0,34.281303,-7.177721,-21.097128,12.450465,3690.4163,-203.26839,0.0033161715,9.893074,8.22118,6.7845564,4.28339,-0.71175605,0.90901375
0.0,150.0,298.0,37.26143,-10.7105665,-17.973673,7.7686024,3266.0725,-166.23203,0.0022683823,5.5131917,6.5564294,3.4631367,1.8620037,-1.1058156,0.17792173
0.0,150.0,308.0,40.180744,-10.746558,-13.965505,1.599672,1771.9578,-133.61491,0.0008335151,1.066679,1.6835327,0.45001352,0.12822089,-0.2057825,-0.16121641
0.0,150.0,318.0,41.135895,-9.227575,-11.06572,0.2677141,754.76587,-117.1364,0.000313926,0.18027125,0.31406522,0.041095957,0.006921403,-0.039291807,-0.08358948
0.0,150.0,328.0,41.666355,-7.8567615,-9.353503,0.015622809,110.71188,-109.752884,0.00010369653,0.012095436,0.036964327,-0.017829336,0.00093569077,-0.008269536,-0.024260938
0.0,150.0,338.0,41.97872,-6.792002,-8.209908,0.0020912874,38.11153,-105.83118,2.4686597e-05,0.0019117827,0.005703606,-0.0034336955,0.0001896562,-0.0012773393,-0.0046221027
0.0,150.0,348.0,42.187435,-5.9531355,-7.355813,0.0013292533,20.071236,-103.24745,1.07742e-05,0.0011275087,0.0022637274,-0.0006452908,8.200573e-05,-0.00037810815,-0.0015923765
0.0,150.0,368.0,42.435776,-4.6914015,-6.13914,0.0011601587,8.820225,-99.315994,4.9218766e-06,0.0008863267,0.0011478667,0.00028611493,3.5612287e-05,-8.330283e-05,-0.00051748
0.0,150.0,388.0,42.545856,-3.7975097,-5.2981086,0.0011218897,4.0376487,-95.53643,3.6526496e-06,0.0008285707,0.0009307676,0.0004844861,2.4623665e-05,-2.3874369e-05,-0.0002779649
0.0,150.0,413.0,42.573784,-3.001766,-4.5262694,0.0011054643,1.8671736,-90.58644,4.792842e-06,0.0008341394,0.00089572906,0.00048113542,2.846719e-05,2.0419714e-06,-0.0002585156
0.0,150.0,438.0,42.543385,-2.4240327,-3.935548,0.0010983462,1.0652792,-85.4918,6.241361e-06,0.000845477,0.0008815775,0.00046968204,3.2271935e-05,2.2302025e-05,-0.00025010286
0.0,150.0,488.0,42.405365,-1.6533566,-3.0777795,0.001092991,0.55471236,-75.67766,9.803053e-06,0.00086852827,0.0008591142,0.00045854528,3.729241e-05,5.9095688e-05,-0.00023308971
0.0,150.0,538.0,42.243702,-1.1464273,-2.4539933,0.0010907956,0.36519802,-67.04607,1.3713478e-05,0.00088161975,0.0008598433,0.0004102476,3.681609e-05,8.4046e-05,-0.00020875836
0.0,160.0,243.0,4.067905e-16,1.6870194e-15,2.4302723e-16,1.4179156,55303.086,-154.16412,4.565089e-07,0.9433516,0.9452771,0.9455751,-0.0042958716,-0.0010749758,-0.00066476566
0.0,160.0,248.0,6.314967,4.372599,-2.6334856,39.201054,5680.7686,-158.2365,0.007157634,20.907207,24.840076,33.203674,-0.7837443,-6.481579,-0.3817116
0.0,160.0,253.0,12.578736,4.454679,-5.7168922,61.457756,5518.888,-166.96278,0.009679299,27.951725,38.694294,55.678875,-2.107447,-13.25071,-0.20392743
0.0,160.0,258.0,21.991533,4.3511686,-10.29091,62.74571,6035.4644,-178.13033,0.007919758,29.142227,39.231133,57.306263,-2.4205794,-13.073026,-0.34379575
0.0,160.0,268.0,33.5762,3.9385636,-17.362923,18.927011,4009.303,-226.44264,0.004682902,13.663851,9.537945,14.733331,0.84236187,0.35947913,-2.225544
0.0,160.0,278.0,25.503147,0.5247354,-16.306896,14.393375,3519.2349,-287.51907,0.0040735328,12.73836,8.50039,7.669821,3.1246164,1.8392136,-1.2586998
0.0,160.0,288.0,22.699078,-7.2370763,-13.892798,13.18412,3228.2346,-278.0539,0.004077435,9.256528,10.279271,6.812755,2.207634,-1.3468257,-1.2868576
0.0,160.0,298.0,26.956089,-12.3586855,-12.335305,15.165697,3815.9937,-211.8599,0.0039772587,9.875487,10.758812,9.643844,3.3525238,-4.1672344,-2.070823
0.0,160.0,308.0,37.35729,-14.181597,-11.467094,7.9983754,3352.1277,-147.42133,0.0022878319,5.107505,6.399875,4.4995565,0.89200866,-2.220054,-1.4009571
0.0,160.0,318.0,41.229023,-11.361552,-9.370483,0.9008202,1109.86,-117.78233,0.00079655135,0.5927442,0.8876337,0.32086596,-0.031996913,-0.12667121,-0.42082074
0.0,160.0,328.0,41.714184,-9.053369,-7.996026,0.12770778,448.64963,-107.6788,0.00026551142,0.08798139,0.14003637,0.027367052,-0.006177035,-0.020276425,-0.0923583
0.0,160.0,338.0,42.00131,-7.564201,-7.126384,0.00804292,73.80722,-103.156525,8.432769e-05,0.006786541,0.01603099,-0.0067349896,-0.00094088545,-0.004136056,-0.020622643
0.0,160.0,348.0,42.188217,-6.5145288,-6.4968677,0.0017166928,24.329878,-100.46475,1.559469e-05,0.001444004,0.002586121,-0.000537375,-8.3032966e-05,-0.0005153604,-0.0028602637
0.0,160.0,368.0,42.410698,-5.032901,-5.5779667,0.0011535602,8.534858,-96.70197,4.6529913e-06,0.000867161,0.0010320956,0.00040756312,6.7178066e-06,-7.340992e-05,-0.00055962574
0.0,160.0,388.0,42.51524,-4.024265,-4.8990784,0.0011188638,3.7879221,-93.2476,3.6179085e-06,0.0008215662,0.0008862978,0.00052993314,1.5570986e-05,-2.3134502e-05,-0.00030246368
0.0,160.0,413.0,42.545174,-3.1532464,-4.2453685,0.0011041503,1.7447214,-88.69677,4.8648412e-06,0.0008309166,0.0008656077,0.0005116628,2.4386994e-05,1.5475434e-06,-0.00028090872
0.0,160.0,438.0,42.517025,-2.5341957,-3.7286668,0.0010977852,1.0164063,-83.94463,6.3592483e-06,0.0008434701,0.00085647893,0.0004953794,3.0509016e-05,2.150246e-05,-0.00026971233
0.0,160.0,488.0,42.386467,-1.7116351,-2.939923,0.0010928293,0.5462614,-74.63066,9.671674e-06,0.00086318445,0.00084955076,0.00047306766,3.6518108e-05,5.7179976e-05,-0.00024726384
0.0,160.0,538.0,42.231216,-1.1972147,-2.3813653,0.0010907082,0.35934162,-66.38577,1.36979925e-05,0.0008779446,0.0008544593,0.0004299305,3.5715537e-05,8.1371276e-05,-0.00023529102
0.0,170.0,243.0,1.230047e-16,4.775793e-16,1.4086081e-16,0.7168872,55337.746,-150.09735,2.342241e-07,0.4771898,0.4779248,0.47798923,-0.001538874,-0.0006569789,-0.0003020575
0.0,170.0,248.0,7.0217123,4.862167,-2.1340551,31.612783,6039.4004,-156.05647,0.0054604476,17.45986,21.09214,25.369858,0.21238142,-6.3307757,-1.0254989
0.0,170.0,253.0,13.246601,5.068459,-4.2674026,51.746864,5460.462,-167.44377,0.00885858,24.661451,34.714024,43.3031,0.9749521,-12.537882,-2.117133
0.0,170.0,258.0,21.757109,5.1148276,-7.2045197,54.317657,5761.194,-181.94458,0.008009961,26.418907,36.812416,45.492638,2.9778912,-12.948707,-3.8301444
0.0,170.0,278.0,28.345377,-0.67701906,-5.8681755,12.025739,3241.0234,-313.9275,0.00369391,8.488804,10.068396,5.4666386,-1.1843456,0.46517417,0.15542942
0.0,170.0,288.0,25.418917,-9.094219,-3.9596908,16.304585,3392.631,-303.0018,0.004775668,11.893586,11.164498,9.54586,-0.29453984,1.1382645,-1.5320998
0.0,170.0,298.0,25.40313,-13.120208,-3.4285629,15.248119,3719.9392,-234.12614,0.0041069533,8.8205185,10.603814,10.998613,-0.82089156,-2.9284632,-1.7284106
0.0,170.0,308.0,35.787247,-15.196248,-5.488459,9.727442,3640.9136,-160.60898,0.0026277218,5.457842,6.460172,7.5454693,-0.5568468,-2.8524108,-1.6613175
0.0,170.0,318.0,41.551617,-12.389156,-6.379285,0.7951543,983.5184,-121.610344,0.0007631946,0.51369685,0.55408466,0.52206355,-0.07821576,-0.1404757,-0.49559453
0.0,170.0,328.0,41.905197,-9.726109,-6.143577,0.08790614,268.97787,-108.16336,0.0003001053,0.061969053,0.073450126,0.040286474,-0.016021395,-0.014680197,-0.122684695
0.0,170.0,338.0,42.09381,-8.016602,-5.798202,0.01136887,99.34947,-102.212135,0.00010976468,0.009285293,0.013311014,0.00013497891,-0.0028198417,-0.004210873,-0.030413218
0.0,170.0,348.0,42.24206,-6.84605,-5.49353,0.0023103184,31.688978,-98.87889,2.7337734e-05,0.0020219998,0.0026164586,7.2437106e-05,-0.00040744554,-0.00071876694,-0.0054420745
0.0,170.0,368.0,42.421844,-5.247581,-4.9495792,0.0011494212,7.97609,-94.72438,4.290592e-06,0.000850847,0.0009033264,0.0005474596,-1.5066166e-05,-5.4318723e-05,-0.00055157195
0.0,170.0,388.0,42.500473,-4.180364,-4.471196,0.0011161261,3.413275,-91.26339,3.635572e-06,0.0008156536,0.00083635305,0.0005811165,4.5934557e-06,-1.8346916e-05,-0.00032091985
0.0,170.0,413.0,42.52125,-3.2663982,-3.9531467,0.0011028666,1.6071042,-86.93226,4.9859855e-06,0.0008285136,0.00083404407,0.00054541155,1.7998571e-05,2.616257e-06,-0.00029928083
0.0,170.0,438.0,42.493977,-2.619884,-3.5142562,0.0010971283,0.9534042,-82.46032,6.5245613e-06,0.00084211776,0.0008321373,0.0005206073,2.637959e-05,2.1440741e-05,-0.00028558008
0.0,170.0,488.0,42.36714,-1.7738962,-2.829651,0.0010925687,0.52045625,-73.596214,9.9085e-06,0.00086247217,0.0008343983,0.0004898076,3.362246e-05,5.5133172e-05,-0.00025841186
0.0,170.0,538.0,42.217598,-1.2362541,-2.2894707,0.0010906025,0.35131857,-65.630325,1.3940351e-05,0.0008775533,0.00085399486,0.0004493245,3.560891e-05,8.080593e-05,-0.00025396247
0.0,175.0,268.0,30.709278,3.3283489,-5.9149523,30.29668,4528.902,-231.74718,0.0063757123,18.574017,24.033886,18.012415,5.669028,-4.4842663,-3.3720272
0.0,175.0,273.0,31.74077,1.3466798,-4.38247,21.637173,3994.5518,-263.31174,0.0053114267,14.928087,18.173536,10.266996,3.2372358,-1.0098587,-1.1238867
0.0,175.0,278.0,30.502893,-2.1275644,-2.2294044,20.797579,3874.9407,-289.93542,0.005273312,15.528461,16.350407,9.810135,2.79486,0.9213124,0.23342162
0.0,175.0,283.0,28.086807,-5.7826014,-0.7114581,22.76397,3917.4604,-298.60797,0.0057515493,17.693184,15.584398,12.381222,3.1364114,2.3698285,-0.37024826
0.0,180.0,243.0,5.582096e-18,1.0768553e-15,8.3335914e-16,0.13842344,53961.363,-146.73004,9.504532e-08,0.09228527,0.092282295,0.092225984,-0.00034932443,-0.00029110245,-7.6859484e-05
0.0,180.0,248.0,5.799478,4.1687393,-0.8273911,18.334517,6098.1133,-151.48953,0.0031857186,10.723696,13.112901,13.378946,0.7845615,-3.9798687,-0.7233922
0.0,180.0,253.0,10.604858,4.1094666,-1.3505257,32.675262,4729.453,-161.79367,0.006907626,17.484549,24.246,22.94772,2.9276037,-7.333364,-1.7350864
0.0,180.0,258.0,15.656159,3.7155926,-1.871346,42.590214,4887.49,-175.10864,0.008352541,23.283968,32.105263,29.8265,6.6882544,-9.258613,-3.589052
0.0,180.0,268.0,24.80333,1.7895156,-1.6099836,41.68048,4936.7153,-219.73196,0.007416659,26.01592,32.328957,24.972944,11.049039,-5.4547267,-3.8912473
0.0,180.0,268.0,24.80333,1.7895156,-1.6099836,41.68048,4936.7153,-219.73196,0.007416659,26.01592,32.328957,24.972944,11.049039,-5.4547267,-3.8912473
0.0,180.0,268.0,24.80333,1.7895156,-1.6099836,41.68048,4936.7153,-219.73196,0.007416659,26.01592,32.328957,24.972944,11.049039,-5.4547267,-3.8912473
0.0,180.0,273.0,26.469881,-0.20134875,-0.28036135,37.38052,4704.281,-244.61736,0.0075833355,25.594473,29.235914,20.010632,11.335377,-2.245386,-2.7254548
0.0,180.0,273.0,26.469881,-0.20134875,-0.28036135,37.38052,4704.281,-244.61736,0.0075833355,25.594473,29.235914,20.010632,11.335377,-2.245386,-2.7254548
0.0,180.0,278.0,25.898598,-3.0245454,1.5138781,33.947792,4517.717,-265.58847,0.007487923,25.036283,25.222118,17.619453,9.6533575,0.31300274,-1.2416269
0.0,180.0,278.0,25.898598,-3.0245454,1.5138781,33.947792,4517.717,-265.58847,0.007487923,25.036283,25.222118,17.619453,9.6533575,0.31300274,-1.2416269
0.0,180.0,283.0,24.45596,-5.9371057,2.9261467,29.404257,4364.9478,-273.98804,0.006733044,21.588615,20.755978,16.610521,5.2410984,0.53850317,-0.77168274
0.0,180.0,288.0,24.254421,-8.845523,3.6705952,23.826784,4353.917,-266.52936,0.005500359,15.756533,16.656221,15.225657,-0.10454795,-1.7688767,-0.23871203
0.0,180.0,298.0,31.839396,-13.44527,2.3529782,15.446593,4355.5137,-215.61653,0.0035271992,8.311376,10.176661,12.3944,-3.3110304,-3.3364966,-0.18068424
0.0,180.0,308.0,39.84518,-14.1178465,-1.2838178,3.8494987,2612.427,-157.4578,0.0013540643,2.207259,2.0086432,3.486579,-0.68143195,-0.6428756,-0.5468595
0.0,180.0,318.0,42.146297,-11.755821,-3.5012004,0.3422342,548.29956,-123.91543,0.00057198125,0.23054492,0.089904845,0.36440825,-0.06499717,-0.024521824,-0.28035578
0.0,180.0,328.0,42.19259,-9.565071,-4.220835,0.0071545,79.56836,-109.4265,6.297726e-05,0.0057094423,-0.0013367012,0.0099907,-0.0038217495,-0.00091307046,-0.022129873
0.0,180.0,338.0,42.24194,-8.060418,-4.4494653,0.002646972,45.09945,-102.25154,3.6392554e-05,0.002348946,0.00058051967,0.002410395,-0.0012714582,-0.0006993733,-0.009438856
0.0,180.0,348.0,42.332104,-6.917166,-4.4645805,0.0021139,30.246601,-98.17336,2.6357395e-05,0.0018818274,0.0011415104,0.0012791246,-0.00050901494,-0.0003999119,-0.005023679
0.0,180.0,368.0,42.44853,-5.343867,-4.297044,0.001146028,7.4778547,-93.356514,4.1118956e-06,0.00084278104,0.00078240375,0.0006653366,-2.6521047e-05,-3.727306e-05,-0.0005281182
0.0,180.0,388.0,42.502995,-4.273266,-4.0218506,0.0011135485,3.1324935,-89.73414,3.7133843e-06,0.00081258075,0.00077960535,0.0006329936,-1.6073749e-06,-1.234444e-05,-0.00033435915
0.0,180.0,413.0,42.50771,-3.3471053,-3.648628,0.0011014704,1.4677039,-85.436485,5.091837e-06,0.00082445476,0.00079073303,0.0005844635,1.3842663e-05,6.3258194e-06,-0.00031535325
0.0,180.0,438.0,42.47478,-2.6860342,-3.294201,0.0010964174,0.88802093,-81.07158,6.6702833e-06,0.0008384788,0.0008008668,0.00055028254,2.5163796e-05,2.3097135e-05,-0.00029894567
0.0,180.0,488.0,42.352097,-1.8177433,-2.6781273,0.0010923239,0.50387675,-72.60015,1.0029196e-05,0.000859588,0.0008037431,0.0005165698,3.358303e-05,5.4869022e-05,-0.00027677574
0.0,180.0,538.0,42.206104,-1.2909545,-2.198081,0.0010905198,0.34468284,-65.01044,1.4330301e-05,0.000877518,0.0008396738,0.00045902553,3.7898655e-05,8.047692e-05,-0.00025282893
0.0,185.0,268.0,17.78133,0.2707789,2.417286,37.25962,4687.5503,-206.89857,0.007434645,23.504353,29.784595,21.222528,7.826003,-4.698118,-2.9298954
0.0,185.0,273.0,19.689007,-1.5816463,3.7861314,35.43675,4729.037,-227.51216,0.0073538194,23.157774,28.283401,19.482994,6.2763715,-3.5439377,-2.0274339
0.0,185.0,278.0,21.229633,-4.015435,5.140206,31.16303,4791.7246,-242.95013,0.006570341,20.210178,24.361927,17.682167,1.7078382,-3.2964861,-0.5521621
0.0,185.0,283.0,23.49869,-6.7509704,6.0816693,26.178747,4975.828,-249.16498,0.0053340113,16.05711,20.055325,16.35417,-3.0033562,-3.818005,0.44985357
0.0,190.0,243.0,-9.53508e-17,1.2275024e-16,3.1537535e-16,0.57423156,20336.428,-145.20886,9.3791664e-07,0.38447145,0.38273102,0.38218513,-0.0019602936,-0.0022741794,-0.0003470107
0.0,190.0,248.0,0.34876773,2.31669,0.70787597,8.269005,5932.9624,-148.74553,0.001400065,4.2589064,6.649803,5.590599,-0.12703606,-1.7899512,0.16858694
0.0,190.0,253.0,5.504956,1.2122164,1.473586,16.449417,5929.8413,-151.62172,0.0029356193,8.883796,13.738753,9.480337,-2.2063928,-3.8489058,-0.5359732
0.0,190.0,258.0,10.526829,0.54882026,2.659248,24.184095,6438.066,-162.5911,0.0041466164,13.916321,19.822216,14.063965,-5.1474457,-4.3041415,-1.378006
0.0,190.0,268.0,18.103151,-1.651821,5.3526683,30.064487,6293.7905,-194.0753,0.0050187106,18.367414,24.284777,17.423199,-7.394048,-4.5181737,-0.9797948
0.0,190.0,273.0,21.979721,-3.4199274,6.56162,28.83312,6300.3105,-209.75284,0.0047326735,17.50451,22.837528,17.284847,-7.7755947,-4.4241953,-0.027373912
0.0,190.0,278.0,26.443563,-5.637425,7.3240714,24.947073,6142.2583,-219.54031,0.0041337516,15.004525,19.006725,15.882905,-7.3956394,-4.0725093,0.86413103
0.0,190.0,283.0,31.186106,-7.9152365,7.4034753,19.491718,5605.285,-221.26115,0.0034436197,11.570455,13.951095,13.512128,-5.9441714,-3.1840887,1.2513847
0.0,190.0,288.0,35.52839,-9.8614,6.5952396,13.054309,4638.196,-213.72047,0.0026828744,7.6879506,8.479082,9.954382,-3.7010188,-1.9543768,1.0606759
0.0,190.0,298.0,41.024403,-11.869776,3.389999,3.1474543,2128.4197,-180.5484,0.0014103187,1.9092679,1.3369119,3.0819912,-0.78085953,-0.37113997,0.18254466
0.0,190.0,308.0,42.638523,-11.639584,0.28892225,0.5428148,678.6689,-146.18272,0.0007375397,0.3580218,-0.008928895,0.7373427,-0.11811969,-0.0025431227,-0.1362729
0.0,190.0,318.0,42.547974,-10.284636,-1.6876851,0.03897193,137.3805,-123.29785,0.00013658556,0.029399728,-0.017465316,0.06567435,-0.008754913,0.00470472,-0.038410414
0.0,190.0,328.0,42.443237,-8.876668,-2.734799,0.0020889882,45.589123,-110.06152,2.5061738e-05,0.0018657163,-0.0025954973,0.0051231403,-0.0011697351,0.00016812579,-0.0063419854
0.0,190.0,338.0,42.403267,-7.721219,-3.2831762,0.0013235265,29.594336,-102.43282,1.739454e-05,0.0012007616,-0.0006683758,0.0022020296,-0.00056906184,-2.419026e-05,-0.003667163
0.0,190.0,348.0,42.435696,-6.765215,-3.532131,0.0012705022,16.471954,-97.922874,8.410324e-06,0.0009998753,0.00045617862,0.0011237441,-0.00018264673,-6.549516e-05,-0.0014325619
0.0,190.0,368.0,42.47945,-5.3146033,-3.6740732,0.0011344545,6.3360753,-92.11969,3.6795595e-06,0.0008237173,0.0007069587,0.0007493018,-3.346378e-05,-1.4735462e-05,-0.00044256193
0.0,190.0,388.0,42.503654,-4.2905483,-3.5739503,0.0011107515,2.7594433,-88.09834,3.896812e-06,0.0008114764,0.0007359413,0.000680206,-8.625575e-06,-6.761915e-06,-0.0003386258
0.0,190.0,413.0,42.49655,-3.3875415,-3.3401897,0.0011004478,1.3587544,-83.8759,5.2774803e-06,0.00082563655,0.0007533711,0.0006244631,7.351777e-06,7.643093e-06,-0.00032572597
0.0,190.0,438.0,42.46103,-2.7325552,-3.0729637,0.0010958988,0.84289783,-79.752945,6.794726e-06,0.0008372031,0.0007777394,0.0005829169,2.1393664e-05,2.491226e-05,-0.00031004852
0.0,190.0,488.0,42.33627,-1.861291,-2.5571063,0.0010921183,0.48226696,-71.61874,1.0534424e-05,0.0008651294,0.0008102388,0.0005166718,3.522921e-05,5.609831e-05,-0.00027269128
0.0,190.0,538.0,42.19055,-1.3174363,-2.1141975,0.0010903971,0.33539486,-64.22233,1.478018e-05,0.00087785866,0.0008162729,0.00047099305,3.9977174e-05,8.2137594e-05,-0.00025652885
0.0,200.0,28.0,31.054956,0.30133718,-0.15310125,15.067903,2353.1748,-117.21996,0.0058171423,9.185511,9.180802,11.886513,0.18626444,-4.3754025,0.61809325
0.0,200.0,38.0,41.842327,-1.879485,-2.1001155,4.698755,1667.1017,-116.39583,0.0016280848,2.936291,2.8314595,3.63767,0.23411527,-1.2627184,-0.15837637
0.0,200.0,58.0,43.510586,-0.45245898,-1.7388307,3.645647,3174.1118,-110.01124,0.0011184127,2.299141,2.8035047,2.1675177,-0.87996024,0.16497807,-0.035806045
0.0,200.0,78.0,39.480415,-0.09045094,-0.3313939,6.388262,4350.6216,-116.781235,0.0014163586,4.094753,4.494675,4.1548038,-1.7372202,0.39759982,0.10156261
0.0,200.0,98.0,36.037098,-0.0060225227,-0.05702973,7.6995487,4000.8088,-120.87275,0.0019827767,4.872031,5.324342,5.1038036,-2.3023977,0.03927524,0.030936772
0.0,200.0,118.0,36.468906,-0.062490497,0.23453161,7.415648,3773.5579,-122.17811,0.0020239335,4.685122,5.170519,4.867354,-2.2280507,0.07463818,-0.002064554
0.0,200.0,138.0,35.09461,-0.04438219,0.54669064,7.923883,3597.3208,-123.838165,0.0023196298,4.9981146,5.540489,5.2199903,-2.3236861,0.12381665,0.011440515
0.0,200.0,158.0,34.354053,-0.06250942,0.8334746,8.11102,3507.4258,-126.27693,0.0024524338,5.1003027,5.6925654,5.333875,-2.3420048,0.0637715,0.013738939
0.0,200.0,178.0,34.087574,-0.08657291,1.1535081,8.125195,3496.224,-127.702576,0.0024994328,5.1363335,5.753622,5.3267474,-2.3080447,0.0052342946,0.013858502
0.0,200.0,198.0,34.24638,-0.114479356,1.5998316,8.229922,3423.77,-129.72795,0.0025537421,5.1664634,5.849823,5.3426695,-2.4151042,-0.029893901,0.02146666
0.0,200.0,218.0,34.68745,-0.16873085,2.3572705,8.267631,3363.6155,-130.5814,0.0025797687,5.199962,5.9734373,5.2478886,-2.5339568,-0.043529596,0.050644364
0.0,200.0,238.0,35.33276,-0.4961412,4.015106,8.29313,3320.2275,-135.24626,0.0024430053,5.4188137,6.1882668,4.922666,-2.5041788,-0.30491018,0.4641794
0.0,200.0,258.0,37.452335,-2.306129,5.727687,7.704813,3219.121,-152.81438,0.0021745758,5.0666776,5.5559397,4.769084,-2.5385892,-0.3726803,0.5333162
0.0,200.0,278.0,41.43733,-6.2788825,6.108801,3.6133547,1799.2373,-175.46082,0.0019617516,2.2780097,2.219818,2.737843,-1.0756297,-0.36111218,0.93107945
0.0,200.0,298.0,43.443657,-9.332512,2.7510018,0.15493272,393.65405,-153.10463,0.00031985212,0.11310419,-0.03704782,0.2348165,-0.017256772,0.018878127,0.03583296
0.0,200.0,318.0,42.75803,-8.77623,-0.6922361,0.0015831923,38.670258,-119.79489,1.3960503e-05,0.0014143758,-0.0027919908,0.0045267604,-0.00051150896,0.0004980477,-0.0019902957
0.0,200.0,338.0,42.5504,-7.164157,-2.3672934,0.0012535072,20.181929,-102.18493,9.753099e-06,0.001021221,-0.00035957986,0.0018439784,-0.00024930786,9.189506e-05,-0.0015016564
0.0,200.0,358.0,42.528595,-5.75425,-2.9905493,0.0011411535,7.3630133,-93.9613,3.6705144e-06,0.0008273908,0.00056190125,0.0008962565,-4.406902e-05,-7.6341564e-07,-0.0004621406
0.0,200.0,378.0,42.52165,-4.685359,-3.1502895,0.0011141925,3.2568398,-89.14274,3.645462e-06,0.0008070339,0.00065918954,0.000757808,-1.1486212e-05,1.5487684e-06,-0.00034018548
0.0,200.0,398.0,42.511124,-3.8729267,-3.1191885,0.0011033502,1.7221226,-85.322395,4.704265e-06,0.0008151057,0.00069021404,0.0006937864,1.8081313e-06,9.40877e-06,-0.0003378818
0.0,200.0,418.0,42.4811,-3.238609,-2.9969454,0.0010982305,1.0962576,-81.776665,5.903318e-06,0.0008269997,0.0007221537,0.00064756785,1.278866e-05,1.8397366e-05,-0.00032638613
0.0,200.0,438.0,42.446003,-2.7458973,-2.840124,0.0010952884,0.78081226,-78.49246,7.144119e-06,0.0008389553,0.0007360826,0.00061176077,2.1018339e-05,2.7821945e-05,-0.0003182434
0.0,200.0,488.0,42.318516,-1.8812056,-2.418553,0.001091935,0.47558042,-70.59955,1.05371755e-05,0.0008593986,0.000752195,0.00057174964,3.4982313e-05,5.5788456e-05,-0.000296543
0.0,200.0,538.0,42.175606,-1.3409371,-2.0398695,0.0010902906,0.3272072,-63.48442,1.5210688e-05,0.00087716605,0.0007887012,0.00049056596,4.2386928e-05,8.363396e-05,-0.00026849535
0.0,220.0,28.0,35.4371,1.4580282,-1.4503808,12.150608,1814.3785,-112.48015,0.004877229,7.8247433,7.8084087,8.728803,-2.2082012,-3.1966205,0.95923615
0.0,220.0,38.0,42.8805,-0.5299431,-1.7195942,4.2917175,998.84906,-111.80046,0.002588591,2.683066,2.8999805,2.9920692,-0.30386907,-1.1936069,0.7295783
0.0,220.0,58.0,45.04595,-1.7669458,-1.7858919,0.685851,374.15454,-112.366844,0.0018271685,0.4137699,0.60092497,0.35779312,0.015710443,0.0013216315,-0.052429035
0.0,220.0,78.0,44.50153,-1.1186182,-1.0575819,0.32582295,310.74847,-113.525734,0.0010424585,0.2055261,0.3114791,0.13468578,0.0067705824,0.03413545,-0.028230391
0.0,220.0,98.0,43.92356,-0.7375103,-0.3065132,0.08558171,263.20288,-115.329765,0.00032530256,0.052702922,0.08171954,0.03679053,0.0029888356,0.005941043,-0.00059114996
0.0,220.0,118.0,43.73342,-0.6277415,0.16415642,0.026647849,217.34679,-117.139565,0.00012263111,0.016011452,0.024188306,0.013139589,0.0020121098,0.00028724218,0.00033787734
0.0,220.0,138.0,43.712074,-0.60005593,0.5159281,0.02958388,234.98474,-118.95764,0.00011980313,0.017779043,0.025683634,0.015721047,0.001928954,-0.00012466712,0.0006939596
0.0,220.0,158.0,43.707527,-0.6488234,0.83826053,0.07768802,313.4551,-120.78578,0.00021676975,0.048158858,0.0624003,0.044773605,-0.0019848943,-0.00011389611,0.0014557674
0.0,220.0,178.0,43.693314,-0.725988,1.1810505,0.14820787,400.06534,-122.45305,0.00031964292,0.09378664,0.11551472,0.08694015,-0.011934915,-0.0003549205,0.0033551657
0.0,220.0,198.0,43.716927,-0.8942427,1.5986587,0.123112224,357.38553,-123.83276,0.00029245403,0.07832794,0.09964263,0.06812371,-0.007829665,-0.00067152176,0.0057313098
0.0,220.0,218.0,43.751053,-1.2123256,2.1561959,0.059910305,248.15805,-125.430786,0.0002047861,0.03854981,0.054521408,0.026718793,0.00020049918,-0.00027770502,0.008633253
0.0,220.0,238.0,43.763638,-1.872671,2.8710482,0.02562355,157.25186,-128.46628,0.00010224651,0.017414792,0.024187038,0.009716883,0.002142139,-0.00024467768,0.009834002
0.0,220.0,258.0,43.749695,-3.1725118,3.4361296,0.0066603636,82.36848,-133.77048,2.313726e-05,0.0047917035,0.0047266674,0.0038010746,0.0008550493,0.00011003637,0.0037908643
0.0,220.0,278.0,43.606792,-4.9743547,3.1820326,0.0018132736,42.81304,-135.17699,9.039767e-06,0.0014174893,0.0002072429,0.002000985,0.0003169363,0.00021182116,0.0015996757
0.0,220.0,298.0,43.276176,-6.3121467,1.7819804,0.0013462246,27.122368,-125.68333,6.906564e-06,0.0010750334,-0.00048576505,0.0021031592,8.288924e-05,0.00025626025,0.00054560264
0.0,220.0,318.0,42.939877,-6.517465,0.042688116,0.0012144403,14.988086,-111.10349,4.4989115e-06,0.00090866134,-8.166535e-08,0.0015203755,-3.3423632e-05,0.0001234979,-0.00013977653
0.0,220.0,338.0,42.72865,-5.9219284,-1.2448914,0.0011531219,8.041035,-99.49574,3.3162148e-06,0.0008314768,0.00037447462,0.0011002547,-3.3310444e-05,5.3433938e-05,-0.00024663017
0.0,220.0,358.0,42.61812,-5.1341243,-1.9813367,0.0011192074,3.78742,-91.92075,3.4358848e-06,0.0008057748,0.00050921296,0.0009307342,-1.9779402e-05,2.3978186e-05,-0.00028177316
0.0,220.0,378.0,42.551613,-4.3642607,-2.3290408,0.00110626,2.0807793,-86.73538,4.354224e-06,0.00080965477,0.00056760263,0.0008351394,-9.691368e-06,2.1105609e-05,-0.00030952212
0.0,220.0,398.0,42.506126,-3.7105694,-2.4623098,0.0010998573,1.285078,-82.72745,5.4456095e-06,0.00081952824,0.0006139731,0.00076611224,2.7333583e-06,2.290638e-05,-0.00032358614
0.0,220.0,418.0,42.458828,-3.168372,-2.472953,0.0010964184,0.89725274,-79.26299,6.6440325e-06,0.00083049596,0.00065044756,0.000711914,1.3668539e-05,2.8416067e-05,-0.0003261831
0.0,220.0,438.0,42.41383,-2.7214425,-2.417226,0.0010941775,0.6714088,-76.05991,7.951807e-06,0.0008410383,0.00068043754,0.00066690904,2.3182509e-05,3.606847e-05,-0.0003224176
0.0,220.0,488.0,42.282757,-1.9092652,-2.1638305,0.0010915556,0.44175136,-68.65897,1.1634084e-05,0.0008630115,0.0007333893,0.0005878913,3.7109727e-05,5.9492984e-05,-0.00029756431
0.0,220.0,538.0,42.148945,-1.3638811,-1.8479725,0.0010900755,0.31093767,-62.042557,1.5983527e-05,0.00087695237,0.00074254593,0.0005406944,4.6053337e-05,8.383541e-05,-0.0003171539
0.0,250.0,28.0,39.54434,0.7207352,-0.92598265,6.356289,896.1745,-110.09383,0.00700263,3.9849782,4.3869963,4.3348045,1.3278592,-0.93635225,0.8127403
0.0,250.0,38.0,41.010777,-1.2408127,-0.9796515,5.8520803,826.4249,-109.504265,0.0067443126,3.7111914,4.0388775,3.9471557,1.174659,-1.172061,0.5184046
0.0,250.0,58.0,44.424953,-2.848902,-0.87615657,1.6986331,546.9596,-107.083565,0.0030442674,1.1020768,1.2287526,1.0577661,0.20611979,-0.3223973,-0.13524595
0.0,250.0,78.0,44.546204,-2.1790924,-0.5333147,0.2970992,202.23679,-106.49581,0.0014015373,0.1861132,0.25262195,0.14909725,0.03186741,0.045976426,-0.06490163
0.0,250.0,98.0,43.877224,-1.6295205,-0.18863963,0.118226774,152.4936,-107.28159,0.0007737058,0.07358813,0.107640736,0.052675333,0.013267928,0.020741422,-0.019376306
0.0,250.0,118.0,43.502785,-1.3176711,0.13303083,0.041554537,112.18867,-108.361824,0.0003692854,0.02550894,0.04044214,0.01645932,0.0062991297,0.0033099859,-0.0030254454
0.0,250.0,138.0,43.39399,-1.2140613,0.4255833,0.016694725,80.80325,-109.52723,0.00020642173,0.010060522,0.017608996,0.005411774,0.0035689522,0.00033247587,0.00041834143
0.0,250.0,158.0,43.365456,-1.2274011,0.6931722,0.007875489,58.048183,-110.59338,0.0001355884,0.0046775313,0.009131771,0.0016648264,0.0023196249,-7.8408075e-06,0.0011315232
0.0,250.0,178.0,43.360447,-1.328528,0.96064425,0.004752312,45.096447,-111.55263,0.000103667735,0.0028795504,0.0060232254,0.00034819497,0.0017738177,-5.432959e-05,0.0015996682
0.0,250.0,198.0,43.371063,-1.530793,1.2382246,0.002866708,30.646946,-112.35504,4.536626e-05,0.0018827406,0.003129554,0.00063980743,0.00079678756,-3.514221e-05,0.0011711895
0.0,250.0,218.0,43.38318,-1.865142,1.5122088,0.0018992464,21.048698,-113.04916,1.8978548e-05,0.0013101829,0.0016971328,0.0007738068,0.00034648788,6.6169264e-06,0.0007660958
0.0,250.0,238.0,43.375477,-2.366275,1.7281859,0.0015709853,16.854671,-113.468,1.05298e-05,0.0011086807,0.001139442,0.00089115405,0.00020022964,3.1323332e-05,0.00062198774
0.0,250.0,258.0,43.336266,-3.0424325,1.7748392,0.0013610827,11.784561,-113.278625,5.875127e-06,0.0009666332,0.00079385715,0.0009665806,0.000118762524,4.279638e-05,0.00042685049
0.0,250.0,278.0,43.240112,-3.775743,1.5033755,0.0012309549,7.799157,-110.99694,4.3021682e-06,0.0008800523,0.0005815705,0.0010137068,7.678403e-05,5.52212e-05,0.00028698915
0.0,250.0,298.0,43.089394,-4.3309417,0.9017097,0.0011667296,5.0257263,-106.04319,3.906513e-06,0.00084016286,0.00045157486,0.0010548553,4.8442504e-05,6.5296015e-05,0.00015450305
0.0,250.0,318.0,42.914963,-4.5596375,0.13955846,0.0011293802,3.2263896,-99.44436,3.93317e-06,0.000817457,0.00039286024,0.001059856,2.483603e-05,6.429271e-05,1.3144382e-05
0.0,250.0,338.0,42.761013,-4.4451733,-0.5737157,0.0011120036,2.2663014,-92.93578,4.4847357e-06,0.0008127419,0.00039510848,0.0010189452,1.1371212e-05,6.234831e-05,-9.944778e-05
0.0,250.0,358.0,42.646122,-4.1316724,-1.126239,0.0011035507,1.5482044,-87.32432,5.0648296e-06,0.00081332185,0.0004176903,0.0009816553,5.324017e-06,5.0270584e-05,-0.00018739537
0.0,250.0,378.0,42.556892,-3.7212067,-1.4960799,0.001098857,1.1115019,-82.77028,5.969241e-06,0.00081928243,0.00047395477,0.000904488,8.459303e-06,4.3911234e-05,-0.00024995406
0.0,250.0,398.0,42.488598,-3.305815,-1.7152865,0.0010959448,0.8330867,-78.96468,7.012847e-06,0.0008279439,0.0005220908,0.00084184384,1.4647983e-05,4.3549506e-05,-0.00028452455
0.0,250.0,418.0,42.426136,-2.9173975,-1.8259364,0.0010940689,0.65369594,-75.63874,8.189031e-06,0.0008370786,0.00056520826,0.00078585034,2.224788e-05,4.442494e-05,-0.00030314454
0.0,250.0,438.0,42.373333,-2.5678458,-1.8631523,0.0010926995,0.5317173,-72.61529,9.487468e-06,0.000846053,0.0006014833,0.000737829,2.9291621e-05,4.9359132e-05,-0.00031077358
0.0,250.0,488.0,42.237656,-1.8749095,-1.7919611,0.0010909387,0.39405143,-65.83512,1.2738525e-05,0.0008602765,0.0006403371,0.00068239553,4.0802486e-05,6.540671e-05,-0.00030601936
0.0,250.0,538.0,42.107586,-1.3811516,-1.613077,0.0010897651,0.2879269,-59.889107,1.7856953e-05,0.0008798011,0.0007156152,0.00056582986,5.115665e-05,8.6949905e-05,-0.0002880366
