x_mm,y_mm,z_mm,U,V,W,k,omega,p,nut,R_xx,R_yy,R_zz,R_xy,R_xz,R_yz
200.0,-400.0,28.0,33.737793,0.6439001,0.5214242,6.2655125,806.4208,-34.211143,0.0077492413,4.323471,4.253287,3.9468038,0.056795705,-1.8932064,-0.17959234
200.0,-400.0,38.0,36.03161,0.87870246,0.6444903,5.9924703,708.672,-34.225338,0.008036573,4.152328,3.985218,3.8447282,0.10312414,-1.8122296,-0.27992037
200.0,-400.0,58.0,40.510006,1.4883758,0.7369091,3.4712722,582.1402,-34.307804,0.005406241,2.429228,2.216497,2.2993612,0.109851114,-1.1160262,-0.18792963
200.0,-400.0,78.0,43.10722,1.8607818,0.69462293,0.4578041,247.21675,-34.460026,0.0017438653,0.3279706,0.26516917,0.32379934,-0.0065643266,-0.05026682,-0.025171723
200.0,-400.0,98.0,42.536446,1.945906,0.5694523,0.122191526,104.557076,-34.599373,0.0011661923,0.09284362,0.057516593,0.096263796,-0.001632114,0.052204754,-0.0057351887
200.0,-400.0,118.0,41.849518,1.981008,0.46526337,0.045042366,50.644222,-34.657837,0.00081227045,0.03898299,0.013913363,0.03777114,-0.0017101265,0.018650929,-0.00196086
200.0,-400.0,138.0,41.587868,2.0301692,0.38191184,0.016325403,24.652752,-34.60908,0.000459632,0.016168496,0.0023206174,0.0144591415,-0.00067523815,0.0029744382,-0.0010327421
200.0,-400.0,158.0,41.51674,2.0533557,0.30364445,0.0061445115,11.841901,-34.47439,0.00016349323,0.0059862686,0.0013034965,0.0051983353,-0.00026406982,0.00032198656,-0.00053208426
200.0,-400.0,178.0,41.504826,2.06751,0.23706014,0.002925437,5.753028,-34.232506,6.384994e-05,0.0026810113,0.00081079477,0.0023846019,-8.355053e-05,6.105874e-07,-0.00019788976
200.0,-400.0,198.0,41.51982,2.0787156,0.16044128,0.001679208,2.374918,-33.884014,2.9992794e-05,0.001457415,0.00057042576,0.0013697156,-3.4688568e-05,-9.438358e-06,-8.342633e-05
200.0,-400.0,218.0,41.528656,2.102623,0.08506971,0.001330569,1.1353965,-33.439938,2.564018e-05,0.0011700001,0.0004374564,0.0010754176,-2.6651323e-05,1.2320795e-05,-1.2362663e-05
200.0,-400.0,238.0,41.525295,2.1121662,0.001534793,0.0011879189,0.6752602,-32.90092,2.104346e-05,0.0010180654,0.0003869601,0.0009880612,-1.3979788e-05,2.2603655e-05,2.338468e-05
200.0,-400.0,258.0,41.514153,2.126213,-0.089586295,0.0011262784,0.49380326,-32.317924,2.1025286e-05,0.0009703836,0.00038481032,0.00092735596,-5.925131e-06,3.2687454e-05,9.041386e-06
200.0,-400.0,278.0,41.495953,2.109629,-0.16845186,0.0011064477,0.4144726,-31.684961,1.985658e-05,0.0009378486,0.00034908805,0.0009264123,1.0309384e-06,3.461176e-05,1.7491113e-05
200.0,-400.0,298.0,41.47267,2.0668235,-0.27629456,0.0010960865,0.3750525,-31.000633,1.9989662e-05,0.00092278735,0.00035855477,0.0009232168,-4.0378953e-07,3.6227484e-05,-1.1364968e-05
200.0,-400.0,318.0,41.452896,2.0255392,-0.35716859,0.0010930045,0.3396825,-30.372482,2.0914731e-05,0.0009252973,0.00038928405,0.0008956862,5.381089e-06,3.3955428e-05,0.00010769927
200.0,-400.0,338.0,41.433113,1.9759419,-0.45026994,0.0010918282,0.33856946,-29.738094,1.8317234e-05,0.00089260266,0.0003929185,0.00090659055,1.337346e-05,3.0174077e-05,0.00015414698
200.0,-400.0,358.0,41.415977,1.9508103,-0.53811127,0.0010911066,0.31079236,-29.192257,2.1637243e-05,0.00091394974,0.00044653832,0.0008401104,1.7317761e-05,2.8573451e-05,0.00018108547
200.0,-400.0,378.0,41.401512,1.8620679,-0.59729785,0.0010908389,0.30987057,-28.673811,2.032809e-05,0.0008950261,0.00040501048,0.0008976454,1.9012818e-05,2.3985858e-05,0.00015615288
200.0,-400.0,398.0,41.38663,1.7709725,-0.67812955,0.0010905995,0.2907411,-28.229248,2.4336523e-05,0.00091903855,0.0003734764,0.00090108626,2.1535525e-05,2.4964938e-05,9.276007e-05
200.0,-400.0,418.0,41.376343,1.668903,-0.71164113,0.0010903362,0.27731952,-27.827486,2.3837898e-05,0.000906866,0.00046768514,0.0008239962,1.6047967e-05,1.7534057e-05,0.00021663355
200.0,-400.0,438.0,41.36547,1.5721198,-0.7656701,0.0010902459,0.2769659,-27.472313,2.2358865e-05,0.0008878401,0.00046860272,0.0008326067,1.9804214e-05,1.7942726e-05,0.00024292912
200.0,-400.0,488.0,41.34476,1.335881,-0.8493677,0.0010899281,0.26059422,-26.825624,2.3890594e-05,0.0008795802,0.00046375045,0.0008428417,1.723316e-05,1.2439384e-05,0.00023658853
200.0,-400.0,538.0,41.331284,1.1457562,-0.86707985,0.0010894653,0.22014901,-26.431395,3.3161334e-05,0.0009161034,0.00054253393,0.0007210021,1.8795994e-05,8.609812e-06,0.00027079834
200.0,-350.0,28.0,35.629772,0.18818176,0.5265617,4.6112843,696.66095,-36.929607,0.006641941,3.1940236,3.2341933,2.7925413,-0.08129599,-1.1980677,-0.32866564
200.0,-350.0,38.0,37.228703,0.84332484,0.7098194,4.4020505,612.61993,-37.025017,0.007188039,3.0563805,3.014504,2.7331288,-0.20205148,-1.0937734,-0.46629277
200.0,-350.0,58.0,40.43841,2.0476599,0.8400417,3.3461668,562.54346,-37.246563,0.0059200986,2.3756118,2.101591,2.2152486,-0.08368781,-1.0463983,-0.26775312
200.0,-350.0,78.0,43.13436,2.5733528,0.7888003,0.47693282,264.53516,-37.462543,0.0016760554,0.34586936,0.2674716,0.34056094,-0.0038886701,-0.063429795,-0.010432997
200.0,-350.0,98.0,42.5961,2.5763953,0.631161,0.13226935,110.76943,-37.723976,0.0011903761,0.10343959,0.055786993,0.105335355,-0.0024913487,0.04853166,0.0018106449
200.0,-350.0,118.0,41.93257,2.5567663,0.5120877,0.052433547,58.695442,-37.86763,0.0008832935,0.047740165,0.013403421,0.04369738,-0.0023795795,0.020248843,0.00074399705
200.0,-350.0,138.0,41.651535,2.549184,0.4288298,0.018036302,29.553152,-37.869778,0.0005259311,0.020088773,0.00013517402,0.015840858,-0.0014869374,0.003772428,-0.0002460329
200.0,-350.0,158.0,41.57069,2.5575745,0.36080453,0.0071060667,15.339904,-37.7,0.00020615842,0.007925637,0.00019634329,0.006098276,-0.00055423944,0.00050193194,-0.0004106717
200.0,-350.0,178.0,41.545555,2.5839512,0.29339823,0.003398572,8.223507,-37.35186,8.064199e-05,0.0034989412,0.00046834268,0.0028308483,-0.00019233502,6.733847e-05,-0.00022825821
200.0,-350.0,198.0,41.552387,2.6125062,0.21813272,0.0018352641,3.5848792,-36.812748,2.9605862e-05,0.0016668532,0.000537857,0.0014657757,-5.7931666e-05,1.003638e-05,-9.239708e-05
200.0,-350.0,218.0,41.55589,2.6430507,0.12846966,0.0013840975,1.7589322,-36.08366,2.0004229e-05,0.0012140109,0.00043657998,0.0011177151,-3.0447252e-05,2.415336e-05,-5.6991517e-05
200.0,-350.0,238.0,41.5453,2.6665545,0.02333843,0.0012198414,1.066177,-35.18227,1.7017288e-05,0.0010524889,0.0003816964,0.0010052552,-1.6624708e-05,3.5591827e-05,-3.2324177e-05
200.0,-350.0,258.0,41.524815,2.677089,-0.09681938,0.0011400061,0.7813967,-34.17629,1.5484005e-05,0.00096744444,0.00035692702,0.00096302154,-6.485135e-06,3.86875e-05,3.7116486e-06
200.0,-350.0,278.0,41.496735,2.6643016,-0.22996919,0.0011135178,0.6249733,-33.0468,1.4869926e-05,0.00093425,0.0003484758,0.00094446185,4.731399e-06,4.210423e-05,3.2155483e-05
200.0,-350.0,298.0,41.464054,2.6321049,-0.36726722,0.0011001556,0.53159547,-31.927504,1.4713649e-05,0.0009141654,0.00035040386,0.00093568215,1.2795367e-05,4.179164e-05,6.585074e-05
200.0,-350.0,318.0,41.435497,2.5766234,-0.5033355,0.0010952448,0.48029056,-30.854792,1.4831008e-05,0.0009027662,0.0003603295,0.00092746504,2.031607e-05,3.4994307e-05,0.00010467546
200.0,-350.0,338.0,41.40823,2.4975255,-0.63192946,0.0010936676,0.44949004,-29.877401,1.5148682e-05,0.00089615164,0.00037501243,0.00091614074,2.5299567e-05,3.457379e-05,0.00013788306
200.0,-350.0,358.0,41.38586,2.3942099,-0.748558,0.0010926614,0.42003933,-29.025038,1.5621257e-05,0.00089124497,0.00039506383,0.00089905004,2.865601e-05,2.5481928e-05,0.00017310731
200.0,-350.0,378.0,41.369366,2.2772782,-0.8492514,0.0010920939,0.39400297,-28.30929,1.6410431e-05,0.0008899615,0.00041485744,0.00087935897,3.0427887e-05,2.292138e-05,0.00019908322
200.0,-350.0,398.0,41.35211,2.1521633,-0.9324414,0.0010916736,0.36829594,-27.726395,1.7318602e-05,0.0008893866,0.00043748983,0.0008564773,3.1345287e-05,1.8075974e-05,0.0002231718
200.0,-350.0,418.0,41.343582,2.0197186,-0.99803853,0.0010912826,0.34342235,-27.263632,1.832697e-05,0.00088927714,0.00046164967,0.00083165156,3.061017e-05,1.0515971e-05,0.0002441766
200.0,-350.0,438.0,41.333607,1.88626,-1.0466851,0.0010909962,0.3244578,-26.90482,1.9589941e-05,0.0008914018,0.00048383526,0.00080672966,2.9606126e-05,1.28995425e-05,0.00025915608
200.0,-350.0,488.0,41.319126,1.5585113,-1.100515,0.0010904863,0.29722932,-26.333767,2.1892649e-05,0.0008872242,0.00053026935,0.0007632428,2.3859671e-05,5.357148e-06,0.0002840831
200.0,-350.0,538.0,41.313396,1.2739505,-1.1030341,0.0010898263,0.24450292,-26.06739,2.7011009e-05,0.0009003089,0.0005806439,0.0006840003,2.4660992e-05,-6.9381815e-07,0.00029534177
200.0,-300.0,28.0,34.1045,0.5158192,0.9696758,5.8271284,914.5077,-41.02832,0.0064346376,4.250227,3.6712484,3.7248418,0.14219078,-1.5837679,-0.5281281
200.0,-300.0,38.0,36.326054,1.2983338,1.0410733,6.2013345,787.9118,-41.06885,0.007607408,4.641026,3.67625,4.090896,0.15219024,-1.7000157,-0.6721366
200.0,-300.0,58.0,40.870197,2.8650105,0.9343524,3.4012315,584.9361,-41.543907,0.0050226315,2.456868,1.9631257,2.3853502,0.02866144,-1.0510018,-0.29667252
200.0,-300.0,78.0,43.244034,3.4289067,0.69768244,0.34984058,223.59718,-42.093334,0.0015016629,0.26111543,0.17301229,0.26587173,-0.004269104,-0.02049541,0.009253608
200.0,-300.0,98.0,42.59818,3.2938216,0.5254925,0.13715768,115.08015,-42.561005,0.001186579,0.1127937,0.05663009,0.1050722,-0.0010591282,0.04421911,0.013613034
200.0,-300.0,118.0,41.993706,3.1772447,0.45358458,0.056137905,68.51269,-42.841724,0.0008106278,0.054047324,0.017722,0.040597465,-0.0024504291,0.01625993,0.00537188
200.0,-300.0,138.0,41.74028,3.1251638,0.43203413,0.020189652,38.18486,-42.94865,0.00052454515,0.024838267,0.0015204791,0.014028538,-0.0022367525,0.0034751256,0.000675184
200.0,-300.0,158.0,41.6602,3.1275613,0.4216947,0.008418035,22.443996,-42.836292,0.0003390311,0.013037282,-0.0022892468,0.0060948413,-0.0015168625,0.00092243525,-0.0010903163
200.0,-300.0,178.0,41.62622,3.1778302,0.39798564,0.004144948,13.812434,-42.438213,0.00015931501,0.0062080026,-0.0012437664,0.0033249422,-0.0006801411,0.00030174808,-0.0010134641
200.0,-300.0,198.0,41.616314,3.251757,0.34670463,0.0021878795,7.06208,-41.69762,5.14365e-05,0.0025438538,1.685589e-05,0.0018152156,-0.00019217348,8.3686886e-05,-0.00041825537
200.0,-300.0,218.0,41.60589,3.3371782,0.25647742,0.0015116811,3.8311098,-40.557472,2.0308635e-05,0.0014218051,0.00036171457,0.0012399338,-6.0161703e-05,5.7725065e-05,-0.00017446205
200.0,-300.0,238.0,41.578068,3.4157124,0.11705709,0.0012986475,2.4279578,-38.990124,1.3015571e-05,0.001119705,0.00040230004,0.0010769116,-2.4320703e-05,5.5344182e-05,-9.162768e-05
200.0,-300.0,258.0,41.53506,3.4691882,-0.06603841,0.001179542,1.7033644,-37.10868,1.0794891e-05,0.0009847359,0.00036957007,0.0010047533,-4.695593e-06,5.3227825e-05,-3.394004e-05
200.0,-300.0,278.0,41.484882,3.474439,-0.28203103,0.0011297428,1.2512509,-35.032635,9.99248e-06,0.0009249017,0.000354891,0.0009796647,1.0783832e-05,5.0855408e-05,2.0248572e-05
200.0,-300.0,298.0,41.43205,3.4274092,-0.51259744,0.0011104723,1.0131564,-32.964607,9.805878e-06,0.00089691486,0.00035831478,0.0009656871,2.3041111e-05,4.7608384e-05,7.247778e-05
200.0,-300.0,318.0,41.38513,3.3281677,-0.73608166,0.0011007311,0.85053265,-31.070322,9.9355975e-06,0.000880449,0.0003731532,0.0009479148,3.2733387e-05,3.7436374e-05,0.00012428778
200.0,-300.0,338.0,41.346977,3.1860416,-0.9369803,0.0010976719,0.7538336,-29.459963,1.0367997e-05,0.0008734999,0.0003960288,0.0009258508,3.9025086e-05,3.188734e-05,0.00016790998
200.0,-300.0,358.0,41.318913,3.007486,-1.1082228,0.0010957152,0.6648969,-28.176577,1.0898313e-05,0.0008685546,0.0004256727,0.0008972077,4.1975058e-05,2.1760145e-05,0.00020840201
200.0,-300.0,378.0,41.301395,2.809269,-1.2426434,0.0010944786,0.5879771,-27.209145,1.1753769e-05,0.000868146,0.00045395707,0.00086684007,4.3372736e-05,1.4237956e-05,0.0002370103
200.0,-300.0,398.0,41.286747,2.6053886,-1.342343,0.0010935825,0.52352995,-26.514574,1.2693856e-05,0.00086878194,0.00048358113,0.0008348026,4.300582e-05,9.451259e-06,0.00026006481
200.0,-300.0,418.0,41.281807,2.400491,-1.4107779,0.0010928153,0.4647827,-26.041449,1.3744933e-05,0.00086988544,0.0005129587,0.00080278015,4.135929e-05,-2.0400849e-08,0.00027783433
200.0,-300.0,438.0,41.278736,2.2018778,-1.4516735,0.0010922423,0.42063218,-25.739452,1.5024921e-05,0.0008735856,0.0005397132,0.0007711849,3.9137267e-05,6.7277904e-07,0.00028977307
200.0,-300.0,488.0,41.27972,1.7475834,-1.4606119,0.0010912685,0.3556082,-25.444492,1.7807553e-05,0.00087548094,0.00058239035,0.0007248018,3.1382333e-05,-5.9748872e-06,0.00030271
200.0,-300.0,538.0,41.286964,1.3800902,-1.4007353,0.0010902815,0.27568138,-25.461178,2.2925115e-05,0.0008920792,0.0006416898,0.0006250753,2.9295277e-05,-1.165252e-05,0.00030820508
200.0,-280.0,28.0,34.654808,0.8244147,1.0161462,5.9152093,880.91534,-44.24914,0.0067508435,4.135862,3.7293558,3.9651573,-0.42650747,-1.3963645,-0.6733969
200.0,-280.0,38.0,36.67114,1.9566456,0.94370586,6.224296,791.5192,-44.409878,0.007854827,4.5260286,3.6235206,4.2977695,-0.28001493,-1.6103206,-0.66486967
200.0,-280.0,58.0,40.99714,3.5552783,0.72970104,3.7703245,634.06195,-44.400894,0.005540043,2.7690067,2.121705,2.6522794,-0.09551911,-1.1900012,-0.16944923
200.0,-280.0,78.0,43.262306,3.826785,0.5055425,0.32686815,212.7016,-44.627274,0.0014910619,0.24883607,0.16288352,0.2419965,-0.0024947517,-0.00030425377,0.037050664
200.0,-280.0,98.0,42.56973,3.5742629,0.40646526,0.14064938,118.95133,-45.086006,0.0011762351,0.11892444,0.063403495,0.09899002,-0.00016334462,0.041354954,0.021059005
200.0,-280.0,118.0,42.00986,3.4115214,0.40023357,0.055922348,74.61073,-45.421906,0.0007413202,0.055267762,0.020840349,0.035807043,-0.002273084,0.013330727,0.0062284814
200.0,-280.0,138.0,41.78345,3.3483844,0.43297175,0.020322902,44.8397,-45.604984,0.00045049508,0.025094066,0.003666088,0.011897331,-0.0021640793,0.0026624044,0.00031048176
200.0,-280.0,158.0,41.708576,3.3621068,0.46469283,0.008971244,28.591492,-45.584923,0.00031346251,0.014072145,-0.0014031213,0.0052833273,-0.0016276864,0.0008579475,-0.001553474
200.0,-280.0,178.0,41.672077,3.4337971,0.47439912,0.004603524,18.744232,-45.264164,0.00022852542,0.008886347,-0.0028721304,0.0031958772,-0.0011779522,0.00050661206,-0.0021092515
200.0,-280.0,198.0,41.655846,3.5424235,0.4469097,0.002439876,10.405027,-44.530144,9.068789e-05,0.0038710134,-0.0011019366,0.0021104303,-0.00042434628,0.00020272956,-0.0011067691
200.0,-280.0,218.0,41.637814,3.6744857,0.3632734,0.0016110863,6.0681224,-43.25707,3.3512173e-05,0.0018703747,-0.00012220629,0.0014750854,-0.00012791518,0.00012874792,-0.00045047267
200.0,-280.0,238.0,41.599037,3.8015113,0.20610777,0.0013624924,4.0842223,-41.326748,1.6171889e-05,0.0012743525,0.00023098395,0.0012227804,-3.808416e-05,9.120542e-05,-0.00018682402
200.0,-280.0,258.0,41.540207,3.894149,-0.021128038,0.001215236,2.7630892,-38.86902,9.921439e-06,0.0010205315,0.00034504343,0.0010648235,-3.837835e-06,6.6307606e-05,-5.9418417e-05
200.0,-280.0,278.0,41.472813,3.9159985,-0.2992963,0.0011444709,1.9390016,-36.114788,8.262293e-06,0.00092501123,0.0003581121,0.0010057843,1.3802291e-05,5.6066496e-05,1.4467235e-05
200.0,-280.0,298.0,41.40505,3.8569555,-0.5974085,0.0011189014,1.5140895,-33.392605,8.045977e-06,0.0008904734,0.00036439925,0.0009829329,2.7009368e-05,4.9929436e-05,7.860218e-05
200.0,-280.0,318.0,41.345345,3.7232583,-0.8806423,0.0011051436,1.2027661,-30.9702,8.226603e-06,0.0008711929,0.00038288327,0.00095624407,3.785592e-05,3.799969e-05,0.00013795431
200.0,-280.0,338.0,41.300854,3.5330532,-1.12548,0.0011006809,1.0253122,-28.996527,8.726554e-06,0.0008638974,0.00040985493,0.0009276431,4.5220637e-05,2.9671975e-05,0.00018448597
200.0,-280.0,358.0,41.272533,3.3012886,-1.3226497,0.0010978262,0.8602524,-27.504347,9.286242e-06,0.0008587099,0.00044582528,0.0008911314,4.86345e-05,1.7954804e-05,0.00022744056
200.0,-280.0,378.0,41.25657,3.051232,-1.4692091,0.0010960131,0.72801805,-26.447365,1.014686e-05,0.0008582708,0.000478332,0.0008554229,5.073919e-05,8.9750565e-06,0.00025537028
200.0,-280.0,398.0,41.24663,2.8008416,-1.5699359,0.0010947032,0.62327474,-25.74406,1.1103137e-05,0.0008594336,0.0005115401,0.00081842777,5.001531e-05,3.157367e-06,0.0002768746
200.0,-280.0,418.0,41.246326,2.5559676,-1.6315942,0.001093664,0.5373578,-25.311144,1.2147265e-05,0.0008609288,0.00054309634,0.00078331056,4.87135e-05,-5.80111e-06,0.00029192292
200.0,-280.0,438.0,41.248432,2.3239465,-1.6612076,0.0010928413,0.47134423,-25.075893,1.3395516e-05,0.00086493115,0.00057110697,0.00074964116,4.6213427e-05,-6.0221255e-06,0.00030133288
200.0,-280.0,488.0,41.259937,1.8162736,-1.6313765,0.0010915977,0.37378615,-24.974035,1.7925297e-05,0.0008838129,0.00064281106,0.00065668166,3.7931342e-05,-1.1512098e-05,0.00030858652
200.0,-280.0,538.0,41.274612,1.407238,-1.5177679,0.0010904755,0.2877641,-25.162167,2.21617e-05,0.0008942083,0.00068500143,0.00060364103,3.0964868e-05,-1.547767e-05,0.00031848668
200.0,-260.0,28.0,36.657925,1.1566855,0.26205584,6.131955,807.5709,-47.366955,0.0075990213,4.3475976,3.847342,4.089305,-0.8808738,-1.0813968,-0.6994386
200.0,-260.0,38.0,38.1114,2.5429053,0.24023484,5.968721,761.7662,-47.50131,0.007835866,4.2975974,3.5835137,4.0317664,-0.67431515,-1.243471,-0.5822938
200.0,-260.0,58.0,41.71452,4.181475,0.17312421,3.1976812,616.76086,-47.19454,0.0050531533,2.3506026,1.8628745,2.1433895,-0.29130617,-0.8916672,-0.0021805102
200.0,-260.0,78.0,43.22827,4.118505,0.18320626,0.29715392,196.52856,-47.328926,0.001502729,0.23365088,0.17147283,0.19013502,-0.004727902,0.034484506,0.05762649
200.0,-260.0,98.0,42.50415,3.796988,0.24698393,0.1387664,125.5954,-47.85069,0.0010965967,0.12225041,0.0737414,0.081908114,0.00011487574,0.033804946,0.021656714
200.0,-260.0,118.0,42.01807,3.6174533,0.35020655,0.05251677,85.746635,-48.285385,0.0006070227,0.05327706,0.023616051,0.028191723,-0.0019606932,0.008822815,0.00420686
200.0,-260.0,138.0,41.830894,3.565304,0.45181793,0.020322934,56.771862,-48.58251,0.00035712429,0.024726678,0.005699967,0.010147658,-0.0019236294,0.001726879,-0.0007063736
200.0,-260.0,158.0,41.765514,3.5999217,0.53195155,0.009610985,39.34021,-48.7281,0.00024439985,0.014052257,0.00040375395,0.004672046,-0.0014546618,0.0005728253,-0.0019403927
200.0,-260.0,178.0,41.731167,3.6986554,0.58416814,0.00528892,27.836683,-48.62516,0.00019016511,0.009359632,-0.0016724849,0.002790176,-0.0012168076,0.0004146728,-0.0025217647
200.0,-260.0,198.0,41.70948,3.8526394,0.5936568,0.0028440543,16.83467,-48.07817,0.00015529271,0.006532644,-0.0031127506,0.002165227,-0.0009980507,0.00041601577,-0.0028792727
200.0,-260.0,218.0,41.681633,4.0528097,0.53011864,0.0017790296,10.271021,-46.780743,7.151206e-05,0.003238199,-0.0017385234,0.0019451287,-0.0003941293,0.00038410828,-0.0015991699
200.0,-260.0,238.0,41.625202,4.261103,0.3516503,0.0014614067,7.6147766,-44.47634,3.442865e-05,0.0019076265,-0.0008231345,0.0019139447,-0.00011311325,0.00027807974,-0.0006600279
200.0,-260.0,258.0,41.54181,4.4184976,0.060543206,0.0012755303,5.133336,-41.214973,1.5341357e-05,0.0012356973,-8.777896e-05,0.0013701628,-2.8472216e-06,0.00014801488,-0.00016952044
200.0,-260.0,278.0,41.44904,4.4663653,-0.3145481,0.0011729853,3.4238594,-37.45845,8.4026915e-06,0.000972784,0.00023975642,0.0011243296,2.8495468e-05,7.918466e-05,1.1613613e-05
200.0,-260.0,298.0,41.362907,4.3849087,-0.7133315,0.0011329664,2.490094,-33.794,6.7863543e-06,0.0008932424,0.00034126168,0.0010240743,3.977739e-05,5.3630334e-05,9.787616e-05
200.0,-260.0,318.0,41.29154,4.193479,-1.0777022,0.0011124553,1.8507471,-30.665518,6.713208e-06,0.00086354394,0.0003879087,0.0009694515,4.7464746e-05,3.6384514e-05,0.00016405925
200.0,-260.0,338.0,41.242012,3.9299083,-1.3747692,0.0011051964,1.4905106,-28.258816,7.2451626e-06,0.0008547748,0.00042437206,0.0009268125,5.371897e-05,2.519898e-05,0.00021258924
200.0,-260.0,358.0,41.21485,3.622982,-1.5971951,0.0011009399,1.1852767,-26.56083,7.861454e-06,0.00085007126,0.0004694778,0.00088169216,5.26115e-05,1.3460137e-05,0.000250873
200.0,-260.0,378.0,41.20204,3.3049142,-1.7498293,0.0010981509,0.9448039,-25.450155,8.766338e-06,0.00085020915,0.0005072431,0.0008388666,5.22757e-05,3.0051065e-06,0.0002745743
200.0,-260.0,398.0,41.197876,2.9967976,-1.8439173,0.0010962569,0.77343583,-24.783821,9.757305e-06,0.000852257,0.00054223865,0.0007980231,5.0552826e-05,-3.0001477e-06,0.00029270424
200.0,-260.0,418.0,41.202965,2.7050042,-1.8915429,0.0010947593,0.6389746,-24.434315,1.0837295e-05,0.0008546676,0.0005747202,0.00076013204,4.797412e-05,-1.165764e-05,0.00030427595
200.0,-260.0,438.0,41.211338,2.4354277,-1.9028211,0.0010936559,0.5431083,-24.301294,1.2096977e-05,0.000859369,0.0006032419,0.0007247081,4.4773584e-05,-1.2666059e-05,0.0003105934
200.0,-260.0,488.0,41.2348,1.8565013,-1.8295114,0.0010920337,0.4118958,-24.44675,1.5221255e-05,0.00086695224,0.00067888346,0.00063859054,3.4978464e-05,-1.7879942e-05,0.00031235046
200.0,-260.0,538.0,41.259563,1.4241462,-1.6838955,0.0010907279,0.3087095,-24.811918,1.9779462e-05,0.0008828449,0.0007043282,0.00058822037,3.0484951e-05,-2.1042355e-05,0.00032025255
200.0,-240.0,28.0,38.822678,1.636075,-0.82325935,5.98296,768.4946,-47.678177,0.0077831023,4.4490294,3.519991,4.001551,-0.8084214,-1.1305941,-0.83416706
200.0,-240.0,38.0,40.010822,3.062938,-0.8021793,5.0317044,705.524,-48.329952,0.0071285116,3.7712855,3.0014195,3.2936723,-0.86712515,-0.9217321,-0.5997828
200.0,-240.0,58.0,42.869907,4.51028,-0.5959063,1.6438591,511.9585,-49.0949,0.0031645978,1.2477938,1.065181,0.97538054,-0.14799365,-0.36103904,0.025328444
200.0,-240.0,78.0,43.12167,4.226714,-0.18498231,0.28139278,189.1678,-49.921112,0.0014854794,0.24195577,0.18258952,0.13823624,0.017522786,0.050925497,0.038525295
200.0,-240.0,98.0,42.4396,3.9406226,0.10135552,0.122782804,144.39407,-50.72349,0.000849456,0.113824,0.07148731,0.060310464,0.004001915,0.023924552,0.010059369
200.0,-240.0,118.0,42.028885,3.8006911,0.322678,0.04597395,109.83084,-51.308933,0.0004182198,0.0468987,0.022598792,0.022421539,-0.00042990237,0.005123621,0.00010885959
200.0,-240.0,138.0,41.878696,3.7925327,0.4920694,0.019145451,80.71507,-51.723072,0.00023740085,0.02206146,0.0068600927,0.009377607,-0.0008695615,0.0010911508,-0.0015005063
200.0,-240.0,158.0,41.820522,3.8547628,0.61646175,0.009680219,59.974148,-52.098038,0.000161545,0.012678012,0.002027017,0.004658849,-0.0007450267,0.0003571572,-0.0016182346
200.0,-240.0,178.0,41.791492,3.9716716,0.72133213,0.0059547587,46.897495,-52.44825,0.00012731361,0.008720202,0.00046184217,0.0027274701,-0.0007642152,0.00022227755,-0.0019843152
200.0,-240.0,198.0,41.773575,4.170281,0.79936826,0.003525382,31.799265,-52.524406,0.00011122781,0.006343481,-0.0011002277,0.0018043995,-0.00084009086,0.00028418293,-0.0027525874
200.0,-240.0,218.0,41.741093,4.468353,0.78990215,0.0021325839,19.963228,-51.64252,0.00010732761,0.005117585,-0.0032073017,0.0023589951,-0.0008264284,0.00069383084,-0.0036570588
200.0,-240.0,238.0,41.66001,4.8336296,0.6099084,0.0016460718,14.95707,-49.026196,9.205396e-05,0.0040921746,-0.0044045895,0.00361158,-0.00047902358,0.0010107451,-0.0029893483
200.0,-240.0,258.0,41.538742,5.099899,0.20347187,0.0013795127,10.076368,-44.58084,3.7417256e-05,0.0020290872,-0.0020608508,0.0027902029,1.9881158e-05,0.0005207733,-0.0006704145
200.0,-240.0,278.0,41.403652,5.186898,-0.33808696,0.0012249274,6.6233864,-39.19817,1.6595162e-05,0.0012517199,-0.00055511954,0.0017531926,9.6312535e-05,0.0002153163,5.492648e-05
200.0,-240.0,298.0,41.288773,5.051393,-0.8908861,0.0011601121,4.636801,-34.10227,9.526434e-06,0.0009903598,6.012054e-05,0.0012697309,8.7471264e-05,9.282415e-05,0.0002188541
200.0,-240.0,318.0,41.205864,4.756069,-1.3625376,0.0011254953,3.1843505,-30.031652,6.5386616e-06,0.0008797964,0.00035134022,0.0010197789,6.7825036e-05,3.749174e-05,0.00023276816
200.0,-240.0,338.0,41.154568,4.3800735,-1.7164187,0.0011126511,2.3539274,-27.142702,6.1845517e-06,0.00084967754,0.00044663754,0.0009289344,6.3032974e-05,1.8167728e-05,0.00024250946
200.0,-240.0,358.0,41.13943,3.9628515,-1.9540696,0.0011053769,1.6957033,-25.28368,6.653975e-06,0.0008420112,0.00050530065,0.0008694911,5.9310016e-05,6.0926127e-06,0.00027644652
200.0,-240.0,378.0,41.136745,3.5595775,-2.0990763,0.0011009707,1.2594377,-24.195215,7.5353573e-06,0.00084147893,0.00054639764,0.00081409526,5.6745077e-05,-5.456909e-06,0.00029468499
200.0,-240.0,398.0,41.142933,3.1832047,-2.172508,0.0010980505,0.96291405,-23.633698,8.5337415e-06,0.0008442112,0.00058212876,0.00076979544,5.3313528e-05,-1.103799e-05,0.00030792534
200.0,-240.0,418.0,41.157776,2.83876,-2.1932445,0.001095963,0.7573416,-23.421936,9.627895e-06,0.000847499,0.00061395665,0.00073046115,4.9283153e-05,-1.9274788e-05,0.00031482955
200.0,-240.0,438.0,41.174522,2.5292926,-2.1759326,0.0010945036,0.62186885,-23.43155,1.0887095e-05,0.00085306115,0.0006415956,0.0006942829,4.550804e-05,-1.9422014e-05,0.00031727995
200.0,-240.0,488.0,41.212242,1.9015064,-2.0461557,0.0010924368,0.44378078,-23.885548,1.4558694e-05,0.00086738815,0.0006848909,0.00063369056,3.8134327e-05,-2.242298e-05,0.00031063816
200.0,-240.0,538.0,41.24547,1.4206041,-1.8256131,0.0010909343,0.322489,-24.481983,1.9000097e-05,0.00088310754,0.00074322656,0.00054528203,3.0122057e-05,-2.5730482e-05,0.00029908647
200.0,-220.0,28.0,39.350285,2.2684584,-1.0766746,7.8809667,1227.474,-46.677128,0.005036637,5.3753915,4.920917,5.468341,0.54779303,-2.2436461,-0.78592867
200.0,-220.0,38.0,41.946705,3.517969,-1.1086962,3.3952463,677.5728,-48.105083,0.004959562,2.572353,2.0214865,2.1972344,-0.29867297,-0.73880583,-0.6036899
200.0,-220.0,58.0,43.46239,4.4378333,-0.7480023,0.6029536,322.46902,-51.036358,0.0018590086,0.48807883,0.4107096,0.30724213,-0.014715168,-0.0067251697,-0.00017925323
200.0,-220.0,78.0,42.94965,4.219517,-0.2523408,0.27584878,225.38062,-52.759274,0.0012245092,0.23991427,0.1869518,0.124946,0.0061691618,0.03979798,0.011898749
200.0,-220.0,98.0,42.35334,4.0599627,0.17676505,0.09669814,191.55568,-53.762177,0.00050594617,0.08825688,0.058245562,0.04688183,0.0004493803,0.012359295,-0.002109845
200.0,-220.0,118.0,42.038773,4.027731,0.443516,0.035916146,159.58083,-54.33329,0.0002259624,0.03503737,0.01754208,0.019262027,-0.001057104,0.0021714927,-0.0021929839
200.0,-220.0,138.0,41.930553,4.086289,0.61632866,0.016758824,130.91702,-54.68387,0.00012830584,0.017559618,0.0066111945,0.009346919,-0.00081550237,0.0005303046,-0.0014924316
200.0,-220.0,158.0,41.886883,4.167703,0.73825943,0.009355161,102.443535,-55.179466,9.142085e-05,0.010685351,0.0028569256,0.0051696333,-0.00064289686,0.000112193404,-0.00087489357
200.0,-220.0,178.0,41.87682,4.2539606,0.87682194,0.0066673076,86.060036,-56.246002,7.727961e-05,0.008041435,0.0021488518,0.0031438863,-0.0007981946,-6.400427e-05,-0.0009897379
200.0,-220.0,198.0,41.883263,4.4518566,1.0716009,0.0047925976,67.62676,-57.875584,7.0592534e-05,0.006324875,0.0015096181,0.0017487517,-0.0010514599,-8.700254e-06,-0.0020778505
200.0,-220.0,218.0,41.856464,4.885635,1.2213445,0.0030806528,47.29226,-58.688763,6.512986e-05,0.004843161,-0.00043808576,0.0017604126,-0.0010964588,0.0004676233,-0.0035951165
200.0,-220.0,238.0,41.73557,5.5090895,1.0771632,0.002105565,33.806446,-56.277973,6.252266e-05,0.0039525907,-0.0034675866,0.0037500847,-0.0007115336,0.001126931,-0.0040334393
200.0,-220.0,258.0,41.527252,6.0488153,0.47550538,0.0016753363,23.178873,-49.817814,7.322385e-05,0.0037748152,-0.007270831,0.0068465685,8.644395e-05,0.0016653389,-0.0026297765
200.0,-220.0,278.0,41.31796,6.1787486,-0.38704398,0.0013499997,14.836396,-41.501923,5.323218e-05,0.0025270986,-0.005420243,0.0055931867,0.00061344705,0.0010077306,0.00046608556
200.0,-220.0,298.0,41.166645,5.903982,-1.2017926,0.0012138968,8.9705925,-34.14666,2.2740447e-05,0.0013859661,-0.001405695,0.0024476724,0.00035632547,0.00026578445,0.000925699
200.0,-220.0,318.0,41.07909,5.4122796,-1.8041186,0.0011513508,5.696406,-28.87961,1.1718693e-05,0.0010185465,-5.4854783e-05,0.0013389539,0.00017945477,6.0042697e-05,0.0006489941
200.0,-220.0,338.0,41.035206,4.8648305,-2.1869771,0.0011247908,3.7971685,-25.550201,7.624367e-06,0.0008912761,0.00038196656,0.00097629696,0.000102565435,8.5389665e-06,0.00042081505
200.0,-220.0,358.0,41.038754,4.305244,-2.4230137,0.0011124159,2.57454,-23.647484,6.19048e-06,0.0008452843,0.00053236994,0.00085265393,6.989638e-05,-4.186782e-06,0.00033614974
200.0,-220.0,378.0,41.052025,3.7955778,-2.5358095,0.0011047882,1.7315391,-22.694202,6.5473905e-06,0.00083497714,0.00059374224,0.0007807743,5.8919e-05,-1.5221593e-05,0.00031529414
200.0,-220.0,398.0,41.0736,3.3421772,-2.5672958,0.0011002938,1.2189577,-22.324886,7.511732e-06,0.0008373374,0.00062911597,0.00073405163,5.4328015e-05,-2.0474357e-05,0.00031991216
200.0,-220.0,418.0,41.100945,2.9426715,-2.5447202,0.0010973564,0.90390325,-22.309471,8.596675e-06,0.0008410931,0.0006585744,0.00069497153,5.0212704e-05,-2.6721054e-05,0.00032139
200.0,-220.0,438.0,41.128067,2.5943565,-2.486639,0.0010954479,0.7139928,-22.498707,9.823867e-06,0.0008469199,0.00068420515,0.0006598082,4.6200505e-05,-2.7317397e-05,0.00031965793
200.0,-220.0,488.0,41.187595,1.9035367,-2.2521057,0.0010928247,0.48265523,-23.29981,1.2677247e-05,0.000854829,0.00074766437,0.00058370514,3.578691e-05,-3.028819e-05,0.0003058329
200.0,-220.0,538.0,41.2297,1.4021646,-1.9855026,0.0010911656,0.33961686,-24.123985,1.7659499e-05,0.0008781611,0.00076844473,0.0005394226,2.935646e-05,-2.9345685e-05,0.0003119473
200.0,-200.0,28.0,36.13295,2.7999692,-0.1857056,12.805793,1791.6045,-47.26304,0.0054119644,8.586234,8.210883,8.78409,0.18493573,-3.8886268,-0.98620796
200.0,-200.0,38.0,41.993465,4.1812997,-0.37326762,3.9092503,1056.7285,-49.211704,0.003475292,2.8301575,2.2872322,2.702924,0.06807978,-1.2034132,-0.5165429
200.0,-200.0,58.0,43.246872,4.6332307,-0.4831758,2.2374456,1388.742,-54.565315,0.0014820186,1.5495276,1.4735128,1.4530245,0.437338,0.10530801,-0.009368449
200.0,-200.0,78.0,41.3023,4.1412234,0.12440463,6.926839,2350.718,-56.00365,0.0025712154,4.58699,4.836487,4.4297514,1.9472249,0.28795537,-0.12797768
200.0,-200.0,98.0,39.695568,4.106738,0.61722076,8.0734625,2460.8535,-56.759853,0.0029353155,5.228174,5.6073017,5.311014,2.6422923,0.07934784,-0.20115408
200.0,-200.0,118.0,39.869263,4.282792,0.76529974,6.9748836,2313.0225,-57.070663,0.0026507082,4.530759,4.7926993,4.6244483,2.243631,0.015279299,-0.105989985
200.0,-200.0,138.0,39.07362,4.3582745,0.7914626,7.452921,2307.3381,-56.7789,0.0029326726,4.798773,5.1285357,4.976442,2.5070534,0.13888645,-0.038328186
200.0,-200.0,158.0,38.566486,4.3648477,0.77679,7.417214,2168.031,-56.63476,0.0031686174,4.7584567,5.13456,4.940019,2.596777,0.044837385,0.023807548
200.0,-200.0,178.0,38.393074,4.2827973,0.87098736,7.139405,2035.5874,-58.298336,0.0032884087,4.5711737,5.0187287,4.688082,2.5451858,-0.010335704,0.06680034
200.0,-200.0,198.0,38.48584,4.292543,1.2833822,7.597605,2081.8462,-63.41234,0.0034073151,4.8508754,5.490293,4.856661,2.712597,-0.065625355,-0.032287627
200.0,-200.0,218.0,39.097797,4.877902,1.9729033,7.351472,2151.0254,-69.82738,0.003141185,4.6488853,5.3484488,4.7068586,2.5155044,-0.1836882,-0.32278714
200.0,-200.0,238.0,40.886734,6.334032,2.1227024,2.6729794,1471.2054,-69.89363,0.0015470996,1.7060719,1.7766219,1.8606687,0.7462207,-0.11814103,-0.27350605
200.0,-200.0,258.0,41.58895,7.5504174,0.98458844,0.06845839,157.96071,-59.15352,0.00034270462,0.06261088,-0.024279665,0.09846942,0.0019736977,0.016433874,-0.024576114
200.0,-200.0,278.0,41.148643,7.633665,-0.57933253,0.0016405634,30.814201,-44.621582,5.3225733e-05,0.0029842565,-0.008414876,0.0087089,0.0013103151,0.0014659323,0.001965949
200.0,-200.0,298.0,40.961388,7.004046,-1.7659063,0.0013159701,16.694412,-33.592052,5.4486474e-05,0.0023658732,-0.0057311584,0.0059970617,0.00146429,0.00062231347,0.004334802
200.0,-200.0,318.0,40.899254,6.146628,-2.4834027,0.0012022353,10.305082,-26.984617,2.7752862e-05,0.0014284541,-0.0012687641,0.0022439086,0.00060679443,5.8089834e-05,0.0023893828
200.0,-200.0,338.0,40.883503,5.34875,-2.8669717,0.0011472851,6.2924056,-23.472294,1.4215202e-05,0.0010413812,0.00012015295,0.00114488,0.0002342101,-4.4223256e-05,0.0010850711
200.0,-200.0,358.0,40.91846,4.6103344,-3.0264924,0.0011225903,3.8779445,-21.718174,8.037932e-06,0.0008897842,0.0005282867,0.0008360288,0.000107214226,-2.8403094e-05,0.00055265264
200.0,-200.0,378.0,40.957993,3.9852798,-3.0645232,0.0011098422,2.363605,-21.044357,6.1436112e-06,0.00083727925,0.0006469614,0.0007357615,5.9749585e-05,-2.8418244e-05,0.00035348267
200.0,-200.0,398.0,40.999485,3.4548268,-3.0248644,0.0011030172,1.5464585,-20.949762,6.7113915e-06,0.00083317363,0.0006823665,0.00069087895,5.032966e-05,-3.0129742e-05,0.00032717272
200.0,-200.0,418.0,41.042477,3.004198,-2.9393797,0.0010990623,1.0883181,-21.176311,7.78349e-06,0.00083726883,0.0007078095,0.0006535112,4.5212022e-05,-3.4773366e-05,0.00032244038
200.0,-200.0,438.0,41.081703,2.6199968,-2.826207,0.001096577,0.8253295,-21.571085,8.981402e-06,0.00084343954,0.000728873,0.0006211003,4.0691448e-05,-3.431992e-05,0.00031680355
200.0,-200.0,488.0,41.160824,1.8784617,-2.4891374,0.0010932751,0.5192271,-22.737535,1.216492e-05,0.00085593876,0.0007564343,0.00057469634,3.1350155e-05,-3.4986697e-05,0.0003032581
200.0,-200.0,538.0,41.213272,1.3787162,-2.160754,0.0010914183,0.3598954,-23.77313,1.6675092e-05,0.0008755673,0.0007829352,0.000497988,2.70866e-05,-3.3986013e-05,0.00028617634
200.0,-180.0,28.0,34.721336,3.5147574,0.92580914,13.8543415,2103.1125,-47.10886,0.0056752833,9.571871,9.40693,8.736734,2.3836746,-3.4106383,-1.3960756
200.0,-180.0,38.0,36.11473,4.1246066,1.3401229,10.746051,2438.261,-51.637188,0.004382016,6.5476103,8.032824,6.897512,2.320494,1.7856685,-0.59247017
200.0,-180.0,58.0,24.632563,2.8193908,1.8500496,33.3903,2827.4175,-57.724842,0.011785733,20.001074,25.381664,21.396944,7.184513,5.5666327,-1.4905816
200.0,-180.0,78.0,18.195734,2.1329663,2.3764496,48.208504,2717.604,-58.097233,0.017731518,28.614779,35.821384,31.958618,14.592273,3.2040608,-2.4672952
200.0,-180.0,98.0,16.602598,2.632949,2.1595914,59.804996,2653.8774,-58.69783,0.022569263,35.523975,43.34241,40.751106,20.580637,0.72601473,-2.6134336
200.0,-180.0,118.0,16.614363,3.0717843,1.6818562,68.3442,2641.4963,-58.83622,0.025934042,40.887405,48.78077,47.02142,24.5448,0.18029821,-1.5930636
200.0,-180.0,138.0,16.689167,3.2684312,1.0642878,70.75579,2575.8,-57.844093,0.02754165,42.35168,50.18798,48.970455,25.648289,-0.03133298,-0.30554777
200.0,-180.0,158.0,17.137224,3.3027892,0.42071602,66.33098,2512.2769,-56.362263,0.026473163,39.80875,47.08716,45.764996,23.98208,-0.77848953,1.2720617
200.0,-180.0,178.0,17.628002,2.895219,0.0658838,59.671837,2446.897,-57.626442,0.0244615,35.851097,43.688526,39.802948,20.956871,-0.7601765,2.863694
200.0,-180.0,198.0,18.135942,2.0472682,0.5536515,54.784122,2295.8577,-66.75879,0.023950553,32.590565,42.83744,34.144093,15.526942,-2.0090404,3.4117894
200.0,-180.0,218.0,19.864964,2.1720588,1.8992562,48.40401,2179.3577,-82.44237,0.022271192,29.359505,38.483208,28.964634,8.972348,-3.0436134,0.7028217
200.0,-180.0,238.0,22.74282,4.5350356,2.9235766,41.869175,2295.8447,-90.748604,0.01828521,24.880535,31.404331,27.45195,9.416633,-3.76983,-2.2498424
200.0,-180.0,258.0,30.40985,8.490572,2.028108,33.71464,2781.3574,-77.320435,0.012158263,19.140705,23.189816,25.096386,9.424571,-6.854879,-2.2297153
200.0,-180.0,278.0,40.778366,9.949427,-1.300857,0.30040553,438.70242,-48.61984,0.00046402393,0.20980889,0.06447381,0.32646304,0.047654413,-0.017734095,0.06684512
200.0,-180.0,298.0,40.61827,8.271532,-2.9063983,0.0014875993,30.268066,-31.84342,4.9242943e-05,0.002342836,-0.0051956917,0.0058014677,0.0020905172,0.00015962764,0.0076199314
200.0,-180.0,318.0,40.644573,6.842735,-3.5393348,0.001279945,16.986187,-24.273823,5.8810954e-05,0.0021972738,-0.0027257325,0.0030582193,0.001733278,-0.00029517122,0.007466844
200.0,-180.0,338.0,40.70548,5.716837,-3.759373,0.0011731442,9.353472,-20.94189,2.5543139e-05,0.0012887763,5.6737044e-05,0.0010008068,0.0004956921,-0.00023860951,0.0025842998
200.0,-180.0,358.0,40.782883,4.8140903,-3.770307,0.0011351153,5.2677135,-19.671288,1.1656965e-05,0.00097047014,0.0006017156,0.000711903,0.00016013364,-9.160644e-05,0.0009576897
200.0,-180.0,378.0,40.85854,4.0865817,-3.680602,0.0011155265,3.090114,-19.39153,6.741386e-06,0.0008555352,0.0007132003,0.0006624536,6.843686e-05,-5.064177e-05,0.0004426769
200.0,-180.0,398.0,40.924816,3.4940023,-3.5393503,0.0011060663,1.919029,-19.619083,6.1597243e-06,0.0008315715,0.000740066,0.00064065,4.7015485e-05,-4.082906e-05,0.00033246822
200.0,-180.0,418.0,40.98581,3.0038757,-3.3717692,0.0011007899,1.2868783,-20.099657,7.057219e-06,0.0008332719,0.00075832126,0.00061012217,4.1833053e-05,-4.2141364e-05,0.00031670224
200.0,-180.0,438.0,41.03741,2.596122,-3.1913009,0.0010976051,0.9355537,-20.692514,8.209842e-06,0.0008391901,0.00077494234,0.0005811208,3.8228867e-05,-4.075246e-05,0.0003077559
200.0,-180.0,488.0,41.136257,1.8319004,-2.7331293,0.0010935762,0.54040486,-22.2054,1.1529316e-05,0.0008545747,0.00080960966,0.00052323134,2.9277298e-05,-3.8346996e-05,0.00028262663
200.0,-180.0,538.0,41.198303,1.3356813,-2.3205862,0.0010916638,0.37853858,-23.429111,1.5822643e-05,0.00087384216,0.0008406259,0.000466863,2.4560912e-05,-3.7788865e-05,0.00027244934
200.0,-160.0,28.0,23.402676,1.7305768,3.2363582,8.49885,1184.6776,-46.46301,0.0071713636,5.8883424,6.654983,4.4723983,0.9833346,-0.53062505,-0.7020458
200.0,-160.0,38.0,24.228283,1.8825482,4.0062485,9.826651,1353.8945,-50.781136,0.00725054,6.4222155,7.642497,5.595813,2.2672644,-0.1692928,-0.18777579
200.0,-160.0,58.0,20.872444,1.0286279,4.7708654,12.989403,1581.8671,-56.73126,0.008174065,8.189053,9.466277,8.337601,0.08020258,3.482256,-0.22901984
200.0,-160.0,78.0,11.065088,0.851955,4.677225,30.47824,1592.9508,-58.75269,0.019150622,17.834616,21.69183,21.429754,0.63130677,8.422194,-1.6392171
200.0,-160.0,98.0,4.6263065,1.6497228,3.7692132,39.38548,1525.9226,-59.258823,0.025828134,22.297941,27.241837,29.231892,7.3642,5.2418036,-2.350261
200.0,-160.0,118.0,2.5554495,2.2568576,2.4716625,54.557453,1672.3707,-59.220108,0.032632463,30.78646,37.32579,41.00257,15.137285,1.5076395,-1.6286782
200.0,-160.0,138.0,2.7111278,2.6191106,0.9192589,64.5884,1701.054,-58.124,0.037991073,36.279987,43.375736,49.521217,18.063107,-1.4664319,0.057182077
200.0,-160.0,158.0,4.553725,2.6972704,-0.90778625,64.15102,1656.7502,-56.106613,0.038747314,35.550373,42.591446,50.159744,13.842261,-5.5208163,3.970114
200.0,-160.0,178.0,9.026187,1.7958144,-2.7464569,66.51646,1742.1929,-56.22117,0.038178638,37.005474,45.46246,50.561428,1.7430812,-12.842823,10.207936
200.0,-160.0,198.0,16.910164,0.17148568,-3.6416552,69.84075,2043.2416,-65.75135,0.034190126,44.18699,49.879612,45.6155,-12.6481,-16.318953,12.2778425
200.0,-160.0,218.0,22.546923,0.53533626,-1.7058747,44.04914,2039.8406,-93.928856,0.021582166,33.933403,31.370691,22.796408,-9.477935,-3.5500531,2.4684713
200.0,-160.0,238.0,21.219423,4.509927,0.28994668,28.375011,1786.8766,-112.29177,0.015874034,22.555971,16.18951,18.003551,-2.1774752,1.7155029,0.19963045
200.0,-160.0,258.0,21.061834,8.5085,-0.279716,29.296677,1968.0237,-94.39056,0.014894927,18.221674,17.950922,22.42048,2.3765266,-4.434222,-0.09641247
200.0,-160.0,278.0,35.811745,12.466943,-3.4082024,14.311787,2684.0483,-51.94858,0.0052233534,8.389743,8.787564,11.45043,1.4148711,-4.598427,1.0925361
200.0,-160.0,298.0,40.152626,9.271636,-4.9168234,0.003692751,49.16078,-28.462112,7.073243e-05,0.004283611,-0.0016455215,0.0047411905,0.003620859,-0.0013514543,0.017641503
200.0,-160.0,318.0,40.3346,7.257249,-4.99976,0.0014262547,28.581432,-21.22346,5.032242e-05,0.0021001468,0.00012019812,0.0006317857,0.0015186677,-0.0008695498,0.008128541
200.0,-160.0,338.0,40.509243,5.8729506,-4.8522573,0.0012583713,12.568499,-18.632141,4.047435e-05,0.0016717482,0.0008002094,4.4884684e-05,0.00078738393,-0.00061935565,0.0047380733
200.0,-160.0,358.0,40.645267,4.8577614,-4.627176,0.0011424926,6.2847633,-17.91497,1.4389898e-05,0.0010380337,0.0008459504,0.0004099064,0.00018448995,-0.00018446946,0.0013128876
200.0,-160.0,378.0,40.75604,4.0676475,-4.3673506,0.0011194957,3.5213428,-18.030249,7.1648456e-06,0.0008713468,0.00081294257,0.00055472815,6.8741465e-05,-7.4451964e-05,0.00050361856
200.0,-160.0,398.0,40.84632,3.43925,-4.096509,0.0011085109,2.1832345,-18.537464,5.900708e-06,0.00083391054,0.00080458686,0.0005785468,4.178394e-05,-5.132043e-05,0.00033102807
200.0,-160.0,418.0,40.925503,2.9299583,-3.8268888,0.0011023566,1.4468164,-19.221811,6.610715e-06,0.0008329278,0.0008124584,0.0005593607,3.514887e-05,-4.9187758e-05,0.0003008647
200.0,-160.0,438.0,40.990738,2.5126712,-3.5676286,0.0010986455,1.0322568,-19.96877,7.750717e-06,0.0008390424,0.0008213691,0.0005369678,3.1938718e-05,-4.6819783e-05,0.00029007794
200.0,-160.0,488.0,41.108566,1.744909,-2.9893775,0.0010940238,0.5863718,-21.745468,1.0855031e-05,0.0008520252,0.00083747244,0.0004992012,2.6582919e-05,-4.149537e-05,0.00026909457
200.0,-160.0,538.0,41.183403,1.2459896,-2.5038228,0.0010918884,0.3969472,-23.14307,1.4901016e-05,0.00086976454,0.0008591526,0.00044141404,2.178479e-05,-4.116762e-05,0.00025389486
200.0,-140.0,28.0,28.060291,1.2983286,3.6679583,9.630893,1358.312,-46.80757,0.0061602974,7.098513,6.5062323,5.649441,-2.4778168,1.5129929,-0.20378803
200.0,-140.0,38.0,26.176224,1.5577086,4.1262693,9.65705,1126.5714,-50.57344,0.008459251,7.149515,6.4308696,5.734846,-2.6480389,1.1380674,0.22901955
200.0,-140.0,58.0,21.691397,0.35473317,5.1820545,24.328186,1853.3397,-58.79943,0.013027995,15.920068,17.318363,15.411364,-0.9553232,6.5894585,1.261554
200.0,-140.0,78.0,10.048088,0.17214508,4.88125,50.089806,1701.6757,-64.222244,0.029452063,29.009657,35.459984,35.712234,2.1431866,15.190811,-0.578911
200.0,-140.0,98.0,1.1926737,1.3544331,3.9731605,48.29418,1328.938,-63.234646,0.036346234,27.061523,33.563305,35.96271,4.4365187,12.0288725,-1.4279649
200.0,-140.0,118.0,-3.4719112,2.325738,2.6386702,48.532726,1182.6818,-60.575077,0.0410598,26.317604,31.251835,39.49524,7.5210414,4.712977,-1.0954809
200.0,-140.0,138.0,-3.2408967,3.0921857,0.38463137,61.01788,1270.4377,-59.4872,0.0480398,31.736958,36.321,53.977764,7.707096,-5.5451293,0.21630904
200.0,-140.0,158.0,1.760114,3.384292,-2.8170965,77.969826,1513.3209,-59.25489,0.051513046,39.44217,46.056297,70.4397,1.1254236,-17.569452,5.467604
200.0,-140.0,178.0,11.801775,2.3282561,-6.7236915,92.312195,1949.7169,-59.497257,0.047363378,47.2451,55.97137,81.40504,-7.6654253,-27.884157,12.5449295
200.0,-140.0,198.0,24.863262,0.083515696,-10.568633,58.69839,2239.943,-66.87135,0.026190074,36.545025,36.2193,44.635098,-7.343922,-14.2433605,13.058732
200.0,-140.0,218.0,22.031025,-0.37472647,-8.524891,17.290499,1793.1246,-112.22365,0.009614027,14.940427,10.959655,8.674662,0.22825305,2.7056348,2.580286
200.0,-140.0,238.0,18.826836,5.4845324,-7.006148,13.782226,1465.9435,-128.19098,0.009394105,9.972864,9.4012,8.18487,0.75602305,-0.8230868,1.5860541
200.0,-140.0,258.0,20.60351,9.786899,-6.793543,24.97158,1972.9369,-95.28589,0.01265766,16.262266,15.281637,18.397053,-2.4741483,-5.7608323,2.6434932
200.0,-140.0,278.0,35.532867,12.813323,-8.475922,11.295928,2457.0613,-45.618927,0.004470158,6.9816146,8.0105095,7.602626,-0.7083186,-3.5845098,1.5854527
200.0,-140.0,298.0,39.73696,9.196534,-7.468676,0.032493133,126.719795,-24.914324,0.0002337382,0.027460206,0.039167516,-0.0016500391,0.008750722,-0.010930563,0.061565965
200.0,-140.0,318.0,40.079445,7.105659,-6.654015,0.0025837154,37.29173,-19.284973,6.930416e-05,0.0033365092,0.004790851,-0.002959852,0.0014805293,-0.0022157894,0.011422065
200.0,-140.0,338.0,40.33438,5.715119,-6.0544124,0.0012041361,11.047529,-17.37239,2.8774664e-05,0.0014315203,0.0017653956,-0.00078874215,0.00042543444,-0.0006393203,0.0034277537
200.0,-140.0,358.0,40.524754,4.6834683,-5.531816,0.0011468792,6.396143,-16.987438,1.3872811e-05,0.0010497493,0.001179382,7.2365045e-05,0.00013000108,-0.00023706903,0.0012680511
200.0,-140.0,378.0,40.672855,3.8921854,-5.0675755,0.0011235451,3.861,-17.278112,7.685989e-06,0.00089274376,0.00094271323,0.0004116217,5.315168e-05,-0.00010102627,0.00053433125
200.0,-140.0,398.0,40.78692,3.2706065,-4.65178,0.0011109449,2.429012,-17.890789,5.8410333e-06,0.0008408082,0.00087046856,0.00051062624,3.0655883e-05,-6.1350125e-05,0.00032407552
200.0,-140.0,418.0,40.88103,2.7718616,-4.277726,0.0011037514,1.5918255,-18.652359,6.221544e-06,0.0008336096,0.00085923664,0.0005146569,2.5619058e-05,-5.378899e-05,0.00027955638
200.0,-140.0,438.0,40.955856,2.3665628,-3.938413,0.0010996602,1.1347761,-19.464882,7.2877638e-06,0.0008387472,0.0008630113,0.00049756235,2.3915945e-05,-5.0392173e-05,0.00026728434
200.0,-140.0,488.0,41.08819,1.6339095,-3.2215192,0.0010943536,0.5995274,-21.386724,1.0615146e-05,0.00085532526,0.0008807236,0.00045301398,1.9821371e-05,-4.531145e-05,0.00023423905
200.0,-140.0,538.0,41.171528,1.1527497,-2.6413999,0.0010920746,0.40952703,-22.907421,1.458392e-05,0.0008710135,0.00088506704,0.00040888073,1.8886241e-05,-4.3652482e-05,0.00021770483
200.0,-120.0,28.0,33.873547,0.6505601,2.1979246,9.633978,1236.6295,-50.982388,0.0077556423,6.7487555,7.2621856,5.2479825,-2.247156,1.6116134,0.07824091
200.0,-120.0,38.0,31.982939,1.0431025,2.932901,11.317966,1368.2616,-53.94679,0.008277699,7.9300313,8.485956,6.2376394,-2.589011,1.5560501,0.6534272
200.0,-120.0,58.0,20.846489,-0.7395804,4.4124184,58.895332,2366.2266,-63.334213,0.02483373,37.239414,42.28111,38.26153,2.141941,19.098675,2.5645351
200.0,-120.0,78.0,7.1012526,-0.57017803,4.0737863,75.08918,1806.9742,-70.00566,0.041587625,44.057404,53.194637,52.926872,7.0681953,22.046913,-0.2024511
200.0,-120.0,98.0,-1.685588,0.9190724,3.2852223,63.94387,1344.0121,-68.54887,0.047586724,36.242443,44.621834,47.02297,6.9295373,15.050016,-1.9872818
200.0,-120.0,118.0,-5.9832973,2.644213,1.9783255,56.906544,1084.7773,-65.24662,0.052465405,30.056797,36.14259,47.616074,4.545733,4.6130476,-1.8827176
200.0,-120.0,138.0,-4.6418257,4.1139975,-0.5339478,71.45576,1217.5963,-65.44139,0.05867254,34.783035,42.008385,66.12271,1.0170406,-10.422737,-0.4469005
200.0,-120.0,158.0,2.3416708,4.5550103,-4.1984806,93.78739,1557.3622,-69.181335,0.06022907,43.3463,56.72661,87.50511,-1.691276,-23.92041,3.4355836
200.0,-120.0,178.0,13.747319,3.6329942,-8.955436,98.59216,1935.6366,-73.30385,0.050966244,43.20587,60.128365,93.834435,0.22855525,-27.850496,4.810547
200.0,-120.0,198.0,27.383009,2.6682103,-15.331531,56.61362,2199.7246,-78.460945,0.025739983,27.99456,30.177208,55.11711,2.3436148,-12.479898,2.1873267
200.0,-120.0,218.0,27.835459,2.3360736,-17.751902,24.218811,2387.6597,-94.94088,0.0101498915,22.793959,11.354591,14.28904,-6.768928,2.387846,2.9172316
200.0,-120.0,238.0,24.542511,6.2177987,-16.127005,25.209175,2308.323,-98.36163,0.010932853,20.662783,14.300825,15.456436,-8.970071,-2.2435155,2.0695608
200.0,-120.0,258.0,30.847408,10.516706,-15.087773,19.13331,2485.308,-68.83549,0.007689844,13.630098,12.993682,11.640235,-5.854836,-4.591737,1.0646918
200.0,-120.0,278.0,38.72533,10.190711,-12.049676,0.63892823,819.10596,-37.46353,0.00076061266,0.44265726,0.6648894,0.17023125,-0.03255813,-0.11221623,0.16212024
200.0,-120.0,298.0,39.467953,7.9978194,-9.600795,0.0072437376,71.22699,-25.093575,9.579992e-05,0.00741784,0.018813508,-0.011746511,0.001019942,-0.0054511097,0.017501457
200.0,-120.0,318.0,39.912247,6.4196825,-8.201683,0.0013140818,17.330715,-20.0705,4.8468297e-05,0.0021523589,0.005274109,-0.0047982186,0.00037542186,-0.0018293044,0.0066572838
200.0,-120.0,338.0,40.227737,5.214855,-7.1854773,0.0011953622,9.988784,-17.957676,2.2960618e-05,0.0013551018,0.0022703419,-0.0012346635,0.00014330448,-0.0006091198,0.002419065
200.0,-120.0,358.0,40.451138,4.2891297,-6.393594,0.0011505203,6.303764,-17.285398,1.2922201e-05,0.0010574763,0.0014183477,-0.00017257419,6.409397e-05,-0.00024862553,0.001078569
200.0,-120.0,378.0,40.6144,3.5676825,-5.745561,0.0011254608,3.9275594,-17.342607,7.505156e-06,0.0009011844,0.0010461159,0.00030361392,3.4863544e-05,-0.000109155255,0.0004841925
200.0,-120.0,398.0,40.739986,2.9939606,-5.194377,0.0011124571,2.539137,-17.793486,5.7353327e-06,0.00084630447,0.0009304575,0.00044816246,2.2081555e-05,-6.626796e-05,0.0002957552
200.0,-120.0,418.0,40.842724,2.5313835,-4.7164607,0.0011049556,1.6948042,-18.455767,5.9683985e-06,0.00083573296,0.0009040879,0.00047009502,1.9258896e-05,-5.620204e-05,0.00024883202
200.0,-120.0,438.0,40.924793,2.1550803,-4.296626,0.0011005256,1.2122146,-19.215803,6.950458e-06,0.0008393916,0.000902082,0.0004595843,1.8792332e-05,-5.2622494e-05,0.00023669297
200.0,-120.0,488.0,41.071922,1.467907,-3.4305387,0.0010947975,0.6532573,-21.126648,9.594522e-06,0.0008475737,0.0009053319,0.00043694486,1.8390052e-05,-4.608409e-05,0.00021800773
200.0,-120.0,538.0,41.160385,1.0277586,-2.7874875,0.0010922712,0.42426038,-22.700161,1.39003705e-05,0.0008688263,0.00091813516,0.0003937168,1.5959962e-05,-4.4692577e-05,0.00020703614
200.0,-100.0,28.0,41.402225,-0.44984236,1.3966422,1.9485017,850.77563,-53.810295,0.001822068,1.4315263,1.4860631,0.98078954,-0.5303127,0.105782494,-0.09890983
200.0,-100.0,38.0,37.83025,-0.4966937,2.410058,15.125903,2464.346,-57.811665,0.005735992,10.394169,10.994306,8.870646,-0.48256195,4.6482873,0.40385315
200.0,-100.0,58.0,17.249405,-1.8663402,3.4538965,90.480774,2584.0444,-67.54012,0.030618683,57.781418,63.116688,60.068283,6.6213136,28.22836,1.8445742
200.0,-100.0,78.0,2.852698,-1.2193795,3.0870893,91.01558,1800.4105,-73.037575,0.050588097,55.164707,63.16064,63.705933,10.185246,25.25434,-0.9811666
200.0,-100.0,98.0,-4.8337855,0.6240739,2.3070116,72.46022,1286.5162,-72.038795,0.05634294,41.711548,49.17612,54.032234,7.718798,13.850616,-3.3243935
200.0,-100.0,118.0,-7.302015,2.9496303,0.9068289,66.1098,1056.9227,-70.657646,0.062552325,33.977768,42.68634,55.556908,2.4467404,0.69933504,-3.5962043
200.0,-100.0,138.0,-4.6495504,4.7575207,-1.3740333,79.586945,1197.5824,-73.46349,0.06645305,36.83629,51.347763,70.98593,-0.91039044,-13.012295,-1.6354349
200.0,-100.0,158.0,2.2526698,5.048742,-4.4428234,94.45739,1452.5485,-81.205124,0.06504294,40.46927,63.005474,85.43564,1.5143375,-21.238588,0.95457417
200.0,-100.0,178.0,11.584056,4.1665144,-8.389296,95.951416,1702.5492,-89.88711,0.05638809,38.55785,64.0479,89.293396,8.371236,-20.863623,-1.6311724
200.0,-100.0,198.0,21.832903,3.9417808,-13.317087,80.245674,1953.7958,-95.69987,0.041133728,32.236664,53.57609,74.72038,13.345215,-14.991441,-7.979745
200.0,-100.0,218.0,31.754951,5.3476186,-18.048552,38.16877,2053.4001,-95.06522,0.018551199,16.278584,27.69658,32.357178,8.204125,-6.036352,-7.111493
200.0,-100.0,238.0,37.6818,7.6570606,-18.966541,2.0041041,1004.6673,-81.52525,0.0018501638,1.3731502,1.6749578,0.95890677,-0.119887315,-0.17013541,-0.31175423
200.0,-100.0,258.0,38.277176,8.221891,-16.128899,0.08663257,215.8314,-61.273422,0.00032998103,0.075572535,0.1403318,-0.04267024,-0.019816097,-0.02029778,0.0001822087
200.0,-100.0,278.0,38.93356,7.581654,-13.283093,0.0034030715,43.970215,-42.649902,7.325656e-05,0.005480284,0.017829964,-0.016503643,-0.002499517,-0.004930215,0.0073951264
200.0,-100.0,298.0,39.494644,6.4711018,-11.057873,0.0014193114,23.607399,-30.788664,5.8779362e-05,0.0030989859,0.010033934,-0.010294201,-0.0007771226,-0.002882038,0.006762095
200.0,-100.0,318.0,39.900993,5.3904386,-9.400761,0.001269969,15.633011,-24.166433,4.1571315e-05,0.0021693702,0.0054835193,-0.0051129404,-0.0002205143,-0.0014633251,0.0042058676
200.0,-100.0,338.0,40.199837,4.470179,-8.140277,0.001197837,9.472811,-20.63383,2.0991345e-05,0.0013849861,0.002539157,-0.0015285824,-3.3973167e-05,-0.00053800625,0.0017464289
200.0,-100.0,358.0,40.419495,3.7189522,-7.1480627,0.0011527786,6.141546,-18.906715,1.2225089e-05,0.0010759002,0.0015577481,-0.00034938438,-1.3802471e-06,-0.00023232008,0.0008445094
200.0,-100.0,378.0,40.583942,3.111304,-6.345138,0.00112774,3.9589236,-18.264706,7.4767618e-06,0.00091610115,0.001133571,0.00020579068,9.094087e-06,-0.00010985216,0.00040817924
200.0,-100.0,398.0,40.711937,2.6178231,-5.676052,0.0011141893,2.629005,-18.259197,5.763336e-06,0.0008559505,0.0009836793,0.00038875488,9.1373995e-06,-6.773496e-05,0.00025621025
200.0,-100.0,418.0,40.81693,2.2148619,-5.107884,0.0011060026,1.7721496,-18.634457,5.8393184e-06,0.0008403545,0.0009415034,0.00043014676,9.511628e-06,-5.6542947e-05,0.0002122077
200.0,-100.0,438.0,40.902237,1.884075,-4.617034,0.0011012249,1.2682968,-19.221943,6.729651e-06,0.00084187754,0.00093455793,0.00042601646,1.0435286e-05,-5.3010244e-05,0.00020101055
200.0,-100.0,488.0,41.054867,1.283771,-3.6524596,0.0010949777,0.6535561,-20.98842,9.698631e-06,0.0008535055,0.0009276841,0.0004088646,1.2126018e-05,-4.832407e-05,0.00018307383
200.0,-100.0,538.0,41.15046,0.89125216,-2.9246209,0.0010924446,0.4390259,-22.567741,1.3510908e-05,0.0008686573,0.00092361047,0.00036609647,1.1799179e-05,-4.6501133e-05,0.00016481373
200.0,-80.0,28.0,42.54542,-1.1704062,1.5449525,0.88925165,729.819,-56.034885,0.0012309874,0.6783794,0.63414466,0.4663105,-0.0055720042,0.040662266,0.03826036
200.0,-80.0,38.0,35.617905,-1.5933236,2.122963,33.04864,3111.5051,-60.38193,0.009910395,22.548698,22.631567,20.911703,1.3788977,11.533004,0.9067933
200.0,-80.0,58.0,12.553879,-2.4494228,2.6031637,108.743706,2589.6826,-68.74734,0.035301182,71.1454,73.35364,72.98763,7.4793167,33.52602,1.102161
200.0,-80.0,78.0,-1.3108051,-1.4996926,2.1516228,96.12028,1716.6788,-72.77953,0.056028258,60.037605,64.427086,67.77778,9.956778,25.619007,-1.9700726
200.0,-80.0,98.0,-7.499995,0.5813597,1.2661542,74.43978,1176.5938,-72.85455,0.06329347,42.62118,49.423256,56.834106,6.242003,10.145976,-4.5322328
200.0,-80.0,118.0,-8.146236,3.004176,-0.1062889,71.3081,1013.71075,-73.96824,0.07034328,35.437256,48.564743,58.615852,1.5095714,-3.293317,-4.6178193
200.0,-80.0,138.0,-4.9073615,4.597406,-1.8424625,80.40556,1118.9042,-79.07975,0.07186226,36.01792,57.585102,67.21236,0.7531289,-12.508647,-1.9711934
200.0,-80.0,158.0,0.756212,4.6092296,-3.9426813,87.44101,1267.9565,-88.92734,0.06897199,36.468994,63.849403,74.56258,5.479172,-15.54032,-0.038889885
200.0,-80.0,178.0,7.414409,3.7704263,-6.645355,88.58153,1414.0985,-99.41769,0.06265853,35.616394,63.37996,78.16962,11.984953,-14.247786,-3.5024483
200.0,-80.0,198.0,14.396867,3.4741719,-9.912306,84.979485,1582.4211,-105.552086,0.05373292,34.64186,60.60188,74.72361,16.426622,-12.016765,-9.179674
200.0,-80.0,218.0,21.418358,3.9342995,-13.092705,72.431305,1744.0406,-104.65205,0.041568656,30.909784,53.692482,60.25782,16.523354,-9.452646,-10.660144
200.0,-80.0,238.0,28.67416,4.643002,-15.488068,49.298847,1883.9828,-94.515854,0.026198462,21.93267,39.035114,37.63265,11.633646,-7.4762764,-6.9416847
200.0,-80.0,258.0,36.688896,5.5465703,-16.341112,11.932159,1726.115,-75.54206,0.0066223033,5.924114,10.449318,7.490695,2.0814757,-2.2723925,-0.885053
200.0,-80.0,278.0,39.341503,5.6649446,-14.166669,0.014443234,81.10272,-55.33583,0.00015409429,0.019485127,0.037442967,-0.028040858,-0.0073947012,-0.00640852,0.011834077
200.0,-80.0,298.0,39.69645,4.950526,-11.980442,0.0016249082,25.320679,-40.3918,6.414646e-05,0.0040580626,0.010631613,-0.0114398105,-0.0015749458,-0.0023277372,0.0046995482
200.0,-80.0,318.0,40.00519,4.239556,-10.237632,0.0012739891,14.55921,-30.754337,3.8420287e-05,0.002313681,0.005331227,-0.005096819,-0.00051560946,-0.0010686215,0.0026309448
200.0,-80.0,338.0,40.248123,3.592187,-8.854802,0.0012039258,9.434577,-24.906725,2.1524447e-05,0.0014915239,0.002766843,-0.0018509419,-0.00014624883,-0.00046502214,0.001301333
200.0,-80.0,358.0,40.436962,3.0320253,-7.744756,0.0011570592,5.9646163,-21.559416,1.1704364e-05,0.0010979535,0.0016364558,-0.00043730647,-4.1651238e-05,-0.00019605564,0.0006146561
200.0,-80.0,378.0,40.58541,2.5598454,-6.837872,0.0011304319,3.9970737,-19.85541,7.5810653e-06,0.00093453407,0.0011988487,0.00012743322,-7.313172e-06,-0.00010324302,0.00032808993
200.0,-80.0,398.0,40.705803,2.165045,-6.080885,0.0011156958,2.7031674,-19.164705,5.8217656e-06,0.0008659403,0.0010259473,0.00033949417,8.963524e-07,-6.557436e-05,0.00020978077
200.0,-80.0,418.0,40.807266,1.8362423,-5.4405165,0.0011071365,1.8361969,-19.108372,5.763428e-06,0.00084537856,0.0009710046,0.00039787835,4.389832e-06,-5.4730106e-05,0.00017256496
200.0,-80.0,438.0,40.891743,1.5635271,-4.891834,0.0011017991,1.3071748,-19.431248,6.5540007e-06,0.0008441931,0.0009597873,0.00039960805,6.210546e-06,-5.186469e-05,0.0001633515
200.0,-80.0,488.0,41.048252,1.0614886,-3.8056688,0.001095309,0.6880594,-20.925482,9.202106e-06,0.00085109076,0.000949812,0.0003900031,8.392558e-06,-4.7491845e-05,0.00015374972
200.0,-80.0,538.0,41.14269,0.74501324,-3.0333233,0.0010926087,0.44991836,-22.421976,1.3190673e-05,0.0008687015,0.0009558803,0.00035299067,9.334577e-06,-4.641574e-05,0.00013782307
200.0,-60.0,28.0,42.44427,-1.2840922,1.22015,1.5804777,1055.5975,-55.47083,0.0014342666,1.1662122,1.044433,0.95003706,0.01730346,0.30283055,0.07998277
200.0,-60.0,38.0,32.881058,-1.8337398,1.6741496,50.850384,3331.3003,-59.3175,0.012917108,35.049435,33.806522,32.84474,1.7640634,17.062714,1.1019025
200.0,-60.0,58.0,8.519392,-2.3859417,1.913581,119.69716,2577.0684,-66.45393,0.03856553,79.98738,78.50367,80.90358,6.72002,36.972553,0.5589861
200.0,-60.0,78.0,-4.6884665,-1.3724874,1.3363203,95.032074,1597.5818,-69.72843,0.05953191,60.368454,61.65248,68.04303,7.936497,24.472485,-2.546669
200.0,-60.0,98.0,-9.454353,0.6111514,0.3567459,73.53719,1059.9501,-71.34864,0.069412604,41.09367,49.062496,56.916603,4.624364,6.6443167,-4.858324
200.0,-60.0,118.0,-9.044512,2.6423416,-0.8178854,72.22307,948.1512,-74.40881,0.07617513,34.940456,52.444263,57.06005,2.408602,-5.041015,-4.4437337
200.0,-60.0,138.0,-5.9776545,3.749982,-1.9704088,77.11575,1009.77954,-80.96731,0.07637446,34.325745,59.617092,60.289307,3.9207695,-10.294466,-1.643549
200.0,-60.0,158.0,-1.6951482,3.5846655,-3.24447,79.68478,1084.6125,-91.411705,0.07347991,33.871407,61.739643,63.75815,8.308929,-10.984829,-0.30229652
200.0,-60.0,178.0,3.0556695,2.9127486,-4.9338775,79.83888,1162.715,-102.31708,0.06868346,33.297783,59.903328,66.47688,12.472328,-10.345858,-3.2592952
200.0,-60.0,198.0,8.203809,2.6145234,-7.0264525,78.87181,1268.4797,-109.49741,0.062206324,33.153313,58.419594,66.22527,14.96633,-10.107053,-7.4977636
200.0,-60.0,218.0,13.844811,2.7060602,-9.219858,75.67401,1406.698,-110.90183,0.05383135,32.565536,56.668022,62.11308,15.273132,-10.271947,-9.078489
200.0,-60.0,238.0,20.38869,2.8139992,-11.346433,68.75815,1592.25,-105.47129,0.043224644,30.516823,52.140156,54.868137,13.162257,-11.329257,-7.745346
200.0,-60.0,258.0,28.703753,2.8827355,-13.376837,50.58748,1814.4207,-92.28906,0.027923537,23.303814,38.800816,39.06979,8.428099,-10.876156,-4.638952
200.0,-60.0,278.0,38.550335,3.5041196,-14.575416,6.4455237,1468.6102,-72.447586,0.0039927326,3.5413964,5.297628,4.050291,0.5276926,-1.3395203,-0.358898
200.0,-60.0,298.0,39.990253,3.4895947,-12.56515,0.0036394526,33.39016,-52.08307,0.000105049556,0.008540391,0.017449751,-0.018711213,-0.0033504807,-0.0020582622,0.004302887
200.0,-60.0,318.0,40.160492,3.0803049,-10.7824745,0.0013173952,15.04184,-38.48472,4.349287e-05,0.0028142459,0.0058446843,-0.006024233,-0.00074435654,-0.00079880527,0.0018280476
200.0,-60.0,338.0,40.32884,2.667028,-9.351732,0.0012036816,9.413465,-29.886215,2.2288965e-05,0.0016060445,0.0028710854,-0.0020699352,-0.00020476732,-0.00035695606,0.00089265424
200.0,-60.0,358.0,40.475124,2.2847555,-8.179845,0.0011624047,5.971259,-24.679834,1.1987873e-05,0.0011418993,0.001695107,-0.00053190923,-6.0342798e-05,-0.00015860872,0.00044085624
200.0,-60.0,378.0,40.599186,1.9479265,-7.210127,0.0011326709,4.047901,-21.762386,7.792725e-06,0.0009550188,0.0012460048,6.428524e-05,-1.6019423e-05,-9.2221024e-05,0.00024453868
200.0,-60.0,398.0,40.70669,1.6573924,-6.396001,0.0011168531,2.7292361,-20.290466,5.8583114e-06,0.0008746936,0.0010528406,0.00030616752,-3.2179184e-06,-6.0534825e-05,0.00015674676
200.0,-60.0,418.0,40.80195,1.4104733,-5.7045937,0.0011078292,1.8618041,-19.740515,5.7151847e-06,0.000849958,0.0009919882,0.0003737162,1.7960838e-06,-5.1797626e-05,0.00012923275
200.0,-60.0,438.0,40.883465,1.2034038,-5.111488,0.0011023069,1.337403,-19.758533,6.459409e-06,0.0008471707,0.0009786602,0.0003787959,4.0661625e-06,-4.9773407e-05,0.00012293937
200.0,-60.0,488.0,41.037476,0.8164227,-3.9577475,0.0010955039,0.6930403,-20.932022,9.348232e-06,0.0008563354,0.00096018024,0.0003747079,6.6144853e-06,-4.7675792e-05,0.0001236159
200.0,-60.0,538.0,41.136513,0.5659871,-3.133925,0.0010927138,0.45895794,-22.371326,1.2875861e-05,0.00086793373,0.0009604071,0.00033713342,6.561543e-06,-4.7161844e-05,0.00010753719
200.0,-40.0,28.0,42.024353,-1.0743098,0.84871745,3.5743463,1573.3708,-53.633896,0.001946982,2.574059,2.3145843,2.261322,0.057974678,0.87429583,0.09789947
200.0,-40.0,38.0,30.364464,-1.5184876,1.2673675,65.895355,3463.9172,-56.86541,0.014974202,45.774757,43.14308,42.87972,1.6961311,21.302605,0.9274762
200.0,-40.0,58.0,5.416949,-1.8368617,1.3851205,125.00249,2542.9995,-62.60598,0.040633786,84.772285,80.35643,84.87994,5.0570908,38.746098,0.23029731
200.0,-40.0,78.0,-7.101504,-0.9879762,0.70582753,91.72802,1489.4895,-65.66854,0.061632786,58.553543,58.35633,66.55318,5.3698335,22.839169,-2.3824544
200.0,-40.0,98.0,-10.906797,0.5348291,-0.28098917,71.41952,961.0947,-68.72446,0.074346706,38.914032,48.75674,55.164948,3.578287,4.801361,-4.0961356
200.0,-40.0,118.0,-10.214425,1.921013,-1.1896904,70.17697,868.8872,-73.02227,0.080767594,33.605766,53.647728,53.09964,3.6439955,-4.712592,-3.4842494
200.0,-40.0,138.0,-7.687955,2.5555665,-1.882497,72.37701,899.6847,-80.356415,0.080449626,32.79396,58.45183,53.510174,5.983023,-7.9631453,-1.2875001
200.0,-40.0,158.0,-4.428629,2.3615131,-2.6127057,72.7429,934.8015,-90.79298,0.07782108,32.179577,58.118793,55.1862,8.939886,-8.47538,-0.49724787
200.0,-40.0,178.0,-0.7203149,1.9034562,-3.6558747,71.940865,976.4829,-101.71745,0.07368029,31.426418,55.438843,57.014313,10.860714,-8.916204,-2.4022803
200.0,-40.0,198.0,3.574726,1.6674651,-5.0363255,71.23918,1047.2035,-110.00299,0.06804072,31.006834,53.798004,57.755424,11.547511,-9.961348,-4.9146385
200.0,-40.0,218.0,8.66034,1.6380641,-6.6470447,71.14584,1170.2917,-113.717125,0.06081159,31.040684,53.34967,57.901436,11.198252,-11.478123,-5.9060116
200.0,-40.0,238.0,14.99177,1.593024,-8.513505,71.44668,1374.8434,-111.69981,0.051991288,31.774334,52.94511,58.186016,9.811117,-13.922143,-5.3598876
200.0,-40.0,258.0,23.324877,1.4946636,-10.714145,65.46292,1657.3044,-102.82685,0.039540965,30.16051,47.835194,52.929844,7.3365197,-15.526087,-4.0270734
200.0,-40.0,278.0,34.275032,1.6163465,-13.055565,32.371536,1859.7314,-86.11393,0.01738984,15.751959,23.831676,25.160791,2.8555846,-9.155412,-1.8270804
200.0,-40.0,298.0,40.36764,2.1300406,-12.853034,0.05166955,91.90366,-63.335075,0.00045780328,0.0691324,0.092458785,-0.058253117,-0.015532005,0.003001354,0.0053042695
200.0,-40.0,318.0,40.336056,1.9709026,-11.0939,0.0013889578,16.876692,-45.7304,5.7954134e-05,0.0038260957,0.007127369,-0.008175534,-0.00090955617,-0.00048491906,0.0011944944
200.0,-40.0,338.0,40.426533,1.7473104,-9.663324,0.0012117773,9.93061,-34.508106,2.5768966e-05,0.0018251723,0.0031464144,-0.0025481475,-0.00022384361,-0.00026612595,0.0005923858
200.0,-40.0,358.0,40.527485,1.5182699,-8.468603,0.0011664868,6.00678,-27.57129,1.2406613e-05,0.0011853117,0.0017438726,-0.0006134034,-6.406452e-05,-0.00012183883,0.00027208833
200.0,-40.0,378.0,40.62583,1.3060126,-7.4662414,0.0011339514,4.065456,-23.542034,7.921008e-06,0.000971244,0.0012704404,2.6173366e-05,-1.981419e-05,-7.880738e-05,0.00015920764
200.0,-40.0,398.0,40.71917,1.1176103,-6.6168237,0.0011177596,2.7480123,-21.356794,5.894174e-06,0.0008823298,0.0010696433,0.00028353313,-7.3037245e-06,-5.4881977e-05,0.00010354209
200.0,-40.0,418.0,40.806973,0.9544325,-5.8915844,0.001108425,1.8873861,-20.356115,5.698962e-06,0.00085439417,0.0010058245,0.00035662367,-3.0817855e-06,-4.8568603e-05,8.5556065e-05
200.0,-40.0,438.0,40.884018,0.815498,-5.268091,0.0011027225,1.3615721,-20.094603,6.418179e-06,0.0008503873,0.0009912383,0.0003638125,-8.311466e-07,-4.7304646e-05,8.106691e-05
200.0,-40.0,488.0,41.03519,0.5532507,-4.047112,0.0010957096,0.7122761,-20.96602,9.11998e-06,0.00085580617,0.0009774917,0.00035840724,1.9986248e-06,-4.6976875e-05,7.493716e-05
200.0,-40.0,538.0,41.13382,0.38811454,-3.1916945,0.0010927871,0.4637269,-22.345703,1.2792551e-05,0.0008692491,0.0009699243,0.00032552332,3.655178e-06,-4.7237092e-05,6.709838e-05
200.0,-20.0,28.0,41.467842,-0.60827786,0.59694964,6.3166285,2011.7915,-52.05232,0.0026451761,4.519143,4.062577,4.0529375,0.06582155,1.6921312,0.07092876
200.0,-20.0,38.0,28.584995,-0.8342973,1.0025438,75.680336,3528.3826,-54.60189,0.016392473,52.841183,49.12603,49.401924,1.0566202,24.157646,0.49615896
200.0,-20.0,58.0,3.4750423,-0.9808467,1.0518813,126.66742,2503.4773,-59.42332,0.04175146,86.61856,80.488884,86.2378,2.6843472,39.3929,0.09083607
200.0,-20.0,78.0,-8.551444,-0.50865495,0.3218738,88.73519,1420.418,-62.487152,0.06252909,56.605507,56.08259,64.78736,2.7277176,21.642138,-1.4495726
200.0,-20.0,98.0,-11.909337,0.3106842,-0.6130957,69.01768,887.844,-66.41409,0.077782094,37.038822,48.199047,52.795715,2.1971662,4.396099,-2.3974874
200.0,-20.0,118.0,-11.334525,0.9980311,-1.3043615,66.94917,792.4319,-71.38678,0.08448803,32.093437,52.841225,48.962845,2.9546869,-3.6080348,-1.9881871
200.0,-20.0,138.0,-9.326012,1.2748982,-1.7116082,67.40741,805.48724,-79.00265,0.08368826,31.212639,55.62498,47.97693,4.6296663,-6.4024205,-0.83142495
200.0,-20.0,158.0,-6.645447,1.1533759,-2.1455417,66.67574,824.9042,-89.245674,0.08083232,30.515488,53.92784,48.90717,6.035322,-7.5674424,-0.48010424
200.0,-20.0,178.0,-3.375161,0.920729,-2.86003,65.64783,855.6052,-100.10581,0.07673178,29.752699,51.006824,50.537525,6.592413,-8.911754,-1.3556259
200.0,-20.0,198.0,0.6407579,0.7918465,-3.898231,65.512245,917.7946,-109.119255,0.07139027,29.364468,49.54863,52.150166,6.4998236,-10.671089,-2.4547148
200.0,-20.0,218.0,5.6095557,0.75624007,-5.2380595,67.159744,1039.9877,-114.39251,0.064593725,29.836887,49.949524,54.532467,5.937352,-12.811961,-2.8546965
200.0,-20.0,238.0,11.960782,0.7108692,-6.96476,70.78794,1255.0239,-114.4139,0.05642585,31.76115,51.548313,58.27688,5.0898104,-15.738625,-2.6065755
200.0,-20.0,258.0,20.360764,0.63239574,-9.182522,70.46707,1559.5155,-107.951126,0.045226257,32.637062,50.21297,58.083866,3.944443,-18.053652,-2.0992107
200.0,-20.0,278.0,31.443007,0.64019245,-11.780797,46.08453,1854.0264,-93.68879,0.024871295,22.345787,32.603718,37.218277,2.0442913,-13.610861,-1.26056
200.0,-20.0,298.0,40.618828,0.9684495,-12.9078045,0.3849272,348.40503,-71.17146,0.0009156133,0.30423528,0.35324016,0.11285105,-0.012353071,-0.037412215,-0.0070407987
200.0,-20.0,318.0,40.46761,0.9463548,-11.229736,0.001519414,18.447817,-50.829113,7.226023e-05,0.0049017784,0.008122218,-0.009985047,-0.00068707706,-2.7194377e-05,0.0005269917
200.0,-20.0,338.0,40.497814,0.8570451,-9.825928,0.0012187866,10.230665,-37.75195,2.8206161e-05,0.0019886042,0.003281848,-0.0028329773,-0.00014726435,-0.00017190578,0.00028170738
200.0,-20.0,358.0,40.566616,0.75261194,-8.630736,0.0011687739,6.04984,-29.607784,1.2814587e-05,0.0012187661,0.0017648889,-0.0006644455,-3.7007227e-05,-9.2499904e-05,0.00013098012
200.0,-20.0,378.0,40.646416,0.6517373,-7.6153383,0.0011346447,4.0676255,-24.798363,7.989555e-06,0.0009811823,0.0012807918,7.2643743e-06,-1.0532343e-05,-6.8344314e-05,7.793385e-05
200.0,-20.0,398.0,40.728542,0.5600735,-6.7477946,0.0011182546,2.7550333,-22.113379,5.912427e-06,0.0008870417,0.0010781948,0.0002712631,-4.3572068e-06,-5.0095416e-05,5.202802e-05
200.0,-20.0,418.0,40.8092,0.4800522,-6.004359,0.0011088203,1.9076864,-20.797342,5.708293e-06,0.00085749326,0.001013555,0.00034658474,-3.495e-06,-4.5989516e-05,4.2833202e-05
200.0,-20.0,438.0,40.88353,0.41028577,-5.3648205,0.0011029074,1.369598,-20.339664,6.3943803e-06,0.00085205986,0.0009983804,0.00035537672,-1.6249397e-06,-4.6101406e-05,3.8964175e-05
200.0,-20.0,488.0,41.032337,0.27765727,-4.1164374,0.0010958195,0.71876556,-20.997639,9.159312e-06,0.0008580059,0.0009825145,0.00035142025,2.24795e-06,-4.6231606e-05,3.8059323e-05
200.0,-20.0,538.0,41.13088,0.18549709,-3.2361386,0.0010928458,0.46826342,-22.317757,1.2644561e-05,0.0008690399,0.0009869009,0.00032027822,3.0090375e-06,-4.6913185e-05,4.000653e-05
200.0,0.0,28.0,41.222004,0.0012474032,0.5146745,7.5607605,2168.2073,-51.53346,0.0029622498,5.4059134,4.8532114,4.8653936,-0.0027370132,2.1007924,-0.00966838
200.0,0.0,38.0,27.945665,0.0387613,0.91548055,79.011185,3545.467,-53.924362,0.016906733,55.272053,51.146854,51.62124,-0.03141913,25.151407,-0.04042488
200.0,0.0,58.0,2.820514,0.011354147,0.9407233,126.93689,2487.036,-58.382755,0.0420791,87.01889,80.35324,86.500145,-0.0103302095,39.521507,0.10361513
200.0,0.0,78.0,-9.0419,-0.01578758,0.19711085,87.5295,1395.7252,-61.410244,0.06277487,55.79094,55.260685,63.993366,0.031260367,21.233429,-0.027708657
200.0,0.0,98.0,-12.287871,-0.0022482816,-0.7062054,67.88095,858.3835,-65.58413,0.07913097,36.246857,47.85736,51.65712,0.038020145,4.4349422,-0.08711054
200.0,0.0,118.0,-11.811632,0.007346282,-1.3134859,65.27766,756.6585,-70.74901,0.086270474,31.312273,52.137157,47.10568,0.043821678,-3.0500126,-0.055624913
200.0,0.0,138.0,-10.014884,0.009336784,-1.6227876,65.01124,763.1101,-78.369835,0.08519253,30.346054,54.058834,45.61449,0.040513936,-5.869293,-0.026443651
200.0,0.0,158.0,-7.521416,0.008423719,-1.9613358,63.924572,779.3598,-88.4766,0.08202318,29.616478,51.88476,46.348614,0.023309622,-7.4081655,-0.011567837
200.0,0.0,178.0,-4.3612976,0.0072672516,-2.5772338,62.990738,810.07416,-99.26549,0.07776196,28.940884,48.968365,48.07695,-0.00066625205,-9.107287,-0.0075481352
200.0,0.0,198.0,-0.3896893,0.0056810305,-3.5194328,63.303265,873.89325,-108.51512,0.07244639,28.68807,47.757973,50.16402,-0.016616624,-11.10223,-0.0027156046
200.0,0.0,218.0,4.5829043,0.0025863415,-4.783377,65.71296,998.97754,-114.338615,0.065794565,29.450697,48.610313,53.36329,-0.018085115,-13.407622,6.72261e-05
200.0,0.0,238.0,10.97335,-0.003782909,-6.4690943,70.41431,1217.9949,-115.06765,0.057832,31.752981,50.915726,58.171463,-0.015870968,-16.436941,0.00073085853
200.0,0.0,258.0,19.412397,-0.01187262,-8.684202,71.71908,1528.1843,-109.410126,0.04697058,33.318077,50.679432,59.44072,-0.019600967,-18.901007,-0.003420363
200.0,0.0,278.0,30.526066,-0.01759214,-11.337041,49.986847,1843.3916,-96.01872,0.027139617,24.269917,34.980564,40.72203,-0.031357378,-14.955932,-0.0040160287
200.0,0.0,298.0,40.631195,-0.014254504,-12.866862,0.7091149,518.1258,-73.92569,0.001132418,0.5034753,0.5796088,0.3358766,-0.00041293577,-0.09416288,-0.00092405296
200.0,0.0,318.0,40.51238,-0.009008034,-11.255261,0.0016030554,19.236012,-52.657265,7.806735e-05,0.005378047,0.00839084,-0.010563435,-3.7518544e-06,0.00022692811,-2.4543655e-05
200.0,0.0,338.0,40.518814,-0.0069603142,-9.871952,0.0012211711,10.297449,-38.91663,2.9018196e-05,0.0020457297,0.0033021462,-0.0029056119,-2.088203e-06,-0.0001304673,-1.4346001e-05
200.0,0.0,358.0,40.576794,-0.0064576846,-8.682629,0.0011692347,6.066964,-30.343887,1.2989119e-05,0.0012320633,0.0017694321,-0.00069217733,-6.742157e-07,-8.3203464e-05,-6.5673494e-06
200.0,0.0,378.0,40.65,-0.005766426,-7.6639986,0.0011351284,4.0784116,-25.250002,8.037444e-06,0.0009856169,0.0012863236,-1.8055434e-06,-5.6072818e-08,-6.460541e-05,-8.144144e-07
200.0,0.0,398.0,40.726562,-0.004728191,-6.7889237,0.0011185387,2.7731175,-22.384369,5.9459526e-06,0.0008897,0.0010827179,0.0002645695,5.3402726e-08,-4.77672e-05,2.0109779e-07
200.0,0.0,418.0,40.80215,-0.003685776,-6.041255,0.0011091942,1.9259127,-20.95496,5.757725e-06,0.0008597,0.0010160545,0.00034251862,8.7058915e-08,-4.4970173e-05,1.290247e-07
200.0,0.0,438.0,40.876976,-0.0033146685,-5.3999496,0.0011028874,1.3589408,-20.426256,6.396228e-06,0.00085245643,0.0010001713,0.0003530254,7.391952e-08,-4.666633e-05,-1.8004098e-07
200.0,0.0,488.0,41.029175,-0.0029867403,-4.140725,0.0010958266,0.7200447,-21.010342,9.024205e-06,0.00085647765,0.0009858924,0.00034922367,1.5833962e-07,-4.6674388e-05,1.7316546e-07
200.0,0.0,538.0,41.130154,-0.0028497335,-3.2541697,0.0010928761,0.47093713,-22.376005,1.2681358e-05,0.00086949405,0.0009628993,0.0003229898,1.2102836e-07,-4.689624e-05,-4.8317514e-08
200.0,20.0,28.0,41.511234,0.6018957,0.6102955,6.210963,1998.8593,-52.542027,0.0026152104,4.4429617,3.998761,3.9826155,-0.069484055,1.6613234,-0.08702006
200.0,20.0,38.0,28.640497,0.9070859,1.0183519,75.42065,3526.8088,-55.181408,0.016346432,52.64584,48.97175,49.232105,-1.1037301,24.08173,-0.57949895
200.0,20.0,58.0,3.5206957,1.0055631,1.0641245,126.70713,2506.8318,-60.007996,0.04167522,86.634705,80.515236,86.270424,-2.717067,39.40148,0.10277585
200.0,20.0,78.0,-8.547749,0.47791725,0.3348893,88.76368,1423.0795,-62.896084,0.062432215,56.659943,56.093494,64.774994,-2.6710818,21.67269,1.3872157
200.0,20.0,98.0,-11.921991,-0.31513345,-0.5963909,68.96544,888.2033,-66.63146,0.0776927,37.03628,48.156902,52.737305,-2.116718,4.4013186,2.2014742
200.0,20.0,118.0,-11.352029,-0.9817329,-1.2873541,66.88702,791.63324,-71.457565,0.084494725,32.06776,52.771626,48.93493,-2.871082,-3.612569,1.8568698
200.0,20.0,138.0,-9.343549,-1.2534083,-1.6979498,67.37099,804.81244,-78.95293,0.08371312,31.192295,55.556473,47.99327,-4.559005,-6.426894,0.76642394
200.0,20.0,158.0,-6.6575947,-1.134227,-2.1368234,66.67057,824.414,-89.112175,0.08087402,30.509472,53.888634,48.942795,-6.005646,-7.602728,0.45579553
200.0,20.0,178.0,-3.380266,-0.90514916,-2.854362,65.6565,855.1634,-99.89603,0.07678146,29.75462,51.000576,50.55706,-6.6069665,-8.943596,1.3504251
200.0,20.0,198.0,0.64076203,-0.7810182,-3.8927195,65.52513,917.37445,-108.86264,0.071437,29.397194,49.5672,52.145084,-6.5221972,-10.688026,2.4469376
200.0,20.0,218.0,5.6108627,-0.7533657,-5.2285843,67.17266,1039.6528,-114.14,0.064626954,29.841562,49.987617,54.515305,-5.972487,-12.8285265,2.8578146
200.0,20.0,238.0,11.963847,-0.7211241,-6.950236,70.80629,1255.1064,-114.18714,0.056436833,31.775463,51.58118,58.266594,-5.105917,-15.752996,2.6115148
200.0,20.0,258.0,20.37099,-0.65693825,-9.166328,70.49692,1560.6642,-107.78917,0.045212347,32.653435,50.23199,58.108025,-3.9539475,-18.079037,2.0974638
200.0,20.0,278.0,31.477987,-0.67139184,-11.771477,45.99661,1856.0994,-93.599655,0.02479598,22.301012,32.51999,37.17071,-2.0556748,-13.612723,1.2490674
200.0,20.0,298.0,40.621147,-0.99013233,-12.895276,0.365677,335.65152,-71.08815,0.0009010533,0.29207268,0.33792952,0.10180351,0.012403158,-0.034102444,0.005987792
200.0,20.0,318.0,40.468678,-0.96315897,-11.223369,0.0015142207,18.44008,-50.77836,7.2312185e-05,0.0048953947,0.008105668,-0.009972505,0.0006784516,-2.7279842e-05,-0.00055440696
200.0,20.0,338.0,40.498356,-0.8706005,-9.821686,0.0012190668,10.2540045,-37.71357,2.836746e-05,0.001995032,0.0032919717,-0.002848996,0.00014643009,-0.00017120539,-0.0002948455
200.0,20.0,358.0,40.56667,-0.76447576,-8.628488,0.0011687313,6.0433593,-29.575783,1.2800756e-05,0.0012185131,0.0017610854,-0.00066561176,3.612613e-05,-9.213645e-05,-0.00014268604
200.0,20.0,378.0,40.646305,-0.66177976,-7.613858,0.0011347024,4.0680084,-24.770094,7.99289e-06,0.000981255,0.0012808286,7.2843977e-06,1.0664879e-05,-6.8316396e-05,-7.8992365e-05
200.0,20.0,398.0,40.728275,-0.5687321,-6.746595,0.0011182685,2.754199,-22.088242,5.9134127e-06,0.0008870392,0.0010780218,0.00027146944,4.4748676e-06,-5.0083476e-05,-5.3000167e-05
200.0,20.0,418.0,40.808964,-0.48789907,-6.00378,0.0011088077,1.9025298,-20.774736,5.708365e-06,0.0008574534,0.0010133167,0.0003468435,3.5058783e-06,-4.601128e-05,-4.387074e-05
200.0,20.0,438.0,40.8833,-0.4173136,-5.3642015,0.0011028947,1.3685706,-20.319313,6.385099e-06,0.00085185684,0.0009983815,0.00035556193,1.6204633e-06,-4.609034e-05,-4.0004077e-05
200.0,20.0,488.0,41.03228,-0.28351784,-4.115448,0.0010958053,0.7178524,-20.983532,9.170422e-06,0.0008581439,0.0009821999,0.0003515777,-2.3095583e-06,-4.62624e-05,-3.9567207e-05
200.0,20.0,538.0,41.1307,-0.1911602,-3.2359602,0.0010928483,0.4682143,-22.306698,1.2648779e-05,0.00086893525,0.0009852457,0.00032137864,-2.6029936e-06,-4.6916724e-05,-4.1654424e-05
200.0,40.0,28.0,42.090157,1.0476049,0.8742227,3.4779017,1553.2765,-54.54178,0.0019247447,2.5051374,2.2553103,2.1959016,-0.06267169,0.85332894,-0.10499913
200.0,40.0,38.0,30.454771,1.5758151,1.2985743,65.36313,3457.8408,-57.97472,0.014887687,45.380283,42.822285,42.529507,-1.7207664,21.146835,-1.0038562
200.0,40.0,58.0,5.5170236,1.8591433,1.4101694,124.99408,2548.1223,-63.742085,0.040505633,84.716385,80.38805,84.87689,-5.0887046,38.736027,-0.06879525
200.0,40.0,78.0,-7.0873747,0.9589612,0.7359765,91.822784,1496.4106,-66.44848,0.061410487,58.683617,58.427216,66.53802,-5.3351846,22.912062,2.3156703
200.0,40.0,98.0,-10.932857,-0.53724265,-0.24214098,71.344406,963.1102,-69.10873,0.074114755,38.945335,48.688637,55.055412,-3.4983792,4.804871,3.8835027
200.0,40.0,118.0,-10.248295,-1.898469,-1.1505729,70.10014,867.8963,-73.13409,0.080771275,33.588875,53.527466,53.084194,-3.5796812,-4.7425137,3.3301322
200.0,40.0,138.0,-7.7193327,-2.5245826,-1.8521519,72.36219,898.55084,-80.25256,0.08053454,32.782146,58.34198,53.602936,-5.9557858,-8.028561,1.219734
200.0,40.0,158.0,-4.449629,-2.3339157,-2.5940166,72.77201,933.619,-90.509834,0.077950686,32.18476,58.0643,55.29369,-8.942195,-8.5498295,0.48342484
200.0,40.0,178.0,-0.7308537,-1.8843942,-3.6430943,71.96714,975.0751,-101.288895,0.07381349,31.430643,55.43872,57.059258,-10.882279,-8.971797,2.4015627
200.0,40.0,198.0,3.5692577,-1.6579862,-5.0209002,71.23731,1045.5862,-109.480804,0.06814415,31.03035,53.811558,57.70848,-11.546826,-9.967013,4.8962975
200.0,40.0,218.0,8.653607,-1.6387166,-6.624595,71.12645,1168.775,-113.21529,0.060873922,31.03482,53.36441,57.854027,-11.194764,-11.493994,5.8961754
200.0,40.0,238.0,14.9848585,-1.6062615,-8.484963,71.43171,1373.8501,-111.26641,0.052018024,31.76651,52.945526,58.163937,-9.787225,-13.938795,5.353483
200.0,40.0,258.0,23.324034,-1.5169606,-10.686787,65.45412,1657.3333,-102.50568,0.039535116,30.152681,47.807037,52.948074,-7.2930875,-15.548539,4.0127006
200.0,40.0,278.0,34.29369,-1.6369032,-13.039622,32.252213,1859.9155,-85.907364,0.01732344,15.692158,23.72207,25.091621,-2.809596,-9.138148,1.8052268
200.0,40.0,298.0,40.365303,-2.1430097,-12.839346,0.050056133,90.17022,-63.19546,0.00045218883,0.067470156,0.09050515,-0.057864614,0.015253966,0.0029469477,-0.005122419
200.0,40.0,318.0,40.338264,-1.984533,-11.085831,0.001385547,16.895393,-45.634186,5.8196125e-05,0.0038312047,0.007135445,-0.008195708,0.00090725697,-0.00048354754,-0.0012056659
200.0,40.0,338.0,40.426888,-1.7595671,-9.658223,0.00121217,9.959391,-34.432095,2.5955424e-05,0.001832267,0.0031576194,-0.002565675,0.00022323139,-0.00026509882,-0.0006060268
200.0,40.0,358.0,40.527145,-1.5294454,-8.465057,0.0011662743,5.995379,-27.506922,1.2368332e-05,0.0011839493,0.0017347934,-0.0006076773,6.238362e-05,-0.00012070044,-0.00028318548
200.0,40.0,378.0,40.62554,-1.3157233,-7.4634886,0.0011340583,4.0624824,-23.485292,7.914507e-06,0.0009709981,0.0012696914,2.7378846e-05,1.9778243e-05,-7.8743826e-05,-0.00016025544
200.0,40.0,398.0,40.71877,-1.1262993,-6.6146603,0.001117777,2.7480562,-21.30612,5.8962232e-06,0.0008823208,0.001069575,0.0002836413,7.293056e-06,-5.4886874e-05,-0.0001040573
200.0,40.0,418.0,40.806564,-0.96197736,-5.8897295,0.0011083834,1.8844332,-20.310747,5.696466e-06,0.0008542653,0.0010055996,0.0003568966,3.1329128e-06,-4.8558763e-05,-8.59322e-05
200.0,40.0,438.0,40.883602,-0.82235056,-5.2664037,0.0011027117,1.3611686,-20.054209,6.41634e-06,0.00085030525,0.0009911315,0.00036398062,9.538342e-07,-4.7334233e-05,-8.160618e-05
200.0,40.0,488.0,41.034985,-0.5585209,-4.045672,0.0010957074,0.7117556,-20.93734,9.122617e-06,0.0008558158,0.0009774654,0.00035842735,-1.670755e-06,-4.705888e-05,-7.49685e-05
200.0,40.0,538.0,41.13302,-0.39026788,-3.1974926,0.0010928151,0.46548754,-22.305079,1.2765195e-05,0.0008689879,0.0009696452,0.00032807174,-4.1278513e-06,-4.6816524e-05,-7.016852e-05
200.0,60.0,28.0,42.55992,1.2367338,1.2452477,1.523949,1035.6509,-56.734886,0.0014160995,1.1276922,1.0085872,0.9117097,-0.025916765,0.2922057,-0.07678598
200.0,60.0,38.0,33.0028,1.8678111,1.7122881,50.11344,3322.9282,-60.846394,0.012765924,34.53496,33.34581,32.348278,-1.76823,16.863289,-1.1576666
200.0,60.0,58.0,8.676366,2.3958728,1.9482352,119.508995,2581.7646,-68.020035,0.038411994,79.776245,78.45964,80.775276,-6.7468204,36.914963,-0.44196644
200.0,60.0,78.0,-4.647719,1.341658,1.3802596,95.20887,1608.2352,-70.79451,0.05924691,60.557224,61.81155,68.04468,-7.940738,24.59419,2.4848106
200.0,60.0,98.0,-9.485654,-0.61099684,0.4144827,73.50824,1064.3706,-71.85235,0.069098786,41.185013,49.018913,56.81314,-4.583917,6.6724744,4.64944
200.0,60.0,118.0,-9.085962,-2.609069,-0.761113,72.20715,947.53687,-74.54211,0.07620771,34.960987,52.337734,57.11476,-2.395632,-5.1033936,4.3040514
200.0,60.0,138.0,-6.0118127,-3.7023668,-1.926244,77.16416,1007.7673,-80.806206,0.07657468,34.329998,59.5337,60.46214,-3.9563503,-10.394486,1.5954543
200.0,60.0,158.0,-1.72246,-3.5445383,-3.212671,79.73628,1081.7388,-90.97308,0.0737224,33.879097,61.715267,63.87873,-8.334663,-11.071467,0.29524478
200.0,60.0,178.0,3.0317092,-2.890381,-4.902849,79.846725,1159.3304,-101.66736,0.06889052,33.282887,59.917103,66.49077,-12.480173,-10.401568,3.234755
200.0,60.0,198.0,8.177477,-2.6068578,-6.987516,78.831696,1265.1359,-108.725876,0.062339038,33.15819,58.41853,66.16019,-14.93001,-10.132716,7.4291353
200.0,60.0,218.0,13.814788,-2.7090867,-9.173984,75.63764,1403.8676,-110.16783,0.053913888,32.544178,56.652855,62.077698,-15.243721,-10.288821,9.031411
200.0,60.0,238.0,20.354195,-2.8253472,-11.298729,68.75208,1589.8562,-104.87394,0.043285765,30.508121,52.11957,54.88623,-13.125796,-11.343709,7.7193
200.0,60.0,258.0,28.666313,-2.896061,-13.3354645,50.65715,1812.7212,-91.87244,0.02798815,23.330814,38.82408,39.15883,-8.39667,-10.901105,4.6256447
200.0,60.0,278.0,38.527607,-3.5106726,-14.553551,6.542022,1474.7333,-72.19652,0.004044539,3.5877128,5.371102,4.123474,-0.53443235,-1.3659848,0.3656113
200.0,60.0,298.0,39.992012,-3.5014157,-12.553499,0.0036357965,33.149315,-51.908638,0.00010564079,0.0085389875,0.017522873,-0.018790366,0.0033608808,-0.0020880043,-0.0043056374
200.0,60.0,318.0,40.16334,-3.091895,-10.77435,0.0013171913,15.084637,-38.348392,4.3815693e-05,0.002826536,0.0058715455,-0.0060637454,0.00075246766,-0.0007999167,-0.001837643
200.0,60.0,338.0,40.329624,-2.6776905,-9.345667,0.0012043406,9.448448,-29.774181,2.2477961e-05,0.0016128002,0.0028859335,-0.0020902017,0.00020828172,-0.00035745886,-0.0009016303
200.0,60.0,358.0,40.47509,-2.2950552,-8.175146,0.0011621926,5.964977,-24.583492,1.1974378e-05,0.0011406098,0.0016997408,-0.000529955,6.2195475e-05,-0.00015912685,-0.00043322294
200.0,60.0,378.0,40.599174,-1.9570065,-7.2061534,0.0011327369,4.0476646,-21.676767,7.791843e-06,0.0009549155,0.0012458954,6.463716e-05,1.652069e-05,-9.222897e-05,-0.0002448608
200.0,60.0,398.0,40.70668,-1.6655263,-6.3921914,0.001116877,2.7314644,-20.214214,5.8633623e-06,0.00087476394,0.0010529999,0.00030598734,3.5433634e-06,-6.058145e-05,-0.0001572452
200.0,60.0,418.0,40.801834,-1.417983,-5.7013597,0.0011078326,1.8614577,-19.672565,5.7190714e-06,0.0008499923,0.0009917874,0.00037388637,-1.6035468e-06,-5.1795745e-05,-0.00012965429
200.0,60.0,438.0,40.883263,-1.21009,-5.108871,0.0011023046,1.3370651,-19.698133,6.463633e-06,0.000847197,0.0009785413,0.00037888344,-3.9372235e-06,-4.9791903e-05,-0.00012316731
200.0,60.0,488.0,41.037033,-0.8217023,-3.9564526,0.0010955011,0.692984,-20.888655,9.346229e-06,0.00085628225,0.00095988356,0.00037506872,-6.5312133e-06,-4.7690217e-05,-0.00012441796
200.0,60.0,538.0,41.136246,-0.56568795,-3.1327388,0.0010927082,0.45857137,-22.352283,1.2918852e-05,0.0008685594,0.00095822715,0.0003376285,-6.517615e-06,-4.7175916e-05,-0.00011024382
200.0,80.0,28.0,42.740517,1.1371555,1.584659,0.86081165,715.451,-57.539078,0.001214808,0.6649566,0.60835564,0.44800687,-0.01000964,0.035871807,-0.03396169
200.0,80.0,38.0,35.75208,1.6318059,2.1644185,32.252476,3100.0986,-62.24009,0.009666291,22.075703,22.021355,20.406586,-1.3632627,11.372534,-0.90455884
200.0,80.0,58.0,12.746475,2.42939,2.640242,108.203224,2590.5815,-70.632645,0.035182685,70.66933,73.1349,72.60809,-7.403994,33.382057,-1.0310668
200.0,80.0,78.0,-1.2277745,1.4586588,2.2029574,96.28112,1728.0336,-73.98173,0.055752516,60.195152,64.62772,67.742905,-9.979962,25.763924,1.9003646
200.0,80.0,98.0,-7.519642,-0.5757317,1.3351423,74.55017,1183.7876,-73.40076,0.0630032,42.816494,49.452267,56.832214,-6.2671556,10.222629,4.3165283
200.0,80.0,118.0,-8.181498,-2.9553797,-0.04256716,71.439674,1014.06464,-74.109314,0.07044865,35.546185,48.521904,58.810516,-1.5426083,-3.393854,4.5093966
200.0,80.0,138.0,-4.931221,-4.534614,-1.7900803,80.47275,1115.2423,-78.87296,0.072158314,36.01246,57.573162,67.35973,-0.8028872,-12.619739,1.9632199
200.0,80.0,158.0,0.7208257,-4.5625815,-3.8876472,87.3731,1262.0153,-88.36882,0.06924283,36.406578,63.843056,74.49545,-5.483507,-15.582163,0.02635395
200.0,80.0,178.0,7.3555098,-3.7503245,-6.5720825,88.5165,1408.1318,-98.58197,0.06287786,35.57433,63.39447,78.0658,-11.906356,-14.287579,3.4085853
200.0,80.0,198.0,14.329,-3.4662502,-9.82578,85.00417,1578.0176,-104.565315,0.05389866,34.78903,60.596462,74.70604,-16.364504,-12.069366,9.06146
200.0,80.0,218.0,21.35114,-3.9293041,-13.008421,72.58764,1741.1436,-103.78663,0.041727535,30.981548,53.73774,60.454742,-16.526253,-9.509865,10.622876
200.0,80.0,238.0,28.606457,-4.640547,-15.420332,49.56041,1882.0323,-93.885864,0.026364867,22.049675,39.182037,37.892387,-11.685496,-7.5168867,6.977811
200.0,80.0,258.0,36.629448,-5.5406528,-16.304237,12.294302,1734.8094,-75.15427,0.00680737,6.0847173,10.751657,7.7523465,-2.1635025,-2.3496504,0.92670894
200.0,80.0,278.0,39.34452,-5.675789,-14.153033,0.015158718,81.63944,-55.079586,0.00015987387,0.020318449,0.038938783,-0.028939126,0.007707613,-0.006625095,-0.012255602
200.0,80.0,298.0,39.699802,-4.961051,-11.9698305,0.0016245481,25.28781,-40.18702,6.421417e-05,0.0040535834,0.010631089,-0.011435526,0.001589059,-0.002328803,-0.004698516
200.0,80.0,318.0,40.007626,-4.249388,-10.228992,0.0012745063,14.568219,-30.582014,3.849422e-05,0.002315368,0.005335682,-0.005102084,0.0005206713,-0.0010669073,-0.0026378545
200.0,80.0,338.0,40.24864,-3.6019337,-8.847516,0.0012042754,9.450451,-24.75963,2.1593984e-05,0.0014931699,0.0027722518,-0.0018572705,0.00014747414,-0.00046429885,-0.0013099981
200.0,80.0,358.0,40.43641,-3.0416915,-7.7382865,0.0011569851,5.9649425,-21.431435,1.170474e-05,0.0010976398,0.0016348722,-0.00043904834,4.15697e-05,-0.00019621845,-0.00061887637
200.0,80.0,378.0,40.58469,-2.5684755,-6.832338,0.0011304809,3.9971864,-19.741488,7.584486e-06,0.0009344147,0.0011983751,0.00012813322,7.2427833e-06,-0.00010322753,-0.00032918423
200.0,80.0,398.0,40.704933,-2.1727424,-6.0768137,0.0011156864,2.699598,-19.063053,5.8202486e-06,0.0008657519,0.001025195,0.0003404095,-1.0184684e-06,-6.5542685e-05,-0.00021028421
200.0,80.0,418.0,40.806404,-1.8431314,-5.4374404,0.0011071152,1.835033,-19.017416,5.762898e-06,0.00084524334,0.0009707303,0.00039823967,-4.463638e-06,-5.475913e-05,-0.0001730112
200.0,80.0,438.0,40.890915,-1.5697619,-4.889229,0.0011018063,1.3072878,-19.350275,6.553626e-06,0.0008440875,0.00095953816,0.0003999777,-6.2498125e-06,-5.1929255e-05,-0.00016392117
200.0,80.0,488.0,41.047554,-1.0664376,-3.8042393,0.0010953174,0.68816507,-20.86726,9.203871e-06,0.0008510801,0.0009495586,0.00039030844,-8.254845e-06,-4.7593887e-05,-0.00015422108
200.0,80.0,538.0,41.142555,-0.74257696,-3.0294979,0.0010925865,0.4485905,-22.390192,1.3189973e-05,0.00086884666,0.0009536597,0.0003517092,-9.528487e-06,-4.6558056e-05,-0.00014398168
200.0,100.0,28.0,41.33389,0.55149275,1.5601245,2.0971446,827.4915,-56.02123,0.0022837354,1.5266179,1.5953479,1.0720251,0.5699138,0.11381715,0.09467311
200.0,100.0,38.0,37.84149,0.67438686,2.4424608,14.81904,2431.7139,-60.356644,0.0056946035,10.186496,10.71994,8.731479,0.39369825,4.674253,-0.3029253
200.0,100.0,58.0,17.331678,1.7934189,3.472231,89.091034,2564.487,-69.580986,0.030690279,56.717426,62.39211,59.07508,-6.2371335,27.839558,-1.7653431
200.0,100.0,78.0,2.9663076,1.1510612,3.1354418,90.77268,1804.6876,-74.17273,0.050332732,55.005814,63.18417,63.353844,-10.119547,25.292007,0.8819501
200.0,100.0,98.0,-4.826521,-0.61283123,2.3803036,72.72915,1294.2186,-72.554344,0.056215886,41.97085,49.343494,54.14724,-7.781065,13.98909,3.070652
200.0,100.0,118.0,-7.3252954,-2.8807607,0.9732652,66.481735,1058.5717,-70.842926,0.06280683,34.214024,42.807083,55.94423,-2.478827,0.6045631,3.521682
200.0,100.0,138.0,-4.6650643,-4.693584,-1.3116387,79.62291,1192.065,-73.297195,0.06679107,36.803253,51.419323,71.02012,0.9500733,-13.090011,1.6681398
200.0,100.0,158.0,2.1934984,-5.017599,-4.3524876,94.14414,1443.4941,-80.65491,0.06523399,40.26976,62.97869,85.0374,-1.4099752,-21.158024,-0.9797649
200.0,100.0,178.0,11.458411,-4.156495,-8.257795,95.949326,1695.022,-89.015625,0.056636963,38.593224,64.12445,89.17814,-8.225181,-20.890661,1.4839462
200.0,100.0,198.0,21.685762,-3.9195883,-13.161839,80.77754,1949.6149,-94.69574,0.041494448,32.49802,53.856052,75.257545,-13.337272,-15.202549,7.847553
200.0,100.0,218.0,31.63941,-5.30111,-17.924511,39.031776,2055.7488,-94.27014,0.018956356,16.627205,28.21453,33.218792,-8.432186,-6.2175493,7.215396
200.0,100.0,238.0,37.67639,-7.6332736,-18.941257,2.0915155,1017.89246,-81.07443,0.0018996182,1.4210303,1.743087,1.0177178,0.10994135,-0.17884047,0.32938007
200.0,100.0,258.0,38.281666,-8.226518,-16.117392,0.088823885,218.57243,-60.980984,0.00033314544,0.077086136,0.14275192,-0.042221926,0.020159805,-0.020373598,0.0003254231
200.0,100.0,278.0,38.93496,-7.59227,-13.272554,0.0034319814,43.991062,-42.40441,7.375061e-05,0.0055021443,0.0179601,-0.01659767,0.00250974,-0.0049556494,-0.0074285883
200.0,100.0,298.0,39.4952,-6.4817586,-11.047351,0.0014188694,23.589891,-30.558641,5.8821493e-05,0.0030935772,0.010050279,-0.010306036,0.00078429916,-0.0028825654,-0.006763675
200.0,100.0,318.0,39.901577,-5.3997016,-9.39001,0.0012698509,15.6261,-23.960604,4.152338e-05,0.0021644942,0.005480248,-0.00510501,0.00022333354,-0.001460604,-0.0042045224
200.0,100.0,338.0,40.19964,-4.478932,-8.130969,0.001197958,9.478913,-20.455276,2.1020203e-05,0.0013845398,0.002538789,-0.0015275162,3.354019e-05,-0.00053692656,-0.0017533902
200.0,100.0,358.0,40.418262,-3.7275279,-7.141007,0.0011525212,6.127619,-18.750029,1.2181295e-05,0.0010738443,0.0015582126,-0.0003406473,2.2406555e-06,-0.00023134841,-0.0008387898
200.0,100.0,378.0,40.582558,-3.1191015,-6.339893,0.0011277313,3.9583254,-18.12333,7.4770655e-06,0.0009158697,0.0011328531,0.0002067276,-8.807503e-06,-0.00010992228,-0.0004089042
200.0,100.0,398.0,40.710724,-2.6248577,-5.671544,0.0011141911,2.6307855,-18.13233,5.765496e-06,0.0008558684,0.0009836825,0.0003888347,-8.818982e-06,-6.787904e-05,-0.0002565985
200.0,100.0,418.0,40.815952,-2.2213352,-5.103792,0.0011060091,1.772249,-18.520947,5.841103e-06,0.0008403,0.0009413116,0.0004304076,-9.244737e-06,-5.663787e-05,-0.00021249226
200.0,100.0,438.0,40.90136,-1.8901285,-4.6135755,0.001101236,1.2690711,-19.121178,6.732684e-06,0.0008418542,0.0009344234,0.00042619862,-1.0164308e-05,-5.310497e-05,-0.00020121693
200.0,100.0,488.0,41.054203,-1.2885141,-3.649158,0.0010949919,0.6538896,-20.915604,9.689438e-06,0.00085333834,0.0009275342,0.0004092293,-1.1950989e-05,-4.843114e-05,-0.00018362532
200.0,100.0,538.0,41.149597,-0.89656097,-2.9223046,0.001092444,0.43898866,-22.510813,1.3510455e-05,0.0008688021,0.00092341314,0.00036520956,-1.1517433e-05,-4.6740857e-05,-0.00016736751
200.0,120.0,28.0,34.89982,-0.24311168,1.7382586,9.807727,1228.9265,-53.109596,0.007836032,7.111153,7.1425934,5.3684473,2.1546037,1.8607869,0.08589498
200.0,120.0,38.0,32.57255,-0.7192482,2.624108,11.894956,1393.9377,-56.16361,0.008357649,8.731322,8.872043,6.188696,2.6178353,2.1570103,-0.2635598
200.0,120.0,58.0,20.72873,0.5868614,4.3882637,57.418503,2328.7163,-65.01989,0.02466641,36.200584,41.564682,37.08352,-2.1013086,18.478046,-2.39279
200.0,120.0,78.0,7.1968513,0.45145074,4.1097045,74.229256,1798.8331,-70.82241,0.041296806,43.486897,52.83398,52.139248,-6.9236317,21.854187,0.03223304
200.0,120.0,98.0,-1.6635629,-0.9147177,3.3551514,64.26152,1348.292,-68.97767,0.047671966,36.464676,44.915646,47.142357,-6.957525,15.227083,1.7057525
200.0,120.0,118.0,-6.0088263,-2.5645156,2.058393,57.50287,1087.0123,-65.54343,0.052906774,30.397343,36.545002,48.065067,-4.5451236,4.6087165,1.8131933
200.0,120.0,138.0,-4.679271,-4.068266,-0.43783087,71.45873,1210.9475,-65.42063,0.058998097,34.728195,42.13436,66.059715,-0.8622915,-10.4341955,0.46768862
200.0,120.0,158.0,2.2362895,-4.558037,-4.0654626,93.363686,1547.1775,-68.76431,0.06035153,43.063652,56.640026,87.019775,1.8756078,-23.739145,-3.4783757
200.0,120.0,178.0,13.544587,-3.641442,-8.7764845,98.93479,1928.1747,-72.53975,0.05134072,43.41196,60.42761,94.021416,-0.0841256,-27.955229,-4.9527526
200.0,120.0,198.0,27.20653,-2.6617057,-15.120931,58.21539,2201.107,-77.53657,0.026453376,28.473072,31.20795,56.77539,-2.5256221,-13.149315,-2.1698332
200.0,120.0,218.0,28.04107,-2.284444,-17.749166,23.897528,2386.2422,-94.12328,0.010020627,22.489697,11.143521,14.160297,6.6284866,2.4384594,-2.8669653
200.0,120.0,238.0,24.595781,-6.1842847,-16.133726,24.9829,2304.36,-98.17353,0.010853406,20.487997,14.1760025,15.3036995,8.876804,-2.1534588,-1.9927841
200.0,120.0,258.0,30.825645,-10.518243,-15.072981,19.057764,2482.9758,-68.71566,0.007666838,13.577097,12.9542465,11.582077,5.8259473,-4.5641966,-1.0444719
200.0,120.0,278.0,38.719296,-10.20467,-12.044502,0.6526487,828.5654,-37.262974,0.0007688316,0.45161378,0.676406,0.1771926,0.033501387,-0.11432538,-0.16379456
200.0,120.0,298.0,39.467716,-8.010846,-9.588717,0.0070512695,71.24692,-24.83747,9.33365e-05,0.0072166454,0.018385349,-0.011501901,-0.00096787495,-0.005314866,-0.017070057
200.0,120.0,318.0,39.91278,-6.4285645,-8.188994,0.0013142815,17.347446,-19.833586,4.853668e-05,0.002150608,0.005269072,-0.00479107,-0.0003751117,-0.0018303937,-0.0066834763
200.0,120.0,338.0,40.2269,-5.222798,-7.176221,0.0011955493,9.9892,-17.748632,2.2961744e-05,0.0013539852,0.0022671227,-0.001229868,-0.00014329272,-0.0006074506,-0.0024230632
200.0,120.0,358.0,40.449657,-4.29646,-6.3855834,0.0011505474,6.3147593,-17.100111,1.29697855e-05,0.0010583269,0.0014098373,-0.0001782914,-6.453659e-05,-0.00025007842,-0.0010871048
200.0,120.0,378.0,40.613132,-3.5743084,-5.738756,0.0011254748,3.9263086,-17.174814,7.505072e-06,0.00090094423,0.0010454891,0.00030451122,-3.453991e-05,-0.000109293695,-0.00048444304
200.0,120.0,398.0,40.738914,-3.0003464,-5.1886683,0.001112468,2.538518,-17.642649,5.7355473e-06,0.00084617076,0.00092998974,0.00044878095,-2.196374e-05,-6.634637e-05,-0.0002961365
200.0,120.0,418.0,40.84173,-2.5373738,-4.7117996,0.0011049587,1.6950746,-18.32052,5.968039e-06,0.0008356107,0.00090366154,0.00047064704,-1.9175917e-05,-5.626602e-05,-0.00024929084
200.0,120.0,438.0,40.92386,-2.1606302,-4.292657,0.0011005367,1.2134073,-19.09552,6.9491834e-06,0.0008392615,0.0009017812,0.00046003272,-1.8713114e-05,-5.272344e-05,-0.00023708405
200.0,120.0,488.0,41.07087,-1.4725814,-3.4292297,0.0010948,0.65166885,-21.040237,9.62201e-06,0.0008478587,0.000904963,0.0004370574,-1.8221552e-05,-4.6271878e-05,-0.00021810236
200.0,120.0,538.0,41.159374,-1.0330625,-2.7848186,0.001092268,0.42451248,-22.63371,1.3892148e-05,0.0008686293,0.0009172674,0.00039426298,-1.5662252e-05,-4.4999386e-05,-0.00020852634
200.0,140.0,28.0,29.5445,-1.13195,3.016811,10.416201,1388.2217,-48.759083,0.006623917,7.2385516,7.6259623,5.9764524,2.5005174,1.8588152,0.20702477
200.0,140.0,38.0,26.871017,-1.6285607,3.7614288,10.33825,1159.9512,-51.67575,0.008353319,7.5639586,7.463365,5.6533313,2.5675502,1.635462,-0.10448728
200.0,140.0,58.0,21.693174,-0.67005014,5.1713324,23.381536,1808.3352,-59.30927,0.0128268255,15.186124,16.95536,14.628288,0.74138254,6.3744583,-1.3806268
200.0,140.0,78.0,10.114416,-0.33560488,4.913819,49.120335,1687.1436,-64.47928,0.029130582,28.409924,34.847923,34.986065,-2.0803537,15.000393,0.38342336
200.0,140.0,98.0,1.2038522,-1.373061,4.0268245,48.60906,1330.6207,-63.585293,0.03653761,27.265873,33.88117,36.070923,-4.453791,12.192021,1.2510759
200.0,140.0,118.0,-3.5179336,-2.274086,2.7413514,49.14574,1184.7191,-60.961823,0.04150752,26.68089,31.86343,39.746334,-7.5704174,4.785865,1.0733546
200.0,140.0,138.0,-3.3163638,-3.0742333,0.5334864,61.094532,1266.981,-59.60011,0.048232865,31.777905,36.479115,53.93151,-7.646818,-5.565168,-0.17966846
200.0,140.0,158.0,1.633389,-3.4057643,-2.6548219,77.724724,1505.9324,-58.956684,0.051603287,39.277206,45.861126,70.30899,-1.107336,-17.442839,-5.429819
200.0,140.0,178.0,11.596788,-2.3471272,-6.563636,92.62626,1942.9235,-58.86214,0.047689952,47.39405,56.095825,81.76094,7.6166434,-27.977516,-12.526302
200.0,140.0,198.0,24.74033,-0.09473571,-10.455043,60.160137,2244.3376,-65.957825,0.026792692,37.120983,37.02909,46.17323,7.544913,-14.979933,-13.247031
200.0,140.0,218.0,22.209967,0.46452245,-8.540599,17.427599,1807.4261,-111.44526,0.009614152,15.060886,11.033742,8.753537,-0.1844064,2.7854593,-2.611805
200.0,140.0,238.0,18.901482,-5.4508348,-7.0230856,13.647471,1464.8784,-128.39368,0.009308867,9.868015,9.306409,8.115669,-0.7157568,-0.8235918,-1.5427271
200.0,140.0,258.0,20.625109,-9.804766,-6.7977023,24.91935,1969.2906,-95.30518,0.012653945,16.255812,15.252136,18.328453,2.454108,-5.6940584,-2.6618178
200.0,140.0,278.0,35.504555,-12.819943,-8.461626,11.489822,2458.0132,-45.456932,0.0045475247,7.1091633,8.146168,7.7268653,0.73283905,-3.6549928,-1.6096646
200.0,140.0,298.0,39.740795,-9.216626,-7.4508286,0.038328584,135.90045,-24.641975,0.00025409227,0.031806935,0.04460138,0.00024018995,-0.009571399,-0.011907536,-0.06730635
200.0,140.0,318.0,40.079643,-7.1123037,-6.640612,0.002683743,37.536495,-19.018726,7.1552124e-05,0.0034468677,0.0049172556,-0.0029967707,-0.0015314454,-0.00228113,-0.011827191
200.0,140.0,338.0,40.333614,-5.722056,-6.043891,0.0012046034,11.129841,-17.135113,2.9204379e-05,0.0014392283,0.0017820175,-0.0008121221,-0.00043143492,-0.0006490449,-0.0034789008
200.0,140.0,358.0,40.5234,-4.689535,-5.5226107,0.0011470084,6.432383,-16.774887,1.402708e-05,0.0010527882,0.0011567263,5.860353e-05,-0.00013356363,-0.00024132257,-0.0012915654
200.0,140.0,378.0,40.67145,-3.8978472,-5.060359,0.0011236415,3.8645053,-17.085154,7.703693e-06,0.00089281844,0.0009422164,0.00041225247,-5.3248797e-05,-0.00010134009,-0.0005354975
200.0,140.0,398.0,40.78562,-3.276332,-4.6459827,0.0011109727,2.4293537,-17.716753,5.847595e-06,0.0008407416,0.0008702149,0.00051099365,-3.0775027e-05,-6.145111e-05,-0.00032446443
200.0,140.0,418.0,40.879692,-2.7772365,-4.272738,0.001103756,1.5920247,-18.496073,6.2236713e-06,0.0008334967,0.00085902656,0.00051499414,-2.5648487e-05,-5.385191e-05,-0.0002797527
200.0,140.0,438.0,40.954575,-2.3715246,-3.9339907,0.001099653,1.1339262,-19.32571,7.28983e-06,0.00083863316,0.0008627052,0.0004979648,-2.3884293e-05,-5.0506882e-05,-0.00026754115
200.0,140.0,488.0,41.087254,-1.6375757,-3.2167442,0.001094366,0.6010271,-21.285921,1.0559901e-05,0.00085457286,0.00088086794,0.00045370436,-1.9668269e-05,-4.5471537e-05,-0.00023486206
200.0,140.0,538.0,41.170536,-1.1577679,-2.6376023,0.0010920693,0.40947646,-22.830122,1.458762e-05,0.00087090075,0.00088457717,0.0004100149,-1.8591347e-05,-4.3639255e-05,-0.00022006084
200.0,160.0,28.0,23.586767,-2.1583352,2.7013807,8.6372795,1148.6831,-44.749184,0.0075218054,6.4017086,6.4772506,4.391122,-0.5290763,-0.60133207,0.72715366
200.0,160.0,38.0,24.39514,-2.3947706,3.6391804,10.14797,1355.1157,-47.721867,0.007477924,7.247236,7.6701145,5.3821325,-2.3866944,-0.5763996,0.43656096
200.0,160.0,58.0,21.417627,-1.5403467,4.936552,13.527156,1613.0358,-55.19577,0.008350835,8.770238,9.599778,8.670561,-0.69688696,3.775927,-0.26186633
200.0,160.0,78.0,11.1855755,-0.9904637,4.6907578,30.76913,1605.7642,-58.57053,0.019180734,17.97631,21.749298,21.810707,-0.7882225,8.613119,1.6464022
200.0,160.0,98.0,4.6788654,-1.7028742,3.775788,39.89205,1536.2706,-59.71349,0.025984185,22.60976,27.697548,29.47736,-7.532033,5.3044863,2.344947
200.0,160.0,118.0,2.5436497,-2.2652087,2.5381422,55.255783,1679.1045,-59.67979,0.032918006,31.235615,37.976562,41.29917,-15.389944,1.5740901,1.7622049
200.0,160.0,138.0,2.661601,-2.620328,1.0300412,65.025826,1704.9166,-58.330906,0.03816141,36.558193,43.72244,49.77175,-18.22292,-1.5470494,0.19086342
200.0,160.0,158.0,4.486474,-2.6963127,-0.8054662,64.32129,1656.4061,-55.992294,0.038858004,35.636307,42.60045,50.405704,-13.95302,-5.5335436,-3.741217
200.0,160.0,178.0,8.922953,-1.7872359,-2.6770346,66.59218,1737.7959,-55.794403,0.03831887,37.036236,45.395683,50.756454,-1.9083928,-12.86564,-10.039062
200.0,160.0,198.0,16.838642,-0.14642602,-3.6095695,70.23623,2042.5414,-65.07086,0.03439557,44.33931,50.104145,46.0299,12.57945,-16.552616,-12.283093
200.0,160.0,218.0,22.598555,-0.47378016,-1.7018284,44.309677,2045.1119,-93.287186,0.021653889,34.051052,31.654743,22.91518,9.563005,-3.669161,-2.497855
200.0,160.0,238.0,21.302588,-4.4872622,0.31539112,28.3293,1790.6615,-112.16199,0.015814675,22.507357,16.168612,17.98185,2.199786,1.7163504,-0.14133932
200.0,160.0,258.0,21.065304,-8.506961,-0.2577409,29.260988,1962.6166,-94.23233,0.014917255,18.260506,17.86834,22.392712,-2.3235433,-4.3370357,0.06970999
200.0,160.0,278.0,35.732967,-12.470332,-3.3740287,14.670063,2692.0935,-51.7506,0.005347045,8.605751,9.012009,11.726628,-1.4426463,-4.7330637,-1.1053073
200.0,160.0,298.0,40.151245,-9.283951,-4.898581,0.0042066025,50.212902,-28.162727,7.867572e-05,0.004840636,-0.0018904959,0.005456171,-0.0040190234,-0.001439534,-0.019639185
200.0,160.0,318.0,40.334644,-7.262369,-4.9873605,0.0014324884,28.512373,-20.929735,5.0683953e-05,0.0021039217,0.00011628325,0.00064437196,-0.0015237995,-0.0008758229,-0.008200862
200.0,160.0,338.0,40.508656,-5.8782253,-4.841229,0.0012573254,12.575487,-18.36793,4.054336e-05,0.001671165,0.00078286335,6.0590857e-05,-0.00078821514,-0.00061984285,-0.00474238
200.0,160.0,358.0,40.64323,-4.861868,-4.619166,0.0011427841,6.288834,-17.67663,1.4413515e-05,0.0010385554,0.00082209584,0.0004054699,-0.0001859007,-0.00018614648,-0.0013250774
200.0,160.0,378.0,40.754177,-4.072563,-4.3604302,0.0011194163,3.5257664,-17.812769,7.1785976e-06,0.00087126065,0.000813055,0.0005545489,-6.847503e-05,-7.499259e-05,-0.0005047014
200.0,160.0,398.0,40.84492,-3.4445498,-4.089604,0.0011085784,2.1854231,-18.340763,5.8984997e-06,0.0008337896,0.00080451195,0.0005788799,-4.1349704e-05,-5.151202e-05,-0.0003313936
200.0,160.0,418.0,40.924133,-2.9345894,-3.8208883,0.0011023473,1.4467493,-19.04534,6.608342e-06,0.00083283574,0.00081178127,0.00056010915,-3.473265e-05,-4.915645e-05,-0.00030126335
200.0,160.0,438.0,40.98941,-2.5173252,-3.5626695,0.0010986584,1.0338948,-19.811558,7.7441255e-06,0.00083882094,0.0008206272,0.00053794344,-3.1561794e-05,-4.71135e-05,-0.0002905508
200.0,160.0,488.0,41.107418,-1.753005,-2.985972,0.001094039,0.5868416,-21.628235,1.0852028e-05,0.0008523837,0.0008383725,0.0004975007,-2.6183261e-05,-4.3035216e-05,-0.00026867562
200.0,160.0,538.0,41.183155,-1.2515165,-2.4928653,0.0010918714,0.3950922,-23.048841,1.4900781e-05,0.0008686096,0.0008600019,0.00043843497,-2.1912918e-05,-4.1118747e-05,-0.00025123576
200.0,180.0,28.0,32.665653,-3.0449724,0.78718686,16.307522,2226.473,-43.466667,0.0055324757,11.00237,11.033148,10.575302,-2.3336012,-4.46793,1.1895398
200.0,180.0,38.0,36.9083,-4.083175,1.3847784,10.576449,2332.741,-46.257164,0.0045379233,7.2028904,7.721111,6.2507052,-2.4143293,0.8296063,0.6980163
200.0,180.0,58.0,24.65534,-2.3238347,2.466889,32.088245,2777.5056,-54.278126,0.011535341,19.40977,23.461796,21.306377,-6.2426515,5.8153515,1.325249
200.0,180.0,78.0,18.61631,-2.1909044,2.2624996,48.74585,2738.555,-58.464443,0.01779734,28.590303,36.11609,32.800213,-14.61954,3.4541721,2.8954673
200.0,180.0,98.0,16.776625,-2.7285743,2.0816243,60.0688,2668.716,-59.487507,0.022544589,35.80299,43.623615,40.707504,-20.712975,0.8157249,2.7423995
200.0,180.0,118.0,16.680645,-3.1128361,1.6422315,68.679726,2645.5479,-59.35186,0.02602266,41.05868,49.06221,47.239376,-24.679346,0.24759115,1.6591686
200.0,180.0,138.0,16.687897,-3.2811196,1.0236683,71.15173,2576.5547,-58.112873,0.027687795,42.56138,50.49438,49.248295,-25.799309,0.005329521,0.40766087
200.0,180.0,158.0,17.09008,-3.2928452,0.37959528,66.64102,2509.9004,-56.390347,0.02662191,39.974773,47.331882,45.974785,-24.094477,-0.75069743,-1.1878604
200.0,180.0,178.0,17.552872,-2.8731318,0.029764201,59.89851,2442.3613,-57.357292,0.024599772,35.988087,43.873665,39.934933,-21.042843,-0.75555676,-2.819637
200.0,180.0,198.0,18.067417,-2.0170941,0.5278848,54.941498,2290.5576,-66.19937,0.024074612,32.699726,42.98166,34.20328,-15.538251,-2.049548,-3.406495
200.0,180.0,218.0,19.824389,-2.1313071,1.8907717,48.5349,2174.3708,-81.81998,0.02238188,29.476048,38.606697,28.986176,-8.871205,-3.089976,-0.70065176
200.0,180.0,238.0,22.697655,-4.497061,2.9361281,41.89572,2288.0833,-90.28646,0.018358275,24.947062,31.406387,27.437332,-9.3083315,-3.7580721,2.2779844
200.0,180.0,258.0,30.316212,-8.462357,2.0550966,33.946537,2776.5593,-76.988976,0.012263907,19.2894,23.349224,25.253073,-9.471388,-6.890872,2.251581
200.0,180.0,278.0,40.774452,-9.953395,-1.2732302,0.32570705,462.05032,-48.285877,0.0004763235,0.22635943,0.07692753,0.34807327,-0.050034866,-0.020006118,-0.0678905
200.0,180.0,298.0,40.614014,-8.271552,-2.888942,0.0014881383,30.317568,-31.497967,4.917267e-05,0.0023377242,-0.0052252766,0.005837189,-0.0020814522,0.0001750979,-0.0075739166
200.0,180.0,318.0,40.64169,-6.846147,-3.5279672,0.0012817904,17.021912,-23.947386,5.901812e-05,0.002194738,-0.0027486999,0.003085638,-0.0017332233,-0.00031361345,-0.0075016734
200.0,180.0,338.0,40.70345,-5.720021,-3.749351,0.0011719443,9.265564,-20.648304,2.5078412e-05,0.0012784933,6.7605e-05,0.0009977993,-0.00048423276,-0.00023853178,-0.0025366521
200.0,180.0,358.0,40.78033,-4.8176856,-3.76114,0.0011347987,5.242059,-19.40741,1.1564629e-05,0.00096806564,0.0005894033,0.0007105449,-0.00016004466,-9.204507e-05,-0.00095452735
200.0,180.0,378.0,40.85634,-4.09089,-3.672582,0.0011153275,3.070687,-19.150991,6.7011124e-06,0.0008545239,0.00071232783,0.0006639911,-6.787803e-05,-5.036209e-05,-0.0004396718
200.0,180.0,398.0,40.922626,-3.4984791,-3.5331283,0.001106039,1.9187529,-19.401512,6.1619476e-06,0.0008313777,0.00073945033,0.0006414282,-4.6947298e-05,-4.106535e-05,-0.00033264287
200.0,180.0,418.0,40.984013,-3.0080986,-3.3662624,0.0011007823,1.2861671,-19.904217,7.0574065e-06,0.00083311636,0.0007579438,0.00061066775,-4.1810457e-05,-4.2239888e-05,-0.0003168249
200.0,180.0,438.0,41.035637,-2.5999334,-3.1872725,0.0010976085,0.9337922,-20.518028,8.225786e-06,0.00083921436,0.00077437673,0.00058166473,-3.844757e-05,-4.094118e-05,-0.0003078388
200.0,180.0,488.0,41.132706,-1.8346571,-2.7332149,0.0010935555,0.536019,-22.055069,1.162996e-05,0.00085701904,0.0008060263,0.00052194943,-3.0374242e-05,-3.9673792e-05,-0.0002850902
200.0,180.0,538.0,41.197437,-1.331751,-2.3230278,0.0010916573,0.3786255,-23.32222,1.5718244e-05,0.0008720354,0.0008381407,0.00046901644,-2.4207782e-05,-3.703631e-05,-0.00027230862
200.0,200.0,28.0,35.095444,-2.538673,0.061783724,13.475278,1860.5483,-44.05005,0.005045521,9.307552,8.540136,9.136301,-0.78829825,-4.068264,0.92279434
200.0,200.0,38.0,41.786522,-3.9282002,-0.19737215,3.8257544,1058.7103,-46.39132,0.0032710752,2.6479025,2.2402527,2.7625878,-0.19136213,-1.2495631,0.51057863
200.0,200.0,58.0,43.163963,-4.451542,-0.37379342,2.0126038,1267.2867,-53.35087,0.0014811069,1.3539405,1.4014494,1.271365,-0.48935097,0.08047326,0.05882415
200.0,200.0,78.0,41.427673,-4.201926,0.24214457,5.99893,2231.3203,-56.774567,0.0023324434,3.9138155,4.2078247,3.8748503,-1.668674,0.24607293,0.16425511
200.0,200.0,98.0,39.869255,-4.2249627,0.56415063,7.388535,2391.2192,-57.38207,0.0027460793,4.774505,5.117013,4.8829613,-2.3621068,0.086367056,0.15758976
200.0,200.0,118.0,39.959362,-4.3508253,0.68971103,6.681774,2279.4692,-57.32817,0.002565913,4.344349,4.5906386,4.426639,-2.126282,0.028733699,0.08620193
200.0,200.0,138.0,39.09869,-4.3906183,0.73299384,7.3673644,2300.2747,-56.848587,0.0029033325,4.7420816,5.0761414,4.9148264,-2.4741454,0.14095375,0.030808523
200.0,200.0,158.0,38.550644,-4.372726,0.7315443,7.50747,2178.9175,-56.522465,0.0031906492,4.813867,5.203555,4.9963655,-2.6279764,0.05048486,-0.03019443
200.0,200.0,178.0,38.350243,-4.273128,0.83681214,7.315145,2052.707,-57.959362,0.0033416096,4.6827393,5.146372,4.800577,-2.6086774,-0.00767249,-0.072889864
200.0,200.0,198.0,38.431347,-4.2710133,1.2608232,7.822295,2101.828,-62.874954,0.003476339,4.9936967,5.654743,4.997186,-2.7947237,-0.065466456,0.029372407
200.0,200.0,218.0,39.037785,-4.8477616,1.9682788,7.614778,2174.6443,-69.25016,0.003223186,4.8158574,5.5443187,4.871022,-2.6116488,-0.18908158,0.32978728
200.0,200.0,238.0,40.856426,-6.30796,2.1402242,2.7460563,1483.0352,-69.29735,0.0015697079,1.754847,1.8311996,1.9074955,-0.7691936,-0.13001925,0.28030252
200.0,200.0,258.0,41.589516,-7.537901,1.0014021,0.073257916,164.20341,-58.696987,0.0003524832,0.06617021,-0.022989426,0.10322204,-0.002187608,0.016812064,0.02572907
200.0,200.0,278.0,41.14323,-7.6319146,-0.56254536,0.0016385366,30.569649,-44.20686,5.358127e-05,0.0029890775,-0.008488034,0.008773299,-0.0013081179,0.0014774315,-0.0019361265
200.0,200.0,298.0,40.95715,-7.0004354,-1.7520921,0.0013168005,16.712927,-33.20707,5.4636133e-05,0.0023650562,-0.005751425,0.0060197324,-0.0014674888,0.00061930524,-0.0043201395
200.0,200.0,318.0,40.89538,-6.1489472,-2.472612,0.0012012295,10.272843,-26.629583,2.7556322e-05,0.0014217149,-0.0012562374,0.0022361297,-0.00060193054,5.111566e-05,-0.0023748497
200.0,200.0,338.0,40.880272,-5.351319,-2.8579566,0.0011475235,6.312836,-23.15037,1.4339564e-05,0.0010440015,0.00011317147,0.0011493429,-0.0002354715,-4.573326e-05,-0.0010907346
200.0,200.0,358.0,40.91566,-4.61334,-3.0178075,0.0011225302,3.8732977,-21.430481,8.023415e-06,0.0008890759,0.00052453333,0.0008360192,-0.00010654372,-2.8796214e-05,-0.0005503485
200.0,200.0,378.0,40.95551,-3.9886136,-3.0568998,0.0011098802,2.370247,-20.782381,6.156943e-06,0.0008373152,0.0006464201,0.0007363517,-5.970125e-05,-2.8670785e-05,-0.0003540601
200.0,200.0,398.0,40.99725,-3.4584005,-3.0183213,0.0011030738,1.5512339,-20.712645,6.7132632e-06,0.00083306653,0.00068169425,0.00069177046,-5.021558e-05,-3.0302012e-05,-0.00032725534
200.0,200.0,418.0,41.040493,-3.0078053,-2.9341614,0.0010990634,1.087774,-20.96293,7.781785e-06,0.00083707285,0.0007072185,0.0006542834,-4.50961e-05,-3.5005516e-05,-0.00032252166
200.0,200.0,438.0,41.07999,-2.6226873,-2.8212187,0.0010965923,0.8268008,-21.380466,8.985705e-06,0.00084335334,0.0007291263,0.0006211428,-4.0634295e-05,-3.4616485e-05,-0.00031686382
200.0,200.0,488.0,41.159225,-1.8798567,-2.484757,0.0010932698,0.5186716,-22.59866,1.2087857e-05,0.0008549779,0.00075445103,0.0005780464,-3.2256285e-05,-3.4827477e-05,-0.00030396302
200.0,200.0,538.0,41.211994,-1.3846363,-2.16047,0.001091417,0.3599316,-23.664536,1.6722703e-05,0.00087616616,0.00078576984,0.0004960392,-2.6865073e-05,-3.3356635e-05,-0.00028725778
200.0,220.0,28.0,39.4221,-1.8249258,-1.0599009,7.3349853,1184.9507,-44.82406,0.0045636664,4.9579144,4.7041864,5.001596,-0.5077993,-2.0659533,0.8441694
200.0,220.0,38.0,41.862373,-3.3258624,-1.0983062,3.3785079,659.2634,-46.686752,0.004958825,2.4251935,2.1075013,2.2241828,0.32674232,-0.6655155,0.7168821
200.0,220.0,58.0,43.382153,-4.474597,-0.72533655,0.65068775,334.23004,-50.178516,0.0019328031,0.5132703,0.46526837,0.32272154,0.028401306,-0.030378623,0.0063373027
200.0,220.0,78.0,42.935867,-4.2753043,-0.22664294,0.27927238,225.592,-52.416348,0.001238351,0.2380653,0.18837719,0.13220485,-0.0025525684,0.03746345,-0.008638721
200.0,220.0,98.0,42.33176,-4.1253576,0.15372007,0.096969545,190.4277,-53.602886,0.0005102491,0.08839325,0.05709436,0.048444133,-4.88401e-05,0.011856009,0.0014524832
200.0,220.0,118.0,42.028774,-4.080444,0.40860066,0.035851773,158.82213,-54.149483,0.00022644749,0.03525657,0.017247701,0.019201793,0.0011836764,0.0020558839,0.0017077352
200.0,220.0,138.0,41.924953,-4.117677,0.5815555,0.016504647,130.44911,-54.43339,0.00012683366,0.017422121,0.0064013125,0.009187208,0.00085171475,0.000488056,0.0012425508
200.0,220.0,158.0,41.882084,-4.1832013,0.708111,0.009225365,101.84212,-54.828136,9.069194e-05,0.010603473,0.002813657,0.005034739,0.00065023307,0.00011317834,0.0007227135
200.0,220.0,178.0,41.871788,-4.2568054,0.8539136,0.0065953583,85.77382,-55.79528,7.6719196e-05,0.007982844,0.0021720645,0.0030355554,0.0008005647,-5.327086e-05,0.0008915456
200.0,220.0,198.0,41.877575,-4.444857,1.0581015,0.0047275373,67.51135,-57.342453,6.979526e-05,0.0062497007,0.0015410545,0.0016626151,0.0010365164,-5.222025e-06,0.0020051575
200.0,220.0,218.0,41.850895,-4.8727527,1.2162486,0.0030743426,47.52544,-58.13219,6.4703236e-05,0.0048190616,-0.0003642086,0.0016934143,0.0010953004,0.00046445723,0.0035581957
200.0,220.0,238.0,41.728405,-5.505604,1.0763302,0.0021072356,33.895523,-55.75112,6.242132e-05,0.0039460734,-0.0034666662,0.003763488,0.0007018011,0.001090127,0.00395416
200.0,220.0,258.0,41.522186,-6.0402827,0.48556143,0.001676,23.273369,-49.32693,7.296426e-05,0.0037648452,-0.0072053852,0.006790183,-8.488224e-05,0.0016555119,0.0026343747
200.0,220.0,278.0,41.31375,-6.175282,-0.37530318,0.001345523,14.715747,-41.051346,5.2731466e-05,0.0025056084,-0.0053688446,0.0055538015,-0.0006157873,0.0009910095,-0.000444369
200.0,220.0,298.0,41.164097,-5.901331,-1.1895466,0.001213833,8.944144,-33.733387,2.2664306e-05,0.0013832892,-0.0013962693,0.002440766,-0.0003551325,0.0002646937,-0.000914292
200.0,220.0,318.0,41.07584,-5.413961,-1.7932639,0.0011513084,5.704304,-28.501196,1.1708449e-05,0.0010181194,-5.6256657e-05,0.0013406704,-0.00017961125,6.0095103e-05,-0.0006507014
200.0,220.0,338.0,41.032146,-4.866251,-2.176815,0.0011248549,3.8034554,-25.208395,7.64755e-06,0.000891765,0.00037916773,0.0009787064,-0.000103094935,8.648805e-06,-0.00042018254
200.0,220.0,358.0,41.035667,-4.3076754,-2.4149604,0.0011123026,2.5640788,-23.338518,6.1817177e-06,0.00084479863,0.00052989396,0.0008528523,-6.987056e-05,-4.540773e-06,-0.00033543806
200.0,220.0,378.0,41.049316,-3.7982934,-2.528564,0.001104816,1.7328049,-22.412659,6.550158e-06,0.00083486305,0.00059330865,0.0007814142,-5.88394e-05,-1.5456631e-05,-0.00031524454
200.0,220.0,398.0,41.071205,-3.3450866,-2.5609238,0.0011002802,1.2170086,-22.07006,7.512265e-06,0.0008371501,0.0006286997,0.0007346381,-5.4222026e-05,-2.0758458e-05,-0.00031986908
200.0,220.0,418.0,41.0989,-2.9455717,-2.5389986,0.0010973687,0.9047964,-22.079945,8.595284e-06,0.00084090413,0.000658281,0.000695484,-5.01103e-05,-2.6972793e-05,-0.00032141563
200.0,220.0,438.0,41.126163,-2.5972543,-2.4815423,0.0010954554,0.7147928,-22.29327,9.8300015e-06,0.0008468214,0.00068347505,0.00066066283,-4.6141486e-05,-2.7516833e-05,-0.00031971213
200.0,220.0,488.0,41.185795,-1.9071118,-2.2473433,0.0010928249,0.48204324,-23.149178,1.2637911e-05,0.0008543828,0.00075024803,0.00058157445,-3.557223e-05,-2.9858025e-05,-0.0003052255
200.0,220.0,538.0,41.228256,-1.407403,-1.9815942,0.0010911736,0.34009644,-24.011158,1.7676546e-05,0.0008785211,0.0007550017,0.00054117246,-2.9068262e-05,-2.8466946e-05,-0.00031717683
200.0,240.0,28.0,38.721874,-1.5357571,-0.7551894,5.962374,767.1895,-47.313316,0.00777001,4.2450733,3.744582,3.9306102,0.903318,-1.0171494,0.87808967
200.0,240.0,38.0,39.83007,-3.0728824,-0.7160721,5.133726,709.5405,-48.032394,0.0072324052,3.7305505,3.183614,3.350795,0.8931672,-0.9217335,0.62613815
200.0,240.0,58.0,42.745632,-4.5683517,-0.5080498,1.7989247,526.76447,-48.502182,0.0033708485,1.3499668,1.1689687,1.0780526,0.20812018,-0.4193399,-0.056328304
200.0,240.0,78.0,43.10155,-4.280264,-0.13197307,0.28807536,191.4302,-49.377987,0.0015025577,0.24173297,0.18689434,0.14732608,0.002299561,0.04877249,-0.0471598
200.0,240.0,98.0,42.423176,-3.993991,0.12473901,0.12447288,144.70714,-50.256123,0.0008592405,0.11403321,0.07173002,0.06322106,0.0022662785,0.023760179,-0.012812706
200.0,240.0,118.0,42.013206,-3.841316,0.32627574,0.04598502,109.49859,-50.861576,0.0004195733,0.04686218,0.021989215,0.023113126,0.0023114816,0.004914757,-0.0012179512
200.0,240.0,138.0,41.867615,-3.819168,0.48717237,0.019129364,80.17434,-51.26218,0.00023879897,0.0221247,0.006734287,0.00940157,0.0015036069,0.0009994216,0.0010229562
200.0,240.0,158.0,41.812195,-3.8699157,0.6097711,0.0096531445,59.697956,-51.59858,0.00016184575,0.012685154,0.0019690557,0.0046541677,0.0010179509,0.00032111292,0.0013636
200.0,240.0,178.0,41.78382,-3.9768424,0.7144606,0.0059395554,46.761177,-51.911987,0.00012735964,0.008714805,0.00045214524,0.0027132963,0.0009065102,0.00020486892,0.0018577279
200.0,240.0,198.0,41.76641,-4.1683316,0.79534334,0.0035225996,31.749485,-51.961384,0.00011131651,0.0063423174,-0.0010545377,0.0017539775,0.0009251404,0.00027503542,0.0026845068
200.0,240.0,218.0,41.73429,-4.463229,0.7906869,0.0021323047,19.947533,-51.079956,0.00010741828,0.005110899,-0.0031438724,0.0022988482,0.0008766366,0.00068480935,0.0036484313
200.0,240.0,238.0,41.65386,-4.8288684,0.6116822,0.001645417,14.953091,-48.484,9.212633e-05,0.0040819864,-0.00438759,0.0036275238,0.00050434005,0.001009011,0.0030547956
200.0,240.0,258.0,41.532776,-5.0949674,0.2115047,0.0013791955,10.070644,-44.071705,3.7662634e-05,0.0020326318,-0.0020655976,0.0027907526,-1.1957618e-05,0.0005251072,0.0006950424
200.0,240.0,278.0,41.398426,-5.184963,-0.32876354,0.0012257046,6.6135974,-38.725605,1.6693812e-05,0.00125338,-0.0005609025,0.0017590588,-9.535132e-05,0.0002145865,-4.9104463e-05
200.0,240.0,298.0,41.28492,-5.048995,-0.8815921,0.0011600117,4.6493344,-33.667866,9.631362e-06,0.0009921584,5.282258e-05,0.0012750239,-8.794175e-05,9.309323e-05,-0.00021720675
200.0,240.0,318.0,41.201927,-4.756433,-1.3533357,0.0011254413,3.1852436,-29.634014,6.554434e-06,0.00087986037,0.00035002956,0.0010209336,-6.785249e-05,3.7865415e-05,-0.00023127138
200.0,240.0,338.0,41.151676,-4.379441,-1.7076591,0.001112739,2.357885,-26.781673,6.1995106e-06,0.0008499046,0.00044587025,0.00092964666,-6.270384e-05,1.8160752e-05,-0.0002422171
200.0,240.0,358.0,41.13629,-3.9647753,-1.9463841,0.0011054074,1.6982424,-24.956669,6.659119e-06,0.0008420438,0.0005035746,0.00087021885,-5.9713904e-05,6.0675047e-06,-0.00027592847
200.0,240.0,378.0,41.133934,-3.5617213,-2.092221,0.0011009559,1.2587397,-23.896994,7.5368825e-06,0.00084130967,0.00054598774,0.00081466144,-5.6658246e-05,-5.76215e-06,-0.00029451362
200.0,240.0,398.0,41.140408,-3.1856449,-2.1662574,0.0010980592,0.9629378,-23.363674,8.535288e-06,0.00084405736,0.0005817859,0.00077028625,-5.322159e-05,-1.13274455e-05,-0.0003078462
200.0,240.0,418.0,41.155563,-2.8412707,-2.1875563,0.0010959619,0.75727326,-23.17824,9.626848e-06,0.00084731885,0.000613662,0.00073092425,-4.9155755e-05,-1.9566047e-05,-0.00031481235
200.0,240.0,438.0,41.172543,-2.5319138,-2.170623,0.0010944807,0.6211252,-23.212849,1.089034e-05,0.00085292367,0.0006412476,0.00069472956,-4.5361245e-05,-1.9705369e-05,-0.00031727404
200.0,240.0,488.0,41.210358,-1.9059227,-2.0422866,0.0010924325,0.44268352,-23.72538,1.4677287e-05,0.00086845376,0.0006839939,0.00063356035,-3.8190577e-05,-2.2166238e-05,-0.00031015166
200.0,240.0,538.0,41.243637,-1.4230652,-1.8216962,0.0010909295,0.32232398,-24.35621,1.9048703e-05,0.0008833887,0.0007453829,0.0005446771,-3.0098492e-05,-2.5247882e-05,-0.00029853653
200.0,260.0,28.0,35.568348,-1.1012968,0.44407162,6.18999,821.90393,-46.79801,0.00753985,4.4638243,3.7216372,4.1866426,1.2580104,-0.79923826,0.6388918
200.0,260.0,38.0,36.90188,-2.4519134,0.33068645,6.1667805,775.29865,-47.05368,0.007343266,4.4319744,3.4887896,4.365856,0.9492406,-1.338105,0.52832305
200.0,260.0,58.0,41.64906,-4.1743765,0.0035433148,3.3035622,618.8588,-46.53942,0.004943494,2.4204147,1.8903924,2.2536619,0.2591895,-0.9998136,0.026707228
200.0,260.0,78.0,43.230034,-4.1504307,0.04700487,0.3031252,200.01338,-46.750313,0.0015050193,0.25415257,0.17074208,0.18186884,-0.0044734585,0.034488574,-0.053048752
200.0,260.0,98.0,42.513725,-3.832717,0.17540607,0.13914567,126.07048,-47.283096,0.0010951617,0.1294222,0.0719704,0.07722376,-0.0030257974,0.033875782,-0.02135512
200.0,260.0,118.0,42.02516,-3.6450222,0.31017098,0.052624714,85.68016,-47.723583,0.0006086695,0.05532949,0.02297867,0.026959017,0.0012426082,0.009227335,-0.0046240827
200.0,260.0,138.0,41.83229,-3.5860052,0.42613587,0.020368157,56.67115,-48.0176,0.0003584555,0.02545293,0.005407504,0.009747023,0.0017065156,0.0019053428,0.00042056976
200.0,260.0,158.0,41.76286,-3.6118026,0.5144844,0.009617893,39.320797,-48.145016,0.00024468199,0.014328829,0.00033512758,0.004519375,0.0013634728,0.00065850234,0.0017427468
200.0,260.0,178.0,41.72675,-3.704406,0.57288975,0.0052973223,27.812994,-48.02926,0.00019062369,0.009515176,-0.0016909237,0.002675637,0.001136547,0.00047268195,0.0024061077
200.0,260.0,198.0,41.70449,-3.854063,0.58750755,0.002849799,16.805319,-47.485565,0.00015585861,0.006609739,-0.0030951167,0.0020845803,0.00096270075,0.00043473646,0.0028176843
200.0,260.0,218.0,41.676292,-4.0515404,0.52845883,0.0017820837,10.254931,-46.20316,7.1536495e-05,0.0032532199,-0.0017237591,0.0019102751,0.0003878547,0.00038878684,0.0015839845
200.0,260.0,238.0,41.61946,-4.259489,0.3542345,0.0014627923,7.608004,-43.922707,3.4452733e-05,0.0019124357,-0.0008129063,0.0019201045,0.000112959184,0.0002783665,0.0006659386
200.0,260.0,258.0,41.536243,-4.416435,0.0653095,0.0012759081,5.1279626,-40.693634,1.5410844e-05,0.0012384495,-9.3881914e-05,0.0013735427,3.297914e-06,0.00014873597,0.00016978761
200.0,260.0,278.0,41.44384,-4.4647584,-0.30845207,0.0011729887,3.4174972,-36.972267,8.429996e-06,0.00097353593,0.00023834588,0.0011252237,-2.886302e-05,7.897494e-05,-1.1900785e-05
200.0,260.0,298.0,41.358288,-4.383717,-0.70653754,0.0011329891,2.4892924,-33.34541,6.805617e-06,0.0008936389,0.00033960177,0.0010245782,-4.0622195e-05,5.341308e-05,-9.8432116e-05
200.0,260.0,318.0,41.287384,-4.1938,-1.0705631,0.0011124068,1.8500575,-30.252844,6.7182987e-06,0.0008633404,0.00038766436,0.0009698612,-4.8230126e-05,3.61099e-05,-0.00016278254
200.0,260.0,338.0,41.238163,-3.9303164,-1.3676697,0.0011052103,1.490384,-27.882198,7.2607227e-06,0.0008550803,0.0004254351,0.00092461094,-5.330214e-05,2.50858e-05,-0.00021280945
200.0,260.0,358.0,41.21166,-3.6243567,-1.5900581,0.0011009425,1.1860508,-26.218336,7.864673e-06,0.0008499824,0.0004689068,0.0008823979,-5.250609e-05,1.3306251e-05,-0.00025042237
200.0,260.0,378.0,41.1991,-3.3066933,-1.7432053,0.0010981561,0.9453569,-25.138504,8.7698545e-06,0.00085011276,0.0005068873,0.0008393189,-5.2161155e-05,2.6874711e-06,-0.00027438844
200.0,260.0,398.0,41.195244,-2.998886,-1.8377862,0.0010962727,0.77420783,-24.500895,9.758831e-06,0.00085212704,0.00054185616,0.00079855806,-5.042639e-05,-3.3293493e-06,-0.00029256864
200.0,260.0,418.0,41.200615,-2.707222,-1.8859271,0.0010947626,0.63917005,-24.178701,1.0839847e-05,0.0008545356,0.0005743023,0.0007606922,-4.7845766e-05,-1.19626075e-05,-0.00030417676
200.0,260.0,438.0,41.209213,-2.4377177,-1.8976868,0.0010936441,0.5426234,-24.071276,1.2101052e-05,0.00085922866,0.00060281256,0.000725233,-4.4669967e-05,-1.2978209e-05,-0.00031053842
200.0,260.0,488.0,41.232994,-1.8584476,-1.8261056,0.0010920345,0.41232395,-24.276234,1.51603435e-05,0.00086623157,0.0006773489,0.0006408986,-3.4972625e-05,-1.7903549e-05,-0.0003126292
200.0,260.0,538.0,41.25786,-1.428909,-1.6819124,0.001090723,0.30823728,-24.678234,1.9823376e-05,0.0008829613,0.0007043375,0.00058738806,-3.0426658e-05,-2.0886635e-05,-0.00032044036
200.0,280.0,28.0,32.92715,-0.5077901,1.155036,6.050742,910.2997,-43.328304,0.0064664413,4.3589067,3.644331,4.0947104,0.56561226,-1.4560506,0.6138254
200.0,280.0,38.0,35.456722,-1.6016613,0.99932945,6.49884,819.4108,-43.62178,0.0063975756,4.5125995,3.845558,4.632778,0.11903451,-1.8450748,0.68398386
200.0,280.0,58.0,41.189476,-3.517354,0.52355504,3.674845,620.75415,-43.874783,0.005173985,2.6180444,2.1130893,2.6178782,0.03051693,-1.1427097,0.21498981
200.0,280.0,78.0,43.296925,-3.8375733,0.3546323,0.32871443,214.22374,-44.09595,0.0014894551,0.26416543,0.1633682,0.22970855,-0.0017270714,0.007706257,-0.034273535
200.0,280.0,98.0,42.57916,-3.5956962,0.32887658,0.14020795,118.65178,-44.495304,0.0011752023,0.12601861,0.06191612,0.09221975,-0.0009826018,0.041957933,-0.020872394
200.0,280.0,118.0,42.015797,-3.4316998,0.36024457,0.056000903,74.63114,-44.8138,0.00074249663,0.05779953,0.02039145,0.033766013,0.0020516692,0.013826151,-0.006515831
200.0,280.0,138.0,41.78446,-3.3615103,0.41176605,0.020483704,44.997356,-44.982506,0.00045245292,0.026002537,0.003448273,0.011492805,0.0021177165,0.0029013066,-0.0005312766
200.0,280.0,158.0,41.70598,-3.371405,0.45188197,0.009038308,28.6907,-44.963676,0.00031470548,0.014430709,-0.0014575766,0.0050926614,0.0016202388,0.0009297845,0.0014291089
200.0,280.0,178.0,41.668938,-3.4392016,0.46754286,0.004644792,18.837011,-44.644073,0.00022988363,0.009069021,-0.0028893177,0.0031111178,0.0011809936,0.0005496973,0.002034212
200.0,280.0,198.0,41.65152,-3.544756,0.4439649,0.0024559363,10.470427,-43.92296,9.174501e-05,0.003933767,-0.001122071,0.0020996323,0.00043214997,0.00021467185,0.0010969338
200.0,280.0,218.0,41.632366,-3.67476,0.36347646,0.0016161909,6.082201,-42.672035,3.3861208e-05,0.0018873585,-0.00012598035,0.0014714833,0.000130165,0.00013144131,0.00044959813
200.0,280.0,238.0,41.593323,-3.8010976,0.2084742,0.0013645728,4.091628,-40.7701,1.6259832e-05,0.0012791795,0.0002299081,0.0012231269,3.8305614e-05,9.175483e-05,0.00018736646
200.0,280.0,258.0,41.534653,-3.8931947,-0.016705541,0.0012158079,2.7609491,-38.345158,9.94894e-06,0.0010220109,0.00034477623,0.0010647674,4.006995e-06,6.652864e-05,5.9919625e-05
200.0,280.0,278.0,41.467407,-3.9151478,-0.2939454,0.0011445176,1.9348185,-35.624947,8.274294e-06,0.0009254249,0.000357964,0.0010056546,-1.384169e-05,5.568612e-05,-1.4325323e-05
200.0,280.0,298.0,41.400257,-3.8565137,-0.5910707,0.0011189231,1.5117084,-32.93825,8.063194e-06,0.00089085766,0.0003641777,0.0009827744,-2.6942536e-05,4.956042e-05,-7.828252e-05
200.0,280.0,318.0,41.34128,-3.7236671,-0.8740439,0.0011051273,1.2019958,-30.55001,8.233041e-06,0.00087128475,0.00038254383,0.00095646625,-3.7712634e-05,3.7820137e-05,-0.00013736707
200.0,280.0,338.0,41.297054,-3.5340426,-1.1189582,0.0011006787,1.0240457,-28.610823,8.7446215e-06,0.0008640746,0.00040941994,0.0009278551,-4.523085e-05,2.926491e-05,-0.00018395684
200.0,280.0,358.0,41.269207,-3.3023858,-1.3159902,0.0010978308,0.8603054,-27.151703,9.293391e-06,0.00085868075,0.00044548317,0.00089151325,-4.8561975e-05,1.7718836e-05,-0.00022713485
200.0,280.0,378.0,41.25345,-3.0527656,-1.4629396,0.0010960172,0.72818184,-26.125216,1.01527285e-05,0.0008582159,0.0004779836,0.0008558352,-5.0648137e-05,8.639572e-06,-0.00025514368
200.0,280.0,398.0,41.24383,-2.8025959,-1.5640012,0.0010947214,0.62401026,-25.450882,1.1105901e-05,0.0008593404,0.0005111982,0.0008188929,-4.9918566e-05,2.7452118e-06,-0.00027671718
200.0,280.0,418.0,41.24388,-2.5578249,-1.6260873,0.001093663,0.5373128,-25.045303,1.2146858e-05,0.0008607612,0.0005427374,0.000783852,-4.8680493e-05,-6.155914e-06,-0.0002917946
200.0,280.0,438.0,41.246273,-2.3259182,-1.6561522,0.0010928346,0.47107917,-24.835861,1.3395266e-05,0.0008647319,0.00057074556,0.0007501819,-4.6182544e-05,-6.4227124e-06,-0.00030126065
200.0,280.0,488.0,41.25818,-1.8185143,-1.626526,0.0010915995,0.3738194,-24.793985,1.7971312e-05,0.00088403845,0.0006441857,0.0006551392,-3.7794565e-05,-1.1548397e-05,-0.0003087844
200.0,280.0,538.0,41.27275,-1.410219,-1.5134581,0.0010904756,0.28787512,-25.021646,2.2180846e-05,0.00089413347,0.0006829078,0.00060476223,-3.065111e-05,-1.51069835e-05,-0.0003185748
200.0,300.0,28.0,33.28493,-0.17687187,0.77764606,6.1142664,934.2114,-41.40031,0.0054229386,4.0979934,4.1288767,4.004803,-0.45584223,-1.729059,0.5987687
200.0,300.0,38.0,36.447594,-1.1972046,0.7814953,6.2361417,780.0989,-41.46785,0.0059294747,4.134836,4.131883,4.2004366,-0.41730812,-1.7410626,0.7502419
200.0,300.0,58.0,41.240074,-2.9609127,0.6574828,3.2123263,565.00146,-41.580444,0.005349117,2.3123014,1.8986385,2.2087717,-0.0037116527,-0.96639717,0.29501405
200.0,300.0,78.0,43.30616,-3.4479322,0.5378791,0.34179595,221.62065,-41.72013,0.0014834268,0.2676416,0.17131592,0.24431974,0.0019898058,-0.0067678923,-0.012440995
200.0,300.0,98.0,42.61971,-3.3097184,0.45135036,0.13637649,114.71903,-41.999245,0.0011834562,0.11894619,0.056140974,0.09760371,0.00018609445,0.045756932,-0.014391581
200.0,300.0,118.0,42.004185,-3.1917155,0.41833964,0.05633338,68.43269,-42.23042,0.0008145732,0.056526616,0.01736336,0.03876729,0.0022943881,0.017168071,-0.0057214266
200.0,300.0,138.0,41.743023,-3.1344252,0.4145839,0.020358657,38.25806,-42.30976,0.0005278553,0.025789782,0.0014589634,0.013489882,0.00222209,0.0038248228,-0.00086653454
200.0,300.0,158.0,41.65802,-3.1349897,0.41308466,0.008468842,22.467974,-42.194546,0.00033632462,0.013275977,-0.0022505536,0.00590934,0.0014971023,0.0010173044,0.0009859503
200.0,300.0,178.0,41.62196,-3.182455,0.39425883,0.0041781887,13.831738,-41.81138,0.00015856272,0.0062891403,-0.0012162095,0.0032831864,0.000687185,0.00033026832,0.00097075885
200.0,300.0,198.0,41.611065,-3.2542326,0.34611854,0.0021976337,7.040113,-41.088562,5.120908e-05,0.0025586765,2.9022573e-05,0.0018077197,0.00019155846,8.5968e-05,0.00040711087
200.0,300.0,218.0,41.600105,-3.3384447,0.25785092,0.0015138825,3.7964025,-39.973843,2.0158917e-05,0.0014232262,0.00036862056,0.0012359994,5.9936217e-05,5.8119967e-05,0.0001714522
200.0,300.0,238.0,41.572277,-3.415955,0.12028809,0.0012997609,2.4060082,-38.437073,1.3018123e-05,0.0011214761,0.00040373657,0.0010757742,2.454036e-05,5.534356e-05,9.1271155e-05
200.0,300.0,258.0,41.529438,-3.4689205,-0.061390717,0.0011797474,1.6902878,-36.586525,1.0825025e-05,0.0009860753,0.00036952583,0.001003778,4.703754e-06,5.2950956e-05,3.365702e-05
200.0,300.0,278.0,41.479897,-3.474085,-0.27647832,0.0011299487,1.2484466,-34.544067,1.0010035e-05,0.00092564157,0.0003548582,0.0009793593,-1.0760859e-05,5.0622926e-05,-2.0441348e-05
200.0,300.0,298.0,41.42732,-3.4274135,-0.50644755,0.0011105019,1.0101078,-32.508827,9.816046e-06,0.0008971791,0.0003581862,0.0009656081,-2.306759e-05,4.7157035e-05,-7.243198e-05
200.0,300.0,318.0,41.380703,-3.328475,-0.72977096,0.0011006857,0.84745985,-30.647535,9.943064e-06,0.0008805925,0.00037303724,0.0009477758,-3.2643093e-05,3.705757e-05,-0.00012419629
200.0,300.0,338.0,41.342926,-3.187564,-0.93085724,0.0010976887,0.7530288,-29.070208,1.0401959e-05,0.00087393087,0.0003956533,0.0009257649,-3.890414e-05,3.144554e-05,-0.0001674811
200.0,300.0,358.0,41.315422,-3.0085871,-1.102148,0.0010957245,0.6649805,-27.817999,1.0912038e-05,0.0008686382,0.0004254332,0.0008973889,-4.189622e-05,2.1487323e-05,-0.000208133
200.0,300.0,378.0,41.298176,-2.810591,-1.2367561,0.0010944827,0.5880458,-26.879923,1.17568525e-05,0.00086806645,0.00045361376,0.00086727715,-4.330595e-05,1.3837765e-05,-0.00023674475
200.0,300.0,398.0,41.283905,-2.606953,-1.3367335,0.0010935802,0.52327454,-26.213781,1.2696931e-05,0.0008686631,0.0004833577,0.0008351266,-4.2953132e-05,8.937585e-06,-0.00025994887
200.0,300.0,418.0,41.27937,-2.4021435,-1.4054059,0.0010928124,0.4646504,-25.767653,1.3746836e-05,0.0008697381,0.0005127576,0.00080313516,-4.1267303e-05,-4.979407e-07,-0.00027775753
200.0,300.0,438.0,41.276573,-2.203658,-1.4465413,0.0010922418,0.4205987,-25.49152,1.5028292e-05,0.00087341917,0.0005394292,0.00077162497,-3.9053368e-05,2.6307885e-07,-0.0002897007
200.0,300.0,488.0,41.277916,-1.7496172,-1.4567398,0.00109127,0.3558188,-25.256092,1.7778677e-05,0.0008750418,0.0005804532,0.00072724314,-3.125538e-05,-5.991824e-06,-0.00030227643
200.0,300.0,538.0,41.2846,-1.3826623,-1.3982211,0.0010902769,0.27489686,-25.306757,2.3447834e-05,0.0008958862,0.0006439739,0.0006239745,-2.9628804e-05,-1.11417985e-05,-0.00030569514
200.0,350.0,28.0,35.905598,-0.7152865,0.54699177,4.5190864,688.4384,-37.087917,0.0065890956,3.2614815,2.9987888,2.779693,0.36754316,-1.063106,0.21217398
200.0,350.0,38.0,37.35853,-1.2154486,0.69742775,4.3764796,610.13574,-37.142067,0.0071750632,3.1631005,2.8328028,2.7565303,0.3360435,-1.0173212,0.33159077
200.0,350.0,58.0,40.571033,-2.1699088,0.7846543,3.331997,563.0225,-37.24428,0.005888017,2.3873396,2.047199,2.2272472,0.093615375,-1.031142,0.20622255
200.0,350.0,78.0,43.205944,-2.6048326,0.7168816,0.46410444,261.2311,-37.22273,0.0016531895,0.3421518,0.2572842,0.32859555,0.0038869116,-0.05169563,0.0060318257
200.0,350.0,98.0,42.623657,-2.5934074,0.5918689,0.13121776,110.16309,-37.288162,0.0011874102,0.106556185,0.05490538,0.10102837,0.002485477,0.0505437,-0.002880837
200.0,350.0,118.0,41.945503,-2.5666683,0.49385625,0.05209924,58.316563,-37.334923,0.00088341726,0.048966087,0.01308395,0.04210424,0.0023711573,0.021268763,-0.0011957025
200.0,350.0,138.0,41.655525,-2.5555427,0.4209356,0.017965408,29.377462,-37.28584,0.0005102573,0.02021572,0.00037384592,0.015359339,0.0014553516,0.0040305597,9.381219e-05
200.0,350.0,158.0,41.569427,-2.5616236,0.35866594,0.0070968634,15.239207,-37.114265,0.0002023401,0.007944994,0.00026536174,0.0059823114,0.00055138476,0.000573455,0.00036136142
200.0,350.0,178.0,41.541363,-2.58663,0.29398185,0.0034043142,8.144093,-36.774334,7.913679e-05,0.0034996704,0.00049789716,0.0028105155,0.00019090819,8.2334365e-05,0.0002140874
200.0,350.0,198.0,41.54696,-2.61425,0.22065428,0.00183712,3.528251,-36.250004,2.939655e-05,0.0016694127,0.0005434031,0.0014615569,5.7947705e-05,1.221448e-05,8.860548e-05
200.0,350.0,218.0,41.549854,-2.6442542,0.13197994,0.0013849117,1.7280064,-35.54177,2.0014224e-05,0.0012165903,0.00043708464,0.00111624,3.0738527e-05,2.4800529e-05,5.6042947e-05
200.0,350.0,238.0,41.53917,-2.6674328,0.027749278,0.0012202858,1.0513731,-34.665142,1.7020635e-05,0.0010539134,0.00038186242,0.0010047901,1.6788801e-05,3.5054098e-05,3.1673568e-05
200.0,350.0,258.0,41.518787,-2.677908,-0.0917646,0.0011400218,0.7743708,-33.680687,1.5495374e-05,0.0009684362,0.00035695222,0.000962203,6.736087e-06,3.7852045e-05,-4.932891e-06
200.0,350.0,278.0,41.49141,-2.6650264,-0.22452897,0.0011135341,0.620899,-32.58088,1.4875954e-05,0.0009347064,0.00034844482,0.00094395323,-4.730033e-06,4.142325e-05,-3.290137e-05
200.0,350.0,298.0,41.459095,-2.632605,-0.36165652,0.0011001619,0.529652,-31.487959,1.4721761e-05,0.0009144539,0.00035034257,0.00093550223,-1.2871691e-05,4.1023748e-05,-6.600712e-05
200.0,350.0,318.0,41.431175,-2.5769262,-0.49766192,0.00109525,0.47928974,-30.442368,1.4837083e-05,0.000902963,0.0003601568,0.00092744094,-2.0224017e-05,3.43802e-05,-0.00010448011
200.0,350.0,338.0,41.404087,-2.4982014,-0.6262022,0.001093671,0.4496311,-29.491592,1.5140757e-05,0.0008961491,0.00037489735,0.0009162691,-2.5213914e-05,3.3742726e-05,-0.00013794
200.0,350.0,358.0,41.382328,-2.3947852,-0.7428911,0.0010926643,0.4198855,-28.665503,1.5626256e-05,0.0008913037,0.00039476805,0.00089928147,-2.8590139e-05,2.5086412e-05,-0.00017276258
200.0,350.0,378.0,41.366146,-2.2781863,-0.843637,0.0010920931,0.39390248,-27.975552,1.641613e-05,0.0008899196,0.0004145768,0.0008796606,-3.0492141e-05,2.228783e-05,-0.00019882656
200.0,350.0,398.0,41.34921,-2.1532927,-0.92700154,0.0010916679,0.36825407,-27.417349,1.731883e-05,0.00088927266,0.0004372255,0.00085681607,-3.1372907e-05,1.7498673e-05,-0.00022298194
200.0,350.0,418.0,41.340977,-2.020986,-0.9928428,0.0010912742,0.34320524,-26.978659,1.8326522e-05,0.0008890996,0.0004614232,0.0008320517,-3.0616207e-05,9.895387e-06,-0.00024404869
200.0,350.0,438.0,41.33133,-1.8875488,-1.0417486,0.0010909927,0.32436168,-26.64303,1.9563555e-05,0.00089101074,0.00048343636,0.0008075123,-2.9639452e-05,1.2436411e-05,-0.0002589845
200.0,350.0,488.0,41.31735,-1.5594137,-1.0961316,0.0010904892,0.2976349,-26.128784,2.184661e-05,0.0008866461,0.00053028844,0.000763983,-2.3780114e-05,5.2633154e-06,-0.00028422737
200.0,350.0,538.0,41.310894,-1.2778727,-1.0999005,0.001089824,0.24349357,-25.897814,2.797478e-05,0.000906558,0.0005805359,0.0006825414,-2.5329635e-05,2.442949e-07,-0.00029149101
200.0,400.0,28.0,33.93381,-0.6418007,0.50406003,6.286416,806.10736,-34.157932,0.007817722,4.3854957,4.211927,3.973223,0.03246288,-1.8689208,0.16931982
200.0,400.0,38.0,36.19661,-0.89028054,0.6199053,5.9964304,709.1499,-34.17642,0.008222768,4.1931367,3.946445,3.8512936,-0.027725518,-1.8113567,0.26706284
200.0,400.0,58.0,40.61017,-1.5183731,0.7073307,3.4304612,579.73474,-34.207424,0.005488567,2.4074554,2.1809444,2.2730799,-0.0712594,-1.1031111,0.17244354
200.0,400.0,78.0,43.131947,-1.8853025,0.66912377,0.44944036,245.14917,-34.21057,0.0017286421,0.32508352,0.25847194,0.31627214,0.010418975,-0.0437388,0.018797535
200.0,400.0,98.0,42.539402,-1.9577609,0.5558351,0.12191941,104.41014,-34.23397,0.0011652528,0.09430387,0.056693815,0.094949454,0.0024110344,0.052852567,0.0037998753
200.0,400.0,118.0,41.850365,-1.9868736,0.45791778,0.045061156,50.65866,-34.228905,0.0008033855,0.039602853,0.013625732,0.037424322,0.0018035172,0.018712124,0.001201069
200.0,400.0,138.0,41.585793,-2.0334682,0.37707603,0.016377069,24.726202,-34.145035,0.00045418093,0.016423509,0.0023183776,0.014292588,0.0006512756,0.0029989711,0.00079430075
200.0,400.0,158.0,41.51387,-2.0550983,0.3017164,0.0061763832,11.89999,-33.998264,0.00016335283,0.0060700756,0.0012920466,0.0051799575,0.00021777961,0.00034217243,0.0004842988
200.0,400.0,178.0,41.501137,-2.0679598,0.23693344,0.00294646,5.8156443,-33.753002,6.419889e-05,0.0027164845,0.0008051663,0.0023947344,6.46404e-05,5.202205e-06,0.00017939122
200.0,400.0,198.0,41.515507,-2.0791771,0.1604969,0.001685927,2.4071567,-33.41033,2.9884666e-05,0.0014668999,0.00057111576,0.0013724269,2.5873604e-05,-8.772283e-06,7.9028985e-05
200.0,400.0,218.0,41.52415,-2.103593,0.08637737,0.0013347294,1.1514182,-32.977726,2.5831132e-05,0.0011785199,0.00043852322,0.0010733224,2.0334113e-05,1.2911241e-05,1.0326554e-05
200.0,400.0,238.0,41.520855,-2.1118567,0.004507253,0.001189871,0.6813321,-32.450172,2.0887017e-05,0.0010198582,0.00038776014,0.0009890369,9.068489e-06,2.2201977e-05,-2.8860448e-05
200.0,400.0,258.0,41.509804,-2.127767,-0.087254055,0.0011268806,0.49680611,-31.884638,2.1103859e-05,0.00097326195,0.00038655472,0.000924536,1.2369248e-06,3.2553333e-05,-9.441806e-06
200.0,400.0,278.0,41.491596,-2.109005,-0.16537729,0.0011067993,0.4168083,-31.26853,1.9712137e-05,0.0009373536,0.00034942888,0.000927309,-3.7303737e-06,3.4438002e-05,-2.1959793e-05
200.0,400.0,298.0,41.46873,-2.0667026,-0.27278662,0.001096152,0.37511298,-30.60538,1.9965675e-05,0.000924699,0.00035990417,0.000921613,-2.7587105e-06,3.5933826e-05,1.0314801e-05
200.0,400.0,318.0,41.448917,-2.0258784,-0.35304347,0.0010930233,0.3397346,-29.991306,2.0928986e-05,0.0009263647,0.00038888544,0.00089476135,-7.970682e-06,3.3270644e-05,-0.00010519336
200.0,400.0,338.0,41.429287,-1.9760431,-0.4463453,0.0010918399,0.33881575,-29.375387,1.8212031e-05,0.0008922591,0.00039591317,0.00090395205,-1.5125403e-05,2.962283e-05,-0.00015905855
200.0,400.0,358.0,41.412598,-1.9507232,-0.5334867,0.0010911052,0.31051734,-28.849274,2.1666307e-05,0.0009145732,0.00044438773,0.0008413826,-1.907228e-05,2.783252e-05,-0.00017854203
200.0,400.0,378.0,41.398296,-1.8634409,-0.5932998,0.0010908385,0.30981424,-28.34917,2.0288313e-05,0.0008948733,0.00040495783,0.00089759356,-2.0048388e-05,2.3589668e-05,-0.0001556165
200.0,400.0,398.0,41.38359,-1.771739,-0.673933,0.0010906059,0.29086527,-27.923754,2.4329269e-05,0.00091915386,0.00037306416,0.00090115285,-2.2514283e-05,2.423708e-05,-9.1358896e-05
200.0,400.0,418.0,41.37367,-1.6697567,-0.7075286,0.0010903467,0.27744943,-27.540607,2.3886652e-05,0.00090725964,0.0004670517,0.00082402484,-1.6576032e-05,1.6796717e-05,-0.00021565298
200.0,400.0,438.0,41.363087,-1.5729545,-0.7616039,0.0010902522,0.27707985,-27.204443,2.2364298e-05,0.00088785123,0.00046870648,0.00083242386,-1.9926678e-05,1.7509832e-05,-0.00024309034
200.0,400.0,488.0,41.34279,-1.3369608,-0.84538096,0.0010899312,0.26079893,-26.60435,2.3856954e-05,0.00087923964,0.0004633244,0.00084350305,-1.6954364e-05,1.2133759e-05,-0.00023639725
200.0,400.0,538.0,41.328827,-1.1490601,-0.86236084,0.0010894653,0.22023077,-26.248642,3.315139e-05,0.0009154429,0.0005418054,0.00072237995,-1.8272669e-05,8.966719e-06,-0.00027104083
