x_mm,y_mm,z_mm,U,V,W,k,omega,p,nut,R_xx,R_yy,R_zz,R_xy,R_xz,R_yz
-1442.0,0.0,28.0,36.963985,-0.0005276754,-0.16975774,2.0597558,1052.813,143.74298,0.0017754617,1.4203826,1.3460487,1.3531041,-0.00020523195,-0.602949,-2.6027139e-05
-1442.0,0.0,48.0,39.38305,-0.0004572804,-0.06173848,0.47316557,368.065,141.35783,0.0012732049,0.34679973,0.2979572,0.30166653,-1.3838743e-05,-0.024447521,-2.1051635e-06
-1442.0,0.0,68.0,38.704285,-0.0004477475,0.048322022,0.14031732,134.95036,138.85786,0.0010019505,0.11860612,0.07950738,0.08239359,7.942283e-07,0.043749657,2.1067654e-06
-1442.0,0.0,88.0,37.859547,-0.00046439335,0.16106877,0.042721603,48.50302,136.45341,0.00043333735,0.039730027,0.022308128,0.023411132,-1.914157e-07,0.012752877,5.46037e-07
-1442.0,0.0,108.0,37.462883,-0.00045778824,0.28248337,0.018653495,23.014992,134.123,0.00026880615,0.019625545,0.008593363,0.009088286,-1.5741188e-06,0.0016691259,9.440025e-07
-1442.0,0.0,128.0,37.383865,-0.00048206685,0.40802315,0.0077187777,9.596549,131.78223,0.00010350721,0.007929531,0.0036655632,0.0038431739,-1.2848017e-06,-0.00027513396,3.206381e-07
-1442.0,0.0,148.0,37.40716,-0.00045964992,0.5338458,0.0034215285,3.6966643,129.33514,4.4401677e-05,0.0034636084,0.0016545316,0.0017245016,-7.270418e-07,-0.00027221744,1.4969923e-07
-1442.0,0.0,168.0,37.497578,-0.0004682018,0.6577395,0.0017896548,1.2434313,126.690674,2.2889699e-05,0.0017909722,0.00087402435,0.0009143076,-3.686699e-07,-0.00019767611,1.17126014e-07
-1442.0,0.0,188.0,37.598003,-0.00045023524,0.77701354,0.00134497,0.54849446,123.78124,1.756385e-05,0.0013415129,0.00065637205,0.0006919579,-2.2977734e-07,-0.00015820528,7.8542655e-08
-1442.0,0.0,208.0,37.695454,-0.0004333708,0.8906342,0.0012045774,0.32498398,120.56443,1.6262611e-05,0.0011989505,0.0005859108,0.000624205,-2.0448476e-07,-0.00014647868,7.995239e-08
-1442.0,0.0,228.0,37.793056,-0.00042800917,0.99688315,0.0011266111,0.20436253,117.02137,1.567763e-05,0.0011152916,0.0005470508,0.00059083255,-1.8614341e-07,-0.00014845138,8.789865e-08
-1442.0,0.0,248.0,37.891518,-0.00039525054,1.0956131,0.0011011992,0.15977648,113.14815,1.5771266e-05,0.0010810967,0.0005378348,0.00058350526,-1.7506187e-07,-0.00016062846,9.384643e-09
-1442.0,0.0,268.0,37.986477,-0.00036485126,1.18384,0.001089313,0.1404392,108.96801,1.6064005e-05,0.0010575794,0.00052593206,0.00059533154,-1.7587105e-07,-0.00017423349,-2.1156074e-08
-1442.0,0.0,288.0,38.096985,-0.00034576087,1.260622,0.0010852998,0.13273725,104.514656,1.6469357e-05,0.0010390539,0.0005286472,0.00060318044,-1.6737256e-07,-0.00019260492,-5.768768e-08
-1442.0,0.0,308.0,38.211025,-0.00033081011,1.3301625,0.0010844255,0.13030806,99.83149,1.7493865e-05,0.0010298303,0.00052810356,0.00061127346,-2.0456457e-07,-0.00020173301,-5.2328172e-08
-1442.0,0.0,328.0,38.330795,-0.00036051992,1.3883418,0.001083851,0.12913479,94.97065,1.7921684e-05,0.0010094813,0.000529815,0.000629237,-2.4654145e-07,-0.00022104697,-1.7131487e-09
-1442.0,0.0,348.0,38.455944,-0.00036600122,1.4349047,0.0010836946,0.12854339,89.99008,1.860221e-05,0.000990516,0.00053362024,0.00064412085,-3.0591684e-07,-0.00023715057,3.0794137e-08
-1442.0,0.0,368.0,38.57233,-0.0003649598,1.4727112,0.0010836681,0.12791486,84.9464,1.9800447e-05,0.00097476086,0.0005362412,0.0006569388,-3.0777073e-07,-0.000247836,8.540228e-08
-1442.0,0.0,388.0,38.69341,-0.000352236,1.4954048,0.0010836633,0.12750159,79.8859,1.9947052e-05,0.0009453178,0.0005237594,0.00069792854,-2.6757118e-07,-0.00025893853,1.2988481e-07
-1442.0,0.0,408.0,38.823627,-0.00034098004,1.5058637,0.0010836724,0.12656727,74.8774,2.1832882e-05,0.000931591,0.00053508306,0.00069942756,-2.2248774e-07,-0.00026965863,1.6404117e-07
-1442.0,0.0,428.0,38.946556,-0.00033461952,1.5135614,0.0010836874,0.1262316,69.936386,2.2826809e-05,0.0009195574,0.0005400557,0.0007146182,-1.3682265e-07,-0.00028032146,7.989179e-08
-1442.0,0.0,458.0,39.122166,-0.00024479593,1.5054991,0.0010836881,0.12506866,62.880604,2.5841864e-05,0.0008865481,0.00053094764,0.0007531751,-1.941135e-07,-0.00028373275,-6.099484e-08
-1442.0,0.0,488.0,39.28399,-0.00023205191,1.4837277,0.0010837198,0.12464324,56.162247,2.699832e-05,0.00084440084,0.00054117123,0.00078273006,-2.3584347e-07,-0.00029448766,-8.906519e-08
-1442.0,0.0,518.0,39.439682,-0.00035798142,1.4446539,0.0010837285,0.12385862,49.976425,2.9700017e-05,0.0008093875,0.00052936235,0.0008153897,-2.4449807e-07,-0.00030385272,1.05886755e-07
-1442.0,0.0,558.0,39.628815,-0.00033436748,1.3775008,0.001083724,0.12268855,42.399296,3.3868862e-05,0.00077035266,0.0005344684,0.000838742,-6.23551e-09,-0.00030453768,1.6107812e-07
-1442.0,0.0,598.0,39.78782,-0.00044759092,1.3007362,0.0010837163,0.12175786,35.98288,3.8444105e-05,0.0007272416,0.000554107,0.00089215394,4.308296e-08,-0.00029446228,-6.179973e-08
-1442.0,0.0,638.0,39.91993,-0.00044483552,1.2174425,0.001083713,0.121020555,30.541386,4.4072804e-05,0.00070404686,0.00055035565,0.00091672805,5.3179228e-08,-0.0003039637,-7.0881796e-08
-1442.0,0.0,688.0,40.07001,-0.0004571784,1.103114,0.001083702,0.12006174,24.29124,5.157775e-05,0.0006552612,0.0005608371,0.0009495226,6.484606e-08,-0.00028013787,-5.2732094e-08
-1442.0,0.0,738.0,40.18432,-0.000460064,0.99405336,0.001083681,0.119205534,19.449162,5.9823447e-05,0.00061479985,0.00057110965,0.0009787795,7.7026556e-08,-0.00025535413,-5.2294904e-08
-1262.0,0.0,28.0,33.253563,-0.00096615555,-0.08360857,2.8599155,1118.4608,257.9909,0.0022251348,2.030088,1.8011259,1.8878802,-0.0002265909,-0.8822395,-6.151185e-05
-1262.0,0.0,48.0,36.139545,-0.00076412817,-0.017827464,0.43907765,338.33786,262.07828,0.0012881334,0.35973302,0.23590133,0.28243423,1.6470192e-05,-0.009575526,-1.1793436e-05
-1262.0,0.0,68.0,35.300537,-0.00067344983,0.0854533,0.15801385,145.16519,266.81976,0.00086253387,0.15575746,0.066139765,0.094112106,2.1792875e-05,0.057499163,-4.17186e-06
-1262.0,0.0,88.0,34.18574,-0.00061247166,0.24671945,0.05471932,61.828674,271.2146,0.00029407415,0.055971976,0.022646936,0.03082097,7.2285366e-06,0.015495807,3.817472e-08
-1262.0,0.0,108.0,33.527653,-0.00059979537,0.4706308,0.0230435,30.691628,274.7229,0.00013301049,0.025137285,0.0089708585,0.01197546,2.5850038e-06,0.003253404,1.6368094e-07
-1262.0,0.0,128.0,33.279945,-0.00054995436,0.75151056,0.00918928,13.920293,276.87866,4.5929864e-05,0.009758475,0.0038966013,0.004723183,5.389508e-07,0.00042923403,1.5274924e-07
-1262.0,0.0,148.0,33.2079,-0.0005930944,1.0779923,0.003955591,5.721805,277.19107,1.7153057e-05,0.0040611383,0.0018040482,0.00204602,1.2656503e-07,2.3797181e-06,3.787557e-08
-1262.0,0.0,168.0,33.261333,-0.0005966605,1.4375983,0.0021080738,2.2888777,275.28638,8.762639e-06,0.0021528723,0.00098321,0.0010798527,5.6303605e-08,-8.245938e-05,2.9106582e-08
-1262.0,0.0,188.0,33.40548,-0.00061025145,1.8144846,0.0014260296,0.8820018,270.87006,5.8267565e-06,0.0014484124,0.0006743489,0.0007289938,5.6661538e-08,-9.586744e-05,3.479379e-08
-1262.0,0.0,208.0,33.617004,-0.00062433217,2.1924732,0.0012619001,0.5449647,263.7346,5.147012e-06,0.0012704992,0.00060308474,0.00065041945,7.240752e-08,-0.00012012769,1.5191159e-08
-1262.0,0.0,228.0,33.889523,-0.0005583273,2.553271,0.0011492313,0.3223404,253.97093,4.7254434e-06,0.0011419816,0.00055471226,0.00060168264,5.506526e-08,-0.00014273495,1.422186e-08
-1262.0,0.0,248.0,34.221996,-0.000540322,2.8839254,0.0011087562,0.23872986,241.76462,4.663212e-06,0.001083601,0.00053968607,0.0005941574,5.2736866e-08,-0.00016901459,1.0252058e-08
-1262.0,0.0,268.0,34.604877,-0.0004966268,3.171048,0.001095142,0.20490861,227.4946,4.7815806e-06,0.0010487345,0.0005352177,0.00060618744,5.021045e-08,-0.00019498347,-2.1761457e-09
-1262.0,0.0,288.0,35.03123,-0.0004622767,3.401125,0.0010870713,0.183144,211.61127,4.922611e-06,0.0010134187,0.00053487055,0.000625824,4.3646192e-08,-0.00022172007,-1.7749697e-08
-1262.0,0.0,308.0,35.493942,-0.0004575706,3.5728538,0.0010855244,0.17582664,194.62874,5.1920433e-06,0.0009831488,0.00053852086,0.0006493158,5.043193e-08,-0.0002447048,-1.6583225e-08
-1262.0,0.0,328.0,35.96178,-0.00045491982,3.684664,0.0010847071,0.1708336,177.15126,5.529718e-06,0.00095117855,0.0005403206,0.0006778772,3.58869e-08,-0.00026361848,-6.7598114e-09
-1262.0,0.0,348.0,36.43469,-0.00047471424,3.737452,0.0010843659,0.16711827,159.68442,5.9197723e-06,0.0009177866,0.0005428667,0.0007080451,1.2378173e-08,-0.00027900428,9.283676e-09
-1262.0,0.0,368.0,36.89365,-0.00048734655,3.7376785,0.0010842697,0.16256301,142.67795,6.478906e-06,0.0008857915,0.0005446746,0.0007380531,9.357717e-09,-0.0002896349,3.0832574e-08
-1262.0,0.0,388.0,37.32188,-0.00046826704,3.6931725,0.0010842473,0.1595438,126.49558,7.020249e-06,0.00085267087,0.0005452456,0.00077064574,1.3187181e-08,-0.0002957037,3.1223987e-08
-1262.0,0.0,408.0,37.73005,-0.00046899918,3.6022737,0.0010842395,0.15727535,111.42103,7.556758e-06,0.000819872,0.0005455845,0.00080305326,3.1582392e-08,-0.00029901555,6.59523e-08
-1262.0,0.0,428.0,38.103,-0.00046552726,3.4872253,0.0010842452,0.15313545,97.58206,8.4656795e-06,0.0007904666,0.0005506937,0.00082728005,6.472109e-08,-0.0003009071,5.5217257e-08
-1262.0,0.0,458.0,38.5961,-0.0004108882,3.2812514,0.0010842351,0.14860599,79.27175,9.798504e-06,0.00074849295,0.00055107696,0.00086882355,9.015712e-08,-0.00029560554,-7.304959e-09
-1262.0,0.0,488.0,38.99939,-0.00044093345,3.0497265,0.0010842489,0.1445127,63.864918,1.1528399e-05,0.0007107434,0.0005546099,0.00090260577,1.0858407e-07,-0.00028732436,1.0034614e-07
-1262.0,0.0,518.0,39.335957,-0.00017894343,2.8149107,0.0010842554,0.14151737,51.31854,1.3280988e-05,0.0006828881,0.0005537349,0.0009359192,8.952386e-08,-0.00027991427,-1.3997722e-07
-1262.0,0.0,558.0,39.702507,-0.00028509172,2.4951127,0.0010842398,0.1371346,37.510033,1.6576563e-05,0.0006437964,0.0005487925,0.0009787522,2.4451337e-08,-0.000269807,1.9169472e-07
-1262.0,0.0,598.0,39.961166,-0.00044283635,2.213765,0.0010842272,0.13391356,27.687466,2.0058716e-05,0.00060814817,0.0005641907,0.0010042426,2.6917293e-08,-0.00023396595,3.078337e-08
-1262.0,0.0,638.0,40.167755,-0.000535546,1.9488268,0.001084212,0.13103186,19.71394,2.5026795e-05,0.00057936134,0.0005553862,0.0010498894,3.662817e-08,-0.00023774858,2.0483306e-08
-1262.0,0.0,688.0,40.3492,-0.0005485906,1.6615994,0.0010841907,0.12807673,12.534385,3.1389893e-05,0.0005516213,0.0005645244,0.0010585361,3.6874614e-08,-0.00020097094,-3.46692e-08
-1262.0,0.0,738.0,40.4721,-0.00055096217,1.420867,0.0010841627,0.12576112,7.51056,3.857671e-05,0.0005298249,0.00057447946,0.0010659549,4.633308e-08,-0.00016828185,-3.4527236e-08
-1162.0,0.0,28.0,30.791681,-0.0012745967,-1.5922397,2.8904831,1055.9338,346.425,0.0023549213,1.9931179,1.7124441,2.0747085,-0.00028636787,-0.8201228,-1.0700241e-05
-1162.0,0.0,48.0,32.997517,-0.0012208854,-1.9572332,0.39094698,304.90323,369.14752,0.0012597136,0.35263985,0.14949906,0.2794603,2.8009468e-05,0.092200056,-7.211581e-06
-1162.0,0.0,68.0,31.270828,-0.0011816358,-1.9497999,0.16765696,153.09854,395.55487,0.0004596597,0.16081622,0.06873304,0.10573202,1.5096659e-05,0.06576169,3.8651797e-06
-1162.0,0.0,88.0,29.343887,-0.0011111846,-1.7037829,0.058310848,75.71737,421.54413,0.00017912054,0.063115,0.021030212,0.032404415,4.7752856e-06,0.0229028,-2.585965e-06
-1162.0,0.0,108.0,27.947435,-0.00096435007,-1.231569,0.024728443,40.869793,445.21295,8.073061e-05,0.029643774,0.008056835,0.011735069,1.078475e-06,0.0075614727,-6.5267085e-07
-1162.0,0.0,128.0,27.044306,-0.00090840453,-0.5243509,0.010017543,20.72707,465.0254,2.6369275e-05,0.0116861,0.0038321903,0.004528894,5.252661e-08,0.0017936775,-1.7238234e-07
-1162.0,0.0,148.0,26.456617,-0.0007887901,0.39255524,0.0044537373,10.280751,478.93207,8.219829e-06,0.0047048037,0.00206322,0.0021408661,-5.9479593e-08,0.0003468141,-2.8184573e-08
-1162.0,0.0,168.0,26.180641,-0.00068923505,1.4736886,0.0024817234,5.0757003,485.0953,3.9666634e-06,0.0025475132,0.0012144884,0.0012014561,-3.549507e-08,4.6650057e-05,-1.4093561e-08
-1162.0,0.0,188.0,26.234894,-0.0006643648,2.6535203,0.0015823892,2.04284,482.18518,2.4509764e-06,0.001619081,0.0007853514,0.00076017994,-2.2919705e-08,-4.6000227e-05,-7.557991e-09
-1162.0,0.0,208.0,26.594896,-0.0006469616,3.8556254,0.0013320801,1.2550284,469.51953,2.045087e-06,0.0013502785,0.0006685242,0.0006452796,-1.897439e-08,-0.00010181446,1.5115425e-08
-1162.0,0.0,228.0,27.250944,-0.00056864,5.0032983,0.0011981179,0.75123996,447.20526,1.8555137e-06,0.0011927689,0.0006076672,0.0005958066,-1.2951002e-08,-0.00014721835,-1.25501645e-08
-1162.0,0.0,248.0,28.182774,-0.0005080656,6.0203443,0.0011300703,0.53764707,415.9975,1.7954588e-06,0.0010941131,0.0005789919,0.0005871326,-1.495062e-08,-0.00018922343,5.1748485e-09
-1162.0,0.0,268.0,29.34092,-0.0004032804,6.8383803,0.0011056246,0.41828823,377.4896,1.8379727e-06,0.0010306991,0.0005717062,0.00060877425,-9.821475e-09,-0.00022945419,-6.2400485e-10
-1162.0,0.0,288.0,30.64412,-0.00037227303,7.4052415,0.0010927744,0.34639984,334.12924,1.9414917e-06,0.00097164535,0.0005684279,0.00064528227,-6.656663e-09,-0.00026299292,-8.4711695e-09
-1162.0,0.0,308.0,32.01298,-0.0003102873,7.6983204,0.0010871869,0.30404168,288.8759,2.0951516e-06,0.0009152533,0.0005687984,0.0006901648,-6.5431993e-09,-0.00028795822,-3.5449566e-09
-1162.0,0.0,328.0,33.358517,-0.00034251943,7.74289,0.0010858652,0.2765538,244.4935,2.325381e-06,0.0008617366,0.00057026395,0.0007394734,-4.356643e-09,-0.00030356826,1.04569375e-08
-1162.0,0.0,348.0,34.60255,-0.00040023724,7.577616,0.0010851012,0.2565091,203.21501,2.610419e-06,0.00081053755,0.00057085976,0.00078871497,-3.077694e-09,-0.00030929263,2.2391196e-08
-1162.0,0.0,368.0,35.71317,-0.0003910246,7.259033,0.0010848059,0.23908558,166.42467,2.971289e-06,0.00076320674,0.0005713591,0.0008351815,-5.4188664e-08,-0.00030791474,-6.469667e-08
-1162.0,0.0,388.0,36.66406,-0.00096646824,6.8413405,0.0010847091,0.2218035,134.65004,3.4352129e-06,0.0007200476,0.00057214475,0.0008776599,1.9217886e-07,-0.00029999032,1.1785784e-07
-1162.0,0.0,408.0,37.456364,-0.0005902652,6.369912,0.0010846707,0.2105641,107.97577,3.930992e-06,0.00068437913,0.0005705452,0.0009154289,-2.5004017e-08,-0.00028658446,3.4871665e-08
-1162.0,0.0,428.0,38.11981,-0.00064074824,5.874262,0.0010846432,0.19801003,85.93357,4.5528045e-06,0.00065353024,0.0005697317,0.0009472576,-2.3103082e-08,-0.0002721671,-3.440529e-07
-1162.0,0.0,458.0,38.883698,-0.0013645181,5.1617002,0.0010846189,0.18361898,60.245525,5.7247385e-06,0.0006151803,0.0005717627,0.000984567,-5.514256e-08,-0.0002484869,-1.9598235e-07
-1162.0,0.0,488.0,39.429436,-0.00064121996,4.510538,0.0010845922,0.17065191,41.62152,7.1742606e-06,0.0005848429,0.0005694619,0.0010155217,-2.864709e-07,-0.00022163133,3.5136222e-07
-1162.0,0.0,518.0,39.820877,-0.00045746093,3.9468346,0.0010845932,0.16264805,28.370577,8.8133775e-06,0.0005662091,0.0005673696,0.0010427526,8.77938e-07,-0.0002069543,-9.720835e-07
-1162.0,0.0,558.0,40.196453,-0.00024945405,3.2885516,0.0010845612,0.15269178,15.632275,1.1766514e-05,0.0005386035,0.0005585879,0.0010796138,9.878659e-07,-0.00018481503,-1.0962044e-06
-1162.0,0.0,598.0,40.421215,-0.00042651576,2.7861755,0.0010845355,0.14581665,7.8798404,1.5029314e-05,0.00052827655,0.0005725733,0.0010751778,1.6217607e-08,-0.00014383027,6.6252255e-08
-1162.0,0.0,638.0,40.58407,-0.0005666736,2.3596163,0.0010845088,0.14022487,2.096488,1.9661251e-05,0.00050086004,0.0005601097,0.0011250465,2.3545045e-08,-0.00014027736,4.893242e-08
-1162.0,0.0,688.0,40.707294,-0.00060207606,1.9383782,0.0010844778,0.13486066,-2.4179354,2.5645142e-05,0.0004934266,0.0005690629,0.0011142045,3.4248682e-08,-0.0001086511,-2.0491424e-08
-1162.0,0.0,738.0,40.780296,-0.00060665986,1.6126744,0.0010844427,0.13097583,-5.2731996,3.246233e-05,0.00048796734,0.00057934853,0.0011039772,4.294113e-08,-8.200198e-05,-3.20275e-08
-1062.0,0.0,28.0,33.35854,-0.003400761,-6.8668747,0.6668619,428.61957,324.95917,0.0006955492,0.31590632,0.34366748,0.6731077,4.4627952e-05,0.018443877,-1.7184899e-05
-1062.0,0.0,48.0,31.022959,-0.0038271737,-9.610103,0.2653231,264.34674,364.08456,0.0003183136,0.1480637,0.12877107,0.25444752,5.5624903e-05,0.101942025,1.8365252e-05
-1062.0,0.0,68.0,26.522987,-0.0014527397,-11.765916,0.07510303,159.30058,431.43765,8.034657e-05,0.048412945,0.036957726,0.06472801,8.838083e-06,0.035314936,-1.4665762e-06
-1062.0,0.0,88.0,21.291477,-0.0022766644,-13.045634,0.025439104,114.9041,523.23517,2.1350432e-05,0.019467952,0.013245458,0.018138632,-9.0463243e-07,0.011309153,-1.6283293e-06
-1062.0,0.0,108.0,15.674556,-0.0026032655,-12.565777,0.010296539,99.97697,628.00977,7.737838e-06,0.009534534,0.00542345,0.0056256577,1.7568422e-06,0.004232075,-9.361896e-07
-1062.0,0.0,128.0,10.614192,-0.0019832717,-9.815888,0.005270164,94.12696,723.2693,3.86114e-06,0.0057617202,0.0027489408,0.0020332562,1.4611706e-07,0.0016437272,-3.3768083e-07
-1062.0,0.0,148.0,7.348094,-0.0013957788,-5.4909587,0.004192421,98.03002,785.32996,3.3596273e-06,0.005171147,0.0020960313,0.0011983508,1.6051446e-05,0.000739365,4.24509e-06
-1062.0,0.0,168.0,6.0426188,-0.0005959173,-1.0236888,0.0030204083,85.67518,809.0872,2.7599224e-06,0.0038612434,0.0014242644,0.0008276311,9.26584e-08,0.00019356962,-7.7304634e-08
-1062.0,0.0,188.0,5.738209,-0.0005352909,3.1043825,0.002355347,74.75089,807.091,2.1716644e-06,0.0029784292,0.0011061305,0.00067276205,1.2253213e-07,1.5141764e-05,-4.790194e-08
-1062.0,0.0,208.0,6.037837,-0.00064322085,7.3060656,0.0019368007,65.402374,783.73914,1.6070527e-06,0.0023770183,0.0009570755,0.00057390914,1.8252682e-06,-8.212865e-05,-1.60696e-07
-1062.0,0.0,228.0,7.164232,-0.00051546737,12.04157,0.0016432267,58.188328,730.53595,1.1359473e-06,0.0019404306,0.0008719945,0.0005018396,5.754709e-06,-0.00020417452,-1.0926558e-06
-1062.0,0.0,248.0,10.158415,-0.00026187752,17.318995,0.0014724082,49.142937,626.80334,8.016078e-07,0.0015682457,0.00083715864,0.0005578437,3.946748e-06,-0.00036428863,-2.3643568e-06
-1062.0,0.0,268.0,15.701832,-2.8198233e-06,21.475187,0.0013036196,27.905832,475.2326,5.7882295e-07,0.0011368182,0.00077635667,0.0006952579,3.0688116e-07,-0.00037290994,-4.3117618e-07
-1062.0,0.0,288.0,22.395618,-2.6401207e-05,23.041538,0.0011761334,10.554075,314.46082,5.39014e-07,0.0008697421,0.00070897664,0.0007728821,1.0478157e-08,-0.0003569286,2.4626715e-08
-1062.0,0.0,308.0,28.522131,-0.0011114428,22.142029,0.0011186028,3.8435957,180.12321,6.135816e-07,0.00070890423,0.00067216845,0.0008558322,-5.7422383e-08,-0.0003338931,1.5419355e-08
-1062.0,0.0,328.0,33.143345,0.00022371206,19.803368,0.0010968492,1.786332,86.81932,7.5770976e-07,0.0006072101,0.0006536678,0.000932819,-2.5241091e-08,-0.0002915134,-9.269543e-09
-1062.0,0.0,348.0,36.26842,-0.00022539872,17.043352,0.0010886722,1.0280465,28.890059,9.707296e-07,0.0005446607,0.0006413752,0.0009918126,-2.3760593e-08,-0.00024310769,-3.2008842e-08
-1062.0,0.0,368.0,38.253056,-0.0007148697,14.426604,0.001086561,0.6834013,-4.349493,1.261209e-06,0.00050750247,0.0006324694,0.0010336961,5.7986743e-08,-0.00019573142,-2.4558148e-07
-1062.0,0.0,388.0,39.472805,-0.00052872265,12.162339,0.0010857282,0.5068401,-22.127983,1.6340657e-06,0.00048670938,0.0006237001,0.0010614587,-5.1514068e-08,-0.00015436612,-3.0053877e-07
-1062.0,0.0,408.0,40.208652,-0.00065425545,10.289579,0.0010854052,0.39417225,-30.824692,2.1045055e-06,0.00047618977,0.0006170657,0.0010782743,-1.0219383e-07,-0.00011942624,3.706594e-10
-1062.0,0.0,428.0,40.64305,0.0005559549,8.768949,0.0010852687,0.33155844,-34.517784,2.6585399e-06,0.00047365922,0.0006074142,0.0010895313,-7.3422704e-08,-9.1672264e-05,6.668576e-08
-1062.0,0.0,458.0,41.00692,0.00041745446,6.990913,0.001085132,0.26385373,-35.562904,3.7304449e-06,0.00047173863,0.0005990447,0.001098858,-6.797496e-08,-5.9589063e-05,4.2532722e-08
-1062.0,0.0,488.0,41.169685,0.0003222403,5.6868954,0.0010850293,0.22400281,-34.246796,5.060918e-06,0.00047348073,0.0005925388,0.001103779,-5.9322637e-08,-3.5345034e-05,6.467631e-07
-1062.0,0.0,518.0,41.23297,-0.000327408,4.7142262,0.0010849916,0.19983542,-32.30276,6.7151072e-06,0.00047066453,0.0005850076,0.001119212,-2.0965848e-08,-2.4183228e-05,-1.3051806e-06
-1062.0,0.0,558.0,41.264397,-0.00031748484,3.7295702,0.0010849253,0.1770293,-29.65468,9.586129e-06,0.00046655335,0.0005753129,0.0011361046,7.220183e-08,-7.588529e-06,9.81166e-07
-1062.0,0.0,598.0,41.257988,-0.00039137888,3.058943,0.0010848742,0.16283119,-27.29488,1.2813095e-05,0.00048281855,0.00058377977,0.0011092921,1.824979e-09,5.7236666e-06,8.796843e-08
-1062.0,0.0,638.0,41.244305,-0.00057825336,2.524072,0.0010848276,0.1525981,-25.637466,1.7339073e-05,0.0004582672,0.0005664229,0.0011590107,7.986482e-08,1.6327276e-05,-2.2760292e-07
-1062.0,0.0,688.0,41.21223,-0.00065432145,2.0308053,0.0010847796,0.14342408,-23.533285,2.3242006e-05,0.00046559266,0.0005748669,0.0011346717,6.070678e-08,2.3929684e-05,-1.4682948e-07
-1062.0,0.0,738.0,41.182842,-0.0006641297,1.6666243,0.0010847334,0.13727303,-22.017761,2.9929868e-05,0.00047159425,0.0005865069,0.0011114824,4.0211486e-08,2.9761144e-05,-3.6326433e-08
-962.0,0.0,363.0,52.884136,0.0017698307,10.601037,0.0011639175,31.691612,-624.1262,1.1700571e-06,0.00065636623,0.0007154957,0.0009542394,-3.456534e-08,0.000509542,5.3329163e-09
-962.0,0.0,368.0,51.856297,0.0014384863,10.230523,0.0011249159,17.6688,-567.0829,9.605284e-07,0.00065596134,0.00070137996,0.00089016685,-1.8739094e-08,0.00036738315,-4.1102908e-08
-962.0,0.0,378.0,50.15072,0.0010694229,9.521068,0.0010981675,6.131888,-473.2491,1.0672858e-06,0.0006378106,0.00068094285,0.0008775317,1.4479378e-08,0.0003161312,-1.5890025e-07
-962.0,0.0,388.0,48.84786,0.0008900632,8.872693,0.0010917028,3.1037493,-402.6757,1.307464e-06,0.0006225194,0.00066933443,0.0008908981,2.7341525e-08,0.00030827077,-2.4708487e-07
-962.0,0.0,398.0,47.78671,2.1419626e-05,8.273795,0.0010889869,1.8560855,-346.10486,1.5724264e-06,0.00061064406,0.0006605907,0.0009064302,4.172892e-08,0.000299236,-2.8406816e-07
-962.0,0.0,408.0,46.926006,-0.0008562732,7.724391,0.0010877072,1.2739949,-300.96658,1.8679277e-06,0.0006006545,0.00065273937,0.0009215447,4.421973e-08,0.00029089188,-3.171091e-07
-962.0,0.0,428.0,45.623436,-0.0007576991,6.7620296,0.00108655,0.727171,-233.76062,2.5404959e-06,0.00058404985,0.0006419538,0.0009467203,-7.616985e-08,0.00027507317,1.3398817e-07
-962.0,0.0,458.0,44.341854,0.0007761806,5.5943823,0.0010859503,0.44231287,-169.30122,3.7568448e-06,0.00056697684,0.0006208033,0.0009842827,3.8319712e-08,0.00024920676,-1.5189174e-09
-962.0,0.0,488.0,43.53134,9.1189184e-05,4.6858563,0.0010856485,0.31727484,-129.09752,5.282208e-06,0.00055269327,0.00061348785,0.0010053122,8.931322e-09,0.00023071555,4.5914865e-07
-962.0,0.0,518.0,42.980087,-0.00046168748,3.9773962,0.0010854871,0.2554799,-102.773705,7.022619e-06,0.0005378344,0.00060260773,0.0010309123,-1.3305912e-06,0.00021928347,-8.9063855e-07
-962.0,0.0,558.0,42.474648,-0.0004099221,3.2297719,0.0010853482,0.2094345,-79.17085,1.0115956e-05,0.0005210394,0.0005895266,0.0010627331,7.255429e-07,0.00020813828,1.1012422e-06
-962.0,0.0,598.0,42.167736,-0.00040805247,2.7009482,0.00108525,0.1837267,-64.72783,1.3532562e-05,0.0005245221,0.0005954892,0.0010599915,4.452418e-09,0.00017568073,8.986299e-08
-962.0,0.0,638.0,41.935135,-0.000581909,2.2539866,0.0010851726,0.16714583,-54.34606,1.8123088e-05,0.0005011565,0.0005835073,0.0010949255,6.5024693e-07,0.00018521833,7.4016634e-07
-962.0,0.0,688.0,41.73002,-0.0006917286,1.83953,0.0010850987,0.15305583,-45.136898,2.4218481e-05,0.00049721077,0.0005879899,0.0010851297,3.8904932e-07,0.00016464302,3.7117113e-07
-962.0,0.0,738.0,41.591156,-0.00072499237,1.5249213,0.0010850368,0.14414409,-38.996685,3.101323e-05,0.0004956779,0.000596431,0.00107441,4.1502933e-08,0.00014670097,-4.1238476e-08
-862.0,0.0,363.0,46.88738,0.00024558406,1.062368,0.004465167,105.03415,-266.21625,3.225068e-05,0.0057691867,0.0023483066,0.00079853274,2.8316042e-06,0.0010791045,-4.120697e-06
-862.0,0.0,368.0,46.822186,0.0007308701,1.2256451,0.0016379952,56.785473,-262.85007,1.8946632e-05,0.0026668613,0.00072435767,-0.00010745146,1.2746921e-06,0.0006180384,-1.8479785e-06
-862.0,0.0,378.0,46.606365,0.0006974545,1.5230128,0.0011635874,22.914284,-254.72696,7.6658025e-06,0.0013434072,0.0006273208,0.0003564167,2.2766345e-07,0.00034039468,-7.423629e-07
-862.0,0.0,388.0,46.36275,0.0006550009,1.7734809,0.0011148758,10.432657,-244.9979,4.941255e-06,0.001064759,0.0006500877,0.0005150138,8.135197e-08,0.00023408876,-7.8329623e-07
-862.0,0.0,398.0,46.11757,0.00046067842,1.9844614,0.0010993065,5.0275893,-234.35672,4.871802e-06,0.0010052678,0.000645127,0.00054834737,3.643116e-08,0.00024225799,-9.471902e-07
-862.0,0.0,408.0,45.861767,-0.00030805657,2.1532583,0.0010935353,2.8956418,-223.16382,5.1565034e-06,0.00097216724,0.000640376,0.00057462556,7.212111e-08,0.0002644419,-1.0999933e-06
-862.0,0.0,428.0,45.345985,-0.0010172941,2.3826745,0.0010891359,1.3137414,-200.57286,5.888397e-06,0.0009148189,0.0006356449,0.0006278253,3.9764924e-08,0.00029601878,-3.3363347e-07
-862.0,0.0,458.0,44.623936,0.0005425869,2.5184436,0.0010872408,0.654643,-169.18683,7.277251e-06,0.0008410865,0.0006210131,0.00071242737,3.280575e-08,0.00031879547,4.4395372e-07
-862.0,0.0,488.0,44.025513,0.00014104114,2.481597,0.0010864851,0.4168136,-142.71507,9.025804e-06,0.00078039913,0.0006210449,0.0007721382,4.7504713e-08,0.00032504598,3.375041e-07
-862.0,0.0,518.0,43.539486,-0.00052874186,2.3674674,0.0010861057,0.31230313,-121.45399,1.0896043e-05,0.0007285077,0.0006105371,0.00082576217,-3.0209506e-07,0.0003227874,6.976776e-07
-862.0,0.0,558.0,43.015675,-0.00042374694,2.1484685,0.0010858384,0.24147324,-99.146255,1.4261785e-05,0.00067534024,0.00060470036,0.0008907358,-1.4223172e-08,0.0003167689,3.822424e-08
-862.0,0.0,598.0,42.65572,-0.00038749143,1.9272231,0.0010856678,0.20394388,-83.63255,1.792382e-05,0.00063671265,0.0006072777,0.00094332313,-1.0344723e-08,0.00028817682,1.3990406e-07
-862.0,0.0,638.0,42.35743,-0.00057734735,1.6914544,0.0010855463,0.18116403,-71.10929,2.2557766e-05,0.000604338,0.0006014765,0.0009757511,-2.3423683e-09,0.0002888408,1.4632438e-07
-862.0,0.0,688.0,42.088898,-0.00071943545,1.4433461,0.0010854362,0.16233572,-59.676105,2.8883504e-05,0.0005741868,0.0006044506,0.0009924625,1.5997845e-08,0.00026219225,2.540497e-08
-862.0,0.0,738.0,41.896698,-0.0007766276,1.2336429,0.0010853525,0.1507439,-51.47853,3.5845133e-05,0.000553408,0.00061082805,0.001002894,3.291165e-08,0.00023864831,-4.149372e-08
-562.0,0.0,363.0,43.496956,0.00013113228,0.2337867,0.13266298,381.02045,-107.862656,0.0001961656,0.08872035,0.08834341,0.08824269,-1.6890352e-05,-0.00777185,-1.4791347e-05
-562.0,0.0,368.0,43.425354,0.0006899346,0.23202233,0.012612279,120.06717,-107.68693,7.572144e-05,0.008443238,0.008393251,0.008396987,3.4289794e-06,0.00092146697,-3.7920952e-06
-562.0,0.0,378.0,43.364483,0.00081085763,0.23742303,0.0014080458,33.586147,-107.276596,4.3306223e-05,0.000986114,0.0009309325,0.00090243155,1.6027228e-06,0.00022940878,-2.004963e-06
-562.0,0.0,388.0,43.320526,0.0005989554,0.24167114,0.0011792432,16.264282,-106.766624,7.486436e-05,0.00086481933,0.0007721396,0.0007205458,5.0659827e-07,0.00037090323,-8.058183e-06
-562.0,0.0,398.0,43.293068,0.0005168756,0.24639009,0.0011329412,8.214449,-106.16349,9.5907206e-05,0.0008559524,0.0007653144,0.00064442126,-1.6613451e-07,0.0003440608,-1.5877751e-05
-562.0,0.0,408.0,43.273872,3.61633e-05,0.25314328,0.0011163398,4.666867,-105.46754,8.6307286e-05,0.00083197723,0.0007828742,0.00061825395,-4.399233e-07,0.00032774624,-1.711023e-05
-562.0,0.0,428.0,43.2271,-0.0010657978,0.2690133,0.0011010853,1.985473,-103.82636,7.106821e-05,0.0008000888,0.00079188193,0.00061013317,6.3367446e-07,0.00032264728,-9.288129e-06
-562.0,0.0,458.0,43.140755,1.7929658e-05,0.30136165,0.0010926845,0.908279,-100.79864,5.7417477e-05,0.00077176956,0.00077868265,0.0006355067,-1.0898782e-07,0.0003266016,5.8199753e-06
-562.0,0.0,488.0,43.05276,0.00027635414,0.31522503,0.0010897497,0.545848,-97.23231,5.489396e-05,0.0007572024,0.0007648296,0.00065924355,4.4634317e-07,0.0003305036,8.9890484e-08
-562.0,0.0,518.0,42.95981,-0.0002100523,0.33221585,0.0010884365,0.39193717,-93.33538,5.121029e-05,0.00074750156,0.000710194,0.00067484705,1.4926013e-07,0.00032836362,2.4058547e-06
-562.0,0.0,558.0,42.816353,-0.00032099764,0.3488183,0.0010875774,0.2920205,-87.67711,4.75413e-05,0.00073347363,0.00073137274,0.00070090464,-3.5046522e-08,0.0003335938,2.2214502e-07
-562.0,0.0,598.0,42.67691,-0.00026230948,0.34979472,0.0010870968,0.23887807,-82.1518,4.823009e-05,0.00071366475,0.00072908273,0.0007297332,-4.012508e-08,0.00033994182,5.133767e-07
-562.0,0.0,638.0,42.53478,-0.00057321036,0.34599432,0.0010867929,0.20776285,-76.42061,4.976382e-05,0.0007059418,0.0007222378,0.00074299116,-1.0984014e-09,0.00034356312,4.645286e-07
-562.0,0.0,688.0,42.36254,-0.0007790298,0.3293696,0.0010865324,0.18132621,-69.610466,5.3598134e-05,0.00068977685,0.0007186749,0.0007641435,2.980984e-08,0.00033772807,1.1446973e-07
-562.0,0.0,738.0,42.20939,-0.0008644487,0.30788308,0.0010863582,0.16519499,-63.546272,5.9318983e-05,0.00067667756,0.0007174959,0.00077918405,4.113867e-08,0.00033372175,-3.378683e-08
-362.0,0.0,363.0,44.017563,-0.00049337617,0.004203761,0.41412094,581.10803,-138.27173,0.0004134794,0.2695247,0.2786105,0.28012145,1.612741e-05,-0.04561438,-2.8064707e-05
-362.0,0.0,368.0,44.138126,0.00015441066,-0.026165333,0.04390985,207.94708,-137.71637,0.00013228494,0.026912706,0.030057812,0.03085066,2.6555186e-05,-0.0006995107,-1.0883473e-05
-362.0,0.0,378.0,44.033123,0.000456747,-0.08442025,0.0016373331,36.25615,-136.41805,4.3087544e-05,0.00034457532,0.0013517946,0.001578375,1.0963615e-06,0.00044654578,-2.2716856e-06
-362.0,0.0,388.0,43.9663,0.00024486234,-0.138911,0.001195313,16.885826,-134.86528,3.1474465e-05,0.00027674413,0.0009847892,0.0011293055,6.8485534e-08,0.00031301615,-3.306901e-06
-362.0,0.0,398.0,43.911827,0.0001437579,-0.18910652,0.0011428413,8.539909,-133.11295,2.2480499e-05,0.00041029783,0.0009011836,0.00097390916,-1.08816245e-07,0.00020511997,-3.673127e-06
-362.0,0.0,408.0,43.86412,-0.0002923506,-0.23326069,0.0011263515,4.8995767,-131.16833,2.1884083e-05,0.0004295957,0.000892524,0.0009304925,-1.3951328e-07,0.00021100178,-4.287133e-06
-362.0,0.0,428.0,43.75648,-0.0013523132,-0.3049337,0.0011090033,2.1115377,-126.85435,2.2310083e-05,0.00045606078,0.00088770693,0.0008744891,2.002009e-07,0.00024088033,-2.9238204e-06
-362.0,0.0,458.0,43.576458,-0.0003070307,-0.36905605,0.0010965201,0.9683967,-119.70899,2.3225193e-05,0.0005030502,0.00087795814,0.0008123371,4.6852367e-08,0.00027482922,2.3320172e-06
-362.0,0.0,488.0,43.400253,-7.86385e-05,-0.4140481,0.0010920435,0.58042735,-112.29204,2.5383604e-05,0.00054234196,0.00087275996,0.0007699593,3.195404e-07,0.00029277964,1.2873518e-07
-362.0,0.0,518.0,43.231438,-0.0004009983,-0.42592716,0.0010900865,0.41684198,-105.09408,2.740467e-05,0.0005775434,0.00083236495,0.0007322851,2.6310695e-07,0.00030574203,1.2438682e-06
-362.0,0.0,558.0,43.005424,-0.0003875552,-0.41267887,0.0010888121,0.31069785,-95.87588,3.0420762e-05,0.0006179911,0.0008514106,0.0006927429,9.491102e-08,0.00032421076,-2.9835665e-09
-362.0,0.0,598.0,42.809856,-0.00032961444,-0.38656646,0.0010881088,0.25330988,-87.92027,3.4445748e-05,0.00066344975,0.0008443157,0.0006648797,9.1402114e-08,0.00032225388,4.4710538e-07
-362.0,0.0,638.0,42.626606,-0.00076053885,-0.34688622,0.0010876721,0.21914484,-80.432434,3.9239254e-05,0.0006798255,0.0008406137,0.000644507,1.01825215e-07,0.0003403565,3.8092205e-07
-362.0,0.0,688.0,42.425564,-0.0009656749,-0.29567495,0.0010873044,0.19069208,-72.34644,4.5742345e-05,0.00070864963,0.00082776236,0.0006343558,1.0228829e-07,0.00033286688,5.8083458e-08
-362.0,0.0,738.0,42.256386,-0.0010267486,-0.24775584,0.0010870625,0.17277257,-65.55878,5.3410815e-05,0.000728459,0.0008177998,0.00062755664,1.0127275e-07,0.0003264413,-6.4475316e-08
-262.0,0.0,363.0,45.4811,-0.0010192698,-0.5522906,0.5067822,600.0791,-208.38838,0.00049720507,0.31325868,0.34315518,0.35721758,3.1167943e-05,-0.05159091,-4.5562203e-05
-262.0,0.0,368.0,45.629158,-0.00026451677,-0.6479199,0.05603308,227.26062,-205.39978,0.000146045,0.030564446,0.038854692,0.042666256,3.0526728e-05,0.0010356558,-1.8057477e-05
-262.0,0.0,378.0,45.418945,0.00017232205,-0.8134279,0.0016695915,35.217186,-198.83713,2.4594829e-05,0.00012515916,0.0013696221,0.0018451548,7.9451814e-07,0.0008486657,-1.6922529e-06
-262.0,0.0,388.0,45.23027,9.505138e-06,-0.9461091,0.0012155973,16.508013,-191.77573,1.1715857e-05,0.0004089209,0.0009332946,0.0010895506,9.70745e-08,0.0004029333,-1.354125e-06
-262.0,0.0,398.0,45.055355,-7.765244e-05,-1.051373,0.0011556905,8.559923,-184.55959,8.916543e-06,0.00051164697,0.0008671762,0.00093289843,-1.8777744e-08,0.00029498537,-1.4943115e-06
-262.0,0.0,408.0,44.890285,-0.0006081168,-1.1293693,0.0011346195,5.006058,-177.37198,9.088829e-06,0.00053403975,0.00085805595,0.00087742327,-1.527226e-08,0.0002948833,-1.7846535e-06
-262.0,0.0,428.0,44.5707,-0.0016061321,-1.2237842,0.0011122315,2.1805232,-163.57253,1.0180993e-05,0.0005653204,0.0008580442,0.0008014123,1.1650822e-07,0.00030806032,-1.1299927e-06
-262.0,0.0,458.0,44.13769,-0.00040494304,-1.251818,0.001098106,1.0094441,-145.10503,1.2085393e-05,0.000608047,0.0008609724,0.00072748837,1.18032084e-07,0.00031636778,1.1292076e-06
-262.0,0.0,488.0,43.778267,-0.0003667828,-1.2228571,0.0010930696,0.60602885,-129.46683,1.4444389e-05,0.0006421124,0.00087172026,0.00067306263,1.9978991e-07,0.00031516692,1.7444947e-07
-262.0,0.0,518.0,43.47882,-0.000734096,-1.1528263,0.0010908673,0.4354819,-116.48137,1.691471e-05,0.00067042105,0.0008575156,0.0006375027,2.0252526e-07,0.0003129952,7.0003546e-07
-262.0,0.0,558.0,43.132973,-0.00056156673,-1.0313976,0.0010894176,0.323653,-101.9973,2.0850792e-05,0.0006957744,0.000872463,0.0005951351,1.2726427e-07,0.0003225751,-6.583005e-08
-262.0,0.0,598.0,42.86978,-0.00052621664,-0.9147789,0.0010886152,0.26289436,-90.99914,2.5201596e-05,0.0007287285,0.0008697219,0.0005749844,1.2721539e-07,0.0003042795,3.3321572e-07
-262.0,0.0,638.0,42.641026,-0.0009525513,-0.7976039,0.0010881177,0.22656678,-81.51832,3.0774674e-05,0.00074312586,0.00087399146,0.0005452317,1.2538496e-07,0.00032415058,2.5101602e-07
-262.0,0.0,688.0,42.409946,-0.001107815,-0.666859,0.0010876983,0.19625257,-72.02328,3.7943606e-05,0.0007653672,0.00086325296,0.000540382,1.14252714e-07,0.0003104332,-1.145388e-08
-262.0,0.0,738.0,42.22755,-0.0011338642,-0.556875,0.0010874226,0.17709999,-64.563614,4.6090874e-05,0.00078238116,0.0008530557,0.00053765805,1.0406828e-07,0.00029889657,-9.975107e-08
-212.0,0.0,368.0,46.91293,-0.0005440673,-2.0574932,0.047925875,196.65424,-267.35266,0.00013223822,0.027096419,0.03304622,0.035812784,2.4221994e-05,0.010912218,-8.499344e-06
-212.0,0.0,378.0,46.401157,-0.00030772568,-2.1573102,0.0015664351,31.92917,-246.51604,1.2348638e-05,0.00075160793,0.0011616322,0.0012163369,3.855099e-07,0.0010514128,-8.1471796e-07
-212.0,0.0,388.0,46.000446,-0.00048291942,-2.2057848,0.0012164593,15.652053,-229.28241,6.8641066e-06,0.0006949402,0.00088317256,0.00085454265,7.020602e-08,0.00049131317,-8.797972e-07
-212.0,0.0,408.0,45.37808,-0.0011427266,-2.2151434,0.0011366673,4.9632783,-201.36517,6.3840284e-06,0.00069837854,0.0008378179,0.00073709816,2.3000395e-09,0.0003453676,-1.3477803e-06
-212.0,0.0,428.0,44.88743,-0.0019237178,-2.1553478,0.0011129336,2.1975064,-179.40758,7.6141155e-06,0.0007020483,0.00084559096,0.0006783403,8.555772e-08,0.00033280323,-7.174175e-07
-212.0,0.0,458.0,44.305035,-0.000568528,-1.997459,0.0010986594,1.030498,-153.7806,9.582024e-06,0.00071441004,0.0008566457,0.00062643253,1.421898e-07,0.00032033655,7.8316776e-07
-212.0,0.0,488.0,43.861816,-0.000616,-1.8249677,0.0010935059,0.62143844,-134.07372,1.17654445e-05,0.00072824146,0.00087432185,0.0005850134,2.1062455e-07,0.00030665103,2.0980026e-07
-212.0,0.0,518.0,43.51142,-0.0009721829,-1.6468952,0.0010912309,0.44708568,-118.66579,1.41178725e-05,0.0007412858,0.0008663783,0.00056155934,2.0331198e-07,0.00029937725,5.3654475e-07
-212.0,0.0,558.0,43.125923,-0.00068797014,-1.4150943,0.0010897112,0.33144054,-102.27037,1.7972216e-05,0.00075612124,0.00088298926,0.0005283591,1.0264362e-06,0.00030247966,-1.6039728e-07
-212.0,0.0,598.0,42.844547,-0.0006644733,-1.2228973,0.0010888575,0.26849556,-90.34385,2.214173e-05,0.0007731278,0.000880334,0.00052041665,1.535912e-07,0.00028239834,2.8777563e-07
-212.0,0.0,638.0,42.60426,-0.0010778569,-1.0475407,0.0010883389,0.23083483,-80.291435,2.7703954e-05,0.0007872939,0.0008857013,0.0004932196,1.5697614e-07,0.00029746795,1.8054978e-07
-212.0,0.0,688.0,42.369095,-0.0011997073,-0.8635521,0.0010878968,0.19936892,-70.51815,3.4820103e-05,0.0008013609,0.00087647396,0.0004930798,1.4311303e-07,0.00028547973,-5.530092e-08
-212.0,0.0,738.0,42.187046,-0.0012063644,-0.7154394,0.0010876046,0.17948072,-62.999996,4.2910295e-05,0.0008127123,0.00086713186,0.0004931329,1.2758284e-07,0.00027612306,-1.2561247e-07
-162.0,0.0,348.0,43.44798,0.01021731,-4.5957446,4.6388626,1581.1091,-275.41287,0.0028836112,2.9874444,3.0943048,3.197786,-0.0041239546,-1.3770404,0.008785418
-162.0,0.0,358.0,46.347492,0.0030724432,-4.5628653,0.6836252,666.31,-264.79547,0.000742641,0.48188084,0.45534438,0.42881364,0.0018788702,-0.08120734,0.000848684
-162.0,0.0,368.0,46.4028,0.0012977729,-4.321181,0.021272233,111.08331,-250.95605,0.00011051652,0.019171692,0.01455566,0.00886851,8.806543e-06,0.0062603843,2.9828034e-05
-162.0,0.0,378.0,46.05358,-3.0686242e-05,-4.096092,0.0013462519,24.72436,-236.78793,1.5870306e-05,0.0014513491,0.0010041789,0.00023896713,-4.1110258e-07,0.00094895024,5.995537e-07
-162.0,0.0,388.0,45.751705,-0.0006442227,-3.9010453,0.0012021305,13.5407,-223.13498,8.413017e-06,0.0010337308,0.000881287,0.0004892255,-1.1255559e-07,0.00047339025,-8.0728523e-07
-162.0,0.0,408.0,45.22419,-0.001742454,-3.5587718,0.001136034,4.690524,-198.27943,6.285272e-06,0.00087430986,0.00084307266,0.0005554841,-2.8960436e-08,0.00030578653,-1.2713697e-06
-162.0,0.0,428.0,44.768917,-0.002287854,-3.251781,0.0011126728,2.1664689,-177.09071,7.0510905e-06,0.00083802367,0.00085404015,0.00053333095,6.381875e-08,0.0002940418,-3.994878e-07
-162.0,0.0,458.0,44.20345,-0.00077068614,-2.8356702,0.0010989811,1.0428182,-151.34938,8.63424e-06,0.0008165104,0.00086612394,0.0005154128,1.5829507e-07,0.0002832836,5.552508e-07
-162.0,0.0,488.0,43.7662,-0.00090908835,-2.4798982,0.0010938741,0.6364602,-131.31339,1.0414477e-05,0.0008088207,0.00088496663,0.0004944607,1.941942e-07,0.00026888834,2.922268e-07
-162.0,0.0,518.0,43.41802,-0.0012679172,-2.171062,0.0010915732,0.45973074,-115.66934,1.2517044e-05,0.00081194605,0.0008767541,0.00047955563,2.087983e-07,0.0002646479,4.62604e-07
-162.0,0.0,558.0,43.037594,-0.00084832544,-1.8123573,0.001089998,0.33992738,-99.16249,1.6122556e-05,0.0008167581,0.0008935479,0.00046379268,7.98663e-07,0.0002660178,-3.6178176e-07
-162.0,0.0,598.0,42.76212,-0.00087389146,-1.5362712,0.0010891174,0.2749458,-87.31508,2.0024529e-05,0.0008161035,0.00089123583,0.00045855276,1.7355653e-07,0.00024956156,2.573644e-07
-162.0,0.0,638.0,42.532272,-0.0012314847,-1.2925773,0.0010885705,0.23590909,-77.567764,2.5341113e-05,0.0008294081,0.00089646596,0.00044108933,1.7583558e-07,0.0002657557,1.3789327e-07
-162.0,0.0,688.0,42.29967,-0.0013209365,-1.0576955,0.0010880969,0.20274906,-67.80933,3.237791e-05,0.00083670294,0.00088912464,0.0004471458,1.51077e-07,0.00025565748,-9.322649e-08
-162.0,0.0,738.0,42.125362,-0.0012979117,-0.87018263,0.0010877881,0.18203923,-60.548626,4.0299044e-05,0.000842047,0.00087947416,0.00045189232,1.2994927e-07,0.0002475919,-1.6094391e-07
-112.0,0.0,318.0,1.6585865,-0.024321597,0.47264814,53.22344,3384.3206,-252.64677,0.014098263,28.617401,34.4209,43.457325,-0.059412833,-15.390956,0.021711146
-112.0,0.0,323.0,9.494079,-0.01848334,-1.2523367,65.34319,5052.173,-250.82567,0.010780408,36.15817,42.82474,51.679398,-0.12937711,-20.090054,0.010692863
-112.0,0.0,328.0,20.627432,0.00052221306,-3.1634147,62.180542,6088.4346,-247.31429,0.009726518,35.398323,40.989315,48.01544,-0.17555268,-22.668303,-0.0038829276
-112.0,0.0,338.0,39.757893,0.014443607,-5.1500316,8.34916,2742.8516,-240.2661,0.0030334734,5.102381,5.546329,6.0516205,-0.01486072,-2.8564885,0.008815184
-112.0,0.0,348.0,44.69399,0.004262361,-5.5992017,1.7394485,1092.3469,-232.49303,0.0014850952,1.1021817,1.1508714,1.2266554,-0.0011062907,-0.38960478,0.0020150577
-112.0,0.0,358.0,45.66019,0.0018556403,-5.5817866,0.1559351,286.24313,-223.32097,0.0003963189,0.11326033,0.10331748,0.09336617,4.416346e-05,0.0034066061,0.0002121861
-112.0,0.0,368.0,45.439106,0.00027534057,-5.4021387,0.005805967,49.45556,-213.67491,8.068503e-05,0.0065989597,0.0041976757,0.00081834826,9.330135e-06,0.0035981103,1.0136299e-05
-112.0,0.0,378.0,45.212208,-0.00079383666,-5.209063,0.0012628379,18.045048,-204.0533,2.1854456e-05,0.0015319712,0.0010246738,-2.9861752e-05,4.5252088e-07,0.000859562,-8.8517044e-07
-112.0,0.0,388.0,45.011654,-0.0013037075,-5.003923,0.0011837109,10.686123,-194.55875,1.1254477e-05,0.0011224778,0.00092445314,0.00032063082,7.2890782e-09,0.00042548327,-1.6134632e-06
-112.0,0.0,408.0,44.64386,-0.002412198,-4.579242,0.0011331241,4.1877775,-176.388,6.92595e-06,0.0009331993,0.000872793,0.00046032944,-1.0210298e-09,0.0002428463,-1.3443353e-06
-112.0,0.0,428.0,44.30576,-0.0025905422,-4.1584635,0.0011116284,2.0790162,-159.85092,7.1897834e-06,0.00089760165,0.0008821751,0.0004435406,3.0096352e-08,0.00022854908,-9.263376e-08
-112.0,0.0,458.0,43.859264,-0.0009863452,-3.57559,0.0010990871,1.0407531,-138.57306,8.395496e-06,0.0008745447,0.0008892766,0.00043459513,1.9381342e-07,0.00022228099,4.013736e-07
-112.0,0.0,488.0,43.497955,-0.0012108925,-3.075438,0.0010941785,0.64920175,-121.277824,9.798708e-06,0.000859805,0.00090315845,0.00042605813,1.7161898e-07,0.00021321814,3.9956666e-07
-112.0,0.0,518.0,43.199608,-0.0015225693,-2.6553051,0.0010918969,0.47258708,-107.42065,1.1653831e-05,0.0008577639,0.0008952875,0.00041493707,-9.218911e-07,0.0002133886,2.0373532e-06
-112.0,0.0,558.0,42.866116,-0.0010739686,-2.182934,0.0010902779,0.3487294,-92.53358,1.4986963e-05,0.0008578456,0.00090927863,0.00040480925,9.1337813e-07,0.00021937171,-5.6598765e-07
-112.0,0.0,598.0,42.619537,-0.001112125,-1.8291584,0.001089357,0.2814799,-81.73994,1.8650857e-05,0.0008504009,0.00090286654,0.00041417277,1.4520216e-07,0.0002080726,2.214733e-07
-112.0,0.0,638.0,42.413517,-0.0014119663,-1.5282944,0.0010887913,0.24080129,-72.85956,2.3782879e-05,0.00086446,0.000915686,0.0003884806,1.4457976e-07,0.00022827229,1.1245787e-07
-112.0,0.0,688.0,42.200886,-0.0014404898,-1.2389793,0.0010882987,0.20630257,-63.841145,3.0590098e-05,0.0008663668,0.0009038256,0.00040392598,1.2150151e-07,0.0002206416,-1.3054985e-07
-112.0,0.0,738.0,42.042046,-0.0013837434,-1.0143813,0.0010879736,0.18472269,-57.177177,3.8302907e-05,0.0008678644,0.00089044886,0.00041593728,1.00398275e-07,0.00021420312,-1.979037e-07
-62.0,0.0,298.0,-3.1484478,-0.013024487,1.7394139,48.646805,1564.8904,-236.52103,0.031106578,25.8212,31.084105,40.39419,-0.0265678,-11.657531,0.01723244
-62.0,0.0,303.0,-0.67267966,-0.014907281,1.0171906,58.33051,1990.3782,-236.54358,0.028654486,30.476858,37.554108,48.629963,-0.041617587,-15.537474,0.02563645
-62.0,0.0,308.0,3.1039946,-0.016954547,0.0015666866,69.92306,2681.3765,-235.50871,0.022659678,36.92833,45.490395,57.431652,-0.07445738,-19.596905,0.028307004
-62.0,0.0,313.0,8.767379,-0.017164294,-1.3689116,80.386665,3478.5151,-233.85843,0.018727304,43.398254,52.632362,64.74387,-0.11324974,-23.219173,0.024134126
-62.0,0.0,318.0,16.03509,-0.013555904,-2.8981442,82.50039,4092.9468,-231.24644,0.018338548,45.209785,54.12206,65.66554,-0.16224232,-26.826538,0.018210882
-62.0,0.0,323.0,23.984133,-0.0069176042,-4.245481,69.263306,4407.0522,-227.60886,0.015704146,38.899643,45.584152,54.04937,-0.18680345,-25.036766,0.0142782945
-62.0,0.0,328.0,32.449654,-0.00010661702,-5.4053783,39.574383,4296.204,-223.48767,0.009072861,22.943659,26.181255,30.019901,-0.12719963,-14.381704,0.011097106
-62.0,0.0,338.0,42.80925,0.0010635959,-6.536466,3.307578,1388.5068,-213.45174,0.0022984135,1.9962857,2.190928,2.4278686,-0.0037005746,-0.97034246,0.0019672986
-62.0,0.0,348.0,44.987324,6.0513583e-05,-6.717673,0.2586386,456.30957,-202.77101,0.00052064686,0.18127558,0.17166911,0.16497843,-4.0317314e-05,-0.016110616,0.00020848105
-62.0,0.0,358.0,44.855648,-0.00063615094,-6.5370774,0.025158552,87.75923,-192.5049,0.00021792739,0.02499663,0.017749818,0.007533999,0.00011741353,0.010283307,-3.2810367e-05
-62.0,0.0,368.0,44.60497,-0.0013623666,-6.315264,0.0020015854,24.519245,-182.94617,5.0399223e-05,0.0030742942,0.0018768561,-0.00094877277,1.6689934e-06,0.001947574,-2.557167e-06
-62.0,0.0,378.0,44.422585,-0.0017991853,-6.083202,0.0012131104,13.170392,-174.03888,1.930885e-05,0.0014385779,0.0011030366,-0.00011515024,4.078179e-08,0.0006366664,-2.721471e-06
-62.0,0.0,388.0,44.261875,-0.0021583803,-5.8383923,0.0011692811,8.179817,-165.74083,1.063186e-05,0.0011078326,0.0009790254,0.00025165378,-1.3322541e-07,0.00032086423,-2.0618302e-06
-62.0,0.0,408.0,43.97615,-0.0029792367,-5.3340764,0.001128931,3.646804,-150.63795,6.9197954e-06,0.00094343163,0.00091137,0.00040304582,-1.2113127e-08,0.0001825543,-1.1553267e-06
-62.0,0.0,428.0,43.723957,-0.0027074518,-4.8341765,0.0011102045,1.9691013,-137.38747,7.087292e-06,0.00091240316,0.00091574923,0.0003923105,5.2056162e-08,0.0001663632,2.4280564e-07
-62.0,0.0,458.0,43.394756,-0.001272957,-4.1461153,0.0010990473,1.0285039,-120.5147,8.201908e-06,0.00089479017,0.0009178043,0.00038546044,1.423916e-07,0.00015974046,1.5127807e-07
-62.0,0.0,488.0,43.124805,-0.0014709795,-3.5484703,0.0010944312,0.65899724,-106.70535,9.479527e-06,0.0008825974,0.0009242935,0.00038224366,1.7997985e-07,0.00015586826,4.9944805e-07
-62.0,0.0,518.0,42.89493,-0.0017744158,-3.0511837,0.001092209,0.4854472,-95.48472,1.1179363e-05,0.0008807676,0.00091635186,0.0003701837,1.7515865e-07,0.00015918975,3.4415555e-07
-62.0,0.0,558.0,42.630585,-0.0013252317,-2.4949062,0.001090554,0.35772574,-83.17303,1.43113075e-05,0.0008814864,0.00092168816,0.000367732,-1.7404182e-07,0.00016595775,4.4664856e-07
-62.0,0.0,598.0,42.428307,-0.0013325568,-2.080188,0.001089616,0.28856605,-74.09103,1.7809578e-05,0.0008732696,0.0009147362,0.00038072173,1.2811853e-07,0.00016347138,1.4584121e-07
-62.0,0.0,638.0,42.257797,-0.0015528825,-1.7333468,0.0010890223,0.24604851,-66.56059,2.2773935e-05,0.0008881304,0.00092261285,0.00035589843,1.0432972e-07,0.0001809759,2.941525e-08
-62.0,0.0,688.0,42.076176,-0.0015248781,-1.397954,0.0010885028,0.21002793,-58.756096,2.936565e-05,0.0008881616,0.00091287325,0.0003724865,7.794681e-08,0.00017954227,-1.7899961e-07
-62.0,0.0,738.0,41.93929,-0.0014352141,-1.1416636,0.0010881611,0.18753153,-52.97508,3.688694e-05,0.0008884277,0.0009002533,0.0003864605,5.399214e-08,0.000177793,-2.2263231e-07
-12.0,0.0,278.0,-5.970273,-0.012066587,1.6764927,49.546585,1410.3257,-190.43063,0.03511989,25.95935,31.723604,41.348724,0.00019763607,-9.631713,0.010736276
-12.0,0.0,283.0,-4.7157536,-0.012326154,1.0510808,59.06484,1517.2185,-188.71297,0.038890857,30.740719,37.871223,49.54871,-0.0040293536,-12.857646,0.0108535215
-12.0,0.0,288.0,-2.9509952,-0.012331473,0.36835727,68.78009,1757.4396,-187.60172,0.039168093,36.282112,44.249966,57.029217,-0.014348041,-16.781216,0.010822144
-12.0,0.0,293.0,-0.46575856,-0.012106528,-0.37946513,78.78498,2115.8784,-186.98595,0.036313023,42.258007,50.958828,64.36919,-0.03414637,-21.48927,0.012160137
-12.0,0.0,298.0,3.2655206,-0.011828412,-1.2965587,88.24373,2548.7622,-187.26952,0.029745573,47.892803,57.520664,71.07228,-0.06155607,-25.27488,0.01609947
-12.0,0.0,303.0,8.385716,-0.011722875,-2.433115,94.195366,2939.402,-187.55092,0.025286859,51.63867,61.712105,75.046814,-0.08857197,-27.531445,0.020160874
-12.0,0.0,308.0,14.415354,-0.011538221,-3.6555345,92.69323,3204.1133,-187.07916,0.025098022,50.980743,60.805416,73.58999,-0.12072693,-29.26013,0.022013165
-12.0,0.0,313.0,20.543556,-0.010694194,-4.773656,83.67455,3396.5813,-185.72559,0.0241593,46.254955,54.958397,66.14273,-0.15062144,-29.0407,0.020056318
-12.0,0.0,318.0,26.98232,-0.008872887,-5.8145385,66.194084,3537.2964,-183.87527,0.018731868,37.03932,43.63481,51.714424,-0.15285169,-24.355984,0.014736538
-12.0,0.0,323.0,33.8493,-0.0064460346,-6.7783155,37.47962,3425.0674,-181.35744,0.0107654175,21.39186,24.818369,28.748274,-0.10104997,-13.763254,0.008856915
-12.0,0.0,328.0,39.802406,-0.0047188043,-7.5204625,10.379762,2498.8254,-178.39056,0.003804658,6.137931,6.8995657,7.7195487,-0.02455694,-3.3534997,0.0020250557
-12.0,0.0,338.0,43.83853,-0.0033876547,-7.869116,0.45184144,615.79846,-170.83694,0.00067330286,0.30607525,0.303168,0.29440802,-0.00021768018,-0.07092159,3.9778715e-05
-12.0,0.0,348.0,44.036266,-0.0018850946,-7.64274,0.027724195,98.24962,-162.94124,0.00026552269,0.031243578,0.02131344,0.0033937339,6.870059e-05,0.008764182,3.5135352e-05
-12.0,0.0,358.0,43.83455,-0.0022843264,-7.3484917,0.004038972,30.485891,-155.39096,9.29552e-05,0.006692811,0.004169327,-0.0028426342,1.7371456e-05,0.0027977873,-9.919056e-06
-12.0,0.0,368.0,43.692074,-0.0024482042,-7.0559654,0.0013144169,14.836587,-148.17139,2.8932745e-05,0.0019408047,0.0015075963,-0.000819691,-1.3974912e-07,0.0006899899,-4.491794e-06
-12.0,0.0,378.0,43.576202,-0.0026183373,-6.7608476,0.0011858653,9.774752,-141.36034,1.5625186e-05,0.0013188799,0.0011899639,-0.00013708905,-1.9634834e-07,0.00033698924,-3.0554368e-06
-12.0,0.0,388.0,43.47109,-0.002975474,-6.463295,0.0011579809,6.3327794,-134.97885,9.1638385e-06,0.0010598723,0.0010291006,0.00022704323,-1.3248092e-07,0.00018299502,-2.009779e-06
-12.0,0.0,408.0,43.280144,-0.003401653,-5.87432,0.001124431,3.1748,-123.38611,6.6364705e-06,0.00093219493,0.0009516353,0.00036504012,5.4503837e-09,0.000116008174,-7.45603e-07
-12.0,0.0,428.0,43.110134,-0.0027149543,-5.3083515,0.0011088344,1.8690765,-113.2863,6.8736354e-06,0.00090664416,0.0009479669,0.00036303463,7.860094e-08,0.000107851025,4.8435356e-07
-12.0,0.0,458.0,42.890644,-0.0015787496,-4.548123,0.0010989533,1.0147792,-100.517685,7.951591e-06,0.00089350546,0.00094536814,0.0003589261,1.4142663e-07,0.00010320288,-1.464473e-08
-12.0,0.0,488.0,42.7076,-0.0017371171,-3.8889596,0.0010946558,0.66702425,-90.095604,9.27195e-06,0.00088712474,0.00094431976,0.0003580594,2.0005356e-07,0.00010417489,5.7914724e-07
-12.0,0.0,518.0,42.546776,-0.0020038728,-3.3432431,0.0010925146,0.4981083,-81.59448,1.0914088e-05,0.0008878523,0.0009365262,0.00034538895,1.620677e-07,0.00010835667,2.8788335e-07
-12.0,0.0,558.0,42.356857,-0.0015968453,-2.7330372,0.0010908269,0.36663756,-72.15344,1.3931254e-05,0.0008919307,0.00093670556,0.0003402249,3.27906e-07,0.00011708285,-2.7964987e-07
-12.0,0.0,598.0,42.205257,-0.0015568156,-2.2773342,0.0010898575,0.2955627,-65.065475,1.7346458e-05,0.00088588207,0.00092588796,0.00035794097,1.4199144e-07,0.000119545766,6.824442e-08
-12.0,0.0,638.0,42.075737,-0.0016770591,-1.8979207,0.0010892467,0.25128704,-59.12595,2.2183342e-05,0.0009023798,0.00093246455,0.00033057874,1.0605255e-07,0.00013453017,-4.817543e-08
-12.0,0.0,688.0,41.93174,-0.0015861079,-1.5279208,0.001088709,0.21385832,-52.82416,2.8607525e-05,0.00090262084,0.00092140184,0.00034890647,6.3435316e-08,0.00013764763,-2.2566189e-07
-12.0,0.0,738.0,41.82113,-0.0014589011,-1.2473027,0.0010883508,0.19042826,-48.116047,3.5984147e-05,0.0009032087,0.00090892566,0.00036381796,3.2678667e-08,0.00014019776,-2.474926e-07
38.0,0.0,1.0,27.945629119873047,-0.0373929962515831,-0.0266677774488925,10.56082820892334,21538.486328125,-120.05573272705078,0.0006165935192257,7.024624347686768,7.024788856506348,7.072688102722168,-0.0027319474611431,-8.743086814880371,0.0114935999736189
38.0,0.0,4.0,35.10262680053711,-0.0544699989259243,-0.1068781241774559,8.833064079284668,4129.177734375,-120.10004425048828,0.0022395481355488,5.837377071380615,5.831065654754639,5.999563217163086,-0.0099232345819473,-2.8452420234680176,0.0111353527754545
38.0,0.0,8.0,38.34743118286133,-0.0644336491823196,-0.1927702724933624,7.172061920166016,2266.119384765625,-120.02118682861328,0.0031484097708016,4.723598003387451,4.698577404022217,4.921475410461426,-0.0112739820033311,-2.173958778381348,0.0050775907002389
38.0,0.0,12.0,40.68587493896485,-0.0678647309541702,-0.2835947275161743,5.276371479034424,1507.4866943359375,-119.82267761230467,0.003340968163684,3.456801652908325,3.425044059753418,3.672342300415039,-0.0078383320942521,-1.626000165939331,0.0006102473707869
38.0,0.0,16.0,42.35003280639648,-0.0643454119563102,-0.3794056177139282,3.465083122253418,1154.026611328125,-119.47801971435548,0.0028564922977238,2.2540762424468994,2.2251346111297607,2.451516628265381,-0.0015509151853621,-1.040246605873108,-0.0068458290770649
38.0,0.0,20.0,43.60817337036133,-0.0479571819305419,-0.4819453954696655,1.8194708824157717,897.064697265625,-119.00251770019533,0.0019657230004668,1.1730220317840576,1.1497607231140137,1.3171758651733398,0.0029818736948072,-0.4716663360595703,-0.0116924112662673
38.0,0.0,24.0,44.25761032104492,-0.0204874034970998,-0.5914266705513,0.733734667301178,636.198486328125,-118.41169738769533,0.0011022888356819,0.4656852483749389,0.4509822428226471,0.5517332553863525,0.0035095165949314,-0.0826767608523368,-0.0068361479789018
38.0,0.0,28.0,44.208107,-0.0017426455,-0.70959806,0.4503572,605.9569,-117.74133,0.0007481159,0.28401363,0.2728122,0.34342262,0.0029309797,0.093759954,-0.0017163431
38.0,0.0,38.0,39.589546,-0.011808582,-0.92454344,5.2516165,2380.1724,-116.37276,0.002158234,3.5037794,3.4224067,3.568782,0.0024009766,1.7263203,-0.0006306346
38.0,0.0,48.0,21.540665,-0.001470374,-0.4091121,39.789597,6203.1626,-119.60282,0.00647098,27.685234,25.902935,26.101948,0.0006409808,17.631105,-0.003658634
38.0,0.0,58.0,4.190354,0.0030377612,-1.7460883,53.43534,1984.407,-133.7576,0.024928307,33.248955,31.749987,42.03201,-0.0005734397,17.493595,-0.0123311225
38.0,0.0,68.0,-0.14805827,0.0061011086,-2.438479,53.103096,1047.0371,-136.52284,0.050911438,39.319008,27.870356,39.02457,-0.009615801,14.383438,-0.010336102
38.0,0.0,78.0,-2.8954163,0.007276361,-2.5729613,53.573948,871.5917,-135.04419,0.061492477,45.053314,27.219452,34.87634,-0.012263012,11.512884,-0.0031490624
38.0,0.0,88.0,-4.932395,0.007573859,-2.324198,53.43516,794.48065,-131.28465,0.0672725,49.804806,27.003544,30.062042,-0.011068712,7.7659945,0.0014907212
38.0,0.0,98.0,-6.4031243,0.007499025,-1.772732,52.777443,740.12573,-126.55473,0.07096576,52.9649,26.808565,25.79309,-0.008535124,4.45892,0.00406939
38.0,0.0,108.0,-7.419297,0.0072224317,-1.0272759,51.637535,694.1768,-122.85426,0.066967025,52.705704,27.183207,23.387974,-0.005559139,1.4206004,0.0058895117
38.0,0.0,118.0,-7.953936,0.006718638,-0.1347612,50.29408,655.4591,-119.90647,0.061279893,51.249832,27.489386,21.850874,-0.0032703837,-0.611939,0.007297525
38.0,0.0,128.0,-8.063185,0.006005967,0.85877204,49.00107,625.06366,-118.50945,0.05799685,49.72155,27.452976,20.822685,-0.0015202699,-1.506096,0.008467638
38.0,0.0,138.0,-7.858721,0.00512996,1.8849735,47.79704,601.2512,-119.45336,0.057745516,48.39556,27.089165,20.106636,-0.00022936538,-1.7512195,0.009283996
38.0,0.0,148.0,-7.44616,0.0041623726,2.877135,46.59889,581.4217,-122.746895,0.06004232,47.192013,26.433386,19.573425,0.0003259211,-1.6406153,0.010034116
38.0,0.0,158.0,-6.894885,0.00311619,3.7850964,45.310524,563.6748,-128.00093,0.06490237,45.99357,25.456312,19.176754,0.0011598255,-1.3013418,0.011093857
38.0,0.0,168.0,-6.2380805,0.0020338001,4.5639553,43.88527,547.3157,-134.62004,0.07336332,44.71102,24.093557,18.965534,0.0019920676,-0.83591235,0.011854749
38.0,0.0,178.0,-5.5013113,0.0009790325,5.19495,42.320206,532.5389,-141.51852,0.07919536,42.6367,22.807384,19.193604,0.0031566,-0.421683,0.012011587
38.0,0.0,188.0,-4.7541714,-0.00014441519,5.710882,40.542576,518.0197,-148.1715,0.07826497,39.3993,21.820284,19.863634,0.004331121,0.1137043,0.010519566
38.0,0.0,198.0,-4.0276823,-0.0013033563,6.0971026,38.593685,502.71024,-154.5675,0.0767725,35.442375,20.798298,20.945644,0.0038926203,0.6793616,0.010790247
38.0,0.0,208.0,-3.3127835,-0.0024941717,6.3297253,36.644512,487.507,-159.98708,0.07517042,31.28366,19.8577,22.147772,0.005324119,1.2368193,0.009771518
38.0,0.0,218.0,-2.6110485,-0.0035792298,6.3965607,34.899174,474.04776,-164.08049,0.073626064,27.051395,19.138187,23.607718,0.005285943,1.8588947,0.007963891
38.0,0.0,228.0,-1.927546,-0.0045829513,6.276367,33.63362,465.21564,-166.60289,0.07230686,22.772566,18.814358,25.76066,0.0052399063,2.4562867,0.0064214035
38.0,0.0,238.0,-1.2476941,-0.0055774376,5.9311213,33.269524,466.16937,-167.17036,0.07137587,18.543629,19.166304,28.840734,0.0054615596,2.5120623,0.0057948693
38.0,0.0,248.0,-0.52811384,-0.006624261,5.344113,34.265995,489.1193,-165.61613,0.070066914,15.244095,20.418043,32.876865,0.0054278173,1.6383947,0.00584514
38.0,0.0,258.0,0.34697023,-0.008050945,4.5115047,37.508194,572.9764,-161.27072,0.06447778,14.535228,23.176298,37.307953,0.0042520273,-0.21986504,0.009367489
38.0,0.0,268.0,1.4497718,-0.010328526,3.3826225,45.245174,852.86096,-155.93726,0.05259644,17.327717,28.833654,44.339966,0.0008370248,-3.0430334,0.013764665
38.0,0.0,278.0,3.292176,-0.013401114,1.7547499,60.309704,1346.2543,-151.58249,0.04412186,24.294231,39.001564,57.317627,-0.0063881804,-8.715392,0.016587315
38.0,0.0,288.0,7.2773867,-0.015571983,-0.51047903,83.30508,2013.1045,-147.21843,0.035644077,38.285378,54.35273,73.9835,-0.03279289,-18.942194,0.012440855
38.0,0.0,298.0,15.027346,-0.014309692,-3.1839707,97.28482,2632.4229,-144.27588,0.03367483,49.167355,63.665462,81.74866,-0.0829524,-28.503544,0.009797536
38.0,0.0,308.0,24.635143,-0.011809536,-5.4454246,80.12704,2949.364,-142.25224,0.027217366,42.5302,52.656685,64.96743,-0.11695778,-27.614912,0.011030008
38.0,0.0,318.0,35.95159,-0.0090475585,-7.426763,29.904613,2863.6511,-139.05603,0.010170613,16.587927,19.837324,23.405302,-0.06473919,-10.776203,0.004624268
38.0,0.0,328.0,42.737717,-0.005957501,-8.405245,0.9522885,774.5639,-136.53633,0.0010108928,0.58392155,0.64288276,0.6784847,-0.0007811513,-0.21120836,-0.00019772392
38.0,0.0,338.0,43.2176,-0.0040823887,-8.310657,0.03394597,123.38619,-132.00671,0.0002628665,0.029905943,0.027342837,0.01070646,5.8717153e-05,0.004997218,-1.6448796e-05
38.0,0.0,348.0,43.056953,-0.0031451024,-8.057698,0.0037305558,31.231276,-126.906136,0.000117178985,0.0058136107,0.005456782,-0.0035227486,1.3655997e-05,0.0022214795,1.02508275e-05
38.0,0.0,368.0,42.879143,-0.0034433156,-7.4717164,0.0012076659,10.628197,-116.250984,2.202678e-05,0.0013948807,0.001565069,-0.00055740325,-2.3970918e-07,0.000315342,-4.710312e-06
38.0,0.0,388.0,42.74684,-0.0037792097,-6.8430896,0.0011482129,5.1980176,-106.387085,8.339783e-06,0.000986888,0.0010806856,0.00023765606,-6.290421e-08,9.9488505e-05,-1.7426148e-06
38.0,0.0,408.0,42.629856,-0.0037354135,-6.2057714,0.0011204706,2.8286104,-97.56639,6.347689e-06,0.00090024096,0.0009876213,0.00034856942,3.854238e-08,6.994641e-05,-2.603062e-07
38.0,0.0,428.0,42.524197,-0.0027352395,-5.602743,0.0011077693,1.7865874,-89.95677,6.702926e-06,0.0008877333,0.00097596267,0.00035198082,1.2647283e-07,6.2844345e-05,5.192821e-07
38.0,0.0,458.0,42.39481,-0.0019956792,-4.799998,0.0010988996,1.0073783,-80.56691,7.7057075e-06,0.0008814047,0.000967974,0.00034832722,1.3961623e-07,5.8509697e-05,-1.058834e-07
38.0,0.0,488.0,42.285717,-0.0020456412,-4.107045,0.001094877,0.6750254,-73.07189,9.122872e-06,0.000881922,0.00096105237,0.00034687176,2.0774475e-07,6.110885e-05,5.51666e-07
38.0,0.0,518.0,42.186592,-0.002232932,-3.5346155,0.0010928214,0.5107576,-67.04242,1.0782074e-05,0.00088598445,0.00095396186,0.00033291927,1.5220222e-07,6.453549e-05,2.5332926e-07
38.0,0.0,558.0,42.06631,-0.0018919213,-2.895452,0.0010911014,0.37556612,-60.35126,1.3753617e-05,0.00089365954,0.00094821805,0.0003259807,6.499247e-08,7.271928e-05,1.1249605e-07
38.0,0.0,598.0,41.96554,-0.0018044935,-2.4165714,0.0010901223,0.3029087,-55.286697,1.7158945e-05,0.0008911872,0.00093566556,0.00034379805,1.4242795e-07,7.818737e-05,9.836186e-09
38.0,0.0,638.0,41.878426,-0.001817984,-2.017958,0.0010894833,0.25676432,-51.023514,2.1916736e-05,0.00090913184,0.00094211847,0.0003133847,1.13836364e-07,9.0332134e-05,-1.1367386e-07
38.0,0.0,688.0,41.77466,-0.0016538104,-1.625332,0.0010889188,0.21779235,-46.34798,2.8242786e-05,0.00091081386,0.0009297243,0.00033209086,7.031081e-08,9.697805e-05,-2.7166433e-07
38.0,0.0,738.0,41.69246,-0.0014889054,-1.3284205,0.0010885431,0.19339442,-42.808743,3.553417e-05,0.0009126024,0.0009164609,0.00034761097,3.9771624e-08,0.00010280878,-2.7780172e-07
88.0,0.0,1.0,28.32767868041992,0.0301793348044157,-0.0152160543948411,10.69958782196045,21758.353515625,-131.79087829589844,0.0006174251320771,7.134835243225098,7.11137580871582,7.153475284576416,0.0010466530220583,-8.87017822265625,-0.0092307925224304
88.0,0.0,4.0,35.489864349365234,0.0391576550900936,-0.0748455002903938,8.789344787597656,4049.133544921875,-131.9756622314453,0.0022652584593743,5.857051372528076,5.77763032913208,5.947340488433838,0.002494066953659,-2.8496227264404297,-0.0039923842996358
88.0,0.0,8.0,38.65372085571289,0.0406284071505069,-0.1424995809793472,7.17572546005249,2224.875732421875,-132.32313537597656,0.0031377419363707,4.784392356872559,4.670053005218506,4.894631862640381,0.0004501433868426,-2.1531848907470703,0.0018852399662137
88.0,0.0,12.0,40.972015380859375,0.0346306040883064,-0.2152935713529586,5.273632526397705,1481.99365234375,-132.85977172851562,0.0032539283856749,3.5159144401550293,3.3947629928588867,3.636986255645752,-0.0023832332808524,-1.6237717866897583,0.0092440471053123
88.0,0.0,16.0,42.683837890625,0.018073696643114,-0.2920930385589599,3.419074058532715,1119.6513671875,-133.60813903808594,0.0027519997674971,2.276862621307373,2.1725564002990723,2.3888635635375977,-0.004730231128633,-1.0347816944122314,0.0155533459037542
88.0,0.0,20.0,43.92610168457031,-0.0093688108026981,-0.3747935891151428,1.7819949388504028,862.7241821289062,-134.57650756835938,0.0019230302423238,1.1845579147338867,1.10905659198761,1.2707757949829102,-0.0045517538674175,-0.4821057021617889,0.013795101083815
88.0,0.0,24.0,44.635162353515625,-0.0366031974554061,-0.4643197059631347,0.7263253927230835,636.0775146484375,-135.75445556640625,0.0011099965777248,0.4818045496940613,0.4355279207229614,0.5356209874153137,-0.0025241905823349,-0.0872884020209312,0.0055510434322059
88.0,0.0,28.0,44.446537,-0.045173943,-0.55734336,0.6988783,751.2146,-137.1754,0.00089954666,0.4687533,0.4239206,0.50537723,-0.0014862798,0.15500519,0.00010592971
88.0,0.0,38.0,37.493446,-0.012795311,-0.5414303,18.902494,3547.706,-141.43716,0.004794689,13.508314,12.32908,11.99004,-0.006324919,6.9805155,-0.01210467
88.0,0.0,48.0,19.04633,0.005211314,-0.061772287,90.32581,4000.5283,-149.87071,0.020344066,61.199245,58.051056,61.443813,-0.01760416,33.600773,-0.020746645
88.0,0.0,58.0,5.570334,0.012321399,-0.6053364,95.656105,2556.6824,-154.51163,0.030223776,63.796562,60.15527,67.352234,-0.021197964,30.691437,-0.010842401
88.0,0.0,68.0,-1.9229995,0.013888141,-1.045387,84.59968,1689.0632,-156.17879,0.049512666,59.501583,50.843468,58.832253,-0.029027216,25.762508,0.0070109926
88.0,0.0,78.0,-6.391688,0.01214114,-1.127188,74.3945,1281.2395,-154.2382,0.05810955,56.078815,43.84754,48.81653,-0.025292985,20.042788,0.018328723
88.0,0.0,88.0,-9.47645,0.009801858,-0.93508023,65.02952,1041.3984,-150.86777,0.062468056,52.100567,38.2965,39.637676,-0.01971867,14.304875,0.01639415
88.0,0.0,98.0,-11.429084,0.00817636,-0.56201065,57.404175,869.2669,-147.83057,0.06607109,47.97216,34.279213,32.571407,-0.01265923,8.724395,0.010814659
88.0,0.0,108.0,-12.446016,0.0072629247,-0.09682405,52.18658,741.14374,-145.9189,0.07044371,44.432163,32.01936,27.927605,-0.008088367,3.963819,0.006835206
88.0,0.0,118.0,-12.75227,0.0065816715,0.3997915,49.187614,661.2394,-145.49648,0.07439974,41.766556,31.273046,25.336302,-0.0050085653,0.33106443,0.005858508
88.0,0.0,128.0,-12.565302,0.0057781944,0.89982647,47.597366,618.2489,-146.5038,0.07698972,39.76719,31.329124,24.0955,-0.0020523854,-2.249175,0.007212613
88.0,0.0,138.0,-12.034087,0.004693293,1.3868272,46.69077,596.67554,-148.76988,0.07825188,38.149536,31.538065,23.692093,0.0009470421,-4.00222,0.009690716
88.0,0.0,148.0,-11.261692,0.0033026824,1.844185,45.9863,584.9884,-152.04013,0.07861032,36.661648,31.51154,23.800993,0.0035954574,-5.1601663,0.012366694
88.0,0.0,158.0,-10.311677,0.001643251,2.2529016,45.236305,576.951,-156.05147,0.078405276,35.123615,31.107676,24.242893,0.0054983753,-5.893208,0.014471358
88.0,0.0,168.0,-9.225046,-0.00021536551,2.5930347,44.343395,569.6041,-160.52196,0.07784889,33.42908,30.347303,24.909735,0.006379299,-6.328015,0.015704012
88.0,0.0,178.0,-8.029045,-0.0021405718,2.84647,43.303802,561.81647,-165.1273,0.07707768,31.535337,29.343102,25.727371,0.0070840297,-6.5632534,0.016542086
88.0,0.0,188.0,-6.7413273,-0.004021471,2.9969878,42.17082,553.4531,-169.53581,0.07619522,29.453295,28.248653,26.63953,0.0063549206,-6.672512,0.014444373
88.0,0.0,198.0,-5.377709,-0.0057654013,3.036904,41.039646,545.02826,-173.43843,0.07529768,27.2478,27.222795,27.60853,0.0058091884,-6.711184,0.012280917
88.0,0.0,208.0,-3.95135,-0.0073120305,2.9627728,40.046684,538.0079,-176.59521,0.07443516,25.024933,26.411514,28.65651,0.005381785,-6.7126565,0.009572184
88.0,0.0,218.0,-2.473372,-0.008655732,2.7739697,39.390667,536.02954,-178.85959,0.0734874,22.930365,25.959515,29.893303,0.005384813,-6.6981173,0.0066799778
88.0,0.0,228.0,-0.94803774,-0.009853974,2.468145,39.36355,548.0887,-180.18999,0.07182581,21.15838,26.032175,31.573235,0.0058799414,-6.6843014,0.00419673
88.0,0.0,238.0,0.6621916,-0.0110555105,2.0276172,40.52574,600.173,-180.44191,0.06757408,20.08388,26.94337,34.04693,0.0065978887,-6.9010606,0.0027402341
88.0,0.0,248.0,2.4552855,-0.012282973,1.4106499,43.687897,731.89087,-179.4924,0.059774056,20.315025,29.13863,37.939575,0.0063216593,-7.6173115,0.0007394553
88.0,0.0,258.0,4.698064,-0.013568968,0.5337659,50.06492,944.9169,-177.14441,0.05306253,22.46327,33.3593,44.307182,0.0034338117,-9.567585,0.0003761336
88.0,0.0,268.0,7.729915,-0.01490363,-0.67563534,61.139122,1263.4364,-173.59521,0.048438463,27.421925,40.55488,54.301327,-0.004863992,-13.466536,0.0016699337
88.0,0.0,278.0,11.998434,-0.01602937,-2.2475808,75.71949,1659.5444,-168.9661,0.045653287,35.29593,49.96778,66.178085,-0.02413741,-19.270712,0.002157126
88.0,0.0,288.0,17.758032,-0.01594108,-4.0683956,86.07424,2065.1785,-163.48627,0.04170705,42.23275,56.68572,73.23447,-0.050516848,-24.299252,5.6997804e-05
88.0,0.0,298.0,25.139523,-0.014628168,-6.0062356,79.79833,2414.268,-156.55054,0.03311114,40.819717,52.684006,66.093544,-0.0764885,-24.965296,0.0021306227
88.0,0.0,308.0,34.17807,-0.012862398,-7.913887,45.57145,2588.776,-147.31361,0.017573847,24.092718,30.311295,36.74357,-0.06988532,-15.833247,0.003589817
88.0,0.0,318.0,42.090435,-0.009650697,-9.255381,3.074514,1260.3429,-135.8625,0.0018895403,1.828815,2.0847154,2.236256,-0.0034453725,-0.6589502,-0.00067356665
88.0,0.0,328.0,42.860065,-0.006432481,-9.173767,0.034694582,121.9115,-124.417366,0.00025914866,0.029400494,0.03118543,0.00882038,5.41828e-05,0.010689528,-5.128856e-05
88.0,0.0,338.0,42.60938,-0.005210973,-8.866383,0.003557621,30.507778,-114.62674,0.00011468591,0.0053066416,0.0068027806,-0.004994738,1.3638261e-05,0.0039997166,-1.1050754e-05
88.0,0.0,348.0,42.449986,-0.004595214,-8.536336,0.0014551644,15.363714,-106.266556,4.307148e-05,0.002037382,0.0028452675,-0.0019016166,8.424323e-07,0.0010305857,-4.4362037e-06
88.0,0.0,368.0,42.256794,-0.0045583164,-7.82288,0.0011804037,8.010752,-92.64531,1.51162085e-05,0.001161364,0.001509561,-0.0003098732,-1.8261242e-07,0.00022244934,-3.787977e-06
88.0,0.0,388.0,42.133965,-0.0045683407,-7.099854,0.0011387627,4.401415,-82.343796,7.27101e-06,0.0009328378,0.0011024995,0.00024207757,5.8794494e-09,7.021237e-05,-1.222283e-06
88.0,0.0,408.0,42.050327,-0.004031569,-6.4079704,0.0011175089,2.6137333,-74.47279,5.961373e-06,0.00087922363,0.001009634,0.00034658646,7.507559e-08,3.963298e-05,9.82396e-08
88.0,0.0,428.0,41.987324,-0.0028813276,-5.7696013,0.0011070004,1.7171433,-68.35393,6.4347623e-06,0.0008722774,0.0009925314,0.00034888694,1.4839547e-07,3.1865744e-05,3.8095018e-07
88.0,0.0,458.0,41.92548,-0.0024200245,-4.932223,0.0010989516,1.0105867,-61.4612,7.470771e-06,0.0008699216,0.0009825137,0.00034580517,1.4028544e-07,2.4840172e-05,-9.2959446e-08
88.0,0.0,488.0,41.87638,-0.002376238,-4.218918,0.0010951166,0.6847373,-56.347412,9.025199e-06,0.00087273854,0.000973486,0.00034303847,2.0791795e-07,2.7241382e-05,4.547177e-07
88.0,0.0,518.0,41.832485,-0.0024632863,-3.6392455,0.0010931406,0.5243406,-52.584015,1.0718675e-05,0.0008812925,0.0009676908,0.00032952274,1.459065e-07,2.7180462e-05,2.4119987e-07
88.0,0.0,558.0,41.77434,-0.0021634882,-2.9870188,0.0010913828,0.38474855,-48.405354,1.3731562e-05,0.00089116785,0.00095693907,0.00031849457,2.953759e-07,3.4086905e-05,-1.4684194e-06
88.0,0.0,598.0,41.72161,-0.002007164,-2.4986176,0.0010903714,0.31001177,-45.264633,1.719073e-05,0.00089130405,0.00094360183,0.0003362884,1.2611865e-07,4.0164447e-05,-3.157842e-08
88.0,0.0,638.0,41.67531,-0.0019478184,-2.0929074,0.0010897145,0.262094,-42.646202,2.1917704e-05,0.0009107358,0.0009544878,0.00030035333,1.9835605e-07,4.9137278e-05,-1.9445686e-07
88.0,0.0,688.0,41.611523,-0.0017267705,-1.6890658,0.0010891305,0.22169897,-39.603046,2.8224047e-05,0.0009141449,0.0009385797,0.00032036155,1.1329308e-07,5.841618e-05,-3.275198e-07
88.0,0.0,738.0,41.558117,-0.0015247706,-1.3838997,0.0010887379,0.19636919,-37.254112,3.5501198e-05,0.000917392,0.0009229084,0.00033708435,5.1485543e-08,6.660778e-05,-3.116177e-07
138.0,0.0,1.0,27.61700439453125,-0.027070915326476,0.010699369944632,10.684307098388672,21735.29296875,-115.30181121826172,0.000609666283708,7.156224727630615,7.098584175109863,7.113631248474121,-0.0005674693966284,-8.610838890075684,0.0083271618932485
138.0,0.0,4.0,34.948673248291016,-0.0290691088885068,0.0217083133757114,8.859874725341797,4099.3154296875,-115.44489288330078,0.0022495479788631,6.009245872497559,5.811923980712891,5.898321628570557,-0.0007615748327225,-2.889034509658813,-0.0028213411569595
138.0,0.0,8.0,38.13680267333984,-0.0229497291147708,0.0241116192191839,7.275941371917725,2229.534912109375,-115.84730529785156,0.0031446076463907,4.984510898590088,4.71914529800415,4.849250793457031,0.001207084977068,-2.1775453090667725,-0.0064693535678088
138.0,0.0,12.0,40.46763610839844,-0.0124684069305658,0.023405035957694,5.383782863616943,1482.4444580078125,-116.53440856933594,0.0032620329875499,3.723308563232422,3.450317621231079,3.5945277214050293,0.0027791790198534,-1.655409812927246,-0.0112862698733806
138.0,0.0,16.0,42.22281265258789,0.0044167754240334,0.017313003540039,3.499767303466797,1114.3165283203125,-117.51268768310548,0.002752493135631,2.4413089752197266,2.2113289833068848,2.34699821472168,0.0032328071538358,-1.063104510307312,-0.0130240228027105
138.0,0.0,20.0,43.4920539855957,0.023606477305293,0.0027888212352991,1.853465914726257,864.223388671875,-118.7996597290039,0.0019743992015719,1.309138298034668,1.143364429473877,1.254386305809021,0.00179912999738,-0.5124281644821167,-0.0081483116373419
138.0,0.0,24.0,44.20088195800781,0.0362076312303543,-0.0211542714387178,0.8400611877441406,672.7464599609375,-120.34545135498048,0.0012178088072687,0.6033576130867004,0.4993313252925873,0.5779059529304504,0.000367180124158,-0.0795290693640708,-0.0020986136514693
138.0,0.0,28.0,43.895992,0.037460264,-0.052340515,1.3864317,1032.0782,-122.15204,0.0011731016,0.980947,0.86181873,0.92887855,9.867236e-05,0.36783516,0.001210733
138.0,0.0,38.0,32.782856,0.015103393,0.3017492,53.79937,3868.2065,-127.92494,0.012210802,37.89159,34.930183,34.746918,-0.0083275,19.34604,0.01033795
138.0,0.0,48.0,17.140766,0.023249803,0.4895805,111.68732,3383.9082,-132.73215,0.025238909,76.88701,71.83614,74.643456,-0.029077746,35.796085,-0.030337822
138.0,0.0,58.0,4.7256074,0.028324416,0.30022708,120.59452,2583.1865,-136.84833,0.037053466,82.41026,76.33108,82.43216,-0.043310024,37.716373,0.014208112
138.0,0.0,68.0,-3.5051198,0.019937743,0.044696767,105.359665,1893.5409,-138.16403,0.05266519,73.32227,64.975624,72.41078,-0.026731486,32.58342,0.054803617
138.0,0.0,78.0,-8.590645,0.011193568,-0.10279325,87.55105,1455.9292,-137.3369,0.060167324,62.08303,53.523464,59.48652,-0.013561921,23.970758,0.04165644
138.0,0.0,88.0,-11.88747,0.006948486,-0.15125251,72.40386,1148.1589,-136.08235,0.063089766,51.478348,44.923344,48.409843,0.00062892755,15.096142,0.010338662
138.0,0.0,98.0,-13.649081,0.0066378107,-0.13495816,62.311115,919.00543,-135.4899,0.06784603,43.540848,40.102985,40.9822,0.0069034845,7.4667296,-0.010434196
138.0,0.0,108.0,-14.255629,0.007780966,-0.068924025,57.055492,762.91113,-135.74316,0.0748259,38.71709,38.728283,36.664986,0.00941807,1.9868969,-0.01658018
138.0,0.0,118.0,-14.15891,0.0086325705,0.049521353,54.92384,691.7885,-136.85117,0.07940204,36.16588,39.351486,34.33233,0.011085588,-1.6688521,-0.014237378
138.0,0.0,128.0,-13.630421,0.008697687,0.2135811,54.18505,666.183,-138.92163,0.08133645,34.783096,40.399063,33.19821,0.012395682,-4.046751,-0.008052669
138.0,0.0,138.0,-12.8090515,0.007879625,0.39999816,53.866634,658.7152,-141.93697,0.08177452,33.856598,41.005272,32.87147,0.012924258,-5.5919127,-0.0008369436
138.0,0.0,148.0,-11.782008,0.0062749414,0.5756978,53.50797,656.9656,-145.75227,0.08144644,33.058205,40.878235,33.077545,0.012861891,-6.617308,0.005717515
138.0,0.0,158.0,-10.587946,0.0041024312,0.70943314,52.977066,656.7668,-150.1436,0.08066289,32.20865,40.082832,33.66309,0.011209444,-7.3632545,0.010170137
138.0,0.0,168.0,-9.248478,0.0016704837,0.7750611,52.304104,657.4698,-154.83449,0.07955332,31.264862,38.8641,34.479218,0.007070871,-7.949764,0.012870832
138.0,0.0,178.0,-7.772362,-0.00077502045,0.75593024,51.58236,659.8261,-159.54483,0.07817567,30.229095,37.522835,35.41234,0.002183455,-8.442614,0.013429099
138.0,0.0,188.0,-6.1620464,-0.0030386073,0.642894,50.921974,665.4285,-163.99342,0.076525934,29.124807,36.32798,36.39065,-0.0024978379,-8.8586445,0.011953969
138.0,0.0,198.0,-4.4229016,-0.0050422824,0.43563014,50.445957,676.7404,-167.94102,0.07454531,28.00042,35.473396,37.4184,-0.0062315045,-9.2005415,0.009219706
138.0,0.0,208.0,-2.5557642,-0.006814567,0.13365926,50.32718,697.97864,-171.19664,0.072110415,26.941212,35.095737,38.617676,-0.008796547,-9.496802,0.006249125
138.0,0.0,218.0,-0.54765344,-0.008459042,-0.27002174,50.84303,736.3624,-173.59756,0.06905725,26.10128,35.326584,40.25879,-0.009354897,-9.847771,0.0029214674
138.0,0.0,228.0,1.64445,-0.010081432,-0.79432994,52.412354,802.9152,-174.98434,0.06529113,25.75324,36.345406,42.745667,-0.008266686,-10.447553,0.00017088644
138.0,0.0,238.0,4.1297803,-0.011803095,-1.4746846,55.638294,912.50854,-175.07877,0.060998388,26.368446,38.450863,46.472355,-0.006974298,-11.67333,-0.0016885342
138.0,0.0,248.0,7.0318446,-0.013515778,-2.3420906,60.88887,1071.4978,-173.85188,0.056855563,28.270044,41.81822,51.705833,-0.0067372206,-13.601098,-0.0043710377
138.0,0.0,258.0,10.561294,-0.015092905,-3.4329894,68.091415,1282.795,-171.13899,0.0531134,31.606838,46.38695,58.188366,-0.0098887365,-16.313086,-0.0059963632
138.0,0.0,268.0,14.894325,-0.016354136,-4.7486806,75.490166,1535.6224,-166.88782,0.04919516,35.641426,51.0282,64.309814,-0.01847742,-19.452646,-0.007361391
138.0,0.0,278.0,20.190046,-0.017001167,-6.2603884,78.73339,1805.1431,-160.8639,0.043655362,38.12873,52.946945,66.3878,-0.032982018,-21.833466,-0.007543044
138.0,0.0,288.0,26.578794,-0.01685651,-7.907116,71.3451,2064.727,-152.61325,0.034591723,35.530178,47.933804,59.22328,-0.048654687,-21.380892,-0.004876268
138.0,0.0,298.0,34.147438,-0.016041502,-9.590792,44.69043,2224.1655,-141.51668,0.020087643,22.855179,30.17987,36.34569,-0.049156673,-14.600908,-0.0009427539
138.0,0.0,308.0,41.255135,-0.013479324,-10.864418,5.2959695,1440.0782,-127.50179,0.0030566207,3.1015925,3.6581423,3.8308425,-0.0055849385,-1.1532146,-0.0012885481
138.0,0.0,318.0,42.23981,-0.009213409,-10.598177,0.037989937,99.47787,-112.26747,0.00031393702,0.0414067,0.042554766,-0.007992759,6.3366184e-05,0.015835414,-0.00013702693
138.0,0.0,328.0,41.97511,-0.0074625243,-10.073713,0.002873227,26.754059,-99.51238,0.00010517676,0.006476381,0.008220792,-0.008949669,9.165159e-06,0.0037432562,-1.8858515e-05
138.0,0.0,338.0,41.814316,-0.006276932,-9.564896,0.0013958608,14.969207,-88.92145,4.3713884e-05,0.0025916472,0.0036570062,-0.003457205,-1.00269645e-07,0.0010614018,-1.2575663e-05
138.0,0.0,348.0,41.70933,-0.0057856087,-9.073064,0.0012314109,11.124286,-80.20465,2.6886037e-05,0.0017489074,0.0025087404,-0.0017523612,-6.989047e-07,0.00045565065,-8.594625e-06
138.0,0.0,368.0,41.579494,-0.0055462657,-8.130714,0.0011660655,6.0983047,-66.8755,1.0849415e-05,0.0010990888,0.0014306961,-0.00019785896,-1.5382828e-07,9.725454e-05,-2.7274682e-06
138.0,0.0,388.0,41.512894,-0.0051233107,-7.2742324,0.001131719,3.7547498,-57.765427,6.4714923e-06,0.0009227642,0.001112064,0.00022852083,1.5824797e-08,2.6903874e-05,-6.7127314e-07
138.0,0.0,408.0,41.48104,-0.004159416,-6.505767,0.0011151418,2.4428208,-51.51863,5.621088e-06,0.00087357685,0.0010202129,0.0003363854,8.201372e-08,9.292482e-06,2.6224708e-07
138.0,0.0,428.0,41.46927,-0.0031138773,-5.828561,0.0011063217,1.6554279,-47.160877,6.149125e-06,0.0008646537,0.0009995194,0.0003483373,1.242992e-07,4.314846e-07,1.6533454e-07
138.0,0.0,458.0,41.47537,-0.002751641,-4.9599237,0.0010990842,1.0202711,-42.87096,7.306968e-06,0.0008620087,0.0009899103,0.00034580092,1.3024052e-07,-6.237736e-06,-2.2555382e-08
138.0,0.0,488.0,41.48546,-0.0026671663,-4.241474,0.001095403,0.69848025,-40.190197,8.921384e-06,0.0008671377,0.0009802,0.00034317348,1.9633153e-07,-6.56162e-06,3.2065998e-07
138.0,0.0,518.0,41.490147,-0.0026697507,-3.659159,0.0010934677,0.53711915,-38.425446,1.0813134e-05,0.0008742928,0.00097416015,0.00032851117,1.2690157e-07,-7.753985e-06,2.769733e-08
138.0,0.0,558.0,41.48936,-0.0024125613,-3.010364,0.0010916675,0.39375803,-36.64554,1.3900389e-05,0.00088464224,0.00096400606,0.00032130012,1.4588053e-07,-1.6921705e-06,-1.4618978e-07
138.0,0.0,598.0,41.48225,-0.002168564,-2.5281126,0.0010906472,0.31731924,-35.36458,1.7413982e-05,0.00088848267,0.0009496223,0.00033460208,1.07686525e-07,3.448243e-06,-6.411839e-08
138.0,0.0,638.0,41.47426,-0.0020464566,-2.126151,0.0010899594,0.26769644,-34.319706,2.2163951e-05,0.0009100214,0.0009663696,0.000290992,1.0991298e-07,1.042145e-05,-1.7013667e-07
138.0,0.0,688.0,41.448273,-0.0017891353,-1.7210143,0.0010893457,0.22569934,-32.837166,2.8516319e-05,0.00091431296,0.0009470267,0.00031272293,7.871194e-08,2.1524571e-05,-3.386714e-07
138.0,0.0,738.0,41.422646,-0.0015596834,-1.4143918,0.0010889352,0.19935712,-31.643353,3.583542e-05,0.000918248,0.00092830916,0.00033104775,5.094417e-08,3.1895717e-05,-3.3939648e-07
188.0,0.0,1.0,25.69839859008789,0.0312176514416933,0.0277131292968988,10.358484268188477,21186.869140625,-64.45330810546875,0.0005967283505015,6.96202278137207,6.880631446838379,6.8739914894104,-0.0009976461296901,-7.966018676757812,-0.0080730384215712
188.0,0.0,4.0,33.23911666870117,0.0245977230370044,0.1050841957330703,9.02463722229004,4254.0322265625,-64.46186065673828,0.0022034356370568,6.212125301361084,5.915210247039795,5.9181084632873535,-0.0049053342081606,-2.9535727500915527,0.0068185837008059
188.0,0.0,8.0,36.55144882202149,0.0157460402697324,0.174541175365448,7.503758907318115,2299.633056640625,-64.6771240234375,0.003136872081086,5.259914398193359,4.857269287109375,4.895477771759033,-0.0078680086880922,-2.242903709411621,0.0064653591252863
188.0,0.0,12.0,38.94594192504883,0.0074247014708817,0.2408126294612884,5.646750450134277,1521.2918701171875,-65.0965576171875,0.003322074888274,4.024762630462647,3.608476638793945,3.6604487895965576,-0.0079860556870698,-1.7295968532562256,0.007038228213787
188.0,0.0,16.0,40.764278411865234,-0.0018715269397944,0.3000851571559906,3.7642822265625,1140.414794921875,-65.7096939086914,0.0028479958418756,2.7248380184173584,2.371426582336426,2.4327468872070312,-0.0057091983035206,-1.1380404233932495,0.0053205769509077
188.0,0.0,20.0,42.09706497192383,-0.0069761490449309,0.3482207059860229,2.094047784805298,894.5521240234375,-66.53826904296875,0.0021307249553501,1.5502036809921265,1.287139654159546,1.35101580619812,-0.0024999035522341,-0.5743453502655029,0.0003576777526177
188.0,0.0,24.0,42.81748580932617,-0.0039090123027563,0.3827849328517914,1.2622820138931274,868.58740234375,-67.5389633178711,0.0014616413973271,0.9493472576141356,0.7612064480781555,0.813679575920105,-0.0001892081636469,0.0161201748996973,-0.0021577631123363
188.0,0.0,28.0,41.92989,0.0027806165,0.42949283,5.594317,1933.871,-68.616844,0.0024072253,4.0004916,3.5825841,3.6068625,0.00016512618,1.5258749,-0.0051813847
188.0,0.0,38.0,28.866674,0.032581735,0.83102924,75.2151,3589.7234,-71.76553,0.016068766,52.61199,48.725956,49.100613,-0.03455337,24.173874,-0.046194073
188.0,0.0,48.0,14.571308,0.03980551,0.99497515,123.69355,3166.052,-74.958755,0.03015012,85.63817,79.291985,82.46081,-0.035964657,38.775757,0.02075184
188.0,0.0,58.0,3.1778474,0.020472951,0.8786036,127.730446,2523.4573,-77.18207,0.04128264,87.740135,80.86192,86.85416,-0.020866819,39.780857,0.09233511
188.0,0.0,68.0,-4.5867577,-0.0012284929,0.5996494,108.52052,1875.1537,-79.151054,0.056526717,73.36847,67.48453,76.152176,0.011844875,33.16118,0.074613705
188.0,0.0,78.0,-9.215504,-0.009186727,0.24179696,88.48005,1427.8114,-79.6261,0.06202025,57.903618,55.491596,63.572517,0.025533933,22.287485,-0.003863609
188.0,0.0,88.0,-11.830238,-0.0064983973,-0.13487022,74.17424,1098.8223,-80.77721,0.06758682,45.578243,48.236668,54.529213,0.029796313,12.376592,-0.05556297
188.0,0.0,98.0,-12.895875,-0.0002901673,-0.49329972,66.67489,871.3155,-82.78364,0.076581106,37.701263,46.175972,49.473915,0.03352331,5.045813,-0.07042918
188.0,0.0,108.0,-13.009727,0.004875394,-0.77692467,63.905018,770.03754,-84.9597,0.08299837,33.78963,47.499664,46.520782,0.036427185,0.21565142,-0.06269984
188.0,0.0,118.0,-12.588788,0.0080264155,-0.96589285,63.206,741.3656,-87.52033,0.08525613,32.135323,49.635113,44.64267,0.038995966,-2.8381429,-0.047760483
188.0,0.0,128.0,-11.837249,0.009427818,-1.0799398,63.08631,738.0435,-90.78808,0.085477196,31.407093,51.187553,43.578094,0.04006225,-4.7152257,-0.033136815
188.0,0.0,138.0,-10.861248,0.009569862,-1.1571449,62.902206,741.84125,-94.82084,0.08479178,30.968296,51.64109,43.19462,0.0379461,-5.8876348,-0.021136513
188.0,0.0,148.0,-9.711101,0.008992016,-1.2421995,62.474274,747.4211,-99.52986,0.08358663,30.553606,51.013153,43.379185,0.032054946,-6.7169065,-0.012874098
188.0,0.0,158.0,-8.405103,0.007948657,-1.3746341,61.885555,754.5005,-104.701385,0.08202271,30.10856,49.67946,43.98193,0.020574927,-7.443755,-0.006482021
188.0,0.0,168.0,-6.939992,0.0065852525,-1.5800006,61.3043,764.52716,-110.08205,0.080187425,29.657608,48.12849,44.829407,0.009157163,-8.183575,-0.0029092312
188.0,0.0,178.0,-5.30233,0.005302461,-1.869467,60.883205,779.47864,-115.373474,0.07810954,29.227516,46.75666,45.784836,0.0018651678,-8.979037,-0.0015266698
188.0,0.0,188.0,-3.4725745,0.0039431453,-2.2457802,60.750668,801.93146,-120.31463,0.07575924,28.89333,45.82262,46.82846,0.02398,-9.852141,-0.008506568
188.0,0.0,198.0,-1.4444969,0.0028463516,-2.7023616,61.009537,834.8435,-124.6216,0.07308633,28.646322,45.4222,47.95424,-0.014742247,-10.707754,-0.0001973642
188.0,0.0,208.0,0.8122753,0.0015628656,-3.242151,61.809856,882.65845,-128.08192,0.070038185,28.643297,45.58571,49.389202,-0.017282294,-11.66332,-0.00082981883
188.0,0.0,218.0,3.3330445,-0.00013251635,-3.873727,63.330494,950.72064,-130.48988,0.06662705,29.006931,46.32192,51.33156,-0.017298926,-12.773835,-0.0007128748
188.0,0.0,228.0,6.17733,-0.002489484,-4.614581,65.706604,1044.4893,-131.65935,0.06292035,29.87258,47.61937,53.930496,-0.015556988,-14.12537,-0.0004829038
188.0,0.0,238.0,9.441982,-0.0055546747,-5.488896,68.84387,1168.0613,-131.35368,0.05895854,31.301468,49.354702,57.042645,-0.013907935,-15.807092,-0.0007365787
188.0,0.0,248.0,13.206294,-0.009013031,-6.5095043,72.01052,1319.5721,-129.50597,0.0545996,32.995895,51.028316,60.003548,-0.014325566,-17.591362,-0.002632284
188.0,0.0,258.0,17.584251,-0.012468078,-7.683297,73.51311,1493.6666,-125.89341,0.049254738,34.20125,51.541775,61.281815,-0.017616272,-19.066523,-0.004236773
188.0,0.0,268.0,22.661287,-0.015449895,-8.993477,70.50122,1679.3693,-120.34942,0.042024907,33.467384,49.04085,58.493668,-0.024611747,-19.44573,-0.0059816753
188.0,0.0,278.0,28.514912,-0.017422067,-10.401725,58.67714,1856.0917,-112.63464,0.031649362,28.4834,40.6752,48.195797,-0.033630624,-17.292341,-0.0047207493
188.0,0.0,288.0,35.1076,-0.017956784,-11.811895,32.919846,1921.9517,-102.52047,0.017095227,16.4757,22.934862,26.434343,-0.030448364,-10.252366,-0.002590073
188.0,0.0,298.0,40.518528,-0.015424376,-12.631708,2.8707078,1079.3229,-90.08986,0.0022217203,1.7514352,2.0922482,1.8973385,-0.0023288943,-0.5392238,-0.00146322
188.0,0.0,308.0,40.980564,-0.011184507,-11.977013,0.024080578,62.2705,-76.66131,0.00031388426,0.038425274,0.043573163,-0.033848956,3.168158e-05,0.009374709,-0.00016474101
188.0,0.0,318.0,40.848164,-0.009112778,-11.227066,0.0020032167,22.010496,-65.62868,8.996042e-05,0.006421913,0.00921116,-0.0116274515,-6.3539835e-07,0.0011114118,-2.7194175e-05
188.0,0.0,328.0,40.795082,-0.008101558,-10.531614,0.0013340233,13.898782,-56.66922,4.419403e-05,0.0030453298,0.0046671988,-0.0050448775,-2.418658e-06,0.00024446106,-1.5236931e-05
188.0,0.0,338.0,40.77575,-0.0068814172,-9.882741,0.0012332571,10.962245,-49.44685,3.0517673e-05,0.002136584,0.003331317,-0.0030015325,-1.8936657e-06,4.3229946e-05,-1.4523027e-05
188.0,0.0,348.0,40.774845,-0.0065333843,-9.2817,0.0011922155,8.217484,-43.696556,1.9285566e-05,0.0015380147,0.0022967178,-0.0014251954,-1.1035363e-06,-2.3606226e-05,-7.684877e-06
188.0,0.0,368.0,40.800716,-0.0060703307,-8.191079,0.0011518457,5.033351,-35.40833,9.643524e-06,0.0010728505,0.0014354226,-0.00020469702,-1.4978559e-07,-4.038828e-05,-1.9651632e-06
188.0,0.0,388.0,40.847164,-0.0052950373,-7.2520785,0.0011263357,3.2856672,-30.326584,6.2285026e-06,0.0009167732,0.0011278479,0.00020796485,5.260678e-09,-3.468162e-05,-1.960963e-07
188.0,0.0,408.0,40.900387,-0.0041456516,-6.443876,0.0011132951,2.2942312,-27.345856,5.5780665e-06,0.0008699587,0.0010317243,0.00032481248,8.328037e-08,-3.3198885e-05,2.738595e-07
188.0,0.0,428.0,40.958534,-0.0033893303,-5.751658,0.0011056904,1.6024951,-25.691841,6.0189245e-06,0.0008571689,0.0010037721,0.00035031783,8.500605e-08,-3.6548274e-05,-2.368824e-08
188.0,0.0,458.0,41.043415,-0.0030316827,-4.8786855,0.0010992716,1.032246,-24.68311,7.301637e-06,0.000854802,0.0009936523,0.0003499753,1.2433554e-07,-3.9399645e-05,8.321773e-08
188.0,0.0,488.0,41.114002,-0.0029357213,-4.171093,0.0010957385,0.7155768,-24.608116,8.975713e-06,0.00085888803,0.0009847694,0.0003475297,1.6496382e-07,-3.8859886e-05,1.9363067e-07
188.0,0.0,518.0,41.1677,-0.00287656,-3.6027217,0.0010938069,0.550137,-24.912594,1.1037183e-05,0.00086621416,0.0009787267,0.0003350317,2.431645e-07,-4.17706e-05,1.0325258e-06
188.0,0.0,558.0,41.220753,-0.0026312852,-2.9748626,0.0010919627,0.40270376,-25.446226,1.422971e-05,0.0008776315,0.000967608,0.0003228337,4.1306542e-08,-3.692518e-05,-9.522727e-07
188.0,0.0,598.0,41.254795,-0.0023037007,-2.5058177,0.0010909098,0.3243195,-25.86996,1.790479e-05,0.00088195043,0.000954545,0.0003346844,1.04957195e-07,-2.7293903e-05,-9.801305e-08
188.0,0.0,638.0,41.276848,-0.0021286446,-2.1074116,0.0010901951,0.27233505,-26.074772,2.2801145e-05,0.00090080244,0.00096885546,0.00029719528,-2.8136535e-08,-2.4655192e-05,-2.8820153e-07
188.0,0.0,688.0,41.289368,-0.0018310979,-1.7200785,0.0010895656,0.22951318,-26.229362,2.9196248e-05,0.00090846757,0.0009499566,0.00031675803,-7.225759e-09,-1.2812994e-05,-3.98759e-07
188.0,0.0,738.0,41.289894,-0.0015912413,-1.4209164,0.001089137,0.20236707,-26.135653,3.6562404e-05,0.00091579184,0.0009329221,0.00033060164,3.6148617e-08,-1.7159389e-06,-3.4987247e-07
238.0,0.0,28.0,38.596794,0.033391926,0.63973933,15.445032,2685.9214,7.1344852,0.005106234,11.049454,9.934084,9.911282,-0.009907128,4.58584,-0.013825568
238.0,0.0,38.0,25.086115,0.037267298,1.0126469,88.05086,3422.5916,7.166661,0.019453714,61.540085,56.851097,57.710087,-0.029098783,27.63005,0.028494481
238.0,0.0,48.0,12.092614,0.0045046806,1.1009767,123.86335,2976.3306,6.4285216,0.033110704,85.547356,79.19218,82.991745,-0.016407043,38.59843,0.11123917
238.0,0.0,58.0,2.0481467,-0.03033602,0.89938956,119.22495,2300.0422,5.085383,0.045277417,80.40596,75.34441,82.71785,0.012005696,37.130623,0.09466288
238.0,0.0,68.0,-4.156937,-0.04293652,0.3970726,99.65294,1675.8004,2.4376907,0.05951268,63.039448,62.54803,73.71378,0.032617602,28.039406,-0.03334158
238.0,0.0,78.0,-7.558124,-0.034405164,-0.27440137,83.779335,1253.4205,0.4565993,0.066951536,48.133038,54.020084,65.41018,0.037367344,17.080965,-0.13404308
238.0,0.0,88.0,-9.070385,-0.019728325,-0.99853283,75.12286,964.87537,-2.8109367,0.07797359,37.669907,51.42502,61.1439,0.037708763,8.4484415,-0.16002639
238.0,0.0,98.0,-9.428661,-0.00806045,-1.6643533,71.91504,839.1054,-5.6679797,0.08572006,32.191704,53.240948,58.397003,0.04312761,2.4197485,-0.13418642
238.0,0.0,108.0,-9.142039,-0.00068277534,-2.2120898,71.1912,807.41846,-8.226669,0.088171266,29.951488,56.43413,55.997784,0.049930844,-1.4526709,-0.09988426
238.0,0.0,118.0,-8.466634,0.003510071,-2.638385,71.196266,808.67554,-11.174045,0.08804077,29.167923,59.11891,54.106224,0.055031657,-3.7075124,-0.074190415
238.0,0.0,128.0,-7.5552974,0.006017273,-2.9789548,71.10806,818.1182,-14.757203,0.08691755,28.84939,60.49832,52.86887,0.053202275,-4.9953628,-0.058764797
238.0,0.0,138.0,-6.478897,0.007761813,-3.28279,70.686775,829.09973,-19.005991,0.08525856,28.617966,60.45804,52.29775,0.045760963,-5.837089,-0.049381036
238.0,0.0,148.0,-5.257811,0.009467667,-3.5989196,70.00475,841.3318,-23.817404,0.08320837,28.376118,59.356796,52.276207,0.030822031,-6.590095,-0.04295558
238.0,0.0,158.0,-3.8764443,0.01148365,-3.9654942,69.260735,856.61743,-29.010572,0.08085651,28.14744,57.753773,52.62014,0.016762184,-7.454304,-0.03746303
238.0,0.0,168.0,-2.3125327,0.013698841,-4.3998923,68.643974,876.98083,-34.310028,0.07827734,27.994055,56.164444,53.128418,0.005541791,-8.475883,-0.0317566
238.0,0.0,178.0,-0.5372943,0.015439113,-4.905924,68.26854,904.44525,-39.45719,0.07548645,27.974724,54.88465,53.67709,-0.003371404,-9.623422,-0.022386715
238.0,0.0,188.0,1.4750471,0.01622653,-5.479254,68.18792,941.1507,-44.206818,0.07245666,28.119379,54.0122,54.24201,-0.009090931,-10.853135,-0.012645893
238.0,0.0,198.0,3.7582355,0.015880886,-6.1175356,68.41974,989.85004,-48.298004,0.06913084,28.453716,53.50366,54.87976,-0.011750134,-12.13696,-0.004524263
238.0,0.0,208.0,6.3415737,0.014201776,-6.8216157,68.92738,1053.0005,-51.53401,0.0654723,28.985765,53.234814,55.633347,-0.011852564,-13.447055,0.0017600132
238.0,0.0,218.0,9.266857,0.011041913,-7.5996237,69.55369,1132.7758,-53.72705,0.06141795,29.661335,53.01965,56.426434,-0.01218578,-14.763868,0.006337744
238.0,0.0,228.0,12.583754,0.006460879,-8.461816,69.87911,1229.9858,-54.7341,0.05682902,30.322592,52.53239,56.923454,-0.011788971,-15.9941435,0.008496566
238.0,0.0,238.0,16.346392,0.0007585909,-9.416337,69.03647,1343.3629,-54.215473,0.051411424,30.71783,51.18265,56.374214,-0.012491164,-17.003054,0.008425175
238.0,0.0,248.0,20.628607,-0.005453223,-10.466404,65.517914,1468.5854,-52.546963,0.044646107,29.64415,47.973,53.429337,-0.0147258695,-17.08671,0.0051755155
238.0,0.0,258.0,25.453049,-0.011249898,-11.592705,57.099915,1594.8295,-49.15142,0.035841312,26.449226,41.426277,46.323814,-0.018833898,-15.823311,0.0016581515
238.0,0.0,268.0,30.824224,-0.015755577,-12.74779,40.955044,1686.1725,-44.255093,0.024299541,19.493502,29.627789,32.787872,-0.021958895,-12.052335,-0.00093205506
238.0,0.0,278.0,36.381863,-0.017560523,-13.754164,15.162476,1589.9999,-38.17254,0.009391595,7.7702155,11.125784,11.430434,-0.01230159,-4.2647057,-0.0025866923
238.0,0.0,288.0,39.32195,-0.01439366,-13.687407,0.47069353,404.53406,-30.053185,0.0010346808,0.35529503,0.44425434,0.14245419,-0.00032396612,-0.08147852,-0.00087470195
238.0,0.0,298.0,39.349686,-0.011158656,-12.709289,0.0064325705,30.18869,-22.32697,0.00019367422,0.016533092,0.027894754,-0.031567506,-1.1661753e-05,-0.0029871091,-8.814013e-05
238.0,0.0,308.0,39.436066,-0.009440088,-11.832925,0.0015168234,18.41716,-16.312635,7.998e-05,0.005208595,0.01022777,-0.012403414,-8.916512e-06,-0.0017535421,-2.9232482e-05
238.0,0.0,318.0,39.542145,-0.008371308,-11.029952,0.0012958231,12.425887,-11.763535,4.3849865e-05,0.0028723702,0.0055976813,-0.005878782,-5.3304616e-06,-0.0009919412,-1.58034e-05
238.0,0.0,328.0,39.652718,-0.007864124,-10.292908,0.0012331336,10.568803,-8.40459,3.5219215e-05,0.0022530558,0.0043621934,-0.00414891,-4.0155624e-06,-0.00078322814,-1.5795216e-05
238.0,0.0,338.0,39.76076,-0.0069230017,-9.616409,0.0011962212,7.975262,-6.0122538,2.2478274e-05,0.0016166628,0.00289131,-0.0021154853,-2.0033142e-06,-0.00047927917,-1.0610043e-05
238.0,0.0,348.0,39.8629,-0.0067178705,-8.999397,0.0011778972,6.5328426,-4.399555,1.6975197e-05,0.0013440275,0.0022404639,-0.0012130872,-8.762662e-07,-0.00034084325,-5.0225735e-06
238.0,0.0,368.0,40.05135,-0.0062037567,-7.8999224,0.0011409255,4.481906,-2.8617382,1.0409147e-05,0.0010451393,0.00152381,-0.00028714503,-1.8911831e-07,-0.00018706771,-1.2807407e-06
238.0,0.0,388.0,40.21575,-0.005215318,-6.9709816,0.0011226278,3.097916,-2.8666353,7.0577917e-06,0.0009120925,0.0011875367,0.00014554348,-2.803414e-09,-0.000110940826,1.1984106e-07
238.0,0.0,408.0,40.35874,-0.0041128146,-6.185838,0.0011121645,2.1934474,-3.782644,5.9630524e-06,0.0008604264,0.001053086,0.00031072475,6.0906274e-08,-8.241824e-05,1.8752858e-07
238.0,0.0,428.0,40.48721,-0.0036133698,-5.518823,0.0011052656,1.5687034,-5.184922,6.1579767e-06,0.00084420026,0.0010104099,0.00035581397,4.870878e-08,-7.498296e-05,-1.4588201e-07
238.0,0.0,458.0,40.649105,-0.0032527025,-4.6835017,0.0010995035,1.0426818,-7.6644635,7.5234325e-06,0.00084316765,0.000997071,0.00035867214,1.1511496e-07,-7.3558454e-05,1.7535599e-07
238.0,0.0,488.0,40.77632,-0.0031208757,-4.0122466,0.0010961225,0.7345409,-10.182676,9.251506e-06,0.0008472095,0.000988972,0.00035576383,1.3370838e-07,-7.104368e-05,1.092094e-07
238.0,0.0,518.0,40.874893,-0.0030536817,-3.475427,0.0010941614,0.5627913,-12.459376,1.1484489e-05,0.0008567542,0.0009847909,0.00034142673,1.2821528e-07,-7.109726e-05,3.2221948e-07
238.0,0.0,558.0,40.975487,-0.0028139865,-2.8833709,0.0010922693,0.41161,-15.107032,1.4809288e-05,0.0008675916,0.00097417954,0.0003260883,2.5491045e-07,-6.9752634e-05,3.6259652e-07
238.0,0.0,598.0,41.045612,-0.0024192294,-2.4406343,0.001091201,0.33135644,-17.066355,1.8620882e-05,0.0008730124,0.0009585101,0.00034267933,1.0050639e-07,-6.1539155e-05,-1.271722e-07
238.0,0.0,638.0,41.101143,-0.002181964,-2.0701814,0.0010904535,0.2779133,-18.726078,2.3609788e-05,0.0008920129,0.0009717531,0.00030272332,2.6293029e-07,-6.0792463e-05,-1.555859e-07
238.0,0.0,688.0,41.140347,-0.0018540454,-1.6924043,0.0010897892,0.23326863,-20.010468,3.0223811e-05,0.00090088765,0.00095364574,0.00031992598,9.662577e-08,-4.5462995e-05,-3.661313e-07
238.0,0.0,738.0,41.163322,-0.0016007476,-1.4040409,0.0010893405,0.20519416,-20.869612,3.7773836e-05,0.00091016863,0.0009369432,0.00033293804,2.0937078e-08,-3.2848282e-05,-3.6062184e-07
238.00000000000003,0.0,1.0,23.176713943481445,0.0218861885368824,0.0247424338012933,9.69603157043457,19964.908203125,5.856525897979736,0.0005955635569989,6.524158954620361,6.43629264831543,6.430939674377441,0.0009869955247268,-7.250065803527832,-0.0059524327516555
238.00000000000003,0.0,4.0,30.71107482910156,0.027236858382821,0.1233038231730461,9.239791870117188,4417.27978515625,5.990584373474121,0.0021606660448014,6.39341926574707,6.050002574920654,6.030294418334961,0.0032694614492356,-3.038654327392578,-0.0042763440869748
238.00000000000003,0.0,8.0,34.21686553955078,0.0317692458629608,0.218334674835205,7.837416172027588,2417.3076171875,6.110219955444336,0.0031239937525242,5.537533760070801,5.06513261795044,5.0789289474487305,0.0043486496433615,-2.3471007347106934,-0.00377590325661
238.00000000000003,0.0,12.0,36.72549057006836,0.0349541418254375,0.3090805113315582,6.032347202301025,1592.3377685546875,6.239920616149902,0.0034245073329657,4.345925331115723,3.844189405441284,3.875253915786743,0.0038558635860681,-1.8474225997924805,-0.0035491473972797
238.00000000000003,0.0,16.0,38.62397766113281,0.0370525978505611,0.3899992108345032,4.18224573135376,1190.351806640625,6.37862491607666,0.0030512884259223,3.0667223930358887,2.6253018379211426,2.6722426414489746,0.0021027312614023,-1.2621022462844849,-0.0014707794180139
238.00000000000003,0.0,20.0,40.02574157714844,0.0342116989195346,0.4595503509044647,2.568742036819458,979.3805541992188,6.569099426269531,0.0024609630927443,1.9325004816055296,1.573473334312439,1.63179612159729,-0.0005687637603841,-0.6262755393981934,0.0012409383198246
238.00000000000003,0.0,24.0,40.52192306518555,0.0291080120950937,0.5236703157424927,3.474564552307129,1366.1231689453125,6.815189838409424,0.002322349930182,2.562171936035156,2.172713279724121,2.2139523029327397,-0.0029912677127867,0.4118463695049286,-0.0011473159538581
288.0,0.0,28.0,34.675808,0.016252628,0.42712128,27.499758,2975.3594,79.83892,0.0078036734,19.606356,17.679436,17.714462,-0.007394865,8.317938,0.0097261425
288.0,0.0,38.0,21.621674,-0.027462572,0.7429745,92.87688,3221.4463,82.17597,0.022529146,64.84989,59.655895,61.24481,-0.025192799,28.938335,0.106592186
288.0,0.0,48.0,10.246677,-0.07651081,0.7047084,113.33922,2664.3467,82.88245,0.035503443,77.47416,72.03425,77.18171,-0.009575771,35.28346,0.09265088
288.0,0.0,58.0,2.469576,-0.087709166,0.24499361,102.78002,1922.2332,80.3736,0.052533202,65.63302,64.22194,75.67891,-0.003828424,31.056242,-0.095620334
288.0,0.0,68.0,-1.7251126,-0.066518046,-0.5793965,88.373566,1366.4678,77.86698,0.06479334,50.14827,55.609657,70.98074,-0.0033372387,20.46102,-0.24335107
288.0,0.0,78.0,-3.6321778,-0.039596576,-1.5660285,79.95445,1026.7434,74.18223,0.07796897,38.344475,52.586864,68.97709,0.0007382547,11.160741,-0.25919935
288.0,0.0,88.0,-4.189593,-0.021111025,-2.544513,76.729454,889.2022,71.37959,0.08630933,31.77996,54.437794,67.238556,0.011830618,4.090797,-0.19990277
288.0,0.0,98.0,-3.9971352,-0.011254418,-3.4106245,75.87834,854.4288,69.31697,0.088806264,28.883635,58.1984,64.67584,0.02810564,-0.5843122,-0.14179853
288.0,0.0,108.0,-3.367309,-0.0065547545,-4.1298494,75.77013,858.17303,67.18594,0.088293105,27.821373,61.795723,61.922493,0.0432476,-3.298669,-0.11000268
288.0,0.0,118.0,-2.4805715,-0.003827273,-4.713927,75.58306,872.2273,64.5997,0.086656906,27.450861,64.097626,59.61653,0.050220467,-4.708664,-0.09760885
288.0,0.0,128.0,-1.4384845,-0.000638161,-5.2111545,75.00516,887.5461,61.444286,0.084510945,27.227125,64.77173,58.011845,0.047544196,-5.494859,-0.09045096
288.0,0.0,138.0,-0.2740626,0.0041321106,-5.6771955,74.05567,903.454,57.725,0.081972465,26.993963,64.08295,57.035416,0.038738266,-6.14007,-0.08764948
288.0,0.0,148.0,1.0238646,0.010536163,-6.156978,72.9011,921.58716,53.55371,0.07910684,26.749903,62.582283,56.471825,0.032545775,-6.9010677,-0.083816744
288.0,0.0,158.0,2.488262,0.017117439,-6.6775274,71.71398,943.9305,49.086163,0.07597783,26.54333,60.78958,56.096176,0.02442033,-7.863205,-0.07040356
288.0,0.0,168.0,4.156275,0.02298519,-7.248561,70.59176,972.273,44.53069,0.07261137,26.434645,59.03495,55.71382,0.019195734,-8.979973,-0.05058435
288.0,0.0,178.0,6.058401,0.027182456,-7.868474,69.54535,1008.17993,40.109547,0.068989486,26.444174,57.407227,55.239475,0.0115933595,-10.17287,-0.028210452
288.0,0.0,188.0,8.224871,0.028887918,-8.534103,68.51604,1053.1906,36.02867,0.06506444,26.55456,55.845642,54.632076,0.007496469,-11.366931,-0.008739571
288.0,0.0,198.0,10.688169,0.027710637,-9.244523,67.35559,1108.6992,32.47849,0.06076115,26.702877,54.192276,53.81637,0.0052693603,-12.492946,0.006329105
288.0,0.0,208.0,13.485857,0.023752205,-10.002055,65.75572,1175.5197,29.627363,0.055953328,26.741533,52.187355,52.58303,0.003379562,-13.460407,0.015547551
288.0,0.0,218.0,16.648252,0.017481998,-10.808547,63.177166,1252.9178,27.583237,0.050444737,26.410473,49.441162,50.50366,0.00064099085,-14.109618,0.019223757
288.0,0.0,228.0,20.208752,0.009563916,-11.663063,58.747723,1338.2999,26.41282,0.04391945,25.276222,45.357887,46.8617,-0.0029302472,-14.180333,0.0183819
288.0,0.0,238.0,24.192104,0.0009154538,-12.555474,51.197895,1425.158,26.113518,0.035941467,22.691486,39.080715,40.623993,-0.00702023,-13.262362,0.013935228
288.0,0.0,248.0,28.595484,-0.0073019345,-13.45391,38.85131,1494.1885,26.594488,0.026008947,17.775444,29.46932,30.45769,-0.011223765,-10.73728,0.0075815776
288.0,0.0,258.0,33.24841,-0.0133554125,-14.254504,20.42522,1474.9916,27.563414,0.013781392,9.825565,15.603952,15.423808,-0.01107165,-5.818713,0.0009210623
288.0,0.0,268.0,36.943596,-0.014543778,-14.493739,2.350754,912.4508,28.980669,0.0022161924,1.3815811,1.9303676,1.3886685,-0.0015661431,-0.5030902,-0.001238347
288.0,0.0,278.0,37.716644,-0.011244011,-13.593869,0.045692675,71.69548,31.752993,0.0005216669,0.056828316,0.1142357,-0.07977033,-7.6372846e-05,-0.024982156,-0.00031365664
288.0,0.0,288.0,37.919426,-0.009487566,-12.607279,0.0020518089,19.825766,33.3745,0.00010153316,0.0051046195,0.016414225,-0.017313179,-1.821546e-05,-0.0054660127,-3.530604e-05
288.0,0.0,298.0,38.169987,-0.008510874,-11.716757,0.0013625473,15.743226,34.10325,7.8514175e-05,0.0034860251,0.01158081,-0.012400833,-1.4503372e-05,-0.0038754423,-2.6474063e-05
288.0,0.0,308.0,38.40449,-0.0075727836,-10.914119,0.0012785053,11.423764,33.943913,4.8093025e-05,0.002290485,0.006845071,-0.0065727783,-8.270007e-06,-0.0022083498,-1.8958484e-05
288.0,0.0,318.0,38.62341,-0.007083892,-10.175454,0.0012334703,10.104252,33.206783,4.179534e-05,0.0019631023,0.0055868053,-0.0050827097,-6.213917e-06,-0.0017640936,-1.6007816e-05
288.0,0.0,328.0,38.824356,-0.0069786273,-9.499147,0.0012001358,7.7341223,32.01084,2.7308322e-05,0.0014876127,0.0036443654,-0.0027315968,-3.1335092e-06,-0.0010548227,-1.0824164e-05
288.0,0.0,338.0,39.007816,-0.006504275,-8.880165,0.0011836584,6.596472,30.47721,2.220101e-05,0.0013071655,0.002900662,-0.001840349,-1.739917e-06,-0.00078394153,-7.2035155e-06
288.0,0.0,348.0,39.173935,-0.006505482,-8.316524,0.0011637434,5.3627195,28.714998,1.646186e-05,0.0011332303,0.00220275,-0.0009953093,-6.7231815e-07,-0.00052798295,-1.7395723e-06
288.0,0.0,368.0,39.467728,-0.0059687328,-7.3139596,0.0011362592,4.0010962,24.716251,1.1735652e-05,0.0009801887,0.0016111777,-0.00031882885,-2.607878e-07,-0.0003185744,-5.099675e-07
288.0,0.0,388.0,39.712585,-0.004935968,-6.4692006,0.001121122,2.9767764,20.509563,8.719033e-06,0.0008934676,0.0012768222,7.183588e-05,-4.63769e-08,-0.00019914936,3.3470647e-07
288.0,0.0,408.0,39.92052,-0.004082056,-5.7576437,0.0011118097,2.1417365,16.352495,6.929505e-06,0.00084422145,0.0010922983,0.00028699098,1.1529819e-08,-0.00013522958,6.3978455e-08
288.0,0.0,428.0,40.099804,-0.003700997,-5.1505294,0.0011052825,1.5639627,12.397757,6.679183e-06,0.0008261767,0.0010243079,0.0003599811,6.526502e-09,-0.000111318965,-1.9621743e-07
288.0,0.0,458.0,40.31949,-0.0033904703,-4.3905,0.0010997967,1.0499009,7.0024633,7.997119e-06,0.0008259572,0.0010018267,0.00037173627,9.352552e-08,-0.000104819555,2.4601783e-07
288.0,0.0,488.0,40.490223,-0.0032135146,-3.7782834,0.0010965489,0.75331235,2.321101,9.783704e-06,0.00083103415,0.0009936782,0.00036802024,1.0027728e-07,-0.000100871715,6.514658e-08
288.0,0.0,518.0,40.623646,-0.0031670178,-3.2884343,0.0010945371,0.5749168,-1.5890841,1.2207027e-05,0.0008421207,0.000988727,0.0003547043,-3.1044138e-07,-0.00010051998,-7.316873e-07
288.0,0.0,558.0,40.76155,-0.0029686142,-2.7458253,0.0010925888,0.42015067,-5.985213,1.5675098e-05,0.00085432635,0.0009768071,0.0003408196,4.8799553e-08,-9.6348864e-05,-4.0144164e-07
288.0,0.0,598.0,40.86064,-0.0025228702,-2.3382173,0.0010914801,0.33797044,-9.205019,1.9677835e-05,0.0008608899,0.0009624143,0.000352593,1.0624508e-07,-9.0867776e-05,-1.503489e-07
288.0,0.0,638.0,40.93976,-0.002224362,-1.9952084,0.0010907077,0.28292862,-11.921558,2.4818934e-05,0.0008796754,0.0009761023,0.00031164862,-1.6421377e-07,-9.3011855e-05,-3.2309697e-07
288.0,0.0,688.0,41.00416,-0.0018659277,-1.6414698,0.0010900183,0.23696725,-14.309589,3.163255e-05,0.00089082087,0.0009576136,0.00032632158,-4.6069623e-08,-7.5719145e-05,-4.3501353e-07
288.0,0.0,738.0,41.046307,-0.0016024106,-1.3690534,0.001089548,0.20798044,-15.992246,3.9401697e-05,0.0009018175,0.00094055274,0.00033736887,2.0804318e-08,-6.109511e-05,-3.800788e-07
288.00000000000006,0.0,1.0,20.94985008239746,-0.00489037996158,0.0014136375393718,8.810667991638184,18365.984375,73.34785461425781,0.000608229660429,5.917895317077637,5.838106632232666,5.864838600158691,0.0005149994394741,-6.679819107055664,0.0008037102525122
288.00000000000006,0.0,4.0,28.121000289916992,-0.0049088462255895,0.0498031452298164,9.404501914978027,4442.642578125,73.54647827148438,0.0021661249920725,6.472082614898682,6.135715961456299,6.197293281555176,0.0012182253412902,-3.107579469680786,0.0009251118754036
288.00000000000006,0.0,8.0,31.789596557617188,-0.006000954657793,0.1049786508083343,8.20662784576416,2522.945068359375,73.96710205078125,0.0031339693814516,5.75117826461792,5.278229713439941,5.387780666351318,0.0017755189910531,-2.4658491611480717,-0.000700214644894
288.00000000000006,0.0,12.0,34.43467712402344,-0.0048978636041283,0.1550150215625763,6.4571943283081055,1669.834716796875,74.64334106445312,0.0035382048226892,4.602422714233398,4.086400508880615,4.225559711456299,0.00286934687756,-1.9887937307357788,-0.0036873056087642
288.00000000000006,0.0,16.0,36.42052459716797,-0.0006161920027807,0.195403590798378,4.659032821655273,1246.6356201171875,75.58265686035156,0.0033463661093264,3.376789093017578,2.894988775253296,3.046679735183716,0.0041983728297054,-1.4098137617111206,-0.0072378432378172
288.00000000000006,0.0,20.0,37.78034591674805,0.0085211461409926,0.2284431606531143,3.621598243713379,1164.6072998046875,76.8444595336914,0.003004481550306,2.678278684616089,2.2147774696350098,2.349318742752075,0.0042662220075726,-0.5233769416809082,-0.0091063864529132
288.00000000000006,0.0,24.0,37.62811279296875,0.0175230801105499,0.2897669970989227,8.542969703674316,1923.1077880859373,78.37950134277344,0.0039559891447424,6.187676429748535,5.404045581817627,5.497101783752441,0.0022046621888875,1.6062904596328735,-0.0069144195877015
338.0,0.0,1.0,19.670867919921875,-0.0416439324617385,-0.0312944650650024,8.03518009185791,17064.99609375,122.86443328857422,0.0006227158010005,5.374518394470215,5.3062028884887695,5.389942169189453,0.0018280160147696,-6.354804515838623,0.0099898502230644
338.0,0.0,4.0,26.259300231933597,-0.0313375517725944,-0.0921810865402221,9.447040557861328,4246.130859375,123.00431823730467,0.0022541088983416,6.41713285446167,6.112093448638916,6.366527557373047,0.0068633640184998,-3.1185662746429443,-0.0064210533164441
338.0,0.0,8.0,29.93398666381836,-0.025295739993453,-0.136325404047966,8.504555702209473,2531.042236328125,123.514892578125,0.0031842910684645,5.849560737609863,5.413445949554443,5.743231773376465,0.0085866972804069,-2.5496740341186523,-0.0029798196628689
338.0,0.0,12.0,32.685420989990234,-0.0236109681427478,-0.1851181983947754,6.79569149017334,1702.0970458984375,124.4261474609375,0.0036284625530242,4.724865436553955,4.241902828216553,4.624626636505127,0.0089436210691928,-2.102123975753784,-4.115193223697133e-05
338.0,0.0,16.0,34.71391296386719,-0.0248875450342893,-0.2392927706241607,5.145583629608154,1291.3638916015625,125.74347686767578,0.0037760878913104,3.638063907623291,3.127480745315552,3.5252697467803955,0.0083635486662387,-1.4580180644989014,0.0026321427430957
338.0,0.0,20.0,35.620567321777344,-0.0294185783714056,-0.2714444100856781,6.348071575164795,1501.0269775390625,127.53309631347656,0.0040499367751181,4.590340614318848,3.8908164501190186,4.214650630950928,0.0055626356042921,0.1450808495283126,0.0072308066301047
338.0,0.0,24.0,34.26145553588867,-0.0394756011664867,-0.210429385304451,17.724727630615234,2386.31689453125,129.4881591796875,0.0063576474785804,12.75143051147461,11.231807708740234,11.470782279968262,0.0008146876934915,4.322696208953857,0.0245855301618576
338.0,0.0,28.0,30.4476,-0.059086323,-0.06445213,41.096626,3002.0823,131.15138,0.010930079,29.288334,26.301983,26.597471,-0.006033584,12.452614,0.06773345
338.0,0.0,38.0,18.615158,-0.119154446,0.14458224,90.510735,2898.2593,133.65196,0.02564605,63.164318,57.4931,60.36062,-0.0071367035,28.10515,0.09864777
338.0,0.0,48.0,9.638273,-0.120065756,-0.13245033,96.50337,2172.0027,132.78473,0.042126272,63.934666,59.853725,69.20498,-0.024918154,29.84075,-0.114740744
338.0,0.0,58.0,4.6591926,-0.07885135,-0.96008724,87.12313,1484.9381,129.95149,0.058946375,51.209892,52.997494,70.03869,-0.06103854,21.858376,-0.25723147
338.0,0.0,68.0,2.37585,-0.039939675,-2.0840936,80.183754,1082.7039,126.23687,0.07417113,39.67338,49.577427,71.1178,-0.070658974,12.401162,-0.23358396
338.0,0.0,78.0,1.6726861,-0.01762898,-3.2795467,77.31943,921.28625,123.28667,0.08394412,32.555668,50.87836,71.20594,-0.0479475,4.710063,-0.13925178
338.0,0.0,88.0,1.8278286,-0.00869615,-4.392546,76.29732,878.2668,121.39788,0.08687289,29.075993,54.54107,68.97819,-0.017799482,-0.5497375,-0.06652847
338.0,0.0,98.0,2.4684274,-0.007104818,-5.352108,75.78057,881.3568,119.70797,0.08598322,27.602198,58.40154,65.5574,0.0062396247,-3.6123981,-0.031270374
338.0,0.0,108.0,3.3791401,-0.00803643,-6.1465197,75.16798,897.6677,117.70643,0.08373915,26.98384,61.18082,62.17072,0.019906254,-5.096826,-0.029565964
338.0,0.0,118.0,4.434669,-0.008018618,-6.8086047,74.19435,915.57166,115.25202,0.08103835,26.613611,62.340973,59.433342,0.022426594,-5.73772,-0.048230488
338.0,0.0,128.0,5.5859547,-0.004775369,-7.394498,72.81702,933.5462,112.33193,0.078003824,26.245728,61.988472,57.399387,0.019998638,-6.1379914,-0.07140507
338.0,0.0,138.0,6.8378205,0.002094412,-7.9565187,71.12774,952.921,109.00467,0.07464602,25.821217,60.6082,55.825924,0.017965078,-6.627555,-0.086296074
338.0,0.0,148.0,8.222643,0.011522877,-8.527644,69.23475,975.329,105.37565,0.07099048,25.362371,58.685333,54.42169,0.018035749,-7.300834,-0.08600989
338.0,0.0,158.0,9.779589,0.02148821,-9.122595,67.19666,1002.2469,101.5899,0.0670501,24.907047,56.529915,52.956272,0.02243255,-8.114425,-0.07202948
338.0,0.0,168.0,11.546827,0.029591978,-9.743881,64.99678,1035.0148,97.81503,0.062805414,24.473145,54.236637,51.2838,0.02647077,-8.97694,-0.04711863
338.0,0.0,178.0,13.549882,0.034166194,-10.387923,62.543617,1074.5475,94.213104,0.058214862,24.029802,51.745544,49.31207,0.027325973,-9.793077,-0.022442844
338.0,0.0,188.0,15.815914,0.03479793,-11.051251,59.645405,1121.4362,90.93274,0.053198013,23.48129,48.896942,46.91252,0.022397188,-10.471462,-0.002756931
338.0,0.0,198.0,18.370876,0.031520564,-11.730384,55.965687,1175.3949,88.0885,0.047623962,22.668762,45.424706,43.8381,0.008338481,-10.89776,0.016426291
338.0,0.0,208.0,21.243101,0.024701986,-12.419998,50.94339,1234.6727,85.7358,0.041273575,21.281744,40.92758,39.67681,0.0061426456,-10.902001,0.023353232
338.0,0.0,218.0,24.448544,0.01532931,-13.110463,43.79208,1294.3257,83.8355,0.03385036,18.89489,34.864033,33.825394,0.0033805168,-10.211439,0.021718793
338.0,0.0,228.0,27.976707,0.004907215,-13.776043,33.57669,1340.7953,82.25319,0.025049634,14.99488,26.596775,25.56159,-0.0035546492,-8.458223,0.015363957
338.0,0.0,238.0,31.727571,-0.0046100514,-14.34688,19.576002,1334.424,80.70551,0.014643601,9.125165,15.608255,14.418294,-0.0064917486,-5.2284884,0.006475135
338.0,0.0,248.0,35.142998,-0.010320159,-14.576623,3.7315476,1064.4081,78.78247,0.003340423,1.9667935,3.1412203,2.3529978,-0.0022360517,-0.89888525,-0.00045804642
338.0,0.0,258.0,36.42992,-0.008838578,-13.835505,0.117956385,149.19142,78.08555,0.00071855984,0.08675481,0.22002742,-0.070778884,-0.0002248952,-0.059504334,-0.00044008004
338.0,0.0,268.0,36.707222,-0.0071584256,-12.8164,0.0042936476,22.905428,76.70162,0.000122037614,0.004312708,0.024615074,-0.020343743,-2.8877243e-05,-0.0084716445,-3.9725273e-05
338.0,0.0,278.0,37.043095,-0.0064150114,-11.917159,0.0014558352,17.182096,74.62978,7.964623e-05,0.0017472048,0.013860289,-0.012696345,-2.0393836e-05,-0.005322965,-2.0600473e-05
338.0,0.0,288.0,37.357998,-0.00605796,-11.096432,0.0013315438,13.321157,71.979515,5.645892e-05,0.0014468362,0.0091841575,-0.0079682665,-1.344051e-05,-0.0034605397,-1.4426576e-05
338.0,0.0,298.0,37.64954,-0.0058807544,-10.345332,0.0012696236,10.978248,68.91793,4.4884135e-05,0.0012983623,0.0068419822,-0.0056012394,-9.308731e-06,-0.0025247107,-1.4326903e-05
338.0,0.0,308.0,37.917458,-0.0054966807,-9.658151,0.0012359183,9.669807,65.56859,4.072815e-05,0.0012411689,0.005768575,-0.0045378143,-7.1487875e-06,-0.0020985205,-1.4919325e-05
338.0,0.0,318.0,38.162422,-0.005400619,-9.027884,0.0012046371,7.5547276,62.03698,2.9052862e-05,0.0011050397,0.004008543,-0.0027042646,-4.1020385e-06,-0.0013688484,-8.996104e-06
338.0,0.0,328.0,38.386665,-0.005645293,-8.449913,0.0011898635,6.6213655,58.406326,2.6023277e-05,0.0010647926,0.003402278,-0.0020875752,-2.741718e-06,-0.0011225659,-6.337353e-06
338.0,0.0,338.0,38.590893,-0.0055610863,-7.9194674,0.0011690258,5.4414897,54.753937,2.0493644e-05,0.0009944207,0.002648379,-0.0013023785,-1.379491e-06,-0.00080988294,-2.677199e-06
338.0,0.0,348.0,38.777508,-0.0058153197,-7.433809,0.0011523167,4.8151383,51.073734,1.8588053e-05,0.00096232817,0.0023122826,-0.0009005542,-7.031529e-07,-0.0006552074,1.6470595e-06
338.0,0.0,368.0,39.10591,-0.0053844308,-6.570288,0.0011335254,3.601603,44.027042,1.3639087e-05,0.0008920231,0.0016956911,-0.0003144727,-4.014321e-07,-0.0004195411,1.924531e-07
338.0,0.0,388.0,39.382828,-0.004502728,-5.8432,0.0011206517,2.79904,37.35371,1.0731704e-05,0.00085130223,0.0013602655,2.962444e-05,-1.505139e-07,-0.00027746902,4.7234505e-07
338.0,0.0,408.0,39.619774,-0.0039410265,-5.2273717,0.001111821,2.0913553,31.24735,8.482706e-06,0.0008195116,0.001146111,0.00025790496,-7.3071384e-08,-0.0001875283,-4.5496414e-08
338.0,0.0,428.0,39.82269,-0.0036147614,-4.6976147,0.0011057414,1.5699179,25.71039,7.707923e-06,0.0008050084,0.0010495222,0.0003568593,-4.4840583e-08,-0.00014540573,-1.7121504e-07
338.0,0.0,458.0,40.072357,-0.0034121322,-4.032708,0.0011001882,1.0553895,18.444431,8.746781e-06,0.0008048357,0.0010089164,0.0003865638,5.4746955e-08,-0.00013043624,2.8896983e-07
338.0,0.0,488.0,40.26794,-0.0032134892,-3.4924872,0.0010970152,0.7705052,12.322175,1.0591402e-05,0.0008113519,0.0009993301,0.00038292597,5.8985787e-08,-0.0001259236,6.0445124e-08
338.0,0.0,518.0,40.42254,-0.003209602,-3.0587392,0.0010949349,0.5861733,7.2894773,1.32295445e-05,0.0008239284,0.0009950859,0.00036947906,-3.7179683e-07,-0.00012683615,-5.0159196e-07
338.0,0.0,558.0,40.58474,-0.0030718409,-2.5745087,0.0010929236,0.42834765,1.6505337,1.6858126e-05,0.0008372124,0.0009812249,0.00035498416,6.090153e-07,-0.00012282412,1.1352012e-06
338.0,0.0,598.0,40.704098,-0.0026002985,-2.2075467,0.0010917904,0.34433362,-2.4895775,2.1078613e-05,0.0008460933,0.0009665686,0.00036442842,9.011613e-08,-0.00011675909,-1.382741e-07
338.0,0.0,638.0,40.800137,-0.0022610957,-1.8960813,0.0010909747,0.2876725,-6.000279,2.6426522e-05,0.00086455425,0.000983844,0.0003212934,6.1481384e-09,-0.000121748686,-2.6941285e-07
338.0,0.0,688.0,40.883472,-0.0018820991,-1.5711999,0.0010902511,0.2404937,-9.242368,3.348805e-05,0.00087814016,0.0009626945,0.00033533262,-1.1659863e-08,-0.00010298996,-4.4682082e-07
338.0,0.0,738.0,40.940662,-0.0016178525,-1.3187646,0.0010897592,0.2106847,-11.58393,4.1493135e-05,0.00089130364,0.0009440038,0.00034488805,3.102553e-08,-8.720934e-05,-4.0140253e-07
438.0,0.0,1.0,20.1919059753418,-0.1341810971498489,-0.0968681797385215,7.690958976745605,16337.767578125,163.04177856445312,0.0006706932908855,5.100306510925293,5.029600143432617,5.254003047943115,1.0798435141623486e-05,-6.829885482788086,0.039852075278759
438.0,0.0,4.0,25.75640869140625,-0.1337432116270065,-0.3935904800891876,9.332527160644531,3565.367431640625,162.76019287109375,0.0025710810441523,6.149140357971191,5.844531059265137,6.692227840423584,0.0014109208714216,-3.014317274093628,-0.0047532455064356
438.0,0.0,8.0,29.06331825256348,-0.1272248178720474,-0.6981285810470581,8.823834419250488,2229.47412109375,162.83892822265625,0.003700663568452,5.832756996154785,5.3611016273498535,6.430899143218994,0.0023310678079724,-2.593876600265503,-0.002597885672003
438.0,0.0,12.0,31.27794075012207,-0.1251043230295181,-0.9750615954399108,8.83138656616211,1661.1165771484375,163.21127319335938,0.0052881333976984,6.060225486755371,5.160041809082031,6.441362380981445,0.004502891562879,-1.5479217767715454,0.0051834909245371
438.0,0.0,16.0,31.540027618408203,-0.129391074180603,-1.1197181940078735,14.085257530212402,1814.47900390625,163.7615966796875,0.0075929723680019,10.246245384216309,8.336654663085938,9.592065811157228,0.0104250209406018,1.9673519134521484,0.0163157600909471
438.0,0.0,20.0,29.34113121032715,-0.1336446702480316,-1.0980002880096436,28.80569076538086,2288.43603515625,164.07333374023438,0.0112877748906612,21.0662841796875,17.575246810913086,18.96718978881836,0.0137810688465833,7.95830488204956,0.009115781635046
438.0,0.0,24.0,25.92499351501465,-0.1280254870653152,-1.0421955585479736,46.602294921875,2503.071533203125,164.10968017578125,0.0157428551465272,33.68345260620117,28.691207885742188,30.829763412475582,0.005993434228003,14.144704818725586,-0.0349386036396026
438.0,0.0,28.0,22.277744,-0.10961032,-1.0413922,60.794178,2452.077,163.63731,0.021825783,43.278492,37.111576,41.204617,-0.0096527655,18.77385,-0.11069764
438.0,0.0,38.0,15.868575,-0.0423672,-1.5826743,70.80905,1722.5308,160.15594,0.041362654,46.550747,40.670715,54.40341,-0.040145874,19.133806,-0.21892834
438.0,0.0,48.0,12.941329,0.0023037998,-2.670792,70.15894,1184.4061,155.2703,0.059477568,40.410652,38.368908,61.537384,-0.043059956,12.00333,-0.13258569
438.0,0.0,58.0,12.002851,0.019142551,-3.9859848,69.331314,949.19507,150.2261,0.0731073,34.657623,38.09204,65.91248,-0.02675574,4.355481,-0.008555815
438.0,0.0,68.0,12.124913,0.020301165,-5.318273,68.38509,874.32043,146.42006,0.078217104,30.870754,40.05413,65.8452,-0.009633442,-1.5456868,0.06993402
438.0,0.0,78.0,12.85217,0.013872913,-6.5516286,66.80444,866.1294,143.19684,0.07713034,28.53849,42.642776,62.428173,-0.0020095215,-5.0863514,0.10087001
438.0,0.0,88.0,13.9064245,0.004464392,-7.6290636,64.622116,878.44946,139.7544,0.073566824,26.9785,44.507057,57.759155,-0.0050076107,-6.507209,0.09620998
438.0,0.0,98.0,15.092128,-0.0038325903,-8.552478,62.099564,894.4804,135.92021,0.069428705,25.774773,45.112762,53.31201,-0.014170011,-6.676979,0.061794903
438.0,0.0,108.0,16.318605,-0.007197475,-9.358991,59.38465,910.8752,131.81523,0.06519819,24.682514,44.531853,49.55513,-0.022039304,-6.417101,0.011606949
438.0,0.0,118.0,17.575869,-0.0036736655,-10.094456,56.468933,928.3741,127.62762,0.06082763,23.5511,43.070847,46.315964,-0.021175034,-6.186815,-0.03375941
438.0,0.0,128.0,18.896622,0.0060477387,-10.7916975,53.2782,947.78424,123.54078,0.056217205,22.31033,41.030457,43.215607,-0.01164398,-6.112313,-0.058879394
438.0,0.0,138.0,20.317125,0.018858274,-11.46403,49.745987,969.5338,119.7215,0.051314574,20.948395,38.613537,39.929802,0.0023846456,-6.126592,-0.06103174
438.0,0.0,148.0,21.863691,0.031189052,-12.10684,45.80683,993.9467,116.33174,0.046091817,19.464083,35.86322,36.2866,0.013710221,-6.129608,-0.046189275
438.0,0.0,158.0,23.553585,0.040009603,-12.707226,41.364433,1021.11694,113.51285,0.04051406,17.809128,32.697083,32.222458,0.019918164,-6.036994,-0.025118498
438.0,0.0,168.0,25.399452,0.043596543,-13.249304,36.240086,1050.2522,111.36185,0.034511082,15.882887,28.935555,27.661812,0.02111379,-5.765873,-0.0057666097
438.0,0.0,178.0,27.407593,0.04111248,-13.716043,30.179182,1078.6198,109.90645,0.02798576,13.515963,24.35106,22.491308,0.017304532,-5.2390966,0.0064622783
438.0,0.0,188.0,29.579021,0.033835247,-14.088111,22.890545,1098.6707,109.07331,0.020835642,10.50426,18.712334,16.56419,0.009141452,-4.3346877,0.011023558
438.0,0.0,198.0,31.879871,0.023349084,-14.325184,14.1752615,1092.4111,108.62043,0.012961831,6.6835146,11.850038,9.816483,0.0011846087,-2.9208,0.008876502
438.0,0.0,208.0,34.150585,0.0127028655,-14.318247,4.5320334,980.00757,108.0938,0.0045498484,2.2399004,4.0163627,2.8081808,-0.001851029,-0.9704741,0.00222173
438.0,0.0,218.0,35.59038,0.008472445,-13.73024,0.2624588,370.19067,107.85077,0.00066614884,0.13477372,0.33410588,0.056092843,-0.00044520083,-0.07353731,-0.00017763783
438.0,0.0,228.0,35.964653,0.009050109,-12.756412,0.013952932,37.59589,107.25707,0.00022723078,0.004122978,0.05778882,-0.034014374,-0.00011009499,-0.013924275,-2.9926665e-05
438.0,0.0,238.0,36.23783,0.008243158,-11.858259,0.002061183,18.584501,105.968925,6.3531676e-05,-0.00018344179,0.013729747,-0.009423493,-3.0008134e-05,-0.0039279014,2.1145695e-06
438.0,0.0,248.0,36.533894,0.007158159,-11.044074,0.0014287463,16.812891,104.08159,6.130406e-05,-0.0003724178,0.011869345,-0.008639273,-2.6833082e-05,-0.0035660341,4.1819744e-06
438.0,0.0,258.0,36.810463,0.005886461,-10.29064,0.0013689211,14.328455,101.64048,5.2225616e-05,-5.8784848e-05,0.009453349,-0.00665656,-2.0930918e-05,-0.0028369648,3.3163196e-06
438.0,0.0,268.0,37.071297,0.0046323356,-9.593741,0.0013203326,11.350795,98.710014,3.8346458e-05,0.00026449823,0.006637779,-0.004261611,-1.4194478e-05,-0.001960427,5.039179e-07
438.0,0.0,278.0,37.317604,0.0035942139,-8.94973,0.0012737011,10.721742,95.37651,4.0000647e-05,0.00029950181,0.0063454146,-0.0040973797,-1.2873312e-05,-0.0019222064,-2.2555798e-06
438.0,0.0,288.0,37.549114,0.002572169,-8.3565645,0.0012485436,9.219942,91.7189,3.4609428e-05,0.0004292991,0.005170282,-0.0031023612,-9.6264275e-06,-0.0015604489,-2.9501323e-06
438.0,0.0,298.0,37.766113,0.0014286486,-7.811798,0.0012177966,7.5208287,87.82258,2.6987054e-05,0.0005476243,0.0038888804,-0.0020007424,-6.4665496e-06,-0.0011409535,-2.4254691e-06
438.0,0.0,308.0,37.969376,0.00047813889,-7.313074,0.0012061977,6.8518186,83.76807,2.6209791e-05,0.0005908811,0.0035171174,-0.0016953847,-5.2827804e-06,-0.0010374931,-2.147652e-06
438.0,0.0,318.0,38.158783,-0.0003435779,-6.8571186,0.0011834662,5.812196,79.627045,2.207835e-05,0.00064201176,0.0028626039,-0.0011375021,-3.3844456e-06,-0.0008167635,2.2447162e-07
438.0,0.0,328.0,38.335484,-0.0013812317,-6.439816,0.0011679885,5.239687,75.462746,2.0953237e-05,0.0006665734,0.0025641094,-0.00089453533,-2.5422696e-06,-0.0007241243,2.7791332e-06
438.0,0.0,338.0,38.499775,-0.0021048102,-6.0575156,0.0011538323,4.6567073,71.32494,1.9300223e-05,0.0006885599,0.0022626198,-0.0006434235,-1.7399011e-06,-0.00062143477,4.264695e-06
438.0,0.0,348.0,38.651806,-0.002912451,-5.706686,0.0011456411,4.1638618,67.254906,1.797058e-05,0.0007074134,0.0020270431,-0.0004206827,-1.1193026e-06,-0.0005341547,6.895375e-06
438.0,0.0,368.0,38.929897,-0.0032887675,-5.0921197,0.0011301729,3.2588992,59.431454,1.5039108e-05,0.0007310769,0.0016238354,-9.473041e-05,-7.8576846e-07,-0.00039787317,1.3449296e-06
438.0,0.0,388.0,39.175484,-0.0030731573,-4.5733676,0.0011196943,2.5027153,52.143845,1.2383596e-05,0.00074354594,0.0013397145,0.00015602686,-4.6967324e-07,-0.00028769995,5.893243e-07
438.0,0.0,408.0,39.391926,-0.0029500865,-4.131322,0.0011120413,1.9610295,45.45023,1.0916009e-05,0.0007495907,0.0011810007,0.00029339318,-3.163031e-07,-0.00022223189,-1.3278538e-08
438.0,0.0,428.0,39.580475,-0.002841569,-3.748967,0.0011070349,1.5615256,39.368305,1.0438212e-05,0.00075387344,0.0010941003,0.00036608276,-1.844114e-07,-0.00018590715,1.3851243e-07
438.0,0.0,458.0,39.82024,-0.0030335092,-3.2674084,0.001101256,1.0693437,31.320486,1.1092681e-05,0.000759765,0.0010297033,0.0004126971,-6.0912067e-09,-0.00016158394,3.7087085e-07
438.0,0.0,488.0,40.015415,-0.002888164,-2.870223,0.0010980708,0.79709274,24.439335,1.3065789e-05,0.00076875754,0.0010136202,0.00041371162,4.2767527e-09,-0.00015843404,9.756251e-08
438.0,0.0,518.0,40.174843,-0.003254778,-2.5465653,0.0010958,0.6043879,18.711756,1.6284801e-05,0.00078246364,0.0010117622,0.00039978334,-6.226421e-08,-0.00016283632,9.0453915e-07
438.0,0.0,558.0,40.347458,-0.0031230105,-2.1819093,0.0010936466,0.4426547,12.166324,2.0303645e-05,0.00079794327,0.0009926596,0.00038539583,-6.578002e-08,-0.00016198431,-1.68575e-07
438.0,0.0,598.0,40.481354,-0.0026524507,-1.9004787,0.0010924177,0.35560828,7.2241592,2.5024758e-05,0.0008106218,0.0009760105,0.00038640533,5.5330972e-08,-0.00015724331,-6.913208e-08
438.0,0.0,638.0,40.59228,-0.0022870111,-1.6485243,0.0010915146,0.29567334,2.9055395,3.0949104e-05,0.00082986313,0.000992405,0.00035162194,5.808062e-08,-0.00016316879,-1.9860975e-07
438.0,0.0,688.0,40.69354,-0.0019126638,-1.3940415,0.0010907308,0.24716389,-1.2416173,3.8630136e-05,0.00084811077,0.00097065535,0.00036091925,2.692336e-08,-0.00014576763,-4.539472e-07
438.0,0.0,738.0,40.767998,-0.001658869,-1.1860585,0.0010901913,0.21581137,-4.3678083,4.7248363e-05,0.000865069,0.00095116463,0.00036505758,1.9134811e-08,-0.00013098572,-4.4455663e-07
538.0,0.0,1.0,19.1766300201416,-0.0933178663253784,-0.167526438832283,8.89269733428955,14029.2451171875,154.29319763183594,0.0007914309389889,5.88438892364502,5.80281925201416,6.159436702728272,-0.0011093645589426,-9.692848205566406,0.0449989326298236
538.0,0.0,4.0,27.408531188964844,-0.1162017434835434,-0.5031124353408813,12.53367519378662,3217.63818359375,153.20899963378906,0.0046275909990072,8.403141021728516,7.408357620239258,9.274738311767578,-0.006931859999895,-2.6874020099639893,-0.0141092576086521
538.0,0.0,8.0,27.50937843322754,-0.094775915145874,-0.8446557521820068,20.15228271484375,1829.3695068359373,151.52450561523438,0.0113585591316223,14.24291706085205,11.116823196411133,14.993370056152344,-0.0101198041811585,1.927292823791504,-0.0641437619924545
538.0,0.0,12.0,26.43421745300293,-0.0738753825426101,-1.0401993989944458,28.44085121154785,1707.10205078125,150.15745544433594,0.016941949725151,20.367429733276367,15.502199172973633,20.920499801635746,-0.0082895001396536,5.071386337280273,-0.0932789668440818
538.0,0.0,16.0,24.952335357666016,-0.0515568926930427,-1.262864589691162,37.013301849365234,1629.3525390625,148.57701110839844,0.022952951490879,26.37885284423828,19.996946334838867,27.53512954711914,-0.0033236243762075,8.465373992919922,-0.1197361648082733
538.0,0.0,20.0,23.27897453308105,-0.0291836373507976,-1.5133262872695925,45.3107795715332,1567.091796875,146.8494110107422,0.0292127188295125,31.733341217041016,24.27447891235352,34.615665435791016,0.0044830767437815,11.542595863342283,-0.1390760391950607
538.0,0.0,24.0,21.80207061767578,-0.0120902098715305,-1.8633686304092407,50.40721130371094,1442.3116455078125,144.87474060058594,0.0356217324733734,34.13833236694336,26.467649459838867,40.22285461425781,0.0119176134467124,12.086116790771484,-0.129992589354515
538.0,0.0,28.0,20.621637,0.0009715462,-2.2724442,53.924774,1301.7759,142.6914,0.042385977,35.160698,27.636578,45.070686,0.019684726,11.477758,-0.10897124
538.0,0.0,38.0,18.923351,0.017905511,-3.486458,57.824894,988.33545,136.69005,0.05878953,33.831715,27.986877,53.81647,0.03616578,5.706189,-0.022062387
538.0,0.0,48.0,18.75036,0.018782327,-4.821888,58.25855,866.14764,131.3738,0.06733682,31.299877,28.387642,56.82595,0.04141184,-0.60767156,0.04657695
538.0,0.0,58.0,19.357746,0.013686054,-6.1444945,56.83956,832.32,126.75702,0.068286635,28.842697,29.327267,55.5139,0.034489203,-5.1598706,0.081779614
538.0,0.0,68.0,20.470177,0.00643334,-7.3939953,53.731117,831.29565,122.079735,0.06463894,26.38915,29.782516,51.29722,0.016716108,-7.2840385,0.08327256
538.0,0.0,78.0,21.830297,0.00081098534,-8.537269,49.53494,839.13574,116.78999,0.059041418,23.933056,29.15182,45.99403,-0.0044794213,-7.453765,0.060561188
538.0,0.0,88.0,23.249996,-0.00078816025,-9.593213,45.024033,847.7725,110.92798,0.05311575,21.580536,27.681044,40.794556,-0.017768327,-6.7558284,0.02839681
538.0,0.0,98.0,24.657558,0.0035171222,-10.571506,40.53194,857.4762,104.759735,0.04727869,19.361425,25.7305,35.977127,-0.017249573,-5.8615923,-0.0032346104
538.0,0.0,108.0,26.054272,0.012925878,-11.487006,36.012398,869.468,98.725174,0.041433085,17.182735,23.507948,31.336685,-0.00561592,-5.08663,-0.023371326
538.0,0.0,118.0,27.464434,0.024854243,-12.340788,31.323282,883.1944,93.12488,0.03547298,14.9743595,21.036337,26.63725,0.009933629,-4.411932,-0.028991293
538.0,0.0,128.0,28.90988,0.035765667,-13.102181,26.340328,897.8398,88.37553,0.029352775,12.666004,18.281187,21.734663,0.021855025,-3.766044,-0.02240471
538.0,0.0,138.0,30.393162,0.043077175,-13.753861,21.084354,910.2861,84.6502,0.023167107,10.224867,15.201101,16.743414,0.025631215,-3.1001487,-0.012410483
538.0,0.0,148.0,31.916306,0.045541395,-14.25737,15.524921,914.44,82.18573,0.016970268,7.6066885,11.720979,11.722401,0.021565294,-2.3889477,-0.0041720713
538.0,0.0,158.0,33.45761,0.04347546,-14.540271,9.631926,897.3433,81.07355,0.010669393,4.807806,7.730251,6.727136,0.011987211,-1.5544542,9.0950685e-05
538.0,0.0,168.0,34.909542,0.039213657,-14.523901,3.84254,808.19305,81.00384,0.0045793513,1.990618,3.347338,2.3472095,0.0029840844,-0.6281911,0.0007017765
538.0,0.0,178.0,35.969154,0.035623673,-14.063071,0.7797619,498.6481,81.979416,0.0013172749,0.42106754,0.7857938,0.3528568,3.99222e-05,-0.13043834,0.00013781952
538.0,0.0,188.0,36.4675,0.034198146,-13.300989,0.09154627,139.64505,83.48173,0.0005217599,0.042514555,0.16449039,-0.023829218,-0.00014384282,-0.029297663,2.1428183e-05
538.0,0.0,198.0,36.659477,0.033393484,-12.476024,0.00717904,29.006086,85.12072,0.000119462704,0.0017602474,0.027136292,-0.014531688,-3.678595e-05,-0.0047384836,1.5294952e-05
538.0,0.0,208.0,36.837456,0.03177902,-11.6850395,0.0020071012,18.51647,86.67996,5.341224e-05,-1.0116841e-05,0.01101922,-0.006990236,-1.7071954e-05,-0.0021142762,1.3972656e-05
538.0,0.0,218.0,37.028427,0.029665552,-10.916393,0.0014779159,16.833988,87.917915,5.0026087e-05,-0.00019402255,0.009744706,-0.006591528,-1.5811542e-05,-0.0019293054,1.7824614e-05
538.0,0.0,228.0,37.21316,0.027187353,-10.170824,0.0014142917,15.345462,88.646385,4.7247286e-05,-7.729145e-05,0.0088797705,-0.0059709605,-1.4103293e-05,-0.0017487982,1.970303e-05
538.0,0.0,238.0,37.391758,0.024512295,-9.455371,0.0013783927,12.837721,88.76705,3.7860947e-05,0.00016527408,0.0069611534,-0.004367396,-1.0590874e-05,-0.0013556196,1.682912e-05
538.0,0.0,248.0,37.56579,0.021755554,-8.774768,0.0013299631,11.303904,88.30053,3.3893823e-05,0.00026582298,0.0059684026,-0.0035722305,-8.735807e-06,-0.0011731425,1.5197884e-05
538.0,0.0,258.0,37.733356,0.01896335,-8.14121,0.0012938029,10.682574,87.18799,3.517404e-05,0.00027165696,0.0057594283,-0.0034414225,-8.3491705e-06,-0.0011708805,1.5346282e-05
538.0,0.0,268.0,37.89458,0.016237736,-7.552945,0.001269091,9.467833,85.57065,3.2283897e-05,0.00035003177,0.00498275,-0.0027927319,-6.9908256e-06,-0.0010304799,1.31120905e-05
538.0,0.0,278.0,38.04898,0.013714404,-7.0131197,0.0012412189,7.961558,83.50395,2.6859308e-05,0.00045117125,0.0039723073,-0.0019395462,-5.2606415e-06,-0.00081937376,9.720824e-06
538.0,0.0,288.0,38.195812,0.011430111,-6.5229206,0.0012234122,7.1699777,81.070465,2.5695603e-05,0.0004886154,0.0035505276,-0.0015908942,-4.4341305e-06,-0.00074631744,8.367843e-06
538.0,0.0,298.0,38.33554,0.009239033,-6.075712,0.0012080485,6.516086,78.38359,2.5018795e-05,0.000517217,0.0032165898,-0.0013163496,-3.5992516e-06,-0.00069026445,7.5654793e-06
538.0,0.0,308.0,38.467487,0.007201622,-5.673692,0.0011865936,5.694569,75.49442,2.2565137e-05,0.0005565445,0.002757268,-0.0009394289,-2.696586e-06,-0.00059047405,6.2019876e-06
538.0,0.0,318.0,38.592297,0.005413841,-5.309154,0.001173184,5.2343044,72.48946,2.2469252e-05,0.0005725652,0.0025504427,-0.00077552395,-2.2983186e-06,-0.00055596116,6.015516e-06
538.0,0.0,328.0,38.70965,0.0036431127,-4.9788847,0.0011609053,4.714618,69.41741,2.144685e-05,0.0005954695,0.0022985828,-0.0005712342,-1.8338776e-06,-0.00050064275,6.14387e-06
538.0,0.0,338.0,38.819492,0.0019534861,-4.6813765,0.0011527519,4.2340918,66.322876,2.0329795e-05,0.00061770924,0.0020752272,-0.00038654188,-1.4188771e-06,-0.00044889035,5.764195e-06
538.0,0.0,348.0,38.924088,0.000578186,-4.410335,0.0011444093,3.7561142,63.24029,1.8832845e-05,0.0006385025,0.0018572527,-0.00020613294,-1.2300397e-06,-0.000395489,4.6971745e-06
538.0,0.0,368.0,39.12096,-0.00041104166,-3.9436135,0.0011310219,3.1022472,57.21702,1.7643988e-05,0.0006625585,0.0015948338,5.323789e-06,-1.0649211e-06,-0.00033657235,2.5533525e-06
538.0,0.0,388.0,39.300404,-0.000945981,-3.5558197,0.0011207425,2.4298065,51.482365,1.5155034e-05,0.0006876775,0.0013460771,0.00020826579,-7.136125e-07,-0.0002605107,1.1145261e-06
538.0,0.0,408.0,39.46168,-0.0012767784,-3.227221,0.0011133885,1.9186631,46.102573,1.361715e-05,0.0007035801,0.0011952647,0.00032845704,-5.3146937e-07,-0.0002099466,5.4999396e-07
538.0,0.0,428.0,39.606045,-0.0015837073,-2.9451308,0.0011083499,1.5354142,41.102848,1.3236411e-05,0.0007131961,0.0011102754,0.00039356505,-3.4865974e-07,-0.00018362381,7.142938e-07
538.0,0.0,458.0,39.794643,-0.0021687092,-2.593253,0.0011027094,1.091218,34.329643,1.4225785e-05,0.00072306604,0.0010497582,0.0004329566,-1.4374429e-07,-0.00016704744,6.176921e-07
538.0,0.0,488.0,39.954937,-0.0023395675,-2.3022256,0.001099251,0.8153984,28.373308,1.6694246e-05,0.00073199056,0.001030127,0.00043644564,-1.0497732e-07,-0.00016906115,5.858144e-07
538.0,0.0,518.0,40.089165,-0.0024935931,-2.0645216,0.0010967088,0.61606055,23.194195,2.056293e-05,0.00074385013,0.0010414366,0.00043537654,-5.5424e-08,-0.00017483516,6.862403e-07
538.0,0.0,558.0,40.239994,-0.0028539167,-1.798592,0.0010944019,0.45443988,17.205381,2.5064812e-05,0.000759294,0.0010110822,0.00041240387,6.885639e-09,-0.00018059765,2.58962e-07
538.0,0.0,598.0,40.36464,-0.0026078161,-1.5870954,0.0010930703,0.36451247,12.464341,3.0649753e-05,0.0007754324,0.0009898449,0.00041291345,1.3233783e-09,-0.00017953076,1.09596634e-07
538.0,0.0,638.0,40.468628,-0.0022793747,-1.397876,0.0010920846,0.30262214,8.242404,3.7332546e-05,0.00079429627,0.0010015802,0.00038168347,1.995019e-08,-0.00018510572,-9.11872e-08
538.0,0.0,688.0,40.56858,-0.0019063844,-1.1997962,0.001091227,0.25239825,4.046604,4.595762e-05,0.000816336,0.000981454,0.00038456995,-9.4152215e-09,-0.00017319003,-4.687015e-07
538.0,0.0,738.0,40.64594,-0.0016478115,-1.0343663,0.0010906375,0.22008769,0.7511791,5.5451612e-05,0.0008366837,0.00096018787,0.00038419125,-1.458319e-08,-0.0001614018,-4.987144e-07
638.0,0.0,1.0,19.261592864990234,-0.0372535027563571,-0.1144268065690994,10.852842330932615,14823.232421875,131.06561279296875,0.0011063378769904,7.266796588897705,7.029715538024902,7.470064640045166,-0.0004818204906769,-13.11215877532959,0.023052217438817
638.0,0.0,4.0,25.15316200256348,-0.0364422462880611,-0.4035437703132629,19.836408615112305,2988.622314453125,129.66249084472656,0.008025374263525,13.599404335021973,11.290179252624512,14.893543243408203,-0.0022516150493174,-0.3881038427352905,-0.0283456519246101
638.0,0.0,8.0,24.59019660949707,-0.0241684466600418,-0.8566331267356873,29.683927536010746,1568.0693359375,126.96715545654295,0.0202316492795944,20.394550323486328,14.981945037841797,24.211837768554688,-0.000777852081228,3.0770604610443115,-0.0486012697219848
638.0,0.0,12.0,24.074581146240234,-0.0169920865446329,-1.235487461090088,35.170650482177734,1300.8543701171875,124.8290023803711,0.0284699741750955,23.78437614440918,16.79479217529297,29.59019088745117,0.0024430947378277,3.779114007949829,-0.0495420210063457
638.0,0.0,16.0,23.59871482849121,-0.0108317323029041,-1.679797649383545,39.8084716796875,1128.926513671875,122.50634002685548,0.0362354144454002,26.264137268066406,18.246116638183597,34.85578918457031,0.0066874390468001,4.051543235778809,-0.0454548671841621
638.0,0.0,20.0,23.16836166381836,-0.0055085537023842,-2.164226531982422,43.808231353759766,1014.6318359375,120.08924865722656,0.0435736998915672,28.015913009643555,19.465938568115234,40.1412353515625,0.0115529717877507,3.8618767261505127,-0.0374626778066158
638.0,0.0,24.0,22.936355590820312,-0.0025243128184229,-2.683690071105957,46.36792755126953,944.8967895507812,117.72948455810548,0.0495094433426857,28.776472091674805,20.142393112182617,43.822021484375,0.0153952818363904,2.664776563644409,-0.0206289589405059
638.0,0.0,28.0,22.826454,-0.0007851953,-3.2150972,48.190716,891.56433,115.46775,0.054283597,29.05603,20.670586,46.655025,0.018643942,1.106964,-0.0011137652
638.0,0.0,38.0,23.071274,-0.0012154274,-4.5779214,49.871605,821.13715,110.443985,0.060562022,28.31874,21.600952,49.808838,0.021399084,-3.3044791,0.042672634
638.0,0.0,48.0,24.042719,-0.00467545,-5.9372015,47.857292,807.6344,106.305466,0.056642108,26.216583,22.336716,47.16192,0.0055378866,-6.363309,0.04754335
638.0,0.0,58.0,25.473827,-0.005470405,-7.2676167,43.238052,807.11096,101.5011,0.049376626,23.104952,21.624722,41.75109,-0.012286264,-7.3206286,0.028397596
638.0,0.0,68.0,27.141575,-0.001400465,-8.554113,37.02082,806.37964,95.29864,0.042555716,19.36436,19.250637,35.427673,-0.016282031,-6.690566,0.0068379156
638.0,0.0,78.0,28.807396,0.006944271,-9.791776,30.552519,802.23346,87.96664,0.036633804,15.650181,16.201424,29.252373,-0.005571708,-5.497765,-0.0066642403
638.0,0.0,88.0,30.391804,0.017093344,-10.977046,24.379654,798.1335,80.26135,0.03049603,12.291584,13.221103,23.243748,0.0102100745,-4.2703137,-0.011600797
638.0,0.0,98.0,31.88731,0.027025819,-12.073279,18.519854,794.11084,72.851494,0.02330999,9.336954,10.5460615,17.157976,0.020589985,-3.0830696,-0.0089459885
638.0,0.0,108.0,33.306614,0.034323845,-13.024363,13.010969,785.49005,65.96219,0.016537938,6.6043906,7.932743,11.484936,0.022074701,-2.0783522,-0.0036896742
638.0,0.0,118.0,34.63014,0.038041465,-13.765027,7.940393,763.73315,59.97564,0.010358661,4.0975866,5.285252,6.4981565,0.01609468,-1.2221208,-0.00047952213
638.0,0.0,128.0,35.76944,0.039040525,-14.15829,3.5827198,699.15265,55.525482,0.0049852193,1.9123825,2.6531549,2.5998614,0.006759998,-0.51712006,0.00012242807
638.0,0.0,138.0,36.630104,0.039340127,-14.178099,0.896858,539.39636,52.787106,0.0015382539,0.49720696,0.7510959,0.54537207,0.0012145602,-0.12047889,-2.0856296e-05
638.0,0.0,148.0,37.099358,0.039853316,-13.850994,0.18370812,252.68657,51.93822,0.00066431344,0.099053316,0.20275737,0.06565122,0.00012092105,-0.031097868,-0.00010310319
638.0,0.0,158.0,37.281456,0.040930647,-13.353289,0.03534366,69.16289,52.616314,0.00037944637,0.015661664,0.0722334,-0.017192133,-3.0233274e-05,-0.010676813,-0.00010592669
638.0,0.0,168.0,37.377598,0.042194095,-12.78649,0.005777492,25.276838,54.386925,8.932217e-05,0.0022043856,0.016145106,-0.0067914147,-1.1884948e-05,-0.0021536478,-2.4633904e-05
638.0,0.0,178.0,37.48857,0.04289735,-12.1636915,0.0021109378,18.609526,56.96494,4.890736e-05,0.00048340077,0.008640897,-0.004901044,-7.370483e-06,-0.0012432224,-7.675122e-06
638.0,0.0,188.0,37.613632,0.042882886,-11.49657,0.0015397724,16.965403,59.85189,4.2751664e-05,0.00024650415,0.00767719,-0.004843929,-7.4428167e-06,-0.0011029517,-2.2685124e-07
638.0,0.0,198.0,37.7396,0.04210417,-10.794161,0.0014583311,16.145191,62.742836,4.1614676e-05,0.0002548137,0.0076320507,-0.00496989,-7.691144e-06,-0.0010634693,6.5159875e-06
638.0,0.0,208.0,37.864437,0.040504046,-10.073045,0.0014311739,14.493101,65.32617,3.6735368e-05,0.0003516801,0.0068652895,-0.0043541864,-6.681205e-06,-0.0009333653,1.1080264e-05
638.0,0.0,218.0,37.989113,0.038259946,-9.351916,0.0013978357,12.425297,67.44881,3.0087549e-05,0.000461825,0.0057002828,-0.0033660748,-5.4295365e-06,-0.0007584569,1.2604498e-05
638.0,0.0,228.0,38.112663,0.035527613,-8.648399,0.0013516983,11.438333,68.93619,2.893287e-05,0.00047189082,0.005319812,-0.0030879076,-5.229223e-06,-0.0007167924,1.4409138e-05
638.0,0.0,238.0,38.23359,0.03248824,-7.976199,0.0013166236,10.93221,69.77841,3.0392373e-05,0.00045104936,0.005271095,-0.0030884952,-5.21381e-06,-0.00073340215,1.648447e-05
638.0,0.0,248.0,38.351063,0.029237008,-7.3436484,0.0012957723,10.0562315,70.00692,2.9916238e-05,0.0004673385,0.0048960387,-0.0027715773,-4.854994e-06,-0.000698497,1.673989e-05
638.0,0.0,258.0,38.46406,0.02587913,-6.7623687,0.0012707117,8.669618,69.61941,2.614002e-05,0.0005210206,0.0040906756,-0.002070106,-4.161216e-06,-0.000587187,1.4479117e-05
638.0,0.0,268.0,38.57263,0.022594865,-6.228698,0.0012456623,7.6060953,68.77191,2.3880873e-05,0.0005509743,0.0035328097,-0.0015924423,-3.6619647e-06,-0.00051331724,1.2693623e-05
638.0,0.0,278.0,38.675888,0.01946846,-5.7468505,0.001231934,7.1231856,67.513084,2.4905316e-05,0.0005486499,0.0033733875,-0.0014581215,-3.3221306e-06,-0.0005101779,1.2278989e-05
638.0,0.0,288.0,38.773914,0.016522866,-5.313743,0.0012155086,6.4904966,65.94442,2.4598454e-05,0.00055904244,0.0030824598,-0.0012104923,-2.8189113e-06,-0.00047921532,1.1327682e-05
638.0,0.0,298.0,38.867107,0.013732203,-4.92329,0.0011932865,5.7338076,64.15595,2.2960836e-05,0.0005772464,0.0027010734,-0.00089172646,-2.390527e-06,-0.00042440442,9.9462395e-06
638.0,0.0,308.0,38.954502,0.011199465,-4.5776525,0.0011823531,5.3581934,62.188942,2.387176e-05,0.00057777495,0.0025681232,-0.00078120315,-2.1490305e-06,-0.00041742643,9.77099e-06
638.0,0.0,318.0,39.036842,0.008842134,-4.2664037,0.0011710251,4.9011526,60.121944,2.3716635e-05,0.0005871726,0.0023686285,-0.0006137476,-1.8305824e-06,-0.00039212633,9.486861e-06
638.0,0.0,328.0,39.114414,0.0065972954,-3.9883065,0.0011616669,4.39134,57.987324,2.2647282e-05,0.0006033048,0.002137131,-0.00041711063,-1.4879488e-06,-0.00035566156,8.726015e-06
638.0,0.0,338.0,39.188477,0.0047906805,-3.7399182,0.0011535783,3.9755502,55.82045,2.1989968e-05,0.0006151941,0.0019594897,-0.00026759668,-1.4658916e-06,-0.00033018112,7.201436e-06
638.0,0.0,348.0,39.26014,0.0036567983,-3.5158482,0.0011450498,3.5911884,53.646763,2.1277738e-05,0.00062573975,0.0018002548,-0.00013598579,-1.5850233e-06,-0.000306586,5.5740816e-06
638.0,0.0,368.0,39.396107,0.002267491,-3.1358144,0.0011331976,2.9557295,49.353706,2.0106358e-05,0.00064563414,0.001555008,6.571447e-05,-1.126635e-06,-0.00026575106,3.6252234e-06
638.0,0.0,388.0,39.52088,0.0012705285,-2.8240945,0.0011232226,2.4095461,45.208622,1.8662044e-05,0.00066399685,0.00136431,0.00021808245,-9.02381e-07,-0.00022485113,1.9870417e-06
638.0,0.0,408.0,39.634098,0.00055921543,-2.5629807,0.0011158397,1.927046,41.26086,1.7193455e-05,0.0006798475,0.0012199772,0.000331809,-6.93142e-07,-0.00018874183,1.3297916e-06
638.0,0.0,428.0,39.737595,-0.0001437637,-2.342288,0.0011100069,1.524677,37.533985,1.6617203e-05,0.00068997015,0.001127104,0.0004029375,-4.465093e-07,-0.00016724614,1.351379e-06
638.0,0.0,458.0,39.874695,-0.0009860789,-2.0697916,0.0011044111,1.1127733,32.37659,1.8036591e-05,0.00069873245,0.0010692712,0.00044082743,-3.3331634e-07,-0.0001575901,1.0715827e-06
638.0,0.0,488.0,39.995533,-0.0016241581,-1.8475965,0.0011005477,0.8291415,27.724253,2.125555e-05,0.00070515164,0.0010468665,0.00044882932,-2.9255116e-07,-0.0001644896,1.0998887e-06
638.0,0.0,518.0,40.09723,-0.0018924512,-1.6680169,0.0010977144,0.62625384,23.576958,2.6052514e-05,0.000713878,0.0010681135,0.0004460843,-1.9856027e-07,-0.00017413945,1.1237789e-06
638.0,0.0,558.0,40.217194,-0.0025774648,-1.4681095,0.00109523,0.46466124,18.646145,3.132007e-05,0.00072696176,0.0010319133,0.00042805148,-2.604215e-07,-0.00018541956,4.9334164e-07
638.0,0.0,598.0,40.32133,-0.0024535412,-1.308237,0.0010937627,0.37196472,14.613366,3.8120543e-05,0.0007442003,0.0010037603,0.0004337481,-1.2166439e-07,-0.00018881193,3.656005e-07
638.0,0.0,638.0,40.409,-0.0022016477,-1.165951,0.0010926869,0.30895147,10.894587,4.5733366e-05,0.0007615006,0.0010083631,0.00041044594,-4.3700945e-07,-0.00019480968,-1.0583201e-07
638.0,0.0,688.0,40.497105,-0.0018687675,-1.0134618,0.0010917432,0.25720364,7.0769925,5.5466466e-05,0.00078460446,0.0009901362,0.0004085623,-2.7114012e-07,-0.0001888535,-5.683569e-07
638.0,0.0,738.0,40.5685,-0.001616739,-0.8834956,0.0010910932,0.22374359,3.9753153,6.6122055e-05,0.00080724905,0.00096991827,0.00040580324,-5.7502266e-08,-0.00018117776,-5.503576e-07
