x_over_T,z_over_T,y_over_T,p_over_pref,Cp
-3.3881317890172014e-21,0.0,0.0408472990931037,1.003874488577733,0.9097606315707042
-3.764591101072885e-22,0.0,0.0408472990931037,1.0038749667613915,0.9098729128842729
0.0,0.0,0.0426614370491379,1.003872507525536,0.9092954648107254
3.3881317890172014e-21,0.0,0.0485058373380791,1.0038622568292248,0.906888520058422
2.6281075579392503e-06,-0.0013233785404237,0.0408472990931037,1.0038757784384038,0.910063501081011
2.628107557939251e-06,0.0013233785404237,0.0408472990931037,1.0038730903949176,0.9094323271620096
2.628107557939252e-06,-0.0013233785404237,0.0426614370491379,1.0038741484941431,0.9096807772478483
2.628107557939253e-06,0.0013233785404237,0.0426614370491379,1.0038732728457491,0.9094751680635672
2.628107557939254e-06,-0.0013233785404237,0.0426614370491379,1.003876273136012,0.910179660000944
2.628107557939254e-06,0.0013233785404237,0.0426614370491379,1.0038745135428668,0.9097664935819552
2.628107557939257e-06,0.0013233785404237,0.0485058373380791,1.003861361153824,0.9066782083742068
1.0511837663971276e-05,-0.0026469353784933,0.0408472990931037,1.0038764920277834,0.9102310575240432
1.0511837663971278e-05,0.0026469353784933,0.0408472990931037,1.0038713307796032,0.9090191555375272
1.051183766397128e-05,-0.0026469353784933,0.0426614370491379,1.0038771671094386,0.9103895720481447
1.051183766397128e-05,0.0026469353784933,0.0426614370491379,1.003872678485809,0.9093356076380592
1.0511837663971283e-05,0.0026469353784933,0.0426614370491379,1.0038720028549757,0.9091769641626014
2.3651189613235697e-05,-0.0039706703958733,0.0408472990931037,1.0038769956800504,0.9103493190688454
2.3651189613235697e-05,0.0039706703958733,0.0549927819774515,1.0038320551144688,0.8997969180212323
2.36511896132357e-05,-0.0039706703958733,0.0408472990931037,1.0038780831873646,0.9106046744070162
2.36511896132357e-05,0.0039706703958733,0.0408472990931037,1.0038699256777417,0.9086892264820354
2.3651189613235704e-05,-0.0039706703958733,0.0426614370491379,1.0038768769337492,0.9103214364959996
2.3651189613235704e-05,0.0039706703958733,0.0426614370491379,1.0038708676442236,0.9089104076790688
2.3651189613235707e-05,0.0039706703958733,0.0426614370491379,1.0038725534947697,0.909306258751214
2.3651189613235718e-05,-0.0039706703958733,0.0485058373380791,1.003864069118638,0.9073140599788704
2.3651189613235718e-05,0.0039706703958733,0.0485058373380791,1.003858228486474,0.9059426332473656
4.2053918954273e-05,-0.0052947037723988,0.0408472990931037,1.0038775693363469,0.9104840181146951
4.2053918954273e-05,0.0052947037723988,0.0408472990931037,1.003868043908123,0.9082473720585372
6.57177722931621e-05,-0.0066187814459348,0.0408472990931037,1.003877251335205,0.910409348925754
6.57177722931621e-05,0.0066187814459348,0.0408472990931037,1.0038658956499504,0.907742944010152
9.464274751418969e-05,-0.0079429032980994,0.0408472990931037,1.0038767725961395,0.9102969371981544
9.464274751418969e-05,0.0079429032980994,0.0408472990931037,1.0038637611024557,0.9072417353375256
0.0001288274274811,-0.0092669829690715,0.0408472990931037,1.0038762112882085,0.910165137646397
0.0001288274274811,0.0092669829690715,0.0408472990931037,1.00386076551235,0.9065383470343592
0.0001682727176083,-0.0105909682373989,0.0408472990931037,1.0038751377113104,0.9099130532803672
0.0001682727176083,0.0105909682373989,0.0408472990931037,1.0038574010825947,0.9057483522576056
0.000212978614369,-0.011914858984708,0.0408472990931037,1.0038734284991186,0.9095117167086144
0.000212978614369,0.011914858984708,0.0408472990931037,1.0038542877492656,0.90501731691217
0.0002629396418052,-0.0132386094503515,0.0408472990931037,1.0038711853696185,0.9089850121204334
0.0002629396418052,0.0132386094503515,0.0408472990931037,1.0038514415204254,0.9043489998181132
0.0003181551175038,-0.0145621920588486,0.0408472990931037,1.0038690333204614,0.9084796939188036
0.0003181551175038,0.0145621920588486,0.0408472990931037,1.003847215884922,0.9033567871047884
0.000378625036528,-0.0158856066918619,0.0408472990931037,1.0038664952032712,0.9078837238825967
0.000378625036528,0.0158856066918619,0.0408472990931037,1.0038431451978236,0.9024009575053028
0.0004443496888529,-0.0172088308373979,0.0408472990931037,1.0038630617027426,0.9070775107407352
0.0004443496888529,0.0172088308373979,0.0408472990931037,1.0038387035109873,0.9013580142263669
0.0005153240844859,-0.0185318563465305,0.0408472990931037,1.0038597266015354,0.9062944025395512
0.0005153240844859,0.0185318563465305,0.0408472990931037,1.0038346181454258,0.9003987380073847
0.0005915482170815,-0.0198546831009721,0.0408472990931037,1.0038569332824838,0.9056385090832678
0.0005915482170815,0.0198546831009721,0.0408472990931037,1.0038302877477352,0.8993819263020557
0.0006730198304991,-0.021177303602888,0.0408472990931037,1.0038528615028857,0.9046824229561526
0.0006730198304991,0.021177303602888,0.0408472990931037,1.0038239766158084,0.8979000224965613
0.0007597407943769,-0.0224997142282771,0.0408472990931037,1.0038488786026036,0.9037472063970212
0.0007597407943769,0.0224997142282771,0.0408472990931037,1.0038189859229951,0.8967281682622151
0.0008517111009616,-0.0238219148589065,0.0408472990931037,1.0038449286557478,0.9028197275635894
0.0008517111009616,0.0238219148589065,0.0408472990931037,1.0038141125262918,0.8955838560843017
0.0009489271994107,-0.0251439094666685,0.0426614370491379,1.0038419760283923,0.9021264272546992
0.0009489271994107,-0.0251439094666684,0.0408472990931037,1.003840928652261,0.9018804950363796
0.0009489271994107,0.0251439094666684,0.0408472990931037,1.0038074183095826,0.8940120009351564
0.0009489271994107,0.0251439094666685,0.0426614370491379,1.0038100653444433,0.8946335457037853
0.0010513903902761,-0.0264657138861757,0.0408472990931037,1.0038359248348503,0.9007055590425737
0.0010513903902761,0.0264657138861757,0.0408472990931037,1.0038012412065396,0.8925615681740335
0.0011591006643969,-0.0277873279992496,0.0408472990931037,1.0038309104886096,0.8995281507959091
0.0011591006643969,0.0277873279992496,0.0408472990931037,1.0037950586522553,0.8911098554182557
0.0012720596144791,-0.0291087638327038,0.0408472990931037,1.0038262796514963,0.8984407935325706
0.0012720596144791,0.0291087638327038,0.0408472990931037,1.0037882269152536,0.8895057094142953
0.0013902696345916,-0.0304300292846064,0.0408472990931037,1.00382088319861,0.8971736636165021
0.0013902696345916,0.0304300292846064,0.0408472990931037,1.0037807864604478,0.887758631644541
0.0015137307141656,-0.031751124236827,0.0408472990931037,1.0038157536048289,0.8959691943337711
0.0015137307141656,0.031751124236827,0.0408472990931037,1.0037733906451254,0.8860220355793615
0.0016424426040428,-0.033072060290725,0.0408472990931037,1.0038100374958352,0.8946270066298475
0.0016424426040428,0.033072060290725,0.0408472990931037,1.0037658313424678,0.8842470513918882
0.0017764083022057,-0.034392847603684,0.0408472990931037,1.0038037793982717,0.8931575557132762
0.0017764083022057,0.034392847603684,0.0408472990931037,1.0037578610838414,0.8823755714852427
0.0019156277966769,-0.0357134860576164,0.0408472990931037,1.0037976738051395,0.8917239140461477
0.0019156277966769,0.0357134860576164,0.0408472990931037,1.0037497865656777,0.8804796106127792
0.0020601033884896,-0.037033985182108,0.0408472990931037,1.0037908176588148,0.8901140365395975
0.0020601033884896,0.037033985182108,0.0408472990931037,1.0037415933587397,0.8785557806752353
0.0022098408925234,-0.0383543550656528,0.0408472990931037,1.003784199898929,0.8885601340586491
0.0022098408925234,0.0383543550656528,0.0408472990931037,1.0037328409653592,0.8765006493282607
0.0023648402953907,-0.0396745955902008,0.0408472990931037,1.0037771335587031,0.8869009013579763
0.0023648402953907,0.0396745955902008,0.0408472990931037,1.0037244525782776,0.8745309895457832
0.002525102754727,-0.0409947155242351,0.0408472990931037,1.0037686403750377,0.8849066345068228
0.002525102754727,0.0409947155242351,0.0408472990931037,1.0037149321363674,0.8722955143156338
0.0026906322409018,-0.0423147174742795,0.0408472990931037,1.0037607170391882,0.8830461724401786
0.0026906322409018,0.0423147174742795,0.0408472990931037,1.0037051135396475,0.8699900299726522
0.0028614287391158,-0.0436346013223166,0.0408472990931037,1.0037524270900668,0.8810996266710918
0.0028614287391158,0.0436346013223166,0.0408472990931037,1.0036963661039202,0.8679360627219433
0.0028614287391159,-0.0436346013223166,0.0426614370491379,1.0037483300097465,0.880137599733846
0.0028614287391159,0.0436346013223166,0.0426614370491379,1.003695816028869,0.8678069007393927
0.0030374955171774,-0.0449543670413761,0.0408472990931037,1.003743423320599,0.8789854702261366
0.0030374955171774,0.0449543670413761,0.0408472990931037,1.0036857877096674,0.8654521718952362
0.0032188367485497,-0.0462740181381707,0.0408472990931037,1.0037341739867531,0.8768136533185712
0.0032188367485497,0.0462740181381707,0.0408472990931037,1.003674935438258,0.8629039725410727
0.0034054524170195,-0.0475935544947141,0.0408472990931037,1.0037257224936706,0.874829175746841
0.0034054524170195,0.0475935544947141,0.0408472990931037,1.0036651963622545,0.8606171602926326
0.0035973469102029,-0.0489129807869099,0.0408472990931037,1.0037155612807829,0.8724432424116307
0.0035973469102029,0.0489129807869099,0.0408472990931037,1.0036539390100925,0.8579738447666608
0.0037945250564997,-0.0502322958148036,0.0408472990931037,1.0037048455941835,0.8699271142536612
0.0037945250564997,0.0502322958148036,0.0408472990931037,1.0036424803692992,0.8552832650744694
0.0039969868382806,-0.0515514994604393,0.0408472990931037,1.0036956410486133,0.8677658139882848
0.0039969868382806,0.0515514994604393,0.0408472990931037,1.0036308481026563,0.8525519166564167
0.0042047361801792,-0.0528705910734257,0.0408472990931037,1.0036842538394384,0.8650920070062877
0.0042047361801792,0.0528705910734257,0.0408472990931037,1.0036196279404084,0.8499173336170697
0.0044177763920482,-0.0541895641733367,0.0408472990931037,1.0036725397798612,0.86234145295885
0.0044177763920482,0.0541895641733367,0.0408472990931037,1.003607435037366,0.8470543433281785
0.0046361074548403,-0.0555084186422469,0.0408472990931037,1.0036607376670583,0.8595702233160333
0.0046361074548403,-0.0555084186422468,0.0408472990931037,1.003661668803253,0.859788861475748
0.0046361074548403,0.0555084186422468,0.0408472990931037,1.003595485287886,0.8442484474232443
0.0046361074548403,0.0555084186422469,0.0408472990931037,1.0035951271929258,0.8441643638878938
0.004859732702107,-0.056827145866309,0.0408472990931037,1.003649918833766,0.8570298754968476
0.004859732702107,0.056827145866309,0.0408472990931037,1.0035828571084229,0.8412832507801856
0.0050886556713143,-0.0581457379868595,0.0408472990931037,1.0036380450917404,0.8542418267447102
0.0050886556713143,0.0581457379868595,0.0408472990931037,1.0035699833273757,0.8382603849384054
0.0053228763419949,-0.0594641948860069,0.0408472990931037,1.0036260293075296,0.8514204253615205
0.0053228763419949,0.0594641948860069,0.0408472990931037,1.0035570966283551,0.8352344858540784
0.005562398000619,-0.0607825071574201,0.0408472990931037,1.003613856698283,0.8485622002167439
0.005562398000619,0.0607825071574201,0.0408472990931037,1.0035439355489943,0.8321441600907176
0.0058072243841052,-0.0621006675008777,0.0408472990931037,1.0036014629255925,0.8456520441420751
0.0058072243841052,0.0621006675008777,0.0408472990931037,1.0035305952523448,0.8290117526873254
0.0060573554705644,-0.0634186757985272,0.0408472990931037,1.003588553663301,0.8426208470227966
0.0060573554705644,0.0634186757985272,0.0408472990931037,1.0035168209031649,0.8257774263090195
0.0063127950109827,-0.0647365245459863,0.0408472990931037,1.0035758012617155,0.8396264820408917
0.0063127950109827,0.0647365245459863,0.0408472990931037,1.0035031775045522,0.8225738481619709
0.0065735455260213,-0.0660541998925615,0.0408472990931037,1.0035627702424283,0.8365666954138132
0.0065735455260213,0.0660541998925615,0.0408472990931037,1.0034892572947542,0.819305272554298
0.0068396069923673,-0.0673717017204435,0.0408472990931037,1.0035492556045091,0.8333933512982855
0.0068396069923673,0.0673717017204435,0.0408472990931037,1.0034750809090678,0.8159765448172689
0.0071109818859921,-0.0686890174150754,0.0408472990931037,1.003535794799682,0.8302326476195488
0.0071109818859921,0.0686890174150754,0.0408472990931037,1.0034603203076025,0.8125106385842162
0.007387675032119,-0.0700061382542469,0.0408472990931037,1.0035220358195416,0.8270019300135203
0.007387675032119,0.0700061382542469,0.0408472990931037,1.0034457113838662,0.8090803474843099
0.0076696864060099,-0.071323064120198,0.0408472990931037,1.0035079149150212,0.8236862296940984
0.0076696864060099,0.071323064120198,0.0408472990931037,1.0034305427642047,0.8055186353444012
0.0079570182952691,-0.0726397856583415,0.0408472990931037,1.0034936959397585,0.8203475015869391
0.0079570182952691,0.0726397856583415,0.0408472990931037,1.003415374135722,0.8019569211331606
0.0082496735824141,-0.0739562902855885,0.0408472990931037,1.0034792784612767,0.8169621633504071
0.0082496735824141,0.0739562902855885,0.0408472990931037,1.0034000431368424,0.79835708106565
0.0085476522412793,-0.0752725778842343,0.0408472990931037,1.003464197263249,0.8134209785030948
0.0085476522412793,0.0752725778842343,0.0408472990931037,1.0033845080590582,0.794709321653567
0.008850957600658,-0.0765886389728164,0.0408472990931037,1.0034493604760863,0.8099371832643818
0.008850957600658,0.0765886389728164,0.0408472990931037,1.003368465940289,0.7909425049988391
0.0091595937796822,-0.0779044671684877,0.0408472990931037,1.0034343344657148,0.8064089569162296
0.0091595937796822,0.0779044671684877,0.0408472990931037,1.003352492321835,0.7871917727611818
0.0094735607507577,-0.0792200623536039,0.0408472990931037,1.003418997370046,0.8028076852742624
0.0094735607507577,-0.0792200623536038,0.0408472990931037,1.0034183053753654,0.8026451994377196
0.0094735607507577,0.0792200623536038,0.0408472990931037,1.0033363857422557,0.7834098201971679
0.0094735607507577,0.0792200623536039,0.0408472990931037,1.0033363189479276,0.783394136359451
0.0097928630096727,-0.0805354133394817,0.0408472990931037,1.0034028134731905,0.7990075780009607
0.0097928630096727,0.0805354133394817,0.0408472990931037,1.0033197806505638,0.779510813037433
0.010117503095466,-0.0818505076274324,0.0408472990931037,1.00338703786834,0.795303340927033
0.010117503095466,0.0818505076274324,0.0408472990931037,1.0033030789172204,0.7755891136518197
0.0104474809791125,-0.0831653450998772,0.0408472990931037,1.0033703629280433,0.7913879327611696
0.0104474809791125,0.0831653450998772,0.0408472990931037,1.003286140233716,0.7716117764901134
0.0107827984518421,-0.0844799161725079,0.0408472990931037,1.003353947025044,0.787533348606204
0.0107827984518421,0.0844799161725079,0.0408472990931037,1.0032692659289222,0.7676495559599377
0.0111234595553683,-0.0857942098307313,0.0408472990931037,1.0033371815572298,0.7835966838616136
0.0111234595553683,0.0857942098307313,0.0408472990931037,1.0032517890194992,0.7635458390859362
0.0114694642592337,-0.0871082259570404,0.0408472990931037,1.0033196770582613,0.7794864887436145
0.0114694642592337,0.0871082259570404,0.0408472990931037,1.0032340737474947,0.7593861527882823
0.0118208192520307,-0.0884219551721001,0.0408472990931037,1.0033022585837124,0.7753964928412601
0.0118208192520307,0.0884219551721001,0.0408472990931037,1.0032168634310887,0.755345034067985
0.0121775260896456,-0.0897353944066342,0.0408472990931037,1.0032845220604052,0.7712318165692666
0.0121775260896456,0.0897353944066342,0.0408472990931037,1.0031987328036718,0.7510878190269037
0.0125395847401863,-0.091048543543212,0.0408472990931037,1.0032662360681488,0.7669381206322903
0.0125395847401863,0.091048543543212,0.0408472990931037,1.003181264039522,0.7469860147276
0.0129070028429974,-0.0923613961169322,0.0408472990931037,1.003247779701857,0.7626044195212451
0.0129070028429974,0.0923613961169322,0.0408472990931037,1.0031626097755368,0.7426058456693998
0.0132797833879723,-0.0936739457309399,0.0408472990931037,1.0032290839469549,0.7582145080667957
0.0132797833879723,0.0936739457309399,0.0408472990931037,1.0031438280126008,0.738195738846817
0.0136579263417817,-0.0949861922678842,0.0408472990931037,1.003210150935199,0.7537688868223305
0.0136579263417817,0.0949861922678842,0.0408472990931037,1.0031255786513174,0.7339106441526606
0.0140414364686372,-0.0962981278196153,0.0408472990931037,1.0031907799158484,0.7492204179225073
0.0140414364686372,0.0962981278196153,0.0408472990931037,1.0031063237492983,0.7293894405228079
0.0144303205769435,-0.0976097510587038,0.0408472990931037,1.003171230233202,0.7446299974645139
0.0144303205769435,0.0976097510587038,0.0408472990931037,1.0030870240567735,0.7248577197270414
0.0148245786319316,-0.0989210618678815,0.0408472990931037,1.0031513623361807,0.7399648577488356
0.0148245786319316,0.0989210618678815,0.0408472990931037,1.0030673969656596,0.7202491231472734
0.0152242184607117,-0.1002320611942905,0.0408472990931037,1.0031315919482997,0.7353226139522179
0.0152242184607117,0.1002320611942905,0.0408472990931037,1.0030480476178043,0.7157057428863308
0.0156292460561999,-0.1015427477194975,0.0408472990931037,1.0031113318170546,0.7305653745314609
0.0156292460561999,0.1015427477194975,0.0408472990931037,1.003028355296433,0.7110818297250333
0.0160396613821841,-0.1028531213263179,0.0408472990931037,1.0030907663011943,0.7257364283822993
0.0160396613821841,0.1028531213263179,0.0408472990931037,1.0030081744130053,0.7063431983200129
0.0164554757128465,-0.1041631818670548,0.0408472990931037,1.0030703404370802,0.7209402735700691
0.0164554757128465,0.1041631818670548,0.0408472990931037,1.002988073770993,0.7016234082354378
0.0168766945754305,-0.1054729326666631,0.0408472990931037,1.0030494786389894,0.716041758004464
0.0168766945754305,0.1054729326666631,0.0408472990931037,1.0029679236266862,0.6968919946196549
0.0173033179322761,-0.1067823736080418,0.0408472990931037,1.0030283205975628,0.7110736821552434
0.0173033179322761,0.1067823736080418,0.0408472990931037,1.0029474560415117,0.6920860433717709
0.017735354708695,-0.1080915038377878,0.0408472990931037,1.0030071170154753,0.7060949129978612
0.017735354708695,0.1080915038377878,0.0408472990931037,1.0029264196758327,0.6871465379526478
0.0181728151196407,-0.109400322599132,0.0408472990931037,1.002985639910887,0.70105191858903
0.0181728151196407,0.109400322599132,0.0408472990931037,1.0029057056849306,0.6822827286866366
0.0186156991260013,-0.1107088297750571,0.0408472990931037,1.0029640595671447,0.6959846828084763
0.0186156991260013,0.1107088297750571,0.0408472990931037,1.0028842400573603,0.6772424291726644
0.0190640140525076,-0.1120170271926702,0.0408472990931037,1.0029420285553527,0.6908116265973394
0.0190640140525076,0.1120170271926702,0.0408472990931037,1.0028629718890063,0.6722484946479118
0.0195177712296257,-0.1133249178543564,0.0408472990931037,1.0029199185834183,0.6856200299188351
0.0195177712296257,0.1133249178543564,0.0408472990931037,1.002841559221084,0.6672206304790029
0.0199769706167866,-0.1146325016431813,0.0408472990931037,1.0028974431212323,0.6803426132319671
0.0199769706167866,0.1146325016431813,0.0408472990931037,1.0028197371681684,0.6620966394684917
0.0204416235603145,-0.1159397825810381,0.0408472990931037,1.0028750607554129,0.675087056309914
0.0204416235603145,0.1159397825810381,0.0408472990931037,1.002797642712979,0.6569086862447164
0.0209117425330643,-0.1172467662018767,0.0408472990931037,1.0028523803235443,0.6697615111168668
0.0209117425330643,0.1172467662018767,0.0408472990931037,1.0027754330675454,0.6516936854384691
0.0213873274930041,-0.1185534523888438,0.0408472990931037,1.0028293691615198,0.6643583078613149
0.0213873274930041,0.1185534523888438,0.0408472990931037,1.0027528051010604,0.6463804595332844
0.0218683909977517,-0.11985984634449,0.0408472990931037,1.0028063984870668,0.6589646114085572
0.0218683909977517,0.11985984634449,0.0408472990931037,1.0027303379954426,0.6411050050349029
0.0223549469061276,-0.121165955064297,0.0408472990931037,1.002783032518397,0.6534780967401771
0.0223549469061276,0.121165955064297,0.0408472990931037,1.002707473550699,0.6357362521599725
0.0228469951746304,-0.1224717784314895,0.0408472990931037,1.002759967699805,0.6480622944972552
0.0228469951746304,0.1224717784314895,0.0408472990931037,1.0026842269395777,0.630277763590144
0.0233445494378432,-0.1237773222334666,0.0408472990931037,1.0027359251305608,0.6424169086505017
0.0233445494378432,0.1237773222334666,0.0408472990931037,1.0026613693420938,0.6249106185061102
0.0238476232684729,-0.1250825905097994,0.0408472990931037,1.002711836921191,0.6367608061404443
0.0238476232684729,0.1250825905097994,0.0408472990931037,1.0026378965271388,0.6193990154829412
0.0243562166215411,-0.126387583143788,0.0408472990931037,1.0026873364134057,0.6310078926940597
0.0243562166215411,0.126387583143788,0.0408472990931037,1.0026149177225998,0.6140034100215571
0.0248703440325067,-0.1276923061774021,0.0408472990931037,1.0026635535755026,0.6254234938251693
0.0248703440325067,0.1276923061774021,0.0408472990931037,1.0025908614997316,0.6083548181956525
0.0253900220356349,-0.128996768939935,0.0408472990931037,1.0026388899584502,0.6196322810299112
0.0253900220356349,0.128996768939935,0.0408472990931037,1.0025667099292856,0.6026838380026412
0.025390022035635,-0.128996768939935,0.0426614370491379,1.0026369438924028,0.6191753292952863
0.025390022035635,0.128996768939935,0.0426614370491379,1.0025657898903748,0.6024678055731225
0.025915250584463,-0.1303009713147587,0.0408472990931037,1.0026138082079157,0.6137428871784206
0.025915250584463,0.1303009713147587,0.0408472990931037,1.0025420803693448,0.5969006220871558
0.0264460467996647,-0.1316049234998897,0.0408472990931037,1.002589535360691,0.6080434302364667
0.0264460467996647,0.1316049234998897,0.0408472990931037,1.0025185900784186,0.591384915567435
0.0269824278771001,-0.132908633462991,0.0408472990931037,1.0025643225818333,0.6021232698960401
0.0269824278771001,0.132908633462991,0.0408472990931037,1.0024938588194876,0.58557781992289
0.0275243937688131,-0.1342121010875021,0.0408472990931037,1.0025397560613174,0.5963548561372687
0.0275243937688131,0.1342121010875021,0.0408472990931037,1.002468655268389,0.5796598263334788
0.0280719647785514,-0.1355153320148275,0.0408472990931037,1.0025139898739597,0.5903047510940769
0.0280719647785514,0.1355153320148275,0.0408472990931037,1.0024445130803088,0.5739910491943262
0.0286251583570849,-0.1368183416297722,0.0408472990931037,1.0024882223280764,0.5842543270584294
0.0286251583570849,0.1368183416297722,0.0408472990931037,1.0024193458148702,0.5680815757655311
0.0291839744549539,-0.1381211298158382,0.0408472990931037,1.0024632417049315,0.5783886787197114
0.0291839744549539,-0.1381211298158381,0.0408472990931037,1.0024619945354616,0.5780958334417176
0.0291839744549539,0.1381211298158381,0.0408472990931037,1.0023937525734194,0.5620720797923006
0.0291839744549539,0.1381211298158382,0.0408472990931037,1.0023943283838797,0.5622072846528721
0.0297484372245703,-0.139423713381568,0.0408472990931037,1.002436914223921,0.5722067774774335
0.0297484372245703,0.139423713381568,0.0408472990931037,1.0023687928103184,0.5562113295572536
0.0303185691542812,-0.1407261059404074,0.0408472990931037,1.0024106071975671,0.5660296791507322
0.0303185691542812,0.1407261059404074,0.0408472990931037,1.0023432636193177,0.5502168731373792
0.0308943701931129,-0.1420283073759135,0.0408472990931037,1.0023850821587772,0.5600361977029201
0.0308943701931129,0.1420283073759135,0.0408472990931037,1.0023176292540803,0.5441977209731667
0.0314758611813624,-0.1433303282661227,0.0408472990931037,1.0023582435162006,0.5537342716729172
0.0314758611813624,0.1433303282661227,0.0408472990931037,1.0022917039546515,0.538110255154439
0.0320630624071511,-0.1446321745575892,0.0408472990931037,1.002331471905348,0.5474480852230658
0.0320630624071511,0.1446321745575892,0.0408472990931037,1.0022657863415838,0.5320245941541769
0.032655973817979,-0.1459338461339191,0.0408472990931037,1.00230427034706,0.541060943707132
0.032655973817979,0.1459338461339191,0.0408472990931037,1.002239494147408,0.52585097854043
0.0332546170708635,-0.1472353460159862,0.0408472990931037,1.0022780049886442,0.5348936293425769
0.0332546170708635,0.1472353460159862,0.0408472990931037,1.0022133831769413,0.5197199156901728
0.0338590127180159,-0.1485366841452015,0.0408472990931037,1.0022508369850571,0.5285143667364861
0.0338590127180159,0.1485366841452015,0.0408472990931037,1.0021869792085936,0.5135200546148128
0.0344691607053988,-0.1498378604052161,0.0408472990931037,1.002223284692067,0.5220448699320639
0.0344691607053988,0.1498378604052161,0.0408472990931037,1.002160199087192,0.507231869820608
0.0350850852643112,-0.151138885010949,0.0408472990931037,1.002196307285372,0.5157103609871615
0.0350850852643112,0.151138885010949,0.0408472990931037,1.002133789036721,0.5010305806144952
0.035706809538841,-0.1524397641449251,0.0408472990931037,1.0021687532400707,0.5092404527262865
0.035706809538841,0.1524397641449251,0.0408472990931037,1.0021068753449986,0.4947110324501382
0.0363343334734016,-0.1537404976908368,0.0408472990931037,1.0021412998724206,0.5027941843760264
0.0363343334734016,0.1537404976908368,0.0408472990931037,1.0020795620653982,0.4882976578844196
0.0369676819490695,-0.1550410929359328,0.0408472990931037,1.0021132700589903,0.4962125619870182
0.0369676819490695,0.1550410929359328,0.0408472990931037,1.0020529427237983,0.4820472254621727
0.0376068811780294,-0.156341563312886,0.0408472990931037,1.002085349140736,0.4896565090485565
0.0376068811780294,0.156341563312886,0.0408472990931037,1.0020255495020518,0.4756150798468593
0.0382519311031324,-0.1576419087054253,0.0408472990931037,1.0020570756076477,0.4830176593518535
0.0382519311031324,0.1576419087054253,0.0408472990931037,1.0019977316091575,0.4690832180796766
0.0382519311031325,-0.1576419087054253,0.0408472990931037,1.0020574543072251,0.4831065810146399
0.0382519311031325,0.1576419087054253,0.0408472990931037,1.0019987791103715,0.4693291796683849
0.0389028581300213,-0.1589421393994621,0.0408472990931037,1.00202905309342,0.4764377508734717
0.0389028581300213,0.1589421393994621,0.0408472990931037,1.0019708726233396,0.4627765152952978
0.0395596856173876,-0.1602422551562374,0.0408472990931037,1.0020007642705946,0.4697953110253101
0.0395596856173876,0.1602422551562374,0.0408472990931037,1.001943059630478,0.4562458040946132
0.0402224135065062,-0.1615422558595118,0.0408472990931037,1.0019721084557511,0.4630666985421084
0.0402224135065062,0.1615422558595118,0.0408472990931037,1.00191480058022,0.4496103550812643
0.0408910627092406,-0.1628421401499956,0.0408472990931037,1.00194374075843,0.4564057383370801
0.0408910627092406,0.1628421401499956,0.0408472990931037,1.001887609807631,0.4432257461329553
0.0415656584946589,-0.1641419124963283,0.0408472990931037,1.001915064701112,0.4496723727604336
0.0415656584946589,0.1641419124963283,0.0408472990931037,1.001859424462882,0.4366076037573985
0.0422462008024477,-0.1654415727823013,0.0408472990931037,1.0018865143048252,0.4429685133899752
0.0422462008024477,-0.1654415727823012,0.0408472990931037,1.001885984136313,0.4428440256206029
0.0422462008024477,0.1654415727823012,0.0408472990931037,1.0018307894593206,0.4298838779281912
0.0422462008024477,0.1654415727823013,0.0408472990931037,1.001831880872584,0.4301401504141781
0.0429327160977006,-0.1667411292244279,0.0408472990931037,1.0018573359300134,0.4361171996837981
0.0429327160977006,0.1667411292244279,0.0408472990931037,1.0018031999737755,0.4234056480171733
0.0436252325364772,-0.168040581741109,0.0408472990931037,1.0018282535061749,0.4292884160267873
0.0436252325364772,0.168040581741109,0.0408472990931037,1.001774679277312,0.416708762400652
0.0443237500568619,-0.1693399302161646,0.0408472990931037,1.0017993370895169,0.4224986121717033
0.0443237500568619,-0.1693399302161645,0.0408472990931037,1.0017987223126184,0.422354257682528
0.0443237500568619,0.1693399302161645,0.0408472990931037,1.0017457221756612,0.4099094053867656
0.0443237500568619,0.1693399302161646,0.0408472990931037,1.0017466765109757,0.4101334908836965
0.0450282897101088,-0.1706391779288522,0.0408472990931037,1.0017697677312267,0.4155554924454596
0.0450282897101088,0.1706391779288522,0.0408472990931037,1.0017176883067758,0.4033268307447559
0.0457388785132107,-0.1719383189413957,0.0408472990931037,1.0017403138993426,0.4086394992351351
0.0457388785132107,0.1719383189413957,0.0408472990931037,1.0016888685365923,0.3965597202480361
0.0464555164026359,-0.1732373531376429,0.0408472990931037,1.001710402125492,0.4016159776209013
0.0464555164026359,0.1732373531376429,0.0408472990931037,1.0016596367532886,0.3896958658045971
0.0471782217020745,-0.1745362744081629,0.0408472990931037,1.0016810259021418,0.3947182075095821
0.0471782217020745,0.1745362744081629,0.0408472990931037,1.0016311856639386,0.3830153244901394
0.0479070158720048,-0.1758350693445176,0.0408472990931037,1.001651268561324,0.3877309479957118
0.0479070158720048,0.1758350693445176,0.0408472990931037,1.0016020591950792,0.3761761987130562
0.0486418988472677,-0.1771337378305857,0.0408472990931037,1.001621416474965,0.3807214414776589
0.0486418988472677,0.1771337378305857,0.0408472990931037,1.0015733924111505,0.3694450106016975
0.0493828902690258,-0.1784322679956244,0.0408472990931037,1.0015912287060038,0.3736331140236242
0.0493828902690258,0.1784322679956244,0.0408472990931037,1.001543778845007,0.3624915105210398
0.0501300091445808,-0.17973064853901,0.0408472990931037,1.0015612075366778,0.3665839054845887
0.0501300091445808,0.17973064853901,0.0408472990931037,1.0015143734890528,0.3555868998433388
0.0501300091445809,-0.17973064853901,0.0573069727662266,1.001509472963059,0.3544362174929374
0.0501300091445809,0.17973064853901,0.0573069727662266,1.0014726878641913,0.3457987846790885
0.0508832554071352,-0.1810288793446583,0.0408472990931037,1.001530761568565,0.3594349508229282
0.0508832554071352,0.1810288793446583,0.0408472990931037,1.0014845565606774,0.348585648698545
0.0508832554071353,-0.1810288793446583,0.0505937571255093,1.0015090655902965,0.3543405631390321
0.0508832554071353,0.1810288793446583,0.0505937571255093,1.001470306162814,0.3452395423156927
0.0516426481256985,-0.1823269467781156,0.0408472990931037,1.0015005021647223,0.3523298029309444
0.0516426481256985,0.1823269467781156,0.0408472990931037,1.0014555030514485,0.3417636544210766
0.052408207190341,-0.1836248386050849,0.0408472990931037,1.0014702468396104,0.3452256127572061
0.052408207190341,0.1836248386050849,0.0408472990931037,1.001425875215813,0.3348068037505738
0.0531799325326164,-0.1849225547095258,0.0408472990931037,1.0014396077829637,0.3380313193772197
0.0531799325326164,0.1849225547095258,0.0408472990931037,1.0013964343131792,0.3278938464307202
0.053957842807067,-0.1862200807219671,0.0408472990931037,1.001408934892797,0.3308290816185384
0.053957842807067,0.1862200807219671,0.0408472990931037,1.0013663893376354,0.3208390480030626
0.0547419504993924,-0.1875173923910902,0.0408472990931037,1.0013784610771104,0.3236735881258503
0.0547419504993924,0.1875173923910902,0.0408472990931037,1.0013365749516454,0.3138383938305176
0.0555322555394881,-0.1888144896009066,0.0408472990931037,1.0013475263785443,0.3164098756796555
0.0555322555394881,-0.1888144896009065,0.0408472990931037,1.0013475654966175,0.3164190609132901
0.0555322555394881,0.1888144896009065,0.0408472990931037,1.001306356893748,0.306742954294148
0.0555322555394881,0.1888144896009066,0.0408472990931037,1.001306746288296,0.3068343872207797
0.056328769874089,-0.1901113438548724,0.0408472990931037,1.0013166269688047,0.3091544493295637
0.056328769874089,-0.1901113438548723,0.0426614370491379,1.0013141779912589,0.3085794099884141
0.056328769874089,0.1901113438548723,0.0426614370491379,1.0012749604801248,0.2993708274924309
0.056328769874089,0.1901113438548724,0.0408472990931037,1.001276529110393,0.2997391543141518
0.0571314999096956,-0.191407923754857,0.0408472990931037,1.0012859199712891,0.3019442028949772
0.0571314999096956,0.191407923754857,0.0408472990931037,1.0012465179684806,0.2926923002913101
0.0579404455745383,-0.1927042291849372,0.0408472990931037,1.001254788347651,0.2946342508807705
0.0579404455745383,-0.1927042291849371,0.0408472990931037,1.0012547881050986,0.294634193927539
0.0579404455745383,0.1927042291849371,0.0408472990931037,1.0012164651738027,0.2856356658689524
0.0579404455745383,0.1927042291849372,0.0408472990931037,1.0012160885980286,0.2855472428920295
0.0587556136731316,-0.1940002311725161,0.0426614370491379,1.001221409927571,0.2867967332513655
0.0587556136731316,-0.194000231172516,0.0408472990931037,1.001223633474716,0.2873188397473444
0.0587556136731316,0.194000231172516,0.0408472990931037,1.0011860285265333,0.2784888998152688
0.0587556136731316,0.1940002311725161,0.0426614370491379,1.0011846106242326,0.2781559651151932
0.0595770116812085,-0.1952958921991865,0.0426614370491379,1.00119093951334,0.2796420384474591
0.0595770116812085,-0.1952958921991864,0.0408472990931037,1.0011926685385248,0.2800480272670338
0.0595770116812085,0.1952958921991864,0.0408472990931037,1.0011557677793408,0.2713834364940331
0.0595770116812085,0.1952958921991865,0.0426614370491379,1.0011545281798264,0.2710923687016107
0.0604046395253305,-0.1965912121491074,0.0408472990931037,1.0011613935936474,0.2727044222897106
0.0604046395253305,-0.1965912121491073,0.0408472990931037,1.0011612755905952,0.2726767142376258
0.0604046395253305,0.1965912121491073,0.0408472990931037,1.0011250458314571,0.2641696795945141
0.0604046395253305,0.1965912121491074,0.0408472990931037,1.0011255885783064,0.2642971208571329
0.0612384973569232,-0.1978861560526269,0.0408472990931037,1.0011299673713578,0.2653252961768204
0.0612384973569232,0.1978861560526269,0.0408472990931037,1.0010948718577586,0.2570845913775203
0.0620785896731933,-0.1991806856996169,0.0408472990931037,1.0010987364533568,0.2579920290590743
0.0620785896731933,0.1991806856996169,0.0408472990931037,1.0010643053620616,0.2499073358837208
0.0629249163990307,-0.2004748009743375,0.0408472990931037,1.001067053718658,0.2505526717990737
0.0629249163990307,-0.2004748009743374,0.0426614370491379,1.001065027621146,0.25007692804215
0.0629249163990307,0.2004748009743374,0.0426614370491379,1.0010312837042323,0.2421535888589116
0.0629249163990307,0.2004748009743375,0.0408472990931037,1.0010340070351122,0.2427930485376749
0.0637774785180349,-0.2017684617147884,0.0408472990931037,1.0010356308352892,0.243174329691283
0.0637774785180349,0.2017684617147884,0.0408472990931037,1.0010029560744458,0.235502036828633
0.0646362647807734,-0.2030616145143036,0.0408472990931037,1.0010041433959915,0.2357808293396098
0.0646362647807734,0.2030616145143036,0.0408472990931037,1.0009720874423818,0.2282538373207834
0.0655012751104644,-0.2043542592572664,0.0408472990931037,1.0009725983460105,0.2283738015427508
0.0655012751104644,-0.2043542592572663,0.0426614370491379,1.0009701859890177,0.2278073609978533
0.0655012751104644,0.2043542592572663,0.0426614370491379,1.0009398590051857,0.2206863447885959
0.0655012751104644,0.2043542592572664,0.0408472990931037,1.0009415641042785,0.2210867155721049
0.066372498443738,-0.2056463409921133,0.0408472990931037,1.00094066106937,0.2208746758170969
0.066372498443738,-0.2056463409921132,0.0426614370491379,1.000938721974009,0.2204193608548611
0.066372498443738,0.2056463409921132,0.0426614370491379,1.0009090527939828,0.2134528021937611
0.066372498443738,0.2056463409921133,0.0408472990931037,1.0009102441700377,0.2137325467356322
0.0672499219277659,-0.206937804944958,0.0408472990931037,1.0009089653057393,0.2134322592606488
0.0672499219277659,-0.2069378049449579,0.0426614370491379,1.0009074029126324,0.21306539697388
0.0672499219277659,0.2069378049449579,0.0426614370491379,1.000878082306991,0.2061806863414424
0.0672499219277659,0.206937804944958,0.0408472990931037,1.0008791635770564,0.2064345771241708
0.0681335454841004,-0.2082286510003348,0.0408472990931037,1.0008768106881842,0.2058821001653605
0.0681335454841004,-0.2082286510003347,0.0408472990931037,1.00087723346294,0.2059813710294233
0.0681335454841004,0.2082286510003347,0.0408472990931037,1.000848407046932,0.199212700040363
0.0681335454841004,0.2082286510003348,0.0408472990931037,1.000847593443581,0.1990216595240408
0.0690233527602793,-0.2095188201975572,0.0408472990931037,1.0008451164676413,0.1984400459381266
0.0690233527602793,0.2095188201975572,0.0408472990931037,1.0008168819891152,0.1918103665622301
0.0699193212005228,-0.21080824782069,0.0485058373380791,1.000799497089956,0.187728254427505
0.0699193212005228,-0.2108082478206899,0.0408472990931037,1.0008132721099705,0.1909627383231212
0.0699193212005228,0.2108082478206899,0.0408472990931037,1.000785620913937,0.184470018300218
0.0699193212005228,0.21080824782069,0.0485058373380791,1.0007761160885726,0.1822382099588246
0.0708214507247252,-0.2120969337544491,0.0408472990931037,1.0007813638193817,0.1834704187521492
0.0708214507247252,-0.212096933754449,0.0426614370491379,1.0007796499368968,0.1830679855585684
0.0708214507247252,0.212096933754449,0.0426614370491379,1.0007529842856735,0.1768066792696813
0.0708214507247252,0.2120969337544491,0.0408472990931037,1.000754769302293,0.1772258153218985
0.0717297173726482,-0.2133848127690676,0.0408472990931037,1.0007491036567546,0.1758954768372837
0.0717297173726482,0.2133848127690676,0.0408472990931037,1.000723036952209,0.1697748079762138
0.0726440903251032,-0.2146718093147174,0.0408472990931037,1.0007171406285418,0.1683903044382876
0.0726440903251032,-0.2146718093147173,0.0505937571255093,1.0006976307903657,0.1638092397777933
0.0726440903251032,0.2146718093147173,0.0505937571255093,1.0006795399650288,0.1595613705806297
0.0726440903251032,0.2146718093147174,0.0408472990931037,1.0006915566760757,0.1623829895922455
0.0735645695003389,-0.2159579232763319,0.0408472990931037,1.0006851314227376,0.1608742891747976
0.0735645695003389,0.2159579232763319,0.0408472990931037,1.0006607033018122,0.1551383727369744
0.0744911191792678,-0.2172430816520661,0.0408472990931037,1.0006527616140035,0.1532736014848117
0.0744911191792678,0.2172430816520661,0.0408472990931037,1.000628757035779,0.1476371362306344
0.0754237038333627,-0.2185272073579976,0.0408472990931037,1.0006206889220006,0.1457426791585946
0.0754237038333627,0.2185272073579976,0.0408472990931037,1.00059705791721,0.14019393190802
0.076362323379244,-0.2198103002793166,0.0408472990931037,1.0005881972052535,0.1381133665008254
0.076362323379244,0.2198103002793166,0.0408472990931037,1.000564867718324,0.1326354180341573
0.0773069362760707,-0.2210922806421518,0.0408472990931037,1.0005562164458417,0.1306040306757056
0.0773069362760707,0.2210922806421518,0.0408472990931037,1.0005340573534336,0.1254009001205955
0.0782574971288329,-0.2223730653470493,0.0408472990931037,1.0005240362721333,0.1230478707930088
0.0782574971288329,0.2223730653470493,0.0408472990931037,1.0005022162017856,0.1179243453051535
0.0792140058525439,-0.2236526542794979,0.0408472990931037,1.0004914247996783,0.1153904385456799
0.0792140058525439,0.2236526542794979,0.0408472990931037,1.000469882326367,0.1103320950424792
0.0801764157445372,-0.2249309682288341,0.0408472990931037,1.0004595196518071,0.1078988569097749
0.0801764157445372,0.2249309682288341,0.0408472990931037,1.0004389864122958,0.1030774895030955
0.0811446742573057,-0.2262079184875503,0.0408472990931037,1.0004272445511406,0.1003204074247737
0.0811446742573057,0.2262079184875503,0.0408472990931037,1.0004070902326052,0.0955880136670451
0.0821187813042803,-0.2274835049414784,0.0408472990931037,1.0003945433384307,0.0926419034541883
0.0821187813042803,0.2274835049414784,0.0408472990931037,1.000374705862611,0.0879839068776839
0.0830986764425223,-0.2287576334764664,0.0408472990931037,1.0003627135494035,0.0851680166721933
0.0830986764425223,0.2287576334764664,0.0408472990931037,1.000343669471953,0.0806963163221958
0.0840842928380146,-0.2300302075464144,0.0408472990931037,1.0003303920608846,0.0775786749517676
0.0840842928380146,0.2300302075464144,0.0408472990931037,1.0003117854885115,0.0732097042621202
0.085075630402636,-0.2313012270375453,0.0408472990931037,1.0002976467032207,0.0698898053960608
0.085075630402636,0.2313012270375453,0.0408472990931037,1.0002794431342743,0.065615463105641
0.0860726246219907,-0.2325705988568688,0.0408472990931037,1.000265883293131,0.0624315049147745
0.0860726246219907,0.2325705988568688,0.0408472990931037,1.0002482659565564,0.0582948146323751
0.0870752068866031,-0.2338382298691567,0.0408472990931037,1.0002335784572658,0.0548460733694451
0.0870752068866031,0.2338382298691567,0.0408472990931037,1.0002164383683418,0.0508214446186349
0.0880833771068354,-0.2351041199610739,0.0408472990931037,1.0002017428632852,0.0473708235383736
0.0880833771068354,0.2351041199610739,0.0408472990931037,1.0001841596665493,0.0432421495607394
0.0890970604569672,-0.2363681699207308,0.0408472990931037,1.0001691365245895,0.0397145967384519
0.0890970604569672,0.2363681699207308,0.0408472990931037,1.0001528949496732,0.0359009461992082
0.0901161763681765,-0.2376302789349322,0.0408472990931037,1.000136891645332,0.0321432434798363
0.0901161763681765,0.2376302789349322,0.0408472990931037,1.0001211256975633,0.0284412739652682
0.0911407247493472,-0.2388904468908368,0.0408472990931037,1.0001042327383658,0.0244746732332569
0.0911407247493472,0.2388904468908368,0.0408472990931037,1.0000889127867936,0.0208774271610714
0.0911407247493473,-0.2388904468908368,0.0408472990931037,1.0001051279539652,0.0246848769524802
0.0911407247493473,0.2388904468908368,0.0408472990931037,1.000089658437186,0.021052511784045
0.0921706297545018,-0.2401485806110931,0.0426614370491379,1.0000711144421417,0.0166982347472751
0.0921706297545018,0.2401485806110931,0.0426614370491379,1.0000600448223045,0.0140990002593415
0.0921706297545019,-0.2401485806110931,0.0408472990931037,1.0000725863262658,0.0170438448074183
0.0921706297545019,0.2401485806110931,0.0408472990931037,1.0000576365366272,0.0135335156915467
0.0932058080625571,-0.2414045830074602,0.0408472990931037,1.00004042134855,0.0094912530642125
0.0932058080625571,0.2414045830074602,0.0408472990931037,1.0000259401978768,0.006090964092427
0.0942462595809609,-0.242658453967643,0.0408472990931037,1.000008722709442,0.0020481613229259
0.0942462595809609,-0.2426584539676429,0.0408472990931037,1.000007834965963,0.001839712116719
0.0942462595809609,0.2426584539676429,0.0408472990931037,0.9999938172929128,-0.0014517486351056
0.0942462595809609,0.242658453967643,0.0408472990931037,0.9999944748295928,-0.0012973538102999
0.0952918949532748,-0.2439100875803036,0.0426614370491379,0.9999749132952412,-0.0058905571425657
0.0952918949532748,0.2439100875803036,0.0426614370491379,0.9999655611675272,-0.0080865108651901
0.0952918949532749,-0.2439100875803036,0.0408472990931037,0.9999762878549496,-0.0055677996267421
0.0952918949532749,0.2439100875803036,0.0408472990931037,0.9999625615957716,-0.0087908340914201
0.096342620773541,-0.2451593850657084,0.0426614370491379,0.999942891660462,-0.0134094908279283
0.096342620773541,0.2451593850657084,0.0426614370491379,0.9999342032761128,-0.0154495923469473
0.0963426207735411,-0.2451593850657084,0.0408472990931037,0.9999442298496172,-0.0130952734062921
0.0963426207735411,0.2451593850657084,0.0408472990931037,0.999930967920408,-0.0162092795134445
0.0973984369478172,-0.2464063463121618,0.0445411355740982,0.9999084839823794,-0.0214886863953661
0.0973984369478172,-0.2464063463121617,0.0408472990931037,0.9999125625931842,-0.0205309962467894
0.0973984369478172,0.2464063463121617,0.0408472990931037,0.9998995921347504,-0.0235765627053804
0.0973984369478172,0.2464063463121618,0.0445411355740982,0.9998998357861067,-0.0235193514354395
0.0973984369478173,-0.2464063463121618,0.0408472990931037,0.999911757819666,-0.0207199634483598
0.0973984369478173,0.2464063463121618,0.0408472990931037,0.999898952553982,-0.0237267413397929
0.0984592560216319,-0.2476508789549589,0.0408472990931037,0.9998802963204686,-0.0281073728588809
0.0984592560216319,0.2476508789549589,0.0408472990931037,0.999867786644084,-0.0310447440396512
0.0995249957083409,-0.2488928988645914,0.0408472990931037,0.9998484037433584,-0.0355960027804821
0.0995249957083409,0.2488928988645914,0.0408472990931037,0.999836311378514,-0.0384353859035075
0.1005956559126596,-0.2501324059300139,0.0408472990931037,0.9998167821118672,-0.0430210125229388
0.1005956559126596,0.2501324059300139,0.0408472990931037,0.9998044101631394,-0.0459260441581272
0.1005956559126597,-0.2501324059300139,0.0426614370491379,0.9998151982339856,-0.0433929196051802
0.1005956559126597,0.2501324059300139,0.0426614370491379,0.9998085086889564,-0.0449636778067924
0.1016711484282204,-0.2513693120650027,0.0408472990931037,0.9997847131279568,-0.0505510641596946
0.1016711484282204,0.2513693120650027,0.0408472990931037,0.9997734265320112,-0.0532012463578524
0.1027513710327589,-0.2526035208575404,0.0408472990931037,0.9997530334776534,-0.0579896971791514
0.1027513710327589,0.2526035208575404,0.0408472990931037,0.999742077491276,-0.0605622496299755
0.1038363236296959,-0.2538350321972804,0.0408472990931037,0.9997215111421814,-0.0653913914291724
0.1038363236296959,-0.2538350321972803,0.0408472990931037,0.99972098479976,-0.0655149808021263
0.1038363236296959,0.2538350321972803,0.0408472990931037,0.999710306834069,-0.0680222517918124
0.1038363236296959,0.2538350321972804,0.0408472990931037,0.9997110191578248,-0.0678549925272876
0.1049259091127268,-0.2550637496334245,0.0408472990931037,0.9996896659879848,-0.0728688860747343
0.1049259091127268,0.2550637496334245,0.0408472990931037,0.9996795023752556,-0.0752553829116856
0.1060200387955268,-0.2562896015416034,0.0408472990931037,0.9996581970097907,-0.0802580516129283
0.1060200387955268,0.2562896015416034,0.0408472990931037,0.9996483291667604,-0.0825750993800165
0.1060200387955269,-0.2562896015416034,0.0426614370491379,0.99965872406503,-0.0801342948647814
0.1060200387955269,0.2562896015416034,0.0426614370491379,0.9996523339626652,-0.081634741555092
0.1071187125802733,-0.2575125878122176,0.0408472990931037,0.9996269367050616,-0.0875982189673988
0.1071187125802733,0.2575125878122176,0.0408472990931037,0.9996173515566578,-0.0898488877952092
0.1082218502578453,-0.2587326381204894,0.0408472990931037,0.9995952887856954,-0.0950294013113157
0.1082218502578453,0.2587326381204894,0.0408472990931037,0.9995860529806826,-0.0971980415416095
0.1093293585380255,-0.2599496788805676,0.0408472990931037,0.9995639882207688,-0.1023790220792565
0.1093293585380255,0.2599496788805676,0.0408472990931037,0.9995551072187312,-0.1044643517584039
0.1104412373217949,-0.2611637099836402,0.0408472990931037,0.9995331117354376,-0.1096290655965122
0.1104412373217949,0.2611637099836402,0.0408472990931037,0.9995237631475358,-0.1118241881431927
0.110441237321795,-0.2611637099836402,0.0549927819774515,0.9995057336726928,-0.1160576517580805
0.110441237321795,0.2611637099836402,0.0549927819774515,0.9995076351437796,-0.115611171273717
0.1115573925849646,-0.262374651944147,0.0408472990931037,0.9995016239629586,-0.1170226441817865
0.1115573925849646,0.262374651944147,0.0408472990931037,0.9994931203923824,-0.1190193499618762
0.1126777285196712,-0.263582433805079,0.0408472990931037,0.9994704611014172,-0.1243399311033321
0.1126777285196712,0.263582433805079,0.0408472990931037,0.9994624324372,-0.1262251251056872
0.1138022450257489,-0.2647870554584519,0.0408472990931037,0.9994389211877042,-0.1317457528636785
0.1138022450257489,0.2647870554584519,0.0408472990931037,0.99943137052707,-0.1335187078355702
0.1149308519630303,-0.2659884458908038,0.0408472990931037,0.999408677707298,-0.1388471618066333
0.1149308519630303,0.2659884458908038,0.0408472990931037,0.9994007918850338,-0.140698815386063
0.1160634369867682,-0.2671865232697125,0.0408472990931037,0.999377656116546,-0.1461312772269057
0.1160634369867682,0.2671865232697125,0.0408472990931037,0.9993703925575582,-0.1478368184563214
0.1171999999957015,-0.2683812874880614,0.0408472990931037,0.9993475981899556,-0.1531891166629881
0.1171999999957015,0.2683812874880614,0.0408472990931037,0.9993396254884768,-0.1550611701707858
0.1183404173827951,-0.2695726368518124,0.0408472990931037,0.9993164392848048,-0.1605054745926702
0.1183404173827951,0.2695726368518124,0.0408472990931037,0.9993092099219228,-0.1622029863053591
0.1194846966183738,-0.2707606191429678,0.0408472990931037,0.999285602121847,-0.1677462849048963
0.1194846966183738,0.2707606191429678,0.0408472990931037,0.999279094341538,-0.1692743633093962
0.1206328376001311,-0.2719452342553138,0.0408472990931037,0.9992543551935742,-0.1750833113613705
0.1206328376001311,0.2719452342553138,0.0408472990931037,0.9992486282472176,-0.1764280437640632
0.1217848231826022,-0.2731264947335639,0.0408472990931037,0.9992249256351532,-0.1819936049701078
0.1217848231826022,0.2731264947335639,0.0408472990931037,0.9992183985745238,-0.1835262105466869
0.1229405588687659,-0.2743043399535804,0.0408472990931037,0.9991943068284376,-0.1891831435057565
0.1229405588687659,0.2743043399535804,0.0408472990931037,0.9991885753332648,-0.190528944006555
0.1241000445552914,-0.2754787698100558,0.0408472990931037,0.9991633010433196,-0.1964635476378932
0.1241000445552914,0.2754787698100558,0.0408472990931037,0.99915840583177,-0.19761298211469
0.1252632451200512,-0.2766497834472221,0.0408472990931037,0.9991341488934344,-0.203308703523399
0.1252632451200512,0.2766497834472221,0.0408472990931037,0.9991283961582228,-0.2046594913537151
0.1264300974903891,-0.2778173501165371,0.0408472990931037,0.9991038103562704,-0.2104324325466628
0.1264300974903891,0.2778173501165371,0.0408472990931037,0.999098871194158,-0.2115921869639412
0.1276006015619804,-0.2789814697136122,0.0408472990931037,0.9990745660307186,-0.2172992320093343
0.1276006015619804,0.2789814697136122,0.0408472990931037,0.999069034685039,-0.2185980358225209
0.1287746953620624,-0.2801421187727866,0.0408472990931037,0.9990441952527724,-0.2244305314237985
0.1287746953620624,0.2801421187727866,0.0408472990931037,0.9990392447365244,-0.2255929518821287
0.1299523472089578,-0.2812992967395977,0.0408472990931037,0.9990141767384092,-0.231479116556469
0.1299523472089578,0.2812992967395977,0.0408472990931037,0.9990100199377612,-0.2324551663001168
0.1311335569973765,-0.2824530035105858,0.0408472990931037,0.998985199808961,-0.2382831292943892
0.1311335569973765,0.2824530035105858,0.0408472990931037,0.9989804917609766,-0.2393886162823834
0.132318285430109,-0.2836032379859187,0.0408472990931037,0.9989551614031076,-0.2453363851067267
0.132318285430109,0.2836032379859187,0.0408472990931037,0.9989509922405916,-0.2463153375148905
0.1335064907028843,-0.2847499924282026,0.0408472990931037,0.9989254797936548,-0.2523058622957478
0.1335064907028843,0.2847499924282026,0.0408472990931037,0.998922062976572,-0.253108158032299
0.1346981727094686,-0.2858932667349094,0.0408472990931037,0.9988968173957278,-0.2590360205391715
0.1346981727094686,-0.2858932667349093,0.0408472990931037,0.998895470609715,-0.2593522565711109
0.1346981727094686,0.2858932667349093,0.0408472990931037,0.9988928379016756,-0.2599704372885056
0.1346981727094686,0.2858932667349094,0.0408472990931037,0.9988925945966196,-0.2600275672443597
0.1358932909032107,-0.2870330544578179,0.0408472990931037,0.9988671227077792,-0.2660085686627171
0.1358932909032107,0.2870330544578179,0.0408472990931037,0.9988636428005532,-0.2668256784650454
0.1370918068003351,-0.2881693553899808,0.0408472990931037,0.9988377611778978,-0.2729028886311171
0.1370918068003351,0.2881693553899808,0.0408472990931037,0.998835015830241,-0.2735475180236134
0.1382937202936861,-0.2893021694298048,0.0408472990931037,0.9988080714606844,-0.2798742695866182
0.1382937202936861,0.2893021694298048,0.0408472990931037,0.9988060967957316,-0.2803379365709533
0.139498997672081,-0.2904314945416138,0.0408472990931037,0.9987800541443588,-0.2864529575563805
0.139498997672081,0.2904314945416138,0.0408472990931037,0.9987772093857954,-0.2871209294178184
0.1407076177374903,-0.2915573471676122,0.0408472990931037,0.998750997820393,-0.293275612756409
0.1407076177374903,0.2915573471676122,0.0408472990931037,0.9987488778271988,-0.2937734039638422
0.1419195803818549,-0.2926797272071408,0.0408472990931037,0.9987216224399617,-0.3001731849437534
0.1419195803818549,-0.2926797272071407,0.0408472990931037,0.9987229459869356,-0.2998624056223699
0.1419195803818549,0.2926797272071407,0.0408472990931037,0.998720081181288,-0.3005350846980709
0.1419195803818549,0.2926797272071408,0.0408472990931037,0.9987202502777924,-0.3004953794983228
0.1431348724149714,-0.2937986545176245,0.0408472990931037,0.9986938769661032,-0.3066880421472637
0.1431348724149714,0.2937986545176245,0.0408472990931037,0.9986917113268784,-0.3071965514045542
0.1443534903714379,-0.2949141558675124,0.0408472990931037,0.9986651454145468,-0.3134344382110803
0.1443534903714379,0.2949141558675124,0.0408472990931037,0.9986636555652446,-0.3137842666374067
0.1455754341423012,-0.2960262311570711,0.0408472990931037,0.9986373407692428,-0.3199631893390578
0.1455754341423012,-0.296026231157071,0.0408472990931037,0.9986360883762913,-0.3202572611319495
0.1455754341423012,0.296026231157071,0.0408472990931037,0.9986353202609176,-0.3204376207106455
0.1455754341423012,0.2960262311570711,0.0408472990931037,0.9986351983640994,-0.3204662430498218
0.1468006935130967,-0.2971349046478731,0.0408472990931037,0.9986086048814236,-0.3267106035917262
0.1468006935130967,0.2971349046478731,0.0408472990931037,0.9986071053784984,-0.3270626987652874
0.1480292673985441,-0.2982402017017945,0.0408472990931037,0.998580200490309,-0.333380179790306
0.1480292673985441,0.2982402017017945,0.0408472990931037,0.9985793145713436,-0.3335882005861663
0.1492611556888005,-0.299342122220014,0.0408472990931037,0.998552662386813,-0.3398463447889193
0.1492611556888005,-0.2993421222200139,0.0408472990931037,0.9985514666488076,-0.3401271135513118
0.1492611556888005,0.2993421222200139,0.0408472990931037,0.9985512336475814,-0.3401818240862778
0.1492611556888005,0.299342122220014,0.0408472990931037,0.9985512161056356,-0.3401859430742051
0.1504963677063806,-0.300440704605531,0.0408472990931037,0.9985242545693368,-0.346516725524373
0.1504963677063806,0.300440704605531,0.0408472990931037,0.99852339226234,-0.3467192020428567
0.1517349310299222,-0.3015360005725202,0.0408472990931037,0.9984961626357954,-0.3531129342078903
0.1517349310299222,0.3015360005725202,0.0408472990931037,0.9984958767464452,-0.3531800632936197
0.1529768455486889,-0.3026280100230544,0.0408472990931037,0.9984688713437078,-0.3595211459313035
0.1529768455486889,0.3026280100230544,0.0408472990931037,0.9984681171342824,-0.3596982402831088
0.1542221396010448,-0.3037167800540555,0.0408472990931037,0.9984407982721908,-0.3661129256619472
0.1542221396010448,0.3037167800540555,0.0408472990931037,0.998440597164646,-0.3661601473077043
0.1554708375839958,-0.3048023592037909,0.0408472990931037,0.9984130369850752,-0.3726314959436154
0.1554708375839958,0.3048023592037909,0.0408472990931037,0.9984133416923052,-0.3725599482705872
0.1567229393858996,-0.3058847473752022,0.0408472990931037,0.9983849358646948,-0.3792298617697708
0.1567229393858996,-0.3058847473752021,0.0408472990931037,0.9983859708606644,-0.378986836511577
0.1567229393858996,0.3058847473752021,0.0408472990931037,0.9983859167384546,-0.378999544835503
0.1567229393858996,0.3058847473752022,0.0408472990931037,0.9983857797817072,-0.3790317033654616
0.1579784757267355,-0.3069639945451451,0.0408472990931037,0.9983582269023046,-0.385501337864051
0.1579784757267355,0.3069639945451451,0.0408472990931037,0.99835867346518,-0.3853964813609384
0.1592374853775391,-0.3080401518816197,0.0408472990931037,0.9983307767733718,-0.3919468457378167
0.1592374853775391,0.3080401518816197,0.0408472990931037,0.9983316856362746,-0.3917334375235717
0.1604999682257462,-0.3091132192884099,0.0408472990931037,0.9983030048042316,-0.3984679242435381
0.1604999682257462,0.3091132192884099,0.0408472990931037,0.9983043722662258,-0.3981468333272718
0.1617659577804007,-0.3101832478197493,0.0408472990931037,0.9982765346160736,-0.4046833342552892
0.1617659577804007,0.3101832478197493,0.0408472990931037,0.9982776420960132,-0.4044232891863393
0.1630354957062089,-0.3112502894600108,0.0408472990931037,0.9982494119887106,-0.4110519421643082
0.1630354957062089,0.3112502894600108,0.0408472990931037,0.9982509064003132,-0.4107010424736758
0.1643085818896652,-0.3123143441137935,0.0408472990931037,0.9982228312796932,-0.417293303349947
0.1643085818896652,0.3123143441137935,0.0408472990931037,0.9982241599493044,-0.4169813211927143
0.1643085818896653,-0.3123143441137935,0.0408472990931037,0.9982219624606776,-0.4174973089420173
0.1643085818896653,0.3123143441137935,0.0408472990931037,0.9982238562103104,-0.4170526415162694
0.1655852634445098,-0.313375467136912,0.0408472990931037,0.998195744768486,-0.423653430899329
0.1655852634445098,0.313375467136912,0.0408472990931037,0.9981974464446234,-0.4232538638528736
0.1668655946388778,-0.3144337176260979,0.0408472990931037,0.9981689541034128,-0.429944091431207
0.1668655946388778,0.3144337176260979,0.0408472990931037,0.998170982485118,-0.4294678113275943
0.1681495753582984,-0.3154890954867364,0.0408472990931037,0.998142577953622,-0.4361374204888594
0.1681495753582984,-0.3154890954867363,0.0408472990931037,0.9981418426048232,-0.436310086216051
0.1681495753582984,0.3154890954867363,0.0408472990931037,0.9981441802881406,-0.4357611796420215
0.1681495753582984,0.3154890954867364,0.0408472990931037,0.9981444792072038,-0.4356909910763974
0.1694372521006385,-0.3165416535464175,0.0408472990931037,0.9981158207395848,-0.4424202264523542
0.1694372521006385,0.3165416535464175,0.0408472990931037,0.9981180293280976,-0.4419016323617998
0.1707286715645094,-0.3175914406582243,0.0408472990931037,0.9980893601242408,-0.4486333886914444
0.1707286715645094,0.3175914406582243,0.0408472990931037,0.9980918466975076,-0.4480495215770351
0.1720238336344491,-0.3186384567282985,0.0408472990931037,0.9980625844854584,-0.4549205209311351
0.1720238336344491,-0.3186384567282984,0.0408472990931037,0.9980631168119876,-0.4547955264422934
0.1720238336344491,0.3186384567282984,0.0408472990931037,0.9980654445658194,-0.4542489513902132
0.1720238336344491,0.3186384567282985,0.0408472990931037,0.9980653110638266,-0.454280298716407
0.1733228001956855,-0.3196827622393521,0.0408472990931037,0.9980367012951848,-0.4609980991864264
0.1733228001956855,0.3196827622393521,0.0408472990931037,0.9980392967173216,-0.4603886734945289
0.1746256466199945,-0.3207244251156588,0.0408472990931037,0.9980105814210808,-0.4671312526812952
0.1746256466199945,0.3207244251156588,0.0408472990931037,0.998013424618314,-0.4664636474325855
0.1759323727908926,-0.3217634452640864,0.0408472990931037,0.9979844336090882,-0.4732709662139164
0.1759323727908926,0.3217634452640864,0.0408472990931037,0.9979870476182334,-0.4726571761450585
0.1772430476375478,-0.3227998842456595,0.0426614370491379,0.9979600898585792,-0.4789870718091475
0.1772430476375478,0.3227998842456595,0.0426614370491379,0.9979627991105768,-0.4783509179635752
0.1772430476375479,-0.3227998842456595,0.0408472990931037,0.997958337513724,-0.4793985362721678
0.1772430476375479,0.3227998842456595,0.0408472990931037,0.9979612329585068,-0.4787186628846611
0.1785577278889041,-0.3238337909368395,0.0408472990931037,0.9979325661065456,-0.4854498669705828
0.1785577278889041,0.3238337909368395,0.0408472990931037,0.997935723767492,-0.4847084231492543
0.1798764134274198,-0.3248651652451883,0.0408472990931037,0.9979064893237172,-0.4915729022923634
0.1798764134274198,0.3248651652451883,0.0408472990931037,0.9979093631361244,-0.490898108358146
0.1811991613639888,-0.3258940554921962,0.0408472990931037,0.9978807537809268,-0.4976158117481713
0.1811991613639888,0.3258940554921962,0.0408472990931037,0.9978839295840988,-0.4968701079884279
0.1825260362977819,-0.3269205130667573,0.0408472990931037,0.9978553417169213,-0.5035827658210643
0.1825260362977819,0.3269205130667573,0.0408472990931037,0.9978587972055114,-0.5027713897080386
0.1838570381101673,-0.327944537877099,0.0408472990931037,0.9978296476374928,-0.5096159393507717
0.1838570381101673,0.327944537877099,0.0408472990931037,0.9978325510871447,-0.5089341863565185
0.1851922332001357,-0.3289661817458536,0.0408472990931037,0.997804011219012,-0.5156355736329823
0.1851922332001357,0.3289661817458536,0.0408472990931037,0.9978074784563216,-0.5148214388274982
0.1865316950135927,-0.3299854989423125,0.0408472990931037,0.9977789444433264,-0.5215214512711878
0.1865316950135927,0.3299854989423125,0.0408472990931037,0.9977826957357516,-0.5206406180727849
0.187875423430781,-0.3310024893753417,0.0408472990931037,0.9977531654278984,-0.5275745684468649
0.187875423430781,-0.3310024893753416,0.0408472990931037,0.997753608045339,-0.5274706383631612
0.187875423430781,0.3310024893753416,0.0408472990931037,0.9977576323470136,-0.5265257004288686
0.187875423430781,0.3310024893753417,0.0408472990931037,0.997756750545162,-0.5267327544937288
0.1892234933469054,-0.3320172076169743,0.0408472990931037,0.9977281319271486,-0.5334526328663947
0.1892234933469054,0.3320172076169743,0.0408472990931037,0.9977319420060718,-0.5325579961322795
0.1905759834137168,-0.3330297067069724,0.0408472990931037,0.99770339537318,-0.5392609718277757
0.1905759834137168,0.3330297067069724,0.0408472990931037,0.997707432307546,-0.5383130676373641
0.1919328935102929,-0.3340399865548117,0.0408472990931037,0.9976784018436496,-0.5451296506880972
0.1919328935102929,0.3340399865548117,0.0408472990931037,0.9976826582643182,-0.5441302093739471
0.1932943032707671,-0.3350481001823902,0.0408472990931037,0.9976530946841962,-0.5510719723405273
0.1932943032707671,0.3350481001823902,0.0408472990931037,0.997657294606142,-0.5500857973743652
0.1946602962072695,-0.3360541026073133,0.0408472990931037,0.997628679212299,-0.5568049186862426
0.1946602962072695,0.3360541026073133,0.0408472990931037,0.9976330537938876,-0.555777732251442
0.1960308721976708,-0.3370579937396374,0.0408472990931037,0.9976040015846795,-0.5625994212736789
0.1960308721976708,0.3370579937396374,0.0408472990931037,0.9976085304022456,-0.5615360190087565
0.1974061162988318,-0.3380598234223855,0.0426614370491379,0.9975828436421376,-0.5675674739040455
0.1974061162988318,0.3380598234223855,0.0426614370491379,0.9975841111115976,-0.5672698620274219
0.1974061162988319,-0.3380598234223855,0.0408472990931037,0.9975788540377584,-0.5685042646383096
0.1974061162988319,0.3380598234223855,0.0408472990931037,0.997583499615302,-0.5674134462050304
0.1987861098527157,-0.3390596427287747,0.0408472990931037,0.9975547443401964,-0.5741654127462149
0.1987861098527157,0.3390596427287747,0.0408472990931037,0.9975595305919494,-0.5730415628934558
0.2001708527359414,-0.3400574515694143,0.0408472990931037,0.9975294493115654,-0.5801048859853957
0.2001708527359414,-0.3400574515694142,0.0408472990931037,0.9975303967317146,-0.5798824242240492
0.2001708527359414,0.3400574515694142,0.0408472990931037,0.9975352736166148,-0.5787372929898398
0.2001708527359414,0.3400574515694143,0.0408472990931037,0.9975344328044378,-0.5789347223542394
0.2015604319627716,-0.341053297309043,0.0408472990931037,0.9975053742512372,-0.5857579009962696
0.2015604319627716,0.341053297309043,0.0408472990931037,0.9975104584213236,-0.5845640975571579
0.2029549300731221,-0.3420472264806588,0.0408472990931037,0.9974815801576186,-0.59134494279643
0.2029549300731221,0.3420472264806588,0.0408472990931037,0.9974867882384024,-0.5901220441433216
0.2029549300731222,-0.3420472264806588,0.0505937571255093,0.997479628968156,-0.5918030975495429
0.2029549300731222,0.3420472264806588,0.0505937571255093,0.9974831404842048,-0.5909785657450586
0.2043543469423151,-0.3430392389953974,0.0485058373380791,0.997457969069918,-0.5968890133563669
0.2043543469423151,0.3430392389953974,0.0485058373380791,0.9974626219761176,-0.5957964740965863
0.2043543469423152,-0.3430392389953975,0.0408472990931037,0.997457522710898,-0.5969938219925949
0.2043543469423152,-0.3430392389953974,0.0408472990931037,0.9974564866465546,-0.5972370981134079
0.2043543469423152,0.3430392389953974,0.0408472990931037,0.997461706609777,-0.5960114093695513
0.2043543469423152,0.3430392389953975,0.0408472990931037,0.9974628267491364,-0.595748391768469
0.2057587684982363,-0.3440293805120003,0.0549927819774515,0.9974245482754333,-0.6047364808318649
0.2057587684982363,0.3440293805120003,0.0549927819774515,0.9974273860018816,-0.6040701601667737
0.2057587684982364,-0.3440293805120003,0.0408472990931037,0.9974326826318078,-0.6028264694731278
0.2057587684982364,0.3440293805120003,0.0408472990931037,0.9974380680304668,-0.6015619351773384
0.2071682836997922,-0.3450176955027933,0.0549927819774515,0.997400502110381,-0.6103827110028637
0.2071682836997922,0.3450176955027933,0.0549927819774515,0.9974036830766272,-0.6096357949123721
0.2071682836997923,-0.3450176955027933,0.0408472990931037,0.997409130189745,-0.6083567695724207
0.2071682836997923,0.3450176955027933,0.0408472990931037,0.9974147304354346,-0.6070417874907006
0.2085828924209623,-0.3460041838794142,0.0408472990931037,0.9973843299057704,-0.6141800728443653
0.2085828924209623,0.3460041838794142,0.0408472990931037,0.9973911167643724,-0.612586464644402
0.2085828924209624,-0.3460041838794142,0.0549927819774515,0.9973759570586672,-0.6161460837167236
0.2085828924209624,0.3460041838794142,0.0549927819774515,0.9973788342093236,-0.6154705059351238
0.2100026827247518,-0.3469888886166692,0.0408472990931037,0.997360743128474,-0.6197184351286479
0.2100026827247518,0.3469888886166692,0.0408472990931037,0.9973663364219424,-0.6184050854836388
0.2114277473545163,-0.3479718531021099,0.0408472990931037,0.9973374041578896,-0.6251986104326034
0.2114277473545163,0.3479718531021099,0.0408472990931037,0.997343377131142,-0.6237961089645061
0.2128580861828451,-0.3489530772478522,0.0408472990931037,0.9973137864026044,-0.6307442465942841
0.2128580861828451,0.3489530772478522,0.0408472990931037,0.9973201381890928,-0.6292527967754511
0.2128580861828452,-0.3489530772478522,0.0549927819774515,0.9973053298062416,-0.6327299224566434
0.2128580861828452,0.3489530772478522,0.0549927819774515,0.9973091900211136,-0.6318235134043599
0.2142937928544016,-0.3499326041012941,0.0408472990931037,0.9972895123652256,-0.636443982993878
0.2142937928544016,0.3499326041012941,0.0408472990931037,0.997295381356618,-0.6350658972908136
0.2157349625795322,-0.3509104749365318,0.0408472990931037,0.9972663710128216,-0.6418777559825652
0.2157349625795322,0.3509104749365318,0.0408472990931037,0.997272752762796,-0.6403792704996374
0.2171815952293863,-0.3518866896661367,0.0408472990931037,0.997242077175652,-0.647582141529996
0.2171815952293863,0.3518866896661367,0.0408472990931037,0.9972478648600692,-0.6462231473492012
0.2186337867745295,-0.352861289651818,0.0408472990931037,0.9972189020170392,-0.6530238524844506
0.2186337867745295,-0.3528612896518179,0.0426614370491379,0.9972225748971276,-0.652161431124349
0.2186337867745295,0.3528612896518179,0.0426614370491379,0.9972233464243444,-0.6519802704178373
0.2186337867745295,0.352861289651818,0.0408472990931037,0.9972252109963192,-0.6515424541374721
0.2200916406052014,-0.3538343149144937,0.0573069727662266,0.9971849875301884,-0.6609872428410913
0.2200916406052014,0.3538343149144937,0.0573069727662266,0.9971887999053708,-0.6600920669271173
0.2200916406052015,-0.3538343149144937,0.0408472990931037,0.9971960131750534,-0.6583983340252294
0.2200916406052015,0.3538343149144937,0.0408472990931037,0.9972028637796216,-0.6567897577670612
0.2215551565910599,-0.3548057653671689,0.0426614370491379,0.9971750282560404,-0.663325759359343
0.2215551565910599,-0.3548057653671688,0.0408472990931037,0.9971717921514136,-0.664085622378723
0.2215551565910599,0.3548057653671688,0.0408472990931037,0.9971783151297012,-0.6625539753683592
0.2215551565910599,0.3548057653671689,0.0426614370491379,0.9971772665045444,-0.6628002008677271
0.22155515659106,-0.3548057653671688,0.0408472990931037,0.9971728444311324,-0.6638385387591526
0.22155515659106,0.3548057653671688,0.0408472990931037,0.9971802504196308,-0.6620995539516378
0.2230244369835202,-0.3557756850020157,0.0426614370491379,0.9971523223394776,-0.668657288560723
0.2230244369835202,-0.3557756850020156,0.0408472990931037,0.997148932613576,-0.6694532230731505
0.2230244369835202,0.3557756850020156,0.0408472990931037,0.99715586083559,-0.6678264216234511
0.2230244369835202,0.3557756850020157,0.0426614370491379,0.99715382364233,-0.6683047707500116
0.2244995866494868,-0.3567441096996357,0.0426614370491379,0.9971301110219828,-0.6738726819801845
0.2244995866494868,-0.3567441096996356,0.0408472990931037,0.9971263737468948,-0.6747502237966483
0.2244995866494868,0.3567441096996356,0.0408472990931037,0.9971337178140276,-0.67302577861658
0.2244995866494868,0.3567441096996357,0.0426614370491379,0.9971310746810004,-0.6736464072037934
0.2259806054570711,-0.357711039373445,0.0426614370491379,0.9971144134193944,-0.6775586035046657
0.2259806054570711,-0.3577110393734449,0.0408472990931037,0.9971021796562054,-0.6804311880798815
0.2259806054570711,-0.3577110393734448,0.0408472990931037,0.9971035326726664,-0.6801134890893252
0.2259806054570711,0.3577110393734448,0.0408472990931037,0.9971112523517393,-0.6783008472482527
0.2259806054570711,0.3577110393734449,0.0408472990931037,0.997109619531416,-0.678684246403715
0.2259806054570711,0.357711039373445,0.0426614370491379,0.997121700565091,-0.6758475239290472
0.2274675950990985,-0.3586765113600871,0.0408472990931037,0.9970796465574224,-0.6857221382965768
0.2274675950990985,-0.358676511360087,0.0426614370491379,0.997082830420674,-0.6849745419662492
0.2274675950990985,0.358676511360087,0.0426614370491379,0.9970850998760732,-0.6844416558483167
0.2274675950990985,0.3586765113600871,0.0408472990931037,0.9970872897952006,-0.6839274454774679
0.2289606629310059,-0.3596405617917887,0.0408472990931037,0.997057443367256,-0.6909356233549638
0.2289606629310059,-0.3596405617917886,0.0426614370491379,0.9970608756146528,-0.6901297044583613
0.2289606629310059,0.3596405617917886,0.0426614370491379,0.9970626225517254,-0.6897195097855271
0.2289606629310059,0.3596405617917887,0.0408472990931037,0.9970652352883012,-0.6891060185260481
0.2304598088193026,-0.3606031905823572,0.0426614370491379,0.9970407845892372,-0.6948472364897897
0.2304598088193026,-0.3606031905823571,0.0408472990931037,0.9970349591873028,-0.6962150870426451
0.2304598088193026,-0.360603190582357,0.0426614370491379,0.997038817267383,-0.6953091792563701
0.2304598088193026,0.360603190582357,0.0426614370491379,0.997040228568284,-0.6949777946172883
0.2304598088193026,0.3606031905823571,0.0408472990931037,0.9970415237250974,-0.6946736815306293
0.2304598088193026,0.3606031905823572,0.0426614370491379,0.997047811448596,-0.6931972742096366
0.2319651396385757,-0.36156443263266,0.0408472990931037,0.9970111232661516,-0.7018119502790457
0.2319651396385757,0.36156443263266,0.0408472990931037,0.9970193438225524,-0.6998816984708067
0.2334767606658756,-0.3625243190669154,0.0408472990931037,0.9969892211254708,-0.7069547465317164
0.2334767606658756,0.3625243190669154,0.0408472990931037,0.9969974237543292,-0.7050287042525324
0.234994671766053,-0.3634828497993027,0.0408472990931037,0.9969670419845318,-0.7121625846407937
0.234994671766053,-0.3634828497993026,0.0408472990931037,0.9969653855471532,-0.7125515292680583
0.234994671766053,0.3634828497993026,0.0408472990931037,0.996974010619906,-0.7105262938137807
0.234994671766053,0.3634828497993027,0.0408472990931037,0.9969751383561212,-0.7102614924107328
0.2365189843812928,-0.3644400593986563,0.0408472990931037,0.9969434365203385,-0.7177053347566321
0.2365189843812928,-0.3644400593986562,0.0426614370491379,0.996954452986455,-0.7151185811836621
0.2365189843812928,0.3644400593986562,0.0426614370491379,0.9969605191146058,-0.7136942062069563
0.2365189843812928,0.3644400593986563,0.0408472990931037,0.996952000886966,-0.7156943535817849
0.2380498158629403,-0.3653959806213942,0.0408472990931037,0.9969217862112028,-0.7227889989661984
0.2380498158629403,-0.3653959806213941,0.0426614370491379,0.9969247487300796,-0.7220933760497031
0.2380498158629403,0.3653959806213941,0.0426614370491379,0.99693689590691,-0.7192411226377976
0.2380498158629403,0.3653959806213942,0.0408472990931037,0.9969302576454102,-0.720799839060249
0.2395871660741282,-0.3663506133820502,0.0408472990931037,0.9968998481484366,-0.7279402300092576
0.2395871660741282,-0.3663506133820501,0.0426614370491379,0.9969058559444044,-0.7265295518914937
0.2395871660741282,0.3663506133820501,0.0426614370491379,0.996912720157232,-0.7249177803062203
0.2395871660741282,0.3663506133820502,0.0408472990931037,0.996908117909953,-0.7259984244498356
0.2395871660741283,-0.3663506133820503,0.0408472990931037,0.9968983244040408,-0.7282980172722825
0.2395871660741283,-0.3663506133820502,0.0426614370491379,0.9969007881240932,-0.7277195162737818
0.2395871660741283,0.3663506133820502,0.0426614370491379,0.9969049411279512,-0.7267443580465742
0.2395871660741283,0.3663506133820503,0.0408472990931037,0.9969071032775242,-0.7262366681872389
0.2411311486982226,-0.3673039909622261,0.0408472990931037,0.9968765844412302,-0.7334027328754171
0.2411311486982226,0.3673039909622261,0.0408472990931037,0.9968852694842136,-0.7313634159355873
0.2426818825980178,-0.3682561420442472,0.0408472990931037,0.9968551515376732,-0.738435348531691
0.2426818825980178,-0.3682561420442471,0.0426614370491379,0.9968635871566086,-0.7364545983355381
0.2426818825980178,0.3682561420442471,0.0426614370491379,0.9968700032782742,-0.7349480421071096
0.2426818825980178,0.3682561420442472,0.0408472990931037,0.9968637596284842,-0.7364141005719523
0.2442393676348675,-0.3692070665429846,0.0408472990931037,0.9968320403492552,-0.7438620387773056
0.2442393676348675,0.3692070665429846,0.0408472990931037,0.9968408742900668,-0.7417877594470892
0.2458037236300278,-0.370156796282717,0.0408472990931037,0.996810470327938,-0.7489268507706623
0.2458037236300278,0.370156796282717,0.0408472990931037,0.9968192817299856,-0.7468578637208666
0.2473750759863278,-0.3711053609057609,0.0408472990931037,0.9967892199128794,-0.753916616680899
0.2473750759863278,0.3711053609057609,0.0408472990931037,0.9967979732956922,-0.7518612530073737
0.2489534245632775,-0.3720527603273083,0.0426614370491379,0.9967701957084382,-0.7583836506907657
0.2489534245632775,-0.3720527603273082,0.0408472990931037,0.9967663675420172,-0.7592825345127276
0.2489534245632775,-0.3720527603273081,0.0408472990931037,0.9967676303867724,-0.7589860085535135
0.2489534245632775,0.3720527603273081,0.0408472990931037,0.9967762202851516,-0.7569690323209188
0.2489534245632775,0.3720527603273082,0.0408472990931037,0.9967753730641332,-0.7571679665320442
0.2489534245632775,0.3720527603273083,0.0426614370491379,0.996771576624682,-0.7580594006100652
0.2505388927155443,-0.3729990224030907,0.0445411355740982,0.9967452100300532,-0.7642504860398841
0.2505388927155443,-0.3729990224030906,0.0408472990931037,0.9967449896191776,-0.7643022402607381
0.2505388927155443,0.3729990224030906,0.0408472990931037,0.9967539941277131,-0.7621879102768033
0.2505388927155443,0.3729990224030907,0.0445411355740982,0.9967506026109572,-0.7629842652960294
0.25213160436501,-0.3739441724633736,0.0408472990931037,0.9967239412615542,-0.7692445614834766
0.25213160436501,0.3739441724633736,0.0408472990931037,0.9967328822398626,-0.7671451489004976
0.2537315593692748,-0.3748882104236541,0.0408472990931037,0.9967013755241098,-0.7745431755166347
0.2537315593692748,-0.374888210423654,0.0426614370491379,0.9967046843009462,-0.7737662484863895
0.2537315593692748,0.374888210423654,0.0426614370491379,0.9967060435576433,-0.7734470842389547
0.2537315593692748,0.3748882104236541,0.0408472990931037,0.996710425687834,-0.7724181253325217
0.2553388814378281,-0.3758311595393678,0.0408472990931037,0.9966801980508772,-0.7795158141079287
0.2553388814378281,0.3758311595393678,0.0408472990931037,0.9966892733931207,-0.7773848518078461
0.2569536884569201,-0.3767730371181213,0.0408472990931037,0.9966593508403944,-0.7844109043875613
0.2569536884569201,0.3767730371181213,0.0408472990931037,0.9966683806759582,-0.7822906274165965
0.2585759802821756,-0.3777138430757044,0.0485058373380791,0.99663917905889,-0.7891473985888328
0.2585759802821756,-0.3777138430757043,0.0426614370491379,0.996638089836484,-0.7894031566441125
0.2585759802821756,-0.3777138430757042,0.0408472990931037,0.9966370281997532,-0.7896524373642614
0.2585759802821756,0.3777138430757042,0.0408472990931037,0.9966458336467112,-0.7875848486166684
0.2585759802821756,0.3777138430757043,0.0426614370491379,0.9966426451046708,-0.788333543563748
0.2585759802821756,0.3777138430757044,0.0485058373380791,0.9966411531671644,-0.7886838623169918
0.2585759802821757,-0.3777138430757043,0.0408472990931037,0.9966380878662114,-0.7894036192797403
0.2585759802821757,0.3777138430757043,0.0408472990931037,0.9966470077772384,-0.7873091534614542
0.2602058729208449,-0.3786535921484359,0.0485058373380791,0.9966178312195764,-0.7941600404864099
0.2602058729208449,-0.3786535921484358,0.0408472990931037,0.9966160079486234,-0.7945881589594785
0.2602058729208449,0.3786535921484358,0.0408472990931037,0.9966249296516508,-0.7924932723652585
0.2602058729208449,0.3786535921484359,0.0485058373380791,0.9966201982218283,-0.7936042495941446
0.2618434879204493,-0.3795922999461512,0.0426614370491379,0.9966029075214056,-0.7976642431188464
0.2618434879204493,-0.3795922999461511,0.0408472990931037,0.9965953354648224,-0.7994422220290962
0.2618434879204493,0.3795922999461511,0.0408472990931037,0.9966043572259372,-0.7973238410028415
0.2618434879204493,0.3795922999461512,0.0426614370491379,0.9965987677281484,-0.7986362993922559
0.2634888251345746,-0.3805299663849234,0.0485058373380791,0.996575152159464,-0.8041814221226335
0.2634888251345746,-0.3805299663849233,0.0426614370491379,0.9965740158317224,-0.8044482408841813
0.2634888251345746,-0.3805299663849232,0.0408472990931037,0.9965742561971116,-0.8043918011854312
0.2634888251345746,0.3805299663849232,0.0408472990931037,0.9965817048480374,-0.8026427989017022
0.2634888251345746,0.3805299663849233,0.0426614370491379,0.996592916703504,-0.8000101663604705
0.2634888251345746,0.3805299663849234,0.0485058373380791,0.9965765901250524,-0.8038437764035624
0.2651420138751619,-0.3814666096129481,0.0485058373380791,0.9965540400697416,-0.8091387081474911
0.2651420138751619,-0.381466609612948,0.0408472990931037,0.9965523702142628,-0.8095308034510202
0.2651420138751619,0.381466609612948,0.0408472990931037,0.996561149131611,-0.8074694440661737
0.2651420138751619,0.3814666096129481,0.0485058373380791,0.9965557359416488,-0.8087405039802471
0.2668031826005032,-0.3824022445534217,0.0426614370491379,0.9965395128845592,-0.8125498063869587
0.2668031826005032,-0.3824022445534216,0.0408472990931037,0.996531911077336,-0.814334770983358
0.2668031826005032,0.3824022445534216,0.0408472990931037,0.9965409579937324,-0.8122104832975143
0.2668031826005032,0.3824022445534217,0.0426614370491379,0.996546906973576,-0.8108136156720054
0.2684723311620781,-0.3833368711226917,0.0408472990931037,0.996509881272254,-0.8195075438494059
0.2684723311620781,0.3833368711226917,0.0408472990931037,0.9965184538339592,-0.817494638405345
0.2684723311620782,-0.3833368711226918,0.0408472990931037,0.9965110315662976,-0.8192374456895134
0.2684723311620782,-0.3833368711226917,0.0426614370491379,0.9965112793204132,-0.8191792710592052
0.2684723311620782,0.3833368711226917,0.0426614370491379,0.9965138294209902,-0.8185804872287488
0.2684723311620782,0.3833368711226918,0.0408472990931037,0.9965203609791096,-0.8170468256059066
0.270149582910571,-0.3842704992268764,0.0426614370491379,0.9964988682863496,-0.8220934802410346
0.270149582910571,-0.3842704992268763,0.0408472990931037,0.9964893083067684,-0.8243382392297345
0.270149582910571,-0.3842704992268762,0.0505937571255093,0.996487845007596,-0.8246818334751791
0.270149582910571,0.3842704992268762,0.0505937571255093,0.9964873684727988,-0.8247937276230769
0.270149582910571,0.3842704992268763,0.0408472990931037,0.9964981755287032,-0.8222561452279696
0.270149582910571,0.3842704992268764,0.0426614370491379,0.9964937119802614,-0.8233042217851563
0.2718350514257112,-0.3852031317669026,0.0426614370491379,0.9964686241578852,-0.829195041353131
0.2718350514257112,-0.3852031317669025,0.0408472990931037,0.9964690880476504,-0.8290861163589645
0.2718350514257112,-0.3852031317669024,0.0485058373380791,0.9964703454744752,-0.8287908625727135
0.2718350514257112,0.3852031317669024,0.0485058373380791,0.996471664547127,-0.8284811338576619
0.2718350514257112,0.3852031317669025,0.0408472990931037,0.9964782559441956,-0.8269334215751878
0.2718350514257112,0.3852031317669026,0.0426614370491379,0.9964726054710724,-0.8282601974564632
0.2735287365568061,-0.3861347686593864,0.0408472990931037,0.996447307566435,-0.8342003460047528
0.2735287365568061,-0.3861347686593863,0.0408472990931037,0.9964484377441526,-0.8339349713176029
0.2735287365568061,0.3861347686593863,0.0408472990931037,0.99645794602955,-0.8317023505330241
0.2735287365568061,0.3861347686593864,0.0408472990931037,0.996456202518038,-0.8321117408570716
0.2752307485774513,-0.3870654084437565,0.0408472990931037,0.9964269751783672,-0.838974551900253
0.2752307485774513,0.3870654084437565,0.0408472990931037,0.996436042472007,-0.836845479476141
0.2769411981638567,-0.3879950489549301,0.0408472990931037,0.9964069811839404,-0.8436693002863616
0.2769411981638567,0.3879950489549301,0.0408472990931037,0.996416287050158,-0.8414842091297886
0.2786600851630961,-0.3889236901097909,0.0408472990931037,0.9963865720797964,-0.8484615197247071
0.2786600851630961,0.3889236901097909,0.0408472990931037,0.9963960846855728,-0.8462278844809042
0.2786600851630962,-0.3889236901097908,0.0408472990931037,0.996385433173434,-0.8487289439668767
0.2786600851630962,0.3889236901097908,0.0408472990931037,0.9963948328681148,-0.8465218211432982
0.2803875216820469,-0.3898513287430885,0.0408472990931037,0.9963653646197076,-0.8534411994675509
0.2803875216820469,0.3898513287430885,0.0408472990931037,0.9963747655910288,-0.8512337768787767
0.2821236121501742,-0.3907779543126566,0.0408472990931037,0.9963456300741006,-0.8580750272140987
0.2821236121501742,0.3907779543126566,0.0408472990931037,0.9963550990596126,-0.8558516343541339
0.2838683564122594,-0.3917035667356486,0.0408472990931037,0.9963254675899772,-0.8628093383166153
0.2838683564122594,-0.3917035667356485,0.0408472990931037,0.9963242569574896,-0.8630936044215256
0.2838683564122594,-0.3917035667356484,0.0426614370491379,0.9963235287173542,-0.8632646009781653
0.2838683564122594,0.3917035667356484,0.0426614370491379,0.9963294108740836,-0.861883423949574
0.2838683564122594,0.3917035667356485,0.0408472990931037,0.9963342396790504,-0.8607495822648806
0.2838683564122594,0.3917035667356486,0.0408472990931037,0.9963349037141316,-0.8605936615639191
0.2856218517893745,-0.3926281516694617,0.0573069727662266,0.9962960547011253,-0.8697157177784222
0.2856218517893745,-0.3926281516694616,0.0549927819774515,0.9962975511988398,-0.869364328252141
0.2856218517893745,-0.3926281516694615,0.0485058373380791,0.9963054860545304,-0.8675011612354397
0.2856218517893745,-0.3926281516694614,0.0408472990931037,0.996304449544288,-0.8677445420569211
0.2856218517893745,0.3926281516694614,0.0408472990931037,0.996314262426488,-0.8654403995285015
0.2856218517893745,0.3926281516694615,0.0485058373380791,0.9963043451616111,-0.8677690519368956
0.2856218517893745,0.3926281516694616,0.0549927819774515,0.9962974502881152,-0.8693880228902234
0.2856218517893745,0.3926281516694617,0.0573069727662266,0.9962953602432568,-0.869878781990952
0.2873841817577119,-0.393551684902178,0.0573069727662266,0.9962761196560912,-0.8743966243798521
0.2873841817577119,-0.3935516849021779,0.0549927819774515,0.9962768990593404,-0.8742136143184769
0.2873841817577119,-0.3935516849021778,0.0408472990931037,0.9962849800317856,-0.8723161379295408
0.2873841817577119,0.3935516849021778,0.0408472990931037,0.9962946886963971,-0.8700364665170336
0.2873841817577119,0.3935516849021779,0.0549927819774515,0.9962770319710932,-0.8741824055853586
0.2873841817577119,0.393551684902178,0.0573069727662266,0.9962752041205808,-0.8746115993751986
0.289155346159707,-0.3944741663512274,0.0426614370491379,0.9962748260689872,-0.8747003688862834
0.289155346159707,-0.3944741663512273,0.0408472990931037,0.9962638052262224,-0.8772881501309344
0.289155346159707,0.3944741663512273,0.0408472990931037,0.9962742631213624,-0.8748325534511229
0.289155346159707,0.3944741663512274,0.0426614370491379,0.9962790096820316,-0.8737180233794387
0.2891553461597071,-0.3944741663512274,0.0485058373380791,0.996265845960734,-0.8768089694904464
0.2891553461597071,-0.3944741663512273,0.0426614370491379,0.9962701217064256,-0.8758049905077503
0.2891553461597071,-0.3944741663512272,0.0408472990931037,0.996265027158056,-0.8770012308500088
0.2891553461597071,0.3944741663512272,0.0408472990931037,0.9962745274066016,-0.8747704971819277
0.2891553461597071,0.3944741663512273,0.0426614370491379,0.9962767927925146,-0.8742385666115863
0.2891553461597071,0.3944741663512274,0.0485058373380791,0.9962639694115888,-0.8772495981053842
0.2909354264052563,-0.3953955706246976,0.0426614370491379,0.9962532700055567,-0.8797619034571368
0.2909354264052563,-0.3953955706246975,0.0408472990931037,0.9962442090314676,-0.881889492000684
0.2909354264052563,0.3953955706246975,0.0408472990931037,0.9962543675294572,-0.8795041961450912
0.2909354264052563,0.3953955706246976,0.0426614370491379,0.9962582086045276,-0.8786022812699285
0.2927245103769155,-0.3963158732295074,0.0426614370491379,0.9962320198471084,-0.8847516091132435
0.2927245103769155,-0.3963158732295073,0.0408472990931037,0.9962249719224404,-0.8864065176950275
0.2927245103769155,0.3963158732295073,0.0408472990931037,0.9962349128837308,-0.8840723011809
0.2927245103769155,0.3963158732295074,0.0426614370491379,0.9962378222123278,-0.8833891677637322
0.294522597914728,-0.3972350740833753,0.0573069727662266,0.9961959142939124,-0.8932294792165845
0.294522597914728,-0.3972350740833752,0.0426614370491379,0.9962024217943456,-0.8917014665291646
0.294522597914728,-0.3972350740833751,0.0408472990931037,0.996205230475316,-0.89104196597256
0.294522597914728,-0.397235074083375,0.0408472990931037,0.9962040660115684,-0.8913153912913468
0.294522597914728,0.397235074083375,0.0408472990931037,0.996214613561254,-0.8888387430135085
0.294522597914728,0.3972350740833751,0.0408472990931037,0.9962148144134464,-0.8887915813265987
0.294522597914728,0.3972350740833752,0.0426614370491379,0.9962087570028588,-0.8902139093503276
0.294522597914728,0.3972350740833753,0.0573069727662266,0.9961944198101996,-0.893580395839265
0.2963297766373574,-0.3981531487899593,0.0573069727662266,0.99617613898189,-0.8978728792406175
0.2963297766373574,-0.3981531487899592,0.0426614370491379,0.9961817621874988,-0.8965525059878922
0.2963297766373574,-0.3981531487899591,0.0408472990931037,0.9961846444384714,-0.8958757306115728
0.2963297766373574,0.3981531487899591,0.0408472990931037,0.9961948872803748,-0.8934706301364554
0.2963297766373574,0.3981531487899592,0.0426614370491379,0.9961878196916266,-0.8951301560001363
0.2963297766373574,0.3981531487899593,0.0573069727662266,0.9961742618290548,-0.8983136496067757
0.2981460929176245,-0.3990700479283356,0.0426614370491379,0.9961725094654496,-0.8987251184724449
0.2981460929176245,-0.3990700479283355,0.0408472990931037,0.996165643238894,-0.900337362897085
0.2981460929176245,0.3990700479283355,0.0408472990931037,0.9961755662939712,-0.8980073509037304
0.2981460929176245,0.3990700479283356,0.0426614370491379,0.996167475454001,-0.8999071442657621
0.299971546593138,-0.3999857714165273,0.0505937571255093,0.9961417664789411,-0.9059438154078264
0.299971546593138,-0.3999857714165272,0.0408472990931037,0.9961460942661052,-0.9049276166748308
0.299971546593138,-0.3999857714165271,0.0485058373380791,0.9961467529321476,-0.9047729566667854
0.299971546593138,0.3999857714165271,0.0485058373380791,0.996142250202513,-0.90583023327862
0.299971546593138,0.3999857714165272,0.0408472990931037,0.996155249666246,-0.9027778561458571
0.299971546593138,0.3999857714165273,0.0505937571255093,0.9961384937413632,-0.9067122801345224
0.3018061776820974,-0.4009002701745337,0.0505937571255093,0.9961226094687056,-0.9104420332710024
0.3018061776820974,-0.4009002701745336,0.0408472990931037,0.996125759296992,-0.909702428620298
0.3018061776820974,0.4009002701745336,0.0408472990931037,0.9961357660449056,-0.9073527648855046
0.3018061776820974,0.4009002701745337,0.0505937571255093,0.9961191052563402,-0.9112648501126664
0.3036500144210508,-0.401813485762805,0.0505937571255093,0.9961030079674,-0.9150446211608824
0.3036500144210508,-0.4018134857628049,0.0408472990931037,0.9961070112341937,-0.9141046223833824
0.3036500144210508,0.4018134857628049,0.0408472990931037,0.9961167868734612,-0.9118092247907204
0.3036500144210508,0.401813485762805,0.0505937571255093,0.9960993130939908,-0.9159122067270328
0.3055030566451463,-0.4027254180996932,0.0408472990931037,0.9960866034804712,-0.9188965247320684
0.3055030566451463,-0.4027254180996931,0.0426614370491379,0.9960840661293436,-0.9194923148906908
0.3055030566451463,0.4027254180996931,0.0426614370491379,0.996091052583256,-0.9178518401296066
0.3055030566451463,0.4027254180996932,0.0408472990931037,0.9960966254144226,-0.9165432951952276
0.3055030566451464,-0.4027254180996932,0.0485058373380791,0.9960882473075616,-0.918510541100424
0.3055030566451464,-0.4027254180996931,0.0408472990931037,0.9960877543390246,-0.9186262940207022
0.3055030566451464,0.4027254180996931,0.0408472990931037,0.9960971476530084,-0.9164206694354572
0.3055030566451464,0.4027254180996932,0.0485058373380791,0.9960841536870996,-0.9194717556355168
0.3073653213350993,-0.4036360039479418,0.0408472990931037,0.9960676673053818,-0.9233428887522858
0.3073653213350993,0.4036360039479418,0.0408472990931037,0.996077474360161,-0.9210401145484572
0.3092368068057973,-0.4045451719644746,0.0408472990931037,0.9960492227518752,-0.927673816127726
0.3092368068057973,0.4045451719644746,0.0408472990931037,0.9960587536339912,-0.9254358894545176
0.3111175128899163,-0.4054529220680056,0.0426614370491379,0.9960235440820862,-0.933703371351988
0.3111175128899163,-0.4054529220680055,0.0408472990931037,0.9960292933987506,-0.932353386223685
0.3111175128899163,-0.4054529220680054,0.0485058373380791,0.9960338848230904,-0.931275283391913
0.3111175128899163,0.4054529220680054,0.0485058373380791,0.9960306201324228,-0.9320418586402416
0.3111175128899163,0.4054529220680055,0.0408472990931037,0.9960393717379452,-0.9299869122886232
0.3111175128899163,0.4054529220680056,0.0426614370491379,0.9960294443324084,-0.9323179458043924
0.3130074373424961,-0.4063591802967662,0.0426614370491379,0.9960175089234712,-0.9351204744361568
0.3130074373424961,-0.4063591802967661,0.0408472990931037,0.9960105906021364,-0.9367449511279304
0.3130074373424961,0.4063591802967661,0.0408472990931037,0.9960201760718254,-0.9344942068598294
0.3130074373424961,0.4063591802967662,0.0426614370491379,0.9960227339072134,-0.9338936068344584
0.3149065672527301,-0.4072638719778146,0.0485058373380791,0.995992252827712,-0.941050805928436
0.3149065672527301,-0.4072638719778145,0.0408472990931037,0.9959923708211428,-0.9410231001355618
0.3149065672527301,0.4072638719778145,0.0408472990931037,0.9960016098475272,-0.9388537035016769
0.3149065672527301,0.4072638719778146,0.0485058373380791,0.9959858241797128,-0.942560303439248
0.3168149024508228,-0.408166997030265,0.0408472990931037,0.9959730186453548,-0.9455671444175116
0.3168149024508228,-0.4081669970302649,0.0408472990931037,0.9959735587098634,-0.945440332989722
0.3168149024508228,0.4081669970302649,0.0408472990931037,0.9959822773125931,-0.9433931359553732
0.3168149024508228,0.408166997030265,0.0408472990931037,0.9959823672773764,-0.9433720115110956
0.3187324275754248,-0.4090684773477777,0.0408472990931037,0.9959545264935,-0.9499092482624154
0.3187324275754248,0.4090684773477777,0.0408472990931037,0.9959636018430816,-0.9477782842393078
0.3206591029922306,-0.4099682253320493,0.0408472990931037,0.9959364628336536,-0.95415073878706
0.3206591029922306,0.4099682253320493,0.0408472990931037,0.9959452272962066,-0.952092773502723
0.3225949285289818,-0.410866240902636,0.0408472990931037,0.9959176492421016,-0.9585683192210328
0.3225949285289818,-0.4108662409026359,0.0408472990931037,0.995917702583502,-0.9585557942373214
0.3225949285289818,0.4108662409026359,0.0408472990931037,0.9959261231027742,-0.9565785895618074
0.3225949285289818,0.410866240902636,0.0408472990931037,0.995925678246642,-0.9566830453080368
0.3245398510697656,-0.4117624316001532,0.0408472990931037,0.995899397347536,-0.9628540087499172
0.3245398510697656,-0.411762431600153,0.0426614370491379,0.9958940623925714,-0.9641066984663782
0.3245398510697656,-0.4117624316001529,0.0505937571255093,0.9958934281541052,-0.9642556226859474
0.3245398510697656,0.4117624316001529,0.0505937571255093,0.9958892084585694,-0.965246440647734
0.3245398510697656,0.411762431600153,0.0426614370491379,0.9958989736445176,-0.9629534975773656
0.3245398510697656,0.4117624316001532,0.0408472990931037,0.9959073502330108,-0.9609866081969564
0.3264938028488672,-0.412656697220835,0.0408472990931037,0.9958815535983144,-0.9670438625165708
0.3264938028488672,-0.4126566972208349,0.0505937571255093,0.9958747928581546,-0.9686313378992648
0.3264938028488672,0.4126566972208349,0.0505937571255093,0.99587072590541,-0.9695862906428954
0.3264938028488672,0.412656697220835,0.0408472990931037,0.9958895624662414,-0.9651633168400994
0.3284567836915899,-0.4135490376847281,0.0426614370491379,0.9958551368476172,-0.9732467249888974
0.3284567836915899,-0.413549037684728,0.0408472990931037,0.9958629877589018,-0.9714032687842096
0.3284567836915899,-0.4135490376847279,0.0408472990931037,0.9958632076598009,-0.97135163430996
0.3284567836915899,0.4135490376847279,0.0408472990931037,0.9958700852025772,-0.9697367327469596
0.3284567836915899,0.413549037684728,0.0408472990931037,0.9958710190190138,-0.969517465245196
0.3284567836915899,0.4135490376847281,0.0426614370491379,0.9958593338167132,-0.9722612433753144
0.3304287142201611,-0.4144393521128302,0.0485058373380791,0.9958428958189492,-0.976121015556202
0.3304287142201611,-0.4144393521128301,0.0426614370491379,0.995839564548266,-0.9769032243199836
0.3304287142201611,-0.41443935211283,0.0408472990931037,0.995845235824354,-0.9755715637376668
0.3304287142201611,0.41443935211283,0.0408472990931037,0.995852341708868,-0.9739030457246316
0.3304287142201611,0.4144393521128301,0.0426614370491379,0.9958434142740424,-0.9759992781904412
0.3304287142201611,0.4144393521128302,0.0485058373380791,0.9958336465308272,-0.9782928217274144
0.332409483477691,-0.4153275254716801,0.0485058373380791,0.9958261798156082,-0.980046065650378
0.332409483477691,-0.41532752547168,0.0408472990931037,0.9958276883621496,-0.979691846964046
0.332409483477691,0.41532752547168,0.0408472990931037,0.9958350014961282,-0.9779746651337824
0.332409483477691,0.4153275254716801,0.0485058373380791,0.995815663675834,-0.982515338632018
0.3343990912870851,-0.4162135576818688,0.0408472990931037,0.995809624266946,-0.9839334397140372
0.3343990912870851,0.4162135576818688,0.0408472990931037,0.9958163844987252,-0.9823460837030764
0.336397416313379,-0.4170973310678139,0.0408472990931037,0.995791962657158,-0.9880805256978302
0.336397416313379,0.4170973310678139,0.0408472990931037,0.9957988846196696,-0.986455194028931
0.3384043145832311,-0.4179787223295022,0.0408472990931037,0.9957747846845042,-0.9921140498487367
0.3384043145832311,0.4179787223295022,0.0408472990931037,0.9957819483710492,-0.9904319594605816
0.3404197859172106,-0.4188577313881311,0.0408472990931037,0.9957568365714816,-0.996328409063206
0.3404197859172106,-0.418857731388131,0.0408472990931037,0.995756734867506,-0.99635228996289
0.3404197859172106,0.418857731388131,0.0408472990931037,0.9957640184400236,-0.99464204939802
0.3404197859172106,0.4188577313881311,0.0408472990931037,0.9957641066728607,-0.9946213316284258
0.3424436907605422,-0.4197342359269168,0.0426614370491379,0.9957333096012668,-1.0018527281706524
0.3424436907605422,-0.4197342359269166,0.0408472990931037,0.9957395002557258,-1.0003991134296577
0.3424436907605422,0.4197342359269166,0.0408472990931037,0.995746821698904,-0.9986799805334718
0.3424436907605422,0.4197342359269168,0.0426614370491379,0.995736202840907,-1.0011733725680882
0.3444758786906783,-0.4206081169793202,0.0426614370491379,0.9957151261363631,-1.0061223498724643
0.3444758786906783,-0.4206081169793201,0.0408472990931037,0.9957227614478366,-1.0043295182125112
0.3444758786906783,0.4206081169793201,0.0408472990931037,0.9957302268567818,-1.0025765810130065
0.3444758786906783,0.4206081169793202,0.0426614370491379,0.9957176061996243,-1.005540011358986
0.3465163495259274,-0.4214793744672106,0.0408472990931037,0.9957046905496996,-1.0085727083451492
0.3465163495259274,-0.4214793744672105,0.0408472990931037,0.9957053070039484,-1.0084279600008628
0.3465163495259274,0.4214793744672105,0.0408472990931037,0.9957126649701752,-1.0067002512033203
0.3465163495259274,0.4214793744672106,0.0408472990931037,0.99571270494821,-1.0066908640438457
0.3485649401207179,-0.4223478828455517,0.0408472990931037,0.995687973455384,-1.01249801460882
0.3485649401207179,-0.4223478828455516,0.0505937571255093,0.995679591025476,-1.014466275599729
0.3485649401207179,0.4223478828455516,0.0505937571255093,0.9956732796465244,-1.015948237408589
0.3485649401207179,0.4223478828455517,0.0408472990931037,0.9956958582311576,-1.0106466067536437
0.3506214499864372,-0.4232135061877556,0.0408472990931037,0.9956718523502994,-1.0162833778765323
0.3506214499864372,-0.4232135061877555,0.0485058373380791,0.995666839572003,-1.0174604179574127
0.3506214499864372,0.4232135061877555,0.0485058373380791,0.9956579952307116,-1.0195371394027606
0.3506214499864372,0.4232135061877556,0.0408472990931037,0.995679579797177,-1.014468912093306
0.352685878939219,-0.4240762444164296,0.0408472990931037,0.995653901920182,-1.020498281163266
0.352685878939219,-0.4240762444164295,0.0408472990931037,0.9956550492482948,-1.0202288794273664
0.352685878939219,-0.4240762444164294,0.0505937571255093,0.9956447790155324,-1.0226404114932872
0.352685878939219,0.4240762444164294,0.0505937571255093,0.9956388618919408,-1.0240297990183316
0.352685878939219,0.4240762444164295,0.0408472990931037,0.9956623605215142,-1.0185121345181167
0.352685878939219,0.4240762444164296,0.0408472990931037,0.9956624981074698,-1.0184798282451013
0.3547580205209636,-0.4249359611852385,0.0408472990931037,0.9956378227774288,-1.024273791342928
0.3547580205209636,-0.4249359611852384,0.0426614370491379,0.9956415871337824,-1.0233898906306076
0.3547580205209636,-0.4249359611852383,0.0505937571255093,0.9956289662201988,-1.0263533811874688
0.3547580205209636,0.4249359611852383,0.0505937571255093,0.99562212285369,-1.027960257891893
0.3547580205209636,0.4249359611852384,0.0426614370491379,0.9956439858240992,-1.0228266591295232
0.3547580205209636,0.4249359611852385,0.0408472990931037,0.995645948723993,-1.0223657546743132
0.3568376598875395,-0.4257925228049455,0.0408472990931037,0.995622307595524,-1.0279168790448137
0.3568376598875395,-0.4257925228049454,0.0426614370491379,0.9956140299349404,-1.0298605393678255
0.3568376598875395,-0.4257925228049453,0.0549927819774515,0.9956091297129346,-1.0310111503393955
0.3568376598875395,0.4257925228049453,0.0549927819774515,0.9956095949812948,-1.030901901640191
0.3568376598875395,0.4257925228049454,0.0426614370491379,0.99561731114781,-1.0290900845754822
0.3568376598875395,0.4257925228049455,0.0408472990931037,0.9956299966032311,-1.0261114390835098
0.3589247968530125,-0.426645929198968,0.0408472990931037,0.9956049097076296,-1.0320020410374744
0.3589247968530125,-0.4266459291989679,0.0426614370491379,0.9955997340847188,-1.033217318324666
0.3589247968530125,0.4266459291989679,0.0426614370491379,0.9956038331026108,-1.0322548364302353
0.3589247968530125,0.426645929198968,0.0408472990931037,0.9956134230946708,-1.0300030302735663
0.3589247968530126,-0.4266459291989681,0.0408472990931037,0.9956060734841844,-1.031728777076992
0.3589247968530126,-0.426645929198968,0.0426614370491379,0.995605221151161,-1.0319289116274508
0.3589247968530126,-0.4266459291989679,0.0426614370491379,0.9955968456574836,-1.0338955439364328
0.3589247968530126,-0.4266459291989678,0.0573069727662266,0.995592280652457,-1.0349674433039886
0.3589247968530126,0.4266459291989678,0.0573069727662266,0.9955865812917116,-1.036305698386514
0.3589247968530126,0.4266459291989679,0.0426614370491379,0.9955992286182224,-1.0333360058649206
0.3589247968530126,0.426645929198968,0.0426614370491379,0.9956104955469184,-1.030690441692875
0.3589247968530126,0.4266459291989681,0.0408472990931037,0.9956130559311274,-1.0300892431841442
0.3610192142837265,-0.42749604538223,0.0408472990931037,0.9955892416229872,-1.0356810315142482
0.3610192142837265,-0.4274960453822299,0.0426614370491379,0.9955923208735,-1.0349579990842432
0.3610192142837265,0.4274960453822299,0.0426614370491379,0.9955948245436188,-1.034370117493497
0.3610192142837265,0.42749604538223,0.0408472990931037,0.995597205771791,-1.0338109862423674
0.3610192142837266,-0.4274960453822299,0.0426614370491379,0.9955822418145734,-1.03732464201807
0.3610192142837266,-0.4274960453822298,0.0485058373380791,0.9955807165915106,-1.0376827764838463
0.3610192142837266,0.4274960453822298,0.0485058373380791,0.9955740579176638,-1.0392462858871403
0.3610192142837266,0.4274960453822299,0.0426614370491379,0.9955859048233838,-1.0364645385122977
0.3631206849137703,-0.4283427419034886,0.0408472990931037,0.995574089354738,-1.0392389042128949
0.3631206849137703,-0.4283427419034885,0.0426614370491379,0.9955750603653192,-1.0390109032311243
0.3631206849137703,0.4283427419034885,0.0426614370491379,0.9955791097501668,-1.0380600755690044
0.3631206849137703,0.4283427419034886,0.0408472990931037,0.9955816380964791,-1.0374663998123277
0.3631206849137704,-0.4283427419034886,0.0426614370491379,0.9955656367727368,-1.0412236374713757
0.3631206849137704,-0.4283427419034885,0.0485058373380791,0.9955646860629964,-1.0414468716548282
0.3631206849137704,0.4283427419034885,0.0485058373380791,0.9955578560351932,-1.0430506163254176
0.3631206849137704,0.4283427419034886,0.0426614370491379,0.995568207409984,-1.0406200314679992
0.365229208555258,-0.4291860186870433,0.0445411355740982,0.9955530661850398,-1.0441753111111574
0.365229208555258,-0.4291860186870432,0.0408472990931037,0.9955574160584304,-1.0431539263570695
0.365229208555258,0.4291860186870432,0.0408472990931037,0.995565628117384,-1.0412256698168434
0.365229208555258,0.4291860186870433,0.0445411355740982,0.9955571471785032,-1.0432170614954477
0.3652292085552581,-0.4291860186870432,0.0426614370491379,0.9955609377191365,-1.0423270125067032
0.3652292085552581,0.4291860186870432,0.0426614370491379,0.9955632656084408,-1.041780405644575
0.3673445541759395,-0.4300257441790362,0.0408472990931037,0.9955420280213664,-1.0467671594424517
0.3673445541759395,0.4300257441790362,0.0408472990931037,0.9955498280900996,-1.0449356414718391
0.3673445541759396,-0.4300257441790363,0.0426614370491379,0.995534699131588,-1.0484880408594004
0.3673445541759396,-0.4300257441790362,0.0426614370491379,0.9955440464095046,-1.0462932259076363
0.3673445541759396,0.4300257441790362,0.0426614370491379,0.9955470105174538,-1.045597229864338
0.3673445541759396,0.4300257441790363,0.0426614370491379,0.9955382990305982,-1.047642756034985
0.3694664792837989,-0.4308617888304517,0.0426614370491379,0.9955186847526648,-1.05224834397837
0.3694664792837989,-0.4308617888304516,0.0408472990931037,0.9955271547531612,-1.0502595207191898
0.3694664792837989,0.4308617888304516,0.0408472990931037,0.995534702441909,-1.0484872635697842
0.3694664792837989,0.4308617888304517,0.0426614370491379,0.9955208459207472,-1.0517408845808236
0.3715949836891212,-0.4316941525665412,0.0549927819774515,0.9954980991321396,-1.057082010862308
0.3715949836891212,-0.4316941525665411,0.0408472990931037,0.9955110754262336,-1.0540350741444475
0.3715949836891212,0.4316941525665411,0.0408472990931037,0.995519081768772,-1.0521551214492562
0.3715949836891212,0.4316941525665412,0.0549927819774515,0.9954936079618064,-1.0581365732585408
0.3715949836891213,-0.4316941525665412,0.0485058373380791,0.995499530789048,-1.056745846471316
0.3715949836891213,-0.4316941525665411,0.0408472990931037,0.995511457904338,-1.0539452652535577
0.3715949836891213,0.4316941525665411,0.0408472990931037,0.9955184959607216,-1.0522926738232588
0.3715949836891213,0.4316941525665412,0.0485058373380791,0.9954941829090908,-1.058001571078505
0.3737298196462835,-0.432522706908309,0.0573069727662266,0.9954798946633427,-1.061356564444713
0.3737298196462835,-0.4325227069083089,0.0408472990931037,0.9954960112655636,-1.0575722584851297
0.3737298196462835,0.4325227069083089,0.0408472990931037,0.9955037024687796,-1.0557663030009352
0.3737298196462835,0.432522706908309,0.0573069727662266,0.9954756355701933,-1.062356633278564
0.3758707226699294,-0.4333473217723312,0.0573069727662266,0.9954645944819276,-1.064949168327325
0.3758707226699294,-0.4333473217723311,0.0408472990931037,0.9954814557840668,-1.0609900009235274
0.3758707226699294,0.4333473217723311,0.0408472990931037,0.9954890616284988,-1.0592040883585268
0.3758707226699294,0.4333473217723312,0.0573069727662266,0.9954600978330748,-1.0660050171233977
0.378017692568647,-0.4341679970848814,0.0408472990931037,0.9954658518853734,-1.0646539200306662
0.378017692568647,0.4341679970848814,0.0408472990931037,0.9954742581750088,-1.0626800565866212
0.3780176925686471,-0.4341679970848814,0.0408472990931037,0.9954660106620664,-1.064616638004505
0.3780176925686471,0.4341679970848814,0.0408472990931037,0.9954733056687012,-1.062903712618327
0.380170450371894,-0.434984600742095,0.0408472990931037,0.9954511718605572,-1.0681009062277886
0.380170450371894,0.434984600742095,0.0408472990931037,0.9954591272295464,-1.0662329225259612
0.3801704503718941,-0.434984600742095,0.0426614370491379,0.9954434780809108,-1.069907466678187
0.3801704503718941,-0.4349846007420949,0.0549927819774515,0.9954372223147612,-1.0713763701603074
0.3801704503718941,0.4349846007420949,0.0549927819774515,0.9954318701988324,-1.0726330894072529
0.3801704503718941,0.434984600742095,0.0426614370491379,0.9954470627312384,-1.069065762365388
0.3823287089289254,-0.4357970045404767,0.0408472990931037,0.9954370225675132,-1.071423272397575
0.3823287089289254,-0.4357970045404766,0.0549927819774515,0.9954234108488894,-1.0746194118321095
0.3823287089289254,0.4357970045404766,0.0549927819774515,0.9954177100131129,-1.0759580132636557
0.3823287089289254,0.4357970045404767,0.0408472990931037,0.9954447446861312,-1.0696100577319432
0.3823287089289255,-0.4357970045404767,0.0426614370491379,0.9954278694134082,-1.0735725055395375
0.3823287089289255,-0.4357970045404766,0.0505937571255093,0.9954240520546264,-1.0744688516421876
0.3823287089289255,0.4357970045404766,0.0505937571255093,0.9954160851891838,-1.076339534802342
0.3823287089289255,0.4357970045404767,0.0426614370491379,0.9954314270083204,-1.0727371540526829
0.3844924680467781,-0.4366052084073919,0.0408472990931037,0.995421993588666,-1.0749521957673238
0.3844924680467781,0.4366052084073919,0.0408472990931037,0.995429169164325,-1.0732673137210011
0.3844924680467782,-0.4366052084073918,0.0549927819774515,0.9954076176583462,-1.0783277781661085
0.3844924680467782,0.4366052084073918,0.0549927819774515,0.9954013814271852,-1.079792094678017
0.3844924680467783,-0.4366052084073919,0.0408472990931037,0.9954219550554408,-1.0749612436740763
0.3844924680467783,0.4366052084073919,0.0408472990931037,0.9954304764604992,-1.0729603502161844
0.3866614669950617,-0.4374090949149593,0.0426614370491379,0.9954086100064254,-1.0780947669706389
0.3866614669950617,0.4374090949149593,0.0426614370491379,0.9954097200672128,-1.0778341158981768
0.3866614669950618,-0.4374090949149593,0.0408472990931037,0.9954076516487348,-1.0783197969533898
0.3866614669950618,0.4374090949149593,0.0408472990931037,0.995415780025881,-1.0764111895648898
0.3866614669950619,-0.4374090949149593,0.0445411355740982,0.9954021843337778,-1.079603565845354
0.3866614669950619,0.4374090949149593,0.0445411355740982,0.9954047980921172,-1.078989834667717
0.3888354884288902,-0.4382085708202454,0.0426614370491379,0.9953941227548552,-1.081496488481483
0.3888354884288902,0.4382085708202454,0.0426614370491379,0.9953963124837052,-1.080982322789212
0.3888354884288903,-0.4382085708202454,0.0408472990931037,0.9953939952491326,-1.081526427835861
0.3888354884288903,-0.4382085708202453,0.0549927819774515,0.9953802482764996,-1.0847543259839596
0.3888354884288903,0.4382085708202453,0.0549927819774515,0.9953729089917338,-1.0864776482263063
0.3888354884288903,0.4382085708202454,0.0408472990931037,0.9954017199103912,-1.079712616138074
0.3888354884288904,-0.4382085708202454,0.0445411355740982,0.9953886856812814,-1.0827731564568988
0.3888354884288904,0.4382085708202454,0.0445411355740982,0.995391247036528,-1.0821717299408458
0.3910145321538911,-0.4390036360517712,0.0549927819774515,0.9953645373468872,-1.088443376799278
0.3910145321538911,0.4390036360517712,0.0549927819774515,0.9953576819399964,-1.090053080680847
0.3910145321538912,-0.4390036360517713,0.0408472990931037,0.9953794671112038,-1.0849377497877708
0.3910145321538912,-0.4390036360517712,0.0408472990931037,0.9953795092648828,-1.0849278517698124
0.3910145321538912,0.4390036360517712,0.0408472990931037,0.9953878136859652,-1.0829779078695183
0.3910145321538912,0.4390036360517713,0.0408472990931037,0.9953864680419728,-1.0832938757460489
0.3931983550669865,-0.4397941871999636,0.0549927819774515,0.9953510447694004,-1.091611540950436
0.3931983550669865,0.4397941871999636,0.0549927819774515,0.9953434362033694,-1.0933980925684694
0.3931983550669866,-0.4397941871999637,0.0505937571255093,0.9953513309861596,-1.0915443349865066
0.3931983550669866,-0.4397941871999636,0.0485058373380791,0.995352397374953,-1.0912939384444074
0.3931983550669866,-0.4397941871999635,0.0408472990931037,0.9953657156183766,-1.088166709313278
0.3931983550669866,0.4397941871999635,0.0408472990931037,0.9953734504904674,-1.0863505000311269
0.3931983550669866,0.4397941871999636,0.0485058373380791,0.9953428576358786,-1.093533944801682
0.3931983550669866,0.4397941871999637,0.0505937571255093,0.995344089743601,-1.093244636141401
0.3931983550669867,-0.4397941871999635,0.0426614370491379,0.9953574488551477,-1.0901078108510254
0.3931983550669867,0.4397941871999635,0.0426614370491379,0.9953606321389296,-1.0893603505847755
0.3953866497255593,-0.4405801065763008,0.0549927819774515,0.995338135774476,-1.094642675289741
0.3953866497255593,0.4405801065763008,0.0549927819774515,0.9953297166948026,-1.096619541936077
0.3953866497255594,-0.4405801065763009,0.0505937571255093,0.995337461393104,-1.094801025381804
0.3953866497255594,-0.4405801065763008,0.0485058373380791,0.995338896136902,-1.094464136164682
0.3953866497255594,0.4405801065763008,0.0485058373380791,0.9953284877347442,-1.0969081114998944
0.3953866497255594,0.4405801065763009,0.0505937571255093,0.9953305509950532,-1.096423641623679
0.3953866497255595,-0.4405801065763007,0.0408472990931037,0.9953525247668804,-1.0912640258099913
0.3953866497255595,0.4405801065763007,0.0408472990931037,0.9953598526799536,-1.0895433737311828
0.3953866497255596,-0.4405801065763007,0.0426614370491379,0.9953422583108869,-1.0936746710606622
0.3953866497255596,0.4405801065763007,0.0426614370491379,0.9953453339912344,-1.092952476933817
0.3975794159339608,-0.4413613941105161,0.0408472990931037,0.9953388893582468,-1.0944657278466563
0.3975794159339608,-0.441361394110516,0.0426614370491379,0.9953320049393364,-1.096082243980375
0.3975794159339608,0.441361394110516,0.0426614370491379,0.9953347435738698,-1.0954391908824666
0.3975794159339608,0.4413613941105161,0.0408472990931037,0.9953460477065692,-1.0927848909154942
0.3975794159339609,-0.4413613941105161,0.0485058373380791,0.9953250787143332,-1.097708576516087
0.3975794159339609,-0.441361394110516,0.0408472990931037,0.9953384408614192,-1.094571038457055
0.3975794159339609,0.441361394110516,0.0408472990931037,0.9953450190286688,-1.0930264326409609
0.3975794159339609,0.4413613941105161,0.0485058373380791,0.9953159193987192,-1.0998592564292509
0.3997763656564553,-0.4421379402333181,0.0408472990931037,0.9953254454662502,-1.0976224602587028
0.3997763656564553,-0.442137940233318,0.0549927819774515,0.9953097021802432,-1.1013191086119838
0.3997763656564553,0.442137940233318,0.0549927819774515,0.9953016151530452,-1.103218006704877
0.3997763656564553,0.4421379402333181,0.0408472990931037,0.9953322818293288,-1.0960172280152254
0.3997763656564554,-0.4421379402333181,0.0426614370491379,0.9953170484463856,-1.0995941470870982
0.3997763656564554,0.4421379402333181,0.0426614370491379,0.9953268873537108,-1.0972838936529854
0.3997763656564555,-0.4421379402333181,0.0485058373380791,0.9953179460722366,-1.0993833774216777
0.3997763656564555,0.4421379402333181,0.0485058373380791,0.995301133319372,-1.103331145070943
0.4019772668054969,-0.4429096605557872,0.0408472990931037,0.9953125666931278,-1.1006464982793644
0.4019772668054969,-0.4429096605557871,0.0549927819774515,0.9952971158164192,-1.1042744866114091
0.4019772668054969,0.4429096605557871,0.0549927819774515,0.995288338048775,-1.1063355760366689
0.4019772668054969,0.4429096605557872,0.0408472990931037,0.9953193869543124,-1.0990450468881972
0.401977266805497,-0.4429096605557872,0.0426614370491379,0.995311829290845,-1.100819646180837
0.401977266805497,0.4429096605557872,0.0426614370491379,0.9953140662684314,-1.1002943861107728
0.4019772668054971,-0.4429096605557872,0.0485058373380791,0.995298306908719,-1.103994808697518
0.4019772668054971,0.4429096605557872,0.0485058373380791,0.9952993089728396,-1.103759516098556
0.4041821191843096,-0.4436765550089261,0.0408472990931037,0.9952987500564991,-1.1038907540858578
0.4041821191843096,-0.443676555008926,0.0426614370491379,0.9952872033923684,-1.1066020023555194
0.4041821191843096,0.443676555008926,0.0426614370491379,0.9952885946206312,-1.1062753309309832
0.4041821191843096,0.4436765550089261,0.0408472990931037,0.9953051769850496,-1.1023816603152297
0.4041821191843097,-0.443676555008926,0.0408472990931037,0.9952996598643328,-1.1036771239943703
0.4041821191843097,0.443676555008926,0.0408472990931037,0.9953056475388716,-1.102271170547685
0.4063906760162117,-0.4444385372982256,0.0426614370491379,0.9952783474139114,-1.1086814562995648
0.4063906760162117,-0.4444385372982255,0.0485058373380791,0.9952714703254584,-1.1102962511838137
0.4063906760162117,0.4444385372982255,0.0485058373380791,0.995261258316098,-1.1126941119334042
0.4063906760162117,0.4444385372982256,0.0426614370491379,0.9952802479229592,-1.108235201709612
0.4063906760162118,-0.4444385372982255,0.0408472990931037,0.9952865073002216,-1.1067654503095938
0.4063906760162118,0.4444385372982255,0.0408472990931037,0.9952926322653054,-1.1053272599545882
0.4086026997631393,-0.4451955288606649,0.0426614370491379,0.99526434484184,-1.111969371221938
0.4086026997631393,0.4451955288606649,0.0426614370491379,0.9952660578093784,-1.1115671528650373
0.4086026997631394,-0.4451955288606649,0.0573069727662266,0.9952525892442377,-1.1147296787269534
0.4086026997631394,-0.4451955288606647,0.0408472990931037,0.995273975615688,-1.1097079891782036
0.4086026997631394,0.4451955288606647,0.0408472990931037,0.9952804875880884,-1.1081789264373734
0.4086026997631394,0.4451955288606649,0.0573069727662266,0.995247829750161,-1.1158472456652069
0.410818190227322,-0.4459475296285635,0.0426614370491379,0.995254791939898,-1.1142124683249146
0.410818190227322,0.4459475296285635,0.0426614370491379,0.9952568206682464,-1.1137361068267142
0.4108181902273221,-0.4459475296285635,0.0408472990931037,0.9952614785525,-1.112642398680348
0.4108181902273221,-0.4459475296285634,0.0426614370491379,0.995259690241282,-1.1130623083305098
0.4108181902273221,0.4459475296285634,0.0426614370491379,0.995261826597058,-1.1125606750592036
0.4108181902273221,0.4459475296285635,0.0408472990931037,0.9952666300734678,-1.111432780720431
0.4108181902273222,-0.4459475296285635,0.0485058373380791,0.9952457936396544,-1.1163253405526758
0.4108181902273222,-0.4459475296285634,0.0408472990931037,0.995260400500638,-1.112895533803388
0.4108181902273222,0.4459475296285634,0.0408472990931037,0.9952670344204492,-1.1113378368439066
0.4108181902273222,0.4459475296285635,0.0485058373380791,0.9952367648592374,-1.118445369766742
0.4130369465534436,-0.4466944753098298,0.0408472990931037,0.9952488733583486,-1.115602198189971
0.4130369465534436,0.4466944753098298,0.0408472990931037,0.9952544290139764,-1.1142976862082474
0.4130369465534437,-0.4466944753098298,0.0485058373380791,0.9952328092264072,-1.1193741837120263
0.4130369465534437,0.4466944753098298,0.0485058373380791,0.9952232706812384,-1.121613909730818
0.4152587865390459,-0.4474363119655459,0.0408472990931037,0.9952369087476802,-1.1184115836197457
0.4152587865390459,0.4474363119655459,0.0408472990931037,0.9952430654046576,-1.1169659517569606
0.415258786539046,-0.4474363119655459,0.0485058373380791,0.995220512792556,-1.12226148385558
0.415258786539046,0.4474363119655459,0.0485058373380791,0.9952105292742964,-1.124605693083397
0.4152587865390461,-0.4474363119655459,0.0505937571255093,0.9952196142198716,-1.12247247584496
0.4152587865390461,0.4474363119655459,0.0505937571255093,0.9952131789568576,-1.123983526613675
0.417483709985481,-0.4481730395293863,0.0573069727662266,0.9952021721357548,-1.1265680154609767
0.417483709985481,0.4481730395293863,0.0573069727662266,0.9951969910433488,-1.1277845770290484
0.4174837099854811,-0.4481730395293863,0.0485058373380791,0.9952111566039158,-1.124458391115856
0.4174837099854811,-0.4481730395293862,0.0408472990931037,0.995224866527601,-1.121239192354418
0.4174837099854811,0.4481730395293862,0.0408472990931037,0.9952298004422035,-1.120080670094003
0.4174837099854811,0.4481730395293863,0.0485058373380791,0.9952079269549916,-1.1252167382850813
0.4174837099854812,-0.4481730395293863,0.0408472990931037,0.9952238988435936,-1.121466412230265
0.4174837099854812,-0.4481730395293862,0.0505937571255093,0.9952072825329028,-1.1253680536999406
0.4174837099854812,0.4481730395293862,0.0505937571255093,0.9952004090774746,-1.126981995521122
0.4174837099854812,0.4481730395293863,0.0408472990931037,0.9952304054711598,-1.1199386044989623
0.4174837099854813,-0.4481730395293863,0.0505937571255093,0.995207003447596,-1.125433585142282
0.4174837099854813,0.4481730395293863,0.0505937571255093,0.9952007518263848,-1.1269015153600102
0.4197115777817912,-0.4489046192283349,0.0408472990931037,0.9952128175042756,-1.1240683985452518
0.4197115777817912,0.4489046192283349,0.0408472990931037,0.9952180841025546,-1.1228317595203732
0.4197115777817913,-0.4489046192283349,0.0485058373380791,0.9951958148600976,-1.1280607541801275
0.4197115777817913,0.4489046192283349,0.0485058373380791,0.995186752714485,-1.130188617806664
0.421942053488311,-0.4496309522819246,0.0408472990931037,0.995201452784608,-1.1267369248126158
0.421942053488311,0.4496309522819246,0.0408472990931037,0.9952070012199112,-1.1254341082203092
0.4219420534883111,-0.4496309522819246,0.0485058373380791,0.9951838696284488,-1.13086558926253
0.4219420534883111,0.4496309522819246,0.0485058373380791,0.9951742124480276,-1.1331331717790207
0.4241751369056206,-0.4503520386252161,0.0408472990931037,0.9951889137932612,-1.129681179378902
0.4241751369056206,0.4503520386252161,0.0408472990931037,0.9951946435904564,-1.1283357775766891
0.4241751369056207,-0.4503520386252161,0.0485058373380791,0.995171647253948,-1.133735499683474
0.4241751369056207,0.4503520386252161,0.0485058373380791,0.9951643146474954,-1.135457253804959
0.4264241908134278,-0.4510721229783498,0.0426614370491379,0.9951703883695632,-1.1340310957163318
0.4264241908134278,0.4510721229783498,0.0426614370491379,0.9951735199443772,-1.1332957771256706
0.4264241908134279,-0.4510721229783498,0.0408472990931037,0.9951781352110208,-1.1322120759320184
0.4264241908134279,0.4510721229783498,0.0408472990931037,0.9951832222634244,-1.1310175957019883
0.426424190813428,-0.4510721229783498,0.0505937571255093,0.99516016581624,-1.1364314322719742
0.426424190813428,0.4510721229783498,0.0505937571255093,0.9951538308641122,-1.137918929249497
0.4286756753514832,-0.4517868568939633,0.0426614370491379,0.9951582108150808,-1.1368904820416703
0.4286756753514832,0.4517868568939633,0.0426614370491379,0.9951622150255758,-1.135950261675641
0.4286756753514833,-0.4517868568939633,0.0426614370491379,0.99516461970471,-1.135385623952773
0.4286756753514833,0.4517868568939633,0.0426614370491379,0.9951684069163844,-1.1344963566299124
0.4286756753514834,-0.4517868568939633,0.0408472990931037,0.995167283537213,-1.1347601349645546
0.4286756753514834,0.4517868568939633,0.0408472990931037,0.9951723579234626,-1.1335686288478934
0.4286756753514835,-0.4517868568939633,0.0549927819774515,0.995147505468292,-1.1394041823302068
0.4286756753514835,0.4517868568939633,0.0549927819774515,0.9951434091817258,-1.1403660228877066
0.4309295903184885,-0.4524962403081546,0.0426614370491379,0.9951535077359214,-1.1379948023101878
0.4309295903184885,-0.4524962403081545,0.0426614370491379,0.9951453366482148,-1.1399134384768204
0.4309295903184885,0.4524962403081545,0.0426614370491379,0.9951500566796664,-1.138805137675807
0.4309295903184885,0.4524962403081546,0.0426614370491379,0.9951561694103036,-1.1373698200658393
0.4309295903184886,-0.4524962403081546,0.0408472990931037,0.995156086660448,-1.13738925038791
0.4309295903184886,-0.4524962403081545,0.0408472990931037,0.995155262903658,-1.1375826750121918
0.4309295903184886,0.4524962403081545,0.0408472990931037,0.995160054007273,-1.1364576859037685
0.4309295903184886,0.4524962403081546,0.0408472990931037,0.9951610789455828,-1.1362170222638277
0.4309295903184887,-0.4524962403081545,0.0485058373380791,0.9951370839109352,-1.141851246610515
0.4309295903184887,0.4524962403081545,0.0485058373380791,0.995126226780651,-1.14440058686696
0.4331858967590949,-0.4532002745923046,0.0426614370491379,0.9951372877091696,-1.1418033931695195
0.4331858967590949,0.4532002745923046,0.0426614370491379,0.9951404170058724,-1.14106860949744
0.4331858967590951,-0.4532002745923046,0.0408472990931037,0.9951449976144072,-1.1399930463024273
0.4331858967590951,0.4532002745923046,0.0408472990931037,0.9951498191823543,-1.1388609039272903
0.4354444293472169,-0.4538989227308646,0.0408472990931037,0.9951347026722636,-1.142410380326956
0.4354444293472169,0.4538989227308646,0.0408472990931037,0.995139423614404,-1.1413018656889276
0.4377051878809256,-0.4545921846613702,0.0408472990931037,0.9951241306019152,-1.1448927862507796
0.4377051878809256,0.4545921846613702,0.0408472990931037,0.9951275021663284,-1.1441011161997765
0.4399680407994091,-0.4552800356827874,0.0408472990931037,0.995113498176186,-1.147389364096434
0.4399680407994091,0.4552800356827874,0.0408472990931037,0.995118516220587,-1.1462110874924858
0.4422328756045867,-0.4559624584433542,0.0408472990931037,0.9951036610260936,-1.1496992049184067
0.4422328756045867,0.4559624584433542,0.0408472990931037,0.9951085175590452,-1.14855885248308
0.4444996920939662,-0.456639452882057,0.0408472990931037,0.995092591690782,-1.152298372597442
0.4444996920939662,0.456639452882057,0.0408472990931037,0.995096980355206,-1.1512678794012148
0.4467684027832439,-0.4573110098239543,0.0408472990931037,0.9950836986051106,-1.154386539609611
0.4467684027832439,0.4573110098239543,0.0408472990931037,0.9950888368732352,-1.1531800335222715
0.4490389985432943,-0.4579771436410289,0.0408472990931037,0.9950742370945485,-1.1566081772921146
0.4490389985432943,0.4579771436410289,0.0408472990931037,0.9950791536128956,-1.155453739810378
0.4513114791711102,-0.4586378542737237,0.0408472990931037,0.995065073041572,-1.1587599695754696
0.4513114791711102,0.4586378542737237,0.0408472990931037,0.9950700865914084,-1.1575827483308685
0.4535858038761358,-0.459293146619464,0.0408472990931037,0.9950552563458628,-1.1610650075460474
0.4535858038761358,0.459293146619464,0.0408472990931037,0.9950600534059644,-1.1599386198073698
0.4558619087396983,-0.4599430188034232,0.0408472990931037,0.9950463014576324,-1.163167686289002
0.4558619087396983,0.4599430188034232,0.0408472990931037,0.9950508624207314,-1.1620967359980805
0.4581397935582981,-0.4605874707674983,0.0408472990931037,0.9950370975543994,-1.165328835728516
0.4581397935582981,0.4605874707674983,0.0408472990931037,0.9950422253728668,-1.1641247833035346
0.4581397935582982,-0.4605874707674982,0.0408472990931037,0.9950358108651828,-1.1656309605563118
0.4581397935582982,0.4605874707674982,0.0408472990931037,0.9950400901743373,-1.1646261448442885
0.4604194435010659,-0.4612265150778779,0.0408472990931037,0.995027909144747,-1.167486347152476
0.4604194435010659,0.4612265150778779,0.0408472990931037,0.9950326044253068,-1.1663838580569776
0.4627009253939351,-0.461860186208076,0.0408472990931037,0.9950196594279196,-1.1694234460600197
0.4627009253939351,0.461860186208076,0.0408472990931037,0.9950240047783574,-1.168403123331127
0.4649842390329256,-0.4624884841014379,0.0408472990931037,0.9950098290118288,-1.1717317056850145
0.4649842390329256,0.4624884841014379,0.0408472990931037,0.9950137577113763,-1.1708092158879364
0.4672695218062837,-0.4631114612956835,0.0408472990931037,0.9950017829762045,-1.173620978631433
0.4672695218062837,0.4631114612956835,0.0408472990931037,0.9950067190582256,-1.1724619474439546
0.469556875325728,-0.4637291569589729,0.0408472990931037,0.9949942479680712,-1.1753902582719675
0.469556875325728,0.4637291569589729,0.0408472990931037,0.9949987487149116,-1.1743334472359177
0.4718462993867532,-0.46434157103608,0.0408472990931037,0.9949850244434322,-1.1775560149731907
0.4718462993867532,-0.4643415710360799,0.0408472990931037,0.9949851603326922,-1.1775241070977172
0.4718462993867532,0.4643415710360799,0.0408472990931037,0.9949890920511096,-1.1766009084461004
0.4718462993867532,0.46434157103608,0.0408472990931037,0.9949909093475432,-1.176174192837608
0.4741377993439949,-0.464948715833226,0.0408472990931037,0.9949771886823864,-1.179395913781753
0.4741377993439949,0.464948715833226,0.0408472990931037,0.99498241233374,-1.1781693590354438
0.4764315438429404,-0.4655506448732261,0.0408472990931037,0.9949704049817778,-1.1809887804598007
0.4764315438429404,0.4655506448732261,0.0408472990931037,0.9949750161164496,-1.1799060494858995
0.4787275326785127,-0.4661473581022639,0.0408472990931037,0.9949617341481076,-1.1830247609402853
0.4787275326785127,0.4661473581022639,0.0408472990931037,0.994967411650182,-1.1816916384470093
0.4787275326785128,-0.4661473581022638,0.0408472990931037,0.9949620882488908,-1.1829416152693542
0.4787275326785128,0.4661473581022638,0.0408472990931037,0.9949658229639304,-1.1820646745725734
0.4810259676231072,-0.4667389162655915,0.0408472990931037,0.9949545098473944,-1.1847210840155606
0.4810259676231072,0.4667389162655915,0.0408472990931037,0.99495960832763,-1.1835239204400625
0.4833269774076471,-0.4673253560651888,0.0408472990931037,0.9949482012680628,-1.1862023884514823
0.4833269774076471,0.4673253560651888,0.0408472990931037,0.9949529454121692,-1.1850884258079353
0.4856305618264059,-0.4679066774486239,0.0408472990931037,0.994940048540844,-1.1881167134300867
0.4856305618264059,0.4679066774486239,0.0408472990931037,0.994945538276064,-1.186827680082647
0.485630561826406,-0.467906677448624,0.0408472990931037,0.9949403200618612,-1.1880529581428376
0.485630561826406,0.467906677448624,0.0408472990931037,0.9949444917842568,-1.1870734046546154
0.4879368679413147,-0.4684829196824741,0.0408472990931037,0.9949332717210893,-1.1897079644291229
0.4879368679413147,0.4684829196824741,0.0408472990931037,0.994938557682296,-1.188466778835353
0.4902460845126382,-0.4690541304582994,0.0408472990931037,0.9949274890687378,-1.1910657770409865
0.4902460845126382,0.4690541304582994,0.0408472990931037,0.9949327088569846,-1.1898401293827854
0.4925582113339163,-0.4696203097250298,0.0408472990931037,0.9949200838692128,-1.192804576591309
0.4925582113339163,0.4696203097250298,0.0408472990931037,0.9949250048191296,-1.191649098541963
0.4925582113339164,-0.4696203097250297,0.0408472990931037,0.9949204708087456,-1.192713720121705
0.4925582113339164,0.4696203097250297,0.0408472990931037,0.994925992940037,-1.1914170799199235
0.4948734622110829,-0.4701815080672249,0.0408472990931037,0.9949140482070036,-1.1942217979234582
0.4948734622110829,0.4701815080672249,0.0408472990931037,0.994919433720663,-1.1929572366246246
0.4971920897129734,-0.4707377799430747,0.0408472990931037,0.9949085108982172,-1.1955220019214146
0.4971920897129734,0.4707377799430747,0.0408472990931037,0.9949138772987132,-1.194261928544856
0.4995140936322864,-0.4712891253028449,0.0408472990931037,0.9949029049833682,-1.1968383151666673
0.4995140936322864,-0.4712891253028448,0.0408472990931037,0.99490124702293,-1.197227617420418
0.4995140936322864,0.4712891253028448,0.0408472990931037,0.9949063443772244,-1.1960307182247412
0.4995140936322864,0.4712891253028449,0.0408472990931037,0.9949076325422236,-1.1957282468715424
0.5018397250390708,-0.4718355967208627,0.0408472990931037,0.9948967363687647,-1.198286754774853
0.5018397250390708,0.4718355967208627,0.0408472990931037,0.9949014879572026,-1.1971710441432872
0.5041692497825853,-0.4723772432883579,0.0408472990931037,0.9948914535559982,-1.1995272010899378
0.5041692497825853,0.4723772432883579,0.0408472990931037,0.994896310572004,-1.1983867352296669
0.5065026676545541,-0.4729140649569038,0.0408472990931037,0.994884166346432,-1.2012382956626129
0.5065026676545541,0.4729140649569038,0.0408472990931037,0.9948890815892348,-1.20008415768885
0.5065026676545543,-0.4729140649569037,0.0408472990931037,0.9948865863632302,-1.200670056534648
0.5065026676545543,0.4729140649569037,0.0408472990931037,0.994890246953818,-1.199810520846743
0.5088402595635867,-0.4734461120114899,0.0408472990931037,0.9948809060226852,-1.2020038455233146
0.5088402595635867,0.4734461120114899,0.0408472990931037,0.9948845461981868,-1.2011491034594506
0.5111823481798031,-0.4739734381939718,0.0408472990931037,0.99487611856225,-1.2031279791843033
0.5111823481798031,0.4739734381939718,0.0408472990931037,0.9948800951654054,-1.202194241240389
0.5135289332938047,-0.4744960434572025,0.0408472990931037,0.9948691649522374,-1.2047607419372997
0.5135289332938047,0.4744960434572025,0.0408472990931037,0.994873680200034,-1.203700525961806
0.5158803345217017,-0.4750139775114697,0.0408472990931037,0.9948662442570428,-1.2054465443216769
0.5158803345217017,0.4750139775114697,0.0408472990931037,0.9948690659376468,-1.2047839913480816
0.5182368696889278,-0.4755272823218346,0.0408472990931037,0.994862244248464,-1.2063857780444855
0.5182368696889278,0.4755272823218346,0.0408472990931037,0.9948652058293648,-1.2056903753721977
0.5205985385847922,-0.4760359578424042,0.0408472990931037,0.9948559718475374,-1.2078585875041374
0.5205985385847922,0.4760359578424042,0.0408472990931037,0.9948594522263312,-1.2070413669740072
0.5205985385847923,-0.4760359578424044,0.0408472990931037,0.994856916733056,-1.2076367208941785
0.5205985385847923,0.4760359578424044,0.0408472990931037,0.9948602430779508,-1.2068556687445182
0.5229656733931006,-0.4765400467108024,0.0408472990931037,0.99485286270315,-1.2085886392528702
0.5229656733931006,0.4765400467108024,0.0408472990931037,0.9948557168127422,-1.207918471695734
0.525338596156841,-0.4770395819697897,0.0408472990931037,0.9948500381965434,-1.2092518557942649
0.525338596156841,0.4770395819697897,0.0408472990931037,0.9948522049056028,-1.2087430953313665
0.5277173066638573,-0.4775345635747042,0.0408472990931037,0.99484491389547,-1.2104550823071898
0.5277173066638573,0.4775345635747042,0.0408472990931037,0.9948466058041766,-1.2100578087309548
0.5277173066638574,-0.4775345635747042,0.0408472990931037,0.9948446744380868,-1.2105113087990107
0.5277173066638574,0.4775345635747042,0.0408472990931037,0.994848451050742,-1.2096245302099078
0.5301021361171436,-0.4780250239571361,0.0408472990931037,0.994841559908302,-1.211242625081706
0.5301021361171436,0.4780250239571361,0.0408472990931037,0.9948444278224848,-1.2105692160972965
0.5324934354414701,-0.4785109909818638,0.0408472990931037,0.9948395464866066,-1.211715392456431
0.5324934354414701,0.4785109909818638,0.0408472990931037,0.994841447143546,-1.211269103140309
0.5348912044230381,-0.4789924646054386,0.0408472990931037,0.9948352492544674,-1.212724416627354
0.5348912044230381,0.4789924646054386,0.0408472990931037,0.9948360567783978,-1.2125348036071628
0.5372957806178537,-0.479469469063852,0.0408472990931037,0.9948324565028056,-1.2133801768560142
0.5372957806178537,0.479469469063852,0.0408472990931037,0.9948348712196382,-1.2128131822019803
0.5397074906753537,-0.479942016972791,0.0408472990931037,0.9948305458928268,-1.2138288032246327
0.5397074906753537,0.479942016972791,0.0408472990931037,0.994832224860872,-1.21343456821831
0.5421263343799145,-0.4804101082900068,0.0408472990931037,0.994827675159212,-1.2145028742340307
0.5421263343799145,-0.4804101082900067,0.0408472990931037,0.9948261608899174,-1.2148584366682218
0.5421263343799145,0.4804101082900067,0.0408472990931037,0.9948268421934308,-1.2146984612024816
0.5421263343799145,0.4804101082900068,0.0408472990931037,0.9948295424568386,-1.2140644179490387
0.5445526364906107,-0.48087375314015,0.0408472990931037,0.994824951624568,-1.2151423817582498
0.5445526364906107,0.48087375314015,0.0408472990931037,0.9948263406109435,-1.2148162367465811
0.5469867285977285,-0.4813329557604076,0.0408472990931037,0.9948231102564322,-1.2155747495932612
0.5469867285977285,0.4813329557604076,0.0408472990931037,0.9948240445379916,-1.2153553728769442
0.549428610483643,-0.4817877161097234,0.0408472990931037,0.994820887823614,-1.2160965944364617
0.549428610483643,0.4817877161097234,0.0408472990931037,0.9948216092340616,-1.2159272015446343
0.5518786066844762,-0.4822380347099892,0.0408472990931037,0.994818371407948,-1.2166874687827456
0.5518786066844762,0.4822380347099892,0.0408472990931037,0.9948189137073312,-1.2165601325887316
0.5543370210456479,-0.4826839005545763,0.0408472990931037,0.9948167810931288,-1.2170608873089477
0.5543370210456479,0.4826839005545763,0.0408472990931037,0.9948176370664232,-1.2168598979940073
0.5568038533473589,-0.483125313603621,0.0408472990931037,0.994812358156848,-1.2180994278087494
0.5568038533473589,-0.4831253136036209,0.0408472990931037,0.9948148696198889,-1.2175097163781223
0.5568038533473589,0.4831253136036209,0.0408472990931037,0.994814950806413,-1.2174906531386722
0.5568038533473589,0.483125313603621,0.0408472990931037,0.9948132412994825,-1.217892058917429
0.5592794071461116,-0.4835622601584381,0.0408472990931037,0.9948126485107284,-1.218031250416019
0.5592794071461116,0.4835622601584381,0.0408472990931037,0.99481324389521,-1.2178914494200563
0.5617639673956363,-0.483994716457475,0.0408472990931037,0.9948115185105058,-1.2182965834259052
0.5617639673956363,0.483994716457475,0.0408472990931037,0.994812919988137,-1.2179675053684056
0.5642575338737958,-0.4844226824620669,0.0408472990931037,0.9948097654450272,-1.2187082170969978
0.5642575338737958,-0.4844226824620667,0.0408472990931037,0.994807384246135,-1.2192673414729458
0.5642575338737958,0.4844226824620667,0.0408472990931037,0.9948094368976448,-1.218785362626821
0.5642575338737958,0.4844226824620669,0.0408472990931037,0.9948103773345196,-1.218564540593714
0.5667603811646862,-0.4848461304649475,0.0408472990931037,0.9948079707399836,-1.2191296280680646
0.5667603811646862,0.4848461304649475,0.0408472990931037,0.9948094181912857,-1.218789755028284
0.569272774733167,-0.4852650246668025,0.0408472990931037,0.9948074298310324,-1.2192566377777028
0.569272774733167,0.4852650246668025,0.0408472990931037,0.9948092797526582,-1.2188222615154023
0.5717947143546125,-0.4856793650301798,0.0408472990931037,0.9948054969834008,-1.2197104857234862
0.5717947143546125,-0.4856793650301797,0.0408472990931037,0.9948037701455176,-1.2201159609473151
0.5717947143546125,0.4856793650301797,0.0408472990931037,0.9948059711003931,-1.2195991592953064
0.5717947143546125,0.4856793650301798,0.0408472990931037,0.9948075759485924,-1.2192223282162855
0.5743264604796603,-0.4860891130413394,0.0408472990931037,0.9948046270114954,-1.219914762023243
0.5743264604796603,0.4860891130413394,0.0408472990931037,0.9948069411730938,-1.2193713785353242
0.5768682417927871,-0.4864942181961083,0.0408472990931037,0.9948048931988872,-1.2198522591135772
0.5768682417927871,0.4864942181961083,0.0408472990931037,0.9948069256008756,-1.21937503501557
0.5794200580667397,-0.4868946804582672,0.0408472990931037,0.9948021384759884,-1.220499089887168
0.5794200580667397,0.4868946804582672,0.0408472990931037,0.9948033988042344,-1.2202031548242942
0.5794200580667398,-0.4868946804582671,0.0408472990931037,0.9948035573052796,-1.2201659375224303
0.5794200580667398,0.4868946804582671,0.0408472990931037,0.9948058401751896,-1.2196299015709633
0.5819821107451245,-0.4872904435221907,0.0408472990931037,0.9948038652679746,-1.2200936254403596
0.5819821107451245,0.4872904435221907,0.0408472990931037,0.994805477724074,-1.21971500796609
0.5845545675712106,-0.4876814411211162,0.0408472990931037,0.9948050518697776,-1.2198150019306766
0.5845545675712106,0.4876814411211162,0.0408472990931037,0.9948062565067844,-1.2195321436122062
0.5871374283150025,-0.4880676732200857,0.0408472990931037,0.99480282394719,-1.220338135815254
0.5871374283150025,0.4880676732200857,0.0408472990931037,0.9948032471188342,-1.2202387717586722
0.5871374283150026,-0.4880676732200857,0.0408472990931037,0.9948049622741352,-1.2198360396977614
0.5871374283150026,0.4880676732200857,0.0408472990931037,0.994805121795335,-1.219798582855504
0.5897309594614061,-0.488449086302723,0.0408472990931037,0.9948056065555422,-1.2196847573161038
0.5897309594614061,0.488449086302723,0.0408472990931037,0.9948057175310476,-1.219658699387734
0.5923353065565914,-0.4888256038853351,0.0408472990931037,0.9948072582603334,-1.2192969239378584
0.5923353065565914,0.4888256038853351,0.0408472990931037,0.9948075564027778,-1.2192269177285038
0.5949504693677119,-0.4891972259342589,0.0408472990931037,0.9948050235025656,-1.2198216627769038
0.5949504693677119,-0.4891972259342588,0.0408472990931037,0.9948073132829338,-1.219284004195122
0.5949504693677119,0.4891972259342588,0.0408472990931037,0.9948066725562824,-1.2194344518919855
0.5949504693677119,0.4891972259342589,0.0408472990931037,0.9948056834866512,-1.2196666932818858
0.5975765354756074,-0.4895638663566209,0.0408472990931037,0.9948085714847276,-1.218988568440064
0.5975765354756074,0.4895638663566209,0.0408472990931037,0.99480825116824,-1.219063781290476
0.6002136770008563,-0.4899254472704692,0.0408472990931037,0.9948111243368056,-1.218389138535381
0.6002136770008563,0.4899254472704692,0.0408472990931037,0.9948108356687704,-1.2184569200783373
0.6028618937076794,-0.4902819686434759,0.0408472990931037,0.9948115717239971,-1.218284088476297
0.6028618937076794,0.4902819686434759,0.0408472990931037,0.9948108703730812,-1.21844877123104
0.6028618937076795,-0.4902819686434759,0.0408472990931037,0.9948094664031044,-1.2187784345110586
0.6028618937076795,0.4902819686434759,0.0408472990931037,0.9948093921038184,-1.2187958805723778
0.605521321341849,-0.4906333453162694,0.0408472990931037,0.9948135766798184,-1.2178133089559238
0.605521321341849,0.4906333453162694,0.0408472990931037,0.9948132968367288,-1.217879018331734
0.6081920584794506,-0.4909794848390579,0.0408472990931037,0.994816836899258,-1.2170477835873863
0.6081920584794506,0.4909794848390579,0.0408472990931037,0.9948164631583304,-1.21713554091986
0.6108741048817018,-0.4913203871808943,0.0408472990931037,0.9948156360324462,-1.2173297566342256
0.6108741048817018,0.4913203871808943,0.0408472990931037,0.994815358790402,-1.217394855263936
0.6108741048817019,-0.4913203871808944,0.0408472990931037,0.994817760044059,-1.2168310218702512
0.6108741048817019,0.4913203871808944,0.0408472990931037,0.9948168758251276,-1.2170386434846252
0.6135675415893195,-0.4916559556473651,0.0408472990931037,0.9948211388716212,-1.2160376463742937
0.6135675415893195,0.4916559556473651,0.0408472990931037,0.9948202521477412,-1.216245856170452
0.6162724326637053,-0.4919860888680228,0.0408472990931037,0.994825649761485,-1.2149784536759134
0.6162724326637053,0.4919860888680228,0.0408472990931037,0.9948244308634312,-1.2152646606013229
0.6189887778630236,-0.4923107868133514,0.0408472990931037,0.9948255734619936,-1.214996369401353
0.6189887778630236,-0.4923107868133513,0.0408472990931037,0.9948271435546886,-1.2146276991902418
0.6189887778630236,0.4923107868133513,0.0408472990931037,0.9948250500671167,-1.2151192666674049
0.6189887778630236,0.4923107868133514,0.0408472990931037,0.9948240798246548,-1.215347087288716
0.6217166395880779,-0.4926299473578587,0.0408472990931037,0.9948314610959194,-1.213613906283611
0.6217166395880779,0.4926299473578587,0.0408472990931037,0.9948292661563044,-1.2141292955047422
0.6244560489765393,-0.4929434620396735,0.0408472990931037,0.9948367940902588,-1.2123616769374674
0.6244560489765393,0.4929434620396735,0.0408472990931037,0.9948343576255408,-1.2129337781673868
0.6272070057834854,-0.4932513308307651,0.0408472990931037,0.9948394821067508,-1.2117305093568884
0.6272070057834854,0.4932513308307651,0.0408472990931037,0.9948364081071546,-1.2124523088300534
0.6272070057834855,-0.493251330830765,0.0408472990931037,0.9948373887175156,-1.2122220537438737
0.6272070057834855,0.493251330830765,0.0408472990931037,0.994834943695695,-1.2127961642493124
0.6299695442403066,-0.4935534450282666,0.0408472990931037,0.9948442487269982,-1.2106112691372757
0.6299695442403066,0.4935534450282666,0.0408472990931037,0.9948412924480604,-1.2113054268666266
0.6327437240645757,-0.4938496965926766,0.0408472990931037,0.9948497561919378,-1.2093180727111326
0.6327437240645757,0.4938496965926766,0.0408472990931037,0.9948470342554974,-1.2099572049644585
0.6355295450082618,-0.4941400854975082,0.0408472990931037,0.9948501415903558,-1.2092275781074984
0.6355295450082618,0.4941400854975082,0.0408472990931037,0.994850158788998,-1.2092235397300055
0.6383270536758401,-0.4944245007984397,0.0408472990931037,0.9948579913708178,-1.207384387428909
0.6383270536758401,0.4944245007984397,0.0408472990931037,0.9948554889985872,-1.2079719642652076
0.6411362563704304,-0.4947028264167176,0.0408472990931037,0.9948641418800706,-1.205940199100556
0.6411362563704304,0.4947028264167176,0.0408472990931037,0.9948616317711168,-1.2065295925808326
0.6439571528408703,-0.4949750623274576,0.0408472990931037,0.9948676188347992,-1.2051237825680643
0.6439571528408703,0.4949750623274576,0.0408472990931037,0.9948648853331548,-1.2057656304229458
0.6439571528408704,-0.4949750623274576,0.0408472990931037,0.9948653854821108,-1.205648191483358
0.6439571528408704,0.4949750623274576,0.0408472990931037,0.9948633452198316,-1.206127261239865
0.6467897436638861,-0.49524109127015,0.0408472990931037,0.994874475730514,-1.2035137290987767
0.6467897436638861,0.49524109127015,0.0408472990931037,0.9948711186652512,-1.2043019946343472
0.6496340145184862,-0.4955007922617731,0.0408472990931037,0.9948815636382058,-1.201849432186111
0.6496340145184862,0.4955007922617731,0.0408472990931037,0.9948783661630216,-1.202600224706086
0.6524899651503728,-0.4957541652791077,0.0408472990931037,0.9948835824678554,-1.2013753949808974
0.6524899651503728,0.4957541652791077,0.0408472990931037,0.9948816224989724,-1.2018356112115447
0.6553575868944974,-0.496001090436164,0.0408472990931037,0.994893083532182,-1.199144469760971
0.6553575868944974,0.496001090436164,0.0408472990931037,0.994888851255583,-1.2001382418561526
0.6582368848196443,-0.4962414471990454,0.0408472990931037,0.9949012512741672,-1.1972266191962373
0.6582368848196443,0.4962414471990454,0.0408472990931037,0.9948977566700006,-1.19804717995666
0.6611278586683842,-0.4964752355462623,0.0408472990931037,0.9949058311353624,-1.196151231482495
0.6611278586683842,0.4964752355462623,0.0408472990931037,0.9949022192279036,-1.1969993359858526
0.6640305162032719,-0.4967023347453893,0.0408472990931037,0.9949145215833772,-1.1941106453984147
0.6640305162032719,0.4967023347453893,0.0408472990931037,0.994910481233532,-1.195059351570425
0.6669448741549252,-0.4969226227741816,0.0408472990931037,0.9949238916349868,-1.1919104830029947
0.6669448741549252,0.4969226227741816,0.0408472990931037,0.9949205321336704,-1.1926993205432832
0.6698709322627805,-0.497136099612944,0.0408472990931037,0.9949276368341948,-1.1910310805403594
0.6698709322627805,0.497136099612944,0.0408472990931037,0.99492795372623,-1.190956671778436
0.6728087074828526,-0.4973426423350173,0.0408472990931037,0.994940381904458,-1.1880384370108967
0.6728087074828526,0.4973426423350173,0.0408472990931037,0.9949383262744892,-1.1885211152227613
0.6757582156586048,-0.4975421258220384,0.0408472990931037,0.9949506045931986,-1.1856380686581625
0.6757582156586048,0.4975421258220384,0.0408472990931037,0.9949489635266692,-1.1860234040882005
0.6787194565263308,-0.4977345500561724,0.0408472990931037,0.9949547237001314,-1.1846708696977124
0.6787194565263308,-0.4977345500561723,0.0408472990931037,0.9949567687445064,-1.18419067706717
0.6787194565263308,0.4977345500561723,0.0408472990931037,0.9949574445701196,-1.184031987855831
0.6787194565263308,0.4977345500561724,0.0408472990931037,0.9949535720067024,-1.1849412964444386
0.6816924438312252,-0.497919789894906,0.0408472990931037,0.994968085013618,-1.1815335273743783
0.6816924438312252,0.497919789894906,0.0408472990931037,0.9949689504616522,-1.1813303133154327
0.6846771896412066,-0.4980977167121973,0.0408472990931037,0.9949805313565612,-1.1786110273877215
0.6846771896412066,0.4980977167121973,0.0408472990931037,0.9949802477283964,-1.1786776255291802
0.6876736936894181,-0.4982683304921384,0.0408472990931037,0.9949863603602396,-1.1772423311168465
0.6876736936894181,0.4982683304921384,0.0408472990931037,0.9949851372014608,-1.177529538494208
0.6906819730533155,-0.4984315024604721,0.0408472990931037,0.9949985436803817,-1.174381590968899
0.6906819730533155,0.4984315024604721,0.0408472990931037,0.9949991313895882,-1.1742435921883685
0.6937020457671031,-0.4985871021807631,0.0408472990931037,0.995012087238193,-1.1712014562334436
0.6937020457671031,0.4985871021807631,0.0408472990931037,0.995012334477124,-1.1711434025725804
0.6967339115607656,-0.4987351296390998,0.0408472990931037,0.9950212218971112,-1.1690565659079353
0.6967339115607656,0.4987351296390998,0.0408472990931037,0.9950191875158836,-1.1695342547469745
0.6997775853081462,-0.4988754528708993,0.0408472990931037,0.9950345679506232,-1.165922806747661
0.6997775853081462,0.4988754528708993,0.0408472990931037,0.9950331712984156,-1.1662507517573657
0.7028331202799608,-0.4990079388934137,0.0408472990931037,0.995047923567736,-1.162786801978029
0.7028331202799608,0.4990079388934137,0.0408472990931037,0.9950477117062289,-1.1628365487393764
0.7059005162030234,-0.499132587694798,0.0426614370491379,0.995064052244237,-1.1589996608817046
0.7059005162030234,0.499132587694798,0.0426614370491379,0.9950638473082614,-1.1590477814733346
0.7059005162030236,-0.499132587694798,0.0408472990931037,0.9950546064845512,-1.1612176001335752
0.7059005162030236,0.499132587694798,0.0408472990931037,0.995057452219826,-1.1605493989325892
0.708979839078035,-0.4992492654445473,0.0426614370491379,0.995077011426607,-1.1559567421322947
0.708979839078035,0.4992492654445473,0.0426614370491379,0.9950771775447452,-1.155917736276571
0.7089798390780352,-0.4992492654445473,0.0408472990931037,0.9950736715952456,-1.1567409610111974
0.7089798390780352,0.4992492654445473,0.0408472990931037,0.9950726347589378,-1.1569844183953666
0.7120711665689358,-0.4993578348188299,0.0426614370491379,0.9950899640194116,-1.1529153706650883
0.7120711665689358,0.4993578348188299,0.0426614370491379,0.9950932578532125,-1.152141952378028
0.712071166568936,-0.4993578348188299,0.0408472990931037,0.9950886884003848,-1.1532148961245468
0.712071166568936,0.4993578348188299,0.0408472990931037,0.9950887385256582,-1.1532031263130091
0.7151744983993396,-0.4994582958079389,0.0426614370491379,0.995096029852257,-1.1514910650284165
0.7151744983993396,0.4994582958079389,0.0426614370491379,0.9951048113693955,-1.149429095192179
0.7151744983993397,-0.499458295807939,0.0408472990931037,0.9951000058920092,-1.1505574593760426
0.7151744983993397,0.499458295807939,0.0408472990931037,0.9951007146553228,-1.150391036131614
0.7151744983993398,-0.4994582958079389,0.0408472990931037,0.9950968415703272,-1.1513004671909497
0.7151744983993398,0.4994582958079389,0.0408472990931037,0.9950979618935236,-1.1510374064235211
0.718289914996597,-0.4995505101079084,0.0408472990931037,0.995116196042668,-1.1467558836601626
0.718289914996597,0.4995505101079084,0.0408472990931037,0.9951186431694352,-1.1461812788966137
0.7214175374081536,-0.4996343354666698,0.0408472990931037,0.995133884972338,-1.1426023827514764
0.7214175374081536,0.4996343354666698,0.0408472990931037,0.9951373638573596,-1.1417855129708518
0.7245573653543781,-0.4997097718767285,0.0408472990931037,0.995145228630166,-1.1399388019709853
0.7245573653543781,0.4997097718767285,0.0408472990931037,0.9951488530008056,-1.1390877710139995
0.7245573653543782,-0.4997097718767285,0.0408472990931037,0.9951467144848142,-1.1395899115210442
0.7245573653543782,0.4997097718767285,0.0408472990931037,0.9951509737468625,-1.1385898030284718
0.7277095402157568,-0.4997766754384816,0.0408472990931037,0.9951660357709704,-1.135053120369467
0.7277095402157568,0.4997766754384816,0.0408472990931037,0.9951720201199722,-1.1336479477852472
0.7308742066423327,-0.4998348963306956,0.0408472990931037,0.995186600698956,-1.1302243122579303
0.7308742066423327,0.4998348963306956,0.0408472990931037,0.9951931584277532,-1.1286845055524457
0.7340513643511625,-0.4998844345481651,0.0445411355740982,0.995207956119604,-1.1252098902028485
0.7340513643511625,0.4998844345481651,0.0445411355740982,0.9952127814406272,-1.1240768665757508
0.7340513643511626,-0.4998844345481651,0.0408472990931037,0.995200698215369,-1.1269141036514865
0.7340513643511626,0.4998844345481651,0.0408472990931037,0.9952069450193384,-1.1254473045603255
0.7340513643511628,-0.4998844345481651,0.0485058373380791,0.9952074815781068,-1.1253213163081384
0.7340513643511628,0.4998844345481651,0.0485058373380791,0.9952147297040392,-1.1236193988825196
0.7372411548337889,-0.4999251379425998,0.0445411355740982,0.9952292138535388,-1.1202184057624691
0.7372411548337889,0.4999251379425998,0.0445411355740982,0.9952378031701554,-1.1182015661323796
0.737241154833789,-0.4999251379425998,0.0426614370491379,0.9952258172801066,-1.121015948129375
0.737241154833789,0.4999251379425998,0.0426614370491379,0.9952340058413784,-1.1190932090311043
0.7372411548337893,-0.4999251379425998,0.0408472990931037,0.9952248941510112,-1.121232706158749
0.7372411548337893,0.4999251379425998,0.0408472990931037,0.9952347827387352,-1.1189107873731772
0.7404437193787663,-0.499956848187197,0.0445411355740982,0.9952520822575288,-1.1148487232251043
0.7404437193787663,0.499956848187197,0.0445411355740982,0.9952632510534546,-1.1122262014054218
0.7404437193787664,-0.499956848187197,0.0426614370491379,0.9952500158836072,-1.1153339242023164
0.7404437193787664,0.499956848187197,0.0426614370491379,0.9952566285309016,-1.113781222198345
0.7404437193787666,-0.499956848187197,0.0408472990931037,0.9952495110841798,-1.1154524551094662
0.7404437193787666,0.499956848187197,0.0408472990931037,0.9952594614603192,-1.113116027914184
0.7436590576997627,-0.4999795652791213,0.0445411355740982,0.9952689431747428,-1.110889646204848
0.7436590576997627,0.4999795652791213,0.0445411355740982,0.9952823336272156,-1.1077454618165867
0.7436590576997628,-0.4999795652791214,0.0426614370491379,0.9952705513866078,-1.110512025310462
0.7436590576997628,-0.4999795652791213,0.0426614370491379,0.995269759168994,-1.110698044286167
0.7436590576997628,0.4999795652791213,0.0426614370491379,0.9952734140307496,-1.109839853773446
0.7436590576997628,0.4999795652791214,0.0426614370491379,0.9952800192384008,-1.1082888986567072
0.743659057699763,-0.4999795652791214,0.0408472990931037,0.9952687921596486,-1.110925105746082
0.743659057699763,-0.4999795652791213,0.0408472990931037,0.9952669255152404,-1.111363408650197
0.743659057699763,0.4999795652791213,0.0408472990931037,0.995276138992878,-1.1092000110646372
0.743659057699763,0.4999795652791214,0.0408472990931037,0.9952778898180804,-1.108788903428126
0.7468873726363536,-0.4999925494374021,0.0426614370491379,0.9952956285215931,-1.1046237152265554
0.7468873726363536,0.4999925494374021,0.0426614370491379,0.995308920548006,-1.1015026420573837
0.7468873726363537,-0.4999925494374021,0.0408472990931037,0.9952979256826292,-1.104084323605428
0.7468873726363537,0.4999925494374021,0.0408472990931037,0.9953067998539132,-1.1020005978413288
0.7501287473184602,-0.4999989241773959,0.0408472990931037,0.9953275993058508,-1.0971167216467297
0.7501287473184602,0.4999989241773959,0.0408472990931037,0.9953373263726772,-1.0948327292483484
0.7501287473184604,-0.4999989241773959,0.0426614370491379,0.9953215819214732,-1.0985296511991334
0.7501287473184604,0.4999989241773959,0.0426614370491379,0.9953388858927484,-1.0944665415730843
0.7533831814562812,-0.4999986894985328,0.0408472990931037,0.995348972410954,-1.0920981471414242
0.7533831814562812,-0.4999986894985327,0.0408472990931037,0.99535059632191,-1.0917168399760424
0.7533831814562812,0.4999986894985327,0.0408472990931037,0.9953590581984084,-1.0897299242959733
0.7533831814562812,0.4999986894985328,0.0408472990931037,0.9953601962314104,-1.089462705125745
0.7566505321380015,-0.4999962152115302,0.0408472990931037,0.9953832110605876,-1.0840586407937494
0.7566505321380015,0.4999962152115302,0.0408472990931037,0.9953931355610496,-1.081728289412583
0.7599305287882336,-0.4999921089455272,0.0408472990931037,0.9954136528118984,-1.076910676270682
0.7599305287882336,0.4999921089455272,0.0408472990931037,0.995424576417375,-1.0743457271120904
0.763223171113723,-0.4999863707008908,0.0408472990931037,0.9954352879143494,-1.0718305827112258
0.763223171113723,0.4999863707008908,0.0408472990931037,0.995447041326079,-1.0690707884664754
0.7632231711137232,-0.4999863707008908,0.0408472990931037,0.9954354355755004,-1.0717959107024242
0.7632231711137232,0.4999863707008908,0.0408472990931037,0.995447380787527,-1.0689910802275204
0.7665282676841565,-0.4999789796094714,0.0408472990931037,0.9954685642841924,-1.0640170272864675
0.7665282676841565,0.4999789796094714,0.0408472990931037,0.99547974198162,-1.0613924153235568
0.7698456293625859,-0.4999699156317569,0.0408472990931037,0.9954969431252092,-1.0573534504533932
0.7698456293625859,0.4999699156317569,0.0408472990931037,0.9955075908677544,-1.0548532760978888
0.7731752558524161,-0.4999591787685578,0.0485058373380791,0.9955131441383378,-1.053549324143467
0.7731752558524161,0.4999591787685578,0.0485058373380791,0.9955276081703828,-1.05015305476128
0.7731752558524162,-0.4999591787685578,0.0505937571255093,0.995510871018006,-1.0540830708166735
0.7731752558524162,0.4999591787685578,0.0505937571255093,0.9955317567901226,-1.0491789259597484
0.7731752558524163,-0.4999591787685578,0.0408472990931037,0.9955160162953064,-1.0528749189193474
0.7731752558524163,-0.4999591787685576,0.0408472990931037,0.9955153116905768,-1.0530403656952796
0.7731752558524163,0.4999591787685576,0.0408472990931037,0.9955258820381248,-1.0505583642986605
0.7731752558524163,0.4999591787685578,0.0408472990931037,0.9955279475955408,-1.0500733550434975
0.7731752558524164,-0.4999591787685578,0.0426614370491379,0.9955183282978406,-1.05233204239678
0.7731752558524164,0.4999591787685578,0.0426614370491379,0.9955317108834834,-1.0491897052025556
0.7765169595836139,-0.4999467493163728,0.0408472990931037,0.9955468046542064,-1.045645568186741
0.7765169595836139,0.4999467493163728,0.0408472990931037,0.9955580248588992,-1.0430109751809602
0.776516959583614,-0.4999467493163728,0.0505937571255093,0.9955425565545896,-1.046643055651903
0.776516959583614,0.4999467493163728,0.0505937571255093,0.9955627973609724,-1.0418903538620226
0.7765169595836141,-0.4999467493163728,0.0426614370491379,0.9955475963147532,-1.045459680014745
0.7765169595836141,0.4999467493163728,0.0426614370491379,0.9955555354193012,-1.0435955153326768
0.7765169595836142,-0.4999467493163728,0.0445411355740982,0.9955475403475792,-1.0454728215508342
0.7765169595836142,0.4999467493163728,0.0445411355740982,0.995561132844363,-1.0422811955567337
0.7798705737421172,-0.4999326083367464,0.0408472990931037,0.9955737258318998,-1.0393242622570096
0.7798705737421172,0.4999326083367464,0.0408472990931037,0.9955859238611728,-1.0364600682885228
0.7798705737421173,-0.4999326083367464,0.0505937571255093,0.9955696971734678,-1.0402702231925025
0.7798705737421173,0.4999326083367464,0.0505937571255093,0.9955917207504356,-1.0350989127370245
0.7798705737421174,-0.4999326083367464,0.0426614370491379,0.9955747944828388,-1.0390733345452217
0.7798705737421174,0.4999326083367464,0.0426614370491379,0.9955771347127568,-1.0385238300092108
0.7798705737421175,-0.4999326083367464,0.0445411355740982,0.995574690897499,-1.039097657204154
0.7798705737421175,0.4999326083367464,0.0445411355740982,0.9955902311282064,-1.03544868784483
0.7832360980280895,-0.4999167558309429,0.0485058373380791,0.9955868289277124,-1.036247551490457
0.7832360980280895,0.4999167558309429,0.0485058373380791,0.9955934503638746,-1.034692785790695
0.7832360980280896,-0.4999167558309429,0.0505937571255093,0.9955903803301503,-1.0354136540456589
0.7832360980280896,0.4999167558309429,0.0505937571255093,0.9956137435724222,-1.0299277795571145
0.7832360980280897,-0.4999167558309429,0.0426614370491379,0.995594095318744,-1.034541345274728
0.7832360980280897,0.4999167558309429,0.0426614370491379,0.995606325404536,-1.0316696241814916
0.7832360980280898,-0.4999167558309429,0.0426614370491379,0.9955940597416318,-1.0345496990626837
0.7832360980280898,0.4999167558309429,0.0426614370491379,0.9955872718050586,-1.0361435603788458
0.7832360980280899,-0.4999167558309429,0.0408472990931037,0.9955880635056022,-1.0359576628152884
0.7832360980280899,0.4999167558309429,0.0408472990931037,0.9956045285275148,-1.0320915451500896
0.78323609802809,-0.4999167558309429,0.0445411355740982,0.995592792574396,-1.0348472399746589
0.78323609802809,0.4999167558309429,0.0445411355740982,0.9956083190313766,-1.0312015047955791
0.7866133648715773,-0.4998991731692254,0.0408472990931037,0.9956221067724444,-1.0279640338958278
0.7866133648715773,0.4998991731692254,0.0408472990931037,0.9956358778096904,-1.0247304851858412
0.7866133648715774,-0.4998991731692254,0.0445411355740982,0.995623915810526,-1.027539257413798
0.7866133648715774,0.4998991731692254,0.0445411355740982,0.9956366644615798,-1.0245457730863543
0.7900022169697415,-0.4998798423547885,0.0408472990931037,0.9956506503059211,-1.0212617859675828
0.7900022169697415,0.4998798423547885,0.0408472990931037,0.995664733587778,-1.0179549197478517
0.7900022169697416,-0.4998798423547885,0.0445411355740982,0.9956508947057402,-1.0212043989527104
0.7900022169697416,0.4998798423547885,0.0445411355740982,0.9956650361924686,-1.017883865767681
0.7934026540195953,-0.4998587633893604,0.0485058373380791,0.9956619642731644,-1.018605176771756
0.7934026540195953,0.4998587633893604,0.0485058373380791,0.9956812695733456,-1.0140721392538543
0.7934026540195954,-0.4998587633893604,0.0408472990931037,0.9956660299165984,-1.0176505314646211
0.7934026540195954,0.4998587633893604,0.0408472990931037,0.9956820760828854,-1.0138827644206367
0.7934026540195955,-0.4998587633893604,0.0408472990931037,0.9956698551631662,-1.0167523332473478
0.7934026540195955,0.4998587633893604,0.0408472990931037,0.9956836166040046,-1.0135210378499535
0.7934026540195956,-0.4998587633893604,0.0445411355740982,0.9956672159088226,-1.017372051088906
0.7934026540195956,0.4998587633893604,0.0445411355740982,0.9956817228523496,-1.013965705750547
0.7934026540195958,-0.4998587633893604,0.0426614370491379,0.9956650581864094,-1.0178787014160375
0.7934026540195958,0.4998587633893604,0.0426614370491379,0.995680896101223,-1.0141598334688149
0.7968145311201482,-0.4998359185202022,0.0408472990931037,0.9957002019514456,-1.0096266667968712
0.7968145311201482,0.4998359185202022,0.0408472990931037,0.9957143287634908,-1.00630957934377
0.7968145311201483,-0.4998359185202022,0.0445411355740982,0.9956985183995456,-1.0100219781286497
0.7968145311201483,0.4998359185202022,0.0445411355740982,0.9957115447267012,-1.0069632932513377
0.7968145311201484,-0.4998359185202022,0.0426614370491379,0.995697596030005,-1.0102385578085469
0.7968145311201484,0.4998359185202022,0.0426614370491379,0.995711436295316,-1.0069887538001316
0.8002377482442442,-0.4998112903523911,0.0408472990931037,0.9957271592117096,-1.003296888393559
0.8002377482442442,0.4998112903523911,0.0408472990931037,0.9957412468698424,-0.9999889945894512
0.8002377482442443,-0.4998112903523911,0.0445411355740982,0.99572390710371,-1.0040605091316663
0.8002377482442443,0.4998112903523911,0.0445411355740982,0.9957375350220916,-1.0008605658655667
0.8002377482442444,-0.4998112903523911,0.0426614370491379,0.995726653225736,-1.003415697911135
0.8002377482442444,0.4998112903523911,0.0426614370491379,0.9957420539561764,-0.9997994843203644
0.803672305085824,-0.499784878888129,0.0408472990931037,0.9957443849223916,-0.9992521549752066
0.803672305085824,0.499784878888129,0.0408472990931037,0.9957593262633972,-0.9957438096653404
0.8036723050858241,-0.499784878888129,0.0426614370491379,0.995740388311756,-1.000190590834054
0.8036723050858241,0.499784878888129,0.0426614370491379,0.9957596880283544,-0.995658864385634
0.8036723050858242,-0.499784878888129,0.0445411355740982,0.995742183185908,-0.999769140154996
0.8036723050858242,0.499784878888129,0.0445411355740982,0.9957563252913334,-0.9964484616949846
0.8036723050858243,-0.499784878888129,0.0426614370491379,0.995751035709292,-0.9976904974894028
0.8036723050858243,0.499784878888129,0.0426614370491379,0.9957693999407076,-0.9933784303776728
0.8071181065629988,-0.4997566667688536,0.0408472990931037,0.9957768375435492,-0.9916320222717254
0.8071181065629988,0.4997566667688536,0.0408472990931037,0.9957911139586022,-0.988279806846482
0.8071181065629989,-0.4997566667688536,0.0426614370491379,0.9957738040969616,-0.9923442995769464
0.8071181065629989,0.4997566667688536,0.0426614370491379,0.9957920655056798,-0.9880563760496432
0.8105750376147193,-0.4997266374038962,0.0408472990931037,0.9958031763253944,-0.9854474675039262
0.8105750376147193,0.4997266374038962,0.0408472990931037,0.9958178610045278,-0.9819993884362148
0.8105750376147194,-0.4997266374038962,0.0426614370491379,0.9958024013747356,-0.9856294320616992
0.8105750376147194,0.4997266374038962,0.0426614370491379,0.9958191149862244,-0.9817049435934232
0.814043097931912,-0.4996947907959415,0.0408472990931037,0.99581725327701,-0.9821420876749356
0.814043097931912,0.4996947907959415,0.0408472990931037,0.9958339411240492,-0.9782236489036572
0.8140430979319121,-0.4996947907959414,0.0408472990931037,0.995821231398154,-0.9812079932952852
0.8140430979319121,0.4996947907959414,0.0408472990931037,0.9958365564231678,-0.9776095559388048
0.8140430979319122,-0.4996947907959414,0.0426614370491379,0.9958233425967408,-0.980712267131432
0.8140430979319122,0.4996947907959414,0.0426614370491379,0.9958365271610836,-0.977616426908139
0.8175221666749914,-0.4996611105785791,0.0408472990931037,0.9958510989367648,-0.9741948584660676
0.8175221666749914,0.4996611105785791,0.0408472990931037,0.9958677696258847,-0.9702804485101773
0.8210121631390168,-0.4996255805521042,0.0408472990931037,0.9958776599613056,-0.9679581193515764
0.8210121631390168,0.4996255805521042,0.0408472990931037,0.9958955098722516,-0.963766818763148
0.8245130870119582,-0.4995882007196937,0.0408472990931037,0.9958930253409431,-0.9643502064094908
0.8245130870119582,0.4995882007196937,0.0408472990931037,0.9959120176321398,-0.9598906658824627
0.8245130870119584,-0.4995882007196937,0.0408472990931037,0.9958970902533136,-0.9633957327619233
0.8245130870119584,0.4995882007196937,0.0408472990931037,0.9959159152039312,-0.9589754851293344
0.8280248745780469,-0.4995489547901529,0.0408472990931037,0.995927337072222,-0.9562935399122008
0.8280248745780469,0.4995489547901529,0.0408472990931037,0.9959457615189714,-0.9519673337627016
0.828024874578047,-0.4995489547901529,0.0426614370491379,0.9959281555967257,-0.9561013438701864
0.828024874578047,0.4995489547901529,0.0426614370491379,0.9959429382678564,-0.9526302555047684
0.8280248745780471,-0.4995489547901529,0.0426614370491379,0.9959236079154976,-0.9571691754724988
0.8280248745780471,0.4995489547901529,0.0426614370491379,0.9959395530602644,-0.9534251290823068
0.8315474617142528,-0.4995078268832454,0.0408472990931037,0.995952621605056,-0.9503565311693594
0.8315474617142528,0.4995078268832454,0.0408472990931037,0.9959723658690094,-0.9457204214780242
0.8315474617142529,-0.4995078268832454,0.0426614370491379,0.9959514135625968,-0.9506401891150664
0.8315474617142529,0.4995078268832454,0.0426614370491379,0.9959669326859438,-0.9469961759312884
0.8315474617142531,-0.4995078268832454,0.048505837338079,0.9959351360867004,-0.9544622694889716
0.8315474617142531,0.4995078268832454,0.048505837338079,0.9959538024480272,-0.950079259879047
0.8315474617142532,-0.4995078268832454,0.0426614370491379,0.9959466097149176,-0.9517681706307992
0.8315474617142532,0.4995078268832454,0.0426614370491379,0.9959668009868564,-0.9470270999210332
0.8350808481056323,-0.4994648170026483,0.0408472990931037,0.9959699763797292,-0.9462814925027512
0.8350808481056323,-0.4994648170026482,0.0485058373380791,0.9959537828823044,-0.9500838540658648
0.8350808481056323,0.4994648170026482,0.0485058373380791,0.9959756079288584,-0.944959160125315
0.8350808481056323,0.4994648170026483,0.0408472990931037,0.9959918831301152,-0.9411376138547904
0.8350808481056324,-0.4994648170026483,0.0485058373380791,0.99595702654865,-0.9493222154949402
0.8350808481056324,-0.4994648170026482,0.042661437049138,0.9959685330260672,-0.9466204033842284
0.8350808481056324,0.4994648170026482,0.042661437049138,0.9959846366508972,-0.9428391446188588
0.8350808481056324,0.4994648170026483,0.0485058373380791,0.9959754257354604,-0.9450019405794156
0.8350808481056325,-0.4994648170026483,0.0426614370491379,0.9959646202577394,-0.9475391524045852
0.8350808481056325,-0.4994648170026482,0.0408472990931037,0.9959672866491144,-0.946913062572962
0.8350808481056325,0.4994648170026482,0.0408472990931037,0.9959893917308036,-0.941722614162772
0.8350808481056325,0.4994648170026483,0.0426614370491379,0.9959823103784142,-0.9433853718384928
0.8350808481056327,-0.4994648170026483,0.0426614370491379,0.9959622480009296,-0.9480961771086988
0.8350808481056327,0.4994648170026483,0.0426614370491379,0.9959897403778432,-0.9416407490740892
0.8350808481056328,-0.4994648170026482,0.0426614370491379,0.9959665535260984,-0.9470852056686084
0.8350808481056328,0.4994648170026482,0.0426614370491379,0.9959823453401376,-0.9433771625487178
0.8386249656635445,-0.499419909477216,0.042661437049138,0.9959967250069752,-0.9400007027859693
0.8386249656635445,0.499419909477216,0.042661437049138,0.9960162363633328,-0.9354192816444052
0.8386249656635446,-0.499419909477216,0.0408472990931037,0.99599969645817,-0.9393029824903748
0.8386249656635446,0.499419909477216,0.0408472990931037,0.9960224105015264,-0.9339695450534682
0.8386249656635447,-0.499419909477216,0.0426614370491379,0.995999348762965,-0.9393846240807197
0.8386249656635447,0.499419909477216,0.0426614370491379,0.9960178890453162,-0.9350312188137068
0.8421797710468375,-0.499373088521938,0.042661437049138,0.9960173844314756,-0.9351497061436386
0.8421797710468375,0.499373088521938,0.042661437049138,0.9960400782125868,-0.9298210264424512
0.8421797710468376,-0.499373088521938,0.0408472990931037,0.9960238216967736,-0.9336381852227144
0.8421797710468376,0.499373088521938,0.0408472990931037,0.9960472033852152,-0.9281479794272468
0.8421797710468377,-0.499373088521938,0.0426614370491379,0.9960225807744316,-0.9339295636255236
0.8421797710468377,0.499373088521938,0.0426614370491379,0.996043513407125,-0.9290144155337072
0.8457452639376868,-0.4993243541410005,0.0426614370491379,0.9960311040098542,-0.9319282403836354
0.8457452639376868,0.4993243541410005,0.0426614370491379,0.9960563259059464,-0.9260059392443216
0.8457452639376869,-0.4993243541410005,0.0408472990931037,0.9960406081845968,-0.9296965848133932
0.8457452639376869,0.4993243541410005,0.0408472990931037,0.9960648066488396,-0.92401459358515
0.845745263937687,-0.4993243541410005,0.0408472990931037,0.9960387255437304,-0.9301386438127154
0.845745263937687,0.4993243541410005,0.0408472990931037,0.9960611099923092,-0.9248825978423209
0.8493214059411205,-0.4992736906715014,0.0408472990931037,0.996071990431062,-0.9223277845726798
0.8493214059411205,0.4992736906715014,0.0408472990931037,0.996091899162222,-0.917653056677477
0.8529081428550469,-0.499221082930732,0.0408472990931037,0.9960962351783688,-0.916634925714081
0.8529081428550469,0.499221082930732,0.0408472990931037,0.9961159786289652,-0.9119990070054804
0.8565054743587868,-0.4991665309233956,0.0408472990931037,0.9961101936928471,-0.9133573558638242
0.8565054743587868,0.4991665309233956,0.0408472990931037,0.9961310150457464,-0.90846833714983
0.8565054743587869,-0.4991665309233956,0.0573069727662266,0.9960842363570734,-0.9194523440702924
0.8565054743587869,0.4991665309233956,0.0573069727662266,0.9961063157027596,-0.9142679386776444
0.856505474358787,-0.4991665309233956,0.0408472990931037,0.9961142217358684,-0.9124115394316736
0.856505474358787,0.4991665309233956,0.0408472990931037,0.9961343988914984,-0.9076737833430866
0.860113351352076,-0.499110019536534,0.0408472990931037,0.9961428768786034,-0.905683084764871
0.860113351352076,0.499110019536534,0.0408472990931037,0.9961629664401406,-0.900965896463658
0.8601133513520762,-0.499110019536534,0.0426614370491379,0.9961368721292836,-0.9070930475054968
0.8601133513520762,0.499110019536534,0.0426614370491379,0.9961569964524136,-0.9023676969067288
0.8637317664060888,-0.4990515331021539,0.0408472990931037,0.9961675380169638,-0.8998924539861504
0.8637317664060888,0.4990515331021539,0.0408472990931037,0.9961876379511292,-0.8951728301096367
0.8637317664060891,-0.4990515331021539,0.0426614370491379,0.9961584880461714,-0.9020174588683776
0.8637317664060891,0.4990515331021539,0.0426614370491379,0.9961800580445952,-0.896952652250588
0.8673607191973138,-0.4989910716254843,0.0408472990931037,0.9961859670719844,-0.8955651657780669
0.8673607191973138,0.4989910716254843,0.0408472990931037,0.9962064247414378,-0.890761542820082
0.867360719197314,-0.4989910716254843,0.0573069727662266,0.9961609725320796,-0.9014340818822928
0.867360719197314,0.4989910716254843,0.0573069727662266,0.9961787863325672,-0.8972512603157486
0.8673607191973141,-0.4989910716254844,0.0408472990931037,0.9961812148430972,-0.8966810267922716
0.8673607191973141,-0.4989910716254843,0.0426614370491379,0.9961732017801664,-0.8985625574888608
0.8673607191973141,0.4989910716254843,0.0426614370491379,0.9962002135908724,-0.892219970209379
0.8673607191973141,0.4989910716254844,0.0408472990931037,0.9962025765360604,-0.8916651319478799
0.871000202561233,-0.4989286195677514,0.0408472990931037,0.9962133746230464,-0.8891296555258551
0.871000202561233,0.4989286195677514,0.0408472990931037,0.9962334001203278,-0.8844275100197722
0.8746501912640131,-0.4988641618648915,0.0408472990931037,0.9962389672978512,-0.8831202926056382
0.8746501912640131,0.4988641618648915,0.0408472990931037,0.9962568647743024,-0.8789178232595312
0.8783106849793194,-0.4987976985226675,0.0408472990931037,0.9962554062588524,-0.8792602942490048
0.8783106849793194,0.4987976985226675,0.0408472990931037,0.9962701921288576,-0.8757884547624706
0.8783106849793195,-0.4987976985226675,0.0505937571255093,0.9962406169044472,-0.8827329519002519
0.8783106849793195,0.4987976985226675,0.0505937571255093,0.9962544397889038,-0.8794872290542353
0.8783106849793196,-0.4987976985226676,0.0408472990931037,0.9962590839332548,-0.8783967471459835
0.8783106849793196,-0.4987976985226675,0.0549927819774515,0.9962439877811532,-0.8819414433283825
0.8783106849793196,0.4987976985226675,0.0549927819774515,0.996246024734668,-0.8814631504959011
0.8783106849793196,0.4987976985226676,0.0408472990931037,0.9962742827376018,-0.874827947402609
0.8819816612844117,-0.4987292143493375,0.0408472990931037,0.9962864036814176,-0.8719818537105474
0.8819816612844117,0.4987292143493375,0.0408472990931037,0.9962986433543188,-0.8691078814880163
0.8856631051657516,-0.4986586943544662,0.0408472990931037,0.9963110775967068,-0.866188222807675
0.8856631051657516,0.4986586943544662,0.0408472990931037,0.9963204541822724,-0.8639865261875809
0.8893550162941923,-0.4985861385443585,0.0408472990931037,0.9963282304391032,-0.8621605994403975
0.8893550162941923,0.4985861385443585,0.0408472990931037,0.9963367265022156,-0.8601656564723638
0.8893550162941924,-0.4985861385443586,0.0408472990931037,0.9963268241286752,-0.8624908122769029
0.8893550162941924,-0.4985861385443585,0.0505937571255093,0.9963142886109326,-0.8654342512133394
0.8893550162941924,0.4985861385443585,0.0505937571255093,0.9963243584327468,-0.8630697772267035
0.8893550162941924,0.4985861385443586,0.0408472990931037,0.9963351049525376,-0.8605464091909124
0.8893550162941926,-0.4985861385443585,0.0549927819774515,0.9963075926958824,-0.8670065051463939
0.8893550162941926,0.4985861385443585,0.0549927819774515,0.996322767677776,-0.863443299103986
0.8930573864974227,-0.4985115317734135,0.0408472990931037,0.9963556271269854,-0.8557276399489425
0.8930573864974227,0.4985115317734135,0.0408472990931037,0.996360810709712,-0.8545104936338751
0.8967702352203002,-0.4984348584128585,0.0408472990931037,0.9963790197572708,-0.850234864921874
0.8967702352203002,0.4984348584128585,0.0408472990931037,0.9963815676427372,-0.8496366012169316
0.9004935621308702,-0.4983561184695486,0.0408472990931037,0.996396494039362,-0.8461317649661534
0.9004935621308702,0.4983561184695486,0.0408472990931037,0.9963950068037432,-0.8464809796789551
0.904227378654948,-0.4982752964251553,0.0408472990931037,0.9964212284425366,-0.8403239310283284
0.904227378654948,0.4982752964251553,0.0408472990931037,0.9964216666852768,-0.8402210281589265
0.9079717042630694,-0.4981923766873286,0.0408472990931037,0.9964425869768276,-0.8353087778652114
0.9079717042630694,0.4981923766873286,0.0408472990931037,0.9964441995878176,-0.8349301240213878
0.911726538620465,-0.4981073592634822,0.0408472990931037,0.9964544300837588,-0.8325279224760752
0.911726538620465,0.4981073592634822,0.0408472990931037,0.9964587965935732,-0.8315026313578542
0.9154919170642228,-0.4980202281712739,0.0408472990931037,0.9964809740279812,-0.8262951939557901
0.9154919170642228,0.4980202281712739,0.0408472990931037,0.9964866941994048,-0.8249520523610592
0.9192678771632008,-0.497930967276292,0.0408472990931037,0.9965024052253426,-0.8212629789277229
0.9192678771632008,0.497930967276292,0.0408472990931037,0.996508988482234,-0.8197171780233573
0.9230544185798016,-0.497839576586517,0.0408472990931037,0.9965198391447376,-0.8171693564530785
0.9230544185798016,0.497839576586517,0.0408472990931037,0.996523096855894,-0.8164044200493051
0.9268515753048706,-0.4977460400617066,0.0408472990931037,0.99654221399069,-0.8119155652555007
0.9268515753048706,0.4977460400617066,0.0408472990931037,0.996548390645006,-0.8104652378590476
0.9306593655349656,-0.497650341933645,0.0408472990931037,0.9965622453440002,-0.8072120447073883
0.9306593655349656,0.497650341933645,0.0408472990931037,0.9965674676938704,-0.8059857955597165
0.9344777889296436,-0.4975524822108885,0.0408472990931037,0.9965765958964112,-0.8038424212427837
0.9344777889296436,-0.4975524822108884,0.0408472990931037,0.9965758059567044,-0.8040279053478738
0.9344777889296436,0.4975524822108884,0.0408472990931037,0.9965816606989552,-0.80265316545617
0.9344777889296436,0.4975524822108885,0.0408472990931037,0.9965811718666148,-0.8027679471647748
0.9383068699848496,-0.4974524450215797,0.0408472990931037,0.9965988418821592,-0.7986188874426356
0.9383068699848496,0.4974524450215797,0.0408472990931037,0.996604139235584,-0.7973750268657845
0.9421466934458224,-0.4973502128664381,0.0408472990931037,0.9966163131870536,-0.7945164865564338
0.9421466934458224,0.4973502128664381,0.0408472990931037,0.9966205176241688,-0.7935292513927161
0.9459972589692552,-0.4972457857546039,0.0408472990931037,0.996625457304814,-0.7923693752198063
0.9459972589692552,0.4972457857546039,0.0408472990931037,0.996631604182825,-0.790926039535776
0.9498586588610396,-0.4971391457526435,0.0408472990931037,0.9966481090813114,-0.7870505585349379
0.9498586588610396,0.4971391457526435,0.0408472990931037,0.9966539314451632,-0.7856834213480037
0.9537309618990858,-0.4970302753075861,0.0408472990931037,0.9966658480794937,-0.7828853011426564
0.9537309618990858,0.4970302753075861,0.0408472990931037,0.9966710040419968,-0.7816746402750019
0.9576141677371834,-0.4969191744291655,0.0408472990931037,0.9966763816053668,-0.7804119457671486
0.9576141677371834,0.4969191744291655,0.0408472990931037,0.9966804861983024,-0.7794481548083273
0.9576141677371836,-0.4969191744291655,0.0408472990931037,0.9966797536859604,-0.7796201545129141
0.9576141677371836,0.4969191744291655,0.0408472990931037,0.9966829668816852,-0.7788656706853507
0.9615083443741114,-0.4968058256404806,0.0408472990931037,0.9966977615336506,-0.7753917691249556
0.9615083443741114,0.4968058256404806,0.0408472990931037,0.9967013679571556,-0.7745449522974589
0.9654135909722332,-0.4966902101306744,0.0408472990931037,0.9967146566679506,-0.771424657661651
0.9654135909722332,0.4966902101306744,0.0408472990931037,0.9967183256248064,-0.7705631575076702
0.9693299071823932,-0.4965723279100836,0.0408472990931037,0.996724992654938,-0.7689976859824176
0.9693299071823932,0.4965723279100836,0.0408472990931037,0.9967314988682034,-0.7674699755322045
0.9732573886300088,-0.496452160262166,0.0408472990931037,0.996745036567218,-0.7642912164886506
0.9732573886300088,0.496452160262166,0.0408472990931037,0.996748469592866,-0.7634851148525135
0.9771961244399016,-0.4963296882702738,0.0408472990931037,0.9967611055992432,-0.7605180803880796
0.9771961244399016,0.4963296882702738,0.0408472990931037,0.9967639350770872,-0.7598536965607308
0.981146114259922,-0.4962049119453567,0.0408472990931037,0.9967725922365496,-0.7578209268926527
0.981146114259922,-0.4962049119453566,0.0408472990931037,0.9967719238063224,-0.7579778796087157
0.981146114259922,0.4962049119453566,0.0408472990931037,0.9967745426708784,-0.7573629494509265
0.981146114259922,0.4962049119453567,0.0408472990931037,0.9967754280243092,-0.7571550614470779
0.985107478127256,-0.4960778113720235,0.0408472990931037,0.9967920218110898,-0.7532587087701149
0.985107478127256,0.4960778113720235,0.0408472990931037,0.9967929278274352,-0.7530459689501205
0.9890803714147018,-0.4959483648869719,0.0408472990931037,0.9968070137360951,-0.7497384859361181
0.9890803714147018,0.4959483648869719,0.0408472990931037,0.9968075064025052,-0.7496228039576524
0.9930647937670553,-0.4958165725017753,0.0408472990931037,0.9968174336381422,-0.7472918103357199
0.9930647937670553,0.4958165725017753,0.0408472990931037,0.9968147329061602,-0.7479259636141204
0.9970608910657704,-0.4956824126646477,0.0408472990931037,0.9968344405720808,-0.7432984474310098
0.9970608910657704,0.4956824126646477,0.0408472990931037,0.99683231717332,-0.7437970382924524
1.0010687800505658,-0.4955458644770608,0.0408472990931037,0.9968490312892236,-0.7398724313835985
1.0010687800505658,0.4955458644770608,0.0408472990931037,0.996846932943687,-0.7403651395494081
1.0050884603631078,-0.495406927951223,0.0408472990931037,0.9968565964551992,-0.7380960704425671
1.0050884603631078,0.495406927951223,0.0408472990931037,0.9968555844921528,-0.7383336873878266
1.0091200333080903,-0.4952655824057998,0.0408472990931037,0.9968740779279368,-0.7339912820661461
1.0091200333080903,0.4952655824057998,0.0408472990931037,0.9968729013776026,-0.734267545411231
1.0131636195900389,-0.4951218061360062,0.0408472990931037,0.9968881520858034,-0.7306865582315695
1.0131636195900389,0.4951218061360062,0.0408472990931037,0.996886495103964,-0.7310756307025482
1.0172192188474294,-0.4949755991546971,0.0408472990931037,0.996898796456718,-0.7281871755616409
1.0172192188474294,0.4949755991546971,0.0408472990931037,0.9968963447984844,-0.7287628443494538
1.0172192188474298,-0.4949755991546971,0.0408472990931037,0.9968960892704996,-0.7288228443459301
1.0172192188474298,0.4949755991546971,0.0408472990931037,0.996895457437488,-0.7289712037456619
1.0212869744201516,-0.4948269389340925,0.0408472990931037,0.9969131704738656,-0.7248120423908755
1.0212869744201516,0.4948269389340925,0.0408472990931037,0.9969122034931756,-0.725039097122273
1.0253670169034192,-0.4946758026451379,0.0408472990931037,0.9969265179992848,-0.721677937615108
1.0253670169034192,0.4946758026451379,0.0408472990931037,0.9969251858750864,-0.7219907309367936
1.029459345932448,-0.4945221903013462,0.0408472990931037,0.9969337173711218,-0.719987468037523
1.029459345932448,-0.4945221903013461,0.0408472990931037,0.9969359165455556,-0.7194710844473873
1.029459345932448,0.4945221903013461,0.0408472990931037,0.9969339515540367,-0.7199324800326979
1.029459345932448,0.4945221903013462,0.0408472990931037,0.9969336991740876,-0.7199917408454323
1.033564022321292,-0.4943660817157449,0.0408472990931037,0.9969495130129644,-0.7162785261189967
1.033564022321292,0.4943660817157449,0.0408472990931037,0.9969486196783734,-0.7164882881625225
1.037681325648541,-0.494207447851303,0.0408472990931037,0.9969623991992612,-0.7132527474262452
1.037681325648541,0.494207447851303,0.0408472990931037,0.9969614487860514,-0.7134759119819154
1.0418112555460788,-0.4940462887222033,0.0408472990931037,0.996971464724165,-0.7111240903153518
1.0418112555460788,-0.4940462887222032,0.0408472990931037,0.9969688423084336,-0.7117398543172385
1.0418112555460788,0.4940462887222032,0.0408472990931037,0.9969672583140816,-0.7121117887475984
1.0418112555460788,0.4940462887222033,0.0408472990931037,0.9969704095721756,-0.71137184836676
1.0459540403362977,-0.4938825767105008,0.0408472990931037,0.9969845091396344,-0.7080611581585343
1.0459540403362977,0.4938825767105008,0.0408472990931037,0.996982989493845,-0.7084179830362998
1.0501097021932235,-0.4937162919125022,0.0408472990931037,0.9969968412192104,-0.7051654881162521
1.0501097021932235,0.4937162919125022,0.0408472990931037,0.9969954799661372,-0.7054851211286906
1.054278240745312,-0.4935474343430748,0.0408472990931037,0.9970060091077956,-0.7030127952015646
1.054278240745312,0.4935474343430748,0.0408472990931037,0.9970020624049576,-0.7039395123138675
1.0584597848885904,-0.4933759798144763,0.0408472990931037,0.997018708641232,-0.7000308440800515
1.0584597848885904,0.4933759798144763,0.0408472990931037,0.997016861309698,-0.7004646121682113
1.0626544770123292,-0.493201903024363,0.0408472990931037,0.997030576741484,-0.6972441200610531
1.0626544770123292,0.493201903024363,0.0408472990931037,0.9970278395047184,-0.6978868449520301
1.0668623167414937,-0.4930252039882985,0.0408472990931037,0.9970386570676628,-0.6953467954206106
1.0668623167414937,0.4930252039882985,0.0408472990931037,0.9970345907774676,-0.6963015925923761
1.0710834978310704,-0.4928458550239341,0.0408472990931037,0.9970524087264092,-0.6921177969359156
1.0710834978310704,0.4928458550239341,0.0408472990931037,0.997048377449576,-0.6930643726927576
1.0753181664879523,-0.4926638299633371,0.0408472990931037,0.997063379675105,-0.6895417312141789
1.0753181664879523,0.4926638299633371,0.0408472990931037,0.9970593874994712,-0.6904791256994445
1.0795663223335314,-0.4924791288227818,0.0408472990931037,0.997070212875068,-0.6879372416953063
1.0795663223335314,-0.4924791288227816,0.0408472990931037,0.9970699909009068,-0.6879893629879883
1.0795663223335314,0.4924791288227816,0.0408472990931037,0.9970654192143592,-0.6890628312296669
1.0795663223335314,0.4924791288227818,0.0408472990931037,0.9970668595254502,-0.6887246347679733
1.0838280666079845,-0.4922917270270018,0.0408472990931037,0.9970844030616132,-0.6846052734072325
1.0838280666079845,0.4922917270270018,0.0408472990931037,0.9970789551082232,-0.6858844960497539
1.088103452936511,-0.4921016019923636,0.0408472990931037,0.997094507101958,-0.6822327646383659
1.088103452936511,0.4921016019923636,0.0408472990931037,0.9970901815112578,-0.6832484476242524
1.0923924809368628,-0.4919087537358655,0.0408472990931037,0.9971011807650072,-0.680665735651545
1.0923924809368628,0.4919087537358655,0.0408472990931037,0.997097826987993,-0.6814532290802607
1.0966952223205164,-0.4917131588191908,0.0408472990931037,0.997112377398693,-0.6780366773051184
1.0966952223205164,0.4917131588191908,0.0408472990931037,0.9971089727528668,-0.6788361151341468
1.10101185281474,-0.4915147886360019,0.0408472990931037,0.997122233224551,-0.6757224512653898
1.10101185281474,0.4915147886360019,0.0408472990931037,0.997119595297846,-0.6763418573668389
1.1053423720335973,-0.4913136432040345,0.0408472990931037,0.9971269488799072,-0.6746151780062083
1.1053423720335973,-0.4913136432040343,0.0408472990931037,0.9971288318517212,-0.6741730412977396
1.1053423720335973,0.4913136432040343,0.0408472990931037,0.9971267200988124,-0.6746688976208003
1.1053423720335973,0.4913136432040345,0.0408472990931037,0.997125426417116,-0.6749726643383397
1.1096868451677335,-0.4911096988031622,0.0408472990931037,0.9971400263745364,-0.6715444786004604
1.1096868451677335,0.4911096988031622,0.0408472990931037,0.9971381877578296,-0.671976200378164
1.1140452434725956,-0.4909029361630477,0.0408472990931037,0.9971497658808316,-0.6692575653161725
1.1140452434725956,0.4909029361630477,0.0408472990931037,0.9971478471197744,-0.6697081056226063
1.118417566558512,-0.4906933553021771,0.0408472990931037,0.997155827227166,-0.6678343131478344
1.118417566558512,0.4906933553021771,0.0408472990931037,0.9971536528407712,-0.6683448763099259
1.1228038307132175,-0.4904809348463838,0.0408472990931037,0.9971677237642912,-0.6650409119255887
1.1228038307132175,0.4904809348463838,0.0408472990931037,0.9971655502989374,-0.6655512588199994
1.127204052689779,-0.4902656534943257,0.0408472990931037,0.997177575300802,-0.6627276930586135
1.127204052689779,0.4902656534943257,0.0408472990931037,0.997175137587942,-0.6633000873621505
1.1316182320947856,-0.4900475112652506,0.0408472990931037,0.9971834003876244,-0.6613599164965647
1.1316182320947856,0.4900475112652506,0.0408472990931037,0.9971805218594284,-0.6620358177354175
1.131618232094786,-0.4900475112652507,0.0408472990931037,0.9971817362700128,-0.6617506645034471
1.131618232094786,0.4900475112652507,0.0408472990931037,0.9971791044616206,-0.662368633976563
1.1360463797529048,-0.48982648707678,0.0408472990931037,0.997194534011542,-0.6587456533431666
1.1360463797529048,0.48982648707678,0.0408472990931037,0.9971922122309222,-0.6592908258377365
1.1404883639863252,-0.4896025673859514,0.0408472990931037,0.9972043303897288,-0.6564453860879436
1.1404883639863252,0.4896025673859514,0.0408472990931037,0.997201641541838,-0.6570767488875082
1.1449441843979025,-0.489375752212785,0.0408472990931037,0.9972104476756576,-0.6550089988594265
1.1449441843979025,0.489375752212785,0.0408472990931037,0.9972051234937872,-0.6562591589679451
1.149413741994691,-0.4891460265039925,0.0408472990931037,0.9972209009492236,-0.6525544873618028
1.149413741994691,0.4891460265039925,0.0408472990931037,0.9972179465742588,-0.6532481980232052
1.1538970221449034,-0.4889133714382119,0.0408472990931037,0.997230267501296,-0.6503551466854623
1.1538970221449034,0.4889133714382119,0.0408472990931037,0.9972279374931746,-0.6509022510625948
1.1583940244477031,-0.488677787036244,0.0408472990931037,0.997236653927306,-0.64885556323237
1.1583940244477031,0.488677787036244,0.0408472990931037,0.997235172159979,-0.6492034939468787
1.1583940244477038,-0.488677787036244,0.0408472990931037,0.997234538428679,-0.6493522990797782
1.1583940244477038,0.488677787036244,0.0408472990931037,0.9972317423441986,-0.6500088418806598
1.1629046982382518,-0.4884392562126886,0.0408472990931037,0.9972470284658446,-0.6464195393433444
1.1629046982382518,0.4884392562126886,0.0408472990931037,0.997244756326571,-0.6469530556563006
1.167428913304029,-0.488197766782271,0.0408472990931037,0.997256419001835,-0.6442145670529169
1.167428913304029,0.488197766782271,0.0408472990931037,0.9972542426699718,-0.6447255870264493
1.1719666692405386,-0.4879533187665822,0.0408472990931037,0.997260370889664,-0.643286632463601
1.1719666692405386,0.4879533187665822,0.0408472990931037,0.997259701784682,-0.6434437436174415
1.1719666692405388,-0.4879533187665822,0.0408472990931037,0.9972625096824168,-0.6427844269708138
1.1719666692405388,0.4879533187665822,0.0408472990931037,0.9972607432764902,-0.6431991930848668
1.1765178517667183,-0.4877058992247125,0.0408472990931037,0.9972734609342404,-0.6402129862307935
1.1765178517667183,0.4877058992247125,0.0408472990931037,0.9972712031358092,-0.640743135200272
1.1810822482038932,-0.4874555014396412,0.0408472990931037,0.9972825613561388,-0.6380761350289029
1.1810822482038932,0.4874555014396412,0.0408472990931037,0.9972800237624888,-0.6386719821337443
1.1856598581439748,-0.4872021254337557,0.0408472990931037,0.9972861936103689,-0.6372232529424384
1.1856598581439748,0.4872021254337557,0.0408472990931037,0.997284898534162,-0.6375273471020212
1.185659858143975,-0.4872021254337557,0.0408472990931037,0.9972881257765982,-0.6367695649952568
1.185659858143975,0.4872021254337557,0.0408472990931037,0.9972854664988342,-0.6373939844946451
1.1902504056676444,-0.4869457683365024,0.0408472990931037,0.9972990312208388,-0.6342088802388349
1.1902504056676444,0.4869457683365024,0.0408472990931037,0.9972963765196136,-0.6348322251306567
1.1948535078862763,-0.4866864348119578,0.0408472990931037,0.9973080488583826,-0.6320914674596964
1.1948535078862763,0.4866864348119578,0.0408472990931037,0.997305430174875,-0.6327063551058862
1.1994691643883222,-0.4864241248833078,0.0408472990931037,0.997313543093826,-0.6308013774241507
1.1994691643883222,0.4864241248833078,0.0408472990931037,0.9973110557129488,-0.6313854341718894
1.1994691643883226,-0.4864241248833078,0.0408472990931037,0.997311040341186,-0.6313890435836632
1.1994691643883226,0.4864241248833078,0.0408472990931037,0.997309208333791,-0.6318192134425196
1.204097024631013,-0.4861588420701895,0.0408472990931037,0.9973233753402904,-0.62849268801297
1.204097024631013,0.4861588420701895,0.0408472990931037,0.99732116528401,-0.6290116267469599
1.2087368260560891,-0.4858905862654532,0.0408472990931037,0.9973322380380412,-0.6264116563254263
1.2087368260560891,0.4858905862654532,0.0408472990931037,0.9973300730485034,-0.62692001303104
1.2133885682487204,-0.4856193574930827,0.0408472990931037,0.9973355813039054,-0.6256266309980681
1.2133885682487204,0.4856193574930827,0.0408472990931037,0.9973332241980274,-0.626180098143282
1.2133885682487209,-0.4856193574930827,0.0408472990931037,0.9973376563365138,-0.6251393968925909
1.2133885682487209,0.4856193574930827,0.0408472990931037,0.997335567227817,-0.6256299361752087
1.218051898780449,-0.4853451613125762,0.0408472990931037,0.9973476831662588,-0.6227850177846153
1.218051898780449,0.4853451613125762,0.0408472990931037,0.9973456676661928,-0.6232582731772296
1.222726399073092,-0.4850680090852554,0.0408472990931037,0.9973562136257696,-0.6207819982695739
1.222726399073092,0.4850680090852554,0.0408472990931037,0.997354351173208,-0.6212193168948665
1.2274120687087169,-0.4847879008358995,0.0408472990931037,0.9973603340773528,-0.6198144835745527
1.2274120687087169,0.4847879008358995,0.0408472990931037,0.9973586177679284,-0.6202174866327756
1.232108881484905,-0.4845048037319125,0.0408472990931037,0.9973721092005589,-0.6170495913029834
1.232108881484905,0.4845048037319125,0.0408472990931037,0.997370080999529,-0.6175258289825886
1.2368159926538456,-0.4842187780772127,0.0408472990931037,0.9973801235291296,-0.6151677634240806
1.2368159926538456,0.4842187780772127,0.0408472990931037,0.9973781451196602,-0.6156323096505671
1.24153340179469,-0.4839298238973729,0.0408472990931037,0.997383589872225,-0.6143538385871669
1.24153340179469,-0.4839298238973728,0.0408472990931037,0.997384220114946,-0.6142058526002665
1.24153340179469,0.4839298238973728,0.0408472990931037,0.9973823677207336,-0.6146408094454703
1.24153340179469,0.4839298238973729,0.0408472990931037,0.9973809361136242,-0.6149769621432758
1.2462607651327506,-0.4836379511460023,0.0408472990931037,0.9973948702234798,-0.6117051226918769
1.2462607651327506,0.4836379511460023,0.0408472990931037,0.9973922497989752,-0.6123204191379666
1.2509975867232923,-0.4833431812212607,0.0408472990931037,0.997403131804233,-0.6097652380405251
1.2509975867232923,0.4833431812212607,0.0408472990931037,0.9974005478812265,-0.6103719636455219
1.25574386614281,-0.4830455141495025,0.0408472990931037,0.9974046649234264,-0.6094052495007074
1.25574386614281,0.4830455141495025,0.0408472990931037,0.9974030511824042,-0.6097841686850185
1.2557438661428102,-0.4830455141495026,0.0408472990931037,0.9974079176123732,-0.608641492351545
1.2557438661428102,0.4830455141495026,0.0408472990931037,0.997405257735445,-0.6092660525394542
1.2604991162229822,-0.4827449714120034,0.0408472990931037,0.9974173874977392,-0.606417888198735
1.2604991162229822,0.4827449714120034,0.0408472990931037,0.9974147980939552,-0.6070259007337352
1.265262845942324,-0.4824415770114117,0.0408472990931037,0.9974259116679544,-0.6044163454601398
1.265262845942324,0.4824415770114117,0.0408472990931037,0.9974226167643968,-0.6051900149345598
1.270035054874925,-0.4821353309748529,0.0408472990931037,0.9974292220664812,-0.603639037644148
1.270035054874925,0.4821353309748529,0.0408472990931037,0.9974252969740728,-0.6045606804563086
1.2700350548749253,-0.4821353309748528,0.0408472990931037,0.9974312694624184,-0.6031582928481154
1.2700350548749253,0.4821353309748528,0.0408472990931037,0.9974271490527404,-0.6041257977035022
1.274815273445203,-0.4818262567247882,0.0408472990931037,0.9974412159804038,-0.6008227715779548
1.274815273445203,0.4818262567247882,0.0408472990931037,0.9974365930181892,-0.6019082797527239
1.2796031076927148,-0.4815143747451227,0.0408472990931037,0.9974487857560568,-0.5990453282481243
1.2796031076927148,0.4815143747451227,0.0408472990931037,0.9974445145987216,-0.6000482298483744
1.2843985571893954,-0.4811996850637411,0.0408472990931037,0.99745270592168,-0.5981248422841843
1.2843985571893954,0.4811996850637411,0.0408472990931037,0.997449095844108,-0.5989725171155902
1.284398557189396,-0.4811996850637411,0.0408472990931037,0.9974520079059924,-0.598288741900906
1.284398557189396,0.4811996850637411,0.0408472990931037,0.9974469302959792,-0.5994810049827871
1.2892012180792658,-0.4808822093448312,0.0408472990931037,0.997462595620848,-0.5958026625227653
1.2892012180792658,0.4808822093448312,0.0408472990931037,0.997458599673888,-0.5967409425453043
1.2940107190250911,-0.4805619688775189,0.0408472990931037,0.9974701513001584,-0.594028529125932
1.2940107190250911,0.4805619688775189,0.0408472990931037,0.997466815957406,-0.5948116940438504
1.2988270595968694,-0.4802389636904361,0.0408472990931037,0.9974718269364596,-0.5936350764394316
1.2988270595968694,0.4802389636904361,0.0408472990931037,0.9974699032926142,-0.5940867632633132
1.303649879893612,-0.4799132149105888,0.0408472990931037,0.9974832504445724,-0.5909527461791062
1.303649879893612,0.4799132149105888,0.0408472990931037,0.997481314508743,-0.5914073192582417
1.3084788624525474,-0.4795847421814206,0.0408472990931037,0.9974914558965756,-0.589026041003189
1.3084788624525474,0.4795847421814206,0.0408472990931037,0.997489150859808,-0.5895672819085073
1.3133140068419302,-0.4792535455322992,0.0408472990931037,0.9974934244664108,-0.5885638052007909
1.3133140068419302,-0.4792535455322991,0.0408472990931037,0.997496828633779,-0.5877644797175318
1.3133140068419302,0.4792535455322991,0.0408472990931037,0.9974938985016616,-0.5884524979661636
1.3133140068419302,0.4792535455322992,0.0408472990931037,0.997491921373016,-0.5889167434451255
1.3181550182069235,-0.4789196437055372,0.0408472990931037,0.9975048123829806,-0.585889832116885
1.3181550182069235,0.4789196437055372,0.0408472990931037,0.9975025867963292,-0.5864124175051203
1.323001699455442,-0.4785830496281511,0.0408472990931037,0.9975126655769828,-0.5840458399120164
1.323001699455442,0.4785830496281511,0.0408472990931037,0.9975104059580904,-0.5845764163401959
1.3278540501541576,-0.4782437633302346,0.0408472990931037,0.9975153854289972,-0.5834071970984307
1.3278540501541576,0.4782437633302346,0.0408472990931037,0.9975131447900192,-0.5839333168922749
1.327854050154158,-0.4782437633302348,0.0408472990931037,0.9975177153799925,-0.5828601061349551
1.327854050154158,0.4782437633302348,0.0408472990931037,0.9975149889638514,-0.5835002902574953
1.3327119008623265,-0.4779017961852307,0.0408472990931037,0.997526335184488,-0.5808361077092478
1.3327119008623265,0.4779017961852307,0.0408472990931037,0.9975239892707518,-0.5813869468508007
1.3375750314288717,-0.4775571638665971,0.0408472990931037,0.9975332469779062,-0.5792131638240254
1.3375750314288717,0.4775571638665971,0.0408472990931037,0.9975319968888884,-0.5795066946350445
1.342443441418995,-0.4772098664051462,0.0408472990931037,0.9975372659725302,-0.5782694720272777
1.342443441418995,0.4772098664051462,0.0408472990931037,0.9975366770598368,-0.5784077533960645
1.3424434414189954,-0.477209866405146,0.0408472990931037,0.9975366460010138,-0.578415046253928
1.3424434414189954,0.477209866405146,0.0408472990931037,0.9975347917540852,-0.5788504381315568
1.3473169414928985,-0.4768599176541723,0.0408472990931037,0.997546217968216,-0.5761674724767623
1.3473169414928985,0.4768599176541723,0.0408472990931037,0.9975454632149384,-0.576344694529372
1.3521954650235075,-0.476507323269988,0.0408472990931037,0.9975533289544078,-0.5744977565492985
1.3521954650235075,0.476507323269988,0.0408472990931037,0.9975531314577144,-0.5745441303384722
1.357079011574649,-0.4761520832841175,0.0408472990931037,0.9975555681358736,-0.5739719789909039
1.357079011574649,0.4761520832841175,0.0408472990931037,0.9975554506161376,-0.5739995735564958
1.3619674940081,-0.475794204932677,0.0408472990931037,0.9975658694889814,-0.5715531396211597
1.3619674940081,0.475794204932677,0.0408472990931037,0.9975665357613864,-0.5713966935788414
1.3668608317118132,-0.4754336952924746,0.0408472990931037,0.9975737175429438,-0.5697103543383648
1.3668608317118132,0.4754336952924746,0.0408472990931037,0.997573954759996,-0.5696546538940557
1.3717590242482895,-0.4750705543957425,0.0408472990931037,0.9975758661778524,-0.56920583782936
1.3717590242482895,0.4750705543957425,0.0408472990931037,0.9975765830262244,-0.5690375161490233
1.3766620296501937,-0.4747047865125193,0.0408472990931037,0.9975868799233598,-0.5666197230769665
1.3766620296501937,0.4747047865125193,0.0408472990931037,0.9975870621795584,-0.5665769278768006
1.3815698542180903,-0.4743363925302915,0.0408472990931037,0.9975940032715676,-0.5649471044501847
1.3815698542180903,0.4743363925302915,0.0408472990931037,0.997593979952851,-0.5649525798696722
1.3864824975131866,-0.4739653724819959,0.0408472990931037,0.9975978259310956,-0.5640495136903132
1.3864824975131866,-0.4739653724819958,0.0408472990931037,0.9975967869180216,-0.5642934821964964
1.3864824975131866,0.4739653724819958,0.0408472990931037,0.9975961440538827,-0.5644444317923477
1.3864824975131866,0.4739653724819959,0.0408472990931037,0.9975969793842704,-0.5642482895955696
1.391399937099312,-0.4735917293605391,0.0408472990931037,0.9976074713337958,-0.5617846966761078
1.391399937099312,0.4735917293605391,0.0408472990931037,0.9976060801323784,-0.5621113617971538
1.3963221921125133,-0.4732154629947268,0.0408472990931037,0.9976146474081636,-0.560099697528967
1.3963221921125133,0.4732154629947268,0.0408472990931037,0.99761278089803,-0.5605379689043694
1.401249262112707,-0.4728365734181998,0.0408472990931037,0.9976178514507722,-0.5593473629256605
1.401249262112707,0.4728365734181998,0.0408472990931037,0.9976158206032736,-0.5598242220171238
1.4012492621127073,-0.4728365734181997,0.0408472990931037,0.9976164077067848,-0.5596863654586185
1.4012492621127073,0.4728365734181997,0.0408472990931037,0.9976142391443388,-0.5601955611113723
1.4061812059980832,-0.4724550573843272,0.0408472990931037,0.997627110337811,-0.557173302852672
1.4061812059980832,0.4724550573843272,0.0408472990931037,0.9976249462230752,-0.5576814541478132
1.411118117653579,-0.4720709086568668,0.0408472990931037,0.9976345509814344,-0.5554261807470419
1.411118117653579,0.4720709086568668,0.0408472990931037,0.997632030187373,-0.5560180831753054
1.4160599966377996,-0.471684127270164,0.0426614370491379,0.9976362036678238,-0.5550381168817987
1.4160599966377996,0.471684127270164,0.0426614370491379,0.9976327388452984,-0.555851684676822
1.4160599966377998,-0.471684127270164,0.0408472990931037,0.9976379067402902,-0.554638221966239
1.4160599966377998,0.471684127270164,0.0408472990931037,0.9976354149628228,-0.5552233110681836
1.4160599966378002,-0.471684127270164,0.0408472990931037,0.9976349847786355,-0.5553243217254489
1.4160599966378002,0.471684127270164,0.0408472990931037,0.9976332367204132,-0.5557347796531268
1.421006941896023,-0.4712947064435445,0.0426614370491379,0.9976451805345252,-0.5529302774196174
1.421006941896023,0.4712947064435445,0.0426614370491379,0.9976419724053404,-0.55368357158346
1.4210069418960234,-0.4712947064435445,0.0408472990931037,0.9976457464533114,-0.552797395202548
1.4210069418960234,0.4712947064435445,0.0408472990931037,0.9976438935463384,-0.5532324724480342
1.4259590444295045,-0.4709026395884606,0.0426614370491379,0.9976524815511456,-0.5512159408411738
1.4259590444295045,0.4709026395884606,0.0426614370491379,0.9976492194731356,-0.5519819026167763
1.425959044429505,-0.4709026395884606,0.0408472990931037,0.9976531279470676,-0.5510641619546305
1.425959044429505,0.4709026395884606,0.0408472990931037,0.997651036763558,-0.551555188419733
1.4309163037954915,-0.4705079267399659,0.0426614370491379,0.9976586254629386,-0.549773301648681
1.4309163037954915,0.4705079267399659,0.0426614370491379,0.9976538781579368,-0.550888006495559
1.4309163037954922,-0.4705079267399659,0.0408472990931037,0.9976543746893588,-0.5507714169816165
1.4309163037954922,0.4705079267399659,0.0408472990931037,0.9976519010176892,-0.5513522546986704
1.4309163037954924,-0.4705079267399659,0.0408472990931037,0.997656949787229,-0.5501667635885781
1.4309163037954924,0.4705079267399659,0.0408472990931037,0.9976547195927696,-0.550690430926664
1.435878796023187,-0.4701105625045355,0.0408472990931037,0.9976652131184996,-0.5482264679018386
1.435878796023187,0.4701105625045355,0.0408472990931037,0.9976622994993856,-0.5489106087663956
1.4408465971549322,-0.4697105410760593,0.0408472990931037,0.9976722934418204,-0.5465639518596106
1.4408465971549322,0.4697105410760593,0.0408472990931037,0.9976697043083188,-0.5471719009301459
1.4458197067465726,-0.4693078624903022,0.0408472990931037,0.9976743761555846,-0.5460749141578308
1.4458197067465726,0.4693078624903022,0.0408472990931037,0.9976737500732186,-0.5462219232604094
1.4507982358748006,-0.4689025180141825,0.0408472990931037,0.997684227311082,-0.5437617847558323
1.4507982358748006,0.4689025180141825,0.0408472990931037,0.997680896486544,-0.5445438887611769
1.455782306190062,-0.468494497634624,0.0408472990931037,0.9976913518328516,-0.542088890567384
1.455782306190062,0.468494497634624,0.0408472990931037,0.9976881398430376,-0.5428430912375285
1.4607719172467464,-0.4680838013881063,0.0408472990931037,0.9976945738999384,-0.5413323236737297
1.4607719172467464,-0.4680838013881062,0.0408472990931037,0.9976933482401864,-0.5416201182994517
1.4607719172467464,0.4680838013881062,0.0408472990931037,0.9976906210892444,-0.542260474959065
1.4607719172467464,0.4680838013881063,0.0408472990931037,0.9976920216705064,-0.5419316073761854
1.4607719172467466,-0.4680838013881062,0.0426614370491379,0.9976908131286712,-0.5422153825793324
1.4607719172467466,0.4680838013881062,0.0426614370491379,0.9976867871753384,-0.543160708336024
1.465767165984645,-0.4676704211527309,0.0408472990931037,0.9977035326087562,-0.539228747826567
1.465767165984645,0.4676704211527309,0.0408472990931037,0.9977008599513544,-0.5398563089709825
1.4657671659846452,-0.4676704211527309,0.0426614370491379,0.9977000703316024,-0.5400417179481659
1.4657671659846452,0.4676704211527309,0.0426614370491379,0.9976968646937396,-0.540794427129819
1.4707681176687772,-0.4672543510838255,0.0408472990931037,0.9977107967056572,-0.5375230802909037
1.4707681176687772,0.4672543510838255,0.0408472990931037,0.9977077803819008,-0.5382313370196613
1.4707681176687777,-0.4672543510838255,0.0426614370491379,0.9977059158965408,-0.5386691329621526
1.4707681176687777,0.4672543510838255,0.0426614370491379,0.997703277791595,-0.5392885809159961
1.4757747718520235,-0.46683559121859,0.0408472990931037,0.9977138257061208,-0.5368118469708226
1.4757747718520235,0.46683559121859,0.0408472990931037,0.9977105447351248,-0.5375822449692939
1.4757747718520238,-0.46683559121859,0.0408472990931037,0.9977125671384492,-0.5371073686369081
1.4757747718520238,0.46683559121859,0.0408472990931037,0.9977103890452312,-0.5376188021904932
1.4807872096038546,-0.4664141342125785,0.0408472990931037,0.9977232314305632,-0.5346033083114529
1.4807872096038546,0.4664141342125785,0.0408472990931037,0.9977210165070516,-0.5351233899099577
1.4858055008533435,-0.4659899735768046,0.0408472990931037,0.997730086095556,-0.5329937786333863
1.4858055008533435,0.4659899735768046,0.0408472990931037,0.9977279889606224,-0.5334862025400263
1.4908296451518208,-0.4655631093491911,0.0408472990931037,0.9977308496738152,-0.5328144844051843
1.4908296451518208,0.4655631093491911,0.0408472990931037,0.997729993568528,-0.5330155047130944
1.4958597065693495,-0.4651335353150481,0.0408472990931037,0.997741888408624,-0.5302225019667277
1.4958597065693495,0.4651335353150481,0.0408472990931037,0.997739772084054,-0.5307194317521212
1.5008957493006374,-0.4647012450564927,0.0408472990931037,0.9977488999084064,-0.5285761462368677
1.5008957493006374,0.4647012450564927,0.0408472990931037,0.9977462777256444,-0.5291918555357394
1.5059377728954266,-0.4642662386121745,0.0408472990931037,0.9977501184471024,-0.5282900236915362
1.5059377728954266,0.4642662386121745,0.0408472990931037,0.9977468406064992,-0.5290596866490334
1.5059377728954269,-0.4642662386121745,0.0408472990931037,0.9977519144509712,-0.5278683077460525
1.5059377728954269,0.4642662386121745,0.0408472990931037,0.9977488455301508,-0.528588914682337
1.5109858042159583,-0.4638285127254912,0.0408472990931037,0.9977615622126756,-0.5256029368189054
1.5109858042159583,0.4638285127254912,0.0408472990931037,0.997756641095976,-0.5267584540302291
1.5160398334328025,-0.4633880672607067,0.0408472990931037,0.9977680852263284,-0.5240712815045228
1.5160398334328025,0.4633880672607067,0.0408472990931037,0.9977632968045124,-0.5251956409053331
1.5210998600940937,-0.4629449022572001,0.0408472990931037,0.9977692593626948,-0.5237955849781878
1.5210998600940937,0.4629449022572001,0.0408472990931037,0.9977631062685838,-0.5252403802517664
1.521099860094094,-0.4629449022572001,0.0426614370491379,0.997768528044305,-0.5239673043333691
1.521099860094094,0.4629449022572001,0.0426614370491379,0.9977628141237224,-0.5253089781810664
1.5261659094999294,-0.4624990144826787,0.0408472990931037,0.9977797776080128,-0.521325817598187
1.5261659094999294,0.4624990144826787,0.0408472990931037,0.997773429136964,-0.5228164889254964
1.5261659094999296,-0.4624990144826787,0.0426614370491379,0.9977774886070436,-0.5218632931709597
1.5261659094999296,0.4624990144826787,0.0426614370491379,0.9977720471393978,-0.523140992909312
1.5261659094999298,-0.4624990144826787,0.0445411355740982,0.9977765526423916,-0.5220830650907243
1.5261659094999298,0.4624990144826787,0.0445411355740982,0.9977711390298886,-0.5233542242207746
1.52616590949993,-0.4624990144826787,0.0485058373380791,0.9977736907214472,-0.522755066815234
1.52616590949993,0.4624990144826787,0.0485058373380791,0.9977693444657996,-0.5237756020946142
1.5312380108384276,-0.4620504003985964,0.0408472990931037,0.9977860689153742,-0.519848568757808
1.5312380108384276,0.4620504003985964,0.0408472990931037,0.9977803487296252,-0.5211917137162374
1.5312380108384278,-0.4620504003985964,0.0426614370491379,0.9977838634478368,-0.5203664300186059
1.5312380108384278,0.4620504003985964,0.0426614370491379,0.9977794056395636,-0.5214131587386851
1.531238010838428,-0.4620504003985964,0.0445411355740982,0.9977835545836038,-0.5204389537889093
1.531238010838428,0.4620504003985964,0.0445411355740982,0.997777474367627,-0.5218666366988396
1.5312380108384285,-0.4620504003985964,0.0485058373380791,0.9977796297573728,-0.5213605341005032
1.5312380108384285,0.4620504003985964,0.0485058373380791,0.99777648662067,-0.5220985675143285
1.5363161636561076,-0.4615990600450623,0.0408472990931037,0.997788561143662,-0.5192633737996905
1.5363161636561076,0.4615990600450623,0.0408472990931037,0.9977835328774028,-0.5204440505769854
1.536316163656108,-0.4615990600450623,0.0408472990931037,0.9977857250695384,-0.5199293064857866
1.536316163656108,0.4615990600450623,0.0408472990931037,0.9977811024450376,-0.521014735362639
1.5363161636561082,-0.4615990600450623,0.0505937571255093,0.9977802489140768,-0.521215151198273
1.5363161636561082,0.4615990600450623,0.0505937571255093,0.9977778162865428,-0.5217863514269679
1.5363161636561085,-0.4615990600450623,0.0485058373380791,0.9977816421706632,-0.520888003507246
1.5363161636561085,0.4615990600450623,0.0485058373380791,0.997777353941966,-0.5218949135986702
1.5414003735538764,-0.4611449918683397,0.0408472990931037,0.9977966571613284,-0.5173623646735299
1.5414003735538764,0.4611449918683397,0.0408472990931037,0.997791591219442,-0.5185518879867443
1.5414003735538766,-0.4611449918683397,0.0485058373380791,0.9977898776912594,-0.5189542379873733
1.5414003735538766,0.4611449918683397,0.0485058373380791,0.9977848981298688,-0.5201234784754619
1.5464906267062375,-0.4606881960897396,0.0408472990931037,0.9978031140473296,-0.5158462366559912
1.5464906267062375,0.4606881960897396,0.0408472990931037,0.99779810932914,-0.5170213841598484
1.546490626706238,-0.4606881960897396,0.0485058373380791,0.9977961593876092,-0.517479245888666
1.546490626706238,0.4606881960897396,0.0485058373380791,0.9977910105202924,-0.5186882407503526
1.551586922658088,-0.4602286727501028,0.0426614370491379,0.9978071422744124,-0.5149003770047311
1.551586922658088,0.4602286727501028,0.0426614370491379,0.9977977565780528,-0.5171042129114025
1.5515869226580885,-0.4602286727501029,0.0408472990931037,0.9978060785500767,-0.5151501479109732
1.5515869226580885,-0.4602286727501028,0.0408472990931037,0.9978022955291944,-0.5160384312026145
1.5515869226580885,0.4602286727501028,0.0408472990931037,0.9977986427759432,-0.5168961266217685
1.5515869226580885,0.4602286727501029,0.0408472990931037,0.997800532236585,-0.5164524662850927
1.5515869226580887,-0.4602286727501029,0.0505937571255093,0.997800185324572,-0.5165339239757579
1.5515869226580887,-0.4602286727501028,0.0485058373380791,0.9978004945294164,-0.5164613202272175
1.5515869226580887,0.4602286727501028,0.0485058373380791,0.997794638634369,-0.5178363308046836
1.5515869226580887,0.4602286727501029,0.0505937571255093,0.9977961271650808,-0.5174868119937714
1.551586922658089,-0.4602286727501028,0.0505937571255093,0.9977979764854882,-0.5170525769023714
1.551586922658089,0.4602286727501028,0.0505937571255093,0.9977946067284584,-0.5178438225654097
1.5566892510154218,-0.4597664218038667,0.0426614370491379,0.9978161599308248,-0.5127829597950758
1.5566892510154218,0.4597664218038667,0.0426614370491379,0.99780774494776,-0.5147588645252105
1.556689251015422,-0.4597664218038667,0.0408472990931037,0.9978137165963546,-0.5133566740972458
1.556689251015422,0.4597664218038667,0.0408472990931037,0.9978090284086724,-0.514457497728827
1.5566892510154222,-0.4597664218038667,0.0485058373380791,0.9978080716192268,-0.5146821594752513
1.5566892510154222,0.4597664218038667,0.0485058373380791,0.9978026448665056,-0.5159564040326838
1.5617975661066024,-0.4593014464895881,0.0426614370491379,0.997820300619644,-0.5118106932365672
1.5617975661066024,0.4593014464895881,0.0426614370491379,0.9978136948722596,-0.5133617750870056
1.5617975661066026,-0.4593014464895881,0.0408472990931037,0.9978203366739864,-0.5118022273912168
1.5617975661066026,0.4593014464895881,0.0408472990931037,0.997815633866491,-0.5129064838708158
1.5669118674749107,-0.4588337468488392,0.0408472990931037,0.997820189237956,-0.5118368465398936
1.5669118674749107,0.4588337468488392,0.0408472990931037,0.9978155551854562,-0.5129249588015001
1.566911867474911,-0.4588337468488392,0.0408472990931037,0.9978234176059452,-0.5110788001443662
1.566911867474911,0.4588337468488392,0.0408472990931037,0.99781838103053,-0.5122614279773907
1.5720321040929954,-0.4583633266573713,0.0408472990931037,0.9978314144543804,-0.5092010767398342
1.5720321040929954,0.4583633266573713,0.0408472990931037,0.9978265410025084,-0.5103454018718094
1.5771582483948048,-0.4578901877950613,0.0408472990931037,0.9978382838632144,-0.507588085091042
1.5771582483948048,0.4578901877950613,0.0408472990931037,0.9978336503660392,-0.5086760669579866
1.5822902999220254,-0.4574143303042111,0.0408472990931037,0.9978415226659664,-0.5068275885304581
1.5822902999220254,0.4574143303042111,0.0408472990931037,0.9978368772128062,-0.5079183777575307
1.5822902999220256,-0.4574143303042111,0.0445411355740982,0.9978358550567664,-0.5081583880984532
1.5822902999220256,0.4574143303042111,0.0445411355740982,0.9978311700753424,-0.5092584588751788
1.582290299922026,-0.4574143303042111,0.0426614370491379,0.997837173957788,-0.5078486996834701
1.582290299922026,0.4574143303042111,0.0426614370491379,0.9978341597934632,-0.5085564493605361
1.5822902999220263,-0.4574143303042111,0.0549927819774515,0.9978262885196526,-0.5104046868477965
1.5822902999220263,0.4574143303042111,0.0549927819774515,0.9978265370017808,-0.5103463412743209
1.587428234542239,-0.4569357557109102,0.0408472990931037,0.997849785868252,-0.5048873231304558
1.587428234542239,0.4569357557109102,0.0408472990931037,0.9978462889486452,-0.5057084275746117
1.5874282345422397,-0.4569357557109102,0.0426614370491379,0.9978475572426756,-0.5054106220823972
1.5874282345422397,0.4569357557109102,0.0426614370491379,0.9978433115251863,-0.5064075502051401
1.58742823454224,-0.4569357557109102,0.0485058373380791,0.9978436269263103,-0.5063334915209786
1.58742823454224,0.4569357557109102,0.0485058373380791,0.9978393759595752,-0.5073316522083547
1.5925719861901944,-0.456454469637599,0.0408472990931037,0.9978564050390072,-0.5033330893662092
1.5925719861901944,0.456454469637599,0.0408472990931037,0.9978530534889192,-0.5041200598950003
1.5925719861901948,-0.456454469637599,0.0426614370491379,0.997854495720348,-0.5037814125227997
1.5925719861901948,0.456454469637599,0.0426614370491379,0.9978492262537711,-0.5050187250466658
1.5925719861901952,-0.456454469637599,0.0485058373380791,0.9978503241915472,-0.5047609205533745
1.5925719861901952,0.456454469637599,0.0485058373380791,0.9978464172790508,-0.5056782945780786
1.5977215544060035,-0.4559704721273079,0.0408472990931037,0.9978592727968364,-0.5026597170948638
1.5977215544060035,0.4559704721273079,0.0408472990931037,0.9978561100977036,-0.5034023439223289
1.597721554406004,-0.4559704721273079,0.0445411355740982,0.9978550376409542,-0.5036541652685782
1.597721554406004,0.4559704721273079,0.0445411355740982,0.9978518663708864,-0.504398804619489
1.5977215544060042,-0.4559704721273079,0.0408472990931037,0.9978571892647108,-0.5031489469543565
1.5977215544060042,0.4559704721273079,0.0408472990931037,0.9978543818536124,-0.5038081493349524
1.5977215544060044,-0.4559704721273079,0.0505937571255093,0.9978517937177428,-0.5044158641535652
1.5977215544060044,0.4559704721273079,0.0505937571255093,0.9978459349758044,-0.505791543203645
1.5977215544060046,-0.4559704721273079,0.0549927819774515,0.9978465032773464,-0.5056581014966064
1.5977215544060046,0.4559704721273079,0.0549927819774515,0.9978404744148244,-0.5070737262082597
1.6028768373431717,-0.4554837722925738,0.0408472990931037,0.9978673412432244,-0.5007651819234777
1.6028768373431717,0.4554837722925738,0.0408472990931037,0.9978649287644866,-0.50133165105508
1.6080377595673478,-0.4549943770545186,0.0408472990931037,0.9978732079858286,-0.4993876242536466
1.6080377595673478,0.4549943770545186,0.0408472990931037,0.99787174172914,-0.4997319129473209
1.6132043206171098,-0.4545022864568976,0.0426614370491379,0.9978738185544554,-0.4992442579000071
1.6132043206171098,-0.4545022864568975,0.0408472990931037,0.9978750999210328,-0.4989433828701188
1.6132043206171098,0.4545022864568975,0.0408472990931037,0.9978745368455684,-0.4990755974527163
1.6132043206171098,0.4545022864568976,0.0426614370491379,0.997869683575298,-0.500215183784599
1.61320432061711,-0.4545022864568976,0.0485058373380791,0.9978666507436738,-0.5009273166916137
1.61320432061711,0.4545022864568976,0.0485058373380791,0.9978659901894996,-0.5010824200479903
1.6132043206171105,-0.4545022864568976,0.0408472990931037,0.9978737632058066,-0.4992572542015208
1.6132043206171105,0.4545022864568976,0.0408472990931037,0.9978724295356252,-0.4995704105322457
1.6183764823785851,-0.4540075039162837,0.0426614370491379,0.9978830699570244,-0.4970719552398631
1.6183764823785851,0.4540075039162837,0.0426614370491379,0.9978803467125814,-0.4977113946225669
1.6183764823785856,-0.4540075039162837,0.0408472990931037,0.9978833903008028,-0.4969967359812943
1.6183764823785856,0.4540075039162837,0.0408472990931037,0.9978830662791596,-0.4970728188316968
1.623554176595886,-0.4535100360715066,0.0426614370491379,0.9978879833017036,-0.4959182629605297
1.623554176595886,0.4535100360715066,0.0426614370491379,0.9978881973835576,-0.4958679948442059
1.6235541765958863,-0.4535100360715066,0.0408472990931037,0.9978896457209676,-0.4955279137391728
1.6235541765958863,0.4535100360715066,0.0408472990931037,0.997889872642712,-0.4954746307147539
1.62873740280609,-0.4530098829670433,0.0426614370491379,0.9978896778103112,-0.4955203789069133
1.62873740280609,-0.4530098829670432,0.0408472990931037,0.997889765411099,-0.4954998095475316
1.62873740280609,0.4530098829670432,0.0408472990931037,0.997891341627277,-0.4951297014940839
1.62873740280609,0.4530098829670433,0.0426614370491379,0.9978940640817447,-0.4944904476038445
1.6287374028060904,-0.4530098829670433,0.0408472990931037,0.997892143581976,-0.4949413961735754
1.6287374028060904,0.4530098829670433,0.0408472990931037,0.9978928411319156,-0.4947776059181751
1.633926050340048,-0.4525070553198795,0.0408472990931037,0.9978999559621246,-0.4931069873850493
1.633926050340048,0.4525070553198795,0.0408472990931037,0.9979014333321848,-0.4927600891836365
1.6391200117176326,-0.4520015639599066,0.0408472990931037,0.9979067050147002,-0.4915222563397562
1.6391200117176326,0.4520015639599066,0.0408472990931037,0.9979077909845416,-0.4912672620124165
1.644319286474467,-0.4514934089323189,0.0408472990931037,0.99790710346073,-0.491428698053475
1.644319286474467,-0.4514934089323188,0.0408472990931037,0.9979097206573222,-0.4908141595467745
1.644319286474467,0.4514934089323188,0.0408472990931037,0.9979102976108843,-0.4906786862768045
1.644319286474467,0.4514934089323189,0.0408472990931037,0.9979082930720096,-0.4911493678948399
1.6495238057584525,-0.4509825974301595,0.0549927819774515,0.9979077417127524,-0.4912788314190787
1.6495238057584525,0.4509825974301595,0.0549927819774515,0.9979075614610448,-0.4913211559488899
1.6495238057584527,-0.4509825974301595,0.0408472990931037,0.9979174662285546,-0.4889954380213687
1.6495238057584527,0.4509825974301595,0.0408472990931037,0.9979178349761788,-0.4889088531560984
1.649523805758453,-0.4509825974301595,0.0426614370491379,0.9979172280789456,-0.4890513574373831
1.649523805758453,0.4509825974301595,0.0426614370491379,0.9979164111327086,-0.4892431828898822
1.65473351923824,-0.450469135085262,0.0549927819774515,0.99791516042696,-0.4895368585141246
1.65473351923824,0.450469135085262,0.0549927819774515,0.9979128705574088,-0.4900745380368064
1.6547335192382402,-0.450469135085262,0.0408472990931037,0.9979244322606544,-0.487359758463763
1.6547335192382402,0.450469135085262,0.0408472990931037,0.9979241750191924,-0.4874201607982283
1.6547335192382404,-0.450469135085262,0.0426614370491379,0.9979239205949298,-0.4874799016319509
1.6547335192382404,0.450469135085262,0.0426614370491379,0.9979216269642036,-0.4880184643083209
1.6599484264480444,-0.4499530219435333,0.0573069727662266,0.997913907974496,-0.4898309442810244
1.6599484264480444,0.4499530219435333,0.0573069727662266,0.9979127835998464,-0.4900949563617742
1.6599484264480446,-0.4499530219435333,0.0549927819774515,0.9979166343302548,-0.4891907743366902
1.6599484264480446,0.4499530219435333,0.0549927819774515,0.9979137934540776,-0.4898578345830745
1.6599484264480449,-0.4499530219435333,0.0408472990931037,0.9979272679317744,-0.4866939204061138
1.6599484264480449,0.4499530219435333,0.0408472990931037,0.9979245372209956,-0.4873351129436435
1.665168447030238,-0.4494342666356044,0.0573069727662266,0.9979230247972146,-0.4876902420365785
1.665168447030238,0.4494342666356044,0.0573069727662266,0.9979213671022076,-0.4880794819649715
1.6651684470302384,-0.4494342666356044,0.0549927819774515,0.9979252725866596,-0.4871624432564009
1.6651684470302384,0.4494342666356044,0.0549927819774515,0.9979220463810118,-0.4879199819170224
1.6651684470302386,-0.4494342666356044,0.0408472990931037,0.9979351127731542,-0.4848518894631903
1.6651684470302386,0.4494342666356044,0.0408472990931037,0.9979340915625696,-0.4850916778036946
1.6703934393758653,-0.4489128842394836,0.0408472990931037,0.9979415852453758,-0.4833321016775159
1.6703934393758653,0.4489128842394836,0.0408472990931037,0.9979400589693078,-0.4836904833972434
1.6703934393758657,-0.4489128842394836,0.0549927819774515,0.9979317799732368,-0.4856344573032547
1.6703934393758657,0.4489128842394836,0.0549927819774515,0.9979282155699284,-0.4864714074555037
1.6756234030177743,-0.4483888748017863,0.0549927819774515,0.9979357974741638,-0.4846911162384163
1.6756234030177743,0.4483888748017863,0.0549927819774515,0.997930876498331,-0.4858466003731074
1.6756234030177746,-0.4483888748017863,0.0408472990931037,0.997944175348044,-0.4827239250389717
1.6756234030177746,0.4483888748017863,0.0408472990931037,0.9979425550221528,-0.4831043904027452
1.675623403017775,-0.4483888748017863,0.0408472990931037,0.9979420149539744,-0.4832312026921905
1.675623403017775,0.4483888748017863,0.0408472990931037,0.9979414240223148,-0.4833699581303016
1.6808582075458964,-0.4478622525365951,0.0408472990931037,0.9979517864619928,-0.4809367751496493
1.6808582075458964,0.4478622525365951,0.0408472990931037,0.9979503665520756,-0.4812701812539456
1.686097768908353,-0.4473330272947673,0.0408472990931037,0.997957590164527,-0.4795740197879664
1.686097768908353,0.4473330272947673,0.0408472990931037,0.997956050125812,-0.4799356330862868
1.6913420866366908,-0.4468011991236194,0.0408472990931037,0.9979594154482744,-0.4791454286948747
1.6913420866366908,0.4468011991236194,0.0408472990931037,0.9979577193821428,-0.4795436784674466
1.6965910815751435,-0.4462667774983955,0.0408472990931037,0.997967242516706,-0.4773075709810043
1.6965910815751435,0.4462667774983955,0.0408472990931037,0.997965452474276,-0.4777278871334819
1.7018446912014171,-0.4457297704661476,0.0408472990931037,0.9979729187217864,-0.4759747530321907
1.7018446912014171,0.4457297704661476,0.0408472990931037,0.9979717870114796,-0.4762404875834782
1.707102915045803,-0.445190178074888,0.0408472990931037,0.997974304966801,-0.4756492517138744
1.707102915045803,0.445190178074888,0.0408472990931037,0.9979716737742336,-0.4762670765864894
1.7123656845552468,-0.444648009049288,0.0485058373380791,0.9979804958610418,-0.4741955806701979
1.7123656845552468,0.444648009049288,0.0485058373380791,0.9979767975863564,-0.4750639648830027
1.712365684555247,-0.444648009049288,0.0408472990931037,0.9979830954802148,-0.4735851694808607
1.712365684555247,0.444648009049288,0.0408472990931037,0.9979812684586262,-0.4740141686328954
1.7176328747523628,-0.4441032782565394,0.0408472990931037,0.997989092838138,-0.4721769422987505
1.7176328747523628,0.4441032782565394,0.0408472990931037,0.997987962517493,-0.4724423505463982
1.717632874752363,-0.4441032782565394,0.0485058373380791,0.9979874081837176,-0.4725725125111129
1.717632874752363,0.4441032782565394,0.0485058373380791,0.9979827858475232,-0.473657873691342
1.7176328747523633,-0.4441032782565394,0.0505937571255093,0.9979871915344068,-0.4726233834866986
1.7176328747523633,0.4441032782565394,0.0505937571255093,0.9979833544879926,-0.4735243524014793
1.7229044851662274,-0.4435559857453448,0.0485058373380791,0.9979877651870795,-0.4724886852917122
1.7229044851662274,-0.4435559857453447,0.0408472990931037,0.997990677302072,-0.4718048976068313
1.7229044851662274,0.4435559857453447,0.0408472990931037,0.9979907539704216,-0.4717868952706223
1.7229044851662274,0.4435559857453448,0.0485058373380791,0.9979855649300268,-0.473005323089422
1.7229044851662276,-0.4435559857453447,0.0445411355740982,0.9979897050678992,-0.4720331858976519
1.7229044851662276,0.4435559857453447,0.0445411355740982,0.997989305118452,-0.4721270971982542
1.722904485166228,-0.4435559857453448,0.0505937571255093,0.9979884002582938,-0.4723395655363415
1.722904485166228,-0.4435559857453447,0.0408472990931037,0.997988745019192,-0.4722586129444672
1.722904485166228,0.4435559857453447,0.0408472990931037,0.9979881411565844,-0.4724004046716428
1.722904485166228,0.4435559857453448,0.0505937571255093,0.997983531644422,-0.4734827546675131
1.7281803872801176,-0.4430061468670765,0.0549927819774515,0.9979944975054644,-0.4709078835671014
1.7281803872801176,-0.4430061468670764,0.0573069727662266,0.9979940395301056,-0.4710154198117589
1.7281803872801176,0.4430061468670764,0.0573069727662266,0.9979913820680116,-0.4716394129774764
1.7281803872801176,0.4430061468670765,0.0549927819774515,0.9979891949192892,-0.4721529728352922
1.7281803872801178,-0.4430061468670765,0.0485058373380791,0.9979970438137052,-0.4703099902072785
1.7281803872801178,0.4430061468670765,0.0485058373380791,0.9979933885946846,-0.4711682646086783
1.728180387280118,-0.4430061468670765,0.0505937571255093,0.9979976319167604,-0.4701718989479959
1.728180387280118,-0.4430061468670764,0.0408472990931037,0.9979995070119052,-0.4697316117438438
1.728180387280118,0.4430061468670764,0.0408472990931037,0.9979983514643366,-0.4700029434731438
1.728180387280118,0.4430061468670765,0.0505937571255093,0.9979941069331096,-0.4709995930520926
1.733460471885696,-0.4424537753730788,0.0549927819774515,0.9979991665500966,-0.4698115548754173
1.733460471885696,0.4424537753730788,0.0549927819774515,0.9979958297314911,-0.4705950663353183
1.7334604718856963,-0.4424537753730788,0.0426614370491379,0.998001837631611,-0.4691843637618605
1.7334604718856963,-0.4424537753730787,0.0408472990931037,0.9980063151540476,-0.4681330059998835
1.7334604718856963,0.4424537753730787,0.0408472990931037,0.9980048765032652,-0.4684708126079664
1.7334604718856963,0.4424537753730788,0.0426614370491379,0.9980053178124332,-0.4683671897170143
1.7387447385108872,-0.4418988713127377,0.0485058373380791,0.9980077940074068,-0.467785759508098
1.7387447385108872,-0.4418988713127376,0.0408472990931037,0.998006193730825,-0.468161517135109
1.7387447385108872,0.4418988713127376,0.0408472990931037,0.9980062264513891,-0.4681538340872415
1.7387447385108872,0.4418988713127377,0.0485058373380791,0.9979984445863568,-0.4699810776845843
1.7387447385108874,-0.4418988713127377,0.0445411355740982,0.9980102573374242,-0.4672073500929343
1.7387447385108874,0.4418988713127377,0.0445411355740982,0.9980080619845378,-0.46772283635347
1.7387447385108876,-0.4418988713127377,0.0426614370491379,0.9980021703013882,-0.4691062502610692
1.7387447385108876,-0.4418988713127376,0.0408472990931037,0.9980087413091304,-0.4675633255540219
1.7387447385108876,0.4418988713127376,0.0408472990931037,0.9980076287102464,-0.4678245725916905
1.7387447385108876,0.4418988713127377,0.0426614370491379,0.998009074836424,-0.4674850107016103
1.744033086697663,-0.4413414476728545,0.0408472990931037,0.9980174672696184,-0.4655144008598047
1.744033086697663,0.4413414476728545,0.0408472990931037,0.9980159137688996,-0.4658791751433427
1.7493254188326153,-0.4407815174287237,0.0408472990931037,0.9980241846555572,-0.4639371053918212
1.7493254188326153,0.4407815174287237,0.0408472990931037,0.9980222188801612,-0.4643986850377351
1.7546217344425727,-0.4402190806304067,0.0408472990931037,0.9980235053290772,-0.464096616634467
1.7546217344425727,0.4402190806304067,0.0408472990931037,0.998024144016897,-0.4639466476714131
1.7599219235140449,-0.4396541516738242,0.0485058373380791,0.9980321061957712,-0.4620770649546074
1.7599219235140449,0.4396541516738242,0.0485058373380791,0.9980306319850678,-0.4624232213140306
1.759921923514045,-0.4396541516738242,0.0408472990931037,0.9980345893608954,-0.4614939980991366
1.759921923514045,0.4396541516738242,0.0408472990931037,0.9980328187186748,-0.4619097589285982
1.7652258677552586,-0.4390867462130196,0.0485058373380791,0.9980375112013314,-0.4608079268029867
1.7652258677552586,0.4390867462130196,0.0485058373380791,0.9980359140838174,-0.4611829426558135
1.7652258677552588,-0.4390867462130196,0.0408472990931037,0.9980410885993172,-0.4599679253974633
1.7652258677552588,0.4390867462130196,0.0408472990931037,0.9980390388712777,-0.4604492177896263
1.770533566692004,-0.438516864298723,0.0408472990931037,0.998042913575093,-0.4595394066185299
1.770533566692004,0.438516864298723,0.0408472990931037,0.998039483149037,-0.4603448978498614
1.77584490844543,-0.4379445210284314,0.0408472990931037,0.9980506764068564,-0.4577166321836441
1.77584490844543,0.4379445210284314,0.0408472990931037,0.9980490986883286,-0.4580870930007081
1.7811597820123832,-0.437369731768551,0.0408472990931037,0.9980566374591556,-0.4563169298498366
1.7811597820123832,0.437369731768551,0.0408472990931037,0.9980556920038453,-0.4565389302514201
1.786478186917677,-0.4367924965704718,0.0408472990931037,0.9980578660170434,-0.4560284547188451
1.786478186917677,0.4367924965704718,0.0408472990931037,0.9980581957128858,-0.4559510395215114
1.7918000102825966,-0.4362128310834627,0.0408472990931037,0.9980665702042856,-0.4539846425552797
1.7918000102825966,0.4362128310834627,0.0408472990931037,0.998066080760377,-0.4540995678649032
1.7971251429211783,-0.4356307509233129,0.0408472990931037,0.9980729451479584,-0.4524877552459558
1.7971251429211783,0.4356307509233129,0.0408472990931037,0.998073117681948,-0.452447242897515
1.8024535843573188,-0.4350462561420645,0.0408472990931037,0.9980749996259634,-0.4520053475243367
1.8024535843573188,-0.4350462561420644,0.0549927819774515,0.9980708174892848,-0.4529873463687344
1.8024535843573188,0.4350462561420644,0.0549927819774515,0.9980663161212436,-0.4540443032676988
1.8024535843573188,0.4350462561420645,0.0408472990931037,0.9980741904953156,-0.4521953378145161
1.8077852354777943,-0.434459361361767,0.0408472990931037,0.9980829324555822,-0.4501426562453703
1.8077852354777943,-0.4344593613617669,0.0549927819774515,0.9980781169311408,-0.4512733795574101
1.8077852354777943,0.4344593613617669,0.0549927819774515,0.9980746568774654,-0.4520858275886545
1.8077852354777943,0.434459361361767,0.0408472990931037,0.9980843807435148,-0.4498025867580803
1.8131199968833465,-0.4338700815186865,0.0408472990931037,0.9980895975613044,-0.448577636586728
1.8131199968833465,-0.4338700815186864,0.0549927819774515,0.998083622368646,-0.449980659188998
1.8131199968833465,0.4338700815186864,0.0549927819774515,0.9980782888474168,-0.4512330122530589
1.8131199968833465,0.4338700815186865,0.0408472990931037,0.9980913550865764,-0.4481649557207863
1.8184578680970092,-0.4332784166655085,0.0408472990931037,0.998088474469842,-0.4488413473649719
1.8184578680970092,0.4332784166655085,0.0408472990931037,0.9980918798499714,-0.4480417371157635
1.8184578680970096,-0.4332784166655086,0.0408472990931037,0.9980920160034786,-0.4480097671929575
1.8184578680970096,-0.4332784166655085,0.0549927819774515,0.9980861661745312,-0.4493833534020674
1.8184578680970096,0.4332784166655085,0.0549927819774515,0.9980778037623382,-0.4513469140748019
1.8184578680970096,0.4332784166655086,0.0408472990931037,0.998094103518,-0.4475196022353746
1.8237987328133427,-0.4326843837528152,0.0408472990931037,0.9980997444491142,-0.4461950668934438
1.8237987328133427,0.4326843837528152,0.0408472990931037,0.9981022186880354,-0.4456140959811703
1.829142465667575,-0.4320880010209645,0.0408472990931037,0.998106301685306,-0.4446553758556382
1.829142465667575,0.4320880010209645,0.0408472990931037,0.9981088441552872,-0.4440583837496216
1.834489066181939,-0.4314892685232772,0.0408472990931037,0.9981086504976062,-0.4441038561082417
1.834489066181939,0.4314892685232772,0.0408472990931037,0.9981114082668064,-0.4434563100389
1.8344890661819395,-0.4314892685232773,0.0426614370491379,0.9981051971893872,-0.4449147202528737
1.8344890661819395,-0.4314892685232772,0.0408472990931037,0.9981060008706522,-0.4447260095209555
1.8344890661819395,0.4314892685232772,0.0408472990931037,0.9981086471459966,-0.4441046430927576
1.8344890661819395,0.4314892685232773,0.0426614370491379,0.9981106031080968,-0.4436453676864988
1.8398384126399667,-0.4308882042547054,0.0408472990931037,0.9981167167983432,-0.4422098247526909
1.8398384126399667,0.4308882042547054,0.0408472990931037,0.9981185644419834,-0.4417759833794881
1.8451903978840996,-0.4302848249355254,0.0408472990931037,0.9981228993249592,-0.4407581184936782
1.8451903978840996,0.4302848249355254,0.0408472990931037,0.9981249041604888,-0.4402873672187675
1.850545021435832,-0.4296791306196835,0.0408472990931037,0.9981224260854394,-0.4408692388843241
1.850545021435832,-0.4296791306196834,0.0426614370491379,0.9981214770146032,-0.4410920882400968
1.850545021435832,0.4296791306196834,0.0426614370491379,0.9981235043939868,-0.4406160434895056
1.850545021435832,0.4296791306196835,0.0408472990931037,0.9981246959434732,-0.4403362582245976
1.8559021820839408,-0.4290711374351235,0.0408472990931037,0.9981319010436538,-0.4386444435865054
1.8559021820839408,-0.4290711374351234,0.0426614370491379,0.9981319238244712,-0.4386390944700069
1.8559021820839408,0.4290711374351234,0.0426614370491379,0.998133972538108,-0.438158040267685
1.8559021820839408,0.4290711374351235,0.0408472990931037,0.998134448804116,-0.438046209233573
1.8612617917955323,-0.4284608602587215,0.0408472990931037,0.9981383542611888,-0.4371291769539102
1.8612617917955323,0.4284608602587215,0.0408472990931037,0.9981408229545068,-0.4365495081932022
1.86662385009142,-0.4278482991450406,0.0408472990931037,0.9981364631082832,-0.4375732346475088
1.86662385009142,0.4278482991450406,0.0408472990931037,0.9981433334182004,-0.4359600314172364
1.8719882651652595,-0.427233469475606,0.0408472990931037,0.998147225248793,-0.4350461987430831
1.8719882651652595,-0.4272334694756059,0.0505937571255093,0.9981465977446315,-0.4351935416944542
1.8719882651652595,0.4272334694756059,0.0505937571255093,0.998145671465534,-0.435411039369329
1.8719882651652595,0.427233469475606,0.0408472990931037,0.9981512479008212,-0.4341016481588206
1.8773548983382011,-0.4266163923481619,0.0408472990931037,0.9981541396842192,-0.4334226344934516
1.8773548983382011,-0.4266163923481618,0.0505937571255093,0.9981526561049432,-0.4337709906680094
1.8773548983382011,0.4266163923481618,0.0505937571255093,0.9981517994036504,-0.4339721509227019
1.8773548983382011,0.4266163923481619,0.0408472990931037,0.9981572099755176,-0.4327017057580797
1.882723749130432,-0.4259970678178794,0.0408472990931037,0.9981575008250876,-0.4326334119733973
1.882723749130432,-0.4259970678178793,0.0426614370491379,0.99815469619788,-0.4332919606743688
1.882723749130432,0.4259970678178793,0.0426614370491379,0.9981576363833802,-0.4326015818117367
1.882723749130432,0.4259970678178794,0.0408472990931037,0.9981591019316216,-0.4322574594670524
1.8827237491304325,-0.4259970678178795,0.0408472990931037,0.9981537201283136,-0.4335211495459744
1.8827237491304325,-0.4259970678178794,0.0426614370491379,0.9981564752894888,-0.4328742158615289
1.8827237491304325,-0.4259970678178792,0.0505937571255093,0.9981530329176688,-0.4336825120529797
1.8827237491304325,0.4259970678178792,0.0505937571255093,0.9981532307719718,-0.4336360542942091
1.8827237491304325,0.4259970678178794,0.0426614370491379,0.998158094842798,-0.4324939319061591
1.8827237491304325,0.4259970678178795,0.0408472990931037,0.9981586230310496,-0.4323699091177048
1.8880946817508344,-0.4253755167932446,0.0408472990931037,0.9981646037059456,-0.4309655992425991
1.8880946817508344,-0.4253755167932445,0.0426614370491379,0.998165110607312,-0.4308465747834939
1.8880946817508344,0.4253755167932445,0.0426614370491379,0.9981657004557772,-0.4307080736880982
1.8880946817508344,0.4253755167932446,0.0408472990931037,0.9981677352900208,-0.4302302784773209
1.893467597604642,-0.424751756135708,0.0408472990931037,0.9981710392702674,-0.429454477724382
1.893467597604642,-0.4247517561357079,0.0426614370491379,0.9981725437313927,-0.4291012183261136
1.893467597604642,0.4247517561357079,0.0426614370491379,0.9981727417614434,-0.4290547193004042
1.893467597604642,0.424751756135708,0.0408472990931037,0.9981734752854408,-0.4288824820510777
1.89884249621148,-0.4241257859010382,0.0573069727662266,0.9981677705419554,-0.4302220010436322
1.89884249621148,-0.4241257859010381,0.0408472990931037,0.9981722235070464,-0.4291764095411234
1.89884249621148,-0.424125785901038,0.0445411355740982,0.9981711758528848,-0.4294224070431274
1.89884249621148,0.424125785901038,0.0445411355740982,0.9981706488441128,-0.429546152880442
1.89884249621148,0.4241257859010381,0.0408472990931037,0.9981736379456748,-0.4288442881387201
1.89884249621148,0.4241257859010382,0.0573069727662266,0.998165428027704,-0.4307720419592049
1.904219264109913,-0.4234976248297895,0.0485058373380791,0.9981788501856084,-0.427620412884268
1.904219264109913,-0.4234976248297894,0.0573069727662266,0.9981765906778772,-0.4281509632109446
1.904219264109913,-0.4234976248297893,0.0408472990931037,0.99818197397042,-0.4268869234479274
1.904219264109913,0.4234976248297893,0.0408472990931037,0.9981824413723298,-0.4267771737743473
1.904219264109913,0.4234976248297894,0.0573069727662266,0.9981748372970992,-0.4285626709168482
1.904219264109913,0.4234976248297895,0.0485058373380791,0.9981762781712452,-0.4282243422454183
1.909597751475552,-0.4228672962319645,0.0485058373380791,0.9981849296644868,-0.4261929030508808
1.909597751475552,-0.4228672962319644,0.0408472990931037,0.998188166306735,-0.4254329137937883
1.909597751475552,0.4228672962319644,0.0408472990931037,0.9981882801545696,-0.4254061814197123
1.909597751475552,0.4228672962319645,0.0485058373380791,0.9981831831486452,-0.4266029988153514
1.914977957827522,-0.4222348001639192,0.0549927819774515,0.9981847718695636,-0.4262299545497159
1.914977957827522,-0.4222348001639191,0.0408472990931037,0.9981897526919687,-0.4250604179654229
1.914977957827522,-0.422234800163919,0.0408472990931037,0.998188541745066,-0.4253447578975313
1.914977957827522,0.422234800163919,0.0408472990931037,0.9981880643463734,-0.4254568548949431
1.914977957827522,0.4222348001639191,0.0408472990931037,0.9981902071905318,-0.4249536980999922
1.914977957827522,0.4222348001639192,0.0549927819774515,0.9981819776989428,-0.426886047961238
1.9203597510035264,-0.4216001580196508,0.0408472990931037,0.9981985904597858,-0.4229852400240063
1.9203597510035264,0.4216001580196508,0.0408472990931037,0.9981975190964124,-0.4232368046368904
1.9257430280686796,-0.4209633880244293,0.0408472990931037,0.9982050235516172,-0.421474699066143
1.9257430280686796,0.4209633880244293,0.0408472990931037,0.9982031365605414,-0.4219177795291204
1.9311277885416775,-0.4203244902351863,0.0426614370491379,0.9982095028866826,-0.420422915684549
1.9311277885416775,-0.4203244902351862,0.0408472990931037,0.998207132676407,-0.4209794598461918
1.9311277885416775,-0.4203244902351861,0.0485058373380791,0.9982026015492128,-0.422043404430192
1.9311277885416775,0.4203244902351861,0.0485058373380791,0.9982010230893292,-0.422414039323464
1.9311277885416775,0.4203244902351862,0.0408472990931037,0.9982051232145024,-0.4214512974306145
1.9311277885416775,0.4203244902351863,0.0426614370491379,0.9982054017604922,-0.4213858926241624
1.9365139229759707,-0.4196834837546389,0.0408472990931037,0.9982145259785762,-0.4192434538893153
1.9365139229759707,-0.4196834837546388,0.0485058373380791,0.9982128084346472,-0.4196467468190067
1.9365139229759707,-0.4196834837546387,0.0426614370491379,0.9982157719051596,-0.4189509004509149
1.9365139229759707,0.4196834837546387,0.0426614370491379,0.9982119237911452,-0.4198544681259756
1.9365139229759707,0.4196834837546388,0.0485058373380791,0.9982106300260016,-0.4201582544375125
1.9365139229759707,0.4196834837546389,0.0408472990931037,0.9982123173661472,-0.4197620535955836
1.941901320001053,-0.419040388216424,0.0408472990931037,0.9982208100845296,-0.4177678959966532
1.941901320001053,-0.4190403882164239,0.0426614370491379,0.9982216373589482,-0.4175736454052316
1.941901320001053,0.4190403882164239,0.0426614370491379,0.998217010261726,-0.4186601245125541
1.941901320001053,0.419040388216424,0.0408472990931037,0.9982184041896726,-0.4183328191808587
1.9472899791352547,-0.4183952036780392,0.0549927819774515,0.9982172708039304,-0.4185989471375946
1.9472899791352547,-0.4183952036780391,0.0426614370491379,0.9982211198235776,-0.4176951668128276
1.9472899791352547,-0.418395203678039,0.0408472990931037,0.9982232939155736,-0.4171846727778389
1.9472899791352547,-0.4183952036780389,0.0408472990931037,0.9982207122127226,-0.4177908770727501
1.9472899791352547,0.4183952036780389,0.0408472990931037,0.9982174718648984,-0.418551736428504
1.9472899791352547,0.418395203678039,0.0408472990931037,0.9982208169624852,-0.4177662809981444
1.9472899791352547,0.4183952036780391,0.0426614370491379,0.9982179705024102,-0.4184346523879415
1.9472899791352547,0.4183952036780392,0.0549927819774515,0.9982154507064324,-0.4190263204582602
1.9526797872335693,-0.4177479500047042,0.0426614370491379,0.9982300830178,-0.4155905377570816
1.9526797872335693,-0.4177479500047041,0.0408472990931037,0.9982301269534466,-0.4155802213190112
1.9526797872335693,0.4177479500047041,0.0408472990931037,0.9982281354453616,-0.4160478432042835
1.9526797872335693,0.4177479500047042,0.0426614370491379,0.9982278134473556,-0.4161234508886163
1.95807062432483,-0.4170986482314739,0.0426614370491379,0.9982360605151778,-0.4141869739885014
1.95807062432483,-0.4170986482314738,0.0408472990931037,0.9982361210838112,-0.4141727519932607
1.95807062432483,0.4170986482314738,0.0408472990931037,0.998234704263232,-0.4145054326965035
1.95807062432483,0.4170986482314739,0.0426614370491379,0.998233671235508,-0.4147479957950617
1.9634624899270567,-0.4164472984164001,0.0408472990931037,0.9982370450603306,-0.4139557949820093
1.9634624899270567,-0.4164472984164,0.0573069727662266,0.9982309882116478,-0.4153779910660758
1.9634624899270567,0.4164472984164,0.0573069727662266,0.998230660048562,-0.4154550463600384
1.9634624899270567,0.4164472984164001,0.0408472990931037,0.9982338099869418,-0.4147154158585099
1.9634624899270572,-0.4164472984164001,0.0408472990931037,0.9982382956625144,-0.4136621436755823
1.9634624899270572,0.4164472984164001,0.0408472990931037,0.9982374419282968,-0.4138626072375634
1.968855264860824,-0.4157939215999049,0.0408472990931037,0.9982463094192948,-0.4117804500575964
1.968855264860824,-0.4157939215999048,0.0549927819774515,0.9982440289516042,-0.4123159219488482
1.968855264860824,0.4157939215999048,0.0549927819774515,0.9982385041422888,-0.4136131909719256
1.968855264860824,0.4157939215999049,0.0408472990931037,0.998244805831128,-0.4121335044782668
1.974248821356214,-0.4151385401332208,0.0408472990931037,0.9982523464096492,-0.4103629168664374
1.974248821356214,-0.4151385401332207,0.0549927819774515,0.99824999213178,-0.4109157199727868
1.974248821356214,0.4151385401332207,0.0549927819774515,0.9982427272187704,-0.4126215791372248
1.974248821356214,0.4151385401332208,0.0408472990931037,0.9982509828099032,-0.4106831008961867
1.9796431589310053,-0.4144811540749437,0.0426614370491379,0.9982505115064544,-0.4107937666820995
1.9796431589310053,-0.4144811540749436,0.0408472990931037,0.9982548550696712,-0.4097738636068223
1.9796431589310053,-0.4144811540749435,0.0408472990931037,0.9982539661384586,-0.4099825917022104
1.9796431589310053,-0.4144811540749434,0.0485058373380791,0.998256569823366,-0.4093712258462811
1.9796431589310053,0.4144811540749434,0.0485058373380791,0.9982507199297918,-0.4107448272302639
1.9796431589310053,0.4144811540749435,0.0408472990931037,0.9982499382930206,-0.4109283617402658
1.9796431589310053,0.4144811540749436,0.0408472990931037,0.9982535271618364,-0.4100856668929389
1.9796431589310053,0.4144811540749437,0.0426614370491379,0.9982544754032496,-0.4098630122922557
1.985038147556716,-0.413821786150663,0.0485058373380791,0.998258319065642,-0.4089604898933979
1.985038147556716,-0.4138217861506629,0.0408472990931037,0.9982637051278228,-0.4076957997973795
1.985038147556716,0.4138217861506629,0.0408472990931037,0.9982605937871448,-0.40842636725258
1.985038147556716,0.413821786150663,0.0485058373380791,0.9982598347612824,-0.4086045925419015
1.9904336733116292,-0.4131604574270804,0.0408472990931037,0.9982697944093362,-0.4062659882276312
1.9904336733116292,-0.4131604574270803,0.0549927819774515,0.9982681145628436,-0.4066604295004252
1.9904336733116292,0.4131604574270803,0.0549927819774515,0.9982607888882612,-0.4083805559638403
1.9904336733116292,0.4131604574270804,0.0408472990931037,0.9982669084007362,-0.4069436459246325
1.9958297357133497,-0.4124971679633234,0.0485058373380791,0.9982671879841484,-0.4068779975231581
1.9958297357133497,-0.4124971679633233,0.0408472990931037,0.9982718430764712,-0.4057849449443272
1.9958297357133497,-0.4124971679633232,0.0485058373380791,0.998265496646893,-0.4072751369181427
1.9958297357133497,0.4124971679633232,0.0485058373380791,0.998267486771052,-0.4068078399896858
1.9958297357133497,0.4124971679633233,0.0408472990931037,0.9982698115303776,-0.4062619680713467
1.9958297357133497,0.4124971679633234,0.0485058373380791,0.9982657548480356,-0.4072145092430752
2.001226221212145,-0.4118319388788714,0.0408472990931037,0.998280672924412,-0.4037116266525719
2.001226221212145,0.4118319388788714,0.0408472990931037,0.9982769296406,-0.4045905793651061
2.006623009814107,-0.4111647923423218,0.0408472990931037,0.998286841542474,-0.4022631862322612
2.006623009814107,0.4111647923423218,0.0408472990931037,0.9982831935451288,-0.4031197649270374
2.0120201010367267,-0.4104957284133224,0.0408472990931037,0.9982867048372436,-0.4022952857040535
2.0120201010367267,0.4104957284133224,0.0408472990931037,0.9982864204505448,-0.4023620619552852
2.017417385876437,-0.4098247679823777,0.0408472990931037,0.9982959954896364,-0.4001137668741349
2.017417385876437,0.4098247679823777,0.0408472990931037,0.9982935725312893,-0.400682696701124
2.0228147515049373,-0.4091519326632363,0.0408472990931037,0.9983024201157064,-0.3986052137441372
2.0228147515049373,0.4091519326632363,0.0408472990931037,0.9982997510235778,-0.3992319377341459
2.028212197439664,-0.4084772225160544,0.0408472990931037,0.9983020561703524,-0.3986906709983112
2.028212197439664,0.4084772225160544,0.0408472990931037,0.998302791288907,-0.398518059334325
2.033609595358574,-0.4078006611787612,0.0408472990931037,0.998311012331728,-0.3965876933107843
2.033609595358574,0.4078006611787612,0.0408472990931037,0.998310248943994,-0.3967669428021705
2.039006827673301,-0.4071222712136003,0.0408472990931037,0.9983175150686928,-0.3950607991234787
2.039006827673301,0.4071222712136003,0.0408472990931037,0.9983170014426735,-0.3951814025844026
2.0444038939012943,-0.4064420526812246,0.0408472990931037,0.9983179994731536,-0.3949470571161608
2.0444038939012943,0.4064420526812246,0.0408472990931037,0.9983176159868264,-0.3950371027457393
2.0444038939012947,-0.4064420526812247,0.0408472990931037,0.9983203987646976,-0.3943836844421948
2.0444038939012947,0.4064420526812247,0.0408472990931037,0.9983205195218016,-0.394355329716898
2.049800688887039,-0.4057600266590448,0.0408472990931037,0.9983272215838072,-0.3927816324299645
2.049800688887039,0.4057600266590448,0.0408472990931037,0.9983277513129448,-0.3926572478292685
2.055197097531502,-0.4050762157022571,0.0408472990931037,0.998333350011148,-0.3913426291096131
2.055197097531502,0.4050762157022571,0.0408472990931037,0.9983343333653336,-0.3911117297516897
2.060593119352208,-0.4043906198719991,0.0549927819774515,0.9983279400535182,-0.3926129300464415
2.060593119352208,-0.404390619871999,0.0408472990931037,0.9983359255505508,-0.3907378720412489
2.060593119352208,0.404390619871999,0.0408472990931037,0.998334982226273,-0.3909593720594914
2.060593119352208,0.4043906198719991,0.0549927819774515,0.9983316579533064,-0.3917399377039892
2.065988632959883,-0.4037032626064224,0.0549927819774515,0.9983370158608756,-0.3904818585339432
2.065988632959883,-0.4037032626064223,0.0408472990931037,0.9983434218000452,-0.3889776932363094
2.065988632959883,0.4037032626064223,0.0408472990931037,0.9983445018964908,-0.3887240780288554
2.065988632959883,0.4037032626064224,0.0549927819774515,0.998339846278168,-0.389817254116661
2.071383531150062,-0.4030141657865427,0.0408472990931037,0.9983492153514124,-0.3876173214491119
2.071383531150062,-0.4030141657865426,0.048505837338079,0.9983460084340896,-0.3883703310581113
2.071383531150062,0.4030141657865426,0.048505837338079,0.998346300102974,-0.3883018448920185
2.071383531150062,0.4030141657865427,0.0408472990931037,0.9983507083664882,-0.3872667496740386
2.076777813440404,-0.4023233294739702,0.0549927819774515,0.9983420973366474,-0.3892886877412979
2.076777813440404,-0.4023233294739701,0.0408472990931037,0.9983512600073412,-0.387137220028808
2.076777813440404,-0.40232332947397,0.0408472990931037,0.9983496385439448,-0.3875179524878719
2.076777813440404,0.40232332947397,0.0408472990931037,0.998351528547064,-0.387074164773151
2.076777813440404,0.4023233294739701,0.0408472990931037,0.9983541569015646,-0.3864570063011662
2.076777813440404,0.4023233294739702,0.0549927819774515,0.9983478343333956,-0.3879415954270058
2.082171381527459,-0.4016307744741361,0.0573069727662266,0.9983526673540722,-0.3868067638601852
2.082171381527459,-0.401630774474136,0.0408472990931037,0.998358590030268,-0.3854160725396693
2.082171381527459,0.401630774474136,0.0408472990931037,0.9983600786734016,-0.3850665273312678
2.082171381527459,0.4016307744741361,0.0573069727662266,0.9983535385788492,-0.386602193376275
2.0875641492292694,-0.4009365201969304,0.0573069727662266,0.9983584901916456,-0.3854395154396601
2.0875641492292694,-0.4009365201969303,0.0485058373380791,0.998363058435392,-0.3843668555950363
2.0875641492292694,-0.4009365201969302,0.0408472990931037,0.9983644116880556,-0.384049101142182
2.0875641492292694,0.4009365201969302,0.0408472990931037,0.9983662471823864,-0.3836181125231204
2.0875641492292694,0.4009365201969303,0.0485058373380791,0.9983622690540456,-0.3845522085926361
2.0875641492292694,0.4009365201969304,0.0573069727662266,0.9983596431335716,-0.3851687955359477
2.0929561160636823,-0.4002405667044241,0.0408472990931037,0.9983645901043866,-0.3840072075733524
2.0929561160636823,0.4002405667044241,0.0408472990931037,0.9983683334943564,-0.3831282299341892
2.092956116063683,-0.4002405667044242,0.0426614370491379,0.9983655996155256,-0.3837701663554259
2.092956116063683,-0.4002405667044241,0.0408472990931037,0.9983666652853516,-0.3835199386325553
2.092956116063683,0.4002405667044241,0.0408472990931037,0.9983693913270388,-0.382879842434762
2.092956116063683,0.4002405667044242,0.0426614370491379,0.9983668183382954,-0.3834840005880914
2.098347196461805,-0.3995429333738519,0.0408472990931037,0.9983735457828384,-0.3819043432801387
2.098347196461805,0.3995429333738519,0.0408472990931037,0.9983770668085724,-0.3810775785262228
2.1037373043285186,-0.3988436397900918,0.0408472990931037,0.9983798570230582,-0.3804224140466319
2.1037373043285186,0.3988436397900918,0.0408472990931037,0.9983826427095776,-0.3797683127694042
2.1091264391819102,-0.3981426860156655,0.0408472990931037,0.9983832368826844,-0.3796287962138944
2.1091264391819102,0.3981426860156655,0.0408472990931037,0.9983843691451316,-0.3793629320157059
2.114514511244922,-0.39744009214566,0.0408472990931037,0.9983898060211168,-0.3780863104356367
2.114514511244922,0.39744009214566,0.0408472990931037,0.9983927027716456,-0.3774061304485506
2.1199014332667905,-0.3967358780991902,0.0408472990931037,0.9983961715429426,-0.3765916354506953
2.1199014332667905,0.3967358780991902,0.0408472990931037,0.9983981504722956,-0.3761269671514228
2.125287204765886,-0.3960300439392177,0.0408472990931037,0.9983971635825326,-0.3763586966909435
2.125287204765886,-0.3960300439392176,0.0408472990931037,0.9983988072263972,-0.3759727560821879
2.125287204765886,0.3960300439392176,0.0408472990931037,0.9984005105234052,-0.3755728084424787
2.125287204765886,0.3960300439392177,0.0408472990931037,0.998399523765048,-0.3758045071268557
2.13067174898515,-0.3953226082774798,0.0408472990931037,0.9984058413585054,-0.3743210861027969
2.13067174898515,0.3953226082774798,0.0408472990931037,0.9984079508757316,-0.3738257547356902
2.1360550207067384,-0.3946135856353467,0.0408472990931037,0.998411550978874,-0.3729804219794265
2.1360550207067384,0.3946135856353467,0.0408472990931037,0.9984136318450544,-0.37249181810501
2.141437019449349,-0.3939029760762103,0.0408472990931037,0.9984134145687314,-0.3725428363080093
2.141437019449349,-0.3939029760762101,0.0408472990931037,0.998412035700992,-0.372866605383672
2.141437019449349,0.3939029760762101,0.0408472990931037,0.9984146375994108,-0.372255659009381
2.141437019449349,0.3939029760762103,0.0408472990931037,0.9984157677551816,-0.3719902894755606
2.1468176900215696,-0.3931907954035655,0.0408472990931037,0.9984203645077528,-0.3709109355328417
2.1468176900215696,0.3931907954035655,0.0408472990931037,0.9984232906127553,-0.3702238628826772
2.152196987509285,-0.3924770581299723,0.0408472990931037,0.9984260094714404,-0.3695854533106871
2.152196987509285,0.3924770581299723,0.0408472990931037,0.998429179919098,-0.3688410070682226
2.1575749114315457,-0.3917617643192437,0.0408472990931037,0.998425475280304,-0.3697108856241173
2.1575749114315457,0.3917617643192437,0.0408472990931037,0.998430010970813,-0.3686458695376715
2.1575749114315466,-0.3917617643192437,0.0408472990931037,0.998428118185064,-0.3690903106358479
2.1575749114315466,0.3917617643192437,0.0408472990931037,0.9984319215513268,-0.3681972500876653
2.162951437429105,-0.391044925771958,0.0408472990931037,0.9984347791025332,-0.367526274412203
2.162951437429105,0.391044925771958,0.0408472990931037,0.9984384256642624,-0.3666700328115126
2.1683265352466767,-0.3903265549415142,0.0408472990931037,0.9984409412069264,-0.3660793634529935
2.1683265352466767,0.3903265549415142,0.0408472990931037,0.9984446000729144,-0.3652202327147394
2.173700204403689,-0.3896066518921397,0.0408472990931037,0.998443845687432,-0.3653973684061115
2.173700204403689,0.3896066518921397,0.0408472990931037,0.9984477002231986,-0.3644922928527708
2.1737002044036897,-0.3896066518921397,0.0408472990931037,0.9984407708382554,-0.3661193673674644
2.1737002044036897,0.3896066518921397,0.0408472990931037,0.9984450875333192,-0.365105773147559
2.179072397694485,-0.3888852314428466,0.0408472990931037,0.9984503867638348,-0.3638614718149043
2.179072397694485,0.3888852314428466,0.0408472990931037,0.9984539416133272,-0.3630267649743249
2.1844431077108992,-0.3881623029597357,0.0408472990931037,0.9984566381039098,-0.3623936076101642
2.1844431077108992,0.3881623029597357,0.0408472990931037,0.9984603233343946,-0.3615282862790913
2.1898123339727533,-0.3874378665074418,0.0408472990931037,0.9984594697033548,-0.361728725614081
2.1898123339727533,0.3874378665074418,0.0408472990931037,0.9984634938098494,-0.3607838335095696
2.1951801029405256,-0.3867119268774979,0.0408472990931037,0.9984663764904578,-0.3601069572513914
2.1951801029405256,0.3867119268774979,0.0408472990931037,0.9984701737739294,-0.3592153249907399
2.200546442511882,-0.3859844884441102,0.0408472990931037,0.9984724969685168,-0.3586698204853666
2.200546442511882,-0.3859844884441101,0.0426614370491379,0.998471073663524,-0.3590040237804205
2.200546442511882,0.3859844884441101,0.0426614370491379,0.9984758593212788,-0.3578803134030915
2.200546442511882,0.3859844884441102,0.0408472990931037,0.9984762746175456,-0.3577827985475407
2.2059113522070355,-0.3852555512723168,0.0408472990931037,0.998475135448857,-0.3580502843859724
2.2059113522070355,-0.3852555512723167,0.0426614370491379,0.998471206464376,-0.3589728410876475
2.2059113522070355,0.3852555512723167,0.0426614370491379,0.9984796417168488,-0.3569921769397748
2.2059113522070355,0.3852555512723168,0.0408472990931037,0.9984789530325106,-0.3571538854816962
2.211274836210994,-0.3845251229555558,0.0408472990931037,0.9984818517831372,-0.3564732358558285
2.211274836210994,-0.3845251229555557,0.0445411355740982,0.998480832300664,-0.3567126184221218
2.211274836210994,0.3845251229555557,0.0445411355740982,0.998484081974246,-0.3559495693045285
2.211274836210994,0.3845251229555558,0.0408472990931037,0.9984856541059846,-0.3555804203098162
2.2166369192279527,-0.3837932080438336,0.0408472990931037,0.9984876416847612,-0.3551137210572863
2.2166369192279527,-0.3837932080438335,0.0445411355740982,0.9984868356843132,-0.3553029763517212
2.2166369192279527,0.3837932080438335,0.0445411355740982,0.9984894754414309,-0.3546831404548838
2.2166369192279527,0.3837932080438336,0.0408472990931037,0.9984911356222366,-0.35429331684123
2.2219976007785025,-0.3830598066025885,0.0408472990931037,0.9984877425622872,-0.3550900342145399
2.2219976007785025,-0.3830598066025884,0.0408472990931037,0.998490041580676,-0.3545502064722191
2.2219976007785025,0.3830598066025884,0.0408472990931037,0.9984934179719244,-0.3537574030420589
2.2219976007785025,0.3830598066025885,0.0408472990931037,0.9984915298470658,-0.354200749726262
2.2273569264775723,-0.382324920348303,0.0408472990931037,0.9984965834912282,-0.3530141140161166
2.2273569264775723,-0.3823249203483029,0.0426614370491379,0.998496922663194,-0.3529344737499066
2.2273569264775723,0.3823249203483029,0.0426614370491379,0.9985001088640268,-0.3521863285369737
2.2273569264775723,0.382324920348303,0.0408472990931037,0.9984995831437832,-0.3523097718175808
2.232714933389218,-0.3815885518747702,0.0408472990931037,0.9985023590564392,-0.3516579655209805
2.232714933389218,-0.3815885518747701,0.0426614370491379,0.9985006756422112,-0.3520532445263377
2.232714933389218,0.3815885518747701,0.0426614370491379,0.9985052846563978,-0.3509710114591522
2.232714933389218,0.3815885518747702,0.0408472990931037,0.998505499159757,-0.3509206443700224
2.2380716210343943,-0.3808507012478266,0.0445411355740982,0.9985024593389488,-0.3516344183928205
2.2380716210343943,-0.3808507012478265,0.0408472990931037,0.9985030790602768,-0.3514889029123438
2.2380716210343943,-0.3808507012478264,0.0485058373380791,0.9985043139817078,-0.3511989335710052
2.2380716210343943,0.3808507012478264,0.0485058373380791,0.998506192345918,-0.3507578787644725
2.2380716210343943,0.3808507012478265,0.0408472990931037,0.9985061114630416,-0.3507768707050183
2.2380716210343943,0.3808507012478266,0.0445411355740982,0.9985065440051062,-0.3506753063994108
2.238071621034395,-0.3808507012478266,0.0549927819774515,0.9985019295643984,-0.3517588136568244
2.238071621034395,-0.3808507012478265,0.0408472990931037,0.998505214529798,-0.350987477740649
2.238071621034395,-0.3808507012478264,0.0426614370491379,0.9985013575459516,-0.3518931281225968
2.238071621034395,0.3808507012478264,0.0426614370491379,0.9985087540394258,-0.3501563728219569
2.238071621034395,0.3808507012478265,0.0408472990931037,0.9985085319953272,-0.3502085105365183
2.238071621034395,0.3808507012478266,0.0549927819774515,0.9984967533879128,-0.3529742209277796
2.2434270461028625,-0.380111368278711,0.0445411355740982,0.9985112756890112,-0.3495642695098798
2.2434270461028625,-0.3801113682787109,0.0408472990931037,0.998512109381608,-0.3493685118793886
2.2434270461028625,-0.3801113682787108,0.0485058373380791,0.9985122243160736,-0.3493415243557642
2.2434270461028625,0.3801113682787108,0.0485058373380791,0.99851404085895,-0.3489149856884797
2.2434270461028625,0.3801113682787109,0.0408472990931037,0.9985146726019962,-0.3487666474133036
2.2434270461028625,0.380111368278711,0.0445411355740982,0.99851468848654,-0.3487629175964766
2.248781272652633,-0.379370551542349,0.0426614370491379,0.9985153270380276,-0.3486129806453486
2.248781272652633,-0.3793705515423489,0.0408472990931037,0.9985179843942488,-0.3479890123394193
2.248781272652633,0.3793705515423489,0.0408472990931037,0.9985207569913854,-0.3473379845530601
2.248781272652633,0.379370551542349,0.0426614370491379,0.9985216651644516,-0.3471247383179248
2.254134300205,-0.378628251104975,0.0426614370491379,0.998517470664436,-0.3481096401718867
2.254134300205,-0.3786282511049749,0.0408472990931037,0.9985188280784264,-0.3477909086065555
2.254134300205,0.3786282511049749,0.0408472990931037,0.9985234879327478,-0.3466967378726846
2.254134300205,0.378628251104975,0.0426614370491379,0.9985255348695108,-0.346216100894459
2.259486178317513,-0.3778844674317518,0.0408472990931037,0.9985274145475466,-0.3457747375912074
2.259486178317513,0.3778844674317518,0.0408472990931037,0.9985306842576817,-0.3450069837321181
2.264836913992933,-0.3771392066579878,0.0408472990931037,0.9985336327451322,-0.3443146555057334
2.264836913992933,0.3771392066579878,0.0408472990931037,0.998536914609692,-0.3435440476913775
2.270186506752867,-0.3763924688503143,0.0426614370491379,0.9985327636483888,-0.3445187263105023
2.270186506752867,-0.3763924688503142,0.0408472990931037,0.9985363846482832,-0.3436684868312452
2.270186506752867,0.3763924688503142,0.0408472990931037,0.9985396749109172,-0.3428959070824862
2.270186506752867,0.3763924688503143,0.0426614370491379,0.9985384809530672,-0.3431762578502635
2.270186506752868,-0.3763924688503144,0.0485058373380791,0.9985375308203897,-0.3433993565347864
2.270186506752868,-0.3763924688503143,0.0426614370491379,0.9985335460913256,-0.344335002506458
2.270186506752868,-0.3763924688503142,0.0408472990931037,0.9985340546714032,-0.3442155838726366
2.270186506752868,0.3763924688503142,0.0408472990931037,0.9985380604742294,-0.3432749896145772
2.270186506752868,0.3763924688503143,0.0426614370491379,0.9985413699961168,-0.3424978876404462
2.270186506752868,0.3763924688503144,0.0485058373380791,0.9985378757479207,-0.3433183648162053
2.2755349390508828,-0.3756442636054247,0.0426614370491379,0.9985414217001588,-0.3424857471215616
2.2755349390508828,-0.3756442636054246,0.0408472990931037,0.9985429946926552,-0.3421163960141209
2.2755349390508828,0.3756442636054246,0.0408472990931037,0.9985472384337536,-0.3411199319635336
2.2755349390508828,0.3756442636054247,0.0426614370491379,0.9985491666813452,-0.3406671641436107
2.280882244964201,-0.3748945931569272,0.0426614370491379,0.9985463613179496,-0.3413258857073082
2.280882244964201,-0.3748945931569271,0.0408472990931037,0.9985489348405088,-0.3407216022098568
2.280882244964201,0.3748945931569271,0.0408472990931037,0.9985531655978208,-0.3397281868552873
2.280882244964201,0.3748945931569272,0.0426614370491379,0.998553496104573,-0.3396505812498822
2.286228424014737,-0.3741434575718476,0.0445411355740982,0.9985507213944133,-0.3403021051908652
2.286228424014737,-0.3741434575718475,0.0408472990931037,0.9985517322070384,-0.3400647583736236
2.286228424014737,-0.3741434575718474,0.0408472990931037,0.9985497825777616,-0.3405225467827526
2.286228424014737,0.3741434575718474,0.0408472990931037,0.9985546847556024,-0.339371476565609
2.286228424014737,0.3741434575718475,0.0408472990931037,0.9985557649688273,-0.3391178339374347
2.286228424014737,0.3741434575718476,0.0445411355740982,0.9985556815277664,-0.3391374265599405
2.291573508372041,-0.3733908592698553,0.0426614370491379,0.998557074269564,-0.338810399745501
2.291573508372041,-0.3733908592698552,0.0408472990931037,0.9985583011399344,-0.338522320856986
2.291573508372041,0.3733908592698552,0.0408472990931037,0.998563421358042,-0.3373200530567055
2.291573508372041,0.3733908592698553,0.0426614370491379,0.9985645808301288,-0.3370477998194847
2.2969174944462245,-0.3726368055562269,0.0426614370491379,0.9985622663555024,-0.3375912568088968
2.2969174944462245,-0.3726368055562268,0.0408472990931037,0.9985637725798532,-0.3372375833912882
2.2969174944462245,0.3726368055562268,0.0408472990931037,0.9985688761895734,-0.3360392153720881
2.2969174944462245,0.3726368055562269,0.0426614370491379,0.998569105111906,-0.3359854625937151
2.3022603817594973,-0.3718812964983801,0.0408472990931037,0.9985646256326643,-0.3370372798289518
2.3022603817594973,-0.37188129649838,0.0408472990931037,0.9985661545324656,-0.3366782820358631
2.3022603817594973,0.37188129649838,0.0408472990931037,0.9985707137652344,-0.3356077380402181
2.3022603817594973,0.3718812964983801,0.0408472990931037,0.9985701966133677,-0.3357291693980334
2.3076021552212773,-0.3711243409975814,0.0408472990931037,0.9985729926436928,-0.3350726393132305
2.3076021552212773,0.3711243409975814,0.0408472990931037,0.9985783496828016,-0.3338147640646263
2.312942750274789,-0.3703659549514579,0.0408472990931037,0.9985788466922078,-0.3336980623162028
2.312942750274789,0.3703659549514579,0.0408472990931037,0.9985838157657692,-0.3325312844535653
2.318282166442545,-0.3696061384278147,0.0408472990931037,0.998579579052435,-0.3335260983293426
2.318282166442545,0.3696061384278147,0.0408472990931037,0.9985861321870982,-0.3319873703629564
2.3236203368555763,-0.3688449076835095,0.0408472990931037,0.99858780355565,-0.3315949197778925
2.3236203368555763,0.3688449076835095,0.0408472990931037,0.9985927849929076,-0.3304252388213319
2.3289571214502933,-0.3680822895812126,0.0408472990931037,0.9985940002365816,-0.330139889973346
2.3289571214502933,0.3680822895812126,0.0408472990931037,0.9985983955979136,-0.3291078242900004
2.3342925197495514,-0.3673182841891073,0.0408472990931037,0.998596718745752,-0.329501562470164
2.3342925197495514,-0.3673182841891072,0.0408472990931037,0.9985949395450832,-0.3299193328911524
2.3342925197495514,-0.3673182841891071,0.0426614370491379,0.9985950668889528,-0.329889431541084
2.3342925197495514,0.3673182841891071,0.0426614370491379,0.9985984968071692,-0.3290840595545301
2.3342925197495514,0.3673182841891072,0.0408472990931037,0.9985982628326264,-0.3291389986318828
2.3342925197495514,0.3673182841891073,0.0408472990931037,0.9986007844993596,-0.3285468912934354
2.339626422107981,-0.3665529140988979,0.0408472990931037,0.998603186239047,-0.3279829437759509
2.339626422107981,0.3665529140988979,0.0408472990931037,0.9986060269343234,-0.3273159260065201
2.344958716313476,-0.3657862024607618,0.0408472990931037,0.998609098612791,-0.3265946715527817
2.344958716313476,-0.3657862024607617,0.0426614370491379,0.9986079352972648,-0.3268678272600541
2.344958716313476,0.3657862024607617,0.0426614370491379,0.9986128228857843,-0.3257201827311785
2.344958716313476,0.3657862024607618,0.0408472990931037,0.9986116660395332,-0.3259918194014232
2.350289401889292,-0.3650181493432481,0.0408472990931037,0.9986113457931404,-0.3260670157930942
2.350289401889292,-0.365018149343248,0.0426614370491379,0.9986111454109085,-0.3261140671296018
2.350289401889292,0.365018149343248,0.0426614370491379,0.9986168449036,-0.3247757810651074
2.350289401889292,0.3650181493432481,0.0408472990931037,0.9986143220800836,-0.325368160025478
2.355618282381688,-0.3642487900998341,0.0408472990931037,0.9986181120690532,-0.3244782405717211
2.355618282381688,0.3642487900998341,0.0408472990931037,0.9986195305806608,-0.3241451628015462
2.360945088700213,-0.3634781710567203,0.0426614370491379,0.998622412457573,-0.3234684752575856
2.360945088700213,-0.3634781710567202,0.0408472990931037,0.9986239556525056,-0.3231061208543482
2.360945088700213,0.3634781710567202,0.0408472990931037,0.998625054512632,-0.3228480997858671
2.360945088700213,0.3634781710567203,0.0426614370491379,0.9986254449716372,-0.3227564169161971
2.366269820368614,-0.3627062922828054,0.0426614370491379,0.998626618106101,-0.3224809556445518
2.366269820368614,-0.3627062922828053,0.0408472990931037,0.9986247053240211,-0.3229300920397164
2.366269820368614,0.3627062922828053,0.0408472990931037,0.9986264187027027,-0.3225277771431518
2.366269820368614,0.3627062922828054,0.0426614370491379,0.9986267643729086,-0.322446611038638
2.371592259820512,-0.3619331928490505,0.0408472990931037,0.9986323565357068,-0.3211335268839083
2.371592259820512,0.3619331928490505,0.0408472990931037,0.9986338701976726,-0.3207781070553725
2.376912161357463,-0.3611589163995508,0.0408472990931037,0.9986380104308972,-0.3198059474741047
2.376912161357463,0.3611589163995508,0.0408472990931037,0.998639401546547,-0.3194793024920268
2.3822295245038294,-0.3603834630035319,0.0408472990931037,0.99864064749562,-0.3191867437728719
2.3822295245038294,-0.3603834630035318,0.0408472990931037,0.9986382604498124,-0.3197472410509302
2.3822295245038294,0.3603834630035318,0.0408472990931037,0.9986406559023244,-0.3191847698120537
2.3822295245038294,0.3603834630035319,0.0408472990931037,0.9986416269759544,-0.318956754025902
2.387544048285507,-0.3596068845697697,0.0408472990931037,0.9986465321363024,-0.3178049834924677
2.387544048285507,0.3596068845697697,0.0408472990931037,0.998648636483698,-0.3173108660425591
2.392855417784441,-0.3588292356335537,0.0408472990931037,0.9986525083365873,-0.3164017242915252
2.392855417784441,0.3588292356335537,0.0408472990931037,0.9986544264099038,-0.3159513454720199
2.39816363252576,-0.358050516264411,0.0408472990931037,0.9986530613120432,-0.3162718812709605
2.39816363252576,-0.3580505162644108,0.0426614370491379,0.9986549777747488,-0.3158218806356804
2.39816363252576,0.3580505162644108,0.0426614370491379,0.99865672448709,-0.3154117387315995
2.39816363252576,0.358050516264411,0.0408472990931037,0.9986555205492872,-0.3156944328713954
2.403468340010241,-0.3572707868901861,0.0408472990931037,0.9986617113827304,-0.3142407761034748
2.403468340010241,-0.357270786890186,0.0426614370491379,0.9986612151970856,-0.3143572844261934
2.403468340010241,0.357270786890186,0.0426614370491379,0.998663100457951,-0.313914610230338
2.403468340010241,0.3572707868901861,0.0408472990931037,0.9986635200360016,-0.3138160899780309
2.408769110425914,-0.3564901200094538,0.0408472990931037,0.9986677629883064,-0.3128198111424825
2.408769110425914,-0.3564901200094537,0.0426614370491379,0.9986656994551149,-0.313304345093749
2.408769110425914,0.3564901200094537,0.0426614370491379,0.9986680026178903,-0.3127635442165988
2.408769110425914,0.3564901200094538,0.0408472990931037,0.998669170481896,-0.3124893204903138
2.4140659432988545,-0.355708515692011,0.0408472990931037,0.9986706966101748,-0.3121309734725896
2.4140659432988545,-0.3557085156920109,0.0426614370491379,0.998666949706736,-0.3130107761021946
2.4140659432988545,0.3557085156920109,0.0426614370491379,0.9986712720434762,-0.3119958571719344
2.4140659432988545,0.355708515692011,0.0408472990931037,0.9986715875154052,-0.311921781862243
2.414065943298855,-0.355708515692011,0.0426614370491379,0.9986705480722498,-0.3121658513548997
2.414065943298855,-0.3557085156920109,0.0408472990931037,0.9986686040011384,-0.3126223346627129
2.414065943298855,0.3557085156920109,0.0408472990931037,0.9986698682909234,-0.3123254693990296
2.414065943298855,0.355708515692011,0.0426614370491379,0.998670418880892,-0.3121961865098079
2.419358456680817,-0.354926039830552,0.0408472990931037,0.9986768630480476,-0.31068304497805
2.419358456680817,0.354926039830552,0.0408472990931037,0.9986785244193818,-0.3102929418188777
2.4246462847636256,-0.3541427566780061,0.0408472990931037,0.9986826344597716,-0.3093278717545863
2.4246462847636256,0.3541427566780061,0.0408472990931037,0.9986844458674524,-0.3089025388718581
2.4299294270745118,-0.3533586663044042,0.0408472990931037,0.9986836072982496,-0.3090994415681234
2.4299294270745118,0.3533586663044042,0.0408472990931037,0.998684585488881,-0.3088697546536702
2.429929427074512,-0.3533586663044044,0.0426614370491379,0.9986837208135814,-0.3090727872683934
2.429929427074512,-0.3533586663044043,0.0408472990931037,0.9986854306713115,-0.308671299119107
2.429929427074512,0.3533586663044043,0.0408472990931037,0.9986874878258456,-0.3081882629271837
2.429929427074512,0.3533586663044044,0.0426614370491379,0.9986863520381032,-0.3084549548926228
2.435207466188908,-0.3525738409020328,0.0408472990931037,0.9986914806948828,-0.3072507056253706
2.435207466188908,0.3525738409020328,0.0408472990931037,0.9986935339729118,-0.3067685796675521
2.440479958965751,-0.3517883574394798,0.0408472990931037,0.9986970528121356,-0.3059423283235889
2.440479958965751,0.3517883574394798,0.0408472990931037,0.9986998310195044,-0.3052899832102176
2.4457469049336438,-0.351002215986973,0.0408472990931037,0.9986978201555512,-0.3057621500067632
2.4457469049336438,-0.3510022159869729,0.0408472990931037,0.9986997440633022,-0.3053104012157891
2.4457469049336438,0.3510022159869729,0.0408472990931037,0.9987032149234352,-0.304495415742632
2.4457469049336438,0.351002215986973,0.0408472990931037,0.9986995960320544,-0.305345160126263
2.4510078709318543,-0.3502154923536776,0.0408472990931037,0.9987058285408754,-0.3038817176492397
2.4510078709318543,0.3502154923536776,0.0408472990931037,0.9987081590369132,-0.3033344987054488
2.456262423773536,-0.3494282633056104,0.0408472990931037,0.9987115971461216,-0.3025272034090695
2.456262423773536,0.3494282633056104,0.0408472990931037,0.9987142138415928,-0.3019127825695341
2.461510562988895,-0.3486405289131549,0.0408472990931037,0.9987143373110132,-0.3018837909709045
2.461510562988895,0.3486405289131549,0.0408472990931037,0.9987147417443796,-0.3017888268104428
2.4667518661423102,-0.3478523645580053,0.0408472990931037,0.9987205664225882,-0.3004211461941818
2.4667518661423102,0.3478523645580053,0.0408472990931037,0.9987232081654768,-0.299800844022522
2.471985908196846,-0.3470638470017653,0.0408472990931037,0.9987262353349852,-0.29909004062528
2.471985908196846,0.3470638470017653,0.0408472990931037,0.9987287396869208,-0.2985019989384602
2.477212688684541,-0.3462749763149337,0.0408472990931037,0.998728430760436,-0.2985745373260222
2.477212688684541,-0.3462749763149336,0.0408472990931037,0.9987269710262238,-0.2989172944905221
2.477212688684541,0.3462749763149336,0.0408472990931037,0.998730065105028,-0.2981907802601573
2.477212688684541,0.3462749763149337,0.0408472990931037,0.9987313453634792,-0.2978901654270464
2.482431817500478,-0.3454858242134134,0.0408472990931037,0.9987348056217163,-0.297077669363093
2.482431817500478,0.3454858242134134,0.0408472990931037,0.9987377160542302,-0.2963942767375249
2.4876429545805534,-0.3446964556043619,0.0408472990931037,0.9987407182905328,-0.2956893278546088
2.4876429545805534,0.3446964556043619,0.0408472990931037,0.9987427389931304,-0.2952148508663533
2.4928460994588564,-0.3439068705583542,0.0408472990931037,0.9987415159443505,-0.2955020324151274
2.4928460994588564,0.3439068705583542,0.0408472990931037,0.9987447092172738,-0.2947522266192911
2.498008945622141,-0.3431219917628413,0.0408472990931037,0.9987494922531658,-0.2936291318761664
2.498008945622141,0.3431219917628413,0.0408472990931037,0.9987505282988172,-0.2933858601443683
2.5031630934976894,-0.3423370486031395,0.0408472990931037,0.998755313842714,-0.2922621765018344
2.5031630934976894,0.3423370486031395,0.0408472990931037,0.9987557620154836,-0.2921569419828237
2.508308542624686,-0.3415520411494281,0.0408472990931037,0.9987566604873508,-0.2919459736661317
2.508308542624686,0.3415520411494281,0.0408472990931037,0.9987566165959728,-0.2919562797095866
2.513445008212202,-0.3407670268882476,0.0408472990931037,0.998764775664344,-0.2900404657781362
2.513445008212202,0.3407670268882476,0.0408472990931037,0.9987637402473298,-0.29028358990095
2.518572200347477,-0.3399820645161046,0.0408472990931037,0.9987704585761829,-0.288706073029318
2.518572200347477,0.3399820645161046,0.0408472990931037,0.9987694523657912,-0.2889423392056032
2.523690118572106,-0.3391971541031799,0.0408472990931037,0.9987732469027264,-0.2880513518535066
2.523690118572106,0.3391971541031799,0.0408472990931037,0.998770844012114,-0.2886155696172576
2.528798427967081,-0.3384123614889857,0.0408472990931037,0.9987793234421748,-0.2866245322215663
2.528798427967081,0.3384123614889857,0.0408472990931037,0.998777842582622,-0.2869722497834993
2.533896883810844,-0.3376277390657742,0.0408472990931037,0.9987848545778966,-0.2853257777081422
2.533896883810844,0.3376277390657742,0.0408472990931037,0.9987831945709208,-0.2857155605051197
2.538985485647559,-0.3368432869036959,0.0408472990931037,0.9987879938596568,-0.2845886494653951
2.538985485647559,0.3368432869036959,0.0408472990931037,0.9987859158715242,-0.2850765775513735
2.5389854856475598,-0.3368432869036959,0.0408472990931037,0.9987854644319072,-0.2851825791520643
2.5389854856475598,0.3368432869036959,0.0408472990931037,0.9987846022266712,-0.2853850317762743
2.5440640314217964,-0.3360590510564199,0.0408472990931037,0.998793489278552,-0.2832982815459638
2.5440640314217964,0.3360590510564199,0.0408472990931037,0.9987916036516992,-0.2837410416785766
2.5491323450593155,-0.3352750737359983,0.0408472990931037,0.998798990779272,-0.2820064855659053
2.5491323450593155,0.3352750737359983,0.0408472990931037,0.9987971181610682,-0.2824461911646008
2.554190426106973,-0.3344913550125244,0.0408472990931037,0.9987996877525614,-0.2818428307125366
2.554190426106973,0.3344913550125244,0.0408472990931037,0.9987986903581656,-0.2820770268231433
2.559238082068952,-0.3337079396901602,0.0408472990931037,0.9988073182773524,-0.2800511230036038
2.559238082068952,0.3337079396901602,0.0408472990931037,0.998806030520338,-0.2803534985587474
2.5642750650700648,-0.3329248815475717,0.0408472990931037,0.9988127113332002,-0.2787847907391392
2.5642750650700648,0.3329248815475717,0.0408472990931037,0.9988117979435246,-0.2789992618755065
2.569301374659972,-0.3321421806547699,0.0408472990931037,0.9988131046708492,-0.2786924319410932
2.569301374659972,0.3321421806547699,0.0408472990931037,0.9988135716653151,-0.2785827779385605
2.5743168202405475,-0.331359881933684,0.0408472990931037,0.9988215344142026,-0.2767130613781752
2.5743168202405475,0.331359881933684,0.0408472990931037,0.9988214816864748,-0.2767254422666272
2.5793213692609176,-0.3305780057875603,0.0408472990931037,0.9988268568112858,-0.2754633203517889
2.5793213692609176,0.3305780057875603,0.0408472990931037,0.998827038344848,-0.2754206948323769
2.58431502127364,-0.3297965522863041,0.0408472990931037,0.9988279788233176,-0.2751998630324198
2.58431502127364,0.3297965522863041,0.0408472990931037,0.9988292209338198,-0.2749082056401424
2.5843150212736403,-0.329796552286304,0.0408472990931037,0.998829866469523,-0.2747566287397889
2.5843150212736403,0.329796552286304,0.0408472990931037,0.9988300478218172,-0.2747140457835405
2.5892977625097164,-0.3290155388497146,0.0408472990931037,0.9988353877338276,-0.2734601921133585
2.5892977625097164,0.3290155388497146,0.0408472990931037,0.9988363717734422,-0.2732291318112614
2.594269564937107,-0.3282349848972425,0.0408472990931037,0.9988405529122684,-0.2722473672705331
2.594269564937107,0.3282349848972425,0.0408472990931037,0.9988413734234296,-0.2720547047455617
2.599230428111297,-0.327454890498675,0.0408472990931037,0.9988421387363324,-0.2718750032092277
2.599230428111297,0.327454890498675,0.0408472990931037,0.9988436797541032,-0.2715131600208619
2.604180286498678,-0.3266752809543283,0.0408472990931037,0.9988493822771448,-0.2701741624061463
2.604180286498678,0.3266752809543283,0.0408472990931037,0.998849858031446,-0.2700624515248185
2.609119072250514,-0.3258961819434989,0.0408472990931037,0.998854775424051,-0.2689078087604515
2.609119072250514,0.3258961819434989,0.0408472990931037,0.9988548302541866,-0.2688949342099551
2.614046784925244,-0.3251175935358438,0.0408472990931037,0.9988563235625908,-0.2685442935590573
2.614046784925244,0.3251175935358438,0.0408472990931037,0.9988565093095754,-0.2685006786946161
2.6189634298975606,-0.3243395297499846,0.0408472990931037,0.998864118340819,-0.2667140178409394
2.6189634298975606,0.3243395297499846,0.0408472990931037,0.99886358619505,-0.2668389698858829
2.623869109192716,-0.3235619890815588,0.0408472990931037,0.9988697598282412,-0.2653893518734543
2.623869109192716,0.3235619890815588,0.0408472990931037,0.9988689592957848,-0.2655773232401908
2.628763822372106,-0.3227849716000837,0.0408472990931037,0.9988716872670174,-0.2649367739698129
2.628763822372106,0.3227849716000837,0.0408472990931037,0.9988700296145736,-0.265326003904035
2.6287638223721066,-0.3227849716000837,0.0408472990931037,0.9988731317791572,-0.2645975910685749
2.6287638223721066,0.3227849716000837,0.0408472990931037,0.9988721241577916,-0.2648341885527152
2.633647649720271,-0.3220084790461675,0.0408472990931037,0.998878838173392,-0.2632576844669697
2.633647649720271,0.3220084790461675,0.0408472990931037,0.998877289629322,-0.2636212948900873
2.638520555990832,-0.3212325312913921,0.0408472990931037,0.9988837677033068,-0.2621001917660421
2.638520555990832,0.3212325312913921,0.0408472990931037,0.9988828955174864,-0.2623049879105768
2.643382540748117,-0.3204571284051325,0.0408472990931037,0.9988860955105676,-0.261553604168374
2.643382540748117,0.3204571284051325,0.0408472990931037,0.9988845269035036,-0.2619219255415349
2.648233566833792,-0.319682290561861,0.0408472990931037,0.9988920584394748,-0.2601534611921889
2.648233566833792,0.319682290561861,0.0408472990931037,0.9988918884639948,-0.2601933727823139
2.6530737438256464,-0.3189080142615891,0.0408472990931037,0.9988968956089412,-0.2590176554566716
2.6530737438256464,0.3189080142615891,0.0408472990931037,0.9988972979187838,-0.258923189916458
2.6579030712909346,-0.3181342995735425,0.0408472990931037,0.9988987177816868,-0.2585897948514093
2.6579030712909346,0.3181342995735425,0.0408472990931037,0.998898816185428,-0.2585666888729542
2.662721652706334,-0.3173611437959736,0.0408472990931037,0.9989050764622778,-0.2570967262426565
2.662721652706334,0.3173611437959736,0.0408472990931037,0.9989063949356292,-0.2567871382480604
2.6675295348752823,-0.3165885530083971,0.0408472990931037,0.9989102407547868,-0.255884109423608
2.6675295348752823,0.3165885530083971,0.0408472990931037,0.9989117490740718,-0.2555299440988625
2.672326717367922,-0.3158165272798884,0.0408472990931037,0.9989130317062964,-0.2552287718849662
2.672326717367922,0.3158165272798884,0.0408472990931037,0.9989149625676642,-0.2547753903296208
2.677113288715007,-0.3150450658810592,0.0408472990931037,0.9989181652373124,-0.2540233781083025
2.677113288715007,0.3150450658810592,0.0408472990931037,0.9989199406684351,-0.2536064928065986
2.6818894075555795,-0.3142741563576101,0.0408472990931037,0.9989232018059372,-0.2528407518697312
2.6818894075555795,0.3142741563576101,0.0408472990931037,0.9989254151634924,-0.2523210379702465
2.6866550734626222,-0.3135037987784658,0.0408472990931037,0.9989260343288072,-0.2521756530461372
2.6866550734626222,0.3135037987784658,0.0408472990931037,0.9989291342027152,-0.251447778079452
2.6866550734626227,-0.3135037987784658,0.0408472990931037,0.9989243267706148,-0.2525766012456975
2.6866550734626227,0.3135037987784658,0.0408472990931037,0.9989264907196038,-0.252068488869207
2.691410414394132,-0.3127339854507169,0.0408472990931037,0.998930486351339,-0.2511302828639606
2.691410414394132,0.3127339854507169,0.0408472990931037,0.998933598600457,-0.2503995020998752
2.69615551086888,-0.3119647160201666,0.0408472990931037,0.9989354767211048,-0.249958504483723
2.69615551086888,0.3119647160201666,0.0408472990931037,0.998938597927716,-0.2492256204292031
2.700890362462622,-0.3111959905555927,0.0408472990931037,0.9989366012244498,-0.2496944621842239
2.700890362462622,0.3111959905555927,0.0408472990931037,0.9989406189491632,-0.2487510685725307
2.700890362462623,-0.3111959905555927,0.0408472990931037,0.9989384332376786,-0.2492642909555242
2.700890362462623,0.3111959905555927,0.0408472990931037,0.9989419403602748,-0.2484407907685643
2.705615078315104,-0.3104278039521557,0.0408472990931037,0.9989430960347035,-0.2481694292515123
2.705615078315104,0.3104278039521557,0.0408472990931037,0.9989471977246992,-0.2472063199259888
2.710329763223116,-0.3096601513645824,0.0408472990931037,0.9989480159054196,-0.2470142046070526
2.710329763223116,0.3096601513645824,0.0408472990931037,0.9989515035327636,-0.246195282059796
2.715034416765133,-0.3088930328615062,0.0408472990931037,0.998948636259357,-0.2468685405848979
2.715034416765133,0.3088930328615062,0.0408472990931037,0.9989539423099564,-0.24562263784247
2.7197291353307818,-0.3081264449639203,0.0408472990931037,0.9989558122184122,-0.2451835685140811
2.7197291353307818,0.3081264449639203,0.0408472990931037,0.9989592757047214,-0.2443703144732253
2.724414045761477,-0.3073603787485142,0.0408472990931037,0.9989612535206296,-0.2439059076195878
2.724414045761477,0.3073603787485142,0.0408472990931037,0.9989634883989514,-0.2433811404735047
2.729089147638354,-0.3065948342837796,0.0408472990931037,0.9989649261275008,-0.2430435504131088
2.729089147638354,0.3065948342837796,0.0408472990931037,0.998965824560394,-0.2428325912477797
2.729089147638355,-0.3065948342837796,0.0408472990931037,0.9989631304529086,-0.2434651890418352
2.729089147638355,0.3065948342837796,0.0408472990931037,0.9989651978499972,-0.2429797478169542
2.7337545573113977,-0.3058298042724358,0.0408472990931037,0.9989702252407288,-0.2417992766204659
2.7337545573113977,0.3058298042724358,0.0408472990931037,0.9989708500783934,-0.2416525597836553
2.7384103963688413,-0.30506528017576,0.0408472990931037,0.998975221388988,-0.2406261414041828
2.7384103963688413,0.30506528017576,0.0408472990931037,0.998975556945594,-0.2405473500530324
2.7430566643944214,-0.304301262062106,0.0408472990931037,0.9989773528512113,-0.240125657177784
2.7430566643944214,-0.3043012620621059,0.0408472990931037,0.9989781806130564,-0.2399312921347721
2.7430566643944214,0.3043012620621059,0.0408472990931037,0.9989783787939048,-0.2398847577005396
2.7430566643944214,0.304301262062106,0.0408472990931037,0.998977167278332,-0.2401692311608979
2.747693442004245,-0.3035377480118817,0.0408472990931037,0.9989836513138894,-0.2386467282123033
2.747693442004245,0.3035377480118817,0.0408472990931037,0.998983383603596,-0.238709588711385
2.752320801078832,-0.3027747372224151,0.0408472990931037,0.9989885781925246,-0.2374898580528263
2.752320801078832,0.3027747372224151,0.0408472990931037,0.9989886343234544,-0.2374766780655545
2.756938741204463,-0.3020122297619247,0.0408472990931037,0.998990807782875,-0.2369663325643449
2.756938741204463,0.3020122297619247,0.0408472990931037,0.998992124251738,-0.2366572152395299
2.761547349551696,-0.3012502222359814,0.0408472990931037,0.998997196573002,-0.2354661939978111
2.761547349551696,0.3012502222359814,0.0408472990931037,0.9989971594230226,-0.2354749171074986
2.766146683962965,-0.3004887158668805,0.0408472990931037,0.9990021052249972,-0.234313603597937
2.766146683962965,0.3004887158668805,0.0408472990931037,0.9990026256075948,-0.2341914136388428
2.770736744027057,-0.2997277107227057,0.0408472990931037,0.9990049851393802,-0.2336373768713754
2.770736744027057,-0.2997277107227056,0.0408472990931037,0.999004332313075,-0.2337906656628745
2.770736744027057,0.2997277107227056,0.0408472990931037,0.999005072097364,-0.2336169584474239
2.770736744027057,0.2997277107227057,0.0408472990931037,0.999006091217751,-0.2333776609019045
2.77531762980038,-0.2989672008336331,0.0408472990931037,0.9990104908392268,-0.2323445949030777
2.77531762980038,0.2989672008336331,0.0408472990931037,0.9990113971848322,-0.2321317777702103
2.7798894427257985,-0.2982071798088117,0.0408472990931037,0.9990154065725,-0.231190341762915
2.7798894427257985,0.2982071798088117,0.0408472990931037,0.9990162648334556,-0.2309888152870233
2.7844521823945607,-0.2974476477161925,0.0408472990931037,0.9990173671725217,-0.2307299773359767
2.7844521823945607,0.2974476477161925,0.0408472990931037,0.999019061547306,-0.2303321247050765
2.7890058828876128,-0.2966886092163882,0.0408472990931037,0.9990236667321925,-0.2292507907879357
2.7890058828876128,0.2966886092163882,0.0408472990931037,0.9990246232847204,-0.2290261846716412
2.793550569832957,-0.2959300701856741,0.0408472990931037,0.9990283286250612,-0.2281561413869917
2.793550569832957,0.2959300701856741,0.0408472990931037,0.999028997853118,-0.2279990013341928
2.798086242824268,-0.2951720306918689,0.0408472990931037,0.999029686714572,-0.2278372512041116
2.798086242824268,0.2951720306918689,0.0408472990931037,0.9990313513674132,-0.2274463775211194
2.802612963216155,-0.2944144906458761,0.0408472990931037,0.9990358751319026,-0.2263841617585663
2.802612963216155,0.2944144906458761,0.0408472990931037,0.9990370585201048,-0.2261062928278588
2.8071307828060736,-0.2936574512758901,0.0408472990931037,0.9990406454500586,-0.2252640532406896
2.8071307828060736,0.2936574512758901,0.0408472990931037,0.9990420979424712,-0.2249229965081173
2.811639701190097,-0.2929009126495955,0.0408472990931037,0.9990437526596642,-0.2245344557940819
2.811639701190097,0.2929009126495955,0.0408472990931037,0.9990439612154072,-0.2244854852523519
2.816139789498885,-0.2921448727021191,0.0408472990931037,0.9990479901245416,-0.2235394654499868
2.816139789498885,0.2921448727021191,0.0408472990931037,0.999050311865284,-0.2229943023189547
2.8206311265308783,-0.2913893278397974,0.0408472990931037,0.9990534210434532,-0.2222642426380242
2.8206311265308783,0.2913893278397974,0.0408472990931037,0.9990553830230142,-0.2218035542842536
2.825113711884519,-0.2906342781301814,0.0408472990931037,0.9990550504620012,-0.2218816422463699
2.825113711884519,0.2906342781301814,0.0408472990931037,0.999057727076335,-0.2212531519829528
2.8251137118845198,-0.2906342781301813,0.0408472990931037,0.9990572768744828,-0.2213588629466354
2.8251137118845198,0.2906342781301813,0.0408472990931037,0.9990586095104051,-0.221045949468099
2.829587590275302,-0.2898797255954984,0.0408472990931037,0.9990618742444456,-0.220279364035505
2.829587590275302,0.2898797255954984,0.0408472990931037,0.9990636591637044,-0.2198602508442418
2.834052760162024,-0.2891256799601391,0.0408472990931037,0.9990670504171212,-0.2190639576591307
2.834052760162024,0.2891256799601391,0.0408472990931037,0.9990681848786018,-0.218797577110494
2.8385092211454666,-0.2883721412915202,0.0426614370491379,0.9990684048337812,-0.2187459298907599
2.8385092211454666,0.2883721412915202,0.0426614370491379,0.9990735298016956,-0.2175425467982235
2.838509221145467,-0.2883721412915203,0.0408472990931037,0.9990702219825954,-0.2183192489444373
2.838509221145467,-0.2883721412915202,0.0408472990931037,0.9990697141501664,-0.2184384920244384
2.838509221145467,0.2883721412915202,0.0408472990931037,0.9990697115220272,-0.2184391091323446
2.838509221145467,0.2883721412915203,0.0408472990931037,0.9990708251500828,-0.2181776204370173
2.8429569634916207,-0.2876191206848727,0.0408472990931037,0.9990759858895892,-0.2169658378911347
2.8429569634916207,0.2876191206848727,0.0408472990931037,0.9990756103949064,-0.21705400701927
2.8473960501716613,-0.2868666167145337,0.0408472990931037,0.999080689771246,-0.2158613291899439
2.8473960501716613,0.2868666167145337,0.0408472990931037,0.999080387268676,-0.2159323591913512
2.851826480788702,-0.2861146294477824,0.0426614370491379,0.9990812637886604,-0.2157265453506932
2.851826480788702,0.2861146294477824,0.0426614370491379,0.999082453614382,-0.2154471648393981
2.8518264807887026,-0.2861146294477824,0.0408472990931037,0.9990831578041692,-0.2152818154951557
2.8518264807887026,0.2861146294477824,0.0408472990931037,0.9990836803568236,-0.2151591159896005
2.851826480788703,-0.2861146294477824,0.0408472990931037,0.9990825864201432,-0.2154159809939097
2.851826480788703,0.2861146294477824,0.0408472990931037,0.9990817666594732,-0.2156084672975662
2.85624832532266,-0.2853631563091871,0.0408472990931037,0.9990882389631676,-0.2140887190833863
2.85624832532266,0.2853631563091871,0.0408472990931037,0.999088269807217,-0.2140814766561029
2.860661589826477,-0.2846122052517861,0.0426614370491379,0.9990909756115876,-0.2134461323406448
2.860661589826477,0.2846122052517861,0.0426614370491379,0.9990930873912672,-0.2129502697315862
2.8606615898264773,-0.2846122052517861,0.0408472990931037,0.999092948887284,-0.2129827915647458
2.8606615898264773,0.2846122052517861,0.0408472990931037,0.9990933146644432,-0.2128969041882013
2.8650662739055788,-0.2838617763427197,0.0408472990931037,0.9990959863986032,-0.212269559828309
2.8650662739055788,-0.2838617763427196,0.0408472990931037,0.9990946932238992,-0.2125732074999244
2.8650662739055788,0.2838617763427196,0.0408472990931037,0.999095209614378,-0.21245195492201
2.8650662739055788,0.2838617763427197,0.0408472990931037,0.9990968255205818,-0.2120725273359242
2.869462397040677,-0.2831118753521327,0.0408472990931037,0.9991005827253412,-0.2111903058746147
2.869462397040677,0.2831118753521327,0.0408472990931037,0.9991014387951944,-0.2109892938869121
2.873849948857396,-0.2823625129330078,0.0408472990931037,0.9991051600861904,-0.2101155052619693
2.873849948857396,0.2823625129330078,0.0408472990931037,0.9991063784966764,-0.2098294128213358
2.878228928963458,-0.2816136891523431,0.0408472990931037,0.999107919932032,-0.2094674715807618
2.878228928963458,0.2816136891523431,0.0408472990931037,0.9991095305323252,-0.2090892898644932
2.8782289289634586,-0.2816136891523431,0.0408472990931037,0.9991075000063948,-0.209566073449112
2.8782289289634586,0.2816136891523431,0.0408472990931037,0.9991085864339628,-0.20931097164393
2.8825993138078982,-0.2808654170123191,0.0408472990931037,0.999113113614098,-0.2082479538607269
2.8825993138078982,0.2808654170123191,0.0408472990931037,0.9991139869322948,-0.2080428918252335
2.886961123744213,-0.2801177018044194,0.0408472990931037,0.9991175438972092,-0.2072076882668635
2.886961123744213,0.2801177018044194,0.0408472990931037,0.9991185374705122,-0.2069743893791307
2.891314358382426,-0.2793705435954951,0.0426614370491379,0.999119396765012,-0.2067726202188561
2.891314358382426,0.2793705435954951,0.0426614370491379,0.9991241272728644,-0.2056618594758216
2.8913143583824263,-0.2793705435954951,0.0408472990931037,0.9991198248435188,-0.2066721039919904
2.8913143583824263,0.2793705435954951,0.0408472990931037,0.99912057996771,-0.2064947948459976
2.891314358382427,-0.2793705435954952,0.0408472990931037,0.9991199608046634,-0.2066401792374929
2.891314358382427,0.2793705435954952,0.0408472990931037,0.9991214708389076,-0.2062856112267124
2.8913143583824272,-0.2793705435954951,0.0426614370491379,0.9991201935219914,-0.2065855353640838
2.8913143583824272,0.2793705435954951,0.0426614370491379,0.999122153042016,-0.2061254245289979
2.895659062583547,-0.2786239435038252,0.0408472990931037,0.9991253314554538,-0.2053791078581311
2.895659062583547,0.2786239435038252,0.0408472990931037,0.99912569367815,-0.205294055097689
2.895659062583548,-0.2786239435038252,0.0426614370491379,0.9991244643967172,-0.2055827001227565
2.895659062583548,0.2786239435038252,0.0426614370491379,0.999127013690347,-0.2049841057699458
2.8999952832717724,-0.2778779020893599,0.0408472990931037,0.99912980924005,-0.2043276885390215
2.8999952832717724,0.2778779020893599,0.0408472990931037,0.9991301610392024,-0.2042450833092936
2.899995283271773,-0.2778779020893599,0.0426614370491379,0.999127497971618,-0.2048703926885415
2.899995283271773,0.2778779020893599,0.0426614370491379,0.999130886232688,-0.2040748021302092
2.904323020059414,-0.2771324194188005,0.0426614370491379,0.9991306076982136,-0.2041402042327411
2.904323020059414,0.2771324194188005,0.0426614370491379,0.9991347960036118,-0.2031567569240703
2.9043230200594143,-0.2771324194188005,0.0408472990931037,0.9991316143680828,-0.2039038301674809
2.9043230200594143,0.2771324194188005,0.0408472990931037,0.9991333850598249,-0.203488057709979
2.9043230200594152,-0.2771324194188005,0.0426614370491379,0.9991288054977256,-0.2045633751935906
2.9043230200594152,0.2771324194188005,0.0426614370491379,0.9991327668014808,-0.2036332296701474
2.908642292363626,-0.2763875006863539,0.0408472990931037,0.9991371617586928,-0.2026012588773979
2.908642292363626,0.2763875006863539,0.0408472990931037,0.9991379433046556,-0.2024177456899449
2.912953098131708,-0.2756431548023018,0.0408472990931037,0.9991417938543584,-0.2015136060960114
2.912953098131708,0.2756431548023018,0.0408472990931037,0.9991425322758756,-0.2013402188701786
2.917255436978243,-0.2748993818331939,0.0408472990931037,0.9991443721755838,-0.2009081958336085
2.917255436978243,0.2748993818331939,0.0408472990931037,0.9991455531123382,-0.2006309025222565
2.9215492912036,-0.2741561932742498,0.0408472990931037,0.9991491645013804,-0.199782919747236
2.9215492912036,0.2741561932742498,0.0408472990931037,0.9991502174572052,-0.1995356773727072
2.9258346555002115,-0.2734135984509565,0.0408472990931037,0.9991538656580168,-0.1986790509024441
2.9258346555002115,0.2734135984509565,0.0408472990931037,0.9991548932015584,-0.1984377755334229
2.930111529484937,-0.2726715974297071,0.0426614370491379,0.9991546538699546,-0.1984939724911683
2.930111529484937,0.2726715974297071,0.0426614370491379,0.999158075863894,-0.1976904611876476
2.9301115294849374,-0.2726715974297071,0.0408472990931037,0.9991552788018796,-0.1983472335212739
2.9301115294849374,0.2726715974297071,0.0408472990931037,0.9991562995139274,-0.1981075622411546
2.930111529484938,-0.2726715974297071,0.0408472990931037,0.9991569060511032,-0.1979651425041822
2.930111529484938,0.2726715974297071,0.0408472990931037,0.9991582694515888,-0.1976450052623251
2.934379941781879,-0.2719301936374961,0.0408472990931037,0.9991616074803156,-0.1968612096563155
2.934379941781879,0.2719301936374961,0.0408472990931037,0.9991623138541432,-0.1966953474820757
2.9343799417818794,-0.2719301936374961,0.0426614370491379,0.9991616169462728,-0.1968589869745438
2.9343799417818794,0.2719301936374961,0.0426614370491379,0.9991646802221033,-0.196139705526615
2.9386399173808027,-0.2711893910043538,0.0408472990931037,0.9991666551886368,-0.1956759677287788
2.9386399173808027,0.2711893910043538,0.0408472990931037,0.9991672189562252,-0.1955435906299217
2.938639917380803,-0.2711893910043538,0.0426614370491379,0.9991648891733432,-0.1960906421190877
2.938639917380803,0.2711893910043538,0.0426614370491379,0.9991674747739062,-0.1954835226105436
2.942891455900836,-0.2704491895965132,0.0408472990931037,0.9991701716367524,-0.1948502778359495
2.942891455900836,0.2704491895965132,0.0408472990931037,0.9991705537026484,-0.1947605657348807
2.942891455900837,-0.2704491895965132,0.0426614370491379,0.9991698342007012,-0.1949295104956166
2.942891455900837,0.2704491895965132,0.0426614370491379,0.9991685780399772,-0.1952244669913679
2.947134573292004,-0.2697095948438908,0.0408472990931037,0.9991746734959618,-0.1937932056067942
2.947134573292004,0.2697095948438908,0.0408472990931037,0.999175163371254,-0.1936781790048568
2.951369279354795,-0.2689706131577484,0.0408472990931037,0.999179519771322,-0.1926552617352253
2.951369279354795,0.2689706131577484,0.0408472990931037,0.9991798875867126,-0.1925688957657998
2.9513692793547954,-0.2689706131577484,0.0426614370491379,0.9991769086507712,-0.1932683735392023
2.9513692793547954,0.2689706131577484,0.0426614370491379,0.9991804643807342,-0.1924334599572281
2.951369279354796,-0.2689706131577484,0.0426614370491379,0.9991780600871756,-0.1929980071438952
2.951369279354796,0.2689706131577484,0.0426614370491379,0.999179339365982,-0.1926976223391774
2.9555955737106,-0.2682322446041562,0.0408472990931037,0.9991828821809458,-0.1918657413013635
2.9555955737106,0.2682322446041562,0.0408472990931037,0.9991829278224056,-0.1918550243247894
2.959813467633616,-0.2674944953045002,0.0408472990931037,0.9991873390749616,-0.1908192272561023
2.959813467633616,0.2674944953045002,0.0408472990931037,0.999187621940574,-0.1907528081680598
2.96402294752699,-0.2667573757008633,0.0408472990931037,0.9991918397286538,-0.1897624380920037
2.96402294752699,0.2667573757008633,0.0408472990931037,0.9991921236901024,-0.1896957616928564
2.968224013014365,-0.2660208858591493,0.0408472990931037,0.9991939427057256,-0.1892686424050249
2.968224013014365,0.2660208858591493,0.0408472990931037,0.9991939605046924,-0.1892644630665127
2.9682240130143653,-0.2660208858591493,0.0485058373380791,0.9991923373721112,-0.189645587463293
2.9682240130143653,-0.2660208858591492,0.0408472990931037,0.9991948225598808,-0.1890620456746262
2.9682240130143653,0.2660208858591492,0.0408472990931037,0.9991946479703684,-0.1891030406761557
2.9682240130143653,0.2660208858591493,0.0485058373380791,0.9991945272604822,-0.1891313843143161
2.968224013014366,-0.2660208858591493,0.0426614370491379,0.9991924946272296,-0.1896086627149459
2.968224013014366,0.2660208858591493,0.0426614370491379,0.9991950050754244,-0.1890191895782008
2.9724166510410277,-0.2652850360330399,0.0408472990931037,0.9991996041498148,-0.1879392904539589
2.9724166510410277,0.2652850360330399,0.0408472990931037,0.9991992348598904,-0.1880260026556161
2.972416651041028,-0.2652850360330399,0.0426614370491379,0.999197752872832,-0.1883739849647602
2.972416651041028,0.2652850360330399,0.0426614370491379,0.9991998440051836,-0.1878829705119539
2.976600888606174,-0.2645498294469124,0.0408472990931037,0.9992042399924198,-0.1868507578614147
2.976600888606174,0.2645498294469124,0.0408472990931037,0.9992035234303972,-0.1870190123046188
2.9766008886061748,-0.2645498294469124,0.0426614370491379,0.9992016691665934,-0.1874544081446969
2.9766008886061748,0.2645498294469124,0.0426614370491379,0.9992034988483668,-0.187024784360224
2.980776725335704,-0.2638152661664994,0.0408472990931037,0.9992073851514351,-0.1861122495925479
2.980776725335704,-0.2638152661664993,0.0426614370491379,0.9992059649137284,-0.1864457326644867
2.980776725335704,0.2638152661664993,0.0426614370491379,0.9992066165717484,-0.1862927181956767
2.980776725335704,0.2638152661664994,0.0408472990931037,0.9992060957502789,-0.186415011205303
2.9807767253357045,-0.2638152661664994,0.0485058373380791,0.9992047894375182,-0.1867217437967911
2.9807767253357045,-0.2638152661664993,0.0485058373380791,0.9992036913495532,-0.1869795835556436
2.9807767253357045,0.2638152661664993,0.0485058373380791,0.9992051294510076,-0.1866419059341883
2.9807767253357045,0.2638152661664994,0.0485058373380791,0.9992011459143546,-0.1875772719182387
2.980776725335705,-0.2638152661664994,0.0426614370491379,0.9992031597086708,-0.1871044170492427
2.980776725335705,-0.2638152661664993,0.0426614370491379,0.999208144950475,-0.1859338427549891
2.980776725335705,0.2638152661664993,0.0426614370491379,0.9992084254604432,-0.1858679767908343
2.980776725335705,0.2638152661664994,0.0426614370491379,0.9992052776615268,-0.1866071049293482
2.9807767253357054,-0.2638152661664993,0.0408472990931037,0.999206112365358,-0.1864111098530229
2.9807767253357054,0.2638152661664993,0.0408472990931037,0.9992049671826736,-0.1866800078252773
2.9849441699752464,-0.2630813525483247,0.0426614370491379,0.9992108057474915,-0.1853090665230441
2.9849441699752464,0.2630813525483247,0.0426614370491379,0.9992113547158136,-0.1851801644092978
2.9849441699752477,-0.2630813525483247,0.0485058373380791,0.9992090423758452,-0.1857231201641145
2.9849441699752477,0.2630813525483247,0.0485058373380791,0.9992101572500576,-0.1854613388612817
2.984944169975248,-0.2630813525483247,0.0408472990931037,0.9992117243856072,-0.1850933630113822
2.984944169975248,0.2630813525483247,0.0408472990931037,0.999210086090792,-0.1854780476209302
2.989103258169815,-0.2623480901087219,0.0426614370491379,0.9992154508255476,-0.1842183653734041
2.989103258169815,0.2623480901087219,0.0426614370491379,0.9992147224281276,-0.1843893988617477
2.989103258169816,-0.2623480901087219,0.0485058373380791,0.999214268124151,-0.1844960730367617
2.989103258169816,0.2623480901087219,0.0485058373380791,0.9992141785728595,-0.1845171003898617
2.9891032581698167,-0.2623480901087219,0.0408472990931037,0.999216295590004,-0.184020007982525
2.9891032581698167,0.2623480901087219,0.0408472990931037,0.9992144611257804,-0.1844507547242452
2.993253989547558,-0.2616154789132496,0.0426614370491379,0.9992189542315384,-0.1833957378749222
2.993253989547558,0.2616154789132496,0.0426614370491379,0.9992166691629908,-0.1839322900838759
2.9932539895475583,-0.2616154789132496,0.0445411355740982,0.9992173290809612,-0.1837773361131584
2.9932539895475583,0.2616154789132496,0.0445411355740982,0.9992190259822888,-0.1833788902299135
2.9932539895475587,-0.2616154789132496,0.0426614370491379,0.9992182096472202,-0.1835705721752159
2.9932539895475587,0.2616154789132496,0.0426614370491379,0.999218251820625,-0.1835606695254628
2.993253989547559,-0.2616154789132496,0.0485058373380791,0.999215861582478,-0.1841219163900384
2.993253989547559,0.2616154789132496,0.0485058373380791,0.999216757129662,-0.1839116348121633
2.99325398954756,-0.2616154789132496,0.0408472990931037,0.9992194216906546,-0.1832859747688114
2.99325398954756,0.2616154789132496,0.0408472990931037,0.9992173248527454,-0.1837783289317666
2.9932539895475605,-0.2616154789132496,0.0426614370491379,0.9992167532202616,-0.1839125527703579
2.9932539895475605,0.2616154789132496,0.0426614370491379,0.9992175990085308,-0.1837139549800624
2.997396409856497,-0.2608835186230654,0.0426614370491379,0.9992231249794764,-0.1824164131970231
2.997396409856497,0.2608835186230654,0.0426614370491379,0.9992227614174548,-0.1825017804417188
2.9973964098564974,-0.2608835186230654,0.0426614370491379,0.9992236569637882,-0.1822914990635316
2.9973964098564974,0.2608835186230654,0.0426614370491379,0.9992241771835938,-0.182169347329342
2.997396409856498,-0.2608835186230654,0.0408472990931037,0.9992235493572011,-0.1823167659431891
2.997396409856498,0.2608835186230654,0.0408472990931037,0.9992214179961888,-0.1828172264044074
3.0015305155167087,-0.2601522175426889,0.0426614370491379,0.999227713845772,-0.1813389110143642
3.0015305155167087,0.2601522175426889,0.0426614370491379,0.9992255314798344,-0.1818513478363871
3.001530515516709,-0.2601522175426889,0.0426614370491379,0.999227017084674,-0.1815025160434899
3.001530515516709,0.2601522175426889,0.0426614370491379,0.9992281380714844,-0.1812392994541953
3.0015305155167096,-0.2601522175426889,0.0408472990931037,0.9992281887559976,-0.1812273983287015
3.0015305155167096,0.2601522175426889,0.0408472990931037,0.9992257376825175,-0.1818029298117908
3.005656306158577,-0.2594215757375036,0.0426614370491379,0.9992311053531476,-0.1805425581977271
3.005656306158577,-0.2594215757375035,0.0426614370491379,0.99923130943355,-0.1804946385014331
3.005656306158577,0.2594215757375035,0.0426614370491379,0.999229643879232,-0.1808857238583719
3.005656306158577,0.2594215757375036,0.0426614370491379,0.9992305095363432,-0.1806824607064684
3.0056563061585773,-0.2594215757375036,0.0485058373380791,0.999228395676954,-0.1811788116478596
3.0056563061585773,-0.2594215757375035,0.0426614370491379,0.9992302073536246,-0.1807534156042651
3.0056563061585773,0.2594215757375035,0.0426614370491379,0.9992311555791082,-0.1805307647440022
3.0056563061585773,0.2594215757375036,0.0485058373380791,0.9992303198501966,-0.1807270005173726
3.0056563061585777,-0.2594215757375036,0.0408472990931037,0.9992312275573296,-0.1805138636870157
3.0056563061585777,0.2594215757375036,0.0408472990931037,0.9992285178039229,-0.1811501352675062
3.005656306158578,-0.2594215757375036,0.0549927819774515,0.9992256823945794,-0.1818159118579344
3.005656306158578,-0.2594215757375035,0.0408472990931037,0.999230178818657,-0.1807601158408341
3.005656306158578,0.2594215757375035,0.0408472990931037,0.9992280837274552,-0.1812520598630348
3.005656306158578,0.2594215757375036,0.0549927819774515,0.9992290242337762,-0.181031221523377
3.0097737882195057,-0.2586915997100356,0.0426614370491379,0.999235391375584,-0.1795361661538114
3.0097737882195057,0.2586915997100356,0.0426614370491379,0.9992343032181232,-0.1797916741515584
3.0097737882195066,-0.2586915997100356,0.0426614370491379,0.9992353417629108,-0.1795478156028144
3.0097737882195066,0.2586915997100356,0.0426614370491379,0.9992361842120582,-0.1793500018648032
3.009773788219507,-0.2586915997100356,0.0408472990931037,0.9992357581805464,-0.1794500374409858
3.009773788219507,0.2586915997100356,0.0408472990931037,0.9992331295044512,-0.1800672714259414
3.013882977553173,-0.2579622942108344,0.0426614370491379,0.9992385104541988,-0.178803781769778
3.013882977553173,0.2579622942108344,0.0426614370491379,0.9992379561802388,-0.1789339296893945
3.013882977553174,-0.2579622942108344,0.0426614370491379,0.9992391999764378,-0.1786418764821447
3.013882977553174,0.2579622942108344,0.0426614370491379,0.9992406373538824,-0.1783043688639159
3.0138829775531746,-0.2579622942108344,0.0408472990931037,0.9992402640941436,-0.1783920132094555
3.0138829775531746,0.2579622942108344,0.0408472990931037,0.9992375666486084,-0.1790253948040998
3.017983873792189,-0.2572336593051046,0.0426614370491379,0.9992399430265144,-0.1784674024339201
3.017983873792189,0.2572336593051046,0.0426614370491379,0.9992405846415487,-0.1783167461377041
3.01798387379219,-0.2572336593051046,0.0408472990931037,0.9992430262310394,-0.1777434415705259
3.01798387379219,0.2572336593051046,0.0408472990931037,0.9992397057620436,-0.1785231140125242
3.0179838737921902,-0.2572336593051046,0.0408472990931037,0.9992430414901085,-0.1777398586201624
3.0179838737921902,0.2572336593051046,0.0408472990931037,0.9992401669272228,-0.1784148287727227
3.02207647385944,-0.2565057030014063,0.0408472990931037,0.9992480597148894,-0.1765615396615498
3.02207647385944,0.2565057030014063,0.0408472990931037,0.999244894431586,-0.1773047732727697
3.0261607719092414,-0.255778433888951,0.0408472990931037,0.999252093872454,-0.1756142874861579
3.0261607719092414,0.255778433888951,0.0408472990931037,0.9992492945185814,-0.1762715979662452
3.030236767576429,-0.2550518520327615,0.0408472990931037,0.9992542156398596,-0.1751160796798133
3.030236767576429,0.2550518520327615,0.0408472990931037,0.9992515759453768,-0.1757359008695324
3.034304471158354,-0.2543259630203929,0.0426614370491379,0.9992583595514536,-0.1741430563882807
3.034304471158354,0.2543259630203929,0.0426614370491379,0.9992580603558474,-0.1742133098883698
3.0343044711583547,-0.2543259630203929,0.0408472990931037,0.9992592721845296,-0.173928762907514
3.0343044711583547,0.2543259630203929,0.0408472990931037,0.9992568132319116,-0.1745061444745624
3.0383638885903053,-0.2536007731712864,0.0426614370491379,0.9992610687973243,-0.1735069039813215
3.0383638885903053,0.2536007731712864,0.0426614370491379,0.9992606686306376,-0.1736008662915467
3.0383638885903066,-0.2536007731712864,0.0408472990931037,0.9992631770855738,-0.1730118611877118
3.0383638885903066,0.2536007731712864,0.0408472990931037,0.999261233891989,-0.1734681384453475
3.042415019509343,-0.2528762825502789,0.0485058373380791,0.9992637334355106,-0.172881225812304
3.042415019509343,0.2528762825502789,0.0485058373380791,0.9992683011291164,-0.1718086951450281
3.042415019509344,-0.2528762825502789,0.0426614370491379,0.9992618738488716,-0.1733178714963014
3.042415019509344,0.2528762825502789,0.0426614370491379,0.9992615347196956,-0.1733975017151339
3.0424150195093445,-0.2528762825502789,0.0408472990931037,0.9992653822922816,-0.1724940611718191
3.0424150195093445,0.2528762825502789,0.0408472990931037,0.999263142244675,-0.1730200421069195
3.046457879515193,-0.2521524957540374,0.0426614370491379,0.9992690618571002,-0.1716300701840465
3.046457879515193,0.2521524957540374,0.0426614370491379,0.9992687636478284,-0.1717000920849859
3.0464578795151933,-0.2521524957540374,0.0485058373380791,0.999268182787492,-0.1718364826965423
3.0464578795151933,0.2521524957540374,0.0485058373380791,0.9992691295799906,-0.1716141683125318
3.0464578795151938,-0.2521524957540374,0.0408472990931037,0.9992695284177144,-0.1715205180533658
3.0464578795151938,0.2521524957540374,0.0408472990931037,0.9992685014277706,-0.1717616634332271
3.0504924971518914,-0.2514294148882805,0.0485058373380791,0.9992715332986212,-0.1710497561235153
3.0504924971518914,0.2514294148882805,0.0485058373380791,0.9992717396248256,-0.1710013090951115
3.050492497151892,-0.2514294148882805,0.0408472990931037,0.9992739428178922,-0.1704839818981476
3.050492497151892,0.2514294148882805,0.0408472990931037,0.999273255484098,-0.1706453733216034
3.054518872058716,-0.2507070400176568,0.0485058373380791,0.9992755434148743,-0.1701081490385891
3.054518872058716,0.2507070400176568,0.0485058373380791,0.9992762725972758,-0.1699369312304392
3.0545188720587166,-0.2507070400176568,0.0408472990931037,0.9992751659199116,-0.1701967878482851
3.0545188720587166,0.2507070400176568,0.0408472990931037,0.9992752015411024,-0.17018842371037
3.054518872058717,-0.2507070400176568,0.0426614370491379,0.9992756273371486,-0.1700884434233618
3.054518872058717,0.2507070400176568,0.0426614370491379,0.9992727068737164,-0.1707741913880934
3.058537005794764,-0.2499853781427442,0.0426614370491379,0.9992797303345188,-0.1691250271159061
3.058537005794764,0.2499853781427442,0.0426614370491379,0.9992804681561276,-0.1689517807533866
3.058537005794765,-0.2499853781427442,0.0408472990931037,0.9992803467331092,-0.1689802918406193
3.058537005794765,0.2499853781427442,0.0408472990931037,0.9992811371665872,-0.1687946917941524
3.0585370057947654,-0.2499853781427442,0.0485058373380791,0.9992803308267592,-0.1689840267776942
3.0585370057947654,0.2499853781427442,0.0485058373380791,0.999281508424372,-0.1687075175232146
3.058537005794766,-0.2499853781427442,0.0505937571255093,0.9992794048244455,-0.1692014594614303
3.058537005794766,0.2499853781427442,0.0505937571255093,0.9992794518662916,-0.1691904136630894
3.062546933630169,-0.249264430057925,0.0426614370491379,0.999285280152673,-0.1678218858192357
3.062546933630169,0.249264430057925,0.0426614370491379,0.9992841403980736,-0.1680895092341855
3.06254693363017,-0.249264430057925,0.0408472990931037,0.9992852421664804,-0.1678308052783615
3.06254693363017,0.249264430057925,0.0408472990931037,0.999286146198918,-0.1676185312956489
3.0625469336301703,-0.249264430057925,0.0485058373380791,0.99928335276353,-0.1682744520686636
3.0625469336301703,0.249264430057925,0.0485058373380791,0.9992858280962416,-0.1676932243257095
3.0625469336301707,-0.249264430057925,0.0505937571255093,0.9992841926346536,-0.1680772436710496
3.0625469336301707,0.249264430057925,0.0505937571255093,0.999283430911144,-0.1682561023894264
3.0665486552064145,-0.2485441958276569,0.0426614370491379,0.999292361752488,-0.1661590700459882
3.0665486552064145,0.2485441958276569,0.0426614370491379,0.9992858185424784,-0.1676954676250485
3.066548655206415,-0.2485441958276569,0.0408472990931037,0.999286684813297,-0.1674920603698304
3.066548655206415,0.2485441958276569,0.0408472990931037,0.9992882695687768,-0.1671199472206231
3.0665486552064154,-0.2485441958276569,0.0485058373380791,0.999288051333111,-0.1671711906849231
3.0665486552064154,0.2485441958276569,0.0485058373380791,0.999288376017582,-0.1670949521973266
3.066548655206416,-0.2485441958276569,0.0445411355740982,0.99928867923595,-0.1670237541209064
3.066548655206416,0.2485441958276569,0.0445411355740982,0.9992873555384472,-0.1673345687876221
3.0665486552064163,-0.2485441958276569,0.0408472990931037,0.999289086098866,-0.1669282194829222
3.0665486552064163,0.2485441958276569,0.0408472990931037,0.9992891123733272,-0.1669220500311867
3.0665486552064167,-0.2485441958276569,0.0505937571255093,0.9992872714245556,-0.1673543193961572
3.0665486552064167,0.2485441958276569,0.0505937571255093,0.9992862926350888,-0.1675841469219415
3.0705422240995626,-0.2478246729381795,0.0408472990931037,0.999292697610768,-0.166080207859465
3.0705422240995626,0.2478246729381795,0.0408472990931037,0.9992946268544808,-0.1656272061423915
3.070542224099563,-0.2478246729381795,0.0549927819774515,0.9992910228227816,-0.166473461354911
3.070542224099563,0.2478246729381795,0.0549927819774515,0.999291090197108,-0.1664576413290023
3.0705422240995635,-0.2478246729381795,0.0426614370491379,0.9992920147522872,-0.1662405484438978
3.0705422240995635,0.2478246729381795,0.0426614370491379,0.9992944727968748,-0.165663380089514
3.070542224099564,-0.2478246729381795,0.0485058373380791,0.9992925511761556,-0.1661145918672951
3.070542224099564,0.2478246729381795,0.0485058373380791,0.9992936367113472,-0.1658596995991646
3.0745276424391177,-0.2471058680110531,0.0408472990931037,0.99929785814408,-0.164868473729713
3.0745276424391177,0.2471058680110531,0.0408472990931037,0.9992995616289476,-0.1644684819790245
3.074527642439118,-0.2471058680110531,0.0549927819774515,0.9992947894350672,-0.1655890309319007
3.074527642439118,0.2471058680110531,0.0549927819774515,0.9992939566361976,-0.1657845787081598
3.074527642439119,-0.2471058680110531,0.0485058373380791,0.9992957669053992,-0.1653595131494508
3.074527642439119,0.2471058680110531,0.0485058373380791,0.9992987224758876,-0.1646655217696372
3.0745276424391195,-0.2471058680110531,0.0426614370491379,0.9992980968138911,-0.1648124321660428
3.0745276424391195,0.2471058680110531,0.0426614370491379,0.9992982470865892,-0.1647771469453346
3.0785049098687574,-0.2463877811105438,0.0408472990931037,0.999301847160561,-0.1639318210385484
3.0785049098687574,0.2463877811105438,0.0408472990931037,0.999302642318328,-0.1637451116915577
3.078504909868758,-0.2463877811105438,0.0426614370491379,0.9993002452060676,-0.1643079726524491
3.078504909868758,0.2463877811105438,0.0426614370491379,0.9993017849010428,-0.163946440066988
3.0785049098687582,-0.2463877811105439,0.0408472990931037,0.9993002479822184,-0.1643073207902452
3.0785049098687582,0.2463877811105439,0.0408472990931037,0.9993014697917398,-0.1640204302292105
3.0785049098687587,-0.2463877811105439,0.0426614370491379,0.9993003418871412,-0.1642852711699677
3.0785049098687587,-0.2463877811105438,0.0485058373380791,0.9993020403699064,-0.163886453952653
3.0785049098687587,0.2463877811105438,0.0485058373380791,0.9992994669149196,-0.1644907215836233
3.0785049098687587,0.2463877811105439,0.0426614370491379,0.9993034980062035,-0.1635441893952404
3.078504909868759,-0.2463877811105438,0.0445411355740982,0.9993000439831128,-0.1643552213973925
3.078504909868759,0.2463877811105438,0.0445411355740982,0.9993023094739972,-0.1638232661788905
3.07850490986876,-0.2463877811105438,0.0426614370491379,0.9993024729637822,-0.163784877481412
3.07850490986876,0.2463877811105438,0.0426614370491379,0.9992996104296572,-0.1644570231856174
3.0824740138690268,-0.245670421533991,0.0408472990931037,0.999306026275774,-0.1629505316582329
3.0824740138690268,0.245670421533991,0.0408472990931037,0.999306941911522,-0.162735533126226
3.082474013869027,-0.245670421533991,0.0426614370491379,0.9993077873423376,-0.1625370192689007
3.082474013869027,0.245670421533991,0.0426614370491379,0.9993091509642408,-0.1622168300364474
3.082474013869028,-0.245670421533991,0.0426614370491379,0.9993056247556458,-0.163044811767218
3.082474013869028,0.245670421533991,0.0426614370491379,0.9993080003420184,-0.1624870052553799
3.086434969611154,-0.2449537934487194,0.0408472990931037,0.9993106580596626,-0.1618629520844907
3.086434969611154,0.2449537934487194,0.0408472990931037,0.9993112891157032,-0.161714775123719
3.0864349696111546,-0.2449537934487194,0.0426614370491379,0.999311518736588,-0.1616608583196961
3.0864349696111546,0.2449537934487194,0.0426614370491379,0.9993117384434962,-0.1616092693960296
3.086434969611155,-0.2449537934487194,0.0426614370491379,0.9993097256758252,-0.1620818832006433
3.086434969611155,0.2449537934487194,0.0426614370491379,0.9993118605975774,-0.1615805866494381
3.086434969611156,-0.2449537934487194,0.0485058373380791,0.9993093165134872,-0.1621779577610594
3.086434969611156,0.2449537934487194,0.0485058373380791,0.9993100661155124,-0.1620019452633796
3.090387776741004,-0.2442378969188006,0.0408472990931037,0.999313861815989,-0.1611106847024927
3.090387776741004,-0.2442378969188005,0.0426614370491379,0.9993146977566348,-0.160914399212283
3.090387776741004,0.2442378969188005,0.0426614370491379,0.9993145591740212,-0.1609469395084662
3.090387776741004,0.2442378969188006,0.0408472990931037,0.9993142693004212,-0.1610150041276628
3.0903877767410046,-0.2442378969188006,0.0426614370491379,0.9993136203750485,-0.1611673769492957
3.0903877767410046,-0.2442378969188005,0.0408472990931037,0.999314014030701,-0.1610749434815041
3.0903877767410046,0.2442378969188005,0.0408472990931037,0.9993128792686116,-0.1613413946154607
3.0903877767410046,0.2442378969188006,0.0426614370491379,0.9993150116754208,-0.1608406885928417
3.090387776741005,-0.2442378969188006,0.0485058373380791,0.9993122790512114,-0.1614823304190266
3.090387776741005,0.2442378969188006,0.0485058373380791,0.9993135924378344,-0.1611739368286013
3.0943324704484394,-0.243522732512359,0.0426614370491379,0.9993182339098456,-0.1600840824068649
3.0943324704484394,0.243522732512359,0.0426614370491379,0.999318762647335,-0.159959930653003
3.09433247044844,-0.243522732512359,0.0485058373380791,0.9993175319784152,-0.1602489014710202
3.09433247044844,0.243522732512359,0.0485058373380791,0.9993176737382308,-0.160215615142608
3.0943324704484403,-0.243522732512359,0.0408472990931037,0.9993188217627632,-0.1599460498818684
3.0943324704484403,0.243522732512359,0.0408472990931037,0.999317901177096,-0.1601622106941022
3.0982690552548338,-0.2428083062409047,0.0485058373380791,0.9993220161526528,-0.1591959818134391
3.0982690552548338,0.2428083062409047,0.0485058373380791,0.9993200453358788,-0.1596587452148927
3.098269055254834,-0.2428083062409047,0.0408472990931037,0.9993228396272936,-0.1590026234400504
3.098269055254834,0.2428083062409047,0.0408472990931037,0.9993219344571176,-0.15921516457272
3.102197530808228,-0.2420946181683124,0.0426614370491379,0.9993210178644568,-0.1594303877954572
3.102197530808228,0.2420946181683124,0.0426614370491379,0.9993259511163376,-0.1582720211473402
3.102197530808229,-0.2420946181683124,0.0408472990931037,0.9993258604106994,-0.158293319550255
3.102197530808229,0.2420946181683124,0.0408472990931037,0.9993245948935882,-0.1585904729998689
3.1061178988295706,-0.2413816748465611,0.0408472990931037,0.9993302407518144,-0.1572647807329966
3.1061178988295706,0.2413816748465611,0.0408472990931037,0.999328415007313,-0.1576934800148038
3.110030206972619,-0.2406694743128765,0.0408472990931037,0.9993340692492694,-0.1563658191816064
3.110030206972619,0.2406694743128765,0.0408472990931037,0.9993323279701086,-0.1567746853318717
3.113934454887586,-0.2399580166309344,0.0485058373380791,0.9993384926623374,-0.1553271667283202
3.113934454887586,0.2399580166309344,0.0485058373380791,0.9993383869913088,-0.1553519791235266
3.1139344548875862,-0.2399580166309344,0.0445411355740982,0.9993351629038918,-0.1561090204067357
3.1139344548875862,0.2399580166309344,0.0445411355740982,0.999334899439107,-0.1561708840267147
3.1139344548875867,-0.2399580166309344,0.0408472990931037,0.9993367830747144,-0.1557285914543306
3.1139344548875867,0.2399580166309344,0.0408472990931037,0.999334846814334,-0.156183240740574
3.113934454887587,-0.2399580166309344,0.0527560720697421,0.9993344548119856,-0.1562752859994688
3.113934454887587,0.2399580166309344,0.0527560720697421,0.9993315755392936,-0.1569513620518107
3.113934454887588,-0.2399580166309344,0.0408472990931037,0.9993364116854992,-0.1558157965860952
3.113934454887588,0.2399580166309344,0.0408472990931037,0.9993344517524072,-0.1562760044126973
3.117830673725837,-0.2392473028395031,0.0426614370491379,0.999339992600724,-0.15497496930496
3.117830673725837,0.2392473028395031,0.0426614370491379,0.9993393940626106,-0.1551155107986684
3.117830673725838,-0.2392473028395031,0.0426614370491379,0.9993424934727716,-0.1543877447234646
3.117830673725838,0.2392473028395031,0.0426614370491379,0.9993409904226194,-0.1547406728140864
3.1178306737258383,-0.2392473028395031,0.0408472990931037,0.9993411325935454,-0.1547072899536488
3.1178306737258383,0.2392473028395031,0.0408472990931037,0.999339048120012,-0.155196740863139
3.121718891808104,-0.2385373343717475,0.0408472990931037,0.9993453303088364,-0.1537216331275139
3.121718891808104,0.2385373343717475,0.0408472990931037,0.9993432257810376,-0.1542157929375612
3.125599108786749,-0.2378281112911436,0.0505937571255093,0.9993459258653004,-0.153581791748766
3.125599108786749,0.2378281112911436,0.0505937571255093,0.9993463311361728,-0.1534866309353196
3.1255991087867496,-0.2378281112911436,0.0485058373380791,0.9993484271802336,-0.1529944631742169
3.1255991087867496,0.2378281112911436,0.0485058373380791,0.9993456320764768,-0.1536507756934458
3.12559910878675,-0.2378281112911436,0.0445411355740982,0.9993479027534756,-0.1531176027341654
3.12559910878675,0.2378281112911436,0.0445411355740982,0.9993471604414688,-0.1532919034777699
3.1255991087867505,-0.2378281112911436,0.0426614370491379,0.9993526740279496,-0.1519972696652877
3.1255991087867505,0.2378281112911436,0.0426614370491379,0.9993432765118946,-0.1542038809301716
3.125599108786751,-0.2378281112911436,0.0549927819774515,0.9993426788612708,-0.154344214034278
3.125599108786751,0.2378281112911436,0.0549927819774515,0.9993427825476704,-0.1543198676456971
3.1255991087867514,-0.2378281112911436,0.0408472990931037,0.9993471760397936,-0.1532882408674966
3.1255991087867514,0.2378281112911436,0.0408472990931037,0.9993458030464636,-0.1536106305852121
3.12947135602838,-0.2371196344993056,0.0426614370491379,0.9993513550591734,-0.152306973989531
3.12947135602838,0.2371196344993056,0.0426614370491379,0.9993511078213168,-0.1523650273981252
3.1294713560283807,-0.2371196344993056,0.0549927819774515,0.9993511576188496,-0.1523533345426554
3.1294713560283807,0.2371196344993056,0.0549927819774515,0.9993482579162186,-0.1530342077067205
3.129471356028381,-0.2371196344993056,0.0426614370491379,0.9993554628275452,-0.1513424374130547
3.129471356028381,0.2371196344993056,0.0426614370491379,0.9993522303354117,-0.1521014521903963
3.129471356028382,-0.2371196344993056,0.0408472990931037,0.9993521686458148,-0.1521159373967371
3.129471356028382,0.2371196344993056,0.0408472990931037,0.9993507451195078,-0.1524501926580649
3.133335656215419,-0.2364119063228905,0.0426614370491379,0.9993548504719252,-0.151486223366868
3.133335656215419,0.2364119063228905,0.0426614370491379,0.9993544389999937,-0.1515828402382023
3.1333356562154195,-0.2364119063228905,0.0549927819774515,0.9993540388975816,-0.1516767874561931
3.1333356562154195,0.2364119063228905,0.0549927819774515,0.9993525245204112,-0.1520323752204297
3.13333565621542,-0.2364119063228905,0.0426614370491379,0.9993582946233962,-0.1506775092992852
3.13333565621542,0.2364119063228905,0.0426614370491379,0.9993562713296392,-0.151152594712334
3.133335656215421,-0.2364119063228905,0.0408472990931037,0.999356631707927,-0.1510679750335798
3.133335656215421,0.2364119063228905,0.0408472990931037,0.9993548636186892,-0.1514831364024624
3.1371920090023706,-0.2357049268251742,0.0485058373380791,0.99935788734391,-0.1507731417511817
3.1371920090023706,0.2357049268251742,0.0485058373380791,0.999358919650608,-0.1505307479552999
3.137192009002371,-0.2357049268251742,0.0426614370491379,0.9993607006208516,-0.1501125620241422
3.137192009002371,0.2357049268251742,0.0426614370491379,0.9993563662799508,-0.151130299626459
3.1371920090023715,-0.2357049268251742,0.0505937571255093,0.9993576887469066,-0.150819773901907
3.1371920090023715,0.2357049268251742,0.0505937571255093,0.9993576202592382,-0.1508358553493368
3.137192009002372,-0.2357049268251742,0.0408472990931037,0.999358481666578,-0.1506335900774782
3.137192009002372,0.2357049268251742,0.0408472990931037,0.999357613416738,-0.150837462022659
3.1410404566361416,-0.2349986947574544,0.0426614370491379,0.9993634215580236,-0.1494736644069948
3.1410404566361416,0.2349986947574544,0.0426614370491379,0.9993627089785856,-0.1496409837077134
3.141040456636142,-0.2349986947574544,0.0426614370491379,0.9993669079351288,-0.1486550354257456
3.141040456636142,0.2349986947574544,0.0426614370491379,0.9993637173073175,-0.1494042201282859
3.1410404566361425,-0.2349986947574544,0.0408472990931037,0.9993638285802529,-0.1493780923610537
3.1410404566361425,0.2349986947574544,0.0408472990931037,0.9993623296033008,-0.1497300640319227
3.144881028829446,-0.2342932110370848,0.0426614370491379,0.9993697591196716,-0.1479855546934016
3.144881028829446,0.2342932110370848,0.0426614370491379,0.999367546049256,-0.1485052011702995
3.144881028829447,-0.2342932110370848,0.0408472990931037,0.9993684119288748,-0.1483018857718814
3.144881028829447,0.2342932110370848,0.0408472990931037,0.9993667888556276,-0.1486829962365723
3.1487137252389115,-0.2335884757271408,0.0426614370491379,0.9993711773064372,-0.1476525531987134
3.1487137252389115,0.2335884757271408,0.0426614370491379,0.9993692511382276,-0.1481048327632851
3.148713725238912,-0.2335884757271408,0.0408472990931037,0.99937077219473,-0.1477476766389787
3.148713725238912,0.2335884757271408,0.0408472990931037,0.9993695290407768,-0.1480395790418207
3.1487137252389124,-0.2335884757271408,0.0408472990931037,0.999371781945223,-0.147510579218788
3.1487137252389124,0.2335884757271408,0.0408472990931037,0.999369948536858,-0.1479410780365597
3.152538565914178,-0.2328844915231562,0.0408472990931037,0.9993763675114672,-0.1464338519143445
3.152538565914178,0.2328844915231562,0.0408472990931037,0.9993751986965446,-0.1467082989235079
3.1525385659141785,-0.2328844915231562,0.0485058373380791,0.9993752475784076,-0.1466968210745829
3.1525385659141785,0.2328844915231562,0.0485058373380791,0.999376049584234,-0.1465085037489734
3.1563555877803746,-0.2321812578904316,0.0408472990931037,0.9993806716559476,-0.1454232046708997
3.1563555877803746,0.2321812578904316,0.0408472990931037,0.9993797391400217,-0.1456421668024938
3.156355587780375,-0.2321812578904316,0.0485058373380791,0.9993782473213711,-0.1459924576473982
3.156355587780375,0.2321812578904316,0.0485058373380791,0.9993806945914836,-0.1454178192252281
3.1601647904962338,-0.231478774891841,0.0408472990931037,0.999382992633594,-0.1448782207208909
3.1601647904962338,0.231478774891841,0.0408472990931037,0.9993828186552286,-0.1449190722202029
3.160164790496234,-0.231478774891841,0.0408472990931037,0.9993835502396152,-0.1447472904068691
3.160164790496234,0.231478774891841,0.0408472990931037,0.9993827607568,-0.1449326672302335
3.1601647904962347,-0.231478774891841,0.0426614370491379,0.9993831240482476,-0.1448473635184856
3.1601647904962347,0.231478774891841,0.0426614370491379,0.99938240851467,-0.1450153764746
3.160164790496235,-0.231478774891841,0.0445411355740982,0.999382240085076,-0.1450549250784177
3.160164790496235,0.231478774891841,0.0445411355740982,0.9993820895072294,-0.1450902819504558
3.160164790496236,-0.231478774891841,0.0485058373380791,0.9993855470693556,-0.1442784189547379
3.160164790496236,0.231478774891841,0.0485058373380791,0.9993849666031226,-0.1444147170276619
3.1639662137507107,-0.2307770414952193,0.0408472990931037,0.9993882050622304,-0.1436543011575182
3.1639662137507107,0.2307770414952193,0.0408472990931037,0.9993877086458032,-0.1437708636697982
3.163966213750712,-0.2307770414952193,0.0426614370491379,0.9993873841654556,-0.1438470542275536
3.163966213750712,0.2307770414952193,0.0426614370491379,0.9993871243112696,-0.1439080700503602
3.167759891833134,-0.2300760574933335,0.0408472990931037,0.9993924727024948,-0.1426522253933594
3.167759891833134,0.2300760574933335,0.0408472990931037,0.9993917917959448,-0.142812107648932
3.1677598918331347,-0.2300760574933335,0.0426614370491379,0.9993909352903372,-0.1430132219552035
3.1677598918331347,0.2300760574933335,0.0426614370491379,0.9993906689730364,-0.1430757553685258
3.171545824404322,-0.2293758229488562,0.0408472990931037,0.9993953579247936,-0.1419747523260717
3.171545824404322,0.2293758229488562,0.0408472990931037,0.999394299120946,-0.1422233678627482
3.171545824404323,-0.2293758229488562,0.0573069727662266,0.9993901954672914,-0.1431869382710262
3.171545824404323,0.2293758229488562,0.0573069727662266,0.9993937914177392,-0.142342580600355
3.1715458244043235,-0.2293758229488563,0.0408472990931037,0.9993944175276372,-0.14219556503305
3.1715458244043235,-0.2293758229488562,0.0426614370491379,0.99939294076812,-0.1425423198741123
3.1715458244043235,0.2293758229488562,0.0426614370491379,0.9993927572010988,-0.142585422865911
3.1715458244043235,0.2293758229488563,0.0408472990931037,0.9993940730278752,-0.1422764563080689
3.171545824404324,-0.2293758229488562,0.0445411355740982,0.9993956874473552,-0.1418973778164514
3.171545824404324,0.2293758229488562,0.0445411355740982,0.9993952808245494,-0.1419928560746159
3.1715458244043244,-0.2293758229488562,0.0485058373380791,0.9993943093220308,-0.1422209725672087
3.1715458244043244,0.2293758229488562,0.0485058373380791,0.999394289951995,-0.1422255208051624
3.1753240493024744,-0.2286763370030752,0.0408472990931037,0.9993998732451292,-0.1409145193178256
3.1753240493024744,0.2286763370030752,0.0408472990931037,0.9993988009883488,-0.1411662937097589
3.1790946150251203,-0.2279775967221256,0.0408472990931037,0.99940457064208,-0.1398115332770073
3.1790946150251203,0.2279775967221256,0.0408472990931037,0.9994028312607296,-0.1402199538063574
3.182857521235146,-0.2272796021684797,0.0426614370491379,0.999407812951832,-0.1390502132450435
3.182857521235146,0.2272796021684797,0.0426614370491379,0.9994059653109598,-0.139484053968296
3.182857521235147,-0.2272796021684797,0.0408472990931037,0.9994081237426116,-0.1389772371063292
3.182857521235147,0.2272796021684797,0.0408472990931037,0.9994054070085744,-0.1396151477941495
3.186612824124758,-0.2265823489692763,0.0426614370491379,0.9994117582333656,-0.1381238298662301
3.186612824124758,0.2265823489692763,0.0426614370491379,0.999409745475443,-0.1385964413818366
3.186612824124759,-0.2265823489692763,0.0408472990931037,0.9994121881007684,-0.1380228935924737
3.186612824124759,0.2265823489692763,0.0408472990931037,0.999409336705148,-0.1386924238874854
3.190360592449468,-0.2258858301880675,0.0408472990931037,0.9994168250264642,-0.1369341066816407
3.190360592449468,0.2258858301880675,0.0408472990931037,0.9994135680125814,-0.137698879360052
3.194100825874197,-0.2251900458871268,0.0485058373380791,0.9994203461678218,-0.1361073147783819
3.194100825874197,0.2251900458871268,0.0485058373380791,0.999418311104228,-0.1365851638424055
3.1941008258741976,-0.2251900458871268,0.0505937571255093,0.9994175535056774,-0.1367630539876484
3.1941008258741976,0.2251900458871268,0.0505937571255093,0.9994163051393452,-0.1370561802983923
3.194100825874198,-0.2251900458871269,0.0408472990931037,0.9994191362296152,-0.1363914178605915
3.194100825874198,-0.2251900458871268,0.0426614370491379,0.9994180067377418,-0.1366566315060962
3.194100825874198,0.2251900458871268,0.0426614370491379,0.9994148639622172,-0.1373945801124173
3.194100825874198,0.2251900458871269,0.0408472990931037,0.9994148823594567,-0.1373902602947434
3.194100825874199,-0.2251900458871268,0.0408472990931037,0.9994203286651429,-0.1361114245461765
3.194100825874199,0.2251900458871268,0.0408472990931037,0.999416601010606,-0.1369867073809449
3.1978335857189712,-0.2244949905363024,0.0485058373380791,0.9994248966852248,-0.1350388172196796
3.1978335857189712,0.2244949905363024,0.0485058373380791,0.9994225842762324,-0.1355817891818546
3.197833585718972,-0.2244949905363024,0.0408472990931037,0.9994243468951914,-0.1351679122777684
3.197833585718972,-0.2244949905363023,0.0549927819774515,0.9994217529724568,-0.1357769858981793
3.197833585718972,0.2244949905363023,0.0549927819774515,0.9994200963002586,-0.1361659856629493
3.197833585718972,0.2244949905363024,0.0408472990931037,0.999419992866834,-0.1361902726510009
3.2015589153269266,-0.2238006618138664,0.0485058373380791,0.9994289360044364,-0.1340903530486294
3.2015589153269266,0.2238006618138664,0.0485058373380791,0.9994259775713874,-0.1347850165803975
3.201558915326927,-0.2238006618138665,0.0426614370491379,0.9994275723058648,-0.1344105602834685
3.201558915326927,-0.2238006618138664,0.0426614370491379,0.9994292495431916,-0.1340167316635071
3.201558915326927,0.2238006618138664,0.0426614370491379,0.999425390656752,-0.1349228287893408
3.201558915326927,0.2238006618138665,0.0426614370491379,0.9994247689113523,-0.1350688195377907
3.2015589153269275,-0.2238006618138665,0.0445411355740982,0.99942806373237,-0.134295169444411
3.2015589153269275,-0.2238006618138664,0.0408472990931037,0.9994286941737208,-0.134147136817716
3.2015589153269275,0.2238006618138664,0.0408472990931037,0.9994246446793024,-0.135097990207954
3.2015589153269275,0.2238006618138665,0.0445411355740982,0.999425627611564,-0.1348671899210904
3.205276814364992,-0.2231070597818968,0.0426614370491379,0.9994314319917116,-0.1335042754504856
3.205276814364992,0.2231070597818968,0.0426614370491379,0.9994278814269576,-0.1343379762004063
3.2052768143649923,-0.2231070597818967,0.0505937571255093,0.9994302179536618,-0.1337893412083625
3.2052768143649923,0.2231070597818967,0.0505937571255093,0.9994281625018488,-0.1342719775878796
3.205276814364993,-0.2231070597818968,0.0408472990931037,0.9994318118312808,-0.1334150861085953
3.205276814364993,-0.2231070597818967,0.0464892690618041,0.9994287793354452,-0.1341271401697283
3.205276814364993,0.2231070597818967,0.0464892690618041,0.9994269526656022,-0.134556056729074
3.205276814364993,0.2231070597818968,0.0408472990931037,0.9994281898439176,-0.1342655574533482
3.2052768143649937,-0.2231070597818967,0.0408472990931037,0.9994308708979448,-0.1336360247147551
3.2052768143649937,0.2231070597818967,0.0408472990931037,0.9994258913312526,-0.1348052664476867
3.208987318485473,-0.2224141834546568,0.0505937571255093,0.9994343760523128,-0.132812986683364
3.208987318485473,0.2224141834546568,0.0505937571255093,0.9994324222596436,-0.1332717526900602
3.2089873184854736,-0.2224141834546568,0.0485058373380791,0.9994373630964084,-0.1321116050511192
3.2089873184854736,-0.2224141834546567,0.0426614370491379,0.9994358559405178,-0.1324654972016157
3.2089873184854736,0.2224141834546567,0.0426614370491379,0.9994357479147924,-0.1324908624982899
3.2089873184854736,0.2224141834546568,0.0485058373380791,0.9994330881857878,-0.133115387952522
3.208987318485474,-0.2224141834546567,0.0408472990931037,0.999435889517805,-0.1324576129883904
3.208987318485474,0.2224141834546567,0.0408472990931037,0.9994313432478652,-0.1335251132090728
3.2126904925315407,-0.2217220264223088,0.0445411355740982,0.999440109161916,-0.1314668071015175
3.2126904925315407,-0.2217220264223087,0.0426614370491379,0.9994392616684544,-0.1316658052844871
3.2126904925315407,0.2217220264223087,0.0426614370491379,0.9994365257098596,-0.132308230050804
3.2126904925315407,0.2217220264223088,0.0445411355740982,0.999436582574681,-0.1322948777399636
3.212690492531541,-0.2217220264223088,0.0505937571255093,0.9994380622391232,-0.1319474407994392
3.212690492531541,-0.2217220264223087,0.0408472990931037,0.9994403364369868,-0.1314134411132926
3.212690492531541,0.2217220264223087,0.0408472990931037,0.9994363011407472,-0.1323609606586109
3.212690492531541,0.2217220264223088,0.0505937571255093,0.9994363495004271,-0.1323496054223852
3.2126904925315416,-0.2217220264223088,0.0485058373380791,0.9994416142846874,-0.1311133923435327
3.2126904925315416,-0.2217220264223087,0.0426614370491379,0.9994420124507112,-0.1310198998048059
3.2126904925315416,0.2217220264223087,0.0426614370491379,0.9994380030113512,-0.1319613479498149
3.2126904925315416,0.2217220264223088,0.0485058373380791,0.9994366497204238,-0.1322791113872953
3.2163863361721057,-0.2210305887467364,0.0445411355740982,0.99944341085711,-0.130691542897041
3.2163863361721057,-0.2210305887467363,0.0408472990931037,0.9994428530205683,-0.1308225273390495
3.2163863361721057,0.2210305887467363,0.0408472990931037,0.999438119094067,-0.1319340908079763
3.2163863361721057,0.2210305887467364,0.0445411355740982,0.9994391368539022,-0.1316951127307746
3.216386336172106,-0.2210305887467364,0.0426614370491379,0.9994411602272169,-0.1312200086369748
3.216386336172106,-0.2210305887467363,0.0408472990931037,0.9994436407083508,-0.1306375720036916
3.216386336172106,0.2210305887467363,0.0408472990931037,0.9994402354854584,-0.1314371453324057
3.216386336172106,0.2210305887467364,0.0426614370491379,0.9994389554271034,-0.1317377131813256
3.2163863361721066,-0.2210305887467364,0.0426614370491379,0.9994461133741184,-0.1300569704803035
3.2163863361721066,-0.2210305887467363,0.0426614370491379,0.9994439493921896,-0.1305650905913374
3.2163863361721066,0.2210305887467363,0.0426614370491379,0.9994394017424244,-0.1316329148059275
3.2163863361721066,0.2210305887467364,0.0426614370491379,0.9994441591841516,-0.1305158297755828
3.216386336172107,-0.2210305887467364,0.0426614370491379,0.9994444417628598,-0.1304494780548869
3.216386336172107,0.2210305887467364,0.0426614370491379,0.9994395455019526,-0.1315991589291407
3.220074921951009,-0.220339862374112,0.0505937571255093,0.9994453090385774,-0.1302458348414053
3.220074921951009,-0.2203398623741119,0.0408472990931037,0.9994480039153756,-0.1296130564065975
3.220074921951009,0.2203398623741119,0.0408472990931037,0.9994435273630834,-0.1306641863709507
3.220074921951009,0.220339862374112,0.0505937571255093,0.999443443289482,-0.13068392751905
3.2200749219510096,-0.2203398623741119,0.0426614370491379,0.9994510531436918,-0.1288970734263738
3.2200749219510096,0.2203398623741119,0.0426614370491379,0.9994473481424562,-0.129767037086463
3.22007492195101,-0.2203398623741119,0.0426614370491379,0.9994484231583324,-0.1295146148369546
3.22007492195101,0.2203398623741119,0.0426614370491379,0.9994441799120142,-0.1305109627091729
3.223756318473554,-0.2196498399697122,0.0408472990931037,0.9994521727304932,-0.128634185570316
3.223756318473554,0.2196498399697122,0.0408472990931037,0.9994482383411336,-0.1295580113803186
3.2237563184735545,-0.2196498399697122,0.0426614370491379,0.9994546906887596,-0.1280429490092343
3.2237563184735545,0.2196498399697122,0.0426614370491379,0.9994500698048906,-0.1291279691719275
3.223756318473555,-0.2196498399697121,0.0426614370491379,0.9994513781756296,-0.1288207533508366
3.223756318473555,0.2196498399697121,0.0426614370491379,0.9994482673074482,-0.1295512098600123
3.2274305254105986,-0.21896052159523,0.0485058373380791,0.9994560180769768,-0.1277312677334685
3.2274305254105986,0.21896052159523,0.0485058373380791,0.999448694516538,-0.1294508977791723
3.227430525410599,-0.21896052159523,0.0408472990931037,0.9994551788431224,-0.1279283264951357
3.227430525410599,0.21896052159523,0.0408472990931037,0.9994518717363232,-0.1287048613874292
3.2274305254105995,-0.2189605215952301,0.0408472990931037,0.99945477078379,-0.1280241420611511
3.2274305254105995,0.2189605215952301,0.0408472990931037,0.9994509090470396,-0.1289309084625733
3.2274305254106,-0.21896052159523,0.0426614370491379,0.9994527410993904,-0.1285007280477347
3.2274305254106,0.21896052159523,0.0426614370491379,0.999451204365954,-0.1288615652404631
3.2310976236137328,-0.2182718975139521,0.0408472990931037,0.9994591307884916,-0.1270003783949519
3.2310976236137328,0.2182718975139521,0.0408472990931037,0.9994558136373002,-0.1277792717901326
3.234757697986177,-0.2175839570556768,0.0485058373380791,0.9994625599456436,-0.126195185112308
3.234757697986177,-0.2175839570556767,0.0408472990931037,0.9994628175410082,-0.126134699678739
3.234757697986177,0.2175839570556767,0.0408472990931037,0.9994599579534994,-0.1268061534940827
3.234757697986177,0.2175839570556768,0.0485058373380791,0.9994571663556916,-0.1274616427886739
3.238410748200697,-0.2168967002819107,0.0408472990931037,0.999465544970685,-0.125494277569982
3.238410748200697,0.2168967002819107,0.0408472990931037,0.99946317746352,-0.1260501870197962
3.238410748200698,-0.2168967002819107,0.0408472990931037,0.999465332727898,-0.1255441138588195
3.238410748200698,0.2168967002819107,0.0408472990931037,0.9994626778554933,-0.1261674989449745
3.242056844182386,-0.2162101192901778,0.0408472990931037,0.9994697339845032,-0.1245106639186559
3.242056844182386,0.2162101192901778,0.0408472990931037,0.999467827259255,-0.1249583781217756
3.245696074286892,-0.2155242025795453,0.0408472990931037,0.9994735392561171,-0.123617155978853
3.245696074286892,0.2155242025795453,0.0408472990931037,0.9994721375096608,-0.1239462971586631
3.2493284381888428,-0.2148389502113389,0.0426614370491379,0.9994781774844852,-0.1225280631902629
3.2493284381888428,0.2148389502113389,0.0426614370491379,0.9994764061925738,-0.1229439765723138
3.249328438188843,-0.2148389502113389,0.0408472990931037,0.9994757694745996,-0.1230934829999749
3.249328438188843,0.2148389502113389,0.0408472990931037,0.9994746073403916,-0.1233663613244323
3.249328438188844,-0.2148389502113389,0.0408472990931037,0.9994763516414176,-0.1229567856162107
3.249328438188844,0.2148389502113389,0.0408472990931037,0.9994754411990652,-0.1231705646977615
3.252954027190205,-0.2141543500515602,0.0445411355740982,0.9994804916921344,-0.1219846688892962
3.252954027190205,0.2141543500515602,0.0445411355740982,0.99947869465157,-0.1224066282591291
3.252954027190206,-0.2141543500515602,0.0426614370491379,0.9994813295526908,-0.1217879325887886
3.252954027190206,0.2141543500515602,0.0426614370491379,0.999480170647176,-0.1220600527904359
3.2529540271902064,-0.2141543500515602,0.0408472990931037,0.999480386045296,-0.1220094756043724
3.2529540271902064,0.2141543500515602,0.0408472990931037,0.999480072113026,-0.1220831893899358
3.256572900981133,-0.2134703957741289,0.0485058373380791,0.999483322541509,-0.1213199630156485
3.256572900981133,0.2134703957741289,0.0485058373380791,0.9994807329374468,-0.1219280225775406
3.256572900981134,-0.2134703957741289,0.0485058373380791,0.9994854632303124,-0.1208173123151125
3.256572900981134,0.2134703957741289,0.0485058373380791,0.9994808729006582,-0.1218951581059841
3.2565729009811344,-0.2134703957741289,0.0408472990931037,0.9994844046273228,-0.1210658806887391
3.2565729009811344,0.2134703957741289,0.0408472990931037,0.9994846337865048,-0.1210120722962427
3.256572900981135,-0.2134703957741289,0.0426614370491379,0.9994851467663788,-0.1208916205553973
3.256572900981135,0.2134703957741289,0.0426614370491379,0.9994836400156708,-0.121245417565766
3.260185059238075,-0.2127870874401952,0.0426614370491379,0.9994858120567096,-0.12073540511186
3.260185059238075,0.2127870874401952,0.0426614370491379,0.999486318053327,-0.1206165930950046
3.2601850592380752,-0.2127870874401952,0.0408472990931037,0.9994873946756851,-0.1203637936307741
3.2601850592380752,0.2127870874401952,0.0408472990931037,0.9994882284414056,-0.1201680188302778
3.260185059238076,-0.2127870874401952,0.0408472990931037,0.9994866450812976,-0.120539804335147
3.260185059238076,0.2127870874401952,0.0408472990931037,0.9994870075856735,-0.120454685434005
3.2637905594640344,-0.212104419114713,0.0549927819774515,0.9994887682829416,-0.1200412597582579
3.2637905594640344,0.212104419114713,0.0549927819774515,0.9994871039692668,-0.1204320538022736
3.263790559464035,-0.212104419114713,0.0485058373380791,0.9994914317581454,-0.1194158546667217
3.263790559464035,0.212104419114713,0.0485058373380791,0.9994890897707936,-0.1199657718621094
3.263790559464036,-0.212104419114713,0.0426614370491379,0.9994918742106372,-0.1193119633142332
3.263790559464036,-0.2121044191147129,0.0408472990931037,0.9994912505940496,-0.1194583934325066
3.263790559464036,0.2121044191147129,0.0408472990931037,0.9994924314407384,-0.1191811212692505
3.263790559464036,0.212104419114713,0.0426614370491379,0.999493100558639,-0.1190240070820308
3.267389473322801,-0.2114223820662649,0.0485058373380791,0.9994942180222162,-0.118761617775861
3.267389473322801,0.2114223820662649,0.0485058373380791,0.9994920191116932,-0.119277939397653
3.267389473322802,-0.2114223820662649,0.0549927819774515,0.9994921823959289,-0.1192395989647665
3.267389473322802,0.2114223820662649,0.0549927819774515,0.9994917068931082,-0.1193512507964266
3.2673894733228024,-0.2114223820662649,0.0426614370491379,0.9994950591962022,-0.1185641034558597
3.2673894733228024,-0.2114223820662648,0.0408472990931037,0.9994955268322367,-0.1184542988079135
3.2673894733228024,0.2114223820662648,0.0408472990931037,0.999496867522594,-0.1181394940842148
3.2673894733228024,0.2114223820662649,0.0426614370491379,0.9994961490012988,-0.1183082085801646
3.2709818004926072,-0.2107409763558297,0.0485058373380791,0.9994955974216602,-0.1184377238517505
3.2709818004926072,0.2107409763558297,0.0485058373380791,0.9994939702821984,-0.118819789095886
3.270981800492608,-0.2107409763558299,0.0426614370491379,0.9994971841635172,-0.1180651442854626
3.270981800492608,-0.2107409763558298,0.0408472990931037,0.9994980209759764,-0.1178686540865298
3.270981800492608,-0.2107409763558297,0.0549927819774515,0.9994943561333918,-0.1187291881770051
3.270981800492608,0.2107409763558297,0.0549927819774515,0.9994958130504203,-0.1183870925095199
3.270981800492608,0.2107409763558298,0.0408472990931037,0.9994996458787182,-0.1174871140419363
3.270981800492608,0.2107409763558299,0.0426614370491379,0.9994988275534288,-0.1176792633068513
3.274567632361213,-0.2100601893811782,0.0408472990931037,0.9995025151296716,-0.1168133911731973
3.274567632361213,0.2100601893811782,0.0408472990931037,0.9995045789192843,-0.1163287970122222
3.2781470594548714,-0.20938000866299,0.0408472990931037,0.9995067254951508,-0.1158247639826386
3.2781470594548714,0.20938000866299,0.0408472990931037,0.9995085864145796,-0.1153878053490126
3.281720081453556,-0.2087004342620781,0.0485058373380791,0.9995116175429594,-0.114676072377345
3.281720081453556,-0.208700434262078,0.0573069727662266,0.9995082729334024,-0.1154614132144037
3.281720081453556,0.208700434262078,0.0573069727662266,0.9995035349718516,-0.1165739241449434
3.281720081453556,0.2087004342620781,0.0485058373380791,0.9995093387799888,-0.1152111439868719
3.2817200814535563,-0.2087004342620781,0.0445411355740982,0.9995093535780444,-0.1152076692861208
3.2817200814535563,-0.208700434262078,0.0426614370491379,0.9995122205534324,-0.1145344807381249
3.2817200814535563,0.208700434262078,0.0426614370491379,0.999511451914898,-0.1147149631591352
3.2817200814535563,0.2087004342620781,0.0445411355740982,0.9995094550389128,-0.1151838454698825
3.2817200814535568,-0.2087004342620781,0.0408472990931037,0.9995098179776954,-0.1150986245666743
3.2817200814535568,-0.208700434262078,0.0549927819774515,0.9995062162694882,-0.1159443342048904
3.2817200814535568,0.208700434262078,0.0549927819774515,0.9995080214760068,-0.1155204574042681
3.2817200814535568,0.2087004342620781,0.0408472990931037,0.9995118511831368,-0.1146212118115924
3.285286761833075,-0.2080214587163288,0.0485058373380791,0.999514917517526,-0.1139012121897998
3.285286761833075,0.2080214587163288,0.0485058373380791,0.9995125949947272,-0.1144465589539047
3.2852867618330754,-0.2080214587163288,0.0549927819774515,0.9995108578948642,-0.1148544437719175
3.2852867618330754,0.2080214587163288,0.0549927819774515,0.999510317222411,-0.1149813979498883
3.285286761833076,-0.2080214587163288,0.0408472990931037,0.9995140299610256,-0.1141096174918582
3.285286761833076,0.2080214587163288,0.0408472990931037,0.9995159749954082,-0.1136529080003218
3.288847164515241,-0.2073430743660974,0.0485058373380791,0.999517772036928,-0.1132309484061137
3.288847164515241,0.2073430743660974,0.0485058373380791,0.9995146951491976,-0.1139534260360778
3.288847164515242,-0.2073430743660975,0.0408472990931037,0.9995180533930208,-0.113164883765192
3.288847164515242,-0.2073430743660974,0.0426614370491379,0.9995188974934056,-0.1129666823035309
3.288847164515242,0.2073430743660974,0.0426614370491379,0.9995207315189282,-0.1125360385723269
3.288847164515242,0.2073430743660975,0.0408472990931037,0.9995201657024158,-0.1126688967747363
3.292401289181729,-0.2066652812720363,0.0408472990931037,0.9995210161493616,-0.1124692050902818
3.292401289181729,-0.2066652812720362,0.0408472990931037,0.9995210047113708,-0.1124718908211604
3.292401289181729,0.2066652812720362,0.0408472990931037,0.9995227487980058,-0.1120623654536854
3.292401289181729,0.2066652812720363,0.0408472990931037,0.9995236717810522,-0.1118456417178149
3.2924012891817296,-0.2066652812720363,0.0426614370491379,0.9995220876175608,-0.1122176158634134
3.2924012891817296,-0.2066652812720362,0.0426614370491379,0.9995226374471172,-0.1120885115249989
3.2924012891817296,0.2066652812720362,0.0426614370491379,0.9995246177436974,-0.111623522189963
3.2924012891817296,0.2066652812720363,0.0426614370491379,0.9995228464810594,-0.1120394286983705
3.29240128918173,-0.2066652812720362,0.0485058373380791,0.9995246228701786,-0.1116223184515297
3.29240128918173,0.2066652812720362,0.0485058373380791,0.9995201582861682,-0.11267063816844
3.29594921973354,-0.2059880679364484,0.0408472990931037,0.9995257037148366,-0.1113685275578515
3.29594921973354,0.2059880679364484,0.0408472990931037,0.9995274091128143,-0.1109680865937947
3.2959492197335405,-0.2059880679364484,0.0485058373380791,0.9995269989001592,-0.1110644077770596
3.2959492197335405,-0.2059880679364483,0.0426614370491379,0.999526967617728,-0.1110717531398851
3.2959492197335405,0.2059880679364483,0.0426614370491379,0.9995276847806572,-0.1109033575990603
3.2959492197335405,0.2059880679364484,0.0485058373380791,0.9995231982071332,-0.1119568406280379
3.2994910358846083,-0.2053114234831634,0.0505937571255093,0.999529601548536,-0.1104532853066628
3.2994910358846083,-0.2053114234831633,0.0426614370491379,0.9995305900207876,-0.1102211841862518
3.2994910358846083,0.2053114234831633,0.0426614370491379,0.9995320203003296,-0.1098853432117931
3.2994910358846083,0.2053114234831634,0.0505937571255093,0.9995278372438066,-0.1108675580429791
3.299491035884609,-0.2053114234831633,0.0408472990931037,0.9995297104912436,-0.1104277046952831
3.299491035884609,0.2053114234831633,0.0408472990931037,0.999531525727608,-0.1100014728073752
3.30302673731827,-0.2046353479726778,0.0426614370491379,0.9995322693837184,-0.1098268564575631
3.30302673731827,0.2046353479726778,0.0426614370491379,0.9995344075642016,-0.1093247947305502
3.3030267373182705,-0.2046353479726778,0.0426614370491379,0.99953393525171,-0.1094356974476707
3.3030267373182705,0.2046353479726778,0.0426614370491379,0.9995346487416372,-0.1092681643568351
3.303026737318271,-0.2046353479726778,0.0426614370491379,0.9995337848369162,-0.1094710160335683
3.303026737318271,-0.2046353479726777,0.0485058373380791,0.9995319359668778,-0.1099051453747914
3.303026737318271,0.2046353479726777,0.0485058373380791,0.9995300380993488,-0.1103507797152471
3.303026737318271,0.2046353479726778,0.0426614370491379,0.9995360345692816,-0.1089427610402837
3.303026737318272,-0.2046353479726778,0.0408472990931037,0.9995325904553272,-0.1097514662986582
3.303026737318272,0.2046353479726778,0.0408472990931037,0.9995347959082768,-0.1092336084632377
3.3065563823557858,-0.2039598345941498,0.0426614370491379,0.9995374972299674,-0.1085993167165795
3.3065563823557858,-0.2039598345941497,0.0485058373380791,0.9995376615869211,-0.1085607244009449
3.3065563823557858,0.2039598345941497,0.0485058373380791,0.99953432287471,-0.109344680494479
3.3065563823557858,0.2039598345941498,0.0426614370491379,0.9995389502887786,-0.1082581269891533
3.306556382355786,-0.2039598345941498,0.0426614370491379,0.9995383662295536,-0.1083952687250585
3.306556382355786,0.2039598345941498,0.0426614370491379,0.9995400916882468,-0.1079901173460231
3.306556382355787,-0.2039598345941497,0.0408472990931037,0.999537304073247,-0.1086446714457042
3.306556382355787,0.2039598345941497,0.0408472990931037,0.999538329806873,-0.1084038210592278
3.3100800030723274,-0.2032848814453735,0.0426614370491379,0.9995413499425764,-0.1076946692551275
3.3100800030723274,0.2032848814453735,0.0426614370491379,0.9995430454502116,-0.1072965506218762
3.3100800030723283,-0.2032848814453735,0.0426614370491379,0.9995423578055852,-0.107458015031208
3.3100800030723283,0.2032848814453735,0.0426614370491379,0.9995435804955456,-0.1071709177360778
3.3100800030723287,-0.2032848814453735,0.0408472990931037,0.999541545243602,-0.1076488110261229
3.3100800030723287,0.2032848814453735,0.0408472990931037,0.9995421766603342,-0.1075005493720811
3.3135975991528586,-0.2026104885866945,0.0485058373380791,0.9995447189059278,-0.1069036099540302
3.3135975991528586,0.2026104885866945,0.0485058373380791,0.9995426079345056,-0.107399282777882
3.313597599152859,-0.2026104885866946,0.0426614370491379,0.9995433748603072,-0.1072192025201728
3.313597599152859,-0.2026104885866945,0.0445411355740982,0.9995449358668989,-0.1068526657981464
3.313597599152859,0.2026104885866945,0.0445411355740982,0.9995446485724578,-0.106920124810313
3.313597599152859,0.2026104885866946,0.0426614370491379,0.9995459862248274,-0.1066060334302206
3.3135975991528595,-0.2026104885866945,0.0408472990931037,0.9995442515128934,-0.1070133575435829
3.3135975991528595,0.2026104885866945,0.0408472990931037,0.999544433820705,-0.1069705502242383
3.31359759915286,-0.2026104885866945,0.0408472990931037,0.9995446461673084,-0.1069206895584871
3.31359759915286,0.2026104885866945,0.0408472990931037,0.9995452336213412,-0.1067827506947287
3.3135975991528603,-0.2026104885866945,0.0445411355740982,0.9995452805065376,-0.1067717416789776
3.3135975991528603,0.2026104885866945,0.0445411355740982,0.9995445729472257,-0.1069378822143206
3.317109209169583,-0.2019366528799454,0.0408472990931037,0.9995489929751912,-0.1059000246099689
3.317109209169583,-0.2019366528799453,0.0426614370491379,0.9995483312563496,-0.1060554014394747
3.317109209169583,0.2019366528799453,0.0426614370491379,0.9995496663974084,-0.1057418997350196
3.317109209169583,0.2019366528799454,0.0408472990931037,0.9995486581689136,-0.1059786397779693
3.3171092091695837,-0.2019366528799453,0.0445411355740982,0.9995495904798026,-0.1057597257906852
3.3171092091695837,0.2019366528799453,0.0445411355740982,0.9995491962257886,-0.1058522997584674
3.317109209169584,-0.2019366528799453,0.0485058373380791,0.999548452249363,-0.1060269913208061
3.317109209169584,0.2019366528799453,0.0485058373380791,0.9995472512460272,-0.1063089964245401
3.3206148728236182,-0.2012633708600381,0.0408472990931037,0.9995534738919594,-0.1048478698320265
3.3206148728236182,-0.201263370860038,0.0426614370491379,0.9995529061877834,-0.1049811712728084
3.3206148728236182,0.201263370860038,0.0426614370491379,0.9995530187141082,-0.104954749199733
3.3206148728236182,0.2012633708600381,0.0408472990931037,0.9995525210538082,-0.1050716037831766
3.3206148728236187,-0.201263370860038,0.0445411355740982,0.999553219464977,-0.1049076113043594
3.3206148728236187,0.201263370860038,0.0445411355740982,0.9995532794570908,-0.1048935246804671
3.320614872823619,-0.201263370860038,0.0485058373380791,0.999553001187013,-0.1049588647006299
3.320614872823619,0.201263370860038,0.0485058373380791,0.999551139815271,-0.1053959295409517
3.3241145898015336,-0.2005906425871688,0.0485058373380791,0.99955226733044,-0.1051311800413515
3.3241145898015336,0.2005906425871688,0.0485058373380791,0.9995530773044052,-0.1049409917335056
3.324114589801534,-0.2005906425871688,0.0505937571255093,0.999553656799098,-0.1048049217859698
3.324114589801534,-0.2005906425871687,0.0549927819774515,0.999550351650465,-0.1055809968852684
3.324114589801534,0.2005906425871687,0.0549927819774515,0.9995506657674302,-0.105507239731794
3.324114589801534,0.2005906425871688,0.0505937571255093,0.999551883954322,-0.105221199792916
3.3241145898015345,-0.2005906425871688,0.0408472990931037,0.9995566896071436,-0.1040927944154195
3.3241145898015345,-0.2005906425871687,0.0408472990931037,0.9995559878658584,-0.1042575688319407
3.3241145898015345,0.2005906425871687,0.0408472990931037,0.9995552371266592,-0.1044338483471213
3.3241145898015345,0.2005906425871688,0.0408472990931037,0.999555699790007,-0.1043252113254851
3.324114589801535,-0.2005906425871687,0.0426614370491379,0.9995562519292934,-0.1041955646441658
3.324114589801535,0.2005906425871687,0.0426614370491379,0.9995553065730706,-0.1044175417792411
3.327608397586646,-0.1999184650177573,0.0549927819774515,0.99955475022137,-0.1045481775688318
3.327608397586646,0.1999184650177573,0.0549927819774515,0.9995550408340448,-0.1044799394090393
3.3276083975866464,-0.1999184650177573,0.0408472990931037,0.9995608669140856,-0.1031119296314116
3.3276083975866464,0.1999184650177573,0.0408472990931037,0.9995594645762398,-0.1034412096741366
3.331096322303797,-0.1992468371790987,0.0549927819774515,0.9995586848858444,-0.1036242871596366
3.331096322303797,0.1992468371790987,0.0549927819774515,0.9995586443331712,-0.1036338092487743
3.331096322303798,-0.1992468371790988,0.0408472990931037,0.9995654327305667,-0.1020398397278903
3.331096322303798,0.1992468371790988,0.0408472990931037,0.9995634124809384,-0.1025142103554349
3.334578363641143,-0.1985757591312413,0.0445411355740982,0.999566340621902,-0.1018266596454466
3.334578363641143,-0.1985757591312412,0.0549927819774515,0.9995614472728274,-0.1029756567983085
3.334578363641143,0.1985757591312412,0.0549927819774515,0.999561058347564,-0.1030669795332196
3.334578363641143,0.1985757591312413,0.0445411355740982,0.9995670952675816,-0.10164946285771
3.3345783636411435,-0.1985757591312413,0.0408472990931037,0.9995688694773116,-0.1012328643487354
3.3345783636411435,0.1985757591312413,0.0408472990931037,0.9995668090213872,-0.101716675733239
3.334578363641144,-0.1985757591312413,0.0573069727662266,0.999564148611305,-0.1023413611099258
3.334578363641144,0.1985757591312413,0.0573069727662266,0.9995633807066928,-0.1025216712001724
3.3380545476936647,-0.1979052299554981,0.0445411355740982,0.9995715620952916,-0.1006006163023049
3.3380545476936647,0.1979052299554981,0.0445411355740982,0.9995715800857689,-0.1005963919956674
3.338054547693665,-0.1979052299554981,0.0426614370491379,0.9995741289550631,-0.0999978972801855
3.338054547693665,0.1979052299554981,0.0426614370491379,0.9995699761250624,-0.1009730146843559
3.3380545476936656,-0.1979052299554981,0.0408472990931037,0.9995726899145796,-0.1003357953931379
3.3380545476936656,0.1979052299554981,0.0408472990931037,0.9995714474431214,-0.1006275375407555
3.338054547693666,-0.1979052299554981,0.0573069727662266,0.9995685561386702,-0.1013064387455999
3.338054547693666,0.1979052299554981,0.0573069727662266,0.999568557087552,-0.1013062159406168
3.341524869845949,-0.1972352545404221,0.0445411355740982,0.999576291539508,-0.0994901053094508
3.341524869845949,0.1972352545404221,0.0445411355740982,0.9995755602197204,-0.0996618249928398
3.3415248698459497,-0.1972352545404221,0.0426614370491379,0.999577421256168,-0.0992248388822888
3.3415248698459497,0.1972352545404221,0.0426614370491379,0.999573322493194,-0.100187260919984
3.34152486984595,-0.1972352545404221,0.0505937571255093,0.9995739305407048,-0.1000444865443885
3.34152486984595,-0.197235254540422,0.0408472990931037,0.9995773556764984,-0.0992402375085907
3.34152486984595,0.197235254540422,0.0408472990931037,0.9995755334742584,-0.0996681050393476
3.34152486984595,0.1972352545404221,0.0505937571255093,0.9995715496506792,-0.1006035383960106
3.3415248698459505,-0.197235254540422,0.0573069727662266,0.9995724773124032,-0.1003857160694832
3.3415248698459505,0.197235254540422,0.0573069727662266,0.999572886643562,-0.1002896018685681
3.344989329787726,-0.1965658329459136,0.0505937571255093,0.9995774606239411,-0.0992155950170797
3.344989329787726,-0.1965658329459135,0.0426614370491379,0.9995866573128896,-0.0970561395487817
3.344989329787726,-0.1965658329459134,0.0408472990931037,0.9995790808014704,-0.0988351644898774
3.344989329787726,0.1965658329459134,0.0408472990931037,0.9995791814930975,-0.0988115212976551
3.344989329787726,0.1965658329459135,0.0426614370491379,0.99957727680808,-0.0992587564384188
3.344989329787726,0.1965658329459136,0.0505937571255093,0.9995741175362444,-0.1000005785093271
3.3449893297877265,-0.1965658329459136,0.0445411355740982,0.9995799398997772,-0.0986334413972629
3.3449893297877265,-0.1965658329459135,0.0549927819774515,0.9995745999946024,-0.0998872934624078
3.3449893297877265,0.1965658329459135,0.0549927819774515,0.999574380324914,-0.0999388736465482
3.3449893297877265,0.1965658329459136,0.0445411355740982,0.9995784993945024,-0.0989716834548996
3.344989329787727,-0.1965658329459135,0.0426614370491379,0.99958291082712,-0.0979358441063139
3.344989329787727,-0.1965658329459134,0.0408472990931037,0.9995812616467742,-0.0983230847247608
3.344989329787727,0.1965658329459134,0.0408472990931037,0.9995787992005272,-0.0989012866236833
3.344989329787727,0.1965658329459135,0.0426614370491379,0.9995793678362108,-0.0987677664575213
3.344989329787728,-0.1965658329459135,0.0573069727662266,0.9995753838243572,-0.0997032440224268
3.344989329787728,0.1965658329459135,0.0573069727662266,0.9995760828465012,-0.0995391080818249
3.3484479110630887,-0.1958969724133392,0.0408472990931037,0.9995845477000777,-0.097551493360183
3.3484479110630887,0.1958969724133392,0.0408472990931037,0.999583559553525,-0.0977835180039075
3.348447911063089,-0.1958969724133392,0.0445411355740982,0.9995841497359422,-0.0976449384938882
3.348447911063089,0.1958969724133392,0.0445411355740982,0.9995824857144906,-0.0980356639216215
3.3484479110630896,-0.1958969724133392,0.0426614370491379,0.9995871426761492,-0.0969421724079008
3.3484479110630896,0.1958969724133392,0.0426614370491379,0.9995811970327004,-0.0983382566214564
3.34844791106309,-0.1958969724133392,0.0549927819774515,0.9995789409728962,-0.0988679973475545
3.34844791106309,0.1958969724133392,0.0549927819774515,0.9995768852399368,-0.0993506997424843
3.3484479110630905,-0.1958969724133392,0.0573069727662266,0.9995796235830648,-0.0987077150688607
3.3484479110630905,0.1958969724133392,0.0573069727662266,0.9995798035394804,-0.0986654598759289
3.3519005881936947,-0.1952286818951753,0.0408472990931037,0.9995894260963988,-0.0964060072323443
3.3519005881936947,0.1952286818951753,0.0408472990931037,0.9995873372144166,-0.0968964932805917
3.351900588193695,-0.1952286818951753,0.0445411355740982,0.9995888940830976,-0.0965309281727949
3.351900588193695,0.1952286818951753,0.0445411355740982,0.9995866546791028,-0.0970567579828137
3.351900588193696,-0.1952286818951753,0.0426614370491379,0.9995911683032732,-0.095996923247552
3.351900588193696,-0.1952286818951752,0.0485058373380791,0.9995859050509568,-0.0972327766138839
3.351900588193696,0.1952286818951752,0.0485058373380791,0.999584552361098,-0.0975503989156309
3.351900588193696,0.1952286818951753,0.0426614370491379,0.9995840500109412,-0.0976683547146367
3.3519005881936965,-0.1952286818951753,0.0573069727662266,0.999583649560299,-0.0977623836998703
3.3519005881936965,0.1952286818951753,0.0573069727662266,0.9995841304441409,-0.0976494683618063
3.3553473608708497,-0.1945609614511715,0.0408472990931037,0.9995935675800623,-0.095433554038145
3.3553473608708497,0.1945609614511715,0.0408472990931037,0.9995902486825397,-0.0962128574857848
3.35534736087085,-0.1945609614511715,0.0573069727662266,0.9995866888789974,-0.0970487275764591
3.35534736087085,0.1945609614511715,0.0573069727662266,0.9995857624626404,-0.0972662574808831
3.3553473608708506,-0.1945609614511715,0.0408472990931037,0.9995911490380136,-0.0960014468832785
3.3553473608708506,0.1945609614511715,0.0408472990931037,0.9995900382963084,-0.0962622578406038
3.355347360870851,-0.1945609614511715,0.0549927819774515,0.9995877655963394,-0.0967959058092797
3.355347360870851,0.1945609614511715,0.0549927819774515,0.9995794175976038,-0.098756082087953
3.3587881846904275,-0.1938938237249498,0.0408472990931037,0.9995965940911398,-0.0947229052456637
3.3587881846904275,0.1938938237249498,0.0408472990931037,0.9995946043535336,-0.0951901114084614
3.3622230008806127,-0.1932272842054992,0.0426614370491379,0.9996037704655693,-0.0930378356416708
3.3622230008806127,-0.1932272842054991,0.0408472990931037,0.9996009890328524,-0.0936909380923174
3.3622230008806127,0.1932272842054991,0.0408472990931037,0.9995987456086703,-0.0942177118741553
3.3622230008806127,0.1932272842054992,0.0426614370491379,0.999596216300648,-0.0948116134479223
3.36565180913431,-0.1925613429524128,0.0408472990931037,0.9996029022717106,-0.0932416944419652
3.36565180913431,-0.1925613429524127,0.0573069727662266,0.9995995368043472,-0.0940319328573282
3.36565180913431,0.1925613429524127,0.0573069727662266,0.999598266315454,-0.0943302537207902
3.36565180913431,0.1925613429524128,0.0408472990931037,0.9996010124885418,-0.0936854305105125
3.3656518091343104,-0.1925613429524128,0.0408472990931037,0.999604626633162,-0.0928368007039888
3.3656518091343104,-0.1925613429524127,0.0549927819774515,0.9995978143559408,-0.0944363773971866
3.3656518091343104,0.1925613429524127,0.0549927819774515,0.999590638890422,-0.0961212335817886
3.3656518091343104,0.1925613429524128,0.0408472990931037,0.999602109573978,-0.0934278261533782
3.369074559694308,-0.1918960136665885,0.0408472990931037,0.999607619782666,-0.092133985473375
3.369074559694308,0.1918960136665885,0.0408472990931037,0.999605786247272,-0.0925645141185495
3.372491172851036,-0.1912313160561932,0.0408472990931037,0.999611554709166,-0.0912100335385905
3.372491172851036,0.1912313160561932,0.0408472990931037,0.9996100031226252,-0.0915743583579252
3.375901648299023,-0.1905672501806555,0.0485058373380791,0.999613321419508,-0.0907951959453146
3.375901648299023,-0.1905672501806554,0.0426614370491379,0.99961784278493,-0.0897335435028803
3.375901648299023,0.1905672501806554,0.0426614370491379,0.9996160660088784,-0.0901507446045101
3.375901648299023,0.1905672501806555,0.0485058373380791,0.9996094954202082,-0.0916935709100778
3.375901648299024,-0.1905672501806555,0.0408472990931037,0.9996147565124308,-0.0904582247509387
3.375901648299024,0.1905672501806555,0.0408472990931037,0.9996135878557452,-0.0907326346047529
3.379305898937868,-0.1899038371478861,0.0408472990931037,0.9996183363116772,-0.0896176595103831
3.379305898937868,0.1899038371478861,0.0408472990931037,0.9996168978205796,-0.0899554286232043
3.382703824826814,-0.1892411006899296,0.0485058373380791,0.9996222315181746,-0.0887030341470268
3.382703824826814,-0.1892411006899295,0.0408472990931037,0.999622387366938,-0.0886664396219376
3.382703824826814,0.1892411006899295,0.0408472990931037,0.9996209669295044,-0.08899996959131
3.382703824826814,0.1892411006899296,0.0485058373380791,0.9996183834342762,-0.089606594750581
3.3860954256620635,-0.188579040866039,0.0408472990931037,0.9996253112945678,-0.0879798782361755
3.3860954256620635,0.188579040866039,0.0408472990931037,0.9996233754327992,-0.088434433925232
3.386095425662064,-0.188579040866039,0.0426614370491379,0.9996269616156902,-0.0875923697543435
3.386095425662064,0.188579040866039,0.0426614370491379,0.9996279456186156,-0.0873613180671631
3.3860954256620643,-0.188579040866039,0.0408472990931037,0.9996257424995078,-0.0878786278980576
3.3860954256620643,0.188579040866039,0.0408472990931037,0.9996243503704116,-0.0882055108454189
3.386095425662065,-0.188579040866039,0.0426614370491379,0.999625556666573,-0.0879222629442459
3.386095425662065,0.188579040866039,0.0426614370491379,0.9996248271548672,-0.0880935580756965
3.3894805879260503,-0.1879176841104708,0.0408472990931037,0.999629745286238,-0.0869387418432572
3.3894805879260503,0.1879176841104708,0.0408472990931037,0.9996276176511047,-0.0874383274385391
3.3894805879260512,-0.1879176841104709,0.0485058373380791,0.9996291245147174,-0.0870845039172031
3.3894805879260512,-0.1879176841104708,0.0426614370491379,0.9996313816017074,-0.0865545219997671
3.3894805879260512,0.1879176841104708,0.0426614370491379,0.9996287469850434,-0.0871731508773719
3.3894805879260512,0.1879176841104709,0.0485058373380791,0.9996260829275462,-0.0877986926960228
3.389480587926052,-0.1879176841104709,0.0505937571255093,0.999627511142078,-0.0874633366023459
3.389480587926052,0.1879176841104709,0.0505937571255093,0.9996232556672104,-0.0884625558348732
3.3928591862097712,-0.1872570593548831,0.0408472990931037,0.9996338684767344,-0.0859705840297032
3.3928591862097712,0.1872570593548831,0.0408472990931037,0.999631548534619,-0.0865153248288258
3.392859186209772,-0.1872570593548831,0.0426614370491379,0.9996341203531642,-0.0859114414473008
3.392859186209772,0.1872570593548831,0.0426614370491379,0.9996324191658772,-0.0863108937078322
3.392859186209773,-0.1872570593548831,0.0505937571255093,0.9996310837614032,-0.0866244572642072
3.392859186209773,0.1872570593548831,0.0505937571255093,0.999627228824048,-0.0875296271137728
3.396231220211156,-0.1865971666583403,0.0426614370491379,0.9996370762374616,-0.0852173763826775
3.396231220211156,0.1865971666583403,0.0426614370491379,0.999635682393941,-0.0855446618904478
3.3962312202111566,-0.1865971666583403,0.0408472990931037,0.99963719479917,-0.0851895371536548
3.3962312202111566,0.1865971666583403,0.0408472990931037,0.9996348954761816,-0.0857294364183166
3.396231220211157,-0.1865971666583403,0.0408472990931037,0.9996371121656804,-0.0852089401520336
3.396231220211157,0.1865971666583403,0.0408472990931037,0.9996342944955328,-0.0858705514387244
3.396231220211158,-0.1865971666583403,0.0505937571255093,0.9996337301890676,-0.0860030550700813
3.396231220211158,0.1865971666583403,0.0505937571255093,0.9996302854064164,-0.0868119173437569
3.3995965583041263,-0.1859380361804931,0.0408472990931037,0.9996414082577944,-0.0842001836680871
3.3995965583041263,0.1859380361804931,0.0408472990931037,0.9996384017697436,-0.0849061308951528
3.402955045482785,-0.1852797028980977,0.0408472990931037,0.9996456063931896,-0.083214428198162
3.402955045482785,0.1852797028980977,0.0408472990931037,0.9996420920894228,-0.0840396145809184
3.406306681446861,-0.1846221668700139,0.0408472990931037,0.999648982853268,-0.0824216086061598
3.406306681446861,0.1846221668700139,0.0408472990931037,0.999645281271964,-0.0832907692392345
3.406306681446862,-0.1846221668700139,0.0408472990931037,0.9996489927560194,-0.0824192833616576
3.406306681446862,0.1846221668700139,0.0408472990931037,0.9996453275395364,-0.0832799052464832
3.409651316156149,-0.1839654621149613,0.0408472990931037,0.99965349824602,-0.0813613585939674
3.409651316156149,0.1839654621149613,0.0408472990931037,0.999649405552266,-0.0823223555306394
3.40965131615615,-0.1839654621149613,0.0485058373380791,0.9996506519826432,-0.0820296837975169
3.40965131615615,0.1839654621149613,0.0485058373380791,0.9996493540882536,-0.0823344396887086
3.4129888068745355,-0.183309621438949,0.0408472990931037,0.9996573619603094,-0.0804541278507068
3.4129888068745355,0.183309621438949,0.0408472990931037,0.99965306082537,-0.0814640684301057
3.412988806874536,-0.183309621438949,0.0485058373380791,0.9996545399094672,-0.0811167677592124
3.412988806874536,0.183309621438949,0.0485058373380791,0.999652177610437,-0.0816714542976872
3.416319153303625,-0.1826546449006136,0.0408472990931037,0.9996603330306416,-0.0797564969846615
3.416319153303625,0.1826546449006136,0.0408472990931037,0.9996561630490935,-0.0807356417080726
3.416319153303626,-0.1826546449006136,0.0485058373380791,0.9996573752626914,-0.0804510043459699
3.416319153303626,0.1826546449006136,0.0485058373380791,0.9996537394472916,-0.081304722623334
3.4163191533036263,-0.1826546449006136,0.0408472990931037,0.999660940842417,-0.07961377796164
3.4163191533036263,0.1826546449006136,0.0408472990931037,0.9996560426015392,-0.0807639237486676
3.419642215392628,-0.1820005648344273,0.0408472990931037,0.999665275649678,-0.0785959308542317
3.419642215392628,0.1820005648344273,0.0408472990931037,0.9996604950705428,-0.0797184487313592
3.4229578166855363,-0.181347420977096,0.0408472990931037,0.9996689464008772,-0.0777340093741845
3.4229578166855363,0.181347420977096,0.0408472990931037,0.999664580542136,-0.0787591476152581
3.426265956885913,-0.1806952133870153,0.0426614370491379,0.9996704208046606,-0.0773878076780736
3.426265956885913,0.1806952133870153,0.0426614370491379,0.9996686115414531,-0.0778126370214013
3.426265956885914,-0.1806952133870153,0.0408472990931037,0.9996721226779652,-0.0769881943352294
3.426265956885914,0.1806952133870153,0.0408472990931037,0.999667563936053,-0.0780586230738589
3.4262659568859144,-0.1806952133870153,0.0408472990931037,0.9996717493582982,-0.0770758527523792
3.4262659568859144,0.1806952133870153,0.0408472990931037,0.9996681174573154,-0.0779286518936248
3.429566443453465,-0.1800439849400637,0.0426614370491379,0.9996747299089306,-0.0763759958367188
3.429566443453465,0.1800439849400637,0.0426614370491379,0.9996728157891396,-0.0768254463370951
3.4295664434534654,-0.1800439849400637,0.0485058373380791,0.9996731643039668,-0.0767436122929465
3.4295664434534654,-0.1800439849400636,0.0408472990931037,0.9996767445250097,-0.0759029480112844
3.4295664434534654,0.1800439849400636,0.0408472990931037,0.9996721269086964,-0.0769872009259778
3.4295664434534654,0.1800439849400637,0.0485058373380791,0.9996698971927758,-0.0775107558993685
3.432859094532254,-0.1793937767938752,0.0426614370491379,0.9996784526056818,-0.0755018771292904
3.432859094532254,0.1793937767938752,0.0426614370491379,0.9996762200881156,-0.0760260899512207
3.4328590945322546,-0.1793937767938752,0.0408472990931037,0.9996808120082368,-0.0749478707061464
3.4328590945322546,0.1793937767938752,0.0408472990931037,0.9996763620825384,-0.0759927485351468
3.4361439098278943,-0.178744589006583,0.0426614370491379,0.9996829158248278,-0.0744538778933449
3.4361439098278943,-0.1787445890065829,0.0426614370491379,0.9996864900917504,-0.073614611686304
3.4361439098278943,0.1787445890065829,0.0426614370491379,0.999681054308456,-0.0748909766938791
3.4361439098278943,0.178744589006583,0.0426614370491379,0.9996788917735095,-0.0753987570419958
3.4361439098278947,-0.178744589006583,0.0505937571255093,0.9996806914216424,-0.0749761853943578
3.4361439098278947,-0.1787445890065829,0.0408472990931037,0.9996833938930858,-0.0743416236766687
3.4361439098278947,0.1787445890065829,0.0408472990931037,0.999680068494286,-0.0751224536756753
3.4361439098278947,0.178744589006583,0.0505937571255093,0.999676651253629,-0.0759248488708007
3.436143909827895,-0.178744589006583,0.0573069727662266,0.9996779796932876,-0.0756129207082643
3.436143909827895,0.178744589006583,0.0573069727662266,0.9996770057372616,-0.0758416133038692
3.4394207103925,-0.1780964621717169,0.0426614370491379,0.9996901918331836,-0.0727454134536397
3.4394207103925,0.1780964621717169,0.0426614370491379,0.9996859413300828,-0.0737434652759684
3.4394207103925005,-0.1780964621717169,0.0408472990931037,0.9996882172334544,-0.0732090651229555
3.4394207103925005,0.1780964621717169,0.0408472990931037,0.9996841515196592,-0.0741637269514748
3.442689324239935,-0.1774494357197329,0.0485058373380791,0.9996874393419002,-0.0733917202263112
3.442689324239935,0.1774494357197329,0.0485058373380791,0.9996852006616386,-0.0739173800980151
3.4426893242399355,-0.1774494357197329,0.0426614370491379,0.9996935520468416,-0.071956408649942
3.4426893242399355,0.1774494357197329,0.0426614370491379,0.9996898697998022,-0.0728210294443896
3.442689324239936,-0.1774494357197329,0.0408472990931037,0.9996925880096867,-0.0721827722159163
3.442689324239936,0.1774494357197329,0.0408472990931037,0.999688359005518,-0.0731757759185683
3.445949751077963,-0.1768035097084797,0.0485058373380791,0.9996889790197196,-0.0730301916690974
3.445949751077963,0.1768035097084797,0.0485058373380791,0.9996880662908504,-0.0732445076429074
3.445949751077964,-0.1768035097084797,0.0408472990931037,0.9996947368526627,-0.0716782068510504
3.445949751077964,0.1768035097084797,0.0408472990931037,0.9996916317916896,-0.0724072997816899
3.4459497510779644,-0.1768035097084797,0.0408472990931037,0.9996960714998062,-0.0713648211218615
3.4459497510779644,0.1768035097084797,0.0408472990931037,0.999691980339318,-0.0723254580355842
3.445949751077965,-0.1768035097084797,0.0426614370491379,0.9996935198683896,-0.0719639644055572
3.445949751077965,0.1768035097084797,0.0426614370491379,0.999691504946998,-0.0724370839208254
3.449201850186129,-0.1761587174713801,0.0408472990931037,0.999699573425448,-0.0705425412209969
3.449201850186129,0.1761587174713801,0.0408472990931037,0.9996962626891144,-0.0713199283567251
3.4524455206673164,-0.1755150845752248,0.0408472990931037,0.99970390539993,-0.0695253592725823
3.4524455206673164,0.1755150845752248,0.0408472990931037,0.9997005203973038,-0.0703201847224951
3.452445520667317,-0.1755150845752248,0.0426614370491379,0.9997037591929718,-0.0695596898253427
3.452445520667317,0.1755150845752248,0.0426614370491379,0.9997000718531184,-0.0704255064528768
3.45568076223152,-0.1748726110775592,0.0408472990931037,0.9997063756168082,-0.0689453327678698
3.45568076223152,0.1748726110775592,0.0408472990931037,0.999704006938504,-0.0695015172104746
3.4556807622315207,-0.1748726110775592,0.0485058373380791,0.999705551647068,-0.0691388073945758
3.4556807622315207,0.1748726110775592,0.0485058373380791,0.9996989567601406,-0.0706873391235454
3.458907439075492,-0.1742313295366798,0.0408472990931037,0.9997111599089364,-0.0678219430505468
3.458907439075492,0.1742313295366798,0.0408472990931037,0.9997084355945994,-0.0684616336528055
3.4589074390754924,-0.1742313295366798,0.0426614370491379,0.9997133342048172,-0.0673114011418174
3.4589074390754924,0.1742313295366798,0.0426614370491379,0.9997099155189968,-0.068114135672799
3.458907439075493,-0.1742313295366798,0.0485058373380791,0.999708953108858,-0.0683401172024747
3.458907439075493,0.1742313295366798,0.0485058373380791,0.9997050550668471,-0.0692554083668761
3.4621253938209526,-0.1735912769636019,0.0408472990931037,0.9997153466157296,-0.0668388711069563
3.4621253938209526,0.1735912769636019,0.0408472990931037,0.999712474958452,-0.0675131589997047
3.462125393820953,-0.1735912769636019,0.0426614370491379,0.9997165921848056,-0.0665464016141434
3.462125393820953,0.1735912769636019,0.0426614370491379,0.9997136656231754,-0.0672335814841201
3.4653346261801943,-0.1729524534155509,0.0426614370491379,0.9997188998131809,-0.066004552178844
3.4653346261801943,0.1729524534155509,0.0426614370491379,0.9997133562350886,-0.0673062282594597
3.4653346261801947,-0.1729524534155509,0.0408472990931037,0.9997187848148388,-0.0660315547011674
3.4653346261801947,0.1729524534155509,0.0408472990931037,0.999715736650312,-0.0667472878951835
3.465334626180195,-0.1729524534155509,0.0408472990931037,0.999718265288144,-0.0661535436874228
3.465334626180195,0.1729524534155509,0.0408472990931037,0.9997156816062684,-0.0667602126729745
3.465334626180196,-0.1729524534155509,0.0426614370491379,0.999719053596289,-0.0659684426859709
3.465334626180196,0.1729524534155509,0.0426614370491379,0.9997161873722564,-0.0666414548097054
3.4685349921102264,-0.172314893249672,0.0485058373380791,0.9997214078599704,-0.0654156429110727
3.4685349921102264,0.172314893249672,0.0485058373380791,0.9997173727424528,-0.0663631204910399
3.468534992110227,-0.172314893249672,0.0408472990931037,0.9997228493078284,-0.0650771795274729
3.468534992110227,0.172314893249672,0.0408472990931037,0.9997198993028434,-0.0657698640829717
3.4685349921102278,-0.172314893249672,0.0426614370491379,0.9997248873104204,-0.0645986403634105
3.4685349921102278,0.172314893249672,0.0426614370491379,0.9997210400371545,-0.0655020106240134
3.4717263817144954,-0.1716786243056981,0.0485058373380791,0.9997247620267042,-0.0646280579730818
3.4717263817144954,0.1716786243056981,0.0485058373380791,0.9997216259982056,-0.0653644223242544
3.471726381714496,-0.1716786243056981,0.0408472990931037,0.9997268960107448,-0.0641269816039878
3.471726381714496,0.1716786243056981,0.0408472990931037,0.9997237976880654,-0.0648544923299033
3.4717263817144963,-0.1716786243056981,0.0426614370491379,0.9997286530939208,-0.0637144045456976
3.4717263817144963,0.1716786243056981,0.0426614370491379,0.9997245674744802,-0.0646737403775144
3.47490879470767,-0.171043646640516,0.0485058373380791,0.9997272970578908,-0.0640328125550269
3.47490879470767,0.171043646640516,0.0485058373380791,0.9997247593423144,-0.0646286882890914
3.4749087947076704,-0.171043646640516,0.0408472990931037,0.99973026532543,-0.0633358398069954
3.4749087947076704,0.171043646640516,0.0408472990931037,0.9997270133595372,-0.0640994271773327
3.474908794707671,-0.171043646640516,0.0408472990931037,0.9997299382494788,-0.0634126398330828
3.474908794707671,0.171043646640516,0.0408472990931037,0.9997267292675354,-0.0641661342313883
3.478082126490067,-0.1704099869807991,0.0408472990931037,0.9997342963263072,-0.0623893288468443
3.478082126490067,0.1704099869807991,0.0408472990931037,0.9997308791041238,-0.0631917197041802
3.4812462942471747,-0.1697776678391558,0.0408472990931037,0.999738220391347,-0.061467927268957
3.4812462942471747,0.1697776678391558,0.0408472990931037,0.9997349103191624,-0.062245158457219
3.4844012976960945,-0.1691466892721199,0.0426614370491379,0.9997399285551118,-0.0610668368761516
3.4844012976960945,0.1691466892721199,0.0426614370491379,0.9997378787370704,-0.0615481504014469
3.484401297696095,-0.1691466892721199,0.0408472990931037,0.9997415405588858,-0.0606883256114973
3.484401297696095,0.1691466892721199,0.0408472990931037,0.999738380286559,-0.061430382605655
3.487547062180313,-0.1685170721773045,0.0408472990931037,0.9997456104251172,-0.0597326887580738
3.487547062180313,0.1685170721773045,0.0408472990931037,0.9997424401784278,-0.0604770878116281
3.490683549222602,-0.1678888302692462,0.0408472990931037,0.9997495025503964,-0.0588187868891428
3.490683549222602,0.1678888302692462,0.0408472990931037,0.99974647424828,-0.0595298562318015
3.493810758542538,-0.1672619636041143,0.0408472990931037,0.9997526279150272,-0.0580849264987651
3.493810758542538,0.1672619636041143,0.0408472990931037,0.9997497620837495,-0.0587578464004742
3.4938107585425384,-0.1672619636041143,0.0408472990931037,0.9997526015021032,-0.0580911284626629
3.4938107585425384,0.1672619636041143,0.0408472990931037,0.9997497646289116,-0.0587572487762418
3.493810758542539,-0.1672619636041143,0.0485058373380791,0.9997518184582092,-0.0582749933762415
3.493810758542539,0.1672619636041143,0.0485058373380791,0.9997504571258514,-0.0585946450053015
3.496928468981987,-0.1666365225095462,0.0408472990931037,0.999756950367779,-0.057069980328025
3.496928468981987,0.1666365225095462,0.0408472990931037,0.9997539180942135,-0.0577819821983525
3.496928468981988,-0.1666365225095462,0.0485058373380791,0.9997557191905696,-0.0573590704964772
3.496928468981988,0.1666365225095462,0.0485058373380791,0.9997529145917068,-0.0580176125418457
3.500036654942633,-0.1660125182768908,0.0408472990931037,0.9997606940956582,-0.0561909233450377
3.500036654942633,0.1660125182768908,0.0408472990931037,0.9997578854680644,-0.0568504113683588
3.500036654942634,-0.1660125182768908,0.0485058373380791,0.9997598291001883,-0.0563940311382675
3.500036654942634,0.1660125182768908,0.0485058373380791,0.9997551278035368,-0.0574979328597955
3.503135316146582,-0.1653899509619386,0.0408472990931037,0.9997636249131956,-0.0555027441543176
3.503135316146582,0.1653899509619386,0.0408472990931037,0.9997612121244296,-0.0560692860830048
3.5031353161465826,-0.1653899509619386,0.0485058373380791,0.999762769054988,-0.0557037064459579
3.5031353161465826,0.1653899509619386,0.0485058373380791,0.9997609666047944,-0.0561269360396593
3.503135316146583,-0.1653899509619386,0.0408472990931037,0.9997635805573396,-0.0555131592608915
3.503135316146583,0.1653899509619386,0.0408472990931037,0.9997608387289948,-0.0561569622910432
3.5062246122310383,-0.1647687946375655,0.0445411355740982,0.9997675969623157,-0.0545700755340348
3.5062246122310383,0.1647687946375655,0.0445411355740982,0.9997637266091794,-0.0554788651311523
3.5062246122310388,-0.1647687946375655,0.0426614370491379,0.9997683663162972,-0.0543894251203894
3.5062246122310388,0.1647687946375655,0.0426614370491379,0.999765605858237,-0.0550376025554055
3.506224612231039,-0.1647687946375655,0.0408472990931037,0.9997679637431282,-0.054483952491746
3.506224612231039,0.1647687946375655,0.0408472990931037,0.9997652780951,-0.0551145639382333
3.50622461223104,-0.1647687946375655,0.0505937571255093,0.9997660527607882,-0.0549326662937385
3.50622461223104,0.1647687946375655,0.0505937571255093,0.9997617337881828,-0.0559467952984919
3.509304513501441,-0.1641490611906813,0.0445411355740982,0.9997716675192972,-0.0536142764870067
3.509304513501441,0.1641490611906813,0.0445411355740982,0.9997675590479802,-0.0545789781205496
3.5093045135014416,-0.1641490611906813,0.0426614370491379,0.9997706226144296,-0.0538596284329559
3.5093045135014416,0.1641490611906813,0.0426614370491379,0.9997698213034604,-0.0540477826006455
3.509304513501442,-0.1641490611906813,0.0408472990931037,0.9997716955508305,-0.0536076944607747
3.509304513501442,0.1641490611906813,0.0408472990931037,0.9997692133879862,-0.0541905259729997
3.5093045135014425,-0.1641490611906813,0.0505937571255093,0.999769745400593,-0.0540656051955841
3.5093045135014425,0.1641490611906813,0.0505937571255093,0.9997655915067718,-0.0550409723932093
3.512375019682426,-0.1635307506766945,0.0445411355740982,0.9997751370631176,-0.05279960009446
3.512375019682426,0.1635307506766945,0.0445411355740982,0.999770758702964,-0.0538276737663317
3.5123750196824264,-0.1635307506766946,0.0485058373380791,0.999773774121364,-0.0531196296224469
3.5123750196824264,-0.1635307506766945,0.0485058373380791,0.9997743649187734,-0.0529809057073913
3.5123750196824264,0.1635307506766945,0.0485058373380791,0.9997668750881348,-0.0547395773141106
3.5123750196824264,0.1635307506766946,0.0485058373380791,0.9997706375344616,-0.0538561250912246
3.512375019682427,-0.1635307506766946,0.0408472990931037,0.9997744192179572,-0.0529681558285694
3.512375019682427,-0.1635307506766945,0.0408472990931037,0.9997746815962596,-0.0529065473232845
3.512375019682427,0.1635307506766945,0.0408472990931037,0.9997725608946556,-0.0534045048709746
3.512375019682427,0.1635307506766946,0.0408472990931037,0.999772530320577,-0.0534116839069686
3.5123750196824277,-0.1635307506766946,0.0549927819774515,0.9997720979420758,-0.0535132098065706
3.5123750196824277,0.1635307506766946,0.0549927819774515,0.9997715210057548,-0.0536486790281942
3.512375019682428,-0.1635307506766946,0.0426614370491379,0.999776767040519,-0.0524168684796215
3.512375019682428,0.1635307506766946,0.0426614370491379,0.9997725919712196,-0.0533972078473504
3.515436105990068,-0.162913874117232,0.0408472990931037,0.9997789255449272,-0.0519100345338855
3.515436105990068,0.162913874117232,0.0408472990931037,0.999776648152254,-0.0524447843867131
3.518487794675204,-0.1622984329671098,0.0408472990931037,0.9997827337199644,-0.0510158448472547
3.518487794675204,0.1622984329671098,0.0408472990931037,0.999780354026691,-0.0515746156919871
3.5215300854649927,-0.1616844272813528,0.0408472990931037,0.9997857659305912,-0.050303857755396
3.5215300854649927,0.1616844272813528,0.0408472990931037,0.9997832945134404,-0.0508841660936175
3.521530085464993,-0.1616844272813528,0.0485058373380791,0.9997859505520448,-0.0502605071746345
3.521530085464993,0.1616844272813528,0.0485058373380791,0.9997772592090058,-0.0523013034174316
3.5215300854649936,-0.1616844272813528,0.0426614370491379,0.9997862192916844,-0.0501974049768877
3.5215300854649936,0.1616844272813528,0.0426614370491379,0.9997814751105544,-0.0513113763139234
3.521530085464994,-0.1616844272813528,0.0549927819774515,0.9997833841359154,-0.0508631220260666
3.521530085464994,0.1616844272813528,0.0549927819774515,0.9997787191732708,-0.0519584922347212
3.52456305450499,-0.161071847600382,0.0408472990931037,0.9997901322744294,-0.0492786056097102
3.52456305450499,0.161071847600382,0.0408472990931037,0.999787330729506,-0.0499364305659166
3.5245630545049904,-0.161071847600382,0.0426614370491379,0.9997901454192726,-0.0492755190963228
3.5245630545049904,0.161071847600382,0.0426614370491379,0.999786860331814,-0.0500468836728999
3.524563054504991,-0.161071847600382,0.0549927819774515,0.9997866466755636,-0.0500970518541619
3.524563054504991,0.161071847600382,0.0549927819774515,0.999784617462481,-0.0505735271717291
3.5245630545049917,-0.161071847600382,0.0485058373380791,0.9997899616683,-0.0493186652813186
3.5245630545049917,0.161071847600382,0.0485058373380791,0.9997850586561062,-0.0504699314111418
3.524563054504992,-0.161071847600382,0.0485058373380791,0.99978977129164,-0.0493633672301964
3.524563054504992,0.161071847600382,0.0485058373380791,0.9997835621177228,-0.050821330486832
3.527586708514628,-0.1604606984414059,0.0408472990931037,0.9997942156881856,-0.0483197876900521
3.527586708514628,0.1604606984414059,0.0408472990931037,0.9997912947381624,-0.0490056499102314
3.5275867085146286,-0.1604606984414059,0.0485058373380791,0.9997931068574504,-0.0485801499364876
3.5275867085146286,0.1604606984414059,0.0485058373380791,0.9997882134250156,-0.0497291666630131
3.527586708514629,-0.1604606984414059,0.0485058373380791,0.9997935210102044,-0.0484829035868163
3.527586708514629,0.1604606984414059,0.0485058373380791,0.9997866328496972,-0.0501002982771779
3.53060104722357,-0.1598509798590655,0.0445411355740982,0.9997962431129253,-0.0478437322895786
3.53060104722357,0.1598509798590655,0.0445411355740982,0.99979315421532,-0.0485690299333403
3.5306010472235703,-0.1598509798590655,0.0485058373380791,0.9997955074317396,-0.0480164760637439
3.5306010472235703,0.1598509798590655,0.0485058373380791,0.9997922024983322,-0.0487925006264141
3.5306010472235707,-0.1598509798590655,0.0408472990931037,0.999797638782088,-0.0475160181064972
3.5306010472235707,0.1598509798590655,0.0408472990931037,0.9997948155993392,-0.0481789237956379
3.530601047223571,-0.1598509798590655,0.0426614370491379,0.9997974669956796,-0.0475563549169937
3.530601047223571,0.1598509798590655,0.0426614370491379,0.999793698727737,-0.0484411741013793
3.5336060224432497,-0.1592427074524114,0.0445411355740982,0.999799916524475,-0.04698118613812
3.5336060224432497,0.1592427074524114,0.0445411355740982,0.999797445683812,-0.0475613591124488
3.53360602244325,-0.1592427074524114,0.0426614370491379,0.9998018018628512,-0.046538493742068
3.53360602244325,0.1592427074524114,0.0426614370491379,0.9997980350630706,-0.0474229681904213
3.5336060224432506,-0.1592427074524114,0.0408472990931037,0.9998019104361048,-0.0465129998814998
3.5336060224432506,0.1592427074524114,0.0408472990931037,0.9997984835481696,-0.0473176603340213
3.536601724799242,-0.1586358686877711,0.0445411355740982,0.9998037599780748,-0.0460787127654055
3.536601724799242,0.1586358686877711,0.0445411355740982,0.9998014292288664,-0.046625991155607
3.5366017247992425,-0.1586358686877711,0.0426614370491379,0.9998059543287456,-0.0455634618330216
3.5366017247992425,0.1586358686877711,0.0426614370491379,0.9998018754087944,-0.0465212245716178
3.536601724799243,-0.1586358686877711,0.0408472990931037,0.9998061618597552,-0.0455147319067932
3.536601724799243,0.1586358686877711,0.0408472990931037,0.9998027089575692,-0.0463255007116356
3.539588154023709,-0.1580304636194002,0.0408472990931037,0.9998085214927558,-0.0449606713732069
3.539588154023709,0.1580304636194002,0.0408472990931037,0.9998056571860374,-0.0456332332963694
3.53958815402371,-0.1580304636194002,0.0426614370491379,0.9998097286323891,-0.0446772254181577
3.53958815402371,0.1580304636194002,0.0426614370491379,0.9998049836500345,-0.0457913848890647
3.5395881540237104,-0.1580304636194002,0.0408472990931037,0.9998097314478118,-0.044676564334596
3.5395881540237104,0.1580304636194002,0.0408472990931037,0.9998065196717264,-0.0454307148195472
3.5395881540237117,-0.1580304636194002,0.0426614370491379,0.9998081163463766,-0.0450558029546907
3.5395881540237117,0.1580304636194002,0.0426614370491379,0.9998057345620444,-0.0456150647965725
3.542565433409367,-0.157426472947846,0.0408472990931037,0.9998126813386432,-0.0439839065832616
3.542565433409367,0.157426472947846,0.0408472990931037,0.9998100289362548,-0.0446067116899304
3.542565433409368,-0.157426472947846,0.0485058373380791,0.9998109626588982,-0.0443874662115527
3.542565433409368,0.157426472947846,0.0485058373380791,0.9998047070690064,-0.0458563283069738
3.545533637930788,-0.1568238871397388,0.0408472990931037,0.9998166743008314,-0.0430463274087931
3.545533637930788,0.1568238871397388,0.0408472990931037,0.9998141311209764,-0.0436434861988376
3.545533637930789,-0.1568238871397388,0.0485058373380791,0.9998139740998466,-0.0436803560048311
3.545533637930789,0.1568238871397388,0.0485058373380791,0.9998089489479718,-0.0448603015000029
3.5484927673225943,-0.1562227062489539,0.0408472990931037,0.9998191084705358,-0.0424747650662653
3.5484927673225943,0.1562227062489539,0.0408472990931037,0.9998168930753302,-0.0429949574222384
3.5484927673225948,-0.1562227062489539,0.0485058373380791,0.9998160087480188,-0.0432026044851411
3.5484927673225948,0.1562227062489539,0.0485058373380791,0.9998127394997872,-0.0439702498856235
3.55144289465654,-0.1556229209996323,0.0408472990931037,0.9998231877238898,-0.0415169240420344
3.55144289465654,0.1556229209996323,0.0408472990931037,0.9998211924624918,-0.0419854272349506
3.554384122819881,-0.1550245159504827,0.0408472990931037,0.9998272377628326,-0.0405659427931448
3.554384122819881,0.1550245159504827,0.0408472990931037,0.9998252609629416,-0.0410301110778732
3.557316451549651,-0.1544274911550069,0.0408472990931037,0.9998302721606864,-0.0398534421230587
3.557316451549651,0.1544274911550069,0.0408472990931037,0.9998289337329505,-0.040167715565311
3.560239981563629,-0.1538318315194935,0.0408472990931037,0.9998343880556664,-0.0388869973545388
3.560239981563629,0.1538318315194935,0.0408472990931037,0.9998325396361208,-0.0393210209165183
3.5631548143150726,-0.1532375216897408,0.0408472990931037,0.999838244015068,-0.0379815875204177
3.5631548143150726,0.1532375216897408,0.0408472990931037,0.9998366821526828,-0.0383483251895529
3.566060949543375,-0.1526445617188842,0.0408472990931037,0.9998413994441246,-0.0372406677644769
3.566060949543375,0.1526445617188842,0.0408472990931037,0.9998394887821588,-0.0376893063401264
3.566060949543376,-0.1526445617188842,0.0408472990931037,0.9998416955666696,-0.0371711358435559
3.566060949543376,0.1526445617188842,0.0408472990931037,0.99984020355107,-0.0375214729336758
3.568958498293009,-0.152052934186446,0.0408472990931037,0.9998453571070468,-0.036311377137476
3.568958498293009,0.152052934186446,0.0408472990931037,0.9998436868749688,-0.03670356086956
3.571847573288827,-0.1514626211934418,0.0408472990931037,0.9998491043434268,-0.0354314963307352
3.571847573288827,0.1514626211934418,0.0408472990931037,0.9998477316505088,-0.0357538155093772
3.5747281742725248,-0.1508736227926499,0.0408472990931037,0.9998525348270167,-0.0346259915899436
3.5747281742725248,-0.1508736227926498,0.0408472990931037,0.9998523052552712,-0.0346798968556294
3.5747281742725248,0.1508736227926498,0.0408472990931037,0.9998502778549444,-0.0351559465237828
3.5747281742725248,0.1508736227926499,0.0408472990931037,0.9998511325349408,-0.0349552608855231
3.577600427853077,-0.1502859182244988,0.0408472990931037,0.9998564410286324,-0.0337087844856602
3.577600427853077,0.1502859182244988,0.0408472990931037,0.999854413162241,-0.0341849435895097
3.580464497250613,-0.1496994789279188,0.0408472990931037,0.9998601584058266,-0.0328359148523882
3.580464497250613,0.1496994789279188,0.0408472990931037,0.9998584182877094,-0.0332445083804398
3.583320382209065,-0.1491143049553416,0.0408472990931037,0.9998634114807596,-0.0320720670705961
3.583320382209065,0.1491143049553416,0.0408472990931037,0.9998609542700256,-0.0326490396295322
3.583320382209066,-0.1491143049553416,0.0408472990931037,0.9998634734809696,-0.0320575089298393
3.583320382209066,0.1491143049553416,0.0408472990931037,0.999861864985584,-0.0324351963971219
3.586168241579023,-0.1485303686574401,0.0408472990931037,0.9998675998325236,-0.0310886088748679
3.586168241579023,0.1485303686574401,0.0408472990931037,0.9998651672992022,-0.0316597869817408
3.5890082104596623,-0.147947646983751,0.0408472990931037,0.999871297520755,-0.0302203623661625
3.5890082104596623,0.147947646983751,0.0408472990931037,0.999869065118944,-0.0307445480078842
3.591840288597071,-0.1473661399863737,0.0408472990931037,0.9998743892298194,-0.0294944045694994
3.591840288597071,0.1473661399863737,0.0408472990931037,0.9998725735844152,-0.0299207325032735
3.5918402885970715,-0.1473661399863737,0.0408472990931037,0.9998745391607334,-0.0294591996023684
3.5918402885970715,0.1473661399863737,0.0408472990931037,0.999871416349466,-0.030192460442881
3.594664619313108,-0.1467858229065249,0.0408472990931037,0.99987848180617,-0.028533435200029
3.594664619313108,0.1467858229065249,0.0408472990931037,0.9998754736633976,-0.0292397709689176
3.5974813658910563,-0.1462066665822122,0.0408472990931037,0.9998822347811224,-0.0276522069309996
3.5974813658910563,0.1462066665822122,0.0408472990931037,0.9998793872399622,-0.0283208321681765
3.60029052807908,-0.1456286710652161,0.0408472990931037,0.9998852019311352,-0.0269554965870007
3.60029052807908,0.1456286710652161,0.0408472990931037,0.9998819467762594,-0.027719832755844
3.6030922743732896,-0.1450518061717877,0.0408472990931037,0.9998892432525268,-0.0260065622882725
3.6030922743732896,0.1450518061717877,0.0408472990931037,0.9998860694901788,-0.0267517868463475
3.605886734781629,-0.1444760493240152,0.0408472990931037,0.9998932272445616,-0.0250710893769032
3.605886734781629,0.1444760493240152,0.0408472990931037,0.9998898878656732,-0.0258552020115188
3.608673909054253,-0.1439014005733751,0.0408472990931037,0.9998969858169344,-0.0241885467891105
3.608673909054253,0.1439014005733751,0.0408472990931037,0.999893210906356,-0.0250749257171111
3.6086739090542537,-0.1439014005733752,0.0408472990931037,0.99989603830902,-0.024411029158457
3.6086739090542537,0.1439014005733752,0.0408472990931037,0.9998928110406532,-0.0251688173539035
3.6114539140069457,-0.143327840035066,0.0408472990931037,0.9999004684335016,-0.0233708008120703
3.6114539140069457,0.143327840035066,0.0408472990931037,0.9998967960874112,-0.0242330967851665
3.614226879914459,-0.1427553449007983,0.0408472990931037,0.999904734974954,-0.0223689830576632
3.614226879914459,0.1427553449007983,0.0408472990931037,0.9999004976401104,-0.0233639428688004
3.61699280652887,-0.1421839152217573,0.0408472990931037,0.9999080375255422,-0.0215935179998478
3.61699280652887,0.1421839152217573,0.0408472990931037,0.999903559191939,-0.0226450662301676
3.619751814921529,-0.1416135299839899,0.0408472990931037,0.999912347449058,-0.020581513793063
3.619751814921529,0.1416135299839899,0.0408472990931037,0.9999073977121752,-0.0217437512503352
3.6225040081440434,-0.1410441718058455,0.0408472990931037,0.9999163690084694,-0.0196372197639327
3.6225040081440434,0.1410441718058455,0.0408472990931037,0.999910992619752,-0.0208996384540185
3.625249385950349,-0.1404758407382287,0.0408472990931037,0.9999200244458591,-0.0187788940877369
3.625249385950349,0.1404758407382287,0.0408472990931037,0.999913995972756,-0.0201944273607359
3.62524938595035,-0.1404758407382287,0.0408472990931037,0.9999197787116666,-0.018836594424111
3.62524938595035,0.1404758407382287,0.0408472990931037,0.9999139007342676,-0.0202167901128116
3.6279880599185454,-0.1399085174984631,0.0408472990931037,0.9999237289843654,-0.0179090390801554
3.6279880599185454,0.1399085174984631,0.0408472990931037,0.999917732210282,-0.0193171291720631
3.6307201397549655,-0.1393421831337617,0.0408472990931037,0.9999276049996678,-0.0169989199615341
3.6307201397549655,0.1393421831337617,0.0408472990931037,0.9999213381068864,-0.0184704360650122
3.633445625215341,-0.1387768376947587,0.0408472990931037,0.9999307736221978,-0.016254902273447
3.633445625215341,0.1387768376947587,0.0408472990931037,0.9999241263031592,-0.0178157454777898
3.6334456252153418,-0.1387768376947587,0.0408472990931037,0.9999310539665158,-0.0161890752052629
3.6334456252153418,0.1387768376947587,0.0408472990931037,0.9999244315413744,-0.0177440731251883
3.6361646130827454,-0.1382124647718872,0.0408472990931037,0.9999347942801048,-0.0153108199247024
3.6361646130827454,0.1382124647718872,0.0408472990931037,0.99992792263599,-0.0169243364351312
3.638877169933135,-0.1376490541960521,0.0408472990931037,0.999938674889219,-0.0143996221426345
3.638877169933135,0.1376490541960521,0.0408472990931037,0.9999316357964908,-0.0160524569148788
3.6415832955239886,-0.1370866060176262,0.0408472990931037,0.999942067745785,-0.0136029525253641
3.6415832955239886,0.1370866060176262,0.0408472990931037,0.9999348796135534,-0.0152907829544874
3.641583295523989,-0.1370866060176262,0.0408472990931037,0.9999417691767628,-0.0136730588985874
3.641583295523989,0.1370866060176262,0.0408472990931037,0.9999347233337248,-0.0153274786971249
3.6442830511286384,-0.1365251110843872,0.0408472990931037,0.9999457760341788,-0.012732217014469
3.6442830511286384,0.1365251110843872,0.0408472990931037,0.9999385269581516,-0.0144343575298996
3.646976488853865,-0.1359645620869256,0.0408472990931037,0.9999495443806744,-0.0118473793852039
3.646976488853865,0.1359645620869256,0.0408472990931037,0.999942287298058,-0.0135513999112146
3.649663608458856,-0.1354049590753584,0.0408472990931037,0.9999526023030632,-0.0111293549677691
3.649663608458856,0.1354049590753584,0.0408472990931037,0.9999455198057312,-0.0127923814851371
3.6523444556115168,-0.1348462960211096,0.0408472990931037,0.9999563619649836,-0.0102465565455715
3.6523444556115168,0.1348462960211096,0.0408472990931037,0.9999492568475352,-0.0119148944455414
3.655019057061008,-0.1342885708111668,0.0408472990931037,0.9999599509293888,-0.0094038392531419
3.655019057061008,0.1342885708111668,0.0408472990931037,0.999953025276098,-0.0110300375462373
3.6576874125682,-0.1337317834953947,0.0408472990931037,0.9999629493479452,-0.0086997868072523
3.6576874125682,0.1337317834953947,0.0408472990931037,0.9999561049920426,-0.0103068958292074
3.6576874125682006,-0.1337317834953947,0.0408472990931037,0.999963107096158,-0.0086627462763925
3.6576874125682006,0.1337317834953947,0.0408472990931037,0.999956202613903,-0.010283973442532
3.6603495467657856,-0.1331759323785843,0.0408472990931037,0.9999666405430196,-0.0078330649432854
3.6603495467657856,0.1331759323785843,0.0408472990931037,0.9999600867022924,-0.0093719586990401
3.663005460248983,-0.1326210207864321,0.0408472990931037,0.9999699808164596,-0.007048742260824
3.663005460248983,0.1326210207864321,0.0408472990931037,0.9999639546375274,-0.0084637368443204
3.665655152780335,-0.1320670487685509,0.0408472990931037,0.9999727667920104,-0.006394573116743
3.665655152780335,0.1320670487685509,0.0408472990931037,0.9999671247875276,-0.0077193604941075
3.668298619819326,-0.1315140206436465,0.0408472990931037,0.999976297744442,-0.0055654774955204
3.668298619819326,0.1315140206436465,0.0408472990931037,0.9999715018965796,-0.0066915805908508
3.6709358410242343,-0.1309619441306113,0.0408472990931037,0.9999798115731962,-0.0047404026495366
3.6709358410242343,0.1309619441306113,0.0408472990931037,0.9999754061420932,-0.005774832794863
3.673566816159275,-0.1304108192788047,0.0408472990931037,0.9999828451212408,-0.0040281015213925
3.673566816159275,0.1304108192788047,0.0408472990931037,0.9999786331570972,-0.0050171040909784
3.6735668161592754,-0.1304108192788047,0.0408472990931037,0.999982390264708,-0.0041349054409878
3.6735668161592754,0.1304108192788047,0.0408472990931037,0.9999786034316706,-0.0050240838568249
3.676191514482353,-0.129860655927064,0.0408472990931037,0.9999862587123206,-0.0032265632758974
3.676191514482353,0.129860655927064,0.0408472990931037,0.9999827799538074,-0.0040434033513302
3.6788098867063184,-0.1293114678563362,0.0408472990931037,0.999990038954351,-0.0023389324807427
3.6788098867063184,0.1293114678563362,0.0408472990931037,0.999986728471259,-0.0031162601533241
3.681421932597071,-0.1287632551157225,0.0408472990931037,0.9999932408432944,-0.0015871035751083
3.681421932597071,-0.1287632551157224,0.0408472990931037,0.999993388523943,-0.0015524269881096
3.681421932597071,0.1287632551157224,0.0408472990931037,0.999990102517817,-0.0023240072750662
3.681421932597071,0.1287632551157225,0.0408472990931037,0.9999895351875794,-0.0024572209121392
3.6840275938085782,-0.1282160334152609,0.0408472990931037,0.9999973090428268,-0.0006318580757963
3.6840275938085782,0.1282160334152609,0.0408472990931037,0.9999936677520808,-0.0014868620078725
3.686626801058472,-0.1276698208220048,0.0408472990931037,1.00000089408308,0.0002099377946877
3.686626801058472,0.1276698208220048,0.0408472990931037,0.9999975692233418,-0.0005707656283882
3.6892195541143655,-0.1271246173847894,0.0408472990931037,1.0000040142031157,0.0009425667125635
3.6892195541143655,0.1271246173847894,0.0408472990931037,1.0000010082702575,0.0002367498491376
3.689219554114366,-0.1271246173847893,0.0408472990931037,1.000004611081121,0.0010827183997677
3.689219554114366,0.1271246173847893,0.0408472990931037,1.000000471496582,0.0001107111350614
3.6918057817168495,-0.1265804415607332,0.0408472990931037,1.0000084266754248,0.0019786501889681
3.6918057817168495,0.1265804415607332,0.0408472990931037,1.0000044091011613,0.0010352919041242
3.694385391641056,-0.1260373163741061,0.0408472990931037,1.0000117274458438,0.0027536972489357
3.694385391641056,0.1260373163741061,0.0408472990931037,1.0000082174601967,0.0019295247949531
3.6969583836563458,-0.1254952418734672,0.0408472990931037,1.0000148622806917,0.0034897813213756
3.6969583836563458,0.1254952418734672,0.0408472990931037,1.0000114218002631,0.0026819292437177
3.6995246710429344,-0.1249542399292579,0.0408472990931037,1.000018608504968,0.0043694244782668
3.6995246710429344,0.1249542399292579,0.0408472990931037,1.0000151003261477,0.0035456762815135
3.702084180079093,-0.1244143297524788,0.0408472990931037,1.0000221065757982,0.0051907992387886
3.702084180079093,0.1244143297524788,0.0408472990931037,1.0000186524503774,0.0043797432087335
3.7046369105359824,-0.1238755113914016,0.0408472990931037,1.0000247597204877,0.0058137786436683
3.7046369105359824,0.1238755113914016,0.0408472990931037,1.0000218302227608,0.005125909354938
3.704636910535983,-0.1238755113914016,0.0408472990931037,1.000025187096295,0.0059141298711057
3.704636910535983,0.1238755113914016,0.0408472990931037,1.000021740177147,0.0051047659310031
3.707182776102902,-0.1233378067136409,0.0408472990931037,1.0000288654843323,0.0067778445412653
3.707182776102902,0.1233378067136409,0.0408472990931037,1.0000252492014643,0.0059287126571556
3.7097216571973486,-0.1228012447570453,0.0408472990931037,1.000032746487216,0.0076891347834721
3.7097216571973486,0.1228012447570453,0.0408472990931037,1.0000287770829184,0.0067570871884977
3.712253553592329,-0.1222658255695871,0.0408472990931037,1.000035763172467,0.0083974763940563
3.712253553592329,0.1222658255695871,0.0408472990931037,1.0000315989220117,0.0074196773766448
3.714778345389768,-0.1217315782693968,0.0408472990931037,1.000039931348679,0.0093761972102394
3.714778345389768,0.1217315782693968,0.0408472990931037,1.000035390148572,0.0083098874264818
3.717295907592505,-0.1211985332126712,0.0408472990931037,1.0000437440562264,0.0102714511661558
3.717295907592505,0.1211985332126712,0.0408472990931037,1.000039335383684,0.0092362599051512
3.719806239975454,-0.1206666904470683,0.0408472990931037,1.0000470321881323,0.0110435306031069
3.719806239975454,0.1206666904470683,0.0408472990931037,1.0000421879411705,0.009906063015469
3.7223092176858015,-0.1201360803209816,0.0408472990931037,1.000051088255573,0.0119959273911236
3.7223092176858015,0.1201360803209816,0.0408472990931037,1.000046255093722,0.0108610626754335
3.7248047313555257,-0.1196067300296497,0.0408472990931037,1.0000546951063434,0.0128428445438555
3.7248047313555257,0.1196067300296497,0.0408472990931037,1.0000503237781615,0.0118164220347277
3.7272927807615055,-0.1190786396204002,0.0408472990931037,1.000057928469729,0.0136020638980637
3.7272927807615055,0.1190786396204002,0.0408472990931037,1.000054037274898,0.0126883805057893
3.729773267297576,-0.1185518339882214,0.0408472990931037,1.000061828371638,0.0145177917812622
3.729773267297576,0.1185518339882214,0.0408472990931037,1.0000576016381382,0.013525321249688
3.73224605511418,-0.1180263461422245,0.0408472990931037,1.000065493281752,0.0153783417282083
3.73224605511418,0.1180263461422245,0.0408472990931037,1.0000616553936177,0.0144771751708147
3.734711143990237,-0.1175021761293919,0.0408472990931037,1.0000683320718244,0.0160449121406122
3.734711143990237,0.1175021761293919,0.0408472990931037,1.0000652636419864,0.0153244204908533
3.737168383313745,-0.1169793601020643,0.0408472990931037,1.0000724996904873,0.0170235020398427
3.737168383313745,0.1169793601020643,0.0408472990931037,1.0000692721478697,0.0162656494481239
3.739617790262382,-0.1164578985921749,0.0408472990931037,1.0000764460695786,0.0179501431338811
3.739617790262382,0.1164578985921749,0.0408472990931037,1.0000732928349931,0.0172097386571646
3.7420593646171545,-0.1159377916463458,0.0408472990931037,1.0000792960892466,0.0186193503443731
3.7420593646171545,0.1159377916463458,0.0408472990931037,1.0000769256753432,0.0180627583693132
3.742059364617155,-0.1159377916463458,0.0408472990931037,1.0000801310421996,0.018815403916506
3.742059364617155,0.1159377916463458,0.0408472990931037,1.0000767957933048,0.0180322610370934
3.744492919468276,-0.1154190832718447,0.0408472990931037,1.0000835680881246,0.019622449545552
3.744492919468276,0.1154190832718447,0.0408472990931037,1.0000809398908554,0.019005327992732
3.746918297505086,-0.1149018113020485,0.0408472990931037,1.000087494614105,0.0205444289717654
3.746918297505086,0.1149018113020485,0.0408472990931037,1.0000849257062636,0.0199412290465897
3.749335498510738,-0.114385975783205,0.0408472990931037,1.000091117895816,0.0213952042397064
3.749335498510738,0.114385975783205,0.0408472990931037,1.000088550062315,0.0207922565781196
3.74933549851074,-0.114385975783205,0.0408472990931037,1.000090176688633,0.0211742013320609
3.74933549851074,0.114385975783205,0.0408472990931037,1.000088554326532,0.0207932578501215
3.751744551252727,-0.1138715749251845,0.0408472990931037,1.0000941541360069,0.0221081375050867
3.751744551252727,0.1138715749251845,0.0408472990931037,1.000092586208867,0.0217399757835505
3.754145424213122,-0.1133586197653245,0.0408472990931037,1.0000979709178557,0.0230043481392554
3.754145424213122,0.1133586197653245,0.0408472990931037,1.0000964924496818,0.0226571920920905
3.756538117177267,-0.1128471103494867,0.0408472990931037,1.0001002062413409,0.0235292198132481
3.756538117177267,0.1128471103494867,0.0408472990931037,1.0000999802773654,0.023476161680603
3.7589226209142574,-0.1123370529575706,0.0408472990931037,1.0001042560497635,0.0244801469342814
3.7589226209142574,0.1123370529575706,0.0408472990931037,1.0001040514901505,0.024432114715523
3.761298894381032,-0.1118284606413897,0.0426614370491379,1.000109300173284,0.0256645471221756
3.761298894381032,-0.1118284606413896,0.0408472990931037,1.000108231411747,0.0254135934411846
3.761298894381032,0.1118284606413896,0.0408472990931037,1.0001078053879875,0.0253135596852901
3.761298894381032,0.1118284606413897,0.0426614370491379,1.0001050573153891,0.0246682904548518
3.763666937365133,-0.1113213334464156,0.0408472990931037,1.000111204062868,0.0261115954888487
3.763666937365133,0.1113213334464156,0.0408472990931037,1.0001111628942825,0.0261019287786417
3.766026730883184,-0.1108156797845165,0.0408472990931037,1.000115177258163,0.0270445332400393
3.766026730883184,0.1108156797845165,0.0408472990931037,1.000115157980056,0.0270400065877743
3.768378285981393,-0.1103115015518925,0.0408472990931037,1.0001187757188872,0.027889480343568
3.768378285981393,0.1103115015518925,0.0408472990931037,1.0001188638904572,0.0279101837271608
3.770721602449512,-0.1098087987936206,0.0408472990931037,1.0001219860824635,0.0286432991602613
3.770721602449512,0.1098087987936206,0.0408472990931037,1.0001221263389344,0.0286762324914015
3.773056712163653,-0.109307568943076,0.0408472990931037,1.000125623839436,0.0294974733342819
3.773056712163653,-0.1093075689430759,0.0505937571255093,1.0001219310057898,0.0286303667206331
3.773056712163653,0.1093075689430759,0.0505937571255093,1.000119863683174,0.0281449429825468
3.773056712163653,0.109307568943076,0.0408472990931037,1.000125936140133,0.029570804013548
3.77538367801343,-0.1088078027157834,0.0426614370491379,1.0001300476864237,0.0305362276753221
3.77538367801343,-0.1088078027157833,0.0408472990931037,1.0001291122399194,0.0303165774207298
3.77538367801343,0.1088078027157833,0.0408472990931037,1.0001296554172705,0.0304441197685973
3.77538367801343,0.1088078027157834,0.0426614370491379,1.0001282867608008,0.0301227483800105
3.777702499790795,-0.1083095001564254,0.0445411355740982,1.0001305194079977,0.0306469916402946
3.777702499790795,-0.1083095001564253,0.0408472990931037,1.0001317051871528,0.0309254219857178
3.777702499790795,0.1083095001564253,0.0408472990931037,1.0001327328752536,0.0311667312983976
3.777702499790795,0.1083095001564254,0.0445411355740982,1.00012977819713,0.0304729494528723
3.780013238984704,-0.1078126521962734,0.0445411355740982,1.0001342479957278,0.0315224935962735
3.780013238984704,-0.1078126521962733,0.0408472990931037,1.0001355214337948,0.0318215069490948
3.780013238984704,0.1078126521962733,0.0408472990931037,1.0001365394728805,0.0320605505965303
3.780013238984704,0.1078126521962734,0.0445411355740982,1.000133710221055,0.0313962198400997
3.782315979438965,-0.1073172449369191,0.0408472990931037,1.0001392653902732,0.0327006176089983
3.782315979438965,0.1073172449369191,0.0408472990931037,1.0001400105063942,0.0328755767808368
3.7846107209476982,-0.1068232784226555,0.0426614370491379,1.000143523194386,0.0337003837667985
3.7846107209476982,-0.1068232784226554,0.0408472990931037,1.00014282391424,0.0335361872452407
3.7846107209476982,0.1068232784226554,0.0408472990931037,1.000143032474941,0.0335851589511042
3.7846107209476982,0.1068232784226555,0.0426614370491379,1.000143453043705,0.0336839118307973
3.786897562880781,-0.1063307353415183,0.0408472990931037,1.0001460310260328,0.0342892425173366
3.786897562880781,0.1063307353415183,0.0408472990931037,1.0001465662155091,0.0344149092489309
3.789176622494169,-0.1058395943846516,0.0408472990931037,1.0001498754841138,0.0351919517502174
3.789176622494169,-0.1058395943846515,0.0426614370491379,1.0001499987513336,0.0352208958705717
3.789176622494169,0.1058395943846515,0.0426614370491379,1.0001512432684578,0.0355131183567753
3.789176622494169,0.1058395943846516,0.0408472990931037,1.0001498484097908,0.0351855944845544
3.7914478995841,-0.1053498555959665,0.0408472990931037,1.0001531197606452,0.0359537335975505
3.7914478995841,0.1053498555959665,0.0408472990931037,1.0001527746920675,0.0358727087601053
3.793711519053417,-0.1048614959241042,0.0408472990931037,1.0001570197589076,0.036869484105284
3.793711519053417,0.1048614959241042,0.0408472990931037,1.000156031856179,0.0366375167134105
3.795967638238088,-0.1043744852515734,0.0408472990931037,1.000160647897261,0.0377213997513126
3.795967638238088,0.1043744852515734,0.0408472990931037,1.0001594227427464,0.0374337237593652
3.798216256936401,-0.1038888236219163,0.0408472990931037,1.000164312072739,0.0385817771999241
3.798216256936401,0.1038888236219163,0.0408472990931037,1.0001616689654045,0.0379611546455532
3.798216256936402,-0.1038888236219163,0.0408472990931037,1.000164050784309,0.0385204246052956
3.798216256936402,0.1038888236219163,0.0408472990931037,1.000162615984734,0.0381835222912281
3.80045754464496,-0.1034044781527222,0.0408472990931037,1.000167875364148,0.0394184662693915
3.80045754464496,0.1034044781527222,0.0408472990931037,1.0001653393305234,0.0388229854708905
3.802691667571561,-0.1029214164859507,0.0408472990931037,1.0001713731026711,0.0402397630015788
3.802691667571561,0.1029214164859507,0.0408472990931037,1.0001688228086716,0.0396409337540121
3.804918625516457,-0.1024396386647907,0.0408472990931037,1.00017461641272,0.0410013179111713
3.804918625516457,0.1024396386647907,0.0408472990931037,1.0001721038850355,0.0404113564937883
3.8049186255164575,-0.1024396386647907,0.0408472990931037,1.0001751812316413,0.0411339418712515
3.8049186255164575,0.1024396386647907,0.0408472990931037,1.0001710972922178,0.0401750005207473
3.8071385856927273,-0.1019591120707994,0.0408472990931037,1.0001788211843277,0.0419886316163379
3.8071385856927273,0.1019591120707994,0.0408472990931037,1.0001748539777122,0.0410571000545269
3.809351753232696,-0.101479795642589,0.0408472990931037,1.0001823864435395,0.042825782741504
3.809351753232696,0.101479795642589,0.0408472990931037,1.0001785689956657,0.0419294157193826
3.811558127938493,-0.1010016894230139,0.0408472990931037,1.0001859206955497,0.0436556531299144
3.811558127938493,0.1010016894230139,0.0408472990931037,1.000181051613345,0.0425123540304588
3.811558127938494,-0.1010016894230139,0.0408472990931037,1.0001856755753995,0.0435980969756091
3.811558127938494,0.1010016894230139,0.0408472990931037,1.0001820483301236,0.042746391031179
3.813757911265796,-0.1005247530768384,0.0408472990931037,1.0001896433990571,0.0445297734237667
3.813757911265796,0.1005247530768384,0.0408472990931037,1.0001850162677146,0.0434432863047362
3.815951318907222,-0.1000489429325443,0.0408472990931037,1.0001932199174208,0.0453695682870358
3.815951318907222,0.1000489429325443,0.0408472990931037,1.000188905907105,0.0443566044672122
3.818138350666666,-0.0995742590326722,0.0408472990931037,1.000196187875324,0.0460664683300577
3.818138350666666,0.0995742590326722,0.0408472990931037,1.0001926295875825,0.0452309541613272
3.8203192356207465,-0.0991006547577793,0.0408472990931037,1.000199852238863,0.0469268899369114
3.8203192356207465,0.0991006547577793,0.0408472990931037,1.00019587332964,0.0459926105100277
3.8224942048743618,-0.0986280827671149,0.0445411355740982,1.0002007041976384,0.0471269366108766
3.8224942048743618,-0.0986280827671148,0.0408472990931037,1.0002033662843102,0.0477520156640765
3.8224942048743618,0.0986280827671148,0.0408472990931037,1.0001997350397775,0.046899370662522
3.8224942048743618,0.0986280827671149,0.0445411355740982,1.0001999423773424,0.0469480551663481
3.824663258233055,-0.0981565431029302,0.0408472990931037,1.0002066240906713,0.0485169744226759
3.824663258233055,0.0981565431029302,0.0408472990931037,1.0002029701417026,0.0476589982395423
3.8268266264799222,-0.097685988364027,0.0549927819774515,1.000205995802624,0.0483694474086945
3.8268266264799222,-0.0976859883640269,0.0408472990931037,1.0002098519982776,0.0492749127166362
3.8268266264799222,0.0976859883640269,0.0408472990931037,1.0002068151609105,0.0485618392294205
3.8268266264799222,0.097685988364027,0.0549927819774515,1.0002072932494976,0.0486740982196022
3.828984542007925,-0.0972163706507923,0.0408472990931037,1.0002130445252244,0.0500245433512762
3.828984542007925,0.0972163706507923,0.0408472990931037,1.000210474431994,0.0494210650873383
3.8311370046241287,-0.0967476900052134,0.0573069727662266,1.0002113353180648,0.0496232079611231
3.8311370046241287,-0.0967476900052133,0.0408472990931037,1.0002160047094737,0.0507196180787296
3.8311370046241287,0.0967476900052133,0.0408472990931037,1.0002138009010428,0.0502021463893203
3.8311370046241287,0.0967476900052134,0.0573069727662266,1.000212017703452,0.0497834374593586
3.8311370046241295,-0.0967476900052134,0.0408472990931037,1.0002162407584985,0.0507750442609338
3.8311370046241295,-0.0967476900052133,0.0426614370491379,1.0002162925680669,0.0507872095582976
3.8311370046241295,0.0967476900052133,0.0426614370491379,1.000213746245263,0.0501893127789367
3.8311370046241295,0.0967476900052134,0.0408472990931037,1.0002138009321315,0.0502021536892427
3.833284250867328,-0.0962798974549527,0.0408472990931037,1.0002193896064109,0.0515144187119982
3.833284250867328,0.0962798974549527,0.0408472990931037,1.0002173893716275,0.0510447477288247
3.835426529000908,-0.0958129412784129,0.0408472990931037,1.00022251915617,0.052249261803794
3.835426529000908,0.0958129412784129,0.0408472990931037,1.000220824584526,0.0518513629486898
3.837563838833333,-0.0953468215173431,0.0408472990931037,1.000225755374168,0.0530091514436047
3.837563838833333,0.0953468215173431,0.0408472990931037,1.0002241272299084,0.0526268502649545
3.8375638388333337,-0.0953468215173431,0.0408472990931037,1.000225553733077,0.0529618045170208
3.8375638388333337,-0.095346821517343,0.0426614370491379,1.0002241385444857,0.0526295070173907
3.8375638388333337,0.095346821517343,0.0426614370491379,1.0002235583845398,0.0524932808631073
3.8375638388333337,0.0953468215173431,0.0408472990931037,1.0002238903738747,0.0525712345906624
3.83969642238868,-0.0948814876735797,0.0426614370491379,1.0002289944646126,0.0537697155566246
3.83969642238868,-0.0948814876735796,0.0408472990931037,1.000229046830657,0.053782011518959
3.83969642238868,0.0948814876735796,0.0408472990931037,1.0002274342478066,0.053403364282563
3.83969642238868,0.0948814876735797,0.0426614370491379,1.000226623587856,0.0532130148999381
3.841824510065909,-0.0944168915476643,0.0408472990931037,1.00023234121136,0.0545555582229889
3.841824510065909,0.0944168915476643,0.0408472990931037,1.0002306418148033,0.0541565264401371
3.843948101674756,-0.0939530331811353,0.0426614370491379,1.0002347652067356,0.0551247315524558
3.843948101674756,-0.0939530331811352,0.0408472990931037,1.0002355852766889,0.0553172904782226
3.843948101674756,0.0939530331811352,0.0408472990931037,1.000233541263812,0.054837340051639
3.843948101674756,0.0939530331811353,0.0426614370491379,1.000232504084194,0.0545938020554972
3.8439481016747568,-0.0939530331811352,0.0408472990931037,1.000235863926439,0.0553827196485017
3.8439481016747568,0.0939530331811352,0.0408472990931037,1.0002336478870426,0.0548623760314195
3.846067427397088,-0.0934898643447103,0.0408472990931037,1.000239386190826,0.056209775247925
3.846067427397088,0.0934898643447103,0.0408472990931037,1.0002367915332786,0.0556005290876777
3.848182706486348,-0.0930273389702993,0.0408472990931037,1.0002427355286732,0.0569962263250574
3.848182706486348,0.0930273389702993,0.0408472990931037,1.0002399093304035,0.0563326125677468
3.850293938753417,-0.0925654570992552,0.0408472990931037,1.0002462930261302,0.0578315549286694
3.850293938753417,0.0925654570992552,0.0408472990931037,1.000242461303607,0.0569318361056975
3.8524013426155017,-0.0921041727825921,0.0408472990931037,1.0002498906081547,0.0586762957064721
3.8524013426155017,0.0921041727825921,0.0408472990931037,1.0002455725739463,0.0576623870448315
3.8545051249704825,-0.0916434423172072,0.0408472990931037,1.0002533560639124,0.0594900121894461
3.8545051249704825,0.0916434423172072,0.0408472990931037,1.0002486907612929,0.0583945621519812
3.856605285630265,-0.0911832657442929,0.0408472990931037,1.0002564612069296,0.0602191243847023
3.856605285630265,-0.0911832657442928,0.0408472990931037,1.0002565444615423,0.0602386732277471
3.856605285630265,0.0911832657442928,0.0408472990931037,1.0002515579756688,0.0590678068161879
3.856605285630265,0.0911832657442929,0.0408472990931037,1.0002512659308738,0.0589992323832458
3.858702019433727,-0.0907236019834548,0.0408472990931037,1.0002601850836057,0.0610935201478068
3.858702019433727,0.0907236019834548,0.0408472990931037,1.000254338421974,0.0597206776495671
3.860795507902626,-0.0902644126416997,0.0408472990931037,1.0002637988448424,0.0619420599329388
3.860795507902626,0.0902644126416997,0.0408472990931037,1.0002575599053392,0.0604771074807822
3.862885750849791,-0.0898056977600823,0.0408472990931037,1.0002670500438982,0.0627054672438606
3.862885750849791,-0.0898056977600822,0.0408472990931037,1.0002663520870991,0.0625415814546658
3.862885750849791,0.0898056977600822,0.0408472990931037,1.000260417835276,0.0611481720850618
3.862885750849791,0.0898056977600823,0.0408472990931037,1.0002605049718385,0.0611686324407094
3.864972915399014,-0.0893474220985751,0.0408472990931037,1.0002701327071224,0.0634293010055402
3.864972915399014,-0.089347422098575,0.0426614370491379,1.000271589304402,0.0637713215933722
3.864972915399014,0.089347422098575,0.0426614370491379,1.0002650183889572,0.0622284185585623
3.864972915399014,0.0893474220985751,0.0408472990931037,1.0002638542798412,0.0619550765100999
3.867057167770242,-0.0888895503687867,0.0408472990931037,1.0002738078495723,0.0642922535860609
3.867057167770242,0.0888895503687867,0.0408472990931037,1.0002671906411211,0.0627384805863456
3.869138507777127,-0.0884320826116541,0.0408472990931037,1.0002764034158638,0.064901713126648
3.869138507777127,0.0884320826116541,0.0408472990931037,1.0002701628330524,0.0634363748127095
3.871217092897467,-0.0879749854342614,0.0408472990931037,1.0002800717137248,0.0657630585434381
3.871217092897467,0.0879749854342614,0.0408472990931037,1.0002737686750924,0.0642830551076439
3.87329301907384,-0.0875182388650877,0.0408472990931037,1.000283599211536,0.0665913429923872
3.87329301907384,0.0875182388650877,0.0408472990931037,1.0002770643096328,0.0650568962226009
3.8753662861206415,-0.0870618429449693,0.0408472990931037,1.000286840286273,0.0673523730330176
3.8753662861206415,0.0870618429449693,0.0408472990931037,1.000279996857396,0.0657454816840145
3.877437007774168,-0.0866057737336209,0.0408472990931037,1.0002897950102012,0.0680461656337959
3.877437007774168,0.0866057737336209,0.0408472990931037,1.000283430666139,0.0665517671970992
3.879505296994152,-0.0861500073493188,0.0408472990931037,1.0002933168611026,0.0688731241435536
3.879505296994152,0.0861500073493188,0.0408472990931037,1.0002866718046162,0.0673128122044161
3.881571153595676,-0.0856945438328117,0.0408472990931037,1.0002966485162657,0.0696554231862618
3.881571153595676,0.0856945438328117,0.0408472990931037,1.0002897499205372,0.0680355782232572
3.883634661431952,-0.0852393656913605,0.0408472990931037,1.0002998051483,0.0703966254108807
3.883634661431952,0.0852393656913605,0.0408472990931037,1.0002929983377864,0.0687983323439463
3.885695962733643,-0.0847844424201202,0.0408472990931037,1.000303467505919,0.0712565760117945
3.885695962733643,0.0847844424201202,0.0408472990931037,1.0002965049583874,0.0696217146584484
3.8877550573164568,-0.0843297740597643,0.0408472990931037,1.0003066114802337,0.0719948061035264
3.8877550573164568,0.0843297740597643,0.0408472990931037,1.0002993308405297,0.0702852541864999
3.887755057316457,-0.0843297740597642,0.0408472990931037,1.0003069029416594,0.07206324355672
3.887755057316457,0.0843297740597642,0.0408472990931037,1.000299904509895,0.0704199563010783
3.889812052780119,-0.083875337704677,0.0408472990931037,1.0003104010430142,0.0728846254846819
3.889812052780119,0.083875337704677,0.0408472990931037,1.0003032187088163,0.0711981564798377
3.8918669060066304,-0.0834211437379024,0.0408472990931037,1.0003139556806009,0.0737192825680153
3.8918669060066304,0.0834211437379024,0.0408472990931037,1.000306877948527,0.0720573749710967
3.8939196168122736,-0.0829671922000488,0.0408472990931037,1.0003168636172772,0.0744020891512233
3.8939196168122736,0.0829671922000488,0.0408472990931037,1.00030986100106,0.0727578193528451
3.8959702148266726,-0.0825134773986617,0.0408472990931037,1.0003205158588122,0.0752596644153773
3.8959702148266726,0.0825134773986617,0.0408472990931037,1.0003136903059986,0.0736569705077939
3.8980187594444886,-0.0820599869286892,0.0408472990931037,1.0003240443655972,0.0760881857793714
3.8980187594444886,0.0820599869286892,0.0408472990931037,1.0003172040666084,0.0744820293529634
3.900065250482567,-0.0816067208306764,0.0408472990931037,1.000327471856456,0.0768929878031596
3.900065250482567,0.0816067208306764,0.0408472990931037,1.0003204882510028,0.0752531818828865
3.902109700166963,-0.0811536772889742,0.0408472990931037,1.0003307585243597,0.0776647234806722
3.902109700166963,0.0811536772889742,0.0408472990931037,1.000323785021262,0.076027289673633
3.90415210022918,-0.0807008588366716,0.0408472990931037,1.0003342210966757,0.078477762908728
3.90415210022918,0.0807008588366716,0.0408472990931037,1.000327158835234,0.076819487938866
3.906192450486611,-0.0802482655142538,0.0408472990931037,1.0003376300559803,0.0792782135766669
3.906192450486611,0.0802482655142538,0.0408472990931037,1.0003297877032995,0.0774367670000286
3.906192450486612,-0.0802482655142538,0.0408472990931037,1.0003376320318074,0.0792786775165226
3.906192450486612,0.0802482655142538,0.0408472990931037,1.0003304394893546,0.077589811532504
3.908230742222873,-0.0797959001395972,0.0408472990931037,1.0003412396715845,0.0801257799343198
3.908230742222873,0.0797959001395972,0.0408472990931037,1.0003334235959294,0.078290503411609
3.9102669627955056,-0.0793437662245745,0.0408472990931037,1.0003446834326624,0.0809344023345455
3.9102669627955056,0.0793437662245745,0.0408472990931037,1.0003369338640378,0.0791147421897646
3.912301112022455,-0.0788918638096094,0.0408472990931037,1.0003478931078196,0.081688059504925
3.912301112022455,0.0788918638096094,0.0408472990931037,1.000340310165973,0.0799075246484719
3.914333235548101,-0.0784401836113058,0.0408472990931037,1.0003517641830897,0.0825970186648085
3.914333235548101,0.0784401836113058,0.0408472990931037,1.0003432928008091,0.0806078709517085
3.916363258788564,-0.0779887429976148,0.0408472990931037,1.0003552135181886,0.0834069498893041
3.916363258788564,0.0779887429976148,0.0408472990931037,1.0003468506122457,0.0814432732801982
3.918391181562343,-0.0775375420088981,0.0408472990931037,1.0003584786401052,0.084173626398325
3.918391181562343,0.0775375420088981,0.0408472990931037,1.0003496956405662,0.0821113084827168
3.918391181562344,-0.0775375420088981,0.0408472990931037,1.0003584086050117,0.0841571816031943
3.918391181562344,0.0775375420088981,0.0408472990931037,1.0003502853425117,0.0822497751741028
3.920416908764159,-0.0770866026099661,0.0408472990931037,1.0003620981500625,0.085023516028575
3.920416908764159,0.0770866026099661,0.0408472990931037,1.0003533309992552,0.0829649195207954
3.922440439243805,-0.0766359259308691,0.0408472990931037,1.0003654743382524,0.0858162717789994
3.922440439243805,0.0766359259308691,0.0408472990931037,1.000356783765302,0.0837756563590719
3.9244617728203615,-0.0761855120119009,0.0408472990931037,1.0003686350893397,0.0865584411898859
3.9244617728203615,0.0761855120119009,0.0408472990931037,1.0003601230571346,0.0845597485523199
3.9244617728203632,-0.0761855120119009,0.0408472990931037,1.0003684665883534,0.0865188758226339
3.9244617728203632,0.0761855120119009,0.0408472990931037,1.000360090184922,0.0845520298961892
3.9264808602819095,-0.0757353727069233,0.0408472990931037,1.000372069677914,0.0873649098135963
3.9264808602819095,0.0757353727069233,0.0408472990931037,1.0003635934596893,0.0853746265824368
3.9284976562128655,-0.0752855190456519,0.0408472990931037,1.0003754724710523,0.0881639126168212
3.9284976562128655,0.0752855190456519,0.0408472990931037,1.0003669281183185,0.0861576308628041
3.930512160432915,-0.0748359510683068,0.0408472990931037,1.0003786363418978,0.0889068145716706
3.930512160432915,0.0748359510683068,0.0408472990931037,1.0003699971115525,0.0868782548024091
3.9325243047188327,-0.0743866849238991,0.0408472990931037,1.000381929978615,0.0896801865818939
3.9325243047188327,0.0743866849238991,0.0408472990931037,1.000373959366411,0.0878086236524223
3.934534158566923,-0.0739377060210722,0.0408472990931037,1.0003853466653243,0.0904824517057162
3.934534158566923,0.0739377060210722,0.0408472990931037,1.0003773824319293,0.088612386571172
3.9365417217974894,-0.0734890143999684,0.0445411355740982,1.0003883994424956,0.0911992679852492
3.9365417217974894,-0.0734890143999679,0.0408472990931037,1.000388566677625,0.0912385361194054
3.9365417217974894,-0.073489014399967,0.0408472990931037,1.0003885011855924,0.0912231580709157
3.9365417217974894,-0.0734890143999637,0.0426614370491379,1.0003905250229854,0.0916983711339865
3.9365417217974894,0.0734890143999637,0.0426614370491379,1.0003814004290246,0.0895558441402671
3.9365417217974894,0.073489014399967,0.0408472990931037,1.0003808085084402,0.0894168564948447
3.9365417217974894,0.0734890143999679,0.0408472990931037,1.0003805066408478,0.0893459755911915
3.9365417217974894,0.0734890143999684,0.0445411355740982,1.0003799085929088,0.0892055491943311
3.938547013252765,-0.0730406067431224,0.0445411355740982,1.0003917589658702,0.091988110704936
3.938547013252765,-0.0730406067431221,0.0408472990931037,1.000392118093668,0.0920724367587408
3.938547013252765,-0.0730406067431214,0.0426614370491379,1.000393195386792,0.0923253937240407
3.938547013252765,-0.0730406067431205,0.0426614370491379,1.000393818509425,0.0924717078578455
3.938547013252765,0.0730406067431205,0.0426614370491379,1.0003852063114789,0.0904494955102069
3.938547013252765,0.0730406067431214,0.0426614370491379,1.0003845416336592,0.0902934238891698
3.938547013252765,0.0730406067431221,0.0408472990931037,1.0003844591786892,0.0902740628085925
3.938547013252765,0.0730406067431224,0.0445411355740982,1.0003840450854755,0.0901768304394987
3.940549835871636,-0.0725925280780252,0.0408472990931037,1.0003956518343622,0.0929021870860776
3.940549835871636,-0.0725925280780251,0.0445411355740982,1.0003951240123596,0.0927782502957729
3.940549835871636,-0.0725925280780247,0.0426614370491379,1.000396998515348,0.0932183984568478
3.940549835871636,-0.0725925280780243,0.0426614370491379,1.0003964617917958,0.0930923715121054
3.940549835871636,0.0725925280780243,0.0426614370491379,1.0003873873766138,0.0909616268934471
3.940549835871636,0.0725925280780247,0.0426614370491379,1.0003890290003528,0.0913470931606928
3.940549835871636,0.0725925280780251,0.0445411355740982,1.0003879783744796,0.0911003978772352
3.940549835871636,0.0725925280780252,0.0408472990931037,1.0003880309460085,0.0911127420889112
3.942550189475035,-0.0721447784447378,0.0408472990931037,1.000398983262656,0.0936844328581015
3.942550189475035,0.0721447784447378,0.0408472990931037,1.0003914753781635,0.0919215220633818
3.944547956101864,-0.071697385289168,0.0408472990931037,1.0004026364473355,0.0945422295800492
3.944547956101864,0.071697385289168,0.0408472990931037,1.0003952308199209,0.0928033295577758
3.9465430742081375,-0.0712503634884938,0.0408472990931037,1.0004061529639097,0.0953679355474939
3.9465430742081375,0.0712503634884938,0.0408472990931037,1.0003989053198337,0.0936661312655359
3.948535543615481,-0.070803713082682,0.0408472990931037,1.0004094355889208,0.0961387219218593
3.948535543615481,0.070803713082682,0.0408472990931037,1.000402564583041,0.0945253552740205
3.9485355436154816,-0.070803713082682,0.0408472990931037,1.00040945177776,0.0961425231896244
3.9485355436154816,0.070803713082682,0.0408472990931037,1.0004024169958838,0.0944907006395783
3.9505252854367754,-0.070357452756341,0.0408472990931037,1.0004130578651316,0.0969892610903475
3.9505252854367754,0.070357452756341,0.0408472990931037,1.000406418128608,0.0954301983206744
3.952512219472001,-0.0699116017732098,0.0408472990931037,1.0004166599413504,0.0978350571406095
3.952512219472001,0.0699116017732098,0.0408472990931037,1.0004101296988386,0.0963017044328401
3.9544963455435145,-0.0694661601731506,0.0408472990931037,1.000419733788522,0.0985568208232634
3.9544963455435145,0.0694661601731506,0.0408472990931037,1.0004136838870517,0.0971362559997305
3.956477583525977,-0.0690211470034182,0.0408472990931037,1.0004235726217774,0.0994582093024773
3.956477583525977,0.0690211470034182,0.0408472990931037,1.0004175698955595,0.098048721602217
3.958455859214502,-0.0685765802656116,0.0408472990931037,1.0004273853354548,0.1003534646977629
3.958455859214502,0.0685765802656116,0.0408472990931037,1.0004210862358582,0.0988743861787913
3.9604311724322177,-0.0681324599994784,0.0408472990931037,1.0004310602436062,0.1012163622631196
3.9604311724322177,0.0681324599994784,0.0408472990931037,1.0004244265450823,0.0996587172636296
3.960431172432218,-0.0681324599994783,0.0408472990931037,1.0004303479572867,0.1010491117889292
3.960431172432218,0.0681324599994783,0.0408472990931037,1.0004245344417255,0.0996840522507564
3.962403456073005,-0.0676888025304146,0.0408472990931037,1.0004344412771518,0.1020102557414655
3.962403456073005,0.0676888025304146,0.0408472990931037,1.0004280773253889,0.1005159494197552
3.964372651311096,-0.0672456223746397,0.0408472990931037,1.0004382866131576,0.1029131711180591
3.964372651311096,0.0672456223746397,0.0408472990931037,1.000431597763516,0.1013425761989502
3.966338757970432,-0.0668029195717768,0.0408472990931037,1.0004419215209257,0.103766676276294
3.966338757970432,0.0668029195717768,0.0408472990931037,1.000434892858839,0.1021162907012977
3.9683017180977376,-0.066360708474172,0.0408472990931037,1.0004448519940743,0.1044547746018341
3.9683017180977376,0.066360708474172,0.0408472990931037,1.0004385408596972,0.1029728702209987
3.9702614605741338,-0.0659190064819088,0.0408472990931037,1.0004482971378332,0.1052637216664861
3.9702614605741338,0.0659190064819088,0.0408472990931037,1.000442223387343,0.1038375569039817
3.972217985224407,-0.0654778136344783,0.0408472990931037,1.0004516194654265,0.1060438305218581
3.972217985224407,0.0654778136344783,0.0408472990931037,1.000445747212485,0.1046649789811744
3.972217985224408,-0.0654778136344783,0.0408472990931037,1.0004511949217958,0.1059441443119645
3.972217985224408,0.0654778136344783,0.0408472990931037,1.0004456124946943,0.1046333461760466
3.974171216511056,-0.0650371483285281,0.0408472990931037,1.0004546113420147,0.1067463468617318
3.974171216511056,0.0650371483285281,0.0408472990931037,1.0004493284027172,0.1055058708361895
3.976121093948804,-0.0645970256279786,0.0408472990931037,1.000457940399719,0.1075280360004965
3.976121093948804,0.0645970256279786,0.0408472990931037,1.000453029691344,0.1063749627462817
3.978067617363319,-0.0641574455721799,0.0408472990931037,1.000461216043674,0.1082971831675317
3.978067617363319,0.0641574455721799,0.0408472990931037,1.000456540259068,0.1071992718765706
3.980010733135661,-0.0637184217252183,0.0408472990931037,1.000464346892016,0.1090323311768622
3.980010733135661,0.0637184217252183,0.0408472990931037,1.0004601367249448,0.1080437505740645
3.981950387083937,-0.0632799678202717,0.0408472990931037,1.0004678351476768,0.1098514012578161
3.981950387083937,0.0632799678202717,0.0408472990931037,1.0004635509912492,0.1088454473676089
3.983886579034728,-0.0628420838965411,0.0408472990931037,1.000470725238871,0.1105300175802874
3.983886579034728,0.0628420838965411,0.0408472990931037,1.0004667510976892,0.1095968577273488
3.985819249629449,-0.0624047847673283,0.0408472990931037,1.0004743897775543,0.1113904803123692
3.985819249629449,0.0624047847673283,0.0408472990931037,1.000470274530976,0.1104241877937265
3.98774833549568,-0.0619680864131955,0.0408472990931037,1.0004780900062191,0.1122593233350579
3.98774833549568,0.0619680864131955,0.0408472990931037,1.0004737425605,0.1112385086174329
3.9896738364609488,-0.0615319888731868,0.0408472990931037,1.0004818760790168,0.1131483232405468
3.9896738364609488,0.0615319888731868,0.0408472990931037,1.0004765552701873,0.1118989551487054
3.991595689668957,-0.0610965078431018,0.0408472990931037,1.0004849561041034,0.1138715375465796
3.991595689668957,0.0610965078431018,0.0408472990931037,1.0004802939333777,0.1127768229026189
3.993513812212453,-0.060661663758711,0.0408472990931037,1.00048883838666,0.114783128266211
3.993513812212453,0.060661663758711,0.0408472990931037,1.000483970981463,0.1136402229414441
3.995428203919944,-0.0602274566588926,0.0408472990931037,1.000492270573878,0.1155890330323397
3.995428203919944,-0.0602274566588925,0.0408472990931037,1.0004927595346431,0.1157038448960596
3.995428203919944,0.0602274566588925,0.0408472990931037,1.0004875551894383,0.1144818233865287
3.995428203919944,0.0602274566588926,0.0408472990931037,1.0004867881097572,0.1143017069966232
3.997338788657984,-0.0597939054249932,0.0408472990931037,1.0004963326374827,0.116542837767146
3.997338788657984,0.0597939054249932,0.0408472990931037,1.0004906872787989,0.1152172627967649
3.999245488497747,-0.0593610294063468,0.0408472990931037,1.0005002068680815,0.1174525378232649
3.999245488497747,0.0593610294063468,0.0408472990931037,1.000494460943566,0.1161033491983604
4.001148303268759,-0.0589288286416555,0.0408472990931037,1.0005041409190618,0.1183762841790675
4.001148303268759,0.0589288286416555,0.0408472990931037,1.0004974523716406,0.1168057602236688
4.003047190301224,-0.0584973144988365,0.0408472990931037,1.0005079366722582,0.119267557118962
4.003047190301224,0.0584973144988365,0.0408472990931037,1.0005013969648158,0.1177319819704541
4.004942086535614,-0.0580665030347235,0.0408472990931037,1.0005114010488108,0.1200810201960072
4.004942086535614,0.0580665030347235,0.0408472990931037,1.0005051616519114,0.1186159603436155
4.006832991802511,-0.057636394287834,0.0408472990931037,1.0005146187167282,0.1208365541298485
4.006832991802511,0.057636394287834,0.0408472990931037,1.0005087143812117,0.1194501693461708
4.0087198085017,-0.057207012176798,0.0408472990931037,1.0005188791610744,0.1218369402353723
4.0087198085017,0.057207012176798,0.0408472990931037,1.0005120848537956,0.120241583027053
4.010602474348836,-0.0567783726607153,0.0408472990931037,1.0005222871315742,0.1226371587241021
4.010602474348836,0.0567783726607153,0.0408472990931037,1.0005156550980754,0.1210799046856825
4.012480989175593,-0.0563504757779093,0.0408472990931037,1.0005254330827968,0.1233758530094966
4.012480989175593,0.0563504757779093,0.0408472990931037,1.0005186310244023,0.1217786757778076
4.014355284725272,-0.0559233389244413,0.0408472990931037,1.0005295768607532,0.1243488449218481
4.014355284725272,0.0559233389244413,0.0408472990931037,1.0005222542941183,0.1226294482291585
4.016225289492625,-0.0554969801999766,0.0408472990931037,1.0005331712489776,0.1251928357700666
4.016225289492625,-0.0554969801999765,0.0426614370491379,1.000532154218012,0.124954028837206
4.016225289492625,0.0554969801999765,0.0426614370491379,1.0005261573815536,0.1235459240991813
4.016225289492625,0.0554969801999766,0.0408472990931037,1.0005258238071684,0.1234675981892478
4.01809100331046,-0.0550713996426346,0.0408472990931037,1.0005365605961238,0.125988681347759
4.01809100331046,-0.0550713996426345,0.0408472990931037,1.0005365615298714,0.1259889005990795
4.01809100331046,0.0550713996426345,0.0408472990931037,1.0005287013047526,0.1241432574322759
4.01809100331046,0.0550713996426346,0.0408472990931037,1.0005293746827792,0.124301371930884
4.019952343746945,-0.0546466179187821,0.0408472990931037,1.0005403596793745,0.1268807362107329
4.019952343746945,0.0546466179187821,0.0408472990931037,1.0005323530589862,0.1250007182742194
4.021809219096659,-0.0542226578991188,0.0408472990931037,1.000544066478119,0.1277511219402957
4.021809219096659,0.0542226578991188,0.0408472990931037,1.0005360724067958,0.125874050623594
4.023661629193583,-0.0537995196215495,0.0408472990931037,1.0005477087845625,0.1286063643661244
4.023661629193583,0.0537995196215495,0.0408472990931037,1.0005398775466945,0.1267675276355991
4.023661629193584,-0.0537995196215495,0.0408472990931037,1.0005472752463018,0.1285045661458218
4.023661629193584,0.0537995196215495,0.0408472990931037,1.0005394082339576,0.1266573292846798
4.025509485457561,-0.0533772252493423,0.0408472990931037,1.0005511702396226,0.1294191414535994
4.025509485457561,0.0533772252493423,0.0408472990931037,1.000543153415525,0.1275367276051208
4.027352695571396,-0.0529557978918093,0.0408472990931037,1.0005549719552531,0.1303118144203381
4.027352695571396,0.0529557978918093,0.0408472990931037,1.0005468274890157,0.128399429185613
4.029191259370291,-0.052535237586629,0.0408472990931037,1.0005581475067558,0.1310574590860705
4.029191259370291,0.052535237586629,0.0408472990931037,1.0005506418234011,0.1292950651359874
4.029191259370292,-0.052535237586629,0.0408472990931037,1.0005587788331127,0.1312056995192841
4.029191259370292,0.052535237586629,0.0408472990931037,1.000550506189241,0.1292632171600023
4.031025085630512,-0.0521155672254837,0.0408472990931037,1.0005620607914305,0.131976329348762
4.031025085630512,0.0521155672254837,0.0408472990931037,1.0005542466309345,0.1301415025204952
4.0328540851161225,-0.051696809272331,0.0408472990931037,1.0005658955641228,0.1328767643755957
4.0328540851161225,0.051696809272331,0.0408472990931037,1.0005577563022336,0.1309656011631556
4.034678257663598,-0.0512789637646109,0.0426614370491379,1.0005699304246964,0.1338241816230959
4.034678257663598,-0.0512789637646108,0.0408472990931037,1.0005697411990828,0.133779749949004
4.034678257663598,0.0512789637646108,0.0408472990931037,1.0005611523461582,0.1317630191974657
4.034678257663598,0.0512789637646109,0.0426614370491379,1.000562868340329,0.1321659482316441
4.036497512511748,-0.0508620536744416,0.0408472990931037,1.0005731899762098,0.1345895501572765
4.036497512511748,0.0508620536744416,0.0408472990931037,1.0005650128705617,0.1326695009302278
4.03831176407107,-0.0504461006833456,0.0408472990931037,1.000576812300396,0.1354401005907692
4.03831176407107,-0.0504461006833455,0.0445411355740982,1.0005751916707522,0.1350595639034824
4.03831176407107,0.0504461006833455,0.0445411355740982,1.000569031764011,0.1336131689703716
4.03831176407107,0.0504461006833456,0.0408472990931037,1.0005687192259112,0.1335397825470024
4.040121012179357,-0.0500311048285118,0.0408472990931037,1.0005803642349,0.1362741229689217
4.040121012179357,0.0500311048285118,0.0408472990931037,1.0005717422993468,0.1342496241539297
4.040121012179359,-0.0500311048285118,0.0408472990931037,1.0005803581056116,0.1362726837634154
4.040121012179359,0.0500311048285118,0.0408472990931037,1.0005723720151416,0.1343974864143885
4.0419251730470425,-0.0496170875340743,0.0408472990931037,1.000584000313141,0.1371279029635077
4.0419251730470425,0.0496170875340743,0.0408472990931037,1.0005758006334564,0.135202553173761
4.0437241563027015,-0.0492040717566887,0.0408472990931037,1.0005874518162994,0.1379383432655626
4.0437241563027015,0.0492040717566887,0.0408472990931037,1.0005798181174888,0.1361458902716142
4.045517961785494,-0.0487920575332817,0.0408472990931037,1.0005907056555703,0.1387023705199327
4.045517961785494,0.0487920575332817,0.0408472990931037,1.0005838898914423,0.1371019750733335
4.045517961785495,-0.0487920575332817,0.0408472990931037,1.000590698659007,0.1387007276714005
4.045517961785495,0.0487920575332817,0.0408472990931037,1.0005829713162622,0.1368862863393845
4.047306498381338,-0.0483810680228773,0.0408472990931037,1.0005943251676068,0.1395522606384014
4.047306498381338,0.0483810680228773,0.0408472990931037,1.0005871771752903,0.1378738553795276
4.049089682213608,-0.047971124810164,0.0408472990931037,1.0005977483750397,0.1403560568797959
4.049089682213608,0.047971124810164,0.0408472990931037,1.0005911115480617,0.138797677294469
4.050867513122873,-0.0475622279317935,0.0408472990931037,1.0006009749296003,0.141113677467958
4.050867513122873,0.0475622279317935,0.0408472990931037,1.0005949254129969,0.1396932030141497
4.050867513122874,-0.0475622279317935,0.0408472990931037,1.0006009986794977,0.1411192541320272
4.050867513122874,0.0475622279317935,0.0408472990931037,1.0005947728561848,0.1396573814653918
4.052639908314232,-0.0471543986497353,0.0408472990931037,1.000604484923884,0.1419378519498416
4.052639908314232,0.0471543986497353,0.0408472990931037,1.000598738015009,0.1405884321895796
4.054406786091111,-0.0467476582347372,0.0408472990931037,1.0006078914286605,0.1427377262751168
4.054406786091111,0.0467476582347372,0.0408472990931037,1.0006024641185922,0.141463350848177
4.056168146295537,-0.0463420067231645,0.0408472990931037,1.0006112161573235,0.1435183989207084
4.056168146295537,0.0463420067231645,0.0408472990931037,1.0006060800657803,0.1423124039119786
4.05792390913974,-0.0459374647444906,0.0408472990931037,1.0006147066552882,0.1443379955123925
4.05792390913974,0.0459374647444906,0.0408472990931037,1.0006097478447091,0.1431736274793673
4.059674002713143,-0.04553405136762,0.0408472990931037,1.0006180271349745,0.1451176704645146
4.059674002713143,0.04553405136762,0.0408472990931037,1.0006134238027338,0.1440367715632972
4.061418426859275,-0.0451317666286206,0.0408472990931037,1.0006212955080795,0.1458851103784034
4.061418426859275,0.0451317666286206,0.0408472990931037,1.00061659682906,0.1447818232976193
4.063157112145946,-0.0447306289463229,0.0408472990931037,1.000624922831815,0.1467368347456848
4.063157112145946,0.0447306289463229,0.0408472990931037,1.000620422331316,0.1456800815525462
4.064889990295869,-0.0443306565430198,0.0408472990931037,1.0006280080305578,0.1474612638672507
4.064889990295869,0.0443306565430198,0.0408472990931037,1.0006240621018938,0.1465347285371014
4.066617061154114,-0.0439318494544714,0.0408472990931037,1.000630982595365,0.148159715263685
4.066617061154114,0.0439318494544714,0.0408472990931037,1.0006276743213998,0.1473829063115813
4.068338257945634,-0.0435342255367049,0.0408472990931037,1.0006345120237738,0.1489884530322738
4.068338257945634,0.0435342255367049,0.0408472990931037,1.0006306973582846,0.1480927393360998
4.0700535224203245,-0.0431378007734539,0.0408472990931037,1.000637539032906,0.1496992187719228
4.0700535224203245,0.0431378007734539,0.0408472990931037,1.000634104763343,0.1488928250546898
4.071762854424826,-0.0427425752001617,0.0408472990931037,1.000640494130475,0.1503930991065454
4.071762854424826,0.0427425752001617,0.0408472990931037,1.0006374836827758,0.1496862221226237
4.071762854424827,-0.0427425752001617,0.0408472990931037,1.0006406475291534,0.1504291183322489
4.071762854424827,0.0427425752001617,0.0408472990931037,1.0006369810613664,0.1495682026313629
4.073466197492811,-0.0423485643687232,0.0408472990931037,1.0006438437983678,0.1511796276809884
4.073466197492811,0.0423485643687232,0.0408472990931037,1.0006403994098234,0.1503708579467012
4.075163501941535,-0.0419557823195599,0.0408472990931037,1.00064709031444,0.1519419353902486
4.075163501941535,0.0419557823195599,0.0408472990931037,1.0006436430825365,0.1511324980127042
4.076854767619247,-0.0415642290877893,0.0408472990931037,1.0006503322683638,0.1527031718708911
4.076854767619247,0.0415642290877893,0.0408472990931037,1.0006468852602508,0.1518937870411399
4.078539946329467,-0.0411739183487115,0.0408472990931037,1.0006536324251756,0.1534780748510323
4.078539946329467,0.0411739183487115,0.0408472990931037,1.00064992723768,0.1526080674555908
4.080218993464026,-0.0407848629950303,0.0408472990931037,1.000657033894773,0.1542767668762736
4.080218993464026,0.0407848629950303,0.0408472990931037,1.0006531298878445,0.1533600751019706
4.081891908872803,-0.0403970630615299,0.0408472990931037,1.0006604071018292,0.1550688226329579
4.081891908872803,0.0403970630615299,0.0408472990931037,1.0006560314787725,0.1540413916531575
4.083558653298114,-0.0400105302333328,0.0408472990931037,1.000663308012431,0.1557499794380986
4.083558653298114,0.0400105302333328,0.0408472990931037,1.0006594556561736,0.1548454156508045
4.085219203889443,-0.0396252723262115,0.0408472990931037,1.0006666891307174,0.1565438928142751
4.085219203889443,0.0396252723262115,0.0408472990931037,1.0006626367716256,0.1555923667759911
4.086873560498326,-0.0392412893746108,0.0408472990931037,1.0006700725770428,0.1573383528324336
4.086873560498326,0.0392412893746108,0.0408472990931037,1.0006656372815312,0.1562969102872263
4.088521699648213,-0.0388585894523397,0.0408472990931037,1.0006726995212354,0.1579551801529508
4.088521699648213,0.0388585894523397,0.0408472990931037,1.0006689499234784,0.1570747448761234
4.090163594416438,-0.03847718132107,0.0408472990931037,1.0006759581593758,0.1587203342199263
4.090163594416438,0.03847718132107,0.0408472990931037,1.0006720492876653,0.1578025001562149
4.091799244656206,-0.0380970650149023,0.0408472990931037,1.0006792407741167,0.1594911181827605
4.091799244656206,0.0380970650149023,0.0408472990931037,1.0006750511851787,0.1585073694887628
4.093428629130361,-0.0377182480504272,0.0408472990931037,1.0006820019797031,0.1601394711428429
4.093428629130361,0.0377182480504272,0.0408472990931037,1.0006781720531728,0.1592401740332432
4.095051736443029,-0.0373407356096316,0.0408472990931037,1.000685239865454,0.1608997523842374
4.095051736443029,0.0373407356096316,0.0408472990931037,1.0006812744548497,0.159968642540074
4.096668566449093,-0.0369645277262677,0.0408472990931037,1.0006885027247925,0.1616658976219267
4.096668566449093,0.0369645277262677,0.0408472990931037,1.0006842174924246,0.1606596910924776
4.098279104010016,-0.0365896305077264,0.0408472990931037,1.000691288736026,0.1623200751446357
4.098279104010016,0.0365896305077264,0.0408472990931037,1.0006875053872262,0.1614317148553988
4.099883328036999,-0.0362160514164222,0.0408472990931037,1.0006946749520371,0.1631151855070311
4.099883328036999,0.0362160514164222,0.0408472990931037,1.0006906830124924,0.1621778464573169
4.10148123838661,-0.0358437904857559,0.0408472990931037,1.0006971821735948,0.1637039010037624
4.10148123838661,0.0358437904857559,0.0408472990931037,1.000693788018929,0.1629069265823831
4.101481238386612,-0.0358437904857559,0.0408472990931037,1.0006980881069143,0.1639166213286649
4.101481238386612,0.0358437904857559,0.0408472990931037,1.000693891947907,0.1629313299302436
4.1030728146400985,-0.0354728549968185,0.0408472990931037,1.0007006677206576,0.1645223350844316
4.1030728146400985,0.0354728549968185,0.0408472990931037,1.0006971429849587,0.16369469920135
4.104658045380555,-0.0351032501533111,0.0408472990931037,1.0007041279873408,0.1653348331315778
4.104658045380555,0.0351032501533111,0.0408472990931037,1.0007003697685386,0.1644523735649948
4.106236930466247,-0.0347349759882789,0.0408472990931037,1.0007075837441537,0.1661462722254378
4.106236930466247,0.0347349759882789,0.0408472990931037,1.0007035386558665,0.1651964534296641
4.106236930466248,-0.0347349759882789,0.0408472990931037,1.0007067013747035,0.1659390848838927
4.106236930466248,0.0347349759882789,0.0408472990931037,1.0007034286320904,0.1651706189749192
4.107809460321089,-0.0343680373035456,0.0408472990931037,1.0007102109768091,0.1667631672793614
4.107809460321089,0.0343680373035456,0.0408472990931037,1.0007068702781197,0.1659787447449198
4.109375617616951,-0.0340024406447853,0.0408472990931037,1.000713698535878,0.1675820737949641
4.109375617616951,0.0340024406447853,0.0408472990931037,1.0007101706589987,0.1667537003378179
4.110935402213807,-0.0336381860446848,0.0408472990931037,1.000716507973695,0.1682417520651466
4.110935402213807,0.0336381860446848,0.0408472990931037,1.00071309811185,0.1674410894735468
4.110935402213808,-0.0336381860446848,0.0408472990931037,1.000717184528365,0.1684006124647528
4.110935402213808,0.0336381860446848,0.0408472990931037,1.000713428215979,0.1675186005398431
4.112488797450462,-0.0332752799166612,0.0408472990931037,1.00071995428404,0.1690509730534768
4.112488797450462,0.0332752799166612,0.0408472990931037,1.0007166497415152,0.1682750402731277
4.114035789122044,-0.0329137281304138,0.0408472990931037,1.0007232913239057,0.1698345364670082
4.114035789122044,0.0329137281304138,0.0408472990931037,1.0007199952888433,0.1690606013062965
4.115576377090235,-0.0325535307182677,0.0408472990931037,1.0007260921895114,0.1704922019140045
4.115576377090235,0.0325535307182677,0.0408472990931037,1.0007227513120274,0.1697077373972409
4.115576377090237,-0.0325535307182677,0.0408472990931037,1.0007266108998534,0.1706139992141859
4.115576377090237,0.0325535307182677,0.0408472990931037,1.000723269956263,0.1698295191751029
4.117110542796463,-0.0321946945261715,0.0408472990931037,1.000729420884791,0.1712738059526155
4.117110542796463,0.0321946945261715,0.0408472990931037,1.0007260611598967,0.1704849159145081
4.118638265461473,-0.0318372269040239,0.0408472990931037,1.0007327013701477,0.1720440899191017
4.118638265461473,0.0318372269040239,0.0408472990931037,1.00072922126065,0.1712269326218661
4.120159544948674,-0.0314811278837852,0.0408472990931037,1.0007360049234426,0.17281979042045
4.120159544948674,0.0314811278837852,0.0408472990931037,1.0007324062967269,0.1719748043408147
4.120159544948676,-0.0314811278837852,0.0408472990931037,1.0007355764381345,0.1727191786733978
4.120159544948676,0.0314811278837852,0.0408472990931037,1.0007319038493945,0.1718568257242597
4.121674360569154,-0.0311264048387811,0.0408472990931037,1.0007388723612185,0.1734930875407394
4.121674360569154,0.0311264048387811,0.0408472990931037,1.0007350889487945,0.1726047123119799
4.123182686573985,-0.0307730662886125,0.0408472990931037,1.000742138354974,0.1742599687644271
4.123182686573985,0.0307730662886125,0.0408472990931037,1.0007382204503823,0.1733400137086786
4.124684522828312,-0.0304211122648702,0.0408472990931037,1.0007454104375757,0.1750282796974969
4.124684522828312,0.0304211122648702,0.0408472990931037,1.000741414927966,0.1740901023682414
4.126179843819731,-0.0300705513124744,0.0408472990931037,1.0007485805641858,0.1757726505555104
4.126179843819731,0.0300705513124744,0.0408472990931037,1.000744358959621,0.1747813843385447
4.127668616874468,-0.0297213935155861,0.0408472990931037,1.0007517115697837,0.1765078354897409
4.127668616874468,0.0297213935155861,0.0408472990931037,1.0007474778677072,0.1755137286811392
4.129150841859413,-0.0293736389054225,0.0408472990931037,1.0007550708713928,0.1772966261371314
4.129150841859413,0.0293736389054225,0.0408472990931037,1.0007507531778668,0.1762827974703601
4.129150841859415,-0.0293736389054225,0.0408472990931037,1.0007547284225735,0.1772162164397802
4.129150841859415,0.0293736389054225,0.0408472990931037,1.0007506376799535,0.1762556776447676
4.130626479111501,-0.0290272993456016,0.0408472990931037,1.000758241637277,0.1780411471016879
4.130626479111501,0.0290272993456016,0.0408472990931037,1.0007540675000597,0.1770610265942197
4.132095484447842,-0.0286823876908031,0.0408472990931037,1.0007612503804122,0.1787476238405637
4.132095484447842,0.0286823876908031,0.0408472990931037,1.0007572102137838,0.1777989606893566
4.133557857737099,-0.0283389039718647,0.0408472990931037,1.000764737267346,0.1795663725335891
4.133557857737099,0.0283389039718647,0.0408472990931037,1.0007602392252135,0.1785101965843689
4.135013557750434,-0.0279968603873742,0.0408472990931037,1.0007678455573894,0.1802962236755428
4.135013557750434,0.0279968603873742,0.0408472990931037,1.0007636601912782,0.179313466534742
4.136462540413375,-0.0276562698091387,0.0408472990931037,1.0007707528531395,0.1809788797641459
4.136462540413375,0.0276562698091387,0.0408472990931037,1.0007667630963433,0.1800420532411173
4.1379048055963725,-0.0273171322676094,0.0408472990931037,1.0007740924177435,0.1817630360062718
4.1379048055963725,0.0273171322676094,0.0408472990931037,1.0007693665435615,0.18065336328579
4.137904805596374,-0.0273171322676094,0.0408472990931037,1.0007735362047008,0.1816324327746725
4.137904805596374,0.0273171322676094,0.0408472990931037,1.0007697591129658,0.1807455416938667
4.139340296648379,-0.026979463573202,0.0408472990931037,1.0007771963884422,0.1824918729318594
4.139340296648379,0.026979463573202,0.0408472990931037,1.000772571935194,0.1814060146505744
4.1407689462562285,-0.0266432821226591,0.0408472990931037,1.0007800807736376,0.183169149440584
4.1407689462562285,0.0266432821226591,0.0408472990931037,1.000775677195174,0.182135154309695
4.142190754292189,-0.0263085879460376,0.0408472990931037,1.0007828892684365,0.1838286062825871
4.142190754292189,0.0263085879460376,0.0408472990931037,1.0007787431823825,0.1828550724106482
4.142190754292191,-0.0263085879460376,0.0408472990931037,1.0007828846846945,0.1838275299836694
4.142190754292191,0.0263085879460376,0.0408472990931037,1.000777975074462,0.1826747145820628
4.143605643576428,-0.0259754017530241,0.0408472990931037,1.0007859046145513,0.1845366334533912
4.143605643576428,0.0259754017530241,0.0408472990931037,1.0007810895849585,0.1834060263357009
4.145013570950558,-0.0256437362598636,0.0408472990931037,1.000788738794633,0.1852021214034556
4.145013570950558,0.0256437362598636,0.0408472990931037,1.0007840609898675,0.1841037357630597
4.146414536288702,-0.0253135914962092,0.0408472990931037,1.0007915681752677,0.1858664824053041
4.146414536288702,0.0253135914962092,0.0408472990931037,1.0007863102994108,0.1846318914743087
4.147828502460744,-0.0249802619325434,0.0408472990931037,1.0007940295260211,0.1864444270736228
4.147828502460744,0.0249802619325434,0.0408472990931037,1.0007894628508218,0.1853721355362591
4.149235624193929,-0.02464842707447,0.0408472990931037,1.0007969099739609,0.1871207790835138
4.149235624193929,0.02464842707447,0.0408472990931037,1.0007924961109145,0.186084369051018
4.1506359013624525,-0.0243180869516575,0.0408472990931037,1.0007998507464275,0.1878112957705794
4.1506359013624525,0.0243180869516575,0.0408472990931037,1.0007949811352284,0.1866678724589923
4.152029278054751,-0.0239892573472251,0.0408472990931037,1.0008021356006929,0.188347797664334
4.152029278054751,0.0239892573472251,0.0408472990931037,1.000798243831241,0.1874339793465418
4.153415701689955,-0.0236619531467078,0.0408472990931037,1.0008050887859488,0.1890412289726589
4.153415701689955,0.0236619531467078,0.0408472990931037,1.0008013363003194,0.1881601156005029
4.154795172144109,-0.0233361743793691,0.0408472990931037,1.0008081195428251,0.1897528747124392
4.154795172144109,0.0233361743793691,0.0408472990931037,1.000804352831091,0.1888684209380664
4.15616763705706,-0.023011935916868,0.0408472990931037,1.000810321918974,0.1902700100906644
4.15616763705706,0.023011935916868,0.0408472990931037,1.0008072543249416,0.1895497146946447
4.157533036865264,-0.0226892543792441,0.0408472990931037,1.0008133711382925,0.1909859909580806
4.157533036865264,0.0226892543792441,0.0408472990931037,1.0008100515516238,0.1902065256935841
4.158891371446646,-0.0223681297953474,0.0408472990931037,1.0008155853976797,0.1915059166149325
4.158891371446646,0.0223681297953474,0.0408472990931037,1.0008131826777709,0.190941738933705
4.1588913714466464,-0.0223681297953474,0.0408472990931037,1.0008165096461588,0.1917229374844459
4.1588913714466464,0.0223681297953474,0.0408472990931037,1.0008128383276855,0.1908608828040175
4.160242592562987,-0.0220485761280013,0.0408472990931037,1.0008187690165644,0.1922534555659842
4.160242592562987,0.0220485761280013,0.0408472990931037,1.0008158022145035,0.1915568269238993
4.161586644832399,-0.0217306089517826,0.0408472990931037,1.0008218586622954,0.1929789288756103
4.161586644832399,0.0217306089517826,0.0408472990931037,1.0008183815820169,0.1921624828629797
4.162923528134711,-0.0214142282951197,0.0408472990931037,1.000824688634084,0.1936434286850555
4.162923528134711,0.0214142282951197,0.0408472990931037,1.0008210065789045,0.192778852940798
4.164253182803223,-0.0210994508643098,0.0408472990931037,1.0008277642656809,0.194365611364909
4.164253182803223,0.0210994508643098,0.0408472990931037,1.0008241305860874,0.1935123945917711
4.165575556416484,-0.0207862915983852,0.0408472990931037,1.0008307073537717,0.1950566717788261
4.165575556416484,0.0207862915983852,0.0408472990931037,1.0008267355708396,0.1941240656615866
4.166890648856265,-0.0204747505253444,0.0408472990931037,1.0008339808760678,0.195825320763545
4.166890648856265,0.0204747505253444,0.0408472990931037,1.0008297200313383,0.1948248406449049
4.166890648856266,-0.0204747505253444,0.0408472990931037,1.0008336185566091,0.195740245282504
4.166890648856266,0.0204747505253444,0.0408472990931037,1.000829322428203,0.1947314802768372
4.168198412421464,-0.0201648414912901,0.0408472990931037,1.0008367768560045,0.1964818390167354
4.168198412421464,0.0201648414912901,0.0408472990931037,1.0008322760602402,0.1954250164929479
4.169498810604384,-0.0198565756644596,0.0408472990931037,1.0008394164600125,0.1971016389622686
4.169498810604384,0.0198565756644596,0.0408472990931037,1.000834740210404,0.1960036184849867
4.170791843288759,-0.0195499530724141,0.0408472990931037,1.0008420494206447,0.1977198789904896
4.170791843288759,-0.019549953072414,0.0408472990931037,1.0008426781948931,0.1978675201683908
4.170791843288759,0.019549953072414,0.0408472990931037,1.000837374643068,0.1966222041580023
4.170791843288759,0.0195499530724141,0.0408472990931037,1.0008371688929034,0.1965738923883293
4.172077473345555,-0.0192449851024613,0.0408472990931037,1.0008452739637972,0.1984770272840209
4.172077473345555,0.0192449851024613,0.0408472990931037,1.0008398760372823,0.197209551348391
4.173355658913318,-0.0189416841601661,0.0408472990931037,1.0008477963730915,0.1990693089818108
4.173355658913318,0.0189416841601661,0.0408472990931037,1.0008423125277213,0.1977816586177485
4.174626399877766,-0.0186400502726457,0.0408472990931037,1.0008508008008343,0.1997747724322175
4.174626399877766,0.0186400502726457,0.0408472990931037,1.0008448068631548,0.1983673483504276
4.174626399877768,-0.0186400502726457,0.0408472990931037,1.000850297759474,0.1996566543331416
4.174626399877768,0.0186400502726457,0.0408472990931037,1.0008447263552356,0.1983484444527991
4.175889655605467,-0.0183400956536917,0.0408472990931037,1.000853424625859,0.2003908673473541
4.175889655605467,0.0183400956536917,0.0408472990931037,1.0008474420803537,0.1989861182383482
4.177145399899842,-0.0180418290141393,0.0408472990931037,1.0008559323889314,0.200979709996113
4.177145399899842,0.0180418290141393,0.0408472990931037,1.0008499320178008,0.1995707752890049
4.178393632648614,-0.0177452503806554,0.0408472990931037,1.0008584518527304,0.2015713000681808
4.178393632648614,0.0177452503806554,0.0408472990931037,1.0008523285481177,0.2001334996049769
4.179634335187993,-0.0174503666878372,0.0408472990931037,1.000861056938691,0.2021829949026294
4.179634335187993,0.0174503666878372,0.0408472990931037,1.0008549487196183,0.2007487366437333
4.180867498315234,-0.0171571826416864,0.0408472990931037,1.0008635642329904,0.2027717274796628
4.180867498315234,0.0171571826416864,0.0408472990931037,1.0008573456046097,0.2013115442400401
4.182093121920083,-0.0168656982684157,0.0408472990931037,1.0008660532836016,0.203356176294159
4.182093121920083,0.0168656982684157,0.0408472990931037,1.000859703583045,0.201865216268691
4.182093121920085,-0.0168656982684157,0.0408472990931037,1.0008657023306349,0.2032737697554838
4.182093121920085,0.0168656982684157,0.0408472990931037,1.000859475317644,0.201811617743044
4.183311198338189,-0.0165759178494839,0.0408472990931037,1.0008682370313404,0.2038689375740641
4.183311198338189,0.0165759178494839,0.0408472990931037,1.0008620459508577,0.2024152227992584
4.184521722129383,-0.0162878451243126,0.0408472990931037,1.0008707821788152,0.2044665583768196
4.184521722129383,0.0162878451243126,0.0408472990931037,1.0008646581447815,0.2030285866397901
4.185724693185436,-0.0160014801186577,0.0408472990931037,1.0008727807006736,0.2049358271516971
4.185724693185436,0.0160014801186577,0.0408472990931037,1.0008667889044838,0.2035289059086533
4.185724693185437,-0.0160014801186577,0.0408472990931037,1.0008733664040976,0.2050733549585871
4.185724693185437,0.0160014801186577,0.0408472990931037,1.0008674088916296,0.2036744838052074
4.186920102140064,-0.0157168275206325,0.0408472990931037,1.0008754150117702,0.205554384279666
4.186920102140064,0.0157168275206325,0.0408472990931037,1.000869788293803,0.2042331862972402
4.188107943728502,-0.0154338910092014,0.0408472990931037,1.0008780439259877,0.2061716741776252
4.188107943728502,0.0154338910092014,0.0408472990931037,1.0008726448957832,0.2049039390868797
4.189288217844546,-0.0151526706096607,0.0408472990931037,1.000880715535768,0.2067989893321973
4.189288217844546,0.0151526706096607,0.0408472990931037,1.0008755021499878,0.2055748450238969
4.19046092712801,-0.0148731680749038,0.0408472990931037,1.000882798672617,0.2072881263776134
4.19046092712801,0.0148731680749038,0.0408472990931037,1.000877652084325,0.2060796666490555
4.191626082878301,-0.0145953831114333,0.0408472990931037,1.0008855694665255,0.2079387307517933
4.191626082878301,0.0145953831114333,0.0408472990931037,1.0008803930029333,0.2067232560658635
4.192783684991249,-0.0143193157440851,0.0408472990931037,1.0008883924402574,0.2086015873620272
4.192783684991249,0.0143193157440851,0.0408472990931037,1.00088275072397,0.207276867655243
4.193933743738782,-0.0140449658762852,0.0408472990931037,1.000890391429787,0.209070965949818
4.193933743738782,0.0140449658762852,0.0408472990931037,1.0008855624133166,0.2079370746023785
4.195076272340607,-0.0137723326881002,0.0408472990931037,1.0008932327526243,0.209738131075547
4.195076272340607,0.0137723326881002,0.0408472990931037,1.000888368170471,0.2085958886237904
4.196211270694573,-0.0135014162039054,0.0408472990931037,1.000895261207399,0.2102144283363651
4.196211270694573,0.0135014162039054,0.0408472990931037,1.0008912586593255,0.2092745983200641
4.197338753258774,-0.0132322152845306,0.0408472990931037,1.0008980329931043,0.2108652655922593
4.197338753258774,0.0132322152845306,0.0408472990931037,1.0008938783532808,0.2098897232273898
4.19845873953397,-0.0129647275433221,0.0408472990931037,1.0009008245032884,0.2115207343121145
4.19845873953397,0.0129647275433221,0.0408472990931037,1.0008966082897734,0.210530733956384
4.199571229420028,-0.0126989530041951,0.0408472990931037,1.0009037132440777,0.2121990335488107
4.199571229420028,0.0126989530041951,0.0408472990931037,1.0008993614452215,0.2111771966802234
4.1995712294200285,-0.0126989530041951,0.0408472990931037,1.0009031256830565,0.2120610695633758
4.1995712294200285,0.0126989530041951,0.0408472990931037,1.0008991899114452,0.2111369191897293
4.200676243102207,-0.0124348891133339,0.0408472990931037,1.0009058559748951,0.2127021637304738
4.200676243102207,0.0124348891133339,0.0408472990931037,1.00090202272504,0.2118020862778318
4.20177379452154,-0.0121725347737936,0.0408472990931037,1.0009085005856124,0.2133231392909801
4.20177379452154,0.0121725347737936,0.0408472990931037,1.0009046524297915,0.2124195617994602
4.202863883579896,-0.0119118900090306,0.0408472990931037,1.0009111024983215,0.2139340890207317
4.202863883579896,0.0119118900090306,0.0408472990931037,1.0009070239335889,0.2129764096902079
4.203946525649655,-0.0116529533354979,0.0408472990931037,1.0009136427989829,0.2145305717532286
4.203946525649655,0.0116529533354979,0.0408472990931037,1.000909616621665,0.2135851934030971
4.205021743053801,-0.0113957215976174,0.0408472990931037,1.00091605190179,0.2150962481896059
4.205021743053801,0.0113957215976174,0.0408472990931037,1.0009120499647004,0.214156561637175
4.206089535696206,-0.0111401948183873,0.0408472990931037,1.0009183610926908,0.2156384645183698
4.206089535696206,0.0111401948183873,0.0408472990931037,1.0009143026008926,0.2146854984720219
4.207149924164741,-0.0108863702595774,0.0408472990931037,1.0009211007995364,0.2162817694036923
4.207149924164741,0.0108863702595774,0.0408472990931037,1.0009167028457366,0.2152490949884096
4.2082029152582985,-0.0106342483896389,0.0408472990931037,1.0009233186229547,0.2168025319232399
4.2082029152582985,0.0106342483896389,0.0408472990931037,1.000919007747894,0.215790304286183
4.209248508882734,-0.0103838292311133,0.0408472990931037,1.0009254641162295,0.2173063107517406
4.209248508882734,0.0103838292311133,0.0408472990931037,1.0009213168897668,0.2163325091027569
4.210286706804255,-0.0101351144659711,0.0408472990931037,1.000928235216817,0.2179569871365062
4.210286706804255,0.0101351144659711,0.0408472990931037,1.0009235896751525,0.2168661771279449
4.211317503704893,-0.0098881074780089,0.0408472990931037,1.0009303644243364,0.2184569419405373
4.211317503704893,0.0098881074780089,0.0408472990931037,1.0009258584899792,0.2173989128344064
4.212340899492489,-0.0096428082893107,0.0408472990931037,1.0009329576096917,0.2190658424184507
4.212340899492489,0.0096428082893107,0.0408472990931037,1.0009281360535798,0.2179337028223386
4.213356888019216,-0.0093992204353572,0.0408472990931037,1.0009351544690623,0.2195816824134352
4.213356888019216,0.0093992204353572,0.0408472990931037,1.000930438350108,0.2184743002977047
4.214365457231925,-0.0091573488548038,0.0408472990931037,1.000937300401742,0.2200855644176509
4.214365457231925,0.0091573488548038,0.0408472990931037,1.000932782384042,0.2190246980468513
4.215366607040442,-0.0089171935692755,0.0408472990931037,1.00093944695399,0.2205895919014896
4.215366607040442,0.0089171935692755,0.0408472990931037,1.0009351472789356,0.2195799941146853
4.21636032164459,-0.0086787604241959,0.0408472990931037,1.000941881606715,0.2211612676610887
4.21636032164459,0.0086787604241959,0.0408472990931037,1.0009375488324714,0.2201438979222869
4.2173465687343015,-0.0084420591868404,0.0408472990931037,1.0009440809793828,0.2216776977981616
4.2173465687343015,0.0084420591868404,0.0408472990931037,1.0009399456791717,0.2207066965275807
4.218325348221399,-0.0082070898783717,0.0408472990931037,1.0009463648235084,0.2222139625031477
4.218325348221399,0.0082070898783717,0.0408472990931037,1.0009423801691326,0.2212783340688967
4.21929662186304,-0.0079738636894927,0.0408472990931037,1.0009485923286152,0.2227369983599174
4.21929662186304,0.0079738636894927,0.0408472990931037,1.0009449046768069,0.2218711084828724
4.220260333747976,-0.0077423960507499,0.0408472990931037,1.0009508331858783,0.2232631694088233
4.220260333747976,0.0077423960507499,0.0408472990931037,1.0009472986673804,0.2224332364469836
4.221216483790041,-0.0075126869828381,0.0408472990931037,1.0009531610263371,0.2238097648016189
4.221216483790041,0.0075126869828381,0.0408472990931037,1.0009496906600142,0.2229948952789887
4.221216483790043,-0.0075126869828381,0.0408472990931037,1.000953117071759,0.2237994439182247
4.221216483790043,0.0075126869828381,0.0408472990931037,1.000949805011511,0.2230217459169995
4.222165009459747,-0.0072847534934948,0.0408472990931037,1.0009554597686527,0.2243495277197202
4.222165009459747,0.0072847534934948,0.0408472990931037,1.000952197004809,0.2235834049048968
4.223105825467663,-0.0070586180894293,0.0408472990931037,1.0009577573496748,0.2248890179569005
4.223105825467663,0.0070586180894293,0.0408472990931037,1.0009545664325277,0.224139765315974
4.224038931729675,-0.0068342807908597,0.0408472990931037,1.0009600978060895,0.2254385756761344
4.224038931729675,0.0068342807908597,0.0408472990931037,1.000956949585803,0.2246993485965665
4.2249642351208205,-0.0066117659825071,0.0408472990931037,1.0009624258958345,0.2259852296032414
4.2249642351208205,0.0066117659825071,0.0408472990931037,1.000959340205843,0.2252606851326628
4.225881616682258,-0.0063911042640819,0.0408472990931037,1.000964750997092,0.2265311818099075
4.225881616682258,-0.0063911042640818,0.0426614370491379,1.0009663921473273,0.2269165368947355
4.225881616682258,0.0063911042640818,0.0426614370491379,1.000964452287579,0.2264610424482689
4.225881616682258,0.0063911042640819,0.0408472990931037,1.0009616333011917,0.225799122098121
4.2267910763319705,-0.0061722956553126,0.0408472990931037,1.0009671372990236,0.2270915044199412
4.2267910763319705,0.0061722956553126,0.0408472990931037,1.0009639184633157,0.2263356962796261
4.226791076331972,-0.0061722956553126,0.0408472990931037,1.0009669351870811,0.2270440469336739
4.226791076331972,0.0061722956553126,0.0408472990931037,1.0009640168274432,0.2263587929565092
4.2276924854496185,-0.0059553731162779,0.0408472990931037,1.0009693349766922,0.2276075365577533
4.2276924854496185,0.0059553731162779,0.0408472990931037,1.0009662384667704,0.2268804514817208
4.228585685715815,-0.0057403767750831,0.0408472990931037,1.0009716621709115,0.22815398020839
4.228585685715815,0.0057403767750831,0.0408472990931037,1.000968363404852,0.2273794037879375
4.229470677050703,-0.0055273066509502,0.0408472990931037,1.000973771319699,0.2286492250630855
4.229470677050703,0.0055273066509502,0.0408472990931037,1.0009707204541598,0.2279328576499956
4.2294706770507045,-0.0055273066509502,0.0408472990931037,1.0009740183614586,0.2287072324266474
4.2294706770507045,0.0055273066509502,0.0408472990931037,1.0009704401271249,0.2278670346399598
4.230347288674239,-0.0053162058732956,0.0408472990931037,1.0009760906549094,0.2291938233562142
4.230347288674239,0.0053162058732956,0.0408472990931037,1.0009727609877863,0.2284119911210468
4.231215308000548,-0.0051071277227564,0.0408472990931037,1.000978342288532,0.2297225247797233
4.231215308000548,0.0051071277227564,0.0408472990931037,1.0009747139836604,0.2288705700339172
4.232074734952022,-0.0049000722180254,0.0408472990931037,1.000980416968563,0.2302096760972554
4.232074734952022,0.0049000722180254,0.0408472990931037,1.0009765691322228,0.2293061736223281
4.232925344431069,-0.0046950956167888,0.0408472990931037,1.0009826379236086,0.2307311739477417
4.232925344431069,0.0046950956167888,0.0408472990931037,1.0009788897632317,0.2298510761791309
4.2337668671768816,-0.0044922649594267,0.0408472990931037,1.0009848206598373,0.2312436977170313
4.2337668671768816,0.0044922649594267,0.0408472990931037,1.0009807659818932,0.2302916271938639
4.234599303114222,-0.0042915802640737,0.0408472990931037,1.00098678628391,0.2317052418310117
4.234599303114222,0.0042915802640737,0.0408472990931037,1.000983183355154,0.2308592455982682
4.234599303114223,-0.0042915802640737,0.0408472990931037,1.0009870277745585,0.2317619457495726
4.234599303114223,0.0042915802640737,0.0408472990931037,1.0009825413303852,0.2307084930931771
4.235422366979758,-0.0040931124242942,0.0408472990931037,1.0009890315898309,0.2322324574600544
4.235422366979758,0.0040931124242942,0.0408472990931037,1.0009849576106395,0.2312758548510255
4.236235722926756,-0.0038969446381132,0.0408472990931037,1.0009912102671703,0.232744028170031
4.236235722926756,0.0038969446381132,0.0408472990931037,1.0009867697752863,0.2317013654753295
4.237039370882495,-0.0037030769230696,0.0408472990931037,1.0009934040096635,0.2332591362974888
4.237039370882495,0.0037030769230696,0.0408472990931037,1.0009885122490962,0.232110512138687
4.237832953624581,-0.0035115975886338,0.0408472990931037,1.0009953139626218,0.233707608392448
4.237832953624581,0.0035115975886338,0.0408472990931037,1.0009910967247762,0.2327173675157679
4.238616054230016,-0.0033226095750522,0.0408472990931037,1.0009975213019626,0.2342259091675173
4.238616054230016,0.0033226095750522,0.0408472990931037,1.000992879677785,0.2331360190159062
4.239388672628787,-0.0031361128992217,0.0408472990931037,1.0009997087350604,0.234739535798908
4.239388672628787,0.0031361128992217,0.0408472990931037,1.0009946207077045,0.2335448266423658
4.24015037407055,-0.0029522148139466,0.0408472990931037,1.0010014531127944,0.2351491295187437
4.24015037407055,0.0029522148139466,0.0408472990931037,1.000997096202276,0.2341260923912979
4.2409006526067525,-0.0027710398214431,0.0408472990931037,1.001003536478547,0.2356383203125309
4.2409006526067525,0.0027710398214431,0.0408472990931037,1.0009990243546387,0.2345788378507378
4.241639508170312,-0.0025925879379094,0.0408472990931037,1.0010052908646885,0.2360502640857184
4.241639508170312,0.0025925879379094,0.0408472990931037,1.0010007524268811,0.2349846029118848
4.241639508170313,-0.0025925879379094,0.0408472990931037,1.0010055991850315,0.2361226601464059
4.241639508170313,0.0025925879379094,0.0408472990931037,1.001000951659598,0.2350313843331229
4.242366407465195,-0.0024169904019711,0.0408472990931037,1.0010072049097194,0.2364996970318856
4.242366407465195,0.0024169904019711,0.0408472990931037,1.001002901352176,0.2354891876058879
4.243080739588378,-0.0022443972917596,0.0408472990931037,1.0010091179817877,0.2369489015186175
4.243080739588378,0.0022443972917596,0.0408472990931037,1.0010049740848006,0.2359758816569462
4.243782504475989,-0.0020748086227057,0.0408472990931037,1.0010109721574605,0.2373842766649027
4.243782504475989,0.0020748086227057,0.0408472990931037,1.0010064001714023,0.2363107380958302
4.243782504475991,-0.0020748086227057,0.0408472990931037,1.0010110379133714,0.2373997166740458
4.243782504475991,0.0020748086227057,0.0408472990931037,1.0010070606972072,0.2364658347908426
4.244471067427873,-0.0019083803000266,0.0408472990931037,1.0010126581992356,0.2377801726391406
4.244471067427873,0.0019083803000266,0.0408472990931037,1.0010085448614088,0.2368143283105047
4.245145732955282,-0.0017452830510929,0.0408472990931037,1.0010143118043768,0.2381684522346278
4.245145732955282,0.0017452830510929,0.0408472990931037,1.0010105998508925,0.2372968561314146
4.245806500997899,-0.0015855168904866,0.0408472990931037,1.0010160188980042,0.2385692913506571
4.245806500997899,0.0015855168904866,0.0408472990931037,1.001012686202303,0.2377867479813545
4.2458065009979,-0.0015855168904866,0.0408472990931037,1.0010163272376562,0.2386416919451985
4.2458065009979,0.0015855168904866,0.0408472990931037,1.001012144488435,0.2376595492709231
4.246452656768292,-0.0014292572610214,0.0408472990931037,1.0010178849091165,0.2390074455518576
4.246452656768292,0.0014292572610214,0.0408472990931037,1.0010141290756782,0.238125546087681
4.247083456256282,-0.0012766868507864,0.0408472990931037,1.001019275475325,0.2393339615208741
4.247083456256282,0.0012766868507864,0.0408472990931037,1.001016059471208,0.2385788182605109
4.247698899405472,-0.0011278056734225,0.0408472990931037,1.0010206207091226,0.2396498330803433
4.247698899405472,0.0011278056734225,0.0408472990931037,1.0010180635135482,0.2390493832882882
4.2476988994054725,-0.0011278056734225,0.0408472990931037,1.0010205747409897,0.239639039398354
4.2476988994054725,0.0011278056734225,0.0408472990931037,1.0010176676398002,0.2389564289941197
4.248298251099407,-0.0009827942544592,0.0408472990931037,1.00102212673327,0.2400034594885782
4.248298251099407,0.0009827942544592,0.0408472990931037,1.0010197910064431,0.2394550123141114
4.248880660488449,-0.0008418612700491,0.0408472990931037,1.0010232905053362,0.2402767223950942
4.248880660488449,0.0008418612700491,0.0408472990931037,1.0010216551180593,0.2398927204985664
4.249446127520523,-0.0007050067327926,0.0408472990931037,1.0010239547869495,0.2404327009837276
4.249446127520523,0.0007050067327926,0.0408472990931037,1.0010232392820064,0.2402646947512039
4.24999386414356,-0.0005724240599576,0.0408472990931037,1.0010253186669922,0.240752950829384
4.24999386414356,0.0005724240599576,0.0408472990931037,1.0010249779261922,0.2406729421884476
4.250520577597845,-0.0004449134048341,0.0408472990931037,1.001026487527255,0.2410274084847802
4.250520577597845,0.0004449134048341,0.0408472990931037,1.001026364758204,0.2409985813384185
4.251026267836286,-0.0003224747788225,0.0408472990931037,1.001018146823753,0.2390689451847696
4.251026267836286,0.0003224747788225,0.0408472990931037,1.0010168320861306,0.2387602343689701
4.251487689640477,-0.0002107549026516,0.0445411355740982,1.001037894534916,0.2437058643082781
4.251487689640477,-0.0002107522663748,0.0408472990931037,1.0010339342199692,0.2427759509648782
4.251487689640477,-0.0002107469938219,0.0426614370491379,1.0010379699704115,0.2437235771606374
4.251487689640477,-0.0002107390849919,0.0426614370491379,1.0010386836555374,0.2438911560856078
4.251487689640477,0.0002107469938219,0.0408472990931037,1.0010338339233749,0.2427524005294591
4.2519315102180855,-0.0001032751697525,0.0408472990931037,1.0010309108609352,0.2420660422971748
4.2519315102180855,-0.0001032698971988,0.0445411355740982,1.0010347258831558,0.2429618397566884
4.2519315102180855,-0.0001032593520927,0.0426614370491379,1.001034847028358,0.2429902856104717
4.2519315102180855,-0.0001032435344323,0.0426614370491379,1.0010343465271274,0.2428727639540285
4.2519315102180855,0.0001032435344323,0.0408472990931037,1.0010296320205443,0.2417657604358718
4.252357729529429,-4.3498564744074343e-08,0.0408472990931037,1.0010113737702873,0.2374785785402602
4.252357729529429,-3.558973469418453e-08,0.0426614370491379,1.0010137741383742,0.2380422039950746
4.252357729529429,-3.55897346941659e-08,0.0408472990931037,1.001010693218437,0.2373187795710184
4.252357729529429,-1.977207424085268e-08,0.0445411355740982,1.0010143482291665,0.2381770050639761
4.252357729529429,3.558973469416693e-08,0.0426614370491379,1.0010130316519743,0.2378678623025982
