/*--------------------------------*- C++ -*----------------------------------*\
  =========                 |
  \\      /  F ield         | OpenFOAM: The Open Source CFD Toolbox
   \\    /   O peration     | Website:  https://openfoam.org
    \\  /    A nd           | Version:  8
     \\/     M anipulation  |
\*---------------------------------------------------------------------------*/
FoamFile
{
    version     2.0;
    format      ascii;
    class       volScalarField;
    location    "constant";
    object      Cx;
}
// * * * * * * * * * * * * * * * * * * * * * * * * * * * * * * * * * * * * * //

dimensions      [0 1 0 0 0 0 0];

internalField   nonuniform List<scalar> 
15600
(
0.0400331
0.120089
0.199839
0.278077
0.352741
0.422714
0.488708
0.551974
0.613603
0.674523
0.735552
0.797145
0.859328
0.921993
0.985026
1.04831
1.11179
1.17562
1.24014
1.30575
1.37286
1.44189
1.51311
1.58657
1.6621
1.73946
1.81823
1.8979
1.97792
2.05798
2.13805
2.21811
2.29818
2.37825
2.45831
2.53838
2.61845
2.69851
2.77858
2.85864
2.93871
3.01878
3.09884
3.17891
3.25897
3.33904
3.41911
3.49917
3.57924
3.65931
3.73937
3.81944
3.8995
3.97957
4.05964
4.1397
4.21977
4.29983
4.3799
4.45997
4.54003
4.6201
4.70017
4.78023
4.8603
4.94036
5.02043
5.1005
5.18056
5.26063
5.34069
5.42076
5.50083
5.58089
5.66096
5.74103
5.82109
5.90116
5.98122
6.06129
6.14136
6.22142
6.30149
6.38155
6.46162
6.54169
6.62175
6.70182
6.78189
6.86195
6.94202
7.02208
7.1021
7.18177
7.26054
7.3379
7.41343
7.48689
7.55811
7.62714
7.69425
7.75986
7.82438
7.88821
7.95169
8.01497
8.07801
8.14067
8.20285
8.26445
8.32548
8.3864
8.44803
8.51129
8.57729
8.64726
8.72192
8.80016
8.87991
8.95997
0.040023
0.120058
0.19979
0.278015
0.352681
0.422674
0.488704
0.552017
0.613699
0.674676
0.73576
0.797407
0.859641
0.922355
0.985436
1.04877
1.11229
1.17617
1.24073
1.30638
1.37352
1.44257
1.51381
1.58727
1.6628
1.74015
1.81891
1.89856
1.97855
2.0586
2.13864
2.21869
2.29874
2.37878
2.45883
2.53887
2.61892
2.69897
2.77901
2.85906
2.9391
3.01915
3.0992
3.17924
3.25929
3.33933
3.41938
3.49943
3.57947
3.65952
3.73956
3.81961
3.89966
3.9797
4.05975
4.13979
4.21984
4.29989
4.37993
4.45998
4.54002
4.62007
4.70011
4.78016
4.86021
4.94025
5.0203
5.10034
5.18039
5.26044
5.34048
5.42053
5.50057
5.58062
5.66067
5.74071
5.82076
5.9008
5.98085
6.0609
6.14094
6.22099
6.30103
6.38108
6.46113
6.54117
6.62122
6.70126
6.78131
6.86136
6.9414
7.02145
7.10144
7.18109
7.25985
7.3372
7.41273
7.48619
7.55743
7.62648
7.69362
7.75927
7.82383
7.88771
7.95123
8.01456
8.07765
8.14036
8.20259
8.26424
8.32532
8.3863
8.44798
8.5113
8.57733
8.64732
8.72199
8.80021
8.87994
8.95998
0.0400125
0.120027
0.199739
0.277951
0.352618
0.422633
0.4887
0.552062
0.613799
0.674834
0.735976
0.797678
0.859966
0.92273
0.98586
1.04924
1.11282
1.17673
1.24134
1.30703
1.3742
1.44328
1.51453
1.588
1.66353
1.74086
1.81961
1.89924
1.97921
2.05924
2.13926
2.21929
2.29931
2.37934
2.45936
2.53939
2.61941
2.69944
2.77946
2.85949
2.93951
3.01954
3.09956
3.17959
3.25961
3.33964
3.41966
3.49969
3.57971
3.65974
3.73976
3.81979
3.89981
3.97984
4.05986
4.13989
4.21991
4.29994
4.37996
4.45999
4.54001
4.62004
4.70006
4.78009
4.86011
4.94014
5.02016
5.10019
5.18021
5.26024
5.34026
5.42029
5.50031
5.58034
5.66036
5.74039
5.82041
5.90044
5.98046
6.06049
6.14051
6.22054
6.30056
6.38059
6.46061
6.54064
6.62066
6.70069
6.78071
6.86074
6.94076
7.02079
7.10076
7.18039
7.25914
7.33647
7.412
7.48547
7.55672
7.6258
7.69297
7.75866
7.82327
7.88718
7.95076
8.01414
8.07727
8.14003
8.20232
8.26402
8.32517
8.3862
8.44794
8.5113
8.57737
8.64738
8.72205
8.80026
8.87997
8.95999
0.0400016
0.119995
0.199687
0.277885
0.352554
0.42259
0.488696
0.552108
0.613903
0.674998
0.7362
0.79796
0.860302
0.923119
0.986301
1.04973
1.11336
1.17732
1.24197
1.3077
1.37491
1.44401
1.51528
1.58875
1.66428
1.74161
1.82033
1.89994
1.9799
2.0599
2.1399
2.21991
2.29991
2.37991
2.45992
2.53992
2.61992
2.69993
2.77993
2.85993
2.93994
3.01994
3.09994
3.17995
3.25995
3.33995
3.41996
3.49996
3.57996
3.65997
3.73997
3.81997
3.89998
3.97998
4.05998
4.13999
4.21999
4.29999
4.38
4.46
4.54
4.62
4.70001
4.78001
4.86001
4.94002
5.02002
5.10002
5.18003
5.26003
5.34003
5.42004
5.50004
5.58004
5.66005
5.74005
5.82005
5.90006
5.98006
6.06006
6.14007
6.22007
6.30007
6.38008
6.46008
6.54008
6.62009
6.70009
6.78009
6.8601
6.9401
7.0201
7.10006
7.17967
7.25839
7.33572
7.41125
7.48472
7.55599
7.62509
7.6923
7.75803
7.82268
7.88664
7.95027
8.0137
8.07688
8.1397
8.20204
8.2638
8.325
8.3861
8.44789
8.5113
8.57741
8.64745
8.72212
8.80031
8.88001
8.96
0.0399904
0.119961
0.199632
0.277816
0.352487
0.422546
0.488692
0.552156
0.61401
0.675168
0.736432
0.798251
0.86065
0.923522
0.986757
1.05024
1.11391
1.17793
1.24263
1.3084
1.37564
1.44477
1.51606
1.58953
1.66506
1.74237
1.82109
1.90067
1.98061
2.06059
2.14057
2.22055
2.30053
2.38051
2.46049
2.54047
2.62045
2.70043
2.78041
2.86039
2.94038
3.02036
3.10034
3.18032
3.2603
3.34028
3.42026
3.50024
3.58022
3.6602
3.74018
3.82016
3.90014
3.98013
4.06011
4.14009
4.22007
4.30005
4.38003
4.46001
4.53999
4.61997
4.69995
4.77993
4.85991
4.93989
5.01987
5.09986
5.17984
5.25982
5.3398
5.41978
5.49976
5.57974
5.65972
5.7397
5.81968
5.89966
5.97964
6.05962
6.13961
6.21959
6.29957
6.37955
6.45953
6.53951
6.61949
6.69947
6.77945
6.85943
6.93941
7.01939
7.09933
7.17891
7.25763
7.33494
7.41047
7.48394
7.55523
7.62436
7.6916
7.75737
7.82207
7.88609
7.94976
8.01324
8.07648
8.13935
8.20175
8.26357
8.32483
8.38599
8.44784
8.51131
8.57745
8.64751
8.72218
8.80037
8.88004
8.96001
0.0399787
0.119926
0.199576
0.277745
0.352418
0.4225
0.488688
0.552206
0.614122
0.675344
0.736672
0.798554
0.861011
0.92394
0.98723
1.05077
1.11449
1.17856
1.24331
1.30912
1.3764
1.44556
1.51686
1.59034
1.66587
1.74317
1.82187
1.90143
1.98134
2.0613
2.14126
2.22121
2.30117
2.38113
2.46109
2.54104
2.621
2.70096
2.78092
2.86087
2.94083
3.02079
3.10075
3.1807
3.26066
3.34062
3.42058
3.50053
3.58049
3.66045
3.7404
3.82036
3.90032
3.98028
4.06023
4.14019
4.22015
4.30011
4.38006
4.46002
4.53998
4.61994
4.69989
4.77985
4.85981
4.93977
5.01972
5.09968
5.17964
5.2596
5.33955
5.41951
5.49947
5.57942
5.65938
5.73934
5.8193
5.89925
5.97921
6.05917
6.13913
6.21908
6.29904
6.379
6.45896
6.53891
6.61887
6.69883
6.77879
6.85874
6.9387
7.01866
7.09857
7.17813
7.25683
7.33413
7.40966
7.48314
7.55444
7.6236
7.69088
7.75669
7.82144
7.88551
7.94923
8.01277
8.07606
8.13899
8.20145
8.26333
8.32466
8.38588
8.44779
8.51131
8.5775
8.64758
8.72226
8.80042
8.88007
8.96002
0.0399666
0.11989
0.199517
0.277671
0.352346
0.422452
0.488683
0.552258
0.614237
0.675527
0.736921
0.798867
0.861386
0.924374
0.987721
1.05131
1.1151
1.17922
1.24401
1.30987
1.37719
1.44637
1.51769
1.59119
1.66671
1.744
1.82268
1.90222
1.9821
2.06204
2.14197
2.2219
2.30184
2.38177
2.4617
2.54164
2.62157
2.7015
2.78144
2.86137
2.9413
3.02124
3.10117
3.1811
3.26104
3.34097
3.4209
3.50084
3.58077
3.6607
3.74063
3.82057
3.9005
3.98043
4.06037
4.1403
4.22023
4.30017
4.3801
4.46003
4.53997
4.6199
4.69983
4.77977
4.8597
4.93963
5.01957
5.0995
5.17943
5.25937
5.3393
5.41923
5.49916
5.5791
5.65903
5.73896
5.8189
5.89883
5.97876
6.0587
6.13863
6.21856
6.2985
6.37843
6.45836
6.5383
6.61823
6.69816
6.7781
6.85803
6.93796
7.0179
7.09778
7.17732
7.256
7.33329
7.40881
7.48231
7.55363
7.62281
7.69013
7.75599
7.82078
7.8849
7.94869
8.01228
8.07563
8.13861
8.20113
8.26308
8.32447
8.38576
8.44774
8.51132
8.57755
8.64765
8.72233
8.80048
8.88011
8.96003
0.0399541
0.119852
0.199456
0.277595
0.352272
0.422403
0.488678
0.552311
0.614357
0.675716
0.73718
0.799192
0.861774
0.924823
0.988229
1.05188
1.11572
1.17989
1.24474
1.31065
1.378
1.44722
1.51856
1.59206
1.66758
1.74486
1.82351
1.90303
1.98289
2.0628
2.14271
2.22262
2.30253
2.38244
2.46234
2.54225
2.62216
2.70207
2.78198
2.86188
2.94179
3.0217
3.10161
3.18152
3.26142
3.34133
3.42124
3.50115
3.58106
3.66096
3.74087
3.82078
3.90069
3.9806
4.06051
4.14041
4.22032
4.30023
4.38014
4.46005
4.53995
4.61986
4.69977
4.77968
4.85959
4.93949
5.0194
5.09931
5.17922
5.25913
5.33904
5.41894
5.49885
5.57876
5.65867
5.73858
5.81848
5.89839
5.9783
6.05821
6.13812
6.21802
6.29793
6.37784
6.45775
6.53766
6.61756
6.69747
6.77738
6.85729
6.9372
7.01711
7.09697
7.17649
7.25514
7.33242
7.40794
7.48144
7.55278
7.622
7.68935
7.75526
7.82011
7.88428
7.94812
8.01177
8.07518
8.13823
8.20081
8.26282
8.32428
8.38564
8.44769
8.51132
8.5776
8.64773
8.72241
8.80054
8.88015
8.96005
0.0399411
0.119813
0.199393
0.277515
0.352194
0.422352
0.488674
0.552366
0.614481
0.675912
0.737448
0.799528
0.862177
0.925289
0.988756
1.05247
1.11637
1.1806
1.2455
1.31145
1.37885
1.44809
1.51945
1.59296
1.66848
1.74575
1.82438
1.90388
1.98371
2.0636
2.14348
2.22336
2.30324
2.38312
2.46301
2.54289
2.62277
2.70265
2.78253
2.86242
2.9423
3.02218
3.10206
3.18195
3.26183
3.34171
3.42159
3.50147
3.58136
3.66124
3.74112
3.821
3.90088
3.98077
4.06065
4.14053
4.22041
4.30029
4.38018
4.46006
4.53994
4.61982
4.69971
4.77959
4.85947
4.93935
5.01923
5.09912
5.179
5.25888
5.33876
5.41864
5.49853
5.57841
5.65829
5.73817
5.81805
5.89794
5.97782
6.0577
6.13758
6.21747
6.29735
6.37723
6.45711
6.53699
6.61688
6.69676
6.77664
6.85652
6.9364
7.01629
7.09612
7.17562
7.25425
7.33152
7.40704
7.48055
7.55191
7.62115
7.68855
7.7545
7.8194
7.88363
7.94753
8.01124
8.07471
8.13782
8.20047
8.26255
8.32409
8.38552
8.44763
8.51133
8.57765
8.64781
8.72248
8.80061
8.88019
8.96006
0.0399276
0.119773
0.199328
0.277433
0.352114
0.422299
0.488668
0.552424
0.614609
0.676116
0.737726
0.799877
0.862594
0.925771
0.989303
1.05308
1.11704
1.18133
1.24629
1.31229
1.37973
1.449
1.52038
1.5939
1.66941
1.74667
1.82528
1.90476
1.98456
2.06442
2.14427
2.22413
2.30398
2.38384
2.46369
2.54355
2.6234
2.70326
2.78311
2.86297
2.94282
3.02268
3.10254
3.18239
3.26225
3.3421
3.42196
3.50181
3.58167
3.66152
3.74138
3.82123
3.90109
3.98094
4.0608
4.14065
4.22051
4.30036
4.38022
4.46007
4.53993
4.61978
4.69964
4.77949
4.85935
4.9392
5.01906
5.09891
5.17877
5.25862
5.33848
5.41833
5.49819
5.57804
5.6579
5.73775
5.81761
5.89746
5.97732
6.05718
6.13703
6.21689
6.29674
6.3766
6.45645
6.53631
6.61616
6.69602
6.77587
6.85573
6.93558
7.01544
7.09524
7.17472
7.25333
7.33059
7.4061
7.47962
7.551
7.62027
7.68771
7.75371
7.81867
7.88296
7.94692
8.0107
8.07423
8.13741
8.20012
8.26227
8.32388
8.38539
8.44758
8.51133
8.5777
8.64789
8.72257
8.80067
8.88023
8.96007
0.0399136
0.119731
0.19926
0.277348
0.352031
0.422244
0.488663
0.552483
0.614743
0.676326
0.738013
0.800239
0.863026
0.926272
0.989869
1.05371
1.11773
1.18208
1.2471
1.31315
1.38063
1.44994
1.52135
1.59487
1.67038
1.74762
1.82622
1.90566
1.98544
2.06527
2.1451
2.22492
2.30475
2.38458
2.46441
2.54423
2.62406
2.70389
2.78372
2.86354
2.94337
3.0232
3.10302
3.18285
3.26268
3.34251
3.42233
3.50216
3.58199
3.66181
3.74164
3.82147
3.9013
3.98112
4.06095
4.14078
4.2206
4.30043
4.38026
4.46009
4.53991
4.61974
4.69957
4.7794
4.85922
4.93905
5.01888
5.0987
5.17853
5.25836
5.33819
5.41801
5.49784
5.57767
5.65749
5.73732
5.81715
5.89698
5.9768
6.05663
6.13646
6.21628
6.29611
6.37594
6.45577
6.53559
6.61542
6.69525
6.77508
6.8549
6.93473
7.01456
7.09434
7.17378
7.25238
7.32962
7.40513
7.47865
7.55006
7.61937
7.68685
7.7529
7.81792
7.88227
7.94629
8.01013
8.07373
8.13697
8.19976
8.26199
8.32367
8.38526
8.44752
8.51134
8.57776
8.64797
8.72265
8.80074
8.88027
8.96009
0.0398991
0.119688
0.19919
0.27726
0.351945
0.422187
0.488658
0.552545
0.614881
0.676545
0.738312
0.800614
0.863474
0.926791
0.990456
1.05436
1.11845
1.18287
1.24794
1.31405
1.38158
1.45092
1.52234
1.59588
1.67138
1.74861
1.82719
1.9066
1.98636
2.06615
2.14595
2.22575
2.30555
2.38535
2.46515
2.54494
2.62474
2.70454
2.78434
2.86414
2.94393
3.02373
3.10353
3.18333
3.26313
3.34293
3.42272
3.50252
3.58232
3.66212
3.74192
3.82172
3.90151
3.98131
4.06111
4.14091
4.22071
4.3005
4.3803
4.4601
4.5399
4.6197
4.6995
4.77929
4.85909
4.93889
5.01869
5.09849
5.17828
5.25808
5.33788
5.41768
5.49748
5.57728
5.65707
5.73687
5.81667
5.89647
5.97627
6.05607
6.13586
6.21566
6.29546
6.37526
6.45506
6.53485
6.61465
6.69445
6.77425
6.85405
6.93385
7.01364
7.0934
7.17281
7.25139
7.32862
7.40412
7.47766
7.54908
7.61842
7.68595
7.75206
7.81713
7.88155
7.94564
8.00954
8.07321
8.13653
8.19939
8.26169
8.32345
8.38512
8.44745
8.51134
8.57781
8.64805
8.72274
8.80081
8.88031
8.9601
0.0398841
0.119643
0.199117
0.277168
0.351856
0.422128
0.488652
0.552609
0.615024
0.676772
0.738621
0.801003
0.863939
0.927328
0.991065
1.05504
1.1192
1.18368
1.24882
1.31498
1.38255
1.45193
1.52338
1.59692
1.67242
1.74964
1.82819
1.90758
1.9873
2.06707
2.14684
2.22661
2.30637
2.38614
2.46591
2.54568
2.62545
2.70522
2.78498
2.86475
2.94452
3.02429
3.10406
3.18382
3.26359
3.34336
3.42313
3.5029
3.58267
3.66243
3.7422
3.82197
3.90174
3.98151
4.06127
4.14104
4.22081
4.30058
4.38035
4.46012
4.53988
4.61965
4.69942
4.77919
4.85896
4.93873
5.01849
5.09826
5.17803
5.2578
5.33757
5.41733
5.4971
5.57687
5.65664
5.73641
5.81618
5.89594
5.97571
6.05548
6.13525
6.21502
6.29478
6.37455
6.45432
6.53409
6.61386
6.69363
6.77339
6.85316
6.93293
7.0127
7.09242
7.17181
7.25036
7.32758
7.40308
7.47662
7.54807
7.61745
7.68502
7.75118
7.81632
7.8808
7.94496
8.00894
8.07267
8.13606
8.199
8.26138
8.32323
8.38498
8.44739
8.51135
8.57787
8.64814
8.72283
8.80088
8.88036
8.96012
0.0398685
0.119596
0.199042
0.277073
0.351764
0.422066
0.488646
0.552675
0.615173
0.677007
0.738942
0.801406
0.864421
0.927886
0.991696
1.05574
1.11997
1.18452
1.24972
1.31594
1.38357
1.45298
1.52445
1.598
1.6735
1.7507
1.82923
1.90859
1.98828
2.06802
2.14776
2.22749
2.30723
2.38697
2.46671
2.54644
2.62618
2.70592
2.78565
2.86539
2.94513
3.02486
3.1046
3.18434
3.26408
3.34381
3.42355
3.50329
3.58302
3.66276
3.7425
3.82224
3.90197
3.98171
4.06145
4.14118
4.22092
4.30066
4.38039
4.46013
4.53987
4.61961
4.69934
4.77908
4.85882
4.93855
5.01829
5.09803
5.17776
5.2575
5.33724
5.41698
5.49671
5.57645
5.65619
5.73592
5.81566
5.8954
5.97514
6.05487
6.13461
6.21435
6.29408
6.37382
6.45356
6.53329
6.61303
6.69277
6.77251
6.85224
6.93198
7.01172
7.09141
7.17077
7.2493
7.3265
7.402
7.47555
7.54702
7.61643
7.68406
7.75028
7.81548
7.88003
7.94426
8.0083
8.07211
8.13558
8.19859
8.26106
8.32299
8.38483
8.44732
8.51135
8.57793
8.64824
8.72293
8.80096
8.8804
8.96013
0.0398524
0.119548
0.198963
0.276975
0.351668
0.422003
0.48864
0.552744
0.615326
0.67725
0.739274
0.801824
0.86492
0.928464
0.99235
1.05647
1.12077
1.1854
1.25066
1.31694
1.38462
1.45407
1.52556
1.59912
1.67462
1.7518
1.83031
1.90964
1.9893
2.069
2.14871
2.22841
2.30812
2.38782
2.46753
2.54723
2.62694
2.70664
2.78635
2.86605
2.94576
3.02546
3.10517
3.18487
3.26458
3.34428
3.42399
3.50369
3.58339
3.6631
3.7428
3.82251
3.90221
3.98192
4.06162
4.14133
4.22103
4.30074
4.38044
4.46015
4.53985
4.61956
4.69926
4.77897
4.85867
4.93838
5.01808
5.09779
5.17749
5.2572
5.3369
5.41661
5.49631
5.57601
5.65572
5.73542
5.81513
5.89483
5.97454
6.05424
6.13395
6.21365
6.29336
6.37306
6.45277
6.53247
6.61218
6.69188
6.77159
6.85129
6.931
7.0107
7.09036
7.16969
7.2482
7.32538
7.40088
7.47444
7.54593
7.61538
7.68306
7.74934
7.8146
7.87923
7.94353
8.00765
8.07154
8.13508
8.19818
8.26073
8.32275
8.38467
8.44726
8.51136
8.578
8.64833
8.72303
8.80104
8.88045
8.96015
0.0398357
0.119498
0.198882
0.276873
0.351569
0.421937
0.488634
0.552815
0.615486
0.677503
0.739619
0.802257
0.865438
0.929063
0.993028
1.05723
1.1216
1.1863
1.25164
1.31798
1.3857
1.4552
1.52671
1.60028
1.67578
1.75295
1.83143
1.91073
1.99035
2.07002
2.1497
2.22937
2.30904
2.38871
2.46838
2.54805
2.62772
2.7074
2.78707
2.86674
2.94641
3.02608
3.10575
3.18542
3.26509
3.34477
3.42444
3.50411
3.58378
3.66345
3.74312
3.82279
3.90247
3.98214
4.06181
4.14148
4.22115
4.30082
4.38049
4.46016
4.53984
4.61951
4.69918
4.77885
4.85852
4.93819
5.01786
5.09753
5.17721
5.25688
5.33655
5.41622
5.49589
5.57556
5.65523
5.73491
5.81458
5.89425
5.97392
6.05359
6.13326
6.21293
6.2926
6.37228
6.45195
6.53162
6.61129
6.69096
6.77063
6.8503
6.92998
7.00965
7.08927
7.16857
7.24705
7.32422
7.39972
7.47329
7.5448
7.6143
7.68202
7.74836
7.8137
7.8784
7.94277
8.00697
8.07094
8.13456
8.19774
8.26038
8.3225
8.38451
8.44718
8.51137
8.57806
8.64843
8.72313
8.80112
8.8805
8.96016
0.0398183
0.119446
0.198798
0.276767
0.351466
0.421869
0.488628
0.552889
0.615651
0.677764
0.739976
0.802706
0.865975
0.929684
0.993731
1.05801
1.12247
1.18724
1.25265
1.31905
1.38683
1.45637
1.52791
1.60149
1.67698
1.75413
1.83259
1.91185
1.99145
2.07108
2.15072
2.23036
2.30999
2.38963
2.46927
2.5489
2.62854
2.70818
2.78781
2.86745
2.94709
3.02672
3.10636
3.186
3.26563
3.34527
3.42491
3.50454
3.58418
3.66382
3.74345
3.82309
3.90273
3.98236
4.062
4.14164
4.22127
4.30091
4.38055
4.46018
4.53982
4.61945
4.69909
4.77873
4.85836
4.938
5.01764
5.09727
5.17691
5.25655
5.33618
5.41582
5.49546
5.57509
5.65473
5.73437
5.814
5.89364
5.97328
6.05291
6.13255
6.21219
6.29182
6.37146
6.4511
6.53073
6.61037
6.69001
6.76964
6.84928
6.92892
7.00855
7.08815
7.16741
7.24587
7.32302
7.39851
7.47209
7.54363
7.61317
7.68095
7.74735
7.81276
7.87753
7.94199
8.00627
8.07032
8.13403
8.19729
8.26002
8.32224
8.38435
8.44711
8.51137
8.57813
8.64853
8.72323
8.8012
8.88055
8.96018
0.0398003
0.119393
0.198711
0.276658
0.351359
0.421798
0.488621
0.552966
0.615823
0.678036
0.740347
0.803171
0.866531
0.930328
0.99446
1.05882
1.12336
1.18821
1.2537
1.32017
1.388
1.45758
1.52915
1.60274
1.67822
1.75536
1.83379
1.91302
1.99258
2.07218
2.15178
2.23138
2.31098
2.39058
2.47018
2.54978
2.62938
2.70898
2.78859
2.86819
2.94779
3.02739
3.10699
3.18659
3.26619
3.34579
3.42539
3.50499
3.58459
3.66419
3.74379
3.82339
3.90299
3.9826
4.0622
4.1418
4.2214
4.301
4.3806
4.4602
4.5398
4.6194
4.699
4.7786
4.8582
4.9378
5.0174
5.09701
5.17661
5.25621
5.33581
5.41541
5.49501
5.57461
5.65421
5.73381
5.81341
5.89301
5.97261
6.05221
6.13181
6.21141
6.29102
6.37062
6.45022
6.52982
6.60942
6.68902
6.76862
6.84822
6.92782
7.00742
7.08698
7.16621
7.24464
7.32178
7.39726
7.47085
7.54242
7.612
7.67983
7.7463
7.81179
7.87664
7.94118
8.00554
8.06967
8.13347
8.19683
8.25965
8.32196
8.38418
8.44703
8.51138
8.5782
8.64864
8.72334
8.80129
8.88061
8.9602
0.0397817
0.119337
0.198621
0.276544
0.351249
0.421725
0.488614
0.553045
0.616001
0.678317
0.740731
0.803654
0.867107
0.930995
0.995215
1.05966
1.12429
1.18922
1.25478
1.32132
1.38921
1.45883
1.53043
1.60403
1.67951
1.75663
1.83503
1.91423
1.99375
2.07332
2.15288
2.23244
2.31201
2.39157
2.47113
2.5507
2.63026
2.70982
2.78939
2.86895
2.94851
3.02808
3.10764
3.1872
3.26677
3.34633
3.42589
3.50546
3.58502
3.66458
3.74415
3.82371
3.90327
3.98284
4.0624
4.14196
4.22153
4.30109
4.38065
4.46022
4.53978
4.61935
4.69891
4.77847
4.85804
4.9376
5.01716
5.09673
5.17629
5.25585
5.33542
5.41498
5.49454
5.57411
5.65367
5.73323
5.8128
5.89236
5.97192
6.05149
6.13105
6.21061
6.29018
6.36974
6.4493
6.52887
6.60843
6.68799
6.76756
6.84712
6.92668
7.00625
7.08577
7.16497
7.24337
7.32049
7.39597
7.46957
7.54117
7.61079
7.67868
7.74522
7.81078
7.87571
7.94034
8.00479
8.06901
8.13289
8.19635
8.25927
8.32168
8.384
8.44695
8.51139
8.57828
8.64875
8.72346
8.80138
8.88066
8.96022
0.0397624
0.119279
0.198527
0.276426
0.351134
0.421649
0.488607
0.553128
0.616185
0.678608
0.741129
0.804154
0.867705
0.931687
0.995998
1.06054
1.12525
1.19026
1.25591
1.32252
1.39047
1.46013
1.53176
1.60538
1.68085
1.75795
1.83632
1.91549
1.99497
2.07449
2.15402
2.23354
2.31307
2.39259
2.47212
2.55164
2.63117
2.71069
2.79022
2.86974
2.94927
3.02879
3.10832
3.18784
3.26737
3.34689
3.42642
3.50594
3.58546
3.66499
3.74451
3.82404
3.90356
3.98309
4.06261
4.14214
4.22166
4.30119
4.38071
4.46024
4.53976
4.61929
4.69881
4.77834
4.85786
4.93739
5.01691
5.09644
5.17596
5.25549
5.33501
5.41454
5.49406
5.57358
5.65311
5.73263
5.81216
5.89168
5.97121
6.05073
6.13026
6.20978
6.28931
6.36883
6.44836
6.52788
6.60741
6.68693
6.76646
6.84598
6.92551
7.00503
7.08451
7.16368
7.24205
7.31915
7.39462
7.46824
7.53987
7.60953
7.67748
7.74409
7.80974
7.87475
7.93946
8.004
8.06831
8.13229
8.19585
8.25887
8.32139
8.38382
8.44687
8.51139
8.57835
8.64887
8.72357
8.80147
8.88072
8.96024
0.0397424
0.119219
0.19843
0.276304
0.351015
0.42157
0.488599
0.553213
0.616376
0.678911
0.741541
0.804672
0.868325
0.932404
0.996809
1.06144
1.12624
1.19135
1.25707
1.32376
1.39177
1.46148
1.53314
1.60677
1.68224
1.75932
1.83766
1.91679
1.99623
2.07572
2.1552
2.23468
2.31417
2.39365
2.47314
2.55262
2.63211
2.71159
2.79108
2.87056
2.95005
3.02953
3.10902
3.1885
3.26799
3.34747
3.42696
3.50644
3.58593
3.66541
3.74489
3.82438
3.90386
3.98335
4.06283
4.14232
4.2218
4.30129
4.38077
4.46026
4.53974
4.61923
4.69871
4.7782
4.85768
4.93717
5.01665
5.09614
5.17562
5.25511
5.33459
5.41407
5.49356
5.57304
5.65253
5.73201
5.8115
5.89098
5.97047
6.04995
6.12944
6.20892
6.28841
6.36789
6.44738
6.52686
6.60635
6.68583
6.76532
6.8448
6.92428
7.00377
7.08321
7.16234
7.24068
7.31776
7.39323
7.46686
7.53852
7.60823
7.67624
7.74293
7.80865
7.87376
7.93856
8.00319
8.0676
8.13168
8.19533
8.25846
8.32109
8.38362
8.44679
8.5114
8.57843
8.64899
8.7237
8.80157
8.88078
8.96026
0.0397216
0.119157
0.19833
0.276178
0.350892
0.421488
0.488592
0.553301
0.616574
0.679224
0.741969
0.80521
0.868967
0.933147
0.997651
1.06238
1.12727
1.19247
1.25828
1.32504
1.39312
1.46288
1.53457
1.60821
1.68368
1.76074
1.83905
1.91814
1.99754
2.07698
2.15642
2.23587
2.31531
2.39475
2.4742
2.55364
2.63308
2.71253
2.79197
2.87141
2.95086
3.0303
3.10974
3.18919
3.26863
3.34807
3.42752
3.50696
3.5864
3.66585
3.74529
3.82473
3.90418
3.98362
4.06306
4.14251
4.22195
4.30139
4.38084
4.46028
4.53972
4.61916
4.69861
4.77805
4.85749
4.93694
5.01638
5.09582
5.17527
5.25471
5.33415
5.4136
5.49304
5.57248
5.65193
5.73137
5.81081
5.89026
5.9697
6.04914
6.12859
6.20803
6.28747
6.36692
6.44636
6.5258
6.60525
6.68469
6.76413
6.84358
6.92302
7.00246
7.08186
7.16095
7.23926
7.31632
7.39179
7.46543
7.53712
7.60688
7.67496
7.74172
7.80753
7.87273
7.93762
8.00235
8.06685
8.13103
8.19479
8.25803
8.32078
8.38343
8.4467
8.51141
8.57851
8.64911
8.72382
8.80167
8.88084
8.96028
0.0397001
0.119093
0.198225
0.276046
0.350764
0.421404
0.488584
0.553393
0.616779
0.679549
0.742412
0.805767
0.869633
0.933918
0.998523
1.06335
1.12834
1.19364
1.25953
1.32638
1.39452
1.46433
1.53605
1.60971
1.68517
1.76221
1.84049
1.91954
1.99889
2.07829
2.15769
2.23709
2.31649
2.39589
2.4753
2.5547
2.6341
2.7135
2.7929
2.8723
2.9517
3.0311
3.1105
3.1899
3.2693
3.3487
3.4281
3.5075
3.5869
3.6663
3.7457
3.8251
3.9045
3.9839
4.0633
4.1427
4.2221
4.3015
4.3809
4.4603
4.5397
4.6191
4.6985
4.7779
4.8573
4.9367
5.0161
5.0955
5.1749
5.2543
5.3337
5.4131
5.4925
5.5719
5.6513
5.7307
5.8101
5.8895
5.9689
6.0483
6.1277
6.2071
6.2865
6.3659
6.4453
6.5247
6.60411
6.68351
6.76291
6.84231
6.92171
7.00111
7.08046
7.15951
7.23779
7.31483
7.39029
7.46395
7.53567
7.60548
7.67362
7.74047
7.80636
7.87166
7.93665
8.00148
8.06608
8.13037
8.19423
8.25759
8.32045
8.38322
8.44661
8.51142
8.5786
8.64924
8.72395
8.80177
8.88091
8.9603
0.0396778
0.119026
0.198117
0.27591
0.350632
0.421316
0.488575
0.553488
0.616992
0.679885
0.742872
0.806344
0.870324
0.934717
0.999427
1.06436
1.12945
1.19484
1.26083
1.32776
1.39597
1.46584
1.53759
1.61126
1.68671
1.76374
1.84198
1.92099
2.0003
2.07965
2.15901
2.23837
2.31772
2.39708
2.47643
2.55579
2.63514
2.7145
2.79385
2.87321
2.95257
3.03192
3.11128
3.19063
3.26999
3.34934
3.4287
3.50806
3.58741
3.66677
3.74612
3.82548
3.90483
3.98419
4.06354
4.1429
4.22226
4.30161
4.38097
4.46032
4.53968
4.61903
4.69839
4.77774
4.8571
4.93646
5.01581
5.09517
5.17452
5.25388
5.33323
5.41259
5.49194
5.5713
5.65066
5.73001
5.80937
5.88872
5.96808
6.04743
6.12679
6.20615
6.2855
6.36486
6.44421
6.52357
6.60292
6.68228
6.76163
6.84099
6.92035
6.9997
7.07901
7.15802
7.23626
7.31329
7.38874
7.46241
7.53416
7.60403
7.67224
7.73917
7.80516
7.87055
7.93564
8.00057
8.06528
8.12968
8.19366
8.25713
8.32011
8.38301
8.44651
8.51142
8.57868
8.64937
8.72409
8.80188
8.88097
8.96032
0.0396547
0.118957
0.198005
0.275769
0.350494
0.421225
0.488567
0.553587
0.617212
0.680234
0.743348
0.806943
0.871039
0.935545
1.00036
1.0654
1.1306
1.19609
1.26218
1.32919
1.39748
1.4674
1.53918
1.61286
1.68831
1.76532
1.84352
1.92249
2.00176
2.08107
2.16037
2.23968
2.31899
2.3983
2.47761
2.55692
2.63623
2.71554
2.79485
2.87416
2.95347
3.03278
3.11209
3.1914
3.27071
3.35001
3.42932
3.50863
3.58794
3.66725
3.74656
3.82587
3.90518
3.98449
4.0638
4.14311
4.22242
4.30173
4.38104
4.46035
4.53965
4.61896
4.69827
4.77758
4.85689
4.9362
5.01551
5.09482
5.17413
5.25344
5.33275
5.41206
5.49137
5.57068
5.64999
5.72929
5.8086
5.88791
5.96722
6.04653
6.12584
6.20515
6.28446
6.36377
6.44308
6.52239
6.6017
6.68101
6.76032
6.83963
6.91893
6.99824
7.07751
7.15648
7.23468
7.31169
7.38714
7.46082
7.5326
7.60252
7.67081
7.73782
7.80391
7.8694
7.9346
7.99964
8.06446
8.12896
8.19306
8.25665
8.31977
8.38279
8.44641
8.51143
8.57878
8.64951
8.72423
8.80199
8.88104
8.96035
0.0396307
0.118885
0.197889
0.275623
0.350352
0.421131
0.488558
0.553689
0.617441
0.680596
0.743842
0.807564
0.871781
0.936403
1.00134
1.06648
1.13179
1.19739
1.26358
1.33068
1.39904
1.46901
1.54083
1.61453
1.68998
1.76695
1.84513
1.92405
2.00327
2.08253
2.16179
2.24105
2.32031
2.39957
2.47883
2.5581
2.63736
2.71662
2.79588
2.87514
2.9544
3.03366
3.11293
3.19219
3.27145
3.35071
3.42997
3.50923
3.58849
3.66776
3.74702
3.82628
3.90554
3.9848
4.06406
4.14332
4.22259
4.30185
4.38111
4.46037
4.53963
4.61889
4.69815
4.77741
4.85668
4.93594
5.0152
5.09446
5.17372
5.25298
5.33224
5.41151
5.49077
5.57003
5.64929
5.72855
5.80781
5.88707
5.96634
6.0456
6.12486
6.20412
6.28338
6.36264
6.4419
6.52117
6.60043
6.67969
6.75895
6.83821
6.91747
6.99673
7.07595
7.15487
7.23305
7.31002
7.38547
7.45917
7.53099
7.60096
7.66932
7.73642
7.80261
7.86821
7.93352
7.99866
8.0636
8.12822
8.19244
8.25616
8.3194
8.38256
8.44631
8.51144
8.57887
8.64965
8.72438
8.80211
8.88111
8.96037
0.0396058
0.118811
0.197769
0.275472
0.350205
0.421033
0.488548
0.553795
0.617678
0.680971
0.744354
0.808207
0.87255
0.937293
1.00234
1.0676
1.13303
1.19874
1.26502
1.33222
1.40065
1.47069
1.54255
1.61626
1.6917
1.76865
1.84679
1.92566
2.00483
2.08404
2.16325
2.24247
2.32168
2.40089
2.4801
2.55931
2.63853
2.71774
2.79695
2.87616
2.95537
3.03458
3.1138
3.19301
3.27222
3.35143
3.43064
3.50985
3.58907
3.66828
3.74749
3.8267
3.90591
3.98512
4.06434
4.14355
4.22276
4.30197
4.38118
4.46039
4.53961
4.61882
4.69803
4.77724
4.85645
4.93566
5.01488
5.09409
5.1733
5.25251
5.33172
5.41093
5.49015
5.56936
5.64857
5.72778
5.80699
5.8862
5.96542
6.04463
6.12384
6.20305
6.28226
6.36147
6.44069
6.5199
6.59911
6.67832
6.75753
6.83675
6.91596
6.99517
7.07434
7.15321
7.23135
7.3083
7.38374
7.45745
7.52931
7.59935
7.66778
7.73498
7.80126
7.86697
7.9324
7.99766
8.06271
8.12745
8.19179
8.25565
8.31903
8.38232
8.44621
8.51145
8.57897
8.6498
8.72453
8.80223
8.88119
8.96039
0.0395801
0.118734
0.197644
0.275315
0.350052
0.420931
0.488539
0.553904
0.617924
0.68136
0.744885
0.808874
0.873347
0.938216
1.00339
1.06877
1.13431
1.20013
1.26652
1.33381
1.40233
1.47242
1.54432
1.61805
1.69348
1.77041
1.84851
1.92734
2.00645
2.08561
2.16477
2.24393
2.3231
2.40226
2.48142
2.56058
2.63974
2.7189
2.79806
2.87722
2.95638
3.03554
3.1147
3.19386
3.27302
3.35218
3.43134
3.5105
3.58966
3.66882
3.74798
3.82714
3.9063
3.98546
4.06462
4.14378
4.22294
4.3021
4.38126
4.46042
4.53958
4.61874
4.6979
4.77706
4.85622
4.93538
5.01454
5.0937
5.17286
5.25202
5.33118
5.41034
5.4895
5.56866
5.64782
5.72698
5.80614
5.8853
5.96446
6.04362
6.12278
6.20194
6.2811
6.36026
6.43942
6.51858
6.59774
6.6769
6.75607
6.83523
6.91439
6.99355
7.07266
7.15149
7.22959
7.30652
7.38195
7.45568
7.52758
7.59767
7.66619
7.73348
7.79987
7.86569
7.93123
7.99661
8.06178
8.12665
8.19113
8.25512
8.31864
8.38208
8.4461
8.51146
8.57907
8.64995
8.72469
8.80236
8.88127
8.96042
0.0395534
0.118654
0.197514
0.275152
0.349893
0.420826
0.488529
0.554018
0.618178
0.681763
0.745435
0.809565
0.874174
0.939172
1.00447
1.06997
1.13563
1.20157
1.26808
1.33547
1.40407
1.47422
1.54616
1.6199
1.69533
1.77224
1.85029
1.92907
2.00814
2.08724
2.16635
2.24546
2.32456
2.40367
2.48278
2.56188
2.64099
2.7201
2.7992
2.87831
2.95742
3.03652
3.11563
3.19474
3.27385
3.35295
3.43206
3.51117
3.59027
3.66938
3.74849
3.82759
3.9067
3.98581
4.06491
4.14402
4.22313
4.30223
4.38134
4.46045
4.53955
4.61866
4.69777
4.77687
4.85598
4.93509
5.01419
5.0933
5.17241
5.25151
5.33062
5.40973
5.48883
5.56794
5.64705
5.72615
5.80526
5.88437
5.96348
6.04258
6.12169
6.2008
6.2799
6.35901
6.43812
6.51722
6.59633
6.67544
6.75454
6.83365
6.91276
6.99186
7.07093
7.14971
7.22776
7.30467
7.3801
7.45384
7.52578
7.59593
7.66453
7.73192
7.79843
7.86437
7.93003
7.99553
8.06083
8.12583
8.19043
8.25456
8.31824
8.38182
8.44598
8.51147
8.57917
8.65011
8.72485
8.80249
8.88135
8.96045
0.0395257
0.118571
0.19738
0.274983
0.349729
0.420717
0.488519
0.554136
0.618442
0.682181
0.746005
0.810282
0.87503
0.940163
1.00559
1.07122
1.13701
1.20307
1.26969
1.33718
1.40587
1.47609
1.54807
1.62182
1.69725
1.77413
1.85214
1.93087
2.00988
2.08893
2.16798
2.24703
2.32609
2.40514
2.48419
2.56324
2.64229
2.72134
2.80039
2.87945
2.9585
3.03755
3.1166
3.19565
3.2747
3.35375
3.43281
3.51186
3.59091
3.66996
3.74901
3.82806
3.90711
3.98617
4.06522
4.14427
4.22332
4.30237
4.38142
4.46047
4.53953
4.61858
4.69763
4.77668
4.85573
4.93478
5.01383
5.09289
5.17194
5.25099
5.33004
5.40909
5.48814
5.56719
5.64625
5.7253
5.80435
5.8834
5.96245
6.0415
6.12055
6.19961
6.27866
6.35771
6.43676
6.51581
6.59486
6.67391
6.75297
6.83202
6.91107
6.99012
7.06913
7.14786
7.22587
7.30275
7.37818
7.45193
7.52391
7.59413
7.66282
7.73031
7.79693
7.86299
7.92878
7.99441
8.05984
8.12497
8.18972
8.25399
8.31782
8.38156
8.44586
8.51148
8.57928
8.65027
8.72502
8.80262
8.88143
8.96047
0.039497
0.118485
0.197241
0.274808
0.349559
0.420604
0.488508
0.554258
0.618716
0.682614
0.746597
0.811025
0.875918
0.941191
1.00676
1.07252
1.13844
1.20462
1.27136
1.33896
1.40773
1.47802
1.55004
1.62382
1.69924
1.77609
1.85406
1.93274
2.01169
2.09068
2.16968
2.24867
2.32766
2.40666
2.48565
2.56465
2.64364
2.72263
2.80163
2.88062
2.95962
3.03861
3.1176
3.1966
3.27559
3.35459
3.43358
3.51257
3.59157
3.67056
3.74956
3.82855
3.90754
3.98654
4.06553
4.14453
4.22352
4.30251
4.38151
4.4605
4.5395
4.61849
4.69749
4.77648
4.85547
4.93447
5.01346
5.09246
5.17145
5.25044
5.32944
5.40843
5.48743
5.56642
5.64541
5.72441
5.8034
5.8824
5.96139
6.04038
6.11938
6.19837
6.27737
6.35636
6.43535
6.51435
6.59334
6.67234
6.75133
6.83032
6.90932
6.98831
7.06726
7.14594
7.22391
7.30076
7.37618
7.44996
7.52198
7.59227
7.66104
7.72864
7.79538
7.86156
7.92748
7.99324
8.05881
8.12408
8.18897
8.2534
8.31739
8.38128
8.44574
8.51149
8.5794
8.65044
8.72519
8.80276
8.88151
8.9605
0.0394673
0.118396
0.197097
0.274627
0.349382
0.420487
0.488497
0.554385
0.619
0.683063
0.74721
0.811795
0.876839
0.942256
1.00796
1.07386
1.13991
1.20623
1.27309
1.3408
1.40967
1.48003
1.55209
1.62589
1.7013
1.77812
1.85605
1.93467
2.01356
2.0925
2.17143
2.25037
2.3293
2.40824
2.48717
2.5661
2.64504
2.72397
2.80291
2.88184
2.96078
3.03971
3.11865
3.19758
3.27651
3.35545
3.43438
3.51332
3.59225
3.67119
3.75012
3.82906
3.90799
3.98693
4.06586
4.14479
4.22373
4.30266
4.3816
4.46053
4.53947
4.6184
4.69734
4.77627
4.85521
4.93414
5.01307
5.09201
5.17094
5.24988
5.32881
5.40775
5.48668
5.56562
5.64455
5.72349
5.80242
5.88135
5.96029
6.03922
6.11816
6.19709
6.27603
6.35496
6.4339
6.51283
6.59176
6.6707
6.74963
6.82857
6.9075
6.98644
7.06533
7.14395
7.22188
7.2987
7.37411
7.44791
7.51997
7.59033
7.6592
7.72691
7.79377
7.86009
7.92614
7.99204
8.05774
8.12316
8.1882
8.25279
8.31694
8.381
8.44561
8.5115
8.57951
8.65062
8.72537
8.8029
8.8816
8.96053
0.0394364
0.118304
0.196947
0.274439
0.349199
0.420366
0.488485
0.554516
0.619294
0.683528
0.747845
0.812594
0.877793
0.943361
1.00921
1.07525
1.14145
1.2079
1.27489
1.34271
1.41168
1.48211
1.55422
1.62803
1.70343
1.78023
1.85811
1.93667
2.01551
2.09438
2.17325
2.25212
2.331
2.40987
2.48874
2.56762
2.64649
2.72536
2.80423
2.88311
2.96198
3.04085
3.11973
3.1986
3.27747
3.35634
3.43522
3.51409
3.59296
3.67184
3.75071
3.82958
3.90845
3.98733
4.0662
4.14507
4.22395
4.30282
4.38169
4.46056
4.53944
4.61831
4.69718
4.77605
4.85493
4.9338
5.01267
5.09155
5.17042
5.24929
5.32816
5.40704
5.48591
5.56478
5.64366
5.72253
5.8014
5.88027
5.95915
6.03802
6.11689
6.19577
6.27464
6.35351
6.43238
6.51126
6.59013
6.669
6.74788
6.82675
6.90562
6.98449
7.06333
7.14189
7.21977
7.29657
7.37197
7.44578
7.51789
7.58832
7.65729
7.72511
7.7921
7.85855
7.92475
7.99079
8.05664
8.12221
8.18741
8.25216
8.31647
8.38071
8.44548
8.51151
8.57963
8.6508
8.72556
8.80305
8.8817
8.96056
0.0394045
0.118208
0.196792
0.274244
0.349009
0.42024
0.488473
0.554653
0.619599
0.684011
0.748503
0.813421
0.878782
0.944505
1.01051
1.0767
1.14303
1.20963
1.27675
1.34469
1.41376
1.48426
1.55642
1.63025
1.70565
1.78241
1.86025
1.93875
2.01752
2.09633
2.17514
2.25395
2.33275
2.41156
2.49037
2.56918
2.64799
2.7268
2.80561
2.88442
2.96323
3.04203
3.12084
3.19965
3.27846
3.35727
3.43608
3.51489
3.5937
3.67251
3.75132
3.83012
3.90893
3.98774
4.06655
4.14536
4.22417
4.30298
4.38179
4.4606
4.5394
4.61821
4.69702
4.77583
4.85464
4.93345
5.01226
5.09107
5.16988
5.24868
5.32749
5.4063
5.48511
5.56392
5.64273
5.72154
5.80035
5.87916
5.95797
6.03677
6.11558
6.19439
6.2732
6.35201
6.43082
6.50963
6.58844
6.66725
6.74605
6.82486
6.90367
6.98248
7.06125
7.13975
7.21759
7.29435
7.36975
7.44358
7.51574
7.58624
7.65531
7.72325
7.79037
7.85697
7.9233
7.98949
8.05549
8.12122
8.18658
8.2515
8.31599
8.3804
8.44535
8.51153
8.57976
8.65099
8.72576
8.80321
8.88179
8.9606
0.0393713
0.118109
0.196632
0.274042
0.348812
0.42011
0.488461
0.554794
0.619915
0.684511
0.749186
0.814279
0.879808
0.945692
1.01185
1.07819
1.14468
1.21143
1.27868
1.34674
1.41591
1.4865
1.5587
1.63255
1.70794
1.78468
1.86246
1.9409
2.01961
2.09835
2.17709
2.25583
2.33458
2.41332
2.49206
2.57081
2.64955
2.72829
2.80703
2.88578
2.96452
3.04326
3.122
3.20075
3.27949
3.35823
3.43697
3.51572
3.59446
3.6732
3.75194
3.83069
3.90943
3.98817
4.06692
4.14566
4.2244
4.30314
4.38189
4.46063
4.53937
4.61811
4.69686
4.7756
4.85434
4.93308
5.01183
5.09057
5.16931
5.24806
5.3268
5.40554
5.48428
5.56303
5.64177
5.72051
5.79925
5.878
5.95674
6.03548
6.11422
6.19297
6.27171
6.35045
6.42919
6.50794
6.58668
6.66542
6.74417
6.82291
6.90165
6.98039
7.0591
7.13754
7.21532
7.29206
7.36745
7.4413
7.5135
7.58409
7.65326
7.72132
7.78857
7.85532
7.92181
7.98815
8.05431
8.12019
8.18572
8.25081
8.31549
8.38009
8.44521
8.51154
8.57989
8.65119
8.72596
8.80337
8.88189
8.96063
0.039337
0.118007
0.196465
0.273833
0.348609
0.419975
0.488448
0.55494
0.620242
0.685029
0.749894
0.815169
0.880871
0.946922
1.01324
1.07975
1.14639
1.21328
1.28068
1.34887
1.41815
1.48881
1.56107
1.63494
1.71032
1.78702
1.86476
1.94313
2.02177
2.10044
2.17912
2.25779
2.33647
2.41514
2.49381
2.57249
2.65116
2.72984
2.80851
2.88718
2.96586
3.04453
3.12321
3.20188
3.28055
3.35923
3.4379
3.51658
3.59525
3.67392
3.7526
3.83127
3.90995
3.98862
4.06729
4.14597
4.22464
4.30332
4.38199
4.46066
4.53934
4.61801
4.69668
4.77536
4.85403
4.93271
5.01138
5.09005
5.16873
5.2474
5.32608
5.40475
5.48342
5.5621
5.64077
5.71945
5.79812
5.87679
5.95547
6.03414
6.11282
6.19149
6.27016
6.34884
6.42751
6.50619
6.58486
6.66353
6.74221
6.82088
6.89956
6.97823
7.05687
7.13524
7.21298
7.28968
7.36506
7.43893
7.51119
7.58185
7.65113
7.71932
7.78672
7.85361
7.92025
7.98676
8.05308
8.11913
8.18483
8.25011
8.31497
8.37976
8.44506
8.51155
8.58003
8.65139
8.72617
8.80353
8.88199
8.96066
0.0393014
0.1179
0.196293
0.273615
0.348397
0.419834
0.488435
0.555092
0.620582
0.685567
0.750628
0.81609
0.881973
0.948198
1.01469
1.08135
1.14816
1.21521
1.28276
1.35108
1.42046
1.49121
1.56352
1.63741
1.71279
1.78946
1.86714
1.94545
2.02401
2.10262
2.18122
2.25982
2.33842
2.41703
2.49563
2.57423
2.65284
2.73144
2.81004
2.88864
2.96725
3.04585
3.12445
3.20305
3.28166
3.36026
3.43886
3.51747
3.59607
3.67467
3.75327
3.83188
3.91048
3.98908
4.06768
4.14629
4.22489
4.30349
4.3821
4.4607
4.5393
4.6179
4.69651
4.77511
4.85371
4.93232
5.01092
5.08952
5.16812
5.24673
5.32533
5.40393
5.48253
5.56114
5.63974
5.71834
5.79695
5.87555
5.95415
6.03275
6.11136
6.18996
6.26856
6.34716
6.42577
6.50437
6.58297
6.66158
6.74018
6.81878
6.89738
6.97599
7.05455
7.13286
7.21054
7.28721
7.36259
7.43648
7.50879
7.57954
7.64892
7.71724
7.78479
7.85184
7.91865
7.98531
8.0518
8.11803
8.18391
8.24937
8.31443
8.37942
8.44491
8.51157
8.58017
8.6516
8.72638
8.80371
8.8821
8.9607
0.0392645
0.11779
0.196114
0.27339
0.348178
0.419689
0.488421
0.555249
0.620934
0.686124
0.751388
0.817046
0.883115
0.94952
1.01618
1.08302
1.14999
1.21721
1.28491
1.35336
1.42286
1.4937
1.56606
1.63998
1.71535
1.79198
1.8696
1.94785
2.02634
2.10487
2.1834
2.26193
2.34046
2.41898
2.49751
2.57604
2.65457
2.7331
2.81163
2.89016
2.96869
3.04722
3.12574
3.20427
3.2828
3.36133
3.43986
3.51839
3.59692
3.67545
3.75398
3.8325
3.91103
3.98956
4.06809
4.14662
4.22515
4.30368
4.38221
4.46074
4.53926
4.61779
4.69632
4.77485
4.85338
4.93191
5.01044
5.08897
5.1675
5.24602
5.32455
5.40308
5.48161
5.56014
5.63867
5.7172
5.79573
5.87426
5.95278
6.03131
6.10984
6.18837
6.2669
6.34543
6.42396
6.50249
6.58102
6.65954
6.73807
6.8166
6.89513
6.97366
7.05215
7.1304
7.20802
7.28465
7.36002
7.43394
7.5063
7.57714
7.64664
7.71509
7.78279
7.85001
7.91698
7.98382
8.05048
8.11688
8.18295
8.24861
8.31388
8.37907
8.44475
8.51158
8.58031
8.65182
8.72661
8.80389
8.88221
8.96074
0.0392262
0.117675
0.195928
0.273157
0.347951
0.419539
0.488407
0.555412
0.621299
0.686701
0.752177
0.818037
0.884299
0.95089
1.01773
1.08475
1.1519
1.21928
1.28714
1.35573
1.42535
1.49628
1.5687
1.64264
1.718
1.7946
1.87216
1.95033
2.02875
2.1072
2.18565
2.26411
2.34256
2.42101
2.49946
2.57792
2.65637
2.73482
2.81327
2.89173
2.97018
3.04863
3.12708
3.20554
3.28399
3.36244
3.44089
3.51935
3.5978
3.67625
3.7547
3.83315
3.91161
3.99006
4.06851
4.14696
4.22542
4.30387
4.38232
4.46077
4.53923
4.61768
4.69613
4.77458
4.85304
4.93149
5.00994
5.08839
5.16685
5.2453
5.32375
5.4022
5.48065
5.55911
5.63756
5.71601
5.79446
5.87292
5.95137
6.02982
6.10827
6.18673
6.26518
6.34363
6.42208
6.50054
6.57899
6.65744
6.73589
6.81435
6.8928
6.97125
7.04967
7.12784
7.2054
7.282
7.35736
7.4313
7.50372
7.57465
7.64427
7.71286
7.78072
7.8481
7.91525
7.98227
8.04911
8.1157
8.18196
8.24782
8.3133
8.3787
8.44459
8.51159
8.58046
8.65205
8.72684
8.80407
8.88232
8.96077
0.0391865
0.117557
0.195736
0.272915
0.347715
0.419383
0.488392
0.555581
0.621677
0.6873
0.752994
0.819064
0.885527
0.952311
1.01934
1.08654
1.15387
1.22142
1.28945
1.35819
1.42793
1.49895
1.57143
1.64539
1.72074
1.79731
1.87481
1.95291
2.03125
2.10962
2.188
2.26637
2.34474
2.42311
2.50149
2.57986
2.65823
2.73661
2.81498
2.89335
2.97173
3.0501
3.12847
3.20684
3.28522
3.36359
3.44196
3.52034
3.59871
3.67708
3.75546
3.83383
3.9122
3.99058
4.06895
4.14732
4.22569
4.30407
4.38244
4.46081
4.53919
4.61756
4.69593
4.77431
4.85268
4.93105
5.00942
5.0878
5.16617
5.24454
5.32292
5.40129
5.47966
5.55804
5.63641
5.71478
5.79316
5.87153
5.9499
6.02827
6.10665
6.18502
6.26339
6.34177
6.42014
6.49851
6.57689
6.65526
6.73363
6.812
6.89038
6.96875
7.04709
7.12519
7.20269
7.27926
7.35461
7.42857
7.50105
7.57207
7.64181
7.71055
7.77858
7.84613
7.91346
7.98066
8.04769
8.11447
8.18094
8.24701
8.3127
8.37832
8.44442
8.51161
8.58062
8.65228
8.72708
8.80426
8.88244
8.96081
0.0391454
0.117434
0.195537
0.272665
0.347471
0.419221
0.488377
0.555756
0.62207
0.687921
0.753841
0.820129
0.886799
0.953783
1.02101
1.0884
1.15591
1.22365
1.29184
1.36074
1.43061
1.50172
1.57427
1.64825
1.72359
1.80012
1.87756
1.95558
2.03384
2.11213
2.19042
2.26871
2.347
2.42529
2.50358
2.58188
2.66017
2.73846
2.81675
2.89504
2.97333
3.05162
3.12991
3.2082
3.28649
3.36478
3.44307
3.52137
3.59966
3.67795
3.75624
3.83453
3.91282
3.99111
4.0694
4.14769
4.22598
4.30427
4.38256
4.46085
4.53915
4.61744
4.69573
4.77402
4.85231
4.9306
5.00889
5.08718
5.16547
5.24376
5.32205
5.40034
5.47863
5.55693
5.63522
5.71351
5.7918
5.87009
5.94838
6.02667
6.10496
6.18325
6.26154
6.33983
6.41812
6.49642
6.57471
6.653
6.73129
6.80958
6.88787
6.96616
7.04442
7.12244
7.19988
7.27641
7.35175
7.42573
7.49828
7.56939
7.63926
7.70816
7.77635
7.84409
7.9116
7.97899
8.04622
8.1132
8.17987
8.24616
8.31208
8.37793
8.44424
8.51162
8.58078
8.65253
8.72734
8.80446
8.88257
8.96085
0.0391028
0.117306
0.19533
0.272405
0.347218
0.419053
0.488361
0.555938
0.622476
0.688564
0.754719
0.821232
0.888119
0.95531
1.02274
1.09032
1.15803
1.22596
1.29432
1.36338
1.43338
1.5046
1.5772
1.65121
1.72655
1.80303
1.88041
1.95835
2.03653
2.11473
2.19294
2.27114
2.34935
2.42755
2.50576
2.58396
2.66217
2.74038
2.81858
2.89679
2.97499
3.0532
3.1314
3.20961
3.28781
3.36602
3.44423
3.52243
3.60064
3.67884
3.75705
3.83525
3.91346
3.99166
4.06987
4.14808
4.22628
4.30449
4.38269
4.4609
4.5391
4.61731
4.69551
4.77372
4.85192
4.93013
5.00834
5.08654
5.16475
5.24295
5.32116
5.39936
5.47757
5.55577
5.63398
5.71219
5.79039
5.8686
5.9468
6.02501
6.10321
6.18142
6.25962
6.33783
6.41604
6.49424
6.57245
6.65065
6.72886
6.80706
6.88527
6.96347
7.04165
7.11959
7.19697
7.27345
7.34879
7.4228
7.4954
7.56662
7.63662
7.70568
7.77404
7.84197
7.90968
7.97726
8.04469
8.11188
8.17877
8.24528
8.31144
8.37752
8.44406
8.51164
8.58095
8.65278
8.7276
8.80467
8.88269
8.9609
0.0390586
0.117174
0.195116
0.272135
0.346956
0.418879
0.488344
0.556126
0.622898
0.689231
0.75563
0.822376
0.889486
0.956892
1.02453
1.09232
1.16023
1.22835
1.2969
1.36612
1.43626
1.50758
1.58025
1.65429
1.72961
1.80605
1.88336
1.96123
2.03931
2.11743
2.19554
2.27366
2.35178
2.42989
2.50801
2.58613
2.66425
2.74236
2.82048
2.8986
2.97672
3.05483
3.13295
3.21107
3.28918
3.3673
3.44542
3.52354
3.60165
3.67977
3.75789
3.836
3.91412
3.99224
4.07036
4.14847
4.22659
4.30471
4.38282
4.46094
4.53906
4.61718
4.69529
4.77341
4.85153
4.92964
5.00776
5.08588
5.164
5.24211
5.32023
5.39835
5.47646
5.55458
5.6327
5.71082
5.78893
5.86705
5.94517
6.02328
6.1014
6.17952
6.25764
6.33575
6.41387
6.49199
6.57011
6.64822
6.72634
6.80446
6.88257
6.96069
7.03877
7.11664
7.19395
7.27039
7.34571
7.41975
7.49242
7.56374
7.63388
7.7031
7.77165
7.83977
7.90768
7.97547
8.04311
8.11051
8.17762
8.24437
8.31077
8.3771
8.44387
8.51166
8.58112
8.65304
8.72786
8.80488
8.88283
8.96094
0.0390128
0.117037
0.194894
0.271856
0.346684
0.418699
0.488327
0.556321
0.623335
0.689922
0.756574
0.823562
0.890904
0.958533
1.02638
1.09438
1.1625
1.23083
1.29956
1.36895
1.43924
1.51066
1.5834
1.65747
1.73278
1.80918
1.88642
1.9642
2.04219
2.12022
2.19825
2.27627
2.3543
2.43232
2.51035
2.58837
2.6664
2.74442
2.82245
2.90048
2.9785
3.05653
3.13455
3.21258
3.2906
3.36863
3.44665
3.52468
3.60271
3.68073
3.75876
3.83678
3.91481
3.99283
4.07086
4.14888
4.22691
4.30494
4.38296
4.46099
4.53901
4.61704
4.69506
4.77309
4.85112
4.92914
5.00717
5.08519
5.16322
5.24124
5.31927
5.39729
5.47532
5.55335
5.63137
5.7094
5.78742
5.86545
5.94347
6.0215
6.09952
6.17755
6.25558
6.3336
6.41163
6.48965
6.56768
6.6457
6.72373
6.80175
6.87978
6.95781
7.0358
7.11358
7.19082
7.26722
7.34253
7.4166
7.48934
7.56076
7.63105
7.70044
7.76917
7.8375
7.90562
7.97362
8.04147
8.1091
8.17644
8.24343
8.31008
8.37667
8.44368
8.51167
8.5813
8.65332
8.72814
8.80511
8.88296
8.96099
0.0389653
0.116895
0.194664
0.271567
0.346402
0.418512
0.488309
0.556524
0.623787
0.690639
0.757552
0.824792
0.892373
0.960233
1.02831
1.09653
1.16486
1.23339
1.30233
1.37189
1.44232
1.51386
1.58667
1.66077
1.73607
1.81242
1.8896
1.96729
2.04519
2.12312
2.20105
2.27898
2.35691
2.43484
2.51277
2.5907
2.66863
2.74656
2.82449
2.90242
2.98035
3.05828
3.13621
3.21415
3.29208
3.37001
3.44794
3.52587
3.6038
3.68173
3.75966
3.83759
3.91552
3.99345
4.07138
4.14931
4.22724
4.30517
4.3831
4.46103
4.53897
4.6169
4.69483
4.77276
4.85069
4.92862
5.00655
5.08448
5.16241
5.24034
5.31827
5.3962
5.47413
5.55206
5.62999
5.70792
5.78585
5.86379
5.94172
6.01965
6.09758
6.17551
6.25344
6.33137
6.4093
6.48723
6.56516
6.64309
6.72102
6.79895
6.87688
6.95481
7.03271
7.1104
7.18758
7.26393
7.33923
7.41333
7.48614
7.55768
7.62811
7.69767
7.76661
7.83514
7.90347
7.97169
8.03977
8.10763
8.17521
8.24245
8.30936
8.37621
8.44348
8.51169
8.58149
8.6536
8.72843
8.80534
8.88311
8.96103
0.0389161
0.116748
0.194425
0.271266
0.34611
0.418318
0.488291
0.556733
0.624257
0.691382
0.758566
0.826066
0.893897
0.961996
1.0303
1.09875
1.16731
1.23606
1.3052
1.37494
1.44553
1.51718
1.59006
1.66419
1.73948
1.81579
1.89289
1.97049
2.04829
2.12612
2.20395
2.28178
2.35962
2.43745
2.51528
2.59311
2.67094
2.74878
2.82661
2.90444
2.98227
3.06011
3.13794
3.21577
3.2936
3.37143
3.44927
3.5271
3.60493
3.68276
3.76059
3.83843
3.91626
3.99409
4.07192
4.14976
4.22759
4.30542
4.38325
4.46108
4.53892
4.61675
4.69458
4.77241
4.85024
4.92808
5.00591
5.08374
5.16157
5.23941
5.31724
5.39507
5.4729
5.55073
5.62857
5.7064
5.78423
5.86206
5.93989
6.01773
6.09556
6.17339
6.25122
6.32906
6.40689
6.48472
6.56255
6.64038
6.71822
6.79605
6.87388
6.95171
7.02951
7.10711
7.18421
7.26052
7.33581
7.40994
7.48282
7.55447
7.62506
7.6948
7.76394
7.83269
7.90125
7.9697
8.038
8.1061
8.17393
8.24143
8.30862
8.37574
8.44327
8.51171
8.58168
8.65389
8.72873
8.80557
8.88325
8.96108
0.038865
0.116595
0.194178
0.270955
0.345807
0.418117
0.488272
0.556951
0.624744
0.692152
0.759618
0.827388
0.895476
0.963824
1.03237
1.10106
1.16984
1.23882
1.30817
1.3781
1.44885
1.52062
1.59358
1.66774
1.74301
1.81927
1.8963
1.9738
2.0515
2.12923
2.20696
2.28469
2.36242
2.44015
2.51788
2.59561
2.67334
2.75107
2.8288
2.90653
2.98426
3.06199
3.13972
3.21745
3.29518
3.37291
3.45064
3.52837
3.6061
3.68383
3.76156
3.83929
3.91702
3.99475
4.07248
4.15021
4.22794
4.30567
4.3834
4.46113
4.53887
4.6166
4.69433
4.77206
4.84979
4.92752
5.00525
5.08298
5.16071
5.23844
5.31617
5.3939
5.47163
5.54936
5.62709
5.70482
5.78255
5.86028
5.93801
6.01574
6.09347
6.1712
6.24893
6.32666
6.40439
6.48212
6.55985
6.63758
6.71531
6.79304
6.87077
6.9485
7.0262
7.1037
7.18073
7.25699
7.33226
7.40642
7.47938
7.55115
7.6219
7.69183
7.76118
7.83016
7.89894
7.96763
8.03618
8.10452
8.17261
8.24038
8.30785
8.37526
8.44305
8.51173
8.58188
8.65419
8.72904
8.80582
8.8834
8.96113
0.0388121
0.116437
0.193922
0.270633
0.345493
0.417909
0.488252
0.557176
0.625248
0.692951
0.760707
0.828757
0.897113
0.965718
1.03452
1.10344
1.17247
1.24168
1.31125
1.38138
1.45229
1.52419
1.59722
1.67141
1.74668
1.82289
1.89983
1.97724
2.05483
2.13246
2.21008
2.28771
2.36533
2.44296
2.52058
2.5982
2.67583
2.75345
2.83108
2.9087
2.98633
3.06395
3.14157
3.2192
3.29682
3.37445
3.45207
3.5297
3.60732
3.68494
3.76257
3.84019
3.91782
3.99544
4.07307
4.15069
4.22831
4.30594
4.38356
4.46119
4.53881
4.61644
4.69406
4.77169
4.84931
4.92693
5.00456
5.08218
5.15981
5.23743
5.31506
5.39268
5.4703
5.54793
5.62555
5.70318
5.7808
5.85843
5.93605
6.01367
6.0913
6.16892
6.24655
6.32417
6.4018
6.47942
6.55704
6.63467
6.71229
6.78992
6.86754
6.94517
7.02276
7.10017
7.17711
7.25332
7.32859
7.40278
7.47581
7.54771
7.61862
7.68875
7.75832
7.82753
7.89656
7.96548
8.03428
8.10289
8.17124
8.23929
8.30705
8.37475
8.44282
8.51175
8.58209
8.65451
8.72937
8.80608
8.88356
8.96119
0.0387573
0.116273
0.193656
0.270299
0.345168
0.417693
0.488232
0.55741
0.625771
0.693778
0.761837
0.830177
0.89881
0.967682
1.03674
1.10592
1.1752
1.24465
1.31444
1.38478
1.45585
1.52788
1.601
1.67522
1.75048
1.82664
1.9035
1.9808
2.05829
2.1358
2.21332
2.29083
2.36835
2.44586
2.52338
2.60089
2.67841
2.75592
2.83344
2.91095
2.98846
3.06598
3.14349
3.22101
3.29852
3.37604
3.45355
3.53107
3.60858
3.6861
3.76361
3.84113
3.91864
3.99615
4.07367
4.15118
4.2287
4.30621
4.38373
4.46124
4.53876
4.61627
4.69379
4.7713
4.84882
4.92633
5.00385
5.08136
5.15887
5.23639
5.3139
5.39142
5.46893
5.54645
5.62396
5.70148
5.77899
5.85651
5.93402
6.01154
6.08905
6.16656
6.24408
6.32159
6.39911
6.47662
6.55414
6.63165
6.70917
6.78668
6.8642
6.94171
7.0192
7.0965
7.17336
7.24952
7.32478
7.399
7.47212
7.54415
7.61522
7.68556
7.75535
7.8248
7.89408
7.96326
8.03232
8.10119
8.16982
8.23816
8.30622
8.37423
8.44259
8.51177
8.58231
8.65483
8.7297
8.80634
8.88373
8.96124
0.0387005
0.116103
0.19338
0.269952
0.34483
0.41747
0.488211
0.557652
0.626313
0.694636
0.763008
0.831649
0.900569
0.969718
1.03904
1.10849
1.17802
1.24772
1.31775
1.3883
1.45955
1.53171
1.60492
1.67917
1.75442
1.83052
1.9073
1.9845
2.06187
2.13927
2.21667
2.29407
2.37147
2.44888
2.52628
2.60368
2.68108
2.75848
2.83588
2.91328
2.99068
3.06808
3.14548
3.22288
3.30029
3.37769
3.45509
3.53249
3.60989
3.68729
3.76469
3.84209
3.91949
3.99689
4.07429
4.1517
4.2291
4.3065
4.3839
4.4613
4.5387
4.6161
4.6935
4.7709
4.8483
4.92571
5.00311
5.08051
5.15791
5.23531
5.31271
5.39011
5.46751
5.54491
5.62231
5.69971
5.77712
5.85452
5.93192
6.00932
6.08672
6.16412
6.24152
6.31892
6.39632
6.47372
6.55112
6.62853
6.70593
6.78333
6.86073
6.93813
7.0155
7.0927
7.16948
7.24558
7.32083
7.39508
7.46829
7.54045
7.6117
7.68225
7.75228
7.82198
7.89151
7.96096
8.03028
8.09943
8.16835
8.23699
8.30536
8.37369
8.44235
8.51179
8.58253
8.65517
8.73005
8.80662
8.8839
8.9613
0.0386415
0.115927
0.193095
0.269593
0.344481
0.417238
0.488189
0.557903
0.626875
0.695525
0.764222
0.833174
0.902392
0.971828
1.04143
1.11115
1.18095
1.25091
1.32119
1.39195
1.46339
1.53569
1.60898
1.68327
1.7585
1.83455
1.91124
1.98833
2.06558
2.14287
2.22015
2.29743
2.37472
2.452
2.52928
2.60656
2.68385
2.76113
2.83841
2.9157
2.99298
3.07026
3.14755
3.22483
3.30211
3.3794
3.45668
3.53396
3.61124
3.68853
3.76581
3.84309
3.92038
3.99766
4.07494
4.15223
4.22951
4.30679
4.38408
4.46136
4.53864
4.61592
4.69321
4.77049
4.84777
4.92506
5.00234
5.07962
5.15691
5.23419
5.31147
5.38876
5.46604
5.54332
5.6206
5.69789
5.77517
5.85245
5.92974
6.00702
6.0843
6.16159
6.23887
6.31615
6.39344
6.47072
6.548
6.62528
6.70257
6.77985
6.85713
6.93442
7.01167
7.08876
7.16545
7.2415
7.31673
7.39102
7.46431
7.53661
7.60805
7.67881
7.74909
7.81905
7.88885
7.95857
8.02817
8.09761
8.16683
8.23578
8.30447
8.37312
8.4421
8.51181
8.58276
8.65552
8.73041
8.80691
8.88407
8.96136
0.0385805
0.115744
0.192799
0.26922
0.344118
0.416997
0.488166
0.558163
0.627458
0.696447
0.765481
0.834756
0.904283
0.974016
1.04391
1.11391
1.18399
1.25422
1.32474
1.39573
1.46736
1.5398
1.61318
1.68751
1.76273
1.83872
1.91532
1.9923
2.06943
2.14659
2.22375
2.30091
2.37807
2.45524
2.5324
2.60956
2.68672
2.76388
2.84104
2.9182
2.99536
3.07252
3.14968
3.22684
3.30401
3.38117
3.45833
3.53549
3.61265
3.68981
3.76697
3.84413
3.92129
3.99845
4.07561
4.15278
4.22994
4.3071
4.38426
4.46142
4.53858
4.61574
4.6929
4.77006
4.84722
4.92439
5.00155
5.07871
5.15587
5.23303
5.31019
5.38735
5.46451
5.54167
5.61883
5.69599
5.77316
5.85032
5.92748
6.00464
6.0818
6.15896
6.23612
6.31328
6.39044
6.4676
6.54476
6.62193
6.69909
6.77625
6.85341
6.93057
7.0077
7.08468
7.16128
7.23727
7.31249
7.38682
7.4602
7.53264
7.60427
7.67526
7.74578
7.81601
7.88609
7.95609
8.02598
8.09572
8.16524
8.23452
8.30355
8.37254
8.44184
8.51183
8.583
8.65588
8.73078
8.8072
8.88426
8.96142
0.0385171
0.115555
0.192492
0.268834
0.343742
0.416748
0.488142
0.558433
0.628062
0.697403
0.766786
0.836395
0.906242
0.976283
1.04647
1.11677
1.18714
1.25764
1.32843
1.39966
1.47148
1.54407
1.61755
1.69191
1.76712
1.84305
1.91955
1.99641
2.07342
2.15045
2.22749
2.30452
2.38156
2.45859
2.53563
2.61266
2.68969
2.76673
2.84376
2.9208
2.99783
3.07487
3.1519
3.22893
3.30597
3.383
3.46004
3.53707
3.61411
3.69114
3.76817
3.84521
3.92224
3.99928
4.07631
4.15335
4.23038
4.30741
4.38445
4.46148
4.53852
4.61555
4.69259
4.76962
4.84665
4.92369
5.00072
5.07776
5.15479
5.23183
5.30886
5.38589
5.46293
5.53996
5.617
5.69403
5.77107
5.8481
5.92513
6.00217
6.0792
6.15624
6.23327
6.31031
6.38734
6.46437
6.54141
6.61844
6.69548
6.77251
6.84955
6.92658
7.00359
7.08045
7.15695
7.23288
7.30809
7.38245
7.45593
7.52852
7.60034
7.67157
7.74236
7.81286
7.88323
7.95353
8.02372
8.09376
8.1636
8.23321
8.3026
8.37194
8.44157
8.51186
8.58325
8.65626
8.73117
8.80751
8.88445
8.96148
0.0384515
0.115358
0.192174
0.268434
0.343352
0.41649
0.488118
0.558713
0.628688
0.698394
0.768138
0.838095
0.908274
0.978634
1.04913
1.11973
1.1904
1.2612
1.33225
1.40372
1.47575
1.5485
1.62207
1.69647
1.77166
1.84753
1.92394
2.00068
2.07756
2.15446
2.23136
2.30826
2.38517
2.46207
2.53897
2.61588
2.69278
2.76968
2.84659
2.92349
3.00039
3.07729
3.1542
3.2311
3.308
3.38491
3.46181
3.53871
3.61562
3.69252
3.76942
3.84632
3.92323
4.00013
4.07703
4.15394
4.23084
4.30774
4.38465
4.46155
4.53845
4.61535
4.69226
4.76916
4.84606
4.92297
4.99987
5.07677
5.15368
5.23058
5.30748
5.38438
5.46129
5.53819
5.61509
5.692
5.7689
5.8458
5.92271
5.99961
6.07651
6.15341
6.23032
6.30722
6.38412
6.46103
6.53793
6.61483
6.69174
6.76864
6.84554
6.92244
6.99932
7.07606
7.15247
7.22834
7.30353
7.37793
7.4515
7.52425
7.59628
7.66775
7.7388
7.8096
7.88027
7.95087
8.02137
8.09173
8.16191
8.23186
8.30161
8.37131
8.44129
8.51188
8.58351
8.65665
8.73157
8.80783
8.88464
8.96155
0.0383834
0.115155
0.191844
0.268019
0.342948
0.416222
0.488092
0.559003
0.629337
0.699421
0.76954
0.839857
0.91038
0.981071
1.05189
1.1228
1.19378
1.26488
1.33622
1.40794
1.48018
1.55308
1.62675
1.7012
1.77638
1.85218
1.92849
2.0051
2.08184
2.15861
2.23538
2.31214
2.38891
2.46568
2.54244
2.61921
2.69598
2.77274
2.84951
2.92628
3.00305
3.07981
3.15658
3.23335
3.31011
3.38688
3.46365
3.54041
3.61718
3.69395
3.77071
3.84748
3.92425
4.00102
4.07778
4.15455
4.23132
4.30808
4.38485
4.46162
4.53838
4.61515
4.69192
4.76868
4.84545
4.92222
4.99898
5.07575
5.15252
5.22929
5.30605
5.38282
5.45959
5.53635
5.61312
5.68989
5.76665
5.84342
5.92019
5.99695
6.07372
6.15049
6.22726
6.30402
6.38079
6.45756
6.53432
6.61109
6.68786
6.76462
6.84139
6.91816
6.9949
7.07151
7.14782
7.22362
7.2988
7.37325
7.44692
7.51982
7.59206
7.66378
7.73512
7.80622
7.8772
7.94811
8.01893
8.08962
8.16014
8.23046
8.30058
8.37066
8.441
8.51191
8.58378
8.65705
8.73198
8.80816
8.88485
8.96162
0.0383129
0.114944
0.191502
0.267589
0.34253
0.415945
0.488066
0.559303
0.63001
0.700485
0.770993
0.841683
0.912563
0.983597
1.05475
1.12599
1.19729
1.2687
1.34033
1.41231
1.48476
1.55784
1.63161
1.7061
1.78126
1.857
1.9332
2.00968
2.08629
2.16291
2.23954
2.31616
2.39279
2.46942
2.54604
2.62267
2.69929
2.77592
2.85255
2.92917
3.0058
3.08242
3.15905
3.23567
3.3123
3.38893
3.46555
3.54218
3.6188
3.69543
3.77205
3.84868
3.92531
4.00193
4.07856
4.15518
4.23181
4.30844
4.38506
4.46169
4.53831
4.61494
4.69156
4.76819
4.84482
4.92144
4.99807
5.07469
5.15132
5.22795
5.30457
5.3812
5.45782
5.53445
5.61107
5.6877
5.76433
5.84095
5.91758
5.9942
6.07083
6.14745
6.22408
6.30071
6.37733
6.45396
6.53058
6.60721
6.68384
6.76046
6.83709
6.91371
6.99032
7.0668
7.143
7.21874
7.2939
7.36839
7.44216
7.51524
7.58769
7.65967
7.7313
7.80271
7.87401
7.94525
8.0164
8.08744
8.15832
8.22901
8.29951
8.36999
8.4407
8.51193
8.58406
8.65747
8.73241
8.8085
8.88506
8.96169
0.0382398
0.114725
0.191148
0.267143
0.342096
0.415657
0.488039
0.559615
0.630707
0.701589
0.7725
0.843576
0.914825
0.986216
1.05772
1.12929
1.20092
1.27265
1.34459
1.41684
1.48952
1.56277
1.63665
1.71119
1.78633
1.862
1.93809
2.01443
2.09089
2.16737
2.24385
2.32033
2.39681
2.47329
2.54977
2.62625
2.70273
2.77921
2.85569
2.93217
3.00865
3.08513
3.16161
3.23809
3.31457
3.39105
3.46753
3.54401
3.62048
3.69696
3.77344
3.84992
3.9264
4.00288
4.07936
4.15584
4.23232
4.3088
4.38528
4.46176
4.53824
4.61472
4.6912
4.76768
4.84416
4.92064
4.99712
5.0736
5.15008
5.22656
5.30304
5.37952
5.45599
5.53247
5.60895
5.68543
5.76191
5.83839
5.91487
5.99135
6.06783
6.14431
6.22079
6.29727
6.37375
6.45023
6.52671
6.60319
6.67967
6.75615
6.83263
6.90911
6.98557
7.06191
7.138
7.21367
7.28881
7.36335
7.43723
7.51048
7.58316
7.65541
7.72735
7.79908
7.87071
7.94228
8.01378
8.08517
8.15642
8.2275
8.29841
8.36929
8.44039
8.51196
8.58434
8.6579
8.73286
8.80885
8.88528
8.96176
0.038164
0.114498
0.19078
0.266681
0.341646
0.415358
0.48801
0.559938
0.63143
0.702733
0.774062
0.845539
0.917171
0.988931
1.06079
1.13271
1.20469
1.27675
1.349
1.42153
1.49445
1.56788
1.64187
1.71645
1.79158
1.86718
1.94315
2.01936
2.09567
2.172
2.24833
2.32465
2.40098
2.47731
2.55364
2.62996
2.70629
2.78262
2.85895
2.93528
3.0116
3.08793
3.16426
3.24059
3.31692
3.39324
3.46957
3.5459
3.62223
3.69856
3.77488
3.85121
3.92754
4.00387
4.0802
4.15652
4.23285
4.30918
4.38551
4.46184
4.53816
4.61449
4.69082
4.76715
4.84348
4.9198
4.99613
5.07246
5.14879
5.22512
5.30144
5.37777
5.4541
5.53043
5.60676
5.68308
5.75941
5.83574
5.91207
5.9884
6.06472
6.14105
6.21738
6.29371
6.37004
6.44636
6.52269
6.59902
6.67535
6.75167
6.828
6.90433
6.98064
7.05685
7.13282
7.20842
7.28355
7.35813
7.43212
7.50555
7.57847
7.651
7.72325
7.79531
7.86729
7.93921
8.01107
8.08283
8.15446
8.22594
8.29727
8.36857
8.44006
8.51199
8.58464
8.65835
8.73332
8.80922
8.8855
8.96184
0.0380854
0.114263
0.190399
0.266202
0.341179
0.415049
0.487981
0.560273
0.63218
0.703919
0.775681
0.847573
0.919603
0.991745
1.06397
1.13626
1.20859
1.28101
1.35358
1.4264
1.49956
1.57317
1.64729
1.72191
1.79702
1.87255
1.94841
2.02447
2.10062
2.17679
2.25296
2.32913
2.4053
2.48147
2.55764
2.63382
2.70999
2.78616
2.86233
2.9385
3.01467
3.09084
3.16701
3.24318
3.31935
3.39552
3.47169
3.54786
3.62404
3.70021
3.77638
3.85255
3.92872
4.00489
4.08106
4.15723
4.2334
4.30957
4.38574
4.46191
4.53809
4.61426
4.69043
4.7666
4.84277
4.91894
4.99511
5.07128
5.14745
5.22362
5.29979
5.37596
5.45214
5.52831
5.60448
5.68065
5.75682
5.83299
5.90916
5.98533
6.0615
6.13767
6.21384
6.29001
6.36618
6.44236
6.51853
6.5947
6.67087
6.74704
6.82321
6.89938
6.97553
7.05159
7.12745
7.20298
7.27809
7.35271
7.42683
7.50044
7.5736
7.64642
7.71899
7.79141
7.86374
7.93603
8.00825
8.0804
8.15243
8.22432
8.29608
8.36782
8.43973
8.51202
8.58495
8.65882
8.7338
8.8096
8.88574
8.96191
0.0380039
0.11402
0.190005
0.265705
0.340696
0.414729
0.487951
0.56062
0.632957
0.705148
0.777359
0.849682
0.922124
0.994662
1.06728
1.13994
1.21264
1.28541
1.35832
1.43144
1.50486
1.57866
1.6529
1.72757
1.80267
1.87812
1.95385
2.02976
2.10575
2.18176
2.25777
2.33378
2.40978
2.48579
2.5618
2.63781
2.71381
2.78982
2.86583
2.94184
3.01785
3.09385
3.16986
3.24587
3.32188
3.39789
3.47389
3.5499
3.62591
3.70192
3.77793
3.85393
3.92994
4.00595
4.08196
4.15796
4.23397
4.30998
4.38599
4.462
4.538
4.61401
4.69002
4.76603
4.84204
4.91804
4.99405
5.07006
5.14607
5.22207
5.29808
5.37409
5.4501
5.52611
5.60211
5.67812
5.75413
5.83014
5.90615
5.98215
6.05816
6.13417
6.21018
6.28619
6.36219
6.4382
6.51421
6.59022
6.66622
6.74223
6.81824
6.89425
6.97024
7.04615
7.12188
7.19733
7.27243
7.3471
7.42134
7.49514
7.56856
7.64168
7.71459
7.78736
7.86006
7.93272
8.00534
8.07788
8.15032
8.22264
8.29485
8.36704
8.43938
8.51205
8.58527
8.6593
8.73429
8.81
8.88598
8.962
0.0379195
0.113767
0.189595
0.265191
0.340195
0.414396
0.487919
0.560979
0.633762
0.706423
0.779099
0.851869
0.924737
0.997686
1.0707
1.14375
1.21684
1.28998
1.36324
1.43667
1.51036
1.58435
1.65871
1.73344
1.80851
1.88389
1.95949
2.03525
2.11107
2.18691
2.26275
2.33859
2.41443
2.49027
2.56611
2.64194
2.71778
2.79362
2.86946
2.9453
3.02114
3.09698
3.17282
3.24866
3.3245
3.40033
3.47617
3.55201
3.62785
3.70369
3.77953
3.85537
3.93121
4.00705
4.08289
4.15872
4.23456
4.3104
4.38624
4.46208
4.53792
4.61376
4.6896
4.76544
4.84128
4.91711
4.99295
5.06879
5.14463
5.22047
5.29631
5.37215
5.44799
5.52383
5.59967
5.6755
5.75134
5.82718
5.90302
5.97886
6.0547
6.13054
6.20638
6.28222
6.35806
6.43389
6.50973
6.58557
6.66141
6.73725
6.81309
6.88893
6.96475
7.04051
7.11611
7.19149
7.26656
7.34129
7.41565
7.48964
7.56333
7.63676
7.71002
7.78316
7.85625
7.9293
8.00231
8.07526
8.14813
8.2209
8.29358
8.36624
8.43902
8.51208
8.5856
8.65981
8.73481
8.8104
8.88623
8.96208
0.037832
0.113505
0.189171
0.264657
0.339675
0.414052
0.487887
0.561352
0.634597
0.707744
0.780902
0.854135
0.927446
1.00082
1.07425
1.1477
1.22119
1.29472
1.36834
1.4421
1.51605
1.59026
1.66475
1.73953
1.81458
1.88987
1.96534
2.04094
2.11659
2.19225
2.26791
2.34358
2.41924
2.49491
2.57057
2.64623
2.7219
2.79756
2.87323
2.94889
3.02455
3.10022
3.17588
3.25154
3.32721
3.40287
3.47854
3.5542
3.62986
3.70553
3.78119
3.85686
3.93252
4.00818
4.08385
4.15951
4.23518
4.31084
4.3865
4.46217
4.53783
4.6135
4.68916
4.76482
4.84049
4.91615
4.99182
5.06748
5.14314
5.21881
5.29447
5.37014
5.4458
5.52146
5.59713
5.67279
5.74846
5.82412
5.89978
5.97545
6.05111
6.12677
6.20244
6.2781
6.35377
6.42943
6.50509
6.58076
6.65642
6.73209
6.80775
6.88341
6.95906
7.03466
7.11013
7.18542
7.26047
7.33525
7.40974
7.48395
7.5579
7.63166
7.70528
7.77881
7.8523
7.92575
7.99918
8.07255
8.14586
8.2191
8.29226
8.3654
8.43865
8.51211
8.58595
8.66033
8.73534
8.81083
8.88649
8.96217
0.0377412
0.113234
0.188731
0.264104
0.339136
0.413695
0.487853
0.561739
0.635462
0.709114
0.782772
0.856484
0.930254
1.00407
1.07792
1.1518
1.2257
1.29963
1.37362
1.44772
1.52195
1.59637
1.671
1.74583
1.82086
1.89607
1.97141
2.04683
2.1223
2.19778
2.27327
2.34875
2.42423
2.49971
2.5752
2.65068
2.72616
2.80164
2.87713
2.95261
3.02809
3.10357
3.17906
3.25454
3.33002
3.4055
3.48099
3.55647
3.63195
3.70743
3.78292
3.8584
3.93388
4.00936
4.08485
4.16033
4.23581
4.31129
4.38678
4.46226
4.53774
4.61322
4.68871
4.76419
4.83967
4.91515
4.99064
5.06612
5.1416
5.21708
5.29257
5.36805
5.44353
5.51901
5.5945
5.66998
5.74546
5.82094
5.89643
5.97191
6.04739
6.12287
6.19836
6.27384
6.34932
6.4248
6.50029
6.57577
6.65125
6.72673
6.80222
6.8777
6.95317
7.02859
7.10393
7.17914
7.25417
7.329
7.40363
7.47805
7.55228
7.62638
7.70037
7.7743
7.8482
7.92208
7.99593
8.06975
8.14352
8.21723
8.29089
8.36454
8.43826
8.51215
8.58631
8.66086
8.7359
8.81127
8.88677
8.96226
0.0376472
0.112952
0.188275
0.26353
0.338578
0.413325
0.487818
0.56214
0.636359
0.710533
0.78471
0.85892
0.933165
1.00744
1.08174
1.15605
1.23037
1.30472
1.3791
1.45354
1.52807
1.60271
1.67748
1.75237
1.82738
1.9025
1.9777
2.05295
2.12823
2.20352
2.27882
2.35411
2.42941
2.5047
2.57999
2.65529
2.73058
2.80588
2.88117
2.95647
3.03176
3.10705
3.18235
3.25764
3.33294
3.40823
3.48353
3.55882
3.63412
3.70941
3.7847
3.86
3.93529
4.01059
4.08588
4.16118
4.23647
4.31176
4.38706
4.46235
4.53765
4.61294
4.68824
4.76353
4.83882
4.91412
4.98941
5.06471
5.14
5.2153
5.29059
5.36588
5.44118
5.51647
5.59177
5.66706
5.74236
5.81765
5.89295
5.96824
6.04353
6.11883
6.19412
6.26942
6.34471
6.42001
6.4953
6.57059
6.64589
6.72118
6.79648
6.87177
6.94705
7.0223
7.0975
7.17262
7.24763
7.32252
7.39729
7.47193
7.54646
7.6209
7.69528
7.76963
7.84395
7.91826
7.99256
8.06683
8.14108
8.21529
8.28947
8.36364
8.43786
8.51218
8.58668
8.66142
8.73647
8.81172
8.88705
8.96235
0.0375497
0.112661
0.187803
0.262936
0.337999
0.412941
0.487781
0.562555
0.637289
0.712005
0.786719
0.861445
0.936183
1.01093
1.08569
1.16045
1.23522
1.30999
1.38478
1.45958
1.53442
1.60928
1.68419
1.75914
1.83414
1.90916
1.98421
2.05928
2.13437
2.20947
2.28457
2.35967
2.43477
2.50987
2.58497
2.66007
2.73517
2.81027
2.88536
2.96046
3.03556
3.11066
3.18576
3.26086
3.33596
3.41106
3.48616
3.56126
3.63636
3.71146
3.78656
3.86166
3.93676
4.01185
4.08695
4.16205
4.23715
4.31225
4.38735
4.46245
4.53755
4.61265
4.68775
4.76285
4.83795
4.91305
4.98815
5.06324
5.13834
5.21344
5.28854
5.36364
5.43874
5.51384
5.58894
5.66404
5.73914
5.81424
5.88934
5.96444
6.03954
6.11464
6.18973
6.26483
6.33993
6.41503
6.49013
6.56523
6.64033
6.71543
6.79053
6.86563
6.94072
7.01579
7.09084
7.16586
7.24086
7.31581
7.39072
7.46558
7.54042
7.61522
7.69001
7.76478
7.83955
7.91431
7.98907
8.06382
8.13856
8.21328
8.288
8.36271
8.43744
8.51222
8.58706
8.662
8.73706
8.8122
8.88734
8.96245
0.0375
0.1125
0.1875
0.2625
0.3375
0.4125
0.4875
0.5625
0.6375
0.7125
0.7875
0.8625
0.9375
1.0125
1.0875
1.1625
1.2375
1.3125
1.3875
1.4625
1.5375
1.6125
1.6875
1.7625
1.8375
1.9125
1.9875
2.0625
2.1375
2.2125
2.2875
2.3625
2.4375
2.5125
2.5875
2.6625
2.7375
2.8125
2.8875
2.9625
3.0375
3.1125
3.1875
3.2625
3.3375
3.4125
3.4875
3.5625
3.6375
3.7125
3.7875
3.8625
3.9375
4.0125
4.0875
4.1625
4.2375
4.3125
4.3875
4.4625
4.5375
4.6125
4.6875
4.7625
4.8375
4.9125
4.9875
5.0625
5.1375
5.2125
5.2875
5.3625
5.4375
5.5125
5.5875
5.6625
5.7375
5.8125
5.8875
5.9625
6.0375
6.1125
6.1875
6.2625
6.3375
6.4125
6.4875
6.5625
6.6375
6.7125
6.7875
6.8625
6.9375
7.0125
7.0875
7.1625
7.2375
7.3125
7.3875
7.4625
7.5375
7.6125
7.6875
7.7625
7.8375
7.9125
7.9875
8.0625
8.1375
8.2125
8.2875
8.3625
8.4375
8.5125
8.5875
8.6625
8.7375
8.8125
8.8875
8.9625
0.0375
0.1125
0.1875
0.2625
0.3375
0.4125
0.4875
0.5625
0.6375
0.7125
0.7875
0.8625
0.9375
1.0125
1.0875
1.1625
1.2375
1.3125
1.3875
1.4625
1.5375
1.6125
1.6875
1.7625
1.8375
1.9125
1.9875
2.0625
2.1375
2.2125
2.2875
2.3625
2.4375
2.5125
2.5875
2.6625
2.7375
2.8125
2.8875
2.9625
3.0375
3.1125
3.1875
3.2625
3.3375
3.4125
3.4875
3.5625
3.6375
3.7125
3.7875
3.8625
3.9375
4.0125
4.0875
4.1625
4.2375
4.3125
4.3875
4.4625
4.5375
4.6125
4.6875
4.7625
4.8375
4.9125
4.9875
5.0625
5.1375
5.2125
5.2875
5.3625
5.4375
5.5125
5.5875
5.6625
5.7375
5.8125
5.8875
5.9625
6.0375
6.1125
6.1875
6.2625
6.3375
6.4125
6.4875
6.5625
6.6375
6.7125
6.7875
6.8625
6.9375
7.0125
7.0875
7.1625
7.2375
7.3125
7.3875
7.4625
7.5375
7.6125
7.6875
7.7625
7.8375
7.9125
7.9875
8.0625
8.1375
8.2125
8.2875
8.3625
8.4375
8.5125
8.5875
8.6625
8.7375
8.8125
8.8875
8.9625
0.0375
0.1125
0.1875
0.2625
0.3375
0.4125
0.4875
0.5625
0.6375
0.7125
0.7875
0.8625
0.9375
1.0125
1.0875
1.1625
1.2375
1.3125
1.3875
1.4625
1.5375
1.6125
1.6875
1.7625
1.8375
1.9125
1.9875
2.0625
2.1375
2.2125
2.2875
2.3625
2.4375
2.5125
2.5875
2.6625
2.7375
2.8125
2.8875
2.9625
3.0375
3.1125
3.1875
3.2625
3.3375
3.4125
3.4875
3.5625
3.6375
3.7125
3.7875
3.8625
3.9375
4.0125
4.0875
4.1625
4.2375
4.3125
4.3875
4.4625
4.5375
4.6125
4.6875
4.7625
4.8375
4.9125
4.9875
5.0625
5.1375
5.2125
5.2875
5.3625
5.4375
5.5125
5.5875
5.6625
5.7375
5.8125
5.8875
5.9625
6.0375
6.1125
6.1875
6.2625
6.3375
6.4125
6.4875
6.5625
6.6375
6.7125
6.7875
6.8625
6.9375
7.0125
7.0875
7.1625
7.2375
7.3125
7.3875
7.4625
7.5375
7.6125
7.6875
7.7625
7.8375
7.9125
7.9875
8.0625
8.1375
8.2125
8.2875
8.3625
8.4375
8.5125
8.5875
8.6625
8.7375
8.8125
8.8875
8.9625
0.0375
0.1125
0.1875
0.2625
0.3375
0.4125
0.4875
0.5625
0.6375
0.7125
0.7875
0.8625
0.9375
1.0125
1.0875
1.1625
1.2375
1.3125
1.3875
1.4625
1.5375
1.6125
1.6875
1.7625
1.8375
1.9125
1.9875
2.0625
2.1375
2.2125
2.2875
2.3625
2.4375
2.5125
2.5875
2.6625
2.7375
2.8125
2.8875
2.9625
3.0375
3.1125
3.1875
3.2625
3.3375
3.4125
3.4875
3.5625
3.6375
3.7125
3.7875
3.8625
3.9375
4.0125
4.0875
4.1625
4.2375
4.3125
4.3875
4.4625
4.5375
4.6125
4.6875
4.7625
4.8375
4.9125
4.9875
5.0625
5.1375
5.2125
5.2875
5.3625
5.4375
5.5125
5.5875
5.6625
5.7375
5.8125
5.8875
5.9625
6.0375
6.1125
6.1875
6.2625
6.3375
6.4125
6.4875
6.5625
6.6375
6.7125
6.7875
6.8625
6.9375
7.0125
7.0875
7.1625
7.2375
7.3125
7.3875
7.4625
7.5375
7.6125
7.6875
7.7625
7.8375
7.9125
7.9875
8.0625
8.1375
8.2125
8.2875
8.3625
8.4375
8.5125
8.5875
8.6625
8.7375
8.8125
8.8875
8.9625
0.0375
0.1125
0.1875
0.2625
0.3375
0.4125
0.4875
0.5625
0.6375
0.7125
0.7875
0.8625
0.9375
1.0125
1.0875
1.1625
1.2375
1.3125
1.3875
1.4625
1.5375
1.6125
1.6875
1.7625
1.8375
1.9125
1.9875
2.0625
2.1375
2.2125
2.2875
2.3625
2.4375
2.5125
2.5875
2.6625
2.7375
2.8125
2.8875
2.9625
3.0375
3.1125
3.1875
3.2625
3.3375
3.4125
3.4875
3.5625
3.6375
3.7125
3.7875
3.8625
3.9375
4.0125
4.0875
4.1625
4.2375
4.3125
4.3875
4.4625
4.5375
4.6125
4.6875
4.7625
4.8375
4.9125
4.9875
5.0625
5.1375
5.2125
5.2875
5.3625
5.4375
5.5125
5.5875
5.6625
5.7375
5.8125
5.8875
5.9625
6.0375
6.1125
6.1875
6.2625
6.3375
6.4125
6.4875
6.5625
6.6375
6.7125
6.7875
6.8625
6.9375
7.0125
7.0875
7.1625
7.2375
7.3125
7.3875
7.4625
7.5375
7.6125
7.6875
7.7625
7.8375
7.9125
7.9875
8.0625
8.1375
8.2125
8.2875
8.3625
8.4375
8.5125
8.5875
8.6625
8.7375
8.8125
8.8875
8.9625
0.0375
0.1125
0.1875
0.2625
0.3375
0.4125
0.4875
0.5625
0.6375
0.7125
0.7875
0.8625
0.9375
1.0125
1.0875
1.1625
1.2375
1.3125
1.3875
1.4625
1.5375
1.6125
1.6875
1.7625
1.8375
1.9125
1.9875
2.0625
2.1375
2.2125
2.2875
2.3625
2.4375
2.5125
2.5875
2.6625
2.7375
2.8125
2.8875
2.9625
3.0375
3.1125
3.1875
3.2625
3.3375
3.4125
3.4875
3.5625
3.6375
3.7125
3.7875
3.8625
3.9375
4.0125
4.0875
4.1625
4.2375
4.3125
4.3875
4.4625
4.5375
4.6125
4.6875
4.7625
4.8375
4.9125
4.9875
5.0625
5.1375
5.2125
5.2875
5.3625
5.4375
5.5125
5.5875
5.6625
5.7375
5.8125
5.8875
5.9625
6.0375
6.1125
6.1875
6.2625
6.3375
6.4125
6.4875
6.5625
6.6375
6.7125
6.7875
6.8625
6.9375
7.0125
7.0875
7.1625
7.2375
7.3125
7.3875
7.4625
7.5375
7.6125
7.6875
7.7625
7.8375
7.9125
7.9875
8.0625
8.1375
8.2125
8.2875
8.3625
8.4375
8.5125
8.5875
8.6625
8.7375
8.8125
8.8875
8.9625
0.0375
0.1125
0.1875
0.2625
0.3375
0.4125
0.4875
0.5625
0.6375
0.7125
0.7875
0.8625
0.9375
1.0125
1.0875
1.1625
1.2375
1.3125
1.3875
1.4625
1.5375
1.6125
1.6875
1.7625
1.8375
1.9125
1.9875
2.0625
2.1375
2.2125
2.2875
2.3625
2.4375
2.5125
2.5875
2.6625
2.7375
2.8125
2.8875
2.9625
3.0375
3.1125
3.1875
3.2625
3.3375
3.4125
3.4875
3.5625
3.6375
3.7125
3.7875
3.8625
3.9375
4.0125
4.0875
4.1625
4.2375
4.3125
4.3875
4.4625
4.5375
4.6125
4.6875
4.7625
4.8375
4.9125
4.9875
5.0625
5.1375
5.2125
5.2875
5.3625
5.4375
5.5125
5.5875
5.6625
5.7375
5.8125
5.8875
5.9625
6.0375
6.1125
6.1875
6.2625
6.3375
6.4125
6.4875
6.5625
6.6375
6.7125
6.7875
6.8625
6.9375
7.0125
7.0875
7.1625
7.2375
7.3125
7.3875
7.4625
7.5375
7.6125
7.6875
7.7625
7.8375
7.9125
7.9875
8.0625
8.1375
8.2125
8.2875
8.3625
8.4375
8.5125
8.5875
8.6625
8.7375
8.8125
8.8875
8.9625
0.0375
0.1125
0.1875
0.2625
0.3375
0.4125
0.4875
0.5625
0.6375
0.7125
0.7875
0.8625
0.9375
1.0125
1.0875
1.1625
1.2375
1.3125
1.3875
1.4625
1.5375
1.6125
1.6875
1.7625
1.8375
1.9125
1.9875
2.0625
2.1375
2.2125
2.2875
2.3625
2.4375
2.5125
2.5875
2.6625
2.7375
2.8125
2.8875
2.9625
3.0375
3.1125
3.1875
3.2625
3.3375
3.4125
3.4875
3.5625
3.6375
3.7125
3.7875
3.8625
3.9375
4.0125
4.0875
4.1625
4.2375
4.3125
4.3875
4.4625
4.5375
4.6125
4.6875
4.7625
4.8375
4.9125
4.9875
5.0625
5.1375
5.2125
5.2875
5.3625
5.4375
5.5125
5.5875
5.6625
5.7375
5.8125
5.8875
5.9625
6.0375
6.1125
6.1875
6.2625
6.3375
6.4125
6.4875
6.5625
6.6375
6.7125
6.7875
6.8625
6.9375
7.0125
7.0875
7.1625
7.2375
7.3125
7.3875
7.4625
7.5375
7.6125
7.6875
7.7625
7.8375
7.9125
7.9875
8.0625
8.1375
8.2125
8.2875
8.3625
8.4375
8.5125
8.5875
8.6625
8.7375
8.8125
8.8875
8.9625
0.0375
0.1125
0.1875
0.2625
0.3375
0.4125
0.4875
0.5625
0.6375
0.7125
0.7875
0.8625
0.9375
1.0125
1.0875
1.1625
1.2375
1.3125
1.3875
1.4625
1.5375
1.6125
1.6875
1.7625
1.8375
1.9125
1.9875
2.0625
2.1375
2.2125
2.2875
2.3625
2.4375
2.5125
2.5875
2.6625
2.7375
2.8125
2.8875
2.9625
3.0375
3.1125
3.1875
3.2625
3.3375
3.4125
3.4875
3.5625
3.6375
3.7125
3.7875
3.8625
3.9375
4.0125
4.0875
4.1625
4.2375
4.3125
4.3875
4.4625
4.5375
4.6125
4.6875
4.7625
4.8375
4.9125
4.9875
5.0625
5.1375
5.2125
5.2875
5.3625
5.4375
5.5125
5.5875
5.6625
5.7375
5.8125
5.8875
5.9625
6.0375
6.1125
6.1875
6.2625
6.3375
6.4125
6.4875
6.5625
6.6375
6.7125
6.7875
6.8625
6.9375
7.0125
7.0875
7.1625
7.2375
7.3125
7.3875
7.4625
7.5375
7.6125
7.6875
7.7625
7.8375
7.9125
7.9875
8.0625
8.1375
8.2125
8.2875
8.3625
8.4375
8.5125
8.5875
8.6625
8.7375
8.8125
8.8875
8.9625
0.0375
0.1125
0.1875
0.2625
0.3375
0.4125
0.4875
0.5625
0.6375
0.7125
0.7875
0.8625
0.9375
1.0125
1.0875
1.1625
1.2375
1.3125
1.3875
1.4625
1.5375
1.6125
1.6875
1.7625
1.8375
1.9125
1.9875
2.0625
2.1375
2.2125
2.2875
2.3625
2.4375
2.5125
2.5875
2.6625
2.7375
2.8125
2.8875
2.9625
3.0375
3.1125
3.1875
3.2625
3.3375
3.4125
3.4875
3.5625
3.6375
3.7125
3.7875
3.8625
3.9375
4.0125
4.0875
4.1625
4.2375
4.3125
4.3875
4.4625
4.5375
4.6125
4.6875
4.7625
4.8375
4.9125
4.9875
5.0625
5.1375
5.2125
5.2875
5.3625
5.4375
5.5125
5.5875
5.6625
5.7375
5.8125
5.8875
5.9625
6.0375
6.1125
6.1875
6.2625
6.3375
6.4125
6.4875
6.5625
6.6375
6.7125
6.7875
6.8625
6.9375
7.0125
7.0875
7.1625
7.2375
7.3125
7.3875
7.4625
7.5375
7.6125
7.6875
7.7625
7.8375
7.9125
7.9875
8.0625
8.1375
8.2125
8.2875
8.3625
8.4375
8.5125
8.5875
8.6625
8.7375
8.8125
8.8875
8.9625
0.0375
0.1125
0.1875
0.2625
0.3375
0.4125
0.4875
0.5625
0.6375
0.7125
0.7875
0.8625
0.9375
1.0125
1.0875
1.1625
1.2375
1.3125
1.3875
1.4625
1.5375
1.6125
1.6875
1.7625
1.8375
1.9125
1.9875
2.0625
2.1375
2.2125
2.2875
2.3625
2.4375
2.5125
2.5875
2.6625
2.7375
2.8125
2.8875
2.9625
3.0375
3.1125
3.1875
3.2625
3.3375
3.4125
3.4875
3.5625
3.6375
3.7125
3.7875
3.8625
3.9375
4.0125
4.0875
4.1625
4.2375
4.3125
4.3875
4.4625
4.5375
4.6125
4.6875
4.7625
4.8375
4.9125
4.9875
5.0625
5.1375
5.2125
5.2875
5.3625
5.4375
5.5125
5.5875
5.6625
5.7375
5.8125
5.8875
5.9625
6.0375
6.1125
6.1875
6.2625
6.3375
6.4125
6.4875
6.5625
6.6375
6.7125
6.7875
6.8625
6.9375
7.0125
7.0875
7.1625
7.2375
7.3125
7.3875
7.4625
7.5375
7.6125
7.6875
7.7625
7.8375
7.9125
7.9875
8.0625
8.1375
8.2125
8.2875
8.3625
8.4375
8.5125
8.5875
8.6625
8.7375
8.8125
8.8875
8.9625
0.0375
0.1125
0.1875
0.2625
0.3375
0.4125
0.4875
0.5625
0.6375
0.7125
0.7875
0.8625
0.9375
1.0125
1.0875
1.1625
1.2375
1.3125
1.3875
1.4625
1.5375
1.6125
1.6875
1.7625
1.8375
1.9125
1.9875
2.0625
2.1375
2.2125
2.2875
2.3625
2.4375
2.5125
2.5875
2.6625
2.7375
2.8125
2.8875
2.9625
3.0375
3.1125
3.1875
3.2625
3.3375
3.4125
3.4875
3.5625
3.6375
3.7125
3.7875
3.8625
3.9375
4.0125
4.0875
4.1625
4.2375
4.3125
4.3875
4.4625
4.5375
4.6125
4.6875
4.7625
4.8375
4.9125
4.9875
5.0625
5.1375
5.2125
5.2875
5.3625
5.4375
5.5125
5.5875
5.6625
5.7375
5.8125
5.8875
5.9625
6.0375
6.1125
6.1875
6.2625
6.3375
6.4125
6.4875
6.5625
6.6375
6.7125
6.7875
6.8625
6.9375
7.0125
7.0875
7.1625
7.2375
7.3125
7.3875
7.4625
7.5375
7.6125
7.6875
7.7625
7.8375
7.9125
7.9875
8.0625
8.1375
8.2125
8.2875
8.3625
8.4375
8.5125
8.5875
8.6625
8.7375
8.8125
8.8875
8.9625
0.0375
0.1125
0.1875
0.2625
0.3375
0.4125
0.4875
0.5625
0.6375
0.7125
0.7875
0.8625
0.9375
1.0125
1.0875
1.1625
1.2375
1.3125
1.3875
1.4625
1.5375
1.6125
1.6875
1.7625
1.8375
1.9125
1.9875
2.0625
2.1375
2.2125
2.2875
2.3625
2.4375
2.5125
2.5875
2.6625
2.7375
2.8125
2.8875
2.9625
3.0375
3.1125
3.1875
3.2625
3.3375
3.4125
3.4875
3.5625
3.6375
3.7125
3.7875
3.8625
3.9375
4.0125
4.0875
4.1625
4.2375
4.3125
4.3875
4.4625
4.5375
4.6125
4.6875
4.7625
4.8375
4.9125
4.9875
5.0625
5.1375
5.2125
5.2875
5.3625
5.4375
5.5125
5.5875
5.6625
5.7375
5.8125
5.8875
5.9625
6.0375
6.1125
6.1875
6.2625
6.3375
6.4125
6.4875
6.5625
6.6375
6.7125
6.7875
6.8625
6.9375
7.0125
7.0875
7.1625
7.2375
7.3125
7.3875
7.4625
7.5375
7.6125
7.6875
7.7625
7.8375
7.9125
7.9875
8.0625
8.1375
8.2125
8.2875
8.3625
8.4375
8.5125
8.5875
8.6625
8.7375
8.8125
8.8875
8.9625
0.0375
0.1125
0.1875
0.2625
0.3375
0.4125
0.4875
0.5625
0.6375
0.7125
0.7875
0.8625
0.9375
1.0125
1.0875
1.1625
1.2375
1.3125
1.3875
1.4625
1.5375
1.6125
1.6875
1.7625
1.8375
1.9125
1.9875
2.0625
2.1375
2.2125
2.2875
2.3625
2.4375
2.5125
2.5875
2.6625
2.7375
2.8125
2.8875
2.9625
3.0375
3.1125
3.1875
3.2625
3.3375
3.4125
3.4875
3.5625
3.6375
3.7125
3.7875
3.8625
3.9375
4.0125
4.0875
4.1625
4.2375
4.3125
4.3875
4.4625
4.5375
4.6125
4.6875
4.7625
4.8375
4.9125
4.9875
5.0625
5.1375
5.2125
5.2875
5.3625
5.4375
5.5125
5.5875
5.6625
5.7375
5.8125
5.8875
5.9625
6.0375
6.1125
6.1875
6.2625
6.3375
6.4125
6.4875
6.5625
6.6375
6.7125
6.7875
6.8625
6.9375
7.0125
7.0875
7.1625
7.2375
7.3125
7.3875
7.4625
7.5375
7.6125
7.6875
7.7625
7.8375
7.9125
7.9875
8.0625
8.1375
8.2125
8.2875
8.3625
8.4375
8.5125
8.5875
8.6625
8.7375
8.8125
8.8875
8.9625
0.0375
0.1125
0.1875
0.2625
0.3375
0.4125
0.4875
0.5625
0.6375
0.7125
0.7875
0.8625
0.9375
1.0125
1.0875
1.1625
1.2375
1.3125
1.3875
1.4625
1.5375
1.6125
1.6875
1.7625
1.8375
1.9125
1.9875
2.0625
2.1375
2.2125
2.2875
2.3625
2.4375
2.5125
2.5875
2.6625
2.7375
2.8125
2.8875
2.9625
3.0375
3.1125
3.1875
3.2625
3.3375
3.4125
3.4875
3.5625
3.6375
3.7125
3.7875
3.8625
3.9375
4.0125
4.0875
4.1625
4.2375
4.3125
4.3875
4.4625
4.5375
4.6125
4.6875
4.7625
4.8375
4.9125
4.9875
5.0625
5.1375
5.2125
5.2875
5.3625
5.4375
5.5125
5.5875
5.6625
5.7375
5.8125
5.8875
5.9625
6.0375
6.1125
6.1875
6.2625
6.3375
6.4125
6.4875
6.5625
6.6375
6.7125
6.7875
6.8625
6.9375
7.0125
7.0875
7.1625
7.2375
7.3125
7.3875
7.4625
7.5375
7.6125
7.6875
7.7625
7.8375
7.9125
7.9875
8.0625
8.1375
8.2125
8.2875
8.3625
8.4375
8.5125
8.5875
8.6625
8.7375
8.8125
8.8875
8.9625
0.0375
0.1125
0.1875
0.2625
0.3375
0.4125
0.4875
0.5625
0.6375
0.7125
0.7875
0.8625
0.9375
1.0125
1.0875
1.1625
1.2375
1.3125
1.3875
1.4625
1.5375
1.6125
1.6875
1.7625
1.8375
1.9125
1.9875
2.0625
2.1375
2.2125
2.2875
2.3625
2.4375
2.5125
2.5875
2.6625
2.7375
2.8125
2.8875
2.9625
3.0375
3.1125
3.1875
3.2625
3.3375
3.4125
3.4875
3.5625
3.6375
3.7125
3.7875
3.8625
3.9375
4.0125
4.0875
4.1625
4.2375
4.3125
4.3875
4.4625
4.5375
4.6125
4.6875
4.7625
4.8375
4.9125
4.9875
5.0625
5.1375
5.2125
5.2875
5.3625
5.4375
5.5125
5.5875
5.6625
5.7375
5.8125
5.8875
5.9625
6.0375
6.1125
6.1875
6.2625
6.3375
6.4125
6.4875
6.5625
6.6375
6.7125
6.7875
6.8625
6.9375
7.0125
7.0875
7.1625
7.2375
7.3125
7.3875
7.4625
7.5375
7.6125
7.6875
7.7625
7.8375
7.9125
7.9875
8.0625
8.1375
8.2125
8.2875
8.3625
8.4375
8.5125
8.5875
8.6625
8.7375
8.8125
8.8875
8.9625
0.0375
0.1125
0.1875
0.2625
0.3375
0.4125
0.4875
0.5625
0.6375
0.7125
0.7875
0.8625
0.9375
1.0125
1.0875
1.1625
1.2375
1.3125
1.3875
1.4625
1.5375
1.6125
1.6875
1.7625
1.8375
1.9125
1.9875
2.0625
2.1375
2.2125
2.2875
2.3625
2.4375
2.5125
2.5875
2.6625
2.7375
2.8125
2.8875
2.9625
3.0375
3.1125
3.1875
3.2625
3.3375
3.4125
3.4875
3.5625
3.6375
3.7125
3.7875
3.8625
3.9375
4.0125
4.0875
4.1625
4.2375
4.3125
4.3875
4.4625
4.5375
4.6125
4.6875
4.7625
4.8375
4.9125
4.9875
5.0625
5.1375
5.2125
5.2875
5.3625
5.4375
5.5125
5.5875
5.6625
5.7375
5.8125
5.8875
5.9625
6.0375
6.1125
6.1875
6.2625
6.3375
6.4125
6.4875
6.5625
6.6375
6.7125
6.7875
6.8625
6.9375
7.0125
7.0875
7.1625
7.2375
7.3125
7.3875
7.4625
7.5375
7.6125
7.6875
7.7625
7.8375
7.9125
7.9875
8.0625
8.1375
8.2125
8.2875
8.3625
8.4375
8.5125
8.5875
8.6625
8.7375
8.8125
8.8875
8.9625
0.0375
0.1125
0.1875
0.2625
0.3375
0.4125
0.4875
0.5625
0.6375
0.7125
0.7875
0.8625
0.9375
1.0125
1.0875
1.1625
1.2375
1.3125
1.3875
1.4625
1.5375
1.6125
1.6875
1.7625
1.8375
1.9125
1.9875
2.0625
2.1375
2.2125
2.2875
2.3625
2.4375
2.5125
2.5875
2.6625
2.7375
2.8125
2.8875
2.9625
3.0375
3.1125
3.1875
3.2625
3.3375
3.4125
3.4875
3.5625
3.6375
3.7125
3.7875
3.8625
3.9375
4.0125
4.0875
4.1625
4.2375
4.3125
4.3875
4.4625
4.5375
4.6125
4.6875
4.7625
4.8375
4.9125
4.9875
5.0625
5.1375
5.2125
5.2875
5.3625
5.4375
5.5125
5.5875
5.6625
5.7375
5.8125
5.8875
5.9625
6.0375
6.1125
6.1875
6.2625
6.3375
6.4125
6.4875
6.5625
6.6375
6.7125
6.7875
6.8625
6.9375
7.0125
7.0875
7.1625
7.2375
7.3125
7.3875
7.4625
7.5375
7.6125
7.6875
7.7625
7.8375
7.9125
7.9875
8.0625
8.1375
8.2125
8.2875
8.3625
8.4375
8.5125
8.5875
8.6625
8.7375
8.8125
8.8875
8.9625
0.0375
0.1125
0.1875
0.2625
0.3375
0.4125
0.4875
0.5625
0.6375
0.7125
0.7875
0.8625
0.9375
1.0125
1.0875
1.1625
1.2375
1.3125
1.3875
1.4625
1.5375
1.6125
1.6875
1.7625
1.8375
1.9125
1.9875
2.0625
2.1375
2.2125
2.2875
2.3625
2.4375
2.5125
2.5875
2.6625
2.7375
2.8125
2.8875
2.9625
3.0375
3.1125
3.1875
3.2625
3.3375
3.4125
3.4875
3.5625
3.6375
3.7125
3.7875
3.8625
3.9375
4.0125
4.0875
4.1625
4.2375
4.3125
4.3875
4.4625
4.5375
4.6125
4.6875
4.7625
4.8375
4.9125
4.9875
5.0625
5.1375
5.2125
5.2875
5.3625
5.4375
5.5125
5.5875
5.6625
5.7375
5.8125
5.8875
5.9625
6.0375
6.1125
6.1875
6.2625
6.3375
6.4125
6.4875
6.5625
6.6375
6.7125
6.7875
6.8625
6.9375
7.0125
7.0875
7.1625
7.2375
7.3125
7.3875
7.4625
7.5375
7.6125
7.6875
7.7625
7.8375
7.9125
7.9875
8.0625
8.1375
8.2125
8.2875
8.3625
8.4375
8.5125
8.5875
8.6625
8.7375
8.8125
8.8875
8.9625
0.0375
0.1125
0.1875
0.2625
0.3375
0.4125
0.4875
0.5625
0.6375
0.7125
0.7875
0.8625
0.9375
1.0125
1.0875
1.1625
1.2375
1.3125
1.3875
1.4625
1.5375
1.6125
1.6875
1.7625
1.8375
1.9125
1.9875
2.0625
2.1375
2.2125
2.2875
2.3625
2.4375
2.5125
2.5875
2.6625
2.7375
2.8125
2.8875
2.9625
3.0375
3.1125
3.1875
3.2625
3.3375
3.4125
3.4875
3.5625
3.6375
3.7125
3.7875
3.8625
3.9375
4.0125
4.0875
4.1625
4.2375
4.3125
4.3875
4.4625
4.5375
4.6125
4.6875
4.7625
4.8375
4.9125
4.9875
5.0625
5.1375
5.2125
5.2875
5.3625
5.4375
5.5125
5.5875
5.6625
5.7375
5.8125
5.8875
5.9625
6.0375
6.1125
6.1875
6.2625
6.3375
6.4125
6.4875
6.5625
6.6375
6.7125
6.7875
6.8625
6.9375
7.0125
7.0875
7.1625
7.2375
7.3125
7.3875
7.4625
7.5375
7.6125
7.6875
7.7625
7.8375
7.9125
7.9875
8.0625
8.1375
8.2125
8.2875
8.3625
8.4375
8.5125
8.5875
8.6625
8.7375
8.8125
8.8875
8.9625
0.0375
0.1125
0.1875
0.2625
0.3375
0.4125
0.4875
0.5625
0.6375
0.7125
0.7875
0.8625
0.9375
1.0125
1.0875
1.1625
1.2375
1.3125
1.3875
1.4625
1.5375
1.6125
1.6875
1.7625
1.8375
1.9125
1.9875
2.0625
2.1375
2.2125
2.2875
2.3625
2.4375
2.5125
2.5875
2.6625
2.7375
2.8125
2.8875
2.9625
3.0375
3.1125
3.1875
3.2625
3.3375
3.4125
3.4875
3.5625
3.6375
3.7125
3.7875
3.8625
3.9375
4.0125
4.0875
4.1625
4.2375
4.3125
4.3875
4.4625
4.5375
4.6125
4.6875
4.7625
4.8375
4.9125
4.9875
5.0625
5.1375
5.2125
5.2875
5.3625
5.4375
5.5125
5.5875
5.6625
5.7375
5.8125
5.8875
5.9625
6.0375
6.1125
6.1875
6.2625
6.3375
6.4125
6.4875
6.5625
6.6375
6.7125
6.7875
6.8625
6.9375
7.0125
7.0875
7.1625
7.2375
7.3125
7.3875
7.4625
7.5375
7.6125
7.6875
7.7625
7.8375
7.9125
7.9875
8.0625
8.1375
8.2125
8.2875
8.3625
8.4375
8.5125
8.5875
8.6625
8.7375
8.8125
8.8875
8.9625
0.0375
0.1125
0.1875
0.2625
0.3375
0.4125
0.4875
0.5625
0.6375
0.7125
0.7875
0.8625
0.9375
1.0125
1.0875
1.1625
1.2375
1.3125
1.3875
1.4625
1.5375
1.6125
1.6875
1.7625
1.8375
1.9125
1.9875
2.0625
2.1375
2.2125
2.2875
2.3625
2.4375
2.5125
2.5875
2.6625
2.7375
2.8125
2.8875
2.9625
3.0375
3.1125
3.1875
3.2625
3.3375
3.4125
3.4875
3.5625
3.6375
3.7125
3.7875
3.8625
3.9375
4.0125
4.0875
4.1625
4.2375
4.3125
4.3875
4.4625
4.5375
4.6125
4.6875
4.7625
4.8375
4.9125
4.9875
5.0625
5.1375
5.2125
5.2875
5.3625
5.4375
5.5125
5.5875
5.6625
5.7375
5.8125
5.8875
5.9625
6.0375
6.1125
6.1875
6.2625
6.3375
6.4125
6.4875
6.5625
6.6375
6.7125
6.7875
6.8625
6.9375
7.0125
7.0875
7.1625
7.2375
7.3125
7.3875
7.4625
7.5375
7.6125
7.6875
7.7625
7.8375
7.9125
7.9875
8.0625
8.1375
8.2125
8.2875
8.3625
8.4375
8.5125
8.5875
8.6625
8.7375
8.8125
8.8875
8.9625
0.0375
0.1125
0.1875
0.2625
0.3375
0.4125
0.4875
0.5625
0.6375
0.7125
0.7875
0.8625
0.9375
1.0125
1.0875
1.1625
1.2375
1.3125
1.3875
1.4625
1.5375
1.6125
1.6875
1.7625
1.8375
1.9125
1.9875
2.0625
2.1375
2.2125
2.2875
2.3625
2.4375
2.5125
2.5875
2.6625
2.7375
2.8125
2.8875
2.9625
3.0375
3.1125
3.1875
3.2625
3.3375
3.4125
3.4875
3.5625
3.6375
3.7125
3.7875
3.8625
3.9375
4.0125
4.0875
4.1625
4.2375
4.3125
4.3875
4.4625
4.5375
4.6125
4.6875
4.7625
4.8375
4.9125
4.9875
5.0625
5.1375
5.2125
5.2875
5.3625
5.4375
5.5125
5.5875
5.6625
5.7375
5.8125
5.8875
5.9625
6.0375
6.1125
6.1875
6.2625
6.3375
6.4125
6.4875
6.5625
6.6375
6.7125
6.7875
6.8625
6.9375
7.0125
7.0875
7.1625
7.2375
7.3125
7.3875
7.4625
7.5375
7.6125
7.6875
7.7625
7.8375
7.9125
7.9875
8.0625
8.1375
8.2125
8.2875
8.3625
8.4375
8.5125
8.5875
8.6625
8.7375
8.8125
8.8875
8.9625
0.0375
0.1125
0.1875
0.2625
0.3375
0.4125
0.4875
0.5625
0.6375
0.7125
0.7875
0.8625
0.9375
1.0125
1.0875
1.1625
1.2375
1.3125
1.3875
1.4625
1.5375
1.6125
1.6875
1.7625
1.8375
1.9125
1.9875
2.0625
2.1375
2.2125
2.2875
2.3625
2.4375
2.5125
2.5875
2.6625
2.7375
2.8125
2.8875
2.9625
3.0375
3.1125
3.1875
3.2625
3.3375
3.4125
3.4875
3.5625
3.6375
3.7125
3.7875
3.8625
3.9375
4.0125
4.0875
4.1625
4.2375
4.3125
4.3875
4.4625
4.5375
4.6125
4.6875
4.7625
4.8375
4.9125
4.9875
5.0625
5.1375
5.2125
5.2875
5.3625
5.4375
5.5125
5.5875
5.6625
5.7375
5.8125
5.8875
5.9625
6.0375
6.1125
6.1875
6.2625
6.3375
6.4125
6.4875
6.5625
6.6375
6.7125
6.7875
6.8625
6.9375
7.0125
7.0875
7.1625
7.2375
7.3125
7.3875
7.4625
7.5375
7.6125
7.6875
7.7625
7.8375
7.9125
7.9875
8.0625
8.1375
8.2125
8.2875
8.3625
8.4375
8.5125
8.5875
8.6625
8.7375
8.8125
8.8875
8.9625
0.0375
0.1125
0.1875
0.2625
0.3375
0.4125
0.4875
0.5625
0.6375
0.7125
0.7875
0.8625
0.9375
1.0125
1.0875
1.1625
1.2375
1.3125
1.3875
1.4625
1.5375
1.6125
1.6875
1.7625
1.8375
1.9125
1.9875
2.0625
2.1375
2.2125
2.2875
2.3625
2.4375
2.5125
2.5875
2.6625
2.7375
2.8125
2.8875
2.9625
3.0375
3.1125
3.1875
3.2625
3.3375
3.4125
3.4875
3.5625
3.6375
3.7125
3.7875
3.8625
3.9375
4.0125
4.0875
4.1625
4.2375
4.3125
4.3875
4.4625
4.5375
4.6125
4.6875
4.7625
4.8375
4.9125
4.9875
5.0625
5.1375
5.2125
5.2875
5.3625
5.4375
5.5125
5.5875
5.6625
5.7375
5.8125
5.8875
5.9625
6.0375
6.1125
6.1875
6.2625
6.3375
6.4125
6.4875
6.5625
6.6375
6.7125
6.7875
6.8625
6.9375
7.0125
7.0875
7.1625
7.2375
7.3125
7.3875
7.4625
7.5375
7.6125
7.6875
7.7625
7.8375
7.9125
7.9875
8.0625
8.1375
8.2125
8.2875
8.3625
8.4375
8.5125
8.5875
8.6625
8.7375
8.8125
8.8875
8.9625
0.0375
0.1125
0.1875
0.2625
0.3375
0.4125
0.4875
0.5625
0.6375
0.7125
0.7875
0.8625
0.9375
1.0125
1.0875
1.1625
1.2375
1.3125
1.3875
1.4625
1.5375
1.6125
1.6875
1.7625
1.8375
1.9125
1.9875
2.0625
2.1375
2.2125
2.2875
2.3625
2.4375
2.5125
2.5875
2.6625
2.7375
2.8125
2.8875
2.9625
3.0375
3.1125
3.1875
3.2625
3.3375
3.4125
3.4875
3.5625
3.6375
3.7125
3.7875
3.8625
3.9375
4.0125
4.0875
4.1625
4.2375
4.3125
4.3875
4.4625
4.5375
4.6125
4.6875
4.7625
4.8375
4.9125
4.9875
5.0625
5.1375
5.2125
5.2875
5.3625
5.4375
5.5125
5.5875
5.6625
5.7375
5.8125
5.8875
5.9625
6.0375
6.1125
6.1875
6.2625
6.3375
6.4125
6.4875
6.5625
6.6375
6.7125
6.7875
6.8625
6.9375
7.0125
7.0875
7.1625
7.2375
7.3125
7.3875
7.4625
7.5375
7.6125
7.6875
7.7625
7.8375
7.9125
7.9875
8.0625
8.1375
8.2125
8.2875
8.3625
8.4375
8.5125
8.5875
8.6625
8.7375
8.8125
8.8875
8.9625
0.0375
0.1125
0.1875
0.2625
0.3375
0.4125
0.4875
0.5625
0.6375
0.7125
0.7875
0.8625
0.9375
1.0125
1.0875
1.1625
1.2375
1.3125
1.3875
1.4625
1.5375
1.6125
1.6875
1.7625
1.8375
1.9125
1.9875
2.0625
2.1375
2.2125
2.2875
2.3625
2.4375
2.5125
2.5875
2.6625
2.7375
2.8125
2.8875
2.9625
3.0375
3.1125
3.1875
3.2625
3.3375
3.4125
3.4875
3.5625
3.6375
3.7125
3.7875
3.8625
3.9375
4.0125
4.0875
4.1625
4.2375
4.3125
4.3875
4.4625
4.5375
4.6125
4.6875
4.7625
4.8375
4.9125
4.9875
5.0625
5.1375
5.2125
5.2875
5.3625
5.4375
5.5125
5.5875
5.6625
5.7375
5.8125
5.8875
5.9625
6.0375
6.1125
6.1875
6.2625
6.3375
6.4125
6.4875
6.5625
6.6375
6.7125
6.7875
6.8625
6.9375
7.0125
7.0875
7.1625
7.2375
7.3125
7.3875
7.4625
7.5375
7.6125
7.6875
7.7625
7.8375
7.9125
7.9875
8.0625
8.1375
8.2125
8.2875
8.3625
8.4375
8.5125
8.5875
8.6625
8.7375
8.8125
8.8875
8.9625
0.0375
0.1125
0.1875
0.2625
0.3375
0.4125
0.4875
0.5625
0.6375
0.7125
0.7875
0.8625
0.9375
1.0125
1.0875
1.1625
1.2375
1.3125
1.3875
1.4625
1.5375
1.6125
1.6875
1.7625
1.8375
1.9125
1.9875
2.0625
2.1375
2.2125
2.2875
2.3625
2.4375
2.5125
2.5875
2.6625
2.7375
2.8125
2.8875
2.9625
3.0375
3.1125
3.1875
3.2625
3.3375
3.4125
3.4875
3.5625
3.6375
3.7125
3.7875
3.8625
3.9375
4.0125
4.0875
4.1625
4.2375
4.3125
4.3875
4.4625
4.5375
4.6125
4.6875
4.7625
4.8375
4.9125
4.9875
5.0625
5.1375
5.2125
5.2875
5.3625
5.4375
5.5125
5.5875
5.6625
5.7375
5.8125
5.8875
5.9625
6.0375
6.1125
6.1875
6.2625
6.3375
6.4125
6.4875
6.5625
6.6375
6.7125
6.7875
6.8625
6.9375
7.0125
7.0875
7.1625
7.2375
7.3125
7.3875
7.4625
7.5375
7.6125
7.6875
7.7625
7.8375
7.9125
7.9875
8.0625
8.1375
8.2125
8.2875
8.3625
8.4375
8.5125
8.5875
8.6625
8.7375
8.8125
8.8875
8.9625
0.0375
0.1125
0.1875
0.2625
0.3375
0.4125
0.4875
0.5625
0.6375
0.7125
0.7875
0.8625
0.9375
1.0125
1.0875
1.1625
1.2375
1.3125
1.3875
1.4625
1.5375
1.6125
1.6875
1.7625
1.8375
1.9125
1.9875
2.0625
2.1375
2.2125
2.2875
2.3625
2.4375
2.5125
2.5875
2.6625
2.7375
2.8125
2.8875
2.9625
3.0375
3.1125
3.1875
3.2625
3.3375
3.4125
3.4875
3.5625
3.6375
3.7125
3.7875
3.8625
3.9375
4.0125
4.0875
4.1625
4.2375
4.3125
4.3875
4.4625
4.5375
4.6125
4.6875
4.7625
4.8375
4.9125
4.9875
5.0625
5.1375
5.2125
5.2875
5.3625
5.4375
5.5125
5.5875
5.6625
5.7375
5.8125
5.8875
5.9625
6.0375
6.1125
6.1875
6.2625
6.3375
6.4125
6.4875
6.5625
6.6375
6.7125
6.7875
6.8625
6.9375
7.0125
7.0875
7.1625
7.2375
7.3125
7.3875
7.4625
7.5375
7.6125
7.6875
7.7625
7.8375
7.9125
7.9875
8.0625
8.1375
8.2125
8.2875
8.3625
8.4375
8.5125
8.5875
8.6625
8.7375
8.8125
8.8875
8.9625
0.0375
0.1125
0.1875
0.2625
0.3375
0.4125
0.4875
0.5625
0.6375
0.7125
0.7875
0.8625
0.9375
1.0125
1.0875
1.1625
1.2375
1.3125
1.3875
1.4625
1.5375
1.6125
1.6875
1.7625
1.8375
1.9125
1.9875
2.0625
2.1375
2.2125
2.2875
2.3625
2.4375
2.5125
2.5875
2.6625
2.7375
2.8125
2.8875
2.9625
3.0375
3.1125
3.1875
3.2625
3.3375
3.4125
3.4875
3.5625
3.6375
3.7125
3.7875
3.8625
3.9375
4.0125
4.0875
4.1625
4.2375
4.3125
4.3875
4.4625
4.5375
4.6125
4.6875
4.7625
4.8375
4.9125
4.9875
5.0625
5.1375
5.2125
5.2875
5.3625
5.4375
5.5125
5.5875
5.6625
5.7375
5.8125
5.8875
5.9625
6.0375
6.1125
6.1875
6.2625
6.3375
6.4125
6.4875
6.5625
6.6375
6.7125
6.7875
6.8625
6.9375
7.0125
7.0875
7.1625
7.2375
7.3125
7.3875
7.4625
7.5375
7.6125
7.6875
7.7625
7.8375
7.9125
7.9875
8.0625
8.1375
8.2125
8.2875
8.3625
8.4375
8.5125
8.5875
8.6625
8.7375
8.8125
8.8875
8.9625
0.0375
0.1125
0.1875
0.2625
0.3375
0.4125
0.4875
0.5625
0.6375
0.7125
0.7875
0.8625
0.9375
1.0125
1.0875
1.1625
1.2375
1.3125
1.3875
1.4625
1.5375
1.6125
1.6875
1.7625
1.8375
1.9125
1.9875
2.0625
2.1375
2.2125
2.2875
2.3625
2.4375
2.5125
2.5875
2.6625
2.7375
2.8125
2.8875
2.9625
3.0375
3.1125
3.1875
3.2625
3.3375
3.4125
3.4875
3.5625
3.6375
3.7125
3.7875
3.8625
3.9375
4.0125
4.0875
4.1625
4.2375
4.3125
4.3875
4.4625
4.5375
4.6125
4.6875
4.7625
4.8375
4.9125
4.9875
5.0625
5.1375
5.2125
5.2875
5.3625
5.4375
5.5125
5.5875
5.6625
5.7375
5.8125
5.8875
5.9625
6.0375
6.1125
6.1875
6.2625
6.3375
6.4125
6.4875
6.5625
6.6375
6.7125
6.7875
6.8625
6.9375
7.0125
7.0875
7.1625
7.2375
7.3125
7.3875
7.4625
7.5375
7.6125
7.6875
7.7625
7.8375
7.9125
7.9875
8.0625
8.1375
8.2125
8.2875
8.3625
8.4375
8.5125
8.5875
8.6625
8.7375
8.8125
8.8875
8.9625
0.0375
0.1125
0.1875
0.2625
0.3375
0.4125
0.4875
0.5625
0.6375
0.7125
0.7875
0.8625
0.9375
1.0125
1.0875
1.1625
1.2375
1.3125
1.3875
1.4625
1.5375
1.6125
1.6875
1.7625
1.8375
1.9125
1.9875
2.0625
2.1375
2.2125
2.2875
2.3625
2.4375
2.5125
2.5875
2.6625
2.7375
2.8125
2.8875
2.9625
3.0375
3.1125
3.1875
3.2625
3.3375
3.4125
3.4875
3.5625
3.6375
3.7125
3.7875
3.8625
3.9375
4.0125
4.0875
4.1625
4.2375
4.3125
4.3875
4.4625
4.5375
4.6125
4.6875
4.7625
4.8375
4.9125
4.9875
5.0625
5.1375
5.2125
5.2875
5.3625
5.4375
5.5125
5.5875
5.6625
5.7375
5.8125
5.8875
5.9625
6.0375
6.1125
6.1875
6.2625
6.3375
6.4125
6.4875
6.5625
6.6375
6.7125
6.7875
6.8625
6.9375
7.0125
7.0875
7.1625
7.2375
7.3125
7.3875
7.4625
7.5375
7.6125
7.6875
7.7625
7.8375
7.9125
7.9875
8.0625
8.1375
8.2125
8.2875
8.3625
8.4375
8.5125
8.5875
8.6625
8.7375
8.8125
8.8875
8.9625
0.0375
0.1125
0.1875
0.2625
0.3375
0.4125
0.4875
0.5625
0.6375
0.7125
0.7875
0.8625
0.9375
1.0125
1.0875
1.1625
1.2375
1.3125
1.3875
1.4625
1.5375
1.6125
1.6875
1.7625
1.8375
1.9125
1.9875
2.0625
2.1375
2.2125
2.2875
2.3625
2.4375
2.5125
2.5875
2.6625
2.7375
2.8125
2.8875
2.9625
3.0375
3.1125
3.1875
3.2625
3.3375
3.4125
3.4875
3.5625
3.6375
3.7125
3.7875
3.8625
3.9375
4.0125
4.0875
4.1625
4.2375
4.3125
4.3875
4.4625
4.5375
4.6125
4.6875
4.7625
4.8375
4.9125
4.9875
5.0625
5.1375
5.2125
5.2875
5.3625
5.4375
5.5125
5.5875
5.6625
5.7375
5.8125
5.8875
5.9625
6.0375
6.1125
6.1875
6.2625
6.3375
6.4125
6.4875
6.5625
6.6375
6.7125
6.7875
6.8625
6.9375
7.0125
7.0875
7.1625
7.2375
7.3125
7.3875
7.4625
7.5375
7.6125
7.6875
7.7625
7.8375
7.9125
7.9875
8.0625
8.1375
8.2125
8.2875
8.3625
8.4375
8.5125
8.5875
8.6625
8.7375
8.8125
8.8875
8.9625
0.0375
0.1125
0.1875
0.2625
0.3375
0.4125
0.4875
0.5625
0.6375
0.7125
0.7875
0.8625
0.9375
1.0125
1.0875
1.1625
1.2375
1.3125
1.3875
1.4625
1.5375
1.6125
1.6875
1.7625
1.8375
1.9125
1.9875
2.0625
2.1375
2.2125
2.2875
2.3625
2.4375
2.5125
2.5875
2.6625
2.7375
2.8125
2.8875
2.9625
3.0375
3.1125
3.1875
3.2625
3.3375
3.4125
3.4875
3.5625
3.6375
3.7125
3.7875
3.8625
3.9375
4.0125
4.0875
4.1625
4.2375
4.3125
4.3875
4.4625
4.5375
4.6125
4.6875
4.7625
4.8375
4.9125
4.9875
5.0625
5.1375
5.2125
5.2875
5.3625
5.4375
5.5125
5.5875
5.6625
5.7375
5.8125
5.8875
5.9625
6.0375
6.1125
6.1875
6.2625
6.3375
6.4125
6.4875
6.5625
6.6375
6.7125
6.7875
6.8625
6.9375
7.0125
7.0875
7.1625
7.2375
7.3125
7.3875
7.4625
7.5375
7.6125
7.6875
7.7625
7.8375
7.9125
7.9875
8.0625
8.1375
8.2125
8.2875
8.3625
8.4375
8.5125
8.5875
8.6625
8.7375
8.8125
8.8875
8.9625
0.0375
0.1125
0.1875
0.2625
0.3375
0.4125
0.4875
0.5625
0.6375
0.7125
0.7875
0.8625
0.9375
1.0125
1.0875
1.1625
1.2375
1.3125
1.3875
1.4625
1.5375
1.6125
1.6875
1.7625
1.8375
1.9125
1.9875
2.0625
2.1375
2.2125
2.2875
2.3625
2.4375
2.5125
2.5875
2.6625
2.7375
2.8125
2.8875
2.9625
3.0375
3.1125
3.1875
3.2625
3.3375
3.4125
3.4875
3.5625
3.6375
3.7125
3.7875
3.8625
3.9375
4.0125
4.0875
4.1625
4.2375
4.3125
4.3875
4.4625
4.5375
4.6125
4.6875
4.7625
4.8375
4.9125
4.9875
5.0625
5.1375
5.2125
5.2875
5.3625
5.4375
5.5125
5.5875
5.6625
5.7375
5.8125
5.8875
5.9625
6.0375
6.1125
6.1875
6.2625
6.3375
6.4125
6.4875
6.5625
6.6375
6.7125
6.7875
6.8625
6.9375
7.0125
7.0875
7.1625
7.2375
7.3125
7.3875
7.4625
7.5375
7.6125
7.6875
7.7625
7.8375
7.9125
7.9875
8.0625
8.1375
8.2125
8.2875
8.3625
8.4375
8.5125
8.5875
8.6625
8.7375
8.8125
8.8875
8.9625
0.0375
0.1125
0.1875
0.2625
0.3375
0.4125
0.4875
0.5625
0.6375
0.7125
0.7875
0.8625
0.9375
1.0125
1.0875
1.1625
1.2375
1.3125
1.3875
1.4625
1.5375
1.6125
1.6875
1.7625
1.8375
1.9125
1.9875
2.0625
2.1375
2.2125
2.2875
2.3625
2.4375
2.5125
2.5875
2.6625
2.7375
2.8125
2.8875
2.9625
3.0375
3.1125
3.1875
3.2625
3.3375
3.4125
3.4875
3.5625
3.6375
3.7125
3.7875
3.8625
3.9375
4.0125
4.0875
4.1625
4.2375
4.3125
4.3875
4.4625
4.5375
4.6125
4.6875
4.7625
4.8375
4.9125
4.9875
5.0625
5.1375
5.2125
5.2875
5.3625
5.4375
5.5125
5.5875
5.6625
5.7375
5.8125
5.8875
5.9625
6.0375
6.1125
6.1875
6.2625
6.3375
6.4125
6.4875
6.5625
6.6375
6.7125
6.7875
6.8625
6.9375
7.0125
7.0875
7.1625
7.2375
7.3125
7.3875
7.4625
7.5375
7.6125
7.6875
7.7625
7.8375
7.9125
7.9875
8.0625
8.1375
8.2125
8.2875
8.3625
8.4375
8.5125
8.5875
8.6625
8.7375
8.8125
8.8875
8.9625
0.0375
0.1125
0.1875
0.2625
0.3375
0.4125
0.4875
0.5625
0.6375
0.7125
0.7875
0.8625
0.9375
1.0125
1.0875
1.1625
1.2375
1.3125
1.3875
1.4625
1.5375
1.6125
1.6875
1.7625
1.8375
1.9125
1.9875
2.0625
2.1375
2.2125
2.2875
2.3625
2.4375
2.5125
2.5875
2.6625
2.7375
2.8125
2.8875
2.9625
3.0375
3.1125
3.1875
3.2625
3.3375
3.4125
3.4875
3.5625
3.6375
3.7125
3.7875
3.8625
3.9375
4.0125
4.0875
4.1625
4.2375
4.3125
4.3875
4.4625
4.5375
4.6125
4.6875
4.7625
4.8375
4.9125
4.9875
5.0625
5.1375
5.2125
5.2875
5.3625
5.4375
5.5125
5.5875
5.6625
5.7375
5.8125
5.8875
5.9625
6.0375
6.1125
6.1875
6.2625
6.3375
6.4125
6.4875
6.5625
6.6375
6.7125
6.7875
6.8625
6.9375
7.0125
7.0875
7.1625
7.2375
7.3125
7.3875
7.4625
7.5375
7.6125
7.6875
7.7625
7.8375
7.9125
7.9875
8.0625
8.1375
8.2125
8.2875
8.3625
8.4375
8.5125
8.5875
8.6625
8.7375
8.8125
8.8875
8.9625
0.0375
0.1125
0.1875
0.2625
0.3375
0.4125
0.4875
0.5625
0.6375
0.7125
0.7875
0.8625
0.9375
1.0125
1.0875
1.1625
1.2375
1.3125
1.3875
1.4625
1.5375
1.6125
1.6875
1.7625
1.8375
1.9125
1.9875
2.0625
2.1375
2.2125
2.2875
2.3625
2.4375
2.5125
2.5875
2.6625
2.7375
2.8125
2.8875
2.9625
3.0375
3.1125
3.1875
3.2625
3.3375
3.4125
3.4875
3.5625
3.6375
3.7125
3.7875
3.8625
3.9375
4.0125
4.0875
4.1625
4.2375
4.3125
4.3875
4.4625
4.5375
4.6125
4.6875
4.7625
4.8375
4.9125
4.9875
5.0625
5.1375
5.2125
5.2875
5.3625
5.4375
5.5125
5.5875
5.6625
5.7375
5.8125
5.8875
5.9625
6.0375
6.1125
6.1875
6.2625
6.3375
6.4125
6.4875
6.5625
6.6375
6.7125
6.7875
6.8625
6.9375
7.0125
7.0875
7.1625
7.2375
7.3125
7.3875
7.4625
7.5375
7.6125
7.6875
7.7625
7.8375
7.9125
7.9875
8.0625
8.1375
8.2125
8.2875
8.3625
8.4375
8.5125
8.5875
8.6625
8.7375
8.8125
8.8875
8.9625
0.0375
0.1125
0.1875
0.2625
0.3375
0.4125
0.4875
0.5625
0.6375
0.7125
0.7875
0.8625
0.9375
1.0125
1.0875
1.1625
1.2375
1.3125
1.3875
1.4625
1.5375
1.6125
1.6875
1.7625
1.8375
1.9125
1.9875
2.0625
2.1375
2.2125
2.2875
2.3625
2.4375
2.5125
2.5875
2.6625
2.7375
2.8125
2.8875
2.9625
3.0375
3.1125
3.1875
3.2625
3.3375
3.4125
3.4875
3.5625
3.6375
3.7125
3.7875
3.8625
3.9375
4.0125
4.0875
4.1625
4.2375
4.3125
4.3875
4.4625
4.5375
4.6125
4.6875
4.7625
4.8375
4.9125
4.9875
5.0625
5.1375
5.2125
5.2875
5.3625
5.4375
5.5125
5.5875
5.6625
5.7375
5.8125
5.8875
5.9625
6.0375
6.1125
6.1875
6.2625
6.3375
6.4125
6.4875
6.5625
6.6375
6.7125
6.7875
6.8625
6.9375
7.0125
7.0875
7.1625
7.2375
7.3125
7.3875
7.4625
7.5375
7.6125
7.6875
7.7625
7.8375
7.9125
7.9875
8.0625
8.1375
8.2125
8.2875
8.3625
8.4375
8.5125
8.5875
8.6625
8.7375
8.8125
8.8875
8.9625
0.0375
0.1125
0.1875
0.2625
0.3375
0.4125
0.4875
0.5625
0.6375
0.7125
0.7875
0.8625
0.9375
1.0125
1.0875
1.1625
1.2375
1.3125
1.3875
1.4625
1.5375
1.6125
1.6875
1.7625
1.8375
1.9125
1.9875
2.0625
2.1375
2.2125
2.2875
2.3625
2.4375
2.5125
2.5875
2.6625
2.7375
2.8125
2.8875
2.9625
3.0375
3.1125
3.1875
3.2625
3.3375
3.4125
3.4875
3.5625
3.6375
3.7125
3.7875
3.8625
3.9375
4.0125
4.0875
4.1625
4.2375
4.3125
4.3875
4.4625
4.5375
4.6125
4.6875
4.7625
4.8375
4.9125
4.9875
5.0625
5.1375
5.2125
5.2875
5.3625
5.4375
5.5125
5.5875
5.6625
5.7375
5.8125
5.8875
5.9625
6.0375
6.1125
6.1875
6.2625
6.3375
6.4125
6.4875
6.5625
6.6375
6.7125
6.7875
6.8625
6.9375
7.0125
7.0875
7.1625
7.2375
7.3125
7.3875
7.4625
7.5375
7.6125
7.6875
7.7625
7.8375
7.9125
7.9875
8.0625
8.1375
8.2125
8.2875
8.3625
8.4375
8.5125
8.5875
8.6625
8.7375
8.8125
8.8875
8.9625
0.0375
0.1125
0.1875
0.2625
0.3375
0.4125
0.4875
0.5625
0.6375
0.7125
0.7875
0.8625
0.9375
1.0125
1.0875
1.1625
1.2375
1.3125
1.3875
1.4625
1.5375
1.6125
1.6875
1.7625
1.8375
1.9125
1.9875
2.0625
2.1375
2.2125
2.2875
2.3625
2.4375
2.5125
2.5875
2.6625
2.7375
2.8125
2.8875
2.9625
3.0375
3.1125
3.1875
3.2625
3.3375
3.4125
3.4875
3.5625
3.6375
3.7125
3.7875
3.8625
3.9375
4.0125
4.0875
4.1625
4.2375
4.3125
4.3875
4.4625
4.5375
4.6125
4.6875
4.7625
4.8375
4.9125
4.9875
5.0625
5.1375
5.2125
5.2875
5.3625
5.4375
5.5125
5.5875
5.6625
5.7375
5.8125
5.8875
5.9625
6.0375
6.1125
6.1875
6.2625
6.3375
6.4125
6.4875
6.5625
6.6375
6.7125
6.7875
6.8625
6.9375
7.0125
7.0875
7.1625
7.2375
7.3125
7.3875
7.4625
7.5375
7.6125
7.6875
7.7625
7.8375
7.9125
7.9875
8.0625
8.1375
8.2125
8.2875
8.3625
8.4375
8.5125
8.5875
8.6625
8.7375
8.8125
8.8875
8.9625
0.0375
0.1125
0.1875
0.2625
0.3375
0.4125
0.4875
0.5625
0.6375
0.7125
0.7875
0.8625
0.9375
1.0125
1.0875
1.1625
1.2375
1.3125
1.3875
1.4625
1.5375
1.6125
1.6875
1.7625
1.8375
1.9125
1.9875
2.0625
2.1375
2.2125
2.2875
2.3625
2.4375
2.5125
2.5875
2.6625
2.7375
2.8125
2.8875
2.9625
3.0375
3.1125
3.1875
3.2625
3.3375
3.4125
3.4875
3.5625
3.6375
3.7125
3.7875
3.8625
3.9375
4.0125
4.0875
4.1625
4.2375
4.3125
4.3875
4.4625
4.5375
4.6125
4.6875
4.7625
4.8375
4.9125
4.9875
5.0625
5.1375
5.2125
5.2875
5.3625
5.4375
5.5125
5.5875
5.6625
5.7375
5.8125
5.8875
5.9625
6.0375
6.1125
6.1875
6.2625
6.3375
6.4125
6.4875
6.5625
6.6375
6.7125
6.7875
6.8625
6.9375
7.0125
7.0875
7.1625
7.2375
7.3125
7.3875
7.4625
7.5375
7.6125
7.6875
7.7625
7.8375
7.9125
7.9875
8.0625
8.1375
8.2125
8.2875
8.3625
8.4375
8.5125
8.5875
8.6625
8.7375
8.8125
8.8875
8.9625
0.0375
0.1125
0.1875
0.2625
0.3375
0.4125
0.4875
0.5625
0.6375
0.7125
0.7875
0.8625
0.9375
1.0125
1.0875
1.1625
1.2375
1.3125
1.3875
1.4625
1.5375
1.6125
1.6875
1.7625
1.8375
1.9125
1.9875
2.0625
2.1375
2.2125
2.2875
2.3625
2.4375
2.5125
2.5875
2.6625
2.7375
2.8125
2.8875
2.9625
3.0375
3.1125
3.1875
3.2625
3.3375
3.4125
3.4875
3.5625
3.6375
3.7125
3.7875
3.8625
3.9375
4.0125
4.0875
4.1625
4.2375
4.3125
4.3875
4.4625
4.5375
4.6125
4.6875
4.7625
4.8375
4.9125
4.9875
5.0625
5.1375
5.2125
5.2875
5.3625
5.4375
5.5125
5.5875
5.6625
5.7375
5.8125
5.8875
5.9625
6.0375
6.1125
6.1875
6.2625
6.3375
6.4125
6.4875
6.5625
6.6375
6.7125
6.7875
6.8625
6.9375
7.0125
7.0875
7.1625
7.2375
7.3125
7.3875
7.4625
7.5375
7.6125
7.6875
7.7625
7.8375
7.9125
7.9875
8.0625
8.1375
8.2125
8.2875
8.3625
8.4375
8.5125
8.5875
8.6625
8.7375
8.8125
8.8875
8.9625
0.0375
0.1125
0.1875
0.2625
0.3375
0.4125
0.4875
0.5625
0.6375
0.7125
0.7875
0.8625
0.9375
1.0125
1.0875
1.1625
1.2375
1.3125
1.3875
1.4625
1.5375
1.6125
1.6875
1.7625
1.8375
1.9125
1.9875
2.0625
2.1375
2.2125
2.2875
2.3625
2.4375
2.5125
2.5875
2.6625
2.7375
2.8125
2.8875
2.9625
3.0375
3.1125
3.1875
3.2625
3.3375
3.4125
3.4875
3.5625
3.6375
3.7125
3.7875
3.8625
3.9375
4.0125
4.0875
4.1625
4.2375
4.3125
4.3875
4.4625
4.5375
4.6125
4.6875
4.7625
4.8375
4.9125
4.9875
5.0625
5.1375
5.2125
5.2875
5.3625
5.4375
5.5125
5.5875
5.6625
5.7375
5.8125
5.8875
5.9625
6.0375
6.1125
6.1875
6.2625
6.3375
6.4125
6.4875
6.5625
6.6375
6.7125
6.7875
6.8625
6.9375
7.0125
7.0875
7.1625
7.2375
7.3125
7.3875
7.4625
7.5375
7.6125
7.6875
7.7625
7.8375
7.9125
7.9875
8.0625
8.1375
8.2125
8.2875
8.3625
8.4375
8.5125
8.5875
8.6625
8.7375
8.8125
8.8875
8.9625
0.0375
0.1125
0.1875
0.2625
0.3375
0.4125
0.4875
0.5625
0.6375
0.7125
0.7875
0.8625
0.9375
1.0125
1.0875
1.1625
1.2375
1.3125
1.3875
1.4625
1.5375
1.6125
1.6875
1.7625
1.8375
1.9125
1.9875
2.0625
2.1375
2.2125
2.2875
2.3625
2.4375
2.5125
2.5875
2.6625
2.7375
2.8125
2.8875
2.9625
3.0375
3.1125
3.1875
3.2625
3.3375
3.4125
3.4875
3.5625
3.6375
3.7125
3.7875
3.8625
3.9375
4.0125
4.0875
4.1625
4.2375
4.3125
4.3875
4.4625
4.5375
4.6125
4.6875
4.7625
4.8375
4.9125
4.9875
5.0625
5.1375
5.2125
5.2875
5.3625
5.4375
5.5125
5.5875
5.6625
5.7375
5.8125
5.8875
5.9625
6.0375
6.1125
6.1875
6.2625
6.3375
6.4125
6.4875
6.5625
6.6375
6.7125
6.7875
6.8625
6.9375
7.0125
7.0875
7.1625
7.2375
7.3125
7.3875
7.4625
7.5375
7.6125
7.6875
7.7625
7.8375
7.9125
7.9875
8.0625
8.1375
8.2125
8.2875
8.3625
8.4375
8.5125
8.5875
8.6625
8.7375
8.8125
8.8875
8.9625
0.0375
0.1125
0.1875
0.2625
0.3375
0.4125
0.4875
0.5625
0.6375
0.7125
0.7875
0.8625
0.9375
1.0125
1.0875
1.1625
1.2375
1.3125
1.3875
1.4625
1.5375
1.6125
1.6875
1.7625
1.8375
1.9125
1.9875
2.0625
2.1375
2.2125
2.2875
2.3625
2.4375
2.5125
2.5875
2.6625
2.7375
2.8125
2.8875
2.9625
3.0375
3.1125
3.1875
3.2625
3.3375
3.4125
3.4875
3.5625
3.6375
3.7125
3.7875
3.8625
3.9375
4.0125
4.0875
4.1625
4.2375
4.3125
4.3875
4.4625
4.5375
4.6125
4.6875
4.7625
4.8375
4.9125
4.9875
5.0625
5.1375
5.2125
5.2875
5.3625
5.4375
5.5125
5.5875
5.6625
5.7375
5.8125
5.8875
5.9625
6.0375
6.1125
6.1875
6.2625
6.3375
6.4125
6.4875
6.5625
6.6375
6.7125
6.7875
6.8625
6.9375
7.0125
7.0875
7.1625
7.2375
7.3125
7.3875
7.4625
7.5375
7.6125
7.6875
7.7625
7.8375
7.9125
7.9875
8.0625
8.1375
8.2125
8.2875
8.3625
8.4375
8.5125
8.5875
8.6625
8.7375
8.8125
8.8875
8.9625
0.0375
0.1125
0.1875
0.2625
0.3375
0.4125
0.4875
0.5625
0.6375
0.7125
0.7875
0.8625
0.9375
1.0125
1.0875
1.1625
1.2375
1.3125
1.3875
1.4625
1.5375
1.6125
1.6875
1.7625
1.8375
1.9125
1.9875
2.0625
2.1375
2.2125
2.2875
2.3625
2.4375
2.5125
2.5875
2.6625
2.7375
2.8125
2.8875
2.9625
3.0375
3.1125
3.1875
3.2625
3.3375
3.4125
3.4875
3.5625
3.6375
3.7125
3.7875
3.8625
3.9375
4.0125
4.0875
4.1625
4.2375
4.3125
4.3875
4.4625
4.5375
4.6125
4.6875
4.7625
4.8375
4.9125
4.9875
5.0625
5.1375
5.2125
5.2875
5.3625
5.4375
5.5125
5.5875
5.6625
5.7375
5.8125
5.8875
5.9625
6.0375
6.1125
6.1875
6.2625
6.3375
6.4125
6.4875
6.5625
6.6375
6.7125
6.7875
6.8625
6.9375
7.0125
7.0875
7.1625
7.2375
7.3125
7.3875
7.4625
7.5375
7.6125
7.6875
7.7625
7.8375
7.9125
7.9875
8.0625
8.1375
8.2125
8.2875
8.3625
8.4375
8.5125
8.5875
8.6625
8.7375
8.8125
8.8875
8.9625
0.0375
0.1125
0.1875
0.2625
0.3375
0.4125
0.4875
0.5625
0.6375
0.7125
0.7875
0.8625
0.9375
1.0125
1.0875
1.1625
1.2375
1.3125
1.3875
1.4625
1.5375
1.6125
1.6875
1.7625
1.8375
1.9125
1.9875
2.0625
2.1375
2.2125
2.2875
2.3625
2.4375
2.5125
2.5875
2.6625
2.7375
2.8125
2.8875
2.9625
3.0375
3.1125
3.1875
3.2625
3.3375
3.4125
3.4875
3.5625
3.6375
3.7125
3.7875
3.8625
3.9375
4.0125
4.0875
4.1625
4.2375
4.3125
4.3875
4.4625
4.5375
4.6125
4.6875
4.7625
4.8375
4.9125
4.9875
5.0625
5.1375
5.2125
5.2875
5.3625
5.4375
5.5125
5.5875
5.6625
5.7375
5.8125
5.8875
5.9625
6.0375
6.1125
6.1875
6.2625
6.3375
6.4125
6.4875
6.5625
6.6375
6.7125
6.7875
6.8625
6.9375
7.0125
7.0875
7.1625
7.2375
7.3125
7.3875
7.4625
7.5375
7.6125
7.6875
7.7625
7.8375
7.9125
7.9875
8.0625
8.1375
8.2125
8.2875
8.3625
8.4375
8.5125
8.5875
8.6625
8.7375
8.8125
8.8875
8.9625
0.0375
0.1125
0.1875
0.2625
0.3375
0.4125
0.4875
0.5625
0.6375
0.7125
0.7875
0.8625
0.9375
1.0125
1.0875
1.1625
1.2375
1.3125
1.3875
1.4625
1.5375
1.6125
1.6875
1.7625
1.8375
1.9125
1.9875
2.0625
2.1375
2.2125
2.2875
2.3625
2.4375
2.5125
2.5875
2.6625
2.7375
2.8125
2.8875
2.9625
3.0375
3.1125
3.1875
3.2625
3.3375
3.4125
3.4875
3.5625
3.6375
3.7125
3.7875
3.8625
3.9375
4.0125
4.0875
4.1625
4.2375
4.3125
4.3875
4.4625
4.5375
4.6125
4.6875
4.7625
4.8375
4.9125
4.9875
5.0625
5.1375
5.2125
5.2875
5.3625
5.4375
5.5125
5.5875
5.6625
5.7375
5.8125
5.8875
5.9625
6.0375
6.1125
6.1875
6.2625
6.3375
6.4125
6.4875
6.5625
6.6375
6.7125
6.7875
6.8625
6.9375
7.0125
7.0875
7.1625
7.2375
7.3125
7.3875
7.4625
7.5375
7.6125
7.6875
7.7625
7.8375
7.9125
7.9875
8.0625
8.1375
8.2125
8.2875
8.3625
8.4375
8.5125
8.5875
8.6625
8.7375
8.8125
8.8875
8.9625
0.0375
0.1125
0.1875
0.2625
0.3375
0.4125
0.4875
0.5625
0.6375
0.7125
0.7875
0.8625
0.9375
1.0125
1.0875
1.1625
1.2375
1.3125
1.3875
1.4625
1.5375
1.6125
1.6875
1.7625
1.8375
1.9125
1.9875
2.0625
2.1375
2.2125
2.2875
2.3625
2.4375
2.5125
2.5875
2.6625
2.7375
2.8125
2.8875
2.9625
3.0375
3.1125
3.1875
3.2625
3.3375
3.4125
3.4875
3.5625
3.6375
3.7125
3.7875
3.8625
3.9375
4.0125
4.0875
4.1625
4.2375
4.3125
4.3875
4.4625
4.5375
4.6125
4.6875
4.7625
4.8375
4.9125
4.9875
5.0625
5.1375
5.2125
5.2875
5.3625
5.4375
5.5125
5.5875
5.6625
5.7375
5.8125
5.8875
5.9625
6.0375
6.1125
6.1875
6.2625
6.3375
6.4125
6.4875
6.5625
6.6375
6.7125
6.7875
6.8625
6.9375
7.0125
7.0875
7.1625
7.2375
7.3125
7.3875
7.4625
7.5375
7.6125
7.6875
7.7625
7.8375
7.9125
7.9875
8.0625
8.1375
8.2125
8.2875
8.3625
8.4375
8.5125
8.5875
8.6625
8.7375
8.8125
8.8875
8.9625
0.0375
0.1125
0.1875
0.2625
0.3375
0.4125
0.4875
0.5625
0.6375
0.7125
0.7875
0.8625
0.9375
1.0125
1.0875
1.1625
1.2375
1.3125
1.3875
1.4625
1.5375
1.6125
1.6875
1.7625
1.8375
1.9125
1.9875
2.0625
2.1375
2.2125
2.2875
2.3625
2.4375
2.5125
2.5875
2.6625
2.7375
2.8125
2.8875
2.9625
3.0375
3.1125
3.1875
3.2625
3.3375
3.4125
3.4875
3.5625
3.6375
3.7125
3.7875
3.8625
3.9375
4.0125
4.0875
4.1625
4.2375
4.3125
4.3875
4.4625
4.5375
4.6125
4.6875
4.7625
4.8375
4.9125
4.9875
5.0625
5.1375
5.2125
5.2875
5.3625
5.4375
5.5125
5.5875
5.6625
5.7375
5.8125
5.8875
5.9625
6.0375
6.1125
6.1875
6.2625
6.3375
6.4125
6.4875
6.5625
6.6375
6.7125
6.7875
6.8625
6.9375
7.0125
7.0875
7.1625
7.2375
7.3125
7.3875
7.4625
7.5375
7.6125
7.6875
7.7625
7.8375
7.9125
7.9875
8.0625
8.1375
8.2125
8.2875
8.3625
8.4375
8.5125
8.5875
8.6625
8.7375
8.8125
8.8875
8.9625
0.0375
0.1125
0.1875
0.2625
0.3375
0.4125
0.4875
0.5625
0.6375
0.7125
0.7875
0.8625
0.9375
1.0125
1.0875
1.1625
1.2375
1.3125
1.3875
1.4625
1.5375
1.6125
1.6875
1.7625
1.8375
1.9125
1.9875
2.0625
2.1375
2.2125
2.2875
2.3625
2.4375
2.5125
2.5875
2.6625
2.7375
2.8125
2.8875
2.9625
3.0375
3.1125
3.1875
3.2625
3.3375
3.4125
3.4875
3.5625
3.6375
3.7125
3.7875
3.8625
3.9375
4.0125
4.0875
4.1625
4.2375
4.3125
4.3875
4.4625
4.5375
4.6125
4.6875
4.7625
4.8375
4.9125
4.9875
5.0625
5.1375
5.2125
5.2875
5.3625
5.4375
5.5125
5.5875
5.6625
5.7375
5.8125
5.8875
5.9625
6.0375
6.1125
6.1875
6.2625
6.3375
6.4125
6.4875
6.5625
6.6375
6.7125
6.7875
6.8625
6.9375
7.0125
7.0875
7.1625
7.2375
7.3125
7.3875
7.4625
7.5375
7.6125
7.6875
7.7625
7.8375
7.9125
7.9875
8.0625
8.1375
8.2125
8.2875
8.3625
8.4375
8.5125
8.5875
8.6625
8.7375
8.8125
8.8875
8.9625
0.0375
0.1125
0.1875
0.2625
0.3375
0.4125
0.4875
0.5625
0.6375
0.7125
0.7875
0.8625
0.9375
1.0125
1.0875
1.1625
1.2375
1.3125
1.3875
1.4625
1.5375
1.6125
1.6875
1.7625
1.8375
1.9125
1.9875
2.0625
2.1375
2.2125
2.2875
2.3625
2.4375
2.5125
2.5875
2.6625
2.7375
2.8125
2.8875
2.9625
3.0375
3.1125
3.1875
3.2625
3.3375
3.4125
3.4875
3.5625
3.6375
3.7125
3.7875
3.8625
3.9375
4.0125
4.0875
4.1625
4.2375
4.3125
4.3875
4.4625
4.5375
4.6125
4.6875
4.7625
4.8375
4.9125
4.9875
5.0625
5.1375
5.2125
5.2875
5.3625
5.4375
5.5125
5.5875
5.6625
5.7375
5.8125
5.8875
5.9625
6.0375
6.1125
6.1875
6.2625
6.3375
6.4125
6.4875
6.5625
6.6375
6.7125
6.7875
6.8625
6.9375
7.0125
7.0875
7.1625
7.2375
7.3125
7.3875
7.4625
7.5375
7.6125
7.6875
7.7625
7.8375
7.9125
7.9875
8.0625
8.1375
8.2125
8.2875
8.3625
8.4375
8.5125
8.5875
8.6625
8.7375
8.8125
8.8875
8.9625
0.0375
0.1125
0.1875
0.2625
0.3375
0.4125
0.4875
0.5625
0.6375
0.7125
0.7875
0.8625
0.9375
1.0125
1.0875
1.1625
1.2375
1.3125
1.3875
1.4625
1.5375
1.6125
1.6875
1.7625
1.8375
1.9125
1.9875
2.0625
2.1375
2.2125
2.2875
2.3625
2.4375
2.5125
2.5875
2.6625
2.7375
2.8125
2.8875
2.9625
3.0375
3.1125
3.1875
3.2625
3.3375
3.4125
3.4875
3.5625
3.6375
3.7125
3.7875
3.8625
3.9375
4.0125
4.0875
4.1625
4.2375
4.3125
4.3875
4.4625
4.5375
4.6125
4.6875
4.7625
4.8375
4.9125
4.9875
5.0625
5.1375
5.2125
5.2875
5.3625
5.4375
5.5125
5.5875
5.6625
5.7375
5.8125
5.8875
5.9625
6.0375
6.1125
6.1875
6.2625
6.3375
6.4125
6.4875
6.5625
6.6375
6.7125
6.7875
6.8625
6.9375
7.0125
7.0875
7.1625
7.2375
7.3125
7.3875
7.4625
7.5375
7.6125
7.6875
7.7625
7.8375
7.9125
7.9875
8.0625
8.1375
8.2125
8.2875
8.3625
8.4375
8.5125
8.5875
8.6625
8.7375
8.8125
8.8875
8.9625
0.0375
0.1125
0.1875
0.2625
0.3375
0.4125
0.4875
0.5625
0.6375
0.7125
0.7875
0.8625
0.9375
1.0125
1.0875
1.1625
1.2375
1.3125
1.3875
1.4625
1.5375
1.6125
1.6875
1.7625
1.8375
1.9125
1.9875
2.0625
2.1375
2.2125
2.2875
2.3625
2.4375
2.5125
2.5875
2.6625
2.7375
2.8125
2.8875
2.9625
3.0375
3.1125
3.1875
3.2625
3.3375
3.4125
3.4875
3.5625
3.6375
3.7125
3.7875
3.8625
3.9375
4.0125
4.0875
4.1625
4.2375
4.3125
4.3875
4.4625
4.5375
4.6125
4.6875
4.7625
4.8375
4.9125
4.9875
5.0625
5.1375
5.2125
5.2875
5.3625
5.4375
5.5125
5.5875
5.6625
5.7375
5.8125
5.8875
5.9625
6.0375
6.1125
6.1875
6.2625
6.3375
6.4125
6.4875
6.5625
6.6375
6.7125
6.7875
6.8625
6.9375
7.0125
7.0875
7.1625
7.2375
7.3125
7.3875
7.4625
7.5375
7.6125
7.6875
7.7625
7.8375
7.9125
7.9875
8.0625
8.1375
8.2125
8.2875
8.3625
8.4375
8.5125
8.5875
8.6625
8.7375
8.8125
8.8875
8.9625
0.0375
0.1125
0.1875
0.2625
0.3375
0.4125
0.4875
0.5625
0.6375
0.7125
0.7875
0.8625
0.9375
1.0125
1.0875
1.1625
1.2375
1.3125
1.3875
1.4625
1.5375
1.6125
1.6875
1.7625
1.8375
1.9125
1.9875
2.0625
2.1375
2.2125
2.2875
2.3625
2.4375
2.5125
2.5875
2.6625
2.7375
2.8125
2.8875
2.9625
3.0375
3.1125
3.1875
3.2625
3.3375
3.4125
3.4875
3.5625
3.6375
3.7125
3.7875
3.8625
3.9375
4.0125
4.0875
4.1625
4.2375
4.3125
4.3875
4.4625
4.5375
4.6125
4.6875
4.7625
4.8375
4.9125
4.9875
5.0625
5.1375
5.2125
5.2875
5.3625
5.4375
5.5125
5.5875
5.6625
5.7375
5.8125
5.8875
5.9625
6.0375
6.1125
6.1875
6.2625
6.3375
6.4125
6.4875
6.5625
6.6375
6.7125
6.7875
6.8625
6.9375
7.0125
7.0875
7.1625
7.2375
7.3125
7.3875
7.4625
7.5375
7.6125
7.6875
7.7625
7.8375
7.9125
7.9875
8.0625
8.1375
8.2125
8.2875
8.3625
8.4375
8.5125
8.5875
8.6625
8.7375
8.8125
8.8875
8.9625
0.0375
0.1125
0.1875
0.2625
0.3375
0.4125
0.4875
0.5625
0.6375
0.7125
0.7875
0.8625
0.9375
1.0125
1.0875
1.1625
1.2375
1.3125
1.3875
1.4625
1.5375
1.6125
1.6875
1.7625
1.8375
1.9125
1.9875
2.0625
2.1375
2.2125
2.2875
2.3625
2.4375
2.5125
2.5875
2.6625
2.7375
2.8125
2.8875
2.9625
3.0375
3.1125
3.1875
3.2625
3.3375
3.4125
3.4875
3.5625
3.6375
3.7125
3.7875
3.8625
3.9375
4.0125
4.0875
4.1625
4.2375
4.3125
4.3875
4.4625
4.5375
4.6125
4.6875
4.7625
4.8375
4.9125
4.9875
5.0625
5.1375
5.2125
5.2875
5.3625
5.4375
5.5125
5.5875
5.6625
5.7375
5.8125
5.8875
5.9625
6.0375
6.1125
6.1875
6.2625
6.3375
6.4125
6.4875
6.5625
6.6375
6.7125
6.7875
6.8625
6.9375
7.0125
7.0875
7.1625
7.2375
7.3125
7.3875
7.4625
7.5375
7.6125
7.6875
7.7625
7.8375
7.9125
7.9875
8.0625
8.1375
8.2125
8.2875
8.3625
8.4375
8.5125
8.5875
8.6625
8.7375
8.8125
8.8875
8.9625
0.0375
0.1125
0.1875
0.2625
0.3375
0.4125
0.4875
0.5625
0.6375
0.7125
0.7875
0.8625
0.9375
1.0125
1.0875
1.1625
1.2375
1.3125
1.3875
1.4625
1.5375
1.6125
1.6875
1.7625
1.8375
1.9125
1.9875
2.0625
2.1375
2.2125
2.2875
2.3625
2.4375
2.5125
2.5875
2.6625
2.7375
2.8125
2.8875
2.9625
3.0375
3.1125
3.1875
3.2625
3.3375
3.4125
3.4875
3.5625
3.6375
3.7125
3.7875
3.8625
3.9375
4.0125
4.0875
4.1625
4.2375
4.3125
4.3875
4.4625
4.5375
4.6125
4.6875
4.7625
4.8375
4.9125
4.9875
5.0625
5.1375
5.2125
5.2875
5.3625
5.4375
5.5125
5.5875
5.6625
5.7375
5.8125
5.8875
5.9625
6.0375
6.1125
6.1875
6.2625
6.3375
6.4125
6.4875
6.5625
6.6375
6.7125
6.7875
6.8625
6.9375
7.0125
7.0875
7.1625
7.2375
7.3125
7.3875
7.4625
7.5375
7.6125
7.6875
7.7625
7.8375
7.9125
7.9875
8.0625
8.1375
8.2125
8.2875
8.3625
8.4375
8.5125
8.5875
8.6625
8.7375
8.8125
8.8875
8.9625
0.0375
0.1125
0.1875
0.2625
0.3375
0.4125
0.4875
0.5625
0.6375
0.7125
0.7875
0.8625
0.9375
1.0125
1.0875
1.1625
1.2375
1.3125
1.3875
1.4625
1.5375
1.6125
1.6875
1.7625
1.8375
1.9125
1.9875
2.0625
2.1375
2.2125
2.2875
2.3625
2.4375
2.5125
2.5875
2.6625
2.7375
2.8125
2.8875
2.9625
3.0375
3.1125
3.1875
3.2625
3.3375
3.4125
3.4875
3.5625
3.6375
3.7125
3.7875
3.8625
3.9375
4.0125
4.0875
4.1625
4.2375
4.3125
4.3875
4.4625
4.5375
4.6125
4.6875
4.7625
4.8375
4.9125
4.9875
5.0625
5.1375
5.2125
5.2875
5.3625
5.4375
5.5125
5.5875
5.6625
5.7375
5.8125
5.8875
5.9625
6.0375
6.1125
6.1875
6.2625
6.3375
6.4125
6.4875
6.5625
6.6375
6.7125
6.7875
6.8625
6.9375
7.0125
7.0875
7.1625
7.2375
7.3125
7.3875
7.4625
7.5375
7.6125
7.6875
7.7625
7.8375
7.9125
7.9875
8.0625
8.1375
8.2125
8.2875
8.3625
8.4375
8.5125
8.5875
8.6625
8.7375
8.8125
8.8875
8.9625
0.0375
0.1125
0.1875
0.2625
0.3375
0.4125
0.4875
0.5625
0.6375
0.7125
0.7875
0.8625
0.9375
1.0125
1.0875
1.1625
1.2375
1.3125
1.3875
1.4625
1.5375
1.6125
1.6875
1.7625
1.8375
1.9125
1.9875
2.0625
2.1375
2.2125
2.2875
2.3625
2.4375
2.5125
2.5875
2.6625
2.7375
2.8125
2.8875
2.9625
3.0375
3.1125
3.1875
3.2625
3.3375
3.4125
3.4875
3.5625
3.6375
3.7125
3.7875
3.8625
3.9375
4.0125
4.0875
4.1625
4.2375
4.3125
4.3875
4.4625
4.5375
4.6125
4.6875
4.7625
4.8375
4.9125
4.9875
5.0625
5.1375
5.2125
5.2875
5.3625
5.4375
5.5125
5.5875
5.6625
5.7375
5.8125
5.8875
5.9625
6.0375
6.1125
6.1875
6.2625
6.3375
6.4125
6.4875
6.5625
6.6375
6.7125
6.7875
6.8625
6.9375
7.0125
7.0875
7.1625
7.2375
7.3125
7.3875
7.4625
7.5375
7.6125
7.6875
7.7625
7.8375
7.9125
7.9875
8.0625
8.1375
8.2125
8.2875
8.3625
8.4375
8.5125
8.5875
8.6625
8.7375
8.8125
8.8875
8.9625
0.0375
0.1125
0.1875
0.2625
0.3375
0.4125
0.4875
0.5625
0.6375
0.7125
0.7875
0.8625
0.9375
1.0125
1.0875
1.1625
1.2375
1.3125
1.3875
1.4625
1.5375
1.6125
1.6875
1.7625
1.8375
1.9125
1.9875
2.0625
2.1375
2.2125
2.2875
2.3625
2.4375
2.5125
2.5875
2.6625
2.7375
2.8125
2.8875
2.9625
3.0375
3.1125
3.1875
3.2625
3.3375
3.4125
3.4875
3.5625
3.6375
3.7125
3.7875
3.8625
3.9375
4.0125
4.0875
4.1625
4.2375
4.3125
4.3875
4.4625
4.5375
4.6125
4.6875
4.7625
4.8375
4.9125
4.9875
5.0625
5.1375
5.2125
5.2875
5.3625
5.4375
5.5125
5.5875
5.6625
5.7375
5.8125
5.8875
5.9625
6.0375
6.1125
6.1875
6.2625
6.3375
6.4125
6.4875
6.5625
6.6375
6.7125
6.7875
6.8625
6.9375
7.0125
7.0875
7.1625
7.2375
7.3125
7.3875
7.4625
7.5375
7.6125
7.6875
7.7625
7.8375
7.9125
7.9875
8.0625
8.1375
8.2125
8.2875
8.3625
8.4375
8.5125
8.5875
8.6625
8.7375
8.8125
8.8875
8.9625
0.0375
0.1125
0.1875
0.2625
0.3375
0.4125
0.4875
0.5625
0.6375
0.7125
0.7875
0.8625
0.9375
1.0125
1.0875
1.1625
1.2375
1.3125
1.3875
1.4625
1.5375
1.6125
1.6875
1.7625
1.8375
1.9125
1.9875
2.0625
2.1375
2.2125
2.2875
2.3625
2.4375
2.5125
2.5875
2.6625
2.7375
2.8125
2.8875
2.9625
3.0375
3.1125
3.1875
3.2625
3.3375
3.4125
3.4875
3.5625
3.6375
3.7125
3.7875
3.8625
3.9375
4.0125
4.0875
4.1625
4.2375
4.3125
4.3875
4.4625
4.5375
4.6125
4.6875
4.7625
4.8375
4.9125
4.9875
5.0625
5.1375
5.2125
5.2875
5.3625
5.4375
5.5125
5.5875
5.6625
5.7375
5.8125
5.8875
5.9625
6.0375
6.1125
6.1875
6.2625
6.3375
6.4125
6.4875
6.5625
6.6375
6.7125
6.7875
6.8625
6.9375
7.0125
7.0875
7.1625
7.2375
7.3125
7.3875
7.4625
7.5375
7.6125
7.6875
7.7625
7.8375
7.9125
7.9875
8.0625
8.1375
8.2125
8.2875
8.3625
8.4375
8.5125
8.5875
8.6625
8.7375
8.8125
8.8875
8.9625
0.0375
0.1125
0.1875
0.2625
0.3375
0.4125
0.4875
0.5625
0.6375
0.7125
0.7875
0.8625
0.9375
1.0125
1.0875
1.1625
1.2375
1.3125
1.3875
1.4625
1.5375
1.6125
1.6875
1.7625
1.8375
1.9125
1.9875
2.0625
2.1375
2.2125
2.2875
2.3625
2.4375
2.5125
2.5875
2.6625
2.7375
2.8125
2.8875
2.9625
3.0375
3.1125
3.1875
3.2625
3.3375
3.4125
3.4875
3.5625
3.6375
3.7125
3.7875
3.8625
3.9375
4.0125
4.0875
4.1625
4.2375
4.3125
4.3875
4.4625
4.5375
4.6125
4.6875
4.7625
4.8375
4.9125
4.9875
5.0625
5.1375
5.2125
5.2875
5.3625
5.4375
5.5125
5.5875
5.6625
5.7375
5.8125
5.8875
5.9625
6.0375
6.1125
6.1875
6.2625
6.3375
6.4125
6.4875
6.5625
6.6375
6.7125
6.7875
6.8625
6.9375
7.0125
7.0875
7.1625
7.2375
7.3125
7.3875
7.4625
7.5375
7.6125
7.6875
7.7625
7.8375
7.9125
7.9875
8.0625
8.1375
8.2125
8.2875
8.3625
8.4375
8.5125
8.5875
8.6625
8.7375
8.8125
8.8875
8.9625
0.0375
0.1125
0.1875
0.2625
0.3375
0.4125
0.4875
0.5625
0.6375
0.7125
0.7875
0.8625
0.9375
1.0125
1.0875
1.1625
1.2375
1.3125
1.3875
1.4625
1.5375
1.6125
1.6875
1.7625
1.8375
1.9125
1.9875
2.0625
2.1375
2.2125
2.2875
2.3625
2.4375
2.5125
2.5875
2.6625
2.7375
2.8125
2.8875
2.9625
3.0375
3.1125
3.1875
3.2625
3.3375
3.4125
3.4875
3.5625
3.6375
3.7125
3.7875
3.8625
3.9375
4.0125
4.0875
4.1625
4.2375
4.3125
4.3875
4.4625
4.5375
4.6125
4.6875
4.7625
4.8375
4.9125
4.9875
5.0625
5.1375
5.2125
5.2875
5.3625
5.4375
5.5125
5.5875
5.6625
5.7375
5.8125
5.8875
5.9625
6.0375
6.1125
6.1875
6.2625
6.3375
6.4125
6.4875
6.5625
6.6375
6.7125
6.7875
6.8625
6.9375
7.0125
7.0875
7.1625
7.2375
7.3125
7.3875
7.4625
7.5375
7.6125
7.6875
7.7625
7.8375
7.9125
7.9875
8.0625
8.1375
8.2125
8.2875
8.3625
8.4375
8.5125
8.5875
8.6625
8.7375
8.8125
8.8875
8.9625
0.0375
0.1125
0.1875
0.2625
0.3375
0.4125
0.4875
0.5625
0.6375
0.7125
0.7875
0.8625
0.9375
1.0125
1.0875
1.1625
1.2375
1.3125
1.3875
1.4625
1.5375
1.6125
1.6875
1.7625
1.8375
1.9125
1.9875
2.0625
2.1375
2.2125
2.2875
2.3625
2.4375
2.5125
2.5875
2.6625
2.7375
2.8125
2.8875
2.9625
3.0375
3.1125
3.1875
3.2625
3.3375
3.4125
3.4875
3.5625
3.6375
3.7125
3.7875
3.8625
3.9375
4.0125
4.0875
4.1625
4.2375
4.3125
4.3875
4.4625
4.5375
4.6125
4.6875
4.7625
4.8375
4.9125
4.9875
5.0625
5.1375
5.2125
5.2875
5.3625
5.4375
5.5125
5.5875
5.6625
5.7375
5.8125
5.8875
5.9625
6.0375
6.1125
6.1875
6.2625
6.3375
6.4125
6.4875
6.5625
6.6375
6.7125
6.7875
6.8625
6.9375
7.0125
7.0875
7.1625
7.2375
7.3125
7.3875
7.4625
7.5375
7.6125
7.6875
7.7625
7.8375
7.9125
7.9875
8.0625
8.1375
8.2125
8.2875
8.3625
8.4375
8.5125
8.5875
8.6625
8.7375
8.8125
8.8875
8.9625
)
;

boundaryField
{
    bottomWall
    {
        type            calculated;
        value           nonuniform List<scalar> 
120
(
0.040038
0.120091
0.199801
0.277973
0.352564
0.422486
0.488447
0.551689
0.613298
0.674201
0.735216
0.796797
0.858966
0.921616
0.984635
1.04791
1.11137
1.17518
1.23969
1.3053
1.3724
1.44143
1.51267
1.58613
1.66168
1.73906
1.81787
1.89757
1.9776
2.05768
2.13776
2.21783
2.29791
2.37798
2.45806
2.53814
2.61821
2.69829
2.77836
2.85844
2.93852
3.01859
3.09867
3.17874
3.25882
3.3389
3.41897
3.49905
3.57912
3.6592
3.73928
3.81935
3.89943
3.97951
4.05958
4.13966
4.21973
4.29981
4.37989
4.45996
4.54004
4.62011
4.70019
4.78027
4.86034
4.94042
5.02049
5.10057
5.18065
5.26072
5.3408
5.42088
5.50095
5.58103
5.6611
5.74118
5.82126
5.90133
5.98141
6.06148
6.14156
6.22164
6.30171
6.38179
6.46186
6.54194
6.62202
6.70209
6.78217
6.86224
6.94232
7.0224
7.10243
7.18213
7.26094
7.33832
7.41387
7.48733
7.55857
7.6276
7.6947
7.76031
7.82482
7.88863
7.95209
8.01537
8.07838
8.14103
8.2032
8.26478
8.3258
8.3867
8.44831
8.51155
8.57751
8.64744
8.72203
8.8002
8.87991
8.95996
)
;
    }
    topWall
    {
        type            calculated;
        value           nonuniform List<scalar> 
120
(
0.0375
0.1125
0.1875
0.2625
0.3375
0.4125
0.4875
0.5625
0.6375
0.7125
0.7875
0.8625
0.9375
1.0125
1.0875
1.1625
1.2375
1.3125
1.3875
1.4625
1.5375
1.6125
1.6875
1.7625
1.8375
1.9125
1.9875
2.0625
2.1375
2.2125
2.2875
2.3625
2.4375
2.5125
2.5875
2.6625
2.7375
2.8125
2.8875
2.9625
3.0375
3.1125
3.1875
3.2625
3.3375
3.4125
3.4875
3.5625
3.6375
3.7125
3.7875
3.8625
3.9375
4.0125
4.0875
4.1625
4.2375
4.3125
4.3875
4.4625
4.5375
4.6125
4.6875
4.7625
4.8375
4.9125
4.9875
5.0625
5.1375
5.2125
5.2875
5.3625
5.4375
5.5125
5.5875
5.6625
5.7375
5.8125
5.8875
5.9625
6.0375
6.1125
6.1875
6.2625
6.3375
6.4125
6.4875
6.5625
6.6375
6.7125
6.7875
6.8625
6.9375
7.0125
7.0875
7.1625
7.2375
7.3125
7.3875
7.4625
7.5375
7.6125
7.6875
7.7625
7.8375
7.9125
7.9875
8.0625
8.1375
8.2125
8.2875
8.3625
8.4375
8.5125
8.5875
8.6625
8.7375
8.8125
8.8875
8.9625
)
;
    }
    inlet_half0
    {
        type            cyclic;
    }
    inlet_half1
    {
        type            cyclic;
    }
    outlet_half0
    {
        type            cyclic;
    }
    outlet_half1
    {
        type            cyclic;
    }
    sideRight_half0
    {
        type            empty;
    }
    sideRight_half1
    {
        type            empty;
    }
    sideLeft_half0
    {
        type            empty;
    }
    sideLeft_half1
    {
        type            empty;
    }
}


// ************************************************************************* //
