/*--------------------------------*- C++ -*----------------------------------*\
  =========                 |
  \\      /  F ield         | OpenFOAM: The Open Source CFD Toolbox
   \\    /   O peration     | Website:  https://openfoam.org
    \\  /    A nd           | Version:  8
     \\/     M anipulation  |
\*---------------------------------------------------------------------------*/
FoamFile
{
    version     2.0;
    format      ascii;
    class       volSymmTensorField;
    location    "126";
    object      aijBoussinesq;
}
// * * * * * * * * * * * * * * * * * * * * * * * * * * * * * * * * * * * * * //

dimensions      [0 2 -2 0 0 0 0];

internalField   nonuniform List<symmTensor> 
2209
(
(-0 0.358396986300645 0.371234256916348 0.00077390578365955 -0.0109077202810413 0.013019268982839)
(-0 1.04695413582642 0.331839513486897 0.0363859046831091 -0.0307294043177024 -0.0251119709254892)
(-0 1.6641456483773 0.266675831832799 0.0952069633707119 -0.0463157237993821 -0.0875136833533241)
(-0 2.20181611802146 0.196959181230477 0.154479433940723 -0.0522919918294819 -0.152838969931458)
(-0 2.55699565769382 0.130023757928971 0.186071587081129 -0.0475664976998884 -0.186353917778195)
(-0 2.8960133777377 0.0824066352759891 0.199110979427817 -0.0408181671899848 -0.202617592704618)
(-0 3.24812773678897 0.0494021684309922 0.199671208177165 -0.0316273351437998 -0.207592582048839)
(-0 3.41920235882489 0.025346554554984 0.178336182792888 -0.0182608489324445 -0.188422438570727)
(-0 3.51401061268683 0.0119087024940699 0.144586153014548 -0.00213085005064598 -0.157557540376013)
(-0 3.58441223441587 0.005938427484611 0.102256531734492 0.0152038371649654 -0.117542042351004)
(-0 3.64890231374969 0.00553207436249256 0.0530620744268217 0.0308494062276773 -0.0694602090775027)
(-0 3.72122156023387 0.00843908466274763 -0.000104483691243732 0.0451955623847017 -0.0166974043659601)
(-0 3.81473993476583 0.013202331241966 -0.0526432357624891 0.0579384594105184 0.0365850830409925)
(-0 3.94575665608235 0.0194819440444303 -0.100061173329595 0.0657699174968214 0.0863140365158362)
(-0 4.12891082097229 0.0262844423843755 -0.13849621048706 0.0661055244523722 0.128015476424607)
(-0 4.37037151644122 0.0331398992637717 -0.16547217057493 0.0598186309431452 0.158309428243549)
(-0 4.67109823859947 0.0405946489949347 -0.179241179330026 0.0496454014581771 0.175520532863142)
(-0 5.02662067335367 0.0487541474609089 -0.180460265152325 0.0378733554645019 0.180044946768532)
(-0 5.42766585803192 0.0572883109660849 -0.171687019858104 0.0258175641912049 0.17411435236715)
(-0 5.85834803306703 0.0652421259124242 -0.156232421865895 0.0144108561429926 0.160586090455398)
(-0 6.29769903983458 0.07198266268582 -0.136963300402195 0.0049059911258692 0.142296193927846)
(-0 6.71500486382712 0.0766380198903133 -0.115959392359724 -0.00179327292981116 0.121825117425107)
(-0 7.07025223826689 0.0785684186927131 -0.0952663154201065 -0.00559731853584268 0.101312771876975)
(-0 7.32298287671233 0.0774499458778014 -0.0762554698139913 -0.00717923294166885 0.08226680662802)
(3.56552422417458e-16 7.4309388218815 0.0733861415580837 -0.0596773994907888 -0.00740755743178177 0.0654415290721393)
(-0 7.35234417885016 0.066726845872893 -0.045732029742615 -0.00693220414188323 0.0510387004401474)
(-0 7.05480380937049 0.0580823982516013 -0.0343613450889775 -0.00613778775654265 0.0389736298328492)
(-0 6.52875797129253 0.0482927534250609 -0.0252221170706463 -0.00522247516557069 0.0290461702941091)
(-0 5.79563882081221 0.0381893407627809 -0.0179704873380106 -0.00430353270481609 0.0210314190383075)
(-0 4.90937518875785 0.0286106792287242 -0.0124023939155334 -0.0034803348207069 0.0147158192662636)
(-8.06052467881086e-17 3.95294313662818 0.0202805928084672 -0.00825045556955074 -0.00274396196248939 0.00989790130041937)
(-0 3.01928341225149 0.0135782383189779 -0.00524984852713325 -0.00208099646158402 0.00637462114703313)
(-0 2.18682855581547 0.00858275084108762 -0.00319004359460769 -0.00150473837286708 0.00392211548952785)
(-0 1.50402033766954 0.00513449571779174 -0.00185170259176958 -0.00103857635463743 0.00230402808080771)
(1.16911479758204e-17 0.984216348151368 0.00290909589383092 -0.00102844293038959 -0.00068830949619395 0.00129174869317569)
(-0 0.613835084461168 0.00156479932528139 -0.000544801570643312 -0.000432556610775138 0.000690638530970585)
(-0 0.365011777780187 0.000797433286554832 -0.000273689520961375 -0.000256958961079495 0.000351442730797091)
(-0 0.206573272174619 0.000383765077028697 -0.000130405151156403 -0.000144898698734074 0.000169473052063146)
(4.41833887215329e-19 0.110766554172008 0.000173255580110267 -5.88115681548071e-05 -7.80529311340029e-05 7.68675200534674e-05)
(-0 0.0558266583932511 7.27205393748576e-05 -2.46737075196526e-05 -3.94553779903291e-05 3.23951754166006e-05)
(-0 0.026101747552293 2.78351300828507e-05 -9.41100258007559e-06 -1.83119896812932e-05 1.24660643353197e-05)
(-0 0.0110811545096657 9.45942065250166e-06 -3.18983126888744e-06 -7.70334778886482e-06 4.25970886249668e-06)
(-0 0.00412487807683419 2.72644917520939e-06 -9.20740554697951e-07 -2.85642223031057e-06 1.23585104904473e-06)
(-0 0.00126622473594123 6.17626214196664e-07 -2.0943443971179e-07 -8.74356934689961e-07 2.81282446240056e-07)
(-0 0.000284625262065342 9.43000489331728e-08 -3.19263491047022e-08 -1.94290886192193e-07 4.31079631421116e-08)
(1.67063002846197e-23 3.56545055353238e-05 6.74934479077073e-09 -2.29268322630968e-09 -2.4106582373689e-08 3.10056609859187e-09)
(-0 8.90254537675137e-07 5.43175385818544e-11 -2.31854802136441e-11 -5.95433251591594e-10 2.5000627951553e-11)
(3.32764326194715e-15 0.317969570385114 1.08221490360775 -0.0435821439452333 -0.0296506686518384 0.0530466859740121)
(-0 0.941802607428454 0.982315624293979 -0.00768790607340002 -0.0858789153802614 0.0148294103647523)
(-0 1.53076283775018 0.812215893141157 0.0531198855505799 -0.128083216179139 -0.0498075203893082)
(-0 2.06754660003525 0.616049282394145 0.118867021186655 -0.146247682941749 -0.118112565598747)
(-0 2.52918044122669 0.430980808561162 0.17322505929955 -0.142527684342656 -0.17405719238401)
(-0 2.87020631216513 0.274570296983479 0.209685785089787 -0.12440018212111 -0.211782815903299)
(-2.60826642833334e-15 3.16791400883601 0.1609940743423 0.229901852086644 -0.0965192669199045 -0.23201980563604)
(5.46600791372225e-15 3.34748864909664 0.0808217682982815 0.227112357238476 -0.0608154585431273 -0.229035075888252)
(-0 3.46477839243837 0.0316764214793114 0.209809208930073 -0.0223286984616542 -0.212660385146095)
(-0 3.55165473584047 0.00533251273302158 0.182339762615335 0.0221455093772466 -0.186572624410019)
(-0 3.62820830275621 -0.00606835112219929 0.143503224440463 0.0695304020683613 -0.147380631979325)
(-3.11976591824869e-15 3.70805906458785 -0.00785102757965649 0.094055775805663 0.112449976303898 -0.0975541263211551)
(-0 3.80825141170164 -0.00248988716757177 0.0390571415507562 0.145795906065882 -0.0428542874478933)
(-0 3.94502810221396 0.00871544749362462 -0.0163395116481436 0.166866925931227 0.0123347481285443)
(-0 4.13161674878309 0.0240427670150338 -0.0677313802853689 0.173644253657916 0.0642619001254007)
(-0 4.37919899870972 0.0423867100795701 -0.111165322350268 0.165329544025548 0.108983312629679)
(-0 4.69193712476479 0.0632848982004731 -0.143989445347641 0.143484449543407 0.142801151816411)
(8.70755490068438e-16 5.06319562393754 0.0857758501205032 -0.164987476631518 0.113174263743592 0.164151105592039)
(-0 5.47879816573438 0.108627188004433 -0.174032806740745 0.0803825651289233 0.1734822633493)
(8.78274355178214e-16 5.92044002341205 0.13010809886845 -0.172642153664078 0.0492280238229085 0.172632908132159)
(-8.74367783486862e-16 6.36535539759422 0.148828604764944 -0.16349220477896 0.0225905516176807 0.16407013016193)
(8.63198718097984e-16 6.77922111823372 0.162914249670033 -0.149183276243109 0.00243920834506238 0.150083058897311)
(-0 7.12030707748943 0.170755785417945 -0.13184105374926 -0.0107713514504089 0.132785870042358)
(4.06482400006025e-16 7.34964084125027 0.171409840460852 -0.113251119530729 -0.0180525716485361 0.114119597483758)
(-0 7.42797969919392 0.16481506334568 -0.0947623887901813 -0.021006017994793 0.095521125974336)
(-0 7.31647198961337 0.151625676904484 -0.0772727451606241 -0.0211783585687528 0.0779117321473031)
(3.30398879835928e-16 6.98704222080283 0.133141883091231 -0.0613137971087852 -0.0197867740838464 0.0618150938599312)
(1.47479065147154e-16 6.43359032289963 0.111333912893821 -0.0471951510272517 -0.0176499124722356 0.0475629731657653)
(-1.27889284193603e-16 5.68099608901032 0.0883668118352809 -0.035112037140954 -0.0152450656822036 0.0353441381667833)
(-0 4.78739428037234 0.0663673307708325 -0.0251412500538005 -0.0127738248329413 0.0252537126656483)
(-0 3.83591700300706 0.0470939649363524 -0.0172575648485995 -0.0103394123996033 0.0172871388931179)
(3.37249471270918e-17 2.91656553158177 0.0315382628783125 -0.0113253684071585 -0.00803599845165102 0.0113053443365695)
(2.51989286588945e-17 2.10415037006143 0.0199417666932914 -0.00709558968170849 -0.00596423255078644 0.0070561452290892)
(-1.80974987124685e-17 1.44246822796889 0.0119269302879659 -0.00424243317807447 -0.00421706199334098 0.00420038692435962)
(-0 0.941556579632305 0.00675841526719169 -0.00242035571178609 -0.00283875167526097 0.0023862277808914)
(-8.30611729651481e-18 0.586110266343087 0.00363438624027647 -0.00131681533990467 -0.00181977311073348 0.00129305084389196)
(-0 0.348012766437721 0.00185194075705111 -0.000681610614329109 -0.00111050743678349 0.000666535667024631)
(-0 0.196746351204324 0.00089147411532933 -0.000334113464901054 -0.000643875996936178 0.00032544090875972)
(-0 0.105429589560514 0.000402610211352963 -0.000153904993842129 -0.000353031872855387 0.000149301151424241)
(-0 0.0531169950136487 0.000168953369385235 -6.5837425363577e-05 -0.00018157799565114 6.36651969685086e-05)
(-0 0.0248278456960596 6.46694281545156e-05 -2.5693652724301e-05 -8.64842341957751e-05 2.47634729972597e-05)
(-0 0.0105387564353317 2.19692896346402e-05 -8.89761294171934e-06 -3.73385359608443e-05 8.54337886260533e-06)
(1.24933076298958e-20 0.0039223406373774 6.33514711344179e-06 -2.61354886284352e-06 -1.41079996784828e-05 2.50088801478039e-06)
(-0 0.00120394732384836 1.43494934237609e-06 -6.01995029627642e-07 -4.38647310337334e-06 5.74300280777501e-07)
(-0 0.000270796056729411 2.19092685691173e-07 -9.34535012894338e-08 -9.9790929131757e-07 8.8783275375424e-08)
(-0 3.38725899360747e-05 1.56519040923714e-08 -6.81159617161627e-09 -1.26087852007305e-07 6.41643860520891e-09)
(-0 8.31104466971407e-07 1.23808335849139e-10 -6.80227491080394e-11 -3.1174489546559e-09 5.13443313687773e-11)
(-0 0.254293455545842 1.71127927155512 -0.106654011130934 -0.0427708209397727 0.112693624971619)
(-0 0.772396184029948 1.58833410323204 -0.071665508841907 -0.123750631124391 0.0754862582451757)
(-0 1.29434198837527 1.35373716082296 -0.0112455615874942 -0.18730625826819 0.0132396210065239)
(-0 1.80432614108029 1.06400665278844 0.0622434588436727 -0.220602991939363 -0.0599229215572408)
(-0 2.27136801615801 0.772111696170312 0.141028885518499 -0.224535897990082 -0.139239530355831)
(-0 2.66456948075163 0.513290415377861 0.209015035431306 -0.206613464843348 -0.208016336454749)
(-0 2.9704712366323 0.307816075670713 0.254921388606848 -0.169561588926519 -0.253146609216727)
(-0 3.19278969941718 0.158219920193841 0.278925286062238 -0.123431532289738 -0.276812776468712)
(-0 3.34878552596904 0.0556118561241222 0.285002191282095 -0.0728452145823711 -0.281969811773517)
(-0 3.46218120511588 -0.0109646811418785 0.273590757724503 -0.0119696842029089 -0.27068808223796)
(3.30375039801149e-15 3.55389729064596 -0.0526683337745006 0.245829044155426 0.056390438771952 -0.244341958870944)
(-0 3.64576450200421 -0.0751071416317003 0.204625600866857 0.121838137852605 -0.204187997000372)
(-0 3.75888600472615 -0.0818963124166204 0.151609130979975 0.178229546376301 -0.15112332380919)
(-0 3.91021867573462 -0.0776658784731637 0.0896482883592796 0.220871369067719 -0.0896261211160859)
(-0 4.11380698810889 -0.0653168883156168 0.0243965447901695 0.243900982699195 -0.025744256109847)
(-0 4.37987285468224 -0.046161363992672 -0.0371210813309435 0.243637676407878 0.0345867738633534)
(-0 4.71074323153654 -0.0216678802420493 -0.090096338452562 0.221993050731076 0.0870974239433336)
(-0 5.09928764427133 0.00636252680654645 -0.132321490110143 0.185684046534914 0.129061640476985)
(-0 5.5312862284733 0.0365648740929119 -0.162466074994674 0.141955427876469 0.158880518382892)
(-0 5.98754180370803 0.0675221675616145 -0.180060598603745 0.0971630095885753 0.176178325142115)
(-0 6.44192044712647 0.0973112799605448 -0.186175556543725 0.0562205677520541 0.182304277407588)
(-0 6.85413626991496 0.123253438432791 -0.182472682870248 0.0223862026693033 0.17886444698652)
(-0 7.17848342857908 0.142703102512419 -0.170928968610439 -0.00261417860488327 0.167788337672838)
(-4.37142600945001e-16 7.37643000337149 0.153827841583656 -0.153963053609069 -0.0190523781225718 0.151344227382014)
(-0 7.41175886304733 0.155766758426452 -0.133845490691557 -0.0284507116270688 0.131659359820254)
(-0 7.25016860397448 0.148868430755185 -0.112384345219055 -0.0328024830489585 0.110585019589811)
(-0 6.87047788380054 0.134486265438532 -0.0910396189558398 -0.0337471439086132 0.089635753557411)
(-0 6.27494916456667 0.114802597537332 -0.0710350960365736 -0.0323847601585373 0.0699850891419655)
(-0 5.49517309266116 0.0924990470356347 -0.053250191853155 -0.0295076971515087 0.0524988237836369)
(-0 4.5931871143055 0.0702377525008827 -0.0382256117395654 -0.0256126702307166 0.0377308901969241)
(-4.58408989001942e-17 3.65188006445805 0.0502085942227789 -0.0262115711643365 -0.021176690125719 0.0259147125826936)
(-0 2.75709820153314 0.0337895941869228 -0.0171396084296509 -0.0166425318710729 0.0169816670094862)
(-0 1.97681069269747 0.0214353504118705 -0.0106920258923351 -0.0124469245185508 0.0106100476303917)
(-0 1.34817814329854 0.0128476252909614 -0.00636325436564508 -0.00885687566662949 0.00632437601813323)
(1.30615430494798e-17 0.876412078660589 0.00729110810922856 -0.00361064137238328 -0.00599369294716226 0.00359728563850222)
(-0 0.54382255361815 0.00392313699119537 -0.00195510144916912 -0.00387319723769818 0.00195118874572626)
(-0 0.322140950121396 0.00200020704509393 -0.00100765012273062 -0.00238666492596392 0.00100708069836026)
(-0 0.181808359870227 0.000963281915216814 -0.000491987977785181 -0.00139941201277969 0.000492458304734655)
(-0 0.0973136601756533 0.000435302758498552 -0.000225747031769472 -0.000776018543858883 0.000226251166231347)
(-0 0.0489931583413342 0.000182620621056682 -9.62031677506158e-05 -0.000403744803385297 9.65851484480675e-05)
(-0 0.0228886441909943 6.98985148586179e-05 -3.74452832008655e-05 -0.000194811406263719 3.76092263089067e-05)
(-3.18497518193144e-20 0.00971387473660905 2.37529869415556e-05 -1.29205446938765e-05 -8.50349681211716e-05 1.29937125064163e-05)
(-0 0.00361583407992494 6.85292995052572e-06 -3.78275763518044e-06 -3.24529303986518e-05 3.80835939973139e-06)
(-0 0.00110984617740722 1.55178346104715e-06 -8.69629503415624e-07 -1.02016817324128e-05 8.75104939945607e-07)
(2.69418733704105e-22 0.000249630064008207 2.36828141807258e-07 -1.34709886899812e-07 -2.34556453643839e-06 1.35366346521993e-07)
(-0 3.12354356680386e-05 1.69358148519429e-08 -9.81155574402571e-09 -2.98807666605318e-07 9.79887743176895e-09)
(-0 7.37016092511645e-07 1.28649999410775e-10 -9.34842551020474e-11 -7.15665425755598e-09 7.52765883258742e-11)
(-0 0.187854882873454 2.25443187003308 -0.170668068867241 -0.0492772656066713 0.174201262222079)
(-0 0.579300686672846 2.12064500788127 -0.137324624720707 -0.144313034510632 0.138536141629869)
(-0 1.00480588824382 1.85866677913506 -0.0811943807922445 -0.222363849386064 0.0824807652586234)
(-0 1.46075347975267 1.51610139484793 -0.00482781986108712 -0.271458564097475 0.00729946647081979)
(-0 1.91535054764964 1.1487117080932 0.0871416703323853 -0.291815942554997 -0.084621156049909)
(-0 2.33125497040365 0.802537976596595 0.178088522736362 -0.284287577828829 -0.174693595130599)
(-0 2.6819620502044 0.509603973763827 0.252578799944886 -0.252303578844875 -0.247894892506526)
(-0 2.95245658224011 0.27853337803425 0.303850077555604 -0.207617664521933 -0.298276156108563)
(-0 3.15012984540884 0.105335727425434 0.33060960070586 -0.153297116941334 -0.325224464361788)
(-0 3.29546806724503 -0.018983557730817 0.336869915305568 -0.0847525446149971 -0.331970103449207)
(-0 3.41354177529436 -0.10487548316721 0.326264483886412 -0.00350888404600554 -0.322600120412703)
(-0 3.5302691166903 -0.161033736879037 0.297091883636489 0.0830846813754267 -0.29539038044043)
(-0 3.66301292506022 -0.194213382403719 0.250015532210283 0.166001808120673 -0.250468287141613)
(-0 3.82743170451064 -0.210376465612315 0.190254789027789 0.234412194202457 -0.192403659183771)
(-0 4.04306681582129 -0.214035092939085 0.123644008315368 0.280006163095276 -0.126602059748324)
(9.84187338309213e-16 4.32441478613489 -0.207448981983385 0.0547754908226625 0.298566637911234 -0.0581505625490491)
(-0 4.67377328498825 -0.192107102743453 -0.0121957898718327 0.290796092342713 0.00837235679470947)
(-0 5.08438176901724 -0.168788918002375 -0.0722476412423842 0.261386931647355 0.0683967933446546)
(-0 5.54272062945407 -0.138187999176174 -0.121656234186536 0.216843820365064 0.118088669573461)
(-0 6.02611484195425 -0.101780242840445 -0.158100308660161 0.165233559259271 0.155032041900607)
(-0 6.50148022272377 -0.0622774700588985 -0.180804062385054 0.11369757183224 0.178284290496574)
(-0 6.92019706907667 -0.022926027883823 -0.190354284586191 0.0668212789151655 0.188158044541214)
(4.87017698469812e-16 7.23306514489339 0.0127782933054222 -0.188164946880555 0.0276772854005611 0.186045005273707)
(4.68757920497972e-16 7.40237378054603 0.0417903767713151 -0.176507960451846 -0.00268457398668274 0.174395085427979)
(4.44347356093511e-16 7.39520917918235 0.0621591348858807 -0.158101199198075 -0.0243409029481517 0.156052444115143)
(-0 7.1834879453802 0.0731227855445578 -0.135676659674401 -0.0380578923641044 0.133753379338536)
(-0 6.75263725759259 0.0752517712042276 -0.111596280163733 -0.0451894179764888 0.109961963042944)
(-0 6.11273486100402 0.0701308242302048 -0.0879528636099856 -0.047079019783507 0.0866820955009113)
(-0 5.30312494515371 0.0600685069373626 -0.066373351297741 -0.044961768479286 0.0654274470912855)
(-0 4.39063324670106 0.0476346194451258 -0.0478680605620794 -0.0400613130261933 0.04719464571715)
(-0 3.45882539186131 0.0351202633616267 -0.0329331440786543 -0.0335833026729431 0.0324750618209085)
(-0 2.58931443591285 0.0241647136393839 -0.0216013058363005 -0.0266160693224915 0.0212978695914232)
(-0 1.84299657695258 0.0155731523407607 -0.013503180193044 -0.0199770002291367 0.0133119426897118)
(-0 1.24938325162444 0.00944112933669515 -0.00805063353815122 -0.0142411955449131 0.00793653256477361)
(-0 0.808343119958511 0.00540223896831113 -0.00458085871158184 -0.00967678148562869 0.00451506367142428)
(4.46218303663421e-18 0.499812248699107 0.00292323183158254 -0.0024855265022775 -0.00627056205445342 0.00244967909414151)
(-0 0.295301937446038 0.00149638321099522 -0.0012833001493665 -0.00387024375810382 0.00126470272200443)
(-0 0.166352259273778 0.000722432233649291 -0.000627899839593374 -0.00227541345952003 0.000618428166255447)
(-0 0.0889291986321745 0.000327135738821823 -0.000288766409160685 -0.00126581610897539 0.000284255336177627)
(-0 0.044738002384526 0.000137384965298788 -0.000123311692817832 -0.000660193355675584 0.000121352222786243)
(-0 0.0208941717368699 5.2626951191018e-05 -4.80724071664795e-05 -0.000318980563467543 4.72714324701666e-05)
(-0 0.00886526559609122 1.78975027208001e-05 -1.66245509786167e-05 -0.000139521677611253 1.63407244910663e-05)
(-0 0.00329926504681311 5.1636244414375e-06 -4.87735929912861e-06 -5.33768068441016e-05 4.78899063344477e-06)
(-0 0.00101286850001693 1.16925880731984e-06 -1.12285515133603e-06 -1.68024838945855e-05 1.10045653825507e-06)
(-0 0.00022789665037809 1.78540936253663e-07 -1.74236316002611e-07 -3.86621121506948e-06 1.70324315143201e-07)
(-0 2.85190990067488e-05 1.27820860398523e-08 -1.26924610653008e-08 -4.93382203358914e-07 1.23410405733134e-08)
(-0 7.00429935586998e-07 1.00985467959134e-10 -1.26761364778011e-10 -1.2307999018488e-08 9.85594448066614e-11)
(-0 0.120671881287721 2.61609562733092 -0.212101899003649 -0.0484668920850463 0.213623187600263)
(-0 0.394042640811436 2.56491165231422 -0.194268298180866 -0.148961573378189 0.194136450742771)
(-0 0.715090690879464 2.30290782901703 -0.143661709369896 -0.233533818513344 0.145060197883175)
(-0 1.09489610932734 1.948876160898 -0.0723014462000211 -0.296593846361676 0.0745575133989248)
(-0 1.51196192080163 1.54568091005617 0.0152744996362428 -0.335390513019167 -0.0130261467305355)
(-0 1.9314835596445 1.1432458227421 0.111737315453849 -0.346986838028516 -0.109016384060749)
(-0 2.31247999315566 0.773676950276193 0.203531961593082 -0.330763676778143 -0.199666111531758)
(-0 2.62494383183886 0.456315409687565 0.277345647704778 -0.296183817411208 -0.272655343803849)
(-1.86257921522157e-15 2.86779770580984 0.201521485635479 0.329009355991623 -0.247321047228973 -0.323473504139477)
(1.92018127602485e-15 3.05459886703075 0.00889090103524554 0.359708047158644 -0.179277455382241 -0.354144856640474)
(-0 3.20440442610483 -0.13181402605185 0.370441536329463 -0.090778979370948 -0.366527160536422)
(-0 3.3427783644341 -0.234314068167419 0.361888393432478 0.0113397305882299 -0.358512352259844)
(2.04483939354037e-15 3.49220157871303 -0.307724090976346 0.334649988404236 0.115126972934524 -0.330908270178057)
(-2.0760389995695e-15 3.67025393054663 -0.357045027823397 0.289961147991972 0.208307764106592 -0.286117047363465)
(-0 3.89703103006413 -0.38685616580852 0.230439903511475 0.280763078771792 -0.227052344550483)
(2.12916061511416e-15 4.18953139712255 -0.400895871312831 0.160283702561808 0.325363234917322 -0.157518609662894)
(-0 4.55425081216918 -0.401459084681727 0.085218255045836 0.339843148515469 -0.0831491684699124)
(-1.08493701149934e-15 4.98753256190434 -0.389106406850735 0.0112440676526154 0.326578468709869 -0.0105341519872762)
(-0 5.47432995933212 -0.364523201706583 -0.0555990941875494 0.29103118644199 0.0545239530296363)
(-0 5.98736585681674 -0.32914864951359 -0.110491478711074 0.240399253699433 0.107731546125805)
(-0 6.489106136717 -0.28543975482987 -0.150533177527732 0.182348160358299 0.146255832157636)
(5.36267812727895e-16 6.92458346281101 -0.235924047218568 -0.174254419957464 0.123527736258756 0.169026794029801)
(-0 7.24062317356871 -0.18418248434867 -0.182329368847796 0.0693591304597537 0.176890114003484)
(-0 7.39960047634999 -0.134441317522334 -0.177579318864335 0.0236110701360071 0.172383167502086)
(-0 7.36817875698384 -0.0901646806603098 -0.163310302071324 -0.0118023515849357 0.158711172711204)
(-0 7.12095886154279 -0.0538667557323708 -0.142911991581634 -0.0365408023339029 0.139049558606603)
(-0 6.6499689389441 -0.0267120563290689 -0.119432157303159 -0.0514141607332584 0.116277886926709)
(-0 5.9729970029353 -0.00851812558900439 -0.0953328578238978 -0.057866083708103 0.0928843936112004)
(-0 5.13718440210581 0.00194527930600291 -0.0726447936052816 -0.0576669598650329 0.070824776135208)
(-0 4.21486139913785 0.00659270743030277 -0.0527637135833043 -0.0527029850826123 0.0514803536956264)
(-0 3.29070104231576 0.00748710681880111 -0.0364842628168877 -0.0448670127673889 0.0356284218180784)
(-0 2.44288378306021 0.00644786787906931 -0.0240153399534977 -0.0358773050262709 0.0234701080640058)
(-0 1.72590618928957 0.00475726915523415 -0.0150564727804551 -0.0270997078944707 0.0147268583183557)
(-0 1.16277288157534 0.00314700238091918 -0.00899992776657084 -0.0194187841008206 0.00880948055947092)
(-0 0.748565795296789 0.001908741870484 -0.00513293220794398 -0.0132408288425313 0.00502796460089313)
(-4.57204650690563e-18 0.461063296229874 0.00107445974113409 -0.00279245609773906 -0.00860949152865232 0.00273664247322826)
(1.45278971852098e-18 0.27162303730469 0.00056476663176132 -0.00144553392494318 -0.0053356091207787 0.00141723343278138)
(-0 0.152699973330523 0.000277523479784488 -0.000708817430822516 -0.00314524052243676 0.00069496335390841)
(-0 0.0815128812055277 0.000127186302936944 -0.000326693226103719 -0.00175417683903737 0.000320377152256984)
(-0 0.0409648755786746 5.38212200763891e-05 -0.000139835985250382 -0.000917388775204186 0.000137151092446097)
(-0 0.0191195983984196 2.07169143673611e-05 -5.46113073920385e-05 -0.000444022984752735 5.35608237724973e-05)
(-1.66611612477291e-20 0.00810931932947582 7.06172189429165e-06 -1.8923173848152e-05 -0.000194693215763197 1.85538811019359e-05)
(-0 0.00301749482628335 2.04108229105629e-06 -5.56239437357774e-06 -7.4669097907096e-05 5.45067907605902e-06)
(-0 0.000926561519108139 4.6280856339631e-07 -1.28274682350589e-06 -2.35456017668791e-05 1.25592755258989e-06)
(-0 0.000208564094045994 7.07258157312216e-08 -1.99436213813866e-07 -5.42664205937263e-06 1.94875420203989e-07)
(-0 2.61033462047486e-05 5.06412415416064e-09 -1.45420510091733e-08 -6.93863695279061e-07 1.41369832597721e-08)
(-0 6.55411345554543e-07 4.09614396881245e-11 -1.49189169066936e-10 -1.77196199428798e-08 1.15685615234126e-10)
(-0 0.0681043006871433 2.96131631638965 -0.239960541894478 -0.0458472267324395 0.23855387552199)
(-0 0.233010335783981 2.91429890669832 -0.231751002335255 -0.138409838549438 0.231920161422278)
(-0 0.456114854271305 2.67216617429923 -0.193814552156606 -0.223275521708731 0.193880966387683)
(-0 0.751399505873797 2.33348763872918 -0.137670840337425 -0.295845021126775 0.139723552103357)
(-0 1.11109583326158 1.93331912469487 -0.0636633734267754 -0.352745778178774 0.0673259058737266)
(-0 1.50441910494769 1.50727363558102 0.02384226395457 -0.386576043051797 -0.0201116342141035)
(-3.71167160946497e-15 1.88526282110689 1.085363354684 0.116015820418596 -0.392194890786539 -0.113613556129654)
(-0 2.22279160152244 0.695796752138732 0.204276528954698 -0.374416718129714 -0.202598248972148)
(-4.07243423135015e-15 2.50860704784916 0.364181378944421 0.279595070089443 -0.336583698915435 -0.277339928479619)
(-0 2.74119180823835 0.0982771024772244 0.336613803891031 -0.274885150267271 -0.332695946286914)
(-0 2.92595194967052 -0.107264291353415 0.37403986396486 -0.18690278793157 -0.369027542658081)
(2.20206360989942e-15 3.08661619392663 -0.263058397006615 0.389549052459233 -0.0778794408205549 -0.384308675979906)
(-0 3.25175598793198 -0.379128931090813 0.382315169185304 0.0397528594513312 -0.377422752538487)
(2.26859389019204e-15 3.44299997826264 -0.463528943951069 0.3539367192385 0.152831334524789 -0.349514168283971)
(-0 3.68053256507293 -0.522277655341596 0.305876119677153 0.25024089992605 -0.302221487106959)
(-0 3.98210897424554 -0.559656178204723 0.241656725187353 0.322599434286402 -0.239072727497951)
(-0 4.357688127564 -0.578689525112518 0.167926476391442 0.363189198078418 -0.166876203271475)
(-0 4.80631056940552 -0.581180095692587 0.0924198225010274 0.370870630096582 -0.0928487914805891)
(-0 5.3138455641838 -0.56815696198298 0.0217258495044694 0.349195521017292 -0.0233448488250987)
(-0 5.85275686363027 -0.540626098010982 -0.0390860157721561 0.304653165278772 0.0366900173112942)
(-0 6.38405022212443 -0.499706900350552 -0.0867929487043582 0.245204444191402 0.0839334618919202)
(-0 6.84775057242787 -0.446495190088703 -0.119839560560272 0.178862663355459 0.116730079214974)
(-0 7.18676167083274 -0.384219533237385 -0.138170728179735 0.113512399442945 0.13502200716487)
(-5.38123467568936e-16 7.35989186356134 -0.317799322527777 -0.143553441819303 0.0552791933325663 0.140506034570765)
(-5.08173231398428e-16 7.32975589087384 -0.251981852486353 -0.13835040533242 0.0079018407971267 0.135581685219606)
(-0 7.070996845873 -0.191024317197157 -0.125413017016339 -0.0271804434989784 0.123026370074417)
(-0 6.57961258081479 -0.138126707284794 -0.107694530007416 -0.0501336348790072 0.105671201141689)
(1.87676656151424e-16 5.87981678411033 -0.0951104026437565 -0.0878318907582054 -0.0621300226645651 0.0861720245920837)
(-0 5.02562650193832 -0.0622875036889455 -0.0680610825246791 -0.0650651520373473 0.0667437791833568)
(-0 4.09471723232819 -0.0388072148706371 -0.0500993442979594 -0.0612480437776352 0.0490911276890692)
(-0 3.17401082816084 -0.0230396367408951 -0.0350176676818112 -0.0531453204239723 0.0342775099849189)
(-0 2.34004288394962 -0.0130774140259531 -0.0232491628474155 -0.0430472702387095 0.0227366424170521)
(-0 1.64297043643129 -0.00713364904854798 -0.0146831078852613 -0.032820718291492 0.0143454816780971)
(-0 1.10100284504098 -0.00375263487078909 -0.00883317743371884 -0.0236906574601542 0.0086211181999701)
(-0 0.705704814740046 -0.00191242628728569 -0.00506676309824154 -0.0162554307397818 0.00493981288396431)
(-0 0.433164025695488 -0.000944513345702436 -0.00277026848710404 -0.0106248446160732 0.00269830850019234)
(-0 0.254504054380499 -0.000451018301104945 -0.00144067653298538 -0.00661468748545022 0.00140187184740956)
(-0 0.142787586042465 -0.000206881323685132 -0.000709265301542923 -0.00391454363817988 0.000689457600940039)
(-0 0.0761069986934481 -9.04015051569915e-05 -0.000328086260845536 -0.00219067913955321 0.000318664020810349)
(-0 0.0382069371235663 -3.7058336094564e-05 -0.000140924957930619 -0.00114967269448516 0.000136754714484519)
(-7.36657393555512e-20 0.0178186056584751 -1.39828471727965e-05 -5.52068622022493e-05 -0.000558247943667713 5.35287996489858e-05)
(-0 0.00755408444270191 -4.70579104477223e-06 -1.91850656294321e-05 -0.000245400060705518 1.85734407871828e-05)
(-0 0.00280961446661537 -1.35146129428289e-06 -5.65280531878873e-06 -9.42884819366148e-05 5.46755945347791e-06)
(-0 0.000862273675781297 -3.04589636176642e-07 -1.30623920687176e-06 -2.97913201773437e-05 1.26126351199501e-06)
(-0 0.000193955833843164 -4.64425458458811e-08 -2.03355617266894e-07 -6.87915158325583e-06 1.95849505161992e-07)
(-0 2.42674919283903e-05 -3.32415296001495e-09 -1.48393868220463e-08 -8.80980082731348e-07 1.42294008342965e-08)
(-0 6.12526354834507e-07 -2.70278890703467e-11 -1.53338453085542e-10 -2.26446572953037e-08 1.17275626989913e-10)
(-0 0.0290384243651069 3.29287889882313 -0.252057517002706 -0.0393381666545898 0.248776952836642)
(-5.21020214949772e-15 0.107331702463708 3.17716336949181 -0.245301797528861 -0.115254028797642 0.244434963243443)
(-0 0.241939389986959 2.96070333322472 -0.228318831126093 -0.19388696252056 0.228260539770945)
(-0 0.454349550918967 2.65559211919493 -0.197211066832312 -0.270974773655138 0.198958280637473)
(-0 0.743615174065935 2.28369386775705 -0.148114888376938 -0.342136283256905 0.150355207108666)
(-3.71536132776053e-15 1.085131407983 1.86150417712195 -0.0782515902350948 -0.397474959258082 0.0811542649879303)
(-0 1.43982436699466 1.4180070838293 0.011107994840267 -0.426140253487049 -0.00906764320129532)
(-0 1.7814119602163 0.986623735930167 0.109121012597163 -0.427861373308389 -0.108337750121345)
(-0 2.09479682013947 0.596824098606686 0.200612712224163 -0.404388233261566 -0.199996543136984)
(-0 2.36381862021718 0.264522940474382 0.275901539429791 -0.353090057243433 -0.274466307512554)
(-0 2.5859945708896 -0.00543813266919978 0.331711974373995 -0.271289477749895 -0.329325000753324)
(2.41845444002012e-15 2.7794898692119 -0.215293542117352 0.367624967343557 -0.162317725198901 -0.364325489043093)
(-0 2.96852801438895 -0.37448117636144 0.382068786878711 -0.0375821166575466 -0.378769920787556)
(-0 3.17473288240607 -0.493779571574279 0.373109518558575 0.0902407625466429 -0.370701148730735)
(-0 3.4222505072191 -0.580719151247768 0.342460651509296 0.209186540542135 -0.340959587529219)
(-0 3.73155753140365 -0.640982658852439 0.295073348964226 0.305519363125067 -0.293860201930915)
(-0 4.11334579774291 -0.678431082719023 0.236543966521731 0.368880525509836 -0.235529575075084)
(-0 4.56880547425758 -0.695849255599563 0.172744095234638 0.396266464869112 -0.17208783152251)
(1.27819604531022e-15 5.08646094589197 -0.695192192269282 0.109350309992673 0.389743093180138 -0.109085685689604)
(-0 5.64177330115221 -0.677260575954256 0.0509025009726972 0.354823521354683 -0.0509652130426676)
(-0 6.19433834933817 -0.642182427284877 0.000598567574088834 0.299379286800534 -0.000989774646734438)
(-0 6.68576624223895 -0.590200863936643 -0.039495528125551 0.23201918416444 0.0387008496921809)
(6.02554574254491e-16 7.05896120650716 -0.524323512917346 -0.0681019645131839 0.161498803901578 0.0670101817278728)
(-0 7.26500236424734 -0.449288954963529 -0.0852216771401409 0.0950430938953339 0.0839101853918287)
(2.72240945370112e-16 7.25949021750407 -0.370433004231907 -0.0918903928063459 0.0377149234398277 0.0904684673245502)
(-0 7.01316557462112 -0.293117855195777 -0.0897866094274204 -0.00737842215011022 0.0884237950918459)
(-0 6.52210493612978 -0.222018481816085 -0.081204815742208 -0.0390353135666552 0.0800248028093092)
(-0 5.81476122136814 -0.16073629443149 -0.0687243117708107 -0.057816087497157 0.0677994696133122)
(-0 4.95123818445331 -0.111067514301496 -0.0547195298832678 -0.0654386689695787 0.0540000398558726)
(-0 4.01488341598249 -0.0731979235378172 -0.0410750990643695 -0.0643262159558659 0.0405407063985064)
(-0 3.09576262522425 -0.046048279416009 -0.0291032324187344 -0.0573221943949248 0.0287401308078219)
(-0 2.27025707866174 -0.0277030384684589 -0.0195117653245095 -0.0472414831467052 0.0192795423103778)
(-0 1.58617939749107 -0.0159766343853561 -0.0124086317481763 -0.0364713539447099 0.0122668523146185)
(-0 1.05842604609086 -0.00885469144204309 -0.00750362939367121 -0.0265784430903007 0.0074199654613816)
(-7.44015592742476e-18 0.675992215911273 -0.00472290935084948 -0.00432274714922318 -0.0183627305914818 0.00427412600662695)
(-0 0.413736093983285 -0.00242333370309845 -0.00237111201121339 -0.0120682161246969 0.00234471731918102)
(-0 0.242548473595163 -0.00119239380222594 -0.00123616753015968 -0.0075503160543032 0.00122242892502404)
(-0 0.135846803863038 -0.00055972369727048 -0.000609945858390022 -0.00448547674785186 0.00060310529142389)
(-0 0.0723156238418498 -0.000248522243888651 -0.00028270853630252 -0.00251837388728199 0.000279467989907492)
(-0 0.0362683136643577 -0.000103016940445553 -0.000121628093336751 -0.00132520416550916 0.000120192567988665)
(-0 0.0169021526096554 -3.91157845010223e-05 -4.77004682853109e-05 -0.000645188556742313 4.71227610751469e-05)
(-0 0.00716262939439132 -1.32308139830814e-05 -1.65970232897406e-05 -0.000284234740430792 1.63896370133964e-05)
(-0 0.00266331210060714 -3.80634050847797e-06 -4.89773744717766e-06 -0.000109425851813181 4.83110944670705e-06)
(-1.20916666504198e-21 0.000817057029699848 -8.60062256361282e-07 -1.13287181570163e-06 -3.46340257511316e-05 1.1155604180889e-06)
(-0 0.00018364166438954 -1.31225636653612e-07 -1.76353289524393e-07 -8.00056911774288e-06 1.73405362888665e-07)
(-0 2.29978702719758e-05 -9.40205847178918e-09 -1.29030307424391e-08 -1.02703919236668e-06 1.26341994421143e-08)
(-0 5.64025024437024e-07 -7.36269200613476e-11 -1.29309497463362e-10 -2.56896872287393e-08 1.00767744997459e-10)
(-0 0.000604459597047976 3.4365228348974 -0.232349859116417 -0.0257746371040843 0.227783510754094)
(5.45302172451502e-15 0.0173658364910851 3.34655134529133 -0.237954769214587 -0.0834000325529832 0.235445539656862)
(-0 0.0801782909709187 3.17077846228027 -0.247640889780309 -0.152391384398103 0.247969592697923)
(-0 0.215869499383552 2.91217882843959 -0.245787681600662 -0.229268466257877 0.247890058297269)
(-0 0.428692074242852 2.58103775580042 -0.223399120569109 -0.308660316650602 0.22504090592076)
(-0 0.701896664338545 2.18512141903659 -0.174443737087521 -0.378668336830437 0.177208418734974)
(-0 1.01195949891509 1.74872502670541 -0.0944165697022732 -0.42725099720521 0.095546006220296)
(-0 1.33637726190668 1.30464421248729 0.0051925235681675 -0.448527379956041 -0.00540460034401125)
(-0 1.65615821408985 0.880586275621915 0.104200193213208 -0.441585990112052 -0.103994548289315)
(-0 1.94934919435078 0.499256601959838 0.190465258958183 -0.403355345624335 -0.189990385042059)
(-2.58757252840942e-15 2.20596662849404 0.176237066688387 0.25869562514708 -0.331095275710177 -0.258166141683236)
(-0 2.43447654548023 -0.0846173302011496 0.309061291143696 -0.22754748550065 -0.30868570100108)
(-0 2.65104675366493 -0.288029319995028 0.342568682124769 -0.10144504676219 -0.342381989343713)
(-0 2.87721101171651 -0.442099458728545 0.356648249166754 0.0353601743083718 -0.355906674317393)
(-0 3.13827835059192 -0.554607188659218 0.350554331491177 0.168178603234733 -0.349175015818645)
(-0 3.45585176109875 -0.633712470857438 0.327108869756355 0.28105117382579 -0.325575127882043)
(2.78531572053217e-15 3.84283300806562 -0.685231829495018 0.290202951225299 0.361761933137471 -0.288649552054457)
(-0 4.30070131502173 -0.713508823078135 0.244300568835874 0.405345988946458 -0.242882818687149)
(-0 4.82082821115657 -0.721910896754705 0.193909557497871 0.412735518665088 -0.19270413280806)
(-0 5.38318364118486 -0.711938704613318 0.142906957503308 0.388969171041073 -0.141897901841986)
(-0 5.94864353783789 -0.683362369352901 0.0941469535666164 0.341231523485002 -0.0933701402870841)
(-0 6.46200563379673 -0.636499074154996 0.0503514867108742 0.278001642833242 -0.0497686368557104)
(-0 6.86695356665187 -0.57369123244538 0.0137810955148308 0.207737087411892 -0.0133901978123954)
(-0 7.10762307029401 -0.499194454163162 -0.0140943879106549 0.13782715808099 0.0142811640956732)
(-2.90813022893134e-16 7.13357073735877 -0.418095482703859 -0.0326972768989496 0.0742750204256687 0.0327786583409541)
(-0 6.91221433875417 -0.336096372995511 -0.0427052896634225 0.0211224805788481 0.0426063981024588)
(-0 6.43721029879458 -0.258600763509226 -0.0452498984129392 -0.0188282244529181 0.0451068824879502)
(-0 5.73787993017162 -0.190031858832031 -0.0423325564797939 -0.0450166994280483 0.0421708034159342)
(-0 4.8780881198065 -0.133132312506996 -0.0360903176164285 -0.0585257290110247 0.0359030500804295)
(-0 3.94467968401329 -0.0888540740799009 -0.0284135880866901 -0.061477576646791 0.0282427151660391)
(-0 3.0307074921855 -0.0565228459637117 -0.0208501647525498 -0.0569423593850156 0.0207042125232743)
(-0 2.21381095272253 -0.0343335131823496 -0.0143381792922031 -0.048114549054741 0.0142299210328584)
(-0 1.54064069412523 -0.0199603430121517 -0.00929551972819379 -0.0377713087113104 0.00921642725346391)
(-0 1.02424856141727 -0.0111387769634412 -0.00570347512782669 -0.0278377849737508 0.00565143327941614)
(-0 0.6520612843894 -0.00597266535605233 -0.00332137133216605 -0.0193943249795177 0.00328987573231187)
(-0 0.398016689707551 -0.00307643313419925 -0.00183754277700089 -0.0128284988097153 0.00181952599820203)
(-0 0.232823188194888 -0.00151820688034011 -0.000964654773518022 -0.00806323378646374 0.000954943411667343)
(-0 0.130171006670602 -0.000714118205610952 -0.00047875003733279 -0.00480808627653283 0.00047374092815189)
(-2.83117541426972e-19 0.0691987322520209 -0.000317383664664597 -0.000222909420024047 -0.00270806284059005 0.000220519336076819)
(-1.54819652017898e-19 0.0346698120310381 -0.000131636797772645 -9.62309861946516e-05 -0.00142904017300163 9.51967939748071e-05)
(-0 0.0161453809491292 -5.00048796926876e-05 -3.78749199244463e-05 -0.000696992065814749 3.744692395183e-05)
(-1.82678177289499e-20 0.00683630028033212 -1.69116844415105e-05 -1.32159746615415e-05 -0.000307531866071219 1.30613284074699e-05)
(-0 0.00254037262518906 -4.86263775252879e-06 -3.9049212060561e-06 -0.000118591720458782 3.85753384305117e-06)
(-0 0.000779237695541866 -1.09989243029332e-06 -9.05400723033966e-07 -3.75821486544247e-05 8.93650203970723e-07)
(-0 0.000175117535121835 -1.67667680835465e-07 -1.4131971689953e-07 -8.69381994693526e-06 1.39125344426994e-07)
(-0 2.19088387722149e-05 -1.19812761559309e-08 -1.03279064902354e-08 -1.11697760527996e-06 1.01287478413514e-08)
(-0 5.51259700038051e-07 -9.70728983738091e-11 -1.06623883818325e-10 -2.86748215966666e-08 8.34322223055435e-11)
(-0 -0.016898013497716 3.52005833632151 -0.193803298760635 -0.0104754785140653 0.186785643740476)
(-0 -0.0412103316889468 3.45284278734196 -0.218221005569768 -0.0466361124883129 0.214553099557588)
(-0 -0.0325931630827523 3.31436505960965 -0.253658660052408 -0.101868774257585 0.252875376947935)
(-0 0.0364191070623741 3.10503787312583 -0.279619726888646 -0.173766062128678 0.282436053126985)
(-0 0.174384855876794 2.82021659247212 -0.280918898885252 -0.255791985392726 0.283401751188408)
(-0 0.374667905354468 2.46370550611097 -0.24993575800389 -0.335359910837093 0.253877182437512)
(-0 0.62676767407241 2.05468160755726 -0.184995293790918 -0.399134798807844 0.18702200189501)
(-0 0.914903512207128 1.61980442097843 -0.0963878763571043 -0.437612353031825 0.0958852308555205)
(-0 1.22113426931366 1.18679513916814 -0.00144082491891811 -0.446781248584773 -0.000130547176261983)
(2.6973326525502e-15 1.52303280740307 0.779695484512038 0.0888693745105206 -0.423259281885453 -0.0902503170645107)
(-0 1.80417129270079 0.420112230910683 0.168469538957807 -0.362935580041589 -0.169461586364139)
(1.44874661815225e-15 2.06365359694293 0.118356193524008 0.233810824254434 -0.267739606467973 -0.234247996199487)
(-1.4808373114249e-15 2.31256294452939 -0.123629576609446 0.282940351739384 -0.145718546406642 -0.282983269419677)
(-0 2.56826904263273 -0.308466756246663 0.316132841798883 -0.00772320064077948 -0.316137088161828)
(-0 2.85223410712234 -0.443884905910384 0.333675435822378 0.13050005784313 -0.333406023076572)
(-3.04536066014182e-15 3.18450751588371 -0.538366853241777 0.335698274741534 0.25180643254566 -0.335017775933552)
(-0 3.57857734657353 -0.599819915927066 0.323654390767907 0.34296126162153 -0.322479829309588)
(-0 4.03712625528927 -0.634862630606411 0.299675078122971 0.397836807893641 -0.298075793806806)
(-0 4.55397188869264 -0.648293372827125 0.266146979247114 0.416703444154624 -0.26423668018686)
(-7.44405628026309e-16 5.11257609046892 -0.642887860941444 0.225804412441147 0.4041007818952 -0.223730667431421)
(-0 5.67798656995456 -0.619888027886178 0.181634837759723 0.366657535646454 -0.179554834488311)
(-0 6.2015559204429 -0.580634515471508 0.136853407294172 0.311682334088436 -0.134916515925181)
(-0 6.62722834086848 -0.5270405998912 0.0948103044365748 0.246540183313033 -0.0931425192250655)
(-0 6.89514352628378 -0.462261124941122 0.0582211823113186 0.177983954183427 -0.0568219590343167)
(-0 6.95089333335992 -0.390425841838558 0.0288131511943183 0.112029308295268 -0.0277615535052616)
(-0 6.75724675836092 -0.316436576877169 0.0073925773050884 0.0538264719970697 -0.00670059050770398)
(2.56707957530565e-16 6.30596220347234 -0.245454207502983 -0.0062456002928182 0.00717040782787394 0.00670965036384439)
(-0 5.62581165206701 -0.181668996568058 -0.0132527250359015 -0.0260605454727619 0.0135026297921066)
(-9.52563104130958e-17 4.78132219019213 -0.128030325676134 -0.015298095468342 -0.0458222444359551 0.0154012428523926)
(-1.55826656931186e-16 3.86156216045066 -0.0858862870746094 -0.0141786052685396 -0.0537477062979929 0.014192118727017)
(-0 2.9611466975221 -0.0548398888952477 -0.0115032939354114 -0.0527204652838437 0.0114758222117919)
(-0 2.15794047977237 -0.033403029273826 -0.00845922171304533 -0.0461107153743 0.00842135205410706)
(-0 1.49803633680335 -0.0194593748117464 -0.00574727357330882 -0.0370073683645518 0.00571205797551184)
(-0 0.993535845364941 -0.0108732156843472 -0.00364860346497548 -0.0276904486140862 0.00362312053747437)
(-0 0.631122970480819 -0.00583427797180772 -0.00217975668085311 -0.0195012508537598 0.00216293673577492)
(-0 0.384482505556898 -0.00300611214974802 -0.0012305382053166 -0.0129989316015167 0.00121994841656347)
(-0 0.224526964974095 -0.00148358025002516 -0.00065656137014967 -0.00821757057137541 0.000650304249856986)
(5.09900535249412e-19 0.12535883173451 -0.000697604512007006 -0.000329952367275728 -0.00492157330752973 0.000326606615735047)
(-0 0.0665644234209997 -0.000309953762710289 -0.000155219675455058 -0.00278158843571057 0.000153600112102102)
(-1.61176213964789e-19 0.0333193599688908 -0.000128515739469419 -6.76337736890653e-05 -0.00147172250189664 6.68872228722088e-05)
(-0 0.0155040302439718 -4.88118554188148e-05 -2.68237253565091e-05 -0.000719371815147586 2.65121764816005e-05)
(-0 0.00656098683271692 -1.64985790505215e-05 -9.42112927283571e-06 -0.000318022333772291 9.29983134993021e-06)
(-0 0.00243670383128346 -4.74161134160446e-06 -2.80117930962989e-06 -0.000122786682076315 2.76133781087687e-06)
(-0 0.000746808510395464 -1.07176291458293e-06 -6.52102219844742e-07 -3.89516839370855e-05 6.42471451035775e-07)
(-0 0.000167717347701678 -1.63179175759808e-07 -1.02110617495153e-07 -9.01953319006921e-06 1.00309153504994e-07)
(1.09731032340068e-23 2.09685010687271e-05 -1.16438230710346e-08 -7.48925578289976e-09 -1.15872013024064e-06 7.31972112612777e-09)
(-0 5.28455894074389e-07 -9.51535316297836e-11 -7.76865990283459e-11 -2.98346718710207e-08 6.11708412822868e-11)
(-0 -0.0265283330199579 3.57571227734244 -0.144039897434842 0.00327932456436635 0.134652485887713)
(-0 -0.0766824215675248 3.52343894029629 -0.186555073316136 -0.00736643558270865 0.182924035248944)
(-0 -0.105858362889582 3.41139389716747 -0.244882051624569 -0.0438685289423306 0.243292269060452)
(-0 -0.0897984849316634 3.24653062292119 -0.29573853414243 -0.10445435745809 0.298056224846011)
(3.85753443318084e-15 -0.0194120832967525 3.00492043650817 -0.319461985331368 -0.183490813775598 0.32328627025592)
(-0 0.109704787254329 2.6907843794389 -0.306371334824361 -0.267985454272505 0.309430827373799)
(-0 0.298156192830549 2.31823686264088 -0.259367689737229 -0.342744523409497 0.26174889119945)
(-0 0.538559155901306 1.91010385017388 -0.186201577795412 -0.39480868214717 0.185942598009232)
(2.70130854838679e-15 0.816931223090505 1.49076606640016 -0.0996775923574986 -0.417808073138111 0.0985525427349025)
(-0 1.11229353829685 1.0832696858194 -0.0112426456006558 -0.408922120122558 0.0100245399290586)
(-0 1.4057125781929 0.707105567476611 0.0734706961283793 -0.362744276041491 -0.0744800877349774)
(-1.56908349355601e-15 1.69027880551408 0.380902491113688 0.148725216609139 -0.279522042087959 -0.14954412640566)
(-0 1.97128041129043 0.112083025843482 0.21138058209805 -0.166434117378259 -0.211828359478942)
(-0 2.26014402522949 -0.0984408862397346 0.262272657904262 -0.0346003376036687 -0.262485999382336)
(-0 2.57343796634785 -0.255697000291132 0.301398412255174 0.100980605345478 -0.30125475902074)
(-0 2.92905649238853 -0.366541758943701 0.327196762955911 0.223026894382255 -0.326760631759276)
(-0 3.33836573014688 -0.438518240317788 0.33858460651414 0.317742805461267 -0.337703591755403)
(-0 3.80395408078546 -0.479680509148756 0.335247768243245 0.378990903571494 -0.333831999324625)
(-0 4.32144827913444 -0.496206059075295 0.317960399622677 0.406769286811643 -0.316038419051876)
(-0 4.87515775883949 -0.493372929445825 0.288803056720703 0.404466424919991 -0.28645536190453)
(-0 5.43431355942734 -0.475158891180711 0.250851584259862 0.377602608677232 -0.248304568687777)
(-7.64237120105309e-16 5.95650739272774 -0.444281110665378 0.207926693892438 0.332403103379384 -0.205396126555881)
(-0 6.388010801655 -0.403260802527071 0.163838963765601 0.274924768069019 -0.161413598263619)
(-0 6.6689866389496 -0.35434838560702 0.121920132929632 0.210949728338013 -0.119744801657363)
(-0 6.74386835289814 -0.300298765487121 0.0848443890724007 0.146124094860351 -0.0830509891788761)
(-0 6.57306410643198 -0.244540585523253 0.0544476607924066 0.0858481435839187 -0.0530731710075029)
(-0 6.14614158115994 -0.19066955060531 0.0314538589044208 0.0346536721204333 -0.0304808768184838)
(-0 5.49023040439644 -0.141686550712408 0.0155849072660559 -0.00437078064170954 -0.014988570058235)
(-0 4.66815087493551 -0.100224171105743 0.00576482560375685 -0.0299742299886923 -0.00544286981897575)
(-0 3.76889849582043 -0.0673798057597956 0.000500601652559329 -0.0429817371917352 -0.000358490639013326)
(-0 2.88723440871728 -0.0430615059964944 -0.0017372225614601 -0.0458800787347522 0.00177855857519574)
(-0 2.10092129854873 -0.0262215060981458 -0.00225552310736442 -0.0420162500503773 0.00224968433648596)
(-0 1.45584024045192 -0.0152606082480084 -0.00197804145430248 -0.0346811592168849 0.00195769389100076)
(-0 0.963724336998559 -0.00851084646623979 -0.00145570974820383 -0.0264317203620188 0.00143439380960949)
(8.52260402301167e-18 0.611057656593812 -0.00455728374161699 -0.000957253475059881 -0.0188505016250364 0.000940825979126235)
(-0 0.371625536292769 -0.00234420437720634 -0.000578061155343434 -0.0126769217845522 0.000567022488077536)
(-0 0.216697540138766 -0.00115503906198987 -0.000324154937265364 -0.00806644697438549 0.000317582055441476)
(-0 0.120835354120114 -0.000542440300889881 -0.000169194421621832 -0.00485480512427077 0.000165706238458616)
(-0 0.0640949783194173 -0.000240657485469823 -8.19943832087637e-05 -0.00275406079553126 8.02438831274172e-05)
(-0 0.0320550601068157 -9.97102964665714e-05 -3.65913024363366e-05 -0.00146156645458836 3.58040042933791e-05)
(-0 0.0149051653662195 -3.78339272977575e-05 -1.47975420139038e-05 -0.000716188200653296 1.44687976481597e-05)
(-0 0.00630390979796664 -1.27834500849179e-05 -5.28138566413238e-06 -0.000317272704606635 5.16313262801121e-06)
(-0 0.00234016682276839 -3.67216920457052e-06 -1.59217911190073e-06 -0.00012270696962905 1.55444048410153e-06)
(1.35477751296895e-21 0.000716907592696916 -8.28955443705165e-07 -3.75304149858742e-07 -3.89790802977965e-05 3.65575583891342e-07)
(-0 0.000160932816343538 -1.2616023003256e-07 -5.93017374475658e-08 -9.03653797523073e-06 5.76657128553064e-08)
(-0 2.01183443462017e-05 -9.02321994169561e-09 -4.39042544271083e-09 -1.16231153884917e-06 4.2599413967526e-09)
(-0 4.93415650973317e-07 -7.12537001429963e-11 -4.45256034133944e-11 -2.91566585301639e-08 3.46387225679207e-11)
(-0 -0.0313178590799764 3.62549302361384 -0.0894697160613564 0.015659744314255 0.0786407288929473)
(-3.02275246045778e-15 -0.0967240145655194 3.58385257877675 -0.1441841495355 0.0332650649783003 0.139109016274809)
(-0 -0.149532465408086 3.49035214535523 -0.220556822603163 0.0189036563347876 0.219986366522782)
(-0 -0.174113143310462 3.35750126190569 -0.291909238723487 -0.0257052557679034 0.293534504630025)
(-0 -0.161941541606337 3.15262809175873 -0.33681899693144 -0.0963499965963572 0.341824204166651)
(2.17206491100521e-15 -0.0957719662805182 2.87695059626813 -0.34332950535942 -0.179505354446621 0.345572059808335)
(-0 0.0323271120222865 2.54207615431943 -0.315126819663262 -0.258977521541372 0.317631062913973)
(-0 0.222267449777784 2.16843364813363 -0.259074800509652 -0.319654697311752 0.259338879463153)
(-0 0.464341395951211 1.777268587478 -0.184910501894071 -0.354234642962853 0.184278514276976)
(1.51228457083676e-15 0.739422092577412 1.38736729933845 -0.10274495356296 -0.359261046974339 0.101927667476703)
(-0 1.03212256038058 1.01541685674959 -0.019392234240244 -0.328986778124634 0.0187299127301022)
(-0 1.33380660186826 0.681713167209349 0.0606951111627813 -0.261472760756841 -0.061113746241389)
(-0 1.64229885612601 0.399039682884175 0.135422975406268 -0.16270833740279 -0.135510774063232)
(-0 1.96292073468727 0.170935173229721 0.202342287654223 -0.0431121906846873 -0.201825428012426)
(-0 2.30824762046904 -0.00352327718531264 0.25957929930881 0.0826142288742336 -0.258732708526682)
(-0 2.69363249363759 -0.128208810741207 0.305391642065555 0.198366872230178 -0.304379703553476)
(-0 3.12718500275348 -0.21063711664698 0.336413047111672 0.291209101691872 -0.335315279416879)
(-0 3.60946114535665 -0.259136319380301 0.349995214203583 0.354666918571271 -0.348737653941236)
(-0 4.13397687904757 -0.281356983207136 0.346253467829634 0.38800620333491 -0.344783721423029)
(8.65729717546795e-16 4.68434827752279 -0.284032985008549 0.327261903467177 0.393750667175224 -0.325511224864208)
(-0 5.23396804682154 -0.273134031779457 0.296271346508972 0.376303073722159 -0.294285751017617)
(-0 5.74389379738877 -0.252860929463614 0.257209667470342 0.340744751518564 -0.255069209350638)
(-0 6.16374678025502 -0.226976073485745 0.213972831848747 0.291857321523065 -0.211817767853374)
(-0 6.43854479286199 -0.197100512337994 0.170263438555918 0.234268979211722 -0.16829888837959)
(-0 6.51541854803094 -0.165780858462154 0.12934468936485 0.17293944513644 -0.127626791163994)
(-0 6.35580702815638 -0.134270625348254 0.0935587897842949 0.113104564868157 -0.0921356011177682)
(-0 5.94934015972427 -0.10418756434199 0.0642368558402338 0.0596572766971821 -0.0631610110418255)
(-0 5.31857553513035 -0.0771488507490311 0.0417355785653437 0.0167035679603639 -0.0409949461258151)
(-0 4.52367081555566 -0.0543121265321583 0.0256049254027212 -0.0134625419124613 -0.0251227272047123)
(-0 3.65208516440677 -0.0363041942005689 0.0147822908517595 -0.0309060106494114 -0.0145014415694886)
(-3.41508541221654e-17 2.79624144266993 -0.023033035744652 0.00801248246927571 -0.0375452262055201 -0.00787217532541361)
(-0 2.03275483072409 -0.0139086703389734 0.0040806382184062 -0.0365158740067943 -0.00401126910309074)
(1.8805981240318e-17 1.40690088577476 -0.00802154196291522 0.00194190445533905 -0.0311980887009018 -0.00191419286562776)
(-0 0.930074945844618 -0.00443342930820324 0.000855692888730109 -0.0243009663377242 -0.000849563734773894)
(-0 0.588886477354381 -0.0023552684729477 0.000344164345493442 -0.0175798658662469 -0.000345991759715973)
(-0 0.357658857522004 -0.00120238025948381 0.000123228856465356 -0.0119380083519596 -0.000126088663150553)
(-1.84674679457757e-18 0.208307966899097 -0.000589065196220677 3.62638389059524e-05 -0.00764997717553015 -3.79435247506153e-05)
(5.58988440940295e-19 0.116041792118505 -0.000275048250048464 6.17589886370094e-06 -0.00463001860671791 -7.4737442570151e-06)
(-0 0.061504636292525 -0.000121654045044826 -1.78067738352644e-06 -0.00263794759335274 1.02395356559507e-06)
(-0 0.0307383217320893 -5.02179923396177e-05 -2.49044760146777e-06 -0.00140452736608951 2.05683116267781e-06)
(-0 0.014285298739767 -1.90129539416495e-05 -1.52811983547894e-06 -0.000690078060839832 1.35936273478662e-06)
(-0 0.00603850461509697 -6.41348867306892e-06 -7.01199796081849e-07 -0.000306360744644107 6.40536734525175e-07)
(-0 0.00224064719187704 -1.83959897806084e-06 -2.5002831234047e-07 -0.000118716482465025 2.30969424657153e-07)
(-0 0.00068645234380539 -4.1521669560513e-07 -6.63004333698556e-08 -3.77866909651368e-05 6.21286260577483e-08)
(1.74477616341907e-22 0.000154223155337336 -6.32517418497815e-08 -1.16754846964536e-08 -8.78005491039799e-06 1.08705571917987e-08)
(1.19323473068071e-23 1.92232215605676e-05 -4.50202643295453e-09 -9.27748894162988e-10 -1.1276205960581e-06 8.56970295053834e-10)
(-0 4.72442479308978e-07 -3.56066534591696e-11 -9.739734397577e-12 -2.83794206518898e-08 7.4543179216008e-12)
(-0 -0.032111247198698 3.68926339874189 -0.0324163632617659 0.029090321262221 0.0204094467558227)
(-1.55355600382124e-15 -0.104774495987173 3.65833095187336 -0.0930983460398016 0.0742669143779312 0.08652318327296)
(-0 -0.173246523096174 3.57988184957035 -0.183353793211879 0.0842285192481826 0.183556308400378)
(-0 -0.227484218943671 3.46335336685277 -0.270723166426857 0.0575331266277505 0.272149677934446)
(-0 -0.261851504105165 3.28748193392417 -0.333589628212642 -0.000172636092962891 0.338626735385125)
(-0 -0.249595740487008 3.04403860984803 -0.359432814182376 -0.0759435948628146 0.361488813693712)
(-0 -0.175214724628019 2.74332328555999 -0.350445736991489 -0.152615848306414 0.352494584237946)
(-0 -0.0329964116051405 2.4041149534618 -0.312921980320083 -0.216407122459694 0.313754987364073)
(2.90615317631331e-15 0.170584486467932 2.04467657022828 -0.254019656749345 -0.259034180132057 0.253900181469463)
(-0 0.418642035361929 1.68116490753459 -0.182875886158029 -0.276260284273792 0.182470014627397)
(-0 0.700077585243014 1.3300178236056 -0.105278399190342 -0.262004093957907 0.105215715411883)
(-0 1.00860436454317 1.00601636604681 -0.0238556290668622 -0.212967710217998 0.0244224028513911)
(-0 1.33736666006854 0.721411338187947 0.058242842365892 -0.133250923002512 -0.0573507678203875)
(-0 1.68686234205393 0.485892984756775 0.136599647124138 -0.0316997544724739 -0.135360729989456)
(1.94513508025515e-15 2.06670265590601 0.302851188594901 0.207979960592765 0.0782121737794621 -0.206653852431881)
(-0 2.48648331212178 0.16901239616053 0.269214232174641 0.181785797225945 -0.267951730327034)
(9.78011543119181e-16 2.94893972299359 0.0774123389748484 0.315652605047965 0.267525903460936 -0.314483713896926)
(-0 3.45179094287245 0.0204842765369894 0.343491449325172 0.329187650912178 -0.342175252160424)
(-0 3.98729576607127 -0.0100950203802376 0.351865572621757 0.364912966511482 -0.350401866682085)
(-0 4.5379946872244 -0.0218958529374835 0.3425820466826 0.376143482271851 -0.341029975843209)
(-0 5.07707723220849 -0.0220701938007063 0.318967101747353 0.366163550461774 -0.317364330996483)
(-0 5.56686139241295 -0.0162625957913342 0.285048877552344 0.338897483326653 -0.283426115075313)
(4.07900091249755e-16 5.82712563770988 -0.00845354866714558 0.23935740128961 0.291120411476822 -0.237786348124337)
(-0 6.01189245713293 -0.00177869323272991 0.195958278494731 0.238927653571495 -0.194427091791878)
(-0 6.09799739584944 0.0029107590206165 0.156648642712537 0.184949462373353 -0.155173403965626)
(-0 6.06746446455249 0.00574714427459463 0.122377776754002 0.131710187260133 -0.121048510582679)
(-0 5.70793518357231 0.0070906015359865 0.0903569496420883 0.0791325573925492 -0.0893235655344539)
(-0 5.10258761229124 0.00697989331580625 0.0636178944298901 0.0345006658483669 -0.0628353608930046)
(-0 4.33928926473474 0.00629011036756121 0.0428813701620274 0.00150489436572525 -0.0423397994587679)
(-0 3.50184103208467 0.00513412721079132 0.0276449829833878 -0.0191230732668558 -0.0273039559043197)
(-0 2.6797972095583 0.00388516607307881 0.0170583588818349 -0.0287823384764562 -0.0168594788513398)
(-0 1.94682575043212 0.00273754364419868 0.0100837121704914 -0.0303220449600163 -0.00997953465742961)
(-0 1.34637633444496 0.00179966012228943 0.00572768564939397 -0.0269859471736664 -0.00567472997493975)
(-0 0.889306369708647 0.00110735943491533 0.00313027039745339 -0.021530614277418 -0.00310279991786989)
(-0 0.562616028924116 0.00064212992569155 0.00164137496749221 -0.0158280269056714 -0.00163248512095491)
(3.06698802644699e-18 0.341425389347639 0.000350470948132591 0.000829269555629767 -0.0108658185274533 -0.000825104212965646)
(-0 0.198710493241773 0.000181252157516301 0.000401513302173815 -0.00701885580622078 -0.000400046006134978)
(5.84786530039413e-19 0.110622546672542 8.83428520307498e-05 0.000185027160661273 -0.00427222253553749 -0.00018490333436305)
(-0 0.0585962801035045 4.01436074745423e-05 8.07778786699908e-05 -0.00244456862436494 -8.06862327778312e-05)
(-0 0.0292728858480128 1.69447670238795e-05 3.28620707851738e-05 -0.00130642530218312 -3.28786565959946e-05)
(-0 0.0135990436135292 6.50229795909073e-06 1.22727846739102e-05 -0.000643696085936687 -1.22651408537859e-05)
(2.16580520914884e-20 0.00574669615814932 2.21697344581851e-06 4.07398730266402e-06 -0.000286490023653414 -4.07826759770222e-06)
(-0 0.00213207960564565 6.42921581992513e-07 1.15319169585679e-06 -0.000111245253116867 -1.15483546668673e-06)
(-0 0.000652840085125418 1.45462371024909e-07 2.56959878945514e-07 -3.54554738894391e-05 -2.56767920368377e-07)
(-0 0.000146463913291174 2.2174359321232e-08 3.84350894157995e-08 -8.24309700787354e-06 -3.85181699943203e-08)
(-0 1.83258833370313e-05 1.59494535365132e-09 2.72627842066741e-09 -1.06421874213269e-06 -2.72274737293074e-09)
(-0 4.5012140188876e-07 1.25682924475889e-11 2.70491569235105e-11 -2.67925334724322e-08 -2.1218083534857e-11)
(-0 -0.0295941747525852 3.78633047906788 0.0260363866167191 0.0423629249727482 -0.0383416274164215)
(-0 -0.10339684308982 3.76332280178405 -0.0371868239841714 0.111808991338463 0.0300600512179009)
(-0 -0.183739428772271 3.69801538728142 -0.1361042711074 0.145548957978535 0.135863715895312)
(-0 -0.260199379243661 3.59017315159326 -0.23527479288754 0.139399532612713 0.2367501506323)
(2.06051638547955e-15 -0.329242299967883 3.43491394362575 -0.311779848849455 0.0988237344439486 0.315947164692662)
(-0 -0.360474860809079 3.21628903056521 -0.354271832405655 0.0369657530360619 0.356075177652554)
(-0 -0.330928026930279 2.94308969749676 -0.364093703434193 -0.0300386406859634 0.365673479499483)
(-0 -0.23154179854958 2.63444557642732 -0.346738501377758 -0.0911353566879362 0.348029468370261)
(-1.48513789232347e-15 -0.0655597260776306 2.30553004070985 -0.306141787929447 -0.137632161764569 0.30649899814223)
(-0 0.155357752755897 1.972856428857 -0.249044880028139 -0.164458046286956 0.249319608558589)
(-0 0.42120249285103 1.65076075159238 -0.180514797631677 -0.165062735488126 0.181332801549834)
(-0 0.725220137558149 1.34738796523349 -0.103198774137287 -0.135715273387298 0.104299298961003)
(-0 1.06452522358 1.07518946320512 -0.0201338634330698 -0.078104094057644 0.0215349430984256)
(-0 1.43977763016136 0.844508288003522 0.0648579688289863 0.00115239135689425 -0.0631163925073355)
(-0 1.85262910503199 0.661515775155331 0.146679969059756 0.0905799975369232 -0.144778512038823)
(1.05018324692847e-15 2.30613834494596 0.523276534463058 0.219266563527737 0.177460001768322 -0.217584412476248)
(-0 2.80041588725948 0.424771114550191 0.27674636052794 0.251916843442389 -0.275402593459807)
(-0 3.32933439096989 0.359495099401278 0.315521846228666 0.307710195923851 -0.314411049801999)
(-0 3.8806107362735 0.31898120283655 0.334725299597319 0.342201089874931 -0.333725346109905)
(-0 4.43387471894895 0.294951341105361 0.335554633929083 0.355868382830181 -0.334516439411944)
(-0 4.86928159679646 0.274218276505809 0.314770769838566 0.344342096108646 -0.313615841243272)
(-4.41575447284639e-16 5.15011911494303 0.25204402284531 0.278901902008216 0.312995966333448 -0.277637395722835)
(-0 5.39547156527712 0.232247623140652 0.24152651105953 0.275326226978603 -0.240201586811617)
(-0 5.57851760513901 0.211300830516109 0.204719433482693 0.232663907964072 -0.203391830300189)
(-0 5.67414501618298 0.18871974599777 0.170062000382201 0.186641219043029 -0.168826634693557)
(-0 5.6603441424399 0.16443620564802 0.138570848379428 0.139336769686461 -0.137463521089534)
(-0 5.43242706066643 0.13730230773338 0.109020333644817 0.0918989600601683 -0.108078604981622)
(1.38368166618233e-16 4.84912817367684 0.106422235443289 0.0802581725778891 0.0475311138322849 -0.0795399839021078)
(-0 4.11762000855277 0.0783518105003878 0.0566711772561372 0.0135152772958254 -0.0561541975597322)
(-0 3.31840109436439 0.0547737838241089 0.038328255588266 -0.00885703087292892 -0.0379859864129335)
(-0 2.53670101178626 0.0363329317972863 0.0248236114696877 -0.0205584781083904 -0.0246012490876544)
(-0 1.84136326824505 0.0228982501187681 0.0153900857684056 -0.0240882205793267 -0.0152584170324434)
(-0 1.27265153447821 0.0137464074090542 0.00913925097689183 -0.0224927690850797 -0.00907188701397442)
(-0 0.840229731113948 0.00787007403847755 0.00521056331525337 -0.0184361136020435 -0.0051741096248371)
(-0 0.53133955155462 0.00430782757070599 0.0028519006769906 -0.0137752686145868 -0.00283224324502065)
(-3.19883484554035e-18 0.322342477297586 0.00225445121366327 0.001495576371522 -0.00956544791120513 -0.00148591611839715)
(-0 0.18754624024323 0.00112585034757235 0.000749191715048515 -0.00622961126095717 -0.000745401052307616)
(-0 0.104373483816603 0.000533654927432072 0.000357366285416641 -0.00381379933952274 -0.000355254630121406)
(-3.51956419823875e-19 0.0552738370259904 0.000238534868466875 0.000160759034273362 -0.00219234683215308 -0.000159748727676511)
(-0 0.0276063932375233 9.92883276788282e-05 6.73186049281761e-05 -0.0011757684180167 -6.68873983156264e-05)
(-0 0.0128227020844138 3.78042000440734e-05 2.57752036700431e-05 -0.000581143753862984 -2.56155893795527e-05)
(1.12826434051279e-20 0.00541738025922548 1.27984255148939e-05 8.76397375634712e-06 -0.000259306894196579 -8.71957400000813e-06)
(-0 0.00200940084585356 3.68081242001456e-06 2.5369283324175e-06 -0.000100891984894499 -2.52034225100237e-06)
(7.69767489415702e-22 0.000615129360288636 8.32287346145076e-07 5.77238131032843e-07 -3.22097760655186e-05 -5.72591591109041e-07)
(-1.89430568929179e-22 0.000137991310130936 1.26779576412532e-07 8.85012098936976e-08 -7.49895352905189e-06 -8.7623300865364e-08)
(-0 1.72497560627861e-05 9.06304309438339e-09 6.39145213024989e-09 -9.68657265205843e-07 -6.28248564159101e-09)
(-0 4.2187997709549e-07 7.12885712126269e-11 6.32570574595868e-11 -2.43139045878146e-08 -4.96230522794585e-11)
(-0 -0.025451922783502 3.92683761490809 0.0823899149557135 0.0514815559848207 -0.0931869232017785)
(-0 -0.0957694467827152 3.90985406217437 0.0195017969872814 0.139923109470834 -0.0265025441117111)
(-0 -0.183841485343492 3.85839272450395 -0.0820243443280161 0.19469235696298 0.0811063472115845)
(-0 -0.276798152080825 3.75988527098392 -0.187261252638637 0.211064068772295 0.188795764625083)
(2.09309107382554e-15 -0.371739981294267 3.62044359581227 -0.272840735577447 0.191914583970655 0.275991838256168)
(-0 -0.43782557798201 3.41849444114923 -0.328943875345724 0.149786261131959 0.330532025794419)
(1.25501868605111e-15 -0.444637722671723 3.16389336085205 -0.356949046223174 0.0970369161548635 0.35823553398946)
(-0 -0.38076392041007 2.8773730987624 -0.360769688919822 0.0436142186062165 0.362294501176748)
(-0 -0.246849480746501 2.57604684592947 -0.340757341851657 -0.00233898036216312 0.341714689552166)
(-0 -0.0514286037393469 2.27525022465817 -0.300424362406959 -0.0352858263427039 0.301086658575891)
(-0 0.195385866851028 1.9836849612782 -0.244640287727005 -0.0484085595745354 0.245606786747569)
(1.9092144234964e-15 0.49072738371637 1.70826936107387 -0.175826407528429 -0.0373952492799298 0.177240649938984)
(-0 0.834734834529255 1.46120391923211 -0.0965751765642134 -0.00227024257873072 0.0985716354948042)
(-0 1.22736991076036 1.2487956084355 -0.0107379241932277 0.0526281557560641 0.012907111167068)
(-0 1.66758293855186 1.07512968763684 0.0756351564000155 0.1188300624961 -0.0737106707488182)
(-0 2.153064371032 0.939755505800777 0.154830557920829 0.18625687334177 -0.153297119549534)
(-0 2.68011006776929 0.838669068591665 0.220561670002594 0.246389991311055 -0.219396062886938)
(-0 3.23727559525654 0.765441841192884 0.268968419171472 0.293068058631269 -0.268228710605722)
(-0 3.80762891720873 0.712479968582304 0.298571370913245 0.323265479577116 -0.298136019332241)
(-0 4.23996253140558 0.651888185643677 0.300738714863056 0.326881904832412 -0.300350477226926)
(-9.53810624700901e-16 4.50653526195721 0.585186392250705 0.280891921981697 0.308409703884131 -0.280440202103489)
(-0 4.76601611438563 0.531611516664848 0.256029120149544 0.28422442023786 -0.255416131321017)
(4.16653352751063e-16 4.99586737162416 0.482820529775391 0.228484560373237 0.25467910689824 -0.227715793878814)
(-0 5.1707954930418 0.434320563908839 0.200005262761292 0.220043687473124 -0.199130108716277)
(-0 5.26725581975183 0.384469902689285 0.171961220798543 0.181265779132877 -0.171045822745831)
(-0 5.25748297111271 0.333024710380649 0.145100681917167 0.139823881700759 -0.144199323737304)
(-1.64818715919237e-16 5.12298076416996 0.281002919248136 0.120031307320786 0.0981740700354284 -0.119194264092808)
(-0 4.56641803415116 0.216720859374621 0.0914112124795901 0.0556730620504677 -0.0907188783171061)
(-0 3.86386292849437 0.158505326542109 0.0665740649112462 0.0221331524769721 -0.0660277771868561)
(-0 3.10456725206299 0.110127714294867 0.0463804264083602 -0.000678046567938784 -0.0459918955704933)
(-7.76289935901714e-17 2.36750531686675 0.0726282760611263 0.0308799757297996 -0.0134027753262129 -0.0306158624590049)
(-0 1.7157019371711 0.0455303111720131 0.0196449540198394 -0.0182668290445166 -0.0194792125225035)
(1.06546359378966e-17 1.18455049974171 0.0271952498173643 0.0119547104700094 -0.0180355132501373 -0.0118525305281116)
(-0 0.781587907378227 0.0155110050734623 0.00696364997875996 -0.0152105515753032 -0.00690356293657309)
(-0 0.494148345347941 0.00845996429496953 0.00388336062094566 -0.0115681588037501 -0.0038498289777291)
(3.31134639531123e-18 0.299751208154472 0.00441518104976724 0.00207206096313457 -0.0081251393627705 -0.0020543864862324)
(-0 0.174387584622688 0.0021988515070873 0.00105461620284247 -0.00533229043295521 -0.00104553802950637)
(-0 0.0970490813981803 0.00104054738024007 0.000509603730640387 -0.00328393310609081 -0.000505037876791166)
(-3.64403374721228e-19 0.0513923567782889 0.000464410344386611 0.000231880447534856 -0.00189653485626366 -0.000229771879833147)
(-0 0.0256662167564966 0.000193109211187529 9.81540154041027e-05 -0.00102087106418823 -9.72444375053966e-05)
(-0 0.0119200474009417 7.34730854062644e-05 3.79645361095348e-05 -0.000506022693358647 -3.76016928499837e-05)
(-0 0.00503601957994844 2.48578834654468e-05 1.30409358372903e-05 -0.000226312483173053 -1.29101036789596e-05)
(4.74672535939633e-21 0.0018675185696148 7.14540597889573e-06 3.80124956967525e-06 -8.82296916461607e-05 -3.76040815758708e-06)
(-7.96590362790107e-22 0.000571635670665626 1.61416619635679e-06 8.70181265127997e-07 -2.82191674834491e-05 -8.59781298021836e-07)
(-0 0.00012825139067255 2.45852996275293e-07 1.3431584867967e-07 -6.58100357608701e-06 -1.323958620634e-07)
(1.34255444736187e-23 1.60069139347779e-05 1.75405205402065e-08 9.73793083035257e-09 -8.49877696526002e-07 -9.53943052755195e-09)
(8.98810700335061e-26 3.90443558666008e-07 1.37795881227154e-10 9.64733091657816e-11 -2.12982340219799e-08 -7.56343133577499e-11)
(-0 -0.019825598042344 4.11812634169077 0.131707739948316 0.0543100094620638 -0.140058368487238)
(-0 -0.0825826796656826 4.11002941819944 0.0729575639360647 0.153073382914261 -0.0792600482938021)
(-0 -0.1745448208387 4.07636267634268 -0.0247976126996009 0.224418408722152 0.0232823987400856)
(-0 -0.280182775339823 3.9905418418502 -0.129657975955338 0.262820202016519 0.131431139926077)
(2.12165193748776e-15 -0.39561446875465 3.86194592532249 -0.219486440686439 0.267943341395788 0.221097170871879)
(-0 -0.490031367353644 3.66752363111999 -0.287201993091363 0.248732503723853 0.28875265830609)
(-0 -0.525896802367582 3.42267906792829 -0.332622445302112 0.213270725428793 0.333642953946208)
(-0 -0.489347991006197 3.15200905222594 -0.356357045547836 0.171001975289295 0.357821463344593)
(-0 -0.380045510671632 2.87366957786816 -0.357318976432038 0.129922826384765 0.358644607435011)
(-0 -0.206616650803461 2.60113632688863 -0.335875295115244 0.0951736851825676 0.336720421949936)
(-0 0.0222143899433595 2.34005667253892 -0.295495956130565 0.0734462583453162 0.296557199440215)
(-0 0.307659143289306 2.09845288619975 -0.23890616976596 0.0694620852297865 0.240459264522807)
(-0 0.651812249846242 1.88414868464536 -0.168348638575208 0.0841805819936249 0.170366642798595)
(-0 1.054254154746 1.69908339950498 -0.0873076814936832 0.115739306631047 0.0892312574225344)
(-0 1.51379716524504 1.54453506920526 -0.00213815580250296 0.158888304263427 0.00366943064015562)
(-0 2.02590114963837 1.41947816014418 0.0795419556340309 0.2061771603869 -0.0784726812907915)
(-0 2.58198346199476 1.31989945232284 0.15140184422382 0.250476719322609 -0.150713257199661)
(-0 3.16651111276161 1.23981441666212 0.208705706533748 0.286166368348831 -0.208442166152)
(-0 3.67846272575002 1.1481095044967 0.243338525054844 0.303677966172198 -0.243301304507915)
(-0 3.92412275353054 1.00695389881737 0.245129206458507 0.291603167737829 -0.245115554182746)
(-0 4.17270966577733 0.901027857285302 0.237260638986857 0.27586183490976 -0.237141618785541)
(-0 4.41247372325289 0.814301539839229 0.22331739810028 0.256469401470545 -0.223022220996403)
(-0 4.6239344399745 0.736112337777061 0.205604964284078 0.232740112640109 -0.205161537669489)
(-0 4.78469116221876 0.660149130925659 0.18571425668956 0.204269097809884 -0.185134768591566)
(-0 4.87403018483134 0.583755218747576 0.164830450730739 0.17146193319507 -0.164169743566607)
(-0 4.86012050358919 0.505334060147685 0.143405157648873 0.135281558728266 -0.142713412988584)
(-1.68513589263178e-16 4.73738379622845 0.427242054866843 0.122400798233195 0.0982823192498061 -0.121718938672509)
(-0 4.2548419757763 0.33256707649446 0.096730181330234 0.0596080021650283 -0.0961239177334668)
(-0 3.57981352148691 0.242376202699845 0.0719895785075492 0.0275867022735954 -0.0714982498183659)
(-0 2.86174896329012 0.167801678908544 0.0511634817901378 0.00538867756225 -0.0507907237938499)
(-0 2.17344525665591 0.110351821843239 0.0346900794518735 -0.00750674188072247 -0.0344228206843063)
(-0 1.57042788368534 0.0690317883229796 0.0224404730364688 -0.013082960259333 -0.0222594692761251)
(-0 1.08224943043592 0.0411689417841166 0.0138616493391247 -0.0138472192552285 -0.0137446140307095)
(-0 0.713378147505513 0.02345857329656 0.00818400132381088 -0.0120584668527779 -0.00811268890157427)
(-0 0.450823679246043 0.012788952145862 0.00462004902549574 -0.00933642038937597 -0.00457839416938857)
(-0 0.273443864130153 0.00666966109007354 0.00249165846004292 -0.00663301428918501 -0.00246827459346181)
(-0 0.159093004943613 0.00332126046288892 0.00128040209785691 -0.0043876447330731 -0.00126801980687049)
(-0 0.0885494746922612 0.00157123440480613 0.00062386206032272 -0.00271812720131419 -0.000617548181217669)
(-0 0.0468964257230627 0.000701157582743083 0.000285969346759452 -0.00157668709070312 -0.000283007107203051)
(-0 0.0234227014158265 0.000291456003793917 0.000121851730477425 -0.000851629789427164 -0.000120533205354956)
(-0 0.0108785348324002 0.000110852354188682 4.73983575267101e-05 -0.000423326728576986 -4.68650262473781e-05)
(-0 0.00459606731095785 3.75001264429031e-05 1.63659826795483e-05 -0.000189768344764056 -1.61731055872948e-05)
(-0 0.00170445372344155 1.07793774152235e-05 4.79421879978407e-06 -7.41259064835125e-05 -4.73383273037103e-06)
(-0 0.000521655817640521 2.43357429515556e-06 1.10191062289457e-06 -2.37448334711884e-05 -1.08625727022524e-06)
(-1.00423087186537e-22 0.000117030714631412 3.70715261482852e-07 1.70681647401468e-07 -5.54503969128881e-06 -1.67918421182305e-07)
(-0 1.46044154697867e-05 2.64441257826685e-08 1.24096974913822e-08 -7.16907850226182e-07 -1.2137848118478e-08)
(-0 3.57689914457781e-07 2.08634350595255e-10 1.23719050047118e-10 -1.80571980447962e-08 -9.695247659469e-11)
(-0 -0.0126366452861396 4.36802123450679 0.169414478836235 0.0511467152502987 -0.175689144053685)
(-0 -0.0641124717860314 4.37375908481698 0.118864045543191 0.149792963179746 -0.124204770712819)
(-1.82807694465412e-15 -0.156610656972992 4.35974909999695 0.0312857183416909 0.231146575857548 -0.0330894728507787)
(-0 -0.273118937662928 4.29127823221001 -0.0666471522376943 0.287903630124406 0.068797537839409)
(-0 -0.406600204779259 4.16946100476884 -0.156462015107553 0.316979864273024 0.156122850029817)
(-0 -0.523952842172909 3.97737009061301 -0.233502922978506 0.321495189108442 0.23497192876374)
(-0 -0.580886356488723 3.73669188280983 -0.294581982380517 0.305916326490053 0.295442749908828)
(-0 -0.56365539392425 3.47672658328766 -0.335952226830283 0.277636075283451 0.337305568476569)
(-0 -0.472733153687806 3.21678334152061 -0.356162208026132 0.24503873702368 0.357510968144909)
(-0 -0.31659633641388 2.96704138850524 -0.354085554032331 0.21271178655622 0.355303176199383)
(-0 -0.102039316885354 2.73405340184293 -0.330950192159422 0.186534779807585 0.332210718830279)
(-9.77622160345105e-16 0.174464415688508 2.52705092307182 -0.289188752625992 0.171731665006512 0.290660093251056)
(-0 0.514585639028753 2.34767789992049 -0.231117768741175 0.170136802979789 0.232796584433724)
(-1.11152350993111e-15 0.919277759413934 2.19455848981881 -0.159426411386589 0.182026593730016 0.160877558530618)
(-0 1.38924968809864 2.06485584321945 -0.0796634196403338 0.20484409358983 0.0807222096734977)
(-0 1.91898526458125 1.95622056283682 0.00121083873230488 0.233560450353133 -0.000657690588269698)
(-0 2.49722035308484 1.86284253154985 0.0766554606038605 0.26243647359816 -0.0764231816384884)
(-0 3.10457521604965 1.77887695086598 0.140734296724411 0.28664113500716 -0.140841029926488)
(-0 3.37500599900265 1.54204192120255 0.172048887304921 0.275729636402942 -0.172309458022629)
(-0 3.62007034830301 1.35810684727781 0.186197573068171 0.262407547791887 -0.186441728831501)
(9.40307497465815e-16 3.8567033725713 1.21413578651744 0.189368252189214 0.247872487030576 -0.189476400037107)
(-0 4.07820069540954 1.09433852626775 0.185407382717445 0.231256857375031 -0.185354774462468)
(-0 4.26950460853239 0.986393407081974 0.176746333016595 0.211327934370668 -0.176515396373963)
(-0 4.41207961899254 0.882739633938713 0.164905414210519 0.187265014494315 -0.164542012077278)
(1.90137883551016e-16 4.48629395727568 0.779696661132039 0.150869218006229 0.159070755654508 -0.150432794832408)
(-0 4.46432200665851 0.674599105660578 0.135056819873878 0.127481697438651 -0.134573858969048)
(-0 4.34613664135617 0.571036015298081 0.118471096222925 0.094832957312725 -0.117976272639246)
(7.64142870480823e-17 3.91821625103468 0.447359067962108 0.0964770418745957 0.0601909951619036 -0.0960164950030596)
(-0 3.2695399134502 0.324228039923946 0.0729122721400579 0.030361933130443 -0.0725214034718807)
(-0 2.59449185319189 0.223374065730486 0.0525170385596501 0.00949593665313858 -0.0522052142956578)
(-0 1.95858061314261 0.146315082005716 0.0360322073106708 -0.00291923749613512 -0.0357972311686169)
(-0 1.40889705924717 0.0912729312547236 0.0235599499416453 -0.00870908411446187 -0.0233932510872331)
(1.10217055502362e-17 0.968060826231817 0.0543368869270749 0.0146969721625101 -0.0101161931507168 -0.0145845321255161)
(-0 0.637005554983532 0.0309353807820985 0.00875640760664405 -0.00914178214626492 -0.00868456011959503)
(2.61622259050589e-18 0.402230755760329 0.0168612306879155 0.00498438052667775 -0.00721720088451869 -0.00494088044570567)
(-0 0.24391318486174 0.00879459610506724 0.0027081377268951 -0.00518909102635672 -0.00268331002697778)
(-0 0.141912867106885 0.00437939553123904 0.0014010404674033 -0.00345925294366678 -0.0013873761136824)
(-0 0.0790002761845706 0.00207232944087715 0.00068672728061453 -0.00215503216746286 -0.000679646424784049)
(-0 0.0418461850436566 0.00092477153844361 0.000316413749490306 -0.00125538841077162 -0.000313030968648921)
(-1.02922260216314e-19 0.0209033583865647 0.000384493823468987 0.000135456828239027 -0.000680296984684535 -0.000133944838139904)
(-0 0.00970999133984997 0.000146210425346225 5.29043800399823e-05 -0.000339080660097032 -5.22817492048974e-05)
(-1.20965882043231e-20 0.0041022377137706 4.94342544323622e-05 1.83338039498709e-05 -0.000152296933824788 -1.80998192556522e-05)
(-0 0.00152133433711823 1.42119718190438e-05 5.38884792593012e-06 -5.95859841755648e-05 -5.31542630900999e-06)
(8.24819628065967e-22 0.000465623410684598 3.20881888191383e-06 1.24195500100541e-06 -1.91172579889558e-05 -1.22346167805181e-06)
(-0 0.000104435396270087 4.8840809171825e-07 1.92761655178599e-07 -4.46905444825145e-06 -1.89478433395306e-07)
(-0 1.30303671972553e-05 3.48369692580157e-08 1.40434326379685e-08 -5.78233214328635e-07 -1.37306194156777e-08)
(-4.66873926447354e-26 3.19171679926325e-07 2.74704673787119e-10 1.40261942828224e-10 -1.45763599972077e-08 -1.09797239086522e-10)
(-0 -0.00369628177015834 4.68079482702366 0.193326362577203 0.0442397711920892 -0.197890449175928)
(-0 -0.0414321347417648 4.70295583636563 0.153966045072188 0.133642857875145 -0.158242729894905)
(-0 -0.131606657482348 4.70691534066274 0.0815665229775569 0.216866278897459 -0.0832871421545682)
(-0 -0.257334272510134 4.6596565653329 -0.00402488138173245 0.285676062791609 0.00572870319285836)
(2.16851388556158e-15 -0.406976946042343 4.54572472347801 -0.0894309744359707 0.33498976559291 0.0876174905476681)
(-0 -0.542132450384293 4.35813906956143 -0.17194198637473 0.361807274171527 0.172957127618972)
(-2.56610089422028e-15 -0.614361793693871 4.12101914941422 -0.245611867505516 0.367147132946174 0.246299227794076)
(-0 -0.609876893640043 3.86691079034427 -0.302239974040249 0.35518323183141 0.303638916254819)
(-0 -0.531742552373416 3.61931345388506 -0.339199366165129 0.333680494388489 0.340355777564508)
(-1.66078198581947e-15 -0.388668807406411 3.38570124696336 -0.355516088714137 0.307059403302928 0.357067725408303)
(-9.02084730568515e-16 -0.184113906392258 3.1752154447964 -0.350204130336296 0.280128801340105 0.351722237340916)
(9.75503049265818e-16 0.0843816611507362 2.99686248033953 -0.324442471059939 0.258574684740995 0.325768842152284)
(-0 0.417624092477114 2.85004509103211 -0.280442769506021 0.245578623658979 0.281885741791921)
(-1.11730522374674e-15 0.818175699888703 2.72820376317092 -0.220473071533317 0.242746323783121 0.221576706244299)
(-0 1.28914094793929 2.6259582637229 -0.149024712863155 0.249577983520903 0.149566234454293)
(-0 1.82648347328597 2.53763098888695 -0.0720829128552368 0.262945016887886 0.0721943649399486)
(-0 2.41835275623366 2.4564075503555 0.00340738626056409 0.278378062365819 -0.00358629719651646)
(-0 2.79254724451043 2.17820100446597 0.0651296192153285 0.26816078605942 -0.0655607569446054)
(-5.37013184464798e-16 3.07304165813071 1.9104448346753 0.105408869873888 0.252871411749997 -0.10589771929608)
(-0 3.32301831498176 1.69382367723727 0.129178006641302 0.238369697662129 -0.129616970016465)
(-0 3.55184925920656 1.51650720921613 0.141494310519403 0.224222952167835 -0.141778311255327)
(-0 3.75713095069958 1.36479310315204 0.146036905087327 0.209093670473181 -0.146142982989204)
(2.07627143818417e-16 3.92789628450072 1.22743420945225 0.145144190970477 0.191514705154777 -0.145104307540952)
(1.98944746148164e-16 4.04999701966836 1.09576723810187 0.140338387029839 0.170479105245675 -0.140200580878041)
(1.90770159319603e-16 4.10256851077086 0.964906083664326 0.132391669699008 0.145681675096365 -0.132164356830902)
(1.82315781155078e-16 4.07001672156524 0.833515196235642 0.121900362063508 0.117939466926108 -0.121620680173283)
(1.73336921603869e-16 3.95067121102753 0.704983826668378 0.109642878184928 0.0891646221540674 -0.109331622919636)
(-0 3.55983766956769 0.553400912965491 0.0914725962748474 0.0583768020608115 -0.0911612588917552)
(-1.2954504657018e-16 2.93888715360352 0.397810407405144 0.0698685427297981 0.0310837185899616 -0.0695833654576033)
(-0 2.30945551035269 0.272070279907639 0.0507422271897849 0.0119843255990093 -0.0505023090924622)
(-0 1.729306487167 0.177150538703881 0.0350542924081052 0.000470564540008036 -0.0348643290509633)
(-0 1.23631017477116 0.110048802943263 0.0230625153300351 -0.00516913327772845 -0.0229220227722691)
(-0 0.845876794888392 0.0653235217801127 0.0144704286667618 -0.00694099188599892 -0.0143706605405794)
(-0 0.555146966464349 0.0371329838681104 0.00866916736665812 -0.00658164159663844 -0.00860352041481368)
(-5.19469656594348e-18 0.350024817946184 0.0202237864184328 0.00496057305071787 -0.00531592673575774 -0.00491982760132667)
(-0 0.212099799287466 0.010546883038141 0.00270861118938961 -0.00387124583412892 -0.00268482529168656)
(1.07139956321812e-18 0.123375851006053 0.00525213882363358 0.00140764837162814 -0.00260215242979895 -0.00139426730187311)
(-0 0.0686857034320051 0.0024858774207717 0.000692788586133513 -0.00163064901387754 -0.000685836371174703)
(-0 0.0363896621494098 0.0011092829559562 0.000320388429983094 -0.000954016385036606 -0.000316993024547034)
(-1.02245791933579e-19 0.0181794719845458 0.000461312170377858 0.000137617348124525 -0.000518507789027406 -0.000136092964157333)
(2.59771384055503e-20 0.00844461414767636 0.000175432549352448 5.39141647796308e-05 -0.000258962590199616 -5.327373554948e-05)
(-0 0.00356855391323782 5.93186378058778e-05 1.87290690163078e-05 -0.00011657818331586 -1.84923579483985e-05)
(-0 0.0013236432599277 1.7051585401083e-05 5.51709276780249e-06 -4.56916506120809e-05 -5.44308444416748e-06)
(8.19610016914116e-22 0.000405139160024815 3.85030982406849e-06 1.2747481970392e-06 -1.46741825184579e-05 -1.25571157447314e-06)
(-0 9.08691170211859e-05 5.85736933049093e-07 1.9815812821029e-07 -3.43358253306687e-06 -1.94743738395662e-07)
(-0 1.13595283967905e-05 4.18354759229357e-08 1.44936690611862e-08 -4.45479832697451e-07 -1.41553227462973e-08)
(-4.59718194578454e-26 2.75267311930124e-07 3.26684656320843e-10 1.43438346258098e-10 -1.11163713646426e-08 -1.1226679054572e-10)
(1.59802237172879e-15 0.00621676265870839 5.05478023589752 0.204062913758325 0.0351743492198221 -0.206651617257841)
(8.67778135569671e-16 -0.0164493435630864 5.08927952302034 0.17660314424049 0.109023272634934 -0.17964953418934)
(-0 -0.101603390044031 5.10979394925854 0.122223398462014 0.187061242229729 -0.124062681460492)
(-0 -0.233869435014077 5.08553844449838 0.0529374433783124 0.260973660743845 -0.0523097409686512)
(-1.09274871854308e-15 -0.396733132508515 4.98511245258125 -0.0241148967574874 0.324572730006606 0.0216368743296603)
(-0 -0.545030777665355 4.80851487939864 -0.10762580758392 0.369785060899409 0.107914847059821)
(-0 -0.628603674664339 4.57753254087597 -0.1894486561241 0.39432887756768 0.190315646034887)
(-0 -0.633029623485647 4.32702090907774 -0.258241078053728 0.399179970064966 0.259814612498624)
(-0 -0.563938676402675 4.08447104690337 -0.30945782181394 0.390343980326591 0.310480680786529)
(-0 -0.430240921766267 3.85991264836621 -0.342106452978743 0.371540728992349 0.343830649605091)
(-0 -0.233195111763846 3.66373619795086 -0.353772508911169 0.346910450192918 0.355528450792044)
(-0 0.0285852233751815 3.50543794436275 -0.343601938629025 0.32265658806931 0.344926248115128)
(-0 0.35310057373788 3.38328285067994 -0.313534075221546 0.303144282209857 0.314761063899101)
(-0 0.7443187671511 3.28815881877873 -0.265719916237372 0.290928890554448 0.266455187951962)
(-0 1.20859533932097 3.21203013099146 -0.203928492068221 0.286864547021576 0.204194954896119)
(-0 1.74292765593384 3.14430108292341 -0.133913895386704 0.28881847347857 0.133767458751381)
(-0 2.14775056206059 2.83007339755711 -0.0573048772517085 0.270089747787976 0.0568641367055239)
(-0 2.48973961411125 2.51841990500231 0.00403576821837021 0.250911435880369 -0.00462139190592046)
(-0 2.78194811680742 2.24094890516872 0.0483568678306537 0.233611729034587 -0.0489522683051062)
(-0 3.03514698113615 2.00295077569741 0.078173235019659 0.218394179712198 -0.0786839319896836)
(-0 3.25693328813768 1.79847772534997 0.0971115511032942 0.204331802818635 -0.0974973654373212)
(-0 3.44647974543561 1.61751564461971 0.108205985122371 0.189929037768687 -0.108443927770052)
(-0 3.59614709884376 1.45061465103231 0.113548544073215 0.173728532662592 -0.113685934438261)
(-0 3.69582485589144 1.29112644044476 0.114521457558886 0.154757714010522 -0.114565835471291)
(-0 3.72345002009413 1.13134147044915 0.111647969710339 0.132405534602941 -0.111620426632839)
(-0 3.67627607453094 0.974035381341155 0.105738186235482 0.107769753245388 -0.105649609303813)
(-0 3.55208626826725 0.82144182490376 0.0973828759194637 0.0823581109518909 -0.0972393340069693)
(-0 3.1847266416204 0.64302240996861 0.0827821839187784 0.0550310598368532 -0.0826056627636517)
(-0 2.59494062978936 0.45726584535217 0.0636446537299396 0.0303945150401603 -0.0634622110302321)
(-0 2.01482412004215 0.309629614660712 0.0464043634913743 0.0132491944823363 -0.0462364060963995)
(-0 1.49359211216209 0.200031906362602 0.0321424632656118 0.00285046674502128 -0.0320029372135365)
(-0 1.05939856398044 0.123486658986916 0.021192601118992 -0.00242289800187367 -0.0210834815564818)
(-0 0.720728051520685 0.0729975243495527 0.0133262747269088 -0.00435772881313595 -0.0132469112789479)
(-0 0.4712523699923 0.0413816943064534 0.0080029740698273 -0.00444132798210467 -0.00794891971175817)
(-0 0.296456419669599 0.0225062485018132 0.00459134623383797 -0.00369956656102772 -0.0045570683093658)
(-0 0.179421620720075 0.0117259501723091 0.00251369860000783 -0.00273904116366609 -0.00249310836154552)
(-0 0.104305124511045 0.00583851809136813 0.00130971905945595 -0.00185938462426466 -0.00129819479093215)
(-0 0.0580556723873526 0.00276283312451319 0.000646241712529152 -0.00117261483931335 -0.000640104560397218)
(-0 0.0307613121812677 0.00123335699049356 0.000299596390289553 -0.000689356753006907 -0.000296609299401948)
(-0 0.0153696622973359 0.00051266457931847 0.000128944092885603 -0.000375974398892045 -0.000127563319109916)
(-0 0.00714056636125189 0.00019500101088775 5.0617357600679e-05 -0.000188215260175672 -5.00402827266876e-05)
(-0 0.00301788754742103 6.59709106219713e-05 1.76173419651712e-05 -8.48728549647281e-05 -1.74088107683826e-05)
(-0 0.00111978226390447 1.89569046997299e-05 5.19793973475652e-06 -3.33191683817272e-05 -5.13091696909478e-06)
(-0 0.000343003249346605 4.28159405494121e-06 1.20420942498497e-06 -1.07182406192925e-05 -1.18575640749627e-06)
(-0 7.69117909092466e-05 6.52016758614432e-07 1.87471617354815e-07 -2.50885810477638e-06 -1.84303339729295e-07)
(-0 9.61487305551353e-06 4.66097065254181e-08 1.37083953063258e-08 -3.25746882204755e-07 -1.34220473646769e-08)
(-0 2.34126494568838e-07 3.64083294017154e-10 1.36499493838288e-10 -8.17008919159137e-09 -1.06701350856889e-10)
(-0 0.0157645441782427 5.47661308464357 0.20315546858519 0.0246323764346654 -0.203917368554014)
(-0 0.00879014937444373 5.5179144403212 0.18729410161329 0.0796502529245389 -0.188900022159894)
(-0 -0.068441983019344 5.55390747800183 0.151581784223469 0.148010274219574 -0.153358380478678)
(-0 -0.203722757260746 5.55371028315651 0.100300136211132 0.220549338643433 -0.10111280058445)
(-0 -0.375471677823542 5.47278665048013 0.0345056001434816 0.291171873398217 -0.0370343844932898)
(-0 -0.532777955651703 5.31552870734264 -0.0458022431555333 0.349019073483586 0.0452519977634399)
(1.28554899133359e-15 -0.625316426064036 5.09648549259644 -0.131049866432533 0.389064080467019 0.131887587401432)
(-0 -0.636934056268417 4.84816239266797 -0.20806224599226 0.409494999151371 0.209638342815058)
(-0 -0.574644572552739 4.60513243231723 -0.27054602924217 0.413598480743197 0.271613947301407)
(-0 -0.447872476740471 4.38258006722742 -0.316820566311091 0.40370865468773 0.318584473743391)
(-0 -0.256697129943356 4.1922504761106 -0.343009455633949 0.383993681262527 0.344959050204564)
(-0 -0.00214266540674629 4.04342385592023 -0.346606770566336 0.360903380147474 0.348102818468338)
(-0 0.312154073435732 3.93458742834984 -0.3288882263268 0.339558705685282 0.329960265923658)
(-0 0.690855912165334 3.85754188283595 -0.292487176826401 0.323127830014415 0.2930836074221)
(-0 1.12015845472263 3.7317975446814 -0.237017925148352 0.307142200124209 0.23711836104658)
(-0 1.51607158578002 3.42216110597313 -0.164836865322172 0.280428376184216 0.164587027848645)
(-5.38734452054456e-16 1.88794109522694 3.11063071295502 -0.0977016489664678 0.256509519295764 0.0972084175700195)
(-0 2.22022318251073 2.80968869549261 -0.0411295908240898 0.235279376904096 0.0405506687616505)
(-0 2.51082134488274 2.5304044698206 0.0029561958502685 0.217071719223779 -0.00356349267360164)
(-0 2.76053311697767 2.27784687990101 0.0353848207867749 0.201458563878315 -0.035941469256968)
(-0 2.97196297822618 2.05077035646748 0.0583389529293432 0.187354508115817 -0.0587981578537167)
(-0 3.1437791639984 1.84290373532011 0.0739639414163743 0.173289619985327 -0.0743108132639826)
(-0 3.27088871765594 1.64737972017184 0.0839117987291196 0.157889103370422 -0.0841559526704337)
(-0 3.3440512756247 1.45882644333466 0.0892289155511889 0.140195862272653 -0.0893914083216664)
(-0 3.34665916550212 1.27069974107965 0.0903778595453336 0.119715784171899 -0.0904905704364621)
(-0 3.28327341632313 1.08830399905558 0.0881545537163877 0.0975875689516851 -0.0881910334772876)
(-0 3.15268061286222 0.913549672484104 0.083050372879481 0.0750685413530552 -0.0830375320688101)
(-0 2.79992026536293 0.709586352952012 0.0715741282056106 0.0507752773569375 -0.0715081097663959)
(-0 2.24667551926534 0.497876583576785 0.0551873554925484 0.0287668464550186 -0.0551011971656331)
(-0 1.72029635271845 0.333106046621657 0.0402497616470769 0.0136006199582497 -0.0401537276416416)
(-0 1.26013459304419 0.213004363792817 0.0278516905096155 0.00439285171630985 -0.0277609431440358)
(-0 0.8853524882675 0.130439205131981 0.0183373918404439 -0.000401919947741212 -0.0182640531157429)
(-0 0.5981520829715 0.0766679079639708 0.0115199377968268 -0.00236460050955917 -0.011464603377335)
(-0 0.389245946728118 0.043297656256344 0.00691620127918836 -0.00275073275181991 -0.00687697356050023)
(-0 0.244088238911067 0.0234874350972651 0.00396825137362894 -0.00240441134327496 -0.0039429949413137)
(-0 0.147444186394098 0.0122216444017867 0.00217369155545913 -0.00182327788246702 -0.00215852662823351)
(-0 0.0856285268776938 0.00607974091487214 0.00113352838211499 -0.00125490146246898 -0.00112487040695737)
(-0 0.0476441607560684 0.00287617981062754 0.000559870923327278 -0.000798714512972207 -0.000555261971186936)
(-8.69254477982259e-20 0.0252403770298005 0.00128335551919848 0.000259871888967131 -0.000472234857583007 -0.000257546929398645)
(-0 0.0126118143176484 0.000533532966114037 0.000111982400667397 -0.000258573983684839 -0.00011090050808386)
(-0 0.00586153343039172 0.000202911529526223 4.39992137076455e-05 -0.000129910347828351 -4.35469342991468e-05)
(-0 0.00247795266855247 6.86457530585835e-05 1.53351553985711e-05 -5.86902123411529e-05 -1.51653867226098e-05)
(-0 0.000919586802202911 1.97318393139969e-05 4.53082311392377e-06 -2.30666870211708e-05 -4.47521341496705e-06)
(-0 0.000281773453983742 4.45783447446035e-06 1.04983267393536e-06 -7.43435308930083e-06 -1.03530413835804e-06)
(-0 6.32020145830568e-05 6.78379355163626e-07 1.63479666419899e-07 -1.74195167161111e-06 -1.60986774890386e-07)
(-0 7.90553872772838e-06 4.84763695284257e-08 1.19814630302169e-08 -2.26109001356185e-07 -1.1730770396504e-08)
(-0 1.92149507685391e-07 3.80172424852823e-10 1.19174368647094e-10 -5.66291038392176e-09 -9.35551506292667e-11)
(-0 0.0242747286262052 5.92484311617798 0.192874870874815 0.0141280340721195 -0.192248987122066)
(8.75758052138616e-16 0.0328251321623131 5.96920146765122 0.187655171507042 0.0499651545121788 -0.188041174833876)
(-0 -0.0339105275432946 6.017809228611 0.16939642528414 0.105341276959949 -0.170817176303556)
(-0 -0.168194480535808 6.04111488075997 0.135633301609008 0.170981838002173 -0.137653722089087)
(-0 -0.343591792052933 5.98427024744526 0.0825806315186856 0.241291686138222 -0.0853172291848652)
(-0 -0.50552485030973 5.85276200944879 0.00907862595992539 0.305546932142131 -0.0103305309635868)
(-0 -0.605696400923231 5.65352572379319 -0.0747580132464534 0.356510495390241 0.0752648289758057)
(-0 -0.624354518187296 5.41058010267137 -0.155792723566428 0.38995363781345 0.157145281185397)
(-1.48964414845688e-15 -0.567724926542272 5.16336466876638 -0.226338873299846 0.405775784734617 0.227507676196579)
(-0 -0.446323000331193 4.93622113608339 -0.282670268831277 0.405255828378001 0.284435336694796)
(1.72872974217363e-15 -0.261461483911629 4.7432807632964 -0.319794572304291 0.392758742174004 0.32186179910531)
(-0 -0.0158505230306402 4.59251564042091 -0.334358733317513 0.374297190592014 0.33607589525154)
(-0 0.286396990425619 4.48522580798332 -0.327028098235908 0.355184676496711 0.328032824623349)
(-0 0.632408047546839 4.30093071915126 -0.293529066500264 0.329897680634584 0.294021259281704)
(-0 0.984270108003293 3.98240398054722 -0.238317794408475 0.297174984736285 0.238413802699375)
(-0 1.3374254077708 3.66878236678978 -0.179159857384974 0.268232357708558 0.178986620967172)
(-0 1.67635702829968 3.36020428179385 -0.122399183337266 0.24276340987568 0.121983105708241)
(-0 1.98748737155484 3.06163857137173 -0.0724793473395232 0.220764134986326 0.0719193962353417)
(-0 2.26336030225875 2.77873613974112 -0.0312542678738352 0.202224172908346 0.0306812297398274)
(-0 2.5021975500467 2.51536313440379 0.0012894645712496 0.18664339647251 -0.00180558572819395)
(-0 2.69732354639777 2.26728879033673 0.0260849653936614 0.17247520503138 -0.0265297741784441)
(-2.0660368656241e-16 2.84835575156569 2.03339146787306 0.0444155686986771 0.158531126100289 -0.0447816170885628)
(-0 2.95142739664875 1.81026440002344 0.057411723440446 0.143600448491164 -0.0576907000134649)
(-0 2.99414790892902 1.59075163134861 0.0656936994423951 0.12660160411537 -0.0659329093784359)
(-0 2.97287816709501 1.37573839961192 0.0698169789007499 0.107619963460062 -0.0699990984990839)
(-0 2.89377433209453 1.17010196440589 0.0703895078807799 0.0875988606908129 -0.0705221614788127)
(-0 2.75749692758453 0.975906737659252 0.0678584597537335 0.0676083204868837 -0.0679432212924238)
(-0 2.41449558878177 0.748398242915249 0.0590166656659277 0.0459470522462713 -0.0590472653547721)
(-0 1.90498525616017 0.517012960005026 0.0455344804583535 0.0264838862678878 -0.0455244638178417)
(-0 1.43603780929959 0.341066036733978 0.0331207284496711 0.0132463431261453 -0.0330858654939338)
(-0 1.03784001603189 0.215432407145721 0.0228232004619142 0.00522502499544189 -0.0227820064800264)
(-0 0.721392433563903 0.130679481388454 0.0149661581939766 0.00095932263571074 -0.0149281583292834)
(-0 0.48349326005979 0.0762768697594267 0.0093704876459678 -0.00093335566234078 -0.00933883161031663)
(-0 0.312791873775904 0.042851765447467 0.00561001696675869 -0.00150147805316544 -0.00558661497118912)
(-0 0.195379717602211 0.0231632384995554 0.00321259480669382 -0.00143426629716291 -0.00319693734568029)
(-7.36156853098438e-19 0.117723214525273 0.0120252381802697 0.00175756331666505 -0.00113145729526467 -0.00174790544889088)
(-0 0.0682601391122088 0.0059742935847444 0.000915714316518864 -0.000795528178866822 -0.000910323652036209)
(-0 0.0379484996164963 0.00282483322596837 0.000452160833206034 -0.000512888918861775 -0.000449326228167405)
(-0 0.0201010725391712 0.00125976796989 0.000209898212608052 -0.00030602264438596 -0.000208387621771733)
(-0 0.0100455931515833 0.00052374674639562 9.04691038495623e-05 -0.000168622937293737 -8.97722131418091e-05)
(-0 0.00466976325538326 0.000199208300767642 3.55623570329686e-05 -8.50481866693767e-05 -3.52656539246193e-05)
(-0 0.00197506270318997 6.73800154427915e-05 1.23992459323111e-05 -3.85482737454975e-05 -1.22835700005939e-05)
(-0 0.000733388488618471 1.93824234724583e-05 3.66481698490319e-06 -1.51885587165243e-05 -3.6286104229487e-06)
(-3.55440857820327e-22 0.000224805216052466 4.38125715470229e-06 8.49142917532785e-07 -4.90013920922767e-06 -8.40209206315927e-07)
(-4.38132049150173e-23 5.05487841277905e-05 6.67861908103746e-07 1.32680790383037e-07 -1.15109766741888e-06 -1.3087201611179e-07)
(-0 6.32611400532076e-06 4.77655211667497e-08 9.74840601060389e-09 -1.49675957504232e-07 -9.5429503361589e-09)
(-3.93631723834172e-26 1.50958496361218e-07 3.66466159910482e-10 9.48532720525419e-11 -3.67785607231179e-09 -7.46185895247188e-11)
(-0 0.0313054483193178 6.37407348329755 0.17613623048732 0.00507446302888763 -0.174266791129042)
(8.7196713267189e-16 0.0543150283004227 6.41779619150751 0.179700672999256 0.0238089772745255 -0.179467086901014)
(-0 -5.9173921301739e-05 6.47389685636734 0.176235153342007 0.0641291889658689 -0.177335148872663)
(-0 -0.129088707886763 6.51614237601008 0.158034112800644 0.118850754092071 -0.160663965494665)
(-0 -0.302786800551569 6.48497654863419 0.118065934389557 0.1825553841423 -0.121059606950323)
(-0 -0.46478452275341 6.38191529646991 0.0540801683741713 0.247132335646584 -0.0557604618796173)
(-0 -0.569954868099965 6.20685040337142 -0.0244268291010187 0.30386324940702 0.0245627390097408)
(-1.36299326390683e-15 -0.595727978020261 5.9750490375963 -0.105400531014031 0.346088531690717 0.106253034467183)
(-0 -0.5452090634649 5.72428704815056 -0.180160156966742 0.371651382562348 0.181481852059626)
(-0 -0.429618622224955 5.49020790582853 -0.242424056807178 0.380757745311073 0.244188390560743)
(-0 -0.252890234607976 5.2879859378831 -0.286539366827843 0.377181944586802 0.288627992672597)
(-0 -0.018876109013723 5.12615357905451 -0.30908311514136 0.365984490508707 0.31099150310393)
(-0 0.263780502066144 4.9219842361996 -0.305026041272902 0.345851093188088 0.306039139282335)
(4.80043042087123e-16 0.566786123744064 4.57035510185452 -0.273055608643926 0.313235838275731 0.273580384246776)
(-4.79159154562338e-16 0.881187594424735 4.23125684856167 -0.23037790388454 0.282103817002477 0.230608345681514)
(4.73528645262987e-16 1.19672665139017 3.90354894995317 -0.183029422769025 0.253598147788747 0.182967020631605)
(-0 1.50164581290337 3.58634669671669 -0.136016159699542 0.22827493718939 0.135703204873469)
(-0 1.78543655242902 3.28047852515299 -0.0929386459461782 0.206474691176614 0.09249620877006)
(-0 2.03873232481376 2.98755152841089 -0.0556729605143905 0.18812701651005 0.055216499448119)
(-0 2.25620266421194 2.70853679560619 -0.0247235494378971 0.17259096681863 0.0242590265491148)
(-0 2.43717534155876 2.4467250648635 0.000246370745105259 0.158953721230908 -0.000662672661865858)
(-0 2.56337058484562 2.1858699278539 0.0198268080161277 0.144994069843888 -0.0201766738820064)
(1.97400852293807e-16 2.64126462532907 1.93518396798359 0.0345718833771201 0.130366001232369 -0.034879263951773)
(-0 2.64943972735815 1.68176192034535 0.044707687556539 0.113656893929387 -0.044980566969009)
(-0 2.60571735554133 1.44120837278361 0.0508383069021113 0.0959193268591129 -0.0510647319100462)
(-0 2.51307951969191 1.21538823579598 0.0534029950617375 0.0777652578951591 -0.0536148162977915)
(-0 2.37367754550464 1.00569590475262 0.05284878764558 0.0600588759709917 -0.053012078604534)
(7.41835401873703e-17 2.0394024246994 0.757499956222047 0.0462300960703795 0.0406983918151733 -0.0463404840948465)
(2.97241486865297e-17 1.58029530465051 0.51452825460952 0.035656726722295 0.0237098218359825 -0.0357134458229087)
(-0 1.17158286466181 0.334120616164643 0.0258280391874889 0.0123232221656749 -0.0258465620649098)
(-0 0.834682237151437 0.208248371461756 0.0176971650108485 0.00545235617005875 -0.0176971545100706)
(-0 0.573576901877706 0.124973703434597 0.0115399559633928 0.00174101691102771 -0.0115298445564689)
(-0 0.380960662367018 0.0723339135641943 0.00718668245283952 -4.35450176468215e-06 -0.0071753169858149)
(-0 0.244831404616875 0.0403900333875869 0.00428345525083267 -0.000653069555325934 -0.00427396698251006)
(-0 0.152228896140935 0.021740112103155 0.00244448405256134 -0.000760311189583412 -0.00243771964540068)
(-6.73115767572712e-19 0.0914567090384924 0.0112527512582263 0.00133410074771977 -0.000645427847221478 -0.00132944678140338)
(-0 0.0529345399144904 0.00557896412431798 0.000693822478848395 -0.000470889257201811 -0.000691038268702561)
(-0 0.0293959371114026 0.00263437227582825 0.000342050083512099 -0.000309997225234626 -0.000340612136779402)
(-0 0.0155648175757021 0.00117481336341639 0.000158652125395096 -0.000187468137387866 -0.000157913320806001)
(-0 0.00778005250552727 0.000488178141472671 6.83593064478727e-05 -0.00010428213604941 -6.79834241258006e-05)
(-0 0.0036183696650255 0.000185741951870533 2.68663095867296e-05 -5.29404234125707e-05 -2.67075801551665e-05)
(-0 0.00153167615699882 6.2884028226839e-05 9.36853153574176e-06 -2.41164229978394e-05 -9.30813544339596e-06)
(-0 0.000569331695854267 1.80978523583588e-05 2.77073829993196e-06 -9.53797788305741e-06 -2.75036875611531e-06)
(-3.25004017779578e-22 0.000174663603743369 4.0936754155069e-06 6.42664238589144e-07 -3.08426052679844e-06 -6.37060771268775e-07)
(-0 3.92527011215516e-05 6.23481609803214e-07 1.00214846705162e-07 -7.24962336458058e-07 -9.91395176178391e-08)
(-0 4.91625929356932e-06 4.46624513793524e-08 7.35517253670537e-09 -9.42609515930902e-08 -7.24142210355686e-09)
(-0 1.17211072661837e-07 3.41752202096036e-10 7.14959916185455e-11 -2.31520654431717e-09 -5.6385735893891e-11)
(-0 0.0365288723547811 6.79025082930768 0.15563846361199 -0.00196950373774649 -0.152685625582167)
(8.60736604431313e-16 0.0720638202832435 6.82806141788677 0.165562506574757 0.00310020942601738 -0.165220278198256)
(-0 0.0308644755704518 6.88181959342677 0.173380247820991 0.0283413817723261 -0.174229787416297)
(-4.9953860435122e-16 -0.0888286108133385 6.93194711887623 0.167824680598535 0.0698180145661082 -0.170754638980697)
(5.38005108537779e-16 -0.255192746781152 6.92104217158498 0.14002773228928 0.122409566802135 -0.143168870661712)
(-0 -0.412231132539015 6.84528225114333 0.0872615420908927 0.181754944706262 -0.0892241239796511)
(-0 -0.518954124555884 6.69932332722645 0.0169848044317703 0.238667153789286 -0.0173816184686211)
(-6.66860647686071e-16 -0.551684202663735 6.48592174070519 -0.0602453063447079 0.285264676848082 0.0605455346833289)
(-0 -0.50867771329695 6.23969885011155 -0.134922288989767 0.318176865278767 0.136368400241892)
(-0 -0.400868849116108 6.00233496082281 -0.198972979572018 0.336467170872778 0.200702211239852)
(-0 -0.235248874773262 5.78850579636049 -0.246383910563827 0.342351096147612 0.248404953583656)
(-0 -0.0160282777451461 5.59686226703084 -0.273649544865811 0.339076092027388 0.275621545154947)
(-0 0.23995696973435 5.20137451067701 -0.268859426298115 0.315811430385094 0.2699016243743)
(-0 0.513472035464092 4.82729981648604 -0.248034434708813 0.28941422637491 0.248658149350449)
(-0 0.79604025709758 4.46652246219571 -0.2167459959103 0.262084471632182 0.217141412149425)
(-0 1.07856699253602 4.11976729588355 -0.179918266820866 0.235891646217294 0.179995884946882)
(-0 1.35121134429263 3.78629486346982 -0.141711962752959 0.212096111306936 0.141560967940188)
(2.15100433060604e-16 1.60517697862499 3.46531502584782 -0.105230621901516 0.191325684057073 0.104928104602092)
(-2.10846803751273e-16 1.83144962800501 3.15557042921747 -0.0722706632396303 0.173638109472129 0.0718984142530385)
(2.06539245909282e-16 2.02287288695735 2.85668856431496 -0.0436810711161572 0.158454414316422 0.0433091745025443)
(-0 2.17674770190076 2.57069928296937 -0.0196843779430997 0.144899467431937 0.0193344426123459)
(-0 2.29850102859382 2.30600052823128 -4.36999013023677e-05 0.132359345489864 -0.000297779034358365)
(-1.94841638437647e-16 2.34751458425402 2.02391723341721 0.0154939590360561 0.1177853495714 -0.0158252617868688)
(-0 2.31454287524508 1.72919644733665 0.0266377731566987 0.100925250984161 -0.0269392129107832)
(-0 2.25070180827778 1.46554307944837 0.0340151674496742 0.0843552023620522 -0.0343011795448902)
(-8.62550923500207e-17 2.14834754717353 1.22372530052246 0.0379564438323708 0.0679655229948218 -0.0382254102861943)
(8.21202809826431e-17 2.00944005812985 1.00338806261018 0.0388798291013874 0.0523855316143199 -0.0391090399420076)
(-0 1.68490835697319 0.738072600352641 0.0341771361450713 0.0351176719071825 -0.0343465701109396)
(-2.80588957930685e-17 1.2821091782057 0.492631277781487 0.0264038471933359 0.0205638441755215 -0.0265081807402106)
(-0 0.934666740651272 0.314779293139142 0.0190595277107362 0.0109562700319785 -0.0191177258780609)
(-7.97002474499666e-18 0.656290361015397 0.193467150197634 0.0129870034866436 0.00519496633222928 -0.0130162344630101)
(-0 0.445602996146014 0.114767759114396 0.00841570097967623 0.00205173055574892 -0.00842803931000024)
(-0 0.293218431203513 0.0658233844732826 0.00521098706256332 0.000510686066647976 -0.00521459921179574)
(-0 0.187124915966748 0.0365087181463615 0.00309047187365021 -0.000137127287909737 -0.00309074856246696)
(-0 0.115754506679792 0.0195504101245574 0.00175612664955591 -0.000333529517970842 -0.00175547948540221)
(-0 0.0692979037794194 0.0100837230949814 0.000955087669291036 -0.00033014448920328 -0.000954318975234284)
(-0 0.0400237664862866 0.00498790192196681 0.000495433488968059 -0.00025721594038288 -0.000494813155422937)
(1.14497999764252e-19 0.0222076986840325 0.00235248851378245 0.000243905173624526 -0.000175669773100392 -0.000243501480280221)
(-0 0.0117535994065189 0.00104827548281944 0.000112982174578422 -0.000108569334068398 -0.000112748824544941)
(-0 0.00587696156445312 0.000435691797663233 4.86440765170938e-05 -6.12788820746991e-05 -4.85176884594618e-05)
(-0 0.00273582781789384 0.000165837406636412 1.91181534596515e-05 -3.14559733991553e-05 -1.90553190277994e-05)
(-0 0.00115908048815439 5.61591475371708e-05 6.66525541653413e-06 -1.44306108114444e-05 -6.63938120081612e-06)
(-0 0.000431330878236891 1.6180648475895e-05 1.9711985812413e-06 -5.73778394459789e-06 -1.9623995448226e-06)
(-0 0.000132480098562989 3.66169804113742e-06 4.57010684230358e-07 -1.86196135620028e-06 -4.54503148837033e-07)
(-0 2.98587490564252e-05 5.59283710302701e-07 7.14351074469459e-08 -4.39508193074195e-07 -7.088227335111e-08)
(-0 3.74611015777764e-06 4.00413646779548e-08 5.24865477654987e-09 -5.73285447746099e-08 -5.16996663156122e-09)
(-0 9.20403619421006e-08 3.17410360450589e-10 5.27276342635423e-11 -1.450170390313e-09 -4.17367286739975e-11)
(-0 0.039661502422259 7.13257885077154 0.133579978801366 -0.00683477990868644 -0.129932351446975)
(-0 0.0848314303259012 7.15862447277606 0.147432254484955 -0.0116694705059901 -0.147146097469089)
(-0 0.0564944478444296 7.19811830425855 0.16275500750883 0.000287706022685026 -0.163455285862991)
(-0 -0.0504395626542272 7.24141702520958 0.166471048153035 0.0281629647174629 -0.169466149303138)
(-0 -0.204215937629229 7.23963344789919 0.149111330286463 0.0673841497795814 -0.152076405244434)
(-0 -0.351339091393998 7.1869797071689 0.107780931171123 0.11709408613073 -0.109973037791521)
(-0 -0.455981542955258 7.07334299640204 0.0475691749343766 0.169238069514857 -0.0484253829031078)
(-0 -0.494577548281755 6.88670114135133 -0.0226837431729629 0.216139953717543 0.0227836780455247)
(-0 -0.459979869716045 6.65571457509839 -0.0933140241574593 0.253261583585069 0.0947417953478027)
(-0 -0.36244152880174 6.42012988852958 -0.155376358374577 0.279130449004672 0.1570380250892)
(3.91543375906888e-16 -0.21181634090592 6.19420747657274 -0.202899794861616 0.293663991918899 0.20482836313842)
(-0 -0.0112296698423876 5.85046695081086 -0.228104591638542 0.292143040451938 0.229902604432642)
(-0 0.218962822555231 5.44206936056621 -0.23165899023025 0.278445615989909 0.232722165092901)
(-0 0.465255650565553 5.05045559864426 -0.220785710367328 0.25920824605689 0.221556138846249)
(4.21405954068266e-16 0.719106069439723 4.67013198134425 -0.199635386600291 0.237035113469357 0.200163557007382)
(-0 0.971640170382486 4.3032875884534 -0.172027188741169 0.21445735079572 0.172255842937342)
(2.08313645032083e-16 1.21427871279789 3.95007866118478 -0.141648526301817 0.193261998475574 0.141624625567202)
(-0 1.43853327570185 3.60921783800644 -0.111252855112207 0.174318966216246 0.111075210503201)
(-0 1.63620293613961 3.27843306465173 -0.0826285386730991 0.157828940960533 0.0823866020119136)
(-2.00173851410849e-16 1.79977507174118 2.95676273459835 -0.0568543101569457 0.14334934416377 0.0565871115582256)
(-0 1.92598306636866 2.64631161439173 -0.0344687258211511 0.130179164741008 0.0341555991826015)
(-9.73581535911825e-17 2.01605274762519 2.35287058221464 -0.0155818397600047 0.117709958201651 0.0152568780757987)
(-0 2.06657177824766 2.07269067614743 -5.42728836606172e-05 0.105031595230727 -0.000279433832707051)
(-0 1.99590134898364 1.73488227980952 0.0116950188691492 0.0881496290339645 -0.0120213322246181)
(-8.73330270216888e-17 1.91451114719601 1.4507294906547 0.0197707454544539 0.0727621151931449 -0.0200996621494649)
(8.34561556572409e-17 1.80691724224421 1.19806239599662 0.024621143349876 0.0581545641636367 -0.02493046251852)
(-0 1.67289562540559 0.972576445762152 0.026642059669857 0.0446432378938408 -0.0269178036591922)
(-3.3347863141341e-17 1.35948110933974 0.693680464931308 0.023604344421689 0.029321798771726 -0.0238132604453955)
(-0 1.01708109554999 0.455392334395668 0.0183850071419801 0.0171908925891046 -0.0185210303612726)
(-0 0.729805319124971 0.286487978568787 0.0132785528644052 0.0092987908960551 -0.0133618607600982)
(-0 0.505345072942065 0.173702974425577 0.0090187317166181 0.00459927474883186 -0.00906714708012673)
(5.1941631233768e-18 0.33918046077896 0.101868447586035 0.00581837024450382 0.00202016048958423 -0.0058432372071308)
(-0 0.221131110549278 0.0578855837804969 0.00358545036718159 0.000719994831153393 -0.00359736973879322)
(-0 0.140096756359281 0.0318707157246293 0.00211616427177356 0.000131886792038685 -0.00212222742323203)
(-8.24967113830682e-19 0.0862049644447523 0.0169772597246958 0.00119757447789526 -9.07260356888518e-05 -0.00120072063470233)
(-0 0.0514293936311407 0.00872381098186837 0.000649408387274005 -0.000143405488231528 -0.000650747523458447)
(-0 0.029643339290614 0.00430533299816408 0.00033620163768343 -0.000127777982792069 -0.000336702471946827)
(-0 0.0164273828249452 0.00202774827656438 0.000165222785098731 -9.28605613495427e-05 -0.000165433472627651)
(-0 0.00869171943552934 0.000902922236936031 7.64312908424366e-05 -5.94482199966509e-05 -7.65130883134298e-05)
(-0 0.00434846118241526 0.000375389210424128 3.28922965206212e-05 -3.43337500713088e-05 -3.29174209356235e-05)
(-0 0.0020261033260216 0.000142957554473657 1.29244781945179e-05 -1.78905554887508e-05 -1.29267818414771e-05)
(-0 0.00085998302567748 4.84877625467426e-05 4.50923200719837e-06 -8.30729802242501e-06 -4.50706424987812e-06)
(7.66435076202111e-22 0.000320564362561442 1.39838466858853e-05 1.33449178445071e-06 -3.33086103140975e-06 -1.33254176764054e-06)
(-0 9.86558669146711e-05 3.16925648573052e-06 3.09661014241273e-07 -1.0876033605781e-06 -3.08802729803174e-07)
(-0 2.2267473400991e-05 4.84699492501026e-07 4.84394426466812e-08 -2.57820087548367e-07 -4.81917981063262e-08)
(-0 2.79250401113602e-06 3.46822862797014e-08 3.54963279616144e-09 -3.36642320717299e-08 -3.51039183028999e-09)
(-0 6.84112088134674e-08 2.72465746700663e-10 3.54088082940757e-11 -8.49897055176928e-10 -2.80483730353625e-11)
(-0 0.0406674714327606 7.36252112190775 0.111745329318282 -0.00966355867815511 -0.107879814215003)
(-0 0.0920412107489118 7.3718961698249 0.127386602940065 -0.0209533243557026 -0.127098554652057)
(-0 0.0751520990593864 7.38651900729173 0.146817823778581 -0.0195096415000128 -0.147470352130232)
(-0 -0.0170964655452337 7.40859638587995 0.156473805605786 -0.00417408176322511 -0.159262554023413)
(-0 -0.154189127990958 7.4025780812097 0.147148596592169 0.0215938138899863 -0.149819464452701)
(-0 -0.287172608211068 7.36484915314529 0.116395064428696 0.0591273875970845 -0.118765097732615)
(-0 -0.38582259160716 7.27921587375592 0.0670131484019329 0.102849876059193 -0.0681310827776239)
(-0 -0.427713685838132 7.12241261070267 0.00590690802776465 0.14617122118845 -0.00600395972207718)
(-0 -0.401898539342816 6.91331345995287 -0.0574865996345875 0.184362148840654 0.05877459083563)
(-0 -0.31750951858136 6.68623008623682 -0.114443652730346 0.215044393988171 0.115966106866946)
(-3.71652944456647e-16 -0.184574840680711 6.45202970072343 -0.159707937336958 0.23625846301968 0.161462381087304)
(-0 -0.00642222059555631 6.03065172935911 -0.185277385362492 0.240480645610892 0.186849537015605)
(-0 0.19780576072824 5.61824780254825 -0.195444036409433 0.235448617766185 0.196536868714695)
(-0 0.417910623819622 5.21612780194389 -0.192973421973384 0.223487463649515 0.193844336840939)
(-3.9911564994768e-16 0.644676740554991 4.82132450268454 -0.180418402335526 0.207126822053239 0.181058399989974)
(-1.9985401316915e-16 0.869175349832759 4.43706694495137 -0.160821886869905 0.189054653915406 0.161164136654418)
(1.99299380735378e-16 1.08334185067429 4.06472621327021 -0.137321723794698 0.171257462126141 0.137413477828773)
(-0 1.27938674256335 3.70331590949989 -0.112469387654333 0.154809156800135 0.112412996320405)
(1.962827377121e-16 1.44789796190541 3.34777627342372 -0.0879851932631627 0.139918130075168 0.0878492606223454)
(-0 1.58070240121515 2.99656039111026 -0.0650761204419988 0.126307833153089 0.06485017870013)
(-0 1.67266299018613 2.65197757027975 -0.0444689379390145 0.113471606541813 0.0441988605014873)
(-0 1.72135813687727 2.31767973173155 -0.0266160949368683 0.100853630061105 0.0263183443534707)
(-0 1.72848009523989 1.9998506028465 -0.0117919412079375 0.0881310503427879 0.0114634604829439)
(-0 1.70163080729301 1.70622489099143 -8.75091102627454e-05 0.075402840008698 -0.000259129198373882)
(-0 1.60401285827851 1.40221258909854 0.00835781693187973 0.0612272554283547 -0.00871274399479937)
(-4.00818165009854e-17 1.49544762102308 1.14414523992345 0.0137590984830347 0.048465644232882 -0.0141018728586882)
(-3.78951269824898e-17 1.37032607231846 0.919437172424672 0.0165685717896912 0.0370040007668666 -0.0168730034499716)
(-0 1.06909530441057 0.629603625456188 0.0149921602511705 0.0235294231344454 -0.0152113421394294)
(-0 0.788541813407903 0.407583083635209 0.0119372715851151 0.0137911944136552 -0.0120844190527254)
(-0 0.558292862002672 0.253010756753197 0.00870384431220936 0.00752954610068094 -0.00879564299820348)
(6.51180111589148e-18 0.381941892614136 0.151569174101008 0.00592851118853627 0.00382315770540701 -0.00598182401022493)
(-0 0.253650741482103 0.0879587563821282 0.00382092075329796 0.00178185325554473 -0.00385091288651003)
(-3.2139159354018e-18 0.163942667776842 0.0495457325333387 0.00234919844993246 0.000734187544387971 -0.0023651356670255)
(1.09079380218425e-18 0.103173141620472 0.027086417332001 0.0013832156453107 0.000237887011860747 -0.00139138909454591)
(-0 0.0631651542664696 0.0143520985036344 0.000780939576021902 2.81697470742733e-05 -0.000785286310029109)
(-0 0.0375507792747942 0.00734835106859553 0.000422653754997424 -4.36244087590899e-05 -0.000424806475472846)
(-0 0.0215969657865729 0.00361696556558547 0.000218506787143036 -5.53238299872894e-05 -0.000219485703521612)
(-0 0.011956913531138 0.00170087412182973 0.000107297023562317 -4.52741739189642e-05 -0.000107743212336226)
(-5.06467858339898e-20 0.00632602815223253 0.000756945511917508 4.96215336368976e-05 -3.07443845516439e-05 -4.98192554531177e-05)
(-0 0.00316741583274117 0.000314940366971711 2.13598779063366e-05 -1.83872130808426e-05 -2.14469056905548e-05)
(-0 0.00147838493204754 0.000120062577105122 8.40463506542224e-06 -9.8172202296889e-06 -8.4292501441273e-06)
(-0 0.000628407700525809 4.07784202506957e-05 2.93370129904623e-06 -4.62981257184708e-06 -2.94202209043647e-06)
(-0 0.000234752757516446 1.17791330238947e-05 8.68897891879429e-07 -1.87774504171551e-06 -8.70710069943235e-07)
(-2.26362937352051e-22 7.24243939722353e-05 2.67587176729458e-06 2.0199975024061e-07 -6.18826872713485e-07 -2.02145773427263e-07)
(-0 1.63877326513737e-05 4.10144424971129e-07 3.16238217392982e-08 -1.47720219423719e-07 -3.15893800160052e-08)
(-9.68585492229069e-25 2.06640651847776e-06 2.95115519497063e-08 2.33028371124318e-09 -1.94465574512673e-08 -2.31261531401423e-09)
(1.29392811761249e-26 5.03687916649665e-08 2.31455586304949e-10 2.31524132444694e-11 -4.8959177060056e-10 -1.84178747719674e-11)
(-0 0.0396147692557245 7.44228704954041 0.0913003722076854 -0.0107953681010804 -0.087596635001162)
(-0 0.0934983533598568 7.43053822680147 0.107053704637457 -0.0258242152032447 -0.106630517904752)
(-4.13496741568114e-16 0.0859386079175583 7.41128687247862 0.127753926954539 -0.0318998177224031 -0.128445996855557)
(-0 0.0090182918211889 7.39972997888141 0.140466503588434 -0.0272114516444425 -0.14293568216043)
(-0 -0.108756412198857 7.37557272298382 0.136756763891486 -0.013416949306151 -0.139088834613704)
(-5.09299904877407e-16 -0.22443008896943 7.33998867967321 0.114859175062304 0.0116932554515849 -0.117141989912501)
(-0 -0.3135030398326 7.27303728463195 0.0760155472758646 0.0448634964996899 -0.077289370614473)
(-0 -0.35574404840154 7.14283749765636 0.025345519869566 0.0817247756621763 -0.0255816428218045)
(-0 -0.338076704458287 6.95873091637221 -0.0287948812141963 0.117902253426526 0.0298868566669996)
(-0 -0.268379033174335 6.74677445786399 -0.0785975685318148 0.150101307773471 0.0798715494153616)
(-0 -0.155667494979069 6.51356426682482 -0.119773738490106 0.175099430898796 0.121249564369917)
(-0 -0.00243489754834003 6.11190301852121 -0.14684705026655 0.186669072527106 0.148167743967281)
(-0 0.175713230007374 5.70564356318243 -0.161751359535344 0.188824493990747 0.162813950654237)
(-0 0.369649339527047 5.30236858294678 -0.165740842611916 0.183580160357612 0.166687528015935)
(-0 0.570171016096466 4.90084418004719 -0.16016778399547 0.173150260296743 0.160874099607423)
(-0 0.767607824806099 4.5030626289632 -0.147252540497188 0.159962031789778 0.147681278606804)
(1.90861076781763e-16 0.953572647188126 4.11067671105729 -0.129600879686703 0.145907970075127 0.129803776147155)
(-0 1.12067913200129 3.72597095531634 -0.109624203784721 0.132247019025881 0.109657307155037)
(-0 1.26059198412729 3.34687191838075 -0.0890507624322753 0.119428831595533 0.0889526235443776)
(-0 1.36616404412156 2.97270870709074 -0.0690403133671459 0.107387236008492 0.0688560589903752)
(-0 1.43243835070507 2.6059895165436 -0.0504389146678496 0.0958031333684929 0.0502189225362683)
(-0 1.45783516719324 2.25172327486982 -0.0339007262040138 0.0843126849554164 0.0336184345308086)
(-8.72235798501195e-17 1.44428210291113 1.91646338692077 -0.0198585860960706 0.0727561987975983 0.019545686314456)
(-0 1.39735446977229 1.6067397457453 -0.00860143079164991 0.0612235432980106 0.00825097810835239)
(-4.05022913380181e-17 1.32555436798027 1.32880356590531 -0.000180180444601301 0.0500961806840135 -0.00018351141493004)
(-0 1.218692800846 1.06920852003601 0.00551894222618832 0.0391947545494824 -0.00586021969246485)
(3.46355494026565e-17 1.06385838755742 0.818619819638095 0.00850488599456971 0.0286223196528997 -0.00879547565296427)
(-0 0.81633977231414 0.551396513634534 0.00849899577747184 0.0180188457948334 -0.00870986762561692)
(1.07294842929921e-17 0.596617809721974 0.353698118179119 0.00712191714475436 0.0105767376051506 -0.00726346567973245)
(-0 0.418560754317737 0.217561963697757 0.00533233987711939 0.0058192109949265 -0.00541892031987007)
(-5.78191315867928e-18 0.283783995942787 0.129130282230061 0.00368108745077936 0.00300723360879428 -0.00373171544033603)
(2.04120501576296e-18 0.186905220010976 0.0743071377362472 0.00238794243102699 0.00145299230870806 -0.00241635869095664)
(-0 0.119921499226028 0.0415427457983904 0.00147212199923022 0.00064492177705798 -0.00148752399992555)
(-0 0.0750215567407445 0.0225713896326536 0.00086755766762846 0.000250836058221793 -0.000875861691770246)
(-0 0.0457317094130578 0.0119019629138248 0.000490209328340825 7.35021749577657e-05 -0.000494456113499692)
(-2.01891230662683e-19 0.0271024932302568 0.00607218845449099 0.000265394483419404 3.14917979560269e-06 -0.000267540482432598)
(-0 0.0155606358664679 0.00298248522744822 0.000137288514267773 -1.82784721345185e-05 -0.000138321755987784)
(-3.79482284891458e-20 0.00861055673958861 0.00140113486564194 6.74931527725615e-05 -1.97783470008068e-05 -6.79777240335724e-05)
(-0 0.0045597233710086 0.000623740975348835 3.12842365011924e-05 -1.49492526643025e-05 -3.14887335510496e-05)
(1.19810594750823e-20 0.00228594072842453 0.000259682783132429 1.34958509262252e-05 -9.45160751312848e-06 -1.35797229350338e-05)
(-0 0.00106880129402783 9.91680302355552e-05 5.31781608058394e-06 -5.21519348937667e-06 -5.35017181232951e-06)
(-0 0.000455565629580542 3.37414767011248e-05 1.86184049367583e-06 -2.5181281756326e-06 -1.87136752004375e-06)
(-5.83735348507642e-22 0.000170648229406187 9.77152445301247e-06 5.52986553898408e-07 -1.03836240766775e-06 -5.55406623932091e-07)
(-0 5.28123473650803e-05 2.22595328422208e-06 1.28891907207233e-07 -3.46547172977576e-07 -1.29295397931405e-07)
(-1.22706316120911e-23 1.19795569110672e-05 3.41975321505159e-07 2.02247140034446e-08 -8.34584214446977e-08 -2.02507790271997e-08)
(8.48476598662821e-25 1.51278784886957e-06 2.46354203388359e-08 1.48914520971929e-09 -1.10528373049772e-08 -1.48377290851885e-09)
(-5.73322117176087e-27 3.73031745346828e-08 1.95803427597616e-10 1.49570995989929e-11 -2.81992529007677e-10 -1.19835162446134e-11)
(-0 0.0367119590788017 7.3329258278966 0.0728609037713591 -0.0106519257924121 -0.0695988989156439)
(-0 0.0895188299595263 7.298251762785 0.0875096125576176 -0.0274987509699166 -0.0868829110930243)
(-0 0.0888614813909855 7.23984495301948 0.107391078865508 -0.0384547563764439 -0.108203615322906)
(-0 0.02684821631361 7.1863108398115 0.120889618994534 -0.0418092633000786 -0.122931849249489)
(-0 -0.0706156487982829 7.13252256984986 0.12067902297957 -0.0377269411426793 -0.122657800575426)
(-0 -0.167222844185393 7.08611647836892 0.105660064500087 -0.0237130018380796 -0.107654197901071)
(-0 -0.244049548691539 7.02551209096846 0.0762918698314524 -0.0012324320724583 -0.0775169078248214)
(-0 -0.283633650342658 6.91567449951055 0.0361735037463564 0.0275565831510907 -0.0364414965335216)
(-0 -0.272781418093918 6.75616573004881 -0.00787257132659911 0.0590826019283258 0.00869393268064458)
(-0 -0.218025064833434 6.56395793110581 -0.0494559037360027 0.0897285731932629 0.050468684626103)
(-0 -0.126328705825624 6.34226000254867 -0.0853428499295385 0.11536197743908 0.0864462713653083)
(-0 0.000299006786649903 6.07647889832086 -0.113747115313193 0.133466419140413 0.114803698506204)
(-0 0.152759446200215 5.68374232168598 -0.131409587085992 0.140973946881657 0.132433724157125)
(-0 0.320323827359755 5.28280506455221 -0.139722891508313 0.141241758269427 0.140684844275198)
(-0 0.493792158883379 4.87795964761053 -0.139288655995278 0.136198994279236 0.140020400111329)
(-0 0.664245376299898 4.47351215772614 -0.131755879860039 0.127870346325534 0.13224590882954)
(1.82226748829648e-16 0.823690740740282 4.07231755451026 -0.119233246126049 0.117963608681828 0.119499314182658)
(-0 0.964430157564421 3.67482872543472 -0.103690781203381 0.10760636223809 0.103786321739965)
(-0 1.07920397746659 3.28062443401613 -0.0867133807932422 0.0974030699233617 0.0866795688366156)
(-0 1.16147315990192 2.89120581041 -0.0694714637847541 0.0874788183944621 0.0693529763413535)
(-0 1.207326487617 2.5112199389917 -0.0529152062608836 0.0777178569141139 0.052719712927229)
(-0 1.21646898311592 2.14735169517559 -0.0377933131614815 0.0679504324038332 0.0375381022931596)
(-0 1.19188552989127 1.8070115148031 -0.0247132011968632 0.0581432237749534 0.0244102740095567)
(-0 1.13923242795008 1.49651023084682 -0.0140530585363653 0.0484452462463851 0.0137135314525668)
(-0 1.0657329532676 1.22040103399525 -0.00593275295319643 0.039177370142079 0.0055912462395806)
(-0 0.976618595978558 0.978785160197871 -0.00023912854958218 0.0306305796373391 -8.37279767161242e-05)
(-0 0.78770705750291 0.692395746766944 0.00298839678620383 0.0207429246226571 -0.00324232464783529)
(-0 0.602762893967496 0.465053121888406 0.00404016220539469 0.0130948642143404 -0.00422071510810997)
(-0 0.439434639788565 0.297530589511187 0.00379976814694883 0.0077319606955222 -0.00391990196894215)
(-0 0.307229063399741 0.182391683339707 0.00301278134853964 0.00429427891268243 -0.00308678432321603)
(-0 0.207405658177392 0.107765826362723 0.00214731383790734 0.00225262336160064 -0.00219024151638365)
(-0 0.1359274797534 0.0616876833360436 0.00141878041066225 0.00111605904151818 -0.00144275861870851)
(-0 0.0867833479688211 0.0343060513232393 0.000884183351863207 0.000517872405059464 -0.000897249509351524)
(-0 0.0540610492447895 0.0185533542744641 0.000524862293501189 0.000219964339650445 -0.000531777752269971)
(-0 0.0328453899147648 0.0097468869418906 0.000298057580574405 8.06075519565902e-05 -0.000301612046386238)
(-0 0.0194240172449853 0.00495905654882049 0.000162041483761279 2.08154492724941e-05 -0.00016382283351041)
(-0 0.0111421046901005 0.00243246653408312 8.41614979848673e-05 -1.33490401863988e-06 -8.5022283245757e-05)
(-0 0.00616748569868965 0.00114248238051649 4.15491821813541e-05 -7.10356973852993e-06 -4.19458026983596e-05)
(-0 0.00326957794467059 0.000509008758267154 1.93343739490125e-05 -6.69344663444626e-06 -1.95111552224532e-05)
(-0 0.00164269710477713 0.000212188070979745 8.37737343060151e-06 -4.64131992371598e-06 -8.44750059696878e-06)
(-0 0.000770139019387024 8.12088465182441e-05 3.3165564401879e-06 -2.69450447676015e-06 -3.34256397976838e-06)
(6.1908367752993e-22 0.000329276896537102 2.77077097561526e-05 1.16595408862884e-06 -1.34297188924004e-06 -1.17445085508379e-06)
(-0 0.000123798400472312 8.04955978495166e-06 3.47961017308823e-07 -5.66467681497799e-07 -3.50113601344109e-07)
(4.3205097390659e-23 3.84463208091427e-05 1.83930391250339e-06 8.14294045068257e-08 -1.921093347972e-07 -8.18378667317269e-08)
(-0 8.75999470972038e-06 2.83670938135257e-07 1.28405334632232e-08 -4.68719325127161e-08 -1.28756165341048e-08)
(-7.47045322619618e-25 1.10992230212855e-06 2.04932707583145e-08 9.49588678525978e-10 -6.26511760836729e-09 -9.46640604251202e-10)
(-0 2.76127826724607e-08 1.6352266981046e-10 9.62300541506228e-12 -1.61876610973112e-10 -7.67151868042783e-12)
(-0 0.0323685341152635 7.00644021171332 0.0567005864103805 -0.0097175151337965 -0.0540289617868887)
(3.2824037742182e-16 0.0810076156690704 6.94960784955204 0.0694523931554952 -0.0270149821528987 -0.0686615098713434)
(-0 0.0847957991060549 6.8515874863448 0.0871728113907566 -0.0406144733930101 -0.088025205972234)
(-1.87761423553728e-16 0.036448226849076 6.75408104640091 0.0998721379803934 -0.0494131971426856 -0.101460870465422)
(-0 -0.0411425159839948 6.66500360672412 0.101482455038613 -0.0523568439314816 -0.103131858238579)
(-0 -0.118520733901465 6.59857988307691 0.0914947795651961 -0.0472095670420257 -0.0931442043595256)
(-2.27392461422437e-16 -0.18156545963198 6.5342994730142 0.0700946543120062 -0.0341901780968916 -0.0712098186071368)
(-0 -0.216104942790302 6.43679549684964 0.0397408443529577 -0.0136608473539095 -0.0400259122827454)
(-0 -0.210463767103813 6.29815672248336 0.00558440652469104 0.0116994502420129 -0.00503957174835325)
(-0 -0.16950934878106 6.12903933985526 -0.0276247943730449 0.0383020027333598 0.0283122905936343)
(1.43514499293075e-16 -0.0982569866525817 5.92722396879767 -0.0575660624644289 0.0620445026892775 0.0583281198761242)
(-0 0.00206864316608362 5.6938102845258 -0.0830539140984376 0.0805390453200007 0.0838232540250632)
(-0 0.127177755309606 5.430542053033 -0.102800762657421 0.0927644467341206 0.103732610260655)
(-0 0.270643281299557 5.1389470474666 -0.115462990694173 0.0990288861849743 0.11636445342153)
(1.68946187024681e-16 0.417807369924438 4.74710100686521 -0.118744234711647 0.0987908820942349 0.119458754730728)
(-0 0.562310864127782 4.34899214764717 -0.1154217790849 0.0950194697826302 0.115940838884729)
(-0 0.69660854423039 3.94841018630121 -0.107090276383367 0.0891680093734449 0.10740564569035)
(-0 0.813336253308608 3.54730504831831 -0.0953399629625453 0.082283158411681 0.0954876863319017)
(-0 0.905586253083183 3.14760467648187 -0.0815623027790551 0.0749860804514075 0.0815885298602416)
(-0 0.968182480318211 2.75292881242696 -0.0668895368034451 0.0675639663442329 0.0668198647616036)
(-0 0.99841996657305 2.36995585308933 -0.0523164640643322 0.0600354673134021 0.0521588585867447)
(-4.09532629080945e-17 0.996732448537729 2.00676961784955 -0.0387034145977653 0.0523663441603568 0.0384811949753774)
(-3.95165606279101e-17 0.966959921423709 1.67132823346035 -0.0267381999057444 0.0446069199926103 0.0264598857967824)
(3.78260451836789e-17 0.914823505240286 1.36985797140285 -0.0168697121023107 0.0369563406251196 0.0165686712475571)
(-3.46094773224741e-17 0.815704490413198 1.06469729825439 -0.00891637306718638 0.0285929863790462 0.00862151267662946)
(-0 0.690503571452443 0.788777668298409 -0.00341769500069241 0.0207262739478852 0.00316353333864938)
(-0 0.557252396382606 0.558328599748698 -0.000190959238190415 0.014102215914668 -5.82359152110146e-06)
(-0 0.428150881607348 0.376530803143012 0.00130536050798751 0.00898584476711805 -0.0014479847488786)
(-0 0.313755324801621 0.242132878758509 0.00169801598739686 0.0053725772784309 -0.00179161762675099)
(-0 0.220248186570814 0.148988779724545 0.00152769275838555 0.00302690404176382 -0.00158453967825914)
(-0 0.14894730985693 0.0881772574211824 0.00116176575574661 0.00161442942732328 -0.00119487564968561)
(-0 0.0975984497158904 0.0504470136605356 0.000797214557721881 0.000817084214145523 -0.000815783301125682)
(-0 0.0622281573467882 0.0280060355347109 0.00050885770654855 0.000391260310225037 -0.000518891190825903)
(-0 0.0386966757307392 0.0151139857216771 0.000306950253895107 0.000175138019221507 -0.000312209653706746)
(-0 0.0234762239894766 0.00792409008541527 0.000176353150669457 7.11306837204524e-05 -0.000179053205194545)
(-0 0.0138740442267132 0.00402691938647481 9.67853663115628e-05 2.43053863641451e-05 -9.81347915706208e-05)
(4.69354976223572e-20 0.00796120995893143 0.00197478403382613 5.06891065831918e-05 5.20179678375535e-06 -5.13357937109712e-05)
(2.8295755160598e-20 0.00441253855135038 0.000928170544160097 2.52185629453874e-05 -1.29996387104982e-06 -2.5515436457953e-05)
(-0 0.00234445655937909 0.000414171582774405 1.18233329599072e-05 -2.61138878705774e-06 -1.19528006204427e-05)
(-0 0.00118144092507206 0.000173082144074387 5.16038470425069e-06 -2.15260867293523e-06 -5.21225666575819e-06)
(-0 0.000555882665401889 6.64386988721989e-05 2.05764045337579e-06 -1.35159803682634e-06 -2.07647928233525e-06)
(-0 0.000238605073368895 2.27488256989274e-05 7.28319598636228e-07 -7.04628584327959e-07 -7.34531693559009e-07)
(-0 9.0084189503149e-05 6.63527256891704e-06 2.18746520416465e-07 -3.06023559872888e-07 -2.20425484065133e-07)
(3.80232490398078e-23 2.80988337950218e-05 1.52112927609959e-06 5.15182493358933e-08 -1.05960857230733e-07 -5.18167779726577e-08)
(-0 6.42822952907267e-06 2.35523780737122e-07 8.16718787801965e-09 -2.62415781626871e-08 -8.1994510779706e-09)
(3.31456898323249e-25 8.18633463082506e-07 1.7083115766224e-08 6.07925040812834e-10 -3.55110831879924e-09 -6.06308873735231e-10)
(-0 2.02453953140195e-08 1.35733239190245e-10 6.12600817062546e-12 -9.16687695671261e-11 -4.89749735718938e-12)
(-0 0.0270966055020788 6.45509168001719 0.0428953969198065 -0.0084549088005226 -0.0408452304751939)
(2.92680020001915e-16 0.0692582932164329 6.38109387486635 0.0533611664623995 -0.0251079923992843 -0.0524888426647703)
(-0 0.0753254713874764 6.24901318143722 0.068201014638754 -0.0396325981190282 -0.0689889139722462)
(-0 0.0389492958582823 6.11296531038795 0.0791585135786067 -0.05143658321333 -0.08043299981816)
(-1.76695598747336e-16 -0.0203892211694383 5.99043876083703 0.0814258442921384 -0.0587366273680835 -0.0827445567793717)
(1.87789437124995e-16 -0.0796639889229756 5.90088777996482 0.0749082311113274 -0.0598272848338303 -0.0761794601747582)
(-1.99729086887197e-16 -0.128852717423992 5.8272124736212 0.0598685528285406 -0.0541712830420408 -0.0607990089847292)
(-0 -0.157067505198385 5.73520563895912 0.0379031708717945 -0.0410234028350036 -0.0381809458078164)
(-0 -0.154814325554662 5.61343344363525 0.0125950979610681 -0.0222332188476462 -0.0123207775313833)
(-0 -0.125681360512242 5.46835467460754 -0.0127411133189845 -0.00100647287266302 0.0131384930182662)
(-0 -0.0729397738787585 5.29206677664828 -0.0365980233881183 0.0191194482067527 0.0370725884099579)
(-0 0.00295272551916212 5.08385612834878 -0.0579842369121693 0.0358776072010047 0.058542069604435)
(-0 0.0986986664908828 4.84135989018464 -0.0755217916527065 0.048228284741203 0.0762741000038578)
(-0 0.208536515649018 4.5637671032846 -0.0876218690828053 0.0561157520651491 0.0883653711519247)
(-0 0.325077948711846 4.25166074305475 -0.0935518906598751 0.0598666115864501 0.0941753083898288)
(-7.63389044872889e-17 0.44044037108469 3.91289643104979 -0.093765200137136 0.0603114956547594 0.0942427680929154)
(-0 0.546604682133501 3.55286278671049 -0.089165929741545 0.0584255080222592 0.0894841731505538)
(-0 0.636378091626153 3.17740214131075 -0.0809181379744594 0.0550414533761214 0.081095210823907)
(7.76084736418394e-17 0.703239092035505 2.79322474083787 -0.070201173164826 0.050762090883284 0.0702670902994136)
(-0 0.742304828133718 2.40910477336946 -0.0581285603034809 0.0459405442822182 0.0581058746480385)
(-0 0.751871464680006 2.03541863098153 -0.0457574030489492 0.0406888723026432 0.0456594313339724)
(-3.5364321343519e-17 0.733081649461767 1.68217325192124 -0.0340350585566077 0.0350931368548861 0.033874315471366)
(-6.65577057468297e-17 0.689595873985052 1.35793771861102 -0.0237062207504765 0.0292796699693451 0.0235030956310649)
(3.07520922104188e-17 0.626410837322623 1.06835332903752 -0.0152470371158024 0.0234768676226113 0.0150259437972247)
(-0 0.549055204713553 0.816249538492956 -0.00883283351417364 0.0179718576340979 0.00862015915892052)
(-0 0.463516494640609 0.603036610556463 -0.00438058281556999 0.0130636262635601 0.00420039340507943)
(-0 0.375591139617306 0.428612068584791 -0.00161138157310241 0.00897173932699085 0.00146963945573356)
(-0 0.291374407336112 0.291844498908691 -0.000122600506302239 0.00580595844718726 2.09120706179531e-05)
(-0 0.216138677869721 0.189969135238724 0.000508254801284289 0.00353930532450562 -0.000574315528901683)
(-0 0.153502180985903 0.118248066854753 0.00064873975042275 0.00203593352580862 -0.000689689783637617)
(1.87601078403375e-18 0.104773046465723 0.070614432715274 0.000565931679522691 0.00110938809524264 -0.000589931383813278)
(-0 0.0690784129802402 0.0406393708124503 0.000417767392053961 0.000574470426435131 -0.000431273141807329)
(-0 0.0442074132226633 0.022637098810772 0.000278916056525284 0.000282714474868458 -0.000286102488280922)
(3.08986659189002e-19 0.027543686902198 0.0122325286982538 0.00017330086488334 0.000131368725479621 -0.000177048891301256)
(-0 0.0167316798957016 0.00641928361116377 0.000101692743564557 5.67164352903034e-05 -0.000103620453900303)
(-0 0.0099027752337254 0.00326524798067407 5.67448963137381e-05 2.18997256146897e-05 -5.76988988795926e-05)
(-0 0.0056935994806664 0.00160343500529086 3.01293414319865e-05 6.83473544971677e-06 -3.05867122399619e-05)
(-0 0.00316443189274806 0.000755309732200714 1.51741133352268e-05 1.04517360585749e-06 -1.53839572029899e-05)
(-0 0.00168722156269002 0.000338096699242962 7.19420958877452e-06 -7.06193552462241e-07 -7.28660389181227e-06)
(3.93255460998224e-21 0.000853863561441938 0.000141798802835552 3.17394445205441e-06 -9.08233679302389e-07 -3.21051059091411e-06)
(-1.01329109342646e-21 0.000403651356215604 5.46348059431735e-05 1.2785243093117e-06 -6.52475996119895e-07 -1.291279819382e-06)
(-0 0.000174125911390402 1.87891429994236e-05 4.56772879483612e-07 -3.63319845224787e-07 -4.60989739451433e-07)
(-0 6.60604477805035e-05 5.5019409846117e-06 1.38368784657655e-07 -1.63937529770298e-07 -1.39482785546135e-07)
(-0 2.07146061768033e-05 1.26846724821943e-06 3.28585660754772e-08 -5.82698387350144e-08 -3.30829565208264e-08)
(-0 4.76506731388275e-06 1.97127907065433e-07 5.25180424909722e-09 -1.47095967988447e-08 -5.2719609261183e-09)
(2.98203709088413e-25 6.10740497212168e-07 1.43953812275734e-08 3.94531585430698e-10 -2.02137344013785e-09 -3.93438253156154e-10)
(-0 1.51738508835388e-08 1.15043349794781e-10 4.00615169496204e-12 -5.27015656197416e-11 -3.20453862514156e-12)
(-0 0.0215549599084015 5.70376937609256 0.0314124474193612 -0.00713471419719428 -0.0299274667282459)
(-0 0.0559442123929472 5.61939254386782 0.0395338186926796 -0.0222928705026561 -0.0386852385185513)
(-0 0.062520880743363 5.46471494605708 0.051287482944297 -0.0364622476600591 -0.0519525713894462)
(-1.43251242864569e-16 0.0361594799935068 5.30229487863165 0.0601048241834045 -0.0491944609292042 -0.061135580106161)
(-0 -0.00735162540960054 5.15564637855167 0.0623164212976988 -0.0585684946984714 -0.063322407661666)
(-0 -0.0507302255641335 5.04694956440804 0.0581072559305183 -0.063379885606081 -0.0590178351995408)
(-8.49820429995365e-17 -0.0871409979701917 4.96374228287804 0.0478873538674474 -0.0627080891728452 -0.0485997765828707)
(-8.99569227164875e-17 -0.10870650535757 4.87405481670726 0.032663446915826 -0.0553843868471246 -0.0329145739075873)
(-0 -0.108371032156313 4.76647923891027 0.0147538581736839 -0.0426037618569924 -0.0146669489685421)
(-0 -0.0886389707303483 4.64448568577308 -0.00372049852566826 -0.0269294561092165 0.00391639212200524)
(1.06101922295526e-16 -0.0514294689883091 4.49672558574845 -0.0218338878615877 -0.0111958353720382 0.0220779207530501)
(-0 0.00319962237653896 4.31908057326139 -0.0387738647633961 0.00284696546359631 0.0391571023258302)
(1.16981349619377e-16 0.0727655867248371 4.1062150938402 -0.0532273367586013 0.0141912277499102 0.053788282833276)
(-0 0.152755430633229 3.85647746289064 -0.0637054313907516 0.0225460870781134 0.0642857001788429)
(-0 0.237077356740427 3.57215842000717 -0.0694843232377334 0.027854580924349 0.0699820336484934)
(-0 0.31915174875646 3.26061653364881 -0.0707110564790285 0.0305252308180274 0.0711115504114164)
(-1.29187449834162e-16 0.392807605753562 2.92901932626003 -0.067972836938997 0.0311931950764447 0.0682497359153875)
(-0 0.452331204486305 2.58588446387118 -0.0621113572270854 0.0304404044268905 0.0622880882797474)
(-0 0.493080200745974 2.23888929033382 -0.0540652480917779 0.0287724579646319 0.0541513426465099)
(-0 0.512487369194227 1.89857882914471 -0.0448033576439076 0.0264664340356444 0.0448137568200609)
(-0 0.510322037976577 1.57545158135698 -0.0352676419112267 0.0236724062454539 0.0352162650160989)
(-0 0.488909464579633 1.27860388341261 -0.0262808362353471 0.0205061490980541 0.0261770400554167)
(-0 0.452300139745513 1.01486884443753 -0.0184539322104235 0.0171242701058544 0.0183219882317748)
(-0 0.405154313628547 0.787206827901007 -0.0121246837311633 0.0137242098399786 0.0119773227643971)
(-1.07098733279109e-17 0.351934837520931 0.596016712860243 -0.00736504172570342 0.0105224540685538 0.00722657879964093)
(-0 0.296337413191654 0.439224601650915 -0.00404705016785652 0.00769365074364023 0.00392871370810379)
(-0 0.241348776621578 0.31378120774226 -0.00192032324854912 0.00534981877677874 0.00182711956798406)
(-0 0.189525090768286 0.216302427675035 -0.000688089576884059 0.0035301225267448 0.00062235608766241)
(2.71416629591954e-18 0.142985779701395 0.143175439843898 -6.748805684845e-05 0.00220528808571594 2.33668239892701e-05)
(-0 0.103445269070879 0.0907878753760344 0.000179673416330016 0.00130405112460189 -0.000207368200131211)
(-0 0.0718309399487145 0.055148262711977 0.000230392344091147 0.000730924081824902 -0.000246740564487966)
(-0 0.0480259373789928 0.0321742483792933 0.000197846980924806 0.000389189415516033 -0.000206927165220446)
(-0 0.0310412541009768 0.0180959176638145 0.000143238564243978 0.000197031601450934 -0.000148188879746634)
(-0 0.019480285753464 0.00984580116298381 9.36847232363764e-05 9.46021158513099e-05 -9.62854812762058e-05)
(-8.79570248276945e-20 0.0118974284068523 0.00519095054680419 5.69872587533076e-05 4.2680511665866e-05 -5.82885856644648e-05)
(-0 0.00707178251648373 0.00265053920202187 3.26289866427391e-05 1.77049596135072e-05 -3.32855364431133e-05)
(-0 0.00408389244273233 0.00130655157179592 1.76931501975265e-05 6.42655362003538e-06 -1.80070627457155e-05)
(-0 0.00228068012096914 0.000617932092227707 9.07396112104813e-06 1.76476052577796e-06 -9.21335669154836e-06)
(-0 0.00122197684608924 0.000277736059425531 4.36792240378778e-06 1.08317773299172e-07 -4.42958960211655e-06)
(-0 0.000621639801184156 0.000117066932128125 1.95258638078235e-06 -3.09126845136926e-07 -1.97882173735148e-06)
(-0 0.000295675225792155 4.53575616877053e-05 7.96991658868403e-07 -2.95057046099807e-07 -8.0622565240696e-07)
(-0 0.000128324288015684 1.56807075389236e-05 2.88238708985191e-07 -1.82244153660178e-07 -2.91176408134726e-07)
(8.87483146908286e-23 4.90090261155919e-05 4.61867950497485e-06 8.83466277215286e-08 -8.69546175056459e-08 -8.90817787327659e-08)
(-0 1.54539749515385e-05 1.07041781851935e-06 2.11877964674202e-08 -3.19272901234483e-08 -2.13414058015615e-08)
(-0 3.57715296462566e-06 1.67387987441227e-07 3.4183202797135e-09 -8.24301822547228e-09 -3.43487631354494e-09)
(-0 4.60604961990735e-07 1.22791195516701e-08 2.58898904306064e-10 -1.15060569622785e-09 -2.58420014531083e-10)
(-3.6738100163491e-27 1.13766663279059e-08 9.73124590888119e-11 2.61059268825693e-12 -2.99777486595632e-11 -2.0936963442031e-12)
(-0 0.016226912062468 4.81116060333457 0.0221634360493898 -0.00585160801355531 -0.0211289899288969)
(-0 0.0425932678259424 4.72328970290191 0.0281298134076935 -0.0189432328855436 -0.0273890035688065)
(-0 0.0485516972614848 4.56140981861474 0.0369570218833057 -0.0317809987446893 -0.0374663718863287)
(-0 0.0302105744742713 4.38908493854561 0.043627652547006 -0.043972756520461 -0.0444122777956325)
(-0 -0.000319122777308698 4.23292006480439 0.0454401079431216 -0.0536743736023313 -0.0461735642366502)
(-0 -0.0305864687690564 4.1148117919333 0.0427319805524843 -0.0601178497653031 -0.0433442920639525)
(-0 -0.0561575733630755 4.02713311759264 0.0360237718459232 -0.0623496431610632 -0.0365532302432228)
(-0 -0.0716202907000008 3.94071143284466 0.0259027973718363 -0.0590610189249629 -0.0261220992187822)
(-7.76999710046388e-17 -0.072144285142561 3.84610099376495 0.0137826737288623 -0.0510537947743444 -0.0138079831990611)
(-0 -0.0594120310030425 3.74603628460776 0.000919581539121478 -0.0403347568191566 -0.000861841553273651)
(-0 -0.0344480839217776 3.62693567947858 -0.0121581822988534 -0.0288351184209453 0.0122636850593738)
(-0 0.00290560558530382 3.48284616271957 -0.0248077268695208 -0.0178850088900403 0.0250430513542393)
(-0 0.0509969387487086 3.30619015851607 -0.0359476342521604 -0.00818781836746684 0.0363376492290215)
(-0 0.106289948423946 3.09492499114968 -0.0443174343768662 -0.00024119405110731 0.0447270747664124)
(-0 0.164202573822466 2.85193219368137 -0.0492827178027747 0.00569258503063842 0.0496549832235851)
(-0 0.219804850955233 2.58404828922927 -0.0508241144701182 0.00970258850575478 0.0511398250271345)
(5.19266410980446e-17 0.268525652476447 2.29921378117381 -0.0492799161455823 0.0121124402634873 0.0495175591186783)
(-0 0.306151450901735 2.0055490065778 -0.0452245365445872 0.0133060629911589 0.0453849713005901)
(-0 0.329654809266915 1.71249557503308 -0.0393843412575469 0.0136037230161691 0.0394802664121764)
(-0 0.337799020959337 1.42972135347354 -0.032559251949501 0.013214329172155 0.032593455305504)
(-0 0.331130823589058 1.1666975529904 -0.0255271642818115 0.0122671363021849 0.0255066223349914)
(-0 0.312164061484068 0.931157086006181 -0.0189581358760442 0.0108871083030503 0.0189013856779416)
(-0 0.284321953396941 0.727379234168559 -0.0133173220379253 0.00922631294197493 0.0132356400403274)
(-0 0.251298584228867 0.556710023199697 -0.00882660175422939 0.00746309028302894 0.00873563247213729)
(-0 0.216271454701268 0.417636545695202 -0.00549294941917506 0.00576523457664946 0.00540796411505498)
(-0 0.181473845602594 0.306749775842023 -0.00317879681912121 0.0042552995666498 0.00310605359614343)
(3.03144148895173e-18 0.148385824460365 0.220016648216437 -0.00167697076134647 0.00300201397970101 0.00162018413382527)
(-0 0.117873239423598 0.153443997349377 -0.000772320436401114 0.00202250542627552 0.000731327773731342)
(2.10011144281307e-18 0.0905935007793196 0.10349132123121 -0.000274799258271425 0.00129895540470057 0.000247188752884508)
(-0 0.06707480040344 0.0671476316155358 -3.4152375496507e-05 0.000793644967766109 1.6762433128707e-05)
(-0 0.0477049616713966 0.0417767843634694 5.88704753204048e-05 0.000460561814025497 -6.92581867606339e-05)
(-0 0.0325970502671665 0.0249076214438677 7.77813075670817e-05 0.000253780725962846 -8.37144878644353e-05)
(-0 0.0214546514733217 0.0142581521558642 6.64745535499728e-05 0.000132800384627121 -6.97358694534156e-05)
(-0 0.0136518215978971 0.00786444940765971 4.76020937886698e-05 6.59477181401686e-05 -4.93305543408077e-05)
(7.61265498331002e-20 0.00842611431501189 0.00418780648988402 3.06697603391291e-05 3.09015068354868e-05 -3.15599763856185e-05)
(-0 0.00505187514056161 0.00215549020108051 1.82972017836828e-05 1.34947131784203e-05 -1.87382963410196e-05)
(-0 0.00293889488307673 0.00106985708796555 1.02285840562718e-05 5.3383000250271e-06 -1.04414458578596e-05)
(-0 0.00165259169932358 0.000509199146096635 5.3733434363137e-06 1.78840240884416e-06 -5.47077134065814e-06)
(-0 0.000891885517728651 0.000230266320497626 2.64121377154851e-06 4.04543051705459e-07 -2.68321805656608e-06)
(-0 0.000457115058624555 9.77150230227005e-05 1.20284489687663e-06 -3.72497358023728e-08 -1.21998213006115e-06)
(-0 0.000218965626525625 3.81104605211551e-05 4.98615672840421e-07 -1.16998125929781e-07 -5.04937007724196e-07)
(-0 9.57441712424381e-05 1.32624782862062e-05 1.8294954010819e-07 -8.75114004588389e-08 -1.84961278779761e-07)
(-0 3.68227443468864e-05 3.93321420036622e-06 5.67937895993166e-08 -4.5238048928199e-08 -5.73396332552212e-08)
(-0 1.16976266177541e-05 9.17151837020828e-07 1.3784649033536e-08 -1.73720058577951e-08 -1.38924111960042e-08)
(-0 2.72505545618654e-06 1.44357933523056e-07 2.24873589053062e-09 -4.60851777785232e-09 -2.26161585344092e-09)
(-0 3.52640945507212e-07 1.06398431720414e-08 1.71393352985466e-10 -6.53739591987227e-10 -1.71572250682702e-10)
(-0 8.95105345888426e-09 8.65005987005664e-11 1.78343170191022e-12 -1.76078812007306e-11 -1.43087562440962e-12)
(1.58572641632742e-16 0.0115093711252144 3.85833130466706 0.0150025631914771 -0.0046707556850997 -0.0143172337442648)
(-8.57229650944972e-17 0.0305071375369548 3.77547384601237 0.0191559262680034 -0.0153805337392505 -0.0185677234603606)
(-0 0.035303129193796 3.62204905942475 0.0254465666235999 -0.0262517403097598 -0.0258000969454916)
(-4.77589976904847e-17 0.0230823469897679 3.45709853447148 0.030214484590807 -0.0369816932869588 -0.0308085170814504)
(-0 0.0026329364213781 3.30704760614956 0.0315412666259092 -0.0458596385705355 -0.032041918362769)
(-0 -0.0174912474753737 3.19167824619017 0.0297998395862584 -0.0524555575531427 -0.0301946035663646)
(-5.52600462711603e-17 -0.0345247540147343 3.10684476134249 0.0255468289646992 -0.0559135377477386 -0.0259198322615594)
(-0 -0.0449796634084808 3.02751336460136 0.019107014664787 -0.0550932346852574 -0.0192758132287654)
(-0 -0.0457185251732698 2.94671430733722 0.0112537325841341 -0.0505178112247927 -0.0113254703836367)
(-0 -0.0378617630383999 2.86692638208341 0.00269633305472951 -0.0436774205668199 -0.00271154905628089)
(3.40305261736777e-17 -0.0218772909455614 2.77493938328647 -0.00628750621923243 -0.035772269681456 0.00631997418842032)
(3.5793801819078e-17 0.00241406878981753 2.66364027026223 -0.0152061005710435 -0.0276984361933743 0.015336332739286)
(-0 0.0338920248618849 2.52540348977168 -0.0232386823453464 -0.01993445440437 0.023486592006205)
(-0 0.0701693500858571 2.35757621669514 -0.0294600209700542 -0.0129551520164973 0.0297390516181572)
(3.97488624648286e-17 0.10800155630352 2.16349215497877 -0.0333501929066625 -0.00718879999279334 0.0336159101494589)
(-0 0.143964588073571 1.94850839354253 -0.0348078508537129 -0.00270197431427082 0.0350422383291716)
(-0 0.174780773507568 1.71991915889555 -0.0339932992560207 0.000595241864886998 0.0341837981640629)
(-0 0.197651469152204 1.48518287929817 -0.0312877294740363 0.00290534437932097 0.0314234611939046)
(-0 0.210656952897051 1.25313307070598 -0.0272247011132814 0.00439144424608344 0.0273126529433978)
(-0 0.213227645779052 1.03235167702015 -0.0224188164085837 0.00518583770345412 0.0224616753416166)
(1.71978168531165e-17 0.206254735554894 0.830457899778585 -0.017478284391462 0.00539364785246445 0.0174803125850292)
(-0 0.191704677628454 0.653137054664876 -0.0129073904595997 0.00512809382479549 0.0128798418504873)
(-0 0.172202970967183 0.503104956622327 -0.00903682772448017 0.00453252623149693 0.00898987337363132)
(-0 0.150384306333428 0.380412334458786 -0.00600253830567485 0.00376469801629819 0.00594944166561152)
(-5.7618928202554e-18 0.128248583174194 0.282795518276348 -0.00378087385985623 0.00296070309190318 0.00373065632022146)
(-0 0.107116785958715 0.206822729589343 -0.00225156649827441 0.00221850619781647 0.00220924239298845)
(2.19427595474786e-18 0.0877257298439055 0.148633666857437 -0.00125713212065001 0.00159156644191027 0.00122426003371732)
(-0 0.0703416200339386 0.104629719555263 -0.000645909302893647 0.00109587184127237 0.000622022216374134)
(-1.56415690851114e-18 0.0549907336258953 0.0717936547013387 -0.000293215202732562 0.000724055919226066 0.000277142492140475)
(-0 0.0416974469301388 0.0477143121144126 -0.000105310192014527 0.000457980940484246 9.49556295521833e-05)
(-4.99429379636688e-19 0.0305050414701467 0.030532192209244 -1.62616866503002e-05 0.00027640168447543 9.9199921735801e-06)
(-3.78049103109558e-19 0.0214547237078305 0.0187351858858527 1.798408254496e-05 0.000158627934279202 -2.17079328056007e-05)
(-0 0.0144998213040296 0.011010694954915 2.53217549879628e-05 8.63820026123911e-05 -2.74085684594202e-05)
(-0 0.00943180437829886 0.00620599498043947 2.17724274078555e-05 4.45509890116709e-05 -2.29137058014241e-05)
(-0 0.00592555072248528 0.00336296790879203 1.55098431569301e-05 2.16962841554965e-05 -1.61037604804425e-05)
(-0 0.00360310578585008 0.001754320596972 9.87267558856014e-06 9.89795335593978e-06 -1.016386778821e-05)
(-0 0.00212004555330081 0.000880073858130179 5.77062777916874e-06 4.1564739802594e-06 -5.91358104656574e-06)
(-0 0.00120400935379141 0.000422807813234538 3.1337799307244e-06 1.54811254873074e-06 -3.20185017939484e-06)
(2.50873453190352e-21 0.000656057883978447 0.000192954990821744 1.58318107002317e-06 4.65133053243673e-07 -1.61267363169922e-06)
(-0 0.000339277890101312 8.25375696232315e-05 7.37341661869743e-07 7.46719214131068e-08 -7.49316310801123e-07)
(-0 0.000163941879449454 3.24455725136924e-05 3.11407652931214e-07 -3.12127306304867e-08 -3.15968543091288e-07)
(-0 7.23138798063297e-05 1.13854788007293e-05 1.16203892085132e-07 -3.84451740191282e-08 -1.17703002234948e-07)
(-7.51462039968296e-23 2.80524244769103e-05 3.40136459525141e-06 3.66226749476857e-08 -2.27636464983148e-08 -3.70159947285074e-08)
(-0 8.98312631411967e-06 7.99098291729235e-07 9.01276844109136e-09 -9.30014720183132e-09 -9.08857447137108e-09)
(-0 2.10729510733444e-06 1.26576874985641e-07 1.48567801330376e-09 -2.55434022923356e-09 -1.49556149167111e-09)
(-0 2.75128782956648e-07 9.39105505452301e-09 1.14572884539012e-10 -3.7069011733372e-10 -1.14714935584342e-10)
(-1.66655204162505e-27 7.01290131783214e-09 7.67760989604934e-11 1.20223155860551e-12 -1.00830305471295e-11 -9.64921737565871e-13)
(-0 0.00770953271796489 2.93558429947501 0.00971170999417102 -0.00361322157482009 -0.00928242263658205)
(3.32848276520732e-17 0.0205779005251701 2.86439366910408 0.0124585608426538 -0.011901982736672 -0.0120256749093892)
(-0 0.0240695125120455 2.73145132387838 0.0167130692721399 -0.0205882930714994 -0.0169350053745576)
(-0 0.0162821916775053 2.58777870042261 0.0199416138153977 -0.0293572609569578 -0.0203720966465795)
(-0 0.00322223495368642 2.45667776683387 0.0208346889962597 -0.0368194223609485 -0.0211547623220139)
(-0 -0.00952265011400713 2.35455032819366 0.0197285334366859 -0.0426813950051088 -0.0199732282082709)
(-0 -0.0203049774210828 2.27955566335344 0.0171287157635325 -0.0462421949829296 -0.0173642115982452)
(-0 -0.0269785338917766 2.21142956955508 0.0131936932486191 -0.0466974503566381 -0.0133138138650304)
(-0 -0.0276405727445909 2.14562978739338 0.00832060175869723 -0.0443655291997066 -0.00840282312710591)
(-0 -0.022981763349427 2.08425600667983 0.00287943047725713 -0.0402721099668153 -0.00292222033734454)
(-0 -0.013227203060528 2.01601193175305 -0.00298842803137792 -0.0351118881012137 0.00297941501474879)
(-0 0.00179672703678391 1.93411111972886 -0.00893480506266487 -0.0294221214325834 0.0090071459136508)
(-0 0.0213968934491799 1.83185775750491 -0.0143862035857598 -0.0235298116757378 0.0145364459080819)
(-0 0.0440311620316751 1.70700193827063 -0.0187171679942295 -0.0178558836334438 0.0188941253127314)
(-0 0.0675819956867807 1.56173043970526 -0.0215409340027382 -0.0127874118222667 0.0217177294261204)
(-0 0.0897958562667688 1.40033517053953 -0.0227256459146426 -0.00850883359464548 0.0228894498814453)
(-0 0.10852332822564 1.22843730824681 -0.0223360198594324 -0.00505588771588264 0.022475155973394)
(-0 0.121940829959712 1.05259389737799 -0.0206066341304829 -0.00238132434799668 0.0207146463938398)
(-0 0.128947026419777 0.879776274041148 -0.0179109825776429 -0.000410104697335458 0.0179835371330006)
(-0 0.129279551647447 0.7170210291323 -0.0146900813803668 0.000919955847662357 0.014730167618346)
(-0 0.123671548170697 0.570105867574803 -0.0113853901215927 0.00168788703117607 0.0113965886573277)
(-0 0.113621632778521 0.442961823530009 -0.0083556608147752 0.00199466608637974 0.00834326414625763)
(-0 0.100897647580789 0.337265620041129 -0.00582185878422531 0.00196571960304453 0.0057972528852713)
(-0 0.0871801235945094 0.252362028221225 -0.00386296634752901 0.00173517849652772 0.00383432524688034)
(-0 0.0737189396394385 0.186044898641553 -0.00244711171982682 0.0014162458512565 0.00241938027398022)
(-0 0.0612561638047812 0.135377622418653 -0.00148143282946798 0.00108890919752597 0.00145776345308548)
(-0 0.0501443985212909 0.0972835169558933 -0.000855259287440995 0.000798457607106846 0.000837081654413966)
(-0 0.0404460731861438 0.0689217906203379 -0.000467209341419929 0.000562697480325345 0.000454152997937527)
(-0 0.0320554249823903 0.0479480789708239 -0.000237219969189325 0.000382318646069752 0.000228191164736313)
(-0 0.024841236531924 0.032574472959158 -0.000107706866430464 0.000250337094036551 0.000101817019580716)
(-0 0.018705286712286 0.0214558543363338 -3.96239330000349e-05 0.000157380620146356 3.59127770728494e-05)
(-0 0.0136002833963498 0.0136101825716101 -7.44343757343431e-06 9.44876677152175e-05 5.20154319057836e-06)
(1.11333287064708e-19 0.00950708655326921 0.00827298694865338 5.1093671677355e-06 5.38819460907615e-05 -6.40620639269809e-06)
(8.05983241272542e-20 0.00637916791874951 0.00480814612278643 8.02193370924092e-06 2.90546780264161e-05 -8.74704594184661e-06)
(-0 0.0041136675266248 0.00267374367860259 7.01705317903802e-06 1.47652269430572e-05 -7.40240797385217e-06)
(-3.76873675370818e-20 0.00255414230274253 0.00142355802924773 4.98092192240728e-06 7.02927871777596e-06 -5.17951784803312e-06)
(-0 0.00152849341660443 0.00072588098298817 3.1206788845607e-06 3.10170839295282e-06 -3.22035256978781e-06)
(-0 0.00088053257599633 0.000353480974874154 1.78001146662786e-06 1.24012442715177e-06 -1.826939430436e-06)
(-0 0.000485672710750823 0.000163205359106153 9.32081647366882e-07 4.2697324803557e-07 -9.52970428234007e-07)
(-0 0.000253984486169919 7.0530146182036e-05 4.46410410605422e-07 1.09703420973914e-07 -4.55135334909846e-07)
(-0 0.000124060477594541 2.80062686231667e-05 1.93083491683072e-07 7.27626638571773e-09 -1.96357233935586e-07)
(-0 5.52630278344403e-05 9.91574636482403e-06 7.34517266647057e-08 -1.37181932039494e-08 -7.45440248638376e-08)
(-0 2.16351634206196e-05 2.98718208054501e-06 2.35162239007075e-08 -1.07333002131503e-08 -2.38237865015538e-08)
(-0 6.99160152607868e-06 7.07284577575983e-07 5.86893975969802e-09 -4.83845934479673e-09 -5.93050105304036e-09)
(-0 1.65404019389727e-06 1.12962503010715e-07 9.79979189280312e-10 -1.39205249420698e-09 -9.88670734736473e-10)
(-0 2.17371630421643e-07 8.43084985912243e-09 7.62832780742703e-11 -2.06984414152321e-10 -7.65309726854975e-11)
(-0 5.60376869506006e-09 6.96462940477435e-11 8.10772446037165e-13 -5.73594450486548e-12 -6.52682522585142e-13)
(-0 0.00487686968898815 2.11922324264463 0.00600244530188398 -0.00267993804672821 -0.00574628771147126)
(-2.48397998533124e-17 0.0130798860286336 2.06256614112662 0.00772929372407623 -0.00877118886930782 -0.00743534711588896)
(-0 0.0154216193835019 1.95669226959288 0.0104658885569522 -0.0153255704617369 -0.0105962285099284)
(-0 0.0106858086807167 1.84174803395277 0.0125436390866746 -0.0220757874222524 -0.0128420190898877)
(-2.83559226099095e-17 0.00273082612298107 1.73680189994388 0.0131041756899544 -0.0279309502945378 -0.0132998527401257)
(-0 -0.00496734432394632 1.65414911084595 0.0124195983570375 -0.0326475257976738 -0.0125631744291848)
(-0 -0.0114653299959783 1.59335243882579 0.0108882475182081 -0.0357592421846954 -0.0110309548599266)
(-0 -0.0155070580457231 1.53901180432893 0.00857879748671518 -0.0367069551744993 -0.00866372975036108)
(-1.68969651039968e-17 -0.0159886290905636 1.48832860859377 0.00567799171723476 -0.0356740467660288 -0.0057524750774986)
(-0 -0.0133379796931489 1.4430706278209 0.00236824775853491 -0.0333651872666305 -0.00241528893386589)
(-1.87287593519093e-17 -0.00763710567034427 1.39448004122745 -0.00128239943970814 -0.0301356489252139 0.0012613449700142)
(-0 0.0012315080270214 1.33701421987785 -0.00504079201481787 -0.0262869558584433 0.00507535799246151)
(-0 0.0128640759303959 1.26548214695918 -0.00853910727773159 -0.0220441361426724 0.00862601616518625)
(-1.06312486410284e-17 0.0263219527596328 1.17780363944993 -0.0113765394848077 -0.017705864644702 0.0114798805723952)
(-0 0.0403078030665139 1.07548445943949 -0.013287816897125 -0.0136033089518104 0.0134017187852876)
(-0 0.0534508749384715 0.961526551590433 -0.0141590765516447 -0.00995608646306941 0.0142689251043979)
(-1.09110148471214e-17 0.0644153202475855 0.839879086201062 -0.0140004398056615 -0.00685073578766817 0.0140963618974423)
(-0 0.0720666313593017 0.715578879217743 -0.0129468658093819 -0.00432733104967832 0.0130252636856766)
(-0 0.0757589097446202 0.594011556673504 -0.0112426507238044 -0.00237693742665288 0.0112989082044846)
(-0 0.0753988654181224 0.480108284000355 -0.00918806608770229 -0.000966248016237708 0.00922031137255972)
(-0 0.0715132274772577 0.378282337601354 -0.0070829427829235 -4.69770516261322e-05 0.00709466071147235)
(-0 0.0651096370122837 0.291208387256363 -0.00516787694666305 0.000465779662844681 0.00516490509955319)
(3.61185368078234e-18 0.0572873628610251 0.219629772835782 -0.00358275522703454 0.000679115143046607 0.00357030972161139)
(-1.59795996333484e-18 0.0490620575003327 0.162911445310069 -0.0023714630525075 0.00069920502947489 0.00235626901647914)
(-0 0.0411673910310422 0.119225996655384 -0.00150581171806542 0.000617470699686321 0.00149079750389586)
(-0 0.0340301509294204 0.0863394016411117 -0.000920669166398062 0.000497601525659347 0.000907877577802677)
(1.06026020243296e-18 0.0278148641369433 0.0619610373898262 -0.000542907761108841 0.000377142704253544 0.000533071946077864)
(1.37221946702139e-18 0.0225082519593117 0.0440564701267358 -0.000308125946221351 0.000273362603583242 0.000301066851481412)
(-0 0.0180154215089987 0.0309663915738514 -0.00016695721384907 0.000191218784244393 0.000162097241009999)
(-0 0.014212132395616 0.0214214940547906 -8.48480514326604e-05 0.00012950242172502 8.16216541506438e-05)
(-0 0.0109863288286311 0.0144893049314061 -3.8983298438185e-05 8.47516443865931e-05 3.69131635367097e-05)
(1.11276989199266e-19 0.00826224501721065 0.00950689905867494 -1.48340337553594e-05 5.32961294015958e-05 1.35432771166601e-05)
(-0 0.00600034191198059 0.00600365693733477 -3.29906378473145e-06 3.19582225216946e-05 2.52185623477198e-06)
(-3.27279319723149e-20 0.00418480373108698 0.00362630712209099 1.30944754654948e-06 1.81327975057764e-05 -1.76109931432077e-06)
(-0 0.00279528003608615 0.00208813799443173 2.47781941226528e-06 9.67457783410476e-06 -2.72880140734271e-06)
(-0 0.00178807534368306 0.00114497844262918 2.21940619672654e-06 4.82524220876835e-06 -2.35379680186139e-06)
(-0 0.00109630099719966 0.000597841671415189 1.56924181688931e-06 2.23289438547663e-06 -1.63724049262786e-06)
(-3.43604520558028e-21 0.000643855214366814 0.000296602656686758 9.64441157535439e-07 9.44393401406643e-07 -9.97073612151907e-07)
(-0 0.00036076380752365 0.000138997573750077 5.31105074624165e-07 3.53928048954342e-07 -5.46127448593867e-07)
(-1.19935756582117e-21 0.000191288756402867 6.08610750907215e-05 2.64023735714657e-07 1.09437864342257e-07 -2.70431694205813e-07)
(-0 9.45828492601567e-05 2.44469345872955e-05 1.17482369002333e-07 2.20535249661634e-08 -1.19960132075858e-07)
(1.57495932402142e-22 4.26086024299921e-05 8.74519595293282e-06 4.57028352890517e-08 -1.83121777024286e-09 -4.6557015895974e-08)
(-0 1.68609974279022e-05 2.66119007791095e-06 1.49155604587036e-08 -4.43861505122664e-09 -1.51578993351875e-08)
(-1.20274860517189e-23 5.50248252707791e-06 6.35445592166492e-07 3.78086607138488e-09 -2.38931372475051e-09 -3.83019311707947e-09)
(-0 1.31358517223888e-06 1.02225299802819e-07 6.3931733656483e-10 -7.37323907391973e-10 -6.45927076963506e-10)
(-1.12859865230773e-25 1.73997978214287e-07 7.70198930800633e-09 5.02650517674755e-11 -1.13204066244914e-10 -5.06410807614842e-11)
(-0 4.5197719950936e-09 6.3976219646701e-11 5.38705273268411e-13 -3.18437500161239e-12 -4.3513084845331e-13)
(-0 0.00291272541294387 1.45337376333409 0.00354081974962343 -0.00189996466032353 -0.0033949556378386)
(-0 0.0078488429224129 1.41168128667909 0.00457591788075658 -0.00615558807403603 -0.00438866085473446)
(-0 0.00931259299726833 1.33358277513869 0.00624998614664149 -0.0108419662535642 -0.00632192067552621)
(-0 0.00656229977773062 1.24847993428098 0.00752257626668583 -0.0157595564681796 -0.0077240147124745)
(-0 0.00194034611403533 1.17079323904925 0.0078576451490706 -0.020096053818087 -0.00797055161938195)
(-0 -0.002498866896293 1.1090917666776 0.00744643748392195 -0.0236296126579246 -0.00752761891664673)
(-0 -0.00623370261645931 1.06354985784522 0.00657696252759968 -0.0260737866595238 -0.00666134756775844)
(-0 -0.0085649714872952 1.02320451376645 0.00527629434205252 -0.0270664152141508 -0.00533297849011767)
(-0 -0.00887910027665396 0.986452684165133 0.00362008568041822 -0.0267167829796009 -0.00367577493803825)
(-0 -0.00741935463525465 0.954550272469648 0.00169040478438262 -0.0254802057814381 -0.00172807570712959)
(-0 -0.00422894665796924 0.92143284716059 -0.000476059481094319 -0.0235375378863547 0.000460251386109695)
(-0 0.000786325377037531 0.8828531073167 -0.00273672815552509 -0.0210299789971861 0.002749737816477)
(-0 0.0073829534402206 0.835152127908499 -0.00486416252686834 -0.0180977808069043 0.00490971909068809)
(-0 0.0150176186542868 0.776745270663 -0.00661849444028055 -0.0149600046366622 0.00668206192918832)
(-0 0.0229732400630596 0.708574823810002 -0.00783731775991533 -0.0118758041777576 0.00790658382211525)
(-0 0.0304287079301907 0.632392465699352 -0.00842764196393259 -0.00902367284783833 0.00849786555582375)
(-0 0.0366038762149389 0.550953746262432 -0.00837997522006374 -0.00651912244017236 0.00844418422344591)
(-0 0.0408521146195355 0.46761867922772 -0.00776994626279951 -0.00442151488870963 0.00782248391263583)
(-0 0.0427604768246143 0.386216694128755 -0.0067433796879931 -0.00275990006812524 0.00678223674031336)
(-0 0.0423269554761203 0.310358744524863 -0.00549498190757202 -0.00152711376686767 0.00551886461822255)
(-0 0.0399115191765506 0.242923353278293 -0.0042179803118979 -0.000685320193608241 0.00422762050455898)
(-0 0.0360809124457718 0.185656761273841 -0.00306147202250792 -0.000169905652229799 0.00306147509600424)
(-0 0.031512542420436 0.13902240380483 -0.00211262846890683 0.00010215133954984 0.00210680278064339)
(-0 0.0267967259827079 0.102403500418558 -0.00139465482828687 0.000213069156664207 0.00138646312155717)
(-9.46007995573602e-19 0.0223478625510646 0.074504790788136 -0.000886315789128732 0.000231387328641947 0.000878198954065458)
(-0 0.0183892983830225 0.0537312751412112 -0.000545400258794843 0.000205576166710726 0.000538681422640155)
(-0 0.0149971884616911 0.0384943326937079 -0.000326289258644143 0.000164980244670322 0.000321125433183905)
(-0 0.0121559435234612 0.0274297207342701 -0.000190028691766488 0.000124510155668788 0.000186365388559203)
(-0 0.00979591737771034 0.0194174263273893 -0.00010741914233503 9.01600249535137e-05 0.000104861562033824)
(-0 0.00783385357432323 0.0136217286047039 -5.8416206977021e-05 6.32213597631726e-05 5.67160714370775e-05)
(9.65537208840876e-20 0.00618930795244899 0.00942075202208989 -3.00108220182407e-05 4.30203856862539e-05 2.89008863368099e-05)
(8.05238435274943e-20 0.00479954342946792 0.0063754724810259 -1.40617376507259e-05 2.83026613334769e-05 1.33464347131076e-05)
(-0 0.00362260624663304 0.00418463148535365 -5.5626039266912e-06 1.78642802142835e-05 5.11290014814169e-06)
(-0 0.00263814405897064 0.00263944591225098 -1.4276354857463e-06 1.07113712236928e-05 1.15644217702638e-06)
(-1.93129515542888e-20 0.00184026153050501 0.00158660898838658 2.72042302515383e-07 6.03951292499285e-06 -4.31625450202688e-07)
(-0 0.00122444701673415 0.000904811712948084 7.39151201914493e-07 3.176487766893e-06 -8.27270312843844e-07)
(-0 0.000775793889831102 0.00048798746761171 6.84106786299961e-07 1.54569410251001e-06 -7.30619794602755e-07)
(-3.09442111216872e-21 0.000467687087447528 0.000248387797707126 4.79582258778896e-07 6.88432396479368e-07 -5.02836851598313e-07)
(-9.5796635543065e-22 0.000267587781841716 0.000118768264490757 2.85978305065533e-07 2.75077706997336e-07 -2.96866745075384e-07)
(-0 0.000144323438348626 5.28548356127981e-05 1.49946078698964e-07 9.45421492747498e-08 -1.5461022642345e-07)
(-0 7.239064007608e-05 2.15110673362363e-05 6.9255029298466e-08 2.51428882781078e-08 -7.10849508928513e-08)
(-0 3.30294258357676e-05 7.78541145695307e-06 2.76951190300573e-08 3.2625482735239e-09 -2.83453839894701e-08)
(-0 1.32179844052686e-05 2.39509420866798e-06 9.22936502303212e-09 -1.27564094298181e-09 -9.42515678927995e-09)
(-0 4.35947398014402e-06 5.77508547055268e-07 2.37876687178262e-09 -1.07054132695277e-09 -2.42164054996884e-09)
(-0 1.05123250500002e-06 9.37051086977443e-08 4.07976361719962e-10 -3.71910232396501e-10 -4.13688812466511e-10)
(-0 1.40446416004093e-07 7.09724127618163e-09 3.24058373631658e-11 -5.9800559869106e-11 -3.26975236186556e-11)
(-0 3.67308788492674e-09 5.94317407858392e-11 3.49529684269047e-13 -1.71050902969515e-12 -2.83455545237748e-13)
(1.14218513108031e-17 0.00165047917717772 0.948835664798212 0.00199362392788858 -0.00128675591880217 -0.00191440399309297)
(-0 0.00445993295680839 0.920251221852656 0.00258548735939033 -0.00411852918405488 -0.00247329911117041)
(6.46171018147948e-18 0.00531522592195812 0.86647025378212 0.00356131625923909 -0.00731424321979841 -0.00359948317802388)
(-0 0.00379005573614595 0.807700084543328 0.00430360749247131 -0.0107146958458638 -0.00442807179967772)
(-0 0.00122670317634503 0.754098011422936 0.0044933703029344 -0.013754679794067 -0.0045562010718571)
(-0 -0.00121972248627582 0.71123355771724 0.00425696620907578 -0.0162491492088872 -0.0043013724807895)
(-7.44524825891787e-18 -0.00327086294541432 0.679439442325277 0.00378277377626462 -0.0180215033704938 -0.00382959112872456)
(-0 -0.00455352659194951 0.651422401487557 0.00307917727886335 -0.0188546410852736 -0.00311335869914832)
(-0 -0.00474085332075201 0.626295591440838 0.00217165036700691 -0.0188201927706599 -0.00220714060346087)
(4.23690205286405e-18 -0.0039637290178459 0.604882470915474 0.00109280992648775 -0.0181977613258462 -0.00111911553959048)
(-0 -0.00224623971435597 0.583199417125782 -0.000136156592327971 -0.0170619996234466 0.000122706545878834)
(-0 0.000463764270835953 0.558403629630955 -0.00142849571396439 -0.015483673120953 0.00143418661209345)
(-0 0.00404351307037852 0.527978689758498 -0.00265768912490127 -0.0135398292100018 0.00268209327536054)
(-0 0.00819767121047529 0.490918500375247 -0.0036887022256839 -0.0113901646108452 0.00372357054316335)
(-0 0.0125271139839035 0.447654452219002 -0.0044210447869078 -0.00920997826412861 0.00446121128173103)
(-0 0.0165886531796179 0.399176532879331 -0.00479415358114674 -0.00713558440806958 0.00483596120250073)
(-0 0.0199361803648171 0.347226198758395 -0.00479230693059174 -0.00527289468931006 0.00483206977710469)
(-0 0.0222046154640048 0.294019161905795 -0.00445397286678582 -0.00368691252619797 0.0044878700751192)
(-0 0.0231883506862246 0.242044069809656 -0.00386637861881461 -0.002411701957531 0.0038913145354839)
(-0 0.0228736195740852 0.193733868675682 -0.00314427162263821 -0.00145319609373959 0.00315992913551139)
(-1.02767026887816e-18 0.021465228772848 0.150913037818331 -0.00240458961521088 -0.000783152486952416 0.00241157298045066)
(9.24364915168904e-19 0.0193072704999658 0.114751675175817 -0.00173803948253679 -0.000356569834595143 0.00173890977830706)
(-0 0.0167717571140783 0.0854691291318524 -0.00119469970216566 -0.000111496478625346 0.00119201232576723)
(7.17407284202372e-19 0.014186072205582 0.0626424463820367 -0.000786784163687929 1.11129866825237e-05 0.000782642575410845)
(-0 0.0117755847708385 0.0453789967389057 -0.000500287785406574 6.02777377774344e-05 0.000496164393141867)
(-0 0.0096532388836351 0.0326176593496912 -0.000309301081556043 7.07922752294198e-05 0.000305848303108818)
(-0 0.00785928626713948 0.0233376430526278 -0.00018703465271502 6.4166217554052e-05 0.000184406689162971)
(-0 0.00637489435239247 0.0166504674619127 -0.000110988029425261 5.19314086017921e-05 0.000109111537813984)
(8.76457933512982e-20 0.0051619583100973 0.011852207322844 -6.46445690537478e-05 3.94990897713063e-05 6.33550235565871e-05)
(7.59224608261489e-20 0.00417102615504237 0.0084030273340923 -3.67899389302014e-05 2.88743667223271e-05 3.59195172747953e-05)
(-0 0.00335234463873107 0.00591456319556966 -2.02512824545564e-05 2.04589035702727e-05 1.96737299247725e-05)
(-0 0.00266725531981523 0.0041086946315882 -1.05827850889237e-05 1.40664456287549e-05 1.01992497341959e-05)
(2.35782724626719e-20 0.00208528596272468 0.00279391299760811 -5.07500193811619e-06 9.33501373917843e-06 4.82707227483058e-06)
(-1.93064112941063e-20 0.00158532317636756 0.00184013625954862 -2.08900906333139e-06 5.91867306081039e-06 1.93027465122304e-06)
(-0 0.00116040708329921 0.00116096785309083 -6.04387874204075e-07 3.5436468696048e-06 5.07666823989765e-07)
(-0 0.000809944653262905 0.000694197599795603 2.37247578195133e-08 1.97855665499574e-06 -7.99197210049077e-08)
(-0 0.000535592782186862 0.000390649767836177 2.07882153502533e-07 1.01881918522255e-06 -2.3908056423665e-07)
(1.37942001275287e-21 0.000334489182669866 0.000205877621309746 2.01523852875214e-07 4.78930858488139e-07 -2.17598966315106e-07)
(-0 0.00019671416010322 0.000101133670009395 1.39207160563797e-07 2.02496969103541e-07 -1.46953694460678e-07)
(-0 0.000108367236683491 4.59362241186996e-05 7.93831534226332e-08 7.49381989067489e-08 -8.28285500063254e-08)
(-0 5.5282238810356e-05 1.89974999109551e-05 3.8679499140461e-08 2.28681276700975e-08 -4.00851920739562e-08)
(-0 2.55948035639944e-05 6.96997793110367e-06 1.60639859973205e-08 4.87741987028095e-09 -1.65597284248157e-08)
(-0 1.03727149268173e-05 2.16771106257254e-06 5.49542249608748e-09 1.76278670525963e-10 -5.64455177850034e-09)
(-0 3.4600722556418e-06 5.28537184936339e-07 1.44359582449975e-09 -3.90704882677e-10 -1.47865595810402e-09)
(-0 8.42533773343009e-07 8.65191428377387e-08 2.50978249052853e-10 -1.72441936327831e-10 -2.56003898704023e-10)
(-0 1.13823193067283e-07 6.61642862949582e-09 2.01796196090265e-11 -2.99898216404744e-11 -2.04523015821591e-11)
(-0 2.98259635579581e-09 5.54892632416981e-11 2.1838120706215e-13 -8.75366874429101e-13 -1.77498922285328e-13)
(-0 0.000887203263224071 0.590744847003478 0.00107063926224026 -0.000828664399317934 -0.00103004905613823)
(-0 0.00240194249476361 0.57226492766252 0.0013933776319102 -0.00262871536123551 -0.0013299373617763)
(-0 0.00287217027721121 0.537510494351101 0.00193474095767807 -0.00470001120432694 -0.00195272094764012)
(-0 0.00206534475552606 0.499370199329568 0.00234758452024317 -0.00694447416878983 -0.00242082822352407)
(-4.56930126047466e-18 0.000708354602177739 0.464638831821367 0.00245015789246367 -0.00897487884702217 -0.00248331402963168)
(-4.71470367557355e-18 -0.000579738227834835 0.436727708586422 0.00231966641845113 -0.0106378025181605 -0.00234319941139382)
(-4.89868124683753e-18 -0.00165544802833694 0.415920597999224 0.00207174651915738 -0.0118408379936923 -0.00209623814688118)
(-0 -0.00232934620343312 0.397617157305912 0.00170696156161852 -0.0124612372951666 -0.00172732956358052)
(-5.29416586953431e-18 -0.00243343839057323 0.381397089846469 0.00122988817875468 -0.0125459300183459 -0.00125155086110689)
(-0 -0.00203489433007911 0.36770917246408 0.000652659708983886 -0.0122508498023119 -0.000670003782171102)
(-2.91475080010288e-18 -0.00114745300622732 0.354106416527626 -1.24939067412357e-05 -0.0116035173174721 4.12048769498477e-06)
(-0 0.00025789480544621 0.338809040130844 -0.000717003142025418 -0.0106423658747578 0.00071946897125952)
(-3.19244092017767e-18 0.00211754350529806 0.320258582624262 -0.00139246858133957 -0.00941327386637559 0.0014042789536231)
(-0 0.00427906544211622 0.297750526274209 -0.00196666165507006 -0.00801065037420006 0.00198458352965217)
(-0 0.00653540477385075 0.271484771982612 -0.00238286569641777 -0.00655152692451188 0.00240520571708458)
(-1.70386211407178e-18 0.00865142427819397 0.242015408435858 -0.00260312584924024 -0.00513680183275412 0.00262742692599898)
(-0 0.0103951311671834 0.210348722801837 -0.00261531075370007 -0.00384401080720628 0.00263896295969102)
(-0 0.0115700277926952 0.177884518167201 -0.00243736404040077 -0.0027320765696849 0.00245747845720904)
(-0 0.0120635624116858 0.146151573434765 -0.00211683437114793 -0.00182924322130073 0.00213179099502363)
(-7.31162169932706e-19 0.0118666155631329 0.116646116856623 -0.00171862901368664 -0.00114389566792121 0.00172820267563058)
(6.68211820068994e-19 0.0111058351074013 0.0906014103852063 -0.0013110103764208 -0.000660633063268787 0.00131552004994979)
(-0 0.00995288866437832 0.0686403970294227 -0.000944421385210834 -0.000345471995553781 0.000945231019608805)
(-0 0.00861131234268532 0.0509409075105681 -0.000647089903942919 -0.00015699641004459 0.000645897988842243)
(4.62270914847045e-19 0.00725706076816478 0.0372089197841142 -0.000425428359840718 -5.48260046649544e-05 0.000423430688173586)
(-0 0.0060031304789267 0.0268749726814344 -0.0002706587506293 -5.53288920480668e-06 0.00026861349961654)
(-0 0.00490886095297782 0.0192766875184795 -0.000168008189808018 1.43891607636786e-05 0.00016627993208337)
(-0 0.00399159269106387 0.0137850635052347 -0.000102487924220676 1.97100068190186e-05 0.000101199644475556)
(-0 0.00324150119964631 0.00984961133163079 -6.17314800974551e-05 1.8716769287785e-05 6.07950509542854e-05)
(-0 0.00263515720128106 0.00704312678778433 -3.677755705009e-05 1.55521661146603e-05 3.61491177227037e-05)
(-0 0.00214598029646464 0.00503611053839913 -2.16307506060166e-05 1.20801805141145e-05 2.12004429476224e-05)
(-0 0.00174809472291315 0.0035938423917329 -1.24827633145788e-05 8.9941295373007e-06 1.21879422876862e-05)
(-1.88158903941345e-20 0.00141995055213282 0.00255018920277244 -6.98864015783601e-06 6.48090525356953e-06 6.79162837425529e-06)
(-0 0.00114317455911489 0.00178659072052008 -3.72384220873299e-06 4.51837885366373e-06 3.59179421924238e-06)
(-0 0.000903951786917349 0.00122387763354677 -1.82908451817123e-06 3.02645757740301e-06 1.74143233916215e-06)
(-0 0.000693770970860062 0.000809932564443324 -7.80742609508844e-07 1.92542435736082e-06 7.24988747288036e-07)
(-4.54112515344551e-21 0.000510272419363998 0.000510437234395326 -2.49134030808145e-07 1.14626768513451e-06 2.14351972698241e-07)
(-1.70505072053559e-21 0.00035543695712404 0.000302487725989572 -1.8841722370465e-08 6.29431884110096e-07 -1.23045946516151e-09)
(-1.20250957967973e-21 0.000232355413516704 0.000166804136142776 5.25655454013273e-08 3.14266012850744e-07 -6.3434777714031e-08)
(-0 0.000141765041300635 8.49512640243539e-05 5.49632782164549e-08 1.40711198564207e-07 -6.04032329422314e-08)
(4.84726884475969e-22 8.03034679085514e-05 3.96500847804999e-05 3.70915452299085e-08 5.53955166250513e-08 -3.95858846791044e-08)
(1.36549956559693e-22 4.18481477992861e-05 1.67358021009715e-05 1.98114408392577e-08 1.84609224085753e-08 -2.0840297481494e-08)
(-0 1.96968892689213e-05 6.2377375444954e-06 8.69619413780504e-09 4.77728898629008e-09 -9.07048139242714e-09)
(1.54761135678428e-23 8.09439673620001e-06 1.96441766412136e-06 3.08366773210777e-09 7.20401506932872e-10 -3.19785628774723e-09)
(-5.66355672820117e-24 2.73289809778075e-06 4.84366266776134e-07 8.29358399341745e-10 -6.6606956961744e-11 -8.56931840248494e-10)
(-0 6.73109782838246e-07 8.00563616651831e-08 1.46521835602187e-10 -6.92813218924974e-11 -1.50644903053909e-10)
(-0 9.16658198789069e-08 6.18108006161691e-09 1.1876112940923e-11 -1.38601312291554e-11 -1.21613207969804e-11)
(-0 2.44166544769061e-09 5.24521025408283e-11 1.30048585770644e-13 -4.24372922065098e-13 -1.06544992526828e-13)
(-0 0.000451299561120828 0.35077463435463 0.000547336068732036 -0.000508667927091707 -0.00052739624833401)
(-0 0.00122501103618957 0.339535314431134 0.000714898981773364 -0.00159974894103696 -0.000680647897183086)
(-0 0.00146882378499432 0.318341184992002 0.00100010786845876 -0.00288059630141492 -0.0010079737425074)
(-0 0.00106197096632434 0.295014562226739 0.00121770627245733 -0.00429195233243756 -0.00125856502203883)
(1.45209567173599e-18 0.000378350605339595 0.273799875353978 0.00127064120401377 -0.00558064684968206 -0.00128767163072807)
(-0 -0.000267997460378432 0.256684819738763 0.00120260559754782 -0.00663127645080503 -0.00121431480309225)
(-0 -0.000806434308565301 0.24384822045452 0.00107853617961394 -0.00740357653806995 -0.00109054489960326)
(-0 -0.00114327819737797 0.232567918802604 0.00089728272470965 -0.0078255778763644 -0.00090919057690211)
(-0 -0.00119714648988021 0.222669177542652 0.00065782924816354 -0.00793042764394164 -0.000670317538752956)
(-0 -0.00100121825329236 0.21434828665325 0.0003634190434643 -0.00780055799620891 -0.000373224059263193)
(-0 -0.000561743730493769 0.20619775151067 2.02630797251907e-05 -0.00744382133539505 -2.49155176217961e-05)
(-9.63794338398193e-19 0.000135102458471539 0.197158067010093 -0.000345149687164819 -0.00687919120732853 0.000345981491103076)
(-0 0.00105808637461209 0.186305234145093 -0.000697495918544396 -0.00613264922674189 0.000703016896146158)
(-0 0.00213164169377629 0.173211267660842 -0.00100025761288086 -0.00526144345364784 0.00100987855161045)
(-0 0.00325440441251071 0.157949646218616 -0.00122366172716204 -0.00433836896150345 0.00123566566501799)
(-0 0.00430865246313903 0.140803729815138 -0.00134590928319674 -0.00342857694648576 0.00135918312973304)
(-0 0.00517781653537438 0.122359580767465 -0.00135857291994115 -0.00258808221915224 0.00137138724969482)
(-0 0.00575945260339099 0.103391153346399 -0.00126929974084044 -0.00185636100690817 0.00128060353307039)
(-0 0.00599783738369502 0.0848550800469288 -0.00110299342080027 -0.00126003140906415 0.00111171109825011)
(-0 0.0058943208237702 0.0676120050288343 -0.000895015159563984 -0.000804023953986397 0.000900390821937709)
(-4.19891419072043e-19 0.00550458328001671 0.0524143495994335 -0.000681328924734939 -0.000480790517706604 0.00068401778643454)
(-0 0.00492006525553799 0.0396160110154255 -0.000489474514943192 -0.000266900206986607 0.000490040796574765)
(-0 0.00424707951868858 0.0293404736270738 -0.000334681703087231 -0.000136317122435352 0.00033418975793883)
(-0 0.00357042506036233 0.021385193112325 -0.000219780669559527 -6.23472566656838e-05 0.000218827881396461)
(-0 0.00294730577663446 0.0154224918571555 -0.000139953090583952 -2.37527134844597e-05 0.000138979898597432)
(-0 0.00240689853086916 0.0110530567790097 -8.72197372640313e-05 -5.37908849947317e-06 8.63822999588136e-05)
(-0 0.00195693467589433 0.00790697647597498 -5.36233245919975e-05 2.30098339591345e-06 5.30013850936965e-05)
(-0 0.00159149530584668 0.00566195703034669 -3.27078181171724e-05 4.80961358838834e-06 3.2267953245549e-05)
(-0 0.00129860959042443 0.0040657576876396 -1.98464727371583e-05 5.04018207855238e-06 1.95455919541197e-05)
(-0 0.00106460130435992 0.00292903400936977 -1.19731304513475e-05 4.40717730053717e-06 1.17684357000416e-05)
(-0 0.000876915263026963 0.00211474043576625 -7.15406458522372e-06 3.54614681217808e-06 7.01306733895562e-06)
(-0 0.000724108058926761 0.00152607670756699 -4.20113740218551e-06 2.71383806787173e-06 4.10473504064577e-06)
(-0 0.000596785138738885 0.001095120912802 -2.39502313924117e-06 1.99701549831858e-06 2.32840464535174e-06)
(-0 0.000487426101227888 0.000775319225440459 -1.30051224495397e-06 1.41310889132093e-06 1.25471872523269e-06)
(-0 0.000390362805437896 0.000535483781920991 -6.52771482206193e-07 9.54089225745031e-07 6.22051002949602e-07)
(-0 0.000302351260459833 0.000355438128064733 -2.87495977462556e-07 6.06628626666216e-07 2.67508066445903e-07)
(-0 0.000222908495777977 0.000222951204244745 -9.90845324118974e-08 3.56984300847805e-07 8.68351582389996e-08)
(-0 0.000154054230679959 0.000129953609688925 -1.61341269398837e-08 1.90877638941681e-07 9.11060802396808e-09)
(-6.96172733496821e-22 9.86497929692634e-05 6.94356846943669e-05 1.07163761001328e-08 9.11364884302172e-08 -1.43733603851363e-08)
(-0 5.8029201210864e-05 3.36257578989485e-05 1.32075228025943e-08 3.81381433177896e-08 -1.49402925367144e-08)
(-0 3.10837905322312e-05 1.45825078440242e-05 8.64662540297127e-09 1.3617481197683e-08 -9.38364375373267e-09)
(-0 1.49296814710175e-05 5.53807516002787e-06 4.20103205951367e-09 3.92906792591999e-09 -4.47522753928986e-09)
(-0 6.23494967286588e-06 1.77030359489165e-06 1.57951608823155e-09 8.01894539926825e-10 -1.66391259034079e-09)
(-0 2.13278166791407e-06 4.41493190734217e-07 4.39417453797004e-10 6.41763464000726e-11 -4.59995763651402e-10)
(-0 5.31642264681658e-07 7.37694002586516e-08 7.91408537556342e-11 -1.98418247829997e-11 -8.23966659752565e-11)
(-0 7.32898069601996e-08 5.74677563164556e-09 6.50109993892229e-12 -5.70217480659518e-12 -6.71217905334972e-12)
(-0 1.96259713645692e-09 4.9020743490648e-11 7.12143515581532e-14 -1.88031333517908e-13 -5.86768772263742e-14)
(-0 0.00021740639595652 0.198302301076702 0.000265114813005279 -0.000296728716743449 -0.000255904949699947)
(-0 0.000590375001402129 0.191850636745752 0.000347496328060101 -0.000926729063791929 -0.000330173164104109)
(-0 0.000708918424712602 0.179654657658708 0.000489484651994201 -0.00168081794248061 -0.000493009408018886)
(-0 0.000514532206692527 0.166180596473817 0.00059810118246326 -0.00252296270520442 -0.000619420684195928)
(-0 0.00018788254577368 0.153945761177714 0.000624121808903491 -0.00329796567845587 -0.000632199629087047)
(-0 -0.000119909435033043 0.144042315749517 0.000590211529308533 -0.0039290312648824 -0.000595867863454973)
(-0 -0.000375699940040736 0.136580316513668 0.000531237845720126 -0.00439651936708952 -0.000536938870541731)
(-0 -0.000535557307648199 0.130022190524907 0.000445803513659677 -0.00466383101329127 -0.000451818375900374)
(5.06963786612947e-19 -0.000561682549182867 0.124300736134118 0.000331439970814586 -0.00474899128989132 -0.000338098404861893)
(-0 -0.000469707746357406 0.119504930719961 0.000188824192625784 -0.00469779829447394 -0.000194036933003814)
(-0 -0.000262586350188627 0.114851750585402 2.11450442112328e-05 -0.00450886039420381 -2.37740931876445e-05)
(-0 6.61670592545646e-05 0.109748423055218 -0.00015825054265747 -0.00419021298226456 0.000158190293208922)
(-0 0.000501891214110153 0.103678956729807 -0.00033214045738949 -0.00375713998601321 0.000334747581306977)
(-0 0.00100936640645086 0.0963957889473504 -0.000483089163421216 -0.00324273708224123 0.0004877939967319)
(-0 0.00154045998722763 0.0879170380136289 -0.000596010280737288 -0.00269003261803808 0.000601965969874655)
(-0 0.00203989565097425 0.0783822058680722 -0.000659505055600245 -0.00213793886144395 0.000666188901559832)
(-3.22660321917334e-19 0.00245053767607307 0.0681097382555273 -0.000668302708680432 -0.00162277481294878 0.000675036354521568)
(-0 0.0027257716157847 0.0575359886026572 -0.000625978921101992 -0.00117139174157769 0.0006319633149217)
(-0 0.00283673795549334 0.0471880188078959 -0.000544424873283937 -0.000801554265697643 0.000549056851940182)
(-0 0.00278491747028539 0.0375762475003703 -0.00044154487922768 -0.000518363089817065 0.000444557732785775)
(1.2689326047949e-19 0.00259787682178699 0.0290938676313233 -0.000335696777766567 -0.000316125533096263 0.00033714541623755)
(-0 0.00231932044868812 0.021967340108648 -0.000240775788145356 -0.000181465979132235 0.000241122665958796)
(-0 0.00199916748212709 0.016251765040393 -0.000164385673006887 -9.80273258248511e-05 0.000164190335595631)
(-0 0.00167842462181534 0.0118341063988596 -0.000107889659596871 -4.94873280011935e-05 0.00010743371737832)
(-0 0.00138425360391809 0.00853070438485286 -6.87925087542698e-05 -2.30800187865212e-05 6.83382895103348e-05)
(-0 0.00113020854800291 0.0061166191186011 -4.30448491418813e-05 -9.54434765114562e-06 4.2665051971812e-05)
(-2.81199586238016e-20 0.000919656789886093 0.00438143574300684 -2.66623350637039e-05 -3.05223412183789e-06 2.63766124153328e-05)
(-0 0.000749556367086771 0.00314612950404079 -1.64482032568608e-05 -1.84121627327768e-07 1.62449907542549e-05)
(-1.07237742192529e-20 0.000614110200096151 0.00226996326264518 -1.01390802060713e-05 9.16839770615439e-07 1.00025176530974e-05)
(-0 0.000506731255151248 0.00164673742550499 -6.24559501440204e-06 1.2110352623463e-06 6.15147394021257e-06)
(-0 0.000421269286356114 0.0012009783619574 -3.83376974741019e-06 1.16126935502566e-06 3.76894919048431e-06)
(-0 0.000352525232501723 0.000878923337804219 -2.33205933331517e-06 9.85897447472927e-07 2.28674497885466e-06)
(-0 0.000296021820079095 0.000643038889932711 -1.39349684421491e-06 7.82053947172203e-07 1.36161963373417e-06)
(-3.09220375654128e-21 0.000248116372425308 0.000467329161327627 -8.07461702085374e-07 5.89753292465394e-07 7.84669003750025e-07)
(1.37873127663005e-21 0.000205693278609837 0.000334302165597071 -4.45341567385282e-07 4.23325320489216e-07 4.29410196391394e-07)
(-0 0.000166691595877247 0.000232322142961632 -2.27289797783434e-07 2.8719254273537e-07 2.16548071415058e-07)
(-0 0.000129915669061259 0.000154061487290129 -1.02497519638399e-07 1.81464190753972e-07 9.5533553219343e-08)
(-0 9.54842141914955e-05 9.54905561755363e-05 -3.74286043961012e-08 1.04596818472085e-07 3.32088921788665e-08)
(-0 6.49145414691267e-05 5.41649433466243e-05 -8.49486068837963e-09 5.3778647674644e-08 6.17148729477648e-09)
(-0 4.018687002834e-05 2.75935462839142e-05 1.15734590240056e-09 2.41072576984544e-08 -2.30334045227989e-09)
(-0 2.23657605329619e-05 1.24179148420093e-05 2.55736555585739e-09 9.19053461735824e-09 -3.06324152791421e-09)
(-0 1.10353480953206e-05 4.84175726824752e-06 1.63437420203972e-09 2.86856247547234e-09 -1.82815646404159e-09)
(-0 4.69927944510926e-06 1.57666660237843e-06 6.94314319281434e-10 6.76404199028335e-10 -7.54803085337094e-10)
(-0 1.63256373363773e-06 3.98154807041558e-07 2.05570792722259e-10 9.62980883014175e-11 -2.20294175568329e-10)
(-0 4.12321641282901e-07 6.73594909717556e-08 3.8227209728068e-11 5.33613055831005e-13 -4.06028221383287e-11)
(2.76192807380808e-26 5.74927986606137e-08 5.29649781184358e-09 3.17880526532432e-12 -1.92335635189369e-12 -3.33432874620345e-12)
(-0 1.56125375957698e-09 4.5805259933607e-11 3.50637411430947e-14 -7.65505399530794e-14 -2.92484037533612e-14)
(-0 9.81505833724789e-05 0.106269392073624 0.000120778105206795 -0.000163894480911622 -0.000116838370438642)
(-0 0.000266890957782092 0.102770340064545 0.000158841615096208 -0.000508296434869212 -0.000150601802938228)
(-0 0.000320878407586919 0.0961557356933438 0.000225191212607092 -0.000928679511735856 -0.000226603923909302)
(-5.00659962190349e-19 0.00023341737879924 0.0888314321681208 0.000276009229311813 -0.00140341859704666 -0.000286450774099523)
(-0 8.6624075756296e-05 0.082183370373387 0.000287957792131969 -0.00184340457220186 -0.000291686358544628)
(-5.28003869456548e-19 -5.14266974213151e-05 0.076790388995 0.000272210400275825 -0.00220124939572409 -0.000274803277552608)
(-0 -0.00016584924174474 0.0727060658671287 0.000245766796357348 -0.00246711874931746 -0.000248334813236148)
(-0 -0.000237377303618802 0.0691166730332642 0.000207781620204963 -0.002624688467764 -0.00021073083669823)
(-0 -0.000249264035676084 0.0659969147049605 0.000156345669665098 -0.00268365477965612 -0.00015962298131117)
(-0 -0.000208293583732211 0.0633847625057819 9.12266453909361e-05 -0.00266643956247791 -9.3813936202587e-05)
(-0 -0.000116064154815338 0.0608685294355295 1.41425030225977e-05 -0.00257068491674917 -1.55139948002026e-05)
(-3.3667094015846e-19 3.03347171366398e-05 0.0581318645515708 -6.85938998248543e-05 -0.00239948004670221 6.84574723256214e-05)
(-3.51244734869017e-19 0.000224374962575663 0.0549066024368708 -0.00014914001326776 -0.00216120935032256 0.000150373468680584)
(-0 0.000450586619225787 0.0510517626532755 -0.000219680861674075 -0.00187434973199892 0.000221758470593626)
(-0 0.000687537020587472 0.0465654717003926 -0.000273095047003365 -0.00156157148880884 0.000275900868141147)
(-0 0.000910330169901432 0.0415201310737082 -0.000303752513755799 -0.00124622371907249 0.000307007451975491)
(-0 0.00109379143086185 0.0360799502525888 -0.000308982289675427 -0.000949612588784706 0.000312305811665278)
(-0 0.00121623316975647 0.0304770988252385 -0.000290039597953838 -0.000688559614633045 0.000293044654547719)
(-8.63184700504071e-20 0.00126563382898635 0.0249911406926647 -0.00025253644425445 -0.000473837622735544 0.000254851306569664)
(-0 0.0012421655215409 0.0198944067108302 -0.000204827147507747 -0.000309043311332068 0.00020630713661888)
(-0 0.00115778167771395 0.0153978642099946 -0.000155561356490862 -0.000190948372654454 0.000156317411675553)
(-0 0.00103320918385857 0.0116245285492324 -0.000111463261174754 -0.000111965245359054 0.000111684812049257)
(-0 0.000889972003328963 0.00859682864185002 -7.60253638289022e-05 -6.24442292968378e-05 7.59591933668994e-05)
(-2.5103712773375e-20 0.000746963841724326 0.00626191080172203 -4.9903279064664e-05 -3.31998166036746e-05 4.97169240674228e-05)
(-0 0.000616206565880333 0.0045161511848054 -3.18823061717318e-05 -1.68310221203939e-05 3.16757738547006e-05)
(-0 0.000503476493321935 0.00324236596974412 -2.00322511374388e-05 -8.0956153486405e-06 1.98663584728666e-05)
(-0 0.000410345582980959 0.00232786707140391 -1.24967503453114e-05 -3.61961346458522e-06 1.23738227682885e-05)
(-0 0.000335515387109205 0.00167773763927682 -7.79234482776305e-06 -1.41819218485947e-06 7.70631725758485e-06)
(-0 0.000276054313396215 0.00121650483166132 -4.87103618531317e-06 -3.85034500477547e-07 4.81236974682835e-06)
(-0 0.000229177139075029 0.000888785979205859 -3.05426090145819e-06 6.58259095121781e-08 3.01441375956619e-06)
(-0 0.000192244057250395 0.000654327265848362 -1.91722163606191e-06 2.34968088123868e-07 1.88885895703217e-06)
(-0 0.000162759909755256 0.000484747219417828 -1.1986988648313e-06 2.72355117288507e-07 1.17853388423211e-06)
(-0 0.000138730925398449 0.000360308922109318 -7.41344789519822e-07 2.51990755531826e-07 7.26840520425708e-07)
(-1.91456212731485e-21 0.000118619105913684 0.000267398502658096 -4.49361679985038e-07 2.09847819834075e-07 4.38894973514879e-07)
(-0 0.000101056085433574 0.000196593700205667 -2.6347987015649e-07 1.6276066624241e-07 2.55800028132954e-07)
(-0 8.49117276483653e-05 0.000141736069961255 -1.46733275023355e-07 1.1843571336602e-07 1.41419017742502e-07)
(-6.9606712650947e-22 6.94033376583211e-05 9.86343492540245e-05 -7.55785049953543e-08 8.03840845676978e-08 7.19499917832095e-08)
(-0 5.41538779028873e-05 6.49106211125285e-05 -3.45455317870031e-08 5.01017115960893e-08 3.22231975883585e-08)
(-0 3.93821933542625e-05 3.93830136911097e-05 -1.30746753235351e-08 2.79828355008483e-08 1.17312409995392e-08)
(-0 2.60156676911698e-05 2.14064120482314e-05 -3.53238838593893e-09 1.36018375708482e-08 2.81949963257895e-09)
(5.13485709921227e-23 1.52875086874575e-05 1.01673714311441e-05 -2.92539412637028e-10 5.58631936599338e-09 -3.69414401008719e-11)
(-0 7.84697169841745e-06 4.11770243348907e-06 3.26429612912964e-10 1.8739749208139e-09 -4.54239243499905e-10)
(-0 3.42778960967466e-06 1.37456953635628e-06 2.19920301976895e-10 4.84153143291062e-10 -2.61796274571045e-10)
(-0 1.21387023933527e-06 3.53419477708679e-07 7.68559772074957e-11 8.44468904011341e-11 -8.72110714775666e-11)
(-3.5241714673618e-25 3.11373411741233e-07 6.05634373383484e-08 1.54025181440435e-11 6.35379068979202e-12 -1.70065851904519e-11)
(-0 4.40286540752655e-08 4.81806820434301e-09 1.31115355626402e-12 -4.32534964080133e-13 -1.4239121757522e-12)
(-0 1.18637395166393e-09 4.14888050089146e-11 1.41223242141409e-14 -2.88401478409631e-14 -1.20868623088918e-14)
(-0 4.11745680768513e-05 0.0535415627674654 5.11358251163057e-05 -8.47253409341111e-05 -4.9565006478819e-05)
(-0 0.000111992686895609 0.05176712407126 6.74623890854301e-05 -0.000261780610937242 -6.38377454256151e-05)
(-1.33025307770266e-19 0.000134769495212088 0.048409391532469 9.62003521765057e-05 -0.000481676201736908 -9.67755177417122e-05)
(-0 9.81927856846034e-05 0.0446809621027778 0.000118297098842612 -0.000732583157395923 -0.00012299347277165)
(-0 3.6797804365445e-05 0.0413020131164302 0.0001234122065492 -0.000966813488580897 -0.00012499775698081)
(-0 -2.08163436551116e-05 0.0385543744608639 0.000116571213671973 -0.00115611224531874 -0.000117709249229716)
(-1.49529821982251e-19 -6.8503887926213e-05 0.0364634251683443 0.000105546683878879 -0.00129753367782564 -0.00010662868726986)
(-0 -9.82744488183937e-05 0.0346257897665312 8.98098243937813e-05 -0.00138355488035142 -9.11610461218518e-05)
(-0 -0.000103243408586977 0.0330339229273391 6.82498805984805e-05 -0.00141955406691956 -6.97382463844968e-05)
(-0 -8.62474521264539e-05 0.0316999280512389 4.06145112929939e-05 -0.00141558953918731 -4.17898622485385e-05)
(-0 -4.7931571081352e-05 0.0304211118534123 7.68783530477253e-06 -0.0013695065399766 -8.27522668311263e-06)
(1.83688287123031e-19 1.28397526126706e-05 0.0290395204542969 -2.77357637141876e-05 -0.00128272899773201 2.77335448210355e-05)
(-0 9.34584427233369e-05 0.0274245990217445 -6.24016249704577e-05 -0.00115981826164216 6.28315342991816e-05)
(-0 0.000187420898684435 0.0254982164488693 -9.2954241425956e-05 -0.0010094946191253 9.38266653901534e-05)
(-0 0.000285833411547205 0.0232595917491924 -0.000116294372973611 -0.000843987364780884 0.000117551566211037)
(-0 0.000378507291736709 0.0207421997562595 -0.000129974138850503 -0.000675766078820302 0.000131434700630848)
(-0 0.000454702838929646 0.018025704926549 -0.000132635889278353 -0.000516498676389935 0.000134155156643213)
(-0 0.000505705866806449 0.0152275028964111 -0.000124792381139361 -0.000375703114513074 0.000126163183035832)
(-0 0.000526199905543592 0.0124874786034131 -0.000108776956878335 -0.000259629173767834 0.000109835300098048)
(-0 0.00051627363842689 0.00994132683693583 -8.82287553469017e-05 -0.00017030571409121 8.89230061080445e-05)
(-0 0.000481254634920928 0.00769512572650389 -6.69897828561107e-05 -0.00010616723423028 6.73445098172428e-05)
(-0 0.000429433486217913 0.00581102994478355 -4.79672716927538e-05 -6.31244117329251e-05 4.80832620639693e-05)
(-1.57448229434859e-20 0.000369925426055032 0.00429914400638908 -3.27015029476418e-05 -3.59300955975849e-05 3.26798683987366e-05)
(-0 0.000310622590845729 0.00313481791961759 -2.14777080450907e-05 -1.97229436564846e-05 2.14117922277645e-05)
(-0 0.000256491079806656 0.00226425638881892 -1.37519996891167e-05 -1.04712856334029e-05 1.3671916275599e-05)
(-0 0.000209917342059894 0.00162899430216523 -8.67946472607573e-06 -5.39852365187531e-06 8.61272344166248e-06)
(-0 0.000171531607617569 0.00117307423890288 -5.45333121666235e-06 -2.6979845658731e-06 5.4038076044356e-06)
(-3.91228585896126e-21 0.000140721759525383 0.000848911980702047 -3.4340728631476e-06 -1.29422228040866e-06 3.39996754137017e-06)
(-0 0.000116334942316426 0.000618943226509228 -2.17433917981083e-06 -5.79103698280872e-07 2.1509177787061e-06)
(-0 9.72224887873873e-05 0.000455468098913768 -1.385328661591e-06 -2.23386315998722e-07 1.36935814548613e-06)
(-0 8.22287735373234e-05 0.000338469020924185 -8.86216813990935e-07 -5.35085316320676e-08 8.75280751649254e-07)
(-0 7.0340267594944e-05 0.000253527214031008 -5.66604873770314e-07 2.24518822944681e-08 5.58400993179174e-07)
(-0 6.07494668530665e-05 0.000191047191773617 -3.5993232356733e-07 5.06783507442028e-08 3.53816074718157e-07)
(-0 5.27839097861376e-05 0.00014421323588332 -2.25410746430741e-07 5.56841751433658e-08 2.20995255749559e-07)
(-0 4.58945070283002e-05 0.00010831328119995 -1.37797574101985e-07 5.00891922963855e-08 1.34485567071801e-07)
(4.84579066459583e-22 3.96236580683903e-05 8.02731058735738e-05 -8.11796854875763e-08 4.03194474456865e-08 7.87454890068973e-08)
(-0 3.36065832409177e-05 5.80170463559873e-05 -4.52858757693756e-08 2.97598606874697e-08 4.35810800474213e-08)
(-0 2.75913305759982e-05 4.01879457522503e-05 -2.33135937819273e-08 2.01459982031442e-08 2.21886698566472e-08)
(-0 2.14069067844765e-05 2.6009671921634e-05 -1.06587359943021e-08 1.2287117080945e-08 9.94178910731362e-09)
(-0 1.52468892787352e-05 1.52439031233568e-05 -4.08322986288085e-09 6.55865967646089e-09 3.6814798483092e-09)
(-0 9.64078544616155e-06 7.7928777247121e-06 -1.18991376771446e-09 2.9537707338952e-09 9.96757206088967e-10)
(-0 5.24706242009054e-06 3.34382222118086e-06 -2.09535233277142e-10 1.07523905724774e-09 1.29825351687459e-10)
(-6.03519388953653e-24 2.3858696572893e-06 1.16019060937548e-06 5.25752553203456e-12 3.00402989123479e-10 -3.168690025989e-11)
(-0 8.66760815150002e-07 3.05865023404392e-07 1.56147569241426e-11 5.83971826510735e-11 -2.22546876663971e-11)
(-0 2.26433690171257e-07 5.32394171431508e-08 4.22631472962705e-12 5.97462203960293e-12 -5.29825155915943e-12)
(2.56560328058063e-26 3.25846613425665e-08 4.28875655070215e-09 3.93476509757102e-13 -2.38161382915702e-15 -4.69295927823706e-13)
(-0 9.11433768266403e-10 3.81714181513808e-11 4.39416479948757e-15 -1.29852333238721e-14 -3.97753530541209e-15)
(-0 1.57570543765312e-05 0.0250278657944607 1.97706654736143e-05 -4.06940211352824e-05 -1.92016851138997e-05)
(-0 4.28763416837108e-05 0.0241949791491364 2.6148611839503e-05 -0.000124939506060041 -2.47057946362078e-05)
(-0 5.16201782361732e-05 0.0226192120681223 3.74927156477574e-05 -0.000231171632870721 -3.76848516781871e-05)
(-0 3.76459033699428e-05 0.0208661171825768 4.62299784479236e-05 -0.000353928154034945 -4.8180646335774e-05)
(-0 1.42002766545988e-05 0.0192775048653885 4.82349913109632e-05 -0.000469060796138384 -4.88641659042992e-05)
(-0 -7.78832821301121e-06 0.0179824120354894 4.55498057834376e-05 -0.000561674238384055 -4.59898855710961e-05)
(-0 -2.59583473679574e-05 0.0169925541804053 4.1334292156768e-05 -0.000631017838193608 -4.17548911219876e-05)
(-0 -3.72912138165465e-05 0.0161240166397854 3.53691739408871e-05 -0.000674286986026502 -3.59285915006327e-05)
(4.0766028125521e-20 -3.91837670215826e-05 0.0153710265103654 2.71064229540659e-05 -0.00069378350772972 -2.77147972165356e-05)
(-0 -3.27114788508886e-05 0.014740400696349 1.63924122850816e-05 -0.000693889163723322 -1.6885412047457e-05)
(-0 -1.81422946816153e-05 0.0141380416864419 3.55877823578201e-06 -0.000673205384743969 -3.79226745957263e-06)
(-0 4.96762361230357e-06 0.0134905507933231 -1.02951598736715e-05 -0.000632303006699147 1.0294046536644e-05)
(-0 3.55902963480882e-05 0.0127375894300406 -2.38728039451618e-05 -0.000573453397468674 2.40323577974223e-05)
(-0 7.12938889367699e-05 0.0118429105615865 -3.59144941917003e-05 -0.000500611412814199 3.62811495631121e-05)
(-0 0.000108726337226299 0.0108040477656079 -4.52105859710939e-05 -0.000419776720185235 4.57180654193048e-05)
(-0 0.000143956427139032 0.00963542726611596 -5.07358385972561e-05 -0.000336980458416205 5.13341006198671e-05)
(-0 0.000172946388565155 0.00837443719864556 -5.19328052089165e-05 -0.000258165039323675 5.25634286124983e-05)
(-0 0.000192331744182923 0.0070751910093901 -4.89580317581254e-05 -0.000188219418169678 4.95294359689571e-05)
(-0 0.000200140260575317 0.00580323636100611 -4.27232324478355e-05 -0.0001304488212262 4.31688142792942e-05)
(-0 0.000196381532743117 0.00462114813178554 -3.46661684669427e-05 -8.59065047288359e-05 3.49591566760213e-05)
(-0 0.000183066286966808 0.00357921345743666 -2.63140461065035e-05 -5.39329054578843e-05 2.64727749225617e-05)
(9.09823113682165e-21 0.000163400047577527 0.00270448281963534 -1.88359088870965e-05 -3.23634478619786e-05 1.889125843497e-05)
(-0 0.000140909426208163 0.00200344872589716 -1.2846448000703e-05 -1.87013771815685e-05 1.2842827706284e-05)
(-0 0.000118446398068149 0.00146274697263176 -8.44533880551129e-06 -1.04781625377882e-05 8.42076075371828e-06)
(-0 9.79526298730653e-05 0.00105881987424281 -5.42017545799365e-06 -5.72811751338036e-06 5.39114943600548e-06)
(-0 8.03412760848575e-05 0.000763803274981443 -3.43627171281685e-06 -3.07425350710736e-06 3.41187536323042e-06)
(-0 6.5845082139047e-05 0.000551990178225981 -2.1739758814467e-06 -1.6252264141777e-06 2.15577066996529e-06)
(1.00825896427802e-21 5.42450509436053e-05 0.000401271303667 -1.38224592000907e-06 -8.45802939091172e-07 1.36942966986775e-06)
(-0 4.50715339134111e-05 0.000294292437467767 -8.85708965314262e-07 -4.30870705192393e-07 8.77148479299452e-07)
(-0 3.79295566966373e-05 0.000218193952771649 -5.72591872913862e-07 -2.11576228364493e-07 5.66705458681386e-07)
(-0 3.23304209771882e-05 0.000163522665563831 -3.72368459945197e-07 -9.67877483002871e-08 3.68159408328552e-07)
(-0 2.79188034256397e-05 0.00012381477062102 -2.42553548804427e-07 -3.78957877329324e-08 2.39514855868987e-07)
(-0 2.44010701559955e-05 9.44645313695105e-05 -1.57479280573259e-07 -8.83665885294669e-09 1.55141634450311e-07)
(-0 2.14821642437036e-05 7.23196959166777e-05 -1.01078984870794e-07 4.30980184987468e-09 9.9321074047394e-08)
(-0 1.8977450010431e-05 5.52581536435721e-05 -6.3649659089291e-08 9.1233436019873e-09 6.23276920964514e-08)
(-0 1.67251870043542e-05 4.18345494424844e-05 -3.89363163907857e-08 9.72875933970419e-09 3.7947426402833e-08)
(-0 1.45767692575548e-05 3.10791895056609e-05 -2.28386132153331e-08 8.3885879082503e-09 2.21239951324587e-08)
(-0 1.24128844702561e-05 2.2367761159841e-05 -1.26244704290559e-08 6.34143583285421e-09 1.21375789796672e-08)
(-0 1.01658424163795e-05 1.52881882058929e-05 -6.41499022401183e-09 4.27674746522863e-09 6.09032761133415e-09)
(-0 7.79630801121129e-06 9.6426451438413e-06 -2.88186871034839e-09 2.54009768015774e-09 2.69001345816628e-09)
(-0 5.3735502484569e-06 5.37204553148447e-06 -1.0801992523821e-09 1.27698425276003e-09 9.78676173020639e-10)
(-0 3.18289906008978e-06 2.50910719589618e-06 -3.11691716569602e-10 5.17077609657849e-10 2.67270184608721e-10)
(-0 1.54416979677699e-06 9.27663146533088e-07 -6.15999743161802e-11 1.58067336547643e-10 4.62651688212278e-11)
(-0 5.83689655542136e-07 2.54196972470197e-07 -6.56209505953758e-12 3.3215718134927e-11 2.58848594339606e-12)
(-0 1.56329397086014e-07 4.52830338532819e-08 -1.17971665361009e-14 3.75318648193849e-12 -6.51126399619306e-13)
(-0 2.2983663014935e-08 3.72991284043318e-09 4.56964437191011e-14 2.84122874677584e-14 -9.39302359208102e-14)
(-0 6.66882491591294e-10 3.39063218629704e-11 6.39478588157739e-16 -8.53243521679673e-15 -7.82971735039759e-16)
(-2.79927916143684e-20 5.35653042361856e-06 0.0106249911195485 6.78300959272599e-06 -1.77105275065833e-05 -6.60563928174083e-06)
(-0 1.45765749610326e-05 0.0102703460071384 9.0002963551774e-06 -5.40625954714718e-05 -8.48785949408532e-06)
(-0 1.75486309363001e-05 0.00960045494678755 1.29611246141261e-05 -0.000100637659199768 -1.30286496216215e-05)
(-0 1.28041633731808e-05 0.00885337775140454 1.60269051041881e-05 -0.000154889354182112 -1.67351764867948e-05)
(-1.66567027430606e-20 4.84861076943531e-06 0.00817677982846939 1.67272469312685e-05 -0.000206061535264393 -1.69457447647621e-05)
(-0 -2.61220658488806e-06 0.00762443995437461 1.57866360716e-05 -0.000247052234525528 -1.59454845998018e-05)
(-0 -8.76320828887302e-06 0.00719885576213397 1.43514972698796e-05 -0.000277748686823737 -1.45008537671799e-05)
(-1.82321033658052e-20 -1.25950157814124e-05 0.0068265325319798 1.23372526411612e-05 -0.000297327894022439 -1.25471952441285e-05)
(-1.88869127522826e-20 -1.32414047836411e-05 0.00650489047304825 9.52674687586729e-06 -0.000306677015918059 -9.75169628251302e-06)
(-0 -1.10524254772299e-05 0.00623492361063913 5.84302682892837e-06 -0.000307491095501377 -6.01868972987259e-06)
(-2.06293304894026e-20 -6.11940106512845e-06 0.00597681326309585 1.40508895473832e-06 -0.000299041465749733 -1.49150316853344e-06)
(-0 1.69756084791935e-06 0.00570097330318987 -3.39922672637112e-06 -0.00028153881936088 3.393250266411e-06)
(1.12615141244042e-20 1.20543030943358e-05 0.00538205389618198 -8.12174232915605e-06 -0.000255912589451035 8.18928696312482e-06)
(-0 2.41263621749034e-05 0.00500385253593541 -1.23284845634446e-05 -0.000223998366326118 1.24573209405508e-05)
(-1.19336418599938e-20 3.67801670814859e-05 0.00456505311087318 -1.5598884648695e-05 -0.000188263976144291 1.57837222922566e-05)
(-0 4.86909344822844e-05 0.00407141122715334 -1.7568877513532e-05 -0.000151448927690603 1.77894318967069e-05)
(-0 5.84711475335652e-05 0.00353888231529955 -1.80270269937528e-05 -0.000116253884039014 1.82625744018232e-05)
(-0 6.50615278154585e-05 0.00299083889388095 -1.70338061316932e-05 -8.49222699887346e-05 1.72471578069918e-05)
(-0 6.76965197107213e-05 0.0024536763132083 -1.48797853633081e-05 -5.89887009647913e-05 1.50453490774582e-05)
(-0 6.64766923586399e-05 0.00195515168001126 -1.20842568997545e-05 -3.89725746538471e-05 1.21955990514411e-05)
(-0 6.19723251063346e-05 0.00151481814049729 -9.17132176032664e-06 -2.45642006646086e-05 9.22948212868578e-06)
(-0 5.53539145442243e-05 0.00114610963892235 -6.56431212006036e-06 -1.48515820365763e-05 6.58887142218258e-06)
(-0 4.7797752714253e-05 0.000850315472414498 -4.47986032510218e-06 -8.6767125221072e-06 4.48210911055712e-06)
(-0 4.02157800596522e-05 0.000621753839214907 -2.94712469844505e-06 -4.92740474671053e-06 2.93980417891362e-06)
(-0 3.33322344045394e-05 0.00045136269762988 -1.89676683750232e-06 -2.75087326188617e-06 1.88849754486243e-06)
(1.22952811762792e-21 2.74138630597604e-05 0.000326607799175408 -1.20807104110133e-06 -1.51566633522674e-06 1.20037836323425e-06)
(-0 2.25455473406504e-05 0.000237006575198043 -7.69519136891361e-07 -8.2953481668887e-07 7.63877039683478e-07)
(-0 1.86548530056262e-05 0.000173154649251799 -4.93749287082406e-07 -4.51763038054892e-07 4.89727724808578e-07)
(-0 1.55898377829228e-05 0.00012774398308308 -3.20033843252283e-07 -2.44427237026784e-07 3.17240163756786e-07)
(-0 1.32030860794262e-05 9.54175061198633e-05 -2.09611590566638e-07 -1.31044517452119e-07 2.07771403832867e-07)
(-0 1.1342696950064e-05 7.21132448782277e-05 -1.38336334563131e-07 -6.87212304569058e-08 1.36914909962328e-07)
(-0 9.88805084406691e-06 5.51663893190784e-05 -9.1617084292313e-08 -3.47946185324175e-08 9.06234651533003e-08)
(1.57335905911902e-22 8.72999913555454e-06 4.25615371069657e-05 -6.05391348719324e-08 -1.63789244951583e-08 5.97551655930192e-08)
(-0 7.7769131863164e-06 3.29957310470577e-05 -3.96251897304939e-08 -6.66219270423198e-09 3.9006929430915e-08)
(-0 6.96433865559549e-06 2.55789143233257e-05 -2.5509534212655e-08 -1.79041973736386e-09 2.50410704220963e-08)
(-0 6.23180624945431e-06 1.96894621312872e-05 -1.60091634318432e-08 4.23848871340299e-10 1.56580110149635e-08)
(-0 5.53529131880521e-06 1.49285153007177e-05 -9.69435550375231e-09 1.21073326982329e-09 9.43655871260927e-09)
(-0 4.84062821372129e-06 1.10357214849521e-05 -5.59433250334768e-09 1.28031258883567e-09 5.40909638632307e-09)
(-0 4.1179259675701e-06 7.84857027282698e-06 -3.02277859756893e-09 1.03745948516916e-09 2.9024178620981e-09)
(-0 3.34428514924219e-06 5.24726243475845e-06 -1.48855297128928e-09 7.08526934914491e-10 1.41112257357417e-09)
(-0 2.50902532989911e-06 3.18186559976605e-06 -6.39057740850378e-10 4.07991556270723e-10 5.9501464321766e-10)
(-0 1.65170141935905e-06 1.65117046710258e-06 -2.22809495911101e-10 1.90276097886607e-10 2.01843459454484e-10)
(-0 8.87063126690467e-07 6.74436248634786e-07 -5.68920350413526e-11 6.60686189539869e-11 4.88152948936969e-11)
(-4.36707329118083e-25 3.60541965716697e-07 1.98486733271736e-07 -9.29915515767526e-12 1.51290234749442e-11 7.15933607385266e-12)
(-0 1.00678193004342e-07 3.67960426161884e-08 -7.70977636069792e-13 1.72892625645206e-12 4.05585150706922e-13)
(-0 1.51337452165786e-08 3.08658442566696e-09 -1.58092507530748e-14 -2.59304617562561e-14 -1.24918928320088e-14)
(-0 4.35010893575953e-10 2.78975983036686e-11 1.00686205494938e-16 -6.69088155515143e-15 -2.76956618120282e-16)
(-0 1.54525999787883e-06 0.0039552713241123 1.97577347448164e-06 -6.69002026073234e-06 -1.92858547127476e-06)
(6.13482983498932e-21 4.20510229728894e-06 0.00382282671984315 2.62730218908777e-06 -2.04810082205823e-05 -2.47522855313614e-06)
(-0 5.06349192010196e-06 0.0035735266081301 3.80035888829942e-06 -3.83511595855441e-05 -3.82266732081909e-06)
(-0 3.6956837999623e-06 0.00329489287053915 4.71023427129202e-06 -5.9251197689506e-05 -4.92857617093666e-06)
(-0 1.40290124762097e-06 0.00304267490740625 4.91825446282172e-06 -7.91564163766674e-05 -4.98479330479025e-06)
(-6.96665245237068e-21 -7.48490341288702e-07 0.00283601938729923 4.64110578000772e-06 -9.50019774501233e-05 -4.68908992601742e-06)
(-0 -2.51767513684608e-06 0.00267604801456209 4.22341508812493e-06 -0.000106914945037133 -4.26773947009922e-06)
(-0 -3.61998145626271e-06 0.00253670699049838 3.6463403619302e-06 -0.000114556677217861 -3.71301187178417e-06)
(-0 -3.80591555874207e-06 0.00241596481535909 2.83479216973796e-06 -0.00011838322937563 -2.90550805773347e-06)
(-0 -3.17393812926731e-06 0.00231461464218961 1.75740152632906e-06 -0.000118942185390311 -1.81305601178616e-06)
(-0 -1.75439565522564e-06 0.00221820339566501 4.55094828778503e-07 -0.000115927511252548 -4.84169996946038e-07)
(-0 4.91185310381401e-07 0.00211536410080729 -9.54882313098877e-07 -0.000109372180897099 9.51628047047443e-07)
(-0 3.46810244388738e-06 0.00199639983203617 -2.34591416647152e-06 -9.96110050712055e-05 2.3653269326375e-06)
(-0 6.93860116983516e-06 0.00185609849436667 -3.59176166301768e-06 -8.73680952189831e-05 3.63198607308957e-06)
(-0 1.0573551461254e-05 0.00169308222755578 -4.56488044475763e-06 -7.35641776619502e-05 4.62346982060301e-06)
(-0 1.39981706462178e-05 0.00151003723859301 -5.15939636456623e-06 -5.92829075090885e-05 5.22835409290908e-06)
(-0 1.68099159566876e-05 0.00131286455178683 -5.30697815447919e-06 -4.55827361963383e-05 5.3818824448692e-06)
(-0 1.87074244974513e-05 0.00110983005015184 -5.02352520913378e-06 -3.33628941485936e-05 5.08894947985331e-06)
(-0 1.94692722476034e-05 0.0009106117111406 -4.39343116966031e-06 -2.31896865302787e-05 4.44655556668411e-06)
(-0 1.91107360564131e-05 0.000725979767024454 -3.56766460260618e-06 -1.53623279886751e-05 3.60460123568193e-06)
(-0 1.78305407629077e-05 0.000563032301911567 -2.70914010042739e-06 -9.71296514920314e-06 2.72887816832106e-06)
(-0 1.59484021963844e-05 0.000426551455294219 -1.94039088657384e-06 -5.90549492788247e-06 1.94888949596572e-06)
(-0 1.37779347171975e-05 0.000316866735823798 -1.32409106887688e-06 -3.47392460311233e-06 1.32598685546155e-06)
(6.64482624591942e-22 1.16214388001659e-05 0.000232325653125276 -8.72718331885687e-07 -1.9963314721621e-06 8.71345354769911e-07)
(5.79237218512258e-22 9.65814560986542e-06 0.000169089155882372 -5.63441551245889e-07 -1.13050136114068e-06 5.61121371695044e-07)
(-0 7.9657570114559e-06 0.000122802917925234 -3.60364462767434e-07 -6.34961992266661e-07 3.58355448383177e-07)
(-2.21768432087453e-22 6.57640804083196e-06 8.94923793019744e-05 -2.31070929096939e-07 -3.55815063649334e-07 2.29605222005677e-07)
(-9.83470838080331e-23 5.46477073995835e-06 6.57234033376506e-05 -1.49513704254147e-07 -1.99420359040803e-07 1.48506771287034e-07)
(-0 4.59176646417701e-06 4.87918221646842e-05 -9.79269922366153e-08 -1.11874837986421e-07 9.72452586331472e-08)
(-0 3.91462053472748e-06 3.67005495541984e-05 -6.49318833336406e-08 -6.27266816165405e-08 6.44533318933431e-08)
(7.49920750906303e-23 3.39059840658714e-06 2.79793626217654e-05 -4.34452500081724e-08 -3.49806386828492e-08 4.30797809439286e-08)
(-0 2.98001811596127e-06 2.15968498027915e-05 -2.91773007967675e-08 -1.92738959478522e-08 2.89083553731248e-08)
(-0 2.6550564246396e-06 1.68405227369399e-05 -1.95644682789698e-08 -1.03727712825907e-08 1.93537758275548e-08)
(-0 2.39134788527136e-06 1.32091549839376e-05 -1.30158956978712e-08 -5.36262832000165e-09 1.28423393595835e-08)
(-0 2.16627466435722e-06 1.03672255391301e-05 -8.52268863319211e-09 -2.5874610468582e-09 8.38132492407954e-09)
(-0 1.96324679619859e-06 8.091040054854e-06 -5.44696957425523e-09 -1.10624267673919e-09 5.34030468018925e-09)
(-0 1.76967103833531e-06 6.23386372475976e-06 -3.36833168711253e-09 -3.62168461374511e-10 3.28919548212007e-09)
(-0 1.57578509778071e-06 4.69889143535705e-06 -1.99340819667637e-09 -2.75051531378659e-11 1.93661210515296e-09)
(-0 1.37405966175753e-06 3.42954135766051e-06 -1.11358717981688e-09 8.9915474976223e-11 1.07525123441925e-09)
(-0 1.16030835498501e-06 2.38683145578347e-06 -5.75793964286984e-10 1.04446712933341e-10 5.50747064655107e-10)
(-0 9.27951858857306e-07 1.54423855912889e-06 -2.6642732198742e-10 7.85396429169799e-11 2.51572191846115e-10)
(-0 6.7498557149019e-07 8.87620766971014e-07 -1.03632550161333e-10 4.48479155675817e-11 9.6229199613054e-11)
(-0 4.15277117327942e-07 4.15208750715205e-07 -3.01988473333465e-11 1.89202932435852e-11 2.69817083816266e-11)
(-0 1.92057199943044e-07 1.38553108707912e-07 -5.31237556906912e-12 5.0100122919445e-12 4.32950994689737e-12)
(-0 5.80465016749419e-08 2.78101908640016e-08 -3.24149298870583e-13 5.22697984197881e-13 1.52317396967843e-13)
(-0 9.13460850315136e-09 2.42600031354239e-09 2.00795146723007e-14 -5.39222896582054e-14 -3.50453557901543e-14)
(-0 2.73201769915121e-10 2.28314313425324e-11 6.38132161167006e-16 -5.02453453344895e-15 -6.84261453020076e-16)
(1.9207139150208e-21 3.4965580798352e-07 0.00121454014350178 4.51873302962884e-07 -2.09988494369531e-06 -4.42230047160132e-07)
(-0 9.51889892348601e-07 0.00117358270476794 6.01292112948581e-07 -6.38700080722903e-06 -5.66548215992331e-07)
(-0 1.14698275412521e-06 0.00109705813807999 8.73888072525209e-07 -1.20196299193762e-05 -8.79014049837746e-07)
(-0 8.37453325279236e-07 0.00101156815593543 1.08559543926754e-06 -1.86501133812078e-05 -1.1385609424616e-06)
(-0 3.18191494266279e-07 0.000934047688859203 1.13346754523035e-06 -2.49962364352911e-05 -1.15024732381139e-06)
(-1.1718307474037e-21 -1.68368746179103e-07 0.000870353045242582 1.0684625949891e-06 -3.00305901682971e-05 -1.08125144469368e-06)
(-1.2098009823632e-21 -5.69458256016175e-07 0.000821351961902068 9.75323425597555e-07 -3.38377021033712e-05 -9.86192014396874e-07)
(-0 -8.18674136890612e-07 0.000777997914894399 8.45542229873092e-07 -3.62820386635721e-05 -8.61610740091513e-07)
(-0 -8.59945412138154e-07 0.000740560741737066 6.60205204157715e-07 -3.75547763917517e-05 -6.77476331148846e-07)
(1.34644239202479e-21 -7.16818789273218e-07 0.000709146588441717 4.1325167361733e-07 -3.77941239241917e-05 -4.2678248415473e-07)
(-0 -3.95572907399651e-07 0.000679392297216183 1.13600430296349e-07 -3.68980766689028e-05 -1.20207399001088e-07)
(-7.37053562769949e-22 1.11985747284568e-07 0.000647664398671395 -2.11313977493683e-07 -3.48610463343336e-05 2.11435862760257e-07)
(7.68431830587875e-22 7.84136445864332e-07 0.000611226834749211 -5.32306741753146e-07 -3.18131889388479e-05 5.37533662151524e-07)
(-0 1.56683389744359e-06 0.000567968401435693 -8.20595041513187e-07 -2.79383917380997e-05 8.31325257640712e-07)
(-0 2.38782436218298e-06 0.000518218650287528 -1.04767470169352e-06 -2.35730022881009e-05 1.06249507122947e-06)
(-0 3.16082965310383e-06 0.000462177321703683 -1.18756981842798e-06 -1.90235686495264e-05 1.2050475145761e-06)
(-0 3.7977784293414e-06 0.00040188218466367 -1.2249013555673e-06 -1.46444725694676e-05 1.24382766174189e-06)
(-0 4.22415524037008e-06 0.000339927938064541 -1.16083892532295e-06 -1.07318232439692e-05 1.17887301924092e-06)
(-0 4.39650688105293e-06 0.00027890455675254 -1.01600220272534e-06 -7.46610883882495e-06 1.03007440268632e-06)
(-3.52854996305583e-22 4.32221774812558e-06 0.000222568378496082 -8.2662068168628e-07 -4.95533086200808e-06 8.36089784392792e-07)
(-0 4.03356137971187e-06 0.000172790968805271 -6.27611642569204e-07 -3.14174080306076e-06 6.33323747794387e-07)
(-0 3.61034449626826e-06 0.000131098069549307 -4.49585440944373e-07 -1.91802259296205e-06 4.52521440551995e-07)
(-0 3.12432340052823e-06 9.75468460253825e-05 -3.07047517413163e-07 -1.13475344204958e-06 3.07656705333278e-07)
(-1.1221510604758e-22 2.64027043443696e-06 7.17034043304304e-05 -2.02681029750109e-07 -6.58236579229323e-07 2.02674532785238e-07)
(-0 2.20054276664566e-06 5.23518344070006e-05 -1.31232712726269e-07 -3.76790929720678e-07 1.30847196885647e-07)
(4.29273324006095e-23 1.82154160026448e-06 3.81552661026554e-05 -8.43367316293297e-08 -2.14596085439252e-07 8.39486645564685e-08)
(-3.78151809369524e-23 1.5086689121296e-06 2.79176749970258e-05 -5.43820011643981e-08 -1.22229518752826e-07 5.41007951704623e-08)
(3.36940395793844e-23 1.2595541319472e-06 2.06086010966788e-05 -3.54733808546409e-08 -6.98907365085098e-08 3.52953246992651e-08)
(-0 1.06410509849154e-06 1.53919404146779e-05 -2.34644944722309e-08 -4.01451729896498e-08 2.33405349715333e-08)
(-0 9.12899556018142e-07 1.16617892579385e-05 -1.57306243478347e-08 -2.31526229484974e-08 1.56456247058167e-08)
(-1.30917655702262e-23 7.96385495989259e-07 8.96139749119412e-06 -1.06530493512945e-08 -1.33532298048203e-08 1.05839719707231e-08)
(-0 7.05681585623472e-07 6.97664810576354e-06 -7.2454856266741e-09 -7.6656654096643e-09 7.18909313233568e-09)
(-0 6.34695416072476e-07 5.49497103867539e-06 -4.9238527236564e-09 -4.36185453545899e-09 4.87751216380903e-09)
(-0 5.76728593126574e-07 4.35536894337878e-06 -3.31724383771868e-09 -2.43204073403073e-09 3.27966830595195e-09)
(-0 5.27832777418842e-07 3.45808416083257e-06 -2.20091867546922e-09 -1.31494788900099e-09 2.17071702100395e-09)
(-5.66140261872593e-24 4.83806631395424e-07 2.73153891889416e-06 -1.42620383787985e-09 -6.78635418292272e-10 1.40133585500659e-09)
(-0 4.41306273473643e-07 2.13289127739956e-06 -8.94101946897497e-10 -3.2747777920702e-10 8.75698586302641e-10)
(-0 3.98344164127193e-07 1.63252303723696e-06 -5.36938784529854e-10 -1.42250026346126e-10 5.23600234217703e-10)
(-0 3.53370085574042e-07 1.21384704264135e-06 -3.0495934853501e-10 -5.16406783267919e-11 2.95638832715876e-10)
(-1.17875215519512e-24 3.05559381035911e-07 8.67091444100938e-07 -1.6086938142048e-10 -1.22852238313092e-11 1.55099250213708e-10)
(-0 2.54306957944559e-07 5.84186391953252e-07 -7.6563550986883e-11 1.66026440538214e-12 7.2914537757141e-11)
(-0 1.9857233137878e-07 3.60517325218128e-07 -3.1007021404896e-11 4.15251268471807e-12 2.90483182575795e-11)
(-0 1.38458389705686e-07 1.92062091433244e-07 -9.38510154122136e-12 2.72105857764066e-12 8.58424732183604e-12)
(-0 7.70924055818797e-08 7.70827514870075e-08 -1.43620347116778e-12 9.50048876187299e-13 1.14180649147535e-12)
(-0 2.75801716884004e-08 1.82288904809491e-08 1.26070567241775e-13 6.50464025892893e-14 -1.89180287091322e-13)
(-3.2969190160332e-27 4.74149757461757e-09 1.74095071702134e-09 5.1006106493961e-14 -4.23753860181181e-14 -5.69792928337717e-14)
(-0 1.48268321570991e-10 1.68969691321544e-11 1.00713676866859e-15 -2.90870508004933e-15 -9.34829660352684e-16)
(-0 5.34311130612139e-08 0.000273228743938228 6.95743269043834e-08 -4.8282863265237e-07 -6.83884569505367e-08)
(-0 1.45346576667655e-07 0.00026402073714604 9.27438324832837e-08 -1.45739865146058e-06 -8.74484482658304e-08)
(-0 1.7527043358486e-07 0.000247061381361436 1.35414331747369e-07 -2.75617220435441e-06 -1.36453365103663e-07)
(-0 1.27853613344947e-07 0.00022757200476432 1.68370286849077e-07 -4.29156820485316e-06 -1.77090562399384e-07)
(-0 4.85832212743846e-08 0.000210077359524324 1.75788114218681e-07 -5.76704064981908e-06 -1.78678196845105e-07)
(-0 -2.56679558936017e-08 0.000195808960829615 1.65762092112771e-07 -6.93649829997265e-06 -1.68097117783824e-07)
(-0 -8.68200065146059e-08 0.000184698393210481 1.5144849868961e-07 -7.81608321966424e-06 -1.53534473905446e-07)
(-0 -1.24776423161491e-07 0.000174864323496642 1.3169930514455e-07 -8.39143522758261e-06 -1.34610670858744e-07)
(-0 -1.31046443803637e-07 0.000166404094981384 1.03357370567476e-07 -8.69916121238173e-06 -1.06302344394543e-07)
(-0 -1.09109222974809e-07 0.000159222586396145 6.51913682815761e-08 -8.76409194028364e-06 -6.74242335993815e-08)
(-0 -6.03068486381835e-08 0.000152615406554332 1.88942794163068e-08 -8.57549471175458e-06 -1.97996204725084e-08)
(-1.81410876975555e-22 1.69980453131801e-08 0.000145318432208977 -3.1458341696209e-08 -8.10671104586715e-06 3.16849020514598e-08)
(-1.89088731340407e-22 1.19333187721579e-07 0.000137107849858448 -8.13519274096939e-08 -7.40755667157309e-06 8.23728752666462e-08)
(-0 2.38872654649348e-07 0.000127521086775604 -1.26460923539975e-07 -6.52179353257728e-06 1.28358135262233e-07)
(-1.00154781501291e-22 3.63758678498179e-07 0.000116269777002523 -1.61941441009519e-07 -5.50666992920896e-06 1.64557140469846e-07)
(1.01106323461972e-22 4.81162476271463e-07 0.00010369661447135 -1.83941040682579e-07 -4.44930987829989e-06 1.87125151303811e-07)
(-1.00375272129128e-22 5.77678364234223e-07 9.01748522469407e-05 -1.89977754010012e-07 -3.42910915247669e-06 1.93479317016277e-07)
(-0 6.42766149065102e-07 7.62632078191368e-05 -1.80373850202119e-07 -2.5142785177681e-06 1.83707086421194e-07)
(-0 6.70491587374024e-07 6.26801470784315e-05 -1.58353643481673e-07 -1.75380096821302e-06 1.60779585782007e-07)
(-4.34205105457158e-23 6.58185652904507e-07 4.99642301742077e-05 -1.28668104826924e-07 -1.16266198225519e-06 1.30417441991704e-07)
(-0 6.14990506796529e-07 3.88492099923828e-05 -9.77825966602528e-08 -7.38683295165586e-07 9.8911061163608e-08)
(-0 5.50932263030273e-07 2.95013740350279e-05 -7.00555436426218e-08 -4.52130563661285e-07 7.06348514327783e-08)
(-0 4.78597774061418e-07 2.20355847172573e-05 -4.79845164736754e-08 -2.69180225158893e-07 4.81762366623884e-08)
(1.38963682048505e-23 4.04481109272292e-07 1.62149985024624e-05 -3.16582634880832e-08 -1.56923698405836e-07 3.17066991188692e-08)
(-0 3.38053772406199e-07 1.18847416350552e-05 -2.05528951983092e-08 -9.07482830439188e-08 2.05599853229245e-08)
(1.07009773030238e-23 2.80770734159514e-07 8.6927354882409e-06 -1.32668157813591e-08 -5.22326126682198e-08 1.32433606372758e-08)
(4.73250985886707e-24 2.33555051892287e-07 6.38908577672336e-06 -8.60883574761927e-09 -3.01400400211644e-08 8.5860024469514e-09)
(-0 1.95847981752174e-07 4.73896861672894e-06 -5.65806362024808e-09 -1.74853160978895e-08 5.64237623132625e-09)
(-3.84728417205187e-24 1.66360476421261e-07 3.5596878413358e-06 -3.77701065725663e-09 -1.0206907115459e-08 3.76256032787425e-09)
(-0 1.43609280797408e-07 2.71596737751773e-06 -2.55867620778209e-09 -5.99899090241321e-09 2.55056877496736e-09)
(-3.35382394568143e-24 1.26165842388337e-07 2.10440655369689e-06 -1.75207699275867e-09 -3.5347688267557e-09 1.745880882878e-09)
(-0 1.12626170451152e-07 1.65089120715502e-06 -1.20476465964215e-09 -2.07632822808664e-09 1.19772796440708e-09)
(-0 1.02125713272582e-07 1.31224933280499e-06 -8.28120131782559e-10 -1.21413917769943e-09 8.22368244807753e-10)
(-0 9.35902971532829e-08 1.04977913937277e-06 -5.63821221540197e-10 -6.99071723810722e-10 5.58646208264343e-10)
(-0 8.64497012613712e-08 8.42180556337413e-07 -3.78097725745157e-10 -3.94513698888333e-10 3.73948226908961e-10)
(7.56421178660494e-25 8.00079450603443e-08 6.72765004574449e-07 -2.47431160939704e-10 -2.15249889689939e-10 2.4384656663093e-10)
(-0 7.37616744157309e-08 5.31516377754398e-07 -1.56572194516849e-10 -1.12183895075225e-10 1.53848673087821e-10)
(-0 6.73577754410608e-08 4.12263546355228e-07 -9.477999736837e-11 -5.49737534692269e-11 9.27806982551776e-11)
(3.52555587920845e-25 6.06006330568145e-08 3.11372469546261e-07 -5.42132529609372e-11 -2.46839219575137e-11 5.28165679934164e-11)
(-0 5.3233611119379e-08 2.26344485727094e-07 -2.86532179316582e-11 -9.71317130169921e-12 2.77672457431945e-11)
(-0 4.52443808661902e-08 1.56379155631652e-07 -1.35302092457434e-11 -3.0524367720436e-12 1.30110772068155e-11)
(-0 3.68021141404809e-08 1.00669336657142e-07 -5.34517015519486e-12 -5.40819881878835e-13 5.05664622836083e-12)
(-0 2.77907739650364e-08 5.80410695032055e-08 -1.43827732368372e-12 1.25332401316154e-13 1.30981023886879e-12)
(-3.63361782287296e-26 1.82364070182901e-08 2.76151468719251e-08 -7.57340749027496e-15 1.20189607359231e-13 -3.20686473886339e-14)
(-0 8.61229177400998e-09 8.60477002708653e-09 1.84202578287992e-13 7.69424999045942e-15 -1.95217603946133e-13)
(-1.02901827305907e-27 1.87511611319017e-09 1.03304229014123e-09 4.32122811668301e-14 -1.59192373995687e-14 -4.47071246821054e-14)
(-0 6.52615056437784e-11 1.1096264672774e-11 8.44658512470194e-16 -1.14038963575945e-15 -7.39628400089913e-16)
(-0 3.8188131202898e-09 3.41777719564986e-05 5.01515715858996e-09 -6.14515268870228e-08 -4.95952717756236e-09)
(-0 1.039645529811e-08 3.30311046529349e-05 6.69622937529158e-09 -1.84726491041721e-07 -6.34512434312345e-09)
(-0 1.25245421670722e-08 3.08823838362343e-05 9.79886909285059e-09 -3.50357698978493e-07 -9.95091837912216e-09)
(-0 9.16911596195668e-09 2.85637182114047e-05 1.22496770727519e-08 -5.49637392268432e-07 -1.29854101068569e-08)
(-0 3.47790037241006e-09 2.63210893582801e-05 1.2774513559505e-08 -7.39024645451099e-07 -1.30512519286685e-08)
(-0 -1.83221676668404e-09 2.44690403158273e-05 1.20137349615399e-08 -8.87483810345162e-07 -1.22439086367534e-08)
(-0 -6.21299813601684e-09 2.31257287844067e-05 1.10133749967674e-08 -1.00313623593431e-06 -1.1221234098614e-08)
(-0 -8.9034778771013e-09 2.18368089521378e-05 9.58144373734353e-09 -1.07487466251224e-06 -9.84285573809748e-09)
(-0 -9.35727901392902e-09 2.07933297629704e-05 7.55640596941486e-09 -1.11669672728168e-06 -7.81461177467152e-09)
(-0 -7.78906283595014e-09 1.9896392782578e-05 4.8015128065711e-09 -1.12684695211537e-06 -4.9943169969284e-09)
(-0 -4.30713911461486e-09 1.91079552676978e-05 1.44540207376764e-09 -1.10637649288195e-06 -1.53729637261283e-09)
(-0 1.22012836729811e-09 1.82207466333633e-05 -2.21097056180367e-09 -1.04898779676817e-06 2.24066220115845e-09)
(-0 8.51433695527154e-09 1.71139341201925e-05 -5.81874454985059e-09 -9.55655766158404e-07 5.92953918083805e-09)
(-1.33989142536615e-23 1.70343633229979e-08 1.59087863543915e-05 -9.10478886118625e-09 -8.42103951667437e-07 9.29340205442805e-09)
(-0 2.59373481401607e-08 1.45086044304064e-05 -1.1701352089149e-08 -7.12028837383066e-07 1.19615662657356e-08)
(-0 3.4342107808766e-08 1.29418341669186e-05 -1.33351564092616e-08 -5.76017774501092e-07 1.36468327658467e-08)
(-0 4.12838777923009e-08 1.12595891655797e-05 -1.38144075029196e-08 -4.4448867014485e-07 1.41335901835921e-08)
(-0 4.58953560992346e-08 9.5244299463804e-06 -1.3120167519362e-08 -3.26202424697975e-07 1.34205452204493e-08)
(-0 4.77940041286569e-08 7.82631097784622e-06 -1.15084013658052e-08 -2.27518037339788e-07 1.17580786423355e-08)
(-0 4.69560156352626e-08 6.24706660742426e-06 -9.36231425310694e-09 -1.51033933855289e-07 9.53883339484213e-09)
(-0 4.39392321942802e-08 4.85963567029983e-06 -7.12344384258285e-09 -9.60475456072732e-08 7.23692680948406e-09)
(-0 3.94343795950994e-08 3.7002809789381e-06 -5.11203169058547e-09 -5.89715921611655e-08 5.17623175790384e-09)
(2.18056938090686e-24 3.43264509687014e-08 2.76943118209134e-06 -3.50461336143356e-09 -3.52384943548398e-08 3.54229406359676e-09)
(-9.60157989098436e-25 2.91621964546294e-08 2.04518205682326e-06 -2.32285349593163e-09 -2.06634730696526e-08 2.33732057480743e-09)
(-8.42778007325167e-25 2.43623025942719e-08 1.50047855821003e-06 -1.50688906611504e-09 -1.20058462987666e-08 1.51287247204081e-09)
(-7.42402846168566e-25 2.02891953911576e-08 1.10172240662136e-06 -9.75841777755089e-10 -6.97303326028304e-09 9.79627225239779e-10)
(-0 1.69403343648239e-08 8.13385180218771e-07 -6.367600112998e-10 -4.06640564403476e-09 6.39352454956331e-10)
(-0 1.42591231969719e-08 6.0608573865979e-07 -4.21242324855417e-10 -2.38576211725123e-09 4.22857475848358e-10)
(-0 1.22159747344196e-08 4.58941669855347e-07 -2.8454224344021e-10 -1.41326414748421e-09 2.84524212639497e-10)
(-0 1.05877886102245e-08 3.51646230432475e-07 -1.94219810726111e-10 -8.38931074109713e-10 1.94417321707566e-10)
(-0 9.35071569272859e-09 2.74312883021858e-07 -1.34158205847444e-10 -5.00857255424813e-10 1.34454073407128e-10)
(-0 8.41919479321474e-09 2.17241693441273e-07 -9.33224552345798e-11 -2.98844237355591e-10 9.33192265700618e-11)
(-0 7.67371165250259e-09 1.73755399810195e-07 -6.46334129289376e-11 -1.76683736042079e-10 6.45100652032824e-11)
(-0 7.10255349946414e-09 1.4044707904502e-07 -4.44881495782525e-11 -1.03411060033643e-10 4.43290811414809e-11)
(-0 6.61427727936348e-09 1.13634467561552e-07 -3.00857534332822e-11 -5.90993180073706e-11 2.98858449052842e-11)
(-0 6.16633545227711e-09 9.16906545344309e-08 -1.98027649200969e-11 -3.27367519661214e-11 1.96452060292069e-11)
(-0 5.73827013073024e-09 7.32188694511038e-08 -1.26022262788353e-11 -1.73293653733619e-11 1.2458803589962e-11)
(2.7629419145463e-26 5.30347015867274e-09 5.75133403312382e-08 -7.6690300925212e-12 -8.62528807877564e-12 7.55549938955868e-12)
(2.69070501290098e-26 4.82103494157027e-09 4.40048129265294e-08 -4.37869499004872e-12 -3.9144688122359e-12 4.30452273034003e-12)
(-0 4.29079180449524e-09 3.25379186024135e-08 -2.29309880096797e-12 -1.54636385136273e-12 2.24878044458629e-12)
(-0 3.72748729868581e-09 2.29814101860248e-08 -1.05897737453773e-12 -4.69593741435429e-13 1.03236427843797e-12)
(1.04717359533109e-26 3.09188459721822e-09 1.51457718227978e-08 -3.81450919910275e-13 -5.67018956641598e-14 3.70379617039359e-13)
(-0 2.42452129586869e-09 9.11493790817227e-09 -6.24642724422107e-14 5.01704959159667e-14 6.01189615556999e-14)
(3.29447575839254e-27 1.73573845001814e-09 4.73841242024358e-09 4.40857256134674e-14 4.32889693272742e-14 -4.36184153925865e-14)
(-0 1.03228677284744e-09 1.87587536398746e-09 4.50825922416854e-14 1.47169623626095e-14 -4.44797947097874e-14)
(-1.87361511635415e-28 3.63969138592908e-10 3.63729051515405e-10 1.36835084367212e-14 -2.31709406562992e-16 -1.35827680818965e-14)
(-0 1.80581641820138e-11 5.55340677222604e-12 3.44687545397866e-16 -1.99280284926511e-16 -2.85869170989619e-16)
(-0 3.09110534045641e-11 8.59858915775914e-07 4.08806270158861e-11 -1.56710102613981e-09 -5.07806230544526e-11)
(-0 8.19019949694302e-11 8.09236375548054e-07 5.32841691473239e-11 -4.57126973343228e-09 -6.30182943726638e-11)
(-0 9.51289326697515e-11 7.2843932009567e-07 7.53013937627681e-11 -8.37690819547508e-09 -9.48188694243231e-11)
(-0 7.20806433914497e-11 6.96636145297739e-07 9.74926318026524e-11 -1.36241026245552e-08 -1.29474485277933e-10)
(-0 2.74594302184183e-11 6.45649104646834e-07 1.02216737422421e-10 -1.84584019648553e-08 -1.30573696453068e-10)
(-0 -1.42595609404674e-11 6.02429794746887e-07 9.59802400708393e-11 -2.22654260550556e-08 -1.22658217780627e-10)
(-0 -4.93943923538917e-11 5.70907135355233e-07 8.88011362713229e-11 -2.52279966682563e-08 -1.1317228261064e-10)
(-0 -7.07761371790171e-11 5.37276149830544e-07 7.76469843261843e-11 -2.698645613092e-08 -9.89308024760385e-11)
(-0 -7.39814634332033e-11 5.10399614302539e-07 6.10262002264369e-11 -2.80032996376825e-08 -7.86862238504293e-11)
(-0 -6.14669979629253e-11 4.87486172132239e-07 3.89731049635974e-11 -2.82418882731271e-08 -5.04631088120704e-11)
(8.0293559362692e-26 -3.40240888540112e-11 4.68801180243567e-07 1.21851472639873e-11 -2.77985384690375e-08 -1.61064572392281e-11)
(-0 9.70830342254284e-12 4.45462083411034e-07 -1.71364102211543e-11 -2.62919576849215e-08 2.18140071697087e-11)
(-0 6.63351885743404e-11 4.13619064452892e-07 -4.54941691085867e-11 -2.37060274002237e-08 5.78861161606316e-11)
(-0 1.33877890169399e-10 3.88451591464512e-07 -7.22128628352476e-11 -2.11275194740198e-08 9.21045766985929e-11)
(-0 2.04615282448065e-10 3.55346302714934e-07 -9.33683740722266e-11 -1.79363460934412e-08 1.19245969440005e-10)
(-0 2.64565974195804e-10 3.09821961085991e-07 -1.04184485686847e-10 -1.41954076112964e-08 1.32762412225283e-10)
(-0 3.21989562138078e-10 2.72841557841735e-07 -1.09495645607846e-10 -1.10927016364387e-08 1.39735632191719e-10)
(-0 3.60373334668619e-10 2.32131624906925e-07 -1.04824073593223e-10 -8.18764348415119e-09 1.33743440063984e-10)
(-0 3.82158030091536e-10 1.94543910890164e-07 -9.3680427565786e-11 -5.82428030357646e-09 1.19753274910613e-10)
(-4.0159308303267e-26 3.71509010148709e-10 1.53611800465601e-07 -7.53880617612565e-11 -3.8258842421651e-09 9.59978883403016e-11)
(-3.67667346314017e-26 3.4797236478067e-10 1.19600322322387e-07 -5.74262898995811e-11 -2.4352101628984e-09 7.27836936621432e-11)
(-0 3.11889692613996e-10 9.09785333181815e-08 -4.11218109021901e-11 -1.4936300401575e-09 5.20455634515269e-11)
(-0 2.72208371868051e-10 6.8158870437272e-08 -2.82336530523598e-11 -8.94449818576788e-10 3.5575449775711e-11)
(-0 2.24520400235512e-10 4.9033747891776e-08 -1.81709873115966e-11 -5.11311590512833e-10 2.28067715596513e-11)
(-0 1.9879971887205e-10 3.81755619437945e-08 -1.24830601079213e-11 -3.16050813942594e-10 1.57429445975727e-11)
(-0 1.62098477346227e-10 2.73737477762081e-08 -7.91895143696906e-12 -1.79840856470347e-10 9.919195555281e-12)
(-0 1.33859694850533e-10 1.99683654728999e-08 -5.11623451007696e-12 -1.04005888906302e-10 6.38807435139296e-12)
(-0 1.12035079574506e-10 1.48185791117573e-08 -3.37583792734923e-12 -6.09967236601607e-11 4.20779830649595e-12)
(-0 1.01628137974207e-10 1.19225057002642e-08 -2.42078389546063e-12 -3.8531536927061e-11 3.04592341048813e-12)
(-0 8.63186695575151e-11 8.93939535297193e-09 -1.62328461582013e-12 -2.24474726225768e-11 2.02826711342961e-12)
(-0 7.68792003344919e-11 7.01816349621693e-09 -1.13426591440757e-12 -1.35079842792941e-11 1.41335973104043e-12)
(-0 6.84932966826865e-11 5.51596579686968e-09 -7.82747871574108e-13 -7.99906410620604e-12 9.75211613759193e-13)
(-0 6.36394211348472e-11 4.50471436135569e-09 -5.53202524276784e-13 -4.82348567549836e-12 6.88408363356035e-13)
(-0 5.86520434862287e-11 3.62885597429989e-09 -3.79636295839089e-13 -2.80281593813305e-12 4.71530315520412e-13)
(-0 5.45060775187631e-11 2.93568712711278e-09 -2.55919039382306e-13 -1.58966618598087e-12 3.16666705313472e-13)
(-0 5.18345089262279e-11 2.41450318590263e-09 -1.71320586301612e-13 -8.86512193776908e-13 2.11806898159793e-13)
(-0 4.92631670526556e-11 1.97036074504725e-09 -1.10748790904214e-13 -4.69627715069835e-13 1.36784621481214e-13)
(-0 4.56694888198784e-11 1.56329637340281e-09 -6.70678217755059e-14 -2.27359029820771e-13 8.31393739351815e-14)
(-0 4.23801190556987e-11 1.22465060507898e-09 -3.84696070366704e-14 -9.86113223060352e-14 4.7820928971253e-14)
(-0 3.838906636834e-11 9.14140882776644e-10 -1.99058147409774e-14 -3.3368375776421e-14 2.46728628074584e-14)
(-0 3.41915495821853e-11 6.64077273281748e-10 -8.83567698417863e-15 -5.35427575724514e-15 1.11405227752889e-14)
(-0 2.82973681631019e-11 4.40399424798199e-10 -2.59241239028665e-15 4.02372496553478e-15 3.41922965376536e-15)
(-0 2.26882905538378e-11 2.72501724014106e-10 1.94774290520902e-16 4.84030817082087e-15 -7.24545581938735e-18)
(-0 1.69933059102861e-11 1.48961843925477e-10 1.01002309667987e-15 3.00661188022238e-15 -1.06017682064478e-15)
(-9.36641137883968e-30 1.11016526116304e-11 6.52039489971392e-11 8.03355675943775e-16 1.15342918684453e-15 -9.00173426025691e-16)
(-2.47813074723383e-30 5.77247221206146e-12 1.87980232413593e-11 3.0879687442151e-16 2.0367450126544e-16 -3.66542346923901e-16)
(-0 9.73330974947344e-13 9.72396741516362e-13 2.05288949124369e-17 -1.97316080537913e-19 -2.02460987879933e-17)
)
;

boundaryField
{
    inflow
    {
        type            cyclic;
    }
    outflow
    {
        type            cyclic;
    }
    wallTop
    {
        type            calculated;
        value           uniform (-0 0 0 -0 -0 0);
    }
    wallSide
    {
        type            calculated;
        value           uniform (-0 0 0 0 -0 -0);
    }
    symmetryBottom
    {
        type            symmetry;
    }
    symmetrySide
    {
        type            symmetry;
    }
}


// ************************************************************************* //
