/*--------------------------------*- C++ -*----------------------------------*\
  =========                 |
  \\      /  F ield         | OpenFOAM: The Open Source CFD Toolbox
   \\    /   O peration     | Website:  https://openfoam.org
    \\  /    A nd           | Version:  8
     \\/     M anipulation  |
\*---------------------------------------------------------------------------*/
FoamFile
{
    version     2.0;
    format      ascii;
    class       volSymmTensorField;
    location    "126";
    object      aijDelta;
}
// * * * * * * * * * * * * * * * * * * * * * * * * * * * * * * * * * * * * * //

dimensions      [0 2 -2 0 0 0 0];

internalField   nonuniform List<symmTensor> 
2209
(
(1.1951260659888 -0.104342542392531 -0.100471953814157 -0.609449748347671 0.000244015614288705 -0.599469485541404)
(1.41542268397656 -0.289214513026024 -0.0781780186016912 -0.802425743537318 -0.0027101784799324 -0.624270865498656)
(1.79591763313378 -0.406098290036191 -0.0413615132358536 -1.13445533909587 -0.00256444307173641 -0.669155563939165)
(2.29913263660285 -0.442359075206773 -0.00455451340817001 -1.55514519412706 -0.00482889612586172 -0.745627875076568)
(2.88455021919018 -0.307428800840826 0.0282412131546891 -2.00942940851374 -0.0107333050030409 -0.874838459346749)
(3.51846095801504 -0.177639077472576 0.044682832271826 -2.47898344919517 -0.0135641190090441 -1.03597088200908)
(4.18277304480687 -0.0930060406911073 0.051060237550704 -2.95849569266074 -0.0150523910908498 -1.21635595049055)
(4.88383776597668 0.13558289218289 0.0524943860612063 -3.43388762957998 -0.020662567404518 -1.43986385223733)
(5.64087734723921 0.402965795508508 0.043598837118046 -3.92366790413465 -0.0310971959931309 -1.70423803245203)
(6.47905505558235 0.655330936419737 0.0347526383441084 -4.44241591782124 -0.0443774178443257 -2.02135360997884)
(7.4361893582633 0.87376684807789 0.0276635393792162 -5.00121216377413 -0.0577071930994439 -2.41857904154571)
(8.55661098877326 1.04501327815339 0.0174078083064319 -5.62676227830607 -0.0708030856545064 -2.91304681211306)
(9.87309639610218 1.15857540112589 0.00249442919661101 -6.34425715809638 -0.0840763707674883 -3.51278107497407)
(11.4087020210949 1.19974464237563 -0.0107806458431091 -7.17444557581195 -0.0932214078416355 -4.22050930558799)
(13.1701869860995 1.15278507394144 -0.0145651350067701 -8.12953891135632 -0.0956238550793009 -5.03016734424172)
(15.1424775328221 1.00732205639532 -0.00937569682976148 -9.20811328468482 -0.0921471338731802 -5.92720151384468)
(17.3037219457515 0.759799545922989 -0.00112087771080122 -10.4014868714224 -0.0844636575129668 -6.89851443495205)
(19.6205027661935 0.413641124188372 0.0107129438271362 -11.6896059812054 -0.0740440418814202 -7.93048148755975)
(22.0311664862189 -0.0244301902076129 0.0304683448492464 -13.0328037424847 -0.0618684635557036 -9.00079009555691)
(24.4562330671033 -0.540459951786008 0.0559243896338875 -14.3787613844524 -0.0491453331151841 -10.0818253740654)
(26.8006618004726 -1.1149226651767 0.0813267674954321 -15.6683035675049 -0.0375701350249253 -11.1376911528457)
(28.9569527733172 -1.71827377548697 0.103652135137909 -16.8380690783753 -0.0283725480345359 -12.1247494386347)
(30.8118060282375 -2.31009809973977 0.122559744637878 -17.8240066762453 -0.0221065312589821 -12.9938458379689)
(32.2508268250763 -2.84806867850025 0.137895801601222 -18.5646057905932 -0.0183261538766183 -13.6922324089741)
(33.1643823712611 -3.28675874898103 0.148853554175281 -19.0040771278107 -0.0160971981682401 -14.1660694056425)
(33.4570537615757 -3.57933718149934 0.154600598813779 -19.0969214941337 -0.0146390698028141 -14.3654389745938)
(33.0612549920093 -3.68542038799066 0.15498900081958 -18.8138122789386 -0.0134968970782306 -14.2520550158951)
(31.9520503860159 -3.58403086721747 0.150754570799569 -18.1481047929037 -0.0124634454862916 -13.807769661828)
(30.1569730618548 -3.28241087196182 0.14290314343723 -17.1194262357915 -0.0114149993994442 -13.0406077841055)
(27.7610272870741 -2.81884568702378 0.132365057230146 -15.7754778718179 -0.0102304766905112 -11.9878628604911)
(24.9027656845082 -2.26090735128617 0.120145238497702 -14.1900860844541 -0.00897611596496233 -10.7143270637329)
(21.7553259175417 -1.6886634700017 0.106774082792719 -12.4534832658894 -0.00769519608116342 -9.30296744326324)
(18.5052044758746 -1.17137428349038 0.0927305795314145 -10.6619544119694 -0.00642554782142525 -7.84398215850807)
(15.3280951248084 -0.75281337214562 0.0788545434155682 -8.90620268650455 -0.00522896683979018 -6.42234477754012)
(12.3673360635924 -0.446054608779172 0.0654117152391266 -7.26062428112715 -0.00410918090015099 -5.10697510262634)
(9.72286119377837 -0.240951530322796 0.0530174678416303 -5.77805734930474 -0.0031292972378403 -3.9449496948211)
(7.44797395659 -0.115532969955279 0.0419296829695432 -4.48791094154332 -0.00229792406929774 -2.96014078692246)
(5.55559753287028 -0.0458036297799945 0.032333051271197 -3.39928784008145 -0.00162284410249164 -2.15634877782168)
(4.02823794857082 -0.0113592331635026 0.0242317882737507 -2.5057403865769 -0.00109453098870548 -1.52251563774164)
(2.82876460165977 0.00275061466784451 0.0175675597356738 -1.79051231468251 -0.000701973550350263 -1.03826002523442)
(1.91210811083412 0.00648139603170288 0.0122299569904286 -1.23225338730421 -0.000422842219236439 -0.67985779264545)
(1.23089382025037 0.005747255614065 0.00809518203998285 -0.807868516254323 -0.000235289366389337 -0.423026383001887)
(0.741243631714432 0.00373517224470765 0.0050037042658904 -0.495453350150374 -0.00011778906282402 -0.245790610251294)
(0.403844637575678 0.00188950042542773 0.00278413331831786 -0.27485189351605 -5.01961589405116e-05 -0.128992826458321)
(0.185862182470358 0.000697170410873298 0.00130712844101226 -0.128758343394417 -1.64854208631354e-05 -0.0571038607708918)
(0.0608279928062044 0.000148216500593033 0.000435928455824214 -0.0428622177512426 -3.23663076683849e-06 -0.0179657832291952)
(0.00634646799376589 5.39577947013995e-06 4.61604332674591e-05 -0.0045456730128183 -1.11639801213301e-07 -0.00180079736039756)
(1.45604590203755 -0.0787898650832504 -0.279097810652181 -0.64565508345787 -0.00302550091287408 -0.819855367176436)
(1.60923054440312 -0.225410272241435 -0.226445241321124 -0.804614890311508 -0.00720496881615713 -0.811757159862858)
(1.89787516490351 -0.332974379706171 -0.140075265887473 -1.08981323693428 -0.00686116976600717 -0.811374313036505)
(2.32049322084165 -0.378376975106238 -0.0418869858848351 -1.47623035143156 -0.0109689501909966 -0.84501732190931)
(2.85427351295572 -0.349427821832249 0.0465870054188433 -1.9270358595115 -0.0215173032191632 -0.92640552073429)
(3.46442164738878 -0.219226040128077 0.113923123444945 -2.40883016842708 -0.0319211244683333 -1.05349445035651)
(4.12820267052335 -0.0722425567996288 0.143375971389385 -2.90665673892461 -0.0429815471821706 -1.21942798195067)
(4.83993594959538 0.161536787487874 0.149289614886517 -3.40664362746134 -0.056732161046384 -1.4313695933267)
(5.60645613649806 0.420790763674937 0.132158271578617 -3.91969071189891 -0.075232876890508 -1.68391424270944)
(6.45479112752292 0.669676440581743 0.103086704903376 -4.46125491956869 -0.103038448054631 -1.98930334955115)
(7.43518093984698 0.889288139129174 0.0706718543798645 -5.04788260535708 -0.140038311418557 -2.38342093338372)
(8.59723794645428 1.06780385754831 0.0372985690306241 -5.70300061023735 -0.1773188225844 -2.89073899261863)
(9.96078092031703 1.18770244871052 0.00595276214655028 -6.44683169626799 -0.207544440004858 -3.51015207847369)
(11.5376819191102 1.23170042514119 -0.0217023688382025 -7.29666273853045 -0.228216704820377 -4.2370144155512)
(13.3282245632824 1.18369019132956 -0.0410713046564612 -8.26044574729972 -0.237436020571661 -5.06430933544002)
(15.3166345799641 1.030108330744 -0.0452299052304434 -9.33572771723614 -0.23253000774059 -5.97872485194527)
(17.4832233738443 0.765817950305324 -0.0337447078415827 -10.5171133509079 -0.214816564541199 -6.96492172831693)
(19.7921734561134 0.395996943078619 -0.0077509819794112 -11.7851203275585 -0.1890400268966 -8.00621675727925)
(22.1878744753108 -0.0666380736241008 0.0318449423419966 -13.1039290048671 -0.160628987968132 -9.08339492579074)
(24.5946773568081 -0.604472557887939 0.0840204789627776 -14.4253830607223 -0.132458734024481 -10.1692850488502)
(26.9175300654242 -1.1960743273244 0.141782672884446 -15.6911759767787 -0.10675933148383 -11.2269320150197)
(29.0458527259062 -1.808317143943 0.196567337341114 -16.8359796299303 -0.0858953822762172 -12.2107728817253)
(30.8615130389694 -2.39933260434044 0.24365609767642 -17.7934372229489 -0.0705457244772908 -13.0690206347448)
(32.2455124861697 -2.9279931460824 0.280939334543333 -18.5000620351639 -0.0595597279873026 -13.7463189329073)
(33.0865349134558 -3.35049382956744 0.307165366822439 -18.8995755636567 -0.0513589876299586 -14.1877180922159)
(33.2924239651538 -3.62097675563887 0.321860291444007 -18.9480319240895 -0.044675847436487 -14.3450310314914)
(32.803631226868 -3.70175881022232 0.325605250388332 -18.6197369806004 -0.0387033705433384 -14.1843955387004)
(31.6056536058602 -3.57465081279445 0.319788019527822 -17.9125475901042 -0.033052434131298 -13.6934738333311)
(29.7375578773251 -3.25052206540417 0.306434020700319 -16.8512685797451 -0.0276583785950574 -12.8865214004007)
(27.293464307587 -2.77270962874614 0.287517797889694 -15.4878092931076 -0.0226717959239296 -11.8057674791097)
(24.4151261577734 -2.21031466001672 0.264626177995762 -13.8971609020575 -0.0182592086040808 -10.5179948297995)
(21.2758708853995 -1.64166985345943 0.239081674162411 -12.1694161541943 -0.014500133267743 -9.10643470321536)
(18.0581248824535 -1.13354291267656 0.211937181904744 -10.398750858816 -0.0113770956003112 -7.65933457977095)
(14.9304155794898 -0.72592290034477 0.1841356860618 -8.67220726251194 -0.0088062769293801 -6.258166267089)
(12.0286968900051 -0.429162740761545 0.156593460459545 -7.06054629816972 -0.00669761753127567 -4.96811646258811)
(9.44568093325077 -0.231641499290401 0.130139527658564 -5.61294514995228 -0.00497881965448958 -3.83271201913229)
(7.229465602499 -0.111187341249018 0.105492739874613 -4.35623942192401 -0.0035968233963844 -2.8732111088634)
(5.38936716405508 -0.0443267280245185 0.0832067840903804 -3.29768064236385 -0.00251071430992573 -2.09167784733114)
(3.90602136195835 -0.011311046151883 0.0636539963654481 -2.4298147950902 -0.00168212489663624 -1.47620196384095)
(2.74243223760388 0.0022918614365028 0.0470152494825911 -1.73586593083809 -0.00107293718657595 -1.00656413242467)
(1.85355396281072 0.00596035344813534 0.0333003657730071 -1.19445473625033 -0.000643871351318253 -0.659098296829117)
(1.19320216816759 0.00534714764637769 0.0223748592793866 -0.783032280997304 -0.000357264738757869 -0.41016953585787)
(0.718433462703201 0.00348530162664603 0.0140028872139444 -0.480123443859488 -0.000178224781183974 -0.238309908244735)
(0.39139799512614 0.00176613086269377 0.00790025736219003 -0.266313557569223 -7.60082618588135e-05 -0.125084411481042)
(0.180299498725898 0.000654643913533793 0.0037556530834192 -0.124853272092575 -2.50477373372745e-05 -0.055446224167285)
(0.0588967777413597 0.000138275640892086 0.00126218896214069 -0.0414851938265616 -4.89187092076279e-06 -0.0174115821018883)
(0.00604001617268234 4.88305165029873e-06 0.000132735248493006 -0.00432435914351267 -1.68510909921174e-07 -0.00171565585596)
(1.89956867368241 -0.0396789548061474 -0.387434366324477 -0.711773906311595 -0.00810976083953589 -1.19383440067354)
(1.95280086922847 -0.128830376060984 -0.33808366118634 -0.820905483372624 -0.0152175655854184 -1.13571613794945)
(2.10013683666231 -0.206713699163408 -0.233413403621916 -1.03354813945425 -0.0109747742504395 -1.0685827456156)
(2.38669490841993 -0.252693578194188 -0.0983011145388825 -1.35829522486627 -0.00953810715134543 -1.03072023365374)
(2.81061096333492 -0.243450438432582 0.0378110966484272 -1.77848242556126 -0.0139230230806695 -1.03391789525782)
(3.35671624309827 -0.161315193081956 0.147629072965072 -2.25861497920857 -0.0219399613232156 -1.09909996458002)
(3.99675416540172 -0.00707196579303693 0.206669078959986 -2.77099545647208 -0.0388562989641505 -1.22753348792955)
(4.71659811911282 0.20410978719963 0.221357444104292 -3.30417481655291 -0.0609250194813881 -1.41453581136764)
(5.50804618363904 0.445479326469357 0.208008849660131 -3.8542856059947 -0.0839816168815036 -1.656792964867)
(6.38751618142887 0.690934072170716 0.173100774318131 -4.42854257107104 -0.116893740873932 -1.96187628843027)
(7.39742410919028 0.916060230331134 0.130236983335445 -5.04371679238206 -0.159830105131426 -2.3551944134011)
(8.57948312132821 1.09525688769721 0.0819306931812939 -5.72306726817007 -0.206377432843598 -2.85685348010661)
(9.96135939927053 1.20829164002116 0.0245996823945724 -6.48504112106192 -0.253331798378309 -3.47680408204445)
(11.5538648165151 1.24025622506692 -0.0326261665531632 -7.34403142094113 -0.294885097813055 -4.20985556924301)
(13.3584475759431 1.17721511324671 -0.0803371482051794 -8.30844384774285 -0.321730862912774 -5.04865602781561)
(15.3640407798817 1.00672081090739 -0.111324474140226 -9.38141014266708 -0.32796026955519 -5.98009632723273)
(17.5526879808477 0.72401622510669 -0.121995768053991 -10.5593015488545 -0.312719967590102 -6.990387513651)
(19.881357609749 0.334726915176883 -0.110179109621046 -11.8189028351311 -0.280579430451254 -8.05919491831147)
(22.2803002791065 -0.149330425436996 -0.0763255382186087 -13.1197964032526 -0.237927429215774 -9.15691831581342)
(24.6653635345415 -0.711126579899805 -0.0225259489174397 -14.4120640469607 -0.192162744276268 -10.2494172157183)
(26.9370933290871 -1.32497531995011 0.0448258712140154 -15.6362604251211 -0.149479722511612 -11.2969616227209)
(28.9844674248981 -1.94974794840792 0.116498241338636 -16.7272706105137 -0.11342772062237 -12.2535885909408)
(30.6913456227425 -2.53787460229056 0.183553345262488 -17.6194826059303 -0.0854261257533928 -13.0687224027456)
(31.9430583609779 -3.04731026053819 0.2398008447581 -18.2513210428065 -0.0648080521516044 -13.6891184998463)
(32.6373160925235 -3.43637410612181 0.282050369516109 -18.5711356023701 -0.0499103442111005 -14.0639943652245)
(32.6946298951166 -3.66330181085433 0.308954344725769 -18.5418150442298 -0.0389520345499981 -14.1510154997793)
(32.0703052969409 -3.69690644226733 0.321530806252902 -18.1455088435812 -0.0306768011499173 -13.9233925892621)
(30.762405105939 -3.5270743210425 0.321562412867976 -17.386141371262 -0.024335220996712 -13.375213717303)
(28.8191820811283 -3.17130327941295 0.31159935177248 -16.2925430399769 -0.0194350570044542 -12.5258876766681)
(26.3406569955499 -2.67707218879747 0.294194097288103 -14.9188301217083 -0.0157401280498273 -11.4213321517153)
(23.4697358267527 -2.11389803755313 0.271391584258089 -13.3398150422662 -0.0130052615312349 -10.1296239288766)
(20.3770617223805 -1.55700069930063 0.244984185043197 -11.6436796940287 -0.0109751696569394 -8.73322409206915)
(17.2375754838685 -1.06749907821922 0.216325855889822 -9.92048168639513 -0.00934380084946687 -7.31701181478174)
(14.2106888437486 -0.679803548290213 0.186818317203792 -8.25256480512455 -0.00792221097388418 -5.95808515848955)
(11.4208542896783 -0.400336284911974 0.157597601495411 -6.70482759466441 -0.00659660458457055 -4.71601333625461)
(8.95046704853737 -0.215636720866457 0.129748121158256 -5.32120550365643 -0.0053152666540184 -3.62925762765892)
(6.83997738679917 -0.103549210539901 0.104131183452113 -4.12465661064693 -0.00411913719667842 -2.71532020375474)
(5.09316133733459 -0.0415110895859961 0.0813107493416588 -3.1195491127942 -0.00305181627876329 -1.97361269289575)
(3.6884272972391 -0.0108917880932566 0.061609980980797 -2.29723488156308 -0.00215130348432447 -1.3911929168197)
(2.58829074071432 0.00177415113121592 0.0451010807151405 -1.64057884997717 -0.00143175874206535 -0.947712273540061)
(1.74864845915626 0.00525672226373568 0.0316802729105098 -1.12861244279128 -0.000890858296705095 -0.620036185326457)
(1.12548662379902 0.00478106505147685 0.0211293376680756 -0.739852180457246 -0.00050995113799107 -0.385634521049924)
(0.67772579475566 0.00313457233268434 0.0131386826410012 -0.453737111842819 -0.00026138559071103 -0.223988708806011)
(0.369151070301441 0.00159088785572648 0.00736733343407109 -0.251663043267065 -0.000114030646526398 -0.117488032135342)
(0.170044478830857 0.000590313980589354 0.0034834012787999 -0.117993250726558 -3.83102760636387e-05 -0.0520512307312524)
(0.0555631359620491 0.000124887292825702 0.0011652644264363 -0.0392205933298127 -7.6208302855502e-06 -0.0163425393980031)
(0.00547428108006383 3.99502893598266e-06 0.000117304537184524 -0.00392962348735298 -2.44727106704863e-07 -0.00154465822704001)
(2.4550975626734 -0.00777792547742476 -0.418093386497515 -0.806174125066378 -0.0085295153999202 -1.6524566371376)
(2.42061724540071 -0.0297552963629469 -0.375188748268952 -0.873837760564116 -0.0161916913420236 -1.54799102520943)
(2.42697188805872 -0.0630202096515224 -0.277592813011588 -1.01321606437778 -0.0103024416280665 -1.41504221890371)
(2.54536973909956 -0.0993072353391424 -0.133358346048753 -1.2579001458792 -0.000915024130195341 -1.28994124247833)
(2.81257246380155 -0.107123631841114 0.0178542731659268 -1.61287346810837 0.0054764125420107 -1.20221951098338)
(3.23679592480537 -0.0578412972931961 0.1498796620347 -2.05306080568731 0.00399483172263998 -1.18713004013573)
(3.80055824301881 0.0539726276548222 0.233002977935311 -2.55390650709185 -0.00807399541921167 -1.25133564593127)
(4.4874368109498 0.225954928845697 0.272332398560108 -3.09678791568198 -0.0247657116429696 -1.39622282122649)
(5.28261107452561 0.441013941112926 0.27030758792689 -3.66814410320763 -0.0473063333815526 -1.61985210182053)
(6.18592170714412 0.672220953386705 0.23594774720221 -4.27007702403569 -0.0824368322728348 -1.92074449751069)
(7.22026406823607 0.892020873593028 0.184773932784947 -4.91542004236249 -0.13054700804406 -2.30850837357232)
(8.42103194522567 1.07222568711562 0.121076736910473 -5.62074666164033 -0.189599820246881 -2.80198677965148)
(9.8244793969032 1.1912519964042 0.0484816973741083 -6.40782113560371 -0.254668733212297 -3.41620550005778)
(11.4481840509868 1.23060763678209 -0.0290733202984751 -7.29286269498355 -0.314157481685857 -4.15317249783422)
(13.2886514382043 1.16899486565393 -0.102482420508143 -8.28187233903176 -0.356578979115451 -5.00382102750204)
(15.3352101569248 0.990323349221797 -0.161855494396097 -9.37534131765814 -0.375051210114674 -5.95649377251576)
(17.5615589455088 0.692320565414787 -0.20689174758513 -10.564193744029 -0.367918729703435 -6.99354177721405)
(19.9132345854146 0.281368572151198 -0.235894224560142 -11.8220515163112 -0.33916294546555 -8.08733223715165)
(22.313099864624 -0.231104793841417 -0.242760173817405 -13.1076506632583 -0.294862589970082 -9.20188165089334)
(24.6655978778697 -0.824507743899035 -0.224484052668056 -14.3671681564954 -0.242504967219196 -10.2953614357782)
(26.8666568183925 -1.46644849202466 -0.183513341680634 -15.5403981180784 -0.188861689375997 -11.3237389402711)
(28.8101012699212 -2.10679023017133 -0.125990076747893 -16.5653174108364 -0.138400809416232 -12.2425876006132)
(30.386239381199 -2.69342954920962 -0.0605474895313925 -17.3801385460326 -0.0944623552232137 -13.0039808749286)
(31.4866206079379 -3.1842797049084 0.00439044253576944 -17.9271299422525 -0.0586452308845196 -13.5573777892719)
(32.0176542747056 -3.53989256916122 0.0624440903327831 -18.1596308598629 -0.0313852892935102 -13.855974648922)
(31.9098790701084 -3.72350981293346 0.110145142216045 -18.0455748315033 -0.0121801910249554 -13.8623809563273)
(31.1309235582503 -3.70934812738027 0.145957471048049 -17.5728480012242 0.000251231443734026 -13.5564412383881)
(29.6955874355428 -3.49401464993865 0.17001936776302 -16.7531406562023 0.00727617063013379 -12.9411760079344)
(27.6666617914792 -3.10251585365772 0.183215871814202 -15.6217729627335 0.0101402487062652 -12.0439429365982)
(25.1529078550144 -2.58761675898747 0.186654409761268 -14.2365621002439 0.0100406182117401 -10.9156723454518)
(22.300362188694 -2.02054244988069 0.181801614428547 -12.6734391454076 0.00815124140076357 -9.62646495798712)
(19.274936960779 -1.47360196960291 0.170399013088724 -11.0179142165256 0.00550002688704198 -8.25671931744999)
(16.241829919096 -1.00222051014844 0.154364130854366 -9.35506688429248 0.00283026592611108 -6.8865717897415)
(13.3452306274122 -0.634522339687301 0.135410409448743 -7.75948819870548 0.000660833635748318 -5.58562832573944)
(10.6961890302582 -0.372382355288948 0.115275939351946 -6.28935886641344 -0.000794075961771629 -4.40676436469202)
(8.3646479371894 -0.200535123841418 0.0954160616453225 -4.98235573127868 -0.00157177422792296 -3.3822563555759)
(6.38168055445987 -0.0967290438917592 0.0767693177684961 -3.85661223391861 -0.0018169619643332 -2.52504973227909)
(4.746158129577 -0.0393291393190738 0.0599519210114614 -2.9139201190477 -0.00170167631170788 -1.83222853720783)
(3.43433201072419 -0.0109197744947118 0.0454388778193959 -2.14443286013145 -0.00140328331314445 -1.28989463291441)
(2.40877660422473 0.000968211779911438 0.0332314945321249 -1.53089045171472 -0.00104431061128106 -0.877884192374901)
(1.62700714040889 0.00438955325133491 0.0233299728345207 -1.05301955636925 -0.00070561072660896 -0.573986782254736)
(1.04688119028382 0.00412096415632766 0.0155500264157509 -0.690162122793268 -0.000430061430608784 -0.356718784776074)
(0.630230683582482 0.00273224122223298 0.00966012680668394 -0.423193514727268 -0.000231407448595608 -0.207037080789368)
(0.343340696315423 0.00139645297777241 0.00541423622911438 -0.234772933655672 -0.000104988906488993 -0.108567741258029)
(0.158177295043082 0.000520242717066804 0.002558973714248 -0.110094436942316 -3.63833852838557e-05 -0.0480828561514673)
(0.051676676994534 0.000110128933004541 0.000855957788117201 -0.0365914467653166 -7.39760817760465e-06 -0.0150852281854462)
(0.00530288620077998 3.85404905208458e-06 8.99235338382398e-05 -0.00381733340673165 -2.59917931475098e-07 -0.00148555193156921)
(3.0812808266916 0.022082408181712 -0.277175446695968 -0.948928775527762 -0.0087701344855776 -2.13387335130265)
(2.97996986423328 0.0482777946031129 -0.333175344453115 -0.968157907779766 -0.0133851628632822 -2.01168010283051)
(2.86996460821257 0.0611491893340643 -0.254999590205717 -1.04466625457503 -0.00612192773748943 -1.82669681391756)
(2.83591517926001 0.0496286176632523 -0.130676080154598 -1.20952765699841 0.00838134613310126 -1.62864358637713)
(2.92853756576652 0.0388630130734826 0.00810699072414933 -1.47133036975672 0.0254646834612988 -1.45945554370309)
(3.18818416959517 0.0513541070014676 0.137826244377313 -1.83407891994549 0.0355959075401402 -1.35682617633879)
(3.62513909221671 0.114733210863074 0.23760006372496 -2.28689567774056 0.0323045477587249 -1.34210926635451)
(4.22996553875022 0.242230384522402 0.302478811386626 -2.80888821836225 0.0253278086432198 -1.425767622565)
(4.97863989010605 0.418430082875176 0.32345370017307 -3.38018599827933 0.0119441574718104 -1.60398974396486)
(5.86573523752477 0.620412811463654 0.298455384087581 -3.9963818215932 -0.0177280405071401 -1.87491661864852)
(6.90324046674836 0.825534049179893 0.238579962748746 -4.66452759926417 -0.0688529212481175 -2.24262724175537)
(8.1123380640772 1.00434229043635 0.16334213678177 -5.39822747067287 -0.1365658482248 -2.71748664936154)
(9.52167613327887 1.12845470914097 0.0814562460292272 -6.21526072217572 -0.212353656765886 -3.31015712781895)
(11.1475868408015 1.1769180066169 -0.00824966255741755 -7.124177099207 -0.285549687592891 -4.02725385431174)
(12.9918664859539 1.12672264283643 -0.0983431473896463 -8.12904255152135 -0.345808655518939 -4.86621148706318)
(15.0511151382222 0.958335322181424 -0.184866495281267 -9.23280039703324 -0.383208378557516 -5.82107983215587)
(17.2894644153032 0.662707562396092 -0.268175485062162 -10.4234135873822 -0.392507488985419 -6.86811991834537)
(19.642061060771 0.239959789630926 -0.342381884944157 -11.6719089510711 -0.374690075343095 -7.97086202065964)
(22.0274980963639 -0.298093416462685 -0.395286461100264 -12.9369102266895 -0.334966394511132 -9.0895127393739)
(24.3503014990802 -0.924380294401034 -0.42027881521994 -14.1661322082616 -0.280611861389595 -10.1814093534399)
(26.5032502558554 -1.59900711125398 -0.41807017689996 -15.2992538983213 -0.219297926710354 -11.1997190126708)
(28.3723226919572 -2.26361084142041 -0.393147672761846 -16.2729023304707 -0.157481289622511 -12.0941927470244)
(29.8452276295788 -2.86059652765305 -0.3505458321511 -17.0259728363143 -0.100335915228767 -12.8138155464794)
(30.8180222685684 -3.34649396059465 -0.296338245304427 -17.5031028920294 -0.0515978029568627 -13.3097232295195)
(31.2047914492035 -3.68045210090852 -0.237762008679695 -17.6607790855146 -0.0133451221045634 -13.5394132451244)
(30.9508567882083 -3.82752327326538 -0.180817176853588 -17.4735637721699 0.0138842455806539 -13.473430589928)
(30.0396585996465 -3.76802947884386 -0.129633288298114 -16.9365411234094 0.0308329207460176 -13.0999632103612)
(28.5004439003245 -3.50636839492674 -0.0865026724095425 -16.0682905571014 0.038999572227376 -12.4297048763103)
(26.4088331260522 -3.07566792932545 -0.0523031142051169 -14.9101457730625 0.0403065996349155 -11.4968673342839)
(23.8815464740489 -2.534912314891 -0.0268510854022949 -13.5234581543371 0.0368031729139522 -10.3568049588527)
(21.0661832550412 -1.95759134900181 -0.00916599688393431 -11.9845591943386 0.030502755382929 -9.08076821408805)
(18.1232306637181 -1.4138685944075 0.0021295396444899 -10.3760217518644 0.0231667844801553 -7.74666367745845)
(15.2073575535518 -0.954028895483566 0.00850563130046377 -8.77757625865435 0.0161427320214023 -6.42945168492963)
(12.4502725412949 -0.600612922763519 0.0113776967714551 -7.25763322326302 0.0102506069395537 -5.19244886570757)
(9.94877749580048 -0.351465543173802 0.0119319851592853 -5.86727069557116 0.00581717637499051 -4.0814018303565)
(7.76131129065929 -0.189334324516205 0.011096236569832 -4.63838384844624 0.00280779672785149 -3.12287162698433)
(5.91043274755009 -0.091820597209203 0.00960939792009168 -3.58479972375611 0.000970237564373454 -2.32560472381593)
(4.38974791658289 -0.037957677100136 0.00786245766888594 -2.70555237380169 -4.78073657837188e-06 -1.68418168470154)
(3.17327520089217 -0.0111926932420245 0.0061885090052544 -1.98949530294572 -0.00041612587198517 -1.18377358116309)
(2.22407529014483 0.000153677435606334 0.00465884493283381 -1.41948047682608 -0.000499478218387608 -0.804592125347919)
(1.50157470778045 0.00358870421089553 0.00335009308530023 -0.976050439131308 -0.000423277796686123 -0.525523217958712)
(0.965939110006212 0.00353914666627046 0.0022767051109885 -0.639601527112019 -0.000294770363410138 -0.326337214593307)
(0.581457991296886 0.00238651245717203 0.00144599499605299 -0.392174527669694 -0.000173240083745339 -0.189283353265136)
(0.316853483921124 0.00123151716443731 0.000830075245257558 -0.217620366475252 -8.37110889111427e-05 -0.0992330924222887)
(0.14602298474448 0.000461531103721199 0.000399139505819335 -0.102083703512893 -3.03889027075215e-05 -0.0439392773409842)
(0.0477026371784332 9.79321578262367e-05 0.000135228049909801 -0.0339274491363007 -6.39179833274192e-06 -0.0137751866247007)
(0.00500602492811181 3.59496318757132e-06 1.45042114562534e-05 -0.00361913302943595 -2.41492911856634e-07 -0.00138688965301816)
(3.73639852458465 0.0426934974168017 -0.143949834568764 -1.10820154487239 -0.00798952824718017 -2.62679032199031)
(3.59717235798185 0.10821504363363 -0.210912312289112 -1.09803113821853 -0.0155236971765432 -2.49931039333811)
(3.41166760392993 0.148098011457126 -0.161837806638857 -1.12453994589267 -0.00582106729222864 -2.28719409052849)
(3.25385850951656 0.163667143982236 -0.0745075856355064 -1.21277969441114 0.0138485135225845 -2.04313150982862)
(3.18904040676649 0.16037574364424 0.0298932858121777 -1.38397798044852 0.0412057965230092 -1.80872495978601)
(3.27527510614076 0.157135788678176 0.139678842817091 -1.65299648134105 0.0647390455231695 -1.62600927197904)
(3.55152910655134 0.191371180627723 0.236966638977173 -2.02499776758842 0.0766938230170636 -1.52893359638387)
(4.02938660116547 0.277237756016933 0.317834958696898 -2.49656883354889 0.0807137113999513 -1.53449604669653)
(4.68457128783431 0.405597689238455 0.359266595568315 -3.04320650573496 0.0768677086780119 -1.64361992169167)
(5.50837543343446 0.566067826328065 0.34846000226302 -3.65238047810116 0.0545861526484511 -1.85991281411414)
(6.50939050218914 0.746361254240627 0.293445865533599 -4.32679343258626 0.00699045797935319 -2.187609388516)
(7.69082953110638 0.917225055916429 0.211972589805016 -5.06943675221787 -0.0633309798390371 -2.62663314613876)
(9.0625169849334 1.04430676624722 0.12003487922357 -5.88819131767093 -0.146527889939263 -3.17921808970003)
(10.6424807386514 1.09944167983918 0.0192024008435843 -6.79338800491221 -0.231743945677151 -3.85351527813679)
(12.4394761746865 1.0595727256881 -0.0882240888074054 -7.78894098181591 -0.307771895861204 -4.65418982308765)
(14.4490006284575 0.90383575295866 -0.198004327286972 -8.87534239304096 -0.363467090483412 -5.5762422231521)
(16.642117159342 0.617278382683144 -0.305372253312598 -10.0460714029712 -0.390633924223015 -6.59709602442926)
(18.9572295345294 0.196820824855961 -0.404044300793989 -11.2774346441211 -0.388075547089732 -7.67936591679488)
(21.3142722407429 -0.345893566933188 -0.486686054708025 -12.5289131964305 -0.359027668305194 -8.78374005288169)
(23.6169315959498 -0.983296513274502 -0.549091035811717 -13.747146531285 -0.308612011627808 -9.86738907617601)
(25.7526496724744 -1.67420410572318 -0.590209508747024 -14.8694161608534 -0.243916288782572 -10.8803740221069)
(27.5981067018893 -2.35552685837271 -0.609363083168837 -15.8275900267224 -0.173071446807818 -11.767407207262)
(29.0321641388194 -2.96581520478826 -0.606212468952916 -16.5567169455729 -0.104541003891183 -12.4722984597721)
(29.9491034076896 -3.4578146257215 -0.58237679648467 -17.0017754510401 -0.0448764026601186 -12.9442805480119)
(30.2674160571291 -3.78609324179108 -0.542583177512001 -17.1224398029365 0.00214503475103772 -13.1422075379824)
(29.9405480521741 -3.914746097356 -0.49310909487431 -16.897646385575 0.035421814489887 -13.0405150147916)
(28.9628707624577 -3.82711690800314 -0.439783589446111 -16.3276760565436 0.0557026296747296 -12.6331713831547)
(27.3749369510981 -3.53329416786504 -0.386985406302029 -15.4363551500796 0.0647552389039005 -11.9369219348201)
(25.2621324049485 -3.07296974067591 -0.337292120480233 -14.2696972359239 0.0649552851554294 -10.9911178636808)
(22.7489102886772 -2.51068419837034 -0.291689595835095 -12.8928024867296 0.0589200198654066 -9.85509958386857)
(19.9841095817934 -1.92275076561755 -0.250244299918023 -11.3825153384013 0.049270761462731 -8.60085408057845)
(17.1253319303101 -1.37850977926099 -0.212588631034781 -9.81992801107416 0.0383024064497726 -7.30489139109381)
(14.3189175232931 -0.924788696992092 -0.178504383158569 -8.28050029876518 0.0278078890688502 -6.03807959830185)
(11.6862626020044 -0.580033349252387 -0.147757904716729 -6.82743394050865 0.018873661465376 -4.85861660020993)
(9.3135407161165 -0.339023592065498 -0.120312383914189 -5.50641646564446 0.0119498666014374 -3.80699729705216)
(7.25018418338419 -0.18305032966913 -0.0960967332234756 -4.34477859763302 0.0070024139173544 -2.90533362545353)
(5.51190820872605 -0.0894626274999763 -0.0751198678612758 -3.35279392673723 0.00373127782477692 -2.15907548305497)
(4.08859405673971 -0.0377189572237226 -0.0573020373576292 -2.52751766701958 0.00173942469452776 -1.56105658016733)
(2.95291684006617 -0.0118454593058915 -0.0424911252656627 -1.85697100201312 0.000637828920844318 -1.09593641794836)
(2.06840069089654 -0.000693814440410952 -0.0305031788613393 -1.32409904845079 0.000105954120932081 -0.744297468203403)
(1.3959291240285 0.00286760852520605 -0.0210365155540791 -0.91003954935432 -9.6423553097781e-05 -0.485887894095732)
(0.897893419863073 0.00304722528909214 -0.0137891109576942 -0.596204578613052 -0.000131844951722442 -0.301688230327673)
(0.540346645254959 0.00210093033620887 -0.00843657598239906 -0.365412886357974 -0.000100065954754979 -0.174933574709435)
(0.294361493369829 0.00109555279155194 -0.00466302080756185 -0.20267583736385 -5.54746196592336e-05 -0.0916856117365992)
(0.13559067139983 0.000412454282860756 -0.0021769137115585 -0.0950109323243015 -2.18896663167573e-05 -0.0405797334783023)
(0.0442985568122752 8.79628545273478e-05 -0.000717834286134355 -0.0315719623084663 -4.87064749425264e-06 -0.0127265938768534)
(0.00467535388758718 3.3116304624569e-06 -7.61717707064672e-05 -0.00338591643673527 -1.92513356896249e-07 -0.00128943519361647)
(4.41272291708076 0.0491375339850836 -0.0312834945084992 -1.28514630278693 -0.00938481001462768 -3.12429604173128)
(4.26098992446933 0.138870578153774 -0.0262819448154965 -1.26947538527372 -0.0215656704977171 -2.99064770918791)
(4.03900052367091 0.205648435695331 -0.00618393252974414 -1.25908251282738 -0.0151376900987907 -2.77985974153359)
(3.7967932962465 0.245086258330179 0.0401462071485086 -1.28266416248443 0.0111937069474493 -2.51587635355589)
(3.60839751701259 0.25252217406178 0.0996839930388549 -1.36976692577065 0.0477164710511772 -2.24087091938741)
(3.54180223386492 0.249918709876073 0.176730562267774 -1.54656453790722 0.084838799615247 -1.99814035803845)
(3.64829188049387 0.266846730825638 0.254875434561339 -1.8317275866413 0.11137803573842 -1.81860464259477)
(3.95982189363257 0.316496164438784 0.326234539458421 -2.22808818350488 0.126079644645146 -1.73251697430831)
(4.47778628111822 0.401284830320122 0.371290730474079 -2.71826434546097 0.128187631577732 -1.76013811042402)
(5.19569729742007 0.522870987690045 0.372119302169066 -3.2887557646887 0.112359150870779 -1.90837676721649)
(6.11030174635773 0.670508252524399 0.326970267614791 -3.93413284109075 0.069376813850509 -2.1785558677041)
(7.21766769632749 0.816054005239323 0.245282841405883 -4.65663310900776 -0.00170333204158027 -2.5643340455885)
(8.52085937424193 0.930188172976019 0.148267038368391 -5.4601307614102 -0.0910219365024667 -3.06402749497408)
(10.0286881865777 0.987487029894541 0.0413173161723446 -6.34608132842135 -0.185616079554897 -3.68501525218049)
(11.747074897859 0.95818515397683 -0.0749233785398113 -7.31764023019028 -0.274818014345673 -4.4309357402822)
(13.6735703856601 0.817547079281691 -0.192897246479372 -8.37899233100317 -0.346300528739188 -5.29579116998987)
(15.7809070562073 0.550455719622958 -0.306477637527302 -9.52421909244299 -0.39056736961213 -6.2577023571418)
(18.0183070469949 0.150144728813661 -0.411828125487476 -10.7317040826471 -0.403058032657534 -7.28725920110634)
(20.3166187456911 -0.375537877351009 -0.505175840386025 -11.9647379628773 -0.383337302090473 -8.35214538866432)
(22.5816810647235 -1.00326716066797 -0.587267240542472 -13.1713707267236 -0.336538693020975 -9.41024763523044)
(24.6987404084656 -1.6918957317281 -0.658699964078631 -14.2882002470028 -0.271380557432651 -10.4101489242312)
(26.5386307456549 -2.38068245420553 -0.716004897522546 -15.2448722105699 -0.197136483611635 -11.2929638367947)
(27.9724223330746 -3.0083809397261 -0.75326385959557 -15.9734144908839 -0.122898028312943 -11.9979160791908)
(28.8868501352761 -3.51933521822852 -0.766431882471247 -16.4159873892166 -0.0558911495512507 -12.4695512636837)
(29.1976069867666 -3.85984675225374 -0.755501449490944 -16.5312661946374 -0.000768118793528054 -12.664918851893)
(28.859486093734 -3.98899688974409 -0.724735524981792 -16.2993029267846 0.0400641428607952 -12.5588203635863)
(27.8726815746963 -3.88947018625645 -0.680191597023698 -15.723744837997 0.0661881354377047 -12.1477567253857)
(26.2869516768991 -3.57530126385704 -0.627391021025902 -14.8332113047728 0.0789447313294276 -11.4528155280216)
(24.1948560046632 -3.09242811757121 -0.570168939342728 -13.6773527394517 0.0807001727042376 -10.5167837862301)
(21.725673308865 -2.5113264945865 -0.511027017329432 -12.3237347587779 0.0743832206150228 -9.40140414000384)
(19.0292688075241 -1.91178818221156 -0.451434042477982 -10.8497206013016 0.0631237315527354 -8.17918510773649)
(16.2607205482619 -1.36338938995709 -0.392540837074078 -9.33509013766304 0.0498425479529173 -6.92539818377901)
(13.5599228756001 -0.911073193188694 -0.335570206849039 -7.85202300787856 0.0368831492763177 -5.70775809064125)
(11.0408842298368 -0.57026088010554 -0.281455509508313 -6.45994550752803 0.0256506108583378 -4.58085505868038)
(8.78162954647188 -0.333419327555852 -0.231377712144902 -5.20030724907156 0.0167652039284156 -3.58127367189485)
(6.82476488769831 -0.18073262928591 -0.186134109412138 -4.09687001242578 0.010277827642449 -2.72786848066242)
(5.18177562966698 -0.0891892000336807 -0.146260446116683 -3.15761132264143 0.00586561765201875 -2.02415056745551)
(3.84007749109318 -0.0384329544346218 -0.111990219691299 -2.37818115816246 0.00306606009357431 -1.46188948873823)
(2.77161349330049 -0.0128441731957054 -0.0833451978938031 -1.7460525629304 0.00142243590437359 -1.02555768637356)
(1.94042198706086 -0.00161636789910088 -0.0599871220637384 -1.24430568116873 0.000544187454457902 -0.696114869604796)
(1.30913477662592 0.00217769855629367 -0.0414973067274338 -0.854829200044916 0.000132480878272434 -0.454305000380916)
(0.842103697498026 0.00260952715942734 -0.027262336234825 -0.559965298179733 -2.22836945787301e-05 -0.282138192805449)
(0.506797341677004 0.00186070280836447 -0.0167359416452075 -0.343153940585672 -5.34231141267475e-05 -0.163643333902254)
(0.276035360965427 0.000983998483696789 -0.00925969634270407 -0.190265760627824 -3.86011058958999e-05 -0.085769582166353)
(0.127090073646683 0.000373046338119311 -0.00432669864400648 -0.0891370366391605 -1.72404905134551e-05 -0.0379530355455009)
(0.0415880659206563 8.03490231970077e-05 -0.00143537588065437 -0.0296598155516648 -4.13203122112454e-06 -0.0119282489676038)
(0.00426155013093097 2.77248235470473e-06 -0.000148364332657454 -0.00308893901526581 -1.55826180832803e-07 -0.00117260930124878)
(5.10638759578311 0.0479990697914639 0.231354921711802 -1.49987342658098 -0.0147620406579628 -3.60194780376889)
(4.96051592780793 0.148190840886673 0.214742850696583 -1.47667306770184 -0.0305581419076433 -3.481333644942)
(4.72914214612781 0.234641110715481 0.200669200929068 -1.43822912760036 -0.0260272332221489 -3.29124172174112)
(4.45034995952873 0.29057038812435 0.204457970344241 -1.41806412375604 0.00248753804737717 -3.03438821618125)
(4.18537148598411 0.313955770034518 0.22151472720083 -1.44437274301933 0.0447695276185007 -2.74264051672303)
(3.99960345430465 0.318407412468512 0.258232736057129 -1.54403868439001 0.0907809985107754 -2.45832944494044)
(3.94598726605542 0.323085516891712 0.303317557683241 -1.74180272381034 0.126328631901484 -2.20531397679664)
(4.0782662280743 0.346254554656448 0.342568260260076 -2.04900230349092 0.148503908475009 -2.02905184944799)
(4.42943619916091 0.398200563697247 0.369347263471884 -2.45945589689682 0.156284349325195 -1.97018594504271)
(5.00088777313275 0.481300538215321 0.369917385713912 -2.9625870947 0.144267493853578 -2.03877556077882)
(5.78442854504636 0.588171481421938 0.331513483012641 -3.55048903947838 0.104502724811778 -2.23446896454061)
(6.77325332732245 0.697660703329939 0.258335391741358 -4.22462108348675 0.0343447944202181 -2.54900783472421)
(7.97192362248767 0.787668463487384 0.163725715932244 -4.99105398054463 -0.0586794776519257 -2.98105633743056)
(9.37498567523947 0.833645190070878 0.0557783173157012 -5.84338578242575 -0.163016840222943 -3.53234146661114)
(10.9752554238025 0.804266997452187 -0.0595688838137978 -6.77788899130652 -0.265091761046208 -4.19874575713006)
(12.7684978527406 0.672001640345282 -0.174871471805791 -7.79609427986405 -0.350563938202587 -4.97393733472648)
(14.736451392028 0.419538748867335 -0.282955616800461 -8.89377952768954 -0.406323311424392 -5.84422526695286)
(16.8429720081128 0.0415236090309179 -0.381476842260003 -10.0544555506308 -0.426872711225181 -6.78993422514323)
(19.0308486249018 -0.456461852704598 -0.473130007088666 -11.2478016022851 -0.414067548336193 -7.78425245489549)
(21.2147866320109 -1.05712294916703 -0.561732330400758 -12.4263505945684 -0.37360879199241 -8.78944507854626)
(23.2861509905201 -1.72301905264539 -0.649170829936608 -13.5289867929164 -0.31260962093201 -9.75794102598451)
(25.1181403740799 -2.39935352461585 -0.730137195720543 -14.4869775058561 -0.239559141206033 -10.6317457279208)
(26.5770517114202 -3.02769376494453 -0.795951002258404 -15.2307696704807 -0.163055732882785 -11.3466729279155)
(27.5390740626169 -3.54693987511305 -0.839880124909533 -15.6980090665432 -0.0906186768323874 -11.8412517646803)
(27.9087296957302 -3.89725699398768 -0.859777201035485 -15.8426477225742 -0.0280329636852142 -12.0661633703275)
(27.6318208082945 -4.03341137359365 -0.856609587203755 -15.6404813904611 0.0212562068230236 -11.9912405266403)
(26.7031555793191 -3.93427789477693 -0.833254835724218 -15.0929826022022 0.0553000024812979 -11.6100299470144)
(25.1754268481579 -3.61328577927625 -0.793689409642593 -14.2306075720505 0.0745849836874927 -10.9446575244043)
(23.1445417995741 -3.11945856011614 -0.741372958383601 -13.1048645256577 0.0810367592564812 -10.0394899928835)
(20.7455037605988 -2.52648759319998 -0.679614331954025 -11.7864449428553 0.0774673622382898 -8.95888794823234)
(18.1315930607274 -1.91750132797096 -0.61132822212544 -10.3544987618196 0.0673814127186416 -7.77694833933614)
(15.4573392094215 -1.36384082489878 -0.53928948438997 -8.88860742272403 0.0541783221065354 -6.56862352791378)
(12.8601811018266 -0.90976177450323 -0.466223772110483 -7.45970683787394 0.040646525382527 -5.4003951742865)
(10.4484198999221 -0.569300256336202 -0.394660773191689 -6.12425415314264 0.028588832077524 -4.3241137058318)
(8.29471604259306 -0.333584151833034 -0.326855934618263 -4.92095306152999 0.0188893755595591 -3.37373148367722)
(6.4364304043777 -0.181840945643481 -0.264563267649851 -3.87077209897708 0.0117134753817728 -2.56564029315662)
(4.88118019030708 -0.0907770049200416 -0.208977546702189 -2.97961720461236 0.00677457374904718 -1.90155327286277)
(3.61407799022983 -0.0400725788839489 -0.160796735479957 -2.24180609801664 0.00360739860594263 -1.3722668811022)
(2.60688563453836 -0.0142578036205855 -0.120193350583184 -1.64457328416175 0.00172428717015486 -0.962309958117802)
(1.82450931027956 -0.00267866222976361 -0.0868886535843433 -1.17127868842631 0.000699766216485805 -0.653229586648783)
(1.23088156174097 0.00146563369098853 -0.0603307213022507 -0.80434708769553 0.00020467096077561 -0.426534043861648)
(0.791477976211083 0.00217256942030155 -0.0398137074057074 -0.526523394651143 7.1657674726275e-06 -0.264954428575378)
(0.476313153017755 0.00162844768801244 -0.024520272664711 -0.322518487436322 -4.34605191285481e-05 -0.15379461917825)
(0.259591648272961 0.000883145361422558 -0.013630961093368 -0.17884561378404 -3.63669741010705e-05 -0.0807460223216795)
(0.11954983358298 0.000339111503724151 -0.00639951899750393 -0.0837691975008508 -1.70758869040759e-05 -0.0357806349753788)
(0.03909106724153 7.34497964478091e-05 -0.00212901685631609 -0.0278406145726721 -4.1892193115173e-06 -0.0112504521096931)
(0.00411529707157263 2.76431849596252e-06 -0.000226141464994157 -0.002976537870601 -1.74595113031569e-07 -0.00113875625439793)
(5.85788710413822 0.0435100997492199 0.512463292190112 -1.76976413549419 -0.0215000053845161 -4.08110532739561)
(5.72234429629641 0.134130771238142 0.478474994363413 -1.73252912555545 -0.0431568193205036 -3.98614727061861)
(5.49962355277178 0.226525648258403 0.439966872371486 -1.67281199236186 -0.0402488698131466 -3.82602830410478)
(5.21446757076532 0.297613046930434 0.406527179755187 -1.62521880108638 -0.0126820787835994 -3.59206508189798)
(4.91395278739394 0.335033398824119 0.389659939711484 -1.61505597031624 0.0319169913143222 -3.30137966829701)
(4.63915376468566 0.348066955472574 0.388372087713913 -1.65648175353856 0.0817714369249301 -2.98661344520053)
(4.44702929350806 0.350275469279898 0.390614692673957 -1.77149301968727 0.122982996382963 -2.677562987006)
(4.40633075857575 0.360241599195742 0.384003909435968 -1.98071867199841 0.150163786967912 -2.42510943569576)
(4.57497667337399 0.385687747804436 0.375038332674244 -2.29409429634204 0.16122824191952 -2.27931101031464)
(4.97157165630791 0.430957600730808 0.358371332861183 -2.71108342252214 0.151466591340488 -2.25910729318359)
(5.59185216156459 0.494882859945285 0.316343840185381 -3.22698255143466 0.11320182388985 -2.36387756375718)
(6.42258278925874 0.56364741105391 0.249520442158709 -3.8358967545848 0.0432763513060156 -2.58624885869495)
(7.46662178811505 0.61750618830022 0.161101963654899 -4.53778828074178 -0.0529530457122668 -2.92879058838795)
(8.71667469456203 0.633789133589403 0.0575862765525533 -5.32903683383003 -0.164866965836043 -3.38763363543544)
(10.1610876669751 0.586407083378428 -0.0509255502418043 -6.20657612275464 -0.276506760063621 -3.95478097102154)
(11.7896070035046 0.451088922433165 -0.157913239950189 -7.16634716289522 -0.371665595740804 -4.62394034333183)
(13.5902661869942 0.210525395608209 -0.257442777692699 -8.20357106545481 -0.43707935589622 -5.38786966753353)
(15.5385680334381 -0.14041110651783 -0.349405651276927 -9.30661226576856 -0.46663983262046 -6.23355503901821)
(17.5843422852908 -0.599292987140125 -0.438919093233272 -10.4474547570773 -0.46165018402979 -7.13879783804181)
(19.6513766977315 -1.15500937547365 -0.532515616612954 -11.5814266692417 -0.427405111505646 -8.07202377403427)
(21.640431880871 -1.77796657766884 -0.631358524576244 -12.6521753161961 -0.371224970204776 -8.99033655327181)
(23.4320844205806 -2.42307859588963 -0.729005978800292 -13.5957702993251 -0.301328026522093 -9.8382510127563)
(24.8970105896572 -3.03419104866892 -0.816383778175181 -14.3460534071808 -0.225773436108852 -10.5526249737455)
(25.9097815296363 -3.54645130016206 -0.886038958853376 -14.8405758363262 -0.151290565162878 -11.0706049208579)
(26.364923352112 -3.89625356269257 -0.933509841399761 -15.028335682247 -0.08330253536896 -11.3376392763072)
(26.1951717770446 -4.03354321714448 -0.95696444012674 -14.8791678560312 -0.0260018925943551 -11.3166959119175)
(25.3847099304208 -3.93481594159911 -0.956286659604113 -14.3897244335672 0.0177773733380118 -10.9954495424009)
(23.9757400103421 -3.61257814429715 -0.932960130049721 -13.5857946532165 0.0470011235273599 -10.3901952571431)
(22.06213364033 -3.11580403825828 -0.8892148344581 -12.5183671817657 0.0622731724820668 -9.54386961246365)
(19.7779362245875 -2.52009404787199 -0.828123334995916 -11.2577594821823 0.065764884460591 -8.52019026039058)
(17.2775257855685 -1.90991260291805 -0.753632581368645 -9.88375266994861 0.0607503118174619 -7.39374564078847)
(14.7156872194412 -1.35685734010772 -0.670138960226561 -8.4759880991352 0.0508506529714564 -6.23966125167132)
(12.2288617548331 -0.904696592677031 -0.582248212326327 -7.10482531865477 0.0392535114603784 -5.12400121981354)
(9.92302626831854 -0.566603942514803 -0.494280965493856 -5.82545388666615 0.0282193945363002 -4.09754689844836)
(7.86804550972011 -0.332890997177424 -0.409919535225454 -4.67503812749995 0.0189856389947862 -3.19299055801918)
(6.09874507417886 -0.182447375166324 -0.331953463276705 -3.67315923019101 0.0119651166392851 -2.42557525360218)
(4.6208442611053 -0.0920044414285599 -0.262267783684434 -2.824623100451 0.00703353282992847 -1.79621490475317)
(3.41897244443962 -0.0414176714134404 -0.201831314574028 -2.12339148379578 0.0038162788859346 -1.29557761260668)
(2.46488830780291 -0.0154389278736369 -0.150885849614899 -1.55656883773859 0.00187168257899315 -0.908317851676761)
(1.72468557215218 -0.00356829392262849 -0.109109740085622 -1.10799209825569 0.00079370207049966 -0.616692724148195)
(1.16324479780737 0.000862779585468569 -0.0758120111320517 -0.760440747122822 0.000259355333289477 -0.40280373949858)
(0.748024259188613 0.00181234088642731 -0.0500619294179647 -0.497604610213147 3.59845128679996e-05 -0.250419528846403)
(0.450164939897226 0.00143813704178099 -0.0308569300391642 -0.304673616385008 -3.0136099754699e-05 -0.145491284199419)
(0.245234467012147 0.000796384836526275 -0.0171684644987737 -0.168806146336957 -3.10341996639778e-05 -0.0764283131216626)
(0.112937438890501 0.000309570377982732 -0.00805835618032206 -0.0790289381894188 -1.54581545397778e-05 -0.0339085015264922)
(0.0369290378774961 6.74849820885237e-05 -0.00268002904228939 -0.0262527093626262 -3.89624485354302e-06 -0.0106763287089543)
(0.00389643373368411 2.54329513354256e-06 -0.000287101263960598 -0.00281161114772019 -1.63260091867927e-07 -0.00108482114139829)
(6.70691094027507 0.0375008695473903 0.778347532672585 -2.11050258098013 -0.0280716959596618 -4.58702094089358)
(6.58639117184603 0.110233121409259 0.741868763918081 -2.05856530219043 -0.0606843618659538 -4.52419483079896)
(6.37213642284162 0.191776450065184 0.68579660473836 -1.97856062098772 -0.0640352584513709 -4.39198601899262)
(6.09869640297605 0.26711316003224 0.628849854738946 -1.91277268859563 -0.0392685667507387 -4.18824141077118)
(5.79181264023556 0.309462634408514 0.591875033993874 -1.87989835918851 0.00357623857841238 -3.91573857521693)
(5.45613782958168 0.331512480539275 0.558579380843189 -1.87783172506461 0.0524194294869072 -3.58136559645389)
(5.15135071731932 0.343298572755896 0.515911344573598 -1.91985871856694 0.0970481636666163 -3.23387320834357)
(4.95445877207221 0.352525974216248 0.458999544098804 -2.03564456156886 0.129141840542886 -2.91855524770243)
(4.9403155545308 0.361198360936889 0.403355515698339 -2.24969149639988 0.142907456462398 -2.68949900973244)
(5.14812601676284 0.374970110113745 0.350973257874523 -2.57018188974058 0.133996902959628 -2.57672601747477)
(5.58320122174902 0.398624342697359 0.290723553911546 -2.99779088541268 0.0956373156476072 -2.58440094760568)
(6.23170674375527 0.424775392714027 0.217195765573604 -3.52480532572335 0.0247194730698199 -2.70608250131078)
(7.09285621369367 0.436322526827701 0.129787723889085 -4.14730465900752 -0.0741862638557183 -2.94510377421686)
(8.16188697753141 0.41544864211505 0.0329514052156139 -4.86360447338644 -0.1904117932775 -3.29806915182173)
(9.42746731464756 0.342180550415584 -0.0647501121054297 -5.67126739236247 -0.308349467951419 -3.7563435810652)
(10.8786281387894 0.194875612747328 -0.159194803585149 -6.56496021486602 -0.410865152389232 -4.31410404993728)
(12.5060212263586 -0.0402979662900806 -0.249037800786206 -7.53782746638469 -0.484451429521699 -4.9690747798437)
(14.2871757366712 -0.368452595126317 -0.337973329482222 -8.57702922997595 -0.523512466997464 -5.71156225807775)
(16.181606335857 -0.790426649605934 -0.431475332102033 -9.65785662698444 -0.528112874257908 -6.52567169723776)
(18.1263055610759 -1.29825090150564 -0.533480087541626 -10.7421233366699 -0.502423251834228 -7.38652990505186)
(20.0324039860397 -1.86933740256211 -0.642922675296198 -11.7797378174181 -0.453646466336693 -8.25521317874743)
(21.7867614454585 -2.46757504071787 -0.753466253249358 -12.7109782799864 -0.389407301652064 -9.07831373738348)
(23.2612993592793 -3.0415450728652 -0.856908879059963 -13.4704364839533 -0.31625551117823 -9.79328824275354)
(24.3276673434382 -3.52844760037894 -0.946472388008714 -13.9942146541119 -0.239792522604981 -10.3356280185807)
(24.8733601341585 -3.86431000460724 -1.01638527960779 -14.2282967976286 -0.165353791502373 -10.6468567394715)
(24.8194657688414 -3.99657720868649 -1.06169544630172 -14.1373829915285 -0.098078201296993 -10.6834572651531)
(24.1379868916376 -3.89870854580737 -1.07926262169096 -13.7126968378345 -0.0421631669855962 -10.426263021885)
(22.8596455052293 -3.58064146562578 -1.06820288774474 -12.9747369354 -0.00029324697552514 -9.8855049069071)
(21.0719919750433 -3.08870763348432 -1.02937542117255 -11.9716030954312 0.0267660310099045 -9.10071084041038)
(18.9064272642815 -2.49790936994987 -0.966023231071875 -10.7723261640435 0.0402946891770391 -8.13424321468339)
(16.5177004536851 -1.89255625606791 -0.883168664348037 -9.45683311827842 0.0431950163219446 -7.06090867046595)
(14.0615962320789 -1.34412606258409 -0.786984386561174 -8.10513243527067 0.0391332236456293 -5.95645795418624)
(11.6752534482392 -0.896208278637526 -0.683970420933401 -6.78781679466059 0.0316254303704974 -4.88741630574918)
(9.46391131653228 -0.561669164622985 -0.580141647120008 -5.55957650766675 0.0233472062090717 -3.90431349455393)
(7.49612622936288 -0.330575156370321 -0.480394560121887 -4.45682167996234 0.0159207878095266 -3.0392881221238)
(5.80492971345361 -0.181814700847553 -0.388347247385797 -3.49813515264298 0.0100608523733677 -2.30678352131572)
(4.39481073043689 -0.0922867174022583 -0.306282362219171 -2.68762377954953 0.00586763787413702 -1.70718038017789)
(3.24987045709606 -0.0420620451588403 -0.235335908719388 -2.01888127509923 0.00311405472208933 -1.23098569245464)
(2.34204939903445 -0.0161217900000916 -0.175703703309666 -1.47901239771218 0.00145801781208225 -0.863035250975871)
(1.63827982352615 -0.00413599184851289 -0.126933551611638 -1.05217819215684 0.000557562062027708 -0.586100843296614)
(1.10486230702094 0.000461440955974767 -0.0881308490656179 -0.721804850551917 0.000130377319099632 -0.383057127858442)
(0.710492748084796 0.00156388035131332 -0.058172589023951 -0.472136295418069 -3.02749393970762e-05 -0.238356336272814)
(0.427650729710204 0.00130494174418586 -0.0358395592556614 -0.288999268985002 -6.11530848715043e-05 -0.13865142325778)
(0.233007857419727 0.000736574444435266 -0.0199398818295268 -0.16007274198419 -4.36594773628154e-05 -0.0729351069280192)
(0.107324639806873 0.000289210386333841 -0.00935878951746705 -0.0749165739792769 -1.9473078821499e-05 -0.0324080659178372)
(0.0351154944713462 6.35964569746126e-05 -0.00311234385668335 -0.0248894609023651 -4.66756876318833e-06 -0.0102260322811273)
(0.00360563648034745 2.2721944426398e-06 -0.000324357404481631 -0.0025933827061792 -1.80786048036604e-07 -0.00101225284611995)
(7.68985783690878 0.0311213696720365 1.00716378525972 -2.53371535390067 -0.0347453471659001 -5.14531350061352)
(7.58800229437339 0.0885984017420858 0.977362137516339 -2.47462174968956 -0.0848459703137922 -5.10830541905338)
(7.37687594849353 0.148268364661306 0.911105094433184 -2.37439269153294 -0.097590714177075 -5.00191279867005)
(7.12559848046881 0.208888751014631 0.849355299491628 -2.29439387750326 -0.0813637272246235 -4.83282986137153)
(6.82308352611667 0.25064784157349 0.802917642516009 -2.24139005771382 -0.0413825776015142 -4.58669868680402)
(6.44940429807273 0.277587642891629 0.744176057485309 -2.20348419015095 0.00342936989129541 -4.24816265756086)
(6.05068357295053 0.299350108725522 0.661644820785833 -2.18174698153077 0.0481596358362026 -3.87144083233935)
(5.71640638646207 0.314409016430382 0.557657711614404 -2.21398402266172 0.0824669497214634 -3.50268644094662)
(5.53393848707307 0.317748081094802 0.453938834423384 -2.33316881908612 0.097809663105859 -3.20013768501456)
(5.55672548545794 0.31498305906696 0.357679944433648 -2.55550910663979 0.0895839333023804 -3.00039908810801)
(5.79455503214851 0.308472429460018 0.26439266997486 -2.8830458508963 0.0508452248236534 -2.91084686461023)
(6.24882408305539 0.293361656276994 0.172620686765425 -3.31773541658689 -0.0210986410569317 -2.93067003585271)
(6.91899604979362 0.261057052931988 0.0783894145043676 -3.85688347206527 -0.12043607991751 -3.0620247787793)
(7.79868527011868 0.200476979418129 -0.0176101750345136 -4.49378732305304 -0.237322212324891 -3.30541479297924)
(8.87812895915628 0.0955990514593994 -0.110453434271033 -5.22525091717246 -0.357435379298194 -3.65372462736664)
(10.1466728494646 -0.0708023816859176 -0.199801438037829 -6.04644718552269 -0.464553209034609 -4.10123761581651)
(11.5939766860964 -0.308390665819592 -0.287187442478739 -6.94754511972005 -0.545708205593986 -4.64752932277845)
(13.1998578341133 -0.622160232109349 -0.376970189393473 -7.91381142510435 -0.594352021211392 -5.28730394669487)
(14.9328853336906 -1.01320659745204 -0.473757263181825 -8.9247080035796 -0.60975835792956 -6.0096470731419)
(16.7397270367167 -1.47539666551965 -0.579532483641054 -9.94810677610252 -0.59499733855187 -6.79337095099738)
(18.5402655521989 -1.99313939984216 -0.692910638464157 -10.9392434900396 -0.555428669986589 -7.60300766663539)
(20.2292770732506 -2.53612522292158 -0.809361429741409 -11.8425960230709 -0.497043503071828 -8.38882153149)
(21.6846416757476 -3.05764409470968 -0.921387565773978 -12.5958358244558 -0.425366248206929 -9.09096090690586)
(22.7808401928112 -3.50105261239868 -1.02250353792739 -13.1371187149875 -0.345801578677971 -9.64568600720457)
(23.4011310516339 -3.80598264520745 -1.1052372481962 -13.4111961428673 -0.264102669184976 -9.99165279591801)
(23.4565544971714 -3.92124365792312 -1.1636620042698 -13.3782029181352 -0.186155771958281 -10.0797747717413)
(22.9049159270482 -3.82016364253222 -1.19264616290089 -13.0222664881302 -0.117205177615698 -9.88372528012746)
(21.7623740177208 -3.50742796830769 -1.18892341438773 -12.3564341556654 -0.0614412617231637 -9.40668048274007)
(20.1076441382849 -3.02581027116237 -1.15231344534932 -11.4244001157839 -0.0209951508079304 -8.68372622684624)
(18.0668836464634 -2.44799738914193 -1.08563341920775 -10.2924767581059 0.00449781958928102 -7.77468773870025)
(15.7932312929857 -1.85553287579331 -0.994501778463449 -9.03967694786942 0.0173060558425261 -6.75369465596021)
(13.4437027153665 -1.31851001531225 -0.886462282245949 -7.74659199356995 0.0209731297093922 -5.69718007933054)
(11.1564208626939 -0.879896201508521 -0.769612153523761 -6.48419262080333 0.0192461145814986 -4.67225595674811)
(9.03647372979691 -0.552248170457867 -0.651424256586394 -5.30696003356404 0.0151157516501101 -3.72951982043897)
(7.15165930126627 -0.325788360029032 -0.537992315304105 -4.25084886918069 0.0105638794868988 -2.90080859428875)
(5.53379431310332 -0.179895372925319 -0.433688099954652 -3.33376989698982 0.00664681404197101 -2.20002155468014)
(4.18684053540392 -0.0919350551293954 -0.341079950570776 -2.55952824761409 0.00374454269036799 -1.62731060936841)
(3.09445966096028 -0.0424291634902358 -0.261396180845137 -1.92142427932071 0.00182831860953705 -1.17303408451196)
(2.22952867020299 -0.0166836665683574 -0.194725239502823 -1.40699811225743 0.000701685701119404 -0.822529798739485)
(1.55924623547748 -0.00465979523234896 -0.140423385665999 -1.00048381989147 0.000127384922654997 -0.558761980263231)
(1.05152768288683 7.17474777187106e-05 -0.0973650993109513 -0.686097936418907 -0.000103363084875883 -0.365429581245121)
(0.676127089429499 0.00131190916019277 -0.0641877707390784 -0.448579404617746 -0.000149117550028527 -0.227547626842506)
(0.406984641963187 0.00116622764450252 -0.0395156316866829 -0.274481032374522 -0.000116411527864048 -0.132503592557795)
(0.221897615461443 0.000675150473020193 -0.0219761263192818 -0.152061552917938 -6.59323323710235e-05 -0.0698360583097849)
(0.102350092782519 0.000269318079709365 -0.0103183580840467 -0.07123019436007 -2.65589807967749e-05 -0.0311198977475753)
(0.033377627278244 5.87304188925335e-05 -0.0034218600656263 -0.023580007895474 -5.96657957295188e-06 -0.00979761995571389)
(0.00343905247642174 2.12212529544688e-06 -0.000357762697550967 -0.00246408990292835 -2.26859966751395e-07 -0.000974961762910757)
(8.83772054972519 0.022664655356248 1.18245622921756 -3.04896633688323 -0.0440900512609398 -5.77674729833955)
(8.7570775640645 0.0642926429217051 1.15594582305847 -2.98988639077942 -0.114457378502037 -5.76061600966124)
(8.54958165275105 0.100791736715835 1.09088436122629 -2.87107969230705 -0.143708350224989 -5.67870449055576)
(8.32647091541215 0.131974830624404 1.03896218437293 -2.78040862939128 -0.139277952773034 -5.54748880229957)
(8.02450445003498 0.170542681201746 0.990318476703254 -2.7058083568466 -0.103544910017765 -5.32373320040552)
(7.62359816373042 0.201460455042939 0.915756430681202 -2.63551937436278 -0.0619799701746652 -4.99013479175754)
(7.1448626987991 0.230086579198178 0.801423896702643 -2.5570922242248 -0.0189099433919896 -4.58981931435695)
(6.68556881027 0.248114806177312 0.658719281416522 -2.51236886385371 0.0136912989007642 -4.1740329511203)
(6.35019561395894 0.251095792025396 0.513232183876542 -2.54329701565157 0.0264167215080157 -3.80677912556869)
(6.19429409268352 0.241626269397975 0.373841953838003 -2.66669478128509 0.0169050843816543 -3.5271934397285)
(6.23544280165431 0.216956155245332 0.239464730260321 -2.89056073424066 -0.0225448027247515 -3.34481938241242)
(6.49024691119485 0.171101292339271 0.118596298520278 -3.22668905780519 -0.0928917218806735 -3.26412463012945)
(6.96404466012018 0.101934754778561 0.00924512176798309 -3.6750455951813 -0.189357326755912 -3.28989116459423)
(7.65039490237537 0.003488595673238 -0.0946495390219745 -4.22657518250864 -0.304015425857986 -3.42505863237724)
(8.53970236741368 -0.135990415175233 -0.193653239322829 -4.87655486376803 -0.423461947077437 -3.66447363062265)
(9.62299351532344 -0.327222325644252 -0.28827895045804 -5.61945291942296 -0.532296942761643 -4.00480308416749)
(10.886633151901 -0.575608680301658 -0.380328478205347 -6.44282731347048 -0.618998173672317 -4.44497473125651)
(12.3111887053557 -0.884721464790607 -0.474432592696617 -7.33036366555371 -0.676728108316564 -4.98214123115991)
(13.8711300212379 -1.25631616198183 -0.573540369321962 -8.2635333568167 -0.702358519968734 -5.60906036490455)
(15.5224783523299 -1.68468073394463 -0.678371247728806 -9.21534756539139 -0.696857396862061 -6.30868284664391)
(17.1938356405244 -2.15486867874218 -0.788111564161157 -10.1461083013141 -0.664154649786038 -7.04933010192275)
(18.7893042559303 -2.63904242830463 -0.900350176898015 -11.0054969618737 -0.609532249590724 -7.78543003195326)
(20.1960930874639 -2.96247001195965 -1.01031875820228 -11.7312530956091 -0.531371700781323 -8.46641106900541)
(21.291156923647 -3.27935977221955 -1.11073741840691 -12.2738341611426 -0.447476489222682 -9.01885396900937)
(21.9559777075108 -3.5601332476816 -1.19468690276239 -12.5763342578773 -0.362028567385238 -9.38111870760471)
(22.0940636023579 -3.77509112926749 -1.25545106073293 -12.5936585072129 -0.278900123016724 -9.50173434660078)
(21.6524619103069 -3.69572429543406 -1.28693225099182 -12.2999076570456 -0.199045977245706 -9.35358762289471)
(20.6367422587545 -3.3869714189527 -1.28434356342545 -11.7047453992374 -0.13040837769349 -8.93277938195251)
(19.1143471407927 -2.91877532378351 -1.24671774900418 -10.8464517589183 -0.0769114873373573 -8.26843694735756)
(17.204331439366 -2.35968175344886 -1.17598844678373 -9.78756855006536 -0.0392736158360921 -7.41710391642522)
(15.0554864479412 -1.78788428009561 -1.0779236879129 -8.60481553544999 -0.015831868689296 -6.45086977747714)
(12.8222973667841 -1.27027175556775 -0.960744541052915 -7.3773820610426 -0.00334756449712594 -5.4450194801665)
(10.6413579147557 -0.847803132841088 -0.833502301529639 -6.17539625610636 0.00186597912283947 -4.46601461285962)
(8.61763677530384 -0.532333534652516 -0.704637819132734 -5.05325542167167 0.00302242473027048 -3.56440882150119)
(6.81785788739463 -0.314364807482993 -0.581037520860291 -4.04624816057675 0.00237578563023875 -2.77161860190152)
(5.27333541132016 -0.173885794719934 -0.467587456779718 -3.17193700579601 0.00123661323781566 -2.10140257309256)
(3.98845367740656 -0.0891284750041686 -0.367118440850661 -2.43435054602955 0.000275126951777322 -1.55410460059484)
(2.94716316117017 -0.0413327557459867 -0.280940282624165 -1.82683576100511 -0.000336707946137528 -1.12032752157774)
(2.12284351580626 -0.016434668348505 -0.209017800517323 -1.33721211043621 -0.000599830828621314 -0.785631497096433)
(1.48463646649807 -0.00473648075572867 -0.150584294022626 -0.9506637301511 -0.00062300111172593 -0.533972720472803)
(1.00122654273439 -8.83866947051001e-05 -0.104327489290343 -0.651787283774861 -0.0005131850217851 -0.349439266621966)
(0.643840930963763 0.00117370139181871 -0.0687488419727478 -0.426062073865244 -0.000358006804135832 -0.217778855517637)
(0.387687980276618 0.00107971999849879 -0.042316200878336 -0.260706479974774 -0.000213079054010657 -0.126981497493926)
(0.211322385129611 0.00063002828508467 -0.0235240667263038 -0.144349880134457 -0.000104378513419434 -0.0669725048056278)
(0.0973639494139049 0.000251178401022326 -0.0110319741528345 -0.0675243750212388 -3.83534848662795e-05 -0.0298395736767306)
(0.0319242076466816 5.61637126946907e-05 -0.00367732576906199 -0.0224601668635721 -8.29701127186901e-06 -0.009464039693564)
(0.00328463917593451 2.01353734155128e-06 -0.000383963314440367 -0.00234317271138336 -3.03979606921572e-07 -0.000941466036137291)
(10.1820992182688 0.0107486422888634 1.28569076969302 -3.66804406514681 -0.057535903246648 -6.50174990876354)
(10.1202075109933 0.0374199151423852 1.26068040324363 -3.60760423914871 -0.146059359772347 -6.50547649707104)
(9.92655494730999 0.0440106458262092 1.2063116097005 -3.47902971802359 -0.197044462563666 -6.44728468017311)
(9.72176897742524 0.0467317316803822 1.1668112091461 -3.37662958559784 -0.206009221614542 -6.34661475059462)
(9.42311039453099 0.0779076709108322 1.12163939850638 -3.2869539145971 -0.178398880504857 -6.14032379472465)
(8.99376698496 0.110938374362807 1.04171055876134 -3.18649451320322 -0.139345114631111 -5.80907581773876)
(8.44234371641479 0.143243410082795 0.908886039000703 -3.05506422674755 -0.101352978555484 -5.38885925906605)
(7.86616221743344 0.165206466789831 0.7382450400545 -2.9345848984555 -0.0746717923104256 -4.93286828488972)
(7.38173075383906 0.170030121080135 0.558410890955673 -2.87538954137734 -0.0677193228994201 -4.50669842359274)
(7.05159212187025 0.157235916302609 0.37950568110577 -2.89928142185177 -0.0824364813772387 -4.15258543003501)
(6.90511929350188 0.121328492707961 0.203990358776427 -3.02075642256129 -0.122966238847438 -3.88518088173484)
(6.96170961081237 0.0588874387618237 0.0484299590347732 -3.25310411545929 -0.189974465500224 -3.70970602730245)
(7.23091129087843 -0.0357714135678722 -0.0864456429117314 -3.59963828689665 -0.28107621268388 -3.63267408576044)
(7.71678935665689 -0.169140187982841 -0.208679443194356 -4.05762144389725 -0.390552324264982 -3.66090950219986)
(8.41060818789952 -0.343418098951009 -0.323053231401436 -4.62027727762688 -0.506163689018737 -3.7922323752175)
(9.30067221440864 -0.562554284642432 -0.428755114567186 -5.27735292789564 -0.613763208069477 -4.02500142914501)
(10.3739662963242 -0.830970892066259 -0.52853170819714 -6.01552259943229 -0.702682454594971 -4.3597874896185)
(11.6135187681588 -1.14961958168091 -0.626744106188059 -6.8192995656862 -0.765016971101137 -4.79532997941531)
(12.9957730600098 -1.51641831921305 -0.72558015765437 -7.67098028334848 -0.796296582451497 -5.32579274057446)
(14.4821756469028 -1.92238806723124 -0.826680539277895 -8.54612982287178 -0.796362453432819 -5.93708401055361)
(16.0105902380995 -2.25925692383311 -0.924739002965057 -9.40376288408346 -0.761719712131592 -6.60798229948234)
(17.4939220929274 -2.50074772125355 -1.01922745967872 -10.2011518642936 -0.699500713938762 -7.29403473163135)
(18.8259353758158 -2.77325865161985 -1.11425470273446 -10.8952225150715 -0.625328995696874 -7.93203778202711)
(19.8873643919153 -3.05185720505063 -1.20311107651231 -11.4273708142057 -0.542721458065655 -8.46132117362648)
(20.5602143150469 -3.30732510088546 -1.27942197802309 -11.7412751429912 -0.455405969116698 -8.82017453561116)
(20.7462125812131 -3.50725285604384 -1.33576064296843 -11.7913301204153 -0.367309870963996 -8.95598980295329)
(20.3866474024462 -3.53175133011285 -1.36294173747494 -11.5500390915937 -0.281161522828364 -8.83755004525944)
(19.4798365699076 -3.22155633606993 -1.35302952021107 -11.0185872820071 -0.201394825831876 -8.46196747648482)
(18.0823212260235 -2.76585619868255 -1.30820739751934 -10.2324203749812 -0.13610242992055 -7.85041782836199)
(16.3048383681727 -2.22928990383918 -1.23053094201548 -9.24966550465652 -0.0869370653474434 -7.05551514636443)
(14.2876602142715 -1.68520412505856 -1.1253971872401 -8.14248888101367 -0.0529498962370384 -6.14539369501568)
(12.1800202194493 -1.19506010033229 -1.0011493819678 -6.98732570145367 -0.0313300947015139 -5.19282617792306)
(10.1142816478513 -0.796279997008846 -0.867087618608603 -5.85201723585489 -0.018608098441135 -4.26233176833897)
(8.1931417878662 -0.49917572209684 -0.731900067345123 -4.7897413009481 -0.0115438296709887 -3.403436937423)
(6.4827428670355 -0.294170976320342 -0.602655061233097 -3.8354281577407 -0.00771568572348902 -2.6473343703543)
(5.01446965660763 -0.162280189431666 -0.484369522581648 -3.00664830636842 -0.00554383971346309 -2.00783100850903)
(3.79252683574007 -0.0828316021902291 -0.379910562726676 -2.30716609618544 -0.00416498478035579 -1.48536452829236)
(2.80230213014787 -0.0381399556511888 -0.290491358331711 -1.73112421069222 -0.00315218456569469 -1.07118003283859)
(2.01870128634343 -0.0149364117480309 -0.216022757110033 -1.26705977123345 -0.00232310178713281 -0.751642524249216)
(1.41183708399875 -0.00411381525071358 -0.155586332941996 -0.900644222973613 -0.00163365400020733 -0.511193288089265)
(0.952214754973575 0.000125912203364635 -0.107791393111966 -0.617411521533733 -0.00107490277256579 -0.334803391485404)
(0.612320148436318 0.0012212999955635 -0.0710397541531769 -0.40348871948074 -0.000649585539887085 -0.208831475992291)
(0.368732452477884 0.00107510406775475 -0.0437392224401852 -0.24684123006995 -0.000350517668690961 -0.121891239023408)
(0.201009438714609 0.000618402240574352 -0.0243268299465434 -0.136643931245086 -0.000160260153374403 -0.0643655132916775)
(0.0926426013639694 0.000245284053501344 -0.0114174207045664 -0.0639174103024068 -5.60984382371398e-05 -0.028725191170075)
(0.0303511056018015 5.42480951501217e-05 -0.0038013751596977 -0.0212384484386076 -1.15887886544414e-05 -0.00911265600624153)
(0.00311100330033733 1.90759424266437e-06 -0.000395565282022897 -0.0022066337239127 -4.08783676857309e-07 -0.000904368787354273)
(11.7447594881821 0.00106187544067084 1.30578228971303 -4.39164184141613 -0.0678045797062594 -7.34232063836769)
(11.6991736355301 0.00664391845374501 1.28491101666978 -4.33353251192734 -0.175118293034047 -7.35864037453669)
(11.5258531205393 -0.0139617554797476 1.23944345526593 -4.20529650241371 -0.245111976980693 -7.31963862099543)
(11.324901409325 -0.0378680002751371 1.20651675081553 -4.09141441494982 -0.270362382087883 -7.23502150886555)
(11.0335306420485 -0.0230349740431073 1.16727132352409 -3.99300322885087 -0.254797733820764 -7.04367851043767)
(10.5744624502734 0.0079782200633492 1.09128639057479 -3.86244493742384 -0.222390661879904 -6.71360566017501)
(9.95322323004957 0.0455818041227651 0.954961499414677 -3.6773997159731 -0.19227359205923 -6.27710999192555)
(9.26206266433983 0.07412320348129 0.771483191538747 -3.47919094881692 -0.17450084004979 -5.78439652792103)
(8.62639184744118 0.0831219562151626 0.567193811785414 -3.32504860586133 -0.175641133894108 -5.30230059210143)
(8.12413538697447 0.0696825195603449 0.354848199727174 -3.24790119990592 -0.196754013120586 -4.87689648072625)
(7.79314652604692 0.0301618759537367 0.143838413759469 -3.26561168556672 -0.239182122597985 -4.52850133393537)
(7.65111702185918 -0.0426568886316168 -0.0478358299921537 -3.39057737409149 -0.304098312688293 -4.26195387901941)
(7.71774183108044 -0.157004516489608 -0.216710183148284 -3.63214257709769 -0.390100094221375 -4.08759571031001)
(8.00099008210603 -0.317634380693603 -0.367421586012089 -3.99007868068228 -0.492139133649869 -4.01308059698225)
(8.49439054372776 -0.523667741412108 -0.504103746325773 -4.45720522767371 -0.601098318002344 -4.03910982006818)
(9.1864644580352 -0.774379658762268 -0.626282266414147 -5.02139061068012 -0.704672124919521 -4.16660727976438)
(10.066995814467 -1.07079480328321 -0.736039740694147 -5.67016087110778 -0.791652826104675 -4.39800055415324)
(11.1217256197149 -1.40831967662592 -0.837159175430405 -6.38872304870096 -0.853556762763529 -4.7337422920931)
(12.3257590797014 -1.77933949749486 -0.933485213507147 -7.15785260006964 -0.885963685429246 -5.16834181718293)
(13.644087456495 -2.0440310814381 -1.00793338743951 -7.9454464147895 -0.878494400204726 -5.69902925819547)
(15.0224364311015 -2.18689049623611 -1.07008273637602 -8.72381511874246 -0.836720358747086 -6.29907301616673)
(16.3803420583992 -2.37794489790315 -1.14347153472004 -9.46483599775491 -0.778826760691639 -6.91611905062026)
(17.6149817157773 -2.60320766247278 -1.22023990719147 -10.1168774909604 -0.707474819575514 -7.49887300083366)
(18.6099037062608 -2.84096852875652 -1.29294466929927 -10.6233021019804 -0.625571005644722 -7.98747676274984)
(19.2504676737577 -3.06508473834852 -1.35457067429202 -10.929889827273 -0.53678084227773 -8.32149324809653)
(19.4414063154003 -3.23881038441942 -1.39784721879101 -10.9924560791534 -0.445018758032428 -8.44985160021037)
(19.1251079574454 -3.32949365088285 -1.41560492180763 -10.7856670680189 -0.354763557400872 -8.34027793109309)
(18.2957260249958 -3.02253625909497 -1.38827764874527 -10.3037559403274 -0.266963654940218 -7.99266241142988)
(17.0043608790933 -2.57607080981574 -1.32892953689481 -9.58169924739882 -0.192534592773836 -7.42320792564585)
(15.3508700879965 -2.06342665347787 -1.24045193651902 -8.67206556417244 -0.133952831806323 -6.67919306520166)
(13.4662702657231 -1.55126142776944 -1.12799728121554 -7.6422262221927 -0.0908376760415811 -5.82430815888561)
(11.4902549846507 -1.09480389185374 -0.999296582342583 -6.56364714912124 -0.0608630505375679 -4.92677358078744)
(9.54868989727459 -0.72604475681047 -0.86286182735473 -5.50082572228115 -0.0408798645034649 -4.04796635068498)
(7.73989015006886 -0.452780891101726 -0.726800668950411 -4.5046230336245 -0.0278016638415069 -3.23532720267549)
(6.12698891372012 -0.265160638402662 -0.597582126219829 -3.60830764839316 -0.0192146797608582 -2.5187147966034)
(4.74113885096329 -0.144958947576518 -0.479812554213969 -2.82923195239144 -0.013438085916524 -1.91192457362609)
(3.58697970959388 -0.0729562144450456 -0.37613338971533 -2.17134252661214 -0.00941652248106378 -1.41564626078532)
(2.65114209021319 -0.0327849519893595 -0.287552904307382 -1.62933357777664 -0.00652855542667824 -1.02181307726409)
(1.91010103047369 -0.012191312853422 -0.213868152279498 -1.19248766799791 -0.00441617934160165 -0.717615472953288)
(1.3361166704414 -0.00279383987713067 -0.154094188271726 -0.847586815726341 -0.00287541786600478 -0.488530760710671)
(0.901261974103959 0.000710504445966124 -0.106821205200996 -0.580967141043432 -0.00177323640025177 -0.320295196603437)
(0.579763509336157 0.00145554785628214 -0.0704587313827455 -0.379699619867638 -0.00101482705246428 -0.200064021321368)
(0.349082683088964 0.00115166282111779 -0.0434046890083559 -0.232200896623636 -0.000522922719735504 -0.11688182821052)
(0.190344918231569 0.000638599345409103 -0.0241623722721341 -0.128530256319793 -0.000230725053105868 -0.0618146715502854)
(0.0877664240570234 0.000248703892147739 -0.0113519330026757 -0.0601294278664308 -7.8443243348111e-05 -0.0276369986970787)
(0.0287102789773088 5.425457101117e-05 -0.00377699733022546 -0.0199431708143933 -1.58289987009401e-05 -0.00876710742120725)
(0.00293709768482314 1.91753258661303e-06 -0.000392273052105559 -0.0020673460805124 -5.51874016545567e-07 -0.000869750588585653)
(13.5259132490314 -0.00277989300106026 1.23551613542178 -5.21278976222333 -0.0703100890671348 -8.30477286020107)
(13.4899113137371 -0.0225183663171543 1.21591072646205 -5.16011657291715 -0.193408512463516 -8.32349225695445)
(13.342870598484 -0.0654978603652835 1.17118698205929 -5.04100921481705 -0.27788852897437 -8.3003461661914)
(13.138470378508 -0.118084269048771 1.13655625793562 -4.91878209467304 -0.319570839916711 -8.22146144657193)
(12.8594891914417 -0.124933246048185 1.10773995054162 -4.81911423980718 -0.320290280684543 -8.0419856849984)
(12.3743778245143 -0.0996326218076631 1.0449693397641 -4.66060476268806 -0.30005142063117 -7.7153237256403)
(11.6816721446676 -0.057638955229009 0.916879235525222 -4.42026075014307 -0.278714105212993 -7.26243188981602)
(10.8741030633857 -0.0210979821017549 0.733638572849848 -4.14375110056207 -0.271052942197257 -6.73181638857025)
(10.084878615362 -0.00697894674269112 0.517105224890046 -3.89238956082306 -0.281559478278314 -6.19381468366871)
(9.40856896539516 -0.0185841950872106 0.282168793870647 -3.71090823842101 -0.309494427196207 -5.69850584981833)
(8.88919493712696 -0.0578330580082609 0.0423579926768158 -3.62057729473809 -0.355829989267432 -5.26967889085972)
(8.5479019368814 -0.137903568979783 -0.184723498888356 -3.63492280074134 -0.421448105481486 -4.91453223076307)
(8.41394658805256 -0.267622974097382 -0.389603169355903 -3.76812480096956 -0.504070368371022 -4.64783979613736)
(8.49795278649257 -0.449281201105334 -0.5734325846251 -4.02235206357021 -0.599644631714196 -4.47752430348905)
(8.79249279162139 -0.682387646359723 -0.737338051521214 -4.38938402306467 -0.70130469689755 -4.40464004436428)
(9.28821493266909 -0.964441003031025 -0.878934066615312 -4.8577473422709 -0.798527835015 -4.4315368685455)
(9.97742129786959 -1.29044545242394 -0.999933832016908 -5.41583587632125 -0.880150156425104 -4.56227401200083)
(10.8459478811137 -1.65083086128457 -1.10471461750976 -6.04794020810053 -0.937954549789612 -4.79827122406493)
(11.8697236174276 -1.95345365981945 -1.1734124942099 -6.72851110347635 -0.961594630973321 -5.14124973127286)
(13.0171892067143 -2.01606114216188 -1.17831524898305 -7.42586790204511 -0.939837541587276 -5.59133494688622)
(14.237051981725 -2.12077261305843 -1.21156546282472 -8.13220389891114 -0.899697439698435 -6.10496710458696)
(15.451033489557 -2.26828288452155 -1.26106708059152 -8.80790502613115 -0.84325531104318 -6.64342363687987)
(16.5585514049052 -2.44875354871845 -1.3164852513601 -9.40335745150297 -0.772676579208819 -7.15563737714116)
(17.4484815699416 -2.64446333336797 -1.36884170756681 -9.86530276136457 -0.690742360127319 -7.58375830013407)
(18.0133882528729 -2.83313845553646 -1.41082358623225 -10.1434406280173 -0.600944473477525 -7.87060833803052)
(18.1654716807884 -2.97507361173133 -1.43456549402962 -10.1971335348756 -0.506948754712725 -7.96902989170471)
(17.8524778878658 -3.05154010723742 -1.43487025723004 -10.0038222933906 -0.413553532179679 -7.84933745354689)
(17.0693687108935 -2.79509857651052 -1.38725690052902 -9.55789133921956 -0.321674594710131 -7.51208363482808)
(15.8623732536136 -2.35580406393067 -1.30732979744078 -8.88947461958027 -0.240978154601991 -6.97338996097078)
(14.3225784924736 -1.86742900947739 -1.20486834058668 -8.04827548277934 -0.175553486682779 -6.27467576764137)
(12.5697881144065 -1.39046101556061 -1.084887598936 -7.09590953529613 -0.125371914399943 -5.47414583799985)
(10.7318309550419 -0.97237087403329 -0.953990306368757 -6.09776971518022 -0.0885356468551607 -4.63424224272521)
(8.92482586190737 -0.638890791422815 -0.819302889505327 -5.1133586750851 -0.062265512337367 -3.81158422176993)
(7.23943515920284 -0.394249727875944 -0.68744982887612 -4.18952455124183 -0.0437696725924137 -3.04998191957057)
(5.73495438442452 -0.22777210846426 -0.563752692403757 -3.35750978678025 -0.0307425300495875 -2.37748625121424)
(4.44068398823744 -0.122135643137594 -0.451904842461308 -2.63358440550993 -0.0214910036106839 -1.80712296679164)
(3.3615959857536 -0.0596040354105354 -0.353944612481578 -2.02175266167229 -0.0148577580266115 -1.3398557078961)
(2.48584569427311 -0.0252981272745123 -0.270515797733384 -1.51739514856466 -0.0100780387629267 -0.968456858674649)
(1.79181472397214 -0.00817807952801772 -0.201236929985592 -1.11069894422429 -0.00664522092421409 -0.681118742290896)
(1.25387992732882 -0.000754082238163964 -0.145077487608665 -0.789510977020782 -0.00421292152614084 -0.464370267879431)
(0.846075831520897 0.00168203864290818 -0.100653981106801 -0.541160312444297 -0.00253269947536849 -0.304916052033197)
(0.544442265287531 0.00188118123731802 -0.0664590327789518 -0.353678434951708 -0.00141598205476482 -0.190764024170227)
(0.327945227260526 0.00131871779893162 -0.040989405634326 -0.216296283982977 -0.000714759802231108 -0.111649004670901)
(0.178837762011784 0.000693106524009729 -0.0228404416192395 -0.119699539309728 -0.0003094147475151 -0.0591382393531926)
(0.0824870111327788 0.00026252658666442 -0.0107434287292055 -0.0559955288863025 -0.000103633030023387 -0.0264914861075084)
(0.0269864655447538 5.62283110711856e-05 -0.0035777550314347 -0.0185682949094312 -2.05964783044457e-05 -0.00841817028554315)
(0.00277348949381405 2.00785332435742e-06 -0.000373595308682877 -0.00193276323342745 -7.2461724999847e-07 -0.000840725792954615)
(15.5122723103866 -0.00424616013327177 1.06602920348421 -6.11816244079159 -0.0666790644087096 -9.3878352048737)
(15.4780143782745 -0.0426836967225988 1.04120081176815 -6.07260941544554 -0.196103449345207 -9.40006423726433)
(15.3658844715347 -0.106754316145074 0.99050662859605 -5.97260722099939 -0.290606438826636 -9.39147348312242)
(15.159712285761 -0.190263057936405 0.946983577060579 -5.85032450188884 -0.344446250440847 -9.31153816797639)
(14.8933490401813 -0.219691014401339 0.928097090627479 -5.75268516657298 -0.362780814203882 -9.1403247052218)
(14.378561106646 -0.200470112374253 0.886754043944587 -5.56658514612339 -0.357918741422286 -8.81344497200994)
(13.6095586507781 -0.161286455600631 0.773490914809523 -5.27080523800593 -0.348383290182337 -8.33961417795616)
(12.6859018093544 -0.119573048974205 0.60092210382206 -4.91780247571905 -0.351809396003679 -7.76945268177627)
(11.7413774435549 -0.099613102394069 0.384415333088633 -4.56940444465373 -0.372033342306968 -7.17332176000508)
(10.8914682981671 -0.106374748104493 0.139678622836234 -4.28302956765771 -0.407118034615854 -6.60965634805347)
(10.1822812481635 -0.144858064600675 -0.119076480192136 -4.08265539490684 -0.459126546501679 -6.10088638171198)
(9.64372358706653 -0.230651633933815 -0.37466866549655 -3.98512463663418 -0.52841502841822 -5.66007029094818)
(9.3148965968965 -0.370959751469904 -0.611007201525298 -4.00919567669758 -0.610761628325771 -5.30737972391165)
(9.20686015277852 -0.567981516070088 -0.826403925190377 -4.15898539714565 -0.702390793441696 -5.04932589795436)
(9.30784920878099 -0.823206171886895 -1.01721315152454 -4.4250503047073 -0.797503600026398 -4.88385770025607)
(9.60832612507145 -1.13184969802455 -1.17997466965453 -4.79577342820139 -0.887190526229744 -4.81310584596831)
(10.1030654281222 -1.48455865117912 -1.31479783078377 -5.25990255566132 -0.961453381401589 -4.84339514311691)
(10.7797384532235 -1.86739284701459 -1.4258573634806 -5.80139898041789 -1.01285724104371 -4.97823274218164)
(11.6177811210857 -1.92317484794887 -1.36122714361963 -6.38322916014882 -1.01032368626494 -5.23429137372141)
(12.5855224245789 -1.9752401119386 -1.33531405900288 -6.99962610606851 -0.987154336177472 -5.58565216450859)
(13.6303868107684 -2.05402220646727 -1.34130651635215 -7.62566624675774 -0.946043268096282 -6.00461241754234)
(14.6752749585892 -2.16592241434771 -1.36652194968129 -8.22351582388588 -0.888787150022594 -6.45181174641381)
(15.6241690393319 -2.30596055777666 -1.3987756638528 -8.74686206929734 -0.81761650409382 -6.87753789517711)
(16.3736994855607 -2.46085809568888 -1.42817239994453 -9.14687528786498 -0.7352215467475 -7.22718760456579)
(16.8255365931294 -2.61004107783568 -1.4470252148504 -9.37797289997265 -0.644828813692314 -7.44800011565398)
(16.901877682962 -2.71874093815811 -1.44724632423447 -9.40449756492115 -0.54995191048483 -7.49786307963388)
(16.5585570469626 -2.77479369644246 -1.42587103178962 -9.20770189323022 -0.455248460040202 -7.35134998091351)
(15.7937748981037 -2.54933079391568 -1.35450617459164 -8.78360690302434 -0.361643032238223 -7.01062853609743)
(14.6516102485583 -2.11507043055207 -1.24889548037327 -8.15903615196575 -0.277419495653513 -6.49296496535365)
(13.2151629405544 -1.65141526092173 -1.129600748104 -7.38102268802324 -0.207794628283221 -5.83445207131761)
(11.5921560573936 -1.21191607743186 -1.0014737075661 -6.50505389463133 -0.15291338155678 -5.08733713546095)
(9.89707859847181 -0.835554847300171 -0.86987931443753 -5.58977734824326 -0.111172698664375 -4.3074679388049)
(8.23337543140806 -0.540815771193481 -0.739995154399947 -4.68822492107304 -0.0801600522377443 -3.54526295084527)
(6.68251857644408 -0.327899029043705 -0.616507279922721 -3.84253490346146 -0.0573831301760925 -2.84005551880752)
(5.29761915509711 -0.185087952994513 -0.502956350033241 -3.08068865597555 -0.0407237090064734 -2.21697399818058)
(4.10522932161792 -0.095875430117172 -0.401703667000892 -2.41743150998208 -0.0285512230790281 -1.68782263610262)
(3.10996564252532 -0.0440897885392061 -0.313849027251058 -1.85643919888003 -0.0196805124168782 -1.25354010850443)
(2.30144399203588 -0.0165056209160644 -0.239535513689054 -1.39374780008283 -0.01325037136723 -0.907703271819592)
(1.65983422826706 -0.00341316678673628 -0.178055712851565 -1.02033064884134 -0.00865013629936139 -0.639506961913916)
(1.16217217293539 0.00170153930478309 -0.128353103262885 -0.725367297337893 -0.00542195746623409 -0.436806386969346)
(0.784611878204582 0.00287255633190567 -0.0890798123058543 -0.497240825407264 -0.00322192909999024 -0.287371674059399)
(0.505045824458955 0.00241214785695873 -0.0588442195016399 -0.324937458851162 -0.00178080891925991 -0.180108600145804)
(0.304351130803694 0.00153146635874543 -0.0363236371069817 -0.198723895491951 -0.000889265862419259 -0.105627309115546)
(0.166026595622815 0.000765295007597903 -0.0202583482184675 -0.109966053769824 -0.000381043946170783 -0.0560605612243911)
(0.0765844590131436 0.000281308206659618 -0.00953416123639747 -0.0514245855983214 -0.000126489716973564 -0.0251598777523013)
(0.0250633853713454 5.91774207484891e-05 -0.00317773099633929 -0.0170505694034362 -2.49533420676618e-05 -0.00801281611215221)
(0.00257702810051672 2.07995666151055e-06 -0.000332200540781844 -0.00177496300051263 -8.67302337854383e-07 -0.000802064864296187)
(17.6758628063259 -0.00681239865098828 0.791309851114216 -7.09184552341628 -0.0604288316458889 -10.5794531874556)
(17.6431868614268 -0.0507518174817673 0.755599891806425 -7.05636978243321 -0.1853395807609 -10.5825403889894)
(17.563814869337 -0.133225954559541 0.696600307627723 -6.98211754403311 -0.282913634229747 -10.5799767180952)
(17.3657205276663 -0.248971348025366 0.639741882504803 -6.87172459274856 -0.343131589275237 -10.4956997434624)
(17.1021281319549 -0.306168086508441 0.621819313448446 -6.77402645857233 -0.377239910621114 -10.3262881951796)
(16.5500079484497 -0.294529132172913 0.601784143653429 -6.55964753866574 -0.386601714009915 -9.99137555472187)
(15.7018713993193 -0.260762112580862 0.506675793075644 -6.21063184710586 -0.392350625126573 -9.49192692427954)
(14.6633556007715 -0.220115993253668 0.354244135286355 -5.78338727982017 -0.408392738027797 -8.88136727484314)
(13.5695153964798 -0.194096109977959 0.148562957036665 -5.34321334675876 -0.437642791650037 -8.22745846506178)
(12.5503105253236 -0.19329429262164 -0.0903964732253586 -4.95517785956051 -0.480199977213674 -7.59668429594231)
(11.6520768018615 -0.232041963393521 -0.354768957754369 -4.6446012921061 -0.539543335524712 -7.00899361601193)
(10.924399629024 -0.322018704039577 -0.62413593487399 -4.43799074223477 -0.614466741004755 -6.48773526043925)
(10.4156245072026 -0.470039762183894 -0.881711549425997 -4.35948024934907 -0.699069963178525 -6.05758721427199)
(10.1243679261907 -0.677785095918807 -1.12110272892997 -4.4078837722077 -0.788910760716201 -5.71758777909305)
(10.0337363177436 -0.94813335654222 -1.33573467781905 -4.57222217765877 -0.878815787246198 -5.46205565613419)
(10.1382941701163 -1.27585478336996 -1.52027672844716 -4.84304814169498 -0.961171033188703 -5.29535747118574)
(10.4351864307412 -1.64939478060525 -1.67379173312014 -5.20909601528374 -1.02752483527192 -5.2259115053216)
(10.9145592924443 -1.801721880629 -1.60063644262946 -5.64906575276503 -1.04761806268121 -5.26506239500446)
(11.5584920864053 -1.8662621283725 -1.5169776198033 -6.14115296545499 -1.04142909636503 -5.41685026086046)
(12.3330629351252 -1.91863554646287 -1.47053228123133 -6.66810076030109 -1.01575785489079 -5.66452320878532)
(13.1841278569611 -1.98213350954671 -1.45412692713944 -7.20368438061197 -0.972421352910476 -5.98015948812786)
(14.0365617818312 -2.06731147851339 -1.45632648782114 -7.71176938092569 -0.913385932254212 -6.32468631884776)
(14.7995559050478 -2.17308690072382 -1.46561218500276 -8.149283569689 -0.841016313779182 -6.6503122138067)
(15.3776216915933 -2.29050782272702 -1.47101802612834 -8.47180038921018 -0.758039323400898 -6.90595911397446)
(15.6835443393047 -2.39822583509543 -1.46411253103703 -8.63924803838453 -0.667466232776765 -7.04452360669027)
(15.6518642835738 -2.47433672136937 -1.43895414257391 -8.62223423487017 -0.572928235949492 -7.02990972150265)
(15.2480135769661 -2.50605624078668 -1.39331636180024 -8.4063054186549 -0.478597393625166 -6.84201941153033)
(14.4766200555068 -2.29453793123407 -1.29569034974351 -7.99084275086839 -0.385351378429474 -6.48608863661879)
(13.3808243140534 -1.86616494454963 -1.16131551188075 -7.40050167625672 -0.300186772754226 -5.98060781089765)
(12.036411463622 -1.42860451441922 -1.02374561697308 -6.67953203119829 -0.228940957461432 -5.35711935559098)
(10.5393057706482 -1.02824916946983 -0.887676493479542 -5.87753184164547 -0.171744485528903 -4.66196389348537)
(8.98903268845068 -0.695135831946326 -0.756909893176579 -5.04560543592747 -0.127187184100109 -3.94356774649414)
(7.47530017890469 -0.44043721522682 -0.634340096155105 -4.22985384141827 -0.0931562404415401 -3.24554610875857)
(6.06789376464283 -0.260227598286549 -0.522272293847662 -3.4664286835123 -0.0674722940912797 -2.60153072891416)
(4.8124954619611 -0.141724095299474 -0.422198269460637 -2.77947275896049 -0.0482379119018099 -2.03306344814007)
(3.73160800242181 -0.0693291601768113 -0.334872282446431 -2.1815504415032 -0.0339321356001 -1.55008134380159)
(2.8289262556679 -0.0285440227862317 -0.260312486378009 -1.67574582274409 -0.0233842357033338 -1.15319381452243)
(2.09497038503756 -0.00779260148716464 -0.197961225773297 -1.25839765712952 -0.0157025027035502 -0.836579678674552)
(1.51205683325075 0.00124842017071669 -0.146801241260914 -0.921482621875121 -0.0102064402516381 -0.590577607258728)
(1.05933081938892 0.00406242515538431 -0.10565543744465 -0.655162713856991 -0.00636377827803274 -0.404169628194826)
(0.715535085911127 0.00398725074129108 -0.0732669594641563 -0.44912777903444 -0.00375823707667572 -0.266407947381413)
(0.460900703383546 0.00289577269762837 -0.048397881568264 -0.293560414328045 -0.00206431426175441 -0.167340526147474)
(0.277896422433068 0.00171832534829136 -0.0298753645180259 -0.179543570507543 -0.00102510939237563 -0.0983529255187955)
(0.151681104404087 0.000826270093819043 -0.016668142694824 -0.0993616475423705 -0.000436951946853423 -0.052319476424016)
(0.0699964966152663 0.000296132729045018 -0.00784800840807542 -0.0464645783914373 -0.000144218294253053 -0.0235319229698138)
(0.0229670145674801 6.16972931588254e-05 -0.00262263941743318 -0.0154383253740426 -2.84746630776865e-05 -0.00752868946984544)
(0.00233546982120037 2.10269539296287e-06 -0.000271227341010009 -0.00158887075845015 -9.64261357657811e-07 -0.0007465988203126)
(19.9736061629935 -0.00571012548816156 0.409576108725989 -8.11571627681945 -0.0526407322778619 -11.8553011752121)
(19.9497278827997 -0.043266367346549 0.366026218911595 -8.09510780099537 -0.16501409165098 -11.8515736908372)
(19.8833394182693 -0.142869496292992 0.295140036531291 -8.04334130563823 -0.257510421503187 -11.8381588276998)
(19.7025319430184 -0.29021192256461 0.223061858366458 -7.95421597275615 -0.320340606220038 -11.7489436729383)
(19.4238435110088 -0.380136297787563 0.194097849411675 -7.85151864976052 -0.36476140769481 -11.569846839288)
(18.83062662529 -0.383928829450605 0.186419938557102 -7.61153681467281 -0.38543472123445 -11.2193788426297)
(17.9103438301035 -0.35646731976187 0.110450682396153 -7.21621573833425 -0.406162943485225 -10.6949950889251)
(16.7643164926467 -0.320215602338973 -0.015747862543952 -6.72119558270193 -0.435259685099133 -10.0446944242646)
(15.5357310868531 -0.29000646277393 -0.199008696677618 -6.19888490835729 -0.472504551228764 -9.33786903076943)
(14.3527555016061 -0.28160469097198 -0.416909517757559 -5.71372101644074 -0.523130533513733 -8.64075867018532)
(13.2726083174983 -0.320310445412236 -0.67011872123892 -5.29716948846078 -0.590652190342501 -7.97719478018398)
(12.3700135223983 -0.416190755509301 -0.935924572529958 -4.98944347116614 -0.67197865590046 -7.38189437898141)
(11.6978539528306 -0.570280223269287 -1.19879099143805 -4.8180204131866 -0.760083499629482 -6.8810605180228)
(11.230698434285 -0.784015398013894 -1.45166032267691 -4.7695013897166 -0.849967612030286 -6.46193231380586)
(10.9503452497413 -1.06142573152174 -1.68456042737466 -4.83277126781529 -0.936349940006815 -6.11784044371314)
(10.8592519941377 -1.39678571412022 -1.88874980541703 -5.00179026483654 -1.01247137970447 -5.85731528882763)
(10.9567039757809 -1.59083776674036 -1.81447006363519 -5.27095579821702 -1.04789168270185 -5.68530743424495)
(11.2353385237067 -1.71580606772187 -1.71688760529382 -5.61050255360789 -1.06029244701863 -5.62425034102982)
(11.6766086025565 -1.79458238036234 -1.6345515332328 -6.00451559519743 -1.05155947201605 -5.67149760500065)
(12.2443559838899 -1.85076760704056 -1.57809102170202 -6.43262134671199 -1.02336939307084 -5.81122396219568)
(12.8834991997649 -1.90566347695814 -1.54511338000587 -6.86733168282028 -0.977653432322726 -6.01578168740133)
(13.5203743476875 -1.97086876881011 -1.5270956886618 -7.27333304054612 -0.916747098463769 -6.24680336865567)
(14.0698969768158 -2.04815311551302 -1.51364509260042 -7.61073099534562 -0.843273421852633 -6.45902859495127)
(14.4470504063429 -2.13208436034952 -1.49557494312976 -7.84054168485349 -0.760197450000353 -6.60646433705002)
(14.5777964766382 -2.20000701588485 -1.46181549281389 -7.92907724363466 -0.670249014171886 -6.64874678271713)
(14.4104048713421 -2.24317354096869 -1.41102019666822 -7.85385916609503 -0.57726376665859 -6.5566342742802)
(13.9228391206427 -2.24929232798849 -1.34067606710457 -7.60620490385732 -0.484889074127248 -6.31677775990148)
(13.125818973212 -2.03926685574929 -1.21596156709486 -7.18862446958656 -0.393740555828829 -5.93737102288587)
(12.0625470376927 -1.62015581445552 -1.05311553627918 -6.62482575372018 -0.309865953824073 -5.43790372335651)
(10.8016900596069 -1.21131228123226 -0.898567381985746 -5.95586867609752 -0.239198261105713 -4.84598934196139)
(9.42680484793377 -0.85147796474037 -0.75656092364957 -5.22519572225996 -0.181753302126896 -4.20174864359539)
(8.02169567683465 -0.561616558644752 -0.628682516020931 -4.47599516738303 -0.136250119854603 -3.54580962555753)
(6.66196273536953 -0.34609259175005 -0.515526421579826 -3.74730258627869 -0.100835490507268 -2.91473950828636)
(5.40423190237506 -0.19745678860996 -0.416833945906401 -3.0685598986654 -0.0736137602249964 -2.33572606001807)
(4.28576640219836 -0.102141480039394 -0.33205140599929 -2.45959670893711 -0.0529062102512106 -1.82620396585115)
(3.32412391204736 -0.0455856733661189 -0.260299163101669 -1.93035531815459 -0.0373228611323709 -1.39378917910016)
(2.52126122971547 -0.0149794641720857 -0.200498976037573 -1.4829101561715 -0.0257439378843651 -1.03836259762948)
(1.8682744785351 -0.000429562484679097 -0.151421787376004 -1.11376378602408 -0.0172766239605623 -0.75451682743902)
(1.34936947067898 0.00501716655048618 -0.111729293746871 -0.815746649627664 -0.0112091501622641 -0.533625807805008)
(0.945874193346846 0.00585947442610904 -0.0801058519326936 -0.580023603257273 -0.00697107106616708 -0.365851972542338)
(0.639362359846954 0.00477566505604142 -0.0554141949362019 -0.397705898251764 -0.00410583546047359 -0.241657039565859)
(0.412071057235194 0.0032006390185372 -0.0365452511819253 -0.259972546443449 -0.00224809688214743 -0.152098721661485)
(0.248655939658866 0.00181781436313603 -0.0225431195612907 -0.159051166550308 -0.00111310993753528 -0.0896048421395018)
(0.135886260604423 0.000851839363961979 -0.0125784023290733 -0.0880827400346476 -0.000473689815886922 -0.0478035394899079)
(0.0626892679039689 0.000298638391052105 -0.00591675370173943 -0.0411613314363144 -0.000155482624584121 -0.0215279402865686)
(0.0205795329761734 6.15565285146182e-05 -0.00197747582952295 -0.0136763786186647 -3.06498256178e-05 -0.00690315367396378)
(0.0021040059800479 2.12840174017511e-06 -0.000205410857497333 -0.00141437199241062 -1.05474642362635e-06 -0.000689633637743326)
(22.3515426156662 0.00255108499480959 -0.0679811628414813 -9.17131373504097 -0.0433006092301498 -13.1794669747503)
(22.3365933160203 -0.0212554881904518 -0.113737224951572 -9.16697900503999 -0.138267137067635 -13.1680083870486)
(22.2605914898187 -0.135301025542329 -0.200808118860005 -9.12802264600807 -0.219743964232744 -13.1307922308437)
(22.0932652307113 -0.308779700944429 -0.290928098477263 -9.06138835198037 -0.282278206471892 -13.0310642234307)
(21.7823734631759 -0.432629623608877 -0.339250917611198 -8.94902877537504 -0.328986907218134 -12.8308159044559)
(21.1489725826934 -0.462189200473841 -0.34953078398415 -8.68790785736944 -0.357767097952419 -12.4605144753425)
(20.1736728405051 -0.445953693204394 -0.409043209720344 -8.2583184140886 -0.390221578491809 -11.9161921690971)
(18.9356410705329 -0.418629687271139 -0.505120107452331 -7.70697368744635 -0.430303057475641 -11.2302434944945)
(17.5908050915031 -0.387716003208074 -0.655872830583936 -7.1143813917801 -0.475407891328908 -10.4774916102593)
(16.256111199295 -0.374561509423512 -0.839722761031348 -6.5403241352439 -0.534147982374665 -9.71755097502404)
(15.0101146356455 -0.4152920363729 -1.06398577987584 -6.02831357460519 -0.609656360830338 -8.98375066335123)
(13.9493206208991 -0.517946609441423 -1.30826955663315 -5.63041935473202 -0.697349059323735 -8.32039729931918)
(13.1252824147446 -0.676135148158555 -1.55901760292149 -5.37470680812344 -0.789811782787406 -7.75164764510178)
(12.4914504462193 -0.890649195274295 -1.81177075657626 -5.23564872569452 -0.881346048518608 -7.25639816508807)
(12.0265311013198 -1.1436107964369 -1.98436957491109 -5.20444026675408 -0.96003421909199 -6.82219127352085)
(11.7409088733674 -1.34837711543683 -1.9433693368607 -5.28189350061384 -1.01009695417456 -6.45876553948865)
(11.638511428763 -1.51634742086665 -1.87432638889909 -5.44397590416804 -1.04135670223975 -6.19404228784032)
(11.7126295911698 -1.63813215032559 -1.7941627240139 -5.677429674242 -1.05129921548836 -6.03462098982888)
(11.9427664467041 -1.7214084990779 -1.71905819330491 -5.96551875731977 -1.04031491454094 -5.97664041072983)
(12.2898102910841 -1.77941362193812 -1.65799226885138 -6.28520805462646 -1.00984568624674 -6.00404558865963)
(12.6972596993348 -1.82772709445366 -1.61232186626032 -6.60746187840108 -0.962176127462061 -6.08933862303992)
(13.0946086448238 -1.87663222315183 -1.5763679622621 -6.89824904365141 -0.900009380166866 -6.19601272061828)
(13.4052287087893 -1.92943782215352 -1.54160937286619 -7.12190998302841 -0.826317414044588 -6.28307457668206)
(13.5569634077663 -1.98088072234471 -1.49966142875219 -7.24574968391854 -0.744060097502497 -6.31105121343104)
(13.4917071023235 -2.0132178203639 -1.44040069902845 -7.2439455005631 -0.656032733306065 -6.24764889258432)
(13.1720611782394 -2.025371464387 -1.36517891506049 -7.10093559214432 -0.565883528726074 -6.07108911188296)
(12.5874666398373 -2.00665047209885 -1.27198108333407 -6.81345547229817 -0.476863230710111 -5.77402400523089)
(11.7554080273981 -1.79044991696102 -1.12111246164598 -6.38747657641865 -0.389213161499589 -5.36799747459031)
(10.7179999763384 -1.38606165737264 -0.933456430121201 -5.84583482717606 -0.308364498175 -4.87225131345343)
(9.53680086851285 -1.00944413595597 -0.766047404454809 -5.22593776980097 -0.239976887378038 -4.31095913551638)
(8.28147755453431 -0.690789289746294 -0.621499564114554 -4.56424264500233 -0.183910000975005 -3.71732565138464)
(7.0218625529843 -0.442763807463023 -0.49920710287813 -3.89698721357438 -0.138979970061578 -3.12494866933231)
(5.81712817006139 -0.264049282467419 -0.397119551284312 -3.25488880514066 -0.103553934112945 -2.56229470763668)
(4.71179701773803 -0.14424381690489 -0.31270695090433 -2.66128939870536 -0.0759864545410015 -2.0505468490984)
(3.7337594250579 -0.0695712637718501 -0.243513769401923 -2.13120225516598 -0.0548041326319034 -1.60258241750343)
(2.89532712542405 -0.0267986710279552 -0.187297299551085 -1.67184907190372 -0.0387359212903303 -1.22349322126801)
(2.19640523823888 -0.00479538405421402 -0.142034609161046 -1.28412466298782 -0.0267400938902939 -0.912289235200966)
(1.62834578910521 0.0047055303654925 -0.105959015495901 -0.964560987534059 -0.0179422785425428 -0.663789408969136)
(1.17669395198083 0.00738392826965139 -0.0774139741994975 -0.706528511794186 -0.0116339318741639 -0.470167762811011)
(0.825404991579234 0.0068108941633042 -0.0551072849184479 -0.502492916511888 -0.0072242947402623 -0.322913157200411)
(0.558315732848041 0.00507635633789058 -0.0379134002136354 -0.344620625291448 -0.00424823833787849 -0.213695560189421)
(0.360122252728542 0.00324921667917244 -0.0249030451408073 -0.225339030226803 -0.00232300985860338 -0.134783391915834)
(0.217427265971171 0.0017910185550309 -0.0153209859944148 -0.13787611675064 -0.00114708545647493 -0.0795512052715315)
(0.118870306464176 0.000822120005790672 -0.00853227916203989 -0.0763537504969046 -0.000486631679890545 -0.0425165702629861)
(0.0548806674814651 0.000284804627805167 -0.00400280238500007 -0.035687840393407 -0.000159664368533328 -0.0191928299970017)
(0.018040410523173 5.81837233677885e-05 -0.00133629687006184 -0.0118676820260064 -3.14469096035748e-05 -0.00617272883947606)
(0.00184083674635328 1.97778525330619e-06 -0.000138841781735066 -0.00122453793963143 -1.06645660497331e-06 -0.000616299072222869)
(24.7366954146717 0.0155691947745526 -0.620336696721044 -10.2344679952243 -0.0335689009273418 -14.5028533045826)
(24.7202696880646 0.0105856519032488 -0.66538609335494 -10.2416188300094 -0.109166233963964 -14.4782648501145)
(24.614368044985 -0.108680280843067 -0.77046643435996 -10.2042443131471 -0.175835796179115 -14.4087029624903)
(24.4437569385744 -0.300552095636435 -0.881156951244007 -10.1524609471876 -0.233969990349255 -14.289275584157)
(24.0856713138032 -0.457586384562204 -0.953625148256322 -10.0255784263432 -0.275925646545073 -14.0573562971704)
(23.4187154030719 -0.520128546497397 -0.979606829340472 -9.74896930267211 -0.30928695513088 -13.6684941964271)
(22.4087590277508 -0.524357411284201 -1.02951518476747 -9.29914649428792 -0.348909066360598 -13.1101193524665)
(21.0998957408347 -0.511932104008484 -1.09778863277852 -8.70532822870069 -0.396464025885484 -12.3959200730817)
(19.6602536054569 -0.485421838851403 -1.20932485521698 -8.05543269634082 -0.448877245737953 -11.6059897067732)
(18.196672701379 -0.474481352617595 -1.34764865493525 -7.40684883327449 -0.515211218535516 -10.7915889307132)
(16.8102504901911 -0.520053291711323 -1.52730920887831 -6.81547335639012 -0.598121739293992 -9.99684435782837)
(15.6112377798375 -0.628097647918821 -1.73332015055439 -6.3407166075261 -0.691775881849569 -9.27223832622214)
(14.6474155914614 -0.786854636504937 -1.95625742910536 -6.00950360287558 -0.789027372748235 -8.63891672339277)
(13.8562202345593 -0.978188248991872 -2.07995516215575 -5.79375285107164 -0.874093965548409 -8.06295958121155)
(13.214574277865 -1.16039974597402 -2.04637794466178 -5.67852253862141 -0.937463841583616 -7.53614774067451)
(12.7391343385626 -1.32833520125864 -1.99485148237879 -5.6519345160792 -0.985594251187123 -7.08702658668958)
(12.4374452089119 -1.47017460341362 -1.92760757861842 -5.70658722756772 -1.01447660576451 -6.73044189420711)
(12.3031548380536 -1.57887834410874 -1.85311319456941 -5.83040907590177 -1.02214040200471 -6.47218582446585)
(12.3118601928188 -1.6564596587002 -1.78063807094464 -6.0051228960807 -1.00906073593098 -6.30616424853813)
(12.4227070629248 -1.71264666477116 -1.71683753293326 -6.20652631326507 -0.97701296842228 -6.21566463307329)
(12.5794579741963 -1.75259017099608 -1.65909138578955 -6.40506064944873 -0.928188881537389 -6.17395251463157)
(12.7174075698011 -1.78621938789747 -1.60584844608371 -6.56925028296585 -0.865861313793941 -6.14779123685717)
(12.7713400353488 -1.81692036429437 -1.55113818890229 -6.66894866658906 -0.793212591451204 -6.10211239023667)
(12.6840997682912 -1.83536593353162 -1.48404951244233 -6.67863023824888 -0.712954958874 -6.00523032669806)
(12.4135498526158 -1.83633394543597 -1.40142384204882 -6.58042717661097 -0.628189213141692 -5.83294055048602)
(11.9373264499901 -1.82040174483832 -1.30424082624455 -6.36587987355722 -0.542117768227567 -5.57131393157174)
(11.2546547038787 -1.77932359009852 -1.19143186636657 -6.03638043074677 -0.457632434233819 -5.21818950996897)
(10.3881880715292 -1.55299822022945 -1.01681694351224 -5.6006525652277 -0.374537850367797 -4.78750490933586)
(9.37789729982314 -1.17067316706664 -0.810841940669401 -5.08065132536183 -0.298017004131111 -4.29725598545182)
(8.27625136354652 -0.829548933270674 -0.636364122134659 -4.50863070796715 -0.233158063708097 -3.76765551802847)
(7.14042626858537 -0.551938478201957 -0.493723949956861 -3.9148135406868 -0.179689742262725 -3.22565392047487)
(6.02447529781008 -0.343410447246422 -0.379782413172834 -3.32751557540089 -0.136494818000295 -2.69699772362766)
(4.97329688664276 -0.197793605038627 -0.290009126993543 -2.77027214995964 -0.102139831494624 -2.20305639473735)
(4.01837256864817 -0.102966696194929 -0.219790998063062 -2.25979620636477 -0.0751859265846127 -1.75859976395147)
(3.1795679639229 -0.0456306659252207 -0.165311453483184 -1.80703621721464 -0.054337115509574 -1.37254740536099)
(2.4636920514544 -0.0139647522215887 -0.12327366576633 -1.41631871193664 -0.0384515566258631 -1.04738299982977)
(1.86861488920077 0.00142700746460303 -0.0910146174096718 -1.08743938406891 -0.0265528370202297 -0.781180895313659)
(1.38564931201156 0.00730078475251221 -0.0663892679790857 -0.816781702996482 -0.0178144400868762 -0.568870443390942)
(1.00182850895477 0.00816584928889963 -0.0476281213048184 -0.59839633260872 -0.0115407460618596 -0.403433687299765)
(0.703201080642217 0.00682512299490297 -0.0334036889708981 -0.425697905882496 -0.0071606199608199 -0.277503870440503)
(0.476022604089773 0.00485128575354661 -0.0227220983770758 -0.292058340416882 -0.00420529422461808 -0.183964559013059)
(0.307290488665866 0.00301925287939024 -0.0147962162709667 -0.191041568706003 -0.00229586425625962 -0.116249034805441)
(0.185696932176427 0.00163475094222101 -0.00904296866487838 -0.11694135203708 -0.00113218177535727 -0.0687556161285343)
(0.101612526917286 0.000741275718545446 -0.00500867240888314 -0.0647855158147218 -0.00047979297219185 -0.0368270203752784)
(0.0470699070994148 0.000256336399150171 -0.00234854955199744 -0.030364909105094 -0.000158021901053983 -0.016705000499669)
(0.0154661354993196 5.16997640082383e-05 -0.000781401199507229 -0.0100894739242124 -3.09206118496873e-05 -0.00537666201331499)
(0.0015503865427477 1.69063999048194e-06 -7.89160717618758e-05 -0.00102213427503928 -1.01283289707381e-06 -0.00052825244423184)
(27.0350873949119 0.0303921737356668 -1.22218636074826 -11.2712569221111 -0.0248182648985715 -15.7656999288055)
(27.0035171425898 0.0485338503809035 -1.26483339805844 -11.2815523503428 -0.0816166696494586 -15.722198383532)
(26.8465727889805 -0.0649825634331415 -1.38621213861766 -11.2339248510197 -0.132321484789224 -15.6115479189027)
(26.6491258189992 -0.268784341559282 -1.51648116716354 -11.1832230315642 -0.181129031015675 -15.4632729371386)
(26.2262596699033 -0.455061683714782 -1.61524196724964 -11.0342351128815 -0.213787905618493 -15.1890308714248)
(25.5299040222197 -0.553366029916645 -1.66312353969313 -10.7458025941013 -0.247377532585899 -14.7824211155748)
(24.5023283959613 -0.588826442593647 -1.70922601245177 -10.2867722118442 -0.289246184325285 -14.2156920914513)
(23.1520467249913 -0.596964188694599 -1.75703656692713 -9.6676040957426 -0.339270804615918 -13.4852951166056)
(21.64420144128 -0.581004100049034 -1.82884988339884 -8.97612417484375 -0.397760453202674 -12.6693989603143)
(20.0867296800235 -0.580173979736694 -1.9159795600857 -8.27362580811604 -0.47122304383411 -11.8148681984648)
(18.5941713619739 -0.633038542397851 -2.04052981960286 -7.62330462090433 -0.56049915105861 -10.9729553625621)
(17.2842892066492 -0.743140388001768 -2.19610780527085 -7.0883512521949 -0.659351799065213 -10.1978463392771)
(16.1961096960436 -0.892751562820761 -2.2904092451231 -6.69648438336054 -0.754636578685659 -9.50063841447682)
(15.2594124857407 -1.04728637835538 -2.22246738820596 -6.4114498524533 -0.83147344395893 -8.8484874097677)
(14.4519036957268 -1.19650172798422 -2.1514441355763 -6.20531780464457 -0.895449224333727 -8.24681633658611)
(13.79406082069 -1.33242377456528 -2.07507426097937 -6.07936814972478 -0.942454468507153 -7.71463026536188)
(13.2947932442309 -1.44773155465504 -1.99391493357996 -6.02780334338117 -0.969355172946536 -7.26667693503467)
(12.9474208777618 -1.53857644770827 -1.91153956554095 -6.03931935133046 -0.97508133205035 -6.90765907658586)
(12.725786603347 -1.60449396129801 -1.83209476789124 -6.09504160964774 -0.960441827765724 -6.63028853070025)
(12.5871617970568 -1.65048999690695 -1.75846766968378 -6.16976528682506 -0.927435905163692 -6.41693197342491)
(12.4788259411247 -1.68631007629213 -1.69452583619658 -6.23566879767618 -0.879137457530882 -6.24274083187182)
(12.3456955293051 -1.70261180725069 -1.6222946787665 -6.26586601526661 -0.817896565996098 -6.0794796323663)
(12.1360458334406 -1.71196689519635 -1.54725388898378 -6.2366318863009 -0.747637321790919 -5.89910657212754)
(11.8090685235866 -1.69507756024821 -1.45184542346022 -6.13023153152343 -0.670453138561454 -5.67856411503368)
(11.3381007263553 -1.66775274167137 -1.34714672009676 -5.9364275183854 -0.59004667208765 -5.40144677718931)
(10.7135415783793 -1.6272683480747 -1.23120298877487 -5.65278486108057 -0.509063846483896 -5.06054489672283)
(9.94394527939779 -1.56746671188486 -1.10306311180341 -5.28519349890159 -0.430019572180926 -4.65858848619433)
(9.05320770873307 -1.3307476884952 -0.907970381226343 -4.84323486518408 -0.352233596326422 -4.20986245642796)
(8.0775419150397 -0.977560149751442 -0.69203415136598 -4.34746717389783 -0.281013467754268 -3.73001802558805)
(7.05965090687138 -0.674828926286938 -0.517125502505648 -3.82432299712236 -0.220608459312128 -3.23530938861593)
(6.04334683831902 -0.437423830281884 -0.381035461667158 -3.29732392503436 -0.170638652151176 -2.74602292674965)
(5.06799717935836 -0.264971457506739 -0.277861631216783 -2.78739020404614 -0.130055722085947 -2.28061708223197)
(4.16438424900735 -0.147953461720696 -0.200876102697594 -2.31091911677053 -0.0975870964295503 -1.85347649777922)
(3.35417069484057 -0.0737625067117282 -0.144104789893396 -1.87971042263637 -0.0719833222601563 -1.47446976170557)
(2.64844337470458 -0.0301341267032499 -0.102657412550274 -1.50019802956799 -0.0520934926559744 -1.14825210847839)
(2.04993019522249 -0.00680466584376128 -0.0726642215398899 -1.17460043371506 -0.0368933232144512 -0.8753344134697)
(1.55379483442238 0.00394705228472813 -0.0510519964840217 -0.901220506601062 -0.0254796958335446 -0.652577112597918)
(1.15216179492617 0.00757026361929831 -0.03560930897125 -0.676783134622595 -0.0170916460009675 -0.475380098655344)
(0.833437360044012 0.00755608744452609 -0.0245739388793858 -0.495957230886389 -0.0110687277059673 -0.337480869596766)
(0.585435520615024 0.00603351521509989 -0.0166740131859316 -0.352975578043801 -0.006862264735949 -0.232460318186521)
(0.396666565887736 0.00418519654666778 -0.0110378855918872 -0.242299483052552 -0.00402650169795525 -0.154367240521057)
(0.256362891364648 0.00256607064278555 -0.00703629642149268 -0.158613712650844 -0.00219597868443483 -0.0977492393070918)
(0.155110949454465 0.00137580329729629 -0.00422622560896498 -0.0971656182060852 -0.0010821127412256 -0.0579453515664093)
(0.0849595457177587 0.000618816673192306 -0.00230816072172249 -0.0538579938443213 -0.000457774507146219 -0.0311015575753075)
(0.0393263695935195 0.000211468867550125 -0.00106694899948226 -0.0252139100833001 -0.000149840416395074 -0.0141124613171937)
(0.0129483309509168 4.2773964632571e-05 -0.000350983484829482 -0.00838971207998571 -2.94606330507241e-05 -0.004558618915574)
(0.0012964603415845 1.37822966471596e-06 -3.54160554682879e-05 -0.000848628817612903 -9.52446285645451e-07 -0.000447831371441528)
(29.1385237024161 0.0458700701905622 -1.83903685306411 -12.2380172101533 -0.0178061232474155 -16.9034593369119)
(29.0778359463093 0.0901204088553004 -1.87708655709667 -12.2419532242366 -0.0580936639906547 -16.8362249573954)
(28.8493244277084 -0.0106835116446848 -2.00661648069707 -12.1719144475154 -0.0940638599694139 -16.6765604191954)
(28.597538890577 -0.220808252916648 -2.14880008338809 -12.1061877331194 -0.129538235497789 -16.4884211949761)
(28.0890978508427 -0.430574966408562 -2.26954780285887 -11.9239538286977 -0.150721201808341 -16.162002883647)
(27.3589317516074 -0.563570151082022 -2.3394565403413 -11.6227541322498 -0.179985494751478 -15.7342150107378)
(26.3259041455254 -0.636347093212099 -2.38968734327018 -11.1619490608192 -0.218948594948393 -15.163558262737)
(24.9682053888729 -0.669841993674878 -2.42722595089629 -10.5358546330895 -0.266883554169595 -14.432650982247)
(23.4256344029502 -0.67204722639814 -2.46803838028146 -9.82170171549252 -0.329369812660836 -13.6053787907344)
(21.8205275924787 -0.68845236430354 -2.50710254530268 -9.09104349248138 -0.40883758964215 -12.7312133297984)
(20.264055345594 -0.749528941099464 -2.57409140308805 -8.4055611505677 -0.502617103613419 -11.860515240491)
(18.8762911011622 -0.858320782262266 -2.65942898895359 -7.82947042887317 -0.604524751618222 -11.0487926765577)
(17.6846678006558 -0.990280158405982 -2.52927113622081 -7.3905430657079 -0.692438122099151 -10.2951669370544)
(16.6186400633533 -1.1200563578882 -2.41226399440302 -7.03391660961357 -0.77186148836978 -9.58534717163106)
(15.6590579673999 -1.24154659555698 -2.29875649297432 -6.74406788076217 -0.836722662864465 -8.91538550587411)
(14.8284051811588 -1.35023153279559 -2.18822955425045 -6.52389225181222 -0.883075396834221 -8.30459055161631)
(14.1359874333474 -1.44124983587611 -2.08122687125341 -6.36847499278436 -0.908531837106065 -7.76736144097934)
(13.57447377143 -1.51241073566691 -1.97910173459683 -6.26677158839375 -0.912897556372993 -7.30739966193835)
(13.116521766774 -1.56273344050689 -1.88253947359579 -6.19963192973661 -0.897478968387159 -6.91651756418896)
(12.7220717673892 -1.59404967019742 -1.79224414313951 -6.14328021950714 -0.864622014226951 -6.57841966461001)
(12.3447521499146 -1.61285889157671 -1.70954574172714 -6.07303959978659 -0.817540086930777 -6.27136260162167)
(11.9407841808447 -1.63239466603204 -1.63965213334775 -5.96773480645412 -0.760072671603875 -5.97270789237612)
(11.4745900250988 -1.61694837798985 -1.53883768523064 -5.81160096448641 -0.693158604484577 -5.66265776536054)
(10.9206774395117 -1.55851317966778 -1.40636143781879 -5.59401422153954 -0.619652581315686 -5.3263617812921)
(10.26756847104 -1.50562101015587 -1.28093928528606 -5.31219239674988 -0.544460787278576 -4.95509006504135)
(9.51600898864677 -1.44492773190459 -1.14970165929329 -4.96859486051948 -0.469301074977019 -4.54714516485236)
(8.67971490176337 -1.37069622286462 -1.01075336095767 -4.57156462299183 -0.396331445515993 -4.10792107251631)
(7.78216263887068 -1.12534216010868 -0.79868141003611 -4.13081440204943 -0.324444644466508 -3.65117880292968)
(6.85306968000872 -0.808075717571333 -0.58183193418214 -3.66416028797407 -0.259266949821219 -3.18880505236649)
(5.92439524381919 -0.545582474457082 -0.41315290839094 -3.19156704020214 -0.204005977630488 -2.73277000504298)
(5.02676198847075 -0.346359952380676 -0.287544988339205 -2.72990206866136 -0.158197650075359 -2.29683068911795)
(4.18612899909381 -0.205707749497213 -0.196725343217758 -2.29332617189712 -0.120862922797534 -1.8927904889301)
(3.4217857592764 -0.112633656846456 -0.132417792862742 -1.89246877378837 -0.0908783142458351 -1.52931337728532)
(2.74551910953102 -0.0548840370809207 -0.0876791181044274 -1.53411631020346 -0.0671442793117425 -1.21140252327625)
(2.16226013539641 -0.0215653173285647 -0.0570912165492441 -1.22157367778124 -0.0486489227465831 -0.940687107646336)
(1.67104357962509 -0.00409246860495789 -0.0365923043327302 -0.955123862413638 -0.0344822790611895 -0.71592048695794)
(1.26593942398646 0.00375550409300562 -0.0230919374499547 -0.732455900946041 -0.0238281095301278 -0.533484142775948)
(0.938824237319928 0.00622982959456807 -0.0143866386150127 -0.550063815815934 -0.0159876716480677 -0.388760824580422)
(0.679342696572439 0.0060174859558895 -0.00883474954093595 -0.40315834630585 -0.0103517137747808 -0.276184584330528)
(0.477725202258323 0.00474056916829591 -0.00535598907145933 -0.287168460868332 -0.00641657850863524 -0.190556866636604)
(0.324056191736054 0.00325947738491508 -0.00318419858198714 -0.197282466506131 -0.00376286747718124 -0.126773787081143)
(0.209689346806969 0.00198706214914393 -0.00183862989633889 -0.129247331245874 -0.00205085049009091 -0.0804420412582459)
(0.127058644608463 0.00106114375020786 -0.00101327856098671 -0.0792562718699718 -0.00100959186506469 -0.047802381879651)
(0.0696967192582421 0.000475907329794377 -0.000511176339345261 -0.0439727116294259 -0.00042681549432368 -0.025724010277313)
(0.0323731524305705 0.000163185970142382 -0.000222285454864385 -0.0206450372310796 -0.000140133442372808 -0.0117281155819812)
(0.0106686482919305 3.28135500325068e-05 -6.85410588389701e-05 -0.00687237750228007 -2.74290909394667e-05 -0.003796270378768)
(0.0011018519512946 1.1336650142748e-06 -6.71789837887918e-06 -0.00071647772834392 -9.4868659613033e-07 -0.000385373999764677)
(30.9317557354951 0.0608802827352072 -2.42944254715945 -13.0836039605753 -0.0129399326925929 -17.851799412716)
(30.8302126796469 0.13194383192009 -2.46026714880879 -13.0729619070996 -0.0397695436726995 -17.7575369313572)
(30.5123655790738 0.0474741387511791 -2.58562505781341 -12.9686563940532 -0.0632735072721047 -17.5430089060273)
(30.1742915700587 -0.163078179017715 -2.72784983292076 -12.870425347813 -0.0841271488142014 -17.3008711629292)
(29.561460960866 -0.390071705519646 -2.86021417348782 -12.6435286142159 -0.0936195835847274 -16.914967281916)
(28.7854535968005 -0.553826678209485 -2.94862879940322 -12.3239284957862 -0.114803746852144 -16.4593329858746)
(27.7537720241674 -0.663191726238681 -3.00968067495574 -11.865576262794 -0.146456760797992 -15.8873395602511)
(26.4179127829111 -0.724858651378272 -3.04860187476066 -11.2482176811385 -0.189115946314534 -15.1697950578674)
(24.8782469933692 -0.753454736113973 -3.07143321695822 -10.5315834901354 -0.252236629397178 -14.3480912644726)
(23.2771997397145 -0.793168921484758 -3.07018812142722 -9.80045621250809 -0.335174931498526 -13.478405187722)
(21.7048409461702 -0.862772639280126 -3.08187988013497 -9.10552382911069 -0.430837966524918 -12.6012456701526)
(20.2768764233385 -0.968168041107888 -2.9751899506592 -8.51234766622063 -0.527358481319244 -11.7663267601817)
(19.0080451130201 -1.08363634726307 -2.79837050639059 -8.02862507124388 -0.617834989777386 -10.9804832150306)
(17.8347238488892 -1.1913249135276 -2.63529842015159 -7.61093292517133 -0.698720422342579 -10.224561357527)
(16.7412887568402 -1.28896367096105 -2.47782352906198 -7.24604663633441 -0.764305682819764 -9.49577029183117)
(15.7512779558648 -1.37374433041104 -2.32805441107321 -6.93810700243682 -0.810224951745043 -8.81339960297968)
(14.8754269390803 -1.44254328859439 -2.18758384466059 -6.68338959205874 -0.834842617912792 -8.19201345595144)
(14.105117921069 -1.49334437614924 -2.05693461526294 -6.47056512637721 -0.838658581182965 -7.63437515316253)
(13.4145744606577 -1.52512673950555 -1.93546813655123 -6.28145789277588 -0.8234294207009 -7.13287462512068)
(12.7681966404895 -1.53840136149589 -1.82238281495925 -6.09473756825653 -0.791839495366875 -6.67319187255231)
(12.1301295210239 -1.53814241498872 -1.71754921523041 -5.89115704854181 -0.747250036636613 -6.23865935312795)
(11.4699719917595 -1.53240886087643 -1.6220982292427 -5.65622954289976 -0.693155656581372 -5.81341747207409)
(10.7685362588177 -1.52161303067954 -1.52602098831729 -5.38240456967667 -0.632199134231865 -5.38579797972161)
(10.0155136813989 -1.42442822031168 -1.35212694049935 -5.06644760657844 -0.56313074658837 -4.94873976325102)
(9.21097089278406 -1.34826708697034 -1.20641906582056 -4.71066155528771 -0.493727677839756 -4.49998042395796)
(8.3632756848371 -1.27203155100266 -1.06340208318753 -4.32128370335791 -0.424943126889525 -4.04168266181265)
(7.48807680340441 -1.18838898198801 -0.918067121757237 -3.90753228080449 -0.3585570843091 -3.58026877381601)
(6.60504506795112 -0.936873154180608 -0.691889736585023 -3.47761840815971 -0.293008076386825 -3.12721774474733)
(5.73566659343443 -0.660986833318796 -0.483211438650783 -3.04564330698637 -0.234456759738777 -2.6898872645947)
(4.90072591567645 -0.439238184695462 -0.326431735228828 -2.62485290435811 -0.184827612325456 -2.27578970142225)
(4.11896906193271 -0.27523095664499 -0.21413986191122 -2.22611582009092 -0.143629765852398 -1.89280482860087)
(3.40458066657934 -0.162057237598858 -0.136318004003582 -1.85766780610139 -0.109959382241744 -1.54688799308593)
(2.76702975914778 -0.0884932608387968 -0.0838007956917241 -1.52519120032461 -0.0828312101425508 -1.24182663866593)
(2.21093019716672 -0.043419928823179 -0.049268058878831 -1.23185409385698 -0.0612952624342056 -0.979070042945103)
(1.73660661871891 -0.0176033317586594 -0.0272651017713514 -0.978610225023972 -0.0444738682671907 -0.757993245213995)
(1.34006035070765 -0.00408677258514613 -0.0137772874123209 -0.764143569686369 -0.0315582291947638 -0.57591544262453)
(1.01458904373723 0.00205694527231326 -0.00591474600560324 -0.585673406450344 -0.0218266379757522 -0.428915136947382)
(0.75240016164779 0.00410802763618368 -0.00165486600069916 -0.439783670625958 -0.0146512817845609 -0.312616280796067)
(0.544871620696007 0.0041151119441585 0.000401416769420624 -0.322514263349563 -0.00948935942615241 -0.222357275272001)
(0.383660629064216 0.00329066300984529 0.00117936390883317 -0.229947092508837 -0.00588339216439709 -0.15371351154491)
(0.260664431048228 0.00227995925961589 0.00128801720755534 -0.158156000428829 -0.00345001097588205 -0.102508428556096)
(0.169041489462525 0.00139778779498134 0.00108202168384026 -0.103789067480221 -0.00188016049948647 -0.0652524247288048)
(0.102606114598583 0.000748006104479419 0.000778781652533849 -0.0637183920975457 -0.00092518086767762 -0.0388877248238564)
(0.0564161847533632 0.000336371839872861 0.000481496362866334 -0.0354134249844022 -0.000390935033673112 -0.0210027605747609)
(0.0262386682927319 0.000115194978013021 0.000244510968756082 -0.0166376232464501 -0.000128042217730265 -0.00960104546800447)
(0.00864400606364838 2.29809609942983e-05 8.64854053007417e-05 -0.00553302881204191 -2.4866200910192e-05 -0.00311097731475973)
(0.000890707847156295 7.86662660018383e-07 9.41379299339622e-06 -0.00057511182744776 -8.51510020882139e-07 -0.000315595698540675)
(32.2978908633984 0.0729539038929416 -2.95365798383382 -13.7524246312423 -0.0101103217654921 -18.549331745166)
(32.1478435498106 0.169791936565371 -2.97456722093288 -13.7217478166438 -0.0265759874959145 -18.4263837840703)
(31.7265208463701 0.102781362791709 -3.08366337749147 -13.5730485755987 -0.0401223401058223 -18.1528197445572)
(31.2698384533168 -0.101610519536978 -3.21301964858356 -13.4240965095663 -0.0474131290639513 -17.842953207076)
(30.5392171754535 -0.339054410201832 -3.34328234040209 -13.1435010434003 -0.0466934691856535 -17.3930452594582)
(29.7029893045186 -0.527703210107149 -3.44269568526915 -12.7980946481498 -0.0576455256927887 -16.9025246093312)
(28.6755482702972 -0.668932278678648 -3.51315545294065 -12.3440765775161 -0.0790597387682236 -16.3303537599266)
(27.3790201122191 -0.758287446170576 -3.55981083151121 -11.7448155827996 -0.114160329418677 -15.6341074752133)
(25.8780615724364 -0.818840500229905 -3.574488674623 -11.04467165648 -0.174402830544991 -14.8346779102733)
(24.329833205643 -0.885541876267102 -3.54463383425933 -10.3384230590184 -0.256840887977499 -13.9929326022672)
(22.791282690513 -0.965544593562131 -3.50936171034248 -9.65914043966008 -0.351166133950571 -13.1338966910507)
(21.3635516765567 -1.06717779763941 -3.28747940397552 -9.06444374913687 -0.444593437141525 -12.3006800847968)
(20.0501138833279 -1.16815625369957 -3.07330317554691 -8.55132248508424 -0.534779908476818 -11.4998842214761)
(18.7972459624397 -1.25684907235622 -2.86978899119267 -8.08547339218415 -0.615729050356529 -10.7126434955922)
(17.5953799419013 -1.33356046287853 -2.67073832230697 -7.65750933560709 -0.681472605429897 -9.93851060976974)
(16.4673800419315 -1.39652910841095 -2.48103754393264 -7.27170498611439 -0.727065260647269 -9.19601730338039)
(15.42515766722 -1.44356287385871 -2.30390875924041 -6.92549984944274 -0.751404899289459 -8.49974955845544)
(14.461380936045 -1.47323625139189 -2.14029648655499 -6.60836281063729 -0.755496619392536 -7.85296173761672)
(13.5530583485269 -1.48307275170116 -1.98641643843344 -6.30372727455352 -0.741295356574162 -7.24919513361327)
(12.672749662186 -1.47255618277821 -1.83986841100775 -5.99465321808604 -0.711750289099665 -6.67787050342134)
(11.7968023472892 -1.44418373449869 -1.69920563397076 -5.66824564016363 -0.670215935206222 -6.12828663416893)
(10.910861419452 -1.40141911923031 -1.56205300233064 -5.31798495667611 -0.619778974947429 -5.59257871378197)
(10.0101129186876 -1.34877667038006 -1.42728230442664 -4.94314692997304 -0.563244032456426 -5.06663750787238)
(9.09771980130397 -1.29333275314994 -1.29570587284015 -4.54744384627946 -0.50312413055645 -4.54992931761394)
(8.18201896236825 -1.19485732330539 -1.12736209311741 -4.13689046597875 -0.439859651862497 -4.04477357028139)
(7.27544658248307 -1.10765370962308 -0.975714142816341 -3.71938822502931 -0.377884722017918 -3.55571558436045)
(6.39185843934099 -1.0195761128304 -0.828305113458713 -3.30326720773017 -0.318487123508222 -3.08828679868223)
(5.54472040551396 -0.764542319200262 -0.58954553145851 -2.89409434939677 -0.259602787668077 -2.65040687648483)
(4.74637662054178 -0.533552360800437 -0.397225211903254 -2.50149317255149 -0.208043058660973 -2.24473629948855)
(4.00733976040071 -0.351716052564596 -0.256703574802008 -2.13264756008565 -0.164322185065543 -1.87460040138159)
(3.33545875357601 -0.219590077915854 -0.15920464257388 -1.79289262722026 -0.127947802366352 -1.54251281128905)
(2.73596900740711 -0.129613156345436 -0.0940393518871888 -1.48596960620501 -0.0981434028599558 -1.24996941150918)
(2.21095687558472 -0.0716948853121281 -0.0519091290838765 -1.21385954047714 -0.0740658270023933 -0.997081399876311)
(1.75949540538086 -0.036354418471787 -0.0256265238470307 -0.976918944747687 -0.0548993284319273 -0.782568288054707)
(1.37833248754595 -0.0160221620104601 -0.00999308874803329 -0.774252595192211 -0.0398888166723354 -0.604075545982816)
(1.06211659681593 -0.00517756354348174 -0.00132488277454847 -0.603811655561583 -0.0283391176109961 -0.45830278639241)
(0.803835177503179 -1.74496531636405e-05 0.00295575473850476 -0.462591486787317 -0.0196181680593368 -0.341242712305241)
(0.596439123459227 0.00196970874327721 0.00458078716262928 -0.347483467781581 -0.0131790977782731 -0.248955211183007)
(0.432459500793651 0.00232940439743904 0.00471986040174679 -0.255049892158069 -0.00854031524155065 -0.177409411317261)
(0.305079557706713 0.00198086755582642 0.00411467751035666 -0.182098887635406 -0.00529692512983366 -0.122980583565362)
(0.207759311134854 0.00141615389818844 0.00322776939970461 -0.125462621956052 -0.00310676210695849 -0.0822966639486401)
(0.134997589268347 0.000882827637871269 0.00231783912021945 -0.0824397114925275 -0.00169220285481637 -0.0525578699908256)
(0.0821964584950925 0.000479227201494055 0.00151683816989148 -0.050728912644755 -0.000832946454074036 -0.031467544498722)
(0.0453184923445327 0.000217338721270813 0.000883284212971719 -0.0282483427658641 -0.000351868446252478 -0.0170701495120079)
(0.0211382830907189 7.49036430013151e-05 0.000429791564991247 -0.0132986589608159 -0.000115175986989768 -0.00783962424817911)
(0.00700704377130415 1.52043327089696e-05 0.000147484232536215 -0.0044458041921515 -2.26169927528268e-05 -0.00256123940744385)
(0.00071762562387205 5.11060805426687e-07 1.55193389212414e-05 -0.000458970526105622 -7.59563217829341e-07 -0.000258655130563934)
(33.1277771845928 0.0807360866255468 -3.371205613374 -14.1895472174482 -0.00880009730183686 -18.9419337141587)
(32.9250607019869 0.200270904401677 -3.37824585123995 -14.1356123199646 -0.017580433030022 -18.7898715745202)
(32.3922520211938 0.150674896577221 -3.46002653078104 -13.9355432178145 -0.0236014111935733 -18.4560167071682)
(31.7935959747071 -0.0430220324833555 -3.56396268562001 -13.7212675916216 -0.019713525157973 -18.0698591760612)
(30.9377954059342 -0.283719541033958 -3.67678717838171 -13.3812647001098 -0.011315157589372 -17.5541986472573)
(30.0301133869124 -0.490897361330717 -3.77440043125915 -13.0036349897136 -0.011975592380762 -17.0241955939041)
(29.0047930659979 -0.656189827332984 -3.84772550368943 -12.5530003143937 -0.0220290171979863 -16.4505189121871)
(27.7547601587346 -0.769344781485912 -3.90142731951984 -11.9761500162113 -0.0484212312159702 -15.7783740142962)
(26.3214600383068 -0.863324065990805 -3.91404152038816 -11.3078240605256 -0.102467852251551 -15.0147279502351)
(24.863717946151 -0.958033281085899 -3.86841956070202 -10.6453668752905 -0.180040006445174 -14.2196250595451)
(23.4034870642166 -1.05006259270557 -3.8006981221321 -10.0033594696009 -0.269308449324494 -13.4016034083771)
(22.0166208493012 -1.1495614695369 -3.56434513487976 -9.42347330093968 -0.360033229496166 -12.5944682457894)
(20.6954783464382 -1.23906759053369 -3.32473863407962 -8.89818183699968 -0.447429315220717 -11.7983590969968)
(19.3985603278036 -1.3118720265695 -3.08988427246573 -8.40085564852523 -0.526806518110886 -10.9986513776227)
(18.1212023262478 -1.37003857126127 -2.85552896946701 -7.92532915973708 -0.591778975197324 -10.1965794845044)
(16.8856718161523 -1.41190223766206 -2.62732908461619 -7.47604238266205 -0.636893685984497 -9.41005816519874)
(15.7047658143238 -1.43556593662051 -2.40965059860876 -7.05141028322477 -0.661182874286758 -8.65355843315427)
(14.5736727517598 -1.44042994783341 -2.20684286832316 -6.64219054814009 -0.666015978245287 -7.93151530974015)
(13.4759547017711 -1.42551891895895 -2.01779272704477 -6.2352687661682 -0.653693109437798 -7.24058779461463)
(12.394241696099 -1.39156938908323 -1.83991639439909 -5.81918803015724 -0.62729285909194 -6.5748694048427)
(11.3195881321017 -1.34087756718472 -1.67078279415319 -5.38867592989293 -0.589988126555197 -5.93069221034595)
(10.2522144309741 -1.27692994298079 -1.50807578661194 -4.94446541011408 -0.544673154622469 -5.30746673015923)
(9.20041658849479 -1.20356663530106 -1.35031099121716 -4.49220457869074 -0.493905258803309 -4.7078991145576)
(8.17698277690261 -1.12512603043117 -1.19672101359948 -4.04006076189219 -0.439921841288073 -4.13657157191015)
(7.19555446277527 -1.04633147356838 -1.04830614293598 -3.59660574150171 -0.384834914923266 -3.5985850314412)
(6.26870791687201 -0.951604926780263 -0.889351577575156 -3.1695821112047 -0.329932902566513 -3.09878452815572)
(5.40576463972081 -0.822032785826332 -0.711395217475045 -2.76456345413482 -0.276623547820328 -2.64091059375522)
(4.61293424084194 -0.60715333566543 -0.492270160817721 -2.38502492091131 -0.225692107810361 -2.22769844725534)
(3.89361676839002 -0.422633327862547 -0.323239923975005 -2.03488016603118 -0.18125394504017 -1.85859505380596)
(3.24915350070642 -0.278760112043082 -0.201911587687198 -1.71642753949157 -0.143473478352604 -1.53263938240528)
(2.67889029291446 -0.174897751786626 -0.119513726150489 -1.43067252869775 -0.111935397776272 -1.24816713623259)
(2.18138381517241 -0.104451544799062 -0.0659861068712708 -1.17799784416237 -0.0860190048907476 -1.00335755235253)
(1.75312499714235 -0.0591352402967523 -0.0325584916874002 -0.957561709856652 -0.0650180187174698 -0.795547885027634)
(1.39008278373312 -0.0313298879185406 -0.0126349731232976 -0.768144907407925 -0.048264659352174 -0.621929571114557)
(1.0866082879891 -0.0151207532855034 -0.00150420980204574 -0.607595784077857 -0.0351127329219658 -0.479008256165839)
(0.836520178440576 -0.00621805307499177 0.00407270934345427 -0.473383901955267 -0.0249706224533614 -0.363134130750139)
(0.633339409827636 -0.00171173073587158 0.0062838734988117 -0.362726487983609 -0.0173026878700512 -0.270611889223165)
(0.470512232380454 0.000284102780218698 0.00657537627359977 -0.272694326660605 -0.0116311412377673 -0.197817421341889)
(0.341907089571035 0.000947815940415649 0.00587706034823365 -0.200479781485322 -0.00754207243579336 -0.141427103419952)
(0.241730263905428 0.00097345300569862 0.00476723629607227 -0.14334885114558 -0.00467775447915434 -0.0983813280147551)
(0.165107558283396 0.000756380836312119 0.00358102764745979 -0.0989734804841549 -0.00274368517039169 -0.0661340460038318)
(0.107670031418708 0.000494448165311906 0.00249911672927559 -0.0652047906291042 -0.00149520675433366 -0.0424652314017534)
(0.0657602277163693 0.000275791137513144 0.00160400084627872 -0.0402071267936132 -0.00073532224939268 -0.0255530985237898)
(0.0363881158213007 0.000127623378802151 0.000920894096479052 -0.0224464419779762 -0.000310620893255208 -0.0139416734558534)
(0.0170179339279371 4.44322389819933e-05 0.000443164515385421 -0.0105839039883111 -0.000101460100559767 -0.00643403019449975)
(0.00565073953086364 9.02952115688668e-06 0.000150501959657205 -0.00354055664508063 -1.97830894714219e-05 -0.00211018293472824)
(0.000586209492456916 3.07538610804481e-07 1.59187446520975e-05 -0.000369751597625266 -6.77165735120921e-07 -0.00021645788537385)
(33.3306799842812 0.084117861499308 -3.63787131636359 -14.3467571002746 -0.008301143503521 -18.9871849016524)
(33.0741730101027 0.221092582365105 -3.6282442008277 -14.2678865213564 -0.0116500916456808 -18.8069131942098)
(32.43003948562 0.187764152138731 -3.67487242372155 -14.0140206054373 -0.0122041800873448 -18.4152063832349)
(31.6805573555526 0.00729706498424693 -3.74328964849155 -13.7265972179908 -0.000402031264748769 -17.951917905846)
(30.7030892734075 -0.230005781890891 -3.82480868716774 -13.3270356527661 0.0129854020129213 -17.3740748395914)
(29.7206452370093 -0.449099314195743 -3.90663540400602 -12.914460744516 0.0211950727330994 -16.8041903681315)
(28.6934569124081 -0.628987916166777 -3.97276129424353 -12.4648837412443 0.021480067081114 -16.2273481255005)
(27.4906631111889 -0.760446389093326 -4.02878857492612 -11.9114058458183 0.00399763372493145 -15.5789892678943)
(26.1413472215732 -0.884151601684574 -4.04178120285941 -11.283893471086 -0.0413813016531025 -14.8582751198363)
(24.7985838692146 -1.00476496496197 -3.99077798876816 -10.6770377833706 -0.11036089220535 -14.1225588624422)
(23.4495068444926 -1.11010811277139 -3.9065210616064 -10.0875839912949 -0.191016600685649 -13.3630262786174)
(22.1398167484114 -1.20881067411234 -3.77621259300494 -9.53790048980535 -0.277624210184698 -12.6029728699813)
(20.8503655810098 -1.29049844829839 -3.52095237202894 -9.01892793654296 -0.360002903109734 -11.8324617880057)
(19.5486983667874 -1.35045521796533 -3.25922073065178 -8.50898125313104 -0.435797843632861 -11.0406790666736)
(18.2358631454665 -1.39083083117632 -2.99304431078981 -8.00519852700139 -0.498646164464543 -10.2313963630542)
(16.9321375328574 -1.41123115625081 -2.73206475807084 -7.51126078473788 -0.542894929253435 -9.42136677930837)
(15.6506418982602 -1.41125800702874 -2.48292913704832 -7.02616860382093 -0.567505197693268 -8.624739361738)
(14.3915410689387 -1.39115241941433 -2.24844927327646 -6.54353882458841 -0.573759957815488 -7.84809778416718)
(13.1467671758707 -1.35205138601232 -2.0288302887299 -6.05478758468483 -0.564100510102262 -7.09194579224478)
(11.9111081048973 -1.29586941832518 -1.82293653481773 -5.55488549982715 -0.541526980454949 -6.35610411680058)
(10.6895562059805 -1.22582250474617 -1.62935961311881 -5.04566321908118 -0.509076300366521 -5.64369749253248)
(9.49565383751283 -1.14601141610611 -1.44661146897479 -4.53448520867706 -0.469470051693787 -4.96091341981982)
(8.34828084939479 -1.06054391702503 -1.2736297554491 -4.03202222634418 -0.425051034286127 -4.31595570353587)
(7.26597495262123 -0.973203770740926 -1.10931026835296 -3.54903190556942 -0.377902610780558 -3.71660351662539)
(6.26435382388311 -0.887152014173626 -0.953371217022646 -3.09482749653775 -0.329904698993066 -3.16918481984401)
(5.35300351422172 -0.80229999570483 -0.8042319455414 -2.67553177300046 -0.282703258584991 -2.67714888614822)
(4.53557744039544 -0.628883235628061 -0.584096465862877 -2.29379155680625 -0.235413578262306 -2.24153195509666)
(3.81072614687099 -0.465613395554952 -0.400621306846866 -1.94988214886739 -0.192604006903628 -1.86066344818944)
(3.17407708446813 -0.326086695228726 -0.259652633118295 -1.64312724110619 -0.155097421726694 -1.53082971272334)
(2.61978311985451 -0.216955831938316 -0.158972659164255 -1.37204452438999 -0.123054760891205 -1.24766459295272)
(2.14128865088559 -0.137783996182832 -0.0912556392251197 -1.13460873211695 -0.0961936581259502 -1.00663699272809)
(1.73203253204609 -0.0837460409305766 -0.0479893830246026 -0.928593326880963 -0.074033967473028 -0.80341522599099)
(1.38558237861845 -0.0486792702503041 -0.0216309047886152 -0.751674892236047 -0.0560326277262574 -0.633894420548865)
(1.09544159878885 -0.0269162286032325 -0.00644403993203307 -0.601355827740692 -0.0416375547206334 -0.494078855168411)
(0.855116483868714 -0.0139783622603811 0.00163170366797438 -0.475011747767724 -0.0303163212603994 -0.380101181873117)
(0.658336549757141 -0.00663922558952199 0.00534289968125208 -0.37001538445055 -0.0215740557404397 -0.288319384056793)
(0.499019555974238 -0.00271509944763206 0.00650021353097508 -0.283724397254571 -0.0149559044609957 -0.2152942979922)
(0.371525466280554 -0.000783395094779887 0.00626752850263451 -0.21361926482393 -0.0100565052839907 -0.157905804903883)
(0.270726897236377 4.69077127438233e-05 0.00537101751529082 -0.157351751805059 -0.00652092306969771 -0.113374968899542)
(0.192108067031384 0.000312059546343918 0.00424555805684093 -0.112809359236366 -0.00404497861543085 -0.0792986374526729)
(0.13170900728695 0.000318866258748311 0.00313433543680737 -0.07809267239603 -0.00237187321855174 -0.0536163086243368)
(0.0862443506031434 0.000234655336496814 0.00216066243534442 -0.0515974033876885 -0.00129210270381947 -0.0346469388946386)
(0.0529106932048511 0.00013991378878234 0.00137424563156872 -0.0319178343269073 -0.0006355346721047 -0.0209928567094065)
(0.0293950150071992 6.73522390115923e-05 0.000783304087409672 -0.017866739460712 -0.000268213467479415 -0.011528275312262)
(0.0138196132533342 2.41907264832232e-05 0.000375127335386207 -0.00845742799928781 -8.78159084204333e-05 -0.00536218533965248)
(0.00460417713648724 4.98430263980922e-06 0.000126719348536554 -0.0028351186720798 -1.70838081697025e-05 -0.0017690584611755)
(0.000482061423409256 1.740401073814e-07 1.34109393145072e-05 -0.000298475936362655 -5.9389581341984e-07 -0.000183585452222393)
(32.846578231375 0.0836160296515074 -3.71713720335118 -14.1895804634532 -0.00801204241708607 -18.6596693949352)
(32.5388866360032 0.231485386333552 -3.68972875385636 -14.0858213577221 -0.00784744727537918 -18.4538561582079)
(31.792727451405 0.212634730512722 -3.69761491752807 -13.7807621009387 -0.00469474588243899 -18.0111129382135)
(30.9035078012267 0.0471192803165626 -3.72521074508367 -13.4224745427996 0.0117563697955211 -17.4794445597023)
(29.8185064243705 -0.182364100191772 -3.76694118079209 -12.9687861251493 0.0276595479035057 -16.8480708812066)
(28.7678460195491 -0.406427782908065 -3.82214193380854 -12.5233521011353 0.0424428547783416 -16.2428444944991)
(27.7395171487035 -0.591514625136544 -3.87235102161278 -12.0743667471891 0.0507460232764533 -15.6640352405368)
(26.5810632775728 -0.734793500464488 -3.92347444850715 -11.5432265162642 0.0413266520971052 -15.0375516660112)
(25.3221000589685 -0.880889313722178 -3.93541057637072 -10.9602127320376 0.00568257315383667 -14.362432167395)
(24.1056701020577 -1.02267631481157 -3.88682314247108 -10.4140882521733 -0.0521349987014469 -13.6922693436213)
(22.8866108860589 -1.14051618169974 -3.79916005031829 -9.88546049610497 -0.1216454438168 -13.0019124604813)
(21.6823134177129 -1.23939909481735 -3.67601652334484 -9.38172666851042 -0.197960252987749 -12.3013560998054)
(20.4602883820508 -1.31379419166202 -3.52410557364993 -8.88495476200113 -0.274685150207442 -11.5762654773488)
(19.1944962227274 -1.36562612474543 -3.34468532535909 -8.38016205527355 -0.346953974202486 -10.8152356298591)
(17.8898153175622 -1.39041063084992 -3.06443327613767 -7.86907000288624 -0.406530554315355 -10.0214598346533)
(16.5635393362102 -1.39029655616338 -2.78389631740477 -7.35252058563103 -0.449381693657699 -9.211537809364)
(15.2292674338599 -1.36688255605094 -2.51168047947914 -6.83020634006385 -0.474245502309189 -8.3993764616566)
(13.8921501379169 -1.32244541828499 -2.2525430528955 -6.29861347914992 -0.482180276380458 -7.59368438200923)
(12.55442159295 -1.25998959825564 -2.00883787554488 -5.75470090818698 -0.475548405688713 -6.79974691884125)
(11.2228105336861 -1.18360657997845 -1.78085397332389 -5.19966609763312 -0.457209755675138 -6.02307476323054)
(9.91528370257295 -1.09776641812569 -1.56871114492742 -4.6419321349004 -0.42997271423146 -5.27319397395531)
(8.65548667166715 -1.00678579468683 -1.37183405840287 -4.09374166991569 -0.396362907162738 -4.56152278758768)
(7.46944832856676 -0.914948196677175 -1.18956024850103 -3.56910496767299 -0.358532205564167 -3.90006505172546)
(6.37885236373636 -0.82553325524308 -1.02094683135042 -3.08008428010299 -0.318391330343331 -3.29846704418377)
(5.39794107527545 -0.709545779030644 -0.823975977397014 -2.63542606707451 -0.276528296309979 -2.76222014975545)
(4.53207111742878 -0.582599306831109 -0.630500022226523 -2.23837219614822 -0.23534789650322 -2.29344475846081)
(3.7787926514236 -0.457471948463174 -0.458639724717551 -1.88869474909275 -0.196608046146518 -1.88990111818419)
(3.13032130138716 -0.341833936536428 -0.315512500303275 -1.58370698968743 -0.161405625484554 -1.54647168713285)
(2.57639738364205 -0.242784340638927 -0.204700308952156 -1.31955591180783 -0.130377414261846 -1.25674786924108)
(2.10575845173527 -0.164235939653762 -0.124796074627527 -1.09185819138316 -0.103683379559457 -1.01384341340352)
(1.7081102785891 -0.106209461286725 -0.0708243320192213 -0.896609059880536 -0.0811854416015391 -0.811468107213857)
(1.37408745377315 -0.0659138369829401 -0.0364374048761759 -0.730123120798991 -0.0625550648056097 -0.643945764155941)
(1.09534730943833 -0.0393281783366788 -0.0157296021127948 -0.589074274668378 -0.0473806074295441 -0.506263001916225)
(0.864414837404431 -0.022534123763095 -0.00402753760551215 -0.470428130628285 -0.0352237534556762 -0.39398144673888)
(0.674634078743942 -0.0123303065358432 0.0020154624203719 -0.371429398252399 -0.0256524536273981 -0.303201980691751)
(0.519995360875984 -0.00637032894251588 0.004652487376658 -0.2895298152699 -0.0182561502927526 -0.230464195965484)
(0.395075965952169 -0.00304170748302558 0.00534787267809404 -0.222367170330186 -0.0126546145571284 -0.172708148884971)
(0.295100069105454 -0.00128390688767696 0.00502230388924142 -0.16781359280367 -0.00850712706032273 -0.12728617920162)
(0.215897627325102 -0.000425423932280463 0.00423465756670113 -0.123967787609716 -0.00551436384148729 -0.0919297101729571)
(0.153889018339895 -5.53800844239152e-05 0.00330981990867695 -0.0891620258569096 -0.00341891333701245 -0.0647269404813111)
(0.106018785124857 6.83956939010763e-05 0.00242309464019378 -0.0619374327460222 -0.00200370571471195 -0.0440813338472552)
(0.06976431408147 8.26816782631594e-05 0.00165959077314617 -0.0410660355796607 -0.00109062968376803 -0.0286982723727912)
(0.0430162592184976 5.90951208485031e-05 0.00105017500421001 -0.0254938455510883 -0.0005360541433162 -0.0175224120814503)
(0.0240188127641059 3.12491542626524e-05 0.000596133720681021 -0.0143217818811885 -0.000226073216679484 -0.00969703052892297)
(0.0113432156471869 1.1843088612062e-05 0.000284422732115205 -0.00680027624762159 -7.38951581813285e-05 -0.00454293942726199)
(0.0038009124886011 2.53299745923649e-06 9.59062501474093e-05 -0.00228954266781989 -1.44093158656252e-05 -0.00151136979721661)
(0.00039544215532586 8.57747326569251e-08 1.00233033477624e-05 -0.000239235320368734 -4.84294862089406e-07 -0.000156206831271857)
(31.6575401604652 0.0799786904701812 -3.58954317076302 -13.7039140541127 -0.00754344550114373 -17.9556762749945)
(31.3066880753061 0.232201700276717 -3.5471854042813 -13.5779262147802 -0.00552639159442241 -17.7296341753208)
(30.4783635136345 0.225019985938035 -3.51831412971523 -13.2300309895307 -6.65049122840281e-05 -17.2475446475278)
(29.476948204114 0.0760554020347075 -3.50635732781041 -12.8120910087632 0.0181126717273028 -16.663582702727)
(28.3106796868446 -0.14296703919004 -3.50703339541988 -12.3160304938437 0.0344680307549135 -15.993330475542)
(27.209919409944 -0.365243886703704 -3.53051343057426 -11.8454890379251 0.0531316658502031 -15.3631591290037)
(26.1860909421716 -0.547130609679155 -3.5596479758023 -11.3988318150172 0.0664929776978271 -14.7863286744063)
(25.0732370125233 -0.695549282987913 -3.59914409398128 -10.8906811258935 0.0636354926759319 -14.1822780643044)
(23.9054347095679 -0.855233778006296 -3.60771805399153 -10.3526879001012 0.0375013511196361 -13.5530211305768)
(22.8152599072543 -1.01121824093006 -3.56557117793703 -9.8669105259519 -0.00828080277802233 -12.9487467539839)
(21.7333670275809 -1.13828073844087 -3.48394934226817 -9.40170092187837 -0.0653377363544148 -12.3321406740205)
(20.6514009659059 -1.23703308976323 -3.36515046143831 -8.95175361685727 -0.129695387686041 -11.7002051788055)
(19.5260082054038 -1.30253130473248 -3.2112673670475 -8.49413846123338 -0.196437595479699 -11.0326220399856)
(18.3330114048632 -1.33778511891316 -3.02175827728663 -8.0159634009483 -0.260707367746261 -10.3177915094084)
(17.0796163580311 -1.34372335515142 -2.79675124124 -7.51833534768085 -0.315975403535845 -9.56190442612652)
(15.7786566561702 -1.32043934764946 -2.55121501197373 -7.0021624113055 -0.357002952246162 -8.77697180716902)
(14.4439370830047 -1.27068439019629 -2.29608972620347 -6.46794374092702 -0.382035065973405 -7.97631158632492)
(13.0864658165843 -1.19889478629339 -2.04044064634016 -5.91558050342081 -0.391745918163873 -7.1710623726702)
(11.7162966362203 -1.11006093618672 -1.79143568843257 -5.3463023830514 -0.388249939432528 -6.37006017070687)
(10.3520128313731 -1.00956830169608 -1.55426061948486 -4.76738608777338 -0.374170048684072 -5.58460405743347)
(9.02111205747062 -0.903037164874483 -1.33239570350686 -4.19192930494613 -0.352084384540017 -4.82908478037403)
(7.75513312941065 -0.795107950155698 -1.12727154249645 -3.63594212357187 -0.324315484225294 -4.11903026554266)
(6.58381175005322 -0.689274987903525 -0.93896564873523 -3.11502057592018 -0.292847934641534 -3.46858805324737)
(5.52909639960071 -0.5875502058054 -0.76648902902431 -2.64114096370882 -0.259399947793937 -2.88773434281354)
(4.60253103860629 -0.490765181555897 -0.608845454680456 -2.22116932019336 -0.225505935572023 -2.38114904296143)
(3.80457080180953 -0.399602798605192 -0.466910705487328 -1.85641825336562 -0.192463615306377 -1.94797235898482)
(3.12761275075326 -0.314851394893449 -0.342682459035019 -1.54413567761089 -0.161334210485716 -1.58333532788409)
(2.5592583049563 -0.238484887854114 -0.238842768483189 -1.27918726913699 -0.132918753586032 -1.27996934559915)
(2.08459390597135 -0.172836822099615 -0.157097674368392 -1.05520170298386 -0.107676771924943 -1.02932614401152)
(1.68991894098881 -0.11963410567389 -0.0968375324679923 -0.866407992069857 -0.0858132618688082 -0.823469999373966)
(1.36246319115257 -0.0792198754744382 -0.0553585866592325 -0.707443331106671 -0.0672787699615706 -0.654995862571095)
(1.09164938257318 -0.0503443385321072 -0.0286213082105228 -0.573935873979038 -0.0518733586713053 -0.517700001317797)
(0.868395591104041 -0.0308019849527527 -0.0124602449388239 -0.46212933013744 -0.0392968355382598 -0.406259075615912)
(0.685027874689124 -0.0181620056913263 -0.00334878116080818 -0.368833703968479 -0.0292066997347592 -0.316190420986991)
(0.53528240483908 -0.0103017815304576 0.0013200174631792 -0.291443031649263 -0.0212617904390629 -0.243837444160513)
(0.413621182051711 -0.0055932696652835 0.00334073890241516 -0.227593518014107 -0.0151220045385924 -0.186026709580239)
(0.315400714715027 -0.0028764794879477 0.0038727706172772 -0.175272094818331 -0.0104745509669807 -0.140128161997563)
(0.236653233131053 -0.0013765845722508 0.00363560718643936 -0.132720653248652 -0.00703579316387885 -0.103932369748201)
(0.17403294074935 -0.000592681363456316 0.00305780009654559 -0.0984226334627447 -0.00455669125013946 -0.0756102142491349)
(0.12475165644068 -0.000212985201490141 0.00238351829358323 -0.0710892543330055 -0.00282283531789624 -0.0536623650830357)
(0.0864391244103711 -4.97848366329009e-05 0.00174017709219195 -0.0495921802318691 -0.00165251677895946 -0.0368469310280681)
(0.0572130666690066 6.96751561757585e-06 0.00118902580326297 -0.0330222280810903 -0.000898536816079809 -0.0241908342251146)
(0.0354817448631794 1.73525915769921e-05 0.000750862927037366 -0.0205869946768109 -0.000441238745530577 -0.0148947490684769)
(0.0199279554528252 1.21534507064559e-05 0.00042578390703177 -0.011616004087388 -0.00018590509219488 -0.00831195116256726)
(0.00946614135193378 5.23084916942412e-06 0.000202955352151456 -0.00553949547322239 -6.07945631246695e-05 -0.00392664583305457)
(0.00319269504553126 1.2033216305202e-06 6.85078573718558e-05 -0.00187481673552318 -1.18935697024204e-05 -0.00131787823828718)
(0.000333638490046307 4.07854406695511e-08 7.14499702276904e-06 -0.000196485580674496 -3.99533213818564e-07 -0.000137152891685955)
(29.7997801325328 0.0739013915687777 -3.26576064699764 -12.9026145379969 -0.0068116217231202 -16.8986505764032)
(29.4175827721178 0.224729085475734 -3.21320547251593 -12.7591328310372 -0.00423282484002633 -16.6592985229055)
(28.5360290931042 0.226542294433678 -3.15545892682025 -12.3816810610057 0.00236246645969989 -16.1536829487996)
(27.4613906369946 0.0948273224946657 -3.11171149266239 -11.9220112094182 0.0199744505131856 -15.5383486846707)
(26.2522845017131 -0.111986331435953 -3.07771472809855 -11.4016235880834 0.0353085543132224 -14.8496549209337)
(25.1301249459503 -0.326165451207398 -3.07145357647422 -10.9190421975458 0.0552623257254809 -14.2101721624138)
(24.125089769759 -0.498678084828981 -3.07920617042059 -10.4807103112335 0.0708167567684463 -13.6436670836653)
(23.0628969765467 -0.645816930699987 -3.10393879334585 -9.99774780216557 0.0726251221893161 -13.0648980543458)
(21.9861940545571 -0.810171917220288 -3.10765499086781 -9.50461097931904 0.0547665852433664 -12.4816699855592)
(21.0165942683619 -0.972311971834272 -3.07292719960516 -9.07600527203168 0.0204119808990377 -11.9407848939335)
(20.069096290041 -1.10338310706447 -3.00330681435415 -8.67222492909455 -0.0242727568694511 -11.3971153931572)
(19.1161855055347 -1.20054122130622 -2.8977289070666 -8.27883487419712 -0.0764694002620053 -10.8377338738932)
(18.1066110702894 -1.25851548554984 -2.75430655348209 -7.86980784752949 -0.132659024720556 -10.23736416676)
(17.0168645117188 -1.28057836629216 -2.57193662265183 -7.43324001703897 -0.188020647202084 -9.5842047684871)
(15.8522882440516 -1.26653872126477 -2.35351819938214 -6.96931239814414 -0.23667234122339 -8.88347355676764)
(14.6222334954273 -1.21715211551288 -2.11336172258748 -6.47759322694059 -0.273953461704536 -8.14504075788073)
(13.3393920976276 -1.13820137163823 -1.86457760414899 -5.95851673171015 -0.297802369570468 -7.38115226955012)
(12.0176822830083 -1.03728552967395 -1.61938106292478 -5.41388259489119 -0.308430925121412 -6.60397642714671)
(10.6753529554943 -0.922957302569485 -1.38583032494133 -4.84929406728403 -0.307622801088286 -5.82614497865438)
(9.33922288465354 -0.803798123951174 -1.17099705168658 -4.27633681085599 -0.297625702378309 -5.06289646697375)
(8.04341349181216 -0.687048020780288 -0.978686651109656 -3.71145670077847 -0.28071995096856 -4.33190540498756)
(6.8243317673704 -0.57821437725161 -0.8096766419521 -3.17304050266902 -0.258976175206118 -3.65118746667437)
(5.71270166507254 -0.480624753130259 -0.662914263742896 -2.67711739077437 -0.234150194883171 -3.03545233015146)
(4.72909294566114 -0.39544943735367 -0.535323061750345 -2.23491097383906 -0.207738102918317 -2.49403461103871)
(3.88141319048366 -0.322151372759791 -0.424138928363423 -1.85142820383451 -0.180987924814497 -2.02984652469027)
(3.16604948745582 -0.259094741915984 -0.327114505161937 -1.52589560721765 -0.154893301080789 -1.64003554341587)
(2.57172879533852 -0.204477047406689 -0.243339609109667 -1.25365642102508 -0.130246120867894 -1.31797917234806)
(2.08271172878284 -0.157110201311493 -0.172992680498147 -1.02779523668437 -0.107624997417302 -1.05485075743245)
(1.6822193603141 -0.116549882000993 -0.116390810374677 -0.840871363122423 -0.087397019985542 -0.841303876718509)
(1.35501988603988 -0.0829752247975488 -0.0734544667351295 -0.686211234677632 -0.0697641551936004 -0.668780956450322)
(1.08781832783335 -0.0565631530138642 -0.0429708796811385 -0.558074029370066 -0.0547415911588352 -0.529727948499944)
(0.869584728019452 -0.0369540877807369 -0.0227925759718189 -0.451770483074386 -0.0422098715277136 -0.417805165111938)
(0.691363091197094 -0.0231893560471218 -0.0103518732578807 -0.363535396081208 -0.0319572213528448 -0.327822745372343)
(0.546164454472667 -0.0140115181141921 -0.0032438937376507 -0.290470302473648 -0.0237360294423636 -0.255691551267871)
(0.42791949646075 -0.00815873442006015 0.000447874082643485 -0.230005688909494 -0.0172588289205133 -0.197912505533427)
(0.331985176123917 -0.00456510315880738 0.00208866547056237 -0.180186717614241 -0.01225922171812 -0.151797802120243)
(0.254450403323792 -0.00244096587149313 0.0025769527207316 -0.139329974408426 -0.00848107695701344 -0.115120115351938)
(0.19201742871397 -0.00123515602081185 0.00246940655215649 -0.105979559596713 -0.00568821437133739 -0.0860377297574766)
(0.142076541262945 -0.000580585219097422 0.00209541121144165 -0.0789665849147638 -0.00367760917738402 -0.0631098947165338)
(0.102514994588416 -0.000245651887509338 0.00164107619963961 -0.057328522303087 -0.00227465397151791 -0.0451864464507535)
(0.0715288061060625 -8.79639808235574e-05 0.00120216063709911 -0.0402126875623992 -0.00133020951487057 -0.0313161093742094)
(0.0476577437493279 -2.24236820794145e-05 0.00082320565338302 -0.0269136561839233 -0.000722119836467199 -0.0207440845842034)
(0.0297561834417831 -4.96240184678709e-07 0.000521265445964589 -0.0168685380693741 -0.000354226233986929 -0.012887644611895)
(0.0168068321446889 3.39712838607332e-06 0.000295864212016891 -0.00955778832273533 -0.000148859391287681 -0.00724904368291346)
(0.00803507311793449 2.08202139985706e-06 0.000141540647548174 -0.00458186166921965 -4.86485876568597e-05 -0.00345321148309457)
(0.00272047048185717 5.34428926008059e-07 4.77778059657063e-05 -0.00155469298289508 -9.44383148433098e-06 -0.00116577747714364)
(0.000282685535760085 1.77555121348848e-08 4.9399909385049e-06 -0.000161828324892863 -3.09641649835791e-07 -0.000120857223629668)
(27.3629399152613 0.0663587531353504 -2.78928584440178 -11.8259133720354 -0.00591535309705313 -15.5380609830465)
(26.9659657584137 0.211025126900181 -2.73160535836606 -11.6722200544453 -0.00363238488386785 -15.2944865162782)
(26.0667682293349 0.219240362144023 -2.65733626233257 -11.2821835259232 0.00305549697048683 -14.7840753506738)
(24.9650803666813 0.104790561715866 -2.59415804954266 -10.8030819622901 0.0186592837237937 -14.161213783561)
(23.7574181839888 -0.0883636883987049 -2.53778269792247 -10.2795955970721 0.0320471863085644 -13.4770891294865)
(22.6491123993877 -0.28910106944318 -2.50985937144394 -9.80144473823951 0.051173603759611 -12.8470553439502)
(21.6826181784711 -0.448069805764841 -2.50090116227313 -9.38031334676486 0.0666795080580988 -12.3017753696462)
(20.682687959563 -0.5883925402741 -2.51190874688956 -8.92773909348105 0.0712486355542785 -11.7547295592526)
(19.6988559458006 -0.74950151411085 -2.51049583394156 -8.48001600161133 0.059811886531637 -11.2188146427613)
(18.8422877929397 -0.909707422187563 -2.48339309904943 -8.10450866284098 0.0353200248165778 -10.7378368683799)
(18.0211890894127 -1.03885200330654 -2.42812638051777 -7.75787760933056 0.00172235676272101 -10.2634169920527)
(17.1965335819195 -1.13211853064911 -2.34159223208955 -7.42042888565193 -0.0390053595289255 -9.77633999957272)
(16.3129776178768 -1.18382642860297 -2.21848941129246 -7.06498415926584 -0.0847473287320626 -9.24838348687519)
(15.3458630141302 -1.19595035735886 -2.05741017662721 -6.67958577725161 -0.130904362009259 -8.66668687134235)
(14.2990224422848 -1.16768971228675 -1.8627274549653 -6.26366244912395 -0.172451255516107 -8.03573225964965)
(13.1769976775352 -1.1005754473027 -1.64760005323628 -5.81485306988656 -0.205326535538713 -7.36246031526087)
(11.9905709030513 -1.00254515748447 -1.42586596225493 -5.33314981944611 -0.227281756759269 -6.65765872438517)
(10.7546070148603 -0.883834016389636 -1.209576947392 -4.82126225768396 -0.23818234214581 -5.93350519366606)
(9.49301331685891 -0.755918385452019 -1.00867922887537 -4.28785319645383 -0.239376895118297 -5.20525604428698)
(8.23710557351635 -0.629282501202894 -0.829676412341911 -3.74687859093856 -0.232739328403858 -4.490261189704)
(7.02523033520847 -0.512043948132401 -0.675810454329232 -3.21693554183956 -0.220226591589604 -3.8082742502459)
(5.89525954516016 -0.409559093216039 -0.547204222695915 -2.71711198713411 -0.203622292939029 -3.17809081053781)
(4.87708113106843 -0.32404341632104 -0.441031451950208 -2.26296683958886 -0.184436238200131 -2.61403261121282)
(3.989085720931 -0.255278863327309 -0.353319477339361 -1.86456292596638 -0.163947043271301 -2.12443182812461)
(3.23576613207492 -0.201218200192843 -0.280000046084142 -1.52513730295699 -0.143148423044097 -1.71054384547719)
(2.61057609612278 -0.158792930287793 -0.217741278153857 -1.24237223572207 -0.122809050514711 -1.36813111732554)
(2.099916434806 -0.124939624923682 -0.164565616182875 -1.01036747453439 -0.103522015545653 -1.08949217354344)
(1.68664152511558 -0.0971289631032716 -0.11964472142922 -0.821410298802856 -0.0857242112144111 -0.865190232939285)
(1.35378957968911 -0.0737955617618085 -0.0827751087474991 -0.667865099787967 -0.0697349830408682 -0.685896869319053)
(1.08566777596424 -0.0542271032847209 -0.05389800869137 -0.542724406385625 -0.0557175326523773 -0.54292598002702)
(0.869449666725248 -0.0382437345025434 -0.0326136767542755 -0.440378304583897 -0.0437257783704956 -0.429060974581045)
(0.694681420845312 -0.0258046049026836 -0.0179796296553061 -0.356338141433364 -0.0336976823990132 -0.338337346424068)
(0.553097790959463 -0.0166626046269102 -0.00864644063315459 -0.287112740995502 -0.0254876826089225 -0.26598178865556)
(0.438209614234972 -0.0103163604329101 -0.00315909540435277 -0.229988458507995 -0.0189014557204843 -0.20821942728405)
(0.344895715169922 -0.00613503154312635 -0.000220995411841618 -0.182825875361867 -0.0137218728558374 -0.162068949428588)
(0.269087519665785 -0.00350337414776762 0.00114660948602516 -0.143912129081689 -0.00972937904187697 -0.125174949507871)
(0.207568250944775 -0.00191447463866188 0.0016184525775569 -0.111877658575729 -0.00671710758740555 -0.0956903795835476)
(0.157764756665349 -0.000994042467237973 0.00162032332897309 -0.0856067013042814 -0.00449650733175992 -0.0721579578874119)
(0.11762396065454 -0.000484160601369977 0.00140504979247293 -0.0641902996924001 -0.00290175595585215 -0.0534336191112981)
(0.0855167306796154 -0.000216576998711029 0.00111485427222537 -0.0468919168575601 -0.00179113953405624 -0.0386247967380582)
(0.0601089851993306 -8.57432654159694e-05 0.000824297656415055 -0.0330896549009281 -0.00104492270659373 -0.0270193239435219)
(0.0403522486200834 -2.77872234544938e-05 0.000569190853953484 -0.0222847153488816 -0.000566351023715264 -0.018067531266894)
(0.0253641694303836 -5.88899878037613e-06 0.000362856526036163 -0.014043197080282 -0.000277027948277249 -0.011320971843437)
(0.0144287469587158 2.31144244172811e-07 0.00020756490860772 -0.00800469458780083 -0.000116333838613997 -0.00642405222772679)
(0.00693664795236916 7.86575296748144e-07 9.98647866216675e-05 -0.00385436244151932 -3.78842585897693e-05 -0.00308228552521641)
(0.00235928679089049 2.48818371556308e-07 3.38964934714607e-05 -0.00131251000362491 -7.32296647506516e-06 -0.00104677675520231)
(0.000251860510813936 9.0251376536502e-09 3.60657129458978e-06 -0.000140234203694543 -2.52862313658974e-07 -0.000111626284034669)
(24.4858446861976 0.0583340569194498 -2.22660303971361 -10.539337888394 -0.00495743987826054 -13.9471921154134)
(24.0932132647647 0.192975640558147 -2.17093908260257 -10.3842237715297 -0.00344960669161585 -13.70957769635)
(23.2132405181525 0.205330889217702 -2.09367598946859 -9.99952149310266 0.00254115365457644 -13.2133654586232)
(22.1330883600551 0.107527458693403 -2.02519545840607 -9.52501427966847 0.0153965088941858 -12.6074800560808)
(20.9711505528205 -0.0705049989261547 -1.96056543754355 -9.01987738995911 0.0264040349226595 -11.9507724945427)
(19.9136308299138 -0.253749671701293 -1.92209625645844 -8.56359047159292 0.0432738063757724 -11.3496455890076)
(19.0065203573489 -0.396821212379635 -1.90358758456689 -8.16932908466173 0.0571753936454541 -10.8368182612908)
(18.0841442102332 -0.525986158222464 -1.90509545031777 -7.75412494982133 0.0629273984269357 -10.3298504727519)
(17.1987003920375 -0.677477301918959 -1.90049109813138 -7.35405213537824 0.0560878759853487 -9.84457652192848)
(16.4483337178909 -0.828778391211168 -1.88045919699859 -7.02794586253303 0.0393771762189971 -9.42037264182578)
(15.7442721457527 -0.950769881307361 -1.83975468617381 -6.73367340836944 0.015025636409736 -9.01063119204058)
(15.0408602942184 -1.03747842481852 -1.77374979275665 -6.44877208230315 -0.0156929223062245 -8.59221845087753)
(14.2847972719405 -1.08329042830967 -1.67611525551839 -6.14773305440066 -0.0516588554834281 -8.13731213254272)
(13.4505546685336 -1.08858292791309 -1.54472510663363 -5.81854576074196 -0.0889161789559588 -7.63228793706864)
(12.5390629425494 -1.05194076760299 -1.38490501554626 -5.45933293859755 -0.12322996007039 -7.079995722545)
(11.5506720439916 -0.97559064448417 -1.20749426164654 -5.06616745108092 -0.151221520974708 -6.48473897476891)
(10.4925274672299 -0.868476880263384 -1.02531072753367 -4.63779282365774 -0.170624737650027 -5.85492514871275)
(9.38039856336417 -0.742865158857269 -0.849624172084547 -4.17770066888498 -0.181045027360398 -5.20283362571123)
(8.23893123697172 -0.611788115232686 -0.690032275439905 -3.69518522423097 -0.183416125205872 -4.54383395739849)
(7.10245741581007 -0.48673210589371 -0.552331887998246 -3.20578853339905 -0.179265139702053 -3.89671173833787)
(6.00992438313457 -0.376017423245338 -0.438663259744365 -2.72844993529578 -0.170221647251284 -3.28147647115235)
(4.99815720002357 -0.284093358756078 -0.348053537705214 -2.28172704471833 -0.157771937524529 -2.71640260206491)
(4.09551344342877 -0.211986746504943 -0.276977118177476 -1.88034402366965 -0.143200900231258 -2.21512246605123)
(3.31729719057243 -0.158132178373453 -0.221024282275355 -1.53276414290708 -0.127551612324145 -1.78447995063647)
(2.66531311664579 -0.119218305885365 -0.175906455533911 -1.24079147126789 -0.111598449494541 -1.42447142800271)
(2.13164652691756 -0.0914170726667071 -0.138367989573181 -1.0013243170306 -0.0959376732190744 -1.1302798876183)
(1.70181392854037 -0.0712156239853614 -0.106420644705732 -0.807928898828498 -0.0810209006400386 -0.893852156681744)
(1.35874126376574 -0.0558390361326817 -0.0791698831322176 -0.652844708802761 -0.0671905651427748 -0.705872667194755)
(1.08579620102608 -0.0434245507684363 -0.0563722746753536 -0.528517748367635 -0.0546982632973892 -0.557262380828321)
(0.868694645561474 -0.032993838040133 -0.0379715989458947 -0.428554707214551 -0.0437137277486833 -0.440129583272928)
(0.695359400359857 -0.0241824935573167 -0.0238837392861201 -0.347637389030152 -0.0342892794952074 -0.347715669959864)
(0.55637632908502 -0.0169528798917978 -0.0137755160704907 -0.281715530160335 -0.0263969648727966 -0.274657075442743)
(0.444418434302581 -0.011327327948441 -0.00704119727804112 -0.227696364677441 -0.0199351029678798 -0.216719982675767)
(0.353786798632933 -0.0072110422479141 -0.00290963422679936 -0.183201130315926 -0.0147543982260447 -0.170584527210645)
(0.280200489274233 -0.00438221082237824 -0.000602292741742296 -0.146463512006374 -0.0106898046275952 -0.133736382695761)
(0.220171022848141 -0.00254495030916708 0.000534749269107917 -0.116019674110051 -0.0075606824261507 -0.104151057783856)
(0.171169598649724 -0.00140934727065391 0.000981426292266115 -0.090815586200209 -0.00520590120173781 -0.0803538695155275)
(0.131195822699339 -0.000740502459135818 0.00105431664423469 -0.0700008231123895 -0.00347595568154383 -0.0611949315158931)
(0.0986718115338747 -0.00036550892285292 0.000946410885683725 -0.0528885914074439 -0.0022380024253572 -0.0457831906932516)
(0.0723411319233067 -0.000166458943434375 0.000767439387759819 -0.0389157824274259 -0.00137731170817313 -0.0334253375175332)
(0.0512791006332953 -6.77153193106061e-05 0.000577170405706018 -0.0276633067681516 -0.000801637090726386 -0.0236157891656195)
(0.0347012577287753 -2.31910324228483e-05 0.000404338199652378 -0.0187602595154808 -0.000433414327864464 -0.0159409967031055)
(0.0219815437312354 -5.75273679123562e-06 0.000261250805512206 -0.0119024072934943 -0.000211635786766232 -0.0100791359449034)
(0.0125939145303438 -4.57324256392154e-07 0.000151312076818502 -0.00682679512202843 -8.86887636738339e-05 -0.00576711934465982)
(0.00608930958790197 3.54307193790079e-07 7.36243735497499e-05 -0.00330350597290503 -2.87407176861886e-05 -0.00278580361171622)
(0.00208831874595849 1.39648614036265e-07 2.53287528356434e-05 -0.00113342350931514 -5.58004388875093e-06 -0.000954895208358243)
(0.000223475850152639 4.83942661815366e-09 2.71914658404538e-06 -0.000121338879184358 -1.90925325494083e-07 -0.000102136943853272)
(21.3429506594786 0.0504206448484875 -1.6559298841929 -9.12663831327068 -0.00403556513529857 -12.2167416328153)
(20.9712859556005 0.172213418325994 -1.60803831551142 -8.97808569674236 -0.0034499473544229 -11.9936331416882)
(20.1444074319588 0.186823831377131 -1.53880982082541 -8.61535537133268 0.00142262567660438 -11.528830126489)
(19.1286697258771 0.104346047719936 -1.47691437699918 -8.16699903912049 0.0112969513436173 -10.9612401870842)
(18.0528247569811 -0.0568781969498075 -1.41647346995706 -7.69974560001371 0.0198966814968845 -10.3527590822689)
(17.0787118024002 -0.220022771463609 -1.37768291434501 -7.28076297559145 0.0337921411015744 -9.79770413022957)
(16.2522905193319 -0.346067102574591 -1.35678117926974 -6.9233912378678 0.0452715856329886 -9.32866377603627)
(15.4220940556491 -0.461179582423574 -1.35386487192355 -6.55219006812605 0.0510821463075931 -8.86978387118735)
(14.6403761902019 -0.598513332617108 -1.34864985523224 -6.2019205950289 0.0472742033744769 -8.43837337347886)
(13.9912348215871 -0.735812236231139 -1.33501270010942 -5.92245915950849 0.0362879854145569 -8.06873286752766)
(13.3946147178745 -0.846556081794465 -1.30702175097239 -5.67581518383893 0.019174860411568 -7.71879051182376)
(12.8038640253215 -0.924577902075519 -1.2600925284051 -5.43939423068965 -0.00329727874442697 -7.36454212498009)
(12.1700856217295 -0.964655169444431 -1.1880631319529 -5.19037997089487 -0.0306835083746751 -6.97985589851606)
(11.4696419194733 -0.965646641665451 -1.08892290694429 -4.91787549066022 -0.0597077164876146 -6.55194337815276)
(10.6991858349568 -0.925627382798259 -0.967155053988461 -4.61826670834716 -0.0871052953256503 -6.08109592081039)
(9.85629001976189 -0.847263544128144 -0.831530111606024 -4.28672374628444 -0.110052234150977 -5.56973007793308)
(8.94475357479567 -0.739788797419132 -0.692513901781315 -3.92085974141246 -0.126457930312034 -5.02403296740328)
(7.978591895239 -0.616155057011044 -0.560245575177302 -3.52368050161635 -0.135755432616436 -4.45501940926118)
(6.98237343717129 -0.490070271659776 -0.442515989859211 -3.10462500919468 -0.138569582905456 -3.87782097761547)
(5.9888354713582 -0.373051834515269 -0.344216052501061 -2.67858702043986 -0.13608934856097 -3.31028853936259)
(5.03623203705747 -0.273004027002791 -0.266414013161801 -2.26415492466483 -0.129638774676869 -2.77208830893481)
(4.15900131745741 -0.19354188352826 -0.207400346389308 -1.87867762861997 -0.120440134581087 -2.28031129440974)
(3.3821312702874 -0.134525087111588 -0.163686431526451 -1.5351637191312 -0.10953397303852 -1.84694294628199)
(2.71851324707222 -0.0933343765940589 -0.130925517466655 -1.24078165979715 -0.0977544065609559 -1.47770294727725)
(2.16825599620757 -0.0660050617689111 -0.105321791145329 -0.996387068137618 -0.0856950406989391 -1.17184119743086)
(1.72264713452541 -0.0484022583489681 -0.0841985011935096 -0.798383012167928 -0.0737946199772338 -0.924240452925156)
(1.36776222370511 -0.0370003480306609 -0.0660648280457896 -0.640517198307913 -0.0624009471336692 -0.727226846943231)
(1.087711650098 -0.0291903594496134 -0.0503003053229692 -0.515538012768897 -0.0517892023741469 -0.572160579893584)
(0.86726953242425 -0.0232837229621411 -0.0367905935545465 -0.416519458413175 -0.0421683122053763 -0.450741045192526)
(0.693531243992754 -0.0183685822004406 -0.0255970102725205 -0.337682885589598 -0.0336829563369891 -0.355842467889608)
(0.555971994827531 -0.0140673765014684 -0.0167336500158963 -0.274409133578471 -0.0263944518892365 -0.281559150377988)
(0.446317708169247 -0.0103179478656737 -0.0101098064594793 -0.223145277388685 -0.0202873978345214 -0.223170188786693)
(0.35829172672294 -0.007188872931923 -0.0054839888395617 -0.181256790621863 -0.0152899879450886 -0.177033639265131)
(0.287091665282297 -0.00474068425385461 -0.00249800794758822 -0.146756620479487 -0.0112895727316276 -0.140334319482457)
(0.229118074597376 -0.00295879853654803 -0.000740183659784377 -0.118171630960213 -0.00815612809720629 -0.110946058067407)
(0.181600219908708 -0.00174918653578809 0.000182761338638463 -0.0943633244216916 -0.00575178332344835 -0.0872366966335609)
(0.142513189554986 -0.000979109861198382 0.000586472104218429 -0.0745018924084467 -0.00394897752257216 -0.0680111973799788)
(0.110287467450219 -0.000517384231178129 0.000695375596021417 -0.0579314750570655 -0.00262867796383875 -0.0523559454977832)
(0.0837365656719443 -0.000255808716434069 0.000653380608245081 -0.0441468010053394 -0.00168664264360909 -0.0395897436570962)
(0.0619788507710795 -0.000116347245514011 0.000545875864326772 -0.0327656930963552 -0.0010349900065725 -0.0292131488859292)
(0.0443318332639525 -4.72532618062498e-05 0.000419962187945058 -0.0234830121506 -0.000600489522271689 -0.020848817838724)
(0.0302505469017687 -1.61490956915067e-05 0.000299853205225246 -0.0160458274064201 -0.000323451472423603 -0.0142047184065391)
(0.0193126236340039 -4.00960144464717e-06 0.000197147944746263 -0.0102531896370929 -0.000157373717437513 -0.0090594336923734)
(0.0111459591555628 -3.34335984424729e-07 0.000116073178281127 -0.00592054516460453 -6.57480936780515e-05 -0.00522541392415321)
(0.00542791348460898 2.35556010597979e-07 5.73560985128148e-05 -0.00288391504812666 -2.12762909524136e-05 -0.00254399844194802)
(0.00186997021742787 8.96512216182605e-08 2.00034791593709e-05 -0.000993662326464473 -4.10223831418722e-06 -0.000876307874102763)
(0.000202118743178435 2.88482496901403e-09 2.18387764565529e-06 -0.000107386282365814 -1.41683321831538e-07 -9.47324532320073e-05)
(18.1176843919141 0.0430238330477029 -1.1452162133945 -7.6766011629428 -0.00322523866333599 -10.4413393853332)
(17.7804039262846 0.150200863684523 -1.10757558098972 -7.5412012847197 -0.00343867243504787 -10.2394965878607)
(17.034241572816 0.165624911399697 -1.05295898079516 -7.21406416212895 0.000159556536671887 -9.82004706757471)
(16.1161512379867 0.0968841153733441 -1.00467592090323 -6.80868159145595 0.00729825008057213 -9.30717125737404)
(15.1566045875254 -0.0461483910319565 -0.956016867977481 -6.39387324163091 0.0136877752389517 -8.76253567805497)
(14.2905889220389 -0.188038876497537 -0.923663062172215 -6.02380359984514 0.0244665040108104 -8.26664174295424)
(13.5609484320387 -0.296860703362591 -0.905475839127283 -5.710851289611 0.0333807445282774 -7.84995442197006)
(12.8340926060481 -0.396398809105021 -0.902158303090845 -5.38863205670258 0.0385756652302591 -7.4453756201581)
(12.1600126371996 -0.516916731906378 -0.898229554614009 -5.08958727379083 0.0365860783160434 -7.07035087894299)
(11.6080575161028 -0.637134273047796 -0.889960541205727 -4.85456175241468 0.0295738993303462 -6.75344871151741)
(11.1096019741853 -0.734267871463922 -0.872186973917192 -4.65106363558354 0.0178388632726913 -6.45851728229659)
(10.6217589187349 -0.802148479173345 -0.841008774077263 -4.4585742229659 0.00187419446382415 -6.16321925108045)
(10.1012928394405 -0.83658245648904 -0.791491215890704 -4.2573893180667 -0.0183110855351914 -5.84399043465505)
(9.5270546207888 -0.835043054566466 -0.721464972787959 -4.03804611113565 -0.0402130857502448 -5.48911185199929)
(8.89399015531753 -0.795514100775683 -0.634695469827084 -3.79636101366595 -0.0613305644374733 -5.0977430425738)
(8.19639216387126 -0.72068493462826 -0.537739317489288 -3.52648789932102 -0.0794326395372137 -4.67001411284529)
(7.43566951695318 -0.619393028531719 -0.438552472043185 -3.22535164490908 -0.0926982469259924 -4.21041378747969)
(6.62314075305611 -0.504248954472775 -0.345329602669022 -2.89500925563909 -0.100497091003539 -3.72820989255384)
(5.7813770893196 -0.388661728286365 -0.264331378178842 -2.54410873164393 -0.103215633525323 -3.23732461368673)
(4.94059912373415 -0.283667235711958 -0.198824767171629 -2.18638547902554 -0.101775641787495 -2.75424588834929)
(4.13537960091537 -0.196387657892141 -0.149469344745661 -1.83862990041373 -0.0972063091076319 -2.29676142060415)
(3.39696589162218 -0.129633812278243 -0.114303527362113 -1.51656711011586 -0.0904890336405237 -1.88039581175902)
(2.74647194283024 -0.0824066055737807 -0.0899663486862523 -1.23123477126816 -0.0824406365507702 -1.51522472616709)
(2.19477641120769 -0.0515357576562668 -0.0728368673677842 -0.988699583832032 -0.0737064150403749 -1.20606163264646)
(1.74103493389653 -0.0328147993744643 -0.0598601206194933 -0.789235853267815 -0.064726141621411 -0.951784067187302)
(1.37692928863803 -0.0221912023337067 -0.0490547226067538 -0.629339625493338 -0.0558236502094981 -0.74757687159244)
(1.0894695744014 -0.0163708258261038 -0.039450501810847 -0.503145313973845 -0.0472503884776992 -0.586314424720316)
(0.864571664085803 -0.0130490594816905 -0.0307694036057276 -0.404220856916287 -0.0392248519893958 -0.460343748975273)
(0.689096793878551 -0.0108362912477611 -0.0230753397025131 -0.326606877809943 -0.0319265113656995 -0.362485055671058)
(0.551843241809001 -0.00901744044315797 -0.0165149402278095 -0.265306030027786 -0.0254770247376517 -0.286533985444103)
(0.443806697434177 -0.00731017013423804 -0.0111755624948683 -0.216388025621419 -0.0199326518743766 -0.227416602188288)
(0.358074975468484 -0.00567107779409511 -0.00704701596309776 -0.176912318960489 -0.0152900120644876 -0.181161365548168)
(0.289362571042358 -0.00416318354819026 -0.00403794031633902 -0.144677999376016 -0.0114948758033705 -0.144683794449133)
(0.233739926736899 -0.00287306526814592 -0.00199178971850145 -0.11808121443461 -0.00846351292025346 -0.115658260646204)
(0.188253255585157 -0.00185829258491068 -0.000713305072055322 -0.0959282221985932 -0.00609460355850182 -0.0923247823834762)
(0.150723357455478 -0.00112574722052912 5.05962206701614e-06 -0.0773436803902954 -0.00428397833356653 -0.0733795426749614)
(0.119529030651285 -0.000638715035279794 0.000350207019625886 -0.0616736870992261 -0.00293075842934209 -0.0578552755998331)
(0.0934817046436038 -0.000338608697981617 0.000469579088082139 -0.0484348646463694 -0.00194331319786916 -0.0450468073566091)
(0.0717218493768547 -0.000166458316934009 0.000465461317503174 -0.0372736717880668 -0.00124192640557701 -0.0344481625543057)
(0.0536291702927546 -7.47035982485805e-05 0.000402328930978073 -0.0279305825219052 -0.000759258911395675 -0.025698581431088)
(0.0387268685313271 -2.96584835666183e-05 0.000317557400554813 -0.0201979945006488 -0.00043872203809603 -0.0185288715467269)
(0.0266674491284173 -9.75004700504602e-06 0.000231748899243183 -0.0139206671863691 -0.000235492760812039 -0.0127467811034241)
(0.0171677800965237 -2.2252819768352e-06 0.000155324922878551 -0.00896611689743401 -0.000114172579775239 -0.0082016629602184)
(0.00998189412581951 -8.06843804806823e-08 9.30335180841837e-05 -0.00521413619951982 -4.74922507120429e-05 -0.00476775789180918)
(0.00489418723097727 1.81146993612855e-07 4.67024913557127e-05 -0.00255643977451283 -1.53072751393056e-05 -0.00233774745472729)
(0.00169630643321252 5.75337341579359e-08 1.65175695044054e-05 -0.000885912690687872 -2.93494987999942e-06 -0.00081039374109967)
(0.000184391085757346 1.45265966510967e-09 1.82846928579284e-06 -9.6278676296457e-05 -1.01619371908736e-07 -8.81124109859475e-05)
(14.9797293518584 0.0363781639448547 -0.734537553690836 -6.27131860147136 -0.00253023557431288 -8.70855660068104)
(14.6864364091653 0.128136768385131 -0.70769786889232 -6.15385344255256 -0.00330334881969327 -8.53277021991912)
(14.0379738260949 0.143129201894559 -0.669316800853766 -5.87071471780279 -0.000883244520602011 -8.16718718772203)
(13.2396253649427 0.0865187860168859 -0.636297875893698 -5.51954911659764 0.00396419527944647 -7.719874774291)
(12.4139929280289 -0.0374210034713826 -0.601891680433384 -5.16550491757816 0.00849799439742384 -7.24837511280874)
(11.6704085352023 -0.158162192423391 -0.578699304904926 -4.85090519979138 0.0164446194125448 -6.81942215305552)
(11.0467875088593 -0.250125764397758 -0.565464178570581 -4.58653946244008 0.0230001916745066 -6.46016365157663)
(10.428941613227 -0.33381400977387 -0.56374508515563 -4.31563645466106 0.0272628246269974 -6.11324845984303)
(9.86270919385735 -0.436479232166793 -0.561965879804746 -4.06745888394634 0.0262968766360791 -5.7951946137589)
(9.40316374884724 -0.538501805232 -0.557822359077355 -3.87435334494982 0.0219149376253726 -5.5287727307473)
(8.9942382109692 -0.620990598813224 -0.54756872842502 -3.70987449339376 0.0140543261940944 -5.28434791562299)
(8.59825522400463 -0.678315638909268 -0.528245398522873 -3.556221393914 0.00300301061013693 -5.04204682664057)
(8.17948764177554 -0.707147429121668 -0.496108633458636 -3.39751926060732 -0.0114424225291141 -4.78201393849815)
(7.71968743214926 -0.704400573186658 -0.449474213883882 -3.22579951897244 -0.0274458393119045 -4.49395148565811)
(7.21254697115685 -0.667964847763836 -0.391219710907479 -3.03664301199594 -0.0431663128605407 -4.17597322356621)
(6.65077218959858 -0.600302647688045 -0.325788947704396 -2.82399312750458 -0.0569214276043076 -3.82684928240715)
(6.03407833716474 -0.509435970081258 -0.259127011061276 -2.58441087672616 -0.0671897031233666 -3.449731672348)
(5.37115062731437 -0.406936171388372 -0.197197525152682 -2.31905232741588 -0.0733840791905746 -3.05215083964741)
(4.68044652963464 -0.30506355181659 -0.144760088930203 -2.03479181865657 -0.075720306294521 -2.64569356681407)
(3.98993647574842 -0.214086174456918 -0.104103267339155 -1.74425547263834 -0.0748806483448678 -2.24570488170129)
(3.32874733725356 -0.140179355489823 -0.0752621441608367 -1.46160172952483 -0.0716594622712164 -1.86715524620409)
(2.72334808145048 -0.0853367503478768 -0.0564240544825503 -1.20016065102974 -0.0668023293418116 -1.52318743325993)
(2.19293979688182 -0.0482586837052639 -0.0447131945932356 -0.96990543229582 -0.0609576716218387 -1.22302853745423)
(1.74516880007432 -0.0255091840684343 -0.0373121786685556 -0.775236976929003 -0.0545866162371212 -0.96992363382619)
(1.3794146079698 -0.0130416273766239 -0.0319313181920613 -0.616427558758124 -0.0480157205313608 -0.762978932342654)
(1.08780875373736 -0.00706961113617967 -0.0272309793579248 -0.490114348990759 -0.0414639045029772 -0.597687686111803)
(0.859236310385048 -0.0046719257842685 -0.0226440861003647 -0.391273507152007 -0.0351202069498788 -0.467957638887263)
(0.681681413919951 -0.00391376378987782 -0.0181537844912877 -0.314432234108034 -0.0291550098331797 -0.367245514411026)
(0.544035630241268 -0.00369163304671242 -0.0139416374595814 -0.254575444463864 -0.0237121094033987 -0.289457628681862)
(0.437005627387363 -0.00349167972475385 -0.0102205967843261 -0.207587605774195 -0.0188955554660799 -0.229416321638335)
(0.353142352346547 -0.00314635186455803 -0.00711310529550877 -0.170247508877654 -0.0147542064828328 -0.182893733862124)
(0.286786898013281 -0.00265955822081517 -0.0046485062124055 -0.140175621762744 -0.0112903220948627 -0.146610561086759)
(0.2336372528563 -0.00209829714019803 -0.00279229154385985 -0.115604876020619 -0.00846416430117851 -0.11803192706342)
(0.190509061361648 -0.00153957389409502 -0.00147186771709078 -0.0952544333358559 -0.00621210289344851 -0.0952543567032405)
(0.155039998502367 -0.00104664958455825 -0.000596039261617487 -0.0781861638475347 -0.00445723971445121 -0.0768536748039482)
(0.125516522298765 -0.000657385277841915 -6.81104009616899e-05 -0.0637265422280817 -0.00312077450972657 -0.061789891920987)
(0.100681280731699 -0.000380588620559993 0.000209676739304554 -0.0513805598423707 -0.00212593958259099 -0.0493006744207476)
(0.0796520783725549 -0.000202480799750534 0.000323021366071368 -0.0408018865686777 -0.00140359302043346 -0.0388501684609641)
(0.0618038964729396 -9.83114029302218e-05 0.000338832084718717 -0.0317428022024905 -0.000893079569738706 -0.0300610834042829)
(0.0467113156300018 -4.28466286706718e-05 0.000303423856501414 -0.0240335186290107 -0.000543499098396399 -0.0226777922963023)
(0.0340702168010948 -1.61810350058959e-05 0.000245865764418537 -0.0175486564723078 -0.000312426298885785 -0.016521558481435)
(0.0236818442350662 -4.85592154824436e-06 0.00018331703995687 -0.0122053276775687 -0.000166927904861488 -0.0114765158951566)
(0.0153761653584803 -8.73845212921172e-07 0.000125117234559849 -0.00792678986253048 -8.05267570434835e-05 -0.00744937529891436)
(0.00901147385918659 9.54657873584396e-08 7.61848600150391e-05 -0.0046458460823822 -3.33604314746776e-05 -0.00436562772773517)
(0.0044497680400228 1.26573321555887e-07 3.88001027371978e-05 -0.00229375879106965 -1.07026910598453e-05 -0.00215600924877781)
(0.00155190961088954 2.90414747972255e-08 1.38965266730763e-05 -0.00079977367538914 -2.04130736601938e-06 -0.000752135937863854)
(0.000169482538893413 6.30121691138399e-11 1.55482504520658e-06 -8.73200216407307e-05 -6.98967475229518e-08 -8.21625133772178e-05)
(12.0676598838236 0.030357386973592 -0.435039647329123 -4.97717890025964 -0.0019482088401403 -7.0905602004119)
(11.8219542425688 0.106931207704389 -0.417508692371026 -4.87960145756084 -0.00301130021747845 -6.94246497112338)
(11.2787454674342 0.120650782337736 -0.393337037923021 -4.64419613811757 -0.00152773899622041 -6.63451115212988)
(10.6088527943991 0.0745909986643881 -0.373689146161338 -4.35173609274388 0.00155325954656331 -6.25699223658424)
(9.92275118396576 -0.030136106600482 -0.352122037571415 -4.06088153761593 0.00461737150887764 -5.86180680677044)
(9.30590487312975 -0.130595239769445 -0.337607046343529 -3.8034365456223 0.0102067168698543 -5.5024239183809)
(8.78961641866333 -0.206687971148293 -0.3293975028613 -3.58795230083263 0.0148033675706268 -5.20161729110879)
(8.28012351873163 -0.275172328357076 -0.329637621727289 -3.36762325339915 0.0180786808960289 -4.9124660824789)
(7.81731167486071 -0.360273609475943 -0.329835401907504 -3.16772584245065 0.0176487685239935 -4.64955034480009)
(7.44387457898852 -0.444424378672249 -0.328538228281998 -3.01333275937854 0.0149626895028342 -4.4305155108231)
(7.11530499157934 -0.512499099571601 -0.323261395992729 -2.88354377784601 0.00979678085362354 -4.23174777652807)
(6.80016209160426 -0.559513675307909 -0.312108624158093 -2.76370336733856 0.00233493114882413 -4.03646440732559)
(6.46996754559541 -0.583162221739396 -0.292422645397585 -2.64142601903092 -0.00770207546012439 -3.8285659372409)
(6.10997235216457 -0.5800405379193 -0.262942394353175 -2.51054026004366 -0.0190284141870993 -3.59946696173399)
(5.71288936877908 -0.548136093892395 -0.225751221355013 -2.36651980617189 -0.0303558368954806 -3.34640972844009)
(5.27174502889721 -0.48965914874639 -0.183777740345942 -2.20392569653576 -0.0404338997963424 -3.06786114399852)
(4.78456533499301 -0.41137294722192 -0.141175337294808 -2.01904286194516 -0.0480752015325916 -2.76556223905535)
(4.25809931762181 -0.323494448481204 -0.102243628569041 -1.81241449110933 -0.0527558265678559 -2.44571871405206)
(3.70757246360635 -0.236854680192383 -0.0702529375045714 -1.58955720162278 -0.0545977703150806 -2.11804019665405)
(3.1553078290918 -0.160343809843465 -0.0467861299168758 -1.36045972736614 -0.0540916969838788 -1.79486375987406)
(2.62658685150121 -0.0993123794584026 -0.0315011051059247 -1.13732689075925 -0.0518283386360197 -1.48926694526032)
(2.14344868472051 -0.0552283127549791 -0.0228889924423264 -0.931253904259124 -0.0483678869376009 -1.21219564825816)
(1.72107821924352 -0.0265573481027853 -0.0187047406469552 -0.750177243765538 -0.044187649774605 -0.970898287828613)
(1.36621788389284 -0.0100574464978621 -0.0168088925595431 -0.597938001367899 -0.0396301939406821 -0.768275741098679)
(1.07761596460907 -0.00198244235970261 -0.015609955213656 -0.474415094960078 -0.0349108171582691 -0.603196744263776)
(0.848695016040847 0.00101169390573879 -0.0142374599841287 -0.376796785006367 -0.0301797035482564 -0.471894779058705)
(0.670307566039912 0.0014132584651848 -0.0124319572483053 -0.300958643581067 -0.0255759018687601 -0.369346293771189)
(0.532394414969133 0.000812952967682405 -0.0103138154164184 -0.242339132653278 -0.0212234710608765 -0.290053405997684)
(0.426156347021079 5.55886523967118e-05 -0.00812027162795403 -0.196995544620736 -0.0172468901975674 -0.229159511718752)
(0.343826915444217 -0.000509223129407686 -0.00607758852497482 -0.161516220308437 -0.0137195892394279 -0.182309824686341)
(0.279552765231361 -0.000803564022443604 -0.00432105579491892 -0.133405676984579 -0.0106884071436483 -0.146146511378578)
(0.228787077420043 -0.000875137577521297 -0.00290088187386377 -0.110778244301333 -0.0081565010464916 -0.118008449263475)
(0.188110300759407 -0.00080168652246765 -0.00180825642564221 -0.0922532614296284 -0.00609542928664831 -0.0958567913516028)
(0.154981082969412 -0.000651857800736769 -0.00100490953252926 -0.076825396871424 -0.00445688755125774 -0.0781555272387992)
(0.127589312136035 -0.000478980341790459 -0.000445084952860633 -0.0637953911064581 -0.00318654897460063 -0.0637938242715367)
(0.104520294992796 -0.00031851578860293 -8.31420969770133e-05 -0.0526108551328602 -0.00222076720743839 -0.0519093836415508)
(0.0848674463226521 -0.00019054582254282 0.000125031891681239 -0.0429310951858703 -0.00150572684880025 -0.0419363199892606)
(0.0679553294573972 -0.000101815053249109 0.000222201800616222 -0.0344979704089863 -0.000989048573857509 -0.033457342924457)
(0.0533499479470641 -4.79072138630543e-05 0.000246732765078034 -0.027149055029529 -0.000625964080985403 -0.0262008851905554)
(0.0407729887999473 -1.92987359981131e-05 0.000229041176637524 -0.0207812771215724 -0.000378719113511729 -0.0199917082164814)
(0.0300558233073971 -6.19724023940276e-06 0.000190572997222206 -0.0153332715630341 -0.000216561567306115 -0.0147225503511239)
(0.0210967941626937 -1.26335712953732e-06 0.000145079083341908 -0.0107681152048087 -0.000115051093367467 -0.010328678474986)
(0.0138182293012357 8.82642310539255e-08 0.000100690663489349 -0.00705432759512893 -5.51380052575563e-05 -0.00676390155751889)
(0.00816658461388692 2.06546182202986e-07 6.22162810449598e-05 -0.00416915114723648 -2.27441534784675e-05 -0.00399743342494367)
(0.00406066659623261 7.1929860071919e-08 3.20746438860499e-05 -0.00207273814941494 -7.23975318115351e-06 -0.00198792844326794)
(0.00142806133099488 4.82304160189311e-09 1.16401953476424e-05 -0.000728817818299727 -1.3823574744701e-06 -0.000699243517744527)
(0.000155735569482899 -1.1639020884753e-09 1.30550368258464e-06 -7.94605348650459e-05 -4.58855790125671e-08 -7.62750347756864e-05)
(9.47497311736376 0.0249603461701043 -0.235505382244884 -3.83810519098968 -0.00146867577393868 -5.63690850624381)
(9.27667517636968 0.0872367324310848 -0.224875523850141 -3.76048833756192 -0.00259245694331614 -5.51625027844922)
(8.83729192807236 0.0991731593657182 -0.2113470747984 -3.57211738411184 -0.00178844075132163 -5.26515659114933)
(8.29420254897534 0.0623666912486106 -0.201461762275653 -3.3375810567194 3.77033499476195e-05 -4.95654826665022)
(7.74219737894336 -0.0239694284517046 -0.189563426936228 -3.10701028404103 0.00201325966524698 -4.63515393735436)
(7.24714401892595 -0.105700818992443 -0.181705980491195 -2.90397305980396 0.00577031832832077 -4.34314742781852)
(6.83325153389472 -0.167213503218634 -0.177432841607079 -2.73461645334231 0.00885187266876852 -4.09861056419862)
(6.42558016454863 -0.221749448549715 -0.179093141682286 -2.56128137432954 0.0112401693552553 -3.86427840101096)
(6.05767692743622 -0.290512118193832 -0.180593927290219 -2.40515146407539 0.0110724745631315 -3.65250381784291)
(5.76194426483574 -0.358163078461409 -0.180954811001975 -2.28530936854411 0.0094446128488766 -3.47661755562671)
(5.50382975098564 -0.412891061101915 -0.178734211814091 -2.18555409821624 0.00611258385554946 -3.31826729439501)
(5.25833740711637 -0.450456843247224 -0.172778980996089 -2.09442369894398 0.00119727435622812 -3.16391618105475)
(5.00348774447363 -0.469378900104733 -0.161382726531194 -2.00258614999865 -0.00556874869705041 -3.00091341136904)
(4.72739408027686 -0.466386910281732 -0.143595960356797 -1.90526309582355 -0.0133458768950213 -2.82214890955845)
(4.42344461837341 -0.439642662734149 -0.120872265691309 -1.79856157277966 -0.0212429329524389 -2.62490538551811)
(4.08491569619262 -0.390987226415657 -0.095145418203002 -1.67763258469544 -0.0283707942330468 -2.407307415145)
(3.70967342213841 -0.325986796368444 -0.0691513801687854 -1.5391466460313 -0.0338396063598325 -2.1705504287674)
(3.30200985562546 -0.253137948450862 -0.0458839357653751 -1.38288045351451 -0.0372244964644689 -1.91914952139956)
(2.87417539430848 -0.181671491367486 -0.0275115598546586 -1.21310282880042 -0.0385857176952905 -1.66108751890527)
(2.44374859366518 -0.119085344313179 -0.0149967958379659 -1.03756922587198 -0.038263601073349 -1.40618894718228)
(2.03197687128245 -0.0699301182580301 -0.00796247087704209 -0.866462484372639 -0.0366867666795208 -1.16551889169798)
(1.6552849182364 -0.0351333543540005 -0.0051889276375597 -0.708119432688952 -0.0342553702761393 -0.94716629714047)
(1.3271221327934 -0.0133074936913843 -0.0049677439203995 -0.569480178167901 -0.0313256851368798 -0.75764075914932)
(1.052082541156 -0.00148933262973107 -0.00580208758191385 -0.45327470348169 -0.0281308736838768 -0.598805839589058)
(0.829177107844085 0.0035925281972408 -0.0066048019332109 -0.359415177418437 -0.024812189999479 -0.469759886439164)
(0.65310445832957 0.00477532286334399 -0.00684962752648639 -0.285647209924965 -0.0214701645842456 -0.367455520014548)
(0.516460784762437 0.00412452398796773 -0.00646296428806494 -0.228645229529509 -0.0182004290915598 -0.287814267370534)
(0.41130938248095 0.00290635523263376 -0.00561470522096627 -0.184832875966764 -0.0150982918669665 -0.226475570052556)
(0.330533538950957 0.00175748948983805 -0.00455056288143456 -0.151048753222434 -0.0122531077238375 -0.179484157870567)
(0.268200627642456 0.000907094430502258 -0.00347173803943996 -0.124719966491749 -0.00972988137033947 -0.143480230875258)
(0.219625333669573 0.000368851416723703 -0.0025079153419485 -0.103874864504881 -0.00756105686937248 -0.115750173737886)
(0.181321669218647 7.20823186817121e-05 -0.00171461345822282 -0.0870966075523023 -0.00575370131355672 -0.0942248645182107)
(0.150577928036156 -6.68775080189142e-05 -0.00109602399892484 -0.0733078609643341 -0.00428479417859065 -0.0772699350257611)
(0.125452578127193 -0.000113343260846378 -0.000632605810807716 -0.0617595016329767 -0.00312118867842208 -0.0636929888596456)
(0.104492295901306 -0.000110673391794065 -0.00029853446065631 -0.0518971284572866 -0.00222048449768807 -0.0525951116281383)
(0.0866815320282096 -8.56117398303091e-05 -6.94889996264502e-05 -0.0433415565613802 -0.00154056158573479 -0.0433399406894033)
(0.0712720087293302 -5.49271208887174e-05 7.38256667808373e-05 -0.0358122869537247 -0.00103892984636552 -0.0354597017448608)
(0.0577846053008831 -2.85588962967554e-05 0.000149543834951474 -0.0291356599240906 -0.000678485640034084 -0.0286489345006645)
(0.0459166499998821 -1.10026579074702e-05 0.000175641378449884 -0.0232055069753519 -0.000426748767384628 -0.0227111376208935)
(0.0354993325286124 -2.00375331638895e-06 0.000169257273007639 -0.0179673653322424 -0.000256503929718714 -0.0175319647006075)
(0.0264548196355725 1.16712188996494e-06 0.000144721986161535 -0.0134014628237053 -0.000145704570151765 -0.0130533557780096)
(0.0187551509008688 1.44886824229538e-06 0.000112445321363242 -0.00950540967825198 -7.68246421615787e-05 -0.00924974084521576)
(0.0123997436189195 8.478068426516e-07 7.93369382974342e-05 -0.0062856035566997 -3.65576483770173e-05 -0.00611413995515463)
(0.00738744731394168 2.98033634294762e-07 4.96521892216911e-05 -0.00374488997967817 -1.49329765224178e-05 -0.00364255730943648)
(0.00370323767044208 3.96400413455179e-08 2.58927650280294e-05 -0.00187711134609889 -4.72880643778716e-06 -0.00182612632050388)
(0.00130813082083598 -1.40283820915792e-08 9.46224445813257e-06 -0.000662981199862361 -8.87296801340169e-07 -0.00064514961933832)
(0.000144717322404162 -1.95401052184594e-09 1.07821729166216e-06 -7.33326040954479e-05 -3.0040029391203e-08 -7.13847179338917e-05)
(7.25080321012017 0.0201406752307429 -0.113522234540966 -2.87589153105235 -0.00107252751867558 -4.37493161715854)
(7.0959466297591 0.0694888404679073 -0.10767849154014 -2.81641140712107 -0.00210727227295574 -4.27956947642093)
(6.75185045361651 0.0794142453423851 -0.101128789487153 -2.67091373548179 -0.00173625518322541 -4.08092886515439)
(6.32626651954224 0.0504978183469815 -0.0973552594708817 -2.48973324121839 -0.000746538190429629 -3.83649242334846)
(5.8962800901116 -0.0186953011398044 -0.09178879012605 -2.3133354628826 0.000461528707079707 -3.58292759584585)
(5.51133172137485 -0.0836547701620494 -0.0883028731389821 -2.15878906872874 0.00287588512954605 -3.35253095059122)
(5.18932201552837 -0.132191045765477 -0.0866330866777915 -2.03015598072279 0.00485694739502123 -3.1591540120821)
(4.8726302467997 -0.174555947690809 -0.0889349930295445 -1.89823564323965 0.00651682935111248 -2.97438270145987)
(4.58880884604652 -0.228662676257043 -0.090964886995444 -1.78030484316501 0.00646216238322604 -2.80849151624132)
(4.36075809394257 -0.281692826187985 -0.092100094168038 -1.69008702665284 0.00548561962444237 -2.67066126458891)
(4.16304478289698 -0.324560953339049 -0.0915557234003082 -1.61565186796323 0.00338653899767233 -2.54738825955317)
(3.97630257043591 -0.353850662829954 -0.0886652792075581 -1.54831200473984 0.000230407383114075 -2.42799140486421)
(3.78373842168353 -0.368666494598443 -0.0824169446787347 -1.48107389000512 -0.00420151885728568 -2.30267005757562)
(3.57648872769761 -0.366073328710093 -0.0721445014258985 -1.4105505105579 -0.00937630860267325 -2.1659478349161)
(3.34863528402036 -0.344505016992113 -0.0588538785704656 -1.33344266397552 -0.014698764316058 -2.01520462547475)
(3.09460861891523 -0.305405359172273 -0.043736912518255 -1.24587670306965 -0.019565521260654 -1.84874519481444)
(2.81216393618915 -0.253172867929851 -0.0285899159220437 -1.14491500660091 -0.0233337814832918 -1.66726174337839)
(2.50407899487091 -0.194640427447676 -0.0153392663607536 -1.02999879693355 -0.0256838178831967 -1.47409150368537)
(2.17972693178376 -0.137403290094952 -0.00545975925135124 -0.90420353509468 -0.0266295247413076 -1.27553211310195)
(1.85295341196672 -0.0876225559547326 0.000559871497558179 -0.773566157276641 -0.0264145745918717 -1.07939263371112)
(1.53958069749525 -0.0488968555287802 0.00302281798281193 -0.645643897182367 -0.0253280102921999 -0.893939487971915)
(1.25344856555378 -0.0220031696724804 0.00291309100742439 -0.527377172370767 -0.0236566765956147 -0.726071961103444)
(1.00437431027383 -0.00563212996577615 0.0013929604767782 -0.423889917871991 -0.021648440964345 -0.580483899310529)
(0.795968756183817 0.00274118210856288 -0.000481591311303691 -0.337336292136492 -0.0194600825773534 -0.458631510462162)
(0.627582846095475 0.00584086168131338 -0.00200379069548579 -0.267718743518803 -0.0171845601728177 -0.35986312882929)
(0.494941144485287 0.00600992420202368 -0.0028779717998929 -0.213222514805995 -0.0148813202041259 -0.281717792743228)
(0.392307087720267 0.00490519187070757 -0.00311916134286727 -0.171290142801571 -0.0126165831342968 -0.221016323514725)
(0.313579303548205 0.00351456338618972 -0.00290275537379853 -0.139192263735939 -0.0104598945113607 -0.17438659996356)
(0.25327464814746 0.00230666350561508 -0.00243913625801773 -0.114518157347907 -0.00847750148523333 -0.13875618984873)
(0.206856612539139 0.00142504038320364 -0.00189895556979624 -0.0953276980326395 -0.00671860563173983 -0.111528709855254)
(0.170765568491698 0.000848349869055375 -0.00138919877526763 -0.0801491861138399 -0.00520889469339236 -0.09061624125682)
(0.142280683368606 0.000497645710891538 -0.000959886545084945 -0.0678952737763741 -0.00395074676038223 -0.0743853127668154)
(0.119401060938457 0.000292790134068539 -0.000621898180205675 -0.0577928322666785 -0.00293151361365408 -0.0616081620371002)
(0.100619093889141 0.000173588457182021 -0.000366719911110122 -0.0492713123473487 -0.00212631306031535 -0.0513477357948098)
(0.0848374130520241 0.000102963406548704 -0.000179375333985675 -0.0419229919927331 -0.00150571034786953 -0.0429143903125637)
(0.0712632193913428 6.07843097381456e-05 -4.58489218607718e-05 -0.0354567569616789 -0.00103895886284968 -0.0358064424472507)
(0.0593440023236302 3.64288302811868e-05 4.3862453389694e-05 -0.0296726033825666 -0.000696498166399583 -0.0296713867173547)
(0.0487234172096902 2.31327845690846e-05 9.69112611804236e-05 -0.0244460000392789 -0.000451869362996717 -0.024277410151773)
(0.039195557548616 1.56846157214799e-05 0.000119815621638864 -0.0197107261304574 -0.000282213789438704 -0.0194848277746122)
(0.03066033226266 1.06701179939266e-05 0.000120073792088629 -0.0154410511027099 -0.000168278328537338 -0.0152192794363263)
(0.0231043035949342 6.68671145350716e-06 0.000105753356699353 -0.0116459449054117 -9.47884425479474e-05 -0.0114583579495785)
(0.0165522963648449 3.58239439771963e-06 8.40220842367549e-05 -0.00834739857318315 -4.95518680609654e-05 -0.00820489752354997)
(0.011050408850733 1.52057291779883e-06 6.02906249907874e-05 -0.00557406004693626 -2.33715085763312e-05 -0.00547634872096753)
(0.00664144306880748 4.38012347152427e-07 3.82116058688222e-05 -0.00335031265772652 -9.44630319563075e-06 -0.00329113039380901)
(0.00335684231364233 4.20608199785866e-08 2.01433604073683e-05 -0.00169335796557187 -2.96574450626486e-06 -0.00166348434850517)
(0.00119650415900452 -1.96483174896007e-08 7.42901904160699e-06 -0.000603527445289756 -5.53953541281288e-07 -0.00059297671281657)
(0.000132588915054477 -2.33029448099546e-09 8.4975162355651e-07 -6.68748752639221e-05 -1.82286071229894e-08 -6.57140394543116e-05)
(5.40410011066094 0.0158507560709944 -0.0457266326936737 -2.09229026476058 -0.000761716262870429 -3.31181905360133)
(5.28740762944731 0.0539249481531212 -0.0427645708345863 -2.04859411986263 -0.00161613971207571 -3.2388308295905)
(5.02700973628316 0.0618598176207894 -0.0402323522221906 -1.94033644010735 -0.00149238453274455 -3.0866697807097)
(4.70372859046376 0.0397369125314793 -0.0397787601990771 -1.80503635799415 -0.00102026578160278 -2.8986709270092)
(4.37902540118134 -0.0142521166588431 -0.0378256853221912 -1.67463784106219 -0.000324704105912196 -2.70437947747182)
(4.08875032291847 -0.0645965892229252 -0.036814921589584 -1.56099645488234 0.00116114289147153 -2.527748212966)
(3.84641856413852 -0.101858715924919 -0.0365408047155735 -1.4669663511012 0.00237738606180951 -2.37944650015731)
(3.60755570796423 -0.133889761843515 -0.0388756774102709 -1.36983744927497 0.00348020994193842 -2.23771225567265)
(3.39469942743902 -0.175352394478798 -0.0408908452291277 -1.28353313359013 0.00346729630566773 -2.11115963172359)
(3.22387599184273 -0.215884257805992 -0.042195401966842 -1.2178760035342 0.00288841285536016 -2.00599477310016)
(3.07626735243931 -0.24862959981332 -0.0424326226114838 -1.1639988874204 0.00159847302399318 -1.91226582862488)
(2.93762889477185 -0.270917006064007 -0.0412244145313479 -1.11566879635099 -0.000371916069505115 -1.8219600397334)
(2.79549316188182 -0.282260321359838 -0.0380074295853407 -1.06779324558988 -0.00318137221337019 -1.72770252843308)
(2.64348057010319 -0.280192387664507 -0.0323293092556285 -1.01808312773773 -0.0065101391686356 -1.62540214567578)
(2.47641100950655 -0.263401275923511 -0.0248713764225411 -0.963818147127632 -0.00997664838032526 -1.51259881735847)
(2.29005460226521 -0.233002808539651 -0.0163587045306086 -0.902075538455062 -0.0131801248177268 -1.3879857493124)
(2.08233943767186 -0.192321251112678 -0.00790783188203139 -0.83043414902935 -0.0156820289221549 -1.25191201866823)
(1.85533345471546 -0.146761838044377 -0.000761056028038956 -0.748310896806565 -0.0172418409255095 -1.10702854231236)
(1.61531788277844 -0.102210873886204 0.00416617870324558 -0.657592409355594 -0.0178675484271255 -0.957730109552552)
(1.3735113207254 -0.0636936145908855 0.00661891991457592 -0.563064059036047 -0.0177173139304199 -0.810450272440799)
(1.14120061089504 -0.0339474431313081 0.00687255991408814 -0.47011110668488 -0.016983068631379 -0.671090953527348)
(0.929187705954367 -0.0135896725037812 0.00561084744035607 -0.384115389126828 -0.0158619570356271 -0.545072669368934)
(0.744602050871814 -0.0014981192180307 0.00362798710376144 -0.308825820640604 -0.0145201282194151 -0.435776034286324)
(0.59044962596062 0.00436343250213804 0.00163579724381638 -0.246007741261654 -0.0130626414426213 -0.34444142788559)
(0.466097781197087 0.00619668084703491 7.05679818153396e-05 -0.195616057710299 -0.0115451807214133 -0.270481268611789)
(0.368439190127529 0.00586429319678952 -0.000904219704732058 -0.156345586720629 -0.0100051794364218 -0.212093223927788)
(0.293000984786506 0.00466555283537936 -0.00134467441121342 -0.126215073542947 -0.00848251577915687 -0.166785625434461)
(0.235270387769228 0.00335014901347219 -0.0014006257407229 -0.103224405839862 -0.00702770910236258 -0.13204577796554)
(0.191129956935655 0.00225567145289182 -0.00123845176318227 -0.0855844980602923 -0.00568752796164008 -0.105545322713099)
(0.157218756637876 0.00146792428150578 -0.000987382104792642 -0.0718810813003061 -0.00449841904235479 -0.0853375811503737)
(0.130869546284188 0.000949747716561025 -0.000730430484640583 -0.0610313095309563 -0.00347779838676465 -0.0698381720800662)
(0.110097552887651 0.000625863006016463 -0.000507125217605056 -0.0522622454387568 -0.0026297787183426 -0.0578352621470693)
(0.0933782270169544 0.000424657960990517 -0.000329641906554098 -0.0449967551233729 -0.00194394030176539 -0.0483814399808118)
(0.0796001491234896 0.000294622127384736 -0.000195154056745462 -0.0388258425116452 -0.00140402453026582 -0.040774283808941)
(0.067921553852201 0.000204646776104983 -9.59189158376966e-05 -0.0334421090244605 -0.000988814297786176 -0.0344794289193252)
(0.057773650779954 0.000139037613701647 -2.3764618397583e-05 -0.0286446963352798 -0.000678542569475897 -0.0291289436978566)
(0.0487192303098366 9.07431190364272e-05 2.71513596455343e-05 -0.0242763092597129 -0.000451849940771559 -0.0244429140869078)
(0.0405061284330981 5.66989607219293e-05 6.01888796626675e-05 -0.0202534441222943 -0.000291049652947146 -0.0202526800918366)
(0.032986876600752 3.40856119929355e-05 7.72360449839581e-05 -0.0165315959194347 -0.000180241456431544 -0.0164552783397161)
(0.0261160793752299 1.9733596658926e-05 8.05010625179208e-05 -0.0131074659103243 -0.000106560139951272 -0.0130086123099605)
(0.0199039947671033 1.07631170064231e-05 7.32778827687995e-05 -0.00999861714069646 -5.93969556579347e-05 -0.00990537711377855)
(0.0144174305102293 5.26940022197184e-06 5.9735584793424e-05 -0.00724624218379662 -3.07459574840233e-05 -0.00717118813659936)
(0.00972403818221288 2.13500335204501e-06 4.36783113096673e-05 -0.00488866861322126 -1.43382304403538e-05 -0.00483536951100926)
(0.00590082627180441 6.21008937384149e-07 2.80782780091628e-05 -0.00296695330014811 -5.73169167395093e-06 -0.00293387295511685)
(0.0030086940642884 7.96140364356875e-08 1.49551787720069e-05 -0.00151284389610275 -1.77711212466866e-06 -0.00149585016600129)
(0.00108009536539819 -1.65888343484663e-08 5.56059758244068e-06 -0.000543096708571828 -3.27128975134049e-07 -0.000536998654696855)
(0.000120942800199211 -2.2226977127541e-09 6.41610804092519e-07 -6.08118216586591e-05 -1.07564865307528e-08 -6.01309781783612e-05)
(3.9161065507687 0.0121202009507569 -0.0120980858065771 -1.47572933818292 -0.000517114335199851 -2.44038115646695)
(3.83079870105102 0.0406390812786028 -0.0107852218250904 -1.44468360689441 -0.00116819099520063 -2.3861233338132)
(3.63984412055604 0.0467557564866145 -0.0102839186222886 -1.3668261196822 -0.00116563766230837 -2.27301660163008)
(3.40277041502212 0.0302379342000372 -0.0112118878547659 -1.26960300411886 -0.000985207976574261 -2.13315696690588)
(3.16526758437874 -0.0105717701023116 -0.011032975836471 -1.17650646933989 -0.000610903730945524 -1.9887573841719)
(2.95347526545812 -0.048452861851221 -0.0111773739082074 -1.09596926835942 0.000258139735622578 -1.85750340733672)
(2.77660076169829 -0.0762764776632819 -0.0115229007048584 -1.02960885085552 0.0009704497224211 -1.74698933457991)
(2.60226946077473 -0.0997862107160776 -0.013493857101897 -0.960689164066007 0.00166789403552432 -1.64157734628755)
(2.44715125198159 -0.130692211615096 -0.0151962890788825 -0.899528543987279 0.00166909494543367 -1.54761943436612)
(2.32290855916525 -0.16081960304293 -0.016355511166743 -0.853344590678823 0.00133035774963199 -1.46956138225079)
(2.21591822769826 -0.185152133667552 -0.0168432625596866 -0.815689006698888 0.000561087680943862 -1.40022783652213)
(2.11570801962077 -0.201679835791918 -0.0164688027889666 -0.782097591968424 -0.000630869966821622 -1.33361028879077)
(2.01363972737441 -0.21014893874873 -0.0149274534372068 -0.749105879977314 -0.00234641895796864 -1.2645350794579)
(1.90471442308264 -0.208608667727342 -0.0119452067514788 -0.71500202254933 -0.00440946661150302 -1.18971448522631)
(1.78516655494739 -0.196000910335886 -0.00794412774158713 -0.677878731859064 -0.00658136234047609 -1.10729063012091)
(1.65179344957072 -0.173148696689791 -0.00336449220538385 -0.635565424191761 -0.00860712502504037 -1.01623128373581)
(1.50298784686455 -0.142509478170505 0.0011253381700731 -0.586216033886855 -0.0101989287668956 -0.916775138744522)
(1.33986893835348 -0.108121226515421 0.00475438370791604 -0.52915016252408 -0.0111908134194475 -0.810721783427272)
(1.16726691399625 -0.0745484854073096 0.00698314883729361 -0.465744038336442 -0.0115830236686575 -0.70152519103968)
(0.992831976708816 -0.0455635783584908 0.00767634003087471 -0.399203415022701 -0.0114766501905688 -0.593630040193739)
(0.825270742532032 -0.0233291343545729 0.00706203653571686 -0.333620318458592 -0.0109948450524015 -0.491651177945812)
(0.672359106234162 -0.00828190160889239 0.00559231248842836 -0.272862785070949 -0.0102656746586437 -0.399496548093739)
(0.53917134005314 0.000476228868064797 0.00378730993675587 -0.21962169580174 -0.00939819324848086 -0.319549577038063)
(0.428178068959852 0.00451960341229148 0.00210444324802486 -0.175317689815848 -0.00846120686038347 -0.252860193959573)
(0.338664877167183 0.00556966379335619 0.000800884694428091 -0.139821588947625 -0.0074832871800463 -0.198843081909224)
(0.268474079321243 0.00505368157514791 -3.79959767669025e-05 -0.11223983305715 -0.0064874139254141 -0.156234080491893)
(0.214366492441625 0.00395771845868599 -0.000469892370002004 -0.0911496255883894 -0.00549956340007585 -0.123216744236263)
(0.173033393674699 0.00283797757492248 -0.000612075679806777 -0.0750983143671474 -0.00455324963304967 -0.097934992965044)
(0.141438689248773 0.0019316919466433 -0.000585638225739599 -0.0627837865167328 -0.003678666787821 -0.0786548451425761)
(0.117227159331697 0.00128859352460897 -0.000482080982708237 -0.0532327885918102 -0.00290385919737765 -0.0639943310613348)
(0.0984316036240282 0.000866663796427775 -0.000360771030480634 -0.0456632335159926 -0.00223955927274998 -0.0527683415709397)
(0.0835979579489207 0.00060042047516586 -0.000250764399953459 -0.0395216469818836 -0.00168763240048038 -0.0440762907913493)
(0.0716456042379532 0.000431118390074182 -0.000162093501674986 -0.0344115274748104 -0.00124251186608635 -0.0372340622438761)
(0.0617652908480381 0.000316982027578489 -9.48084211132217e-05 -0.0300431599784557 -0.000893514531371634 -0.0317221203657008)
(0.0533305252834339 0.000233036785319496 -4.50671812514038e-05 -0.0261924017739994 -0.000626179528655012 -0.0271381158362844)
(0.0459059684572225 0.000167175838337236 -8.69631556885852e-06 -0.0227068247184574 -0.000426760353009883 -0.0231991384436978)
(0.0391903051688244 0.000114680772254649 1.7722751566551e-05 -0.0194829896402924 -0.000282206415175343 -0.0197073119264972)
(0.0329874110324871 7.41799995903202e-05 3.59797541799248e-05 -0.0164561154766808 -0.000180271200316177 -0.0165312932294341)
(0.0271935618413304 4.4967510609899e-05 4.67609304133584e-05 -0.0135969871162951 -0.000110603307166796 -0.0135965733802731)
(0.0217872098712231 2.55520072297671e-05 5.03619550857893e-05 -0.010909853325614 -6.46770162487478e-05 -0.010877355834755)
(0.0168059712674992 1.35295413135231e-05 4.7516459667316e-05 -0.00842322979578787 -3.56801875093971e-05 -0.00838274115456679)
(0.0123117298019756 6.48437879780425e-06 3.99053391681572e-05 -0.00617406211333586 -1.8228239981176e-05 -0.00613766756255028)
(0.00839418863209897 2.65150823632811e-06 2.98352093289444e-05 -0.00421080150790929 -8.38656605914964e-06 -0.00418338708435723)
(0.00515109817020888 8.24119528532366e-07 1.95213543847907e-05 -0.0025844064272521 -3.32426854123599e-06 -0.00256669173310948)
(0.00265070035481453 1.39079831101835e-07 1.05107458805472e-05 -0.00133001839115236 -1.01160624571715e-06 -0.00132068196273727)
(0.000961196030875114 -4.17203345916482e-09 3.94156420641512e-06 -0.000482309549195589 -1.84257448067925e-07 -0.000478886482384814)
(0.000106324649532164 -1.72126164981769e-09 4.49042446581378e-07 -5.33534422389527e-05 -5.66298204359689e-09 -5.2971207522607e-05)
(2.74908961299588 0.00894137940986185 0.00186684889744607 -1.00554116621534 -0.000334500265935991 -1.74355001829504)
(2.68893946394219 0.0296089763753705 0.00234587152046895 -0.984367281284623 -0.000792455511170456 -1.70457580462)
(2.553888674081 0.0341464422882541 0.00202904147767412 -0.930496961698734 -0.000835434476380295 -1.62339114134791)
(2.38574814504516 0.0222472728021727 0.000762298354881757 -0.863080024548778 -0.00079922329300841 -1.52266342688238)
(2.21814802433845 -0.00759614733632063 0.000288516733557183 -0.799169914185514 -0.000613776939044504 -1.41897652777721)
(2.06883150310099 -0.0351726360738212 -0.00024304290495808 -0.744221637770564 -0.000133572275283778 -1.32460873562758)
(1.94420618974513 -0.0552462829186131 -0.000744071035615398 -0.699225839263502 0.000260728268467344 -1.2449792399679)
(1.82126436564985 -0.0719676654183243 -0.00221194115204691 -0.652163277229771 0.000679514010173246 -1.16909973914513)
(1.71210294847676 -0.0942426483768523 -0.00347575147410552 -0.610466137603067 0.000682929788726475 -1.10163531942603)
(1.62470269250081 -0.115939592065797 -0.00435971681050596 -0.57919792080877 0.000489148857423179 -1.04550359061295)
(1.54960620712205 -0.133479693416067 -0.00483648946732308 -0.553851459127172 4.66340046269774e-05 -0.995754164062874)
(1.47945971775585 -0.145366576364727 -0.00481549801835421 -0.531370239321098 -0.000645944140499507 -0.948089474806331)
(1.40827031600715 -0.151511206434754 -0.00414997696426991 -0.509384961075055 -0.00164824999469099 -0.898885789908981)
(1.33243037171915 -0.150439445783989 -0.00266581458325384 -0.486755802803968 -0.00287442558728007 -0.845675444443257)
(1.2493285028505 -0.141331624076117 -0.000631296175365403 -0.46217714509265 -0.00417364438568474 -0.787152614471744)
(1.15663060395387 -0.124773321096427 0.00170545492574099 -0.434116994743107 -0.00539618928774793 -0.72251507077671)
(1.05299023147717 -0.102490343343813 0.00395534685729388 -0.401160238186098 -0.00636170976284524 -0.651831511181338)
(0.939326605421407 -0.0774492413089963 0.00566890821542197 -0.362809213976659 -0.00696059566845241 -0.576518759440449)
(0.818780707638543 -0.0529710856735562 0.00653546818451909 -0.319865365340004 -0.00719374596128166 -0.498916401778086)
(0.696931147525572 -0.0318952437472762 0.00649860376763369 -0.274603992765793 -0.00712091656225858 -0.422327845783723)
(0.57970733388666 -0.0157857912914363 0.00570902081336003 -0.229796733643781 -0.00681542794875606 -0.34991095306367)
(0.472703649157369 -0.00497180872863641 0.00446049537921839 -0.188213123948001 -0.0063600477164769 -0.284490640883302)
(0.37955873985646 0.0012128333779929 0.00307640973634512 -0.151775785457842 -0.00582188312860495 -0.227782931546965)
(0.301958789726385 0.00395261146197989 0.00183141656992643 -0.121477440158669 -0.00524350385870337 -0.180481282904893)
(0.239474070679809 0.0045302206589874 0.000878845894987349 -0.0972685246064462 -0.00464038600894474 -0.142205465646999)
(0.190503096304309 0.00400606211136007 0.000255353479289777 -0.0784932942979064 -0.00402388101600118 -0.112009734784566)
(0.152796154854902 0.00310247430409678 -8.59363920812815e-05 -0.0641718762219652 -0.00341021293270316 -0.0886242286017393)
(0.124006197944035 0.00221894724866497 -0.000227594960053967 -0.0532848164497383 -0.00282035415063202 -0.0707213469699364)
(0.102047318958998 0.00151918347728303 -0.000250525154769542 -0.0449496238762605 -0.00227545102863435 -0.0570976715138781)
(0.0852230686605401 0.00102844486934968 -0.000216516808109438 -0.0384777072574616 -0.00179228617266335 -0.0467453453869094)
(0.0721714534717061 0.000708567061660761 -0.000164612629552264 -0.0333410234267502 -0.00137853020067251 -0.0388304188019315)
(0.0618774658885925 0.000506675933626569 -0.00011417591514686 -0.0291638054211907 -0.00103558999848192 -0.0327136522301416)
(0.0535720665569681 0.000376766681324834 -7.28254739480164e-05 -0.0256714422755281 -0.000759587109720447 -0.0279006181332528)
(0.0466776364631227 0.000286940739063366 -4.14034039139571e-05 -0.0226623155672035 -0.0005435570762925 -0.0240153163956458)
(0.0407563245587039 0.000218527134808701 -1.8158348887992e-05 -0.0199844160066271 -0.000378792533533398 -0.0207719052405955)
(0.0354900833040347 0.000162559990859212 -1.02241088138376e-06 -0.0175281525857043 -0.000256534563147792 -0.017961928319091)
(0.0306575325318798 0.000115839958437976 1.16116485273349e-05 -0.0152184502098487 -0.000168346001671323 -0.015439080613455)
(0.0261168396748753 7.78212802975618e-05 2.07003561386617e-05 -0.0130093948090714 -0.000106612419179554 -0.0131074437284256)
(0.0217863959601405 4.86683358375964e-05 2.65796973919111e-05 -0.0108772369068951 -6.46961899766662e-05 -0.0109091583473241)
(0.0176724528458751 2.81362856342161e-05 2.91897774458742e-05 -0.00883632388469497 -3.74113787414278e-05 -0.00883612855383784)
(0.0137950202880865 1.49266702151904e-05 2.84344933681886e-05 -0.00690397274954298 -2.03487156816676e-05 -0.00689104734974948)
(0.010230374459438 7.17236361775626e-06 2.47180275147829e-05 -0.00512287274773326 -1.02614796232319e-05 -0.00510750162996002)
(0.00705823119092594 2.98772341345222e-06 1.90024752741454e-05 -0.00353559985127732 -4.65163089133022e-06 -0.00352263131263519)
(0.00438132889454163 9.83002960838528e-07 1.26846697407947e-05 -0.00219512325736386 -1.81424563635456e-06 -0.0021862056308052)
(0.0022804028655844 2.04035105378089e-07 6.92497477920701e-06 -0.00114265129160551 -5.44891560483252e-07 -0.00113775157255149)
(0.000836292953783642 1.0951592477294e-08 2.62748927407166e-06 -0.000419076882145661 -9.84646095245833e-08 -0.000417216071120069)
(9.55979679675795e-05 -1.00228644536587e-09 3.06280849494426e-07 -4.7907198854891e-05 -3.16232424596096e-09 -4.76907690318172e-05)
(1.85778814970458 0.00633829358130371 0.00574208942108183 -0.657934035435623 -0.000204235933910917 -1.19985468162735)
(1.81706128644231 0.0207145421401187 0.00585220199874048 -0.644115261978505 -0.000500290732239757 -1.17294746650786)
(1.72531845697127 0.0239350714117569 0.00534635969578997 -0.608388628645602 -0.000548973709988569 -1.11692964138501)
(1.61123096765556 0.0156786156167464 0.00427135108820807 -0.563796405619106 -0.000570149978931004 -1.04743260027961)
(1.49748238087584 -0.00522261536975966 0.0036879868376543 -0.521687001379635 -0.000488076736368763 -0.975794762910438)
(1.39627179114804 -0.0245173854847524 0.00315269863272929 -0.485766453030438 -0.000239791202357697 -0.910504900576707)
(1.31190105925693 -0.0384491051042298 0.00271681479585917 -0.456592579893293 -3.52248806774778e-05 -0.855308051560515)
(1.22866121380109 -0.0498787147278474 0.00173481591708137 -0.425858118517883 0.000200981471311248 -0.802802540230519)
(1.15462907690093 -0.0653173307069276 0.000886087781535157 -0.398548157302193 0.000203219911472165 -0.756080309700194)
(1.09555905603986 -0.0803547132703788 0.000289516780945485 -0.37831386565726 9.59134497231741e-05 -0.717244694799792)
(1.04487882188328 -0.0925086615444474 -7.44989088484593e-05 -0.361997206801721 -0.00014591208099007 -0.682881386964433)
(0.997635411763279 -0.100758340507679 -0.000163092194930933 -0.347612139608318 -0.000528789415167603 -0.650023272751195)
(0.949654398876112 -0.105067406764607 8.47991402159482e-05 -0.333522870744795 -0.00108612801793009 -0.616131687412441)
(0.898818748189618 -0.104368863624199 0.000773164264883754 -0.31913059240616 -0.00177407631420528 -0.579688517873175)
(0.843083958570289 -0.0980703613341248 0.00174339229231772 -0.303492353734235 -0.00250937870194865 -0.539592112341976)
(0.780875508865167 -0.0865612903765321 0.00286024624873348 -0.285580043394227 -0.00320659665398039 -0.49529606400879)
(0.711338608778061 -0.0710262658002115 0.00391308130106251 -0.264445137880576 -0.00375946482799115 -0.446894099266263)
(0.634950218662954 -0.053516702243377 0.00464981473609855 -0.239646575970917 -0.00410081323862606 -0.395304206596055)
(0.553856961365215 -0.0363919740475804 0.00490140590516671 -0.211683750439655 -0.00423008698385287 -0.342173654334916)
(0.471790914683693 -0.0216540818897219 0.00464826758968943 -0.182046980053824 -0.00418249940770507 -0.28974422689231)
(0.392781881856941 -0.0104229878153746 0.00398443698612283 -0.152595610363038 -0.00399825843931014 -0.24018642780285)
(0.320680652513718 -0.00293177298726969 0.00309034145742391 -0.125225482168674 -0.00372823257281286 -0.195455226293673)
(0.257952480049946 0.00129365439092121 0.00215226718715018 -0.101242311194708 -0.00341207301917625 -0.156710165520752)
(0.205620344170966 0.00310423228403086 0.00132520466765387 -0.0812780850223552 -0.00307309992485659 -0.124342234250691)
(0.163574845491332 0.00340784792850464 0.00069851849453547 -0.0653829952652331 -0.00272118505613521 -0.0981918215481502)
(0.130627394863085 0.00296182946166329 0.000284066619774581 -0.0530744103875442 -0.00235985666944977 -0.07755295997046)
(0.105281880322633 0.00227467729698701 4.92833389592959e-05 -0.0437069451278557 -0.00199925863508074 -0.061574916463547)
(0.0859476883583711 0.00162298257229931 -5.8956797333709e-05 -0.036597123020898 -0.00165204417401858 -0.0493505523083309)
(0.0712003306026428 0.00111497795854648 -9.15201822010787e-05 -0.0311514679306006 -0.00133071524083334 -0.0400488538953776)
(0.0599181433202583 0.000763087085397962 -8.62296681785031e-05 -0.0269234261094794 -0.00104612115381866 -0.0329947115714035)
(0.0511538668834334 0.000535124074854104 -6.71614801038378e-05 -0.0235548098620227 -0.000802096398430245 -0.0275990529622261)
(0.0442608127097951 0.000392039783723544 -4.64437824602636e-05 -0.020814671446907 -0.000600836021714597 -0.0234461382061671)
(0.0386891263138884 0.000299259493473461 -2.89968801717041e-05 -0.0185110788644609 -0.000439007655104722 -0.0201780451169021)
(0.0340474759394987 0.00023388616771269 -1.57039725529586e-05 -0.0165112420583437 -0.000312523161609395 -0.0175362320935085)
(0.0300446025583309 0.000182749973269102 -5.8619010980874e-06 -0.0147177074827327 -0.000216639039912225 -0.015326893771889)
(0.026449182134425 0.000139563739087488 1.47087032234461e-06 -0.0130511219981562 -0.000145727061651323 -0.0133980591679576)
(0.0231025967195666 0.000102323630453472 7.05498721475142e-06 -0.0114579080610189 -9.48495306796127e-05 -0.0116446879368678)
(0.0199041384732374 7.09814614465431e-05 1.12126525252982e-05 -0.00990573465134376 -5.94200400915071e-05 -0.00999840333017164)
(0.0168090164675943 4.59918798139133e-05 1.41001979353362e-05 -0.00838444223242871 -3.57379554206844e-05 -0.0084245739014952)
(0.0137980349467407 2.74204915821776e-05 1.55684257921532e-05 -0.00689267623574818 -2.03767590127796e-05 -0.00690535852279063)
(0.0109023368241979 1.48678503509859e-05 1.55289478424552e-05 -0.00545120766895717 -1.0910777269763e-05 -0.00545112905406823)
(0.00818981603551995 7.23793242037214e-06 1.39574683766791e-05 -0.00409728261513835 -5.41034122259386e-06 -0.00409253337826802)
(0.00572245309317032 3.07473966758737e-06 1.10887876252946e-05 -0.00286388025473418 -2.41178941477396e-06 -0.00285857282096543)
(0.00359788200890229 1.06082288149076e-06 7.59183492491965e-06 -0.00180098964035021 -9.24342655322951e-07 -0.00179689236429245)
(0.00189733086587228 2.49071304799257e-07 4.22104804088463e-06 -0.000949870062094607 -2.74314416922633e-07 -0.000947460803065614)
(0.000705677867332446 2.48390816192719e-08 1.62419335034756e-06 -0.000353319531651568 -4.94535599486163e-08 -0.00035235833545764)
(8.30749792957897e-05 -2.7828641687795e-10 1.94206092979881e-07 -4.15966018449416e-05 -1.64970328273677e-09 -4.14783772915427e-05)
(1.19581043566099 0.00424618146658182 0.00524346243660574 -0.409125961294901 -0.000114612033162372 -0.786684650020204)
(1.16955624335239 0.0137633291126736 0.00522294635532807 -0.400568558850647 -0.000289538250159361 -0.768988197979831)
(1.11040198669943 0.0159311714702995 0.00480356975250304 -0.378126235053082 -0.000327244142004393 -0.732275692482487)
(1.03660896510661 0.0104991663070795 0.00405678421920328 -0.350051172093017 -0.000360352302456008 -0.686557065865637)
(0.96326027513745 -0.00342271204485262 0.00360335967150313 -0.323763655074502 -0.000329532369807587 -0.639496410090249)
(0.89815644680852 -0.0162481487206326 0.00321388390054942 -0.301564214991001 -0.000211591876951917 -0.59659207541542)
(0.843653488005923 -0.0254252291018213 0.00290597569404917 -0.283577247378751 -0.000113848702607066 -0.560076086788469)
(0.789954021835865 -0.0328435228024335 0.00231372207322103 -0.264515921885595 9.37323595768511e-06 -0.525437884231307)
(0.742441390092774 -0.0430217055017179 0.00181084386803615 -0.247662641034274 1.02180596346369e-05 -0.494778523999276)
(0.704495212486296 -0.0529593126344735 0.0014532797076532 -0.235285208598824 -4.62872103303568e-05 -0.469209826370936)
(0.671844217468506 -0.0609774256480088 0.00121554009751736 -0.225305445962049 -0.000170039541741589 -0.446538684352859)
(0.641495259379543 -0.0664207962764812 0.0011204131081744 -0.216569426800415 -0.000367396815899986 -0.424925828705587)
(0.6107980604786 -0.0693062492608801 0.00119328348416186 -0.208053910572002 -0.000655666983216631 -0.40274422208105)
(0.578223143984183 -0.0688876948442509 0.00148430076972074 -0.199338732157887 -0.00101599903381385 -0.378884540205008)
(0.542560237696741 -0.0647586415071189 0.00191031755299362 -0.189883051985748 -0.00140323912661562 -0.352677371388363)
(0.502736393931775 -0.0571677954170514 0.00240106249491189 -0.179009333537731 -0.00177256587532077 -0.32372728181924)
(0.458186606462518 -0.0468794201180187 0.00284961281246317 -0.16609574466862 -0.00206620053600142 -0.292091102988392)
(0.409339045085205 -0.0352716807859185 0.00312840272271014 -0.15087531747296 -0.00224655336591714 -0.258463933628844)
(0.357252284408482 -0.0238737271168764 0.00314646453991619 -0.133515830815353 -0.0023125886652302 -0.223736621177967)
(0.304655067436758 -0.0140888668498737 0.002904940328099 -0.115076392622212 -0.00228388745770767 -0.189578781500953)
(0.253811895828981 -0.00662284160969668 0.00245170553711947 -0.0966146089875903 -0.00218038148493276 -0.15719734524494)
(0.207573110003537 -0.00168193766459915 0.00189378886608144 -0.0794884064289211 -0.00203173444417703 -0.128084727654697)
(0.167259857937076 0.00108092568895285 0.0013256176904096 -0.0644378167449714 -0.00185864288966954 -0.102822044464784)
(0.133642451414718 0.00222969268912202 0.000832903186605276 -0.0519191126329224 -0.00167370919060642 -0.0817233299721142)
(0.106683273571955 0.00237998105263115 0.00046200523027294 -0.0419841642044076 -0.00148267924236872 -0.0646991016404973)
(0.0855417951715321 0.00204301048033827 0.0002148134899535 -0.0342960240774751 -0.00128558926507445 -0.0512457634555159)
(0.0692975218652686 0.00155897572484469 7.1812914179547e-05 -0.0284604624036769 -0.00108881119520317 -0.040837053988308)
(0.0568984876825858 0.00110980658789507 1.54648465607669e-06 -0.0240303469577645 -0.000898512025971835 -0.0328681366432244)
(0.0474502834776923 0.000764470267120443 -2.46475654629522e-05 -0.0206395547991578 -0.000722591921224377 -0.0268107260851629)
(0.0402252394109856 0.000527787744982327 -2.83614549511251e-05 -0.0180042590825768 -0.000566951032783721 -0.0222209785121077)
(0.0346215416956352 0.000376003722743751 -2.31270205742481e-05 -0.0159023144303303 -0.000433722387918923 -0.018719225873615)
(0.0302096190644809 0.000281036204094646 -1.59502102714615e-05 -0.0141849547919622 -0.000323835765132744 -0.0160246632309483)
(0.0266422381323297 0.000219241861791341 -9.62832670270053e-06 -0.0127350323449418 -0.000235631057276303 -0.0139072050132779)
(0.0236678454241994 0.000175008804471664 -4.80378042901169e-06 -0.011470227114335 -0.000167001928664701 -0.0121976177103994)
(0.0210869310778163 0.00013946179728528 -1.25629445155483e-06 -0.0103243995786317 -0.0001150311366532 -0.0107625310227536)
(0.0187500859834066 0.000108607643300405 1.47873837349817e-06 -0.00924765219645383 -7.68250648271955e-05 -0.00950243343645126)
(0.0165509490445627 8.13568228081632e-05 3.67977616840905e-06 -0.00820450561094079 -4.95739456746586e-05 -0.00834644318084742)
(0.0144168223040929 5.78479101106982e-05 5.45663227122345e-06 -0.0071710789923059 -3.07515701355818e-05 -0.00724574312511448)
(0.0123125439251889 3.85744367512698e-05 6.77410826378904e-06 -0.00613819479969774 -1.82474200705425e-05 -0.00617434900739888)
(0.0102303333109048 2.37828011507071e-05 7.53098967823699e-06 -0.00510756067755726 -1.02603728127591e-05 -0.00512277255796661)
(0.00818976035025277 1.33325634834527e-05 7.64445126784966e-06 -0.00409255215113883 -5.41608291699315e-06 -0.00409720815316827)
(0.00623496001210316 6.66378634477928e-06 7.06208702476648e-06 -0.00311749343019683 -2.64277813185648e-06 -0.00311746656124785)
(0.00441857809161553 2.88815837056108e-06 5.8088196446498e-06 -0.00221007813236016 -1.15661227136181e-06 -0.00220849995088544)
(0.00281954423490732 1.03275353905742e-06 4.10863280560508e-06 -0.00141058216679992 -4.37977635646962e-07 -0.00140896206610549)
(0.00150991611783478 2.65108184332361e-07 2.33787546137504e-06 -0.000755494551058289 -1.29747045873958e-07 -0.000754421566615687)
(0.000568408468761894 3.37183808344798e-08 9.06083347058427e-07 -0.000284431583182731 -2.32599201209402e-08 -0.000283976885381902)
(6.58159100198355e-05 2.76195278161564e-10 1.06138284527229e-07 -3.29365775972027e-05 -7.45542668893569e-10 -3.28793323928325e-05)
(0.719966604436192 0.00265515900646126 0.0034410637323421 -0.237516433010311 -5.80346434383061e-05 -0.482450222522943)
(0.704144147070923 0.00852733444501446 0.00339750419818025 -0.232573910753333 -0.000149621909112029 -0.471570390613468)
(0.668510819528422 0.00988825419646583 0.00313184272823817 -0.219420650171826 -0.000172818330798934 -0.449090159935869)
(0.623969624983792 0.0065483476472981 0.00270032933104846 -0.202959439100947 -0.000199030132521966 -0.421009949332438)
(0.579776544233427 -0.0020831764067165 0.00242100577452301 -0.187651906848446 -0.000190234183418574 -0.392124575138865)
(0.540480533090829 -0.0100403045740499 0.00218610775977463 -0.174803837297341 -0.000140087939462021 -0.365676650750008)
(0.507682702974363 -0.0156925033568735 0.00200925384475586 -0.164530381790734 -9.82642098434124e-05 -0.343152276410736)
(0.475460367213643 -0.0201910853544205 0.00169837376781031 -0.153580752950024 -4.06319651608028e-05 -0.321879534129529)
(0.446790467170381 -0.0264597510551758 0.00143166349231424 -0.143824463826291 -4.05290180103188e-05 -0.302965933185902)
(0.423960554545261 -0.0325774306573582 0.00124183961814963 -0.136760928607539 -6.77344164449828e-05 -0.287199573015664)
(0.404467032974099 -0.0375339195909283 0.00111326887030498 -0.131156201098037 -0.000125524505022518 -0.27331080353898)
(0.386312366212161 -0.0409054146673222 0.00104982696840909 -0.126258925960131 -0.000218440396737501 -0.260053433160919)
(0.367770056932779 -0.0426956708959248 0.00105636727870014 -0.12140060747075 -0.000353089013788852 -0.246369471919124)
(0.348277935824266 -0.0424718168719708 0.00116600677644044 -0.116501493701368 -0.00052422740109328 -0.23177648673344)
(0.326832323112171 -0.0399427251441908 0.00133113379519234 -0.111136728262238 -0.000708310640784381 -0.215695654584175)
(0.302967749030169 -0.0352745457460769 0.00152369802514453 -0.104978280338448 -0.000885223363480565 -0.197989538852265)
(0.276332969735571 -0.0289276177577748 0.00169467999050463 -0.0976445923526264 -0.00102683684377573 -0.17868845507002)
(0.246972059061809 -0.0217344073053278 0.00177818016711472 -0.088868330255787 -0.00111208316873655 -0.158103793499728)
(0.215721528045793 -0.0146628402171836 0.00173993219325448 -0.0788201512900268 -0.00114297902317231 -0.136901431710403)
(0.184054189532298 -0.00858869230683502 0.00157526326975882 -0.0680457065443491 -0.00112613094104245 -0.116008515222277)
(0.153598175904448 -0.0039716976550886 0.00131858313088537 -0.0572877515645277 -0.0010745939330454 -0.0963104424317678)
(0.125785101931701 -0.000918966489744939 0.00101418059322365 -0.0472409959319729 -0.000999819549375218 -0.0785441132869025)
(0.101532967829746 0.000774204177967301 0.000711887579551648 -0.0384049869415404 -0.000913805938738634 -0.0631279842274556)
(0.081389779799507 0.00145893738774045 0.000454338140947501 -0.0310896564005091 -0.000823170414458444 -0.0503001212047894)
(0.0651631118294409 0.00152803528563373 0.00025942052993148 -0.02526355525512 -0.000728971074328702 -0.0398995548140743)
(0.0524839951131723 0.00129961615442764 0.000129823774372533 -0.0207801987430407 -0.000632298842695765 -0.0317037943179057)
(0.0427278610986401 0.000986390563245023 5.34369684008816e-05 -0.0173761332510961 -0.000535134989815686 -0.0253517263142267)
(0.0352938504005553 0.000700915080672328 1.45296563008061e-05 -0.0147987238856446 -0.000441406603534083 -0.0204951253743903)
(0.0296241611170845 0.000484049186530456 -1.77071133928497e-06 -0.0128220206740664 -0.000354334534593874 -0.0168021397647202)
(0.0252890097166014 0.000336852634788578 -6.2830071733851e-06 -0.0112835594964668 -0.000277395992474005 -0.014005449779891)
(0.0219349262858376 0.000243459383935837 -5.83943315797665e-06 -0.0100564905055637 -0.000211832652272625 -0.0118784353084161)
(0.0192854736700706 0.000185197575470005 -4.0277709705394e-06 -0.00904667056730963 -0.000157497352354783 -0.0102388028777271)
(0.0171504157399429 0.000147304956013796 -2.27376967623651e-06 -0.00819373461431571 -0.000114186141470832 -0.0089566809055954)
(0.0153668857619769 0.000119713512919924 -9.57741710823285e-07 -0.00744519995351564 -8.05418071801033e-05 -0.00792168563098732)
(0.0138138269553935 9.69481405103979e-05 1.21023973447597e-08 -0.00676206822827869 -5.51675461563075e-05 -0.00705175856950704)
(0.0123967276503571 7.66710150292911e-05 7.94896216428164e-07 -0.00611290976200359 -3.65618990246329e-05 -0.00628381778841658)
(0.0110491228715434 5.83451067136384e-05 1.52304657363686e-06 -0.00547589579444125 -2.33789087982059e-05 -0.00557322700150685)
(0.00972359460877559 4.22404518164637e-05 2.20140361339106e-06 -0.00483527061454627 -1.43415396126894e-05 -0.00488832393813023)
(0.00839522193156407 2.87804845467704e-05 2.78260218032389e-06 -0.0041839745146513 -8.39268465305391e-06 -0.00421124737789394)
(0.00706043783417288 1.82423213802909e-05 3.17589778435028e-06 -0.0035237747036714 -4.65865649963846e-06 -0.00353666310475561)
(0.00572443957291321 1.05590570162072e-05 3.29844826217616e-06 -0.0028595895602147 -2.41519737172496e-06 -0.00286484999632348)
(0.00442048268838017 5.46327888607062e-06 3.11910985880167e-06 -0.00220946535762004 -1.15922886446062e-06 -0.00221101732335528)
(0.00318668344116866 2.4483607626915e-06 2.65548337149569e-06 -0.00159334521485297 -5.05922762957796e-07 -0.00159333822333055)
(0.00206715949478937 8.99586161877377e-07 1.94488993964836e-06 -0.00103380813288593 -1.90135358110934e-07 -0.00103335136129076)
(0.00112712149626071 2.43748962909687e-07 1.1404996196934e-06 -0.000563761769158294 -5.71185291240881e-08 -0.000563359727051108)
(0.000434296524892805 3.5624906487026e-08 4.54260557400083e-07 -0.000217245062155496 -1.08896649872329e-08 -0.000217051462691065)
(5.16851037226254e-05 6.5304096901569e-10 5.35789193768154e-08 -2.58555312246496e-05 -3.86831179785189e-10 -2.58295725182245e-05)
(0.392326550649389 0.00150257207298182 0.00175253507690123 -0.124607065164317 -2.52349891953126e-05 -0.267719501047347)
(0.383597952924883 0.004767186102554 0.00171982161009924 -0.12198877244969 -6.5751472263986e-05 -0.26160921793135)
(0.364148374349411 0.00553597238438437 0.00158627098094165 -0.115010288224192 -7.71798090465218e-05 -0.249138088201775)
(0.339913265163068 0.00368142945201582 0.00138352661514955 -0.106324449152808 -9.20639323763528e-05 -0.233588745035379)
(0.315796484183187 -0.00114683321815096 0.00124538701469304 -0.0982620474460448 -9.08280687449737e-05 -0.217534424445245)
(0.294384197247524 -0.00559758123001951 0.00113193204154637 -0.0915691710028377 -7.27212759429573e-05 -0.202815013317524)
(0.276773182446924 -0.00873642615880042 0.00105240820657541 -0.0863705911744878 -5.77707385785817e-05 -0.190402577616903)
(0.259071994132454 -0.0112143134623173 0.000911275367039671 -0.0806229220293238 -3.44184228962092e-05 -0.178449053027533)
(0.243417112031787 -0.0146969405266807 0.000792192166146111 -0.0755273005181875 -3.45246959481537e-05 -0.167889794136131)
(0.230984858874062 -0.0181055822153105 0.000707423969022699 -0.0718964620550546 -4.59753178500826e-05 -0.159088386630018)
(0.220404301169576 -0.0208718005695405 0.000648504894822085 -0.0690460964835035 -6.93667832459395e-05 -0.151358193299718)
(0.210531332943199 -0.0227513346817732 0.000615404911095292 -0.0665601203549909 -0.000107053856656792 -0.143971203474717)
(0.200502980752056 -0.0237637382606591 0.000609639150847137 -0.0641052541126687 -0.000161455392301008 -0.136397731556671)
(0.18980722583012 -0.0236447032782087 0.000642109234656285 -0.0615730663997696 -0.000231100437277792 -0.128234173605051)
(0.17824366336384 -0.0222578385089216 0.000697766694590742 -0.0588696863344047 -0.000306631500904653 -0.11937399279078)
(0.165286215408731 -0.0196664281075694 0.000761546937439789 -0.0557178630963003 -0.000379425793592125 -0.109568370480044)
(0.150829512266378 -0.016129683270832 0.000815237876692339 -0.0519401715917722 -0.000437808550738547 -0.0988893589639974)
(0.134976290166481 -0.0121132334349996 0.000834970589143582 -0.0474172700274865 -0.000473709028413116 -0.0875590403502732)
(0.117913879550586 -0.00815584639955074 0.000798874120412282 -0.0421173234804325 -0.000484473943829891 -0.0757965722762139)
(0.100759856918164 -0.00475315792580843 0.000716519988393141 -0.0364672987291155 -0.000477698024427687 -0.064292566966455)
(0.0841755095577139 -0.0021665738134605 0.000595059953258454 -0.0307686280862519 -0.000455088384596062 -0.0534068868502791)
(0.0690517597045394 -0.00046216052326331 0.000456753038976393 -0.0254443859821657 -0.000423043540373881 -0.0436073763500917)
(0.0558470925000776 0.000476690443118009 0.000321147317158617 -0.0207503163339504 -0.000385972918528401 -0.0350967771844943)
(0.0448738656652075 0.000849560049299921 0.000206549180382857 -0.0168644011758562 -0.000347473853401199 -0.028009464106407)
(0.0360698887994939 0.000877401833267446 0.000120698830596078 -0.0137871399997785 -0.000307931439215045 -0.0222827484271642)
(0.0291708426669269 0.000740896765673754 6.30949315482608e-05 -0.0114157350290206 -0.00026702736879209 -0.0177551075711534)
(0.0238631228475459 0.000559799259097345 2.88029613999821e-05 -0.00961802849588262 -0.000225813384600112 -0.0142450941125772)
(0.0198213473416721 0.000397190425444207 1.08817320519094e-05 -0.00825817336377604 -0.000185964483057592 -0.0115631736173829)
(0.016739006988845 0.00027486012785741 2.83561407485123e-06 -0.00721503291361201 -0.000149027306750431 -0.00952397416598684)
(0.0143877840117912 0.000192821931520126 1.85392911638588e-08 -0.00640371191655307 -0.000116496106011461 -0.00798407197159142)
(0.0125655293569137 0.000141194282448764 -5.50871161044703e-07 -0.00575338676602344 -8.86958107680853e-05 -0.00681214252156241)
(0.0111293146360743 0.000109249341462104 -3.91562788994057e-07 -0.00521756979761663 -6.5760206850722e-05 -0.00591174479923674)
(0.00997236448109326 8.84047932142682e-05 -1.43587142930301e-07 -0.0047634442228185 -4.74990832492228e-05 -0.00520892022057653)
(0.00900573047246987 7.29715378261039e-05 2.58203934930329e-08 -0.00436318001281947 -3.33499661310501e-05 -0.00464255042960135)
(0.00816298530817224 5.99283113243298e-05 1.39315403959756e-07 -0.00399590486797639 -2.27406252301002e-05 -0.00416708039937351)
(0.00738571912125069 4.7968185303217e-05 2.50560500778885e-07 -0.00364187087077548 -1.49359815697462e-05 -0.0037438482342767)
(0.0066423357140726 3.69489726494619e-05 4.24033269004637e-07 -0.0032916671700319 -9.46549993745656e-06 -0.00335066853321139)
(0.00590117540296116 2.71020702238177e-05 6.40422994454199e-07 -0.00293411200620632 -5.73878910406234e-06 -0.00296706338446402)
(0.00514838439538188 1.87510919724078e-05 8.72853287516021e-07 -0.00256539335294249 -3.31203416598809e-06 -0.00258299103052991)
(0.00438023404524822 1.21163561744037e-05 1.06569862030711e-06 -0.00218568646479861 -1.81123258217132e-06 -0.00219454757586334)
(0.00359893985274315 7.19430850672635e-06 1.16729454533108e-06 -0.00179743312184614 -9.25200779344388e-07 -0.00180150672690198)
(0.00281831541513714 3.83612121958307e-06 1.14429373795182e-06 -0.00140835562899907 -4.36463501026401e-07 -0.00140995978530606)
(0.00206614695564706 1.78083637640624e-06 1.00290589386306e-06 -0.00103284849618441 -1.89429497167882e-07 -0.00103329845916795)
(0.00136965186407543 6.80101743195196e-07 7.63874991217662e-07 -0.00068482654828406 -7.34134404847495e-08 -0.000684825315469308)
(0.000762260298332136 1.90156334430704e-07 4.6244172094383e-07 -0.000381181467785164 -2.28546251252535e-08 -0.000381078830571777)
(0.000301159493333691 3.00108437620033e-08 1.88953999398846e-07 -0.000150612315262226 -4.69002848688894e-09 -0.000150547178048258)
(3.68039454252457e-05 6.88436458951252e-10 2.25572920518394e-08 -1.84068370980334e-05 -1.85012359259628e-10 -1.83971083695476e-05)
(0.180689276757056 0.000712275526817032 0.000650399166252355 -0.0551718564571667 -8.40254939185273e-06 -0.125517425619846)
(0.176705641682916 0.0022485847948268 0.000637111844198643 -0.0540354440139561 -2.22215545705643e-05 -0.12267020657278)
(0.167948276376399 0.00261640116269348 0.000590879895279765 -0.050986198610051 -2.65024165989498e-05 -0.116962072592992)
(0.156560188062509 0.00174429678822943 0.000515757788390686 -0.0470289334875945 -3.23559693108535e-05 -0.109531237339941)
(0.145398941955459 -0.000532086498397509 0.000464794081141167 -0.0434316911678339 -3.26566027354124e-05 -0.101967250356658)
(0.135623832738533 -0.00263439528131062 0.000425144689854409 -0.0405224904713126 -2.76826957038427e-05 -0.0951013390687196)
(0.127489723090602 -0.00410581684804269 0.000396489369475086 -0.0382586958546463 -2.35267530970873e-05 -0.0892310253731786)
(0.119340201745832 -0.00525214630064797 0.000348466209068019 -0.0357405068234031 -1.62446477402882e-05 -0.0835996939627627)
(0.11215895984363 -0.0068885607355502 0.000308377886187876 -0.0335125326650044 -1.6340356631389e-05 -0.0786464255621879)
(0.106398782464019 -0.00848528262058788 0.000279047501860004 -0.0319285296612567 -2.00688714084786e-05 -0.0744702523131044)
(0.101650913120238 -0.00979533521619306 0.000259815574483922 -0.0307465514781523 -2.74905883995709e-05 -0.0709043548190723)
(0.0970165975057116 -0.0106747793496176 0.000246244719792296 -0.0296535439736328 -3.93160705132532e-05 -0.0673630494529314)
(0.0923892737010572 -0.0111556795520784 0.000241756735188415 -0.0285970282143581 -5.63789845044739e-05 -0.0637922452506304)
(0.0876066991492913 -0.0111225797627759 0.000250543510290836 -0.0275580695336718 -7.87043817658895e-05 -0.0600486323090074)
(0.0822188455388046 -0.0104695307762102 0.000263902170722709 -0.0263724548912232 -0.000102699219886265 -0.055846394339447)
(0.0762753165168761 -0.00925661403904269 0.000280146539064958 -0.025015035377639 -0.000126004823174682 -0.051260285872422)
(0.0696300916876386 -0.00759393796761062 0.000292568103594127 -0.0233693154405206 -0.000144617028302565 -0.0462607789173117)
(0.0623055809232994 -0.00569963578596985 0.00029317763330097 -0.0213663955344544 -0.000155576929673811 -0.0409391887743262)
(0.0545582686170628 -0.003836916532249 0.000278533789137017 -0.0190567140406441 -0.000159529805905832 -0.0355015592116294)
(0.0465683173822433 -0.002221133502782 0.000245941555963812 -0.0165013826413906 -0.000156273994437267 -0.0300669365982721)
(0.0389803593114747 -0.00100199211400214 0.000203700252839297 -0.0139683622437186 -0.000148952740285201 -0.0250119989577362)
(0.0320048330496955 -0.000197952842466721 0.000155643091484986 -0.01157471093755 -0.000138050605845048 -0.0204301230693011)
(0.0260033796471196 0.00024180475253356 0.000110555422674037 -0.00949750506275964 -0.000126720938271698 -0.0165058750762931)
(0.0209207550392437 0.000413679122466439 7.11957548468664e-05 -0.00774155429873509 -0.000113671505425089 -0.0131792007619236)
(0.0168797671356653 0.0004224133286969 4.22240389095066e-05 -0.00636660021344567 -0.000100743235704071 -0.0105131669893246)
(0.0137092147848457 0.000354579835694059 2.27195257885965e-05 -0.00530757972309085 -8.73372414868584e-05 -0.00840163521296525)
(0.0112729104077263 0.000267047220950968 1.1037207719198e-05 -0.00450698595904573 -7.38443277151769e-05 -0.00676592453259905)
(0.00941098843867308 0.000189162083447706 4.78334030643591e-06 -0.00389918695439449 -6.06932816933389e-05 -0.00551180145895772)
(0.0079937986566656 0.000131229106876787 1.85821869419485e-06 -0.00343355519861258 -4.85359486528074e-05 -0.00456024348145409)
(0.00691478488506711 9.27458502283435e-05 6.99342371520647e-07 -0.00307176199452305 -3.7892952707801e-05 -0.00384302293572051)
(0.00608341490227495 6.88537622588169e-05 3.22298263066652e-07 -0.0027828962757865 -2.88628211048413e-05 -0.00330051862087227)
(0.00542003692344169 5.40818993926393e-05 2.01819221118546e-07 -0.00254021518301517 -2.12801661695064e-05 -0.00287982173283511)
(0.00489108723660249 4.44615415685416e-05 1.48827430131044e-07 -0.00233636287576552 -1.53273440686361e-05 -0.00255472436044835)
(0.00444762947259188 3.72139643644977e-05 9.20990097349542e-08 -0.00215508603490293 -1.07095736757668e-05 -0.00229254342628708)
(0.00405947418492761 3.09095988097e-05 3.95886325036067e-08 -0.00198744567433947 -7.24412969084691e-06 -0.00207202849965135)
(0.00370278315215155 2.50059865094302e-05 1.54117779428733e-08 -0.00182597272648608 -4.73271548275252e-06 -0.00187681042415627)
(0.00335655988374784 1.94427168185391e-05 2.99016782337739e-08 -0.00166339873174687 -2.96683535895425e-06 -0.00169316115113964)
(0.00300862067556311 1.43987052056206e-05 8.20616214847299e-08 -0.00149584678213928 -1.77805125324973e-06 -0.00151277389322754)
(0.00265168065050135 1.0072580960131e-05 1.58597293292938e-07 -0.00132119126316563 -1.01421888421809e-06 -0.00133048938659503)
(0.00227924879888898 6.58105348669377e-06 2.32917948430814e-07 -0.00113718958490734 -5.42654253592026e-07 -0.00114205921143419)
(0.00189746017272059 3.97255435662232e-06 2.90338778463928e-07 -0.0009475324094248 -2.74506860441504e-07 -0.000949927763205557)
(0.00151067433889852 2.17266815620263e-06 3.08899227576329e-07 -0.000754802706953642 -1.29963138921993e-07 -0.000755871631676345)
(0.00112621830176345 1.03537097439166e-06 2.83971954316243e-07 -0.00056290976085773 -5.66683892150971e-08 -0.000563308541058555)
(0.0007631336538656 4.09671060263527e-07 2.24201331811281e-07 -0.000381515750338317 -2.2933619598957e-08 -0.000381617903281095)
(0.000438612709854663 1.19846272113142e-07 1.41869164555119e-07 -0.000219306405353522 -7.85650041519123e-09 -0.000219306304559307)
(0.000178986203304096 1.97954497043733e-08 5.97281676163412e-08 -8.94999420015043e-05 -1.74129748197288e-09 -8.94862612870935e-05)
(2.30024808502516e-05 5.26331419785707e-10 7.29706135811912e-09 -1.1502546355126e-05 -7.32041104111545e-11 -1.14999344980667e-05)
(0.0590069160545939 0.000239817969130139 0.000137551260086567 -0.0173041023791105 -1.65098249585594e-06 -0.041702812733006)
(0.0577202437993653 0.000750156872637567 0.000134484818873445 -0.0169546735849526 -4.43240770025467e-06 -0.0407655704579168)
(0.054779063745577 0.000872836555065274 0.000124040044144201 -0.0159604442484736 -5.30961228731779e-06 -0.038818617308242)
(0.0513238498048778 0.000585940834553219 0.000110368621429879 -0.0147936934795636 -6.70868443521997e-06 -0.0365301516781888)
(0.0475719028832132 -0.000174855762636124 9.92354300764432e-05 -0.0136304800727597 -6.87104690061461e-06 -0.0339414187928112)
(0.0442393760417123 -0.000875737505128624 8.9919690892157e-05 -0.0126808142037382 -5.9858824125145e-06 -0.0315585598344923)
(0.0417074820658746 -0.00136690887979003 8.51127984380449e-05 -0.0120274952118488 -5.36330313780432e-06 -0.0296799860027754)
(0.0389433035719546 -0.00174009468696736 7.46244419334693e-05 -0.0112135585583464 -3.96738130508021e-06 -0.0277297450182653)
(0.0366434395622324 -0.00228510111534777 6.70117727227576e-05 -0.0105361305634749 -4.00843794881402e-06 -0.0261073076704206)
(0.0347891488368894 -0.00281865267199992 6.13338673410155e-05 -0.0100609006103571 -4.7541598258571e-06 -0.0247282465062118)
(0.0333203911592071 -0.00326159506235696 5.7983386485901e-05 -0.0097290050384317 -6.20103857775468e-06 -0.0235913813302589)
(0.0318824077588325 -0.00356508235440317 5.54610595220855e-05 -0.00942410983798231 -8.51727592427955e-06 -0.0224582960398263)
(0.0302181207176307 -0.00371072609989064 5.33424675015192e-05 -0.00905570434905649 -1.16239265385069e-05 -0.0211624148343872)
(0.0286327576579945 -0.00369894731926291 5.43762475924074e-05 -0.00873290099038426 -1.58349241879886e-05 -0.0198998556354145)
(0.0268966798059483 -0.00348600711169519 5.64646232293242e-05 -0.00837961453904688 -2.04103426057449e-05 -0.0185170650035158)
(0.0249665565988229 -0.00308499696542204 5.89395952626675e-05 -0.00796720347747734 -2.48560854786727e-05 -0.0169993527870133)
(0.0228133459374347 -0.00253220843354125 6.07424140642652e-05 -0.0074650995907371 -2.84786483465648e-05 -0.0153482457908686)
(0.0204280040518291 -0.00189893685926265 6.02377022964512e-05 -0.00684316543804678 -3.06087302616028e-05 -0.013584838072484)
(0.0178786043782008 -0.00127497077005754 5.64077626589325e-05 -0.00610927197430692 -3.11912487025765e-05 -0.0117693331229935)
(0.0152975448056506 -0.000737460942948731 4.96891831048465e-05 -0.00531091607896957 -3.05863588746717e-05 -0.0099866284147494)
(0.012807915956957 -0.000329703962483568 4.08167300528656e-05 -0.00450208580569565 -2.9001691075144e-05 -0.00830582982971367)
(0.0105520406504333 -6.09555150131423e-05 3.13874356122933e-05 -0.00374889541446314 -2.70406069519766e-05 -0.00680314556269418)
(0.00858430156937418 8.50533177825391e-05 2.2226804742633e-05 -0.003083919723834 -2.46975563397046e-05 -0.00550038184580998)
(0.00693863110651383 0.000141908602398793 1.44644925378645e-05 -0.00253037616032075 -2.22828450342416e-05 -0.00440825455459583)
(0.0056027351465986 0.000143408025553768 8.58033166305493e-06 -0.00208721946961191 -1.96363805713357e-05 -0.00351551549054294)
(0.00456980264955412 0.000119785892147243 4.70338865943649e-06 -0.0017519446300625 -1.7020165932843e-05 -0.00281785806408596)
(0.00377547185828591 8.99355463034528e-05 2.36635958481635e-06 -0.00149869232924552 -1.4383289153368e-05 -0.00227677951635417)
(0.00316670049992323 6.3639212417168e-05 1.09623779944688e-06 -0.00130569306720233 -1.17727661055012e-05 -0.00186100745215925)
(0.00271146963426992 4.43789622093773e-05 4.95107281592403e-07 -0.00116127294612418 -9.46987353630231e-06 -0.00155019666470943)
(0.00235393569300525 3.15128918406634e-05 2.30487670740665e-07 -0.00104417985772799 -7.33660111311109e-06 -0.00130975587442298)
(0.0020816609401513 2.36631473970796e-05 1.27064759975966e-07 -0.000951742639612802 -5.55921034957161e-06 -0.00112991829995316)
(0.00186982358632749 1.89045140215062e-05 8.25685673303522e-08 -0.000876266403065293 -4.12234215165241e-06 -0.000993557154973112)
(0.0016940118195852 1.57335696460709e-05 4.80005835669656e-08 -0.000809330859268911 -2.93137661495228e-06 -0.00088468095354378)
(0.00155255986467284 1.33554669004372e-05 2.09480004691443e-08 -0.000752436682997736 -2.0540715934843e-06 -0.00080012314622391)
(0.00142567615816248 1.11987483058093e-05 -4.12369467135636e-09 -0.000698131767137346 -1.37622951767563e-06 -0.000727544389632578)
(0.00130913948814147 9.13732435265057e-06 -1.9546117121079e-08 -0.000645672372508018 -8.92413910886307e-07 -0.00066346711109513)
(0.00119505598396205 7.15851732225627e-06 -2.36721731462409e-08 -0.000592264890797181 -5.53419846264248e-07 -0.000602791087555471)
(0.00108063719402715 5.34471736498794e-06 -1.65130365758889e-08 -0.000537276335847051 -3.28792554627005e-07 -0.000543360859039564)
(0.000960616169785956 3.76250147529664e-06 -1.5125682298187e-09 -0.00047860310981285 -1.83613617710891e-07 -0.000482013060772637)
(0.000835862597742058 2.48475170766179e-06 1.7266871932702e-08 -0.00041700570230016 -9.81213393493087e-08 -0.000418856895324134)
(0.000706033261169216 1.51902962112311e-06 3.38461718151675e-08 -0.000352538215167791 -4.94608653966277e-08 -0.000353495045239196)
(0.000568561367745667 8.34672572442759e-07 4.33194303135568e-08 -0.000284053825865546 -2.32197240566244e-08 -0.000284507541595162)
(0.000433281193710626 4.06564159344887e-07 4.50172002415581e-08 -0.000216544763380026 -1.06928056744709e-08 -0.000216736430400434)
(0.000300821241172522 1.64737957474903e-07 3.81545379747154e-08 -0.000150378247241701 -4.69434479297068e-09 -0.000150442993860776)
(0.00017903403261653 5.00214147286779e-08 2.51411084256167e-08 -8.95101814860888e-05 -1.73636312378713e-09 -8.95238511092547e-05)
(7.7718161889313e-05 8.78448377506002e-09 1.11612184330585e-08 -3.88590775866122e-05 -3.89842707250924e-10 -3.88590842591244e-05)
(1.06259082375589e-05 2.4590059124877e-10 1.36598076111541e-09 -5.31312380594536e-06 -1.4979576127197e-11 -5.31278442205435e-06)
(0.00620613959149454 2.57053194938816e-05 5.1235937129466e-06 -0.00174768887690358 -5.69214887692626e-08 -0.00445844843931354)
(0.00590892128683498 7.82742425720918e-05 4.72630696422572e-06 -0.00166623668416372 -1.54613569648966e-07 -0.00424268373314761)
(0.00539661264657662 8.77223168611571e-05 3.99425885460965e-06 -0.0015072426089748 -1.71971576452823e-07 -0.00388936832946383)
(0.00522401911590908 6.05927488581543e-05 3.80708419521115e-06 -0.00144280762791403 -2.3491211008473e-07 -0.00378121042857005)
(0.00487314769274318 -1.80192096946742e-05 3.47268059854591e-06 -0.00133789482268248 -2.47211505800219e-07 -0.00353525085008885)
(0.00455366174117842 -9.15767698638336e-05 3.22235522843226e-06 -0.00125206166485963 -2.2250812522852e-07 -0.00330159898518124)
(0.00430359829959734 -0.000142551233982719 3.02412318248946e-06 -0.00119151518057767 -2.04072046392614e-07 -0.0031120808345784)
(0.00400948727283387 -0.000181364101652471 2.66747061000703e-06 -0.00110995153133098 -1.57129253919195e-07 -0.00289953565200423)
(0.00376426125916263 -0.000237840975523798 2.39544543712053e-06 -0.00104127321253608 -1.57124287405376e-07 -0.00272298646965878)
(0.00356861714334563 -0.000293284484638275 2.19810485913693e-06 -0.000994375367359205 -1.83671329243076e-07 -0.00257424120250363)
(0.00342197936317892 -0.000339720482053659 2.06301927919248e-06 -0.000963859159412923 -2.31062247811536e-07 -0.00245811918836048)
(0.00326244768003588 -0.000369854005169905 1.96135751629715e-06 -0.00093172721358696 -3.05289699130599e-07 -0.00233071967558213)
(0.00306160841531484 -0.000381808659874234 1.84545797425403e-06 -0.00088820152998217 -4.02298014565157e-07 -0.00217340704120648)
(0.00293297124674098 -0.000384867298928826 1.92046613149383e-06 -0.000867589398301171 -5.53364963121792e-07 -0.00206538151761835)
(0.00276437188645979 -0.000364001433051453 2.01145128465301e-06 -0.000836881084568347 -7.16828547056826e-07 -0.00192749028773631)
(0.00250794472108895 -0.000314950207474507 1.96746845475305e-06 -0.000778875992209113 -8.24041428313173e-07 -0.00172906873068496)
(0.00232062351823655 -0.000261823628065027 2.05539476675463e-06 -0.000740489407458518 -9.5917916964762e-07 -0.00158013327691431)
(0.0020913406794435 -0.000197504933987376 2.09368814626409e-06 -0.000684607300527961 -1.05774769405231e-06 -0.00140673317050214)
(0.00186859829324102 -0.000134690586374658 2.01925398927371e-06 -0.000625248499433696 -1.11458452090629e-06 -0.00124334952963986)
(0.00158097107327656 -7.68648655205097e-05 1.73372319785679e-06 -0.000538163426485703 -1.06582088403803e-06 -0.00104280698344861)
(0.00132538731382518 -3.39464364813886e-05 1.42649809671062e-06 -0.000457466990690413 -1.01398498171704e-06 -0.000867919664694656)
(0.00109057816352863 -5.79259840740809e-06 1.08497063275603e-06 -0.00038092152707662 -9.3654166909047e-07 -0.000709656319622561)
(0.000888072698805268 9.35946241302205e-06 7.56507288844161e-07 -0.000314091462837066 -8.43236771732222e-07 -0.000573980973317976)
(0.000699104076358546 1.47883433914006e-05 4.61535080566457e-07 -0.000251444660132534 -7.19868196170452e-07 -0.000447659359515361)
(0.000599902259211392 1.56331118989924e-05 3.19833025779794e-07 -0.000220975544328908 -7.26140202981758e-07 -0.000378926544691426)
(0.000477791258199691 1.26544976382825e-05 1.63329594404665e-07 -0.000181547826736697 -5.88990561637462e-07 -0.000296243428503849)
(0.000390029335171455 9.32473847296345e-06 7.85985752350471e-08 -0.000153816948084885 -4.7632943891405e-07 -0.000236212340454339)
(0.000325911091474207 6.52953444307655e-06 3.57887877719318e-08 -0.00013384468520731 -3.833236859096e-07 -0.000192066398547522)
(0.000296357195258873 4.82519583393103e-06 1.91347213008822e-08 -0.000126645997577647 -3.47073307466814e-07 -0.000169711203622694)
(0.000251618395689915 3.35972210657894e-06 8.48820084497867e-09 -0.000111490119429857 -2.5523979093752e-07 -0.000140128289153257)
(0.000223728757176733 2.55194148509286e-06 4.31560970059422e-09 -0.000102255215698705 -1.90418933007907e-07 -0.000121473524419054)
(0.000199049145416131 2.03491818083834e-06 2.28325837203821e-09 -9.3304201502936e-05 -1.36977428578685e-07 -0.000105744935287695)
(0.000183837047184105 1.74003767998823e-06 9.92312789991512e-10 -8.78570347961771e-05 -1.00623508108436e-07 -9.59800131905886e-05)
(0.000167436708306222 1.47617543062791e-06 -4.39844968956269e-10 -8.11749254214129e-05 -6.76479443725638e-08 -8.62617741947275e-05)
(0.000153343055945595 1.2388921535352e-06 -1.52105414389919e-09 -7.51083142829342e-05 -4.44625452101728e-08 -7.82347444047524e-05)
(0.000143112959503949 1.02873539318922e-06 -2.23389683938426e-09 -7.05951522868883e-05 -2.92382748257257e-08 -7.25178054923422e-05)
(0.000133084913538422 8.20738954831124e-07 -2.48170091261403e-09 -6.59614270429246e-05 -1.85703493267297e-08 -6.71234850705322e-05)
(0.000121100006013976 6.14899061830583e-07 -2.25792730427596e-09 -6.0210941447513e-05 -1.07463201040805e-08 -6.08890640561919e-05)
(0.000109709643655286 4.41437838491266e-07 -1.64747741788801e-09 -5.46575910456769e-05 -6.10364013875242e-09 -5.50520518869746e-05)
(9.58048566664772e-05 2.91224481071253e-07 -8.11139812261954e-10 -4.77931332926856e-05 -3.14315198216022e-09 -4.80117227467539e-05)
(8.27250512725309e-05 1.7959676505174e-07 6.07257246238159e-11 -4.13038405816403e-05 -1.61556494925419e-09 -4.14212104008294e-05)
(6.6634419606866e-05 9.78074442143027e-08 7.01668246278652e-10 -3.3288362163295e-05 -7.67205381433194e-10 -3.33460573484414e-05)
(5.15900451355758e-05 4.75802138086307e-08 1.03612584671518e-09 -2.57820588703516e-05 -3.81408682376512e-10 -2.58079862850408e-05)
(3.69763886158853e-05 1.94560835829179e-08 1.03929613091366e-09 -1.84833164850683e-05 -1.86388637939372e-10 -1.84930721219443e-05)
(2.2983973276181e-05 6.0361963678854e-09 7.64585451499592e-10 -1.14906774519771e-05 -7.27457963286508e-11 -1.14932958123194e-05)
(1.10572859290067e-05 1.16038465291458e-09 3.93808604471739e-10 -5.52846431112428e-06 -1.66205276134836e-11 -5.52882159792173e-06)
(1.68840803835514e-06 3.23179134456976e-11 3.74263288038039e-11 -8.44203847126052e-07 6.37281667333954e-13 -8.4420418841464e-07)
)
;

boundaryField
{
    inflow
    {
        type            cyclic;
    }
    outflow
    {
        type            cyclic;
    }
    wallTop
    {
        type            calculated;
        value           uniform (0 0 0 0 0 0);
    }
    wallSide
    {
        type            calculated;
        value           uniform (0 0 0 0 0 0);
    }
    symmetryBottom
    {
        type            symmetry;
    }
    symmetrySide
    {
        type            symmetry;
    }
}


// ************************************************************************* //
