/*--------------------------------*- C++ -*----------------------------------*\
  =========                 |
  \\      /  F ield         | OpenFOAM: The Open Source CFD Toolbox
   \\    /   O peration     | Website:  https://openfoam.org
    \\  /    A nd           | Version:  8
     \\/     M anipulation  |
\*---------------------------------------------------------------------------*/
FoamFile
{
    version     2.0;
    format      ascii;
    class       volSymmTensorField;
    location    "126";
    object      bijDelta;
}
// * * * * * * * * * * * * * * * * * * * * * * * * * * * * * * * * * * * * * //

dimensions      [0 0 0 0 0 0 0];

internalField   nonuniform List<symmTensor> 
2209
(
(0.110193561183443 -0.00962063890695461 -0.00926376112521683 -0.0561927649676186 2.24988394848464e-05 -0.0552725602030614)
(0.122359162678925 -0.0250017511016826 -0.00675826168697945 -0.0693673651007183 -0.000234287024836507 -0.0539663955170361)
(0.139804779047636 -0.0316130766036658 -0.00321982317692608 -0.0883126681845402 -0.000199631314047932 -0.0520910001878924)
(0.157931464602284 -0.0303864229124008 -0.000312857536642971 -0.106825658627765 -0.000331705368115032 -0.0512184901751157)
(0.17414026822194 -0.0185594736681689 0.0017049217590156 -0.121309233531 -0.000647969516946794 -0.0528139891439581)
(0.187769103795463 -0.00948003424625061 0.00238458106281135 -0.132295485478902 -0.000723874017786478 -0.0552864807636751)
(0.199177602430981 -0.00442881313377794 0.00243141465863949 -0.140879285716483 -0.000716773091968547 -0.0579211110251739)
(0.209711219133281 0.00582190788796685 0.00225410061227682 -0.147450590226946 -0.000887247367431443 -0.061827525464136)
(0.220447570494743 0.0157480521457906 0.00170385866017337 -0.153338391113578 -0.00121528990685106 -0.0666022518611694)
(0.232292356144282 0.023495458206366 0.0012459798803882 -0.159273111845907 -0.00159105531010666 -0.0724712151131012)
(0.246372980819274 0.0289493089175834 0.000916537802966949 -0.165698248005133 -0.0019119326436765 -0.0801314354845588)
(0.26334081485916 0.0321616406973071 0.000535747906541799 -0.173170916070866 -0.00217905690643928 -0.0896527985473736)
(0.283233541690208 0.0332365248966464 7.15587073707209e-05 -0.182000291721095 -0.00241193312711259 -0.100772582899123)
(0.305735704045741 0.0321513150429901 -0.000288904762418751 -0.192264130065184 -0.00249819065358167 -0.113103171735895)
(0.330170422997973 0.0288997822043617 -0.000365141116924422 -0.203803735206946 -0.00239724528691601 -0.126103940783209)
(0.355627847042549 0.023657408334789 -0.000220192426956854 -0.216256652562856 -0.00216411658920608 -0.139202974466166)
(0.381347129030223 0.0167448007073032 -2.47024020813604e-05 -0.229232599119311 -0.00186144769321552 -0.152032532803639)
(0.406655857574189 0.00857315371013845 0.000222037192985415 -0.242279558359843 -0.00153464178305507 -0.164367691731964)
(0.430870375682801 -0.000477788828809447 0.000595878897281257 -0.254886596596564 -0.00120998078571276 -0.176031251560853)
(0.453513287377296 -0.010022220869327 0.00103705479571786 -0.266637929315788 -0.000911344830545456 -0.186956092363483)
(0.474264486049671 -0.0197296704358186 0.00143915840121612 -0.277266285214714 -0.000664841074114772 -0.19709257218011)
(0.492952802613162 -0.0292512779198062 0.00176453685969862 -0.286645262979039 -0.000483004105452317 -0.206407395955865)
(0.509520561809931 -0.0382010220542333 0.00202671371765563 -0.294747340907622 -0.000365565465926362 -0.214873208839691)
(0.523983671148978 -0.0462729681300643 0.00224041227689883 -0.301621733555837 -0.00029774757212876 -0.222459605230983)
(0.536389299760971 -0.0531589041554685 0.00240750612501077 -0.307365399092226 -0.000260350539832699 -0.229117128243053)
(0.546791919456264 -0.0584974595133336 0.00252665278828462 -0.312102865778196 -0.000239247757246571 -0.234775781714857)
(0.555249594025404 -0.061895054338964 0.00260297377713805 -0.315969905935986 -0.000226674596142872 -0.239357149736636)
(0.561825428941639 -0.0630194198803529 0.00265077672265593 -0.319105241653391 -0.000219149648358439 -0.242787427387728)
(0.566587098149216 -0.0616697056121554 0.00268485425213034 -0.321638581333139 -0.000214464209383366 -0.245006025881431)
(0.56960515521741 -0.0578375223109524 0.00271588721084698 -0.323683753806531 -0.000209910541241391 -0.24596886904666)
(0.570954635015652 -0.0518366332443487 0.00275461294799066 -0.325341189963904 -0.000205798628134763 -0.245651217042031)
(0.570710556921024 -0.0442989488215289 0.00280101968990636 -0.326693996551513 -0.000201869172530122 -0.244046067187711)
(0.568954745128901 -0.0360146767241988 0.00285106297051374 -0.327808836857032 -0.000197557715604749 -0.24116841700441)
(0.565779441159623 -0.0277872968246837 0.00291062125745484 -0.328739242403928 -0.000193007801189234 -0.237056895170885)
(0.561295949515134 -0.0202443471967544 0.00296873398003985 -0.329526017486106 -0.000186496637854743 -0.23178188290827)
(0.555636104852397 -0.0137697501896307 0.00302980971686719 -0.330200875564884 -0.000178831158185367 -0.225443564253665)
(0.548959638988159 -0.0085154617681984 0.00309046510635046 -0.330785524310373 -0.000169370566392453 -0.218179846924045)
(0.541448841357716 -0.00446402427958866 0.0031511809566422 -0.331294780005881 -0.000158162475557212 -0.210157870581288)
(0.533303060252723 -0.00150386195789885 0.0032080743508144 -0.331737854968179 -0.000144906217872549 -0.201567598353597)
(0.524706181410937 0.000510210187885826 0.00325859818105946 -0.332121265535871 -0.000130208735233624 -0.192586351240654)
(0.51586370688005 0.00174860247897456 0.00329949489378711 -0.332447102017129 -0.000114077730963414 -0.18341743287328)
(0.506939185850336 0.00236698652144932 0.00333397156208359 -0.33271773825364 -9.69030779701131e-05 -0.174221891981364)
(0.498100521072185 0.00250995915753109 0.00336238666410737 -0.332934491870193 -7.91518349149902e-05 -0.165166250073075)
(0.489430686202271 0.00228993876295629 0.0033741695535268 -0.333100747988379 -6.08341382529044e-05 -0.156330038075188)
(0.481001324818355 0.00180423950045725 0.0033827780534909 -0.333219662714379 -4.26633819207459e-05 -0.14778171824934)
(0.472994311929887 0.00115252137182976 0.00338974985859143 -0.333293673812792 -2.51678194841853e-05 -0.139700701679374)
(0.465379152631559 0.000395666263513362 0.00338489114578653 -0.33332894090438 -8.18641741195843e-06 -0.132050386209492)
(0.125091573332599 -0.00676898178287844 -0.0239778046827432 -0.0554694121297369 -0.000259926331155508 -0.0704352779275437)
(0.131548830165856 -0.0184264819754128 -0.0185110869887619 -0.0657743838647848 -0.000588980380992267 -0.0663582388055682)
(0.142666717986078 -0.0250302879792122 -0.0105297117664792 -0.0819232374217313 -0.000515766574200005 -0.0609924785569404)
(0.15679305682249 -0.0255664968228764 -0.00283025543835966 -0.0997471861999843 -0.000741159342821175 -0.0570968481097564)
(0.171673947631865 -0.0210167852919696 0.00280203529630133 -0.115904047642555 -0.0012941858477327 -0.0557198502983398)
(0.185572163115126 -0.0117428692631551 0.00610230583867999 -0.129029278312272 -0.00170985887965474 -0.0564305572128587)
(0.198040794696092 -0.0034656664174054 0.00687812435106979 -0.139440007293151 -0.00206193843679325 -0.0584991837596837)
(0.209549149852633 0.00699387281991601 0.00646362104934712 -0.147493537811196 -0.00245626723997583 -0.0619723658598403)
(0.220897531050635 0.0165793932069832 0.00520711037219866 -0.154438022818709 -0.00296421774367616 -0.0663471700588135)
(0.233212256683109 0.0241954775716367 0.00372453308086639 -0.161185591737421 -0.0037227895560375 -0.0718737313432058)
(0.24785488263456 0.0296447940050675 0.00235587597862125 -0.168273288952342 -0.00466823598804076 -0.0794523388861513)
(0.26559739998019 0.0329880282504701 0.00115227739643999 -0.17618474021522 -0.00547797077843921 -0.0893045842447003)
(0.286149630544029 0.034119876705805 0.000171008749472388 -0.185202196777952 -0.0059622599175655 -0.100838350772264)
(0.309022633215528 0.0329895824289779 -0.000581271282430461 -0.195432145638505 -0.00611250401612756 -0.113483224866608)
(0.333577692497576 0.0296252993623396 -0.0010279291866758 -0.206741747057347 -0.00594252891538885 -0.126749111570639)
(0.359019959611031 0.0241456077944483 -0.00106018320566884 -0.218828266123559 -0.00545047370240093 -0.140140547433226)
(0.384584753903682 0.0168459729453444 -0.000742294477585978 -0.231348725766847 -0.00472539724751829 -0.153209888792617)
(0.409593021327165 0.00819503652347961 -0.000160404219083823 -0.243889487547811 -0.00391212596939073 -0.165686225329704)
(0.433523689475161 -0.00130202573343307 0.000622210879667091 -0.256034603726095 -0.00313849222367345 -0.177478328785867)
(0.455941273154701 -0.0112058387118551 0.00155758921304786 -0.267420768446444 -0.0024555477169073 -0.18852033328107)
(0.476511568558926 -0.021173683188656 0.00250992879682624 -0.277775370141901 -0.00188992290080165 -0.198746429244386)
(0.495041475253448 -0.0308199588805743 0.00335018515662983 -0.28694314028192 -0.00146395346560275 -0.208113670422995)
(0.511451876211057 -0.0397628969323294 0.00403798634725109 -0.29488142206215 -0.00116911776480365 -0.21658611214042)
(0.525736877547276 -0.0477385488837066 0.00458048755113974 -0.301628477853146 -0.000971072965053346 -0.224122559585784)
(0.537932455514993 -0.0544735004025479 0.00499400195445549 -0.30727590899869 -0.000835012381949736 -0.23066888241586)
(0.548100962981534 -0.0596129872903427 0.005298861262569 -0.311945881593615 -0.000735508926222503 -0.236165601236783)
(0.556319466598737 -0.062778430611466 0.00552196608860243 -0.315773643278009 -0.000656373628496585 -0.24055432478012)
(0.562668983092766 -0.0636387768729405 0.00569312066748736 -0.318893418969065 -0.000588425720705544 -0.243782112304717)
(0.56722861994304 -0.062002036376346 0.00584507131965854 -0.321429280111353 -0.000527569344633344 -0.2458037670736)
(0.570073725043933 -0.0579130918930325 0.00600533300618213 -0.323491112633787 -0.000473541761138678 -0.246584961438836)
(0.57127750788405 -0.0517180637304186 0.00619185756032508 -0.325172820958918 -0.000427238226002497 -0.246105378914543)
(0.570914023351753 -0.0440523608223716 0.00641548734907036 -0.326552571025457 -0.000389094738711953 -0.244360914897754)
(0.569062872142238 -0.0357211609612349 0.00667874334868703 -0.327694213487209 -0.000358524638692734 -0.241367415666617)
(0.565815117785081 -0.0275101620028382 0.00697815505153233 -0.328648988206027 -0.00033372980085632 -0.237164536022418)
(0.56127966662774 -0.0200254709438924 0.00730691995039372 -0.32945722289663 -0.000312522342987804 -0.231820851201784)
(0.555588405000798 -0.0136249924205788 0.00765471680764203 -0.330149542976962 -0.000292850720892654 -0.225437464232052)
(0.548898440554352 -0.00844191833485928 0.00800955472932399 -0.330748240167149 -0.000273089445579816 -0.218149056064864)
(0.541389033173637 -0.00445284273615684 0.00835853988435333 -0.331268603592683 -0.000252213878076764 -0.210119558197863)
(0.533253482875984 -0.00154419400114046 0.00869009974994918 -0.331720459812288 -0.000229645175139021 -0.201532394654361)
(0.524688198622064 0.000438483996840954 0.00899506147154282 -0.332109707511543 -0.000205276714567441 -0.192578075110772)
(0.515879977914414 0.00165888183828406 0.00926813694351291 -0.332439894019698 -0.000179201871195645 -0.18343982513249)
(0.506996233381709 0.00227202379309504 0.00950716456919938 -0.33271345600351 -0.000151803174434811 -0.174282628104189)
(0.498184106124553 0.0024168165398532 0.0097100374801497 -0.332932527681266 -0.000123586606015403 -0.165251501750517)
(0.489553212230274 0.00220904309122001 0.00988149254024552 -0.333099962677295 -9.50696968619625e-05 -0.156453216937768)
(0.481198555205751 0.00174716905811038 0.0100234046703745 -0.333218974917915 -6.68495203982417e-05 -0.147979573706266)
(0.473179207801176 0.00111091235759694 0.010140479600155 -0.333293804909563 -3.93014982435388e-05 -0.139885388326619)
(0.465574709058051 0.000376393917898013 0.0102314584815813 -0.333328950211955 -1.29891072501577e-05 -0.132245668413101)
(0.14559859600386 -0.00304132205943165 -0.0296961623772913 -0.0545562173492008 -0.000621598896908803 -0.0915053059188516)
(0.145529018896859 -0.00960085512440174 -0.0251950848101296 -0.0611765241836815 -0.00113406206671728 -0.084637229481782)
(0.148425984803371 -0.014609373939385 -0.0164963604723726 -0.0730454310224813 -0.000775635971751724 -0.0755214820258826)
(0.156212504557977 -0.0165391464975992 -0.00643394480324488 -0.0889023135118567 -0.000624282392189135 -0.0674620742808843)
(0.167594498078402 -0.014516756167372 0.00225464564368881 -0.106049493630215 -0.00083021880131361 -0.0616517024129192)
(0.18089392552753 -0.00869329916814549 0.00795575216867095 -0.121717089040332 -0.00118234770002943 -0.0592306566123497)
(0.194413070865892 -0.0003439997883244 0.0100529501267432 -0.134788809557424 -0.00189007682021003 -0.059710591420655)
(0.207712877134449 0.00898873087760759 0.00974829536646614 -0.14551158279105 -0.00268305901125446 -0.0622943264973675)
(0.220833991785593 0.0178605942365556 0.00833969488738519 -0.154529800128005 -0.00336707338214399 -0.0664257691013299)
(0.234569030508998 0.0253732015467808 0.00635678715463979 -0.162629558651323 -0.00429269385635191 -0.0720460670289423)
(0.250205199546053 0.0309841681838211 0.00440504288016115 -0.170595081188317 -0.00540597953525369 -0.0796604168527622)
(0.268455330815284 0.0342710097981932 0.00256364294105689 -0.179076978767559 -0.00645762934938441 -0.0893920455634727)
(0.289389922341965 0.0351023800925981 0.000714651474007015 -0.188398537908991 -0.00735960490139707 -0.101005497640688)
(0.312529533419502 0.0335486614649271 -0.000882530717821101 -0.19865445457905 -0.00797657783741281 -0.113875678633382)
(0.337293303635206 0.0297240208773468 -0.00202846790158122 -0.209783543899182 -0.00812352371159366 -0.127475731057731)
(0.362951740187373 0.0237822247048536 -0.00262986880818148 -0.22162132901594 -0.00774755497285868 -0.141270542011276)
(0.388753232762251 0.0160353587091425 -0.00270193655046174 -0.233865184483863 -0.00692605591135718 -0.154821628867208)
(0.413926366091426 0.00696895545826405 -0.00229390966954214 -0.246067476767007 -0.00584161435684552 -0.167791019689891)
(0.437798963612079 -0.00293428296176847 -0.00149976621098668 -0.257798736829943 -0.0046751785487933 -0.179929771965548)
(0.459925715432625 -0.0132601086769124 -0.000420032859322898 -0.268736313510104 -0.00358318609482445 -0.191117010665797)
(0.480052816795589 -0.0236127234203054 0.000798853294181078 -0.278657788705191 -0.00266391629448886 -0.201326036999058)
(0.498083443434799 -0.0335054344016938 0.0020019634775211 -0.287449702725723 -0.00194919812878878 -0.210571735210367)
(0.514015428197195 -0.042504056890895 0.00307413211925814 -0.295089241365462 -0.00143070776850591 -0.218873588157693)
(0.527881011671035 -0.0503588981690475 0.00396287390831413 -0.301615634531077 -0.00107099764047674 -0.226222099365765)
(0.539729158750501 -0.0568279358569562 0.00466431762442226 -0.307114205325383 -0.000825376327441831 -0.232578801084483)
(0.549615699762705 -0.0615822290900262 0.00519370180717489 -0.311698669876278 -0.000654806302902238 -0.237886781750228)
(0.557597687105877 -0.0642771081400246 0.00559036879256048 -0.315491033492133 -0.00053336920901194 -0.242082245010004)
(0.563736959292529 -0.0646354583165994 0.00589279727084683 -0.318610018843196 -0.00044595549148885 -0.245107698338724)
(0.56809712673104 -0.062514205849269 0.00614239140912738 -0.32116618931436 -0.000383112886791967 -0.246916126170376)
(0.570747112666235 -0.0580065722131901 0.00637457264710602 -0.323259940621893 -0.00034105575418842 -0.247476452447441)
(0.571757839434179 -0.0514977153410405 0.00661150457770165 -0.324977830313865 -0.000316827606806692 -0.246772777274017)
(0.571206137727271 -0.0436455642134785 0.00686735271499389 -0.326393539832819 -0.000307653986431048 -0.244808170652918)
(0.56917331577578 -0.0352481119230616 0.00714293636016675 -0.327567729047659 -0.000308526110091097 -0.241602879713988)
(0.565755062109831 -0.0270642966652952 0.00743759924765229 -0.328550597738444 -0.000315398571516025 -0.237202916477885)
(0.56106262536387 -0.0196669812383587 0.00774216374741572 -0.329382380464685 -0.000324065800406141 -0.231679588634746)
(0.555230186886406 -0.0133767339935428 0.00804875021249657 -0.330093827532602 -0.000329725418981793 -0.225136116354204)
(0.548417408952619 -0.00830239436945803 0.0083490559384293 -0.330707744092239 -0.000330265207145642 -0.217709618966551)
(0.540802214144357 -0.00440773179421798 0.00863374049342766 -0.331240060071228 -0.000324048050199937 -0.209562203804052)
(0.53257745955246 -0.00157268135311556 0.00889595605649843 -0.331701134012851 -0.000310629884250532 -0.200876397900486)
(0.523939335689692 0.00035913568382424 0.00912966611403802 -0.332097078308279 -0.000289826298253728 -0.19184233487097)
(0.515063707853161 0.00154836545112125 0.00933141178013593 -0.33243234594664 -0.000262401956819885 -0.182631411674059)
(0.506127849784799 0.00215003014964071 0.00950179772481217 -0.332709234685928 -0.000229323447750562 -0.173418650043985)
(0.497282010907835 0.002299995728354 0.00964052213292619 -0.332930080493777 -0.000191791950633923 -0.164351949413199)
(0.488605061880672 0.00210568496674737 0.00975133677794947 -0.33309895790949 -0.000150929945988854 -0.155506110722776)
(0.480213870370715 0.00166707536346846 0.00983729446347215 -0.333218673129541 -0.000108190081030447 -0.146995204659817)
(0.4721714191534 0.00106128297596476 0.00990233089606756 -0.333293700795161 -6.4761252019922e-05 -0.138877690873964)
(0.464354526493821 0.000338877332523764 0.00995032809299251 -0.333329331665869 -2.07589157538864e-05 -0.131025248634764)
(0.165070279713336 -0.000522954506439214 -0.0281108145373617 -0.0542037067469745 -0.00057348820441615 -0.11110413022016)
(0.161307169503464 -0.0019828589766364 -0.0250021498143931 -0.0582315506632313 -0.00107899582423375 -0.103156354507406)
(0.158124251033983 -0.00410594926961529 -0.0180859761358767 -0.0660139625446948 -0.000671233924988881 -0.0921941008655803)
(0.158864240048734 -0.00619806554275869 -0.00832329856592301 -0.0785093606098203 -5.71094292655339e-05 -0.0805091425603)
(0.164776427995145 -0.0062759092026335 0.00104600446551857 -0.0944912645997483 0.000320839270281644 -0.0704328294596745)
(0.175244446193017 -0.00313160494103171 0.00811468470025551 -0.11115544886102 0.000216285514790506 -0.0642728028815068)
(0.188345860975177 0.00267474417565184 0.0115470264321349 -0.126565017339728 -0.000400126381837304 -0.0620129661306412)
(0.202829755187438 0.0102130425077712 0.0123092794520851 -0.139973165365251 -0.00111939698344699 -0.0631085283085115)
(0.218015980449545 0.0182008641952289 0.0111557282891822 -0.151386127392096 -0.00195235585360189 -0.0668521000655671)
(0.233913266690737 0.025419235255281 0.00892208322854276 -0.161467880293361 -0.00311725069366868 -0.0726306670470953)
(0.251210163923106 0.0310355283076068 0.00642872469828702 -0.171019157045106 -0.00454204098084065 -0.0803184982519126)
(0.270561048713033 0.0344497572565948 0.00389009911449417 -0.180590113090105 -0.00609169120073013 -0.090025603336224)
(0.292342454259696 0.0354475304187965 0.00144264727161933 -0.19067454687014 -0.0075780587940322 -0.101654434784317)
(0.316383535963855 0.0340092362050799 -0.000803474143783387 -0.201546522702776 -0.0086820979172416 -0.114777627131122)
(0.34199625271789 0.0300852095759481 -0.00263748386705974 -0.213141966933821 -0.00917690370784037 -0.128778156958561)
(0.368353017980526 0.0237876488635994 -0.00388778237972893 -0.22519647488479 -0.00900876112745049 -0.143075473712867)
(0.394594383949496 0.0155558972784292 -0.00464869445451294 -0.237369104604139 -0.00826684378882754 -0.157139370016498)
(0.419899708956877 0.00593306833448527 -0.00497417513024038 -0.249285266523612 -0.00715174732056102 -0.170533242003027)
(0.443612925270302 -0.0045946584859113 -0.00482638232695782 -0.260596837258283 -0.00586224490917949 -0.182945160551886)
(0.465323647646244 -0.0155545773835834 -0.0042349566689252 -0.27104078830887 -0.00457492644117148 -0.194224975240963)
(0.484863643675126 -0.0264650553253135 -0.00331187270942311 -0.280458194208044 -0.00340839455688424 -0.204359975255539)
(0.502248859262394 -0.036727846941428 -0.00219639534523523 -0.288784537581558 -0.00241275266612364 -0.2134260341267)
(0.517550921487242 -0.0458755994009878 -0.00103126973389475 -0.296025665013377 -0.00160892166938824 -0.22148914843954)
(0.53083177862992 -0.0536836544149658 7.40183092131328e-05 -0.302232824267476 -0.000988697790284411 -0.228563333456708)
(0.542144918818247 -0.0599398929436678 0.00105734623760026 -0.307491345675111 -0.000531437280511823 -0.234618882031032)
(0.55153317551743 -0.0643574733293568 0.00190375839158666 -0.311901313351564 -0.000210523500250285 -0.239598619984665)
(0.559049283615043 -0.0666124925401119 0.00262110500753359 -0.315573293795096 4.51161554453331e-06 -0.243446640717532)
(0.564758407717998 -0.0664500796465433 0.00323347256987202 -0.318615587646129 0.000138380106077322 -0.246118652210652)
(0.568727928334969 -0.0637766647590486 0.00376626511721294 -0.321127956852058 0.000208447361050682 -0.247580527312683)
(0.571025777804832 -0.0587445348656606 0.00423746153442778 -0.32320095924567 0.000227943896469102 -0.247809530701307)
(0.571722911981786 -0.051801419342609 0.00466091750100701 -0.324913805064111 0.000208976492420995 -0.246797362809709)
(0.570893816286696 -0.043645810817749 0.00504695517664495 -0.32633357542963 0.000162902288376456 -0.244551253824522)
(0.568619409459019 -0.035087304661299 0.00540422116013327 -0.327516827456847 9.90863805084619e-05 -0.241095886595635)
(0.564992088603478 -0.0268635373920857 0.00573282037523941 -0.328510579268331 2.79774689928512e-05 -0.236476678600064)
(0.560123097668551 -0.0195003994199718 0.00603660949276481 -0.329352366589543 -4.15830616150695e-05 -0.230767285400815)
(0.554144541313574 -0.0132851310721994 0.00632116140588711 -0.330073094779668 -0.00010412752755659 -0.224069071506588)
(0.547212744280463 -0.00829426749081691 0.0065827721544726 -0.330694610320687 -0.00015579982957015 -0.216516540063957)
(0.539507127322626 -0.00447063717533489 0.00681487801276634 -0.331232257702956 -0.000193433609563342 -0.208273792764599)
(0.531216629332548 -0.00168905213067304 0.00702840827284578 -0.331697224447665 -0.000217057474140369 -0.199518706098089)
(0.522535069913069 0.000210033844242485 0.00720889653619353 -0.33209553256744 -0.000226541937230556 -0.190439112134202)
(0.513636409224075 0.00138575567009922 0.00736513268835864 -0.332431966856829 -0.000222757080116031 -0.181204189248556)
(0.504675112689563 0.00198661325591347 0.00749627694768991 -0.332709814950759 -0.000207321807832922 -0.171965161449258)
(0.495809579909664 0.00214948495510677 0.00759973060446716 -0.332931106376321 -0.000182050847197667 -0.16287840425095)
(0.487137292803955 0.00198130990709917 0.00768180529589436 -0.333099607917144 -0.000148959946287609 -0.154037654521704)
(0.478749707297519 0.0015746005041467 0.00774515657474482 -0.333218996107268 -0.000110120324477635 -0.145530705290377)
(0.470698063002352 0.00100311162521607 0.00779650891486617 -0.333293936773643 -6.73812644806316e-05 -0.137404107612977)
(0.463047437869898 0.000336535137927376 0.0078521130515453 -0.333329131826791 -2.26960050940345e-05 -0.129718230731526)
(0.181737501189264 0.00130244593365893 -0.0163481279074552 -0.0559689149320971 -0.00051727265905004 -0.125858314296037)
(0.176550306773921 0.00286025021589972 -0.0197391960162787 -0.057359162478676 -0.000793012922075096 -0.119183332539203)
(0.170180721178365 0.00362597263762936 -0.0151207488891035 -0.0619457313464936 -0.000363012865868283 -0.108317914540529)
(0.165961722170443 0.00290433610869878 -0.0076473469543609 -0.0707832499491806 0.000490488096586522 -0.0953105002482915)
(0.16597288383459 0.00220253495454787 0.000459458210622322 -0.0833866525724486 0.00144319369483673 -0.0827136548454621)
(0.171642945100664 0.00276476191457464 0.00742018065414637 -0.098741694525904 0.00191638439899048 -0.0730477376801087)
(0.182416051469878 0.00577334517813082 0.0119559730954201 -0.115075992684703 0.00162555639846175 -0.0675345874411179)
(0.196795248252147 0.0112695453945432 0.0140725479279987 -0.130680935620211 0.00117835295440681 -0.0663325246180266)
(0.213121923901502 0.0179118446501506 0.013846166100693 -0.144696495227507 0.000511296634414847 -0.0686624033265412)
(0.230876616457531 0.0244195833799817 0.0117472689187981 -0.157298458876772 -0.000697779535381438 -0.0737971264513176)
(0.250182879440174 0.0299184834273948 0.00864646427206467 -0.169048862144267 -0.002495324069717 -0.0812758795750908)
(0.271304282438844 0.0335886352710592 0.00546271874539375 -0.180535157534656 -0.00456722823502007 -0.0908820317421076)
(0.29447275197673 0.0348992298236687 0.0025191620254847 -0.19221667524641 -0.00656736952873431 -0.102371795181882)
(0.319543763517246 0.0337361632213612 -0.000236475235312451 -0.204213377725103 -0.00818523534713688 -0.115440576657897)
(0.34594064929343 0.0300017832740085 -0.00261863007123075 -0.216455908121253 -0.00920801264012732 -0.129574943157999)
(0.372992265878091 0.0237491813735258 -0.00458130658935652 -0.228804517729331 -0.00949655624244463 -0.144256271811999)
(0.399747632891861 0.0153223820590354 -0.00620045322273485 -0.240998495275589 -0.00907511857194207 -0.15879697680779)
(0.425278887769713 0.00519547475837492 -0.00741306051188061 -0.252713625189496 -0.00811257932694803 -0.17258063317409)
(0.448948586008352 -0.00607552511110703 -0.00805644367793648 -0.263670777688001 -0.00682704356700919 -0.185255895789655)
(0.470418600618012 -0.0178579178802951 -0.00811928230673566 -0.273672672588137 -0.0054210843819201 -0.196692609352097)
(0.489581576793082 -0.0295376761443861 -0.00772280586120281 -0.282615632987996 -0.00405098332128485 -0.20688693050587)
(0.506471291869538 -0.0404074745515661 -0.00701803697501435 -0.29048583562447 -0.00281118162465435 -0.215892138659519)
(0.521184166172607 -0.0499543054094022 -0.00612154611459172 -0.297322827157046 -0.00175215585435319 -0.223766354003704)
(0.53382767212974 -0.0579677393056625 -0.00513315079972595 -0.303187550144289 -0.000893773610760343 -0.230550114682475)
(0.544497028703631 -0.064220753934309 -0.00414874451173444 -0.308165550547188 -0.000232861012561179 -0.236251227455296)
(0.553274100028106 -0.0684203836049968 -0.00323226789739165 -0.312355497506429 0.000248193241653074 -0.240849558218808)
(0.560228577616885 -0.0702723630612776 -0.00241761311880911 -0.315860258925485 0.000575022624708487 -0.244309492793654)
(0.565426161283288 -0.0695635628877308 -0.00171614428786902 -0.318782117214073 0.000773720524962226 -0.246595468431153)
(0.568933095054453 -0.0662599996765715 -0.00112678104722274 -0.321213562973109 0.000868336680078115 -0.247680322894386)
(0.570814482295652 -0.0605892362231121 -0.000641792123037028 -0.323236427490288 0.000879665984635596 -0.247547380034566)
(0.571139940386199 -0.0530736200684039 -0.000248505714133933 -0.324921716522683 0.000826981408075043 -0.246195020410924)
(0.569980603312476 -0.0444665572821008 6.69746092110473e-05 -0.326328746118697 0.000728601762005053 -0.243634709421656)
(0.567415739632664 -0.0355966517822361 0.000317361452073453 -0.327508241155494 0.000602316358865159 -0.239895200095743)
(0.563537870804533 -0.0271855998773694 0.00051498977166797 -0.328502943220913 0.000463974197352749 -0.235026307121943)
(0.558456507112247 -0.0197288782158413 0.000669780257703259 -0.329348555670667 0.000326536602211114 -0.22910205914893)
(0.552304367373968 -0.0134732612065116 0.000789621713319059 -0.33007304579277 0.000199806236010279 -0.22222734970152)
(0.545237642223889 -0.00847045352993605 0.000886467317864956 -0.33069790871672 8.95044516351715e-05 -0.214537122833135)
(0.5374326964183 -0.00464712260051164 0.000962593275459288 -0.331238224878537 -5.85301069447294e-07 -0.206192774908143)
(0.529073802364793 -0.00186613526951452 0.00103179768003045 -0.331704556989086 -6.93798310627645e-05 -0.197368192191102)
(0.520347459781901 3.59545666452438e-05 0.00108998923600288 -0.332103442540542 -0.000116858553892506 -0.188243388360313)
(0.511430992481039 0.0012222998607989 0.00114102976204996 -0.332439300029464 -0.000144166908601143 -0.178991334590161)
(0.502474036767102 0.00184103665923654 0.00118432434901547 -0.332715756015213 -0.000153337257895112 -0.169758089164623)
(0.493627147736096 0.00202602312618143 0.00122757343819505 -0.332935476691209 -0.000147071688226416 -0.160691577353325)
(0.484994106963935 0.00188503077190629 0.00127056075667698 -0.333102208597154 -0.000128132991649683 -0.15189186006425)
(0.476646226844261 0.00150652350754864 0.00130286570820462 -0.333220226848897 -9.91950400056796e-05 -0.143425987295711)
(0.468618224131655 0.000962059890195348 0.00132844497390111 -0.333294381694235 -6.27913541235284e-05 -0.135323828512941)
(0.461064454592265 0.000331102973948239 0.00133586557006833 -0.333329062534877 -2.22419582986524e-05 -0.127735185228025)
(0.194859606595553 0.00222653928805708 -0.0075072313483162 -0.0577946157620922 -0.000416667633520878 -0.136991631214965)
(0.189902690128877 0.0057129116576359 -0.011134527762099 -0.0579674939762845 -0.000819530331381045 -0.131944127200024)
(0.182985522541808 0.00794326855953625 -0.00868020541647105 -0.0603149408169991 -0.000312214190794117 -0.122674144845703)
(0.176136605585385 0.00885956629723538 -0.00403321569939755 -0.0656497195780635 0.000749642357569426 -0.110598001681156)
(0.171901984420502 0.0086448915877212 0.00161136721286418 -0.074601927504144 0.00222115661404079 -0.0974974820633795)
(0.172559330632344 0.00827876915189613 0.00735904216864939 -0.0870888573063796 0.00341080550464601 -0.0856670241374921)
(0.179397071222282 0.00966666139878574 0.0119698078586698 -0.102287960435661 0.0038740066087932 -0.0772304551238663)
(0.191905088409532 0.0132038300974895 0.0151373278083384 -0.118902530371274 0.00384410170957259 -0.0730824883917067)
(0.208097192639653 0.0180173884194796 0.0159592768160296 -0.135184778191078 0.00341460368466971 -0.0730125918584888)
(0.22683182262323 0.0233103568059279 0.0143493881961734 -0.15040298737311 0.002247827266835 -0.0765901704856683)
(0.247803884876268 0.0284129855567509 0.011171095889185 -0.164715301884472 0.00026611748730783 -0.0832793953418145)
(0.27059316587644 0.0322715294491668 0.00745801657966482 -0.178362416491589 -0.0022282291218899 -0.0924151257981965)
(0.294980224155146 0.0339916432163911 0.00390707301720603 -0.191657571251186 -0.0047694067653747 -0.103481898714996)
(0.320904317768188 0.0331516298557483 0.000579012872425697 -0.204842047318302 -0.00698780994870357 -0.116195624094357)
(0.348029774980291 0.0296445647805406 -0.0024683201562751 -0.21791780772509 -0.00861079535485601 -0.130214215944313)
(0.375706700024846 0.0235017740562465 -0.00514856039587352 -0.230778978271525 -0.00945096651627271 -0.144994911279435)
(0.402991553761999 0.0149474956917687 -0.00739463841408939 -0.243267240887963 -0.00945926354006055 -0.15974974528463)
(0.428873806486206 0.00445272323141845 -0.00914078805423282 -0.255132023084602 -0.00877952323051418 -0.173732078631922)
(0.452722128290609 -0.00734689273062251 -0.0103373713166525 -0.266118222728427 -0.0076258653485547 -0.18656951765356)
(0.474246246531502 -0.0197453542494876 -0.0110261725440429 -0.276053331335325 -0.00619716780541142 -0.198144801894795)
(0.493344519257709 -0.032072793680726 -0.011306666694781 -0.284853988262025 -0.00467271390552026 -0.208435751642975)
(0.510047932442801 -0.0435331168512455 -0.0112618008196903 -0.29251389074923 -0.00319857932874681 -0.217476574792199)
(0.524453632200075 -0.0535761836130438 -0.0109509690599407 -0.299090012645794 -0.00188848853783048 -0.225306739030338)
(0.53668845599721 -0.0619640984686896 -0.0104362023616944 -0.304672112945029 -0.000804185919241385 -0.231961733436184)
(0.546880375978839 -0.0684082212916209 -0.00980354885787041 -0.309373165500179 3.87571046342716e-05 -0.237457184518098)
(0.555148473814826 -0.0725860233931796 -0.00914307784101518 -0.313310985011625 0.000656780437670871 -0.241793236236209)
(0.561599009671816 -0.0742089789047708 -0.00852753963267327 -0.316598681767517 0.00108009119392934 -0.244961095051062)
(0.566321845678161 -0.0730953893352782 -0.00800580070518435 -0.319341197196291 0.0013396307169181 -0.24694630982784)
(0.56939319012066 -0.0692628799398172 -0.00760236045810535 -0.321630347785966 0.00146405285337679 -0.247733151068731)
(0.570883012007945 -0.0630055215471052 -0.0073199389741583 -0.32354437304679 0.00147859558904116 -0.247313337767981)
(0.570857906089151 -0.0549245124732371 -0.00714837638761229 -0.325148280713356 0.00140744843321203 -0.245688482187392)
(0.569388641725858 -0.0458331443742715 -0.00706821639217485 -0.326496180910519 0.00127349094732979 -0.2428754201119)
(0.566554486268799 -0.0365909772354809 -0.00706285645773263 -0.327633327392517 0.00110027062311054 -0.238907800069461)
(0.562448641618237 -0.0279164503221352 -0.00711144662982561 -0.328597865404694 0.00090837127446909 -0.233840569906686)
(0.557183190142157 -0.0202821088475655 -0.00719769633549933 -0.329421729726263 0.000714901560825346 -0.227753865419141)
(0.550892623390473 -0.0139087606291469 -0.00730174298000032 -0.330130437953041 0.000532066231067348 -0.220756717659491)
(0.543733769013647 -0.0088252289033799 -0.00741035723623907 -0.330743403096738 0.000368079742636337 -0.21298653851454)
(0.535880416650247 -0.00494371664982052 -0.00751041537212441 -0.33127456570569 0.000227981456975104 -0.204603254562705)
(0.527515384807191 -0.00211609820472466 -0.00759070556653546 -0.331733274507248 0.000113943123644757 -0.195780427472277)
(0.518819965993314 -0.000174030489336017 -0.00765115690068179 -0.332125698039317 2.65766268889646e-05 -0.186693220922693)
(0.509961499743827 0.00104759612721025 -0.00768506999150728 -0.332456086363199 -3.52254988465796e-05 -0.177504799430898)
(0.501092984941409 0.0017005840360574 -0.00769537521561634 -0.332727610342114 -7.35795351057695e-05 -0.168365033658046)
(0.492333403276732 0.00191424929081403 -0.00768693245695533 -0.332943623360349 -9.1174457155015e-05 -0.159389612095071)
(0.483796999087259 0.00180059268903283 -0.00766389464720353 -0.333107298721764 -9.11751540916565e-05 -0.150689627606682)
(0.475544680410559 0.00144656293904324 -0.00763488907132701 -0.333223096996376 -7.67716116855898e-05 -0.142321563783548)
(0.467646027123305 0.000928596379075283 -0.00757795233524638 -0.333295344239064 -5.14179041962416e-05 -0.134350676265668)
(0.460268525438407 0.000326015806803143 -0.00749878392653423 -0.333328942164434 -1.89521137942271e-05 -0.126939361058831)
(0.205510243178804 0.00228844338251852 -0.00145694136811509 -0.0598520990710209 -0.000437071310511589 -0.14550536060477)
(0.201695043965831 0.006573474207352 -0.00124406255565819 -0.0600909408811173 -0.00102081650890817 -0.141563071465392)
(0.195845246725953 0.00997159282142244 -0.00029984987249362 -0.0610510753657683 -0.000734004522872458 -0.134791345966299)
(0.188619281787183 0.012175536147266 0.0019944063761167 -0.0637209282214935 0.00055608741383192 -0.124985152955838)
(0.182274320418996 0.0127558860826247 0.00503542971697089 -0.0691923033285889 0.00241034622505967 -0.113195184857624)
(0.179352121210913 0.0126555487254453 0.00894939895922249 -0.0783159567214317 0.00429612317889865 -0.101183151409407)
(0.18187682264693 0.0133030023709939 0.012706202170013 -0.0913163760811681 0.00555248426285944 -0.090662163248111)
(0.190652303857422 0.0152382416515551 0.0157071121419948 -0.107275063574392 0.00607031714223674 -0.0834149518580894)
(0.204898104945762 0.0183623103279377 0.0169898164588303 -0.124384501215519 0.0058657115679053 -0.0805417991451421)
(0.223312417130435 0.0224731306356937 0.015993784100842 -0.141351575567915 0.00482922544008403 -0.0820225283128583)
(0.244874783723116 0.0268711055749986 0.0131035711311292 -0.157663233108636 0.00278032624119897 -0.0873072098690976)
(0.268674416493271 0.0303772413623631 0.00913054286553938 -0.173341061964172 -6.34057650782023e-05 -0.0954561753712883)
(0.294159158234868 0.0321121799979241 0.00511851038549769 -0.188495948364554 -0.0031422812003461 -0.105777094673652)
(0.321069963608384 0.0316145460755605 0.00132278010374333 -0.203170750078669 -0.00594252675914121 -0.117976318627339)
(0.349023157831559 0.0284691134717517 -0.00222608559158335 -0.217418031571568 -0.00816525407643461 -0.131649725371537)
(0.377353957546928 0.0225621119536868 -0.00532344788565495 -0.231237769447206 -0.00955696802916763 -0.146149666837093)
(0.405080006624215 0.0141296444974307 -0.00786697260160979 -0.244477121582168 -0.0100254714197466 -0.160628923499445)
(0.431335522570365 0.0035942752498952 -0.00985864539065784 -0.256903446949036 -0.00964870044056194 -0.174447785100828)
(0.455555424368618 -0.00842060970994065 -0.0113274554800925 -0.268282894332202 -0.00859549463008865 -0.187278463239771)
(0.47735761550388 -0.0212082182082522 -0.0124143321662103 -0.278431623624712 -0.00711414298894899 -0.198924666395718)
(0.496570689836725 -0.0340157358934819 -0.0132432298225961 -0.287265720269183 -0.0054561337292495 -0.209297103703179)
(0.513201363526768 -0.0460373970809539 -0.0138460304611072 -0.294803800551646 -0.0038122054283802 -0.218382195179772)
(0.527372195272479 -0.0567178788275093 -0.0142015021267796 -0.301151418556061 -0.0023170321902877 -0.226200193391774)
(0.539256630665167 -0.0656985736788789 -0.0143076684595351 -0.306451897908398 -0.00104337000572466 -0.232780250143959)
(0.549043119655998 -0.0725820545228919 -0.014206742111473 -0.310860337543456 -1.44440035396116e-05 -0.238156043397152)
(0.556898073807602 -0.0769751989729757 -0.0139851353059933 -0.314525711748684 0.000773113004003692 -0.242346064204361)
(0.562952899652448 -0.078556794530046 -0.0137380334517703 -0.31757718489424 0.00133682159957911 -0.245351881716208)
(0.567311308338885 -0.0771602908787204 -0.0135400264493604 -0.320122645471019 0.00170374409963698 -0.247168703363793)
(0.570052983627157 -0.0728604408612401 -0.0134337028077873 -0.322250966723786 0.00190137003586262 -0.24778506531912)
(0.571248511398487 -0.0660320856929552 -0.0134367952046269 -0.324036683960865 0.00195581068744226 -0.24719777581491)
(0.570962061687929 -0.0573620843274088 -0.0135450139580471 -0.325539509999867 0.00189399058226213 -0.245411657130721)
(0.569264213171724 -0.0477302826782519 -0.0137422846725344 -0.32680794964353 0.0017449152243087 -0.242448133604464)
(0.566232607802059 -0.0380444162411916 -0.0140126750769885 -0.327883241303177 0.00154015933499606 -0.23834344619929)
(0.561959475247466 -0.0290251666684674 -0.0143255365364099 -0.328798628077937 0.00130556606859209 -0.233156588854005)
(0.556558818754526 -0.0211313248995987 -0.0146641697279554 -0.329583119441274 0.00106253879706489 -0.226972617544231)
(0.550164273734098 -0.0145693862524648 -0.0150048153756119 -0.33026068327013 0.000828525769534491 -0.21990146271719)
(0.542935623051945 -0.00934505801689895 -0.0153248639299576 -0.330847916493903 0.000614587161252282 -0.212086266954603)
(0.535046830626746 -0.00535495195332963 -0.0156038549341787 -0.33135745158331 0.000427201206065005 -0.203688425426352)
(0.526682191274784 -0.00244074337932715 -0.0158378617960422 -0.331797630567183 0.00027030163508523 -0.194883944259742)
(0.518007146195268 -0.000431498987435781 -0.0160139176508567 -0.332174773938261 0.00014527406520784 -0.185831988831593)
(0.509197508870142 0.000847031718760688 -0.0161406797739263 -0.332492045085061 5.15294027732701e-05 -0.176705239667858)
(0.500409369540745 0.00155067819382369 -0.016200295198809 -0.332752228329305 -1.3241800966213e-05 -0.167657018493819)
(0.491741089897918 0.00180542388784747 -0.0162387398439184 -0.332959309115533 -5.18359869045456e-05 -0.158781715589403)
(0.48328175422013 0.00172278113821256 -0.0162118442955874 -0.333116634921854 -6.75826825482119e-05 -0.150165087484115)
(0.475110617389556 0.00139458787718945 -0.0161748310078671 -0.333227854030851 -6.44514544441781e-05 -0.141882757893117)
(0.467338436991691 0.000902907747293147 -0.0161297791977242 -0.333296861359743 -4.64329602671442e-05 -0.134041559884104)
(0.459866992579166 0.000299180599374609 -0.016010103687386 -0.333329669150323 -1.68153171834269e-05 -0.126537127633843)
(0.214771785206245 0.00201881383149704 0.00973065765578155 -0.0630838312540595 -0.000620883112753923 -0.151495895194873)
(0.21230239648769 0.00634233840101174 0.00919066131325363 -0.0631993195192636 -0.0013078411305637 -0.148995686446877)
(0.208147056546735 0.0103274240932415 0.00883219455502534 -0.0633017892674067 -0.00114555490569923 -0.144859734724859)
(0.202312959953508 0.01320933316051 0.00929466166539638 -0.0644652112507896 0.00011308350802487 -0.137943322940087)
(0.196090871981668 0.0147092942444675 0.0103782940556299 -0.0676710087966342 0.00209751887934386 -0.128496782724656)
(0.191546621912944 0.0152489777917217 0.0123671280976227 -0.0739461792842239 0.00434762940808744 -0.117732846795266)
(0.190585328896528 0.0156045509898629 0.0146497878967915 -0.0841264866326103 0.00610148544246584 -0.106513392276617)
(0.195069691519106 0.0165618832578794 0.0163855621766811 -0.098006904137949 0.00710316835526456 -0.0970526435040967)
(0.205889619810182 0.0185092095204706 0.0171680467298666 -0.114320743495057 0.00726442910972314 -0.0915784350290563)
(0.22228850002396 0.0213937163867981 0.0164427566731055 -0.131686426759916 0.00641266236431425 -0.0906231816930241)
(0.242983701002389 0.0247070358406191 0.0139257270458613 -0.149143681257793 0.0043897955764957 -0.0938622604723874)
(0.266764464078148 0.0274773546238771 0.0101745348948206 -0.166386627637785 0.00135266912879597 -0.100392629080952)
(0.292922631180711 0.0289423142705416 0.00601598431870737 -0.183392708407544 -0.00215613543281139 -0.109536782765312)
(0.320663684516451 0.0285141489798294 0.00190785152811699 -0.199868210998181 -0.00557585711967322 -0.120820838440891)
(0.34921329070908 0.025590358852139 -0.00189537693085197 -0.215660486003975 -0.00843475278161123 -0.133596692384784)
(0.377919897855714 0.0198897939449981 -0.00517581704010217 -0.230747515322434 -0.01037593374298 -0.147217778564069)
(0.405943230187787 0.011556982775126 -0.00779454388496101 -0.244995860536779 -0.0111929387307887 -0.160990161043475)
(0.432516648002662 0.00106629947389184 -0.00979607904266914 -0.258191927775925 -0.0109618156518928 -0.174361127585021)
(0.457029535481006 -0.0109620202765634 -0.0113623092497786 -0.270118145690489 -0.0099439128019876 -0.186940338481417)
(0.479068457193414 -0.0238717583686203 -0.0126849374235372 -0.280609591373489 -0.00843676585950813 -0.198481651802796)
(0.498467636722743 -0.0368832631700299 -0.0138962703436724 -0.289603982928036 -0.00669177911910856 -0.208880282726096)
(0.515228217675747 -0.049216009690651 -0.0149767172412995 -0.297159721567338 -0.00491388405006628 -0.218080451840737)
(0.529439257508238 -0.0603144380452762 -0.0158560743390339 -0.303410907770229 -0.00324821982089263 -0.226036136565255)
(0.541259503734711 -0.0697123989069268 -0.0165072034946255 -0.308532399370467 -0.00178104100159181 -0.232730775158806)
(0.550877002585423 -0.0769260827905566 -0.0169707289640694 -0.312710409451694 -0.000553329197597245 -0.238168199793378)
(0.558479348303646 -0.081521119110939 -0.0173133275339062 -0.316116911538382 0.000429618902651767 -0.242360438030204)
(0.564227721334215 -0.0831298250527648 -0.0176063640064887 -0.318909095087355 0.00116846843426865 -0.245315604074121)
(0.568259258064932 -0.081559018184366 -0.0179151423242103 -0.321213004628692 0.00168353083936453 -0.247042602379861)
(0.570677616763639 -0.0769168468356876 -0.0182801179080222 -0.323128144867846 0.00199813265016067 -0.247544854085925)
(0.571567079445646 -0.0696081980734362 -0.018724306883409 -0.324732722366068 0.00213433207011307 -0.246829649390214)
(0.571004688474021 -0.0603864340413703 -0.0192521021104425 -0.326086478998016 0.00212199239468283 -0.244913612880469)
(0.569064395408845 -0.0502100163514475 -0.0198540279298309 -0.327235492506754 0.00199458352411838 -0.241824917337792)
(0.565828844118111 -0.040028165172331 -0.0205131526519632 -0.328216007543989 0.00178838667142456 -0.237609356746426)
(0.561396188891954 -0.0305886437665794 -0.0212052210857853 -0.329057692389032 0.00153608502787236 -0.232335700329916)
(0.555883418115461 -0.0223556656548455 -0.0219047636150451 -0.329785395206112 0.00126590115902651 -0.226095912062585)
(0.549428797438863 -0.0155223696696994 -0.0225837411203093 -0.330418186150884 0.000999889735226522 -0.219009073720579)
(0.542192168252652 -0.0100833362437256 -0.0232128265593595 -0.330970185435839 0.000752506706734033 -0.211220903933999)
(0.534342691897379 -0.00592474477031351 -0.0237738534467008 -0.33145181381379 0.000533355142599913 -0.202890137189081)
(0.526061092540069 -0.002877178672702 -0.0242546295419049 -0.331869571555463 0.000347955576020166 -0.194191038234512)
(0.517514121516992 -0.000759790877945401 -0.0246455882555106 -0.332228099948494 0.000198485640359069 -0.185285727937258)
(0.50886633316179 0.000605916657843856 -0.0249416953509803 -0.33253008723769 8.46142834142985e-05 -0.176336068079167)
(0.500238247726283 0.00137313021024038 -0.0251634787406977 -0.332778862133414 4.52898384018355e-06 -0.167459288901954)
(0.491758201636066 0.00168125213725844 -0.0253153731170947 -0.33297655202513 -4.48697807176196e-05 -0.158781601703073)
(0.483527401853646 0.00164498736730825 -0.0253896581268823 -0.333126106102563 -6.77388067657684e-05 -0.150401273087817)
(0.475567058263431 0.00134897937885831 -0.0254571698908427 -0.333232340310339 -6.79275667629749e-05 -0.142334713550459)
(0.467984995876306 0.000879316046179098 -0.0254878675623663 -0.33329839309539 -5.01519124589812e-05 -0.134686596086785)
(0.460853872308794 0.000309563771704169 -0.0253245799803985 -0.333329278514524 -1.95521325744879e-05 -0.127524263820544)
(0.224719149024683 0.00166912615688967 0.0196590191787745 -0.0678913545844385 -0.000824779110307782 -0.156558585023697)
(0.223327042343681 0.00523474766229611 0.0186735365426631 -0.0676157507046552 -0.00168428957028095 -0.155568143788509)
(0.220878549191061 0.00909783298107077 0.0176701629718937 -0.0671842867783336 -0.00161649463560595 -0.153662804893015)
(0.217008822269644 0.0123856665958658 0.0169183110839301 -0.0676362089068422 -0.000527785999895635 -0.149489818923964)
(0.212333126033893 0.0144768767580718 0.0168373032197969 -0.069786971453346 0.00137914115836689 -0.142653439201235)
(0.207706225337345 0.0155838062614354 0.0173883653047889 -0.0741647269781743 0.00366110660814427 -0.133717965971839)
(0.2046855618404 0.0161222979423884 0.017979010830849 -0.0815373635069983 0.00566059768218998 -0.123241482838546)
(0.205559810439925 0.0168056369121023 0.0179141728473788 -0.0924025401312402 0.00700529335524566 -0.113133821133942)
(0.212354179051298 0.0179022563179001 0.0174079482659028 -0.10648371472607 0.00748364273679545 -0.105797527059519)
(0.225439465902412 0.0195420800607527 0.016250603925713 -0.122936013205161 0.00686836071457073 -0.102440832959807)
(0.24390807116387 0.0215860363138679 0.0137984363060484 -0.140756062045043 0.00493769107613172 -0.103108737567597)
(0.266374531319357 0.0233770929663925 0.0103487791462624 -0.159092569721456 0.00179487258858398 -0.107263829866427)
(0.291990464538279 0.0241482592655281 0.00630006963530668 -0.1774552060718 -0.00207078714511195 -0.114533580072311)
(0.319719558470586 0.023246798699632 0.0021122113143483 -0.195464137791967 -0.00604716768383809 -0.124255265698652)
(0.348490063012662 0.0201117289935217 -0.00174656973686007 -0.212864033359485 -0.00948322280017132 -0.13563527005794)
(0.377431081980954 0.014441107325542 -0.00505541575692901 -0.229422589127749 -0.0118984583535183 -0.148030278386745)
(0.405750306561686 0.00628543566635938 -0.00768619867584858 -0.244925406824947 -0.0130494193569508 -0.160859966923109)
(0.432649013146468 -0.00390954472374898 -0.00972869635654018 -0.259129194135314 -0.0129929130305712 -0.173564348414973)
(0.457443985850269 -0.0155901749568883 -0.0114181637400431 -0.271783002658308 -0.0120094966774929 -0.185710678524768)
(0.479736802017262 -0.0281965234605496 -0.0129999715983073 -0.28273014550379 -0.0104339743985071 -0.197057281569974)
(0.499357422734422 -0.0410269449713457 -0.0145687279897813 -0.29195155127493 -0.00856609264531269 -0.207453867624761)
(0.516266684065068 -0.0533864051304909 -0.0160618019542587 -0.299548393721988 -0.00663900053773267 -0.216760964845894)
(0.530545944159426 -0.0646574715819446 -0.0173968316729689 -0.305709009620464 -0.00481114712126321 -0.224872474544472)
(0.542364169701518 -0.074237141389986 -0.0185472727237023 -0.310654745666412 -0.00316693452873701 -0.231738713779842)
(0.55192986004933 -0.0815651407308699 -0.0195423271001912 -0.314606915373888 -0.00174387598529701 -0.237344959266144)
(0.559443690571283 -0.0861433672847882 -0.0204376486891046 -0.317770642958801 -0.000555315875713081 -0.241687826288054)
(0.565073575793865 -0.0875905425078559 -0.0212873152266707 -0.32032089642355 0.000395731286584228 -0.244763009205775)
(0.5689559102539 -0.0857282271815308 -0.0221395952656337 -0.322397480124037 0.00111535940112505 -0.246564360378183)
(0.571202219555235 -0.0806700843792764 -0.0230223193905152 -0.324108231597359 0.00161229076572534 -0.247096658675822)
(0.5719081944908 -0.0728722360361208 -0.0239464075500674 -0.32553471840315 0.00190168862441749 -0.246373866980133)
(0.571160560066304 -0.0631379032796199 -0.0249135907884605 -0.326737160203804 0.00200828420414494 -0.244422491599341)
(0.569044411837817 -0.0524686394550005 -0.0259137629650033 -0.327760001330054 0.00196635600364507 -0.241282946156513)
(0.565651744435178 -0.0418471658353709 -0.0269321645464252 -0.328637032290921 0.00181568961019564 -0.237013083194763)
(0.561088148737813 -0.0320380848117061 -0.02794865038005 -0.329394788287794 0.00159563901281072 -0.231691919526314)
(0.555478092871076 -0.0235018539251744 -0.0289400107531576 -0.330054174185327 0.00134037182776002 -0.225422730909819)
(0.548965114245944 -0.0164225989008959 -0.0298800603526733 -0.330631343320551 0.00107701363853704 -0.218332817655137)
(0.541713678985367 -0.010785921713219 -0.0307463394027154 -0.331137966360797 0.000824559480966695 -0.210574979228891)
(0.533896140846388 -0.00646765520630102 -0.0315173525683939 -0.331582233295965 0.000595938283418364 -0.202313384731316)
(0.525686569220354 -0.00329265914428672 -0.0321794153418074 -0.331969334868354 0.000399173621987535 -0.193716889198591)
(0.517257219014095 -0.00107018103522515 -0.0327235303845052 -0.332302258850669 0.000238042303096485 -0.184954735303471)
(0.508752654249851 0.000377342245559224 -0.033156874597807 -0.332583691092113 0.000113430736551401 -0.176168827058535)
(0.50030495886814 0.00121215738861543 -0.0334831808335767 -0.332815481566503 2.40677090470873e-05 -0.16748939695509)
(0.492018151497341 0.00157184504208276 -0.0337257932219654 -0.333000054553305 -3.29379451408003e-05 -0.159018053976205)
(0.483971984448599 0.00157167120272414 -0.033882088169096 -0.333140143900617 -6.12462162441687e-05 -0.150831825641042)
(0.476220356460898 0.00130535734828914 -0.0339794605790783 -0.333239264897627 -6.51819975508562e-05 -0.142981095043755)
(0.468846133764258 0.000856780321337195 -0.0340252908570632 -0.333300892547884 -4.94662043956394e-05 -0.135545243680444)
(0.461940484715699 0.000301519560465589 -0.0340372007073894 -0.333329681750267 -1.93552492167993e-05 -0.128610631705405)
(0.236528060233118 0.0013225176254891 0.0274494523230883 -0.0744296571165958 -0.000989985382528479 -0.161767343425281)
(0.23595796619373 0.00394910998394665 0.0265775050630198 -0.0737482589947196 -0.00217402189333396 -0.162079624954967)
(0.23481483115684 0.0070670104582966 0.0252717775112793 -0.0729104569207606 -0.0023597153926968 -0.161845790337466)
(0.232881092290556 0.0101998198243046 0.0240128760937993 -0.073039968476923 -0.00149948548236211 -0.159929625951043)
(0.230334174046208 0.0123069969148294 0.0235382350158353 -0.074761540600681 0.000142223170934152 -0.155724721521169)
(0.226714695017298 0.0137750829006554 0.0232102190095378 -0.0780280960890739 0.00217814420022012 -0.148813727641433)
(0.223134308533723 0.0148702144070601 0.022347055646803 -0.0831600042702583 0.00420370813064866 -0.140077447998916)
(0.22171766881403 0.015775938562696 0.0205407519945361 -0.0910974109360147 0.00577924434308011 -0.130608668997944)
(0.224929710397142 0.0164451525058854 0.0183645433842603 -0.10242715291821 0.00650649385466878 -0.122451334675923)
(0.234169975651611 0.017056059092087 0.0159645274772282 -0.116908449517561 0.00609504340050674 -0.11720611865526)
(0.249314128750541 0.0178003042969703 0.01298206650127 -0.133864353636683 0.00427062057764313 -0.115404701532956)
(0.269197582882322 0.0183494688836397 0.00938243365884965 -0.152264718612812 0.00106783304705224 -0.1168974886636)
(0.29301811366906 0.0180252355201476 0.00536175454367145 -0.171332302725539 -0.00306476240885722 -0.121667312360651)
(0.319752912080091 0.0162757599439566 0.00129091566739759 -0.190538253942036 -0.00745963838539796 -0.12920629977352)
(0.348115916385477 0.0126352594924548 -0.00239094380912066 -0.209415570424933 -0.0113860227800636 -0.138705650662879)
(0.376992444143803 0.00675329946169222 -0.00551680205747308 -0.227504825565678 -0.0142382896112091 -0.149502732267997)
(0.405490518101168 -0.00130660606867897 -0.00807470777794107 -0.244403676387451 -0.0157076705369389 -0.161115407569875)
(0.432667596469262 -0.0111580834228129 -0.0102350605069171 -0.259743611346166 -0.0158538597825256 -0.172966859219359)
(0.457794900955203 -0.0223620129088709 -0.0122068973144255 -0.273231064099776 -0.0149408764461369 -0.184618211956082)
(0.480439194301745 -0.0344102451003735 -0.0141399328490251 -0.284720847476066 -0.0133167689078376 -0.195780572290994)
(0.500364225641578 -0.0466918280276127 -0.0160587569418118 -0.294231256287603 -0.0113310645592902 -0.206196587916691)
(0.517497901465924 -0.0586119652743239 -0.0178969786701921 -0.3019220916307 -0.00924953724420836 -0.215635918156369)
(0.531924026295987 -0.0695520433459269 -0.0195952261341121 -0.308033042343805 -0.00723192209712533 -0.223946445652209)
(0.543829923156072 -0.078876258881922 -0.0211578035318276 -0.312831993817443 -0.00536041319953521 -0.231046557475663)
(0.553432818484365 -0.0859809839045481 -0.0226145951703115 -0.316579921509267 -0.00367912555379122 -0.2368928002306)
(0.560930264448873 -0.0903243096139979 -0.0239947593153207 -0.319510744264632 -0.00221660820190814 -0.241450584181945)
(0.566488188373605 -0.0914977852554992 -0.0253289360908912 -0.321819745128477 -0.000989516490707804 -0.244691277582081)
(0.570248334031308 -0.0893213689630244 -0.0266469975225349 -0.323663029691944 -7.31523151637141e-06 -0.246600180345428)
(0.572332410203867 -0.0838918070195177 -0.027958672179738 -0.325158459709319 0.000726987133330028 -0.247182695211226)
(0.572851758583083 -0.0756849380030829 -0.0292698403043662 -0.326394082860975 0.00122090140215091 -0.24646198169218)
(0.571906832306921 -0.0655276354239108 -0.0305787233904787 -0.327432228686723 0.00149557894123318 -0.244476034800216)
(0.569598090964468 -0.0544469935437974 -0.0318786570746111 -0.328317488708166 0.00158518343962865 -0.241280365587129)
(0.566030525932768 -0.043449270335027 -0.0331597201550925 -0.329081636407342 0.00153323943371547 -0.236947903037841)
(0.561321167548046 -0.0333135825893845 -0.034409217902939 -0.329748226920163 0.00138476372082733 -0.231571676438704)
(0.555603796436685 -0.0245018301809749 -0.0356062629182723 -0.330334224593075 0.00118002950838618 -0.225268354273755)
(0.549028210450439 -0.0171959704539689 -0.0367297460590144 -0.330852392289641 0.000951551878630733 -0.218174774049252)
(0.541761203175467 -0.0113764542146714 -0.0377563247304593 -0.331311262714379 0.000723320923122985 -0.210449130470468)
(0.533976763215657 -0.00691109231111253 -0.0386673587348715 -0.331716510804394 0.000511661274789249 -0.202259679054734)
(0.525842944639918 -0.00361970568597297 -0.0394494466131174 -0.332071661124037 0.000327357902851605 -0.193770890523615)
(0.517525429677707 -0.00130654173225308 -0.0400977536895618 -0.332378488200792 0.00017613141636684 -0.185146692528198)
(0.509167637506798 0.000212651657957317 -0.0406144511628798 -0.332638436627832 6.0083424992044e-05 -0.176529049441203)
(0.500892652654519 0.00110252522592971 -0.0410112875979845 -0.33285294193912 -2.13436305218227e-05 -0.168039628658466)
(0.492796772915924 0.00150372964595161 -0.041299167561078 -0.333023884297775 -7.04688213649314e-05 -0.159772845443139)
(0.484951175584474 0.00153300685517621 -0.0415001847634081 -0.333153848389024 -9.08669566209594e-05 -0.151797309489048)
(0.477404291156249 0.00128647326216221 -0.0416300141673595 -0.333245878679771 -8.6620662395292e-05 -0.14415841287789)
(0.470243183479223 0.000851641158296774 -0.0416784244471632 -0.333302990774064 -6.25049547885724e-05 -0.136940175459083)
(0.463435965856085 0.000292047363032042 -0.0416899728654931 -0.333330003127994 -2.32366066967113e-05 -0.13010584344514)
(0.250815322046752 0.00101506640595656 0.0328500363090314 -0.0826406217047644 -0.00113326743144898 -0.16782149814185)
(0.25096306421543 0.00293027407256731 0.0323249502785632 -0.0818448167229405 -0.00280616740351673 -0.168950394475308)
(0.250677837471167 0.0050383920345404 0.0309607829081246 -0.0806855950102254 -0.00331628583129038 -0.169972857391755)
(0.250448754898029 0.00734196962503798 0.0298529278357157 -0.0806427826997834 -0.00285975195390593 -0.169863096374591)
(0.249832235922497 0.00917765559365689 0.0293994217018713 -0.0820701501820549 -0.00151525360210661 -0.167945355503982)
(0.247755467828211 0.0106635982409255 0.028587708065367 -0.0846473924027454 0.00013174009606248 -0.163194223526791)
(0.244650098227703 0.0121037619338702 0.0267525922394535 -0.0882155886858276 0.00194726091620619 -0.156535764677693)
(0.242327936377949 0.0133283190485954 0.0236400341971496 -0.0938544503511783 0.0034959106113788 -0.148484680694464)
(0.24313019360716 0.0139600670761599 0.0199435243013587 -0.102506341194014 0.00429720756440071 -0.140596086628833)
(0.248964281131391 0.0141125436328279 0.016025540666726 -0.114497376075951 0.00401373067896146 -0.134430287051787)
(0.260256444287438 0.013854720027088 0.0118749232342359 -0.129489021626172 0.00228366066905623 -0.130737675394517)
(0.276743442457385 0.0129921907808612 0.00764490125820018 -0.146933488308428 -0.000934401493730809 -0.129791414136278)
(0.297910740596741 0.0112403157072609 0.00337520766912963 -0.166065568369933 -0.00518560807154442 -0.131841391873453)
(0.3227700173403 0.00829729061782434 -0.000728845478998178 -0.185987735361371 -0.00982223181654025 -0.136803673067135)
(0.34996810610053 0.0037684312920177 -0.00435397811655647 -0.205974837242811 -0.014089791139754 -0.144026640515693)
(0.378207120936349 -0.00263908823415751 -0.00744739953286435 -0.225375294528285 -0.0173157580142138 -0.152869545905944)
(0.406416596707045 -0.0108103619881279 -0.0100671017502716 -0.243540048377994 -0.0191293184139815 -0.162915029208651)
(0.433542043713284 -0.0204345093663607 -0.0123813777680439 -0.259924767517903 -0.0195211640306593 -0.173658579326464)
(0.458789507661484 -0.031129185392968 -0.0145554497117754 -0.274197671748467 -0.0187338702853241 -0.184636991465107)
(0.481629836568731 -0.042449620195698 -0.0166741151017632 -0.286223606289001 -0.017119064743231 -0.195456600558845)
(0.501768431152777 -0.0539417532565478 -0.018752734852279 -0.296056549381215 -0.0150319622753942 -0.205765619601803)
(0.519113050049896 -0.0650807092617346 -0.0207694065815816 -0.303898459632758 -0.0127548684984046 -0.215269518320768)
(0.533735258178661 -0.0752593694980695 -0.0226785868844211 -0.310027796920474 -0.0104697586292666 -0.223760504752367)
(0.545809572641573 -0.0838822455184071 -0.0244983158802352 -0.314754200937314 -0.00828511197477976 -0.231102440158835)
(0.555526223458017 -0.0903513236507098 -0.0262375469442404 -0.318372267086707 -0.00626960970791486 -0.237194737791638)
(0.563065870390388 -0.0941279962292639 -0.0279332738042756 -0.321138787508942 -0.0044686000997514 -0.24196124609324)
(0.568593403615203 -0.0948320375762398 -0.0296063405441988 -0.323265749974938 -0.00290951038956388 -0.245354360405615)
(0.572255053020038 -0.0922299826449765 -0.0312634747929247 -0.324920060519641 -0.00161563588863865 -0.247354467578291)
(0.574187641222276 -0.0864040983835042 -0.0329051048737267 -0.326231621653364 -0.000599531006049513 -0.247969789246437)
(0.574513891872977 -0.0778445544263034 -0.0345223610790509 -0.327293350365329 0.000143027424526873 -0.247229472346336)
(0.573352164953345 -0.0673626423714003 -0.0361040585776273 -0.328173396082769 0.000628273239341636 -0.245183862668333)
(0.57081960029291 -0.0559839335827072 -0.0376391873831003 -0.328920286250268 0.000890519060937166 -0.241902258963447)
(0.56703722670496 -0.0447216816246159 -0.0391163749148101 -0.329566143691827 0.000978204710224925 -0.237472491650915)
(0.562137804879065 -0.0343540615036616 -0.0405235728661474 -0.33013351812352 0.00094031540463306 -0.232004667728022)
(0.556267741171288 -0.0253403507492534 -0.0418459209807068 -0.330637967905013 0.000821675800347817 -0.225629630319435)
(0.549583631619338 -0.0178661415242172 -0.0430713299912125 -0.331090254408717 0.00066012215004722 -0.218493093030029)
(0.542255856291375 -0.0119069072778946 -0.0441747420511044 -0.331495591932794 0.000484971946224173 -0.210760046978951)
(0.534457666279917 -0.00732812645363857 -0.0451468779998965 -0.331857593496837 0.000315776905931964 -0.202599848750496)
(0.526367821260656 -0.00393883484863461 -0.0459725418342471 -0.332177173034232 0.000165660472836328 -0.194190468986008)
(0.518129811079643 -0.0015484269055602 -0.0466619964383032 -0.332455824355328 4.23293796758257e-05 -0.185673842068709)
(0.509892267030004 3.4790795014776e-05 -0.0472129379237709 -0.332693126294893 -5.0121398164133e-05 -0.177199060617554)
(0.501752886498264 0.000973565795900375 -0.0476336472088353 -0.332890095086326 -0.000110659907470198 -0.168862748393048)
(0.493823495870445 0.00141506718683768 -0.0479471345329333 -0.333047415016648 -0.000141250410266449 -0.160776060189028)
(0.486177698875757 0.00147925475758378 -0.0481496950829915 -0.333166878478525 -0.000144457747177664 -0.15301081112115)
(0.478846664251499 0.00126000925436851 -0.0482746152423826 -0.333251685817047 -0.000124256647109044 -0.145594975277046)
(0.471795726977971 0.000830159688887908 -0.048368296039166 -0.333305506543386 -8.4338132358126e-05 -0.138490228533198)
(0.465218544481451 0.00028707094408233 -0.0483964238887082 -0.33333027802603 -3.06885295460817e-05 -0.131888156803685)
(0.267824517230519 0.000686845702444389 0.0358339876164404 -0.0923980264631977 -0.0013361360123564 -0.175062624761155)
(0.268633147129873 0.00197224871870823 0.0354599307917631 -0.0917181085630424 -0.00351110808078379 -0.176713338069804)
(0.26891098768797 0.00317021423642636 0.0343117128937329 -0.0903044040220059 -0.00452007548060265 -0.178612953869162)
(0.270180459004192 0.00428236892644415 0.0337126356067962 -0.0902197446360706 -0.00451934337988615 -0.180007002504701)
(0.270958928901488 0.00575861880545304 0.0334395270623468 -0.0913655090789631 -0.00349634274444104 -0.179763504989131)
(0.270451715351421 0.00714693042204887 0.0324870083919318 -0.0934966298498527 -0.00219877660012523 -0.177028023418964)
(0.268392336008497 0.00864305964698 0.0301049916333883 -0.0960555834843698 -0.000710340295498973 -0.172413715919864)
(0.266082129068559 0.00987483903832943 0.0262166816065933 -0.0999909619167847 0.000544906509021814 -0.166124320301709)
(0.265717226172336 0.0105068381222572 0.0214756584792865 -0.106421576501641 0.00110537980093827 -0.159290650460174)
(0.268997596478064 0.0104930254749752 0.01623471303435 -0.115805687617186 0.000734131605455275 -0.153174283203773)
(0.276763047724731 0.00962970051339534 0.0106287541522863 -0.128298891336094 -0.00100066162274788 -0.148461374085512)
(0.289603777955389 0.00763477589566462 0.00529193058029198 -0.143979320696701 -0.00414495688153592 -0.145649747619339)
(0.307513735389116 0.00450116832067931 0.000408240048384562 -0.162280262958569 -0.0083615171521607 -0.145272865184435)
(0.329725459954662 0.000150355481989184 -0.00407931396833219 -0.182161766009349 -0.0131028041563204 -0.147617090012128)
(0.354952984617011 -0.00565244567889716 -0.00804920269126525 -0.20269414893757 -0.0176012085105478 -0.152313956186951)
(0.381872494809386 -0.0129852738289931 -0.0114398707467843 -0.222998644069211 -0.0211233189743 -0.158923950487559)
(0.409199622800768 -0.0216356013446781 -0.0142955372566074 -0.24216876509541 -0.0232664971480965 -0.167074793281843)
(0.435773199814134 -0.0313160583338577 -0.016793261314042 -0.259469341815056 -0.0239538179637345 -0.176350446588801)
(0.46074510436778 -0.0417299470400025 -0.0190507851139585 -0.274482506695828 -0.023329624125152 -0.186311216121272)
(0.483537781135409 -0.0524791702409357 -0.0211318141644315 -0.287065545399335 -0.0217076726923509 -0.196520583653792)
(0.503781746496067 -0.0631379483404958 -0.0230917771070856 -0.297282367183216 -0.0194598224856876 -0.206546340480525)
(0.521317952915417 -0.0732214550172329 -0.0249806328501688 -0.305352612786075 -0.0169117547017354 -0.216010363744208)
(0.536163964595864 -0.0786473730206055 -0.0268218466095083 -0.311440195001058 -0.014106805535661 -0.224765478402055)
(0.548430933144705 -0.0844717995572175 -0.0286110689541288 -0.3161570950042 -0.0115263792110868 -0.232313279915105)
(0.558265803633814 -0.0905220744453816 -0.0303768227835868 -0.319773386763805 -0.00920515459626197 -0.238529927660365)
(0.565834548033844 -0.096681037103907 -0.0321524186909924 -0.322526774511543 -0.00714270257812192 -0.243341815987745)
(0.571308767529326 -0.0975131465927001 -0.0339562162147433 -0.324537926143459 -0.00525190679992761 -0.246798107252174)
(0.574853744042115 -0.0943469263091968 -0.0357764659176429 -0.326045488742632 -0.00363263461023066 -0.24883005311748)
(0.576620446875316 -0.0880503801218969 -0.037609599755776 -0.327203739378128 -0.00232018053620391 -0.249433044844657)
(0.576754634406023 -0.0791055085064736 -0.0394236061471419 -0.328116529300301 -0.00131660099802068 -0.24864953763219)
(0.575389123144818 -0.0683291882840022 -0.0411959831221557 -0.328858006872473 -0.000605060824462674 -0.246538716475119)
(0.572655074226795 -0.0567314534723891 -0.0429076959246681 -0.329480369306499 -0.000149505173741063 -0.24317935744171)
(0.568684350918619 -0.0453074107805324 -0.0445431606691184 -0.330019085881836 9.97197100971694e-05 -0.238668094960459)
(0.563615880123955 -0.0348159990349669 -0.0460851478142182 -0.330496060142453 0.000197674445892359 -0.233121616451647)
(0.557603018061726 -0.0257105337658917 -0.0475205380619351 -0.330925082838076 0.00019430519960501 -0.226678661078237)
(0.550811213157203 -0.0181627448416966 -0.0488405144442444 -0.331315634971783 0.000129166909479209 -0.219496013496895)
(0.543410633632218 -0.0121433931528526 -0.0500183982807215 -0.331670386494503 3.7484931075301e-05 -0.211740447312685)
(0.535588242071206 -0.00751140563970741 -0.0510553043279493 -0.331991036899719 -6.11899671315117e-05 -0.203597227235824)
(0.527495788196118 -0.00408377643933113 -0.0519378883134629 -0.332277791993558 -0.000149049250861884 -0.195218018995236)
(0.519305680968982 -0.00165675666720757 -0.052672341758591 -0.332529266860274 -0.000217917331191789 -0.186776408556141)
(0.511137896990347 -4.51224446468533e-05 -0.0532604073085341 -0.332745055483526 -0.000261986974582004 -0.178392845418586)
(0.503097574414301 0.000917130761517108 -0.0537203740503229 -0.332925083825705 -0.000279746667418214 -0.170172489353293)
(0.495296197074985 0.00137941137298269 -0.0540616537937196 -0.33306920681982 -0.000272222123194307 -0.162226986667869)
(0.487761407246138 0.00145419276215953 -0.054296812349229 -0.333179566504563 -0.000240920102054013 -0.154581840304122)
(0.480527881597725 0.00123966032266482 -0.0544469611330837 -0.333258306390479 -0.000189288940574258 -0.147269571673834)
(0.473752629361293 0.000833464900939137 -0.0545712135252398 -0.33330703851053 -0.000123126968393116 -0.140445574681997)
(0.467259781128421 0.000286437860328898 -0.0546211028539246 -0.33333048460508 -4.3242936891924e-05 -0.133929235578881)
(0.287708328481065 0.000303716732677407 0.0363288487336902 -0.103645309690639 -0.00162575105544453 -0.183715318261289)
(0.288921819295792 0.00106830121310141 0.0359911667087894 -0.102993498793559 -0.00416984887955754 -0.185724858198614)
(0.289765914575053 0.00128471409331453 0.0352134238618296 -0.101556303614688 -0.00575192191145661 -0.188202589094855)
(0.292076926850005 0.00140398939815169 0.0350552078508442 -0.10144610458882 -0.00618925840468521 -0.190675147348084)
(0.29406776128331 0.00243127092990887 0.0350030906013116 -0.102576234240869 -0.00556730816142828 -0.191621576769099)
(0.294921555592951 0.00363786586830031 0.0341595350403513 -0.10449080127313 -0.00456937321591817 -0.190489889229938)
(0.294083612838463 0.00498979204916089 0.0316604605292328 -0.106421197174025 -0.00353056581285389 -0.187717445915262)
(0.292257507220572 0.00613804150309879 0.0274285794216276 -0.109030864536324 -0.00277433788893535 -0.18327460692257)
(0.291417351141572 0.00671248100910263 0.0220450498829526 -0.113515167592989 -0.00267343613016315 -0.177916285596608)
(0.293021253970128 0.00653376777440619 0.0157699465091731 -0.120476491430701 -0.00342555847368508 -0.17255617864696)
(0.29814984905931 0.0052387323447857 0.008807913678766 -0.130430486882268 -0.00530944709184909 -0.167754682319167)
(0.307681103376552 0.00260260096242979 0.00214042010731921 -0.143774836871789 -0.0083961492831728 -0.163954905833809)
(0.321979574631555 -0.00159283720422377 -0.00384927019760039 -0.160285468569431 -0.0125158221085035 -0.161756493733189)
(0.340898819373481 -0.00747197930732929 -0.00921867534858959 -0.179250501181018 -0.0172531372948063 -0.161725255083774)
(0.363426891384865 -0.0148392802706739 -0.0139593034198138 -0.199644659557422 -0.0218716045168567 -0.163864395147687)
(0.388227347312406 -0.0234820615769702 -0.01789703549784 -0.220286521317702 -0.025619617233432 -0.168011041755111)
(0.413970195610952 -0.0331596587948781 -0.0210909085666189 -0.240047730641987 -0.0280403449242103 -0.173976088638253)
(0.439486698286533 -0.0435046883140818 -0.0237176779404992 -0.258060585304014 -0.0289502940042784 -0.181468147761196)
(0.463843844181184 -0.0541238523728131 -0.0258973350822532 -0.273791868081739 -0.0284213387081386 -0.190087666712336)
(0.486351240453999 -0.0645590720570933 -0.0277622033829544 -0.287002515490378 -0.0267440387771345 -0.199383590118925)
(0.506542420604519 -0.0714782811843286 -0.0292568559948938 -0.297515878131673 -0.0240992581202375 -0.209063082591821)
(0.524167741828051 -0.0749295257500351 -0.0305389582228059 -0.305655570451727 -0.0209590340967978 -0.218550059488391)
(0.539164842596456 -0.0794246625482787 -0.0319116659767112 -0.312033416407992 -0.0179090920480382 -0.227169371233989)
(0.551575753711408 -0.0846432138981527 -0.0333682676974328 -0.316937958473151 -0.0150523715153332 -0.23467461609114)
(0.561511025343146 -0.0903249100464001 -0.0349417343476103 -0.320660832778967 -0.0124373933436561 -0.240883931038208)
(0.569115262867997 -0.0962118325597145 -0.0366429181459418 -0.323462700228974 -0.0100761357259485 -0.245682939524416)
(0.574553378033661 -0.0995347404128709 -0.0384115526143515 -0.325512765561429 -0.00792392684903853 -0.24906715321108)
(0.578003046631091 -0.0955895790223743 -0.0401469068827773 -0.326942014924764 -0.00597575972923652 -0.251082341699781)
(0.579634551500094 -0.0886603991377979 -0.0419350037338642 -0.328003485873089 -0.00436280662968953 -0.251647637499228)
(0.579612470386852 -0.0792479017084242 -0.0437435234305228 -0.328811690882578 -0.00309048186043822 -0.250812947144501)
(0.578085073358624 -0.0681841068200687 -0.0455340696647759 -0.329448713890946 -0.00214237630175058 -0.24864535632309)
(0.575192643956839 -0.056435848743487 -0.0472785553418276 -0.329971401688562 -0.00147954105839708 -0.245227459813108)
(0.57107792517328 -0.044959982763126 -0.0489579601813476 -0.330419695385904 -0.00105066030581035 -0.240662032896847)
(0.56588500778121 -0.0344771352305046 -0.0505509712913841 -0.330818489846116 -0.000797310764579571 -0.23506903550342)
(0.559771719405098 -0.025401068126772 -0.0520380441973171 -0.331181454910154 -0.000666233838424917 -0.22859196218762)
(0.552900980926621 -0.017893193511201 -0.0534071202950561 -0.33151637396029 -0.000611269909996295 -0.221385671897863)
(0.545455789918043 -0.0119131594738029 -0.0546401977007632 -0.331825497873209 -0.000599024123430434 -0.21363083695566)
(0.537610425738436 -0.00731699754094635 -0.0557296021531435 -0.332109237581477 -0.000604733967882267 -0.205501593601)
(0.529530669353627 -0.00391800815909849 -0.0566654789105987 -0.3323656715886 -0.000609378739013576 -0.197165262474908)
(0.52136837006025 -0.00151916476504412 -0.0574554909549973 -0.332593197797281 -0.000603281733412277 -0.188775329970774)
(0.513251712121352 6.78677300643845e-05 -0.0581004618734325 -0.332789970808036 -0.000579381579104693 -0.180461826501195)
(0.505281194223645 0.00100780600122264 -0.0586213795308492 -0.332955338078673 -0.000536032267079144 -0.172325894959253)
(0.497568717803581 0.00145074877164556 -0.0590218427508599 -0.33308832331304 -0.000472989631929733 -0.164480416911513)
(0.49013838714607 0.00150790270716078 -0.0593181756569371 -0.333190503401458 -0.000390775943662205 -0.156947897941267)
(0.483035689175676 0.00127890355066071 -0.0595300822455506 -0.333263421807963 -0.000292495540675682 -0.149772267933493)
(0.476320067434869 0.000851351403112822 -0.0596575062591779 -0.333309083537606 -0.00018187056069036 -0.143010965740441)
(0.469943563318804 0.000288158368609548 -0.059753507217074 -0.333330830938859 -6.17502584160087e-05 -0.136612613184142)
(0.310125295874592 2.80392659850865e-05 0.0344797285421239 -0.115963143120543 -0.00179040834035085 -0.193877053222854)
(0.311622720971976 0.000176969417753079 0.0342252777585482 -0.115429280294302 -0.00466450372199855 -0.196006966612001)
(0.313048764864022 -0.000379209266555706 0.0336639933488621 -0.114218258917567 -0.00665738152696452 -0.198805572619201)
(0.315982932145243 -0.00105657800707758 0.0336637544845316 -0.114157031194342 -0.0075435445436689 -0.20186871636894)
(0.319079958979433 -0.000666151099880603 0.0337564554910941 -0.115474125898646 -0.00736852536990706 -0.203696960029241)
(0.321043381608851 0.000242220799440352 0.0331317336253616 -0.117264815097667 -0.00675183731219442 -0.203826783069732)
(0.321298036126005 0.00147141722929605 0.0308269238261978 -0.11870941497879 -0.00620674590528757 -0.202630149684943)
(0.320124192240914 0.00256191644352777 0.0266647335986673 -0.120251096597531 -0.00603126349828919 -0.199925797655338)
(0.319149494141123 0.00307525217347491 0.0209843954822184 -0.123016389624136 -0.00649817212387653 -0.196168523489379)
(0.319790812833609 0.00274291706243898 0.0139679102843652 -0.127847323468593 -0.00774483963979571 -0.19196955926871)
(0.323131456819688 0.00125061820469702 0.00596405008290104 -0.135403826662018 -0.00991733794071443 -0.187767704399457)
(0.329943458554425 -0.00183951720070105 -0.00206285162615347 -0.146213791020058 -0.0131138040030343 -0.183790654230696)
(0.340944176845619 -0.00693593758475074 -0.00957353544919127 -0.160455984177581 -0.0172333252942053 -0.180576389471456)
(0.356395612943368 -0.0141486864297407 -0.0163664046588763 -0.177733820752308 -0.0219218154741663 -0.178758416705368)
(0.375691211382246 -0.0231608574058548 -0.0222955780222869 -0.197133958315643 -0.0265854688559007 -0.178642370326124)
(0.397702852355151 -0.033524649281823 -0.027113177748649 -0.217387372234386 -0.0305068522646414 -0.180381865882758)
(0.421244002881344 -0.0448064047619196 -0.0307988929730338 -0.237262566345178 -0.0331259703993746 -0.184030210427178)
(0.445193270204608 -0.0563738455495776 -0.0335107737535795 -0.255735180289014 -0.0341671553060392 -0.189487700324763)
(0.468504454253187 -0.0676330337802743 -0.0354819510652142 -0.272071342976599 -0.0336756487163325 -0.196449658539964)
(0.490373914765123 -0.0734632877795905 -0.0362255257156021 -0.285562495505855 -0.0315734371757169 -0.204825371913895)
(0.510248066768439 -0.0742793389778338 -0.0363461446498602 -0.296310776191266 -0.0284198204089316 -0.21395263302816)
(0.527782620495449 -0.0766185458847349 -0.036843211265362 -0.304961638019843 -0.0250941785711395 -0.222840733311987)
(0.542806790904998 -0.0802180110161867 -0.0376017709722377 -0.311752228498121 -0.0218008819229099 -0.231078252289121)
(0.555275629075561 -0.0847677995484969 -0.0385784191007669 -0.316974276205007 -0.018665563195469 -0.238327465534936)
(0.565244609258367 -0.0899989888366908 -0.0397737750832305 -0.320930452670294 -0.0157613042234951 -0.244341035198773)
(0.572836499470357 -0.0954307920404602 -0.0411872420449502 -0.323890152739408 -0.0131123738383065 -0.248972905209755)
(0.578216127215347 -0.100661754625657 -0.0427984823602494 -0.326086872575072 -0.0107256916245335 -0.252154561215895)
(0.58156975549075 -0.0960779403212665 -0.0441294481361938 -0.327527468145607 -0.00848602495011046 -0.25406429446882)
(0.583084104021286 -0.0883341603202254 -0.0455693509351732 -0.328559042024335 -0.00660206292485023 -0.254543794563346)
(0.58293805559533 -0.0783571168504988 -0.0471052543464157 -0.329315342322312 -0.0050867607417071 -0.253637467847442)
(0.581292758563716 -0.0669626419794097 -0.0486917786671159 -0.329888727510091 -0.00392115130958962 -0.251415432008781)
(0.578299115774537 -0.0551009636819463 -0.0502941258255116 -0.330345266285514 -0.00306320863690447 -0.247962191369712)
(0.574101979383608 -0.0436524524819842 -0.0518783925698851 -0.330729657092252 -0.00245784619469855 -0.243378465465697)
(0.56884792205211 -0.0332774062750526 -0.053416656084563 -0.331070002625628 -0.00204330015015675 -0.237782335500491)
(0.562694298982593 -0.0243519911076795 -0.0548811268198672 -0.331382049374942 -0.00176464996272475 -0.231315329074313)
(0.555808162771204 -0.0169936736430703 -0.0562488766128503 -0.331673520422793 -0.00157535943983317 -0.224136714411628)
(0.5483640104339 -0.0111532725518791 -0.0575018624975016 -0.3319467051163 -0.00143956265440981 -0.216418693098178)
(0.540535102010546 -0.00668444646305406 -0.0586284828101087 -0.332200976674879 -0.00133109175346284 -0.208335056047578)
(0.532485459537345 -0.00339861437879444 -0.0596207632633494 -0.332433904676242 -0.00123111356341655 -0.200052143206204)
(0.524370194407805 -0.00109646589397864 -0.0604755567000477 -0.332642555229167 -0.00112848185997297 -0.191727994744216)
(0.516315066608708 0.000407033871266456 -0.0611957447038735 -0.33282452466003 -0.00101585187927098 -0.183490750215184)
(0.50842445702542 0.00127644482032358 -0.0617888874844683 -0.332978136697509 -0.000889954067158603 -0.17544643595646)
(0.500775107150827 0.00165211309694187 -0.0622660155945584 -0.33310282784089 -0.00075015660670974 -0.167672339195327)
(0.493445422711555 0.00165548902942267 -0.0626379317625499 -0.333198633565759 -0.00059812587810442 -0.160246814132429)
(0.486445256494727 0.00137844090045688 -0.0629180694158136 -0.333267251977397 -0.000434771543226576 -0.153178018409525)
(0.479835184785043 0.000906757197558178 -0.0631249948255024 -0.333310416819261 -0.000264550216409626 -0.146524755569604)
(0.473566212571334 0.000309175499751595 -0.0632485819383338 -0.333330845099692 -8.89820209870721e-05 -0.140235203700076)
(0.334373497379677 -6.87216107328182e-05 0.030543139207224 -0.128865142915537 -0.00173813257187185 -0.205301918996716)
(0.33605096326425 -0.000560961337404119 0.0302898930443532 -0.12854511082803 -0.00481805368510347 -0.20734884949345)
(0.338013031989948 -0.00165924792626252 0.0296695122620761 -0.127703165253148 -0.00703971034872553 -0.210271481949264)
(0.341314911523641 -0.00306762664766856 0.0295257809656064 -0.127781516956013 -0.00830190195733381 -0.213579458292342)
(0.345410309572958 -0.00335575002638344 0.0297542766704575 -0.12944306858993 -0.00860310727412765 -0.216010505836055)
(0.348342990341693 -0.0028046925597592 0.029416246197663 -0.131197626487474 -0.00844655065500539 -0.217189015573739)
(0.349466192792728 -0.00172431360775923 0.0274291464202725 -0.132235494745396 -0.00833794648747078 -0.217261226947636)
(0.348939338305435 -0.000677013623215939 0.0235417447005386 -0.132968922466913 -0.00869782397175517 -0.216017407829315)
(0.34808249115184 -0.000240880357658597 0.0178480358299184 -0.134346947200819 -0.00971810651813283 -0.213781298422387)
(0.348221121191229 -0.000687820780557268 0.0104433664809393 -0.137344651686513 -0.0114547171665626 -0.21090774839797)
(0.350353521119808 -0.00227939826425599 0.00166947310604102 -0.142699312217794 -0.0140244747180852 -0.207696036327464)
(0.355093211620667 -0.00572872987600617 -0.0076737029702056 -0.151000376564842 -0.0175076132613503 -0.204157353034823)
(0.363351813283453 -0.0115571559549323 -0.0168248058821126 -0.162724467618416 -0.0217680110579904 -0.200714492313931)
(0.375612688103232 -0.0198583969458691 -0.025345934481935 -0.177789464010281 -0.0265045167564181 -0.197908247072672)
(0.391569042438007 -0.0303897749579307 -0.032836962352974 -0.195478909057732 -0.0312322358550163 -0.196158327943056)
(0.410470265729566 -0.0426211449308995 -0.0388423720270954 -0.214676432111379 -0.0352890124751746 -0.195841087787955)
(0.431386845039195 -0.0557940950669492 -0.0432334456132299 -0.234160739752983 -0.0380544419049491 -0.19725587739405)
(0.453257178979218 -0.0689889853205564 -0.0461665348753421 -0.252746218901906 -0.0391975545068456 -0.200521973997675)
(0.475025906438603 -0.0781771442495175 -0.0469599252395434 -0.269274769061872 -0.0384829820749938 -0.205752626812586)
(0.495847908589209 -0.076795357665487 -0.0448841253352647 -0.282864527066225 -0.0358000849499293 -0.212983901179316)
(0.515075312984923 -0.0767263910283604 -0.043832631977969 -0.294211011792721 -0.0325497119023835 -0.22086860722249)
(0.532246396600948 -0.0781362225752842 -0.0434403569166141 -0.303408552892606 -0.029047869258758 -0.228848011637068)
(0.547064692074793 -0.0809024034372881 -0.043494299775702 -0.31066998089892 -0.02552784144832 -0.236409361096948)
(0.559396581672266 -0.0847812311411712 -0.0438849288400208 -0.316280624176272 -0.0221451312839223 -0.243134535937609)
(0.569247756251314 -0.0895310580288097 -0.0445839588674304 -0.320546625493757 -0.0189906689600248 -0.248722010199397)
(0.57672158660069 -0.0944533235228971 -0.0455449163301581 -0.323740948451789 -0.0160947260429451 -0.253002599853922)
(0.581982197287382 -0.0994787405913945 -0.046776080629829 -0.326119797831379 -0.0134816463499152 -0.255884627733965)
(0.585221470514783 -0.0958296540946678 -0.0475619536410422 -0.327691276654472 -0.0110285788848987 -0.257550979527351)
(0.586635826537629 -0.0871243566210902 -0.048348786402705 -0.328758137736719 -0.00891205979346419 -0.257895859473069)
(0.586410982257636 -0.0764583612035708 -0.0493310633602638 -0.329521470859231 -0.00718770664224316 -0.256904773270004)
(0.584714940413737 -0.064680750579186 -0.0504662435033748 -0.330083871211528 -0.0058319862507388 -0.254643501413812)
(0.581700862137615 -0.0527057291632919 -0.0517094413814746 -0.330519360144275 -0.00479892595413671 -0.251191312949383)
(0.577513196904775 -0.0413417437086843 -0.0530159622465082 -0.330878401557748 -0.0040291155976887 -0.246642368517397)
(0.5722964403634 -0.031166480659865 -0.0543447218384304 -0.331192963921066 -0.00346010804291368 -0.241109113813124)
(0.566202107277394 -0.0224875455228962 -0.055658326296233 -0.331481122437945 -0.003035156712735 -0.234725097224224)
(0.559391263882919 -0.0153853802614334 -0.0569262801966637 -0.331751620480718 -0.00270721350668875 -0.227642589083818)
(0.552032721380825 -0.00978802271670987 -0.0581238817735217 -0.332007067033571 -0.00243990313880906 -0.220027687985742)
(0.54429701430839 -0.00553923969409418 -0.0592317300179761 -0.332246547238438 -0.00220667212827513 -0.212051849347484)
(0.536347033373572 -0.00244795884019851 -0.0602366020096706 -0.332467456448425 -0.00198912559492375 -0.203880463708334)
(0.528332053523154 -0.000317738412371941 -0.0611295270605007 -0.332666586869346 -0.00177514723118635 -0.195666021822756)
(0.52037971750489 0.00103453941268532 -0.0619073235550823 -0.332841147357211 -0.00155773913923044 -0.187538897943124)
(0.512593716626131 0.00177113670918794 -0.0625713409622038 -0.332989106506389 -0.00133315054764251 -0.179604792615304)
(0.50505572755225 0.00203090614533143 -0.0631261941437947 -0.333109519496336 -0.00110077385469664 -0.171946302605435)
(0.49782305830294 0.00192937109942982 -0.0635799641640022 -0.333202507492211 -0.000861304649304715 -0.164620597161788)
(0.490938665401566 0.00156248178130729 -0.0639417587050512 -0.333269078881342 -0.000616793610927484 -0.157669609499963)
(0.484421890427011 0.0010093290912606 -0.0642226694317617 -0.333311100229705 -0.000369718107020433 -0.151110783918573)
(0.478325339155513 0.000346281146725042 -0.0644315051963295 -0.333330856741465 -0.000124969931429887 -0.144994401799153)
(0.359635151912365 -9.84426017038739e-05 0.0247147269508258 -0.141842937952123 -0.00154588154321815 -0.217646742687233)
(0.361368396467978 -0.000996545077618064 0.0243091302640177 -0.141778465454594 -0.0045784677090872 -0.219465239991261)
(0.363830627739628 -0.00252770935047241 0.0234530364412125 -0.141418311356171 -0.00688092659158936 -0.222369607105554)
(0.367417967782002 -0.00461130559559786 0.0229515425390584 -0.141791235798599 -0.00834816248234319 -0.225678849711144)
(0.372251166099966 -0.00549105752319004 0.023197282445202 -0.143785239685532 -0.00906750931316693 -0.228457449084918)
(0.375917714801894 -0.00524115493691337 0.0231835822318069 -0.14553458804815 -0.00935754241069684 -0.230421533061388)
(0.377723046176373 -0.00447638405327551 0.0214676575507391 -0.146287228071732 -0.00966911572823828 -0.231459707993777)
(0.377793712686824 -0.00356095662635016 0.0178958182122384 -0.146455087189178 -0.0104770933806481 -0.231378929011451)
(0.377183501382757 -0.00320000093048864 0.0123490725016408 -0.146788907515659 -0.0119513097468389 -0.230437921869979)
(0.377165819753106 -0.00368370158839036 0.00483699725709885 -0.148319061644266 -0.0140982834507266 -0.228888923564093)
(0.378549041457615 -0.00538542200569066 -0.0044269340374987 -0.151781830483468 -0.0170690545517296 -0.226814073934114)
(0.381850661474782 -0.00913282905640157 -0.0148352943198832 -0.157794078689588 -0.020922999950488 -0.224114841645908)
(0.388028024920191 -0.0154529659229615 -0.0254525549643639 -0.167009935511882 -0.0254423251907325 -0.221088022861902)
(0.397636502966787 -0.0245306412883577 -0.035691686568255 -0.179623061691867 -0.0303356642965772 -0.21807611488443)
(0.410530924788427 -0.0363082365706403 -0.0448650860618112 -0.19517075890239 -0.0351746018975113 -0.215406865028466)
(0.426290950201947 -0.0502165805964548 -0.0523517329234614 -0.212773253639538 -0.0393618292628292 -0.213542238033175)
(0.444300062564436 -0.0652860764182987 -0.0578205459157746 -0.231313461363729 -0.0422816026035488 -0.21299681571112)
(0.46366692075669 -0.0803218273778624 -0.0613301422879701 -0.249534514497147 -0.0435658434718716 -0.214127815474711)
(0.483449436150957 -0.0800288614641843 -0.0566445940233715 -0.265624606465981 -0.0420424874047805 -0.217813985898105)
(0.502798843270182 -0.0789119759958493 -0.0533465629490168 -0.279639079787566 -0.0394373822249802 -0.223150009390133)
(0.520981808191374 -0.0785090121099966 -0.0512675321639402 -0.291468866221839 -0.036159746548843 -0.229508808385991)
(0.537421363698412 -0.0793179671841465 -0.0500432252066051 -0.301152319185786 -0.0325481603275314 -0.236270971199335)
(0.551722954474189 -0.081428418281622 -0.0493937719161069 -0.308870479518142 -0.0288717942138182 -0.242860629418636)
(0.563683526486035 -0.0847178837490502 -0.0491664852857895 -0.314891752052645 -0.0253108513799596 -0.248804285134851)
(0.573254066514281 -0.0889253459084084 -0.049300840075461 -0.319512015014444 -0.0219696256109682 -0.253756920622723)
(0.580507696763875 -0.0933772016170001 -0.0497067631236167 -0.323004539675327 -0.0188885118490866 -0.257519744767575)
(0.585595435682519 -0.0981309252363504 -0.0504261069198111 -0.325631526135303 -0.016099918582576 -0.259981409172208)
(0.588703985700951 -0.0950248568775364 -0.0504884480615455 -0.327403956685597 -0.0134800385502 -0.261317195420135)
(0.590031995536136 -0.0851755681230265 -0.0502940141049143 -0.328570873830712 -0.0111719036914169 -0.261476862301248)
(0.589766196390005 -0.073699348352746 -0.0504118140385678 -0.329400227281737 -0.00927345717219958 -0.260379884954822)
(0.588075742590147 -0.061481094945932 -0.0508052506665319 -0.330004563493977 -0.00775737058453579 -0.258083099376018)
(0.585112350799508 -0.0493977547072544 -0.0514270070221528 -0.3304659786355 -0.00657249696595133 -0.254656226743194)
(0.581016156770218 -0.0381645053741732 -0.0522202763884547 -0.330840546311681 -0.00565676688324038 -0.250183545205795)
(0.575925497907462 -0.0282596164013745 -0.0531330003936936 -0.331164635337301 -0.00494550182541215 -0.24476705452339)
(0.569983542148472 -0.0199140564786199 -0.0541142791780694 -0.331458676243286 -0.00438156145796174 -0.238529546073205)
(0.563341966996004 -0.01315654964861 -0.0551239690134056 -0.331733142102451 -0.00391795461578318 -0.231612231442336)
(0.556162652702126 -0.00788468316683054 -0.0561263781043553 -0.33199149704784 -0.00351951347713933 -0.224173599373988)
(0.548605018621078 -0.0039345152440576 -0.0570991018693208 -0.332233606580684 -0.00315854752746992 -0.216373099698373)
(0.540828067910445 -0.00111212093791675 -0.058016352188657 -0.332456967114602 -0.00281849622225825 -0.208372202920697)
(0.532979950358801 0.000780337333242326 -0.0588635937071729 -0.332658305826208 -0.00248654604584276 -0.200322337657859)
(0.525190426767591 0.00192278389835199 -0.0596267606199685 -0.332834779279008 -0.00215664122102111 -0.192356063338644)
(0.517553540972638 0.0024718859245217 -0.0603015265030074 -0.332984700157119 -0.00182491155717599 -0.184569081161984)
(0.51016196831391 0.00256708719931795 -0.0608867072512056 -0.33310661080005 -0.00149061257478551 -0.17705548122588)
(0.503066193155176 0.00231886972486976 -0.061383479433797 -0.333200857602122 -0.00115457602865297 -0.169865394249051)
(0.496322417793692 0.00182307965706916 -0.0617882272390481 -0.333268328680329 -0.000819744409810149 -0.163054117223349)
(0.489948351494848 0.0011568221655558 -0.0621194639145007 -0.333310853561425 -0.000487797184187081 -0.156637500753139)
(0.48395553345823 0.000390607512385877 -0.0623859281538115 -0.333330927050997 -0.000162875897822661 -0.150624562142234)
(0.385066028339991 -0.00014840708602162 0.0172385667898379 -0.154494794354555 -0.001316433062084 -0.230471805848393)
(0.386768909485992 -0.00111256686538703 0.0165640452859814 -0.154687725472568 -0.0040629614195271 -0.231987431635121)
(0.389666625677384 -0.00295571938966949 0.0154546089980148 -0.154903601734954 -0.00627665470335216 -0.234724850959502)
(0.39354012488105 -0.00564216239905554 0.0144977629883816 -0.155726297107574 -0.00777601184349803 -0.237852439302803)
(0.3987486017784 -0.00713853243657427 0.0144981712149078 -0.157941371852934 -0.00879562389747945 -0.240764947357344)
(0.40285907493486 -0.00716940644972087 0.0146485853165646 -0.159674457411554 -0.00941063045766423 -0.243209328106642)
(0.405172125840079 -0.00672872276214912 0.0130742956028201 -0.160259554056153 -0.0101242414241215 -0.244930308778083)
(0.405748864635856 -0.0060908169168434 0.00980226897646723 -0.160031774883303 -0.0113006118307319 -0.245755800124772)
(0.405512825354746 -0.00580038856567761 0.00443967103398713 -0.159677149655575 -0.0130785632170906 -0.245870234136846)
(0.405591143897559 -0.00624673414216252 -0.00292136269503443 -0.160137572072002 -0.0155187282151056 -0.24550371619912)
(0.406520836188621 -0.00809554336052045 -0.0123772762411789 -0.162042117738881 -0.0188237351716103 -0.244531682555224)
(0.408942952546251 -0.0120544180071181 -0.0233638461302231 -0.166131329787736 -0.0230018904325277 -0.242861274105502)
(0.413790019011327 -0.0186736534132595 -0.0350284746293604 -0.17319263132136 -0.0277725232081721 -0.240654713197758)
(0.421403556232266 -0.0282112475429248 -0.0466633255840735 -0.183468035793293 -0.0328365980512914 -0.237981456298823)
(0.431690762561067 -0.0407924225566393 -0.0574685544234673 -0.196714963994191 -0.0378101083517741 -0.234999096715132)
(0.444534321344684 -0.0559424722485862 -0.0666596542176113 -0.212353388329757 -0.0421445171904899 -0.232185819451722)
(0.459598114888124 -0.0726444838243912 -0.0737190016070181 -0.229424814284377 -0.0452553943742206 -0.230165420844079)
(0.476240193738099 -0.0786153938516712 -0.0698413366144627 -0.246488391922381 -0.0457112207434898 -0.229732989473601)
(0.493704567758722 -0.0797147353240234 -0.0647955437859857 -0.262310623884597 -0.0444831642422446 -0.231373062909934)
(0.511182392278217 -0.079523854999363 -0.0609508127377884 -0.276380305243964 -0.0421012633252402 -0.23478389271294)
(0.527910499742736 -0.079367334945037 -0.0582252296946768 -0.288445368750721 -0.0389370800969919 -0.239453759715473)
(0.543246034623447 -0.0800095337084333 -0.0563630611201364 -0.298462558084636 -0.0353500589026158 -0.244779370928182)
(0.556721678396085 -0.081746006058119 -0.0551326053800161 -0.30655533556216 -0.0316368961859143 -0.250167842959777)
(0.568064530690948 -0.0846136208483197 -0.0543408585156798 -0.31295667228145 -0.0280027211703632 -0.255112949305772)
(0.577172164880207 -0.088257422376442 -0.0538809965964839 -0.317934096105762 -0.0245635120621771 -0.259246433883796)
(0.584081290843194 -0.0923349295658568 -0.0536975134611139 -0.321756284785869 -0.0213799875561843 -0.262335442619162)
(0.588915330027139 -0.0967899805873016 -0.0538132630129165 -0.324671938737944 -0.0184845941141255 -0.26425541264472)
(0.591850864605893 -0.0938081025311789 -0.0529719955912984 -0.326691394323924 -0.0157544057677884 -0.265172198536291)
(0.593077194428273 -0.0827138779851906 -0.0514728935577535 -0.328011837574638 -0.0133051540630849 -0.265077996557935)
(0.59277680503785 -0.0703568187478067 -0.0504180716848136 -0.328957818413614 -0.011275029082917 -0.263830802512135)
(0.591116016160072 -0.057671213446493 -0.0497869407988811 -0.329651998214466 -0.00963259993519117 -0.261474672447014)
(0.58824066909299 -0.0454895627891077 -0.0495320461541269 -0.330183504774946 -0.00832310626383944 -0.258066358218025)
(0.58428440355623 -0.0344254530846781 -0.0495812898296339 -0.330613830844881 -0.00728127795289436 -0.253678371033403)
(0.579376319019814 -0.0248471238704197 -0.0498677483278754 -0.330982507060467 -0.00644240833849354 -0.248400080159271)
(0.573648875228009 -0.0168934949661481 -0.0503259824998592 -0.331312815670654 -0.00574995324661455 -0.242340916373036)
(0.567241236334242 -0.0105387164212282 -0.0509038911337159 -0.33161719257775 -0.00515801942132458 -0.235627658989372)
(0.560301060701025 -0.00565346877167851 -0.0515578523615083 -0.331900543560529 -0.00463151418033954 -0.228403167518493)
(0.55298263751785 -0.00205691371786173 -0.0522533022596505 -0.332163194504198 -0.00414478955056192 -0.220821277718919)
(0.545439209529537 0.000450338437089368 -0.0529551212828184 -0.332403347425911 -0.00368173509126344 -0.213037087089191)
(0.537810224351854 0.00206244710740142 -0.0536400654791475 -0.332618668009351 -0.00323081794732313 -0.205192329381159)
(0.53021650212405 0.00295458068062013 -0.0542913292908386 -0.332806824843753 -0.00278487995373495 -0.197410151898778)
(0.522768509142505 0.00328447920526388 -0.054894445175195 -0.33296573213042 -0.00234141211132178 -0.189803045929482)
(0.51556165150645 0.00318788794268793 -0.0554256587235498 -0.333094535430834 -0.0019018132248005 -0.182467252608025)
(0.508639114248536 0.00277076891219451 -0.0558940374924845 -0.333193910967231 -0.00146525074490894 -0.17544526888045)
(0.502046656134606 0.00212399839389449 -0.0562894797470651 -0.333265053797531 -0.00103439908973088 -0.168781636377434)
(0.495852095791445 0.00133202911626051 -0.0566221285669772 -0.333309580561179 -0.000614760848543984 -0.162542521197845)
(0.48996062457139 0.000441126636990736 -0.0569010638441045 -0.333330836522363 -0.000202293385578946 -0.156629737187788)
(0.409900523784674 -0.000117183817953225 0.00840536556726167 -0.166551614446048 -0.00108029884824116 -0.243295783529968)
(0.411560467188999 -0.000892579912033245 0.00755107651310672 -0.167001092350509 -0.00340422070173696 -0.244496528162232)
(0.414711231010413 -0.00297986084908173 0.00615580136191244 -0.167761757928511 -0.00537095211488836 -0.246911110707151)
(0.418805078565505 -0.00616886334110913 0.00474149410787964 -0.169078068495535 -0.00680929096543069 -0.249740352774823)
(0.424072460779399 -0.00829935306794334 0.00423765526041985 -0.171418845748637 -0.0079636796739443 -0.252599513438048)
(0.428431544073773 -0.00873509015334882 0.00424139800079155 -0.173176524349169 -0.00876935197346767 -0.255261595736857)
(0.431097275001977 -0.00858007482348332 0.00265851893491066 -0.173692418757117 -0.00977623544272578 -0.257425724638839)
(0.432127772023239 -0.00825408270396915 -0.000405927003241146 -0.173249847302715 -0.0112195327531502 -0.258918484634647)
(0.432372107077328 -0.00807111713472672 -0.00553857485226618 -0.172520038765629 -0.0131501882516035 -0.259880535127344)
(0.432629356868185 -0.00848829734002216 -0.0125667365071114 -0.172226402685559 -0.0157685140143877 -0.260454925600672)
(0.43334004547738 -0.0104578798425644 -0.021878840254336 -0.172948346859952 -0.0192843215818318 -0.260449029017862)
(0.435358817217263 -0.0146477054958109 -0.032939577160803 -0.175601926727574 -0.0236500818934716 -0.259803499797066)
(0.439487902713767 -0.021425405060995 -0.0450385293527945 -0.18101283322238 -0.0285563065231011 -0.258521167019748)
(0.445697962539545 -0.0311141882705776 -0.0576101345702095 -0.189280930670948 -0.0337315470736901 -0.256446211532087)
(0.453916814470083 -0.0439985202165482 -0.0698288762168786 -0.20032940413464 -0.038813843061906 -0.253598455784955)
(0.464251238479786 -0.0597149323011611 -0.080747222443744 -0.213834924018713 -0.0432848498411202 -0.250410053885184)
(0.476584176442201 -0.069196731844813 -0.0789240745089104 -0.229270968140532 -0.0455801850360295 -0.247294037272485)
(0.490536746718169 -0.0749123780012191 -0.0749595981113101 -0.244955473686324 -0.0462925444064653 -0.245555704369387)
(0.505533545372169 -0.0776956412676512 -0.0707671773384422 -0.259962816293941 -0.0455267968767551 -0.245544951399503)
(0.520865301611755 -0.0787302026437977 -0.0671307545346699 -0.273638667670044 -0.0435333314617291 -0.247204910228436)
(0.535807687493324 -0.0792540229092462 -0.064259221366742 -0.285603239552241 -0.0406593128637217 -0.250188401800809)
(0.549702264175066 -0.0801302535526424 -0.0620876268720291 -0.295714270749564 -0.0372724854166223 -0.25397831948298)
(0.562042391705309 -0.0818164395601804 -0.0604647432344365 -0.304021661160581 -0.0336857769222157 -0.258015242441453)
(0.572507052817259 -0.0844901415285133 -0.0592665754514595 -0.310704627327636 -0.0301250697836437 -0.261800666625089)
(0.580946251401434 -0.0876734581240291 -0.0582554594003094 -0.315985183984696 -0.0267103915816541 -0.264962165312629)
(0.58735527940547 -0.0914297574338671 -0.0575119276148165 -0.3201163108253 -0.023528757448772 -0.267242578575148)
(0.591833100068415 -0.0956130886738341 -0.0569895598237296 -0.32332513426311 -0.0206117014958934 -0.268514067546961)
(0.594528324306171 -0.0923677150382837 -0.0550764561343562 -0.325605653155202 -0.0178343091083337 -0.268930666514941)
(0.595613604068617 -0.0799985973762605 -0.0519997922581263 -0.327114690717478 -0.0153002825156749 -0.26850792167904)
(0.595259498144587 -0.0667529929708921 -0.0495182481536041 -0.328215990237171 -0.0131817369390459 -0.267052763761206)
(0.593622306566814 -0.0536190492509011 -0.0476419579910595 -0.329039667941241 -0.011445321736808 -0.264591424311895)
(0.590838617580393 -0.0413659112097931 -0.0463056595048173 -0.329679771401732 -0.0100355131512322 -0.26116688313391)
(0.587034277356361 -0.0304967503672341 -0.0454268047378138 -0.330202247168486 -0.00888535280864561 -0.256839023107206)
(0.582326263159146 -0.0212767097940616 -0.0449154215552592 -0.330648841750207 -0.00793215884945207 -0.25168324617898)
(0.576835025303784 -0.013747548908141 -0.0446918621331084 -0.331044997951611 -0.00712081627065121 -0.245794640209805)
(0.57068749845206 -0.00782617453106315 -0.0446883095125545 -0.331404507409825 -0.00640761019091725 -0.239286525122438)
(0.564018054327781 -0.00335097693869903 -0.0448525686377156 -0.331734011204044 -0.00575904058855237 -0.232286621116136)
(0.556969852802384 -0.000128061136952821 -0.0451418523321131 -0.332035179565723 -0.00515050588914617 -0.224936502180955)
(0.549686730778858 0.00204382116154004 -0.0455146729983778 -0.332307139535332 -0.00456622240341921 -0.217380807944295)
(0.542303621247344 0.00335944697744801 -0.0459275598084464 -0.33254834804443 -0.00399676522495918 -0.209756065812698)
(0.534948823011286 0.00399575664954224 -0.0463645660441053 -0.332757002187859 -0.00343531616028211 -0.202192304406366)
(0.527716441014517 0.00409888004065914 -0.0468014667642618 -0.332932353684608 -0.00287901240543945 -0.194784357379033)
(0.520717226745321 0.00380673494149632 -0.0472081652915582 -0.333073412484364 -0.0023309940656604 -0.187643958820551)
(0.514003101926315 0.00322216590162864 -0.0475790398945631 -0.333181599100566 -0.00179177816531112 -0.180821574393003)
(0.507558738274449 0.00241790229860256 -0.0479045320506194 -0.333259489989824 -0.00125885286901748 -0.174299279204163)
(0.501544583184757 0.00150019650455185 -0.0481931388736711 -0.333307545011673 -0.000746968069293054 -0.168237021514385)
(0.49585919945679 0.0005016086422823 -0.0484099685667439 -0.333330499314867 -0.00024857615530036 -0.162528617681065)
(0.43358651813753 4.94872358204536e-05 -0.00131873294842383 -0.177909778197418 -0.000839967098117663 -0.25566196010495)
(0.435188222925397 -0.000414124839994291 -0.00221596463287175 -0.178602047606629 -0.00269388571561131 -0.256554886788233)
(0.438344331198617 -0.00266427949944478 -0.00395421211521716 -0.179744414417751 -0.00432708722410139 -0.258564932615098)
(0.44252890515211 -0.00618486862694196 -0.00582730038103033 -0.181499937862777 -0.00565404272993855 -0.261012689774147)
(0.447647506526722 -0.00889093066857515 -0.00697191367195544 -0.183910647933058 -0.00676097896058492 -0.263684889805193)
(0.452094191760053 -0.00988005692529178 -0.00747179734914798 -0.185718368374897 -0.00764786215286395 -0.266364060883707)
(0.455008009440493 -0.010058282587004 -0.00922578343078473 -0.186262613289517 -0.00880127010455869 -0.268764291055862)
(0.456456547458901 -0.010091354235318 -0.0121762648246729 -0.18578185906802 -0.010372748788632 -0.270712681631723)
(0.457192700554769 -0.0100769081138091 -0.0170464210748383 -0.184905876926331 -0.0123560585528118 -0.27231457908929)
(0.457653282402368 -0.0105449145953609 -0.0236404557758341 -0.184127727214342 -0.0150377033243331 -0.273575214029352)
(0.458368382450513 -0.0126818977454558 -0.032491253578695 -0.184088423650965 -0.0186172595444973 -0.27433949439134)
(0.460314081348784 -0.0170917368804001 -0.0431716293204936 -0.185798389994626 -0.0230118441138358 -0.274565059000426)
(0.464081116067242 -0.0239066516250515 -0.0551234332542447 -0.190037810633782 -0.0279260073845939 -0.274081210356102)
(0.46938158200774 -0.0334672366585178 -0.0680795098710503 -0.196735926887266 -0.0331176595008742 -0.272668067256991)
(0.476078547178543 -0.0452706239162872 -0.078552641350198 -0.206021365612391 -0.0380036182018309 -0.270061157511622)
(0.484380982008082 -0.0556284218144341 -0.0801753218550448 -0.2179089190014 -0.041672391793815 -0.266461755927093)
(0.494368237355659 -0.0644097835243802 -0.079615631155309 -0.231243384381528 -0.0442336359332412 -0.263103901790944)
(0.505857008742455 -0.0707493243117057 -0.0774881320801887 -0.245202631057582 -0.0454045841969737 -0.260629374390076)
(0.51842869058879 -0.0747253626810781 -0.0746233372458648 -0.258959772163481 -0.045159478028166 -0.259442556804736)
(0.531504220038612 -0.076955284650767 -0.0717041082664397 -0.271819867494468 -0.0436733546828885 -0.259660278889081)
(0.544442609128284 -0.0783706509626593 -0.0691343442922049 -0.283319698106262 -0.0412569084732382 -0.261103221190881)
(0.556630542012121 -0.0797725873192347 -0.0670088413517685 -0.293233361015345 -0.0382579367346199 -0.263382435667909)
(0.567568742669425 -0.0816911536959079 -0.0652707471429694 -0.301537077977786 -0.0349857466756712 -0.266021327577017)
(0.576917373164992 -0.0842964953518729 -0.0638181800813108 -0.308343302886151 -0.0316635211010542 -0.268567154638523)
(0.584497602060298 -0.0872180947528205 -0.0624020925004451 -0.313827504734773 -0.0284211298527538 -0.270665214456168)
(0.590265256420681 -0.0907607693736294 -0.0611762784468026 -0.31820650628682 -0.0253583233229701 -0.272057115654651)
(0.594279275580256 -0.0947379502979241 -0.0600527507547243 -0.321676751814455 -0.0225136592934738 -0.2726031298587)
(0.596662371031795 -0.0908768194330465 -0.0569036496223633 -0.324205413381942 -0.019755064837892 -0.27246030877166)
(0.597556861404683 -0.0772766052921678 -0.0520426661571801 -0.325920761273494 -0.0171921367890349 -0.271640904018429)
(0.597115520868708 -0.0632030352043206 -0.0479635468148853 -0.327204960705944 -0.0150253660613062 -0.26991657319243)
(0.595474878419683 -0.0496708064009751 -0.0446885685485398 -0.328189241136394 -0.0132239427988057 -0.267292162023992)
(0.592762936636008 -0.0373766892711932 -0.042141449801781 -0.328971062495317 -0.0117322397819184 -0.26379806441568)
(0.589092526691023 -0.0267399057459725 -0.0402157478785639 -0.329618088902861 -0.0104867637280797 -0.259480042268485)
(0.584568875201566 -0.0178956023541421 -0.0387959731435143 -0.330172743972295 -0.00942725590562734 -0.254400998305529)
(0.579301551850721 -0.0107941451173233 -0.037781733757355 -0.330661039765908 -0.00850299000745128 -0.248644429311088)
(0.573402708893938 -0.00530732103714755 -0.037093141561813 -0.331099991525485 -0.0076714240696117 -0.242305721252723)
(0.567000078329941 -0.00123792417128892 -0.0366661092943163 -0.331495651086366 -0.00690293169328969 -0.235506662802018)
(0.560224122338761 0.00161891389211318 -0.0364546626749897 -0.331852322951881 -0.0061729500677968 -0.228373384538824)
(0.553214421301259 0.0034715021673637 -0.0363956378507021 -0.332169432100072 -0.00546961159984674 -0.22104608116677)
(0.546086319209927 0.00450607418432377 -0.0364588713295649 -0.332448325375431 -0.00477957919305697 -0.213638709771604)
(0.538981590831299 0.00490056513483115 -0.0366004816964932 -0.332686617848572 -0.00410112436900192 -0.20629540994115)
(0.531995192360672 0.00479994679351523 -0.0367883411526829 -0.332884957326533 -0.00343169595108304 -0.199110485303273)
(0.525202603969958 0.00432626333527767 -0.0370083379548212 -0.333044226165745 -0.00277082207710133 -0.192158513197221)
(0.518684142663616 0.00358727610834125 -0.0372301379021263 -0.333165453961152 -0.0021233909727746 -0.185518751081039)
(0.512473591489854 0.0026594948126959 -0.0373780168573558 -0.33325170006547 -0.00149093981779411 -0.179221918587989)
(0.506666701358783 0.0016340955852231 -0.0375300288383469 -0.333305015269353 -0.000883189544733748 -0.173361695703224)
(0.501092454626667 0.000538371080035703 -0.0377939919725029 -0.333330330986143 -0.000290299158248302 -0.167762195912308)
(0.455732838082447 0.000286836750112422 -0.0114286811000508 -0.188553202743529 -0.000618451666015673 -0.267191166240851)
(0.457232085129839 0.000195794777049621 -0.0123071420627732 -0.189431458145101 -0.00201916505810674 -0.267793487288536)
(0.460187525227326 -0.00203187461042177 -0.0144045559508513 -0.190777432461401 -0.0032874067594244 -0.269383530218034)
(0.464305933405925 -0.00570894734603431 -0.0167374598656244 -0.192844654293394 -0.0044442290532947 -0.271422901744147)
(0.46914164227801 -0.00891288538902144 -0.0185747477137658 -0.195278606373166 -0.00537449047112887 -0.273809732492787)
(0.473528801941342 -0.0105170519919336 -0.0198077494980918 -0.197125148608779 -0.00625381361865819 -0.276378339707194)
(0.476600025272866 -0.0111522800151753 -0.021896213104498 -0.19777862079311 -0.00742076210643619 -0.27883218374467)
(0.4783838505567 -0.0116066948456629 -0.024889428824504 -0.19737009554726 -0.00898876419295549 -0.281044420720882)
(0.47953097123423 -0.0118398679139169 -0.0294965026391589 -0.19647912697912 -0.0109485129710596 -0.283080352263546)
(0.480221246230995 -0.0125218511211735 -0.0355652666383062 -0.195471240030058 -0.0135967370242673 -0.284796587275374)
(0.481109336169353 -0.0148839241922015 -0.0437115865725825 -0.195058834137307 -0.0171182430094128 -0.28610966597967)
(0.483168375036822 -0.0194396449653299 -0.0536463214751355 -0.196245408790338 -0.0214104886131841 -0.286976112222251)
(0.486780193978783 -0.0261496815051974 -0.0650126546124261 -0.199714912931757 -0.0262218884391356 -0.287098671579381)
(0.491518077484914 -0.0346990159959816 -0.0737817056348287 -0.205520280031262 -0.0310065066962456 -0.286015257054818)
(0.497165416270701 -0.0436571478291161 -0.0769898690122107 -0.213640255247964 -0.0352697401550305 -0.283528772837264)
(0.503943194207927 -0.0525471720848999 -0.0789136688006554 -0.223583004762344 -0.0389887964076725 -0.280353336468215)
(0.512043498129252 -0.0605263648722081 -0.0793586553345376 -0.234937387646922 -0.0417655025819726 -0.277088980379676)
(0.521409356316926 -0.0669130765190554 -0.0785351863551524 -0.24709352059258 -0.0433184476737931 -0.274292105489923)
(0.531734686550036 -0.0715405343796449 -0.0769036531997878 -0.259354158578279 -0.043580140265333 -0.272355778697464)
(0.542585147538642 -0.0748030713901129 -0.074986115456799 -0.271081735915339 -0.0426728830466168 -0.271480869258521)
(0.55343693407422 -0.0771057173460331 -0.072992210934985 -0.281792517265975 -0.0408359414128612 -0.271624847257046)
(0.56376599419682 -0.079183571301348 -0.071187680411029 -0.291216578266973 -0.0383838578521895 -0.272533188838854)
(0.573125475432267 -0.0815359503956971 -0.0696087340494563 -0.299275124191606 -0.0355961349659512 -0.273837831826236)
(0.581189000729538 -0.0840969806583273 -0.0679995639363939 -0.306016706373863 -0.0326677957192521 -0.275161333991507)
(0.587762529268927 -0.0869475933287843 -0.0663552675713317 -0.311573125086361 -0.029743794898267 -0.276180780818833)
(0.592774431407081 -0.0903960877462547 -0.0647649720759418 -0.316111889731957 -0.0269200606319213 -0.276655954900229)
(0.596238798703123 -0.0942633770451304 -0.0631185872361063 -0.319789839070152 -0.02424403235944 -0.276444469127684)
(0.598245394837003 -0.0894356192865464 -0.0585574740907525 -0.322535997823563 -0.0215692614180502 -0.275707634964689)
(0.598903717678579 -0.0747630827601396 -0.0517830636432515 -0.324467294714902 -0.0190323572544264 -0.274437062298833)
(0.598335388785498 -0.0599726206590721 -0.0460062361208204 -0.325953525218422 -0.0168562691693643 -0.272384383963826)
(0.596660611347555 -0.0461204888115822 -0.0412560290852989 -0.32712543378179 -0.0150150407606691 -0.269538619655472)
(0.593988202800584 -0.0338588415255009 -0.0374449660599989 -0.328079193409888 -0.0134578212421353 -0.265912756152754)
(0.590417301644653 -0.0234815594627225 -0.034429154364729 -0.328879744137824 -0.0121257839771164 -0.261541315871429)
(0.586041016368965 -0.0150167029710067 -0.032054404536451 -0.329569556565598 -0.0109651447394565 -0.256474872711729)
(0.580960066576206 -0.00833748327276694 -0.0302051580941544 -0.330175638001896 -0.00992829673785409 -0.250787289671174)
(0.575278530300701 -0.00326080612603613 -0.0287847230034166 -0.330714119306958 -0.00897853892512351 -0.244566666701836)
(0.56911223904434 0.000434614653884394 -0.0277197473910404 -0.331194547506339 -0.0080870299262283 -0.237919333191641)
(0.562587595564989 0.00296419224117445 -0.0269547123647415 -0.331621609022554 -0.00723284234180648 -0.230967137327623)
(0.555826631035008 0.00453051241726403 -0.0264246604790712 -0.331997557071542 -0.00640294615880566 -0.223829912258948)
(0.548957222503054 0.00532806428440339 -0.0260767465005503 -0.332323067287096 -0.00558997156475023 -0.216634698302425)
(0.542099536106822 0.00552469511725809 -0.0258761640387635 -0.332599102428887 -0.00478903318618086 -0.209500770014416)
(0.535352210778899 0.00526005120073757 -0.0257775212184906 -0.332826852537686 -0.00399978538409402 -0.202525558321712)
(0.528799913077374 0.00465519890941613 -0.0257512118692725 -0.3330080689411 -0.00322405770186822 -0.195791946620891)
(0.522519685189224 0.00381184453180734 -0.0257559772372943 -0.333145020159628 -0.00246722801205173 -0.189374712712455)
(0.516571075815225 0.00281317677555499 -0.0257742758259186 -0.333241230545045 -0.00173421934437678 -0.183329872765251)
(0.510917708995281 0.00170788138923572 -0.0258132815838812 -0.333301806553616 -0.00102145026258625 -0.177615916917687)
(0.505599417718471 0.000551337728489516 -0.0257354658540315 -0.333330095457393 -0.000330296805917236 -0.172269379827454)
(0.476082259197866 0.000535199850573941 -0.0215224473028838 -0.198484487255185 -0.000437044476671702 -0.277630692673624)
(0.477430826813333 0.000858094010251844 -0.0223626593464648 -0.199461456739909 -0.00144300884461581 -0.277973500042114)
(0.480070782689073 -0.00116201909024661 -0.0247882644682464 -0.200885198207233 -0.0023661746051778 -0.279165913925961)
(0.483955490301053 -0.00488119793077149 -0.0275397171288716 -0.203090421132244 -0.00328935326465571 -0.280817310360576)
(0.488389503725831 -0.00847422974802425 -0.0300792881909681 -0.205481249655995 -0.0039811917689285 -0.282852505189079)
(0.492581285084341 -0.010676802776114 -0.0320887822266412 -0.207332595001461 -0.00477297301220174 -0.285216269651084)
(0.495687456999407 -0.0119120875872091 -0.0345780156831586 -0.208103649417322 -0.00585151350671697 -0.287586557017152)
(0.497709986764358 -0.0128332083112663 -0.0377718072556337 -0.207828843976079 -0.0072934574502499 -0.289899469093343)
(0.499147216001977 -0.0133988116776674 -0.0421759763353081 -0.207002665564562 -0.00917294284986369 -0.29217503064808)
(0.500090506906092 -0.014444337343216 -0.0477013035316484 -0.205984836269636 -0.0117318336339834 -0.294149596301634)
(0.501248390819658 -0.0170650008826239 -0.0550071454427471 -0.2055036010785 -0.015109535781652 -0.295801093307571)
(0.503520921096563 -0.0216489511484661 -0.0639763783003549 -0.206495801411847 -0.0192080461754988 -0.297080714200194)
(0.507094453549665 -0.0279517349783567 -0.0717119015836577 -0.209664552340838 -0.0236274037826919 -0.297461621066877)
(0.511502248812799 -0.0351055021404243 -0.0744980888381351 -0.214914631919472 -0.0278713572236508 -0.296605207632817)
(0.516459172925122 -0.0427586777388315 -0.0768848922777482 -0.221755788621252 -0.0320001416790913 -0.294711619599155)
(0.52215085110452 -0.0504366492916735 -0.0785484278748641 -0.230124203076966 -0.0356750205218865 -0.292024285768945)
(0.528797241968549 -0.0575831785533503 -0.0793074926572867 -0.239754445560252 -0.0385558716503174 -0.289030348267375)
(0.536402368430898 -0.0637421196355966 -0.0791937143301386 -0.250204672756744 -0.0403969208124622 -0.286179365294131)
(0.544760899648213 -0.0686846008880065 -0.0784276544237133 -0.260914350849771 -0.0411142486088695 -0.28382700869442)
(0.553547563137965 -0.0725838541286614 -0.0773324049618522 -0.271328723243535 -0.0407859923902826 -0.282198410887355)
(0.562365930865637 -0.0759945959865396 -0.0763648442365141 -0.281014231989432 -0.0396188677521247 -0.281332937540123)
(0.570812335892115 -0.0787215123285134 -0.0750079906712373 -0.289706935350177 -0.0378160508046039 -0.28108922350484)
(0.578522124344787 -0.0816090132329498 -0.0737571873937016 -0.297298607564367 -0.0356396751938854 -0.281208864294145)
(0.585214340305446 -0.0840018579116464 -0.0719481608577967 -0.303791903186497 -0.0332252108119524 -0.281408914329198)
(0.590698936620837 -0.0868875479966251 -0.0701844298475561 -0.309279438158967 -0.0307405931708352 -0.281407701739957)
(0.594879132054323 -0.0903555538045137 -0.0683636648055908 -0.313876016371247 -0.0282662326870239 -0.280991354153106)
(0.597742763855959 -0.094222349207357 -0.066306478427932 -0.317699472471182 -0.0258490046320076 -0.280033475563734)
(0.599331163967175 -0.0880967925129013 -0.060108523181587 -0.320626863152286 -0.0233182069898848 -0.278696993080011)
(0.599718149395376 -0.0725790803808809 -0.0513801655182825 -0.322778265406789 -0.0208638814393498 -0.276935673134921)
(0.598995835818554 -0.0572577485867385 -0.0438769603033721 -0.324485386079327 -0.018718142046612 -0.274508878261864)
(0.597257292078933 -0.0432301139342884 -0.0376573137550837 -0.325870881030036 -0.0168640294913404 -0.271386412379627)
(0.594590729677342 -0.0310871467932717 -0.0325994558022704 -0.327023934044317 -0.0152584786370357 -0.267567981403376)
(0.591080664947477 -0.021000086760965 -0.028511773471157 -0.328005180719373 -0.0138512304337962 -0.263077097420346)
(0.586813473212256 -0.01290477936109 -0.0252111892796455 -0.328856072661189 -0.0125935103463323 -0.257959060743037)
(0.581878113689482 -0.00662063949383957 -0.0225544190000511 -0.329602062835521 -0.0114452374295283 -0.252277536798724)
(0.576375410125407 -0.00191325640043981 -0.0204308764216002 -0.330260419742009 -0.0103732333657882 -0.246116298367771)
(0.570405108787215 0.00144898073927252 -0.0187414187273304 -0.330842122602466 -0.00935371154017321 -0.239564008488829)
(0.564098343642944 0.00370640060049921 -0.0174343154732353 -0.3313529809158 -0.00836806882656189 -0.23274606694408)
(0.557573050190723 0.00505505383599525 -0.0164400670201009 -0.33179744423128 -0.00740502473805688 -0.2257761013163)
(0.550942506228566 0.00567802922255759 -0.0156916044381704 -0.332178767357045 -0.00645795001993705 -0.218764092356109)
(0.544330909589939 0.00574319097946132 -0.015146883606727 -0.332498650870654 -0.00552541988712434 -0.211832475105797)
(0.537831306987606 0.00538343564579641 -0.0147616547799846 -0.33276040821298 -0.00460700875887132 -0.205071025895081)
(0.531533549893674 0.00471459695875305 -0.0144824121603625 -0.332966732228375 -0.00370817939514753 -0.198566887291037)
(0.525491236717895 0.00382750091411456 -0.0142764208771904 -0.333122117747876 -0.00283142394260601 -0.19236915423719)
(0.519743853021545 0.00279480778802212 -0.0141009757498636 -0.333231236747384 -0.00198031590915939 -0.186512640155436)
(0.514398112707315 0.00169928052993162 -0.013943514640776 -0.333297942141093 -0.00117038204367044 -0.181100172339748)
(0.50923186960091 0.000541349740050645 -0.0139109416320162 -0.333329779190983 -0.000374107859050204 -0.175902030498204)
(0.494478714261672 0.000778411890820713 -0.0312083270885673 -0.207678298220957 -0.000302168669191598 -0.286850525608393)
(0.495647449408173 0.00153615113831815 -0.031995956166106 -0.208670717537946 -0.000990237940571302 -0.286982565456507)
(0.497920041252055 -0.00018439026439486 -0.034632858157542 -0.210079101124546 -0.00162347930030951 -0.287826277272995)
(0.501454713646518 -0.00387184854125997 -0.0376789742159959 -0.212280676539711 -0.0022714387778741 -0.289122660535461)
(0.505372441978925 -0.00774680352442719 -0.0408331702715856 -0.214532972772998 -0.00271174041332176 -0.290782954580867)
(0.509248690399913 -0.0104900792177362 -0.0435457491627509 -0.216341499530246 -0.00335018115200297 -0.292870659623547)
(0.512266793665797 -0.0123824611415566 -0.0465001113137009 -0.217196561411118 -0.00426044606452418 -0.295062510631265)
(0.514414360028658 -0.0138006050146537 -0.0500075942475108 -0.217067860265641 -0.00549854226934182 -0.297352685261804)
(0.516011611782437 -0.0148036192541256 -0.0543650788979088 -0.216348981012841 -0.00725524205577941 -0.299694485022497)
(0.517216215655819 -0.0163185204855961 -0.0594263399565776 -0.215486774626129 -0.00969075701934203 -0.301770429300479)
(0.518690707141743 -0.0191853846553283 -0.0658879610889693 -0.215153698643006 -0.0128652836980858 -0.303588740369943)
(0.521201150424263 -0.0236994532851109 -0.0734306035590281 -0.216182775147508 -0.0166917851772248 -0.305072825109509)
(0.524796188529296 -0.0293867692944944 -0.0750566460737599 -0.219315899838463 -0.0205482450315828 -0.305511216254715)
(0.529007806894061 -0.0356538534576473 -0.0767876601493201 -0.223905011802546 -0.0245700461428787 -0.305122649401649)
(0.533509507911877 -0.0422999208907875 -0.0783194268728797 -0.229772719654039 -0.0285074298245068 -0.303750260327657)
(0.538442280642234 -0.0490289911174859 -0.0794579927756783 -0.236892597674179 -0.0320658307377938 -0.301552501552482)
(0.544000861803201 -0.0554641942409161 -0.0800926866204588 -0.245080571893693 -0.0349633942935891 -0.298914478932098)
(0.550199945409204 -0.0613009622480981 -0.0802168603122009 -0.254004497255953 -0.0370015216897578 -0.296183186382051)
(0.55689767574635 -0.0663501068578969 -0.0799283435035313 -0.263222268337861 -0.0381049153436482 -0.29365960155022)
(0.563870818024233 -0.0706518645657615 -0.0794362891177597 -0.272283988493524 -0.0383219912100812 -0.291570346828155)
(0.570832873793478 -0.0745801021293463 -0.0790509924201482 -0.280823025469309 -0.0378038174923823 -0.28999366637826)
(0.577493367034459 -0.0789476702483415 -0.0792986638826637 -0.288618169020801 -0.0367594723820182 -0.288858682884057)
(0.583595114608789 -0.0822376374149679 -0.0782649448313312 -0.295576741610059 -0.035253893545775 -0.288001523395384)
(0.588915561583258 -0.0840453964072035 -0.0758403625168446 -0.301666452931148 -0.0334157885289908 -0.287232853181451)
(0.593295227690494 -0.0869999321217616 -0.074017053508338 -0.306956647667352 -0.0314608066815522 -0.286322053430421)
(0.596625935246106 -0.0905927432854604 -0.0720829318833384 -0.311516367739159 -0.0294238049905398 -0.285092704296157)
(0.598865659859431 -0.0945725645672859 -0.069737944773057 -0.315419699324667 -0.0273452867206223 -0.283430146218645)
(0.600018459949851 -0.0867658646007216 -0.0615797448445495 -0.318493073310538 -0.0250152541067969 -0.28151232298755)
(0.600121521818003 -0.0707629795137974 -0.050950870498555 -0.320869559318605 -0.022703939073858 -0.279242825501911)
(0.599229609477378 -0.0551835520170093 -0.0417888148512432 -0.322814632112274 -0.020634413687052 -0.276409090804978)
(0.597408295980584 -0.041163339227566 -0.0341734424457485 -0.324436714285134 -0.0188010868181973 -0.272968107757834)
(0.59472653464179 -0.0292250566176824 -0.0279489193174508 -0.325814595611111 -0.0171710874790565 -0.268910186123748)
(0.591255741444852 -0.0194621466612449 -0.0228806786302447 -0.327002654965778 -0.0157030068071948 -0.264252463012056)
(0.587070482211809 -0.0117357763065546 -0.0187483022670584 -0.328037928737634 -0.0143573666256661 -0.259032494446514)
(0.582253830249396 -0.00580711284898127 -0.0153735339079823 -0.328945597792087 -0.0131001913890957 -0.25330840749783)
(0.576902981589881 -0.00141286401446986 -0.0126329496909545 -0.329742330321328 -0.0119044947989194 -0.247160917012097)
(0.57111723885005 0.00169426205349804 -0.0104177208689704 -0.330440923002807 -0.0107498383129655 -0.240676595435378)
(0.565019376176315 0.00374934337150914 -0.00865841469829723 -0.331048881904368 -0.00962197598017981 -0.233970736858348)
(0.558717129891417 0.00494900806235132 -0.00726603219807324 -0.33157267352142 -0.00851364096336652 -0.227144648873034)
(0.552334897863635 0.00548093710570113 -0.006192471451702 -0.332017573604164 -0.007418700580265 -0.220317469066725)
(0.545979632464129 0.00549166567411426 -0.005364833679531 -0.33238744175074 -0.00633979246375889 -0.213592294922187)
(0.539747878432568 0.00511476904118264 -0.00473269911363292 -0.332687253288318 -0.00527896251223466 -0.207060691289637)
(0.533719578177339 0.00445741567991457 -0.00425635428279976 -0.332922046514041 -0.00424086803392286 -0.200797570061439)
(0.527958932098844 0.00360504093005122 -0.00387220685718296 -0.33309725508517 -0.0032331658503384 -0.194861697076277)
(0.522515318306191 0.00263388526387476 -0.00358777401899299 -0.333218960475843 -0.00226180846625321 -0.18929636400389)
(0.517404403907965 0.00159138016645604 -0.00332408049467913 -0.333294180077831 -0.00133024653723064 -0.1841102039033)
(0.512617895375889 0.000527418382293585 -0.00312538805624842 -0.333329087229761 -0.00044136031679053 -0.179288704312635)
(0.510840577325713 0.00100544304843703 -0.040122450338195 -0.21607683242667 -0.000213704089213875 -0.29482398594755)
(0.511833441831976 0.00219048977449133 -0.0408445772231814 -0.217033179672692 -0.000660241388199142 -0.294805012877357)
(0.513710536077414 0.00079928136690941 -0.0435319520245746 -0.218342147583665 -0.00106528178734668 -0.295356598496802)
(0.516842153987585 -0.0027932943219626 -0.0467241386638028 -0.220451848688991 -0.00144097688925067 -0.296339004246343)
(0.520170409342626 -0.00686379333557762 -0.0503290002953614 -0.222478498728407 -0.00164735217857538 -0.297639736638834)
(0.52363556040399 -0.0100746490596604 -0.0536384423683519 -0.224184315267729 -0.00208839246243743 -0.299411368417425)
(0.526471964946928 -0.0125803386633496 -0.0570917890882358 -0.225082675063452 -0.00277819456648774 -0.301373048275422)
(0.528612682080316 -0.0145041540178772 -0.0610013980610444 -0.225072683292986 -0.00378414026978504 -0.303541998871887)
(0.530243638572101 -0.0160587914768648 -0.0654631303011506 -0.224465379382384 -0.00537605676912724 -0.305808689843231)
(0.531688652748877 -0.0181172529334357 -0.0701280310441357 -0.223858171009393 -0.00765593412250518 -0.307868436736252)
(0.533477806341807 -0.0212058708984046 -0.0757487475693046 -0.22380237155362 -0.010589457616414 -0.309722836207806)
(0.53620404300278 -0.0256023465897643 -0.0786762638849306 -0.22510149683702 -0.0139455280927647 -0.311150092764754)
(0.539828582967734 -0.0307752780634267 -0.0794737373623329 -0.228012995003892 -0.0175465170172052 -0.311845782089958)
(0.543905751579526 -0.0363318478019495 -0.0803687222742259 -0.232110697533705 -0.0213088837078839 -0.311818549973404)
(0.548094477757757 -0.0421994913501188 -0.0811216754494018 -0.237228937666306 -0.0250226688134284 -0.310882831937436)
(0.55249392782454 -0.0481856394803122 -0.0816591472366323 -0.243361967212063 -0.0284195585440984 -0.309139980754669)
(0.557250984355124 -0.0540393678000749 -0.0819494630835685 -0.250367632758094 -0.0312741861136979 -0.30688245660945)
(0.56235726919902 -0.0595381811087584 -0.0820079732500766 -0.257975109106222 -0.0334364981663786 -0.304375077698603)
(0.567711355979982 -0.0645441099801814 -0.0819099587154309 -0.265834372033007 -0.0348479360527549 -0.301866744810922)
(0.573154796286329 -0.0690576863578896 -0.0818054013791903 -0.273588210434921 -0.0355450826328338 -0.299554591457613)
(0.578500593276858 -0.0733558778637152 -0.0819120058257323 -0.280956426867643 -0.0356372608199444 -0.297529233367337)
(0.583561969685271 -0.0779649273650087 -0.0825280862376939 -0.287774063913845 -0.0352659344367817 -0.295771371808373)
(0.588186917042262 -0.0831118413808446 -0.0833526079020397 -0.29399166925031 -0.0345312724759729 -0.2941770202901)
(0.592226501988313 -0.0842277459832491 -0.0799525050525658 -0.299583689763571 -0.0332984370870049 -0.292623517122616)
(0.595553435928322 -0.0871748597993403 -0.0780033970557589 -0.304577086107704 -0.0319229338983942 -0.290955083269003)
(0.598065082528841 -0.0909640771389345 -0.0760448033293882 -0.309018737641867 -0.0303880507866097 -0.289024225169907)
(0.599701279604238 -0.0951750912653263 -0.0735256918612378 -0.312944454286036 -0.0287159370712612 -0.286734741290099)
(0.600432679403647 -0.0851666040789793 -0.0628963472793526 -0.31613345817828 -0.0266359460960383 -0.284280229769836)
(0.600259113587417 -0.0691747618515807 -0.0505698971714708 -0.318738044126864 -0.0245367830369488 -0.281506834261243)
(0.599202759412292 -0.0537048463507958 -0.0399122089001498 -0.320935945083485 -0.0225985327942406 -0.278256628180779)
(0.597303990422554 -0.0399120620281452 -0.0310530601480386 -0.322815695502984 -0.0208281807892093 -0.274481274371089)
(0.594612165550668 -0.0283033989876446 -0.0238080255697256 -0.324442856620436 -0.0192044756169837 -0.270164965824498)
(0.591184412170992 -0.0189068571514718 -0.0179042975510794 -0.325861787438809 -0.0176971426185954 -0.265320077953953)
(0.587087641394524 -0.0115296736346471 -0.0130825787807892 -0.327104996544649 -0.0162762673816077 -0.259981035588222)
(0.582404131456099 -0.00590361284652862 -0.00914387158556393 -0.328195592482304 -0.0149151594503042 -0.254207483070697)
(0.577223687081777 -0.00176035500089012 -0.00593449140848447 -0.329150674834364 -0.0135935351000825 -0.248072435740314)
(0.571644391993588 0.0011589334980638 -0.00333251320329185 -0.329982785053443 -0.01229766403642 -0.241661325036577)
(0.565779358259785 0.00308909720942016 -0.00124440300734518 -0.330702378366 -0.0110172661148796 -0.235076821811152)
(0.559744042448963 0.00422743506408164 0.000412373551287712 -0.331317379466625 -0.00974837411913799 -0.228426578667651)
(0.55365780263559 0.00474873133500549 0.00170193129241572 -0.331834940351871 -0.00849027951011967 -0.221822826191296)
(0.54761663670644 0.00478985037029296 0.00270592979788245 -0.332261891971572 -0.00724795247136451 -0.21535474040018)
(0.541715063495904 0.00447938968427028 0.00346747681311348 -0.332605335287778 -0.0060252146830947 -0.209109737009639)
(0.536025766368221 0.00390766716944983 0.00406844205889785 -0.332871974437959 -0.00483324785824179 -0.203153804064929)
(0.530604596023519 0.00316363903354502 0.00452856186965487 -0.33306977669272 -0.00367681590877512 -0.197534826909495)
(0.525489496825829 0.00230704357239399 0.00489689280364967 -0.333206554944579 -0.00256433900596159 -0.192282950327213)
(0.52068517940451 0.00138429400790515 0.00520958320057933 -0.333290615304403 -0.00149785437292569 -0.187394567904242)
(0.516244918036442 0.000455941419782124 0.00545613559800052 -0.333328777971864 -0.000493526269405791 -0.182915953919058)
(0.525140115539295 0.00118617719285187 -0.0480243215092358 -0.223604379937401 -0.000164386447478116 -0.301598586020122)
(0.525989780920483 0.0027780657628779 -0.0486686442419542 -0.224509588543306 -0.000434825366095323 -0.301484905347468)
(0.527467506635753 0.00170878582693917 -0.0512672738654703 -0.225657963704397 -0.000667051732476083 -0.301798694393096)
(0.530156226529629 -0.00172272874686775 -0.054474293981456 -0.227595302761353 -0.000803853388306854 -0.302513642868045)
(0.532885383694258 -0.00591623349202469 -0.0583376542538028 -0.229343782990869 -0.000814764409318671 -0.30349499607173)
(0.535885086163611 -0.00952053267494071 -0.0621112324763521 -0.230896223371379 -0.0010400090437405 -0.304946103699944)
(0.538475503916998 -0.0125613516593487 -0.0659707753459237 -0.231799677997896 -0.00148460047813148 -0.306654833139766)
(0.540475046495144 -0.0149689594823308 -0.0702723807057024 -0.231848317513655 -0.0022535798979498 -0.308624813084705)
(0.542037666976782 -0.0171512998811113 -0.0748706581597784 -0.231339895395394 -0.0036530133108364 -0.310724749700775)
(0.543664429835479 -0.0197879539570592 -0.0792069274043022 -0.231018142634681 -0.00573926067394241 -0.312680307367393)
(0.545719736584975 -0.0231192227491042 -0.0840289673097986 -0.231280689549024 -0.00840840301616022 -0.314481055757249)
(0.548618315945954 -0.0274052411799259 -0.0844228263924488 -0.23277589512868 -0.0114172075157739 -0.315882793988627)
(0.552246886113327 -0.0321749121901905 -0.0846490009310749 -0.235531889844549 -0.0147296190401126 -0.316745096258767)
(0.556195528457631 -0.0371891624649423 -0.0849147693075743 -0.239242714341346 -0.0182189319240741 -0.316978584102956)
(0.560159902840573 -0.0424547296952174 -0.085024621467447 -0.243781589235234 -0.0216951057440408 -0.31639868851545)
(0.564184676205704 -0.0478461249351393 -0.0850021897723597 -0.249134016012735 -0.0249097960704247 -0.315062385848792)
(0.568349200528627 -0.0531889412718253 -0.0848889022501114 -0.255174202274543 -0.027685964902129 -0.313178378494484)
(0.572625454744664 -0.0583355477689479 -0.0847490467419452 -0.26167049857092 -0.029915303189297 -0.310952723393581)
(0.576920261345918 -0.0631307486106589 -0.084556847711602 -0.268334120105377 -0.0315551147092762 -0.308580354594746)
(0.581122069672337 -0.0675255899040032 -0.0843690728082405 -0.274891036114824 -0.0326380471576469 -0.306220672813532)
(0.585119403278807 -0.071631269226869 -0.0842803123530694 -0.281144026065026 -0.0332425971488727 -0.303961981640761)
(0.588826875284519 -0.0756304391758844 -0.0842993740852911 -0.286995897433638 -0.0334476356316573 -0.301814909219547)
(0.592172709757329 -0.0797901824129617 -0.084434375183034 -0.292423945266996 -0.0333200781713155 -0.299729332402802)
(0.595082792256242 -0.0845970290215583 -0.0847522550257057 -0.297448771865295 -0.0329094013667154 -0.297611346802104)
(0.597466909385176 -0.0872508014702628 -0.0823221687251999 -0.302083773276653 -0.0321194057322814 -0.295357218715048)
(0.599239803058889 -0.091231539299605 -0.080364379581973 -0.306346207369918 -0.0311243528261459 -0.29286536329408)
(0.600329646610123 -0.0957595937576336 -0.0777952329149665 -0.310246112972414 -0.0299126246490024 -0.290054940996903)
(0.60068299861487 -0.0828261010976281 -0.0638679593842694 -0.313529473973334 -0.0281238673081092 -0.287129779985508)
(0.600270035388641 -0.0674778931602803 -0.0502367197273126 -0.316361619664418 -0.0263110208415211 -0.283889805983906)
(0.599086187480196 -0.0525805750459848 -0.0383764729560377 -0.318824899409801 -0.0245657112337008 -0.280247564384269)
(0.597147588795123 -0.0393132385193495 -0.0285024266410301 -0.320981786438012 -0.0229065107139425 -0.276156257354196)
(0.594487746907177 -0.0281631235868237 -0.0204334341042144 -0.322880383795924 -0.0213251869016281 -0.271600846770999)
(0.591153496037112 -0.0191693843368318 -0.0138791775963789 -0.324555091496884 -0.0198033136932015 -0.266594143865686)
(0.587204014990852 -0.0121327173824987 -0.00855245068967823 -0.326031386568068 -0.0183217904274953 -0.261169900952808)
(0.582714908233585 -0.00677365784379923 -0.00422475842758961 -0.32732924314969 -0.016863716379602 -0.25538382757723)
(0.577776058616963 -0.00281651964234412 -0.000720717056774119 -0.328464802775147 -0.0154160698806984 -0.249310083628106)
(0.572480638747611 -1.24274090866167e-05 0.00210504890559333 -0.329451456277133 -0.0139717963283868 -0.243028485659548)
(0.566944330615555 0.00187230374575058 0.00435426049275038 -0.33029989866999 -0.0125273719884185 -0.23664400943184)
(0.56127472469259 0.00302325607246666 0.0061257489839307 -0.331020726197898 -0.0110841895650166 -0.230253742401841)
(0.555585561020973 0.00360739152955659 0.0074933090574675 -0.331623375255687 -0.00964632026500403 -0.223962028227842)
(0.549967466039489 0.00374875410711728 0.00854434945908686 -0.332116812974284 -0.00822402651519392 -0.217850586277497)
(0.544497329767804 0.00356078426341822 0.00934873888215993 -0.332511143478875 -0.00682530659152305 -0.211986154889049)
(0.539261947548636 0.00314404049429205 0.0099514397650189 -0.332814487761276 -0.00546466764203123 -0.206447450919888)
(0.534289466304906 0.00256234890852857 0.010413617627797 -0.333038263180271 -0.0041484081802305 -0.201251202338729)
(0.529610458105508 0.00187667808749877 0.0107682401001072 -0.33319209673746 -0.00288568409130576 -0.196418364331404)
(0.525291014130157 0.00113981011230082 0.0110563234090854 -0.333284772999885 -0.00169550861211412 -0.192006228257926)
(0.521176948971863 0.000371158863968984 0.0112709488624322 -0.333328201372013 -0.000551634204870768 -0.187848771419101)
(0.537389068304284 0.00130967707638456 -0.0546867069751904 -0.230178665968284 -0.000142752592897195 -0.307270483431874)
(0.538135497664771 0.00327327818112319 -0.0552149023762089 -0.231036013553693 -0.000287339032216337 -0.307106400876016)
(0.539231186132159 0.00250827275450053 -0.0575987803818351 -0.23198385508428 -0.00039289077350894 -0.307235809778516)
(0.541449907554332 -0.00073267193586544 -0.060694841445151 -0.233675331186888 -0.000335724413899137 -0.307732525385979)
(0.543609853894632 -0.00498525302869312 -0.0646050474707825 -0.235123002563939 -0.000198819310918755 -0.308445874590098)
(0.546129887431724 -0.00892749611797716 -0.0686415284580364 -0.236485078215873 -0.000217789018461852 -0.309603293984446)
(0.548433670825129 -0.012407487098545 -0.0727542588397108 -0.237356909481369 -0.000416533044696137 -0.311052675103048)
(0.550188577843841 -0.0152508870109657 -0.0773388325538172 -0.237405796619365 -0.000959864476860861 -0.312778100403863)
(0.551606003174523 -0.0180922614776122 -0.0820246595811305 -0.236972554924749 -0.00214736881434756 -0.314656332184025)
(0.55332678873589 -0.0213204429069479 -0.0860893040068333 -0.236906108763663 -0.00400667988697639 -0.316449031808795)
(0.555563641301127 -0.0249269092249753 -0.0902228664653375 -0.237464733222295 -0.00639297820574092 -0.318133941681516)
(0.558568825428026 -0.0291647480415653 -0.0904285943350419 -0.239076579879664 -0.0091341600280642 -0.319525752071277)
(0.562158278762083 -0.0336572120877884 -0.0903110001412299 -0.241704323131081 -0.0121536738364622 -0.32048281905628)
(0.565971760047272 -0.0382751352310478 -0.0901503622164839 -0.24510308893821 -0.0153700896984736 -0.320896291948912)
(0.569763048279377 -0.043076465819902 -0.08978294380263 -0.249186539577931 -0.0186065905973409 -0.320598716603874)
(0.573521487988195 -0.0479552297980363 -0.0892371770842043 -0.253923622243191 -0.0216320806452431 -0.319612427608464)
(0.577252257210576 -0.0527663823253566 -0.0885703272230302 -0.259185176693105 -0.0243027696893703 -0.318074538487283)
(0.580900674334653 -0.0574149524475374 -0.0879638600506343 -0.264755016405039 -0.0265471262783517 -0.316146977526123)
(0.584378849430455 -0.0618170010317035 -0.0875006942598722 -0.270389688011056 -0.0283471142214266 -0.3139849055786)
(0.587602431605269 -0.0659733428492139 -0.087229164462686 -0.275883682142884 -0.0297395208491906 -0.311710013771042)
(0.590529359987245 -0.0699519772565994 -0.0871627379543001 -0.281120771438131 -0.0307789741736854 -0.309397111837026)
(0.593144032582928 -0.0738770517145291 -0.0872500433476294 -0.286063091253859 -0.0315121804706284 -0.307064609340918)
(0.59544378132228 -0.0778938933366541 -0.0873910735277829 -0.2907319744797 -0.0319651628910551 -0.304691556506423)
(0.597412758812562 -0.0822020376208162 -0.087432788079596 -0.29516802363214 -0.0321408186902605 -0.302219131704782)
(0.599003714699362 -0.0871032861632431 -0.0872676701996108 -0.29940433508131 -0.0320361057341147 -0.299569103763467)
(0.600153696348229 -0.0911047733988755 -0.0851447608841841 -0.303449521838292 -0.0315871234787084 -0.296671501276031)
(0.600788911889122 -0.0913595422384671 -0.0790634419207771 -0.307249608548231 -0.0307435434899856 -0.293507007382511)
(0.600840636941524 -0.0790825053807411 -0.0641188236229966 -0.310652573347807 -0.0293966882529637 -0.290160597155671)
(0.600260438121075 -0.0651553765144276 -0.0498323666465224 -0.313707828130919 -0.0279430614086793 -0.286530788120819)
(0.59902279790743 -0.0513929742699846 -0.0372249707993236 -0.316445260861964 -0.0264511616362854 -0.282561575140084)
(0.597124600593541 -0.0389847058897951 -0.026639607520253 -0.318896882242006 -0.0249503982549127 -0.278216433374739)
(0.594586767752533 -0.0284706918502209 -0.0179860443303331 -0.32109064242076 -0.0234464754563316 -0.273488379167346)
(0.591443542276884 -0.0199501781399025 -0.010984105346839 -0.32304809443108 -0.0219348234522736 -0.268390251658377)
(0.58775255149982 -0.0132468524736876 -0.00534229887475218 -0.324785785806323 -0.0204071851068664 -0.262963254097786)
(0.583581448801319 -0.00812085754071654 -0.000807861439381733 -0.326319642392867 -0.0188578899834234 -0.257259525084588)
(0.579014983440889 -0.00430395582920979 0.00281901117729851 -0.327662594658239 -0.0172839399681843 -0.251350903567056)
(0.574150519172853 -0.00155176051803292 0.00569661255209298 -0.328827794642075 -0.015685660910284 -0.245321788413753)
(0.569090506978494 0.000343625912573352 0.00795300092026407 -0.329827243437018 -0.0140680127066011 -0.239262677680196)
(0.563942944165966 0.00156333146714228 0.00969364724195153 -0.330672166986734 -0.0124399249512216 -0.233270439602691)
(0.558799928077452 0.00225029940721027 0.0110202638938731 -0.331374840766625 -0.0108134117105753 -0.227424891408373)
(0.55375367994496 0.0025368231224688 0.0120103964856764 -0.331946820635487 -0.00920203639076896 -0.22180675267096)
(0.548878534618735 0.00252058981357523 0.012739956607532 -0.332399920934783 -0.00762224066861464 -0.216478565826721)
(0.544221073733967 0.00228240312109433 0.0132744531633473 -0.332747718115506 -0.00608540873415112 -0.211473335765002)
(0.539831776097995 0.00189334219965474 0.0136618201981604 -0.333001650856524 -0.00460818112491956 -0.20683011949319)
(0.535715515317636 0.00139870326819633 0.0139505834101549 -0.333175672392435 -0.00319391004135503 -0.202539850948492)
(0.531916178803658 0.000849968108415692 0.0141670708490588 -0.33328015761529 -0.00186222445736431 -0.198636025795686)
(0.52846259459758 0.0002772432966302 0.0143506053890829 -0.333327745715428 -0.000610458830775213 -0.195134840356031)
(0.547627445784431 0.00138206750235636 -0.0597707030883308 -0.235719101735046 -0.000136388877036625 -0.311961939427348)
(0.548300613723552 0.00366525259946736 -0.0601487003604015 -0.236531717174247 -0.000193134153265487 -0.311779286015134)
(0.549047845858932 0.00317888923036963 -0.062216414782516 -0.237260513625025 -0.000206619507521794 -0.311773576478255)
(0.550780692698135 0.000126862746181529 -0.0650787687358846 -0.238643046562064 -6.98949377687714e-06 -0.312102141022116)
(0.552421782044006 -0.0041383524237947 -0.0688174278531845 -0.239785147322017 0.000233638343577005 -0.312601031732851)
(0.554481165618618 -0.00837859034445496 -0.0728838736570509 -0.2409377451213 0.00039542441090027 -0.313506217253859)
(0.556470597980616 -0.0121983657424195 -0.0770463057062304 -0.241739478461013 0.000416576706312523 -0.31470736142399)
(0.55791988642304 -0.0154331731220074 -0.081763806680617 -0.24174062916412 8.11315225374427e-05 -0.316173818280567)
(0.559134264980633 -0.0189110167792493 -0.0864491926494267 -0.241349897868643 -0.000885099895106204 -0.317801935286399)
(0.560854021832241 -0.0227241391914569 -0.0902569234212926 -0.241475868688298 -0.00249596309905439 -0.319401058477221)
(0.56317369140311 -0.0266608457001659 -0.0938207315573284 -0.242267863089441 -0.00458753886982813 -0.320932328664867)
(0.566208251864366 -0.0309143741523174 -0.0965736417446614 -0.243924239489312 -0.00710001896177313 -0.322311034372865)
(0.569713582559979 -0.0352614677863389 -0.0962061975411422 -0.246432405494989 -0.00983668813219466 -0.323309160674307)
(0.573378591337051 -0.0396099062972029 -0.0955954895990727 -0.249575065975886 -0.012782291127601 -0.323831740194483)
(0.57703092173512 -0.0440095645645824 -0.0947078349772798 -0.253305645466888 -0.0157784829599464 -0.323748430601608)
(0.580597375916047 -0.0483906479344501 -0.0936815937320675 -0.257558639184049 -0.0186156869273598 -0.323055539738813)
(0.584010090559961 -0.052661668565808 -0.0926515142067594 -0.262184349324559 -0.0211766880906615 -0.321835669645257)
(0.58719262260483 -0.0567607342178257 -0.0917395030347842 -0.266984453236872 -0.0234101138134859 -0.320212067510301)
(0.590056158371343 -0.0606830741032151 -0.0910584168823314 -0.271752336842994 -0.0253180858437322 -0.31830230455668)
(0.592541885623264 -0.0644656149447772 -0.0906856223786869 -0.276338884636232 -0.0269393422751924 -0.316197106551177)
(0.594651510817858 -0.068191531097804 -0.0906399795217535 -0.280686232289615 -0.0283195097440205 -0.313954403332087)
(0.596422090128636 -0.0719809858069043 -0.0908616774256788 -0.284811050623232 -0.0294874175359943 -0.311595009825161)
(0.59790812454619 -0.0759566952605906 -0.0912180114905934 -0.288775484554616 -0.0304423714691942 -0.309110944741712)
(0.599135683346795 -0.0802481580270509 -0.0914711886576904 -0.292645057246698 -0.0311609853357487 -0.306462629197358)
(0.600104611008036 -0.0849862618457029 -0.091329844932512 -0.296474353646187 -0.0316037913286699 -0.303597542059998)
(0.600770008930201 -0.0900424919026732 -0.0902593155078671 -0.300276142709056 -0.0317279147554222 -0.300457632050067)
(0.601067527316421 -0.0833413818587016 -0.0774061126866903 -0.3039797329772 -0.0311976720147233 -0.297054143018496)
(0.600926443807863 -0.0734241693567736 -0.0631753445297616 -0.307483587222723 -0.0303723848082806 -0.293414385067227)
(0.600285842449876 -0.0616699662131464 -0.0491058646239091 -0.310750493428878 -0.0293322386272837 -0.289512629748692)
(0.599106281679329 -0.0496146420580144 -0.0363547340994629 -0.313766619486968 -0.028140833369658 -0.28532273889465)
(0.597371868588848 -0.0384386678682186 -0.0254582919965666 -0.316530579911125 -0.0268358893497754 -0.280829313267942)
(0.595089571436496 -0.0287733600176708 -0.0164881322083924 -0.319044934034575 -0.0254364979641707 -0.276036398667257)
(0.59228839035884 -0.0208086989740328 -0.00924646125481816 -0.321314935052477 -0.0239520041505234 -0.270967870115881)
(0.589015406951064 -0.0144727691205533 -0.0034649394428438 -0.323347084856645 -0.022388378591188 -0.265664603448232)
(0.585333959841656 -0.00956829892572413 0.00111691399625766 -0.325149277948986 -0.0207517603811106 -0.260182248995732)
(0.581324073481163 -0.00586256629057749 0.00471788511218532 -0.326730834888086 -0.0190503139604942 -0.254591665714602)
(0.577074077034332 -0.00313978378009615 0.00751694934397955 -0.328103363320407 -0.0172952435625354 -0.24896971835512)
(0.57267908321902 -0.00120754571461338 0.00966093256774864 -0.32927832905244 -0.0155013606041047 -0.243400142909801)
(0.568233370042993 9.84554101034104e-05 0.011273321618313 -0.330268315128989 -0.0136868782877165 -0.237964684388404)
(0.563823396247512 0.000915872383549321 0.0124604083501761 -0.331087377204012 -0.0118717220778043 -0.232735812593763)
(0.559521693699959 0.00135459671918962 0.0133151764511099 -0.33175061618517 -0.0100761105699802 -0.227770965929989)
(0.555389788641468 0.00151111553196399 0.0139140690943734 -0.332273021496812 -0.00832078440568847 -0.223116713560897)
(0.551473250715206 0.00145828200777765 0.0143233751028022 -0.332670596166658 -0.00662399886183437 -0.218802631946495)
(0.547797851857232 0.0012551588029225 0.0145974511776544 -0.332959908129792 -0.00499835639779122 -0.214837939362481)
(0.544383403085441 0.000952923194349807 0.0147770485095628 -0.333155736792532 -0.00345925187591057 -0.211227669665112)
(0.541230159355178 0.000585914666627391 0.0148961108942368 -0.333273826178483 -0.00200823555306037 -0.207956332796774)
(0.538348325684003 0.000194361539548244 0.0149768398283249 -0.333326860011746 -0.000663240826291703 -0.205021426781872)
(0.555914118416232 0.00141516510735911 -0.0629109381463461 -0.240152507164415 -0.000135600349772611 -0.315806827382565)
(0.55652901003118 0.00395921146086028 -0.0631072941627695 -0.24091691591609 -0.000134218853653289 -0.315625620933869)
(0.556965417467243 0.00372507176772023 -0.0647771928131039 -0.241420240786133 -8.22455734353705e-05 -0.315530243575828)
(0.558217107280577 0.000851126303351561 -0.0672893310204929 -0.242453217933123 0.000212357988018306 -0.315735192320171)
(0.559396164072043 -0.00342115653480053 -0.070667940802625 -0.243294855477739 0.000518894031008284 -0.316070365457945)
(0.561029927083203 -0.0079261460609373 -0.0745393314803298 -0.244230148873945 0.000827719659835317 -0.316767611178817)
(0.56269541377444 -0.0119988594235641 -0.0785505439300021 -0.244928228434987 0.00102938181698977 -0.317744564326825)
(0.563807140717443 -0.0155856001014145 -0.0832202567440995 -0.244841730702316 0.000876573721336141 -0.318959362899452)
(0.564773788311687 -0.0196469958508814 -0.087773791849921 -0.244452113014319 0.000126741793136306 -0.320333827196784)
(0.566410749197472 -0.0240298176821677 -0.0913286541632869 -0.244699753383689 -0.00122501567261451 -0.32172714984895)
(0.568715671449208 -0.0283409994298962 -0.0944063701574923 -0.245646519339022 -0.00302280099938909 -0.323088089009746)
(0.571702882585625 -0.0326795403022927 -0.0969264304200945 -0.247370291014988 -0.00521966660522581 -0.324352877226918)
(0.57508263078162 -0.0369271540038222 -0.0990529491375445 -0.249731727309854 -0.00772064674105571 -0.325377095426496)
(0.578598254997311 -0.0411653884315477 -0.100822083075901 -0.252611325950548 -0.0104585690454457 -0.326014102699489)
(0.582132191296002 -0.04524377546499 -0.0997162478456204 -0.256058482601822 -0.0132284497191011 -0.326096959078423)
(0.58555635821275 -0.0491499414308772 -0.0984166581895779 -0.259927246853236 -0.0158865990320332 -0.325647461191974)
(0.588742994229825 -0.0528418410343707 -0.0970981888957714 -0.264046589852124 -0.0183336932155227 -0.324708596074989)
(0.591588384875558 -0.0563154976963567 -0.0959231143700355 -0.268222452110963 -0.0205333406341618 -0.323372223464986)
(0.594007974717655 -0.0596159579223812 -0.0950474467623912 -0.272281618573139 -0.0225004030055825 -0.321727597400559)
(0.595956913567427 -0.0628522171130667 -0.094567420012196 -0.276114164970121 -0.0242788839771652 -0.319839048811044)
(0.597472225492527 -0.0661488833383879 -0.0945269310520589 -0.279712170263422 -0.0259091683283122 -0.317750558993617)
(0.59862166607318 -0.0696302602795361 -0.0948773443676141 -0.283127055921642 -0.027412834524031 -0.315479241609249)
(0.599501221463865 -0.0734341463192604 -0.0954746308711753 -0.286457940872224 -0.0287759531514283 -0.313020943374888)
(0.600181192534064 -0.0776737734870701 -0.0960600828821901 -0.289802702888522 -0.02995718938791 -0.310350165080941)
(0.600693272793189 -0.0789596200215581 -0.0916936327505802 -0.293275285402164 -0.0307726010739918 -0.307385174975669)
(0.601021919839861 -0.0772615752966521 -0.0836139424997925 -0.296842375105626 -0.0312107292497405 -0.304145838858507)
(0.6011177056801 -0.0727731086196508 -0.0729588745633086 -0.300447248376269 -0.0312757508865478 -0.300639153539464)
(0.600914655795602 -0.0656204275970064 -0.0605676118406552 -0.304017590835608 -0.0309843612023291 -0.296869685919868)
(0.600349212907781 -0.056573333265411 -0.0476990351494939 -0.307481430493374 -0.0303803980434121 -0.292845971243711)
(0.599371929593325 -0.0467472477566118 -0.0355212935242093 -0.310780731034139 -0.0295118878530905 -0.28857501794491)
(0.59795677769835 -0.0371806598368733 -0.0247934163781467 -0.313875205261431 -0.0284205215931214 -0.284069981122866)
(0.596100775759808 -0.0285944604551513 -0.0158071200298932 -0.316738907347815 -0.0271373721926763 -0.279353812966237)
(0.593822662041049 -0.0213210580350876 -0.00852751827569284 -0.319355925658729 -0.0256865363072477 -0.274461297252779)
(0.591160203370469 -0.0154107456398669 -0.00275437191372829 -0.321718667171945 -0.0240889910206232 -0.269437938938778)
(0.588168931170545 -0.0107499805371449 0.00175714867504414 -0.3238247800677 -0.0223646813988704 -0.264341797325578)
(0.584918174274489 -0.00716568157128807 0.0052333628854026 -0.325678388092562 -0.0205354795483729 -0.259238268035085)
(0.581485390568353 -0.00447688195737006 0.00787116934698028 -0.327287084086208 -0.0186254647774111 -0.25419735459401)
(0.577951759976284 -0.00251452413287443 0.00983615280308713 -0.328661940347313 -0.0166611586088732 -0.249289237760037)
(0.574396243740329 -0.00113184156642525 0.0112663183471534 -0.329816647037977 -0.0146709804846453 -0.244579252054357)
(0.570888176496867 -0.000205445689056132 0.0122785697938769 -0.330767893013595 -0.0126832779988034 -0.240120090570604)
(0.567488741129036 0.000366102914543477 0.0129701441624772 -0.331533658836123 -0.0107252731890468 -0.23595498309858)
(0.564239601661893 0.000668712619369579 0.0134224330747124 -0.332133754375366 -0.00882079135202679 -0.232105797716273)
(0.561180607192544 0.000770941881101999 0.0137003509191143 -0.332587072561637 -0.0069932438361564 -0.228593513940836)
(0.558325624537897 0.000726397417779527 0.0138573348806286 -0.33291478191877 -0.00525515024966152 -0.225410834390403)
(0.555687343543757 0.000580175380146472 0.0139334486241344 -0.333135467131993 -0.00362001441458195 -0.222551877768582)
(0.553262696272015 0.000368704359321656 0.0139601610679079 -0.333266959822604 -0.00209742712339715 -0.219995733019337)
(0.550969618311819 0.000119509948740394 0.0139654701588136 -0.333326610162867 -0.000674768108867643 -0.217643003014266)
(0.562316333281954 0.00142061966084303 -0.0637591784993278 -0.243415460059752 -0.000133990278240654 -0.318937289295831)
(0.562877741173457 0.0041748641131889 -0.0637765228657388 -0.244123952658656 -9.93616063770759e-05 -0.318769472274774)
(0.563044374527108 0.00415692388411543 -0.0649958445987171 -0.24440598722245 -1.22858357284142e-06 -0.318623832406598)
(0.563831752427973 0.0014547791824955 -0.0670692088980258 -0.245068236905523 0.000346457149174364 -0.318739137170777)
(0.564603940963659 -0.00285121214493877 -0.0699412694448778 -0.245620360611971 0.000687400875455627 -0.31895728098048)
(0.565853966542794 -0.00759556465173754 -0.0734201009023556 -0.246337258731444 0.00110491925453393 -0.319490271205943)
(0.56719001713634 -0.0118508341151434 -0.0771018782777973 -0.246898386886825 0.00144023608728631 -0.320271476668314)
(0.567960773604836 -0.0157556325355514 -0.0815280716611055 -0.246696494523487 0.00144147577079478 -0.321257985829992)
(0.568651468245391 -0.0203439071267624 -0.0858187350843939 -0.24626497054758 0.000892064864515172 -0.322393023122004)
(0.570143416166507 -0.0252699037713103 -0.0891020720446615 -0.246569800087475 -0.000206933657720971 -0.323583546249409)
(0.572351352367354 -0.0299767872687906 -0.0917503079525591 -0.24759514852722 -0.00172067870181427 -0.324768701665171)
(0.575224076035748 -0.0344563168987643 -0.0937328933808349 -0.249342125101222 -0.0036125350367739 -0.32589748872332)
(0.578448422685013 -0.0385868514851816 -0.0951322217909548 -0.251634688630765 -0.00581936748494359 -0.326836020449043)
(0.581819198307755 -0.0424561490856666 -0.0958989736898518 -0.254395816192361 -0.00827384810630822 -0.327446978117196)
(0.585252182950108 -0.0460441856771347 -0.0958338135232456 -0.257624180903347 -0.0108272510811368 -0.327649364086533)
(0.58857246795174 -0.0492547789436001 -0.0951649401209145 -0.261193338648976 -0.0133168566404804 -0.327396943241566)
(0.591606206617004 -0.0520456969295441 -0.0940450602329081 -0.264919158757927 -0.0156476945916041 -0.326700082758828)
(0.594228724833453 -0.0544392756649208 -0.0926520926556416 -0.26861399467705 -0.0177883533011809 -0.325622770053984)
(0.596344978397623 -0.056500725917424 -0.0911818563569331 -0.272120165451572 -0.0197614407463878 -0.324228168067042)
(0.597928800424715 -0.0583123276036245 -0.0897735737864891 -0.275362626675349 -0.0216119369255891 -0.322564863403988)
(0.599027420717428 -0.0599642283834364 -0.0884748528298942 -0.278355992406966 -0.0233794014975383 -0.320664922681863)
(0.599741203488973 -0.061489466521417 -0.087177251540886 -0.281184638434822 -0.0250808536196165 -0.318544134245158)
(0.600192925380265 -0.0628356318629431 -0.0855979121124507 -0.283971259060701 -0.0266965802268952 -0.316203149429469)
(0.600491362371859 -0.0638112989984096 -0.0832450744239385 -0.28684295242676 -0.0281723118557346 -0.313624397977458)
(0.600701125500154 -0.0640524082171502 -0.0794637009103043 -0.289896776224804 -0.0294319947369869 -0.310776591856222)
(0.600837303122261 -0.0631073202054374 -0.0737369295244785 -0.293175076749427 -0.0303948396793781 -0.307633769930757)
(0.600871660854439 -0.0604887163624717 -0.0658355732359973 -0.29665672931126 -0.0309952550819613 -0.304187699684396)
(0.600750804100552 -0.0559810582100018 -0.0560650657817551 -0.300271675993392 -0.0312008553189848 -0.300455257721974)
(0.600411436147185 -0.0497810169542784 -0.045247777043154 -0.303922585640621 -0.0310134098953067 -0.296469823988009)
(0.599799780107094 -0.0424615101565296 -0.0343703649161005 -0.307512573841239 -0.0304575410990228 -0.292272672120174)
(0.598878862543346 -0.034821571124298 -0.0243331985963179 -0.310960956742351 -0.0295727866187829 -0.287907357567101)
(0.597634506812245 -0.0275615178368935 -0.0156690249541458 -0.31420700498067 -0.0283985953925476 -0.283420107136385)
(0.596072450686521 -0.0211426852518381 -0.00855279415617075 -0.31720861456578 -0.0269736066183106 -0.278858904048725)
(0.594217213417912 -0.0157543609694392 -0.00290485027434086 -0.319939295734817 -0.0253349160972439 -0.274274665032561)
(0.592112595138297 -0.0113955073833985 0.0014601618859224 -0.32238513398679 -0.0235191252324927 -0.269725327319838)
(0.589811623370171 -0.00797583780613913 0.00476379528126542 -0.324541653458276 -0.0215635330890843 -0.265268608883805)
(0.58737598404057 -0.00535691547602347 0.00721232497631439 -0.326412130238156 -0.0195069300561743 -0.260963001049261)
(0.58486787076617 -0.00340210897205882 0.00898508676996376 -0.328007544394071 -0.0173883505095838 -0.25685980704371)
(0.582348603328515 -0.00198322893781771 0.0102320032507281 -0.329341576865573 -0.0152475891856576 -0.253006715141185)
(0.579867078451476 -0.000989991716865206 0.0110790015040238 -0.330435037060812 -0.013121022320986 -0.249431869293798)
(0.5774735966841 -0.000332597407329616 0.0116255958300151 -0.331310328294666 -0.0110399638408652 -0.246163180535369)
(0.575195757357301 7.00484287223394e-05 0.0119539580246922 -0.331991389320472 -0.00903350570995388 -0.243204324175083)
(0.573068166179101 0.0002802629315956 0.0121272401430209 -0.33250200439894 -0.00712647812906111 -0.240566143725015)
(0.571057979183709 0.000348270800633167 0.0122013167930901 -0.332869663224437 -0.00532731952959675 -0.238188310145807)
(0.569240985443301 0.000314554117164115 0.0122046037941411 -0.333114385767295 -0.00365584621400273 -0.236126596930459)
(0.567520254021941 0.000213897471472814 0.0121776731143156 -0.333259661450583 -0.00211415171273339 -0.234260579822548)
(0.565997376765175 6.91900158940703e-05 0.0121210522542557 -0.333325819867221 -0.000677783762060789 -0.232671526894976)
(0.566906980435444 0.00140589006220538 -0.0621273881545575 -0.245457591127421 -0.000129583368929184 -0.321477639401904)
(0.567413974594126 0.0043346329501127 -0.0619771414419516 -0.246101466871543 -8.16438245400807e-05 -0.321328875389151)
(0.567344651442055 0.00450404499704613 -0.0627358746774327 -0.24616881707345 4.69698396279627e-05 -0.321162611384737)
(0.567695261257361 0.00196031666165602 -0.0643268176814308 -0.246457630558819 0.000412921583340329 -0.32121632267846)
(0.568115566219094 -0.00242345301752249 -0.0666036376872442 -0.246738139689835 0.000764098809180778 -0.321355656229228)
(0.569024699850728 -0.00738540689209252 -0.069547324305697 -0.247241297943375 0.00125131205581461 -0.321762783389892)
(0.570042802294903 -0.0117830795919068 -0.0727574210492916 -0.247644818439004 0.0016733028918435 -0.322381151414428)
(0.570476764896598 -0.0159747300486942 -0.0767780805275978 -0.24730123142082 0.00179643280715834 -0.3231693218474)
(0.570877288114631 -0.021036326062695 -0.0806910759170162 -0.24678971389928 0.00142202873246047 -0.324089830864605)
(0.572180953557304 -0.0264713865669863 -0.083661053395751 -0.247096046330392 0.000555720234480942 -0.325090240578075)
(0.574231795443279 -0.0315708118330085 -0.0859328312221724 -0.248136100378028 -0.000694510034536019 -0.326102677494978)
(0.576934918896329 -0.0362328641320972 -0.0874547378449525 -0.249858891844198 -0.00230788026332124 -0.327087593481672)
(0.579989034311803 -0.0403126337831498 -0.0882256537102069 -0.252084845473799 -0.00424931972867473 -0.327922156936377)
(0.583226755751307 -0.0438898461901456 -0.0881491564673504 -0.254762824072138 -0.00644411736406641 -0.328483819667925)
(0.586575875388001 -0.0468652252407442 -0.0870862916943357 -0.257882676485385 -0.00875749188987465 -0.328711615498313)
(0.589830513207144 -0.0490973870146876 -0.0852486201793948 -0.261292649894306 -0.0110507133511848 -0.328554018222747)
(0.592782063687021 -0.0505799179627611 -0.0828589602886483 -0.264787317059595 -0.0132338791687713 -0.328007051798875)
(0.595275033909583 -0.0513801383918773 -0.0802132303420969 -0.26816727796282 -0.0152775905608692 -0.327116510407843)
(0.597207653831681 -0.0516326877015014 -0.0775270363815976 -0.271282415179731 -0.0172092381459399 -0.325930054780497)
(0.598560236777823 -0.0515162344165033 -0.0750503849389236 -0.274074749651147 -0.019075132169665 -0.324486153235846)
(0.599387228701894 -0.051198139891704 -0.0729307625640905 -0.276574087430819 -0.0209189734711088 -0.322809312033673)
(0.599810280407905 -0.0508209359652526 -0.0711648246603571 -0.2788877180256 -0.0227621659621047 -0.32091343927314)
(0.599979590377992 -0.0504778753407832 -0.0696229300486568 -0.281165705769481 -0.0245917511974867 -0.31880002710295)
(0.600035268964456 -0.0501752898982575 -0.0679226906789709 -0.283569264277096 -0.0263581599877673 -0.316447307303253)
(0.600076974182619 -0.0498054732921603 -0.0655730251521267 -0.286235806380339 -0.0279812225486722 -0.313819761209051)
(0.600153240584182 -0.0491137455669255 -0.062007505281538 -0.289247277117181 -0.0293614224783067 -0.310883531654845)
(0.600263663961944 -0.047726705045624 -0.05679756186422 -0.292614212664238 -0.0304005670701763 -0.307627697155771)
(0.60037035732735 -0.0452891806377244 -0.0498675241370948 -0.296276140850351 -0.0310243886678174 -0.304075267553641)
(0.60041361857258 -0.0415986987472056 -0.041541923291506 -0.300121749753327 -0.0311935305584531 -0.300276121447908)
(0.600334467466401 -0.0367617390009842 -0.0325436169791863 -0.304022295453997 -0.0309086437681704 -0.296299901926648)
(0.600083186900282 -0.0312024501272127 -0.0237044199046779 -0.307855487908249 -0.0301976052784603 -0.292218679712017)
(0.599628619299836 -0.0254819661839238 -0.0157167903481887 -0.311521697975651 -0.0291061309720014 -0.288100660257694)
(0.598958850098562 -0.0200899790708535 -0.00896829203330828 -0.314947016378767 -0.0276859739803327 -0.284007545534993)
(0.598084141741507 -0.0153434862287281 -0.0035522659632925 -0.318083097744036 -0.0259924326475876 -0.279998196034657)
(0.597025440138324 -0.0113829167597997 0.000624865713126723 -0.320899722474096 -0.0240792018540025 -0.276123901112813)
(0.595818590324344 -0.00819305657114811 0.00374855808581373 -0.32338370447003 -0.0220018022727541 -0.272433707822718)
(0.594502612220969 -0.00570311765274853 0.00602083983374698 -0.325533120264247 -0.0198153445210913 -0.26896875934135)
(0.593121673754387 -0.00381526724588637 0.00762773752989301 -0.32735973079501 -0.0175702968798057 -0.265761512491649)
(0.59171834388176 -0.00241801300392548 0.00872693859777194 -0.328878901699089 -0.0153164540221926 -0.262839185500072)
(0.590316246261846 -0.00141454721530109 0.00944987556103699 -0.330117152379199 -0.0130982321113324 -0.260198945118365)
(0.588948490504261 -0.000724271192894815 0.00989825961184545 -0.331100194848453 -0.0109525788068624 -0.25784822015705)
(0.587646126596569 -0.000276496302202445 0.0101505773363379 -0.33186014621721 -0.00890413375569172 -0.255785943619511)
(0.586400812320562 -9.77933369617185e-06 0.010272502908389 -0.332425845064913 -0.00698068526703306 -0.25397495226831)
(0.585262661519195 0.000118297867417208 0.0103028503338747 -0.332829922012926 -0.00518371593094579 -0.252432734664487)
(0.584142437583874 0.000151361043983496 0.0102898751090947 -0.333097136123896 -0.00353670765178996 -0.251045303959352)
(0.583144767909981 0.000114557181965304 0.0102413820539232 -0.333255252989446 -0.00202432665814174 -0.249889510243656)
(0.582261040829779 3.65718852516668e-05 0.0101751377473544 -0.33332561085767 -0.0006377838499337 -0.248935456259535)
(0.569759830222572 0.00138174304505532 -0.0580793962224144 -0.24624292623322 -0.000123171361948714 -0.323538443424016)
(0.570210847027939 0.00446224761360109 -0.0577613655336627 -0.246815802688807 -7.68088664028478e-05 -0.323410709241269)
(0.56993529343051 0.00479356777299865 -0.0581011696230013 -0.246678626280477 6.68067305900497e-05 -0.323245530437589)
(0.569882183055244 0.00239207217429685 -0.0592172919433796 -0.246603809880424 0.000425938678609441 -0.323260462500187)
(0.569998341298177 -0.00212006016092251 -0.0608875896020512 -0.246632542062 0.000768890074573264 -0.323348201805539)
(0.570607768317644 -0.00728343403239401 -0.0632318489783058 -0.246931553420467 0.00128923621037054 -0.323660788555354)
(0.571327377595068 -0.011806440762829 -0.0658976370337356 -0.247167098609356 0.00175697547983336 -0.324146327895128)
(0.571438940141099 -0.0162566108553458 -0.0694011568931514 -0.246663188818077 0.00196851806047828 -0.324769692126925)
(0.571548555505826 -0.0217462632813865 -0.0728402843008036 -0.246041745252748 0.00173540013913971 -0.325506076149806)
(0.572637514304206 -0.027646992908195 -0.0754730034328816 -0.246304787738416 0.00107341377216978 -0.326334481294631)
(0.57449449427448 -0.0331173904954055 -0.0774058376552745 -0.247312091988094 5.49067252138735e-05 -0.327185765884973)
(0.576997096266247 -0.0379860918889231 -0.0785676899428041 -0.248978429267454 -0.00130875092237623 -0.328026562155288)
(0.579874314325732 -0.0420812530150566 -0.0788602213738308 -0.251137648873305 -0.00301249718417981 -0.328750529712991)
(0.58299022315213 -0.0454342232218234 -0.078161131562489 -0.253757849868597 -0.00497306428117432 -0.329247935320495)
(0.58627893383466 -0.0478768309045182 -0.0763743025601621 -0.256818489333444 -0.0070707307881025 -0.329475707922268)
(0.589508419295548 -0.0492372016852524 -0.0737098181834287 -0.260143086122626 -0.00918583461627347 -0.329379457201778)
(0.59244146101112 -0.0495346987755668 -0.0704505332326898 -0.263505307326093 -0.0112297518712282 -0.328947895265309)
(0.594889297518054 -0.0488891315513512 -0.0669075475778696 -0.266687319551598 -0.0131750166235308 -0.328210852484187)
(0.59674118196901 -0.0475178550530046 -0.0634066776455175 -0.269539133587574 -0.0150474929888995 -0.327208078261386)
(0.597969711588194 -0.0456825364678622 -0.0602300602525639 -0.272003301448891 -0.0168956276981981 -0.325968893393306)
(0.598637735527936 -0.0436325664746575 -0.0575875267744871 -0.274123255212674 -0.0187660677019387 -0.324512729783528)
(0.598883676771795 -0.0416060147516168 -0.0555890159411597 -0.276024152047981 -0.0206854450654583 -0.322853759898001)
(0.598881839006231 -0.0397909552596867 -0.0541565169627732 -0.277881320011217 -0.0226478728863155 -0.32099048905558)
(0.598805973844981 -0.0383201863912498 -0.0530371690426392 -0.27989155831376 -0.0246102680596607 -0.31890076040044)
(0.598792420447171 -0.0372362921835248 -0.0518152111359576 -0.282233208419878 -0.0264902305108205 -0.316543485439567)
(0.598927835069649 -0.0364308499196341 -0.0499549936597038 -0.285029543707529 -0.0281752977287186 -0.313881602382016)
(0.599242768862068 -0.0356534029349469 -0.0469612761090796 -0.288323569915818 -0.029541565657345 -0.310902993998444)
(0.599716157647314 -0.034535974409008 -0.0425418629565627 -0.292067413801059 -0.0304808068586658 -0.307634167904633)
(0.6002942908295 -0.0327222598539593 -0.0367039501185448 -0.296143220823918 -0.0309217272895087 -0.304138826984183)
(0.60090471862899 -0.0300140825423592 -0.0298319324423029 -0.300391762500816 -0.0308390181807156 -0.300503331209906)
(0.601480580535479 -0.0264568088421657 -0.02256196531933 -0.304651331104663 -0.0302492571625339 -0.296822063372736)
(0.601968896920008 -0.0223607096470542 -0.0155800594428809 -0.308781077904965 -0.0292003731405561 -0.293182677846642)
(0.602334311422388 -0.0181459023133018 -0.00941614295004015 -0.312671390077555 -0.027756584829902 -0.289659369716202)
(0.602560718797578 -0.014185525273519 -0.00434391838006601 -0.316245938865721 -0.025990472082953 -0.286312403234088)
(0.602648055647059 -0.0107199500259866 -0.00038615282647874 -0.319457892524173 -0.0239766968178552 -0.283188607332451)
(0.602606792345 -0.00784561491440691 0.00256776927188655 -0.322283347043253 -0.0217884125700671 -0.280322457535651)
(0.602454853866095 -0.00555665200923362 0.00469746508275328 -0.324718439074067 -0.01949601661889 -0.277735797194415)
(0.602213077065187 -0.00379441762268019 0.00618503091822478 -0.3267743449141 -0.0171638810437824 -0.275438360078698)
(0.60190261343157 -0.0024775354414487 0.00718988833044623 -0.328473118289952 -0.0148487985241179 -0.273429280983458)
(0.601538919785694 -0.00152343866305117 0.00784207054342841 -0.329845549391437 -0.0125991736580555 -0.271693250222577)
(0.601145447169014 -0.000857511958641226 0.00824373896219958 -0.330927153837698 -0.0104501935214727 -0.270218229776632)
(0.600728277625708 -0.000413671392714181 0.00847360563608354 -0.331754961041999 -0.00843132877702131 -0.268973286745364)
(0.60030669832568 -0.000139377929326428 0.00858790995339135 -0.332367487779924 -0.00655656135047896 -0.267939198554268)
(0.59988350316186 9.60995568962608e-06 0.00862963117069954 -0.332799808937679 -0.00483664665017052 -0.267083688271049)
(0.599448359140306 6.79739370101568e-05 0.00863007361586072 -0.333084691188868 -0.00327386611008966 -0.266363669192962)
(0.59903253410237 6.31759988739404e-05 0.00860645787523337 -0.333251640513522 -0.00185933104090718 -0.265780885447852)
(0.598650818416226 2.14519776252984e-05 0.00857251043526102 -0.333324666659258 -0.000601032017799707 -0.265326096886559)
(0.570949768583049 0.00136020695734644 -0.0519189150524753 -0.24575147827304 -0.000115595324054829 -0.325214270233747)
(0.571344987992687 0.0045762125552103 -0.0514815168260014 -0.24625084835549 -8.18037624181551e-05 -0.325108088249948)
(0.57088536781825 0.0050497215209497 -0.0514899669611119 -0.245919155541096 6.24948265039137e-05 -0.324957516985371)
(0.570467396896735 0.00277145730671968 -0.0521982274940473 -0.245501667599776 0.000396836004414782 -0.324950418668189)
(0.570319143150155 -0.00191741270819111 -0.0533183907870643 -0.245299309229796 0.000718068688452223 -0.325006218037633)
(0.570667697292296 -0.00727173974827973 -0.0550817806162991 -0.245408007043954 0.00124010350741455 -0.325248377289048)
(0.571114486343057 -0.0119238208055583 -0.0571996570192074 -0.245474821073707 0.0017180259700014 -0.325628456894119)
(0.570924713677844 -0.0166056238708681 -0.0601447357340894 -0.244801275378786 0.00198664678359843 -0.326118109595345)
(0.57075686762315 -0.0224827931131394 -0.0630697855878311 -0.244051914705666 0.0018613348496875 -0.326702572325388)
(0.571617609309264 -0.0288019644273154 -0.0653503028955922 -0.244237360525245 0.00136844787549331 -0.327379720078621)
(0.573264395435605 -0.0346184641728948 -0.066987273095617 -0.245179655164374 0.000547098163238129 -0.328085921977144)
(0.575552171338304 -0.0397000536166453 -0.0678741458043047 -0.246768117104453 -0.000600503916086682 -0.328789037945956)
(0.578254496128885 -0.0438520441598368 -0.0678498381238885 -0.248862774320943 -0.00209117181570661 -0.329401757509699)
(0.581268724455 -0.0470433543868504 -0.0667556405288701 -0.251449754740728 -0.0038425325348146 -0.329831028026805)
(0.584523148858089 -0.0490374546095451 -0.0645589741646097 -0.254493218078138 -0.00574450934842791 -0.330042317564313)
(0.587771064594456 -0.0496442068074417 -0.0614449258845396 -0.257798561399255 -0.00769510501504826 -0.329984430022821)
(0.59074496551147 -0.0488965453062713 -0.0577265251167676 -0.261114661859861 -0.00960642753362073 -0.329641029375518)
(0.59322628594687 -0.046979575139735 -0.053731127590344 -0.264202190862087 -0.0114494782332192 -0.329032678870869)
(0.595078802009423 -0.0441880297607731 -0.0498394231006524 -0.26689461693414 -0.0132477192632619 -0.328190537112953)
(0.596270979218647 -0.0408625089046444 -0.0463697923731705 -0.269134829829845 -0.0150498051775674 -0.327139747262604)
(0.596868345412361 -0.0373437139888951 -0.0435653092028179 -0.270972693598363 -0.0169053562859055 -0.325895852756928)
(0.59702287816928 -0.0339345538616776 -0.0415745076679035 -0.272549100181962 -0.0188456369949296 -0.324470486791345)
(0.596937332892005 -0.0308979093378758 -0.0403705138515074 -0.274067601513979 -0.0208720993429863 -0.322862887688817)
(0.596818505101315 -0.0284497302724249 -0.0397647163219362 -0.275761245342281 -0.0229479477470099 -0.321047707015467)
(0.596843754096842 -0.0266965636409851 -0.039390744987911 -0.277850521628333 -0.0249902486622402 -0.318981987288141)
(0.597143118646446 -0.0256088780106822 -0.0387613479867358 -0.280503318865351 -0.0268752443983117 -0.316627943945158)
(0.597780783840716 -0.0250152680112262 -0.0373814171703188 -0.283793875658017 -0.0284594788418634 -0.313975361170781)
(0.598752580174293 -0.0246064264407686 -0.0348875632628797 -0.28768718833594 -0.0296086718755465 -0.311054865284666)
(0.600001123373077 -0.0239960125283282 -0.0311508072144152 -0.292054109641864 -0.0302257637243304 -0.307938132583793)
(0.601441404504333 -0.022843309087073 -0.0262896656701886 -0.296710180419574 -0.0302652329533987 -0.304724054741332)
(0.602976885138882 -0.0209697095236446 -0.0207106464840498 -0.301451752700453 -0.0297337505367394 -0.301519633556222)
(0.604524426327581 -0.0184199604753914 -0.0149676316452478 -0.306094832499106 -0.0286813245142178 -0.298425548121159)
(0.606015446254046 -0.0154461092783265 -0.00960147910450906 -0.310490077368112 -0.0271837965951132 -0.295522523091391)
(0.607404507089968 -0.0123803928782081 -0.00499545192237327 -0.31453178210113 -0.0253313238835632 -0.292870765862184)
(0.608661102685772 -0.00951918848628344 -0.00130832092862521 -0.318153058732822 -0.0232207598529912 -0.290506752403068)
(0.609776326486487 -0.00704838643405362 0.00148101889472015 -0.321323168525141 -0.0209397453666235 -0.288452352146839)
(0.610744680303756 -0.00502864617924299 0.0035017952477552 -0.324036140751529 -0.0185750068366677 -0.286708029554112)
(0.611564501052948 -0.00345182497149856 0.00491465825067352 -0.326306261733132 -0.0162030395353145 -0.285257922009089)
(0.612239782121254 -0.00226791319437792 0.00587229914441435 -0.328163628260509 -0.0138863784498082 -0.284075971233478)
(0.612793292925842 -0.00141005429929198 0.00650088956369809 -0.329651055028693 -0.0116670468735755 -0.283142136429963)
(0.613218852873322 -0.000809770645677804 0.00690206672364429 -0.330810428294335 -0.0095863416308975 -0.282408368379935)
(0.613533521113876 -0.00041002766792679 0.00714887746411157 -0.331689651352279 -0.00766295621773343 -0.281843843060791)
(0.613756885716852 -0.000160624834202175 0.00729450500577646 -0.332332638794977 -0.00590918103751298 -0.281424233161128)
(0.613910795996265 -2.22930128351793e-05 0.00737595267140169 -0.332783203933135 -0.00432327767285883 -0.281127588960134)
(0.61396122489977 3.5723406003587e-05 0.00742325708925844 -0.333079562520205 -0.00289781394432115 -0.280881662048782)
(0.614007840670691 4.10595097721574e-05 0.00744716431128766 -0.333249377216395 -0.0016406454740735 -0.280758455137906)
(0.613900427002591 1.32941705571453e-05 0.0074696449208625 -0.333324561434332 -0.000524482349060846 -0.280575791081838)
(0.570553522945535 0.00134787719872811 -0.0442673857167664 -0.243979181949413 -0.000107881330082081 -0.326585816962595)
(0.570895845647712 0.00468812095239423 -0.0437752074866277 -0.244408084320196 -9.39170166537815e-05 -0.326499545583849)
(0.570270250663917 0.00528881643747962 -0.04356233685256 -0.243893044943784 4.02732671059374e-05 -0.326370922962182)
(0.569524176729958 0.00310672920670109 -0.0439726576241323 -0.243158749184592 0.000336347848843264 -0.326352610136992)
(0.56914981396664 -0.00179319389893387 -0.0446570341631984 -0.242749200462027 0.000627280922788894 -0.326390522537822)
(0.569272203613978 -0.00733385804535568 -0.0459212965008456 -0.242684344759745 0.00112636871283373 -0.32657970256221)
(0.569483577554723 -0.012126261920666 -0.0475418894961527 -0.242597042322257 0.00158632560236249 -0.326878283074199)
(0.569016779438023 -0.017015777480433 -0.049952478984786 -0.241750963090852 0.00188473746002615 -0.327261384509946)
(0.568591179692123 -0.0232445804283348 -0.0523777806127217 -0.240865214231611 0.00183599756703578 -0.327722772200349)
(0.569224244698001 -0.0299360399385182 -0.0543141192019405 -0.240951380261629 0.00147635297045713 -0.328271123368036)
(0.570659847411361 -0.0360664024040438 -0.0556839333331412 -0.241810600376759 0.000816919571564645 -0.328848862655198)
(0.572738022010622 -0.041357899285889 -0.056366023634883 -0.243313103486583 -0.000147492733628382 -0.329428153980189)
(0.575277907137637 -0.0455990881441829 -0.0561595450796941 -0.245348391105336 -0.00145040429706647 -0.329936618215015)
(0.57820915923892 -0.048680310747217 -0.0548949307154284 -0.247920612749776 -0.0030099935806858 -0.330297466883489)
(0.58145898630519 -0.0503042351072854 -0.0525611019349441 -0.250984768387603 -0.00473383278906956 -0.330483825992291)
(0.58476753100777 -0.0502676169044665 -0.049334162179434 -0.254328642542084 -0.00652933031772845 -0.330448606881733)
(0.587839012913767 -0.0486180768204627 -0.0455112245461148 -0.257674434616034 -0.00831067108871605 -0.330173722026996)
(0.590419804751914 -0.045595783470821 -0.0414584537538121 -0.260754125676474 -0.0100459701501008 -0.329673672286904)
(0.59234647220959 -0.0415748884193262 -0.0375406425691878 -0.263379449449092 -0.0117554874897746 -0.328973177476088)
(0.59357230885636 -0.0369743399689874 -0.0341163349712361 -0.265483179459359 -0.0134882431187867 -0.328093102688725)
(0.594166830218114 -0.0322085909003914 -0.0314311113072783 -0.267121479870663 -0.0152945811980737 -0.327046671298098)
(0.594298155210155 -0.0276560586441606 -0.0296363559039374 -0.26845258361351 -0.0172102253236508 -0.325843800501865)
(0.59419482948347 -0.0236342426740658 -0.0287574974171102 -0.269707551664859 -0.0192436411336393 -0.324482955074203)
(0.594103968799157 -0.0203972975374111 -0.0286124666222592 -0.271160462172693 -0.0213632510226011 -0.322937247640457)
(0.59424930156236 -0.0180898666598226 -0.0288653189184664 -0.273077681031287 -0.0234862572370479 -0.321164020453894)
(0.594805405512921 -0.0167126072008536 -0.0290725376324869 -0.275670229723514 -0.0254802263217552 -0.319127003073122)
(0.595871922135183 -0.016119372299212 -0.0287814470899311 -0.279044272097595 -0.0271852604693754 -0.316819730510265)
(0.597459722408878 -0.0160337200141325 -0.0276290195592143 -0.283175415076577 -0.0284468429398979 -0.314277135126504)
(0.599503317615047 -0.0160949608401613 -0.0254316358045287 -0.287920638088058 -0.0291490039949699 -0.311576438322299)
(0.601890370395381 -0.0159414198567479 -0.0222147078843108 -0.293062610868945 -0.0292322043762078 -0.308822647365431)
(0.604487191212302 -0.0152949231044209 -0.018193860825628 -0.298354607683627 -0.0286976830389852 -0.306128548839784)
(0.607167645939836 -0.0140364677490131 -0.0137533135624135 -0.303565353322934 -0.0275988412737599 -0.303599242623333)
(0.609823187772482 -0.0122356757939504 -0.00933391230224046 -0.30850445494073 -0.0260240147741032 -0.301316525578354)
(0.612371879651214 -0.0101119679824605 -0.0053282975691548 -0.313034610203381 -0.0240808693186126 -0.299335722325986)
(0.614754800209424 -0.0079388568815092 -0.00198601292669136 -0.317070477783245 -0.0218839954363772 -0.297683287890344)
(0.616938044323838 -0.00594239214627156 0.000620882633811246 -0.320574087706943 -0.0195401412879706 -0.29636328106561)
(0.618896240280364 -0.00425200933197349 0.00254688974026545 -0.323541570077411 -0.0171493413999313 -0.295354236943762)
(0.620619933436231 -0.00291147284943923 0.00391308247522128 -0.325997405008933 -0.0147923420553588 -0.29462226453329)
(0.622111431692552 -0.00190050219450967 0.00485421801543608 -0.327983711269875 -0.0125307225266455 -0.294127564334887)
(0.623376473843267 -0.00117020781682102 0.00549035948919131 -0.329553742467381 -0.0104098158119002 -0.29382264297915)
(0.624425287792465 -0.000665574361132783 0.00591527556526242 -0.330764273452584 -0.00845804955839151 -0.293660968215895)
(0.625288331501371 -0.000333806893904712 0.00619806018712573 -0.331672305928881 -0.00668584380210301 -0.293616003066454)
(0.625967493846069 -0.000129960600651286 0.00639002795417374 -0.332329959030476 -0.00510085182461435 -0.293637524944813)
(0.626498249300332 -1.87925423013647e-05 0.00652430553251745 -0.332785283774979 -0.00369560528701343 -0.293712961770339)
(0.626902631289296 2.72057915585072e-05 0.00662440349871603 -0.333080830638118 -0.00245732781481605 -0.293821801282445)
(0.627144308620477 3.00669245289378e-05 0.00670869941696901 -0.333251121822647 -0.00137579485885401 -0.293893181143168)
(0.627371912841412 8.95443010658945e-06 0.00677870579650697 -0.333324541412234 -0.000439781760154253 -0.294047347899129)
(0.568653395967768 0.00135037393526104 -0.0359444990196857 -0.240942784208438 -0.000101229433024625 -0.327718651649085)
(0.568948337723175 0.00480621993022132 -0.0354408869629408 -0.241308012639378 -0.000110032762697973 -0.327649730958771)
(0.568172933113925 0.00552437813591149 -0.0351211875215957 -0.240623333721529 5.32196899115473e-06 -0.327545251829978)
(0.567135799271249 0.00340940274123498 -0.0353550716294476 -0.239601069717698 0.000256829241150991 -0.327524229082912)
(0.566567946590832 -0.00172506968790134 -0.0357367978209317 -0.239008916037464 0.000511661742295007 -0.327551716307925)
(0.566498371757918 -0.00745411668785478 -0.036615259428989 -0.238791763566793 0.00096988547920215 -0.327700916514884)
(0.566517240762031 -0.0124015445824071 -0.0378268287450421 -0.238574442724751 0.00139450182113103 -0.327936835799444)
(0.565803022013872 -0.0174756136642357 -0.0397724957963259 -0.237562903416042 0.00170064441900554 -0.328236374414865)
(0.565146881587219 -0.0240241427203339 -0.0417459789627727 -0.236542877229386 0.0017003689623286 -0.328600542629231)
(0.565566203340589 -0.031042369606279 -0.0433605367404868 -0.236523299043524 0.00144089551064321 -0.329040611827588)
(0.566805195224008 -0.0374619041437212 -0.0444984536054204 -0.237294462762203 0.000910128049892953 -0.329509658181809)
(0.568689034673542 -0.0429470342695625 -0.0450276146861505 -0.238712089991665 0.000100344382561979 -0.329978794773454)
(0.571084230070573 -0.047296821867116 -0.0447475544783435 -0.240694724869839 -0.00103523106901635 -0.33039441890882)
(0.573956844435347 -0.0503071196338895 -0.0434646147874951 -0.243271850103023 -0.00242263498225935 -0.33069122018588)
(0.577230344882722 -0.0516297939092359 -0.0411924770036705 -0.246388262067902 -0.00398042523590255 -0.330849475117653)
(0.580638700487593 -0.051053872915946 -0.03809386523553 -0.24981910457782 -0.00562706904148463 -0.330827377647154)
(0.583857967651365 -0.0486355067275956 -0.0344356825504176 -0.25325860059596 -0.00727878100709773 -0.330606898454046)
(0.586594332920792 -0.0446600170679565 -0.0305849438307597 -0.256403432514631 -0.00890076570251049 -0.330197843659323)
(0.588653607964961 -0.0395731198811305 -0.0269139371224855 -0.259038419532258 -0.0105093049864043 -0.329620916359348)
(0.589971557572851 -0.0338735438140304 -0.023742253648713 -0.261082758226382 -0.0121533304776532 -0.328892649654991)
(0.590618444821585 -0.0280482529489518 -0.0213473394129629 -0.262594691946648 -0.0138830880481414 -0.328025426749983)
(0.590780596260578 -0.0225451604039215 -0.0198790062085166 -0.263752551591141 -0.0157373276490755 -0.327027528188217)
(0.590713215133243 -0.0177240736260869 -0.0193500287614405 -0.264814884498753 -0.017731393033767 -0.325895653869738)
(0.590709515891312 -0.0138705074014688 -0.0196035598169148 -0.26610193619039 -0.019837592806379 -0.324603490140327)
(0.591044513516472 -0.0111399299088237 -0.0203212440955469 -0.26792886912409 -0.0219731552432472 -0.323110547646759)
(0.591943762718849 -0.00954002788455671 -0.0210886915679551 -0.270553955832462 -0.0239986626955961 -0.321384307780779)
(0.593537530304478 -0.00891874335748121 -0.0214924344509095 -0.274111029860002 -0.0257417733748 -0.319421142000768)
(0.595846703131426 -0.00899316898079545 -0.0212057004148744 -0.278581492935242 -0.0270330381038027 -0.317260345820049)
(0.59879125283285 -0.00941620461733295 -0.0200513363184311 -0.283805327908853 -0.0277425695621779 -0.314981701477358)
(0.602218724267117 -0.00984060520888438 -0.018022520675865 -0.289524717961492 -0.0278027167377011 -0.312690485449568)
(0.60594697466985 -0.00998086667635385 -0.0152584409454606 -0.295443196865067 -0.0272148441433045 -0.310500952063997)
(0.609793372046803 -0.00965771385357638 -0.0120009046188799 -0.301277572928386 -0.0260385356537177 -0.308513600643795)
(0.613602816114322 -0.00882816716746831 -0.0085625847893247 -0.306794439678636 -0.0243752608999319 -0.306806728321121)
(0.617252665031383 -0.00758709570217476 -0.00525985238846678 -0.311824964255877 -0.0223501648968785 -0.305426508057058)
(0.620656625047208 -0.00612664891513223 -0.00235171241673771 -0.316268031867449 -0.0200934430794443 -0.304387765641723)
(0.623756690868873 -0.00465881581253584 2.09388456497285e-05 -0.320080702515672 -0.0177289054212366 -0.303675432189899)
(0.626523237032863 -0.0033478880341004 0.00183564473310052 -0.323268731207968 -0.0153618601950322 -0.303254149646584)
(0.628947034467986 -0.0022781670194455 0.00315933878210093 -0.325870870672839 -0.0130746553831262 -0.303075944188278)
(0.631032763647042 -0.00146455581778125 0.00409528399095643 -0.32794620222505 -0.0109268829340924 -0.3030864291436)
(0.632788937298157 -0.000881453326426985 0.00474721677192001 -0.32956250368361 -0.00895875578632875 -0.303226358809532)
(0.634248281686159 -0.000485731042888952 0.00520078806464013 -0.330792129376022 -0.00718515876322834 -0.303456111629286)
(0.635434492915462 -0.000232325039591106 0.00552213462806925 -0.331702970614811 -0.00561134371462627 -0.303731502317838)
(0.636374004059304 -8.24865878871765e-05 0.00575757276401982 -0.332355358631326 -0.00423214075068808 -0.304018636573516)
(0.63711505924172 -5.1498476343147e-06 0.00593805690969539 -0.332803038359088 -0.00303129123035471 -0.304312018681204)
(0.637686458803775 2.36024858527665e-05 0.00608508520913116 -0.333090449959899 -0.0019944562021935 -0.304596008617536)
(0.638101479963872 2.16425288469253e-05 0.00621343251419877 -0.333254763395621 -0.00110404336467714 -0.304846716032217)
(0.638377315730261 5.0292289015679e-06 0.00633031314808643 -0.333324806260306 -0.00035181473984411 -0.305052514749834)
(0.565341397403429 0.00137292747795899 -0.0277217616750436 -0.236682248286288 -9.54921735728455e-05 -0.328664653569665)
(0.565598701616202 0.00493475665633208 -0.0272546031338312 -0.236994967334076 -0.00012721736923451 -0.328610945713409)
(0.564685478295508 0.00575745352079539 -0.0269236488472972 -0.236152837256083 -3.55290130005021e-05 -0.328529747993603)
(0.563395829609545 0.00368169958599165 -0.0270768665869627 -0.234877563971737 0.00016869141132285 -0.328509692159428)
(0.56266349208933 -0.00169610475958586 -0.0272807046641305 -0.23412620356556 0.000385171091294415 -0.32853217144485)
(0.562437213068412 -0.00762238120894197 -0.0278895141736966 -0.233781841758159 0.0007925228910765 -0.328651458852726)
(0.56230936602955 -0.0127320327193189 -0.0287835539073637 -0.233466434954582 0.00117076780816846 -0.328838635164468)
(0.561384660152807 -0.0179690395613561 -0.0303461132279732 -0.232308530845566 0.0014675440812346 -0.329073077243619)
(0.560532356329447 -0.0248066456879514 -0.0319384920098721 -0.231167954735152 0.00149454373389683 -0.32936123618662)
(0.560764599472404 -0.0321139519837787 -0.0332661474499062 -0.231049916785901 0.00130691345468288 -0.329712436020434)
(0.561830285636808 -0.0387905364885161 -0.0342041969403946 -0.231739453348937 0.000877911604612713 -0.330089845209783)
(0.563546477943418 -0.0444581347357608 -0.0346222374274595 -0.233081711244419 0.000196823193599175 -0.330465618518321)
(0.565822333709116 -0.0489174660009841 -0.0343186953817405 -0.235026001755925 -0.000791538358178107 -0.330799483416445)
(0.5686591031839 -0.0518886032305363 -0.0331098383992906 -0.237623644432869 -0.0020217562571561 -0.331040141721749)
(0.571981936138832 -0.0529721093567254 -0.0310251854990197 -0.240817142170418 -0.00342324997045897 -0.331170286894673)
(0.575522619377625 -0.0519470134245569 -0.0281920509682096 -0.244373416426393 -0.00492567903089193 -0.331155279445421)
(0.578929306531252 -0.0488769612195319 -0.0248614970563523 -0.247956873121724 -0.00644640093511423 -0.330978594111148)
(0.581868753515618 -0.0440843050652936 -0.0213628486926884 -0.251228122374531 -0.0079498613331314 -0.330646322889529)
(0.584107833508034 -0.0380711560757353 -0.0180656912514822 -0.253936848398979 -0.00944970181417923 -0.33017583421865)
(0.585567047406004 -0.0314194999918311 -0.0152782991036649 -0.255988668802806 -0.0109895584618115 -0.329581883049004)
(0.586312723968932 -0.0246906512974514 -0.0132563839438443 -0.257440894298228 -0.012621821443814 -0.328873527354597)
(0.586544954272907 -0.0183795235987369 -0.0121524107336043 -0.258486301833093 -0.0143876463959934 -0.32805865305131)
(0.586563107769461 -0.0129081352489808 -0.0119597949821521 -0.259428346103647 -0.0163048348886446 -0.327133203036376)
(0.586698242321239 -0.00857578559470121 -0.0125437663342854 -0.260622451952675 -0.0183511599561138 -0.326073037248558)
(0.587289139273388 -0.00555250471648576 -0.0135948367289517 -0.262445539082894 -0.0204428103193407 -0.324840144413676)
(0.588607624279376 -0.00382532959139103 -0.014734540434245 -0.26519830953147 -0.0224359017511058 -0.323405679329773)
(0.590817249945229 -0.00321245076639367 -0.0155702412894366 -0.269042561025359 -0.024148914375297 -0.321771137877469)
(0.593942254156066 -0.00341002356838116 -0.0158172123546925 -0.273961686635312 -0.0254024708707908 -0.319977373893317)
(0.597874898240136 -0.00405696724525983 -0.0153213403941054 -0.279768933306392 -0.0260587252168186 -0.318103154780968)
(0.60241286213448 -0.00481328533277995 -0.0140891068116859 -0.286159801844448 -0.0260475493599357 -0.31625071687237)
(0.607309885624684 -0.00541087914916709 -0.0122326283855429 -0.292779935505764 -0.0253732677262656 -0.314528041893652)
(0.61232081207574 -0.00567844228872981 -0.00992505975216288 -0.299289999458101 -0.0241060496194733 -0.313029285666205)
(0.617232673666124 -0.00554336921084667 -0.00737679267412022 -0.305409800203972 -0.0223609835250847 -0.311821685234968)
(0.621882576803929 -0.00502566215799231 -0.00480464751690388 -0.310940970636819 -0.0202782929438474 -0.310940720483425)
(0.626159298557528 -0.00422709865862463 -0.00240722090797398 -0.315770085039886 -0.0180014326629454 -0.310388567928642)
(0.629994777061884 -0.00329955996209 -0.000341860944548155 -0.319857402265678 -0.01566384732072 -0.310136932353671)
(0.633360810545787 -0.00239418803029278 0.00131902403896139 -0.323222279172046 -0.0133737553536828 -0.310138239051499)
(0.636258724141864 -0.0016174113462542 0.00258028624546157 -0.325924405504439 -0.0112118644314388 -0.310334132174844)
(0.638708882551483 -0.00101599364912411 0.00350164107044669 -0.328044199166027 -0.0092294804465463 -0.310664571089675)
(0.640740830694968 -0.000587728777848684 0.00416207617459005 -0.329668657009195 -0.00745519707787475 -0.311072109151384)
(0.642409493676864 -0.000305100803026623 0.00463591124631506 -0.330887930208951 -0.00589094051412389 -0.311521528635249)
(0.64374252529994 -0.000131998300854312 0.00498309899604893 -0.331776882884702 -0.00453759386101553 -0.311965624410853)
(0.644792526781889 -3.66443030313111e-05 0.00524673453588435 -0.332406340954911 -0.00337685306687875 -0.312386177564385)
(0.645592687584983 6.83928236337521e-06 0.00545797383413088 -0.332833929865278 -0.00238998092335096 -0.312758754204329)
(0.646207191909081 1.83813156006253e-05 0.00563465448312672 -0.333105774045313 -0.00155427336289143 -0.313101417838305)
(0.646669646812844 1.21013750532039e-05 0.00579058337711601 -0.333259976331778 -0.000850598194738659 -0.313409671465902)
(0.646963413029509 2.40535504474124e-07 0.00593521270378905 -0.333325542532885 -0.000266815912909765 -0.313637855702864)
(0.560728647467688 0.00141056813849828 -0.0202142913696692 -0.23126661008141 -9.05243036705752e-05 -0.32946571822883)
(0.560959148141362 0.00507395291445039 -0.019811049476975 -0.231540151546713 -0.000142888085179017 -0.329424319896234)
(0.559921947923229 0.00598958645356986 -0.0195268207000607 -0.230556435172739 -7.58430622582891e-05 -0.329363617482541)
(0.558415110547408 0.00392622478341921 -0.0196697673073773 -0.229061071766937 8.17584726843311e-05 -0.329347487348595)
(0.557545905881221 -0.00169330688060078 -0.0197852588237562 -0.228175415627172 0.000259443830947541 -0.32936695938347)
(0.557199880320695 -0.00781951384223791 -0.0202145420980186 -0.227734370479907 0.000611136852985833 -0.329462850802216)
(0.55697431614709 -0.0130972599830081 -0.0208730324689905 -0.227358872553455 0.000938049527601311 -0.329612476310403)
(0.555882765108926 -0.0184735836877979 -0.022130089271635 -0.226084033856465 0.00121370497713854 -0.329796436400321)
(0.55487269245949 -0.0255722166425681 -0.0234117130206575 -0.224845143737398 0.00125270938614291 -0.330025029811946)
(0.554955209779057 -0.0331326947653245 -0.0244931586987391 -0.224649770206399 0.001115497366834 -0.330303478201844)
(0.555881977855125 -0.0400389039480368 -0.0252547409255554 -0.225276361358769 0.000765371818069698 -0.330604566717008)
(0.557465140793579 -0.0458679316139465 -0.0255861074729374 -0.226563465110228 0.000191413484574083 -0.330902141570448)
(0.559646822262502 -0.0504430481235064 -0.0252943160998952 -0.228481158116243 -0.000666223134151431 -0.331167775649507)
(0.562471351208802 -0.0533973259312323 -0.0242059301282293 -0.231115116557048 -0.00175171624719166 -0.331359444675836)
(0.565865315756063 -0.054293227791667 -0.0223608016728796 -0.234405287923267 -0.00300676489969763 -0.331464006284022)
(0.569561689951966 -0.0529029933602035 -0.0198554292351436 -0.238113117642577 -0.00436849661224431 -0.331453089657353)
(0.573185845370107 -0.0492820421515119 -0.016912655463373 -0.241879190403867 -0.00575935808217718 -0.331311418891702)
(0.576361827219765 -0.0437871072312637 -0.0138393494815297 -0.245322255272989 -0.00714084908055193 -0.331044158848767)
(0.578821118351057 -0.0369774272037514 -0.010967792066912 -0.248159486067421 -0.0085237288774417 -0.330665525050128)
(0.580457172009611 -0.0294971899580948 -0.00860687645447283 -0.250273079126867 -0.00995082418614618 -0.330186973389189)
(0.581337918918944 -0.0219806369487606 -0.00697208503707335 -0.251722591022128 -0.011471076430033 -0.32961687376817)
(0.581683432439144 -0.0149877133799112 -0.00621155420413625 -0.252721220416076 -0.0131259491744542 -0.328962447523459)
(0.58182359026839 -0.00897791364064882 -0.0063232799279942 -0.253603126473331 -0.0149379712960886 -0.328219555214735)
(0.582150686164716 -0.00428551657010413 -0.00716233366037136 -0.254783678272788 -0.016886577805344 -0.327365243214298)
(0.583056329896259 -0.00107262290504243 -0.00844594317050691 -0.256687663508357 -0.0188888932555522 -0.326366434301476)
(0.584865097241328 0.000697193271286867 -0.00981152623816773 -0.259663700313709 -0.0207978778204772 -0.325199018051688)
(0.587770779582934 0.00123924012187622 -0.010901176674385 -0.263900790505673 -0.0224266717870266 -0.323867684067038)
(0.591789880772778 0.000903648359734465 -0.0114644545922755 -0.269375189497013 -0.0235912230774037 -0.322412605630094)
(0.596779988024513 7.78451278351314e-05 -0.0113714500294572 -0.275868233763113 -0.0241521662120294 -0.320909946819249)
(0.602474128268021 -0.000892291287281679 -0.0106495148694954 -0.283018401586594 -0.0240402865393494 -0.31945420142775)
(0.608550279542338 -0.00174925513644449 -0.00940638061562251 -0.290406936072735 -0.0232672824743706 -0.318142087701995)
(0.614693004938857 -0.00235127330322876 -0.00779393581196107 -0.297633120888286 -0.0219144551108096 -0.317058852728652)
(0.620627069051205 -0.00264498198518812 -0.00596592999431059 -0.304368612565847 -0.0201104798488407 -0.316257638337879)
(0.626151749016048 -0.0026336240154009 -0.00406001719268078 -0.310388569354547 -0.0180066359191636 -0.3157625378415)
(0.631127805696477 -0.00236930356489148 -0.00220163809134695 -0.315567538757785 -0.0157624461517576 -0.315559788319529)
(0.635508189326099 -0.00193665155748722 -0.000505523673754253 -0.319886480292522 -0.0135027914627606 -0.315621367212458)
(0.639266856239177 -0.00143529273266167 0.000941806873990614 -0.323379899402616 -0.0113419374647843 -0.315886722216823)
(0.642430707182948 -0.000962531080092856 0.0021006337699635 -0.326134178190037 -0.00935018901114901 -0.316296376561553)
(0.645047931365457 -0.000579240475183001 0.00298321677598607 -0.328256023842819 -0.00756845791019997 -0.316791814096638)
(0.647178315366788 -0.000306323470993213 0.0036355069179057 -0.329855434064401 -0.00601130319590505 -0.317322826352713)
(0.648884063780278 -0.000133794053473047 0.00411433683315203 -0.331034537337709 -0.00467541176347127 -0.317849496363518)
(0.650223146405259 -3.89378614336533e-05 0.00447147454351052 -0.331883493545497 -0.00354598349634786 -0.318339637976359)
(0.651265100698787 4.15996956428384e-06 0.00474563807469561 -0.332476562043519 -0.00259870188600658 -0.318788531652191)
(0.652036631954673 1.64910649131978e-05 0.0049674737069788 -0.332873459430206 -0.00181593921228004 -0.319163169194514)
(0.652620627984403 1.15603951564304e-05 0.00515496008825515 -0.333125520320584 -0.00116355582404132 -0.319495107093314)
(0.653008799600466 2.20542951378789e-06 0.00532270556320114 -0.333266112824282 -0.000632109822897857 -0.319742689085107)
(0.653290431578339 -4.88241767901617e-06 0.00547641792465712 -0.333326595123998 -0.000192484027996145 -0.319963837116431)
(0.554947301994713 0.00146192253976626 -0.0137935036715329 -0.224797062126572 -8.60200496778862e-05 -0.330152616623087)
(0.555164509275714 0.00522069996309527 -0.013457721378926 -0.22504718801382 -0.000155146112092043 -0.330121117820116)
(0.554018026018079 0.00621725732644844 -0.013249544106669 -0.223939351325942 -0.000112119009167282 -0.330077549213755)
(0.552327090456308 0.00415311935238277 -0.0134157308480076 -0.222256018385716 2.51073945374017e-06 -0.330066195834991)
(0.551346401236092 -0.00170693893086163 -0.013499412134793 -0.221260044773406 0.000143370598404867 -0.330083995208658)
(0.5509198849998 -0.00803525953004751 -0.0138130879715594 -0.220756825029513 0.000438653226919292 -0.330161271146584)
(0.550648576273645 -0.0134746799564378 -0.0142981918828089 -0.22036546572568 0.000713316502141815 -0.33028113492988)
(0.549436833638819 -0.0189612940391769 -0.0153138496715426 -0.219009380060946 0.000961121471052317 -0.33042571014278)
(0.548311688759664 -0.0262957552936756 -0.0163464909796946 -0.217702706299344 0.00100222697565163 -0.330607023212472)
(0.548292335502613 -0.0340819108540978 -0.0172192113259768 -0.217464375466459 0.00089872595061906 -0.330826309941458)
(0.549119480336346 -0.0411943201671896 -0.0178323897995034 -0.218053679884366 0.00060985514126242 -0.331064966533343)
(0.550607830159411 -0.0471679631484179 -0.0180919276299505 -0.219310021214938 0.000125368264595594 -0.331298067883428)
(0.552727763433935 -0.0518515809186343 -0.0178277070011772 -0.221222679119198 -0.000615171290435553 -0.331506389709246)
(0.555560140239714 -0.0548094728051339 -0.0168752996934426 -0.223905224471427 -0.00156839838471553 -0.331657022314464)
(0.559040976613971 -0.0555626405980511 -0.0152760021402642 -0.227304669752332 -0.00268471090031268 -0.331739130211812)
(0.56290744966953 -0.0538786204768281 -0.0131111799340956 -0.231180261715952 -0.0039095375803492 -0.331730537032342)
(0.566766269710627 -0.049804470509471 -0.0105649919342527 -0.235151805520911 -0.00517003662656176 -0.331618077858229)
(0.570202454034256 -0.0437127342821144 -0.0079233963307512 -0.238800567747129 -0.00642805447659973 -0.331405360555297)
(0.572908871928535 -0.0362125461748179 -0.00548387434967901 -0.241807571854388 -0.00769128426926795 -0.331104280732163)
(0.574750484960213 -0.0280079381214084 -0.0035271286510666 -0.244028136648583 -0.00899929858997784 -0.330724601308737)
(0.575801819969741 -0.0198161159867237 -0.00225632746477241 -0.245529701882084 -0.0103959387143718 -0.330273394610665)
(0.576288189200916 -0.0122316931291762 -0.00180652749215517 -0.24653209916096 -0.0119260225773554 -0.329756372596434)
(0.57659262660901 -0.00578168546171976 -0.00215832774136244 -0.247421140539983 -0.0136100202287955 -0.329170966672408)
(0.577156252004672 -0.00081702490530768 -0.00318293574086001 -0.248659509835199 -0.0154321633387848 -0.328495646050728)
(0.578431753452561 0.00250613815166796 -0.00460749232858998 -0.250727075464199 -0.0173089180015031 -0.327703252108807)
(0.580797419409439 0.00424663338383998 -0.00609128591998013 -0.254022400658928 -0.0190931420323168 -0.326773481715398)
(0.584468033510213 0.00466763885184827 -0.00731400357885756 -0.25875309726773 -0.0205970507617129 -0.325713478795135)
(0.589447966322653 0.00416510114832237 -0.00804644074501033 -0.264884214872541 -0.0216373800720227 -0.324562409405834)
(0.595543342525414 0.00316658082127858 -0.0081990391576684 -0.272154165244127 -0.0220772050949446 -0.323388046029594)
(0.602414300293723 0.00203745480185763 -0.00779798563566545 -0.280137641761769 -0.0218546083548618 -0.322275692076038)
(0.609657102458443 0.00102389320120868 -0.0069617123627629 -0.288345829027111 -0.0209887081125184 -0.321310453357219)
(0.61686949490543 0.000245229286209478 -0.00583323958184249 -0.296308988000645 -0.0195745099768 -0.320559836192505)
(0.623725115358431 -0.000277020556385699 -0.0045399595019056 -0.303656416534568 -0.0177485092150217 -0.3200681518616)
(0.629983355751633 -0.000569174176296632 -0.00317674724194641 -0.310136775737234 -0.0156736270144466 -0.319846139941171)
(0.635508963079363 -0.000673101608619586 -0.00181564893276288 -0.315631789006127 -0.0135047066244231 -0.31987683460809)
(0.640245735703604 -0.000632344053802413 -0.000513258529794619 -0.320128706979354 -0.0113788711710181 -0.320116771851785)
(0.644214370578914 -0.00049647598323513 0.000667296408585911 -0.323700570675666 -0.00939069276963676 -0.320513618849089)
(0.647472626930067 -0.000320000517632695 0.00167562864110707 -0.326463115394918 -0.0076023860922778 -0.321009389668863)
(0.650102195228319 -0.000155779048754885 0.00248678520108699 -0.32855077681192 -0.00604204162299381 -0.321551341910032)
(0.65219239720721 -3.68128802921662e-05 0.00310958823066982 -0.330095757662149 -0.0047124805144289 -0.322096593693006)
(0.653827020627376 2.88452478050037e-05 0.0035767828446669 -0.331215205046782 -0.00360106726511272 -0.322611790028955)
(0.655088378333964 5.0606724109103e-05 0.00392754095194594 -0.332009240791425 -0.00268336578658956 -0.323079124360505)
(0.656041970458181 4.48555138488866e-05 0.00419753528220961 -0.332556855172749 -0.0019341812551658 -0.323485109620861)
(0.656743265520648 2.64951577864171e-05 0.00441407424025386 -0.332920313303342 -0.00132753999433169 -0.323822950010186)
(0.657245074717892 7.03525516169344e-06 0.00459540915273431 -0.333146910004643 -0.000839261483360007 -0.324098164031855)
(0.657584509675365 -7.05192983170791e-06 0.00475657731116919 -0.333274134583012 -0.000446035383275289 -0.324310374270305)
(0.65780021959006 -8.88178781225559e-06 0.00490094454097482 -0.333327083971181 -0.000136544385991603 -0.324473133915156)
(0.548164248666092 0.00152264484161955 -0.00858233613583527 -0.217418798260057 -8.10836019694932e-05 -0.33074695773539)
(0.548372872150779 0.00537007914772145 -0.00832136524633566 -0.217651526014032 -0.000162849441944531 -0.330723993259998)
(0.547129859171956 0.0064352587737119 -0.00819487646097068 -0.216434985637434 -0.00014069580782493 -0.330694237175637)
(0.545293473029723 0.00435266687892278 -0.00839155090772688 -0.214602922881561 -6.43479691143573e-05 -0.33068702864755)
(0.544225491067366 -0.0017255726132355 -0.00847208725118137 -0.213520407621444 4.25990087671338e-05 -0.330703511452612)
(0.543756298180602 -0.00825350576740784 -0.00871209461599717 -0.212989384763772 0.000283739163434805 -0.330765758874449)
(0.54348459234149 -0.0138445439315699 -0.00907319832060384 -0.212620934347706 0.000508674556542896 -0.330862398837973)
(0.542203820420983 -0.0194237807757574 -0.0098962758402207 -0.211226907377142 0.000725162713408333 -0.330975588633028)
(0.541015939542798 -0.026959099144031 -0.0107246685260477 -0.209896147281735 0.00076188243409861 -0.331118320098764)
(0.540942638418528 -0.0349433876722875 -0.0114248180854284 -0.209651651309084 0.000680479285729761 -0.331289771105546)
(0.541712832336729 -0.0422332313170209 -0.0119136143919416 -0.210235391427963 0.000440670645625688 -0.331476835131135)
(0.543152028306248 -0.0483350303024173 -0.0121114340241581 -0.211495174456294 3.14730167682951e-05 -0.331656968478019)
(0.545242671610061 -0.0531254230725953 -0.0118764116581235 -0.213425082455618 -0.000605445491009182 -0.331818385444942)
(0.548102587317659 -0.0561013200069994 -0.0110562596174414 -0.216169109772851 -0.00143693421002963 -0.33193495148434)
(0.551676520997264 -0.0567560552644397 -0.00969598066767326 -0.219680242074063 -0.00242157251329743 -0.331998256777834)
(0.55571892628953 -0.0548436197213775 -0.0078541208459452 -0.223730154271238 -0.00351350745965316 -0.331991156608794)
(0.559818997431194 -0.050399259899952 -0.00569141004269108 -0.227918850281473 -0.00464506851402006 -0.331902697997863)
(0.563528071860872 -0.0438026695685051 -0.00345201058502607 -0.231795098015629 -0.00577999032753748 -0.331735518136532)
(0.566493566262012 -0.0357100142623485 -0.00141894768749722 -0.234995254567657 -0.00692080013262064 -0.331500577020225)
(0.568566354156146 -0.0268863949084112 0.000171792822262448 -0.237363598512998 -0.00810513544231287 -0.331204406159756)
(0.569808693259612 -0.0180970399269663 0.00111876432820309 -0.238956948449051 -0.0093740590999511 -0.33085273953041)
(0.570473470866693 -0.0100141520905431 0.00132581518191114 -0.240021564702413 -0.0107667013849178 -0.33045216463802)
(0.570977557007599 -0.00320181408038145 0.000791885218392447 -0.240977519308229 -0.0123069395626765 -0.329999757381495)
(0.571818454653702 0.00196924628644698 -0.000345971870459613 -0.242340061427678 -0.0139799888630879 -0.329477708177032)
(0.573518746938301 0.00533769157864645 -0.00183117103335678 -0.244655696487029 -0.0157041695424238 -0.32886216058887)
(0.576497538529265 0.0070002394179963 -0.00335220394804784 -0.24835731745945 -0.0173334639145149 -0.328139246223439)
(0.580989949716165 0.00726437851243366 -0.00461934399982404 -0.253673345621836 -0.0186846178165703 -0.327315683821733)
(0.586977415718234 0.00657878026534503 -0.00543355964024122 -0.260548812792209 -0.0195794868458849 -0.32642777958962)
(0.594206098443405 0.00541164910155286 -0.00572244261338279 -0.268670346504675 -0.0198890142338914 -0.325535045879848)
(0.602251990236217 0.00414892904034668 -0.00552870781959434 -0.277541506457434 -0.0195608618146639 -0.324709887947602)
(0.610617856122714 0.00303350132500372 -0.0049674509057923 -0.286594801440858 -0.0186257928840196 -0.32402255006593)
(0.61882897013893 0.00216443705128434 -0.00417488578267681 -0.295300538018115 -0.0171831937486076 -0.323528010992865)
(0.626495019742951 0.00153626407824262 -0.00326308752722791 -0.303237854901272 -0.0153815943076885 -0.32325681521083)
(0.633353591263751 0.00109266411084261 -0.0023083429169559 -0.310141558776641 -0.013384219245559 -0.323211744529682)
(0.639269499765349 0.000775853046793906 -0.00135163456666161 -0.315899426393717 -0.0113458752011192 -0.323369841687941)
(0.644217211052292 0.000549488204850928 -0.000414472778849633 -0.320527942435149 -0.00939215470111628 -0.32368908797677)
(0.648253843974183 0.000397936241854371 0.00047913863074054 -0.324133500443242 -0.00760831079823739 -0.324120210003272)
(0.651480866225008 0.000309308488450323 0.0012958005820705 -0.326867493976973 -0.00604194576005838 -0.324613278401814)
(0.65401680089284 0.000261713388938846 0.0019992426300874 -0.328893039246277 -0.00470901732951784 -0.325123700850373)
(0.655984378167522 0.000228289460703084 0.00256900450923691 -0.330364596805101 -0.00360035089505775 -0.325619744485122)
(0.657485980843135 0.00019028571973873 0.00300945445818039 -0.331412088553864 -0.00269742266262874 -0.326073871232465)
(0.658616145860848 0.000142543532279347 0.00334324012012852 -0.332143127156105 -0.00197166964892149 -0.326473008036569)
(0.659449873232966 9.07424902941395e-05 0.00359793429766841 -0.332640469777841 -0.00139473014764538 -0.326809398512163)
(0.660052571476363 4.35313791115986e-05 0.00379761874831311 -0.332967167236332 -0.000938810534190278 -0.327085402523478)
(0.660459907140694 8.27548114024359e-06 0.00396321325255123 -0.333168775951242 -0.000583511275835108 -0.327291131274981)
(0.660734564082568 -1.08502109196581e-05 0.00410245933628948 -0.33328044911032 -0.00030590470485703 -0.327454114476246)
(0.660869969376827 -1.16150105132221e-05 0.00423546213653657 -0.333327991631794 -9.08578143670804e-05 -0.327541976069078)
(0.540546290766465 0.00158547532883734 -0.00457381639600731 -0.209281789504968 -7.61908351214365e-05 -0.331265422263793)
(0.540764574127586 0.00551512265868612 -0.00437370570907379 -0.20951801041744 -0.000165289148176127 -0.331248335097228)
(0.539445416996005 0.00663814013943335 -0.00431730972482191 -0.208216346288631 -0.000160146894240951 -0.331228693464801)
(0.537486400710894 0.00454066379068072 -0.00454544564656434 -0.206258179346807 -0.000116583891305706 -0.331225786828376)
(0.53635660567446 -0.00174564342850154 -0.00463300719407737 -0.205114833981966 -3.97707654421559e-05 -0.331240781704793)
(0.535878059013012 -0.008466130753353 -0.00482502162422597 -0.204586654675325 0.000152181216698598 -0.331290663175288)
(0.535661147682035 -0.0141850804232431 -0.00508875699947466 -0.204293127785948 0.000331080282896194 -0.331367224307199)
(0.534360306933124 -0.0198320913176631 -0.00575836399901587 -0.202903799441569 0.000515497528883721 -0.3314556183095)
(0.533152610251096 -0.0275398717407744 -0.00642208871073156 -0.201584574759716 0.000544554272151077 -0.331566989175036)
(0.533080611527394 -0.035697313563409 -0.00697717615101916 -0.201380600981945 0.000477610458707152 -0.331699148190175)
(0.53383819989331 -0.0431457876700121 -0.00736351957631537 -0.201993844990618 0.000277390052275495 -0.331843897397646)
(0.535268347733831 -0.0493640631282461 -0.00751154248644566 -0.20328714573301 -6.77672051680731e-05 -0.331981191307319)
(0.53735853160285 -0.0542569711433561 -0.00730590824920101 -0.205254592760073 -0.000611533422570748 -0.332104440956803)
(0.540263532114296 -0.0572645514187591 -0.00660732936977081 -0.208071582896516 -0.00133051508741197 -0.332192910460724)
(0.543940795110276 -0.057855783595246 -0.0054629688750494 -0.211701533904415 -0.00219135920156125 -0.332240569210185)
(0.548157964290721 -0.0557726200400543 -0.00391569448390528 -0.21592493484953 -0.00315485507727034 -0.332234629713648)
(0.552500494914025 -0.0510279853994601 -0.00209815986264183 -0.22033644949125 -0.00416086281803975 -0.332165831079079)
(0.556480302846475 -0.044019080167864 -0.00022826769381529 -0.224444976950032 -0.00517143957894607 -0.332037120831281)
(0.559713013148954 -0.0354164073891343 0.00144359476247465 -0.227857954640613 -0.006191164893519 -0.331856664942689)
(0.562030446355923 -0.0260629454583828 0.00270841197873674 -0.230401555234269 -0.00724979088725886 -0.331630123098378)
(0.56348625428314 -0.0167620989595755 0.0033934375835014 -0.232124960391498 -0.00838566474462692 -0.331362009515438)
(0.564356245062231 -0.00825389369307483 0.00340783328574506 -0.233298306993399 -0.00963400016444532 -0.331058152190195)
(0.56508881401339 -0.00113694343330969 0.00275332968438649 -0.234372194540939 -0.0110195265044257 -0.330716470767162)
(0.566246860083136 0.00418457366197934 0.00156874526177692 -0.23592378574027 -0.0125271985552405 -0.330322636254452)
(0.568414456710039 0.00755696147711004 8.60588972160953e-05 -0.238557229089539 -0.0140795513133037 -0.329856672892424)
(0.572059489498533 0.00910523272853779 -0.00140394256784815 -0.242750985566421 -0.0155346065079546 -0.329307914731417)
(0.57741791007439 0.00919441881572292 -0.00264995385192685 -0.248732419920557 -0.016716519014237 -0.328684926908995)
(0.584442154366249 0.00832220461506691 -0.00347933598074335 -0.256422810810344 -0.0174577408019272 -0.328018836883311)
(0.592809989743534 0.00699620610129552 -0.00384119051142311 -0.265449468156411 -0.0176404758660674 -0.327360099265309)
(0.602006426535378 0.00562082966454977 -0.00378078535438562 -0.275239887494895 -0.017224898801256 -0.326766178388239)
(0.611443324049959 0.00443737230938269 -0.00341268733786405 -0.285147980032683 -0.0162488269147143 -0.326295041853967)
(0.620560424958429 0.003527651639775 -0.00285839087509299 -0.29457404263882 -0.0148226418862064 -0.325986126977697)
(0.628925527107749 0.00286017672950644 -0.0022202200283659 -0.303064309937769 -0.013092920245014 -0.325861002229558)
(0.636255540093862 0.00235495740707677 -0.00155989468792906 -0.310340591931834 -0.0112225717620634 -0.325914765895112)
(0.642441189118964 0.00193566711498293 -0.000907256369367862 -0.316314734716927 -0.00935277533063974 -0.326126303931079)
(0.647479402385516 0.00155821883874936 -0.000266334232132787 -0.321026118555708 -0.00760454517667121 -0.326453163388346)
(0.651485671602566 0.00121343956940186 0.000363074737862233 -0.324628848639721 -0.00604224985195842 -0.326856729848989)
(0.65459949882544 0.000916283849092103 0.000972682702251368 -0.327305888881489 -0.00470350942739921 -0.32729354176331)
(0.656984261642757 0.000678867262846878 0.0015382743446779 -0.329252098352914 -0.00358978516227249 -0.327732116653263)
(0.658782465936679 0.000497783272978456 0.00203065275281627 -0.330638017694737 -0.0026879973352447 -0.32814441910826)
(0.660125099714632 0.000356963703529919 0.00243029453311451 -0.331608715448394 -0.00196992722994702 -0.328516367264686)
(0.661107161386755 0.000241626843319055 0.00273915819247672 -0.332274367298099 -0.00140984710569326 -0.328832785383904)
(0.661815679516252 0.000145307810163451 0.00297273527086784 -0.332721599767776 -0.000975856485148426 -0.329094075802211)
(0.6623105568396 6.97022342593883e-05 0.00315151456537612 -0.333011751545313 -0.000643326837522115 -0.329298803437895)
(0.662636081096404 1.75342297943103e-05 0.00329373503647423 -0.333189393538835 -0.000391391942416672 -0.329446687076486)
(0.662832942002273 -1.01802361419527e-05 0.00341242761790863 -0.333287597249994 -0.000200752514961819 -0.329545343445445)
(0.662925244570392 -1.21833000592554e-05 0.00351686911929806 -0.333328579125298 -5.89596607021834e-05 -0.329596663459816)
(0.532308228752366 0.00164747373866877 -0.00164446767305887 -0.200592823495023 -7.02902774130745e-05 -0.331715941340918)
(0.532533740637012 0.00564939159121263 -0.00149929426480684 -0.200830903750012 -0.000162394625507727 -0.331703982312663)
(0.531147666315135 0.00682287760742627 -0.00150069046802171 -0.199455383165383 -0.000170096768871943 -0.331692078963793)
(0.529107972942115 0.00470179592484635 -0.00174337334940387 -0.197414750341358 -0.000153193231347705 -0.331691598629226)
(0.527935233028111 -0.00176326637912951 -0.00184019092034017 -0.19622960792174 -0.000101892682042479 -0.331705002834773)
(0.527481210067386 -0.00865352572930574 -0.00199624313209285 -0.195736596352103 4.61029288801413e-05 -0.3317441511921)
(0.527357274228505 -0.0144871224927765 -0.0021885341208374 -0.195552678872206 0.000184316639054287 -0.331804106049022)
(0.526091662792009 -0.0201734271990826 -0.0027280056224851 -0.194219148849898 0.000337192269953716 -0.331871917465842)
(0.524903448225198 -0.0280329188796121 -0.00325953883368396 -0.192945014793661 0.000358013707393012 -0.331957731252329)
(0.524877898558843 -0.0363383461476306 -0.00369564539989499 -0.192819348714705 0.000300603903327663 -0.332057965465594)
(0.525669172646061 -0.0439225453819084 -0.00399562753884096 -0.193501077760112 0.000133103511373715 -0.332167766454602)
(0.527131157936601 -0.0502487698621633 -0.00410322171276428 -0.194860540986955 -0.000157181999138858 -0.332270582352119)
(0.529252503524594 -0.0552342360124293 -0.00392343873409265 -0.196890316074535 -0.000616718120396702 -0.332362511277235)
(0.532212759117358 -0.0582891552043169 -0.00333771370993392 -0.199784909792201 -0.00123208726888612 -0.332428431827288)
(0.535995509562198 -0.0588491911407304 -0.00238522102325891 -0.203532804990783 -0.0019760512830137 -0.33246354738177)
(0.540381936229617 -0.0566453559899883 -0.00110068895892963 -0.207924347087464 -0.0028158090151105 -0.332458655109078)
(0.544956730296658 -0.0516714086691348 0.000408027656990315 -0.212551534425844 -0.00369795064206986 -0.332406401734867)
(0.549203016566 -0.0443181434074108 0.00194878901925173 -0.216894994096763 -0.0045870370689692 -0.332309255262816)
(0.552703994544734 -0.0352989065121502 0.00330653958455724 -0.220531043360639 -0.00548459257587913 -0.332174047522633)
(0.555269858942524 -0.025482742620664 0.00429321410483615 -0.223265999835983 -0.00641864694323683 -0.332004686004485)
(0.55695761998444 -0.0157443351336496 0.00476601781508492 -0.225153236351325 -0.00742018639082623 -0.331804892405497)
(0.558054642506149 -0.00687393626228649 0.00464159095574988 -0.226474725431872 -0.00852045781576529 -0.331580105425461)
(0.559045862514198 0.000493783253158828 0.0039269148653072 -0.227717223145083 -0.00974462227564666 -0.331328569678211)
(0.560561335052179 0.00591696564201669 0.00275509093569426 -0.229522073608704 -0.0110772264103371 -0.331039019004082)
(0.563234084509849 0.00926291652656387 0.00133195258226166 -0.232537502277661 -0.012445466560434 -0.330696239117149)
(0.567577277037437 0.0106839171762447 -8.03267603571213e-05 -0.237284653262514 -0.0137149505833502 -0.330292273318247)
(0.573830524713509 0.010594284740814 -0.00125783923674802 -0.243995397242732 -0.0147215981173928 -0.329834799241485)
(0.581901545905738 0.00954395855633436 -0.00205837599741274 -0.252551396566339 -0.0153123217669039 -0.329349858974417)
(0.591396073118889 0.00807696280125231 -0.002448722826903 -0.262517172626106 -0.0153815699522193 -0.328878659694573)
(0.601696268068303 0.00661401265060386 -0.00247439526689798 -0.273229944469878 -0.0149047477736289 -0.328466119938822)
(0.612125074020927 0.00538959664383754 -0.00224355781686823 -0.283969875191474 -0.0139273397479393 -0.328155021363363)
(0.62205936691176 0.00446777875711682 -0.0018659587830407 -0.294083866449013 -0.0125578132334769 -0.327975350333775)
(0.631018043453771 0.00379707151464624 -0.00142763712263224 -0.303079232429834 -0.0109434125798128 -0.32793868314562)
(0.638710818808749 0.00327789034265909 -0.000980407660156173 -0.310674345509881 -0.0092397751247377 -0.328036364678918)
(0.645057737910389 0.00281868931140638 -0.000545108712834268 -0.316809394788099 -0.00757393534253198 -0.328248250311937)
(0.650114857545718 0.00236752431063457 -0.000123156185289705 -0.321571347109506 -0.00604372928896415 -0.328543435448099)
(0.654025653918226 0.00191384493543978 0.000295765346368479 -0.325141000685821 -0.00470958913001259 -0.328884593120009)
(0.656988057864423 0.00147739311264021 0.00071658454183714 -0.327745373420475 -0.00359034013514955 -0.329242638111159)
(0.659194150909541 0.00109004918693498 0.00113352314784763 -0.329602073805261 -0.00268111450721369 -0.329592044506146)
(0.660815641522359 0.000775003598419671 0.00152750021021704 -0.330900641564149 -0.00196168230061526 -0.329914978397694)
(0.661991191389026 0.000532931838959344 0.00187168460811226 -0.331793018035245 -0.00140545104251178 -0.330198160861384)
(0.662833730413938 0.000349103258201455 0.00214840686481104 -0.332396559071097 -0.00098136431678874 -0.330437164554489)
(0.66342484492321 0.000209558840954796 0.00235799074690999 -0.3327957542799 -0.000662822403818005 -0.330629087495199)
(0.663819000598428 0.000106203800379487 0.00251570549227448 -0.33305094078785 -0.000428396537562899 -0.330768058541562)
(0.664076868137683 3.48435078644289e-05 0.00263324490581026 -0.333207956213435 -0.000253436532810729 -0.330868911692533)
(0.66422075307012 -2.88302397956972e-06 0.00272376150271415 -0.333293107429849 -0.000127328470970723 -0.330927646127651)
(0.664270957003924 -1.0753706957037e-05 0.00280542524276801 -0.333329498770664 -3.537989091098e-05 -0.330941459666427)
(0.523636535232829 0.0017031212486667 0.000355590550355532 -0.191531803773094 -6.37143872870339e-05 -0.332105030796068)
(0.523877028132429 0.00576861724020792 0.000457038255045742 -0.191780965256149 -0.000154391440821246 -0.332096768531032)
(0.522438182321127 0.00698519298153359 0.000415072415727634 -0.19034781987909 -0.00017090129014554 -0.332090245627958)
(0.520330158471272 0.00485211609898959 0.000166256788094666 -0.188237206378863 -0.000174310093698984 -0.332091928418171)
(0.519144251698331 -0.00177783276022823 6.75256124034651e-05 -0.187040928976502 -0.000143650814207939 -0.332102952376271)
(0.518739696306235 -0.00881920181893761 -6.09406819832174e-05 -0.186606451894688 -3.34919694580161e-05 -0.33213296114937)
(0.518742863972232 -0.0147405224693676 -0.000198529117976173 -0.1865637586878 6.95661444843983e-05 -0.332178808983005)
(0.517558776334989 -0.0204514498565415 -0.000628579561303789 -0.185328848518497 0.000193101257698116 -0.332229544385562)
(0.51643339245115 -0.0284270584652284 -0.00104841483199733 -0.184139101389546 0.00020599681106311 -0.332293841185985)
(0.51649673244711 -0.0368574636698985 -0.00138596402739693 -0.184128354632945 0.000155501549733034 -0.332368002346398)
(0.517362104220562 -0.0445644414297398 -0.00161474338212803 -0.184912628126233 1.55695470572829e-05 -0.332449281138804)
(0.518892278999657 -0.0509845541551394 -0.00168894408632658 -0.186367976880205 -0.000226552587507202 -0.332524300846851)
(0.52106539186629 -0.056059724653501 -0.00153550731599203 -0.188474379766747 -0.000609858788909468 -0.332591173042652)
(0.524099801007253 -0.0591740366119852 -0.00104857478654057 -0.191461126077106 -0.00113063009540973 -0.332639019311438)
(0.52798761522235 -0.0597291640919043 -0.000266796572214326 -0.195323974511885 -0.00176385357490521 -0.332664171819273)
(0.532535634772654 -0.057448107914174 0.000785225220870821 -0.199876061182225 -0.00248451240861239 -0.332660246524334)
(0.537328213927125 -0.0522995859671496 0.00201836579177996 -0.204707230741095 -0.0032463037568706 -0.332621757747123)
(0.541827478387121 -0.0446746923585997 0.00326997045100423 -0.209277582908871 -0.00401504862881842 -0.332550684572966)
(0.545592948069895 -0.0352971809490374 0.00435489664148619 -0.213141670331524 -0.00479353877059621 -0.332451983720526)
(0.548413710185868 -0.025098302784759 0.00511373815891201 -0.216085326418871 -0.00560343483814365 -0.33232892753234)
(0.550339805266608 -0.0149860952199147 0.00541980620052299 -0.218155407482126 -0.00647016359958685 -0.332184732731643)
(0.551682522725432 -0.00580249377556492 0.00520575068078883 -0.219659592674522 -0.00742267840566638 -0.332023065051535)
(0.552957440850568 0.00176690764946349 0.00448184556482744 -0.221113469661091 -0.00848156887901445 -0.33184393789821)
(0.554855173999991 0.0072630007640396 0.00336526371858154 -0.223217168996429 -0.00963504075680915 -0.331637882509322)
(0.558067378486457 0.0105571695505464 0.00204805147929749 -0.226673352911529 -0.0108138975039161 -0.331393838150336)
(0.563136460655578 0.0118421153373489 0.000754837361349909 -0.232030013126457 -0.0118947888900996 -0.331106248818087)
(0.570297734421182 0.0115797028296067 -0.000320749758099773 -0.239515684525547 -0.0127283092382873 -0.330781863158747)
(0.57941169339087 0.0103679009937408 -0.00106342411426573 -0.248970182483123 -0.0131779395020011 -0.330441349594698)
(0.589997439458326 0.00878332102016821 -0.00144843785551406 -0.259881036191299 -0.0131557623875105 -0.330116267001154)
(0.601343857070898 0.00725682628236394 -0.00152776771073363 -0.271503165247561 -0.0126465791127191 -0.32984057881139)
(0.612687303792039 0.00601525979707439 -0.00139745097706857 -0.283042959042126 -0.0117027981454892 -0.329644249304166)
(0.6233356024427 0.00510410605532829 -0.00115017497614806 -0.293787697357706 -0.010432232579621 -0.329547822105229)
(0.63278384448726 0.00445030189063006 -0.000860201712256677 -0.303226569006204 -0.00897210957879975 -0.329557202859748)
(0.640755351059846 0.00393890582135998 -0.000568354668748484 -0.311091157723137 -0.00746154114971152 -0.329664131560356)
(0.647195632512855 0.00347013153823596 -0.000288347985771533 -0.317345268442438 -0.00601508786637974 -0.329850311485296)
(0.652208094423609 0.00298739625262453 -1.87890416303828e-05 -0.322118235078608 -0.00471438506218985 -0.330089815253716)
(0.655994117619158 0.00247868386803602 0.00024846008470747 -0.325636572563677 -0.0036021811835723 -0.330357508496248)
(0.658788007770466 0.00196301416433237 0.000522159133742631 -0.328157364951489 -0.0026892604200674 -0.330630614129013)
(0.660817399654258 0.00147619106861643 0.000806206154806638 -0.329924574096072 -0.0019623423766894 -0.330892804146426)
(0.662268560538987 0.00105439678059378 0.0010938759922081 -0.331137932612399 -0.00140197742571129 -0.331130612661586)
(0.663295746858224 0.000717708032444254 0.00136719469209306 -0.331958610104526 -0.000978412230196837 -0.331337127676053)
(0.66400990774735 0.000465527486118862 0.00160434158445155 -0.332503788019763 -0.000666028811065422 -0.331506114421886)
(0.664499481437751 0.00028128019686728 0.00178899424291128 -0.332860203100964 -0.000437929309981026 -0.331639275793598)
(0.6648188936149 0.00014915998241059 0.00192476034233622 -0.333086022628222 -0.000275291996044749 -0.33173287001971)
(0.66501772033158 5.95013112349242e-05 0.00201948129890713 -0.333223295122765 -0.000158902862669236 -0.331794424792551)
(0.665115978103548 8.7099611558025e-06 0.00208968052471822 -0.333297953914135 -7.83103394285804e-05 -0.33181802377751)
(0.665153147857027 -6.97372547098105e-06 0.00213104604104798 -0.333329513176995 -2.20028727750665e-05 -0.331823634117343)
(0.514724892734321 0.00175610845847735 0.00159092217366507 -0.182289366992524 -5.6586279329808e-05 -0.332435682935979)
(0.514981291987039 0.00587079905000053 0.00165859818200259 -0.182551525519385 -0.000141789586064218 -0.332430175163671)
(0.513499488148794 0.00712369758120929 0.00159121520792564 -0.181072223590236 -0.000163388803931962 -0.332427208920173)
(0.511365010030206 0.00497600629150221 0.00135562159362057 -0.178935087769515 -0.000180951555393082 -0.332429299647404)
(0.510169384031508 -0.00177926531907869 0.0012564408084601 -0.177730796402044 -0.000166280292264758 -0.332438377568105)
(0.509832855212842 -0.00895224606218512 0.00115117225438495 -0.177372127178401 -8.7557045933318e-05 -0.332460568271332)
(0.509991257655873 -0.0149467883492339 0.00105614046484808 -0.1774967878965 -1.36933963660797e-05 -0.332494303454263)
(0.508927069023666 -0.0206603967049459 0.000718582771278688 -0.176395837715705 8.32490762901677e-05 -0.332531001398091)
(0.507887970905465 -0.0287312066025071 0.000389764413880797 -0.175309819378203 8.93905675424476e-05 -0.332577883250515)
(0.508078669019238 -0.0372654632744429 0.000134266884026529 -0.175447598442991 4.44810141523042e-05 -0.33263084074377)
(0.509048267082422 -0.0450687418129866 -3.6294678057008e-05 -0.176359255209096 -7.10860344939429e-05 -0.332688900738306)
(0.510681645604251 -0.0515773944389863 -8.34855995591913e-05 -0.177939894067546 -0.000270683102796653 -0.332741751841912)
(0.512933414734775 -0.0567496805078538 4.58022545981106e-05 -0.180144508555676 -0.000586646419724187 -0.33278899221104)
(0.516047821197458 -0.059922342277133 0.0004439045526416 -0.183225647240182 -0.00101856822460329 -0.332822381847476)
(0.520044361697375 -0.0604933090506476 0.00107538676620533 -0.187204946522056 -0.00154787460020576 -0.332839728223137)
(0.524744911304937 -0.0581688068397562 0.00192207291311154 -0.191908534510383 -0.002154818863802 -0.33283677900936)
(0.529745481354466 -0.0528944203236445 0.00291413556333097 -0.196936613772502 -0.00279973486657847 -0.332809335538457)
(0.534488181854904 -0.04504927164395 0.0039141194871825 -0.201729614249398 -0.00345198119099041 -0.332759042288441)
(0.538505925601291 -0.0353833120028764 0.00476555556366652 -0.205816595108375 -0.00411284332510464 -0.33268976161247)
(0.541578781773543 -0.0248571791555643 0.00533584479953204 -0.208975583493809 -0.00480117964016354 -0.332603533773979)
(0.543749604024556 -0.0144291164107893 0.0055158756896383 -0.21124651248809 -0.00553500948894216 -0.332503307923556)
(0.545350239150751 -0.00498577973822366 0.00525544163532446 -0.212958736715596 -0.00634024070131931 -0.332391597581519)
(0.546930533297804 0.0027429047621197 0.00456340113589716 -0.214661674287072 -0.00723453760036645 -0.332268851940699)
(0.549228668430366 0.00829165698915101 0.00353972948517229 -0.217100377831687 -0.0082084999248862 -0.332128224094311)
(0.55300391217703 0.0115210454939254 0.00236150894134022 -0.221042863057096 -0.00919961732062395 -0.331960952167266)
(0.558812106399751 0.0126704368712526 0.00121521114556768 -0.227047497163016 -0.010095252053667 -0.331764504406231)
(0.566879440111275 0.0122477656040934 0.000265361062230705 -0.235335544037835 -0.0107648021883644 -0.33154379521706)
(0.577008946003882 0.0108958772633922 -0.000395805869117067 -0.245694419296224 -0.0110909820358126 -0.331314439236643)
(0.588640419197966 0.0092179500763572 -0.000756632419539882 -0.257541123560739 -0.0110015328660312 -0.331099223077176)
(0.60095391868572 0.00765344433016376 -0.000864847509073608 -0.270030704029955 -0.0104921576666211 -0.330923158095189)
(0.613136238938872 0.00641405982795697 -0.000805005365601622 -0.282330709438471 -0.00961402136265884 -0.33080548084654)
(0.624397145427627 0.00553059256855608 -0.00065519278602475 -0.293637207244197 -0.00847612761402508 -0.330759895061587)
(0.634248916398158 0.00490590063775281 -0.000475359398881763 -0.303460760935576 -0.00719685751706194 -0.330788117224404)
(0.642428204519089 0.0044131045441522 -0.000296311976516014 -0.31154402190549 -0.00589687452720787 -0.330884148883214)
(0.648904435839602 0.0039470406730678 -0.000126605556442856 -0.317873589853388 -0.00467897798621721 -0.331030817828655)
(0.653846776411766 0.00345013696236587 3.6361193094626e-05 -0.32263508201051 -0.00360249965433374 -0.331211670463761)
(0.65749794676983 0.00291212185997309 0.000200784338855632 -0.326091093388516 -0.00269940961316738 -0.331406832842364)
(0.660134394232138 0.00235414881768075 0.000371875305855389 -0.328530478838934 -0.00197070635455022 -0.331603899084908)
(0.661992580030089 0.00181130664230967 0.000555310682700764 -0.330206027001001 -0.00140747445631631 -0.331786539888085)
(0.663295622885704 0.00131815088989385 0.000748401400852767 -0.331342977082402 -0.000979546371200214 -0.33195263675611)
(0.664194257645917 0.000905782034246608 0.000946057542576479 -0.332099520436814 -0.000664708468091503 -0.332094731045453)
(0.664805030671954 0.000587536260137929 0.00113299189530231 -0.332595272325404 -0.000439182277945258 -0.332209754927998)
(0.665211949316728 0.000357426008499461 0.0012890265611063 -0.332914457461453 -0.000280360731983633 -0.332297489824376)
(0.665472622732964 0.000196212266954296 0.00140420344145288 -0.333115231826187 -0.000170968566956811 -0.332357390118907)
(0.665627551275686 8.7379974515067e-05 0.00148084128172308 -0.333236387408604 -9.62358420980439e-05 -0.332391163617275)
(0.665697293184676 2.34318095615612e-05 0.0015321737679291 -0.3333020160301 -4.66517408581709e-05 -0.332395276943984)
(0.665712405298387 -2.23001824992424e-06 0.00155624962385987 -0.333329891878033 -1.32197197000686e-05 -0.332382512143777)
(0.505740291104203 0.0017958239758991 0.00221760083371167 -0.173030337077798 -4.84725013990552e-05 -0.332710028315238)
(0.506014323537125 0.00595477276971792 0.00225973370830506 -0.173307978550955 -0.000125270163470342 -0.332706567145019)
(0.504505056747067 0.00723824044169895 0.00218247558956414 -0.171799582455761 -0.000148681582354517 -0.332705447410529)
(0.502344498258801 0.00508793441712431 0.00196593247959253 -0.169636079109046 -0.000174628044582896 -0.332708066771192)
(0.501161329856307 -0.00178075538292989 0.00187474203134081 -0.168446502076631 -0.000171447826663365 -0.332714718535893)
(0.500917841765236 -0.00906188183444062 0.00179244027348219 -0.168187731952142 -0.000118008557099859 -0.332730022584858)
(0.501233969368653 -0.0151057142369378 0.001726507094115 -0.168479774394402 -6.76401365329393e-05 -0.332754103575135)
(0.500307781580793 -0.0208010461094885 0.00146536776274334 -0.16752794518828 5.93642510651985e-06 -0.332779699769529)
(0.499401507994862 -0.0289384520997462 0.00121805999841617 -0.166589710725922 6.87315451214464e-06 -0.332811645883366)
(0.499754069780423 -0.0375682212636282 0.00103092602413266 -0.166906372779198 -3.28351723778794e-05 -0.332847571074733)
(0.500848938846913 -0.0454576792288212 0.000906165376047137 -0.167961546132995 -0.000126761713249817 -0.332887327742327)
(0.502601842219133 -0.0520396902114439 0.00087782673991944 -0.169678873361448 -0.00028784985359888 -0.332922965822825)
(0.50495574270462 -0.0572964959027164 0.000986505012032893 -0.172001228774639 -0.000542049541247113 -0.332954573597662)
(0.508162601194046 -0.0605409011495287 0.00130445511900203 -0.175185807946224 -0.000892895272707389 -0.332976906071497)
(0.512270523529868 -0.0611433365053875 0.00180366953747782 -0.179282379525492 -0.0013248999688598 -0.332988319315865)
(0.517115225747118 -0.0588028592904404 0.00246973560911088 -0.184129203774667 -0.00182326327242688 -0.332986249730659)
(0.522307439641495 -0.0534399512084458 0.00324840130866853 -0.189339980500524 -0.00235535455756075 -0.33296773408938)
(0.527279826370289 -0.0454343311342708 0.0040297735196592 -0.194346256864271 -0.00289384138389683 -0.332933834881134)
(0.531539462419724 -0.0355206352246866 0.00468148180728629 -0.198652145929933 -0.00344079573332807 -0.332887565831668)
(0.534861396086902 -0.024734828985473 0.00509999867229752 -0.202031499204713 -0.0040096599883029 -0.332830084183985)
(0.537282399039023 -0.014019580196946 0.00518989950576776 -0.204518896679478 -0.00461554645111782 -0.332763625991258)
(0.539154874286647 -0.00436870117762114 0.00491896805901398 -0.206464901810743 -0.00527727087971776 -0.332690035022027)
(0.541053896965862 0.00349658945996757 0.00428812164573777 -0.20844410782027 -0.00601235700500188 -0.33260979973209)
(0.543769057436917 0.00907225121286825 0.00338894547295528 -0.211250292407133 -0.00681004620437038 -0.332518729184644)
(0.548115604394628 0.0122278283130376 0.0023736830296432 -0.215705562525517 -0.00761768552692724 -0.332410002169198)
(0.55466195569667 0.0132470938476439 0.00139287315877242 -0.222379010743079 -0.00833589538960419 -0.332282895424491)
(0.563618026355154 0.0126796283261168 0.000584076484515302 -0.231477680836881 -0.00885563582067107 -0.332140301002376)
(0.574720841426554 0.011209946028337 1.56207484415386e-05 -0.242725980704146 -0.00907569970012502 -0.33199481949497)
(0.587334665678044 0.00946253332650959 -0.000305084997601047 -0.255474259145492 -0.00894416752375145 -0.331860374432068)
(0.600551114917726 0.00787971739460885 -0.000423428266456393 -0.268798347098368 -0.0084644138811274 -0.331752740702509)
(0.613460564627588 0.00666242589900428 -0.000409788657719443 -0.281773783359443 -0.00768514537346303 -0.331686756608731)
(0.625260678295193 0.00581671974157163 -0.000330127939448624 -0.293591734337261 -0.00670255953016009 -0.331668922400129)
(0.635443779613677 0.00522913565347849 -0.00022964513269983 -0.303743140744333 -0.00562003420607245 -0.331700620406054)
(0.643764525327734 0.00476023304697099 -0.000130662651045516 -0.31198975577689 -0.00454244631941541 -0.331774753245418)
(0.650252605251922 0.00430054978997255 -3.87400488517012e-05 -0.318371018470761 -0.00354718740331649 -0.331881572089573)
(0.655111832424734 0.00379465738348219 5.16658433671433e-05 -0.323104991700139 -0.00268420150390953 -0.332006828478374)
(0.658631976954969 0.00323753066368838 0.000146433793374963 -0.326491836566152 -0.00197275610946824 -0.332140130329856)
(0.6611189401886 0.00265275857729429 0.000250227329439026 -0.328847511844275 -0.00141018908524657 -0.332271419783994)
(0.662839011543234 0.00207663352775868 0.000364680382294587 -0.33044633167707 -0.000982339795598902 -0.332392673508731)
(0.664014273915636 0.00154365639494203 0.000488809552053431 -0.331513460189331 -0.000665964030331815 -0.332500808833597)
(0.664805211302038 0.00108227314411478 0.000620539652329884 -0.332213627901637 -0.000439651466474212 -0.332591579670752)
(0.665331383450539 0.000711091358915592 0.000753593947854535 -0.332667124213227 -0.000282010346049965 -0.33266425703285)
(0.66567680946513 0.000435112837089674 0.000875122369149996 -0.332957283839757 -0.00017424835560773 -0.332719524364409)
(0.66589271107843 0.000243905750966661 0.000970337192755577 -0.333137665166 -0.000103437325643612 -0.332755045439637)
(0.666018352414466 0.000116938228591021 0.00103122812224036 -0.333245820884076 -5.72309366745057e-05 -0.33277253145946)
(0.666077416022302 3.95121698795348e-05 0.00106177456473178 -0.333305121885593 -2.72566443719384e-05 -0.332772293905554)
(0.666081564127744 2.79519925846361e-06 0.00107415903769204 -0.333330453325766 -7.54516995770382e-06 -0.332751110500388)
(0.496835639679162 0.00183227612961037 0.0023746144475323 -0.163905698128043 -4.00486342263092e-05 -0.332929976812257)
(0.497124665906665 0.00602028477363064 0.00239863264711157 -0.164196817033561 -0.000105632833687593 -0.332927957805752)
(0.495592873726326 0.00733054450310891 0.00232175589744582 -0.162664997180245 -0.000128116899070755 -0.332927869562132)
(0.493428442909968 0.00517836262193594 0.00213539128158356 -0.160498133241762 -0.000157390880020849 -0.332930122606698)
(0.492261270583164 -0.00176872809881434 0.00205556328642376 -0.159326497443433 -0.00016151898825399 -0.332934720289452)
(0.492102073351681 -0.00914159603439778 0.00199042906319533 -0.159157130548114 -0.000127548655761188 -0.332944901791933)
(0.492604429801654 -0.0152264330121634 0.00194957862208814 -0.159643798049913 -9.53457440567334e-05 -0.332960588308612)
(0.49185274203851 -0.0208872103357522 0.00175692834210179 -0.158875733229865 -4.20328272488253e-05 -0.332976925911785)
(0.491078906083617 -0.029082593650024 0.00157357820577094 -0.15808117127294 -4.45464872050655e-05 -0.332997657698008)
(0.491600965967044 -0.0377749679968681 0.0014399678208585 -0.158580329913307 -7.85410439640622e-05 -0.333020574688275)
(0.492867210706689 -0.0457373203438676 0.00135658453753124 -0.159821655987015 -0.000152959098324704 -0.33304552018925)
(0.494776044188672 -0.0523902961053019 0.00134458350273666 -0.161708237669399 -0.000279771202896022 -0.333067797437214)
(0.497219892172245 -0.0577239404864699 0.00142819355330382 -0.164131896597782 -0.000477371330410911 -0.333088025936137)
(0.50053412965435 -0.0610391635707222 0.00167574838077361 -0.167432294024706 -0.00075340318451751 -0.333101899742518)
(0.504742833740995 -0.0616854663719942 0.00205573377038106 -0.171633780348379 -0.00109387809808428 -0.333109145643071)
(0.509728526368327 -0.0593477103718703 0.00256354794024598 -0.176620859180195 -0.00148934532476865 -0.333107785229841)
(0.515116422628543 -0.0539244049988318 0.00315907832150565 -0.182020745298105 -0.00191414192123036 -0.333095822148076)
(0.520292127550005 -0.04578753184018 0.00374606401157226 -0.187217504669337 -0.00234280800861641 -0.333074759169876)
(0.524794400571257 -0.0356708786191034 0.0042328027279678 -0.19174893866135 -0.00278057084411113 -0.333045595600254)
(0.528340012137229 -0.0246544227499904 0.00452189986643936 -0.195329807557675 -0.00323263510909687 -0.333010297110372)
(0.531026494835113 -0.0137311310626408 0.00455866467176249 -0.198057781162849 -0.00371513428643296 -0.33296877622021)
(0.533163638407856 -0.00389521103630658 0.0042987937902166 -0.200239781073419 -0.00423792182468193 -0.332923888222488)
(0.535385554917584 0.00408239552433431 0.0037537987410778 -0.20251033417813 -0.00481851865513218 -0.332875238347392)
(0.538530609239114 0.00965333045742366 0.00300621277570413 -0.205710491460284 -0.00544666008309566 -0.332820103260442)
(0.543447618536977 0.0127435156748138 0.00216351652388657 -0.21069311384496 -0.00607947630498655 -0.332754490011903)
(0.550730058423601 0.0136372560646884 0.00136227919941661 -0.21805276147769 -0.00663489846434379 -0.332677275411298)
(0.560550751256799 0.0129405487904756 0.000701044517834603 -0.2279590950119 -0.00702048529582328 -0.332591636129168)
(0.572592185539086 0.0113713435446862 0.000235722868488144 -0.240088104774689 -0.00716119009290608 -0.332504062261087)
(0.586107234853029 0.00957680216256347 -3.50331178219489e-05 -0.253680738934796 -0.00701042751769199 -0.332426482498265)
(0.60013857368843 0.00799391759703809 -0.000149103306367674 -0.267772418858013 -0.00658294006510465 -0.332366144382909)
(0.61368848775993 0.00681143028299184 -0.000163373829362155 -0.281357337157598 -0.00592658750420771 -0.332331137400841)
(0.62596207245445 0.00601108690084455 -0.000130732172163521 -0.29363409755987 -0.00511200143552025 -0.332327967590499)
(0.636397935890344 0.00546602317839263 -8.43724344988847e-05 -0.304043696365879 -0.004237088233965 -0.332354231359779)
(0.644817714407466 0.00502335964361222 -4.01882873687946e-05 -0.312411824470733 -0.0033796557626937 -0.332405882489659)
(0.651291766559866 0.00457089305531354 5.70601598798837e-07 -0.318816746164207 -0.00260102929542532 -0.332475012964796)
(0.656066216265993 0.00405762424941964 4.20679204823181e-05 -0.323510662736678 -0.00193494827257088 -0.332555548240397)
(0.659468083151177 0.00348233394931188 9.09031980314983e-05 -0.326829427555396 -0.00139537267804547 -0.332638651083867)
(0.661828612552962 0.00287506223203403 0.000149836758702875 -0.32910878856006 -0.000976145308975892 -0.332719820174562)
(0.663432449407239 0.00227437791563347 0.000219895149320283 -0.330638604094107 -0.000663231940962013 -0.332793842229669)
(0.664503280137695 0.00171690236204019 0.000298904196120584 -0.331645133637833 -0.000438456169114787 -0.332858144076752)
(0.665213691846178 0.00122702479617422 0.000383299171543037 -0.332301198097397 -0.000280660200831629 -0.332912491845906)
(0.665676869266078 0.000822710695003221 0.000469704200213686 -0.332721579450708 -0.000174567325709806 -0.33295528870028)
(0.665972550507621 0.000511673371953906 0.000554959118592905 -0.332987005507394 -0.000105730826116604 -0.332985544376375)
(0.6661591866998 0.000289899055913772 0.000626756814693096 -0.333153192457027 -6.12726864285626e-05 -0.333005994045335)
(0.666267275709631 0.000144085582622338 0.00067417539021475 -0.333252465978572 -3.37640679538996e-05 -0.333014809700732)
(0.66631680578106 5.46572964233207e-05 0.000696946501411349 -0.333306917256331 -1.67074023723995e-05 -0.33300988845378)
(0.666326296261021 8.41902867267437e-06 0.000690741438725079 -0.333330478569596 -4.98704208252777e-06 -0.332995817952471)
(0.488134676146314 0.00186950776341148 0.00218051299557024 -0.155036739927103 -3.13975010307624e-05 -0.333097955581873)
(0.488420935574561 0.00606987987947742 0.00218978457372141 -0.155323744340047 -8.37188920162711e-05 -0.333097238926039)
(0.486866380635831 0.00740159514071847 0.00212084431951264 -0.153768756660349 -0.000103189405570679 -0.333097626751838)
(0.484718470423937 0.0052497417307285 0.00197291772171461 -0.15161933835472 -0.000131283751051229 -0.333099030858587)
(0.48356686772463 -0.0017561010805368 0.00190701267418385 -0.150464849609059 -0.000139081487300556 -0.333101999293467)
(0.483503329103388 -0.00919359525730735 0.00185911103762914 -0.150395297835512 -0.00011943908451547 -0.333108010036009)
(0.484225216314186 -0.0152847100617102 0.00184122821067581 -0.151108636410866 -0.000101072105821555 -0.333116556012444)
(0.483632470725956 -0.0209347449748003 0.0017011578528545 -0.150505897438891 -6.42518963098499e-05 -0.333126537676972)
(0.483005273847311 -0.0291626982365975 0.00157192315263 -0.14986655689585 -6.85063185646353e-05 -0.333138682469871)
(0.483712548677845 -0.0379154606122434 0.00148143844890862 -0.150560608479241 -9.6278337385147e-05 -0.333151918861526)
(0.485148947365368 -0.0459425338897617 0.00142747426168493 -0.151982701112928 -0.000152688589538899 -0.333166221189055)
(0.4872127097829 -0.0526512574946506 0.0014241732579983 -0.154033778004817 -0.000247744593953327 -0.333178910687593)
(0.489785687915017 -0.0580497050356694 0.00148921741590882 -0.156595357668858 -0.000394400821818841 -0.333190342258027)
(0.493187420924963 -0.0614374409473363 0.00166843067226359 -0.159988966085637 -0.000600482031899433 -0.333198491670295)
(0.497522165039239 -0.0621271342558084 0.00194763948425157 -0.164319859946369 -0.00085588438500565 -0.333202349086684)
(0.502641676901875 -0.0598063569803095 0.00231589324450104 -0.169440144000261 -0.00115384829085328 -0.33320158815002)
(0.508200398832383 -0.0543468671886973 0.00274683785588734 -0.175005643933552 -0.00147513889526217 -0.333194816522554)
(0.513615841220678 -0.0460936403937762 0.00317725521281221 -0.180433622849737 -0.00180257185037564 -0.333182295279507)
(0.518294789169938 -0.0358493224569382 0.00351148054317702 -0.185128242552039 -0.00212952301741473 -0.333166617852231)
(0.522109369907531 -0.0246295336815575 0.00371280598353704 -0.188963332660866 -0.00247529742665853 -0.33314608272873)
(0.525040813158789 -0.0135139030671136 0.00371165869239955 -0.191917881995234 -0.00283859256407126 -0.333122964713675)
(0.527456575322291 -0.00353024467287542 0.00348893923539938 -0.194358677443659 -0.00323144693158567 -0.333097917950635)
(0.529994210541817 0.00452383756724322 0.00304771853297228 -0.196922472264598 -0.0036629196452026 -0.333071747941619)
(0.533565085197158 0.0101015496072199 0.00245593798070823 -0.200523300518133 -0.00413157889220014 -0.33304178012569)
(0.539048388300971 0.0131123787695672 0.00180379014929318 -0.206042653401935 -0.00460189791376338 -0.333005729331425)
(0.547044215817648 0.0138941234851386 0.00118322661244269 -0.214080610842722 -0.00500759540033224 -0.332963603723103)
(0.557696771466676 0.0130828744193526 0.000673144025787106 -0.224779609705603 -0.00527740632900427 -0.332917156173476)
(0.570600200462501 0.0114339823864431 0.000313254108470454 -0.237729317568539 -0.00535338841918583 -0.332870872515812)
(0.584970502188485 0.00960541250335151 9.90949218483426e-05 -0.252140490149426 -0.00520798984836389 -0.332830015210591)
(0.599724499052778 0.00803737644327482 7.72771338305252e-07 -0.266925255347573 -0.00485589502609058 -0.332799238551252)
(0.613845274965626 0.00689755605764815 -2.69108964467196e-05 -0.281061719013858 -0.00433292564147152 -0.332783552564998)
(0.626493707252828 0.0061498867797008 -2.20419344156195e-05 -0.29370853033159 -0.00370178731815905 -0.332785174713407)
(0.637143290460161 0.00564826134742459 -9.17391105066751e-06 -0.304340713960477 -0.00303475893331299 -0.332802574091111)
(0.645637852812919 0.00523146757972886 1.851112851377e-06 -0.312804628511209 -0.00239092215673755 -0.332833222147438)
(0.652071825027813 0.00478716570725282 1.11287288026329e-05 -0.31919902848414 -0.00181655612943706 -0.332872793282722)
(0.656770478005464 0.00426554103580826 2.22809366514294e-05 -0.323851101479249 -0.0013281728690194 -0.332919375085773)
(0.660067778556663 0.0036717244274496 4.21373911157529e-05 -0.327102322164728 -0.000940613631347827 -0.332965455315796)
(0.66232250974178 0.00304181962814215 7.18783184737074e-05 -0.329312093797265 -0.000644096970982098 -0.333010414565046)
(0.663832607055389 0.00241776551889645 0.000112545689857264 -0.33078178061723 -0.000427053635901115 -0.333050824902552)
(0.66482575981751 0.00183900349083083 0.000161750237010907 -0.331740416076383 -0.00027490633267749 -0.333085343045029)
(0.665475115905565 0.00133028988626329 0.000215842860574078 -0.332360935174102 -0.00017107762870803 -0.333114179992746)
(0.665895130837439 0.000906376350816731 0.000270367051273718 -0.332758054971766 -0.000103125050716724 -0.333137075669091)
(0.666160430062568 0.000574171514342416 0.00032335368001879 -0.33300767717764 -6.10752468284003e-05 -0.333152752789909)
(0.66632420552859 0.000330863824304035 0.00037161881058721 -0.333162402563001 -3.57150263429475e-05 -0.333161802808908)
(0.666423231779752 0.00016624845766201 0.00040430008863835 -0.333256482348306 -1.9981170697742e-05 -0.333166749453132)
(0.666472132054713 6.6414612421536e-05 0.000418159073936539 -0.333308140996539 -1.03791291798688e-05 -0.333163991006815)
(0.66648518692131 1.24669433324622e-05 0.000408491558062579 -0.333330682951663 -3.35040157839497e-06 -0.3331545047363)
(0.47968569236261 0.00189091674595365 0.00172665019183902 -0.14646774085642 -2.23067068227916e-05 -0.333217965629369)
(0.479997800540299 0.00610798696389088 0.00173063112756908 -0.146780227450004 -6.0361951191105e-05 -0.333217597276359)
(0.478473662531697 0.00745395590818973 0.00168337820256775 -0.145256347453339 -7.55036527294919e-05 -0.333217300339804)
(0.47629153684039 0.00530654573332427 0.00156905195829172 -0.143072662877918 -9.84341839374507e-05 -0.33321882152978)
(0.475151730417816 -0.00173881471931881 0.00151890865897662 -0.141931178699294 -0.000106719079868214 -0.33322055031016)
(0.47520898582085 -0.00923059232735557 0.00148965394070767 -0.14198574993034 -9.69967113049502e-05 -0.333223224683364)
(0.476102157672268 -0.0153329085119361 0.00148066400745928 -0.142874634947472 -8.78591437882859e-05 -0.333227515768373)
(0.475695875221281 -0.0209353117786581 0.0013890033356965 -0.142463406509238 -6.47519596199083e-05 -0.333232464886768)
(0.475236650765181 -0.0291880072454269 0.00130664972291374 -0.141998319212123 -6.92368792349404e-05 -0.333238324703937)
(0.476121037164813 -0.0379705619593635 0.00124870212728952 -0.142876114795824 -8.98056504825458e-05 -0.333244920177834)
(0.477760670331774 -0.0460382083678608 0.00122113672388999 -0.144509208955329 -0.00012920613832616 -0.33325142930819)
(0.479959693901442 -0.0528101784728768 0.00121821980336302 -0.146701762941541 -0.000194504132840132 -0.333257910779578)
(0.482660059427768 -0.058279503018776 0.00126298557720741 -0.149396599675203 -0.000294535100464754 -0.333263458519294)
(0.486212845809854 -0.061729767377614 0.00139050408610999 -0.152945922436353 -0.00043680542478706 -0.333266938321671)
(0.49064930721185 -0.0624779877230974 0.00157486299385812 -0.15738030176728 -0.000612868020198745 -0.333269027476153)
(0.49590382583011 -0.060181858638087 0.00182137219299037 -0.162635205116482 -0.000819220119152782 -0.333268651486421)
(0.501619413914725 -0.0547071908178152 0.00210767840595968 -0.168353969250099 -0.00104182986437314 -0.333265463900864)
(0.507190002657524 -0.0463971003334622 0.00238657215629041 -0.173930200911572 -0.0012664525746393 -0.333259829304996)
(0.51213644139108 -0.0360169929975757 0.0026145863347869 -0.178884666994924 -0.00149750036361805 -0.333251817906706)
(0.51613372537331 -0.0246176364916176 0.00272586038404112 -0.182890870344372 -0.00173204194314803 -0.333242875615399)
(0.519330433871572 -0.0133494151539913 0.00271387289792478 -0.186098736713548 -0.00198447866066493 -0.33323172233799)
(0.522006805964596 -0.00322866021101299 0.00253857762452243 -0.18878642100998 -0.00225163979786285 -0.333220400566061)
(0.524934659039285 0.00488135377200259 0.00223180116945944 -0.191727754218896 -0.00255813718937725 -0.333206914751125)
(0.528914084930131 0.0104585477007691 0.00179995595068645 -0.195720331325117 -0.00287381885413611 -0.333193754146424)
(0.534943786329317 0.0133868781265142 0.00133813974249934 -0.201766600027888 -0.00319269617415125 -0.333177188428082)
(0.543624252006876 0.0140604842057753 0.000900918499462825 -0.210466398128185 -0.00346326491493305 -0.33315785987478)
(0.555048942200873 0.0131487142313246 0.000543443551648683 -0.221912327748827 -0.0036359036400885 -0.333136618583975)
(0.56877057477731 0.0114323620339921 0.000289090060324272 -0.235654609467126 -0.00366811126576082 -0.33311596377987)
(0.583898908881806 0.00958549690953209 0.000135731698358378 -0.250800554300127 -0.00354525910360356 -0.333098356290987)
(0.599322342557056 0.00803852341687955 6.06138173949996e-05 -0.266237580045474 -0.00328428050340175 -0.333084766427142)
(0.613918795283357 0.00694850169776387 3.25253109581271e-05 -0.280841000733073 -0.00291274368850576 -0.333077793983517)
(0.626883374029068 0.00625513147678523 2.33424819915019e-05 -0.29380218016619 -0.00246127149255073 -0.333081192984854)
(0.637709448529582 0.00579698209884006 1.94044092455954e-05 -0.304619527110369 -0.00199840887324322 -0.333089921368543)
(0.646238458194894 0.00540717141624164 1.33819425424639e-05 -0.31313298130058 -0.00155609598839152 -0.333105475237629)
(0.652651677426196 0.00496941243933078 6.36476209318446e-06 -0.319526543109234 -0.00116465659808315 -0.333125132558627)
(0.657268938255379 0.00443873095661336 2.73569434365985e-06 -0.324122452194755 -0.000840088860889962 -0.33314648579273)
(0.660480193266745 0.00382580076229739 5.88384146353775e-06 -0.327311877003403 -0.000583792948476984 -0.333168316093856)
(0.662649573521237 0.0031713189838984 1.80740958542871e-05 -0.329460686183773 -0.000391616302525181 -0.333188887294232)
(0.664085311394243 0.0025225711332123 3.97190109913166e-05 -0.33087834737747 -0.000254000368943578 -0.333206963831276)
(0.66502559216546 0.00192018045339958 6.79594069136596e-05 -0.331802380449224 -0.000158332414834244 -0.333223210972956)
(0.66563081148461 0.00139357580100029 0.000101851116293682 -0.332395259547971 -9.62972645754063e-05 -0.333235551904986)
(0.666019322292894 0.000957876185291204 0.000136186105045772 -0.332774029720165 -5.72975653846053e-05 -0.33324529245434)
(0.666269007967186 0.000612523869400627 0.00016799736960102 -0.333016545153342 -3.35249315397572e-05 -0.333252462904265)
(0.666422993033325 0.000357754127022208 0.000195788669299134 -0.33316689277419 -2.00272800666137e-05 -0.333256100044146)
(0.6665154551307 0.000182118280680186 0.00021558424700871 -0.333257804192941 -1.19387305299494e-05 -0.333257651026147)
(0.66656593194872 7.37206116279334e-05 0.000222434807688134 -0.333308440250175 -6.48479914901154e-06 -0.333257491640827)
(0.666585449846328 1.52524794395068e-05 0.000211460448967394 -0.333330569273185 -2.12137095936267e-06 -0.333254880658373)
(0.471589652639848 0.00191665113720294 0.00109932454196354 -0.138296257046529 -1.31948306028197e-05 -0.333293388060938)
(0.471912255637813 0.00613317267125775 0.00109952817323872 -0.138618926886199 -3.62387158828424e-05 -0.333293330742467)
(0.470328660735809 0.00749410486261284 0.00106499789976172 -0.137035097989225 -4.55879064987161e-05 -0.333293543953195)
(0.468268101335643 0.00534600196856591 0.00100698028305527 -0.134974573882381 -6.12086375999385e-05 -0.333293485053858)
(0.467141294823414 -0.00171702922133893 0.00097446106816606 -0.133847076201372 -6.74715441554923e-05 -0.333294179170043)
(0.467220115120989 -0.00924882343675403 0.000949658247681091 -0.133924390491225 -6.32179953722394e-05 -0.333295703470627)
(0.468361347474238 -0.0153499385026837 0.000955788817478449 -0.135064827343547 -6.02281355793028e-05 -0.333296510571428)
(0.468080692121216 -0.0209151420327552 0.000896951650874664 -0.134781843595637 -4.76861081844144e-05 -0.333298848581557)
(0.467810828889145 -0.0291728904174197 0.00085551010814702 -0.134510188755959 -5.1173980985074e-05 -0.333300623174887)
(0.468909945630921 -0.0379915667778122 0.00082669629357857 -0.135607122218471 -6.40795449154394e-05 -0.333302800224892)
(0.470758384146428 -0.0460805881287159 0.000819203027930184 -0.137453689224744 -8.76097428432147e-05 -0.333304627240131)
(0.473171332903849 -0.0529098925747731 0.000823105446013713 -0.139864549980075 -0.000126406099322431 -0.333306755007232)
(0.475936979612232 -0.0584441298866021 0.000840146649256198 -0.142627816482204 -0.000183077450105747 -0.333309138966504)
(0.479581206727518 -0.0619551089064705 0.000910768943360924 -0.146270759010565 -0.000265225310856287 -0.333310430428304)
(0.48414593974246 -0.062748867191679 0.00101637519101965 -0.150834838536064 -0.000367390494760568 -0.333311096465398)
(0.489526100530009 -0.0604883788700426 0.00115564475707919 -0.156215136637725 -0.000487360063076897 -0.333310957336939)
(0.495425512373781 -0.0549906473195511 0.00131911126465796 -0.162115666847162 -0.000618455924330587 -0.33330983345597)
(0.501206845414313 -0.0465909518353936 0.00147794902852036 -0.167898995572432 -0.000750993836580031 -0.333307836560973)
(0.506318818069079 -0.0361069398769883 0.00159745755961886 -0.173013469052717 -0.000883330479444081 -0.333305369381131)
(0.510553369739573 -0.0246126534850692 0.00165836937862181 -0.177251064466268 -0.00102081535239298 -0.333302294862633)
(0.513959917269875 -0.0132304601194357 0.00163790606307052 -0.180661058052957 -0.00116378861289849 -0.333298846313754)
(0.516957550915756 -0.00298628623599064 0.00153770937595761 -0.183663033180278 -0.00132475285191356 -0.333294533742093)
(0.520157612147549 0.0051537251255046 0.00134681215322689 -0.186867190841382 -0.00149652500296269 -0.333290421322515)
(0.524594598713196 0.0107289874885348 0.00109358669484066 -0.19130886857074 -0.00168469255239012 -0.33328570053578)
(0.531154846997552 0.013595478971994 0.000813439263579152 -0.197874200550971 -0.00186158339543955 -0.333280628771197)
(0.54048071663131 0.0141673437115232 0.000556280230940792 -0.207206385432628 -0.0020130128554817 -0.333274336472954)
(0.552641067935341 0.0131644674414428 0.000346379879696855 -0.219373620153739 -0.00210537823522512 -0.333267445924634)
(0.567079639359695 0.0113962471751078 0.000196309734999528 -0.233818118790048 -0.00210821830404722 -0.333261524050588)
(0.582900929248201 0.00954041232251603 0.000106436189020966 -0.249645827064127 -0.00203579564912216 -0.333255097145829)
(0.598930535237241 0.00801807510421217 5.86448068281973e-05 -0.265678966053036 -0.00186670963210887 -0.333251579144362)
(0.613950432668964 0.00697904221697631 3.74755863740963e-05 -0.280700278373534 -0.0016395943900303 -0.333250154122794)
(0.627160008076801 0.00634078811130115 2.76944326365578e-05 -0.293909675994217 -0.00138268024643093 -0.333250322594104)
(0.638126011368346 0.00592675914462729 1.80815863152838e-05 -0.30487099743439 -0.00110423531022114 -0.333255011382785)
(0.646656930045159 0.00556268741816041 8.72505465469824e-06 -0.313397509849458 -0.000855541651539101 -0.33325940542992)
(0.65305961863492 0.00512981174294619 -1.8889412255542e-06 -0.319793287552249 -0.000630409591141484 -0.333266330444785)
(0.657608080230459 0.00458986867359715 -9.81842246176551e-06 -0.324334704734656 -0.000448278127750952 -0.333273373216107)
(0.660741345933768 0.00395791363239433 -1.30882433590837e-05 -0.327460726816522 -0.000305983467715695 -0.333280616015836)
(0.662842206434574 0.00327834750696983 -1.01287811111765e-05 -0.329555038348045 -0.000201675070572065 -0.333287168613706)
(0.664228752435617 0.00260162356160454 -1.04588215342044e-06 -0.330935452204215 -0.000126961681531419 -0.333293300784247)
(0.665122719742908 0.00197719675237322 1.37398046668854e-05 -0.331824832946737 -7.80783017078708e-05 -0.333297886702463)
(0.665701259305973 0.00143225537282778 3.19127163538024e-05 -0.332399543616446 -4.66354238416068e-05 -0.33330171497084)
(0.666078667253198 0.000977832167616014 5.07494002341871e-05 -0.332773565870078 -2.72022753057359e-05 -0.333305101049285)
(0.666319334404596 0.000625232675638296 6.92294780782631e-05 -0.333012290167722 -1.6443878163541e-05 -0.333307044344268)
(0.666472331423154 0.000364978517355496 8.45317431018717e-05 -0.333164442257672 -1.04003657005092e-05 -0.333307889010298)
(0.666566068121604 0.000186235975642636 9.36034872619798e-05 -0.333257587164043 -6.46469681400266e-06 -0.33330848087868)
(0.666617608640243 7.53477877617531e-05 9.57339257708305e-05 -0.333308775516926 -3.34382603674502e-06 -0.333308832749546)
(0.666640139431898 1.54271240416928e-05 8.56978608033288e-05 -0.333330715420147 -9.3977724019565e-07 -0.333309423412032)
(0.463992097280127 0.0019218170857078 0.000383057286648764 -0.130663162733077 -4.25564403845404e-06 -0.333328764439574)
(0.464237831080117 0.00614966130655138 0.000371325050306475 -0.130908852356133 -1.21473048539858e-05 -0.333328910409354)
(0.462504069260487 0.00751803606637954 0.000342318616309914 -0.129174703775682 -1.47384218797002e-05 -0.333329219092831)
(0.460518448011514 0.00534149627820664 0.000335609894628555 -0.127189337336588 -2.07084541528337e-05 -0.333329017282321)
(0.459475713413183 -0.00169898179813663 0.000327429517034565 -0.126146428732143 -2.33088939948714e-05 -0.333329094223441)
(0.459737191524924 -0.00924558067311077 0.000325328631553499 -0.126408008792859 -2.24643959956418e-05 -0.333329072570937)
(0.460950640901824 -0.0152684052021835 0.000323908372039511 -0.127621038929892 -2.18577883032492e-05 -0.333329357289553)
(0.460929180005316 -0.0208495503211784 0.000306651438773569 -0.127599619195307 -1.80635211525767e-05 -0.333329550521275)
(0.460795592777185 -0.0291148955286841 0.000293234349097465 -0.127465676311825 -1.92341004435912e-05 -0.333329723423553)
(0.462088375297153 -0.0379764333249008 0.000284625293857976 -0.128758361987733 -2.37829900797463e-05 -0.333329939051039)
(0.464033326292014 -0.0460673804737504 0.000279753206179164 -0.130702942464243 -3.13329135138008e-05 -0.333330246134947)
(0.466582582594018 -0.0528950818034323 0.000280505726097666 -0.133252003472359 -4.36613457838315e-05 -0.333330466014964)
(0.469552330587136 -0.0585571770659839 0.000283033940094029 -0.136221567836036 -6.1699585546188e-05 -0.333330786657133)
(0.473350758797264 -0.0621135403855874 0.000309943065959873 -0.140019817946271 -8.9307293917925e-05 -0.333330887459882)
(0.478057150776891 -0.0629486534773489 0.000347850690703991 -0.144726181302682 -0.000123964874075024 -0.333330880558697)
(0.48348326694677 -0.060716312427022 0.000379289889493931 -0.150152236647449 -0.000158859259739722 -0.333331030647313)
(0.489538227242167 -0.0552319985235971 0.000433587913977749 -0.15620710079432 -0.000202339960199027 -0.333330950543327)
(0.495550719178569 -0.0467995066709094 0.00049610695991095 -0.162220169801223 -0.000250637132270853 -0.333330499993038)
(0.500953558301053 -0.0361092744000154 0.000541342927850884 -0.167623218830214 -0.000298809585663719 -0.333330268650036)
(0.505352440024601 -0.024569612942031 0.000554179177072725 -0.172022249681589 -0.000340686299377708 -0.333329978307746)
(0.5090226431208 -0.0130373247442807 0.000547854822526394 -0.175692836586534 -0.000389426781209168 -0.333329553656543)
(0.512250049206961 -0.00272081260973556 0.000509616163796217 -0.178920757369324 -0.000439898332939036 -0.333329143021249)
(0.51573199727698 0.00543533682569058 0.000439327788766699 -0.182402879487829 -0.000489694351653762 -0.333328965259831)
(0.520555213333983 0.0110114495241744 0.000343660551339956 -0.187226527670613 -0.000536016245795243 -0.33332864343643)
(0.5277109242025 0.0137518467412061 0.000281344800812399 -0.194383679896874 -0.00063875758381011 -0.333327094595104)
(0.537600852024061 0.0142385792865089 0.000183775085051878 -0.204273863662807 -0.000662720010750156 -0.333326985031685)
(0.550382798390926 0.0131584350001701 0.000110912949069301 -0.217055987057218 -0.000672163619257635 -0.333326745529484)
(0.565610255242966 0.0113318378526511 6.21105139286758e-05 -0.23228398340353 -0.000665248325386195 -0.333326258442661)
(0.58206611693018 0.00947701978361137 3.7581921763083e-05 -0.248741536274756 -0.000681676084128328 -0.333324592324879)
(0.598526985007051 0.00799180178141814 2.01909611813133e-05 -0.265202569380754 -0.000607141231088403 -0.33332444629547)
(0.613914477804368 0.00700255900930295 1.18420864138394e-05 -0.280589577042409 -0.000522511908155234 -0.333324853951923)
(0.627434704527578 0.0064143871849481 7.19719514004915e-06 -0.294109748518578 -0.00043177473707581 -0.333324928820045)
(0.638440103433857 0.00604290513477386 3.44616218539707e-06 -0.30511507469161 -0.000349451233625894 -0.333325031529774)
(0.646995901056507 0.00570412224725448 -1.69961470751428e-06 -0.313669831111163 -0.000261399923390162 -0.333326036365806)
(0.653332949767393 0.00527842007661568 -6.48059857984148e-06 -0.320006251472748 -0.000189436982569556 -0.333326709977591)
(0.657817181415622 0.00472857118681519 -1.02680828315654e-05 -0.324489859338602 -0.00013439341623554 -0.333327314149369)
(0.660884917738368 0.00407569860645133 -1.23238514409874e-05 -0.327557129701131 -9.22182947778324e-05 -0.333327780961019)
(0.662944896378313 0.00336617815511382 -1.23607044461273e-05 -0.329616303521534 -5.88292131630917e-05 -0.333328590063374)
(0.664269890650751 0.00267281758406814 -9.97514537253103e-06 -0.33094075249415 -3.69563169877753e-05 -0.333329133781196)
(0.66514186376166 0.00202187656088352 -5.63147908437905e-06 -0.33181213207148 -2.18218787673604e-05 -0.333329727336862)
(0.665715347043107 0.0014452734804643 4.88679622684155e-07 -0.332385415832921 -1.30009756938109e-05 -0.333329928875971)
(0.666083929840394 0.000977692417736539 7.01394182890646e-06 -0.332753601194316 -7.669057200088e-06 -0.333330327695154)
(0.666326216109393 0.000614536074652863 1.33823843929685e-05 -0.332995671654189 -4.92619464571774e-06 -0.333330544711151)
(0.666485344032639 0.000350688508144843 1.87329175533979e-05 -0.333154751113866 -3.35958432207275e-06 -0.333330592758844)
(0.666585272367149 0.000175062838422211 2.21746429701949e-05 -0.333254666935547 -2.10978649673039e-06 -0.333330605086926)
(0.666639238654517 6.99591153319171e-05 2.37425594260835e-05 -0.333308848388226 -1.0020448006344e-06 -0.333330389062869)
(0.666662093808951 1.27606167204905e-05 1.47776569153469e-05 -0.333330978970526 2.51628469564031e-07 -0.333331113727148)
)
;

boundaryField
{
    inflow
    {
        type            cyclic;
    }
    outflow
    {
        type            cyclic;
    }
    wallTop
    {
        type            calculated;
        value           uniform (0 -0 -0 0 0 -0);
    }
    wallSide
    {
        type            calculated;
        value           uniform (0 -0 -0 -0 0 0);
    }
    symmetryBottom
    {
        type            symmetry;
    }
    symmetrySide
    {
        type            symmetry;
    }
}


// ************************************************************************* //
