/*--------------------------------*- C++ -*----------------------------------*\
  =========                 |
  \\      /  F ield         | OpenFOAM: The Open Source CFD Toolbox
   \\    /   O peration     | Website:  https://openfoam.org
    \\  /    A nd           | Version:  8
     \\/     M anipulation  |
\*---------------------------------------------------------------------------*/
FoamFile
{
    version     2.0;
    format      ascii;
    class       volSymmTensorField;
    location    "126";
    object      tauij_LES;
}
// * * * * * * * * * * * * * * * * * * * * * * * * * * * * * * * * * * * * * //

dimensions      [0 2 -2 0 0 0 0];

internalField   nonuniform List<symmTensor> 
2209
(
(4.81035867169803 0.254054443908113 0.270762303102191 3.00655676314523 -0.0106637046667526 3.02878238915067)
(5.27134610643048 0.757739622800396 0.253661494885205 3.08988358359972 -0.0334395827976348 3.20654058602978)
(6.07788292160664 1.2580473583411 0.225314318596945 3.2427169127477 -0.0488801668711185 3.52529604118037)
(7.15172833350366 1.75945704281469 0.192404667822307 3.45192993671447 -0.0571208879553436 3.95412885189278)
(8.40605739009113 2.24956685685299 0.15826497108366 3.69814934946834 -0.0582998027029293 4.46031479377601)
(9.76453816470981 2.71837430026513 0.127089467547815 3.96620473692742 -0.0543822861990288 5.00748873198108)
(11.1828456663529 3.15512169609786 0.100462405981696 4.24124813706246 -0.0466797262346496 5.57612408900665)
(12.646636192882 3.55478525100778 0.0778409406161903 4.5072469801182 -0.0389234163369625 6.13451213609724)
(14.1703088345532 3.91697640819534 0.055507539612116 4.75034973619389 -0.0332280460437769 6.66763591448595)
(15.7763261943107 4.23974317083561 0.0406910658287193 4.95711175264165 -0.0291735806793603 7.15837548639855)
(17.4970725681232 4.52266916182758 0.0331956137417088 5.1127331205126 -0.0268577868717666 7.5728439592367)
(19.3874564255121 4.76623483838726 0.0258468929691795 5.20397867474152 -0.0256075232698047 7.90110122025981)
(21.4925963762058 4.97331533589173 0.015696760438577 5.22259958624479 -0.0261379113569698 8.14330398817059)
(23.847225305668 5.14550129845799 0.00870129820132121 5.16401653543156 -0.0274514903448141 8.30432801550095)
(26.4665394844176 5.28169589491374 0.0117193073776054 5.02831737647472 -0.0295183306269287 8.39420063050098)
(29.3356644638128 5.37769357283654 0.0237642024340103 4.81960147573103 -0.0323285029300349 8.42429484538964)
(32.428805829085 5.43089778452246 0.0394737712841334 4.54435583258106 -0.0348182560547897 8.40208998124454)
(35.7033095594979 5.44026179754204 0.0594670912880451 4.21274054694667 -0.0361706864169183 8.33237025251315)
(39.0750910086124 5.4032356678243 0.0877566558153313 3.83943376005061 -0.0360508993644987 8.2172487792037)
(42.4316219166308 5.31788808128102 0.121166515546312 3.44039504320925 -0.0347344769721915 8.05414956591758)
(45.637311383708 5.18277637465788 0.153309430181252 3.03138271532831 -0.0326641438990561 7.84125462431747)
(48.5375648317909 4.99673108834015 0.180290155028222 2.62658358773875 -0.0301658209643471 7.57768773726411)
(50.9691907919241 4.76015413852712 0.201128163330591 2.23811177202118 -0.0277038497948248 7.26485169759466)
(52.7672593024202 4.47491419821208 0.215345747479023 1.87557121693668 -0.0255053868182872 6.90646687499777)
(53.7740293733173 4.14418007290047 0.222239695733364 1.54589247475469 -0.0235047556000219 6.50901912548581)
(53.853023155104 3.77300699735082 0.221327444686672 1.25331586965202 -0.0215712739446973 6.08156911937473)
(52.9089387170434 3.36938342137983 0.213071399071181 0.999510101006441 -0.0196346848347733 5.63460233897177)
(50.9093330459855 2.94472710407506 0.19904732422463 0.783955749995238 -0.0176859206518623 5.17855916843571)
(47.898860208223 2.51322794885039 0.181092484200011 0.604490423238616 -0.0157185321042603 4.72231078130094)
(44.0067997798213 2.09052950173407 0.16097573645887 0.457892227013787 -0.0137108115112181 4.27262545152239)
(39.4414372106768 1.692035785342 0.140425831306169 0.340334986144977 -0.0117200779274517 3.83424236373613)
(34.4618988342412 1.33061994224979 0.120352321111697 0.247839802283051 -0.00977619254274744 3.40998009458337)
(29.3468426637426 1.01545427232509 0.101313330372502 0.176493732304027 -0.00793028619429233 3.00157814484946)
(24.3587609106324 0.751206965523921 0.08398903913336 0.122611396727657 -0.00626754319442761 2.61062503636466)
(19.711848986039 0.538161739372196 0.0683208111329575 0.0828601983890047 -0.00479749039634494 2.23882956851338)
(15.5557322094594 0.372883554138372 0.0545822671669117 0.0542688648056591 -0.00356185384861544 1.88861195939092)
(11.9704521302241 0.249478807824908 0.042727116256098 0.0342935425698146 -0.00255488303037723 1.56268882944243)
(8.97580218165376 0.160769642394624 0.0327168163482257 0.0207864035508799 -0.00176774280122572 1.26402534401387)
(6.54602958138207 0.0994073210085055 0.0244050438538609 0.0119924346661921 -0.00117258391983948 0.995352862589663)
(4.62581134380234 0.0585772730610956 0.0176402802750487 0.00650975375253821 -0.000741428928340593 0.758819112083561)
(3.1476464163545 0.0325831435839959 0.0122577921205115 0.00327550721358575 -0.000441154208917732 0.555692978939265)
(2.0402570565826 0.0168284101237306 0.00810464146063535 0.00149153024664313 -0.000242992714178202 0.386341113039211)
(1.23729051405782 0.00786005032154185 0.00500643071506561 0.000592611452465116 -0.00012064548505433 0.250257507943149)
(0.678888444567909 0.00315572516136897 0.00278475094453206 0.000191704041740816 -5.10705158752016e-05 0.146051261816356)
(0.31466444896484 0.00098179567293864 0.0013072227410612 4.38911737161789e-05 -1.66797117493276e-05 0.0716984488315534)
(0.103695310849288 0.000183871006128357 0.000435935205169005 5.09799915802711e-06 -3.26073734921218e-06 0.0249015379144548)
(0.0108922009070106 6.28603400781509e-06 4.61604875849977e-05 5.98772409610753e-08 -1.12235234464893e-07 0.00274493557784781)
(5.33599257695906 0.239179705301864 0.803117092955572 3.19070944751841 -0.0326761695647124 3.11313799371908)
(5.68688126004539 0.716392335187019 0.755870382972855 3.26534791925737 -0.0930838841964185 3.28072296614417)
(6.33216133828818 1.19778845804401 0.672140627253684 3.39759282200097 -0.134944385945146 3.57310433995886)
(7.25373296982013 1.68916962492901 0.57416229650931 3.57587641873357 -0.157216633132746 3.97010986147042)
(8.39631712203491 2.17975261939444 0.477567813980005 3.78823280886725 -0.16404498756182 4.44158089596089)
(9.68737662302182 2.65098027203706 0.388493420428424 4.02381059229575 -0.156321306589443 4.95767770937323)
(11.0766072098648 3.09567145203638 0.304370045731685 4.27164965250348 -0.139500814102075 5.49695675175474)
(12.5389029190774 3.50902543658451 0.230111383184798 4.51943569925916 -0.117547619589511 6.03856230026708)
(14.0665720249714 3.88556915611331 0.163834693057928 4.75023438550453 -0.0975615753521621 6.56354126061783)
(15.6807086376444 4.22133117642222 0.108419217636397 4.94700235316812 -0.0808929386773848 7.05004153616031)
(17.4345548487719 4.51749644188538 0.0646035032576653 5.09499452800827 -0.0705079093501955 7.46857234356184)
(19.3870498285178 4.77586292213615 0.0294475414509676 5.18086704763183 -0.0648688462805027 7.80151876312373)
(21.5640120706067 4.99595386041215 0.00346287497897851 5.19545659557239 -0.0617485339389761 8.05022478436805)
(23.9830291515067 5.17672852735515 -0.0129869213445779 5.1323449822179 -0.0613497788891492 8.22066756497383)
(26.6466856624952 5.31530694011265 -0.0170285376414274 4.99028397162773 -0.0637917669137457 8.31841366389819)
(29.5374173618448 5.40930732945372 -0.00284319515087332 4.77388974229427 -0.0672004637150419 8.35104124256508)
(32.6365571070747 5.45775507507011 0.0295401903588904 4.49223093697485 -0.0713321149977917 8.33121315672988)
(35.899359879019 5.45919256701616 0.078024868141092 4.15707861871556 -0.0758657631530085 8.26512077121838)
(39.2479760060732 5.41216009211028 0.140472130346429 3.78213971915454 -0.0802464228392083 8.15018886832093)
(42.5755583787835 5.31596746552411 0.214128577831227 3.3828558075891 -0.0832307102015722 7.98422888125736)
(45.7471044426903 5.16928107026981 0.29061127764939 2.9749061957085 -0.0841687798661492 7.7667124924084)
(48.6037107895735 4.97090397429072 0.359481587011146 2.5726951574939 -0.0834561739311548 7.49716824083929)
(50.9751766923307 4.72097447314899 0.414411883094365 2.18838537666316 -0.0813170759276997 7.17742888865885)
(52.6901581275439 4.42164769516787 0.452349175004185 1.8313324866795 -0.0776122996358387 6.81244630595058)
(53.5888207638111 4.07748586962648 0.471980430168118 1.50794789790839 -0.0723650056247516 6.41008888411374)
(53.539559811593 3.6954952339745 0.473485968348491 1.22183117718912 -0.0658542060052397 5.9800165470951)
(52.4587833450236 3.28528341058051 0.458747133479563 0.974101340446417 -0.0584901446271848 5.53257167331513)
(50.3293049624931 2.85893951010517 0.431121932421643 0.763908615501318 -0.0507023466035336 5.07774049646749)
(47.2129089860846 2.43047402360615 0.3948008325356 0.588970491873456 -0.0429034442772611 4.62417384652559)
(43.252490370683 2.0146846516262 0.353885128660526 0.446075519934628 -0.0354456207568708 4.17851229665191)
(38.6610491524807 1.62560234299034 0.311720142932114 0.331504527801235 -0.0285986210036841 3.74521530380089)
(33.697981171225 1.27489567812234 0.270619937040723 0.241368763224082 -0.022536131719394 3.3269809269467)
(28.6358224541785 0.970607457384874 0.231878948598036 0.171851123227337 -0.0173413281510976 2.92541913718316)
(23.7262307437175 0.716545327624119 0.196062616349765 0.119365468537636 -0.0130233389227211 2.54184928406302)
(19.1723115056776 0.51239383887076 0.163351875726736 0.0806479617909942 -0.00953636920653664 2.17788438086528)
(15.1127544048058 0.354468767052685 0.13377391389884 0.0528115062628408 -0.00679859276522306 1.83565450326663)
(11.6197529297246 0.236825425188703 0.107344680631664 0.03336629468726 -0.00470733083316789 1.51774275402923)
(8.70760157826333 0.152419623179806 0.0840982582057097 0.020219658379496 -0.00315459030686191 1.22688200778587)
(6.3476502729046 0.0941185434086312 0.0640566065768011 0.0116602108622055 -0.00203515676949163 0.965576248256725)
(4.48469379713965 0.0554088564501515 0.0471842028519763 0.00632979127232057 -0.00125451518222709 0.735761092308069)
(3.05121882166944 0.0307881991441949 0.0333650352011616 0.00318442895566706 -0.000730355585514028 0.538591325502603)
(1.97769331399513 0.0158859040817094 0.0223968285690213 0.00144996721729405 -0.000394603274718713 0.374330153348533)
(1.19913491013395 0.00740764226402343 0.0140092223610578 0.000575390022398622 -0.000192332780862457 0.242394040074029)
(0.657898132631134 0.00297007818654213 0.00790169231153241 0.000185977940741554 -8.03947349621868e-05 0.141416300324233)
(0.305195619585893 0.000925439970263204 0.00375587217610489 4.27553139189878e-05 -2.60456466285921e-05 0.0694499854759854)
(0.10038689168434 0.00017214823082816 0.00126220461404479 4.91330482228868e-06 -5.0179587727701e-06 0.0240785382575304)
(0.0103644321795156 5.71415611727014e-06 0.000132735372301342 5.67952978483523e-08 -1.7162835887583e-07 0.0026087602022176)
(6.24843999025303 0.214614500739695 1.32384490523065 3.53044339912808 -0.0508805817793086 3.26773054086869)
(6.4256793920851 0.643565807968964 1.2502504420457 3.5803075306421 -0.13896819670981 3.41264864315235)
(6.81659947727178 1.08762828921186 1.12032375720104 3.67166893956773 -0.19828103251863 3.66111951600039)
(7.47953284559058 1.5516325628861 0.965705538249562 3.79678617114805 -0.230141099090708 4.00219478195967)
(8.40071285721312 2.02791757772542 0.809922792818739 3.95264835383543 -0.238458921070751 4.41694446826454)
(9.54213905982962 2.50325428766967 0.660919488342933 4.13582287295409 -0.228553426166563 4.87830651569658)
(10.8494384141179 2.96339927083927 0.514485154630699 4.33661018085093 -0.20841788789067 5.37200415156989)
(12.2856973233954 3.39689948661681 0.379577364298133 4.54384967379193 -0.184356551771126 5.87775061644626)
(13.8220533693124 3.7942648524384 0.263620705784253 4.74472377096072 -0.156826831463875 6.37524440903281)
(15.4644691613519 4.15311527728659 0.162136093176253 4.92200116657644 -0.12886342507684 6.84438860925475)
(17.2525671712469 4.46995752097709 0.0775686495609448 5.05725531382994 -0.103439666359474 7.25560668978452)
(19.2323827989925 4.74102138970142 0.00682355154959362 5.13445801036109 -0.0845392949909939 7.59185820055732)
(21.435335777641 4.96717764474731 -0.057296630022048 5.14054438828855 -0.0751022520020077 7.84604897251686)
(23.8768226823953 5.15047490080155 -0.110292045026327 5.06857473329831 -0.0740137287453355 8.02347617552106)
(26.5600611587126 5.2910221013556 -0.145654036520796 4.91756627981677 -0.0778298802135788 8.12721329884398)
(29.4743104371738 5.38659366558964 -0.157485838132898 4.69173843329405 -0.0843225931473118 8.16476010392269)
(32.6030991428151 5.43475945664323 -0.143663648296041 4.40101327466035 -0.0907269168590262 8.14712107225976)
(35.8917395185591 5.43401455944822 -0.1038165828145 4.05915758356886 -0.0948953839163406 8.08024863097561)
(39.2441749727041 5.3819558030363 -0.0397606641256969 3.68161221535023 -0.0959720013393047 7.96583689616701)
(42.5417021887379 5.27641522380823 0.0449962186441748 3.28421400863191 -0.0949997346876928 7.80309976362017)
(45.6413500182403 5.11694512717635 0.14213715117456 2.88182070748831 -0.0932591547595576 7.58959934383978)
(48.3817978701881 4.90438832150704 0.239751679771427 2.48758715190604 -0.0910415179530671 7.32260630133572)
(50.5943445984646 4.64060882628852 0.326256447774907 2.11258740118146 -0.0880403043582761 7.00206491064941)
(52.1136761420952 4.32911974283329 0.393628686341756 1.7653336847017 -0.0838604302741762 6.63284350865298)
(52.7939172095729 3.97538475692552 0.437817127942562 1.45162002398778 -0.0783610558381692 6.22426611164517)
(52.5234120236914 3.58686679312015 0.457822775480953 1.17458273912592 -0.0717545175989566 5.7883516483853)
(51.2420163941162 3.17357144153321 0.456017071691434 0.935162634638137 -0.0644239450585306 5.33795426147049)
(48.9519789245185 2.74787484352417 0.436365010405308 0.732397351280943 -0.0567199811552493 4.88434519041844)
(45.7289560881192 2.32386981324821 0.404098398808114 0.563980775160882 -0.0489427541559629 4.43638515410643)
(41.7243861527592 1.91611492550802 0.364431849788986 0.42667342376146 -0.0413527982805439 4.000127895691)
(37.15253077247 1.53798202690492 0.321600178480867 0.316768332286774 -0.0341819516569539 3.57908572942338)
(32.2683098355148 1.20009750223251 0.27877377923012 0.230428810675948 -0.0276177015280123 3.17500568807466)
(27.3326701331868 0.909311614478254 0.237761206301692 0.163920937030843 -0.0217907253680176 2.78869288216696)
(22.5833868512301 0.668374595008329 0.199665942494753 0.11376994799127 -0.0167790866405137 2.42093722501005)
(18.20610651963 0.476075793748615 0.16488870960464 0.0768139939149035 -0.0125902975317328 2.07283617933559)
(14.3238942984313 0.328185832751693 0.133671258149452 0.0502666447883489 -0.00918846389171658 1.74612081098075)
(10.9973808992456 0.218591739581495 0.106131390497207 0.0317392516767744 -0.00650580212264234 1.44309038939006)
(8.23242445678074 0.14029727028423 0.0822740312568756 0.0192220186741633 -0.00445122829154299 1.16614288485513)
(5.99696616551852 0.0864218720823966 0.0620452837392956 0.0110782396845669 -0.00292732202818336 0.917572202625951)
(4.2349767622981 0.0507673094725502 0.0452837013361972 0.00601096843885945 -0.00183550354545065 0.699070333192166)
(2.8803197666694 0.0281453664547299 0.0317501714253684 0.00302141943865565 -0.00108566970296881 0.511672731412991)
(1.86672662490254 0.0144949397880859 0.0211530906550172 0.00137490010158112 -0.000594986106112242 0.355618473766103)
(1.13201248379046 0.00675040641260928 0.0131455355709517 0.000545794434342834 -0.000293838521109682 0.230301788588187)
(0.620991188972169 0.0027007340331337 0.00736888521753214 0.000176205774159171 -0.000124232328258811 0.134352961640326)
(0.288078330914018 0.000839944044597561 0.00348363810694171 4.04666467156922e-05 -4.06558406000771e-05 0.0659827567182546)
(0.0947883930813619 0.000156122728493741 0.00116528136225115 4.6539779443616e-06 -7.91963795215552e-06 0.0228827275201871)
(0.00940395174312238 4.7320450284943e-06 0.000117304665834524 4.70822213109605e-08 -2.51883760962419e-07 0.00238501251129512)
(7.41277895538478 0.180076957396029 1.83633848353557 3.98083919877775 -0.0578067810065915 3.47942601779585)
(7.4227037466845 0.549545390309899 1.74545625961232 3.99092411599896 -0.160504725852656 3.59263161770423)
(7.54314239361291 0.941785678592294 1.58107396612347 4.02176006038416 -0.232666291014131 3.7836090519091)
(7.8861347812486 1.36144624441353 1.38274304879918 4.07803707640875 -0.27237358822767 4.05812326614153)
(8.50224644209739 1.80822691580852 1.16656598125912 4.16394218051986 -0.286339530012986 4.40283331126256)
(9.3935215636126 2.27341367311045 0.952417638631294 4.28175335585628 -0.280292746106189 4.7949020035409)
(10.5267625838718 2.73593467785922 0.742606951699138 4.42487663370606 -0.260377574264087 5.22697380241523)
(11.8621549282906 3.1784115110858 0.550865776594358 4.58178027921444 -0.232383376164902 5.68021914000576)
(13.359405970681 3.59114378652176 0.375643315352324 4.73926039365362 -0.200603450322887 6.13171832997308)
(15.001043361221 3.96768902063174 0.216964189471393 4.88191454534675 -0.167189376887832 6.56240705311697)
(16.8009062358385 4.30556264888739 0.0798984496177375 4.99148660912634 -0.134055892090066 6.94953367361739)
(18.795809326377 4.60249480380592 -0.0399569999685648 5.05112260314749 -0.106515138871454 7.27740022105943)
(21.0265009230866 4.85426492146442 -0.145731685029611 5.04421592278998 -0.0886669250916236 7.53534773898401)
(23.5096882588572 5.05803934129273 -0.23944978591079 4.95889630191463 -0.0797452874833998 7.7159280508524)
(26.2406953398529 5.21206168147523 -0.316517513447228 4.79381557093222 -0.0765728160201751 7.82162081439824)
(29.2124867623935 5.31473813535669 -0.369304476379482 4.55671077863321 -0.07648457220344 7.86263227040389)
(32.3966737366648 5.36609385040304 -0.398998850328583 4.25872525725523 -0.0771226373607229 7.84994537073669)
(35.7211637652048 5.36575034116844 -0.404683142562517 3.91363002223668 -0.0777760138181948 7.78899373598328)
(39.079292937882 5.31161583561265 -0.380948172993579 3.53688617581317 -0.0780187696050182 7.68240009193815)
(42.3347320404654 5.20160709805521 -0.326264295508501 3.14386569744017 -0.0772714079599248 7.52880476871809)
(45.336905907223 5.03503173069911 -0.245790811739532 2.74904690836695 -0.075164117543757 7.32479443905594)
(47.9308357681086 4.81340683890534 -0.148916104631716 2.36506280276484 -0.0715795305010665 7.06630494211547)
(49.956770588628 4.53963559568377 -0.0477691962259702 2.00222771451578 -0.0667850698226525 6.75259533777402)
(51.2584967939022 4.21809407563763 0.0461808193070845 1.66823828325994 -0.0613298048712023 6.38889348212039)
(51.7034450189325 3.85531661002114 0.124603225218664 1.36805868516589 -0.055726192241662 5.98586853941997)
(51.1954394477301 3.45997813244673 0.183267927760603 1.104308886444 -0.0502380833890598 5.55693280063293)
(49.692747754348 3.04328913021232 0.221209242252277 0.877379914709782 -0.0449381865327547 5.11534492075249)
(47.2226025448488 2.61872021106537 0.240150191993225 0.685921589493667 -0.0398028491533732 4.67252119687252)
(43.8821844301496 2.20060909149599 0.243284378751565 0.527376324639098 -0.0348215197730208 4.23700714916335)
(39.8357872349428 1.80301648771358 0.234289029206393 0.398449219122355 -0.0300206948144532 3.8144016801937)
(35.3022095995859 1.43828294198062 0.216921877790174 0.295475121405718 -0.0254320612721795 3.40785751472575)
(30.5291821524974 1.11571246630994 0.194563726728108 0.214729669356532 -0.0211160424354495 3.01882374385984)
(25.7630372790701 0.840776066804138 0.169937283195126 0.152637295488555 -0.0171467343030256 2.64794751292229)
(21.218633280063 0.614860911937136 0.144851538785438 0.105863820407254 -0.0135803619091648 2.29571085947622)
(17.0615689945196 0.435960764669564 0.120678178320257 0.0714402391363552 -0.0104708574474003 1.96313066324079)
(13.396216005069 0.299277124857689 0.0983392934769051 0.0467268100985918 -0.00784233628237638 1.65176139139779)
(10.2690659885907 0.198572893554279 0.0782657009794913 0.0294899000628346 -0.00568720572243702 1.36360040457373)
(7.67856185464017 0.127023119954704 0.0606743532451107 0.0178557061758801 -0.00397708977122791 1.10079361602159)
(5.58934236562673 0.0780094241374627 0.0457660135582178 0.0102887283619259 -0.00266909942211984 0.865399977324301)
(3.94537305673682 0.0457062141644374 0.0333688794974237 0.00558268910454818 -0.00170450396695665 0.658833612359972)
(2.68288188707824 0.0252837249882048 0.0233825997857117 0.00280711789293871 -0.0010245912900765 0.481935235847091)
(1.73833671877533 0.0129862297524189 0.0155679239184717 0.00127678114726255 -0.000569583108220037 0.334753084439926)
(1.05393547477625 0.00603150626904609 0.00966529043112538 0.000506399107201414 -0.00028478425543971 0.216672499395033)
(0.578278362682645 0.00240932147778935 0.0054154054879217 0.000163609856399237 -0.000121791390383579 0.126371025565732)
(0.2683095086208 0.000748139367444894 0.00255915225518426 3.76023990864947e-05 -4.02495964989252e-05 0.0620495277505663)
(0.0882724490023995 0.00013864803201129 0.000855970570203241 4.31255008771804e-06 -7.89099038096356e-06 0.0215105561634597)
(0.00912026772377182 4.55447898767158e-06 8.99236348237077e-05 4.79894988225236e-08 -2.72225930493586e-07 0.00233182968998207)
(8.73280350184694 0.142754289469433 2.33892018063495 4.49049200062394 -0.0572370265706239 3.73127251145296)
(8.6062602186859 0.442320435414549 2.23173630786111 4.46386414849199 -0.162346736241472 3.80874670236488)
(8.49137026908956 0.776239880213528 2.04790823881131 4.43307769693206 -0.239655746250834 3.9397690448426)
(8.53183739186822 1.14452472699059 1.8182000807434 4.41409310940978 -0.288212500228575 4.14183613963)
(8.81009584224804 1.55082493387511 1.55378790078032 4.42550240636104 -0.309925829557868 4.4090765860479)
(9.37968860869963 1.98283766664597 1.28107206711941 4.46916283461282 -0.311390930488375 4.72566187870492)
(10.2494448354265 2.42721320401873 1.01127701400115 4.54094202706235 -0.298459129019418 5.08253036532356)
(11.3947143090568 2.86717421636126 0.758794221074191 4.63320619964906 -0.270856008767988 5.46632580393769)
(12.7654813358615 3.28622778868502 0.524975185808549 4.73566480346773 -0.235376889757163 5.8593781976511)
(14.3345230653063 3.67501167849441 0.307346285122827 4.83211405334697 -0.197005495889381 6.23972635249253)
(16.1008328868685 4.02993847528472 0.106765936696896 4.90350635718548 -0.159631900619065 6.58843801782839)
(18.0794224894227 4.34712065487045 -0.0709719313856488 4.93074534810508 -0.12522611763657 6.89108542372409)
(20.2998959282197 4.620656287854 -0.226267844947119 4.89760906116935 -0.0972266838313617 7.13715439694382)
(22.7762358851964 4.84717193716352 -0.365294690380815 4.79443309317985 -0.0772419234862996 7.31527814271967)
(25.5102628375528 5.02375367290056 -0.485199313198166 4.61979370358901 -0.0650455767471475 7.42513251998524)
(28.5018990776597 5.14786671930397 -0.585762366594098 4.37826724496601 -0.0578451436401941 7.47218549761868)
(31.7064473587897 5.21695837456527 -0.669634569743889 4.0787876111501 -0.0526643404699497 7.4657138566712)
(35.0374965625423 5.22749235153527 -0.731488291794892 3.73477061835284 -0.0481116066332257 7.41403932912438)
(38.3823761253551 5.17623654286944 -0.759809662806847 3.3623687081141 -0.0439352080691426 7.3198892426469)
(41.6046514667402 5.06298556241571 -0.749427464733531 2.97772628068727 -0.0402126076901619 7.18067216034586)
(44.5480811292312 4.89009902546302 -0.70350993172983 2.59504379752678 -0.0369497663520545 6.9913676928626)
(47.0455250020207 4.6609726213906 -0.629071719980414 2.2260455596353 -0.0339535533637552 6.74803635706884)
(48.9333155945629 4.38002664591566 -0.53472831649977 1.87978575982195 -0.0309767847690128 6.45116253250818)
(50.0614497374729 4.05310651575534 -0.430779562826761 1.56274525801077 -0.0279867328208556 6.1060874068871)
(50.3079207619551 3.68772665607532 -0.327926689340005 1.27903992516564 -0.0251474736894991 5.72242724033838)
(49.5979473753368 3.29343558827742 -0.234683932585959 1.03061482337695 -0.022656556753249 5.31270955580714)
(47.913112281374 2.88193946010024 -0.156345344627183 0.817480401014987 -0.0205812399872408 4.88976835829305)
(45.3021920635389 2.46662860800856 -0.0950207979985469 0.638124748289078 -0.018866511480727 4.46492768051524)
(41.8815564600819 2.06151647278036 -0.050357834899114 0.489932767361867 -0.0173603602301174 4.04668077588094)
(37.8274356171112 1.67994908424685 -0.0202583779719922 0.369667275141845 -0.0158998121686601 3.6405645379052)
(33.361000319079 1.33310969331395 -0.0016788900651332 0.273773606882295 -0.0143642573844599 3.24967727176778)
(28.7219718363088 1.02901518865272 0.00857740752355921 0.198704080772809 -0.0127105205461157 2.87554760319627)
(24.1410526036731 0.771877293806001 0.0132629004556979 0.141062318686533 -0.0109569758730683 2.51897022351006)
(19.8146238335575 0.562159958811818 0.0145246991523743 0.0977181412330256 -0.00916817716126697 2.18071190711452)
(15.8870361122414 0.397100252122987 0.0138407270297693 0.0658549886618526 -0.00742365246754082 1.86188475068535)
(12.4455106495272 0.271728971713669 0.0121706963109661 0.0430230543239509 -0.00580169480080083 1.56406437435682)
(9.5238007482399 0.179802440095487 0.010174164551853 0.02712274300876 -0.00436537155640525 1.28918051030667)
(7.11241312709093 0.114742296230387 0.00813998114867042 0.0164040192755246 -0.00315002125901514 1.0391784891604)
(5.17253956735587 0.0703201879635032 0.00631569530819134 0.00944237029187597 -0.00217030271102254 0.815811162452867)
(3.64881258079868 0.0411185530142809 0.0047126661529102 0.00511697784251423 -0.00141686699359179 0.620282316398376)
(2.48025005196589 0.0227083026093151 0.00337080999966759 0.00257029374674029 -0.000867300781438858 0.453205687050501)
(1.60672784688704 0.0116484659957463 0.00228376683288279 0.0011682865949648 -0.000489463579173335 0.314470076168627)
(0.974101166051763 0.00540400728345538 0.00144803607834405 0.00046308469080917 -0.000247909181652435 0.203365272168817)
(0.5346248474432 0.00215807868354545 0.000830538053820954 0.000149714300000871 -0.000107256690678022 0.11853952702734)
(0.248141339001513 0.000670095197767192 0.000399210231635066 3.44513079253621e-05 -3.58155447668941e-05 0.0581792717914683)
(0.0816340513673326 0.000124035504030985 0.000135233114033955 3.95051054761823e-06 -7.08566202802098e-06 0.020156241701182)
(0.00862520432790498 4.25037453312586e-06 1.45042524176931e-05 4.62211680597111e-08 -2.59212531799514e-07 0.00223228986246064)
(10.1280062909219 0.110797798103945 2.81736648182088 5.04344567957035 -0.0538367549796197 4.00337131986889)
(9.91123484886538 0.341225379417611 2.70338659440921 4.98428035032975 -0.153933535725981 4.0466722589677)
(9.62649006008067 0.604212865728432 2.51032836766038 4.89646795810147 -0.229096589000959 4.12150933200994)
(9.41168981078119 0.915066649856033 2.25898005309368 4.80738076651607 -0.281996507604191 4.25442334353936)
(9.37287518043523 1.27147157690582 1.96321241050705 4.73619341979344 -0.311539981655765 4.44243571975645)
(9.60213303212389 1.66155489362586 1.64695247839811 4.69770370859666 -0.321836997528628 4.68073701978999)
(10.150538931245 2.07663400173461 1.32232999366117 4.69002787752384 -0.315501067769475 4.95646267218014)
(11.0283092362385 2.50002935753937 1.01363171083563 4.70663033047882 -0.293703006729763 5.26182833940433)
(12.1883907425995 2.91420473708762 0.723447974512735 4.74020801911963 -0.259715990237423 5.58285960459386)
(13.6030295399174 3.30725963456642 0.446737104740244 4.77888743227285 -0.22029899761882 5.90204534608193)
(15.2654954968564 3.67231320391115 0.186181574180184 4.80335142604587 -0.179912329952217 6.19946806349319)
(17.1648671898133 4.00384124984306 -0.0510858072015991 4.7941499589483 -0.141210420659592 6.46309583658827)
(19.3033356826268 4.2960627541792 -0.259094051867243 4.73494254920774 -0.106775030487932 6.68417785545485)
(21.6971577346557 4.54244165810182 -0.444326543107485 4.61522571033065 -0.0789126111523625 6.8516475495836)
(24.3536638572307 4.74010529076103 -0.610501744149001 4.43112282040546 -0.0575309959351538 6.95777637234961)
(27.2683981598314 4.8859447272042 -0.757660505491695 4.18571186352031 -0.0408676561970096 7.00408258072386)
(30.4075976878087 4.97496651024715 -0.884061778425116 3.88733560188692 -0.0274447261445962 7.00150830076594)
(33.6913457615903 5.00313139426148 -0.985224396486576 3.54910140544081 -0.0172049169931501 6.96190151878544)
(37.0076898353436 4.96795199725061 -1.054843016691 3.18623024767471 -0.00983214728790258 6.88633269289399)
(40.2165580338163 4.86946035035576 -1.0897171338227 2.81339389080938 -0.00395884634903572 6.7689273790018)
(43.1526941087789 4.70984611640125 -1.08991640909758 2.44383532674676 0.00128815540882976 6.60360387608956)
(45.6343897950698 4.49222371405516 -1.05585827325754 2.08885350589784 0.00579121654764086 6.38560596513343)
(47.4844875704956 4.22094646604448 -0.990432002190301 1.7574357579235 0.00897139555176169 6.1150469790689)
(48.5502757594976 3.90207723783984 -0.900176119012448 1.45584345894868 0.0104027906724477 5.79739783836696)
(48.7159454410031 3.54366264908277 -0.794565029998354 1.18773917560511 0.0100468755481644 5.44190353111124)
(47.9180498463824 3.156250748517 -0.684133412071466 0.954442391616963 0.00824137099090861 5.0600131494911)
(46.1535888511422 2.75249567281165 -0.577910296730904 0.755347502133492 0.00556899479572242 4.66321790667142)
(43.4876457461691 2.34652261624529 -0.482095808945786 0.588521754233265 0.00262521623933544 4.261958884843)
(40.0510532205716 1.95265676126241 -0.399579624169179 0.451162497174519 -0.000109866881917856 3.8645467311257)
(36.0317895068807 1.58403303395784 -0.330496810705732 0.339977387175878 -0.00232802391222858 3.47687076202398)
(31.6531603027227 1.25126006254329 -0.273283936658919 0.251517714846169 -0.00387455896124124 3.10247415033577)
(27.1508989305006 0.961533104688628 -0.225666045060734 0.182389826268917 -0.00474486378893689 2.74341225151374)
(22.743477955597 0.718181739439194 -0.185638032207117 0.129377025653438 -0.00501282922264179 2.40082631568013)
(18.6120876091146 0.520969495788595 -0.151510539587518 0.0895578891679067 -0.00481699599477823 2.07582952510032)
(14.8853412064485 0.366681222674547 -0.122224810201474 0.0603172615893268 -0.0043055641383444 1.76974300616384)
(11.6371154264535 0.250113696026359 -0.097041246569178 0.0393823769491598 -0.00362243069871879 1.48429592611594)
(8.89095663453 0.165041426880523 -0.0755708861623807 0.0248138225337462 -0.0028834096606733 1.2213748145964)
(6.63181945411302 0.105068628818742 -0.0575089186813144 0.0149984650521941 -0.00217511894365211 0.982858274806924)
(4.81884462474142 0.0642615393875566 -0.0425815267708197 0.00862869640127842 -0.00155285021870889 0.770310030747699)
(3.39731426816314 0.0375131226831554 -0.0305402371974339 0.00467360385788295 -0.00104371857355308 0.584752863777686)
(2.30836998131527 0.0206862141836811 -0.0210504984012519 0.00234610107024244 -0.000654671496765494 0.426606491990681)
(1.49518337525133 0.0106013097317941 -0.013793816748739 0.00106619170957879 -0.00037724501242796 0.295620298501375)
(0.906187246805774 0.00491054480282424 -0.00843792744369335 0.00042206238752209 -0.000194354436691594 0.190912494400833)
(0.497174859254816 0.00195782646733324 -0.00466332539719803 0.000136222281929522 -8.52659398365773e-05 0.1111290154119)
(0.230633035090218 0.00060641011670392 -0.00217696015410435 3.1228010469587e-05 -2.87688179000132e-05 0.0544628260615912)
(0.075874117701619 0.000112230346455738 -0.000717837610287315 3.58374149073458e-06 -5.75162757698399e-06 0.0188489812418912)
(0.00806131492930276 3.92415681729141e-06 -7.61717977343562e-05 4.44516418637853e-08 -2.15158014191553e-07 0.00209652596537474)
(11.5700675646035 0.0781759583501904 3.26159540431463 5.62014082773316 -0.0487229766692175 4.28182555862816)
(11.3029575747192 0.246202280617483 3.15088142467631 5.5271904674473 -0.136819699295359 4.29575490430542)
(10.9134768277817 0.44758782568229 2.95451940069497 5.38707496015737 -0.209024652619351 4.32287710234819)
(10.5065938713725 0.699435809249146 2.69573832634343 5.2299253458093 -0.259781066707688 4.39288250220762)
(10.2072380425054 0.996137348127715 2.3833778607959 5.08095871134523 -0.294419812205727 4.50832481321407)
(10.1243881361152 1.33505011785908 2.03823473938972 4.95776977410798 -0.312636159642835 4.66559980919977)
(10.3346704734315 1.7066710978203 1.67288251839064 4.86575900113664 -0.31476221774863 4.85870630714161)
(10.883108969135 2.09790812465509 1.31285827538859 4.80431990459475 -0.301781728663243 5.0824323510728)
(11.7623603743462 2.49608165045959 0.968114829080766 4.76692245999117 -0.276200601683834 5.32443943966697)
(12.9511957215334 2.88668960790723 0.636642242643449 4.74264419885439 -0.240730906372655 5.57265534938427)
(14.4278884648371 3.256502823414 0.321532134945591 4.71516585176265 -0.201912663899386 5.80970585002199)
(16.1723320946381 3.59554387445122 0.0299892992885311 4.66565625664638 -0.164021057240481 6.02600486367899)
(18.1764705580788 3.89871618736497 -0.22621413799305 4.57754920930542 -0.128604053160013 6.21281376807527)
(20.4404253189555 4.16221991230061 -0.452462255401934 4.43876532251497 -0.0953753170082536 6.35602073146651)
(22.9660772613336 4.38043566119593 -0.65564252978758 4.24382278479367 -0.0656314738035382 6.44710703566324)
(25.7520359855688 4.54910461068534 -0.83387990533181 3.99454661786985 -0.0407811656141215 6.48881422798802)
(28.766742609797 4.66380151736587 -0.984908720246324 3.69816042766846 -0.0216868441022942 6.49260362137283)
(31.942739500894 4.71895020307124 -1.10767738108704 3.36547246648661 -0.00679156778842183 6.46508542127025)
(35.18244162103 4.71092306854096 -1.20036803265531 3.01043522245423 0.00640579108966488 6.40459180098497)
(38.3502092647587 4.63850614048423 -1.26452781649673 2.64805997428431 0.0182848283337081 6.3073153517621)
(41.278280115482 4.50244261761007 -1.30088239136351 2.29193802758776 0.0279987293678832 6.16840100813851)
(43.7759392901211 4.30508378803342 -1.30620576145919 1.95294080577066 0.0348827005528056 5.98304555736364)
(45.652802264508 4.05058026678106 -1.27758737251292 1.63886347603636 0.0386007755886349 5.74947403397044)
(46.7428198119305 3.74566714601882 -1.21572083743478 1.35476061029765 0.0391519443440832 5.47032859836253)
(46.9239663815505 3.39964346525033 -1.12593445372285 1.10320280734015 0.0369468046462996 5.15190901021542)
(46.1334346856891 3.02416868487703 -1.01785338017757 0.884859055743109 0.032685720710685 4.80355202346063)
(44.3765380500214 2.63263474987333 -0.902210078839783 0.698906821585916 0.0271528218710495 4.4361245527487)
(41.7322937612823 2.23945995751111 -0.788127315457392 0.543406467839569 0.0211286438322706 4.06032602597484)
(38.3425795201835 1.8588100668821 -0.681236453644224 0.415651246185248 0.0152615037346589 3.68493976914602)
(34.4029774216161 1.50355692139599 -0.584224940867249 0.31249425490884 0.0100570046591568 3.31644067914576)
(30.1387453001584 1.18397444301269 -0.497482321893991 0.230652658913929 0.00580153715781057 2.95903151570561)
(25.7822046980461 0.906867688704656 -0.420243875542537 0.166882246796669 0.00260106480621208 2.61536550831559)
(21.5424626120731 0.675106204302372 -0.351546841234395 0.118108096846296 0.00041179533160777 2.28704849814639)
(17.5899236274878 0.488165165985323 -0.290310200950356 0.0815902607293082 -0.000927832231962904 1.97560430443201)
(14.0411093178544 0.342572888355421 -0.236100621495752 0.0548497751617014 -0.00159752666306626 1.68248022549427)
(10.9597509961061 0.233003464697376 -0.188557443115236 0.035744983970823 -0.00179038848224788 1.40946234506457)
(8.36310776166648 0.153359273561483 -0.147452839918909 0.0224846418279217 -0.00168469840228445 1.15840399346902)
(6.23243972388126 0.0974138494284159 -0.11254994338857 0.0135711287672387 -0.00141941665427755 0.931075849341281)
(4.52574754176215 0.0594714506461444 -0.0835937201376918 0.00779877699495957 -0.0010959379829084 0.728855830078013)
(3.18906755840297 0.0346519457652568 -0.060090139004184 0.00421826208004544 -0.000781016711051259 0.552650894305303)
(2.16612690890007 0.0190798511659491 -0.0415364225119348 0.00211523176094578 -0.000512707678469879 0.402734254654306)
(1.40304689637729 0.00977215655381866 -0.0272755670488081 0.000961303676242517 -0.000306518435009522 0.27882139571083)
(0.850336758447599 0.00452401490897161 -0.016739747985716 0.000380578447475974 -0.000162848965939929 0.179900913977788)
(0.466424892920662 0.00180105551339664 -0.00926055640496043 0.000122638455595054 -7.32351316470315e-05 0.1046210653493)
(0.216255325551573 0.000556688002508851 -0.00432682986964314 2.80389124399626e-05 -2.5241059631198e-05 0.051212389764752)
(0.0712511270834709 0.000103346893468984 -0.00143538528271284 3.2327081190929e-06 -5.15907041349122e-06 0.0177348248294102)
(0.00735052310188347 3.33650737914176e-06 -0.000148364406284374 3.3826377190254e-08 -1.81515868061543e-07 0.00191636377047146)
(13.0316800030694 0.0486035293885119 3.6678777566092 6.19306912158886 -0.0405366777620471 4.55112811427146)
(12.7489598484831 0.165556677377758 3.56129419598791 6.07381608375871 -0.113958174460627 4.54255581539)
(12.3025411724167 0.3148194016864 3.37144766320934 5.88752900890819 -0.178418617620251 4.53012689724566)
(11.7828015575404 0.506439887507902 3.11663679878383 5.66859979265499 -0.2267809282105 4.54595344012771)
(11.3000516062898 0.742647844277371 2.80255248300125 5.44690825671721 -0.263890789032101 4.59708050950338)
(10.9597948589895 1.02030407680706 2.44335415509371 5.24170898320728 -0.287887338319662 4.67907037847934)
(10.8475105695583 1.3350450158068 2.05204258438865 5.06530400999023 -0.300922365303726 4.7917553329265)
(11.0471708561498 1.68263181656313 1.64721247274736 4.92509484815278 -0.300023471481032 4.93444817828353)
(11.6006512143466 2.0543587777871 1.2499335390938 4.81595931150203 -0.285301640786858 5.09703452185361)
(12.4999828269235 2.4306497325661 0.86917398767375 4.72697321804897 -0.259087851770756 5.2703291079699)
(13.719705028179 2.79413810991598 0.507750549701028 4.64348306880132 -0.226592550898399 5.44264137690877)
(15.2367160936603 3.13213724881017 0.173718061540208 4.54790297399483 -0.193202691080432 5.60576923061259)
(17.0436292242416 3.43871521715232 -0.124303604062783 4.42322030333406 -0.160124524414115 5.74826727497965)
(19.1203836606465 3.71085620178739 -0.386321141412844 4.25866045214805 -0.127656665914571 5.85714984447851)
(21.4514273563551 3.94254534804411 -0.614176072473016 4.04883727273733 -0.0969131578114751 5.92825115960397)
(24.030582688873 4.12785340144403 -0.808583942663228 3.7930994260247 -0.0695127643767979 5.96257237352386)
(26.8370361504855 4.26237175693296 -0.968187446295479 3.49700818199323 -0.0445613782869204 5.96770993945016)
(29.8235683126271 4.34222492405264 -1.09498566533814 3.17044132271937 -0.0215267222787238 5.94777926068392)
(32.9109498346064 4.36436635845197 -1.19504090384337 2.82620916491731 -0.00133202967110503 5.90314462200098)
(35.9759244982608 4.32606069201783 -1.27367103501408 2.47769422918483 0.0153603790486631 5.82979488586166)
(38.8579750335136 4.2256244851925 -1.33253319928951 2.1369842036437 0.0286219025529926 5.72051287672192)
(41.3686351466622 4.06265210918088 -1.36663626987554 1.81386875343705 0.0384425016272082 5.56898040780577)
(43.3098819870486 3.83925980170734 -1.36964223470378 1.5158417006625 0.0446813545291069 5.37276714990046)
(44.4989450503139 3.56068319518095 -1.3390745790727 1.24776753324318 0.0472084812486029 5.13290038711247)
(44.7961834375193 3.23631374337109 -1.27787268373934 1.01210874231593 0.0462420567404545 4.85406902980248)
(44.1241171914551 2.87880296516052 -1.19270596019927 0.809109703036137 0.0423786874018717 4.54366225462284)
(42.4787928321732 2.50293240401766 -1.09185559923344 0.637404752238976 0.0364717780283798 4.21071418832771)
(39.9429978648841 2.12459415089537 -0.983721268474623 0.494630888195785 0.0295682842594444 3.86508429573776)
(36.6632904588894 1.75862955969036 -0.874505270890597 0.37779381604119 0.0225110302454565 3.51516171651223)
(32.8441150502946 1.41819209081331 -0.768468406033926 0.283752758753837 0.0159897855914988 3.16796605662957)
(28.7162072952054 1.11320616421454 -0.667851068089152 0.209265307905824 0.010439053333626 2.82837010766513)
(24.5115806005715 0.849970127823745 -0.57362299757232 0.151295789133765 0.00606377305179443 2.49984778426907)
(20.4361947294517 0.630878919622003 -0.486184115122635 0.10701127002301 0.00287521667121656 2.18483488059211)
(16.6522501043656 0.454948305081072 -0.40579955015513 0.073872576173014 0.000751047103773211 1.8853679318911)
(13.2686103114751 0.318477132556367 -0.332828599974316 0.0496198360198382 -0.000504949419958597 1.60345266093709)
(10.3413527736825 0.21617574406407 -0.26763970078405 0.0323127275506846 -0.00111502342794251 1.34110160214635)
(7.8820720487773 0.142046183274847 -0.210495753582529 0.0203099990843348 -0.00128866003741656 1.10029352901911)
(5.86860992577898 0.0900984277866533 -0.161510853685568 0.0122470874951786 -0.00120068767059019 0.882738795375108)
(4.25871256206059 0.0549409286314354 -0.120510734247849 0.00703073394046538 -0.000983775670435192 0.68973748874051)
(2.9996845273547 0.0319911498012745 -0.0870202903821159 0.00380029766264549 -0.00072927395651582 0.522040827220339)
(2.03717159740581 0.0176110146401178 -0.0603807261819434 0.001905073049388 -0.00049232110503914 0.379793438727146)
(1.31887865632605 0.00900886970063367 -0.0398306190901489 0.000864069489162842 -0.000300366098598591 0.262459312867996)
(0.799177216042411 0.0041688203132015 -0.0245251353024636 0.000341670667127372 -0.00016205223958733 0.169073301380249)
(0.438548516265546 0.00166238305696442 -0.0136320609857983 0.000110348807821312 -7.39491227554952e-05 0.0982117393211092)
(0.203344419089333 0.000514229038845986 -0.00639968666518476 2.52466857853519e-05 -2.57697068510111e-05 0.0480140896563187)
(0.0669346003932226 9.5358635220024e-05 -0.00212902883759225 2.90825111390668e-06 -5.30619691679726e-06 0.0165930911707473)
(0.00709187115057917 3.31557819600057e-06 -0.000226141562067055 3.61017816546458e-08 -2.03269934628235e-07 0.00183781790804083)
(14.547084456422 0.0266120862515038 4.03252162851162 6.72562991802896 -0.0319754838985813 4.79487766862866)
(14.2633972684218 0.0929204395491951 3.93131778170537 6.59030284100016 -0.0897929318088164 4.76945880106436)
(13.7992427672125 0.193932485175651 3.75433193198114 6.37314856202647 -0.142117644070732 4.72646628728389)
(13.2240767596583 0.334032153992808 3.51156505288102 6.10477066091791 -0.186448140912277 4.69998016012194)
(12.6281719158929 0.509418254700913 3.2098765321836 5.81824425929749 -0.223874994078403 4.69624121139039)
(12.0842102896743 0.722734860827043 2.85207759382488 5.53863901344614 -0.253588473912163 4.71232026222557)
(11.6890794142286 0.977043143352308 2.44529630023121 5.28556180724234 -0.276151802424881 4.75150913560954)
(11.5515840859741 1.27514511140287 2.0038083304144 5.06814677904284 -0.287448566063913 4.81602912255811)
(11.7563386379511 1.6068220171181 1.56183347184238 4.88582684331618 -0.285553006665253 4.90192040708624)
(12.3225052892859 1.95399040813388 1.13806681737322 4.72871958496638 -0.271792690544965 5.0015760227299)
(13.2338736478861 2.29905415264607 0.736456071096063 4.58350847384465 -0.249733756151739 5.10868233620018)
(14.4596159063109 2.62730100799683 0.367876635682717 4.43494718672178 -0.224463255161957 5.21653626215771)
(15.9904409933323 2.93006913282961 0.0374723870454536 4.26897127621484 -0.198671592118909 5.31204534740961)
(17.8045085619042 3.20205817622214 -0.25088047969411 4.07492987531102 -0.172590166476822 5.3840631437449)
(19.8802434817622 3.43864119050076 -0.494810456152188 3.84625512785486 -0.14600670222049 5.43096882068901)
(22.2017568999632 3.63559643831687 -0.696280093191967 3.58150100830483 -0.119859163195144 5.45319177719313)
(24.754986596908 3.78910274218174 -0.857262693619764 3.28480373522696 -0.0941180942746893 5.45437091307075)
(27.5102183098234 3.89671514877144 -0.984268281883338 2.96471308873964 -0.0688030247268189 5.44001944356021)
(30.3978180544287 3.95467890155251 -1.0872124660604 2.6321679913077 -0.0449467398751667 5.41044125090918)
(33.305653108671 3.95756671499526 -1.1754034775544 2.29865415413898 -0.0233043296104458 5.3585219694738)
(36.0859511927168 3.90001999228573 -1.25124655246242 1.97497883340949 -0.00456743455832151 5.27562792408573)
(38.5612706492154 3.77847732455327 -1.3096404942718 1.67026933660385 0.0103543075663434 5.15601869995333)
(40.5393948567433 3.59303729219955 -1.34342437806638 1.39114116434182 0.0207667472041803 4.99661677411553)
(41.8337572007526 3.34869222612173 -1.3483000837945 1.14162101710131 0.0266933890205486 4.79654879122399)
(42.2877940285633 3.05463977066735 -1.32393568323832 0.923348145398568 0.0287267729263076 4.55746984663879)
(41.8030409385773 2.72370354121644 -1.27340101700391 0.736093882806533 0.0278245794027146 4.28447265910743)
(40.3589899875255 2.37114626187323 -1.2017408671071 0.578310023244705 0.0249477811658858 3.98554016506766)
(38.0223703251837 2.01323350776986 -1.11462912661778 0.44758293658917 0.0209405780545981 3.66993768749056)
(34.9368114602147 1.66551815193385 -1.01724516013423 0.341012542650634 0.0164509280461117 3.3462094502734)
(31.3053902315468 1.34146811257867 -0.914009622070525 0.255515919508483 0.0120171781625981 3.02145586529573)
(27.3608117554325 1.05123409460405 -0.808472470263892 0.188030005979905 0.00802984653361826 2.70101615128725)
(23.3358036305749 0.801083139664652 -0.703541989500387 0.135669090285441 0.00473993759715642 2.38887651151647)
(19.4352167103567 0.593339744126315 -0.601707587138073 0.0957823632955398 0.00224614309582653 2.08806579368559)
(15.818134604172 0.426931902850138 -0.505154181178203 0.0660058457222977 0.000528945922214036 1.80118455794254)
(12.5895311456659 0.298231973303395 -0.415753813197262 0.0442677517650294 -0.000515611858973577 1.53065801466243)
(9.80192214676696 0.202035130390573 -0.334959575426453 0.0287873041917714 -0.00103381496223154 1.27882176740248)
(7.46419394954844 0.132522523545535 -0.263751363934459 0.0180700266219896 -0.00118403774144694 1.04778508793983)
(5.55357765000107 0.0839411603210692 -0.202528919086035 0.0108837693983973 -0.00110529442159514 0.839354199570515)
(4.02785278900101 0.0511254955473628 -0.151195803377609 0.00624042378406056 -0.000909905856717422 0.654800229633446)
(2.83611557174341 0.0297510660462623 -0.109238255825092 0.00337026756184851 -0.00067802043139698 0.494804162665902)
(1.92539957517659 0.0163668098294403 -0.0758608229874705 0.00168720652103438 -0.000460016481858109 0.359377550047115)
(1.24640312853589 0.00837332771914424 -0.0500784279970153 0.000764838004854307 -0.000282037820904291 0.24796864033222)
(0.755143484914488 0.00387484087306445 -0.0308616716505058 0.000302127452944506 -0.000152922781831014 0.159490022155654)
(0.41413850477482 0.00154319334692174 -0.0171695362616883 9.72393234967488e-05 -6.99858836010633e-05 0.0924763671124619)
(0.191988685761321 0.00047728772568441 -0.00805851935949782 2.22065707837932e-05 -2.4477687729847e-05 0.0451428456534814)
(0.0631843024643384 8.84534831572509e-05 -0.00268004068611246 2.54773496023985e-06 -5.05496498378365e-06 0.0155789431976091)
(0.00670807568223653 3.07175102761695e-06 -0.00028710135911413 3.07231456337696e-08 -1.93094763738948e-07 0.00172682086832498)
(16.1587999799446 0.0109725365274324 4.35405981001503 7.19734656125451 -0.0247923713952954 4.99952058466361)
(15.8908607744791 0.0335506998417341 4.26530770421437 7.05934922712648 -0.0680507974486625 4.96319880708304)
(15.4177553210015 0.0859180871756022 4.09719050190583 6.82217622554762 -0.107903787393702 4.89692514822774)
(14.8280388369065 0.177314675100577 3.87538047766014 6.52083121119236 -0.143722924208829 4.83915724800524)
(14.1735658968085 0.290050551111762 3.59679547050205 6.1823929120531 -0.179914575197186 4.78930095161198)
(13.4781701452275 0.441217267793604 3.24936376028209 5.83782925575689 -0.215566024785598 4.75009754656577)
(12.846791714523 0.641454765586445 2.83414820721448 5.51621458889951 -0.245696359742881 4.72331668005956)
(12.4030589048051 0.891085130117555 2.36910339427268 5.22675399336859 -0.265666841604283 4.71598748303965)
(12.2615887140556 1.17812958402739 1.8941215820985 4.97190407076737 -0.274900616675714 4.7303266925272)
(12.476315725168 1.48726364841059 1.43424294369393 4.7467651730639 -0.27492521716293 4.76148823085942)
(13.0479489407942 1.80433692089026 0.997829121388158 4.5404275297609 -0.267106960393883 4.80586668370455)
(13.9481043391966 2.11505419822811 0.598098256687293 4.34031748632707 -0.254802569018139 4.86077096772484)
(15.1615908559309 2.40760293811813 0.241870749732566 4.13281056532779 -0.240620381233977 4.91180250854145)
(16.6704224426565 2.67559266734454 -0.0654894810241207 3.90720364964287 -0.225012130881169 4.94798031392098)
(18.4546015448526 2.91561851676343 -0.320447112396562 3.65726525009771 -0.207368862605941 4.96953589011906)
(20.4974134378743 3.12393210513586 -0.52573656252885 3.38102184717473 -0.187838258006978 4.97792061738828)
(22.7865914395429 3.2980677638568 -0.687556041103994 3.08132735331375 -0.166708624060432 4.97379184158519)
(25.2942212170508 3.43550148565915 -0.817653838630977 2.76526401864697 -0.14452156342597 4.9616512229773)
(27.9638886796851 3.5310216295285 -0.927681391177328 2.44238611646631 -0.121343587446265 4.94057222753843)
(30.7025106778823 3.57690685733385 -1.02685301698745 2.12288483685723 -0.0979568269142367 4.90321984985005)
(33.3776186379956 3.56497615686523 -1.11808156647691 1.81632841879765 -0.0760438576594613 4.84169690452072)
(35.8201590584361 3.48893235200986 -1.19774736391474 1.53034602688364 -0.0570041982726798 4.74968774903827)
(37.8381300151267 3.3464657287898 -1.26016968158703 1.27023313565964 -0.0413307431092111 4.62212881483023)
(39.238988148942 3.14053903857065 -1.30082077361573 1.0390262843216 -0.0288427942669686 4.45594798526583)
(39.8546185051847 2.8795583482909 -1.31668404509491 0.837805962470032 -0.0192296966420223 4.25135064237578)
(39.5684564734329 2.57648689774549 -1.30623603182498 0.666055373855385 -0.0122300577130743 4.0124602684309)
(38.3412762023045 2.24743303535257 -1.26993217229627 0.52204633173679 -0.00750949486516291 3.74654541196343)
(36.2220376076463 1.90958893877066 -1.20988943845715 0.403240074283099 -0.00466402761723468 3.46189862545169)
(33.3445755292622 1.57944324145119 -1.12959959227829 0.306745284391435 -0.00320819897878777 3.16642984398954)
(29.9077767879614 1.27098912587057 -1.03340303683167 0.229523961288895 -0.00268704801469612 2.86674781835746)
(26.1449681137321 0.994678152649371 -0.926230170344532 0.168697319207139 -0.00268506241280761 2.56813754815627)
(22.2905541909965 0.756795235964642 -0.81320589265932 0.121570000539521 -0.002883026404748 2.2747496890678)
(18.5507680558653 0.559631961814396 -0.699231029181409 0.0857197715112467 -0.00305572884638746 1.99005599576796)
(15.0839329510108 0.402055172375575 -0.588652493586248 0.0589894170635723 -0.00308451415294709 1.71714253373421)
(11.9934114515773 0.280482500223492 -0.484951843863504 0.0395062887770718 -0.0029297138155098 1.4589379260698)
(9.32929610177396 0.189810835445215 -0.390691451763003 0.0256531745220363 -0.00261606941118445 1.21814988949272)
(7.09883771051425 0.124410822736508 -0.307437401281161 0.0160790455905532 -0.00219880910024847 0.997164181954901)
(5.27859198018572 0.0787733089612733 -0.235878349020278 0.00967105356880656 -0.00174075040218144 0.797901536873484)
(3.82668115262025 0.0479731883193257 -0.175944360795136 0.0055373614904065 -0.00129604298344902 0.621676746493056)
(2.69348067587616 0.0279190682583028 -0.127033261908105 0.00298606889072229 -0.000904004392560656 0.469135813057681)
(1.82817504047944 0.0153666063221943 -0.0881686829929157 0.00149308536456808 -0.000585810881553664 0.340270074397705)
(1.18331045617686 0.00786779014927997 -0.0581853724740359 0.000676131288333539 -0.000347547644003711 0.234466534951881)
(0.716918539629598 0.00364510856695425 -0.035843231424866 0.000266948755280654 -0.000183860054500554 0.150617941102099)
(0.393166837780929 0.00145348203713218 -0.0199407107849705 8.58630728625049e-05 -8.26385576606118e-05 0.0872242390087669)
(0.182260874353445 0.000450143202677379 -0.00935891567769708 1.9601265557073e-05 -2.85096167967297e-05 0.0425282262944471)
(0.0600072212097928 8.37148013208144e-05 -0.00311235287990329 2.26144565602057e-06 -5.8298803020375e-06 0.0146656987172607)
(0.00619904509627616 2.76561009361312e-06 -0.000324357475735331 2.5865223909933e-08 -2.09942706566768e-07 0.00158115580444748)
(17.9096718607046 -0.000196489407939861 4.63265680887357 7.59662895383379 -0.0190856028516451 5.15314125207524)
(17.6665136722598 -0.00812561282343366 4.56121471629309 7.45970547866139 -0.0515809053354919 5.10931497510788)
(17.1861142692951 -0.00126410074678075 4.40145723978841 7.21428880666549 -0.0786870578422873 5.02731188865432)
(16.6093728935485 0.0347756077041696 4.20685656139731 6.89747129685298 -0.107068982992527 4.94447905633822)
(15.9266372247586 0.0887062999671528 3.95554573427474 6.52534464399663 -0.137732574197871 4.85867921600453)
(15.1265142385143 0.181815676611111 3.62112665375344 6.13029624493116 -0.176075984555326 4.77451934268901)
(14.2946799536087 0.331677220747808 3.20372097510527 5.74712257946411 -0.21081788570517 4.69018661123276)
(13.5795889149324 0.536676466208166 2.72609135974803 5.39012370529897 -0.237187747590288 4.61983496698687)
(13.121009985639 0.782089477046013 2.23120742190138 5.06899217758569 -0.256424979856994 4.5712123278283)
(12.9965149205877 1.05440515164437 1.7450472437721 4.78153537492695 -0.269677113671958 4.5413180144984)
(13.2161516398247 1.3405949898406 1.27980952672445 4.51915852253961 -0.278141553300981 4.52947965579602)
(13.7754391403903 1.62716825814525 0.854333853974774 4.26957475191084 -0.282571401813772 4.53483127524084)
(14.6606840868818 1.903355909058 0.477429097388543 4.02022754042919 -0.2831444173203 4.54415248424566)
(15.8525986358247 2.1633977141054 0.153324998195207 3.76246833030725 -0.280434403009578 4.5466731447144)
(17.334260441231 2.40384667192844 -0.113976711456345 3.49045986421108 -0.27482115042396 4.54367414618141)
(19.0894560386898 2.62283011195167 -0.328010248779037 3.20172764576809 -0.266186336804431 4.53716586985524)
(21.1030836632193 2.81879433693389 -0.497824559125719 2.89797490451446 -0.254499103902114 4.5262623749275)
(23.3487065448071 2.9873009132473 -0.636106508773774 2.58503249979299 -0.239685102640121 4.51280711005765)
(25.7823672016069 3.12077028159553 -0.755114246388961 2.27102733216637 -0.221752154594651 4.49505107335141)
(28.3251990913381 3.20895161200314 -0.863565468649604 1.96462718198603 -0.201246671376647 4.4665898787598)
(30.8568804161538 3.24082864697938 -0.966044670243614 1.67364272042426 -0.17912559626443 4.41932144630192)
(33.218918456957 3.20776857446719 -1.06222235920502 1.40425502810584 -0.156298751553264 4.34575064286578)
(35.2273368249902 3.10610268554534 -1.14836363925972 1.16083215663552 -0.133508926683865 4.23991647448333)
(36.6934092979163 2.9374921804633 -1.21960405026539 0.945713828673443 -0.111532599466249 4.09858420952089)
(37.4425510383554 2.70943590282349 -1.27101810665835 0.759568533218993 -0.0911632240485364 3.92214039963947)
(37.3427655254408 2.43456337023325 -1.29793262961806 0.601566899918509 -0.0730512070901242 3.71430065541036)
(36.3327396181751 2.12917651719205 -1.29683372724288 0.469794058836999 -0.0575479009185155 3.48093739995765)
(34.4387577985026 1.81114756682266 -1.26607226513676 0.361685203681703 -0.0447376937627999 3.22870835191587)
(31.7807411625036 1.49786054439329 -1.20662557188148 0.274301833837636 -0.0344576927203916 2.96424807016783)
(28.5493012764146 1.20408777526485 -1.12193761340832 0.204723162696986 -0.0264081910601304 2.69322844968142)
(24.9750409255064 0.940708566876615 -1.0175348142081 0.150145167120564 -0.020239170362994 2.42024280123508)
(21.2942289344311 0.714244815411841 -0.900370952584922 0.108014863713114 -0.0155427442974021 2.14933487063103)
(17.714732696718 0.527004684266239 -0.777633695486676 0.0760611176760493 -0.0119519741194033 1.8841416844103)
(14.3948714105583 0.377826775386751 -0.655857685894597 0.0522933400861225 -0.00918521468761412 1.62802829658768)
(11.4371611510336 0.263098117325349 -0.540347583777052 0.0349971449320887 -0.00701598637934816 1.38434726371882)
(8.89014992168048 0.177763484596684 -0.434890480214136 0.0227089404438155 -0.00529119430998861 1.15620796523388)
(6.76055826589791 0.116372911769702 -0.341669015766997 0.0142257467187995 -0.00390543448516216 0.94636917760082)
(5.0244283352485 0.0736126286282694 -0.261671229095185 0.00855057086637666 -0.00280169999718086 0.756927116031997)
(3.64142391414302 0.0448209697241676 -0.194846893547867 0.00489535100521517 -0.00193626189223334 0.589366469154112)
(2.56237080782383 0.0260785264997403 -0.140473603658339 0.00263826200727323 -0.00127714244343451 0.44436464891428)
(1.73894588922789 0.0143570462174857 -0.0973841122648929 0.00131874180231922 -0.000793441145715715 0.321989984458675)
(1.12530377090192 0.00735041377528974 -0.0641941842277515 0.000596575654881358 -0.000455478294672634 0.221629695166652)
(0.681701313922946 0.00340687483637956 -0.0395174712856609 0.000235389556924275 -0.000235128010329073 0.142213310371388)
(0.374035140468289 0.00136160281682558 -0.0219765415359774 7.59057884743095e-05 -0.00010371902333616 0.0823015288256866)
(0.173597738722585 0.000423541235046701 -0.0103184213357885 1.74399045119922e-05 -3.53390357071729e-05 0.0401277590630486)
(0.0569596038058401 7.79536404531011e-05 -0.00342186456765274 1.96770437311401e-06 -7.09420016900998e-06 0.0137843574288524)
(0.0059031649652126 2.59456777475586e-06 -0.00035776273315762 2.25761227676654e-08 -2.55239387403285e-07 0.00148915073333441)
(19.8371125410597 -0.00944659184245001 4.87171962795945 7.91800929118951 -0.0149997299987188 5.24305413975078)
(19.6232937621606 -0.0404818530654681 4.81427677493183 7.78323146127693 -0.040190464124106 5.19212337170786)
(19.1473656087709 -0.0724547863803388 4.67076621079664 7.54335047050093 -0.059479830976806 5.10263577386447)
(18.599198689164 -0.0955093883192678 4.5023155512257 7.22159597793369 -0.0817448261452833 4.99738864938671)
(17.896239725645 -0.0913088229034185 4.27780041062742 6.83233729055078 -0.103717546110728 4.88662881058964)
(17.0197278374067 -0.0481352854440688 3.95979504052924 6.40117748513111 -0.13792356503748 4.76748369561244)
(16.0185173456453 0.0548718545701589 3.54474718226263 5.96611668562989 -0.171525791698403 4.63632991672717)
(15.0608886581598 0.215118394572171 3.06283423487832 5.55002900371598 -0.20271582355893 4.51504188413355)
(14.3163026737504 0.421680278493329 2.55790875410483 5.16879038739053 -0.232617458624041 4.41322811569222)
(13.8700678713148 0.660268304759903 2.05500686137259 4.82620311118819 -0.259355199892138 4.33105035353021)
(13.7454082792423 0.917033740488346 1.56948255386592 4.51412634415702 -0.284548896682658 4.27036181058748)
(13.9605073212583 1.17970565688244 1.12461266456709 4.21971572319139 -0.305859432098672 4.23055818278539)
(14.5128073750692 1.4393014148471 0.73065645995593 3.93195996213361 -0.322608249758424 4.2015207825344)
(15.3845008293965 1.69035093772717 0.3912434457348 3.64413039163665 -0.33571518033046 4.17368656465445)
(16.55926433525 1.93071224073078 0.109197949272072 3.35098706466101 -0.345249773297975 4.14843448478175)
(18.0228247383314 2.15926098647753 -0.11926655429751 3.0495925357596 -0.350511145535698 4.1270764085134)
(19.7548664422018 2.37333104269194 -0.302916139230498 2.74105858187834 -0.351472270211381 4.10877484514741)
(21.7283111217921 2.56706947808184 -0.453948316159628 2.43025020020788 -0.347540457404385 4.09280593311609)
(23.9064184339577 2.73097960408944 -0.5836353897022 2.12362062852477 -0.337445553457252 4.07582618113308)
(26.2231095183724 2.85331395327978 -0.70026710066629 1.82786564733375 -0.32071391459021 4.05091834355543)
(28.5703465734909 2.92220855346631 -0.810181757961863 1.54936973339981 -0.297991099324264 4.00981650004728)
(30.8032803402329 2.92781896410832 -0.916612772689349 1.2935279999813 -0.270634766264071 3.94511993727404)
(32.7520115633147 2.86465562575023 -1.01877230686943 1.06402278153132 -0.240251289304501 3.85172105872106)
(34.2318061083818 2.73253268491338 -1.11251611163964 0.862773302086861 -0.208548835651187 3.72736812393349)
(35.0656096932046 2.53786414816783 -1.19177614374178 0.689946370529102 -0.177079105011885 3.57333987412352)
(35.1096843223075 2.292373335285 -1.24970391645833 0.544339989490749 -0.147189935756591 3.39283786276616)
(34.2857133386865 2.01221088813825 -1.27984164945583 0.423700720976079 -0.119913419853157 3.19034023995044)
(32.6031148492538 1.71561619333854 -1.27736367010964 0.325245085691842 -0.0959077118451235 2.97075784765382)
(30.1639883414431 1.42051394095123 -1.24042763863661 0.246070811894111 -0.0754065929716321 2.73886445383404)
(27.1475149082971 1.1421592786358 -1.17085431957294 0.18325990184909 -0.0583966891029479 2.49877559660152)
(23.7774022450599 0.891912929462689 -1.07403852183982 0.134158620550561 -0.0446142071657522 2.25418654079024)
(20.2859509946373 0.676553994864373 -0.958006997408717 0.0963552789811079 -0.0336696094571423 2.00865461302928)
(16.8787711637554 0.498573201603876 -0.83170264140735 0.0677446785426894 -0.025119968050827 1.76572390616509)
(13.7142738522013 0.356972835056131 -0.703530459697818 0.0465119256232423 -0.0185081895471475 1.5291254554784)
(10.8935519245217 0.248251221441122 -0.580395390934599 0.0310872515177753 -0.0134522412754327 1.30244295010455)
(8.4645893808329 0.167539594627705 -0.467236985831586 0.0201462332723646 -0.00962920528963763 1.08902629220721)
(6.43500970125374 0.109582018237604 -0.366937188693145 0.012606991119806 -0.00674372885444346 0.892051377246206)
(4.78138513100096 0.0692897909265554 -0.280851939772134 0.00757123598634093 -0.00460893048167502 0.713709544918688)
(3.46430352573086 0.0421616117549995 -0.208977656909848 0.00432867736706348 -0.00304439945298625 0.555747826595393)
(2.43759893215532 0.0245364050922841 -0.150567349255602 0.0023315975769427 -0.00192942641390905 0.418956866527858)
(1.65416615624492 0.0135106569188241 -0.104320986992384 0.00116460252034279 -0.00115688110772179 0.30348808174771)
(1.07042546360525 0.00692039754996802 -0.068746624999302 0.000526532763540864 -0.000644496827789247 0.208801598856248)
(0.648601202550578 0.00321179960414444 -0.042315557956754 0.000207895490881906 -0.000324324307127524 0.133930569944568)
(0.355738884665535 0.00128286837021009 -0.0235239212639328 6.6876361345992e-05 -0.000139833987308874 0.0774437379623758)
(0.16490352629907 0.0003976423143135 -0.0110319519784751 1.52402990152903e-05 -4.65965818741531e-05 0.0376999646902642)
(0.0543861464083523 7.4489596031722e-05 -0.00367732417411664 1.77462437697444e-06 -9.36123001400171e-06 0.0129978963453593)
(0.00562783191267578 2.46365874344004e-06 -0.000383963301872075 2.00524070672334e-08 -3.30772140394004e-07 0.0014017266793859)
(21.978883449976 -0.0188455324637218 5.0720212487609 8.15477655317711 -0.0151729782738998 5.25669269552724)
(21.7960390971526 -0.0659769279474346 5.02400320502768 8.03104052302646 -0.0342503684338843 5.2004151403062)
(21.3456055763525 -0.139728782946062 4.90432699698191 7.80391663991151 -0.0514955045851307 5.1076296647647)
(20.816755815622 -0.213467647563279 4.75698436073936 7.48308245971134 -0.0666096890018291 4.9851222382344)
(20.1044471873488 -0.251334629057051 4.55655334213213 7.08260302937128 -0.0795751460609081 4.85696016278585)
(19.1589186039814 -0.249536486446272 4.25799958932655 6.62438527341255 -0.102379361595049 4.71215097893522)
(18.0114405626373 -0.187684616847484 3.85197573649746 6.14993891604079 -0.131391619241447 4.54591106665597)
(16.8378875202805 -0.0663353317597492 3.37269061648182 5.69040190301381 -0.165807148998362 4.38688648632761)
(15.8252119271718 0.104470395002504 2.86394093166553 5.26194984402594 -0.205351484663989 4.24328174788222)
(15.0732993374489 0.312593669058506 2.35236210996277 4.87338091369876 -0.246894527664195 4.11844139410224)
(14.6250843997375 0.542530985558991 1.85475111036881 4.51869388604266 -0.288028974335564 4.01611702605062)
(14.5038363283924 0.784107576319973 1.39581792426826 4.18582382798344 -0.325689738887522 3.93671998923857)
(14.7168015570057 1.02875381001213 0.988743820293384 3.86611811579752 -0.359180306741524 3.87475112346522)
(15.2623218510582 1.27063744217851 0.635828844809166 3.55276901933301 -0.389399932908087 3.82150659969407)
(16.1247760964714 1.50921100608099 0.338462543753895 3.24057060000477 -0.415583691481814 3.77715702131557)
(17.2862613104153 1.74358406030353 0.0945214198958721 2.92750273163877 -0.436303206301155 3.74300325438541)
(18.7271975243309 1.96944499519322 -0.103760593646949 2.61445498910226 -0.450765611152582 3.71804114492831)
(20.4219148761924 2.17971480928897 -0.267249006786781 2.30461838857601 -0.457306775177286 3.69865507881623)
(22.3349599602557 2.36419241706044 -0.40659895481782 2.00293191649472 -0.454095492576566 3.67966881356151)
(24.4079072597073 2.5114866517177 -0.531729198172534 1.71515642386179 -0.440494070602639 3.65413116283894)
(26.5464569209544 2.61002467296336 -0.650520726459248 1.44687456861001 -0.417377616022945 3.6142685421293)
(28.6188099846781 2.64937139368948 -0.767183436833406 1.2026379294652 -0.386504747605314 3.55321576439644)
(30.4648837941114 2.62221291365727 -0.882007079593806 0.98525241428362 -0.350002768718271 3.46670904945686)
(31.9058793816808 2.52666040008838 -0.991810245996202 0.795863609042463 -0.310057550101582 3.35380198583882)
(32.7655040820539 2.36681991529752 -1.09070223202532 0.634076624397998 -0.268764750073669 3.21628859670226)
(32.8973612938452 2.15309128639606 -1.17132443732041 0.49838944059614 -0.227973101277535 3.05769538858922)
(32.2141805681299 1.90067573055358 -1.22563942974156 0.386514407734838 -0.189262562768196 2.88190451544264)
(30.713823820463 1.62757183760691 -1.24660728476778 0.295658141126198 -0.153863711999592 2.69247979016847)
(28.4810119063417 1.35176380987022 -1.22985558701895 0.222941482593213 -0.122587152624724 2.49211865439654)
(25.681700324053 1.0891111905252 -1.17575715819137 0.165524706811999 -0.0957940962203723 2.28336082310289)
(22.5261593975961 0.851496886727706 -1.08906425544282 0.120833913780602 -0.0735083743454288 2.06850423922125)
(19.2385366703674 0.646303167912756 -0.978251131849031 0.0865808352328549 -0.0554183152808406 1.85043185596262)
(16.0179019198614 0.476371537469364 -0.853341211199549 0.060742287132108 -0.0411008675262148 1.63221661665717)
(13.0192941422646 0.341054009017108 -0.724029993306646 0.0416216167655866 -0.0299799432730322 1.4175413073506)
(10.3430920309918 0.237168575234279 -0.598347233662391 0.0277729068925561 -0.0214909543380758 1.21018255035694)
(8.03759665980916 0.16006228786592 -0.482115071367985 0.017974273204626 -0.0151092876246682 1.0138100785741)
(6.11017683649137 0.104714638053001 -0.378784712379103 0.0112330962809168 -0.010394596041313 0.831540071406636)
(4.53980695767471 0.0662335281654138 -0.289957703404279 0.00673798312003199 -0.00696598390521744 0.66596954005813)
(3.28945002239402 0.0403374252779595 -0.215784222241566 0.00384972385140483 -0.00451544861928588 0.518946463073693)
(2.31448555359911 0.0234925779868098 -0.155487044614318 0.0020715652316727 -0.00280942241822403 0.391388294112777)
(1.57063435461337 0.0129486142877785 -0.107753588911922 0.00103385330973106 -0.00165604652642877 0.28359059256501)
(1.01626693782563 0.00663868025478898 -0.071026955727662 0.000466833882329596 -0.000908892434083665 0.195106593823022)
(0.615755251731007 0.00308450491360831 -0.0437355416277652 0.000184106111505989 -0.000451409653585461 0.125129039887464)
(0.337711945588928 0.00123353160086299 -0.0243259976591973 5.91528673630701e-05 -0.000192469929439922 0.0723364209910498)
(0.156573420169559 0.00038327536363228 -0.01141729392499 1.34970043922945e-05 -6.35973917661917e-05 0.0352055400122133)
(0.0515910992369297 7.14978512129078e-05 -0.0038013660966546 1.55158797270076e-06 -1.25574459196472e-05 0.012127331346401)
(0.00531765358997836 2.32947421975986e-06 -0.000395565210734326 1.66289853807597e-08 -4.33097581445124e-07 0.0013022814526637)
(24.3684308928429 -0.0243900473428311 5.23261990462111 8.31441947820035 -0.0163230237214387 5.1881638430913)
(24.2134233443227 -0.0891255283289702 5.19476507884415 8.20021899385256 -0.0351951835632135 5.12910679014422)
(23.7985450183928 -0.19780324082324 5.09783617976988 7.98537105111185 -0.050419620017713 5.03415962406973)
(23.2716452122671 -0.314666152355962 4.96640202179945 7.66806813535366 -0.059298313315588 4.90051805870166)
(22.5599316078534 -0.394774955337375 4.78771491933636 7.26055700137656 -0.0628831498501087 4.75871429362338)
(21.5537288630983 -0.429847357918661 4.50978083172401 6.78787760005539 -0.0726044007479441 4.59619277844437)
(20.2792778698049 -0.399055918548958 4.11885486026672 6.291705877559 -0.0952366759043667 4.40718018181919)
(18.9063016699417 -0.30664071692878 3.64885629030114 5.80427836786511 -0.130886621443573 4.22213697885757)
(17.636163136239 -0.163727524531338 3.14324065771488 5.34396534108488 -0.177980114256272 4.04918538624861)
(16.5923121460126 0.018253915820998 2.63009842438534 4.91985119672527 -0.23203983946329 3.89236693688779)
(15.8323375545201 0.225547742804765 2.12752337503767 4.52893905517947 -0.28759068217252 3.75629648128539)
(15.3808424475234 0.448070495084753 1.66043353108171 4.1633216440443 -0.341493561968223 3.64501219658378)
(15.2632017188586 0.677730318039647 1.24449373608383 3.81674213411622 -0.392370336800106 3.55643581296292)
(15.4842379032826 0.909735530066759 0.881374022423415 3.48243121630106 -0.439510977893805 3.48307433536139)
(16.0310680831314 1.14391519713975 0.571025941311071 3.15510746812994 -0.482268255506244 3.42385704858664)
(16.8860693293891 1.37868471226973 0.31347323938663 2.83304481859463 -0.518415251577751 3.37970047204001)
(18.0330801943893 1.60931526448608 0.102629327897518 2.51648517881708 -0.54526283479362 3.34868776288208)
(19.4489895775337 1.82895591863062 -0.0717173342375209 2.20750932828928 -0.56048870413226 3.32529295511995)
(21.0953370903304 2.02828941971387 -0.221005244924843 1.91029678147258 -0.56269820585213 3.30310017411381)
(22.9187022253971 2.19593144996748 -0.356045201795829 1.62990706897573 -0.551612495372314 3.27523503347978)
(24.836248842153 2.31964476572111 -0.484896344125311 1.37088921429076 -0.528310654862955 3.23429919278131)
(26.7257263272877 2.38807121648248 -0.611860018055193 1.13657739128318 -0.494602340453779 3.17384908694727)
(28.4322018948694 2.39265970915138 -0.737419377416077 0.928827248504928 -0.452795712677274 3.09063138437962)
(29.7814749235096 2.32982696428528 -0.858624105390432 0.748274378029707 -0.405527318171597 2.9849643457827)
(30.6027609160381 2.20217108140332 -0.970100771602737 0.594364635806023 -0.355515063144853 2.85975417143809)
(30.7543529900482 2.01867258669329 -1.06482250841036 0.465591277411621 -0.305194876331669 2.71889575070022)
(30.1504593541921 1.79348711328711 -1.1346020025595 0.359715636048479 -0.256589487365444 2.56587920156071)
(28.782129907053 1.5438817750562 -1.17155678937065 0.274059154209412 -0.21129059288975 2.40302259231021)
(26.7252917944457 1.28779211867864 -1.1704242103527 0.205805732864863 -0.170401440296864 2.23169521251973)
(24.1287439064644 1.04114059858512 -1.13032422222415 0.152188680703811 -0.134630878374262 2.05268885769574)
(21.1882944766079 0.816243889097309 -1.05536900515441 0.110677964421889 -0.104240451367794 1.86710018954018)
(18.1132721921969 0.620898045317359 -0.95376627117057 0.0790150124448707 -0.0791298795820845 1.67676441423633)
(15.092820986741 0.458505742931241 -0.835666577537365 0.0552600776552672 -0.0589153777536022 1.48431220825331)
(12.2753086395117 0.328807016276501 -0.711289663876949 0.0377591057971135 -0.04301221541681 1.29318772383079)
(9.75654343666346 0.228987706945278 -0.589122161924859 0.0251302351711258 -0.0307828385646083 1.10698989736222)
(7.58452929184518 0.154792260577954 -0.475397373164202 0.0162305494535787 -0.0215632252792945 0.92941148076956)
(5.76739250191386 0.101431370177642 -0.373934538208243 0.0101248819106766 -0.014748812914019 0.763720993505153)
(4.28602949490541 0.0642641294088207 -0.286512356927142 0.00606343064621726 -0.00981248853276905 0.61256928955133)
(3.10581507690874 0.0392010439248669 -0.213403741935112 0.00345825888468399 -0.00631271419786531 0.477868801601935)
(2.18546361698828 0.0228723768793659 -0.153901079060538 0.0018582848359484 -0.00389628893019301 0.36071894139871)
(1.48311727421731 0.0126305518469078 -0.10674773211559 0.000926123606024778 -0.00227925909361042 0.26152250181706)
(0.959868164888535 0.00649156743623058 -0.07043387349928 0.000418076620577561 -0.00124113953563733 0.180027724127331)
(0.58144426157282 0.00301918139073259 -0.043397543602377 0.000164483109789217 -0.000611152411381665 0.115475989865178)
(0.318927134535313 0.00121023501607473 -0.0241607581059377 5.28301652157306e-05 -0.000258944220589318 0.0667666849721605)
(0.147907774589427 0.000376955282820289 -0.0113516871496794 1.20569818215631e-05 -8.5024246924198e-05 0.0325042194394629)
(0.0486548209698336 7.02614849459479e-05 -0.00377697978970492 1.38091606237675e-06 -1.66788763974661e-05 0.011177425031887)
(0.00500445919757078 2.30797614527904e-06 -0.000392272914309677 1.55287085534653e-08 -5.73172250567547e-07 0.00119761084852767)
(27.0097502905708 -0.0226054910434042 5.35364247711255 8.4027550192643 -0.016000079605071 5.03900581285102)
(26.8707302850643 -0.105101045982837 5.32594014466149 8.29365996234607 -0.0403351295492545 4.97806666607891)
(26.5010127761509 -0.240042681203984 5.24754965840197 8.09233535015023 -0.0534701202522185 4.88107841021557)
(25.9697003608699 -0.398267044388594 5.12709809978582 7.78278991173352 -0.0567506379001923 4.74119967571604)
(25.2693573347717 -0.520547714802835 4.96968587586411 7.37126746283644 -0.0523469392887551 4.58897962920353)
(24.2155594258015 -0.589663989161308 4.71249297088409 6.89337484550776 -0.0513189169073173 4.41461053395298)
(22.8240681623525 -0.583535757596591 4.33955830345351 6.38951282223973 -0.0654433797842003 4.2136070818151)
(21.2618714323271 -0.510445973107952 3.88564762507579 5.88766022283153 -0.100050966907962 4.01377344371578)
(19.7424347710787 -0.387024457414323 3.39077480275821 5.40784761846164 -0.151636651893549 3.82238607948304)
(18.414885539195 -0.225200845890672 2.88330512075928 4.95953304026357 -0.214320742013639 3.64453114593143)
(17.3465524358377 -0.0356186680649014 2.38241466521574 4.54128424784209 -0.282383730922116 3.48423580729124)
(16.5719940692619 0.169755574309523 1.91372938731139 4.15026316187324 -0.351986020251699 3.35001916614028)
(16.1327710445477 0.38418927574886 1.49454551528945 3.78235101695041 -0.419889786377397 3.24135130315641)
(16.0393671703761 0.604972953640664 1.12565081487987 3.43175463881959 -0.483905325083149 3.15312133781697)
(16.2773310012316 0.831409518885312 0.807197017684042 3.09331603074301 -0.542416392634123 3.08386759588606)
(16.8309577394351 1.06146014660735 0.540544093528866 2.76453742012917 -0.5923506746281 3.03273325692974)
(17.686991345115 1.29153800957082 0.319965620305931 2.44513601514795 -0.629673437102495 2.99658277804489)
(18.8222494777333 1.51568025147704 0.135099799152362 2.13706709505284 -0.651788181440781 2.96958820640269)
(20.1988999539479 1.72500906593058 -0.0253029897132045 1.8440037580988 -0.657916664801123 2.94462530073953)
(21.7679835405057 1.90806161136866 -0.171361350165676 1.57005563820478 -0.648234373849447 2.91434383272241)
(23.4506249763353 2.0519370527189 -0.310537605539418 1.31862973468599 -0.623835604788675 2.87146427123778)
(25.127650427521 2.14419083873134 -0.446765540752292 1.09202930993307 -0.586785909572635 2.81017108008767)
(26.6478830962544 2.17518089125605 -0.580372913583038 0.891579204130312 -0.53993646656871 2.72853277653855)
(27.8456858323041 2.14022782885079 -0.708692576641152 0.717615757687447 -0.486473262317435 2.62831119363682)
(28.5614539852686 2.04089172929488 -0.827068367484674 0.569455555109116 -0.429482540282455 2.5132876507986)
(28.664744410668 1.88504689185786 -0.929231433881935 0.445544352652798 -0.371667195984459 2.38752942518624)
(28.0775775392962 1.68584368899103 -1.00762820236319 0.343678156273027 -0.315271212929873 2.25404325921102)
(26.7918239811912 1.45974339926577 -1.05468982403456 0.261294112408371 -0.262066592545103 2.11424771773615)
(24.8755591383072 1.22400945755624 -1.06495359474094 0.195700843620904 -0.213391452328396 1.96829767390448)
(22.4639554026472 0.994319953812732 -1.03706666167814 0.14426490918438 -0.170164809120529 1.81591041873836)
(19.7355522874651 0.782984241095302 -0.974535777092761 0.104544717214315 -0.132878656280665 1.65719551437441)
(16.8815158151748 0.598057009652045 -0.884958518045778 0.0743556179891885 -0.101618607114494 1.4931831481316)
(14.0761227844947 0.443358639013107 -0.77813394772121 0.0517998968413324 -0.0761127315925954 1.32596808678667)
(11.4560349541191 0.319128419629569 -0.66399125557956 0.0352592449982392 -0.0558281394451917 1.15850518644411)
(9.1112248661207 0.223051570781783 -0.550963740257895 0.0233807439414212 -0.0400789504389635 0.994205836312551)
(7.08682469805903 0.151308220992559 -0.445235181371234 0.0150479627717024 -0.0281240178998689 0.836549468436494)
(5.39142492858938 0.0994889695330778 -0.350623352018689 0.00935668326135061 -0.0192454027596846 0.688705215132812)
(4.00820427725606 0.0632513474177488 -0.268944563328578 0.00558729647861225 -0.0127961659642409 0.553284176127081)
(2.90540636798776 0.038718346195045 -0.200535772402849 0.00317866913809818 -0.00822190801491721 0.432189894617526)
(2.04497328043721 0.0226686191776625 -0.144786031604871 0.00170422781808446 -0.005064551315568 0.326602552023603)
(1.38803638011008 0.0125605734753084 -0.100543128752612 0.000847634502408213 -0.00295602620394547 0.236997631529734)
(0.898486314618339 0.00647724854827587 -0.0664215326525089 0.000381980361778309 -0.00160575039952887 0.163263852054993)
(0.544386839126415 0.00302317152237317 -0.0409786262569108 0.000150122101712245 -0.000788885708714621 0.104787873362258)
(0.298584299145837 0.00121476234165025 -0.0228380080449443 4.80997349489085e-05 -0.000333159580986289 0.0606072115235907)
(0.138493335986216 0.000379557301295831 -0.0107430580139441 1.09666487817845e-05 -0.000109178069714676 0.0295146708275073)
(0.0455559990292717 7.08327265409723e-05 -0.00357772858730892 1.25098478423164e-06 -2.13133861546719e-05 0.0101513510611267)
(0.00470626708734517 2.3655432388152e-06 -0.000373595100048526 1.44838227148809e-08 -7.42674448043266e-07 0.00109205170362403)
(29.8900588234679 -0.0168828054194114 5.43405043799099 8.42903855112592 -0.0155323491584109 4.81426216415389)
(29.7552399921327 -0.10679616850863 5.41495989658512 8.32348024395586 -0.0463104861654612 4.75295660588106)
(29.4437578004866 -0.263364973118066 5.350255728593 8.13655182629424 -0.0594598629690884 4.65331037297874)
(28.9130882000962 -0.463381995599333 5.23826180927059 7.83640426020869 -0.0565426203164411 4.51063528419825)
(28.2296395132843 -0.626291219180598 5.09755809539632 7.42714329142244 -0.0458009499308574 4.35208861791099)
(27.1283026418144 -0.724422954547162 4.8641241345576 6.94965346606658 -0.0364235523138442 4.17126849192228)
(25.6197327616294 -0.742172812089354 4.51018279761935 6.44478689046483 -0.0424669636922842 3.96600268280395)
(23.878872455631 -0.683228442898455 4.07764868710972 5.93921594372726 -0.0741733207202277 3.76082353297689)
(22.1177392590558 -0.572346256081875 3.60119867460924 5.45079516282102 -0.126994605283288 3.56055102364071)
(20.5171799681664 -0.422971084518373 3.10672001134148 4.98859654830934 -0.194406248059634 3.37135849814529)
(19.1483421218583 -0.24689738148603 2.6149769216508 4.55245528662861 -0.272591766694094 3.19738521081318)
(18.0621312352473 -0.0561872182453065 2.15238225757527 4.14409425892057 -0.356683363411708 3.04899745048361)
(17.3168071108019 0.143625887558849 1.73667069839519 3.76159706846667 -0.440624825345981 2.92732737442749)
(16.9248472122207 0.351296243343846 1.36815456462843 3.39957525090994 -0.52036419971168 2.82953872001844)
(16.865419700032 0.566043516211744 1.04764269169491 3.05285676690336 -0.592659506436569 2.75443500066843)
(17.1214468551891 0.787135566556695 0.776245893182287 2.7185581406486 -0.653630075876611 2.6993571935611)
(17.6828268546746 1.01266170190572 0.548044700766079 2.39651433149493 -0.699016907803429 2.65994310179699)
(18.5293664517239 1.23718236903505 0.353019587385383 2.08896331480692 -0.726216106036546 2.63055422639227)
(19.6281197779279 1.45183115105378 0.180814777582922 1.79915838399828 -0.734594049862 2.60373782509814)
(20.9291656084834 1.64483023636441 0.0227927882749295 1.53021465090412 -0.724746788385585 2.57154929056437)
(22.3513482701121 1.80268116610403 -0.127170729834711 1.28466346477512 -0.698170781065706 2.5268726417642)
(23.7775523333957 1.91227828106183 -0.272183423413533 1.06416893363809 -0.657530292647563 2.46511085393025)
(25.0637914153982 1.96354405075573 -0.412382256770821 0.869506639785564 -0.606288569723151 2.38556908451523)
(26.0562599509062 1.95122152330366 -0.545432766005822 0.700590591691076 -0.547956532253185 2.29083084870246)
(26.6091779579659 1.87625287944 -0.667328553718359 0.556537682870009 -0.485758058037806 2.18520845435005)
(26.6071051227727 1.74558106850039 -0.772647218573896 0.435786694763343 -0.422470213046179 2.07279050120769)
(25.9840386667452 1.57134294491371 -0.854835016491542 0.336250822775354 -0.360415502727477 1.95615536622989)
(24.7364553632832 1.36888545711901 -0.907147106629536 0.255550604029796 -0.30145203707632 1.83603543407905)
(22.9289072761797 1.15446948289813 -0.924667440449319 0.191173147795695 -0.24705756252307 1.71181065879585)
(20.6843165483429 0.943076592270161 -0.906226682373513 0.140647958324934 -0.198298691630082 1.58249632217525)
(18.1628267028316 0.74666453571075 -0.855158625560381 0.101648958117301 -0.155832619052915 1.4475362788084)
(15.5353567769836 0.573342211947 -0.778606383182807 0.0720607802101828 -0.119881782778837 1.30741698861966)
(12.9569247598674 0.427245055038335 -0.685658267472872 0.0500213795488611 -0.0902762453884611 1.16370184548861)
(10.550217089952 0.309106525939826 -0.585571899140622 0.0339200176531491 -0.0665249123223574 1.01895843458085)
(8.3957315059254 0.217142802765815 -0.486095119345325 0.0224080753794084 -0.0479409098909921 0.876197472202001)
(6.5343218693818 0.148037754744568 -0.392909070895824 0.0143691755086987 -0.0337403141053848 0.73858660163428)
(4.97390815851142 0.0978230785676786 -0.309469631719819 0.00890435757347286 -0.023139765360545 0.609015031367985)
(3.69980523793466 0.0624946552685062 -0.237463184248177 0.00530017309656486 -0.0154054035346929 0.489978327654402)
(2.68285449832566 0.0384330182569203 -0.177130941313122 0.00300603496676077 -0.00990552471013301 0.383200277176042)
(1.88901137964664 0.0226048976913478 -0.127968609439416 0.00160736620160068 -0.00610225445091862 0.289898874903769)
(1.28259752189682 0.0125825476717556 -0.088933601880508 0.000797722665014958 -0.00356100976008727 0.210561687883635)
(0.830323491068302 0.00651438557072933 -0.0587947852472075 0.000358541562134834 -0.00193310585308469 0.145150966644288)
(0.50321028384848 0.00305280069586366 -0.0363094251351626 0.000140646400760201 -0.000948851846594824 0.0932265285029303)
(0.276036370268648 0.0012309184182825 -0.0202551393995856 4.49628310106756e-05 -0.000400161204159739 0.0539479899597641)
(0.128019075079574 0.000385743602929705 -0.00953367282830575 1.02232297644035e-05 -0.000130958771421815 0.026274548835696)
(0.042115104731067 7.22077879457444e-05 -0.00317769615937003 1.16399971802582e-06 -2.55315752819904e-05 0.00903888951694998)
(0.00435200391430805 2.39912834143688e-06 -0.00033220026607717 1.29535406378809e-08 -8.81878697851591e-07 0.000972910839697899)
(32.9770159466727 -0.0105086804211466 5.47210467813787 8.40263397950769 -0.0161890604537997 4.52380950371523)
(32.8488100201188 -0.0921839522235321 5.45855572817205 8.30321942133099 -0.0516967228857552 4.46484003980769)
(32.5884656108991 -0.264832612041889 5.40351564829047 8.12409972050649 -0.0660473553322876 4.36138688131231)
(32.0746997225368 -0.5063056205355 5.29939844783771 7.83322972074019 -0.0574555264836279 4.21900815460098)
(31.3986281118755 -0.713145032550785 5.16754403692646 7.43304254691237 -0.0422501450282044 4.05782927528871)
(30.243802278494 -0.836661582557205 4.95992321321486 6.96220480500385 -0.0247944398383872 3.87537590294142)
(28.619732227614 -0.875123906274733 4.62769494248987 6.4616171136833 -0.0252034921803999 3.67223313180921)
(26.7096867830997 -0.82999288689371 4.22115492563062 5.96070392846774 -0.0532095061963872 3.46860282373984)
(24.7237169802884 -0.725838662351375 3.76787641092173 5.47178887088468 -0.103962297261548 3.26709889631129)
(22.8647291331202 -0.581963100028051 3.29530477373801 5.00372465952202 -0.173140573910745 3.07480203726267)
(21.2063855970405 -0.41615586978578 2.82044648704204 4.55950337273665 -0.259414534184607 2.89703741650803)
(19.8289828241487 -0.237637042888841 2.37272654546554 4.14214998182996 -0.35589205626376 2.7426167768377)
(18.8060512362706 -0.0524156697067794 1.96833354160611 3.75050371021291 -0.453491339519546 2.61472525658793)
(18.1328179233951 0.140390603969896 1.60710103424095 3.3800931534634 -0.546164436933079 2.51243892435567)
(17.7813627731697 0.341007591397073 1.29022358590385 3.02637956490419 -0.629237803725295 2.43513703374621)
(17.7404774611976 0.550628689916016 1.01735426043979 2.68705223653116 -0.698226016300817 2.37902018483558)
(18.0035279104716 0.768957975628416 0.782615817235361 2.3626528507073 -0.749146772906106 2.33884367721236)
(18.5539531921023 0.990825363881425 0.577564561836507 2.05545776610828 -0.779457276621787 2.30877074770892)
(19.3624115699928 1.20677952975821 0.393467214871993 1.7681753880064 -0.78855768461503 2.28117150343097)
(20.3752432615117 1.40438276851889 0.223291396005942 1.5032575727267 -0.777388157228662 2.2480401475847)
(21.5088520058374 1.56971574965985 0.0623802820766929 1.26253407878372 -0.748198400742641 2.2027863494931)
(22.649333213325 1.68981947218619 -0.0915333846691017 1.04703895565537 -0.704292261781031 2.14194212965677)
(23.6606897410701 1.75480938377689 -0.238177975550507 0.856994457303679 -0.649501608624405 2.06571731467455)
(24.4010224150341 1.75948919694134 -0.375250788026465 0.691938721260453 -0.587560218155223 1.97724102858829)
(24.7412370542447 1.70434267567543 -0.499206447372703 0.550836346254434 -0.5217845576804 1.88100475141879)
(24.5843334044265 1.59568000019588 -0.60543894633827 0.432135248046009 -0.454988769023384 1.78093871917674)
(23.8785771455657 1.44461497024085 -0.688332535131859 0.333901028129631 -0.389432771471098 1.67921253414963)
(22.6299240499438 1.26529973833362 -0.742289436778017 0.253933839843517 -0.326974576368663 1.57605409892652)
(20.9013879325059 1.0727222090539 -0.76350510447561 0.189930484925569 -0.269103054164264 1.47037244209724)
(18.8047889042414 0.880850995933472 -0.75167533706544 0.139587636610943 -0.216956631862423 1.36075577593601)
(16.4824739939874 0.701057317697165 -0.710525954775661 0.100690674101844 -0.171273920988894 1.24634000080288)
(14.0827713347494 0.541174342824838 -0.646861090233316 0.0711957257012554 -0.132356317377837 1.12724887703228)
(11.7399471746751 0.405439579661572 -0.569016574374992 0.0492635830188691 -0.100097232327539 1.00473022647122)
(9.55894299893467 0.2949193681778 -0.485139309979552 0.0332897181461915 -0.0740539356879181 0.88091498496286)
(7.60891888970586 0.20830072264671 -0.401974483042204 0.0219112418349826 -0.0535538386375676 0.758440152003359)
(5.92444811076623 0.142770639110654 -0.32432539940829 0.0139982780306135 -0.037803381434229 0.640073939251146)
(4.51190614754273 0.0948318282198212 -0.255060347554376 0.00864171750236811 -0.0259863881331327 0.52839181005053)
(3.35780110394353 0.0608931019448404 -0.195475348352525 0.00512585036258538 -0.0173331517174278 0.425565203860244)
(2.4361175454457 0.0376380823201265 -0.145691958304958 0.00289847874981534 -0.0111604566366747 0.333166111911678)
(1.71590121753483 0.0222418971399301 -0.105194125274273 0.00154530163704792 -0.00688228606706015 0.252264676986931)
(1.16537339601319 0.0124318648889674 -0.0730915269148038 0.000764445232401262 -0.00401719966687534 0.183377088985099)
(0.754785214611125 0.00646432661086619 -0.0483385629304581 0.000342825968550316 -0.00218089244507027 0.126525492722156)
(0.457568709036144 0.00304196860821906 -0.0298583129326249 0.000134233188301656 -0.00107080104298771 0.0813139179998371)
(0.25108432904479 0.00123140925384386 -0.0166642923849999 4.28518465296598e-05 -0.000451626129371881 0.0470824925051127)
(0.116470594696235 0.000387001846066204 -0.00784742267114238 9.71784765950915e-06 -0.00014765187678612 0.0229419803674165)
(0.0384064401289952 7.30568215556159e-05 -0.00262259758195726 1.11468114160217e-06 -2.89201429103839e-05 0.00791072193634696)
(0.00392435248106933 2.377962704893e-06 -0.000271227014325353 1.20448571643663e-08 -9.75377729022454e-07 0.000842283727289577)
(36.2162512309352 0.000506637170546822 5.46435634462351 8.33099170488054 -0.0174663830580398 4.18069227547172)
(36.1075219967148 -0.0597157109096354 5.45530574193194 8.23928945716025 -0.0559908190160466 4.1265708888886)
(35.8650136785533 -0.244472886337023 5.40493398578983 8.06055635310772 -0.0704491792734575 4.01945275112368)
(35.3840768520913 -0.524081357578687 5.30860030286484 7.78026637969512 -0.0593669454761937 3.880291495166)
(34.6915515148956 -0.776869430296078 5.17921030199292 7.39207445736879 -0.0401886776882041 3.71949803892847)
(33.4814515437337 -0.92895960711596 4.99493481795574 6.93166229618695 -0.0156496603350414 3.53936092287376)
(31.7589922819108 -0.985070994426209 4.68798322327212 6.44298405734898 -0.0118340659175452 3.34396900891708)
(29.6959211228818 -0.953245225824619 4.31127304653379 5.95216796947944 -0.0360797150341666 3.14672481846915)
(27.5128613045174 -0.853945139176605 3.88546235022575 5.46878748749306 -0.0821605709021728 2.94974186768139)
(25.4113019407614 -0.711845612738247 3.44300313060865 5.00271896973581 -0.151589804521384 2.76161841857506)
(23.4821488819426 -0.553505557176082 2.99361747671194 4.55859856707235 -0.243741740149583 2.58787423505237)
(21.8411386672961 -0.38760553213412 2.56951337183279 4.13807973510273 -0.34932206783115 2.43415701403161)
(20.5701906584967 -0.217179649531407 2.18449185924189 3.7407822172579 -0.456939217419625 2.30603725154234)
(19.6300326458016 -0.0396966308627942 1.83649849610182 3.36411290556265 -0.559038721475838 2.20385708566271)
(18.9917197194409 0.147169607799232 1.5274697036168 3.00467470981609 -0.64948539298524 2.12772898088258)
(18.656217009386 0.346141941813623 1.25555127750639 2.66126085502502 -0.723652906225896 2.07341718517202)
(18.6200609211548 0.55691279532023 1.01560333392191 2.33509626990515 -0.777801934913872 2.03491364783446)
(18.8700628665648 0.773933546389383 0.801532299708493 2.0282575574685 -0.809381011138261 2.00585260992228)
(19.3758066145369 0.987365736445084 0.606397371935917 1.74303928461366 -0.817947742981462 1.97874813867468)
(20.0802628527107 1.18437937409559 0.42485975399539 1.48145875712845 -0.804975213358647 1.94599897463542)
(20.898501286327 1.35126981117954 0.253364345344096 1.24478195484507 -0.773321629504091 1.90172303372341)
(21.7189788340497 1.4756109766255 0.0904199559579052 1.03347743093846 -0.726818060695083 1.84335718993648)
(22.4144021745619 1.54799398333074 -0.063030441568105 0.84732274647369 -0.669544889190041 1.77179066835657)
(22.8586209626939 1.56374049554191 -0.204448502685004 0.685550329056432 -0.60543973598983 1.69054038382972)
(22.9421941820896 1.52344300420928 -0.330474022364741 0.546968431527051 -0.537843479568945 1.6040304961014)
(22.5885356532931 1.43310253356225 -0.436984815327065 0.430009802091538 -0.469494013413202 1.51584689836707)
(21.7644863232257 1.30279394027876 -0.519234242200809 0.332825174645206 -0.402530963175358 1.42763010867461)
(20.4850528603051 1.14545978587111 -0.572939157126245 0.253391601425339 -0.338709495991976 1.33925720144359)
(18.8133146244266 0.974784815333833 -0.595849690927008 0.189586486743736 -0.279471438783913 1.24940165234723)
(16.8504189995485 0.803511838809889 -0.588937767325035 0.139264627335471 -0.225949066623376 1.15650319188382)
(14.7201845742074 0.642114147421715 -0.556529017286968 0.100326467279331 -0.178902835381875 1.05962814546475)
(12.5472945110731 0.497782005335687 -0.505195857034014 0.0707962679744124 -0.138673017856476 0.958705727124435)
(10.4447984755986 0.374635459770635 -0.442528897230273 0.0488594286772728 -0.105193219320404 0.854849320663747)
(8.49770500858924 0.273795581382339 -0.375452251599947 0.0329161816186102 -0.078055088207101 0.74979812648435)
(6.76236497556072 0.194314939630205 -0.309545157497477 0.0215932106590808 -0.0566057768122384 0.645837539201837)
(5.26571419923825 0.133835947353956 -0.248573212929359 0.0137486676363058 -0.040061902296037 0.545307999729191)
(4.01132064085755 0.0893256603389594 -0.194660457946205 0.0084589740300428 -0.0276033225086297 0.450398618721669)
(2.98639273283253 0.0576261099026735 -0.148658954251491 0.00500070998587934 -0.0184492387998756 0.362961322298013)
(2.16763521801173 0.0357784787317539 -0.110495936756377 0.00281869409537865 -0.011898506915271 0.284343330228343)
(1.52726695088936 0.0212291367234449 -0.0795931873533751 0.00149809837812211 -0.00734704546505912 0.215413221681061)
(1.03775707995489 0.0119162314172933 -0.0552191939253141 0.000739439213772762 -0.00429405072064926 0.156687640259351)
(0.672356711429204 0.00621852656595823 -0.0364792802713033 0.000330725092525458 -0.00233296973711216 0.108169523721757)
(0.407831225135182 0.0029375966270405 -0.022524162656591 0.000129316865742337 -0.00114642910591701 0.0695653124198451)
(0.224009114399901 0.00119484261330858 -0.0125741207350184 4.13179702546254e-05 -0.000484408056506215 0.0403181285491618)
(0.103859719831756 0.000375550181961352 -0.00591610168498082 9.30796308957485e-06 -0.000157991482688898 0.0196423273378783)
(0.0342569697492549 7.11714015701317e-05 -0.00197742921981642 1.07186281213706e-06 -3.09755725000047e-05 0.00677426967707041)
(0.00351838999762964 2.36252823474395e-06 -0.000205410493414039 1.21616706165821e-08 -1.06291651281794e-06 0.000724750273137065)
(39.5349971133423 0.0183156291730523 5.40863192180209 8.21529623122033 -0.0186682327954843 3.80007015437182)
(39.4453538778072 -0.0124653388160081 5.40417721536963 8.12907565836011 -0.0586168841430958 3.75185215257833)
(39.1883732247461 -0.203743008561673 5.35309935914183 7.95134087314278 -0.0717336900131694 3.64363112360497)
(38.7349391594213 -0.512502458205175 5.26278218467925 7.68058571294075 -0.0617288678284592 3.50949690469487)
(38.0022586374018 -0.808101301432419 5.13353573286894 7.30536199899432 -0.0378150338199164 3.35203488527669)
(36.7423105552946 -0.994967156125544 4.96599792335849 6.85962787207621 -0.00874802446883218 3.17807549502214)
(34.9526601857402 -1.07127011926843 4.6874422828761 6.38961906471404 -0.00115749802478942 2.99468276353954)
(32.7636393586122 -1.05556374353956 4.34304228521564 5.91296235464073 -0.0208080583242699 2.80739313639992)
(30.416035437597 -0.962360575760812 3.94925960173329 5.44030292507171 -0.0618094105857112 2.61935268313609)
(28.0963053844079 -0.822433986163983 3.54285730619607 4.9830494835579 -0.130439327686935 2.44122768383224)
(25.9257269177717 -0.671989166316256 3.12826469623476 4.5442892518871 -0.225662679567811 2.27682066897957)
(24.050626943476 -0.520089274848169 2.73515429928707 4.12428019727861 -0.336445679176261 2.12901184172613)
(22.5527165136021 -0.363981074722823 2.37556982542835 3.72383906440731 -0.450253077102124 2.00574671967943)
(21.3623072821353 -0.199793283108961 2.04577112625969 3.3427209333951 -0.558218218504193 1.90754227825005)
(20.4470821305525 -0.0234523417142702 1.74742796977032 2.97909283733034 -0.652892018967781 1.83547811675849)
(19.8205743360737 0.167694470343193 1.47879176911243 2.6329350967703 -0.729668577990343 1.78548695106631)
(19.4859084021989 0.371593674360288 1.23630432405593 2.30571942030142 -0.784847182943986 1.75056310316563)
(19.4306404049944 0.58209103218514 1.0155259714787 1.99945154875854 -0.816019838584265 1.72394049275741)
(19.6215894385029 0.789412845804837 0.811346276515692 1.71626043032931 -0.823243195317165 1.69861908839539)
(19.9973754917212 0.981119495039544 0.619854611049634 1.45774196679743 -0.808387122368426 1.66757814272051)
(20.4711183739064 1.14423588377251 0.43844849020716 1.22473574909981 -0.774821619346245 1.62572189367792)
(20.9362005425597 1.26714694084657 0.266535773058009 1.01730679550088 -0.726719760181539 1.57126836385365)
(21.2781245074204 1.34145089550242 0.105770347305652 0.834897614331779 -0.668428310674166 1.50566526927857)
(21.389953039882 1.36317055327999 -0.0408349854175337 0.676468863748293 -0.603864235229844 1.43254701036293)
(21.1858972665298 1.33344134513822 -0.169700957948798 0.540622523188543 -0.536316949134167 1.35605070118553)
(20.6105593985783 1.25790195193613 -0.276874916004917 0.425717181910977 -0.468295959774389 1.27921807497866)
(19.6478208969874 1.14603014076336 -0.358431410849961 0.329949157731359 -0.401794689357056 1.20329271985035)
(18.3227223624548 1.0094703484019 -0.411526108693963 0.25141188684368 -0.338437884142651 1.12780875070001)
(16.6967894264021 0.860613861892695 -0.435579846544416 0.188141978380159 -0.279597651719981 1.05143693944461)
(14.860617637189 0.710852216762473 -0.432941357833152 0.138128760522251 -0.226376267419788 0.972703905518122)
(12.9172608901875 0.569345303297897 -0.408495200321737 0.0993923811605144 -0.179517149258695 0.890696741124556)
(10.9705251739606 0.442588680804478 -0.368767897746149 0.0700127992423973 -0.139381890009319 0.805449898528284)
(9.10870400152805 0.334102800504081 -0.320451643320341 0.0482069641228273 -0.105918534622505 0.717816520452647)
(7.39856169601673 0.245002129823228 -0.269409294647986 0.0323914808525317 -0.0787371872928214 0.629340855619798)
(5.88218535459868 0.174516975139216 -0.220026334304658 0.0211919257484328 -0.0572085439751784 0.541900517096032)
(4.57845318471607 0.120645515366143 -0.175075655149298 0.0134506789437478 -0.0405591991727973 0.457474311395763)
(3.48764858615765 0.0808331428234798 -0.135954868246173 0.00825221331306829 -0.0279949953527629 0.377829242310847)
(2.59721147706558 0.0523496911215609 -0.103082835685273 0.00486457134963512 -0.018740993055515 0.304521017020043)
(1.88569809616843 0.0326243052994519 -0.076130618680299 0.00273550428238945 -0.0121061667317469 0.238578834447198)
(1.32923559035919 0.0194227084809526 -0.0545737519523339 0.00144966466873208 -0.00748286872394713 0.180806541071458)
(0.903606272355411 0.0109378897682823 -0.0377104886841092 0.00071391342963049 -0.00437814868570685 0.13155143238365)
(0.585764801069713 0.00572716934772491 -0.0248343993877487 0.000318853269766914 -0.00238170007094453 0.0908439910386154)
(0.355423069449459 0.00271060535723381 -0.0153012541551008 0.000124217550761907 -0.00117015214349611 0.0584401229933417)
(0.195262530997163 0.00110389345977441 -0.00852782132756543 3.95238687561219e-05 -0.000494066032979845 0.0338746189658623)
(0.09057724996091 0.000348006642388223 -0.0040021240056449 8.90556570436727e-06 -0.00016140632020494 0.0165035914956684)
(0.0299091008441749 6.60892620955168e-05 -0.00133624839369232 1.02027645850722e-06 -3.1673018604931e-05 0.00569594975075541)
(0.00306538571554802 2.16993476099158e-06 -0.000138841401562641 1.11487376916169e-08 -1.07211951535724e-06 0.000608249803416729)
(42.8296754441954 0.0398439234007578 5.30450641945693 8.05138690517431 -0.0194408668552223 3.39787773781906)
(42.7419487521697 0.0434107840655619 5.30381537429628 7.96771540560273 -0.0592010794517852 3.35537303915673)
(42.4435983012273 -0.142590808386362 5.24734279425104 7.79438236837938 -0.0704945192191664 3.24971011744854)
(41.99235667271 -0.468746576172243 5.15995792951596 7.53177208855701 -0.0629881523470818 3.12167042788955)
(41.1989615892451 -0.801178176615138 5.03064509918894 7.1702924806173 -0.0346339604068516 2.97061674908654)
(39.9039607264548 -1.02565339680713 4.87315518010832 6.74535464667072 -0.00374002298874872 2.80642059599225)
(38.0814110346554 -1.13005381220743 4.62401053902572 6.29874749937029 0.00760142902964309 2.63779748341395)
(35.8021031253305 -1.13628662219578 4.31279146989285 5.84108643222866 -0.0065103880720344 2.46343259259951)
(33.3265614387514 -1.05314676539368 3.95403981354939 5.38453626365378 -0.0431014610033359 2.28782580271786)
(30.827429076137 -0.920804352948787 3.58857248114813 4.94123727265218 -0.109955390157516 2.12360278073952)
(28.4571182784546 -0.781514775622953 3.21597155441809 4.51159985956913 -0.205362997119988 1.97188522954049)
(26.3812844043003 -0.643948170949462 2.85919548986652 4.09497128361919 -0.317478691257556 1.8338841934922)
(24.6775522408446 -0.500457646079317 2.52896837887796 3.69360494827173 -0.433842696251524 1.7192527506138)
(23.2531077342428 -0.345780201445033 2.22097555699552 3.30960558211158 -0.544196284913824 1.62794917775364)
(22.0745189732605 -0.176129637970724 1.93602603588544 2.94310436236558 -0.640288856847331 1.56221075742033)
(21.165437464907 0.0090902065121575 1.67393088441099 2.59520875288017 -0.717361893478565 1.51826316062194)
(20.534052401043 0.206182424886058 1.43259670317543 2.26762078122616 -0.771713195888835 1.48814840363228)
(20.1684751722592 0.408609027446104 1.20852537680232 1.96243191096426 -0.801376267018387 1.46505390597504)
(20.0299073720111 0.606900643558546 0.998098068796483 1.68167001523785 -0.806836563022639 1.44256416039408)
(20.0545089526242 0.789550885275542 0.798525601470532 1.42656504100562 -0.79036957194977 1.41433167089795)
(20.1560261428526 0.944733375401686 0.60819740454718 1.19759248460119 -0.755713676506009 1.37608587984625)
(20.2367256915686 1.06213636366822 0.427543021789347 0.994483407500249 -0.707330187693652 1.32674526782169)
(20.1992306589604 1.13450703235438 0.259126211121153 0.816353680462964 -0.64961214296004 1.26808753336144)
(19.9588989313686 1.1587819753974 0.106702118906282 0.661862624270961 -0.58635335475863 1.20363592700095)
(19.4535528211935 1.13654422165904 -0.0256854424368952 0.529392770867413 -0.52056924968163 1.13706331959253)
(18.6500127701779 1.07337258725621 -0.134138861838657 0.417195954511301 -0.454518907536754 1.07085022713719)
(17.5466832939663 0.978173337486018 -0.215525128707314 0.323506619094612 -0.390024113746935 1.00589585882625)
(16.1763301735171 0.861497368552315 -0.268418700596996 0.246506202426099 -0.328590798121526 0.941589927297239)
(14.5973769496145 0.734312089093526 -0.293828980664375 0.184362804887846 -0.271533117863223 0.876699200521665)
(12.8869605180146 0.606488876028916 -0.295298085400681 0.135199174950592 -0.219911720581952 0.809967770945662)
(11.1295317068561 0.485901537829932 -0.27829154281114 0.0971150980458174 -0.174464717267283 0.740669511315811)
(9.4052805446738 0.377981986317481 -0.24910293178438 0.0682558296567989 -0.135535495364584 0.668879364906766)
(7.78108321719757 0.285699655021162 -0.213732257234117 0.0468846682411449 -0.103073187156965 0.595391104207148)
(6.30397628147672 0.209825177580975 -0.176939232615595 0.0314175234305409 -0.0766874046377781 0.521417333905888)
(5.00388610375718 0.14974905167699 -0.142148214983629 0.0204945174263296 -0.0557713818067369 0.448573797127606)
(3.89122782858287 0.103758462303685 -0.11124842758606 0.0129746285084878 -0.0395830139211278 0.378404871849802)
(2.96307673170045 0.0696871465768119 -0.0850403238249274 0.00793817274729273 -0.0273483651990966 0.31237062353399)
(2.20664698001026 0.0452492843690085 -0.0635644347531173 0.00466812583542509 -0.0183273290057379 0.251677898379592)
(1.60263246053302 0.0282669218280709 -0.0463683533349284 0.00261751718213452 -0.0118467687062455 0.19716187665671)
(1.13019311318218 0.0168707161464862 -0.0328799422245024 0.00138459576131683 -0.00732924289811364 0.149398389886319)
(0.768725679437896 0.00952104900892988 -0.0225228900763081 0.000680297288273845 -0.00429034241128746 0.10870325068114)
(0.498622775758869 0.00499431558258021 -0.0147288362555239 0.000303117632932006 -0.00233441253000512 0.0750709687175608)
(0.302752506243976 0.00236813943083948 -0.00902358624140592 0.000117886847454459 -0.00114737033407379 0.0482963293285922)
(0.166434663318704 0.000966080934597911 -0.00500429115172843 3.74697296136998e-05 -0.000484693111401078 0.0279942758169332)
(0.0774432086017823 0.000306885183277961 -0.00234788169008934 8.52507806388947e-06 -0.000159172998721402 0.0136681701306824)
(0.0255565637796608 5.80258780135591e-05 -0.000781353433986062 9.64104534802476e-07 -3.10702878071915e-05 0.00471375672407589)
(0.00257253074651521 1.84159848684316e-06 -7.89157052957159e-05 1.00235814980746e-08 -1.01651075314613e-06 0.000493891684917073)
(45.9639502630378 0.0616976220549846 5.15188712254928 7.83374217650215 -0.0197438018696839 2.98889614819137)
(45.8568711267526 0.102848878681326 5.15296279344906 7.75150230681921 -0.0578076923749331 2.95168851372976)
(45.4872772830149 -0.0650417373544432 5.08768471774968 7.58301479635673 -0.0681922958233549 2.85182142625908)
(45.0042062296802 -0.397873049446045 4.99966120884654 7.32989149191744 -0.0622782769236043 2.73114350804773)
(44.1260844817445 -0.757848484266352 4.86973458138455 6.98365563334923 -0.0312325214761936 2.58973433346613)
(42.8061755028739 -1.01815055267005 4.71879175677678 6.58454905492703 -0.00024519693931496 2.43808990319978)
(40.9793295452229 -1.15878131069361 4.49762439091965 6.16580210831632 0.0146170650817346 2.28587179681996)
(38.657761124056 -1.19269216671486 4.21801247066917 5.7327097723081 0.0068177270747996 2.1266723169263)
(36.0983215534744 -1.12621316351393 3.89543716475173 5.29783578038391 -0.0261090706403259 1.96620300393972)
(33.4754592550584 -1.00979260196165 3.57422834574283 4.87267971011174 -0.0904652985230371 1.81804976713087)
(30.9594122967581 -0.885928777005827 3.24745611828024 4.45539694705206 -0.183317206471808 1.6809135648947)
(28.726573914507 -0.762016497015491 2.93004577378366 4.04485034052163 -0.293367308556506 1.55542987168468)
(26.84245613944 -0.628971060754616 2.6315749910765 3.64483601876297 -0.408785485497571 1.45174716820192)
(25.2035932598937 -0.480500254611312 2.34788771364855 3.25967531305572 -0.518237605683199 1.36927374863203)
(23.7794584850525 -0.315314133559482 2.07981271298536 2.8918590807966 -0.61334540733125 1.31134679842111)
(22.5999839822382 -0.135697123175115 1.8284746889738 2.54352558905431 -0.688856320718406 1.27425991681783)
(21.6753168104649 0.0539142582483384 1.59243176313673 2.21670406315329 -0.741080235757146 1.2495498360728)
(20.9932596235501 0.246860104720752 1.36893895961204 1.91358074851165 -0.768606640873735 1.23067587797249)
(20.5125585073541 0.434238363515748 1.15545676051964 1.63605733384496 -0.772314811255674 1.21169987275496)
(20.1668548142821 0.605712667304985 0.950069125922412 1.38520418096237 -0.754844938345062 1.18702007034954)
(19.8754487070857 0.750865265266633 0.752199228666919 1.16120033902985 -0.720183736299974 1.15321926142724)
(19.5551259924188 0.860758777594925 0.563575249087407 0.963391255863203 -0.67290249615221 1.10977415686538)
(19.1286022818711 0.929297730132724 0.387930078999813 0.790496445506752 -0.61727132055855 1.05857061235121)
(18.5354180051703 0.954362167109947 0.229916496885132 0.640825637616782 -0.556796244632067 1.00280479958099)
(17.7362278846762 0.937964613869958 0.0940616526868465 0.512537946837672 -0.494127345228537 0.945615649221601)
(16.7167451431 0.885811171617214 -0.0158147529788903 0.403821698701827 -0.431298588588737 0.889043851700041)
(15.489220984759 0.806210833619785 -0.0973672070507892 0.312930994105232 -0.369960696209934 0.833675140562378)
(14.0883803884509 0.708654736204201 -0.150470425004296 0.238167910604156 -0.311535204511249 0.778969739195054)
(12.5671742104679 0.602735154899063 -0.17750589675646 0.177821848252643 -0.257303645918286 0.72390082401722)
(10.9882541261932 0.496753938374876 -0.183004886341005 0.130108261386928 -0.208285237146453 0.667447268640961)
(9.41617957359538 0.397258406869553 -0.172787090205402 0.093205975252848 -0.165186295981118 0.60911265401664)
(7.90916558108602 0.308605444370968 -0.152887927782187 0.0653181536449043 -0.128314705174919 0.549021474939215)
(6.51284219277344 0.233007200646321 -0.1285421891334 0.0447255094484024 -0.097591450931315 0.487806129001064)
(5.25947271894011 0.171068897905147 -0.103714756505809 0.0298750567140032 -0.0726363918154822 0.426558295411455)
(4.16562444315421 0.122094769437685 -0.0809173004471193 0.0194275229341968 -0.0528538038455578 0.366491240325839)
(3.2354597182906 0.0846520431947311 -0.0614114702816636 0.0122631901007777 -0.0375387510616727 0.30886566281701)
(2.4618014484854 0.0568815921992186 -0.0454730323597037 0.0074799299408061 -0.0259505850907464 0.2547384631964)
(1.83298976751308 0.0369662007307009 -0.0329749366954218 0.00438688804782318 -0.0174016432262021 0.205107261794783)
(1.33169037505788 0.0231209050202282 -0.0233991255159695 0.00245443625286967 -0.0112561958433551 0.160614232096292)
(0.939637948875992 0.0138135677206272 -0.0161858350444589 0.0012952095236139 -0.00696654687199841 0.121674126650321)
(0.639574301420984 0.00780356621169328 -0.0108521436400167 0.000635118790282768 -0.00407944212136782 0.0885137874320358)
(0.415249694738328 0.00409774679978436 -0.00697341239326585 0.000282459254371774 -0.00222009510743267 0.061128255931145)
(0.252383548387303 0.00194513499315056 -0.00420812775660662 0.000109751465052567 -0.00109165071910866 0.0393244969976725)
(0.138851688143322 0.000793480276935676 -0.00230406704630698 3.47912454804111e-05 -0.000460858767673018 0.0227899477894844)
(0.0645480048053611 0.000250721568671676 -0.00106632551787245 7.82534338814623e-06 -0.000150565378731532 0.0111090747551303)
(0.0213389338912274 4.76902239261403e-05 -0.000350938822378102 8.98215497395887e-07 -2.95548940023172e-05 0.00383197678331447)
(0.0021450982077366 1.49544073737779e-06 -3.54157137160859e-05 9.12003518510551e-09 -9.54761492189768e-07 0.000400806438324833)
(48.7811108431818 0.0823989425453433 4.95121397624357 7.56020839422446 -0.019775626985162 2.58644217827164)
(48.6332921353334 0.162184229138544 4.95097486079011 7.47906547136229 -0.0549934545646374 2.55401095343045)
(48.1625487994802 0.0201809639257671 4.87520311272971 7.31469017207732 -0.0657224781970878 2.46243416516006)
(47.6072574236951 -0.309636863729986 4.78314703548813 7.07135548059727 -0.0597202209316813 2.35054269916132)
(46.6160926752618 -0.685767713189714 4.65149436872611 6.74306872801063 -0.0283116350062059 2.22182307011036)
(45.2669678234152 -0.975801283621037 4.50582571080203 6.37254348164878 0.00176944995478329 2.08459693709025)
(43.4562383587691 -1.15530121776798 4.30963598395627 5.98536995685615 0.0197185588408932 1.94939433203804)
(41.1472543741318 -1.22152619633861 4.0586957898089 5.58294904582477 0.0183811226784877 1.80694353769526)
(38.558132631063 -1.18072493969509 3.77166046983009 5.17587422363058 -0.011192947382069 1.66348783762036)
(35.8833295258447 -1.08932121341965 3.49523241552013 4.7727854613126 -0.0723704187693718 1.53229081480746)
(33.2866235585853 -0.984777815872726 3.21441439327244 4.37062315185971 -0.160266007465807 1.41045792608387)
(30.9485918407114 -0.874349060007412 2.93743327807725 3.96918076581021 -0.265448659590835 1.29912960814647)
(28.9173889898193 -0.750323188671632 2.6721033744562 3.57331869715749 -0.376626691714057 1.20745587648344)
(27.0902183946987 -0.606584322424104 2.41503582208302 3.18962728702307 -0.48244726199487 1.13488930906483)
(25.4427373802801 -0.445506338459401 2.1677659692214 2.82286553620776 -0.574638191232284 1.08543531915555)
(24.0082224146 -0.27166454025957 1.93153774163311 2.47600671480808 -0.647183750616927 1.05522256677174)
(22.7977307171667 -0.0900384915834807 1.70506799221641 2.15155632828198 -0.696435725799129 1.03594281078015)
(21.79843785618 0.092766242958073 1.48621329125099 1.85196187445467 -0.72157187231592 1.02149252741368)
(20.9674683816946 0.26871618749812 1.27303095562167 1.57904402194442 -0.723840858915031 1.00632746498474)
(20.2427492941831 0.428823216759932 1.06444442117545 1.33371623617058 -0.706167599910529 0.98556703668641)
(19.5533723472048 0.563888810324044 0.861153541242232 1.1158962195605 -0.67264061949884 0.956592038280863)
(18.8330908649098 0.666106362561777 0.66634839488353 0.924528177709712 -0.627713326114012 0.919301012654657)
(18.0285574006886 0.730566206264168 0.485079548186565 0.75786037013946 -0.575373254913177 0.875484348442398)
(17.1019130030347 0.756029695577291 0.322835009517862 0.613859115140157 -0.518727330331525 0.827934569320116)
(16.0362358459702 0.74508079812191 0.184603794162314 0.49049014563008 -0.460105584916523 0.779276130344046)
(14.8325780628811 0.703419815268936 0.0740236412291688 0.385930657547236 -0.401335551982197 0.73119849909579)
(13.5109124382307 0.638743835265232 -0.00736529834748897 0.298512742576931 -0.343945913901673 0.684167424009052)
(12.1054533142504 0.559566196864514 -0.0606088096834691 0.226653409475362 -0.289326972559325 0.637765302339103)
(10.6595596607091 0.474033460634363 -0.0892006564006528 0.168733539919664 -0.238703105645697 0.591176747593702)
(9.21995738456309 0.38908426619419 -0.0983736152517986 0.123054628252495 -0.19304970759851 0.543674409822858)
(7.83152272039187 0.309930408634721 -0.094077838141571 0.0878456667464002 -0.153002683743129 0.494913808340156)
(6.53237765583438 0.239895246648801 -0.0819575841033617 0.0613381858231248 -0.118811192241785 0.445030128500469)
(5.35089219011605 0.180584774357057 -0.0665944083894592 0.0418486441138481 -0.0903676281791871 0.394578454342536)
(4.30440013700559 0.132240878885828 -0.0511703999580659 0.0278551891447617 -0.0672814065996523 0.344387755635854)
(3.40012812530169 0.0941891893512277 -0.0375408064246867 0.01805043877359 -0.0489824522645539 0.295425402773539)
(2.63656905672806 0.0652054351744615 -0.0265085812377488 0.011356702358625 -0.0348124235503928 0.248650671169797)
(2.00480664649431 0.0437792705792922 -0.0181040355279879 0.00690675505077564 -0.0240853254705107 0.204888266576477)
(1.49268384928184 0.0284375282786006 -0.0120341501012302 0.00403970131960266 -0.0161633414211681 0.16485528590121)
(1.08464182453752 0.0177710853624084 -0.00778647405811651 0.00225376383381328 -0.0104602831088492 0.129001794810012)
(0.766031689322667 0.010617530732749 -0.0049202972737961 0.00118667027252924 -0.00647785739070994 0.0977011027392801)
(0.521900074833252 0.00599530520280892 -0.00301836117535072 0.000580534744527285 -0.0037943234505804 0.071051040697028)
(0.339187676913677 0.00314614263729832 -0.00178247074880172 0.000257664116250713 -0.00206528110090236 0.0490496494672617)
(0.206412828468066 0.00149247462844475 -0.00099709791251081 9.98831882125018e-05 -0.00101532964900928 0.0315498395804072)
(0.113700595962042 0.000608387428357366 -0.000507514641304123 3.16220850579659e-05 -0.000428677455679881 0.0182794119233378)
(0.0530252757887351 0.000193044719198807 -0.000221726171154082 7.15756219244563e-06 -0.000140572950565882 0.00892393689391005)
(0.0175418331168952 3.65596601902844e-05 -6.85010174742921e-05 8.12571339338203e-07 -2.74864194842413e-05 0.00307690927623001)
(0.00181833880647055 1.2257053762169e-06 -6.71758096851873e-06 9.17955967239723e-09 -9.50136766520643e-07 0.000331112813674553)
(51.1153231786722 0.100541785157466 4.70313630361209 7.23354346140315 -0.0197747126012794 2.20183567901409)
(50.9084973714392 0.216775262245991 4.69835732396726 7.15275503917759 -0.0514390141786896 2.17360166296602)
(50.311041705166 0.103968586595609 4.61249324644514 6.99277473954783 -0.0629858012494196 2.09221193420191)
(49.6349665796695 -0.213517741671942 4.51356719228882 6.75672070995076 -0.0559641840967384 1.99033769737841)
(48.5049074609113 -0.594287643148875 4.37941927441137 6.44902921611583 -0.026235433805146 1.87640281288488)
(47.1095551752546 -0.905165769603483 4.23835090776567 6.10795401383913 0.00229033927858554 1.75479555478808)
(45.3259467216781 -1.11917326919394 4.0636623214463 5.75416760965102 0.0227813087168652 1.63640975435644)
(43.0765576209081 -1.21943619966003 3.83809926659068 5.38774341368554 0.0270240074030094 1.51163345817517)
(40.5177538059759 -1.21343460583002 3.58428135814017 5.01460929831382 0.00102495418789134 1.38615734348188)
(37.8704518992062 -1.1556104502865 3.34994176710236 4.63741958860909 -0.0560444824938543 1.27188499685898)
(35.2666928096407 -1.07458898018605 3.11232759643777 4.25342823949811 -0.137173974606019 1.16543455645629)
(32.882075686531 -0.979397710950276 2.87527700015165 3.86474700533336 -0.235215440867307 1.06877510744348)
(30.7451321024507 -0.864673524707834 2.64369885417561 3.47680292795651 -0.339389373787476 0.989325939492924)
(28.7647570988879 -0.726069262962044 2.41515717849267 3.09831461446001 -0.439512176285689 0.927028031317872)
(26.9227990841159 -0.569857601521328 2.19230845228227 2.73582830434101 -0.527270569350407 0.885903592451922)
(25.2544158563336 -0.402104160028557 1.97523317738019 2.39300370929083 -0.595767600949323 0.861994140426476)
(23.7735281278979 -0.228264575796505 1.76249481652418 2.07306307045704 -0.641580619437219 0.847712358433354)
(22.4658277957478 -0.0548111004473882 1.5522832227435 1.77889189318941 -0.66433961496672 0.83740993201949)
(21.2909799140954 0.111076196634058 1.3429649281005 1.51231902198871 -0.665600479740366 0.825917430328916)
(20.1938791514035 0.26137371024529 1.1343799196391 1.27409063250049 -0.648490151203105 0.809077749919869)
(19.1195372312298 0.387840651379936 0.928762399161323 1.06378193584294 -0.617070871895605 0.784903956260546)
(18.021673774717 0.483643886748754 0.730772352971938 0.879890400297706 -0.575445698379721 0.753541188959179)
(16.8712086955368 0.544958747568123 0.546669687830147 0.720213594158727 -0.527167539001138 0.716595023164746)
(15.652722670287 0.571473128671967 0.382755339310174 0.582456401178851 -0.474981117554405 0.6764478934125)
(14.3663833976958 0.56624406022567 0.24431042483414 0.464521695078475 -0.420965562646611 0.635332418804304)
(13.0245719936346 0.534885691241551 0.134660312809086 0.364633748789483 -0.366788562725888 0.594683184466342)
(11.6501916529542 0.484506643417582 0.0545093240049149 0.281224628415143 -0.313913846415259 0.554928272074576)
(10.2718702839 0.42260795515913 0.00179072834628492 0.21281115221086 -0.263686277615099 0.515794210756155)
(8.92077252719001 0.356094262231195 -0.0278191042551149 0.15784763391119 -0.217265867149672 0.476697638799604)
(7.62697388360591 0.290567134429509 -0.0399437566600409 0.114673616435747 -0.175528821429401 0.437096405747107)
(6.41761382126138 0.230114116297076 -0.0404368874856434 0.0815476709543647 -0.139030491103566 0.396772783647666)
(5.31315282157741 0.177123223180102 -0.0344495564175467 0.0567227191411904 -0.10793922175216 0.355840924705014)
(4.32719141777839 0.132637849710482 -0.0259152119112272 0.0385559086731884 -0.0821112153113974 0.314737650225894)
(3.46623976327912 0.0966768275361019 -0.0173973431542017 0.0255716365271908 -0.0611633756421669 0.274117295744057)
(2.73053650630237 0.0686016326860929 -0.0102878420466557 0.0165172370373832 -0.0445645943028795 0.234735921734762)
(2.11391421978134 0.0473426210459945 -0.00505347643045251 0.0103597077745974 -0.0317016346829953 0.197287678925704)
(1.606209205938 0.0317002845629273 -0.00160941300743916 0.00628295738811335 -0.0219544159585443 0.162368322781446)
(1.19568260067845 0.0205354104611289 0.000372882275865223 0.00366399118979622 -0.0147441423459105 0.130500724761962)
(0.869348273936842 0.0128068313796878 0.00130433900635666 0.00203882118211489 -0.00954880764614907 0.102042864880521)
(0.614646042339268 0.00763912419226056 0.00155475311925729 0.00107121306273514 -0.0059177259144684 0.0772389843092066)
(0.419330435436478 0.00430606258563749 0.001430974762029 0.000522928437615221 -0.0034679015313708 0.0561446490503123)
(0.273057727797387 0.00225777082065882 0.001130509446387 0.00023168008664851 -0.00188846779750889 0.0387593065418074)
(0.166412820069589 0.00106857046704086 0.000792765499219734 8.96478652450592e-05 -0.00092851172870903 0.0249176481053822)
(0.091857632224267 0.000435027706787532 0.000484665619352065 2.83321475158319e-05 -0.00039202263703369 0.0144383780934131)
(0.0428826218200139 0.000137462451414012 0.000244995668248583 6.37872027455698e-06 -0.000128300037817813 0.0070428598674794)
(0.0141777440468279 2.57734650054343e-05 8.65200875870214e-05 7.12720770419647e-07 -2.48998651422637e-05 0.00242275715802797)
(0.0014658275342381 8.5507386883185e-07 9.41406545914292e-06 7.89504284856135e-09 -8.52359917937316e-07 0.000259523960492753)
(52.7990167582972 0.113621375325702 4.40886313807394 6.86044659297477 -0.0197738804436472 1.84391433551784)
(52.5207637825648 0.261833147314283 4.39732894889203 6.77855901905053 -0.0475293118516171 1.81943789403192)
(51.7761102822044 0.177933461851095 4.30285562980027 6.6233586840142 -0.0596319816058352 1.74929933914685)
(50.9306081714602 -0.118706985082212 4.19557673729638 6.39314701418292 -0.0515872108271764 1.65855395704405)
(49.6422726728907 -0.49324353819279 4.05929574080762 6.10670305062905 -0.0250996552956672 1.56019077352628)
(48.1789586689966 -0.814875818318217 3.92215346787614 5.79426978075688 0.00148186190429575 1.45467965741412)
(46.4266177629076 -1.05475487028581 3.76606042081526 5.47400606349622 0.0237901372909694 1.35258464990626)
(44.2647951291945 -1.18600113200871 3.56260177919146 5.14686634220363 0.0320108917697733 1.24566358204009)
(41.7921226233171 -1.22073903957272 3.33882478532987 4.81190279476613 0.00995931829566309 1.13815773144307)
(39.2470210090371 -1.20305139484846 3.14159625197749 4.4643210916453 -0.0417964939893286 1.04022130799385)
(36.7125204997085 -1.15011943424284 2.94266799038096 4.10238943219853 -0.114907670930891 0.948803499232212)
(34.343767037954 -1.07360001823497 2.74317232538359 3.73049422689791 -0.204112791530633 0.866384813616081)
(32.1522578021098 -0.970350492971326 2.54494462700133 3.35537739728823 -0.299331290710633 0.798796566020505)
(30.0626163826621 -0.838938448536598 2.34633881075122 2.98692360606487 -0.392241586707015 0.746571261471091)
(28.0658306427786 -0.688883722323543 2.15058618037757 2.63252296293466 -0.474345783376657 0.712998491097509)
(26.196688391034 -0.527353758578194 1.95602940101874 2.29678147611817 -0.538010606731863 0.694455182376495)
(24.4719183869048 -0.360221023184426 1.76081745402979 1.98393914644738 -0.580147437163318 0.684424639058141)
(22.8795542325229 -0.193849508828547 1.56301942294491 1.69734109818622 -0.6006874625924 0.677624555181534)
(21.3837524996323 -0.0351747897957561 1.36135983499028 1.43898168328865 -0.601377226498994 0.669348278114412)
(19.9418762499564 0.108146218436944 1.15669198010251 1.20939724924234 -0.585442455946576 0.656106263049176)
(18.5172553472433 0.228479255687435 0.952771936308989 1.00773842185146 -0.556744328664409 0.636365226286657)
(17.0874711482906 0.319939017646963 0.755626729400915 0.832008677225612 -0.518925344886324 0.610349359410091)
(15.6447939015323 0.379703424859825 0.572568298419863 0.679742111663678 -0.475112982113638 0.579506935455213)
(14.1937724960952 0.408298054143069 0.410519018151281 0.548521339401527 -0.427721290547752 0.545864247978935)
(12.7468569664166 0.409155534973123 0.274850495981132 0.436305355001455 -0.378632396434142 0.511351689772135)
(11.3224889325543 0.387793911400005 0.168431097107107 0.341413223524989 -0.329419077785036 0.477224892852126)
(9.94094100058261 0.350749959488059 0.0911320589659582 0.26238392530114 -0.281483122741355 0.443922759109422)
(8.62161810269071 0.304552985210307 0.0400580939976786 0.197795508031153 -0.236073364533631 0.411279478552492)
(7.38206630502897 0.254989452607466 0.0103578717319548 0.146133783520802 -0.194251864247318 0.378868965945907)
(6.23703550042764 0.206576809438076 -0.00369281804881098 0.105752024253493 -0.156792638964862 0.346299695647144)
(5.19734282610266 0.162351814698281 -0.00763546847287145 0.0749199564949297 -0.124124644660945 0.313389437227384)
(4.27004548565301 0.124037585136667 -0.00608059550506067 0.0519277927941904 -0.0963615496044111 0.280256153850213)
(3.45764767608814 0.0922477824647141 -0.00236339655053782 0.0351804584762192 -0.0733316394580054 0.247244264960088)
(2.7582938697773 0.0668187231486846 0.0014598934849703 0.0232627352940655 -0.0546614414200666 0.214838787247188)
(2.16678693760979 0.0471429922560095 0.00435900975560107 0.014982794447657 -0.0398606469252611 0.183593617771001)
(1.67487799515559 0.0323732157313125 0.00602346829404706 0.00937239653307839 -0.0283827420197552 0.154033805471781)
(1.27187731034089 0.0215795161334092 0.00657272030409023 0.00566915283753649 -0.0196734918893241 0.126579934828947)
(0.947113837742403 0.0139266222744152 0.00628166128445901 0.00329854352515624 -0.0132243719521921 0.101611759887832)
(0.689291245729555 0.00865543254967157 0.0054768059136643 0.00183147431147222 -0.0085710596261023 0.0793725143631902)
(0.488117406486225 0.00514828338856759 0.00442961787732837 0.000960321022012611 -0.00531531234291451 0.0600358183084597)
(0.333681493787464 0.00289453883023598 0.00334783197680973 0.000467965331623723 -0.00311657932718818 0.0436170894538263)
(0.217641146844601 0.00151123533839708 0.00235861754047015 0.000206779785025562 -0.00169683266738821 0.0300827455633379)
(0.133004455652899 0.000713979959010502 0.00152861730291538 7.99534109430074e-05 -0.000834824199115752 0.0193395819490142)
(0.0735918629938119 0.000289763115243049 0.000885960084739013 2.52298831652622e-05 -0.000352487273125191 0.0112030189914978)
(0.0344425792120186 9.12913756526888e-05 0.000430201709416219 5.66878430558584e-06 -0.000115323707209192 0.00546464028374062)
(0.0114534957270244 1.72707392274474e-05 0.000147513744088164 6.50093852454815e-07 -2.26364393102781e-05 0.00188521023566108)
(0.00117660321634328 5.61429597091653e-07 1.55195703768277e-05 7.08951801937305e-09 -7.60052809599942e-07 0.000200322443489419)
(53.6763760418581 0.120350855881271 4.0710814361664 6.45035201202478 -0.0195954654029172 1.51906850810545)
(53.3195901125564 0.293769257761534 4.05229237556152 6.36597079524237 -0.0434046482332667 1.49802731814456)
(52.4159776848494 0.236613504494779 3.95126034169758 6.21593637279556 -0.0555012289159764 1.43926295963179)
(51.3667183947879 -0.0340037406621666 3.8357672932614 5.9923213320476 -0.0469249768024155 1.36032756185919)
(49.9083832176917 -0.392475953232814 3.69878554460211 5.72607987553909 -0.0247321068955231 1.27730032988639)
(48.3591556642203 -0.715327450300147 3.56558824841405 5.44026646265658 -0.000282336929177107 1.18770469349131)
(46.6336602739258 -0.969692867165584 3.42531178094252 5.15188244081009 0.0228344793017035 1.10105892512632)
(44.5700614793012 -1.12508882988745 3.24141017813652 4.86449682422486 0.0333035444462062 1.01134566344862)
(42.2274145824472 -1.20140077044909 3.04468939598404 4.56933560240058 0.0154344011749746 0.921113450572279)
(39.8420384445758 -1.22641231426023 2.87835489716197 4.25435605460251 -0.0299386986717036 0.838566988295073)
(37.4453749323078 -1.20573008768464 2.71286614469272 3.91875466000014 -0.0942090184256983 0.761534024083992)
(35.1553304985733 -1.15199636708524 2.54755788364145 3.56838929806579 -0.17336415696906 0.69240914744993)
(32.9669204700641 -1.06335436052632 2.38090492910281 3.21150892709087 -0.25860482122997 0.635896977283312)
(30.8234886235095 -0.942222687042455 2.21248431048105 2.85833180456875 -0.343226357753274 0.592964446099167)
(28.7228038054193 -0.799867555164799 2.04531521058018 2.51610453543897 -0.418628714900581 0.565896094274581)
(26.6997021357392 -0.644294412855961 1.87573354434701 2.1907353964277 -0.476931654194719 0.551653432994998)
(24.7734561013127 -0.48199328943238 1.70102611244853 1.88767912407739 -0.515274904211631 0.544935629981752)
(22.9363604398355 -0.319750815832124 1.51912808699318 1.61087293615087 -0.533768959219406 0.540829685490565)
(21.1627231482478 -0.164926934831653 1.32907919133598 1.36244891787623 -0.534264277842265 0.535133275406443)
(19.4252097052223 -0.0254053449616698 1.13279231269165 1.14273966559887 -0.519905623083448 0.524954663270924)
(17.7091028619288 0.0915607835203439 0.935206722390411 0.950399885266365 -0.494184993186704 0.509041442017456)
(16.0137236472822 0.180905224212451 0.74364748825788 0.783143079990009 -0.460360469667053 0.487660920679677)
(14.3508701253307 0.240715467610065 0.56615239570361 0.638390372049064 -0.421149060005711 0.462100108592732)
(12.7394245484038 0.272228439341115 0.410018732145814 0.513779578817362 -0.378698297990062 0.434121177699397)
(11.1997335611674 0.279222894411891 0.280497422969335 0.407393176445807 -0.334738734239252 0.40541055553599)
(9.7504315458998 0.267087874065739 0.17985694246085 0.317660460049282 -0.290738148017031 0.377078881179608)
(8.40502363221393 0.24182560173109 0.10722460216305 0.243200424352867 -0.248001228167428 0.349552923084937)
(7.17208995103895 0.20918643664871 0.0591263528168131 0.182629785063178 -0.207673262015527 0.322747395316062)
(6.05579867095316 0.173984481859426 0.0304581942041144 0.134423653676709 -0.17067720743502 0.296323383077441)
(5.0571834633148 0.139800642274655 0.0156503760105591 0.0969347629939338 -0.137654267357677 0.269971659883236)
(4.17432931867873 0.108886244156161 0.00961655607957153 0.0684475845173026 -0.108928164167477 0.243540174091347)
(3.40429690006877 0.0824536752119143 0.00832103086497645 0.0473031831650107 -0.0845660125820395 0.217139173852867)
(2.74117365652542 0.0607862589292757 0.00898425411099023 0.0319590715256487 -0.0643730969404118 0.191013250355511)
(2.17844333908696 0.0436916688222038 0.00993641650935599 0.0210832056135511 -0.0480138232939522 0.16555512254752)
(1.70726331978801 0.0306109561275544 0.010397753111779 0.0135494570493893 -0.035039230747008 0.141152319519566)
(1.31809676532463 0.020884440155265 0.0101448977979453 0.00845807941220947 -0.0249674732735658 0.118174915651485)
(1.00103591023898 0.0138489051305963 0.00926635872625993 0.00510730094199834 -0.0173209663421857 0.0969462894321874)
(0.746105321476581 0.00889465951980731 0.00797651113924171 0.00296625558829519 -0.0116509195847681 0.0777076900302048)
(0.544000281862969 0.00550753931142425 0.00650080132358248 0.00164469504311325 -0.00755702168845766 0.060634600138431)
(0.385926335856201 0.00325939373412315 0.0050269190792047 0.000860716656118509 -0.00468720608666747 0.0458011642130823)
(0.264494442297605 0.00182518213033995 0.00368019567769534 0.000418721346135696 -0.00274890036388106 0.0332474878385659)
(0.1730579236558 0.000950013794892448 0.00253285820597671 0.000184963448481098 -0.00149772488250929 0.0229207894678181)
(0.1060381165439 0.000446439366919331 0.00161377237073174 7.13150204718064e-05 -0.000736360611800348 0.0147242348971174)
(0.0588569153204832 0.000180435726167232 0.000923120049763274 2.24864131135327e-05 -0.000310967440428185 0.00852699674793119)
(0.0276068462899063 5.64117958930605e-05 0.000443506490706926 5.02859837209948e-06 -0.000101543558981212 0.00415486191669044)
(0.00919186108098744 1.05423090057562e-05 0.000150526595077543 5.66394188381416e-07 -1.97941423087269e-05 0.00143093713162265)
(0.000955967288277877 3.44841785339164e-07 1.59189404555251e-05 6.21315279375229e-09 -6.77447727649929e-07 0.000153299898463594)
(53.6186088434941 0.12082982057811 3.69505451153301 6.01403266270974 -0.0189530692959331 1.23114505864492)
(53.1812530693993 0.310611412324632 3.67000756195729 5.92670315049776 -0.0391488426155974 1.21328395399371)
(52.1186936592141 0.276625633529717 3.56497252929793 5.78202464702236 -0.0506589364637887 1.1652441750363)
(50.8536800252172 0.0341452812978569 3.44302119131995 5.56741507066836 -0.0422112945648273 1.09827291456914)
(49.2294461691617 -0.300621430689173 3.30771388268212 5.32000026596771 -0.024741539129758 1.02962425558743)
(47.5875852882858 -0.616322158381136 3.1794810743629 5.05813937126059 -0.00251792910498019 0.955095485243913)
(45.8812214990333 -0.873037464858316 3.05275079672493 4.79917271521234 0.0202476350086557 0.882899553299862)
(43.915161669837 -1.04408003943598 2.88688592458443 4.54926621657611 0.0315542168760221 0.809067794220245)
(41.7257657645736 -1.15693301977849 2.7143845271894 4.29265250058777 0.0177013002752233 0.73483735584474)
(39.5371687795392 -1.2227900297954 2.57317994233764 4.012091223218 -0.0206323190120876 0.666494732508486)
(37.3288879320985 -1.23643681859701 2.43573894094227 3.70645424638151 -0.0756546232465689 0.602801080353771)
(35.1737824171155 -1.20851166732569 2.30026630531592 3.38231806358558 -0.144157791044285 0.545796497229008)
(33.0496918268518 -1.13773900209817 2.16278994965704 3.04898872221302 -0.219028956228077 0.49929818199345)
(30.9133235679726 -1.03013139060557 2.02358433390043 2.71592105654584 -0.294556085363434 0.464630978786767)
(28.7701704408374 -0.897038672292946 1.88491533682072 2.38982011237418 -0.362447170185307 0.442931332428027)
(26.6532387269178 -0.746985779950916 1.7414473996553 2.07808452946246 -0.415024582927902 0.431980323581547)
(24.5835023352285 -0.587567266288459 1.58938841746194 1.78745858702138 -0.449541589011439 0.427620389413021)
(22.5612287857773 -0.426722261849908 1.42637945215827 1.52245811104679 -0.466153595577398 0.425376254411366)
(20.5736123381787 -0.272847408545734 1.25179414528623 1.28534419682991 -0.466697440178901 0.421578938899821)
(18.6116797684901 -0.134396258423257 1.06826927559227 1.07621469998092 -0.454048162060487 0.413820523133601)
(16.6816126241889 -0.0184960171291691 0.881860325872886 0.893477992866358 -0.431358443452407 0.401078638603169)
(14.8026637525127 0.070457567009801 0.700740226200808 0.734731393161313 -0.401519619289954 0.383634597473188)
(13.0024411942533 0.13134161286624 0.533381759353997 0.597424917317454 -0.366907810511173 0.362614915332187)
(11.3084510030284 0.166028657209152 0.387199962493855 0.479391086301373 -0.329457364534173 0.339586065234332)
(9.74394372036268 0.178580939093974 0.267029816972608 0.378829646988626 -0.290727328850987 0.31599632287515)
(8.32308270961625 0.174318600273729 0.174553214656471 0.294308293844489 -0.252072678947652 0.292846581269591)
(7.05086745040223 0.158823821874849 0.108299280904066 0.224486849986745 -0.214670653639649 0.270515730262299)
(5.92453235734146 0.137149498412545 0.06443181504154 0.167964223808474 -0.179509142689288 0.248922047172925)
(4.93661356293098 0.113347944559838 0.0378779563928922 0.123209005503614 -0.147365461031172 0.227786863770571)
(4.07738933540562 0.0902732314614256 0.0234190241754519 0.0885744725096537 -0.118760481978522 0.20685483827517)
(3.33612711108063 0.0696216619945599 0.0165101871376033 0.0623770419159914 -0.0939410347643495 0.186011225950561)
(2.70221282936677 0.0521814388228238 0.013698300311441 0.0430057508503812 -0.0729179084315099 0.165322312710983)
(2.16537276517827 0.038104077718517 0.012675146534624 0.0289996776756387 -0.0555147553211979 0.144998716501606)
(1.71536969453494 0.027144820641557 0.012109314342431 0.0190971302989029 -0.0414175903809829 0.125317462825413)
(1.3420843475364 0.0188670276543837 0.011378590609865 0.0122541734805358 -0.0302357137084429 0.106565069748182)
(1.03582911646197 0.0127847916554633 0.0103019562300726 0.0076392237380444 -0.0215532402911672 0.0890093598145306)
(0.787266522197808 0.00842700524246847 0.0089326800650582 0.00460673046698392 -0.0149572393650143 0.0728676459481236)
(0.587775414501825 0.00538409060390976 0.007410010883151 0.00267223257952203 -0.0100636088537292 0.0583021975146895)
(0.429538934396329 0.00331648565741441 0.00588002627355798 0.00147961972884162 -0.00652761651633216 0.045417557105187)
(0.305682677042216 0.00195475665112105 0.00445774612782068 0.000773628147897846 -0.00404961993535457 0.0342675250575629)
(0.210174244512455 0.00108900527813533 0.00321554428332561 0.000375881385914605 -0.0023745677230285 0.0248455860371878)
(0.138006405750097 0.000563932233033915 0.00218837014510058 0.000165817713353402 -0.00129344567570871 0.0171139418014596)
(0.0848921133590961 0.000263712189254652 0.00138229519135367 6.39337883549833e-05 -0.000636101139786198 0.0109882133312371)
(0.0472817925885882 0.000105798559820735 0.000785143391322176 2.01195500814699e-05 -0.000268405576814212 0.00635842043126029)
(0.0222815496845379 3.29507211929436e-05 0.000375411006324342 4.52127244931103e-06 -8.78627803529461e-05 0.00309973821593465)
(0.00743980202847553 6.09422494193777e-06 0.000126739841807312 5.07169497167773e-07 -1.70900732873108e-05 0.00106656548417219)
(0.000780543156276498 2.01652890053861e-07 1.3411102837177e-05 5.80612759139603e-09 -5.94057690030813e-07 0.00011489627297333)
(52.541813606312 0.115984563766771 3.28930300836214 5.56235549789422 -0.0177295575508826 0.981537018214975)
(52.0280693198074 0.312493002002622 3.25987909569568 5.4728137192376 -0.0348624294282779 0.966665015724957)
(50.8200772379082 0.297430529618777 3.15397256881674 5.33376049695523 -0.0453092192754491 0.928211642317494)
(49.3572046383928 0.0835675071656386 3.02887030131724 5.13109443234682 -0.0376568273471646 0.872791406998365)
(47.5867765338823 -0.223506616175767 2.89806242593203 4.90096643940112 -0.0246972960279759 0.817067370066613)
(45.8601285228571 -0.524948516809531 2.77643794926837 4.66042518173785 -0.00476671226368408 0.756293804449352)
(44.1720408371603 -0.773080084768524 2.66194845140141 4.42825159557978 0.0165558451795617 0.697278629312871)
(42.2962853561417 -0.95089844325479 2.51332104834249 4.21173640665768 0.0276658047431958 0.63764450027496)
(40.2673758390086 -1.09135308082599 2.36274614611264 3.99064745452723 0.0173820233958496 0.577804040896787)
(38.2918828085387 -1.19218566359262 2.24221619738419 3.74449965993457 -0.0138329959680871 0.52225565345334)
(36.3008188608682 -1.23877316835232 2.12806391847937 3.47118141623988 -0.0596009411275224 0.47062363420412)
(34.3242608803827 -1.23733045165126 2.01779376118096 3.17716688006088 -0.117421207667748 0.424414616889389)
(32.3196208715067 -1.18661643635241 1.90643647938308 2.8715769647974 -0.181920703473322 0.386799622367854)
(30.2525409926784 -1.09498284344588 1.79426172210751 2.56241972398329 -0.247925088017512 0.359173593513459)
(28.1336600347641 -0.972603260925484 1.68266773072754 2.25603047960403 -0.30773967222112 0.341843637279317)
(25.9924861853036 -0.827985692035603 1.56509583024239 1.96100448437747 -0.354362223875069 0.333349878614136)
(23.8517436717201 -0.670274011820547 1.43672970682206 1.68517962141295 -0.385077492935744 0.330505421893921)
(21.7197492440303 -0.509109164976384 1.29476199542281 1.43364566400089 -0.399897117968777 0.32940241043603)
(19.5994569725493 -0.354403345172453 1.13876680093699 1.20877216863326 -0.400562325237306 0.326876990618287)
(17.5000040008591 -0.215424099660235 0.97207483910307 1.01063783273644 -0.389645789330905 0.320938568704067)
(15.4470798706706 -0.0993464515526421 0.801244708161905 0.837547569132888 -0.369937246918058 0.310761052729054)
(13.4751622487558 -0.0100533461490984 0.63493555944668 0.687230492575241 -0.343996563002381 0.296633984476386)
(11.6225943445876 0.052011724746535 0.481767984959317 0.557302848442062 -0.313925285571556 0.279540850092122)
(9.92158936998597 0.0892902499972059 0.34891114005243 0.445783014044317 -0.281434989718211 0.260838633313396)
(8.39333618498224 0.106158711382554 0.240721320857381 0.351052669565087 -0.247935309930933 0.241796472627966)
(7.04560735064765 0.107904264621333 0.158277646071886 0.27174634206996 -0.214621622555335 0.223255008096706)
(5.8742184533461 0.0997804479194322 0.0996888750311469 0.206540093591551 -0.18250583023185 0.20551886014678)
(4.86674164616012 0.0863169450709202 0.0610183028397369 0.154018715593513 -0.152419780717436 0.188500672891231)
(4.00689668207721 0.0709709841626937 0.0374325698063531 0.112641402614725 -0.125004836983415 0.171959811567334)
(3.27685013830793 0.0560122469170524 0.0241927050970185 0.0807611879478835 -0.100656475517693 0.155663733490879)
(2.66030300237533 0.0427378485702044 0.0173529254019611 0.0567454296614448 -0.0795710121742158 0.139529740922691)
(2.1424628189518 0.0316846127329504 0.0140096087843597 0.0390494589373802 -0.0617379805914642 0.123613817721582)
(1.71020388725539 0.0228999790101094 0.0122764334219161 0.0262911608552314 -0.0469893471193191 0.10807468471001)
(1.35182633346253 0.0161625519676441 0.011086448116165 0.0172903156837082 -0.0350486154364547 0.0931178396655111)
(1.05696985734489 0.0111459174536335 0.00993955250578717 0.0110827334992235 -0.0255813229436777 0.0789547447040077)
(0.816330463086913 0.0075037152841973 0.0086794067631328 0.00690207230734097 -0.0182318449063885 0.0657727714538754)
(0.621551111822997 0.00491950247590585 0.00732265671192017 0.00415866464722513 -0.0126494127603447 0.0537156611921457)
(0.465298858197911 0.00312863166367342 0.00595047443340152 0.00241041485173224 -0.00850842702419378 0.0428870944543794)
(0.341187227595482 0.00191903262709863 0.00464882914947553 0.00133363599362426 -0.00551697523027434 0.0333479372968028)
(0.243742586093568 0.00112606084064814 0.00348290205275134 0.000696702281467017 -0.00342106594568538 0.0251214150156955)
(0.168292434768213 0.000624278359302966 0.00248953333906598 0.000338274537787338 -0.00200505731274878 0.0181902393168187)
(0.110978669280921 0.000321286751632054 0.0016823395988451 0.000149047939388848 -0.00109133431235236 0.0125153482949661)
(0.0685673080057426 0.000149179310351652 0.00105681027677892 5.7421982677106e-05 -0.000536360166876073 0.00802841628031059)
(0.0383586004605689 5.93479880576742e-05 0.000597654849957121 1.80573335238564e-05 -0.000226179177536715 0.00464270535076205)
(0.0181475309268597 1.82713181411347e-05 0.000284658255895942 4.04719923905596e-06 -7.39213997594912e-05 0.0022613676529597)
(0.00609091114217145 3.351630922319e-06 9.59233332631755e-05 4.56593675502616e-07 -1.4412866973944e-05 0.000778628250044867)
(0.000634682301051291 1.06020127970945e-07 1.00234390810016e-05 4.83148270618699e-09 -4.84386530858973e-07 8.30333095560771e-05)
(50.4236914568931 0.10707529597226 2.86554850925417 5.10513263923497 -0.0159983543016663 0.769629790958223)
(49.8463494056924 0.30145999349315 2.83390847058505 5.01509628206846 -0.0306343839937067 0.757538312400712)
(48.5221536022534 0.300345457325511 2.73069905172199 4.88196011372697 -0.0396991030313123 0.727256527118801)
(46.9035109314881 0.11500469789299 2.60660798257754 4.69363023218947 -0.0333239114860272 0.68254702482899)
(45.0248620442001 -0.163356260359479 2.48340536541716 4.47957770780394 -0.02426859661317 0.63810732503409)
(43.2387425214315 -0.44490787562668 2.37037434939056 4.25824230467366 -0.00669561898362719 0.589484522309053)
(41.5754608482109 -0.675983327103147 2.2675644978189 4.05040664385058 0.0123216946557863 0.542242222648196)
(39.7885942330487 -0.852616788186298 2.13606154497784 3.86257926550369 0.0226120898409282 0.49489821041313)
(37.9183735332553 -1.01004810356096 2.00571538964373 3.67284602154719 0.0152681322719899 0.447596915579154)
(36.1541609979414 -1.1368996014423 1.90278349667051 3.45924945141613 -0.00928727565068535 0.403292829721418)
(34.3907245159416 -1.21122051231963 1.80811743438011 3.21905854309421 -0.0462182881476621 0.362289402750136)
(32.6185640398326 -1.23408036424406 1.71870566691047 2.95742522015729 -0.0938177804850366 0.325499964725669)
(30.7779524523769 -1.2038326382416 1.63009252313714 2.68228399408699 -0.148209310738496 0.295596306991366)
(28.8362808387272 -1.12924860326414 1.54200882599797 2.39968416383285 -0.204591615681112 0.273843295607489)
(26.807398019569 -1.01864540643958 1.45490950181475 2.11589442319711 -0.256108791949395 0.260052543801149)
(24.7147732859999 -0.879998976564771 1.36168141907606 1.84018901838699 -0.296691456591403 0.253387590753514)
(22.5821980418723 -0.724079708062786 1.25677306050702 1.581151288199 -0.323609557951146 0.251433545693199)
(20.4273348959399 -0.56251669466724 1.13696149497059 1.3443704379603 -0.336704464787752 0.250901917509267)
(18.2652445666066 -0.40682184415122 1.0017890524053 1.13244437417015 -0.337487848549244 0.249154849978924)
(16.1230526965543 -0.26726347356236 0.854844153884605 0.945525217104383 -0.328229504401854 0.24454168239581)
(14.0409780076617 -0.151165700194477 0.703022927474671 0.782179242196012 -0.311395512237373 0.236440601151032)
(12.0653995600508 -0.0620263006939313 0.554901709424795 0.640289248511634 -0.289222347370408 0.225110480568819)
(10.2403092259173 0.00032088608152718 0.418972069875793 0.517770679193407 -0.263568264672189 0.211412518247762)
(8.59830313376673 0.038860631517223 0.301864300013205 0.412818733341396 -0.235923080171326 0.196498335149706)
(7.15650829575124 0.058290023157656 0.2074040838125 0.323975103437414 -0.207534077937925 0.181448373342439)
(5.91527574752391 0.0639136960354168 0.136125905069135 0.249906109533186 -0.179399989042817 0.166932980134636)
(4.86265477636972 0.0607397447238572 0.0859296095497725 0.189294966432473 -0.152362471158725 0.153176337188114)
(3.97929152976295 0.0528895194819979 0.0530017304255016 0.140723355163364 -0.127112795138844 0.140084791278127)
(3.24190803007048 0.0433018557701068 0.0328714608703316 0.102620675916559 -0.104137466600437 0.127413664558712)
(2.6290761937013 0.0338680753120135 0.0214105343867606 0.073398000393058 -0.0837773283429996 0.114997563554888)
(2.12080419374219 0.0255531709912845 0.0152558460560416 0.0514636031624764 -0.066169381866328 0.102755208634717)
(1.70052173411348 0.018734074448133 0.0120180626019275 0.0353542449533083 -0.0512988882448702 0.0907410770806875)
(1.35401641907771 0.0134054282699107 0.0101768538719481 0.0237704138927508 -0.0390141210633914 0.0790756498694723)
(1.06930254688005 0.0093816812108717 0.00888374753744566 0.0156142690873316 -0.0290753310092795 0.0679072023126351)
(0.836622842020658 0.006429898365244 0.00773930107434297 0.00999909827587979 -0.0212050740037726 0.0573993725671651)
(0.647380100810827 0.0043095055684419 0.00660598688308922 0.00622214564132264 -0.0151001048129777 0.0476745102799973)
(0.494389257706622 0.0028171199927187 0.00547620562256806 0.00374657751469572 -0.010467716231531 0.0388297942817911)
(0.37152884348104 0.00178784732049726 0.00439091691864008 0.00217013121466962 -0.007034747990273 0.0309278566445832)
(0.273648497339013 0.0010945401992337 0.00339589679578856 0.00120011733650762 -0.00455739744369192 0.0239980557366369)
(0.196464445501365 0.000640878359951797 0.00252531709641878 0.000626708672131916 -0.00282374355157554 0.0180472134670587)
(0.136334118113236 0.000353866519582703 0.00179481189813512 0.000304091995304665 -0.00165316925495558 0.0130467713949769)
(0.0903687740591701 0.000181093427007978 0.0012078149462624 0.000133936081952623 -0.000898900135925034 0.0089644121753094)
(0.0561202116036789 8.34130393574956e-05 0.000756364868021978 5.16104324732055e-05 -0.000441402683060347 0.00574357818923698)
(0.0315601400290806 3.28680568832592e-05 0.00042705237427999 1.62133474334479e-05 -0.000185963362033615 0.0033202003307316)
(0.0150092777938525 9.99591648330686e-06 0.000203152480058522 3.6462205006251e-06 -6.08092727214683e-05 0.00161648533690327)
(0.00506792623649159 1.81406212773236e-06 6.85222527530834e-05 4.14849968730842e-07 -1.18955910758606e-05 0.00055735255923489)
(0.000530128499683741 5.59592915530899e-08 7.14511206611883e-06 4.43296909003405e-09 -3.99585915384183e-07 5.93371147469412e-05)
(47.3216318418693 0.0954563514771793 2.43800872909492 4.650649618759 -0.0139463359203145 0.593273666205118)
(46.6992525284072 0.280673297868681 2.40618707135189 4.56207074394489 -0.0265256953426824 0.58368599486533)
(45.3018691755375 0.289063175177041 2.30925601923683 4.43544650437192 -0.0340997812003592 0.56020456224436)
(43.5858811932905 0.130986802488172 2.19058338596926 4.26258417106108 -0.0292200104160186 0.525006291518958)
(41.6554208016192 -0.119337956845553 2.07793165045312 4.06382913312041 -0.023259940385249 0.490158971310725)
(39.8512931439463 -0.376895676771532 1.97549598793382 3.86023325638073 -0.00811755988060016 0.451978200382617)
(38.2322700684051 -0.585819082799172 1.88453611245745 3.67435734128002 0.00810866759560109 0.414913438397857)
(36.5386996709982 -0.754523436057557 1.77011602336141 3.51071833920176 0.0172407353421916 0.37799006619815)
(34.8238590030485 -0.918542949376601 1.65882424804245 3.34780782734606 0.0121628233863741 0.34132801396371)
(33.2601535466518 -1.06095094256462 1.57155848616792 3.16383350773256 -0.0065174752101788 0.306690776478366)
(31.7189192647212 -1.15481257605278 1.4934187713943 2.9557641577241 -0.0354685922414893 0.274785502276094)
(30.1608659824382 -1.19734159892968 1.42135166619479 2.72707173794303 -0.073622434798409 0.2461037053362)
(28.5129061316975 -1.185749898825 1.35190854035811 2.48325987712005 -0.118467796970646 0.222719177481439)
(26.7425640181928 -1.12782293565893 1.28454084023881 2.2287540580443 -0.16547456012397 0.205780438165757)
(24.8606643179147 -1.02946136452434 1.21864022062503 1.96957935248119 -0.208817760299041 0.194884550743923)
(22.8857561899499 -0.898000366756422 1.14725481106132 1.71521841110291 -0.243428230886509 0.189593487053222)
(20.8404018361581 -0.745393765884671 1.06444172211105 1.47452016988135 -0.266609174494023 0.188107204895768)
(18.7471667500901 -0.584954325187644 0.966503400946399 1.2534905149635 -0.277990520694522 0.187796128214811)
(16.6338348375228 -0.429877101823511 0.853058965392496 1.05512256665263 -0.278850343123655 0.186488246020561)
(14.5401602400029 -0.291310754756947 0.727581777458127 0.879797186849429 -0.271159268342665 0.182854645195629)
(12.5165448870383 -0.176725982803711 0.596764930247328 0.726407052536472 -0.257047544723106 0.176442255254715)
(10.6168263779049 -0.0893049126719766 0.468927241460513 0.593173271630079 -0.238470026108064 0.167484183915498)
(8.88653277349046 -0.0283246133847461 0.351954580694639 0.478259785433125 -0.217025924777316 0.156700766498236)
(7.35621237805863 0.00970487627487744 0.251883766150661 0.380083774827275 -0.194013893078338 0.145062144123178)
(6.03747724974907 0.0297834647611393 0.17187778449682 0.297270813705206 -0.170465470745944 0.133444113374788)
(4.92451675512345 0.0372426712756698 0.112110096488978 0.228524610282122 -0.147199650337149 0.122360437959861)
(3.99983944611723 0.0368717292148892 0.070441598632593 0.172533906505085 -0.124896302091116 0.111958597998642)
(3.23906003021818 0.0324148894567925 0.0433097471768888 0.127864975174094 -0.104094874890557 0.102119900090554)
(2.61614185878186 0.0264358977004018 0.0267846294692208 0.0929836472884806 -0.085191731899826 0.0926419885732315)
(2.10738930646118 0.02047004427333 0.0173334086409049 0.0663378591599988 -0.0684601040689985 0.0833810957708475)
(1.69207806580537 0.0152677869348504 0.0121773830308384 0.0464161009460503 -0.0540106670770103 0.0742850489075936)
(1.35298656488465 0.0110718495982559 0.00938167240747441 0.0318292007717376 -0.0418206821121976 0.0653897445880403)
(1.07612134912156 0.00785189805385503 0.00774404440593376 0.0213661004075024 -0.0317601897513938 0.0567873236723767)
(0.85056111950954 0.00546876763927195 0.00660190742533311 0.014020047286462 -0.0236414273265123 0.0486088282877266)
(0.666837007447443 0.00373869398679212 0.00563882462944767 0.00896880933595173 -0.0172161484088475 0.0409467168676014)
(0.517715744407123 0.00250667935767636 0.00473920467258424 0.00557647965560777 -0.0122415167585065 0.0338994806265195)
(0.397118912030705 0.0016429265712392 0.00388350429252752 0.00335622744868553 -0.0084746504033934 0.0275303862922303)
(0.29993088459255 0.00104552410015729 0.0030873386443842 0.00194297024298762 -0.00568644961081161 0.0218665127644115)
(0.222112672603688 0.000641391626991815 0.00237314727086718 0.00107391434838395 -0.00367750085961072 0.016921807034608)
(0.160402042554986 0.000375987913674818 0.00175814313176773 0.000560478249864077 -0.00227496309836305 0.0126986226940795)
(0.11201271217444 0.000207711244968598 0.00124751819878682 0.000272015497637491 -0.00133050457191667 0.00916699046851601)
(0.0746908745131 0.00010590060593627 0.000838886360921944 0.000119762818557797 -0.000722302080620859 0.00628875500316059)
(0.0466707708801535 4.85127859309132e-05 0.000525884125469564 4.61377156240432e-05 -0.000354313188604434 0.00402685374469675)
(0.0263790767963822 1.88511033376119e-05 0.00029693462983541 1.44775167544176e-05 -0.000148891318577805 0.00232317962737402)
(0.0126201837581686 5.65917436448272e-06 0.000141708035535615 3.25238933468713e-06 -4.86568306750852e-05 0.00113189572226318)
(0.00427552772296455 9.95033887998794e-07 4.7790085085258e-05 3.64517111208513e-07 -9.44498209002721e-06 0.000389279505543735)
(0.000444517609885562 2.91321784627907e-08 4.94008825096399e-06 3.75184320673307e-09 -3.0967162758445e-07 4.09748484021127e-05)
(43.3714043382283 0.0825856651978184 2.0218747589328 4.20471448698102 -0.0117669611106084 0.449274449991655)
(42.7297052587325 0.253618394726123 1.99168434453585 4.11964925928116 -0.0225756177694114 0.441863980471849)
(41.3122230086169 0.267792059405508 1.90407355628216 4.00022827524204 -0.0287255017742024 0.423913056721801)
(39.5675608494827 0.135001136190138 1.79492688900295 3.84302617305831 -0.0253134727966672 0.396854421444782)
(37.6506856216221 -0.0886828111760136 1.69513736688192 3.65911194850427 -0.0216271872937669 0.370004743910127)
(35.8800996945457 -0.319687538212237 1.60495242048935 3.47227453747099 -0.00894424600569217 0.340587659143906)
(34.3330523712926 -0.504227379127916 1.52623195531951 3.30614461790256 0.00432986489703561 0.312105592932114)
(32.747370352667 -0.660012830974101 1.4288026859551 3.16284609699481 0.0121876166293156 0.283830734632653)
(31.1874429643709 -0.821645799253411 1.33560515982339 3.02235369068787 0.00875809175729261 0.255964392610004)
(29.810417614609 -0.969119453190605 1.26264318555834 2.86454074036749 -0.00501473200257882 0.229431111736159)
(28.4774477475404 -1.07330008722832 1.19880929896081 2.6862228664983 -0.0271127616582243 0.205105351134387)
(27.1310339420302 -1.12921292506381 1.14125393063002 2.48926374758922 -0.0568903684189659 0.183203411892193)
(25.6902841679725 -1.13282948985427 1.08770074722361 2.2763747565777 -0.0929351470995294 0.165260712449531)
(24.12008849551 -1.08966040893492 1.03751481452246 2.05032226975135 -0.131145556060366 0.152265684803883)
(22.4288400751986 -1.00348713846429 0.989204738716066 1.81687246598709 -0.166758670485469 0.143740356487757)
(20.6278370810287 -0.880770596347463 0.936448235992982 1.58516221913676 -0.195623947032958 0.13951891325971)
(18.7369876053232 -0.734019505008022 0.873347818918881 1.36398696668017 -0.215169316495781 0.138275537005379)
(16.7807181247928 -0.577682565487902 0.795972059185806 1.15962431570388 -0.224876279154651 0.137990887566958)
(14.795710479212 -0.426263576185104 0.703816346157712 0.975459624641719 -0.225773172102128 0.136921384478293)
(12.8288128199357 -0.291483480243558 0.600044941131625 0.81226940353126 -0.219524999231703 0.134039512020834)
(10.9370175582513 -0.180913124543343 0.490887098661169 0.669324516921487 -0.207959455287419 0.129019595131955)
(9.17650862786338 -0.0973950317319704 0.383952863310266 0.545178959693065 -0.192735184635978 0.122059657843353)
(7.59162948513737 -0.0397214629240991 0.286347782218351 0.438264192442153 -0.175209925258156 0.113751382896444)
(6.20966350136337 -0.00398027909844186 0.203390545860336 0.347188252711759 -0.156483952988272 0.104881584779894)
(5.03703928427375 0.0150532545084254 0.13763649961106 0.270642899822662 -0.137383188467448 0.0961372708366859)
(4.06349242608386 0.0226809153148016 0.0890084976881657 0.207365297419887 -0.118553750948062 0.0878912662316799)
(3.26801087216491 0.0234461995366826 0.0554510320335618 0.156049992063174 -0.100520001565952 0.0802224479492967)
(2.62410808247958 0.020744276320326 0.0337992759201576 0.115283938124742 -0.0837017057881356 0.0730076521984446)
(2.10552618642268 0.0167979390175111 0.0207162124837105 0.0835967076873307 -0.0684360276361676 0.0660869261674004)
(1.68790844313761 0.0128476971187191 0.0132496229241658 0.0594821084122457 -0.0549238876846112 0.0593314495794763)
(1.35128825795136 0.00946122716885319 0.00916310760919394 0.0415191571175407 -0.0432652165564701 0.0527083584583116)
(1.07935324492109 0.00679244536448291 0.00692799178856162 0.0284114639499814 -0.0334439016730504 0.0462507631638463)
(0.859183509178716 0.00479204684641152 0.00561171152270957 0.019039451777301 -0.0253548822242954 0.0400341936942401)
(0.680624804696014 0.00333546116498701 0.00470535400330694 0.012474334046836 -0.0188355080023442 0.0341464326226511)
(0.535662510669721 0.00229108277188554 0.0039668110780424 0.00797158989827097 -0.0136909713490019 0.0286662860948258)
(0.417933900138115 0.00154850099279399 0.00330209968710566 0.00495254859242575 -0.00971588432869855 0.0236526926681189)
(0.32241406310412 0.00102442024441484 0.00268830966552245 0.00297838216767313 -0.00671176928738053 0.0191449911299399)
(0.245089748806113 0.000658549232085606 0.00212952247506972 0.00172366417991898 -0.00449471892935108 0.0151615634820115)
(0.182764044797577 0.000407724916358674 0.00163531611297056 0.000952425664408802 -0.00290135141280045 0.0117037818136827)
(0.132904482254128 0.000240538059913526 0.00121256929524807 0.000497037561849209 -0.00179117678379204 0.00876173485432422)
(0.0934392357969758 0.000133222361109656 0.00086240811693621 0.000241094312390035 -0.00104503970471966 0.00631042171711567)
(0.0627429867308143 6.79569477879442e-05 0.00058245333223969 0.00010620571138948 -0.000566438535115723 0.00432302188255811)
(0.0394481754343849 3.09337455665102e-05 0.00036678974023653 4.08657175089124e-05 -0.000277073186326177 0.00276297682093112)
(0.0224462741856216 1.19287708619269e-05 0.000208482060444741 1.28464237540216e-05 -0.000116351210619855 0.00159346110676783)
(0.0107938876109096 3.51163075293469e-06 0.000100009144555191 2.8794657569858e-06 -3.78888671075471e-05 0.000774951871708146)
(0.00367211854129814 6.0145931706352e-07 3.39071333146327e-05 3.21918176092195e-07 -7.32362021465714e-06 0.000266054823633085)
(0.000392098360695545 1.79761911125345e-08 3.60665779518848e-06 3.64797049748591e-09 -2.52879921540174e-07 2.86115644160641e-05)
(38.7812322629163 0.0698434280446642 1.63172826495346 3.77105225151615 -0.00962819556336024 0.333878227561004)
(38.1496437175294 0.223482778095102 1.6045347634098 3.69136260750297 -0.0188301404308663 0.328285032954297)
(36.767181949434 0.240634018411498 1.52837306995616 3.57986650480246 -0.0237105866551833 0.314775875712856)
(35.0658101249657 0.130609805683171 1.4319030760654 3.43792196983302 -0.0215851843927731 0.294433191748466)
(33.2281186058224 -0.0678720625047766 1.34648216860601 3.26863192966867 -0.0194556036478759 0.274153640096431)
(31.5454035319609 -0.271240919176666 1.26958198973172 3.09798207004043 -0.00918175117737038 0.251932509473145)
(30.0997546164731 -0.431345966394369 1.20325717677561 2.94945200342722 0.00126185589771548 0.230496165571867)
(28.6425382080084 -0.570965821630945 1.12241791428359 2.82337606261874 0.00783416374167827 0.209267711794568)
(27.2430826078015 -0.723195827092229 1.04622320920584 2.70158381296992 0.00557006476055598 0.188480223451918)
(26.0400219665943 -0.866640154249568 0.986467185084824 2.56643871922514 -0.00430024434782282 0.168604057821381)
(24.8990195136981 -0.972647172252923 0.935184697112655 2.41478645335671 -0.02074663327172 0.150436150093219)
(23.7518344643182 -1.0350643560287 0.889890477505574 2.24699598722558 -0.0433913584995988 0.134092051961524)
(22.5192323217728 -1.04939840344778 0.849288234253282 2.06346331308634 -0.0715933098877981 0.120609509295825)
(21.1638859286118 -1.01841357782723 0.812851110061511 1.86532547836618 -0.101871330972456 0.110782374627704)
(19.6896568166874 -0.943939211299472 0.7785871394325 1.65791074263373 -0.130418760063184 0.104214061742407)
(18.1012224990746 -0.8316260564106 0.741014131895983 1.44957515314839 -0.153923495288979 0.100853718643289)
(16.4130335399564 -0.693696106755817 0.694608431361878 1.24871994981278 -0.17002949578514 0.0997647221778561)
(14.651236345157 -0.545213689705065 0.635558707213621 1.0618493834338 -0.178139682981077 0.0994276172754839)
(12.8539677717136 -0.401131162335635 0.563100795266078 0.892626609397606 -0.179024680959789 0.0985152302867677)
(11.0729438016683 -0.273504460114658 0.4800197890219 0.742279036050642 -0.174079301998598 0.0962363228620281)
(9.36628955664279 -0.169762687690443 0.39179464003422 0.610436953820976 -0.16482799939882 0.092369014940898)
(7.78875779663164 -0.0923886811276242 0.305083516959662 0.495966161430139 -0.152643843699733 0.087077836393646)
(6.38247234612581 -0.0397837755377594 0.226127838444851 0.397578051302899 -0.138668373999761 0.0808263100194298)
(5.17006435636783 -0.00774787204002439 0.15938805218343 0.31400048458264 -0.123786914307847 0.0742366568245359)
(4.15387306127151 0.00903027728882948 0.106889062742437 0.243987599497964 -0.108637746402638 0.0678191729432284)
(3.32156033504528 0.0156997132920078 0.0684547400161622 0.186337924598843 -0.093719167021258 0.061843162902408)
(2.65077603111711 0.0165101058585441 0.0422130221517057 0.139776071627589 -0.0794293341981283 0.0563342059287107)
(2.11517016208755 0.0145025839012569 0.0254598364230454 0.102938280216154 -0.0660946933015025 0.0511782533434279)
(1.6890151833073 0.011566182857459 0.015421380025985 0.0744080187108484 -0.0539742073781631 0.0462337439450354)
(1.35014617132144 0.00870360889000583 0.00974271316851786 0.0527915083533948 -0.0432557468081991 0.0414168981165851)
(1.07976296955013 0.00632254791283004 0.00664845292312384 0.0367499184734694 -0.034012877810732 0.0366978192225817)
(0.863160915918533 0.00450184381603275 0.00495966981536202 0.0250870407557227 -0.0262383369385174 0.0321058034579644)
(0.688866787915599 0.00317249335558864 0.00396949767687385 0.016777310690565 -0.0198487209652674 0.0277009623687914)
(0.547939017625566 0.00222076213038476 0.00329636075364011 0.0109728611041156 -0.014709847237033 0.0235447780761869)
(0.433652324259703 0.00154333990010703 0.00276067516704973 0.0070038328222523 -0.0106681083434397 0.019699348529228)
(0.340527189136612 0.001058155476683 0.00228906986607992 0.00434636485400851 -0.00755078447279476 0.0161949446368258)
(0.264590850972158 0.000710698282646905 0.00186150015039629 0.00261143675000393 -0.00520174472775755 0.0130614692258597)
(0.20270412775054 0.000463506894655595 0.00147712445746923 0.0015106157187421 -0.0034744075689951 0.0103101716851285)
(0.152393580038801 0.000290548961125527 0.00113936587650547 0.000834760278552914 -0.00223753729230396 0.00793696513804349)
(0.111691612614714 0.000172818946666937 0.000849976957383051 0.000435435605643116 -0.00137723703625172 0.00592439385756316)
(0.0791533798801578 9.62265601388481e-05 0.00060961597821971 0.000211283886363886 -0.000801668303457016 0.00425817411269989)
(0.0535544833660501 4.91228473834814e-05 0.000415723678453107 9.30823256861789e-05 -0.000433452773038483 0.00291211123116718)
(0.0339197906401675 2.22996876856747e-05 0.000264652170107457 3.58762381127644e-05 -0.00021165855041273 0.001859073948034)
(0.0194319951399249 8.52580205772751e-06 0.000152111175110231 1.12945003210626e-05 -8.86980638210357e-05 0.00107095217634676)
(0.00939533247715734 2.46160230112452e-06 7.37509504247355e-05 2.51840202834494e-06 -2.87432720264178e-05 0.000520217781977655)
(0.00322202780070341 4.14777396992914e-07 2.53381438906979e-05 2.85660002659573e-07 -5.58041457886827e-06 0.000178813731671742)
(0.00034481792253806 1.18523279359858e-08 2.71922336014434e-06 3.19440329434481e-09 -1.9093540852463e-07 1.9205127567227e-05)
(33.8120996531866 0.0581301775664524 1.27965441528211 3.35222239043148 -0.00764878671011865 0.243124938256074)
(33.2159514320778 0.192791318851164 1.25635535359266 3.27903834057757 -0.0153519300910949 0.239006659879665)
(31.9191799534117 0.210893343889177 1.19264150305298 3.17613021939243 -0.019165667394895 0.229007389589368)
(30.3243722131174 0.120628239397441 1.11086432342343 3.04864506193515 -0.0180603096133405 0.214090203509464)
(28.6258023889825 -0.053655961996121 1.04020429687681 2.89406672098395 -0.016922740864064 0.19906378741047)
(27.0790313296711 -0.229545421577616 0.976867413848655 2.73928508511612 -0.0088892539035344 0.182642168833047)
(25.7651726929887 -0.366372079995673 0.922774484083702 2.60661965155254 -0.000970609349940979 0.166854186022297)
(24.4564463002821 -0.488158116315351 0.857564697631537 2.49535586975552 0.00438469595095501 0.151254559580569)
(23.2232131581908 -0.626153905361699 0.796979932161137 2.38923697471868 0.00290867417477029 0.136060771382916)
(22.1843941677835 -0.758793999580566 0.749243306570412 2.27357961716518 -0.00398412455225836 0.121504258331406)
(21.2186654074026 -0.859783284854993 0.708990180780654 2.14524707765775 -0.0159370276896458 0.108239592719042)
(20.2557085180693 -0.922781175038735 0.674018591323766 2.00351545699555 -0.0327194001770103 0.0963095136814232)
(19.2217995097662 -0.943258275995251 0.643794625552008 1.84694771355607 -0.0542133200504129 0.0863944354287206)
(18.0818062411007 -0.921615479633776 0.618079031326332 1.67557166297296 -0.0775636001210584 0.0791150687873833)
(16.8327143594381 -0.858045387111479 0.594575385716795 1.49372088213149 -0.0998927071479169 0.074150333097118)
(15.4746423262336 -0.757467687861375 0.568805058933507 1.30890291427267 -0.118561067745622 0.0715116784201116)
(14.0168642367828 -0.631265469193492 0.535923406465499 1.12891490071521 -0.131513818027917 0.070552850557224)
(12.4830658480798 -0.494214227051331 0.492348322200684 0.960186817093945 -0.138136756964432 0.0701691899734369)
(10.9115904099819 -0.361123245239999 0.437260284181937 0.806680981038319 -0.138979687602792 0.0693795323281679)
(9.3519952088786 -0.243772282867823 0.372804976631239 0.669882635700175 -0.135169392713308 0.0676013657761519)
(7.86160687620196 -0.149332478832094 0.303691854413002 0.549834524358061 -0.127950887645693 0.0646831188670024)
(6.4917256584838 -0.0799202507497392 0.235561477140702 0.445691051591642 -0.118445468494707 0.0607563107629028)
(5.27945018683843 -0.0336274395307989 0.173579188514677 0.356333338635603 -0.107568253435475 0.0561732231543133)
(4.24378681861395 -0.00615425299954948 0.12143651075457 0.280628945397052 -0.0960192280644282 0.0514049495113614)
(3.38449974581846 0.00771387787052736 0.0807231074962244 0.217409569753445 -0.0842787948476826 0.0468219324540136)
(2.68803128568877 0.0128539054558131 0.0511791212251429 0.165519706165962 -0.0727057107797079 0.0426014616912876)
(2.13289433397695 0.01314405049063 0.0312186889101036 0.123759652676494 -0.0616024895265624 0.0387423449830307)
(1.69456519425129 0.0112557137365304 0.0186214852973687 0.0908483220429713 -0.0512265048938216 0.0351471172576426)
(1.3494851193062 0.00877170202024913 0.0111574854162773 0.0654589084995859 -0.0417859935593065 0.0317027328541605)
(1.07761627459236 0.00647265433148347 0.0069774626866375 0.0462944381435776 -0.0334326192429525 0.0283443797295784)
(0.862552516251278 0.00463791021081762 0.00472220432043754 0.0321317639122752 -0.0262370712690901 0.0250572838228314)
(0.691344877163838 0.00328233553067606 0.0035003761121308 0.0218744481683333 -0.0201929101668062 0.0218621817510896)
(0.554136322286059 0.00231821362134621 0.00278899810909168 0.0145929143084234 -0.0152361059989978 0.0188045500915952)
(0.443364715924778 0.00163848366489489 0.00231013817519822 0.00952445209670341 -0.0112605180536012 0.0159299841140819)
(0.35335084432352 0.00115486899007677 0.00193356001881821 0.00606815581910971 -0.00814136287026323 0.0132793092507625)
(0.279719321483292 0.000804955766954435 0.00160631936788619 0.00376075807481476 -0.00574475404473057 0.010877225423175)
(0.219269830533785 0.000549383555406052 0.0013123530872066 0.00225786924923707 -0.0039458758141792 0.00874222324625063)
(0.169522576039993 0.000363148344818201 0.00104885657089557 0.00130541354417447 -0.0026274378394116 0.0068773361525597)
(0.128603428962617 0.000229863994316753 0.000816585967351234 0.000720994366981109 -0.00168621567036106 0.00527616666314865)
(0.0951203275360294 0.000137637240655909 0.000616406010508807 0.000376230079005403 -0.00103488030315153 0.00392787274368582)
(0.0679972389474618 7.68072157882912e-05 0.000447968456568225 0.000182586616401 -0.000600482246005304 0.00281639148755137)
(0.0463767324163959 3.91139321429336e-05 0.00030976895159007 8.04315599337476e-05 -0.000323465190616807 0.00192139256406323)
(0.0295967698151116 1.76255619759724e-05 0.000200135126826808 3.09800602386032e-05 -0.000157384450737726 0.00122468866494772)
(0.0170762546075773 6.65726554165395e-06 0.000116780462858703 9.75615634976445e-06 -6.57529321373963e-05 0.000704875597360275)
(0.00831401477780108 1.88959620449524e-06 5.74690610158255e-05 2.18722504463008e-06 -2.12776830049078e-05 0.000342101862573349)
(0.0028638776757931 3.07022852039903e-07 2.001191000923e-05 2.4520818403346e-07 -4.10244529860137e-06 0.000117599507731493)
(0.000309507858013975 8.48859366407409e-09 2.18394729194934e-06 2.83328049820787e-09 -1.41689057776043e-07 1.26566609508501e-05)
(28.737911358747 0.047900702736691 0.974007029250129 2.94962824919203 -0.0059051767100642 0.173141293788228)
(28.1975207641323 0.163280749713157 0.9549905601369 2.88364484685209 -0.0122098613043557 0.170184902871156)
(27.0278195723043 0.181046530783198 0.903733288797719 2.78997972591623 -0.015166013925065 0.162934703403591)
(25.5883983074984 0.107569924054061 0.837072113049544 2.67610911714237 -0.0147775373416803 0.15223379304773)
(24.0738078277993 -0.0434175649089754 0.780785031966402 2.53643417433299 -0.014243175055586 0.141367709478847)
(22.69931501581 -0.193006220821484 0.73048604867373 2.39734209228299 -0.00818102178686335 0.129521176387674)
(21.540080961055 -0.308326033358569 0.687876599698509 2.27916948692352 -0.00237849765641808 0.118147152186317)
(20.3950823891282 -0.411905867150744 0.63685350123809 2.1809365238642 0.00186871005575973 0.106950433171601)
(19.3321968565469 -0.532905360996942 0.590099053979758 2.0882749372737 0.000912031550014644 0.0960808653268114)
(18.4496129034523 -0.650472252740945 0.553110086615172 1.98936188269334 -0.00379128793628424 0.0856913868982069)
(17.6430647745716 -0.741904977134266 0.522293067310258 1.88111676536308 -0.0122967856525226 0.0762068630597527)
(16.8476329735731 -0.800916971146323 0.496005445800583 1.76225903985745 -0.0244127613946192 0.0677301617501771)
(15.9972665607438 -0.823718380558644 0.473990931068475 1.63004529595888 -0.0403552216778639 0.0606093028134505)
(15.0600226555554 -0.808721101806833 0.456338666661975 1.48354538414612 -0.0579189503949468 0.0553360633396808)
(14.030004592861 -0.755206297709169 0.44078898961241 1.32636560698037 -0.0749338733892837 0.0516731137549301)
(12.901780762661 -0.667234059689788 0.423787234101144 1.16474162291709 -0.0893887260002831 0.0496434110488586)
(11.6808055654023 -0.554977708284133 0.401326614157877 1.00578396373439 -0.0995489827136606 0.0488186228668804)
(10.3867529471244 -0.432182323113473 0.370249276548721 0.855656072619805 -0.104824422053218 0.0484275652001163)
(9.05516267453354 -0.312902818541745 0.329680178494662 0.718434202846212 -0.105592570951975 0.0477598797316956)
(7.73203263173796 -0.208268370293836 0.281283516828726 0.595859962890564 -0.102741889803733 0.0464079310270708)
(6.46930580836423 -0.124874430414883 0.228812992855694 0.488213364252212 -0.097253286159258 0.0442594475561855)
(5.31361984241414 -0.0645241752659595 0.17690485989425 0.394918963729432 -0.090023253977679 0.041423044132486)
(4.29627754080316 -0.0251192427127556 0.129663424149529 0.314988071477727 -0.0817615214077236 0.0381511815274376)
(3.43327370537324 -0.00247370015593408 0.0900745779422848 0.247426247281007 -0.0730072100109 0.034791930535562)
(2.72293217631013 0.00835259165657788 0.0593658760358904 0.191155577427718 -0.0641086709217247 0.0316039727301924)
(2.15230096826836 0.0118389485957137 0.0372846790343579 0.145111384970592 -0.0553260486838388 0.0287026856156906)
(1.70132056319089 0.0114440383108395 0.0225105355789792 0.108162767054538 -0.0468732457734457 0.0260696360152533)
(1.34823726663207 0.00945919247762126 0.0132870665210083 0.0791366196837585 -0.0389514893858125 0.023622920422475)
(1.07270114715886 0.00717913026123756 0.00789105187133832 0.0568305182565153 -0.0317352925814552 0.0212813948502587)
(0.857293304813147 0.00519469195245799 0.00490655382698112 0.0400591849249273 -0.0253475223159267 0.0189976992141937)
(0.687946155168073 0.00367615869439311 0.00331374243653778 0.0277124488140395 -0.01984790022999 0.0167597687091449)
(0.553810663371304 0.00259116722311554 0.00245988309557718 0.0188085349085756 -0.015236715935086 0.0145878656317693)
(0.446555771292406 0.00183715836379033 0.00196571662099575 0.0125119018102479 -0.0114629175808488 0.0125119276571507)
(0.359965884640764 0.00131173846294107 0.00163451740358954 0.00814605291680157 -0.00844538012274768 0.0105659361583464)
(0.289357606465613 0.000936987451175467 0.00137483292237641 0.00517860650127478 -0.00608492898066771 0.00877683969557209)
(0.231269377862637 0.000662328123153939 0.0011500380646962 0.00320455942306015 -0.00427915309135776 0.00716412393539558)
(0.183122857443386 0.000457585961919864 0.000948048691041075 0.00192170893469254 -0.00292852553495662 0.00573691395177606)
(0.14302573062171 0.000305246516385197 0.000766181744768897 0.00111012577289389 -0.00194236880446776 0.00449622154788452)
(0.109607811093718 0.000194305490589641 0.000604458891253251 0.000612821033870891 -0.00124157247752806 0.00343725303510883)
(0.0818793324620116 0.000116585158154286 0.000463190006068795 0.000319843671087538 -0.000759149473531333 0.00255131030647488)
(0.0590800276172142 6.49243656935384e-05 0.000342004335142108 0.000155282067607359 -0.000438699984571064 0.00182416757902815)
(0.0406565381825661 3.28585554249461e-05 0.000240494095196116 6.8467570615042e-05 -0.000235494592029809 0.00124226139370887)
(0.0261602803070987 1.4635715451067e-05 0.000157986112956462 2.63982287015179e-05 -0.000114177018390291 0.000790822092457332)
(0.0152043386335664 5.42179814659723e-06 9.36689636763502e-05 8.31208909312156e-06 -4.74946400257676e-05 0.000454682785744571)
(0.00745249111392203 1.49473216585174e-06 4.68047166555155e-05 1.86474774927033e-06 -1.53080124632129e-05 0.000220555782290393)
(0.00258242799144715 2.31531712372223e-07 1.65252714937134e-05 2.08917811812858e-07 -2.93506308406566e-06 7.57277664938818e-05)
(0.000280672225042573 5.97243166020327e-09 1.82853326201249e-06 2.46352747475308e-09 -1.01622556283737e-07 8.16872786414811e-06)
(23.8119909555897 0.0392908893577986 0.718836209643256 2.5644838220096 -0.00443020023463641 0.120310047412457)
(23.3418289853262 0.135985611307544 0.703983417786768 2.50611505148907 -0.0094589368937293 0.118233695387012)
(22.3245772337524 0.152441794891828 0.66426597428492 2.42213867600142 -0.0117252107741662 0.113094299260012)
(21.0728541945551 0.0930810857946165 0.612182058387286 2.32120228928147 -0.0117953611887331 0.105630040608953)
(19.768295634449 -0.0354806573573473 0.56890155861587 2.19665543399097 -0.0115980594206631 0.097957041991928)
(18.5869782215818 -0.160661059319684 0.530392461772678 2.07311092407207 -0.00718499324537983 0.0896199144073578)
(17.5952512645912 -0.256359467014218 0.498085679274634 1.96850125581944 -0.00307359498501721 0.0816387565875402)
(16.6213336000858 -0.342378981261165 0.459459428610821 1.88203182653976 0.000196409412846648 0.0738105485256206)
(15.7277938658893 -0.445358332443447 0.424486804360387 1.80124587376602 -0.000419906343521809 0.0662142833349918)
(14.9926533835913 -0.545921159867255 0.396727913392292 1.71682669457864 -0.00356526815606552 0.0589888282896394)
(14.3305105343065 -0.625219545471193 0.373864118735571 1.62592177046247 -0.00948321169226024 0.0523846591004325)
(13.6840559287266 -0.67752931353223 0.354607708793827 1.52684258265243 -0.0180269683870491 0.0465036158978672)
(12.9981307354812 -0.699764475681448 0.339043494449863 1.41625967057146 -0.0295402033360184 0.0415388742981908)
(12.244769558932 -0.689382954532372 0.327271056779118 1.29266411336999 -0.0424058439485667 0.0378127030537897)
(11.4157956610515 -0.644991607700777 0.317355112902523 1.15876836013879 -0.0550421170382983 0.0351820501505528)
(10.5027911868657 -0.569873939757855 0.306603517994956 1.01959822779858 -0.0659451004521459 0.0336675804157587)
(9.50835304226296 -0.472832093866319 0.291826735201156 0.881483853151995 -0.0737088255635389 0.0329872169736676)
(8.44810489169226 -0.366084056768837 0.270421154075038 0.750131990699203 -0.0778055940792842 0.0326259086431096)
(7.35144108528306 -0.262303074991976 0.241456605198553 0.629459357303849 -0.0784802063626463 0.0320832255746618)
(6.26120298765535 -0.171759218980797 0.206255477185708 0.521516057361017 -0.0764077621117354 0.0310804948238634)
(5.22122280365667 -0.100267836313273 0.167661209117457 0.426655756566392 -0.0723447824648246 0.0295478407035887)
(4.27102603384567 -0.049255837902105 0.129232706791291 0.344455829342945 -0.0669722349940414 0.0275519942312679)
(3.43914829961848 -0.0167461412848279 0.0943092092115944 0.27419044197193 -0.0608555202822888 0.0252867680630748)
(2.73668861621788 0.00128754191427363 0.065091321750002 0.214888184386274 -0.054373547080457 0.0229826454389309)
(2.16234219606066 0.00930623517444073 0.0425734725960748 0.165613713543603 -0.0477843332027189 0.0208268547022666)
(1.70384378786792 0.0113196872468428 0.0265002957832864 0.125375284881008 -0.0412583283362665 0.018886029441399)
(1.34400906116075 0.0103252626774226 0.0158502465933432 0.0931729543650491 -0.0349552267052085 0.0171362373216206)
(1.06425587529782 0.00824217973358341 0.00927593624298237 0.0679521985780726 -0.0290304996775109 0.0155153123554062)
(0.847351943761401 0.00610428433099792 0.00547578886780786 0.0486334499139338 -0.0236219493784452 0.0139635464003042)
(0.67881411392319 0.00434217384956938 0.00340113182037773 0.0341624645546555 -0.0188323341063168 0.0124488809689295)
(0.546971104743303 0.00304295608789096 0.00230764672658112 0.0235512326970831 -0.0147111860971465 0.0109639194209689)
(0.442907073558235 0.00213998520865274 0.00172696626862041 0.0159304920445594 -0.0112620194335292 0.00952296089290872)
(0.359811850553569 0.00152430910643501 0.0013923399414938 0.0105641590727238 -0.00844630002096422 0.00814778353399734)
(0.292623226997622 0.00109857016487562 0.0011675781951602 0.00685830466463206 -0.00620139152222482 0.00686096537491028)
(0.23757490554574 0.000793611945946762 0.00099056972676909 0.00434901523814051 -0.00445120020152622 0.00568080061397424)
(0.191927931233581 0.000567061738892233 0.000836701311986394 0.00268560585793604 -0.00311759802195968 0.00462068974351596)
(0.15366912960357 0.00039520526927111 0.000697664206916265 0.00160797313628701 -0.00212439388848848 0.00368644383132914)
(0.121381475209763 0.000265206287696995 0.000571409163778493 0.000927989850789184 -0.00140290458803698 0.00287872553939236)
(0.0940584953788074 0.000169276378911494 0.000457600349209473 0.000512082681682321 -0.000892804492031709 0.00219321863483983)
(0.0710119966501978 0.000101476809677955 0.000356278692114212 0.00026731233726404 -0.000543404556247124 0.00162273411366729)
(0.0517485653396528 5.62096050701842e-05 0.000267376831754773 0.000129761321279488 -0.000312401155997507 0.00115671897217206)
(0.0359444302350781 2.81735042875232e-05 0.000191102451413823 5.72860175621947e-05 -0.000166924642313215 0.000786041759471273)
(0.0233250609178118 1.23441391923474e-05 0.000127512328768517 2.21149261660118e-05 -8.05280326844265e-05 0.00049951083526032)
(0.0136642908403786 4.45493976750246e-06 7.67623685620944e-05 6.97327757663185e-06 -3.33615020160045e-05 0.000287186831816246)
(0.00674509379917889 1.17780582655591e-06 3.88938078458955e-05 1.56737606280137e-06 -1.07030629700777e-05 0.000139316096689469)
(0.00235185933201734 1.69487890801319e-07 1.39036239143525e-05 1.76078144500164e-07 -2.04136716657925e-06 4.78137505664253e-05)
(0.000256804601460289 3.73610005404058e-09 1.55488447694736e-06 2.04127567437417e-09 -6.98984580319815e-08 5.15954890620205e-06)
(19.2414565371142 0.0320078661507697 0.513796017469089 2.19861137695885 -0.00323496475894247 0.081322048885604)
(18.8467998614454 0.111391140661197 0.50274252948163 2.14782964867514 -0.00712982940153333 0.0799073486420384)
(17.9932202909744 0.125966008259694 0.473133215859099 2.07384000168182 -0.00884198221601882 0.0763641882322427)
(16.9415687220414 0.078381054400534 0.434010938381991 1.98528344239087 -0.00916143629930045 0.0712956192583661)
(15.8551483069629 -0.028909403424137 0.401975973851521 1.87600895568413 -0.00913730828518936 0.0660341151548351)
(14.8729704820777 -0.131814962255721 0.373626511373711 1.76788602953472 -0.00604243233903283 0.0603403180862549)
(14.0499525860867 -0.209958834093707 0.350041939463976 1.67616664036702 -0.00321813579986704 0.0548892851858694)
(13.2452732699921 -0.279725854949026 0.321784779760268 1.60060567514014 -0.000775960189244708 0.0495703100823851)
(12.513470980767 -0.365014462796695 0.296460189533334 1.53060511382263 -0.00117142424666635 0.0444018205027186)
(11.9150309581085 -0.448388107690095 0.276344242633476 1.45891642966794 -0.00323507182301205 0.0395217527573102)
(11.3819810577435 -0.514745339285957 0.259938021133052 1.3829961317258 -0.00726521876982303 0.0350509961819429)
(10.8662830583335 -0.559049911037073 0.246295005472862 1.30098910367668 -0.0131487419721289 0.0310907460157125)
(10.3235690720242 -0.579118708669017 0.235556044360913 1.20951781827297 -0.0212419046701262 0.0277176824632522)
(9.73088112617512 -0.571842866708825 0.227976106022071 1.10667981174121 -0.0304185787979445 0.0251653828197241)
(9.07817153617139 -0.535608979908492 0.221903230863988 0.994341316433506 -0.0395658151596092 0.0233336502339448)
(8.35700931890578 -0.473070495566772 0.215398792533389 0.876544439891665 -0.047569484204412 0.0222391072125495)
(7.56700513972081 -0.391436766857102 0.206050861463587 0.758604635852042 -0.0533480962219016 0.0217096354495545)
(6.72073020706492 -0.301289833017199 0.191775533336754 0.645762425466994 -0.0564427390940539 0.0214000454661709)
(5.84270100105413 -0.213666329506158 0.171791132305085 0.541704957206188 -0.0570094722726116 0.0209796553292161)
(4.96727489071425 -0.13747019026938 0.146947738758806 0.448363062633677 -0.0555448930776183 0.0202632308839056)
(4.13264541401255 -0.0778471506855545 0.119411932712407 0.366327082136884 -0.0526114911229721 0.0192031902314764)
(3.37175063568177 -0.0359210422550133 0.0918626827334904 0.295310007219591 -0.048724456772196 0.017845212481399)
(2.70710344981762 -0.00978559098870706 0.0667643884848972 0.234653287106396 -0.0442991462532304 0.0163189550712535)
(2.14849981213016 0.00412862570771985 0.0458335538224937 0.183557142705731 -0.0396190809539996 0.0147888297140501)
(1.69368906615703 0.00979314241113586 0.0297690415252498 0.141157718802474 -0.0348505394204917 0.0133725216773247)
(1.33239346208361 0.0106649327893739 0.0183801993655625 0.106592359954843 -0.030108911273027 0.0121095152871705)
(1.05044870797484 0.00927254473232428 0.0109056858043225 0.0789954637011424 -0.0255117356512061 0.010979254852898)
(0.832272481079307 0.00718784732007488 0.00633665204549425 0.0574279454274706 -0.0211715396522747 0.00993377165030328)
(0.664187310733384 0.00521754696249401 0.00373193569488992 0.0409707745225157 -0.0172073911077961 0.00893480701711033)
(0.534057443922201 0.00366180302563469 0.00232543880911748 0.0286775182306175 -0.0136907148727055 0.00795662330891885)
(0.432677754586719 0.00254878061628746 0.00159350740065074 0.0196990610883244 -0.010667948240078 0.00699815170670463)
(0.352852844440769 0.00179211774229393 0.00120781275772444 0.0132769399343041 -0.00814243460086284 0.00606751700698539)
(0.289142686733689 0.00128359944025703 0.000985656571965899 0.00877404954271569 -0.00608609427290913 0.00518042169495421)
(0.237485621319715 0.000933465375630793 0.000835226727019356 0.0056770524698157 -0.00445096887819693 0.00435094138615502)
(0.194976250768977 0.000681426741508751 0.000715882900230196 0.00359094313860948 -0.00318300532773102 0.00359362202822907)
(0.159342717293722 0.000491428864659975 0.000611055502818589 0.00221159089282324 -0.00221878865078339 0.00291295873965385)
(0.129119934150104 0.000345046959644042 0.000515681659517416 0.00132160052373455 -0.00150470802961503 0.00231592875762655)
(0.103214815394996 0.000232674129420757 0.000428079421925967 0.000761717052465634 -0.000988569642999021 0.00180192541417571)
(0.0809189317661584 0.000148806946240166 0.000347866435087429 0.000420067996725969 -0.000625761584016299 0.00136795167484451)
(0.0617733776324229 8.9068500685378e-05 0.000274977400756224 0.000219191094056575 -0.000378644175312822 0.0010085977874441)
(0.0454955733773336 4.90849985709533e-05 0.000209570497133161 0.000106517186401633 -0.000216538699178445 0.000717159633620544)
(0.0319119500976608 2.43314464344571e-05 0.000152049061273012 4.70567941443453e-05 -0.000115046215947597 0.000486460900252654)
(0.0208907354570285 1.04609791578713e-05 0.000102858374551922 1.81840560862998e-05 -5.51378289788858e-05 0.000308598953722064)
(0.0123414955588977 3.66661843784479e-06 6.27448182298961e-05 5.76124137014599e-06 -2.27445441833502e-05 0.000177476041411172)
(0.00613469777765244 9.14463633414928e-07 3.21611630288876e-05 1.29328298313915e-06 -7.23992562308984e-06 8.61024821479854e-05)
(0.0021570261534538 1.18646234669176e-07 1.16468117762719e-05 1.47024338810452e-07 -1.38238746429174e-06 2.97212842620889e-05)
(0.000235197710645421 1.81869426732051e-09 1.30555917184788e-06 1.6065158574073e-09 -4.58864543794415e-08 3.18710620933682e-06)
(15.16618805093 0.0258475494333284 0.355239464758594 1.85418038183877 -0.00229734017325661 0.0532763782662539)
(14.846600859883 0.0896386749258484 0.347389403812379 1.81083072358336 -0.00522117230455165 0.0523454677023699)
(14.154382415536 0.102045329642929 0.3261634195527 1.7469078443095 -0.00648845195564857 0.0499811753666893)
(13.2998128671433 0.0644320360041367 0.297908437053915 1.67037684596879 -0.00690677081884221 0.0466412232942088)
(12.4229796491494 -0.0232610738495268 0.275075404885139 1.57622214405744 -0.00696161918177519 0.0431450188220158)
(11.6320187325628 -0.106280557220278 0.255021728095227 1.48322132025129 -0.00486748418983978 0.0393840864068884)
(10.9697382323845 -0.168868951246971 0.238487756392145 1.40394199166658 -0.00298896532492377 0.0357798961442333)
(10.3238627763357 -0.224078794753148 0.218524015623627 1.33870819901913 -0.0012210679399113 0.0322768812125113)
(9.74030066840813 -0.292945556584406 0.20080316255625 1.27870216507527 -0.00147345545521442 0.028868372267896)
(9.26490785545013 -0.360197972791488 0.186754361462105 1.21830688177926 -0.00280623695343529 0.025676031205505)
(8.84483290729596 -0.414038514108142 0.175372204713536 1.15543656418734 -0.00549093346192268 0.0227399824030094)
(8.44169049382782 -0.450198948441778 0.166030059134754 1.08821238462544 -0.00944509151852968 0.0201563746279569)
(8.02093929746989 -0.467261356599435 0.158875856093068 1.01347293441626 -0.014982022563426 0.0179424205808439)
(7.5638071211387 -0.462107844839616 0.154154565917413 0.929183283383213 -0.0213565272692214 0.0162487148330378)
(7.06096422988476 -0.433107257960298 0.150612506291304 0.83657517303527 -0.0277944598769508 0.0150194317103169)
(6.50385430892003 -0.382335802137463 0.146869990232856 0.738702902182735 -0.0335075960658009 0.0142586245084131)
(5.89145076751716 -0.315591665201261 0.141197342633051 0.640015388593751 -0.0376836171670388 0.0138658795710496)
(5.2323241573051 -0.241567920658167 0.132000582401826 0.544996484124734 -0.0399565730341538 0.0136222587372866)
(4.54644564829226 -0.169607928955801 0.118640013580106 0.457050590812217 -0.0404149609165913 0.0133145260735309)
(3.86102945878955 -0.107218728750046 0.101649321018657 0.377993010238707 -0.0394074967412702 0.0128201206177233)
(3.20829413925567 -0.0588242831506288 0.0826389395081642 0.308543773224165 -0.0373473997427896 0.0121138963251923)
(2.61272539637149 -0.0251804656896222 0.063451469391863 0.248376624060929 -0.034600842271693 0.0112194120142309)
(2.09434325885272 -0.004696181348699 0.0459731635901686 0.197093857987477 -0.0314826815469244 0.0102262648988428)
(1.6597068702129 0.00576772813843372 0.0314068322022004 0.153924197215368 -0.0281856996885417 0.00924192015601419)
(1.30700766889407 0.0095956586761675 0.0202701707482235 0.118144724880915 -0.0248177228886838 0.00833928811043326)
(1.02793650619097 0.00968418381632181 0.0124270599919931 0.0890168297466273 -0.0214557754234819 0.00754280777893596)
(0.811008279322384 0.0081161166790316 0.00732209921716972 0.0657997771062174 -0.0181807190847408 0.00683442683388827)
(0.643905193013617 0.00614785643228007 0.00423490611066451 0.047701203085806 -0.0150795750976787 0.00618103553106516)
(0.515537447902024 0.00439264669111911 0.00249256390634977 0.0339183781715827 -0.0122375555577228 0.00555590019822223)
(0.416603826521636 0.0030530747269669 0.00156437249895917 0.023661601636825 -0.00971780118982536 0.00494416844687037)
(0.339706678184894 0.00211694613963685 0.0010859270497844 0.0161939972471253 -0.00755206273983518 0.00434335871972179)
(0.279301155812456 0.00149203287081453 0.000835575744549611 0.0108758904013479 -0.00574722040830315 0.00376141370397161)
(0.231050305118285 0.00107629705109598 0.000690566721595242 0.00716079227558677 -0.00428027579973698 0.00320603385058777)
(0.191831357281612 0.00079060852607097 0.000591271822739051 0.0046174484369244 -0.00311816222084467 0.0026875317271129)
(0.159299965539295 0.000583097579065997 0.000511398103787014 0.00290976043809353 -0.00221855907333071 0.00221328299859865)
(0.131810835353674 0.000424660679533689 0.000440948234768876 0.00178749763005345 -0.00153941531804965 0.00178957698803384)
(0.10815000668793 0.000300509836235322 0.00037631339277041 0.0010656921631529 -0.00103830041448141 0.00141829498327976)
(0.0875334074882761 0.000203796517219949 0.000316347971094249 0.00061319482884785 -0.000678171374021233 0.00109980425195081)
(0.0694599484417297 0.000130762383393165 0.000260592642474238 0.000337846429773963 -0.000426608056186064 0.000832100417721121)
(0.0536429215884388 7.82997145921625e-05 0.000208907357788139 0.000176260819129262 -0.000256448534202089 0.000611584773334252)
(0.0399419850993 4.3015269689251e-05 0.000161457788262506 8.5722451463046e-05 -0.000145686109229357 0.000433788845420383)
(0.0282984692892298 2.11457575112166e-05 0.000118683058907738 3.7917406303238e-05 -7.68198648725924e-05 0.000293568472663931)
(0.0187000232642696 8.94220357885161e-06 8.13013559615556e-05 1.46791723181451e-05 -3.65569279755104e-05 0.000186136492339192)
(0.0111369831938845 3.03093173207551e-06 5.01365554884673e-05 4.64672962301511e-06 -1.49330431293748e-05 0.000106977713574471)
(0.00558139941603412 7.12749824183764e-07 2.59728213896946e-05 1.05054601498315e-06 -4.72887571910906e-06 5.20352744432614e-05)
(0.00197122978458817 7.76374377873277e-08 9.46842553819419e-06 1.17775765946287e-07 -8.87310661471399e-07 1.79493322525531e-05)
(0.00021805130137124 4.87654925844668e-10 1.07826974376471e-06 1.37500167853658e-09 -3.00404537641251e-08 1.94926092664121e-06)
(11.6599459246529 0.0205919747918637 0.237252399813663 1.53379851954908 -0.00158119544576729 0.0336837011258186)
(11.4092809746475 0.0707138515040969 0.231856822890994 1.49763783674907 -0.00370702121399271 0.033084220570255)
(10.865347058021 0.0808830691273794 0.21721239550485 1.4435829767912 -0.00461685148464033 0.0315597655076363)
(10.1934602616524 0.0515597893133059 0.197659302755857 1.37867820716426 -0.00503849052286719 0.0294427537397013)
(9.50769985813672 -0.0183169505344648 0.182011085227928 1.29935494634654 -0.00511911814260236 0.0272045005485371)
(8.88988674673925 -0.0839227676224279 0.168381946599781 1.2209685622332 -0.00375539132125898 0.0248097599700902)
(8.37206910634055 -0.132997480074042 0.157215133776729 1.15366964626901 -0.00254662914304871 0.0225025338304787)
(7.86820132375279 -0.175699225888187 0.143632925773059 1.09823271643816 -0.00130874852525191 0.0202791849163233)
(7.41608774281029 -0.229859822746923 0.131704290547208 1.04763188284692 -0.0014682652607156 0.0181170629836977)
(7.04789334281815 -0.282694044441277 0.122248192485212 0.997411641266209 -0.00231493837176655 0.0161007602274097)
(6.72470016830312 -0.325122697069543 0.114642028110362 0.946023780522635 -0.00405728233772272 0.0142422103353489)
(6.41656629232333 -0.353715560371482 0.108492787802535 0.891606567460416 -0.00664878382421445 0.0126182985143115)
(6.09692153487753 -0.367608408223831 0.103888289466358 0.831411727270336 -0.0103341680840276 0.0112160725145336)
(5.75156130866612 -0.363941687016317 0.101066766234943 0.763521812797727 -0.0146377520563211 0.0101346246040172)
(5.37194372448533 -0.341250612579602 0.09909576764815 0.688642114762292 -0.0190371332775615 0.00933948065524311)
(4.95082793682207 -0.301096706709134 0.0970668172968825 0.608996705553994 -0.0229940982071398 0.00883330622213948)
(4.48661225436173 -0.247995051394477 0.093769664845421 0.528174738651716 -0.025921863702444 0.00855796204388232)
(3.98527050949057 -0.188880974844285 0.0880518869856449 0.449923417945273 -0.0275401788901049 0.00838061446736562)
(3.46231103723478 -0.131405452711257 0.0793953207955776 0.377277576935538 -0.0278895561503718 0.00816370344732371)
(2.93928420310006 -0.0817282351309624 0.0681718765263924 0.311869618697128 -0.0272185985458581 0.00783854824414869)
(2.44022256537552 -0.0433922722487635 0.0554371675822455 0.254316641773165 -0.0258088008099066 0.00738639769478674)
(1.98585105200623 -0.0170831044169424 0.0425291020228499 0.204535839566743 -0.0239235768026013 0.00682056614558374)
(1.59072211440213 -0.00138505044708757 0.030733434103852 0.162123204553216 -0.0217847580867803 0.00619809457570382)
(1.25996727978624 0.00631160716892521 0.0209036018010213 0.126442450796375 -0.0195224298340191 0.00558584102166043)
(0.992338633327536 0.00878816745794785 0.0134187011616697 0.0968970906226735 -0.0172083128863021 0.00503163830136855)
(0.781118223256492 0.00841682273289283 0.00817508497911681 0.0728673442279466 -0.0148866992926254 0.00454566832793667)
(0.617386763029581 0.0068621265466019 0.00478781513310772 0.053735909183151 -0.0126142821509009 0.00411635317968212)
(0.49165503817961 0.00510605869203641 0.00275920165654816 0.0388507630773488 -0.0104550848977723 0.00372140262109036)
(0.395354783199896 0.00360527309603951 0.00162662142962187 0.0275421312317917 -0.00847246130315478 0.00334349079566065)
(0.321347233238737 0.00248964168756356 0.00103007843957353 0.0191509495365072 -0.00671419845443929 0.00297367928004412)
(0.263985666124184 0.00172526513208234 0.000725541660498618 0.0130637574540616 -0.00520534854658018 0.00261086944300563)
(0.218920428346211 0.0012217537698183 0.000566190162482047 0.00874027006382915 -0.00394803292231436 0.00225853694583067)
(0.182929664346163 0.000889575272807424 0.000473222732596321 0.00573337611788742 -0.00292951659815576 0.00192276977525032)
(0.153574817872838 0.000661014558409909 0.000408599314330338 0.00368311112410395 -0.00212489995142403 0.00160924290761304)
(0.129074057682165 0.0004933262119866 0.000356108447935316 0.00231299986592598 -0.00150475625864379 0.00132287636858055)
(0.108136506935119 0.000363135570197979 0.000309589206203961 0.00141624308612004 -0.00103835223422301 0.00106711260459219)
(0.0898587987907135 0.000259337326059164 0.000266813657634439 0.00084209399998438 -0.000696141182098735 0.000843496584886948)
(0.0736529890695755 0.000177187015249044 0.000226864870869349 0.000483555686479474 -0.000451678485357775 0.000652170818720281)
(0.0591723927487247 0.000114334408690743 0.000189251306333231 0.000266119786027362 -0.000282122652950273 0.000491993052136126)
(0.0462401404019476 6.86993192047906e-05 0.000153699549987577 0.000138770244100522 -0.00016824019039402 0.000360513762668757)
(0.0348177617614013 3.77705019857383e-05 0.000120335864543377 6.75219076808413e-05 -9.47748250667497e-05 0.000255090833244826)
(0.0249296071190526 1.85120758687371e-05 8.95601593967827e-05 2.9916382056569e-05 -4.95479389930394e-05 0.000172408755430149)
(0.0166360792199647 7.7555225906647e-06 6.2060928585679e-05 1.16119018114381e-05 -2.33707066817913e-05 0.000109319984351488)
(0.00999544008652584 2.5707940150665e-06 3.86530990595565e-05 3.68479940930307e-06 -9.44623901928435e-06 6.28661639135876e-05)
(0.00505103665577113 5.73703084660245e-07 2.0217129807627e-05 8.36455697789125e-07 -2.96576434808964e-06 3.07099112269669e-05)
(0.00180012737072776 5.36414894705989e-08 7.43476581723863e-06 9.5772934586467e-08 -5.53959243456094e-07 1.06464921944929e-05)
(0.000199464862012297 -3.67697344538537e-10 8.49800644300001e-07 1.07176511269446e-09 -1.8228795154323e-08 1.161907444832e-06)
(8.73659306144856 0.0160681624669509 0.152575668383028 1.24046780084005 -0.00105844497961388 0.0204179922365985)
(8.54662484547733 0.0545153231545233 0.149086065911166 1.21097059249545 -0.00254286877586764 0.0200562132754134)
(8.13329233559719 0.062568736045502 0.139422305436517 1.16643564385867 -0.00317320247522516 0.0191198091963107)
(7.62084338272795 0.0402514447381718 0.12640183627474 1.1126765354525 -0.0035432284868072 0.0178244445707945)
(7.10048928972915 -0.0140642341130694 0.116120075855523 1.04745016929451 -0.00362266978436806 0.0164522114468973)
(6.63208411198308 -0.0647164986579583 0.107227394159933 0.98292754571158 -0.00276788837341088 0.0149897082351565)
(6.23998309075709 -0.102234415864959 0.100039511798094 0.927129413363087 -0.00201913330528001 0.01358108759072)
(5.85794473147362 -0.134425319151163 0.091146513114636 0.880997377748074 -0.00118362107135285 0.0122249494608407)
(5.51710575923974 -0.175914077027981 0.0834098909049904 0.8392046381814 -0.00128169498422359 0.0109086016722638)
(5.23975371723065 -0.21635396555235 0.0773095287531193 0.798190546046341 -0.00180938543911378 0.00968891535475695)
(4.99711612462916 -0.248892186163508 0.0724191279739177 0.756871029813655 -0.00291038737021063 0.00855916947177372)
(4.76700968243901 -0.270850839004752 0.0685240085238697 0.713553740773518 -0.00456212905176967 0.00757893822697174)
(4.52958874082631 -0.281758430145728 0.0656715271444663 0.665970192897219 -0.0069385121993834 0.00672779809272482)
(4.27446274390644 -0.279183021258056 0.0640664796917218 0.6124159569021 -0.00975287625087683 0.0060678221242018)
(3.99398487769718 -0.261860815936283 0.0630456615910879 0.553159710782253 -0.0126666809983633 0.00557701680203216)
(3.68263043590494 -0.230962912888676 0.0620235013374636 0.48984079012906 -0.0153180636791707 0.00525627322887946)
(3.33865169852989 -0.189870713436605 0.0602019063734959 0.425209809119999 -0.0173048037351037 0.00507527854432006)
(2.96668363502143 -0.144036066428592 0.0567749325746183 0.362413304578308 -0.0184132326670872 0.00495360130853469)
(2.57730962070536 -0.0993741359307106 0.0513541975111415 0.303854903698047 -0.0186691026928232 0.00481068522631392)
(2.18812396293541 -0.0609086971206001 0.0441951674149462 0.251107038294732 -0.018235677020237 0.00460692750199296)
(1.81628398824489 -0.0313495663095211 0.0359664275454114 0.204636573887205 -0.0172991941644752 0.00432956923874132)
(1.47800636088742 -0.0112703520550931 0.0275781875490041 0.16446249001808 -0.0160434230147593 0.00398710823007812)
(1.18382625327844 0.000501048264096387 0.0198797521441545 0.130233996093016 -0.01461815554524 0.00361235845589885)
(0.938030435429439 0.00604185712395337 0.013469903642676 0.101465178547568 -0.0131121287706225 0.00324681530060673)
(0.739429898689221 0.007580934450953 0.0086012723666682 0.0776472672730803 -0.0115682607401999 0.00291918716985492)
(0.583125014994276 0.00699450174479243 0.00521239941386904 0.0582971932969765 -0.0100147237840729 0.00263526599093086)
(0.462145365701626 0.00558520962526545 0.00303676133179342 0.0429026450371094 -0.00848556801327871 0.00238513209307476)
(0.369455545365847 0.00409970538055896 0.00174550376331789 0.0309443035534999 -0.00702789322398991 0.00215562462183302)
(0.298601131085033 0.00286978165298797 0.0010315114994629 0.0218765370088795 -0.00568661112186946 0.00193585395393201)
(0.244271402428104 0.00197465553665702 0.000659355320712344 0.0151653188949075 -0.00449720800709244 0.00172121611379455)
(0.202214150728941 0.00137101700291714 0.000470547877316814 0.0103094611440491 -0.00347663711740962 0.00151020131387708)
(0.169236329419109 0.000978388238518187 0.000371798120199163 0.00687419903336849 -0.00262879282089512 0.00130580112936816)
(0.14286910364818 0.000720679781069612 0.000313396983378612 0.00449272801100838 -0.00194315824781822 0.00111079827004746)
(0.121302549132846 0.000542738499810043 0.000272175104582164 0.00287575003600876 -0.00140343477697335 0.000928900869418812)
(0.103162939887524 0.00041034005471482 0.000238383249759374 0.00179883166929542 -0.000988390972465687 0.000762386526194553)
(0.0875165020928542 0.000305729209578894 0.000208557524564049 0.00109792768782263 -0.000678255376933161 0.000614124163115031)
(0.0736464760567224 0.000220658788097686 0.000181212846935664 0.000650833989653266 -0.000451668476580805 0.00048442719353126)
(0.0611325463195456 0.000152183174913425 0.000155679435838204 0.000372936335548742 -0.000290945056128674 0.00037377100350307)
(0.0497233894451995 9.90001534620622e-05 0.000131400988330582 0.000204908430152156 -0.00018018767778387 0.00028124067621873)
(0.0393303955446282 5.9920466687266e-05 0.000108094608801835 0.000106851416419948 -0.000106536032693574 0.000205701556097426)
(0.0299546123322221 3.3128877539385e-05 8.56957976108088e-05 5.20029817878801e-05 -5.93877651233174e-05 0.000145237388098699)
(0.0216867666341877 1.63047483172925e-05 6.45773420616715e-05 2.30955745359812e-05 -3.07430889215479e-05 9.81461592025737e-05)
(0.0146216949785988 6.83428279715427e-06 4.52549779120457e-05 8.98887747896516e-06 -1.43375540361548e-05 6.22865305735639e-05)
(0.00887064469050392 2.25357267102187e-06 2.84764328162043e-05 2.86532412219009e-06 -5.73159537586263e-06 3.59452432884813e-05)
(0.00452219151792836 4.91935677718589e-07 1.50225382629786e-05 6.53595764415345e-07 -1.77711159105561e-06 1.76472470358424e-05)
(0.00162326660154464 4.09039643121474e-08 5.56589408025252e-06 7.4530753429323e-08 -3.27130898490401e-07 6.1725781152683e-06)
(0.000181755489206246 -6.61443953177117e-10 6.41656609352453e-07 8.67383439979242e-10 -1.07565630812927e-08 6.81710799425736e-07)
(6.36838660158772 0.0122183515341294 0.0941713062670474 0.976671490741308 -0.000681008816111473 0.0117820559816271)
(6.22864282417248 0.0409059722363849 0.0919851182394548 0.95331935784214 -0.00167648743006985 0.0115701875053134)
(5.92410789589349 0.0470766348942014 0.0858718170710552 0.917662846867845 -0.00209431717404423 0.0110205697834547)
(5.54648561685572 0.0304713515788364 0.0776195443133549 0.874388206944051 -0.00238862657362092 0.0102717841536159)
(5.16378772242896 -0.0104851460265553 0.071150394536916 0.822301626502462 -0.00245430830314738 0.00947106751977505)
(4.81987682889379 -0.0485042885486424 0.0656130150867926 0.77070450547652 -0.00194310966010151 0.00862335282139334)
(4.53164166558412 -0.0764423269050266 0.0611831651622704 0.72567781982667 -0.00149666902689636 0.00780323449267934)
(4.25107558134333 -0.100023588019696 0.0556228159313673 0.688324738122799 -0.000956794432239674 0.00701804344434978)
(4.00118387789016 -0.130941475650772 0.050800625626078 0.654660427590951 -0.00101455983422244 0.0062535685611343)
(3.79811423115312 -0.161027896626663 0.0470292513390389 0.621952307954443 -0.00133608181284592 0.00555047580087796)
(3.6210594223296 -0.185268197822367 0.0440252668758429 0.589466330435474 -0.00200959723580531 0.00489784411440904)
(3.45358379478995 -0.201649501074782 0.0416630617626042 0.555709589300931 -0.00303035001352384 0.00433394385073757)
(3.28186848016848 -0.209924563786154 0.039979148999664 0.518973732803489 -0.0045076283082912 0.00384404680485059)
(3.09766742320831 -0.208158081108117 0.0391065559017967 0.477731296714667 -0.00628381634350194 0.00346027336995868)
(2.89535406155885 -0.195313373315299 0.0386213439588054 0.432035679705394 -0.00814293382928493 0.00317277735869772)
(2.67069837515952 -0.17223836651989 0.0381556388683244 0.383035748883289 -0.00985334874411287 0.00298064930497122)
(2.42231945816903 -0.141415686739643 0.0372052884226619 0.332806595127953 -0.0111485413556803 0.00286877837162697)
(2.15308912465865 -0.106904993345664 0.0352314825331546 0.28377998418313 -0.0118793730340805 0.00279144753243903)
(1.87124042454159 -0.0732828515783232 0.0319742895299583 0.237976935764637 -0.0120568612913931 0.00270317081222224)
(1.58883766098373 -0.0443214128369498 0.0275707467417049 0.196597442104702 -0.0117856935019009 0.00258195121779)
(1.31918668449969 -0.0221713526768589 0.0224599007457115 0.160140062152571 -0.011185793425056 0.00242108143351774)
(1.0739679900373 -0.00724869242503382 0.0172168410376608 0.128634635471015 -0.0103776399040027 0.00222402052144834)
(0.86065440981318 0.00136620087139376 0.0123841385786059 0.101785348594471 -0.0094606374777777 0.00200945191534348)
(0.682790747469567 0.00526656725401581 0.00836635404974688 0.0792450854148023 -0.00849440667698715 0.00180220147420919)
(0.539093607412267 0.00618587035923652 0.00531703587923349 0.0605752589912871 -0.00750011820216669 0.00161732410971387)
(0.426146634926115 0.00555715806846984 0.00320436999297722 0.0454126902965852 -0.00649550954076274 0.00145834147145221)
(0.338890187858868 0.00436806404166695 0.00185797470140191 0.0333615730785082 -0.00550318301354043 0.00131932500374858)
(0.272152906756228 0.00317349296203169 0.00106566195947004 0.0240134063695545 -0.00455466782523453 0.00119222643374321)
(0.221158917184939 0.00220774626003951 0.000630866605921725 0.0169315703832475 -0.00367905182232148 0.00107019516333623)
(0.182169758863986 0.001517770663684 0.000406704996497622 0.0117067566795768 -0.00290379337146814 0.000951282884713209)
(0.15203263376288 0.00105890785367817 0.000293556235367729 0.00793587940122314 -0.00223932430466185 0.00083457742686913)
(0.128394302904412 0.000763180384921116 0.000233982819464369 0.00527349927474245 -0.00168736004536309 0.000721232698025768)
(0.109492173487549 0.000569849315472631 0.000198215420434332 0.00343430042999602 -0.00124225987533082 0.000613233846240237)
(0.0939996442931206 0.000435601133492173 0.000172590081544875 0.00219074410494683 -0.0008933046835518 0.000512671974355201)
(0.0808890533288941 0.00033409287075307 0.000151526518954263 0.0013658627915906 -0.00062601676798877 0.000420668009203904)
(0.0694433315987266 0.000252087565985601 0.000133039754392396 0.000830391689771612 -0.000426641917296517 0.000338366116824056)
(0.059164193009481 0.00018408410991297 0.000116357100820576 0.000490822621859154 -0.000282126031090775 0.000266647864151138)
(0.0497240983221131 0.000128333877493207 0.000100890375292453 0.000280537267413471 -0.000180221098604581 0.000205426283389527)
(0.0409444736194001 8.43497039641615e-05 8.61439441044681e-05 0.000153911587099352 -0.000110575324331295 0.000154350129037633)
(0.0327772694794926 5.15676749209368e-05 7.17683671340206e-05 8.02027502671209e-05 -6.4663414411177e-05 0.000112706593014184)
(0.0252683050498343 2.88170500009806e-05 5.76838310984601e-05 3.91036940078306e-05 -3.56746011900311e-05 7.9592590826882e-05)
(0.0185031919223914 1.43313504962217e-05 4.40230416016462e-05 1.74003335095099e-05 -1.82263660062552e-05 5.37941036262406e-05)
(0.0126117920257284 6.07929784600277e-06 3.12097788653006e-05 6.80210564046609e-06 -8.38608190600635e-06 3.42160474759433e-05)
(0.00773769590521641 2.03798976786763e-06 1.98747738624994e-05 2.19138461141795e-06 -3.32418409434559e-06 1.99059146869844e-05)
(0.00398121919582752 4.50453242843068e-07 1.05713093178855e-05 5.00465263140309e-07 -1.01159989192646e-06 9.83686126912148e-06)
(0.00144356379110746 3.98566206161007e-08 3.94638227461946e-06 5.82123479065115e-08 -1.84257880602889e-07 3.48127642361499e-06)
(0.000159678705539383 -5.34887698153764e-10 4.49083935386387e-07 6.13782388619593e-10 -5.66301088374473e-09 3.82848472525163e-07)
(4.49908821445808 0.0089825539779387 0.0554084116649115 0.744508571071975 -0.000419225606870102 0.00639901816068057)
(4.39986226932396 0.0297209690622661 0.054112995591729 0.726622986486228 -0.0010542361221077 0.00628316301634217)
(4.18335652980216 0.0342812117834662 0.0504384330101431 0.6990670943746 -0.0013171106781172 0.00597993885550958)
(3.9141034954599 0.0223454655878573 0.0454432604576596 0.665393622964805 -0.00153180645040433 0.00556893005958507)
(3.64238160173176 -0.00755934953195518 0.0415905298499874 0.625187075414341 -0.0015805904276254 0.00513205185912004)
(3.39822754883287 -0.0351934524174763 0.0383113315559058 0.585290979174987 -0.00128968452060251 0.00466960085507201)
(3.19351249335865 -0.0553147868065394 0.0357193541327289 0.550186011033901 -0.00103680540935829 0.00422043495835215)
(2.99424828485277 -0.0720659398671427 0.0324138486144843 0.520910451797543 -0.000704040870178177 0.00379301901166606)
(2.81718443849596 -0.0943458917854393 0.0295581714532336 0.494683602296729 -0.000736624278193082 0.00337643234678134)
(2.67324284802327 -0.116025839517923 0.0273402112407329 0.469382849224986 -0.00092644068176413 0.00299477504726633)
(2.54800828984168 -0.133527624987149 0.0255846223860892 0.44455831142776 -0.00132287253534962 0.00263964343006923)
(2.4298558967136 -0.145353736612114 0.0242240224359427 0.418998203872936 -0.00192867313823152 0.00233443769623764)
(2.30916192384877 -0.151417747992031 0.0232746220574746 0.391444245141601 -0.00280806825633316 0.00206864946694457)
(2.17987098586578 -0.150252024885304 0.0228324018656155 0.360591857101241 -0.00388392020640537 0.00185899636876796)
(2.03806449262959 -0.14104579066457 0.022628295573827 0.326442550313464 -0.00501763175046562 0.00170092687355466)
(1.88060757277377 -0.124394813804691 0.0224476546820005 0.289729999937947 -0.00607195536656823 0.00159333274382577)
(1.7062162016164 -0.102035640504884 0.0219810517838428 0.25193309606385 -0.00687820843923517 0.00152861411453143)
(1.51720218568147 -0.0769435354421899 0.0208964111118331 0.214941573902261 -0.00733629878296548 0.00148298400264666)
(1.3190197659176 -0.0524448857680127 0.0190229467879322 0.180264915982179 -0.00745337513504949 0.00143249180107337)
(1.12053540502998 -0.0313789701088493 0.0164399306045695 0.148912035983271 -0.00729122227634979 0.00136533472679625)
(0.930828179794959 -0.0153045366565153 0.0134041465398639 0.121257122481662 -0.00692159518298634 0.00127723735444634)
(0.758316980306662 -0.0045423752424185 0.0102715253240019 0.097352239929599 -0.00642317212820982 0.0011707735280549)
(0.608364016004907 0.00158275880404793 0.00737555374273419 0.0769967891876582 -0.00585781322420253 0.00105502446988172)
(0.483362757149417 0.00426323405282561 0.00496623448954402 0.059905049556318 -0.00526322680235986 0.000944096310366677)
(0.38251179928365 0.00478671173879405 0.00314310228380627 0.0457554519977059 -0.00465085729457815 0.000845934873117407)
(0.30326623017689 0.00421597945341996 0.00188434778145501 0.0342611601099485 -0.00402927953965305 0.000762011811456176)
(0.242103982230358 0.00327400591171435 0.0010871378468216 0.025130497822274 -0.00341291091726904 0.000689002581321093)
(0.195346489805893 0.00235966900819035 0.000621317020648081 0.0180520413392567 -0.00282164837291243 0.000622344859463145)
(0.159701421691313 0.00163551841959945 0.000368418071739686 0.0127023045168741 -0.00227603013233263 0.000558582136214894)
(0.132463410803362 0.00112566735813707 0.000238951290804331 0.0087612495566985 -0.00179250955897935 0.000496366114057809)
(0.111436427640978 0.000790795835198084 0.000173856391371921 0.00592306452570773 -0.00137858370920414 0.000435430648092108)
(0.0949668993848288 0.000577016201221513 0.000139351298884148 0.00392506147017177 -0.00103556754659963 0.000376339667087877)
(0.0817923753947497 0.0004375161481779 0.000118221717825601 0.00254850662992997 -0.000759536431369703 0.000320044520603584)
(0.0709602462433427 0.000339724648849504 0.000102809831969363 0.00162006880227002 -0.000543501392117357 0.000267514379829902)
(0.0617475686850276 0.000264421641837001 9.01549323119584e-05 0.00100669032212261 -0.000378742444341101 0.000219473371295331)
(0.053628508553826 0.000202183648927602 7.925069499219e-05 0.000610191484401585 -0.000256494243700347 0.000176575676189318)
(0.0462356867197796 0.000149446541678894 6.96286948833222e-05 0.000359658692175318 -0.000168316241810636 0.0001391171555248)
(0.0393314293794157 0.00010541261087356 6.08883018909119e-05 0.000205171581875332 -0.000106592273181351 0.000107168164784748)
(0.03277601577117 7.00752426220729e-05 5.25893693135451e-05 0.000112372245398359 -6.46839028595852e-05 8.0471405494456e-05)
(0.0265673603898742 4.33831749129513e-05 4.44336805692311e-05 5.85795760741959e-05 -3.74048200817513e-05 5.87826716410342e-05)
(0.0207275841071813 2.4567455661352e-05 3.62273710929007e-05 2.85898796379782e-05 -2.03457619109337e-05 4.15174661024583e-05)
(0.0153660279790992 1.24194260378468e-05 2.80618497359637e-05 1.27805623926819e-05 -1.02604043841747e-05 2.81520195265037e-05)
(0.0105988565729323 5.37359307074151e-06 2.01626658835209e-05 5.02553598653869e-06 -4.6513304883411e-06 1.79940376842487e-05)
(0.00657808199357898 1.84976377598853e-06 1.29905347641991e-05 1.62985728824622e-06 -1.81418723917191e-06 1.05474459774573e-05)
(0.00342343148766236 4.30468795549345e-07 6.97821419635016e-06 3.77334698773164e-07 -5.44885585861213e-07 5.27704422822447e-06)
(0.00125541432074076 4.35362538198605e-08 2.63177803062236e-06 4.44852049375031e-08 -9.84646119061971e-08 1.90529536775675e-06)
(0.000143505715867583 -9.08526770994703e-11 3.06319020912577e-07 5.49049506480451e-10 -3.16233723119429e-09 2.16978864208581e-07)
(3.06088270625215 0.00635405063568024 0.0307699552155425 0.545180291777419 -0.000244929955046199 0.00322067323510679)
(2.99319545850854 0.0207574184818024 0.0300471811478769 0.53204505869956 -0.000625230238299798 0.00316199976372718)
(2.84529260611222 0.0239866915899931 0.0279655717639123 0.511623013210994 -0.00078014534285929 0.00300682290425596)
(2.66151203633251 0.0157162615201164 0.0251374682707848 0.486530893036285 -0.000924078132965949 0.00280028775099873)
(2.47590407619744 -0.00520841509310507 0.0229654917030428 0.45678292893327 -0.000957137532507148 0.00257806824525172)
(2.30916692064764 -0.0245251738129654 0.0211351106682187 0.427174226274947 -0.000801465440741752 0.00234423903732449)
(2.16936743053484 -0.0384750634515978 0.0197093689762645 0.40091512567678 -0.000666242718871086 0.00211656482627895)
(2.03340075874099 -0.049916005941664 0.0178588325568667 0.378916795595949 -0.000473305514715254 0.00190107611787197)
(1.91242682170834 -0.0653565144739491 0.0162571142919006 0.359276693928178 -0.000490563596257554 0.00168972031000553)
(1.81431852043189 -0.0803874247492297 0.0150299174772945 0.34046199114706 -0.000597975714000148 0.00149788418019473)
(1.72908297922965 -0.092526803839129 0.0140635427775934 0.322210509322889 -0.000819117465734039 0.00131897811448133)
(1.64881436075595 -0.100753372884067 0.0133274585983922 0.303556514224484 -0.00116109242186675 0.00116597028801739)
(1.56679388949736 -0.105031816468259 0.0128223885702565 0.283592747072509 -0.00165958141539877 0.00103183556660554)
(1.47939720834341 -0.104297569735262 0.0126160748264702 0.26141195325344 -0.00227468772701948 0.000926223430179951)
(1.38347629216438 -0.0979616349968986 0.0125474400579257 0.236854769273889 -0.00292915542213389 0.000845939317538378)
(1.27691049782979 -0.086417333949393 0.0124956735148494 0.210404209731803 -0.0035435771123966 0.000790259056457215)
(1.15893632869901 -0.0708533194116463 0.0122875184997081 0.183100649235168 -0.00401762986731483 0.000756184083302594)
(1.0309366596599 -0.0533243704991941 0.0117250057454887 0.15629090699427 -0.00428903265679574 0.000731763836859104)
(0.8966925335376 -0.0361918337870051 0.0107046422661728 0.131109098500282 -0.00436053580507907 0.000705086651747933)
(0.762170899130086 -0.0214577003569787 0.00926941572147497 0.108298338224102 -0.00426840591243391 0.000670716710758463)
(0.633567885162979 -0.0102399215284078 0.00756365044355949 0.088164078896893 -0.00405219134476803 0.00062604827811081)
(0.516689644834628 -0.00276837293969216 0.00579482427705925 0.0707646742433493 -0.00376059602067483 0.000572657285672036)
(0.415164694000032 0.00143456381712938 0.00415571591304735 0.0559570563073764 -0.00343077439635782 0.000514891257040099)
(0.330413747471516 0.00322267868209901 0.00278795164028563 0.04350687293939 -0.00308357808739438 0.000459589810613216)
(0.262172608177061 0.00350580055837771 0.00175733836877828 0.0332093472450379 -0.00272691317364859 0.000411332287014703)
(0.208547082814894 0.00304217073774815 0.00104786989475602 0.0248418412925516 -0.00236293092295688 0.000370139856711926)
(0.167189153058888 0.00234052237912606 0.000601273517185277 0.0181981536325179 -0.00200088386149492 0.000334512043378025)
(0.135598962660447 0.00167722762324292 0.000342314506333291 0.0130527690352576 -0.00165288997695767 0.000302091423414566)
(0.111519416346961 0.00116004949245989 0.000202772255266688 0.00916673210475229 -0.00133114611153853 0.000271108997419939)
(0.0931531615455593 0.000801016642094599 0.000131964284593146 0.00631101952394872 -0.00104633273004702 0.00024087335935621)
(0.0789638182095111 0.000567454495831292 9.63611854599929e-05 0.00425476909559502 -0.000802193186178545 0.000211266523259883)
(0.0678893708232279 0.000419958587149184 7.73709881607562e-05 0.00281364411297704 -0.00060087391750233 0.000182659422121615)
(0.0590224293823431 0.000323660563629456 6.54676511978064e-05 0.00182206672471314 -0.000439016491763575 0.000155413093187043)
(0.0517135101619458 0.000255368331956394 5.6615723363719e-05 0.0011546910851185 -0.000312518851807545 0.000129901450012597)
(0.0454781039590195 0.000201727423279533 4.93962525454847e-05 0.000715730268296824 -0.000216629916568623 0.000106669956491641)
(0.0399330660700339 0.000156288926091842 4.3305419764829e-05 0.000432723001136216 -0.000145717332891983 8.58627150776491e-05)
(0.034814976371886 0.000116900399711027 3.81341767204123e-05 0.000254448752687302 -9.48411420917044e-05 6.77138394468222e-05)
(0.0299546870924012 8.33943459167992e-05 3.35804136851392e-05 0.000144801343349627 -5.94136986556742e-05 5.21574265711568e-05)
(0.025272865849325 5.61577222302929e-05 2.93883861412291e-05 7.94007343118052e-05 -3.57336786732192e-05 3.92815705631461e-05)
(0.0207321150515318 3.52167995933889e-05 2.52110709359945e-05 4.14009871742231e-05 -2.03742189150995e-05 2.87242720139405e-05)
(0.0163737967666744 2.02414005994428e-05 2.09009933739397e-05 2.02511933200513e-05 -1.09095002855102e-05 2.03318670844102e-05)
(0.0122961909162083 1.04208314804619e-05 1.64665755725753e-05 9.09195385827008e-06 -5.4098241449842e-06 1.38417696904966e-05)
(0.00858993670700088 4.61890946436436e-06 1.20164507718277e-05 3.60329749641421e-06 -2.41163134743741e-06 8.9108391303036e-06)
(0.00540005081645152 1.64451253703289e-06 7.84603189738985e-06 1.17916063693507e-06 -9.24309439604816e-07 5.27644584527134e-06)
(0.00284747726643103 4.05400701885271e-07 4.26633107473791e-06 2.76338452345539e-07 -2.74310663736151e-07 2.68559684200997e-06)
(0.00105903059714763 4.78227446342069e-08 1.627923263188e-06 3.31982093118695e-08 -4.94535315363288e-08 9.94394263613127e-07)
(0.000124672010603555 3.88596074713343e-10 1.94239999301744e-07 4.29463463090253e-10 -1.64971181517199e-09 1.1865401543959e-07)
(1.9839688750121 0.00425153799700544 0.0158684535561542 0.379039261065802 -0.000132322560668955 0.00146718369162423)
(1.9399930926343 0.0137779056876347 0.0154932923624665 0.369877290727623 -0.000343600845630833 0.00144016344258897)
(1.84405963911825 0.0159487201012358 0.0144040246992906 0.355544378490353 -0.000427881801204161 0.00136893128671286)
(1.72445629477755 0.0105119704704527 0.0129101619706078 0.337812184483027 -0.00051524165663812 0.00127352862881659)
(1.60394569767636 -0.00341786343408318 0.0117801394999725 0.316938494711338 -0.00053559390507198 0.00117206670389593)
(1.49583027135123 -0.0162507609272175 0.010838323854924 0.296125396187776 -0.000458644111477445 0.00106580364268612)
(1.40470450713283 -0.0254339923101102 0.0101048314561831 0.277488123245425 -0.000391597389430803 0.000960431484670426)
(1.31626605809209 -0.0328561178182149 0.00914025460520083 0.26180845162327 -0.000287954658064754 0.000861604829672954)
(1.2379954871517 -0.0430349469065016 0.0083157343410844 0.247900982771525 -0.000296458956283422 0.000765821363364461)
(1.17438981004027 -0.0529703650599507 0.00768820331829233 0.234615231981978 -0.000353778305831733 0.000678752493306084)
(1.11898117857516 -0.0609835450490739 0.00719235336061321 0.221832920233561 -0.000469081007491322 0.000596785250628347)
(1.06694486016569 -0.0664190987156333 0.00682138641136427 0.208876774759009 -0.000648935635260866 0.000527165330829838)
(1.0140004330318 -0.0692941949577858 0.00657533738034384 0.19514034023887 -0.000911579572667666 0.000466339759113888)
(0.957513252193324 -0.068863568482076 0.00648815330565615 0.17993904756669 -0.00123999740013997 0.000418025325072509)
(0.895603023214412 -0.0647218613400375 0.0064753706638668 0.163144134647274 -0.00159150310275991 0.000381197851600871)
(0.826801108396803 -0.0571191044825691 0.00647247372206523 0.145037812049783 -0.00192401480301137 0.00035522207768477)
(0.750598426071426 -0.0468209489704851 0.00638849512776272 0.126298047913294 -0.00218245442004043 0.000338979194917489)
(0.668113118239131 -0.0352066192581031 0.00611924161659109 0.107881721874835 -0.00233147563590587 0.000327386682889323)
(0.581288509791864 -0.0238060305971657 0.00560014085312449 0.0905055147826661 -0.00237157736619499 0.000314649554492131)
(0.494520497786653 -0.0140223901575151 0.00486009200811026 0.0747769534707836 -0.00232286003236151 0.000298844447994052)
(0.411278370494164 -0.00656086928459034 0.00396652367761676 0.060842694355832 -0.00220494568559737 0.000278358902370914)
(0.335905505698543 -0.00162658375005493 0.00303989850500379 0.0488374249539654 -0.0020465860262136 0.000254256911731655)
(0.270305573514914 0.00112872344166711 0.00217593316282409 0.0386034189725415 -0.00186731960219165 0.000228153222164518)
(0.215565987143071 0.00226990846918167 0.00145465702582018 0.030001475970732 -0.00167863659535313 0.000203145560417499)
(0.171562089109285 0.00241331328703569 0.00091336792790282 0.0228927545660855 -0.00148543011563061 0.000181602394378163)
(0.136949560623968 0.00207042434339803 0.000541421289128908 0.01711053330392 -0.00128710493140968 0.000163202375283492)
(0.110281260629745 0.00158152127218534 0.00030881948937759 0.0125225068416626 -0.00108964073001986 0.000147448653208152)
(0.0898991398144706 0.00112846144090069 0.000174701133907876 0.00896981142483326 -0.00089896378900989 0.00013300521638525)
(0.0743800086982718 0.000780060104903366 0.000103096417620128 0.00628985038757849 -0.000722836348461404 0.000119316375580418)
(0.0625520868748057 0.000540990831061753 6.70560511687382e-05 0.00432237876965271 -0.000567082077301173 0.000106076723116217)
(0.0534336945282315 0.000387346419693815 4.89862243039796e-05 0.00290970006593141 -0.00043379110914938 9.30638738912649e-05)
(0.0463146987073421 0.000290924254938713 3.9216179047617e-05 0.00192003323381478 -0.000323870559751276 8.05070353781393e-05)
(0.0406178978665534 0.000227971860926896 3.29332104042652e-05 0.00124056685014705 -0.000235647436200798 6.85144761114029e-05)
(0.0359227639505814 0.00018278571765798 2.8191950618046e-05 0.000784651786857321 -0.000167008590857405 5.73398229120321e-05)
(0.0318965410188876 0.000146426135940875 2.43226198717709e-05 0.000485184852905344 -0.000115032927072937 4.71039593880995e-05)
(0.0282904855790032 0.000114839449549859 2.11682005047853e-05 0.000292731389979289 -7.68246409783242e-05 3.79818171563045e-05)
(0.0249273765608224 8.68921141269684e-05 1.86082914691267e-05 0.000171912210963413 -4.95727349413888e-05 2.99937719709997e-05)
(0.0216857222592608 6.26885383244195e-05 1.64923537561756e-05 9.78153685294704e-05 -3.07502898229929e-05 2.31622391497824e-05)
(0.0185043661277487 4.26923627188399e-05 1.4622678536616e-05 5.36243800834818e-05 -1.82463826110573e-05 1.74760975787977e-05)
(0.0153659324050714 2.71270862999492e-05 1.27782521129954e-05 2.80369280563872e-05 -1.02596642858242e-05 1.28279473225811e-05)
(0.0122961061946306 1.58415888133518e-05 1.08263168676157e-05 1.37930541812274e-05 -5.41567492543688e-06 9.13828622417004e-06)
(0.00935869662776634 8.31548776413833e-06 8.71325749186905e-06 6.24296265685198e-06 -2.6425878557586e-06 6.27025625879167e-06)
(0.00663115233624812 3.77522149725155e-06 6.48325589328459e-06 2.49605538040059e-06 -1.15654620274286e-06 4.07434256244595e-06)
(0.00423095490612527 1.39329550477412e-06 4.30711953887681e-06 8.284951188709e-07 -4.37962506623487e-07 2.44861227178546e-06)
(0.0022656090665154 3.65786377336704e-07 2.37467150399123e-06 1.98396851351856e-07 -1.29745316947702e-07 1.27138247051592e-06)
(0.00085286412666226 4.88521260510584e-08 9.09169931484094e-07 2.40747018249749e-08 -2.3259946051402e-08 4.78772505971416e-07)
(9.8752772192127e-05 7.11206171737517e-10 1.06166182125533e-07 2.84575189587165e-10 -7.45549359775124e-10 5.75297791821529e-08)
(1.20300133258165 0.00265670426645914 0.0073963350564544 0.245520270908618 -6.47246636990384e-05 0.000582577037040258)
(1.17628872525682 0.00853153954731175 0.0072203309180234 0.239573294734753 -0.000170102917332612 0.000571712343877061)
(1.11814791412043 0.00989331768838594 0.00670536933636828 0.230220244779066 -0.000211169490384478 0.00054311198881474)
(1.04548945827104 0.00655204333109807 0.00599522220158761 0.218565104420575 -0.000258281330211472 0.000504955378641699)
(0.97237059870548 -0.00208177350546888 0.00546368068192927 0.20494706587807 -0.000269390599795241 0.000464494539883605)
(0.906583802012013 -0.0100410530643912 0.00502212714707386 0.191304072729624 -0.000235089916912144 0.000421929081249887)
(0.851219133871381 -0.0156950210320103 0.00468530185931794 0.179010272521372 -0.000205179154880546 0.00037988674681232)
(0.797684430485828 -0.0201947053358768 0.00423508075830869 0.168646956662522 -0.000155188642378664 0.000340816130783231)
(0.750061802751024 -0.0264635569707345 0.00384762830767333 0.159449706546522 -0.000158912247385948 0.000302496886683482)
(0.711429853085847 -0.0325806045954875 0.00355645426033924 0.150710127334573 -0.000186676601835294 0.000267912468910063)
(0.678014027774964 -0.0375356739865835 0.00333147226596999 0.142391248797657 -0.000241452016275066 0.000235707091887601)
(0.646573125094584 -0.0409049234820118 0.00316519106921638 0.134000878039979 -0.0003278125776346 0.000208277349550787)
(0.614320971141025 -0.0426922027934809 0.00305276711073631 0.12514796082333 -0.000452700018860057 0.00018380761605523)
(0.580215456957789 -0.042464878270801 0.00302210527080711 0.115432435670492 -0.000611595496312263 0.00016466638615549)
(0.54267314426182 -0.0399321515927296 0.00302421602274812 0.104699528006966 -0.000781874818446332 0.000149790035294143)
(0.501091347087831 -0.0352605475754307 0.00303373526373754 0.0931401583228495 -0.000944506270989654 0.000139287559489871)
(0.4551488371114 -0.0289108078418181 0.00300754454229147 0.0811659680450482 -0.00107241957997207 0.000132794188254204)
(0.405198592442054 -0.0217156998808304 0.00288801021726656 0.0693531795992488 -0.00114544606288514 0.000127828829996409)
(0.352741236977502 -0.014643370944936 0.00265054390439508 0.0581951642105123 -0.00116616870970259 0.000122723776872162)
(0.300175238669934 -0.00856958157077861 0.00230124303678327 0.0480717749286838 -0.00114149326903113 0.000116138516594606)
(0.25001406563147 -0.0039538671143257 0.00188161543279694 0.0391254290223938 -0.0010843068981946 0.000108176173422499)
(0.204425812381824 -0.000903018087548555 0.00144073204851786 0.0313977741272644 -0.0010057250443031 9.8546052717323e-05)
(0.164747827287666 0.000787982112684499 0.00102875431537545 0.0248085484253102 -0.000917279863341747 8.82012173193601e-05)
(0.131767467036575 0.00147055882654062 0.000686663794072778 0.0192871581182266 -0.000825166745930606 7.84373776329962e-05)
(0.105132073943868 0.0015376934312436 0.000428509685813852 0.0147048434177562 -0.000730101575689842 6.99684217248202e-05)
(0.0842503110607718 0.00130758191143909 0.000252626692297767 0.010985756840096 -0.000632933804688032 6.28799851421436e-05)
(0.0681361231235865 0.000992966971285855 0.000142929347702856 0.00803189770292119 -0.000535490804879335 5.67653159416451e-05)
(0.0558400909838228 0.000706379851412286 8.02530596384567e-05 0.00574736718391867 -0.000441606023893124 5.1263715648512e-05)
(0.0464721366839406 0.000488640952994633 4.70211108253992e-05 0.00402585696579743 -0.00035444640943186 4.59330473945406e-05)
(0.0393352155015841 0.000340767255323306 3.04175423808133e-05 0.00276258135663255 -0.000277458719155622 4.08204584236129e-05)
(0.0338491828526634 0.000246849982342424 2.21399294637888e-05 0.00185772261601207 -0.000211867632911308 3.58643381906297e-05)
(0.0295552511953289 0.000188177593585967 1.75690788322521e-05 0.00122307778064781 -0.000157516626250731 3.10035558864926e-05)
(0.0261334826611916 0.000149960012438436 1.45667530607034e-05 0.000789312742464764 -0.000114196514242114 2.64053694291839e-05)
(0.0233106738117503 0.000122104860805195 1.22514132731143e-05 0.000498575080362028 -8.05471698084233e-05 2.21152611254132e-05)
(0.0208837904058033 9.91144151747551e-05 1.03793279364749e-05 0.000307886699442466 -5.51701336173544e-05 1.82132622276727e-05)
(0.0186952421107384 7.86342618254897e-05 8.88593627128216e-06 0.000185599251408064 -3.65630052673097e-05 1.47020122693268e-05)
(0.0166339889951352 6.01147777519738e-05 7.75691029839662e-06 0.000108966960818879 -2.33792709666673e-05 1.1642411280447e-05)
(0.0146209322902372 4.38162369142444e-05 6.90029504874811e-06 6.20650735071823e-05 -1.43415671178426e-05 9.0156799435253e-06)
(0.0126132961500042 3.01545442085279e-05 6.21214353798439e-06 3.40985902016475e-05 -8.39259473757893e-06 6.82791579742039e-06)
(0.0106021498894841 1.94026297352759e-05 5.56272924013375e-06 1.79367758458622e-05 -4.65855205292552e-06 5.049501302687e-06)
(0.00859291108468952 1.14870088750645e-05 4.84268682130505e-06 8.8816851342833e-06 -2.41511883208204e-06 3.62176702501873e-06)
(0.00663401044860491 6.13826445756081e-06 4.00673062577268e-06 4.06229897214946e-06 -1.15918401654506e-06 2.51053309865649e-06)
(0.004781685837158 2.86363788001945e-06 3.0706921222109e-06 1.65715093751881e-06 -5.05903842664552e-07 1.66419964050324e-06)
(0.00310152662307789 1.09164336182042e-06 2.08344304835627e-06 5.58990090213612e-07 -1.90130348098642e-07 1.01577132726896e-06)
(0.00169102006837649 3.01795464584629e-07 1.1683098105574e-06 1.36802633343922e-07 -5.71180064261039e-08 5.3884521699702e-07)
(0.000651558804699493 4.47595149901773e-08 4.56686557713626e-07 1.72176712707432e-08 -1.08897189095226e-08 2.10817080577708e-07)
(7.75408563833223e-05 9.26242738930811e-10 5.36017508081579e-08 2.21436685385041e-10 -3.86836204319722e-10 2.61801417881266e-08)
(0.660235230925016 0.00150292172878981 0.00296707522040301 0.143302066984613 -2.73348741390079e-05 0.000188736998232837)
(0.645392595609224 0.00476813799244635 0.00289340431486718 0.139806471526764 -7.21384730712151e-05 0.000184858204775653)
(0.61346275767422 0.0055371193671385 0.00268332911902164 0.134304968988689 -8.91994389658981e-05 0.000175416108983413)
(0.57366631695399 0.0036822669053411 0.00239509477108498 0.127429688233552 -0.000110714045757561 0.000163168194599509)
(0.533481982825896 -0.0011465150266567 0.00217943470355224 0.11942458466421 -0.000115824305180265 0.000149923950140046)
(0.497336400143715 -0.00559774959876569 0.00200228508678896 0.111384100355948 -0.000102751866111254 0.000136108327222374)
(0.467299665525507 -0.00873699561705644 0.00187376016847747 0.104156867227521 -9.16084406819529e-05 0.000122919269665916)
(0.437631823351237 -0.0112151321364542 0.00168927328193407 0.0979377527316886 -7.07004615597813e-05 0.000109914580509116)
(0.411405003132079 -0.0146978004720928 0.00153275290788318 0.092461250787309 -7.20794723399054e-05 9.74194878301656e-05)
(0.390159875458756 -0.0181062990340997 0.00141657055746442 0.0872789677813128 -8.37694417742743e-05 8.62031721916101e-05)
(0.371838413907183 -0.0208721961424479 0.00132789719203827 0.0823881298545341 -0.000106264859914842 7.57992304901111e-05)
(0.354569264573384 -0.022751222696026 0.00126306930976669 0.0774775999612164 -0.000141914902991125 6.69395913306011e-05)
(0.336959248394054 -0.0237629541242133 0.00122086598559635 0.072350481222588 -0.000193268581239856 5.90736189893582e-05)
(0.318093294355645 -0.0236431364443112 0.00121007763609198 0.0667121815307138 -0.000259038829015891 5.27262457315365e-05)
(0.297664582932172 -0.0222554506845594 0.00121598534487827 0.0605501855592255 -0.000330204503192754 4.79892726227401e-05)
(0.274897908326505 -0.0196632672779163 0.00122372425914347 0.0538926422516556 -0.000398449362241651 4.45274852447363e-05)
(0.249759981829774 -0.0161258854924026 0.00121712006135601 0.0469890730702679 -0.000452453023308015 4.2354427059959e-05)
(0.222575022743012 -0.0121090092797592 0.00117489852720812 0.0401803017101193 -0.000484440851657086 4.08710992772436e-05)
(0.193748380182571 -0.00815144989266969 0.00107777867716482 0.0337161611493495 -0.000491940052668716 3.89584301734894e-05)
(0.16508856065062 -0.0047488357080603 0.000939088366889223 0.0278605783826594 -0.000482653355289695 3.69728557860255e-05)
(0.137616123092302 -0.00216254025208079 0.000767850922063726 0.0226713578366933 -0.000458230125399123 3.43600080565226e-05)
(0.112689955362224 -0.000458550178767042 0.0005878511085257 0.0181933600900779 -0.000424961562966843 3.12718290333987e-05)
(0.0909714337282484 0.000479814766518537 0.000418694163183999 0.014373717846703 -0.000387107671970451 2.78717003818245e-05)
(0.0729078499657519 0.000852200319734358 0.000278252584713287 0.0111693804436585 -0.000348132089980429 2.47228686702077e-05)
(0.0583745585238468 0.000879602376034092 0.000173050665003078 0.00851739849186168 -0.000308308230144765 2.20521443855826e-05)
(0.0469456658734483 0.000742718307274018 0.000101250197650916 0.00635900384076925 -0.000267241964877529 1.97995840326166e-05)
(0.0381260246420034 0.000561307928009474 5.67206363970079e-05 0.00464481891657371 -0.000225935614118864 1.78617826754315e-05)
(0.0314005857912939 0.000398449979576154 3.14903331485882e-05 0.00332102961246489 -0.000186034373794101 1.6100127563605e-05)
(0.0262773836683648 0.000275924232955902 1.82275544895291e-05 0.00232332030141326 -0.000149067451923421 1.44258540678659e-05)
(0.0223846692674463 0.000193734831076144 1.16803285491024e-05 0.00159315760847769 -0.000116519258634409 1.28289296883965e-05)
(0.0193889259952153 0.000141990667944753 8.41052633014942e-06 0.00106999921922885 -8.87091639978902e-05 1.12647007112135e-05)
(0.0170507971703927 0.000109955023047728 6.58508531676949e-06 0.000703905491216136 -6.57678725161317e-05 9.74492417477841e-06)
(0.015189591976806 8.90394886303406e-05 5.35138389574509e-06 0.000453778349041539 -4.75034451037582e-05 8.31215264840076e-06)
(0.0136552567423611 7.35482664192305e-05 4.38118933687181e-06 0.000286342939827961 -3.33523981717841e-05 6.97911995822278e-06)
(0.0123358309952373 6.04561441017487e-05 3.59739956479233e-06 0.000176938618170043 -2.27419401779892e-05 5.76745840861787e-06)
(0.01113422252723 4.84519919346125e-05 2.98209941967304e-06 0.000106631108999977 -1.49366602051645e-05 4.65657303845021e-06)
(0.00999670624482667 3.73902789229355e-05 2.55692454640419e-06 6.27024666202169e-05 -9.46582741523577e-06 3.70287324126103e-06)
(0.00887111593604152 2.75004143879449e-05 2.27294603169116e-06 3.58279899352507e-05 -5.73893135408868e-06 2.87767221657169e-06)
(0.00773356643307391 1.91044620579819e-05 2.08670033015737e-06 1.97883797901894e-05 -3.31208580666641e-06 2.1913028009451e-06)
(0.00657641551613982 1.24219155554396e-05 1.93279006440805e-06 1.0494845223606e-05 -1.81124486739515e-06 1.63405012750905e-06)
(0.00540163177751708 7.44861546467091e-06 1.75148093728433e-06 5.25872636423633e-06 -9.25199119079983e-07 1.1852707864821e-06)
(0.00422910583574111 4.03469355096185e-06 1.50481106316995e-06 2.43476059787267e-06 -4.36459348513717e-07 8.30664346218966e-07)
(0.00310000549902762 1.91929476611193e-06 1.1949679852963e-06 1.01003781105464e-06 -1.89426776109304e-07 5.60092796863358e-07)
(0.00205482976631928 7.57194148777075e-07 8.4095774270467e-07 3.5135252358521e-07 -7.34124904358733e-08 3.52587916347376e-07)
(0.00114352966889722 2.17736506119104e-07 4.8067061142478e-07 8.79029059884928e-08 -2.28545600788509e-08 1.90539804124029e-07)
(0.000451783192284629 3.47523413366209e-08 1.90694950115867e-07 1.13837397174927e-08 -4.69007086227496e-09 7.65208457000385e-08)
(5.52109288797257e-05 8.36704780522243e-10 2.25741890209715e-08 1.4635745376417e-10 -1.85015267964708e-10 9.87508399757604e-09)
(0.306250159389113 0.000712328957930094 0.000923627910190584 0.0703890957492172 -8.8853780245051e-06 4.33886237539211e-05)
(0.299418455147208 0.00224873014140347 0.000901132581344684 0.0686774621941681 -2.36789532220249e-05 4.25194430634463e-05)
(0.284951077525196 0.00261657643312707 0.000837941276641201 0.0660167379530781 -2.92585888033042e-05 4.05921024405811e-05)
(0.266129066191994 0.00174442464184278 0.000743329793155006 0.0625401130121769 -3.66475375157066e-05 3.74636989813292e-05)
(0.247400704513568 -0.000532037915176234 0.000674871440665492 0.0585702471783895 -3.84236433852314e-05 3.43335232539102e-05)
(0.230756596627851 -0.00263442094926652 0.000620953650684023 0.0546104391800981 -3.46191940038154e-05 3.12567234812216e-05)
(0.216749084088473 -0.00410590366804921 0.000581187762685568 0.051000816591723 -3.13428363167516e-05 2.81820902180542e-05)
(0.202965201079925 -0.00525227107707113 0.000523330532564661 0.0478846242099953 -2.46360829678708e-05 2.51707606596574e-05)
(0.190827808064155 -0.00688869178199401 0.00047478198116926 0.0451564189128909 -2.50395178437707e-05 2.23163559923583e-05)
(0.180888792467636 -0.00848539172981085 0.000438270088256149 0.0425615455337287 -2.88329633487622e-05 1.96902662791349e-05)
(0.172572694277351 -0.0097953955230417 0.000412430981038253 0.0401752485732405 -3.60660831113255e-05 1.74065384206013e-05)
(0.164394892487869 -0.0106747623515722 0.000391563152001274 0.0377247195501825 -4.74227815591203e-05 1.52772141276389e-05)
(0.156194894169282 -0.0111555602188907 0.000378864585046863 0.0352085109019393 -6.3786541176047e-05 1.34575904697716e-05)
(0.147667294630111 -0.0111223408901213 0.00037806459706644 0.0325023994862241 -8.52261752984668e-05 1.20915299473006e-05)
(0.138076015707874 -0.0104691670175317 0.000380171947725232 0.0294845533364048 -0.000108205889815474 1.09403867624851e-05)
(0.127545551149701 -0.00925613287656642 0.000383843153536308 0.0262550153141452 -0.000130454133052982 1.01358855542615e-05)
(0.115900291601575 -0.00759336028924638 0.000382742955841068 0.0229006944956622 -0.000148046137455041 9.6144759421249e-06)
(0.103253799274632 -0.00569899301982078 0.000369440841120106 0.0195816424430276 -0.000158091208191579 9.21328409241331e-06)
(0.0900685117265422 -0.00383624604066162 0.000341213936215449 0.0164533707151917 -0.000161283606874045 8.8446774357339e-06)
(0.0766434155547573 -0.0022204753171291 0.000295905786138019 0.0135735868630186 -0.000157436656419522 8.29199168385577e-06)
(0.063999985076442 -0.00100137712349535 0.00024254946283168 0.0110511657386521 -0.000149691423580367 7.72571829227422e-06)
(0.0524418801558502 -0.00019740191020369 0.000185144465520014 0.00886226611306101 -0.000138502736408709 6.9946717050021e-06)
(0.0425155170464103 0.000242283350307621 0.000132591007391294 0.00701458435201456 -0.000126990118496857 6.31049923427687e-06)
(0.0341054767393707 0.000414083603575711 8.74107533493289e-05 0.0054431357431285 -0.000113828429123495 5.55264490254346e-06)
(0.0273978611653768 0.000422751382469306 5.41087805445618e-05 0.00415147326337066 -0.000100833983987115 4.94760037226653e-06)
(0.0221152751192498 0.000354860606428219 3.14122612768374e-05 0.00309846734449753 -8.73894740995266e-05 4.43836479955613e-06)
(0.0180428301695326 0.000267280776002861 1.74262934959214e-05 0.00226292519392477 -7.38744677551981e-05 4.00381520965536e-06)
(0.0149263865364957 0.000189357931429458 9.52230892316485e-06 0.00161620548536455 -6.07107670094368e-05 3.60228124117222e-06)
(0.0125572590634073 0.000131395467353208 5.41790653553064e-06 0.00112990143111842 -4.85461555599229e-05 3.22068784789976e-06)
(0.010760675704335 9.2889459509141e-05 3.41530974903837e-06 0.000774126266068592 -3.78989516987034e-05 2.87043411610987e-06)
(0.00938646570150801 6.89799281012052e-05 2.42670481676354e-06 0.000520152771369574 -2.88663558736681e-05 2.53392424167873e-06)
(0.00830203866304549 5.41945255630904e-05 1.85271042827356e-06 0.000341785351823968 -2.12822424977345e-05 2.1812044966455e-06)
(0.00744767851176706 4.45636672818142e-05 1.46107676293603e-06 0.00022022757127892 -1.53285582078138e-05 1.8677370844601e-06)
(0.00674174109459538 3.7307554661651e-05 1.14187814910773e-06 0.000139025023279347 -1.07102727474906e-05 1.56875436262971e-06)
(0.00613279768725701 3.09960485109613e-05 8.8176918884102e-07 8.58774498922e-05 -7.2445242045458e-06 1.29537662628186e-06)
(0.00558064619858312 2.50859944544905e-05 6.88176782517323e-07 5.18900725143225e-05 -4.73293073264221e-06 1.05286612186536e-06)
(0.00505055965238382 1.95164784929549e-05 5.61418055988172e-07 3.06008803169222e-05 -2.96694754284932e-06 8.38771345013502e-07)
(0.00452205039557604 1.44660629810617e-05 4.94325167839958e-07 1.75828430936605e-05 -1.7781062270032e-06 6.55919566091231e-07)
(0.00398267462823486 1.01331815931878e-05 4.69969762839199e-07 9.80266035462163e-06 -1.01424356814005e-06 5.04643955043048e-07)
(0.00342168543377947 6.63428709781315e-06 4.59262434157908e-07 5.2470213299273e-06 -5.42663966763328e-07 3.77451223546272e-07)
(0.00284766667357263 4.01779873748851e-06 4.4671793409558e-07 2.67407789703438e-06 -2.74509912878276e-07 2.7875065756379e-07)
(0.00226674566612741 2.20947027034311e-06 4.09568564233472e-07 1.26861493007787e-06 -1.29963679741875e-07 1.99700609191342e-07)
(0.00168966354099661 1.06316174835669e-06 3.42013023819449e-07 5.35476937159756e-07 -5.66682638826958e-08 1.36699484422796e-07)
(0.00114483999845604 4.27907467281817e-07 2.51816478683206e-07 1.90594244545178e-07 -2.29334994093496e-08 8.84412772720362e-08)
(0.000657968818543024 1.28458563887152e-07 1.50473934582205e-07 4.97035190417356e-08 -7.85649272094124e-09 4.98039338370537e-08)
(0.000268492829593127 2.16705658175635e-08 6.07612099064824e-08 6.68433073844588e-09 -1.74131340121028e-09 2.03649572297444e-08)
(3.45051225872105e-05 5.91592925429485e-10 7.30815762279189e-09 9.53826775056425e-11 -7.32052508007903e-11 2.70723815250821e-09)
(0.100714726877193 0.000239821787943259 0.000171729032043065 0.0244037134586455 -1.71243402274296e-06 4.99313006567677e-06)
(0.0984907070297621 0.000750167269092866 0.00016751592352638 0.0238157963416736 -4.6171341912964e-06 4.88642735562894e-06)
(0.0936023153131633 0.000872849079607441 0.000154922427980435 0.0228628171179818 -5.65996998629629e-06 4.6243084259411e-06)
(0.0878583689962601 0.000585950003669181 0.000138932339641284 0.0217408379614958 -7.25832182748841e-06 4.35452778340074e-06)
(0.0815173089879449 -0.000174852284735752 0.000125556519434723 0.0203149388064856 -7.61007154606571e-06 3.97426066865683e-06)
(0.0758014989112553 -0.000875739337345391 0.000114388731207984 0.0188813206795398 -6.87336622285966e-06 3.55079114213649e-06)
(0.0713907471280558 -0.00136691509278817 0.000108238527222452 0.0176557808637073 -6.36643937373862e-06 3.26783817167236e-06)
(0.0666759176471572 -0.00174010359044524 9.64612508856072e-05 0.0165190650983 -5.04225596759245e-06 2.85921408163228e-06)
(0.0627533094065917 -0.00228511047262678 8.7805102485728e-05 0.0155737468372903 -5.1251346760957e-06 2.55435932691567e-06)
(0.0595196606412973 -0.00281866046106275 8.12302601235935e-05 0.0146696159955636 -5.88100677797247e-06 2.26030387902583e-06)
(0.0569138043136168 -0.00326159936949607 7.70913417535988e-05 0.01386440956138 -7.30741507063664e-06 2.03028685435788e-06)
(0.0543424946532 -0.0035650811342748 7.36818061554488e-05 0.0130359748454146 -9.56626372104772e-06 1.79309520330027e-06)
(0.0513820716971984 -0.00371071758555368 7.04564016217117e-05 0.0121082408117667 -1.25795823046654e-05 1.54207471972388e-06)
(0.0485339806808714 -0.00369893028489959 7.02850339467989e-05 0.0111683129277038 -1.6677028139656e-05 1.37668086446166e-06)
(0.0454149801764631 -0.00348598117434705 7.09732276597306e-05 0.0101386741301158 -2.11223714431279e-05 1.24732856526668e-06)
(0.041967050594813 -0.00308496262331423 7.18814294295862e-05 0.0090332771833564 -2.54321032531738e-05 1.15485580966549e-06)
(0.0381626738502738 -0.00253216714966346 7.20020032298449e-05 0.00788421450769451 -2.89231370167097e-05 1.09625556072343e-06)
(0.0340138813123724 -0.00189889096390655 6.97621322428316e-05 0.006742698702329 -3.09349326863007e-05 1.05260860456028e-06)
(0.0296489249352386 -0.00127492297605341 6.42340736367787e-05 0.00566103707432947 -3.14187667399162e-05 9.99192122881488e-07)
(0.0252851032160171 -0.000737413986933095 5.59362497122708e-05 0.0046766329690827 -3.0737392808527e-05 9.39534450525938e-07)
(0.0211146052055348 -0.000329660023251374 4.56763657231654e-05 0.00380459631943831 -2.90977386207513e-05 8.6665579093509e-07)
(0.0173559781831126 -6.09160806335472e-05 3.50877165912314e-05 0.00305503700618448 -2.70995785441377e-05 7.97146216895913e-07)
(0.0140853916036892 8.50876442335078e-05 2.49962359247243e-05 0.00241716680586766 -2.47327948340595e-05 7.11730799109253e-07)
(0.011347515683629 0.000141937764595248 1.65096745946877e-05 0.00187850609394093 -2.23035085073112e-05 6.32359839914073e-07)
(0.0091188065761568 0.000143432387856362 1.0080810221265e-05 0.00142885045305723 -1.96483864176345e-05 5.57451887732006e-07)
(0.00738815953626317 0.000119806181342634 5.80511106605785e-06 0.00106641128080477 -1.70271389661033e-05 4.99802250311557e-07)
(0.00605270149691964 8.99524866378176e-05 3.17974476503512e-06 0.000778536672628204 -1.4387355559012e-05 4.50761632015971e-07)
(0.0050281089512997 6.36534715403649e-05 1.70232353810667e-06 0.000555714962931814 -1.17751518676184e-05 4.01422074695371e-07)
(0.00426203022882744 4.43911781841117e-05 9.54048951447749e-07 0.000389287363891094 -9.47128680044979e-06 3.64214372303704e-07)
(0.0036640128803219 3.15234796292736e-05 5.8213390117314e-07 0.00026589713536885 -7.3374400441852e-06 3.21507310990813e-07)
(0.00321186126761728 2.36724981127723e-05 4.01377642997824e-07 0.000178457553694969 -5.55971120682703e-06 2.82161966895441e-07)
(0.00286362823067499 1.89129332162994e-05 2.99810260771625e-07 0.000117538147959747 -4.12264099588977e-06 2.47582693609334e-07)
(0.0025789006917963 1.57412433577234e-05 2.2175598337716e-07 7.55579483087792e-05 -2.93155329868832e-06 2.07983177388437e-07)
(0.00235286050454182 1.33625694539366e-05 1.61395079514164e-07 4.78639123830937e-05 -2.05417500454433e-06 1.77537974150985e-07)
(0.00215336681992383 1.12053625830887e-05 1.09510772890196e-07 2.95588645382536e-05 -1.37628861699364e-06 1.46302014620171e-07)
(0.00197272596540536 9.14349068810285e-06 7.21445374133519e-08 1.79140849530983e-05 -8.92446647638273e-07 1.1938581395798e-07)
(0.00179794241918423 7.164255592387e-06 4.95466963048628e-08 1.06215318227775e-05 -5.53437175629621e-07 9.53601255169448e-08)
(0.00162407331579516 5.35002083514662e-06 4.10003037553493e-08 6.15977825192555e-06 -3.28801179915084e-07 7.52702839422394e-08)
(0.00144268712614612 3.76732251023821e-06 4.24922446967107e-08 3.46784216861454e-06 -1.83617532179704e-07 5.78998920456392e-08)
(0.00125476403900032 2.48904249946628e-06 4.98047905351155e-08 1.89573666500516e-06 -9.81228857131601e-08 4.4548182910907e-08)
(0.00105956184039257 1.52275710842179e-06 5.68275820011923e-08 9.90362996588893e-07 -4.94613349903691e-08 3.35350165250582e-08)
(0.00085309300827497 8.37764457039977e-07 5.84652021363546e-08 4.77814282305946e-07 -2.321978075852e-08 2.40993045196763e-08)
(0.000650034718804064 4.08988680640755e-07 5.41321381497304e-08 2.08761650948085e-07 -1.0692755503975e-08 1.70947531238382e-08)
(0.00045127571967021 1.66473695924921e-07 4.2892950394959e-08 7.62313000725751e-08 -4.69430150400136e-09 1.14845932928015e-08)
(0.000268564558885669 5.10537015015254e-08 2.70169837896042e-08 2.03448281329298e-08 -1.73634840682476e-09 6.67511540465121e-09)
(0.000116580102568991 9.14845291365293e-09 1.15249474845739e-08 2.86310674885349e-09 -3.89842938960331e-10 2.85640697045863e-09)
(1.59390737715746e-05 2.63958755430784e-10 1.37153416788764e-09 4.17284149888405e-11 -1.49797754074819e-11 3.8111167544187e-10)
(0.0106646491421773 2.5705350404935e-05 5.98345262872252e-06 0.00271082071465982 -5.84885897954024e-08 6.10605886142393e-08)
(0.0101516613159323 7.82743244740867e-05 5.53554333977377e-06 0.00257650339821775 -1.59184839382398e-07 5.62329313919675e-08)
(0.00928602898202295 8.77224119900898e-05 4.72269817470532e-06 0.00238217380177293 -1.80348484648298e-07 4.79111636312699e-08)
(0.00900527850480422 6.05928209387977e-05 4.50372034050889e-06 0.00233845185847374 -2.48536212709285e-07 4.88308506079683e-08)
(0.0084084435023542 -1.8019182235244e-05 4.11832970319275e-06 0.00219740108914527 -2.65669907765075e-07 4.48289484677731e-08)
(0.00785530292888537 -9.15767841233946e-05 3.82478502317915e-06 0.00204957961882756 -2.44773551283575e-07 4.20798674939133e-08)
(0.00741571625592732 -0.000142551283377111 3.59503031784469e-06 0.00192060286455344 -2.2930004306087e-07 3.70085792992838e-08)
(0.00690905583040666 -0.000181364172428608 3.20474675983758e-06 0.0017896171038888 -1.84115710050115e-07 3.28066377560343e-08)
(0.00648727721834709 -0.000237841049505262 2.90584505142307e-06 0.00168174280767459 -1.85127587043058e-07 2.94108394595751e-08)
(0.00614288455922004 -0.000293284546105273 2.68559103126917e-06 0.00157989208748831 -2.11913217516203e-07 2.61629076754729e-08)
(0.00588012131785488 -0.000339720516077748 2.53182045943604e-06 0.00149428280744818 -2.58860786280573e-07 2.27502090221555e-08)
(0.00559318740453633 -0.000369853995461602 2.40681959970818e-06 0.00139901249377708 -3.3158165681552e-07 2.00707323356279e-08)
(0.00523503206153999 -0.000381808593539045 2.25907703870692e-06 0.00128522207074881 -4.26004041965381e-07 1.66629047876535e-08)
(0.00499836791945585 -0.000384867165050935 2.30891772295835e-06 0.00119780720220083 -5.74492482595812e-07 1.52472010929453e-08)
(0.00469187635739818 -0.000364001228436171 2.36679758736794e-06 0.00109062329300167 -7.34764893150267e-07 1.4302448054219e-08)
(0.00423702539636346 -0.000314949942908533 2.27729041583904e-06 0.000950204578880909 -8.38236835924469e-07 1.20773519624096e-08)
(0.0039007680906088 -0.000261823306075465 2.32823632459637e-06 0.000839655055418086 -9.70271871284058e-07 1.14351935724411e-08)
(0.00349808580730845 -0.000197504573614042 2.32581977117101e-06 0.000722137722512919 -1.06593533753646e-06 1.20911062581297e-08)
(0.00311195925440345 -0.000134690204216628 2.21379790016387e-06 0.000618112368048299 -1.12040880120987e-06 1.15512758365175e-08)
(0.002623788552763 -7.68644940114996e-05 1.8873349983224e-06 0.000504653977612677 -1.06964676828019e-06 1.05920357213747e-08)
(0.00219331681999872 -3.39460885090239e-05 1.546098419033e-06 0.000410462458056835 -1.01642019187994e-06 9.91426257552334e-09)
(0.00180024340430755 -5.79228651771548e-06 1.17594916607422e-06 0.000328743672580484 -9.38035299130627e-07 8.97320191803525e-09)
(0.0014620611937949 9.35973462139392e-06 8.24666159281433e-07 0.000259897003918917 -8.44131221550799e-07 7.55724710937039e-09)
(0.00114676973439111 1.47885679118008e-05 5.10568828458233e-07 0.000196220979729041 -7.20379507760965e-07 6.32132397354583e-09)
(0.00097883589610597 1.56333106987113e-05 3.58008587723589e-07 0.00015795808008261 -7.26456253795701e-07 7.10794609672107e-09)
(0.000774040328738781 1.26546597367599e-05 1.90703342180873e-07 0.000114701235883442 -5.89170402493933e-07 5.6519544364494e-09)
(0.000626246344079608 9.3248723326583e-06 9.8566940707947e-08 8.24000557070333e-05 -4.76433444802956e-07 4.67484188810353e-09)
(0.000517981566654421 6.52964647815612e-06 5.06073668836891e-08 5.82257865970661e-05 -3.8338468263326e-07 4.08084049014659e-09)
(0.00046607284933932 4.825297462069e-06 3.10572270011464e-08 4.30696540820165e-05 -3.47111839003741e-07 4.45350367683769e-09)
(0.000391750420918866 3.3598084252485e-06 1.74275961979506e-08 2.86419041758093e-05 -2.55262238410142e-07 3.73810396125839e-09)
(0.000345205371735282 2.55201836429319e-06 1.13337731968112e-08 1.92213977255775e-05 -1.90432440992186e-07 3.09155285347326e-09)
(0.000304796746975045 2.03498667413503e-06 7.79922416890789e-09 1.24433992732305e-05 -1.36985427642791e-07 2.6672464311697e-09)
(0.000279819450855727 1.74010131940936e-06 5.49702715134721e-09 8.12536832224228e-06 -1.00628331594111e-07 2.39116944170003e-09)
(0.000253700370890235 1.47623408267139e-06 3.18901100534362e-09 5.08873678296419e-06 -6.76507471885019e-08 1.88886081618445e-09)
(0.00023157935491072 1.23894665961272e-06 1.41463298321359e-09 3.12798442627121e-06 -4.44641348763588e-08 1.55487703882514e-09)
(0.000215632074513826 1.02878722769815e-06 1.80606346518373e-10 1.92396255166773e-06 -2.92391613379195e-08 1.30972934131818e-09)
(0.00020020951671117 8.20788217998177e-07 -5.11340167566782e-10 1.16317601907546e-06 -1.85708189544448e-08 1.11823900130784e-09)
(0.000181989936522154 6.14944731319402e-07 -6.94630930873151e-10 6.78988993597677e-07 -1.07465474631104e-08 8.66535125976767e-10)
(0.000164762389132737 4.41480218610321e-07 -4.22826812809037e-10 3.95154393304845e-07 -6.10373875007473e-09 6.93638297698056e-10)
(0.00014381709880901 2.91262870137622e-07 1.0300107051469e-10 2.19108829941692e-07 -3.14318535053599e-09 5.19420452085374e-10)
(0.000124146684727767 1.79630956601322e-07 7.24802997905564e-10 1.17792864760404e-07 -1.61557030352995e-09 4.23065547479514e-10)
(9.99807776364199e-05 9.78357415824658e-08 1.14206767107685e-09 5.79958636665266e-08 -7.67201357708228e-10 3.0068453171341e-10)
(7.7398247328444e-05 4.76029020991846e-08 1.30862757072929e-09 2.61433227112868e-08 -3.81403842068341e-10 2.15907820097372e-10)
(5.54696127838567e-05 1.94730768888281e-08 1.18825797483914e-09 9.90768391312058e-09 -1.86385631327492e-10 1.52044966929365e-10)
(3.44773631587514e-05 6.04729802049703e-09 8.29789400496731e-10 2.71243139662283e-09 -7.2744642899464e-11 9.40693507607454e-11)
(1.65861563622501e-05 1.16615712512664e-09 4.12606627713099e-10 4.06122427960992e-10 -1.66203239389823e-11 4.8834955177445e-11)
(2.5326178480617e-06 3.3291244420645e-11 3.83987255453203e-11 5.96260103329286e-12 6.37281470017873e-13 5.62127167091094e-12)
)
;

boundaryField
{
    inflow
    {
        type            cyclic;
    }
    outflow
    {
        type            cyclic;
    }
    wallTop
    {
        type            fixedValue;
        value           uniform (0 0 0 0 0 0);
    }
    wallSide
    {
        type            fixedValue;
        value           uniform (0 0 0 0 0 0);
    }
    symmetryBottom
    {
        type            symmetry;
    }
    symmetrySide
    {
        type            symmetry;
    }
}


// ************************************************************************* //
