/*--------------------------------*- C++ -*----------------------------------*\
  =========                 |
  \\      /  F ield         | OpenFOAM: The Open Source CFD Toolbox
   \\    /   O peration     | Website:  https://openfoam.org
    \\  /    A nd           | Version:  8
     \\/     M anipulation  |
\*---------------------------------------------------------------------------*/
FoamFile
{
    version     2.0;
    format      ascii;
    class       volVectorField;
    location    "126";
    object      U;
}
// * * * * * * * * * * * * * * * * * * * * * * * * * * * * * * * * * * * * * //

dimensions      [0 1 -1 0 0 0 0];

internalField   nonuniform List<vector> 
2209
(
(49.248461112442 0.000846441738276799 -3.56601309173133e-05)
(48.9906288995154 -0.00104786793349089 0.00353516554394532)
(48.535820262637 -0.0113020436622236 0.00940363953633628)
(47.934880943251 -0.0309973897728469 0.0161763488716014)
(47.2335036887581 -0.0568613492411112 0.0202465709432865)
(46.4724655273283 -0.0842384091299205 0.0217171597169596)
(45.6835124456612 -0.110255449486854 0.0214617122054225)
(44.8886886186251 -0.133078618655962 0.0196774337917037)
(44.1021730434338 -0.151685082550707 0.0166014487317299)
(43.3286331798489 -0.165393856085287 0.0117453632122356)
(42.5680011011176 -0.173811778698747 0.00559163656340851)
(41.8175222035189 -0.176643579913646 -0.00140209815501889)
(41.0722304234077 -0.17404917401091 -0.009345679553015)
(40.3249983519852 -0.166576844206947 -0.0179975670959129)
(39.5655855594586 -0.155127555433338 -0.026369672595481)
(38.782191567341 -0.14081865102993 -0.033373475592955)
(37.9627927118516 -0.124832291607016 -0.0384291183159964)
(37.0952087110721 -0.108427762840989 -0.0414318447952945)
(36.1681664554067 -0.092542386692474 -0.0425513939903644)
(35.1708599519572 -0.0778812096441474 -0.0419800181885877)
(34.0942862879588 -0.0647650131317263 -0.040017631903431)
(32.9303402427765 -0.0533894986323323 -0.0371069340330522)
(31.6729986055959 -0.0437382611110882 -0.0337489952786939)
(30.3186363225052 -0.0356868219598614 -0.0303508268544415)
(28.8673453400799 -0.0290394938752714 -0.0271548647123157)
(27.3233293917759 -0.0235847421909364 -0.0242621204581605)
(25.69570277522 -0.0191162418527037 -0.0216934024931085)
(23.9990422353744 -0.0154431711132237 -0.0194260018550273)
(22.2522099103147 -0.0124287538679464 -0.0174253539844454)
(20.4778864638496 -0.00995632395753691 -0.0156452351611283)
(18.7013721338576 -0.0079225510105167 -0.014019873668732)
(16.9475121097435 -0.00625573385718545 -0.0125234585663498)
(15.239201078277 -0.00489967393947038 -0.01113175035489)
(13.5963600060229 -0.00380147635014671 -0.00984560325660286)
(12.033955750196 -0.00291867613274644 -0.00864676590657319)
(10.5627726072357 -0.00221047934041095 -0.00752812997700271)
(9.18848439964265 -0.00165091490346036 -0.00650143504666888)
(7.91318836620933 -0.00121310619492802 -0.00556452938698909)
(6.73585352096437 -0.000873562139547339 -0.00471338953851302)
(5.65344045485515 -0.000610745239349688 -0.00392744840649522)
(4.66097059210865 -0.000412896888755492 -0.00321717541850933)
(3.75294998731834 -0.000266412727292552 -0.00257533829087071)
(2.92337458409373 -0.000161368233846765 -0.00199778152146607)
(2.16637274360132 -8.82052136691733e-05 -0.00147050712495487)
(1.47604242028414 -4.07134849928516e-05 -0.000994982626476738)
(0.846784259736428 -1.33985535744688e-05 -0.000568069141749855)
(0.27345192188432 -1.40459248421324e-06 -0.000181375334547274)
(48.9813937161369 0.00512267328081614 -0.00465063856188442)
(48.750336863844 0.0111777989600199 0.00587826874309177)
(48.3391278215377 0.00820880546855239 0.0237250275756959)
(47.7863289629075 -0.00516978878282533 0.0429318858030309)
(47.1293742066978 -0.0263382904293799 0.0562147620789616)
(46.4046040677511 -0.0523665370965863 0.0636844239652388)
(45.6427710131127 -0.080600370365882 0.0660890281096345)
(44.8668886453212 -0.108217710776364 0.0631402698230103)
(44.0913595141913 -0.133346518965986 0.056441724421118)
(43.3229146513412 -0.155115081585915 0.0459171371734002)
(42.5623307934796 -0.172781925402927 0.0305146206236992)
(41.8082854520659 -0.185307139520491 0.0104124606586362)
(41.0567549946924 -0.192145832479664 -0.0129459682699911)
(40.3004749015783 -0.193310487698053 -0.037963697887173)
(39.5299576491239 -0.189232246708271 -0.0627884734436158)
(38.7336781985894 -0.180671306090913 -0.0855347527723915)
(37.8984009460843 -0.168664358514449 -0.104270925952735)
(37.0110950821617 -0.154313010534328 -0.117646948485173)
(36.0601832764688 -0.138724186520671 -0.125411657030974)
(35.0357821585975 -0.122896133969349 -0.128075678226913)
(33.9295266544065 -0.107577730974261 -0.126469747919949)
(32.7347783117719 -0.0932448000822608 -0.121700731835683)
(31.4470860814588 -0.0801555639844523 -0.114974464149671)
(30.0645920828135 -0.0684177944415471 -0.107330372461789)
(28.5888150104036 -0.0580351622638893 -0.09950240234442)
(27.025259857361 -0.0489425735230223 -0.0919387373295474)
(25.3840336276458 -0.0410355634482859 -0.084844637871566)
(23.6800714465306 -0.0342007935930968 -0.0782641193822441)
(21.9327036902497 -0.0283233636747551 -0.0721371037136037)
(20.1645362319124 -0.0232933009699332 -0.0663624470756557)
(18.3997763409621 -0.0190114831743668 -0.0608512612286031)
(16.6624196330012 -0.015387025248083 -0.0555366989525716)
(14.974372875331 -0.012338016683321 -0.0503903603658402)
(13.3540667722703 -0.00979039540706442 -0.0454121821324373)
(11.815607578834 -0.00767791584785964 -0.0406167302712828)
(10.3685065350067 -0.00594078775540532 -0.0360268016503305)
(9.01798410052815 -0.00452506348749563 -0.031660829418112)
(7.76557602275321 -0.00338329465011565 -0.0275346027850082)
(6.60990657049979 -0.00247324913772374 -0.0236542575167734)
(5.54750947565158 -0.00175829162146609 -0.0200243888426427)
(4.57359835446637 -0.00120612730264083 -0.0166402824195645)
(3.68261192610204 -0.000788941789541459 -0.0134958876601206)
(2.868674261857 -0.000482681234688107 -0.0105811778760763)
(2.12586747599768 -0.000267104085577634 -0.00788673199723039)
(1.44844976017818 -0.00012489715508741 -0.00540227181206499)
(0.830980165572798 -4.13655389534473e-05 -0.00311367688091592)
(0.268348279865159 -4.29141562508906e-06 -0.00100963503056489)
(48.5092677379926 0.0112507797758688 -0.0179766062256341)
(48.3207990038476 0.0292951481278055 -0.00114294035713413)
(47.9771096057815 0.0367840323852817 0.0272882301321936)
(47.5033380239736 0.0333913769121828 0.0586830321515427)
(46.9241983190911 0.0190574705617238 0.0840633528088384)
(46.2673123095005 -0.00464954121994417 0.102272987321724)
(45.5596205916501 -0.034275872998025 0.112124464753968)
(44.8233658988996 -0.0665409094708113 0.113377247961716)
(44.0749386755973 -0.0991370693461685 0.108342711757127)
(43.3234170922253 -0.130436357882836 0.09700699908751)
(42.5731862939462 -0.158619271213968 0.0770828502884996)
(41.8245742140501 -0.182478329360786 0.0487018009338854)
(41.0735088001654 -0.200964552441346 0.0134352545364325)
(40.3126596115901 -0.213272359602112 -0.0269664110588942)
(39.5322776921247 -0.218958194401913 -0.0698648847694471)
(38.7204719168183 -0.218300050442036 -0.111791358921422)
(37.8641621623591 -0.212142151374911 -0.149089213335167)
(36.950747608127 -0.201561052457 -0.179272842568615)
(35.969058734202 -0.187669572996426 -0.201237109785161)
(34.9096241917376 -0.171632695668841 -0.214969526093374)
(33.7646540730211 -0.154513826648916 -0.221315797163077)
(32.5287821338184 -0.137176624809642 -0.22157383253259)
(31.1993602505965 -0.120286274625486 -0.21730692816453)
(29.7767614815163 -0.104315429225216 -0.210043120643955)
(28.2648200398355 -0.0895587566231347 -0.200995783098794)
(26.671071800365 -0.0761728796563533 -0.191031553039656)
(25.0075220922888 -0.0642192227495229 -0.180611286649301)
(23.2901731514479 -0.0536882804711215 -0.169998961911535)
(21.538657350677 -0.0445110388333595 -0.159290439314352)
(19.7752420473668 -0.0365950078225287 -0.14851924738179)
(18.0231517217406 -0.0298300277507417 -0.137724798076529)
(16.3050604815512 -0.0240979234414331 -0.126936520298442)
(14.6412143466889 -0.0192824355652157 -0.116236414683846)
(13.0485992668689 -0.0152625583105678 -0.105654575002858)
(11.5397042353338 -0.0119392772614982 -0.0953028239766394)
(10.1227601988559 -0.00921606888834953 -0.0852516075991954)
(8.80208606845954 -0.00700224334283387 -0.0755340244328017)
(7.57842209924209 -0.0052232685563638 -0.0662171560783669)
(6.45002390273525 -0.00380859921656676 -0.0573098461455113)
(5.41303155479966 -0.00270202290827005 -0.0488719710297455)
(4.46265449432009 -0.00184935446257727 -0.0408866806148933)
(3.59334103290615 -0.00120669463855953 -0.0333590252377984)
(2.79917350023804 -0.00073718093046701 -0.0263116159751628)
(2.07439826316015 -0.000407244491062215 -0.0197220984755343)
(1.41342477475012 -0.000190092863269587 -0.0135747227845122)
(0.810932281749136 -6.28092793226612e-05 -0.00785368689855209)
(0.261871308518361 -6.26323330765706e-06 -0.00256175374513691)
(47.8902840466484 0.0179655452418379 -0.0403755194587855)
(47.7484858449861 0.0480802392801521 -0.0176388145260861)
(47.4839224358628 0.0673398534084412 0.0200279125556704)
(47.1055516132298 0.0748358547940422 0.0628094464955725)
(46.623977421933 0.0693855339701371 0.102635222610926)
(46.0575596586765 0.0514963143624763 0.134985130405433)
(45.4259002963441 0.0239644696837995 0.156342539921024)
(44.7497822221229 -0.00988378898927868 0.16668757635433)
(44.047740549971 -0.0468660061769154 0.167956517761782)
(43.3318068419275 -0.0843057554890066 0.159759827139435)
(42.60876584545 -0.120490623037529 0.140171018674415)
(41.8793095184909 -0.1538684779653 0.108424273619779)
(41.1398591996339 -0.182542971051223 0.0647231850241806)
(40.3850035555667 -0.205177366971882 0.0111697828503618)
(39.6059726528521 -0.22101845341418 -0.0484929218326988)
(38.7904867332502 -0.229916098753847 -0.109653611851509)
(37.9248407882571 -0.232004896683517 -0.167740674353795)
(36.9961643313988 -0.227867602101693 -0.219039683778285)
(35.9926102719748 -0.218500380443166 -0.261115113543817)
(34.9041523690217 -0.205058648674676 -0.292736549845875)
(33.7233187091833 -0.188808024958735 -0.314208750990726)
(32.4462808123013 -0.170897676429554 -0.326524601452498)
(31.0726792557096 -0.152320867824421 -0.331148939481095)
(29.6055123338838 -0.13388247232672 -0.329629777870294)
(28.0515621399117 -0.116215910459316 -0.323333470539354)
(26.4208142281107 -0.0997438784745227 -0.313490270630687)
(24.7271134892933 -0.084723549945992 -0.301064267364984)
(22.9879575320515 -0.0712844430206881 -0.286760321809348)
(21.2236735050119 -0.0594346981001133 -0.271103276347646)
(19.4565150457129 -0.0491113217766911 -0.254495905173385)
(17.7090858739019 -0.0402133736063204 -0.237250616233264)
(16.0028148964925 -0.0326165232965492 -0.219613107592785)
(14.3565476998448 -0.0261855324751045 -0.201785850869463)
(12.7854679199218 -0.0207937982043727 -0.184003108590439)
(11.300692805412 -0.0163100510470907 -0.166424967079184)
(9.90907029176219 -0.0126184135957959 -0.149197471756676)
(8.61379841372756 -0.00960815664714347 -0.132459663737808)
(7.41491250999044 -0.00718115431706495 -0.116336967051535)
(6.31012991479563 -0.00524559101763185 -0.100841924793701)
(5.29533645908873 -0.00372696716311955 -0.0860991751988978)
(4.36552321076701 -0.00255470738288587 -0.072109050076867)
(3.51508487968411 -0.00166967488387634 -0.0589034562360302)
(2.73825726064292 -0.00102097820211709 -0.0464937416093882)
(2.02931367852766 -0.000564681997738961 -0.0348683739475224)
(1.38274392719623 -0.000263866926048723 -0.0240133264211714)
(0.793334454819072 -8.73263230316006e-05 -0.0139080359568233)
(0.256203337404976 -9.05714356808046e-06 -0.00453163766493601)
(47.174477173976 0.0227246051033085 -0.0694088368872907)
(47.0783754052953 0.0637990863471357 -0.0415252513620396)
(46.8915511935752 0.0940481854578342 0.00353647547573493)
(46.6103479748534 0.111856311806098 0.0569955069042972)
(46.2344128391934 0.116520109330225 0.110153343121096)
(45.7706406153074 0.108211378208547 0.157228304103394)
(45.2312428635461 0.0879673420634714 0.193056616341577)
(44.6348113268424 0.058544189413618 0.215601624180331)
(43.9995407662195 0.0230875134444595 0.226340802121142)
(43.3382004586518 -0.0157434671568815 0.225303168593424)
(42.6594480833713 -0.0558069410620252 0.210515342893395)
(41.966695798851 -0.0950945663932477 0.179916886544736)
(41.2579526962388 -0.13183235902854 0.133142797028399)
(40.5281333469001 -0.164274352352385 0.0720258150399269)
(39.769117114525 -0.190972070292501 0.000142053123957434)
(38.968778859252 -0.210765321858435 -0.0776873290369386)
(38.1131249599191 -0.223057257828317 -0.156089709853085)
(37.1878247287112 -0.227817439199786 -0.230085772740208)
(36.1795706050522 -0.225574718319802 -0.295712294267902)
(35.077563554329 -0.217362764301505 -0.350321034361119)
(33.8747006663734 -0.204485409834153 -0.392656827449436)
(32.5679671584588 -0.18835185602414 -0.422691512204936)
(31.1584994415603 -0.170337356830561 -0.441275130874051)
(29.6515160615538 -0.151607237460558 -0.449761396973113)
(28.0561270398504 -0.133052354414579 -0.449746592768658)
(26.3851343042737 -0.115329248092637 -0.442869743091227)
(24.6548395857052 -0.0988349341433205 -0.430616026159756)
(22.8846592875221 -0.0838083720106775 -0.414243245220208)
(21.0963108626819 -0.0703549211069643 -0.394765432107874)
(19.3125960104673 -0.0584786026926204 -0.372986131640567)
(17.5560025871366 -0.0481305670677088 -0.349554211512889)
(15.8472630567041 -0.0392129114248353 -0.324995838750162)
(14.2041377191281 -0.0316077785006754 -0.299759752917281)
(12.6405699295322 -0.0251858089446353 -0.274224384031049)
(11.1663130230303 -0.0198175913354562 -0.248724244440071)
(9.78715903109347 -0.015374338905718 -0.223542699531637)
(8.50529265930666 -0.0117350270367256 -0.198896535477312)
(7.32006223333994 -0.00878883278930094 -0.174993926659478)
(6.22857173698627 -0.00643311808837669 -0.151954287411705)
(5.22648985193272 -0.00457813482545752 -0.129917000364003)
(4.30859069763923 -0.00314298453899898 -0.108952151990351)
(3.46918493870079 -0.00205714418706115 -0.0891118685490073)
(2.70250704091066 -0.00125940063641995 -0.0704048602471152)
(2.00284488476061 -0.000697349922031466 -0.0528418140150181)
(1.36472106325403 -0.000326307141695895 -0.0364244433682754)
(0.782996989074083 -0.000108124530954825 -0.0211174747589549)
(0.252866984385107 -1.14987441189345e-05 -0.00688339277422694)
(46.4021999757846 0.0257166203087326 -0.101114486479292)
(46.3466497536166 0.0744848346927945 -0.0705568635850334)
(46.2296085403887 0.113468052693939 -0.0192798673563148)
(46.0385512552137 0.141227499323901 0.0427320951047815)
(45.7650664781036 0.156957005544379 0.106788673224693)
(45.4057724628431 0.160073601871196 0.16683981889791)
(44.9682434214737 0.151185070512564 0.216451456485276)
(44.466886414454 0.131600693756104 0.252528981325168)
(43.9159012315145 0.103143405377196 0.275558807453505)
(43.3263880267648 0.0682482853569355 0.285216208290137)
(42.7088231969277 0.0291480432866904 0.279271758042162)
(42.0700905896273 -0.0120173641620306 0.254798417619444)
(41.4101514629092 -0.0528800856131245 0.210498992017829)
(40.72430986528 -0.0913183314905792 0.147439752013421)
(40.0045391867047 -0.125417474287336 0.0685387439456871)
(39.2389409407076 -0.153421165447954 -0.0218293225487957)
(38.4131451894521 -0.174138770223755 -0.117885910513992)
(37.5116998697161 -0.18713830703255 -0.213301262913715)
(36.5200440022807 -0.192733727164087 -0.302434920741862)
(35.4262003124692 -0.191726009861252 -0.380825681057188)
(34.2222219065023 -0.185301474636324 -0.445630597230842)
(32.9046384252369 -0.174745310813672 -0.495498439197143)
(31.4748321062083 -0.161349487242346 -0.530529113686626)
(29.9392017360957 -0.146270671529155 -0.551801005178167)
(28.3089409424773 -0.130465064947003 -0.560984128211528)
(26.5994690928155 -0.11471348609565 -0.560024907551316)
(24.8298596935853 -0.0995583288184108 -0.550769816639637)
(23.0219534369509 -0.0853740934500969 -0.534900727495215)
(21.1993785071362 -0.0723805966859185 -0.513841259475352)
(19.3861813151847 -0.0606955334708505 -0.488791966861452)
(17.6055313850375 -0.05034114278634 -0.460736962408372)
(15.8780639413584 -0.0412953209589944 -0.43050221148579)
(14.2211642467648 -0.0334864831351644 -0.398796876905978)
(12.6479753935837 -0.0268249652116004 -0.366211022020599)
(11.1674810565986 -0.0212049764423356 -0.333268397105294)
(9.78456712147562 -0.0165179827482957 -0.300396574629294)
(8.50074360644878 -0.0126534397633511 -0.267973420265645)
(7.31473657127795 -0.00950648427885432 -0.236301357261103)
(6.22321576090142 -0.00697858148026105 -0.205616860741989)
(5.22155156717695 -0.00497884735491316 -0.176120050985917)
(4.30428121641659 -0.00342576234948013 -0.147934414518808)
(3.46561375934048 -0.00224665218317303 -0.1211579025096)
(2.69967093606251 -0.00137777699943867 -0.0958500104644475)
(2.00072120908178 -0.000764065089207297 -0.07203320136103)
(1.36327386097443 -0.000357874245398286 -0.0497079240207315)
(0.782166656278756 -0.000118712749661771 -0.0288396962768346)
(0.252598326587954 -1.26994072407436e-05 -0.00940786601379461)
(45.60447261818 0.0272426569049517 -0.132700540195542)
(45.5806218733822 0.0787478207433523 -0.101113313103601)
(45.5220798861513 0.123599674877884 -0.0460361537136145)
(45.4106753535448 0.160503556177399 0.0213383602339398)
(45.2301253967826 0.188118235262705 0.0931037435421355)
(44.9718608785437 0.205081341005829 0.163209865498683)
(44.6379447964951 0.21016561105966 0.224984643639495)
(44.2382190736186 0.202830683504628 0.27447490544481)
(43.7812430055728 0.184372985519584 0.311041543068419)
(43.2765791370576 0.157095195639331 0.33323500280908)
(42.7347947166378 0.123500648730276 0.338654339922005)
(42.1634045748108 0.0858052178312163 0.323546712235241)
(41.5639259402151 0.0460773930283817 0.285586328490629)
(40.9336198933382 0.00656009614302644 0.225032131251777)
(40.2656283660338 -0.0304389878541625 0.143823427976741)
(39.5480808920513 -0.0630896844592297 0.045877387832978)
(38.7663837831976 -0.0901046057623946 -0.0623593648658846)
(37.9045989216861 -0.11075770206239 -0.173656227729528)
(36.9470404245296 -0.12489528651147 -0.281192153285679)
(35.8804049021849 -0.13286558922431 -0.379261437574778)
(34.6949834687444 -0.135341933522584 -0.463708931259149)
(33.385823575758 -0.133206032107191 -0.532218204620163)
(31.9534610991465 -0.127401652875271 -0.584018439202541)
(30.4042103922596 -0.118923799663805 -0.619647581448057)
(28.7501360637211 -0.108668795586172 -0.640385644036352)
(27.0086794950363 -0.0974529581216961 -0.648038209081569)
(25.2015410883548 -0.0859470047300359 -0.644574700730193)
(23.3535426960165 -0.0746751783141314 -0.631967066713912)
(21.4907885232667 -0.0639865030497876 -0.611920456538643)
(19.6393827899937 -0.0541153693619007 -0.585975421433759)
(17.8236782789664 -0.0451915238058204 -0.555431263261305)
(16.0650196093898 -0.0372787177295152 -0.521451046324585)
(14.3809764342833 -0.0303650337478467 -0.485014555718078)
(12.7843088220827 -0.0244165801793772 -0.446922809679251)
(11.2837262388731 -0.0193599281937024 -0.407912591020204)
(9.88360504471439 -0.0151185323823161 -0.368630638081986)
(8.58492087258645 -0.0116056812057412 -0.329570644467204)
(7.38595212205086 -0.00873529586193211 -0.291167178212181)
(6.28309274855954 -0.0064218823397974 -0.253783768543955)
(5.27133498026637 -0.00458755165738089 -0.217690602150892)
(4.34508350999888 -0.00315973346813716 -0.183096332023128)
(3.49829198589685 -0.00207466956456223 -0.15010761436751)
(2.72507058798678 -0.00127335843019748 -0.118881872594954)
(2.01946970776793 -0.000706705019501629 -0.0894067510450501)
(1.37602386979731 -0.000331069247565064 -0.0617415611851094)
(0.789479734050955 -0.000110056020969271 -0.0358561053240681)
(0.254959511839997 -1.14470105529937e-05 -0.0117056785955122)
(44.8029974435939 0.0262635916808364 -0.161656342174912)
(44.8024760523298 0.0763335065731083 -0.130056366828138)
(44.78930783708 0.12428133718444 -0.0747540317519758)
(44.7438852817437 0.169326224221483 -0.00557308176884132)
(44.6443508938671 0.208549057035106 0.070252314891607)
(44.4794277874319 0.239441016758313 0.147177186171859)
(44.245587182573 0.259047054790085 0.219441757223471)
(43.9463102808809 0.265101808074112 0.281964074353864)
(43.5864668126364 0.258369830168338 0.331930367278051)
(43.1728296309217 0.241186442337815 0.366897721330563)
(42.7144599318654 0.216044130372151 0.383855493909026)
(42.2181558690317 0.185366403392479 0.379150619662883)
(41.6867878190713 0.150886751950299 0.350157581025137)
(41.1194745374812 0.114367068167774 0.295684366851364)
(40.510167159152 0.077838501618016 0.216850415061294)
(39.8478670191923 0.0431189550999537 0.117465629368621)
(39.1179331797256 0.0116416928483287 0.0039276487355726)
(38.3039557581441 -0.0155335405571192 -0.116148927446233)
(37.3897893543995 -0.0378105132490893 -0.235311503435542)
(36.360613050449 -0.0549711367933311 -0.347078890751775)
(35.2048802223854 -0.0671299916550466 -0.446549933216379)
(33.9154476616055 -0.0745944206689235 -0.53054295984339)
(32.4915377913819 -0.0779229720066924 -0.597580392601796)
(30.9387563116109 -0.0777540440997847 -0.647360825451966)
(29.2697282231916 -0.0748531590225914 -0.68062815491761)
(27.5032823665054 -0.0699646788538041 -0.698740008072958)
(25.663089921208 -0.0637634899480886 -0.70337362256806)
(23.7768163252369 -0.0568914515136303 -0.69657008319878)
(21.873171396351 -0.0497908171074625 -0.680113568102018)
(19.9803846108933 -0.0428422571299568 -0.655802369109742)
(18.1248627076349 -0.0362792843502635 -0.625222034758507)
(16.329087231427 -0.0302660661761388 -0.589797910112308)
(14.611146189762 -0.024882660049977 -0.550771381374882)
(12.984146546973 -0.0201568948031019 -0.509206243679486)
(11.4565623038811 -0.0160817884137222 -0.466078439589375)
(10.0324990185313 -0.0126227831094968 -0.422188307088301)
(8.71252474577337 -0.00973191114915984 -0.378208389381196)
(7.49463210137032 -0.0073510057346048 -0.334720398482332)
(6.37482148079719 -0.00542020029101676 -0.292176845914987)
(5.34785816672074 -0.0038817489941302 -0.250941639939119)
(4.40784082136078 -0.00268009140882754 -0.2112757527219)
(3.54868458956248 -0.00176243059370323 -0.173401580666751)
(2.7642083273136 -0.00108342447116717 -0.137434749969165)
(2.04841701409319 -0.000602449863002913 -0.103439630755076)
(1.39574488782338 -0.00028249049644531 -0.0714901407323537)
(0.800791899974193 -9.38875670896973e-05 -0.0415448829298308)
(0.258559572966709 -1.00564424918082e-05 -0.0135492275702918)
(44.0104792089969 0.0223466741658359 -0.18574558650118)
(44.0258935835118 0.0680785641044282 -0.155947239748361)
(44.0461442937626 0.117222583972363 -0.103754550635362)
(44.0524490566913 0.168717396484517 -0.0363355765505188)
(44.0215409158107 0.218554525703222 0.0406595812186848)
(43.9397039682076 0.261796133621014 0.121714787410949)
(43.7981644071438 0.294509797011461 0.202513413629259)
(43.5947736796804 0.313775583909916 0.27643353656731)
(43.3302799071977 0.319933769535824 0.338523642071258)
(43.0085669289689 0.31466706833699 0.385496198105878)
(42.6358618111658 0.300048511546096 0.413871948693773)
(42.2183831964701 0.278027227409072 0.419804355219429)
(41.7588874435038 0.250516222924778 0.400693851406883)
(41.2567649542882 0.219254996981155 0.354726111419665)
(40.7067043439108 0.185726157311585 0.282312566091828)
(40.0989237204817 0.151405513389417 0.186884682432206)
(39.4195885800625 0.117677020256699 0.0745146409710833)
(38.652708581355 0.0857326035993643 -0.0472769643038971)
(37.7820753584396 0.0565843580731767 -0.170942747403473)
(36.792104434876 0.0310261126345654 -0.289829949476713)
(35.6693895033635 0.00959338092629184 -0.398747575936998)
(34.4050467598305 -0.0074699801368342 -0.494101120804293)
(32.9960175081358 -0.0201870479771516 -0.57365534953853)
(31.4469976709165 -0.0288690000909386 -0.636388100709709)
(29.7701490849747 -0.0340010755112038 -0.682176895053153)
(27.9852591558247 -0.0361944762423791 -0.711697181548901)
(26.1179653425761 -0.0361095009424424 -0.726185110809593)
(24.1982353678063 -0.0343954289226189 -0.727295227811743)
(22.2573520705044 -0.0316120121472263 -0.716795742489859)
(20.3261219168155 -0.0282301451313548 -0.69653829227579)
(18.4326488348138 -0.0246052510054123 -0.668293570326141)
(16.600833838814 -0.020999063904915 -0.633726782634254)
(14.8495175496375 -0.0175807993910287 -0.594333001689868)
(13.1921741064024 -0.0144549947310217 -0.551444693133625)
(11.6372057881225 -0.0116749330053872 -0.506225199397871)
(10.1885766361739 -0.00925950117052422 -0.459682922916861)
(8.84662797032803 -0.00720046202764629 -0.412650111213678)
(7.60901573935386 -0.005479111269853 -0.365838808691567)
(6.47146270342383 -0.00406625003475177 -0.319817141145689)
(5.42849281358583 -0.00292889378393879 -0.275024494192967)
(4.47406000521474 -0.00203185720020022 -0.231814897307104)
(3.60181445188033 -0.00134222297994166 -0.190432709517187)
(2.80549486383974 -0.000828121493346999 -0.151057541722292)
(2.0789724041369 -0.000461784683658333 -0.113786040664594)
(1.41650430727364 -0.000217230924515234 -0.0786786771262366)
(0.812663216613918 -7.24048571388726e-05 -0.0457380231206267)
(0.26243465844555 -7.77042137665439e-06 -0.0149449991696669)
(43.2329957914943 0.0164641807705844 -0.203589422069422)
(43.2586931284216 0.0547964974624478 -0.178180527939369)
(43.303116202862 0.102402665472374 -0.131508942082975)
(43.3482114456834 0.157994566232963 -0.068986531841992)
(43.3733927747317 0.216428748888434 0.00654799238281339)
(43.3635426477839 0.270621885629719 0.0898962168654551)
(43.3052633189468 0.315237203927369 0.176958719115735)
(43.1910460398277 0.347401259198454 0.260053035195522)
(43.0168236073915 0.366228840348713 0.332559805272171)
(42.7833188415553 0.373020948207997 0.39026731872912)
(42.4942222976299 0.36938015279738 0.429562025501126)
(42.1541285498076 0.356934210964272 0.446227601494003)
(41.7653393696683 0.337542218239697 0.437150992057806)
(41.3266530027207 0.312701157998571 0.400821230774646)
(40.8334676872259 0.283529521963036 0.337508475210687)
(40.2765232399011 0.251179647565365 0.250048370355759)
(39.6427859137253 0.21691268954449 0.144060602670974)
(38.9170021431969 0.182043210820371 0.0265856627655567)
(38.083235418905 0.14792752866342 -0.0954073858208243)
(37.1255175818466 0.115823974271169 -0.21560324985285)
(36.0300256995462 0.0867720846726462 -0.328815562872551)
(34.7869098605781 0.0615056122157177 -0.431154444442883)
(33.3920516332297 0.0404050689652909 -0.519885167896108)
(31.8489254216268 0.0235369818802238 -0.593263226865105)
(30.1693367899358 0.0106956350944819 -0.650402644458891)
(28.3731518810691 0.00146578279825235 -0.691172032081149)
(26.4872738418588 -0.00471723764778572 -0.716146999764572)
(24.5431128671759 -0.00845803284066451 -0.72641721102054)
(22.5738476717508 -0.0103609013556101 -0.72349112559197)
(20.6124318854049 -0.0109475320909836 -0.709129518559743)
(18.6885039434311 -0.0106604236407762 -0.685183937888889)
(16.8273488653251 -0.00983532501760041 -0.653486532172597)
(15.0485744225624 -0.00872234635234535 -0.615751845270191)
(13.3660913117822 -0.0074926051495698 -0.573530184283431)
(11.78833128308 -0.0062637641568681 -0.528182273994066)
(10.3192280673324 -0.00510670517509381 -0.480898397250755)
(8.95889219081573 -0.00406186158078653 -0.43266320574497)
(7.70476855194818 -0.00314874779780852 -0.384306304470001)
(6.55237678709028 -0.00237386187358226 -0.336507209933185)
(5.49604528365169 -0.00173254348495218 -0.289786084699346)
(4.52951826202159 -0.00121580933466757 -0.244552657671895)
(3.64633289583054 -0.000811005246709856 -0.201109533411603)
(2.84006858917644 -0.000504935624545937 -0.159669383552749)
(2.10454971165989 -0.000283623739471741 -0.120372100270051)
(1.43390659377407 -0.000134252640240067 -0.0832929312206618)
(0.822626190718233 -4.50910183706808e-05 -0.048449768107548)
(0.265655075409221 -4.73692113875953e-06 -0.0158436053865208)
(42.4708504414933 0.00968886196669566 -0.215026237330988)
(42.50317189002 0.0373603425871747 -0.195685047041854)
(42.565012092092 0.0801966624383412 -0.156684360774165)
(42.6379060033305 0.136473318998856 -0.101297920183849)
(42.7090694565216 0.200517336382229 -0.0298733989395993)
(42.7609806009609 0.263557915005989 0.0540593112493037)
(42.7766393100766 0.318903840054612 0.145050444091422)
(42.7430460914563 0.362941031971572 0.235274337119412)
(42.6516629244512 0.393963590784961 0.316492163418921)
(42.4997989180986 0.412540210086904 0.38367062279716)
(42.2893808959058 0.419863290114761 0.432867760639776)
(42.0222261379481 0.417512725263362 0.45956589749635)
(41.6995271073662 0.406781488153908 0.460655644693323)
(41.3199998638535 0.38879410607083 0.434751857195399)
(40.8790959509453 0.364638622928179 0.382095176004245)
(40.3678102460771 0.335311582007461 0.305282275971403)
(39.7731391358741 0.301913257655076 0.209158985486117)
(39.0804586609213 0.265938547009774 0.0999227725723729)
(38.2739742955034 0.229011800400455 -0.0161470261806783)
(37.3385088496519 0.192700920340344 -0.133258352606721)
(36.260736374162 0.158356194649646 -0.246445847664629)
(35.0308242096444 0.127037941890488 -0.351751265086968)
(33.6446725276871 0.0994392550370044 -0.446153758281979)
(32.1054952129865 0.0759402285224483 -0.52737854350725)
(30.4245634596273 0.0565761765654502 -0.593813686246749)
(28.622052203214 0.0411198630877296 -0.644555573986032)
(26.7252176843608 0.0291495517089482 -0.679417739792052)
(24.7657458706404 0.0201437312585931 -0.698856182222477)
(22.7787440322129 0.0135455055837928 -0.704028076853486)
(20.7980069969664 0.00882599586345344 -0.696496870349146)
(18.8543663176479 0.00553866635381019 -0.678057762168822)
(16.9740471390919 0.00330162456191789 -0.650649752644152)
(15.1773161234985 0.00181613989952262 -0.616145127207494)
(13.4782723963431 0.000866748463663021 -0.576229218918425)
(11.8855576688388 0.000286633246438241 -0.53243859465828)
(10.4031294125901 -4.22852616971805e-05 -0.4861234358626)
(9.03088730769214 -0.000211830408444623 -0.438397794539499)
(7.76613056698722 -0.000276374233703778 -0.390186034891945)
(6.60413287644516 -0.000279215943934632 -0.342226581059852)
(5.53921836999668 -0.000245925062674167 -0.295143560506074)
(4.56494090940179 -0.000197502714144415 -0.249386591295382)
(3.6747590524855 -0.000146538295149792 -0.205316896612963)
(2.86215648854595 -9.8703303035962e-05 -0.163167721446995)
(2.12086123896773 -5.96134918932061e-05 -0.123108701426861)
(1.44498444824471 -2.99659144168458e-05 -0.0852454920546522)
(0.828995764144264 -1.03436210932278e-05 -0.0496261146260169)
(0.267704179569337 -1.12449551638128e-06 -0.0162363714613404)
(41.7211329532637 0.00216039357800877 -0.220274632064503)
(41.7565426680445 0.0159090920235115 -0.207592208728403)
(41.8300984158892 0.0503912443721022 -0.178102983203188)
(41.9236992571286 0.103959617314587 -0.131371266721785)
(42.0316247286403 0.170113487120576 -0.0662296885959521)
(42.1364598463323 0.239248674252842 0.0162311883437263)
(42.2174970408606 0.303369914372846 0.109102389304823)
(42.256651361685 0.357907619577063 0.204360307199391)
(42.2404599695944 0.40033432313005 0.292570958240192)
(42.1631433722663 0.430290649612827 0.367832773904481)
(42.0245767523345 0.448674688290892 0.425702859847709)
(41.8241678510334 0.45650250008079 0.461692730928584)
(41.561525895184 0.454646915354144 0.472878635625847)
(41.234954152204 0.444023483136711 0.457683792311118)
(40.8396540724729 0.425655145397257 0.416405586498546)
(40.3660366755292 0.400440643752335 0.351475181296661)
(39.8018006358973 0.369509028716502 0.267114882246167)
(39.1327932150853 0.334371134895066 0.168456300658821)
(38.3440153382266 0.296807854146257 0.060957641683653)
(37.420560168184 0.25857081458018 -0.0501482834703906)
(36.3500922001323 0.221237983546006 -0.160200011830634)
(35.1236219357768 0.186081324183554 -0.265293493278141)
(33.7385358140291 0.154034668266534 -0.362225878676546)
(32.1977728728974 0.12566241162618 -0.448296023819478)
(30.5143615490602 0.101192007335866 -0.521380345971825)
(28.7077752419422 0.0805770131410183 -0.579889372429087)
(26.8053431650872 0.06356964866609 -0.622954028585206)
(24.8396388426379 0.0497833671908398 -0.650505807627972)
(22.8452770106225 0.0387437489499961 -0.663253363252478)
(20.8569424693305 0.0299968688370335 -0.66251651593703)
(18.9056968849889 0.0231117277182994 -0.64999699341525)
(17.0182154986319 0.0177177388562938 -0.627628700874875)
(15.2149443344827 0.0135074959813938 -0.597333491313136)
(13.5101985533023 0.0102218752554507 -0.560945280282086)
(11.9126091322596 0.0076696083262479 -0.520090142178195)
(10.425925786638 0.00570267988691191 -0.476178852430801)
(9.05010730222646 0.00417864207971536 -0.43045759949483)
(7.78218302707069 0.00301952746357013 -0.383864842632611)
(6.61758964543782 0.00213535149261168 -0.337281797548284)
(5.55030876504076 0.00147374812891414 -0.291304014598591)
(4.57398210171205 0.000982578307262273 -0.246466496006433)
(3.68198077363396 0.000626087946448187 -0.203143111655357)
(2.86773232383204 0.000374110743438807 -0.161598007790799)
(2.12499468123341 0.000202130893436007 -0.122039526298669)
(1.44780591013956 9.23208511958765e-05 -0.084578278321217)
(0.830584972233817 3.03861712004274e-05 -0.0492590822829385)
(0.268220869140572 3.12274752483921e-06 -0.0161283889358782)
(40.9768064137283 -0.00668396756595197 -0.219447455380118)
(41.0117680887695 -0.00930297099881805 -0.213601451183344)
(41.0919500982885 0.0132121912336742 -0.194683866161476)
(41.2020965474118 0.0605366460756085 -0.157893673047137)
(41.3399681722838 0.125117516453845 -0.100518760207768)
(41.4902239481258 0.196895934468529 -0.0214616328142395)
(41.6289603860308 0.266940173178011 0.0713144570246607)
(41.7332298038843 0.330005358827735 0.169455051127664)
(41.7854517598373 0.382750337071615 0.262857082747137)
(41.7760461217518 0.42368473605016 0.34461443731853)
(41.7016179361144 0.452980836563518 0.409920076454336)
(41.5605303761661 0.471079925793634 0.454373654067954)
(41.3515277645873 0.478622532064298 0.475100780061666)
(41.0710182878574 0.476215122620179 0.470440476054111)
(40.7130435763107 0.464597081580115 0.440644794355381)
(40.2686482924613 0.44468382018311 0.387959348639898)
(39.7257750478808 0.417772854592861 0.315927350650764)
(39.0705298503616 0.385474924644121 0.228816832633326)
(38.2884356155465 0.349550796841359 0.131334522275761)
(37.3657225820703 0.311750684117394 0.0281363777223576)
(36.2914059054682 0.273721168336025 -0.0765001865845784)
(35.0582037078896 0.236866352310417 -0.17881826193)
(33.6647947072689 0.202284988333501 -0.27553071518633)
(32.1167478155045 0.170721188702542 -0.363673870559958)
(30.4272280332477 0.142592003161865 -0.440655155701961)
(28.617094562228 0.118020951001887 -0.504397397487657)
(26.7133270178837 0.0969125443979305 -0.553507785342519)
(24.7486955599129 0.0790222595014294 -0.587477564181889)
(22.7569403925405 0.0640230070828418 -0.606582706906504)
(20.7727246555863 0.0515438993273471 -0.611933699024862)
(18.826568222634 0.0412319482304154 -0.605067744917802)
(16.9447714248179 0.0327423517801673 -0.587876822358995)
(15.1476582417968 0.0258009407088197 -0.562282830326471)
(13.4492724394532 0.0201468738753343 -0.530144904561)
(11.8579805070882 0.0155654446315174 -0.493135298239914)
(10.3776264407997 0.0118752667072383 -0.452759412019038)
(9.00774311269317 0.00893003386911326 -0.410206679951334)
(7.74553469149039 0.00659904448727943 -0.366530406834736)
(6.58626153195751 0.00476908898883181 -0.322587469860396)
(5.52397716438607 0.00335534023834663 -0.279029785133548)
(4.55226507610217 0.00227834619830241 -0.236390865103504)
(3.66447554034396 0.00147730310494883 -0.195056827515918)
(2.85408000368555 0.000897186424640592 -0.15531615590269)
(2.11487467228582 0.000492863381747925 -0.117396156916761)
(1.44090595302555 0.000228898178175223 -0.0814197680820142)
(0.826642221476084 7.54081742204074e-05 -0.0474605537263683)
(0.266948193465033 7.80009526108037e-06 -0.015548768783951)
(40.2282128221017 -0.0164526484359004 -0.212983138447081)
(40.2605067368429 -0.0373120426645622 -0.213842989891712)
(40.3426826202195 -0.0297049439990683 -0.205701193693601)
(40.4653892612329 0.00741905206450171 -0.179702776271546)
(40.6274407370064 0.0662197777520009 -0.131034283575847)
(40.8170773987801 0.136420054981239 -0.0569777764035495)
(41.0073916265239 0.208856366696282 0.0338142824840638)
(41.1704631294932 0.277907155347715 0.132583491672501)
(41.284702635087 0.339485186230151 0.229089633530239)
(41.3362694460948 0.39077865732636 0.315697554203944)
(41.3190819297094 0.430870598391749 0.387132019381568)
(41.230561239465 0.459623170008897 0.43897988430783)
(41.0672097943593 0.477165379823651 0.468321510263617)
(40.8245478375824 0.483845857800224 0.473622934897292)
(40.4955379796087 0.480176897072555 0.455006021867318)
(40.0712175573685 0.467106533102982 0.414245825525507)
(39.5397748725149 0.446010380940175 0.354254745648762)
(38.8875387430558 0.418470808902575 0.278717029548633)
(38.1010620558334 0.386202418205401 0.191804022784177)
(37.1675678823091 0.350905648018288 0.0976059990022513)
(36.0779873736568 0.314255365086644 -4.23764005812078e-05)
(34.8275096646295 0.277732974095974 -0.0976173700785173)
(33.4175688690166 0.242530084017645 -0.191831488794287)
(31.8557344658855 0.209507124730074 -0.279530258167177)
(30.1571689970859 0.179218185909951 -0.357814526494555)
(28.3435663455427 0.151942945467457 -0.424238583582972)
(26.4422997251264 0.127750644003899 -0.477046795488646)
(24.4850365076316 0.106565864709179 -0.515350657713826)
(22.5054388108368 0.0882013755728926 -0.539199386658183)
(20.5364266951163 0.0724296201434339 -0.549432959431871)
(18.6077566084817 0.0589901148182485 -0.547479315965261)
(16.7447525961411 0.0476234214504001 -0.535127432982132)
(14.9666940145336 0.0380811358101272 -0.514249578599264)
(13.2873379834068 0.0301251552137521 -0.486707100909153)
(11.7144703263563 0.0235499389567184 -0.454137659347365)
(10.2514638767833 0.018160254856214 -0.418002618259914)
(8.89798797317899 0.0137850462312909 -0.379534083274952)
(7.65106478165824 0.0102715521853756 -0.339755156922048)
(6.50590065795733 0.00748284201829845 -0.299500108906098)
(5.45656342506998 0.00530213872396027 -0.259417851411617)
(4.49670444082317 0.00362516828476054 -0.220038276846061)
(3.61977256290833 0.00236361861909727 -0.181758857320296)
(2.81931500032024 0.00144187496613738 -0.144875580406318)
(2.08911909339046 0.000796094665133871 -0.109593144028667)
(1.42337766349224 0.000371199128454561 -0.0760661559805798)
(0.816582706762499 0.000122805094971483 -0.0443666388831935)
(0.263708558601239 1.26504594152093e-05 -0.0145454835627636)
(39.4655138610653 -0.0262440817715813 -0.201735200801661)
(39.4926013491808 -0.0661171340814833 -0.208706121766847)
(39.5716667536529 -0.0756714782980314 -0.210948280108143)
(39.7022578808202 -0.0526033245103637 -0.195850673873186)
(39.8834411904761 -0.00418261086850513 -0.156340559377231)
(40.1078754746247 0.0597475359485001 -0.0885611055580618)
(40.3452547245006 0.130982115252869 -0.0015701955528557)
(40.5623968229817 0.203138132265949 0.095613250208783)
(40.7328408093826 0.271479644446202 0.192991777266533)
(40.8388764590661 0.332039982058865 0.282622504399364)
(40.8724352983482 0.382612229443713 0.35866934010258)
(40.8290640507682 0.422190722187937 0.416583927579843)
(40.7031974202047 0.450388448590079 0.4534883741138)
(40.489405899467 0.467139571416022 0.467839912542935)
(40.1802237761581 0.472761439928862 0.459537544072307)
(39.7663025959279 0.468141472194752 0.429857567032874)
(39.235984929112 0.454543559564968 0.381264561780382)
(38.5763657357743 0.433431139937579 0.317021798045371)
(37.7746225739424 0.406440999180246 0.240769926413979)
(36.8197881907434 0.375287504152507 0.156068607196028)
(35.704925758631 0.341675892874724 0.0663316722913093)
(34.428305202991 0.307123353595811 -0.0251551029133914)
(32.9943161931568 0.272878967174124 -0.115110651765095)
(31.4136377263184 0.239884383954244 -0.200280809692877)
(29.7034050669143 0.208801082892952 -0.277575499488052)
(27.8864981529787 0.180046992585828 -0.344320040845871)
(25.9907587406904 0.153850314702437 -0.398534863014858)
(24.0472619120849 0.130294284551409 -0.439127962821146)
(22.0882769468175 0.109357421432496 -0.465948169775888)
(20.145110687211 0.0909457383421011 -0.4796843311988)
(18.2459385911603 0.0749153308856554 -0.481645218744047)
(16.4143530439209 0.0610931959908658 -0.473506820512989)
(14.66844485751 0.0492883008911236 -0.457073159029545)
(13.0207276230136 0.039303385649002 -0.434104734286213)
(11.4784215262079 0.0309415460675152 -0.406196631240565)
(10.0444021206847 0.0240109357173688 -0.374743303669371)
(8.7180602071101 0.0183290465727639 -0.340919367811086)
(7.4962954092126 0.0137258541817275 -0.30569533651855)
(6.37428846894726 0.0100454900359114 -0.269857917532931)
(5.34623653162627 0.00714685645866662 -0.234037334729703)
(4.40583851994872 0.00490485344878738 -0.198728015666644)
(3.54668594912475 0.00320891281644359 -0.164315833742013)
(2.76243386863483 0.00196376499601338 -0.131083361988228)
(2.04702197772195 0.00108688910356784 -0.0992395887098679)
(1.39471662087373 0.000508202456093363 -0.0689252781914283)
(0.800173134003386 0.000168300396783653 -0.0402303444790352)
(0.258407384814036 1.74921150260744e-05 -0.0131944202237877)
(38.6772303540722 -0.0350471247499931 -0.18676504465429)
(38.6958748298536 -0.0931185142603983 -0.198962517482337)
(38.7659427284861 -0.120991168425928 -0.210480857072949)
(38.8989129980576 -0.115296364449444 -0.205824768491896)
(39.0952005714558 -0.0817752031221826 -0.175259284481091)
(39.3515421810184 -0.0285951730926971 -0.115003434133338)
(39.6327194263286 0.0376409569306283 -0.0334701809612797)
(39.8993154383949 0.109839589808583 0.0602087991407234)
(40.1205974604496 0.182375393231424 0.156296345949066)
(40.2752079984341 0.250456478006097 0.246939585688819)
(40.352989956765 0.310660081344319 0.325900613460771)
(40.3470073806959 0.360898099697421 0.388412417583552)
(40.2500263892764 0.400111602309449 0.431523873211594)
(40.0563307843151 0.427759412517336 0.45372490024016)
(39.7577652078184 0.443783515585778 0.454575646613853)
(39.344745336573 0.448840080028746 0.434979565736671)
(38.805946217551 0.443954760291521 0.397029701095836)
(38.1289274253251 0.430487175156327 0.343591565987422)
(37.3019890909304 0.410037306048055 0.277778706321353)
(36.3164875840915 0.38434754162019 0.202658894470693)
(35.168007035953 0.355125457594921 0.121277533789989)
(33.8581477788934 0.323900689798124 0.0367455462880954)
(32.3948194948499 0.291954906886571 -0.0476938844225495)
(30.7916652690862 0.26027789062787 -0.128755533160086)
(29.0685150369754 0.229636984425596 -0.203239303428521)
(27.2496405567574 0.200569107341423 -0.268370667345909)
(25.363372621108 0.17345073114366 -0.322066458157311)
(23.4398818464511 0.148515967277563 -0.363129052127126)
(21.5100034352103 0.125896564858468 -0.391312621001337)
(19.6029888191977 0.105633637789835 -0.407208114921586)
(17.7447598797465 0.0877015380519608 -0.412024277303051)
(15.9568602511942 0.0720182576623431 -0.407339293586112)
(14.2553972551496 0.0584597498774286 -0.39484142687395)
(12.6516669755291 0.0468703151816619 -0.376198872119698)
(11.1517513713691 0.0370765465217121 -0.352894921724889)
(9.7579206055485 0.0288953975512081 -0.326229056747964)
(8.46910088131873 0.0221436716448663 -0.297273998416135)
(7.28224880533682 0.0166393799671762 -0.26694522422315)
(6.19232806504906 0.0122165605018727 -0.235936618894309)
(5.19374814440501 0.00871596417928967 -0.204840113901594)
(4.28027765473544 0.00599727475695554 -0.17409778017622)
(3.44569326528686 0.0039329448952344 -0.14406731758792)
(2.68387415567961 0.00241181176293954 -0.115017326088501)
(1.98889007098416 0.0013371860210438 -0.0871367711197443)
(1.35513152524817 0.000626304562433252 -0.0605507723040856)
(0.777476901316491 0.000207748277881417 -0.0353581971225031)
(0.251085747807889 2.16116764971305e-05 -0.0116017220519219)
(37.8510403006052 -0.0421897084442285 -0.169347045289333)
(37.8569485891429 -0.116156117236641 -0.185624356650658)
(37.9125411212721 -0.16218760235233 -0.20488756614606)
(38.0413590933168 -0.175921182379897 -0.209485711665996)
(38.2491132295002 -0.160895584192355 -0.187317036897305)
(38.5341690035159 -0.122484196998386 -0.135419044809308)
(38.8558276314806 -0.0653007349667607 -0.060790446020291)
(39.1679865710398 0.00356410743448999 0.0276772478374859)
(39.4348619218033 0.0774055345701335 0.120620534656081)
(39.6326153908547 0.150732482375689 0.210221877009315)
(39.7483258488452 0.219212575575122 0.290264895842432)
(39.7719830955685 0.279499753995257 0.355750696813739)
(39.6958680652513 0.329676335535021 0.403590603675359)
(39.5135720511522 0.368501997674852 0.432231842970187)
(39.2170050639571 0.395492462634051 0.44100941840374)
(38.7959672804409 0.410874912496179 0.430479876683766)
(38.2394278345597 0.415425816419563 0.402337726366817)
(37.5356485254399 0.410436398500386 0.359025918160551)
(36.6751658376381 0.397476951650313 0.303161040595021)
(35.6511063132088 0.378278898073475 0.237382155493388)
(34.4626533638423 0.354536903518616 0.164451757880435)
(33.1147671112387 0.327752722889093 0.0873236057429012)
(31.6191275120015 0.299220527859242 0.00918699014516988)
(29.9930306380836 0.269993598880462 -0.0666482408096727)
(28.2583607303717 0.240896976289286 -0.136983893536816)
(26.4412245879205 0.212583768207927 -0.199033562448336)
(24.5698449085157 0.185559852037662 -0.25069424008343)
(22.6739357706809 0.160211056244302 -0.290766288540763)
(20.7822137033173 0.136806856176143 -0.318976191374021)
(18.9214711287945 0.115522459558169 -0.335865029982848)
(17.1152827316991 0.0964462369028345 -0.342577277740894)
(15.3824421649338 0.0795831356296454 -0.340582009159434)
(13.7370766875364 0.0648734892811622 -0.331461092761088)
(12.1885256344703 0.0522061254450647 -0.316737002224284)
(10.7417993529283 0.0414339947239164 -0.29777520843851)
(9.39836826064996 0.0323876594342833 -0.27575065398125)
(8.15681577323105 0.0248857193956876 -0.251636510843892)
(7.01370523988201 0.0187457219186651 -0.226227726257804)
(5.96407313559137 0.013793227126344 -0.200145820234311)
(5.00240568134544 0.00986143369758751 -0.173908066038878)
(4.12278370572406 0.00679747242498133 -0.147922516034952)
(3.31912492750971 0.00446475409148027 -0.122496342409521)
(2.58535824868833 0.00274264553915788 -0.0978442975617299)
(1.91596377521109 0.00152295181691614 -0.0741618126265029)
(1.30552205455407 0.000714033974506321 -0.0515604455882501)
(0.749054459187767 0.000237583851387435 -0.0301200947208558)
(0.241917377176754 2.44642295463608e-05 -0.0098871862005841)
(36.9738264954145 -0.0475436051143676 -0.150761777525095)
(36.9630202591616 -0.134133876524067 -0.169879921689905)
(36.9991712027406 -0.196741674312613 -0.19502758092942)
(37.1170325332917 -0.230483013505206 -0.207205003959997)
(37.3316177197918 -0.236221825396223 -0.192610434537863)
(37.6407848080259 -0.21567980650319 -0.149331494241132)
(37.9985694709886 -0.171278775906863 -0.0826770668128494)
(38.3521266739973 -0.109352524469469 -0.000882804928698825)
(38.6599638953913 -0.0372989328826663 0.0873061693475794)
(38.8959281524548 0.0387232799513612 0.173950264404005)
(39.0436954159666 0.113645899320954 0.253189492893686)
(39.09048673818 0.182923918909544 0.319990428851584)
(39.0274023855266 0.243432805703318 0.37101357312581)
(38.8488325292318 0.293166456150428 0.404739947135679)
(38.5459354433512 0.330997605407665 0.420231366758382)
(38.108473592705 0.356743599149268 0.417694496433986)
(37.5256842680105 0.371004702977294 0.398409229392938)
(36.7877426089113 0.374952703560358 0.364366892982405)
(35.8862372667128 0.370089244683103 0.317745070027317)
(34.8180948158482 0.358104278370568 0.260832114254891)
(33.5859157502219 0.340626669160017 0.196159914082161)
(32.1987219905117 0.319134644768147 0.12657151870037)
(30.6713868908546 0.294900102124199 0.0551789225666574)
(29.0250559394946 0.269019240588046 -0.0147375633314879)
(27.2836817065255 0.242379210928215 -0.0800246828233305)
(25.4747585542037 0.215742853938956 -0.137939883885834)
(23.6263064078922 0.189725391493626 -0.18647638456576)
(21.7667441580972 0.164852234888165 -0.224478514679729)
(19.92277526899 0.141527446632859 -0.251707314664628)
(18.118481235563 0.120048076972996 -0.268693751065163)
(16.3746698906287 0.1006046218701 -0.276520930685116)
(14.7070865225189 0.0832792544690023 -0.276551429007847)
(13.1279923362785 0.0680720346631803 -0.270252495113674)
(11.6444959918321 0.054910260933372 -0.258992703820338)
(10.2604179093136 0.0436715774069531 -0.244000103475807)
(8.97623118244327 0.034200643084644 -0.226306647206338)
(7.79008923814815 0.0263237133788454 -0.206765927448923)
(6.6983854837949 0.019860541965979 -0.186069405209029)
(5.6961642988039 0.0146343528696878 -0.164754927791847)
(4.77784119779706 0.0104766525925413 -0.143245026273541)
(3.93788459918731 0.00723101356666879 -0.121904754100486)
(3.17045340242629 0.00475509237195285 -0.100997342584733)
(2.46972731384431 0.00292427854329963 -0.0807063680024123)
(1.83038365826721 0.00162625710894412 -0.0611912494369789)
(1.24730795052054 0.000762480099833843 -0.0425587963948182)
(0.71571114328355 0.000253832956692084 -0.0248697033745198)
(0.231140618218459 2.62907633269071e-05 -0.00816195033401008)
(36.0329452721668 -0.0509905274966148 -0.132123537845709)
(36.0030132991721 -0.146509542842926 -0.1529057892089)
(36.0148587153893 -0.223372179081365 -0.181961920928449)
(36.1150311539826 -0.276350264562598 -0.199803454153777)
(36.3303804054015 -0.303618028953931 -0.191781181842155)
(36.6570873747383 -0.302836891139722 -0.156835615425954)
(37.0453399918431 -0.274091596148971 -0.0987965227838248)
(37.4355167030115 -0.222353056007097 -0.0247051957315495)
(37.7800167076415 -0.155186008845788 0.0573729501512886)
(38.0494004772858 -0.0791093150177935 0.139393015623849)
(38.2239929312021 0.000100460168202542 0.216041933896436)
(38.2877377537702 0.0767252557491747 0.282524834396125)
(38.2315097358516 0.146330918301549 0.335338168021051)
(38.0493778778574 0.205929221704991 0.372855762534171)
(37.7326797391946 0.253838640434117 0.393878936782799)
(37.2716307470476 0.289521667518624 0.398222227402058)
(36.6559020422519 0.313341030967816 0.386723715060666)
(35.8771830325604 0.326320284151406 0.360970750110532)
(34.9307879384499 0.329844099394399 0.322755988403127)
(33.8161046506447 0.325477941267662 0.274069622973696)
(32.5400983981367 0.314774574265006 0.217285775947661)
(31.1154627669755 0.299136949231156 0.155120203623872)
(29.561406530194 0.279836535648929 0.0906246201271619)
(27.9010429704643 0.257962977196922 0.0269811755093825)
(26.1613470414076 0.234500127825355 -0.0327290693410017)
(24.3695649008248 0.210281015324001 -0.0858923274316176)
(22.5537569109658 0.18605398311865 -0.130604564754955)
(20.7404641807554 0.162452503157599 -0.165846097754798)
(18.9541610754589 0.140007266834798 -0.191428294231693)
(17.216329744051 0.119123083094177 -0.207896184898779)
(15.5439869784143 0.100062978074689 -0.216262919705221)
(13.951016436725 0.0829852234836887 -0.217805104773652)
(12.4467066442462 0.0679347773244263 -0.21383863676664)
(11.0364343251968 0.0548676246260564 -0.205586229746948)
(9.72244473574563 0.0436832343388209 -0.194117493392364)
(8.50478489022843 0.0342427900443353 -0.180340962522322)
(7.38059358693721 0.0263786453183668 -0.164967285096486)
(6.34642829892328 0.0199184269139443 -0.148598897198547)
(5.39690895769349 0.0146885119156616 -0.131658577878021)
(4.52724364753513 0.0105222966726212 -0.114544493080726)
(3.73158910338235 0.00726743444651866 -0.0975206911431443)
(3.00451510417591 0.00478274802475071 -0.0808145866634182)
(2.34073273600823 0.00294232685806227 -0.0646034551386737)
(1.73497059039139 0.00163655872842383 -0.0489976046170668)
(1.18223690349308 0.000768045120060615 -0.0340657813228219)
(0.678363289555106 0.000256068492919713 -0.0199008759509294)
(0.219185541231619 2.64237278630262e-05 -0.00654291425601487)
(35.0180504907889 -0.0525309486165331 -0.11424891137682)
(34.967437183156 -0.153318625287543 -0.135672326424307)
(34.9504594063278 -0.241744159940699 -0.166789994614497)
(35.0262473857183 -0.31210238950904 -0.188328569009546)
(35.235188824754 -0.360166341249832 -0.185749745435492)
(35.5709709246279 -0.379650039047056 -0.158443371679675)
(35.9820529216241 -0.368369880429287 -0.109113061006527)
(36.4034139965608 -0.329558733123177 -0.0433788208991206)
(36.780017233276 -0.2700642653675 0.0315037664605711)
(37.0781280813775 -0.196478334022472 0.107534831899226)
(37.2742660714099 -0.115444986978139 0.180079625505439)
(37.3501315751676 -0.0336718089148888 0.244811261145277)
(37.295490434534 0.0431045973836606 0.298183868820671)
(37.1040931513793 0.110943748831643 0.338322454379699)
(36.7677880244241 0.167699019801528 0.363692790690826)
(36.2773609634483 0.212488881182507 0.373720526044747)
(35.6240438203219 0.24539187909089 0.368868910195696)
(34.8017453470699 0.26718281883016 0.35032410307475)
(33.808931449466 0.279106410927756 0.319602151295275)
(32.6490440747149 0.282506720238803 0.278429286641676)
(31.3328024425453 0.278804684122063 0.229017289207487)
(29.8771976614188 0.269345934223319 0.173986441712933)
(28.3043679063716 0.255364712438576 0.116283113404091)
(26.6401167916134 0.23798144065159 0.0589944132501784)
(24.9125932097751 0.218235225520598 0.0050683398121633)
(23.1492174046849 0.197039172633444 -0.0430537286604295)
(21.3771353312908 0.175258943263378 -0.0836087496831746)
(19.6209183053852 0.15362790794865 -0.115727214834349)
(17.902427502457 0.132778164244934 -0.139301709512902)
(16.2397713858802 0.113190162993821 -0.154876793590808)
(14.6475631628819 0.0952054609267833 -0.163416733614657)
(13.1366584393755 0.0790263820744587 -0.166077481912973)
(11.713969973668 0.0647289643758533 -0.164031177865931)
(10.3829477014259 0.0522953652358297 -0.158341546211676)
(9.14495378471471 0.0416456995551765 -0.149940204419692)
(7.99859688027006 0.0326497584664216 -0.139580222364512)
(6.94117032320021 0.0251549974935531 -0.127876637904088)
(5.96871424312281 0.0189977042025773 -0.115318028269566)
(5.07621207520865 0.0140113237610117 -0.102269189387738)
(4.2584623851905 0.0100386719235297 -0.089024377212436)
(3.5104148371649 0.00693425756867623 -0.0758306992581246)
(2.82675171420665 0.00456383244515626 -0.062863180710523)
(2.20243772279413 0.00280817916976333 -0.0502614351356012)
(1.63256929453068 0.00156230930568318 -0.0381193939635989)
(1.11265511157029 0.000734576079397059 -0.0265113269676708)
(0.638578738218197 0.000244574907173321 -0.015496185831036)
(0.20620424455351 2.48262794482649e-05 -0.00508024400966615)
(33.9207992970922 -0.0524441605458909 -0.0977280479812559)
(33.8486568152282 -0.155273863229716 -0.118888797881948)
(33.7990916748894 -0.252277269826466 -0.150508405696219)
(33.8442672541429 -0.337368441588858 -0.174016994815163)
(34.0388205071191 -0.404240425405193 -0.175607312357538)
(34.3744179411783 -0.443360496628344 -0.155054379723673)
(34.7990366067867 -0.450249468277129 -0.114043368440545)
(35.2441074118779 -0.426177603146251 -0.0568639566422133)
(35.6474678444842 -0.376585126940751 0.0100419377225069)
(35.9691786197871 -0.30793060062568 0.079107402971254)
(36.1821174670501 -0.227750020924063 0.146424826766925)
(36.2659185334341 -0.14349656775012 0.2082377091131)
(36.2090490754193 -0.0619694673568852 0.261114540002398)
(36.0044323373232 0.0121123119375367 0.302755195381301)
(35.6447900594898 0.0762035664038358 0.331262780578722)
(35.1218339647835 0.129038296516722 0.345759251361036)
(34.4292836710444 0.17032200125753 0.346387552997618)
(33.5637578048494 0.200503758768345 0.333979422954142)
(32.5269171499388 0.220530538750073 0.309761227532206)
(31.3268499193202 0.231579723555807 0.275321299069704)
(29.9780600065241 0.234902499416857 0.232699489278914)
(28.50124225374 0.231745173278719 0.184382391373083)
(26.9211974788474 0.223312781865221 0.133206256970897)
(25.2657833371309 0.210743969214041 0.0821285585476425)
(23.5631554156157 0.195107433789578 0.0339184071786045)
(21.8408910687123 0.1774220856107 -0.00913940092649135)
(20.1245300263124 0.158627794801657 -0.0454935955397639)
(18.4360746045825 0.139547211954239 -0.0743987609374618)
(16.7947708881676 0.120892711445988 -0.0958287461007988)
(15.2155815178573 0.103202152720511 -0.110338790813527)
(13.7104210078638 0.0868690306392173 -0.118817746911027)
(12.2872581422839 0.0721243432583862 -0.122301507485946)
(10.9507615830942 0.0590689208924167 -0.121811704606311)
(9.7034507169104 0.0477122228074806 -0.118272773915693)
(8.5448710023026 0.0379822537423414 -0.112461264157647)
(7.47329479257967 0.0297674688837278 -0.105014670648664)
(6.4851932649063 0.0229234661245758 -0.0964212696708484)
(5.57682422859955 0.0173052894189595 -0.087096550199449)
(4.74332410513072 0.0127590020263871 -0.0773409531759655)
(3.97967852898659 0.00913831620704498 -0.0673911930477437)
(3.28097574468695 0.00631038764553674 -0.0574427883465051)
(2.64237825180606 0.00415233169338933 -0.0476463826866756)
(2.0589889308899 0.00255459114641503 -0.0381036470020887)
(1.52640865460375 0.00142061799284295 -0.0289029756859538)
(1.04038696909198 0.000666632907158332 -0.0201005637286162)
(0.597054612730477 0.000222123610908242 -0.0117395174254746)
(0.192967129771256 2.24627059687501e-05 -0.00386083826470778)
(32.7348943101345 -0.0511158793566066 -0.0828999184210499)
(32.6410584679319 -0.153434073153743 -0.103041224195755)
(32.5561162644199 -0.255984498463348 -0.13395010092521)
(32.5656835602637 -0.352775857372309 -0.158018009609199)
(32.7377815072528 -0.435572971409031 -0.162532435474728)
(33.0635937823674 -0.492615538757857 -0.147656685718055)
(33.4911983101277 -0.517365787558808 -0.114277073524036)
(33.9506395574909 -0.508745445618992 -0.0654762496596565)
(34.3740881642317 -0.470655772662643 -0.00695379986135141)
(34.7135870648783 -0.409205464010169 0.0546085324879033)
(34.9387862378693 -0.332583845218139 0.115992319841607)
(35.0272218845936 -0.248720655565209 0.174013545595474)
(34.965555519258 -0.165074755004852 0.225449162054478)
(34.7462377119524 -0.0868429714489975 0.267510795834954)
(34.3620574522633 -0.0170174205972938 0.297969102536932)
(33.8067689957119 0.0426494102161275 0.315739739522542)
(33.0765561105256 0.0914151628491175 0.320683082933441)
(32.1717332687934 0.129341020429346 0.31334702545954)
(31.0974825351519 0.157037803087296 0.294727782551096)
(29.8662130492644 0.175421009649231 0.266222804323591)
(28.4960623568598 0.18558746981459 0.229719508816763)
(27.0106885764285 0.188693323403877 0.187583877945377)
(25.4376209414205 0.185897610554096 0.142523162490708)
(23.805223241575 0.178332815739065 0.0973378651996428)
(22.1418297635172 0.167098442716979 0.0546044376331137)
(20.4739411113701 0.153281131671449 0.0164136663592257)
(18.8247671721151 0.137879271835982 -0.0158749615065092)
(17.2141735505426 0.121795429425509 -0.0416478069632877)
(15.6581875187975 0.10578621300105 -0.0609578472744762)
(14.1691106786297 0.0904414753087523 -0.0743391374795545)
(12.7559287434522 0.0761803360297758 -0.082605756627979)
(11.4243238564412 0.0632585227768126 -0.0866714297216305)
(10.1772959517971 0.051798600538504 -0.0874174903849305)
(9.01554233684173 0.0418200066799232 -0.0856196121225762)
(7.93804508738158 0.0332723566854693 -0.0819261815500158)
(6.94230857256806 0.0260593369464629 -0.0768617264559507)
(6.02479499790777 0.0200558898141462 -0.0708309082153388)
(5.18148606743982 0.0151316604594264 -0.0641631224365545)
(4.40749662599982 0.0111479101209407 -0.0570939497386793)
(3.6985726542905 0.00798038727819035 -0.0498374484094121)
(3.04966497412829 0.00550723250083123 -0.0425333547194889)
(2.45636172472829 0.00362134591332413 -0.0353076535623264)
(1.91434978588067 0.00222657187944971 -0.0282564351429652)
(1.4193090545043 0.00123745472976359 -0.0214386255582851)
(0.967599444446049 0.000581294568365593 -0.0149182464759261)
(0.555359771952274 0.000193454758597175 -0.00871427314858554)
(0.179433901182336 2.0143099715406e-05 -0.00286024031052341)
(31.4559227974221 -0.0489180372468988 -0.0698795245409007)
(31.3411068447399 -0.148879177324243 -0.0884384152716476)
(31.2196587011871 -0.254242102080844 -0.117781240441537)
(31.1904413619995 -0.359580274006437 -0.14130830456508)
(31.3328484131008 -0.454987456715024 -0.147654113356431)
(31.639571627349 -0.527496861630934 -0.137334953645556)
(32.0589676221701 -0.568678673346314 -0.110664251771228)
(32.522508527155 -0.575307045293436 -0.0698010038737538)
(32.9576041530919 -0.549639696374695 -0.0196315828685714)
(33.3081311729208 -0.497297888429749 0.0342993857233)
(33.5407949220664 -0.426706674169497 0.0894093162042073)
(33.6317968161603 -0.345990578320203 0.143039554189455)
(33.5644918537746 -0.26271719906837 0.19219158497446)
(33.3306898523111 -0.182373920256222 0.233633769155066)
(32.9237339889774 -0.108421562202047 0.264928144901299)
(32.3394513771583 -0.0431944635115169 0.284859605778611)
(31.5769879490377 0.0120255861588028 0.293029234987723)
(30.6403259486472 0.0568861984898964 0.289759583664145)
(29.5388740541611 0.0916226494829002 0.275834278878841)
(28.288579178367 0.116897530668985 0.252469679450626)
(26.9113146117641 0.133626949466323 0.221402605364468)
(25.4327915077863 0.142852577724882 0.184862804548355)
(23.8819869718872 0.145652881037304 0.14540794674768)
(22.2877892527529 0.143146596954332 0.105674082547246)
(20.6778462272651 0.136462278999774 0.0680523246804279)
(19.0767456939984 0.126714759251295 0.0344144226325308)
(17.5054732813896 0.11495435285814 0.00593770804651789)
(15.9812541820513 0.102134110993885 -0.0168878915344406)
(14.5173227222782 0.0890505442732779 -0.0341645814366665)
(13.1229677452722 0.0763139884068903 -0.046408870995475)
(11.8050559271039 0.0643714748864684 -0.0543493837666909)
(10.5670637210697 0.0534902118021124 -0.0587811133323747)
(9.4102690539618 0.0438072475625894 -0.0604504387312734)
(8.33444882795317 0.0353625441430337 -0.0600030739671912)
(7.33797305203368 0.0281271605919193 -0.0579769227257928)
(6.41781242716895 0.0220208946627957 -0.0547943213963914)
(5.57010612168504 0.0169385935416054 -0.050781365634338)
(4.79097918691785 0.0127704699916769 -0.0462010831461474)
(4.07602191136434 0.00940229236406403 -0.0412558152424041)
(3.4210066633437 0.0067265677592238 -0.0361120367263501)
(2.8212955972975 0.00463880222564453 -0.030886039044099)
(2.27298451022257 0.00304905260710089 -0.0256886266962806)
(1.77162474360136 0.00187304166658164 -0.0205799488159226)
(1.31378473681931 0.00104046429735393 -0.0156328291767778)
(0.89575331376578 0.000488081563021417 -0.0108834973974548)
(0.514230356591661 0.000161928934418016 -0.00636224414553362)
(0.166168025993112 1.67766795092595e-05 -0.0020888356461408)
(30.0820907990699 -0.0462055623173257 -0.0586125587470561)
(29.9477407878724 -0.142577187069894 -0.0752475893146677)
(29.7902521147992 -0.248469532266081 -0.102455973857447)
(29.721270588859 -0.359435824293741 -0.124678881036487)
(29.8288840609378 -0.464042608349834 -0.131969038780364)
(30.1083068627383 -0.548959143214985 -0.12509833624973)
(30.508969170286 -0.604438377365861 -0.104185891587088)
(30.9657699123584 -0.625305457883088 -0.0705921566851609)
(31.4025779754466 -0.612219188526982 -0.0283390282859311)
(31.7569783381976 -0.57036952151441 0.018165170035635)
(31.9929230842539 -0.507828585826944 0.0669704742702864)
(32.0839158030184 -0.432518490160531 0.115859494096987)
(32.011538446301 -0.351783120817926 0.161987012346958)
(31.7655599195752 -0.271152092456844 0.201874704666126)
(31.3402649778972 -0.194633041397768 0.233009955733471)
(30.7333177667809 -0.125164948765321 0.254088805176753)
(29.9474959034751 -0.0645716840257217 0.264518887797243)
(28.9900624612231 -0.0136987865633314 0.264386337511889)
(27.8743594549942 0.0273508554439731 0.254292203570584)
(26.619893480159 0.058965913844663 0.235280578670307)
(25.2513044370818 0.0818718681643867 0.208953326150751)
(23.795821332072 0.0969343991354324 0.177378392599599)
(22.2832850651219 0.10516438205373 0.142988511577786)
(20.7422237330915 0.107629587944317 0.108229822845623)
(19.1987827398869 0.105464202096193 0.0752927653703044)
(17.6757283678194 0.0998091991534773 0.045842526962152)
(16.1915714635769 0.0917529123601191 0.0208875041031561)
(14.7603894226123 0.0822678483369583 0.00079705107308235)
(13.3928248859708 0.0721791750835021 -0.014564458922895)
(12.0961541121398 0.0621255834788065 -0.0256762861550284)
(10.8745259929721 0.0525538144380252 -0.0331893111750634)
(9.73015522440001 0.0437547925010717 -0.0377818008213501)
(8.66310083411101 0.0358813384033501 -0.040081914042801)
(7.67206420356337 0.028988440186823 -0.0406221530353307)
(6.75484213285749 0.0230668807720002 -0.0398369259525263)
(5.90835322164256 0.0180627915556027 -0.0380703400681683)
(5.12869964012304 0.0138934956449951 -0.0355845817958683)
(4.41211651540184 0.0104732462408914 -0.0325939286384814)
(3.75444543272947 0.00770882242641217 -0.0292613075820401)
(3.15183860141159 0.00551359862289359 -0.0257248007479958)
(2.5999273049069 0.00380115177368002 -0.0220796261023452)
(2.09492301882953 0.00249625229304446 -0.0184096509308977)
(1.63325338203201 0.0015332448400516 -0.0147837271619349)
(1.21139120716129 0.000851256272091283 -0.0112487462282927)
(0.82612820009266 0.000399147359136472 -0.00784318068777728)
(0.474340423976696 0.000132795961734582 -0.00458946204237163)
(0.153370344129673 1.36318536281171e-05 -0.00151065939885527)
(28.6146814526085 -0.043248380789909 -0.0489545265098874)
(28.4631629511911 -0.135286043626409 -0.0635219469110349)
(28.2719682827549 -0.239929521773256 -0.0882601873362239)
(28.1645280415414 -0.353850930607692 -0.108708097942822)
(28.2346962658744 -0.464489114888097 -0.116260288374801)
(28.4805280648299 -0.558576912071855 -0.111873676958942)
(28.853378261695 -0.625638825979817 -0.0957331061660912)
(29.2930234745086 -0.659067590775367 -0.0685714010528575)
(29.7216153343817 -0.658183451654284 -0.0335778731499188)
(30.0721224604288 -0.627467546768251 0.0059928131626071)
(30.3068435395017 -0.574361930206337 0.048665228037105)
(30.3963287924852 -0.506123342097969 0.0926258198808714)
(30.3195747088981 -0.429563157005643 0.135158392744278)
(30.0657530642855 -0.350220556231754 0.172723803143872)
(29.6284616559961 -0.272584958364716 0.202854673900236)
(29.0079893240508 -0.20017725158308 0.224210948753211)
(28.2099654833479 -0.13535554732282 0.236028009285868)
(27.2451632515064 -0.0794207694258211 0.238200339054188)
(26.1303873863375 -0.0328488232665858 0.231140118538983)
(24.8882147020907 0.00448329928177714 0.215753970307082)
(23.5445855299207 0.0330295255332253 0.193472824725342)
(22.1285535436452 0.0535143693160083 0.166266749583539)
(20.6694507597485 0.0668244442485905 0.136397160870026)
(19.1949281129574 0.0739808277787174 0.106130613844111)
(17.7295412511065 0.0761107817452932 0.0774525548567587)
(16.293623718174 0.074362590764045 0.0518197704606296)
(14.902975126594 0.0698472718859621 0.0300805851477958)
(13.5692941950793 0.0635677823665818 0.0125157923139846)
(12.3007626232547 0.0563616009804484 -0.00103885280222104)
(11.1024502340551 0.0488774324315155 -0.0110260948059825)
(9.97665809522642 0.0415709364663242 -0.0180152813375943)
(8.92448386662059 0.0347513034540761 -0.0225807605042725)
(7.94486634062237 0.0285826962498301 -0.0252434516684372)
(7.03616282368763 0.0231468905011579 -0.0264422820435697)
(6.19565181318367 0.018452128167278 -0.0265266253481005)
(5.42004447307791 0.0144678400599714 -0.0257723066329029)
(4.70587651061538 0.0111410161786164 -0.0243956548414666)
(4.04936210929891 0.00840517496027355 -0.0225657895909414)
(3.44674494020625 0.00619141352111111 -0.0204191473882815)
(2.89408489790546 0.00442868291051199 -0.0180596793418157)
(2.38792022164917 0.00305390427061522 -0.015578871179159)
(1.92459240118929 0.00200632387296529 -0.0130431910977264)
(1.50078997195523 0.00123194485143772 -0.0105079319336573)
(1.11338848065077 0.000683994612082454 -0.00801651967382609)
(0.759401390003008 0.000320404373962743 -0.00559993463725257)
(0.436109812226283 0.000106391469225603 -0.00328228617372266)
(0.140950536299097 1.10213751048611e-05 -0.00107923366959764)
(27.058738754224 -0.0402657589276614 -0.0407270151005424)
(26.8933388352201 -0.127526397548332 -0.053234186724247)
(26.6725829276777 -0.229593458995853 -0.0753451502451268)
(26.5300812494935 -0.344180914887518 -0.0937727902502589)
(26.5627858079432 -0.458036966710586 -0.101111378792041)
(26.771414442157 -0.55820486154834 -0.0984494912578806)
(27.1096825078143 -0.633930059617159 -0.0861553397865766)
(27.5234508488737 -0.677828706414377 -0.064516533244559)
(27.9343060679527 -0.688106791686329 -0.0359350184386328)
(28.2736260778946 -0.668476886461221 -0.00265356225486661)
(28.5024861354539 -0.625379080828637 0.0342458835825528)
(28.5886660632333 -0.565172098924164 0.0732401695664547)
(28.5096584526875 -0.493945698783099 0.111778527036738)
(28.2524045046798 -0.417153705548623 0.146432996672261)
(27.8110670642511 -0.339704960234885 0.174898355415386)
(27.1877152575001 -0.26560813255665 0.195804278371092)
(26.3903417793212 -0.197685653394047 0.208260201368809)
(25.4330695466039 -0.137683137347029 0.21199793688026)
(24.3353896786684 -0.0864399502974145 0.207265247861611)
(23.121374825804 -0.0441620317644055 0.194811005794083)
(21.8188149430278 -0.010634911951156 0.175967956097067)
(20.4571708716235 0.0146748457294139 0.152576540285639)
(19.0649132200362 0.0325222547013318 0.126725629031566)
(17.6685570756394 0.0438954792241593 0.100508162124099)
(16.290342790587 0.0498861638821955 0.0756807186231547)
(14.9482143974622 0.051663187838488 0.0535161957221546)
(13.6555849562075 0.0503553389460658 0.0347175860648188)
(12.4216584366953 0.0469745861104628 0.0194784989209773)
(11.2524831232146 0.042370256214308 0.00762255279255465)
(10.1514560243888 0.0372003866595076 -0.0012507159312511)
(9.11971457242889 0.0319337535186118 -0.00763327077094411)
(8.15690098872488 0.0268821185284807 -0.0120108074377883)
(7.26171977855189 0.0222346498593657 -0.0148122824674419)
(6.43192391740764 0.0180868107832979 -0.0163934474519614)
(5.66464558089591 0.0144710121660228 -0.0170372483234664)
(4.95672777258862 0.0113812082734435 -0.0169659881564982)
(4.30479790837428 0.00878641466695679 -0.016353291566438)
(3.70533234369188 0.00664296530735669 -0.0153370179007843)
(3.15479531310855 0.00490144841567483 -0.0140272895618593)
(2.64979831974789 0.00351171953532099 -0.012513923276919)
(2.18693707436556 0.00242424554459713 -0.0108680237815711)
(1.76310112338855 0.00159420852139791 -0.00914945204771613)
(1.37521611337905 0.000979872079014856 -0.00740392253329676)
(1.02044849701969 0.00054422628507889 -0.00566816640437732)
(0.696172932099294 0.000255314816554328 -0.00397107123301061)
(0.399876347924186 8.47453782709007e-05 -0.00233283380513929)
(0.129278592223975 8.82914893866869e-06 -0.000768760600573236)
(25.4240181857853 -0.0373935343458434 -0.0337360896288707)
(25.2486459849945 -0.11960731361288 -0.0443023568926498)
(25.003963911017 -0.218101227850168 -0.0637515307493958)
(24.8316188682112 -0.331486272671462 -0.0801142033103474)
(24.829365683606 -0.44615245205069 -0.0869093251179013)
(24.9998168419723 -0.549602320190303 -0.0853935849856429)
(25.2998140426837 -0.6311625724059 -0.0761325554425662)
(25.6808132316367 -0.683204303465833 -0.0591095208846743)
(26.0661805165133 -0.703174782408864 -0.036039549994579)
(26.387997949098 -0.693937170831251 -0.00832783731941736)
(26.6065415982368 -0.66068782994758 0.0232543488727548)
(26.6881344275173 -0.608813596193118 0.0573861731876124)
(26.6083599287508 -0.543570916617825 0.0917133753150646)
(26.3527811197795 -0.470276543872297 0.12308922662211)
(25.9158034528476 -0.394133280728746 0.14939907098948)
(25.3006960338457 -0.319494000156421 0.169276996752639)
(24.5175093431275 -0.249577709790774 0.181754462078057)
(23.5823139239724 -0.18652646543973 0.18642058030398)
(22.5167951905158 -0.131566003767457 0.183386874682754)
(21.3465770934707 -0.0852105300487567 0.173298902698276)
(20.0997937077634 -0.047534184486753 0.157368897977892)
(18.8055363320514 -0.0181806534309575 0.13730523603363)
(17.4913428486606 0.00349339436213601 0.115037200584393)
(16.1818207212749 0.0184131571448869 0.0924496956578922)
(14.8971905704389 0.0276706988237987 0.0711030079420519)
(13.6529932553051 0.0324376352690529 0.0520817029711274)
(12.4602670076926 0.0338549972002953 0.0359559308103395)
(11.3262501376926 0.0329465721572136 0.0228540015569716)
(10.2553714339743 0.030568389802095 0.0125945774351265)
(9.24922034224962 0.0273734550960237 0.00481297276726637)
(8.30818974821582 0.0238421108377375 -0.000908081467955944)
(7.43127736147075 0.0202962195678237 -0.00497422749645597)
(6.61663163518943 0.0169367562091231 -0.00773780849702383)
(5.86181770782003 0.0138766499720837 -0.00948637959120885)
(5.16395841412059 0.0111692604330873 -0.0104482580402556)
(4.52005487293475 0.00882915631097957 -0.0108018315183942)
(3.92687036967865 0.00684573511894357 -0.0106874100213912)
(3.38119110387515 0.00519493983457742 -0.0102169401210956)
(2.87980554577966 0.00384532537426512 -0.00948088083087303)
(2.41963787121659 0.00276257578168573 -0.00855338654061926)
(1.99761274876921 0.00191160180765333 -0.0074940877336815)
(1.61095432674554 0.00125952092082147 -0.00635324614776964)
(1.25689080707557 0.000775476821594217 -0.00516984630275051)
(0.93289861502219 0.000431353761954781 -0.00397564754980152)
(0.636588229855285 0.000202542441833952 -0.0027951060655223)
(0.365745194369337 6.73753084298285e-05 -0.00164688293902209)
(0.118292764139907 6.95123683997792e-06 -0.000544414307448715)
(23.725011258316 -0.0347005132947633 -0.0278107365323731)
(23.544054221835 -0.11168648307474 -0.0366154945478312)
(23.2823359355592 -0.205895070605693 -0.0534876546570401)
(23.0866644505623 -0.316544188622918 -0.067827078639399)
(23.0538520554822 -0.430057407638235 -0.073891492539019)
(23.1876028597326 -0.534372332192498 -0.073105119921039)
(23.4480617263814 -0.619162065570795 -0.066188810412804)
(23.7922889989914 -0.677056734193617 -0.0529450699653353)
(24.1467572951624 -0.70495320061023 -0.0344971331150457)
(24.4459779787946 -0.704872760710417 -0.0116141359928272)
(24.6507038278196 -0.680780579618483 0.0151425736916628)
(24.7265131960951 -0.636971551918133 0.0446417219065193)
(24.6475290827897 -0.577957284580038 0.074718615233222)
(24.398361457777 -0.50880692239249 0.102631258400266)
(23.9737612131838 -0.434879438898936 0.126466049209375)
(23.3772979781759 -0.360718126677473 0.144887946323093)
(22.6205314627712 -0.289865048801847 0.156892618681575)
(21.7214130047 -0.224828560093669 0.161981357087136)
(20.7019472621502 -0.167171302041832 0.160146266360257)
(19.5885764894944 -0.117757134583553 0.151938929824323)
(18.4096805471507 -0.0768904596713839 0.138482066900702)
(17.1932073258944 -0.0444144273449278 0.121333462552727)
(15.965489332413 -0.0197665653054892 0.102260919039997)
(14.7488572747223 -0.00207745083348684 0.082935813823594)
(13.5617784691239 0.00974902094869443 0.0647299089847433)
(12.4172438322542 0.0168843607306823 0.0485464565664783)
(11.324322073038 0.0204788499521144 0.0348417541541112)
(10.2888370688673 0.0215637034302823 0.0236948686631144)
(9.31323890526508 0.0209807665056265 0.014913734088327)
(8.39861260681975 0.0193925363050285 0.00818537118948868)
(7.54438363030736 0.0172742650726652 0.00315178015531927)
(6.7491667525209 0.0149549574109366 -0.000522187783775016)
(6.01079484710622 0.0126446581650985 -0.00312396008263647)
(5.32666262068695 0.0104692097625157 -0.00488514293917922)
(4.69421193351677 0.00850067348157941 -0.00598851392062808)
(4.11044077581062 0.00676896594894389 -0.00657744127630495)
(3.57241379260245 0.0052812320908304 -0.00676537791724202)
(3.07724215905548 0.00402939642682908 -0.00664347681526149)
(2.62194926581458 0.00299652028470116 -0.0062858650489014)
(2.20385381609466 0.00216170412260931 -0.00575426102713614)
(1.82009840724027 0.00150096745754856 -0.00509766447359469)
(1.46826694408539 0.000991939401021618 -0.00435863593252021)
(1.14586589092258 0.000612309240632747 -0.00356996022579329)
(0.850819287385787 0.000341476511401114 -0.00276068065661775)
(0.580708874822529 0.000160721169379104 -0.00194858979351029)
(0.33376803649736 5.36428653772089e-05 -0.00115238875143676)
(0.107947586668677 5.53846125361953e-06 -0.000381552768982033)
(21.9813457659142 -0.0321701856110998 -0.0227941613936797)
(21.7987080371384 -0.103835070837115 -0.0300518443467924)
(21.5274458638399 -0.193196238134166 -0.0444920665900687)
(21.3157398581643 -0.299939712673899 -0.0569102491639929)
(21.2581386413884 -0.410727927089723 -0.0621763776669304)
(21.3586119011373 -0.513908497496096 -0.0618362089044539)
(21.5808623584261 -0.599703492752957 -0.056705690998384)
(21.8867278614973 -0.661266529540756 -0.0464914222243246)
(22.207236346936 -0.695227111217449 -0.0318558777812059)
(22.4806392437386 -0.702798626679802 -0.013108491958599)
(22.6689776782003 -0.68674657623177 0.00934776376172762)
(22.737854950954 -0.65037454009388 0.0345100390561177)
(22.6610508853084 -0.597470871048017 0.0604782860509803)
(22.4227654664481 -0.532876332527352 0.0849022927590369)
(22.0172008271366 -0.461859426775726 0.106092062432336)
(21.4487021476014 -0.389080526444687 0.122777548745761)
(20.7294053048802 -0.318306870621124 0.133961493961194)
(19.8772173149861 -0.252336585757065 0.139076044827983)
(18.9151814334757 -0.193069469322921 0.138047742098198)
(17.8694611710644 -0.141670249089829 0.131351669695566)
(16.7674091402612 -0.0986695697897935 0.119998470003453)
(15.6363017244076 -0.0640577103331461 0.105419259218553)
(14.5003763126096 -0.0373557094542491 0.0891924215578395)
(13.3803328787153 -0.0177149107027744 0.0728000109302626)
(12.2920586428549 -0.00405059661849528 0.0574086784042089)
(11.2467919530394 0.00481670206490226 0.0437714849786829)
(10.2520134769717 0.0100369987297827 0.0322458190021939)
(9.31189896540699 0.0126291129976372 0.022861653908882)
(8.42797375908474 0.0134286792474222 0.0154382418900841)
(7.60063592391176 0.0130866876817926 0.00970178375123191)
(6.82876256511524 0.0120740774140132 0.0053507100190313)
(6.1105921451931 0.0107175634475066 0.00210915982467745)
(5.44379192571178 0.00923248533084844 -0.000254853085137516)
(4.82624589646643 0.00775913548986895 -0.00192592632072664)
(4.25493749156722 0.00637481675914753 -0.00305075919968318)
(3.72743296315454 0.00512608339798659 -0.00374374853483789)
(3.24103447618278 0.00403286825465069 -0.00409678933663981)
(2.79300192704288 0.00309831051293624 -0.00418343373669324)
(2.38068868511381 0.00231743874763101 -0.00406458646294591)
(2.00191401945071 0.00168045227104953 -0.00379208731944086)
(1.65405898459189 0.00117242885618585 -0.0034070327582851)
(1.33480824195391 0.000777797640190112 -0.00294343790688929)
(1.04217942561775 0.000481954369485443 -0.00243070676185277)
(0.773962951513614 0.000269373760237207 -0.00188989682225579)
(0.528527261984585 0.000127228782868737 -0.00134109502136335)
(0.303825079759315 4.24808914549926e-05 -0.000795489317878807)
(0.0982773796711075 4.34701920699332e-06 -0.000263942344186705)
(20.2152213304715 -0.0297751786277138 -0.0185626766332288)
(20.0349013564388 -0.0960761640645644 -0.024486030048181)
(19.7616339282536 -0.180170481264129 -0.036692714394415)
(19.5413551999474 -0.282107157571353 -0.0473240188993981)
(19.4653159063664 -0.38893715319436 -0.0517915273512321)
(19.5372172523933 -0.489365784087624 -0.0517094724393333)
(19.7241679069053 -0.574320484778099 -0.0479274552792233)
(19.9924365494115 -0.637644100093213 -0.0401130631665263)
(20.2780632548181 -0.675830209454925 -0.0285761109648734)
(20.5243045548547 -0.689440122669237 -0.0133281031717111)
(20.6948478041854 -0.680119735012465 0.00534685210943403)
(20.7565112514179 -0.65035104014146 0.0265440095698901)
(20.6830834526344 -0.603261447205556 0.0486412228423215)
(20.4584373894135 -0.543367037010467 0.0696780974873153)
(20.0773521294963 -0.475794656166775 0.0881889739147297)
(19.5438670306081 -0.40517635564341 0.102987685714801)
(18.8702654341049 -0.335428240734702 0.113118056017811)
(18.0738257237643 -0.269563457743904 0.117987210166455)
(17.1778298368853 -0.209785382797949 0.1174832870891)
(16.2072301099408 -0.157492360365865 0.112005418189345)
(15.1885006883451 -0.113411668268186 0.102468654708959)
(14.1472656171819 -0.0776525550547522 0.0901555691302361)
(13.1057615749079 -0.0497914354106822 0.0764610460705496)
(12.0830899850465 -0.0289952917731467 0.0626810585798173)
(11.0928941008642 -0.0141836771144926 0.049796764361155)
(10.1448992530153 -0.00417846159241192 0.0384255729216686)
(9.24501418496509 0.0021553339190046 0.0288357654237618)
(8.39619550652026 0.00581648530234493 0.0210240886635098)
(7.59969077367345 0.00762555131118484 0.0148281547690618)
(6.85479211635551 0.00820891155368653 0.010003495825131)
(6.16029525727471 0.00802779153867869 0.00630244380738178)
(5.51437578601538 0.00740433000788308 0.00350109553247664)
(4.91477662502782 0.00655517600332075 0.00141350117744241)
(4.35915221613192 0.00562192101620227 -0.000107757547692113)
(3.84509803699514 0.00469348398282494 -0.001178351616817)
(3.37010419215988 0.00382257530117201 -0.00188987858947443)
(2.93178558590949 0.00303856229707061 -0.00231576458204849)
(2.52777670683121 0.00235481769158441 -0.00251621352345134)
(2.15575378819152 0.00177449375657474 -0.0025411759931142)
(1.81358054368986 0.00129463448123458 -0.00243257849492219)
(1.49905378104001 0.000907782264746097 -0.00222485575751644)
(1.21025414395608 0.000605091904783892 -0.00194709635146851)
(0.94524423880808 0.000376234537632765 -0.00162256981085205)
(0.702268955042122 0.000211118702730804 -0.00127031168885747)
(0.479675666090014 9.99225004080755e-05 -0.000905411970355494)
(0.275824223558762 3.3406631910676e-05 -0.000538859372198411)
(0.0892589369932409 3.50240637179262e-06 -0.000179273067045196)
(18.4504783099336 -0.0274798888633991 -0.0150088487128842)
(18.2764734915521 -0.0884266635229287 -0.0197985472284259)
(18.0080681668575 -0.166952371595391 -0.0299886263214054)
(17.7864128711632 -0.263389746322174 -0.0389986149185464)
(17.6982482242888 -0.365306137733692 -0.0427052221798248)
(17.7468332026751 -0.461719566656097 -0.0427649504000531)
(17.9025187035656 -0.544316344952516 -0.0399800227457715)
(18.1354394166286 -0.607767894900236 -0.034049108464396)
(18.3873506641951 -0.648563703777955 -0.025015600615107)
(18.6063847237537 -0.66662023143559 -0.0127032450098989)
(18.7589153560016 -0.662726708135476 0.00267694975457063)
(18.8129028391104 -0.638582346071048 0.020322444952215)
(18.7436122175669 -0.5968774306926 0.038862467953559)
(18.5351619786307 -0.541731520076125 0.0567173052781014)
(18.1822484325746 -0.478000201111007 0.0726145500096971)
(17.6888373721786 -0.41022145970927 0.0854870465791577)
(17.0662591390355 -0.342348794165695 0.0944405219597965)
(16.3317809410532 -0.277587445044233 0.0988978077470053)
(15.5069427111697 -0.218328288673991 0.0987116916075255)
(14.6161514693843 -0.166184172246362 0.0942324121842653)
(13.6841467587809 -0.122020451416791 0.086270360426526)
(12.7344217384318 -0.0860291881627852 0.075953182179501)
(11.7880234733003 -0.0578225217622618 0.0645110709470375)
(10.861574571447 -0.0365810193737959 0.0530437797110127)
(9.96699921675819 -0.0212295537000024 0.0423689368634088)
(9.11271298256966 -0.0106052560316747 0.0329881360411226)
(8.30354642814894 -0.00359726111343052 0.0250987065014196)
(7.54155969482687 0.000762277355094058 0.0186741834924326)
(6.82709811826104 0.00325973475784321 0.0135608608443354)
(6.15966508887752 0.00450034566493898 0.00955781652096202)
(5.5375814289776 0.0049242849665379 0.00645712859894694)
(4.9591133978483 0.00484380810386489 0.00407967325936768)
(4.42206827799046 0.00447147879899222 0.00227780524575606)
(3.92418773821409 0.00394891944048287 0.000935310343091665)
(3.46342267773532 0.00336974346732271 -3.8441113835716e-05)
(3.03723875708697 0.00279031355439196 -0.000716384782075591)
(2.64364227144302 0.00224703017121561 -0.00115689368666735)
(2.28059083336941 0.00175984811015491 -0.00140875304271346)
(1.94604549396685 0.00133784504187312 -0.00151285776501249)
(1.63793234330377 0.000982757355977371 -0.00150320137285017)
(1.3545676021639 0.00069328138472872 -0.00140888669794262)
(1.09413852837068 0.000464439068434183 -0.00125360362869637)
(0.854929677838981 0.000290056477219574 -0.00105658108271889)
(0.635402425147279 0.000163339156300647 -0.000833521588335746)
(0.434197505849422 7.74879160702249e-05 -0.000597356743878421)
(0.249721808345265 2.60267355375051e-05 -0.000356463471582481)
(0.0808498003956714 2.7285929630208e-06 -0.000118884336749849)
(16.7118496835154 -0.0252451829701181 -0.0120372231616856)
(16.546959676069 -0.0809059292297549 -0.0158761602981096)
(16.2892679346025 -0.153690204202246 -0.0242840666847138)
(16.072546495373 -0.244097752664884 -0.0318216116379553)
(15.9781396371619 -0.340371278379114 -0.0348501399878485)
(16.0086163434067 -0.431786614987588 -0.0349752170234301)
(16.1374945790408 -0.510883419363441 -0.0329342884839151)
(16.3383580188104 -0.573115967272313 -0.0284666771350427)
(16.5586371324508 -0.615054518285092 -0.0214350732129364)
(16.7517669700903 -0.636138408352399 -0.0115697116475784)
(16.8865758855459 -0.636415390539868 0.000967844520366771)
(16.9335004178257 -0.617018457198611 0.0154812813776378)
(16.8689453053207 -0.580208458726192 0.0308361255704582)
(16.6780290748322 -0.529761893967602 0.0457590970943415)
(16.3553375939676 -0.470146809776435 0.0591955998743046)
(15.9046642314831 -0.405767231493789 0.070189174824652)
(15.336394044843 -0.340540784281892 0.0779316104917409)
(14.666810347259 -0.277767811933968 0.0818844080025764)
(13.9161946407394 -0.219978535459611 0.0818876599662022)
(13.106843885712 -0.168912293474079 0.0782344981772322)
(12.2621831579587 -0.125543503346042 0.0716373713249366)
(11.4038694986889 -0.0901150542941147 0.0630810209674892)
(10.5506525488019 -0.0622593956039923 0.0536166299715534)
(9.71752623481711 -0.0411689595271277 0.0441752343255737)
(8.91496134960561 -0.0257812020082154 0.0354309249229351)
(8.14988477299293 -0.0149619875154721 0.0277772361661164)
(7.42636790434 -0.00763843350512217 0.0213586390220002)
(6.74591933634886 -0.00288416321489438 0.0161359719280083)
(6.10850657724198 4.80746262589802e-05 0.011970327746427)
(5.5132710595645 0.00172898002333581 0.00869098789985433)
(4.95866807246874 0.00257631414636823 0.00613049651942331)
(4.44288632375374 0.0028863219751825 0.00414520190336127)
(3.96391881971577 0.00286387865336009 0.00261979490532265)
(3.51968739889459 0.0026479060169463 0.00146379946327252)
(3.10821304630035 0.00233160332427626 0.000606508081455609)
(2.72739931032376 0.00197531669294512 -9.06215322801236e-06)
(2.37545774255852 0.00161848408168233 -0.000429321010687679)
(2.05050876716879 0.00128454516108755 -0.000693487835988251)
(1.75069519529736 0.000986500609048265 -0.00083466693777234)
(1.4743917723731 0.000730775082250212 -0.000880911850440494)
(1.21999920502088 0.000518944085821872 -0.00085585929945305)
(0.9858911590055 0.000349371603655785 -0.000778883801940726)
(0.770743742655625 0.000219112670406966 -0.000666274629479334)
(0.573112760435865 0.00012382595475901 -0.000530690670671069)
(0.391739542845332 5.89178081191383e-05 -0.000382329698227466)
(0.225460992472378 1.98220548475756e-05 -0.000229169094321498)
(0.0730070842439362 2.08889304246569e-06 -7.64604778968978e-05)
(15.0213680351846 -0.0230506016662603 -0.00956710739526251)
(14.8677995320136 -0.0735508713681187 -0.0126166432898457)
(14.6255340487719 -0.140471655707347 -0.0194685591459777)
(14.4188112247946 -0.22451428768094 -0.0257038482291113)
(14.3231180157932 -0.314578714143047 -0.0281325636920196)
(14.3402703362839 -0.400273115654262 -0.0282783883082891)
(14.4467808683675 -0.475013762846619 -0.0267888190579992)
(14.6192622107103 -0.534944725121131 -0.0234489041163304)
(14.8108068592535 -0.576817790137582 -0.0180123097001555)
(14.9797873177861 -0.599675504171808 -0.0101760639800541)
(15.0981656119865 -0.603043200504335 -5.77133789052424e-05)
(15.138409805049 -0.587567489576982 0.0117241261300242)
(15.0791366443075 -0.555204170695087 0.0242695276053327)
(14.9060812695698 -0.509304546697822 0.0365710367826518)
(14.614517194347 -0.454025333048011 0.0477426507011291)
(14.2075446046655 -0.393508765977235 0.0569698740078414)
(13.6946354025886 -0.331586300930705 0.063535152289355)
(13.0905626826504 -0.271560661675477 0.0669475285574879)
(12.4142045953884 -0.216046718421308 0.0670508753535445)
(11.6859719122188 -0.166855394343419 0.064089279258991)
(10.9274139451108 -0.125018746116541 0.0586781948591766)
(10.1581988948529 -0.0908088511348795 0.0516603245049938)
(9.39491479908892 -0.0638652405869942 0.0439198949254308)
(8.65099770232926 -0.0433990146286542 0.0362341818740687)
(7.93565781027423 -0.0283718130957623 0.0291520040386089)
(7.25492774348949 -0.0176896793274405 0.0229832502323762)
(6.61177867170018 -0.0103293854421246 0.017823322350649)
(6.00738853811824 -0.00541604819573844 0.0136271146732509)
(5.44163401723849 -0.00224947160809866 0.0102749133797383)
(4.913436885657 -0.000297423616931928 0.0076232024926485)
(4.42136214057137 0.000830220806852199 0.00553731642398144)
(3.96363374650092 0.00141083872281517 0.00390437188031952)
(3.53840171832758 0.00163828297961452 0.00263490396085838)
(3.14383502518666 0.00164625614143056 0.00165972028000176)
(2.77807956249868 0.00152566528031971 0.000924195084064892)
(2.43937866715962 0.00133780491091091 0.000384311407757333)
(2.12602575822278 0.00112302318397061 3.3640117772754e-06)
(1.83636723169939 0.000907092793401998 -0.000249813847370424)
(1.56886653138449 0.000705826240994593 -0.000401862030365014)
(1.32211331136414 0.000528161926611191 -0.000475599736322726)
(1.09461580551461 0.000377866653538591 -0.000490211586132298)
(0.885123297437437 0.000255948147077078 -0.000461775779431217)
(0.692374726339477 0.000161271159678086 -0.000403402038197256)
(0.515113937387194 9.14328860093025e-05 -0.000325429369089222)
(0.352258491776306 4.36082218473912e-05 -0.000236126337398688)
(0.202797383830642 1.46862794452732e-05 -0.000141923544490123)
(0.0657054234517786 1.55138485757299e-06 -4.74064768860024e-05)
(13.3975531987825 -0.0209043739263895 -0.00752765122911182)
(13.2570533419273 -0.0663945075122963 -0.00992509270096665)
(13.033435328501 -0.12745790386714 -0.0154400449414547)
(12.8406054794494 -0.204869926193069 -0.0205218577770126)
(12.7475134276236 -0.288328522218804 -0.0224459924024551)
(12.7554171327842 -0.367811113768755 -0.0225884315146993)
(12.84352688169 -0.4375401220287 -0.0215054037619051)
(12.9912289181682 -0.494322991582308 -0.0190292197210679)
(13.1571014342806 -0.535152270537802 -0.0148574145558771)
(13.3042075756453 -0.55876280750427 -0.00869270908196355)
(13.4073591307543 -0.564284220218657 -0.000625380663850366)
(13.4418789078186 -0.55204362543066 0.00882229416510848)
(13.3877883263225 -0.52365327731664 0.0189292521343232)
(13.2327328100816 -0.482185954016992 0.0289184600653201)
(12.9720354507515 -0.431375344013595 0.0380606148366712)
(12.6081750321994 -0.375075491625648 0.0456724653268669)
(12.1499530459176 -0.316994488645056 0.0511350462940094)
(11.6104400142877 -0.260354615110756 0.0540140090845466)
(11.0065016393279 -0.207769202767961 0.0541643325825147)
(10.3574551256665 -0.161104669312178 0.0517883793018167)
(9.68207480349069 -0.12138694779202 0.0474022687527044)
(8.99788107585285 -0.0888962261218447 0.04171057701996)
(8.32034759840501 -0.063300661079155 0.0354611357396155)
(7.66084524429971 -0.043815985741541 0.0292810915509823)
(7.02761392655304 -0.0294488954946991 0.0236170512332382)
(6.42546341884992 -0.0191538199797918 0.018702844178814)
(5.85713443772932 -0.0119673758890758 0.0146054751759296)
(5.32341195007327 -0.00707405156939496 0.0112768325165081)
(4.82394333235157 -0.00382605782600152 0.00861277380026819)
(4.35772837174039 -0.00173303439250793 0.00649633998078739)
(3.92333520750924 -0.000435937217978272 0.004819976921304)
(3.51923379951416 0.000321996335721066 0.00349643598608988)
(3.14366262339772 0.000721295648379956 0.00245701731316673)
(2.79497388302865 0.000888142430074161 0.00164929047154351)
(2.47149953858071 0.000909757577025239 0.00103181068971721)
(2.17171690179056 0.000846213579048367 0.000570959274095731)
(1.89407454863066 0.000737922087988634 0.000238118911262189)
(1.63721666189151 0.000611832300862984 8.79608235741953e-06)
(1.39975518336368 0.000484985738638715 -0.000138365134589775)
(1.18041603864183 0.000367738723371845 -0.000221691836307719)
(0.977942621685414 0.000265562399914832 -0.000256703572174212)
(0.791280061561571 0.000181114411243692 -0.000256412405981338)
(0.6193206294259 0.000114647710849971 -0.000231421034456783)
(0.461085587472079 6.52516978255597e-05 -0.000190295255010929)
(0.315486882997455 3.11876505383642e-05 -0.000139470533818785)
(0.181687638794544 1.05071704300794e-05 -8.41047520824664e-05)
(0.0589015577488154 1.10933763476253e-06 -2.81075688194344e-05)
(11.8552216537093 -0.0188062079225748 -0.00585619322861912)
(11.7284207856882 -0.0594852207127295 -0.00771969199625082)
(11.5254966907362 -0.114736168708398 -0.0120974488718075)
(11.3490681088428 -0.185415120425482 -0.0161807298513189)
(11.2614297436911 -0.261979390408451 -0.0176814539749626)
(11.2632810341557 -0.3349013704536 -0.0178080017728778)
(11.3364282000442 -0.399191418525671 -0.0170243898287874)
(11.4626840875095 -0.452206134649938 -0.0152067141716387)
(11.6058322992744 -0.49121815655126 -0.0120343204743308)
(11.7332880192237 -0.514750121442258 -0.00724043559281652)
(11.8226507776026 -0.521648856059926 -0.000888983010304518)
(11.8520160744849 -0.51202512430495 0.00658259851961834)
(11.8035710584498 -0.48727767617384 0.0146077595469007)
(11.6659458481899 -0.450073297699388 0.0225928126717223)
(11.4349796255443 -0.4037828743202 0.0299562082412432)
(11.1128799726855 -0.35197670678854 0.0361272324771742)
(10.7070885297274 -0.298123486625865 0.0405896899931086)
(10.2297143625686 -0.245366093139639 0.0429685877087774)
(9.69572590427938 -0.196246423409277 0.0431338206379635)
(9.12185176616101 -0.152586384004892 0.0412469697773139)
(8.5254446176916 -0.115428004842601 0.0377373748443383)
(7.92209249305832 -0.0850451701303066 0.0331888437797861)
(7.32506532599592 -0.0611056941400174 0.028207442553647)
(6.74466782693578 -0.0428662972441257 0.0233063352384013)
(6.18781309247577 -0.0293737517695913 0.0188342860519447)
(5.65868395167151 -0.0196459613119059 0.0149705629001439)
(5.15965050170158 -0.0127882729027838 0.0117600089574812)
(4.69100625010838 -0.0080479938765134 0.00915274660262677)
(4.25281434075856 -0.0048341218517684 0.00706539406517216)
(3.84365279548101 -0.00269944404300183 0.00539883026134728)
(3.46236401307884 -0.00131807648705282 0.00407054879559008)
(3.1076312711172 -0.000455434812244054 0.00301359436284687)
(2.77780312734358 5.44252951686996e-05 0.0021759949750007)
(2.47134021563353 0.000328706420910985 0.00151839696963295)
(2.18701212233685 0.000450251957771864 0.0010105850819655)
(1.92311715728887 0.000475793252301559 0.000626164825909842)
(1.67857584493291 0.000445478742538122 0.000343883202013674)
(1.45204638331363 0.000385932243328903 0.000144380672342847)
(1.24239304399032 0.000314872826571801 1.08962789043004e-05)
(1.04850089662018 0.000243429173837126 -7.11740897321285e-05)
(0.869332281135188 0.000178193361846981 -0.000114275597076005)
(0.703965840164934 0.000122665836154362 -0.000128854689877097)
(0.551333989840971 7.80709271098704e-05 -0.000123323537833951)
(0.41074813528569 4.46145998208289e-05 -0.000104626182398589)
(0.28122482643792 2.13486942430222e-05 -7.79189737262097e-05)
(0.162114100316221 7.22110696455979e-06 -4.73724640071403e-05)
(0.0525704769372235 7.55263603241316e-07 -1.58039504178358e-05)
(10.4040120125391 -0.0167711698639693 -0.00449721212284938)
(10.291148117927 -0.0528531620744529 -0.00592571255880259)
(10.109850662531 -0.102397472560624 -0.00934834694041322)
(9.9512138116866 -0.166298715996112 -0.0125786080963569)
(9.8708489173734 -0.235841791840461 -0.0137306891306004)
(9.86908883981701 -0.302018251277678 -0.0138361170258615)
(9.93003456543206 -0.360585663307991 -0.0132733562390017)
(10.0377270321028 -0.409398629670043 -0.0119559121665696)
(10.160835805648 -0.446002432500532 -0.00956966388974601)
(10.2707558511784 -0.468785781648103 -0.00588664318115789)
(10.3478283904492 -0.476458577670287 -0.000956055044682078)
(10.3727605357286 -0.468966120811783 0.00486297813926465)
(10.3297491268303 -0.447494559743239 0.0111348859289889)
(10.2087874385445 -0.414386515768196 0.0174154096292115)
(10.006082284349 -0.372632980687386 0.0232411489290758)
(9.72353984560825 -0.325487441025626 0.028154686202192)
(9.36775771463885 -0.276178606762401 0.0317302726081568)
(8.94911144943311 -0.227654302321768 0.0336567584630214)
(8.48093889027627 -0.182366601463885 0.0338178408274315)
(7.97805578518913 -0.14207419098095 0.0323413400251946)
(7.45610530368643 -0.10780143473755 0.0295784018430968)
(6.92793469979902 -0.0797773379811511 0.0259932319055288)
(6.40615625246715 -0.0577174664461032 0.0220843327692405)
(5.89909215781828 -0.0408983459848882 0.0182527286079686)
(5.41298185006645 -0.0284283394341688 0.0147726038369769)
(4.95133228644072 -0.0193954538771478 0.0117790656052689)
(4.51608296410398 -0.0129769546120999 0.00929902724007936)
(4.10758317925365 -0.00848789955776114 0.00728840585297019)
(3.7254224513423 -0.00539376306337172 0.0056748445699407)
(3.3687341623444 -0.00329318075164908 0.00438267748347524)
(3.03625966351248 -0.00189296049283131 0.00334619569302946)
(2.7268676416035 -0.000982088461689641 0.0025155161198582)
(2.43904454911144 -0.000409698411259427 0.00185151365732697)
(2.17154168304394 -6.81946107822337e-05 0.00132583688081481)
(1.92300955720733 0.000118824764556003 0.000915614085095117)
(1.69238047334153 0.000205708652276054 0.000602268926205339)
(1.47836123605109 0.000230151989000944 0.000368948812262715)
(1.27992042022786 0.000218347343113509 0.000201045117188141)
(1.09604087426383 0.000187873447039724 8.54687369278868e-05)
(0.92577395027484 0.00015016499841289 1.0755019232621e-05)
(0.76823572292322 0.000112314856536561 -3.29290574224323e-05)
(0.622566548760919 7.83429993934524e-05 -5.38253639407073e-05)
(0.488002720931853 5.02882674163594e-05 -5.8670062311142e-05)
(0.363823772988176 2.88370002256472e-05 -5.28566421809829e-05)
(0.249284844331537 1.38289889996313e-05 -4.05395445514714e-05)
(0.14378202181012 4.65671122094518e-06 -2.49298906887907e-05)
(0.0466514202415187 4.89984634885862e-07 -8.31674124116474e-06)
(9.04913059316021 -0.0148192038183126 -0.00340125464508718)
(8.95017322591108 -0.0465357397610131 -0.00448012219203214)
(8.7904742655768 -0.0905515934990963 -0.00711326947904342)
(8.65019970854492 -0.147719097805421 -0.00961954863750869)
(8.57817149005446 -0.210155697370677 -0.0104896304875918)
(8.57448877682839 -0.269532465614885 -0.0105737734884469)
(8.62539365203826 -0.322256572589628 -0.0101737768850703)
(8.7170698350374 -0.366575901565022 -0.009228811551367)
(8.82237615037798 -0.400314330120848 -0.00745885229762823)
(8.91668167908939 -0.421855902915002 -0.00467242197119837)
(8.982770168785 -0.429826370384508 -0.000910823249824064)
(9.00382979495186 -0.424043923076254 0.00354495745294269)
(8.96607996821099 -0.40553572781424 0.0083648359078905)
(8.86077083611666 -0.376339894115705 0.0132150043790144)
(8.68462967698757 -0.339093455092976 0.0177378748028935)
(8.43912282556547 -0.296694087523675 0.0215743113724213)
(8.13004406745717 -0.252105918003494 0.0243826932215939)
(7.7662566474975 -0.208052404872593 0.0259098587013543)
(7.35977013808926 -0.166866705853527 0.0260560079320317)
(6.9232996697544 -0.130196810260023 0.0249210228977047)
(6.47005502053547 -0.0989967978105115 0.0227794198066355)
(6.01213112784226 -0.0735205873610907 0.0200061664368309)
(5.55985308917018 -0.0534756508580056 0.0169895164543017)
(5.12055022671306 -0.0381888254443106 0.014043222314024)
(4.69958501533601 -0.0268378258127785 0.011379691177916)
(4.30001724476013 -0.018583990602481 0.00909786943233363)
(3.92331552058042 -0.0126806340955828 0.00721291334636706)
(3.56982673021891 -0.00851228729062289 0.00568680155836991)
(3.23915474411166 -0.00560160169768492 0.00446069618986274)
(2.93050769034686 -0.00359207655190921 0.00347530112492669)
(2.64284914335185 -0.0022234993779937 0.00268075640433164)
(2.37493140601765 -0.0013080764865426 0.00203874941070469)
(2.12567784335846 -0.000710669196028114 0.00152193110771546)
(1.89388378102287 -0.000333963021775116 0.0011094554809132)
(1.6784548285017 -0.000107912008438696 0.000785082425754757)
(1.4783222074653 1.76669920271902e-05 0.000535003651369)
(1.29247047344627 7.8364266076081e-05 0.000346910174084535)
(1.1199704602074 9.90748582740883e-05 0.000209699998306648)
(0.959957979193729 9.68379137219016e-05 0.000113355991699168)
(0.811561976894412 8.29103178174279e-05 4.89821843037014e-05)
(0.67407876651573 6.45737585370687e-05 8.96718954959535e-06)
(0.546776488180093 4.61538260827131e-05 -1.31271986973221e-05)
(0.428994428412432 3.00455747921526e-05 -2.25544595683071e-05)
(0.320077549841806 1.73305968895669e-05 -2.34870315466184e-05)
(0.219532238516425 8.33190588041549e-06 -1.92082116672278e-05)
(0.126684923959423 2.79854542625527e-06 -1.21181238739386e-05)
(0.0411616759597089 2.92141262139303e-07 -4.08256340503634e-06)
(7.79270141050479 -0.0129506984308375 -0.00252709735284652)
(7.7068884403602 -0.0405486714545878 -0.00332622311162416)
(7.56826420602586 -0.0792158813041754 -0.00531129551473946)
(7.44608986999941 -0.129749550855683 -0.00721831870071673)
(7.38279895479312 -0.185148523277216 -0.00786177688563089)
(7.37832929280559 -0.23777524988357 -0.00792632883602737)
(7.42085643048692 -0.284594977168284 -0.00764597908758055)
(7.49851665156303 -0.32427042683912 -0.00697933450856614)
(7.58806732702197 -0.354857469918566 -0.00568842243274875)
(7.66841002542037 -0.374774832018051 -0.00361782121860711)
(7.72470337839938 -0.382664136405071 -0.000800960338601381)
(7.74245043944298 -0.378267083745406 0.00254446078175008)
(7.709751594347 -0.362455117683277 0.00617372266866297)
(7.61905261099429 -0.336982269018928 0.00984129703049795)
(7.46746368146543 -0.304132279632322 0.0132807453001647)
(7.25629938065589 -0.266486477062615 0.0162118619274306)
(6.99037929853159 -0.226691636580234 0.0183702162651511)
(6.67772565358486 -0.187271789510933 0.0195517424720524)
(6.32807971937203 -0.150322506686874 0.0196772732258871)
(5.95308233714217 -0.117426404138097 0.0188219181212913)
(5.56367779273451 -0.0894370234978559 0.0171969491775938)
(5.17044769768313 -0.066603236044092 0.0150940231621598)
(4.7820588634391 -0.0486456570945039 0.012810040762995)
(4.40507703332452 -0.0349552771822296 0.0105882722705088)
(4.0438496363318 -0.0247763948313928 0.00858740204759217)
(3.70114143375418 -0.0173543567735819 0.00688142123543694)
(3.37806310916991 -0.0120164582931253 0.00547584925075232)
(3.07493075513777 -0.00821741682837176 0.00433952577164397)
(2.79135440145971 -0.00553610669089788 0.00342552080567329)
(2.52661605411148 -0.00366008327342494 0.0026884674582614)
(2.27980557565281 -0.00236138947513484 0.00209069782719766)
(2.04997161991865 -0.00147525962352901 0.00160486765182911)
(1.83603451949812 -0.000882103409057165 0.00121078798249262)
(1.63701955027299 -0.000495145271391592 0.000894075078653091)
(1.45186386136268 -0.000251248708761539 0.000643004789834103)
(1.2798595613819 -0.00010455524989682 0.000448242072629651)
(1.11994051897155 -2.22790491779818e-05 0.000300437297024036)
(0.97138811763105 1.88743871590484e-05 0.000191526552997693)
(0.833396016807809 3.49762346148267e-05 0.000113907580959298)
(0.70530723561872 3.69273423185122e-05 6.09014842235938e-05)
(0.586389835691699 3.1764504180177e-05 2.66333266979025e-05)
(0.476174738532749 2.39762199226697e-05 6.23902713115655e-06)
(0.373993886277008 1.60701472977758e-05 -4.32923908390255e-06)
(0.279345834738293 9.40307227913971e-06 -8.24931173270495e-06)
(0.19177624767992 4.53344487975123e-06 -7.9937967705828e-06)
(0.110809298908435 1.51672445512615e-06 -5.41696500412197e-06)
(0.0360245011406013 1.56888520804928e-07 -1.87039533804177e-06)
(6.63304913206008 -0.0111814603868858 -0.00183653443200697)
(6.55979984595536 -0.034903081868736 -0.00241557533434174)
(6.44119121462492 -0.0684490386478866 -0.00387844959709236)
(6.33649169508765 -0.112527513885306 -0.00529321220391252)
(6.28192895832518 -0.160990194637235 -0.00575895010761547)
(6.27736516847736 -0.206963620134348 -0.00580669623621994)
(6.31279725437084 -0.247963252912524 -0.0056134618793312)
(6.37806083308099 -0.282913112448425 -0.00515283636771007)
(6.45361269614912 -0.310173286714313 -0.00422898762979602)
(6.52144494727354 -0.3282046432263 -0.00272413512549134)
(6.56893908387565 -0.335716943796613 -0.000662843654298516)
(6.58378116418836 -0.332422382341563 0.00179252882597684)
(6.55581852253885 -0.319057588133505 0.00445902321659147)
(6.47865170613933 -0.297112941536024 0.0071667690330542)
(6.34973654364404 -0.268535691901914 0.0097180149854874)
(6.17022217664134 -0.235587257081455 0.0119018133263208)
(5.9442306248404 -0.200609895842808 0.0135177135762906)
(5.67845362864303 -0.165850096917041 0.0144093149133778)
(5.38148366233068 -0.13323069127968 0.0145125806438406)
(5.06278378849169 -0.104154724761048 0.0138825951247813)
(4.73202431155906 -0.0794297838597938 0.0126790245896113)
(4.39817745326779 -0.0592782915182985 0.0111218338285844)
(4.06838303737684 -0.0434378827209009 0.00943264196116037)
(3.7485223919431 -0.0313706114526729 0.00779652756932953)
(3.44199300682733 -0.0223882075521315 0.00632742210374451)
(3.15120928841836 -0.015822543039518 0.00507963110562386)
(2.87712849882587 -0.0110798482853305 0.00405513438463607)
(2.61999006877315 -0.00768186344348372 0.0032282425126193)
(2.37931385824319 -0.00526152445155418 0.00256185089348034)
(2.15475782103838 -0.00355030794605999 0.00202342357459683)
(1.94536730028252 -0.00235037085777114 0.00158447171016023)
(1.7502500622109 -0.00151909376745894 0.00122510136473251)
(1.56858635640965 -0.000952655057218812 0.00093170920660134)
(1.39958681310689 -0.000574794977138942 0.000694504789587931)
(1.24229130848053 -0.000329357365487092 0.000505270660275917)
(1.09596912521301 -0.000175318171152679 0.000357328610688937)
(0.959910380416658 -8.28604174528866e-05 0.000244438076678136)
(0.83340510103502 -3.06848357075521e-05 0.000160566996406737)
(0.715745654669317 -3.90726073891301e-06 0.00010014897856132)
(0.606358412168258 7.66306695846787e-06 5.82271673639646e-05)
(0.504767726077692 1.07926873268454e-05 3.04727306969206e-05)
(0.410356882394699 9.73454075355614e-06 1.31763834039765e-05)
(0.322658014233368 7.0871812455433e-06 3.35893388511781e-06)
(0.241364376499132 4.32851078800019e-06 -1.35064708716806e-06)
(0.165888925220751 2.10744833217691e-06 -2.78170012220389e-06)
(0.0959378315394935 6.99437478024741e-07 -2.28503234544813e-06)
(0.0312336863580609 6.91479792278887e-08 -8.60861112605377e-07)
(5.56698160827742 -0.00950433998991293 -0.00129873384799292)
(5.50539260847256 -0.0296042247483896 -0.00170678557941403)
(5.40560398408741 -0.0582507290550078 -0.00275346872819809)
(5.31735123929909 -0.0960839824013638 -0.0037737241927152)
(5.27120599228513 -0.137814840848898 -0.00410096434064471)
(5.26697060853309 -0.177326174101067 -0.00413485209308454)
(5.29625411732187 -0.212619438114016 -0.00400484054116324)
(5.35056274318956 -0.242880696941913 -0.00369410580067451)
(5.41352418616268 -0.266699164240232 -0.00305074471544618)
(5.47010557646744 -0.282666513801649 -0.00198691707504681)
(5.50971132337675 -0.289587213326169 -0.000519518793738642)
(5.52199412950022 -0.28716817256461 0.0012306937992759)
(5.49847992238339 -0.276030526531825 0.00313347045519128)
(5.43369875605195 -0.257392171121082 0.00507695864674821)
(5.3256386366912 -0.232934918462767 0.00691271844892158)
(5.17519054921989 -0.204578801400934 0.00849101915293433)
(4.98577508611933 -0.174353144548113 0.00966482378963787)
(4.76313409719647 -0.144244461002275 0.0103163575526285)
(4.51420710397148 -0.115929192075745 0.0103978980673407)
(4.24725996168764 -0.0906881759178153 0.00994776674777318)
(3.97024468090936 -0.0692278718381992 0.00908181663539129)
(3.6905788222814 -0.0517454592850552 0.00796111825092062)
(3.41448629393407 -0.0380196726089837 0.00674788772335734)
(3.14666926542141 -0.0275661812461259 0.00557580842202908)
(2.89013534630709 -0.0197832030281629 0.00452781826739419)
(2.6467472088892 -0.0140819479601519 0.0036405823325952)
(2.41734362527682 -0.00994806005393008 0.00291436486330998)
(2.20205400386579 -0.00696880785612086 0.00232880172470774)
(2.00064172872795 -0.00483157976362424 0.00185710626772753)
(1.81266616803227 -0.00330673157801809 0.00147461695647336)
(1.63734245930216 -0.00222637026005015 0.00116125517664317)
(1.4739855298585 -0.00146934776206021 0.000903287402017941)
(1.32184639755195 -0.000946670597465072 0.000691312368500971)
(1.18021805245661 -0.000592538387211499 0.000518760497879563)
(1.04838649342137 -0.000358070751862381 0.000380383916742313)
(0.925688452480182 -0.000207104402343648 0.00027162774273274)
(0.811531857162563 -0.000113142785787063 0.000188166463343105)
(0.705317822127502 -5.70766774223233e-05 0.000125783742343534)
(0.606345647169991 -2.54381063053253e-05 8.04333728223136e-05)
(0.514354240395535 -8.89897250113839e-06 4.86752839575186e-05)
(0.428670954514676 -1.26306670915871e-06 2.72554059939355e-05)
(0.348992653801832 1.51937353996865e-06 1.3554635004318e-05)
(0.274789775551699 1.91778390709372e-06 5.37231878407703e-06)
(0.205849048644834 1.40530880337172e-06 1.01998618741893e-06)
(0.141676624176348 7.28627153176608e-07 -8.16252393881963e-07)
(0.0820983851231539 2.43351939878346e-07 -1.08946593936279e-06)
(0.0267095343405197 2.30696365959113e-08 -4.85203759653593e-07)
(4.5896517748223 -0.00793892150818905 -0.000886685463662686)
(4.53885835151146 -0.0246485191078261 -0.00116415906458158)
(4.45649711833882 -0.0486528544677867 -0.00188647363471414)
(4.38360894487636 -0.0804919125312619 -0.00259474046850243)
(4.34540344242992 -0.115691468613645 -0.00281688242083127)
(4.34169232230741 -0.148983446145069 -0.00284005539970729)
(4.36560102908536 -0.178767066766415 -0.00275528554150525)
(4.41008823978086 -0.204415051120149 -0.00255259578998746)
(4.46174352930715 -0.224774372425676 -0.00211915356096189)
(4.50817250617136 -0.238567841266794 -0.00139307052046612)
(4.54065490791554 -0.244742832587976 -0.000387041652410898)
(4.55067742774348 -0.24300844634166 0.000816710322222031)
(4.53122439935253 -0.233868879572106 0.00212939073738237)
(4.47787131147096 -0.218352710259807 0.00347039551824043)
(4.38887795335854 -0.197826281512221 0.00474325837098778)
(4.26499289865536 -0.173909175446585 0.0058420135544741)
(4.10906168139191 -0.148327567790252 0.0066626254603623)
(3.92575285307726 -0.122777957933742 0.00712118385132159)
(3.72088331140922 -0.0987204536695614 0.0071822400940673)
(3.50113893952723 -0.077258351531079 0.00687217322328144)
(3.27319865483725 -0.0590188742064203 0.00627152608134108)
(3.04311103738403 -0.044170913760387 0.00549439669888992)
(2.81604705747675 -0.0325256334320008 0.0046547039773324)
(2.59563802991794 -0.0236555690727356 0.00384421927680622)
(2.38461925891981 -0.017052996435693 0.00312299547784241)
(2.1844161917838 -0.0122086818280316 0.00251425717475878)
(1.99572168555541 -0.00868506875756906 0.00201758578805466)
(1.8186488825531 -0.00613335389247436 0.00161783905715589)
(1.65292134284314 -0.00429065381653462 0.00129543884237674)
(1.4983351281819 -0.00296659732365624 0.00103351918023862)
(1.35396536749084 -0.0020198122314116 0.000817521814258236)
(1.21962051365867 -0.00135104736678046 0.000639140324435181)
(1.09439402010796 -0.000884513713800723 0.0004915277941226)
(0.977764378034107 -0.000564927047318445 0.00037060368626978)
(0.869237148104862 -0.000350694702456978 0.000273262349762264)
(0.768185574523585 -0.00021053692195302 0.000196357483877303)
(0.67405252468626 -0.000121450827293752 0.000137023827582233)
(0.586390291462331 -6.67253439594075e-05 9.24282025074499e-05)
(0.504808193818842 -3.44637440870535e-05 5.99436300608935e-05)
(0.428715719360627 -1.63835268445815e-05 3.69179851710076e-05)
(0.357743519226871 -6.91771447813437e-06 2.12200147685092e-05)
(0.291705567015282 -2.40050097430389e-06 1.10157205873801e-05)
(0.230025135198662 -5.47470319502796e-07 4.74752864394741e-06)
(0.172600089762285 3.17890207522479e-08 1.24904539450199e-06)
(0.119036786811537 9.97341192877302e-08 -3.8124500385248e-07)
(0.069135624097405 4.16860158268833e-08 -7.78767980527724e-07)
(0.0225513267781845 3.04987748244096e-09 -3.957795723804e-07)
(3.69555414365659 -0.00645751630366503 -0.00057746657075137)
(3.65465211349138 -0.0200267851118663 -0.000757409724493235)
(3.58831480345034 -0.0396505638474114 -0.00123267476399722)
(3.52961838768383 -0.0657575980047994 -0.00170057487510325)
(3.49878309095026 -0.0947175759741271 -0.00184454997595392)
(3.49570476483461 -0.122054311036777 -0.00185970695398335)
(3.5148314082573 -0.146541634015828 -0.00180649488726648)
(3.55047900935978 -0.167708489646274 -0.00168005560985249)
(3.5919032174283 -0.1846259577824 -0.00140181884982538)
(3.62917395962465 -0.196200933905755 -0.000928606711252952)
(3.65523313131648 -0.201522748399875 -0.000270575791618138)
(3.66324604296443 -0.200324440305411 0.000517583945902618)
(3.64756065599677 -0.193002731941363 0.00137905267389493)
(3.60462052004197 -0.180389353176283 0.00226228692475156)
(3.53303384806379 -0.16359204229132 0.00310291036331261)
(3.43341468580662 -0.1439371926332 0.00383084039700312)
(3.30802813762829 -0.122845326641537 0.00437670814416088)
(3.16074143547946 -0.101743458625494 0.00468361813543949)
(2.99594313652458 -0.0818261575270832 0.0047268163565365)
(2.81939566575637 -0.0640651618792511 0.00452380935086462)
(2.6359779284581 -0.048952727254807 0.00412638947437554)
(2.45114992280214 -0.0366766722097922 0.00361363909419214)
(2.26857798295697 -0.0270483933885454 0.00305912907906236)
(2.0914366246447 -0.0197220504037229 0.00252519291705594)
(1.92192325004043 -0.0142705128852015 0.00205220048079079)
(1.76104843627599 -0.010264566623823 0.00165387384214)
(1.60943339266526 -0.00734319802489163 0.001330059063551)
(1.46715400884526 -0.00521864328304307 0.00106963732077561)
(1.33396777578246 -0.00367577154945789 0.000859632294724521)
(1.20965422994259 -0.00255963485639926 0.00068853810351863)
(1.09367410761339 -0.00175656785213448 0.00054699191352244)
(0.985631383549697 -0.00118482505835646 0.000429289313061199)
(0.884935995381976 -0.000783069466053678 0.000331354893607848)
(0.791160843908972 -0.000505753342624005 0.000250771908234613)
(0.703847674497001 -0.000318233725879116 0.000185521585158988)
(0.622495490747416 -0.000194342826064017 0.000133768348136987)
(0.546755286520168 -0.000114689626197243 9.37238132558695e-05)
(0.476163420489157 -6.49901774428821e-05 6.35109570555702e-05)
(0.410363112667975 -3.50653477599644e-05 4.13726708645216e-05)
(0.348989730657664 -1.77890805970583e-05 2.5626466597595e-05)
(0.291701430964666 -8.32811887367083e-06 1.48175612511364e-05)
(0.238240894392164 -3.48818205484472e-06 7.70255774846387e-06)
(0.188217317230259 -1.23608149313568e-06 3.25819277724685e-06)
(0.141517976381199 -3.27601027339378e-07 7.28658055032338e-07)
(0.0978045430191985 -4.22710470497934e-08 -4.76084365106394e-07)
(0.056887956699508 7.16376704435375e-09 -7.58622309156557e-07)
(0.0186392374592947 1.629619116946e-09 -3.88258457370689e-07)
(2.87873731821939 -0.00508424035293446 -0.000351996971376003)
(2.84690095080394 -0.015730994636367 -0.000461244098935438)
(2.79525995497888 -0.0312258644173006 -0.000753370438093511)
(2.74955799472481 -0.0519078060516947 -0.00104243858014063)
(2.72552501709439 -0.074897788985106 -0.00112970460431508)
(2.72307984480013 -0.0965812712461241 -0.00113879960974601)
(2.73793356888546 -0.11602854824388 -0.00110760087191924)
(2.76558911267395 -0.13287138047336 -0.00103379243868982)
(2.79778158158551 -0.146435389370352 -0.000865964158374461)
(2.82672862058686 -0.155784082099477 -0.000577850554947823)
(2.84695977912997 -0.160171651398894 -0.000175167965468102)
(2.8531506801601 -0.159371381610519 0.000308337718672465)
(2.84094687235037 -0.153707182730045 0.00083633935924882)
(2.80750923319862 -0.143795152971737 0.00138016396216684)
(2.75181644009623 -0.130523709898164 0.00189856068014595)
(2.67430257448824 -0.114927159087309 0.00234919325929684)
(2.57673959493579 -0.0981398652907003 0.00268890220462115)
(2.46217447561612 -0.0813161196798795 0.00288013143378741)
(2.33392266049236 -0.0654068622119021 0.00290881892443572)
(2.19658430992143 -0.0512188303374701 0.00278328737879935)
(2.05400844751832 -0.0391547202829371 0.00253884870593512)
(1.91026814812702 -0.0293555823061379 0.00222180519657371)
(1.76822699536895 -0.0216737619389911 0.00187923406608796)
(1.63063949155821 -0.0158412343308096 0.00155129633861327)
(1.49870522529081 -0.0114932353235458 0.00126031841175741)
(1.37361646762657 -0.00829865178092299 0.00101680570786361)
(1.25568450534003 -0.00596301075725169 0.000819097469112106)
(1.14500441304954 -0.00425837489249906 0.000660566391526094)
(1.04148147612544 -0.0030154374688485 0.000532597518077622)
(0.944786855639125 -0.00211075020866757 0.000428055026999145)
(0.854600790693499 -0.00145619990632253 0.000341342210739266)
(0.770483702471661 -0.000987060618045102 0.000268629633225665)
(0.692190034381437 -0.000655906419057914 0.000207992201702887)
(0.619247914696485 -0.000425969688687556 0.000157821430960537)
(0.551270262654638 -0.00026954238533588 0.000117005024161565)
(0.487962620361259 -0.000165650201784341 8.4510504559311e-05)
(0.428961905753109 -9.84110713772179e-05 5.9282143805223e-05)
(0.373980535476558 -5.61672846574627e-05 4.01994187762059e-05)
(0.322679177142767 -3.05070429504118e-05 2.61670585794496e-05)
(0.274832551164232 -1.55478350384076e-05 1.61744923440733e-05)
(0.230063806057729 -7.24653813294805e-06 9.2611676722535e-06)
(0.188252780748658 -2.94832898824247e-06 4.68842801983385e-06)
(0.149135193918062 -9.34975749370652e-07 1.82229812515162e-06)
(0.112375498025197 -1.35709398582098e-07 1.66559104180697e-07)
(0.0778709355742554 7.70655411114934e-08 -6.06104636261789e-07)
(0.0454934807842023 6.16201709278262e-08 -7.31347920486652e-07)
(0.0149291277284382 9.71776860795658e-09 -3.59026056073578e-07)
(2.13328942372776 -0.00381383236260361 -0.000194193734952577)
(2.1097475552833 -0.0117448990482721 -0.000254106271055542)
(2.07152099390952 -0.0233679002689066 -0.00041639164201034)
(2.03766935740352 -0.0389359268687156 -0.000577936376441268)
(2.01986791886871 -0.0562676213794227 -0.000625698653638945)
(2.01803910400566 -0.0725927675075016 -0.000630646157502346)
(2.02899195696992 -0.0872296775449766 -0.00061447451247407)
(2.04947034519035 -0.099987187386293 -0.000575001835590577)
(2.07327325388518 -0.11029534932456 -0.000483341580300707)
(2.09468659059119 -0.117450564081572 -0.000324302714377949)
(2.10964337709134 -0.120868520113857 -0.000101242679179672)
(2.11420172141597 -0.120368220014128 0.000166696389585306)
(2.10514567907774 -0.116188547181387 0.000459431078868776)
(2.08038792440193 -0.108790532487103 0.000761694922704513)
(2.03916391103391 -0.0988271240410615 0.0010506640370567)
(1.98179019975861 -0.0870766973050396 0.0013025628082864)
(1.90957935445176 -0.0743953236947904 0.00149317421082916)
(1.82471401334763 -0.0616515209109465 0.00160219253383021)
(1.7299612274202 -0.0496164751964477 0.00161756194366361)
(1.62822629604506 -0.0388492575311514 0.00154897204594425)
(1.5227043639435 -0.029703179225637 0.00141239882864028)
(1.41634516063263 -0.0222800348754244 0.00123545642043605)
(1.31131667378984 -0.01646863540174 0.00104412150968642)
(1.20944261662057 -0.0120540727047777 0.000861238589502666)
(1.1118862872808 -0.00876812158543439 0.000699998227353679)
(1.01928784979332 -0.00634971650583909 0.000565069866391536)
(0.931986429211676 -0.00457849282023509 0.000455819713410632)
(0.85012329130185 -0.00328285487339189 0.000368423628952884)
(0.773474877197664 -0.00233338965946402 0.000297850014176165)
(0.70193987220851 -0.0016395754421499 0.000240178628148476)
(0.635192662386479 -0.00113494075384735 0.000192066758657041)
(0.572956058935879 -0.000771592054359851 0.000151581861691201)
(0.514982927108528 -0.000513836551576264 0.000117626647555732)
(0.460947776742353 -0.000334132655788421 8.9397531776143e-05)
(0.410668613866846 -0.000211628139200734 6.63901631795045e-05)
(0.363772249644938 -0.000129927726617126 4.79443545610614e-05)
(0.32006756729323 -7.6944184132192e-05 3.36138113499738e-05)
(0.279341088716538 -4.36056718426441e-05 2.274658614273e-05)
(0.241320228204591 -2.33358717950617e-05 1.47402525232278e-05)
(0.205833163799064 -1.15356521710181e-05 9.02872347541219e-06)
(0.172620561981861 -5.02802514230604e-06 5.06911840880307e-06)
(0.141492436222742 -1.71311047695054e-06 2.43050763251577e-06)
(0.112355164611788 -2.42394285611911e-07 7.78204226997173e-07)
(0.0849682808306935 2.46501574493866e-07 -1.64581843233582e-07)
(0.0590384314113631 2.75495206900708e-07 -5.89103475611312e-07)
(0.0346431694908603 1.39505442344968e-07 -6.0295356619832e-07)
(0.0114150001565246 1.89093498727042e-08 -2.82399430198819e-07)
(1.45351070624435 -0.0026207696301729 -9.05169497756112e-05)
(1.43747338206083 -0.00805883337873002 -0.000118387632357591)
(1.41146331423672 -0.0160649503241361 -0.00019471364731127)
(1.38842064417067 -0.026822361127013 -0.000270624376619401)
(1.37630586640827 -0.0388129873406754 -0.000292627240644715)
(1.37505506557544 -0.0501001890056748 -0.000295081872965946)
(1.38250618647751 -0.0602269042346401 -0.000287736627757198)
(1.39642753714699 -0.0690710248167347 -0.000269979445749697)
(1.41262000428051 -0.0762553186874713 -0.000227723632655551)
(1.42718035332607 -0.0812711317807562 -0.000153684373838374)
(1.43734584432156 -0.0837025512357635 -4.96731979074877e-05)
(1.44046040347063 -0.0834277386601636 7.58338133395892e-05)
(1.43429678477846 -0.0805941100106276 0.000212960128839277)
(1.41745654473612 -0.0755200244692867 0.000355017908287246)
(1.38937100406733 -0.0686460547007423 0.000491195006340211)
(1.35032194470739 -0.0605196535872183 0.000610092680854028)
(1.30119992382885 -0.0517326035554095 0.000700155857118826)
(1.24352113105187 -0.0428936412113077 0.000751292217046502)
(1.17900611439048 -0.0345196933394725 0.000760104171346034)
(1.10973597708839 -0.0270265742870323 0.000726724002966994)
(1.0379401221967 -0.0206655957263235 0.000662883805415124)
(0.965548040614524 -0.0155043508309845 0.000579151078540441)
(0.894048485987187 -0.0114663126283917 0.000490265366501093)
(0.824673444989503 -0.00840101331427656 0.000403620507558106)
(0.758351128387299 -0.00612402608353697 0.000328112433079764)
(0.695356240368805 -0.00444620338874059 0.000265025492557474)
(0.635987955608057 -0.00321587983945871 0.000214139800797552)
(0.580267536153382 -0.00231274065078399 0.000173365424878636)
(0.52812656056268 -0.00164888541858955 0.000140500981017689)
(0.479416807059264 -0.00116135304627819 0.000113611178751445)
(0.43401348632018 -0.000805609461057095 9.11805866940478e-05)
(0.391675595360798 -0.000548437475185221 7.20692876194412e-05)
(0.35218878365551 -0.000365175734057751 5.60289143399207e-05)
(0.315441444003266 -0.000237246574774604 4.26336140236121e-05)
(0.281189328260312 -0.000149745514506215 3.16475058991579e-05)
(0.249270323278365 -9.13977679985733e-05 2.28552812995414e-05)
(0.219513628939992 -5.35594994198373e-05 1.59844063094257e-05)
(0.191770394560785 -2.98021272354219e-05 1.07723228757025e-05)
(0.165870008478742 -1.54328704139766e-05 6.93310906096688e-06)
(0.141659020026966 -7.13424610893963e-06 4.17530809297555e-06)
(0.119007205869833 -2.65874699527656e-06 2.27526873802132e-06)
(0.0978225405314307 -4.80699894605597e-07 1.01125764003676e-06)
(0.0778525007343274 3.88071229731245e-07 2.09106799224324e-07)
(0.0590632812765221 5.54269787044809e-07 -2.39941080402419e-07)
(0.0412845303775694 4.10418675049111e-07 -4.23595201437506e-07)
(0.0243342734135287 1.87079043044387e-07 -3.89559309073625e-07)
(0.00810110371159161 2.55124893648608e-08 -1.72016084284203e-07)
(0.833875337107624 -0.00151793252521709 -2.98825070007416e-05)
(0.824689347182703 -0.00465193324508602 -3.90722751902311e-05)
(0.8097759974791 -0.00929495064251069 -6.43753451713993e-05)
(0.796575861294206 -0.0155412930776992 -9.00706477024759e-05)
(0.789636448899664 -0.0225141396956433 -9.71223792681523e-05)
(0.788919639809463 -0.029077459885017 -9.76463453135566e-05)
(0.793187279032458 -0.0349657345228836 -9.55540873606353e-05)
(0.801166328457659 -0.0401233471056417 -8.96504813706013e-05)
(0.81043815645162 -0.0443265402708188 -7.59247029389247e-05)
(0.81878284693173 -0.047278168029512 -5.14937583162618e-05)
(0.824598906365924 -0.0487256978897316 -1.71612477403705e-05)
(0.826376870424486 -0.0485952569121192 2.47162665703262e-05)
(0.822848296687027 -0.0469812709010339 7.01495410557769e-05)
(0.813195787905825 -0.044054130096595 0.000117300328485622)
(0.79710430058102 -0.0400696534963375 0.000162659417267475)
(0.774738457599203 -0.0353470793547096 0.000202317731021241)
(0.746554451095492 -0.0302207505236143 0.00023272115264152)
(0.713451451903783 -0.0250558018966859 0.000250039021717991)
(0.676493510899723 -0.0201671472920233 0.000252735154847502)
(0.636850106992897 -0.015793400812998 0.00024188603547687)
(0.595757524345008 -0.0120800569754438 0.000220347160860397)
(0.554225614349661 -0.00906108377188833 0.000192770963728368)
(0.51335076309351 -0.006708975374272 0.000162944284400496)
(0.473533374219182 -0.00491774484800912 0.000134339815021596)
(0.435472559614916 -0.00358868618142488 0.000108910013462334)
(0.399397060655902 -0.00261114164016146 8.80243016853611e-05)
(0.365374965796823 -0.00189295835248329 7.12079538467001e-05)
(0.333477896790797 -0.00136508331304648 5.77278455319394e-05)
(0.303611515556754 -0.000975495182988745 4.70125088054117e-05)
(0.275668311680477 -0.000688018635676273 3.80151000014449e-05)
(0.24964893649623 -0.000477722001391431 3.05523444487455e-05)
(0.225395148015102 -0.000325225466385929 2.42532191360126e-05)
(0.202762600519743 -0.000216223225600954 1.88321136390378e-05)
(0.181725961171424 -0.000140074699194125 1.4371130989959e-05)
(0.162060430876216 -8.78172739995672e-05 1.06510297473087e-05)
(0.143767872522085 -5.30617392213212e-05 7.67920527104014e-06)
(0.126728879327919 -3.05954891473303e-05 5.35294842557009e-06)
(0.110818380731047 -1.65389170579828e-05 3.59065407952182e-06)
(0.0959508077706801 -8.11023995588361e-06 2.28310367413656e-06)
(0.0820874724160051 -3.33907255460585e-06 1.35498274179305e-06)
(0.0691225214807556 -8.44435457910229e-07 7.12265014970575e-07)
(0.0569007926850802 2.98050144977029e-07 2.76661889134454e-07)
(0.0454522960713949 6.51007264654503e-07 6.9628808621211e-09)
(0.034624356148941 6.03690186894759e-07 -1.43568631749545e-07)
(0.0243406024306343 3.91100327636839e-07 -1.98768473361928e-07)
(0.0145302040267476 1.65996880050483e-07 -1.68617265166932e-07)
(0.00489581725022346 2.18854019750201e-08 -6.51349381578352e-08)
(0.269280557712712 -0.000492425579697143 -3.17012164095209e-06)
(0.266319354976561 -0.00151047204144365 -4.04106727984295e-06)
(0.261515878120327 -0.00302319663063829 -6.40927013814297e-06)
(0.257249175966953 -0.00506501035109295 -9.31830851086085e-06)
(0.25501085967456 -0.00734568069983365 -1.00809579559327e-05)
(0.25477980142881 -0.00948969317615393 -1.01809370867715e-05)
(0.256135253624105 -0.0113953973549843 -9.99043636003204e-06)
(0.258729593145466 -0.0131026377331394 -9.37545151245253e-06)
(0.261721040267109 -0.0144852520056688 -7.94356471137702e-06)
(0.264415007316543 -0.0154610727719572 -5.39955686583416e-06)
(0.266291066892787 -0.015945132733906 -1.85080072362187e-06)
(0.266864833208456 -0.0159132199651057 2.45893997200432e-06)
(0.265719673474355 -0.0153919048813305 7.1659524043148e-06)
(0.26260706345374 -0.0144414893263949 1.21392188075931e-05)
(0.257417260161013 -0.0131426842255999 1.69056545321629e-05)
(0.250195681252544 -0.011599329899285 2.0582836548975e-05)
(0.241115863760251 -0.00992194775606077 2.3973250740668e-05)
(0.230429106314202 -0.00822628276534885 2.59173890574657e-05)
(0.21849694649063 -0.00661943913541475 2.67722647160258e-05)
(0.205732979229525 -0.00518621393439264 2.52942517091738e-05)
(0.192456947134373 -0.00396480912576483 2.30417045572252e-05)
(0.179072383932683 -0.00297485144172152 2.00889555923595e-05)
(0.165874568774974 -0.00220262016457893 1.69500770822323e-05)
(0.152989552988384 -0.001614205510991 1.35668676165113e-05)
(0.140780277085484 -0.00118105732566292 1.1646480164422e-05)
(0.129130100702201 -0.000860582921241117 9.15842312268072e-06)
(0.118151234571566 -0.00062504828348129 7.29481721117678e-06)
(0.107823753843371 -0.000451070804489451 5.87067328450758e-06)
(0.0982088131848247 -0.000322924783697267 5.06352425323384e-06)
(0.089214271089215 -0.000228192441222746 3.99205121635871e-06)
(0.080805820845298 -0.000158363446627074 3.21435506147694e-06)
(0.0729588591615682 -0.000107568177639954 2.51447492373449e-06)
(0.0656796613097373 -7.13902777114863e-05 1.98304903060381e-06)
(0.0588845220619951 -4.59830240575678e-05 1.49435902415665e-06)
(0.0525581598313409 -2.8614062550133e-05 1.0978877926943e-06)
(0.04666198784887 -1.70603421105922e-05 7.98161444332614e-07)
(0.0411587247600878 -9.61113417520909e-06 5.61261138119081e-07)
(0.0360214573623183 -4.98498428936828e-06 3.72505173884868e-07)
(0.0312707360399028 -2.27300737970446e-06 2.380579900383e-07)
(0.0267992433362315 -7.48827891626066e-07 1.36928429466895e-07)
(0.0225641070133239 1.74801817926405e-08 6.88422995133026e-08)
(0.0186243971549576 3.27349141644901e-07 2.15946527714321e-08)
(0.0149257805532136 3.79129959634596e-07 -7.07764585214912e-09)
(0.0114317728258049 3.02626156906916e-07 -2.21750309086812e-08)
(0.00809300241820687 1.78556387398018e-07 -2.79082414746569e-08)
(0.00490230177583024 6.60811013265885e-08 -2.32902577906748e-08)
(0.00168509138251434 4.69504886885542e-09 -4.66297386529388e-09)
)
;

boundaryField
{
    inflow
    {
        type            cyclic;
    }
    outflow
    {
        type            cyclic;
    }
    wallTop
    {
        type            noSlip;
    }
    wallSide
    {
        type            noSlip;
    }
    symmetryBottom
    {
        type            symmetry;
    }
    symmetrySide
    {
        type            symmetry;
    }
}


// ************************************************************************* //
