# Probe 0 (1e-06 1 0)
# Probe 1 (1 0.5 0)
# Probe 2 (4.65 0.1 0)
# Time                 0                      1                      2                     
0                      0.00375                0.00375                0.00375               
1                      0.00378191349085983    0.0037551406282172     0.00374959989115365   
2                      0.00222228610911116    0.00418864257069546    0.00375556127529125   
3                      0.00092582343817058    0.00346627673552451    0.00377397653700735   
4                      0.000587396093205683   0.0185295397552425     0.00384450594611791   
5                      0.00075612166998919    0.032614091850572      0.00393691038532158   
6                      0.00101315991994683    0.0297624722716727     0.00405913863176207   
7                      0.000690573732605517   0.0410592509161039     0.00457337513001822   
8                      0.00124261055327295    0.0228169235116816     0.00540083019739052   
9                      0.00244339903422785    0.0983801923792665     0.00559285937360711   
10                     0.000237524247039401   0.182143102626743      0.00560570386978651   
11                     0.000396147312863036   0.135939168952769      0.00561920963989033   
12                     0.0185095846284851     0.416680363078232      0.00572490430885721   
13                     0.00864276534336163    0.517351801815046      0.00601758581069911   
14                     0.0092689420922379     0.424105043573118      0.00631991668726847   
15                     0.0236850885268322     0.797659397715918      0.00641234077367046   
16                     0.0442636727696999     0.675817272815506      0.00638090009442926   
17                     0.0574232892901578     0.464075421212738      0.00632429726730854   
18                     0.0695025614611315     0.480260170759576      0.00629557227626079   
19                     0.0814802441350363     0.356054151840324      0.00628199123408448   
20                     0.0924951894294453     0.297985703522377      0.00625476130363798   
21                     0.0952787361129458     0.268355292469439      0.0062056356289998    
22                     0.081628733135425      0.224855418620857      0.00614893510941834   
23                     0.0611219192231053     0.196012327639659      0.00608813029978571   
24                     0.0450352319777869     0.185146606858375      0.0060219707694127    
25                     0.0346920721959223     0.18783137513384       0.00594629030059586   
26                     0.0280299913701661     0.197757940462073      0.00585697816283537   
27                     0.0232261919110161     0.209386135678881      0.00574927884386721   
28                     0.0197860848438717     0.220291699300252      0.00562511698664339   
29                     0.017182727518984      0.230710445480282      0.00548443091600061   
30                     0.0149645383693164     0.240878416452385      0.0053283506121362    
31                     0.0125990663658867     0.25024950880124       0.00515958187562721   
32                     0.01018669050996       0.257922785247804      0.00498328069322482   
33                     0.00790817637347187    0.263275259581858      0.00480773347028854   
34                     0.00594959163756136    0.266169882671938      0.00464358710325633   
35                     0.00431926344036581    0.266775665652652      0.00450305606107091   
36                     0.00301208773353673    0.265367106297259      0.00439782094589926   
37                     0.00201941507739485    0.262216641132099      0.00433740608570424   
38                     0.00131019696629904    0.257587208668141      0.00432779787344417   
39                     0.000835842967254728   0.251742438480206      0.00437130315259578   
40                     0.000532537486369257   0.244956487185445      0.00446695023634733   
41                     0.000344062157837869   0.2375264703018        0.00460995978683773   
42                     0.000222656085432675   0.229664486425851      0.0047968155030791    
43                     0.000144735683388396   0.22151000622737       0.00502246745805605   
44                     9.40517825244875e-05   0.213167868604648      0.00528142013329391   
45                     6.10540900211763e-05   0.204818537812135      0.00556865275513921   
46                     3.99999523035068e-05   0.196583054625767      0.00587961700328594   
47                     2.70292174456563e-05   0.188552391105459      0.00621003184294109   
48                     1.94414987964237e-05   0.180806514785573      0.00655552732560298   
49                     1.57393137759046e-05   0.173399256211674      0.00691227235095259   
50                     1.53023350244741e-05   0.166356079959008      0.00727721299777852   
51                     1.83220453455696e-05   0.159686796599326      0.00764759964678503   
52                     2.19258816705668e-05   0.153391861334369      0.00802088684499549   
53                     2.60075190260167e-05   0.147463977579527      0.00839467064224679   
54                     2.92509059215474e-05   0.141906387823089      0.00876475281125043   
55                     3.1797923237568e-05    0.136676748045093      0.00913111384777945   
56                     3.4009166810773e-05    0.131763474428319      0.00949158659837257   
57                     3.60414247042018e-05   0.12713520732062       0.00984503200025872   
58                     3.79005887233886e-05   0.122760342330344      0.0101917478011885    
59                     3.97734667855875e-05   0.118609038267158      0.0105320629107907    
60                     3.94810818854113e-05   0.114665933802649      0.0108653922706711    
61                     3.86525181609818e-05   0.110915845863669      0.0111912207053834    
62                     3.86431448720778e-05   0.107339651051944      0.0115092278566254    
63                     4.05112762820869e-05   0.103918323923089      0.0118187172867837    
64                     4.50548684615241e-05   0.100636698127254      0.0121180124024719    
65                     5.24059836695467e-05   0.0974809939670349     0.012404431045137     
66                     6.16760245358632e-05   0.0944314198129935     0.012674907324636     
67                     7.23384758441657e-05   0.0914779356951763     0.0129241791338435    
68                     8.53288952132024e-05   0.0886099437053321     0.0131448091498261    
69                     0.000102543759355302   0.0858180912158777     0.0133282944986639    
70                     0.000125676025197432   0.0831014468539227     0.0134648811582755    
71                     0.000154736458686802   0.0804593223258455     0.0135451136663173    
72                     0.000188643332852014   0.0778935318099463     0.0135610594271827    
73                     0.00022654468704449    0.0754021366714036     0.013508057729977     
74                     0.000267544169463148   0.0729848463209419     0.0133862176542072    
75                     0.000310627539204591   0.0706389096952558     0.0132017013792643    
76                     0.000353966107962806   0.0683367649465538     0.0129671277954126    
77                     0.000395303330711657   0.0660892550585173     0.0127011295206291    
78                     0.000432494347927125   0.0639017473197172     0.012426422938747     
79                     0.000463659346202583   0.0617588067701402     0.0121684189109781    
80                     0.000488825300667879   0.0596436321687751     0.0119504740705727    
81                     0.000509512798123658   0.0575583614947241     0.011787786279865     
82                     0.000527458616574475   0.0555033077623148     0.0116895538322253    
83                     0.000543071137118095   0.0534780100160136     0.0116630395975539    
84                     0.000554732770692427   0.0514795115822472     0.0117110372046445    
85                     0.00056007228215838    0.0495025911092672     0.0118321926913455    
86                     0.000557937299683628   0.0475402041470792     0.0120218657483431    
87                     0.000548172015926197   0.0455855521306395     0.0122778978132663    
88                     0.000530616589287938   0.0436322537260875     0.0125986166017627    
89                     0.000505068571606731   0.0416761435316795     0.0129801950961162    
90                     0.00047285217786568    0.0397173595174688     0.0134160611232648    
91                     0.000436465269389068   0.0377500999107435     0.013902470248193     
92                     0.000398252595167149   0.0357607277401223     0.0144348033052176    
93                     0.000359117670913431   0.0337342348385861     0.0150075386735026    
94                     0.000318702675890239   0.0316553337979316     0.0156141723976312    
95                     0.000276065583712094   0.0295096366535985     0.0162522343205177    
96                     0.000232936032789834   0.0272825040703078     0.0169189592764811    
97                     0.000191913724559757   0.0249636223496881     0.0176128386732452    
98                     0.000155109768991332   0.0225541499530524     0.0183351922956999    
99                     0.00012371866467987    0.0200541074623443     0.0190886505777243    
100                    9.71600042020132e-05   0.0174809639447286     0.019876829284446     
101                    7.39744774629799e-05   0.0148684779665189     0.0207027754931114    
102                    5.35017756022153e-05   0.0122939149505037     0.0215671646124309    
103                    3.61254426655844e-05   0.00985645777505484    0.0224684156107217    
104                    2.17341316897531e-05   0.00739149620431563    0.0234008992654488    
105                    1.16655078540376e-05   0.0050817792065876     0.024351188611884     
106                    5.59616459003917e-06   0.00316194831824589    0.0252981843151674    
107                    2.28922688082442e-06   0.00188168816455052    0.0261992681351213    
108                    6.6475638577773e-07    0.00123477400985454    0.0270170992403113    
109                    6.74379419657513e-08   0.00107647686222772    0.0276838136098896    
110                    1.13779805145565e-07   0.00122087361044988    0.0281767735801645    
111                    2.71077089503033e-07   0.00152988553217574    0.0283821589524928    
112                    7.57172966586019e-07   0.00193980354478649    0.0282859211480506    
113                    1.57157888058509e-06   0.00244935122260735    0.0278914274280537    
114                    2.66848014331657e-06   0.00308900146287174    0.0272497027824697    
115                    4.06619274907073e-06   0.00390779630242408    0.0264325362601401    
116                    5.78826036250046e-06   0.00495227824879484    0.0255747002281242    
117                    7.86040579760163e-06   0.0062433022052654     0.0247862198259613    
118                    1.02921859791976e-05   0.0077608673916632     0.0241196444009197    
119                    1.30747076928943e-05   0.00939304871668053    0.0235912228460953    
120                    1.61860194944202e-05   0.0109675156468981     0.0231911684078779    
121                    1.95842429104771e-05   0.0123656770273666     0.0228888084089504    
122                    2.3175685877175e-05    0.0132555198201839     0.0226493883901582    
123                    2.68040247617211e-05   0.0138259422998146     0.0224430975090677    
124                    3.02697994157113e-05   0.0141588569177134     0.0222477208851297    
125                    3.33535415724287e-05   0.0143479579857802     0.022048169205449     
126                    3.58369429030951e-05   0.0144188052371371     0.0218351297410793    
127                    3.75395399491437e-05   0.0144240542574283     0.0216033016933773    
128                    3.83370709881652e-05   0.0143869939847917     0.0213499399947763    
129                    3.81813284931139e-05   0.0143228217701217     0.0210737364279069    
130                    3.71067883976586e-05   0.014260866693023      0.020774704359074     
131                    3.52187026030196e-05   0.0142077519464761     0.0204534943281176    
132                    3.26324057236949e-05   0.0141722908043358     0.0201108564284664    
133                    2.95033527256274e-05   0.0141727192942902     0.0197460029880013    
134                    2.61285983307176e-05   0.0142046748255158     0.0193594811826598    
135                    2.27514046891777e-05   0.0142569023486275     0.0189544937374061    
136                    1.95500978992478e-05   0.0143299788163165     0.0185300921714775    
137                    1.6683687714692e-05    0.0144252195001127     0.018080034475657     
138                    1.42822988636489e-05   0.0145291998250892     0.0176067689156362    
139                    1.24357629637974e-05   0.0146499604465804     0.0171145589031128    
140                    1.11831053330337e-05   0.0147794222342957     0.016607462561278     
141                    1.05201514499273e-05   0.0149179934870618     0.0160902355652504    
142                    1.04092213427361e-05   0.0150646998806603     0.0155682859699874    
143                    1.07882133890092e-05   0.015216763080776      0.0150473119823738    
144                    1.1583022831635e-05    0.0153724910693156     0.0145334200348651    
145                    1.27151050517777e-05   0.0155297326550916     0.0140330807415595    
146                    1.41065154128934e-05   0.0156861421055907     0.0135529827290343    
147                    1.56713068414544e-05   0.015839297840732      0.0130997667045944    
148                    1.73259461266433e-05   0.0159887410119726     0.0126795523018822    
149                    1.89757895773845e-05   0.0161324781832977     0.0122974781449611    
150                    2.05277668491405e-05   0.0162688284958104     0.0119574794621757    
151                    2.18853846680005e-05   0.0163967035011902     0.0116617798590804    
152                    2.29955391217453e-05   0.0165153018257239     0.0114108360038753    
153                    2.3842262397667e-05    0.0166235244301759     0.0112035786996364    
154                    2.44405813637275e-05   0.0167204984446904     0.011037897022984     
155                    2.48320509580474e-05   0.0168053609844225     0.0109110328789519    
156                    2.50759263099312e-05   0.0168771722609685     0.010819813783289     
157                    2.5244677296632e-05    0.0169349799846607     0.010760790608593     
158                    2.5407472067381e-05    0.0169775047337616     0.0107303322448452    
159                    2.56228726262667e-05   0.0170033766236334     0.0107249794997457    
160                    2.59463872144025e-05   0.0170111099033359     0.0107415528907733    
161                    2.6426458897398e-05    0.0169990963711612     0.0107772459495241    
162                    2.70948127809764e-05   0.016965617043185      0.0108296264692315    
163                    2.79667565597536e-05   0.0169087626899121     0.0108966039191071    
164                    2.90408417350514e-05   0.0168263861878257     0.0109763616224854    
165                    3.02954613218419e-05   0.0167161556320239     0.0110672945781774    
166                    3.1691512528636e-05    0.0165755598348567     0.0111679636624299    
167                    3.31772949582476e-05   0.0164018153007447     0.011277075448787     
168                    3.46979932794429e-05   0.0161917951329113     0.0113934621456649    
169                    3.61778023590017e-05   0.0159420008429635     0.0115160365842888    
170                    3.75384396532821e-05   0.0156484524648658     0.0116437906495536    
171                    3.87201987418181e-05   0.0153065983643357     0.0117758071434762    
172                    3.969373905517e-05     0.0149114684883555     0.0119112481326738    
173                    4.04610094066799e-05   0.0144576397512035     0.0120493878789242    
174                    4.10452273706697e-05   0.0139396945273685     0.0121895510352656    
175                    4.14790644249259e-05   0.0133526838916365     0.0123311561109109    
176                    4.17977376359684e-05   0.0126942214591132     0.0124736663938655    
177                    4.20298387264474e-05   0.0119644352286277     0.0126167052433335    
178                    4.21958434673521e-05   0.0111651043750832     0.0127599514003895    
179                    4.23116532269328e-05   0.010302993166605      0.0129031557156884    
180                    4.23899986976149e-05   0.00939175370251768    0.0130461437394994    
181                    4.24412020205059e-05   0.00845337749758642    0.0131887951367517    
182                    4.24736618529567e-05   0.00751858986966074    0.0133310418544606    
183                    4.24940724535744e-05   0.00662624112346982    0.0134728792736899    
184                    4.25070663831157e-05   0.00582126552061786    0.0136143495980866    
185                    4.25150919780505e-05   0.00514836305878656    0.013755529532109     
186                    4.25185439796566e-05   0.00463595297718435    0.0138965380709018    
187                    4.25171167565173e-05   0.00429267189476538    0.0140375714788953    
188                    4.25075951810591e-05   0.00410635261365497    0.0141788034789747    
189                    4.2484171353729e-05    0.00405339819507557    0.0143204294750078    
190                    4.24406048264546e-05   0.00410356222183717    0.0144626905758894    
191                    4.23688680518253e-05   0.00422552454419801    0.0146058526909492    
192                    4.22577424492217e-05   0.00439057327190536    0.0147501863860307    
193                    4.20920856805313e-05   0.00457474882985873    0.0148959668247322    
194                    4.18530369642149e-05   0.00476003660533614    0.0150434760965944    
195                    4.15187584847693e-05   0.00493467369783232    0.0151929901075803    
196                    4.10660143894857e-05   0.0050924560056806     0.0153447807975518    
197                    4.04729626492207e-05   0.00522768737502527    0.0154990956251387    
198                    3.9722664382537e-05    0.00534036567954818    0.0156561758803703    
199                    3.88072824257073e-05   0.00543358571207933    0.0158162552693828    
200                    3.77323441337047e-05   0.00551130421769117    0.0159795331225795    
201                    3.65196697997541e-05   0.0055773766428439     0.0161461872763146    
202                    3.52077393697935e-05   0.00563543047132061    0.0163163820056236    
203                    3.38488474806978e-05   0.00568911411620866    0.0164902461351561    
204                    3.24959104415522e-05   0.00574159441195348    0.0166679012689029    
205                    3.11790496364986e-05   0.00579535204753275    0.0168494440252238    
206                    2.99181556056504e-05   0.00585203713315314    0.0170349356421769    
207                    2.87305139907805e-05   0.00591079978443633    0.0172244293419251    
208                    2.76349090812927e-05   0.0059713646445491     0.0174179573580062    
209                    2.66525194419596e-05   0.00603465584945498    0.0176155177708217    
210                    2.58032593079607e-05   0.00610126875738801    0.0178170936520468    
211                    2.51019821615693e-05   0.00617132270640489    0.0180226483559306    
212                    2.4556484225442e-05    0.00624494743927058    0.0182321080927834    
213                    2.41668828146358e-05   0.00632215182751998    0.0184453860343838    
214                    2.39265612199289e-05   0.00640271724123279    0.0186623872093986    
215                    2.38237542209683e-05   0.00648608410026164    0.0188829809473571    
216                    2.38434274568333e-05   0.00657110216688231    0.0191070192398502    
217                    2.39690287079689e-05   0.00665729469674168    0.0193343501967658    
218                    2.41839153207249e-05   0.00674441968483163    0.019564795909242     
219                    2.4472437767058e-05    0.00683207684037375    0.0197981443852994    
220                    2.48207793841102e-05   0.0069196764672466     0.0200341973243205    
221                    2.52173691987346e-05   0.00700663324596637    0.0202727328264621    
222                    2.56530730692857e-05   0.00709222277052906    0.0205134935675571    
223                    2.61211822433001e-05   0.00717577919263272    0.020756197843737     
224                    2.66171972754363e-05   0.0072566357000056     0.0210005582170959    
225                    2.713834353637e-05     0.00733416075762247    0.0212462093494487    
226                    2.76834029022084e-05   0.00740786768277459    0.0214928007615226    
227                    2.82522936182479e-05   0.00747734365116622    0.0217399883382761    
228                    2.88457142997631e-05   0.00754227756604772    0.021987395182141     
229                    2.94649166426764e-05   0.00760240408568588    0.0222346441193742    
230                    3.01051756779217e-05   0.00765745224386135    0.0224813590579913    
231                    3.07569928005731e-05   0.00770706780967696    0.0227271447738695    
232                    3.14110979149603e-05   0.00775055306774825    0.0229715783981978    
233                    3.20612573878199e-05   0.00778736637030448    0.0232141522838363    
234                    3.27051822609246e-05   0.00781693967788646    0.0234542840871176    
235                    3.33444270177719e-05   0.00783864257760853    0.0236915405448836    
236                    3.398243196512e-05     0.00785175679063862    0.0239255101758292    
237                    3.4622965160452e-05    0.0078555278594379     0.0241557885010486    
238                    3.52694705438827e-05   0.00784885683852401    0.0243820025125164    
239                    3.59244028550711e-05   0.00783089729752252    0.0246037583551118    
240                    3.65890928536699e-05   0.00780085841477551    0.024820667817459     
241                    3.72636517757492e-05   0.00775805877325909    0.0250323168055726    
242                    3.794723058342e-05     0.00770211912480091    0.0252383557325216    
243                    3.86380339052184e-05   0.00763310999618467    0.0254385020651524    
244                    3.93335178678637e-05   0.00755162404179199    0.0256325217594004    
245                    4.00307334664383e-05   0.0074587724756033     0.02582021066116      
246                    4.07266893396666e-05   0.00735610741651393    0.0260013994329748    
247                    4.14183408582817e-05   0.0072453931902873     0.026175924753962     
248                    4.21026580505984e-05   0.0071286909064746     0.0263436368016796    
249                    4.27769639583426e-05   0.00700838588820789    0.0265044761367907    
250                    4.34389091127525e-05   0.0068871110108309     0.0266584439368454    
251                    4.40862537871084e-05   0.00676764877740816    0.0268055542266276    
252                    4.47168539874079e-05   0.00665276533711323    0.0269458264464602    
253                    4.53288436825417e-05   0.00654503283892326    0.0270792913028919    
254                    4.59207068553893e-05   0.00644667747136161    0.0272059764498556    
255                    4.64912304525034e-05   0.006359451295786      0.0273259116299504    
256                    4.70397134193837e-05   0.00628448869231639    0.027439166243801     
257                    4.75657072992695e-05   0.00622241242600798    0.027545820850975     
258                    4.80689542035397e-05   0.00617340624152056    0.0276459739719922    
259                    4.8549445794961e-05    0.00613729710737899    0.0277397176144511    
260                    4.90073159516632e-05   0.00611367080003948    0.0278271218512563    
261                    4.94426816250597e-05   0.0061018327862303     0.0279082462293961    
262                    4.98555342353469e-05   0.00610097750774037    0.0279831326172708    
263                    5.0245859400309e-05    0.00611035418844077    0.0280518206512685    
264                    5.06137265092677e-05   0.00612925415809212    0.0281143628927361    
265                    5.09592521795772e-05   0.00615697512520607    0.02817081900646      
266                    5.12825352844703e-05   0.00619282497068461    0.0282212519980138    
267                    5.15838025121885e-05   0.00623614056474352    0.0282657441135758    
268                    5.18634500560826e-05   0.00628636733555026    0.0283043937803801    
269                    5.2121884140201e-05    0.00634302597099435    0.0283373230924424    
270                    5.23593470154916e-05   0.00640572702212971    0.0283646801724222    
271                    5.25759607897133e-05   0.00647384231996808    0.0283866526147533    
272                    5.27715512807072e-05   0.00654728409920792    0.0284034686823723    
273                    5.29457727372516e-05   0.00662587195218949    0.0284154015762821    
274                    5.30980465055417e-05   0.00670921701118131    0.0284227715008694    
275                    5.32274509252307e-05   0.00679710245748855    0.0284259462950098    
276                    5.33327421116276e-05   0.00688938944966242    0.0284253406557173    
277                    5.34125785577751e-05   0.00698596359564669    0.0284214115770755    
278                    5.34658411722288e-05   0.00708668990349506    0.0284146564638823    
279                    5.34915337613814e-05   0.00719076374877677    0.0284056123085024    
280                    5.34888634194127e-05   0.00729793188712522    0.0283948554385134    
281                    5.34576353378105e-05   0.007407555463715      0.0283829961392461    
282                    5.33983013028617e-05   0.00751878780110123    0.028370671469993     
283                    5.33120410478691e-05   0.0076315774202258     0.0283585398754046    
284                    5.32008618009589e-05   0.0077459308014042     0.028347279217107     
285                    5.30675143952518e-05   0.00786184789247386    0.0283375847088755    
286                    5.29155215160754e-05   0.00797926083457824    0.0283301624043916    
287                    5.27492965158664e-05   0.00809799120724235    0.0283257074198741    
288                    5.25737738880016e-05   0.00821777168393605    0.0283248871805005    
289                    5.23937543681617e-05   0.00833835142521044    0.028328349739788     
290                    5.22138885655465e-05   0.0084594754246859     0.0283367271887448    
291                    5.20390113461405e-05   0.00858091507515719    0.0283506119879288    
292                    5.1873203688495e-05    0.00870243648288229    0.0283705162085875    
293                    5.17199833866451e-05   0.00882379217545472    0.02839686901068      
294                    5.15820582984544e-05   0.00894475669724007    0.0284300329673936    
295                    5.14611694726864e-05   0.00906511479127293    0.0284703359875547    
296                    5.1358266249969e-05    0.009184669919471      0.028517992690436     
297                    5.12692685160442e-05   0.00930328063537467    0.0285730908463944    
298                    5.11930267943267e-05   0.00942076025514639    0.0286356365489746    
299                    5.11326929611111e-05   0.00953692304331788    0.0287055590358557    
300                    5.10891929247517e-05   0.00965160208355597    0.0287827146384671    
301                    5.10617195498324e-05   0.0097646453686873     0.0288667975026604    
302                    5.10483122493529e-05   0.00987592512312476    0.028957266924595     
303                    5.10462767723637e-05   0.00998532284537139    0.0290535031296908    
304                    5.10538892302015e-05   0.010092717164566      0.0291547880430626    
305                    5.10674014746047e-05   0.0101979844057434     0.0292605574841031    
306                    5.10811854103934e-05   0.0103010344926681     0.0293703885645201    
307                    5.10913444184388e-05   0.0104014209215127     0.0294838825261471    
308                    5.10957034968561e-05   0.0104988403688209     0.0295995903841842    
309                    5.10930983213869e-05   0.0105922042676701     0.0297166336467483    
310                    5.108289539453e-05     0.0106815604340012     0.029834579150763     
311                    5.10629870148729e-05   0.01076718803664       0.0299529073666253    
312                    5.10270945459028e-05   0.0108482791367531     0.0300710088325968    
313                    5.0976091971785e-05    0.0109234280342654     0.030188536035152     
314                    5.09126967634051e-05   0.0109935244163622     0.0303052190299913    
315                    5.08388120470363e-05   0.01105906359404       0.0304208158651677    
316                    5.07550393017375e-05   0.0111201161317925     0.0305340101870968    
317                    5.06612976887841e-05   0.0111764898472722     0.0306431758931076    
318                    5.05621495203226e-05   0.0112270569734501     0.0307483769099978    
319                    5.04569104960087e-05   0.0112712081616628     0.0308499693968386    
320                    5.03399080422697e-05   0.0113092699997047     0.0309482589040929    
321                    5.02110920873803e-05   0.0113413614941447     0.03104334268708      
322                    5.00705950980948e-05   0.0113692034242862     0.0311351954022949    
323                    4.99191412909883e-05   0.0113932724085669     0.0312237139270813    
324                    4.97573233601558e-05   0.0114128783210666     0.0313088364330901    
325                    4.95859915020104e-05   0.0114278894534222     0.0313905007703574    
326                    4.94063360074944e-05   0.0114383034757316     0.0314686450078599    
327                    4.92201542082806e-05   0.0114441138596751     0.0315431960224827    
328                    4.90290519139147e-05   0.011445407807871      0.0316140773413274    
329                    4.88345330018092e-05   0.011442283613057      0.0316812725004314    
330                    4.86381159419235e-05   0.0114348402829631     0.0317448230056055    
331                    4.84411556903151e-05   0.0114233092338006     0.0318048037504951    
332                    4.82428102812788e-05   0.0114078966831979     0.0318612880960593    
333                    4.80264268521855e-05   0.0113887811313828     0.0319143200662322    
334                    4.77832195937483e-05   0.0113660819034597     0.0319639677374704    
335                    4.75155777708891e-05   0.0113398962824535     0.0320103281520856    
336                    4.72320440178974e-05   0.0113102939341441     0.0320535294005693    
337                    4.69413837936024e-05   0.0112773661976009     0.0320936954628031    
338                    4.66485293434006e-05   0.0112412600524159     0.0321309364071909    
339                    4.63560931407981e-05   0.0112021364371662     0.0321653700694868    
340                    4.60660694004916e-05   0.011160193142779      0.03219711362549      
341                    4.57801427065186e-05   0.0111156531221624     0.0322262801283118    
342                    4.54996673742084e-05   0.0110687507955056     0.0322529728953246    
343                    4.52258443660254e-05   0.0110197083787307     0.0322772912028284    
344                    4.49597166318601e-05   0.0109687240932067     0.0322993306001829    
345                    4.47022291400304e-05   0.0109159758747014     0.0323191802176544    
346                    4.44540649679373e-05   0.0108616280186228     0.0323369210843075    
347                    4.42155794322752e-05   0.0108058418643708     0.0323526279449316    
348                    4.39870801474985e-05   0.0107487827190647     0.0323663699898461    
349                    4.37688623583838e-05   0.0106906291853366     0.0323782159916583    
350                    4.35609059696372e-05   0.0106315558569823     0.0323882111682704    
351                    4.33626607764464e-05   0.0105717209727205     0.0323962987663542    
352                    4.31729891167533e-05   0.0105112520933159     0.0324020494024066    
353                    4.29907516306019e-05   0.0104502554678164     0.0324040090375742    
354                    4.28153597739347e-05   0.0103888159582548     0.032402389788498     
355                    4.26467320929782e-05   0.0103269818653327     0.0323977164256957    
356                    4.24850587722903e-05   0.0102647907325118     0.0323903685796503    
357                    4.23303322572154e-05   0.0102022582673663     0.0323805766214099    
358                    4.21823264782879e-05   0.0101393952130281     0.0323684599544964    
359                    4.2040553277359e-05    0.01007621643184       0.0323540244026461    
360                    4.19043185662335e-05   0.0100127544766609     0.0323371505920425    
361                    4.17728318759778e-05   0.00994905959265886    0.0323176253884869    
362                    4.16451894301738e-05   0.00988518704316613    0.0322947023055017    
363                    4.15203834577943e-05   0.00982119940208722    0.032268116280821     
364                    4.13972864795897e-05   0.00975714930587423    0.0322378931036068    
365                    4.12745593271169e-05   0.00969308330688168    0.032204073144744     
366                    4.11513435847307e-05   0.00962903373735987    0.0321666644323783    
367                    4.10275431129585e-05   0.00956502710963663    0.0321254655596089    
368                    4.09034654236988e-05   0.00950107343016121    0.0320800908438377    
369                    4.07794588580426e-05   0.00943719741123951    0.0320302312407497    
370                    4.0655579042869e-05    0.00937342887264458    0.0319756507968956    
371                    4.05316606116608e-05   0.00930980745606762    0.0319160723233807    
372                    4.04072714094769e-05   0.00924638194364529    0.0318512248701483    
373                    4.02818165601783e-05   0.00918315635767588    0.0317808973114987    
374                    4.01537753665888e-05   0.00912014094498609    0.0317049525784013    
375                    4.00186550200958e-05   0.00905732907201561    0.0316233087829553    
376                    3.98794153606486e-05   0.00899471776052804    0.0315359135053824    
377                    3.97369182136595e-05   0.00893231556097482    0.0314427302075461    
378                    3.95914951728712e-05   0.008870119624551      0.0313437328753472    
379                    3.94433314186928e-05   0.0088081212735361     0.031238898033768     
380                    3.92925169700477e-05   0.00874630645260778    0.0311281884159894    
381                    3.91390926449272e-05   0.00868466911860559    0.0310115556149293    
382                    3.89831091861491e-05   0.00862319778264357    0.0308889416062296    
383                    3.88246508927107e-05   0.00856191812927033    0.0307602815625589    
384                    3.86636998332735e-05   0.00850078681047046    0.030625502738385     
385                    3.85001245107023e-05   0.00843976831504684    0.0304845226615767    
386                    3.83336359674438e-05   0.00837893544647106    0.0303372424594732    
387                    3.81639696655865e-05   0.00831846518592158    0.0301835666954148    
388                    3.79908617862893e-05   0.00825863724162881    0.0300233917441634    
389                    3.78125835684675e-05   0.00820082226371149    0.0298565764309818    
390                    3.76262456435464e-05   0.00814597241235276    0.0296829810376857    
391                    3.74334718364901e-05   0.0080941863411103     0.0295024710553151    
392                    3.72364277418773e-05   0.00804565143082479    0.0293149065604285    
393                    3.70363299799784e-05   0.00800073913256167    0.0291201412402134    
394                    3.68336353731447e-05   0.00795997609411614    0.0289180095787834    
395                    3.66284315794357e-05   0.00792358459799705    0.0287083416794485    
396                    3.64207113959142e-05   0.00789218514849426    0.0284909669424151    
397                    3.62104223574731e-05   0.00786646860424061    0.0282656816100089    
398                    3.59975233244656e-05   0.00784723849099253    0.0280323505617813    
399                    3.57820015737643e-05   0.00783523347776764    0.0277906837216435    
400                    3.55638757156529e-05   0.00783092017402409    0.0275404015349843    
401                    3.53430222063142e-05   0.00783364248982239    0.0272810495616551    
402                    3.51191700309442e-05   0.00784140207882       0.027012083254293     
403                    3.48896453523255e-05   0.0078538347676626     0.0267328186443766    
404                    3.4651630222661e-05    0.00787171484389658    0.0264423917771965    
405                    3.44045099720264e-05   0.0078958988913659     0.026139725615308     
406                    3.41497309397411e-05   0.00792707063103299    0.0258234440539341    
407                    3.38895905941503e-05   0.00796371658024928    0.0254918240455296    
408                    3.36263005591166e-05   0.00799820794941926    0.0251426867629591    
409                    3.3361627690898e-05    0.00803461082621716    0.0247733185280635    
410                    3.30968004819869e-05   0.0080747681438843     0.0243803755352735    
411                    3.2832640879467e-05    0.00811935882923684    0.0239598436300155    
412                    3.25696582013711e-05   0.00816865253694599    0.0235069171104966    
413                    3.23081397304341e-05   0.00822270686718118    0.0230159738465194    
414                    3.20482251815007e-05   0.00827821887170763    0.0224807899380747    
415                    3.17899920923323e-05   0.00833436124417946    0.0218946117108436    
416                    3.1533503649014e-05    0.00839150061351102    0.0212510844944101    
417                    3.12788457430026e-05   0.00844905848455004    0.0205443623925107    
418                    3.10272018560592e-05   0.00850594197597643    0.019770456043865     
419                    3.07806027735608e-05   0.00856131553446015    0.0189274574614267    
420                    3.05390155287949e-05   0.00861442416297977    0.0180179570402762    
421                    3.03018073640673e-05   0.00866268316156736    0.0170457288625159    
422                    3.00684441806496e-05   0.00870549936111625    0.0160248529691194    
423                    2.98386295638437e-05   0.00874155586947554    0.0149707133827737    
424                    2.9612253048684e-05    0.00876987383355688    0.0139128727892294    
425                    2.9388279231209e-05    0.00878922691665241    0.0128670423794741    
426                    2.91668115678343e-05   0.00880084564678144    0.0118280996827895    
427                    2.89482492001579e-05   0.00880466209003566    0.0108146612504866    
428                    2.87331535536843e-05   0.00879984040826989    0.00985655871719757   
429                    2.85219766918149e-05   0.00878553820715102    0.00897319338398303   
430                    2.83149037455913e-05   0.00876088335846087    0.00823671303633983   
431                    2.81120244215789e-05   0.00872591106774384    0.00767648031311571   
432                    2.79134881996499e-05   0.00868093734162769    0.00730881713227674   
433                    2.77194372063877e-05   0.00862759785138649    0.00712474476750675   
434                    2.75298973001696e-05   0.00856723552674505    0.00709464943162541   
435                    2.73447714797719e-05   0.00850119668155859    0.00718337585152143   
436                    2.71639098591286e-05   0.00843053085539212    0.00735380311878045   
437                    2.69872089856402e-05   0.00835564704316537    0.0075858624337479    
438                    2.6814630852677e-05    0.00827735669754812    0.00785193266637118   
439                    2.66461688211192e-05   0.00819658343291986    0.00813696224165553   
440                    2.64818116255751e-05   0.00811444204520552    0.00843088856156637   
441                    2.63215297806181e-05   0.00803182757923119    0.00873620474424363   
442                    2.61652797229593e-05   0.00794962657524544    0.009048523071382     
443                    2.60130262879587e-05   0.00786867981811908    0.00936500105157111   
444                    2.58647527365416e-05   0.00778902829686536    0.00968780345040559   
445                    2.5720443950687e-05    0.00771139235393001    0.0100149210707256    
446                    2.5580075061786e-05    0.0076362205163564     0.0103447270376078    
447                    2.54435935180385e-05   0.00756382088043092    0.0106753722333035    
448                    2.53109284026847e-05   0.00749447724826192    0.011004248252208     
449                    2.51819682316061e-05   0.00742857610783689    0.0113292670366693    
450                    2.50565758290171e-05   0.00736888052414018    0.0116481891165467    
451                    2.49346062158196e-05   0.00731397014598224    0.011958678970253     
452                    2.48158994269918e-05   0.00726350575667388    0.0122588842579396    
453                    2.47002983638893e-05   0.00721715680023126    0.0125470707755848    
454                    2.45876374606584e-05   0.00717512420820317    0.0128217366241843    
455                    2.4477732057336e-05    0.00713749212335258    0.0130810258749781    
456                    2.4370395591904e-05    0.00710301439486614    0.0133233040591457    
457                    2.42654132960342e-05   0.00707182156537347    0.0135474830546577    
458                    2.41625857437513e-05   0.00704429001537072    0.0137525354326814    
459                    2.40617416478912e-05   0.00702031831434481    0.013938085461469     
460                    2.39627017089953e-05   0.0069996309235164     0.01410380184139      
461                    2.38652527354686e-05   0.0069820115263416     0.0142496944047648    
462                    2.37691725161321e-05   0.00696729137950965    0.0143759174101925    
463                    2.36742202945937e-05   0.0069553626432826     0.0144827657459426    
464                    2.35801333643274e-05   0.00694475609742299    0.0145707835243679    
465                    2.34866436412484e-05   0.00693277488036406    0.0146407097809177    
466                    2.33935002470535e-05   0.00692215486536146    0.0146933816590952    
467                    2.33004934182229e-05   0.00691368613084685    0.0147297468387822    
468                    2.32074683599733e-05   0.0069075400873223     0.0147508359768605    
469                    2.31143302550764e-05   0.00690375107568006    0.0147576417223425    
470                    2.30210317794475e-05   0.00690229178080221    0.014751187965614     
471                    2.29275420054025e-05   0.00690310869052806    0.0147324713755428    
472                    2.28338628317247e-05   0.006906140202775      0.014703179692619     
473                    2.27400880546764e-05   0.00691132224975059    0.014664350016613     
474                    2.26466314022166e-05   0.00691489391171472    0.0146162014136606    
475                    2.25540067816582e-05   0.00691808647485452    0.0145595061504672    
476                    2.24621025156186e-05   0.00692190120775096    0.0144950289680872    
477                    2.23706528322997e-05   0.00692695743286163    0.0144235570117509    
478                    2.22794670514949e-05   0.0069335962348911     0.0143453952420504    
479                    2.21884616439028e-05   0.00694195450672323    0.0142606996600979    
480                    2.20976312237305e-05   0.00695204802322297    0.0141705233427703    
481                    2.20070169994875e-05   0.00696387605987584    0.0140758393926158    
482                    2.19166850970892e-05   0.00697700355717994    0.013977550857022     
483                    2.18267189047308e-05   0.00699035645571107    0.0138760773671925    
484                    2.17372105443941e-05   0.00700391805838586    0.0137702323334174    
485                    2.16482646988966e-05   0.00701790850729523    0.013661842241674     
486                    2.15599992142451e-05   0.0070325151599168     0.0135521793726646    
487                    2.14725527988144e-05   0.00704783089427219    0.0134422043697       
488                    2.13860606187616e-05   0.00706395227632376    0.0133322180597598    
489                    2.13006284180202e-05   0.0070810360292665     0.0132226161131016    
490                    2.12163354706947e-05   0.00709895871216334    0.013114390969023     
491                    2.11332354589191e-05   0.00711734630368404    0.013008515562124     
492                    2.1051360765691e-05    0.00713601415288406    0.0129056463048801    
493                    2.09707360614131e-05   0.00715491708346098    0.012806336188842     
494                    2.08913864219822e-05   0.00717405134664572    0.0127112080045016    
495                    2.08133488874753e-05   0.00719339179179322    0.01262088009623      
496                    2.07367009790883e-05   0.00721284629718989    0.012535876198001     
497                    2.06615929294702e-05   0.00723219931945991    0.0124565837586702    
498                    2.05882658514514e-05   0.00725119818826084    0.0123832911882262    
499                    2.05164404125425e-05   0.0072698077454207     0.0123161775106545    
500                    2.04460948940117e-05   0.00728788867819099    0.0122552735168799    
501                    2.03772660185194e-05   0.00730559900216364    0.012200539814265     
502                    2.03093924101878e-05   0.0073232392247059     0.0121518576884784    
503                    2.02423756745038e-05   0.00734112239171305    0.0121090261885248    
504                    2.01759936878927e-05   0.00735947687265766    0.0120717973654995    
505                    2.01110025602064e-05   0.00737805088263248    0.0120398545400327    
506                    2.00479716787559e-05   0.00739680679577376    0.0120128951313505    
507                    1.99865195066184e-05   0.00741574728974854    0.0119906410631105    
508                    1.99258529471631e-05   0.00743457149083635    0.0119727757204914    
509                    1.98645857207429e-05   0.00745321408559621    0.0119590359631064    
510                    1.98052005825388e-05   0.00747146745099092    0.0119491383321158    
511                    1.97478005238342e-05   0.00748941848585008    0.0119428439443795    
512                    1.96924139811948e-05   0.0075070230457506     0.0119399157796421    
513                    1.96394742622658e-05   0.00752413494022027    0.0119401249643824    
514                    1.95892178442522e-05   0.00754074959964915    0.0119432661664603    
515                    1.95416446510914e-05   0.00755683810276793    0.0119491495868906    
516                    1.94968809150453e-05   0.00757228875086315    0.011957598033609     
517                    1.94550306278653e-05   0.00758701805816678    0.0119684526445567    
518                    1.94159654684562e-05   0.00760104940811413    0.0119815742639947    
519                    1.93794765972431e-05   0.00761437028115754    0.0119968388957142    
520                    1.93457375833336e-05   0.00762687125721442    0.0120141341422297    
521                    1.93148909740061e-05   0.00763852297470218    0.0120333649766122    
522                    1.92868297014508e-05   0.00764935205591535    0.0120544519812817    
523                    1.92614755642583e-05   0.0076593556880106     0.0120773273265635    
524                    1.92388418063689e-05   0.00766852480087675    0.0121019343077214    
525                    1.92189457898826e-05   0.00767685292910628    0.0121282266579275    
526                    1.92018825549857e-05   0.00768430717064911    0.0121561667806309    
527                    1.91877811582611e-05   0.00769086035568006    0.0121857259478246    
528                    1.91765624720437e-05   0.00769654668769351    0.0122168830227339    
529                    1.91688507675271e-05   0.00770118783862535    0.0122496141990432    
530                    1.91650064017009e-05   0.00770482125338521    0.0122839101680479    
531                    1.91637490799764e-05   0.00770752973658402    0.0123197640985822    
532                    1.9165266202337e-05    0.00770927003664117    0.0123571778363149    
533                    1.91686550983407e-05   0.00771013449861358    0.0123961464012698    
534                    1.91744778947146e-05   0.0077100488329387     0.0124366674201105    
535                    1.91820101662228e-05   0.007709028329506      0.0124787669608006    
536                    1.91902352973032e-05   0.00770715552522693    0.0125224594207969    
537                    1.91986067111588e-05   0.00770456993677405    0.0125677554514016    
538                    1.92071516183975e-05   0.00770138455025811    0.0126146645058156    
539                    1.9216217651228e-05    0.00769769658365554    0.0126631958640444    
540                    1.92261534598295e-05   0.00769359211761082    0.012713358124637     
541                    1.92371593505183e-05   0.0076891438135953     0.0127651597783256    
542                    1.92492993272441e-05   0.0076844076837192     0.0128186091700656    
543                    1.92625542041649e-05   0.00767942772976006    0.0128737131968778    
544                    1.92768684900441e-05   0.0076742405907478     0.0129304772824923    
545                    1.9292176332167e-05    0.00766887900423109    0.0129889063274776    
546                    1.93083896738582e-05   0.00766337316201088    0.0130490042446692    
547                    1.93246994695763e-05   0.00765775652701083    0.0131107723297152    
548                    1.9339486602706e-05    0.00765206867795595    0.0131742095169092    
549                    1.93514945475583e-05   0.00764634889534222    0.0132393143177916    
550                    1.93604535021894e-05   0.00764063593662965    0.0133060837720929    
551                    1.93668753222413e-05   0.00763496764239615    0.0133745129995275    
552                    1.93718716734991e-05   0.00762933064851021    0.0134446028224432    
553                    1.93756175923316e-05   0.00762382356650007    0.0135163538914541    
554                    1.93785279761302e-05   0.00761846759240379    0.0135897576654615    
555                    1.93810999340892e-05   0.00761328494685341    0.013664797783087     
556                    1.93834526530593e-05   0.00760831433549187    0.0137414571999053    
557                    1.93855676275504e-05   0.00760359385107726    0.0138197208131795    
558                    1.93876085139922e-05   0.00759915072691693    0.0138995706289528    
559                    1.93898446925229e-05   0.00759500970087107    0.0139809858583133    
560                    1.9392486866257e-05    0.00759119933990271    0.0140639435670672    
561                    1.93956724939933e-05   0.00758774883947243    0.0141484191145741    
562                    1.93995032963969e-05   0.00758468336301829    0.0142343865955788    
563                    1.94040579384345e-05   0.00758202431701423    0.0143218175867631    
564                    1.9409392119633e-05    0.00757979035760394    0.0144106807280664    
565                    1.94155466393458e-05   0.00757799876318523    0.0145009436738192    
566                    1.94225463677611e-05   0.00757666657817529    0.014592572691733     
567                    1.94303780252752e-05   0.00757581096013762    0.0146855316625978    
568                    1.94389493167769e-05   0.00757544762927601    0.0147797820436263    
569                    1.94480785832038e-05   0.00757558921539874    0.0148752827853612    
570                    1.94575186082686e-05   0.0075762454508142     0.0149719905798519    
571                    1.9467003637304e-05    0.00757742452601682    0.0150698614074779    
572                    1.94762939210216e-05   0.00757913329594688    0.0151688485559002    
573                    1.94851991444616e-05   0.00758137742021201    0.0152689038250791    
574                    1.9493588280961e-05    0.00758416020653269    0.0153699788397317    
575                    1.95013893029608e-05   0.0075874835904126     0.0154720249996712    
576                    1.95085637404709e-05   0.00759134780691987    0.0155749933259166    
577                    1.95151172912624e-05   0.00759575070911452    0.0156788356001353    
578                    1.95210905954748e-05   0.00760068874437846    0.0157835026297723    
579                    1.95265332592484e-05   0.00760615636165558    0.0158889463808663    
580                    1.95314985482836e-05   0.00761214643447339    0.0159951190024049    
581                    1.95360343571788e-05   0.00761865038077506    0.0161019737110444    
582                    1.95401858883517e-05   0.00762566335775371    0.0162094653717146    
583                    1.95439883477153e-05   0.00763318056602859    0.0163175505019757    
584                    1.95474708573783e-05   0.00764119577469886    0.0164261854993035    
585                    1.95506497213722e-05   0.00764970292317911    0.0165353265255114    
586                    1.95535271233837e-05   0.0076586959428196     0.016644930710552     
587                    1.95560939152607e-05   0.00766816584817534    0.0167549588328976    
588                    1.95583343639101e-05   0.00767810637195179    0.0168653735688334    
589                    1.95602291188283e-05   0.00768851266424208    0.0169761379396098    
590                    1.95617602703788e-05   0.00769937860957787    0.0170872158072831    
591                    1.95629031744705e-05   0.00771069830220067    0.0171985721394068    
592                    1.95636132785555e-05   0.00772246645386202    0.0173101764799338    
593                    1.95638403987003e-05   0.00773467709012822    0.0174220002102747    
594                    1.95635209762095e-05   0.00774732305754054    0.0175340151394635    
595                    1.95625550799996e-05   0.00776039897816193    0.0176461937112436    
596                    1.9560819481825e-05    0.00777390059135797    0.0177585107697217    
597                    1.95581953350407e-05   0.00778781499411116    0.0178709480119658    
598                    1.95543584788116e-05   0.00780214272419195    0.0179834845625544    
599                    1.95485002614599e-05   0.0078168895982746     0.018096099146263     
600                    1.95408901776925e-05   0.00783205970028845    0.0182087736574995    
601                    1.9532301710152e-05    0.00784765717147685    0.0183214934267305    
602                    1.95227612238275e-05   0.00786368643372694    0.0184342426907094    
603                    1.95118235606042e-05   0.00788015350100316    0.0185470091219886    
604                    1.95008249410736e-05   0.00789706206172058    0.0186597306550208    
605                    1.94910820813191e-05   0.00791437757381773    0.0187724006211944    
606                    1.94818352319806e-05   0.00793209044849332    0.0188850032698237    
607                    1.94716273723714e-05   0.00795021340708948    0.0189975322170668    
608                    1.94596556925679e-05   0.00796875515068326    0.0191099939913613    
609                    1.94458587469592e-05   0.00798772194171955    0.0192224001583498    
610                    1.94303135896717e-05   0.00800712412976353    0.0193347473906576    
611                    1.94129215527676e-05   0.00802697755886011    0.0194470240407994    
612                    1.93934212145311e-05   0.00804730063423235    0.0195592277046616    
613                    1.93715362628707e-05   0.00806811132129068    0.0196713704868276    
614                    1.93470732184953e-05   0.00808942499806133    0.01978346252636      
615                    1.93198957642233e-05   0.00811125425559207    0.0198955026400669    
616                    1.92898088465742e-05   0.00813361171413       0.0200074877496052    
617                    1.92563482922189e-05   0.00815651236283331    0.0201194247986099    
618                    1.92187410695714e-05   0.00817997362253593    0.0202313291515202    
619                    1.91760838136319e-05   0.00820400675472593    0.0203432084526188    
620                    1.91275612966187e-05   0.0082286221155214     0.0204550627661016    
621                    1.90725367772849e-05   0.00825382920309514    0.020566895549446     
622                    1.90101195145601e-05   0.00827962809889091    0.0206787539728657    
623                    1.89394367751404e-05   0.00830602481495425    0.0207906453363803    
624                    1.88604511656159e-05   0.00833302733655683    0.0209025738266882    
625                    1.87735646230863e-05   0.00836063927814105    0.0210145410479217    
626                    1.86791918137591e-05   0.0083888620607162     0.0211265563136791    
627                    1.85776021265335e-05   0.00841769351768546    0.0212386315514439    
628                    1.84689208654044e-05   0.00844712269795855    0.0213507713630983    
629                    1.83531890911117e-05   0.00847713589573345    0.0214629738253968    
630                    1.82304176840112e-05   0.00850771473970355    0.021575240642759     
631                    1.81030748262592e-05   0.00853880038544368    0.0216875763555091    
632                    1.79718620411361e-05   0.00857035066675039    0.0217999763965498    
633                    1.78355615009923e-05   0.0086023628015636     0.0219124308991644    
634                    1.76929008294534e-05   0.00863483199981864    0.0220249351122416    
635                    1.75432809417907e-05   0.00866774492075703    0.0221374876997853    
636                    1.73869390437845e-05   0.00870108587994561    0.0222500783757465    
637                    1.72246480478704e-05   0.00873483567594507    0.0223626853695542    
638                    1.70572224714962e-05   0.00876897539091093    0.0224752894554315    
639                    1.68852929357748e-05   0.00880348702505796    0.0225878730598659    
640                    1.67097242838462e-05   0.008838347953359      0.0227003835094519    
641                    1.65313960325195e-05   0.00887353817410234    0.022812787952548     
642                    1.63507485624485e-05   0.00890903302814357    0.022925053563004     
643                    1.61683212744461e-05   0.00894480485411401    0.0230371451079541    
644                    1.5984885121008e-05    0.0089808232985813     0.0231490235575957    
645                    1.58013309855744e-05   0.00901706175196601    0.023260657471235     
646                    1.56185533491867e-05   0.00905349718629592    0.0233720267184275    
647                    1.54373673253306e-05   0.00909010875218201    0.0234831204396394    
648                    1.52583548569965e-05   0.00912688230875597    0.0235939499075167    
649                    1.50815670014097e-05   0.00916381516047914    0.0237045614458001    
650                    1.49060232111101e-05   0.00920091398185653    0.0238150312296782    
651                    1.47283842783169e-05   0.00923819706266548    0.0239254726406282    
652                    1.4542883867322e-05    0.00927569503755165    0.0240360367432341    
653                    1.4341704708918e-05    0.00931344220049793    0.0241468844712746    
654                    1.41151308620586e-05   0.00935146727048558    0.0242581586053053    
655                    1.38516790504771e-05   0.00938978883364685    0.0243699694985654    
656                    1.35386600487931e-05   0.00942840551040578    0.0244823673407604    
657                    1.31638569280658e-05   0.00946727596633253    0.0245952841542663    
658                    1.27194961053298e-05   0.00950634156608542    0.0247085438439284    
659                    1.2203618942636e-05    0.0095454667078203     0.0248218650655499    
660                    1.16219235423428e-05   0.00958449955917758    0.0249348651092801    
661                    1.09903464762882e-05   0.00962328692371723    0.0250471609640207    
662                    1.03284933359271e-05   0.0096617094892852     0.0251584563218299    
663                    9.65399578264494e-06   0.00969971797379213    0.0252686559350492    
664                    8.98082734224942e-06   0.00973732525486938    0.0253778446668601    
665                    8.32067582912915e-06   0.00977458776623071    0.0254862316139974    
666                    7.68497848267041e-06   0.00981157794659756    0.0255940781610889    
667                    7.08444409737944e-06   0.00984836072182242    0.0257016210701626    
668                    6.52920266954015e-06   0.00988497310801722    0.0258090196003574    
669                    6.02775817443129e-06   0.00992141597853469    0.025916333971464     
670                    5.58463175055227e-06   0.00995766066656338    0.0260235483738053    
671                    5.20153198560086e-06   0.00999366437352421    0.0261306127376825    
672                    4.87820011728789e-06   0.0100293831626478     0.0262374751328091    
673                    4.6129769925568e-06    0.0100647794712522     0.0263440989951926    
674                    4.40320852207636e-06   0.0100998245791515     0.0264504680070402    
675                    4.24563230599113e-06   0.0101344973641098     0.0265565841360425    
676                    4.13667602153147e-06   0.0101687794943846     0.0266624579279157    
677                    4.07267848275239e-06   0.0102026538185184     0.0267680991563567    
678                    4.04587739916603e-06   0.0102361111056419     0.0268735150961142    
679                    4.05280238483839e-06   0.010269133714578      0.0269787098010886    
680                    4.09267636130938e-06   0.0103017039486994     0.0270836842810705    
681                    4.1627171472952e-06    0.0103338057691286     0.0271884358370541    
682                    4.25986578655762e-06   0.0103654227424142     0.0272929577828602    
683                    4.38322560778249e-06   0.0103965372713414     0.0273972410998549    
684                    4.52959939688277e-06   0.0104271304423386     0.0275012743107052    
685                    4.69461695368412e-06   0.010457252131201      0.0276050148259154    
686                    4.8739656588646e-06    0.0104869236732804     0.0277084406941484    
687                    5.06357186128977e-06   0.010516087848332      0.0278115206642744    
688                    5.25975200167454e-06   0.0105447012523458     0.027914213711487     
689                    5.45931583865885e-06   0.0105727526782593     0.028016480060384     
690                    5.65940151757014e-06   0.0106002252233606     0.028118276330182     
691                    5.85736868838232e-06   0.0106270891212461     0.0282195553606152    
692                    6.05087262923783e-06   0.0106533135273637     0.0283202675011616    
693                    6.23793256230446e-06   0.0106788673370917     0.0284203530883418    
694                    6.41700527518708e-06   0.0107037203384049     0.0285197536800301    
695                    6.58600044427441e-06   0.0107278423655898     0.028618407040983     
696                    6.74145002957509e-06   0.0107512077019414     0.0287162524701998    
697                    6.87976400000606e-06   0.010773795076629      0.0288132323951149    
698                    6.9985896790526e-06    0.0107955863561672     0.0289092958685038    
699                    7.09739793392004e-06   0.0108165656768793     0.029004399399303     
700                    7.17740613750883e-06   0.0108367202919678     0.0290985052498512    
701                    7.24099511840093e-06   0.0108560419928633     0.0291915837679424    
702                    7.2907914310374e-06    0.0108745271760996     0.0292836143026674    
703                    7.32890470963834e-06   0.0108921750593332     0.029374584454071     
704                    7.3568547233015e-06    0.0109089865339932     0.0294644896087858    
705                    7.37592363104074e-06   0.0109249640964539     0.029553330805617     
706                    7.38748904335881e-06   0.0109401121360078     0.0296411139981319    
707                    7.39313706456557e-06   0.0109544366027669     0.0297278506239043    
708                    7.39461485918704e-06   0.0109679441160198     0.0298135564234524    
709                    7.39366668555726e-06   0.0109806414936918     0.0298982522522724    
710                    7.39190250185787e-06   0.0109925334551887     0.0299819632017682    
711                    7.39073642024251e-06   0.0110036213116026     0.0300647199166948    
712                    7.39136024080229e-06   0.0110139052860769     0.0301465598653353    
713                    7.39476509717305e-06   0.0110233863030656     0.0302275293269411    
714                    7.40175837299084e-06   0.0110320665195865     0.0303076855462512    
715                    7.41295532296573e-06   0.0110399490739808     0.0303871007826662    
716                    7.42886817934135e-06   0.0110470361709498     0.0304658650665448    
717                    7.44998884616514e-06   0.0110533278383826     0.0305440901610167    
718                    7.47675446516979e-06   0.0110588224188051     0.0306219135195052    
719                    7.50950234287839e-06   0.011063516253993      0.0306995017244407    
720                    7.54850173760918e-06   0.0110674025117082     0.0307770513537351    
721                    7.59308843492849e-06   0.0110704695299627     0.0308547835482284    
722                    7.64253984881015e-06   0.0110726993261828     0.0309329342868331    
723                    7.69679146182174e-06   0.0110740662491071     0.0310117329177429    
724                    7.75638751167703e-06   0.011074537235662      0.0310913693523705    
725                    7.82189808026388e-06   0.0110740740898105     0.0311719096909603    
726                    7.88135265006035e-06   0.0110726680368274     0.0312423064412118    
727                    7.95060272978379e-06   0.0110703595885036     0.031316815590208     
728                    8.01231843105504e-06   0.0110674667215208     0.0313813172395517    
729                    8.07823592356138e-06   0.0110637711256774     0.0314461340570625    
730                    8.14660938030134e-06   0.0110593011632951     0.0315103476652499    
731                    8.21639169689854e-06   0.0110540721088954     0.0315737487149248    
732                    8.28673213500922e-06   0.0110480977501268     0.0316362551158115    
733                    8.3569782615505e-06    0.0110413922755882     0.0316978264656136    
734                    8.42671300116914e-06   0.0110339712848642     0.0317584392625066    
735                    8.49574841644427e-06   0.0110258519793302     0.03181807786216      
736                    8.56407843988865e-06   0.0110170538086424     0.0318767293135318    
737                    8.63181912450553e-06   0.011007599146032      0.0319343791944997    
738                    8.69913905687395e-06   0.0109975107262072     0.0319910184010917    
739                    8.76620590253019e-06   0.0109868078412205     0.0320466379833651    
740                    8.83316359989753e-06   0.0109755109003683     0.03210122893671      
741                    8.90012170009893e-06   0.0109636437583484     0.0321547818180911    
742                    8.96715321812867e-06   0.0109512343746184     0.032207286895091     
743                    9.03429133926098e-06   0.0109383140915249     0.0322587348526405    
744                    9.10152596700718e-06   0.0109249177854266     0.0323091151438797    
745                    9.16878413489821e-06   0.0109110831035905     0.0323584172630046    
746                    9.23591186943114e-06   0.0108968499516754     0.0324066294079771    
747                    9.30292378234204e-06   0.0108823236003118     0.0324536995888537    
748                    9.36982882907335e-06   0.0108675610415889     0.0324996031297841    
749                    9.4364350748649e-06    0.0108526035224305     0.0325443091801797    
750                    9.50241589075151e-06   0.0108374536006744     0.0325877892360236    
751                    9.56737186317609e-06   0.0108221272077482     0.0326300212090207    
752                    9.63088713878208e-06   0.0108066690970855     0.0326709866876322    
753                    9.69260171022719e-06   0.010791125538404      0.032710666090038     
754                    9.7522458951706e-06    0.0107755323992137     0.0327490360407373    
755                    9.80962259929855e-06   0.0107599218679856     0.0327860682218648    
756                    9.86456973937213e-06   0.0107443307717273     0.0328217262373181    
757                    9.91694321317555e-06   0.0107288082002412     0.0328559527426906    
758                    9.96659713672489e-06   0.0107134355750609     0.0328886297991763    
759                    1.00144715364491e-05   0.0106976769858486     0.0329208579590048    
760                    1.00598864667505e-05   0.0106819938340924     0.0329516966551687    
761                    1.01034456807765e-05   0.0106666538444635     0.0329807553289912    
762                    1.01447527437893e-05   0.0106512088680669     0.0330087293881545    
763                    1.01837034814263e-05   0.0106356773523682     0.0330355432961283    
764                    1.0220468477902e-05    0.0106200725736385     0.0330611289454776    
765                    1.02554304907428e-05   0.0106044026543337     0.0330854210104295    
766                    1.02890788746651e-05   0.0105886687457514     0.0331083561904446    
767                    1.03219032526519e-05   0.0105728666214162     0.0331298695466975    
768                    1.03543292703648e-05   0.0105569862429357     0.0331498921059915    
769                    1.03866916784845e-05   0.0105410152191143     0.0331683472707078    
770                    1.04192389510807e-05   0.0105249422159734     0.0331851482856213    
771                    1.0452151009639e-05    0.0105087588956543     0.0332001991147175    
772                    1.04855605358671e-05   0.0104924587447766     0.0332133996397457    
773                    1.05195473973484e-05   0.0104760450919738     0.0332246423840782    
774                    1.05541383030665e-05   0.0104595334516843     0.033233818225264     
775                    1.05893229615874e-05   0.0104429480955641     0.0332408268468255    
776                    1.06250913328087e-05   0.0104263073809667     0.0332455884621489    
777                    1.06614257234765e-05   0.0104096165998284     0.0332480426094827    
778                    1.0698198308481e-05    0.0103929001567065     0.0332481408323223    
779                    1.07352412271194e-05   0.0103761767100552     0.0332458566007284    
780                    1.07723822863126e-05   0.0103594564159211     0.0332411809014502    
781                    1.08094755025978e-05   0.0103427400933529     0.0332341166611175    
782                    1.08464070015265e-05   0.0103260275826178     0.033224678073252     
783                    1.08831186810046e-05   0.0103093135199048     0.0332128872100808    
784                    1.09196043392779e-05   0.010292588838817      0.0331987721213075    
785                    1.09559075903178e-05   0.0102758411514996     0.0331823647425092    
786                    1.09916616490161e-05   0.0102590060909827     0.0331637548862629    
787                    1.10270594082684e-05   0.0102419971894548     0.0331430082182318    
788                    1.1062300019774e-05    0.0102248448328804     0.0331201937697156    
789                    1.10975340588655e-05   0.0102075636319203     0.0330953715248524    
790                    1.11329078481196e-05   0.0101901323001454     0.0330685927545082    
791                    1.11685386610456e-05   0.0101725403011907     0.0330399191804499    
792                    1.120449950198e-05     0.0101547811304671     0.0330094139681543    
793                    1.12408179366034e-05   0.0101368474577972     0.0329771424227699    
794                    1.12775005373665e-05   0.0101187355495525     0.0329431738400147    
795                    1.13145679068154e-05   0.0101004427647906     0.0329075754280778    
796                    1.13520572671524e-05   0.0100819648791949     0.0328704160789654    
797                    1.1389996809575e-05    0.0100632947044341     0.0328317687414709    
798                    1.14283978480487e-05   0.0100444161566988     0.0327916979412101    
799                    1.14672382828298e-05   0.0100253166949355     0.0327502785360504    
800                    1.15064892635775e-05   0.0100059831399625     0.0327075850534384    
801                    1.15461270426668e-05   0.00998640164617905    0.032663688905448     
802                    1.15861114314248e-05   0.00996656112289024    0.0326186603619153    
803                    1.16263443892295e-05   0.0099464511021039     0.0325725688221439    
804                    1.1666689705791e-05    0.00992605958231477    0.0325254815173211    
805                    1.17070242336887e-05   0.00990537201784909    0.032477460240807     
806                    1.17472642422969e-05   0.00988437618684689    0.0324285695222195    
807                    1.17873784415802e-05   0.00986305829338129    0.0323788662437519    
808                    1.18273615709538e-05   0.00984140856249123    0.032328407316545     
809                    1.18672137170072e-05   0.00981942254088336    0.0322772482194502    
810                    1.19069222530338e-05   0.0097970975995242     0.0322254470381737    
811                    1.19464621663592e-05   0.00977443109384882    0.0321730593198874    
812                    1.19857984001388e-05   0.00975142102559188    0.0321201378243778    
813                    1.20248883398497e-05   0.00972806574397492    0.0320667305937228    
814                    1.20636779360288e-05   0.00970437869642535    0.0320128871016116    
815                    1.21020922863956e-05   0.00968036666573777    0.0319586567590584    
816                    1.21400427562075e-05   0.00965603361636079    0.0319040873871241    
817                    1.21774305720935e-05   0.00963138763555634    0.0318492250987915    
818                    1.22141514055931e-05   0.00960646631724418    0.0317941143843713    
819                    1.22500997235464e-05   0.00958129016198708    0.03173879904431      
820                    1.22851722180614e-05   0.0095558687996528     0.0316833209113548    
821                    1.23192766720048e-05   0.0095302265192591     0.0316277173506448    
822                    1.23523406552506e-05   0.00950439038003994    0.0315720290070237    
823                    1.2384305150562e-05    0.00947838707157296    0.0315162945534594    
824                    1.24151107216596e-05   0.00945224655813106    0.0314605526769156    
825                    1.24446940257897e-05   0.00942599810121291    0.0314048408678385    
826                    1.24729887408233e-05   0.00939967341952027    0.0313491952736597    
827                    1.24999292998994e-05   0.00937330961424781    0.0312936491685887    
828                    1.25254528125013e-05   0.00934694911403263    0.031238236085408     
829                    1.25495023866511e-05   0.00932063694088152    0.0311829881697401    
830                    1.25720296547877e-05   0.00929442020036723    0.0311279365948951    
831                    1.25929953850131e-05   0.009268347271773      0.0310731113405485    
832                    1.2612369101306e-05    0.00924245634139095    0.031018540450018     
833                    1.26301081573631e-05   0.00921677386790435    0.0309642505286298    
834                    1.26461826904291e-05   0.00919132164056969    0.0309102666162106    
835                    1.26605824621489e-05   0.00916612612542193    0.0308566137725203    
836                    1.26731106519226e-05   0.00914124572870461    0.0308032649766979    
837                    1.26835069838164e-05   0.0091167367614629     0.0307502015925517    
838                    1.26916978051338e-05   0.00909265837857739    0.0306974446955543    
839                    1.26978052621753e-05   0.00906907252672392    0.0306450134641544    
840                    1.27020007670428e-05   0.00904604116864126    0.0305929237137606    
841                    1.2704435659908e-05    0.00902362347226504    0.030541193884481     
842                    1.27052262883987e-05   0.00900187764606802    0.0304898402247967    
843                    1.2704460238575e-05    0.00898086026094945    0.0304388716158721    
844                    1.27022082403859e-05   0.00896062182833276    0.0303883009943094    
845                    1.26985318599096e-05   0.00894119983527367    0.0303381375769337    
846                    1.26934889826251e-05   0.00892261997440708    0.030288389433512     
847                    1.26871378875031e-05   0.00890489851313959    0.0302390602329218    
848                    1.2679539506345e-05    0.0088880506221996     0.0301901522850524    
849                    1.26707572218871e-05   0.00887209433232099    0.0301416673620198    
850                    1.26608557698877e-05   0.00885704853981738    0.0300936053033043    
851                    1.26499000703841e-05   0.00884293186400199    0.030045964978084     
852                    1.26386000434734e-05   0.00882979270118829    0.0299987200804721    
853                    1.26270558901257e-05   0.00881760875353552    0.029951868049968     
854                    1.26152433167464e-05   0.00880638847900232    0.0299053847583049    
855                    1.26029583442504e-05   0.00879612413928137    0.0298592630044354    
856                    1.25903725032398e-05   0.00878697281134372    0.029814102960536     
857                    1.25770445719554e-05   0.00877865120471523    0.0297691123565061    
858                    1.25629566574314e-05   0.00877114051787471    0.0297242765105367    
859                    1.25481008152359e-05   0.00876442344649904    0.02967958520001      
860                    1.25324808811817e-05   0.00875847923370063    0.0296350303610127    
861                    1.25161134070281e-05   0.00875328155313585    0.0295905996658411    
862                    1.24990241595769e-05   0.00874880105521852    0.0295462813921072    
863                    1.24812407171334e-05   0.00874500900164082    0.0295020610959747    
864                    1.24627896437656e-05   0.00874187878453038    0.0294579238202998    
865                    1.24437018560676e-05   0.0087393851563756     0.02941385398493      
866                    1.24240174686824e-05   0.00873750206679175    0.0293698351914224    
867                    1.24037858978626e-05   0.00873620113254175    0.0293258502570826    
868                    1.23830627316304e-05   0.00873545152423629    0.0292818815298045    
869                    1.23618972174467e-05   0.00873522021208756    0.0292379109548579    
870                    1.23403389307048e-05   0.00873547242402678    0.0291939202000419    
871                    1.23184371109618e-05   0.00873617222061244    0.0291498908463122    
872                    1.22962393602138e-05   0.00873728303505392    0.0291058047363386    
873                    1.22737939397967e-05   0.0087387681451634     0.0290616439766102    
874                    1.22511524603274e-05   0.00874059092148021    0.0290173912077386    
875                    1.22283709857629e-05   0.00874271531740817    0.0289730296251209    
876                    1.22054912026929e-05   0.00874510513913578    0.0289285430384936    
877                    1.21825434383392e-05   0.00874772405619987    0.0288839161873871    
878                    1.21595727798887e-05   0.00875053553797478    0.0288391348272319    
879                    1.21366523857361e-05   0.00875350226959924    0.0287941858202115    
880                    1.21138784009755e-05   0.00875658686512026    0.0287490572436067    
881                    1.20913572609913e-05   0.00875975204229923    0.0287037386698724    
882                    1.20691938728658e-05   0.0087629610445253     0.0286582217422497    
883                    1.20474847139853e-05   0.00876617832743039    0.0286124987961528    
884                    1.202631445182e-05     0.00876937002452074    0.0285665638300513    
885                    1.20057287464602e-05   0.00877250441053363    0.0285204124687665    
886                    1.19857440132019e-05   0.00877555222289208    0.0284740421232474    
887                    1.19663714761179e-05   0.00877848686944152    0.0284274523436408    
888                    1.19476295858409e-05   0.00878128453315681    0.0283806449103972    
889                    1.19295450767711e-05   0.00878392402213644    0.0283336226974301    
890                    1.19121498186155e-05   0.00878638670021748    0.0282863903125209    
891                    1.18954756996056e-05   0.00878865644982934    0.0282389541445295    
892                    1.18795503516239e-05   0.00879071952937201    0.0281913224749047    
893                    1.18643958094869e-05   0.0087925644422882     0.0281435053386334    
894                    1.18500286512587e-05   0.00879418163493123    0.028095516496888     
895                    1.1836458615545e-05    0.00879556348664047    0.0280473699307627    
896                    1.18236893474795e-05   0.0087967040529454     0.0279990813802001    
897                    1.18087546763812e-05   0.0087978440236729     0.0279397188366321    
898                    1.17954007463354e-05   0.00879850399494596    0.027882010905376     
899                    1.17834347733511e-05   0.00879873459283379    0.0278253735365721    
900                    1.17726810202952e-05   0.0087985679040934     0.0277695413117473    
901                    1.17630024573034e-05   0.00879802805348228    0.0277143722807325    
902                    1.17543131269492e-05   0.00879713466400475    0.0276597877648145    
903                    1.1746570499977e-05    0.00879590462078792    0.027605744516416     
904                    1.17397478742327e-05   0.00879435277313934    0.0275522177992964    
905                    1.17338103704391e-05   0.00879249229450437    0.0274991983474264    
906                    1.17287024457115e-05   0.00879033502203159    0.0274466864792089    
907                    1.17243498672002e-05   0.00878789175362624    0.0273946899865201    
908                    1.17206672583223e-05   0.00878517251427099    0.0273432214313158    
909                    1.17175636064406e-05   0.00878218681752753    0.0272922974215678    
910                    1.17149464277349e-05   0.00877894339821521    0.0272419363926931    
911                    1.17127254129875e-05   0.00877545032735898    0.0271921596111905    
912                    1.17108142637572e-05   0.00877171504229925    0.0271429905140621    
913                    1.17091318609794e-05   0.00876774445134899    0.0270944545206285    
914                    1.17076039563987e-05   0.00876354376210491    0.0270465771657481    
915                    1.17061808964743e-05   0.00875911956767746    0.0269993844492189    
916                    1.1704820969763e-05    0.00875447916689998    0.026952909872593     
917                    1.17034796089911e-05   0.00874962993778858    0.0269071850567474    
918                    1.17021019023775e-05   0.00874457895248742    0.0268622413201118    
919                    1.17006260627179e-05   0.00873933275187055    0.0268181093138671    
920                    1.16989948236766e-05   0.008733897539042      0.0267748199915216    
921                    1.16971635173908e-05   0.0087282791560636     0.0267324034672085    
922                    1.16951020740428e-05   0.00872248318452017    0.0266908891871194    
923                    1.16927932283866e-05   0.00871651503279532    0.0266503061098997    
924                    1.1690198130583e-05    0.0087103799505288     0.0266106826776265    
925                    1.16872211409181e-05   0.00870408320997258    0.026572046938904     
926                    1.16837485309711e-05   0.0086976299578373     0.0265344262510868    
927                    1.1679715402252e-05    0.00869102530838754    0.0264978472574497    
928                    1.16751252695803e-05   0.00868427439725323    0.0264623355045362    
929                    1.16700132283181e-05   0.00867738269560082    0.0264279162770587    
930                    1.16644206300609e-05   0.00867035639101531    0.0263946144059811    
931                    1.16585684693689e-05   0.00866319152772884    0.0263624367959126    
932                    1.16529117760731e-05   0.00865587170298791    0.026331397734137     
933                    1.16475135619314e-05   0.00864840125643685    0.0263015153637612    
934                    1.16421739162523e-05   0.00864078421226168    0.0262728073810993    
935                    1.16366811753105e-05   0.00863302419864235    0.0262452905313196    
936                    1.1630898863236e-05    0.0086251246582548     0.0262189807613134    
937                    1.16247608185771e-05   0.00861708887510605    0.0261938928525407    
938                    1.16182463297289e-05   0.00860891991882576    0.0261700401758038    
939                    1.1611361217609e-05    0.00860062072757634    0.0261474349621194    
940                    1.1604126675005e-05    0.00859219402866479    0.0261260880027576    
941                    1.15965738197755e-05   0.00858364237342955    0.0261060086394927    
942                    1.15888621913332e-05   0.0085749614010795     0.0260871954046742    
943                    1.15812527306717e-05   0.0085661393862841     0.0260696546477554    
944                    1.15737115260245e-05   0.00855718255746432    0.0260533932206647    
945                    1.15660631690284e-05   0.00854809656555679    0.0260384161522279    
946                    1.15581781269845e-05   0.00853888526615308    0.0260247266517856    
947                    1.1550018458014e-05    0.0085295517921738     0.0260123265041805    
948                    1.15416076880287e-05   0.00852009888085938    0.0260012159677394    
949                    1.15329919679476e-05   0.00851052892678545    0.0259913936578002    
950                    1.15242230408809e-05   0.00850084397180467    0.0259828565013524    
951                    1.151534817233e-05     0.0084910456964959     0.025975599678339     
952                    1.15064069492555e-05   0.00848113550334536    0.0259696166964467    
953                    1.14974311883018e-05   0.00847111451817686    0.0259648993718132    
954                    1.14884463038163e-05   0.00846098359838595    0.0259614378527679    
955                    1.14794738540556e-05   0.00845074335301644    0.0259592206475544    
956                    1.14705340129288e-05   0.00844039412704675    0.0259582346703655    
957                    1.14616464380169e-05   0.00842993603455072    0.025958465282135     
958                    1.14528314886946e-05   0.00841936900179044    0.0259598963278133    
959                    1.14441105550264e-05   0.00840869274935019    0.0259625101661421    
960                    1.14355057493059e-05   0.00839790679215769    0.0259662877214737    
961                    1.14270403159297e-05   0.00838701046256876    0.0259712085532502    
962                    1.14187376335245e-05   0.00837600292997281    0.0259772509134129    
963                    1.14106205522207e-05   0.00836488320919277    0.0259843918102065    
964                    1.1402712048778e-05    0.00835365017865885    0.0259926070627704    
965                    1.13950356517893e-05   0.0083423025877962     0.0260018713621526    
966                    1.13876193821715e-05   0.00833083907829396    0.0260121583318669    
967                    1.13804890724715e-05   0.00831925821404378    0.0260234405668006    
968                    1.1373655949668e-05    0.00830755847428115    0.0260356897202319    
969                    1.13671006604867e-05   0.00829573827116272    0.0260488765722554    
970                    1.13607850266815e-05   0.00828379598008996    0.0260629711077037    
971                    1.13546734219473e-05   0.00827172992896725    0.0260779425805337    
972                    1.13487494539639e-05   0.00825953842787061    0.0260937595859342    
973                    1.13430229896871e-05   0.00824721979809343    0.0261103900776575    
974                    1.13375236929297e-05   0.00823477234270167    0.0261278014851585    
975                    1.13322871139099e-05   0.00822219436418092    0.0261459607929341    
976                    1.1327347651471e-05    0.00820948421600753    0.0261648345822334    
977                    1.13227359711274e-05   0.00819664029969427    0.0261843891460534    
978                    1.13184797112101e-05   0.00818366106821645    0.0262045905736532    
979                    1.13146030919238e-05   0.00817054503110545    0.026225404806175     
980                    1.13111263437799e-05   0.00815729074515055    0.0262467977460443    
981                    1.13080842878621e-05   0.00814389678839319    0.0262687353671311    
982                    1.13055369013559e-05   0.00813036173468541    0.0262911838399676    
983                    1.13035173927058e-05   0.00811668410822421    0.0263141096669205    
984                    1.13020193056191e-05   0.00810286288737612    0.0263374788910647    
985                    1.13010024520386e-05   0.00808889723691579    0.0263612576073352    
986                    1.13004012025531e-05   0.00807478647815361    0.0263854120811749    
987                    1.1300133063389e-05    0.00806053002413132    0.0264099089845997    
988                    1.13001084179042e-05   0.00804612736693248    0.0264347154295489    
989                    1.1300238946472e-05    0.00803157808284191    0.026459798952159     
990                    1.1300460338824e-05    0.00801688187275543    0.026485127551203     
991                    1.13007236165181e-05   0.00800203859469632    0.0265106697052282    
992                    1.13009925010269e-05   0.00798704824544972    0.0265363943862597    
993                    1.13012427801821e-05   0.00797191090199491    0.0265622710793984    
994                    1.13014627098199e-05   0.00795662669854008    0.0265882698186439    
995                    1.13016530367171e-05   0.00794119582373925    0.0266143611585709    
996                    1.13018222131271e-05   0.00792561847455682    0.0266405161525383    
997                    1.13019817102901e-05   0.00790989479845887    0.02666670621373      
998                    1.13021489500446e-05   0.00789402485472871    0.0266929028304707    
999                    1.13025983171894e-05   0.00787801545274675    0.026719095078163     
1000                   1.1303521842598e-05    0.00786187351990246    0.0267452711579379    
1001                   1.1304880875853e-05    0.00784559432138596    0.0267714137954257    
1002                   1.13066195749977e-05   0.00782917876962355    0.0267974996600322    
1003                   1.13087471560513e-05   0.0078126323145833     0.0268235049104633    
1004                   1.13112719595797e-05   0.00779595664590614    0.02684940868235      
1005                   1.1314082636435e-05    0.00777915074568602    0.0268751921582962    
1006                   1.13159483750025e-05   0.0077622200918328     0.0269008401024676    
1007                   1.13173280943595e-05   0.00774516597127208    0.0269263359167384    
1008                   1.13185385042175e-05   0.00772798691833013    0.0269516589561394    
1009                   1.13197794851155e-05   0.00771068558752538    0.0269767874608302    
1010                   1.13211875722495e-05   0.00769326577454609    0.0270017021948161    
1011                   1.13228879102147e-05   0.00767572869344041    0.0270263869691551    
1012                   1.13249963922067e-05   0.00765807508214218    0.027050826869142     
1013                   1.132760822477e-05     0.00764030734390075    0.0270750071651717    
1014                   1.13307822666136e-05   0.00762242893152264    0.0270989135298282    
1015                   1.13345360025443e-05   0.00760444321996481    0.0271225327038042    
1016                   1.13388584443476e-05   0.00758635334460034    0.0271458527642053    
1017                   1.13437370098415e-05   0.00756816248300843    0.0271688628536983    
1018                   1.13491697111717e-05   0.00754987391551397    0.0271915529078831    
1019                   1.13550752311928e-05   0.00753149095883479    0.0272139135899829    
1020                   1.13612000826422e-05   0.0075130168767408     0.0272359364695556    
1021                   1.136741840021e-05     0.00749445479442439    0.0272576142263052    
1022                   1.13738312936521e-05   0.00747580834086447    0.0272789398722283    
1023                   1.13801900057412e-05   0.00745708124680102    0.0272999071064762    
1024                   1.13857342291072e-05   0.00743827721861937    0.0273205103139553    
1025                   1.13898207986358e-05   0.00741939986910283    0.0273407445868081    
1026                   1.13922328225364e-05   0.00740045276697022    0.0273606056845331    
1027                   1.13930846837305e-05   0.00738143954124435    0.0273800899367025    
1028                   1.13926352761252e-05   0.0073623638226096     0.0273991942728661    
1029                   1.13911656522666e-05   0.00734322925756034    0.02741791615741      
1030                   1.13889276614034e-05   0.00732403944933455    0.02743625358926      
1031                   1.13861313888871e-05   0.00730479795256745    0.0274542050645847    
1032                   1.13829479683549e-05   0.00728550823357257    0.0274717695976034    
1033                   1.13795177444679e-05   0.00726617381974136    0.0274889465568698    
1034                   1.13759608464125e-05   0.00724679816190781    0.0275057357640837    
1035                   1.13723818183008e-05   0.00722738469699309    0.0275221374093919    
1036                   1.13688739550265e-05   0.00720793672796581    0.0275381521235161    
1037                   1.13655219058979e-05   0.00718845750773715    0.02755378088273      
1038                   1.1362403374955e-05    0.00716895023520712    0.0275690249872185    
1039                   1.13595912114061e-05   0.00714941811391145    0.0275838859835563    
1040                   1.13571978856851e-05   0.00712986422898147    0.0275983657414485    
1041                   1.13554011915335e-05   0.00711029161319776    0.0276124663805359    
1042                   1.13543075198877e-05   0.00709070315189965    0.0276261903212221    
1043                   1.13539419754401e-05   0.00707110161324704    0.0276395402265412    
1044                   1.13542928956149e-05   0.00705148957113823    0.0276525190306776    
1045                   1.13553396194618e-05   0.00703186958299937    0.0276651297986667    
1046                   1.1357050436956e-05    0.00701224421970989    0.0276773756983553    
1047                   1.13593885360159e-05   0.0069926160002511     0.0276892600278649    
1048                   1.13623138738586e-05   0.00697298706024654    0.0277007864022189    
1049                   1.13657728826362e-05   0.00695335936349007    0.0277119585882432    
1050                   1.13697108171812e-05   0.00693373512080403    0.0277227802530814    
1051                   1.13742670996408e-05   0.00691425920575183    0.0277334579556571    
1052                   1.13795058954782e-05   0.00689476545627585    0.0277438063493445    
1053                   1.1385363994727e-05    0.00687525259335781    0.0277538287446636    
1054                   1.13918111185678e-05   0.00685571983603708    0.027763528528459     
1055                   1.13988888153844e-05   0.00683616689754064    0.0277729091122227    
1056                   1.14066896670385e-05   0.00681659390344111    0.0277819739013139    
1057                   1.14153260583147e-05   0.00679700129017425    0.0277907262922254    
1058                   1.14249055372194e-05   0.00677738975559781    0.0277991696659055    
1059                   1.14355167277125e-05   0.00675776021876344    0.0278073073717973    
1060                   1.14472245774332e-05   0.00673811373872197    0.0278151427419145    
1061                   1.14600717119892e-05   0.00671845146711824    0.0278226790888996    
1062                   1.14740824558924e-05   0.00669877462281447    0.027829919701961     
1063                   1.14892678601196e-05   0.00667908448447489    0.0278368678420932    
1064                   1.15056306781703e-05   0.00665938239960432    0.0278435267367946    
1065                   1.15231698221854e-05   0.00663966977618758    0.027849899574988     
1066                   1.15418856973025e-05   0.00661994806139935    0.0278559895077455    
1067                   1.15617816882382e-05   0.0066002187274554     0.0278617996447241    
1068                   1.15828657688011e-05   0.00658048328786883    0.0278673330487279    
1069                   1.16051507926524e-05   0.00656074330174277    0.0278725927360256    
1070                   1.16286399455154e-05   0.00654100045377256    0.0278775816436912    
1071                   1.1653304839957e-05    0.00652125648586808    0.0278823026505674    
1072                   1.16790858557533e-05   0.00650151298840975    0.0278867586255752    
1073                   1.17058998463662e-05   0.00648177152816957    0.0278909523839698    
1074                   1.17336549089489e-05   0.00646203368133712    0.0278948866772648    
1075                   1.17622656536808e-05   0.00644230102839802    0.0278985641927246    
1076                   1.17916669312259e-05   0.00642257517565624    0.0279019875494994    
1077                   1.18218222856085e-05   0.00640285774202793    0.0279051593011624    
1078                   1.18527249163189e-05   0.00638315035608956    0.027908081934191     
1079                   1.18844000422458e-05   0.00636345464425525    0.0279107578692882    
1080                   1.19168979490826e-05   0.00634377223583412    0.027913189459167     
1081                   1.19502834146107e-05   0.00632410476429607    0.027915378988701     
1082                   1.19846272188916e-05   0.00630445383972274    0.027917328678383     
1083                   1.20199983900464e-05   0.0062848210748377     0.0279190406810936    
1084                   1.2056454553466e-05    0.00626520818448682    0.0279205170752151    
1085                   1.2094040443404e-05    0.00624561678669435    0.0279217598821359    
1086                   1.2132797612246e-05    0.00622604840763584    0.0279227710648542    
1087                   1.21727691183136e-05   0.00620650457143559    0.0279235525227248    
1088                   1.22139977662422e-05   0.00618698680549286    0.0279241060931806    
1089                   1.22565239594358e-05   0.00616749662881273    0.0279244335545052    
1090                   1.2300400508886e-05    0.00614803554238591    0.0279245366280086    
1091                   1.23456627946512e-05   0.00612860503218604    0.0279244169804193    
1092                   1.23917027466466e-05   0.00610920655255719    0.0279240762261373    
1093                   1.24386452719719e-05   0.00608984153522942    0.02792351593         
1094                   1.24868810726577e-05   0.0060705113791723     0.0279227376078713    
1095                   1.25367059470461e-05   0.00605121749290426    0.0279217427324868    
1096                   1.25882309809804e-05   0.0060319612480938     0.0279205327362665    
1097                   1.26414611335652e-05   0.00601266471788027    0.0279191200372952    
1098                   1.26947640994914e-05   0.00599341123237372    0.0279174974010933    
1099                   1.27485413883626e-05   0.00597426196339073    0.0279156436020621    
1100                   1.28044092785071e-05   0.00595509313487877    0.0279136040771196    
1101                   1.28604681893362e-05   0.005936032627508      0.0279113268739877    
1102                   1.29181292151664e-05   0.00591695268175767    0.0279088746057615    
1103                   1.29753061615442e-05   0.00589792422035131    0.027906218013002     
1104                   1.30323635998921e-05   0.00587900406438295    0.0279033130564341    
1105                   1.30909362101536e-05   0.00586007459130706    0.0279002500794203    
1106                   1.3149051419714e-05    0.00584120006644431    0.0278969864045526    
1107                   1.32072650258747e-05   0.00582243363007545    0.0278934642032568    
1108                   1.32670978933229e-05   0.00580366438973082    0.0278898010731038    
1109                   1.33265786569338e-05   0.00578495288324306    0.0278859413081813    
1110                   1.33864082028526e-05   0.00576634920919711    0.0278818134410329    
1111                   1.34479940639625e-05   0.00574774859998511    0.0278775620693808    
1112                   1.35093394252277e-05   0.00572920833318453    0.02787311859244      
1113                   1.35712718192898e-05   0.00571077345992259    0.0278683974789223    
1114                   1.36350749656301e-05   0.00569234999481567    0.0278635713757489    
1115                   1.36993294476885e-05   0.00567403302175771    0.0278584630986646    
1116                   1.37652207249239e-05   0.00565572753520966    0.0278532614709113    
1117                   1.38314049872091e-05   0.00563752778100255    0.0278477727754178    
1118                   1.38991250488676e-05   0.00561934284339736    0.0278422032034695    
1119                   1.39669893707299e-05   0.0056012604919827     0.0278363410182853    
1120                   1.40361079505162e-05   0.00558319790148828    0.0278304109968601    
1121                   1.41049171315584e-05   0.00556523321262963    0.0278241823666271    
1122                   1.41742269872255e-05   0.00554729696764223    0.0278179004292879    
1123                   1.42424918375063e-05   0.00552944970448805    0.0278113123890551    
1124                   1.43113935294185e-05   0.00551166700976987    0.0278045487583238    
1125                   1.43804308551993e-05   0.00549394687049195    0.0277976119410369    
1126                   1.4449262904333e-05    0.00547628769879694    0.0277905043275607    
1127                   1.45177895144641e-05   0.00545868829962676    0.0277832282789234    
1128                   1.45860748447747e-05   0.00544114778045601    0.0277757861280812    
1129                   1.46542661339098e-05   0.00542366546517986    0.0277681801906662    
1130                   1.47225391867064e-05   0.00540624083924185    0.0277604127764763    
1131                   1.4791078940752e-05    0.00538887351517023    0.0277524861976539    
1132                   1.48600569799229e-05   0.00537156321320656    0.0277444027894366    
1133                   1.49288147453754e-05   0.00535430968472299    0.0277361649047067    
1134                   1.49956589341201e-05   0.00533711272577887    0.0277277749312866    
1135                   1.50598245700332e-05   0.00531997217251296    0.0277192352932833    
1136                   1.51214044473218e-05   0.00530288789153664    0.0277105484576354    
1137                   1.51809357242386e-05   0.00528585977443797    0.0277017169385313    
1138                   1.52390762061685e-05   0.0052688877445735     0.0276927432983826    
1139                   1.52964391058187e-05   0.00525197174832003    0.0276836301506681    
1140                   1.53535355251549e-05   0.00523511176004546    0.0276743801609522    
1141                   1.54107722322226e-05   0.00521830774883107    0.0276649960410073    
1142                   1.54684641746308e-05   0.00520155966484598    0.0276554805495887    
1143                   1.55268550953078e-05   0.00518486744978615    0.0276458365020019    
1144                   1.5586122154957e-05    0.00516823103663213    0.0276360667623825    
1145                   1.56464028573931e-05   0.00515165034668646    0.0276261742443139    
1146                   1.5707808480309e-05    0.00513512529204472    0.0276161619037136    
1147                   1.57704315966927e-05   0.00511865577706903    0.0276060327355443    
1148                   1.5834428327313e-05    0.00510224169095961    0.0275957897726531    
1149                   1.5899930828449e-05    0.00508588290488875    0.0275854360796338    
1150                   1.59667895297103e-05   0.00506957925446549    0.0275749747391134    
1151                   1.60349124593636e-05   0.00505333057320779    0.0275644088609956    
1152                   1.61042863193689e-05   0.00503713668782527    0.0275537415913657    
1153                   1.61749436776599e-05   0.00502099739828088    0.0275429760993826    
1154                   1.62469167730412e-05   0.00500491248463671    0.0275321155677064    
1155                   1.63198380996804e-05   0.00498888168588809    0.0275211631729685    
1156                   1.63941322187115e-05   0.00497290475403112    0.0275101221177895    
1157                   1.64700734348667e-05   0.00495698141979082    0.0274989956114848    
1158                   1.65477568190516e-05   0.00494111138726357    0.0274877868638414    
1159                   1.66271611689999e-05   0.00492529444962029    0.0274764991554004    
1160                   1.67082014212259e-05   0.00490953033806248    0.0274651357347205    
1161                   1.67907732146997e-05   0.00489381856455911    0.0274536996947456    
1162                   1.68747799237499e-05   0.00487815865331933    0.0274421941299426    
1163                   1.69601427333744e-05   0.00486255012294764    0.027430622127174     
1164                   1.70468050538865e-05   0.00484699247597374    0.0274189867480133    
1165                   1.71347356278764e-05   0.00483148520484537    0.0274072910230215    
1166                   1.72239297821729e-05   0.00481602779249189    0.027395537946023     
1167                   1.73144083018057e-05   0.00480061970621989    0.0273837304661415    
1168                   1.74062141969469e-05   0.00478526039797044    0.0273718714876585    
1169                   1.74994093678972e-05   0.0047699492973945     0.0273599638603071    
1170                   1.75940673530005e-05   0.00475468581473626    0.0273480103675152    
1171                   1.76902665951036e-05   0.00473946934985901    0.0273360137318146    
1172                   1.7788084285392e-05    0.00472429928988095    0.027323976612647     
1173                   1.78875939167549e-05   0.00470917499719963    0.027311901595626     
1174                   1.79888645454783e-05   0.00469409581412205    0.0272997911835282    
1175                   1.80919604028423e-05   0.00467906107004013    0.0272876477970029    
1176                   1.81969425209245e-05   0.00466407009342446    0.0272754737879921    
1177                   1.8303862272123e-05    0.00464912219204744    0.0272632714111441    
1178                   1.84127498290959e-05   0.00463421671376689    0.0272510428544487    
1179                   1.85236127822865e-05   0.00461935300584739    0.0272387902132211    
1180                   1.86364542120335e-05   0.00460453035183815    0.0272265154444582    
1181                   1.87512686601188e-05   0.00458974806208603    0.0272142204224314    
1182                   1.88680364449731e-05   0.00457500541703031    0.0272019068990254    
1183                   1.89867331943867e-05   0.0045603016541925     0.0271895764907747    
1184                   1.91073394885099e-05   0.00454563596008565    0.0271772306789862    
1185                   1.92298482490669e-05   0.00453100747645093    0.0271648708078367    
1186                   1.93542667909049e-05   0.00451641528612649    0.0271524980682741    
1187                   1.94806170952625e-05   0.00450185839507148    0.0271401134728832    
1188                   1.96087105375842e-05   0.00448734622261686    0.0271277283919141    
1189                   1.97384645594222e-05   0.00447288495472299    0.0271153448012769    
1190                   1.9870086382956e-05    0.00445846720028085    0.0271029645263614    
1191                   2.0003760045683e-05    0.00444409194385507    0.0270905887409843    
1192                   2.01395555080547e-05   0.00442976190562247    0.0270782182049124    
1193                   2.02774561146317e-05   0.00441547539345937    0.0270658537242749    
1194                   2.04174112616087e-05   0.00440122856781086    0.0270534962142079    
1195                   2.05593846386137e-05   0.00438701941629079    0.0270411465210028    
1196                   2.07033934614048e-05   0.00437284759857388    0.0270288053633506    
1197                   2.0849470566503e-05    0.00435871297691905    0.0270164733933672    
1198                   2.09975610885394e-05   0.00434461517522179    0.0270041512500885    
1199                   2.11475926577417e-05   0.00433055369506076    0.0269918395493857    
1200                   2.12995092850426e-05   0.00431652792608223    0.0269795388429932    
1201                   2.14532931832814e-05   0.00430253714467427    0.0269672496069997    
1202                   2.16089563869169e-05   0.00428858062332872    0.0269549722588818    
1203                   2.17665347835896e-05   0.00427465775780801    0.0269427071574519    
1204                   2.19260485429364e-05   0.00426076813806896    0.0269304545971498    
1205                   2.20875059755926e-05   0.00424691145151563    0.0269182147882451    
1206                   2.22509203537188e-05   0.00423308737264717    0.0269059878681772    
1207                   2.2416324046047e-05    0.00421929547617404    0.0268937738883815    
1208                   2.25837355385307e-05   0.00420553535252079    0.0268815729183145    
1209                   2.2753088814987e-05    0.00419180660222955    0.026869384978404     
1210                   2.29242412441798e-05   0.00417810866910149    0.0268572098419207    
1211                   2.30970162450543e-05   0.0041644411154874     0.0268450472523277    
1212                   2.32712453679146e-05   0.00415080355286709    0.0268328969043371    
1213                   2.34467984844868e-05   0.00413719559788008    0.0268207584440505    
1214                   2.36235491910291e-05   0.00412361688690589    0.0268086314973346    
1215                   2.38013459301369e-05   0.0041100670196357     0.0267965156172047    
1216                   2.39800390170176e-05   0.00409654557068475    0.026784410277117     
1217                   2.41595176071991e-05   0.00408305213969399    0.026772314902633     
1218                   2.43397311497158e-05   0.0040695863470751     0.0267602288692108    
1219                   2.45194442930751e-05   0.00405615539585854    0.0267481571242905    
1220                   2.46991087858455e-05   0.00404276103257939    0.0267360993202407    
1221                   2.48791670182407e-05   0.00402939867557206    0.0267240554296156    
1222                   2.50599519280101e-05   0.0040160679352968     0.0267120245973565    
1223                   2.52416996787039e-05   0.0040027687607471     0.0267000052298189    
1224                   2.54245229858991e-05   0.00398949843377166    0.0266879958201138    
1225                   2.56084425651802e-05   0.00397625455328851    0.0266759951780154    
1226                   2.57934766335185e-05   0.00396303635836808    0.0266640022342108    
1227                   2.59796886219576e-05   0.00394984346927519    0.0266520158826186    
1228                   2.61671672605054e-05   0.00393667528921366    0.0266400349788317    
1229                   2.63559791980973e-05   0.0039235313655137     0.0266280583920214    
1230                   2.65461523236076e-05   0.00391041144055952    0.0266160849637499    
1231                   2.67376933306256e-05   0.00389731528746251    0.0266041135553312    
1232                   2.69306150383395e-05   0.00388424251419767    0.0265921430247137    
1233                   2.71249463012723e-05   0.00387119262997038    0.0265801722307825    
1234                   2.73207207853439e-05   0.00385816516279756    0.0265682000325586    
1235                   2.7517959031255e-05    0.00384515975715907    0.0265562252812899    
1236                   2.77166700130903e-05   0.00383217617174427    0.0265442468139942    
1237                   2.79168535114244e-05   0.00381921421284528    0.026532263479665     
1238                   2.81185008704188e-05   0.00380627362876571    0.026520274134852     
1239                   2.83215979463451e-05   0.00379335406904028    0.0265082776349416    
1240                   2.85261204921293e-05   0.00378045513254292    0.026496272839558     
1241                   2.87320249936551e-05   0.00376757639756266    0.0264842586107312    
1242                   2.89392441204784e-05   0.00375471747045723    0.0264722338133945    
1243                   2.91476898003872e-05   0.00374187799569978    0.0264601973186796    
1244                   2.93572623179774e-05   0.00372905760751803    0.0264481480002431    
1245                   2.95678593244002e-05   0.0037162559031389     0.0264360847395284    
1246                   2.97793841655253e-05   0.00370347242458897    0.026424006426883     
1247                   2.99917506273054e-05   0.00369070666917148    0.0264119119628406    
1248                   3.02048844325006e-05   0.00367795808915983    0.0263998002572331    
1249                   3.04187202276605e-05   0.00366522617420688    0.0263876702795733    
1250                   3.0633202911439e-05    0.00365251035495511    0.02637552095933      
1251                   3.08482859836545e-05   0.00363981005347878    0.0263633512364755    
1252                   3.10640100311774e-05   0.00362712466998007    0.0263511600719293    
1253                   3.12802991279911e-05   0.00361445358066523    0.0263389464473097    
1254                   3.14970866909407e-05   0.00360179612209046    0.0263267093586177    
1255                   3.17143228095258e-05   0.00358915159532485    0.0263144478226467    
1256                   3.19319632268948e-05   0.0035765192754281     0.026302160878954     
1257                   3.21499644584923e-05   0.00356389841977789    0.0262898475868778    
1258                   3.23682157863124e-05   0.0035512882344537     0.0262775069894913    
1259                   3.25865573801704e-05   0.00353868794495291    0.0262651381901825    
1260                   3.28048260661625e-05   0.00352609677902902    0.0262527403178099    
1261                   3.30228904636405e-05   0.00351351392573918    0.0262403125120998    
1262                   3.32406655696068e-05   0.00350093854887942    0.0262278539224413    
1263                   3.34581106129448e-05   0.00348836980236154    0.0262153637165986    
1264                   3.36752171817116e-05   0.00347580683815781    0.0262028410825545    
1265                   3.38919939639364e-05   0.00346324882642103    0.0261902852346309    
1266                   3.41084535717715e-05   0.00345069493190503    0.026177695398718     
1267                   3.43246032868126e-05   0.00343814431095804    0.0261650708209849    
1268                   3.45404429668133e-05   0.00342559611361731    0.0261524107663818    
1269                   3.47559807975173e-05   0.00341304952097692    0.0261397145676924    
1270                   3.49712263883409e-05   0.00340050370046593    0.0261269815301336    
1271                   3.51861793448132e-05   0.0033879578146403     0.0261142109605983    
1272                   3.54008293881386e-05   0.00337541102490971    0.0261014021831306    
1273                   3.56151559255567e-05   0.00336286247616966    0.0260885545345466    
1274                   3.5829127145319e-05    0.00335031132541417    0.0260756673799009    
1275                   3.60427003603048e-05   0.00333775675789258    0.0260627401038717    
1276                   3.62558238625466e-05   0.0033251979948125     0.0260497721028504    
1277                   3.64684399625283e-05   0.00331263431651037    0.0260367627977573    
1278                   3.6680488874687e-05    0.00330006505172677    0.0260237116273479    
1279                   3.68919122391174e-05   0.00328748955831795    0.0260106180275615    
1280                   3.71026549182524e-05   0.00327490725736297    0.0259974814667893    
1281                   3.73126666256506e-05   0.00326231761095271    0.0259843014312869    
1282                   3.75218940062098e-05   0.00324972011244885    0.025971077408029     
1283                   3.7730242187102e-05    0.00323711429145722    0.0259578088724422    
1284                   3.79374378362499e-05   0.00322449985653966    0.0259444954391715    
1285                   3.81430654832997e-05   0.00321187645044132    0.0259311366259434    
1286                   3.83466828985734e-05   0.00319924375596711    0.0259177319642838    
1287                   3.85479168897807e-05   0.00318660153700621    0.0259042810116005    
1288                   3.87465160441883e-05   0.00317394964513155    0.0258907833429501    
1289                   3.89423638939909e-05   0.00316128801271536    0.0258772385579678    
1290                   3.91354640983761e-05   0.00314861663178286    0.0258636462702855    
1291                   3.93259127398022e-05   0.00313593552426724    0.0258500060733146    
1292                   3.95138642414206e-05   0.00312324478044118    0.0258363175791599    
1293                   3.96995007309918e-05   0.0031105445411781     0.0258225803841692    
1294                   3.98830074162652e-05   0.00309783501092838    0.0258087941003361    
1295                   4.00645564471688e-05   0.00308511645581423    0.0257949583475206    
1296                   4.0244297922148e-05    0.00307238921962895    0.0257810727556172    
1297                   4.04223564372433e-05   0.00305965372190735    0.0257671369659878    
1298                   4.05988313708743e-05   0.00304691044921871    0.0257531506290435    
1299                   4.0773799941753e-05    0.00303415992368482    0.0257391133925381    
1300                   4.09473402060657e-05   0.00302140278478427    0.0257250249633427    
1301                   4.11195356795369e-05   0.0030086397078907     0.0257108850302136    
1302                   4.12904615413037e-05   0.00299587142843949    0.0256966932929575    
1303                   4.14601782131494e-05   0.00298309874794946    0.0256824494550754    
1304                   4.1628725001511e-05    0.0029703225485805     0.025668153227525     
1305                   4.17961106976834e-05   0.00295754376360285    0.0256538043048011    
1306                   4.19623330653551e-05   0.00294476340863454    0.0256394024153818    
1307                   4.21273768299156e-05   0.00293198253924908    0.0256249472945122    
1308                   4.22912080306749e-05   0.00291920226028088    0.0256104386874984    
1309                   4.24537748772997e-05   0.00290642372867023    0.025595876351712     
1310                   4.26150148001869e-05   0.00289364814614872    0.0255812600601485    
1311                   4.27748641010525e-05   0.00288087674524367    0.0255665895910276    
1312                   4.29332657117097e-05   0.00286811079427638    0.0255518647311142    
1313                   4.30901750118489e-05   0.00285535158479201    0.0255370852806791    
1314                   4.32455638635393e-05   0.00284260042842132    0.025522251033887     
1315                   4.33994206212042e-05   0.00282985865963875    0.0255073618047664    
1316                   4.35507584506428e-05   0.00281713298703775    0.0254924197093229    
1317                   4.3700297511945e-05    0.00280443787708013    0.0254774287215702    
1318                   4.38491047857043e-05   0.00279176936095087    0.0254623887680782    
1319                   4.39881692396224e-05   0.00277927956468804    0.0254476212732191    
1320                   4.41216599103113e-05   0.00276677924346548    0.0254327903579499    
1321                   4.42529498335162e-05   0.00275427468452477    0.0254178942663764    
1322                   4.43836559984552e-05   0.00274176993177019    0.0254029310956661    
1323                   4.4514388762418e-05    0.00272926788718931    0.0253878992887943    
1324                   4.46452185859493e-05   0.0027167709731464     0.025372797729852     
1325                   4.47759693554442e-05   0.00270428114540993    0.0253576255026953    
1326                   4.49063878603274e-05   0.00269180003869863    0.0253423818597734    
1327                   4.50360586996123e-05   0.00267932901587131    0.0253270661354451    
1328                   4.51645385545366e-05   0.00266686925184146    0.0253116777385023    
1329                   4.52914972439304e-05   0.00265442180360091    0.025296216175721     
1330                   4.54167851655234e-05   0.00264198751219859    0.02528068091059      
1331                   4.55404296409405e-05   0.00262956710371732    0.0252650714497473    
1332                   4.56625845952555e-05   0.00261716110729684    0.0252493872429581    
1333                   4.57834633547427e-05   0.00260476996255187    0.025233627839575     
1334                   4.59032835251026e-05   0.00259239397654748    0.0252177928160624    
1335                   4.60222325229543e-05   0.00258003339768418    0.0252018818171882    
1336                   4.61404513420339e-05   0.00256768841759693    0.0251858945377319    
1337                   4.62580269482143e-05   0.00255535892923238    0.0251698305181142    
1338                   4.637500291573e-05     0.0025430447568558     0.0251536893019464    
1339                   4.64913877257608e-05   0.0025307457633103     0.0251374705980489    
1340                   4.66071664383034e-05   0.00251846174013609    0.0251211741552498    
1341                   4.67223097394572e-05   0.00250619240761474    0.0251047997658752    
1342                   4.68367815890693e-05   0.00249393741040913    0.0250883472344722    
1343                   4.69505442833944e-05   0.00248169636729329    0.0250718164339975    
1344                   4.70635625609008e-05   0.00246946881807351    0.0250552072490041    
1345                   4.7175805107927e-05    0.00245725429377306    0.0250385196796499    
1346                   4.72872461665075e-05   0.00244505224858115    0.025021753739106     
1347                   4.73978651978462e-05   0.00243286215729687    0.0250049094709028    
1348                   4.75076467063917e-05   0.00242068352054539    0.0249879869699173    
1349                   4.76165797800602e-05   0.00240851584371562    0.0249709864248956    
1350                   4.77246571810114e-05   0.00239635864222227    0.0249539081941653    
1351                   4.78318752221739e-05   0.00238421134720832    0.0249367527151419    
1352                   4.7938232874033e-05    0.00237207338996143    0.0249195205267751    
1353                   4.80437306783897e-05   0.00235994423118561    0.0249022122531657    
1354                   4.81483704114374e-05   0.00234782334788262    0.0248848285922536    
1355                   4.82521546134845e-05   0.00233571023515889    0.0248673703134185    
1356                   4.83550864212868e-05   0.00232360439655264    0.0248498382322664    
1357                   4.8457169254615e-05    0.00231150536795777    0.0248322332330979    
1358                   4.85584067140975e-05   0.00229941273016764    0.0248145562804673    
1359                   4.86588026227713e-05   0.00228732610007335    0.0247968084021186    
1360                   4.8758361207708e-05    0.00227524514632491    0.0247789907074357    
1361                   4.88570868751863e-05   0.00226316961142841    0.0247611044108696    
1362                   4.89549840485207e-05   0.00225109930868419    0.0247431508235622    
1363                   4.90520583960704e-05   0.00223903410662561    0.0247251313372227    
1364                   4.91484977046425e-05   0.00222697303508791    0.0247070411193818    
1365                   4.92442482720998e-05   0.00221491801118391    0.024688884641397     
1366                   4.9339110258649e-05    0.00220286735365389    0.0246706649533948    
1367                   4.94332345464828e-05   0.00219082132241601    0.0246523790563171    
1368                   4.95266316690934e-05   0.00217878175863091    0.0246340329354653    
1369                   4.961919491978e-05     0.00216674297050083    0.0246156223743513    
1370                   4.97108975797917e-05   0.00215470995711878    0.0245971543276076    
1371                   4.9801688878645e-05    0.00214267922292429    0.0245786245865099    
1372                   4.98917681263114e-05   0.00213065347060592    0.0245600340042151    
1373                   4.99811767941397e-05   0.00211863117960547    0.0245413835514585    
1374                   5.0069840794009e-05    0.00210661278521072    0.0245226750766933    
1375                   5.01576645179273e-05   0.00209459945771828    0.0245039104235502    
1376                   5.02445699863387e-05   0.00208259078018653    0.0244850909529119    
1377                   5.03305073853796e-05   0.00207058608994216    0.0244662178431771    
1378                   5.04154717374107e-05   0.00205858589489495    0.0244472924132982    
1379                   5.04994949237672e-05   0.00204659127772848    0.0244283160394179    
1380                   5.05826105349982e-05   0.00203460314657848    0.02440929009095      
1381                   5.0664828416327e-05    0.00202262226149548    0.0243902159176828    
1382                   5.07461384695766e-05   0.00201064953351033    0.0243710948519541    
1383                   5.08265310376344e-05   0.00199868605541703    0.0243519282010783    
1384                   5.09060118544885e-05   0.00198673300365248    0.0243327173022982    
1385                   5.09846015995571e-05   0.00197479153747669    0.0243134635561101    
1386                   5.10623246781851e-05   0.00196286279348638    0.0242941683503022    
1387                   5.11391975611601e-05   0.00195094805864953    0.0242748331362977    
1388                   5.12152259340192e-05   0.0019390487643645     0.0242554593108895    
1389                   5.12904089646329e-05   0.00192716668820485    0.0242360482385124    
1390                   5.1364745513792e-05    0.00191530352900199    0.0242166012834747    
1391                   5.143823680255e-05     0.00190346092330863    0.0241971198241488    
1392                   5.15108855497957e-05   0.00189164047472032    0.0241776052275035    
1393                   5.15826935661725e-05   0.00187984377595279    0.024158058886357     
1394                   5.16536603881128e-05   0.00186807262648865    0.0241384822172411    
1395                   5.17237832680314e-05   0.00185632874267746    0.0241188765677036    
1396                   5.17930573569649e-05   0.00184461384409697    0.0240992432931157    
1397                   5.18614766472174e-05   0.00183292965694843    0.0240795837175942    
1398                   5.19290347312422e-05   0.0018212778354891     0.0240598991217658    
1399                   5.19955189507235e-05   0.00180966002747469    0.0240401907612137    
1400                   5.20601312677109e-05   0.00179807797358206    0.0240204598638449    
1401                   5.21221179540617e-05   0.00178653317715496    0.0240007075836031    
1402                   5.21803801464257e-05   0.00177502696376149    0.0239809302562587    
1403                   5.22358559189041e-05   0.00176356344018988    0.0239611334235957    
1404                   5.22887856769414e-05   0.00175214088040106    0.0239413148488806    
1405                   5.2339325586903e-05    0.00174076285220425    0.0239214757974132    
1406                   5.2388883604035e-05    0.00172942788180949    0.0239016218815645    
1407                   5.24372655110269e-05   0.00171813418468264    0.0238817517094657    
1408                   5.2484109298236e-05    0.00170688549395641    0.0238618658090935    
1409                   5.25296477788193e-05   0.0016956827750356     0.0238419643446146    
1410                   5.25740198681487e-05   0.00168452781089266    0.02382204866955      
1411                   5.26170208419232e-05   0.00167342209937475    0.0238021205382089    
1412                   5.2658193331236e-05    0.00166236530053371    0.0237821814469664    
1413                   5.26971208647635e-05   0.00165135685452864    0.0237622323523752    
1414                   5.2733684249453e-05    0.00164039736476032    0.0237422739388635    
1415                   5.27680974002917e-05   0.00162948832554024    0.0237223069556673    
1416                   5.28007773089141e-05   0.00161863216443173    0.0237023323744946    
1417                   5.28321681436087e-05   0.00160782964320565    0.0236823510916748    
1418                   5.28624852786221e-05   0.00159708098726957    0.0236623639836358    
1419                   5.28917561417047e-05   0.00158638678209468    0.0236423718370757    
1420                   5.29199538539263e-05   0.00157574779249502    0.0236223753809489    
1421                   5.29470814405019e-05   0.00156516434713809    0.023602375306413     
1422                   5.2973184807831e-05    0.00155463664379124    0.0235823723231159    
1423                   5.29974677960454e-05   0.00154416465633822    0.0235623671131267    
1424                   5.30186808563244e-05   0.0015337484292392     0.0235423603200038    
1425                   5.30363932835481e-05   0.00152338780824478    0.0235223525682231    
1426                   5.3051035044835e-05    0.0015130824801619     0.023502344448199     
1427                   5.30633666480589e-05   0.0015028319410663     0.0234823365166581    
1428                   5.30740858178788e-05   0.00149263551681118    0.0234623292932101    
1429                   5.30836914962159e-05   0.00148249240279904    0.0234423232502105    
1430                   5.30924885286603e-05   0.00147240174249289    0.0234223188344283    
1431                   5.31006388091247e-05   0.0014623627121115     0.0234023164742874    
1432                   5.31082148099168e-05   0.00145237449285202    0.0233823165638198    
1433                   5.31152401142358e-05   0.00144243632900637    0.0233623194703338    
1434                   5.31217151836962e-05   0.00143254749422551    0.0233423255169303    
1435                   5.31276306749702e-05   0.00142270725296518    0.0233223349868998    
1436                   5.31329741603072e-05   0.00141291485721632    0.0233023481248577    
1437                   5.3137733613972e-05    0.00140316957959691    0.0232823651742415    
1438                   5.31418988373548e-05   0.00139347064533229    0.0232623863630475    
1439                   5.31454620616297e-05   0.00138381723549378    0.0232424118929001    
1440                   5.31484179905771e-05   0.00137420848392473    0.0232224419280752    
1441                   5.31507634264342e-05   0.00136464350780859    0.0232024766183741    
1442                   5.31524967411294e-05   0.00135512138925358    0.0231825160868635    
1443                   5.31536174323413e-05   0.00134564116704506    0.0231625604428514    
1444                   5.3154125878748e-05    0.00133620187135251    0.0231426098338332    
1445                   5.31540231038254e-05   0.00132680247077064    0.0231226643643667    
1446                   5.3153310560313e-05    0.00131744190105789    0.0231027240860948    
1447                   5.31519899888749e-05   0.00130811913977205    0.0230827890510766    
1448                   5.31500633472563e-05   0.00129883322176695    0.0230628593058016    
1449                   5.3147532793363e-05    0.00128958323746361    0.0230429348879678    
1450                   5.31444006868591e-05   0.00128036833508935    0.0230230158349535    
1451                   5.31406695826708e-05   0.00127118771941569    0.0230031021771134    
1452                   5.31363422035395e-05   0.00126204065710462    0.0229831939391229    
1453                   5.31314214026968e-05   0.00125292649262969    0.022963291160791     
1454                   5.31259099207405e-05   0.00124384464591221    0.0229433938689219    
1455                   5.31198106491511e-05   0.00123479462437895    0.0229235020963643    
1456                   5.31131264857797e-05   0.00122577602966882    0.0229036158629616    
1457                   5.31058603676002e-05   0.00121678857867531    0.0228837352090745    
1458                   5.30980164124236e-05   0.00120783207265249    0.0228638601698207    
1459                   5.30896139028853e-05   0.00119890642997982    0.0228439908809877    
1460                   5.30807039749717e-05   0.0011900116327644     0.0228241273527853    
1461                   5.30712325478915e-05   0.00118114779530289    0.0228042695957919    
1462                   5.30610389986349e-05   0.0011723151527971     0.0227844176074953    
1463                   5.30499583729416e-05   0.00116351408158393    0.0227645714153155    
1464                   5.30378989447984e-05   0.00115474509184155    0.0227447310319548    
1465                   5.30248595069046e-05   0.00114600884712448    0.0227248964894584    
1466                   5.30109083281833e-05   0.00113730613485943    0.0227050678035166    
1467                   5.29961507157548e-05   0.00112863789178424    0.022685245038068     
1468                   5.29807004262727e-05   0.00112000517560338    0.0226654282491455    
1469                   5.29646604328452e-05   0.0011114091691583     0.0226456174965186    
1470                   5.29481128517385e-05   0.00110285117996171    0.0226258128540757    
1471                   5.2931115782776e-05    0.0010943326319061     0.0226060143981639    
1472                   5.29137046134481e-05   0.00108585506906211    0.0225862222211219    
1473                   5.28958956079848e-05   0.00107742014855747    0.0225664364231163    
1474                   5.28776904366796e-05   0.00106902966626333    0.0225466572051645    
1475                   5.28590805961201e-05   0.00106068549960925    0.0225268847677963    
1476                   5.28400514012831e-05   0.00105238957422226    0.0225071192170178    
1477                   5.28205857287488e-05   0.00104414392192022    0.0224873606697716    
1478                   5.28006663047822e-05   0.00103595067045637    0.0224676092615047    
1479                   5.27802773641445e-05   0.00102781200848983    0.0224478651295603    
1480                   5.27594066286872e-05   0.00101973017848747    0.0224281284226265    
1481                   5.27380453786021e-05   0.00101170748746682    0.0224083992907207    
1482                   5.27161882717186e-05   0.00100374628765035    0.0223886778879591    
1483                   5.26938332625521e-05   0.00099584898662856    0.0223689644034572    
1484                   5.26709809957256e-05   0.000988018019854905   0.022349259014457     
1485                   5.26476343280382e-05   0.000980255856421459   0.022329561923079     
1486                   5.26237976794196e-05   0.000972564976982019   0.0223098733302598    
1487                   5.25994764226443e-05   0.000964947859719471   0.0222901934307448    
1488                   5.257467644797e-05     0.00095740697759563    0.0222705224339725    
1489                   5.25494038062273e-05   0.000949944784778758   0.0222508605538311    
1490                   5.25236644798316e-05   0.000942563709603047   0.0222312080114144    
1491                   5.24974640766204e-05   0.000935266142679497   0.0222115650270093    
1492                   5.24708078787867e-05   0.000928054445102227   0.0221919318842704    
1493                   5.24437008029641e-05   0.000920930903530888   0.0221723088481436    
1494                   5.2416147524725e-05    0.000913897745858178   0.0221526961735804    
1495                   5.23881527445961e-05   0.000906957153396295   0.0221330941335918    
1496                   5.23597213130712e-05   0.000900111204146835   0.0221135029716196    
1497                   5.23308583416348e-05   0.000893361863792098   0.022093922941798     
1498                   5.23015689339871e-05   0.000886710986708912   0.0220743542947802    
1499                   5.22718576425642e-05   0.000880160333918835   0.0220547973116491    
1500                   5.22417276445902e-05   0.000873711555224748   0.0220352522853966    
1501                   5.2211180010531e-05    0.000867366180855474   0.0220157194930053    
1502                   5.21802133838362e-05   0.000861125638686451   0.0219961992328755    
1503                   5.21488241068125e-05   0.000854991243508056   0.02197669181863      
1504                   5.2117006819487e-05    0.000848964175139095   0.0219571974674539    
1505                   5.20847553963798e-05   0.000843045484399712   0.0219377163672431    
1506                   5.20520640569239e-05   0.000837236084672609   0.0219182487378848    
1507                   5.20189284509812e-05   0.000831536755593087   0.0218987948766446    
1508                   5.19853461405432e-05   0.000825948141460132   0.0218793551334694    
1509                   5.19513168778208e-05   0.000820470752743676   0.0218599298813212    
1510                   5.1916842739073e-05    0.000815104965506622   0.021840519484255     
1511                   5.18819280903587e-05   0.000809851020859351   0.021821124280883     
1512                   5.18465795077737e-05   0.000804709030104638   0.0218017445991043    
1513                   5.18108052190494e-05   0.000799678973891343   0.0217823807529726    
1514                   5.17746144316041e-05   0.000794760702989734   0.0217630330336056    
1515                   5.17380167323718e-05   0.000789953941109835   0.0217437017097273    
1516                   5.17010215880548e-05   0.00078525829170415    0.0217243870505232    
1517                   5.16636378880883e-05   0.000780673241379561   0.0217050893363546    
1518                   5.1625873458272e-05    0.000776198157007837   0.0216858088343209    
1519                   5.15877342300191e-05   0.000771832295971884   0.0216665458053343    
1520                   5.15492246864768e-05   0.00076757480629495    0.0216473005145884    
1521                   5.15103478737243e-05   0.000763424740344897   0.0216280732179469    
1522                   5.14711048933486e-05   0.000759381060189739   0.0216088641968552    
1523                   5.14314948660537e-05   0.000755442636553085   0.0215896737308674    
1524                   5.13915151269293e-05   0.000751608257456633   0.0215705021060982    
1525                   5.13511615922467e-05   0.000747876632026962   0.0215513496055651    
1526                   5.13104293858236e-05   0.000744246409073832   0.0215322165571128    
1527                   5.12693134864162e-05   0.000740716181833123   0.0215131033802611    
1528                   5.12278088325868e-05   0.000737284434208313   0.0214940103746621    
1529                   5.1185911517084e-05    0.000733949597009578   0.0214749378303385    
1530                   5.11436304300766e-05   0.000730710080477926   0.0214558861096859    
1531                   5.11005943018327e-05   0.000727564238191608   0.021436855475192     
1532                   5.10563098887365e-05   0.000724510386690592   0.0214178462070417    
1533                   5.10105562567723e-05   0.000721546808460997   0.0213988585941487    
1534                   5.09634289209041e-05   0.000718671762180834   0.0213798929364087    
1535                   5.09151896145272e-05   0.000715883486013155   0.0213609495263222    
1536                   5.08661241308486e-05   0.000713180215112994   0.0213420286736343    
1537                   5.08164687132164e-05   0.000710560176108097   0.0213231307050878    
1538                   5.07663901535785e-05   0.000708021594088517   0.0213042559448982    
1539                   5.07159931434928e-05   0.000705562699862763   0.0212854047298634    
1540                   5.06653362492087e-05   0.000703181734226052   0.0212665774127114    
1541                   5.06144475406639e-05   0.000700876948770265   0.0212477743438033    
1542                   5.0563336844866e-05    0.000698646613237515   0.0212289958899215    
1543                   5.0512004144092e-05    0.000696489020405399   0.021210242438055     
1544                   5.04604447078892e-05   0.000694402486906089   0.0211915143699889    
1545                   5.04086521874849e-05   0.000692385358991141   0.0211728120805258    
1546                   5.03566203486795e-05   0.000690436015300813   0.0211541359788909    
1547                   5.03043435090417e-05   0.000688552869977737   0.0211354864739144    
1548                   5.02518175286683e-05   0.000686734371251051   0.0211168639916838    
1549                   5.01990399414574e-05   0.000684979010772741   0.0210982689656783    
1550                   5.01460091959529e-05   0.000683285322115172   0.0210797018345945    
1551                   5.00927243380155e-05   0.000681651883245647   0.0210611630400048    
1552                   5.00391847377035e-05   0.000680077318247841   0.0210426530378244    
1553                   4.99853898294302e-05   0.00067856029818754    0.0210241722979076    
1554                   4.99313390583453e-05   0.00067709954254533    0.0210057213030642    
1555                   4.98770319591256e-05   0.000675693820223972   0.0209873005422379    
1556                   4.98224682328137e-05   0.000674341946988525   0.0209689105150371    
1557                   4.97676478071404e-05   0.000673042788928216   0.0209505517426765    
1558                   4.9712570733294e-05    0.000671795268896056   0.0209322247400806    
1559                   4.96572372913144e-05   0.000670598364283128   0.0209139300282815    
1560                   4.96016481151583e-05   0.000669451099947286   0.0208956681421692    
1561                   4.95458042114485e-05   0.000668352546480337   0.0208774396300015    
1562                   4.94897067993857e-05   0.000667301822818589   0.0208592450491596    
1563                   4.94333571505105e-05   0.000666298097726215   0.0208410849569248    
1564                   4.93767563926204e-05   0.000665340593543059   0.0208229599596719    
1565                   4.93199048816882e-05   0.000664428580809896   0.0208048706417828    
1566                   4.92628020811033e-05   0.000663561376700714   0.0207868175859757    
1567                   4.92054465617572e-05   0.00066273834193071    0.0207688013861562    
1568                   4.91478360318454e-05   0.000661958875809111   0.0207508226260254    
1569                   4.9089967199111e-05    0.000661222420117635   0.0207328819017255    
1570                   4.90318359343148e-05   0.000660528451529435   0.0207149798115185    
1571                   4.89734375464678e-05   0.000659876483604635   0.0206971169687361    
1572                   4.89147673328629e-05   0.000659266063954088   0.0206792939998305    
1573                   4.8855821475111e-05    0.000658696771079654   0.0206615116627202    
1574                   4.87965966224088e-05   0.000658168186367276   0.0206437706164295    
1575                   4.87370904183765e-05   0.00065767993018273    0.0206260715038584    
1576                   4.86773016233309e-05   0.000657231667393464   0.0206084149467314    
1577                   4.86172308654864e-05   0.000656823097020305   0.0205908017509247    
1578                   4.85568795843599e-05   0.000656453892916356   0.0205732326175507    
1579                   4.84962500301874e-05   0.000656123719085486   0.02055570817213      
1580                   4.84353454230214e-05   0.000655832270107758   0.0205382290300475    
1581                   4.83741698572227e-05   0.000655579274632507   0.0205207958277453    
1582                   4.83127278979076e-05   0.000655364474954728   0.0205034091623824    
1583                   4.82510245986587e-05   0.000655187614960562   0.0204860696183772    
1584                   4.81890653602308e-05   0.000655048440115665   0.0204687777931459    
1585                   4.81268556760611e-05   0.000654946700216279   0.0204515342743935    
1586                   4.80644011908444e-05   0.000654882149638867   0.0204343396447997    
1587                   4.80017078280456e-05   0.000654854545689659   0.0204171945051973    
1588                   4.79387815881095e-05   0.000654863645804235   0.0204000994422729    
1589                   4.78756283293894e-05   0.000654909204707656   0.0203830550351644    
1590                   4.78122534680508e-05   0.00065499097126729    0.020366061852311     
1591                   4.77486615503276e-05   0.000655108684525742   0.020349120463734     
1592                   4.76848557529769e-05   0.000655262071176314   0.0203322314317165    
1593                   4.76208377239396e-05   0.000655450844273796   0.0203153953068246    
1594                   4.75566078346736e-05   0.000655674701985078   0.0202986126463007    
1595                   4.74921655431826e-05   0.000655933326137272   0.0202818840009961    
1596                   4.74275102807302e-05   0.000656226386010276   0.0202652100113957    
1597                   4.73626413098229e-05   0.000656553526595248   0.0202485912605199    
1598                   4.72975581589221e-05   0.000656914360868106   0.0202320283098817    
1599                   4.72322608038365e-05   0.000657308472230332   0.0202155216712767    
1600                   4.71667249326098e-05   0.000657735426493521   0.0201990718464421    
1601                   4.71009402792352e-05   0.000658194775997698   0.0201826793263229    
1602                   4.703490899204e-05     0.000658686050369677   0.0201663445924877    
1603                   4.69686395504479e-05   0.000659208752211756   0.0201500681177967    
1604                   4.69021421300802e-05   0.000659762365262658   0.0201338503636467    
1605                   4.68354253803838e-05   0.000660346345735686   0.0201176917738695    
1606                   4.67684958129701e-05   0.00066096013153823    0.0201015927729617    
1607                   4.67013573567435e-05   0.000661603136305457   0.0200855537628307    
1608                   4.66340125382341e-05   0.000662274744140409   0.0200695751576435    
1609                   4.65670995288917e-05   0.000662969963604161   0.0200536581168354    
1610                   4.650136097188e-05     0.000663683826797979   0.0200378021476025    
1611                   4.64361061184744e-05   0.000664418553359272   0.0200220090539286    
1612                   4.63704916389456e-05   0.000665175417746659   0.0200062797983965    
1613                   4.63040647667127e-05   0.000665955077234821   0.0199906152098941    
1614                   4.6236740064439e-05    0.00066675776762911    0.0199750158060126    
1615                   4.61686343984048e-05   0.000667583427608982   0.0199594819087494    
1616                   4.60999314268082e-05   0.00066843178357727    0.019944013708623     
1617                   4.60308050145386e-05   0.00066930240531354    0.0199286112936129    
1618                   4.59613883444877e-05   0.000670194741329865   0.0199132746962581    
1619                   4.58917695077508e-05   0.000671108145729726   0.0198980039501425    
1620                   4.58219992334432e-05   0.000672041903231628   0.0198827990725003    
1621                   4.57521014741501e-05   0.000672995251027318   0.0198676600761932    
1622                   4.56820842312875e-05   0.000673967385884927   0.0198525869681652    
1623                   4.56119473909923e-05   0.000674957481868109   0.0198375797660157    
1624                   4.5541687927417e-05    0.00067596468922781    0.0198226385080487    
1625                   4.54713025685119e-05   0.000676988148405675   0.0198077632529147    
1626                   4.54007887521894e-05   0.000678026988880153   0.0197929540516243    
1627                   4.53301455159077e-05   0.00067908033886562    0.0197782109251424    
1628                   4.52593732549397e-05   0.00068014732110448    0.0197635339370239    
1629                   4.51884731062991e-05   0.000681227058482861   0.0197489231607654    
1630                   4.51174465809012e-05   0.000682318677752647   0.0197343786666084    
1631                   4.50462953920573e-05   0.000683421311317167   0.0197199005328579    
1632                   4.49750212967165e-05   0.000684534099305169   0.0197054888449119    
1633                   4.49036258683905e-05   0.000685656192800852   0.0196911436744491    
1634                   4.48321105447616e-05   0.000686786753741988   0.01967686510408      
1635                   4.4760476612613e-05    0.000687924957133232   0.0196626532190805    
1636                   4.46887251031783e-05   0.000689069997450967   0.0196485080455968    
1637                   4.46168573216084e-05   0.000690221086445448   0.0196344296085763    
1638                   4.45448752624082e-05   0.000691377450008851   0.01962041798629      
1639                   4.44727821320458e-05   0.000692538330245131   0.019606473382469     
1640                   4.44005812944015e-05   0.000693702999415094   0.0195925958988074    
1641                   4.4328276583714e-05    0.000694870750914747   0.0195787855897184    
1642                   4.42558725378301e-05   0.000696040900119975   0.0195650424637561    
1643                   4.41833742024184e-05   0.00069721278621213    0.0195513665494637    
1644                   4.41107865097592e-05   0.000698385775008284   0.0195377578791104    
1645                   4.40471093589914e-05   0.000699435746274522   0.0195264842124821    
1646                   4.39807072975892e-05   0.000700470364266718   0.0195152988722076    
1647                   4.39129126620778e-05   0.000701490206095805   0.0195042013223382    
1648                   4.38444208220338e-05   0.000702496274117876   0.0194931914504142    
1649                   4.37754796940471e-05   0.000703489426875697   0.0194822690714716    
1650                   4.37061831471687e-05   0.000704470058136835   0.0194714334690947    
1651                   4.36366204380252e-05   0.000705438205823269   0.0194606834465702    
1652                   4.35668752743399e-05   0.000706394011400177   0.0194500176528839    
1653                   4.34969852485662e-05   0.000707337972875155   0.0194394348024899    
1654                   4.34269404980936e-05   0.000708270872279828   0.0194289336810544    
1655                   4.33567221418839e-05   0.000709193562993486   0.019418513063636     
1656                   4.32863364208107e-05   0.000710106788585538   0.0194081716949775    
1657                   4.32158162424374e-05   0.000711011086887029   0.0193979083374207    
1658                   4.3145199713365e-05    0.000711906812127119   0.0193877218208692    
1659                   4.30745116742018e-05   0.000712794241104859   0.0193776110592272    
1660                   4.30037621704241e-05   0.0007136736890677     0.019367575036122     
1661                   4.29329563402528e-05   0.000714545561987532   0.0193576127890058    
1662                   4.28621029513835e-05   0.000715410320133831   0.0193477234092888    
1663                   4.2791214906699e-05    0.00071626840174635    0.0193379060488629    
1664                   4.27203045133394e-05   0.000717120170467967   0.019328159923918     
1665                   4.26493795498372e-05   0.000717965912631047   0.0193184843073194    
1666                   4.25784432049411e-05   0.000718805868302957   0.0193088785235531    
1667                   4.25074966132486e-05   0.000719640265631971   0.0192993419442698    
1668                   4.24365411109731e-05   0.000720469340355251   0.0192898739858244    
1669                   4.23655787517372e-05   0.000721293338817557   0.019280474107837     
1670                   4.22946115710921e-05   0.000722112514270138   0.0192711418068824    
1671                   4.22236408955068e-05   0.000722927118755228   0.0192618766220275    
1672                   4.21526672026391e-05   0.000723737395604071   0.0192526781270696    
1673                   4.20816904958893e-05   0.000724543580683594   0.0192435459238648    
1674                   4.20107107773338e-05   0.0007253458907833     0.0192344796471403    
1675                   4.19397282062011e-05   0.000726144525764636   0.0192254789597097    
1676                   4.18687430677341e-05   0.000726939680101764   0.0192165435491701    
1677                   4.17977557319399e-05   0.000727731551799752   0.0192076731263505    
1678                   4.17267667197545e-05   0.00072852034306109    0.019198867423398     
1679                   4.16556608695127e-05   0.000729308040504581   0.019190129945271     
1680                   4.15845241986331e-05   0.000730093470337572   0.0191814585518283    
1681                   4.15134834509492e-05   0.000730876695744202   0.0191728522581447    
1682                   4.14424934990274e-05   0.000731658202969822   0.0191643112882416    
1683                   4.13714347747882e-05   0.000732437983314      0.0191558359445091    
1684                   4.13002743473944e-05   0.000733215294620968   0.0191474260196529    
1685                   4.12291301503237e-05   0.000733988833877031   0.0191390813794434    
1686                   4.11578380524325e-05   0.000734760562726271   0.0191307996807062    
1687                   4.10861965353855e-05   0.000735532408340179   0.0191225807957545    
1688                   4.10144953766719e-05   0.000736302749349508   0.0191144250029567    
1689                   4.09428543888557e-05   0.000737071615668824   0.0191063321117215    
1690                   4.08713303145253e-05   0.000737839147782873   0.0190983017438772    
1691                   4.07999502566784e-05   0.00073860541046916    0.0190903335318283    
1692                   4.07282669677305e-05   0.000739370202249344   0.0190824284696526    
1693                   4.06566475502618e-05   0.000740134999030843   0.0190745864480269    
1694                   4.05847021263208e-05   0.000740898366886185   0.0190668081621006    
1695                   4.0512515858345e-05    0.000741660993684403   0.0190590938867756    
1696                   4.04401723704561e-05   0.000742422913041518   0.0190514439642207    
1697                   4.03677803523247e-05   0.000743183862212824   0.0190438584469005    
1698                   4.02954548751688e-05   0.000743943638865363   0.019036337211604     
1699                   4.02232743999399e-05   0.000744702256443734   0.0190288801810085    
1700                   4.01512613713259e-05   0.000745459972649257   0.0190214873878001    
1701                   4.00794013790067e-05   0.000746217109762951   0.0190141589023954    
1702                   4.00076713726972e-05   0.000746973890293375   0.0190068947708153    
1703                   3.99360531468357e-05   0.000747730423023309   0.0189996950044484    
1704                   3.98645318271725e-05   0.000748486755316948   0.0189925596039665    
1705                   3.97930912599281e-05   0.000749242916217668   0.0189854885731063    
1706                   3.97217138027394e-05   0.000749998954252867   0.0189784819150072    
1707                   3.96503848493331e-05   0.000750754951987008   0.0189715396197696    
1708                   3.95790962991341e-05   0.000751511000448099   0.0189646616616785    
1709                   3.9507845994276e-05    0.000752267147307512   0.018957848001298     
1710                   3.94366346894553e-05   0.000753023363956681   0.018951098589528     
1711                   3.93654635891644e-05   0.000753779554510255   0.0189444133689636    
1712                   3.9294333897652e-05    0.000754535593174649   0.0189377922731716    
1713                   3.92232475924329e-05   0.000755291359196672   0.0189312352259569    
1714                   3.91522079681774e-05   0.000756046747561517   0.0189247421430945    
1715                   3.90812193362956e-05   0.000756801658025816   0.0189183129326077    
1716                   3.90102862973213e-05   0.000757555975718528   0.0189119474949495    
1717                   3.89393797186808e-05   0.000758306977543069   0.0189056486555088    
1718                   3.88683230673672e-05   0.000759056790499669   0.0188994177391337    
1719                   3.87969605264649e-05   0.00075980478601185    0.0188932551574934    
1720                   3.87253389685669e-05   0.00076054937382292    0.0188871601166524    
1721                   3.86536090230646e-05   0.000761289724863724   0.01888113159944      
1722                   3.85818570602615e-05   0.000762026374140087   0.0188751691079035    
1723                   3.85100690723822e-05   0.000762760469559703   0.0188692725838933    
1724                   3.84382193563465e-05   0.000763492659698794   0.0188634419528078    
1725                   3.83663449317883e-05   0.00076422273276888    0.0188576769194423    
1726                   3.82945340173753e-05   0.000764950059784481   0.0188519770792212    
1727                   3.82228653749712e-05   0.000765674101683506   0.0188463420884934    
1728                   3.81513705294806e-05   0.000766394608925971   0.0188407717001652    
1729                   3.80800452850115e-05   0.00076711157623811    0.018835265687233     
1730                   3.80088825120513e-05   0.000767825096007525   0.0188298237790492    
1731                   3.79378899909797e-05   0.000768535189671968   0.0188244456671555    
1732                   3.78670842907882e-05   0.000769241699145882   0.01881913103469      
1733                   3.77964765357795e-05   0.000769944285287951   0.018813879575546     
1734                   3.77260664743614e-05   0.000770642522186612   0.0188086909897793    
1735                   3.76558472765756e-05   0.000771336013457823   0.0188035649726056    
1736                   3.75858131833646e-05   0.000772024454625934   0.018798501211775     
1737                   3.75159627334379e-05   0.000772707626002783   0.0187934993921189    
1738                   3.74462969207583e-05   0.000773385333412994   0.0187885592005994    
1739                   3.73768161598122e-05   0.000774057349671869   0.0187836803276623    
1740                   3.73075191606107e-05   0.000774723400099751   0.0187788624661407    
1741                   3.72384037679007e-05   0.000775383181088876   0.0187741053103863    
1742                   3.71694681921303e-05   0.000776036385698021   0.0187694085557164    
1743                   3.71007114996311e-05   0.000776682721931052   0.0187647718999819    
1744                   3.70321333355503e-05   0.000777321921404054   0.0187601950449433    
1745                   3.69637334403242e-05   0.000777953740142496   0.0187556776964641    
1746                   3.68955114198001e-05   0.000778577953393843   0.0187512195643188    
1747                   3.68274720349219e-05   0.000779194347129525   0.0187468203623459    
1748                   3.67596245577319e-05   0.000779802710558649   0.0187424798084893    
1749                   3.66919757013988e-05   0.000780402833346228   0.0187381976249479    
1750                   3.66245371947109e-05   0.000780994509320478   0.0187339735373728    
1751                   3.65573120058954e-05   0.000781577544226412   0.0187298072755445    
1752                   3.64902952390006e-05   0.000782151761487831   0.018725698575003     
1753                   3.64234786015704e-05   0.000782717003789313   0.0187216471757497    
1754                   3.63568538169169e-05   0.000783273129486691   0.0187176528222095    
1755                   3.62904142052881e-05   0.000783820007630778   0.0187137152631693    
1756                   3.62241550100315e-05   0.000784357514818829   0.0187098342519103    
1757                   3.61580731194419e-05   0.000784885535128516   0.0187060095456156    
1758                   3.60921666365314e-05   0.000785403961847345   0.0187022409056814    
1759                   3.60264344813765e-05   0.000785912699637227   0.0186985280978225    
1760                   3.59608760966143e-05   0.0007864116659932     0.0186948708903454    
1761                   3.58954912428586e-05   0.000786900791379065   0.0186912690546071    
1762                   3.58302798840914e-05   0.00078738001818424    0.0186877223656184    
1763                   3.57652421261227e-05   0.000787849299642977   0.0186842306022813    
1764                   3.57003782015334e-05   0.000788308598783808   0.0186807935476001    
1765                   3.56356884671526e-05   0.000788757888159711   0.0186774109886249    
1766                   3.55711734155485e-05   0.000789197149884121   0.0186740827163827    
1767                   3.55068336602057e-05   0.000789626375743202   0.0186708085251715    
1768                   3.54426699409588e-05   0.00079004556720029    0.0186675882126647    
1769                   3.53786832461766e-05   0.000790454735678144   0.0186644215797403    
1770                   3.53148747075811e-05   0.000790853903078348   0.0186613084297717    
1771                   3.52512455089215e-05   0.00079124310153437    0.018658248569437     
1772                   3.51877968581443e-05   0.000791622372417798   0.0186552418080931    
1773                   3.51245299982814e-05   0.00079199176493832    0.0186522879577038    
1774                   3.50614461992207e-05   0.000792351335359398   0.01864938683275      
1775                   3.49985468005181e-05   0.000792701145812553   0.018646538250075     
1776                   3.49358330850024e-05   0.000793041267493014   0.0186437420286557    
1777                   3.48733062040834e-05   0.000793371777935477   0.0186409979883833    
1778                   3.48109672324253e-05   0.000793692762115819   0.0186383059508228    
1779                   3.47488172467324e-05   0.000794004311121948   0.0186356657389427    
1780                   3.46868573233685e-05   0.000794306524138329   0.0186330771761192    
1781                   3.46250885482854e-05   0.000794599508837978   0.018630540087816     
1782                   3.45635119773551e-05   0.000794883378908768   0.0186280543012627    
1783                   3.45021286158178e-05   0.000795158251337972   0.0186256196452438    
1784                   3.44409394155716e-05   0.000795424244457287   0.0186232359495525    
1785                   3.43799453004156e-05   0.000795681477860099   0.0186209030449407    
1786                   3.43191471723003e-05   0.000795930074295299   0.0186186207630217    
1787                   3.42585459165968e-05   0.00079617015797123    0.0186163889366824    
1788                   3.4198142387376e-05    0.000796401851355004   0.0186142073997128    
1789                   3.41379374002534e-05   0.000796625275792965   0.0186120759861868    
1790                   3.40779317259812e-05   0.000796840555487928   0.0186099945304092    
1791                   3.40181260667108e-05   0.00079704781980156    0.0186079628671051    
1792                   3.39585210505456e-05   0.000797247202373749   0.0186059808312406    
1793                   3.38991172334741e-05   0.00079743883915723    0.0186040482580469    
1794                   3.38399151102662e-05   0.000797622866771475   0.0186021649824913    
1795                   3.37809151382971e-05   0.00079779942180766    0.0186003308393482    
1796                   3.37221177407448e-05   0.000797968641042153   0.018598545662862     
1797                   3.36635233038243e-05   0.000798130661510699   0.0185968092865991    
1798                   3.36051321957259e-05   0.00079828562052865    0.0185951215433203    
1799                   3.35469448798666e-05   0.000798433656637411   0.0185934822648174    
1800                   3.34889619213545e-05   0.000798574909447998   0.0185918912820994    
1801                   3.34311838707883e-05   0.000798709516274613   0.0185903484241966    
1802                   3.33736112960575e-05   0.000798837614171888   0.0185888535196936    
1803                   3.33162447432329e-05   0.00079895934072165    0.0185874063958284    
1804                   3.32590847538305e-05   0.000799074830875101   0.0185860068784085    
1805                   3.32021318858489e-05   0.000799184222129386   0.0185846547932761    
1806                   3.31453867183877e-05   0.000799287653679241   0.0185833499658183    
1807                   3.30888498370901e-05   0.000799385261443611   0.0185820922205633    
1808                   3.30325218080348e-05   0.000799477175991415   0.0185808813805065    
1809                   3.2976403185611e-05    0.000799563524455687   0.0185797172668695    
1810                   3.2920494508041e-05    0.00079964443320762    0.0185785996991715    
1811                   3.2864796264549e-05    0.000799720028543514   0.0185775284950085    
1812                   3.28093089139735e-05   0.000799790435344432   0.0185765034703203    
1813                   3.27540328308164e-05   0.000799855775719207   0.0185755244388354    
1814                   3.26989683609337e-05   0.000799916167751132   0.0185745912126053    
1815                   3.26441157699381e-05   0.000799971726020895   0.0185737036014942    
1816                   3.2589475242398e-05    0.000800022566039512   0.018572861414437     
1817                   3.25350468800578e-05   0.000800068807281229   0.0185720644599188    
1818                   3.24808306931576e-05   0.000800110563301076   0.0185713125447299    
1819                   3.24268265348819e-05   0.00080014794137386    0.0185706054735632    
1820                   3.23730342443903e-05   0.00080018104376707    0.0185699430486184    
1821                   3.23194536975449e-05   0.000800209972207509   0.0185693250696831    
1822                   3.22660847636586e-05   0.000800234825274061   0.0185687513346475    
1823                   3.22129272567354e-05   0.000800255699919871   0.0185682216397527    
1824                   3.21599810226819e-05   0.000800272686964272   0.0185677357797352    
1825                   3.21072459896676e-05   0.000800285871020938   0.0185672935478134    
1826                   3.20547221918268e-05   0.000800295332532858   0.0185668947365021    
1827                   3.20024097583372e-05   0.000800301149707393   0.0185665391380693    
1828                   3.19503089949569e-05   0.000800303397404564   0.0185662265430169    
1829                   3.18984203554439e-05   0.00080030214559077    0.0185659567399687    
1830                   3.1846744401899e-05    0.000800297459299174   0.0185657295159767    
1831                   3.17952817617372e-05   0.000800289398986445   0.0185655446569368    
1832                   3.17440331080819e-05   0.000800278020875797   0.0185654019477828    
1833                   3.16929992557865e-05   0.000800263377168776   0.0185653011727658    
1834                   3.16421811137172e-05   0.000800245516096676   0.0185652421148619    
1835                   3.15915796672758e-05   0.000800224481538781   0.0185652245564972    
1836                   3.15411959674362e-05   0.000800200312986303   0.0185652482787789    
1837                   3.14910311271431e-05   0.000800173045353912   0.0185653130610254    
1838                   3.14410863234878e-05   0.000800142708990665   0.018565418681268     
1839                   3.13913627943269e-05   0.000800109329747011   0.0185655649164922    
1840                   3.13418618812856e-05   0.000800072928772476   0.018565751542256     
1841                   3.129258502453e-05     0.000800033522772016   0.0185659783325869    
1842                   3.12435337899298e-05   0.000799991123920002   0.0185662450597364    
1843                   3.11947098701494e-05   0.000799945739984756   0.0185665514947937    
1844                   3.11461150997953e-05   0.000799897374397741   0.0185668974065728    
1845                   3.10977515571449e-05   0.000799846026201864   0.0185672825616355    
1846                   3.10496215768955e-05   0.000799791690335416   0.0185677067243167    
1847                   3.10017278021241e-05   0.000799734357927368   0.0185681696561504    
1848                   3.09540732424122e-05   0.000799674016493165   0.0185686711150643    
1849                   3.09066612547958e-05   0.000799610651482384   0.01856921085471      
1850                   3.08594956347593e-05   0.000799544248592321   0.0185697886235681    
1851                   3.0812580828589e-05    0.000799474794451473   0.0185704041627153    
1852                   3.07659213866863e-05   0.000799402275541618   0.0185710572085993    
1853                   3.07195231854391e-05   0.000799326675955905   0.0185717474840507    
1854                   3.06733933228285e-05   0.000799247976608384   0.0185724746989635    
1855                   3.06275407750139e-05   0.000799166162639643   0.0185732385424407    
1856                   3.05819766907703e-05   0.000799081222281705   0.018574038678745     
1857                   3.05367150334934e-05   0.000798993143552866   0.018574874736801     
1858                   3.04917732815189e-05   0.000798901916098132   0.0185757462997185    
1859                   3.04471736134432e-05   0.000798807536775022   0.018576652887459     
1860                   3.04029448841053e-05   0.000798710021149923   0.0185775939272248    
1861                   3.03591250580131e-05   0.000798609411514016   0.01857856871647      
1862                   3.03157651744836e-05   0.000798505783379576   0.018579576360735     
1863                   3.02729351939412e-05   0.000798399257617949   0.0185806156799747    
1864                   3.02307334600592e-05   0.000798290026553588   0.0185816850520739    
1865                   3.01893018921913e-05   0.000798178398550482   0.0185827821553166    
1866                   3.01447012188195e-05   0.000798054432089532   0.0185839767296341    
1867                   3.00995975379194e-05   0.000797926260270206   0.01858520476991      
1868                   3.0054396823314e-05    0.000797793872332692   0.0185864660961563    
1869                   3.00093355843463e-05   0.000797657249309595   0.0185877605284151    
1870                   2.99645412911736e-05   0.000797516351396661   0.018589087884463     
1871                   2.99200743030599e-05   0.00079737111379461    0.0185904479793955    
1872                   2.98759554219696e-05   0.000797221458838573   0.0185918406271903    
1873                   2.98321833511964e-05   0.000797067310886275   0.0185932656425711    
1874                   2.97848168518711e-05   0.00079689643475961    0.0185947932975662    
1875                   2.97375819448153e-05   0.0007967233753215     0.0185963331452938    
1876                   2.96911539755272e-05   0.00079654721467051    0.0185978917114769    
1877                   2.9645706796982e-05    0.000796367395158102   0.0185994727645998    
1878                   2.96056913020595e-05   0.000796197306247879   0.0186010409208986    
1879                   2.95682213148943e-05   0.00079602164129891    0.0186026466729247    
1880                   2.95317039938247e-05   0.000795840359777357   0.0186042891414122    
1881                   2.94952851830273e-05   0.000795653368516492   0.0186059679830017    
1882                   2.9458554024293e-05    0.000795460585792444   0.0186076829592255    
1883                   2.9421349028855e-05    0.000795261952594077   0.0186094338674827    
1884                   2.93836430775645e-05   0.000795057423478375   0.0186112205070751    
1885                   2.93454761701786e-05   0.000794846954261233   0.0186130426666744    
1886                   2.93069176605208e-05   0.000794630508797385   0.0186149000767111    
1887                   2.92680431759099e-05   0.00079440805772362    0.0186167924867554    
1888                   2.92289243356552e-05   0.000794179586009578   0.0186187196348404    
1889                   2.91896251809911e-05   0.000793945096673167   0.0186206812039011    
1890                   2.91501998771837e-05   0.00079370460088893    0.0186226768962832    
1891                   2.91106937090351e-05   0.000793458111756761   0.0186247064316428    
1892                   2.90711448813818e-05   0.000793205644267932   0.0186267695289225    
1893                   2.90315869582722e-05   0.000792947225093374   0.0186288658456515    
1894                   2.89920477070045e-05   0.000792682881685947   0.0186309950901658    
1895                   2.89525505674951e-05   0.000792412646981754   0.0186331569860346    
1896                   2.89131155959942e-05   0.000792136560088401   0.0186353512569284    
1897                   2.88737600686442e-05   0.000791854666011303   0.0186375776231222    
1898                   2.88345559877685e-05   0.000791566778521895   0.0186398361132588    
1899                   2.87954800562463e-05   0.000791272715441024   0.018642128092743     
1900                   2.87564836616236e-05   0.000790972793550257   0.0186444528336207    
1901                   2.87175325224576e-05   0.000790667158466099   0.0186468099509388    
1902                   2.86786398667375e-05   0.000790355983995871   0.0186491989535125    
1903                   2.86398438917262e-05   0.000790039415238906   0.0186516194638371    
1904                   2.86011906113398e-05   0.000789717589828656   0.0186540711172944    
1905                   2.85627191331863e-05   0.00078939062687803    0.0186565535930648    
1906                   2.85244568444126e-05   0.000789058641190848   0.0186590665906819    
1907                   2.84864191369601e-05   0.000788721747241372   0.018661609823306     
1908                   2.84486119088583e-05   0.00078838006046207    0.0186641830115713    
1909                   2.8411034554987e-05    0.00078803369450702    0.0186667858848157    
1910                   2.83736827794218e-05   0.000787682760772668   0.0186694181755944    
1911                   2.83365506033751e-05   0.000787327368379074   0.0186720796207224    
1912                   2.82996316893389e-05   0.000786967625610927   0.0186747699619882    
1913                   2.82629200831719e-05   0.000786603641643864   0.0186774889478995    
1914                   2.82264106758935e-05   0.000786235528907386   0.0186802363268442    
1915                   2.81900993601791e-05   0.000785863402341479   0.0186830118490809    
1916                   2.8153982849673e-05    0.000785487381096571   0.0186858152685365    
1917                   2.81180584985589e-05   0.000785107585113291   0.0186886463388727    
1918                   2.80823242865891e-05   0.000784724135837138   0.018691504815005     
1919                   2.80467787314673e-05   0.000784337156752457   0.018694390450673     
1920                   2.80114206905741e-05   0.000783946774700002   0.0186973030056189    
1921                   2.79762494069094e-05   0.000783553118262769   0.0187002422339691    
1922                   2.79412643432531e-05   0.000783156317983646   0.0187032078928616    
1923                   2.79064652288083e-05   0.000782756505999      0.0187061997338925    
1924                   2.78718519569467e-05   0.000782353813897473   0.0187092175072864    
1925                   2.78374246080056e-05   0.000781948371988909   0.0187122609560372    
1926                   2.78031833425196e-05   0.000781540307751591   0.0187153298230028    
1927                   2.77691285028064e-05   0.000781129747280479   0.0187184238430267    
1928                   2.7735260468739e-05    0.000780716814545916   0.0187215427545627    
1929                   2.77015796809131e-05   0.000780301631663403   0.018724686294179     
1930                   2.76680866511617e-05   0.000779884319342554   0.0187278541952008    
1931                   2.76347819572483e-05   0.000779464996405483   0.0187310461874517    
1932                   2.76016662179754e-05   0.000779043779282881   0.018734261997055     
1933                   2.75687400437076e-05   0.000778620782355756   0.0187375013475776    
1934                   2.75360039737417e-05   0.000778196117620123   0.018740763962563     
1935                   2.75034584801093e-05   0.000777769894297503   0.0187440495626459    
1936                   2.74711039581805e-05   0.000777342217595533   0.0187473578650493    
1937                   2.7438940777681e-05    0.000776913189176075   0.0187506885778718    
1938                   2.74069691617988e-05   0.000776482905780902   0.0187540414129361    
1939                   2.73751893434671e-05   0.000776051461770042   0.0187574160709183    
1940                   2.73436015065868e-05   0.000775618948507133   0.0187608122490544    
1941                   2.73122058107277e-05   0.000775185454208692   0.018764229640207     
1942                   2.72810021950354e-05   0.000774751060265542   0.0187676679554093    
1943                   2.72499906250241e-05   0.000774315843968665   0.0187711269007557    
1944                   2.72191711054302e-05   0.000773879878473705   0.018774606179548     
1945                   2.71885436482666e-05   0.000773443231681985   0.0187781054960769    
1946                   2.71581082989401e-05   0.000773005969252519   0.0187816245524053    
1947                   2.71278651404597e-05   0.000772568153081246   0.018785163048564     
1948                   2.70978143125297e-05   0.000772129840713757   0.0187887206800389    
1949                   2.7067955961204e-05    0.000771691085721288   0.0187922971423098    
1950                   2.70382902076452e-05   0.00077125193473067    0.0187958921329135    
1951                   2.70088171737482e-05   0.000770812435209348   0.0187995053491729    
1952                   2.69795370215225e-05   0.000770372629909201   0.018803136484348     
1953                   2.69504498751778e-05   0.000769932552463951   0.0188067852347486    
1954                   2.6921555729944e-05    0.000769492231058739   0.0188104513085514    
1955                   2.689285456638e-05     0.000769051694454163   0.0188141344138584    
1956                   2.68643464461844e-05   0.000768610978220159   0.0188178342484978    
1957                   2.68360313844101e-05   0.000768170105135553   0.0188215505148462    
1958                   2.680790934421e-05     0.000767729080256677   0.0188252829170705    
1959                   2.67799801526885e-05   0.000767287905413268   0.018829031167122     
1960                   2.67522435790514e-05   0.000766846588158458   0.0188327949748425    
1961                   2.67246993915962e-05   0.000766405136672423   0.0188365740443093    
1962                   2.6697347301068e-05    0.00076596355470454    0.0188403680827705    
1963                   2.66701869706929e-05   0.000765521841798549   0.0188441767988613    
1964                   2.66432180248967e-05   0.000765079995092084   0.0188479999011062    
1965                   2.66164400379097e-05   0.000764638009688139   0.0188518370998048    
1966                   2.65898524940313e-05   0.000764195874317974   0.0188556881130819    
1967                   2.65634548457402e-05   0.000763753581685288   0.0188595526592966    
1968                   2.65372465155366e-05   0.000763311129811531   0.018863430457337     
1969                   2.65112269232875e-05   0.000762868516648117   0.0188673212220557    
1970                   2.64853954672628e-05   0.000762425735519625   0.0188712246671752    
1971                   2.64597514693092e-05   0.000761982774778614   0.0188751405144545    
1972                   2.64342941998321e-05   0.000761539620128764   0.0188790684910147    
1973                   2.64090228782572e-05   0.000761096256242908   0.0188830083308174    
1974                   2.63839367095808e-05   0.000760652666497021   0.0188869597712061    
1975                   2.63590349073785e-05   0.000760208830154171   0.0188909225512745    
1976                   2.63343166977197e-05   0.000759764723801239   0.0188948964132866    
1977                   2.63097813159816e-05   0.000759320323476404   0.0188988811054209    
1978                   2.62854280556267e-05   0.000758875606424639   0.0189028763749469    
1979                   2.6261256260771e-05    0.000758430551399007   0.0189068819707712    
1980                   2.62372653163446e-05   0.000757985139147253   0.0189108976461998    
1981                   2.6213454649401e-05    0.000757539352598286   0.0189149231585196    
1982                   2.61898237358062e-05   0.000757093176606957   0.0189189582683508    
1983                   2.61663721156644e-05   0.000756646587990234   0.0189230027383058    
1984                   2.61430993662346e-05   0.000756199567599488   0.0189270563357213    
1985                   2.61200050132379e-05   0.000755752106814999   0.0189311188468643    
1986                   2.60970887323181e-05   0.000755304200800617   0.0189351900417698    
1987                   2.60743502620675e-05   0.000754855838007846   0.0189392696889562    
1988                   2.60517892876033e-05   0.000754407002868505   0.0189433575622742    
1989                   2.60294055278829e-05   0.000753957680948977   0.0189474534365537    
1990                   2.60071987980402e-05   0.000753507866012824   0.0189515570961187    
1991                   2.59851689836075e-05   0.000753057556290244   0.0189556683185633    
1992                   2.59633159796739e-05   0.000752606750569999   0.0189597868784048    
1993                   2.59416395978442e-05   0.000752155446362691   0.0189639125603778    
1994                   2.59201396764288e-05   0.000751703643394704   0.0189680451407868    
1995                   2.58988160068115e-05   0.000751251342781187   0.0189721844037998    
1996                   2.58776683532659e-05   0.000750798547094841   0.0189763301395507    
1997                   2.58566964807249e-05   0.00075034526092097    0.0189804821393397    
1998                   2.58359001841136e-05   0.0007498914918711     0.0189846401893431    
1999                   2.58152792185202e-05   0.000749437249220142   0.0189888040844622    
2000                   2.57948333191331e-05   0.000748982544281115   0.0189929736225705    
2001                   2.57745622211247e-05   0.000748527387525866   0.0189971485977997    
2002                   2.57544656541831e-05   0.00074807178848369    0.0190013287986333    
2003                   2.57345433326772e-05   0.000747615758382631   0.0190055140105067    
2004                   2.57147949502915e-05   0.000747159311038501   0.0190097040196508    
2005                   2.56952202443209e-05   0.00074670246228205    0.0190138986132041    
2006                   2.567581886962e-05     0.000746245231529185   0.0190180975906796    
2007                   2.56565903899299e-05   0.000745787642479098   0.0190223007477267    
2008                   2.56375343861829e-05   0.000745329723906613   0.0190265078725493    
2009                   2.56186504659331e-05   0.000744871506446926   0.0190307187513468    
2010                   2.55999382624329e-05   0.000744413021170065   0.0190349331682822    
2011                   2.55813973874677e-05   0.000743954299460905   0.0190391509134005    
2012                   2.55630274870856e-05   0.000743495374649502   0.0190433717674711    
2013                   2.55448281838436e-05   0.000743036280963106   0.0190475955124912    
2014                   2.55267990832078e-05   0.000742577053593426   0.019051821928785     
2015                   2.55089397795276e-05   0.000742117728234354   0.0190560507935924    
2016                   2.54912498678965e-05   0.000741658340671516   0.0190602818793896    
2017                   2.54737289387681e-05   0.000741198926280819   0.01906451495658      
2018                   2.54563765709847e-05   0.000740739520199179   0.0190687497962489    
2019                   2.54391923521704e-05   0.000740280157692672   0.0190729861659578    
2020                   2.54221758749848e-05   0.000739820873882985   0.0190772238310676    
2021                   2.54053267335404e-05   0.000739361703860783   0.0190814625560442    
2022                   2.53886445281511e-05   0.000738902683064086   0.0190857021041862    
2023                   2.53721288672177e-05   0.000738443847130359   0.0190899422378499    
2024                   2.535577936338e-05     0.000737985231492683   0.0190941827195255    
2025                   2.5339595640653e-05    0.000737526871403307   0.0190984233095905    
2026                   2.53235773368638e-05   0.000737068802214895   0.019102663764625     
2027                   2.53077240759612e-05   0.000736611058550447   0.0191069038441555    
2028                   2.529203547544e-05     0.000736153674353607   0.0191111433092416    
2029                   2.52765111569026e-05   0.000735696682975902   0.0191153819204295    
2030                   2.5261150751046e-05    0.000735240117084583   0.0191196194373622    
2031                   2.52459538916642e-05   0.000734784007086851   0.0191238556212494    
2032                   2.52309202228079e-05   0.000734328385063589   0.019128090232983     
2033                   2.52160493955222e-05   0.000733873280636066   0.0191323230335226    
2034                   2.52013410658336e-05   0.000733418721670993   0.0191365537842906    
2035                   2.51867948958325e-05   0.000732964736280103   0.0191407822471236    
2036                   2.5172410556374e-05    0.000732511351963374   0.0191450081835873    
2037                   2.51581877238465e-05   0.000732058593716961   0.0191492313561421    
2038                   2.51441260799223e-05   0.000731606484030956   0.0191534515282257    
2039                   2.51302253123248e-05   0.000731155044132681   0.0191576684643551    
2040                   2.51164851185528e-05   0.000730704295062132   0.0191618819294203    
2041                   2.51029052040037e-05   0.000730254257554015   0.0191660916884656    
2042                   2.50894852739639e-05   0.000729804951120826   0.0191702975086385    
2043                   2.50762250152769e-05   0.000729356394615203   0.0191744991640523    
2044                   2.50631241217876e-05   0.000728908606541365   0.0191786964285346    
2045                   2.50501823114469e-05   0.000728461604244977   0.019182889071623     
2046                   2.50373993094828e-05   0.000728015402777668   0.0191870768635321    
2047                   2.50247748477813e-05   0.000727570015102414   0.0191912595741521    
2048                   2.50123086814116e-05   0.000727125453251112   0.019195436966566     
2049                   2.50000005527198e-05   0.000726681727368166   0.0191996088091892    
2050                   2.49878502026773e-05   0.00072623884597948    0.019203774872898     
2051                   2.4975857371745e-05    0.000725796816050897   0.0192079349312776    
2052                   2.49640217793864e-05   0.000725355643988154   0.019212088754976     
2053                   2.49523431505389e-05   0.000724915333792992   0.0192162361198624    
2054                   2.49408212817114e-05   0.000724475889006266   0.0192203768016454    
2055                   2.49294559988741e-05   0.000724037311932985   0.0192245105750456    
2056                   2.49182471194575e-05   0.000723599603728387   0.0192286372168133    
2057                   2.49071944427331e-05   0.000723162764469686   0.0192327565054933    
2058                   2.48962977569266e-05   0.000722726793227123   0.0192368682214108    
2059                   2.48855568522608e-05   0.000722291688496907   0.0192409721441081    
2060                   2.48749715322423e-05   0.000721857448277128   0.0192450680518999    
2061                   2.48645416039976e-05   0.000721424069624759   0.0192491557265653    
2062                   2.48542668768829e-05   0.000720991549135754   0.0192532349479436    
2063                   2.48441471404406e-05   0.000720559882760878   0.0192573054962069    
2064                   2.48341821547709e-05   0.000720129065833705   0.0192613671529691    
2065                   2.48243716585471e-05   0.000719699093437027   0.0192654196986747    
2066                   2.48147153676468e-05   0.000719269960273919   0.0192694629155749    
2067                   2.48052129814072e-05   0.000718841660907911   0.0192734965866799    
2068                   2.47958641870489e-05   0.00071841418990153    0.0192775204944378    
2069                   2.47866686589002e-05   0.00071798754172678    0.0192815344222035    
2070                   2.47776260693718e-05   0.000717561710973672   0.0192855381518552    
2071                   2.47687361279784e-05   0.000717136691961451   0.019289531466787     
2072                   2.47599985413683e-05   0.000716712479840486   0.0192935141497439    
2073                   2.47514129321663e-05   0.00071628906967776    0.0192974859830429    
2074                   2.47429789244453e-05   0.000715866456692355   0.0193014467508398    
2075                   2.47346961616671e-05   0.000715444636683205   0.0193053962372164    
2076                   2.47265643148222e-05   0.000715023605806759   0.0193093342262943    
2077                   2.47185830732395e-05   0.000714603360556581   0.0193132605023578    
2078                   2.47107521297976e-05   0.000714183898058439   0.0193171748499814    
2079                   2.47030711713046e-05   0.000713765216202252   0.0193210770536956    
2080                   2.46955398742211e-05   0.000713347313554716   0.0193249668978369    
2081                   2.46881579066701e-05   0.000712930188529032   0.0193288441656071    
2082                   2.4680924922462e-05    0.000712513838094205   0.0193327086441746    
2083                   2.46738405710477e-05   0.000712098261001069   0.0193365601217429    
2084                   2.46669044998213e-05   0.00071168345963788    0.0193403983870047    
2085                   2.46601163611278e-05   0.000711269437580032   0.0193442232251897    
2086                   2.46534758027832e-05   0.000710856196917487   0.0193480344224781    
2087                   2.46469824654016e-05   0.000710443739153879   0.019351831765952     
2088                   2.46406359783493e-05   0.000710032066945076   0.0193556150446355    
2089                   2.46344359603766e-05   0.000709621184910132   0.0193593840489857    
2090                   2.46283820272145e-05   0.000709211099586349   0.019363138567029     
2091                   2.46224737853455e-05   0.000708801818602488   0.0193668783893116    
2092                   2.46167108284938e-05   0.000708393350783947   0.0193706033121143    
2093                   2.46110927549378e-05   0.000707985707542573   0.0193743131239491    
2094                   2.46056191494037e-05   0.000707578901321761   0.0193780076151854    
2095                   2.46002895947002e-05   0.000707172945183237   0.0193816865772461    
2096                   2.45951036882974e-05   0.000706767852469459   0.0193853498045506    
2097                   2.45900610546468e-05   0.000706363637005779   0.0193889970928169    
2098                   2.45851613400106e-05   0.000705960313148299   0.0193926282391679    
2099                   2.45804042034011e-05   0.000705557896069505   0.0193962430409209    
2100                   2.45757893067136e-05   0.000705156401720442   0.01939984129625      
2101                   2.45713163010859e-05   0.000704755846594635   0.0194034228067596    
2102                   2.45669848254518e-05   0.000704356247908462   0.0194069873756209    
2103                   2.45627945140518e-05   0.000703957623502979   0.0194105348076345    
2104                   2.45587450001225e-05   0.00070355999218738    0.0194140649075401    
2105                   2.45548359026442e-05   0.000703163373576472   0.0194175774846287    
2106                   2.45510668171537e-05   0.000702767788133241   0.0194210723481386    
2107                   2.45474372833085e-05   0.000702373256568957   0.0194245493097755    
2108                   2.45439467916419e-05   0.000701979799195596   0.0194280081834568    
2109                   2.45405947881076e-05   0.000701587436238887   0.0194314487848089    
2110                   2.45373806853768e-05   0.000701196187607612   0.019434870930924     
2111                   2.45343038411163e-05   0.000700806072866742   0.019438274441521     
2112                   2.45313635503169e-05   0.000700417111355299   0.0194416591380243    
2113                   2.45285590474082e-05   0.000700029322327436   0.0194450248435563    
2114                   2.4525889518337e-05    0.000699642725062436   0.0194483713823541    
2115                   2.45233541044746e-05   0.000699257338512251   0.0194516985832577    
2116                   2.45209519098362e-05   0.000698873181547478   0.019455006277771     
2117                   2.45186820238998e-05   0.000698490272866453   0.019458294299853     
2118                   2.45165435375279e-05   0.00069810863105603    0.0194615624844701    
2119                   2.45145355435887e-05   0.000697728274517166   0.0194648106665113    
2120                   2.45126571272734e-05   0.000697349221110865   0.0194680386830144    
2121                   2.45109073521021e-05   0.000696971487774277   0.0194712463763064    
2122                   2.45092852515601e-05   0.000696595090943939   0.019474433589958     
2123                   2.4507789827455e-05    0.000696220046229466   0.0194776001721036    
2124                   2.4506420060784e-05    0.000695846368766302   0.0194807459715202    
2125                   2.45051749181858e-05   0.000695474072780493   0.0194838708414585    
2126                   2.45040533585387e-05   0.000695103171824522   0.0194869746368452    
2127                   2.45030543417922e-05   0.000694733678690079   0.019490057214672     
2128                   2.45021768468024e-05   0.000694365605085799   0.0194931184361211    
2129                   2.45014198959422e-05   0.000693998962100198   0.019496158161628     
2130                   2.45007825698438e-05   0.000693633759637475   0.0194991762569408    
2131                   2.45002640205082e-05   0.000693270006970743   0.0195021725880195    
2132                   2.44998634720717e-05   0.000692907712336594   0.0195051470241778    
2133                   2.44995802001533e-05   0.000692546882857037   0.0195080994380589    
2134                   2.44994135095121e-05   0.000692187524796408   0.0195110297031915    
2135                   2.44993627123974e-05   0.000691829643308714   0.0195139376961772    
2136                   2.44994271015652e-05   0.000691473242598365   0.0195168232957787    
2137                   2.44996059285587e-05   0.000691118325622773   0.0195196863854321    
2138                   2.44998983973854e-05   0.000690764894262795   0.0195225268511189    
2139                   2.45003036753537e-05   0.000690412949337129   0.0195253445814654    
2140                   2.45008209144962e-05   0.000690062490496817   0.0195281394692471    
2141                   2.45014492717465e-05   0.000689713516738186   0.0195309114077012    
2142                   2.45021879219629e-05   0.000689366026330432   0.0195336602917384    
2143                   2.45030360615296e-05   0.000689020016807349   0.0195363860182745    
2144                   2.45039929083745e-05   0.00068867548495433    0.0195390884905183    
2145                   2.45050576966798e-05   0.000688332427525889   0.0195417676125152    
2146                   2.45062296684899e-05   0.000687990841100898   0.0195444232877364    
2147                   2.45075080658698e-05   0.000687650721078661   0.0195470554284811    
2148                   2.45088921161219e-05   0.000687312062946374   0.0195496639441101    
2149                   2.45103810254427e-05   0.000686974861450697   0.0195522487460968    
2150                   2.45119739769629e-05   0.000686639110347698   0.0195548097485042    
2151                   2.45136701530341e-05   0.000686304802556051   0.0195573468663608    
2152                   2.4515468758583e-05    0.000685971930451147   0.0195598600145546    
2153                   2.45173690345925e-05   0.000685640485613256   0.0195623491110627    
2154                   2.45193702513539e-05   0.000685310459307552   0.0195648140782026    
2155                   2.45214717206307e-05   0.000684981842293801   0.0195672548404739    
2156                   2.45236727915128e-05   0.000684654625754337   0.019569671326291     
2157                   2.45259728550866e-05   0.000684328800545811   0.0195720634636292    
2158                   2.45283713360342e-05   0.000684004356642248   0.019574431182085     
2159                   2.4530867679952e-05    0.000683681283474774   0.0195767744144413    
2160                   2.45334613425954e-05   0.000683359570550471   0.0195790930958196    
2161                   2.4536151783953e-05    0.000683039207570633   0.0195813871632884    
2162                   2.4538938459903e-05    0.000682720184330087   0.0195836565553592    
2163                   2.45418208115784e-05   0.000682402490728287   0.0195859012120798    
2164                   2.4544798265559e-05    0.00068208611693119    0.0195881210752096    
2165                   2.45478702529305e-05   0.000681771053305446   0.0195903160895437    
2166                   2.45510362266924e-05   0.00068145729058595    0.0195924862016014    
2167                   2.45542956692952e-05   0.00068114481978064    0.0195946313596585    
2168                   2.45576480885635e-05   0.00068083363214423    0.0195967515138648    
2169                   2.45610930138109e-05   0.000680523719076107   0.019598846619893     
2170                   2.45646299771521e-05   0.000680215073078107   0.0196009166340464    
2171                   2.45682585020652e-05   0.000679907687797397   0.019602961511478     
2172                   2.45719781036116e-05   0.000679601557189598   0.0196049812092704    
2173                   2.4575788260226e-05    0.000679296675870654   0.0196069756840352    
2174                   2.45796884395512e-05   0.000678993038453096   0.0196089448918619    
2175                   2.45836781316548e-05   0.00067869063965756    0.019610888794477     
2176                   2.45877567586738e-05   0.000678389474088883   0.0196128073573072    
2177                   2.45919236605964e-05   0.000678089536770166   0.0196147005468432    
2178                   2.4596178100243e-05    0.000677790823115162   0.0196165683315989    
2179                   2.46005192461473e-05   0.000677493329338873   0.0196184106821673    
2180                   2.46049461466802e-05   0.00067719705210793    0.0196202275710845    
2181                   2.46094577563156e-05   0.00067690198868587    0.0196220189730327    
2182                   2.46140529767587e-05   0.000676608136912878   0.0196237848643558    
2183                   2.46187306893614e-05   0.000676315495132608   0.0196255252226486    
2184                   2.46234897531427e-05   0.000676024062334605   0.0196272400274702    
2185                   2.46283290535508e-05   0.000675733837436578   0.0196289292603609    
2186                   2.4633247574464e-05    0.000675444820248713   0.0196305929047825    
2187                   2.46382443523069e-05   0.000675157011064442   0.019632230946164     
2188                   2.46434369963917e-05   0.000674870471042914   0.0196338427825108    
2189                   2.46487296011471e-05   0.000674585482538767   0.0196354280924912    
2190                   2.46540851946773e-05   0.000674302036025892   0.0196369872799839    
2191                   2.46595778122632e-05   0.000674020050083272   0.0196385202061704    
2192                   2.46650912448299e-05   0.000673739582228883   0.0196400267372322    
2193                   2.46707267047074e-05   0.000673460560283045   0.0196415064946013    
2194                   2.46765019757923e-05   0.0006731830715989     0.0196429589584576    
2195                   2.46824152538925e-05   0.000672907338054073   0.0196443837978743    
2196                   2.46884384226893e-05   0.000672633478061304   0.0196457809797543    
2197                   2.46945280989046e-05   0.00067236150416844    0.0196471505699747    
2198                   2.47006508879111e-05   0.000672091331967738   0.0196484925665792    
2199                   2.47067980998721e-05   0.00067182281551379    0.019649806898941     
2200                   2.47129811984764e-05   0.000671555826533639   0.0196510935014047    
2201                   2.4719217564489e-05    0.0006712903103154     0.0196523523553332    
2202                   2.47255198630802e-05   0.000671026276762492   0.0196535834755425    
2203                   2.47318944898911e-05   0.000670763758996249   0.0196547868811174    
2204                   2.47383454118888e-05   0.00067050277065281    0.0196559625806883    
2205                   2.47448774103258e-05   0.000670243284719357   0.0196571105805642    
2206                   2.47514957728756e-05   0.000669985242430361   0.019658230892027     
2207                   2.47582043021235e-05   0.000669728580742272   0.0196593235318772    
2208                   2.4765004223644e-05    0.000669473261616512   0.0196603885179923    
2209                   2.47718946242558e-05   0.000669219279225897   0.019661425865525     
2210                   2.47788738378595e-05   0.000668966647581399   0.0196624355874192    
2211                   2.47859404689303e-05   0.000668715381501973   0.0196634176963749    
2212                   2.4793093555016e-05    0.00066846548515006    0.0196643722042241    
2213                   2.48003322203215e-05   0.00066821695167989    0.0196652991221816    
2214                   2.48076553556815e-05   0.000667969770026965   0.0196661984610012    
2215                   2.48150615846971e-05   0.000667723932045114   0.0196670702305556    
2216                   2.4822549443974e-05    0.000667479435653156   0.0196679144403108    
2217                   2.48301175574506e-05   0.000667236284119617   0.0196687310997674    
2218                   2.4837764675285e-05    0.000666994483525715   0.0196695202186048    
2219                   2.4845489590064e-05    0.000666754040479849   0.0196702818061896    
2220                   2.48532910373981e-05   0.000666514960443955   0.0196710158725913    
2221                   2.48611676229277e-05   0.000666277247471705   0.0196717224280798    
2222                   2.48691178258168e-05   0.000666040904168851   0.0196724014843338    
2223                   2.48771400243247e-05   0.000665805932405223   0.0196730530541859    
2224                   2.48852325425934e-05   0.000665572334518195   0.0196736771507447    
2225                   2.48933937079596e-05   0.000665340113217565   0.0196742737892971    
2226                   2.49016218352111e-05   0.000665109272048186   0.0196748429863352    
2227                   2.49099152869861e-05   0.000664879814476742   0.0196753847613803    
2228                   2.49182725103519e-05   0.000664651743626908   0.0196758991363158    
2229                   2.49266920252333e-05   0.000664425062858491   0.0196763861328711    
2230                   2.49351724700706e-05   0.000664199774640931   0.0196768457747907    
2231                   2.49437125999069e-05   0.000663975880452237   0.0196772780877578    
2232                   2.49523112814748e-05   0.000663753381015734   0.019677683099407     
2233                   2.49609674915926e-05   0.000663532276572943   0.0196780608394855    
2234                   2.49696803079094e-05   0.000663312567182931   0.0196784113398522    
2235                   2.49784489244007e-05   0.000663094252572763   0.0196787346359838    
2236                   2.49872725802801e-05   0.000662877333454325   0.01967903076484      
2237                   2.49961505530444e-05   0.000662661810804015   0.0196792997651426    
2238                   2.50050821694433e-05   0.000662447684649372   0.0196795416780144    
2239                   2.50140667888428e-05   0.000662234953724641   0.0196797565465953    
2240                   2.50231037962388e-05   0.000662023615468674   0.0196799444160967    
2241                   2.50321925947992e-05   0.000661813666315624   0.0196801053339173    
2242                   2.50413325947346e-05   0.000661605102109117   0.0196802393496715    
2243                   2.50505232068675e-05   0.000661397918288446   0.0196803465152357    
2244                   2.50597638380541e-05   0.00066119210991226    0.0196804268847502    
2245                   2.50690538832327e-05   0.000660987671709309   0.019680480514518     
2246                   2.50783927297515e-05   0.000660784597859445   0.0196805074630447    
2247                   2.50877797598474e-05   0.000660582881890072   0.0196805077910321    
2248                   2.50972143428783e-05   0.000660382516828234   0.019680481561291     
2249                   2.51066958339425e-05   0.000660183495259523   0.0196804288386823    
2250                   2.51162235751108e-05   0.000659985809360141   0.0196803496900614    
2251                   2.51257968948122e-05   0.000659789451010845   0.0196802441842431    
2252                   2.51354151066096e-05   0.000659594411917476   0.0196801123919904    
2253                   2.51450136483989e-05   0.000659401282302662   0.0196799542303653    
2254                   2.51545216829363e-05   0.000659210663672745   0.019679769923857     
2255                   2.51640047729666e-05   0.000659022173792672   0.0196795595551153    
2256                   2.51735494066722e-05   0.000658835547770113   0.0196793231872497    
2257                   2.51832051339921e-05   0.00065865058978126    0.019679060888588     
2258                   2.51929838012528e-05   0.000658467146301033   0.0196787727423517    
2259                   2.52028751031538e-05   0.000658285091162289   0.0196784588484224    
2260                   2.52128607998177e-05   0.000658104313780394   0.0196781193201881    
2261                   2.52229236971261e-05   0.000657924707594415   0.0196777542818351    
2262                   2.52330522458323e-05   0.000657746155032286   0.0196773638674496    
2263                   2.52432429283913e-05   0.00065756850437651    0.0196769482190524    
2264                   2.52535027358621e-05   0.000657391529121375   0.0196765074892173    
2265                   2.52637639877234e-05   0.000657215831814513   0.0196760415686678    
2266                   2.52739231218085e-05   0.000657042298647825   0.0196755507462048    
2267                   2.52840120792264e-05   0.000656870653290985   0.0196750351900053    
2268                   2.52941022429109e-05   0.000656700701619771   0.0196744950179448    
2269                   2.53041596714739e-05   0.000656533146955325   0.0196739301002649    
2270                   2.53141472870446e-05   0.000656368356491647   0.0196733408601806    
2271                   2.53241923982031e-05   0.000656205324083182   0.0196727274169342    
2272                   2.53343714071706e-05   0.000656043779958323   0.0196720898815239    
2273                   2.53446947190246e-05   0.000655883550443763   0.0196714283974725    
2274                   2.53551385763547e-05   0.000655724524424205   0.0196707431272374    
2275                   2.53656698492789e-05   0.000655566631932451   0.0196700342461535    
2276                   2.53762587836634e-05   0.000655409830843905   0.0196693019363308    
2277                   2.53868836667457e-05   0.000655254096966283   0.0196685463808371    
2278                   2.53975310385819e-05   0.000655099417568721   0.0196677677608248    
2279                   2.5408194007772e-05    0.000654945787519227   0.0196669662539482    
2280                   2.54188701172388e-05   0.000654793206940937   0.0196661420335758    
2281                   2.54295594418222e-05   0.000654641679539005   0.0196652952688309    
2282                   2.54402631789229e-05   0.000654491211026677   0.0196644261243657    
2283                   2.54509827383196e-05   0.00065434180778402    0.0196635347605486    
2284                   2.54617192436131e-05   0.000654193475871057   0.0196626213338178    
2285                   2.54724733308225e-05   0.000654046220529172   0.0196616859967804    
2286                   2.54832451183819e-05   0.000653900046209636   0.0196607288992109    
2287                   2.54940343007975e-05   0.000653754956523263   0.0196597501866893    
2288                   2.55048402526919e-05   0.000653610954437777   0.0196587500016513    
2289                   2.55156621566535e-05   0.000653468042199603   0.0196577284826848    
2290                   2.5526499104854e-05    0.000653326221376253   0.0196566857654966    
2291                   2.55373501931233e-05   0.000653185492930621   0.0196556219838187    
2292                   2.55482146002566e-05   0.000653045856901691   0.0196545372667091    
2293                   2.55590915911781e-05   0.000652907312667352   0.019653431739767     
2294                   2.55699805386965e-05   0.00065276985906947    0.0196523055252776    
2295                   2.55808707447882e-05   0.000652634581622736   0.019651157307609     
2296                   2.55918047048829e-05   0.000652500943626988   0.0196499863076079    
2297                   2.56028495029636e-05   0.000652369190638398   0.0196487922748237    
2298                   2.56140114182906e-05   0.000652239641182448   0.0196475755716919    
2299                   2.56252526923966e-05   0.00065211227595241    0.0196463366636086    
2300                   2.5636542675614e-05    0.000651986732528107   0.0196450757706742    
2301                   2.56478746358594e-05   0.000651862581346203   0.0196437929515609    
2302                   2.56592464505777e-05   0.00065173961441466    0.019642488317719     
2303                   2.56706420548477e-05   0.000651617863292361   0.019641162097219     
2304                   2.56820347214682e-05   0.00065149741885002    0.0196398145485176    
2305                   2.56934026586235e-05   0.000651378303842691   0.0196384458877995    
2306                   2.57047382184229e-05   0.000651260453159842   0.0196370562849273    
2307                   2.57160444991647e-05   0.000651143746510758   0.0196356459057172    
2308                   2.57273265800509e-05   0.000651028051522281   0.0196342149360186    
2309                   2.57385865038149e-05   0.000650913263277613   0.0196327635725356    
2310                   2.57498242195807e-05   0.000650799332552227   0.0196312919991366    
2311                   2.57610404778258e-05   0.000650686264658568   0.0196298003865112    
2312                   2.57722380031784e-05   0.000650574089806915   0.0196282889029677    
2313                   2.57834204673198e-05   0.00065046282744855    0.0196267577158358    
2314                   2.57945908829116e-05   0.000650352469521594   0.0196252069924234    
2315                   2.58057509530966e-05   0.000650242987413539   0.0196236368974227    
2316                   2.58169014468065e-05   0.000650134350177957   0.0196220475923226    
2317                   2.58280428597815e-05   0.000650026538508185   0.0196204392347784    
2318                   2.58391757446395e-05   0.000649919548110691   0.0196188119796194    
2319                   2.58503006701582e-05   0.00064981338517662    0.0196171659805081    
2320                   2.58614180857297e-05   0.000649708059586261   0.0196155013895925    
2321                   2.58725282700956e-05   0.000649603579790535   0.0196138183570264    
2322                   2.58836313660199e-05   0.000649499950423852   0.0196121170313849    
2323                   2.58947274294863e-05   0.000649397172203536   0.019610397560687     
2324                   2.59058164542162e-05   0.000649295243583645   0.019608660093526     
2325                   2.59168983996784e-05   0.000649194163446349   0.0196069047768362    
2326                   2.5927973193647e-05    0.000649093932360553   0.0196051317572681    
2327                   2.593904074323e-05     0.000648994553841961   0.0196033411813085    
2328                   2.59501009371251e-05   0.00064889603437958    0.0196015331954973    
2329                   2.59611536373675e-05   0.00064879838172424    0.0195997079465992    
2330                   2.59721986732407e-05   0.000648701602568664   0.0195978655809444    
2331                   2.59832358786676e-05   0.000648605701836808   0.0195960062374268    
2332                   2.59942650051338e-05   0.000648510683725463   0.0195941300624411    
2333                   2.60052857570575e-05   0.000648416552051067   0.0195922372055129    
2334                   2.60162983051384e-05   0.000648323310559964   0.0195903278144241    
2335                   2.60272896308391e-05   0.000648230963453622   0.0195884020418734    
2336                   2.60382416277289e-05   0.000648139515203588   0.0195864600416854    
2337                   2.6049143952459e-05    0.000648048970253065   0.0195845019688035    
2338                   2.60599968233992e-05   0.000647959332721195   0.0195825279794944    
2339                   2.60708070832595e-05   0.000647870606272444   0.0195805382313806    
2340                   2.60815836690788e-05   0.00064778279436883    0.0195785328866255    
2341                   2.60923348347462e-05   0.000647695900397345   0.0195765121077535    
2342                   2.61030669288223e-05   0.000647609928484773   0.0195744760604837    
2343                   2.61137843063477e-05   0.000647524882534962   0.0195724249110454    
2344                   2.61244896550487e-05   0.000647440767633616   0.0195703588284675    
2345                   2.61351843507326e-05   0.000647357589487622   0.0195682779853519    
2346                   2.61458688227117e-05   0.000647275354723941   0.0195661825584276    
2347                   2.61565428475841e-05   0.000647194071187887   0.0195640727301045    
2348                   2.61672057827848e-05   0.00064711374828794    0.0195619486897518    
2349                   2.61778567423871e-05   0.000647034397506088   0.0195598106345915    
2350                   2.61884947601758e-05   0.00064695603310231    0.0195576587617054    
2351                   2.6199118807966e-05    0.000646878673455823   0.0195554932850729    
2352                   2.62097277778685e-05   0.000646802343362951   0.0195533144408271    
2353                   2.62203204831397e-05   0.00064672707407176    0.019551122487586     
2354                   2.62308956402812e-05   0.000646652906626321   0.0195489177149174    
2355                   2.62414741960407e-05   0.000646579206016163   0.0195466988690494    
2356                   2.62520658473275e-05   0.000646506804136801   0.0195444662940516    
2357                   2.62626422908447e-05   0.000646435667955382   0.0195422203944319    
2358                   2.62731951160894e-05   0.000646365442487232   0.019539961353167     
2359                   2.62837375809634e-05   0.000646295827474761   0.0195376892380498    
2360                   2.62942792631743e-05   0.000646226719501712   0.0195354041619627    
2361                   2.63048143281483e-05   0.000646158181591518   0.0195331063045896    
2362                   2.63153310075595e-05   0.000646090317868857   0.0195307958582744    
2363                   2.63258235344918e-05   0.000646023204912872   0.0195284730044282    
2364                   2.63362940482256e-05   0.000645956893141577   0.0195261379319666    
2365                   2.63467471859474e-05   0.000645891415106817   0.0195237908755072    
2366                   2.63571855161939e-05   0.000645826822307581   0.0195214321912715    
2367                   2.63676113099347e-05   0.000645763474604573   0.0195190628252439    
2368                   2.63780211297692e-05   0.000645700017494761   0.0195166810305006    
2369                   2.63884017848343e-05   0.000645636796139482   0.0195142864668574    
2370                   2.63987242102717e-05   0.000645574537822849   0.0195118801879691    
2371                   2.64089694052084e-05   0.000645511984800754   0.0195094608730698    
2372                   2.64191499090156e-05   0.000645449553109073   0.0195070289837832    
2373                   2.64292825083737e-05   0.000645387241207502   0.0195045849419201    
2374                   2.64393845659796e-05   0.000645325015756776   0.0195021289563733    
2375                   2.64494731828864e-05   0.000645262964163498   0.0194996611778821    
2376                   2.64595585049977e-05   0.000645201267314884   0.0194971818128519    
2377                   2.64696437785385e-05   0.000645140117759904   0.0194946910898926    
2378                   2.64797310977261e-05   0.000645079633634506   0.0194921892401988    
2379                   2.64898235197998e-05   0.000645019840411195   0.0194896764702991    
2380                   2.64999222070229e-05   0.000644960724335475   0.019487152986134     
2381                   2.65100241887428e-05   0.000644902279321328   0.0194846189883659    
2382                   2.652012363848e-05     0.000644844523159351   0.0194820746784238    
2383                   2.65302148320094e-05   0.000644787497489092   0.0194795202623938    
2384                   2.65402938264681e-05   0.000644731254262153   0.0194769559414555    
2385                   2.65503580507463e-05   0.000644675833376173   0.0194743819126241    
2386                   2.65604050850309e-05   0.000644621244174136   0.0194717983716551    
2387                   2.65704320504031e-05   0.000644567463809444   0.0194692055105879    
2388                   2.65804358851016e-05   0.000644514452938456   0.0194666035186088    
2389                   2.65904139343663e-05   0.000644462176642969   0.0194639925819492    
2390                   2.66003642165157e-05   0.000644410616908967   0.0194613728844649    
2391                   2.66102852398818e-05   0.000644359771236563   0.0194587446084701    
2392                   2.66201756565195e-05   0.000644309641773515   0.0194561079352047    
2393                   2.66300340563211e-05   0.00064426022381166    0.0194534630450114    
2394                   2.66398589710452e-05   0.000644211499507024   0.0194508101197134    
2395                   2.66496489867653e-05   0.000644163439904456   0.0194481493372827    
2396                   2.66594028621933e-05   0.00064411601403547    0.0194454808764819    
2397                   2.66691195760762e-05   0.000644069195565002   0.0194428049175322    
2398                   2.66787982794133e-05   0.000644022962535932   0.0194401216409771    
2399                   2.66884382465528e-05   0.000643977296217413   0.0194374312284333    
2400                   2.66980388528099e-05   0.000643932179291514   0.0194347338635752    
2401                   2.67075995749497e-05   0.000643887593583871   0.019432029732487     
2402                   2.67171199997729e-05   0.000643843518408375   0.0194293190220113    
2403                   2.67265998148871e-05   0.00064379993059583    0.0194266019205095    
2404                   2.6736038791766e-05    0.000643756806002371   0.0194238786187953    
2405                   2.67454367659942e-05   0.000643714121388316   0.0194211493111355    
2406                   2.67547936204169e-05   0.000643671855567391   0.0194184141952452    
2407                   2.67641092709605e-05   0.000643629989464025   0.0194156734714703    
2408                   2.67733836558198e-05   0.000643588505400149   0.0194129273411796    
2409                   2.67826167102679e-05   0.000643547386230164   0.0194101760102736    
2410                   2.67918083544375e-05   0.00064350661483262    0.0194074196901123    
2411                   2.68009584976834e-05   0.000643466174092807   0.0194046585943793    
2412                   2.68100670264151e-05   0.000643426047470589   0.0194018929417726    
2413                   2.68191338022447e-05   0.000643386219435323   0.019399122956507     
2414                   2.68281586650947e-05   0.00064334667598077    0.019396348867648     
2415                   2.68371414325843e-05   0.000643307404854715   0.0193935709093206    
2416                   2.68460818935832e-05   0.000643268395355579   0.0193907893224026    
2417                   2.68549797970012e-05   0.000643229638178342   0.0193880043578049    
2418                   2.68638348725007e-05   0.000643191125191865   0.019385216270449     
2419                   2.68726468380056e-05   0.000643152849356285   0.0193824253173438    
2420                   2.68814153813647e-05   0.000643114804913395   0.0193796317637024    
2421                   2.68901401583872e-05   0.000643076987633237   0.0193768358843351    
2422                   2.68988208002259e-05   0.000643039394987272   0.0193740379623086    
2423                   2.6907456913587e-05    0.000643002026211926   0.0193712382897313    
2424                   2.69160480792137e-05   0.000642964882316066   0.0193684371688978    
2425                   2.69245938440078e-05   0.000642927966100443   0.0193656349154237    
2426                   2.6933093745451e-05    0.000642891282049361   0.0193628318507485    
2427                   2.69415472907566e-05   0.00064285483640027    0.0193600283090699    
2428                   2.69499539638421e-05   0.000642818637123856   0.0193572246354807    
2429                   2.6958313222769e-05    0.000642782693962804   0.0193544211873265    
2430                   2.69666243979514e-05   0.000642747018856847   0.0193516183691525    
2431                   2.69748868055405e-05   0.000642711625493869   0.0193488165971501    
2432                   2.69830998109375e-05   0.000642676529020502   0.0193460162781659    
2433                   2.69912627535651e-05   0.000642641746294019   0.0193432178339839    
2434                   2.69993749506377e-05   0.00064260729582874    0.0193404217000368    
2435                   2.70074356921699e-05   0.000642573197777423   0.0193376283274919    
2436                   2.70154442314687e-05   0.000642539473887447   0.0193348381867655    
2437                   2.70233997751629e-05   0.000642506147428124   0.019332051771723     
2438                   2.7031301514964e-05    0.000642473242950368   0.0193292695894762    
2439                   2.70391486136069e-05   0.000642440786253305   0.0193264921654542    
2440                   2.70469401974619e-05   0.000642408804325856   0.019323720046054     
2441                   2.70546753669574e-05   0.000642377325223968   0.0193209537952033    
2442                   2.70623531969569e-05   0.000642346377975201   0.0193181939945009    
2443                   2.70699727332768e-05   0.000642315992484744   0.0193154412446638    
2444                   2.70775330003251e-05   0.00064228619937152    0.0193126961635737    
2445                   2.70854295346561e-05   0.000642254026566297   0.019309968434066     
2446                   2.70936143525752e-05   0.000642222116177223   0.019307232740337     
2447                   2.71018921024173e-05   0.0006421905314974     0.0193044893990889    
2448                   2.71101437700312e-05   0.000642159326788235   0.0193017386308474    
2449                   2.71183046082282e-05   0.000642128550252022   0.0192989806218674    
2450                   2.71263453684824e-05   0.000642098247755667   0.0192962155360534    
2451                   2.71342584083512e-05   0.000642068462450273   0.0192934435117439    
2452                   2.71420480576961e-05   0.000642039232930916   0.0192906646714487    
2453                   2.71497243510807e-05   0.00064201059254803    0.0192878791266104    
2454                   2.71572991810647e-05   0.000641982570415047   0.019285086982192     
2455                   2.71647841313334e-05   0.000641955192885414   0.0192822883385106    
2456                   2.71721894230731e-05   0.000641928484450169   0.0192794832930496    
2457                   2.71795235507517e-05   0.000641902468051528   0.0192766719465624    
2458                   2.7186793347434e-05    0.000641877164984884   0.0192738543947316    
2459                   2.71940041963886e-05   0.000641852595102273   0.0192710307321362    
2460                   2.72011602982817e-05   0.000641828777162286   0.0192682010537246    
2461                   2.72082649240423e-05   0.000641805729150344   0.0192653654563566    
2462                   2.72153206331232e-05   0.00064178346864871    0.0192625240381514    
2463                   2.72223294508013e-05   0.000641762012881961   0.0192596768962785    
2464                   2.72292929972846e-05   0.000641741378452384   0.0192568241290154    
2465                   2.72362125890417e-05   0.00064172158111034    0.0192539658362119    
2466                   2.72430893513254e-05   0.000641702635507605   0.0192511021187316    
2467                   2.7249924160009e-05    0.000641684556132686   0.0192482330789263    
2468                   2.72567178042257e-05   0.000641667355735611   0.0192453588202017    
2469                   2.7263460290452e-05    0.000641651182530887   0.0192424812809438    
2470                   2.72701615624671e-05   0.000641636235177305   0.0192396011458077    
2471                   2.72768351448072e-05   0.000641622437820064   0.0192367178736621    
2472                   2.72834875664618e-05   0.000641609776757857   0.0192338315700177    
2473                   2.72901176576522e-05   0.000641598219189183   0.0192309422210766    
2474                   2.72967206328225e-05   0.000641587742862991   0.0192280498488372    
2475                   2.73032900518201e-05   0.000641578325895875   0.01922515444843      
2476                   2.73098199922545e-05   0.00064156995230663    0.0192222560172388    
2477                   2.73163058233601e-05   0.000641562608276587   0.0192193545496499    
2478                   2.73227445316868e-05   0.000641556280362392   0.0192164500445832    
2479                   2.73291345741437e-05   0.000641550954147153   0.0192135425042153    
2480                   2.73354755888104e-05   0.000641546615004601   0.0192106319405094    
2481                   2.73417680635933e-05   0.000641543249070864   0.0192077183717861    
2482                   2.73480130305733e-05   0.000641540843534988   0.0192048018229162    
2483                   2.73542118183485e-05   0.00064153938600437    0.0192018823251255    
2484                   2.73603658738328e-05   0.000641538863516976   0.0191989599151135    
2485                   2.736647315797e-05     0.000641539261881394   0.0191960346399356    
2486                   2.73725237077987e-05   0.000641540565427325   0.019193106557929     
2487                   2.73785086512515e-05   0.000641542756826307   0.0191901757166869    
2488                   2.73844243929479e-05   0.000641545817080689   0.0191872421685059    
2489                   2.73902725469496e-05   0.000641549725876294   0.0191843059701412    
2490                   2.7396057752362e-05    0.000641554461510021   0.0191813671815355    
2491                   2.74017857566057e-05   0.000641560000742138   0.0191784258650845    
2492                   2.74074621390301e-05   0.000641566319293732   0.0191754820979446    
2493                   2.7413091725296e-05    0.000641573391493477   0.0191725359430637    
2494                   2.74186783440413e-05   0.00064158118980038    0.0191695874653668    
2495                   2.74242248568187e-05   0.000641589684755728   0.0191666367315299    
2496                   2.7429733294234e-05    0.000641598845229425   0.0191636838098765    
2497                   2.74352050237265e-05   0.000641608638634791   0.0191607287694303    
2498                   2.74406409088516e-05   0.000641619030982022   0.0191577716796489    
2499                   2.74460414444408e-05   0.00064162998687819    0.0191548126111375    
2500                   2.74514068667607e-05   0.00064164146957218    0.01915185163523      
2501                   2.74567372377193e-05   0.000641653441063281   0.0191488888234549    
2502                   2.74620325065263e-05   0.000641665862223926   0.0191459242470693    
2503                   2.74672925281621e-05   0.000641678693135877   0.0191429579748708    
2504                   2.74725171722001e-05   0.000641691892449646   0.0191399900780968    
2505                   2.74777062518407e-05   0.000641705418769135   0.0191370206294985    
2506                   2.74828595826034e-05   0.000641719229352604   0.0191340497009724    
2507                   2.74879770002175e-05   0.000641733281244445   0.0191310773639902    
2508                   2.74930583457804e-05   0.000641747531016494   0.0191281036896688    
2509                   2.74981034688225e-05   0.000641761934969265   0.0191251287488267    
2510                   2.75031122278625e-05   0.000641776449304649   0.0191221526119649    
2511                   2.75080844933698e-05   0.000641791030232804   0.0191191753493521    
2512                   2.75130201498431e-05   0.000641805634102736   0.0191161970308288    
2513                   2.75179190948273e-05   0.000641820217521373   0.0191132177260709    
2514                   2.75227812382364e-05   0.00064183473751207    0.0191102375037726    
2515                   2.75276064988927e-05   0.000641849151652862   0.0191072564333747    
2516                   2.75323948061258e-05   0.00064186341822031    0.0191042745839225    
2517                   2.75371461018613e-05   0.000641877496341126   0.0191012920219228    
2518                   2.75418603352815e-05   0.00064189134610531    0.0190983088143052    
2519                   2.75465374616311e-05   0.000641904928710713   0.0190953250281828    
2520                   2.75511774427049e-05   0.000641918206591606   0.0190923407303601    
2521                   2.75557802473818e-05   0.000641931143552424   0.0190893559878884    
2522                   2.75603458518563e-05   0.000641943704883655   0.0190863708675111    
2523                   2.75648742384802e-05   0.000641955857479277   0.0190833854356587    
2524                   2.75693653938028e-05   0.00064196756995628    0.0190803997586541    
2525                   2.75738193076e-05      0.000641978812762188   0.0190774139027498    
2526                   2.75782359730819e-05   0.000641989558269601   0.0190744279340763    
2527                   2.75826153873487e-05   0.000641999780870563   0.0190714419186859    
2528                   2.75869575511651e-05   0.000642009457061007   0.0190684559226694    
2529                   2.75912624684647e-05   0.000642018565520217   0.0190654700121247    
2530                   2.75955301459431e-05   0.000642027087188511   0.0190624842532595    
2531                   2.7599760593146e-05    0.000642035005323199   0.0190594987123763    
2532                   2.76039538224127e-05   0.000642042305547077   0.0190565134559619    
2533                   2.76081098499318e-05   0.000642048975925861   0.0190535285489987    
2534                   2.76122286933774e-05   0.000642055006976285   0.0190505440567342    
2535                   2.76163103697615e-05   0.000642060391629293   0.0190475600480119    
2536                   2.76203549011651e-05   0.000642065125355967   0.0190445765906629    
2537                   2.76243623096329e-05   0.000642069206181552   0.0190415937551499    
2538                   2.76283326200368e-05   0.000642072634728571   0.0190386116110932    
2539                   2.76322658586056e-05   0.000642075414174279   0.0190356302275169    
2540                   2.76361620520949e-05   0.000642077550191178   0.0190326496736255    
2541                   2.76400212280153e-05   0.000642079050884633   0.0190296700185065    
2542                   2.76438434144353e-05   0.000642079926738227   0.0190266913314677    
2543                   2.76476286398338e-05   0.000642080190569027   0.0190237136823448    
2544                   2.76513769329786e-05   0.000642079857462678   0.019020737141485     
2545                   2.76550883226434e-05   0.000642078944662985   0.0190177617803377    
2546                   2.76587628390808e-05   0.00064207747147637    0.0190147876703698    
2547                   2.76624005134098e-05   0.000642075459202364   0.0190118148836982    
2548                   2.76660013777028e-05   0.000642072931075769   0.0190088434924935    
2549                   2.76695654641775e-05   0.000642069912199351   0.0190058735691819    
2550                   2.76730928041252e-05   0.000642066429461649   0.0190029051877479    
2551                   2.76765834292428e-05   0.00064206251139253    0.0189999384230097    
2552                   2.76800373721454e-05   0.000642058188018147   0.0189969733497482    
2553                   2.768345466574e-05     0.000642053490680728   0.0189940100422566    
2554                   2.7686835340625e-05    0.000642048451915835   0.0189910485765803    
2555                   2.76901794268285e-05   0.000642043105336449   0.0189880890290592    
2556                   2.76934869540807e-05   0.000642037485545765   0.0189851314764918    
2557                   2.76967579522936e-05   0.000642031628041789   0.0189821759962427    
2558                   2.76999924520891e-05   0.000642025569103118   0.0189792226653702    
2559                   2.77031904830851e-05   0.000642019345640609   0.0189762715619669    
2560                   2.77063520743622e-05   0.00064201299501997    0.0189733227641273    
2561                   2.77094772541651e-05   0.000642006554872315   0.0189703763501169    
2562                   2.77125660500439e-05   0.000642000062916972   0.0189674323986952    
2563                   2.77156184894474e-05   0.000641993556809876   0.0189644909887567    
2564                   2.77186345992961e-05   0.000641987074030594   0.0189615521992044    
2565                   2.77216144057778e-05   0.000641980651845263   0.0189586161079163    
2566                   2.77245579316349e-05   0.000641974327212334   0.0189556827943421    
2567                   2.77274651975734e-05   0.000641968136608252   0.0189527523378819    
2568                   2.77303362224661e-05   0.000641962115792002   0.0189498248175862    
2569                   2.77331710233472e-05   0.000641956299587509   0.0189469003126783    
2570                   2.77359696160004e-05   0.000641950721708829   0.0189439789025726    
2571                   2.77387320164171e-05   0.000641945414688732   0.0189410606645452    
2572                   2.77414582386498e-05   0.000641940409835777   0.0189381456760067    
2573                   2.77441482954334e-05   0.000641935737166153   0.0189352340141502    
2574                   2.77468021985544e-05   0.000641931425298547   0.0189323257557458    
2575                   2.77494199589943e-05   0.000641927501325972   0.0189294209771252    
2576                   2.77520015870535e-05   0.000641923990693202   0.0189265197541198    
2577                   2.77545470924698e-05   0.00064192091710123    0.0189236221619946    
2578                   2.77570564845359e-05   0.000641918302438604   0.0189207282754066    
2579                   2.77595297721897e-05   0.000641916166738879   0.0189178381683909    
2580                   2.7761966964093e-05    0.000641914528136572   0.0189149519143137    
2581                   2.7764368068771e-05    0.000641913402824573   0.018912069585614     
2582                   2.77667330946975e-05   0.000641912805005207   0.0189091912535839    
2583                   2.77690620495279e-05   0.00064191274685185    0.0189063169898623    
2584                   2.77713549411132e-05   0.000641913238483025   0.0189034468650538    
2585                   2.77736117773924e-05   0.00064191428793949    0.0189005809488111    
2586                   2.77758325663859e-05   0.000641915901177527   0.0188977193099179    
2587                   2.77780173162424e-05   0.000641918082071329   0.0188948620162968    
2588                   2.77801660349808e-05   0.000641920832426184   0.0188920091350288    
2589                   2.7782278730814e-05    0.0006419241519966     0.0188891607323894    
2590                   2.77843554135371e-05   0.000641928038443496   0.0188863168732286    
2591                   2.77863960937874e-05   0.000641932487356608   0.018883477621793     
2592                   2.77884007823974e-05   0.000641937492306697   0.0188806430415382    
2593                   2.77903694898396e-05   0.00064194304495219    0.0188778131950144    
2594                   2.77923022264531e-05   0.000641949135154422   0.0188749881438424    
2595                   2.7794199003199e-05    0.00064195575106541    0.0188721679487081    
2596                   2.77960598321215e-05   0.000641962879177203   0.0188693526693539    
2597                   2.77978847262534e-05   0.000641970504351422   0.0188665423646062    
2598                   2.77996736998317e-05   0.000641978610168152   0.0188637370913065    
2599                   2.78014267677279e-05   0.000641987178962987   0.0188609369057045    
2600                   2.7803143945453e-05    0.000641996191455884   0.0188581418645551    
2601                   2.78048252499391e-05   0.000642005626829126   0.0188553520236301    
2602                   2.78064706993787e-05   0.000642015463051717   0.0188525674376741    
2603                   2.78080803131503e-05   0.00064202567710564    0.0188497881606205    
2604                   2.78096541118603e-05   0.000642036245028878   0.0188470142454449    
2605                   2.78111921176523e-05   0.000642047141901287   0.0188442457437503    
2606                   2.78126943539573e-05   0.000642058341969113   0.0188414827068249    
2607                   2.78141608458446e-05   0.000642069818824115   0.0188387251851007    
2608                   2.78155916195573e-05   0.000642081545550575   0.0188359732299425    
2609                   2.78169867035851e-05   0.000642093494829626   0.0188332268901397    
2610                   2.78183461274678e-05   0.000642105639013867   0.0188304862130635    
2611                   2.7819669921409e-05    0.000642117950208014   0.0188277512461146    
2612                   2.78209581170805e-05   0.000642130400383597   0.0188250220361953    
2613                   2.78222107481371e-05   0.000642142961515449   0.0188222986296523    
2614                   2.78234278584226e-05   0.000642155605718144   0.0188195810726093    
2615                   2.78246094989617e-05   0.000642168305348082   0.0188168694103574    
2616                   2.7825755720897e-05    0.00064218103310254    0.0188141636875911    
2617                   2.78268665745396e-05   0.000642193762111479   0.018811463948358     
2618                   2.78279421110351e-05   0.000642206466020087   0.0188087702366818    
2619                   2.78289823837862e-05   0.000642219119088465   0.0188060825960834    
2620                   2.78299874477407e-05   0.000642231696291954   0.0188034010696346    
2621                   2.78309573576725e-05   0.000642244173412968   0.0188007257000036    
2622                   2.78318921671736e-05   0.00064225652693367    0.0187980565298818    
2623                   2.78327919292723e-05   0.000642268734621386   0.0187953936016104    
2624                   2.78336566975545e-05   0.000642280775420573   0.0187927369569473    
2625                   2.783448652695e-05     0.000642292628602458   0.018790086637416     
2626                   2.78352814738802e-05   0.000642304274159967   0.0187874426839573    
2627                   2.78360415959642e-05   0.000642315693391079   0.0187848051366835    
2628                   2.78367669518143e-05   0.000642326868847296   0.0187821740331983    
2629                   2.78374576004166e-05   0.000642337785353036   0.018779549414925     
2630                   2.78381136025194e-05   0.00064234842974026    0.0187769313230337    
2631                   2.78387350209468e-05   0.000642358789739472   0.018774319798408     
2632                   2.78393219207784e-05   0.000642368853712012   0.0187717148817632    
2633                   2.78398743691046e-05   0.000642378611331294   0.0187691166139451    
2634                   2.78403924345063e-05   0.000642388054168851   0.0187665250352888    
2635                   2.78408761867565e-05   0.000642397175629622   0.0187639401863065    
2636                   2.78413256973076e-05   0.000642405970700665   0.018761362107376     
2637                   2.78417410399889e-05   0.000642414435861028   0.0187587908387616    
2638                   2.78421222910655e-05   0.000642422569111151   0.0187562264207376    
2639                   2.78424695287736e-05   0.000642430369995587   0.0187536688935385    
2640                   2.78427828328683e-05   0.000642437839561189   0.0187511182948933    
2641                   2.78430622846339e-05   0.000642444979614313   0.0187485746642861    
2642                   2.78433079674686e-05   0.000642451793241646   0.0187460380426983    
2643                   2.7843519966917e-05    0.000642458285565274   0.0187435084709453    
2644                   2.78436983704881e-05   0.000642464463451296   0.0187409859896653    
2645                   2.78438432674515e-05   0.000642470334881041   0.0187384706394537    
2646                   2.78439547486794e-05   0.000642475908739139   0.0187359624609182    
2647                   2.78440329066433e-05   0.000642481194994958   0.018733461494622     
2648                   2.78440778356015e-05   0.000642486204877548   0.018730967781078     
2649                   2.78440896316806e-05   0.000642490950859289   0.0187284813607784    
2650                   2.78440683926839e-05   0.000642495446522616   0.0187260022742012    
2651                   2.78440142179626e-05   0.00064249970642531    0.0187235305618051    
2652                   2.78439272084791e-05   0.000642503746002941   0.018721066264053     
2653                   2.78438074669016e-05   0.000642507581508536   0.0187186094215013    
2654                   2.78436550974235e-05   0.000642511229976758   0.018716160074452     
2655                   2.78434702058198e-05   0.000642514709144558   0.0187137182633717    
2656                   2.78432528995314e-05   0.000642518037391112   0.0187112840285461    
2657                   2.78430032877867e-05   0.000642521233632789   0.0187088574101433    
2658                   2.78427214815696e-05   0.000642524317223558   0.0187064384480187    
2659                   2.78424075935321e-05   0.000642527307874828   0.0187040271818895    
2660                   2.78420617378961e-05   0.000642530225581079   0.0187016236516783    
2661                   2.78416840302937e-05   0.000642533090529434   0.0186992278970653    
2662                   2.78412745878564e-05   0.00064253592300312    0.018696839957637     
2663                   2.78408335293447e-05   0.000642538743291829   0.0186944598727731    
2664                   2.7840360975109e-05    0.000642541571618502   0.0186920876812445    
2665                   2.78398570471777e-05   0.000642544428078309   0.0186897234218547    
2666                   2.78393218691516e-05   0.000642547332571221   0.0186873671335684    
2667                   2.78387555659262e-05   0.000642550304722193   0.0186850188549197    
2668                   2.78381582638278e-05   0.000642553363783417   0.0186826786242805    
2669                   2.783753009046e-05     0.000642556528573761   0.0186803464795151    
2670                   2.78368711744347e-05   0.000642559817409169   0.0186780224579598    
2671                   2.78361816454533e-05   0.000642563248041922   0.0186757065966433    
2672                   2.7835461634883e-05    0.000642566837525382   0.0186733989324887    
2673                   2.78347112758125e-05   0.000642570601734168   0.0186710995015239    
2674                   2.78339307028874e-05   0.000642574555722036   0.0186688083393022    
2675                   2.78330871743214e-05   0.000642578929515708   0.0186665252873869    
2676                   2.78322123779301e-05   0.000642583189864756   0.0186642507395651    
2677                   2.78313110617646e-05   0.000642587632646097   0.0186619846562113    
2678                   2.78303606077238e-05   0.000642592581988953   0.0186597267705773    
2679                   2.78293654098966e-05   0.000642597687911173   0.0186574772816044    
2680                   2.78283602175872e-05   0.000642602713806203   0.0186552365282103    
2681                   2.78273180379489e-05   0.000642608241672402   0.0186530042105389    
2682                   2.78259995701991e-05   0.000642614318982486   0.0186503094243141    
2683                   2.78246439366097e-05   0.000642620879020165   0.018647625675614     
2684                   2.78232653815124e-05   0.000642628106526967   0.0186449529639818    
2685                   2.78218970106801e-05   0.000642636139340377   0.0186422911983325    
2686                   2.78205747970579e-05   0.000642645066299288   0.0186396403847573    
2687                   2.78193209250616e-05   0.000642654922526529   0.0186370006407138    
2688                   2.78181388162779e-05   0.000642665712043896   0.0186343721536702    
2689                   2.78170163973782e-05   0.000642677435333819   0.0186317551386332    
2690                   2.78159339396294e-05   0.000642690085518114   0.0186291498177802    
2691                   2.78148716071932e-05   0.000642703636589844   0.0186265564148265    
2692                   2.78138132630381e-05   0.000642718047193091   0.0186239751520427    
2693                   2.78127466709839e-05   0.000642733275608638   0.0186214062459566    
2694                   2.78116622580032e-05   0.000642749288822714   0.0186188499014463    
2695                   2.78105522377207e-05   0.000642766059448729   0.0186163063079541    
2696                   2.78094105138506e-05   0.000642783557116297   0.0186137756389016    
2697                   2.78082328051023e-05   0.000642801744152491   0.0186112580541159    
2698                   2.78070164473159e-05   0.000642820578206427   0.0186087536985153    
2699                   2.78057598616192e-05   0.000642840017929155   0.0186062627031642    
2700                   2.78044620131144e-05   0.000642860026552286   0.018603785186084     
2701                   2.78031221190397e-05   0.000642880571595308   0.0186013212530163    
2702                   2.78017396072804e-05   0.00064290162245235    0.018598870996757     
2703                   2.78003141670516e-05   0.000642923148369883   0.0185964344993566    
2704                   2.77988457536196e-05   0.000642945117980594   0.0185940118352625    
2705                   2.77973345190347e-05   0.000642967500007647   0.0185916030704764    
2706                   2.77957807244682e-05   0.000642990264156167   0.018589208263295     
2707                   2.77941846849135e-05   0.000643013381558436   0.0185868274642979    
2708                   2.77925467570357e-05   0.000643036824684009   0.0185844607171791    
2709                   2.77908673472831e-05   0.000643060566985458   0.0185821080599694    
2710                   2.77891469119111e-05   0.000643084582595075   0.0185797695242859    
2711                   2.77873859466335e-05   0.000643108846185404   0.0185774451363255    
2712                   2.77855849647491e-05   0.000643133333069039   0.0185751349172742    
2713                   2.77837444961194e-05   0.000643158018974051   0.0185728388835452    
2714                   2.77818650828274e-05   0.000643182880435026   0.0185705570471395    
2715                   2.77799472712928e-05   0.000643207894613281   0.0185682894159745    
2716                   2.7777991603577e-05    0.000643233039324976   0.0185660359941639    
2717                   2.77759986153593e-05   0.000643258293038255   0.0185637967822325    
2718                   2.77739688401887e-05   0.000643283634836595   0.0185615717776156    
2719                   2.77719028148719e-05   0.000643309044426629   0.0185593609747838    
2720                   2.77698010817945e-05   0.000643334502141076   0.0185571643654941    
2721                   2.77676641853406e-05   0.000643359988949922   0.0185549819386078    
2722                   2.77654926634641e-05   0.00064338548646981    0.0185528136804772    
2723                   2.7763287036744e-05    0.000643410976758033   0.0185506595757615    
2724                   2.77610477972825e-05   0.000643436442371058   0.0185485196076202    
2725                   2.7758775399948e-05    0.000643461867409442   0.0185463937559035    
2726                   2.7756470262084e-05    0.000643487237245416   0.0185442819984749    
2727                   2.77541327574708e-05   0.000643512537830214   0.0185421843113975    
2728                   2.77517632193415e-05   0.000643537755239359   0.0185401006693366    
2729                   2.77493619566368e-05   0.000643562876012465   0.0185380310475693    
2730                   2.77469292688804e-05   0.000643587887419399   0.0185359754241415    
2731                   2.77444654421425e-05   0.000643612777629967   0.0185339337690353    
2732                   2.7741970760955e-05    0.000643637535589848   0.0185319060505582    
2733                   2.77394455107233e-05   0.000643662150949816   0.0185298922357428    
2734                   2.77368899706247e-05   0.000643686614131811   0.0185278922904199    
2735                   2.77343044261153e-05   0.000643710916006227   0.0185259061791073    
2736                   2.77316891735205e-05   0.000643735048317841   0.0185239338644103    
2737                   2.77290445156538e-05   0.000643759003528026   0.0185219753080234    
2738                   2.77263707532135e-05   0.000643782774867712   0.0185200304715378    
2739                   2.77236681790219e-05   0.000643806356326268   0.01851809931571      
2740                   2.77209370784976e-05   0.000643829742590083   0.0185161818004896    
2741                   2.77181777319809e-05   0.000643852928990825   0.0185142778850556    
2742                   2.77153904159769e-05   0.000643875911480798   0.0185123875278588    
2743                   2.77125754028463e-05   0.000643898686626985   0.0185105106866786    
2744                   2.77097329594887e-05   0.00064392125161025    0.0185086473186622    
2745                   2.77068633458951e-05   0.000643943604218883   0.0185067973803637    
2746                   2.77039668142262e-05   0.000643965742832185   0.0185049608277952    
2747                   2.77010436085946e-05   0.000643987666392505   0.0185031376164455    
2748                   2.7698093965455e-05    0.000644009374371084   0.018501327701332     
2749                   2.76951181141487e-05   0.000644030866733629   0.0184995310370361    
2750                   2.76921162766405e-05   0.000644052143909144   0.0184977475772792    
2751                   2.76890886668053e-05   0.00064407320676869    0.0184959772742661    
2752                   2.76860354961349e-05   0.00064409405657702    0.0184942200817504    
2753                   2.76829569706337e-05   0.000644114694961645   0.0184924759530152    
2754                   2.76798532911024e-05   0.000644135123889381   0.0184907448408975    
2755                   2.76767246539601e-05   0.000644155345627798   0.0184890266981034    
2756                   2.7673571251336e-05    0.000644175362709363   0.0184873214771788    
2757                   2.76703932712156e-05   0.000644195177896079   0.0184856291305254    
2758                   2.76671908970525e-05   0.00064421479414561    0.018483949610032     
2759                   2.76639643085838e-05   0.000644234214573344   0.0184822828672602    
2760                   2.76607136852403e-05   0.0006442534424073     0.0184806288550185    
2761                   2.76574392019353e-05   0.000644272480964      0.0184789875251827    
2762                   2.76541410300296e-05   0.000644291333611414   0.0184773588291059    
2763                   2.76508193392989e-05   0.000644310003725095   0.0184757427183323    
2764                   2.7647474298165e-05    0.000644328494653112   0.0184741391445327    
2765                   2.76441060735407e-05   0.000644346809683526   0.018472548059461     
2766                   2.76407148306164e-05   0.000644364952012576   0.0184709694149309    
2767                   2.76373007329313e-05   0.000644382924711775   0.0184694031628041    
2768                   2.76338639427284e-05   0.000644400730694687   0.0184678492549835    
2769                   2.76304046212957e-05   0.000644418372684797   0.0184663076434132    
2770                   2.76269229296567e-05   0.000644435853176948   0.0184647782803453    
2771                   2.7623419026925e-05    0.000644453174414777   0.0184632611176762    
2772                   2.76198930711553e-05   0.000644470338369176   0.0184617561073537    
2773                   2.76163452194615e-05   0.000644487346718649   0.0184602632013793    
2774                   2.76127756283872e-05   0.00064450420082917    0.0184587823518735    
2775                   2.76091844541311e-05   0.000644520901734898   0.0184573135111046    
2776                   2.76055718524304e-05   0.000644537450117945   0.0184558566314169    
2777                   2.76019379784962e-05   0.000644553846287587   0.0184544116652163    
2778                   2.75982829870467e-05   0.000644570090163855   0.0184529785649896    
2779                   2.75946070323531e-05   0.000644586181266458   0.0184515572833061    
2780                   2.75909102681745e-05   0.000644602118707801   0.0184501477727498    
2781                   2.75871928482381e-05   0.000644617901186966   0.0184487499860681    
2782                   2.75834549257341e-05   0.000644633526989495   0.0184473638759842    
2783                   2.7579696653278e-05    0.000644648993986468   0.018445989395202     
2784                   2.75759181834726e-05   0.00064466429963197    0.0184446264966009    
2785                   2.75721196679965e-05   0.00064467944097143    0.0184432751328617    
2786                   2.75683012583135e-05   0.000644694414644729   0.0184419352566673    
2787                   2.75644631058173e-05   0.000644709216897793   0.0184406068207318    
2788                   2.75606053617378e-05   0.000644723843595341   0.0184392897777517    
2789                   2.75567281770829e-05   0.000644738290235921   0.0184379840803743    
2790                   2.75528317029204e-05   0.00064475255196841    0.018436689681273     
2791                   2.75489160903589e-05   0.000644766623612222   0.0184354065331078    
2792                   2.7544981490541e-05    0.000644780499679818   0.018434134588503     
2793                   2.75410280546292e-05   0.000644794174399661   0.0184328738000327    
2794                   2.75370559337997e-05   0.00064480764174268    0.0184316241202106    
2795                   2.75330652805821e-05   0.000644820895445401   0.0184303855018858    
2796                   2.75290562465168e-05   0.000644833929045617   0.0184291578975155    
2797                   2.75250289823936e-05   0.000644846735913019   0.0184279412592285    
2798                   2.75209836391076e-05   0.000644859309279293   0.0184267355390476    
2799                   2.751692036675e-05     0.000644871642273113   0.0184255406885796    
2800                   2.75128393124291e-05   0.000644883727959228   0.0184243566583364    
2801                   2.75087406282988e-05   0.00064489555936741    0.0184231834000027    
2802                   2.750462446763e-05     0.000644907129523949   0.018422020865271     
2803                   2.75004909841931e-05   0.000644918431488123   0.0184208690057054    
2804                   2.7496340332541e-05    0.000644929458386809   0.0184197277728027    
2805                   2.74921726676962e-05   0.000644940203450662   0.0184185971179451    
2806                   2.74879881449788e-05   0.00064495066005295    0.0184174769923926    
2807                   2.74837869202381e-05   0.000644960821745543   0.0184163673473304    
2808                   2.74801637228682e-05   0.000644969879607575   0.0184154618025803    
2809                   2.74764175336599e-05   0.000644978295840161   0.0184145671957501    
2810                   2.74726344846194e-05   0.000644985921319333   0.0184136833515789    
2811                   2.74688164634739e-05   0.00064499276630571    0.0184128102059241    
2812                   2.74649471403685e-05   0.000644998842655125   0.0184119476766503    
2813                   2.74610125724384e-05   0.000645004166772677   0.0184110956598281    
2814                   2.7457007341635e-05    0.000645008759349342   0.0184102540308852    
2815                   2.74529337363746e-05   0.000645012643478806   0.0184094226480973    
2816                   2.74487988940841e-05   0.000645015843173389   0.0184086013574491    
2817                   2.7444612051234e-05    0.000645018382770064   0.0184077899972736    
2818                   2.74403825853648e-05   0.000645020286737974   0.0184069884022057    
2819                   2.74361188894167e-05   0.000645021579541593   0.0184061964064029    
2820                   2.74318278915989e-05   0.000645022285466838   0.0184054138458909    
2821                   2.74275149933345e-05   0.000645022428434247   0.0184046405601139    
2822                   2.74231842317276e-05   0.000645022031824955   0.0184038763930145    
2823                   2.74188385294712e-05   0.000645021118323495   0.0184031211937139    
2824                   2.74144799520636e-05   0.000645019709778653   0.018402374816911     
2825                   2.74101099343243e-05   0.000645017827080081   0.0184016371229954    
2826                   2.74057294647339e-05   0.00064501549010449    0.0184009079780868    
2827                   2.74013392269058e-05   0.00064501271774413    0.0184001872539389    
2828                   2.73969397032381e-05   0.000645009527999614   0.0183994748277797    
2829                   2.73925312474984e-05   0.000645005938092724   0.0183987705821146    
2830                   2.7388114133429e-05    0.000645001964558631   0.0183980744044901    
2831                   2.7383688586179e-05    0.000644997623302129   0.0183973861873036    
2832                   2.73792548013027e-05   0.000644992929635087   0.0183967058275859    
2833                   2.73748129554407e-05   0.00064498789829518    0.0183960332267278    
2834                   2.73703632125596e-05   0.000644982543483954   0.0183953682902722    
2835                   2.73659057273499e-05   0.000644976878918117   0.0183947109277244    
2836                   2.73614406466808e-05   0.000644970917886012   0.0183940610523497    
2837                   2.73569681101169e-05   0.000644964673299549   0.018393418580987     
2838                   2.73524882501333e-05   0.000644958157732656   0.0183927834338733    
2839                   2.73480011924617e-05   0.000644951383443603   0.0183921555344762    
2840                   2.73435070566416e-05   0.000644944362386388   0.0183915348093366    
2841                   2.73390059566509e-05   0.000644937106216471   0.0183909211879178    
2842                   2.73344980017309e-05   0.000644929626291044   0.0183903146024965    
2843                   2.73299832965411e-05   0.00064492193368149    0.0183897149879673    
2844                   2.73254619418837e-05   0.00064491403917297    0.0183891222817158    
2845                   2.73209340357827e-05   0.000644905953259058   0.0183885364235027    
2846                   2.73163996749718e-05   0.000644897686135118   0.0183879573553768    
2847                   2.73118589557782e-05   0.00064488924768614    0.0183873850215356    
2848                   2.73073119747651e-05   0.000644880647472974   0.0183868193682122    
2849                   2.73027588290846e-05   0.00064487189471759    0.0183862603435689    
2850                   2.72981996169098e-05   0.000644862998286765   0.0183857078975922    
2851                   2.72936344381293e-05   0.000644853966673641   0.0183851619819954    
2852                   2.72890633952399e-05   0.000644844807975289   0.0183846225501291    
2853                   2.72844865934518e-05   0.000644835529898818   0.0183840895568175    
2854                   2.72799041413188e-05   0.000644826139762289   0.0183835629583035    
2855                   2.72753161515647e-05   0.000644816644470147   0.018383042712315     
2856                   2.72707227396962e-05   0.000644807050474375   0.0183825287778109    
2857                   2.72661240246084e-05   0.000644797363734233   0.0183820211149294    
2858                   2.72615201288613e-05   0.000644787589700146   0.0183815196849012    
2859                   2.72569153898686e-05   0.000644777414854015   0.018381024833058     
2860                   2.72522972695979e-05   0.000644766996247542   0.0183805367121074    
2861                   2.72476443949984e-05   0.000644756324458955   0.0183800553761738    
2862                   2.72429509647173e-05   0.00064474535778862    0.0183795807477289    
2863                   2.72382243435098e-05   0.000644734087133212   0.0183791127205594    
2864                   2.72334725608193e-05   0.000644722554400606   0.0183786512330136    
2865                   2.72286983402515e-05   0.000644710830054783   0.0183781962585646    
2866                   2.72239019425139e-05   0.000644698964712553   0.0183777477657137    
2867                   2.72190859400034e-05   0.000644686970298963   0.0183773057019341    
2868                   2.72142562853094e-05   0.000644674837737401   0.0183768700055663    
2869                   2.72094197087058e-05   0.000644662560265177   0.0183764406207991    
2870                   2.7204580874485e-05    0.000644650144596637   0.0183760175000386    
2871                   2.71997417332725e-05   0.000644637610600203   0.0183756005976552    
2872                   2.71949027886585e-05   0.000644624982474718   0.0183751898652261    
2873                   2.7190064521454e-05    0.000644612278139239   0.0183747852519818    
2874                   2.71852278133322e-05   0.000644599503411415   0.0183743867074862    
2875                   2.71803935392258e-05   0.000644586653906223   0.0183739941829762    
2876                   2.7175562114345e-05    0.000644573721722448   0.0183736076308196    
2877                   2.71707334666272e-05   0.000644560701271325   0.0183732270035423    
2878                   2.71659073303031e-05   0.000644547590773544   0.0183728522535005    
2879                   2.716108352241e-05     0.000644534390056743   0.018372483333106     
2880                   2.71562620162278e-05   0.000644521097573616   0.0183721201950337    
2881                   2.71514428647097e-05   0.000644507708894815   0.0183717627921415    
2882                   2.71466261161159e-05   0.000644494216982631   0.0183714110772039    
2883                   2.71418117996277e-05   0.000644480613194231   0.0183710650026631    
2884                   2.71369999632596e-05   0.000644466888067909   0.0183707245204179    
2885                   2.71321907119031e-05   0.000644453031608568   0.0183703895815752    
2886                   2.7127384217934e-05    0.000644439033297792   0.0183700601360936    
2887                   2.71225807132484e-05   0.000644424882065729   0.0183697361322859    
2888                   2.71177804843086e-05   0.000644410566233708   0.0183694175161641    
2889                   2.71129838822248e-05   0.000644396073310342   0.0183691042305674    
2890                   2.71081913617057e-05   0.000644381389514674   0.0183687962139665    
2891                   2.71034034884089e-05   0.000644366499500123   0.018368493398762     
2892                   2.7098613104358e-05    0.000644351511804143   0.0183681960953599    
2893                   2.70938192536328e-05   0.0006443362341794     0.0183679041924131    
2894                   2.70890271916753e-05   0.000644320650441792   0.0183676175993753    
2895                   2.708423762599e-05     0.000644304823476233   0.0183673362809185    
2896                   2.70794470089523e-05   0.000644288825741478   0.0183670602233382    
2897                   2.70746527076575e-05   0.000644272693653428   0.0183667894000054    
2898                   2.70698554112477e-05   0.000644256416869841   0.018366523768976     
2899                   2.70650575562795e-05   0.000644239963097057   0.0183662632876371    
2900                   2.70602608432149e-05   0.000644223301981404   0.0183660079207261    
2901                   2.70554654397628e-05   0.000644206413878644   0.0183657576367395    
2902                   2.70506708544945e-05   0.000644189292891729   0.0183655124016513    
2903                   2.70458770474098e-05   0.000644171943240889   0.0183652721765639    
2904                   2.70410847769291e-05   0.000644154367287993   0.0183650369170256    
2905                   2.70362953129734e-05   0.000644136552678681   0.0183648065648283    
2906                   2.70315110295832e-05   0.000644118450154499   0.0183645809867135    
2907                   2.70267266456202e-05   0.000644100183208637   0.018364360452304     
2908                   2.70219343671532e-05   0.000644081810417722   0.0183641452662917    
2909                   2.70171424520738e-05   0.000644063130056224   0.0183639351578736    
2910                   2.70123600923945e-05   0.000644044148351934   0.0183637300309206    
2911                   2.70075834030313e-05   0.00064402495011736    0.018363529897316     
2912                   2.70028039388822e-05   0.000644005594282735   0.0183633347491131    
2913                   2.69980186757865e-05   0.000643986076023564   0.0183631445275829    
2914                   2.69932304108286e-05   0.000643966354161623   0.0183629591646571    
2915                   2.69884427732134e-05   0.000643946388068689   0.0183627786133262    
2916                   2.69836569533038e-05   0.000643926149997271   0.0183626028424329    
2917                   2.6978872333059e-05    0.000643905625047593   0.0183624318200469    
2918                   2.69740885894079e-05   0.000643884813344344   0.01836226550727      
2919                   2.69693067616034e-05   0.000643863723802757   0.0183621038625405    
2920                   2.69645286470139e-05   0.000643842361970907   0.0183619468465634    
2921                   2.6959755756607e-05    0.00064382072125561    0.0183617944227602    
2922                   2.69549888779188e-05   0.00064379878658272    0.0183616465552677    
2923                   2.69502283781059e-05   0.000643776544403324   0.0183615032078586    
2924                   2.69454746213098e-05   0.000643753990575257   0.0183613643444505    
2925                   2.69407280994948e-05   0.000643731130454467   0.0183612299298983    
2926                   2.69359893043349e-05   0.000643707973743756   0.0183610999300931    
2927                   2.69312585805147e-05   0.000643684528780393   0.0183609743115724    
2928                   2.69265361112963e-05   0.000643660799810913   0.0183608530412423    
2929                   2.69218220013943e-05   0.000643636787804861   0.0183607360864101    
2930                   2.69171163528307e-05   0.000643612493189647   0.0183606234149184    
2931                   2.69124192828035e-05   0.000643587918430763   0.0183605149951685    
2932                   2.69077309038038e-05   0.000643563069167026   0.0183604107960328    
2933                   2.69030513110957e-05   0.000643537953676731   0.0183603107867661    
2934                   2.68983805902462e-05   0.000643512581400223   0.0183602149369822    
2935                   2.68937188326891e-05   0.000643486961453541   0.0183601232166621    
2936                   2.68890661446279e-05   0.000643461101876923   0.0183600355961558    
2937                   2.68844226459726e-05   0.000643435009811293   0.0183599520461525    
2938                   2.68797884629956e-05   0.000643408692267533   0.0183598725376448    
2939                   2.68751637233036e-05   0.000643382156930735   0.0183597970419126    
2940                   2.68705485548373e-05   0.000643355412546827   0.0183597255305162    
2941                   2.68659430859247e-05   0.000643328468760828   0.0183596579752879    
2942                   2.68613474465899e-05   0.000643301335621932   0.0183595943483322    
2943                   2.68567617672396e-05   0.000643274023077469   0.0183595346219928    
2944                   2.68521861773065e-05   0.000643246540718377   0.0183594787688572    
2945                   2.68476208033089e-05   0.000643218897822431   0.0183594267617479    
2946                   2.68430657680851e-05   0.000643191103585566   0.0183593785737188    
2947                   2.68385211907576e-05   0.000643163167358227   0.0183593341780503    
2948                   2.68339871869022e-05   0.000643135098752316   0.0183592935482436    
2949                   2.68294638686608e-05   0.000643106907588483   0.018359256658015     
2950                   2.68249513448114e-05   0.000643078603743169   0.0183592234812916    
2951                   2.68204497209715e-05   0.000643050196991525   0.0183591939922072    
2952                   2.68159590998473e-05   0.000643021696913706   0.0183591681650975    
2953                   2.68114795815812e-05   0.000642993112893401   0.0183591459744951    
2954                   2.68070112644293e-05   0.000642964454162952   0.0183591273951268    
2955                   2.68025542454722e-05   0.000642935729859044   0.0183591124019084    
2956                   2.67981086212449e-05   0.000642906949046737   0.0183591009699401    
2957                   2.6793674487579e-05    0.000642878120696942   0.0183590930745       
2958                   2.67892519417906e-05   0.000642849253652322   0.01835908869104      
2959                   2.67848410825028e-05   0.00064282035657298    0.018359087795182     
2960                   2.67804420103374e-05   0.000642791437900481   0.0183590903627131    
2961                   2.6776054828763e-05    0.000642762505842364   0.0183590963695811    
2962                   2.6771679644952e-05    0.000642733568374042   0.0183591057918869    
2963                   2.67673165703489e-05   0.000642704633243435   0.0183591186058848    
2964                   2.67629657223004e-05   0.000642675707974347   0.0183591347879622    
2965                   2.67586272250522e-05   0.000642646799859279   0.0183591543146291    
2966                   2.67543012110581e-05   0.000642617915945793   0.0183591771625054    
2967                   2.6749987822472e-05    0.000642589063021938   0.0183592033083064    
2968                   2.67456872127706e-05   0.000642560247635666   0.0183592327288245    
2969                   2.67413995491579e-05   0.000642531476107179   0.0183592654009045    
2970                   2.67371250150203e-05   0.00064250275451493    0.0183593013014179    
2971                   2.67328638131072e-05   0.000642474088671193   0.0183593404072273    
2972                   2.67286161694336e-05   0.000642445484109053   0.0183593826951437    
2973                   2.67243823373854e-05   0.000642416946090438   0.0183594281418747    
2974                   2.67201626033928e-05   0.00064238847963175    0.0183594767239557    
2975                   2.67159572940122e-05   0.000642360089544095   0.0183595284176629    
2976                   2.67117667848689e-05   0.000642331780480849   0.0183595831989014    
2977                   2.67075915115306e-05   0.000642303556992697   0.0183596410430616    
2978                   2.67034319841702e-05   0.000642275423604568   0.0183597019248237    
2979                   2.66992888071124e-05   0.000642247384921462   0.0183597658178933    
2980                   2.66951627031428e-05   0.000642219445762761   0.0183598326946595    
2981                   2.66910545463801e-05   0.000642191611350833   0.0183599025257195    
2982                   2.668696540666e-05     0.000642163887570927   0.0183599752792199    
2983                   2.66828966086165e-05   0.000642136281322188   0.0183600509199598    
2984                   2.66788498154947e-05   0.000642108801020051   0.0183601294080774    
2985                   2.66748271474936e-05   0.000642081457307738   0.0183602106971217    
2986                   2.66708313538966e-05   0.000642054264089099   0.0183602947312109    
2987                   2.66668660677251e-05   0.000642027240047815   0.018360381440715     
2988                   2.66629361741937e-05   0.000642000410842313   0.0183604707357759    
2989                   2.66590483668341e-05   0.000641973812428768   0.0183605624961747    
2990                   2.66552117749492e-05   0.000641947494791317   0.0183606565589563    
2991                   2.66511062036919e-05   0.000641919415208101   0.0183607592143783    
2992                   2.6646975510637e-05    0.000641891337356564   0.0183608644579171    
2993                   2.66428437622178e-05   0.000641863268450909   0.0183609722712787    
2994                   2.6638724612875e-05    0.000641835211947497   0.0183610826367899    
2995                   2.66346251928668e-05   0.00064180716780404    0.0183611955368318    
2996                   2.66305486574639e-05   0.000641779132662597   0.0183613109536824    
2997                   2.66264958246501e-05   0.000641751100668365   0.0183614288696046    
2998                   2.66224662082743e-05   0.000641723064530203   0.0183615492669931    
2999                   2.66184586674743e-05   0.000641695016018155   0.0183616721284977    
3000                   2.66141513211304e-05   0.000641665019138586   0.0183618036530882    
3001                   2.66098589412934e-05   0.000641635381517358   0.018361935804871     
3002                   2.66056302352135e-05   0.000641605976193825   0.0183620691080942    
3003                   2.66018608715112e-05   0.000641578728749481   0.0183622004427232    
3004                   2.6598296046706e-05    0.000641551276958127   0.0183623347836964    
3005                   2.65947977073138e-05   0.00064152360797658    0.0183624720528535    
3006                   2.65912920851024e-05   0.000641495699971166   0.0183626122233369    
3007                   2.65877456256404e-05   0.000641467534666338   0.0183627552638059    
3008                   2.65841473235265e-05   0.000641439098080574   0.0183629011385318    
3009                   2.65804979625905e-05   0.000641410379156187   0.0183630498092861    
3010                   2.65768038594999e-05   0.000641381367986767   0.0183632012377187    
3011                   2.65730733723561e-05   0.000641352055081435   0.0183633553885375    
3012                   2.65693151164204e-05   0.000641322431427937   0.0183635122350085    
3013                   2.65655374171056e-05   0.000641292488316502   0.0183636717731304    
3014                   2.65617418911318e-05   0.000641262224694117   0.0183638337647552    
3015                   2.65579256611896e-05   0.000641231632471919   0.0183639980897851    
3016                   2.65540964505425e-05   0.000641200713168197   0.018364164749537     
3017                   2.65502621213831e-05   0.000641169467884262   0.0183643337136202    
3018                   2.65464280148701e-05   0.000641137894018063   0.0183645049492685    
3019                   2.65425972802252e-05   0.00064110598672308    0.0183646784229199    
3020                   2.65387687888149e-05   0.00064107374028127    0.0183648539876438    
3021                   2.6534940524483e-05    0.000641041146192323   0.0183650315925824    
3022                   2.65311171811827e-05   0.000641008206285491   0.0183652112607631    
3023                   2.65273028079241e-05   0.000640974919369542   0.0183653929939242    
3024                   2.65234990995963e-05   0.000640941280422387   0.0183655767830155    
3025                   2.65197061508766e-05   0.000640907282652787   0.0183657626124386    
3026                   2.65159234183002e-05   0.000640872919352152   0.0183659504630137    
3027                   2.65121503096848e-05   0.000640838184814832   0.0183661403136995    
3028                   2.65083864425257e-05   0.000640803074424118   0.0183663321425589    
3029                   2.6504631704546e-05    0.00064076758442593    0.0183665259274151    
3030                   2.65008862219329e-05   0.000640731711827536   0.0183667216461367    
3031                   2.64971502936374e-05   0.000640695454489992   0.0183669192766575    
3032                   2.64934243130762e-05   0.000640658811227504   0.0183671187972872    
3033                   2.64897087038215e-05   0.000640621781864927   0.0183673201868084    
3034                   2.64860038740402e-05   0.000640584367199225   0.0183675234245401    
3035                   2.64823101936494e-05   0.000640546569178422   0.018367728490155     
3036                   2.64786279757362e-05   0.000640508390620881   0.018367935364082     
3037                   2.64749574759153e-05   0.000640469834951455   0.0183681440274891    
3038                   2.6471298901909e-05    0.000640430906227751   0.0183683544620205    
3039                   2.64676524211482e-05   0.000640391609265168   0.0183685666497806    
3040                   2.64640181690156e-05   0.000640351949709394   0.0183687805732906    
3041                   2.6460396256319e-05    0.00064031193400545    0.0183689962154392    
3042                   2.64567867759389e-05   0.000640271569346227   0.01836921355941      
3043                   2.64531898084833e-05   0.000640230863649047   0.0183694325886006    
3044                   2.64496054248738e-05   0.000640189825523052   0.0183696532866508    
3045                   2.64460336900587e-05   0.000640148464249511   0.0183698756373415    
3046                   2.64424746575219e-05   0.000640106789863095   0.0183700996249869    
3047                   2.64389283787029e-05   0.000640064813231655   0.018370325233854     
3048                   2.64353949107915e-05   0.000640022545889184   0.0183705524476512    
3049                   2.64318743078954e-05   0.000639979999749308   0.0183707812500562    
3050                   2.64283666242768e-05   0.00063993718711506    0.0183710116244793    
3051                   2.6424871908724e-05    0.000639894120650649   0.0183712435544238    
3052                   2.64213902085238e-05   0.000639850813428405   0.0183714770232115    
3053                   2.64179215684938e-05   0.000639807278871758   0.0183717120140405    
3054                   2.64144660306874e-05   0.000639763530692768   0.0183719485100024    
3055                   2.64110236354133e-05   0.000639719582856005   0.0183721864940053    
3056                   2.64075944198645e-05   0.000639675449523772   0.018372425948862     
3057                   2.64041784216649e-05   0.000639631145060257   0.0183726668570383    
3058                   2.64007756767571e-05   0.000639586683958713   0.0183729092007952    
3059                   2.63973862012003e-05   0.000639542080819766   0.0183731529635059    
3060                   2.63940100272279e-05   0.000639497350660453   0.0183733981271071    
3061                   2.63906471884125e-05   0.000639452508463931   0.0183736446731386    
3062                   2.63872977181926e-05   0.00063940756900331    0.0183738925828061    
3063                   2.63839616473075e-05   0.000639362546804544   0.0183741418371555    
3064                   2.63806390039776e-05   0.000639317456175017   0.0183743924170686    
3065                   2.63773298141259e-05   0.000639272311184465   0.0183746443032637    
3066                   2.63740341015518e-05   0.000639227125614532   0.0183748974763018    
3067                   2.63707518880046e-05   0.000639181912913465   0.0183751519165942    
3068                   2.6367483193181e-05    0.000639136686165783   0.0183754076044113    
3069                   2.63642280347596e-05   0.000639091458068075   0.0183756645198848    
3070                   2.63609864282998e-05   0.000639046240896344   0.0183759226430246    
3071                   2.63577583883764e-05   0.000639001046477606   0.0183761819536497    
3072                   2.63545439273624e-05   0.000638955886129804   0.0183764424314944    
3073                   2.63513430549921e-05   0.000638910770617069   0.0183767040562567    
3074                   2.63481557793075e-05   0.000638865710133706   0.0183769668075409    
3075                   2.63449821066745e-05   0.000638820714286951   0.0183772306648658    
3076                   2.63418220417906e-05   0.00063877579208016    0.0183774956076688    
3077                   2.63386755879673e-05   0.000638730951895567   0.0183777616152922    
3078                   2.63355427470985e-05   0.000638686201470215   0.0183780286669987    
3079                   2.63324235190789e-05   0.000638641547864187   0.0183782967420361    
3080                   2.63293179023927e-05   0.00063859699745018    0.0183785658195985    
3081                   2.63262258940753e-05   0.000638552555901994   0.0183788358788381    
3082                   2.63231474897434e-05   0.000638508228190201   0.0183791068988709    
3083                   2.63200826833329e-05   0.000638464018577161   0.018379378858809     
3084                   2.63170314669435e-05   0.000638419930615062   0.0183796517377846    
3085                   2.63139938328505e-05   0.000638375967175558   0.0183799255147808    
3086                   2.63109697724801e-05   0.000638332130437318   0.0183802001687236    
3087                   2.63079592751962e-05   0.000638288421878229   0.0183804756785994    
3088                   2.63049623307656e-05   0.000638244842308623   0.0183807520232421    
3089                   2.630197893412e-05     0.000638201391949746   0.0183810291808996    
3090                   2.62990090729308e-05   0.000638158070266205   0.0183813071303825    
3091                   2.62960527298201e-05   0.000638114876014955   0.0183815858508829    
3092                   2.62931098868807e-05   0.000638071807345891   0.0183818653215653    
3093                   2.6290180530694e-05    0.000638028861813001   0.0183821455215632    
3094                   2.62872646451099e-05   0.000637986036521679   0.0183824264300013    
3095                   2.62843622055514e-05   0.000637943328015663   0.0183827080259976    
3096                   2.62814731859921e-05   0.000637900732353103   0.0183829902886695    
3097                   2.62785975613298e-05   0.000637858245089509   0.0183832731971375    
3098                   2.6275735308125e-05    0.000637815861287127   0.0183835567305814    
3099                   2.62728864048203e-05   0.00063777357557284    0.0183838408681603    
3100                   2.62700508305914e-05   0.00063773138219663    0.0183841255889848    
3101                   2.62672285634919e-05   0.000637689275069824   0.0183844108721754    
3102                   2.62644195797554e-05   0.000637647247799859   0.0183846966968736    
3103                   2.6261623854033e-05    0.000637605293720225   0.0183849830422326    
3104                   2.62588413599362e-05   0.000637563405918755   0.0183852698874178    
3105                   2.62560720705441e-05   0.000637521577271946   0.0183855572116069    
3106                   2.62533159586453e-05   0.000637479800485405   0.018385844993994     
3107                   2.62505729957285e-05   0.000637438068121813   0.0183861332139004    
3108                   2.62478431531572e-05   0.000637396372184031   0.0183864218506507    
3109                   2.62451264023582e-05   0.00063735470477821    0.0183867108835476    
3110                   2.62424227144948e-05   0.000637313058398617   0.0183870002918937    
3111                   2.62397320603993e-05   0.000637271425681388   0.0183872900549989    
3112                   2.62370544105935e-05   0.000637229799147387   0.0183875801521825    
3113                   2.62343897353133e-05   0.000637188171239085   0.0183878705627761    
3114                   2.62317380045728e-05   0.000637146534514697   0.0183881612661277    
3115                   2.62290991882607e-05   0.000637104881782731   0.0183884522416052    
3116                   2.62264732561684e-05   0.000637063206127327   0.0183887434686025    
3117                   2.62238601779831e-05   0.000637021500891662   0.0183890349265427    
3118                   2.62212599232797e-05   0.000636979759674427   0.0183893265948818    
3119                   2.62186724615426e-05   0.000636937976350657   0.0183896184531117    
3120                   2.62160977622761e-05   0.000636896145107187   0.0183899104807607    
3121                   2.6213535795046e-05    0.000636854260480004   0.0183902026573987    
3122                   2.62109865294446e-05   0.000636812317382999   0.0183904949626442    
3123                   2.62084499351153e-05   0.000636770311126013   0.0183907873761655    
3124                   2.62059259818263e-05   0.000636728237419742   0.0183910798776789    
3125                   2.62034146392929e-05   0.000636686092370314   0.0183913724469779    
3126                   2.6200915876833e-05    0.000636643872479822   0.0183916650639826    
3127                   2.61984296648949e-05   0.000636601574677798   0.0183919577085715    
3128                   2.61959559741809e-05   0.000636559196320418   0.0183922503606903    
3129                   2.61934947757152e-05   0.000636516735201727   0.018392543000349     
3130                   2.61910460407155e-05   0.000636474189557133   0.0183928356076458    
3131                   2.61886097409119e-05   0.000636431558065535   0.0183931281627406    
3132                   2.61861858484508e-05   0.000636388839844791   0.0183934206458714    
3133                   2.61837743358601e-05   0.000636346034446502   0.0183937130373628    
3134                   2.61813751760671e-05   0.000636303141850868   0.0183940053176291    
3135                   2.61789883424428e-05   0.000636260162461599   0.0183942974671777    
3136                   2.61766138088457e-05   0.000636217097098914   0.0183945894666133    
3137                   2.61742515496915e-05   0.000636173946991224   0.0183948812966417    
3138                   2.61719015399209e-05   0.000636130713762998   0.0183951729380769    
3139                   2.61695637549886e-05   0.000636087399421686   0.0183954643718449    
3140                   2.61672381708676e-05   0.00063604400634309    0.0183957555789877    
3141                   2.6164924764075e-05    0.000636000537254768   0.0183960465406675    
3142                   2.61626235116947e-05   0.000635956995218839   0.0183963372381697    
3143                   2.61603343913899e-05   0.000635913383613179   0.0183966276529075    
3144                   2.61580573814067e-05   0.000635869706112135   0.0183969177664246    
3145                   2.61557924605554e-05   0.000635825966666334   0.0183972075603995    
3146                   2.61535396082178e-05   0.000635782169481931   0.0183974970166479    
3147                   2.61512988044213e-05   0.000635738318999845   0.0183977861171153    
3148                   2.61490700297004e-05   0.000635694419872022   0.0183980748438955    
3149                   2.6146853265086e-05    0.00063565047693838    0.0183983631792318    
3150                   2.61446484921531e-05   0.000635606495203571   0.0183986511055131    
3151                   2.61424556930462e-05   0.00063556247981383    0.0183989386052752    
3152                   2.61402748504855e-05   0.000635518436033301   0.0183992256612007    
3153                   2.61381059477372e-05   0.000635474369221064   0.01839951225612      
3154                   2.61359489685687e-05   0.000635430284807955   0.0183997983730103    
3155                   2.61338038972268e-05   0.000635386188273917   0.0184000839949952    
3156                   2.61316707194115e-05   0.000635342085141666   0.018400369105213     
3157                   2.61295494210952e-05   0.000635297980937895   0.0184006536869678    
3158                   2.61274399877545e-05   0.000635253881157417   0.0184009377238264    
3159                   2.61253424053105e-05   0.000635209791255259   0.0184012211994925    
3160                   2.61232566569426e-05   0.000635165716647048   0.0184015040978058    
3161                   2.61211827276561e-05   0.000635121662622973   0.018401786402736     
3162                   2.61191206076534e-05   0.000635077634406511   0.0184020680983842    
3163                   2.61170702881006e-05   0.000635033637094097   0.018402349168978     
3164                   2.61150317593479e-05   0.000634989675652892   0.0184026295988672    
3165                   2.6113005010074e-05    0.000634945754907324   0.0184029093725196    
3166                   2.6110990027713e-05    0.000634901879520481   0.0184031884745165    
3167                   2.61089867994613e-05   0.000634858053978471   0.0184034668895486    
3168                   2.61069953133791e-05   0.000634814282582977   0.0184037446023713    
3169                   2.61050155592243e-05   0.000634770569445841   0.0184040215977362    
3170                   2.61030475268508e-05   0.000634726918446375   0.0184042978605944    
3171                   2.61010912055029e-05   0.000634683333315577   0.0184045733761433    
3172                   2.60991465853718e-05   0.000634639817589777   0.0184048481295525    
3173                   2.60972136566922e-05   0.000634596374520221   0.0184051221060532    
3174                   2.60952924095324e-05   0.000634553007059749   0.0184053952909568    
3175                   2.60933828338871e-05   0.000634509717882076   0.0184056676696476    
3176                   2.60914849197671e-05   0.000634466509390387   0.0184059392275743    
3177                   2.6089598657218e-05    0.000634423383720457   0.0184062099502432    
3178                   2.60877240362872e-05   0.000634380342745273   0.0184064798232122    
3179                   2.60858610469824e-05   0.000634337388080769   0.0184067488320839    
3180                   2.608400967923e-05     0.000634294521091845   0.0184070169625002    
3181                   2.60821699228398e-05   0.000634251742900063   0.0184072842001359    
3182                   2.60803417674827e-05   0.000634209054392504   0.0184075505306947    
3183                   2.60785252026717e-05   0.000634166456229067   0.0184078159399025    
3184                   2.60767202177431e-05   0.000634123948847652   0.0184080804135036    
3185                   2.60749268022463e-05   0.000634081532477757   0.0184083439371891    
3186                   2.60731449457565e-05   0.000634039207144543   0.018408606496614     
3187                   2.6071374636816e-05    0.000633996972655136   0.0184088680775532    
3188                   2.60696158637297e-05   0.000633954828620524   0.0184091286657811    
3189                   2.60678686145569e-05   0.000633912774463829   0.018409388247066     
3190                   2.60661328770779e-05   0.000633870809427416   0.018409646807167     
3191                   2.60644086387529e-05   0.000633828932581271   0.0184099043318319    
3192                   2.60626958866882e-05   0.000633787142833143   0.0184101608067938    
3193                   2.60609946076109e-05   0.000633745438939127   0.0184104162177704    
3194                   2.60593047878615e-05   0.00063370381951541    0.0184106705504608    
3195                   2.60576264134025e-05   0.00063366228305008    0.0184109237905432    
3196                   2.60559594697932e-05   0.000633620827914796   0.0184111759236734    
3197                   2.60543039421807e-05   0.000633579452376762   0.0184114269354835    
3198                   2.6052659815278e-05    0.000633538154610652   0.0184116768115816    
3199                   2.60510270733595e-05   0.000633496932710604   0.0184119255375511    
3200                   2.60494057002537e-05   0.000633455784702435   0.0184121730989501    
3201                   2.60477956793404e-05   0.000633414708555768   0.0184124194813121    
3202                   2.60461969935415e-05   0.000633373702196167   0.0184126646701461    
3203                   2.60446096251474e-05   0.000633332763512863   0.0184129086509636    
3204                   2.60430335559405e-05   0.000633291890373766   0.0184131514092596    
3205                   2.60414687674135e-05   0.000633251080642504   0.0184133929304815    
3206                   2.60399152405425e-05   0.000633210332184639   0.0184136332000627    
3207                   2.60383729560537e-05   0.000633169642885721   0.0184138722033843    
3208                   2.60368418940648e-05   0.000633129010653173   0.0184141099258315    
3209                   2.60353220341969e-05   0.000633088433428983   0.0184143463527805    
3210                   2.60338133555754e-05   0.000633047909199669   0.0184145814696015    
3211                   2.60323158368613e-05   0.000633007436005866   0.018414815261658     
3212                   2.60308294563602e-05   0.000632967011953338   0.0184150477142956    
3213                   2.60293541917029e-05   0.000632926635216058   0.0184152788128931    
3214                   2.60278900200259e-05   0.000632886304047135   0.0184155085428356    
3215                   2.60264369182738e-05   0.000632846016793705   0.0184157368894832    
3216                   2.60249948630582e-05   0.00063280577190033    0.0184159638381984    
3217                   2.6023563830928e-05    0.000632765567920492   0.0184161893743047    
3218                   2.60221437970774e-05   0.000632725403477003   0.0184164134833017    
3219                   2.60207347362864e-05   0.000632685277298085   0.018416636150723     
3220                   2.60193366228617e-05   0.000632645188230935   0.0184168573621371    
3221                   2.60179494306117e-05   0.000632605135255967   0.0184170771031521    
3222                   2.60165731328915e-05   0.000632565117494082   0.0184172953594225    
3223                   2.60152077026271e-05   0.000632525134202561   0.0184175121166596    
3224                   2.60138531123913e-05   0.000632485184771726   0.0184177273606237    
3225                   2.60125093342691e-05   0.000632445268703883   0.0184179410771508    
3226                   2.60111763393943e-05   0.000632405385458923   0.0184181532522306    
3227                   2.6009854099012e-05    0.000632365534827877   0.0184183638718445    
3228                   2.60085425839039e-05   0.000632325716926512   0.0184185729220586    
3229                   2.60072417643533e-05   0.000632285931983404   0.018418780389032     
3230                   2.6005951610202e-05    0.000632246180216935   0.0184189862590199    
3231                   2.60046720909011e-05   0.00063220646188106    0.0184191905183766    
3232                   2.6003403175528e-05    0.000632166777331214   0.0184193931535605    
3233                   2.60021448328321e-05   0.000632127127037589   0.0184195941511301    
3234                   2.60008970318682e-05   0.000632087511597229   0.0184197934976426    
3235                   2.59996597404259e-05   0.000632047931698609   0.0184199911799139    
3236                   2.59984329259148e-05   0.000632008388145677   0.0184201871848877    
3237                   2.59972165554027e-05   0.00063196888185484    0.018420381499642     
3238                   2.59960105956681e-05   0.000631929413847615   0.0184205741113936    
3239                   2.59948150132242e-05   0.000631889985246776   0.0184207650074977    
3240                   2.59936297743029e-05   0.000631850597273632   0.0184209541754528    
3241                   2.59924548446772e-05   0.000631811251234012   0.01842114160293      
3242                   2.59912901896624e-05   0.0006317719485169     0.0184213272777744    
3243                   2.59901357744311e-05   0.000631732690596489   0.01842151118796      
3244                   2.59889915637174e-05   0.000631693479015465   0.0184216933216363    
3245                   2.59878575239611e-05   0.000631654315361278   0.018421873667127     
3246                   2.59867336202491e-05   0.000631615201312077   0.0184220522129341    
3247                   2.59856198142147e-05   0.000631576138568222   0.0184222289477385    
3248                   2.59845160665192e-05   0.000631537128881775   0.0184224038603983    
3249                   2.59834223382174e-05   0.000631498174038528   0.0184225769399594    
3250                   2.59823385914348e-05   0.000631459275849568   0.0184227481756546    
3251                   2.59812647890836e-05   0.000631420436146627   0.0184229175569055    
3252                   2.59802008941502e-05   0.000631381656776504   0.0184230850733246    
3253                   2.59791468690905e-05   0.000631342939593986   0.0184232507147163    
3254                   2.59781026755475e-05   0.000631304286454845   0.0184234144710802    
3255                   2.59770682744229e-05   0.000631265699209345   0.0184235763326107    
3256                   2.59760436261282e-05   0.000631227179695873   0.0184237362896991    
3257                   2.59750286908159e-05   0.000631188729734501   0.0184238943329333    
3258                   2.59740234284969e-05   0.000631150351121067   0.0184240504530992    
3259                   2.59730277990309e-05   0.000631112045621913   0.01842420464118      
3260                   2.5972041762068e-05    0.000631073814968018   0.0184243568883575    
3261                   2.5971065276999e-05    0.000631035660850213   0.0184245071860112    
3262                   2.59700983029382e-05   0.000630997584913818   0.0184246555257181    
3263                   2.59691407987289e-05   0.000630959588753719   0.0184248018992523    
3264                   2.5968192722965e-05    0.000630921673909973   0.0184249462985838    
3265                   2.59672540340054e-05   0.000630883841863745   0.0184250887158772    
3266                   2.59663246899889e-05   0.000630846094033713   0.0184252291434914    
3267                   2.59654046488418e-05   0.000630808431772541   0.0184253675739773    
3268                   2.59644985500245e-05   0.000630771013447754   0.018425503885209     
3269                   2.59636058463595e-05   0.000630733884782354   0.0184256382090118    
3270                   2.59627192139569e-05   0.000630696943825773   0.0184257705045139    
3271                   2.59618328020834e-05   0.000630660179634128   0.0184259008009617    
3272                   2.59609464298272e-05   0.000630623560999302   0.018426029098521     
3273                   2.59600634656654e-05   0.000630587079055997   0.0184261554149721    
3274                   2.59591885343131e-05   0.000630550721782059   0.018426279761028     
3275                   2.59583255811981e-05   0.000630514483878699   0.0184264021516444    
3276                   2.5957477177553e-05    0.000630478360009841   0.0184265225993704    
3277                   2.59566444402433e-05   0.000630442347103001   0.0184266411169469    
3278                   2.59558273633301e-05   0.000630406442420105   0.0184267577154541    
3279                   2.59550252202754e-05   0.000630370643982149   0.0184268724048855    
3280                   2.5954236932408e-05    0.000630334950021259   0.0184269851936784    
3281                   2.59534613356886e-05   0.000630299358988514   0.0184270960888889    
3282                   2.59526973466505e-05   0.00063026386946485    0.0184272050961207    
3283                   2.59519440362447e-05   0.000630228480114173   0.0184273122196473    
3284                   2.59512006527224e-05   0.000630193189629082   0.0184274174624448    
3285                   2.59504666112955e-05   0.000630157996742941   0.0184275208262809    
3286                   2.59497414692304e-05   0.000630122900222179   0.0184276223117829    
3287                   2.59490248962974e-05   0.000630087898862544   0.0184277219185264    
3288                   2.59483166468994e-05   0.000630052991476669   0.0184278196451129    
3289                   2.59476165366313e-05   0.00063001817688169    0.0184279154892512    
3290                   2.59469244241646e-05   0.000629983453895387   0.0184280094478301    
3291                   2.59462401979638e-05   0.000629948821342043   0.0184281015169848    
3292                   2.5945563766905e-05    0.000629914278060568   0.0184281916921634    
3293                   2.59448950539078e-05   0.000629879822910189   0.0184282799681897    
3294                   2.59442339917859e-05   0.00062984545477188    0.018428366339322     
3295                   2.59435805206159e-05   0.000629811172546507   0.0184284507993094    
3296                   2.59429345860365e-05   0.000629776975153063   0.0184285333414449    
3297                   2.59422961380968e-05   0.000629742861529161   0.0184286139586146    
3298                   2.59416651303985e-05   0.000629708830633733   0.0184286926433455    
3299                   2.5941041519442e-05    0.000629674881451162   0.0184287693878491    
3300                   2.5940425264119e-05    0.000629641012994836   0.0184288441840627    
3301                   2.5939816325566e-05    0.000629607224319605   0.0184289170236602    
3302                   2.59392146664258e-05   0.000629573514506618   0.018428987898138     
3303                   2.59386202505646e-05   0.000629539882667334   0.0184290567988386    
3304                   2.59380330428792e-05   0.000629506327947898   0.0184291237169713    
3305                   2.59374530091235e-05   0.000629472849530067   0.018429188643643     
3306                   2.59368801157654e-05   0.000629439446631838   0.0184292515698857    
3307                   2.59363143297744e-05   0.000629406118509651   0.0184293124866825    
3308                   2.59357556183851e-05   0.000629372864461815   0.0184293713849923    
3309                   2.59352039489277e-05   0.000629339683830679   0.0184294282557721    
3310                   2.5934659288781e-05    0.00062930657600322    0.0184294830899986    
3311                   2.59341216053716e-05   0.000629273540410848   0.018429535878688     
3312                   2.59335908661281e-05   0.000629240576529418   0.0184295866129144    
3313                   2.59330670383875e-05   0.000629207683879902   0.0184296352838272    
3314                   2.59325500893154e-05   0.000629174862028904   0.0184296818826665    
3315                   2.59320399858801e-05   0.000629142110589427   0.018429726400779     
3316                   2.59315366948631e-05   0.000629109429220773   0.0184297688296311    
3317                   2.59310401828779e-05   0.000629076817628718   0.0184298091608222    
3318                   2.59305504162986e-05   0.00062904427556339    0.0184298473861014    
3319                   2.59300673612791e-05   0.000629011802826118   0.0184298834973752    
3320                   2.59295909838721e-05   0.000628979399277754   0.0184299174867078    
3321                   2.59291212499378e-05   0.00062894706482905    0.0184299493463373    
3322                   2.59286581251533e-05   0.000628914799433848   0.0184299790686846    
3323                   2.59282015770093e-05   0.000628882603062      0.0184300066463588    
3324                   2.59277515718203e-05   0.000628850475708178   0.0184300320721739    
3325                   2.59273080729069e-05   0.000628818417415564   0.0184300553391479    
3326                   2.59268710436784e-05   0.000628786428332121   0.0184300764404969    
3327                   2.59264404482547e-05   0.000628754508609482   0.0184300953696486    
3328                   2.59260162516088e-05   0.000628722658358696   0.0184301121202459    
3329                   2.5925598419115e-05    0.00062869087772178    0.0184301266861522    
3330                   2.59251869160799e-05   0.000628659166932927   0.0184301390614539    
3331                   2.59247817075531e-05   0.000628627526311393   0.0184301492404612    
3332                   2.59243827583366e-05   0.000628595956227443   0.0184301572177088    
3333                   2.59239900331055e-05   0.000628564457084175   0.0184301629879565    
3334                   2.59236034965525e-05   0.000628533029318356   0.0184301665461898    
3335                   2.59232231134982e-05   0.000628501673404269   0.0184301678876207    
3336                   2.59228488489413e-05   0.00062847038985455    0.0184301670076871    
3337                   2.59224806680479e-05   0.000628439179219092   0.0184301639020519    
3338                   2.59221185361244e-05   0.000628408042084191   0.018430158566602     
3339                   2.59217624185865e-05   0.000628376979071219   0.0184301509974461    
3340                   2.59214122809506e-05   0.000628345990834893   0.0184301411909131    
3341                   2.59210680888478e-05   0.000628315078061136   0.0184301291435493    
3342                   2.59207298080581e-05   0.000628284241465095   0.0184301148521159    
3343                   2.5920397404536e-05    0.000628253481789531   0.0184300983135854    
3344                   2.59200708444232e-05   0.000628222799804993   0.0184300795251385    
3345                   2.59197500942706e-05   0.000628192196326095   0.0184300584841691    
3346                   2.59194351206236e-05   0.000628161672178093   0.0184300351882612    
3347                   2.59191258902352e-05   0.000628131228210337   0.0184300096351959    
3348                   2.59188223700887e-05   0.000628100865293553   0.0184299818229456    
3349                   2.59185245274366e-05   0.00062807058431735    0.018429951749669     
3350                   2.59182323298143e-05   0.000628040386186985   0.0184299194137054    
3351                   2.59179457450375e-05   0.000628010271822776   0.0184298848135709    
3352                   2.59176647411892e-05   0.000627980242157935   0.0184298479479506    
3353                   2.59173892866447e-05   0.000627950298137199   0.0184298088156927    
3354                   2.59171193500965e-05   0.000627920440712956   0.0184297674157997    
3355                   2.59168549006149e-05   0.000627890670846543   0.0184297237474258    
3356                   2.59165959076522e-05   0.000627860989505495   0.0184296778098696    
3357                   2.59163423410355e-05   0.000627831397659613   0.0184296296025633    
3358                   2.59160941709888e-05   0.000627801896279842   0.0184295791250658    
3359                   2.59158513681647e-05   0.000627772486336886   0.0184295263770542    
3360                   2.59156139036785e-05   0.000627743168800012   0.0184294713583146    
3361                   2.59153817491382e-05   0.000627713944635979   0.0184294140687331    
3362                   2.59151548766747e-05   0.000627684814807971   0.0184293545082858    
3363                   2.59149332589756e-05   0.000627655780274611   0.0184292926770282    
3364                   2.59147168693228e-05   0.00062762684198964    0.0184292285750841    
3365                   2.59145056816463e-05   0.000627598000901892   0.0184291622026357    
3366                   2.59142996705677e-05   0.000627569257954551   0.0184290935599084    
3367                   2.59140988114661e-05   0.000627540614085246   0.0184290226471581    
3368                   2.59139030805434e-05   0.000627512070227251   0.0184289494646581    
3369                   2.59137124548998e-05   0.000627483627311481   0.018428874012686     
3370                   2.59135269126105e-05   0.000627455286266423   0.0184287962915041    
3371                   2.59133464328237e-05   0.000627427048020784   0.0184287163013443    
3372                   2.59131709958704e-05   0.000627398913506037   0.0184286340423896    
3373                   2.59130005833884e-05   0.000627370883659843   0.0184285495147545    
3374                   2.59128351784646e-05   0.000627342959429818   0.0184284627184646    
3375                   2.59126747657971e-05   0.000627315141777855   0.0184283736534325    
3376                   2.59125193318798e-05   0.000627287431686066   0.0184282823194333    
3377                   2.59123688652244e-05   0.000627259830162807   0.0184281887160775    
3378                   2.59122233566095e-05   0.000627232338250548   0.0184280928427809    
3379                   2.59120827993728e-05   0.000627204957034048   0.0184279946987303    
3380                   2.59119471897483e-05   0.000627177687650878   0.0184278942828481    
3381                   2.59118129832479e-05   0.00062715046223011    0.0184277917101393    
3382                   2.59116747878003e-05   0.000627123218309092   0.0184276870073749    
3383                   2.59115318193706e-05   0.000627095915334337   0.0184275802120174    
3384                   2.59113874194135e-05   0.000627068549144063   0.0184274713099692    
3385                   2.59112456352762e-05   0.000627041164521015   0.0184273602832556    
3386                   2.5911110699841e-05    0.000627013910929567   0.0184272471396769    
3387                   2.59109836180599e-05   0.000626986829420283   0.0184271319952523    
3388                   2.59108600565813e-05   0.000626959861428859   0.0184270148100441    
3389                   2.59107364348243e-05   0.000626933008573492   0.0184268956211521    
3390                   2.59106127936583e-05   0.000626906226592822   0.0184267744115359    
3391                   2.59104912588548e-05   0.000626879505079451   0.0184266511912972    
3392                   2.5910374257166e-05    0.000626852832963292   0.0184265259579753    
3393                   2.59102633837004e-05   0.000626826217536643   0.0184263987186305    
3394                   2.59101594245177e-05   0.000626799666326392   0.0184262694755139    
3395                   2.59100626911585e-05   0.000626773187345286   0.0184261382320309    
3396                   2.59099732520693e-05   0.000626746782171882   0.0184260049904749    
3397                   2.59098909472851e-05   0.000626720446539763   0.0184258697535409    
3398                   2.5909815394651e-05    0.000626694171353113   0.0184257325224497    
3399                   2.59097460854163e-05   0.000626667945909568   0.0184255932961385    
3400                   2.59096825328028e-05   0.000626641758112374   0.0184254520702245    
3401                   2.59096225839371e-05   0.000626615646815744   0.0184253088333198    
3402                   2.59095630696606e-05   0.000626589667893644   0.0184251635945634    
3403                   2.59095071408538e-05   0.000626563904227679   0.0184250163822607    
3404                   2.59094563082655e-05   0.000626538316270537   0.0184248672903576    
3405                   2.59094096827642e-05   0.000626512792118689   0.0184247162122313    
3406                   2.5909369180722e-05    0.000626487350686969   0.0184245631974135    
3407                   2.5909333512577e-05    0.000626462025664251   0.0184244082307703    
3408                   2.59093025996554e-05   0.0006264368097551     0.0184242513678644    
3409                   2.59092748684297e-05   0.000626411695963834   0.0184240925722513    
3410                   2.59092508111886e-05   0.000626386680122104   0.018423931895663     
3411                   2.59092294903856e-05   0.000626361760873366   0.0184237693057983    
3412                   2.59092116721706e-05   0.000626336978613511   0.0184236048642983    
3413                   2.59091957844439e-05   0.000626312344546078   0.0184234385811484    
3414                   2.59091840347826e-05   0.000626287886084497   0.0184232705117949    
3415                   2.59091751997004e-05   0.00062626363731865    0.0184231007206088    
3416                   2.59091681159122e-05   0.000626239550678177   0.0184229292244938    
3417                   2.59091630683119e-05   0.000626215573846231   0.0184227560178923    
3418                   2.59091611880431e-05   0.000626191680178399   0.0184225810984109    
3419                   2.59091635692642e-05   0.000626167859983616   0.01842240447011      
3420                   2.59091708520055e-05   0.000626144110123111   0.0184222261403677    
3421                   2.59091831733835e-05   0.000626120429711681   0.0184220461179565    
3422                   2.59092002874919e-05   0.000626096818713119   0.0184218644122578    
3423                   2.59092217257362e-05   0.00062607327744498    0.0184216810329042    
3424                   2.59092469359533e-05   0.000626049806444577   0.0184214959896002    
3425                   2.59092753858394e-05   0.000626026406354914   0.018421309292036     
3426                   2.59093066234693e-05   0.00062600307794026    0.0184211209498108    
3427                   2.59093402979897e-05   0.000625979821981404   0.0184209309723835    
3428                   2.59093761579329e-05   0.000625956639249052   0.0184207393690929    
3429                   2.59094140366566e-05   0.000625933530427427   0.0184205461490721    
3430                   2.59094538338524e-05   0.000625910496069802   0.0184203513212359    
3431                   2.59094954974654e-05   0.000625887536601095   0.0184201548943044    
3432                   2.59095390078456e-05   0.000625864652325808   0.0184199568767733    
3433                   2.59095843647176e-05   0.000625841843454545   0.0184197572769103    
3434                   2.59096315771536e-05   0.000625819110197629   0.0184195561027579    
3435                   2.59096806565219e-05   0.000625796452751548   0.0184193533621522    
3436                   2.59097316120866e-05   0.000625773871216978   0.0184191490627319    
3437                   2.59097844486728e-05   0.000625751365585791   0.0184189432119476    
3438                   2.59098391657316e-05   0.000625728935806279   0.0184187358170741    
3439                   2.59098957572443e-05   0.000625706581836953   0.0184185268852222    
3440                   2.59099542120995e-05   0.000625684303652032   0.0184183164233548    
3441                   2.59100145147147e-05   0.000625662101226807   0.0184181044383012    
3442                   2.59100766457596e-05   0.000625639974529238   0.0184178909367725    
3443                   2.59101405828789e-05   0.000625617923519315   0.0184176759253783    
3444                   2.59102063013517e-05   0.000625595948149419   0.0184174594106418    
3445                   2.59102737746643e-05   0.00062557404836434    0.0184172413990156    
3446                   2.5910342974984e-05    0.000625552224102595   0.0184170218968968    
3447                   2.59104138735418e-05   0.00062553047529886    0.0184168009106426    
3448                   2.59104864409433e-05   0.000625508801886488   0.0184165784465856    
3449                   2.59105606473994e-05   0.000625487203798364   0.0184163545110483    
3450                   2.59106364629082e-05   0.000625465680966565   0.0184161291103574    
3451                   2.59107138573887e-05   0.000625444233321222   0.0184159022508576    
3452                   2.59107928007733e-05   0.000625422860790467   0.0184156739389249    
3453                   2.59108732630765e-05   0.000625401563300762   0.0184154441809787    
3454                   2.59109552167065e-05   0.000625380340754767   0.018415212983495     
3455                   2.59110386332386e-05   0.000625359193099595   0.0184149803530094    
3456                   2.59111234809895e-05   0.000625338120257961   0.0184147462961377    
3457                   2.59112097283265e-05   0.000625317122175039   0.0184145108195934    
3458                   2.59112973444149e-05   0.000625296198796249   0.0184142739301879    
3459                   2.59113862992257e-05   0.000625275350067431   0.0184140356348349    
3460                   2.59114765632045e-05   0.000625254575936439   0.0184137959405585    
3461                   2.59115681086524e-05   0.000625233876336398   0.0184135548545204    
3462                   2.59116609093107e-05   0.000625213251227625   0.0184133123840672    
3463                   2.59117549386219e-05   0.00062519270056715    0.0184130685365881    
3464                   2.59118501692089e-05   0.000625172224327805   0.0184128233196122    
3465                   2.59119465727289e-05   0.000625151822499814   0.0184125767408037    
3466                   2.59120441203329e-05   0.000625131495090797   0.0184123288079721    
3467                   2.59121427831766e-05   0.000625111242125054   0.0184120795290734    
3468                   2.59122425326971e-05   0.000625091063644982   0.0184118289122108    
3469                   2.59123433406626e-05   0.000625070959715125   0.0184115769656452    
3470                   2.59124451791249e-05   0.000625050930426121   0.018411323697802     
3471                   2.5912548020367e-05    0.00062503097589436    0.0184110691172326    
3472                   2.59126518368139e-05   0.00062501109626686    0.0184108132326394    
3473                   2.59127566009594e-05   0.000624991291723595   0.0184105560528766    
3474                   2.59128622853225e-05   0.000624971562480322   0.0184102975869506    
3475                   2.591296886245e-05     0.000624951908791661   0.0184100378440203    
3476                   2.59130763049567e-05   0.000624932330954046   0.0184097768333987    
3477                   2.59131845855756e-05   0.000624912829309178   0.018409514564553     
3478                   2.59132936771844e-05   0.000624893404247257   0.0184092510471065    
3479                   2.5913403552809e-05    0.000624874056209484   0.0184089862908396    
3480                   2.59135141856167e-05   0.000624854785690896   0.0184087203056924    
3481                   2.59136255489362e-05   0.000624835593243093   0.0184084531017666    
3482                   2.59137376162867e-05   0.000624816479476642   0.0184081846893289    
3483                   2.59138503614222e-05   0.000624797445064094   0.0184079150788154    
3484                   2.59139637583819e-05   0.000624778490742431   0.0184076442808371    
3485                   2.59140777815401e-05   0.00062475961731623    0.0184073723061868    
3486                   2.59141924056792e-05   0.00062474082566023    0.0184070991658476    
3487                   2.59143076060766e-05   0.000624722116722528   0.0184068248710067    
3488                   2.59144233586148e-05   0.000624703491528864   0.0184065494330872    
3489                   2.59145396399465e-05   0.000624684951183483   0.0184062728637255    
3490                   2.5914656427646e-05    0.000624666496876442   0.0184059951748202    
3491                   2.5914773700415e-05    0.000624648129890433   0.0184057163785705    
3492                   2.59148914384553e-05   0.000624629851595376   0.0184054364874198    
3493                   2.5915009623885e-05    0.000624611663466725   0.0184051555141715    
3494                   2.59151282412592e-05   0.000624593567100007   0.0184048734721084    
3495                   2.59152472782444e-05   0.000624575564216936   0.0184045903749287    
3496                   2.59153667286203e-05   0.000624557656661975   0.0184043062368348    
3497                   2.59154865903762e-05   0.000624539846497202   0.0184040210726702    
3498                   2.59156068648891e-05   0.000624522135958388   0.0184037348980622    
3499                   2.59157275623212e-05   0.000624504527541034   0.0184034477295992    
3500                   2.59158487054737e-05   0.000624487024044407   0.0184031595850496    
3501                   2.59159703321673e-05   0.000624469628668878   0.0184028704836502    
3502                   2.59160925044638e-05   0.000624452345054146   0.0184025804465932    
3503                   2.59162158578539e-05   0.000624435133689067   0.0184022893841343    
3504                   2.59163399629727e-05   0.000624418050215753   0.0184019973089552    
3505                   2.59164627698949e-05   0.000624401087271895   0.0184017042499564    
3506                   2.5916584052894e-05    0.00062438422080688    0.0184014102274939    
3507                   2.59167051345973e-05   0.000624367435434002   0.0184011152533304    
3508                   2.59168269023523e-05   0.000624350730423249   0.0184008193386418    
3509                   2.59169490046886e-05   0.00062433411500823    0.0184005224974282    
3510                   2.59170706844358e-05   0.000624317598542627   0.018400224746205     
3511                   2.59171917967879e-05   0.000624301187014121   0.0183999261047168    
3512                   2.59173130519519e-05   0.000624284886464754   0.0183996266002275    
3513                   2.59174357568083e-05   0.000624268707790449   0.0183993262762298    
3514                   2.59175587366992e-05   0.00062425258736992    0.0183990250396046    
3515                   2.59176795684768e-05   0.000624236564419993   0.0183987229062544    
3516                   2.59177958092852e-05   0.000624220609826209   0.018398419853988     
3517                   2.59179073996352e-05   0.000624204743586909   0.0183981159314331    
3518                   2.59180137398992e-05   0.000624188889001207   0.0183978110419281    
3519                   2.59181145583431e-05   0.000624173097299208   0.0183975052222067    
3520                   2.59182106628809e-05   0.000624157374824242   0.0183971985142637    
3521                   2.59183039348986e-05   0.000624141716843253   0.0183968909414631    
3522                   2.59183968794358e-05   0.000624126129505581   0.0183965825172064    
3523                   2.59184912176594e-05   0.000624110629285078   0.0183962732572648    
3524                   2.5918587512007e-05    0.000624095230870773   0.018395963180993     
3525                   2.5918685932309e-05    0.000624079937947675   0.0183956523073066    
3526                   2.59187868537675e-05   0.000624064746755714   0.0183953406530769    
3527                   2.59188907283717e-05   0.00062404965500437    0.0183950282344121    
3528                   2.59189977148169e-05   0.00062403466476445    0.0183947150675675    
3529                   2.59191075798639e-05   0.000624019780084921   0.0183944011688962    
3530                   2.59192199030735e-05   0.000624005004092935   0.0183940865544507    
3531                   2.59193343226995e-05   0.000623990338317772   0.0183937712398695    
3532                   2.59194506057389e-05   0.000623975782926274   0.0183934552405782    
3533                   2.59195685651443e-05   0.000623961336913239   0.0183931385719749    
3534                   2.59196879658805e-05   0.000623946998322149   0.0183928212493569    
3535                   2.59198085134622e-05   0.000623932764799897   0.0183925032878154    
3536                   2.59199299091227e-05   0.000623918634292458   0.0183921847022409    
3537                   2.59200519033001e-05   0.000623904605394754   0.0183918655074009    
3538                   2.59201743057332e-05   0.000623890677133682   0.0183915457180035    
3539                   2.59202969615784e-05   0.000623876848423157   0.0183912253487259    
3540                   2.5920419725634e-05    0.000623863117629279   0.0183909044142846    
3541                   2.59205424543633e-05   0.000623849482492581   0.0183905829292155    
3542                   2.59206650124424e-05   0.000623835940387701   0.0183902609080268    
3543                   2.59207872809457e-05   0.000623822488668426   0.0183899383652424    
3544                   2.59209091589346e-05   0.000623809124886999   0.0183896153154249    
3545                   2.59210305570455e-05   0.000623795846838021   0.0183892917731812    
3546                   2.59211513955865e-05   0.000623782652390734   0.0183889677534502    
3547                   2.59212716044508e-05   0.000623769539405387   0.0183886432710516    
3548                   2.59213911189921e-05   0.000623756505610341   0.0183883183407674    
3549                   2.59215098797041e-05   0.00062374354861785    0.0183879929774835    
3550                   2.59216278315334e-05   0.000623730665985429   0.0183876671962108    
3551                   2.59217449232505e-05   0.000623717855289829   0.018387341012098     
3552                   2.59218611070755e-05   0.00062370511418554    0.0183870144404648    
3553                   2.59219763385187e-05   0.000623692440432485   0.0183866874968305    
3554                   2.59220905763478e-05   0.000623679831874574   0.0183863601967909    
3555                   2.59222037823371e-05   0.00062366728641818    0.0183860325561134    
3556                   2.59223159208469e-05   0.00062365480201101    0.0183857045907918    
3557                   2.59224269583545e-05   0.000623642376634719   0.0183853763170476    
3558                   2.5922536863056e-05    0.000623630008317488   0.0183850477513379    
3559                   2.59226456046333e-05   0.000623617695157331   0.0183847189103595    
3560                   2.59227439023271e-05   0.000623605035947229   0.0183843982704403    
3561                   2.59228425922792e-05   0.000623592393050462   0.0183840766307462    
3562                   2.5922942115723e-05    0.000623579772341108   0.0183837540480239    
3563                   2.59230417474068e-05   0.000623567178432704   0.0183834305615518    
3564                   2.59231405882339e-05   0.000623554614506949   0.0183831062022865    
3565                   2.59232379957232e-05   0.000623542082622376   0.0183827809947635    
3566                   2.59233336651798e-05   0.000623529583921633   0.0183824549586006    
3567                   2.59234275577391e-05   0.000623517118689395   0.0183821281097096    
3568                   2.59235197916434e-05   0.000623504686425792   0.0183818004612351    
3569                   2.59236105484507e-05   0.000623492286013653   0.0183814720242683    
3570                   2.59237000087359e-05   0.000623479915925972   0.0183811428083858    
3571                   2.5923788315685e-05    0.000623467574394764   0.018380812822054     
3572                   2.59238755601811e-05   0.000623455259519831   0.0183804820729281    
3573                   2.59239617806005e-05   0.000623442969335828   0.0183801505680722    
3574                   2.59240469712772e-05   0.000623430701861001   0.0183798183141256    
3575                   2.59241310945876e-05   0.000623418455140605   0.0183794853174278    
3576                   2.59242140929547e-05   0.000623406227293379   0.0183791515841156    
3577                   2.59242958987679e-05   0.000623394016555306   0.0183788171201962    
3578                   2.59243764416708e-05   0.000623381821310917   0.0183784819316021    
3579                   2.59244556535199e-05   0.000623369640108411   0.0183781460242308    
3580                   2.59245334715403e-05   0.000623357471660929   0.0183778094039764    
3581                   2.59246098400922e-05   0.000623345314842436   0.0183774720767529    
3582                   2.59246847113353e-05   0.000623333168684897   0.0183771340485116    
3583                   2.59247580450765e-05   0.000623321032378108   0.0183767953252549    
3584                   2.59248298080895e-05   0.000623308905270749   0.0183764559130464    
3585                   2.59248999731962e-05   0.000623296786869084   0.0183761158180178    
3586                   2.59249685183082e-05   0.000623284676832915   0.0183757750463786    
3587                   2.59250354255484e-05   0.000623272574968533   0.018375433604415     
3588                   2.59251006804527e-05   0.000623260481220763   0.0183750914984913    
3589                   2.59251642712798e-05   0.000623248395664953   0.0183747487350545    
3590                   2.59252261884123e-05   0.000623236318500091   0.0183744053206359    
3591                   2.59252864238647e-05   0.00062322425004232    0.0183740612618499    
3592                   2.59253449708927e-05   0.000623212190718871   0.018373716565394     
3593                   2.59254018236921e-05   0.000623200141062041   0.0183733712380471    
3594                   2.59254569771726e-05   0.000623188101702766   0.0183730252866663    
3595                   2.59255104267814e-05   0.000623176073364489   0.0183726787181846    
3596                   2.59255621683696e-05   0.00062316405685664    0.0183723315396073    
3597                   2.59256121980879e-05   0.000623152053068978   0.018371983758008     
3598                   2.59256605123121e-05   0.000623140062965709   0.0183716353805245    
3599                   2.59257071075903e-05   0.000623128087580241   0.0183712864143538    
3600                   2.59257519806053e-05   0.000623116128010337   0.0183709368667479    
3601                   2.59257951281484e-05   0.00062310418541325    0.0183705867450084    
3602                   2.59258365470995e-05   0.000623092261001221   0.0183702360564822    
3603                   2.59258762344143e-05   0.000623080356036984   0.0183698848085551    
3604                   2.59259141871122e-05   0.000623068471829213   0.0183695330086477    
3605                   2.59259504022701e-05   0.000623056609728661   0.0183691806642106    
3606                   2.5925984877027e-05    0.000623044771123852   0.0183688277827203    
3607                   2.59260176085809e-05   0.000623032957437494   0.018368474371674     
3608                   2.59260485941888e-05   0.000623021170122606   0.0183681204385861    
3609                   2.59260778311626e-05   0.000623009410658691   0.018367765990984     
3610                   2.59261053168712e-05   0.00062299768054806    0.0183674110364047    
3611                   2.59261310487328e-05   0.000622985981312764   0.0183670555823974    
3612                   2.59261550241842e-05   0.00062297431449234    0.0183666996365314    
3613                   2.59261772407154e-05   0.000622962681631638   0.0183663432063458    
3614                   2.5926197695886e-05    0.000622951084283482   0.0183659862993789    
3615                   2.59262163873541e-05   0.000622939524004218   0.018365628923167     
3616                   2.59262333128495e-05   0.000622928002350085   0.0183652710852418    
3617                   2.59262484702597e-05   0.000622916520874222   0.0183649127931367    
3618                   2.59262618576351e-05   0.000622905081118638   0.0183645540543639    
3619                   2.59262734730445e-05   0.000622893684610419   0.0183641948764294    
3620                   2.59262833144521e-05   0.000622882332856879   0.0183638352668293    
3621                   2.59262913797172e-05   0.00062287102734079    0.018363475233047     
3622                   2.59262976666467e-05   0.000622859769515204   0.0183631147825519    
3623                   2.59263021730421e-05   0.000622848560798424   0.0183627539227991    
3624                   2.59263048967087e-05   0.000622837402568799   0.0183623926612288    
3625                   2.59263058354696e-05   0.000622826296158983   0.0183620310052664    
3626                   2.59263049871738e-05   0.000622815242850289   0.0183616689623218    
3627                   2.59263023496976e-05   0.000622804243866705   0.0183613065397901    
3628                   2.59262979209377e-05   0.000622793300369137   0.0183609437450512    
3629                   2.59262916988052e-05   0.000622782413449857   0.0183605805854706    
3630                   2.59262836812158e-05   0.000622771584127032   0.0183602170683998    
3631                   2.59262738660955e-05   0.000622760813339159   0.0183598532011772    
3632                   2.59262622513793e-05   0.000622750101939537   0.0183594889911288    
3633                   2.59262488350076e-05   0.000622739450690653   0.0183591244455687    
3634                   2.5926233614923e-05    0.000622728860258979   0.0183587595718005    
3635                   2.59262165890657e-05   0.000622718331209948   0.0183583943771181    
3636                   2.5926197755369e-05    0.000622707864003324   0.0183580288688071    
3637                   2.5926177111752e-05    0.000622697458988413   0.0183576630541471    
3638                   2.59261546561221e-05   0.00062268711639996    0.0183572969404117    
3639                   2.59261303863766e-05   0.000622676836354334   0.0183569305348684    
3640                   2.59261043004006e-05   0.000622666618846433   0.0183565638447809    
3641                   2.59260763960606e-05   0.000622656463746656   0.0183561968774104    
3642                   2.59260466712002e-05   0.000622646370798395   0.0183558296400166    
3643                   2.59260151236413e-05   0.000622636339616047   0.0183554621398589    
3644                   2.59259817511838e-05   0.00062262636968323    0.0183550943841974    
3645                   2.59259465516056e-05   0.000622616460351616   0.0183547263802945    
3646                   2.59259095226594e-05   0.000622606610840384   0.0183543581354154    
3647                   2.59258706620739e-05   0.000622596820236531   0.0183539896568284    
3648                   2.59258299675523e-05   0.000622587087495254   0.0183536209518033    
3649                   2.59257874367738e-05   0.000622577411441841   0.0183532520276202    
3650                   2.59257430673953e-05   0.000622567790773254   0.0183528828915704    
3651                   2.59256968570484e-05   0.00062255822406084    0.0183525135509539    
3652                   2.59256488033404e-05   0.000622548709753019   0.0183521440130782    
3653                   2.59255989038516e-05   0.000622539246179245   0.01835177428526      
3654                   2.59255471561349e-05   0.000622529831554211   0.0183514043748253    
3655                   2.59254935577201e-05   0.000622520463982744   0.0183510342891108    
3656                   2.5925438107692e-05    0.000622511141452177   0.0183506640354627    
3657                   2.59253808020362e-05   0.000622501861892637   0.0183502936212412    
3658                   2.59253216383961e-05   0.000622492623082493   0.018349923053819     
3659                   2.59252606128015e-05   0.000622483422781803   0.0183495523405837    
3660                   2.59251977236503e-05   0.000622474258607254   0.018349181488935     
3661                   2.59251329690978e-05   0.00062246512815675    0.0183488105062857    
3662                   2.59250663462378e-05   0.000622456028943245   0.0183484394000631    
3663                   2.59249978517647e-05   0.000622446958433004   0.0183480681777092    
3664                   2.59249274826763e-05   0.000622437914050431   0.0183476968466912    
3665                   2.59248552363448e-05   0.000622428893184033   0.0183473254144596    
3666                   2.59247811102816e-05   0.000622419893197966   0.018346953888509     
3667                   2.59247051019399e-05   0.000622410911441469   0.0183465822763378    
3668                   2.59246272086817e-05   0.000622401945258977   0.018346210585458     
3669                   2.59245474278051e-05   0.000622392991999947   0.0183458388233951    
3670                   2.59244657565603e-05   0.000622384049028508   0.0183454669976452    
3671                   2.59243821921677e-05   0.000622375113735336   0.0183450951157855    
3672                   2.59242967318005e-05   0.000622366183546174   0.0183447231853944    
3673                   2.59242093725949e-05   0.000622357255931407   0.0183443512140519    
3674                   2.59241201116604e-05   0.000622348328415895   0.0183439792093445    
3675                   2.59240289460853e-05   0.000622339398588357   0.0183436071788675    
3676                   2.59239358729392e-05   0.000622330464110718   0.0183432351302249    
3677                   2.59238408892738e-05   0.000622321522726883   0.0183428630710302    
3678                   2.59237439921211e-05   0.000622312572271512   0.0183424910089044    
3679                   2.59236451784939e-05   0.000622303610678018   0.01834211895148      
3680                   2.5923544445385e-05    0.000622294635986926   0.0183417469063942    
3681                   2.59234417897709e-05   0.000622285646353077   0.0183413748812854    
3682                   2.59233372086128e-05   0.000622276640052358   0.0183410028837972    
3683                   2.59232306988601e-05   0.000622267615487936   0.0183406309215742    
3684                   2.59231222574472e-05   0.000622258571195945   0.0183402590022615    
3685                   2.5923011881295e-05    0.000622249505850706   0.0183398871335051    
3686                   2.59228995673117e-05   0.000622240418269427   0.0183395153229499    
3687                   2.59227853123978e-05   0.000622231307416338   0.0183391435782394    
3688                   2.59226691134477e-05   0.000622222172405848   0.0183387719070138    
3689                   2.59225509673508e-05   0.000622213012505392   0.0183384003169089    
3690                   2.5922430870995e-05    0.00062220382713706    0.0183380288155462    
3691                   2.59223088212744e-05   0.000622194615879584   0.018337657410554     
3692                   2.59221848150866e-05   0.000622185378468671   0.0183372861095524    
3693                   2.59220588493329e-05   0.000622176114796836   0.0183369149201488    
3694                   2.5921930920926e-05    0.000622166824913042   0.0183365438499375    
3695                   2.59218010267906e-05   0.000622157509021429   0.0183361729064997    
3696                   2.59216691638641e-05   0.000622148167478615   0.0183358020973875    
3697                   2.59215353291152e-05   0.000622138800792525   0.0183354314301618    
3698                   2.59213995195359e-05   0.000622129409618166   0.0183350609123619    
3699                   2.59212617321496e-05   0.000622119994754166   0.0183346905515058    
3700                   2.59211219640202e-05   0.000622110557138207   0.0183343203550899    
3701                   2.59209802122517e-05   0.000622101097842292   0.0183339503305882    
3702                   2.59208364739984e-05   0.000622091618067138   0.0183335804854513    
3703                   2.59206907464617e-05   0.000622082119136229   0.0183332108271033    
3704                   2.59205430269026e-05   0.000622072602489265   0.0183328413629424    
3705                   2.59203933126471e-05   0.000622063069675745   0.0183324721003437    
3706                   2.59202416010918e-05   0.0006220535223475     0.018332103046653     
3707                   2.59200878897038e-05   0.000622043962250819   0.018331734209185     
3708                   2.59199321760299e-05   0.000622034391218649   0.0183313655952218    
3709                   2.59197744577011e-05   0.000622024811162201   0.0183309972120118    
3710                   2.59196147324394e-05   0.000622015224062351   0.0183306290667677    
3711                   2.59194529980612e-05   0.000622005631960987   0.0183302611666655    
3712                   2.59192892524819e-05   0.000621996036952056   0.0183298935188432    
3713                   2.59191234937228e-05   0.000621986441172508   0.0183295261303987    
3714                   2.59189557199054e-05   0.000621976846792665   0.0183291590083737    
3715                   2.59187859292776e-05   0.000621967256008181   0.0183287921597879    
3716                   2.5918614120213e-05    0.000621957671030076   0.0183284255916181    
3717                   2.59184402912087e-05   0.000621948094075612   0.0183280593107935    
3718                   2.59182644408903e-05   0.000621938527359101   0.0183276933241943    
3719                   2.59180865680135e-05   0.000621928973082879   0.0183273276386515    
3720                   2.59179066714719e-05   0.000621919433428454   0.0183269622609453    
3721                   2.59177247503e-05      0.000621909910547881   0.0183265971978046    
3722                   2.59175408036747e-05   0.000621900406555149   0.0183262324559059    
3723                   2.59173548309196e-05   0.000621890923517999   0.0183258680418718    
3724                   2.59171668315068e-05   0.000621881463449339   0.0183255039622381    
3725                   2.59169768050851e-05   0.000621872028301231   0.018325140223537     
3726                   2.59167847514471e-05   0.000621862619956178   0.0183247768322331    
3727                   2.59165906705362e-05   0.000621853240220461   0.0183244137947274    
3728                   2.59163945624526e-05   0.000621843890817471   0.0183240511173601    
3729                   2.59161964274489e-05   0.000621834573381457   0.0183236888064104    
3730                   2.59159962659359e-05   0.0006218252894518     0.0183233268680965    
3731                   2.59157940784858e-05   0.000621816040468038   0.0183229653085748    
3732                   2.59155898658375e-05   0.000621806827764895   0.0183226041339397    
3733                   2.59153836288925e-05   0.000621797652568095   0.0183222433502223    
3734                   2.59151753687161e-05   0.000621788515990412   0.0183218829633901    
3735                   2.59149650865345e-05   0.000621779419028124   0.0183215229793461    
3736                   2.59147527837407e-05   0.000621770362558326   0.0183211634039286    
3737                   2.59145384618893e-05   0.000621761347336643   0.0183208042429104    
3738                   2.59143221227012e-05   0.000621752373995164   0.0183204455019987    
3739                   2.59141037680532e-05   0.00062174344304154    0.018320087186834     
3740                   2.59138833999781e-05   0.000621734554857897   0.0183197293029908    
3741                   2.59136610206643e-05   0.000621725709700623   0.0183193718559766    
3742                   2.59134366324546e-05   0.000621716907700596   0.0183190148512318    
3743                   2.59132102378411e-05   0.000621708148863843   0.01831865829413      
3744                   2.5912981839468e-05    0.000621699433072901   0.0183183021899825    
3745                   2.59127514401244e-05   0.000621690760088323   0.0183179465440314    
3746                   2.59125190427389e-05   0.000621682129550831   0.0183175913614476    
3747                   2.59122846503836e-05   0.000621673540983897   0.0183172366473352    
3748                   2.59120482662663e-05   0.000621664993796803   0.018316882406732     
3749                   2.59118098937286e-05   0.000621656487288196   0.0183165286446096    
3750                   2.5911569536244e-05    0.000621648020649778   0.018316175365874     
3751                   2.59113271958469e-05   0.000621639592975623   0.0183158225753666    
3752                   2.59110828764702e-05   0.000621631203250928   0.0183154702778633    
3753                   2.59108365831527e-05   0.000621622850374696   0.0183151184780756    
3754                   2.59105883204901e-05   0.000621614533155213   0.0183147671806581    
3755                   2.59103380928602e-05   0.000621606250318468   0.0183144163901966    
3756                   2.59100859044388e-05   0.000621598000514874   0.0183140661112121    
3757                   2.59098317593486e-05   0.000621589782323875   0.0183137163481642    
3758                   2.59095756617907e-05   0.000621581594259655   0.0183133671054522    
3759                   2.59093176160957e-05   0.000621573434777312   0.0183130183874135    
3760                   2.5909057626744e-05    0.000621565302279857   0.018312670198328     
3761                   2.5908795698363e-05    0.000621557195124743   0.0183123225424189    
3762                   2.59085318357151e-05   0.000621549111630495   0.0183119754238533    
3763                   2.5908266043679e-05    0.000621541050083344   0.0183116288467427    
3764                   2.59079983272383e-05   0.00062153300874401    0.0183112828151434    
3765                   2.59077286914691e-05   0.000621524985854268   0.0183109373330583    
3766                   2.59074571415317e-05   0.000621516979643595   0.0183105924044374    
3767                   2.59071836826698e-05   0.000621508988335973   0.0183102480331793    
3768                   2.59069083202037e-05   0.000621501010156333   0.0183099042231325    
3769                   2.59066310595314e-05   0.000621493043337262   0.0183095609780965    
3770                   2.59063519061276e-05   0.000621485086125194   0.0183092183018233    
3771                   2.59060708655418e-05   0.000621477136786953   0.0183088761980234    
3772                   2.59057879433935e-05   0.000621469193615336   0.0183085346703611    
3773                   2.59055031453648e-05   0.000621461254935085   0.0183081937224517    
3774                   2.5905216477202e-05    0.000621453319108425   0.0183078533578685    
3775                   2.59049279447126e-05   0.000621445384540616   0.0183075135801433    
3776                   2.59046375537645e-05   0.000621437449685146   0.0183071743927677    
3777                   2.59043453102798e-05   0.000621429513048635   0.0183068357991958    
3778                   2.59040512202343e-05   0.000621421573195594   0.018306497802844     
3779                   2.59037552896543e-05   0.000621413628752544   0.0183061604070934    
3780                   2.59034575246125e-05   0.000621405678412213   0.0183058236152898    
3781                   2.59031579312183e-05   0.000621397720938088   0.0183054874307432    
3782                   2.5902856515597e-05    0.000621389755166823   0.0183051518567303    
3783                   2.59025532838973e-05   0.000621381780008688   0.018304816896502     
3784                   2.59022482423238e-05   0.000621373794453156   0.0183044825532795    
3785                   2.59019413971967e-05   0.000621365797571411   0.0183041488302533    
3786                   2.59016327549453e-05   0.000621357788518719   0.018303815730585     
3787                   2.59013223220567e-05   0.000621349766536447   0.0183034832574089    
3788                   2.59010101050173e-05   0.000621341730952749   0.0183031514138332    
3789                   2.59006961103176e-05   0.000621333681182782   0.0183028202029412    
3790                   2.59003803444759e-05   0.000621325616731331   0.0183024896278054    
3791                   2.59000628140682e-05   0.00062131753718758    0.0183021596914737    
3792                   2.58997435257337e-05   0.000621309442226983   0.0183018303969547    
3793                   2.58994224861859e-05   0.000621301331613285   0.0183015017472342    
3794                   2.58990997021874e-05   0.000621293205198064   0.0183011737452777    
3795                   2.58987751805104e-05   0.000621285062920325   0.0183008463940312    
3796                   2.58984489279331e-05   0.000621276904804623   0.0183005196964221    
3797                   2.58981209512628e-05   0.000621268730958136   0.0183001936553588    
3798                   2.58977912573619e-05   0.000621260541567915   0.0182998682737316    
3799                   2.5897459853155e-05    0.000621252336898544   0.0182995435544126    
3800                   2.58971267456142e-05   0.000621244117290417   0.0182992195002557    
3801                   2.58967919417337e-05   0.000621235883157577   0.0182988961140972    
3802                   2.58964554485221e-05   0.00062122763498487    0.0182985733987542    
3803                   2.58961172729959e-05   0.000621219373324236   0.0182982513570093    
3804                   2.58957774222331e-05   0.000621211098791885   0.0182979299916492    
3805                   2.58954359033642e-05   0.000621202812063928   0.0182976093054474    
3806                   2.58950927235508e-05   0.000621194513872462   0.0182972893011565    
3807                   2.58947478883666e-05   0.000621186205007135   0.0182969699815088    
3808                   2.58944014066468e-05   0.000621177886289204   0.0182966513492162    
3809                   2.58940532851055e-05   0.000621169558607657   0.0182963334069714    
3810                   2.58937035322619e-05   0.000621161222865103   0.0182960161574467    
3811                   2.58933521545847e-05   0.000621152880026633   0.0182956996032963    
3812                   2.58929991586599e-05   0.00062114453106833    0.018295383747154     
3813                   2.58926445523974e-05   0.000621136177002148   0.0182950685916343    
3814                   2.58922883434611e-05   0.000621127818859489   0.0182947541393303    
3815                   2.58919305394602e-05   0.000621119457688684   0.0182944403928145    
3816                   2.58915711478655e-05   0.000621111094552252   0.0182941273546397    
3817                   2.58912101760466e-05   0.000621102730521555   0.0182938150273343    
3818                   2.58908476313472e-05   0.000621094366672097   0.018293503413404     
3819                   2.58904835211235e-05   0.000621086004079194   0.0182931925153316    
3820                   2.58901178527705e-05   0.000621077643813678   0.0182928823355753    
3821                   2.58897506337309e-05   0.000621069286937688   0.0182925728765684    
3822                   2.58893818715023e-05   0.000621060934500486   0.0182922641407183    
3823                   2.58890115736272e-05   0.00062105258753465    0.0182919561304056    
3824                   2.58886397476761e-05   0.000621044247052131   0.0182916488479834    
3825                   2.58882664012319e-05   0.00062103591404053    0.0182913422957756    
3826                   2.58878915418881e-05   0.000621027589459623   0.0182910364760772    
3827                   2.58875151772496e-05   0.000621019274237902   0.0182907313911532    
3828                   2.58871373149332e-05   0.000621010969269324   0.0182904270432368    
3829                   2.5886757962568e-05    0.000621002675410206   0.0182901234345285    
3830                   2.58863771277957e-05   0.00062099439347651    0.0182898205671975    
3831                   2.58859948182696e-05   0.000620986124241218   0.0182895184433793    
3832                   2.58856110416551e-05   0.000620977868432138   0.0182892170651749    
3833                   2.58852258056273e-05   0.000620969626729267   0.01828891643465      
3834                   2.58848391178705e-05   0.000620961399763045   0.0182886165538338    
3835                   2.58844509860838e-05   0.000620953188112647   0.0182883174247256    
3836                   2.58840614179678e-05   0.00062094499230412    0.0182880190492814    
3837                   2.58836704212345e-05   0.000620936812809305   0.0182877214294157    
3838                   2.58832780036065e-05   0.000620928650044557   0.0182874245670039    
3839                   2.58828841728136e-05   0.000620920504370156   0.0182871284638817    
3840                   2.58824889365976e-05   0.000620912376089501   0.0182868331218444    
3841                   2.58820923027085e-05   0.000620904265448931   0.0182865385426466    
3842                   2.58816942789049e-05   0.000620896172637246   0.0182862447280011    
3843                   2.58812948729515e-05   0.000620888097785942   0.0182859516795778    
3844                   2.58808940926242e-05   0.000620880040969489   0.0182856593990047    
3845                   2.58804919457068e-05   0.000620872002205657   0.018285367887867     
3846                   2.58800884399914e-05   0.000620863981456306   0.0182850771477068    
3847                   2.58796835832762e-05   0.000620855978628243   0.0182847871800219    
3848                   2.58792773833683e-05   0.000620847993574213   0.0182844979862665    
3849                   2.58788698480718e-05   0.000620840026093942   0.0182842095678442    
3850                   2.58784609851935e-05   0.000620832075935859   0.0182839219261121    
3851                   2.5878050802572e-05    0.000620824142800324   0.0182836350623972    
3852                   2.58776393080654e-05   0.000620816226356471   0.0182833489779874    
3853                   2.58772265095341e-05   0.00062080832622499    0.0182830636741198    
3854                   2.58768124148341e-05   0.000620800441971862   0.0182827791519771    
3855                   2.58763970318279e-05   0.000620792573112509   0.0182824954126973    
3856                   2.58759803683863e-05   0.000620784719117903   0.0182822124573735    
3857                   2.58755624323889e-05   0.000620776879418515   0.0182819302870548    
3858                   2.58751432317271e-05   0.000620769053406904   0.0182816489027463    
3859                   2.58747227743009e-05   0.00062076124044119    0.0182813683054095    
3860                   2.58743010695439e-05   0.000620753439842205   0.0182810884959622    
3861                   2.5873878123844e-05    0.000620745650921156   0.0182808094752795    
3862                   2.58734539455972e-05   0.000620737872938725   0.0182805312441939    
3863                   2.58730285430749e-05   0.000620730105158804   0.018280253803496     
3864                   2.58726019234442e-05   0.000620722346817103   0.0182799771539303    
3865                   2.58721740942904e-05   0.000620714597137565   0.0182797012961989    
3866                   2.58717450634045e-05   0.000620706855334121   0.0182794262309742    
3867                   2.58713148387932e-05   0.000620699120611929   0.0182791519588864    
3868                   2.58708834286061e-05   0.000620691392170416   0.0182788784805245    
3869                   2.5870450841038e-05    0.000620683669206693   0.0182786057964383    
3870                   2.58700170842711e-05   0.000620675950918162   0.0182783339071392    
3871                   2.58695821664542e-05   0.000620668236504853   0.0182780628131013    
3872                   2.58691460957083e-05   0.000620660525172061   0.0182777925147639    
3873                   2.58687088801347e-05   0.000620652816132049   0.0182775230125293    
3874                   2.58682705278335e-05   0.00062064510860697    0.0182772543067652    
3875                   2.58678310469148e-05   0.000620637401831096   0.0182769863978056    
3876                   2.58673904455025e-05   0.000620629695053535   0.018276719285952     
3877                   2.58669487317383e-05   0.000620621987540344   0.0182764529714739    
3878                   2.58665059137849e-05   0.000620614278576814   0.0182761874546096    
3879                   2.58660619998273e-05   0.000620606567469369   0.0182759227355679    
3880                   2.58656169980678e-05   0.000620598853547305   0.018275658814528     
3881                   2.58651709167273e-05   0.000620591136164681   0.0182753956916412    
3882                   2.58647237640443e-05   0.000620583414701872   0.0182751333670312    
3883                   2.58642755482758e-05   0.000620575688567182   0.0182748718407958    
3884                   2.5863826277697e-05    0.000620567957198504   0.018274611113007     
3885                   2.5863375960605e-05    0.000620560220064494   0.0182743511837126    
3886                   2.58629246053123e-05   0.000620552476665539   0.0182740920529369    
3887                   2.58624722201478e-05   0.000620544726534991   0.0182738337206814    
3888                   2.58620188134607e-05   0.000620536969240033   0.0182735761869258    
3889                   2.58615643936056e-05   0.000620529204382021   0.018273319451623     
3890                   2.58611089689274e-05   0.00062052143159714    0.0182730635146937    
3891                   2.58606525478391e-05   0.00062051365055782    0.0182728083760621    
3892                   2.58601951387791e-05   0.000620505860972484   0.0182725540356343    
3893                   2.58597367502052e-05   0.000620498062585574   0.0182723004932975    
3894                   2.58592773905916e-05   0.000620490255177614   0.0182720477489211    
3895                   2.58588170684266e-05   0.000620482438565278   0.0182717958023572    
3896                   2.58583557922105e-05   0.000620474612600651   0.0182715446534419    
3897                   2.58578935704554e-05   0.000620466777171465   0.0182712943019962    
3898                   2.58574304116875e-05   0.000620458932200328   0.0182710447478262    
3899                   2.58569663244496e-05   0.000620451077644069   0.0182707959907245    
3900                   2.5856501317298e-05    0.000620443213493247   0.0182705480304704    
3901                   2.5856035398803e-05    0.00062043533977113    0.0182703008668307    
3902                   2.58555685775486e-05   0.000620427456532841   0.0182700544995599    
3903                   2.58551008621319e-05   0.000620419563864186   0.0182698089284013    
3904                   2.58546322611635e-05   0.000620411661880782   0.0182695641530868    
3905                   2.58541627832946e-05   0.00062040375072692    0.0182693201733518    
3906                   2.58536924371575e-05   0.000620395830573647   0.0182690769889075    
3907                   2.58532212313899e-05   0.000620387901617615   0.0182688345994523    
3908                   2.58527491746366e-05   0.000620379964079806   0.0182685930046753    
3909                   2.58522762755548e-05   0.000620372018203823   0.0182683522042562    
3910                   2.5851802542809e-05    0.000620364064254432   0.0182681121978655    
3911                   2.58513279850688e-05   0.000620356102516587   0.0182678729851637    
3912                   2.58508526110176e-05   0.000620348133292691   0.0182676345658023    
3913                   2.58503764293651e-05   0.000620340156900416   0.0182673969394257    
3914                   2.58498994488312e-05   0.000620332173672196   0.0182671601056696    
3915                   2.58494216781301e-05   0.000620324183953201   0.0182669240641606    
3916                   2.58489431259588e-05   0.000620316188100027   0.018266688814515     
3917                   2.58484638010026e-05   0.000620308186478569   0.0182664543563391    
3918                   2.58479837119587e-05   0.000620300179462383   0.018266220689232     
3919                   2.58475028675406e-05   0.000620292167430356   0.0182659878127841    
3920                   2.58470212764696e-05   0.000620284150765088   0.018265755726577     
3921                   2.58465389474598e-05   0.000620276129851243   0.0182655244301833    
3922                   2.58460558892254e-05   0.000620268105073919   0.0182652939231659    
3923                   2.58455721104744e-05   0.000620260076817228   0.0182650642050787    
3924                   2.58450876193775e-05   0.000620252045470376   0.018264835275466     
3925                   2.58446024250935e-05   0.000620244011394311   0.0182646071338617    
3926                   2.58441165363519e-05   0.000620235974979005   0.0182643797797897    
3927                   2.58436299618774e-05   0.000620227936575902   0.0182641532127636    
3928                   2.58431427104336e-05   0.000620219896542146   0.018263927432286     
3929                   2.58426547909835e-05   0.000620211855222654   0.0182637024378488    
3930                   2.58421662123278e-05   0.000620203812950085   0.0182634782289326    
3931                   2.58416769830779e-05   0.00062019577004531    0.0182632548050069    
3932                   2.58411871117783e-05   0.000620187726815745   0.0182630321655294    
3933                   2.58406966070046e-05   0.000620179683553927   0.0182628103099462    
3934                   2.58402054773753e-05   0.000620171640536373   0.0182625892376908    
3935                   2.58397137315326e-05   0.000620163598022885   0.0182623689481844    
3936                   2.58392213781275e-05   0.000620155556255626   0.0182621494408353    
3937                   2.58387284258123e-05   0.000620147515458491   0.0182619307150388    
3938                   2.58382348832389e-05   0.000620139475836578   0.0182617127701808    
3939                   2.58377407590503e-05   0.00062013143757546    0.0182614956056344    
3940                   2.58372460619037e-05   0.000620123400841256   0.0182612792207607    
3941                   2.58367508004255e-05   0.000620115365779239   0.0182610636149013    
3942                   2.58362549832198e-05   0.00062010733251397    0.0182608487873783    
3943                   2.58357586188855e-05   0.00062009930114911    0.0182606347374988    
3944                   2.58352617160237e-05   0.000620091271767578   0.0182604214645556    
3945                   2.58347642832324e-05   0.000620083244431236   0.0182602089678268    
3946                   2.58342663291063e-05   0.000620075219181188   0.0182599972465755    
3947                   2.58337678622321e-05   0.000620067196037895   0.0182597863000498    
3948                   2.58332688911894e-05   0.000620059175001228   0.0182595761274822    
3949                   2.58327694245513e-05   0.000620051156050837   0.0182593667280897    
3950                   2.58322694708795e-05   0.000620043139146566   0.0182591581010737    
3951                   2.58317690387294e-05   0.000620035124228764   0.0182589502456199    
3952                   2.58312681366478e-05   0.000620027111218873   0.0182587431608979    
3953                   2.58307667731732e-05   0.000620019100020043   0.0182585368460616    
3954                   2.5830264956837e-05    0.000620011090517788   0.018258331300249     
3955                   2.58297626961593e-05   0.00062000308258055    0.0182581265225824    
3956                   2.5829259999655e-05    0.000619995076060549   0.0182579225121683    
3957                   2.58287568758282e-05   0.000619987070794483   0.0182577192680976    
3958                   2.58282533331761e-05   0.000619979066604508   0.0182575167894455    
3959                   2.58277493801919e-05   0.000619971063299114   0.0182573150752718    
3960                   2.58272450253646e-05   0.000619963060673991   0.0182571141246213    
3961                   2.58267402771785e-05   0.000619955058513331   0.0182569139365238    
3962                   2.5826235144112e-05    0.000619947056590365   0.018256714509994     
3963                   2.58257296346415e-05   0.000619939054668773   0.0182565158440326    
3964                   2.58252237572385e-05   0.00061993105250359    0.0182563179376257    
3965                   2.58247175203738e-05   0.00061992304984229    0.0182561207897459    
3966                   2.58242109325149e-05   0.000619915046425819   0.018255924399352     
3967                   2.58237040021266e-05   0.000619907041989991   0.0182557287653897    
3968                   2.58231967376721e-05   0.000619899036266359   0.0182555338867921    
3969                   2.58226891476143e-05   0.000619891028983396   0.0182553397624797    
3970                   2.58221812404158e-05   0.000619883019867966   0.0182551463913611    
3971                   2.58216730245443e-05   0.000619875008646249   0.0182549537723331    
3972                   2.58211645084729e-05   0.000619866995044133   0.0182547619042826    
3973                   2.58206557006625e-05   0.0006198589787886     0.0182545707860859    
3974                   2.58201466095652e-05   0.000619850959609607   0.0182543804166096    
3975                   2.58196372436355e-05   0.000619842937241014   0.0182541907947112    
3976                   2.58191276113334e-05   0.000619834911421049   0.0182540019192389    
3977                   2.58186177211224e-05   0.000619826881892972   0.0182538137890331    
3978                   2.58181075814699e-05   0.000619818848406409   0.0182536264029267    
3979                   2.58175972008482e-05   0.000619810810718579   0.0182534397597456    
3980                   2.58170865877388e-05   0.000619802768595048   0.0182532538583097    
3981                   2.58165757506317e-05   0.000619794721810318   0.0182530686974335    
3982                   2.58160646980241e-05   0.000619786670148517   0.0182528842759268    
3983                   2.5815553438421e-05    0.000619778613404523   0.0182527005925955    
3984                   2.58150419803371e-05   0.000619770551384398   0.0182525176462426    
3985                   2.58145303322948e-05   0.000619762483906448   0.0182523354356686    
3986                   2.58140185028246e-05   0.000619754410801385   0.0182521539596726    
3987                   2.58135065004674e-05   0.000619746331913128   0.0182519732170532    
3988                   2.58129943337743e-05   0.000619738247099111   0.018251793206609     
3989                   2.58124820113083e-05   0.00061973015623094    0.01825161392714      
3990                   2.5811969541567e-05    0.000619722059193502   0.0182514353774275    
3991                   2.5811456933093e-05    0.000619713955887069   0.0182512575562665    
3992                   2.58109441944949e-05   0.000619705846227683   0.0182510804624669    
3993                   2.58104313344115e-05   0.000619697730146781   0.0182509040948448    
3994                   2.58099183614943e-05   0.000619689607591068   0.0182507284522193    
3995                   2.58094052844091e-05   0.000619681478522666   0.0182505535334154    
3996                   2.58088921118456e-05   0.000619673342919475   0.0182503793372679    
3997                   2.58083788525103e-05   0.000619665200775116   0.01825020586262      
3998                   2.58078655151135e-05   0.000619657052098751   0.0182500331083212    
3999                   2.58073521083922e-05   0.000619648896915525   0.0182498610732346    
4000                   2.58068386411064e-05   0.000619640735266007   0.0182496897562359    
4001                   2.58063251220443e-05   0.000619632567206085   0.0182495191562136    
4002                   2.58058115600213e-05   0.000619624392806724   0.0182493492720713    
4003                   2.58052979638827e-05   0.000619616212153677   0.0182491801027281    
4004                   2.58047843425055e-05   0.000619608025347173   0.0182490116471205    
4005                   2.58042707047995e-05   0.000619599832501836   0.0182488439042031    
4006                   2.58037570597104e-05   0.000619591633746077   0.0182486768729506    
4007                   2.5803243416223e-05    0.000619583429221913   0.0182485105523591    
4008                   2.5802729783364e-05    0.00061957521908421    0.0182483449414473    
4009                   2.58022161702054e-05   0.000619567003500651   0.0182481800392587    
4010                   2.58017025858678e-05   0.000619558782650919   0.0182480158448627    
4011                   2.58011890395225e-05   0.000619550556726376   0.0182478523573569    
4012                   2.58006755403959e-05   0.000619542325929591   0.0182476895758686    
4013                   2.5800162097776e-05    0.000619534090473751   0.0182475274995571    
4014                   2.5799648721014e-05    0.000619525850582281   0.0182473661276156    
4015                   2.57991354188088e-05   0.000619517606486923   0.0182472054591563    
4016                   2.57986221989104e-05   0.000619509358442004   0.0182470454931739    
4017                   2.57981090702854e-05   0.000619501106754573   0.0182468862289253    
4018                   2.57975960424514e-05   0.000619492851754347   0.0182467276657214    
4019                   2.57970831252152e-05   0.000619484593771705   0.0182465698029124    
4020                   2.57965703285558e-05   0.000619476333124318   0.0182464126398916    
4021                   2.57960576625677e-05   0.000619468070116384   0.0182462561761002    
4022                   2.57955451374391e-05   0.000619459805046852   0.0182461004110314    
4023                   2.57950327634442e-05   0.00061945153821841    0.0182459453442349    
4024                   2.57945205509521e-05   0.000619443269941515   0.0182457909753218    
4025                   2.57940085104443e-05   0.000619435000533165   0.0182456373039692    
4026                   2.57934966523557e-05   0.000619426730309867   0.0182454843298824    
4027                   2.57929849872235e-05   0.00061941845958629    0.0182453320528337    
4028                   2.57924735259037e-05   0.000619410188676704   0.0182451804727121    
4029                   2.57919622794603e-05   0.000619401917893518   0.0182450295894915    
4030                   2.57914512591673e-05   0.000619393647548929   0.018244879403236     
4031                   2.57909404765123e-05   0.000619385377956448   0.0182447299141057    
4032                   2.57904299432052e-05   0.000619377109432414   0.0182445811223616    
4033                   2.57899196711929e-05   0.000619368842296323   0.0182444330283729    
4034                   2.57894096725574e-05   0.000619360576868842   0.0182442856325951    
4035                   2.57888999597349e-05   0.000619352313474469   0.0182441389356249    
4036                   2.57883905454977e-05   0.00061934405244061    0.0182439929381927    
4037                   2.57878814430147e-05   0.000619335794098163   0.0182438476411774    
4038                   2.57873726654094e-05   0.000619327538775302   0.0182437030455227    
4039                   2.57868642260974e-05   0.000619319286803724   0.018243559152324     
4040                   2.57863561393663e-05   0.000619311038526852   0.0182434159629397    
4041                   2.57858484200452e-05   0.000619302794293949   0.0182432734789118    
4042                   2.57853410834765e-05   0.000619294554461079   0.0182431317019759    
4043                   2.57848341455207e-05   0.000619286319391616   0.0182429906340747    
4044                   2.57843276225903e-05   0.000619278089457382   0.018242850277374     
4045                   2.57838215316989e-05   0.000619269865039594   0.0182427106342798    
4046                   2.57833158905207e-05   0.000619261646530003   0.0182425717074563    
4047                   2.57828107174492e-05   0.000619253434332335   0.0182424334998455    
4048                   2.5782306031664e-05    0.000619245228863897   0.0182422960146879    
4049                   2.57818018532023e-05   0.000619237030557321   0.0182421592555463    
4050                   2.57812982030208e-05   0.000619228839862201   0.018242023226327     
4051                   2.57807951024672e-05   0.000619220657238153   0.018241887931186     
4052                   2.57802925738041e-05   0.00061921248316431    0.018241753374656     
4053                   2.57797906411744e-05   0.000619204318153724   0.0182416195618324    
4054                   2.57792893301067e-05   0.000619196162745142   0.0182414864982659    
4055                   2.57787886672672e-05   0.000619188017501548   0.0182413541899396    
4056                   2.57782886807035e-05   0.000619179883016414   0.0182412226433487    
4057                   2.57777894001731e-05   0.000619171759919665   0.0182410918655825    
4058                   2.57772908570516e-05   0.000619163648877507   0.018240961864315     
4059                   2.57767930843788e-05   0.000619155550595156   0.0182408326478363    
4060                   2.57762961169147e-05   0.00061914746581918    0.0182407042250826    
4061                   2.57757999911845e-05   0.000619139395340206   0.0182405766056642    
4062                   2.57753047455148e-05   0.000619131339994963   0.0182404497998905    
4063                   2.57748104200319e-05   0.000619123300668177   0.0182403238187884    
4064                   2.57743170571563e-05   0.000619115278286047   0.0182401986741112    
4065                   2.57738246992114e-05   0.000619107273836743   0.0182400743782003    
4066                   2.5773333389816e-05    0.00061909928831318    0.0182399509439834    
4067                   2.57728431752205e-05   0.000619091322806287   0.0182398283853274    
4068                   2.57723541023331e-05   0.000619083378444822   0.0182397067167344    
4069                   2.5771866219534e-05    0.000619075456373622   0.0182395859532452    
4070                   2.57713795752199e-05   0.000619067557792583   0.0182394661103131    
4071                   2.57708942166e-05      0.000619059683904453   0.018239347203654     
4072                   2.57704101887081e-05   0.000619051835917534   0.0182392292490503    
4073                   2.57698867655795e-05   0.000619043357986933   0.0182391033714447    
4074                   2.57693620578029e-05   0.000619034872779099   0.0182389779980103    
4075                   2.57688388099712e-05   0.000619026383201797   0.018238853128031     
4076                   2.57683183409538e-05   0.000619017891279007   0.0182387287605175    
4077                   2.57678011169699e-05   0.000619009398437206   0.0182386048944883    
4078                   2.57672871281636e-05   0.000619000905652674   0.0182384815291779    
4079                   2.57667761228421e-05   0.000618992413583942   0.0182383586640967    
4080                   2.57662677466404e-05   0.000618983922698892   0.0182382362990086    
4081                   2.57657616233524e-05   0.000618975433328939   0.018238114433867     
4082                   2.57652574010077e-05   0.000618966945663858   0.0182379930687406    
4083                   2.57647547753771e-05   0.000618958459754628   0.0182378722037423    
4084                   2.57642534976423e-05   0.000618949975545584   0.0182377518389708    
4085                   2.57637533718095e-05   0.000618941492914202   0.0182376319744655    
4086                   2.57632542471722e-05   0.000618933011696414   0.0182375126101747    
4087                   2.5762756009819e-05    0.000618924531695005   0.018237393745934     
4088                   2.57622585751883e-05   0.000618916052681925   0.0182372753814526    
4089                   2.57617618820323e-05   0.000618907574403822   0.0182371575163054    
4090                   2.57612658874654e-05   0.000618899096594177   0.0182370401499296    
4091                   2.57607705628383e-05   0.000618890618986149   0.0182369232816236    
4092                   2.576027589041e-05     0.000618882141323385   0.0182368069105483    
4093                   2.57597818608457e-05   0.000618873663357032   0.0182366910357299    
4094                   2.57592884715299e-05   0.000618865184846722   0.0182365756560611    
4095                   2.57587957255765e-05   0.00061885670555802    0.0182364607703027    
4096                   2.57582559105697e-05   0.000618847486509964   0.0182363380706225    
4097                   2.57577161945882e-05   0.000618838336290908   0.0182362166405937    
4098                   2.57571838347206e-05   0.000618829248168101   0.0182360963773123    
4099                   2.57566605991425e-05   0.00061882021015947    0.0182359771222411    
4100                   2.57561459680667e-05   0.000618811213659428   0.0182358587653015    
4101                   2.57556386214957e-05   0.000618802252208929   0.0182357412281969    
4102                   2.57551805532917e-05   0.000618793908723423   0.0182356271386439    
4103                   2.57547441939538e-05   0.000618785556919896   0.0182355133962917    
4104                   2.57543112342601e-05   0.000618777193574685   0.0182353999947905    
4105                   2.57538731498427e-05   0.000618768813484513   0.0182352868979712    
4106                   2.57534272245764e-05   0.00061876041252065    0.0182351740773622    
4107                   2.57529726170088e-05   0.000618751991273536   0.0182350615315518    
4108                   2.5752509690406e-05    0.000618743542890743   0.0182349492401219    
4109                   2.57520400603983e-05   0.000618735058496348   0.018234837185662     
4110                   2.57515653151439e-05   0.000618726534826893   0.0182347253559993    
4111                   2.5751086613495e-05    0.000618717975527763   0.0182346137432049    
4112                   2.57506047225256e-05   0.000618709386421251   0.018234502340382     
4113                   2.57501202020353e-05   0.000618700771023015   0.0182343911406417    
4114                   2.57496335494565e-05   0.000618692129232339   0.0182342801378146    
4115                   2.57491452247171e-05   0.000618683458907421   0.018234169327158     
4116                   2.5748655603468e-05    0.000618674758089883   0.018234058705452     
4117                   2.5748164953528e-05    0.000618666026363441   0.0182339482709517    
4118                   2.57476734618098e-05   0.000618657264808891   0.018233838022985     
4119                   2.57471812848176e-05   0.000618648475179641   0.0182337279618442    
4120                   2.57466885806968e-05   0.000618639659124895   0.0182336180890331    
4121                   2.57461955109549e-05   0.000618630817784599   0.0182335084073293    
4122                   2.57457004385273e-05   0.000618621954375752   0.018233398937165     
4123                   2.57452026384917e-05   0.000618613064600787   0.0182332896767595    
4124                   2.57447033642856e-05   0.000618604140086345   0.0182331806311021    
4125                   2.57442033431984e-05   0.00061859518234452    0.0182330718093308    
4126                   2.57437027854278e-05   0.000618586202196062   0.0182329632206343    
4127                   2.57432018333849e-05   0.000618577210519341   0.0182328548736376    
4128                   2.57427007564581e-05   0.000618568212204366   0.0182327467772971    
4129                   2.57421999479709e-05   0.000618559206266003   0.018232638941499     
4130                   2.57416998085394e-05   0.000618550189451379   0.0182325313768796    
4131                   2.57412006287139e-05   0.000618541159605986   0.0182324240942229    
4132                   2.574070256918e-05     0.000618532116940417   0.0182323171040251    
4133                   2.57402057259839e-05   0.000618523063389435   0.0182322104164199    
4134                   2.57397101906695e-05   0.000618514001400107   0.0182321040412207    
4135                   2.57392160606237e-05   0.000618504932893434   0.0182319979879046    
4136                   2.573872341608e-05     0.000618495858793643   0.0182318922655299    
4137                   2.57382322992725e-05   0.00061848677916035    0.0182317868826475    
4138                   2.5737742712101e-05    0.000618477693696737   0.0182316818472352    
4139                   2.57372546273872e-05   0.000618468602285126   0.0182315771666583    
4140                   2.57367680027622e-05   0.000618459505257203   0.0182314728476502    
4141                   2.57362827908756e-05   0.0006184504033124     0.0182313688963154    
4142                   2.57357989449628e-05   0.00061844129721833    0.0182312653181523    
4143                   2.57353164209217e-05   0.000618432187526582   0.0182311621180888    
4144                   2.57348351772324e-05   0.000618423074470445   0.0182310593005177    
4145                   2.5734355174096e-05    0.000618413958057238   0.0182309568693365    
4146                   2.5733876372944e-05    0.000618404838247759   0.0182308548279814    
4147                   2.5733398736905e-05    0.000618395715094415   0.0182307531794679    
4148                   2.57329222318932e-05   0.000618386588772993   0.0182306519264352    
4149                   2.57324468274811e-05   0.000618377459522346   0.0182305510711786    
4150                   2.57319724971667e-05   0.000618368327557235   0.0182304506156944    
4151                   2.57314992179709e-05   0.0006183591930127     0.0182303505617183    
4152                   2.57310269697468e-05   0.000618350055942821   0.0182302509107585    
4153                   2.57305557345622e-05   0.000618340916360462   0.0182301516641233    
4154                   2.57300854963245e-05   0.000618331774284583   0.0182300528229431    
4155                   2.5729616240605e-05    0.000618322629767935   0.0182299543881899    
4156                   2.57291479545573e-05   0.000618313482896367   0.0182298563606921    
4157                   2.57286806268396e-05   0.000618304333768928   0.0182297587411463    
4158                   2.57282142474976e-05   0.000618295182475351   0.0182296615301266    
4159                   2.57277488078114e-05   0.000618286029084551   0.0182295647280909    
4160                   2.57272843001326e-05   0.00061827687364647    0.0182294683353852    
4161                   2.57268207177316e-05   0.000618267716203131   0.018229372352247     
4162                   2.57263580546631e-05   0.000618258556799767   0.0182292767788074    
4163                   2.57258963056603e-05   0.000618249395490305   0.0182291816150924    
4164                   2.57254354660629e-05   0.000618240232335929   0.0182290868610248    
4165                   2.57249755317477e-05   0.000618231067399412   0.0182289925164253    
4166                   2.57245164990832e-05   0.000618221900739415   0.0182288985810149    
4167                   2.57240583648878e-05   0.000618212732407615   0.0182288050544161    
4168                   2.57236011263828e-05   0.000618203562449292   0.0182287119361562    
4169                   2.57231447811521e-05   0.000618194390906069   0.0182286192256693    
4170                   2.57226893271106e-05   0.000618185217818599   0.0182285269223002    
4171                   2.572223476247e-05     0.000618176043228425   0.0182284350253072    
4172                   2.57217810857139e-05   0.000618166867177542   0.0182283435338665    
4173                   2.57213282955814e-05   0.000618157689707565   0.0182282524470761    
4174                   2.57208763910488e-05   0.000618148510858486   0.01822816176396      
4175                   2.57204253713202e-05   0.000618139330668018   0.0182280714834729    
4176                   2.57199752355861e-05   0.000618130149167181   0.0182279816044593    
4177                   2.57195259833099e-05   0.000618120966386515   0.0182278921257145    
4178                   2.57190776145963e-05   0.000618111782365162   0.0182278030460644    
4179                   2.57186301295375e-05   0.000618102597138525   0.0182277143642482    
4180                   2.57181835282869e-05   0.000618093410740395   0.0182276260789392    
4181                   2.57177378110981e-05   0.000618084223203513   0.0182275381887573    
4182                   2.57172929779632e-05   0.000618075034551841   0.0182274506922024    
4183                   2.57168490292742e-05   0.00061806584481351    0.0182273635877844    
4184                   2.57164059657756e-05   0.00061805665402001    0.0182272768740184    
4185                   2.57159637883984e-05   0.000618047462203452   0.0182271905494007    
4186                   2.57155224980609e-05   0.000618038269393425   0.0182271046123766    
4187                   2.57150820957545e-05   0.000618029075618651   0.018227019061361     
4188                   2.57146425825342e-05   0.000618019880907178   0.0182269338947401    
4189                   2.57142039595158e-05   0.00061801068528597    0.0182268491108736    
4190                   2.57137662278733e-05   0.000618001488780924   0.0182267647080957    
4191                   2.57133293888282e-05   0.000617992291416748   0.0182266806847174    
4192                   2.57128934436396e-05   0.000617983093216753   0.0182265970390277    
4193                   2.57124583930669e-05   0.000617973894195307   0.0182265137691925    
4194                   2.5712024230171e-05    0.000617964694256573   0.0182264308718752    
4195                   2.57115909569583e-05   0.000617955493505966   0.0182263483453304    
4196                   2.57111585762028e-05   0.000617946292045757   0.0182262661878958    
4197                   2.57107270906873e-05   0.000617937089947593   0.018226184397897     
4198                   2.57102965030375e-05   0.000617927887259587   0.0182261029736347    
4199                   2.57098668156893e-05   0.000617918684017446   0.0182260219133848    
4200                   2.57094380309017e-05   0.000617909480249247   0.0182259412154007    
4201                   2.57090101507633e-05   0.000617900275976933   0.0182258608779145    
4202                   2.57085831772147e-05   0.000617891071218221   0.0182257808991372    
4203                   2.57081571120643e-05   0.000617881865989433   0.0182257012772585    
4204                   2.57077319570019e-05   0.000617872660307378   0.0182256220104475    
4205                   2.57073077136161e-05   0.00061786345419006    0.0182255430968534    
4206                   2.57068843833982e-05   0.000617854247655176   0.0182254645346032    
4207                   2.57064619677854e-05   0.00061784504071993    0.018225386321806     
4208                   2.57060404681746e-05   0.000617835833401168   0.0182253084565536    
4209                   2.5705619885941e-05    0.000617826625716848   0.0182252309369229    
4210                   2.57052002224425e-05   0.000617817417688119   0.0182251537609778    
4211                   2.57047814790218e-05   0.000617808209340789   0.0182250769267702    
4212                   2.57043636569986e-05   0.000617799000705635   0.0182250004323399    
4213                   2.57039467576358e-05   0.000617789791816924   0.0182249242757094    
4214                   2.57035307822222e-05   0.000617780582713621   0.0182248484548986    
4215                   2.57031157320553e-05   0.000617771373438803   0.018224772967923     
4216                   2.57027016084286e-05   0.000617762164039599   0.0182246978127904    
4217                   2.57022884126369e-05   0.000617752954568131   0.0182246229875023    
4218                   2.57018761459771e-05   0.000617743745082486   0.0182245484900558    
4219                   2.57014648097513e-05   0.000617734535647614   0.0182244743184446    
4220                   2.57010544052637e-05   0.000617725326335576   0.018224400470661     
4221                   2.57006449338261e-05   0.000617716117225594   0.0182243269446976    
4222                   2.57002363967625e-05   0.000617706908403972   0.0182242537385489    
4223                   2.56998287954181e-05   0.000617697699964169   0.018224180850213     
4224                   2.56994221311973e-05   0.000617688492007678   0.0182241082777004    
4225                   2.56990164055645e-05   0.000617679284644229   0.0182240360190333    
4226                   2.56986116199279e-05   0.000617670077989189   0.0182239640722291    
4227                   2.56982077757602e-05   0.00061766087216631    0.0182238924353209    
4228                   2.56978048745314e-05   0.000617651667306255   0.0182238211063476    
4229                   2.56974029176375e-05   0.00061764246354427    0.0182237500833411    
4230                   2.56970019063407e-05   0.00061763326101863    0.0182236793643156    
4231                   2.56966018422252e-05   0.000617624059880078   0.0182236089473459    
4232                   2.56962027269067e-05   0.000617614860285055   0.0182235388305185    
4233                   2.56958045619891e-05   0.000617605662394587   0.0182234690119262    
4234                   2.56954073490826e-05   0.000617596466374008   0.0182233994896714    
4235                   2.56950110898933e-05   0.000617587272394646   0.0182233302618843    
4236                   2.56946157859521e-05   0.000617578080626697   0.018223261326674     
4237                   2.56942214390324e-05   0.000617568891248555   0.0182231926822014    
4238                   2.56938280509687e-05   0.000617559704441336   0.0182231243266464    
4239                   2.56934356236449e-05   0.000617550520388343   0.0182230562582063    
4240                   2.56930441587989e-05   0.000617541339269629   0.0182229884750626    
4241                   2.56926536581752e-05   0.000617532161264689   0.0182229209754058    
4242                   2.56922641235191e-05   0.000617522986551465   0.0182228537574346    
4243                   2.56918755565757e-05   0.000617513815305394   0.0182227868193547    
4244                   2.56914879590893e-05   0.000617504647698702   0.0182227201593784    
4245                   2.56911013328012e-05   0.000617495483899378   0.0182226537757239    
4246                   2.569071567945e-05     0.000617486324070548   0.0182225876666149    
4247                   2.56903310007742e-05   0.00061747716836954    0.0182225218302796    
4248                   2.56899472985092e-05   0.00061746801694732    0.0182224562649501    
4249                   2.56895645743907e-05   0.000617458869947595   0.0182223909688623    
4250                   2.56891828301505e-05   0.000617449727506203   0.0182223259402552    
4251                   2.56888020675153e-05   0.000617440589750383   0.0182222611773705    
4252                   2.56884222882125e-05   0.000617431456798363   0.0182221966784526    
4253                   2.56880434939649e-05   0.000617422328758647   0.0182221324417485    
4254                   2.56876656865017e-05   0.000617413205729968   0.0182220684655085    
4255                   2.5687288867543e-05    0.000617404087800425   0.0182220047479834    
4256                   2.56869130388073e-05   0.000617394975047356   0.0182219412874262    
4257                   2.56865382020203e-05   0.000617385867537194   0.0182218780820934    
4258                   2.56861643589036e-05   0.000617376765325197   0.018221815130243     
4259                   2.56857915111786e-05   0.000617367668455297   0.0182217524301356    
4260                   2.56854196605664e-05   0.000617358576960112   0.0182216899800343    
4261                   2.56850488087832e-05   0.000617349490861152   0.0182216277782043    
4262                   2.56846789575442e-05   0.000617340410168782   0.018221565822913     
4263                   2.5684310108563e-05    0.000617331334882649   0.0182215041124306    
4264                   2.56839422635472e-05   0.000617322264991639   0.0182214426450295    
4265                   2.56835754242045e-05   0.000617313200474303   0.0182213814189846    
4266                   2.5683209592218e-05    0.000617304141298889   0.0182213204325709    
4267                   2.56828447692839e-05   0.000617295087424326   0.0182212596840685    
4268                   2.56824809571037e-05   0.000617286038801075   0.0182211991717626    
4269                   2.56821181573671e-05   0.000617276995370898   0.0182211388939403    
4270                   2.5681756371745e-05    0.000617267957067456   0.0182210788488903    
4271                   2.56813956018914e-05   0.000617258923817129   0.0182210190349034    
4272                   2.56810358494463e-05   0.000617249895539811   0.0182209594502723    
4273                   2.56806771160322e-05   0.000617240872149359   0.018220900093292     
4274                   2.56803194032602e-05   0.000617231853554846   0.0182208409622602    
4275                   2.56799627127222e-05   0.000617222839661125   0.0182207820554769    
4276                   2.56796070459966e-05   0.0006172138303698     0.0182207233712452    
4277                   2.56792524046418e-05   0.000617204825579966   0.0182206649078707    
4278                   2.56788987901987e-05   0.000617195825189304   0.0182206066636622    
4279                   2.56785462041889e-05   0.000617186829094822   0.018220548636931     
4280                   2.56781946481164e-05   0.000617177837194017   0.0182204908259918    
4281                   2.56778441234619e-05   0.000617168849385656   0.0182204332291622    
4282                   2.56774946316817e-05   0.0006171598655705     0.0182203758447623    
4283                   2.56771461724059e-05   0.000617150885605238   0.0182203186708195    
4284                   2.56767987471886e-05   0.000617141909394864   0.0182202617056659    
4285                   2.56764523579924e-05   0.00061713293685752    0.0182202049476987    
4286                   2.56761070065865e-05   0.000617123967914289   0.018220148395295     
4287                   2.5675762694535e-05    0.000617115002492572   0.0182200920468145    
4288                   2.56754194232344e-05   0.000617106040529178   0.0182200359006063    
4289                   2.56750771939803e-05   0.000617097081970623   0.0182199799550151    
4290                   2.5674736008012e-05    0.000617088126772337   0.0182199242083854    
4291                   2.56743958665264e-05   0.000617079174897184   0.0182198686590636    
4292                   2.56740567706838e-05   0.000617070226316054   0.0182198133053991    
4293                   2.56737187216101e-05   0.000617061281009346   0.0182197581457454    
4294                   2.56733817204021e-05   0.000617052338969275   0.0182197031784601    
4295                   2.56730457681404e-05   0.000617043400201105   0.0182196484019063    
4296                   2.56727108658952e-05   0.000617034464723659   0.0182195938144523    
4297                   2.56723770147227e-05   0.000617025532568624   0.0182195394144722    
4298                   2.56720442156629e-05   0.000617016603780154   0.0182194852003457    
4299                   2.56717124697373e-05   0.000617007678415209   0.0182194311704587    
4300                   2.56713817779496e-05   0.000616998756543972   0.0182193773232038    
4301                   2.56710521413303e-05   0.000616989838251269   0.0182193236569872    
4302                   2.56707235608806e-05   0.000616980923635343   0.0182192701702201    
4303                   2.56703960375561e-05   0.000616972012807516   0.0182192168613157    
4304                   2.56700695722809e-05   0.000616963105892527   0.0182191637286926    
4305                   2.56697441659532e-05   0.00061695420302869    0.0182191107707755    
4306                   2.56694198194479e-05   0.000616945304367771   0.0182190579859954    
4307                   2.56690965336203e-05   0.00061693641007443    0.0182190053727902    
4308                   2.56687743093101e-05   0.000616927520326183   0.0182189529296053    
4309                   2.56684531473404e-05   0.000616918635312816   0.0182189006548937    
4310                   2.56681330485151e-05   0.000616909755235841   0.0182188485471155    
4311                   2.56678140136214e-05   0.00061690088030837    0.018218796604739     
4312                   2.56674960434269e-05   0.000616892010754356   0.01821874482624      
4313                   2.5667179138683e-05    0.00061688314680812    0.0182186932101028    
4314                   2.56668633001223e-05   0.00061687428871388    0.0182186417548199    
4315                   2.56665485284582e-05   0.00061686543672463    0.0182185904588921    
4316                   2.56662348243852e-05   0.000616856591101757   0.0182185393208289    
4317                   2.56659221885765e-05   0.000616847752114257   0.0182184883391485    
4318                   2.56656106216796e-05   0.00061683892003777    0.0182184375123777    
4319                   2.56653001243212e-05   0.000616830095153994   0.0182183868390523    
4320                   2.56649906971059e-05   0.000616821277749702   0.018218336317717     
4321                   2.56646823405971e-05   0.000616812468115609   0.0182182859469237    
4322                   2.566437505532e-05     0.000616803666545442   0.0182182357252308    
4323                   2.56640688417906e-05   0.00061679487333593    0.0182181856512085    
4324                   2.56637637005004e-05   0.00061678608878554    0.0182181357234373    
4325                   2.56634596319077e-05   0.000616777313193375   0.0182180859405061    
4326                   2.56631566364222e-05   0.000616768546857857   0.0182180363010102    
4327                   2.56628547144363e-05   0.000616759790076704   0.0182179868035566    
4328                   2.56625538663138e-05   0.000616751043146163   0.0182179374467629    
4329                   2.56622540923876e-05   0.000616742306359597   0.0182178882292566    
4330                   2.56619553929542e-05   0.000616733580006882   0.0182178391496747    
4331                   2.566165776827e-05     0.000616724864373554   0.018217790206664     
4332                   2.56613612185488e-05   0.000616716159739761   0.0182177413988805    
4333                   2.56610657439624e-05   0.000616707466379638   0.0182176927249896    
4334                   2.5660771344639e-05    0.00061669878456062    0.0182176441836659    
4335                   2.566047802066e-05     0.000616690114542413   0.0182175957735932    
4336                   2.56601857720601e-05   0.000616681456576566   0.0182175474934641    
4337                   2.56598945988228e-05   0.000616672810905714   0.0182174993419804    
4338                   2.56596045008863e-05   0.000616664177763003   0.0182174513178526    
4339                   2.56593154781375e-05   0.000616655557371413   0.0182174034198       
4340                   2.56590275304103e-05   0.000616646949943428   0.0182173556465504    
4341                   2.56587406574877e-05   0.000616638355680321   0.0182173079968401    
4342                   2.56584548590834e-05   0.000616629774771648   0.0182172604694118    
4343                   2.56581701348691e-05   0.000616621207395519   0.0182172130630188    
4344                   2.56578864844544e-05   0.000616612653717794   0.0182171657764225    
4345                   2.56576039073902e-05   0.000616604113891549   0.0182171186083917    
4346                   2.5657322403182e-05    0.000616595588056893   0.0182170715577029    
4347                   2.56570419712862e-05   0.000616587076340893   0.0182170246231403    
4348                   2.56567626111147e-05   0.000616578578857423   0.0182169778034954    
4349                   2.56564843220207e-05   0.000616570095707309   0.018216931097567     
4350                   2.56562071033027e-05   0.000616561626978262   0.018216884504161     
4351                   2.56559309542007e-05   0.000616553172744781   0.0182168380220902    
4352                   2.56556558738988e-05   0.000616544733068203   0.0182167916501742    
4353                   2.56553818615259e-05   0.000616536307996805   0.0182167453872393    
4354                   2.56551089161566e-05   0.000616527897566033   0.0182166992321179    
4355                   2.56548370368787e-05   0.000616519501801127   0.0182166531836597    
4356                   2.56545662228203e-05   0.000616511120717924   0.0182166072407354    
4357                   2.56542964729246e-05   0.000616502754315888   0.0182165614022035    
4358                   2.56540277859352e-05   0.000616494402577941   0.0182165156669071    
4359                   2.56537601600688e-05   0.000616486065479754   0.0182164700337023    
4360                   2.56534935935607e-05   0.000616477742982198   0.0182164245014541    
4361                   2.56532280857663e-05   0.000616469435039784   0.0182163790690337    
4362                   2.5652963635887e-05    0.000616461141596098   0.0182163337353186    
4363                   2.56527002427986e-05   0.000616452862585561   0.0182162884991917    
4364                   2.56524379049639e-05   0.000616444597933943   0.018216243359542     
4365                   2.56521766205619e-05   0.000616436347558039   0.0182161983152634    
4366                   2.5651916387702e-05    0.000616428111366535   0.0182161533652552    
4367                   2.56516572045472e-05   0.000616419889260783   0.0182161085084219    
4368                   2.56513990693429e-05   0.000616411681135698   0.0182160637436729    
4369                   2.56511419803689e-05   0.000616403486880478   0.0182160190699231    
4370                   2.56508859358907e-05   0.000616395306378978   0.0182159744860925    
4371                   2.56506309341224e-05   0.000616387139510413   0.0182159299911064    
4372                   2.56503769732159e-05   0.000616378986149842   0.0182158855838951    
4373                   2.56501240512681e-05   0.000616370846168688   0.0182158412633944    
4374                   2.56498721662749e-05   0.000616362719434108   0.018215797028536     
4375                   2.56496213162312e-05   0.000616354605812236   0.0182157528782629    
4376                   2.56493714991142e-05   0.00061634650516831    0.0182157088115256    
4377                   2.5649122712873e-05    0.000616338417367097   0.0182156648272807    
4378                   2.56488749554313e-05   0.000616330342273048   0.0182156209244888    
4379                   2.56486282247129e-05   0.000616322279750515   0.0182155771021121    
4380                   2.56483825187217e-05   0.000616314229666352   0.018215533359128     
4381                   2.56481378354144e-05   0.000616306191888985   0.0182154896945177    
4382                   2.56478941726521e-05   0.000616298166289301   0.0182154461072673    
4383                   2.56476515281854e-05   0.000616290152741009   0.0182154025963671    
4384                   2.56474098996778e-05   0.000616282151121038   0.0182153591608123    
4385                   2.56471692847362e-05   0.000616274161310018   0.018215315799603     
4386                   2.56469296809332e-05   0.000616266183192743   0.0182152725117448    
4387                   2.56466910858121e-05   0.000616258216658952   0.0182152292962483    
4388                   2.56464534968914e-05   0.000616250261603557   0.0182151861521302    
4389                   2.56462169116352e-05   0.000616242317926155   0.0182151430784075    
4390                   2.56459813274982e-05   0.00061623438553256    0.0182151000741039    
4391                   2.56457467419486e-05   0.000616226464335799   0.0182150571382535    
4392                   2.5645513152459e-05    0.000616218554255766   0.0182150142698985    
4393                   2.56452805565003e-05   0.000616210655219418   0.0182149714680876    
4394                   2.56450489515323e-05   0.000616202767160983   0.0182149287318761    
4395                   2.56448183350028e-05   0.000616194890022077   0.0182148860603253    
4396                   2.56445887043462e-05   0.000616187023751877   0.018214843452502     
4397                   2.56443600569844e-05   0.000616179168307181   0.0182148009074789    
4398                   2.56441323903275e-05   0.000616171323652605   0.0182147584243345    
4399                   2.56439057017711e-05   0.000616163489760494   0.0182147160021529    
4400                   2.56436799887028e-05   0.000616155666611061   0.0182146736400241    
4401                   2.56434552485244e-05   0.000616147854193196   0.0182146313370486    
4402                   2.56432314786738e-05   0.00061614005250531    0.0182145890923418    
4403                   2.56430086764962e-05   0.000616132261550945   0.0182145469050105    
4404                   2.56427868393271e-05   0.000616124481341624   0.0182145047741679    
4405                   2.56425659644943e-05   0.00061611671189639    0.0182144626989341    
4406                   2.56423460493227e-05   0.000616108953241662   0.0182144206784351    
4407                   2.56421270911323e-05   0.000616101205411224   0.0182143787118027    
4408                   2.56419090872421e-05   0.000616093468445813   0.0182143367981753    
4409                   2.56416920349614e-05   0.000616085742393269   0.018214294936698     
4410                   2.56414759315495e-05   0.000616078027306523   0.0182142531265143    
4411                   2.56412607742825e-05   0.00061607032324569    0.0182142113667771    
4412                   2.56410465604483e-05   0.000616062630277297   0.0182141696566483    
4413                   2.56408332873388e-05   0.000616054948473768   0.0182141279952969    
4414                   2.56406209522418e-05   0.0006160472779131     0.018214086381898     
4415                   2.56404095524749e-05   0.000616039618679783   0.0182140448156413    
4416                   2.56401990853162e-05   0.000616031970861968   0.0182140032957157    
4417                   2.56399895481948e-05   0.000616024334549156   0.0182139618213152    
4418                   2.56397809381815e-05   0.000616016709843101   0.0182139203916358    
4419                   2.56395732526859e-05   0.000616009096836663   0.0182138790058823    
4420                   2.56393664886666e-05   0.000616001495637181   0.0182138376632637    
4421                   2.5639160643412e-05    0.000615993906349141   0.018213796362995     
4422                   2.56389557140758e-05   0.000615986329080192   0.0182137551042957    
4423                   2.56387516978393e-05   0.000615978763940246   0.0182137138863936    
4424                   2.5638548591957e-05    0.000615971211040224   0.01821367270852      
4425                   2.56383463937275e-05   0.000615963670491855   0.0182136315699109    
4426                   2.563814510044e-05     0.000615956142407483   0.0182135904698063    
4427                   2.56379447093363e-05   0.000615948626899701   0.0182135494074509    
4428                   2.56377452176171e-05   0.000615941124080912   0.0182135083820934    
4429                   2.56375466224589e-05   0.00061593363406279    0.0182134673929869    
4430                   2.56373489210247e-05   0.000615926156955886   0.0182134264393879    
4431                   2.5637152110479e-05    0.000615918692869359   0.0182133855205576    
4432                   2.56369561879903e-05   0.000615911241910543   0.018213344635761     
4433                   2.56367611507205e-05   0.000615903804184786   0.0182133037842671    
4434                   2.56365669957793e-05   0.000615896379792899   0.0182132629653376    
4435                   2.56363737202022e-05   0.000615888968830437   0.0182132221782247    
4436                   2.56361813211687e-05   0.000615881571395211   0.018213181422214     
4437                   2.56359897958449e-05   0.000615874187581591   0.0182131406965938    
4438                   2.56357991413889e-05   0.000615866817480001   0.0182131000006554    
4439                   2.56356093549446e-05   0.000615859461177083   0.018213059333693     
4440                   2.56354204336447e-05   0.000615852118754932   0.0182130186950036    
4441                   2.56352323746098e-05   0.000615844790291335   0.0182129780838865    
4442                   2.56350451749498e-05   0.000615837475859361   0.0182129374996439    
4443                   2.56348588317675e-05   0.000615830175527055   0.0182128969415799    
4444                   2.56346733420844e-05   0.000615822889354833   0.0182128564089864    
4445                   2.56344887028314e-05   0.000615815617394386   0.0182128159011376    
4446                   2.56343049111269e-05   0.000615808359699189   0.0182127754173509    
4447                   2.56341219639372e-05   0.00061580111631142    0.0182127349569118    
4448                   2.56339398584204e-05   0.000615793887275163   0.0182126945191502    
4449                   2.56337585917161e-05   0.000615786672628675   0.0182126541033962    
4450                   2.56335781609391e-05   0.000615779472403999   0.0182126137089777    
4451                   2.56333985631726e-05   0.000615772286627418   0.0182125733352229    
4452                   2.5633219795481e-05    0.000615765115319242   0.0182125329814597    
4453                   2.56330418549099e-05   0.000615757958493967   0.0182124926470168    
4454                   2.56328647384962e-05   0.000615750816160695   0.0182124523312239    
4455                   2.56326884431317e-05   0.000615743688317364   0.0182124120333809    
4456                   2.56325129658282e-05   0.000615736574961264   0.0182123717528157    
4457                   2.56323383035897e-05   0.000615729476084162   0.0182123314888563    
4458                   2.56321644533813e-05   0.000615722391671212   0.0182122912408233    
4459                   2.5631991412267e-05    0.00061571532170656    0.0182122510080614    
4460                   2.56318191773027e-05   0.000615708266169466   0.0182122107899165    
4461                   2.56316477455226e-05   0.000615701225033898   0.0182121705857328    
4462                   2.56314771139458e-05   0.000615694198269177   0.0182121303948547    
4463                   2.56313072795785e-05   0.000615687185840053   0.018212090216627     
4464                   2.56311382394172e-05   0.000615680187707158   0.0182120500503955    
4465                   2.56309699904556e-05   0.000615673203827264   0.0182120098955071    
4466                   2.56308025296838e-05   0.000615666234153587   0.0182119697513111    
4467                   2.56306358542332e-05   0.000615659278641718   0.018211929617192     
4468                   2.56304699611351e-05   0.000615652337240481   0.0182118894925143    
4469                   2.56303048473444e-05   0.000615645409892986   0.0182118493766285    
4470                   2.56301405098088e-05   0.000615638496539413   0.0182118092688858    
4471                   2.56299769454748e-05   0.000615631597117497   0.0182117691686385    
4472                   2.56298141512866e-05   0.000615624711562688   0.0182117290752405    
4473                   2.56296825550173e-05   0.000615619318654402   0.0182116996698094    
4474                   2.56295435394516e-05   0.000615613956290926   0.0182116702701232    
4475                   2.56294008730795e-05   0.000615608625661122   0.0182116408889722    
4476                   2.56292568363496e-05   0.000615603328705965   0.0182116115443271    
4477                   2.56291126677755e-05   0.000615598065361371   0.0182115822404146    
4478                   2.56289689933168e-05   0.000615592834390839   0.0182115529741492    
4479                   2.56288261052012e-05   0.000615587633946876   0.0182115237391458    
4480                   2.56286841252494e-05   0.000615582461886725   0.0182114945279437    
4481                   2.56285430922819e-05   0.000615577315977054   0.0182114653331924    
4482                   2.56284030049036e-05   0.000615572194031711   0.0182114361482041    
4483                   2.56282638414188e-05   0.000615567093982036   0.0182114069671383    
4484                   2.56281255694825e-05   0.000615562013899865   0.0182113777849904    
4485                   2.56279881513208e-05   0.000615556952003504   0.0182113485974896    
4486                   2.56278515467426e-05   0.000615551906661364   0.0182113194009673    
4487                   2.56277157148818e-05   0.000615546876392483   0.0182112901922312    
4488                   2.56275806152567e-05   0.000615541859858708   0.0182112609684467    
4489                   2.56274462084766e-05   0.000615536855843977   0.0182112317269939    
4490                   2.56273124573117e-05   0.000615531863250651   0.0182112024654897    
4491                   2.56271793271117e-05   0.000615526881082256   0.0182111731816859    
4492                   2.56270467862279e-05   0.000615521908436634   0.0182111438734286    
4493                   2.56269148062317e-05   0.00061551694450291    0.018211114538634     
4494                   2.562678336195e-05     0.000615511988557835   0.0182110851752737    
4495                   2.56266524313828e-05   0.00061550703996011    0.0182110557813671    
4496                   2.56265219955164e-05   0.000615502098142315   0.018211026354978     
4497                   2.56263920380596e-05   0.000615497162603243   0.018210996894215     
4498                   2.5626262545124e-05    0.000615492232901156   0.0182109673972337    
4499                   2.56261335048838e-05   0.000615487308649291   0.0182109378622406    
4500                   2.56260049072482e-05   0.000615482389512228   0.0182109082874976    
4501                   2.56258767435766e-05   0.000615477475203206   0.0182108786713258    
4502                   2.5625749006428e-05    0.000615472565480772   0.0182108490121104    
4503                   2.56256216893434e-05   0.000615467660145366   0.0182108193083033    
4504                   2.56254947866622e-05   0.000615462759035602   0.0182107895584261    
4505                   2.56253682933639e-05   0.000615457862024575   0.0182107597610713    
4506                   2.56252422049362e-05   0.00061545296901672    0.018210729914903     
4507                   2.56251165172751e-05   0.000615448079944983   0.0182107000186565    
4508                   2.56249912266029e-05   0.000615443194768434   0.0182106700711368    
4509                   2.56248663294081e-05   0.000615438313469848   0.0182106400712165    
4510                   2.56247418224062e-05   0.0006154334360536     0.0182106100178333    
4511                   2.56246177025047e-05   0.000615428562543222   0.0182105799099865    
4512                   2.56244939667784e-05   0.000615423692979166   0.0182105497467337    
4513                   2.56243706124552e-05   0.000615418827416667   0.0182105195271871    
4514                   2.56242476369067e-05   0.000615413965923713   0.0182104892505097    
4515                   2.56241250376373e-05   0.000615409108579134   0.0182104589159114    
4516                   2.56240028122824e-05   0.000615404255471089   0.0182104285226459    
4517                   2.56238809586045e-05   0.000615399406695339   0.018210398070007     
4518                   2.56237594744896e-05   0.000615394562354037   0.018210367557325     
4519                   2.56236383579482e-05   0.000615389722554426   0.0182103369839647    
4520                   2.56235176071138e-05   0.000615384887407753   0.0182103063493228    
4521                   2.56233972202404e-05   0.000615380057027938   0.0182102756528251    
4522                   2.56232771957003e-05   0.000615375231530787   0.018210244893925     
4523                   2.56231575319804e-05   0.000615370411033123   0.0182102140721015    
4524                   2.56230382276819e-05   0.00061536559565192    0.0182101831868574    
4525                   2.56229192815142e-05   0.0006153607855037     0.0182101522377189    
4526                   2.56228006922936e-05   0.000615355980704042   0.0182101212242338    
4527                   2.56226824589371e-05   0.000615351181366935   0.018210090145971     
4528                   2.56225645804569e-05   0.000615346387604575   0.0182100590025201    
4529                   2.56224470559567e-05   0.00061534159952667    0.0182100277934904    
4530                   2.56223298846267e-05   0.000615336817240442   0.0182099965185108    
4531                   2.5622213065735e-05    0.000615332040850134   0.0182099651772297    
4532                   2.56220965986275e-05   0.000615327270456803   0.018209933769314     
4533                   2.56219804827145e-05   0.00061532250615816    0.0182099022944499    
4534                   2.56218647174689e-05   0.00061531774804841    0.0182098707523419    
4535                   2.56217493024208e-05   0.000615312996217996   0.0182098391427131    
4536                   2.56216342371454e-05   0.00061530825075367    0.0182098074653048    
4537                   2.56215195212641e-05   0.000615303511738261   0.0182097757198769    
4538                   2.5621405154433e-05    0.000615298779250597   0.0182097439062069    
4539                   2.56212911363386e-05   0.000615294053365467   0.0182097120240904    
4540                   2.56211774666938e-05   0.000615289334153569   0.0182096800733406    
4541                   2.56210641452255e-05   0.000615284621681364   0.0182096480537883    
4542                   2.56209511716753e-05   0.000615279916011207   0.0182096159652816    
4543                   2.56208385457905e-05   0.000615275217201303   0.0182095838076852    
4544                   2.56207262673201e-05   0.000615270525305463   0.018209551580881     
4545                   2.56206143360086e-05   0.000615265840373432   0.018209519284767     
4546                   2.5620502751592e-05    0.000615261162450636   0.0182094869192573    
4547                   2.56203915137918e-05   0.000615256491578339   0.0182094544842821    
4548                   2.56202806223114e-05   0.000615251827793697   0.0182094219797867    
4549                   2.56201700768291e-05   0.000615247171129497   0.0182093894057304    
4550                   2.5620059876997e-05    0.00061524252161461    0.0182093567620876    
4551                   2.561995002244e-05     0.000615237879273799   0.0182093240488475    
4552                   2.56198405127445e-05   0.000615233244127875   0.0182092912660116    
4553                   2.56197313474661e-05   0.000615228616193699   0.018209258413597     
4554                   2.56196225261205e-05   0.000615223995484507   0.0182092254916335    
4555                   2.5619514048181e-05    0.000615219382009796   0.0182091925001632    
4556                   2.56194059130768e-05   0.000615214775775518   0.0182091594392403    
4557                   2.5619298120193e-05    0.000615210176784178   0.0182091263089306    
4558                   2.56191906688638e-05   0.000615205585034998   0.0182090931093112    
4559                   2.56190835583774e-05   0.000615201000524049   0.0182090598404699    
4560                   2.56189767879737e-05   0.00061519642324429    0.0182090265025046    
4561                   2.56188703568428e-05   0.000615191853185985   0.0182089930955234    
4562                   2.56187642641264e-05   0.000615187290336532   0.0182089596196433    
4563                   2.5618658508914e-05    0.00061518273468101    0.0182089260749908    
4564                   2.56185530902469e-05   0.000615178186202214   0.0182088924617003    
4565                   2.56184480071153e-05   0.000615173644880774   0.0182088587799145    
4566                   2.56183432579059e-05   0.000615169110698221   0.0182088250297832    
4567                   2.56182388421343e-05   0.000615164583625999   0.0182087912114646    
4568                   2.56181347583747e-05   0.000615160063646082   0.0182087573251209    
4569                   2.56180310053406e-05   0.000615155550726699   0.0182087233709013    
4570                   2.56179275820381e-05   0.000615151044842055   0.0182086893489815    
4571                   2.56178244873161e-05   0.000615146545965405   0.0182086552595501    
4572                   2.56177217199149e-05   0.000615142054068912   0.018208621102799     
4573                   2.56176192784574e-05   0.000615137569124337   0.0182085868789221    
4574                   2.56175171614844e-05   0.000615133091103344   0.0182085525881159    
4575                   2.56174153674887e-05   0.000615128619977493   0.0182085182305794    
4576                   2.56173138949323e-05   0.000615124155718622   0.0182084838065145    
4577                   2.56172127422551e-05   0.000615119698298966   0.0182084493161254    
4578                   2.56171119078772e-05   0.000615115247691523   0.0182084147596189    
4579                   2.56170113901988e-05   0.000615110803870174   0.0182083801372038    
4580                   2.56169111875942e-05   0.000615106366809963   0.018208345449091     
4581                   2.5616811298415e-05    0.000615101936487235   0.0182083106954925    
4582                   2.56167117209816e-05   0.00061509751288       0.0182082758766224    
4583                   2.56166124535897e-05   0.000615093095967857   0.0182082409926953    
4584                   2.56165134945053e-05   0.000615088685732116   0.0182082060439268    
4585                   2.56164148419679e-05   0.000615084282156012   0.0182081710305325    
4586                   2.5616316494196e-05    0.00061507988522488    0.0182081359527285    
4587                   2.56162184493859e-05   0.000615075494926283   0.0182081008107306    
4588                   2.56161207057137e-05   0.000615071111250066   0.0182080656047548    
4589                   2.56160232613377e-05   0.000615066734188567   0.0182080303350164    
4590                   2.56159261143948e-05   0.0006150623637365     0.0182079950017302    
4591                   2.56158292630032e-05   0.000615057999891135   0.01820795960511      
4592                   2.5615732705262e-05    0.000615053642652138   0.0182079241453689    
4593                   2.56156364392504e-05   0.000615049292021809   0.0182078886227186    
4594                   2.56155404630276e-05   0.000615044948004936   0.0182078530373694    
4595                   2.56154447746297e-05   0.000615040610608934   0.01820781738953      
4596                   2.56153493720715e-05   0.0006150362798437     0.0182077816794076    
4597                   2.56152542533404e-05   0.000615031955721493   0.0182077459072074    
4598                   2.56151594163978e-05   0.0006150276382571     0.0182077100731325    
4599                   2.56150648591732e-05   0.000615023327467467   0.0182076741773838    
4600                   2.5614970579559e-05    0.000615019023371667   0.0182076382201599    
4601                   2.56148765754057e-05   0.000615014725990899   0.018207602201657     
4602                   2.56147828445147e-05   0.000615010435348087   0.0182075661220683    
4603                   2.56146893846312e-05   0.0006150061514679     0.0182075299815843    
4604                   2.56145961934287e-05   0.000615001874376367   0.0182074937803923    
4605                   2.56145032684944e-05   0.000614997604100773   0.0182074575186764    
4606                   2.56144106073065e-05   0.000614993340669183   0.0182074211966168    
4607                   2.56143182072108e-05   0.000614989084110045   0.0182073848143899    
4608                   2.56142260653816e-05   0.000614984834451949   0.0182073483721676    
4609                   2.56141341787753e-05   0.000614980591722816   0.0182073118701165    
4610                   2.56140425440613e-05   0.000614976355949297   0.0182072753083975    
4611                   2.56139511577588e-05   0.000614972127152797   0.0182072386871651    
4612                   2.56138600156638e-05   0.000614967905357891   0.0182072020065645    
4613                   2.56137691126121e-05   0.000614963690579495   0.0182071652667299    
4614                   2.56136784424167e-05   0.000614959482826477   0.0182071284677818    
4615                   2.56135879975621e-05   0.000614955282096241   0.0182070916098214    
4616                   2.56134977683322e-05   0.000614951088367957   0.0182070546929217    
4617                   2.56134077406379e-05   0.000614946901595057   0.0182070177171114    
4618                   2.56133178945207e-05   0.000614942721674934   0.0182069806823468    
4619                   2.56132281976807e-05   0.000614938548413105   0.0182069435884443    
4620                   2.56131385893125e-05   0.000614934381387257   0.0182069064348996    
4621                   2.56130489173227e-05   0.000614930219431362   0.018206869220146     
4622                   2.56129599540359e-05   0.000614926071099949   0.0182068319535283    
4623                   2.56128723337306e-05   0.000614921932159296   0.0182067946333857    
4624                   2.56127865269278e-05   0.000614917812158533   0.0182067572657801    
4625                   2.56127023553749e-05   0.000614913706740186   0.0182067198453304    
4626                   2.56126179686172e-05   0.000614909606908584   0.0182066823569343    
4627                   2.56125328678904e-05   0.00061490552424411    0.0182066448147751    
4628                   2.5612447409952e-05    0.00061490144230303    0.0182066072214174    
4629                   2.56123619587602e-05   0.0006148973558441     0.0182065695741328    
4630                   2.56122767779409e-05   0.000614893271294825   0.0182065318718529    
4631                   2.56121918252218e-05   0.0006148891960756     0.0182064941156355    
4632                   2.56121068503133e-05   0.000614885132715823   0.0182064563054976    
4633                   2.56120216495126e-05   0.00061488107987869    0.0182064184408449    
4634                   2.56119362095869e-05   0.00061487703472942    0.0182063805215728    
4635                   2.56118506548895e-05   0.000614872994957665   0.0182063425480283    
4636                   2.56117651189939e-05   0.000614868959578896   0.0182063045205737    
4637                   2.56116796605195e-05   0.000614864928880453   0.0182062664394019    
4638                   2.5611594266269e-05    0.000614860904065984   0.0182062283045939    
4639                   2.56115089065592e-05   0.000614856886625208   0.0182061901162244    
4640                   2.56114235832733e-05   0.00061485287755946    0.0182061518744544    
4641                   2.56113383371358e-05   0.000614848876966327   0.0182061135795168    
4642                   2.56112532215671e-05   0.000614844884249985   0.0182060752316496    
4643                   2.56111682735021e-05   0.000614840898673105   0.0182060368310668    
4644                   2.56110835036497e-05   0.000614836919829389   0.0182059983779653    
4645                   2.56109989067958e-05   0.000614832947788857   0.0182059598725432    
4646                   2.56109144780376e-05   0.000614828982936293   0.0182059213150088    
4647                   2.56108302216532e-05   0.000614825025686911   0.0182058827055809    
4648                   2.56107461493408e-05   0.000614821076267881   0.0182058440444844    
4649                   2.56106622731679e-05   0.000614817134658789   0.0182058053319491    
4650                   2.5610578600137e-05    0.000614813200672502   0.0182057665682088    
4651                   2.56104951314749e-05   0.000614809274092348   0.0182057277535013    
4652                   2.56104118653362e-05   0.000614805354777919   0.0182056888880683    
4653                   2.56103287998767e-05   0.000614801442695618   0.0182056499721546    
4654                   2.56102459346637e-05   0.000614797537882106   0.0182056110060086    
4655                   2.56101632703162e-05   0.000614793640381265   0.0182055719898817    
4656                   2.56100808074291e-05   0.000614789750195562   0.0182055329240292    
4657                   2.56099985458185e-05   0.000614785867271815   0.0182054938087101    
4658                   2.56099164844339e-05   0.000614781991516666   0.0182054546441869    
4659                   2.56098346217189e-05   0.00061477812282458    0.0182054154307258    
4660                   2.56097529560079e-05   0.000614774261100775   0.0182053761685966    
4661                   2.56096714857133e-05   0.000614770406269338   0.0182053368580622    
4662                   2.56095902093497e-05   0.000614766558270579   0.0182052974993951    
4663                   2.56095091254436e-05   0.000614762717049832   0.0182052580928793    
4664                   2.56094282324538e-05   0.000614758882546616   0.0182052186388003    
4665                   2.56093475287592e-05   0.000614755054689266   0.0182051791374453    
4666                   2.56092670126835e-05   0.000614751233395626   0.018205139589104     
4667                   2.56091866825166e-05   0.000614747418578247   0.0182050999940687    
4668                   2.56091065365258e-05   0.000614743610149597   0.0182050603526346    
4669                   2.56090265729649e-05   0.000614739808026028   0.0182050206650995    
4670                   2.56089467900758e-05   0.00061473601212877    0.0182049809317647    
4671                   2.56088671860984e-05   0.00061473222238223    0.018204941152935     
4672                   2.56087877592618e-05   0.000614728438711019   0.0182049013289146    
4673                   2.56087085077947e-05   0.00061472466103884    0.018204861460012     
4674                   2.56086294299205e-05   0.000614720889287877   0.0182048215465387    
4675                   2.56085505238566e-05   0.000614717123379594   0.0182047815888093    
4676                   2.56084717878104e-05   0.000614713363236411   0.0182047415871413    
4677                   2.56083932199838e-05   0.000614709608782896   0.0182047015418547    
4678                   2.56083148185788e-05   0.000614705859946472   0.0182046614532723    
4679                   2.56082365817952e-05   0.000614702116657373   0.0182046213217195    
4680                   2.56081585078388e-05   0.00061469837884823    0.0182045811475241    
4681                   2.56080805949144e-05   0.000614694646453615   0.0182045409310167    
4682                   2.56080028412287e-05   0.000614690919409866   0.0182045006725302    
4683                   2.56079252449916e-05   0.00061468719765524    0.0182044603724001    
4684                   2.5607847804415e-05    0.000614683481130429   0.0182044200309643    
4685                   2.56077705177149e-05   0.00061467976977902    0.0182043796485636    
4686                   2.56076933831113e-05   0.000614676063547536   0.018204339225541     
4687                   2.56076163988286e-05   0.000614672362385703   0.0182042987622416    
4688                   2.56075395630941e-05   0.000614668666246268   0.0182042582590127    
4689                   2.56074628741412e-05   0.000614664975085075   0.0182042177162042    
4690                   2.56073863302145e-05   0.000614661288861067   0.0182041771341681    
4691                   2.56073099295654e-05   0.000614657607536241   0.018204136513259     
4692                   2.56072336704512e-05   0.000614653931075605   0.018204095853833     
4693                   2.56071575511385e-05   0.000614650259447353   0.0182040551562484    
4694                   2.56070815699003e-05   0.000614646592622795   0.0182040144208657    
4695                   2.56070057250209e-05   0.000614642930576407   0.0182039736480481    
4696                   2.56069300147912e-05   0.000614639273285899   0.018203932838161     
4697                   2.56068544375146e-05   0.00061463562073202    0.0182038919915719    
4698                   2.56067789914987e-05   0.000614631972898545   0.0182038511086507    
4699                   2.56067036750628e-05   0.000614628329772073   0.0182038101897694    
4700                   2.5606628486536e-05    0.000614624691341974   0.0182037692353024    
4701                   2.56065534242565e-05   0.000614621057600402   0.0182037282456258    
4702                   2.5606478486571e-05    0.000614617428541929   0.0182036872211184    
4703                   2.56064036718379e-05   0.000614613804163725   0.0182036461621608    
4704                   2.56063289784255e-05   0.000614610184465182   0.0182036050691356    
4705                   2.56062544047133e-05   0.000614606569447875   0.0182035639424279    
4706                   2.56061799490908e-05   0.000614602959115383   0.0182035227824245    
4707                   2.56061056099592e-05   0.000614599353473002   0.0182034815895145    
4708                   2.56060313857309e-05   0.000614595752527758   0.0182034403640889    
4709                   2.56059572748298e-05   0.000614592156288112   0.0182033991065407    
4710                   2.56058832751144e-05   0.000614588564766248   0.0182033578172646    
4711                   2.56058093856727e-05   0.00061458497796767    0.0182033164966586    
4712                   2.56057356046995e-05   0.000614581395909833   0.0182032751451207    
4713                   2.56056619306081e-05   0.00061457781860101    0.0182032337630521    
4714                   2.56055883621501e-05   0.000614574246054737   0.0182031923508556    
4715                   2.56055148979581e-05   0.000614570678283938   0.0182031509089358    
4716                   2.56054415366208e-05   0.0006145671153014     0.0182031094376989    
4717                   2.56053682766682e-05   0.000614563557120195   0.0182030679375533    
4718                   2.56052951165989e-05   0.000614560003753213   0.0182030264089087    
4719                   2.56052220549153e-05   0.000614556455212982   0.0182029848521768    
4720                   2.56051490901419e-05   0.000614552911511236   0.018202943267771     
4721                   2.56050762208311e-05   0.000614549372658966   0.0182029016561064    
4722                   2.56050034455641e-05   0.000614545838666269   0.0182028600175994    
4723                   2.56049307629514e-05   0.000614542309542243   0.0182028183526682    
4724                   2.56048581716274e-05   0.000614538785294982   0.0182027766617336    
4725                   2.56047856702432e-05   0.000614535265931189   0.0182027349452165    
4726                   2.56047132574671e-05   0.000614531751456175   0.0182026932035376    
4727                   2.56046409319844e-05   0.000614528241873877   0.0182026514371203    
4728                   2.56045686924948e-05   0.000614524737186791   0.0182026096463899    
4729                   2.56044965377139e-05   0.000614521237396101   0.0182025678317719    
4730                   2.56044244663756e-05   0.000614517742501376   0.0182025259936936    
4731                   2.56043524772334e-05   0.000614514252500509   0.0182024841325851    
4732                   2.56042805690606e-05   0.000614510767389981   0.0182024422488775    
4733                   2.56042087406422e-05   0.000614507287164785   0.0182024003430035    
4734                   2.56041369907749e-05   0.000614503811818647   0.0182023584153963    
4735                   2.56040653182704e-05   0.000614500341344024   0.0182023164664904    
4736                   2.56039937219579e-05   0.000614496875732037   0.018202274496722     
4737                   2.5603922200687e-05    0.000614493414972556   0.0182022325065282    
4738                   2.5603850753322e-05    0.000614489959054236   0.0182021904963472    
4739                   2.56037793787433e-05   0.00061448650796469    0.0182021484666184    
4740                   2.56037080758445e-05   0.00061448306169077    0.0182021064177823    
4741                   2.56036368435308e-05   0.000614479620218267   0.0182020643502777    
4742                   2.56035656807288e-05   0.000614476183532487   0.0182020222645459    
4743                   2.56034945863784e-05   0.000614472751618256   0.018201980161029     
4744                   2.56034235594372e-05   0.000614469324459886   0.0182019380401687    
4745                   2.5603352598877e-05    0.000614465902041713   0.0182018959024105    
4746                   2.56032817036875e-05   0.000614462484347988   0.0182018537482001    
4747                   2.56032108728696e-05   0.00061445907136301    0.0182018115779841    
4748                   2.56031401054407e-05   0.000614455663071414   0.0182017693922098    
4749                   2.56030694004304e-05   0.000614452259458226   0.0182017271913251    
4750                   2.56029987568859e-05   0.000614448860509001   0.0182016849757783    
4751                   2.56029281738669e-05   0.00061444546621       0.0182016427460188    
4752                   2.56028576504448e-05   0.000614442076548502   0.0182016005024959    
4753                   2.56027871856955e-05   0.000614438691512898   0.0182015582456569    
4754                   2.56027167787113e-05   0.000614435311091978   0.0182015159759527    
4755                   2.56026464286025e-05   0.000614431935275778   0.0182014736938356    
4756                   2.5602576134499e-05    0.000614428564055838   0.0182014313997586    
4757                   2.5602505895545e-05    0.000614425197425201   0.0182013890941749    
4758                   2.56024357108904e-05   0.000614421835378734   0.0182013467775376    
4759                   2.56023655796899e-05   0.000614418477913051   0.0182013044503005    
4760                   2.56022955011108e-05   0.00061441512502625    0.0182012621129173    
4761                   2.56022254743345e-05   0.000614411776717918   0.0182012197658423    
4762                   2.56021554985571e-05   0.000614408432989166   0.0182011774095301    
4763                   2.56020855729861e-05   0.000614405093842828   0.0182011350444356    
4764                   2.56020156968348e-05   0.000614401759283535   0.0182010926710138    
4765                   2.56019458693248e-05   0.000614398429317696   0.0182010502897202    
4766                   2.56018760896842e-05   0.000614395103953531   0.0182010079010106    
4767                   2.56018063571555e-05   0.0006143917832009     0.018200965505341     
4768                   2.56017366709907e-05   0.000614388467071159   0.0182009231031678    
4769                   2.56016670304493e-05   0.000614385155577266   0.0182008806949477    
4770                   2.56015974349412e-05   0.000614381848731277   0.0182008382811381    
4771                   2.56015278836295e-05   0.000614378546553918   0.0182007958621949    
4772                   2.56014583757406e-05   0.000614375249056643   0.0182007534385761    
4773                   2.56013889105652e-05   0.000614371956261553   0.0182007110107393    
4774                   2.56013194873906e-05   0.000614368668187247   0.0182006685791426    
4775                   2.56012501054353e-05   0.00061436538485403    0.0182006261442441    
4776                   2.56011807639898e-05   0.000614362106283218   0.0182005837065022    
4777                   2.56011114624121e-05   0.000614358832496504   0.0182005412663757    
4778                   2.5601042200076e-05    0.000614355563516056   0.0182004988243234    
4779                   2.56009729763475e-05   0.000614352299364465   0.0182004563808044    
4780                   2.56009037905644e-05   0.000614349040063884   0.0182004139362654    
4781                   2.56008346420834e-05   0.000614345785637167   0.0182003714911649    
4782                   2.56007655302653e-05   0.000614342536107347   0.0182003290459665    
4783                   2.56006964544706e-05   0.000614339291497246   0.0182002866011328    
4784                   2.56006274140626e-05   0.00061433605182922    0.018200244157125     
4785                   2.56005584084061e-05   0.000614332817125012   0.018200201714404     
4786                   2.56004894368703e-05   0.000614329587405789   0.0182001592734305    
4787                   2.56004204988274e-05   0.000614326362691821   0.0182001168346648    
4788                   2.56003515936572e-05   0.00061432314300245    0.0182000743985674    
4789                   2.56002827207422e-05   0.000614319928355881   0.0182000319655987    
4790                   2.56002138794673e-05   0.000614316718769142   0.0181999895362194    
4791                   2.56001450692225e-05   0.000614313514257955   0.01819994711089      
4792                   2.56000762893991e-05   0.000614310314836526   0.0181999046900713    
4793                   2.56000075393924e-05   0.00061430712051753    0.0181998622742239    
4794                   2.55999388185973e-05   0.000614303931312023   0.0181998198638086    
4795                   2.55998701264146e-05   0.000614300747229306   0.0181997774592863    
4796                   2.55998014622484e-05   0.000614297568276884   0.0181997350611179    
4797                   2.55997328255037e-05   0.000614294394460381   0.0181996926697643    
4798                   2.55996642155889e-05   0.00061429122578364    0.0181996502856863    
4799                   2.55995956319144e-05   0.000614288062248365   0.018199607909345     
4800                   2.55995270738927e-05   0.000614284903854336   0.018199565541201     
4801                   2.55994585409374e-05   0.000614281750599327   0.0181995231817151    
4802                   2.55993900324633e-05   0.00061427860247904    0.0181994808313475    
4803                   2.55993215478871e-05   0.000614275459487064   0.0181994384905564    
4804                   2.55992530866299e-05   0.000614272321615199   0.0181993961598028    
4805                   2.55991846481157e-05   0.000614269188853135   0.0181993538395474    
4806                   2.55991162317672e-05   0.000614266061188681   0.0181993115302506    
4807                   2.55990478370124e-05   0.000614262938607789   0.0181992692323729    
4808                   2.55989794632787e-05   0.000614259821094548   0.0181992269463747    
4809                   2.55989111099952e-05   0.000614256708631212   0.0181991846727158    
4810                   2.55988427765934e-05   0.000614253601198463   0.0181991424118563    
4811                   2.55987744625051e-05   0.000614250498775272   0.0181991001642555    
4812                   2.55987061671641e-05   0.000614247401339073   0.0181990579303727    
4813                   2.55986378900031e-05   0.000614244308865926   0.0181990157106666    
4814                   2.55985696304594e-05   0.000614241221330538   0.0181989735055957    
4815                   2.55985013879676e-05   0.000614238138706422   0.0181989313156182    
4816                   2.55984331619643e-05   0.000614235060966025   0.0181988891411916    
4817                   2.55983649518866e-05   0.000614231988080825   0.0181988469827732    
4818                   2.55982967571723e-05   0.000614228920021426   0.0181988048408197    
4819                   2.55982285772605e-05   0.000614225856757723   0.0181987627157872    
4820                   2.55981604115883e-05   0.000614222798259058   0.0181987206081314    
4821                   2.55980922595954e-05   0.000614219744494307   0.0181986785183072    
4822                   2.559802412072e-05     0.000614216695432035   0.0181986364467689    
4823                   2.55979559944022e-05   0.000614213651040695   0.0181985943939702    
4824                   2.55978878800805e-05   0.000614210611288688   0.0181985523603642    
4825                   2.55978197771943e-05   0.000614207576144412   0.0181985103464028    
4826                   2.55977516851842e-05   0.000614204545576639   0.0181984683525377    
4827                   2.55976836034894e-05   0.000614201519554503   0.0181984263792193    
4828                   2.55976155315496e-05   0.000614198498047522   0.0181983844268973    
4829                   2.5597547468805e-05    0.000614195481026021   0.0181983424960206    
4830                   2.55974794146944e-05   0.000614192468460933   0.018198300587037     
4831                   2.55974113686577e-05   0.000614189460324072   0.0181982587003933    
4832                   2.5597343330133e-05    0.000614186456588288   0.0181982168365353    
4833                   2.55972752985606e-05   0.000614183457227481   0.0181981749959078    
4834                   2.55972072733806e-05   0.000614180462216774   0.0181981331789543    
4835                   2.55971392540328e-05   0.000614177471532515   0.018198091386116     
4836                   2.55970712399548e-05   0.000614174485152377   0.0181980496178322    
4837                   2.55970032305857e-05   0.000614171503055458   0.0181980078745415    
4838                   2.55969352253662e-05   0.000614168525222468   0.0181979661566824    
4839                   2.55968672237364e-05   0.000614165551635749   0.0181979244646921    
4840                   2.55967992251364e-05   0.000614162582279236   0.0181978827990066    
4841                   2.5596731229008e-05    0.00061415961713865    0.0181978411600606    
4842                   2.55966632347908e-05   0.000614156656201398   0.0181977995482872    
4843                   2.55965952419265e-05   0.000614153699456753   0.0181977579641178    
4844                   2.55965272498575e-05   0.000614150746895681   0.0181977164079818    
4845                   2.55964592580252e-05   0.000614147798510991   0.0181976748803066    
4846                   2.55963912658736e-05   0.000614144854297314   0.0181976333815181    
4847                   2.55963232728469e-05   0.000614141914251083   0.0181975919120415    
4848                   2.55962552783906e-05   0.000614138978370696   0.0181975504723002    
4849                   2.55961872819309e-05   0.000614136046655311   0.0181975090626991    
4850                   2.55961192829244e-05   0.000614133119107016   0.0181974676836615    
4851                   2.55960512808266e-05   0.000614130195729755   0.0181974263356106    
4852                   2.55959832750913e-05   0.00061412727652904    0.0181973850189656    
4853                   2.55959152651709e-05   0.000614124361512007   0.0181973437341427    
4854                   2.55958472505174e-05   0.000614121450687346   0.0181973024815551    
4855                   2.55957792305845e-05   0.000614118544065293   0.018197261261614     
4856                   2.55957112048288e-05   0.000614115641657508   0.0181972200747281    
4857                   2.55956431727086e-05   0.000614112743477075   0.018197178921304     
4858                   2.55955751336825e-05   0.000614109849538428   0.0181971378017462    
4859                   2.55955070872139e-05   0.000614106959857268   0.0181970967164572    
4860                   2.55954390327666e-05   0.000614104074450498   0.018197055665837     
4861                   2.55953709698056e-05   0.000614101193336045   0.0181970146502837    
4862                   2.55953028978e-05      0.000614098316532827   0.0181969736701931    
4863                   2.5595234816221e-05    0.000614095444060659   0.0181969327259587    
4864                   2.55951667245432e-05   0.000614092575940129   0.018196891817972     
4865                   2.55950986222438e-05   0.000614089712192494   0.0181968509466219    
4866                   2.55950305088007e-05   0.000614086852839565   0.0181968101122955    
4867                   2.55949623836969e-05   0.000614083997903597   0.0181967693153762    
4868                   2.5594894246419e-05    0.000614081147407162   0.0181967285562453    
4869                   2.5594826096462e-05    0.000614078301373257   0.0181966878352848    
4870                   2.55947579333203e-05   0.000614075459824823   0.0181966471528717    
4871                   2.55946897564915e-05   0.000614072622784993   0.018196606509381     
4872                   2.55946215654743e-05   0.000614069790276714   0.0181965659051857    
4873                   2.55945533597742e-05   0.000614066962322808   0.018196525340656     
4874                   2.55944851388981e-05   0.000614064138945787   0.0181964848161597    
4875                   2.55944169023581e-05   0.000614061320167792   0.0181964443320621    
4876                   2.55943486496701e-05   0.000614058506010439   0.0181964038887261    
4877                   2.55942803803546e-05   0.000614055696494755   0.0181963634865118    
4878                   2.5594212093935e-05    0.0006140528916411     0.0181963231257771    
4879                   2.55941437899394e-05   0.000614050091469066   0.0181962828068772    
4880                   2.55940754679001e-05   0.00061404729599741    0.0181962425301648    
4881                   2.55940071273546e-05   0.000614044505243885   0.0181962022959901    
4882                   2.55939387678438e-05   0.000614041719225244   0.0181961621047005    
4883                   2.55938703889149e-05   0.000614038937957174   0.0181961219566411    
4884                   2.55938019901169e-05   0.000614036161454193   0.0181960818521538    
4885                   2.5593733571003e-05    0.000614033389729352   0.0181960417915745    
4886                   2.5593665131132e-05    0.000614030622794462   0.0181960017752369    
4887                   2.55935966700642e-05   0.000614027860659834   0.0181959618034674    
4888                   2.55935281873697e-05   0.000614025103334523   0.0181959218765961    
4889                   2.55934596826307e-05   0.000614022350826573   0.018195881994956     
4890                   2.55933911554296e-05   0.000614019603142553   0.0181958421588768    
4891                   2.55933226053534e-05   0.000614016860287415   0.0181958023686847    
4892                   2.55932540319948e-05   0.000614014122264671   0.0181957626247032    
4893                   2.55931854349509e-05   0.000614011389076244   0.0181957229272523    
4894                   2.5593116813824e-05    0.000614008660722507   0.0181956832766494    
4895                   2.55930481682197e-05   0.000614005937202243   0.018195643673209     
4896                   2.5592979497751e-05    0.000614003218512764   0.0181956041172429    
4897                   2.55929108020344e-05   0.000614000504649744   0.0181955646090601    
4898                   2.55928420806941e-05   0.000613997795607423   0.0181955251489672    
4899                   2.55927733333578e-05   0.000613995091378443   0.0181954857372679    
4900                   2.55927045596589e-05   0.000613992391954043   0.0181954463742633    
4901                   2.55926357592371e-05   0.000613989697323906   0.0181954070602519    
4902                   2.55925669317371e-05   0.000613987007476264   0.0181953677955293    
4903                   2.55924980768094e-05   0.000613984322398049   0.0181953285803889    
4904                   2.55924291941108e-05   0.000613981642074686   0.0181952894151209    
4905                   2.55923602833027e-05   0.000613978966490423   0.0181952503000133    
4906                   2.55922913440528e-05   0.000613976295628197   0.0181952112353514    
4907                   2.55922223760348e-05   0.000613973629469705   0.0181951722214176    
4908                   2.55921533789275e-05   0.000613970967995494   0.0181951332584917    
4909                   2.55920843524141e-05   0.000613968311184892   0.0181950943468474    
4910                   2.55920152961863e-05   0.000613965659016219   0.0181950554867582    
4911                   2.55919462099422e-05   0.000613963011466947   0.0181950166784959    
4912                   2.55918770933854e-05   0.000613960368513606   0.0181949779223301    
4913                   2.55918079462261e-05   0.000613957730131929   0.0181949392185283    
4914                   2.55917387681803e-05   0.000613955096296904   0.0181949005673552    
4915                   2.55916695589696e-05   0.000613952466982809   0.0181948619690732    
4916                   2.55916003183225e-05   0.000613949842163386   0.018194823423942     
4917                   2.55915310459742e-05   0.000613947221811812   0.0181947849322189    
4918                   2.55914617416648e-05   0.0006139446059008     0.0181947464941585    
4919                   2.55913924051411e-05   0.000613941994402672   0.0181947081100131    
4920                   2.55913230361567e-05   0.000613939387289497   0.0181946697800325    
4921                   2.55912536344724e-05   0.000613936784533112   0.018194631504464     
4922                   2.55911841998531e-05   0.000613934186105127   0.0181945932835527    
4923                   2.55911147320721e-05   0.000613931591977242   0.0181945551175419    
4924                   2.55910452309085e-05   0.000613929002121076   0.0181945170066726    
4925                   2.55909756961471e-05   0.000613926416508352   0.0181944789511827    
4926                   2.55909061275778e-05   0.000613923835110831   0.0181944409513073    
4927                   2.55908365249976e-05   0.000613921257900589   0.0181944030072797    
4928                   2.55907668882107e-05   0.000613918684849892   0.0181943651193304    
4929                   2.55906972170271e-05   0.000613916115931421   0.0181943272876881    
4930                   2.55906275112633e-05   0.000613913551118259   0.0181942895125788    
4931                   2.55905577707424e-05   0.000613910990383931   0.0181942517942266    
4932                   2.55904879952932e-05   0.000613908433702461   0.018194214132853     
4933                   2.55904181847529e-05   0.00061390588104852    0.0181941765286776    
4934                   2.55903483389613e-05   0.000613903332397316   0.0181941389819176    
4935                   2.55902784577673e-05   0.000613900787724753   0.0181941014927873    
4936                   2.55902085410243e-05   0.000613898247007431   0.0181940640614993    
4937                   2.55901385885937e-05   0.00061389571022278    0.0181940266882645    
4938                   2.55900686003438e-05   0.000613893177348969   0.0181939893732915    
4939                   2.55899985761483e-05   0.00061389064836496    0.0181939521167864    
4940                   2.55899285158862e-05   0.000613888123250596   0.0181939149189534    
4941                   2.55898584194427e-05   0.000613885601986636   0.0181938777799945    
4942                   2.558978828671e-05     0.00061388308455466    0.0181938407001094    
4943                   2.55897181175861e-05   0.000613880570937199   0.0181938036794959    
4944                   2.55896479119755e-05   0.000613878061117647   0.0181937667183494    
4945                   2.5589577669788e-05    0.00061387555508042    0.0181937298168635    
4946                   2.5589507390941e-05    0.000613873052810779   0.0181936929752294    
4947                   2.55894370753556e-05   0.000613870554294989   0.0181936561936365    
4948                   2.55893667229615e-05   0.000613868059520204   0.0181936194722719    
4949                   2.55892963336931e-05   0.000613865568474536   0.0181935828113209    
4950                   2.5589225907492e-05    0.000613863081147023   0.0181935462109665    
4951                   2.55891554443243e-05   0.000613860597525562   0.0181935096713936    
4952                   2.55890849441407e-05   0.000613858117601744   0.0181934731927739    
4953                   2.5589014406891e-05    0.000613855641366169   0.018193436775275     
4954                   2.55889438325248e-05   0.000613853168809938   0.0181934004190634    
4955                   2.55888732209914e-05   0.000613850699926547   0.0181933641243039    
4956                   2.55888025722144e-05   0.000613848234705466   0.0181933278911607    
4957                   2.55887318861976e-05   0.000613845773138681   0.0181932917197963    
4958                   2.55886611629961e-05   0.000613843315222652   0.0181932556103717    
4959                   2.55885904025914e-05   0.000613840860957296   0.0181932195630467    
4960                   2.55885196049269e-05   0.000613838410341146   0.0181931835779789    
4961                   2.55884487699591e-05   0.000613835963368699   0.018193147655325     
4962                   2.55883778976762e-05   0.000613833520031972   0.0181931117952406    
4963                   2.55883069880872e-05   0.000613831080323699   0.0181930759978797    
4964                   2.55882360412126e-05   0.00061382864423835    0.0181930402633928    
4965                   2.55881650570801e-05   0.00061382621177207    0.0181930045919291    
4966                   2.55880940357265e-05   0.000613823782921867   0.0181929689836378    
4967                   2.55880229771906e-05   0.000613821357684974   0.0181929334386664    
4968                   2.55879518815186e-05   0.000613818936058335   0.0181928979571612    
4969                   2.5587880748762e-05    0.000613816518038708   0.0181928625392671    
4970                   2.55878095789789e-05   0.000613814103622789   0.0181928271851272    
4971                   2.55877383722356e-05   0.000613811692807092   0.0181927918948833    
4972                   2.55876671286024e-05   0.00061380928558817    0.0181927566686755    
4973                   2.5587595848156e-05    0.000613806881962582   0.0181927215066419    
4974                   2.55875245309766e-05   0.000613804481926829   0.0181926864089192    
4975                   2.55874531771489e-05   0.000613802085477291   0.0181926513756421    
4976                   2.55873817867635e-05   0.000613799692610331   0.0181926164069436    
4977                   2.55873103599171e-05   0.000613797303322078   0.0181925815029545    
4978                   2.55872388967095e-05   0.00061379491760845    0.018192546663804     
4979                   2.55871673972459e-05   0.000613792535465335   0.0181925118896192    
4980                   2.55870958616357e-05   0.000613790156888302   0.0181924771805252    
4981                   2.55870242899931e-05   0.000613787781872867   0.018192442536645     
4982                   2.5586952682438e-05    0.000613785410414437   0.0181924079580997    
4983                   2.55868810390931e-05   0.000613783042508032   0.0181923734450083    
4984                   2.55868093600874e-05   0.000613780678148698   0.0181923389974875    
4985                   2.55867376455524e-05   0.000613778317331077   0.0181923046156522    
4986                   2.55866658956266e-05   0.000613775960049727   0.0181922702996149    
4987                   2.5586594110452e-05    0.000613773606298926   0.018192236049486     
4988                   2.55865222901758e-05   0.00061377125607281    0.018192201865374     
4989                   2.55864504349497e-05   0.000613768909365337   0.018192167747385     
4990                   2.55863785449267e-05   0.000613766566170154   0.0181921336956202    
4991                   2.55863066202624e-05   0.000613764226480737   0.0181920997101774    
4992                   2.55862346611262e-05   0.000613761890290582   0.0181920657911568    
4993                   2.55861626676884e-05   0.000613759557593051   0.0181920319386561    
4994                   2.55860906401235e-05   0.000613757228381374   0.0181919981527712    
4995                   2.55860185786113e-05   0.000613754902648656   0.0181919644335957    
4996                   2.55859464833349e-05   0.000613752580387848   0.0181919307812209    
4997                   2.55858743547914e-05   0.000613750261590842   0.0181918971957364    
4998                   2.55858021928247e-05   0.000613747946252414   0.0181918636772288    
4999                   2.55857299977914e-05   0.000613745634362918   0.0181918302257834    
5000                   2.55856577699255e-05   0.000613743325916228   0.0181917968414788    
5001                   2.55855855092799e-05   0.00061374102090439    0.0181917635243946    
5002                   2.55855132160051e-05   0.000613738719319602   0.0181917302746089    
5003                   2.55854408902788e-05   0.000613736421154137   0.0181916970921985    
5004                   2.55853685323133e-05   0.000613734126399844   0.0181916639772378    
5005                   2.55852961423477e-05   0.000613731835048436   0.0181916309297994    
5006                   2.55852237206349e-05   0.000613729547091399   0.0181915979499535    
5007                   2.55851512674292e-05   0.000613727262520101   0.0181915650377681    
5008                   2.55850787829851e-05   0.000613724981325747   0.0181915321933093    
5009                   2.55850062675535e-05   0.000613722703499289   0.018191499416641     
5010                   2.55849337213792e-05   0.000613720429031514   0.0181914667078251    
5011                   2.55848611447097e-05   0.000613718157912961   0.0181914340669215    
5012                   2.55847885377921e-05   0.000613715890133885   0.018191401493988     
5013                   2.55847159008793e-05   0.000613713625684269   0.0181913689890803    
5014                   2.55846432342279e-05   0.000613711364553913   0.0181913365522524    
5015                   2.55845705380994e-05   0.000613709106732343   0.0181913041835561    
5016                   2.55844978127585e-05   0.000613706852208717   0.0181912718830412    
5017                   2.55844250584733e-05   0.000613704600972115   0.0181912396507558    
5018                   2.55843522755156e-05   0.000613702353011114   0.018191207486746     
5019                   2.55842794641607e-05   0.000613700108314161   0.0181911753910558    
5020                   2.55842066246898e-05   0.000613697866869399   0.0181911433637275    
5021                   2.55841337573864e-05   0.000613695628664697   0.0181911114048017    
5022                   2.55840608625372e-05   0.000613693393687684   0.0181910795143168    
5023                   2.55839879404348e-05   0.000613691161925647   0.0181910476923097    
5024                   2.5583914991372e-05    0.000613688933365824   0.0181910159388153    
5025                   2.55838420156463e-05   0.000613686707995066   0.018190984253866     
5026                   2.55837690135563e-05   0.00061368448579989    0.0181909526374913    
5027                   2.55836959854058e-05   0.000613682266766629   0.0181909210897183    
5028                   2.55836229315059e-05   0.000613680050881601   0.0181908896105748    
5029                   2.55835498521683e-05   0.000613677838130837   0.0181908582000868    
5030                   2.55834767477073e-05   0.000613675628500265   0.0181908268582788    
5031                   2.558340361844e-05     0.000613673421975661   0.0181907955851739    
5032                   2.55833304646885e-05   0.000613671218542694   0.0181907643807932    
5033                   2.55832572867767e-05   0.00061366901818698    0.0181907332451566    
5034                   2.55831840850326e-05   0.000613666820893954   0.0181907021782823    
5035                   2.55831108597852e-05   0.000613664626649084   0.0181906711801868    
5036                   2.55830376113677e-05   0.00061366243543775    0.0181906402508853    
5037                   2.55829643401166e-05   0.000613660247245267   0.018190609390391     
5038                   2.55828910463641e-05   0.00061365806205682    0.0181905785987124    
5039                   2.55828177304338e-05   0.000613655879856977   0.0181905478758475    
5040                   2.55827443926848e-05   0.000613653700631466   0.0181905172218105    
5041                   2.55826710334717e-05   0.000613651524365847   0.0181904866366118    
5042                   2.55825976531457e-05   0.000613649351045697   0.0181904561202592    
5043                   2.55825242520599e-05   0.000613647180656606   0.0181904256727582    
5044                   2.55824508305704e-05   0.000613645013184264   0.0181903952941125    
5045                   2.55823773890337e-05   0.000613642848614334   0.0181903649843242    
5046                   2.558230392781e-05     0.000613640686932711   0.0181903347433937    
5047                   2.55822304472608e-05   0.00061363852812539    0.0181903045713201    
5048                   2.55821569477504e-05   0.000613636372178474   0.0181902744681012    
5049                   2.55820834295916e-05   0.000613634219079596   0.018190244433733     
5050                   2.55820098931281e-05   0.000613632068813677   0.0181902144682109    
5051                   2.55819363388007e-05   0.000613629921367723   0.0181901845715286    
5052                   2.55818627670784e-05   0.000613627776728369   0.0181901547436785    
5053                   2.55817891783484e-05   0.000613625634882319   0.0181901249846518    
5054                   2.55817155729514e-05   0.000613623495816741   0.0181900952944384    
5055                   2.55816419512291e-05   0.000613621359519039   0.0181900656730269    
5056                   2.55815683135475e-05   0.000613619225976935   0.018190036120405     
5057                   2.55814946602873e-05   0.000613617095178238   0.0181900066365591    
5058                   2.55814209918339e-05   0.000613614967110962   0.0181899772214744    
5059                   2.55813473085731e-05   0.000613612841763303   0.018189947875135     
5060                   2.55812736108932e-05   0.000613610719123679   0.0181899185975238    
5061                   2.55811998991859e-05   0.000613608599180642   0.0181898893886228    
5062                   2.55811261738464e-05   0.000613606481923074   0.0181898602484126    
5063                   2.55810524352719e-05   0.000613604367339981   0.0181898311768729    
5064                   2.55809786838613e-05   0.000613602255420653   0.0181898021739824    
5065                   2.55809049200131e-05   0.00061360014615447    0.0181897732397185    
5066                   2.55808311441272e-05   0.000613598039531035   0.0181897443740579    
5067                   2.55807573566059e-05   0.000613595935540065   0.018189715576976     
5068                   2.55806835578538e-05   0.000613593834171634   0.0181896868484472    
5069                   2.55806097482762e-05   0.000613591735415855   0.018189658188445     
5070                   2.55805359282824e-05   0.000613589639263033   0.0181896295969419    
5071                   2.55804620982819e-05   0.000613587545703674   0.0181896010739093    
5072                   2.5580388258686e-05    0.000613585454728438   0.0181895726193176    
5073                   2.55803144099068e-05   0.000613583366328095   0.0181895442331364    
5074                   2.55802405523582e-05   0.000613581280493561   0.0181895159153342    
5075                   2.55801666864555e-05   0.000613579197215867   0.0181894876658784    
5076                   2.55800928126139e-05   0.000613577116486243   0.0181894594847358    
5077                   2.55800189312499e-05   0.000613575038295938   0.0181894313718719    
5078                   2.55799450427793e-05   0.000613572962636418   0.0181894033272513    
5079                   2.5579871147618e-05    0.00061357088949913    0.0181893753508378    
5080                   2.55797972461863e-05   0.000613568818875743   0.0181893474425942    
5081                   2.55797233389059e-05   0.000613566750757862   0.0181893196024821    
5082                   2.5579649426199e-05    0.000613564685137269   0.0181892918304625    
5083                   2.55795755084886e-05   0.000613562622005749   0.0181892641264953    
5084                   2.55795015861986e-05   0.000613560561355218   0.0181892364905394    
5085                   2.55794276597544e-05   0.000613558503177632   0.018189208922553     
5086                   2.55793537295829e-05   0.000613556447464941   0.018189181422493     
5087                   2.55792797961127e-05   0.000613554394209221   0.0181891539903157    
5088                   2.55792058597713e-05   0.000613552343402481   0.0181891266259763    
5089                   2.55791319209877e-05   0.000613550295036829   0.0181890993294288    
5090                   2.55790579801826e-05   0.000613548249103991   0.0181890721006189    
5091                   2.55789840377862e-05   0.000613546205595878   0.0181890449394955    
5092                   2.55789100942332e-05   0.000613544164504552   0.0181890178460086    
5093                   2.55788361499574e-05   0.000613542125822159   0.0181889908201089    
5094                   2.55787622053884e-05   0.000613540089540739   0.0181889638617444    
5095                   2.5578688260937e-05    0.00061353805565166    0.018188936970852     
5096                   2.55786143170512e-05   0.00061353602414734    0.0181889101473837    
5097                   2.55785403741721e-05   0.000613533995020164   0.0181888833912892    
5098                   2.5578466432736e-05    0.000613531968262325   0.0181888567025164    
5099                   2.5578392493178e-05    0.000613529943866067   0.0181888300810114    
5100                   2.55783185559305e-05   0.000613527921823638   0.018188803526719     
5101                   2.55782446214285e-05   0.000613525902127082   0.0181887770395825    
5102                   2.55781706901055e-05   0.000613523884768574   0.0181887506195444    
5103                   2.55780967623955e-05   0.000613521869740206   0.0181887242665458    
5104                   2.55780228387328e-05   0.0006135198570341     0.0181886979805271    
5105                   2.5577948919551e-05    0.000613517846642351   0.0181886717614275    
5106                   2.55778750052838e-05   0.000613515838557022   0.0181886456091853    
5107                   2.55778010963644e-05   0.00061351383277028    0.0181886195237376    
5108                   2.55777271932158e-05   0.000613511829273697   0.0181885935050137    
5109                   2.55776532965613e-05   0.000613509828058196   0.018188567552949     
5110                   2.55775794068029e-05   0.000613507829117091   0.0181885416674788    
5111                   2.55775055241982e-05   0.000613505832442188   0.0181885158485372    
5112                   2.55774316490685e-05   0.000613503838025892   0.0181884900960574    
5113                   2.55773577817804e-05   0.000613501845860485   0.0181884644099714    
5114                   2.55772839227515e-05   0.000613499855938027   0.0181884387902098    
5115                   2.55772100724311e-05   0.00061349786825052    0.0181884132367024    
5116                   2.55771362312859e-05   0.000613495882789972   0.0181883877493776    
5117                   2.55770623997835e-05   0.000613493899548406   0.0181883623281631    
5118                   2.55769885783863e-05   0.000613491918517935   0.0181883369729855    
5119                   2.55769147675452e-05   0.000613489939690751   0.0181883116837703    
5120                   2.55768409677e-05      0.000613487963059004   0.0181882864604423    
5121                   2.55767671792854e-05   0.000613485988614929   0.0181882613029253    
5122                   2.55766934027335e-05   0.000613484016350794   0.018188236211142     
5123                   2.55766196384754e-05   0.000613482046258861   0.0181882111850145    
5124                   2.5576545886944e-05    0.000613480078331424   0.0181881862244636    
5125                   2.55764721485709e-05   0.000613478112560928   0.0181881613294095    
5126                   2.55763984237899e-05   0.000613476148939878   0.0181881364997713    
5127                   2.55763247130228e-05   0.000613474187460425   0.0181881117354613    
5128                   2.55762510167079e-05   0.000613472228115179   0.0181880870363968    
5129                   2.557617733528e-05     0.000613470270896832   0.0181880624024946    
5130                   2.55761036691729e-05   0.000613468315798143   0.0181880378336704    
5131                   2.55760300188208e-05   0.000613466362811901   0.0181880133298395    
5132                   2.55759563846555e-05   0.000613464411931048   0.018187988890916     
5133                   2.55758827671117e-05   0.000613462463148561   0.0181879645168134    
5134                   2.5575809166621e-05    0.000613460516457642   0.0181879402074442    
5135                   2.55757355836113e-05   0.000613458571851282   0.0181879159627162    
5136                   2.55756620185149e-05   0.000613456629322677   0.018187891782538     
5137                   2.55755884717648e-05   0.000613454688865212   0.0181878676668192    
5138                   2.55755149437951e-05   0.000613452750472359   0.0181878436154691    
5139                   2.55754414350375e-05   0.000613450814137802   0.0181878196283965    
5140                   2.55753679459225e-05   0.000613448879855244   0.0181877957055093    
5141                   2.55752944768817e-05   0.00061344694761863    0.0181877718467146    
5142                   2.55752210283441e-05   0.000613445017421969   0.0181877480519187    
5143                   2.55751476007413e-05   0.000613443089259386   0.018187724321027     
5144                   2.55750741945015e-05   0.0006134411631251     0.0181877006539441    
5145                   2.55750008100543e-05   0.000613439239013464   0.0181876770505741    
5146                   2.55749274478274e-05   0.000613437316918945   0.0181876535108202    
5147                   2.55748541082496e-05   0.000613435396836205   0.0181876300345846    
5148                   2.55747807917468e-05   0.000613433478759898   0.018187606621769     
5149                   2.55747074987464e-05   0.000613431562684943   0.0181875832722741    
5150                   2.55746342296751e-05   0.000613429648606318   0.0181875599860001    
5151                   2.55745609849567e-05   0.000613427736519108   0.0181875367628461    
5152                   2.55744877650165e-05   0.000613425826418514   0.0181875136027107    
5153                   2.55744145702771e-05   0.000613423918299889   0.0181874905054916    
5154                   2.55743414011632e-05   0.000613422012158675   0.0181874674710859    
5155                   2.55742682580969e-05   0.00061342010799054    0.0181874444993898    
5156                   2.55741951415005e-05   0.000613418205791046   0.0181874215902989    
5157                   2.55741220517943e-05   0.000613416305556062   0.0181873987437075    
5158                   2.55740489893989e-05   0.000613414407281481   0.0181873759595099    
5159                   2.55739759547342e-05   0.000613412510963384   0.0181873532375994    
5160                   2.55739029482188e-05   0.000613410616597875   0.0181873305778686    
5161                   2.55738299702701e-05   0.000613408724181257   0.0181873079802095    
5162                   2.55737570213078e-05   0.000613406833709861   0.0181872854445134    
5163                   2.55736841017488e-05   0.000613404945180193   0.0181872629706709    
5164                   2.55736112120092e-05   0.000613403058588784   0.0181872405585718    
5165                   2.55735383525059e-05   0.000613401173932346   0.0181872182081057    
5166                   2.55734655236394e-05   0.000613399291207171   0.0181871959191543    
5167                   2.55733927258314e-05   0.000613397410410228   0.0181871736916062    
5168                   2.55733199595004e-05   0.000613395531538469   0.0181871515253494    
5169                   2.55732472250618e-05   0.000613393654588986   0.0181871294202711    
5170                   2.55731745229288e-05   0.000613391779558934   0.0181871073762579    
5171                   2.55731018535152e-05   0.000613389906445548   0.0181870853931955    
5172                   2.5573029217233e-05    0.000613388035246124   0.0181870634709692    
5173                   2.55729566144946e-05   0.000613386165958063   0.0181870416094638    
5174                   2.55728840457095e-05   0.000613384298578804   0.0181870198085632    
5175                   2.55728115112777e-05   0.000613382433105619   0.0181869980681462    
5176                   2.55727390115983e-05   0.000613380569535665   0.0181869763880898    
5177                   2.55726665470938e-05   0.000613378707866862   0.0181869547682794    
5178                   2.55725941181797e-05   0.000613376848097026   0.0181869332085988    
5179                   2.55725217252643e-05   0.00061337499022403    0.0181869117089301    
5180                   2.55724493687554e-05   0.000613373134245762   0.0181868902691545    
5181                   2.55723770490592e-05   0.00061337128016008    0.0181868688891524    
5182                   2.55723047665792e-05   0.000613369427964923   0.0181868475688035    
5183                   2.55722325217198e-05   0.000613367577658337   0.0181868263079869    
5184                   2.55721603148862e-05   0.00061336572923826    0.0181868051065812    
5185                   2.55720881464803e-05   0.000613363882702781   0.0181867839644642    
5186                   2.55720160169032e-05   0.000613362038049952   0.0181867628815135    
5187                   2.55719439265553e-05   0.000613360195277904   0.0181867418576059    
5188                   2.55718718757555e-05   0.000613358354386018   0.0181867208926176    
5189                   2.5571799864965e-05    0.000613356515369811   0.0181866999864246    
5190                   2.55717278946016e-05   0.000613354678230454   0.0181866791389021    
5191                   2.55716559650557e-05   0.00061335284296413    0.0181866583499247    
5192                   2.55715840767315e-05   0.000613351009569471   0.0181866376193668    
5193                   2.55715122300664e-05   0.000613349178044657   0.0181866169471021    
5194                   2.55714404254698e-05   0.000613347348387737   0.0181865963330037    
5195                   2.5571368663318e-05    0.000613345520596978   0.0181865757769443    
5196                   2.55712969439789e-05   0.000613343694670712   0.0181865552787962    
5197                   2.55712252678278e-05   0.000613341870607101   0.0181865348384306    
5198                   2.55711536352373e-05   0.000613340048404161   0.0181865144557136    
5199                   2.5571082046596e-05    0.000613338228060011   0.0181864941305154    
5200                   2.55710105022915e-05   0.000613336409572929   0.0181864738627063    
5201                   2.55709390027113e-05   0.000613334592941197   0.0181864536521566    
5202                   2.5570867548231e-05    0.000613332778162847   0.018186433498733     
5203                   2.55707961392075e-05   0.000613330965235159   0.0181864134022918    
5204                   2.55707247757529e-05   0.000613329154149288   0.0181863933625795    
5205                   2.55706534582461e-05   0.000613327344903196   0.0181863733794192    
5206                   2.55705821871301e-05   0.000613325537498813   0.0181863534526708    
5207                   2.55705109628185e-05   0.000613323731938776   0.0181863335822002    
5208                   2.55704397857119e-05   0.000613321928225214   0.0181863137678773    
5209                   2.55703686562066e-05   0.000613320126359585   0.0181862940095752    
5210                   2.55702975747035e-05   0.000613318326343272   0.0181862743071688    
5211                   2.55702265416052e-05   0.000613316528178425   0.0181862546605336    
5212                   2.55701555573005e-05   0.000613314731867546   0.0181862350695404    
5213                   2.55700846221833e-05   0.000613312937413476   0.0181862155340628    
5214                   2.55700137366524e-05   0.000613311144818445   0.0181861960539772    
5215                   2.55699429010944e-05   0.000613309354083648   0.0181861766291583    
5216                   2.55698721158906e-05   0.000613307565209264   0.0181861572594796    
5217                   2.55698013814167e-05   0.000613305778195217   0.0181861379448134    
5218                   2.55697306980447e-05   0.00061330399304156    0.0181861186850309    
5219                   2.55696600661416e-05   0.00061330220974829    0.0181860994800021    
5220                   2.55695894860734e-05   0.00061330042831539    0.0181860803295963    
5221                   2.55695189582015e-05   0.00061329864874251    0.0181860612336817    
5222                   2.55694484828859e-05   0.00061329687102866    0.0181860421921255    
5223                   2.55693780604859e-05   0.000613295095172689   0.0181860232047942    
5224                   2.55693076913561e-05   0.000613293321173122   0.0181860042715536    
5225                   2.55692373758513e-05   0.00061329154902841    0.0181859853922687    
5226                   2.55691671143262e-05   0.000613289778736883   0.0181859665668039    
5227                   2.55690969071336e-05   0.000613288010296747   0.0181859477950229    
5228                   2.55690267546265e-05   0.000613286243706205   0.018185929076789     
5229                   2.55689566571547e-05   0.000613284478963243   0.0181859104119649    
5230                   2.55688866150443e-05   0.000613282716065122   0.0181858918004037    
5231                   2.55688166286567e-05   0.000613280955009747   0.0181858732419688    
5232                   2.5568746698348e-05    0.000613279195795015   0.0181858547365231    
5233                   2.55686768244676e-05   0.000613277438418651   0.0181858362839285    
5234                   2.55686070073627e-05   0.000613275682878472   0.0181858178840459    
5235                   2.55685372473797e-05   0.000613273929172076   0.0181857995367358    
5236                   2.55684675448524e-05   0.000613272177296937   0.0181857812418548    
5237                   2.5568397900121e-05    0.00061327042725045    0.0181857629992604    
5238                   2.5568328313533e-05    0.000613268679030286   0.0181857448088124    
5239                   2.55682587854311e-05   0.000613266932634164   0.0181857266703704    
5240                   2.55681893161559e-05   0.000613265188059662   0.0181857085837935    
5241                   2.55681199060459e-05   0.000613263445304524   0.0181856905489406    
5242                   2.55680505554368e-05   0.000613261704366384   0.0181856725656695    
5243                   2.55679812646634e-05   0.000613259965242831   0.0181856546338371    
5244                   2.55679120340612e-05   0.000613258227931607   0.0181856367533009    
5245                   2.55678428639637e-05   0.00061325649243048    0.0181856189239184    
5246                   2.55677737547046e-05   0.000613254758737188   0.0181856011455469    
5247                   2.55677047066143e-05   0.000613253026849527   0.0181855834180434    
5248                   2.55676357200217e-05   0.00061325129676537    0.0181855657412644    
5249                   2.55675667952556e-05   0.000613249568482573   0.0181855481150662    
5250                   2.55674979326433e-05   0.000613247841999021   0.0181855305393049    
5251                   2.55674291325086e-05   0.000613246117312605   0.0181855130138362    
5252                   2.5567360395174e-05    0.000613244394421291   0.0181854955385149    
5253                   2.55672917209646e-05   0.000613242673323059   0.0181854781131966    
5254                   2.5567223110203e-05    0.000613240954015924   0.0181854607377366    
5255                   2.55671545632093e-05   0.000613239236498013   0.0181854434119897    
5256                   2.55670860803015e-05   0.000613237520767382   0.0181854261358106    
5257                   2.55670176617958e-05   0.00061323580682228    0.0181854089090537    
5258                   2.55669493080062e-05   0.000613234094660951   0.0181853917315731    
5259                   2.5566881019246e-05    0.000613232384281646   0.018185374603223     
5260                   2.55668127958265e-05   0.000613230675682697   0.018185357523857     
5261                   2.55667446380589e-05   0.000613228968862484   0.0181853404933288    
5262                   2.55666765462464e-05   0.000613227263819225   0.0181853235114891    
5263                   2.55666085206956e-05   0.000613225560551302   0.0181853065781895    
5264                   2.5566540561713e-05    0.00061322385905716    0.0181852896932825    
5265                   2.55664726696027e-05   0.000613222159335325   0.018185272856621     
5266                   2.55664048446666e-05   0.000613220461384393   0.0181852560680581    
5267                   2.55663370872059e-05   0.000613218765203016   0.0181852393274466    
5268                   2.55662693975202e-05   0.00061321707078992    0.0181852226346393    
5269                   2.55662017759061e-05   0.000613215378143797   0.0181852059894886    
5270                   2.55661342226591e-05   0.000613213687263452   0.018185189391847     
5271                   2.55660667380728e-05   0.000613211998147715   0.0181851728415668    
5272                   2.55659993224398e-05   0.000613210310795398   0.0181851563385003    
5273                   2.55659319760508e-05   0.000613208625205447   0.0181851398824993    
5274                   2.55658646991957e-05   0.000613206941376786   0.0181851234734158    
5275                   2.55657974921615e-05   0.000613205259308318   0.0181851071111017    
5276                   2.55657303552355e-05   0.000613203578999039   0.0181850907954085    
5277                   2.55656632886998e-05   0.000613201900447994   0.0181850745261879    
5278                   2.55655962928383e-05   0.000613200223654178   0.0181850583032912    
5279                   2.55655293679308e-05   0.0006131985486167     0.0181850421265697    
5280                   2.55654625142553e-05   0.000613196875334601   0.0181850259958748    
5281                   2.55653957320894e-05   0.000613195203806974   0.0181850099110576    
5282                   2.55653290217076e-05   0.000613193534032988   0.0181849938719691    
5283                   2.55652623833838e-05   0.000613191866011733   0.0181849778784604    
5284                   2.55651958173883e-05   0.000613190199742359   0.0181849619303821    
5285                   2.55651293239916e-05   0.00061318853522405    0.0181849460275849    
5286                   2.55650629034603e-05   0.00061318687245598    0.0181849301699195    
5287                   2.55649965560598e-05   0.000613185211437248   0.0181849143572364    
5288                   2.55649302820557e-05   0.00061318355216711    0.0181848985893859    
5289                   2.55648640817093e-05   0.000613181894644716   0.0181848828662182    
5290                   2.55647979552811e-05   0.000613180238869288   0.0181848671875836    
5291                   2.55647319030284e-05   0.000613178584839962   0.0181848515533319    
5292                   2.55646659252077e-05   0.000613176932555942   0.0181848359633132    
5293                   2.55646000220718e-05   0.000613175282016438   0.018184820417377     
5294                   2.55645341938737e-05   0.000613173633220602   0.0181848049153731    
5295                   2.5564468440863e-05    0.00061317198616756    0.018184789457151     
5296                   2.55644027632896e-05   0.000613170340856481   0.0181847740425601    
5297                   2.55643371613995e-05   0.000613168697286509   0.0181847586714497    
5298                   2.55642716354369e-05   0.000613167055456787   0.0181847433436689    
5299                   2.55642061856437e-05   0.000613165415366472   0.0181847280590669    
5300                   2.55641408122598e-05   0.000613163777014632   0.0181847128174927    
5301                   2.55640755155236e-05   0.000613162140400412   0.0181846976187951    
5302                   2.55640102956717e-05   0.000613160505522851   0.0181846824628229    
5303                   2.55639451529385e-05   0.000613158872381047   0.0181846673494248    
5304                   2.55638800875569e-05   0.000613157240974056   0.0181846522784494    
5305                   2.55638150997571e-05   0.000613155611300898   0.0181846372497451    
5306                   2.55637501897679e-05   0.000613153983360599   0.0181846222631603    
5307                   2.5563685357815e-05    0.000613152357152184   0.0181846073185434    
5308                   2.5563620604124e-05    0.000613150732674639   0.0181845924157424    
5309                   2.55635559289169e-05   0.000613149109926899   0.0181845775546056    
5310                   2.5563491332416e-05    0.000613147488907919   0.0181845627349809    
5311                   2.55634268148374e-05   0.000613145869616574   0.0181845479567156    
5312                   2.55633623763924e-05   0.00061314425205159    0.0181845332196549    
5313                   2.55632980172995e-05   0.00061314263621184    0.0181845185236466    
5314                   2.55632337377736e-05   0.000613141022096176   0.0181845038685384    
5315                   2.55631695380276e-05   0.000613139409703404   0.0181844892541779    
5316                   2.55631054182698e-05   0.000613137799032349   0.0181844746804125    
5317                   2.55630413787078e-05   0.000613136190081825   0.0181844601470898    
5318                   2.55629774195458e-05   0.000613134582850622   0.018184445654057     
5319                   2.55629135409863e-05   0.000613132977337434   0.0181844312011616    
5320                   2.55628497432315e-05   0.000613131373541062   0.0181844167882507    
5321                   2.55627860264801e-05   0.000613129771460257   0.0181844024151718    
5322                   2.55627223909302e-05   0.000613128171093673   0.0181843880817718    
5323                   2.55626588367766e-05   0.00061312657244004    0.0181843737878981    
5324                   2.55625953642116e-05   0.000613124975498081   0.0181843595333978    
5325                   2.55625319734272e-05   0.000613123380266402   0.0181843453181179    
5326                   2.55624686646129e-05   0.000613121786743692   0.0181843311419055    
5327                   2.55624054379564e-05   0.000613120194928559   0.0181843170046079    
5328                   2.55623422936431e-05   0.000613118604819603   0.0181843029060719    
5329                   2.55622792318566e-05   0.000613117016415474   0.0181842888461448    
5330                   2.55622162527774e-05   0.000613115429714767   0.0181842748246737    
5331                   2.55621533565865e-05   0.000613113844716036   0.0181842608415058    
5332                   2.556209054346e-05     0.000613112261417947   0.0181842468964881    
5333                   2.55620278135731e-05   0.00061311067981898    0.018184232989468     
5334                   2.55619651670998e-05   0.000613109099917711   0.0181842191202927    
5335                   2.55619026042104e-05   0.000613107521712748   0.0181842052888094    
5336                   2.5561840125075e-05    0.000613105945202542   0.0181841914948655    
5337                   2.55617777298601e-05   0.000613104370385738   0.0181841777383085    
5338                   2.55617154187296e-05   0.000613102797260785   0.0181841640189859    
5339                   2.55616531918464e-05   0.000613101225826329   0.0181841503367453    
5340                   2.55615910493722e-05   0.000613099656080856   0.0181841366914344    
5341                   2.55615289914656e-05   0.000613098088022854   0.0181841230829011    
5342                   2.55614670182843e-05   0.000613096521650929   0.0181841095109932    
5343                   2.55614051299822e-05   0.000613094956963587   0.0181840959755587    
5344                   2.55613433267129e-05   0.000613093393959393   0.0181840824764459    
5345                   2.55612816086263e-05   0.000613091832636853   0.0181840690135029    
5346                   2.55612199758714e-05   0.000613090272994565   0.0181840555865782    
5347                   2.55611584285957e-05   0.000613088715031079   0.0181840421955202    
5348                   2.5561096966944e-05    0.000613087158744962   0.0181840288401777    
5349                   2.55610355910579e-05   0.000613085604134775   0.0181840155203994    
5350                   2.55609743010771e-05   0.000613084051199123   0.0181840022360345    
5351                   2.55609130971413e-05   0.000613082499936629   0.0181839889869319    
5352                   2.5560851979386e-05    0.000613080950345902   0.0181839757729411    
5353                   2.55607909479458e-05   0.00061307940242552    0.0181839625939116    
5354                   2.55607300029515e-05   0.000613077856174246   0.018183949449693     
5355                   2.55606691445352e-05   0.000613076311590673   0.0181839363401352    
5356                   2.55606083728232e-05   0.000613074768673531   0.0181839232650884    
5357                   2.55605476879414e-05   0.00061307322742151    0.0181839102244027    
5358                   2.55604870900144e-05   0.000613071687833329   0.0181838972179288    
5359                   2.55604265791633e-05   0.000613070149907775   0.0181838842455173    
5360                   2.55603661555084e-05   0.000613068613643583   0.0181838713070191    
5361                   2.55603058191681e-05   0.000613067079039554   0.0181838584022854    
5362                   2.55602455702219e-05   0.000613065546093462   0.0181838455311562    
5363                   2.55601854087895e-05   0.000613064014803975   0.0181838326934812    
5364                   2.5560125335011e-05    0.000613062485170503   0.0181838198891182    
5365                   2.55600653490074e-05   0.000613060957192429   0.0181838071179241    
5366                   2.55600054508891e-05   0.000613059430868906   0.0181837943797539    
5367                   2.55599456407606e-05   0.000613057906199034   0.0181837816744614    
5368                   2.55598859187236e-05   0.000613056383181822   0.0181837690018997    
5369                   2.55598262848756e-05   0.000613054861816223   0.0181837563619219    
5370                   2.55597667393161e-05   0.000613053342101202   0.018183743754381     
5371                   2.55597072821419e-05   0.00061305182403578    0.0181837311791307    
5372                   2.55596479134495e-05   0.000613050307618974   0.0181837186360246    
5373                   2.55595886333321e-05   0.000613048792849789   0.0181837061249169    
5374                   2.5559529441883e-05    0.000613047279727434   0.0181836936456618    
5375                   2.5559470339192e-05    0.000613045768251006   0.018183681198114     
5376                   2.55594113253497e-05   0.000613044258419704   0.0181836687821286    
5377                   2.55593524004411e-05   0.000613042750232687   0.0181836563975606    
5378                   2.5559293564552e-05    0.000613041243689239   0.0181836440442654    
5379                   2.55592348177656e-05   0.000613039738788504   0.0181836317220987    
5380                   2.55591761601628e-05   0.000613038235529822   0.0181836194309166    
5381                   2.55591175918227e-05   0.000613036733912447   0.018183607170575     
5382                   2.55590591128254e-05   0.000613035233935735   0.0181835949409305    
5383                   2.55590007232464e-05   0.00061303373559898    0.0181835827418397    
5384                   2.55589424231591e-05   0.000613032238901548   0.0181835705731596    
5385                   2.5558884212636e-05    0.000613030743842838   0.0181835584347474    
5386                   2.55588260917487e-05   0.000613029250422153   0.0181835463264605    
5387                   2.55587680605669e-05   0.000613027758639008   0.0181835342481567    
5388                   2.55587101191579e-05   0.000613026268492753   0.018183522199694     
5389                   2.55586522675862e-05   0.000613024779982881   0.0181835101809307    
5390                   2.55585945059165e-05   0.000613023293108784   0.0181834981917254    
5391                   2.555853683421e-05     0.000613021807869934   0.0181834862319371    
5392                   2.55584792525294e-05   0.000613020324265822   0.0181834743014247    
5393                   2.5558421760933e-05    0.000613018842295974   0.018183462400048     
5394                   2.55583643594795e-05   0.000613017361959811   0.0181834505276665    
5395                   2.55583070482246e-05   0.000613015883256943   0.0181834386841404    
5396                   2.55582498272212e-05   0.00061301440618679    0.01818342686933      
5397                   2.55581926965228e-05   0.000613012930748909   0.0181834150830961    
5398                   2.55581356561805e-05   0.000613011456942833   0.0181834033252997    
5399                   2.55580787062438e-05   0.000613009984768111   0.018183391595802     
5400                   2.55580218467621e-05   0.000613008514224283   0.0181833798944648    
5401                   2.55579650777813e-05   0.00061300704531091    0.01818336822115      
5402                   2.55579083993455e-05   0.000613005578027592   0.0181833565757198    
5403                   2.55578518114995e-05   0.000613004112373796   0.0181833449580368    
5404                   2.5557795314284e-05    0.000613002648349145   0.0181833333679641    
5405                   2.55577389077404e-05   0.000613001185953211   0.0181833218053648    
5406                   2.55576825919072e-05   0.00061299972518557    0.0181833102701026    
5407                   2.55576263668224e-05   0.000612998266045809   0.0181832987620413    
5408                   2.55575702325209e-05   0.000612996808533496   0.0181832872810452    
5409                   2.55575141890382e-05   0.000612995352648173   0.0181832758269788    
5410                   2.55574582364072e-05   0.00061299389838947    0.0181832643997072    
5411                   2.55574023746597e-05   0.000612992445756937   0.0181832529990954    
5412                   2.5557346603825e-05    0.000612990994750195   0.0181832416250092    
5413                   2.55572909239308e-05   0.000612989545368818   0.0181832302773143    
5414                   2.55572353350061e-05   0.000612988097612353   0.0181832189558772    
5415                   2.5557179837076e-05    0.000612986651480419   0.0181832076605642    
5416                   2.55571244301654e-05   0.000612985206972602   0.0181831963912425    
5417                   2.55570691142971e-05   0.000612983764088459   0.0181831851477791    
5418                   2.55570138894924e-05   0.000612982322827605   0.0181831739300418    
5419                   2.55569587557717e-05   0.000612980883189602   0.0181831627378985    
5420                   2.55569037131534e-05   0.000612979445174096   0.0181831515712175    
5421                   2.55568487616556e-05   0.000612978008780584   0.0181831404298674    
5422                   2.55567939012947e-05   0.000612976574008687   0.0181831293137171    
5423                   2.55567391320857e-05   0.000612975140858049   0.0181831182226359    
5424                   2.55566844540414e-05   0.00061297370932819    0.0181831071564936    
5425                   2.55566298671741e-05   0.00061297227941873    0.0181830961151602    
5426                   2.55565753714937e-05   0.000612970851129239   0.0181830850985062    
5427                   2.55565209670125e-05   0.000612969424459347   0.0181830741064022    
5428                   2.55564666537379e-05   0.000612967999408617   0.0181830631387195    
5429                   2.55564124316771e-05   0.000612966575976697   0.0181830521953293    
5430                   2.55563583008366e-05   0.000612965154163169   0.0181830412761037    
5431                   2.55563042612207e-05   0.000612963733967642   0.0181830303809148    
5432                   2.55562503128334e-05   0.000612962315389742   0.0181830195096352    
5433                   2.55561964556762e-05   0.000612960898429094   0.0181830086621377    
5434                   2.55561426897517e-05   0.000612959483085324   0.0181829978382956    
5435                   2.5556089015058e-05    0.000612958069358017   0.0181829870379828    
5436                   2.5556035431595e-05    0.000612956657246844   0.018182976261073     
5437                   2.55559819393605e-05   0.000612955246751438   0.0181829655074408    
5438                   2.55559285383512e-05   0.000612953837871419   0.0181829547769609    
5439                   2.5555875228561e-05    0.000612952430606538   0.0181829440695085    
5440                   2.55558220099836e-05   0.000612951024956416   0.0181829333849591    
5441                   2.55557688826132e-05   0.00061294962092066    0.0181829227231886    
5442                   2.55557158464409e-05   0.000612948218499047   0.0181829120840732    
5443                   2.55556629014575e-05   0.000612946817691183   0.0181829014674896    
5444                   2.55556100476529e-05   0.000612945418496801   0.0181828908733149    
5445                   2.55555572850155e-05   0.000612944020915622   0.0181828803014264    
5446                   2.55555046135324e-05   0.000612942624947318   0.018182869751702     
5447                   2.55554520331893e-05   0.000612941230591708   0.0181828592240198    
5448                   2.55553995439722e-05   0.00061293983784848    0.0181828487182584    
5449                   2.55553471458655e-05   0.00061293844671739    0.0181828382342967    
5450                   2.55552948388519e-05   0.000612937057198213   0.0181828277720142    
5451                   2.55552426229137e-05   0.00061293566929068    0.0181828173312904    
5452                   2.55551904980331e-05   0.000612934282994622   0.0181828069120056    
5453                   2.55551384641887e-05   0.000612932898309808   0.0181827965140402    
5454                   2.5555086521361e-05    0.000612931515236068   0.0181827861372752    
5455                   2.55550346695279e-05   0.000612930133773185   0.0181827757815919    
5456                   2.55549829086671e-05   0.000612928753921084   0.0181827654468719    
5457                   2.55549312387547e-05   0.000612927375679569   0.0181827551329973    
5458                   2.55548796597671e-05   0.0006129259990485     0.0181827448398506    
5459                   2.55548281716786e-05   0.000612924624027758   0.0181827345673148    
5460                   2.55547767744622e-05   0.000612923250617183   0.0181827243152731    
5461                   2.55547254680914e-05   0.000612921878816719   0.0181827140836091    
5462                   2.55546742525387e-05   0.000612920508626253   0.0181827038722071    
5463                   2.55546231277768e-05   0.000612919140045745   0.0181826936809513    
5464                   2.55545720937752e-05   0.000612917773075105   0.0181826835097269    
5465                   2.55545211505032e-05   0.000612916407714326   0.018182673358419     
5466                   2.55544702979309e-05   0.000612915043963348   0.0181826632269134    
5467                   2.55544195360258e-05   0.000612913681822183   0.018182653115096     
5468                   2.55543688647564e-05   0.000612912321290733   0.0181826430228536    
5469                   2.55543182840899e-05   0.000612910962369047   0.0181826329500729    
5470                   2.55542677939925e-05   0.000612909605057137   0.0181826228966412    
5471                   2.55542173944294e-05   0.000612908249355008   0.0181826128624464    
5472                   2.55541670853658e-05   0.000612906895262723   0.0181826028473764    
5473                   2.55541168667661e-05   0.000612905542780309   0.0181825928513198    
5474                   2.55540667385937e-05   0.000612904191907791   0.0181825828741656    
5475                   2.55540167008111e-05   0.000612902842645203   0.0181825729158029    
5476                   2.55539667533819e-05   0.000612901494992663   0.0181825629761215    
5477                   2.55539168962681e-05   0.000612900148950247   0.0181825530550115    
5478                   2.55538671294305e-05   0.00061289880451798    0.0181825431523635    
5479                   2.55538174528301e-05   0.000612897461696002   0.0181825332680684    
5480                   2.5553767866427e-05    0.000612896120484384   0.0181825234020176    
5481                   2.55537183701815e-05   0.000612894780883248   0.0181825135541029    
5482                   2.55536689640533e-05   0.00061289344289268    0.0181825037242163    
5483                   2.55536196480007e-05   0.000612892106512808   0.0181824939122505    
5484                   2.55535704219824e-05   0.000612890771743708   0.0181824841180983    
5485                   2.55535212859563e-05   0.000612889438585557   0.0181824743416532    
5486                   2.55534722398799e-05   0.000612888107038409   0.0181824645828089    
5487                   2.55534232837114e-05   0.000612886777102432   0.0181824548414595    
5488                   2.55533744174058e-05   0.00061288544877772    0.0181824451174996    
5489                   2.55533256409196e-05   0.00061288412206441    0.0181824354108241    
5490                   2.55532769542085e-05   0.00061288279696261    0.0181824257213285    
5491                   2.55532283572286e-05   0.000612881473472451   0.0181824160489083    
5492                   2.55531798499351e-05   0.000612880151594058   0.0181824063934599    
5493                   2.55531314322811e-05   0.000612878831327572   0.0181823967548797    
5494                   2.55530831042236e-05   0.000612877512673062   0.0181823871330646    
5495                   2.55530348657144e-05   0.000612876195630735   0.018182377527912     
5496                   2.55529867167088e-05   0.000612874880200637   0.0181823679393197    
5497                   2.55529386571584e-05   0.000612873566382888   0.0181823583671858    
5498                   2.55528906870175e-05   0.00061287225417758    0.0181823488114087    
5499                   2.5552842806238e-05    0.000612870943584831   0.0181823392718874    
5500                   2.55527950147731e-05   0.0006128696346047     0.0181823297485213    
5501                   2.55527473125744e-05   0.000612868327237347   0.01818232024121      
5502                   2.55526996995944e-05   0.000612867021482797   0.0181823107498536    
5503                   2.5552652175783e-05    0.000612865717341187   0.0181823012743527    
5504                   2.55526047411459e-05   0.000612864414811917   0.0181822918146083    
5505                   2.55525573955899e-05   0.000612863113896396   0.0181822823705213    
5506                   2.55525101390566e-05   0.000612861814593211   0.0181822729419937    
5507                   2.55524629715008e-05   0.000612860516903374   0.0181822635289275    
5508                   2.55524158928659e-05   0.000612859220826753   0.018182254131225     
5509                   2.55523689030754e-05   0.000612857926363445   0.0181822447487895    
5510                   2.55523220020681e-05   0.00061285663351356    0.018182235381524     
5511                   2.55522751898041e-05   0.00061285534227711    0.0181822260293324    
5512                   2.5552228466246e-05    0.000612854052654103   0.0181822166921186    
5513                   2.55521818313529e-05   0.000612852764644484   0.018182207369787     
5514                   2.55521352850781e-05   0.000612851478248249   0.0181821980622425    
5515                   2.5552088827371e-05    0.000612850193465399   0.0181821887693902    
5516                   2.55520424581819e-05   0.000612848910295927   0.0181821794911357    
5517                   2.55519961774591e-05   0.00061284762873983    0.018182170227385     
5518                   2.55519499851506e-05   0.000612846348797043   0.0181821609780445    
5519                   2.55519038812033e-05   0.000612845070467547   0.0181821517430208    
5520                   2.55518578655654e-05   0.000612843793751255   0.0181821425222213    
5521                   2.55518119381842e-05   0.000612842518648142   0.0181821333155533    
5522                   2.55517660990045e-05   0.000612841245158188   0.0181821241229247    
5523                   2.55517203479737e-05   0.000612839973281289   0.018182114944244     
5524                   2.55516746850374e-05   0.000612838703017363   0.0181821057794198    
5525                   2.55516291101418e-05   0.000612837434366356   0.0181820966283612    
5526                   2.55515836232326e-05   0.000612836167328184   0.0181820874909776    
5527                   2.55515382242551e-05   0.000612834901902731   0.018182078367179     
5528                   2.55514929131529e-05   0.000612833638089922   0.0181820692568755    
5529                   2.55514476898713e-05   0.000612832375889662   0.0181820601599778    
5530                   2.55514025543524e-05   0.000612831115301837   0.018182051076397     
5531                   2.55513575065412e-05   0.000612829856326369   0.0181820420060446    
5532                   2.55513125463805e-05   0.000612828598963083   0.0181820329488322    
5533                   2.55512676738139e-05   0.00061282734321191    0.0181820239046721    
5534                   2.55512228887825e-05   0.000612826089072676   0.0181820148734769    
5535                   2.55511781912283e-05   0.00061282483654533    0.0181820058551596    
5536                   2.55511335810914e-05   0.000612823585629713   0.0181819968496336    
5537                   2.55510890583139e-05   0.000612822336325644   0.0181819878568127    
5538                   2.55510446228349e-05   0.000612821088633056   0.0181819788766109    
5539                   2.55510002745928e-05   0.000612819842551707   0.0181819699089423    
5540                   2.55509560135131e-05   0.000612818598081009   0.0181819609537176    
5541                   2.55509118395414e-05   0.00061281735522089    0.0181819520108529    
5542                   2.55508677526188e-05   0.00061281611397129    0.0181819430802645    
5543                   2.55508237526826e-05   0.000612814874332102   0.0181819341618689    
5544                   2.55507798396705e-05   0.000612813636303254   0.018181925255583     
5545                   2.55507360135172e-05   0.000612812399884596   0.0181819163613243    
5546                   2.55506922741566e-05   0.000612811165076028   0.0181819074790102    
5547                   2.55506486215226e-05   0.000612809931877448   0.0181818986085588    
5548                   2.55506050555484e-05   0.000612808700288724   0.0181818897498885    
5549                   2.55505615761649e-05   0.000612807470309743   0.018181880902918     
5550                   2.55505181833037e-05   0.000612806241940376   0.0181818720675663    
5551                   2.55504748768944e-05   0.000612805015180559   0.0181818632437529    
5552                   2.55504316568663e-05   0.000612803790030143   0.0181818544313976    
5553                   2.55503885231461e-05   0.000612802566488924   0.0181818456304206    
5554                   2.55503454756606e-05   0.000612801344556823   0.0181818368407424    
5555                   2.55503025143342e-05   0.000612800124233809   0.0181818280622839    
5556                   2.55502596390915e-05   0.000612798905519599   0.0181818192949665    
5557                   2.55502168498544e-05   0.000612797688414108   0.0181818105387117    
5558                   2.55501741465452e-05   0.000612796472917237   0.0181818017934415    
5559                   2.55501315290824e-05   0.000612795259028803   0.0181817930590783    
5560                   2.55500889973852e-05   0.000612794046748751   0.018181784335545     
5561                   2.55500465513693e-05   0.000612792836076908   0.0181817756227648    
5562                   2.55500041909502e-05   0.000612791627013122   0.0181817669206611    
5563                   2.55499619160408e-05   0.000612790419557289   0.0181817582291579    
5564                   2.55499197265514e-05   0.000612789213709249   0.0181817495481793    
5565                   2.55498776223879e-05   0.000612788009468935   0.01818174087765      
5566                   2.55498356034547e-05   0.000612786806836235   0.0181817322174953    
5567                   2.55497936696464e-05   0.000612785605810552   0.018181723567637     
5568                   2.55497518208639e-05   0.000612784406391482   0.018181714927998     
5569                   2.5549710057026e-05    0.000612783208579109   0.018181706298507     
5570                   2.55496683780415e-05   0.000612782012373454   0.0181816976790922    
5571                   2.55496267838129e-05   0.000612780817774501   0.0181816890696815    
5572                   2.55495852742384e-05   0.00061277962478214    0.0181816804702027    
5573                   2.55495438492155e-05   0.000612778433396284   0.0181816718805842    
5574                   2.55495025086399e-05   0.000612777243616836   0.0181816633007544    
5575                   2.55494612524044e-05   0.000612776055443637   0.0181816547306422    
5576                   2.55494200804003e-05   0.000612774868876621   0.0181816461701768    
5577                   2.55493789925166e-05   0.000612773683915663   0.0181816376192879    
5578                   2.55493379886403e-05   0.000612772500560681   0.0181816290779057    
5579                   2.55492970686556e-05   0.000612771318811672   0.0181816205459605    
5580                   2.55492562324441e-05   0.000612770138668475   0.0181816120233833    
5581                   2.55492154798855e-05   0.000612768960130998   0.0181816035101053    
5582                   2.55491748108557e-05   0.000612767783199187   0.0181815950060582    
5583                   2.55491342252303e-05   0.00061276660787296    0.0181815865111742    
5584                   2.55490937228801e-05   0.000612765434152282   0.0181815780253857    
5585                   2.55490533036768e-05   0.000612764262037029   0.0181815695486257    
5586                   2.55490129674855e-05   0.000612763091527179   0.0181815610808275    
5587                   2.55489727141728e-05   0.000612761922622616   0.0181815526219248    
5588                   2.55489325436001e-05   0.000612760755323288   0.0181815441718518    
5589                   2.55488924556284e-05   0.000612759589629155   0.018181535730543     
5590                   2.55488524501148e-05   0.000612758425540109   0.0181815272979334    
5591                   2.55488125269158e-05   0.000612757263056093   0.0181815188739584    
5592                   2.55487726858836e-05   0.000612756102176994   0.0181815104585536    
5593                   2.5548732926869e-05    0.000612754942902793   0.0181815020516553    
5594                   2.55486932497218e-05   0.000612753785233344   0.0181814936532       
5595                   2.55486536542874e-05   0.000612752629168642   0.0181814852631247    
5596                   2.55486141404098e-05   0.000612751474708562   0.0181814768813669    
5597                   2.55485747079304e-05   0.000612750321853058   0.0181814685078641    
5598                   2.55485353565513e-05   0.00061274917060217    0.0181814601425525    
5599                   2.55484960862677e-05   0.000612748020954951   0.0181814517853698    
5600                   2.55484568968394e-05   0.000612746872912211   0.0181814434362551    
5601                   2.55484177880948e-05   0.000612745726473254   0.0181814350951481    
5602                   2.55483787599226e-05   0.000612744581638102   0.0181814267619889    
5603                   2.55483398121787e-05   0.0006127434384067     0.0181814184367178    
5604                   2.55483009447055e-05   0.00061274229677881    0.0181814101192757    
5605                   2.55482621573268e-05   0.000612741156754405   0.0181814018096036    
5606                   2.55482234498577e-05   0.000612740018333414   0.0181813935076434    
5607                   2.55481848221074e-05   0.000612738881515743   0.0181813852133369    
5608                   2.55481462738835e-05   0.000612737746301319   0.0181813769266268    
5609                   2.55481078049943e-05   0.000612736612690011   0.0181813686474558    
5610                   2.55480694152502e-05   0.000612735480681694   0.0181813603757673    
5611                   2.55480311044619e-05   0.000612734350276268   0.0181813521115049    
5612                   2.55479928724394e-05   0.000612733221473626   0.0181813438546127    
5613                   2.55479547189908e-05   0.000612732094273657   0.0181813356050353    
5614                   2.5547916643924e-05    0.000612730968676197   0.0181813273627176    
5615                   2.55478786470443e-05   0.000612729844681128   0.0181813191276049    
5616                   2.55478407281552e-05   0.0006127287222883     0.0181813108996429    
5617                   2.55478028870594e-05   0.000612727601497585   0.0181813026787778    
5618                   2.55477651235554e-05   0.000612726482308816   0.0181812944649558    
5619                   2.55477274374399e-05   0.000612725364721712   0.0181812862581225    
5620                   2.55476898285112e-05   0.00061272424873608    0.0181812780582251    
5621                   2.55476522965645e-05   0.000612723134351715   0.0181812698652113    
5622                   2.5547614841394e-05    0.000612722021568433   0.0181812616790291    
5623                   2.55475774627894e-05   0.000612720910386045   0.0181812534996269    
5624                   2.554754016054e-05     0.000612719800804275   0.0181812453269532    
5625                   2.55475029344328e-05   0.00061271869282283    0.0181812371609561    
5626                   2.55474657842548e-05   0.000612717586441424   0.0181812290015843    
5627                   2.55474287097904e-05   0.000612716481659764   0.0181812208487877    
5628                   2.55473917108247e-05   0.000612715378477683   0.0181812127025168    
5629                   2.55473547871402e-05   0.00061271427689491    0.0181812045627225    
5630                   2.55473179385177e-05   0.000612713176911233   0.0181811964293562    
5631                   2.55472811647369e-05   0.000612712078526428   0.0181811883023697    
5632                   2.55472444655765e-05   0.000612710981740216   0.0181811801817153    
5633                   2.55472078407949e-05   0.00061270988655167    0.0181811720673387    
5634                   2.55471712901793e-05   0.00061270879296078    0.0181811639591945    
5635                   2.55471348135118e-05   0.000612707700967357   0.0181811558572378    
5636                   2.55470984105702e-05   0.00061270661057131    0.0181811477614234    
5637                   2.55470620811271e-05   0.000612705521772435   0.0181811396717066    
5638                   2.55470258249542e-05   0.000612704434570491   0.0181811315880423    
5639                   2.55469896418241e-05   0.000612703348965266   0.018181123510386     
5640                   2.55469535315067e-05   0.000612702264956466   0.0181811154386932    
5641                   2.55469174937731e-05   0.000612701182543807   0.0181811073729199    
5642                   2.55468815283926e-05   0.000612700101726997   0.0181810993130224    
5643                   2.55468456351349e-05   0.00061269902250578    0.0181810912589574    
5644                   2.55468098137684e-05   0.000612697944879786   0.0181810832106818    
5645                   2.5546774064061e-05    0.000612696868848689   0.0181810751681532    
5646                   2.55467383857795e-05   0.00061269579441215    0.0181810671313291    
5647                   2.55467027786928e-05   0.0006126947215698     0.0181810591001679    
5648                   2.55466672425673e-05   0.000612693650321347   0.0181810510746279    
5649                   2.55466317771677e-05   0.000612692580666348   0.018181043054668     
5650                   2.55465963822597e-05   0.000612691512604412   0.0181810350402474    
5651                   2.5546561057609e-05    0.000612690446135222   0.0181810270313257    
5652                   2.55465258029812e-05   0.000612689381258271   0.0181810190278629    
5653                   2.55464906181415e-05   0.00061268831797318    0.0181810110298193    
5654                   2.55464555028535e-05   0.000612687256279475   0.0181810030371553    
5655                   2.5546420456882e-05    0.000612686196176702   0.0181809950498321    
5656                   2.55463854799912e-05   0.000612685137664368   0.0181809870678109    
5657                   2.55463505719447e-05   0.000612684080742045   0.0181809790910537    
5658                   2.5546315732508e-05    0.000612683025409206   0.0181809711195225    
5659                   2.55462809614436e-05   0.000612681971665416   0.01818096315318      
5660                   2.55462462585172e-05   0.000612680919510094   0.0181809551919892    
5661                   2.55462116234929e-05   0.000612679868942747   0.0181809472359132    
5662                   2.55461770561335e-05   0.00061267881996282    0.0181809392849159    
5663                   2.55461425562047e-05   0.000612677772569769   0.0181809313389613    
5664                   2.55461081234714e-05   0.000612676726763066   0.018180923398014     
5665                   2.55460737576975e-05   0.000612675682542108   0.0181809154620387    
5666                   2.55460394586484e-05   0.000612674639906347   0.0181809075310007    
5667                   2.55460052260883e-05   0.000612673598855176   0.0181808996048658    
5668                   2.55459710597839e-05   0.000612672559387991   0.0181808916835999    
5669                   2.55459369595011e-05   0.000612671521504125   0.0181808837671693    
5670                   2.55459029250048e-05   0.000612670485203027   0.0181808758555409    
5671                   2.55458689560632e-05   0.000612669450484016   0.0181808679486819    
5672                   2.55458350524414e-05   0.000612668417346416   0.0181808600465599    
5673                   2.55458012139078e-05   0.000612667385789607   0.0181808521491431    
5674                   2.554576744023e-05     0.000612666355812872   0.0181808442563997    
5675                   2.55457337311764e-05   0.00061266532741555    0.0181808363682987    
5676                   2.55457000865154e-05   0.000612664300596922   0.0181808284848091    
5677                   2.55456665060163e-05   0.000612663275356296   0.0181808206059005    
5678                   2.55456329894483e-05   0.000612662251692981   0.0181808127315428    
5679                   2.55455995365818e-05   0.00061266122960615    0.0181808048617063    
5680                   2.55455661471865e-05   0.000612660209095078   0.0181807969963619    
5681                   2.55455328210638e-05   0.000612659190158667   0.0181807891354808    
5682                   2.55454995579671e-05   0.000612658172796832   0.0181807812790341    
5683                   2.5545466357652e-05    0.000612657157007994   0.0181807734269941    
5684                   2.55454332198975e-05   0.000612656142791936   0.0181807655793327    
5685                   2.55454001444763e-05   0.000612655130147633   0.0181807577360226    
5686                   2.55453671311443e-05   0.000612654119074285   0.0181807498970368    
5687                   2.55453341796705e-05   0.000612653109571076   0.0181807420623485    
5688                   2.55453012898383e-05   0.000612652101637147   0.0181807342319315    
5689                   2.55452684614328e-05   0.000612651095271634   0.0181807264057599    
5690                   2.55452356942372e-05   0.00061265009047359    0.0181807185838079    
5691                   2.55452029880323e-05   0.000612649087242118   0.0181807107660505    
5692                   2.55451703425975e-05   0.000612648085576287   0.0181807029524627    
5693                   2.55451377577129e-05   0.000612647085475124   0.01818069514302      
5694                   2.55451052331579e-05   0.000612646086937651   0.0181806873376982    
5695                   2.55450727687137e-05   0.000612645089962928   0.0181806795364736    
5696                   2.5545040364162e-05    0.000612644094549938   0.0181806717393227    
5697                   2.55450080192858e-05   0.000612643100697725   0.0181806639462224    
5698                   2.55449757338684e-05   0.000612642108405202   0.0181806561571499    
5699                   2.55449435076934e-05   0.000612641117671419   0.0181806483720828    
5700                   2.55449113405383e-05   0.000612640128494928   0.0181806405909954    
5701                   2.55448792321888e-05   0.000612639140874612   0.0181806328138646    
5702                   2.55448471824361e-05   0.000612638154809417   0.0181806250406695    
5703                   2.55448151910683e-05   0.000612637170298234   0.0181806172713893    
5704                   2.5544783257874e-05    0.000612636187340003   0.0181806095060037    
5705                   2.55447513826423e-05   0.000612635205933633   0.0181806017444923    
5706                   2.55447195651619e-05   0.000612634226078016   0.0181805939868355    
5707                   2.55446878052231e-05   0.000612633247772057   0.0181805862330137    
5708                   2.55446561026171e-05   0.000612632271014568   0.0181805784830077    
5709                   2.55446244571369e-05   0.000612631295804522   0.0181805707367987    
5710                   2.55445928685755e-05   0.000612630322140679   0.018180562994368     
5711                   2.55445613367286e-05   0.000612629350021877   0.0181805552556973    
5712                   2.55445298613909e-05   0.000612628379446956   0.0181805475207687    
5713                   2.55444984423588e-05   0.00061262741041471    0.0181805397895644    
5714                   2.55444670794293e-05   0.000612626442923935   0.0181805320620669    
5715                   2.55444357724001e-05   0.000612625476973357   0.0181805243382591    
5716                   2.55444045210712e-05   0.00061262451256182    0.0181805166181241    
5717                   2.55443733252421e-05   0.000612623549688036   0.0181805089016452    
5718                   2.5544342184714e-05    0.00061262258835078    0.0181805011888061    
5719                   2.55443110992878e-05   0.000612621628548735   0.0181804934795906    
5720                   2.5544280068765e-05    0.000612620670280663   0.018180485773983     
5721                   2.55442490929505e-05   0.000612619713545215   0.0181804780719675    
5722                   2.55442181716478e-05   0.000612618758341073   0.0181804703735289    
5723                   2.5544187304662e-05    0.00061261780466697    0.0181804626786522    
5724                   2.5544156491799e-05    0.00061261685252157    0.0181804549873224    
5725                   2.55441257328663e-05   0.000612615901903553   0.0181804472995252    
5726                   2.554409502767e-05     0.000612614952811532   0.0181804396152461    
5727                   2.55440643760199e-05   0.000612614005244244   0.0181804319344712    
5728                   2.55440337777231e-05   0.000612613059200237   0.0181804242571866    
5729                   2.55440032325905e-05   0.000612612114678153   0.0181804165833788    
5730                   2.55439727404336e-05   0.000612611171676662   0.0181804089130345    
5731                   2.5543942301063e-05    0.000612610230194274   0.0181804012461408    
5732                   2.55439119142917e-05   0.000612609290229683   0.0181803935826848    
5733                   2.55438815799327e-05   0.000612608351781522   0.018180385922654     
5734                   2.55438512978002e-05   0.000612607414848332   0.018180378266036     
5735                   2.55438210677082e-05   0.000612606479428718   0.018180370612819     
5736                   2.55437908894725e-05   0.00061260554552125    0.0181803629629911    
5737                   2.55437607629102e-05   0.000612604613124562   0.0181803553165407    
5738                   2.55437306878388e-05   0.000612603682237174   0.0181803476734567    
5739                   2.55437006640761e-05   0.000612602752857669   0.0181803400337278    
5740                   2.55436706914401e-05   0.000612601824984661   0.0181803323973434    
5741                   2.55436407697517e-05   0.000612600898616662   0.0181803247642929    
5742                   2.55436108988293e-05   0.000612599973752291   0.018180317134566     
5743                   2.55435810784955e-05   0.00061259905039003    0.0181803095081525    
5744                   2.55435513085715e-05   0.000612598128528511   0.0181803018850428    
5745                   2.554352158888e-05     0.000612597208166261   0.0181802942652271    
5746                   2.55434919192454e-05   0.000612596289301801   0.0181802866486961    
5747                   2.55434622994919e-05   0.000612595371933697   0.0181802790354407    
5748                   2.55434327294433e-05   0.00061259445606046    0.018180271425452     
5749                   2.55434032089253e-05   0.000612593541680676   0.0181802638187213    
5750                   2.55433737377649e-05   0.000612592628792793   0.0181802562152402    
5751                   2.55433443157897e-05   0.00061259171739543    0.0181802486150005    
5752                   2.55433149428273e-05   0.000612590807487005   0.0181802410179942    
5753                   2.55432856187062e-05   0.00061258989906612    0.0181802334242136    
5754                   2.55432563432557e-05   0.000612588992131267   0.0181802258336513    
5755                   2.55432271163066e-05   0.000612588086680966   0.0181802182462998    
5756                   2.55431979376903e-05   0.000612587182713686   0.0181802106621522    
5757                   2.55431688072371e-05   0.00061258628022794    0.0181802030812016    
5758                   2.55431397247799e-05   0.000612585379222207   0.0181801955034415    
5759                   2.55431106901526e-05   0.000612584479694997   0.0181801879288656    
5760                   2.5543081703189e-05    0.000612583581644756   0.0181801803574676    
5761                   2.55430527637227e-05   0.00061258268507001    0.0181801727892418    
5762                   2.55430238715898e-05   0.000612581789969212   0.0181801652241824    
5763                   2.55429950266258e-05   0.00061258089634086    0.0181801576622841    
5764                   2.55429662286669e-05   0.000612580004183359   0.0181801501035417    
5765                   2.5542937477552e-05    0.000612579113495109   0.0181801425479503    
5766                   2.55429087731194e-05   0.000612578224274666   0.0181801349955051    
5767                   2.55428801152072e-05   0.000612577336520411   0.0181801274462017    
5768                   2.55428515036555e-05   0.000612576450230792   0.0181801199000358    
5769                   2.55428229383041e-05   0.000612575565404185   0.0181801123570035    
5770                   2.55427944189935e-05   0.000612574682039112   0.0181801048171009    
5771                   2.55427659455666e-05   0.000612573800133861   0.0181800972803247    
5772                   2.55427375178659e-05   0.000612572919686897   0.0181800897466714    
5773                   2.55427091357342e-05   0.00061257204069657    0.0181800822161381    
5774                   2.55426807990152e-05   0.000612571163161269   0.0181800746887218    
5775                   2.55426525075543e-05   0.00061257028707941    0.0181800671644202    
5776                   2.55426242611976e-05   0.000612569412449321   0.0181800596432307    
5777                   2.55425960597897e-05   0.000612568539269302   0.0181800521251513    
5778                   2.55425679031776e-05   0.000612567667537747   0.0181800446101802    
5779                   2.55425397912084e-05   0.000612566797252969   0.0181800370983156    
5780                   2.55425117237303e-05   0.000612565928413236   0.0181800295895562    
5781                   2.55424837004935e-05   0.000612565061017065   0.0181800220839006    
5782                   2.55424557214702e-05   0.000612564195062377   0.0181800145813482    
5783                   2.55424277864422e-05   0.000612563330547851   0.0181800070818981    
5784                   2.5542399895261e-05    0.00061256246747147    0.0181799995855497    
5785                   2.55423720478209e-05   0.000612561605831576   0.0181799920923031    
5786                   2.55423442439916e-05   0.000612560745626389   0.0181799846021581    
5787                   2.55423164836363e-05   0.000612559886854039   0.0181799771151149    
5788                   2.55422887666105e-05   0.000612559029512741   0.0181799696311741    
5789                   2.55422610927633e-05   0.000612558173600785   0.0181799621503363    
5790                   2.55422334619424e-05   0.000612557319116293   0.0181799546726025    
5791                   2.55422058739965e-05   0.000612556466057458   0.0181799471979738    
5792                   2.55421783287757e-05   0.000612555614422473   0.0181799397264517    
5793                   2.55421508261335e-05   0.000612554764209432   0.0181799322580378    
5794                   2.55421233659249e-05   0.000612553915416504   0.018179924792734     
5795                   2.55420959480065e-05   0.000612553068041778   0.0181799173305424    
5796                   2.5542068572237e-05    0.000612552222083344   0.0181799098714652    
5797                   2.55420412384759e-05   0.000612551377539322   0.0181799024155051    
5798                   2.55420139465832e-05   0.000612550534407782   0.0181798949626649    
5799                   2.55419866964187e-05   0.000612549692686732   0.0181798875129475    
5800                   2.55419594878438e-05   0.000612548852374274   0.0181798800663559    
5801                   2.55419323207166e-05   0.000612548013468355   0.0181798726228926    
5802                   2.55419051948989e-05   0.000612547175966994   0.0181798651825614    
5803                   2.5541878110253e-05    0.000612546339868274   0.0181798577453661    
5804                   2.55418510666393e-05   0.000612545505170194   0.0181798503113111    
5805                   2.55418240639233e-05   0.000612544671870708   0.0181798428804007    
5806                   2.55417971019684e-05   0.000612543839967752   0.0181798354526398    
5807                   2.55417701806399e-05   0.000612543009459307   0.0181798280280331    
5808                   2.55417432998045e-05   0.00061254218034321    0.0181798206065858    
5809                   2.55417164593288e-05   0.000612541352617483   0.0181798131883033    
5810                   2.55416896590796e-05   0.000612540526279976   0.0181798057731911    
5811                   2.55416628989263e-05   0.0006125397013286     0.0181797983612552    
5812                   2.55416361787178e-05   0.000612538877760465   0.0181797909524918    
5813                   2.55416094983279e-05   0.000612538055573293   0.0181797835469048    
5814                   2.55415828576301e-05   0.000612537234764906   0.0181797761445005    
5815                   2.55415562564952e-05   0.000612536415333183   0.0181797687452858    
5816                   2.55415296947938e-05   0.000612535597275981   0.0181797613492681    
5817                   2.55415031723965e-05   0.000612534780591288   0.0181797539564551    
5818                   2.55414766891723e-05   0.000612533965276975   0.0181797465668546    
5819                   2.5541450244991e-05    0.000612533151330942   0.0181797391804751    
5820                   2.55414238397237e-05   0.000612532338751118   0.0181797317973248    
5821                   2.55413974732427e-05   0.000612531527535401   0.0181797244174127    
5822                   2.55413711454206e-05   0.00061253071768169    0.0181797170407475    
5823                   2.55413448561299e-05   0.000612529909187931   0.0181797096673384    
5824                   2.5541318605244e-05    0.000612529102052032   0.0181797022971947    
5825                   2.55412923926361e-05   0.000612528296271892   0.0181796949303259    
5826                   2.55412662181816e-05   0.000612527491845397   0.0181796875667416    
5827                   2.55412400817558e-05   0.000612526688770465   0.0181796802064517    
5828                   2.55412139832336e-05   0.000612525887045      0.0181796728494661    
5829                   2.55411879224902e-05   0.000612525086666882   0.0181796654957951    
5830                   2.55411618994026e-05   0.000612524287634023   0.0181796581454489    
5831                   2.55411359138476e-05   0.000612523489944337   0.0181796507984381    
5832                   2.55411099657016e-05   0.00061252269359571    0.0181796434547732    
5833                   2.55410840548427e-05   0.000612521898585986   0.0181796361144651    
5834                   2.55410581811494e-05   0.000612521104913074   0.0181796287775248    
5835                   2.55410323444992e-05   0.000612520312574878   0.0181796214439633    
5836                   2.55410065447704e-05   0.000612519521569281   0.0181796141137919    
5837                   2.55409807818435e-05   0.000612518731894136   0.0181796067870222    
5838                   2.55409550555973e-05   0.000612517943547422   0.0181795994636658    
5839                   2.55409293659118e-05   0.000612517156526983   0.0181795921437344    
5840                   2.55409037126678e-05   0.000612516370830782   0.0181795848272402    
5841                   2.55408780957452e-05   0.000612515586456653   0.0181795775141952    
5842                   2.55408525150256e-05   0.000612514803402577   0.0181795702046119    
5843                   2.55408269703905e-05   0.000612514021666449   0.0181795628985029    
5844                   2.55408014617212e-05   0.000612513241246201   0.018179555595881     
5845                   2.55407759889011e-05   0.0006125124621398     0.0181795482967592    
5846                   2.55407505518136e-05   0.000612511684345143   0.0181795410011509    
5847                   2.55407251503415e-05   0.000612510907860272   0.0181795337090694    
5848                   2.55406997843688e-05   0.00061251013268318    0.0181795264205285    
5849                   2.55406744537711e-05   0.000612509358811513   0.0181795191355388    
5850                   2.55406491584189e-05   0.000612508586242646   0.0181795118541055    
5851                   2.55406238982082e-05   0.000612507814974644   0.0181795045762445    
5852                   2.55405986730303e-05   0.000612507045005604   0.0181794973019709    
5853                   2.55405734827708e-05   0.000612506276333541   0.0181794900312996    
5854                   2.55405483273156e-05   0.00061250550895661    0.018179482764246     
5855                   2.55405232065513e-05   0.000612504742872826   0.0181794755008255    
5856                   2.55404981203634e-05   0.000612503978080348   0.0181794682410539    
5857                   2.55404730686395e-05   0.000612503214577259   0.018179460984947     
5858                   2.55404480512664e-05   0.000612502452361744   0.018179453732521     
5859                   2.55404230681327e-05   0.00061250169143189    0.0181794464837926    
5860                   2.55403981191268e-05   0.000612500931785945   0.0181794392387783    
5861                   2.55403732041374e-05   0.000612500173422092   0.0181794319974952    
5862                   2.55403483230549e-05   0.00061249941633857    0.0181794247599605    
5863                   2.55403234757683e-05   0.000612498660533612   0.0181794175261914    
5864                   2.55402986621695e-05   0.000612497906005506   0.0181794102962057    
5865                   2.55402738821491e-05   0.000612497152752499   0.0181794030700211    
5866                   2.55402491355975e-05   0.000612496400772863   0.0181793958476556    
5867                   2.5540224422407e-05    0.000612495650064888   0.0181793886291273    
5868                   2.55401997424696e-05   0.000612494900626908   0.0181793814144545    
5869                   2.55401750956782e-05   0.000612494152457267   0.0181793742036558    
5870                   2.55401504819253e-05   0.000612493405554292   0.0181793669967498    
5871                   2.55401259011031e-05   0.000612492659916349   0.0181793597937553    
5872                   2.55401013531051e-05   0.000612491915541811   0.0181793525946913    
5873                   2.55400768378267e-05   0.000612491172428996   0.0181793453995769    
5874                   2.55400523551617e-05   0.000612490430576329   0.0181793382084314    
5875                   2.55400279050045e-05   0.000612489689982249   0.0181793310212742    
5876                   2.55400034872495e-05   0.000612488950645125   0.018179323838125     
5877                   2.5539979101792e-05    0.000612488212563385   0.0181793166590034    
5878                   2.55399547485276e-05   0.000612487475735483   0.0181793094839295    
5879                   2.55399304273515e-05   0.000612486740159869   0.0181793023129231    
5880                   2.55399061381611e-05   0.000612486005834957   0.0181792951460044    
5881                   2.55398818808521e-05   0.000612485272759201   0.0181792879831938    
5882                   2.55398576553209e-05   0.00061248454093114    0.0181792808245117    
5883                   2.55398334614642e-05   0.000612483810349215   0.0181792736699787    
5884                   2.55398092991801e-05   0.000612483081011962   0.0181792665196155    
5885                   2.55397851683665e-05   0.000612482352917875   0.0181792593734429    
5886                   2.55397610689207e-05   0.000612481626065448   0.018179252231482     
5887                   2.55397370007411e-05   0.000612480900453239   0.018179245093754     
5888                   2.5539712963727e-05    0.000612480176079744   0.01817923796028      
5889                   2.55396889577767e-05   0.000612479452943564   0.0181792308310817    
5890                   2.55396649827896e-05   0.000612478731043226   0.0181792237061806    
5891                   2.55396410386651e-05   0.000612478010377319   0.0181792165855985    
5892                   2.55396171253034e-05   0.000612477290944451   0.0181792094693574    
5893                   2.55395932426052e-05   0.000612476572743221   0.0181792023574795    
5894                   2.55395693904717e-05   0.000612475855772227   0.018179195249987     
5895                   2.55395455688033e-05   0.000612475140030123   0.0181791881469025    
5896                   2.55395217775009e-05   0.000612474425515587   0.0181791810482487    
5897                   2.55394980164664e-05   0.000612473712227228   0.0181791739540484    
5898                   2.55394742856027e-05   0.000612473000163755   0.0181791668643249    
5899                   2.5539450584812e-05    0.00061247228932389    0.0181791597791013    
5900                   2.55394269139971e-05   0.000612471579706311   0.0181791526984011    
5901                   2.55394032730622e-05   0.000612470871309737   0.018179145622248     
5902                   2.55393796619104e-05   0.000612470164132949   0.0181791385506659    
5903                   2.55393560804449e-05   0.000612469458174715   0.0181791314836787    
5904                   2.55393325285701e-05   0.000612468753433773   0.0181791244213107    
5905                   2.55393090061906e-05   0.000612468049908912   0.0181791173635864    
5906                   2.55392855132117e-05   0.000612467347598979   0.0181791103105302    
5907                   2.55392620495393e-05   0.000612466646502751   0.0181791032621669    
5908                   2.55392386150788e-05   0.00061246594661913    0.0181790962185215    
5909                   2.55392152097358e-05   0.000612465247946927   0.018179089179619     
5910                   2.55391918334159e-05   0.00061246455048502    0.0181790821454847    
5911                   2.55391684860269e-05   0.00061246385423233    0.018179075116144     
5912                   2.5539145167476e-05    0.000612463159187696   0.0181790680916224    
5913                   2.55391218776701e-05   0.000612462465350062   0.0181790610719458    
5914                   2.55390986165171e-05   0.000612461772718326   0.0181790540571398    
5915                   2.55390753839247e-05   0.000612461081291496   0.0181790470472305    
5916                   2.55390521798011e-05   0.000612460391068471   0.0181790400422441    
5917                   2.5539029004055e-05    0.000612459702048227   0.0181790330422067    
5918                   2.55390058565963e-05   0.000612459014229768   0.0181790260471448    
5919                   2.55389827373336e-05   0.000612458327612107   0.0181790190570848    
5920                   2.55389596461769e-05   0.000612457642194194   0.0181790120720532    
5921                   2.55389365830356e-05   0.000612456957975079   0.0181790050920768    
5922                   2.55389135478193e-05   0.000612456274953772   0.0181789981171824    
5923                   2.55388905404397e-05   0.000612455593129329   0.0181789911473967    
5924                   2.55388675608065e-05   0.000612454912500814   0.0181789841827466    
5925                   2.5538844608832e-05    0.000612454233067265   0.0181789772232592    
5926                   2.55388216844266e-05   0.000612453554827752   0.0181789702689615    
5927                   2.55387987875025e-05   0.000612452877781337   0.0181789633198805    
5928                   2.55387759179718e-05   0.000612452201927137   0.0181789563760434    
5929                   2.55387530757461e-05   0.000612451527264255   0.0181789494374771    
5930                   2.5538730260737e-05    0.000612450853791747   0.0181789425042089    
5931                   2.5538707472857e-05    0.000612450181508708   0.0181789355762659    
5932                   2.55386847120187e-05   0.000612449510414278   0.018178928653675     
5933                   2.55386619781356e-05   0.000612448840507553   0.0181789217364635    
5934                   2.55386392711222e-05   0.000612448171787644   0.0181789148246584    
5935                   2.55386165908899e-05   0.000612447504253639   0.0181789079182867    
5936                   2.5538593937353e-05    0.000612446837904721   0.0181789010173753    
5937                   2.55385713104238e-05   0.000612446172739994   0.018178894121951     
5938                   2.55385487100173e-05   0.000612445508758516   0.0181788872320408    
5939                   2.55385261360467e-05   0.000612444845959483   0.0181788803476714    
5940                   2.55385035884261e-05   0.000612444184341952   0.0181788734688694    
5941                   2.55384810670706e-05   0.000612443523905067   0.0181788665956613    
5942                   2.55384585718941e-05   0.000612442864647897   0.0181788597280737    
5943                   2.55384361028114e-05   0.00061244220656962    0.0181788528661328    
5944                   2.55384136597352e-05   0.00061244154966929    0.0181788460098641    
5945                   2.55383912425784e-05   0.000612440893945906   0.0181788391592929    
5946                   2.55383688512566e-05   0.000612440239398557   0.0181788323144449    
5947                   2.55383464856843e-05   0.000612439586026302   0.0181788254753454    
5948                   2.55383241457764e-05   0.000612438933828262   0.0181788186420198    
5949                   2.55383018314481e-05   0.000612438282803447   0.0181788118144935    
5950                   2.55382795426138e-05   0.000612437632951019   0.0181788049927916    
5951                   2.55382572791883e-05   0.000612436984269955   0.018178798176939     
5952                   2.55382350410869e-05   0.000612436336759323   0.0181787913669605    
5953                   2.55382128282242e-05   0.00061243569041818    0.018178784562881     
5954                   2.55381906405169e-05   0.00061243504524557    0.0181787777647247    
5955                   2.55381684778793e-05   0.000612434401240526   0.018178770972516     
5956                   2.55381463402265e-05   0.000612433758402071   0.018178764186279     
5957                   2.55381242274733e-05   0.000612433116729255   0.0181787574060376    
5958                   2.55381021395357e-05   0.000612432476221095   0.0181787506318154    
5959                   2.55380800763292e-05   0.00061243183687655    0.0181787438636358    
5960                   2.553805803777e-05     0.000612431198694641   0.0181787371015222    
5961                   2.55380360237739e-05   0.00061243056167436    0.0181787303454973    
5962                   2.55380140342519e-05   0.000612429925814531   0.0181787235955825    
5963                   2.55379920691169e-05   0.000612429291114013   0.0181787168517987    
5964                   2.55379701282872e-05   0.000612428657571793   0.0181787101141681    
5965                   2.55379482116776e-05   0.000612428025186759   0.0181787033827127    
5966                   2.5537926319205e-05    0.000612427393957852   0.0181786966574542    
5967                   2.55379044507853e-05   0.00061242676388399    0.0181786899384139    
5968                   2.55378826063328e-05   0.000612426134964061   0.0181786832256129    
5969                   2.55378607857641e-05   0.00061242550719695    0.0181786765190719    
5970                   2.55378389889942e-05   0.000612424880581489   0.0181786698188113    
5971                   2.55378172159394e-05   0.000612424255116577   0.0181786631248511    
5972                   2.5537795466514e-05    0.000612423630801      0.0181786564372112    
5973                   2.55377737406338e-05   0.00061242300763353    0.0181786497559108    
5974                   2.55377520382142e-05   0.000612422385613006   0.0181786430809692    
5975                   2.55377303591705e-05   0.000612421764738192   0.0181786364124049    
5976                   2.55377087034183e-05   0.000612421145007829   0.0181786297502363    
5977                   2.55376870708732e-05   0.000612420526420634   0.0181786230944814    
5978                   2.55376654614482e-05   0.000612419908975333   0.0181786164451577    
5979                   2.55376438750591e-05   0.000612419292670629   0.0181786098022823    
5980                   2.55376223116208e-05   0.000612418677505176   0.0181786031658722    
5981                   2.55376007710516e-05   0.000612418063477716   0.0181785965359452    
5982                   2.55375792532675e-05   0.000612417450586976   0.018178589912518     
5983                   2.55375577581812e-05   0.000612416838831457   0.0181785832956059    
5984                   2.55375362857059e-05   0.000612416228209788   0.0181785766852239    
5985                   2.55375148357555e-05   0.000612415618720536   0.0181785700813866    
5986                   2.55374934082445e-05   0.000612415010362127   0.0181785634841082    
5987                   2.55374720030868e-05   0.000612414403133114   0.0181785568934024    
5988                   2.55374506201977e-05   0.00061241379703197    0.0181785503092826    
5989                   2.55374292594891e-05   0.000612413192057112   0.0181785437317616    
5990                   2.55374079208759e-05   0.000612412588206992   0.0181785371608521    
5991                   2.55373866042717e-05   0.000612411985480016   0.0181785305965661    
5992                   2.55373653095897e-05   0.000612411383874522   0.0181785240389152    
5993                   2.55373440367437e-05   0.000612410783388867   0.0181785174879107    
5994                   2.5537322785647e-05    0.000612410184021378   0.0181785109435634    
5995                   2.55373015562134e-05   0.000612409585770382   0.0181785044058836    
5996                   2.55372803483554e-05   0.000612408988634125   0.0181784978748813    
5997                   2.55372591619866e-05   0.000612408392610879   0.0181784913505659    
5998                   2.55372379970203e-05   0.000612407797698809   0.0181784848329466    
5999                   2.55372168533698e-05   0.000612407203896146   0.0181784783220319    
6000                   2.55371957309497e-05   0.000612406611201051   0.0181784718178299    
6001                   2.55371746296715e-05   0.000612406019611691   0.0181784653203484    
6002                   2.55371535494482e-05   0.000612405429126201   0.0181784588295947    
6003                   2.55371298847248e-05   0.000612404748537819   0.0181784510970833    
6004                   2.55371095719018e-05   0.000612404158448633   0.0181784446084314    
6005                   2.55370863622486e-05   0.000612403477964747   0.0181784368719739    
6006                   2.55370637187428e-05   0.000612402796746393   0.0181784291293392    
6007                   2.55370412814941e-05   0.0006124021149627     0.0181784213809593    
6008                   2.55370188879897e-05   0.000612401432733523   0.0181784136272681    
6009                   2.55369964822914e-05   0.000612400750166759   0.018178405868709     
6010                   2.55369740561129e-05   0.000612400067372107   0.0181783981057419    
6011                   2.55369516175208e-05   0.000612399384460674   0.0181783903388417    
6012                   2.5536929176675e-05    0.000612398701543238   0.0181783825684927    
6013                   2.5536906740742e-05    0.000612398018729427   0.0181783747951818    
6014                   2.55368843131841e-05   0.000612397336125933   0.0181783670193921    
6015                   2.55368618947279e-05   0.000612396653834025   0.0181783592415974    
6016                   2.55368394846382e-05   0.000612395971948397   0.0181783514622586    
6017                   2.55368170817415e-05   0.000612395290556389   0.0181783436818205    
6018                   2.55367946850667e-05   0.000612394609737585   0.0181783359007109    
6019                   2.55367722941523e-05   0.000612393929563659   0.0181783281193389    
6020                   2.55367499091364e-05   0.000612393250098634   0.0181783203380952    
6021                   2.55367275306911e-05   0.000612392571399446   0.0181783125573524    
6022                   2.5536705159899e-05    0.000612391893516738   0.0181783047774652    
6023                   2.55366827981008e-05   0.000612391216495326   0.0181782969987713    
6024                   2.5536660446752e-05    0.000612390540374646   0.0181782892215922    
6025                   2.5536638107315e-05    0.000612389865189017   0.0181782814462338    
6026                   2.55366157811814e-05   0.000612389190968048   0.018178273672988     
6027                   2.55365934696199e-05   0.000612388517736965   0.0181782659021327    
6028                   2.55365711737578e-05   0.000612387845517153   0.0181782581339332    
6029                   2.55365488945765e-05   0.000612387174326854   0.0181782503686429    
6030                   2.55365266329185e-05   0.000612386504181369   0.0181782426065038    
6031                   2.55365043895055e-05   0.000612385835093524   0.0181782348477473    
6032                   2.55364821649541e-05   0.000612385167073888   0.0181782270925951    
6033                   2.55364599597931e-05   0.000612384500130837   0.0181782193412592    
6034                   2.55364377744801e-05   0.000612383834270999   0.0181782115939431    
6035                   2.55364156094196e-05   0.000612383169499245   0.0181782038508417    
6036                   2.55363934649726e-05   0.00061238250581914    0.0181781961121422    
6037                   2.55363713414647e-05   0.000612381843232932   0.018178188378024     
6038                   2.55363492391951e-05   0.00061238118174186    0.0181781806486599    
6039                   2.55363271584424e-05   0.000612380521346297   0.0181781729242155    
6040                   2.55363050994694e-05   0.000612379862045653   0.0181781652048504    
6041                   2.55362830625231e-05   0.00061237920383878    0.0181781574907178    
6042                   2.55362610478372e-05   0.000612378546723844   0.0181781497819653    
6043                   2.55362390556346e-05   0.00061237789069848    0.018178142078735     
6044                   2.55362170861249e-05   0.000612377235759827   0.0181781343811637    
6045                   2.55361951395073e-05   0.000612376581904743   0.0181781266893831    
6046                   2.5536173215968e-05    0.000612375929129632   0.0181781190035203    
6047                   2.55361513156803e-05   0.000612375277430829   0.0181781113236977    
6048                   2.55361294388077e-05   0.000612374626804322   0.0181781036500333    
6049                   2.55361075855e-05      0.000612373977245989   0.018178095982641     
6050                   2.55360857558921e-05   0.000612373328751522   0.0181780883216307    
6051                   2.55360639501085e-05   0.000612372681316594   0.0181780806671084    
6052                   2.55360421682581e-05   0.00061237203493673    0.0181780730191763    
6053                   2.55360204104403e-05   0.000612371389607443   0.0181780653779334    
6054                   2.55359986767392e-05   0.000612370745324163   0.018178057743475     
6055                   2.55359769672266e-05   0.00061237010208238    0.0181780501158933    
6056                   2.55359552819633e-05   0.00061236945987758    0.0181780424952773    
6057                   2.55359336209963e-05   0.000612368818705232   0.0181780348817132    
6058                   2.5535911984361e-05    0.000612368178560918   0.0181780272752841    
6059                   2.55358903720817e-05   0.000612367539440082   0.0181780196760704    
6060                   2.55358687841709e-05   0.000612366901338429   0.0181780120841501    
6061                   2.55358472206323e-05   0.000612366264251565   0.0181780044995982    
6062                   2.55358256814596e-05   0.000612365628175212   0.0181779969224878    
6063                   2.55358041666355e-05   0.000612364993105137   0.0181779893528893    
6064                   2.55357826761341e-05   0.000612364359037184   0.0181779817908712    
6065                   2.55357612099205e-05   0.00061236372596734    0.0181779742364994    
6066                   2.55357397679546e-05   0.00061236309389158    0.0181779666898383    
6067                   2.55357183501861e-05   0.000612362462806022   0.01817795915095      
6068                   2.55356969565588e-05   0.000612361832706817   0.018177951619895     
6069                   2.55356755870103e-05   0.000612361203590252   0.0181779440967319    
6070                   2.55356542414734e-05   0.000612360575452664   0.0181779365815179    
6071                   2.5535632919874e-05    0.000612359948290598   0.0181779290743082    
6072                   2.55356116221341e-05   0.00061235932210056    0.0181779215751569    
6073                   2.5535590348172e-05    0.000612358696879244   0.0181779140841164    
6074                   2.55355690979012e-05   0.000612358072623502   0.0181779066012379    
6075                   2.55355478712323e-05   0.00061235744933023    0.0181778991265713    
6076                   2.55355266680726e-05   0.000612356826996444   0.0181778916601652    
6077                   2.55355054883267e-05   0.000612356205619307   0.0181778842020673    
6078                   2.55354843318968e-05   0.000612355585196048   0.018177876752324     
6079                   2.55354631986855e-05   0.000612354965724113   0.0181778693109809    
6080                   2.5535442088593e-05    0.000612354347201012   0.0181778618780825    
6081                   2.55354210015186e-05   0.000612353729624411   0.0181778544536725    
6082                   2.55353999373607e-05   0.000612353112992127   0.0181778470377937    
6083                   2.55353788960166e-05   0.000612352497302068   0.0181778396304883    
6084                   2.5535357877383e-05    0.000612351882552296   0.0181778322317977    
6085                   2.55353368813598e-05   0.000612351268741012   0.0181778248417625    
6086                   2.55353159078448e-05   0.000612350655866501   0.0181778174604228    
6087                   2.55352949567352e-05   0.000612350043927179   0.0181778100878182    
6088                   2.5535274027932e-05    0.000612349432921684   0.0181778027239877    
6089                   2.55352531213348e-05   0.000612348822848662   0.0181777953689698    
6090                   2.55352322368458e-05   0.000612348213706957   0.0181777880228023    
6091                   2.55352113743658e-05   0.000612347605495474   0.0181777806855231    
6092                   2.55351905337999e-05   0.000612346998213194   0.0181777733571692    
6093                   2.55351669603256e-05   0.000612346308832283   0.0181777649546335    
6094                   2.55351438616413e-05   0.000612345623078911   0.0181777566086566    
6095                   2.55351211241274e-05   0.000612344941265814   0.0181777483200587    
6096                   2.55350986546798e-05   0.000612344262774068   0.0181777400779855    
6097                   2.55350763967576e-05   0.000612343587221585   0.0181777318753588    
6098                   2.55350543103024e-05   0.000612342914386026   0.018177723707593     
6099                   2.55350323632309e-05   0.000612342244130368   0.0181777155715326    
6100                   2.55350105287859e-05   0.000612341576363818   0.0181777074648766    
6101                   2.5534988785041e-05    0.000612340911020853   0.0181776993858602    
6102                   2.55349671149613e-05   0.000612340248048683   0.0181776913330791    
6103                   2.55349455062293e-05   0.000612339587401403   0.0181776833053914    
6104                   2.55349239506163e-05   0.000612338929038037   0.0181776753018581    
6105                   2.55349024430472e-05   0.000612338272921272   0.0181776673217039    
6106                   2.55348809806252e-05   0.000612337619015929   0.0181776593642845    
6107                   2.55348595618159e-05   0.000612336967287156   0.018177651429063     
6108                   2.55348381858554e-05   0.000612336317700209   0.0181776435155909    
6109                   2.55348168523883e-05   0.000612335670219662   0.0181776356234924    
6110                   2.55347955611744e-05   0.000612335024812478   0.018177627752449     
6111                   2.5534774311963e-05    0.000612334381445509   0.0181776199021882    
6112                   2.5534753104376e-05    0.000612333740087383   0.0181776120724713    
6113                   2.55347319379212e-05   0.000612333100706609   0.0181776042630832    
6114                   2.55347108119811e-05   0.000612332463271246   0.0181775964738229    
6115                   2.55346897258296e-05   0.000612331827748225   0.0181775887044959    
6116                   2.55346686786699e-05   0.000612331194103548   0.0181775809549067    
6117                   2.55346476696582e-05   0.000612330562302352   0.0181775732248535    
6118                   2.55346266979358e-05   0.00061232993230899    0.0181775655141242    
6119                   2.55346057626396e-05   0.000612329304086939   0.0181775578224934    
6120                   2.55345848629194e-05   0.000612328677598759   0.0181775501497209    
6121                   2.55345639979476e-05   0.000612328052806061   0.0181775424955518    
6122                   2.55345431669244e-05   0.000612327429669532   0.0181775348597172    
6123                   2.55345223690814e-05   0.000612326808149037   0.0181775272419361    
6124                   2.55345016036837e-05   0.000612326188204041   0.0181775196419178    
6125                   2.55344808700338e-05   0.000612325569793862   0.0181775120593645    
6126                   2.55344601674705e-05   0.00061232495287798    0.018177504493975     
6127                   2.55344394953713e-05   0.000612324337416215   0.0181774969454477    
6128                   2.55344188531525e-05   0.000612323723369017   0.0181774894134837    
6129                   2.55343982402687e-05   0.000612323110697738   0.0181774818977897    
6130                   2.55343776562114e-05   0.000612322499364724   0.0181774743980812    
6131                   2.5534357100507e-05    0.000612321889333454   0.018177466914084     
6132                   2.55343365727134e-05   0.000612321280568891   0.0181774594455368    
6133                   2.55343160724193e-05   0.000612320673037372   0.0181774519921924    
6134                   2.55342955992442e-05   0.00061232006670689    0.0181774445538186    
6135                   2.55342751528324e-05   0.000612319461546931   0.0181774371301992    
6136                   2.55342547328528e-05   0.000612318857528716   0.0181774297211336    
6137                   2.55342343389976e-05   0.000612318254625074   0.0181774223264376    
6138                   2.55342139709757e-05   0.000612317652810437   0.0181774149459421    
6139                   2.55341936285136e-05   0.000612317052060719   0.0181774075794931    
6140                   2.55341733113493e-05   0.000612316452353377   0.0181774002269506    
6141                   2.55341530192367e-05   0.000612315853667151   0.0181773928881879    
6142                   2.55341327519367e-05   0.000612315255982191   0.0181773855630902    
6143                   2.55341125092213e-05   0.00061231465927981    0.0181773782515537    
6144                   2.55340922908672e-05   0.0006123140635425     0.0181773709534843    
6145                   2.55340720966564e-05   0.000612313468753836   0.0181773636687968    
6146                   2.55340519263757e-05   0.000612312874898298   0.0181773563974136    
6147                   2.55340317798149e-05   0.000612312281961208   0.0181773491392636    
6148                   2.55340116567651e-05   0.000612311689928758   0.0181773418942816    
6149                   2.5533991557022e-05    0.000612311098787861   0.018177334662407     
6150                   2.55339714803805e-05   0.000612310508525979   0.0181773274435833    
6151                   2.55339514266358e-05   0.000612309919131351   0.0181773202377573    
6152                   2.55339313955865e-05   0.000612309330592602   0.0181773130448786    
6153                   2.55339113870301e-05   0.000612308742898937   0.0181773058648988    
6154                   2.55338914007648e-05   0.000612308156040004   0.0181772986977712    
6155                   2.55338714365897e-05   0.000612307570005828   0.0181772915434503    
6156                   2.55338514943043e-05   0.00061230698478695    0.0181772844018918    
6157                   2.55338315737098e-05   0.000612306400374104   0.0181772772730515    
6158                   2.55338116746076e-05   0.000612305816758455   0.0181772701568859    
6159                   2.55337917967989e-05   0.000612305233931441   0.0181772630533513    
6160                   2.55337719400861e-05   0.00061230465188478    0.0181772559624038    
6161                   2.55337521042762e-05   0.000612304070610462   0.0181772488839994    
6162                   2.55337322891732e-05   0.000612303490100727   0.0181772418180934    
6163                   2.55337124945844e-05   0.000612302910348086   0.0181772347646405    
6164                   2.55336927203186e-05   0.000612302331345225   0.0181772277235946    
6165                   2.55336729661839e-05   0.000612301753085074   0.0181772206949087    
6166                   2.55336532319932e-05   0.000612301175560784   0.0181772136785349    
6167                   2.55336335175588e-05   0.000612300598765552   0.0181772066744243    
6168                   2.55336138226982e-05   0.000612300022692978   0.0181771996825267    
6169                   2.55335941472282e-05   0.000612299447336692   0.018177192702791     
6170                   2.55335744909688e-05   0.000612298872690482   0.0181771857351651    
6171                   2.55335548537432e-05   0.000612298298748389   0.0181771787795955    
6172                   2.55335352353763e-05   0.000612297725504581   0.018177171836028     
6173                   2.55335156356959e-05   0.000612297152953372   0.0181771649044072    
6174                   2.55334960545351e-05   0.000612296581089249   0.0181771579846771    
6175                   2.55334764917284e-05   0.000612296009906887   0.0181771510767808    
6176                   2.55334569471155e-05   0.000612295439401096   0.0181771441806608    
6177                   2.55334374205397e-05   0.000612294869566842   0.0181771372962593    
6178                   2.55334179118489e-05   0.000612294300399348   0.0181771304235182    
6179                   2.55333984208965e-05   0.000612293731894066   0.0181771235623793    
6180                   2.55333789475384e-05   0.000612293164046416   0.0181771167127847    
6181                   2.55333594916374e-05   0.000612292596852278   0.0181771098746768    
6182                   2.55333400530614e-05   0.0006122920303076     0.0181771030479986    
6183                   2.55333206316847e-05   0.000612291464408544   0.018177096232694     
6184                   2.55333012273874e-05   0.00061229089915159    0.0181770894287082    
6185                   2.55332818400574e-05   0.000612290334533375   0.0181770826359873    
6186                   2.55332624695877e-05   0.000612289770550786   0.0181770758544792    
6187                   2.55332431158775e-05   0.000612289207201019   0.0181770690841337    
6188                   2.55332237788327e-05   0.000612288644481404   0.0181770623249023    
6189                   2.55332044583689e-05   0.000612288082389652   0.018177055576739     
6190                   2.5533185154406e-05    0.000612287520923671   0.0181770488396       
6191                   2.55331658668742e-05   0.000612286960081609   0.018177042113444     
6192                   2.5533146595708e-05    0.000612286399861894   0.0181770353982328    
6193                   2.55331273408508e-05   0.000612285840263262   0.0181770286939307    
6194                   2.55331081022536e-05   0.000612285281284606   0.0181770220005053    
6195                   2.55330888798737e-05   0.000612284722925165   0.0181770153179273    
6196                   2.55330696736769e-05   0.000612284165184396   0.0181770086461704    
6197                   2.55330504836355e-05   0.000612283608062009   0.0181770019852121    
6198                   2.55330313097278e-05   0.000612283051557934   0.0181769953350328    
6199                   2.55330121519406e-05   0.000612282495672349   0.0181769886956168    
6200                   2.55329930102673e-05   0.000612281940405713   0.0181769820669516    
6201                   2.55329738847063e-05   0.000612281385758492   0.0181769754490282    
6202                   2.55329547752634e-05   0.000612280831731576   0.0181769688418411    
6203                   2.55329356819508e-05   0.000612280278325921   0.0181769622453883    
6204                   2.55329166047851e-05   0.000612279725542642   0.018176955659671     
6205                   2.55328975437899e-05   0.000612279173383043   0.018176949084694     
6206                   2.55328784989913e-05   0.000612278621848601   0.0181769425204649    
6207                   2.55328594704793e-05   0.000612278070940613   0.0181769359669949    
6208                   2.55328404582428e-05   0.000612277520661182   0.0181769294242974    
6209                   2.55328214623207e-05   0.000612276971011528   0.0181769228923896    
6210                   2.55328024827835e-05   0.000612276421993861   0.0181769163712905    
6211                   2.55327835196436e-05   0.00061227587360993    0.018176909861022     
6212                   2.5532764572935e-05    0.000612275325861675   0.0181769033616083    
6213                   2.55327456427032e-05   0.000612274778750965   0.0181768968730755    
6214                   2.55327267290065e-05   0.000612274232279822   0.0181768903954517    
6215                   2.55327078319105e-05   0.000612273686449993   0.0181768839287667    
6216                   2.55326889514869e-05   0.000612273141263342   0.0181768774730518    
6217                   2.55326700878024e-05   0.000612272596721719   0.0181768710283397    
6218                   2.55326512409251e-05   0.000612272052826845   0.0181768645946641    
6219                   2.55326324109217e-05   0.000612271509580409   0.0181768581720597    
6220                   2.55326135978596e-05   0.00061227096698402    0.0181768517605623    
6221                   2.55325948018058e-05   0.000612270425039211   0.0181768453602078    
6222                   2.55325760228292e-05   0.000612269883747501   0.0181768389710332    
6223                   2.55325572610003e-05   0.000612269343110158   0.0181768325930756    
6224                   2.55325385163908e-05   0.000612268803128571   0.0181768262263724    
6225                   2.55325197890742e-05   0.000612268263803928   0.0181768198709613    
6226                   2.55325010791243e-05   0.000612267725137335   0.0181768135268802    
6227                   2.55324823866168e-05   0.000612267187129883   0.018176807194167     
6228                   2.55324637116296e-05   0.000612266649782614   0.0181768008728599    
6229                   2.55324450542415e-05   0.000612266113096477   0.018176794562997     
6230                   2.55324264145313e-05   0.000612265577072451   0.0181767882646165    
6231                   2.55324077925805e-05   0.000612265041711391   0.0181767819777568    
6232                   2.55323891884729e-05   0.000612264507014181   0.0181767757024561    
6233                   2.55323706022915e-05   0.000612263972981785   0.018176769438753     
6234                   2.55323520341214e-05   0.000612263439615138   0.018176763186686     
6235                   2.55323334840505e-05   0.000612262906915198   0.0181767569462939    
6236                   2.55323149521664e-05   0.000612262374882953   0.0181767507176155    
6237                   2.55322964385598e-05   0.000612261843519524   0.0181767445006899    
6238                   2.55322779433195e-05   0.00061226131282597    0.0181767382955563    
6239                   2.55322594665385e-05   0.000612260782803552   0.0181767321022541    
6240                   2.553224100831e-05     0.000612260253453604   0.0181767259208228    
6241                   2.55322225687286e-05   0.000612259724777717   0.018176719751303     
6242                   2.55322041478903e-05   0.000612259196777392   0.0181767135937352    
6243                   2.55321857458881e-05   0.000612258669454329   0.0181767074481592    
6244                   2.55321673628142e-05   0.000612258142810271   0.0181767013146148    
6245                   2.5532148998765e-05    0.000612257616847128   0.0181766951931417    
6246                   2.55321306538319e-05   0.000612257091566992   0.0181766890837795    
6247                   2.55321123281078e-05   0.000612256566971979   0.0181766829865676    
6248                   2.55320940216858e-05   0.000612256043064413   0.018176676901545     
6249                   2.55320757346556e-05   0.000612255519846774   0.0181766708287504    
6250                   2.55320574671062e-05   0.000612254997321565   0.0181766647682218    
6251                   2.55320392191252e-05   0.000612254475491467   0.0181766587199966    
6252                   2.55320209907961e-05   0.000612253954359279   0.0181766526841115    
6253                   2.55320027822026e-05   0.000612253433927921   0.0181766466606024    
6254                   2.55319845934231e-05   0.00061225291420037    0.0181766406495041    
6255                   2.55319664245374e-05   0.000612252395179739   0.0181766346508506    
6256                   2.55319482756172e-05   0.000612251876869281   0.0181766286646744    
6257                   2.5531930146738e-05    0.000612251359272191   0.0181766226910071    
6258                   2.55319120379659e-05   0.000612250842391881   0.0181766167298788    
6259                   2.55318939493674e-05   0.000612250326231812   0.0181766107813185    
6260                   2.55318758810046e-05   0.000612249810795398   0.0181766048453536    
6261                   2.55318578329346e-05   0.000612249296086271   0.01817659892201      
6262                   2.55318398052141e-05   0.00061224878210801    0.0181765930113123    
6263                   2.55318217978948e-05   0.000612248268864304   0.0181765871132837    
6264                   2.55318038110262e-05   0.000612247756358811   0.0181765812279457    
6265                   2.55317858446533e-05   0.000612247244595342   0.0181765753553184    
6266                   2.55317678988203e-05   0.000612246733577635   0.0181765694954204    
6267                   2.55317499735669e-05   0.000612246223309537   0.018176563648269     
6268                   2.55317320689292e-05   0.000612245713794859   0.0181765578138799    
6269                   2.55317141849411e-05   0.000612245205037481   0.0181765519922677    
6270                   2.55316963216353e-05   0.000612244697041241   0.0181765461834454    
6271                   2.55316784790388e-05   0.000612244189810061   0.0181765403874248    
6272                   2.55316606571786e-05   0.000612243683347777   0.0181765346042165    
6273                   2.55316428560787e-05   0.000612243177658362   0.0181765288338299    
6274                   2.55316250757617e-05   0.000612242672745615   0.0181765230762733    
6275                   2.5531607316248e-05    0.000612242168613473   0.0181765173315539    
6276                   2.55315895775559e-05   0.000612241665265797   0.0181765115996781    
6277                   2.55315718597008e-05   0.000612241162706424   0.018176505880651     
6278                   2.5531554162698e-05    0.000612240660939169   0.0181765001744769    
6279                   2.55315364865616e-05   0.000612240159967859   0.0181764944811595    
6280                   2.55315188313019e-05   0.000612239659796219   0.0181764888007014    
6281                   2.55315011969302e-05   0.000612239160427946   0.0181764831331045    
6282                   2.55314835834569e-05   0.000612238661866723   0.01817647747837      
6283                   2.55314659908881e-05   0.000612238164116087   0.0181764718364985    
6284                   2.55314484192328e-05   0.000612237667179603   0.0181764662074896    
6285                   2.55314308684955e-05   0.000612237171060736   0.0181764605913427    
6286                   2.55314133386817e-05   0.000612236675762818   0.0181764549880563    
6287                   2.55313958297953e-05   0.000612236181289153   0.0181764493976281    
6288                   2.55313783418377e-05   0.000612235687642822   0.0181764438200554    
6289                   2.55313608748123e-05   0.000612235194826969   0.0181764382553349    
6290                   2.55313434287204e-05   0.000612234702844444   0.0181764327034624    
6291                   2.55313260035607e-05   0.000612234211698067   0.0181764271644333    
6292                   2.55313085993317e-05   0.000612233721390499   0.0181764216382421    
6293                   2.55312912160321e-05   0.000612233231924214   0.0181764161248828    
6294                   2.55312738536579e-05   0.000612232743301547   0.0181764106243485    
6295                   2.55312565122051e-05   0.000612232255524648   0.0181764051366318    
6296                   2.55312391916679e-05   0.000612231768595521   0.0181763996617242    
6297                   2.55312218919878e-05   0.000612231282514412   0.0181763941995981    
6298                   2.55312046130857e-05   0.000612230797280562   0.0181763887502142    
6299                   2.55311873549963e-05   0.000612230312896141   0.0181763833135716    
6300                   2.55311721183871e-05   0.000612229886784862   0.0181763785716166    
6301                   2.5531156729023e-05    0.000612229462218118   0.0181763738461891    
6302                   2.55311412086459e-05   0.000612229039065722   0.0181763691373015    
6303                   2.55311255796046e-05   0.000612228617227435   0.0181763644448621    
6304                   2.55311098625273e-05   0.000612228196614512   0.0181763597687032    
6305                   2.55310940758715e-05   0.000612227777144987   0.0181763551085985    
6306                   2.55310782360442e-05   0.000612227358743877   0.0181763504642813    
6307                   2.55310623575491e-05   0.00061222694134234    0.018176345835459     
6308                   2.55310464529591e-05   0.000612226524877632   0.0181763412218263    
6309                   2.5531030532782e-05    0.000612226109293939   0.0181763366230735    
6310                   2.55310146053894e-05   0.000612225694542212   0.0181763320388934    
6311                   2.55309986771393e-05   0.000612225280579453   0.0181763274689857    
6312                   2.55309827526642e-05   0.000612224867367807   0.0181763229130599    
6313                   2.55309668352242e-05   0.000612224454874503   0.0181763183708369    
6314                   2.55309509270422e-05   0.000612224043071885   0.0181763138420493    
6315                   2.55309350295801e-05   0.000612223631937199   0.0181763093264421    
6316                   2.55309191437596e-05   0.000612223221451673   0.0181763048237721    
6317                   2.5530903270132e-05    0.000612222811599578   0.0181763003338081    
6318                   2.55308874090179e-05   0.000612222402367303   0.0181762958563296    
6319                   2.55308715605992e-05   0.000612221993743036   0.0181762913911267    
6320                   2.55308557249895e-05   0.000612221585716819   0.0181762869379991    
6321                   2.5530839902267e-05    0.000612221178280332   0.0181762824967559    
6322                   2.55308240924992e-05   0.000612220771427078   0.0181762780672146    
6323                   2.55308082957498e-05   0.00061222036515173    0.0181762736492004    
6324                   2.55307925120821e-05   0.000612219959450035   0.0181762692425462    
6325                   2.55307767415561e-05   0.000612219554318348   0.0181762648470915    
6326                   2.55307609842244e-05   0.00061221914975348    0.0181762604626822    
6327                   2.55307452401286e-05   0.000612218745752673   0.0181762560891701    
6328                   2.55307295092956e-05   0.000612218342313648   0.0181762517264126    
6329                   2.55307137917368e-05   0.00061221793943442    0.018176247374272     
6330                   2.55306980874464e-05   0.000612217537113374   0.0181762430326156    
6331                   2.55306823964013e-05   0.000612217135349194   0.018176238701315     
6332                   2.55306667185629e-05   0.000612216734140713   0.0181762343802461    
6333                   2.55306510538756e-05   0.00061221633348691    0.0181762300692887    
6334                   2.55306354022716e-05   0.000612215933386797   0.0181762257683263    
6335                   2.553061976367e-05     0.000612215533839369   0.0181762214772456    
6336                   2.55306041379799e-05   0.000612215134843839   0.0181762171959368    
6337                   2.55305885251019e-05   0.000612214736399346   0.018176212924293     
6338                   2.5530572924931e-05    0.000612214338505071   0.0181762086622103    
6339                   2.55305573373557e-05   0.000612213941160317   0.0181762044095874    
6340                   2.55305417622639e-05   0.000612213544364203   0.0181762001663256    
6341                   2.55305261995415e-05   0.000612213148116022   0.0181761959323285    
6342                   2.5530510649074e-05    0.000612212752414959   0.0181761917075022    
6343                   2.5530495110748e-05    0.000612212357260071   0.0181761874917548    
6344                   2.55304795844527e-05   0.000612211962650555   0.0181761832849964    
6345                   2.55304640700796e-05   0.000612211568585516   0.0181761790871393    
6346                   2.55304485675244e-05   0.000612211175063944   0.0181761748980974    
6347                   2.55304330766852e-05   0.000612210782084829   0.0181761707177865    
6348                   2.55304175974695e-05   0.000612210389647106   0.018176166546124     
6349                   2.55304021297855e-05   0.000612209997749767   0.018176162383029     
6350                   2.55303866735481e-05   0.000612209606391622   0.018176158228422     
6351                   2.55303712286757e-05   0.000612209215571545   0.0181761540822251    
6352                   2.55303557950966e-05   0.000612208825288325   0.0181761499443616    
6353                   2.55303403727431e-05   0.000612208435540712   0.0181761458147564    
6354                   2.55303249615524e-05   0.000612208046327417   0.0181761416933354    
6355                   2.55303095614684e-05   0.000612207657647175   0.0181761375800258    
6356                   2.55302941724398e-05   0.000612207269498661   0.018176133474756     
6357                   2.55302787944218e-05   0.000612206881880459   0.0181761293774554    
6358                   2.55302634273751e-05   0.000612206494791194   0.0181761252880545    
6359                   2.55302480712664e-05   0.000612206108229503   0.0181761212064848    
6360                   2.55302327260677e-05   0.000612205722193999   0.0181761171326789    
6361                   2.55302173917545e-05   0.000612205336683115   0.0181761130665699    
6362                   2.55302020683072e-05   0.000612204951695489   0.0181761090080922    
6363                   2.55301867557128e-05   0.000612204567229637   0.0181761049571807    
6364                   2.55301714539609e-05   0.000612204183284105   0.0181761009137711    
6365                   2.55301561630456e-05   0.000612203799857345   0.0181760968778001    
6366                   2.55301408829664e-05   0.000612203416947915   0.0181760928492049    
6367                   2.55301256137251e-05   0.000612203034554317   0.0181760888279232    
6368                   2.55301103553278e-05   0.000612202652675012   0.0181760848138935    
6369                   2.55300951077823e-05   0.000612202271308528   0.018176080807055     
6370                   2.55300798711008e-05   0.000612201890453273   0.0181760768073472    
6371                   2.55300646452969e-05   0.000612201510107808   0.0181760728147102    
6372                   2.55300494303879e-05   0.00061220113027058    0.0181760688290846    
6373                   2.55300342263935e-05   0.000612200750940096   0.0181760648504115    
6374                   2.55300190333351e-05   0.000612200372114706   0.0181760608786325    
6375                   2.55300038512346e-05   0.00061219999379294    0.0181760569136893    
6376                   2.55299886801169e-05   0.000612199615973199   0.0181760529555244    
6377                   2.5529973520008e-05    0.000612199238653964   0.0181760490040803    
6378                   2.55299583709348e-05   0.000612198861833651   0.0181760450593002    
6379                   2.55299432329258e-05   0.000612198485510622   0.0181760411211272    
6380                   2.55299281060106e-05   0.000612198109683286   0.018176037189505     
6381                   2.5529912990218e-05    0.000612197734350046   0.0181760332643776    
6382                   2.55298978855789e-05   0.000612197359509253   0.0181760293456891    
6383                   2.55298827921235e-05   0.000612196985159278   0.0181760254333839    
6384                   2.5529867709884e-05    0.000612196611298512   0.0181760215274069    
6385                   2.55298526388914e-05   0.000612196237925221   0.018176017627703     
6386                   2.55298375791757e-05   0.000612195865037757   0.0181760137342173    
6387                   2.55298225307695e-05   0.000612195492634429   0.0181760098468952    
6388                   2.55298074937036e-05   0.000612195120713509   0.0181760059656824    
6389                   2.55297924680088e-05   0.00061219474927333    0.0181760020905247    
6390                   2.55297774537156e-05   0.00061219437831216    0.0181759982213681    
6391                   2.55297624508552e-05   0.000612194007828248   0.0181759943581588    
6392                   2.55297474594581e-05   0.000612193637819893   0.0181759905008434    
6393                   2.55297324795545e-05   0.000612193268285414   0.0181759866493685    
6394                   2.55297175111735e-05   0.000612192899223051   0.0181759828036808    
6395                   2.55297025543446e-05   0.000612192530631089   0.0181759789637275    
6396                   2.55296876090965e-05   0.000612192162507809   0.0181759751294557    
6397                   2.55296726754577e-05   0.00061219179485149    0.0181759713008128    
6398                   2.55296577534569e-05   0.000612191427660503   0.0181759674777465    
6399                   2.55296428431201e-05   0.000612191060933112   0.0181759636602046    
6400                   2.55296279444755e-05   0.000612190694667781   0.0181759598481351    
6401                   2.55296130575513e-05   0.000612190328862856   0.0181759560414862    
6402                   2.55295981823731e-05   0.000612189963516742   0.0181759522402064    
6403                   2.55295833189665e-05   0.000612189598627931   0.0181759484442443    
6404                   2.55295684673578e-05   0.000612189234194902   0.0181759446535487    
6405                   2.55295536275717e-05   0.000612188870216269   0.0181759408680688    
6406                   2.55295387996337e-05   0.000612188506690554   0.0181759370877539    
6407                   2.55295239835702e-05   0.000612188143616523   0.0181759333125534    
6408                   2.5529509179406e-05    0.000612187780992814   0.0181759295424172    
6409                   2.55294943871642e-05   0.000612187418818248   0.0181759257772953    
6410                   2.55294796068699e-05   0.000612187057091662   0.018175922017138     
6411                   2.55294648385471e-05   0.000612186695812025   0.0181759182618957    
6412                   2.55294500822188e-05   0.000612186334978343   0.0181759145115193    
6413                   2.55294353379102e-05   0.000612185974589708   0.0181759107659599    
6414                   2.55294206056444e-05   0.000612185614645301   0.0181759070251687    
6415                   2.55294058854446e-05   0.000612185255144357   0.0181759032890974    
6416                   2.55293911773334e-05   0.000612184896086234   0.0181758995576979    
6417                   2.55293764813362e-05   0.00061218453747038    0.0181758958309224    
6418                   2.55293617974753e-05   0.000612184179296273   0.0181758921087234    
6419                   2.55293471257732e-05   0.000612183821563616   0.0181758883910537    
6420                   2.55293324662538e-05   0.000612183464272059   0.0181758846778664    
6421                   2.55293178189409e-05   0.000612183107421414   0.0181758809691151    
6422                   2.55293031838561e-05   0.00061218275101155    0.0181758772647534    
6423                   2.55292885610217e-05   0.000612182395042489   0.0181758735647356    
6424                   2.552927395046e-05     0.000612182039514246   0.0181758698690161    
6425                   2.55292593521937e-05   0.000612181684426914   0.0181758661775498    
6426                   2.55292447662454e-05   0.000612181329780752   0.0181758624902919    
6427                   2.55292301926358e-05   0.00061218097557602    0.0181758588071978    
6428                   2.55292156313881e-05   0.000612180621813096   0.0181758551282236    
6429                   2.55292010825235e-05   0.000612180268492415   0.0181758514533256    
6430                   2.55291865460632e-05   0.000612179915614426   0.0181758477824605    
6431                   2.55291720220274e-05   0.000612179563179682   0.0181758441155855    
6432                   2.55291575104362e-05   0.000612179211188743   0.0181758404526579    
6433                   2.55291430113114e-05   0.000612178859642178   0.0181758367936359    
6434                   2.55291285246712e-05   0.000612178508540668   0.0181758331384776    
6435                   2.55291140505361e-05   0.000612178157884897   0.0181758294871419    
6436                   2.55290995889253e-05   0.000612177807675502   0.0181758258395879    
6437                   2.55290851398572e-05   0.000612177457913211   0.0181758221957754    
6438                   2.55290707033505e-05   0.000612177108598699   0.0181758185556643    
6439                   2.5529056279421e-05    0.000612176759732635   0.0181758149192152    
6440                   2.55290418680865e-05   0.000612176411315625   0.018175811286389     
6441                   2.55290274693644e-05   0.000612176063348335   0.0181758076571473    
6442                   2.55290130832692e-05   0.000612175715831365   0.0181758040314518    
6443                   2.55289987098182e-05   0.000612175368765164   0.0181758004092649    
6444                   2.55289843490253e-05   0.000612175022150307   0.0181757967905496    
6445                   2.55289700009057e-05   0.000612174675987177   0.018175793175269     
6446                   2.55289556654729e-05   0.000612174330276133   0.0181757895633871    
6447                   2.5528941342741e-05    0.000612173985017463   0.018175785954868     
6448                   2.55289270327226e-05   0.000612173640211273   0.0181757823496765    
6449                   2.55289127354301e-05   0.000612173295857664   0.0181757787477779    
6450                   2.55288984508733e-05   0.00061217295195662    0.0181757751491379    
6451                   2.55288841790649e-05   0.000612172608508031   0.0181757715537227    
6452                   2.5528869920016e-05    0.000612172265511564   0.0181757679614992    
6453                   2.55288556737359e-05   0.000612171922966894   0.0181757643724345    
6454                   2.55288414402342e-05   0.000612171580873542   0.0181757607864965    
6455                   2.55288272195203e-05   0.000612171239230814   0.0181757572036533    
6456                   2.55288130116024e-05   0.000612170898037976   0.0181757536238737    
6457                   2.5528798816489e-05    0.000612170557294084   0.0181757500471271    
6458                   2.5528784634188e-05    0.000612170216998095   0.0181757464733832    
6459                   2.55287704647052e-05   0.000612169877148813   0.0181757429026123    
6460                   2.55287563080491e-05   0.000612169537744873   0.0181757393347853    
6461                   2.55287421642259e-05   0.000612169198784783   0.0181757357698734    
6462                   2.55287280332423e-05   0.000612168860266859   0.0181757322078485    
6463                   2.55287139151031e-05   0.000612168522189317   0.018175728648683     
6464                   2.55286998098142e-05   0.00061216818455017    0.0181757250923498    
6465                   2.55286857173822e-05   0.000612167847347349   0.0181757215388221    
6466                   2.55286716378104e-05   0.000612167510578546   0.018175717988074     
6467                   2.55286575711042e-05   0.000612167174241439   0.0181757144400798    
6468                   2.55286435172681e-05   0.000612166838333444   0.0181757108948145    
6469                   2.55286294763055e-05   0.000612166502851876   0.0181757073522535    
6470                   2.5528615448222e-05    0.000612166167794001   0.0181757038123726    
6471                   2.55286014330209e-05   0.000612165833156842   0.0181757002751484    
6472                   2.55285874307065e-05   0.000612165498937337   0.0181756967405577    
6473                   2.55285734412816e-05   0.000612165165132312   0.0181756932085781    
6474                   2.55285594647499e-05   0.000612164831738497   0.0181756896791874    
6475                   2.55285455011151e-05   0.000612164498752541   0.0181756861523641    
6476                   2.55285315503804e-05   0.000612164166170924   0.018175682628087     
6477                   2.5528517612549e-05    0.000612163833990085   0.0181756791063355    
6478                   2.55285036876233e-05   0.000612163502206324   0.0181756755870896    
6479                   2.55284897756073e-05   0.000612163170815995   0.0181756720703295    
6480                   2.55284758765041e-05   0.00061216283981526    0.0181756685560362    
6481                   2.55284619903171e-05   0.000612162509200343   0.0181756650441908    
6482                   2.55284481170483e-05   0.000612162178967388   0.0181756615347752    
6483                   2.55284342567011e-05   0.000612161849112407   0.0181756580277715    
6484                   2.55284204092779e-05   0.000612161519631519   0.0181756545231625    
6485                   2.55284065747814e-05   0.000612161190520714   0.0181756510209312    
6486                   2.55283927532145e-05   0.000612160861776047   0.0181756475210613    
6487                   2.55283772888052e-05   0.00061216049479764    0.0181756436101497    
6488                   2.55283619723277e-05   0.000612160129443549   0.0181756397185409    
6489                   2.55283468645926e-05   0.000612159766068588   0.018175635849031     
6490                   2.5528331082253e-05    0.000612159373381163   0.0181756314999403    
6491                   2.55283163740787e-05   0.000612158983615807   0.0181756271832785    
6492                   2.55283019640811e-05   0.000612158595966902   0.0181756228891746    
6493                   2.55282875645666e-05   0.000612158209831459   0.0181756186107343    
6494                   2.55282731099894e-05   0.00061215782487326    0.0181756143441028    
6495                   2.55282586057003e-05   0.00061215744090934    0.0181756100870816    
6496                   2.55282440706167e-05   0.000612157057838579   0.0181756058383456    
6497                   2.55282295189497e-05   0.00061215667560421    0.0181756015970432    
6498                   2.5528214957462e-05    0.000612156294175604   0.0181755973626002    
6499                   2.5528200387838e-05    0.000612155913538639   0.0181755931346251    
6500                   2.5528185809742e-05    0.000612155533690042   0.0181755889128612    
6501                   2.55281712229856e-05   0.000612155154633165   0.0181755846971588    
6502                   2.5528156628591e-05    0.000612154776374972   0.0181755804874565    
6503                   2.5528142029011e-05    0.000612154398924399   0.0181755762837663    
6504                   2.5528127427832e-05    0.000612154022291811   0.0181755720861622    
6505                   2.55281128292816e-05   0.000612153646489225   0.0181755678947709    
6506                   2.55280982377305e-05   0.000612153271530475   0.0181755637097638    
6507                   2.552808365732e-05     0.000612152897431015   0.0181755595313509    
6508                   2.5528069091741e-05    0.000612152524207175   0.0181755553597738    
6509                   2.55280545441461e-05   0.000612152151875403   0.0181755511952996    
6510                   2.55280400171473e-05   0.000612151780451793   0.018175547038213     
6511                   2.55280255128617e-05   0.000612151409951582   0.0181755428888097    
6512                   2.5528011032972e-05    0.000612151040389066   0.0181755387473872    
6513                   2.55279965787948e-05   0.000612150671777476   0.0181755346142381    
6514                   2.55279821513491e-05   0.000612150304128315   0.0181755304896415    
6515                   2.55279677514027e-05   0.00061214993745101    0.0181755263738573    
6516                   2.55279533795185e-05   0.000612149571752152   0.0181755222671195    
6517                   2.55279390360863e-05   0.000612149207035609   0.0181755181696324    
6518                   2.5527924721343e-05    0.000612148843301848   0.0181755140815673    
6519                   2.55279104353946e-05   0.000612148480548151   0.0181755100030611    
6520                   2.55278961782298e-05   0.000612148118768829   0.0181755059342157    
6521                   2.55278819497393e-05   0.000612147757955225   0.0181755018750996    
6522                   2.55278677497292e-05   0.000612147398096085   0.018175497825749     
6523                   2.55278535779376e-05   0.000612147039177844   0.0181754937861717    
6524                   2.55278394340486e-05   0.000612146681184952   0.0181754897563493    
6525                   2.5527825317706e-05    0.000612146324100108   0.0181754857362419    
6526                   2.55278112285281e-05   0.00061214596790479    0.0181754817257912    
6527                   2.55277971661152e-05   0.000612145612579635   0.0181754777249246    
6528                   2.55277831300636e-05   0.000612145258104699   0.0181754737335591    
6529                   2.55277691199726e-05   0.000612144904459873   0.0181754697516043    
6530                   2.55277551354558e-05   0.000612144551625206   0.0181754657789658    
6531                   2.55277411761435e-05   0.000612144199581211   0.0181754618155478    
6532                   2.55277272416857e-05   0.000612143848308952   0.0181754578612557    
6533                   2.55277133317592e-05   0.000612143497790408   0.0181754539159976    
6534                   2.55276994460657e-05   0.000612143148008311   0.0181754499796861    
6535                   2.55276855843334e-05   0.000612142798946586   0.0181754460522392    
6536                   2.55276717463186e-05   0.000612142450590244   0.0181754421335812    
6537                   2.55276579317991e-05   0.000612142102925438   0.0181754382236427    
6538                   2.55276441405766e-05   0.000612141755939488   0.0181754343223611    
6539                   2.5527630372471e-05    0.000612141409620693   0.01817543042968      
6540                   2.55276166273194e-05   0.000612141063958593   0.0181754265455487    
6541                   2.55276029049722e-05   0.000612140718943549   0.0181754226699219    
6542                   2.55275892052905e-05   0.000612140374566798   0.0181754188027591    
6543                   2.55275755281445e-05   0.00061214003082062    0.0181754149440234    
6544                   2.55275618734085e-05   0.000612139687697859   0.0181754110936809    
6545                   2.55275482409596e-05   0.000612139345192089   0.0181754072517004    
6546                   2.5527534630677e-05    0.000612139003297373   0.018175403418052     
6547                   2.55275210424399e-05   0.000612138662008359   0.0181753995927072    
6548                   2.55275074761258e-05   0.000612138321320029   0.0181753957756377    
6549                   2.55274939316118e-05   0.000612137981227848   0.0181753919668155    
6550                   2.55274804087746e-05   0.000612137641727481   0.0181753881662122    
6551                   2.55274669074859e-05   0.000612137302814986   0.0181753843737988    
6552                   2.55274534276191e-05   0.000612136964486546   0.0181753805895456    
6553                   2.55274399690446e-05   0.000612136626738724   0.0181753768134219    
6554                   2.55274265316327e-05   0.00061213628956811    0.0181753730453961    
6555                   2.5527413115254e-05    0.000612135952971502   0.0181753692854355    
6556                   2.55273997197797e-05   0.000612135616946045   0.0181753655335064    
6557                   2.55273863450807e-05   0.000612135281488777   0.0181753617895743    
6558                   2.55273729910322e-05   0.000612134946597117   0.0181753580536034    
6559                   2.55273596575107e-05   0.000612134612268415   0.0181753543255577    
6560                   2.55273463443957e-05   0.000612134278500392   0.0181753506053998    
6561                   2.55273330515675e-05   0.000612133945290704   0.0181753468930922    
6562                   2.55273197789133e-05   0.00061213361263722    0.0181753431885965    
6563                   2.55273065263214e-05   0.000612133280537966   0.0181753394918739    
6564                   2.55272932936858e-05   0.00061213294899103    0.0181753358028851    
6565                   2.55272800809038e-05   0.0006121326179946     0.0181753321215904    
6566                   2.55272668878772e-05   0.000612132287547129   0.0181753284479499    
6567                   2.55272537145085e-05   0.000612131957646946   0.0181753247819233    
6568                   2.55272405607079e-05   0.00061213162829263    0.0181753211234699    
6569                   2.55272274263877e-05   0.000612131299482804   0.0181753174725491    
6570                   2.55272143114652e-05   0.000612130971216203   0.0181753138291198    
6571                   2.5527201215859e-05    0.00061213064349156    0.0181753101931407    
6572                   2.55271881394919e-05   0.000612130316307687   0.0181753065645704    
6573                   2.55271750822899e-05   0.00061212998966346    0.0181753029433674    
6574                   2.55271620441818e-05   0.000612129663557813   0.01817529932949      
6575                   2.55271490250995e-05   0.000612129337989701   0.0181752957228962    
6576                   2.55271360249759e-05   0.000612129012958147   0.0181752921235443    
6577                   2.55271230437493e-05   0.000612128688462116   0.0181752885313921    
6578                   2.55271100813583e-05   0.000612128364500665   0.0181752849463975    
6579                   2.5527097137743e-05    0.000612128041072779   0.0181752813685183    
6580                   2.55270842128454e-05   0.000612127718177569   0.0181752777977122    
6581                   2.55270713066128e-05   0.000612127395814025   0.0181752742339368    
6582                   2.55270584189882e-05   0.000612127073981135   0.0181752706771496    
6583                   2.55270455499177e-05   0.00061212675267793    0.0181752671273079    
6584                   2.55270326993507e-05   0.000612126431903366   0.0181752635843689    
6585                   2.55270198672349e-05   0.000612126111656217   0.0181752600482895    
6586                   2.5527007053517e-05    0.000612125791935424   0.0181752565190261    
6587                   2.5526994258145e-05    0.000612125472739682   0.018175252996535     
6588                   2.55269814810698e-05   0.000612125154067892   0.0181752494807736    
6589                   2.55269687222495e-05   0.000612124835918846   0.0181752459717005    
6590                   2.55269559816299e-05   0.000612124518291065   0.0181752424692706    
6591                   2.55269432591485e-05   0.000612124201182809   0.018175238973437     
6592                   2.55269305547438e-05   0.000612123884592264   0.0181752354841524    
6593                   2.55269178683506e-05   0.00061212356851738    0.0181752320013683    
6594                   2.55269051999034e-05   0.000612123252956019   0.0181752285250354    
6595                   2.55268925493308e-05   0.000612122937905913   0.0181752250551034    
6596                   2.55268799165634e-05   0.000612122623364486   0.0181752215915211    
6597                   2.55268673015271e-05   0.00061212230932912    0.0181752181342363    
6598                   2.55268547041479e-05   0.000612121995796991   0.018175214683196     
6599                   2.5526842124348e-05    0.000612121682765115   0.0181752112383465    
6600                   2.55268295620503e-05   0.000612121370230437   0.0181752077996332    
6601                   2.55268170171771e-05   0.000612121058189703   0.0181752043670011    
6602                   2.55268044896483e-05   0.000612120746639467   0.0181752009403948    
6603                   2.55267919793852e-05   0.000612120435576304   0.0181751975197586    
6604                   2.55267794863091e-05   0.000612120124996594   0.0181751941050366    
6605                   2.5526767010343e-05    0.000612119814896629   0.0181751906961733    
6606                   2.55267545514102e-05   0.000612119505272746   0.0181751872931136    
6607                   2.55267421094373e-05   0.000612119196121181   0.0181751838958026    
6608                   2.55267296843548e-05   0.000612118887438144   0.0181751805041867    
6609                   2.55267172760937e-05   0.00061211857921991    0.0181751771182129    
6610                   2.55267048845923e-05   0.000612118271462727   0.0181751737378296    
6611                   2.5526692509789e-05    0.000612117964162867   0.0181751703629868    
6612                   2.55266801516285e-05   0.000612117657316746   0.0181751669936356    
6613                   2.55266678100607e-05   0.000612117350920734   0.0181751636297293    
6614                   2.55266554850392e-05   0.00061211704497142    0.0181751602712229    
6615                   2.55266431765229e-05   0.000612116739465404   0.0181751569180734    
6616                   2.55266308844754e-05   0.00061211643439947    0.0181751535702397    
6617                   2.55266186088649e-05   0.00061211612977043    0.0181751502276829    
6618                   2.55266063496658e-05   0.000612115825575288   0.0181751468903663    
6619                   2.55265941068547e-05   0.000612115521811166   0.0181751435582552    
6620                   2.5526581880415e-05    0.000612115218475241   0.018175140231317     
6621                   2.55265696703318e-05   0.000612114915564895   0.0181751369095212    
6622                   2.55265574765952e-05   0.000612114613077581   0.018175133592839     
6623                   2.55265452991979e-05   0.000612114311010936   0.0181751302812438    
6624                   2.55265331381347e-05   0.000612114009362581   0.0181751269747104    
6625                   2.55265209934044e-05   0.000612113708130325   0.0181751236732154    
6626                   2.55265088650079e-05   0.000612113407312009   0.0181751203767368    
6627                   2.55264967529454e-05   0.000612113106905589   0.0181751170852539    
6628                   2.55264846572213e-05   0.000612112806909089   0.0181751137987473    
6629                   2.55264725778374e-05   0.000612112507320581   0.0181751105171983    
6630                   2.55264605147729e-05   0.000612112208138322   0.0181751072405893    
6631                   2.55264484680367e-05   0.000612111909360216   0.0181751039689036    
6632                   2.55264364376597e-05   0.000612111610984783   0.0181751007021244    
6633                   2.55264244236193e-05   0.000612111313010031   0.0181750974402361    
6634                   2.55264124259401e-05   0.000612111015434314   0.0181750941832229    
6635                   2.55264004446363e-05   0.000612110718255849   0.0181750909310693    
6636                   2.55263884797141e-05   0.000612110421472921   0.01817508768376      
6637                   2.55263765311732e-05   0.000612110125083847   0.0181750844412795    
6638                   2.55263645990083e-05   0.000612109829086958   0.0181750812036122    
6639                   2.55263526832084e-05   0.000612109533480618   0.0181750779707426    
6640                   2.55263407837649e-05   0.000612109238263141   0.0181750747426545    
6641                   2.55263289006701e-05   0.000612108943432881   0.0181750715193317    
6642                   2.55263170339178e-05   0.000612108648988334   0.0181750683007577    
6643                   2.55263051834994e-05   0.000612108354927763   0.0181750650869156    
6644                   2.55262933494053e-05   0.000612108061249687   0.0181750618777878    
6645                   2.55262815316264e-05   0.000612107767952574   0.0181750586733568    
6646                   2.55262697301506e-05   0.000612107475034955   0.0181750554736044    
6647                   2.55262579449636e-05   0.000612107182495425   0.018175052278512     
6648                   2.55262461760499e-05   0.000612106890332588   0.0181750490880607    
6649                   2.55262344233931e-05   0.000612106598545174   0.0181750459022311    
6650                   2.55262226869756e-05   0.000612106307131868   0.0181750427210035    
6651                   2.55262109667794e-05   0.000612106016091574   0.0181750395443579    
6652                   2.5526199262783e-05    0.000612105725423268   0.0181750363722738    
6653                   2.55261875749676e-05   0.000612105435125947   0.0181750332047304    
6654                   2.55261759033099e-05   0.000612105145198755   0.0181750300417067    
6655                   2.55261642477885e-05   0.000612104855640965   0.0181750268831813    
6656                   2.55261526083775e-05   0.000612104566451874   0.0181750237291326    
6657                   2.55261409850536e-05   0.00061210427763105    0.0181750205795388    
6658                   2.55261293777902e-05   0.000612103989178057   0.0181750174343777    
6659                   2.55261177865614e-05   0.000612103701092636   0.0181750142936271    
6660                   2.55261062113391e-05   0.000612103413374665   0.0181750111572644    
6661                   2.55260946520944e-05   0.000612103126024104   0.0181750080252669    
6662                   2.55260831087988e-05   0.000612102839041105   0.0181750048976118    
6663                   2.55260715814218e-05   0.000612102552425986   0.018175001774276     
6664                   2.55260600699351e-05   0.000612102266179122   0.0181749986552364    
6665                   2.55260485743037e-05   0.000612101980301184   0.0181749955404696    
6666                   2.55260370944973e-05   0.0006121016947928     0.0181749924299522    
6667                   2.55260256304812e-05   0.000612101409654859   0.0181749893236605    
6668                   2.55260141822202e-05   0.000612101124888292   0.0181749862215709    
6669                   2.55260027496807e-05   0.000612100840494326   0.0181749831236594    
6670                   2.55259913328256e-05   0.000612100556474117   0.0181749800299021    
6671                   2.5525979931618e-05    0.000612100272829051   0.0181749769402748    
6672                   2.55259685460212e-05   0.000612099989560713   0.0181749738547534    
6673                   2.55259571759957e-05   0.000612099706670683   0.0181749707733135    
6674                   2.55259458215031e-05   0.000612099424160694   0.0181749676959305    
6675                   2.55259344825019e-05   0.000612099142032635   0.0181749646225799    
6676                   2.55259231589515e-05   0.000612098860288424   0.018174961553237     
6677                   2.55259118508114e-05   0.00061209857893013    0.0181749584878768    
6678                   2.55259005580384e-05   0.000612098297959883   0.0181749554264743    
6679                   2.552588928059e-05     0.000612098017379844   0.0181749523690045    
6680                   2.55258780184223e-05   0.000612097737192362   0.018174949315442     
6681                   2.5525866771491e-05    0.000612097457399769   0.0181749462657614    
6682                   2.55258555397521e-05   0.000612097178004513   0.0181749432199372    
6683                   2.55258443231602e-05   0.000612096899008996   0.0181749401779438    
6684                   2.55258331216691e-05   0.000612096620415684   0.0181749371397554    
6685                   2.55258219352324e-05   0.000612096342227075   0.0181749341053459    
6686                   2.55258107638032e-05   0.000612096064445759   0.0181749310746894    
6687                   2.55257996073355e-05   0.000612095787074237   0.0181749280477596    
6688                   2.55257884657818e-05   0.00061209551011498    0.0181749250245302    
6689                   2.55257773390964e-05   0.000612095233570585   0.0181749220049748    
6690                   2.55257662272294e-05   0.000612094957443523   0.0181749189890667    
6691                   2.55257551301349e-05   0.00061209468173627    0.0181749159767794    
6692                   2.55257440477642e-05   0.000612094406451247   0.0181749129680859    
6693                   2.55257329800699e-05   0.000612094131590772   0.0181749099629595    
6694                   2.55257219270049e-05   0.000612093857157227   0.0181749069613729    
6695                   2.5525710888521e-05    0.000612093583152821   0.0181749039632992    
6696                   2.55256998645703e-05   0.000612093309579657   0.018174900968711     
6697                   2.55256888551049e-05   0.000612093036439925   0.0181748979775811    
6698                   2.55256778600779e-05   0.000612092763735495   0.0181748949898821    
6699                   2.55256668794418e-05   0.000612092491468341   0.0181748920055864    
6700                   2.55256559131508e-05   0.000612092219640175   0.0181748890246665    
6701                   2.55256449611568e-05   0.000612091948252604   0.0181748860470948    
6702                   2.55256340234142e-05   0.000612091677307145   0.0181748830728436    
6703                   2.55256230998749e-05   0.000612091406805233   0.0181748801018852    
6704                   2.55256121904946e-05   0.000612091136748047   0.0181748771341917    
6705                   2.55256012952265e-05   0.000612090867136695   0.0181748741697353    
6706                   2.55255904140246e-05   0.000612090597972124   0.0181748712084881    
6707                   2.55255795468457e-05   0.000612090329255096   0.0181748682504224    
6708                   2.55255686936438e-05   0.000612090060986266   0.0181748652955101    
6709                   2.55255578543749e-05   0.000612089793166095   0.0181748623437234    
6710                   2.55255470289934e-05   0.000612089525794883   0.0181748593950344    
6711                   2.55255362174546e-05   0.000612089258872715   0.018174856449415     
6712                   2.55255254197168e-05   0.000612088992399532   0.0181748535068376    
6713                   2.55255146357342e-05   0.000612088726375137   0.0181748505672741    
6714                   2.55255038654656e-05   0.000612088460799147   0.0181748476306968    
6715                   2.55254931088663e-05   0.000612088195670927   0.0181748446970779    
6716                   2.55254823658941e-05   0.000612087930989791   0.0181748417663898    
6717                   2.55254716365072e-05   0.000612087666754779   0.0181748388386047    
6718                   2.5525460920663e-05    0.000612087402964846   0.0181748359136951    
6719                   2.55254502183189e-05   0.000612087139618699   0.0181748329916336    
6720                   2.55254395294336e-05   0.00061208687671493    0.0181748300723927    
6721                   2.55254288539632e-05   0.000612086614251926   0.0181748271559451    
6722                   2.5525418191868e-05    0.000612086352227957   0.0181748242422638    
6723                   2.55254075431053e-05   0.000612086090641132   0.0181748213313218    
6724                   2.55253969076352e-05   0.000612085829489357   0.0181748184230921    
6725                   2.55253862854147e-05   0.000612085568770501   0.018174815517548     
6726                   2.55253756764042e-05   0.000612085308482202   0.0181748126146631    
6727                   2.55253650805633e-05   0.000612085048621986   0.0181748097144109    
6728                   2.55253544978493e-05   0.000612084789187302   0.0181748068167654    
6729                   2.55253439282228e-05   0.000612084530175405   0.0181748039217005    
6730                   2.55253333716417e-05   0.000612084271583519   0.0181748010291906    
6731                   2.5525322828067e-05    0.000612084013408732   0.01817479813921      
6732                   2.55253122974569e-05   0.000612083755647929   0.0181747952517337    
6733                   2.55253017797727e-05   0.000612083498298161   0.0181747923667365    
6734                   2.55252912749713e-05   0.000612083241356189   0.0181747894841937    
6735                   2.55252807830141e-05   0.00061208298481878    0.0181747866040809    
6736                   2.55252703038597e-05   0.000612082728682668   0.0181747837263738    
6737                   2.55252598374682e-05   0.000612082472944457   0.0181747808510486    
6738                   2.55252493837999e-05   0.000612082217600804   0.0181747779780817    
6739                   2.55252389428131e-05   0.000612081962648219   0.0181747751074498    
6740                   2.55252285144693e-05   0.000612081708083298   0.01817477223913      
6741                   2.55252180987279e-05   0.000612081453902598   0.0181747693730997    
6742                   2.55252076955499e-05   0.000612081200102667   0.0181747665093366    
6743                   2.5525197304894e-05    0.000612080946679997   0.0181747636478188    
6744                   2.55251869267202e-05   0.000612080693631209   0.0181747607885248    
6745                   2.55251765609888e-05   0.000612080440952909   0.0181747579314334    
6746                   2.55251662076676e-05   0.000612080188641589   0.0181747550765238    
6747                   2.55251558667072e-05   0.000612079936694128   0.0181747522237757    
6748                   2.55251455380776e-05   0.000612079685107062   0.0181747493731691    
6749                   2.55251352217294e-05   0.000612079433877217   0.0181747465246844    
6750                   2.55251249176272e-05   0.000612079183001473   0.0181747436783025    
6751                   2.55251146257292e-05   0.000612078932476692   0.0181747408340045    
6752                   2.55251043459926e-05   0.000612078682299911   0.0181747379917723    
6753                   2.55250940783823e-05   0.000612078432468236   0.0181747351515879    
6754                   2.55250838228616e-05   0.000612078182978831   0.0181747323134341    
6755                   2.55250735793944e-05   0.000612077933828948   0.0181747294772937    
6756                   2.55250633479435e-05   0.000612077685015989   0.0181747266431504    
6757                   2.55250531284738e-05   0.000612077436537498   0.0181747238109881    
6758                   2.55250429209458e-05   0.000612077188391005   0.0181747209807912    
6759                   2.55250327253221e-05   0.000612076940574304   0.0181747181525447    
6760                   2.55250225415676e-05   0.000612076693085244   0.018174715326234     
6761                   2.55250123696448e-05   0.000612076445921785   0.0181747125018449    
6762                   2.55250022095187e-05   0.000612076199082049   0.0181747096793637    
6763                   2.55249920611535e-05   0.000612075952564319   0.0181747068587773    
6764                   2.55249819245141e-05   0.000612075706366944   0.0181747040400729    
6765                   2.55249717995656e-05   0.000612075460488455   0.0181747012232383    
6766                   2.55249616862735e-05   0.000612075214927517   0.0181746984082617    
6767                   2.5524951584604e-05    0.00061207496968292    0.0181746955951319    
6768                   2.55249414945216e-05   0.000612074724753584   0.0181746927838378    
6769                   2.55249314159943e-05   0.00061207448013859    0.0181746899743693    
6770                   2.55249213489881e-05   0.000612074235837078   0.0181746871667162    
6771                   2.55249112934708e-05   0.000612073991848446   0.0181746843608692    
6772                   2.55249012494095e-05   0.000612073748172074   0.0181746815568192    
6773                   2.55248912167733e-05   0.000612073504807639   0.0181746787545576    
6774                   2.55248811955298e-05   0.00061207326175478    0.0181746759540761    
6775                   2.55248711856476e-05   0.000612073019013365   0.018174673155367     
6776                   2.55248611870956e-05   0.000612072776583315   0.0181746703584231    
6777                   2.55248511998441e-05   0.000612072534464662   0.0181746675632372    
6778                   2.55248412238614e-05   0.000612072292657601   0.0181746647698029    
6779                   2.55248312591195e-05   0.000612072051162417   0.0181746619781139    
6780                   2.55248213055893e-05   0.000612071809979432   0.0181746591881644    
6781                   2.55248113632408e-05   0.000612071569109107   0.0181746563999491    
6782                   2.55248014320467e-05   0.000612071328552004   0.0181746536134627    
6783                   2.55247915119784e-05   0.000612071088308687   0.0181746508287006    
6784                   2.55247816030078e-05   0.00061207084837988    0.0181746480456582    
6785                   2.55247717051081e-05   0.000612070608766356   0.0181746452643315    
6786                   2.55247618182513e-05   0.000612070369468905   0.0181746424847167    
6787                   2.55247519424111e-05   0.000612070130488456   0.0181746397068101    
6788                   2.55247420775616e-05   0.000612069891825834   0.0181746369306085    
6789                   2.55247322236764e-05   0.000612069653482038   0.0181746341561091    
6790                   2.5524722380731e-05    0.000612069415458111   0.0181746313833089    
6791                   2.55247125486984e-05   0.000612069177755032   0.0181746286122055    
6792                   2.55247027275548e-05   0.000612068940373803   0.0181746258427966    
6793                   2.55246929172739e-05   0.000612068703315534   0.0181746230750802    
6794                   2.55246831178314e-05   0.000612068466581221   0.0181746203090543    
6795                   2.55246733292045e-05   0.000612068230171948   0.0181746175447174    
6796                   2.55246635513681e-05   0.000612067994088722   0.0181746147820679    
6797                   2.55246537842987e-05   0.00061206775833266    0.0181746120211045    
6798                   2.55246440279734e-05   0.000612067522904675   0.018174609261826     
6799                   2.55246342823685e-05   0.000612067287805825   0.0181746065042314    
6800                   2.55246245474607e-05   0.000612067053037019   0.0181746037483198    
6801                   2.55246148232273e-05   0.000612066818599221   0.0181746009940903    
6802                   2.55246051096464e-05   0.000612066584493265   0.0181745982415424    
6803                   2.55245954066949e-05   0.000612066350719985   0.0181745954906755    
6804                   2.55245857143516e-05   0.000612066117280201   0.018174592741489     
6805                   2.55245760325942e-05   0.00061206588417458    0.0181745899939826    
6806                   2.55245663613996e-05   0.000612065651403793   0.018174587248156     
6807                   2.55245567007474e-05   0.000612065418968421   0.0181745845040088    
6808                   2.55245470506155e-05   0.000612065186868942   0.0181745817615409    
6809                   2.55245374109844e-05   0.000612064955105847   0.0181745790207521    
6810                   2.55245277818308e-05   0.000612064723679497   0.0181745762816422    
6811                   2.55245181631353e-05   0.000612064492590227   0.0181745735442113    
6812                   2.55245085548761e-05   0.00061206426183818    0.0181745708084591    
6813                   2.55244989570333e-05   0.000612064031423494   0.0181745680743857    
6814                   2.55244893695865e-05   0.000612063801346221   0.0181745653419911    
6815                   2.55244797925153e-05   0.000612063571606304   0.018174562611275     
6816                   2.55244702257992e-05   0.000612063342203672   0.0181745598822376    
6817                   2.55244606694182e-05   0.000612063113137994   0.0181745571548788    
6818                   2.55244511233523e-05   0.000612062884409125   0.0181745544291985    
6819                   2.55244415875828e-05   0.000612062656016528   0.0181745517051966    
6820                   2.55244320620894e-05   0.00061206242795981    0.0181745489828731    
6821                   2.55244225468529e-05   0.000612062200238322   0.0181745462622278    
6822                   2.55244130418527e-05   0.000612061972851431   0.0181745435432605    
6823                   2.552440354707e-05     0.000612061745798419   0.0181745408259712    
6824                   2.55243940624864e-05   0.000612061519078517   0.0181745381103594    
6825                   2.55243845880825e-05   0.00061206129269071    0.0181745353964251    
6826                   2.55243751238405e-05   0.000612061066634081   0.0181745326841679    
6827                   2.55243656697412e-05   0.000612060840907575   0.0181745299735875    
6828                   2.55243562257641e-05   0.00061206061551002    0.0181745272646834    
6829                   2.55243467918927e-05   0.000612060390440275   0.0181745245574552    
6830                   2.55243373681092e-05   0.000612060165696983   0.0181745218519025    
6831                   2.55243279543941e-05   0.000612059941278846   0.0181745191480246    
6832                   2.55243185507304e-05   0.000612059717184431   0.0181745164458211    
6833                   2.55243091570991e-05   0.000612059493412253   0.0181745137452911    
6834                   2.55242997734823e-05   0.000612059269960806   0.0181745110464341    
6835                   2.55242903998631e-05   0.000612059046828541   0.0181745083492493    
6836                   2.55242810362235e-05   0.00061205882401379    0.0181745056537358    
6837                   2.55242716825464e-05   0.000612058601514975   0.0181745029598928    
6838                   2.55242623388145e-05   0.000612058379330292   0.0181745002677193    
6839                   2.55242530050113e-05   0.000612058157458102   0.0181744975772143    
6840                   2.55242436811185e-05   0.000612057935896544   0.0181744948883768    
6841                   2.55242343671203e-05   0.000612057714643859   0.0181744922012057    
6842                   2.55242250629996e-05   0.000612057493698215   0.0181744895156998    
6843                   2.55242157687402e-05   0.000612057273057714   0.0181744868318578    
6844                   2.55242064843252e-05   0.000612057052720554   0.0181744841496784    
6845                   2.55241972097386e-05   0.000612056832684846   0.0181744814691603    
6846                   2.55241879449639e-05   0.000612056612948658   0.0181744787903021    
6847                   2.55241786899851e-05   0.000612056393510194   0.0181744761131023    
6848                   2.55241694447874e-05   0.000612056174367511   0.0181744734375593    
6849                   2.55241602093536e-05   0.000612055955518786   0.0181744707636715    
6850                   2.55241509836477e-05   0.000612055736962196   0.0181744680914373    
6851                   2.55241417676598e-05   0.000612055518695751   0.018174465420855     
6852                   2.55241325613932e-05   0.000612055300717699   0.0181744627519228    
6853                   2.55241233648317e-05   0.000612055083026125   0.0181744600846388    
6854                   2.55241141779732e-05   0.000612054865619301   0.0181744574190013    
6855                   2.55241050007729e-05   0.000612054648495395   0.0181744547550082    
6856                   2.55240958332251e-05   0.000612054431652723   0.0181744520926575    
6857                   2.55240866753223e-05   0.000612054215089536   0.0181744494319473    
6858                   2.55240775270553e-05   0.000612053998804149   0.0181744467728754    
6859                   2.55240683884122e-05   0.000612053782794846   0.0181744441154396    
6860                   2.55240592593781e-05   0.0006120535670601     0.0181744414596378    
6861                   2.55240501399358e-05   0.00061205335159827    0.0181744388054677    
6862                   2.55240410300669e-05   0.000612053136407885   0.0181744361529269    
6863                   2.55240319297566e-05   0.000612052921487423   0.0181744335020131    
6864                   2.55240228389893e-05   0.000612052706835446   0.0181744308527239    
6865                   2.55240137577525e-05   0.000612052492450564   0.0181744282050568    
6866                   2.55240046860326e-05   0.000612052278331432   0.0181744255590094    
6867                   2.55239956238169e-05   0.000612052064476724   0.0181744229145789    
6868                   2.55239865710922e-05   0.000612051850885181   0.0181744202717629    
6869                   2.55239775278451e-05   0.000612051637555587   0.0181744176305587    
6870                   2.5523968494063e-05    0.000612051424486808   0.0181744149909634    
6871                   2.55239594697335e-05   0.000612051211677752   0.0181744123529745    
6872                   2.55239504548425e-05   0.000612050999127289   0.018174409716589     
6873                   2.55239414493776e-05   0.000612050786834434   0.0181744070818041    
6874                   2.55239324533257e-05   0.000612050574798223   0.018174404448617     
6875                   2.5523923466674e-05    0.00061205036301775    0.0181744018170246    
6876                   2.55239144894099e-05   0.000612050151492131   0.018174399187024     
6877                   2.55239055215209e-05   0.000612049940220514   0.0181743965586121    
6878                   2.55238965629947e-05   0.000612049729202131   0.0181743939317858    
6879                   2.55238876138185e-05   0.000612049518436239   0.0181743913065421    
6880                   2.55238786739789e-05   0.000612049307922141   0.0181743886828777    
6881                   2.5523869743464e-05    0.000612049097659193   0.0181743860607894    
6882                   2.55238608222621e-05   0.000612048887646734   0.018174383440274     
6883                   2.55238519103595e-05   0.000612048677884208   0.0181743808213281    
6884                   2.55238430077447e-05   0.000612048468370977   0.0181743782039484    
6885                   2.55238341144042e-05   0.000612048259106611   0.0181743755881315    
6886                   2.55238252303264e-05   0.000612048050090561   0.018174372973874     
6887                   2.55238163554987e-05   0.00061204784132238    0.0181743703611724    
6888                   2.55238074899092e-05   0.00061204763280164    0.0181743677500232    
6889                   2.55237986335452e-05   0.00061204742452791    0.0181743651404229    
6890                   2.55237897863942e-05   0.00061204721650076    0.0181743625323678    
6891                   2.55237809484437e-05   0.000612047008719904   0.0181743599258543    
6892                   2.55237721196822e-05   0.000612046801184921   0.0181743573208788    
6893                   2.55237633000964e-05   0.000612046593895461   0.0181743547174375    
6894                   2.55237544896734e-05   0.000612046386851202   0.0181743521155267    
6895                   2.55237456884019e-05   0.000612046180051788   0.0181743495151427    
6896                   2.55237368962698e-05   0.00061204597349698    0.0181743469162816    
6897                   2.55237281132642e-05   0.000612045767186436   0.0181743443189396    
6898                   2.55237193393722e-05   0.000612045561119819   0.0181743417231128    
6899                   2.55237105745829e-05   0.000612045355296808   0.0181743391287973    
6900                   2.55237018188824e-05   0.000612045149717106   0.0181743365359892    
6901                   2.55236930722587e-05   0.000612044944380404   0.0181743339446845    
6902                   2.55236843346985e-05   0.000612044739286335   0.0181743313548792    
6903                   2.55236756061909e-05   0.000612044534434621   0.0181743287665693    
6904                   2.55236668867221e-05   0.000612044329824888   0.0181743261797509    
6905                   2.55236581762801e-05   0.000612044125456795   0.0181743235944197    
6906                   2.55236494748527e-05   0.000612043921329979   0.0181743210105717    
6907                   2.55236407824273e-05   0.000612043717444041   0.0181743184282029    
6908                   2.55236320989917e-05   0.000612043513798572   0.018174315847309     
6909                   2.55236234245321e-05   0.000612043310393166   0.018174313267886     
6910                   2.55236147590375e-05   0.000612043107227329   0.0181743106899297    
6911                   2.55236061024941e-05   0.000612042904300681   0.0181743081134359    
6912                   2.55235974548887e-05   0.000612042701612692   0.0181743055384005    
6913                   2.55235888162104e-05   0.000612042499162893   0.0181743029648193    
6914                   2.55235801864455e-05   0.00061204229695068    0.018174300392688     
6915                   2.55235715655827e-05   0.000612042094975575   0.0181742978220024    
6916                   2.55235629536083e-05   0.000612041893236964   0.0181742952527584    
6917                   2.55235543505105e-05   0.000612041691734254   0.0181742926849518    
6918                   2.55235457562756e-05   0.000612041490466755   0.0181742901185782    
6919                   2.5523537170891e-05    0.000612041289433848   0.0181742875536336    
6920                   2.55235285943452e-05   0.000612041088634827   0.0181742849901137    
6921                   2.55235200266256e-05   0.000612040888069004   0.0181742824280143    
6922                   2.55235114677199e-05   0.000612040687735595   0.0181742798673312    
6923                   2.55235029176145e-05   0.00061204048763385    0.0181742773080602    
6924                   2.55234943762977e-05   0.00061204028776295    0.0181742747501972    
6925                   2.55234858437559e-05   0.000612040088122093   0.018174272193738     
6926                   2.55234773199786e-05   0.000612039888710414   0.0181742696386785    
6927                   2.55234688049527e-05   0.000612039689527058   0.0181742670850145    
6928                   2.55234602986672e-05   0.000612039490571123   0.018174264532742     
6929                   2.55234518011086e-05   0.000612039291841676   0.0181742619818568    
6930                   2.55234433122645e-05   0.00061203909333775    0.018174259432355     
6931                   2.55234348321232e-05   0.00061203889505842    0.0181742568842325    
6932                   2.5523426360672e-05    0.000612038697002656   0.0181742543374854    
6933                   2.55234178978998e-05   0.000612038499169467   0.0181742517921096    
6934                   2.55234094437947e-05   0.000612038301557818   0.0181742492481013    
6935                   2.5523400998344e-05    0.000612038104166682   0.0181742467054566    
6936                   2.55233925615367e-05   0.000612037906994991   0.0181742441641716    
6937                   2.55233841333617e-05   0.000612037710041646   0.0181742416242425    
6938                   2.55233757138068e-05   0.000612037513305588   0.0181742390856656    
6939                   2.55233673028596e-05   0.000612037316785703   0.0181742365484372    
6940                   2.55233589005099e-05   0.000612037120480917   0.0181742340125536    
6941                   2.55233505067449e-05   0.000612036924390056   0.0181742314780112    
6942                   2.55233421215541e-05   0.000612036728512043   0.0181742289448065    
6943                   2.55233337449277e-05   0.000612036532845725   0.0181742264129359    
6944                   2.55233253768528e-05   0.000612036337390022   0.018174223882396     
6945                   2.55233170173197e-05   0.000612036142143707   0.0181742213531834    
6946                   2.55233086663168e-05   0.000612035947105748   0.0181742188252948    
6947                   2.55233003238347e-05   0.000612035752274914   0.0181742162987269    
6948                   2.55232919898606e-05   0.000612035557650142   0.0181742137734765    
6949                   2.55232836643856e-05   0.000612035363230265   0.0181742112495405    
6950                   2.55232753473992e-05   0.000612035169014121   0.0181742087269157    
6951                   2.55232670388905e-05   0.000612034975000675   0.0181742062055993    
6952                   2.55232587388486e-05   0.00061203478118879    0.0181742036855882    
6953                   2.55232504472641e-05   0.000612034587577366   0.0181742011668796    
6954                   2.55232421641288e-05   0.000612034394165343   0.0181741986494707    
6955                   2.55232338894309e-05   0.00061203420095163    0.0181741961333588    
6956                   2.55232256231611e-05   0.000612034007935201   0.0181741936185412    
6957                   2.55232173653086e-05   0.000612033815114986   0.0181741911050153    
6958                   2.55232091158651e-05   0.000612033622489979   0.0181741885927787    
6959                   2.55232008748212e-05   0.000612033430059197   0.0181741860818288    
6960                   2.5523192642167e-05    0.000612033237821619   0.0181741835721634    
6961                   2.55231844178944e-05   0.000612033045776233   0.0181741810637802    
6962                   2.55231762019925e-05   0.000612032853922186   0.018174178556677     
6963                   2.55231679944531e-05   0.00061203266225848    0.0181741760508516    
6964                   2.55231597952677e-05   0.000612032470784229   0.018174173546302     
6965                   2.55231516044262e-05   0.000612032279498565   0.0181741710430262    
6966                   2.55231434219226e-05   0.000612032088400645   0.0181741685410224    
6967                   2.55231352477448e-05   0.000612031897489653   0.0181741660402886    
6968                   2.55231270818864e-05   0.000612031706764756   0.0181741635408232    
6969                   2.55231189243385e-05   0.000612031516225184   0.0181741610426244    
6970                   2.55231107750923e-05   0.000612031325870163   0.0181741585456906    
6971                   2.55231026341398e-05   0.000612031135698972   0.0181741560500204    
6972                   2.55230945014713e-05   0.000612030945710901   0.0181741535556122    
6973                   2.55230863770787e-05   0.000612030755905301   0.0181741510624647    
6974                   2.55230782609556e-05   0.000612030566281502   0.0181741485705765    
6975                   2.55230701530929e-05   0.000612030376838898   0.0181741460799464    
6976                   2.55230620534821e-05   0.000612030187576846   0.0181741435905731    
6977                   2.55230539621151e-05   0.000612029998494767   0.0181741411024556    
6978                   2.55230458789836e-05   0.000612029809592158   0.0181741386155928    
6979                   2.55230378040806e-05   0.000612029620868447   0.0181741361299836    
6980                   2.55230297373973e-05   0.000612029432323183   0.0181741336456272    
6981                   2.55230216789295e-05   0.00061202924395576    0.0181741311625227    
6982                   2.55230136286618e-05   0.000612029055765934   0.0181741286806692    
6983                   2.55230055865947e-05   0.000612028867753027   0.0181741262000659    
6984                   2.55229975527122e-05   0.000612028679916803   0.0181741237207122    
6985                   2.55229895270054e-05   0.000612028492256847   0.0181741212426073    
6986                   2.55229815094731e-05   0.000612028304772711   0.0181741187657506    
6987                   2.55229735000999e-05   0.000612028117464103   0.0181741162901417    
6988                   2.55229654988842e-05   0.000612027930330677   0.0181741138157798    
6989                   2.55229575058171e-05   0.000612027743372128   0.0181741113426646    
6990                   2.55229495208893e-05   0.000612027556588128   0.0181741088707955    
6991                   2.55229415440916e-05   0.000612027369978435   0.0181741064001722    
6992                   2.55229335754165e-05   0.000612027183542742   0.0181741039307944    
6993                   2.55229256148571e-05   0.000612026997280781   0.0181741014626615    
6994                   2.55229176624047e-05   0.000612026811192322   0.0181740989957734    
6995                   2.5522909718051e-05    0.000612026625277108   0.0181740965301298    
6996                   2.55229017817877e-05   0.000612026439534942   0.0181740940657303    
6997                   2.55228938536079e-05   0.000612026253965619   0.0181740916025749    
6998                   2.55228859335022e-05   0.000612026068568936   0.0181740891406632    
6999                   2.55228780214629e-05   0.00061202588334461    0.018174086679995     
7000                   2.55228701174803e-05   0.000612025698292509   0.0181740842205703    
7001                   2.55228622215464e-05   0.000612025513412421   0.0181740817623888    
7002                   2.55228543336522e-05   0.000612025328704141   0.0181740793054505    
7003                   2.55228464537893e-05   0.000612025144167522   0.0181740768497551    
7004                   2.55228385819486e-05   0.000612024959802354   0.0181740743953027    
7005                   2.55228307181214e-05   0.000612024775608454   0.018174071942093     
7006                   2.55228228622975e-05   0.000612024591585673   0.0181740694901259    
7007                   2.55228150144687e-05   0.000612024407733804   0.0181740670394015    
7008                   2.55228071746262e-05   0.00061202422405267    0.0181740645899196    
7009                   2.55227993427599e-05   0.000612024040541987   0.01817406214168      
7010                   2.55227915188611e-05   0.000612023857201728   0.0181740596946828    
7011                   2.55227837029196e-05   0.000612023674031576   0.0181740572489279    
7012                   2.55227758949262e-05   0.000612023491031329   0.0181740548044151    
7013                   2.55227680948691e-05   0.000612023308200823   0.0181740523611444    
7014                   2.55227603027415e-05   0.000612023125539778   0.0181740499191156    
7015                   2.55227525185316e-05   0.000612022943048029   0.0181740474783287    
7016                   2.55227447422315e-05   0.000612022760725319   0.0181740450387836    
7017                   2.55227369738286e-05   0.000612022578571426   0.0181740426004801    
7018                   2.55227292133137e-05   0.000612022396586021   0.0181740401634181    
7019                   2.55227214606774e-05   0.000612022214768937   0.0181740377275975    
7020                   2.55227137159073e-05   0.000612022033119835   0.0181740352930181    
7021                   2.55227059789948e-05   0.000612021851638453   0.0181740328596798    
7022                   2.55226982499281e-05   0.000612021670324514   0.0181740304275823    
7023                   2.55226905286981e-05   0.000612021489177753   0.0181740279967256    
7024                   2.55226828152925e-05   0.000612021308197751   0.0181740255671092    
7025                   2.55226751097013e-05   0.000612021127384232   0.0181740231387332    
7026                   2.55226674119126e-05   0.000612020946736861   0.0181740207115972    
7027                   2.55226597219164e-05   0.00061202076625529    0.0181740182857009    
7028                   2.55226520397027e-05   0.000612020585939192   0.0181740158610441    
7029                   2.5522644365258e-05    0.000612020405788169   0.0181740134376265    
7030                   2.55226366985723e-05   0.000612020225801829   0.0181740110154477    
7031                   2.5522629039634e-05    0.000612020045979755   0.0181740085945075    
7032                   2.55226213884309e-05   0.00061201986632157    0.0181740061748054    
7033                   2.55226137449534e-05   0.000612019686826894   0.0181740037563412    
7034                   2.55226061091884e-05   0.000612019507495314   0.0181740013391144    
7035                   2.55225984811252e-05   0.000612019328326349   0.0181739989231246    
7036                   2.55225908607518e-05   0.000612019149319537   0.0181739965083714    
7037                   2.55225832480557e-05   0.000612018970474464   0.0181739940948542    
7038                   2.55225756430253e-05   0.000612018791790628   0.0181739916825728    
7039                   2.55225680456486e-05   0.000612018613267592   0.0181739892715264    
7040                   2.5522560455914e-05    0.000612018434904874   0.0181739868617147    
7041                   2.55225528738099e-05   0.000612018256701993   0.0181739844531371    
7042                   2.55225452993243e-05   0.000612018078658417   0.018173982045793     
7043                   2.55225377324463e-05   0.000612017900773685   0.018173979639682     
7044                   2.55225301731616e-05   0.000612017723047297   0.0181739772348033    
7045                   2.55225226214581e-05   0.000612017545478706   0.0181739748311563    
7046                   2.5522515077323e-05    0.000612017368067421   0.0181739724287405    
7047                   2.55225075407444e-05   0.000612017190812918   0.0181739700275552    
7048                   2.55225000117109e-05   0.000612017013714677   0.0181739676275998    
7049                   2.55224924902103e-05   0.00061201683677217    0.0181739652288735    
7050                   2.55224849762296e-05   0.00061201665998488    0.0181739628313756    
7051                   2.55224774697568e-05   0.000612016483352294   0.0181739604351055    
7052                   2.55224699707795e-05   0.000612016306873841   0.0181739580400625    
7053                   2.55224624792846e-05   0.000612016130549039   0.0181739556462458    
7054                   2.55224549952593e-05   0.000612015954377266   0.0181739532536546    
7055                   2.5522447518692e-05    0.00061201577835811    0.0181739508622882    
7056                   2.55224400495705e-05   0.000612015602490967   0.0181739484721458    
7057                   2.55224325878806e-05   0.000612015426775317   0.0181739460832267    
7058                   2.55224251336113e-05   0.000612015251210698   0.0181739436955301    
7059                   2.55224176867497e-05   0.000612015075796558   0.0181739413090552    
7060                   2.55224102472838e-05   0.000612014900532383   0.0181739389238012    
7061                   2.55224028152011e-05   0.000612014725417668   0.0181739365397672    
7062                   2.55223953904881e-05   0.000612014550451906   0.0181739341569525    
7063                   2.55223879731327e-05   0.000612014375634555   0.0181739317753563    
7064                   2.55223805631219e-05   0.000612014200965159   0.0181739293949778    
7065                   2.55223731604441e-05   0.000612014026443255   0.0181739270158162    
7066                   2.5522365765087e-05    0.000612013852068358   0.0181739246378706    
7067                   2.55223583770382e-05   0.000612013677839962   0.0181739222611403    
7068                   2.55223509962855e-05   0.000612013503757646   0.0181739198856244    
7069                   2.5522343622815e-05    0.000612013329820943   0.0181739175113221    
7070                   2.55223362566166e-05   0.000612013156029352   0.0181739151382328    
7071                   2.55223288976765e-05   0.000612012982382476   0.0181739127663555    
7072                   2.55223215459831e-05   0.000612012808879907   0.0181739103956896    
7073                   2.55223142015232e-05   0.000612012635521203   0.0181739080262342    
7074                   2.55223068642851e-05   0.00061201246230594    0.0181739056579886    
7075                   2.55222995342571e-05   0.000612012289233749   0.0181739032909522    
7076                   2.55222922114268e-05   0.000612012116304211   0.018173900925124     
7077                   2.55222848957827e-05   0.000612011943516946   0.0181738985605035    
7078                   2.55222775873116e-05   0.000612011770871541   0.01817389619709      
7079                   2.55222702860026e-05   0.000612011598367687   0.0181738938348827    
7080                   2.55222629918431e-05   0.000612011426005034   0.0181738914738811    
7081                   2.55222557048217e-05   0.00061201125378322    0.0181738891140845    
7082                   2.55222484249275e-05   0.000612011081701899   0.0181738867554923    
7083                   2.55222411521465e-05   0.000612010909760782   0.0181738843981039    
7084                   2.55222338864701e-05   0.000612010737959551   0.0181738820419188    
7085                   2.55222266278846e-05   0.000612010566297866   0.0181738796869364    
7086                   2.55222193763789e-05   0.000612010394775528   0.0181738773331562    
7087                   2.55222121319419e-05   0.000612010223392168   0.0181738749805778    
7088                   2.55222048945619e-05   0.000612010052147528   0.0181738726292007    
7089                   2.55221976642277e-05   0.000612009881041311   0.0181738702790245    
7090                   2.55221904409277e-05   0.000612009710073333   0.0181738679300488    
7091                   2.55221832246516e-05   0.000612009539243322   0.0181738655822733    
7092                   2.55221760153881e-05   0.000612009368550993   0.0181738632356977    
7093                   2.55221688131253e-05   0.000612009197996141   0.0181738608903216    
7094                   2.5522161617853e-05    0.000612009027578536   0.018173858546145     
7095                   2.55221544295606e-05   0.000612008857297981   0.0181738562031675    
7096                   2.55221472482374e-05   0.000612008687154248   0.018173853861389     
7097                   2.55221400738729e-05   0.000612008517147117   0.0181738515208094    
7098                   2.55221329064563e-05   0.000612008347276456   0.0181738491814287    
7099                   2.55221257459774e-05   0.000612008177542038   0.0181738468432468    
7100                   2.55221185924255e-05   0.000612008007943662   0.0181738445062637    
7101                   2.55221114457911e-05   0.000612007838481168   0.0181738421704796    
7102                   2.55221043060635e-05   0.000612007669154405   0.0181738398358945    
7103                   2.55220971732325e-05   0.00061200749996318    0.0181738375025085    
7104                   2.55220900472882e-05   0.000612007330907314   0.018173835170322     
7105                   2.55220829282214e-05   0.000612007161986698   0.0181738328393351    
7106                   2.55220758160228e-05   0.000612006993201109   0.0181738305095482    
7107                   2.55220687106804e-05   0.000612006824550504   0.0181738281809616    
7108                   2.55220616121863e-05   0.00061200665603457    0.0181738258535758    
7109                   2.55220545205313e-05   0.000612006487653234   0.0181738235273913    
7110                   2.55220474357066e-05   0.000612006319406371   0.0181738212024084    
7111                   2.55220403577023e-05   0.000612006151293838   0.0181738188786279    
7112                   2.55220332865087e-05   0.000612005983315499   0.0181738165560504    
7113                   2.55220262221168e-05   0.000612005815471179   0.0181738142346766    
7114                   2.5522019164518e-05    0.000612005647760803   0.0181738119145071    
7115                   2.55220121137033e-05   0.000612005480184185   0.0181738095955429    
7116                   2.55220050696656e-05   0.000612005312741171   0.0181738072777848    
7117                   2.55219980323953e-05   0.000612005145431642   0.0181738049612336    
7118                   2.55219910018839e-05   0.000612004978255479   0.0181738026458905    
7119                   2.55219839781224e-05   0.000612004811212521   0.0181738003317564    
7120                   2.55219769611041e-05   0.000612004644302631   0.0181737980188324    
7121                   2.55219699508208e-05   0.000612004477525713   0.0181737957071197    
7122                   2.55219629472634e-05   0.000612004310881605   0.0181737933966195    
7123                   2.55219559504234e-05   0.000612004144370139   0.0181737910873332    
7124                   2.55219489602947e-05   0.000612003977991186   0.0181737887792619    
7125                   2.55219419768683e-05   0.000612003811744595   0.0181737864724072    
7126                   2.55219350001384e-05   0.000612003645630264   0.0181737841667705    
7127                   2.55219280300968e-05   0.000612003479647999   0.0181737818623534    
7128                   2.55219210667358e-05   0.000612003313797678   0.0181737795591573    
7129                   2.55219141100473e-05   0.000612003148079148   0.018173777257184     
7130                   2.55219071600254e-05   0.000612002982492247   0.0181737749564352    
7131                   2.55219002166646e-05   0.000612002817036857   0.0181737726569126    
7132                   2.55218932799562e-05   0.0006120026517128     0.0181737703586181    
7133                   2.55218863498934e-05   0.000612002486519924   0.0181737680615536    
7134                   2.55218794264694e-05   0.000612002321458065   0.0181737657657209    
7135                   2.55218725096782e-05   0.000612002156527005   0.0181737634711221    
7136                   2.55218655995129e-05   0.000612001991726656   0.0181737611777594    
7137                   2.55218586959679e-05   0.000612001827056834   0.0181737588856347    
7138                   2.55218517990364e-05   0.000612001662517354   0.0181737565947504    
7139                   2.55218449087126e-05   0.000612001498108113   0.0181737543051085    
7140                   2.5521838024991e-05    0.000612001333828873   0.0181737520167116    
7141                   2.55218311478647e-05   0.00061200116967947    0.0181737497295618    
7142                   2.55218242773282e-05   0.000612001005659764   0.0181737474436617    
7143                   2.55218174133752e-05   0.000612000841769577   0.0181737451590137    
7144                   2.55218105560006e-05   0.000612000678008672   0.0181737428756203    
7145                   2.5521803705199e-05    0.00061200051437697    0.0181737405934841    
7146                   2.55217968609646e-05   0.00061200035087421    0.0181737383126079    
7147                   2.55217900232929e-05   0.000612000187500309   0.0181737360329941    
7148                   2.55217831921787e-05   0.000612000024255062   0.0181737337546457    
7149                   2.55217763676161e-05   0.000611999861138222   0.0181737314775655    
7150                   2.55217695495997e-05   0.000611999698149638   0.0181737292017561    
7151                   2.55217627381255e-05   0.000611999535289179   0.0181737269272207    
7152                   2.55217559331884e-05   0.000611999372556629   0.0181737246539621    
7153                   2.55217491347833e-05   0.000611999209951807   0.0181737223819834    
7154                   2.55217423429051e-05   0.000611999047474554   0.0181737201112876    
7155                   2.55217355575504e-05   0.000611998885124684   0.0181737178418778    
7156                   2.55217287787132e-05   0.000611998722902053   0.0181737155737572    
7157                   2.55217220063907e-05   0.000611998560806457   0.0181737133069289    
7158                   2.55217152405781e-05   0.000611998398837748   0.0181737110413963    
7159                   2.55217084812696e-05   0.000611998236995714   0.0181737087771626    
7160                   2.55217017284616e-05   0.00061199807528023    0.0181737065142311    
7161                   2.55216949821522e-05   0.000611997913691057   0.0181737042526053    
7162                   2.55216882423361e-05   0.000611997752228182   0.0181737019922886    
7163                   2.55216815090077e-05   0.000611997590891245   0.0181736997332844    
7164                   2.55216747821641e-05   0.000611997429680146   0.0181736974755962    
7165                   2.55216680618011e-05   0.000611997268594796   0.0181736952192275    
7166                   2.55216613479163e-05   0.000611997107634966   0.0181736929641821    
7167                   2.55216546405063e-05   0.000611996946800527   0.0181736907104634    
7168                   2.55216479395657e-05   0.000611996786091338   0.0181736884580752    
7169                   2.55216412450919e-05   0.00061199662550724    0.0181736862070211    
7170                   2.55216345570812e-05   0.000611996465048111   0.0181736839573049    
7171                   2.55216278755295e-05   0.00061199630471378    0.0181736817089303    
7172                   2.55216212004343e-05   0.000611996144504102   0.0181736794619012    
7173                   2.55216145317918e-05   0.000611995984418931   0.0181736772162213    
7174                   2.55216078695997e-05   0.000611995824458179   0.0181736749718945    
7175                   2.55216012138539e-05   0.000611995664621666   0.0181736727289248    
7176                   2.55215945645513e-05   0.000611995504909293   0.0181736704873159    
7177                   2.55215879216885e-05   0.000611995345320918   0.018173668247072     
7178                   2.55215812852629e-05   0.000611995185856405   0.0181736660081969    
7179                   2.55215746552717e-05   0.000611995026515668   0.0181736637706947    
7180                   2.55215680317122e-05   0.000611994867298631   0.0181736615345693    
7181                   2.55215614145809e-05   0.000611994708205114   0.0181736592998249    
7182                   2.55215548038745e-05   0.000611994549235024   0.0181736570664655    
7183                   2.55215481995911e-05   0.000611994390388271   0.0181736548344951    
7184                   2.55215416017279e-05   0.0006119942316647     0.0181736526039181    
7185                   2.55215350102824e-05   0.000611994073064253   0.0181736503747383    
7186                   2.5521528425251e-05    0.000611993914586854   0.0181736481469601    
7187                   2.55215218466319e-05   0.000611993756232445   0.0181736459205875    
7188                   2.55215152744218e-05   0.000611993598000877   0.0181736436956249    
7189                   2.55215087086189e-05   0.000611993439892112   0.0181736414720763    
7190                   2.55215021492192e-05   0.000611993281905934   0.018173639249946     
7191                   2.55214955962224e-05   0.000611993124042375   0.0181736370292383    
7192                   2.55214890496253e-05   0.000611992966301331   0.0181736348099574    
7193                   2.55214825094244e-05   0.000611992808682734   0.0181736325921075    
7194                   2.55214759756174e-05   0.000611992651186495   0.0181736303756931    
7195                   2.55214694482027e-05   0.000611992493812583   0.0181736281607182    
7196                   2.5521462927178e-05    0.000611992336560899   0.0181736259471873    
7197                   2.55214564125412e-05   0.00061199217943139    0.0181736237351047    
7198                   2.55214499042889e-05   0.000611992022423892   0.0181736215244747    
7199                   2.552144340242e-05     0.000611991865538467   0.0181736193153015    
7200                   2.55214369069318e-05   0.000611991708774963   0.0181736171075896    
7201                   2.55214304178215e-05   0.000611991552133377   0.0181736149013433    
7202                   2.55214239350876e-05   0.000611991395613604   0.0181736126965669    
7203                   2.55214174587291e-05   0.000611991239215624   0.0181736104932649    
7204                   2.55214109887424e-05   0.000611991082939405   0.0181736082914414    
7205                   2.55214045251256e-05   0.000611990926784838   0.018173606091101     
7206                   2.55213980678763e-05   0.000611990770751871   0.018173603892248     
7207                   2.55213916169938e-05   0.000611990614840477   0.0181736016948867    
7208                   2.55213851724746e-05   0.000611990459050529   0.0181735994990215    
7209                   2.55213787343173e-05   0.000611990303381982   0.0181735973046568    
7210                   2.55213723025197e-05   0.000611990147834851   0.018173595111797     
7211                   2.55213658770797e-05   0.000611989992409009   0.0181735929204465    
7212                   2.55213594579951e-05   0.000611989837104422   0.0181735907306096    
7213                   2.55213530452641e-05   0.000611989681921061   0.0181735885422906    
7214                   2.55213466388855e-05   0.000611989526858821   0.018173586355494     
7215                   2.55213402388568e-05   0.000611989371917644   0.0181735841702242    
7216                   2.55213338451766e-05   0.000611989217097498   0.0181735819864855    
7217                   2.55213274578429e-05   0.000611989062398301   0.0181735798042822    
7218                   2.55213210768531e-05   0.000611988907820002   0.0181735776236188    
7219                   2.55213147022062e-05   0.000611988753362574   0.0181735754444995    
7220                   2.55213083338996e-05   0.000611988599025897   0.0181735732669288    
7221                   2.55213019719315e-05   0.000611988444809909   0.018173571090911     
7222                   2.55212956163007e-05   0.000611988290714577   0.0181735689164504    
7223                   2.55212892670053e-05   0.00061198813673985    0.0181735667435514    
7224                   2.55212829240436e-05   0.000611987982885583   0.0181735645722183    
7225                   2.55212765874118e-05   0.000611987829151741   0.0181735624024555    
7226                   2.55212702571105e-05   0.000611987675538288   0.0181735602342672    
7227                   2.55212639331365e-05   0.000611987522045111   0.0181735580676577    
7228                   2.552125761549e-05     0.000611987368672149   0.0181735559026314    
7229                   2.55212513041668e-05   0.000611987215419315   0.0181735537391925    
7230                   2.55212449991669e-05   0.000611987062286496   0.0181735515773454    
7231                   2.55212387004885e-05   0.000611986909273627   0.0181735494170943    
7232                   2.5521232408129e-05    0.000611986756380651   0.0181735472584435    
7233                   2.55212261220871e-05   0.000611986603607464   0.0181735451013972    
7234                   2.55212198423621e-05   0.000611986450954022   0.0181735429459597    
7235                   2.55212135689497e-05   0.000611986298420204   0.0181735407921353    
7236                   2.55212073018506e-05   0.000611986146005899   0.018173538639928     
7237                   2.55212010410614e-05   0.000611985993711046   0.0181735364893423    
7238                   2.55211947865818e-05   0.000611985841535539   0.0181735343403822    
7239                   2.55211885384092e-05   0.000611985689479276   0.0181735321930519    
7240                   2.55211822965424e-05   0.000611985537542136   0.0181735300473557    
7241                   2.55211760609797e-05   0.000611985385724109   0.0181735279032976    
7242                   2.5521169831719e-05    0.000611985234025043   0.018173525760882     
7243                   2.55211636087584e-05   0.000611985082444817   0.0181735236201127    
7244                   2.55211573920972e-05   0.000611984930983344   0.0181735214809941    
7245                   2.55211511817333e-05   0.000611984779640551   0.0181735193435302    
7246                   2.55211449776656e-05   0.000611984628416239   0.0181735172077251    
7247                   2.55211387798922e-05   0.000611984477310404   0.0181735150735829    
7248                   2.55211325884105e-05   0.000611984326322872   0.0181735129411077    
7249                   2.55211264032189e-05   0.000611984175453588   0.0181735108103034    
7250                   2.5521120224317e-05    0.000611984024702375   0.0181735086811742    
7251                   2.55211140517019e-05   0.000611983874069185   0.018173506553724     
7252                   2.55211078853728e-05   0.00061198372355387    0.0181735044279568    
7253                   2.55211017253277e-05   0.00061198357315635    0.0181735023038767    
7254                   2.55210955715654e-05   0.000611983422876529   0.0181735001814876    
7255                   2.55210894240835e-05   0.000611983272714249   0.0181734980607934    
7256                   2.55210832828817e-05   0.000611983122669432   0.0181734959417981    
7257                   2.55210771479569e-05   0.000611982972741965   0.0181734938245056    
7258                   2.55210710193071e-05   0.000611982822931668   0.0181734917089197    
7259                   2.55210648969322e-05   0.000611982673238487   0.0181734895950444    
7260                   2.55210587808299e-05   0.000611982523662307   0.0181734874828835    
7261                   2.55210526709968e-05   0.000611982374202998   0.0181734853724409    
7262                   2.55210465674335e-05   0.000611982224860485   0.0181734832637203    
7263                   2.55210404701378e-05   0.000611982075634607   0.0181734811567256    
7264                   2.55210343791078e-05   0.00061198192652528    0.0181734790514605    
7265                   2.55210282943419e-05   0.000611981777532343   0.0181734769479289    
7266                   2.55210222158378e-05   0.000611981628655782   0.0181734748461344    
7267                   2.55210161435948e-05   0.000611981479895408   0.0181734727460808    
7268                   2.55210100776107e-05   0.000611981331251108   0.0181734706477717    
7269                   2.55210040178838e-05   0.000611981182722843   0.0181734685512109    
7270                   2.55209979644125e-05   0.0006119810343105     0.018173466456402     
7271                   2.55209919171962e-05   0.00061198088601392    0.0181734643633487    
7272                   2.55209858762313e-05   0.000611980737833021   0.0181734622720545    
7273                   2.55209798415179e-05   0.000611980589767678   0.0181734601825232    
7274                   2.55209738130534e-05   0.000611980441817809   0.0181734580947581    
7275                   2.55209677908364e-05   0.000611980293983319   0.018173456008763     
7276                   2.55209617748647e-05   0.000611980146264087   0.0181734539245414    
7277                   2.55209557651368e-05   0.000611979998660037   0.0181734518420967    
7278                   2.55209497616514e-05   0.000611979851171052   0.0181734497614324    
7279                   2.55209437644058e-05   0.000611979703797079   0.0181734476825521    
7280                   2.55209377734001e-05   0.000611979556537997   0.0181734456054592    
7281                   2.5520931788631e-05    0.000611979409393711   0.0181734435301572    
7282                   2.55209258100974e-05   0.000611979262364097   0.0181734414566493    
7283                   2.55209198377983e-05   0.000611979115449117   0.0181734393849391    
7284                   2.55209138717313e-05   0.000611978968648707   0.0181734373150302    
7285                   2.5520907911895e-05    0.000611978821962768   0.018173435246926     
7286                   2.55209019582885e-05   0.000611978675391216   0.0181734331806297    
7287                   2.55208960109105e-05   0.000611978528934004   0.0181734311161448    
7288                   2.552089006976e-05     0.000611978382590993   0.0181734290534745    
7289                   2.55208841348334e-05   0.000611978236362186   0.0181734269926221    
7290                   2.55208782061292e-05   0.000611978090247402   0.0181734249335908    
7291                   2.55208722836454e-05   0.000611977944246674   0.018173422876384     
7292                   2.55208663673815e-05   0.000611977798359873   0.0181734208210047    
7293                   2.55208604573363e-05   0.000611977652586924   0.0181734187674561    
7294                   2.55208545535074e-05   0.000611977506927775   0.0181734167157415    
7295                   2.55208486558925e-05   0.000611977361382374   0.018173414665864     
7296                   2.55208427644913e-05   0.000611977215950627   0.0181734126178266    
7297                   2.55208368793006e-05   0.000611977070632504   0.0181734105716326    
7298                   2.55208310003199e-05   0.000611976925427898   0.0181734085272848    
7299                   2.55208251275468e-05   0.00061197678033684    0.0181734064847865    
7300                   2.55208192609797e-05   0.000611976635359197   0.0181734044441407    
7301                   2.55208134006176e-05   0.000611976490494924   0.0181734024053503    
7302                   2.55208075464577e-05   0.000611976345743971   0.0181734003684185    
7303                   2.55208016985007e-05   0.000611976201106262   0.0181733983333481    
7304                   2.55207958567435e-05   0.000611976056581792   0.0181733963001422    
7305                   2.55207900211844e-05   0.000611975912170479   0.0181733942688036    
7306                   2.55207841918215e-05   0.00061197576787228    0.0181733922393353    
7307                   2.55207783686548e-05   0.000611975623687184   0.0181733902117402    
7308                   2.55207725516832e-05   0.000611975479615107   0.0181733881860213    
7309                   2.55207667409035e-05   0.000611975335656029   0.0181733861621812    
7310                   2.55207609363133e-05   0.000611975191809863   0.018173384140223     
7311                   2.55207551379129e-05   0.000611975048076595   0.0181733821201494    
7312                   2.55207493457003e-05   0.000611974904456214   0.0181733801019633    
7313                   2.55207435596739e-05   0.00061197476094864    0.0181733780856673    
7314                   2.55207377798326e-05   0.000611974617553865   0.0181733760712643    
7315                   2.55207320061737e-05   0.000611974474271826   0.018173374058757     
7316                   2.55207262386953e-05   0.000611974331102444   0.0181733720481476    
7317                   2.55207204773959e-05   0.000611974188045737   0.018173370039439     
7318                   2.55207147222751e-05   0.00061197404510164    0.0181733680326338    
7319                   2.55207089733323e-05   0.000611973902270102   0.0181733660277349    
7320                   2.5520703230565e-05    0.00061197375955114    0.0181733640247451    
7321                   2.55206974939711e-05   0.000611973616944748   0.0181733620236669    
7322                   2.5520691763552e-05    0.000611973474450836   0.018173360024503     
7323                   2.55206860393048e-05   0.000611973332069419   0.0181733580272562    
7324                   2.55206803212283e-05   0.000611973189800474   0.0181733560319289    
7325                   2.55206746093211e-05   0.000611973047643906   0.0181733540385237    
7326                   2.55206689035816e-05   0.000611972905599727   0.0181733520470431    
7327                   2.55206632040088e-05   0.000611972763667916   0.0181733500574897    
7328                   2.55206575106008e-05   0.000611972621848435   0.018173348069866     
7329                   2.55206518233575e-05   0.000611972480141262   0.0181733460841745    
7330                   2.55206461422772e-05   0.000611972338546394   0.0181733441004175    
7331                   2.55206404673574e-05   0.00061197219706377    0.0181733421185976    
7332                   2.55206347985974e-05   0.000611972055693353   0.0181733401387171    
7333                   2.55206291359952e-05   0.000611971914435156   0.0181733381607784    
7334                   2.5520623479551e-05    0.000611971773289133   0.018173336184784     
7335                   2.55206178292632e-05   0.000611971632255233   0.0181733342107361    
7336                   2.552061218513e-05     0.00061197149133344    0.0181733322386372    
7337                   2.55206065471502e-05   0.000611971350523754   0.0181733302684896    
7338                   2.55206009153229e-05   0.00061197120982615    0.0181733283002955    
7339                   2.55205952896467e-05   0.000611971069240543   0.0181733263340573    
7340                   2.55205896701211e-05   0.000611970928766997   0.0181733243697772    
7341                   2.55205840567429e-05   0.000611970788405446   0.0181733224074575    
7342                   2.55205784495127e-05   0.000611970648155851   0.0181733204471004    
7343                   2.55205728484283e-05   0.000611970508018174   0.0181733184887082    
7344                   2.55205672534888e-05   0.000611970367992387   0.018173316532283     
7345                   2.55205616646937e-05   0.000611970228078568   0.0181733145778271    
7346                   2.55205560820416e-05   0.000611970088276577   0.0181733126253425    
7347                   2.55205505055316e-05   0.000611969948586456   0.0181733106748315    
7348                   2.55205449351612e-05   0.000611969809008129   0.0181733087262962    
7349                   2.55205393709304e-05   0.000611969669541604   0.0181733067797386    
7350                   2.55205338128377e-05   0.000611969530186832   0.0181733048351609    
7351                   2.55205282608822e-05   0.000611969390943845   0.0181733028925651    
7352                   2.5520522715063e-05    0.000611969251812555   0.0181733009519534    
7353                   2.55205171753787e-05   0.000611969112793004   0.0181732990133276    
7354                   2.55205116418282e-05   0.000611968973885117   0.0181732970766899    
7355                   2.55205061144102e-05   0.000611968835088918   0.0181732951420423    
7356                   2.55205005931236e-05   0.000611968696404342   0.0181732932093866    
7357                   2.55204950779683e-05   0.000611968557831396   0.0181732912787249    
7358                   2.55204895689505e-05   0.000611968419370216   0.0181732893500622    
7359                   2.55204840660781e-05   0.000611968281021083   0.0181732874234031    
7360                   2.55204785693486e-05   0.000611968142783893   0.0181732854987496    
7361                   2.5520473078758e-05    0.000611968004658632   0.0181732835761029    
7362                   2.55204675943021e-05   0.000611967866645219   0.0181732816554643    
7363                   2.5520462115978e-05    0.000611967728743624   0.0181732797368352    
7364                   2.55204566437835e-05   0.000611967590953773   0.018173277820217     
7365                   2.55204511777159e-05   0.00061196745327561    0.0181732759056111    
7366                   2.55204457177721e-05   0.000611967315709046   0.018173273993019     
7367                   2.55204402639505e-05   0.00061196717825415    0.0181732720824421    
7368                   2.55204348162492e-05   0.000611967040910832   0.018173270173882     
7369                   2.55204293746673e-05   0.000611966903679034   0.0181732682673402    
7370                   2.55204239392041e-05   0.000611966766558788   0.0181732663628182    
7371                   2.55204185098576e-05   0.000611966629550016   0.0181732644603176    
7372                   2.55204130866269e-05   0.000611966492652682   0.01817326255984      
7373                   2.55204076695104e-05   0.000611966355866789   0.0181732606613869    
7374                   2.55204022585075e-05   0.000611966219192294   0.0181732587649599    
7375                   2.55203968536152e-05   0.000611966082629145   0.0181732568705606    
7376                   2.55203914548352e-05   0.000611965946177447   0.0181732549781904    
7377                   2.55203860621661e-05   0.000611965809837075   0.0181732530878511    
7378                   2.55203806756063e-05   0.000611965673608018   0.018173251199544     
7379                   2.55203752951548e-05   0.000611965537490304   0.0181732493132707    
7380                   2.55203699208097e-05   0.000611965401483911   0.0181732474290328    
7381                   2.55203645525715e-05   0.000611965265588806   0.0181732455468318    
7382                   2.55203591904389e-05   0.000611965129804979   0.018173243666669     
7383                   2.55203538344104e-05   0.000611964994132456   0.0181732417885461    
7384                   2.55203484844868e-05   0.000611964858571209   0.0181732399124645    
7385                   2.55203431406637e-05   0.000611964723121169   0.0181732380384256    
7386                   2.55203378029429e-05   0.000611964587782389   0.0181732361664307    
7387                   2.55203324713209e-05   0.00061196445255489    0.0181732342964814    
7388                   2.55203271457977e-05   0.00061196431743859    0.018173232428579     
7389                   2.55203218263724e-05   0.000611964182433543   0.0181732305627249    
7390                   2.5520316513044e-05    0.000611964047539666   0.0181732286989203    
7391                   2.5520311205812e-05    0.000611963912757013   0.0181732268371666    
7392                   2.55203059046756e-05   0.000611963778085561   0.018173224977465     
7393                   2.55203006096327e-05   0.000611963643525318   0.0181732231198169    
7394                   2.55202953206813e-05   0.000611963509076298   0.0181732212642234    
7395                   2.55202900378209e-05   0.000611963374738414   0.0181732194106858    
7396                   2.55202847610506e-05   0.000611963240511676   0.0181732175592051    
7397                   2.55202794903695e-05   0.000611963106396165   0.0181732157097826    
7398                   2.55202742257753e-05   0.000611962972391746   0.0181732138624194    
7399                   2.55202689672678e-05   0.000611962838498521   0.0181732120171165    
7400                   2.55202637148449e-05   0.00061196270471645    0.0181732101738749    
7401                   2.55202584685057e-05   0.00061196257104549    0.0181732083326958    
7402                   2.55202532282496e-05   0.000611962437485641   0.0181732064935801    
7403                   2.55202479940738e-05   0.000611962304036938   0.0181732046565288    
7404                   2.55202427659773e-05   0.000611962170699325   0.0181732028215428    
7405                   2.55202375439582e-05   0.000611962037472791   0.018173200988623     
7406                   2.55202323280159e-05   0.000611961904357337   0.0181731991577704    
7407                   2.55202271181496e-05   0.000611961771353002   0.0181731973289859    
7408                   2.55202219143573e-05   0.000611961638459729   0.0181731955022702    
7409                   2.55202167166381e-05   0.000611961505677487   0.0181731936776244    
7410                   2.55202115249894e-05   0.000611961373006339   0.0181731918550491    
7411                   2.55202063394112e-05   0.000611961240446229   0.0181731900345452    
7412                   2.55202011599013e-05   0.000611961107997143   0.0181731882161135    
7413                   2.55201959864586e-05   0.000611960975659103   0.0181731863997549    
7414                   2.5520190819082e-05    0.000611960843432096   0.01817318458547      
7415                   2.55201856577691e-05   0.000611960711316123   0.0181731827732598    
7416                   2.55201805025193e-05   0.000611960579311153   0.0181731809631248    
7417                   2.55201753533319e-05   0.000611960447417248   0.018173179155066     
7418                   2.55201702102053e-05   0.000611960315634402   0.018173177349084     
7419                   2.55201650731387e-05   0.000611960183962511   0.0181731755451796    
7420                   2.55201599421307e-05   0.000611960052401658   0.0181731737433535    
7421                   2.55201548171794e-05   0.000611959920951819   0.0181731719436065    
7422                   2.55201496982843e-05   0.000611959789613021   0.0181731701459392    
7423                   2.55201445854441e-05   0.000611959658385276   0.0181731683503523    
7424                   2.55201394786577e-05   0.000611959527268553   0.0181731665568466    
7425                   2.55201343779224e-05   0.000611959396262832   0.0181731647654227    
7426                   2.55201292832383e-05   0.000611959265368213   0.0181731629760813    
7427                   2.55201241946044e-05   0.00061195913458464    0.018173161188823     
7428                   2.55201191120198e-05   0.00061195900391213    0.0181731594036486    
7429                   2.55201140354826e-05   0.00061195887335064    0.0181731576205587    
7430                   2.55201089649909e-05   0.000611958742900203   0.0181731558395539    
7431                   2.55201039005456e-05   0.000611958612560811   0.0181731540606348    
7432                   2.55200988421448e-05   0.000611958482332541   0.018173152283802     
7433                   2.55200937897865e-05   0.000611958352215347   0.0181731505090561    
7434                   2.552008874347e-05     0.000611958222209286   0.0181731487363978    
7435                   2.55200837031949e-05   0.000611958092314284   0.0181731469658275    
7436                   2.55200786689592e-05   0.000611957962530407   0.0181731451973458    
7437                   2.55200736407615e-05   0.00061195783285763    0.0181731434309533    
7438                   2.55200686186009e-05   0.000611957703295986   0.0181731416666505    
7439                   2.55200636024768e-05   0.000611957573845488   0.018173139904438     
7440                   2.55200585923874e-05   0.000611957444506133   0.0181731381443161    
7441                   2.55200535883319e-05   0.000611957315277912   0.0181731363862855    
7442                   2.55200485903093e-05   0.000611957186160861   0.0181731346303465    
7443                   2.55200435983167e-05   0.000611957057154924   0.0181731328764997    
7444                   2.55200386123545e-05   0.000611956928260197   0.0181731311247455    
7445                   2.55200336324204e-05   0.000611956799476619   0.0181731293750843    
7446                   2.55200286585156e-05   0.000611956670804193   0.0181731276275165    
7447                   2.55200236906369e-05   0.000611956542243021   0.0181731258820426    
7448                   2.55200187287837e-05   0.000611956413793025   0.0181731241386629    
7449                   2.55200137729542e-05   0.000611956285454214   0.0181731223973778    
7450                   2.5520008823146e-05    0.00061195615722663    0.0181731206581877    
7451                   2.55200038793593e-05   0.000611956029110239   0.0181731189210929    
7452                   2.55199989415935e-05   0.000611955901105102   0.0181731171860939    
7453                   2.55199940098475e-05   0.000611955773211177   0.0181731154531908    
7454                   2.55199890841193e-05   0.000611955645428499   0.0181731137223841    
7455                   2.55199841644072e-05   0.000611955517757064   0.0181731119936741    
7456                   2.551997925071e-05     0.000611955390196902   0.018173110267061     
7457                   2.55199743430267e-05   0.000611955262747951   0.0181731085425451    
7458                   2.5519969441356e-05    0.000611955135410303   0.0181731068201268    
7459                   2.55199645456972e-05   0.000611955008183943   0.0181731050998062    
7460                   2.55199596560485e-05   0.000611954881068855   0.0181731033815838    
7461                   2.55199547724086e-05   0.000611954754065058   0.0181731016654596    
7462                   2.5519949894776e-05    0.000611954627172573   0.0181730999514339    
7463                   2.55199450231502e-05   0.000611954500391385   0.018173098239507     
7464                   2.55199401575297e-05   0.000611954373721512   0.0181730965296791    
7465                   2.55199352979126e-05   0.000611954247162948   0.0181730948219503    
7466                   2.55199304442983e-05   0.000611954120715717   0.0181730931163209    
7467                   2.5519925596684e-05    0.000611953994379821   0.0181730914127911    
7468                   2.55199207550703e-05   0.000611953868155246   0.018173089711361     
7469                   2.55199159194553e-05   0.000611953742042065   0.0181730880120309    
7470                   2.55199110898375e-05   0.000611953616040196   0.0181730863148008    
7471                   2.55199062662157e-05   0.000611953490149715   0.0181730846196709    
7472                   2.55199014485879e-05   0.000611953364370643   0.0181730829266413    
7473                   2.55198966369542e-05   0.000611953238702961   0.0181730812357122    
7474                   2.55198918313114e-05   0.000611953113146668   0.0181730795468836    
7475                   2.55198870316594e-05   0.000611952987701789   0.0181730778601557    
7476                   2.55198822379956e-05   0.000611952862368321   0.0181730761755285    
7477                   2.55198774503198e-05   0.000611952737146276   0.0181730744930022    
7478                   2.55198726686301e-05   0.000611952612035652   0.0181730728125768    
7479                   2.55198678929251e-05   0.000611952487036463   0.0181730711342522    
7480                   2.5519863123204e-05    0.000611952362148743   0.0181730694580287    
7481                   2.55198583594647e-05   0.000611952237372422   0.0181730677839061    
7482                   2.55198536017059e-05   0.000611952112707588   0.0181730661118846    
7483                   2.55198488499272e-05   0.000611951988154228   0.0181730644419641    
7484                   2.55198441041251e-05   0.000611951863712346   0.0181730627741445    
7485                   2.55198393642985e-05   0.000611951739381994   0.018173061108426     
7486                   2.55198346304472e-05   0.000611951615163142   0.0181730594448083    
7487                   2.55198299025697e-05   0.000611951491055729   0.0181730577832916    
7488                   2.55198251806631e-05   0.000611951367059852   0.0181730561238756    
7489                   2.5519820464726e-05    0.000611951243175506   0.0181730544665604    
7490                   2.55198157547572e-05   0.000611951119402689   0.0181730528113458    
7491                   2.55198110507557e-05   0.000611950995741412   0.0181730511582318    
7492                   2.55198063527198e-05   0.00061195087219169    0.0181730495072181    
7493                   2.55198016606463e-05   0.000611950748753491   0.0181730478583047    
7494                   2.55197969745355e-05   0.000611950625426859   0.0181730462114914    
7495                   2.55197922943858e-05   0.000611950502211784   0.0181730445667781    
7496                   2.5519787620194e-05    0.000611950379108324   0.0181730429241646    
7497                   2.55197829519599e-05   0.000611950256116391   0.0181730412836506    
7498                   2.55197782896806e-05   0.000611950133236076   0.018173039645236     
7499                   2.55197736333548e-05   0.000611950010467366   0.0181730380089206    
7500                   2.55197689829814e-05   0.000611949887810206   0.018173036374704     
7501                   2.55197643385592e-05   0.000611949765264651   0.0181730347425861    
7502                   2.55197597000849e-05   0.000611949642830724   0.0181730331125666    
7503                   2.55197550675584e-05   0.00061194952050841    0.0181730314846453    
7504                   2.55197504409758e-05   0.000611949398297703   0.0181730298588217    
7505                   2.55197458203373e-05   0.000611949276198656   0.0181730282350956    
7506                   2.55197412056398e-05   0.000611949154211222   0.0181730266134667    
7507                   2.55197365968814e-05   0.000611949032335419   0.0181730249939347    
7508                   2.5519731994061e-05    0.000611948910571219   0.0181730233764991    
7509                   2.55197273971762e-05   0.000611948788918734   0.0181730217611595    
7510                   2.5519722806225e-05    0.000611948667377816   0.0181730201479158    
7511                   2.55197182212064e-05   0.00061194854594863    0.0181730185367673    
7512                   2.55197136421183e-05   0.000611948424631021   0.0181730169277137    
7513                   2.55197090689581e-05   0.00061194830342509    0.0181730153207546    
7514                   2.55197045017242e-05   0.000611948182330796   0.0181730137158894    
7515                   2.55196999404147e-05   0.00061194806134821    0.0181730121131178    
7516                   2.55196953850269e-05   0.000611947940477277   0.0181730105124393    
7517                   2.55196908355595e-05   0.000611947819718015   0.0181730089138533    
7518                   2.55196862920106e-05   0.000611947699070412   0.0181730073173595    
7519                   2.55196817543767e-05   0.000611947578534475   0.0181730057229571    
7520                   2.55196772226572e-05   0.000611947458110226   0.0181730041306457    
7521                   2.55196726968496e-05   0.00061194733779758    0.0181730025404248    
7522                   2.55196681769512e-05   0.000611947217596617   0.0181730009522938    
7523                   2.5519663662961e-05    0.000611947097507291   0.018172999366252     
7524                   2.55196591548763e-05   0.000611946977529704   0.0181729977822989    
7525                   2.55196546526943e-05   0.000611946857663709   0.0181729962004339    
7526                   2.55196501564125e-05   0.000611946737909428   0.0181729946206563    
7527                   2.55196456660292e-05   0.000611946618266823   0.0181729930429655    
7528                   2.55196411815428e-05   0.000611946498735855   0.0181729914673608    
7529                   2.55196367029505e-05   0.000611946379316523   0.0181729898938415    
7530                   2.55196322302504e-05   0.000611946260008846   0.0181729883224071    
7531                   2.55196277634392e-05   0.000611946140812839   0.0181729867530567    
7532                   2.55196233025152e-05   0.000611946021728476   0.0181729851857896    
7533                   2.55196188474756e-05   0.00061194590275577    0.0181729836206051    
7534                   2.55196143983185e-05   0.000611945783894721   0.0181729820575025    
7535                   2.55196099550408e-05   0.00061194566514533    0.0181729804964809    
7536                   2.55196055176415e-05   0.000611945546507563   0.0181729789375397    
7537                   2.55196010861162e-05   0.000611945427981449   0.018172977380678     
7538                   2.55195966604638e-05   0.000611945309566976   0.018172975825895     
7539                   2.55195922406802e-05   0.000611945191264095   0.0181729742731898    
7540                   2.55195878267636e-05   0.000611945073072832   0.0181729727225618    
7541                   2.55195834187121e-05   0.000611944954993155   0.01817297117401      
7542                   2.55195790165229e-05   0.000611944837025078   0.0181729696275335    
7543                   2.55195746201933e-05   0.00061194471916864    0.0181729680831315    
7544                   2.5519570229721e-05    0.000611944601423757   0.0181729665408031    
7545                   2.55195658451027e-05   0.000611944483790462   0.0181729650005474    
7546                   2.55195614663355e-05   0.000611944366268798   0.0181729634623634    
7547                   2.55195570934168e-05   0.000611944248858655   0.0181729619262504    
7548                   2.55195527263453e-05   0.000611944131560106   0.0181729603922072    
7549                   2.55195483651183e-05   0.000611944014373088   0.0181729588602331    
7550                   2.55195440097312e-05   0.000611943897297635   0.0181729573303269    
7551                   2.5519539660181e-05    0.000611943780333757   0.0181729558024878    
7552                   2.55195353164663e-05   0.000611943663481364   0.0181729542767147    
7553                   2.55195309785838e-05   0.000611943546740531   0.0181729527530066    
7554                   2.55195266465321e-05   0.000611943430111192   0.0181729512313627    
7555                   2.55195223203074e-05   0.000611943313593402   0.0181729497117817    
7556                   2.55195179999066e-05   0.000611943197187094   0.0181729481942627    
7557                   2.55195136853254e-05   0.000611943080892293   0.0181729466788047    
7558                   2.55195093765619e-05   0.000611942964708966   0.0181729451654065    
7559                   2.55195050736149e-05   0.00061194284863711    0.0181729436540672    
7560                   2.55195007764799e-05   0.000611942732676709   0.0181729421447857    
7561                   2.55194964851538e-05   0.000611942616827758   0.0181729406375608    
7562                   2.55194921996339e-05   0.000611942501090255   0.0181729391323914    
7563                   2.55194879199179e-05   0.000611942385464192   0.0181729376292766    
7564                   2.55194836460022e-05   0.000611942269949537   0.0181729361282151    
7565                   2.55194793778847e-05   0.000611942154546294   0.0181729346292058    
7566                   2.55194751155615e-05   0.000611942039254477   0.0181729331322475    
7567                   2.55194708590306e-05   0.000611941924074059   0.0181729316373393    
7568                   2.55194666082866e-05   0.000611941809005004   0.0181729301444798    
7569                   2.55194623633279e-05   0.000611941694047372   0.0181729286536679    
7570                   2.5519458124152e-05    0.000611941579201094   0.0181729271649025    
7571                   2.55194538907558e-05   0.000611941464466164   0.0181729256781823    
7572                   2.55194496631355e-05   0.000611941349842609   0.0181729241935062    
7573                   2.55194454412876e-05   0.00061194123533035    0.018172922710873     
7574                   2.5519441225209e-05    0.00061194112092944    0.0181729212302815    
7575                   2.5519437014897e-05    0.000611941006639844   0.0181729197517304    
7576                   2.55194328103492e-05   0.000611940892461576   0.0181729182752185    
7577                   2.55194286115611e-05   0.000611940778394623   0.0181729168007446    
7578                   2.551942441853e-05     0.000611940664438937   0.0181729153283075    
7579                   2.55194202312534e-05   0.00061194055059454    0.0181729138579059    
7580                   2.5519416049727e-05    0.000611940436861409   0.0181729123895385    
7581                   2.55194118739478e-05   0.000611940323239582   0.0181729109232041    
7582                   2.55194077039132e-05   0.000611940209728945   0.0181729094589014    
7583                   2.55194035396197e-05   0.000611940096329584   0.0181729079966292    
7584                   2.5519399381064e-05    0.000611939983041448   0.0181729065363861    
7585                   2.55193952282437e-05   0.00061193986986452    0.0181729050781708    
7586                   2.55193910811531e-05   0.000611939756798805   0.0181729036219821    
7587                   2.55193869397904e-05   0.000611939643844286   0.0181729021678186    
7588                   2.55193828041516e-05   0.000611939531000987   0.0181729007156791    
7589                   2.55193786742338e-05   0.000611939418268838   0.0181728992655621    
7590                   2.55193745500353e-05   0.000611939305647813   0.0181728978174664    
7591                   2.55193704315505e-05   0.000611939193137972   0.0181728963713907    
7592                   2.5519366318777e-05    0.000611939080739263   0.0181728949273335    
7593                   2.55193622117109e-05   0.000611938968451729   0.0181728934852936    
7594                   2.55193581103489e-05   0.000611938856275339   0.0181728920452695    
7595                   2.5519354014688e-05    0.000611938744210067   0.01817289060726      
7596                   2.55193499247251e-05   0.000611938632255872   0.0181728891712636    
7597                   2.55193458404558e-05   0.000611938520412852   0.018172887737279     
7598                   2.5519341761878e-05    0.000611938408680878   0.0181728863053048    
7599                   2.55193376889868e-05   0.000611938297060012   0.0181728848753396    
7600                   2.55193336217787e-05   0.000611938185550233   0.018172883447382     
7601                   2.55193295602506e-05   0.000611938074151539   0.0181728820214306    
7602                   2.55193255043998e-05   0.000611937962863875   0.018172880597484     
7603                   2.55193214542217e-05   0.000611937851687207   0.0181728791755408    
7604                   2.55193174097135e-05   0.000611937740621593   0.0181728777555995    
7605                   2.55193133708711e-05   0.00061193762966699    0.0181728763376588    
7606                   2.5519309337691e-05    0.000611937518823456   0.0181728749217172    
7607                   2.55193053101697e-05   0.000611937408090891   0.0181728735077733    
7608                   2.55193012883041e-05   0.000611937297469347   0.0181728720958256    
7609                   2.55192972720899e-05   0.000611937186958767   0.0181728706858727    
7610                   2.55192932615252e-05   0.000611937076559195   0.0181728692779131    
7611                   2.55192892566039e-05   0.000611936966270554   0.0181728678719453    
7612                   2.55192852573236e-05   0.000611936856092859   0.018172866467968     
7613                   2.55192812636799e-05   0.000611936746026112   0.0181728650659796    
7614                   2.55192772756693e-05   0.000611936636070297   0.0181728636659787    
7615                   2.55192732932894e-05   0.000611936526225484   0.0181728622679637    
7616                   2.55192693165362e-05   0.000611936416491509   0.0181728608719332    
7617                   2.55192653454049e-05   0.000611936306868437   0.0181728594778857    
7618                   2.55192613798921e-05   0.000611936197356293   0.0181728580858197    
7619                   2.5519257419994e-05    0.000611936087955021   0.0181728566957337    
7620                   2.55192534657069e-05   0.000611935978664594   0.0181728553076261    
7621                   2.55192495170267e-05   0.00061193586948508    0.0181728539214956    
7622                   2.55192455739514e-05   0.000611935760416394   0.0181728525373404    
7623                   2.55192416364754e-05   0.000611935651458547   0.0181728511551592    
7624                   2.5519237704596e-05    0.000611935542611566   0.0181728497749504    
7625                   2.55192337783084e-05   0.000611935433875373   0.0181728483967124    
7626                   2.55192298576093e-05   0.000611935325249974   0.0181728470204438    
7627                   2.55192259424959e-05   0.000611935216735386   0.0181728456461429    
7628                   2.55192220329623e-05   0.00061193510833157    0.0181728442738082    
7629                   2.55192181290051e-05   0.000611935000038598   0.0181728429034382    
7630                   2.55192142306212e-05   0.000611934891856392   0.0181728415350313    
7631                   2.55192103378054e-05   0.000611934783784912   0.0181728401685859    
7632                   2.5519206450555e-05    0.000611934675824149   0.0181728388041005    
7633                   2.55192025688659e-05   0.000611934567974127   0.0181728374415734    
7634                   2.55191986927334e-05   0.000611934460234832   0.0181728360810032    
7635                   2.5519194822155e-05    0.000611934352606268   0.0181728347223882    
7636                   2.55191909571256e-05   0.000611934245088388   0.0181728333657269    
7637                   2.55191870976412e-05   0.000611934137681164   0.0181728320110175    
7638                   2.5519183243699e-05    0.000611934030384643   0.0181728306582587    
7639                   2.55191793952938e-05   0.000611933923198786   0.0181728293074486    
7640                   2.55191755524217e-05   0.000611933816123566   0.0181728279585858    
7641                   2.55191717150784e-05   0.000611933709159019   0.0181728266116685    
7642                   2.55191678832602e-05   0.000611933602305065   0.0181728252666953    
7643                   2.55191640569635e-05   0.000611933495561688   0.0181728239236644    
7644                   2.55191602361831e-05   0.000611933388928961   0.0181728225825743    
7645                   2.55191564209147e-05   0.000611933282406784   0.0181728212434233    
7646                   2.55191526111554e-05   0.000611933175995182   0.0181728199062097    
7647                   2.55191488069003e-05   0.00061193306969413    0.018172818570932     
7648                   2.55191450081479e-05   0.000611932963503644   0.0181728172375884    
7649                   2.55191412148916e-05   0.000611932857423671   0.0181728159061774    
7650                   2.55191374271262e-05   0.000611932751454227   0.0181728145766972    
7651                   2.55191336448484e-05   0.000611932645595308   0.0181728132491463    
7652                   2.55191298680538e-05   0.000611932539846882   0.0181728119235228    
7653                   2.55191260967399e-05   0.00061193243420888    0.0181728105998253    
7654                   2.55191223309009e-05   0.000611932328681384   0.018172809278052     
7655                   2.55191185705321e-05   0.000611932223264297   0.0181728079582011    
7656                   2.55191148156322e-05   0.000611932117957681   0.0181728066402712    
7657                   2.55191110661935e-05   0.000611932012761453   0.0181728053242603    
7658                   2.55191073222129e-05   0.000611931907675589   0.0181728040101669    
7659                   2.55191035836864e-05   0.000611931802700193   0.0181728026979893    
7660                   2.55190998506094e-05   0.000611931697835134   0.0181728013877258    
7661                   2.55190961229784e-05   0.000611931593080398   0.0181728000793746    
7662                   2.55190924007876e-05   0.000611931488436029   0.0181727987729341    
7663                   2.55190886840344e-05   0.000611931383901973   0.0181727974684025    
7664                   2.55190849727131e-05   0.000611931279478217   0.0181727961657781    
7665                   2.55190812668197e-05   0.000611931175164751   0.0181727948650593    
7666                   2.5519077566349e-05    0.000611931070961583   0.0181727935662442    
7667                   2.55190738712975e-05   0.000611930966868656   0.0181727922693311    
7668                   2.55190701816612e-05   0.000611930862885988   0.0181727909743183    
7669                   2.55190664974354e-05   0.000611930759013509   0.0181727896812042    
7670                   2.55190628186161e-05   0.000611930655251264   0.0181727883899868    
7671                   2.55190591451981e-05   0.000611930551599255   0.0181727871006646    
7672                   2.55190554771764e-05   0.000611930448057413   0.0181727858132356    
7673                   2.55190518145472e-05   0.000611930344625711   0.0181727845276983    
7674                   2.55190481573063e-05   0.000611930241304116   0.0181727832440507    
7675                   2.55190445054484e-05   0.000611930138092658   0.0181727819622913    
7676                   2.55190408589702e-05   0.000611930034991308   0.0181727806824181    
7677                   2.55190372178667e-05   0.000611929932000067   0.0181727794044295    
7678                   2.55190335821335e-05   0.00061192982911888    0.0181727781283236    
7679                   2.55190299517647e-05   0.000611929726347732   0.0181727768540987    
7680                   2.55190263267568e-05   0.000611929623686632   0.0181727755817529    
7681                   2.55190227071057e-05   0.000611929521135519   0.0181727743112846    
7682                   2.55190190928068e-05   0.000611929418694418   0.0181727730426919    
7683                   2.55190154838555e-05   0.00061192931636331    0.0181727717759731    
7684                   2.55190118802463e-05   0.000611929214142131   0.0181727705111263    
7685                   2.55190082819751e-05   0.000611929112030906   0.0181727692481497    
7686                   2.55190046890375e-05   0.000611929010029542   0.0181727679870416    
7687                   2.55190011014289e-05   0.000611928908138096   0.0181727667278001    
7688                   2.5518997519145e-05    0.000611928806356522   0.0181727654704234    
7689                   2.55189939421795e-05   0.000611928704684835   0.0181727642149098    
7690                   2.55189903705291e-05   0.000611928603122932   0.0181727629612574    
7691                   2.55189868041891e-05   0.00061192850167092    0.0181727617094643    
7692                   2.55189832431547e-05   0.00061192840032869    0.0181727604595288    
7693                   2.55189796874212e-05   0.000611928299096212   0.018172759211449     
7694                   2.55189761369832e-05   0.000611928197973485   0.0181727579652231    
7695                   2.55189725918372e-05   0.000611928096960491   0.0181727567208494    
7696                   2.55189690519781e-05   0.000611927996057207   0.0181727554783258    
7697                   2.55189655174004e-05   0.000611927895263619   0.0181727542376507    
7698                   2.55189619881006e-05   0.000611927794579714   0.0181727529988222    
7699                   2.55189584640728e-05   0.000611927694005448   0.0181727517618383    
7700                   2.55189549453131e-05   0.000611927593540827   0.0181727505266974    
7701                   2.55189514318169e-05   0.000611927493185791   0.0181727492933975    
7702                   2.5518947923578e-05    0.000611927392940339   0.0181727480619367    
7703                   2.55189444205921e-05   0.000611927292804449   0.0181727468323133    
7704                   2.55189409228547e-05   0.000611927192778106   0.0181727456045254    
7705                   2.55189374303614e-05   0.000611927092861209   0.0181727443785711    
7706                   2.55189339431073e-05   0.000611926993053848   0.0181727431544486    
7707                   2.5518930461087e-05    0.00061192689335596    0.018172741932156     
7708                   2.55189269842963e-05   0.000611926793767523   0.0181727407116913    
7709                   2.5518923512722e-05    0.000611926694288576   0.0181727394930529    
7710                   2.55189200463584e-05   0.000611926594918933   0.0181727382762387    
7711                   2.55189165852212e-05   0.000611926495658716   0.018172737061247     
7712                   2.55189131292932e-05   0.000611926396507847   0.0181727358480758    
7713                   2.55189096785671e-05   0.000611926297466262   0.0181727346367233    
7714                   2.55189062330537e-05   0.000611926198534006   0.0181727334271876    
7715                   2.55189027927329e-05   0.00061192609971108    0.0181727322194667    
7716                   2.55188993575967e-05   0.000611926000997327   0.018172731013559     
7717                   2.55188959276549e-05   0.000611925902392842   0.0181727298094623    
7718                   2.55188925028885e-05   0.000611925803897608   0.018172728607175     
7719                   2.55188890832912e-05   0.000611925705511527   0.018172727406695     
7720                   2.5518885668874e-05    0.000611925607234526   0.0181727262080204    
7721                   2.55188822596189e-05   0.000611925509066712   0.0181727250111495    
7722                   2.55188788555185e-05   0.000611925411008005   0.0181727238160803    
7723                   2.55188754565759e-05   0.00061192531305841    0.0181727226228108    
7724                   2.55188720627799e-05   0.000611925215217843   0.0181727214313393    
7725                   2.55188686741431e-05   0.00061192511748631    0.0181727202416638    
7726                   2.55188652906453e-05   0.000611925019863779   0.0181727190537824    
7727                   2.55188619122785e-05   0.000611924922350162   0.0181727178676932    
7728                   2.55188585390413e-05   0.000611924824945581   0.0181727166833942    
7729                   2.55188551709256e-05   0.000611924727649874   0.0181727155008837    
7730                   2.55188518079337e-05   0.000611924630463109   0.0181727143201597    
7731                   2.55188484500563e-05   0.000611924533385168   0.0181727131412202    
7732                   2.55188450972929e-05   0.00061192443641613    0.0181727119640635    
7733                   2.55188417496263e-05   0.000611924339555879   0.0181727107886874    
7734                   2.55188384070637e-05   0.000611924242804399   0.0181727096150903    
7735                   2.55188350696044e-05   0.000611924146161691   0.01817270844327      
7736                   2.55188317372357e-05   0.000611924049627679   0.0181727072732248    
7737                   2.5518828409957e-05    0.000611923953202407   0.0181727061049527    
7738                   2.55188250877544e-05   0.000611923856885807   0.0181727049384517    
7739                   2.5518821770627e-05    0.000611923760677827   0.01817270377372      
7740                   2.55188184585562e-05   0.000611923664578501   0.0181727026107557    
7741                   2.55188151515542e-05   0.00061192356858773    0.0181727014495568    
7742                   2.55188118496188e-05   0.000611923472705533   0.0181727002901214    
7743                   2.55188085527399e-05   0.000611923376931848   0.0181726991324476    
7744                   2.55188052609148e-05   0.000611923281266664   0.0181726979765334    
7745                   2.55188019741224e-05   0.000611923185709978   0.0181726968223769    
7746                   2.55187986923695e-05   0.000611923090261714   0.0181726956699763    
7747                   2.55187954156564e-05   0.000611922994921847   0.0181726945193294    
7748                   2.55187921439645e-05   0.000611922899690329   0.0181726933704346    
7749                   2.5518788877301e-05    0.000611922804567172   0.0181726922232897    
7750                   2.55187856156635e-05   0.000611922709552352   0.0181726910778929    
7751                   2.5518782359029e-05    0.000611922614645804   0.0181726899342422    
7752                   2.55187791073984e-05   0.000611922519847532   0.0181726887923357    
7753                   2.55187758607665e-05   0.000611922425157484   0.0181726876521715    
7754                   2.55187726191342e-05   0.000611922330575645   0.0181726865137476    
7755                   2.55187693825071e-05   0.000611922236101867   0.018172685377062     
7756                   2.55187661508776e-05   0.000611922141736223   0.0181726842421129    
7757                   2.55187629242215e-05   0.000611922047478705   0.0181726831088983    
7758                   2.55187597025342e-05   0.000611921953329294   0.0181726819774162    
7759                   2.55187564858124e-05   0.000611921859287791   0.0181726808476647    
7760                   2.55187532740551e-05   0.000611921765354333   0.0181726797196419    
7761                   2.55187500672602e-05   0.000611921671528792   0.0181726785933458    
7762                   2.55187468654232e-05   0.000611921577811199   0.0181726774687744    
7763                   2.55187436685401e-05   0.000611921484201497   0.0181726763459258    
7764                   2.55187404766019e-05   0.000611921390699683   0.0181726752247981    
7765                   2.5518737289604e-05    0.00061192129730569    0.0181726741053893    
7766                   2.55187341075389e-05   0.000611921204019462   0.0181726729876974    
7767                   2.55187309304014e-05   0.000611921110840964   0.0181726718717205    
7768                   2.55187277581881e-05   0.000611921017770168   0.0181726707574566    
7769                   2.5518724590893e-05    0.000611920924807069   0.0181726696449037    
7770                   2.55187214285103e-05   0.000611920831951566   0.01817266853406      
7771                   2.55187182710339e-05   0.000611920739203703   0.0181726674249234    
7772                   2.5518715118459e-05    0.000611920646563386   0.018172666317492     
7773                   2.55187119707809e-05   0.000611920554030609   0.0181726652117638    
7774                   2.55187088279932e-05   0.000611920461605335   0.0181726641077368    
7775                   2.55187056900912e-05   0.000611920369287528   0.0181726630054091    
7776                   2.55187025570689e-05   0.000611920277077082   0.0181726619047787    
7777                   2.55186994289215e-05   0.000611920184974044   0.0181726608058436    
7778                   2.55186963056437e-05   0.000611920092978392   0.0181726597086019    
7779                   2.55186931872282e-05   0.000611920001090025   0.0181726586130516    
7780                   2.55186900736722e-05   0.000611919909308947   0.0181726575191907    
7781                   2.55186869649686e-05   0.000611919817635029   0.0181726564270172    
7782                   2.55186838611112e-05   0.000611919726068315   0.0181726553365292    
7783                   2.55186807620956e-05   0.000611919634608786   0.0181726542477246    
7784                   2.55186776679163e-05   0.000611919543256323   0.0181726531606016    
7785                   2.55186745785681e-05   0.000611919452010917   0.0181726520751581    
7786                   2.55186714940443e-05   0.000611919360872549   0.0181726509913921    
7787                   2.55186684143406e-05   0.000611919269841211   0.0181726499093016    
7788                   2.55186653394504e-05   0.000611919178916816   0.0181726488288847    
7789                   2.55186622693683e-05   0.000611919088099255   0.0181726477501394    
7790                   2.55186592040896e-05   0.000611918997388624   0.0181726466730637    
7791                   2.55186561436085e-05   0.000611918906784805   0.0181726455976556    
7792                   2.5518653087918e-05    0.000611918816287765   0.0181726445239131    
7793                   2.55186500370132e-05   0.000611918725897453   0.0181726434518342    
7794                   2.55186469908896e-05   0.000611918635613883   0.018172642381417     
7795                   2.55186439495411e-05   0.000611918545436896   0.0181726413126593    
7796                   2.55186409129608e-05   0.000611918455366616   0.0181726402455593    
7797                   2.55186378811446e-05   0.000611918365402867   0.018172639180115     
7798                   2.55186348540863e-05   0.000611918275545639   0.0181726381163243    
7799                   2.55186318317802e-05   0.000611918185794913   0.0181726370541853    
7800                   2.551862881422e-05     0.000611918096150599   0.018172635993696     
7801                   2.55186258014018e-05   0.000611918006612673   0.0181726349348543    
7802                   2.5518622793319e-05    0.000611917917181106   0.0181726338776582    
7803                   2.55186197899652e-05   0.000611917827855869   0.0181726328221058    
7804                   2.55186167913353e-05   0.000611917738636874   0.0181726317681951    
7805                   2.55186137974241e-05   0.000611917649524137   0.018172630715924     
7806                   2.55186108082259e-05   0.000611917560517619   0.0181726296652906    
7807                   2.55186078237338e-05   0.000611917471617212   0.0181726286162928    
7808                   2.55186048439437e-05   0.000611917382822856   0.0181726275689287    
7809                   2.55186018688485e-05   0.000611917294134529   0.0181726265231962    
7810                   2.55185988984434e-05   0.000611917205552227   0.0181726254790933    
7811                   2.55185959327213e-05   0.000611917117075845   0.018172624436618     
7812                   2.55185929716781e-05   0.000611917028705395   0.0181726233957684    
7813                   2.55185900153063e-05   0.000611916940440798   0.0181726223565424    
7814                   2.55185870636012e-05   0.000611916852282036   0.0181726213189379    
7815                   2.5518584116557e-05    0.000611916764229057   0.0181726202829531    
7816                   2.55185811741691e-05   0.00061191667628176    0.0181726192485858    
7817                   2.55185782364303e-05   0.000611916588440125   0.0181726182158341    
7818                   2.55185753033351e-05   0.000611916500704123   0.0181726171846959    
7819                   2.55185723748777e-05   0.000611916413073729   0.0181726161551693    
7820                   2.55185694510513e-05   0.000611916325548834   0.0181726151272522    
7821                   2.55185665318509e-05   0.000611916238129411   0.0181726141009426    
7822                   2.55185636172724e-05   0.000611916150815436   0.0181726130762386    
7823                   2.55185607073088e-05   0.000611916063606765   0.018172612053138     
7824                   2.55185578019543e-05   0.000611915976503493   0.0181726110316388    
7825                   2.55185549012015e-05   0.000611915889505507   0.0181726100117391    
7826                   2.55185520050459e-05   0.000611915802612748   0.0181726089934369    
7827                   2.55185491134811e-05   0.000611915715825179   0.0181726079767301    
7828                   2.5518546226502e-05    0.000611915629142744   0.0181726069616166    
7829                   2.55185433441026e-05   0.000611915542565356   0.0181726059480946    
7830                   2.55185404662775e-05   0.000611915456093037   0.0181726049361619    
7831                   2.55185375930202e-05   0.000611915369725712   0.0181726039258166    
7832                   2.55185347243244e-05   0.000611915283463288   0.0181726029170566    
7833                   2.55185318601849e-05   0.000611915197305755   0.0181726019098799    
7834                   2.5518529000596e-05    0.000611915111253072   0.0181726009042845    
7835                   2.55185261455502e-05   0.000611915025305152   0.0181725999002684    
7836                   2.55185232950439e-05   0.000611914939461927   0.0181725988978295    
7837                   2.55185204490712e-05   0.000611914853723393   0.0181725978969658    
7838                   2.55185176076244e-05   0.000611914768089454   0.0181725968976753    
7839                   2.55185147706987e-05   0.000611914682560089   0.0181725958999561    
7840                   2.55185119382865e-05   0.000611914597135261   0.0181725949038059    
7841                   2.55185091103838e-05   0.000611914511814894   0.0181725939092229    
7842                   2.55185062869845e-05   0.000611914426598926   0.0181725929162051    
7843                   2.55185034680819e-05   0.000611914341487354   0.0181725919247503    
7844                   2.55185006536722e-05   0.000611914256480025   0.0181725909348566    
7845                   2.55184978437472e-05   0.000611914171576936   0.0181725899465219    
7846                   2.55184950383017e-05   0.000611914086778051   0.0181725889597443    
7847                   2.55184922373293e-05   0.000611914002083296   0.0181725879745216    
7848                   2.55184894408251e-05   0.000611913917492629   0.0181725869908519    
7849                   2.55184866487823e-05   0.000611913833005977   0.0181725860087332    
7850                   2.55184838611941e-05   0.000611913748623317   0.0181725850281634    
7851                   2.5518481078055e-05    0.000611913664344612   0.0181725840491405    
7852                   2.551847829936e-05     0.000611913580169686   0.0181725830716625    
7853                   2.55184755251031e-05   0.00061191349609859    0.0181725820957274    
7854                   2.55184727552773e-05   0.000611913412131213   0.018172581121333     
7855                   2.55184699898766e-05   0.000611913328267488   0.0181725801484775    
7856                   2.55184672288958e-05   0.000611913244507417   0.0181725791771587    
7857                   2.55184644723279e-05   0.000611913160850957   0.0181725782073747    
7858                   2.55184617201699e-05   0.000611913077297947   0.0181725772391234    
7859                   2.55184589724138e-05   0.000611912993848446   0.0181725762724029    
7860                   2.55184562290536e-05   0.000611912910502332   0.018172575307211     
7861                   2.55184534900825e-05   0.000611912827259521   0.0181725743435458    
7862                   2.5518450755495e-05    0.000611912744120022   0.0181725733814051    
7863                   2.55184480252854e-05   0.000611912661083737   0.0181725724207871    
7864                   2.55184452994469e-05   0.00061191257815064    0.0181725714616897    
7865                   2.55184425779738e-05   0.000611912495320604   0.0181725705041108    
7866                   2.55184398608609e-05   0.000611912412593611   0.0181725695480485    
7867                   2.55184371481014e-05   0.000611912329969613   0.0181725685935007    
7868                   2.55184344396903e-05   0.00061191224744855    0.0181725676404653    
7869                   2.55184317356209e-05   0.000611912165030327   0.0181725666889404    
7870                   2.55184290358872e-05   0.000611912082714892   0.018172565738924     
7871                   2.55184263404815e-05   0.000611912000502215   0.0181725647904139    
7872                   2.55184236493986e-05   0.000611911918392219   0.0181725638434083    
7873                   2.55184209626328e-05   0.000611911836384834   0.018172562897905     
7874                   2.55184182801799e-05   0.000611911754479949   0.018172561953902     
7875                   2.5518415602032e-05    0.000611911672677596   0.0181725610113974    
7876                   2.55184129281842e-05   0.000611911590977646   0.0181725600703891    
7877                   2.55184102586279e-05   0.000611911509380088   0.018172559130875     
7878                   2.55184075933594e-05   0.000611911427884762   0.0181725581928532    
7879                   2.55184049323715e-05   0.000611911346491688   0.0181725572563216    
7880                   2.55184022756589e-05   0.000611911265200785   0.0181725563212783    
7881                   2.55183996232153e-05   0.000611911184012061   0.0181725553877211    
7882                   2.55183969750345e-05   0.000611911102925347   0.0181725544556481    
7883                   2.55183943311107e-05   0.000611911021940621   0.0181725535250572    
7884                   2.55183916914369e-05   0.00061191094105781    0.0181725525959465    
7885                   2.55183890560079e-05   0.000611910860276846   0.0181725516683139    
7886                   2.55183864248161e-05   0.000611910779597659   0.0181725507421573    
7887                   2.55183837978575e-05   0.0006119106990202     0.0181725498174748    
7888                   2.55183811751255e-05   0.000611910618544366   0.0181725488942644    
7889                   2.55183785566137e-05   0.000611910538170129   0.018172547972524     
7890                   2.55183759423149e-05   0.000611910457897427   0.0181725470522516    
7891                   2.55183733322244e-05   0.000611910377726192   0.0181725461334452    
7892                   2.55183707263357e-05   0.000611910297656324   0.0181725452161028    
7893                   2.5518368124643e-05    0.000611910217687831   0.0181725443002224    
7894                   2.55183655271402e-05   0.000611910137820595   0.0181725433858019    
7895                   2.55183629338213e-05   0.0006119100580545     0.0181725424728393    
7896                   2.55183603446796e-05   0.000611909978389542   0.0181725415613327    
7897                   2.5518357759708e-05    0.000611909898825642   0.0181725406512799    
7898                   2.55183551789011e-05   0.000611909819362719   0.0181725397426791    
7899                   2.55183526022524e-05   0.000611909740000686   0.0181725388355281    
7900                   2.55183500297571e-05   0.000611909660739519   0.0181725379298249    
7901                   2.55183474614093e-05   0.000611909581579118   0.0181725370255677    
7902                   2.55183448972028e-05   0.000611909502519427   0.0181725361227542    
7903                   2.55183423371305e-05   0.00061190942356037    0.0181725352213826    
7904                   2.55183397811861e-05   0.000611909344701859   0.0181725343214507    
7905                   2.55183372293634e-05   0.000611909265943844   0.0181725334229567    
7906                   2.55183346816565e-05   0.000611909187286279   0.0181725325258985    
7907                   2.55183321380602e-05   0.000611909108729036   0.018172531630274     
7908                   2.55183295985672e-05   0.000611909030272118   0.0181725307360813    
7909                   2.55183270631735e-05   0.000611908951915403   0.0181725298433184    
7910                   2.55183245318697e-05   0.000611908873658816   0.0181725289519833    
7911                   2.55183220046525e-05   0.000611908795502341   0.0181725280620738    
7912                   2.55183194815137e-05   0.000611908717445858   0.0181725271735882    
7913                   2.5518316962449e-05    0.00061190863948929    0.0181725262865242    
7914                   2.55183144474506e-05   0.000611908561632577   0.01817252540088      
7915                   2.55183119365126e-05   0.00061190848387563    0.0181725245166535    
7916                   2.55183094296287e-05   0.000611908406218371   0.0181725236338428    
7917                   2.55183069267937e-05   0.000611908328660749   0.0181725227524457    
7918                   2.55183044280014e-05   0.000611908251202703   0.0181725218724604    
7919                   2.55183019332446e-05   0.000611908173844139   0.0181725209938848    
7920                   2.55182994425185e-05   0.000611908096585016   0.0181725201167169    
7921                   2.55182969558164e-05   0.0006119080194252     0.0181725192409547    
7922                   2.55182944731317e-05   0.0006119079423647     0.0181725183665962    
7923                   2.55182919944587e-05   0.000611907865403391   0.0181725174936394    
7924                   2.55182895197907e-05   0.000611907788541153   0.0181725166220824    
7925                   2.55182870491223e-05   0.000611907711777995   0.018172515751923     
7926                   2.5518284582447e-05    0.000611907635113829   0.0181725148831594    
7927                   2.55182821197581e-05   0.0006119075585485     0.0181725140157895    
7928                   2.55182796610509e-05   0.000611907482081986   0.0181725131498114    
7929                   2.55182772063179e-05   0.000611907405714242   0.0181725122852229    
7930                   2.55182747555533e-05   0.000611907329445133   0.0181725114220223    
7931                   2.5518272308752e-05    0.000611907253274618   0.0181725105602074    
7932                   2.55182698659061e-05   0.000611907177202641   0.0181725096997762    
7933                   2.55182674270115e-05   0.000611907101229113   0.0181725088407268    
7934                   2.551826499206e-05     0.000611907025353885   0.0181725079830572    
7935                   2.5518262561047e-05    0.000611906949576975   0.0181725071267654    
7936                   2.5518260133965e-05    0.000611906873898268   0.0181725062718494    
7937                   2.55182577108087e-05   0.000611906798317667   0.0181725054183073    
7938                   2.55182552915705e-05   0.000611906722835139   0.018172504566137     
7939                   2.55182528762457e-05   0.000611906647450554   0.0181725037153365    
7940                   2.55182504648284e-05   0.000611906572163846   0.0181725028659039    
7941                   2.55182480573134e-05   0.000611906496974925   0.0181725020178372    
7942                   2.5518245653694e-05    0.000611906421883796   0.0181725011711344    
7943                   2.5518243253963e-05    0.000611906346890264   0.0181725003257935    
7944                   2.55182408581139e-05   0.000611906271994328   0.0181724994818126    
7945                   2.551823846614e-05     0.000611906197195896   0.0181724986391897    
7946                   2.55182360780364e-05   0.000611906122494886   0.0181724977979228    
7947                   2.55182336937978e-05   0.000611906047891223   0.0181724969580099    
7948                   2.55182313134164e-05   0.000611905973384821   0.018172496119449     
7949                   2.55182289368869e-05   0.00061190589897555    0.0181724952822383    
7950                   2.55182265642043e-05   0.0006119058246634     0.0181724944463756    
7951                   2.55182241953616e-05   0.000611905750448242   0.0181724936118591    
7952                   2.55182218303516e-05   0.000611905676330064   0.0181724927786868    
7953                   2.55182194691691e-05   0.000611905602308696   0.0181724919468566    
7954                   2.55182171118083e-05   0.000611905528384134   0.0181724911163668    
7955                   2.55182147582628e-05   0.000611905454556203   0.0181724902872152    
7956                   2.5518212408527e-05    0.000611905380824913   0.0181724894593999    
7957                   2.55182100625943e-05   0.000611905307190114   0.0181724886329189    
7958                   2.55182077204572e-05   0.000611905233651816   0.0181724878077704    
7959                   2.55182053821111e-05   0.000611905160209837   0.0181724869839523    
7960                   2.55182030475493e-05   0.000611905086864132   0.0181724861614627    
7961                   2.55182007167664e-05   0.000611905013614603   0.0181724853402996    
7962                   2.55181983897563e-05   0.000611904940461228   0.0181724845204611    
7963                   2.55181960665138e-05   0.000611904867403837   0.0181724837019452    
7964                   2.55181937470307e-05   0.000611904794442408   0.01817248288475      
7965                   2.5518191431302e-05    0.000611904721576821   0.0181724820688735    
7966                   2.5518189119322e-05    0.000611904648807037   0.0181724812543137    
7967                   2.55181868110835e-05   0.000611904576132888   0.0181724804410688    
7968                   2.55181845065811e-05   0.000611904503554399   0.0181724796291368    
7969                   2.55181822058092e-05   0.000611904431071389   0.0181724788185157    
7970                   2.55181799087601e-05   0.000611904358683844   0.0181724780092036    
7971                   2.55181776154299e-05   0.000611904286391625   0.0181724772011985    
7972                   2.55181753258117e-05   0.000611904214194656   0.0181724763944986    
7973                   2.55181730398991e-05   0.000611904142092912   0.0181724755891018    
7974                   2.55181707576861e-05   0.000611904070086266   0.0181724747850063    
7975                   2.55181684791669e-05   0.000611903998174631   0.01817247398221      
7976                   2.55181662043352e-05   0.000611903926357866   0.0181724731807112    
7977                   2.5518163933184e-05    0.000611903854635964   0.0181724723805077    
7978                   2.55181616657099e-05   0.000611903783008801   0.0181724715815978    
7979                   2.55181594019048e-05   0.000611903711476277   0.0181724707839795    
7980                   2.55181571417627e-05   0.000611903640038367   0.0181724699876508    
7981                   2.55181548852782e-05   0.000611903568694916   0.0181724691926098    
7982                   2.55181526324453e-05   0.000611903497445865   0.0181724683988546    
7983                   2.5518150611893e-05    0.000611903434661642   0.0181724677233157    
7984                   2.55181485192692e-05   0.000611903372025279   0.0181724670485016    
7985                   2.55181463984018e-05   0.000611903309528853   0.0181724663744482    
7986                   2.55181442706927e-05   0.000611903247183826   0.0181724657013758    
7987                   2.55181421444202e-05   0.000611903184994843   0.0181724650294114    
7988                   2.55181400218821e-05   0.000611903122960613   0.0181724643586097    
7989                   2.5518137903224e-05    0.000611903061075528   0.0181724636889795    
7990                   2.55181357881516e-05   0.000611902999331525   0.0181724630205018    
7991                   2.55181336765188e-05   0.000611902937718926   0.0181724623531421    
7992                   2.55181315683994e-05   0.00061190287622754    0.0181724616868575    
7993                   2.55181294639862e-05   0.00061190281484696    0.0181724610216007    
7994                   2.55181273634759e-05   0.00061190275356706    0.0181724603573217    
7995                   2.55181252669909e-05   0.000611902692377994   0.0181724596939685    
7996                   2.55181231745495e-05   0.000611902631270397   0.0181724590314874    
7997                   2.55181210860614e-05   0.000611902570235427   0.0181724583698225    
7998                   2.55181190013521e-05   0.000611902509264811   0.0181724577089159    
7999                   2.55181169201865e-05   0.0006119024483506     0.0181724570487069    
8000                   2.55181148423011e-05   0.000611902387485148   0.0181724563891323    
8001                   2.55181127674218e-05   0.000611902326661016   0.0181724557301259    
8002                   2.55181106952831e-05   0.000611902265870799   0.0181724550716185    
8003                   2.55181086256379e-05   0.000611902205107478   0.018172454413538     
8004                   2.55181065582618e-05   0.000611902144364079   0.0181724537558098    
8005                   2.55181044929565e-05   0.000611902083633819   0.0181724530983571    
8006                   2.55181024295486e-05   0.000611902022910124   0.0181724524411014    
8007                   2.55181003678859e-05   0.00061190196218658    0.0181724517839632    
8008                   2.55180983078389e-05   0.00061190190145684    0.018172451126863     
8009                   2.55180962492932e-05   0.000611901840714927   0.0181724504697222    
8010                   2.5518094192149e-05    0.00061190177995513    0.0181724498124641    
8011                   2.55180921363252e-05   0.000611901719172062   0.0181724491550149    
8012                   2.55180900817482e-05   0.000611901658360867   0.0181724484973048    
8013                   2.5518088028362e-05    0.000611901597517112   0.0181724478392693    
8014                   2.5518085976121e-05    0.000611901536637014   0.0181724471808498    
8015                   2.55180839249893e-05   0.0006119014757173     0.0181724465219945    
8016                   2.55180818749441e-05   0.000611901414755489   0.0181724458626592    
8017                   2.55180798259719e-05   0.00061190135374974    0.0181724452028076    
8018                   2.55180777780706e-05   0.000611901292698846   0.0181724445424116    
8019                   2.55180757312485e-05   0.000611901231602388   0.0181724438814511    
8020                   2.55180736855185e-05   0.000611901170460585   0.018172443219914     
8021                   2.5518071640901e-05    0.000611901109274154   0.0181724425577955    
8022                   2.55180695974245e-05   0.000611901048044522   0.0181724418950973    
8023                   2.55180675551159e-05   0.000611900986773504   0.0181724412318271    
8024                   2.55180655140073e-05   0.00061190092546343    0.0181724405679972    
8025                   2.55180634741319e-05   0.000611900864116713   0.0181724399036236    
8026                   2.55180614355214e-05   0.000611900802736125   0.0181724392387248    
8027                   2.5518059398206e-05    0.00061190074132456    0.018172438573321     
8028                   2.55180573622129e-05   0.000611900679884864   0.0181724379074329    
8029                   2.55180553275656e-05   0.000611900618419835   0.0181724372410808    
8030                   2.55180532942915e-05   0.000611900556932178   0.0181724365742838    
8031                   2.55180512624039e-05   0.000611900495424398   0.0181724359070592    
8032                   2.55180492319134e-05   0.000611900433898867   0.0181724352394225    
8033                   2.55180472028291e-05   0.00061190037235767    0.0181724345713859    
8034                   2.55180451751552e-05   0.00061190031080251    0.0181724339029596    
8035                   2.55180431489043e-05   0.000611900249234994   0.0181724332341503    
8036                   2.55180411240751e-05   0.000611900187656209   0.0181724325649623    
8037                   2.55180391006652e-05   0.000611900126067208   0.0181724318953967    
8038                   2.55180370786725e-05   0.00061190006446863    0.0181724312254525    
8039                   2.55180350580939e-05   0.000611900002860866   0.0181724305551257    
8040                   2.55180330389281e-05   0.000611899941244037   0.0181724298844102    
8041                   2.55180310211721e-05   0.000611899879618103   0.0181724292132981    
8042                   2.55180290048242e-05   0.000611899817982791   0.0181724285417794    
8043                   2.55180269898814e-05   0.000611899756337579   0.0181724278698426    
8044                   2.55180249763401e-05   0.000611899694681849   0.0181724271974746    
8045                   2.5518022964196e-05    0.000611899633014749   0.0181724265246614    
8046                   2.55180209534454e-05   0.000611899571335309   0.0181724258513878    
8047                   2.55180189440855e-05   0.000611899509642449   0.0181724251776376    
8048                   2.55180169361142e-05   0.000611899447934999   0.018172424503394     
8049                   2.55180149295275e-05   0.000611899386211616   0.0181724238286397    
8050                   2.55180131909066e-05   0.000611899333125133   0.0181724232601342    
8051                   2.55180114156836e-05   0.000611899280239996   0.0181724226928843    
8052                   2.55180096172788e-05   0.000611899227544077   0.0181724221269031    
8053                   2.55180078033405e-05   0.000611899175027892   0.0181724215621885    
8054                   2.55180059781643e-05   0.000611899122682119   0.0181724209987273    
8055                   2.5518004144423e-05    0.000611899070497139   0.018172420436498     
8056                   2.55180023041069e-05   0.000611899018463323   0.0181724198754729    
8057                   2.55180004589285e-05   0.000611898966571008   0.0181724193156205    
8058                   2.55179986104488e-05   0.000611898914810815   0.0181724187569075    
8059                   2.5517996760063e-05    0.000611898863173736   0.0181724181992994    
8060                   2.55179949089638e-05   0.000611898811651413   0.0181724176427622    
8061                   2.55179930581124e-05   0.00061189876023616    0.0181724170872627    
8062                   2.55179912082452e-05   0.000611898708920812   0.0181724165327688    
8063                   2.55179893598978e-05   0.000611898657699      0.0181724159792497    
8064                   2.5517987513438e-05    0.000611898606564991   0.0181724154266763    
8065                   2.55179856690989e-05   0.000611898555513796   0.0181724148750208    
8066                   2.55179838270141e-05   0.000611898504541084   0.018172414324257     
8067                   2.55179819872457e-05   0.000611898453643053   0.0181724137743603    
8068                   2.55179801498072e-05   0.000611898402816143   0.0181724132253071    
8069                   2.55179783146857e-05   0.000611898352057328   0.0181724126770755    
8070                   2.55179764818524e-05   0.000611898301363955   0.0181724121296445    
8071                   2.55179746512731e-05   0.000611898250733597   0.0181724115829944    
8072                   2.55179728229127e-05   0.000611898200164259   0.0181724110371063    
8073                   2.55179709967389e-05   0.000611898149654293   0.0181724104919624    
8074                   2.55179691727233e-05   0.000611898099202134   0.0181724099475459    
8075                   2.55179673508396e-05   0.000611898048806458   0.0181724094038406    
8076                   2.55179655310685e-05   0.00061189799846619    0.0181724088608313    
8077                   2.55179637133922e-05   0.000611897948180262   0.0181724083185032    
8078                   2.55179618977937e-05   0.000611897897947833   0.0181724077768424    
8079                   2.5517960084257e-05    0.000611897847768178   0.0181724072358355    
8080                   2.55179582727663e-05   0.000611897797640693   0.0181724066954698    
8081                   2.55179564633062e-05   0.000611897747564796   0.0181724061557329    
8082                   2.5517954655862e-05    0.000611897697540069   0.0181724056166132    
8083                   2.55179528504178e-05   0.000611897647566156   0.0181724050780994    
8084                   2.55179510469574e-05   0.000611897597642784   0.0181724045401806    
8085                   2.55179492454637e-05   0.000611897547769686   0.0181724040028464    
8086                   2.55179474459195e-05   0.000611897497946644   0.0181724034660868    
8087                   2.5517945648307e-05    0.000611897448173542   0.0181724029298922    
8088                   2.55179438526077e-05   0.000611897398450335   0.0181724023942532    
8089                   2.55179420588033e-05   0.0006118973487769     0.0181724018591609    
8090                   2.5517940266877e-05    0.000611897299153282   0.0181724013246067    
8091                   2.55179384768116e-05   0.000611897249579431   0.0181724007905822    
8092                   2.55179366885893e-05   0.000611897200055402   0.0181724002570794    
8093                   2.55179349021931e-05   0.000611897150581207   0.0181723997240906    
8094                   2.55179331176069e-05   0.000611897101157015   0.0181723991916082    
8095                   2.55179313348153e-05   0.000611897051782877   0.018172398659625     
8096                   2.55179295538038e-05   0.000611897002458974   0.0181723981281339    
8097                   2.55179277745583e-05   0.000611896953185387   0.0181723975971282    
8098                   2.5517925997066e-05    0.000611896903962244   0.0181723970666014    
8099                   2.55179242213148e-05   0.000611896854789792   0.0181723965365471    
8100                   2.55179224472933e-05   0.000611896805668182   0.0181723960069592    
8101                   2.55179206749906e-05   0.000611896756597578   0.0181723954778317    
8102                   2.55179189043982e-05   0.000611896707578234   0.0181723949491589    
8103                   2.55179171355075e-05   0.000611896658610269   0.0181723944209353    
8104                   2.55179153683112e-05   0.000611896609693946   0.0181723938931555    
8105                   2.5517913602803e-05    0.000611896560829507   0.0181723933658143    
8106                   2.5517911838976e-05    0.000611896512017162   0.0181723928389066    
8107                   2.55179100768256e-05   0.000611896463257172   0.0181723923124276    
8108                   2.55179083163471e-05   0.000611896414549763   0.0181723917863726    
8109                   2.55179065575386e-05   0.000611896365895194   0.018172391260737     
8110                   2.55179048003966e-05   0.000611896317293685   0.0181723907355164    
8111                   2.5517903044919e-05    0.000611896268745535   0.0181723902107064    
8112                   2.55179012911057e-05   0.000611896220250991   0.018172389686303     
8113                   2.55178995389555e-05   0.000611896171810335   0.0181723891623021    
8114                   2.55178977884668e-05   0.000611896123423836   0.0181723886386999    
8115                   2.55178960396407e-05   0.000611896075091738   0.0181723881154924    
8116                   2.55178942924776e-05   0.00061189602681428    0.0181723875926762    
8117                   2.55178925469786e-05   0.000611895978591792   0.0181723870702475    
8118                   2.55178908031448e-05   0.000611895930424537   0.018172386548203     
8119                   2.55178890609785e-05   0.000611895882312727   0.0181723860265392    
8120                   2.5517887320483e-05    0.000611895834256666   0.0181723855052529    
8121                   2.55178855816591e-05   0.000611895786256621   0.018172384984341     
8122                   2.55178838445099e-05   0.00061189573831282    0.0181723844638004    
8123                   2.55178821090377e-05   0.000611895690425503   0.0181723839436279    
8124                   2.55178803752451e-05   0.000611895642594885   0.0181723834238208    
8125                   2.5517878643135e-05    0.000611895594821187   0.0181723829043761    
8126                   2.55178769127103e-05   0.00061189554710461    0.0181723823852911    
8127                   2.55178751839735e-05   0.000611895499445366   0.018172381866563     
8128                   2.55178734569277e-05   0.000611895451843643   0.0181723813481892    
8129                   2.55178717315761e-05   0.000611895404299593   0.0181723808301671    
8130                   2.55178701067157e-05   0.000611895362229118   0.0181723803927483    
8131                   2.55178683512532e-05   0.000611895319575198   0.0181723799505053    
8132                   2.55178663942594e-05   0.000611895271407379   0.0181723794290166    
8133                   2.55178645485877e-05   0.000611895223579873   0.0181723789078744    
8134                   2.55178627847382e-05   0.000611895176002435   0.0181723783870946    
8135                   2.55178610742822e-05   0.000611895128604581   0.0181723778666955    
8136                   2.55178593951234e-05   0.000611895081337965   0.0181723773466904    
8137                   2.55178577316926e-05   0.000611895034172852   0.0181723768270885    
8138                   2.55178560738257e-05   0.000611894987091242   0.0181723763078939    
8139                   2.5517854415423e-05    0.000611894940081619   0.0181723757891066    
8140                   2.55178527532444e-05   0.000611894893136167   0.0181723752707235    
8141                   2.55178510859368e-05   0.000611894846249135   0.0181723747527396    
8142                   2.55178494955236e-05   0.000611894804378603   0.0181723743103046    
8143                   2.55178477750304e-05   0.000611894761948206   0.0181723738636448    
8144                   2.55178458671711e-05   0.000611894714396578   0.0181723733422512    
8145                   2.55178440603949e-05   0.000611894667181763   0.018172372821236     
8146                   2.55178423285816e-05   0.000611894620212686   0.0181723723006111    
8147                   2.55178406456267e-05   0.000611894573418625   0.0181723717803907    
8148                   2.5517838990938e-05    0.000611894526750878   0.0181723712605847    
8149                   2.55178373499145e-05   0.000611894480179419   0.0181723707411986    
8150                   2.55178357130286e-05   0.00061189443368616    0.0181723702222334    
8151                   2.55178340746149e-05   0.000611894387259652   0.0181723697036861    
8152                   2.55178325134503e-05   0.000611894345831639   0.018172369260921     
8153                   2.55178308241768e-05   0.000611894303850111   0.0181723688140924    
8154                   2.55178289476851e-05   0.000611894256755908   0.0181723682921921    
8155                   2.55178271680995e-05   0.000611894209997057   0.0181723677706879    
8156                   2.55178254602034e-05   0.000611894163480532   0.0181723672495909    
8157                   2.55178237986986e-05   0.000611894117134951   0.018172366728914     
8158                   2.55178221636367e-05   0.000611894070911632   0.0181723662086659    
8159                   2.55178205408995e-05   0.000611894024780813   0.0181723656888506    
8160                   2.55178190051007e-05   0.000611893983715567   0.0181723652458977    
8161                   2.55178173454843e-05   0.000611893942105136   0.0181723647990151    
8162                   2.55178154981782e-05   0.00061189389532449    0.0181723642759138    
8163                   2.55178137453365e-05   0.00061189384888371    0.018172363753234     
8164                   2.5517812061605e-05    0.000611893802686593   0.0181723632309874    
8165                   2.55178104218688e-05   0.000611893756658774   0.0181723627091871    
8166                   2.55178088064641e-05   0.000611893710749827   0.0181723621878412    
8167                   2.5517807201584e-05    0.000611893664929217   0.0181723616669529    
8168                   2.55178056958363e-05   0.000611893624582207   0.0181723612286405    
8169                   2.55178040658533e-05   0.000611893583680705   0.0181723607862571    
8170                   2.55178022317409e-05   0.00061189353720871    0.0181723602622051    
8171                   2.55178004913521e-05   0.00061189349106845    0.018172359738595     
8172                   2.55177988191652e-05   0.000611893445165072   0.0181723592154375    
8173                   2.55177971901929e-05   0.000611893399425157   0.0181723586927443    
8174                   2.55177955850133e-05   0.000611893353798998   0.0181723581705227    
8175                   2.5517793903044e-05    0.000611893307453845   0.0181723576463367    
8176                   2.55177921331586e-05   0.000611893260537041   0.0181723571194925    
8177                   2.55177903856653e-05   0.00061189321408024    0.0181723565931052    
8178                   2.5517788690239e-05    0.000611893167975426   0.0181723560672285    
8179                   2.55177870450236e-05   0.00061189312212216    0.0181723555418776    
8180                   2.55177854372874e-05   0.00061189307644538    0.0181723550170701    
8181                   2.55177837659459e-05   0.000611893030086303   0.0181723544903412    
8182                   2.55177820159964e-05   0.000611892983175363   0.0181723539610464    
8183                   2.55177802929309e-05   0.000611892936749914   0.0181723534322971    
8184                   2.55177786231287e-05   0.000611892890698531   0.0181723529041534    
8185                   2.55177770026404e-05   0.000611892844918617   0.0181723523766336    
8186                   2.55177754175924e-05   0.000611892799332952   0.0181723518497566    
8187                   2.5517773766985e-05    0.00061189275308637    0.0181723513210238    
8188                   2.55177720359043e-05   0.000611892706298581   0.0181723507898055    
8189                   2.55177703292859e-05   0.000611892660000056   0.0181723502592253    
8190                   2.55177686735651e-05   0.000611892614080216   0.0181723497293416    
8191                   2.55177670651432e-05   0.000611892568437369   0.0181723492001703    
8192                   2.55177654905992e-05   0.000611892522994793   0.0181723486717276    
8193                   2.55177638499439e-05   0.000611892476907255   0.0181723481414857    
8194                   2.55177621287693e-05   0.000611892430287263   0.0181723476088147    
8195                   2.55177604314734e-05   0.000611892384154498   0.0181723470768596    
8196                   2.5517758784405e-05    0.000611892338400228   0.0181723465456767    
8197                   2.55177571840855e-05   0.000611892292924121   0.0181723460152794    
8198                   2.55177556172759e-05   0.000611892247650502   0.0181723454856812    
8199                   2.55177539847563e-05   0.000611892201745134   0.0181723449543318    
8200                   2.55177522723675e-05   0.0006118921553152     0.0181723444205959    
8201                   2.5517750583738e-05    0.000611892109368553   0.018172343887642     
8202                   2.55177489449884e-05   0.000611892063798622   0.0181723433555249    
8203                   2.55177473526547e-05   0.000611892018506711   0.0181723428242562    
8204                   2.55177457936046e-05   0.000611891973418211   0.018172342293848     
8205                   2.55177441693419e-05   0.00061189192770991    0.0181723417617316    
8206                   2.55177424659013e-05   0.00061189188148478    0.0181723412272653    
8207                   2.5517740786104e-05    0.000611891835738533   0.0181723406936398    
8208                   2.55177391558369e-05   0.000611891790367063   0.0181723401609089    
8209                   2.55177375716472e-05   0.000611891745273471   0.0181723396290831    
8210                   2.55177359362514e-05   0.000611891699602857   0.0181723390955727    
8211                   2.5517734232741e-05    0.000611891653443392   0.0181723385597592    
8212                   2.55177325606938e-05   0.000611891607791444   0.0181723380248452    
8213                   2.55177309432275e-05   0.000611891562533533   0.0181723374908894    
8214                   2.55177293746124e-05   0.000611891517567161   0.0181723369579059    
8215                   2.55177277563359e-05   0.000611891472036649   0.0181723364232836    
8216                   2.5517726070274e-05    0.000611891426024835   0.0181723358864139    
8217                   2.55177244145998e-05   0.00061189138052598    0.0181723353505123    
8218                   2.55177228119195e-05   0.000611891335425354   0.0181723348156377    
8219                   2.55177212564201e-05   0.000611891290619374   0.0181723342818036    
8220                   2.55177196502056e-05   0.00061189124525681    0.0181723337463774    
8221                   2.55177179754424e-05   0.000611891199416872   0.0181723332087498    
8222                   2.55177163298964e-05   0.000611891154088604   0.0181723326721538    
8223                   2.55177147361983e-05   0.000611891109158297   0.0181723321366471    
8224                   2.55177131887259e-05   0.000611891064523264   0.018172331602241     
8225                   2.55177115903048e-05   0.00061189101933862    0.0181723310662848    
8226                   2.55177099233982e-05   0.000611890973680753   0.0181723305281643    
8227                   2.55177082852731e-05   0.000611890928531653   0.0181723299911314    
8228                   2.5517706698472e-05    0.000611890883778875   0.0181723294552425    
8229                   2.55177049511642e-05   0.00061189083328854    0.0181723288417467    
8230                   2.5517703384893e-05    0.000611890788187462   0.0181723283050461    
8231                   2.55177017455694e-05   0.000611890742625092   0.0181723277662093    
8232                   2.55177001307913e-05   0.000611890697576339   0.0181723272285119    
8233                   2.55176983709675e-05   0.000611890647407914   0.0181723266206235    
8234                   2.55176967028979e-05   0.0006118905980378     0.01817232602113      
8235                   2.55176951632302e-05   0.000611890553006827   0.0181723254836085    
8236                   2.55176935493084e-05   0.000611890507530265   0.0181723249440159    
8237                   2.55176917757745e-05   0.000611890457457849   0.0181723243402765    
8238                   2.55176900890971e-05   0.00061189040830859    0.0181723237448617    
8239                   2.55176885307913e-05   0.00061189036316816    0.0181723232056366    
8240                   2.55176869106922e-05   0.000611890317632272   0.0181723226644272    
8241                   2.55176851565002e-05   0.000611890268002771   0.018172322065244     
8242                   2.55176834919511e-05   0.000611890219266878   0.0181723214734889    
8243                   2.55176819021652e-05   0.00061189017117663    0.0181723208874051    
8244                   2.55176802057365e-05   0.000611890120540595   0.0181723202733929    
8245                   2.55176784472561e-05   0.000611890069498797   0.0181723196591065    
8246                   2.55176767825953e-05   0.000611890020868254   0.0181723190712069    
8247                   2.55176751848831e-05   0.000611889972977775   0.0181723184887585    
8248                   2.5517673500414e-05    0.000611889923025373   0.0181723178838494    
8249                   2.55176717617824e-05   0.000611889872680342   0.0181723172779583    
8250                   2.55176701134781e-05   0.000611889824415895   0.0181723166934212    
8251                   2.55176685366477e-05   0.000611889776876267   0.0181723161137722    
8252                   2.55176668859227e-05   0.000611889727594837   0.0181723155155739    
8253                   2.55176651808897e-05   0.000611889677924771   0.0181723149161936    
8254                   2.55176635557173e-05   0.000611889630080082   0.0181723143346999    
8255                   2.55176619987998e-05   0.00061188958293388    0.0181723137577098    
8256                   2.5517660373125e-05    0.000611889534280335   0.018172313165121     
8257                   2.55176586907273e-05   0.000611889485237313   0.0181723125712449    
8258                   2.55176569123219e-05   0.000611889431953847   0.0181723118957477    
8259                   2.55176552989866e-05   0.000611889379436839   0.01817231122611      
8260                   2.55176537878803e-05   0.000611889331266489   0.0181723106391185    
8261                   2.55176521518268e-05   0.000611889282679031   0.0181723100504052    
8262                   2.55176503880424e-05   0.000611889229851467   0.0181723093797541    
8263                   2.55176487733175e-05   0.000611889177717853   0.0181723087141522    
8264                   2.55176472637725e-05   0.000611889129890577   0.0181723081308483    
8265                   2.55176456325857e-05   0.00061188908165051    0.0181723075457954    
8266                   2.55176438760027e-05   0.000611889029217785   0.0181723068792088    
8267                   2.55176422674221e-05   0.000611888977446333   0.0181723062173144    
8268                   2.5517640625664e-05    0.000611888924135457   0.0181723055409808    
8269                   2.5517638916262e-05    0.000611888870366165   0.0181723048635238    
8270                   2.55176372545532e-05   0.000611888818273038   0.0181723042018101    
8271                   2.55176356566294e-05   0.000611888766773862   0.0181723035439072    
8272                   2.55176340077161e-05   0.000611888713866927   0.0181723028729674    
8273                   2.55176322953922e-05   0.000611888660488596   0.0181723022006026    
8274                   2.55176306350767e-05   0.000611888608650478   0.0181723015423845    
8275                   2.55176290423312e-05   0.000611888557388071   0.0181723008877799    
8276                   2.55176274040413e-05   0.00061188850485028    0.0181723002215352    
8277                   2.55176257034855e-05   0.000611888451863762   0.0181722995539356    
8278                   2.55176240508495e-05   0.000611888400325607   0.0181722988994086    
8279                   2.55176224630711e-05   0.000611888349356537   0.0181722982484483    
8280                   2.55176208313142e-05   0.000611888297227671   0.0181722975870829    
8281                   2.55176191378009e-05   0.000611888244673797   0.0181722969244819    
8282                   2.5517617489848e-05    0.000611888193488935   0.0181722962740936    
8283                   2.55176159060199e-05   0.000611888142865327   0.0181722956272739    
8284                   2.55176142811972e-05   0.000611888091181616   0.0181722949711679    
8285                   2.55176125963378e-05   0.0006118880390926     0.0181722943139505    
8286                   2.55176109556011e-05   0.000611887988298569   0.0181722936681962    
8287                   2.55176093785698e-05   0.000611887938055308   0.0181722930260219    
8288                   2.55176077632358e-05   0.000611887886838572   0.0181722923755713    
8289                   2.55176060891668e-05   0.000611887835231742   0.018172291724111     
8290                   2.55176044575423e-05   0.000611887784849624   0.0181722910834345    
8291                   2.55176028888442e-05   0.000611887735004817   0.0181722904463373    
8292                   2.55176012838948e-05   0.00061188768425994    0.0181722898018465    
8293                   2.55175996210525e-05   0.000611887633135426   0.0181722891564091    
8294                   2.55175979989211e-05   0.000611887583170289   0.01817228852114      
8295                   2.55175964388062e-05   0.000611887533727019   0.0181722878894269    
8296                   2.55175948440584e-05   0.0006118874834434     0.0181722872510537    
8297                   2.55175931920406e-05   0.000611887432786419   0.0181722866117536    
8298                   2.55175915791788e-05   0.000611887383230056   0.0181722859820774    
8299                   2.55175900274537e-05   0.000611887334178743   0.0181722853559126    
8300                   2.55175884423623e-05   0.000611887284333301   0.0181722847236651    
8301                   2.55175868004909e-05   0.000611887234117416   0.0181722840904755    
8302                   2.55175851964601e-05   0.00061188718495141    0.0181722834664484    
8303                   2.55175835602587e-05   0.000611887135078077   0.0181722828365749    
8304                   2.55175818814374e-05   0.000611887084896295   0.0181722822057753    
8305                   2.55175802605111e-05   0.000611887035835271   0.0181722815842411    
8306                   2.55175787179808e-05   0.000611886987300045   0.0181722809661629    
8307                   2.55175771569967e-05   0.000611886938023918   0.0181722803424841    
8308                   2.55175755477618e-05   0.00061188688838838    0.0181722797178941    
8309                   2.55175739779089e-05   0.000611886839779396   0.0181722791021804    
8310                   2.5517572376627e-05    0.000611886790503979   0.0181722784810803    
8311                   2.55175707308053e-05   0.000611886740923981   0.0181722778590723    
8312                   2.55175691382514e-05   0.000611886692430687   0.0181722772460382    
8313                   2.55175676196109e-05   0.00061188664444924    0.0181722766364337    
8314                   2.55175660804182e-05   0.000611886595758032   0.0181722760216334    
8315                   2.55175644911008e-05   0.000611886546709724   0.0181722754059363    
8316                   2.55175629383696e-05   0.000611886498653851   0.0181722747988667    
8317                   2.55175613536609e-05   0.000611886449959864   0.018172274186796     
8318                   2.55175597238003e-05   0.000611886400963658   0.0181722735738231    
8319                   2.55175581453655e-05   0.000611886353018871   0.0181722729695631    
8320                   2.55175566392617e-05   0.000611886305571128   0.0181722723687127    
8321                   2.5517555112935e-05    0.000611886257440123   0.0181722717630169    
8322                   2.55175535368948e-05   0.000611886208956366   0.0181722711564297    
8323                   2.55175519965692e-05   0.000611886161434295   0.0181722705582324    
8324                   2.55175504250002e-05   0.000611886113299437   0.0181722699553752    
8325                   2.55175488087169e-05   0.000611886064866749   0.0181722693516172    
8326                   2.55175472428014e-05   0.000611886017454076   0.0181722687563179    
8327                   2.55175456611601e-05   0.000611885969449091   0.0181722681563508    
8328                   2.55175440474555e-05   0.000611885921159976   0.0181722675555113    
8329                   2.55175424925457e-05   0.000611885873913404   0.0181722669631938    
8330                   2.55175409268622e-05   0.00061188582608542    0.0181722663662526    
8331                   2.55175393311285e-05   0.000611885777980165   0.0181722657684786    
8332                   2.55175377936832e-05   0.000611885730928205   0.0181722651792627    
8333                   2.55175363302353e-05   0.000611885684376646   0.01817226459345      
8334                   2.55175348477256e-05   0.00061188563718352    0.0181722640032407    
8335                   2.55175333145155e-05   0.000611885589650991   0.0181722634122171    
8336                   2.55175317183541e-05   0.000611885541955436   0.0181722628213357    
8337                   2.55175300657646e-05   0.000611885494076971   0.0181722622299552    
8338                   2.55175284824435e-05   0.000611885447320289   0.0181722616471488    
8339                   2.55175269934951e-05   0.000611885401104956   0.0181722610676908    
8340                   2.55175255050652e-05   0.000611885354275361   0.0181722604839359    
8341                   2.55175239807771e-05   0.000611885307120248   0.0181722598993886    
8342                   2.55175224969186e-05   0.000611885260917916   0.0181722593229989    
8343                   2.55175209848664e-05   0.000611885214160479   0.0181722587425751    
8344                   2.55175194275703e-05   0.00061188516712065    0.0181722581613267    
8345                   2.55175179150185e-05   0.000611885121067431   0.0181722575881945    
8346                   2.55175163837522e-05   0.000611885074477394   0.0181722570110618    
8347                   2.55175148170942e-05   0.000611885027613961   0.0181722564330955    
8348                   2.55175133032033e-05   0.000611884981744355   0.0181722558632123    
8349                   2.55175117765632e-05   0.000611884935347193   0.0181722552893881    
8350                   2.55175102182517e-05   0.000611884888680854   0.0181722547147339    
8351                   2.55175087140834e-05   0.000611884843010215   0.0181722541481245    
8352                   2.55175071977571e-05   0.00061188479682133    0.0181722535776456    
8353                   2.55175056495873e-05   0.000611884750365537   0.0181722530063424    
8354                   2.55175041545009e-05   0.000611884704901117   0.0181722524430378    
8355                   2.55175026465186e-05   0.000611884658924494   0.0181722518759408    
8356                   2.55175011059617e-05   0.000611884612681041   0.0181722513080218    
8357                   2.55174996174316e-05   0.000611884567422309   0.0181722507480465    
8358                   2.55174981155269e-05   0.000611884521658257   0.0181722501843573    
8359                   2.5517496580706e-05    0.000611884475628269   0.0181722496198446    
8360                   2.55174950972645e-05   0.000611884430575223   0.0181722490632139    
8361                   2.55174936003279e-05   0.000611884385023061   0.0181722485029467    
8362                   2.55174920704419e-05   0.000611884339205111   0.0181722479418514    
8363                   2.55174905915279e-05   0.000611884294354817   0.0181722473885713    
8364                   2.55174890991736e-05   0.000611884249011423   0.0181722468317291    
8365                   2.5517487573964e-05    0.000611884203402708   0.0181722462740515    
8366                   2.55174860094955e-05   0.000611884157728548   0.0181722457170558    
8367                   2.55174844072158e-05   0.000611884111904665   0.0181722451595107    
8368                   2.55174828828194e-05   0.000611884067168883   0.0181722446099486    
8369                   2.55174814556636e-05   0.000611884022957743   0.0181722440635414    
8370                   2.55174800336304e-05   0.000611883978205238   0.0181722435135802    
8371                   2.55174785777854e-05   0.000611883933140804   0.0181722429628255    
8372                   2.55174770706322e-05   0.000611883887984719   0.0181722424128382    
8373                   2.55174755109887e-05   0.000611883842654907   0.0181722418622986    
8374                   2.55174740133247e-05   0.000611883798360505   0.0181722413195563    
8375                   2.55174725200983e-05   0.000611883753619178   0.0181722407733384    
8376                   2.55174710090531e-05   0.000611883708634812   0.0181722402262745    
8377                   2.55174695590673e-05   0.000611883664621392   0.018172239686908     
8378                   2.55174681031089e-05   0.00061188362014547    0.0181722391441972    
8379                   2.55174666179927e-05   0.000611883575410056   0.0181722386006498    
8380                   2.55174650951133e-05   0.000611883530637676   0.0181722380580248    
8381                   2.5517463533161e-05    0.000611883485715541   0.0181722375148236    
8382                   2.55174620444182e-05   0.000611883441847948   0.0181722369793868    
8383                   2.55174605688487e-05   0.000611883397555074   0.0181722364405611    
8384                   2.55174590807906e-05   0.000611883353025065   0.0181722359008856    
8385                   2.55174576551863e-05   0.000611883309464785   0.0181722353688623    
8386                   2.55174562238568e-05   0.000611883265459694   0.0181722348336118    
8387                   2.55174547624514e-05   0.000611883221198564   0.0181722342975276    
8388                   2.55174532622805e-05   0.000611883176918729   0.018172233762528     
8389                   2.55174517213213e-05   0.000611883132488107   0.0181722332269386    
8390                   2.55174502505476e-05   0.000611883089091039   0.018172232699        
8391                   2.55174487911743e-05   0.000611883045284792   0.0181722321678337    
8392                   2.55174473179794e-05   0.000611883001242847   0.0181722316358042    
8393                   2.55174459053501e-05   0.000611882958148403   0.0181722311113015    
8394                   2.55174444864518e-05   0.000611882914626667   0.0181722305837389    
8395                   2.55174430372761e-05   0.000611882870852534   0.018172230055329     
8396                   2.55174415498173e-05   0.000611882827072167   0.0181722295281272    
8397                   2.5517440021773e-05    0.000611882783141488   0.0181722290003052    
8398                   2.55174385626384e-05   0.000611882740214933   0.0181722284799556    
8399                   2.5517437114825e-05    0.000611882696897855   0.0181722279565731    
8400                   2.55174356532265e-05   0.000611882653349373   0.0181722274323064    
8401                   2.55174341675957e-05   0.000611882609823257   0.0181722269093853    
8402                   2.55174326508381e-05   0.000611882566156473   0.0181722263858182    
8403                   2.55174312080203e-05   0.000611882523497899   0.0181722258696408    
8404                   2.55174297794932e-05   0.000611882480467395   0.0181722253505394    
8405                   2.55174283378566e-05   0.000611882437211187   0.018172224830546     
8406                   2.5517426871935e-05    0.000611882393995437   0.0181722243120413    
8407                   2.55174253733692e-05   0.000611882350640288   0.0181722237928703    
8408                   2.55174239459524e-05   0.00061188230828084    0.0181722232809692    
8409                   2.55174225310778e-05   0.000611882265563727   0.0181722227662914    
8410                   2.55174211014507e-05   0.000611882222622362   0.018172222250709     
8411                   2.55174196467449e-05   0.000611882179734323   0.0181722217367419    
8412                   2.55174181584815e-05   0.000611882136707156   0.0181722212220784    
8413                   2.55174167396744e-05   0.000611882094658047   0.0181722207145289    
8414                   2.5517415332953e-05    0.000611882052266374   0.0181722202043685    
8415                   2.55174139110983e-05   0.000611882009651951   0.018172219693283     
8416                   2.55174124644293e-05   0.000611881967100335   0.0181722191839172    
8417                   2.55174109842009e-05   0.000611881924409447   0.0181722186738168    
8418                   2.55174095723888e-05   0.00061188188267668    0.0181722181706508    
8419                   2.55174081727551e-05   0.000611881840616494   0.0181722176650456    
8420                   2.55174067580009e-05   0.000611881798335495   0.0181722171584903    
8421                   2.55174053189005e-05   0.000611881756125083   0.018172216653737     
8422                   2.55174038464204e-05   0.000611881713775582   0.0181722161482086    
8423                   2.55174024414117e-05   0.000611881672364133   0.0181722156494259    
8424                   2.55174010487644e-05   0.000611881630639311   0.0181722151483746    
8425                   2.55173996410663e-05   0.000611881588695625   0.0181722146463491    
8426                   2.55173982094579e-05   0.000611881546828075   0.0181722141461884    
8427                   2.55173967446683e-05   0.000611881504821858   0.018172213645215     
8428                   2.55173953464257e-05   0.000611881463734626   0.0181722131507992    
8429                   2.55173939607336e-05   0.000611881422347427   0.0181722126542806    
8430                   2.55173925600691e-05   0.000611881380743214   0.0181722121567671    
8431                   2.55173911358708e-05   0.000611881339218793   0.0181722116611634    
8432                   2.55173896786895e-05   0.000611881297556275   0.0181722111647142    
8433                   2.55173882871529e-05   0.000611881256794962   0.0181722106746412    
8434                   2.55173869083504e-05   0.00061188121574578    0.0181722101826224    
8435                   2.55173855146596e-05   0.000611881174481231   0.0181722096895922    
8436                   2.55173840977523e-05   0.000611881133298425   0.0181722091985       
8437                   2.55173826480661e-05   0.000611881091978242   0.0181722087065352    
8438                   2.55173812631577e-05   0.000611881051543136   0.0181722082207756    
8439                   2.55173798911474e-05   0.000611881010830921   0.0181722077332157    
8440                   2.55173785043374e-05   0.000611880969904867   0.018172207244632     
8441                   2.55173770945755e-05   0.000611880929060924   0.0181722067579992    
8442                   2.55173756522403e-05   0.000611880888080292   0.0181722062704722    
8443                   2.55173742738673e-05   0.000611880847970255   0.0181722057889937    
8444                   2.55173729085335e-05   0.000611880807592488   0.018172205305846     
8445                   2.55173715284965e-05   0.000611880767002254   0.0181722048216658    
8446                   2.5517370125725e-05    0.000611880726493217   0.0181722043394362    
8447                   2.55173686905928e-05   0.000611880685848113   0.018172203856296     
8448                   2.55173672436683e-05   0.000611880645352265   0.0181722033752827    
8449                   2.55173657795801e-05   0.000611880604751279   0.0181722028932318    
8450                   2.55173643954971e-05   0.000611880565040802   0.0181722024169217    
8451                   2.55173630395084e-05   0.000611880525092914   0.0181722019391394    
8452                   2.55173616786809e-05   0.000611880484935694   0.0181722014602697    
8453                   2.55173603013378e-05   0.000611880444881249   0.0181722009834979    
8454                   2.55173588935653e-05   0.000611880404689347   0.01817220050575      
8455                   2.55173574740971e-05   0.000611880364664912   0.0181722000302738    
8456                   2.55173560354787e-05   0.000611880324530635   0.0181721995536847    
8457                   2.55173546729043e-05   0.000611880285272701   0.0181721990825736    
8458                   2.55173533361279e-05   0.000611880245793493   0.0181721986101949    
8459                   2.55173519921327e-05   0.000611880206099426   0.0181721981366937    
8460                   2.55173506302044e-05   0.000611880166515115   0.0181721976653863    
8461                   2.55173492364051e-05   0.000611880126787353   0.0181721971930499    
8462                   2.55173478300809e-05   0.000611880087233226   0.0181721967230679    
8463                   2.55173464036043e-05   0.000611880047563413   0.0181721962519142    
8464                   2.55173450510945e-05   0.000611880008751342   0.0181721957860117    
8465                   2.55173437239375e-05   0.000611879969730635   0.0181721953190193    
8466                   2.55173423892067e-05   0.000611879930491458   0.0181721948508747    
8467                   2.55173410367681e-05   0.000611879891363821   0.0181721943849664    
8468                   2.55173396525953e-05   0.000611879852088618   0.0181721939179879    
8469                   2.55173382561351e-05   0.000611879812987941   0.0181721934533924    
8470                   2.55173368395592e-05   0.000611879773767951   0.018172192987586     
8471                   2.5517335495714e-05    0.000611879735388852   0.0181721925268444    
8472                   2.55173341772254e-05   0.000611879696811681   0.0181721920651617    
8473                   2.55173328512175e-05   0.000611879658014513   0.0181721916023097    
8474                   2.55173315078221e-05   0.000611879619327759   0.0181721911416992    
8475                   2.55173301330236e-05   0.000611879580491523   0.0181721906799957    
8476                   2.55173287461391e-05   0.000611879541827509   0.0181721902206671    
8477                   2.55173273393085e-05   0.000611879503042956   0.0181721897601116    
8478                   2.55173259355347e-05   0.000611879464467559   0.018172189302074     
8479                   2.55173245237424e-05   0.000611879425777255   0.0181721888426938    
8480                   2.55173231927276e-05   0.000611879387921454   0.0181721883880311    
8481                   2.55173218941649e-05   0.000611879349893385   0.018172187932658     
8482                   2.55173205917081e-05   0.000611879311644211   0.018172187476065     
8483                   2.55173192736476e-05   0.000611879273518452   0.0181721870218078    
8484                   2.55173179238773e-05   0.000611879235239353   0.0181721865663985    
8485                   2.55173165609841e-05   0.000611879197140717   0.0181721861134442    
8486                   2.55173151762798e-05   0.000611879158915095   0.0181721856592058    
8487                   2.55173137928805e-05   0.000611879120903153   0.0181721852075475    
8488                   2.55173123995369e-05   0.000611879082769797   0.0181721847544926    
8489                   2.55173110179961e-05   0.000611879044875613   0.0181721843041523    
8490                   2.55173096327672e-05   0.000611879006859414   0.0181721838523073    
8491                   2.55173083282364e-05   0.000611878969657778   0.0181721834047274    
8492                   2.55173070571458e-05   0.000611878932314389   0.01817218295675      
8493                   2.55173057814179e-05   0.00061187889474373    0.0181721825074895    
8494                   2.55173044894194e-05   0.000611878857306995   0.0181721820606839    
8495                   2.551730316418e-05     0.000611878819706981   0.0181721816126474    
8496                   2.55173018245046e-05   0.000611878782294104   0.0181721811671623    
8497                   2.5517300461273e-05    0.000611878744744731   0.0181721807203163    
8498                   2.55172990980491e-05   0.000611878707414065   0.0181721802761224    
8499                   2.55172977234282e-05   0.000611878669953841   0.01817217983046      
8500                   2.55172963596196e-05   0.000611878632735277   0.018172179387558     
8501                   2.55172949911205e-05   0.0006118785953873     0.0181721789430886    
8502                   2.55172936381034e-05   0.0006118785582993     0.0181721785014878    
8503                   2.55172922820802e-05   0.00061187852107813    0.0181721780582252    
8504                   2.55172909422608e-05   0.000611878484131133   0.0181721776179358    
8505                   2.55172895985463e-05   0.00061187844704392    0.0181721771758929    
8506                   2.55172883306505e-05   0.00061187841072933    0.018172176737451     
8507                   2.55172870944314e-05   0.000611878374309939   0.0181721762990537    
8508                   2.55172858508561e-05   0.000611878337649291   0.0181721758592717    
8509                   2.55172845894539e-05   0.000611878301132786   0.0181721754220853    
8510                   2.55172832928529e-05   0.000611878264438114   0.0181721749835501    
8511                   2.55172819805089e-05   0.000611878227937531   0.0181721745476745    
8512                   2.55172806429426e-05   0.000611878191286707   0.0181721741103303    
8513                   2.55172793042847e-05   0.000611878154857377   0.0181721736757137    
8514                   2.55172779529378e-05   0.000611878118285849   0.0181721732395342    
8515                   2.55172766115557e-05   0.000611878081955046   0.0181721728061561    
8516                   2.55172752646095e-05   0.000611878045484226   0.018172172371133     
8517                   2.55172739325237e-05   0.000611878009269722   0.018172171938984     
8518                   2.55172725969316e-05   0.000611877972913973   0.0181721715051163    
8519                   2.55172712770674e-05   0.00061187793682568    0.0181721710741912    
8520                   2.55172699531028e-05   0.000611877900591503   0.0181721706414796    
8521                   2.55172686440499e-05   0.000611877864631994   0.0181721702117727    
8522                   2.55172673294694e-05   0.000611877828520195   0.0181721697802164    
8523                   2.55172660286702e-05   0.000611877792688717   0.0181721693517197    
8524                   2.55172647209907e-05   0.000611877756699168   0.0181721689213158    
8525                   2.55172634262052e-05   0.000611877720994651   0.0181721684940189    
8526                   2.55172621235466e-05   0.000611877685126691   0.0181721680647626    
8527                   2.55172608332372e-05   0.000611877649547054   0.0181721676386532    
8528                   2.55172595344108e-05   0.000611877613798649   0.0181721672105375    
8529                   2.55172582476583e-05   0.000611877578340681   0.0181721667856012    
8530                   2.55172569519971e-05   0.00061187754270917    0.0181721663586169    
8531                   2.55172556682968e-05   0.000611877507369717   0.0181721659348373    
8532                   2.5517254375456e-05    0.000611877471852745   0.0181721655089731    
8533                   2.55172530945406e-05   0.000611877436629057   0.0181721650863319    
8534                   2.55172518043444e-05   0.000611877401224446   0.0181721646615746    
8535                   2.55172505260708e-05   0.000611877366113516   0.0181721642400523    
8536                   2.55172492384288e-05   0.000611877330818675   0.0181721638163877    
8537                   2.55172479627116e-05   0.000611877295817336   0.0181721633959641    
8538                   2.55172466775744e-05   0.000611877260629698   0.0181721629733773    
8539                   2.5517245404356e-05    0.000611877225735025   0.0181721625540322    
8540                   2.55172441216895e-05   0.000611877190652278   0.0181721621325081    
8541                   2.55172428509243e-05   0.000611877155861626   0.0181721617142216    
8542                   2.55172415707022e-05   0.000611877120881559   0.0181721612937454    
8543                   2.55172403023522e-05   0.000611877086192249   0.0181721608764981    
8544                   2.55172390245528e-05   0.000611877051312712   0.0181721604570556    
8545                   2.5517237758581e-05    0.000611877016722257   0.0181721600408292    
8546                   2.55172364831818e-05   0.000611876981941218   0.0181721596224067    
8547                   2.55172352195532e-05   0.000611876947447285   0.018172159207184     
8548                   2.5517233946531e-05    0.000611876912762878   0.0181721587897687    
8549                   2.55172326852114e-05   0.000611876878363423   0.0181721583755336    
8550                   2.55172314145472e-05   0.000611876843773887   0.0181721579591137    
8551                   2.5517230155507e-05    0.000611876809466917   0.0181721575458515    
8552                   2.55172288871793e-05   0.000611876774970773   0.0181721571304161    
8553                   2.55172276303876e-05   0.000611876740754588   0.0181721567181136    
8554                   2.55172263643756e-05   0.000611876706350308   0.0181721563036529    
8555                   2.55172251098052e-05   0.000611876672223244   0.0181721558922981    
8556                   2.55172238460888e-05   0.00061187663790963    0.0181721554788033    
8557                   2.55172225937115e-05   0.000611876603870393   0.0181721550683858    
8558                   2.55172213322713e-05   0.000611876569646293   0.018172154655849     
8559                   2.55172200820652e-05   0.000611876535693674   0.0181721542463597    
8560                   2.55172188228846e-05   0.000611876501558082   0.0181721538347742    
8561                   2.55172175748252e-05   0.000611876467690934   0.0181721534262053    
8562                   2.55172163178848e-05   0.000611876433642956   0.0181721530155651    
8563                   2.5517215071952e-05    0.000611876399860378   0.0181721526079099    
8564                   2.55172138172362e-05   0.000611876365899287   0.0181721521982099    
8565                   2.55172125734131e-05   0.000611876332200546   0.0181721517914628    
8566                   2.5517211320908e-05    0.000611876298325594   0.018172151382699     
8567                   2.55172100791764e-05   0.000611876264709917   0.0181721509768554    
8568                   2.55172088288667e-05   0.000611876230920504   0.0181721505690241    
8569                   2.55172075892119e-05   0.000611876197387301   0.0181721501640804    
8570                   2.55172063410848e-05   0.000611876163682902   0.0181721497571786    
8571                   2.55172051034951e-05   0.000611876130231629   0.0181721493531319    
8572                   2.55172038575395e-05   0.000611876096611738   0.0181721489471574    
8573                   2.55172026220016e-05   0.000611876063241956   0.0181721485440055    
8574                   2.55172013782051e-05   0.000611876029706057   0.0181721481389565    
8575                   2.55172001447098e-05   0.000611875996417227   0.018172147736698     
8576                   2.55171989030651e-05   0.000611875962964862   0.0181721473325732    
8577                   2.55171976716038e-05   0.000611875929756575   0.0181721469312072    
8578                   2.55171964321022e-05   0.000611875896387365   0.0181721465280059    
8579                   2.55171952026685e-05   0.000611875863259274   0.0181721461275321    
8580                   2.55171939653019e-05   0.000611875829972765   0.018172145725254     
8581                   2.55171927378908e-05   0.000611875796924459   0.0181721453256727    
8582                   2.55171915026547e-05   0.00061187576372021    0.0181721449243179    
8583                   2.5517190277262e-05    0.000611875730751278   0.01817214452563      
8584                   2.55171890441516e-05   0.00061187569762887    0.0181721441251992    
8585                   2.55171878207749e-05   0.000611875664738929   0.0181721437274058    
8586                   2.55171865897863e-05   0.000611875631697932   0.0181721433279       
8587                   2.55171853684243e-05   0.000611875598886623   0.018172142931003     
8588                   2.55171841395563e-05   0.000611875565926613   0.0181721425324237    
8589                   2.55171829202126e-05   0.00061187553319359    0.0181721421364254    
8590                   2.55171816934668e-05   0.000611875500314118   0.0181721417387743    
8591                   2.55171804761414e-05   0.000611875467658996   0.0181721413436773    
8592                   2.55171792515157e-05   0.000611875434859667   0.0181721409469567    
8593                   2.55171780362117e-05   0.000611875402282009   0.018172140552764     
8594                   2.55171768137069e-05   0.000611875369562257   0.0181721401569765    
8595                   2.55171756004279e-05   0.00061187533706169    0.0181721397636915    
8596                   2.55171743800483e-05   0.000611875304421123   0.01817213936884      
8597                   2.5517173168803e-05    0.00061187527199726    0.0181721389764664    
8598                   2.55171719505553e-05   0.000611875239435428   0.0181721385825539    
8599                   2.55171707413491e-05   0.000611875207087905   0.0181721381910956    
8600                   2.55171695252361e-05   0.000611875174604387   0.0181721377981255    
8601                   2.55171683180781e-05   0.000611875142332775   0.0181721374075866    
8602                   2.55171671041053e-05   0.000611875109927008   0.0181721370155625    
8603                   2.55171658989966e-05   0.000611875077730843   0.0181721366259473    
8604                   2.5517164687166e-05    0.000611875045402376   0.0181721362348728    
8605                   2.55171634841218e-05   0.000611875013281258   0.0181721358461858    
8606                   2.55171622744493e-05   0.00061187498102965    0.0181721354560647    
8607                   2.55171610734808e-05   0.000611874948983171   0.0181721350683104    
8608                   2.5517159865973e-05    0.000611874916807863   0.0181721346791467    
8609                   2.5517158667089e-05    0.000611874884835628   0.0181721342923296    
8610                   2.55171574617496e-05   0.000611874852736196   0.0181721339041272    
8611                   2.55171562649606e-05   0.000611874820837756   0.018172133518252     
8612                   2.55171550618022e-05   0.000611874788813722   0.0181721331310151    
8613                   2.55171538671199e-05   0.00061187475698867    0.0181721327460865    
8614                   2.55171526661516e-05   0.000611874725039533   0.018172132359819     
8615                   2.55171514735895e-05   0.000611874693287417   0.0181721319758418    
8616                   2.55171502748222e-05   0.000611874661412726   0.018172131590548     
8617                   2.55171490843931e-05   0.000611874629733216   0.0181721312075269    
8618                   2.55171478878409e-05   0.00061187459793257    0.018172130823211     
8619                   2.55171466995592e-05   0.000611874566325243   0.0181721304411509    
8620                   2.5517145505232e-05    0.000611874534598149   0.018172130057817     
8621                   2.55171443191132e-05   0.000611874503062536   0.0181721296767226    
8622                   2.55171431270249e-05   0.000611874471408603   0.0181721292943751    
8623                   2.55171419430834e-05   0.000611874439944395   0.0181721289142515    
8624                   2.55171407532481e-05   0.000611874408363158   0.0181721285328948    
8625                   2.55171395714999e-05   0.000611874376970018   0.0181721281537468    
8626                   2.55171383839313e-05   0.000611874345461168   0.0181721277733852    
8627                   2.55171372043914e-05   0.000611874314138749   0.0181721273952178    
8628                   2.55171360191045e-05   0.000611874282701856   0.0181721270158557    
8629                   2.55171348417899e-05   0.000611874251449839   0.0181721266386737    
8630                   2.55171336588002e-05   0.000611874220084568   0.0181721262603157    
8631                   2.55171324837299e-05   0.000611874188902649   0.0181721258841242    
8632                   2.55171313030535e-05   0.000611874157608705   0.0181721255067746    
8633                   2.55171301302452e-05   0.000611874126496607   0.0181721251315784    
8634                   2.55171289518982e-05   0.000611874095273667   0.0181721247552417    
8635                   2.55171277813697e-05   0.00061187406423109    0.0181721243810457    
8636                   2.55171266053686e-05   0.000611874033078808   0.0181721240057263    
8637                   2.5517125437138e-05    0.00061187400210548    0.0181721236325353    
8638                   2.55171242635006e-05   0.000611873971023624   0.0181721232582374    
8639                   2.55171230975868e-05   0.00061187394011934    0.0181721228860561    
8640                   2.55171219263315e-05   0.000611873909107645   0.0181721225127841    
8641                   2.55171207627543e-05   0.000611873878272182   0.0181721221416171    
8642                   2.55171195938955e-05   0.000611873847330371   0.0181721217693749    
8643                   2.55171184326717e-05   0.000611873816563498   0.0181721213992267    
8644                   2.55171172662292e-05   0.000611873785691397   0.0181721210280185    
8645                   2.55171161073814e-05   0.000611873754992947   0.0181721206588933    
8646                   2.55171149433744e-05   0.000611873724190337   0.0181721202887227    
8647                   2.5517113786921e-05    0.000611873693560148   0.0181721199206246    
8648                   2.55171126253671e-05   0.000611873662826826   0.0181721195514954    
8649                   2.55171114713261e-05   0.000611873632264702   0.0181721191844282    
8650                   2.55171103122416e-05   0.000611873601600535   0.0181721188163437    
8651                   2.55171091606333e-05   0.000611873571106339   0.0181721184503111    
8652                   2.55171080040375e-05   0.000611873540511084   0.0181721180832746    
8653                   2.55171068548801e-05   0.000611873510084772   0.0181721177182799    
8654                   2.55171057007915e-05   0.000611873479558384   0.0181721173522943    
8655                   2.55171045541063e-05   0.000611873449199778   0.0181721169883407    
8656                   2.55171034025437e-05   0.00061187341874213    0.0181721166234087    
8657                   2.55171022583473e-05   0.000611873388451178   0.0181721162604989    
8658                   2.55171011093267e-05   0.000611873358062179   0.0181721158966231    
8659                   2.55170999676392e-05   0.000611873327838787   0.0181721155347596    
8660                   2.55170988211794e-05   0.000611873297518359   0.0181721151719421    
8661                   2.55170976820194e-05   0.000611873267362462   0.0181721148111272    
8662                   2.55170965381394e-05   0.000611873237110638   0.0181721144493699    
8663                   2.5517095401525e-05    0.000611873207022322   0.0181721140896055    
8664                   2.55170942602419e-05   0.000611873176839026   0.01817211372891      
8665                   2.55170931261918e-05   0.0006118731468182     0.0181721133701978    
8666                   2.55170919875234e-05   0.000611873116703409   0.0181721130105654    
8667                   2.55170908560569e-05   0.000611873086750112   0.0181721126529067    
8668                   2.55170897200212e-05   0.000611873056703905   0.0181721122943385    
8669                   2.55170885911555e-05   0.0006118730268182     0.0181721119377343    
8670                   2.55170874577694e-05   0.000611872996840596   0.018172111580231     
8671                   2.55170863315206e-05   0.000611872967022519   0.0181721112246819    
8672                   2.55170852008002e-05   0.000611872937113583   0.018172110868244     
8673                   2.55170840771887e-05   0.000611872907363228   0.0181721105137505    
8674                   2.55170829491533e-05   0.000611872877523007   0.0181721101583781    
8675                   2.55170818281953e-05   0.000611872847840447   0.0181721098049402    
8676                   2.5517080702862e-05    0.000611872818069102   0.0181721094506333    
8677                   2.55170795845743e-05   0.000611872788454456   0.0181721090982508    
8678                   2.55170784619597e-05   0.000611872758752019   0.018172108745009     
8679                   2.55170773463599e-05   0.000611872729205362   0.0181721083936814    
8680                   2.551707622648e-05     0.000611872699571932   0.018172108041504     
8681                   2.55170751135854e-05   0.000611872670093366   0.0181721076912305    
8682                   2.55170739964551e-05   0.000611872640529091   0.0181721073401165    
8683                   2.55170728862813e-05   0.00061187261111872    0.0181721069908961    
8684                   2.55170717719198e-05   0.000611872581623657   0.0181721066408444    
8685                   2.55170706644825e-05   0.000611872552281579   0.0181721062926756    
8686                   2.55170695529043e-05   0.00061187252285581    0.0181721059436848    
8687                   2.55170684482227e-05   0.000611872493582061   0.0181721055965661    
8688                   2.55170673394473e-05   0.000611872464225637   0.0181721052486345    
8689                   2.5517066237536e-05    0.000611872435020335   0.018172104902564     
8690                   2.55170651315799e-05   0.000611872405733361   0.0181721045556897    
8691                   2.55170640324555e-05   0.000611872376596569   0.0181721042106653    
8692                   2.55170629293293e-05   0.00061187234737902    0.0181721038648462    
8693                   2.55170618330069e-05   0.000611872318310631   0.0181721035208657    
8694                   2.55170607327319e-05   0.000611872289162562   0.0181721031760994    
8695                   2.55170596392302e-05   0.000611872260162649   0.0181721028331603    
8696                   2.55170585418227e-05   0.000611872231083937   0.0181721024894444    
8697                   2.55170574511561e-05   0.000611872202152467   0.0181721021475439    
8698                   2.5517056356628e-05    0.000611872173143136   0.0181721018048758    
8699                   2.55170552688085e-05   0.000611872144279933   0.0181721014640111    
8700                   2.55170541771803e-05   0.000611872115339848   0.0181721011223878    
8701                   2.55170530922283e-05   0.000611872086544877   0.0181721007825559    
8702                   2.55170520035128e-05   0.000611872057673892   0.0181721004419745    
8703                   2.55170509214418e-05   0.000611872028946977   0.0181721001031722    
8704                   2.55170498356554e-05   0.000611872000144864   0.0181720997636298    
8705                   2.55170487564823e-05   0.000611871971485765   0.0181720994258538    
8706                   2.55170476736446e-05   0.000611871942752332   0.018172099087347     
8707                   2.55170465973865e-05   0.000611871914160796   0.018172098750594     
8708                   2.55170455175106e-05   0.000611871885495767   0.0181720984131197    
8709                   2.55170444441808e-05   0.000611871856971465   0.0181720980773862    
8710                   2.55170433672822e-05   0.000611871828374502   0.0181720977409409    
8711                   2.55170422968966e-05   0.000611871799917144   0.0181720974062234    
8712                   2.55170412229936e-05   0.000611871771387886   0.0181720970708038    
8713                   2.55170401555695e-05   0.000611871742997036   0.0181720967370987    
8714                   2.55170390846775e-05   0.000611871714535026   0.0181720964027014    
8715                   2.55170380202293e-05   0.000611871686210277   0.0181720960700051    
8716                   2.55170369523639e-05   0.000611871657815153   0.0181720957366265    
8717                   2.55170358909103e-05   0.000611871629556039   0.0181720954049354    
8718                   2.55170348260891e-05   0.00061187160122723    0.0181720950725721    
8719                   2.55170337676448e-05   0.000611871573033238   0.0181720947418825    
8720                   2.55170326246512e-05   0.000611871544065773   0.0181720944077964    
8721                   2.55170314523489e-05   0.000611871515330547   0.0181720940747967    
8722                   2.55170303050017e-05   0.000611871486857932   0.0181720937436011    
8723                   2.55170291823235e-05   0.000611871458404216   0.0181720934115856    
8724                   2.5517028103221e-05    0.000611871430169107   0.018172093081318     
8725                   2.55170270490236e-05   0.000611871401904464   0.0181720927502785    
8726                   2.55170260225389e-05   0.00061187137382641    0.0181720924209809    
8727                   2.55170250044927e-05   0.00061187134569562    0.0181720920909613    
8728                   2.55170239986165e-05   0.00061187131773422    0.0181720917626721    
8729                   2.55170229895559e-05   0.00061187128970816    0.0181720914336939    
8730                   2.55170219842125e-05   0.00061187126183845    0.0181720911064291    
8731                   2.55170208901195e-05   0.000611871233169769   0.0181720907756822    
8732                   2.5517019761554e-05    0.000611871204751374   0.0181720904462324    
8733                   2.55170186525187e-05   0.000611871176611863   0.0181720901186287    
8734                   2.55170175630332e-05   0.000611871148483597   0.0181720897901678    
8735                   2.55170165131055e-05   0.000611871120584434   0.0181720894634803    
8736                   2.55170154846069e-05   0.000611871092647789   0.0181720891359978    
8737                   2.55170144813532e-05   0.000611871064904598   0.0181720888102752    
8738                   2.55170134845516e-05   0.000611871037101044   0.0181720884838191    
8739                   2.55170124986266e-05   0.000611871009470811   0.0181720881591038    
8740                   2.5517011428319e-05    0.000611870981027228   0.0181720878307943    
8741                   2.55170103255772e-05   0.000611870952849878   0.0181720875039511    
8742                   2.5517009242422e-05    0.000611870924963623   0.0181720871789882    
8743                   2.55170081777318e-05   0.000611870897082317   0.0181720868531212    
8744                   2.55170071512885e-05   0.000611870869436947   0.0181720865290478    
8745                   2.55170061446495e-05   0.000611870841747268   0.0181720862041512    
8746                   2.55170051618225e-05   0.000611870814255408   0.0181720858810298    
8747                   2.55170041840812e-05   0.000611870786697479   0.0181720855571625    
8748                   2.55170032161355e-05   0.000611870759315821   0.0181720852350469    
8749                   2.55170021630883e-05   0.000611870731104759   0.0181720849091504    
8750                   2.55170010775949e-05   0.000611870703169449   0.0181720845849186    
8751                   2.5517000011107e-05    0.000611870675525455   0.0181720842625792    
8752                   2.55169989625906e-05   0.000611870647880329   0.0181720839393318    
8753                   2.55169979518587e-05   0.000611870620470729   0.0181720836178801    
8754                   2.55169969606351e-05   0.000611870593013089   0.0181720832956145    
8755                   2.55169959929497e-05   0.000611870565752906   0.0181720829751232    
8756                   2.55169949503363e-05   0.000611870537663454   0.0181720826507843    
8757                   2.55169938819114e-05   0.000611870509868375   0.0181720823282149    
8758                   2.55169928362898e-05   0.000611870482379968   0.0181720820075718    
8759                   2.55169918101389e-05   0.000611870454891331   0.0181720816859827    
8760                   2.55169908221275e-05   0.000611870427647723   0.0181720813662141    
8761                   2.55169898529248e-05   0.000611870400354672   0.0181720810456165    
8762                   2.55169889061188e-05   0.000611870373264607   0.018172080726815     
8763                   2.55169878833107e-05   0.000611870345340659   0.0181720804040916    
8764                   2.55169868334373e-05   0.000611870317716187   0.0181720800832454    
8765                   2.55169858048701e-05   0.000611870290401387   0.018172079764345     
8766                   2.55169847944421e-05   0.00061187026308322    0.0181720794444971    
8767                   2.5516983821049e-05    0.000611870236012011   0.0181720791264828    
8768                   2.55169828656094e-05   0.000611870208889526   0.0181720788076516    
8769                   2.55169819319108e-05   0.000611870181970982   0.0181720784906269    
8770                   2.55169809221115e-05   0.000611870154216869   0.0181720781696029    
8771                   2.55169798852119e-05   0.000611870126764834   0.018172077850546     
8772                   2.5516978869253e-05    0.000611870099621119   0.0181720775334382    
8773                   2.55169778712349e-05   0.000611870072473394   0.0181720772154094    
8774                   2.55169769099383e-05   0.00061187004557172    0.0181720768992148    
8775                   2.55169759664837e-05   0.000611870018619669   0.0181720765822357    
8776                   2.55169750445797e-05   0.000611869991870785   0.0181720762670628    
8777                   2.55169740469007e-05   0.000611869964287374   0.0181720759478201    
8778                   2.55169730223147e-05   0.000611869937007848   0.0181720756306126    
8779                   2.5516972018432e-05    0.000611869910033326   0.0181720753153445    
8780                   2.55169710325007e-05   0.000611869883056833   0.018172074999205     
8781                   2.55169700830277e-05   0.00061186985632409    0.0181720746848914    
8782                   2.5516969072071e-05    0.000611869828777446   0.0181720743665842    
8783                   2.55169680456279e-05   0.000611869801552626   0.0181720740502608    
8784                   2.55169670498653e-05   0.000611869774653979   0.0181720737359093    
8785                   2.55169660786119e-05   0.000611869747761109   0.018172073420628     
8786                   2.55169651482119e-05   0.000611869721128207   0.0181720731072014    
8787                   2.55169641589496e-05   0.000611869693692543   0.0181720727898736    
8788                   2.5516963153908e-05    0.000611869666580984   0.0181720724744852    
8789                   2.55169621784234e-05   0.000611869639805411   0.0181720721610951    
8790                   2.55169612257116e-05   0.000611869613034278   0.0181720718467444    
8791                   2.55169603121651e-05   0.000611869586528844   0.0181720715342716    
8792                   2.55169593387499e-05   0.000611869559227363   0.0181720712179794    
8793                   2.55169583478033e-05   0.000611869532245252   0.018172070903581     
8794                   2.55169573849927e-05   0.000611869505603306   0.0181720705911974    
8795                   2.55169564436872e-05   0.000611869478964241   0.0181720702778426    
8796                   2.55169555405881e-05   0.000611869452593717   0.0181720699663815    
8797                   2.55169545775224e-05   0.000611869425433729   0.0181720696511675    
8798                   2.55169535962684e-05   0.000611869398586905   0.0181720693378015    
8799                   2.55169526426478e-05   0.000611869372080871   0.0181720690264577    
8800                   2.55169517101235e-05   0.000611869345577026   0.0181720687141493    
8801                   2.55169508154608e-05   0.00061186931934246    0.0181720684037431    
8802                   2.55169498612185e-05   0.000611869292325129   0.0181720680896357    
8803                   2.55169488885708e-05   0.000611869265615257   0.0181720677773334    
8804                   2.55169479433044e-05   0.000611869239245443   0.0181720674670531    
8805                   2.55169470189912e-05   0.000611869212878559   0.0181720671558303    
8806                   2.55169461323055e-05   0.000611869186780567   0.0181720668465129    
8807                   2.55169451864957e-05   0.000611869159905617   0.0181720665335353    
8808                   2.55169442221517e-05   0.000611869133333064   0.0181720662223243    
8809                   2.55169432849553e-05   0.000611869107098965   0.01817206591313      
8810                   2.55169422899046e-05   0.000611869080150745   0.0181720656006114    
8811                   2.55169412869647e-05   0.000611869053532593   0.0181720652895358    
8812                   2.55169403314339e-05   0.000611869027295058   0.0181720649805233    
8813                   2.55169394124805e-05   0.000611869001074529   0.0181720646704215    
8814                   2.5516938543819e-05    0.000611868975149319   0.0181720643622669    
8815                   2.55169376251716e-05   0.000611868948474556   0.01817206405076      
8816                   2.55169366907109e-05   0.000611868922094123   0.0181720637407666    
8817                   2.55169357842617e-05   0.000611868896070191   0.0181720634328257    
8818                   2.55169348976021e-05   0.000611868870051715   0.0181720631239117    
8819                   2.55169340466766e-05   0.000611868844312883   0.0181720628169409    
8820                   2.55169331362799e-05   0.000611868817819219   0.0181720625065919    
8821                   2.55169322042137e-05   0.000611868791607026   0.0181720621977812    
8822                   2.55169312965159e-05   0.000611868765737796   0.0181720618910038    
8823                   2.55169303304807e-05   0.000611868739175145   0.0181720615811599    
8824                   2.55169293539012e-05   0.0006118687129202     0.0181720612725337    
8825                   2.55169284225317e-05   0.000611868687046741   0.0181720609659704    
8826                   2.55169275261488e-05   0.000611868661192524   0.0181720606583772    
8827                   2.55169266785729e-05   0.000611868635634348   0.0181720603527465    
8828                   2.55169257817513e-05   0.000611868609343565   0.0181720600439632    
8829                   2.55169248681815e-05   0.000611868583327226   0.0181720597365192    
8830                   2.55169239817547e-05   0.000611868557664524   0.0181720594311206    
8831                   2.55169230393029e-05   0.000611868531326563   0.0181720591228689    
8832                   2.55169220853902e-05   0.000611868505283005   0.0181720588156469    
8833                   2.55169211752531e-05   0.000611868479625319   0.0181720585104925    
8834                   2.55169202985331e-05   0.000611868453988171   0.0181720582043296    
8835                   2.55169194689312e-05   0.000611868428650029   0.0181720579001442    
8836                   2.55169185897271e-05   0.00061186840259138    0.0181720575929682    
8837                   2.55169176921972e-05   0.00061186837679328    0.0181720572869993    
8838                   2.55169168204624e-05   0.000611868351349186   0.0181720569830797    
8839                   2.5516915892693e-05    0.000611868325239725   0.0181720566764364    
8840                   2.55169149524034e-05   0.000611868299411164   0.0181720563707173    
8841                   2.55169140548761e-05   0.000611868273966559   0.0181720560670633    
8842                   2.55169131901612e-05   0.000611868248544353   0.0181720557624682    
8843                   2.55169123718439e-05   0.000611868223420135   0.01817205545986      
8844                   2.55169115044653e-05   0.00061186819758521    0.0181720551543673    
8845                   2.55169106184281e-05   0.000611868171998509   0.0181720548499993    
8846                   2.55169097577416e-05   0.000611868146762715   0.0181720545476792    
8847                   2.55169088416122e-05   0.000611868120868589   0.0181720542427043    
8848                   2.55169079127332e-05   0.00061186809524494    0.018172053938606     
8849                   2.55169070260617e-05   0.000611868070000686   0.0181720536365674    
8850                   2.55169060985868e-05   0.000611868044124285   0.0181720533321149    
8851                   2.55169051681045e-05   0.000611868018518174   0.0181720530283034    
8852                   2.55169042882112e-05   0.000611867993310878   0.0181720527265677    
8853                   2.55169034461075e-05   0.000611867968134744   0.0181720524239081    
8854                   2.55169026532232e-05   0.000611867943267669   0.0181720521232623    
8855                   2.55169018137696e-05   0.000611867917711706   0.0181720518199694    
8856                   2.55169009548055e-05   0.000611867892386055   0.018172051517622     
8857                   2.55169001195856e-05   0.00061186786741378    0.0181720512173387    
8858                   2.55168992285077e-05   0.000611867841800132   0.0181720509145989    
8859                   2.55168983224641e-05   0.000611867816437438   0.0181720506125914    
8860                   2.55168974563758e-05   0.000611867791453643   0.0181720503126548    
8861                   2.55168965489105e-05   0.000611867765853174   0.0181720500104566    
8862                   2.55168956367698e-05   0.000611867740505034   0.0181720497087978    
8863                   2.55168947735427e-05   0.000611867715552188   0.0181720494092221    
8864                   2.55168939470023e-05   0.000611867690630907   0.0181720491088169    
8865                   2.55168931684953e-05   0.000611867666016933   0.0181720488104474    
8866                   2.55168923438796e-05   0.000611867640730765   0.0181720485095566    
8867                   2.55168914993292e-05   0.000611867615658579   0.0181720482095354    
8868                   2.55168906779007e-05   0.000611867590935153   0.0181720479115901    
8869                   2.55168898013143e-05   0.00061186756558508    0.0181720476112751    
8870                   2.55168889095292e-05   0.000611867540471537   0.0181720473116522    
8871                   2.55168880569683e-05   0.000611867515730449   0.0181720470141095    
8872                   2.55168871635361e-05   0.000611867490385078   0.0181720467143519    
8873                   2.55168862652525e-05   0.000611867465280602   0.0181720464151335    
8874                   2.55168854150946e-05   0.000611867440563851   0.0181720461180055    
8875                   2.55168845304902e-05   0.000611867415260974   0.0181720458188196    
8876                   2.55168836438277e-05   0.000611867390197077   0.0181720455200352    
8877                   2.55168828068089e-05   0.000611867365530831   0.0181720452233531    
8878                   2.55168819362108e-05   0.000611867340291688   0.0181720449247599    
8879                   2.55168810625545e-05   0.000611867315284224   0.0181720446264437    
8880                   2.55168802373749e-05   0.000611867290679835   0.0181720443302404    
8881                   2.55168793778508e-05   0.000611867265513506   0.0181720440322587    
8882                   2.55168785136573e-05   0.0006118672405702     0.0181720437344423    
8883                   2.55168776966381e-05   0.000611867216033778   0.0181720434387489    
8884                   2.55168768446506e-05   0.000611867190945456   0.0181720431413944    
8885                   2.55168759868238e-05   0.00061186716607109    0.0181720428441068    
8886                   2.55168751753364e-05   0.000611867141605573   0.0181720425489516    
8887                   2.55168743286993e-05   0.000611867116596811   0.0181720422522375    
8888                   2.55168734755405e-05   0.000611867091793388   0.0181720419555042    
8889                   2.55168726682437e-05   0.000611867067400081   0.0181720416609121    
8890                   2.55168718936921e-05   0.000611867043036371   0.0181720413655174    
8891                   2.55168711630368e-05   0.000611867018992168   0.0181720410722468    
8892                   2.5516870385659e-05    0.000611866994329435   0.0181720407769382    
8893                   2.55168695846395e-05   0.000611866969841215   0.0181720404821748    
8894                   2.55168688031313e-05   0.000611866945705276   0.0181720401895579    
8895                   2.55168679664499e-05   0.000611866920991486   0.018172039894979     
8896                   2.55168671117732e-05   0.000611866896476587   0.0181720396008242    
8897                   2.55168662932924e-05   0.000611866872332349   0.0181720393088148    
8898                   2.55168654344815e-05   0.000611866847627727   0.0181720390149256    
8899                   2.55168645689569e-05   0.000611866823131002   0.0181720387213674    
8900                   2.55168637491657e-05   0.000611866799017149   0.018172038429961     
8901                   2.55168628958942e-05   0.000611866774356297   0.0181720381367604    
8902                   2.55168620394546e-05   0.000611866749907963   0.0181720378438159    
8903                   2.55168612306772e-05   0.000611866725850674   0.0181720375530324    
8904                   2.5516860389472e-05    0.000611866701254031   0.0181720372605334    
8905                   2.55168595446068e-05   0.000611866676869737   0.0181720369682298    
8906                   2.5516858746441e-05    0.000611866652880732   0.0181720366780962    
8907                   2.55168579150751e-05   0.000611866628357516   0.0181720363863156    
8908                   2.55168570787608e-05   0.000611866604045478   0.018172036094682     
8909                   2.55168562879379e-05   0.000611866580132187   0.0181720358052274    
8910                   2.55168554632091e-05   0.000611866555688624   0.0181720355141836    
8911                   2.55168546325966e-05   0.000611866531454525   0.0181720352232488    
8912                   2.55168538466805e-05   0.000611866507621062   0.0181720349345018    
8913                   2.55168530265497e-05   0.000611866483259762   0.0181720346442135    
8914                   2.55168522000271e-05   0.000611866459106146   0.0181720343540047    
8915                   2.55168514177498e-05   0.000611866435354764   0.0181720340659919    
8916                   2.55168506012257e-05   0.000611866411077643   0.0181720337764763    
8917                   2.55168497780648e-05   0.000611866387006917   0.0181720334870179    
8918                   2.55168489988717e-05   0.000611866363339672   0.018172033199763     
8919                   2.55168481855247e-05   0.000611866339147857   0.0181720329110354    
8920                   2.55168473654234e-05   0.000611866315161444   0.0181720326223492    
8921                   2.55168465890783e-05   0.000611866291579196   0.0181720323358737    
8922                   2.5516845778709e-05    0.000611866267472933   0.0181720320479478    
8923                   2.55168449615268e-05   0.000611866243571484   0.0181720317600535    
8924                   2.55168441879165e-05   0.000611866220074897   0.0181720314743772    
8925                   2.5516843380416e-05    0.000611866196054393   0.0181720311872657    
8926                   2.55168425660758e-05   0.000611866172238463   0.018172030900182     
8927                   2.55168417951287e-05   0.000611866148827754   0.0181720306153232    
8928                   2.55168409904184e-05   0.000611866124892717   0.0181720303290386    
8929                   2.55168401788653e-05   0.000611866101162326   0.0181720300427832    
8930                   2.55168394105316e-05   0.000611866077837327   0.0181720297587596    
8931                   2.5516838608551e-05    0.000611866053987175   0.0181720294733142    
8932                   2.55168377997388e-05   0.000611866030342032   0.0181720291879044    
8933                   2.55168370339735e-05   0.000611866007102381   0.0181720289047332    
8934                   2.55168362346665e-05   0.000611865983336422   0.0181720286201395    
8935                   2.55168354285527e-05   0.000611865959775951   0.0181720283355923    
8936                   2.55168346653189e-05   0.000611865936621028   0.0181720280532907    
8937                   2.55168338686401e-05   0.000611865912938391   0.0181720277695614    
8938                   2.55168330651942e-05   0.000611865889462048   0.0181720274858939    
8939                   2.55168323044605e-05   0.000611865866391135   0.0181720272044787    
8940                   2.55168315103676e-05   0.000611865842790953   0.0181720269216271    
8941                   2.55168307095539e-05   0.000611865819398001   0.0181720266388564    
8942                   2.55168299512892e-05   0.000611865796410267   0.0181720263583446    
8943                   2.55168291597448e-05   0.000611865772891598   0.0181720260763846    
8944                   2.5516828361536e-05    0.000611865749581223   0.0181720257945278    
8945                   2.55168276057145e-05   0.000611865726675828   0.0181720255149364    
8946                   2.55168268166863e-05   0.000611865703237832   0.0181720252338822    
8947                   2.55168260210578e-05   0.000611865680009369   0.0181720249529565    
8948                   2.55168252676595e-05   0.000611865657185577   0.0181720246743026    
8949                   2.551682448112e-05     0.000611865633827617   0.0181720243941688    
8950                   2.55168236880523e-05   0.000611865610680492   0.0181720241141912    
8951                   2.55168229370577e-05   0.000611865587937672   0.0181720238364917    
8952                   2.55168221529846e-05   0.000611865564659052   0.0181720235572931    
8953                   2.55168213624591e-05   0.000611865541592722   0.0181720232782805    
8954                   2.55168206138519e-05   0.000611865518930285   0.0181720230015519    
8955                   2.55168198322245e-05   0.000611865495730489   0.0181720227233032    
8956                   2.5516819044225e-05    0.000611865472744591   0.0181720224452721    
8957                   2.5516818297994e-05    0.000611865450162068   0.0181720221695309    
8958                   2.55168175187948e-05   0.00061186542704082    0.0181720218922466    
8959                   2.55168167333096e-05   0.000611865404135065   0.0181720216152132    
8960                   2.55168159894423e-05   0.000611865381632183   0.0181720213404751    
8961                   2.55168152126566e-05   0.000611865358589205   0.0181720210641695    
8962                   2.55168144296747e-05   0.000611865335763501   0.0181720207881495    
8963                   2.55168136881646e-05   0.000611865313340157   0.0181720205144301    
8964                   2.55168129137808e-05   0.0006118652903754     0.0181720202391173    
8965                   2.55168121332952e-05   0.000611865267629832   0.018172019964126     
8966                   2.5516811394136e-05    0.000611865245285996   0.0181720196914404    
8967                   2.55168106221458e-05   0.000611865222399519   0.0181720194171344    
8968                   2.55168098441485e-05   0.000611865199734167   0.0181720191431868    
8969                   2.55168091073357e-05   0.000611865177470032   0.0181720188715501    
8970                   2.55168083377335e-05   0.000611865154662006   0.0181720185982646    
8971                   2.55168075622224e-05   0.000611865132077277   0.0181720183253759    
8972                   2.55168068277573e-05   0.00061186510989309    0.0181720180548028    
8973                   2.55168060605395e-05   0.000611865087163873   0.0181720177825519    
8974                   2.55168052875133e-05   0.00061186506466023    0.0181720175107368    
8975                   2.55168045553955e-05   0.000611865042556493   0.0181720172412422    
8976                   2.55168037905621e-05   0.000611865019906524   0.0181720169700402    
8977                   2.55168030200231e-05   0.000611864997484533   0.0181720166993137    
8978                   2.55168022902589e-05   0.000611864975461834   0.0181720164309125    
8979                   2.55168015278145e-05   0.000611864952891716   0.0181720161607736    
8980                   2.55168007597669e-05   0.000611864930552094   0.0181720158911507    
8981                   2.55168000323633e-05   0.000611864908611116   0.0181720156238579    
8982                   2.55167992723129e-05   0.000611864886121553   0.0181720153547967    
8983                   2.55167985067642e-05   0.000611864863865038   0.0181720150862924    
8984                   2.55167977817307e-05   0.000611864842006615   0.018172014820123     
8985                   2.55167970240826e-05   0.000611864819598361   0.0181720145521542    
8986                   2.55167962610418e-05   0.000611864797425845   0.0181720142847835    
8987                   2.55167955383875e-05   0.000611864775650816   0.0181720140197522    
8988                   2.55167947831522e-05   0.000611864753324598   0.0181720137528904    
8989                   2.55167940226271e-05   0.000611864731237013   0.018172013486668     
8990                   2.55167933023654e-05   0.000611864709546258   0.0181720132227897    
8991                   2.5516792549555e-05    0.000611864687302907   0.0181720129570493    
8992                   2.55167917915606e-05   0.000611864665301027   0.0181720126919897    
8993                   2.55167910737069e-05   0.000611864643695399   0.0181720124292787    
8994                   2.55167903233344e-05   0.000611864621535766   0.0181720121646736    
8995                   2.55167895678842e-05   0.000611864599620488   0.0181720119007911    
8996                   2.55167888524531e-05   0.000611864578100912   0.0181720116392614    
8997                   2.55167881045322e-05   0.00061186455602572    0.0181720113758053    
8998                   2.55167873516385e-05   0.000611864534197906   0.0181720111131135    
8999                   2.55167866386476e-05   0.00061186451276516    0.0181720108527786    
9000                   2.55167858931962e-05   0.000611864490775132   0.0181720105904846    
9001                   2.55167851428774e-05   0.00061186446903561    0.0181720103289968    
9002                   2.55167844323444e-05   0.000611864447690498   0.0181720100698698    
9003                   2.5516783689378e-05    0.000611864425786365   0.0181720098087506    
9004                   2.55167829416494e-05   0.00061186440413585    0.0181720095484796    
9005                   2.55167822335933e-05   0.000611864382879162   0.018172009290573     
9006                   2.55167814931315e-05   0.00061186436106146    0.0181720090306408    
9007                   2.5516780748012e-05    0.000611864339500625   0.0181720087715988    
9008                   2.55167800424557e-05   0.000611864318332982   0.0181720085149248    
9009                   2.55167793045174e-05   0.000611864296602271   0.0181720082561912    
9010                   2.55167785620273e-05   0.000611864275131626   0.0181720079983901    
9011                   2.55167778589898e-05   0.000611864254053676   0.0181720077429605    
9012                   2.55167771235951e-05   0.000611864232410469   0.0181720074854367    
9013                   2.55167763837555e-05   0.000611864211030607   0.0181720072288881    
9014                   2.5516775683261e-05    0.000611864190042852   0.0181720069747141    
9015                   2.5516774950431e-05    0.000611864168487535   0.0181720067184108    
9016                   2.55167742132601e-05   0.000611864147198892   0.0181720064631256    
9017                   2.5516773515332e-05    0.000611864126301775   0.0181720062102182    
9018                   2.55167727850909e-05   0.000611864104834725   0.0181720059551458    
9019                   2.55167720506177e-05   0.000611864083637638   0.0181720057011347    
9020                   2.55167713552823e-05   0.000611864062831488   0.0181720054495042    
9021                   2.55167706276526e-05   0.000611864041452946   0.0181720051956727    
9022                   2.55167698958973e-05   0.000611864020347748   0.0181720049429457    
9023                   2.55167692031801e-05   0.000611863999632888   0.0181720046926021    
9024                   2.55167684781868e-05   0.000611863978343053   0.0181720044400208    
9025                   2.55167677491737e-05   0.00061186395732993    0.0181720041885877    
9026                   2.55167670591008e-05   0.000611863936706527   0.0181720039395404    
9027                   2.55167663367698e-05   0.000611863915505519   0.0181720036882181    
9028                   2.55167656105262e-05   0.000611863894584549   0.018172003438088     
9029                   2.55167649231272e-05   0.000611863874052702   0.0181720031903459    
9030                   2.55167642034826e-05   0.00061186385294054    0.0181720029402909    
9031                   2.55167634800349e-05   0.000611863832111779   0.0181720026914721    
9032                   2.55167627953378e-05   0.000611863811671521   0.0181720024450436    
9033                   2.55167620784068e-05   0.000611863790648158   0.0181720021962633    
9034                   2.55167613577784e-05   0.00061186376991157    0.0181720019487638    
9035                   2.55167606758089e-05   0.000611863749562821   0.0181720017036564    
9036                   2.55167599616159e-05   0.000611863728628107   0.0181720014561575    
9037                   2.55167592438349e-05   0.000611863707983567   0.0181720012099846    
9038                   2.55167585646238e-05   0.000611863687726067   0.0181720009662053    
9039                   2.55167578531964e-05   0.000611863666879854   0.0181720007199938    
9040                   2.55167571382896e-05   0.000611863646327168   0.0181720004751538    
9041                   2.55167564618649e-05   0.000611863626160873   0.0181720002327087    
9042                   2.55167557532274e-05   0.000611863605402848   0.0181719999877897    
9043                   2.55167550412207e-05   0.000611863584941806   0.0181719997442883    
9044                   2.55167543676116e-05   0.000611863564866335   0.0181719995031829    
9045                   2.55167536617924e-05   0.000611863544196203   0.0181719992595607    
9046                   2.55167529527158e-05   0.000611863523826511   0.0181719990174028    
9047                   2.55167522819504e-05   0.000611863503841615   0.0181719987776416    
9048                   2.55167515789719e-05   0.000611863483259025   0.0181719985353196    
9049                   2.55167507922505e-05   0.000611863462253087   0.0181719982918952    
9050                   2.55167499959269e-05   0.000611863441639027   0.018171998049835     
9051                   2.55167492615816e-05   0.000611863421483834   0.0181719978101402    
9052                   2.55167485172072e-05   0.000611863400761437   0.0181719975679719    
9053                   2.55167477912611e-05   0.000611863380395775   0.0181719973272283    
9054                   2.55167471267678e-05   0.000611863360461965   0.0181719970888836    
9055                   2.55167464453713e-05   0.000611863339934133   0.0181719968480091    
9056                   2.55167457688797e-05   0.000611863319743417   0.0181719966086545    
9057                   2.55167451352181e-05   0.00061186329996891    0.0181719963717039    
9058                   2.55167444705856e-05   0.000611863279588411   0.018171996132159     
9059                   2.5516743801138e-05    0.000611863259534856   0.0181719958942131    
9060                   2.55167431672036e-05   0.000611863239885819   0.0181719956586731    
9061                   2.55167424979002e-05   0.000611863219622733   0.018171995420469     
9062                   2.55167417417568e-05   0.000611863198935717   0.0181719951812203    
9063                   2.55167409724357e-05   0.000611863178659176   0.0181719949434827    
9064                   2.55167402618851e-05   0.000611863158854956   0.0181719947081136    
9065                   2.55167395388943e-05   0.000611863138466952   0.0181719944701316    
9066                   2.55167388326446e-05   0.000611863118450623   0.0181719942337392    
9067                   2.55167381861632e-05   0.000611863098874897   0.0181719939997497    
9068                   2.55167375215838e-05   0.000611863078687657   0.0181719937630648    
9069                   2.55167368612858e-05   0.000611863058851022   0.0181719935280837    
9070                   2.55167362429318e-05   0.000611863039436251   0.0181719932955113    
9071                   2.55167355930803e-05   0.000611863019398523   0.0181719930601588    
9072                   2.55167348584228e-05   0.000611862998941357   0.0181719928238071    
9073                   2.55167341105633e-05   0.000611862978910593   0.018171992589087     
9074                   2.55167334204736e-05   0.000611862959361909   0.0181719923567384    
9075                   2.55167327168435e-05   0.000611862939216304   0.0181719921216383    
9076                   2.55167320288959e-05   0.000611862919454859   0.0181719918882684    
9077                   2.55167313992666e-05   0.000611862900140629   0.0181719916573069    
9078                   2.55167307503111e-05   0.000611862880201798   0.0181719914234951    
9079                   2.5516730024652e-05    0.00061186285985631    0.0181719911887792    
9080                   2.55167292904418e-05   0.000611862839956146   0.0181719909557287    
9081                   2.55167286172932e-05   0.000611862820555057   0.0181719907250518    
9082                   2.55167279323066e-05   0.000611862800551672   0.018171990491554     
9083                   2.55167272632432e-05   0.000611862780945043   0.0181719902598532    
9084                   2.55167266519456e-05   0.000611862761796065   0.0181719900305661    
9085                   2.55167260203675e-05   0.000611862742013075   0.0181719897983397    
9086                   2.55167253111485e-05   0.000611862721827689   0.0181719895652773    
9087                   2.55167245917899e-05   0.000611862702094999   0.0181719893339488    
9088                   2.5516723931964e-05    0.000611862682868422   0.0181719891049977    
9089                   2.55167232591135e-05   0.000611862663030665   0.0181719888731281    
9090                   2.55167226013437e-05   0.000611862643596403   0.0181719886431479    
9091                   2.55167220004693e-05   0.000611862624624098   0.018171988415588     
9092                   2.55167213786622e-05   0.000611862605008401   0.0181719881849793    
9093                   2.55167206791233e-05   0.000611862584992586   0.0181719879535679    
9094                   2.55167199691321e-05   0.000611862565434737   0.0181719877239883    
9095                   2.55167193181693e-05   0.000611862546385282   0.0181719874967918    
9096                   2.55167186538665e-05   0.000611862526716252   0.018171987266559     
9097                   2.55167180046516e-05   0.000611862507456618   0.0181719870383265    
9098                   2.55167174120183e-05   0.000611862488660254   0.018171986812522     
9099                   2.55167167982891e-05   0.000611862469212717   0.0181719865835487    
9100                   2.5516716107111e-05    0.000611862449366019   0.0181719863537713    
9101                   2.55167154055856e-05   0.000611862429983117   0.0181719861259491    
9102                   2.55167147627738e-05   0.000611862411108285   0.0181719859005177    
9103                   2.55167141064618e-05   0.000611862391606253   0.0181719856719223    
9104                   2.55167133837901e-05   0.000611862371736738   0.018171985442708     
9105                   2.55167126636601e-05   0.00061186235234834    0.0181719852152954    
9106                   2.55167120179758e-05   0.000611862333492258   0.0181719849902665    
9107                   2.55167113695091e-05   0.000611862314016122   0.0181719847621004    
9108                   2.55167107422663e-05   0.000611862294969234   0.0181719845359979    
9109                   2.55167101753509e-05   0.000611862276403306   0.018171984312332     
9110                   2.55167095891062e-05   0.00061186225718036    0.0181719840853724    
9111                   2.55167089258483e-05   0.000611862237570321   0.0181719838577229    
9112                   2.55167082505297e-05   0.000611862218432398   0.0181719836320973    
9113                   2.55167076318453e-05   0.000611862199810702   0.01817198340887      
9114                   2.55167069979641e-05   0.000611862180553459   0.0181719831823571    
9115                   2.55167062966844e-05   0.000611862160938248   0.0181719829553224    
9116                   2.55167055960298e-05   0.000611862141806914   0.0181719827301523    
9117                   2.55167049680222e-05   0.000611862123212454   0.0181719825073717    
9118                   2.55167043361231e-05   0.000611862103991062   0.0181719822813323    
9119                   2.55167037245892e-05   0.000611862085203539   0.0181719820574687    
9120                   2.55167031724213e-05   0.000611862066899079   0.0181719818360535    
9121                   2.55167026004781e-05   0.000611862047931784   0.0181719816112235    
9122                   2.55167019516537e-05   0.000611862028580724   0.0181719813857138    
9123                   2.55167012904102e-05   0.000611862009704948   0.0181719811623513    
9124                   2.55167006851069e-05   0.00061186199134498    0.0181719809413976    
9125                   2.55167000644503e-05   0.000611861972345405   0.0181719807170395    
9126                   2.55166993767417e-05   0.000611861952989136   0.0181719804921359    
9127                   2.55166986895745e-05   0.000611861934119726   0.0181719802692347    
9128                   2.55166980744043e-05   0.000611861915784329   0.0181719800487337    
9129                   2.55166974552485e-05   0.000611861896818795   0.0181719798248546    
9130                   2.55166967762274e-05   0.000611861877515762   0.0181719796005741    
9131                   2.55166961009398e-05   0.000611861858701004   0.0181719793781539    
9132                   2.55166955000062e-05   0.000611861840431523   0.0181719791581265    
9133                   2.55166948963875e-05   0.000611861821536755   0.0181719789347543    
9134                   2.55166942331454e-05   0.000611861802316939   0.0181719787111126    
9135                   2.55166935720067e-05   0.000611861783579126   0.0181719784891967    
9136                   2.5516692983883e-05    0.000611861765392692   0.0181719782696661    
9137                   2.55166923921085e-05   0.000611861746584247   0.0181719780468241    
9138                   2.55166918188422e-05   0.000611861728212696   0.0181719778261905    
9139                   2.55166913026749e-05   0.000611861710332804   0.0181719776080176    
9140                   2.55166907652741e-05   0.000611861691792987   0.0181719773863619    
9141                   2.5516690149787e-05    0.00061186167287906    0.0181719771640814    
9142                   2.55166895191421e-05   0.000611861654437363   0.0181719769440035    
9143                   2.55166889418418e-05   0.000611861636513641   0.0181719767263465    
9144                   2.55166883481445e-05   0.000611861617955186   0.0181719765052321    
9145                   2.55166876870061e-05   0.000611861599044175   0.0181719762835574    
9146                   2.55166870249462e-05   0.000611861580614889   0.0181719760639681    
9147                   2.55166864331959e-05   0.000611861562717337   0.0181719758467926    
9148                   2.55166858372671e-05   0.000611861544196841   0.0181719756261945    
9149                   2.55166851816762e-05   0.000611861525337445   0.0181719754051011    
9150                   2.55166845291644e-05   0.000611861506963402   0.018171975186        
9151                   2.5516683949722e-05    0.000611861489129524   0.0181719749693087    
9152                   2.5516683367759e-05    0.000611861470679146   0.0181719747492325    
9153                   2.55166827264522e-05   0.000611861451896198   0.0181719745287097    
9154                   2.55166820870134e-05   0.000611861433596947   0.0181719743101104    
9155                   2.55166815194335e-05   0.000611861415841915   0.0181719740939196    
9156                   2.5516680948487e-05    0.000611861397474922   0.0181719738743798    
9157                   2.55166803172677e-05   0.00061186137877901    0.0181719736544222    
9158                   2.55166796865127e-05   0.000611861360564101   0.018171973436342     
9159                   2.5516679126559e-05    0.00061186134289557    0.0181719732206708    
9160                   2.55166785627021e-05   0.000611861324618858   0.0181719730016866    
9161                   2.55166779381214e-05   0.000611861306014134   0.0181719727822946    
9162                   2.55166773132708e-05   0.000611861287887017   0.0181719725647504    
9163                   2.55166767586888e-05   0.000611861270307194   0.0181719723496168    
9164                   2.55166762000977e-05   0.00061186125212309    0.0181719721312041    
9165                   2.5516675580703e-05    0.000611861233610972   0.0181719719123757    
9166                   2.55166749606795e-05   0.000611861215573239   0.018171971695381     
9167                   2.55166744106003e-05   0.000611861198082619   0.0181719714807998    
9168                   2.55166738565736e-05   0.00061186117999179    0.0181719712629712    
9169                   2.55166732417938e-05   0.000611861161571727   0.0181719710447052    
9170                   2.55166726261838e-05   0.000611861143623081   0.0181719708282726    
9171                   2.55166720802466e-05   0.000611861126220781   0.0181719706142585    
9172                   2.551667153047e-05     0.000611861108222544   0.0181719703970274    
9173                   2.55166709200187e-05   0.000611861089893361   0.0181719701793272    
9174                   2.55166703086096e-05   0.00061186107203309    0.0181719699634713    
9175                   2.55166697666163e-05   0.000611861054717767   0.0181719697500413    
9176                   2.5516669220901e-05    0.00061186103681105    0.0181719695334244    
9177                   2.55166686145909e-05   0.000611861018571397   0.0181719693162999    
9178                   2.55166680072366e-05   0.000611861000798187   0.0181719691010387    
9179                   2.55166674690461e-05   0.000611860983567934   0.0181719688882125    
9180                   2.55166669272541e-05   0.000611860965751325   0.0181719686722305    
9181                   2.55166663249436e-05   0.000611860947599574   0.018171968455698     
9182                   2.55166657215253e-05   0.000611860929911825   0.0181719682410531    
9183                   2.55166651870223e-05   0.00061186091276472    0.0181719680288541    
9184                   2.55166646490431e-05   0.000611860895036504   0.0181719678135311    
9185                   2.55166640506189e-05   0.000611860876971141   0.0181719675976126    
9186                   2.55166634510342e-05   0.000611860859367163   0.018171967383609     
9187                   2.5516662920117e-05    0.00061186084230103    0.0181719671720636    
9188                   2.5516662385847e-05    0.000611860824659445   0.0181719669574269    
9189                   2.55166617912053e-05   0.000611860806678911   0.0181719667421492    
9190                   2.55166611953601e-05   0.000611860789157031   0.0181719665288152    
9191                   2.5516660667935e-05    0.000611860772169844   0.0181719663179527    
9192                   2.55166601372822e-05   0.000611860754613243   0.0181719661040319    
9193                   2.55166595463342e-05   0.000611860736716343   0.0181719658894255    
9194                   2.55166589541423e-05   0.000611860719275049   0.018171965676792     
9195                   2.55166584301261e-05   0.00061186070236497    0.018171965466644     
9196                   2.55166579030004e-05   0.000611860684891766   0.0181719652534708    
9197                   2.55166573156583e-05   0.000611860667077285   0.0181719650395688    
9198                   2.55166567270361e-05   0.000611860649715137   0.0181719648276688    
9199                   2.55166562063477e-05   0.000611860632880501   0.018171964618269     
9200                   2.55166556826701e-05   0.000611860615489292   0.0181719644058761    
9201                   2.55166550988659e-05   0.000611860597756384   0.0181719641927136    
9202                   2.55166545137421e-05   0.000611860580472533   0.0181719639815816    
9203                   2.55166539963046e-05   0.000611860563712204   0.018171963772965     
9204                   2.55166534759812e-05   0.000611860546401972   0.0181719635613861    
9205                   2.55166528956197e-05   0.000611860528750006   0.0181719633489988    
9206                   2.55166523139073e-05   0.000611860511543801   0.0181719631386708    
9207                   2.55166517996459e-05   0.000611860494857062   0.0181719629308732    
9208                   2.55166512826069e-05   0.000611860477626976   0.0181719627201424    
9209                   2.55166507056302e-05   0.000611860460055617   0.018171962508567     
9210                   2.55166501272678e-05   0.000611860442926872   0.0181719622990792    
9211                   2.55166496161139e-05   0.00061186042631336    0.0181719620921374    
9212                   2.5516649102276e-05    0.000611860409163073   0.018171961882289     
9213                   2.55166485286018e-05   0.000611860391672253   0.0181719616715623    
9214                   2.55166479535138e-05   0.000611860374621346   0.018171961462952     
9215                   2.55166474453968e-05   0.000611860358081384   0.0181719612569033    
9216                   2.55166469346839e-05   0.000611860341010993   0.0181719610479718    
9217                   2.55166463642439e-05   0.000611860323601089   0.018171960838131     
9218                   2.55166457923646e-05   0.000611860306628674   0.0181719606304358    
9219                   2.55166452872174e-05   0.000611860290163077   0.018171960425318     
9220                   2.55166447795568e-05   0.000611860273173011   0.0181719602173386    
9221                   2.55166442122826e-05   0.000611860255844675   0.0181719600084211    
9222                   2.55166436435485e-05   0.000611860238952016   0.0181719598016792    
9223                   2.55166431413102e-05   0.000611860222562195   0.0181719595975305    
9224                   2.55166426366286e-05   0.000611860205653425   0.0181719593905385    
9225                   2.55166420724511e-05   0.000611860188407649   0.018171959182582     
9226                   2.55166415067957e-05   0.000611860171596472   0.0181719589768319    
9227                   2.55166410074043e-05   0.000611860155284362   0.0181719587736908    
9228                   2.55166405056352e-05   0.00061186013845821    0.0181719585677219    
9229                   2.55166399444916e-05   0.000611860121296326   0.0181719583607641    
9230                   2.55166393818573e-05   0.000611860104568622   0.0181719581560445    
9231                   2.55166388852561e-05   0.00061186008833644    0.0181719579539497    
9232                   2.55166383863346e-05   0.000611860071594625   0.0181719577490395    
9233                   2.55166378281613e-05   0.000611860054518134   0.018171957543118     
9234                   2.55166372684911e-05   0.000611860037876239   0.0181719573394674    
9235                   2.55166367746248e-05   0.000611860021726763   0.0181719571384573    
9236                   2.5516636278487e-05    0.000611860005071162   0.0181719569346414    
9237                   2.55166357232252e-05   0.000611859988081803   0.0181719567297931    
9238                   2.5516635166465e-05    0.000611859971528227   0.0181719565272498    
9239                   2.55166346752836e-05   0.000611859955464343   0.0181719563273626    
9240                   2.55166341818725e-05   0.000611859938897069   0.0181719561246759    
9241                   2.55166336294648e-05   0.000611859921996521   0.0181719559209371    
9242                   2.55166330755627e-05   0.000611859905533879   0.0181719557195387    
9243                   2.55166325870176e-05   0.000611859889558535   0.0181719555208119    
9244                   2.55166320962781e-05   0.000611859873081647   0.0181719553192888    
9245                   2.55166315466695e-05   0.000611859856271707   0.0181719551166949    
9246                   2.55166309955785e-05   0.000611859839902468   0.0181719549164783    
9247                   2.55166305096252e-05   0.000611859824018566   0.0181719547189488    
9248                   2.55166300215057e-05   0.000611859807634118   0.0181719545186227    
9249                   2.55166294746449e-05   0.000611859790916241   0.018171954317208     
9250                   2.55166289263203e-05   0.000611859774642692   0.0181719541182096    
9251                   2.55166284429201e-05   0.00061185975885301    0.0181719539219134    
9252                   2.55166279573754e-05   0.000611859742562873   0.0181719537228172    
9253                   2.55166274132172e-05   0.000611859725938552   0.0181719535226149    
9254                   2.55166268676202e-05   0.000611859709762839   0.0181719533248701    
9255                   2.5516626386738e-05    0.000611859694069937   0.0181719531298425    
9256                   2.55166259037268e-05   0.000611859677875627   0.0181719529320081    
9257                   2.55166253622269e-05   0.000611859661345951   0.0181719527330506    
9258                   2.55166248193222e-05   0.00061185964526979    0.0181719525365941    
9259                   2.55166243409286e-05   0.000611859629675682   0.0181719523428697    
9260                   2.55166238604161e-05   0.000611859613578585   0.0181719521463282    
9261                   2.55166233215359e-05   0.000611859597144419   0.0181719519486468    
9262                   2.55166227812948e-05   0.000611859581169125   0.0181719517535125    
9263                   2.55166223053648e-05   0.000611859565675491   0.018171951561125     
9264                   2.55166218273221e-05   0.000611859549676472   0.0181719513659067    
9265                   2.55166212910309e-05   0.000611859533338399   0.0181719511695314    
9266                   2.55166207534273e-05   0.000611859517464859   0.0181719509757522    
9267                   2.55166202799417e-05   0.000611859502072885   0.0181719507847344    
9268                   2.5516619804338e-05    0.000611859486172511   0.0181719505908685    
9269                   2.55166192706023e-05   0.000611859469930618   0.0181719503958283    
9270                   2.5516618735619e-05    0.000611859454159297   0.0181719502034363    
9271                   2.55166182645672e-05   0.000611859438869561   0.01817195001382      
9272                   2.55166177913898e-05   0.000611859423067883   0.0181719498213345    
9273                   2.55166172601893e-05   0.000611859406921994   0.0181719496276569    
9274                   2.55166167278106e-05   0.000611859391252867   0.0181719494366828    
9275                   2.5516616259182e-05    0.000611859376065628   0.0181719492484985    
9276                   2.55166157884138e-05   0.000611859360362387   0.0181719490574202    
9277                   2.55166152597255e-05   0.000611859344312076   0.018171948865131     
9278                   2.55166146420009e-05   0.000611859327965329   0.0181719486717925    
9279                   2.55166140305137e-05   0.000611859312167606   0.0181719484811275    
9280                   2.55166135100844e-05   0.000611859296900336   0.0181719482932236    
9281                   2.55166130101155e-05   0.000611859281119584   0.0181719481023666    
9282                   2.55166124696458e-05   0.000611859265004884   0.0181719479103819    
9283                   2.5516611942787e-05    0.000611859249418576   0.0181719477212061    
9284                   2.55166114937951e-05   0.000611859234346853   0.018171947534835     
9285                   2.55166110507304e-05   0.000611859218744087   0.0181719473454753    
9286                   2.55166105524262e-05   0.000611859202793984   0.0181719471549604    
9287                   2.55166100523952e-05   0.000611859187364444   0.0181719469673551    
9288                   2.55166096147648e-05   0.000611859172439721   0.0181719467825697    
9289                   2.55166091729879e-05   0.000611859156973307   0.0181719465947522    
9290                   2.55166086705409e-05   0.000611859141150516   0.0181719464057421    
9291                   2.5516608075809e-05    0.000611859125025745   0.0181719462157101    
9292                   2.55166074843485e-05   0.000611859109488034   0.0181719460285995    
9293                   2.55166069815441e-05   0.000611859094499353   0.0181719458442772    
9294                   2.55166064972675e-05   0.000611859078969532   0.0181719456568132    
9295                   2.55166059711415e-05   0.000611859063095662   0.0181719454682149    
9296                   2.55166054576462e-05   0.000611859047782558   0.0181719452827062    
9297                   2.55166050208932e-05   0.000611859032997724   0.0181719451000318    
9298                   2.55166045891258e-05   0.000611859017653978   0.0181719449141622    
9299                   2.55166041016639e-05   0.000611859001952056   0.018171944727111     
9300                   2.55166036122937e-05   0.000611858986800061   0.0181719445432729    
9301                   2.55166031846617e-05   0.000611858972163307   0.0181719443622876    
9302                   2.55166027523506e-05   0.000611858956958675   0.0181719441780515    
9303                   2.55166022593355e-05   0.000611858941387059   0.018171943992581     
9304                   2.55166016740112e-05   0.000611858925504362   0.0181719438060485    
9305                   2.55166010924791e-05   0.000611858910240821   0.018171943622801     
9306                   2.55166005990794e-05   0.000611858895534667   0.0181719434423782    
9307                   2.55166001236639e-05   0.000611858880260023   0.0181719432585464    
9308                   2.5516599606523e-05    0.000611858864631226   0.0181719430735135    
9309                   2.55165990112288e-05   0.000611858848706169   0.0181719428874878    
9310                   2.55165984323066e-05   0.000611858833444602   0.0181719427048854    
9311                   2.55165979533555e-05   0.000611858818766418   0.0181719425251083    
9312                   2.55165974988043e-05   0.000611858803504601   0.0181719423417464    
9313                   2.55165970046612e-05   0.000611858787891043   0.0181719421572186    
9314                   2.55165965233205e-05   0.000611858772902528   0.0181719419763501    
9315                   2.55165961172975e-05   0.000611858758465688   0.0181719417983622    
9316                   2.55165957141132e-05   0.000611858743425202   0.01817194161674      
9317                   2.55165952529626e-05   0.000611858728013965   0.018171941433878     
9318                   2.5516594698601e-05    0.000611858712291641   0.0181719412499809    
9319                   2.55165941465854e-05   0.000611858697252731   0.0181719410698938    
9320                   2.5516593680826e-05    0.000611858682795892   0.0181719408926604    
9321                   2.55165932306025e-05   0.000611858667727343   0.0181719407115852    
9322                   2.55165927363992e-05   0.000611858652294887   0.0181719405292723    
9323                   2.55165921613209e-05   0.000611858636560944   0.0181719403459596    
9324                   2.5516591601395e-05    0.000611858621552014   0.0181719401666769    
9325                   2.55165911397265e-05   0.00061185860714542    0.0181719399902493    
9326                   2.55165907004896e-05   0.000611858592109892   0.0181719398097539    
9327                   2.55165902205939e-05   0.000611858576710917   0.0181719396280173    
9328                   2.55165897535037e-05   0.000611858561992568   0.0181719394505577    
9329                   2.55165893607783e-05   0.000611858547840292   0.0181719392760163    
9330                   2.55165889697142e-05   0.000611858533044487   0.0181719390974019    
9331                   2.5516588520175e-05    0.00061185851786617    0.018171938917457     
9332                   2.55165879767587e-05   0.000611858502366251   0.0181719387363918    
9333                   2.55165874366996e-05   0.000611858487609145   0.0181719385598197    
9334                   2.55165869823459e-05   0.000611858473445814   0.0181719383861421    
9335                   2.55165865425812e-05   0.000611858458630856   0.0181719382081612    
9336                   2.55165860587745e-05   0.000611858443438967   0.01817193802882      
9337                   2.55165854937721e-05   0.000611858427932411   0.0181719378483518    
9338                   2.5516584945478e-05    0.000611858413215322   0.0181719376726681    
9339                   2.55165844948138e-05   0.000611858399110329   0.018171937499886     
9340                   2.55165840656233e-05   0.000611858384337204   0.0181719373225674    
9341                   2.55165835957336e-05   0.000611858369186106   0.0181719371438562    
9342                   2.55165830452374e-05   0.000611858353719665   0.0181719369639987    
9343                   2.55165825114575e-05   0.000611858339082376   0.018171936789256     
9344                   2.55165820746433e-05   0.0006118583250681     0.0181719366174234    
9345                   2.55165816582597e-05   0.000611858310364834   0.018171936440827     
9346                   2.55165811999594e-05   0.000611858295278229   0.0181719362627972    
9347                   2.55165806593969e-05   0.000611858279871887   0.0181719360835859    
9348                   2.55165801348029e-05   0.000611858265331676   0.0181719359098371    
9349                   2.55165797061792e-05   0.000611858251423304   0.0181719357390079    
9350                   2.55165792969828e-05   0.000611858236806325   0.0181719355632085    
9351                   2.55165788451607e-05   0.000611858221799013   0.0181719353859288    
9352                   2.55165783102357e-05   0.000611858206465599   0.0181719352074188    
9353                   2.55165777914257e-05   0.000611858192031057   0.0181719350347064    
9354                   2.55165773682027e-05   0.000611858178235571   0.0181719348649231    
9355                   2.55165769639434e-05   0.00061185816371511    0.0181719346899936    
9356                   2.55165765168586e-05   0.000611858148797749   0.0181719345135339    
9357                   2.55165759863259e-05   0.000611858133547258   0.0181719343357862    
9358                   2.55165754723363e-05   0.000611858119223939   0.01817193416414      
9359                   2.55165750536588e-05   0.000611858105545401   0.018171933995433     
9360                   2.55165746536729e-05   0.000611858091129285   0.0181719338214436    
9361                   2.55165742108438e-05   0.000611858076310448   0.0181719336458794    
9362                   2.55165736844345e-05   0.000611858061152013   0.0181719334689714    
9363                   2.55165731749422e-05   0.0006118580469432     0.0181719332984145    
9364                   2.55165727604498e-05   0.000611858033384018   0.0181719331308083    
9365                   2.55165723644936e-05   0.000611858019079349   0.0181719329578339    
9366                   2.55165719257681e-05   0.000611858004367731   0.0181719327832522    
9367                   2.55165714034857e-05   0.00061185798931133    0.0181719326072842    
9368                   2.55165708983138e-05   0.000611857975219161   0.0181719324378373    
9369                   2.55165704877883e-05   0.000611857961780425   0.018171932271354     
9370                   2.55165700957517e-05   0.00061185794759344    0.0181719320994728    
9371                   2.55165696610951e-05   0.000611857932997153   0.0181719319259686    
9372                   2.55165691430517e-05   0.000611857918053084   0.0181719317510548    
9373                   2.55165686420734e-05   0.000611857904078948   0.018171931582738     
9374                   2.55165682353507e-05   0.000611857890761091   0.0181719314173985    
9375                   2.55165678471788e-05   0.000611857876697278   0.0181719312466868    
9376                   2.55165674165977e-05   0.000611857862223731   0.0181719310743534    
9377                   2.55165669029283e-05   0.000611857847401517   0.0181719309006075    
9378                   2.55165664060347e-05   0.000611857833546072   0.0181719307334403    
9379                   2.55165660029743e-05   0.000611857820348939   0.0181719305692643    
9380                   2.55165656186238e-05   0.000611857806412581   0.0181719303997908    
9381                   2.55165651921258e-05   0.000611857792067758   0.0181719302287108    
9382                   2.55165646829401e-05   0.000611857777375248   0.0181719300562315    
9383                   2.55165641900331e-05   0.000611857763638624   0.0181719298902325    
9384                   2.55165637905157e-05   0.000611857750561363   0.0181719297272381    
9385                   2.55165634099428e-05   0.000611857736755233   0.0181719295590593    
9386                   2.55165629875172e-05   0.000611857722543233   0.0181719293892984    
9387                   2.55165624828733e-05   0.000611857707985716   0.0181719292181606    
9388                   2.55165619938626e-05   0.000611857694367559   0.0181719290533463    
9389                   2.55165615977843e-05   0.000611857681408881   0.0181719288915497    
9390                   2.55165612209342e-05   0.000611857667734329   0.0181719287247074    
9391                   2.55165608025458e-05   0.00061185765365734    0.0181719285563117    
9392                   2.5516560302441e-05    0.000611857639237619   0.0181719283865636    
9393                   2.55165598172419e-05   0.000611857625736877   0.0181719282229481    
9394                   2.55165594245143e-05   0.000611857612894761   0.0181719280623627    
9395                   2.55165590513297e-05   0.000611857599351399   0.0181719278968848    
9396                   2.55165586369204e-05   0.000611857585409626   0.0181719277298816    
9397                   2.55165581413013e-05   0.000611857571128016   0.0181719275615485    
9398                   2.55165576598358e-05   0.000611857557743131   0.0181719273991434    
9399                   2.55165572703818e-05   0.00061185754501507    0.0181719272397803    
9400                   2.55165569007996e-05   0.000611857531601342   0.0181719270756825    
9401                   2.5516556490301e-05    0.000611857517793342   0.0181719269100848    
9402                   2.55165559990821e-05   0.000611857503648481   0.0181719267431748    
9403                   2.55165555212807e-05   0.000611857490377235   0.01817192658199      
9404                   2.55165551350388e-05   0.000611857477760244   0.0181719264238591    
9405                   2.55165547689866e-05   0.000611857464473364   0.0181719262611488    
9406                   2.55165543623121e-05   0.000611857450796623   0.0181719260969602    
9407                   2.55165538753839e-05   0.000611857436785862   0.0181719259314713    
9408                   2.55165534011753e-05   0.000611857423625872   0.0181719257715165    
9409                   2.55165530180863e-05   0.000611857411116532   0.0181719256146273    
9410                   2.55165526554933e-05   0.000611857397953187   0.0181719254533071    
9411                   2.5516552252554e-05    0.000611857384404491   0.0181719252905261    
9412                   2.55165517697989e-05   0.000611857370524547   0.018171925126452     
9413                   2.5516551299123e-05    0.000611857357473238   0.0181719249677375    
9414                   2.5516550919137e-05    0.000611857345068097   0.0181719248121003    
9415                   2.55165505599284e-05   0.000611857332024561   0.0181719246521709    
9416                   2.5516550160637e-05    0.000611857318600257   0.0181719244907941    
9417                   2.55165496819381e-05   0.000611857304847653   0.0181719243281273    
9418                   2.55165492147301e-05   0.000611857291902404   0.0181719241706646    
9419                   2.55165488377892e-05   0.000611857279598154   0.018171924016291     
9420                   2.55165484818787e-05   0.000611857266670653   0.0181719238577523    
9421                   2.55165480861288e-05   0.000611857253367184   0.0181719236977764    
9422                   2.55165476113541e-05   0.00061185723973838    0.0181719235365104    
9423                   2.55165471475466e-05   0.000611857226896862   0.0181719233803122    
9424                   2.55165467736e-05      0.000611857214690384   0.0181719232272149    
9425                   2.55165464209147e-05   0.00061185720187518    0.0181719230700675    
9426                   2.55165460286174e-05   0.000611857188688889   0.01817192291149      
9427                   2.55165455576465e-05   0.000611857175180454   0.0181719227516195    
9428                   2.55165450971786e-05   0.000611857162440548   0.0181719225967       
9429                   2.55165447261705e-05   0.000611857150329223   0.0181719224448933    
9430                   2.55165443766196e-05   0.000611857137622896   0.0181719222891388    
9431                   2.55165439876692e-05   0.000611857124550514   0.0181719221319586    
9432                   2.55165435203765e-05   0.000611857111159092   0.0181719219734805    
9433                   2.55165430631773e-05   0.000611857098519064   0.0181719218198553    
9434                   2.55165426950501e-05   0.000611857086500657   0.0181719216693549    
9435                   2.55165423485488e-05   0.000611857073900268   0.0181719215149966    
9436                   2.55165419628446e-05   0.000611857060938787   0.0181719213592146    
9437                   2.55165414991031e-05   0.000611857047661444   0.0181719212021282    
9438                   2.55165410451031e-05   0.000611857035120187   0.0181719210498145    
9439                   2.55165406797998e-05   0.00061185702319323    0.0181719209006378    
9440                   2.55165403362631e-05   0.000611857010696241   0.0181719207476809    
9441                   2.55165399537074e-05   0.000611856997843011   0.0181719205933005    
9442                   2.55165394933986e-05   0.000611856984677126   0.0181719204376076    
9443                   2.55165390425304e-05   0.000611856972233755   0.0181719202866246    
9444                   2.5516538679992e-05    0.000611856960397331   0.0181719201387909    
9445                   2.55165383393344e-05   0.000611856948001684   0.018171919987243     
9446                   2.55165379598317e-05   0.00061185693525438    0.0181719198342699    
9447                   2.55165375028413e-05   0.000611856922197528   0.0181719196799752    
9448                   2.55165370550428e-05   0.000611856909851695   0.0181719195303437    
9449                   2.55165366952223e-05   0.000611856898105397   0.0181719193838743    
9450                   2.55165363573713e-05   0.000611856885809465   0.0181719192337452    
9451                   2.55165359808317e-05   0.000611856873166197   0.0181719190821876    
9452                   2.55165355270423e-05   0.000611856860216303   0.0181719189292981    
9453                   2.55165350822435e-05   0.000611856847967951   0.0181719187810408    
9454                   2.55165347250837e-05   0.000611856836311868   0.0181719186359585    
9455                   2.55165343899678e-05   0.000611856824114494   0.01817191848726      
9456                   2.55165340163109e-05   0.000611856811573523   0.018171918337128     
9457                   2.55165335656186e-05   0.000611856798728354   0.0181719181856525    
9458                   2.55165331237583e-05   0.000611856786577621   0.0181719180387932    
9459                   2.55165327692068e-05   0.000611856775012251   0.0181719178951219    
9460                   2.55165324367443e-05   0.000611856762912318   0.0181719177478673    
9461                   2.55165320658808e-05   0.000611856750472101   0.0181719175991722    
9462                   2.55165316181834e-05   0.00061185673772979    0.0181719174491205    
9463                   2.55165310806854e-05   0.000611856724715156   0.0181719172976948    
9464                   2.55165305701791e-05   0.000611856712465565   0.0181719171511236    
9465                   2.55165301763118e-05   0.000611856700829338   0.0181719170077293    
9466                   2.55165298266389e-05   0.000611856688652876   0.0181719168605708    
9467                   2.55165294544304e-05   0.00061185667614416    0.0181719167119593    
9468                   2.55165290148799e-05   0.00061185666334155    0.018171916561983     
9469                   2.55165285918678e-05   0.000611856651280953   0.0181719164169157    
9470                   2.55165282632136e-05   0.000611856639819371   0.0181719162750592    
9471                   2.5516527960037e-05    0.000611856627815085   0.0181719161294682    
9472                   2.55165276180444e-05   0.00061185661547268    0.0181719159824161    
9473                   2.55165271962792e-05   0.000611856602829379   0.0181719158339805    
9474                   2.55165266806388e-05   0.00061185658991272    0.0181719156841216    
9475                   2.55165261891854e-05   0.000611856577804292   0.0181719155394986    
9476                   2.55165258126147e-05   0.000611856566315579   0.0181719153980731    
9477                   2.55165254788585e-05   0.000611856554270202   0.0181719152526899    
9478                   2.55165251210004e-05   0.000611856541888696   0.0181719151058069    
9479                   2.55165246937249e-05   0.000611856529208753   0.0181719149575006    
9480                   2.55165242820784e-05   0.000611856517308527   0.0181719148144897    
9481                   2.55165239640652e-05   0.000611856506010427   0.0181719146747111    
9482                   2.55165236708715e-05   0.000611856494152081   0.0181719145310052    
9483                   2.55165233381651e-05   0.000611856481949985   0.0181719143857852    
9484                   2.55165229246495e-05   0.000611856469441035   0.0181719142391162    
9485                   2.55165224160927e-05   0.000611856456650241   0.018171914090924     
9486                   2.5516521932454e-05    0.000611856444711665   0.0181719139484542    
9487                   2.55165215635116e-05   0.000611856433394493   0.0181719138092073    
9488                   2.55165212370408e-05   0.000611856421499548   0.0181719136657677    
9489                   2.55165208863351e-05   0.000611856409260517   0.0181719135207505    
9490                   2.55165204656775e-05   0.000611856396713898   0.0181719133742138    
9491                   2.55165199569101e-05   0.000611856383881156   0.0181719132260428    
9492                   2.55165194813759e-05   0.000611856371971096   0.0181719130841794    
9493                   2.55165191270362e-05   0.000611856360697513   0.0181719129455543    
9494                   2.55165188180254e-05   0.000611856348820361   0.0181719128024419    
9495                   2.55165184849221e-05   0.000611856336590641   0.0181719126576749    
9496                   2.55165180798352e-05   0.000611856324043961   0.0181719125112954    
9497                   2.55165176896918e-05   0.000611856312372706   0.0181719123712098    
9498                   2.55165173915007e-05   0.000611856301314458   0.0181719122344032    
9499                   2.55165171164202e-05   0.000611856289653189   0.0181719120932037    
9500                   2.55165168001729e-05   0.000611856277632433   0.0181719119503543    
9501                   2.55165164007345e-05   0.000611856265287359   0.0181719118058902    
9502                   2.55165159034439e-05   0.000611856252635594   0.0181719116596445    
9503                   2.55165154330223e-05   0.00061185624094185    0.0181719115202786    
9504                   2.55165150766945e-05   0.000611856229877703   0.0181719113841888    
9505                   2.55165147618017e-05   0.000611856218190566   0.0181719112434099    
9506                   2.55165144222323e-05   0.000611856206140976   0.0181719111008843    
9507                   2.55165140115113e-05   0.000611856193762548   0.0181719109566252    
9508                   2.55165135107771e-05   0.000611856181066104   0.0181719108103902    
9509                   2.55165130466331e-05   0.000611856169410841   0.0181719106717898    
9510                   2.55165127031798e-05   0.000611856158398712   0.0181719105364877    
9511                   2.55165124041186e-05   0.000611856146737222   0.0181719103961875    
9512                   2.55165120807499e-05   0.000611856134703015   0.018171910254036     
9513                   2.55165116844105e-05   0.000611856122327118   0.0181719101100147    
9514                   2.55165111948775e-05   0.000611856109612246   0.0181719099637811    
9515                   2.55165107419973e-05   0.00061185609802222    0.018171909826033     
9516                   2.5516510408763e-05    0.000611856087085065   0.0181719096916061    
9517                   2.55165101188309e-05   0.000611856075471884   0.0181719095518851    
9518                   2.551650980354e-05     0.000611856063474062   0.0181719094102028    
9519                   2.55165094135969e-05   0.000611856051119376   0.0181719092664997    
9520                   2.55165089281262e-05   0.000611856038400115   0.0181719091203108    
9521                   2.55165084810344e-05   0.000611856026888906   0.0181719089834947    
9522                   2.55165081534764e-05   0.000611856016038194   0.0181719088500212    
9523                   2.55165078687598e-05   0.000611856004486901   0.0181719087109822    
9524                   2.55165075583286e-05   0.000611855992538937   0.0181719085698679    
9525                   2.55165071723035e-05   0.000611855980218354   0.0181719084265714    
9526                   2.55165066890815e-05   0.000611855967505405   0.0181719082804883    
9527                   2.55165062464934e-05   0.000611855956081567   0.0181719081446656    
9528                   2.55165059234302e-05   0.000611855945324622   0.0181719080122068    
9529                   2.55165056429025e-05   0.000611855933845951   0.0181719078739479    
9530                   2.55165053365094e-05   0.000611855921959518   0.0181719077335075    
9531                   2.55165049538803e-05   0.000611855909685648   0.0181719075907319    
9532                   2.55165044727079e-05   0.000611855896992682   0.0181719074448784    
9533                   2.55165040343246e-05   0.00061185588566267    0.0181719073101044    
9534                   2.5516503715326e-05    0.000611855875005121   0.0181719071787165    
9535                   2.55165034386005e-05   0.000611855863609864   0.0181719070413504    
9536                   2.55165031359635e-05   0.000611855851798146   0.0181719069017195    
9537                   2.55165027567061e-05   0.000611855839587106   0.0181719067596319    
9538                   2.55165023078555e-05   0.00061185582821784    0.0181719066337639    
9539                   2.55165018593921e-05   0.000611855816993313   0.0181719065000604    
9540                   2.55165015444464e-05   0.000611855806447691   0.0181719063698081    
9541                   2.55165012757196e-05   0.000611855795155013   0.0181719062334718    
9542                   2.5516500980087e-05    0.000611855783442196   0.0181719060948411    
9543                   2.55165006052473e-05   0.000611855771323966   0.0181719059536938    
9544                   2.55165001588861e-05   0.000611855760047882   0.0181719058287307    
9545                   2.55164997129199e-05   0.000611855748941591   0.0181719056962501    
9546                   2.5516499399781e-05    0.000611855738517056   0.0181719055672405    
9547                   2.55164991328354e-05   0.000611855727341295   0.0181719054321151    
9548                   2.55164988394909e-05   0.00061185571574203    0.0181719052946787    
9549                   2.55164984675693e-05   0.000611855703734149   0.0181719051547057    
9550                   2.55164980253102e-05   0.000611855692571537   0.0181719050309146    
9551                   2.55164975834544e-05   0.000611855681582798   0.0181719048996871    
9552                   2.5516497273792e-05    0.000611855671277708   0.0181719047719452    
9553                   2.55164970103085e-05   0.000611855660222653   0.0181719046381204    
9554                   2.55164967206809e-05   0.000611855648743671   0.0181719045019942    
9555                   2.5516496352888e-05    0.000611855636856686   0.0181719043633496    
9556                   2.5516495915659e-05    0.00061185562582211    0.0181719042409245    
9557                   2.55164954780546e-05   0.000611855614950177   0.0181719041109647    
9558                   2.55164951716957e-05   0.000611855604763591   0.018171903984502     
9559                   2.55164949114015e-05   0.000611855593832024   0.018171903852031     
9560                   2.55164946251581e-05   0.000611855582477724   0.0181719037172836    
9561                   2.55164942612468e-05   0.000611855570718358   0.0181719035800592    
9562                   2.55164938290563e-05   0.000611855559822567   0.0181719034591305    
9563                   2.55164933953332e-05   0.000611855549067263   0.018171903330443     
9564                   2.55164930919494e-05   0.000611855538999071   0.0181719032052642    
9565                   2.55164928346069e-05   0.000611855528193517   0.0181719030741834    
9566                   2.55164925515619e-05   0.000611855516968007   0.0181719029408674    
9567                   2.5516492191467e-05    0.000611855505342801   0.0181719028051415    
9568                   2.55164917644793e-05   0.000611855494595319   0.0181719026858197    
9569                   2.55164913345005e-05   0.000611855483957397   0.0181719025584162    
9570                   2.55164910339554e-05   0.000611855474008291   0.018171902434535     
9571                   2.55164907794948e-05   0.000611855463332846   0.0181719023048973    
9572                   2.55164904996175e-05   0.000611855452242147   0.018171902173087     
9573                   2.55164901434227e-05   0.000611855440759632   0.0181719020389625    
9574                   2.55164897217939e-05   0.000611855430168915   0.0181719019213472    
9575                   2.55164892954952e-05   0.00061185541965026    0.0181719017952586    
9576                   2.55164889976931e-05   0.000611855409821766   0.0181719016727062    
9577                   2.55164887460628e-05   0.000611855399281064   0.0181719015445801    
9578                   2.55164884693291e-05   0.000611855388331299   0.0181719014143587    
9579                   2.55164881171e-05      0.00061185537699904    0.0181719012819335    
9580                   2.55164877008333e-05   0.000611855366569015   0.0181719011660809    
9581                   2.55164872781639e-05   0.000611855356171322   0.0181719010413483    
9582                   2.55164869830323e-05   0.000611855346464469   0.0181719009201641    
9583                   2.55164867341758e-05   0.000611855336061332   0.0181719007936082    
9584                   2.5516486460531e-05    0.0006118553252556     0.0181719006650362    
9585                   2.55164861122366e-05   0.000611855314076505   0.0181719005343673    
9586                   2.55164857011645e-05   0.000611855303805584   0.0181719004202806    
9587                   2.55164852820674e-05   0.000611855293529165   0.018171900296944     
9588                   2.5516484989559e-05    0.000611855283943186   0.018171900177166     
9589                   2.55164847434293e-05   0.000611855273677253   0.0181719000522187    
9590                   2.55164844728212e-05   0.000611855263014961   0.018171899925328     
9591                   2.55164841283736e-05   0.000611855251987486   0.0181718997964347    
9592                   2.55164836903639e-05   0.000611855240595397   0.0181718996651435    
9593                   2.55164832867049e-05   0.000611855230431214   0.0181718995432383    
9594                   2.55164829962996e-05   0.0006118552209553     0.0181718994248725    
9595                   2.55164827492042e-05   0.000611855210815429   0.0181718993015325    
9596                   2.55164824792795e-05   0.000611855200284239   0.0181718991763026    
9597                   2.55164821386775e-05   0.000611855189394821   0.018171899049147     
9598                   2.55164817074801e-05   0.000611855178153139   0.0181718989197309    
9599                   2.55164813095992e-05   0.000611855168094941   0.0181718987992304    
9600                   2.55164810240446e-05   0.000611855158723448   0.0181718986822798    
9601                   2.55164807815259e-05   0.000611855148704799   0.0181718985605389    
9602                   2.55164805158906e-05   0.000611855138301919   0.01817189843697      
9603                   2.55164801797172e-05   0.000611855127548729   0.0181718983115491    
9604                   2.55164797535022e-05   0.000611855116454459   0.0181718981839841    
9605                   2.5516479358903e-05    0.00061185510650527    0.0181718980649508    
9606                   2.55164790757207e-05   0.000611855097240132   0.0181718979494809    
9607                   2.55164788355496e-05   0.000611855087343946   0.0181718978293891    
9608                   2.55164785724576e-05   0.000611855077070446   0.0181718977075253    
9609                   2.55164782394597e-05   0.000611855066453803   0.0181718975838748    
9610                   2.55164778173833e-05   0.000611855055505976   0.0181718974581806    
9611                   2.55164773473473e-05   0.000611855045511242   0.0181718973487807    
9612                   2.55164768825548e-05   0.000611855035507276   0.018171897230188     
9613                   2.55164765728365e-05   0.000611855026217483   0.018171897115208     
9614                   2.55164763303232e-05   0.000611855016279708   0.0181718969953258    
9615                   2.55164760775407e-05   0.000611855005965086   0.0181718968735983    
9616                   2.55164757593332e-05   0.000611854995304502   0.0181718967499802    
9617                   2.55164753520823e-05   0.000611854984301781   0.0181718966241318    
9618                   2.55164749781111e-05   0.000611854974501874   0.0181718965073012    
9619                   2.55164747182852e-05   0.000611854965400011   0.0181718963940788    
9620                   2.55164745031297e-05   0.000611854955663881   0.0181718962761813    
9621                   2.55164742641945e-05   0.000611854945550199   0.0181718961565071    
9622                   2.55164739529021e-05   0.000611854935091888   0.0181718960350302    
9623                   2.55164735493886e-05   0.000611854924298303   0.0181718959114652    
9624                   2.5516473093956e-05    0.000611854914456054   0.0181718958040056    
9625                   2.55164726438726e-05   0.000611854904631862   0.0181718956878502    
9626                   2.55164723473534e-05   0.000611854895524993   0.0181718955753364    
9627                   2.5516472117725e-05    0.000611854885767904   0.0181718954578768    
9628                   2.55164718773014e-05   0.000611854875632448   0.0181718953385471    
9629                   2.55164715704576e-05   0.000611854865147009   0.0181718952172801    
9630                   2.55164712039644e-05   0.000611854855579611   0.0181718951120208    
9631                   2.55164707453764e-05   0.000611854845696546   0.0181718950043253    
9632                   2.5516470306358e-05    0.000611854835927991   0.0181718948890132    
9633                   2.55164700280012e-05   0.000611854826889514   0.0181718947773973    
9634                   2.55164698175003e-05   0.000611854817174713   0.0181718946605196    
9635                   2.55164695937209e-05   0.000611854807070285   0.0181718945416502    
9636                   2.55164693199252e-05   0.000611854797827431   0.0181718944386518    
9637                   2.55164689543021e-05   0.00061185478827746    0.018171894333533     
9638                   2.5516468588708e-05    0.000611854778757275   0.0181718942202682    
9639                   2.55164683503132e-05   0.00061185476994004    0.0181718941107081    
9640                   2.55164681587282e-05   0.000611854760465527   0.0181718939961683    
9641                   2.55164679397738e-05   0.000611854750603567   0.0181718938797343    
9642                   2.55164676429998e-05   0.000611854740380756   0.0181718937613225    
9643                   2.55164672796759e-05   0.00061185473105464    0.0181718936586199    
9644                   2.55164668226331e-05   0.000611854721404096   0.0181718935534197    
9645                   2.55164663831763e-05   0.000611854711871756   0.0181718934410756    
9646                   2.5516466100824e-05    0.000611854703052893   0.0181718933324471    
9647                   2.55164658852051e-05   0.000611854693557823   0.0181718932185317    
9648                   2.55164656574994e-05   0.000611854683671131   0.0181718931025822    
9649                   2.55164653831184e-05   0.000611854674631863   0.0181718930021466    
9650                   2.55164650191859e-05   0.000611854665282204   0.0181718928995403    
9651                   2.55164645673591e-05   0.000611854655564071   0.0181718927938848    
9652                   2.55164641430199e-05   0.000611854646087717   0.0181718926825219    
9653                   2.55164638779958e-05   0.000611854637332423   0.0181718925749218    
9654                   2.55164636793397e-05   0.000611854627874741   0.0181718924617099    
9655                   2.55164634831054e-05   0.000611854619178733   0.0181718923635567    
9656                   2.5516463213086e-05    0.000611854610171356   0.0181718922635093    
9657                   2.55164628557687e-05   0.000611854600824996   0.0181718921609556    
9658                   2.55164624084123e-05   0.000611854591053933   0.0181718920547008    
9659                   2.55164619940146e-05   0.000611854581667278   0.0181718919444307    
9660                   2.55164617377927e-05   0.000611854573004858   0.0181718918379607    
9661                   2.55164615470303e-05   0.000611854563613189   0.0181718917255767    
9662                   2.55164613573815e-05   0.000611854554974701   0.0181718916281005    
9663                   2.55164610932197e-05   0.00061185454601065    0.0181718915285685    
9664                   2.55164607401578e-05   0.000611854536679533   0.0181718914262041    
9665                   2.55164602934857e-05   0.000611854526856916   0.0181718913193662    
9666                   2.55164598850143e-05   0.000611854517560719   0.0181718912102041    
9667                   2.55164596341913e-05   0.000611854508990767   0.0181718911048628    
9668                   2.55164594487101e-05   0.00061185449966937    0.0181718909933619    
9669                   2.55164592641135e-05   0.000611854491091015   0.018171890896598     
9670                   2.55164590047539e-05   0.000611854482173697   0.0181718907976217    
9671                   2.55164586552576e-05   0.000611854472860887   0.0181718906954795    
9672                   2.55164582650835e-05   0.000611854464268116   0.0181718906028003    
9673                   2.55164578627157e-05   0.000611854455068357   0.0181718904947429    
9674                   2.55164576135068e-05   0.000611854446593973   0.0181718903905164    
9675                   2.55164574485597e-05   0.00061185443843731    0.0181718902963944    
9676                   2.55164572519559e-05   0.000611854429925992   0.0181718902001901    
9677                   2.55164569853769e-05   0.000611854421050515   0.0181718901015073    
9678                   2.55164566302453e-05   0.000611854411737135   0.0181718899991828    
9679                   2.55164562407544e-05   0.000611854403247261   0.0181718899076131    
9680                   2.55164558392054e-05   0.000611854394155744   0.0181718898006963    
9681                   2.55164555916397e-05   0.000611854385791609   0.0181718896976395    
9682                   2.55164554288651e-05   0.00061185437771737    0.0181718896043352    
9683                   2.55164552351757e-05   0.000611854369275339   0.0181718895088143    
9684                   2.55164549715663e-05   0.000611854360450063   0.0181718894106066    
9685                   2.55164546182242e-05   0.000611854351147179   0.0181718893083023    
9686                   2.55164542335195e-05   0.00061185434275039    0.0181718892177799    
9687                   2.55164538363491e-05   0.000611854333760557   0.0181718891119773    
9688                   2.55164535923057e-05   0.000611854325500757   0.0181718890100533    
9689                   2.55164534325163e-05   0.000611854317509016   0.0181718889175979    
9690                   2.55164532421173e-05   0.000611854309140415   0.0181718888228353    
9691                   2.55164529817572e-05   0.000611854300375996   0.0181718887252477    
9692                   2.55164526718947e-05   0.000611854292244559   0.0181718886366136    
9693                   2.55164522928688e-05   0.000611854283948328   0.0181718885471677    
9694                   2.55164518986031e-05   0.000611854275062861   0.018171888442446     
9695                   2.55164516547363e-05   0.000611854266911504   0.0181718883416439    
9696                   2.55164514934578e-05   0.000611854259004708   0.0181718882500163    
9697                   2.55164513014014e-05   0.000611854250711016   0.0181718881559876    
9698                   2.55164510394588e-05   0.000611854242008133   0.0181718880589934    
9699                   2.55164507299431e-05   0.000611854233970408   0.0181718879713922    
9700                   2.55164503520931e-05   0.000611854225767154   0.0181718878829761    
9701                   2.55164499587383e-05   0.000611854216984443   0.0181718877793467    
9702                   2.55164497157351e-05   0.000611854208939906   0.018171887679653     
9703                   2.55164495555234e-05   0.000611854201122721   0.0181718875889138    
9704                   2.55164493651898e-05   0.000611854192913776   0.0181718874957355    
9705                   2.55164491055318e-05   0.000611854184291375   0.0181718873995538    
9706                   2.55164487991094e-05   0.000611854176345256   0.0181718873129451    
9707                   2.55164484247981e-05   0.000611854168233143   0.0181718872255205    
9708                   2.55164480347349e-05   0.000611854159553998   0.0181718871229731    
9709                   2.55164477940919e-05   0.00061185415161722    0.0181718870243705    
9710                   2.55164476358277e-05   0.000611854143896987   0.0181718869345829    
9711                   2.55164474478731e-05   0.000611854135785733   0.0181718868423825    
9712                   2.55164471912672e-05   0.000611854127266043   0.0181718867472501    
9713                   2.55164468880139e-05   0.000611854119412357   0.0181718866616098    
9714                   2.55164465172424e-05   0.000611854111392204   0.0181718865751542    
9715                   2.5516446130552e-05    0.000611854102819122   0.0181718864736944    
9716                   2.55164458921966e-05   0.000611854094992049   0.0181718863761812    
9717                   2.55164457357871e-05   0.000611854087375946   0.0181718862874096    
9718                   2.55164455501375e-05   0.000611854079373709   0.0181718861963013    
9719                   2.55164452967423e-05   0.000611854070974699   0.0181718861024101    
9720                   2.55164449964645e-05   0.000611854063214822   0.0181718860177276    
9721                   2.55164446290694e-05   0.000611854055287878   0.0181718859322321    
9722                   2.55164442456949e-05   0.000611854046822641   0.0181718858318738    
9723                   2.55164440095255e-05   0.000611854039105918   0.0181718857354583    
9724                   2.55164438548967e-05   0.000611854031598194   0.0181718856477527    
9725                   2.55164436715002e-05   0.000611854023711768   0.0181718855578157    
9726                   2.55164434213949e-05   0.000611854015443541   0.0181718854652837    
9727                   2.55164430857552e-05   0.000611854006719928   0.0181718853689458    
9728                   2.55164427208075e-05   0.000611853998876497   0.018171885284335     
9729                   2.55164423417366e-05   0.000611853990515021   0.0181718851850958    
9730                   2.55164421100577e-05   0.000611853982902275   0.0181718850897652    
9731                   2.55164419606045e-05   0.00061185397550554    0.0181718850032115    
9732                   2.55164417833408e-05   0.000611853967742713   0.0181718849145779    
9733                   2.55164415405818e-05   0.00061185395961878    0.0181718848235943    
9734                   2.5516441214435e-05    0.000611853951083044   0.0181718847293173    
9735                   2.55164408551908e-05   0.000611853943330944   0.0181718846456288    
9736                   2.55164404376747e-05   0.000611853935424667   0.0181718845611411    
9737                   2.55164400153001e-05   0.000611853927012786   0.0181718844618908    
9738                   2.55164397668525e-05   0.000611853919385057   0.0181718843666122    
9739                   2.55164396181583e-05   0.000611853911943077   0.0181718842796267    
9740                   2.55164394487757e-05   0.000611853904112897   0.0181718841902564    
9741                   2.55164392160894e-05   0.000611853895884274   0.0181718840980535    
9742                   2.55164389369164e-05   0.000611853888319513   0.0181718840154103    
9743                   2.55164385909141e-05   0.000611853880590047   0.0181718839319802    
9744                   2.55164382310652e-05   0.000611853872367739   0.0181718838340241    
9745                   2.55164380172658e-05   0.000611853864915334   0.0181718837400214    
9746                   2.55164378828857e-05   0.000611853857646782   0.0181718836544074    
9747                   2.5516437720025e-05    0.00061185385000283    0.0181718835666415    
9748                   2.55164374901718e-05   0.000611853841987141   0.0181718834764285    
9749                   2.55164371748238e-05   0.000611853833539541   0.0181718833827022    
9750                   2.5516436825969e-05    0.000611853825926233   0.0181718833002905    
9751                   2.55164364182399e-05   0.000611853818158219   0.0181718832170971    
9752                   2.55164360056097e-05   0.000611853809904423   0.0181718831193413    
9753                   2.55164357657782e-05   0.000611853802444197   0.0181718830255647    
9754                   2.55164356248283e-05   0.000611853795148583   0.0181718829397897    
9755                   2.55164354638601e-05   0.000611853787462776   0.0181718828516214    
9756                   2.5516435239936e-05    0.000611853779377482   0.0181718827606201    
9757                   2.55164349691279e-05   0.000611853771961039   0.0181718826793366    
9758                   2.55164346316511e-05   0.000611853764379967   0.0181718825972828    
9759                   2.5516434233708e-05    0.000611853756645997   0.018171882514462     
9760                   2.55164338311907e-05   0.000611853748429025   0.0181718824170347    
9761                   2.55164336020592e-05   0.000611853741019467   0.0181718823236373    
9762                   2.55164334704067e-05   0.000611853733740021   0.0181718822377715    
9763                   2.55164333183411e-05   0.000611853726048681   0.0181718821492465    
9764                   2.55164331013558e-05   0.000611853717921427   0.0181718820574539    
9765                   2.55164328375201e-05   0.000611853710556051   0.0181718819765859    
9766                   2.55164325063056e-05   0.000611853703026702   0.0181718818949577    
9767                   2.5516432114112e-05    0.000611853695345111   0.0181718818125722    
9768                   2.55164317172762e-05   0.000611853687184454   0.0181718817156262    
9769                   2.55164314935726e-05   0.000611853679836673   0.0181718816227327    
9770                   2.55164313667656e-05   0.000611853672594272   0.0181718815370269    
9771                   2.55164312197947e-05   0.000611853664925881   0.01817188144848      
9772                   2.55164310071617e-05   0.000611853656796264   0.0181718813563529    
9773                   2.55164307482131e-05   0.000611853649489606   0.0181718812759555    
9774                   2.5516430421834e-05    0.000611853642020333   0.0181718811948068    
9775                   2.55164300344738e-05   0.000611853634399867   0.0181718811129096    
9776                   2.55164296426789e-05   0.000611853626306441   0.0181718810165689    
9777                   2.55164294231309e-05   0.000611853619026119   0.0181718809242878    
9778                   2.55164292997321e-05   0.000611853611839028   0.0181718808390044    
9779                   2.55164291564129e-05   0.000611853604222791   0.0181718807508171    
9780                   2.55164289712379e-05   0.000611853597173439   0.0181718806717634    
9781                   2.55164287179075e-05   0.000611853589944177   0.0181718805919689    
9782                   2.55164283961018e-05   0.000611853582552591   0.0181718805114328    
9783                   2.55164280124814e-05   0.000611853575010241   0.0181718804301561    
9784                   2.55164276237705e-05   0.000611853566999819   0.0181718803345514    
9785                   2.55164274058133e-05   0.000611853559799641   0.018171880243022     
9786                   2.55164272831012e-05   0.000611853552682192   0.0181718801583264    
9787                   2.55164271407655e-05   0.000611853545136195   0.0181718800707151    
9788                   2.55164269571794e-05   0.00061185353816039    0.0181718799922983    
9789                   2.55164267060778e-05   0.000611853531006097   0.018171879913146     
9790                   2.55164263871465e-05   0.000611853523690702   0.0181718798332574    
9791                   2.55164260069862e-05   0.00061185351622564    0.0181718797526332    
9792                   2.55164256221396e-05   0.000611853508305738   0.0181718796578894    
9793                   2.55164254067438e-05   0.000611853501190432   0.0181718795672109    
9794                   2.55164252860974e-05   0.000611853494161556   0.0181718794833972    
9795                   2.55164251462675e-05   0.000611853486716569   0.018171879396797     
9796                   2.55164249423191e-05   0.000611853478822065   0.0181718793067052    
9797                   2.55164246925949e-05   0.000611853471731721   0.0181718792281567    
9798                   2.55164243768679e-05   0.000611853464483288   0.0181718791488758    
9799                   2.55164240014282e-05   0.000611853457087641   0.0181718790688651    
9800                   2.55164236227297e-05   0.000611853449262083   0.0181718789750581    
9801                   2.55164234117662e-05   0.000611853442234294   0.0181718788852728    
9802                   2.55164232950406e-05   0.000611853435313101   0.0181718788026155    
9803                   2.55164231594858e-05   0.000611853428000241   0.0181718787174412    
9804                   2.55164229613124e-05   0.000611853420276142   0.01817187862921      
9805                   2.55164227156359e-05   0.000611853413262984   0.0181718785513278    
9806                   2.55164224043263e-05   0.00061185340609352    0.0181718784727208    
9807                   2.55164220335478e-05   0.000611853398778491   0.0181718783933912    
9808                   2.55164216600721e-05   0.000611853391060429   0.0181718783005735    
9809                   2.55164214519771e-05   0.000611853384134283   0.0181718782117413    
9810                   2.55164213372182e-05   0.000611853377331057   0.0181718781302771    
9811                   2.551642120386e-05     0.000611853370157908   0.0181718780465503    
9812                   2.55164210094419e-05   0.000611853362607651   0.0181718779601653    
9813                   2.55164207664394e-05   0.0006118533556795     0.0181718778830104    
9814                   2.55164204584307e-05   0.000611853348595834   0.0181718778051368    
9815                   2.55164200914544e-05   0.000611853341367339   0.0181718777265467    
9816                   2.551641972239e-05     0.000611853333765471   0.0181718776347728    
9817                   2.55164195166663e-05   0.000611853326951168   0.0181718775469484    
9818                   2.55164194035885e-05   0.000611853320272355   0.0181718774667093    
9819                   2.55164192722317e-05   0.000611853313242352   0.0181718773844394    
9820                   2.55164190813449e-05   0.000611853305864189   0.0181718772998593    
9821                   2.55164188103153e-05   0.000611853298075308   0.018171877211891     
9822                   2.55164185040683e-05   0.000611853291070481   0.0181718771347293    
9823                   2.55164181412368e-05   0.000611853283922219   0.018171877056855     
9824                   2.55164177782712e-05   0.000611853276436282   0.0181718769661503    
9825                   2.55164175772709e-05   0.000611853269734948   0.0181718768793397    
9826                   2.55164174686034e-05   0.000611853263183493   0.0181718768003644    
9827                   2.55164173420724e-05   0.000611853256298839   0.0181718767195829    
9828                   2.55164171573422e-05   0.00061185324909244    0.0181718766368093    
9829                   2.55164168952018e-05   0.00061185324152824    0.0181718765512802    
9830                   2.55164165938412e-05   0.000611853234613142   0.0181718764748958    
9831                   2.55164162359996e-05   0.000611853227554494   0.0181718763978051    
9832                   2.55164158783432e-05   0.000611853220189444   0.0181718763081712    
9833                   2.55164156801134e-05   0.000611853213608333   0.0181718762223963    
9834                   2.55164155567986e-05   0.000611853206328829   0.0181718761311048    
9835                   2.55164154399529e-05   0.000611853199570707   0.0181718760517514    
9836                   2.55164152618366e-05   0.000611853192513477   0.0181718759706681    
9837                   2.55164150063464e-05   0.000611853185134079   0.0181718758872453    
9838                   2.55164146688634e-05   0.000611853177352856   0.0181718758003099    
9839                   2.55164143133552e-05   0.000611853170362807   0.0181718757239202    
9840                   2.55164139600201e-05   0.000611853163098358   0.0181718756353053    
9841                   2.55164137654348e-05   0.000611853156619245   0.0181718755504987    
9842                   2.55164136463526e-05   0.000611853149474228   0.018171875460584     
9843                   2.55164135337915e-05   0.000611853142839267   0.0181718753825028    
9844                   2.5516413361253e-05    0.000611853135920826   0.018171875302881     
9845                   2.55164131132383e-05   0.000611853128709405   0.0181718752212703    
9846                   2.55164127865986e-05   0.000611853121157491   0.0181718751368775    
9847                   2.55164124360226e-05   0.000611853114253114   0.0181718750612915    
9848                   2.55164120394412e-05   0.000611853107215426   0.0181718749850208    
9849                   2.55164116553503e-05   0.000611853099936845   0.0181718748965704    
9850                   2.55164114514988e-05   0.000611853093477981   0.0181718748119522    
9851                   2.55164113357004e-05   0.000611853086333036   0.0181718747219453    
9852                   2.55164112339138e-05   0.000611853079699583   0.0181718746437716    
9853                   2.55164110743207e-05   0.000611853072772704   0.0181718745639361    
9854                   2.5516410838862e-05    0.000611853065531927   0.0181718744818686    
9855                   2.55164105221153e-05   0.000611853057904316   0.0181718743964772    
9856                   2.55164101828152e-05   0.000611853051023854   0.0181718743211128    
9857                   2.55164097966778e-05   0.000611853044011291   0.0181718742450778    
9858                   2.55164094244501e-05   0.000611853036790395   0.0181718741569742    
9859                   2.55164092331006e-05   0.000611853030410934   0.0181718740727082    
9860                   2.5516409130664e-05    0.000611853023327743   0.0181718739828743    
9861                   2.55164090402862e-05   0.000611853016743345   0.018171873904835     
9862                   2.55164088911108e-05   0.000611853009854661   0.0181718738250518    
9863                   2.55164086642669e-05   0.000611853002633445   0.0181718737428538    
9864                   2.55164083532119e-05   0.00061185299498486    0.0181718736568777    
9865                   2.55164080204379e-05   0.000611852988153222   0.0181718735818408    
9866                   2.55164076403219e-05   0.000611852981188688   0.0181718735061436    
9867                   2.55164072744977e-05   0.00061185297403732    0.0181718734185104    
9868                   2.5516407089024e-05    0.000611852967740476   0.0181718733347092    
9869                   2.55164069926475e-05   0.000611852960730816   0.0181718732452417    
9870                   2.55164069077095e-05   0.000611852954207952   0.018171873167508     
9871                   2.55164067639008e-05   0.000611852947373579   0.018171873087978     
9872                   2.55164065419398e-05   0.000611852940194107   0.0181718730059096    
9873                   2.55164062730644e-05   0.000611852933573421   0.0181718729320069    
9874                   2.55164059462214e-05   0.000611852926807746   0.0181718728574503    
9875                   2.55164055699083e-05   0.000611852919907302   0.018171872782243     
9876                   2.55164052065924e-05   0.000611852912825083   0.0181718726951899    
9877                   2.55164050219938e-05   0.000611852906603637   0.0181718726119814    
9878                   2.55164049256928e-05   0.000611852899664385   0.0181718725230235    
9879                   2.55164048408404e-05   0.000611852893203371   0.0181718724457168    
9880                   2.55164046975316e-05   0.000611852886427298   0.0181718723665868    
9881                   2.55164044765228e-05   0.000611852879299121   0.0181718722848493    
9882                   2.55164042097594e-05   0.000611852872742327   0.0181718722114822    
9883                   2.55164038857495e-05   0.000611852866039813   0.018171872137468     
9884                   2.55164035129114e-05   0.000611852859201914   0.0181718720628098    
9885                   2.55164031533471e-05   0.000611852852181442   0.0181718719764661    
9886                   2.55164029714369e-05   0.000611852846019485   0.0181718718939638    
9887                   2.55164028776427e-05   0.000611852839150613   0.0181718718057809    
9888                   2.55164027952901e-05   0.000611852832757821   0.0181718717291773    
9889                   2.55164026551941e-05   0.000611852826056926   0.0181718716508158    
9890                   2.55164024383523e-05   0.000611852819014784   0.0181718715699658    
9891                   2.55164021375669e-05   0.000611852811522967   0.0181718714850975    
9892                   2.55164018166103e-05   0.000611852804875955   0.0181718714116273    
9893                   2.551640144937e-05     0.000611852798095299   0.01817187133752      
9894                   2.55164010972119e-05   0.000611852791132369   0.0181718712519979    
9895                   2.5516400921372e-05    0.000611852785017485   0.0181718711702855    
9896                   2.55164008336097e-05   0.000611852778226007   0.0181718710831578    
9897                   2.55164007566979e-05   0.000611852771913369   0.0181718710075474    
9898                   2.55164006228656e-05   0.000611852765310018   0.0181718709303347    
9899                   2.55164004135983e-05   0.000611852758393458   0.01817187085093      
9900                   2.55164001230759e-05   0.000611852751085383   0.0181718707681757    
9901                   2.5516399807601e-05    0.000611852744506334   0.0181718706953585    
9902                   2.55163994457448e-05   0.000611852737795948   0.0181718706219134    
9903                   2.5516399099088e-05    0.000611852730899755   0.0181718705373184    
9904                   2.55163989260646e-05   0.000611852724836291   0.0181718704565114    
9905                   2.55163988400311e-05   0.000611852718130675   0.0181718703705893    
9906                   2.55163987597144e-05   0.000611852711058358   0.0181718702829266    
9907                   2.55163986305053e-05   0.000611852704554258   0.0181718702070462    
9908                   2.5516398425203e-05    0.000611852697770409   0.0181718701293111    
9909                   2.55163981408497e-05   0.00061185269065114    0.0181718700488446    
9910                   2.55163978275434e-05   0.000611852684137027   0.0181718699767216    
9911                   2.5516397468429e-05    0.000611852677495187   0.0181718699039813    
9912                   2.55163971248677e-05   0.000611852670665855   0.0181718698203737    
9913                   2.55163969530084e-05   0.000611852664651782   0.0181718697405305    
9914                   2.55163968675256e-05   0.00061185265803256    0.0181718696559017    
9915                   2.55163967879135e-05   0.000611852651068834   0.0181718695696759    
9916                   2.55163966539769e-05   0.000611852643790173   0.0181718694818208    
9917                   2.55163964537048e-05   0.000611852637132674   0.0181718694056898    
9918                   2.5516396174617e-05    0.000611852630190894   0.0181718693273737    
9919                   2.55163958210712e-05   0.00061185262286412    0.0181718692455578    
9920                   2.5516395464083e-05    0.000611852616289289   0.0181718691735258    
9921                   2.55163951252199e-05   0.000611852609534698   0.0181718690909592    
9922                   2.55163949577849e-05   0.000611852603578289   0.0181718690121178    
9923                   2.55163948773884e-05   0.000611852597056027   0.0181718689288597    
9924                   2.55163948035389e-05   0.000611852590210956   0.0181718688441488    
9925                   2.55163946768354e-05   0.000611852583073416   0.0181718687579782    
9926                   2.55163944707308e-05   0.000611852575647801   0.0181718686700507    
9927                   2.55163942038651e-05   0.000611852568874053   0.0181718685937188    
9928                   2.55163938628734e-05   0.000611852561799113   0.0181718685148226    
9929                   2.55163935091798e-05   0.000611852555306593   0.018171868443603     
9930                   2.55163931731959e-05   0.000611852548644891   0.0181718683621365    
9931                   2.5516393006508e-05    0.000611852542767145   0.0181718682843748    
9932                   2.55163929264459e-05   0.000611852536355036   0.018171868202511     
9933                   2.55163928533641e-05   0.000611852529636348   0.0181718681193137    
9934                   2.5516392729008e-05    0.000611852522642153   0.0181718680347916    
9935                   2.55163925274208e-05   0.000611852515381517   0.0181718679487089    
9936                   2.55163922661104e-05   0.000611852508763447   0.0181718678740839    
9937                   2.55163919334383e-05   0.000611852501889366   0.0181718677973904    
9938                   2.5516391538312e-05    0.000611852494664077   0.0181718677174276    
9939                   2.55163912067909e-05   0.000611852488113402   0.0181718676371652    
9940                   2.55163910446901e-05   0.000611852482338555   0.0181718675606002    
9941                   2.55163909697127e-05   0.000611852476056373   0.0181718674802322    
9942                   2.55163909022063e-05   0.000611852469479411   0.0181718673986314    
9943                   2.551639078458e-05     0.00061185246263938    0.0181718673158173    
9944                   2.55163905911663e-05   0.000611852455549064   0.0181718672316019    
9945                   2.55163903169401e-05   0.000611852448204195   0.0181718671457005    
9946                   2.55163899995015e-05   0.000611852441515143   0.0181718670710974    
9947                   2.55163896186737e-05   0.000611852434549622   0.0181718669940806    
9948                   2.55163891818e-05      0.000611852427158901   0.0181718669128352    
9949                   2.55163888351993e-05   0.000611852420634495   0.0181718668331771    
9950                   2.55163886758407e-05   0.000611852414904519   0.0181718667572118    
9951                   2.55163886143988e-05   0.000611852408664365   0.0181718666773815    
9952                   2.55163885662756e-05   0.000611852402129859   0.0181718665963114    
9953                   2.55163884698548e-05   0.000611852395331623   0.0181718665140148    
9954                   2.55163882968598e-05   0.000611852388279907   0.0181718664302793    
9955                   2.55163880406393e-05   0.000611852380966648   0.0181718663447744    
9956                   2.55163877360563e-05   0.000611852374298865   0.0181718662704092    
9957                   2.55163873647689e-05   0.000611852367325891   0.0181718661932825    
9958                   2.55163869958971e-05   0.000611852360974868   0.0181718661240421    
9959                   2.55163866571984e-05   0.000611852354548626   0.0181718660452087    
9960                   2.55163865031808e-05   0.000611852348928645   0.0181718659700637    
9961                   2.5516386445861e-05    0.000611852342783634   0.0181718658909645    
9962                   2.55163864009535e-05   0.000611852336334828   0.0181718658106074    
9963                   2.55163863068912e-05   0.000611852329613517   0.0181718657289966    
9964                   2.55163861355619e-05   0.000611852322629003   0.0181718656458911    
9965                   2.55163858803812e-05   0.000611852315369342   0.0181718655609069    
9966                   2.5516385576657e-05    0.000611852308739424   0.0181718654868801    
9967                   2.55163852046882e-05   0.000611852301763682   0.0181718654096455    
9968                   2.55163848396759e-05   0.00061185229548139    0.0181718653411831    
9969                   2.55163845053347e-05   0.000611852289151051   0.0181718652633003    
9970                   2.55163843558291e-05   0.000611852283638688   0.0181718651891074    
9971                   2.55163843035967e-05   0.000611852277590964   0.0181718651109169    
9972                   2.55163842641936e-05   0.000611852271231852   0.0181718650314585    
9973                   2.55163841756387e-05   0.000611852264593574   0.0181718649507325    
9974                   2.55163840095625e-05   0.000611852257684664   0.0181718648684821    
9975                   2.55163837591782e-05   0.000611852250491066   0.0181718647842922    
9976                   2.55163834594829e-05   0.000611852243913226   0.0181718647108813    
9977                   2.55163830904245e-05   0.00061185223696112    0.0181718646339686    
9978                   2.55163827307221e-05   0.000611852230746713   0.0181718645663778    
9979                   2.55163824016513e-05   0.000611852224497994   0.0181718644895518    
9980                   2.55163822560971e-05   0.000611852219074283   0.0181718644164182    
9981                   2.55163822074576e-05   0.000611852213113501   0.0181718643393055    
9982                   2.55163821717186e-05   0.000611852206839519   0.0181718642609377    
9983                   2.55163820870775e-05   0.000611852200284803   0.0181718641813165    
9984                   2.55163819252451e-05   0.000611852193458207   0.0181718641001864    
9985                   2.55163816794658e-05   0.000611852186345908   0.0181718640171349    
9986                   2.55163813843389e-05   0.000611852179840976   0.0181718639447182    
9987                   2.55163810203368e-05   0.000611852172960814   0.0181718638688203    
9988                   2.55163806655848e-05   0.00061185216681453    0.0181718638021935    
9989                   2.55163803412138e-05   0.000611852160633002   0.0181718637265351    
9990                   2.55163801986015e-05   0.000611852155275681   0.0181718636545728    
9991                   2.55163801522656e-05   0.000611852149390505   0.0181718635787182    
9992                   2.55163801188521e-05   0.00061185214319773    0.0181718635016463    
9993                   2.55163800371004e-05   0.000611852136729552   0.0181718634233646    
9994                   2.55163798790262e-05   0.000611852129995711   0.018171863343635     
9995                   2.55163796380728e-05   0.00061185212298488    0.018171863262079     
9996                   2.5516379348243e-05    0.000611852116577971   0.018171863191038     
9997                   2.55163789914356e-05   0.000611852109821943   0.0181718631168304    
9998                   2.55163786412909e-05   0.000611852103749107   0.0181718630512614    
9999                   2.55163783211757e-05   0.000611852097628982   0.018171862976884     
10000                  2.55163781808035e-05   0.000611852092323229   0.0181718629062067    
