/*--------------------------------*- C++ -*----------------------------------*\
  =========                 |
  \\      /  F ield         | OpenFOAM: The Open Source CFD Toolbox
   \\    /   O peration     | Website:  https://openfoam.org
    \\  /    A nd           | Version:  8
     \\/     M anipulation  |
\*---------------------------------------------------------------------------*/
FoamFile
{
    version     2.0;
    format      ascii;
    class       volVectorField;
    location    "constant";
    object      C;
}
// * * * * * * * * * * * * * * * * * * * * * * * * * * * * * * * * * * * * * //

dimensions      [0 1 0 0 0 0 0];

internalField   nonuniform List<vector> 
15600
(
(0.0400331 1.00196 -4.50814e-18)
(0.120089 1.00097 -4.60342e-18)
(0.199839 0.994975 -4.71442e-18)
(0.278077 0.979069 2.30267e-18)
(0.352741 0.950971 4.78725e-18)
(0.422714 0.91237 0)
(0.488708 0.867147 9.42662e-20)
(0.551974 0.818143 -4.86497e-18)
(0.613603 0.767094 -2.25964e-18)
(0.674523 0.715211 0)
(0.735552 0.66347 2.12947e-18)
(0.797145 0.612404 -4.03665e-18)
(0.859328 0.562048 9.798e-18)
(0.921993 0.512286 -5.60656e-18)
(0.985026 0.462988 3.62084e-18)
(1.04831 0.414011 9.48912e-20)
(1.11179 0.365281 -6.64192e-18)
(1.17562 0.317011 1.57423e-18)
(1.24014 0.269681 -1.4145e-18)
(1.30575 0.223881 0)
(1.37286 0.180329 -2.94795e-18)
(1.44189 0.139918 9.54669e-20)
(1.51311 0.103542 -9.56061e-20)
(1.58657 0.0719178 9.57449e-20)
(1.6621 0.0456851 0)
(1.73946 0.0254843 -9.34905e-18)
(1.81823 0.0119003 -2.35397e-18)
(1.8979 0.0053708 -9.63149e-20)
(1.97792 0.00391096 -6.95496e-18)
(2.05798 0.00391097 0)
(2.13805 0.00391097 0)
(2.21811 0.00391097 0)
(2.29818 0.00391097 4.60452e-18)
(2.37825 0.00391097 0)
(2.45831 0.00391097 0)
(2.53838 0.00391097 2.35045e-18)
(2.61845 0.00391097 4.79727e-18)
(2.69851 0.00391097 0)
(2.77858 0.00391097 4.70089e-18)
(2.85864 0.00391097 0)
(2.93871 0.00391097 9.63735e-20)
(3.01878 0.00391097 0)
(3.09884 0.00391097 6.95496e-18)
(3.17891 0.00391097 0)
(3.25897 0.00391097 -6.95496e-18)
(3.33904 0.00391097 -4.60452e-18)
(3.41911 0.00391097 0)
(3.49917 0.00391097 0)
(3.57924 0.00391097 6.95496e-18)
(3.65931 0.00391097 9.63735e-20)
(3.73937 0.00391097 -9.63735e-20)
(3.81944 0.00391097 0)
(3.8995 0.00391097 0)
(3.97957 0.00391097 0)
(4.05964 0.00391097 -9.63735e-20)
(4.1397 0.00391097 -9.63735e-20)
(4.21977 0.00391097 0)
(4.29983 0.00391097 -4.50814e-18)
(4.3799 0.00391097 0)
(4.45997 0.00391097 -4.50814e-18)
(4.54003 0.00391097 0)
(4.6201 0.00391097 -9.63735e-20)
(4.70017 0.00391097 0)
(4.78023 0.00391097 0)
(4.8603 0.00391097 2.35045e-18)
(4.94036 0.00391097 -6.95496e-18)
(5.02043 0.00391097 -4.50814e-18)
(5.1005 0.00391097 0)
(5.18056 0.00391097 -6.95496e-18)
(5.26063 0.00391097 0)
(5.34069 0.00391097 0)
(5.42076 0.00391097 0)
(5.50083 0.00391097 0)
(5.58089 0.00391097 9.63735e-20)
(5.66096 0.00391097 -4.70089e-18)
(5.74103 0.00391097 0)
(5.82109 0.00391097 0)
(5.90116 0.00391097 -4.60452e-18)
(5.98122 0.00391097 0)
(6.06129 0.00391097 -6.95496e-18)
(6.14136 0.00391097 0)
(6.22142 0.00391097 0)
(6.30149 0.00391097 9.63735e-20)
(6.38155 0.00391097 4.60452e-18)
(6.46162 0.00391097 -9.63735e-20)
(6.54169 0.00391097 0)
(6.62175 0.00391097 4.60452e-18)
(6.70182 0.00391097 0)
(6.78189 0.00391097 0)
(6.86195 0.00391097 6.95496e-18)
(6.94202 0.00391097 0)
(7.02208 0.00391096 2.35045e-18)
(7.1021 0.0053708 0)
(7.18177 0.0119003 9.65777e-20)
(7.26054 0.0254843 -9.67211e-20)
(7.3379 0.0456851 -9.6862e-20)
(7.41343 0.0719178 -5.03342e-18)
(7.48689 0.103542 -2.70968e-18)
(7.55811 0.139918 -2.62968e-18)
(7.62714 0.180329 -2.75729e-18)
(7.69425 0.223881 1.54159e-18)
(7.75986 0.269681 0)
(7.82438 0.317011 -6.39464e-18)
(7.88821 0.365281 -5.00802e-18)
(7.95169 0.414011 -6.98529e-18)
(8.01497 0.462988 9.79142e-20)
(8.07801 0.512286 -5.51181e-18)
(8.14067 0.562048 9.80486e-18)
(8.20285 0.612404 -2.11652e-18)
(8.26445 0.66347 0)
(8.32548 0.715211 -6.64859e-18)
(8.3864 0.767094 0)
(8.44803 0.818143 -1.2261e-17)
(8.51129 0.867147 0)
(8.57729 0.91237 5.02487e-18)
(8.64726 0.950971 9.67234e-18)
(8.72192 0.979069 -4.79987e-18)
(8.80016 0.994975 0)
(8.87991 1.00097 0)
(8.95997 1.00196 -2.25407e-18)
(0.040023 1.00594 0)
(0.120058 1.00496 -4.7343e-18)
(0.19979 0.998985 -2.1818e-18)
(0.278015 0.983143 -4.63483e-18)
(0.352681 0.955157 -4.61724e-18)
(0.422674 0.916711 -2.75687e-18)
(0.488704 0.871668 4.76956e-18)
(0.552017 0.822859 -1.96362e-18)
(0.613699 0.772015 1.90541e-19)
(0.674676 0.720338 0)
(0.73576 0.668804 5.96736e-18)
(0.797407 0.617941 0)
(0.859641 0.567786 1.66171e-18)
(0.922355 0.518223 -5.69631e-18)
(0.985436 0.469122 1.91181e-19)
(1.04877 0.42034 0)
(1.11229 0.371804 -1.38688e-18)
(1.17617 0.323727 9.682e-18)
(1.24073 0.276586 -7.85322e-18)
(1.30638 0.230969 3.98639e-18)
(1.37352 0.187591 0)
(1.44257 0.147341 -5.07312e-18)
(1.51381 0.11111 0)
(1.58727 0.0796119 -5.05318e-18)
(1.6628 0.053484 -1.92266e-19)
(1.74015 0.0333638 2.20887e-18)
(1.81891 0.0198339 0)
(1.89856 0.0133305 -4.72983e-18)
(1.97855 0.0118765 -1.92758e-19)
(2.0586 0.0118765 2.17497e-18)
(2.13864 0.0118765 -4.73545e-18)
(2.21869 0.0118765 2.56048e-18)
(2.29874 0.0118765 0)
(2.37878 0.0118765 -4.73545e-18)
(2.45883 0.0118765 -4.92821e-18)
(2.53887 0.0118765 0)
(2.61892 0.0118765 0)
(2.69897 0.0118765 -2.36772e-18)
(2.77901 0.0118765 0)
(2.85906 0.0118765 1.92758e-19)
(2.9391 0.0118765 -2.17497e-18)
(3.01915 0.0118765 0)
(3.0992 0.0118765 1.92758e-19)
(3.17924 0.0118765 0)
(3.25929 0.0118765 -2.36772e-18)
(3.33933 0.0118765 0)
(3.41938 0.0118765 0)
(3.49943 0.0118765 -4.73545e-18)
(3.57947 0.0118765 0)
(3.65952 0.0118765 0)
(3.73956 0.0118765 -2.36772e-18)
(3.81961 0.0118765 -2.56048e-18)
(3.89966 0.0118765 0)
(3.9797 0.0118765 -2.17497e-18)
(4.05975 0.0118765 2.17497e-18)
(4.13979 0.0118765 0)
(4.21984 0.0118765 -1.92758e-19)
(4.29989 0.0118765 2.36772e-18)
(4.37993 0.0118765 0)
(4.45998 0.0118765 -2.36772e-18)
(4.54002 0.0118765 0)
(4.62007 0.0118765 0)
(4.70011 0.0118765 -2.36772e-18)
(4.78016 0.0118765 1.92758e-19)
(4.86021 0.0118765 0)
(4.94025 0.0118765 0)
(5.0203 0.0118765 1.92758e-19)
(5.10034 0.0118765 -1.92758e-19)
(5.18039 0.0118765 0)
(5.26044 0.0118765 0)
(5.34048 0.0118765 2.36772e-18)
(5.42053 0.0118765 0)
(5.50057 0.0118765 -2.36772e-18)
(5.58062 0.0118765 0)
(5.66067 0.0118765 0)
(5.74071 0.0118765 -1.92758e-19)
(5.82076 0.0118765 1.92758e-19)
(5.9008 0.0118765 0)
(5.98085 0.0118765 2.36772e-18)
(6.0609 0.0118765 0)
(6.14094 0.0118765 2.17497e-18)
(6.22099 0.0118765 0)
(6.30103 0.0118765 0)
(6.38108 0.0118765 -2.36772e-18)
(6.46113 0.0118765 0)
(6.54117 0.0118765 -2.36772e-18)
(6.62122 0.0118765 0)
(6.70126 0.0118765 0)
(6.78131 0.0118765 -2.36772e-18)
(6.86136 0.0118765 0)
(6.9414 0.0118765 -6.71766e-18)
(7.02145 0.0118765 -4.73545e-18)
(7.10144 0.0133305 0)
(7.18109 0.0198339 -1.92963e-19)
(7.25985 0.0333638 0)
(7.3372 0.053484 -1.93244e-19)
(7.41273 0.0796119 -2.52785e-18)
(7.48619 0.11111 -4.85316e-18)
(7.55743 0.147341 -5.46042e-18)
(7.62648 0.187591 2.85315e-18)
(7.69362 0.230969 1.93891e-19)
(7.75927 0.276586 -2.91152e-18)
(7.82383 0.323727 -7.97803e-18)
(7.88771 0.371804 -3.15637e-18)
(7.95123 0.42034 1.2039e-17)
(8.01456 0.469122 -1.50557e-18)
(8.07765 0.518223 -1.96571e-18)
(8.14036 0.567786 3.70543e-18)
(8.20259 0.617941 5.64259e-18)
(8.26424 0.668804 1.94668e-19)
(8.32532 0.720338 -2.16778e-18)
(8.3863 0.772015 2.07389e-18)
(8.44798 0.822859 9.37873e-18)
(8.5113 0.871668 7.34916e-18)
(8.57733 0.916711 -7.51471e-18)
(8.64732 0.955157 -2.30862e-18)
(8.72199 0.983143 0)
(8.80021 0.998985 6.93171e-18)
(8.87994 1.00496 -4.54178e-18)
(8.95998 1.00594 0)
(0.0400125 1.01007 0)
(0.120027 1.00909 0)
(0.199739 1.00314 4.40268e-18)
(0.277951 0.987367 0)
(0.352618 0.959497 -3.82547e-19)
(0.422633 0.92121 0)
(0.4887 0.876354 -3.81238e-19)
(0.552062 0.827748 0)
(0.613799 0.777115 -1.90541e-19)
(0.674834 0.725653 -3.98822e-18)
(0.735976 0.674333 -8.4869e-18)
(0.797678 0.623681 0)
(0.859966 0.573735 0)
(0.92273 0.524378 2.09e-18)
(0.98586 0.47548 1.6389e-18)
(1.04924 0.426901 1.91248e-19)
(1.11282 0.378567 -3.0434e-18)
(1.17673 0.330689 5.85483e-18)
(1.24134 0.283744 4.59437e-18)
(1.30703 0.238316 -5.56384e-18)
(1.3742 0.195118 -2.56493e-18)
(1.44328 0.155036 -1.91838e-19)
(1.51453 0.118955 2.34089e-18)
(1.588 0.0875879 0)
(1.66353 0.0615685 -2.3742e-18)
(1.74086 0.0415318 1.9241e-19)
(1.81961 0.0280582 0)
(1.89924 0.0215818 0)
(1.97921 0.0201338 1.92758e-19)
(2.05924 0.0201338 1.92758e-19)
(2.13926 0.0201338 0)
(2.21929 0.0201338 0)
(2.29931 0.0201338 0)
(2.37934 0.0201338 0)
(2.45936 0.0201338 0)
(2.53939 0.0201338 1.92758e-19)
(2.61941 0.0201338 0)
(2.69944 0.0201338 0)
(2.77946 0.0201338 0)
(2.85949 0.0201338 1.92758e-19)
(2.93951 0.0201338 0)
(3.01954 0.0201338 -2.29141e-18)
(3.09956 0.0201338 0)
(3.17959 0.0201338 0)
(3.25961 0.0201338 0)
(3.33964 0.0201338 0)
(3.41966 0.0201338 0)
(3.49969 0.0201338 0)
(3.57971 0.0201338 4.39007e-18)
(3.65974 0.0201338 0)
(3.73976 0.0201338 0)
(3.81979 0.0201338 1.92758e-19)
(3.89981 0.0201338 1.92758e-19)
(3.97984 0.0201338 0)
(4.05986 0.0201338 0)
(4.13989 0.0201338 -2.29141e-18)
(4.21991 0.0201338 0)
(4.29994 0.0201338 0)
(4.37996 0.0201338 0)
(4.45999 0.0201338 2.29141e-18)
(4.54001 0.0201338 2.29141e-18)
(4.62004 0.0201338 0)
(4.70006 0.0201338 0)
(4.78009 0.0201338 0)
(4.86011 0.0201338 -1.92758e-19)
(4.94014 0.0201338 1.92758e-19)
(5.02016 0.0201338 0)
(5.10019 0.0201338 0)
(5.18021 0.0201338 2.29141e-18)
(5.26024 0.0201338 2.09866e-18)
(5.34026 0.0201338 1.92758e-19)
(5.42029 0.0201338 0)
(5.50031 0.0201338 0)
(5.58034 0.0201338 0)
(5.66036 0.0201338 0)
(5.74039 0.0201338 0)
(5.82041 0.0201338 1.92758e-19)
(5.90044 0.0201338 -1.92758e-19)
(5.98046 0.0201338 2.29141e-18)
(6.06049 0.0201338 1.92758e-19)
(6.14051 0.0201338 1.92758e-19)
(6.22054 0.0201338 -1.92758e-19)
(6.30056 0.0201338 -4.58283e-18)
(6.38059 0.0201338 1.92758e-19)
(6.46061 0.0201338 1.92758e-19)
(6.54064 0.0201338 2.29141e-18)
(6.62066 0.0201338 0)
(6.70069 0.0201338 1.92758e-19)
(6.78071 0.0201338 2.29141e-18)
(6.86074 0.0201338 1.92758e-19)
(6.94076 0.0201338 -1.92758e-19)
(7.02079 0.0201338 -2.29141e-18)
(7.10076 0.0215818 -2.28884e-18)
(7.18039 0.0280582 6.88537e-18)
(7.25914 0.0415318 2.32444e-18)
(7.33647 0.0615685 2.37518e-18)
(7.412 0.0875879 0)
(7.48547 0.118955 -2.72792e-18)
(7.55672 0.155036 0)
(7.6258 0.195118 -2.7587e-18)
(7.69297 0.238316 -3.07391e-18)
(7.75866 0.283744 -3.19559e-18)
(7.82327 0.330689 0)
(7.88718 0.378567 0)
(7.95076 0.426901 8.47261e-18)
(8.01414 0.47548 -1.94266e-19)
(8.07727 0.524378 1.94343e-19)
(8.14003 0.573735 7.14452e-18)
(8.20232 0.623681 -4.33495e-18)
(8.26402 0.674333 -1.94665e-19)
(8.32517 0.725653 0)
(8.3862 0.777115 -6.75502e-18)
(8.44794 0.827748 0)
(8.5113 0.876354 4.40303e-18)
(8.57737 0.92121 -7.06502e-18)
(8.64738 0.959497 -1.94204e-19)
(8.72205 0.987367 -7.01044e-18)
(8.80026 1.00314 1.93161e-19)
(8.87997 1.00909 -6.87302e-18)
(8.95999 1.01007 4.39007e-18)
(0.0400016 1.01435 -4.05009e-18)
(0.119995 1.01337 -1.9268e-19)
(0.199687 1.00745 -2.22359e-18)
(0.277885 0.991745 6.20287e-18)
(0.352554 0.963996 -2.14752e-18)
(0.42259 0.925874 4.60708e-18)
(0.488696 0.881213 0)
(0.552108 0.832817 -4.5471e-18)
(0.613903 0.782402 0)
(0.674998 0.731163 -3.83705e-18)
(0.7362 0.680064 0)
(0.79796 0.629632 -1.90895e-19)
(0.860302 0.579901 0)
(0.923119 0.530758 1.45537e-18)
(0.986301 0.482071 0)
(1.04973 0.433702 1.52145e-18)
(1.11336 0.385577 -7.52734e-18)
(1.17732 0.337907 -1.60274e-18)
(1.24197 0.291165 0)
(1.3077 0.245933 1.91579e-19)
(1.37491 0.202922 0)
(1.44401 0.163012 0)
(1.51528 0.127088 2.25824e-18)
(1.58875 0.0958561 -1.92124e-19)
(1.66428 0.0699491 4.2105e-18)
(1.74161 0.0499991 0)
(1.82033 0.0365838 -4.24944e-18)
(1.89994 0.0301353 2.02251e-18)
(1.9799 0.0286936 0)
(2.0599 0.0286936 0)
(2.1399 0.0286936 6.46065e-18)
(2.21991 0.0286936 2.2178e-18)
(2.29991 0.0286936 4.4356e-18)
(2.37991 0.0286936 0)
(2.45992 0.0286936 0)
(2.53992 0.0286936 0)
(2.61992 0.0286936 0)
(2.69993 0.0286936 0)
(2.77993 0.0286936 0)
(2.85993 0.0286936 0)
(2.93994 0.0286936 0)
(3.01994 0.0286936 0)
(3.09994 0.0286936 -8.48569e-18)
(3.17995 0.0286936 2.2178e-18)
(3.25995 0.0286936 -6.26789e-18)
(3.33995 0.0286936 0)
(3.41996 0.0286936 -6.46065e-18)
(3.49996 0.0286936 0)
(3.57996 0.0286936 1.92759e-19)
(3.65997 0.0286936 2.2178e-18)
(3.73997 0.0286936 6.46065e-18)
(3.81997 0.0286936 -2.2178e-18)
(3.89998 0.0286936 0)
(3.97998 0.0286936 0)
(4.05998 0.0286936 0)
(4.13999 0.0286936 0)
(4.21999 0.0286936 0)
(4.29999 0.0286936 0)
(4.38 0.0286936 0)
(4.46 0.0286936 0)
(4.54 0.0286936 0)
(4.62 0.0286936 6.46065e-18)
(4.70001 0.0286936 0)
(4.78001 0.0286936 0)
(4.86001 0.0286936 -2.41056e-18)
(4.94002 0.0286936 0)
(5.02002 0.0286936 0)
(5.10002 0.0286936 0)
(5.18003 0.0286936 0)
(5.26003 0.0286936 -1.92759e-19)
(5.34003 0.0286936 2.2178e-18)
(5.42004 0.0286936 -6.46065e-18)
(5.50004 0.0286936 2.02504e-18)
(5.58004 0.0286936 0)
(5.66005 0.0286936 6.46065e-18)
(5.74005 0.0286936 -1.92759e-19)
(5.82005 0.0286936 2.02504e-18)
(5.90006 0.0286936 6.26789e-18)
(5.98006 0.0286936 2.2178e-18)
(6.06006 0.0286936 1.92759e-19)
(6.14007 0.0286936 0)
(6.22007 0.0286936 0)
(6.30007 0.0286936 -2.2178e-18)
(6.38008 0.0286936 0)
(6.46008 0.0286936 0)
(6.54008 0.0286936 0)
(6.62009 0.0286936 0)
(6.70009 0.0286936 0)
(6.78009 0.0286936 1.92759e-19)
(6.8601 0.0286936 0)
(6.9401 0.0286936 4.24284e-18)
(7.0201 0.0286936 2.02504e-18)
(7.10006 0.0301353 2.40815e-18)
(7.17967 0.0365838 0)
(7.25839 0.0499991 -4.11307e-18)
(7.33572 0.0699491 0)
(7.41125 0.0958561 0)
(7.48472 0.127088 0)
(7.55599 0.163012 1.93649e-19)
(7.62509 0.202922 0)
(7.6923 0.245933 -1.9389e-19)
(7.75803 0.291165 0)
(7.82268 0.337907 -8.8563e-18)
(7.88664 0.385577 -1.66135e-18)
(7.95027 0.433702 -1.52145e-18)
(8.0137 0.482071 -1.77438e-18)
(8.07688 0.530758 3.48729e-18)
(8.1397 0.579901 -2.11076e-18)
(8.20204 0.629632 0)
(8.2638 0.680064 7.82355e-18)
(8.325 0.731163 6.4311e-18)
(8.3861 0.782402 0)
(8.44789 0.832817 1.94889e-19)
(8.5113 0.881213 4.4322e-18)
(8.57741 0.925874 1.94601e-19)
(8.64745 0.963996 4.48923e-18)
(8.72212 0.991745 2.26127e-18)
(8.80031 1.00745 -6.48004e-18)
(8.88001 1.01337 0)
(8.96 1.01435 0)
(0.0399904 1.01878 2.05042e-18)
(0.119961 1.01782 0)
(0.199632 1.01192 0)
(0.277816 0.996283 -1.80289e-18)
(0.352487 0.968659 -1.91274e-19)
(0.422546 0.930709 4.44884e-18)
(0.488692 0.886249 -1.94559e-18)
(0.552156 0.838071 -1.90894e-18)
(0.61401 0.787883 1.84067e-18)
(0.675168 0.736874 -6.0134e-18)
(0.736432 0.686006 3.67663e-18)
(0.798251 0.635801 0)
(0.86065 0.586294 3.5109e-18)
(0.923522 0.537371 0)
(0.986757 0.488904 0)
(1.05024 0.440752 1.91248e-19)
(1.11391 0.392844 -2.82928e-18)
(1.17793 0.345388 6.0176e-18)
(1.24263 0.298857 2.61069e-18)
(1.3084 0.253828 1.91579e-19)
(1.37564 0.211011 -5.15524e-18)
(1.44477 0.171281 4.74484e-18)
(1.51606 0.135518 -1.91982e-19)
(1.58953 0.104427 2.0964e-18)
(1.66506 0.0786368 -2.22354e-18)
(1.74237 0.0587766 0)
(1.82109 0.0454216 1.92555e-19)
(1.90067 0.0390022 2.14431e-18)
(1.98061 0.037567 -2.14679e-18)
(2.06059 0.037567 1.95403e-18)
(2.14057 0.037567 2.14679e-18)
(2.22055 0.037567 1.92759e-19)
(2.30053 0.037567 -2.14679e-18)
(2.38051 0.037567 0)
(2.46049 0.037567 6.24761e-18)
(2.54047 0.037567 1.92759e-19)
(2.62045 0.037567 0)
(2.70043 0.037567 0)
(2.78041 0.037567 1.95403e-18)
(2.86039 0.037567 -2.14679e-18)
(2.94038 0.037567 0)
(3.02036 0.037567 6.24761e-18)
(3.10034 0.037567 2.14679e-18)
(3.18032 0.037567 -4.10082e-18)
(3.2603 0.037567 0)
(3.34028 0.037567 2.33955e-18)
(3.42026 0.037567 -1.92759e-19)
(3.50024 0.037567 -2.14679e-18)
(3.58022 0.037567 -2.14679e-18)
(3.6602 0.037567 0)
(3.74018 0.037567 0)
(3.82016 0.037567 0)
(3.90014 0.037567 0)
(3.98013 0.037567 0)
(4.06011 0.037567 -1.92759e-19)
(4.14009 0.037567 0)
(4.22007 0.037567 0)
(4.30005 0.037567 0)
(4.38003 0.037567 2.14679e-18)
(4.46001 0.037567 0)
(4.53999 0.037567 1.92759e-19)
(4.61997 0.037567 2.14679e-18)
(4.69995 0.037567 1.92759e-19)
(4.77993 0.037567 0)
(4.85991 0.037567 0)
(4.93989 0.037567 0)
(5.01987 0.037567 0)
(5.09986 0.037567 0)
(5.17984 0.037567 -2.14679e-18)
(5.25982 0.037567 -1.92759e-19)
(5.3398 0.037567 0)
(5.41978 0.037567 1.95403e-18)
(5.49976 0.037567 0)
(5.57974 0.037567 1.95403e-18)
(5.65972 0.037567 -2.33955e-18)
(5.7397 0.037567 0)
(5.81968 0.037567 0)
(5.89966 0.037567 2.14679e-18)
(5.97964 0.037567 1.92759e-19)
(6.05962 0.037567 0)
(6.13961 0.037567 0)
(6.21959 0.037567 1.92759e-19)
(6.29957 0.037567 2.14679e-18)
(6.37955 0.037567 1.92759e-19)
(6.45953 0.037567 1.95403e-18)
(6.53951 0.037567 0)
(6.61949 0.037567 1.92759e-19)
(6.69947 0.037567 -4.10082e-18)
(6.77945 0.037567 -1.92759e-19)
(6.85943 0.037567 -1.92759e-19)
(6.93941 0.037567 1.92759e-19)
(7.01939 0.037567 1.92759e-19)
(7.09933 0.0390022 2.14443e-18)
(7.17891 0.0454216 1.92964e-19)
(7.25763 0.0587766 4.16187e-18)
(7.33494 0.0786368 2.41776e-18)
(7.41047 0.104427 0)
(7.48394 0.135518 2.37202e-18)
(7.55523 0.171281 0)
(7.62436 0.211011 0)
(7.6916 0.253828 5.38409e-18)
(7.75737 0.298857 0)
(7.82207 0.345388 -1.94071e-19)
(7.88609 0.392844 -1.80293e-18)
(7.94976 0.440752 1.942e-19)
(8.01324 0.488904 -1.94263e-19)
(8.07648 0.537371 1.97599e-18)
(8.13935 0.586294 3.12546e-18)
(8.20175 0.635801 0)
(8.26357 0.686006 5.32029e-18)
(8.32483 0.736874 3.68706e-18)
(8.38599 0.787883 1.23821e-17)
(8.44784 0.838071 -4.39384e-18)
(8.51131 0.886249 0)
(8.57745 0.930709 -4.25799e-18)
(8.64751 0.968659 -1.877e-18)
(8.72218 0.996283 -2.38203e-18)
(8.80037 1.01192 6.45927e-18)
(8.88004 1.01782 -2.1464e-18)
(8.96001 1.01878 2.14679e-18)
(0.0399787 1.02338 0)
(0.119926 1.02242 -1.88507e-18)
(0.199576 1.01655 -6.05812e-18)
(0.277745 1.00099 -1.91858e-19)
(0.352418 0.973493 3.99519e-18)
(0.4225 0.935721 -2.05267e-18)
(0.488688 0.891469 -8.42718e-18)
(0.552206 0.843517 -4.04691e-18)
(0.614122 0.793565 -3.91512e-18)
(0.675344 0.742795 1.90628e-19)
(0.736672 0.692165 5.69707e-18)
(0.798554 0.642195 -3.55099e-18)
(0.861011 0.59292 -1.98219e-18)
(0.92394 0.544227 -3.06051e-18)
(0.98723 0.495987 -1.65989e-18)
(1.05077 0.448061 0)
(1.11449 0.400378 5.83836e-18)
(1.17856 0.353144 0)
(1.24331 0.30683 2.70889e-18)
(1.30912 0.262013 -7.41895e-18)
(1.3764 0.219396 -2.30113e-18)
(1.44556 0.179853 2.19587e-18)
(1.51686 0.144258 0)
(1.59034 0.113312 -2.02258e-18)
(1.66587 0.0876428 0)
(1.74317 0.0678756 -1.92411e-19)
(1.82187 0.0545833 0)
(1.90143 0.0481939 -1.92701e-19)
(1.98134 0.0467654 2.07829e-18)
(2.0613 0.0467655 -1.9276e-19)
(2.14126 0.0467655 1.9276e-19)
(2.22121 0.0467655 0)
(2.30117 0.0467655 1.9276e-19)
(2.38113 0.0467655 -1.9276e-19)
(2.46109 0.0467655 0)
(2.54104 0.0467655 -1.9276e-19)
(2.621 0.0467655 1.9276e-19)
(2.70096 0.0467655 -1.88553e-18)
(2.78092 0.0467655 -4.15658e-18)
(2.86087 0.0467655 -3.77106e-18)
(2.94083 0.0467655 0)
(3.02079 0.0467655 3.96382e-18)
(3.10075 0.0467655 0)
(3.1807 0.0467655 0)
(3.26066 0.0467655 0)
(3.34062 0.0467655 -3.77106e-18)
(3.42058 0.0467655 0)
(3.50053 0.0467655 3.77106e-18)
(3.58049 0.0467655 0)
(3.66045 0.0467655 0)
(3.7404 0.0467655 0)
(3.82036 0.0467655 3.96382e-18)
(3.90032 0.0467655 0)
(3.98028 0.0467655 -3.96382e-18)
(4.06023 0.0467655 -4.15658e-18)
(4.14019 0.0467655 -6.04211e-18)
(4.22015 0.0467655 0)
(4.30011 0.0467655 0)
(4.38006 0.0467655 -1.88553e-18)
(4.46002 0.0467655 -3.96382e-18)
(4.53998 0.0467655 -6.04211e-18)
(4.61994 0.0467655 -2.07829e-18)
(4.69989 0.0467655 1.9276e-19)
(4.77985 0.0467655 0)
(4.85981 0.0467655 -6.04211e-18)
(4.93977 0.0467655 -4.15658e-18)
(5.01972 0.0467655 -6.04211e-18)
(5.09968 0.0467655 -2.07829e-18)
(5.17964 0.0467655 1.9276e-19)
(5.2596 0.0467655 -2.07829e-18)
(5.33955 0.0467655 0)
(5.41951 0.0467655 -2.07829e-18)
(5.49947 0.0467655 -6.04211e-18)
(5.57942 0.0467655 -4.15658e-18)
(5.65938 0.0467655 1.9276e-19)
(5.73934 0.0467655 -2.07829e-18)
(5.8193 0.0467655 0)
(5.89925 0.0467655 1.9276e-19)
(5.97921 0.0467655 -3.96382e-18)
(6.05917 0.0467655 -1.88553e-18)
(6.13913 0.0467655 1.9276e-19)
(6.21908 0.0467655 -1.88553e-18)
(6.29904 0.0467655 -1.9276e-19)
(6.379 0.0467655 0)
(6.45896 0.0467655 -1.9276e-19)
(6.53891 0.0467655 0)
(6.61887 0.0467655 0)
(6.69883 0.0467655 0)
(6.77879 0.0467655 -1.9276e-19)
(6.85874 0.0467655 1.9276e-19)
(6.9387 0.0467655 -2.07829e-18)
(7.01866 0.0467654 -2.07829e-18)
(7.09857 0.0481939 0)
(7.17813 0.0545833 -2.0817e-18)
(7.25683 0.0678756 1.93107e-19)
(7.33413 0.0876428 -1.95991e-18)
(7.40966 0.113312 -2.21596e-18)
(7.48314 0.144258 -4.20317e-18)
(7.55444 0.179853 1.93648e-19)
(7.6236 0.219396 -2.30113e-18)
(7.69088 0.262013 0)
(7.75669 0.30683 0)
(7.82144 0.353144 0)
(7.88551 0.400378 0)
(7.94923 0.448061 0)
(8.01277 0.495987 0)
(8.07606 0.544227 0)
(8.13899 0.59292 1.40575e-18)
(8.20145 0.642195 -5.23467e-18)
(8.26333 0.692165 0)
(8.32466 0.742795 0)
(8.38588 0.793565 -1.94868e-19)
(8.44779 0.843517 4.24179e-18)
(8.51131 0.891469 8.43137e-18)
(8.5775 0.935721 4.49454e-18)
(8.64758 0.973493 6.18699e-18)
(8.72226 1.00099 -3.87289e-19)
(8.80042 1.01655 0)
(8.88007 1.02242 3.77015e-18)
(8.96002 1.02338 2.07829e-18)
(0.0399666 1.02815 0)
(0.11989 1.02719 0)
(0.199517 1.02135 -2.01713e-18)
(0.277671 1.00587 -7.8102e-18)
(0.352346 0.978504 4.04445e-18)
(0.422452 0.940917 0)
(0.488683 0.896881 0)
(0.552258 0.849163 -1.95012e-18)
(0.614237 0.799455 1.88651e-18)
(0.675527 0.748933 0)
(0.736921 0.69855 1.89849e-18)
(0.798867 0.648824 1.6194e-18)
(0.861386 0.59979 1.91008e-19)
(0.924374 0.551334 0)
(0.987721 0.503329 -5.85495e-18)
(1.05131 0.455637 -2.91827e-18)
(1.1151 0.408187 0)
(1.17922 0.361184 0)
(1.24401 0.315096 0)
(1.30987 0.270498 0)
(1.37719 0.228089 4.43869e-18)
(1.44637 0.188738 0)
(1.51769 0.153317 0)
(1.59119 0.122523 -1.92125e-19)
(1.66671 0.0969786 3.9744e-18)
(1.744 0.077308 1.92411e-19)
(1.82268 0.0640805 -1.92556e-19)
(1.90222 0.0577224 1.92702e-19)
(1.9821 0.0563009 4.02442e-18)
(2.06204 0.0563009 0)
(2.14197 0.0563009 0)
(2.2219 0.0563009 2.20497e-18)
(2.30184 0.0563009 -1.9276e-19)
(2.38177 0.0563009 1.9276e-19)
(2.4617 0.0563009 -1.9276e-19)
(2.54164 0.0563009 0)
(2.62157 0.0563009 0)
(2.7015 0.0563009 0)
(2.78144 0.0563009 -1.9276e-19)
(2.86137 0.0563009 0)
(2.9413 0.0563009 0)
(3.02124 0.0563009 0)
(3.10117 0.0563009 -1.9276e-19)
(3.1811 0.0563009 0)
(3.26104 0.0563009 0)
(3.34097 0.0563009 0)
(3.4209 0.0563009 -1.9276e-19)
(3.50084 0.0563009 -1.9276e-19)
(3.58077 0.0563009 2.01221e-18)
(3.6607 0.0563009 0)
(3.74063 0.0563009 0)
(3.82057 0.0563009 0)
(3.9005 0.0563009 0)
(3.98043 0.0563009 0)
(4.06037 0.0563009 -1.9276e-19)
(4.1403 0.0563009 2.01221e-18)
(4.22023 0.0563009 2.01221e-18)
(4.30017 0.0563009 0)
(4.3801 0.0563009 0)
(4.46003 0.0563009 0)
(4.53997 0.0563009 1.9276e-19)
(4.6199 0.0563009 0)
(4.69983 0.0563009 -1.9276e-19)
(4.77977 0.0563009 0)
(4.8597 0.0563009 0)
(4.93963 0.0563009 -1.9276e-19)
(5.01957 0.0563009 0)
(5.0995 0.0563009 -1.9276e-19)
(5.17943 0.0563009 0)
(5.25937 0.0563009 0)
(5.3393 0.0563009 1.9276e-19)
(5.41923 0.0563009 0)
(5.49916 0.0563009 0)
(5.5791 0.0563009 0)
(5.65903 0.0563009 -1.9276e-19)
(5.73896 0.0563009 0)
(5.8189 0.0563009 2.01221e-18)
(5.89883 0.0563009 -1.9276e-19)
(5.97876 0.0563009 0)
(6.0587 0.0563009 2.01221e-18)
(6.13863 0.0563009 -1.9276e-19)
(6.21856 0.0563009 -1.9276e-19)
(6.2985 0.0563009 0)
(6.37843 0.0563009 0)
(6.45836 0.0563009 0)
(6.5383 0.0563009 0)
(6.61823 0.0563009 0)
(6.69816 0.0563009 1.81945e-18)
(6.7781 0.0563009 0)
(6.85803 0.0563009 0)
(6.93796 0.0563009 -1.9276e-19)
(7.0179 0.0563009 0)
(7.09778 0.0577224 0)
(7.17732 0.0640805 2.01553e-18)
(7.256 0.077308 -2.04074e-18)
(7.33329 0.0969786 -2.08431e-18)
(7.40881 0.122523 0)
(7.48231 0.153317 0)
(7.55363 0.188738 -1.93648e-19)
(7.62281 0.228089 -6.85181e-18)
(7.69013 0.270498 1.93887e-19)
(7.75599 0.315096 -4.85489e-18)
(7.82078 0.361184 -1.94068e-19)
(7.8849 0.408187 -5.64837e-18)
(7.94869 0.455637 5.25984e-18)
(8.01228 0.503329 0)
(8.07563 0.551334 0)
(8.13861 0.59979 -8.10147e-18)
(8.20113 0.648824 3.43332e-18)
(8.26308 0.69855 5.5125e-18)
(8.32447 0.748933 5.60303e-18)
(8.38576 0.799455 5.85441e-18)
(8.44774 0.849163 5.65549e-18)
(8.51132 0.896881 -3.89608e-19)
(8.57755 0.940917 -4.15268e-18)
(8.64765 0.978504 -2.12079e-18)
(8.72233 1.00587 -1.93645e-19)
(8.80048 1.02135 1.93162e-19)
(8.88011 1.02719 0)
(8.96003 1.02815 0)
(0.0399541 1.03309 0)
(0.119852 1.03214 -1.75527e-18)
(0.199456 1.02633 -3.71387e-18)
(0.277595 1.01092 3.77426e-18)
(0.352272 0.983699 4.09872e-18)
(0.422403 0.946303 -1.90802e-18)
(0.488678 0.902491 0)
(0.552311 0.855016 -3.75877e-18)
(0.614357 0.805561 9.47101e-18)
(0.675716 0.755295 5.40255e-18)
(0.73718 0.705169 0)
(0.799192 0.655695 8.18625e-18)
(0.861774 0.606911 7.62556e-18)
(0.924823 0.558701 1.80431e-18)
(0.988229 0.510941 0)
(1.05188 0.463492 1.08988e-17)
(1.11572 0.416282 0)
(1.17989 0.369518 5.0707e-18)
(1.24474 0.323665 -2.34065e-18)
(1.31065 0.279293 2.43196e-18)
(1.378 0.2371 2.33214e-18)
(1.44722 0.19795 4.27794e-18)
(1.51856 0.162709 1.95581e-18)
(1.59206 0.132071 1.92125e-19)
(1.66758 0.106656 0)
(1.74486 0.0870859 -3.75813e-18)
(1.82351 0.0739256 0)
(1.90303 0.0675999 0)
(1.98289 0.0661856 -1.92761e-19)
(2.0628 0.0661856 -1.92761e-19)
(2.14271 0.0661856 -1.94846e-18)
(2.22262 0.0661856 3.70417e-18)
(2.30253 0.0661856 1.92761e-19)
(2.38244 0.0661856 -1.7557e-18)
(2.46234 0.0661856 3.89693e-18)
(2.54225 0.0661856 3.70417e-18)
(2.62216 0.0661856 1.7557e-18)
(2.70207 0.0661856 3.70417e-18)
(2.78198 0.0661856 0)
(2.86188 0.0661856 3.89693e-18)
(2.94179 0.0661856 0)
(3.0217 0.0661856 3.89693e-18)
(3.10161 0.0661856 3.89693e-18)
(3.18152 0.0661856 3.89693e-18)
(3.26142 0.0661856 -1.7557e-18)
(3.34133 0.0661856 1.92761e-19)
(3.42124 0.0661856 3.89693e-18)
(3.50115 0.0661856 1.7557e-18)
(3.58106 0.0661856 0)
(3.66096 0.0661856 3.70417e-18)
(3.74087 0.0661856 0)
(3.82078 0.0661856 -1.92761e-19)
(3.90069 0.0661856 3.70417e-18)
(3.9806 0.0661856 0)
(4.06051 0.0661856 1.94846e-18)
(4.14041 0.0661856 3.70417e-18)
(4.22032 0.0661856 0)
(4.30023 0.0661856 0)
(4.38014 0.0661856 0)
(4.46005 0.0661856 3.70417e-18)
(4.53995 0.0661856 3.89693e-18)
(4.61986 0.0661856 -1.92761e-19)
(4.69977 0.0661856 7.60109e-18)
(4.77968 0.0661856 0)
(4.85959 0.0661856 3.89693e-18)
(4.93949 0.0661856 0)
(5.0194 0.0661856 0)
(5.09931 0.0661856 0)
(5.17922 0.0661856 0)
(5.25913 0.0661856 1.92761e-19)
(5.33904 0.0661856 1.92761e-19)
(5.41894 0.0661856 -1.94846e-18)
(5.49885 0.0661856 0)
(5.57876 0.0661856 1.92761e-19)
(5.65867 0.0661856 1.92761e-19)
(5.73858 0.0661856 -1.94846e-18)
(5.81848 0.0661856 1.92761e-19)
(5.89839 0.0661856 1.92761e-19)
(5.9783 0.0661856 0)
(6.05821 0.0661856 0)
(6.13812 0.0661856 1.92761e-19)
(6.21802 0.0661856 3.89693e-18)
(6.29793 0.0661856 3.70417e-18)
(6.37784 0.0661856 1.94846e-18)
(6.45775 0.0661856 3.89693e-18)
(6.53766 0.0661856 3.70417e-18)
(6.61756 0.0661856 1.94846e-18)
(6.69747 0.0661856 3.70417e-18)
(6.77738 0.0661856 3.89693e-18)
(6.85729 0.0661856 1.92761e-19)
(6.9372 0.0661856 1.7557e-18)
(7.01711 0.0661856 -1.92761e-19)
(7.09697 0.0675999 0)
(7.17649 0.0739256 -3.90338e-18)
(7.25514 0.0870859 -1.93108e-19)
(7.33242 0.106656 0)
(7.40794 0.132071 0)
(7.48144 0.162709 4.10513e-18)
(7.55278 0.19795 2.2367e-18)
(7.622 0.2371 1.93775e-19)
(7.68935 0.279293 -2.43427e-18)
(7.75526 0.323665 -4.6813e-18)
(7.82011 0.369518 2.43966e-18)
(7.88428 0.416282 7.80117e-18)
(7.94812 0.463492 2.62908e-18)
(8.01177 0.510941 0)
(8.07518 0.558701 -1.81077e-18)
(8.13823 0.606911 0)
(8.20081 0.655695 -3.31631e-18)
(8.26282 0.705169 0)
(8.32428 0.755295 -1.94778e-19)
(8.38564 0.805561 1.9486e-19)
(8.44769 0.855016 0)
(8.51132 0.902491 -5.93406e-18)
(8.5776 0.946303 4.20523e-18)
(8.64773 0.983699 5.96266e-18)
(8.72241 1.01092 3.5824e-18)
(8.80054 1.02633 -5.47544e-18)
(8.88015 1.03214 1.9284e-19)
(8.96005 1.03309 -1.94846e-18)
(0.0399411 1.03822 0)
(0.119813 1.03727 1.69378e-18)
(0.199393 1.03149 0)
(0.277515 1.01616 1.91858e-19)
(0.352194 0.989084 0)
(0.422352 0.951887 -1.83951e-18)
(0.488674 0.908307 -3.87845e-18)
(0.552366 0.861083 0)
(0.614481 0.81189 0)
(0.675912 0.761891 7.07798e-18)
(0.737448 0.71203 -7.93112e-18)
(0.799528 0.662819 1.90896e-19)
(0.862177 0.614292 -1.43326e-18)
(0.925289 0.566339 2.74177e-18)
(0.988756 0.518831 1.91182e-19)
(1.05247 0.471633 -2.34336e-18)
(1.11637 0.424674 -2.44464e-18)
(1.1806 0.378158 2.3522e-18)
(1.2455 0.332548 0)
(1.31145 0.288411 2.35204e-18)
(1.37885 0.246441 4.51207e-18)
(1.44809 0.207498 -2.16251e-18)
(1.51945 0.172444 -6.04423e-18)
(1.59296 0.141968 0)
(1.66848 0.116689 -5.66633e-18)
(1.74575 0.097222 0)
(1.82438 0.0841314 0)
(1.90388 0.0778392 3.76975e-18)
(1.98371 0.0764324 3.58118e-18)
(2.0636 0.0764324 3.58118e-18)
(2.14348 0.0764324 -3.58118e-18)
(2.22336 0.0764324 0)
(2.30324 0.0764324 0)
(2.38312 0.0764324 0)
(2.46301 0.0764324 0)
(2.54289 0.0764324 0)
(2.62277 0.0764324 0)
(2.70265 0.0764324 0)
(2.78253 0.0764324 1.92761e-19)
(2.86242 0.0764324 0)
(2.9423 0.0764324 -7.16236e-18)
(3.02218 0.0764324 0)
(3.10206 0.0764324 0)
(3.18195 0.0764324 0)
(3.26183 0.0764324 -1.92761e-19)
(3.34171 0.0764324 0)
(3.42159 0.0764324 0)
(3.50147 0.0764324 -7.16236e-18)
(3.58136 0.0764324 0)
(3.66124 0.0764324 0)
(3.74112 0.0764324 1.69421e-18)
(3.821 0.0764324 -7.16236e-18)
(3.90088 0.0764324 -1.92761e-19)
(3.98077 0.0764324 1.88697e-18)
(4.06065 0.0764324 0)
(4.14053 0.0764324 -1.88697e-18)
(4.22041 0.0764324 0)
(4.30029 0.0764324 1.88697e-18)
(4.38018 0.0764324 -1.92761e-19)
(4.46006 0.0764324 0)
(4.53994 0.0764324 0)
(4.61982 0.0764324 -1.92761e-19)
(4.69971 0.0764324 1.88697e-18)
(4.77959 0.0764324 0)
(4.85947 0.0764324 0)
(4.93935 0.0764324 0)
(5.01923 0.0764324 -1.88697e-18)
(5.09912 0.0764324 0)
(5.179 0.0764324 -1.92761e-19)
(5.25888 0.0764324 0)
(5.33876 0.0764324 1.88697e-18)
(5.41864 0.0764324 1.92761e-19)
(5.49853 0.0764324 0)
(5.57841 0.0764324 0)
(5.65829 0.0764324 0)
(5.73817 0.0764324 0)
(5.81805 0.0764324 1.92761e-19)
(5.89794 0.0764324 0)
(5.97782 0.0764324 1.88697e-18)
(6.0577 0.0764324 -7.16236e-18)
(6.13758 0.0764324 0)
(6.21747 0.0764324 -1.69421e-18)
(6.29735 0.0764324 3.38842e-18)
(6.37723 0.0764324 0)
(6.45711 0.0764324 0)
(6.53699 0.0764324 1.88697e-18)
(6.61688 0.0764324 0)
(6.69676 0.0764324 3.38842e-18)
(6.77664 0.0764324 1.88697e-18)
(6.85652 0.0764324 0)
(6.9364 0.0764324 0)
(7.01629 0.0764324 -1.92761e-19)
(7.09612 0.0778392 0)
(7.17562 0.0841314 -1.69715e-18)
(7.25425 0.097222 1.93109e-19)
(7.33152 0.116689 1.7606e-18)
(7.40704 0.141968 -1.93382e-19)
(7.48055 0.172444 4.16054e-18)
(7.55191 0.207498 1.93648e-19)
(7.62115 0.246441 2.25811e-18)
(7.68855 0.288411 2.16046e-18)
(7.7545 0.332548 7.15873e-18)
(7.8194 0.378158 0)
(7.88363 0.424674 -2.83291e-18)
(7.94753 0.471633 -7.99222e-18)
(8.01124 0.518831 2.82614e-18)
(8.07471 0.566339 0)
(8.13782 0.614292 -2.86653e-18)
(8.20047 0.662819 -3.00891e-18)
(8.26255 0.71203 3.17245e-18)
(8.32409 0.761891 3.54313e-18)
(8.38552 0.81189 5.64535e-18)
(8.44763 0.861083 -6.01808e-18)
(8.51133 0.908307 1.64911e-18)
(8.57765 0.951887 0)
(8.64781 0.989084 1.98621e-18)
(8.72248 1.01616 -2.11538e-18)
(8.80061 1.03149 -5.48335e-18)
(8.88019 1.03727 0)
(8.96006 1.03822 0)
(0.0399276 1.04353 -9.63882e-20)
(0.119773 1.04258 -5.0961e-18)
(0.199328 1.03684 0)
(0.277433 1.02159 -7.05256e-18)
(0.352114 0.994667 -1.91954e-18)
(0.422299 0.957675 -3.73769e-18)
(0.488668 0.914336 0)
(0.552424 0.867373 -3.87174e-18)
(0.614609 0.818451 5.44544e-18)
(0.676116 0.768728 0)
(0.737726 0.719143 -1.29925e-17)
(0.799877 0.670203 -1.90896e-19)
(0.862594 0.621945 5.71706e-18)
(0.925771 0.574256 0)
(0.989303 0.527011 0)
(1.05308 0.480073 0)
(1.11704 0.433373 4.90497e-18)
(1.18133 0.387114 -4.53568e-18)
(1.24629 0.341756 0)
(1.31229 0.297863 0)
(1.37973 0.256125 1.917e-19)
(1.449 0.217397 -2.09268e-18)
(1.52038 0.182536 0)
(1.5939 0.152229 5.44962e-18)
(1.66941 0.127089 0)
(1.74667 0.107729 0)
(1.82528 0.0947111 3.46804e-18)
(1.90476 0.0884536 0)
(1.98456 0.0870546 -1.92762e-19)
(2.06442 0.0870546 -1.82765e-18)
(2.14427 0.0870546 0)
(2.22413 0.0870546 -3.46255e-18)
(2.30398 0.0870546 0)
(2.38384 0.0870546 -3.46255e-18)
(2.46369 0.0870546 0)
(2.54355 0.0870546 0)
(2.6234 0.0870546 -3.46255e-18)
(2.70326 0.0870546 0)
(2.78311 0.0870546 0)
(2.86297 0.0870546 -1.63489e-18)
(2.94282 0.0870546 1.82765e-18)
(3.02268 0.0870546 -5.2902e-18)
(3.10254 0.0870546 0)
(3.18239 0.0870546 0)
(3.26225 0.0870546 0)
(3.3421 0.0870546 -3.46255e-18)
(3.42196 0.0870546 1.82765e-18)
(3.50181 0.0870546 0)
(3.58167 0.0870546 0)
(3.66152 0.0870546 0)
(3.74138 0.0870546 0)
(3.82123 0.0870546 0)
(3.90109 0.0870546 0)
(3.98094 0.0870546 -1.63489e-18)
(4.0608 0.0870546 -1.63489e-18)
(4.14065 0.0870546 0)
(4.22051 0.0870546 0)
(4.30036 0.0870546 0)
(4.38022 0.0870546 8.75274e-18)
(4.46007 0.0870546 0)
(4.53993 0.0870546 0)
(4.61978 0.0870546 0)
(4.69964 0.0870546 1.82765e-18)
(4.77949 0.0870546 -8.75274e-18)
(4.85935 0.0870546 0)
(4.9392 0.0870546 5.2902e-18)
(5.01906 0.0870546 1.92762e-19)
(5.09891 0.0870546 0)
(5.17877 0.0870546 0)
(5.25862 0.0870546 0)
(5.33848 0.0870546 5.2902e-18)
(5.41833 0.0870546 1.92762e-19)
(5.49819 0.0870546 1.92762e-19)
(5.57804 0.0870546 0)
(5.6579 0.0870546 1.63489e-18)
(5.73775 0.0870546 1.92762e-19)
(5.81761 0.0870546 1.63489e-18)
(5.89746 0.0870546 5.2902e-18)
(5.97732 0.0870546 -3.46255e-18)
(6.05718 0.0870546 -1.92762e-19)
(6.13703 0.0870546 5.2902e-18)
(6.21689 0.0870546 1.92762e-19)
(6.29674 0.0870546 -1.63489e-18)
(6.3766 0.0870546 0)
(6.45645 0.0870546 -8.75274e-18)
(6.53631 0.0870546 0)
(6.61616 0.0870546 0)
(6.69602 0.0870546 -1.63489e-18)
(6.77587 0.0870546 0)
(6.85573 0.0870546 -8.75274e-18)
(6.93558 0.0870546 -3.46255e-18)
(7.01544 0.0870546 3.46255e-18)
(7.09524 0.0884536 1.82576e-18)
(7.17472 0.0947111 -1.92967e-19)
(7.25333 0.107729 -1.467e-18)
(7.33059 0.127089 7.1817e-18)
(7.4061 0.152229 5.83764e-18)
(7.47962 0.182536 2.01366e-18)
(7.551 0.217397 -1.90084e-18)
(7.62027 0.256125 1.93774e-19)
(7.68771 0.297863 -2.27725e-18)
(7.75371 0.341756 6.91643e-18)
(7.81867 0.387114 -1.94064e-19)
(7.88296 0.433373 -7.07049e-18)
(7.94692 0.480073 -2.83186e-18)
(8.0107 0.527011 2.73141e-18)
(8.07423 0.574256 -2.83728e-18)
(8.13741 0.621945 0)
(8.20012 0.670203 7.63914e-18)
(8.26227 0.719143 -3.25199e-18)
(8.32388 0.768728 0)
(8.38539 0.818451 0)
(8.44758 0.867373 3.68554e-18)
(8.51133 0.914336 3.74916e-18)
(8.5777 0.957675 0)
(8.64789 0.994667 3.65073e-18)
(8.72257 1.02159 -8.91699e-18)
(8.80067 1.03684 -1.63944e-18)
(8.88023 1.04258 1.92841e-19)
(8.96007 1.04353 1.82765e-18)
(0.0399136 1.04903 9.63888e-20)
(0.119731 1.04809 1.92683e-19)
(0.19926 1.04238 -5.13062e-18)
(0.277348 1.02723 8.42612e-18)
(0.352031 1.00045 -7.04964e-18)
(0.422244 0.963675 7.22037e-18)
(0.488663 0.920585 -6.85127e-18)
(0.552483 0.873893 1.49131e-18)
(0.614743 0.825253 1.43606e-18)
(0.676326 0.775816 0)
(0.738013 0.726516 2.94633e-18)
(0.800239 0.677858 1.39751e-18)
(0.863026 0.629877 0)
(0.926272 0.582463 -1.91102e-19)
(0.989869 0.53549 2.63696e-18)
(1.05371 0.488822 2.54681e-18)
(1.11773 0.442391 -2.27212e-18)
(1.18208 0.396398 -1.91383e-19)
(1.2471 0.351301 0)
(1.31315 0.307661 0)
(1.38063 0.266163 -1.92009e-18)
(1.44994 0.227658 0)
(1.52135 0.192998 0)
(1.59487 0.162865 0)
(1.67038 0.13787 0)
(1.74762 0.118622 0)
(1.82622 0.105678 0)
(1.90566 0.0994569 0)
(1.98544 0.0980659 0)
(2.06527 0.0980659 -1.92762e-19)
(2.1451 0.0980659 0)
(2.22492 0.0980659 0)
(2.30475 0.0980659 -1.77043e-18)
(2.38458 0.0980659 0)
(2.46441 0.0980659 0)
(2.54423 0.0980659 0)
(2.62406 0.0980659 0)
(2.70389 0.0980659 -4.92577e-18)
(2.78372 0.0980659 0)
(2.86354 0.0980659 -1.77043e-18)
(2.94337 0.0980659 0)
(3.0232 0.0980659 -1.77043e-18)
(3.10302 0.0980659 0)
(3.18285 0.0980659 0)
(3.26268 0.0980659 -3.54086e-18)
(3.34251 0.0980659 -6.50344e-18)
(3.42233 0.0980659 0)
(3.50216 0.0980659 -3.3481e-18)
(3.58199 0.0980659 -1.77043e-18)
(3.66181 0.0980659 0)
(3.74164 0.0980659 0)
(3.82147 0.0980659 -3.3481e-18)
(3.9013 0.0980659 0)
(3.98112 0.0980659 0)
(4.06095 0.0980659 -1.77043e-18)
(4.14078 0.0980659 -1.77043e-18)
(4.2206 0.0980659 0)
(4.30043 0.0980659 -1.77043e-18)
(4.38026 0.0980659 3.54086e-18)
(4.46009 0.0980659 -1.77043e-18)
(4.53991 0.0980659 -1.77043e-18)
(4.61974 0.0980659 -6.6962e-18)
(4.69957 0.0980659 -6.50344e-18)
(4.7794 0.0980659 1.77043e-18)
(4.85922 0.0980659 -1.77043e-18)
(4.93905 0.0980659 -1.77043e-18)
(5.01888 0.0980659 -1.92762e-19)
(5.0987 0.0980659 1.92762e-19)
(5.17853 0.0980659 0)
(5.25836 0.0980659 -3.3481e-18)
(5.33819 0.0980659 0)
(5.41801 0.0980659 3.3481e-18)
(5.49784 0.0980659 0)
(5.57767 0.0980659 0)
(5.65749 0.0980659 -1.92762e-19)
(5.73732 0.0980659 -1.77043e-18)
(5.81715 0.0980659 -6.88896e-18)
(5.89698 0.0980659 -8.46663e-18)
(5.9768 0.0980659 -6.88896e-18)
(6.05663 0.0980659 0)
(6.13646 0.0980659 0)
(6.21628 0.0980659 1.92762e-19)
(6.29611 0.0980659 0)
(6.37594 0.0980659 0)
(6.45577 0.0980659 0)
(6.53559 0.0980659 -1.92762e-19)
(6.61542 0.0980659 -6.6962e-18)
(6.69525 0.0980659 -5.11853e-18)
(6.77508 0.0980659 1.92762e-19)
(6.8549 0.0980659 0)
(6.93473 0.0980659 3.3481e-18)
(7.01456 0.0980659 1.92762e-19)
(7.09434 0.0994569 -6.68885e-18)
(7.17378 0.105678 0)
(7.25238 0.118622 1.79507e-18)
(7.32962 0.13787 -1.83244e-18)
(7.40513 0.162865 -3.57506e-18)
(7.47865 0.192998 5.65471e-18)
(7.55006 0.227658 0)
(7.61937 0.266163 -2.11386e-18)
(7.68685 0.307661 0)
(7.7529 0.351301 2.09824e-18)
(7.81792 0.396398 0)
(7.88227 0.442391 0)
(7.94629 0.488822 -2.54975e-18)
(8.01013 0.53549 0)
(8.07373 0.582463 -2.54762e-18)
(8.13697 0.629877 -2.8576e-18)
(8.19976 0.677858 -4.58156e-18)
(8.26199 0.726516 0)
(8.32367 0.775816 6.60773e-18)
(8.38526 0.825253 0)
(8.44752 0.873893 -5.24041e-18)
(8.51134 0.920585 3.42563e-18)
(8.57776 0.963675 1.94588e-19)
(8.64797 1.00045 8.91646e-18)
(8.72265 1.02723 0)
(8.80074 1.04238 0)
(8.88027 1.04809 0)
(8.96009 1.04903 1.77043e-18)
(0.0398991 1.05474 -9.63894e-20)
(0.119688 1.05381 -4.95157e-18)
(0.19919 1.04813 6.2985e-18)
(0.27726 1.03306 -3.10366e-18)
(0.351945 1.00645 -6.42982e-18)
(0.422187 0.969894 3.29633e-18)
(0.488658 0.927064 0)
(0.552545 0.880652 -6.67296e-18)
(0.614881 0.832303 -3.13456e-18)
(0.676545 0.783164 0)
(0.738312 0.734159 0)
(0.800614 0.685793 2.8846e-18)
(0.863474 0.6381 -2.9489e-18)
(0.926791 0.59097 0)
(0.990456 0.544279 -2.54881e-18)
(1.05436 0.497892 -2.07952e-18)
(1.11845 0.45174 0)
(1.18287 0.406023 -2.29934e-18)
(1.24794 0.361196 -1.83161e-18)
(1.31405 0.317818 -6.00332e-18)
(1.38158 0.276569 1.917e-19)
(1.45092 0.238295 -3.34518e-18)
(1.52234 0.203843 0)
(1.59588 0.173891 1.92125e-19)
(1.67138 0.149045 -3.35563e-18)
(1.74861 0.129913 0)
(1.82719 0.117047 -8.01093e-18)
(1.9066 0.110863 -4.94746e-18)
(1.98636 0.109481 -3.2377e-18)
(2.06615 0.109481 1.71523e-18)
(2.14595 0.109481 -1.92763e-19)
(2.22575 0.109481 3.2377e-18)
(2.30555 0.109481 -4.95293e-18)
(2.38535 0.109481 0)
(2.46515 0.109481 0)
(2.54494 0.109481 -1.92763e-19)
(2.62474 0.109481 1.71523e-18)
(2.70454 0.109481 0)
(2.78434 0.109481 0)
(2.86414 0.109481 0)
(2.94393 0.109481 3.2377e-18)
(3.02373 0.109481 1.52247e-18)
(3.10353 0.109481 0)
(3.18333 0.109481 -1.71523e-18)
(3.26313 0.109481 0)
(3.34293 0.109481 1.52247e-18)
(3.42272 0.109481 -3.2377e-18)
(3.50252 0.109481 0)
(3.58232 0.109481 -1.71523e-18)
(3.66212 0.109481 -3.2377e-18)
(3.74192 0.109481 1.71523e-18)
(3.82172 0.109481 1.92763e-19)
(3.90151 0.109481 3.2377e-18)
(3.98131 0.109481 -4.95293e-18)
(4.06111 0.109481 0)
(4.14091 0.109481 0)
(4.22071 0.109481 1.71523e-18)
(4.3005 0.109481 0)
(4.3803 0.109481 -6.28264e-18)
(4.4601 0.109481 -1.71523e-18)
(4.5399 0.109481 1.52247e-18)
(4.6197 0.109481 3.04494e-18)
(4.6995 0.109481 0)
(4.77929 0.109481 0)
(4.85909 0.109481 0)
(4.93889 0.109481 0)
(5.01869 0.109481 -1.71523e-18)
(5.09849 0.109481 1.92763e-19)
(5.17828 0.109481 1.52247e-18)
(5.25808 0.109481 -9.52034e-18)
(5.33788 0.109481 0)
(5.41768 0.109481 0)
(5.49748 0.109481 1.52247e-18)
(5.57728 0.109481 0)
(5.65707 0.109481 1.71523e-18)
(5.73687 0.109481 0)
(5.81667 0.109481 -1.92763e-19)
(5.89647 0.109481 0)
(5.97627 0.109481 1.71523e-18)
(6.05607 0.109481 -1.92763e-19)
(6.13586 0.109481 1.52247e-18)
(6.21566 0.109481 1.92763e-19)
(6.29546 0.109481 1.71523e-18)
(6.37526 0.109481 1.71523e-18)
(6.45506 0.109481 0)
(6.53485 0.109481 0)
(6.61465 0.109481 1.92763e-19)
(6.69445 0.109481 1.71523e-18)
(6.77425 0.109481 -1.92763e-19)
(6.85405 0.109481 4.76017e-18)
(6.93385 0.109481 -9.52034e-18)
(7.01364 0.109481 0)
(7.0934 0.110863 0)
(7.17281 0.117047 1.71813e-18)
(7.25139 0.129913 -3.47797e-18)
(7.32862 0.149045 1.93249e-19)
(7.40412 0.173891 0)
(7.47766 0.203843 -1.88743e-18)
(7.54908 0.238295 -7.84862e-18)
(7.61842 0.276569 -1.85176e-18)
(7.68595 0.317818 6.00562e-18)
(7.75206 0.361196 -2.41104e-18)
(7.81713 0.406023 0)
(7.88155 0.45174 0)
(7.94564 0.497892 7.00648e-18)
(8.00954 0.544279 -1.94249e-19)
(8.07321 0.59097 2.45567e-18)
(8.13653 0.6381 2.7613e-18)
(8.19939 0.685793 2.6937e-18)
(8.26169 0.734159 1.80889e-18)
(8.32345 0.783164 1.30313e-18)
(8.38512 0.832303 0)
(8.44745 0.880652 -6.87214e-18)
(8.51134 0.927064 2.0403e-18)
(8.57781 0.969894 0)
(8.64805 1.00645 -1.80165e-18)
(8.72274 1.03306 0)
(8.80081 1.04813 3.24624e-18)
(8.88031 1.05381 -1.92842e-19)
(8.9601 1.05474 0)
(0.0398841 1.06066 1.46922e-18)
(0.119643 1.05973 0)
(0.199117 1.05409 0)
(0.277168 1.03912 1.49718e-18)
(0.351856 1.01267 -9.68395e-18)
(0.422128 0.976342 -3.36854e-18)
(0.488652 0.933779 -1.78146e-18)
(0.552609 0.887658 3.12307e-18)
(0.615024 0.839612 -1.7006e-18)
(0.676772 0.79078 -6.15423e-18)
(0.738621 0.742082 0)
(0.801003 0.694019 1.90897e-19)
(0.863939 0.646625 0)
(0.927328 0.59979 1.91103e-19)
(0.991065 0.553391 2.2726e-18)
(1.05504 0.507294 1.91247e-19)
(1.1192 0.46143 -2.30289e-18)
(1.18368 0.415999 -1.91383e-19)
(1.24882 0.371453 -1.91473e-19)
(1.31498 0.328347 2.05962e-18)
(1.38255 0.287356 0)
(1.45193 0.249321 -1.91838e-19)
(1.52338 0.215085 1.63412e-18)
(1.59692 0.18532 1.7661e-18)
(1.67242 0.160631 2.86015e-18)
(1.74964 0.141618 0)
(1.82819 0.128833 0)
(1.90758 0.122687 0)
(1.9873 0.121313 -1.92763e-19)
(2.06707 0.121313 -4.60043e-18)
(2.14684 0.121313 3.13121e-18)
(2.22661 0.121313 0)
(2.30637 0.121313 0)
(2.38614 0.121313 6.06965e-18)
(2.46591 0.121313 0)
(2.54568 0.121313 1.92763e-19)
(2.62545 0.121313 1.92763e-19)
(2.70522 0.121313 0)
(2.78498 0.121313 1.92763e-19)
(2.86475 0.121313 0)
(2.94452 0.121313 0)
(3.02429 0.121313 1.92763e-19)
(3.10406 0.121313 0)
(3.18382 0.121313 1.92763e-19)
(3.26359 0.121313 3.13121e-18)
(3.34336 0.121313 -1.66198e-18)
(3.42313 0.121313 3.32397e-18)
(3.5029 0.121313 6.45517e-18)
(3.58267 0.121313 -1.66198e-18)
(3.66243 0.121313 3.32397e-18)
(3.7422 0.121313 1.92763e-19)
(3.82197 0.121313 0)
(3.90174 0.121313 0)
(3.98151 0.121313 -2.93844e-18)
(4.06127 0.121313 0)
(4.14104 0.121313 6.26241e-18)
(4.22081 0.121313 3.13121e-18)
(4.30058 0.121313 -1.66198e-18)
(4.38035 0.121313 -1.92763e-19)
(4.46012 0.121313 0)
(4.53988 0.121313 4.79319e-18)
(4.61965 0.121313 1.92763e-19)
(4.69942 0.121313 0)
(4.77919 0.121313 0)
(4.85896 0.121313 1.92763e-19)
(4.93873 0.121313 4.79319e-18)
(5.01849 0.121313 0)
(5.09826 0.121313 0)
(5.17803 0.121313 0)
(5.2578 0.121313 1.66198e-18)
(5.33757 0.121313 6.26241e-18)
(5.41733 0.121313 4.79319e-18)
(5.4971 0.121313 6.45517e-18)
(5.57687 0.121313 1.92763e-19)
(5.65664 0.121313 0)
(5.73641 0.121313 3.13121e-18)
(5.81618 0.121313 1.66198e-18)
(5.89594 0.121313 6.26241e-18)
(5.97571 0.121313 0)
(6.05548 0.121313 0)
(6.13525 0.121313 3.13121e-18)
(6.21502 0.121313 0)
(6.29478 0.121313 0)
(6.37455 0.121313 2.93844e-18)
(6.45432 0.121313 0)
(6.53409 0.121313 0)
(6.61386 0.121313 -1.66198e-18)
(6.69363 0.121313 0)
(6.77339 0.121313 0)
(6.85316 0.121313 1.92763e-19)
(6.93293 0.121313 3.13121e-18)
(7.0127 0.121313 0)
(7.09242 0.122687 7.72322e-18)
(7.17181 0.128833 0)
(7.25036 0.141618 -1.93111e-19)
(7.32758 0.160631 0)
(7.40308 0.18532 0)
(7.47662 0.215085 -3.46175e-18)
(7.54807 0.249321 0)
(7.61745 0.287356 -1.97963e-18)
(7.68502 0.328347 -3.73608e-18)
(7.75118 0.371453 0)
(7.81632 0.415999 -2.03223e-18)
(7.8808 0.46143 6.52888e-18)
(7.94496 0.507294 1.94185e-19)
(8.00894 0.553391 2.2726e-18)
(8.07267 0.59979 0)
(8.13606 0.646625 2.47398e-18)
(8.199 0.694019 -1.94512e-19)
(8.26138 0.742082 -5.47185e-18)
(8.32323 0.79078 4.52448e-18)
(8.38498 0.839612 0)
(8.44739 0.887658 -7.80767e-18)
(8.51135 0.933779 1.98041e-18)
(8.57787 0.976342 1.78343e-18)
(8.64814 1.01267 -1.35604e-18)
(8.72283 1.03912 1.69082e-18)
(8.80088 1.05409 -1.93166e-19)
(8.88036 1.05973 2.93766e-18)
(8.96012 1.06066 0)
(0.0398685 1.06679 0)
(0.119596 1.06587 0)
(0.199042 1.06026 0)
(0.277073 1.04539 -5.96969e-18)
(0.351764 1.01912 -1.87758e-18)
(0.422066 0.983026 -6.31732e-18)
(0.488646 0.940741 4.98044e-18)
(0.552675 0.894921 -7.90384e-18)
(0.615173 0.847189 3.2908e-18)
(0.677007 0.798676 -4.55284e-18)
(0.738942 0.750296 -5.46333e-18)
(0.801406 0.702546 0)
(0.864421 0.655461 1.91009e-19)
(0.927886 0.608932 -2.0903e-18)
(0.991696 0.562836 -9.14466e-18)
(1.05574 0.51704 4.41135e-18)
(1.11997 0.471476 -2.03555e-18)
(1.18452 0.426342 6.26031e-18)
(1.24972 0.382086 0)
(1.31594 0.339261 3.60255e-18)
(1.38357 0.298538 1.91699e-19)
(1.45298 0.260752 0)
(1.52445 0.226739 -1.91982e-19)
(1.598 0.197169 3.03724e-18)
(1.6735 0.17264 -3.13766e-18)
(1.7507 0.153752 6.14313e-18)
(1.82923 0.14105 8.90753e-18)
(1.90859 0.134945 1.92706e-19)
(1.98828 0.13358 -3.02847e-18)
(2.06802 0.13358 1.61062e-18)
(2.14776 0.13358 0)
(2.22749 0.13358 -1.61062e-18)
(2.30723 0.13358 1.92764e-19)
(2.38697 0.13358 0)
(2.46671 0.13358 0)
(2.54644 0.13358 0)
(2.62618 0.13358 0)
(2.70592 0.13358 6.05695e-18)
(2.78565 0.13358 0)
(2.86539 0.13358 0)
(2.94513 0.13358 0)
(3.02486 0.13358 1.92764e-19)
(3.1046 0.13358 0)
(3.18434 0.13358 -1.61062e-18)
(3.26408 0.13358 0)
(3.34381 0.13358 0)
(3.42355 0.13358 0)
(3.50329 0.13358 1.80338e-18)
(3.58302 0.13358 1.92764e-19)
(3.66276 0.13358 0)
(3.7425 0.13358 0)
(3.82224 0.13358 3.02847e-18)
(3.90197 0.13358 6.05695e-18)
(3.98171 0.13358 0)
(4.06145 0.13358 0)
(4.14118 0.13358 -1.92764e-19)
(4.22092 0.13358 -1.61062e-18)
(4.30066 0.13358 -3.22124e-18)
(4.38039 0.13358 1.92764e-19)
(4.46013 0.13358 0)
(4.53987 0.13358 -6.24971e-18)
(4.61961 0.13358 -1.92764e-19)
(4.69934 0.13358 6.05695e-18)
(4.77908 0.13358 1.92764e-19)
(4.85882 0.13358 -1.92764e-19)
(4.93855 0.13358 0)
(5.01829 0.13358 0)
(5.09803 0.13358 0)
(5.17776 0.13358 -1.92764e-19)
(5.2575 0.13358 -1.61062e-18)
(5.33724 0.13358 0)
(5.41698 0.13358 -1.92764e-19)
(5.49671 0.13358 -1.80338e-18)
(5.57645 0.13358 0)
(5.65619 0.13358 0)
(5.73592 0.13358 1.61062e-18)
(5.81566 0.13358 0)
(5.8954 0.13358 1.80338e-18)
(5.97514 0.13358 0)
(6.05487 0.13358 -3.22124e-18)
(6.13461 0.13358 -1.41785e-18)
(6.21435 0.13358 0)
(6.29408 0.13358 0)
(6.37382 0.13358 0)
(6.45356 0.13358 -1.92764e-19)
(6.53329 0.13358 0)
(6.61303 0.13358 1.80338e-18)
(6.69277 0.13358 0)
(6.77251 0.13358 0)
(6.85224 0.13358 1.92764e-19)
(6.93198 0.13358 -6.24971e-18)
(7.01172 0.13358 0)
(7.09141 0.134945 0)
(7.17077 0.14105 -1.9297e-19)
(7.2493 0.153752 -3.26537e-18)
(7.3265 0.17264 1.9325e-19)
(7.402 0.197169 1.712e-18)
(7.47555 0.226739 2.95936e-18)
(7.54702 0.260752 -1.93647e-19)
(7.61643 0.298538 1.72228e-18)
(7.68406 0.339261 -2.18904e-18)
(7.75028 0.382086 -1.88065e-18)
(7.81548 0.426342 0)
(7.88003 0.471476 0)
(7.94426 0.51704 2.49842e-18)
(8.0083 0.562836 -2.38482e-18)
(8.07211 0.608932 -4.95144e-18)
(8.13558 0.655461 0)
(8.19859 0.702546 1.94509e-19)
(8.26106 0.750296 -1.9463e-19)
(8.32299 0.798676 -1.94754e-19)
(8.38483 0.847189 4.36455e-18)
(8.44732 0.894921 1.6994e-18)
(8.51135 0.940741 -1.53306e-18)
(8.57793 0.983026 0)
(8.64824 1.01912 -7.86357e-18)
(8.72293 1.04539 -6.16512e-18)
(8.80096 1.06026 -1.42148e-18)
(8.8804 1.06587 0)
(8.96013 1.06679 0)
(0.0398524 1.07315 0)
(0.119548 1.07223 3.12122e-18)
(0.198963 1.06667 5.87158e-18)
(0.276975 1.05189 1.91859e-19)
(0.351668 1.0258 0)
(0.422003 0.989954 0)
(0.48864 0.947958 1.85859e-18)
(0.552744 0.90245 0)
(0.615326 0.855043 0)
(0.67725 0.80686 2.67936e-18)
(0.739274 0.75881 3.81534e-19)
(0.801824 0.711386 2.41079e-18)
(0.86492 0.664622 -2.10692e-18)
(0.928464 0.61841 -2.19887e-18)
(0.99235 0.572627 -2.30263e-18)
(1.05647 0.527144 -2.22518e-18)
(1.12077 0.48189 -1.91308e-19)
(1.1854 0.437063 0)
(1.25066 0.393109 2.00466e-18)
(1.31694 0.350576 0)
(1.38462 0.31013 0)
(1.45407 0.272601 0)
(1.52556 0.23882 -6.27516e-18)
(1.59912 0.209451 -3.12257e-18)
(1.67462 0.18509 1.61334e-18)
(1.7518 0.16633 -4.16768e-18)
(1.83031 0.153715 3.12668e-18)
(1.90964 0.147651 -1.92706e-19)
(1.9893 0.146295 0)
(2.069 0.146295 -5.66598e-18)
(2.14871 0.146295 0)
(2.22841 0.146295 0)
(2.30812 0.146295 1.92765e-19)
(2.38782 0.146295 2.73661e-18)
(2.46753 0.146295 2.92937e-18)
(2.54723 0.146295 0)
(2.62694 0.146295 -5.85874e-18)
(2.70664 0.146295 0)
(2.78635 0.146295 -5.66598e-18)
(2.86605 0.146295 1.92765e-19)
(2.94576 0.146295 1.92765e-19)
(3.02546 0.146295 0)
(3.10517 0.146295 -1.92765e-19)
(3.18487 0.146295 0)
(3.26458 0.146295 0)
(3.34428 0.146295 0)
(3.42399 0.146295 5.85874e-18)
(3.50369 0.146295 -5.85874e-18)
(3.58339 0.146295 0)
(3.6631 0.146295 -5.85874e-18)
(3.7428 0.146295 -1.92765e-19)
(3.82251 0.146295 0)
(3.90221 0.146295 -1.92765e-19)
(3.98192 0.146295 0)
(4.06162 0.146295 5.66598e-18)
(4.14133 0.146295 0)
(4.22103 0.146295 1.92765e-19)
(4.30074 0.146295 -2.92937e-18)
(4.38044 0.146295 0)
(4.46015 0.146295 2.92937e-18)
(4.53985 0.146295 0)
(4.61956 0.146295 0)
(4.69926 0.146295 -2.92937e-18)
(4.77897 0.146295 0)
(4.85867 0.146295 -3.12214e-18)
(4.93838 0.146295 -2.73661e-18)
(5.01808 0.146295 -1.92765e-19)
(5.09779 0.146295 1.92765e-19)
(5.17749 0.146295 5.66598e-18)
(5.2572 0.146295 2.92937e-18)
(5.3369 0.146295 -8.59535e-18)
(5.41661 0.146295 0)
(5.49631 0.146295 0)
(5.57601 0.146295 0)
(5.65572 0.146295 -1.92765e-19)
(5.73542 0.146295 -2.73661e-18)
(5.81513 0.146295 2.92937e-18)
(5.89483 0.146295 1.92765e-19)
(5.97454 0.146295 0)
(6.05424 0.146295 0)
(6.13395 0.146295 -2.92937e-18)
(6.21365 0.146295 0)
(6.29336 0.146295 0)
(6.37306 0.146295 0)
(6.45277 0.146295 1.92765e-19)
(6.53247 0.146295 -2.92937e-18)
(6.61218 0.146295 1.92765e-19)
(6.69188 0.146295 0)
(6.77159 0.146295 0)
(6.85129 0.146295 1.92765e-19)
(6.931 0.146295 -2.73661e-18)
(7.0107 0.146295 0)
(7.09036 0.147651 0)
(7.16969 0.153715 0)
(7.2482 0.16633 0)
(7.32538 0.18509 1.61432e-18)
(7.40088 0.209451 -3.12383e-18)
(7.47444 0.23882 0)
(7.54593 0.272601 -1.93646e-19)
(7.61538 0.31013 -7.22508e-18)
(7.68306 0.350576 0)
(7.74934 0.393109 -1.81318e-18)
(7.8146 0.437063 -1.88871e-18)
(7.87923 0.48189 -1.9622e-18)
(7.94353 0.527144 6.29598e-18)
(8.00765 0.572627 -1.94242e-19)
(8.07154 0.61841 0)
(8.13508 0.664622 4.98467e-18)
(8.19818 0.711386 -5.01608e-18)
(8.26073 0.75881 -2.73479e-18)
(8.32275 0.80686 -2.67936e-18)
(8.38467 0.855043 -5.99608e-18)
(8.44726 0.90245 1.64444e-18)
(8.51136 0.947958 1.47734e-18)
(8.578 0.989954 -1.94578e-19)
(8.64833 1.0258 -7.59732e-18)
(8.72303 1.05189 1.7809e-18)
(8.80104 1.06667 0)
(8.88045 1.07223 8.59324e-18)
(8.96015 1.07315 0)
(0.0398357 1.07974 2.7374e-18)
(0.119498 1.07883 0)
(0.198882 1.0733 -2.45507e-18)
(0.276873 1.05864 2.49722e-18)
(0.351569 1.03273 0)
(0.421937 0.997137 3.22804e-18)
(0.488634 0.955439 -4.46137e-18)
(0.552815 0.910255 -1.58711e-18)
(0.615486 0.863185 2.89104e-18)
(0.677503 0.815345 0)
(0.739619 0.767636 -1.90768e-19)
(0.802257 0.720549 2.32308e-18)
(0.865438 0.674118 2.40556e-18)
(0.929063 0.628234 -4.4296e-18)
(0.993028 0.582778 2.22631e-18)
(1.05723 0.537617 -1.76926e-18)
(1.1216 0.492685 -1.89145e-18)
(1.1863 0.448177 -9.67785e-18)
(1.25164 0.404536 0)
(1.31798 0.362305 -3.3495e-18)
(1.3857 0.322147 0)
(1.4552 0.284885 0)
(1.52671 0.251344 0)
(1.60028 0.222184 0)
(1.67578 0.197995 0)
(1.75295 0.179369 0)
(1.83143 0.166844 5.29166e-18)
(1.91073 0.160823 -1.92707e-19)
(1.99035 0.159477 2.83377e-18)
(2.07002 0.159477 0)
(2.1497 0.159477 0)
(2.22937 0.159477 0)
(2.30904 0.159477 5.28202e-18)
(2.38871 0.159477 -1.92765e-19)
(2.46838 0.159477 0)
(2.54805 0.159477 2.64101e-18)
(2.62772 0.159477 5.66755e-18)
(2.7074 0.159477 0)
(2.78707 0.159477 2.83377e-18)
(2.86674 0.159477 -1.92765e-19)
(2.94641 0.159477 1.92765e-19)
(3.02608 0.159477 3.85531e-19)
(3.10575 0.159477 -1.92765e-19)
(3.18542 0.159477 -1.92765e-19)
(3.26509 0.159477 -1.92765e-19)
(3.34477 0.159477 -1.92765e-19)
(3.42444 0.159477 1.92765e-19)
(3.50411 0.159477 5.66755e-18)
(3.58378 0.159477 -1.92765e-19)
(3.66345 0.159477 0)
(3.74312 0.159477 5.28202e-18)
(3.82279 0.159477 2.64101e-18)
(3.90247 0.159477 1.92765e-19)
(3.98214 0.159477 5.66755e-18)
(4.06181 0.159477 -1.92765e-19)
(4.14148 0.159477 -1.92765e-19)
(4.22115 0.159477 -3.02654e-18)
(4.30082 0.159477 0)
(4.38049 0.159477 0)
(4.46016 0.159477 3.85531e-19)
(4.53984 0.159477 0)
(4.61951 0.159477 0)
(4.69918 0.159477 0)
(4.77885 0.159477 -1.92765e-19)
(4.85852 0.159477 1.92765e-19)
(4.93819 0.159477 0)
(5.01786 0.159477 0)
(5.09753 0.159477 0)
(5.17721 0.159477 5.66755e-18)
(5.25688 0.159477 1.92765e-19)
(5.33655 0.159477 -3.02654e-18)
(5.41622 0.159477 5.86031e-18)
(5.49589 0.159477 -3.02654e-18)
(5.57556 0.159477 0)
(5.65523 0.159477 0)
(5.73491 0.159477 1.92765e-19)
(5.81458 0.159477 0)
(5.89425 0.159477 0)
(5.97392 0.159477 5.66755e-18)
(6.05359 0.159477 -5.66755e-18)
(6.13326 0.159477 5.66755e-18)
(6.21293 0.159477 0)
(6.2926 0.159477 -1.92765e-19)
(6.37228 0.159477 0)
(6.45195 0.159477 5.66755e-18)
(6.53162 0.159477 0)
(6.61129 0.159477 -1.92765e-19)
(6.69096 0.159477 3.85531e-19)
(6.77063 0.159477 -1.92765e-19)
(6.8503 0.159477 0)
(6.92998 0.159477 2.83377e-18)
(7.00965 0.159477 -1.92765e-19)
(7.08927 0.160823 0)
(7.16857 0.166844 0)
(7.24705 0.179369 0)
(7.32422 0.197995 0)
(7.39972 0.222184 1.80048e-18)
(7.47329 0.251344 0)
(7.5448 0.284885 1.72441e-18)
(7.6143 0.322147 0)
(7.68202 0.362305 -1.86863e-18)
(7.74836 0.404536 1.7481e-18)
(7.8137 0.448177 1.94053e-19)
(7.8784 0.492685 3.97702e-18)
(7.94277 0.537617 -2.15468e-18)
(8.00697 0.582778 2.22937e-18)
(8.07094 0.628234 -2.11925e-18)
(8.13456 0.674118 2.60335e-18)
(8.19774 0.720549 0)
(8.26038 0.767636 0)
(8.3225 0.815345 -5.35727e-18)
(8.38451 0.863185 0)
(8.44718 0.910255 0)
(8.51137 0.955439 2.84716e-18)
(8.57806 0.997137 3.04091e-18)
(8.64843 1.03273 1.77881e-18)
(8.72313 1.05864 3.27003e-18)
(8.80112 1.0733 -5.68119e-18)
(8.8805 1.07883 0)
(8.96016 1.07974 0)
(0.0398183 1.08657 5.29036e-18)
(0.119446 1.08567 -1.92686e-19)
(0.198798 1.08018 0)
(0.276767 1.06562 -5.18886e-18)
(0.351466 1.03991 1.91274e-19)
(0.421869 1.00458 0)
(0.488628 0.963195 -1.90626e-19)
(0.552889 0.918346 -5.76282e-18)
(0.615651 0.871626 -1.07867e-17)
(0.677764 0.82414 2.48664e-18)
(0.739976 0.776786 3.81537e-19)
(0.802706 0.730048 -7.09722e-18)
(0.865975 0.683962 -2.13412e-18)
(0.929684 0.638419 4.46711e-18)
(0.993731 0.593299 2.15269e-18)
(1.05801 0.548474 2.08092e-18)
(1.12247 0.503876 -4.02901e-18)
(1.18724 0.459698 1.75517e-18)
(1.25265 0.416381 0)
(1.31905 0.374463 -1.8064e-18)
(1.38683 0.334603 5.01751e-18)
(1.45637 0.297618 1.66832e-18)
(1.52791 0.264326 1.60732e-18)
(1.60149 0.235382 1.92126e-19)
(1.67698 0.211374 5.48523e-18)
(1.75413 0.192886 0)
(1.83259 0.180453 0)
(1.91185 0.174477 1.92708e-19)
(1.99145 0.173141 2.74155e-18)
(2.07108 0.173141 0)
(2.15072 0.173141 -5.29034e-18)
(2.23036 0.173141 -1.92766e-19)
(2.30999 0.173141 2.74155e-18)
(2.38963 0.173141 0)
(2.46927 0.173141 0)
(2.5489 0.173141 2.74155e-18)
(2.62854 0.173141 -5.67588e-18)
(2.70818 0.173141 1.92766e-19)
(2.78781 0.173141 0)
(2.86745 0.173141 2.93432e-18)
(2.94709 0.173141 -1.92766e-19)
(3.02672 0.173141 0)
(3.10636 0.173141 0)
(3.186 0.173141 8.0319e-18)
(3.26563 0.173141 0)
(3.34527 0.173141 1.92766e-19)
(3.42491 0.173141 -8.0319e-18)
(3.50454 0.173141 -5.48311e-18)
(3.58418 0.173141 0)
(3.66382 0.173141 2.54879e-18)
(3.74345 0.173141 0)
(3.82309 0.173141 0)
(3.90273 0.173141 -5.29034e-18)
(3.98236 0.173141 -8.0319e-18)
(4.062 0.173141 0)
(4.14164 0.173141 0)
(4.22127 0.173141 -1.92766e-19)
(4.30091 0.173141 0)
(4.38055 0.173141 5.48311e-18)
(4.46018 0.173141 0)
(4.53982 0.173141 2.74155e-18)
(4.61945 0.173141 0)
(4.69909 0.173141 0)
(4.77873 0.173141 1.92766e-19)
(4.85836 0.173141 1.92766e-19)
(4.938 0.173141 0)
(5.01764 0.173141 0)
(5.09727 0.173141 2.54879e-18)
(5.17691 0.173141 0)
(5.25655 0.173141 2.74155e-18)
(5.33618 0.173141 0)
(5.41582 0.173141 2.74155e-18)
(5.49546 0.173141 -1.92766e-19)
(5.57509 0.173141 5.09758e-18)
(5.65473 0.173141 0)
(5.73437 0.173141 0)
(5.814 0.173141 0)
(5.89364 0.173141 -5.29034e-18)
(5.97328 0.173141 0)
(6.05291 0.173141 -1.92766e-19)
(6.13255 0.173141 0)
(6.21219 0.173141 0)
(6.29182 0.173141 -5.29034e-18)
(6.37146 0.173141 0)
(6.4511 0.173141 0)
(6.53073 0.173141 -5.09758e-18)
(6.61037 0.173141 0)
(6.69001 0.173141 2.74155e-18)
(6.76964 0.173141 -1.92766e-19)
(6.84928 0.173141 5.29034e-18)
(6.92892 0.173141 -1.92766e-19)
(7.00855 0.173141 0)
(7.08815 0.174477 0)
(7.16741 0.180453 1.92972e-19)
(7.24587 0.192886 1.93114e-19)
(7.32302 0.211374 -2.83973e-18)
(7.39851 0.235382 -2.92143e-18)
(7.47209 0.264326 -1.60886e-18)
(7.54363 0.297618 -6.29322e-18)
(7.61317 0.334603 -3.08941e-18)
(7.68095 0.374463 5.23221e-18)
(7.74735 0.416381 -7.12924e-18)
(7.81276 0.459698 2.14327e-18)
(7.87753 0.503876 6.05195e-18)
(7.94199 0.548474 1.88968e-18)
(8.00627 0.593299 -1.94237e-19)
(8.07032 0.638419 0)
(8.13403 0.683962 2.32851e-18)
(8.19729 0.730048 0)
(8.26002 0.776786 1.94617e-19)
(8.32224 0.82414 0)
(8.38435 0.871626 -2.60141e-18)
(8.44711 0.918346 5.57658e-18)
(8.51137 0.963195 -2.74346e-18)
(8.57813 1.00458 0)
(8.64853 1.03991 -2.48755e-18)
(8.72323 1.06562 0)
(8.8012 1.08018 1.93169e-19)
(8.88055 1.08567 2.54806e-18)
(8.96018 1.08657 0)
(0.0398003 1.09365 0)
(0.119393 1.09276 2.6518e-18)
(0.198711 1.08731 2.65783e-18)
(0.276658 1.07287 2.69498e-18)
(0.351359 1.04735 0)
(0.421798 1.0123 2.6445e-18)
(0.488621 0.971234 3.81254e-19)
(0.552966 0.926733 5.18443e-18)
(0.615823 0.880375 2.88695e-18)
(0.678036 0.833258 1.90636e-19)
(0.740347 0.786271 2.46252e-18)
(0.803171 0.739896 4.31373e-18)
(0.866531 0.694166 2.05653e-18)
(0.930328 0.648976 1.91103e-19)
(0.99446 0.604207 -2.08167e-18)
(1.05882 0.559729 -3.83395e-18)
(1.12336 0.515477 0)
(1.18821 0.471641 0)
(1.2537 0.42866 0)
(1.32017 0.387067 1.55701e-18)
(1.388 0.347517 1.91699e-19)
(1.45758 0.310818 0)
(1.52915 0.277784 2.92276e-18)
(1.60274 0.249065 -2.63218e-18)
(1.67822 0.225242 -2.93834e-18)
(1.75536 0.206897 -2.88205e-18)
(1.83379 0.194561 5.12135e-18)
(1.91302 0.188632 -2.84254e-18)
(1.99258 0.187306 -2.84536e-18)
(2.07218 0.187306 0)
(2.15178 0.187306 -1.92767e-19)
(2.23138 0.187306 -1.92767e-19)
(2.31098 0.187306 -2.6526e-18)
(2.39058 0.187306 -2.84536e-18)
(2.47018 0.187306 -1.92767e-19)
(2.54978 0.187306 1.92767e-19)
(2.62938 0.187306 -2.84536e-18)
(2.70898 0.187306 0)
(2.78859 0.187306 1.92767e-19)
(2.86819 0.187306 -1.92767e-19)
(2.94779 0.187306 0)
(3.02739 0.187306 0)
(3.10699 0.187306 -5.30519e-18)
(3.18659 0.187306 -2.45983e-18)
(3.26619 0.187306 -1.92767e-19)
(3.34579 0.187306 -2.6526e-18)
(3.42539 0.187306 5.30519e-18)
(3.50499 0.187306 0)
(3.58459 0.187306 0)
(3.66419 0.187306 0)
(3.74379 0.187306 -2.45983e-18)
(3.82339 0.187306 0)
(3.90299 0.187306 4.91966e-18)
(3.9826 0.187306 -2.45983e-18)
(4.0622 0.187306 -5.30519e-18)
(4.1418 0.187306 2.6526e-18)
(4.2214 0.187306 0)
(4.301 0.187306 1.92767e-19)
(4.3806 0.187306 2.84536e-18)
(4.4602 0.187306 0)
(4.5398 0.187306 0)
(4.6194 0.187306 2.84536e-18)
(4.699 0.187306 2.45983e-18)
(4.7786 0.187306 0)
(4.8582 0.187306 0)
(4.9378 0.187306 0)
(5.0174 0.187306 0)
(5.09701 0.187306 -2.45983e-18)
(5.17661 0.187306 0)
(5.25621 0.187306 0)
(5.33581 0.187306 0)
(5.41541 0.187306 -5.11243e-18)
(5.49501 0.187306 0)
(5.57461 0.187306 1.92767e-19)
(5.65421 0.187306 1.92767e-19)
(5.73381 0.187306 -2.6526e-18)
(5.81341 0.187306 -2.6526e-18)
(5.89301 0.187306 0)
(5.97261 0.187306 0)
(6.05221 0.187306 0)
(6.13181 0.187306 0)
(6.21141 0.187306 -5.11243e-18)
(6.29102 0.187306 2.45983e-18)
(6.37062 0.187306 -2.6526e-18)
(6.45022 0.187306 1.92767e-19)
(6.52982 0.187306 2.6526e-18)
(6.60942 0.187306 -2.45983e-18)
(6.68902 0.187306 0)
(6.76862 0.187306 0)
(6.84822 0.187306 2.6526e-18)
(6.92782 0.187306 0)
(7.00742 0.187306 2.6526e-18)
(7.08698 0.188632 1.92826e-19)
(7.16621 0.194561 -2.4644e-18)
(7.24464 0.206897 0)
(7.32178 0.225242 -5.49411e-18)
(7.39726 0.249065 -2.82556e-18)
(7.47085 0.277784 5.46156e-18)
(7.54242 0.310818 0)
(7.612 0.347517 -3.17307e-18)
(7.67983 0.387067 1.93875e-19)
(7.7463 0.42866 0)
(7.81179 0.471641 1.69192e-18)
(7.87664 0.515477 0)
(7.94118 0.559729 1.82135e-18)
(8.00554 0.604207 -1.94234e-19)
(8.06967 0.648976 -2.16267e-18)
(8.13347 0.694166 -6.55838e-18)
(8.19683 0.739896 0)
(8.25965 0.786271 0)
(8.32196 0.833258 0)
(8.38418 0.880375 -2.50584e-18)
(8.44703 0.926733 2.98188e-18)
(8.51138 0.971234 0)
(8.5782 1.0123 -2.6445e-18)
(8.64864 1.04735 0)
(8.72334 1.07287 -2.69677e-18)
(8.80129 1.08731 1.93169e-19)
(8.88061 1.09276 -1.92846e-19)
(8.9602 1.09365 1.92767e-19)
(0.0397817 1.10099 0)
(0.119337 1.10011 -7.5053e-18)
(0.198621 1.09471 0)
(0.276544 1.08038 1.91859e-19)
(0.351249 1.05507 2.87647e-18)
(0.421725 1.0203 -8.02842e-18)
(0.488614 0.979568 -5.28449e-18)
(0.553045 0.935427 0)
(0.616001 0.889445 0)
(0.678317 0.84271 -2.49798e-18)
(0.740731 0.796103 0)
(0.803654 0.750103 6.80713e-18)
(0.867107 0.704744 -1.98169e-18)
(0.930995 0.65992 1.89691e-18)
(0.995215 0.615514 1.82198e-18)
(1.05966 0.571396 0)
(1.12429 0.527502 1.88516e-18)
(1.18922 0.484022 0)
(1.25478 0.441389 0)
(1.32132 0.400133 -1.69282e-18)
(1.38921 0.360903 -4.69301e-18)
(1.45883 0.324501 0)
(1.53043 0.291735 -1.91982e-19)
(1.60403 0.263248 0)
(1.67951 0.239619 0)
(1.75663 0.221422 0)
(1.83503 0.209186 7.52051e-18)
(1.91423 0.203305 0)
(1.99375 0.20199 0)
(2.07332 0.20199 1.92767e-19)
(2.15288 0.20199 2.37401e-18)
(2.23244 0.20199 1.92767e-19)
(2.31201 0.20199 0)
(2.39157 0.20199 0)
(2.47113 0.20199 -2.56678e-18)
(2.5507 0.20199 2.56678e-18)
(2.63026 0.20199 0)
(2.70982 0.20199 0)
(2.78939 0.20199 -1.92767e-19)
(2.86895 0.20199 -2.56678e-18)
(2.94851 0.20199 1.92767e-19)
(3.02808 0.20199 0)
(3.10764 0.20199 2.56678e-18)
(3.1872 0.20199 -2.37401e-18)
(3.26677 0.20199 0)
(3.34633 0.20199 4.9408e-18)
(3.42589 0.20199 0)
(3.50546 0.20199 0)
(3.58502 0.20199 4.9408e-18)
(3.66458 0.20199 0)
(3.74415 0.20199 0)
(3.82371 0.20199 0)
(3.90327 0.20199 0)
(3.98284 0.20199 2.37401e-18)
(4.0624 0.20199 -1.92767e-19)
(4.14196 0.20199 1.92767e-19)
(4.22153 0.20199 -2.37401e-18)
(4.30109 0.20199 2.37401e-18)
(4.38065 0.20199 0)
(4.46022 0.20199 0)
(4.53978 0.20199 -1.92767e-19)
(4.61935 0.20199 2.75955e-18)
(4.69891 0.20199 0)
(4.77847 0.20199 2.37401e-18)
(4.85804 0.20199 0)
(4.9376 0.20199 0)
(5.01716 0.20199 0)
(5.09673 0.20199 -7.50758e-18)
(5.17629 0.20199 0)
(5.25585 0.20199 0)
(5.33542 0.20199 0)
(5.41498 0.20199 -4.9408e-18)
(5.49454 0.20199 2.56678e-18)
(5.57411 0.20199 -7.31481e-18)
(5.65367 0.20199 1.92767e-19)
(5.73323 0.20199 -1.92767e-19)
(5.8128 0.20199 0)
(5.89236 0.20199 -2.56678e-18)
(5.97192 0.20199 0)
(6.05149 0.20199 -1.92767e-19)
(6.13105 0.20199 -1.92767e-19)
(6.21061 0.20199 2.75955e-18)
(6.29018 0.20199 -7.50758e-18)
(6.36974 0.20199 0)
(6.4493 0.20199 -2.56678e-18)
(6.52887 0.20199 -2.56678e-18)
(6.60843 0.20199 0)
(6.68799 0.20199 1.92767e-19)
(6.76756 0.20199 -7.50758e-18)
(6.84712 0.20199 2.37401e-18)
(6.92668 0.20199 0)
(7.00625 0.20199 0)
(7.08577 0.203305 0)
(7.16497 0.209186 -1.92974e-19)
(7.24337 0.221422 -7.61629e-18)
(7.32049 0.239619 -2.65765e-18)
(7.39597 0.263248 -2.5397e-18)
(7.46957 0.291735 0)
(7.54117 0.324501 1.93645e-19)
(7.61079 0.360903 1.63031e-18)
(7.67868 0.400133 0)
(7.74522 0.441389 -1.56635e-18)
(7.81078 0.484022 0)
(7.87571 0.527502 0)
(7.94034 0.571396 0)
(8.00479 0.615514 -1.82198e-18)
(8.06901 0.65992 -2.09121e-18)
(8.13289 0.704744 -1.94389e-19)
(8.19635 0.750103 0)
(8.25927 0.796103 2.18855e-18)
(8.32168 0.84271 -5.00415e-18)
(8.384 0.889445 1.9481e-19)
(8.44695 0.935427 -2.49706e-18)
(8.51139 0.979568 5.48339e-18)
(8.57828 1.0203 -1.94567e-19)
(8.64875 1.05507 5.37622e-18)
(8.72346 1.08038 -2.6087e-18)
(8.80138 1.09471 7.52423e-18)
(8.88066 1.10011 -1.92847e-19)
(8.96022 1.10099 0)
(0.0397624 1.10861 0)
(0.119279 1.10773 0)
(0.198527 1.10237 -2.29616e-18)
(0.276426 1.08817 2.52194e-18)
(0.351134 1.06307 0)
(0.421649 1.0286 -1.90854e-19)
(0.488607 0.988207 5.28898e-18)
(0.553128 0.94444 -5.19164e-18)
(0.616185 0.898847 0)
(0.678608 0.852508 1.90638e-19)
(0.741129 0.806295 -4.40734e-18)
(0.804154 0.760685 0)
(0.867705 0.71571 -1.71849e-18)
(0.931687 0.671266 -3.84706e-18)
(0.995998 0.627235 0)
(1.06054 0.583491 0)
(1.12525 0.539968 7.10429e-18)
(1.19026 0.496856 1.91382e-19)
(1.25591 0.454584 1.51e-18)
(1.32252 0.413677 -1.91577e-19)
(1.39047 0.374779 0)
(1.46013 0.338686 0)
(1.53176 0.306197 0)
(1.60538 0.277951 -1.92127e-19)
(1.68085 0.254522 1.92271e-19)
(1.75795 0.23648 -2.51832e-18)
(1.83632 0.224347 0)
(1.91549 0.218515 0)
(1.99497 0.217212 -2.484e-18)
(2.07449 0.217212 -2.29123e-18)
(2.15402 0.217212 -5.16077e-18)
(2.23354 0.217212 0)
(2.31307 0.217212 2.484e-18)
(2.39259 0.217212 0)
(2.47212 0.217212 2.29123e-18)
(2.55164 0.217212 -1.92768e-19)
(2.63117 0.217212 -1.92768e-19)
(2.71069 0.217212 0)
(2.79022 0.217212 0)
(2.86974 0.217212 1.92768e-19)
(2.94927 0.217212 0)
(3.02879 0.217212 1.92768e-19)
(3.10832 0.217212 -1.92768e-19)
(3.18784 0.217212 4.77523e-18)
(3.26737 0.217212 -1.92768e-19)
(3.34689 0.217212 -2.29123e-18)
(3.42642 0.217212 0)
(3.50594 0.217212 1.92768e-19)
(3.58546 0.217212 -1.92768e-19)
(3.66499 0.217212 -7.25924e-18)
(3.74451 0.217212 7.25924e-18)
(3.82404 0.217212 1.92768e-19)
(3.90356 0.217212 4.77523e-18)
(3.98309 0.217212 -1.92768e-19)
(4.06261 0.217212 7.25924e-18)
(4.14214 0.217212 0)
(4.22166 0.217212 -1.92768e-19)
(4.30119 0.217212 -2.29123e-18)
(4.38071 0.217212 0)
(4.46024 0.217212 -5.16077e-18)
(4.53976 0.217212 0)
(4.61929 0.217212 -2.67677e-18)
(4.69881 0.217212 -2.484e-18)
(4.77834 0.217212 -1.92768e-19)
(4.85786 0.217212 0)
(4.93739 0.217212 7.25924e-18)
(5.01691 0.217212 1.92768e-19)
(5.09644 0.217212 0)
(5.17596 0.217212 -2.29123e-18)
(5.25549 0.217212 2.484e-18)
(5.33501 0.217212 0)
(5.41454 0.217212 0)
(5.49406 0.217212 -2.29123e-18)
(5.57358 0.217212 2.29123e-18)
(5.65311 0.217212 7.25924e-18)
(5.73263 0.217212 0)
(5.81216 0.217212 -4.968e-18)
(5.89168 0.217212 -4.77523e-18)
(5.97121 0.217212 -2.29123e-18)
(6.05073 0.217212 0)
(6.13026 0.217212 -4.968e-18)
(6.20978 0.217212 7.25924e-18)
(6.28931 0.217212 0)
(6.36883 0.217212 0)
(6.44836 0.217212 -1.92768e-19)
(6.52788 0.217212 -2.484e-18)
(6.60741 0.217212 -2.29123e-18)
(6.68693 0.217212 7.25924e-18)
(6.76646 0.217212 0)
(6.84598 0.217212 7.25924e-18)
(6.92551 0.217212 4.77523e-18)
(7.00503 0.217212 4.77523e-18)
(7.08451 0.218515 -1.92828e-19)
(7.16368 0.224347 7.27264e-18)
(7.24205 0.23648 0)
(7.31915 0.254522 5.14282e-18)
(7.39462 0.277951 0)
(7.46824 0.306197 1.93516e-19)
(7.53987 0.338686 -2.84341e-18)
(7.60953 0.374779 0)
(7.67748 0.413677 0)
(7.74409 0.454584 0)
(7.80974 0.496856 -1.57205e-18)
(7.87475 0.539968 -1.8267e-18)
(7.93946 0.583491 5.26978e-18)
(8.004 0.627235 -1.94228e-19)
(8.06831 0.671266 4.04455e-18)
(8.13229 0.71571 1.9095e-18)
(8.19585 0.760685 -2.1967e-18)
(8.25887 0.806295 -1.94603e-19)
(8.32139 0.852508 0)
(8.38382 0.898847 0)
(8.44687 0.94444 2.6001e-18)
(8.51139 0.988207 -4.90772e-18)
(8.57835 1.0286 -2.45669e-18)
(8.64887 1.06307 1.94191e-19)
(8.72357 1.08817 1.93649e-19)
(8.80147 1.10237 0)
(8.88072 1.10773 2.09769e-18)
(8.96024 1.10861 0)
(0.0397424 1.1165 4.61555e-18)
(0.119219 1.11562 2.40339e-18)
(0.19843 1.11032 0)
(0.276304 1.09624 -2.43997e-18)
(0.351015 1.07136 -2.51042e-18)
(0.42157 1.03719 4.73549e-18)
(0.488599 0.997163 2.36408e-18)
(0.553213 0.953783 4.82404e-18)
(0.616376 0.908594 -2.42955e-18)
(0.678911 0.862664 -2.33118e-18)
(0.741541 0.816861 0)
(0.804672 0.771655 3.85794e-18)
(0.868325 0.727077 -1.83987e-18)
(0.932404 0.683026 0)
(0.996809 0.639385 -7.15101e-18)
(1.06144 0.596029 6.90467e-18)
(1.12624 0.552891 0)
(1.19135 0.510161 0)
(1.25707 0.468263 0)
(1.32376 0.427718 0)
(1.39177 0.389164 -1.91698e-19)
(1.46148 0.35339 -1.91837e-19)
(1.53314 0.321188 2.64376e-18)
(1.60677 0.293193 7.47755e-18)
(1.68224 0.269971 0)
(1.75932 0.252088 4.87436e-18)
(1.83766 0.240063 -2.40816e-18)
(1.91679 0.234283 0)
(1.99623 0.232991 5.00106e-18)
(2.07572 0.232991 0)
(2.1552 0.232991 1.92769e-19)
(2.23468 0.232991 0)
(2.31417 0.232991 0)
(2.39365 0.232991 0)
(2.47314 0.232991 0)
(2.55262 0.232991 -7.21244e-18)
(2.63211 0.232991 0)
(2.71159 0.232991 -5.00106e-18)
(2.79108 0.232991 0)
(2.87056 0.232991 -2.40415e-18)
(2.95005 0.232991 0)
(3.02953 0.232991 1.92769e-19)
(3.10902 0.232991 0)
(3.1885 0.232991 -4.61553e-18)
(3.26799 0.232991 0)
(3.34747 0.232991 2.21138e-18)
(3.42696 0.232991 0)
(3.50644 0.232991 -2.40415e-18)
(3.58593 0.232991 0)
(3.66541 0.232991 -1.92769e-19)
(3.74489 0.232991 0)
(3.82438 0.232991 -1.92769e-19)
(3.90386 0.232991 -1.92769e-19)
(3.98335 0.232991 0)
(4.06283 0.232991 0)
(4.14232 0.232991 -1.92769e-19)
(4.2218 0.232991 0)
(4.30129 0.232991 4.61553e-18)
(4.38077 0.232991 -1.92769e-19)
(4.46026 0.232991 0)
(4.53974 0.232991 0)
(4.61923 0.232991 -2.40415e-18)
(4.69871 0.232991 0)
(4.7782 0.232991 4.61553e-18)
(4.85768 0.232991 0)
(4.93717 0.232991 2.40415e-18)
(5.01665 0.232991 0)
(5.09614 0.232991 1.92769e-19)
(5.17562 0.232991 0)
(5.25511 0.232991 0)
(5.33459 0.232991 0)
(5.41407 0.232991 1.92769e-19)
(5.49356 0.232991 1.92769e-19)
(5.57304 0.232991 2.40415e-18)
(5.65253 0.232991 0)
(5.73201 0.232991 0)
(5.8115 0.232991 0)
(5.89098 0.232991 -1.92769e-19)
(5.97047 0.232991 0)
(6.04995 0.232991 0)
(6.12944 0.232991 -4.61553e-18)
(6.20892 0.232991 2.40415e-18)
(6.28841 0.232991 1.92769e-19)
(6.36789 0.232991 0)
(6.44738 0.232991 1.92769e-19)
(6.52686 0.232991 0)
(6.60635 0.232991 0)
(6.68583 0.232991 0)
(6.76532 0.232991 0)
(6.8448 0.232991 0)
(6.92428 0.232991 -1.92769e-19)
(7.00377 0.232991 0)
(7.08321 0.234283 -4.80375e-18)
(7.16234 0.240063 4.62417e-18)
(7.24068 0.252088 -1.93118e-19)
(7.31776 0.269971 0)
(7.39323 0.293193 5.11564e-18)
(7.46686 0.321188 0)
(7.53852 0.35339 1.93644e-19)
(7.60823 0.389164 0)
(7.67624 0.427718 1.39555e-18)
(7.74293 0.468263 0)
(7.80865 0.510161 1.94042e-19)
(7.87376 0.552891 1.94109e-19)
(7.93856 0.596029 -3.45525e-18)
(8.00319 0.639385 5.46493e-18)
(8.0676 0.683026 0)
(8.13168 0.727077 1.83987e-18)
(8.19533 0.771655 -6.17588e-18)
(8.25846 0.816861 -6.28722e-18)
(8.32109 0.862664 1.94719e-19)
(8.38362 0.908594 2.43379e-18)
(8.44679 0.953783 0)
(8.5114 0.997163 -2.75359e-18)
(8.57843 1.03719 2.56231e-18)
(8.64899 1.07136 5.02666e-18)
(8.7237 1.09624 1.9365e-19)
(8.80157 1.11032 2.60231e-18)
(8.88078 1.11562 0)
(8.96026 1.1165 0)
(0.0397216 1.12467 4.36509e-18)
(0.119157 1.12381 1.9269e-19)
(0.19833 1.11855 -4.66193e-18)
(0.276178 1.1046 -1.91859e-19)
(0.350892 1.07996 2.42763e-18)
(0.421488 1.04611 -2.4728e-18)
(0.488592 1.00645 0)
(0.553301 0.963469 0)
(0.616574 0.918698 9.00624e-18)
(0.679224 0.873193 0)
(0.741969 0.827814 6.05938e-18)
(0.80521 0.783026 0)
(0.868967 0.738861 1.96372e-18)
(0.933147 0.695218 0)
(0.997651 0.651981 -2.01304e-18)
(1.06238 0.609026 0)
(1.12727 0.566288 -1.91307e-19)
(1.19247 0.523953 0)
(1.25828 0.482442 1.59467e-18)
(1.32504 0.442273 0)
(1.39312 0.404076 1.06891e-17)
(1.46288 0.368633 0)
(1.53457 0.336729 1.91982e-19)
(1.60821 0.308993 2.47354e-18)
(1.68368 0.285986 0)
(1.76074 0.268269 -4.5254e-18)
(1.83905 0.256355 4.66205e-18)
(1.91814 0.250629 -6.78181e-18)
(1.99754 0.249348 2.32712e-18)
(2.07698 0.249348 -6.78858e-18)
(2.15642 0.249348 4.26869e-18)
(2.23587 0.249348 0)
(2.31531 0.249348 -2.32712e-18)
(2.39475 0.249348 -2.32712e-18)
(2.4742 0.249348 2.32712e-18)
(2.55364 0.249348 0)
(2.63308 0.249348 0)
(2.71253 0.249348 2.32712e-18)
(2.79197 0.249348 0)
(2.87141 0.249348 0)
(2.95086 0.249348 0)
(3.0303 0.249348 -6.78858e-18)
(3.10974 0.249348 -1.9277e-19)
(3.18919 0.249348 0)
(3.26863 0.249348 -2.32712e-18)
(3.34807 0.249348 -2.32712e-18)
(3.42752 0.249348 1.9277e-19)
(3.50696 0.249348 -1.9277e-19)
(3.5864 0.249348 0)
(3.66585 0.249348 0)
(3.74529 0.249348 0)
(3.82473 0.249348 0)
(3.90418 0.249348 1.9277e-19)
(3.98362 0.249348 -4.46146e-18)
(4.06306 0.249348 1.9277e-19)
(4.14251 0.249348 4.65423e-18)
(4.22195 0.249348 1.9277e-19)
(4.30139 0.249348 4.847e-18)
(4.38084 0.249348 -2.13435e-18)
(4.46028 0.249348 4.847e-18)
(4.53972 0.249348 -4.46146e-18)
(4.61916 0.249348 -2.13435e-18)
(4.69861 0.249348 0)
(4.77805 0.249348 1.9277e-19)
(4.85749 0.249348 0)
(4.93694 0.249348 1.9277e-19)
(5.01638 0.249348 -4.65423e-18)
(5.09582 0.249348 1.9277e-19)
(5.17527 0.249348 6.98135e-18)
(5.25471 0.249348 -4.26869e-18)
(5.33415 0.249348 2.51989e-18)
(5.4136 0.249348 -4.26869e-18)
(5.49304 0.249348 0)
(5.57248 0.249348 1.9277e-19)
(5.65193 0.249348 2.32712e-18)
(5.73137 0.249348 4.65423e-18)
(5.81081 0.249348 4.847e-18)
(5.89026 0.249348 1.9277e-19)
(5.9697 0.249348 0)
(6.04914 0.249348 1.9277e-19)
(6.12859 0.249348 -2.32712e-18)
(6.20803 0.249348 1.9277e-19)
(6.28747 0.249348 4.65423e-18)
(6.36692 0.249348 -4.26869e-18)
(6.44636 0.249348 -4.46146e-18)
(6.5258 0.249348 -2.13435e-18)
(6.60525 0.249348 -4.46146e-18)
(6.68469 0.249348 1.9277e-19)
(6.76413 0.249348 -2.32712e-18)
(6.84358 0.249348 1.9277e-19)
(6.92302 0.249348 2.13435e-18)
(7.00246 0.249348 0)
(7.08186 0.250629 -6.58921e-18)
(7.16095 0.256355 1.92977e-19)
(7.23926 0.268269 2.35961e-18)
(7.31632 0.285986 1.93255e-19)
(7.39179 0.308993 -4.56283e-18)
(7.46543 0.336729 0)
(7.53712 0.368633 2.85236e-18)
(7.60688 0.404076 0)
(7.67496 0.442273 0)
(7.74172 0.482442 1.59716e-18)
(7.80753 0.523953 1.9404e-19)
(7.87273 0.566288 -3.22709e-18)
(7.93762 0.609026 5.10249e-18)
(8.00235 0.651981 -1.94222e-19)
(8.06685 0.695218 1.69735e-18)
(8.13103 0.738861 0)
(8.19479 0.783026 1.94477e-19)
(8.25803 0.827814 0)
(8.32078 0.873193 -2.25626e-18)
(8.38343 0.918698 -2.35107e-18)
(8.4467 0.963469 -2.42617e-18)
(8.51141 1.00645 2.27749e-18)
(8.57851 1.04611 -2.4765e-18)
(8.64911 1.07996 0)
(8.72382 1.1046 0)
(8.80167 1.11855 2.33178e-18)
(8.88084 1.12381 1.92849e-19)
(8.96028 1.12467 -6.78858e-18)
(0.0397001 1.13315 4.21647e-18)
(0.119093 1.1323 0)
(0.198225 1.12709 -4.32031e-18)
(0.276046 1.11327 1.90092e-18)
(0.350764 1.08887 0)
(0.421404 1.05535 4.39835e-18)
(0.488584 1.01607 -2.38459e-18)
(0.553393 0.973509 6.63754e-18)
(0.616779 0.929172 1.90558e-19)
(0.679549 0.884108 0)
(0.742412 0.839168 2.07495e-18)
(0.805767 0.794814 3.58036e-18)
(0.869633 0.751077 0)
(0.933918 0.707856 -1.44438e-18)
(0.998523 0.665038 3.33391e-18)
(1.06335 0.622499 0)
(1.12834 0.580175 -1.65281e-18)
(1.19364 0.53825 -1.91381e-19)
(1.25953 0.497141 2.51377e-18)
(1.32638 0.457361 3.16913e-18)
(1.39452 0.419534 5.16056e-18)
(1.46433 0.384434 0)
(1.53605 0.35284 4.56363e-18)
(1.60971 0.325372 2.39346e-18)
(1.68517 0.302588 2.32956e-18)
(1.76221 0.285042 -1.92419e-19)
(1.84049 0.273244 -4.32066e-18)
(1.91954 0.267573 2.25064e-18)
(1.99889 0.266305 2.25281e-18)
(2.07829 0.266305 -2.06004e-18)
(2.15769 0.266305 2.25281e-18)
(2.23709 0.266305 2.25281e-18)
(2.31649 0.266305 -1.92771e-19)
(2.39589 0.266305 -2.25281e-18)
(2.4753 0.266305 0)
(2.5547 0.266305 0)
(2.6341 0.266305 -2.25281e-18)
(2.7135 0.266305 -1.92771e-19)
(2.7929 0.266305 -1.92771e-19)
(2.8723 0.266305 -4.50562e-18)
(2.9517 0.266305 1.92771e-19)
(3.0311 0.266305 4.69839e-18)
(3.1105 0.266305 0)
(3.1899 0.266305 -1.92771e-19)
(3.2693 0.266305 -4.50562e-18)
(3.3487 0.266305 -2.25281e-18)
(3.4281 0.266305 0)
(3.5075 0.266305 -1.92771e-19)
(3.5869 0.266305 -2.25281e-18)
(3.6663 0.266305 2.25281e-18)
(3.7457 0.266305 -1.92771e-19)
(3.8251 0.266305 4.31285e-18)
(3.9045 0.266305 0)
(3.9839 0.266305 -1.92771e-19)
(4.0633 0.266305 -4.50562e-18)
(4.1427 0.266305 0)
(4.2221 0.266305 -4.50562e-18)
(4.3015 0.266305 -4.50562e-18)
(4.3809 0.266305 2.06004e-18)
(4.4603 0.266305 -6.75843e-18)
(4.5397 0.266305 -4.50562e-18)
(4.6191 0.266305 2.25281e-18)
(4.6985 0.266305 2.25281e-18)
(4.7779 0.266305 -2.25281e-18)
(4.8573 0.266305 4.69839e-18)
(4.9367 0.266305 -4.50562e-18)
(5.0161 0.266305 -6.75843e-18)
(5.0955 0.266305 2.25281e-18)
(5.1749 0.266305 -6.56566e-18)
(5.2543 0.266305 -2.25281e-18)
(5.3337 0.266305 -6.9512e-18)
(5.4131 0.266305 -6.56566e-18)
(5.4925 0.266305 -6.75843e-18)
(5.5719 0.266305 0)
(5.6513 0.266305 -4.50562e-18)
(5.7307 0.266305 0)
(5.8101 0.266305 -2.25281e-18)
(5.8895 0.266305 -4.50562e-18)
(5.9689 0.266305 0)
(6.0483 0.266305 -2.25281e-18)
(6.1277 0.266305 -6.75843e-18)
(6.2071 0.266305 -4.50562e-18)
(6.2865 0.266305 4.31285e-18)
(6.3659 0.266305 -4.50562e-18)
(6.4453 0.266305 -6.75843e-18)
(6.5247 0.266305 -6.56566e-18)
(6.60411 0.266305 -6.75843e-18)
(6.68351 0.266305 -2.25281e-18)
(6.76291 0.266305 4.31285e-18)
(6.84231 0.266305 -2.25281e-18)
(6.92171 0.266305 2.25281e-18)
(7.00111 0.266305 0)
(7.08046 0.267573 4.30869e-18)
(7.15951 0.273244 0)
(7.23779 0.285042 0)
(7.31483 0.302588 0)
(7.39029 0.325372 0)
(7.46395 0.35284 -4.75714e-18)
(7.53567 0.384434 -4.94883e-18)
(7.60548 0.419534 -2.6782e-18)
(7.67362 0.457361 2.5944e-18)
(7.74047 0.497141 0)
(7.80636 0.53825 1.60171e-18)
(7.87166 0.580175 1.65561e-18)
(7.93665 0.622499 -3.41697e-18)
(8.00148 0.665038 0)
(8.06608 0.707856 0)
(8.13037 0.751077 7.22041e-18)
(8.19423 0.794814 -1.98465e-18)
(8.25759 0.839168 0)
(8.32045 0.884108 1.98535e-18)
(8.38322 0.929172 -1.94786e-19)
(8.44661 0.973509 -4.4928e-18)
(8.51142 1.01607 -9.16533e-18)
(8.5786 1.05535 1.94555e-19)
(8.64924 1.08887 2.35069e-18)
(8.72395 1.11327 6.47197e-18)
(8.80177 1.12709 -4.32113e-18)
(8.88091 1.1323 -1.9285e-19)
(8.9603 1.13315 -2.06004e-18)
(0.0396778 1.14194 0)
(0.119026 1.14109 -2.1804e-18)
(0.198117 1.13594 0)
(0.27591 1.12227 -2.40292e-18)
(0.350632 1.09811 0)
(0.421316 1.06492 -2.50105e-18)
(0.488575 1.02605 -4.22679e-18)
(0.553488 0.983917 -1.90548e-19)
(0.616992 0.940029 -6.18922e-18)
(0.679885 0.895422 1.72123e-18)
(0.742872 0.850938 1.81471e-18)
(0.806344 0.807033 0)
(0.870324 0.76374 0)
(0.934717 0.720957 0)
(0.999427 0.678573 -1.51415e-18)
(1.06436 0.636465 -1.91247e-19)
(1.12945 0.59457 1.59977e-18)
(1.19484 0.55307 -3.09619e-18)
(1.26083 0.512379 -1.91471e-19)
(1.32776 0.473002 5.38563e-18)
(1.39597 0.435558 -1.91698e-19)
(1.46584 0.400814 0)
(1.53759 0.36954 0)
(1.61126 0.342351 2.31621e-18)
(1.68671 0.319798 0)
(1.76374 0.30243 1.92419e-19)
(1.84198 0.290751 -2.18483e-18)
(1.92099 0.285138 -6.15178e-18)
(2.0003 0.283883 4.36226e-18)
(2.07965 0.283883 0)
(2.15901 0.283883 2.18113e-18)
(2.23837 0.283883 0)
(2.31772 0.283883 0)
(2.39708 0.283883 1.92772e-19)
(2.47643 0.283883 1.92772e-19)
(2.55579 0.283883 1.92772e-19)
(2.63514 0.283883 0)
(2.7145 0.283883 0)
(2.79385 0.283883 0)
(2.87321 0.283883 0)
(2.95257 0.283883 1.92772e-19)
(3.03192 0.283883 1.92772e-19)
(3.11128 0.283883 4.36226e-18)
(3.19063 0.283883 0)
(3.26999 0.283883 -4.16949e-18)
(3.34934 0.283883 1.92772e-19)
(3.4287 0.283883 -1.92772e-19)
(3.50806 0.283883 4.36226e-18)
(3.58741 0.283883 0)
(3.66677 0.283883 0)
(3.74612 0.283883 -4.16949e-18)
(3.82548 0.283883 1.92772e-19)
(3.90483 0.283883 4.16949e-18)
(3.98419 0.283883 4.36226e-18)
(4.06354 0.283883 0)
(4.1429 0.283883 0)
(4.22226 0.283883 0)
(4.30161 0.283883 0)
(4.38097 0.283883 0)
(4.46032 0.283883 0)
(4.53968 0.283883 1.92772e-19)
(4.61903 0.283883 -1.92772e-19)
(4.69839 0.283883 0)
(4.77774 0.283883 0)
(4.8571 0.283883 0)
(4.93646 0.283883 -1.92772e-19)
(5.01581 0.283883 -2.18113e-18)
(5.09517 0.283883 2.18113e-18)
(5.17452 0.283883 2.56667e-18)
(5.25388 0.283883 1.92772e-19)
(5.33323 0.283883 2.18113e-18)
(5.41259 0.283883 0)
(5.49194 0.283883 0)
(5.5713 0.283883 4.16949e-18)
(5.65066 0.283883 0)
(5.73001 0.283883 0)
(5.80937 0.283883 0)
(5.88872 0.283883 0)
(5.96808 0.283883 0)
(6.04743 0.283883 0)
(6.12679 0.283883 -1.92772e-19)
(6.20615 0.283883 0)
(6.2855 0.283883 0)
(6.36486 0.283883 0)
(6.44421 0.283883 0)
(6.52357 0.283883 0)
(6.60292 0.283883 0)
(6.68228 0.283883 0)
(6.76163 0.283883 0)
(6.84099 0.283883 2.18113e-18)
(6.92035 0.283883 0)
(6.9997 0.283883 0)
(7.07901 0.285138 0)
(7.15802 0.290751 -1.92979e-19)
(7.23626 0.30243 4.22942e-18)
(7.31329 0.319798 0)
(7.38874 0.342351 2.12408e-18)
(7.46241 0.36954 0)
(7.53416 0.400814 4.9737e-18)
(7.60403 0.435558 0)
(7.67224 0.473002 -5.00248e-18)
(7.73917 0.512379 -2.60765e-18)
(7.80516 0.55307 0)
(7.87055 0.59457 0)
(7.93564 0.636465 -4.57201e-18)
(8.00057 0.678573 -3.22252e-18)
(8.06528 0.720957 1.94286e-19)
(8.12968 0.76374 1.83979e-18)
(8.19366 0.807033 1.72445e-18)
(8.25713 0.850938 0)
(8.32011 0.895422 0)
(8.38301 0.940029 -6.19344e-18)
(8.44651 0.983917 0)
(8.51142 1.02605 1.94737e-19)
(8.57868 1.06492 6.35802e-18)
(8.64937 1.09811 4.35312e-18)
(8.72409 1.12227 0)
(8.80188 1.13594 0)
(8.88097 1.14109 -6.54168e-18)
(8.96032 1.14194 0)
(0.0396547 1.15105 -2.01561e-18)
(0.118957 1.15021 0)
(0.198005 1.14511 -2.11491e-18)
(0.275769 1.13159 1.9186e-19)
(0.350494 1.10769 -2.19643e-18)
(0.421225 1.07485 2.04233e-18)
(0.488567 1.03639 -2.03568e-18)
(0.553587 0.994706 0)
(0.617212 0.951284 -6.3477e-18)
(0.680234 0.907151 1.84099e-18)
(0.743348 0.863139 -3.87696e-18)
(0.806943 0.819701 0)
(0.871039 0.776867 0)
(0.935545 0.734539 0)
(1.00036 0.692604 -6.21824e-18)
(1.0654 0.650944 0)
(1.1306 0.609493 0)
(1.19609 0.568434 0)
(1.26218 0.528175 1.91471e-19)
(1.32919 0.489216 -2.41137e-18)
(1.39748 0.452169 -2.50181e-18)
(1.4674 0.417795 1.91837e-19)
(1.53918 0.386852 -4.43929e-18)
(1.61286 0.359952 -4.48337e-18)
(1.68831 0.337638 1.99057e-18)
(1.76532 0.320455 0)
(1.84352 0.3089 2.11559e-18)
(1.92249 0.303346 -1.92714e-19)
(2.00176 0.302104 -2.11198e-18)
(2.08107 0.302104 1.92772e-19)
(2.16037 0.302104 0)
(2.23968 0.302104 -4.03119e-18)
(2.31899 0.302104 -4.22397e-18)
(2.3983 0.302104 0)
(2.47761 0.302104 0)
(2.55692 0.302104 2.11198e-18)
(2.63623 0.302104 -1.92772e-19)
(2.71554 0.302104 0)
(2.79485 0.302104 0)
(2.87416 0.302104 0)
(2.95347 0.302104 2.11198e-18)
(3.03278 0.302104 0)
(3.11209 0.302104 2.11198e-18)
(3.1914 0.302104 0)
(3.27071 0.302104 0)
(3.35001 0.302104 0)
(3.42932 0.302104 2.11198e-18)
(3.50863 0.302104 0)
(3.58794 0.302104 -6.14318e-18)
(3.66725 0.302104 0)
(3.74656 0.302104 0)
(3.82587 0.302104 1.92772e-19)
(3.90518 0.302104 1.91921e-18)
(3.98449 0.302104 0)
(4.0638 0.302104 2.11198e-18)
(4.14311 0.302104 0)
(4.22242 0.302104 1.92772e-19)
(4.30173 0.302104 0)
(4.38104 0.302104 1.92772e-19)
(4.46035 0.302104 -4.22397e-18)
(4.53965 0.302104 4.22397e-18)
(4.61896 0.302104 1.92772e-19)
(4.69827 0.302104 2.11198e-18)
(4.77758 0.302104 1.92772e-19)
(4.85689 0.302104 0)
(4.9362 0.302104 2.11198e-18)
(5.01551 0.302104 0)
(5.09482 0.302104 -4.22397e-18)
(5.17413 0.302104 0)
(5.25344 0.302104 1.92772e-19)
(5.33275 0.302104 -4.22397e-18)
(5.41206 0.302104 1.92772e-19)
(5.49137 0.302104 0)
(5.57068 0.302104 1.92772e-19)
(5.64999 0.302104 0)
(5.72929 0.302104 2.11198e-18)
(5.8086 0.302104 -4.22397e-18)
(5.88791 0.302104 1.92772e-19)
(5.96722 0.302104 0)
(6.04653 0.302104 -1.91921e-18)
(6.12584 0.302104 4.22397e-18)
(6.20515 0.302104 0)
(6.28446 0.302104 -2.11198e-18)
(6.36377 0.302104 0)
(6.44308 0.302104 1.92772e-19)
(6.52239 0.302104 2.11198e-18)
(6.6017 0.302104 2.11198e-18)
(6.68101 0.302104 0)
(6.76032 0.302104 2.11198e-18)
(6.83963 0.302104 0)
(6.91893 0.302104 -1.91921e-18)
(6.99824 0.302104 -4.22397e-18)
(7.07751 0.303346 -1.92832e-19)
(7.15648 0.3089 0)
(7.23468 0.320455 -2.14101e-18)
(7.31169 0.337638 -6.16496e-18)
(7.38714 0.359952 -4.2925e-18)
(7.46082 0.386852 -6.758e-18)
(7.5326 0.417795 0)
(7.60252 0.452169 0)
(7.67081 0.489216 -5.0166e-18)
(7.73782 0.528175 2.51352e-18)
(7.80391 0.568434 0)
(7.8694 0.609493 0)
(7.9346 0.650944 5.81891e-18)
(7.99964 0.692604 -6.2243e-18)
(8.06446 0.734539 0)
(8.12896 0.776867 -1.77951e-18)
(8.19306 0.819701 -2.04998e-18)
(8.25665 0.863139 -1.94228e-18)
(8.31977 0.907151 0)
(8.38279 0.951284 1.92534e-18)
(8.44641 0.994706 0)
(8.51143 1.03639 2.03568e-18)
(8.57878 1.07485 4.08466e-18)
(8.64951 1.10769 0)
(8.72423 1.13159 -1.75457e-18)
(8.80199 1.14511 0)
(8.88104 1.15021 5.94856e-18)
(8.96035 1.15105 6.14318e-18)
(0.0396307 1.1605 -9.63999e-20)
(0.118885 1.15967 0)
(0.197889 1.15463 1.92362e-19)
(0.275623 1.14125 0)
(0.350352 1.11761 2.31602e-18)
(0.421131 1.08515 1.96804e-18)
(0.488558 1.04711 -4.11209e-18)
(0.553689 1.00589 -4.02863e-18)
(0.617441 0.962952 -1.90562e-19)
(0.680596 0.91931 1.77263e-18)
(0.743842 0.875787 0)
(0.807564 0.832832 1.7908e-18)
(0.871781 0.790475 -3.054e-18)
(0.936403 0.748617 3.11654e-18)
(1.00134 0.70715 0)
(1.06648 0.665952 0)
(1.13179 0.624963 -5.42311e-18)
(1.19739 0.584361 0)
(1.26358 0.544549 0)
(1.33068 0.506023 4.84093e-18)
(1.39904 0.469389 2.22754e-18)
(1.46901 0.435397 0)
(1.54083 0.404799 -2.24072e-18)
(1.61453 0.378198 0)
(1.68998 0.356132 0)
(1.76695 0.33914 -1.92421e-19)
(1.84513 0.327714 -1.85623e-18)
(1.92405 0.322221 -4.08685e-18)
(2.00327 0.320994 0)
(2.08253 0.320994 2.04528e-18)
(2.16179 0.320994 0)
(2.24105 0.320994 0)
(2.32031 0.320994 1.92773e-19)
(2.39957 0.320994 -1.92773e-19)
(2.47883 0.320994 0)
(2.5581 0.320994 -2.04528e-18)
(2.63736 0.320994 -3.89779e-18)
(2.71662 0.320994 0)
(2.79588 0.320994 -3.70502e-18)
(2.87514 0.320994 0)
(2.9544 0.320994 -2.04528e-18)
(3.03366 0.320994 -1.92773e-19)
(3.11293 0.320994 2.04528e-18)
(3.19219 0.320994 0)
(3.27145 0.320994 -1.92773e-19)
(3.35071 0.320994 3.89779e-18)
(3.42997 0.320994 2.04528e-18)
(3.50923 0.320994 0)
(3.58849 0.320994 -2.04528e-18)
(3.66776 0.320994 1.92773e-19)
(3.74702 0.320994 0)
(3.82628 0.320994 0)
(3.90554 0.320994 2.04528e-18)
(3.9848 0.320994 0)
(4.06406 0.320994 -4.09056e-18)
(4.14332 0.320994 0)
(4.22259 0.320994 0)
(4.30185 0.320994 -3.70502e-18)
(4.38111 0.320994 0)
(4.46037 0.320994 0)
(4.53963 0.320994 -3.70502e-18)
(4.61889 0.320994 2.04528e-18)
(4.69815 0.320994 0)
(4.77741 0.320994 0)
(4.85668 0.320994 -3.89779e-18)
(4.93594 0.320994 7.98835e-18)
(5.0152 0.320994 -1.92773e-19)
(5.09446 0.320994 0)
(5.17372 0.320994 1.92773e-19)
(5.25298 0.320994 -1.92773e-19)
(5.33224 0.320994 1.92773e-19)
(5.41151 0.320994 2.04528e-18)
(5.49077 0.320994 -3.89779e-18)
(5.57003 0.320994 0)
(5.64929 0.320994 2.04528e-18)
(5.72855 0.320994 -1.85251e-18)
(5.80781 0.320994 -5.7503e-18)
(5.88707 0.320994 -2.04528e-18)
(5.96634 0.320994 0)
(6.0456 0.320994 0)
(6.12486 0.320994 2.04528e-18)
(6.20412 0.320994 0)
(6.28338 0.320994 0)
(6.36264 0.320994 5.94307e-18)
(6.4419 0.320994 2.04528e-18)
(6.52117 0.320994 0)
(6.60043 0.320994 -1.92773e-19)
(6.67969 0.320994 0)
(6.75895 0.320994 -2.04528e-18)
(6.83821 0.320994 5.94307e-18)
(6.91747 0.320994 -5.94307e-18)
(6.99673 0.320994 0)
(7.07595 0.322221 0)
(7.15487 0.327714 2.04921e-18)
(7.23305 0.33914 5.83346e-18)
(7.31002 0.356132 0)
(7.38547 0.378198 0)
(7.45917 0.404799 -1.93517e-19)
(7.53099 0.435397 0)
(7.60096 0.469389 -4.64884e-18)
(7.66932 0.506023 1.93863e-19)
(7.73642 0.544549 0)
(7.80261 0.584361 0)
(7.86821 0.624963 5.62e-18)
(7.93352 0.665952 0)
(7.99866 0.70715 0)
(8.0636 0.748617 0)
(8.12822 0.790475 -1.527e-18)
(8.19244 0.832832 -1.94458e-19)
(8.25616 0.875787 1.87765e-18)
(8.3194 0.91931 -1.57794e-18)
(8.38256 0.962952 0)
(8.44631 1.00589 1.91904e-18)
(8.51144 1.04711 -1.96073e-18)
(8.57887 1.08515 -6.29322e-18)
(8.64965 1.11761 0)
(8.72438 1.14125 3.7595e-18)
(8.80211 1.15463 0)
(8.88111 1.15967 5.94134e-18)
(8.96037 1.1605 1.92773e-19)
(0.0396058 1.17029 -3.67273e-18)
(0.118811 1.16947 0)
(0.197769 1.16448 0)
(0.275472 1.15126 2.00556e-18)
(0.350205 1.1279 0)
(0.421033 1.09582 6.07087e-18)
(0.488548 1.05822 2.07906e-18)
(0.553795 1.01748 1.90551e-19)
(0.617678 0.975047 5.73529e-18)
(0.680971 0.931914 0)
(0.744354 0.888899 -1.0106e-17)
(0.808207 0.846444 1.35002e-18)
(0.87255 0.804581 0)
(0.937293 0.763212 -1.60027e-18)
(1.00234 0.722228 -2.70878e-18)
(1.0676 0.681511 5.60479e-18)
(1.13303 0.641 -5.424e-18)
(1.19874 0.600871 -1.91381e-19)
(1.26502 0.561523 -2.52659e-18)
(1.33222 0.523447 -2.43262e-18)
(1.40065 0.48724 0)
(1.47069 0.453644 0)
(1.54255 0.423403 0)
(1.61626 0.397112 0)
(1.6917 0.375303 2.23858e-18)
(1.76865 0.358509 3.82188e-18)
(1.84679 0.347217 3.96873e-18)
(1.92566 0.341788 1.97918e-18)
(2.00483 0.340575 -1.78816e-18)
(2.08404 0.340575 0)
(2.16325 0.340575 0)
(2.24247 0.340575 -1.92774e-19)
(2.32168 0.340575 0)
(2.40089 0.340575 0)
(2.4801 0.340575 0)
(2.55931 0.340575 -1.92774e-19)
(2.63853 0.340575 0)
(2.71774 0.340575 1.98094e-18)
(2.79695 0.340575 1.98094e-18)
(2.87616 0.340575 1.92774e-19)
(2.95537 0.340575 1.98094e-18)
(3.03458 0.340575 0)
(3.1138 0.340575 0)
(3.19301 0.340575 -1.92774e-19)
(3.27222 0.340575 0)
(3.35143 0.340575 3.7691e-18)
(3.43064 0.340575 0)
(3.50985 0.340575 0)
(3.58907 0.340575 -1.92774e-19)
(3.66828 0.340575 0)
(3.74749 0.340575 0)
(3.8267 0.340575 1.92774e-19)
(3.90591 0.340575 0)
(3.98512 0.340575 0)
(4.06434 0.340575 -1.78816e-18)
(4.14355 0.340575 0)
(4.22276 0.340575 -3.96188e-18)
(4.30197 0.340575 1.59539e-18)
(4.38118 0.340575 1.92774e-19)
(4.46039 0.340575 1.59539e-18)
(4.53961 0.340575 -1.78816e-18)
(4.61882 0.340575 -3.96188e-18)
(4.69803 0.340575 -1.92774e-19)
(4.77724 0.340575 5.94282e-18)
(4.85645 0.340575 3.96188e-18)
(4.93566 0.340575 3.96188e-18)
(5.01488 0.340575 0)
(5.09409 0.340575 1.59539e-18)
(5.1733 0.340575 -3.96188e-18)
(5.25251 0.340575 3.7691e-18)
(5.33172 0.340575 0)
(5.41093 0.340575 1.59539e-18)
(5.49015 0.340575 0)
(5.56936 0.340575 5.94282e-18)
(5.64857 0.340575 -1.92774e-19)
(5.72778 0.340575 0)
(5.80699 0.340575 1.92774e-19)
(5.8862 0.340575 3.96188e-18)
(5.96542 0.340575 0)
(6.04463 0.340575 1.59539e-18)
(6.12384 0.340575 1.92774e-19)
(6.20305 0.340575 -1.92774e-19)
(6.28226 0.340575 -1.92774e-19)
(6.36147 0.340575 0)
(6.44069 0.340575 -1.92774e-19)
(6.5199 0.340575 5.94282e-18)
(6.59911 0.340575 1.92774e-19)
(6.67832 0.340575 -1.92774e-19)
(6.75753 0.340575 5.94282e-18)
(6.83675 0.340575 3.96188e-18)
(6.91596 0.340575 1.92774e-19)
(6.99517 0.340575 1.92774e-19)
(7.07434 0.341788 1.92835e-19)
(7.15321 0.347217 0)
(7.23135 0.358509 -3.82259e-18)
(7.3083 0.375303 -7.6094e-18)
(7.38374 0.397112 1.9339e-19)
(7.45745 0.423403 -1.93517e-19)
(7.52931 0.453644 -2.4448e-18)
(7.59935 0.48724 2.34165e-18)
(7.66778 0.523447 7.30473e-18)
(7.73498 0.561523 0)
(7.80126 0.600871 -1.94027e-19)
(7.86697 0.641 0)
(7.9324 0.681511 0)
(7.99766 0.722228 -2.51458e-18)
(8.06271 0.763212 8.84352e-18)
(8.12745 0.804581 -6.27239e-18)
(8.19179 0.846444 6.55258e-18)
(8.25565 0.888899 -1.94566e-19)
(8.31903 0.931914 0)
(8.38232 0.975047 1.97948e-18)
(8.44621 1.01748 0)
(8.51145 1.05822 -3.77686e-18)
(8.57897 1.09582 0)
(8.6498 1.1279 1.94182e-19)
(8.72453 1.15126 -1.8137e-18)
(8.80223 1.16448 0)
(8.88119 1.16947 -3.76794e-18)
(8.96039 1.17029 -3.7691e-18)
(0.0395801 1.18044 5.27469e-18)
(0.118734 1.17963 0)
(0.197644 1.1747 -5.57053e-18)
(0.275315 1.16164 5.44182e-18)
(0.350052 1.13857 -5.58412e-18)
(0.420931 1.10688 -5.86352e-18)
(0.488539 1.06974 7.8467e-18)
(0.553904 1.0295 -1.90553e-19)
(0.617924 0.987585 0)
(0.68136 0.944979 0)
(0.744885 0.90249 0)
(0.808874 0.860555 6.12702e-18)
(0.873347 0.819204 6.04932e-18)
(0.938216 0.778341 0)
(1.00339 0.737858 0)
(1.06877 0.697639 -1.91247e-19)
(1.13431 0.657624 0)
(1.20013 0.617985 0)
(1.26652 0.579119 2.44209e-18)
(1.33381 0.541509 0)
(1.40233 0.505745 0)
(1.47242 0.472559 2.17627e-18)
(1.54432 0.442688 -1.91983e-19)
(1.61805 0.416719 0)
(1.69348 0.395177 1.98164e-18)
(1.77041 0.378589 0)
(1.84851 0.367434 -3.65185e-18)
(1.92734 0.362072 3.64169e-18)
(2.00645 0.360873 0)
(2.08561 0.360873 1.92775e-19)
(2.16477 0.360873 0)
(2.24393 0.360873 0)
(2.3231 0.360873 -3.64497e-18)
(2.40226 0.360873 3.64497e-18)
(2.48142 0.360873 -1.92775e-19)
(2.56058 0.360873 3.64497e-18)
(2.63974 0.360873 -3.45219e-18)
(2.7189 0.360873 -3.64497e-18)
(2.79806 0.360873 3.64497e-18)
(2.87722 0.360873 0)
(2.95638 0.360873 -1.91887e-18)
(3.03554 0.360873 0)
(3.1147 0.360873 -5.56384e-18)
(3.19386 0.360873 0)
(3.27302 0.360873 1.92775e-19)
(3.35218 0.360873 0)
(3.43134 0.360873 0)
(3.5105 0.360873 1.91887e-18)
(3.58966 0.360873 0)
(3.66882 0.360873 0)
(3.74798 0.360873 -1.92775e-19)
(3.82714 0.360873 0)
(3.9063 0.360873 0)
(3.98546 0.360873 -7.28994e-18)
(4.06462 0.360873 0)
(4.14378 0.360873 -3.64497e-18)
(4.22294 0.360873 0)
(4.3021 0.360873 5.56384e-18)
(4.38126 0.360873 1.92775e-19)
(4.46042 0.360873 0)
(4.53958 0.360873 0)
(4.61874 0.360873 0)
(4.6979 0.360873 0)
(4.77706 0.360873 0)
(4.85622 0.360873 0)
(4.93538 0.360873 0)
(5.01454 0.360873 7.28994e-18)
(5.0937 0.360873 0)
(5.17286 0.360873 0)
(5.25202 0.360873 -3.64497e-18)
(5.33118 0.360873 0)
(5.41034 0.360873 0)
(5.4895 0.360873 -3.64497e-18)
(5.56866 0.360873 0)
(5.64782 0.360873 0)
(5.72698 0.360873 0)
(5.80614 0.360873 0)
(5.8853 0.360873 -3.64497e-18)
(5.96446 0.360873 0)
(6.04362 0.360873 0)
(6.12278 0.360873 0)
(6.20194 0.360873 0)
(6.2811 0.360873 5.75662e-18)
(6.36026 0.360873 0)
(6.43942 0.360873 -3.64497e-18)
(6.51858 0.360873 0)
(6.59774 0.360873 0)
(6.6769 0.360873 0)
(6.75607 0.360873 0)
(6.83523 0.360873 0)
(6.91439 0.360873 0)
(6.99355 0.360873 -1.91887e-18)
(7.07266 0.362072 0)
(7.15149 0.367434 3.65226e-18)
(7.22959 0.378589 -1.93125e-19)
(7.30652 0.395177 0)
(7.38195 0.416719 0)
(7.45568 0.442688 -1.93518e-19)
(7.52758 0.472559 0)
(7.59767 0.505745 0)
(7.66619 0.541509 -4.51462e-18)
(7.73348 0.579119 1.93948e-19)
(7.79987 0.617985 1.94024e-19)
(7.86569 0.657624 -2.42885e-18)
(7.93123 0.697639 0)
(7.99661 0.737858 2.80393e-18)
(8.06178 0.778341 2.90927e-18)
(8.12665 0.819204 -3.028e-18)
(8.19113 0.860555 0)
(8.25512 0.90249 1.36607e-18)
(8.31864 0.944979 -1.83778e-18)
(8.38208 0.987585 9.17495e-18)
(8.4461 1.0295 -1.97379e-18)
(8.51146 1.06974 -1.62398e-18)
(8.57907 1.10688 -7.69815e-18)
(8.64995 1.13857 -1.94181e-19)
(8.72469 1.16164 -3.69362e-18)
(8.80236 1.1747 0)
(8.88127 1.17963 -3.64382e-18)
(8.96042 1.18044 1.92775e-19)
(0.0395534 1.19096 8.62033e-18)
(0.118654 1.19016 0)
(0.197514 1.1853 -1.92364e-19)
(0.275152 1.17241 -3.76077e-18)
(0.349893 1.14963 -5.58235e-18)
(0.420826 1.11834 0)
(0.488529 1.08169 1.75144e-18)
(0.554018 1.04196 0)
(0.618178 1.00058 0)
(0.681763 0.958524 1.90647e-19)
(0.745435 0.91658 6.20134e-18)
(0.809565 0.875183 -1.90904e-19)
(0.874174 0.834363 2.92031e-18)
(0.939172 0.794024 0)
(1.00447 0.754061 0)
(1.06997 0.714358 0)
(1.13563 0.674856 0)
(1.20157 0.635727 -2.44682e-18)
(1.26808 0.59736 -2.36059e-18)
(1.33547 0.560232 1.91575e-19)
(1.40407 0.524927 2.18864e-18)
(1.47422 0.492168 1.91394e-18)
(1.54616 0.46268 -2.0315e-18)
(1.6199 0.437044 -3.74591e-18)
(1.69533 0.415779 -1.72698e-18)
(1.77224 0.399403 1.88325e-18)
(1.85029 0.388392 0)
(1.92907 0.383099 0)
(2.00814 0.381915 1.66622e-18)
(2.08724 0.381915 0)
(2.16635 0.381915 0)
(2.24546 0.381915 -5.38422e-18)
(2.32456 0.381915 0)
(2.40367 0.381915 0)
(2.48278 0.381915 0)
(2.56188 0.381915 0)
(2.64099 0.381915 0)
(2.7201 0.381915 -3.52522e-18)
(2.7992 0.381915 -3.52522e-18)
(2.87831 0.381915 0)
(2.95742 0.381915 -1.66622e-18)
(3.03652 0.381915 0)
(3.11563 0.381915 0)
(3.19474 0.381915 0)
(3.27385 0.381915 -3.52522e-18)
(3.35295 0.381915 -3.52522e-18)
(3.43206 0.381915 1.859e-18)
(3.51117 0.381915 1.859e-18)
(3.59027 0.381915 -1.66622e-18)
(3.66938 0.381915 0)
(3.74849 0.381915 0)
(3.82759 0.381915 0)
(3.9067 0.381915 0)
(3.98581 0.381915 -7.24322e-18)
(4.06491 0.381915 0)
(4.14402 0.381915 0)
(4.22313 0.381915 5.38422e-18)
(4.30223 0.381915 -3.52522e-18)
(4.38134 0.381915 -1.92776e-19)
(4.46045 0.381915 1.859e-18)
(4.53955 0.381915 -1.859e-18)
(4.61866 0.381915 0)
(4.69777 0.381915 0)
(4.77687 0.381915 -1.66622e-18)
(4.85598 0.381915 0)
(4.93509 0.381915 0)
(5.01419 0.381915 1.92776e-19)
(5.0933 0.381915 0)
(5.17241 0.381915 -1.859e-18)
(5.25151 0.381915 0)
(5.33062 0.381915 3.52522e-18)
(5.40973 0.381915 5.38422e-18)
(5.48883 0.381915 0)
(5.56794 0.381915 -1.859e-18)
(5.64705 0.381915 1.92776e-19)
(5.72615 0.381915 0)
(5.80526 0.381915 1.859e-18)
(5.88437 0.381915 -1.92776e-19)
(5.96348 0.381915 0)
(6.04258 0.381915 3.52522e-18)
(6.12169 0.381915 0)
(6.2008 0.381915 -1.859e-18)
(6.2799 0.381915 1.92776e-19)
(6.35901 0.381915 0)
(6.43812 0.381915 0)
(6.51722 0.381915 1.859e-18)
(6.59633 0.381915 0)
(6.67544 0.381915 5.577e-18)
(6.75454 0.381915 0)
(6.83365 0.381915 0)
(6.91276 0.381915 -1.92776e-19)
(6.99186 0.381915 1.92776e-19)
(7.07093 0.383099 3.52224e-18)
(7.14971 0.388392 3.53235e-18)
(7.22776 0.399403 1.88395e-18)
(7.30467 0.415779 1.93262e-19)
(7.3801 0.437044 0)
(7.45384 0.46268 0)
(7.52578 0.492168 0)
(7.59593 0.524927 -1.93757e-19)
(7.66453 0.560232 2.08256e-18)
(7.73192 0.59736 -4.72613e-18)
(7.79843 0.635727 0)
(7.86437 0.674856 -2.53435e-18)
(7.93003 0.714358 0)
(7.99553 0.754061 0)
(8.06083 0.794024 0)
(8.12583 0.834363 -8.57658e-18)
(8.19043 0.875183 0)
(8.25456 0.91658 0)
(8.31824 0.958524 0)
(8.38182 1.00058 1.84867e-18)
(8.44598 1.04196 0)
(8.51147 1.08169 0)
(8.57917 1.11834 0)
(8.65011 1.14963 -3.66071e-18)
(8.72485 1.17241 0)
(8.80249 1.1853 -1.9318e-19)
(8.88135 1.19016 -3.71695e-18)
(8.96045 1.19096 0)
(0.0395257 1.20186 -9.64041e-20)
(0.118571 1.20108 1.92697e-19)
(0.19738 1.19628 -5.21612e-18)
(0.274983 1.18356 0)
(0.349729 1.16109 1.86247e-18)
(0.420717 1.13023 -3.39257e-18)
(0.488519 1.09407 1.87721e-18)
(0.554136 1.05488 -1.83933e-18)
(0.618442 1.01406 1.78256e-18)
(0.682181 0.972564 0)
(0.746005 0.931186 3.08421e-18)
(0.810282 0.890347 0)
(0.87503 0.850077 1.91013e-19)
(0.940163 0.810282 -2.71033e-18)
(1.00559 0.770857 -1.91182e-19)
(1.07122 0.73169 0)
(1.13701 0.692721 0)
(1.20307 0.654119 0)
(1.26969 0.616269 0)
(1.33718 0.579641 -4.20657e-18)
(1.40587 0.544812 0)
(1.47609 0.512495 -2.03777e-18)
(1.54807 0.483404 1.91983e-19)
(1.62182 0.458114 1.71464e-18)
(1.69725 0.437135 0)
(1.77413 0.42098 -1.63213e-18)
(1.85214 0.410117 1.80442e-18)
(1.93087 0.404896 3.40679e-18)
(2.00988 0.403728 3.60249e-18)
(2.08893 0.403728 0)
(2.16798 0.403728 -1.92778e-19)
(2.24703 0.403728 1.92778e-19)
(2.32609 0.403728 0)
(2.40514 0.403728 6.81942e-18)
(2.48419 0.403728 -1.80124e-18)
(2.56324 0.403728 0)
(2.64229 0.403728 0)
(2.72134 0.403728 0)
(2.80039 0.403728 0)
(2.87945 0.403728 0)
(2.9585 0.403728 0)
(3.03755 0.403728 6.81942e-18)
(3.1166 0.403728 1.80124e-18)
(3.19565 0.403728 6.81942e-18)
(3.2747 0.403728 -1.80124e-18)
(3.35375 0.403728 0)
(3.43281 0.403728 0)
(3.51186 0.403728 0)
(3.59091 0.403728 0)
(3.66996 0.403728 6.62665e-18)
(3.74901 0.403728 0)
(3.82806 0.403728 0)
(3.90711 0.403728 1.92778e-19)
(3.98617 0.403728 -1.92778e-19)
(4.06522 0.403728 0)
(4.14427 0.403728 -6.62665e-18)
(4.22332 0.403728 0)
(4.30237 0.403728 -3.40971e-18)
(4.38142 0.403728 0)
(4.46047 0.403728 -6.62665e-18)
(4.53953 0.403728 6.62665e-18)
(4.61858 0.403728 0)
(4.69763 0.403728 0)
(4.77668 0.403728 0)
(4.85573 0.403728 6.62665e-18)
(4.93478 0.403728 -1.80124e-18)
(5.01383 0.403728 -3.40971e-18)
(5.09289 0.403728 0)
(5.17194 0.403728 -5.21096e-18)
(5.25099 0.403728 -5.21096e-18)
(5.33004 0.403728 -3.40971e-18)
(5.40909 0.403728 -5.21096e-18)
(5.48814 0.403728 5.21096e-18)
(5.56719 0.403728 0)
(5.64625 0.403728 0)
(5.7253 0.403728 1.92778e-19)
(5.80435 0.403728 0)
(5.8834 0.403728 -5.01818e-18)
(5.96245 0.403728 -1.92778e-19)
(6.0415 0.403728 1.92778e-19)
(6.12055 0.403728 0)
(6.19961 0.403728 1.92778e-19)
(6.27866 0.403728 0)
(6.35771 0.403728 1.92778e-19)
(6.43676 0.403728 0)
(6.51581 0.403728 1.80124e-18)
(6.59486 0.403728 -1.92778e-19)
(6.67391 0.403728 0)
(6.75297 0.403728 -1.92778e-19)
(6.83202 0.403728 -1.60847e-18)
(6.91107 0.403728 0)
(6.99012 0.403728 1.92778e-19)
(7.06913 0.404896 6.81381e-18)
(7.14786 0.410117 -1.80483e-18)
(7.22587 0.42098 0)
(7.30275 0.437135 3.52688e-18)
(7.37818 0.458114 -1.93392e-19)
(7.45193 0.483404 0)
(7.52391 0.512495 0)
(7.59413 0.544812 -1.93756e-19)
(7.66282 0.579641 4.20885e-18)
(7.73031 0.616269 2.0905e-18)
(7.79693 0.654119 2.56137e-18)
(7.86299 0.692721 0)
(7.92878 0.73169 -7.58814e-18)
(7.99441 0.770857 1.94193e-19)
(8.05984 0.810282 0)
(8.12497 0.850077 1.94342e-19)
(8.18972 0.890347 -2.9469e-18)
(8.25399 0.931186 1.64126e-18)
(8.31782 0.972564 4.76253e-18)
(8.38156 1.01406 0)
(8.44586 1.05488 -3.29756e-18)
(8.51148 1.09407 -1.49186e-18)
(8.57928 1.13023 -3.39257e-18)
(8.65027 1.16109 1.86537e-18)
(8.72502 1.18356 -1.93654e-19)
(8.80262 1.19628 -5.21775e-18)
(8.88143 1.20108 1.92857e-19)
(8.96047 1.20186 0)
(0.039497 1.21317 -4.75467e-18)
(0.118485 1.21239 0)
(0.197241 1.20767 0)
(0.274808 1.19513 -6.67186e-18)
(0.349559 1.17298 0)
(0.420604 1.14255 -3.45937e-18)
(0.488508 1.1069 0)
(0.554258 1.06827 -6.53899e-18)
(0.618716 1.02802 0)
(0.682614 0.987119 0)
(0.746597 0.946327 0)
(0.811025 0.906066 2.84128e-18)
(0.875918 0.866366 -2.72257e-18)
(0.941191 0.827135 2.61761e-18)
(1.00676 0.788269 2.52431e-18)
(1.07252 0.749657 0)
(1.13844 0.711239 2.3637e-18)
(1.20462 0.673184 4.37965e-18)
(1.27136 0.63587 1.91469e-19)
(1.33896 0.599762 -8.1235e-18)
(1.40773 0.565426 4.09634e-18)
(1.47802 0.533566 1.97217e-18)
(1.55004 0.504888 1.90405e-18)
(1.62382 0.479955 -1.92129e-19)
(1.69924 0.459274 1.41648e-18)
(1.77609 0.443348 -1.92424e-19)
(1.85406 0.432639 -1.92573e-19)
(1.93274 0.427491 1.5514e-18)
(2.01169 0.42634 -1.74553e-18)
(2.09068 0.42634 5.04382e-18)
(2.16968 0.42634 0)
(2.24867 0.42634 -3.29829e-18)
(2.32766 0.42634 6.59657e-18)
(2.40666 0.42634 0)
(2.48565 0.42634 0)
(2.56465 0.42634 0)
(2.64364 0.42634 0)
(2.72263 0.42634 5.04382e-18)
(2.80163 0.42634 0)
(2.88062 0.42634 0)
(2.95962 0.42634 -6.59657e-18)
(3.03861 0.42634 0)
(3.1176 0.42634 0)
(3.1966 0.42634 0)
(3.27559 0.42634 -1.92779e-19)
(3.35459 0.42634 0)
(3.43358 0.42634 0)
(3.51257 0.42634 0)
(3.59157 0.42634 6.59657e-18)
(3.67056 0.42634 0)
(3.74956 0.42634 0)
(3.82855 0.42634 -1.92779e-19)
(3.90754 0.42634 0)
(3.98654 0.42634 1.92779e-19)
(4.06553 0.42634 1.74553e-18)
(4.14453 0.42634 5.04382e-18)
(4.22352 0.42634 3.49107e-18)
(4.30251 0.42634 0)
(4.38151 0.42634 0)
(4.4605 0.42634 0)
(4.5395 0.42634 5.04382e-18)
(4.61849 0.42634 3.49107e-18)
(4.69749 0.42634 1.55275e-18)
(4.77648 0.42634 0)
(4.85547 0.42634 0)
(4.93447 0.42634 3.49107e-18)
(5.01346 0.42634 -1.92779e-19)
(5.09246 0.42634 -1.92779e-19)
(5.17145 0.42634 0)
(5.25044 0.42634 -3.29829e-18)
(5.32944 0.42634 1.35998e-18)
(5.40843 0.42634 0)
(5.48743 0.42634 -1.92779e-19)
(5.56642 0.42634 0)
(5.64541 0.42634 0)
(5.72441 0.42634 3.49107e-18)
(5.8034 0.42634 0)
(5.8824 0.42634 3.49107e-18)
(5.96139 0.42634 0)
(6.04038 0.42634 0)
(6.11938 0.42634 0)
(6.19837 0.42634 -3.29829e-18)
(6.27737 0.42634 3.29829e-18)
(6.35636 0.42634 0)
(6.43535 0.42634 -1.92779e-19)
(6.51435 0.42634 0)
(6.59334 0.42634 0)
(6.67234 0.42634 -1.74553e-18)
(6.75133 0.42634 -5.04382e-18)
(6.83032 0.42634 3.49107e-18)
(6.90932 0.42634 0)
(6.98831 0.42634 -3.29829e-18)
(7.06726 0.427491 3.29565e-18)
(7.14594 0.432639 3.3051e-18)
(7.22391 0.443348 0)
(7.30076 0.459274 -1.93264e-19)
(7.37618 0.479955 -1.84798e-18)
(7.44996 0.504888 3.61765e-18)
(7.52198 0.533566 0)
(7.59227 0.565426 -7.8134e-18)
(7.66104 0.599762 0)
(7.72864 0.63587 -2.40254e-18)
(7.79538 0.673184 -1.94015e-19)
(7.86156 0.711239 6.90533e-18)
(7.92748 0.749657 0)
(7.99324 0.788269 -4.86045e-18)
(8.05881 0.827135 1.94257e-19)
(8.12408 0.866366 0)
(8.18897 0.906066 0)
(8.2534 0.946327 0)
(8.31739 0.987119 1.46558e-18)
(8.38128 1.02802 -1.94729e-19)
(8.44574 1.06827 0)
(8.51149 1.1069 5.26139e-18)
(8.5794 1.14255 1.94525e-19)
(8.65044 1.17298 -6.63943e-18)
(8.72519 1.19513 -6.4818e-18)
(8.80276 1.20767 0)
(8.88151 1.21239 0)
(8.9605 1.21317 -1.92779e-19)
(0.0394673 1.22489 6.18886e-18)
(0.118396 1.22413 0)
(0.197097 1.21947 0)
(0.274627 1.20712 1.91861e-19)
(0.349382 1.1853 3.29838e-18)
(0.420487 1.15532 1.76528e-18)
(0.488497 1.1202 0)
(0.554385 1.08215 0)
(0.619 1.0425 1.9057e-19)
(0.683063 1.00221 0)
(0.74721 0.962022 6.12615e-18)
(0.811795 0.922362 0)
(0.876839 0.883253 2.62894e-18)
(0.942256 0.844606 0)
(1.00796 0.806319 0)
(1.07386 0.768281 2.35846e-18)
(1.13991 0.730436 -1.91306e-19)
(1.20623 0.692948 2.20912e-18)
(1.27309 0.65619 4.26594e-18)
(1.3408 0.620619 -5.97886e-18)
(1.40967 0.586795 1.78994e-18)
(1.48003 0.555409 -7.25189e-18)
(1.55209 0.527158 -1.84368e-18)
(1.62589 0.502597 0)
(1.7013 0.482224 -1.55276e-18)
(1.77812 0.466535 1.92425e-19)
(1.85605 0.455985 4.69929e-18)
(1.93467 0.450914 0)
(2.01356 0.44978 0)
(2.0925 0.44978 6.3816e-18)
(2.17143 0.44978 6.3816e-18)
(2.25037 0.44978 0)
(2.3293 0.44978 6.3816e-18)
(2.40824 0.44978 0)
(2.48717 0.44978 6.3816e-18)
(2.5661 0.44978 3.1908e-18)
(2.64504 0.44978 6.3816e-18)
(2.72397 0.44978 6.3816e-18)
(2.80291 0.44978 0)
(2.88184 0.44978 1.49901e-18)
(2.96078 0.44978 6.3816e-18)
(3.03971 0.44978 6.3816e-18)
(3.11865 0.44978 3.1908e-18)
(3.19758 0.44978 0)
(3.27651 0.44978 0)
(3.35545 0.44978 -3.1908e-18)
(3.43438 0.44978 6.3816e-18)
(3.51332 0.44978 6.3816e-18)
(3.59225 0.44978 6.3816e-18)
(3.67119 0.44978 8.0734e-18)
(3.75012 0.44978 6.3816e-18)
(3.82906 0.44978 0)
(3.90799 0.44978 3.1908e-18)
(3.98693 0.44978 -3.1908e-18)
(4.06586 0.44978 0)
(4.14479 0.44978 6.3816e-18)
(4.22373 0.44978 0)
(4.30266 0.44978 1.9278e-19)
(4.3816 0.44978 0)
(4.46053 0.44978 6.3816e-18)
(4.53947 0.44978 0)
(4.6184 0.44978 6.3816e-18)
(4.69734 0.44978 1.49901e-18)
(4.77627 0.44978 6.3816e-18)
(4.85521 0.44978 0)
(4.93414 0.44978 6.3816e-18)
(5.01307 0.44978 -1.9278e-19)
(5.09201 0.44978 0)
(5.17094 0.44978 0)
(5.24988 0.44978 0)
(5.32881 0.44978 1.69179e-18)
(5.40775 0.44978 0)
(5.48668 0.44978 6.3816e-18)
(5.56562 0.44978 0)
(5.64455 0.44978 -6.3816e-18)
(5.72349 0.44978 0)
(5.80242 0.44978 6.3816e-18)
(5.88135 0.44978 0)
(5.96029 0.44978 6.3816e-18)
(6.03922 0.44978 -1.9278e-19)
(6.11816 0.44978 0)
(6.19709 0.44978 0)
(6.27603 0.44978 6.3816e-18)
(6.35496 0.44978 0)
(6.4339 0.44978 6.3816e-18)
(6.51283 0.44978 6.3816e-18)
(6.59176 0.44978 0)
(6.6707 0.44978 6.3816e-18)
(6.74963 0.44978 0)
(6.82857 0.44978 6.3816e-18)
(6.9075 0.44978 6.3816e-18)
(6.98644 0.44978 0)
(7.06533 0.450914 1.69058e-18)
(7.14395 0.455985 0)
(7.22188 0.466535 -4.949e-18)
(7.2987 0.482224 0)
(7.37411 0.502597 0)
(7.44791 0.527158 1.84521e-18)
(7.51997 0.555409 -1.91069e-18)
(7.59033 0.586795 1.93753e-19)
(7.6592 0.620619 1.86524e-18)
(7.72691 0.65619 0)
(7.79377 0.692948 0)
(7.86009 0.730436 0)
(7.92614 0.768281 -1.94127e-19)
(7.99204 0.806319 0)
(8.05774 0.844606 -1.94252e-19)
(8.12316 0.883253 -4.87585e-18)
(8.1882 0.922362 1.94425e-19)
(8.25279 0.962022 -3.89066e-19)
(8.31694 1.00221 0)
(8.381 1.0425 1.94721e-19)
(8.44561 1.08215 4.77764e-18)
(8.5115 1.1202 0)
(8.57951 1.15532 -1.9452e-19)
(8.65062 1.1853 1.94175e-19)
(8.72537 1.20712 -3.22738e-18)
(8.8029 1.21947 0)
(8.8816 1.22413 1.69129e-18)
(8.96053 1.22489 0)
(0.0394364 1.23704 5.98149e-18)
(0.118304 1.23629 1.6393e-18)
(0.196947 1.2317 -1.92367e-19)
(0.274439 1.21954 0)
(0.349199 1.19807 0)
(0.420366 1.16856 0)
(0.488485 1.13399 0)
(0.554516 1.09653 0)
(0.619294 1.05751 0)
(0.683528 1.01785 -3.09632e-18)
(0.747845 0.978293 0)
(0.812594 0.939254 0)
(0.877793 0.900758 0)
(0.943361 0.862717 -4.50164e-18)
(1.00921 0.82503 0)
(1.07525 0.787588 4.36653e-18)
(1.14145 0.750337 2.2075e-18)
(1.2079 0.713436 0)
(1.27489 0.677254 -3.74187e-18)
(1.34271 0.642241 -1.98943e-18)
(1.41168 0.608946 0)
(1.48211 0.578053 0)
(1.55422 0.550244 0)
(1.62803 0.526068 6.54738e-18)
(1.70343 0.506014 -6.18725e-18)
(1.78023 0.490571 -1.92426e-19)
(1.85811 0.480187 0)
(1.93667 0.475195 -1.92723e-19)
(2.01551 0.474079 -1.92781e-19)
(2.09438 0.474079 1.63995e-18)
(2.17325 0.474079 6.17424e-18)
(2.25212 0.474079 0)
(2.331 0.474079 0)
(2.40987 0.474079 -1.63995e-18)
(2.48874 0.474079 0)
(2.56762 0.474079 -1.63995e-18)
(2.64649 0.474079 0)
(2.72536 0.474079 -1.63995e-18)
(2.80423 0.474079 6.17424e-18)
(2.88311 0.474079 0)
(2.96198 0.474079 6.17424e-18)
(3.04085 0.474079 0)
(3.11973 0.474079 0)
(3.1986 0.474079 -1.63995e-18)
(3.27747 0.474079 4.72707e-18)
(3.35634 0.474079 3.08712e-18)
(3.43522 0.474079 0)
(3.51409 0.474079 -1.63995e-18)
(3.59296 0.474079 4.72707e-18)
(3.67184 0.474079 0)
(3.75071 0.474079 0)
(3.82958 0.474079 0)
(3.90845 0.474079 0)
(3.98733 0.474079 -1.63995e-18)
(4.0662 0.474079 6.36702e-18)
(4.14507 0.474079 1.63995e-18)
(4.22395 0.474079 0)
(4.30282 0.474079 1.63995e-18)
(4.38169 0.474079 0)
(4.46056 0.474079 0)
(4.53944 0.474079 0)
(4.61831 0.474079 6.17424e-18)
(4.69718 0.474079 0)
(4.77605 0.474079 6.17424e-18)
(4.85493 0.474079 -1.92781e-19)
(4.9338 0.474079 0)
(5.01267 0.474079 0)
(5.09155 0.474079 -1.92781e-19)
(5.17042 0.474079 1.92781e-19)
(5.24929 0.474079 6.36702e-18)
(5.32816 0.474079 0)
(5.40704 0.474079 6.36702e-18)
(5.48591 0.474079 1.92781e-19)
(5.56478 0.474079 -1.44717e-18)
(5.64366 0.474079 -6.17424e-18)
(5.72253 0.474079 6.36702e-18)
(5.8014 0.474079 4.72707e-18)
(5.88027 0.474079 0)
(5.95915 0.474079 4.72707e-18)
(6.03802 0.474079 6.17424e-18)
(6.11689 0.474079 0)
(6.19577 0.474079 0)
(6.27464 0.474079 -1.92781e-19)
(6.35351 0.474079 3.2799e-18)
(6.43238 0.474079 1.92781e-19)
(6.51126 0.474079 6.36702e-18)
(6.59013 0.474079 4.53429e-18)
(6.669 0.474079 6.17424e-18)
(6.74788 0.474079 0)
(6.82675 0.474079 6.36702e-18)
(6.90562 0.474079 -1.92781e-19)
(6.98449 0.474079 1.63995e-18)
(7.06333 0.475195 1.92842e-19)
(7.14189 0.480187 -4.54397e-18)
(7.21977 0.490571 6.2592e-18)
(7.29657 0.506014 -2.99749e-18)
(7.37197 0.526068 -6.7433e-18)
(7.44578 0.550244 1.93518e-19)
(7.51789 0.578053 1.93639e-19)
(7.58832 0.608946 -3.45152e-18)
(7.65729 0.642241 -1.9385e-19)
(7.72511 0.677254 -3.93581e-18)
(7.7921 0.713436 -1.94008e-19)
(7.85855 0.750337 -1.9407e-19)
(7.92475 0.787588 6.45704e-18)
(7.99079 0.82503 0)
(8.05664 0.862717 0)
(8.12221 0.900758 0)
(8.18741 0.939254 0)
(8.25216 0.978293 0)
(8.31647 1.01785 0)
(8.38071 1.05751 0)
(8.44548 1.09653 3.33002e-18)
(8.51151 1.13399 0)
(8.57963 1.16856 1.94516e-19)
(8.6508 1.19807 -1.692e-18)
(8.72556 1.21954 1.93656e-19)
(8.80305 1.2317 0)
(8.8817 1.23629 -1.63946e-18)
(8.96056 1.23704 -1.92781e-19)
(0.0394045 1.24963 -1.49357e-18)
(0.118208 1.24889 0)
(0.196792 1.24439 -3.18121e-18)
(0.274244 1.23243 0)
(0.349009 1.2113 0)
(0.42024 1.18229 0)
(0.488473 1.14829 -1.8306e-18)
(0.554653 1.11145 1.2244e-18)
(0.619599 1.07307 2.7311e-18)
(0.684011 1.03406 -1.90653e-19)
(0.748503 0.995159 0)
(0.813421 0.956764 -2.74716e-18)
(0.878782 0.918904 1.91014e-19)
(0.944505 0.881491 -1.91105e-19)
(1.01051 0.844426 2.08491e-18)
(1.0767 0.807603 0)
(1.14303 0.770966 0)
(1.20963 0.734674 0)
(1.27675 0.699089 0)
(1.34469 0.664654 -1.91573e-19)
(1.41376 0.631909 1.91695e-19)
(1.48426 0.601526 1.59712e-18)
(1.55642 0.574176 0)
(1.63025 0.550399 -3.16588e-18)
(1.70565 0.530676 0)
(1.78241 0.515488 0)
(1.86025 0.505275 0)
(1.93875 0.500366 -4.38086e-18)
(2.01752 0.499268 5.97421e-18)
(2.09633 0.499268 0)
(2.17514 0.499268 1.20438e-18)
(2.25395 0.499268 -1.92782e-19)
(2.33275 0.499268 3.17989e-18)
(2.41156 0.499268 0)
(2.49037 0.499268 -1.20438e-18)
(2.56918 0.499268 0)
(2.64799 0.499268 1.92782e-19)
(2.7268 0.499268 -1.58994e-18)
(2.80561 0.499268 -8.76853e-18)
(2.88442 0.499268 1.92782e-19)
(2.96323 0.499268 -1.78273e-18)
(3.04203 0.499268 -1.58994e-18)
(3.12084 0.499268 0)
(3.19965 0.499268 0)
(3.27846 0.499268 -1.20438e-18)
(3.35727 0.499268 -1.92782e-19)
(3.43608 0.499268 0)
(3.51489 0.499268 0)
(3.5937 0.499268 4.38427e-18)
(3.67251 0.499268 0)
(3.75132 0.499268 0)
(3.83012 0.499268 0)
(3.90893 0.499268 -4.38427e-18)
(3.98774 0.499268 -1.58994e-18)
(4.06655 0.499268 0)
(4.14536 0.499268 0)
(4.22417 0.499268 0)
(4.30298 0.499268 0)
(4.38179 0.499268 -4.57705e-18)
(4.4606 0.499268 0)
(4.5394 0.499268 -8.76853e-18)
(4.61821 0.499268 0)
(4.69702 0.499268 1.92782e-19)
(4.77583 0.499268 0)
(4.85464 0.499268 0)
(4.93345 0.499268 0)
(5.01226 0.499268 0)
(5.09107 0.499268 0)
(5.16988 0.499268 0)
(5.24868 0.499268 0)
(5.32749 0.499268 0)
(5.4063 0.499268 0)
(5.48511 0.499268 0)
(5.56392 0.499268 0)
(5.64273 0.499268 7.37137e-18)
(5.72154 0.499268 0)
(5.80035 0.499268 0)
(5.87916 0.499268 0)
(5.95797 0.499268 0)
(6.03677 0.499268 1.92782e-19)
(6.11558 0.499268 0)
(6.19439 0.499268 -5.97421e-18)
(6.2732 0.499268 0)
(6.35201 0.499268 -4.38427e-18)
(6.43082 0.499268 0)
(6.50963 0.499268 0)
(6.58844 0.499268 0)
(6.66725 0.499268 -5.97421e-18)
(6.74605 0.499268 0)
(6.82486 0.499268 -1.58994e-18)
(6.90367 0.499268 0)
(6.98248 0.499268 -4.57705e-18)
(7.06125 0.500366 -1.92843e-19)
(7.13975 0.505275 0)
(7.21759 0.515488 -2.83483e-18)
(7.29435 0.530676 -1.83317e-18)
(7.36975 0.550399 6.14089e-18)
(7.44358 0.574176 0)
(7.51574 0.601526 4.985e-18)
(7.58624 0.631909 0)
(7.65531 0.664654 -1.92671e-18)
(7.72325 0.699089 -1.80287e-18)
(7.79037 0.734674 -3.74595e-18)
(7.85697 0.770966 0)
(7.9233 0.807603 2.205e-18)
(7.98949 0.844426 0)
(8.05549 0.881491 0)
(8.12122 0.918904 -2.2605e-18)
(8.18658 0.956764 -2.55976e-18)
(8.2515 0.995159 0)
(8.31599 1.03406 -1.94628e-19)
(8.3804 1.07307 0)
(8.44535 1.11145 -8.8792e-18)
(8.51153 1.14829 -1.94676e-19)
(8.57976 1.18229 1.94511e-19)
(8.65099 1.2113 -2.69399e-18)
(8.72576 1.23243 0)
(8.80321 1.24439 2.98966e-18)
(8.88179 1.24889 7.3687e-18)
(8.9606 1.24963 -1.58994e-18)
(0.0393713 1.26269 0)
(0.118109 1.26196 0)
(0.196632 1.25753 0)
(0.274042 1.24578 -1.91861e-19)
(0.348812 1.22503 1.39223e-18)
(0.42011 1.19651 3.1964e-18)
(0.488461 1.16311 -3.17165e-18)
(0.554794 1.12691 0)
(0.619915 1.0892 5.25556e-18)
(0.684511 1.05087 5.59997e-18)
(0.749186 1.01264 0)
(0.814279 0.974917 -4.74493e-18)
(0.879808 0.937715 2.36751e-18)
(0.945692 0.900953 4.74808e-18)
(1.01185 0.864533 2.19916e-18)
(1.07819 0.82835 1.91246e-19)
(1.14468 0.792351 0)
(1.21143 0.756691 1.99579e-18)
(1.27868 0.721725 1.91468e-19)
(1.34674 0.687889 -7.06383e-18)
(1.41591 0.655714 0)
(1.4865 0.625859 -1.91836e-19)
(1.5587 0.598985 0)
(1.63255 0.575621 0)
(1.70794 0.556241 0)
(1.78468 0.541318 -1.92428e-19)
(1.86246 0.531282 3.08904e-18)
(1.9409 0.526459 0)
(2.01961 0.52538 3.2762e-18)
(2.09835 0.52538 0)
(2.17709 0.52538 -5.78126e-18)
(2.25583 0.52538 2.69784e-18)
(2.33458 0.52538 5.78126e-18)
(2.41332 0.52538 0)
(2.49206 0.52538 -2.89063e-18)
(2.57081 0.52538 1.92784e-19)
(2.64955 0.52538 1.92784e-19)
(2.72829 0.52538 0)
(2.80703 0.52538 8.4791e-18)
(2.88578 0.52538 -1.92784e-19)
(2.96452 0.52538 0)
(3.04326 0.52538 1.92784e-19)
(3.122 0.52538 0)
(3.20075 0.52538 -2.89063e-18)
(3.27949 0.52538 -1.92784e-19)
(3.35823 0.52538 -8.4791e-18)
(3.43697 0.52538 1.92784e-19)
(3.51572 0.52538 5.58847e-18)
(3.59446 0.52538 0)
(3.6732 0.52538 1.92784e-19)
(3.75194 0.52538 1.92784e-19)
(3.83069 0.52538 -2.89063e-18)
(3.90943 0.52538 -2.89063e-18)
(3.98817 0.52538 -1.92784e-19)
(4.06692 0.52538 0)
(4.14566 0.52538 0)
(4.2244 0.52538 0)
(4.30314 0.52538 0)
(4.38189 0.52538 -1.92784e-19)
(4.46063 0.52538 -1.92784e-19)
(4.53937 0.52538 0)
(4.61811 0.52538 0)
(4.69686 0.52538 0)
(4.7756 0.52538 -1.92784e-19)
(4.85434 0.52538 0)
(4.93308 0.52538 0)
(5.01183 0.52538 -8.86467e-18)
(5.09057 0.52538 0)
(5.16931 0.52538 0)
(5.24806 0.52538 0)
(5.3268 0.52538 5.58847e-18)
(5.40554 0.52538 0)
(5.48428 0.52538 1.13697e-17)
(5.56303 0.52538 -5.78126e-18)
(5.64177 0.52538 0)
(5.72051 0.52538 5.78126e-18)
(5.79925 0.52538 0)
(5.878 0.52538 0)
(5.95674 0.52538 1.92784e-19)
(6.03548 0.52538 0)
(6.11422 0.52538 0)
(6.19297 0.52538 0)
(6.27171 0.52538 -1.11769e-17)
(6.35045 0.52538 0)
(6.42919 0.52538 0)
(6.50794 0.52538 0)
(6.58668 0.52538 0)
(6.66542 0.52538 -1.92784e-19)
(6.74417 0.52538 2.69784e-18)
(6.82291 0.52538 5.78126e-18)
(6.90165 0.52538 2.69784e-18)
(6.98039 0.52538 -1.92784e-19)
(7.0591 0.526459 -5.58436e-18)
(7.13754 0.531282 -1.92993e-19)
(7.21532 0.541318 1.93134e-19)
(7.29206 0.556241 0)
(7.36745 0.575621 0)
(7.4413 0.598985 1.48309e-18)
(7.5135 0.625859 0)
(7.58409 0.655714 1.41038e-18)
(7.65326 0.687889 -1.93845e-19)
(7.72132 0.721725 -1.93928e-19)
(7.78857 0.756691 -1.99842e-18)
(7.85532 0.792351 -6.19483e-18)
(7.92181 0.82835 -4.06782e-18)
(7.98815 0.864533 -2.20214e-18)
(8.05431 0.900953 2.28162e-18)
(8.12019 0.937715 0)
(8.18572 0.974917 2.27701e-18)
(8.25081 1.01264 0)
(8.31549 1.05087 0)
(8.38009 1.0892 -5.64495e-18)
(8.44521 1.12691 -1.94718e-19)
(8.51154 1.16311 4.18554e-18)
(8.57989 1.19651 -1.40734e-18)
(8.65119 1.22503 5.95727e-18)
(8.72596 1.24578 3.11284e-18)
(8.80337 1.25753 0)
(8.88189 1.26196 0)
(8.96063 1.26269 -2.89063e-18)
(0.039337 1.27622 5.40238e-18)
(0.118007 1.27551 -2.79638e-18)
(0.196465 1.27116 2.6061e-18)
(0.273833 1.25963 0)
(0.348609 1.23925 0)
(0.419975 1.21126 5.80391e-18)
(0.488448 1.17847 0)
(0.55494 1.14294 -3.00147e-18)
(0.620242 1.10592 0)
(0.685029 1.06829 2.6095e-18)
(0.749894 1.03077 0)
(0.815169 0.993734 -2.38273e-18)
(0.880871 0.957215 -1.91015e-19)
(0.946922 0.921128 -6.41217e-18)
(1.01324 0.885376 1.91182e-19)
(1.07975 0.849858 -1.6742e-18)
(1.14639 0.814519 0)
(1.21328 0.779514 -3.66795e-18)
(1.28068 0.74519 -7.07844e-18)
(1.34887 0.711975 0)
(1.41815 0.68039 -6.56946e-18)
(1.48881 0.651083 0)
(1.56107 0.624702 -1.6228e-18)
(1.63494 0.601768 -3.15368e-18)
(1.71032 0.582743 0)
(1.78702 0.568094 0)
(1.86476 0.558242 0)
(1.94313 0.553507 0)
(2.02177 0.552449 0)
(2.10044 0.552449 0)
(2.17912 0.552449 0)
(2.25779 0.552449 5.20956e-18)
(2.33647 0.552449 0)
(2.41514 0.552449 0)
(2.49381 0.552449 1.92785e-19)
(2.57249 0.552449 2.99035e-18)
(2.65116 0.552449 1.92785e-19)
(2.72984 0.552449 -5.40234e-18)
(2.80851 0.552449 1.92785e-19)
(2.88718 0.552449 0)
(2.96586 0.552449 0)
(3.04453 0.552449 0)
(3.12321 0.552449 -2.79756e-18)
(3.20188 0.552449 -2.99035e-18)
(3.28055 0.552449 0)
(3.35923 0.552449 1.92785e-19)
(3.4379 0.552449 0)
(3.51658 0.552449 8.19991e-18)
(3.59525 0.552449 5.59513e-18)
(3.67392 0.552449 2.99035e-18)
(3.7526 0.552449 0)
(3.83127 0.552449 0)
(3.90995 0.552449 0)
(3.98862 0.552449 -5.40234e-18)
(4.06729 0.552449 0)
(4.14597 0.552449 -1.92785e-19)
(4.22464 0.552449 0)
(4.30332 0.552449 0)
(4.38199 0.552449 0)
(4.46066 0.552449 -5.20956e-18)
(4.53934 0.552449 0)
(4.61801 0.552449 0)
(4.69668 0.552449 -5.40234e-18)
(4.77536 0.552449 1.92785e-19)
(4.85403 0.552449 -2.60478e-18)
(4.93271 0.552449 0)
(5.01138 0.552449 0)
(5.09005 0.552449 -2.79756e-18)
(5.16873 0.552449 0)
(5.2474 0.552449 -2.79756e-18)
(5.32608 0.552449 0)
(5.40475 0.552449 0)
(5.48342 0.552449 0)
(5.5621 0.552449 -5.01677e-18)
(5.64077 0.552449 1.92785e-19)
(5.71945 0.552449 0)
(5.79812 0.552449 -1.92785e-19)
(5.87679 0.552449 -5.20956e-18)
(5.95547 0.552449 -5.40234e-18)
(6.03414 0.552449 0)
(6.11282 0.552449 0)
(6.19149 0.552449 1.92785e-19)
(6.27016 0.552449 0)
(6.34884 0.552449 0)
(6.42751 0.552449 0)
(6.50619 0.552449 1.92785e-19)
(6.58486 0.552449 0)
(6.66353 0.552449 1.92785e-19)
(6.74221 0.552449 0)
(6.82088 0.552449 0)
(6.89956 0.552449 0)
(6.97823 0.552449 1.92785e-19)
(7.05687 0.553507 0)
(7.13524 0.558242 -5.60738e-18)
(7.21298 0.568094 -1.93136e-19)
(7.28968 0.582743 0)
(7.36506 0.601768 -3.15622e-18)
(7.43893 0.624702 -6.1103e-18)
(7.51119 0.651083 1.93637e-19)
(7.58185 0.68039 -1.93401e-18)
(7.65113 0.711975 1.80354e-18)
(7.71932 0.74519 0)
(7.78672 0.779514 0)
(7.85361 0.814519 -3.60412e-18)
(7.92025 0.849858 -2.05955e-18)
(7.98676 0.885376 1.94165e-19)
(8.05308 0.921128 -1.94231e-19)
(8.11913 0.957215 -2.09546e-18)
(8.18483 0.993734 0)
(8.25011 1.03077 0)
(8.31497 1.06829 0)
(8.37976 1.10592 -2.72284e-18)
(8.44506 1.14294 8.25044e-18)
(8.51155 1.17847 0)
(8.58003 1.21126 0)
(8.65139 1.23925 8.44163e-18)
(8.72617 1.25963 0)
(8.80353 1.27116 0)
(8.88199 1.27551 0)
(8.96066 1.27622 0)
(0.0393014 1.29025 -2.61142e-18)
(0.1179 1.28955 2.70662e-18)
(0.196293 1.28529 0)
(0.273615 1.27398 0)
(0.348397 1.254 -5.36714e-18)
(0.419834 1.22655 0)
(0.488435 1.1944 1.90645e-19)
(0.555092 1.15955 2.71169e-18)
(0.620582 1.12325 0)
(0.685567 1.08635 -7.17188e-18)
(0.750628 1.04956 -9.23872e-18)
(0.81609 1.01324 -4.79204e-18)
(0.881973 0.97743 0)
(0.948198 0.942042 2.12644e-18)
(1.01469 0.906983 0)
(1.08135 0.872153 -3.78438e-18)
(1.14816 0.8375 -5.78096e-18)
(1.21521 0.803173 0)
(1.28276 0.769514 -3.22557e-18)
(1.35108 0.736943 1.55136e-18)
(1.42046 0.70597 0)
(1.49121 0.677231 0)
(1.56352 0.651362 3.14474e-18)
(1.63741 0.628872 0)
(1.71279 0.610216 0)
(1.78946 0.59585 0)
(1.86714 0.58619 0)
(1.94545 0.581547 0)
(2.02401 0.580509 7.73781e-18)
(2.10262 0.580509 0)
(2.18122 0.580509 -2.70779e-18)
(2.25982 0.580509 0)
(2.33842 0.580509 0)
(2.41703 0.580509 0)
(2.49563 0.580509 5.41559e-18)
(2.57423 0.580509 -2.70779e-18)
(2.65284 0.580509 0)
(2.73144 0.580509 0)
(2.81004 0.580509 5.2228e-18)
(2.88864 0.580509 0)
(2.96725 0.580509 0)
(3.04585 0.580509 0)
(3.12445 0.580509 -2.70779e-18)
(3.20305 0.580509 0)
(3.28166 0.580509 -5.41559e-18)
(3.36026 0.580509 5.60837e-18)
(3.43886 0.580509 0)
(3.51747 0.580509 0)
(3.59607 0.580509 2.51501e-18)
(3.67467 0.580509 0)
(3.75327 0.580509 0)
(3.83188 0.580509 0)
(3.91048 0.580509 2.51501e-18)
(3.98908 0.580509 -2.70779e-18)
(4.06768 0.580509 5.41559e-18)
(4.14629 0.580509 2.51501e-18)
(4.22489 0.580509 0)
(4.30349 0.580509 -1.92787e-19)
(4.3821 0.580509 5.41559e-18)
(4.4607 0.580509 0)
(4.5393 0.580509 0)
(4.6179 0.580509 5.41559e-18)
(4.69651 0.580509 0)
(4.77511 0.580509 -5.41559e-18)
(4.85371 0.580509 5.41559e-18)
(4.93232 0.580509 0)
(5.01092 0.580509 2.51501e-18)
(5.08952 0.580509 -5.2228e-18)
(5.16812 0.580509 -2.51501e-18)
(5.24673 0.580509 2.51501e-18)
(5.32533 0.580509 0)
(5.40393 0.580509 1.92787e-19)
(5.48253 0.580509 2.70779e-18)
(5.56114 0.580509 0)
(5.63974 0.580509 0)
(5.71834 0.580509 0)
(5.79695 0.580509 0)
(5.87555 0.580509 -1.92787e-19)
(5.95415 0.580509 -8.12338e-18)
(6.03275 0.580509 0)
(6.11136 0.580509 0)
(6.18996 0.580509 0)
(6.26856 0.580509 0)
(6.34716 0.580509 0)
(6.42577 0.580509 -1.92787e-19)
(6.50437 0.580509 0)
(6.58297 0.580509 5.41559e-18)
(6.66158 0.580509 -1.92787e-19)
(6.74018 0.580509 2.70779e-18)
(6.81878 0.580509 -1.92787e-19)
(6.89738 0.580509 0)
(6.97599 0.580509 5.41559e-18)
(7.05455 0.581547 1.92848e-19)
(7.13286 0.58619 0)
(7.21054 0.59585 -2.55101e-18)
(7.28721 0.610216 2.60222e-18)
(7.36259 0.628872 2.86604e-18)
(7.43648 0.651362 -1.93519e-19)
(7.50879 0.677231 0)
(7.57954 0.70597 -3.17564e-18)
(7.64892 0.736943 0)
(7.71724 0.769514 0)
(7.78479 0.803173 -3.54298e-18)
(7.85184 0.8375 -1.94053e-19)
(7.91865 0.872153 0)
(7.98531 0.906983 -2.05634e-18)
(8.0518 0.942042 0)
(8.11803 0.97743 0)
(8.18391 1.01324 2.30405e-18)
(8.24937 1.04956 0)
(8.31443 1.08635 7.37043e-18)
(8.37942 1.12325 2.62675e-18)
(8.44491 1.15955 2.52112e-18)
(8.51157 1.1944 -2.77988e-18)
(8.58017 1.22655 -3.00018e-18)
(8.6516 1.254 5.5642e-18)
(8.72638 1.27398 1.93659e-19)
(8.80371 1.28529 0)
(8.8821 1.28955 5.22069e-18)
(8.9607 1.29025 -2.70779e-18)
(0.0392645 1.3048 0)
(0.11779 1.30411 0)
(0.196114 1.29994 -5.24267e-18)
(0.27339 1.28886 -2.64073e-18)
(0.348178 1.26929 -1.91273e-19)
(0.419689 1.2424 0)
(0.488421 1.21091 2.67875e-18)
(0.555249 1.17677 2.61602e-18)
(0.620934 1.14122 0)
(0.686124 1.10508 0)
(0.751388 1.06903 -2.32137e-18)
(0.817046 1.03346 0)
(0.883115 0.998385 2.13296e-18)
(0.94952 0.963722 0)
(1.01618 0.929382 -7.55495e-18)
(1.08302 0.895266 0)
(1.14999 0.861322 0)
(1.21721 0.827698 -7.02601e-18)
(1.28491 0.794729 -1.93679e-18)
(1.35336 0.762825 0)
(1.42286 0.732487 1.82073e-18)
(1.4937 0.704337 -5.71846e-18)
(1.56606 0.678998 0)
(1.63998 0.656969 8.31425e-18)
(1.71535 0.638695 0)
(1.79198 0.624624 2.65544e-18)
(1.8696 0.615162 -5.06076e-18)
(1.94785 0.610613 0)
(2.02634 0.609597 0)
(2.10487 0.609597 0)
(2.1834 0.609597 5.2424e-18)
(2.26193 0.609597 0)
(2.34046 0.609597 1.92788e-19)
(2.41898 0.609597 -2.6212e-18)
(2.49751 0.609597 0)
(2.57604 0.609597 0)
(2.65457 0.609597 -5.04961e-18)
(2.7331 0.609597 0)
(2.81163 0.609597 -5.04961e-18)
(2.89016 0.609597 0)
(2.96869 0.609597 -2.6212e-18)
(3.04722 0.609597 0)
(3.12574 0.609597 -5.04961e-18)
(3.20427 0.609597 0)
(3.2828 0.609597 -2.6212e-18)
(3.36133 0.609597 0)
(3.43986 0.609597 1.92788e-19)
(3.51839 0.609597 -5.04961e-18)
(3.59692 0.609597 0)
(3.67545 0.609597 0)
(3.75398 0.609597 0)
(3.8325 0.609597 0)
(3.91103 0.609597 0)
(3.98956 0.609597 -5.04961e-18)
(4.06809 0.609597 -2.6212e-18)
(4.14662 0.609597 0)
(4.22515 0.609597 -7.67081e-18)
(4.30368 0.609597 0)
(4.38221 0.609597 0)
(4.46074 0.609597 0)
(4.53926 0.609597 0)
(4.61779 0.609597 0)
(4.69632 0.609597 0)
(4.77485 0.609597 -7.67081e-18)
(4.85338 0.609597 -2.6212e-18)
(4.93191 0.609597 -2.6212e-18)
(5.01044 0.609597 0)
(5.08897 0.609597 0)
(5.1675 0.609597 0)
(5.24602 0.609597 0)
(5.32455 0.609597 0)
(5.40308 0.609597 -2.81399e-18)
(5.48161 0.609597 -2.6212e-18)
(5.56014 0.609597 0)
(5.63867 0.609597 -2.81399e-18)
(5.7172 0.609597 0)
(5.79573 0.609597 0)
(5.87426 0.609597 0)
(5.95278 0.609597 0)
(6.03131 0.609597 -2.81399e-18)
(6.10984 0.609597 -2.6212e-18)
(6.18837 0.609597 0)
(6.2669 0.609597 0)
(6.34543 0.609597 0)
(6.42396 0.609597 -2.81399e-18)
(6.50249 0.609597 0)
(6.58102 0.609597 -2.6212e-18)
(6.65954 0.609597 0)
(6.73807 0.609597 0)
(6.8166 0.609597 -5.2424e-18)
(6.89513 0.609597 0)
(6.97366 0.609597 -2.81399e-18)
(7.05215 0.610613 0)
(7.1304 0.615162 2.82008e-18)
(7.20802 0.624624 -1.93139e-19)
(7.28465 0.638695 -1.93273e-19)
(7.36002 0.656969 0)
(7.43394 0.678998 0)
(7.5063 0.704337 0)
(7.57714 0.732487 4.6995e-18)
(7.64664 0.762825 -1.68892e-18)
(7.71509 0.794729 1.93919e-19)
(7.78279 0.827698 0)
(7.85001 0.861322 0)
(7.91698 0.895266 0)
(7.98382 0.929382 1.94155e-19)
(8.05048 0.963722 -1.9422e-19)
(8.11688 0.998385 -1.94194e-18)
(8.18295 1.03346 6.67441e-18)
(8.24861 1.06903 0)
(8.31388 1.10508 0)
(8.37907 1.14122 -4.87354e-18)
(8.44475 1.17677 -2.42545e-18)
(8.51158 1.21091 0)
(8.58031 1.2424 0)
(8.65182 1.26929 -1.94164e-19)
(8.72661 1.28886 2.44887e-18)
(8.80389 1.29994 2.62215e-18)
(8.88221 1.30411 0)
(8.96074 1.3048 0)
(0.0392262 1.31988 2.4413e-18)
(0.117675 1.3192 0)
(0.195928 1.31512 5.07487e-18)
(0.273157 1.30428 0)
(0.347951 1.28513 0)
(0.419539 1.25883 0)
(0.488407 1.22802 4.97952e-18)
(0.555412 1.19463 1.90569e-19)
(0.621299 1.15984 4.88139e-18)
(0.686701 1.12449 2.15326e-18)
(0.752177 1.08922 0)
(0.818037 1.05442 0)
(0.884299 1.02011 -2.06027e-18)
(0.95089 0.986196 -3.77892e-18)
(1.01773 0.952601 -3.83549e-18)
(1.08475 0.919225 0)
(1.1519 0.886017 0)
(1.21928 0.853123 0)
(1.28714 0.820868 -1.49702e-18)
(1.35573 0.789656 -1.82394e-18)
(1.42535 0.759976 0)
(1.49628 0.732436 -2.85676e-18)
(1.5687 0.707647 0)
(1.64264 0.686095 -1.92132e-19)
(1.718 0.668218 0)
(1.7946 0.654451 -1.92432e-19)
(1.87216 0.645194 0)
(1.95033 0.640745 -1.92731e-19)
(2.02875 0.63975 0)
(2.1072 0.63975 4.68976e-18)
(2.18565 0.63975 0)
(2.26411 0.63975 -4.88255e-18)
(2.34256 0.63975 4.88255e-18)
(2.42101 0.63975 0)
(2.49946 0.63975 0)
(2.57792 0.63975 0)
(2.65637 0.63975 4.68976e-18)
(2.73482 0.63975 5.07534e-18)
(2.81327 0.63975 -2.34488e-18)
(2.89173 0.63975 0)
(2.97018 0.63975 1.9279e-19)
(3.04863 0.63975 0)
(3.12708 0.63975 4.88255e-18)
(3.20554 0.63975 0)
(3.28399 0.63975 1.9279e-19)
(3.36244 0.63975 0)
(3.44089 0.63975 -4.88255e-18)
(3.51935 0.63975 4.68976e-18)
(3.5978 0.63975 -2.53767e-18)
(3.67625 0.63975 4.68976e-18)
(3.7547 0.63975 0)
(3.83315 0.63975 -7.61301e-18)
(3.91161 0.63975 4.88255e-18)
(3.99006 0.63975 -7.61301e-18)
(4.06851 0.63975 -1.9279e-19)
(4.14696 0.63975 -1.9279e-19)
(4.22542 0.63975 0)
(4.30387 0.63975 0)
(4.38232 0.63975 2.53767e-18)
(4.46077 0.63975 1.9279e-19)
(4.53923 0.63975 -1.9279e-19)
(4.61768 0.63975 -2.53767e-18)
(4.69613 0.63975 -1.9279e-19)
(4.77458 0.63975 0)
(4.85304 0.63975 1.9279e-19)
(4.93149 0.63975 -4.68976e-18)
(5.00994 0.63975 0)
(5.08839 0.63975 -1.9279e-19)
(5.16685 0.63975 0)
(5.2453 0.63975 -4.88255e-18)
(5.32375 0.63975 0)
(5.4022 0.63975 2.53767e-18)
(5.48065 0.63975 1.9279e-19)
(5.55911 0.63975 0)
(5.63756 0.63975 0)
(5.71601 0.63975 0)
(5.79446 0.63975 -2.53767e-18)
(5.87292 0.63975 -1.9279e-19)
(5.95137 0.63975 1.9279e-19)
(6.02982 0.63975 -2.53767e-18)
(6.10827 0.63975 0)
(6.18673 0.63975 -2.53767e-18)
(6.26518 0.63975 4.88255e-18)
(6.34363 0.63975 0)
(6.42208 0.63975 0)
(6.50054 0.63975 0)
(6.57899 0.63975 2.34488e-18)
(6.65744 0.63975 1.9279e-19)
(6.73589 0.63975 1.9279e-19)
(6.81435 0.63975 7.61301e-18)
(6.8928 0.63975 0)
(6.97125 0.63975 0)
(7.04967 0.640745 2.34333e-18)
(7.12784 0.645194 5.08689e-18)
(7.2054 0.654451 -2.76441e-18)
(7.282 0.668218 -5.23642e-18)
(7.35736 0.686095 0)
(7.4313 0.707647 0)
(7.50372 0.732436 1.93635e-19)
(7.57465 0.759976 1.93742e-19)
(7.64427 0.789656 6.15087e-18)
(7.71286 0.820868 -4.68497e-18)
(7.78072 0.853123 0)
(7.8481 0.886017 -5.2178e-18)
(7.91525 0.919225 8.9126e-18)
(7.98227 0.952601 1.92071e-18)
(8.04911 0.986196 -5.96436e-18)
(8.1157 1.02011 -1.94289e-19)
(8.18196 1.05442 0)
(8.24782 1.08922 0)
(8.3133 1.12449 0)
(8.3787 1.15984 0)
(8.44459 1.19463 -1.94681e-19)
(8.51159 1.22802 0)
(8.58046 1.25883 1.94485e-19)
(8.65205 1.28513 -2.59922e-18)
(8.72684 1.30428 0)
(8.80407 1.31512 -7.42157e-18)
(8.88232 1.3192 0)
(8.96077 1.31988 0)
(0.0391865 1.3355 7.08217e-18)
(0.117557 1.33485 -1.9271e-19)
(0.195736 1.33086 0)
(0.272915 1.32027 -2.47221e-18)
(0.347715 1.30156 0)
(0.419383 1.27587 0)
(0.488392 1.24576 9.59774e-18)
(0.555581 1.21314 0)
(0.621677 1.17915 2.54515e-18)
(0.6873 1.14461 -6.59428e-18)
(0.752994 1.11016 2.16283e-18)
(0.819064 1.07615 0)
(0.885527 1.04263 1.79915e-18)
(0.952311 1.00949 0)
(1.01934 0.976671 1.91182e-19)
(1.08654 0.944061 -5.00404e-18)
(1.15387 0.911617 0)
(1.22142 0.879478 1.305e-18)
(1.28945 0.847965 -1.63366e-18)
(1.35819 0.81747 -1.19687e-18)
(1.42793 0.788472 1.91694e-19)
(1.49895 0.761565 -5.52371e-18)
(1.57143 0.737345 0)
(1.64539 0.716288 2.59448e-18)
(1.72074 0.698822 1.92283e-19)
(1.79731 0.685372 0)
(1.87481 0.676327 0)
(1.95291 0.67198 0)
(2.03125 0.671008 2.4571e-18)
(2.10962 0.671008 2.26431e-18)
(2.188 0.671008 4.7214e-18)
(2.26637 0.671008 0)
(2.34474 0.671008 4.7214e-18)
(2.42311 0.671008 2.4571e-18)
(2.50149 0.671008 2.4571e-18)
(2.57986 0.671008 4.52861e-18)
(2.65823 0.671008 4.7214e-18)
(2.73661 0.671008 4.7214e-18)
(2.81498 0.671008 -1.92791e-19)
(2.89335 0.671008 4.7214e-18)
(2.97173 0.671008 0)
(3.0501 0.671008 5.10699e-18)
(3.12847 0.671008 7.37129e-18)
(3.20684 0.671008 6.98571e-18)
(3.28522 0.671008 2.4571e-18)
(3.36359 0.671008 1.92791e-19)
(3.44196 0.671008 4.7214e-18)
(3.52034 0.671008 2.4571e-18)
(3.59871 0.671008 4.7214e-18)
(3.67708 0.671008 0)
(3.75546 0.671008 6.98571e-18)
(3.83383 0.671008 4.52861e-18)
(3.9122 0.671008 2.26431e-18)
(3.99058 0.671008 4.52861e-18)
(4.06895 0.671008 4.7214e-18)
(4.14732 0.671008 0)
(4.22569 0.671008 -1.92791e-19)
(4.30407 0.671008 0)
(4.38244 0.671008 0)
(4.46081 0.671008 2.4571e-18)
(4.53919 0.671008 2.4571e-18)
(4.61756 0.671008 0)
(4.69593 0.671008 0)
(4.77431 0.671008 1.92791e-19)
(4.85268 0.671008 0)
(4.93105 0.671008 4.7214e-18)
(5.00942 0.671008 2.4571e-18)
(5.0878 0.671008 0)
(5.16617 0.671008 2.4571e-18)
(5.24454 0.671008 0)
(5.32292 0.671008 4.9142e-18)
(5.40129 0.671008 0)
(5.47966 0.671008 0)
(5.55804 0.671008 0)
(5.63641 0.671008 0)
(5.71478 0.671008 0)
(5.79316 0.671008 0)
(5.87153 0.671008 0)
(5.9499 0.671008 -2.26431e-18)
(6.02827 0.671008 1.92791e-19)
(6.10665 0.671008 1.92791e-19)
(6.18502 0.671008 0)
(6.26339 0.671008 0)
(6.34177 0.671008 2.4571e-18)
(6.42014 0.671008 0)
(6.49851 0.671008 0)
(6.57689 0.671008 2.4571e-18)
(6.65526 0.671008 0)
(6.73363 0.671008 0)
(6.812 0.671008 0)
(6.89038 0.671008 0)
(6.96875 0.671008 -7.1785e-18)
(7.04709 0.67198 0)
(7.12519 0.676327 0)
(7.20269 0.685372 0)
(7.27926 0.698822 0)
(7.35461 0.716288 1.93401e-19)
(7.42857 0.737345 0)
(7.50105 0.761565 -8.29097e-18)
(7.57207 0.788472 -1.93741e-19)
(7.64181 0.81747 8.71831e-18)
(7.71055 0.847965 -9.23489e-18)
(7.77858 0.879478 1.69036e-18)
(7.84613 0.911617 1.94039e-19)
(7.91346 0.944061 3.40262e-18)
(7.98066 0.976671 7.03765e-18)
(8.04769 1.00949 0)
(8.11447 1.04263 -1.99344e-18)
(8.18094 1.07615 1.94369e-19)
(8.24701 1.11016 2.16651e-18)
(8.3127 1.14461 0)
(8.37832 1.17915 -2.35862e-18)
(8.44442 1.21314 -1.94671e-19)
(8.51161 1.24576 -4.99748e-18)
(8.58062 1.27587 -4.66443e-18)
(8.65228 1.30156 2.5126e-18)
(8.72708 1.32027 2.47401e-18)
(8.80426 1.33086 -1.93195e-19)
(8.88244 1.33485 1.92872e-19)
(8.96081 1.3355 0)
(0.0391454 1.35171 -9.64193e-20)
(0.117434 1.35107 1.92711e-19)
(0.195537 1.34717 0)
(0.272665 1.33684 1.91862e-19)
(0.347471 1.31859 0)
(0.419221 1.29352 2.62748e-18)
(0.488377 1.26415 2.59831e-18)
(0.555756 1.23232 6.8565e-18)
(0.62207 1.19916 -1.90586e-19)
(0.687921 1.16546 2.18232e-18)
(0.753841 1.13185 0)
(0.820129 1.09868 0)
(0.886799 1.06597 -1.92256e-18)
(0.953783 1.03365 3.51581e-18)
(1.02101 1.00162 0)
(1.0884 0.969807 -1.91246e-19)
(1.15591 0.938154 1.91305e-19)
(1.22365 0.906799 -4.32351e-18)
(1.29184 0.876054 1.77224e-18)
(1.36074 0.846303 1.91571e-19)
(1.43061 0.818012 1.91693e-19)
(1.50172 0.79176 5.14877e-18)
(1.57427 0.768131 -1.91984e-19)
(1.64825 0.747587 -4.63709e-18)
(1.72359 0.730547 7.16447e-18)
(1.80012 0.717425 2.60214e-18)
(1.87756 0.708601 -2.19193e-18)
(1.95558 0.70436 2.57074e-18)
(2.03384 0.703411 -4.75875e-18)
(2.11213 0.703411 2.18658e-18)
(2.19042 0.703411 7.13813e-18)
(2.26871 0.703411 0)
(2.347 0.703411 -1.92793e-19)
(2.42529 0.703411 7.13813e-18)
(2.50358 0.703411 -1.92793e-19)
(2.58188 0.703411 4.56596e-18)
(2.66017 0.703411 -2.37938e-18)
(2.73846 0.703411 -1.92793e-19)
(2.81675 0.703411 1.92793e-19)
(2.89504 0.703411 0)
(2.97333 0.703411 0)
(3.05162 0.703411 0)
(3.12991 0.703411 0)
(3.2082 0.703411 0)
(3.28649 0.703411 1.92793e-19)
(3.36478 0.703411 2.18658e-18)
(3.44307 0.703411 7.13813e-18)
(3.52137 0.703411 -1.92793e-19)
(3.59966 0.703411 1.92793e-19)
(3.67795 0.703411 0)
(3.75624 0.703411 4.56596e-18)
(3.83453 0.703411 0)
(3.91282 0.703411 -2.37938e-18)
(3.99111 0.703411 7.13813e-18)
(4.0694 0.703411 0)
(4.14769 0.703411 2.37938e-18)
(4.22598 0.703411 0)
(4.30427 0.703411 -7.13813e-18)
(4.38256 0.703411 -2.57217e-18)
(4.46085 0.703411 0)
(4.53915 0.703411 0)
(4.61744 0.703411 -2.57217e-18)
(4.69573 0.703411 -7.13813e-18)
(4.77402 0.703411 0)
(4.85231 0.703411 4.75875e-18)
(4.9306 0.703411 0)
(5.00889 0.703411 -2.37938e-18)
(5.08718 0.703411 0)
(5.16547 0.703411 0)
(5.24376 0.703411 2.18658e-18)
(5.32205 0.703411 0)
(5.40034 0.703411 -1.92793e-19)
(5.47863 0.703411 2.37938e-18)
(5.55693 0.703411 -1.92793e-19)
(5.63522 0.703411 -2.57217e-18)
(5.71351 0.703411 0)
(5.7918 0.703411 -2.37938e-18)
(5.87009 0.703411 -4.75875e-18)
(5.94838 0.703411 4.75875e-18)
(6.02667 0.703411 -2.57217e-18)
(6.10496 0.703411 -1.92793e-19)
(6.18325 0.703411 4.75875e-18)
(6.26154 0.703411 -2.37938e-18)
(6.33983 0.703411 0)
(6.41812 0.703411 0)
(6.49642 0.703411 -2.37938e-18)
(6.57471 0.703411 -1.92793e-19)
(6.653 0.703411 -7.13813e-18)
(6.73129 0.703411 -1.92793e-19)
(6.80958 0.703411 -4.75875e-18)
(6.88787 0.703411 -7.13813e-18)
(6.96616 0.703411 1.92793e-19)
(7.04442 0.70436 0)
(7.12244 0.708601 -1.93004e-19)
(7.19988 0.717425 0)
(7.27641 0.730547 0)
(7.35175 0.747587 -2.51195e-18)
(7.42573 0.768131 2.58527e-18)
(7.49828 0.79176 -2.6721e-18)
(7.56939 0.818012 0)
(7.63926 0.846303 -2.8697e-18)
(7.70816 0.876054 0)
(7.77635 0.906799 4.71146e-18)
(7.84409 0.938154 1.49289e-18)
(7.9116 0.969807 0)
(7.97899 1.00162 3.39494e-18)
(8.04622 1.03365 1.85655e-18)
(8.1132 1.06597 0)
(8.17987 1.09868 -1.80924e-18)
(8.24616 1.13185 0)
(8.31208 1.16546 1.94562e-19)
(8.37793 1.19916 1.94634e-19)
(8.44424 1.23232 4.70622e-18)
(8.51162 1.26415 -5.01787e-18)
(8.58078 1.29352 -2.44022e-18)
(8.65253 1.31859 0)
(8.72734 1.33684 4.59471e-18)
(8.80446 1.34717 1.93197e-19)
(8.88257 1.35107 4.37106e-18)
(8.96085 1.35171 0)
(0.0391028 1.3685 6.43126e-18)
(0.117306 1.36788 0)
(0.19533 1.36408 0)
(0.272405 1.35402 2.31539e-18)
(0.347218 1.33624 1.96302e-18)
(0.419053 1.31183 1.90864e-19)
(0.488361 1.28322 0)
(0.555938 1.25221 1.90575e-19)
(0.622476 1.21991 -4.38291e-18)
(0.688564 1.18708 0)
(0.754719 1.15434 4.03083e-18)
(0.821232 1.12203 1.93162e-18)
(0.888119 1.09017 0)
(0.95531 1.05868 0)
(1.02274 1.02749 0)
(1.09032 0.996497 -1.67842e-18)
(1.15803 0.965664 0)
(1.22596 0.935121 -1.91377e-19)
(1.29432 0.905173 -1.91466e-19)
(1.36338 0.876192 0)
(1.43338 0.848633 5.34819e-18)
(1.5046 0.823062 0)
(1.5772 0.800044 4.99895e-18)
(1.65121 0.780033 7.28952e-18)
(1.72655 0.763434 -4.55596e-18)
(1.80303 0.750652 0)
(1.88041 0.742056 -2.11686e-18)
(1.95835 0.737925 1.92736e-19)
(2.03653 0.737002 0)
(2.11473 0.737002 0)
(2.19294 0.737002 0)
(2.27114 0.737002 4.41602e-18)
(2.34935 0.737002 1.92795e-19)
(2.42755 0.737002 -2.30441e-18)
(2.50576 0.737002 2.11161e-18)
(2.58396 0.737002 -2.30441e-18)
(2.66217 0.737002 4.60882e-18)
(2.74038 0.737002 -7.10602e-18)
(2.81858 0.737002 1.92795e-19)
(2.89679 0.737002 0)
(2.97499 0.737002 4.41602e-18)
(3.0532 0.737002 -1.92795e-19)
(3.1314 0.737002 4.41602e-18)
(3.20961 0.737002 0)
(3.28781 0.737002 -2.30441e-18)
(3.36602 0.737002 0)
(3.44423 0.737002 0)
(3.52243 0.737002 -6.72043e-18)
(3.60064 0.737002 4.22323e-18)
(3.67884 0.737002 2.11161e-18)
(3.75705 0.737002 -2.30441e-18)
(3.83525 0.737002 4.60882e-18)
(3.91346 0.737002 0)
(3.99166 0.737002 1.92795e-19)
(4.06987 0.737002 -1.92795e-19)
(4.14808 0.737002 1.92795e-19)
(4.22628 0.737002 0)
(4.30449 0.737002 0)
(4.38269 0.737002 2.11161e-18)
(4.4609 0.737002 1.92795e-19)
(4.5391 0.737002 -2.30441e-18)
(4.61731 0.737002 -1.92795e-19)
(4.69551 0.737002 0)
(4.77372 0.737002 4.41602e-18)
(4.85192 0.737002 0)
(4.93013 0.737002 -1.92795e-19)
(5.00834 0.737002 1.92795e-19)
(5.08654 0.737002 -2.30441e-18)
(5.16475 0.737002 6.52763e-18)
(5.24295 0.737002 0)
(5.32116 0.737002 1.92795e-19)
(5.39936 0.737002 -2.11161e-18)
(5.47757 0.737002 -2.30441e-18)
(5.55577 0.737002 4.60882e-18)
(5.63398 0.737002 -2.30441e-18)
(5.71219 0.737002 2.30441e-18)
(5.79039 0.737002 4.41602e-18)
(5.8686 0.737002 0)
(5.9468 0.737002 2.30441e-18)
(6.02501 0.737002 1.92795e-19)
(6.10321 0.737002 0)
(6.18142 0.737002 4.41602e-18)
(6.25962 0.737002 -1.92795e-19)
(6.33783 0.737002 4.41602e-18)
(6.41604 0.737002 1.92795e-19)
(6.49424 0.737002 2.30441e-18)
(6.57245 0.737002 0)
(6.65065 0.737002 0)
(6.72886 0.737002 -1.92795e-19)
(6.80706 0.737002 4.41602e-18)
(6.88527 0.737002 0)
(6.96347 0.737002 0)
(7.04165 0.737925 0)
(7.11959 0.742056 -2.30987e-18)
(7.19697 0.750652 0)
(7.27345 0.763434 -2.18184e-18)
(7.34879 0.780033 0)
(7.4228 0.800044 1.93521e-19)
(7.4954 0.823062 1.93633e-19)
(7.56662 0.848633 -1.93737e-19)
(7.63662 0.876192 -5.54451e-18)
(7.70568 0.905173 5.5471e-18)
(7.77404 0.935121 -3.16378e-18)
(7.84197 0.965664 -3.069e-18)
(7.90968 0.996497 -6.33685e-18)
(7.97726 1.02749 3.27547e-18)
(8.04469 1.05868 -1.79426e-18)
(8.11188 1.09017 0)
(8.17877 1.12203 1.94352e-19)
(8.24528 1.15434 -4.03815e-18)
(8.31144 1.18708 0)
(8.37752 1.21991 -1.94623e-19)
(8.44406 1.25221 2.07574e-18)
(8.51164 1.28322 0)
(8.58095 1.31183 -1.94468e-19)
(8.65278 1.33624 0)
(8.7276 1.35402 0)
(8.80467 1.36408 -4.22151e-18)
(8.88269 1.36788 -1.92875e-19)
(8.9609 1.3685 0)
(0.0390586 1.38591 0)
(0.117174 1.38531 -2.23098e-18)
(0.195116 1.38162 0)
(0.272135 1.37183 0)
(0.346956 1.35454 0)
(0.418879 1.3308 0)
(0.488344 1.30298 -1.90654e-19)
(0.556126 1.27283 2.18658e-18)
(0.622898 1.24142 1.92367e-18)
(0.689231 1.2095 2.22275e-18)
(0.75563 1.17766 -1.90791e-19)
(0.822376 1.14624 -1.86554e-18)
(0.889486 1.11525 0)
(0.956892 1.08463 -3.46219e-18)
(1.02453 1.0543 0)
(1.09232 1.02416 0)
(1.16023 0.994181 2.9594e-18)
(1.22835 0.96448 5.5376e-18)
(1.2969 0.935357 0)
(1.36612 0.907176 1.9157e-19)
(1.43626 0.880377 5.16909e-18)
(1.50758 0.85551 -2.49679e-18)
(1.58025 0.833127 4.8364e-18)
(1.65429 0.813668 -2.35186e-18)
(1.72961 0.797526 0)
(1.80605 0.785096 -2.06759e-18)
(1.88336 0.776738 0)
(1.96123 0.77272 0)
(2.03931 0.771822 0)
(2.11743 0.771822 0)
(2.19554 0.771822 -1.92796e-19)
(2.27366 0.771822 4.27139e-18)
(2.35178 0.771822 -2.23209e-18)
(2.42989 0.771822 0)
(2.50801 0.771822 -2.23209e-18)
(2.58613 0.771822 4.07859e-18)
(2.66425 0.771822 0)
(2.74236 0.771822 0)
(2.82048 0.771822 -1.92796e-19)
(2.8986 0.771822 0)
(2.97672 0.771822 0)
(3.05483 0.771822 4.27139e-18)
(3.13295 0.771822 2.61769e-18)
(3.21107 0.771822 1.92796e-19)
(3.28918 0.771822 -6.50348e-18)
(3.3673 0.771822 4.27139e-18)
(3.44542 0.771822 0)
(3.52354 0.771822 4.27139e-18)
(3.60165 0.771822 1.92796e-19)
(3.67977 0.771822 2.23209e-18)
(3.75789 0.771822 -4.27139e-18)
(3.836 0.771822 0)
(3.91412 0.771822 0)
(3.99224 0.771822 0)
(4.07036 0.771822 -4.27139e-18)
(4.14847 0.771822 -2.23209e-18)
(4.22659 0.771822 2.23209e-18)
(4.30471 0.771822 0)
(4.38282 0.771822 6.50348e-18)
(4.46094 0.771822 0)
(4.53906 0.771822 0)
(4.61718 0.771822 -6.31069e-18)
(4.69529 0.771822 4.27139e-18)
(4.77341 0.771822 0)
(4.85153 0.771822 0)
(4.92964 0.771822 0)
(5.00776 0.771822 0)
(5.08588 0.771822 2.0393e-18)
(5.164 0.771822 0)
(5.24211 0.771822 0)
(5.32023 0.771822 6.50348e-18)
(5.39835 0.771822 6.50348e-18)
(5.47646 0.771822 2.23209e-18)
(5.55458 0.771822 4.27139e-18)
(5.6327 0.771822 0)
(5.71082 0.771822 -4.27139e-18)
(5.78893 0.771822 4.27139e-18)
(5.86705 0.771822 0)
(5.94517 0.771822 0)
(6.02328 0.771822 0)
(6.1014 0.771822 -2.23209e-18)
(6.17952 0.771822 2.23209e-18)
(6.25764 0.771822 0)
(6.33575 0.771822 1.92796e-19)
(6.41387 0.771822 0)
(6.49199 0.771822 0)
(6.57011 0.771822 4.27139e-18)
(6.64822 0.771822 4.27139e-18)
(6.72634 0.771822 2.23209e-18)
(6.80446 0.771822 0)
(6.88257 0.771822 -2.23209e-18)
(6.96069 0.771822 -4.27139e-18)
(7.03877 0.77272 0)
(7.11664 0.776738 0)
(7.19395 0.785096 0)
(7.27039 0.797526 -1.93281e-19)
(7.34571 0.813668 1.93404e-19)
(7.41975 0.833127 1.93521e-19)
(7.49242 0.85551 2.49859e-18)
(7.56374 0.880377 0)
(7.63388 0.907176 -1.93823e-19)
(7.7031 0.935357 0)
(7.77165 0.96448 0)
(7.83977 0.994181 -1.94023e-19)
(7.90768 1.02416 -6.5032e-18)
(7.97547 1.0543 1.67718e-18)
(8.04311 1.08463 -3.27417e-18)
(8.11051 1.11525 -3.59547e-18)
(8.17762 1.14624 0)
(8.24437 1.17766 -1.94929e-18)
(8.31077 1.2095 -5.7188e-18)
(8.3771 1.24142 0)
(8.44387 1.27283 -1.996e-18)
(8.51166 1.30298 2.24661e-18)
(8.58112 1.3308 -2.47084e-18)
(8.65304 1.35454 0)
(8.72786 1.37183 4.29215e-18)
(8.80488 1.38162 0)
(8.88283 1.38531 1.92877e-19)
(8.96094 1.38591 0)
(0.0390128 1.40396 -2.06597e-18)
(0.117037 1.40337 0)
(0.194894 1.39979 -2.16042e-18)
(0.271856 1.39029 2.16945e-18)
(0.346684 1.37352 0)
(0.418699 1.35047 1.90865e-19)
(0.488327 1.32346 -1.90655e-19)
(0.556321 1.2942 -6.32908e-18)
(0.623335 1.26372 0)
(0.689922 1.23273 0)
(0.756574 1.20183 0)
(0.823562 1.17133 0)
(0.890904 1.14126 3.2767e-18)
(0.958533 1.11154 0)
(1.02638 1.0821 1.61867e-18)
(1.09438 1.05285 0)
(1.1625 1.02374 0)
(1.23083 0.994915 0)
(1.29956 0.966648 -1.91465e-19)
(1.36895 0.939294 -4.78756e-18)
(1.43924 0.913283 5.18801e-18)
(1.51066 0.889148 0)
(1.5834 0.867422 -4.10365e-18)
(1.65747 0.848534 0)
(1.73278 0.832867 0)
(1.80918 0.820802 -4.37828e-18)
(1.88642 0.81269 -2.16719e-18)
(1.9642 0.80879 0)
(2.04219 0.807918 0)
(2.12022 0.807918 -1.96954e-18)
(2.19825 0.807918 -4.32468e-18)
(2.27627 0.807918 6.29422e-18)
(2.3543 0.807918 -2.16234e-18)
(2.43232 0.807918 -4.13188e-18)
(2.51035 0.807918 -2.35514e-18)
(2.58837 0.807918 0)
(2.6664 0.807918 -6.29422e-18)
(2.74442 0.807918 0)
(2.82245 0.807918 2.16234e-18)
(2.90048 0.807918 -6.29422e-18)
(2.9785 0.807918 2.16234e-18)
(3.05653 0.807918 0)
(3.13455 0.807918 1.92798e-19)
(3.21258 0.807918 -2.16234e-18)
(3.2906 0.807918 8.45656e-18)
(3.36863 0.807918 0)
(3.44665 0.807918 0)
(3.52468 0.807918 0)
(3.60271 0.807918 2.16234e-18)
(3.68073 0.807918 -4.13188e-18)
(3.75876 0.807918 0)
(3.83678 0.807918 0)
(3.91481 0.807918 1.92798e-19)
(3.99283 0.807918 1.96954e-18)
(4.07086 0.807918 0)
(4.14888 0.807918 -2.16234e-18)
(4.22691 0.807918 0)
(4.30494 0.807918 0)
(4.38296 0.807918 0)
(4.46099 0.807918 0)
(4.53901 0.807918 -2.16234e-18)
(4.61704 0.807918 0)
(4.69506 0.807918 0)
(4.77309 0.807918 0)
(4.85112 0.807918 0)
(4.92914 0.807918 0)
(5.00717 0.807918 0)
(5.08519 0.807918 0)
(5.16322 0.807918 0)
(5.24124 0.807918 1.92798e-19)
(5.31927 0.807918 -1.92798e-19)
(5.39729 0.807918 -4.32468e-18)
(5.47532 0.807918 0)
(5.55335 0.807918 6.29422e-18)
(5.63137 0.807918 0)
(5.7094 0.807918 0)
(5.78742 0.807918 -2.16234e-18)
(5.86545 0.807918 6.48702e-18)
(5.94347 0.807918 0)
(6.0215 0.807918 0)
(6.09952 0.807918 -2.16234e-18)
(6.17755 0.807918 2.16234e-18)
(6.25558 0.807918 0)
(6.3336 0.807918 -6.10142e-18)
(6.41163 0.807918 -2.16234e-18)
(6.48965 0.807918 0)
(6.56768 0.807918 0)
(6.6457 0.807918 -1.92798e-19)
(6.72373 0.807918 0)
(6.80175 0.807918 0)
(6.87978 0.807918 0)
(6.95781 0.807918 0)
(7.0358 0.80879 0)
(7.11358 0.81269 1.9301e-19)
(7.19082 0.820802 0)
(7.26722 0.832867 -6.48786e-18)
(7.34253 0.848534 0)
(7.4166 0.867422 8.9783e-18)
(7.48934 0.889148 4.83281e-18)
(7.56076 0.913283 0)
(7.63105 0.939294 0)
(7.70044 0.966648 0)
(7.76917 0.994915 2.57403e-18)
(7.8375 1.02374 0)
(7.90562 1.05285 0)
(7.97362 1.0821 -6.09821e-18)
(8.04147 1.11154 3.1583e-18)
(8.1091 1.14126 -3.27993e-18)
(8.17644 1.17133 0)
(8.24343 1.20183 1.88199e-18)
(8.31008 1.23273 0)
(8.37667 1.26372 -2.04384e-18)
(8.44368 1.2942 0)
(8.51167 1.32346 0)
(8.5813 1.35047 1.94455e-19)
(8.65332 1.37352 0)
(8.72814 1.39029 -4.14885e-18)
(8.80511 1.39979 2.35445e-18)
(8.88296 1.40337 -4.12991e-18)
(8.96099 1.40396 0)
(0.0389653 1.42267 0)
(0.116895 1.4221 -5.70372e-18)
(0.194664 1.41863 5.89373e-18)
(0.271567 1.40943 1.91863e-19)
(0.346402 1.39318 4.24094e-18)
(0.418512 1.37086 0)
(0.488309 1.3447 1.90657e-19)
(0.556524 1.31636 0)
(0.623787 1.28683 3.74559e-18)
(0.690639 1.25682 -7.18844e-18)
(0.757552 1.22688 0)
(0.824792 1.19734 0)
(0.892373 1.16821 -1.91019e-19)
(0.960233 1.13943 0)
(1.02831 1.11091 0)
(1.09653 1.08258 0)
(1.16486 1.05439 0)
(1.23339 1.02646 0)
(1.30233 0.999085 2.77466e-18)
(1.37189 0.97259 0)
(1.44232 0.947395 -2.41483e-18)
(1.51386 0.924017 1.91834e-19)
(1.58667 0.902973 4.14437e-18)
(1.66077 0.884678 -1.92135e-19)
(1.73607 0.869503 -2.15592e-18)
(1.81242 0.857816 -2.12077e-18)
(1.8896 0.849958 6.10686e-18)
(1.96729 0.846181 2.09412e-18)
(2.04519 0.845337 -1.928e-19)
(2.12312 0.845337 0)
(2.20105 0.845337 1.90226e-18)
(2.27898 0.845337 -3.80451e-18)
(2.35691 0.845337 0)
(2.43484 0.845337 -2.09506e-18)
(2.51277 0.845337 -5.89957e-18)
(2.5907 0.845337 1.928e-19)
(2.66863 0.845337 0)
(2.74656 0.845337 0)
(2.82449 0.845337 1.928e-19)
(2.90242 0.845337 -3.99731e-18)
(2.98035 0.845337 0)
(3.05828 0.845337 0)
(3.13621 0.845337 0)
(3.21415 0.845337 1.928e-19)
(3.29208 0.845337 1.928e-19)
(3.37001 0.845337 1.928e-19)
(3.44794 0.845337 0)
(3.52587 0.845337 1.928e-19)
(3.6038 0.845337 1.928e-19)
(3.68173 0.845337 2.09506e-18)
(3.75966 0.845337 -5.89957e-18)
(3.83759 0.845337 1.928e-19)
(3.91552 0.845337 0)
(3.99345 0.845337 1.928e-19)
(4.07138 0.845337 -6.28517e-18)
(4.14931 0.845337 -6.28517e-18)
(4.22724 0.845337 1.928e-19)
(4.30517 0.845337 0)
(4.3831 0.845337 1.928e-19)
(4.46103 0.845337 -6.28517e-18)
(4.53897 0.845337 -6.28517e-18)
(4.6169 0.845337 1.928e-19)
(4.69483 0.845337 0)
(4.77276 0.845337 1.928e-19)
(4.85069 0.845337 -6.28517e-18)
(4.92862 0.845337 -6.28517e-18)
(5.00655 0.845337 -1.928e-19)
(5.08448 0.845337 -6.09237e-18)
(5.16241 0.845337 -2.09506e-18)
(5.24034 0.845337 -1.928e-19)
(5.31827 0.845337 0)
(5.3962 0.845337 1.928e-19)
(5.47413 0.845337 -6.09237e-18)
(5.55206 0.845337 3.99731e-18)
(5.62999 0.845337 0)
(5.70792 0.845337 -6.09237e-18)
(5.78585 0.845337 0)
(5.86379 0.845337 0)
(5.94172 0.845337 -2.09506e-18)
(6.01965 0.845337 0)
(6.09758 0.845337 0)
(6.17551 0.845337 1.90226e-18)
(6.25344 0.845337 0)
(6.33137 0.845337 0)
(6.4093 0.845337 -2.09506e-18)
(6.48723 0.845337 3.99731e-18)
(6.56516 0.845337 -2.28786e-18)
(6.64309 0.845337 1.90226e-18)
(6.72102 0.845337 0)
(6.79895 0.845337 -2.09506e-18)
(6.87688 0.845337 3.99731e-18)
(6.95481 0.845337 0)
(7.03271 0.846181 2.09424e-18)
(7.1104 0.849958 0)
(7.18758 0.857816 -1.93153e-19)
(7.26393 0.869503 0)
(7.33923 0.884678 0)
(7.41333 0.902973 0)
(7.48614 0.924017 2.14349e-18)
(7.55768 0.947395 1.93731e-19)
(7.62811 0.97259 0)
(7.69767 0.999085 7.56299e-18)
(7.76661 1.02646 -2.67243e-18)
(7.83514 1.05439 0)
(7.90347 1.08258 -2.84743e-18)
(7.97169 1.11091 0)
(8.03977 1.13943 0)
(8.10763 1.16821 1.67861e-18)
(8.17521 1.19734 0)
(8.24245 1.22688 0)
(8.30936 1.25682 0)
(8.37621 1.28683 0)
(8.44348 1.31636 -1.94616e-19)
(8.51169 1.3447 1.94583e-19)
(8.58149 1.37086 0)
(8.6536 1.39318 0)
(8.72843 1.40943 0)
(8.80534 1.41863 0)
(8.88311 1.4221 -3.80248e-18)
(8.96103 1.42267 0)
(0.0389161 1.44206 0)
(0.116748 1.44151 0)
(0.194425 1.43816 0)
(0.271266 1.42927 0)
(0.34611 1.41357 0)
(0.418318 1.39199 0)
(0.488291 1.36672 -5.85922e-18)
(0.556733 1.33933 0)
(0.624257 1.31079 -3.60725e-18)
(0.691382 1.28178 -3.46206e-18)
(0.758566 1.25286 0)
(0.826066 1.22431 1.68113e-18)
(0.893897 1.19616 -4.666e-18)
(0.961996 1.16834 0)
(1.0303 1.14078 0)
(1.09875 1.1134 -5.49029e-18)
(1.16731 1.08616 0)
(1.23606 1.05917 0)
(1.3052 1.03271 1.91464e-19)
(1.37494 1.00711 -1.91569e-19)
(1.44553 0.982757 -2.52614e-18)
(1.51718 0.960164 1.91833e-19)
(1.59006 0.939826 1.91984e-19)
(1.66419 0.922146 0)
(1.73948 0.90748 -2.08827e-18)
(1.81579 0.896186 0)
(1.89289 0.888592 -5.9119e-18)
(1.97049 0.884942 -4.05865e-18)
(2.04829 0.884126 0)
(2.12612 0.884126 1.92802e-19)
(2.20395 0.884126 1.92802e-19)
(2.28178 0.884126 0)
(2.35962 0.884126 1.92802e-19)
(2.43745 0.884126 1.83735e-18)
(2.51528 0.884126 -3.67471e-18)
(2.59311 0.884126 1.92802e-19)
(2.67094 0.884126 -4.06031e-18)
(2.74878 0.884126 1.92802e-19)
(2.82661 0.884126 -4.06031e-18)
(2.90444 0.884126 0)
(2.98227 0.884126 5.89767e-18)
(3.06011 0.884126 0)
(3.13794 0.884126 5.70487e-18)
(3.21577 0.884126 1.92802e-19)
(3.2936 0.884126 0)
(3.37143 0.884126 1.92802e-19)
(3.44927 0.884126 3.86751e-18)
(3.5271 0.884126 0)
(3.60493 0.884126 -4.06031e-18)
(3.68276 0.884126 0)
(3.76059 0.884126 0)
(3.83843 0.884126 -2.03016e-18)
(3.91626 0.884126 1.92802e-19)
(3.99409 0.884126 5.89767e-18)
(4.07192 0.884126 -3.86751e-18)
(4.14976 0.884126 1.92802e-19)
(4.22759 0.884126 0)
(4.30542 0.884126 -2.03016e-18)
(4.38325 0.884126 -2.03016e-18)
(4.46108 0.884126 1.64455e-18)
(4.53892 0.884126 1.92802e-19)
(4.61675 0.884126 -3.86751e-18)
(4.69458 0.884126 4.06031e-18)
(4.77241 0.884126 1.92802e-19)
(4.85024 0.884126 3.86751e-18)
(4.92808 0.884126 -5.89767e-18)
(5.00591 0.884126 5.89767e-18)
(5.08374 0.884126 0)
(5.16157 0.884126 1.92802e-19)
(5.23941 0.884126 1.92802e-19)
(5.31724 0.884126 0)
(5.39507 0.884126 -2.03016e-18)
(5.4729 0.884126 1.64455e-18)
(5.55073 0.884126 5.70487e-18)
(5.62857 0.884126 0)
(5.7064 0.884126 0)
(5.78423 0.884126 0)
(5.86206 0.884126 -2.03016e-18)
(5.93989 0.884126 -3.86751e-18)
(6.01773 0.884126 -2.03016e-18)
(6.09556 0.884126 0)
(6.17339 0.884126 0)
(6.25122 0.884126 5.70487e-18)
(6.32906 0.884126 -1.83735e-18)
(6.40689 0.884126 0)
(6.48472 0.884126 0)
(6.56255 0.884126 -1.92802e-19)
(6.64038 0.884126 0)
(6.71822 0.884126 -2.03016e-18)
(6.79605 0.884126 0)
(6.87388 0.884126 4.06031e-18)
(6.95171 0.884126 3.86751e-18)
(7.02951 0.884942 0)
(7.10711 0.888592 0)
(7.18421 0.896186 2.05552e-18)
(7.26052 0.90748 6.07452e-18)
(7.33581 0.922146 4.27067e-18)
(7.40994 0.939826 1.93522e-19)
(7.48282 0.960164 2.06701e-18)
(7.55447 0.982757 1.93729e-19)
(7.62506 1.00711 -2.41579e-18)
(7.6948 1.03271 -7.29808e-18)
(7.76394 1.05917 0)
(7.83269 1.08616 -1.94006e-19)
(7.90125 1.1134 2.74795e-18)
(7.9697 1.14078 0)
(8.038 1.16834 -3.13296e-18)
(8.1061 1.19616 0)
(8.17393 1.22431 -1.94317e-19)
(8.24143 1.25286 0)
(8.30862 1.28178 0)
(8.37574 1.31079 0)
(8.44327 1.33933 -1.77353e-18)
(8.51171 1.36672 0)
(8.58168 1.39199 0)
(8.65389 1.41357 -2.05356e-18)
(8.72873 1.42927 0)
(8.80557 1.43816 0)
(8.88325 1.44151 0)
(8.96108 1.44206 -1.83735e-18)
(0.038865 1.46217 -3.64594e-18)
(0.116595 1.46164 -1.96647e-18)
(0.194178 1.45841 -3.7371e-18)
(0.270955 1.44984 0)
(0.345807 1.4347 1.91272e-19)
(0.418117 1.4139 0)
(0.488272 1.38954 0)
(0.556951 1.36313 1.90586e-19)
(0.624744 1.33563 0)
(0.692152 1.30767 -3.33466e-18)
(0.759618 1.27978 -1.49985e-18)
(0.827388 1.25226 0)
(0.895476 1.22512 -1.9102e-19)
(0.963824 1.19831 0)
(1.03237 1.17174 -2.73597e-18)
(1.10106 1.14535 -5.29842e-18)
(1.16984 1.11909 0)
(1.23882 1.09307 -4.97757e-18)
(1.30817 1.06757 2.40973e-18)
(1.3781 1.04288 -1.91568e-19)
(1.44885 1.01941 -2.25691e-18)
(1.52062 0.997634 1.99324e-18)
(1.59358 0.97803 1.92884e-18)
(1.66774 0.960986 2.06654e-18)
(1.74301 0.946849 2.21531e-18)
(1.81927 0.935962 0)
(1.8963 0.928642 5.53125e-18)
(1.9738 0.925123 3.93364e-18)
(2.0515 0.924336 -5.70987e-18)
(2.12923 0.924336 0)
(2.20696 0.924336 1.77475e-18)
(2.28469 0.924336 0)
(2.36242 0.924336 1.96756e-18)
(2.44015 0.924336 -5.70987e-18)
(2.51788 0.924336 1.92804e-19)
(2.59561 0.924336 0)
(2.67334 0.924336 0)
(2.75107 0.924336 0)
(2.8288 0.924336 1.92804e-19)
(2.90653 0.924336 0)
(2.98426 0.924336 0)
(3.06199 0.924336 -1.92804e-19)
(3.13972 0.924336 1.77475e-18)
(3.21745 0.924336 0)
(3.29518 0.924336 1.92804e-19)
(3.37291 0.924336 0)
(3.45064 0.924336 0)
(3.52837 0.924336 -5.70987e-18)
(3.6061 0.924336 3.74231e-18)
(3.68383 0.924336 0)
(3.76156 0.924336 1.92804e-19)
(3.83929 0.924336 0)
(3.91702 0.924336 0)
(3.99475 0.924336 4.12792e-18)
(4.07248 0.924336 1.92804e-19)
(4.15021 0.924336 0)
(4.22794 0.924336 3.5495e-18)
(4.30567 0.924336 1.77475e-18)
(4.3834 0.924336 1.92804e-19)
(4.46113 0.924336 -1.96756e-18)
(4.53887 0.924336 1.96756e-18)
(4.6166 0.924336 1.92804e-19)
(4.69433 0.924336 1.77475e-18)
(4.77206 0.924336 3.5495e-18)
(4.84979 0.924336 0)
(4.92752 0.924336 1.92804e-19)
(5.00525 0.924336 -1.96756e-18)
(5.08298 0.924336 3.74231e-18)
(5.16071 0.924336 0)
(5.23844 0.924336 -1.92804e-19)
(5.31617 0.924336 -1.92804e-19)
(5.3939 0.924336 1.77475e-18)
(5.47163 0.924336 -1.96756e-18)
(5.54936 0.924336 1.77475e-18)
(5.62709 0.924336 1.58195e-18)
(5.70482 0.924336 0)
(5.78255 0.924336 -1.96756e-18)
(5.86028 0.924336 -1.96756e-18)
(5.93801 0.924336 1.92804e-19)
(6.01574 0.924336 -1.96756e-18)
(6.09347 0.924336 0)
(6.1712 0.924336 1.92804e-19)
(6.24893 0.924336 -1.92804e-19)
(6.32666 0.924336 -1.96756e-18)
(6.40439 0.924336 3.5495e-18)
(6.48212 0.924336 1.92804e-19)
(6.55985 0.924336 -1.92804e-19)
(6.63758 0.924336 3.74231e-18)
(6.71531 0.924336 1.92804e-19)
(6.79304 0.924336 -1.96756e-18)
(6.87077 0.924336 -1.92804e-19)
(6.9485 0.924336 0)
(7.0262 0.925123 -1.96694e-18)
(7.1037 0.928642 0)
(7.18073 0.935962 -1.99191e-18)
(7.25699 0.946849 4.24132e-18)
(7.33226 0.960986 -2.06781e-18)
(7.40642 0.97803 0)
(7.47938 0.997634 -6.17335e-18)
(7.55115 1.01941 -4.32416e-18)
(7.6219 1.04288 4.47504e-18)
(7.69183 1.06757 -4.43653e-18)
(7.76118 1.09307 4.98271e-18)
(7.83016 1.11909 -1.94e-19)
(7.89894 1.14535 -5.30403e-18)
(7.96763 1.17174 2.54479e-18)
(8.03618 1.19831 0)
(8.10452 1.22512 0)
(8.17261 1.25226 0)
(8.24038 1.27978 1.69425e-18)
(8.30785 1.30767 1.76649e-18)
(8.37526 1.33563 -8.98652e-18)
(8.44305 1.36313 -3.40927e-18)
(8.51173 1.38954 1.95051e-18)
(8.58188 1.4139 3.76998e-18)
(8.65419 1.4347 1.98624e-18)
(8.72904 1.44984 5.52608e-18)
(8.80582 1.45841 0)
(8.8834 1.46164 0)
(8.96113 1.46217 0)
(0.0388121 1.48301 -9.64329e-20)
(0.116437 1.4825 0)
(0.193922 1.47939 0)
(0.270633 1.47116 0)
(0.345493 1.45661 3.83687e-18)
(0.417909 1.43662 0)
(0.488252 1.4132 -3.37687e-18)
(0.557176 1.38781 -1.90588e-19)
(0.625248 1.36137 1.76799e-18)
(0.692951 1.3345 0)
(0.760707 1.30769 0)
(0.828757 1.28124 2.94693e-18)
(0.897113 1.25515 0)
(0.965718 1.22938 0)
(1.03452 1.20384 0)
(1.10344 1.17847 -4.92215e-18)
(1.17247 1.15322 0)
(1.24168 1.12822 0)
(1.31125 1.1037 2.32759e-18)
(1.38138 1.07998 0)
(1.45229 1.05741 0)
(1.52419 1.03648 -4.22781e-18)
(1.59722 1.01763 0)
(1.67141 1.00125 -4.0028e-18)
(1.74668 0.98766 3.34327e-18)
(1.82289 0.977195 -3.66721e-18)
(1.89983 0.970158 0)
(1.97724 0.966776 5.52686e-18)
(2.05483 0.96602 0)
(2.13246 0.96602 0)
(2.21008 0.96602 1.90718e-18)
(2.28771 0.96602 0)
(2.36533 0.96602 5.52872e-18)
(2.44296 0.96602 1.71437e-18)
(2.52058 0.96602 -1.92806e-19)
(2.5982 0.96602 1.90718e-18)
(2.67583 0.96602 0)
(2.75345 0.96602 0)
(2.83108 0.96602 1.92806e-19)
(2.9087 0.96602 -3.42874e-18)
(2.98633 0.96602 -3.62154e-18)
(3.06395 0.96602 0)
(3.14157 0.96602 1.92806e-19)
(3.2192 0.96602 5.33591e-18)
(3.29682 0.96602 1.92806e-19)
(3.37445 0.96602 0)
(3.45207 0.96602 0)
(3.5297 0.96602 -1.92806e-19)
(3.60732 0.96602 0)
(3.68494 0.96602 0)
(3.76257 0.96602 5.52872e-18)
(3.84019 0.96602 -3.62154e-18)
(3.91782 0.96602 7.43589e-18)
(3.99544 0.96602 1.92806e-19)
(4.07307 0.96602 -1.71437e-18)
(4.15069 0.96602 0)
(4.22831 0.96602 -1.90718e-18)
(4.30594 0.96602 0)
(4.38356 0.96602 0)
(4.46119 0.96602 0)
(4.53881 0.96602 0)
(4.61644 0.96602 1.92806e-19)
(4.69406 0.96602 0)
(4.77169 0.96602 0)
(4.84931 0.96602 0)
(4.92693 0.96602 0)
(5.00456 0.96602 0)
(5.08218 0.96602 -3.81435e-18)
(5.15981 0.96602 0)
(5.23743 0.96602 -1.90718e-18)
(5.31506 0.96602 -1.92806e-19)
(5.39268 0.96602 1.90718e-18)
(5.4703 0.96602 0)
(5.54793 0.96602 0)
(5.62555 0.96602 1.92806e-19)
(5.70318 0.96602 0)
(5.7808 0.96602 1.90718e-18)
(5.85843 0.96602 5.52872e-18)
(5.93605 0.96602 -1.90718e-18)
(6.01367 0.96602 5.52872e-18)
(6.0913 0.96602 0)
(6.16892 0.96602 0)
(6.24655 0.96602 0)
(6.32417 0.96602 0)
(6.4018 0.96602 1.90718e-18)
(6.47942 0.96602 0)
(6.55704 0.96602 1.92806e-19)
(6.63467 0.96602 1.90718e-18)
(6.71229 0.96602 0)
(6.78992 0.96602 1.90718e-18)
(6.86754 0.96602 1.92806e-19)
(6.94517 0.96602 0)
(7.02276 0.966776 -1.90666e-18)
(7.10017 0.970158 1.71909e-18)
(7.17711 0.977195 3.66792e-18)
(7.25332 0.98766 0)
(7.32859 1.00125 -2.00267e-18)
(7.40278 1.01763 4.10894e-18)
(7.47581 1.03648 1.92207e-18)
(7.54771 1.05741 0)
(7.61862 1.07998 0)
(7.68875 1.1037 4.85388e-18)
(7.75832 1.12822 0)
(7.82753 1.15322 0)
(7.89656 1.17847 -4.73091e-18)
(7.96548 1.20384 -1.94091e-19)
(8.03428 1.22938 0)
(8.10289 1.25515 0)
(8.17124 1.28124 3.1446e-18)
(8.23929 1.30769 0)
(8.30705 1.3345 1.70507e-18)
(8.37475 1.36137 -1.94549e-19)
(8.44282 1.38781 0)
(8.51175 1.4132 0)
(8.58209 1.43662 -1.91508e-18)
(8.65451 1.45661 0)
(8.72937 1.47116 1.90909e-18)
(8.80608 1.47939 -1.93212e-19)
(8.88356 1.4825 -3.81252e-18)
(8.96119 1.48301 3.62154e-18)
(0.0387573 1.50461 0)
(0.116273 1.50413 -5.15814e-18)
(0.193656 1.50115 -1.92384e-19)
(0.270299 1.49326 0)
(0.345168 1.47931 1.91272e-19)
(0.417693 1.46016 0)
(0.488232 1.43772 1.81401e-18)
(0.55741 1.4134 0)
(0.625771 1.38806 0)
(0.693778 1.36231 1.64208e-18)
(0.761837 1.33663 0)
(0.830177 1.31128 5.68144e-18)
(0.89881 1.28628 2.73232e-18)
(0.967682 1.26158 -2.44389e-18)
(1.03674 1.23711 2.54717e-18)
(1.10592 1.2128 0)
(1.1752 1.18861 0)
(1.24465 1.16465 1.91375e-19)
(1.31444 1.14116 6.55361e-18)
(1.38478 1.11842 -1.91567e-19)
(1.45585 1.0968 1.9169e-19)
(1.52788 1.07674 0)
(1.601 1.05869 1.98744e-18)
(1.67522 1.04299 0)
(1.75048 1.02997 -5.50578e-18)
(1.82664 1.01994 7.09765e-18)
(1.9035 1.0132 0)
(1.9808 1.00995 0)
(2.05829 1.00923 0)
(2.1358 1.00923 0)
(2.21332 1.00923 0)
(2.29083 1.00923 -1.92809e-19)
(2.36835 1.00923 -7.01012e-18)
(2.44586 1.00923 -5.35399e-18)
(2.52338 1.00923 -7.01012e-18)
(2.60089 1.00923 0)
(2.67841 1.00923 -1.92809e-19)
(2.75592 1.00923 -3.50506e-18)
(2.83344 1.00923 -1.65613e-18)
(2.91095 1.00923 -1.92809e-19)
(2.98846 1.00923 -6.81731e-18)
(3.06598 1.00923 0)
(3.14349 1.00923 -1.84893e-18)
(3.22101 1.00923 0)
(3.29852 1.00923 3.50506e-18)
(3.37604 1.00923 -7.01012e-18)
(3.45355 1.00923 0)
(3.53107 1.00923 0)
(3.60858 1.00923 0)
(3.6861 1.00923 0)
(3.76361 1.00923 0)
(3.84113 1.00923 -7.20293e-18)
(3.91864 1.00923 -1.92809e-19)
(3.99615 1.00923 0)
(4.07367 1.00923 1.84893e-18)
(4.15118 1.00923 -7.01012e-18)
(4.2287 1.00923 0)
(4.30621 1.00923 -1.65613e-18)
(4.38373 1.00923 -1.84893e-18)
(4.46124 1.00923 -7.01012e-18)
(4.53876 1.00923 -7.01012e-18)
(4.61627 1.00923 0)
(4.69379 1.00923 5.35399e-18)
(4.7713 1.00923 -1.84893e-18)
(4.84882 1.00923 -7.20293e-18)
(4.92633 1.00923 0)
(5.00385 1.00923 0)
(5.08136 1.00923 -7.20293e-18)
(5.15887 1.00923 -1.84893e-18)
(5.23639 1.00923 -7.01012e-18)
(5.3139 1.00923 0)
(5.39142 1.00923 5.16119e-18)
(5.46893 1.00923 -7.01012e-18)
(5.54645 1.00923 0)
(5.62396 1.00923 0)
(5.70148 1.00923 3.50506e-18)
(5.77899 1.00923 -7.01012e-18)
(5.85651 1.00923 -7.01012e-18)
(5.93402 1.00923 0)
(6.01154 1.00923 1.65613e-18)
(6.08905 1.00923 0)
(6.16656 1.00923 -7.20293e-18)
(6.24408 1.00923 -3.50506e-18)
(6.32159 1.00923 1.84893e-18)
(6.39911 1.00923 -7.01012e-18)
(6.47662 1.00923 7.01012e-18)
(6.55414 1.00923 1.65613e-18)
(6.63165 1.00923 0)
(6.70917 1.00923 -9.05186e-18)
(6.78668 1.00923 0)
(6.8642 1.00923 7.01012e-18)
(6.94171 1.00923 -3.31225e-18)
(7.0192 1.00995 1.92871e-19)
(7.0965 1.0132 0)
(7.17336 1.01994 -1.87135e-18)
(7.24952 1.02997 3.41413e-18)
(7.32478 1.04299 -1.93984e-18)
(7.399 1.05869 1.98898e-18)
(7.47212 1.07674 2.04705e-18)
(7.54415 1.0968 1.91827e-18)
(7.61522 1.11842 -4.36047e-18)
(7.68556 1.14116 -1.93873e-19)
(7.75535 1.16465 2.129e-18)
(7.8248 1.18861 -2.20204e-18)
(7.89408 1.2128 2.47027e-18)
(7.96326 1.23711 -5.10013e-18)
(8.03232 1.26158 -1.94142e-19)
(8.10119 1.28628 0)
(8.16982 1.31128 -1.94287e-19)
(8.23816 1.33663 0)
(8.30622 1.36231 0)
(8.37423 1.38806 -3.22541e-18)
(8.44259 1.4134 -6.49138e-18)
(8.51177 1.43772 -1.62335e-18)
(8.58231 1.46016 -5.35664e-18)
(8.65483 1.47931 0)
(8.7297 1.49326 3.31114e-18)
(8.80634 1.50115 -1.93214e-19)
(8.88373 1.50413 -1.65514e-18)
(8.96124 1.50461 0)
(0.0387005 1.52701 -3.29633e-18)
(0.116103 1.52654 1.92729e-19)
(0.19338 1.5237 -1.78913e-18)
(0.269952 1.51617 0)
(0.34483 1.50286 0)
(0.41747 1.48457 0)
(0.488211 1.46314 -1.75126e-18)
(0.557652 1.43992 -1.90593e-19)
(0.626313 1.41573 -1.64633e-18)
(0.694636 1.39114 0)
(0.763008 1.36662 2.66331e-18)
(0.831649 1.34242 -2.73832e-18)
(0.900569 1.31855 0)
(0.969718 1.29497 2.35072e-18)
(1.03904 1.2716 2.64897e-18)
(1.10849 1.24839 2.38144e-18)
(1.17802 1.2253 0)
(1.24772 1.20242 0)
(1.31775 1.17999 0)
(1.3883 1.15828 0)
(1.45955 1.13764 0)
(1.53171 1.11849 0)
(1.60492 1.10124 3.65653e-18)
(1.67917 1.08626 1.68581e-18)
(1.75442 1.07382 -6.97857e-18)
(1.83052 1.06425 0)
(1.9073 1.05781 0)
(1.9845 1.05471 -1.92752e-19)
(2.06187 1.05402 -3.39271e-18)
(2.13927 1.05402 0)
(2.21667 1.05402 0)
(2.29407 1.05402 0)
(2.37147 1.05402 -1.92811e-19)
(2.44888 1.05402 0)
(2.52628 1.05402 0)
(2.60368 1.05402 0)
(2.68108 1.05402 0)
(2.75848 1.05402 0)
(2.83588 1.05402 6.78541e-18)
(2.91328 1.05402 -1.92811e-19)
(2.99068 1.05402 -3.39271e-18)
(3.06808 1.05402 6.5926e-18)
(3.14548 1.05402 3.58552e-18)
(3.22288 1.05402 6.5926e-18)
(3.30029 1.05402 0)
(3.37769 1.05402 0)
(3.45509 1.05402 0)
(3.53249 1.05402 1.79276e-18)
(3.60989 1.05402 0)
(3.68729 1.05402 0)
(3.76469 1.05402 1.59995e-18)
(3.84209 1.05402 0)
(3.91949 1.05402 6.5926e-18)
(3.99689 1.05402 0)
(4.07429 1.05402 1.79276e-18)
(4.1517 1.05402 -1.92811e-19)
(4.2291 1.05402 0)
(4.3065 1.05402 0)
(4.3839 1.05402 0)
(4.4613 1.05402 0)
(4.5387 1.05402 -1.92811e-19)
(4.6161 1.05402 0)
(4.6935 1.05402 0)
(4.7709 1.05402 0)
(4.8483 1.05402 -1.92811e-19)
(4.92571 1.05402 -1.79276e-18)
(5.00311 1.05402 1.92811e-19)
(5.08051 1.05402 -1.92811e-19)
(5.15791 1.05402 0)
(5.23531 1.05402 0)
(5.31271 1.05402 0)
(5.39011 1.05402 1.92811e-19)
(5.46751 1.05402 -1.79276e-18)
(5.54491 1.05402 4.99265e-18)
(5.62231 1.05402 1.92811e-19)
(5.69971 1.05402 -1.92811e-19)
(5.77712 1.05402 0)
(5.85452 1.05402 6.78541e-18)
(5.93192 1.05402 -1.79276e-18)
(6.00932 1.05402 1.92811e-19)
(6.08672 1.05402 6.78541e-18)
(6.16412 1.05402 -1.79276e-18)
(6.24152 1.05402 4.99265e-18)
(6.31892 1.05402 -1.92811e-19)
(6.39632 1.05402 -1.92811e-19)
(6.47372 1.05402 -1.79276e-18)
(6.55112 1.05402 -1.92811e-19)
(6.62853 1.05402 -3.58552e-18)
(6.70593 1.05402 -1.92811e-19)
(6.78333 1.05402 -4.99265e-18)
(6.86073 1.05402 -1.79276e-18)
(6.93813 1.05402 1.92811e-19)
(7.0155 1.05471 -1.92874e-19)
(7.0927 1.05781 1.60452e-18)
(7.16948 1.06425 3.43536e-18)
(7.24558 1.07382 8.82236e-18)
(7.32083 1.08626 5.44427e-18)
(7.39508 1.10124 0)
(7.46829 1.11849 0)
(7.54045 1.13764 1.93719e-19)
(7.6117 1.15828 -4.02063e-18)
(7.68225 1.17999 -4.34869e-18)
(7.75228 1.20242 -2.24318e-18)
(7.82198 1.2253 0)
(7.89151 1.24839 0)
(7.96096 1.2716 0)
(8.03028 1.29497 0)
(8.09943 1.31855 -5.27604e-18)
(8.16835 1.34242 -5.48336e-18)
(8.23699 1.36662 0)
(8.30536 1.39114 0)
(8.37369 1.41573 -1.65025e-18)
(8.44235 1.43992 3.21954e-18)
(8.51179 1.46314 -4.87632e-18)
(8.58253 1.48457 -1.78793e-18)
(8.65517 1.50286 0)
(8.73005 1.51617 -4.98717e-18)
(8.80662 1.5237 3.3867e-18)
(8.8839 1.52654 -5.18268e-18)
(8.9613 1.52701 -1.92811e-19)
(0.0386415 1.55023 0)
(0.115927 1.54978 1.92731e-19)
(0.193095 1.54708 -4.81928e-18)
(0.269593 1.53992 -1.91865e-19)
(0.344481 1.52726 0)
(0.417238 1.50987 4.98171e-18)
(0.488189 1.4895 1.69077e-18)
(0.557903 1.46742 1.90596e-19)
(0.626875 1.44441 0)
(0.695525 1.42103 5.92948e-18)
(0.764222 1.39771 -1.90802e-19)
(0.833174 1.3747 2.63961e-18)
(0.902392 1.352 -2.54086e-18)
(0.971828 1.32958 -2.26088e-18)
(1.04143 1.30736 2.37159e-18)
(1.11115 1.28529 -1.91245e-19)
(1.18095 1.26333 -4.46083e-18)
(1.25091 1.24157 0)
(1.32119 1.22024 2.09824e-18)
(1.39195 1.1996 3.87755e-18)
(1.46339 1.17997 1.91689e-19)
(1.53569 1.16176 0)
(1.60898 1.14536 -8.93258e-18)
(1.68327 1.13111 -3.63896e-18)
(1.7585 1.11928 0)
(1.83455 1.11018 0)
(1.91124 1.10406 -1.92604e-19)
(1.98833 1.10111 -3.28365e-18)
(2.06558 1.10046 0)
(2.14287 1.10046 0)
(2.22015 1.10046 0)
(2.29743 1.10046 -5.02291e-18)
(2.37472 1.10046 0)
(2.452 1.10046 0)
(2.52928 1.10046 6.56867e-18)
(2.60656 1.10046 0)
(2.68385 1.10046 0)
(2.76113 1.10046 0)
(2.83841 1.10046 0)
(2.9157 1.10046 1.73858e-18)
(2.99298 1.10046 -4.8301e-18)
(3.07026 1.10046 0)
(3.14755 1.10046 3.28434e-18)
(3.22483 1.10046 -1.73858e-18)
(3.30211 1.10046 3.28434e-18)
(3.3794 1.10046 -4.8301e-18)
(3.45668 1.10046 0)
(3.53396 1.10046 0)
(3.61124 1.10046 0)
(3.68853 1.10046 0)
(3.76581 1.10046 -1.73858e-18)
(3.84309 1.10046 0)
(3.92038 1.10046 -1.92814e-19)
(3.99766 1.10046 3.28434e-18)
(4.07494 1.10046 0)
(4.15223 1.10046 -4.8301e-18)
(4.22951 1.10046 0)
(4.30679 1.10046 0)
(4.38408 1.10046 0)
(4.46136 1.10046 -1.92814e-19)
(4.53864 1.10046 4.8301e-18)
(4.61592 1.10046 0)
(4.69321 1.10046 4.8301e-18)
(4.77049 1.10046 0)
(4.84777 1.10046 0)
(4.92506 1.10046 0)
(5.00234 1.10046 0)
(5.07962 1.10046 -1.92814e-19)
(5.15691 1.10046 4.8301e-18)
(5.23419 1.10046 0)
(5.31147 1.10046 0)
(5.38876 1.10046 -1.92814e-19)
(5.46604 1.10046 -5.02291e-18)
(5.54332 1.10046 3.09152e-18)
(5.6206 1.10046 0)
(5.69789 1.10046 0)
(5.77517 1.10046 0)
(5.85245 1.10046 0)
(5.92974 1.10046 -4.8301e-18)
(6.00702 1.10046 0)
(6.0843 1.10046 -1.92814e-19)
(6.16159 1.10046 0)
(6.23887 1.10046 -4.8301e-18)
(6.31615 1.10046 0)
(6.39344 1.10046 -4.8301e-18)
(6.47072 1.10046 1.92814e-19)
(6.548 1.10046 0)
(6.62528 1.10046 1.73858e-18)
(6.70257 1.10046 -1.92814e-19)
(6.77985 1.10046 -1.92814e-19)
(6.85713 1.10046 -1.92814e-19)
(6.93442 1.10046 -6.56867e-18)
(7.01167 1.10111 0)
(7.08876 1.10406 -4.84382e-18)
(7.16545 1.11018 -8.21646e-18)
(7.2415 1.11928 -1.592e-18)
(7.31673 1.13111 0)
(7.39102 1.14536 1.86485e-18)
(7.46431 1.16176 1.93625e-19)
(7.53661 1.17997 -7.51362e-18)
(7.60805 1.1996 0)
(7.67881 1.22024 -4.00742e-18)
(7.74909 1.24157 0)
(7.81905 1.26333 -6.50529e-18)
(7.88885 1.28529 2.30125e-18)
(7.95857 1.30736 0)
(8.02817 1.32958 4.71589e-18)
(8.09761 1.352 0)
(8.16683 1.3747 -5.2859e-18)
(8.23578 1.39771 0)
(8.30447 1.42103 -3.26204e-18)
(8.37312 1.44441 0)
(8.4421 1.46742 0)
(8.51181 1.4895 1.94517e-19)
(8.58276 1.50987 -1.94403e-19)
(8.65552 1.52726 0)
(8.73041 1.53992 1.93672e-19)
(8.80691 1.54708 1.93219e-19)
(8.88407 1.54978 0)
(8.96136 1.55023 -6.56867e-18)
(0.0385805 1.5743 -3.08344e-18)
(0.115744 1.57388 0)
(0.192799 1.57132 0)
(0.26922 1.56454 1.91866e-19)
(0.344118 1.55256 1.91272e-19)
(0.416997 1.5361 0)
(0.488166 1.51681 -3.07423e-18)
(0.558163 1.49592 -1.58629e-18)
(0.627458 1.47414 -1.90611e-19)
(0.696447 1.45201 0)
(0.765481 1.42994 -5.29916e-18)
(0.834756 1.40816 -2.35352e-18)
(0.904283 1.38668 -2.25922e-18)
(0.974016 1.36545 0)
(1.04391 1.34442 6.67427e-18)
(1.11391 1.32353 0)
(1.18399 1.30275 0)
(1.25422 1.28216 0)
(1.32474 1.26197 0)
(1.39573 1.24243 -1.96663e-18)
(1.46736 1.22385 -1.91689e-19)
(1.5398 1.20661 0)
(1.61318 1.19109 -5.22157e-18)
(1.68751 1.1776 0)
(1.76273 1.16641 0)
(1.83872 1.15779 0)
(1.91532 1.152 0)
(1.9923 1.14921 -1.92757e-19)
(2.06943 1.14859 3.17981e-18)
(2.14659 1.14859 3.17981e-18)
(2.22375 1.14859 1.92816e-19)
(2.30091 1.14859 0)
(2.37807 1.14859 -1.92816e-19)
(2.45524 1.14859 0)
(2.5324 1.14859 3.17981e-18)
(2.60956 1.14859 0)
(2.68672 1.14859 0)
(2.76388 1.14859 -1.92816e-19)
(2.84104 1.14859 0)
(2.9182 1.14859 -1.92816e-19)
(2.99536 1.14859 3.17981e-18)
(3.07252 1.14859 0)
(3.14968 1.14859 1.92816e-19)
(3.22684 1.14859 0)
(3.30401 1.14859 1.92816e-19)
(3.38117 1.14859 -3.17981e-18)
(3.45833 1.14859 1.92816e-19)
(3.53549 1.14859 0)
(3.61265 1.14859 -1.92816e-19)
(3.68981 1.14859 3.17981e-18)
(3.76697 1.14859 7.85312e-18)
(3.84413 1.14859 0)
(3.92129 1.14859 0)
(3.99845 1.14859 0)
(4.07561 1.14859 4.67331e-18)
(4.15278 1.14859 7.85312e-18)
(4.22994 1.14859 -6.35962e-18)
(4.3071 1.14859 1.4935e-18)
(4.38426 1.14859 9.53943e-18)
(4.46142 1.14859 7.85312e-18)
(4.53858 1.14859 6.55244e-18)
(4.61574 1.14859 3.17981e-18)
(4.6929 1.14859 1.68631e-18)
(4.77006 1.14859 4.67331e-18)
(4.84722 1.14859 7.85312e-18)
(4.92439 1.14859 0)
(5.00155 1.14859 7.85312e-18)
(5.07871 1.14859 6.16681e-18)
(5.15587 1.14859 0)
(5.23303 1.14859 6.55244e-18)
(5.31019 1.14859 0)
(5.38735 1.14859 7.85312e-18)
(5.46451 1.14859 -6.35962e-18)
(5.54167 1.14859 1.4935e-18)
(5.61883 1.14859 6.35962e-18)
(5.69599 1.14859 7.85312e-18)
(5.77316 1.14859 9.53943e-18)
(5.85032 1.14859 7.85312e-18)
(5.92748 1.14859 1.68631e-18)
(6.00464 1.14859 4.67331e-18)
(6.0818 1.14859 0)
(6.15896 1.14859 -6.35962e-18)
(6.23612 1.14859 8.04594e-18)
(6.31328 1.14859 6.16681e-18)
(6.39044 1.14859 6.55244e-18)
(6.4676 1.14859 -3.17981e-18)
(6.54476 1.14859 7.85312e-18)
(6.62193 1.14859 1.92816e-19)
(6.69909 1.14859 7.85312e-18)
(6.77625 1.14859 7.85312e-18)
(6.85341 1.14859 -6.35962e-18)
(6.93057 1.14859 0)
(7.0077 1.14921 0)
(7.08468 1.152 -1.69097e-18)
(7.16128 1.15779 0)
(7.23727 1.16641 0)
(7.31249 1.1776 -1.76436e-18)
(7.38682 1.19109 -5.22464e-18)
(7.4602 1.20661 0)
(7.53264 1.22385 -5.73151e-18)
(7.60427 1.24243 0)
(7.67526 1.26197 -1.8357e-18)
(7.74578 1.28216 1.89818e-18)
(7.81601 1.30275 -6.07991e-18)
(7.88609 1.32353 2.22124e-18)
(7.95609 1.34442 2.29136e-18)
(8.02598 1.36545 2.36838e-18)
(8.09572 1.38668 0)
(8.16524 1.40816 0)
(8.23452 1.42994 5.30622e-18)
(8.30355 1.45201 0)
(8.37254 1.47414 0)
(8.44184 1.49592 0)
(8.51183 1.51681 0)
(8.583 1.5361 0)
(8.65588 1.55256 1.68373e-18)
(8.73078 1.56454 0)
(8.8072 1.57132 0)
(8.88426 1.57388 3.17795e-18)
(8.96142 1.5743 3.17981e-18)
(0.0385171 1.59925 0)
(0.115555 1.59885 6.15397e-18)
(0.192492 1.59644 9.01958e-18)
(0.268834 1.59006 0)
(0.343742 1.57878 1.81792e-18)
(0.416748 1.56329 6.05895e-18)
(0.488142 1.54513 0)
(0.558433 1.52546 -3.25269e-18)
(0.628062 1.50497 -3.81228e-19)
(0.697403 1.48413 0)
(0.766786 1.46335 2.55282e-18)
(0.836395 1.44285 0)
(0.906242 1.42263 2.36289e-18)
(0.976283 1.40264 4.37259e-18)
(1.04647 1.38285 0)
(1.11677 1.36318 -2.14132e-18)
(1.18714 1.34361 4.1578e-18)
(1.25764 1.32423 -1.82666e-18)
(1.32843 1.30522 0)
(1.39966 1.28683 0)
(1.47148 1.26934 5.15466e-18)
(1.54407 1.25311 0)
(1.61755 1.2385 0)
(1.69191 1.2258 0)
(1.76712 1.21527 0)
(1.84305 1.20715 1.92453e-19)
(1.91955 1.2017 0)
(1.99641 1.19908 0)
(2.07342 1.19849 0)
(2.15045 1.19849 9.42981e-18)
(2.22749 1.19849 0)
(2.30452 1.19849 -1.63591e-18)
(2.38156 1.19849 0)
(2.45859 1.19849 0)
(2.53563 1.19849 0)
(2.61266 1.19849 0)
(2.68969 1.19849 0)
(2.76673 1.19849 0)
(2.84376 1.19849 -1.82873e-18)
(2.9208 1.19849 0)
(2.99783 1.19849 -1.63591e-18)
(3.07487 1.19849 -1.44309e-18)
(3.1519 1.19849 0)
(3.22893 1.19849 0)
(3.30597 1.19849 0)
(3.383 1.19849 0)
(3.46004 1.19849 0)
(3.53707 1.19849 -1.63591e-18)
(3.61411 1.19849 -1.63591e-18)
(3.69114 1.19849 0)
(3.76817 1.19849 0)
(3.84521 1.19849 0)
(3.92224 1.19849 -1.44309e-18)
(3.99928 1.19849 -1.63591e-18)
(4.07631 1.19849 0)
(4.15335 1.19849 0)
(4.23038 1.19849 0)
(4.30741 1.19849 1.63591e-18)
(4.38445 1.19849 0)
(4.46148 1.19849 1.92819e-19)
(4.53852 1.19849 0)
(4.61555 1.19849 0)
(4.69259 1.19849 -1.63591e-18)
(4.76962 1.19849 0)
(4.84665 1.19849 1.92819e-19)
(4.92369 1.19849 0)
(5.00072 1.19849 0)
(5.07776 1.19849 0)
(5.15479 1.19849 0)
(5.23183 1.19849 1.63591e-18)
(5.30886 1.19849 0)
(5.38589 1.19849 0)
(5.46293 1.19849 0)
(5.53996 1.19849 0)
(5.617 1.19849 0)
(5.69403 1.19849 0)
(5.77107 1.19849 0)
(5.8481 1.19849 0)
(5.92513 1.19849 0)
(6.00217 1.19849 -1.63591e-18)
(6.0792 1.19849 1.63591e-18)
(6.15624 1.19849 0)
(6.23327 1.19849 1.92819e-19)
(6.31031 1.19849 1.63591e-18)
(6.38734 1.19849 0)
(6.46437 1.19849 0)
(6.54141 1.19849 0)
(6.61844 1.19849 0)
(6.69548 1.19849 1.63591e-18)
(6.77251 1.19849 0)
(6.84955 1.19849 4.52208e-18)
(6.92658 1.19849 4.7149e-18)
(7.00359 1.19908 4.52169e-18)
(7.08045 1.2017 -1.93034e-19)
(7.15695 1.20715 0)
(7.23288 1.21527 1.93302e-19)
(7.30809 1.2258 1.51653e-18)
(7.38245 1.2385 -3.49868e-18)
(7.45593 1.25311 1.79586e-18)
(7.52852 1.26934 8.85276e-18)
(7.60034 1.28683 -1.93787e-19)
(7.67157 1.30522 0)
(7.74236 1.32423 4.04114e-18)
(7.81286 1.34361 0)
(7.88323 1.36318 0)
(7.95353 1.38285 0)
(8.02372 1.40264 0)
(8.09376 1.42263 2.36603e-18)
(8.1636 1.44285 -2.26178e-18)
(8.23321 1.46335 1.94325e-19)
(8.3026 1.48413 0)
(8.37194 1.50497 0)
(8.44157 1.52546 -1.94509e-19)
(8.51186 1.54513 0)
(8.58325 1.56329 0)
(8.65626 1.57878 1.43537e-18)
(8.73117 1.59006 -1.43658e-18)
(8.80751 1.59644 -7.77534e-18)
(8.88445 1.59885 0)
(8.96148 1.59925 -3.079e-18)
(0.0384515 1.62511 0)
(0.115358 1.62474 -5.95951e-18)
(0.192174 1.62249 -1.39028e-18)
(0.268434 1.61651 2.77317e-18)
(0.343352 1.60596 -1.91272e-19)
(0.41649 1.59147 -5.65218e-18)
(0.488118 1.57449 0)
(0.558713 1.55609 0)
(0.628688 1.53692 0)
(0.698394 1.51743 0)
(0.768138 1.49799 0)
(0.838095 1.47881 0)
(0.908274 1.45989 -2.27867e-18)
(0.978634 1.4412 0)
(1.04913 1.42268 -1.91183e-19)
(1.11973 1.40428 -1.87569e-18)
(1.1904 1.38598 -3.82305e-18)
(1.2612 1.36784 -1.94906e-18)
(1.33225 1.35006 3.59351e-18)
(1.40372 1.33286 -1.83791e-18)
(1.47575 1.3165 -1.78576e-18)
(1.5485 1.30131 1.73672e-18)
(1.62207 1.28765 0)
(1.69647 1.27577 0)
(1.77166 1.26591 6.12155e-18)
(1.84753 1.25832 -4.42922e-18)
(1.92394 1.25322 -1.20617e-18)
(2.00068 1.25076 0)
(2.07756 1.25022 0)
(2.15446 1.25022 0)
(2.23136 1.25022 1.92821e-19)
(2.30826 1.25022 4.56905e-18)
(2.38517 1.25022 0)
(2.46207 1.25022 0)
(2.53897 1.25022 -1.58729e-18)
(2.61588 1.25022 0)
(2.69278 1.25022 0)
(2.76968 1.25022 0)
(2.84659 1.25022 -3.17458e-18)
(2.92349 1.25022 -1.92821e-19)
(3.00039 1.25022 0)
(3.07729 1.25022 0)
(3.1542 1.25022 -1.58729e-18)
(3.2311 1.25022 0)
(3.308 1.25022 1.92821e-19)
(3.38491 1.25022 0)
(3.46181 1.25022 0)
(3.53871 1.25022 1.92821e-19)
(3.61562 1.25022 0)
(3.69252 1.25022 1.92821e-19)
(3.76942 1.25022 3.17458e-18)
(3.84632 1.25022 0)
(3.92323 1.25022 1.92821e-19)
(4.00013 1.25022 -1.92821e-19)
(4.07703 1.25022 3.17458e-18)
(4.15394 1.25022 0)
(4.23084 1.25022 2.98176e-18)
(4.30774 1.25022 0)
(4.38465 1.25022 0)
(4.46155 1.25022 0)
(4.53845 1.25022 1.58729e-18)
(4.61535 1.25022 0)
(4.69226 1.25022 0)
(4.76916 1.25022 1.92821e-19)
(4.84606 1.25022 -1.92821e-19)
(4.92297 1.25022 0)
(4.99987 1.25022 0)
(5.07677 1.25022 4.37623e-18)
(5.15368 1.25022 0)
(5.23058 1.25022 5.96352e-18)
(5.30748 1.25022 0)
(5.38438 1.25022 1.92821e-19)
(5.46129 1.25022 0)
(5.53819 1.25022 1.78011e-18)
(5.61509 1.25022 0)
(5.692 1.25022 4.37623e-18)
(5.7689 1.25022 0)
(5.8458 1.25022 0)
(5.92271 1.25022 4.37623e-18)
(5.99961 1.25022 0)
(6.07651 1.25022 0)
(6.15341 1.25022 -4.76187e-18)
(6.23032 1.25022 0)
(6.30722 1.25022 0)
(6.38412 1.25022 0)
(6.46103 1.25022 0)
(6.53793 1.25022 2.98176e-18)
(6.61483 1.25022 1.92821e-19)
(6.69174 1.25022 5.96352e-18)
(6.76864 1.25022 0)
(6.84554 1.25022 0)
(6.92244 1.25022 -1.39447e-18)
(6.99932 1.25076 1.58728e-18)
(7.07606 1.25322 0)
(7.15247 1.25832 -1.93177e-19)
(7.22834 1.26591 8.99204e-18)
(7.30353 1.27577 -1.9342e-19)
(7.37793 1.28765 -1.69463e-18)
(7.4515 1.30131 0)
(7.52425 1.3165 -1.78778e-18)
(7.59628 1.33286 5.3266e-18)
(7.66775 1.35006 0)
(7.7388 1.36784 0)
(7.8096 1.38598 1.93952e-19)
(7.88027 1.40428 -4.13937e-18)
(7.95087 1.42268 0)
(8.02137 1.4412 0)
(8.09173 1.45989 0)
(8.16191 1.47881 0)
(8.23186 1.49799 0)
(8.30161 1.51743 0)
(8.37131 1.53692 0)
(8.44129 1.55609 0)
(8.51188 1.57449 -1.94479e-19)
(8.58351 1.59147 -8.58072e-18)
(8.65665 1.60596 1.94122e-19)
(8.73157 1.61651 0)
(8.80783 1.62249 4.17083e-18)
(8.88464 1.62474 0)
(8.96155 1.62511 0)
(0.0383834 1.65192 0)
(0.115155 1.65158 0)
(0.191844 1.64948 0)
(0.268019 1.64394 -3.06045e-18)
(0.342948 1.63415 0)
(0.416222 1.62069 1.90874e-19)
(0.488092 1.60492 -2.55826e-18)
(0.559003 1.58784 0)
(0.629337 1.57004 0)
(0.699421 1.55194 -2.468e-18)
(0.76954 1.53389 -4.73938e-18)
(0.839857 1.51608 -4.36715e-18)
(0.91038 1.49852 1.91025e-19)
(0.981071 1.48116 -8.30367e-18)
(1.05189 1.46397 0)
(1.1228 1.44689 -1.91245e-19)
(1.19378 1.42989 0)
(1.26488 1.41305 3.57372e-18)
(1.33622 1.39655 6.93197e-18)
(1.40794 1.38057 -1.77695e-18)
(1.48018 1.36538 8.06314e-18)
(1.55308 1.35128 -1.68141e-18)
(1.62675 1.33859 4.34498e-18)
(1.7012 1.32756 0)
(1.77638 1.31841 -1.92299e-19)
(1.85218 1.31136 -2.72918e-18)
(1.92849 1.30662 -1.92614e-19)
(2.0051 1.30435 -5.77584e-18)
(2.08184 1.30384 0)
(2.15861 1.30384 0)
(2.23538 1.30384 3.0808e-18)
(2.31214 1.30384 0)
(2.38891 1.30384 0)
(2.46568 1.30384 0)
(2.54244 1.30384 0)
(2.61921 1.30384 2.88797e-18)
(2.69598 1.30384 0)
(2.77274 1.30384 0)
(2.84951 1.30384 0)
(2.92628 1.30384 0)
(3.00305 1.30384 -1.92824e-19)
(3.07981 1.30384 0)
(3.15658 1.30384 -1.92824e-19)
(3.23335 1.30384 1.11662e-17)
(3.31011 1.30384 0)
(3.38688 1.30384 0)
(3.46365 1.30384 0)
(3.54041 1.30384 1.11662e-17)
(3.61718 1.30384 -2.88797e-18)
(3.69395 1.30384 0)
(3.77071 1.30384 0)
(3.84748 1.30384 0)
(3.92425 1.30384 0)
(4.00102 1.30384 0)
(4.07778 1.30384 0)
(4.15455 1.30384 1.92824e-19)
(4.23132 1.30384 -1.92824e-19)
(4.30808 1.30384 0)
(4.38485 1.30384 -1.92824e-19)
(4.46162 1.30384 0)
(4.53838 1.30384 0)
(4.61515 1.30384 -1.92824e-19)
(4.69192 1.30384 0)
(4.76868 1.30384 1.92824e-19)
(4.84545 1.30384 0)
(4.92222 1.30384 0)
(4.99898 1.30384 0)
(5.07575 1.30384 1.92824e-19)
(5.15252 1.30384 2.88797e-18)
(5.22929 1.30384 0)
(5.30605 1.30384 0)
(5.38282 1.30384 -1.92824e-19)
(5.45959 1.30384 -1.11662e-17)
(5.53635 1.30384 0)
(5.61312 1.30384 0)
(5.68989 1.30384 1.92824e-19)
(5.76665 1.30384 0)
(5.84342 1.30384 0)
(5.92019 1.30384 0)
(5.99695 1.30384 2.88797e-18)
(6.07372 1.30384 0)
(6.15049 1.30384 1.92824e-19)
(6.22726 1.30384 0)
(6.30402 1.30384 -2.88797e-18)
(6.38079 1.30384 0)
(6.45756 1.30384 -2.88797e-18)
(6.53432 1.30384 0)
(6.61109 1.30384 0)
(6.68786 1.30384 0)
(6.76462 1.30384 2.88797e-18)
(6.84139 1.30384 0)
(6.91816 1.30384 5.77595e-18)
(6.9949 1.30435 0)
(7.07151 1.30662 -2.8967e-18)
(7.14782 1.31136 -8.96027e-18)
(7.22362 1.31841 -3.15728e-18)
(7.2988 1.32756 -1.93421e-19)
(7.37325 1.33859 -1.93525e-19)
(7.44692 1.35128 0)
(7.51982 1.36538 9.60313e-18)
(7.59206 1.38057 3.55834e-18)
(7.66378 1.39655 6.93674e-18)
(7.73512 1.41305 0)
(7.80622 1.42989 0)
(7.8772 1.44689 0)
(7.94811 1.46397 0)
(8.01893 1.48116 4.05926e-18)
(8.08962 1.49852 4.20706e-18)
(8.16014 1.51608 2.08811e-18)
(8.23046 1.53389 -2.37318e-18)
(8.30058 1.55194 0)
(8.37066 1.57004 0)
(8.441 1.58784 -5.13805e-18)
(8.51191 1.60492 0)
(8.58378 1.62069 0)
(8.65705 1.63415 3.05345e-18)
(8.73198 1.64394 0)
(8.80816 1.64948 5.75907e-18)
(8.88485 1.65158 -2.88614e-18)
(8.96162 1.65192 -6.1616e-18)
(0.0383129 1.67971 -9.64538e-20)
(0.114944 1.6794 0)
(0.191502 1.67747 -5.3832e-18)
(0.267589 1.67237 0)
(0.34253 1.66336 0)
(0.415945 1.65098 0)
(0.488066 1.63647 0)
(0.559303 1.62075 -5.12704e-18)
(0.63001 1.60437 -2.47133e-18)
(0.700485 1.58772 1.90696e-19)
(0.770993 1.57111 -1.90811e-19)
(0.841683 1.55472 0)
(0.912563 1.53856 -2.11922e-18)
(0.983597 1.52259 -1.66663e-18)
(1.05475 1.50677 0)
(1.12599 1.49105 -5.58689e-18)
(1.19729 1.47541 -1.91301e-19)
(1.2687 1.45992 1.8184e-18)
(1.34033 1.44473 -1.91459e-19)
(1.41231 1.43003 -4.77137e-18)
(1.48476 1.41605 0)
(1.55784 1.40308 -4.50047e-18)
(1.63161 1.3914 2.60284e-18)
(1.7061 1.38125 0)
(1.78126 1.37283 -2.86862e-18)
(1.857 1.36635 0)
(1.9332 1.36199 1.92616e-19)
(2.00968 1.35989 0)
(2.08629 1.35942 -2.99035e-18)
(2.16291 1.35942 2.60469e-18)
(2.23954 1.35942 0)
(2.31616 1.35942 0)
(2.39279 1.35942 0)
(2.46942 1.35942 1.92827e-19)
(2.54604 1.35942 -2.60469e-18)
(2.62267 1.35942 0)
(2.69929 1.35942 0)
(2.77592 1.35942 0)
(2.85255 1.35942 -2.99035e-18)
(2.92917 1.35942 0)
(3.0058 1.35942 -2.99035e-18)
(3.08242 1.35942 0)
(3.15905 1.35942 -2.99035e-18)
(3.23567 1.35942 -1.92827e-19)
(3.3123 1.35942 0)
(3.38893 1.35942 -1.92827e-19)
(3.46555 1.35942 2.99035e-18)
(3.54218 1.35942 -1.92827e-19)
(3.6188 1.35942 5.59504e-18)
(3.69543 1.35942 0)
(3.77205 1.35942 2.60469e-18)
(3.84868 1.35942 1.92827e-19)
(3.92531 1.35942 -5.78787e-18)
(4.00193 1.35942 0)
(4.07856 1.35942 -5.59504e-18)
(4.15518 1.35942 1.92827e-19)
(4.23181 1.35942 0)
(4.30844 1.35942 -5.40222e-18)
(4.38506 1.35942 2.79752e-18)
(4.46169 1.35942 0)
(4.53831 1.35942 0)
(4.61494 1.35942 -2.99035e-18)
(4.69156 1.35942 5.40222e-18)
(4.76819 1.35942 -1.92827e-19)
(4.84482 1.35942 0)
(4.92144 1.35942 0)
(4.99807 1.35942 0)
(5.07469 1.35942 0)
(5.15132 1.35942 0)
(5.22795 1.35942 2.99035e-18)
(5.30457 1.35942 2.99035e-18)
(5.3812 1.35942 0)
(5.45782 1.35942 5.59504e-18)
(5.53445 1.35942 0)
(5.61107 1.35942 2.60469e-18)
(5.6877 1.35942 0)
(5.76433 1.35942 -1.92827e-19)
(5.84095 1.35942 2.79752e-18)
(5.91758 1.35942 -1.92827e-19)
(5.9942 1.35942 0)
(6.07083 1.35942 0)
(6.14745 1.35942 2.79752e-18)
(6.22408 1.35942 0)
(6.30071 1.35942 2.99035e-18)
(6.37733 1.35942 0)
(6.45396 1.35942 0)
(6.53058 1.35942 5.40222e-18)
(6.60721 1.35942 5.59504e-18)
(6.68384 1.35942 1.92827e-19)
(6.76046 1.35942 2.79752e-18)
(6.83709 1.35942 2.99035e-18)
(6.91371 1.35942 0)
(6.99032 1.35989 0)
(7.0668 1.36199 0)
(7.143 1.36635 3.02361e-18)
(7.21874 1.37283 0)
(7.2939 1.38125 0)
(7.36839 1.3914 0)
(7.44216 1.40308 0)
(7.51524 1.41605 0)
(7.58769 1.43003 -4.96735e-18)
(7.65967 1.44473 1.57577e-18)
(7.7313 1.45992 5.07498e-18)
(7.80271 1.47541 -5.23399e-18)
(7.87401 1.49105 0)
(7.94525 1.50677 3.78116e-18)
(8.0164 1.52259 1.94077e-19)
(8.08744 1.53856 -1.94137e-19)
(8.15832 1.55472 2.00595e-18)
(8.22901 1.57111 2.09227e-18)
(8.29951 1.58772 0)
(8.36999 1.60437 0)
(8.4407 1.62075 -2.56737e-18)
(8.51193 1.63647 0)
(8.58406 1.65098 2.52619e-18)
(8.65747 1.66336 0)
(8.73241 1.67237 0)
(8.8085 1.67747 0)
(8.88506 1.6794 2.7957e-18)
(8.96169 1.67971 1.92827e-19)
(0.0382398 1.70852 0)
(0.114725 1.70823 2.51556e-18)
(0.191148 1.70648 1.92398e-19)
(0.267143 1.70184 5.56342e-18)
(0.342096 1.69364 0)
(0.415657 1.68238 2.62029e-18)
(0.488039 1.66917 -1.9068e-19)
(0.559615 1.65487 -2.27764e-18)
(0.630707 1.63996 0)
(0.701589 1.62481 2.28857e-18)
(0.7725 1.6097 4.20842e-18)
(0.843576 1.59478 -1.90927e-19)
(0.914825 1.58007 2.2348e-18)
(0.986216 1.56554 1.9767e-18)
(1.05772 1.55114 0)
(1.12929 1.53684 0)
(1.20092 1.52261 1.91301e-19)
(1.27265 1.50851 5.07829e-18)
(1.34459 1.49468 0)
(1.41684 1.4813 0)
(1.48952 1.46858 -2.85163e-18)
(1.56277 1.45678 0)
(1.63665 1.44615 2.88859e-18)
(1.71119 1.43691 -1.92143e-19)
(1.78633 1.42925 -2.77761e-18)
(1.862 1.42335 0)
(1.93809 1.41938 0)
(2.01443 1.41747 0)
(2.09089 1.41704 -1.9283e-19)
(2.16737 1.41704 -2.51745e-18)
(2.24385 1.41704 1.9283e-19)
(2.32033 1.41704 1.9283e-19)
(2.39681 1.41704 -1.9283e-19)
(2.47329 1.41704 1.9283e-19)
(2.54977 1.41704 3.09595e-18)
(2.62625 1.41704 0)
(2.70273 1.41704 0)
(2.77921 1.41704 1.9283e-19)
(2.85569 1.41704 -2.51745e-18)
(2.93217 1.41704 2.71028e-18)
(3.00865 1.41704 0)
(3.08513 1.41704 1.9283e-19)
(3.16161 1.41704 -5.03491e-18)
(3.23809 1.41704 0)
(3.31457 1.41704 1.9283e-19)
(3.39105 1.41704 -1.9283e-19)
(3.46753 1.41704 -2.51745e-18)
(3.54401 1.41704 0)
(3.62048 1.41704 -5.03491e-18)
(3.69696 1.41704 -2.71028e-18)
(3.77344 1.41704 2.71028e-18)
(3.84992 1.41704 -2.51745e-18)
(3.9264 1.41704 1.9283e-19)
(4.00288 1.41704 -2.32462e-18)
(4.07936 1.41704 -2.51745e-18)
(4.15584 1.41704 -2.51745e-18)
(4.23232 1.41704 1.9283e-19)
(4.3088 1.41704 2.71028e-18)
(4.38528 1.41704 -2.51745e-18)
(4.46176 1.41704 -2.51745e-18)
(4.53824 1.41704 -2.51745e-18)
(4.61472 1.41704 2.90311e-18)
(4.6912 1.41704 2.71028e-18)
(4.76768 1.41704 -2.51745e-18)
(4.84416 1.41704 -2.51745e-18)
(4.92064 1.41704 1.9283e-19)
(4.99712 1.41704 2.71028e-18)
(5.0736 1.41704 1.9283e-19)
(5.15008 1.41704 -2.51745e-18)
(5.22656 1.41704 -2.51745e-18)
(5.30304 1.41704 1.9283e-19)
(5.37952 1.41704 -2.51745e-18)
(5.45599 1.41704 1.9283e-19)
(5.53247 1.41704 -2.51745e-18)
(5.60895 1.41704 1.9283e-19)
(5.68543 1.41704 -2.51745e-18)
(5.76191 1.41704 1.9283e-19)
(5.83839 1.41704 -2.51745e-18)
(5.91487 1.41704 0)
(5.99135 1.41704 -2.51745e-18)
(6.06783 1.41704 -2.51745e-18)
(6.14431 1.41704 1.9283e-19)
(6.22079 1.41704 0)
(6.29727 1.41704 1.9283e-19)
(6.37375 1.41704 -2.51745e-18)
(6.45023 1.41704 1.9283e-19)
(6.52671 1.41704 0)
(6.60319 1.41704 -2.51745e-18)
(6.67967 1.41704 -2.51745e-18)
(6.75615 1.41704 -2.51745e-18)
(6.83263 1.41704 -2.51745e-18)
(6.90911 1.41704 5.42057e-18)
(6.98557 1.41747 0)
(7.06191 1.41938 -2.52575e-18)
(7.138 1.42335 2.93494e-18)
(7.21367 1.42925 2.77862e-18)
(7.28881 1.43691 2.82838e-18)
(7.36335 1.44615 -1.93526e-19)
(7.43723 1.45678 -5.92618e-18)
(7.51048 1.46858 0)
(7.58316 1.4813 6.4609e-18)
(7.65541 1.49468 3.22676e-18)
(7.72735 1.50851 -1.93881e-19)
(7.79908 1.52261 1.93927e-19)
(7.87071 1.53684 8.9225e-18)
(7.94228 1.55114 -3.64264e-18)
(8.01378 1.56554 1.97965e-18)
(8.08517 1.58007 -1.94126e-19)
(8.15642 1.59478 -1.94193e-19)
(8.2275 1.6097 1.9427e-19)
(8.29841 1.62481 -1.94349e-19)
(8.36929 1.63996 -1.94412e-19)
(8.44039 1.65487 4.94417e-18)
(8.51196 1.66917 0)
(8.58434 1.68238 0)
(8.6579 1.69364 2.66809e-18)
(8.73286 1.70184 1.93681e-19)
(8.80885 1.70648 0)
(8.88528 1.70823 0)
(8.96176 1.70852 -2.71028e-18)
(0.038164 1.73839 0)
(0.114498 1.73813 -4.86285e-18)
(0.19078 1.73656 -1.924e-19)
(0.266681 1.73239 -2.59919e-18)
(0.341646 1.72503 0)
(0.415358 1.71492 2.52698e-18)
(0.48801 1.70308 -7.18231e-18)
(0.559938 1.69024 0)
(0.63143 1.67686 -2.4811e-18)
(0.702733 1.66326 -1.90701e-19)
(0.774062 1.64969 4.23839e-18)
(0.845539 1.63631 2.04138e-18)
(0.917171 1.6231 -1.78003e-18)
(0.988931 1.61006 -3.62317e-18)
(1.06079 1.59714 3.69747e-18)
(1.13271 1.5843 -1.60383e-18)
(1.20469 1.57152 5.04374e-18)
(1.27675 1.55887 -1.69691e-18)
(1.349 1.54646 1.65073e-18)
(1.42153 1.53446 -1.60677e-18)
(1.49445 1.52304 -5.87799e-18)
(1.56788 1.51244 -2.86199e-18)
(1.64187 1.5029 -5.77965e-18)
(1.71645 1.49461 -5.47244e-18)
(1.79158 1.48773 5.37967e-18)
(1.86718 1.48243 -2.84796e-18)
(1.94315 1.47887 0)
(2.01936 1.47716 0)
(2.09567 1.47678 0)
(2.172 1.47678 -2.81898e-18)
(2.24833 1.47678 2.43331e-18)
(2.32465 1.47678 2.43331e-18)
(2.40098 1.47678 0)
(2.47731 1.47678 5.2523e-18)
(2.55364 1.47678 0)
(2.62996 1.47678 0)
(2.70629 1.47678 5.05946e-18)
(2.78262 1.47678 -5.2523e-18)
(2.85895 1.47678 -7.68561e-18)
(2.93528 1.47678 0)
(3.0116 1.47678 -2.81898e-18)
(3.08793 1.47678 0)
(3.16426 1.47678 7.68561e-18)
(3.24059 1.47678 -2.62615e-18)
(3.31692 1.47678 -2.62615e-18)
(3.39324 1.47678 2.62615e-18)
(3.46957 1.47678 0)
(3.5459 1.47678 0)
(3.62223 1.47678 0)
(3.69856 1.47678 0)
(3.77488 1.47678 0)
(3.85121 1.47678 7.68561e-18)
(3.92754 1.47678 5.05946e-18)
(4.00387 1.47678 -1.92834e-19)
(4.0802 1.47678 0)
(4.15652 1.47678 -2.62615e-18)
(4.23285 1.47678 1.92834e-19)
(4.30918 1.47678 5.2523e-18)
(4.38551 1.47678 -2.62615e-18)
(4.46184 1.47678 0)
(4.53816 1.47678 -2.81898e-18)
(4.61449 1.47678 0)
(4.69082 1.47678 5.2523e-18)
(4.76715 1.47678 0)
(4.84348 1.47678 0)
(4.9198 1.47678 -2.62615e-18)
(4.99613 1.47678 0)
(5.07246 1.47678 -7.68561e-18)
(5.14879 1.47678 2.81898e-18)
(5.22512 1.47678 0)
(5.30144 1.47678 5.2523e-18)
(5.37777 1.47678 0)
(5.4541 1.47678 -2.62615e-18)
(5.53043 1.47678 0)
(5.60676 1.47678 5.2523e-18)
(5.68308 1.47678 -1.92834e-19)
(5.75941 1.47678 0)
(5.83574 1.47678 -7.68561e-18)
(5.91207 1.47678 0)
(5.9884 1.47678 -7.68561e-18)
(6.06472 1.47678 -2.43331e-18)
(6.14105 1.47678 5.05946e-18)
(6.21738 1.47678 0)
(6.29371 1.47678 -5.44513e-18)
(6.37004 1.47678 2.81898e-18)
(6.44636 1.47678 2.43331e-18)
(6.52269 1.47678 0)
(6.59902 1.47678 -5.44513e-18)
(6.67535 1.47678 0)
(6.75167 1.47678 2.81898e-18)
(6.828 1.47678 5.2523e-18)
(6.90433 1.47678 -5.2523e-18)
(6.98064 1.47716 5.0604e-18)
(7.05685 1.47887 5.26912e-18)
(7.13282 1.48243 2.65622e-18)
(7.20842 1.48773 0)
(7.28355 1.49461 0)
(7.35813 1.5029 0)
(7.43212 1.51244 0)
(7.50555 1.52304 1.93696e-19)
(7.57847 1.53446 1.60898e-18)
(7.651 1.54646 -1.93822e-19)
(7.72325 1.55887 1.69942e-18)
(7.79531 1.57152 -1.74763e-18)
(7.86729 1.5843 -3.40161e-18)
(7.93921 1.59714 0)
(8.01107 1.61006 -2.10414e-18)
(8.08283 1.6231 1.97415e-18)
(8.15446 1.63631 2.23882e-18)
(8.22594 1.64969 -6.17365e-18)
(8.29727 1.66326 2.20737e-18)
(8.36857 1.67686 -2.48864e-18)
(8.44006 1.69024 -2.38028e-18)
(8.51199 1.70308 0)
(8.58464 1.71492 2.53044e-18)
(8.65835 1.72503 -1.94108e-19)
(8.73332 1.73239 -5.00834e-18)
(8.80922 1.73656 0)
(8.8855 1.73813 0)
(8.96184 1.73839 0)
(0.0380854 1.76935 4.89726e-18)
(0.114263 1.76912 0)
(0.190399 1.76774 0)
(0.266202 1.76406 5.22322e-18)
(0.341179 1.75758 -4.59211e-18)
(0.415049 1.74866 2.43702e-18)
(0.487981 1.73822 2.17685e-18)
(0.560273 1.7269 -4.76671e-18)
(0.63218 1.7151 -1.90632e-19)
(0.703919 1.70311 0)
(0.775681 1.69115 0)
(0.847573 1.67935 1.9093e-19)
(0.919603 1.66771 0)
(0.991745 1.65621 -1.84009e-18)
(1.06397 1.64482 -1.91184e-19)
(1.13626 1.6335 0)
(1.20859 1.62224 1.91301e-19)
(1.28101 1.61108 -3.08744e-18)
(1.35358 1.60014 4.40383e-18)
(1.4264 1.58955 -2.53338e-18)
(1.49956 1.57949 0)
(1.57317 1.57014 0)
(1.64729 1.56173 1.91986e-19)
(1.72191 1.55442 -5.2971e-18)
(1.79702 1.54835 0)
(1.87255 1.54368 5.14602e-18)
(1.94841 1.54054 5.10579e-18)
(2.02447 1.53903 -1.92778e-19)
(2.10062 1.5387 0)
(2.17679 1.5387 5.09001e-18)
(2.25296 1.5387 1.92837e-19)
(2.32913 1.5387 1.92837e-19)
(2.4053 1.5387 1.92837e-19)
(2.48147 1.5387 0)
(2.55764 1.5387 1.92837e-19)
(2.63382 1.5387 5.09001e-18)
(2.70999 1.5387 0)
(2.78616 1.5387 1.92837e-19)
(2.86233 1.5387 -2.35217e-18)
(2.9385 1.5387 1.92837e-19)
(3.01467 1.5387 5.09001e-18)
(3.09084 1.5387 0)
(3.16701 1.5387 0)
(3.24318 1.5387 0)
(3.31935 1.5387 5.09001e-18)
(3.39552 1.5387 1.92837e-19)
(3.47169 1.5387 1.92837e-19)
(3.54786 1.5387 0)
(3.62404 1.5387 1.92837e-19)
(3.70021 1.5387 1.92837e-19)
(3.77638 1.5387 1.92837e-19)
(3.85255 1.5387 0)
(3.92872 1.5387 0)
(4.00489 1.5387 0)
(4.08106 1.5387 0)
(4.15723 1.5387 5.09001e-18)
(4.2334 1.5387 4.89717e-18)
(4.30957 1.5387 1.92837e-19)
(4.38574 1.5387 5.09001e-18)
(4.46191 1.5387 1.92837e-19)
(4.53809 1.5387 1.92837e-19)
(4.61426 1.5387 5.09001e-18)
(4.69043 1.5387 1.92837e-19)
(4.7666 1.5387 4.89717e-18)
(4.84277 1.5387 1.92837e-19)
(4.91894 1.5387 0)
(4.99511 1.5387 0)
(5.07128 1.5387 1.92837e-19)
(5.14745 1.5387 0)
(5.22362 1.5387 7.63502e-18)
(5.29979 1.5387 -1.92837e-19)
(5.37596 1.5387 -1.92837e-19)
(5.45214 1.5387 5.09001e-18)
(5.52831 1.5387 -1.92837e-19)
(5.60448 1.5387 -1.92837e-19)
(5.68065 1.5387 0)
(5.75682 1.5387 1.92837e-19)
(5.83299 1.5387 0)
(5.90916 1.5387 0)
(5.98533 1.5387 0)
(6.0615 1.5387 -1.92837e-19)
(6.13767 1.5387 -2.73784e-18)
(6.21384 1.5387 4.89717e-18)
(6.29001 1.5387 -5.09001e-18)
(6.36618 1.5387 0)
(6.44236 1.5387 0)
(6.51853 1.5387 -5.09001e-18)
(6.5947 1.5387 5.09001e-18)
(6.67087 1.5387 -2.54501e-18)
(6.74704 1.5387 0)
(6.82321 1.5387 -2.35217e-18)
(6.89938 1.5387 0)
(6.97553 1.53903 0)
(7.05159 1.54054 -5.10665e-18)
(7.12745 1.54368 7.52802e-18)
(7.20298 1.54835 0)
(7.27809 1.55442 -5.10624e-18)
(7.35271 1.56173 5.2144e-18)
(7.42683 1.57014 -2.76797e-18)
(7.50044 1.57949 0)
(7.5736 1.58955 0)
(7.64642 1.60014 0)
(7.71899 1.61108 -1.93865e-19)
(7.79141 1.62224 0)
(7.86374 1.6335 -1.73579e-18)
(7.93603 1.64482 0)
(8.00825 1.65621 1.84303e-18)
(8.0804 1.66771 1.94102e-19)
(8.15243 1.67935 0)
(8.22432 1.69115 0)
(8.29608 1.70311 -1.93133e-18)
(8.36782 1.7151 -4.41749e-18)
(8.43973 1.7269 0)
(8.51202 1.73822 0)
(8.58495 1.74866 -7.32141e-18)
(8.65882 1.75758 0)
(8.7338 1.76406 0)
(8.8096 1.76774 0)
(8.88574 1.76912 2.5432e-18)
(8.96191 1.76935 2.54501e-18)
(0.0380039 1.80144 4.64429e-18)
(0.11402 1.80125 0)
(0.190005 1.80006 0)
(0.265705 1.79689 0)
(0.340696 1.79131 0)
(0.414729 1.78364 6.85997e-18)
(0.487951 1.77465 6.84204e-18)
(0.56062 1.7649 -6.22735e-18)
(0.632957 1.75475 4.24534e-18)
(0.705148 1.74443 0)
(0.777359 1.73413 -1.96706e-18)
(0.849682 1.72397 1.90931e-19)
(0.922124 1.71395 -3.28479e-18)
(0.994662 1.70405 0)
(1.06728 1.69425 -3.25346e-18)
(1.13994 1.6845 1.29084e-18)
(1.21264 1.67481 -3.2552e-18)
(1.28541 1.6652 1.9137e-19)
(1.35832 1.65578 -2.70188e-18)
(1.43144 1.64667 -1.9156e-19)
(1.50486 1.638 1.91684e-19)
(1.57866 1.62996 5.15571e-18)
(1.6529 1.62272 0)
(1.72757 1.61642 0)
(1.80267 1.6112 7.37823e-18)
(1.87812 1.60718 -4.98691e-18)
(1.95385 1.60447 7.42365e-18)
(2.02976 1.60318 1.92782e-19)
(2.10575 1.60289 0)
(2.18176 1.60289 -1.92841e-19)
(2.25777 1.60289 0)
(2.33378 1.60289 2.27391e-18)
(2.40978 1.60289 0)
(2.48579 1.60289 0)
(2.5618 1.60289 0)
(2.63781 1.60289 0)
(2.71381 1.60289 0)
(2.78982 1.60289 0)
(2.86583 1.60289 0)
(2.94184 1.60289 -4.9335e-18)
(3.01785 1.60289 0)
(3.09385 1.60289 0)
(3.16986 1.60289 7.20741e-18)
(3.24587 1.60289 -2.46675e-18)
(3.32188 1.60289 0)
(3.39789 1.60289 -7.20741e-18)
(3.47389 1.60289 0)
(3.5499 1.60289 0)
(3.62591 1.60289 0)
(3.70192 1.60289 2.85243e-18)
(3.77793 1.60289 5.12634e-18)
(3.85393 1.60289 0)
(3.92994 1.60289 0)
(4.00595 1.60289 0)
(4.08196 1.60289 0)
(4.15796 1.60289 0)
(4.23397 1.60289 0)
(4.30998 1.60289 0)
(4.38599 1.60289 1.92841e-19)
(4.462 1.60289 0)
(4.538 1.60289 0)
(4.61401 1.60289 0)
(4.69002 1.60289 0)
(4.76603 1.60289 0)
(4.84204 1.60289 0)
(4.91804 1.60289 0)
(4.99405 1.60289 4.9335e-18)
(5.07006 1.60289 0)
(5.14607 1.60289 -1.92841e-19)
(5.22207 1.60289 2.46675e-18)
(5.29808 1.60289 0)
(5.37409 1.60289 0)
(5.4501 1.60289 0)
(5.52611 1.60289 0)
(5.60211 1.60289 0)
(5.67812 1.60289 0)
(5.75413 1.60289 -1.92841e-19)
(5.83014 1.60289 0)
(5.90615 1.60289 0)
(5.98215 1.60289 0)
(6.05816 1.60289 0)
(6.13417 1.60289 0)
(6.21018 1.60289 0)
(6.28619 1.60289 -1.92841e-19)
(6.36219 1.60289 0)
(6.4382 1.60289 0)
(6.51421 1.60289 -1.92841e-19)
(6.59022 1.60289 0)
(6.66622 1.60289 0)
(6.74223 1.60289 0)
(6.81824 1.60289 0)
(6.89425 1.60289 0)
(6.97024 1.60318 4.74214e-18)
(7.04615 1.60447 0)
(7.12188 1.60718 2.30099e-18)
(7.19733 1.6112 7.57358e-18)
(7.27243 1.61642 0)
(7.3471 1.62272 2.80932e-18)
(7.42134 1.62996 -2.67555e-18)
(7.49514 1.638 0)
(7.56856 1.64667 0)
(7.64168 1.65578 0)
(7.71459 1.6652 1.58644e-18)
(7.78736 1.67481 4.5028e-18)
(7.86006 1.6845 0)
(7.93272 1.69425 6.51253e-18)
(8.00534 1.70405 -1.77839e-18)
(8.07788 1.71395 0)
(8.15032 1.72397 -3.60624e-18)
(8.22264 1.73413 0)
(8.29485 1.74443 -3.89954e-18)
(8.36704 1.75475 1.94358e-19)
(8.43938 1.7649 0)
(8.51205 1.77465 -1.94394e-19)
(8.58527 1.78364 0)
(8.6593 1.79131 0)
(8.73429 1.79689 0)
(8.81 1.80006 -1.93248e-19)
(8.88598 1.80125 0)
(8.962 1.80144 0)
(0.0379195 1.83471 9.64706e-20)
(0.113767 1.83455 -4.58589e-18)
(0.189595 1.83356 0)
(0.265191 1.83093 0)
(0.340195 1.82628 0)
(0.414396 1.8199 0)
(0.487919 1.81241 0)
(0.560979 1.8043 0)
(0.633762 1.79585 1.85274e-18)
(0.706423 1.78726 -3.74433e-18)
(0.779099 1.77869 1.90821e-19)
(0.851869 1.77023 1.63776e-18)
(0.924737 1.76189 -6.5002e-18)
(0.997686 1.75365 6.47047e-18)
(1.0707 1.74548 1.91184e-19)
(1.14375 1.73737 1.61573e-18)
(1.21684 1.7293 0)
(1.28998 1.72131 0)
(1.36324 1.71347 0)
(1.43667 1.70588 2.52508e-18)
(1.51036 1.69866 -2.64769e-18)
(1.58435 1.69197 2.58462e-18)
(1.65871 1.68594 0)
(1.73344 1.6807 -7.44725e-18)
(1.80851 1.67635 -1.92309e-19)
(1.88389 1.673 2.41673e-18)
(1.95949 1.67075 -2.399e-18)
(2.03525 1.66967 0)
(2.11107 1.66943 0)
(2.18691 1.66943 4.58972e-18)
(2.26275 1.66943 0)
(2.33859 1.66943 0)
(2.41443 1.66943 1.92844e-19)
(2.49027 1.66943 -4.78257e-18)
(2.56611 1.66943 -4.58972e-18)
(2.64194 1.66943 0)
(2.71778 1.66943 0)
(2.79362 1.66943 -6.78816e-18)
(2.86946 1.66943 0)
(2.9453 1.66943 0)
(3.02114 1.66943 0)
(3.09698 1.66943 0)
(3.17282 1.66943 0)
(3.24866 1.66943 0)
(3.3245 1.66943 2.39128e-18)
(3.40033 1.66943 0)
(3.47617 1.66943 0)
(3.55201 1.66943 -4.39688e-18)
(3.62785 1.66943 0)
(3.70369 1.66943 4.78257e-18)
(3.77953 1.66943 0)
(3.85537 1.66943 1.92844e-19)
(3.93121 1.66943 -4.58972e-18)
(4.00705 1.66943 4.78257e-18)
(4.08289 1.66943 0)
(4.15872 1.66943 0)
(4.23456 1.66943 0)
(4.3104 1.66943 -4.39688e-18)
(4.38624 1.66943 0)
(4.46208 1.66943 0)
(4.53792 1.66943 2.39128e-18)
(4.61376 1.66943 0)
(4.6896 1.66943 4.58972e-18)
(4.76544 1.66943 0)
(4.84128 1.66943 4.58972e-18)
(4.91711 1.66943 0)
(4.99295 1.66943 -6.78816e-18)
(5.06879 1.66943 -2.39128e-18)
(5.14463 1.66943 2.39128e-18)
(5.22047 1.66943 0)
(5.29631 1.66943 2.39128e-18)
(5.37215 1.66943 1.92844e-19)
(5.44799 1.66943 0)
(5.52383 1.66943 0)
(5.59967 1.66943 1.92844e-19)
(5.6755 1.66943 0)
(5.75134 1.66943 0)
(5.82718 1.66943 0)
(5.90302 1.66943 1.92844e-19)
(5.97886 1.66943 0)
(6.0547 1.66943 0)
(6.13054 1.66943 -1.92844e-19)
(6.20638 1.66943 0)
(6.28222 1.66943 0)
(6.35806 1.66943 1.92844e-19)
(6.43389 1.66943 0)
(6.50973 1.66943 -2.19844e-18)
(6.58557 1.66943 -4.58972e-18)
(6.66141 1.66943 0)
(6.73725 1.66943 1.92844e-19)
(6.81309 1.66943 2.39128e-18)
(6.88893 1.66943 2.19844e-18)
(6.96475 1.66967 6.98365e-18)
(7.04051 1.67075 -2.20637e-18)
(7.11611 1.673 -4.83493e-18)
(7.19149 1.67635 0)
(7.26656 1.6807 0)
(7.34129 1.68594 -4.6744e-18)
(7.41565 1.69197 4.9792e-18)
(7.48964 1.69866 -2.64969e-18)
(7.56333 1.70588 2.71883e-18)
(7.63676 1.71347 1.93801e-19)
(7.71002 1.72131 5.55034e-18)
(7.78316 1.7293 0)
(7.85625 1.73737 0)
(7.9293 1.74548 -1.93974e-19)
(8.00231 1.75365 0)
(8.07526 1.76189 0)
(8.14813 1.77023 0)
(8.2209 1.77869 1.94208e-19)
(8.29358 1.78726 -1.97109e-18)
(8.36624 1.79585 0)
(8.43902 1.8043 -1.94378e-19)
(8.51208 1.81241 4.40136e-18)
(8.5856 1.8199 0)
(8.65981 1.82628 2.32462e-18)
(8.73481 1.83093 -2.16552e-18)
(8.8104 1.83356 0)
(8.88623 1.83455 7.16847e-18)
(8.96208 1.83471 0)
(0.037832 1.8692 0)
(0.113505 1.86907 2.31655e-18)
(0.189171 1.86829 6.72641e-18)
(0.264657 1.86621 0)
(0.339675 1.86253 2.2434e-18)
(0.414052 1.85748 -2.18605e-18)
(0.487887 1.85156 4.23271e-18)
(0.561352 1.84515 0)
(0.634597 1.83846 -1.77638e-18)
(0.707744 1.83166 -7.19664e-18)
(0.780902 1.82488 -3.4609e-18)
(0.854135 1.81818 -3.33486e-18)
(0.927446 1.81158 0)
(1.00082 1.80506 -9.15435e-18)
(1.07425 1.7986 6.03708e-18)
(1.1477 1.79218 -5.85829e-18)
(1.22119 1.78579 8.53691e-18)
(1.29472 1.77947 0)
(1.36834 1.77326 0)
(1.4421 1.76726 2.62201e-18)
(1.51605 1.76155 0)
(1.59026 1.75624 -4.99725e-18)
(1.66475 1.75147 0)
(1.73953 1.74732 0)
(1.81458 1.74388 4.54525e-18)
(1.88987 1.74123 1.92474e-19)
(1.96534 1.73945 6.78578e-18)
(2.04094 1.73859 0)
(2.11659 1.7384 0)
(2.19225 1.7384 0)
(2.26791 1.7384 0)
(2.34358 1.7384 4.25131e-18)
(2.41924 1.7384 -6.76266e-18)
(2.49491 1.7384 0)
(2.57057 1.7384 1.92848e-19)
(2.64623 1.7384 0)
(2.7219 1.7384 -6.76266e-18)
(2.79756 1.7384 -6.56982e-18)
(2.87323 1.7384 -1.92848e-19)
(2.94889 1.7384 0)
(3.02455 1.7384 -8.88832e-18)
(3.10022 1.7384 4.25131e-18)
(3.17588 1.7384 2.3185e-18)
(3.25154 1.7384 0)
(3.32721 1.7384 -2.3185e-18)
(3.40287 1.7384 8.88832e-18)
(3.47854 1.7384 4.63701e-18)
(3.5542 1.7384 -6.56982e-18)
(3.62986 1.7384 0)
(3.70553 1.7384 0)
(3.78119 1.7384 6.95551e-18)
(3.85686 1.7384 0)
(3.93252 1.7384 -6.76266e-18)
(4.00818 1.7384 0)
(4.08385 1.7384 0)
(4.15951 1.7384 -2.3185e-18)
(4.23518 1.7384 -1.92848e-19)
(4.31084 1.7384 -8.88832e-18)
(4.3865 1.7384 0)
(4.46217 1.7384 -2.3185e-18)
(4.53783 1.7384 -8.88832e-18)
(4.6135 1.7384 0)
(4.68916 1.7384 -8.88832e-18)
(4.76482 1.7384 -4.82986e-18)
(4.84049 1.7384 -2.3185e-18)
(4.91615 1.7384 0)
(4.99182 1.7384 -8.88832e-18)
(5.06748 1.7384 -2.51135e-18)
(5.14314 1.7384 -2.3185e-18)
(5.21881 1.7384 0)
(5.29447 1.7384 -2.3185e-18)
(5.37014 1.7384 -2.3185e-18)
(5.4458 1.7384 -2.3185e-18)
(5.52146 1.7384 -4.25131e-18)
(5.59713 1.7384 -8.88832e-18)
(5.67279 1.7384 -2.3185e-18)
(5.74846 1.7384 2.12566e-18)
(5.82412 1.7384 0)
(5.89978 1.7384 -2.3185e-18)
(5.97545 1.7384 -8.88832e-18)
(6.05111 1.7384 -2.3185e-18)
(6.12677 1.7384 0)
(6.20244 1.7384 -8.88832e-18)
(6.2781 1.7384 -6.95551e-18)
(6.35377 1.7384 -8.88832e-18)
(6.42943 1.7384 1.92848e-19)
(6.50509 1.7384 -2.3185e-18)
(6.58076 1.7384 -8.88832e-18)
(6.65642 1.7384 -2.3185e-18)
(6.73209 1.7384 1.92848e-19)
(6.80775 1.7384 -4.82986e-18)
(6.88341 1.7384 0)
(6.95906 1.73859 0)
(7.03466 1.73945 -2.32657e-18)
(7.11013 1.74123 0)
(7.18542 1.74388 2.17647e-18)
(7.26047 1.74732 0)
(7.33525 1.75147 0)
(7.40974 1.75624 -1.93611e-19)
(7.48395 1.76155 -5.31246e-18)
(7.5579 1.76726 5.24838e-18)
(7.63166 1.77326 1.93794e-19)
(7.70528 1.77947 -5.34415e-18)
(7.77881 1.78579 -5.50256e-18)
(7.8523 1.79218 1.93921e-19)
(7.92575 1.7986 9.06395e-18)
(7.99918 1.80506 -1.9401e-19)
(8.07255 1.81158 6.44635e-18)
(8.14586 1.81818 -1.94123e-19)
(8.2191 1.82488 5.09931e-18)
(8.29226 1.83166 0)
(8.3654 1.83846 1.94321e-19)
(8.43865 1.84515 1.94359e-19)
(8.51211 1.85156 4.04569e-18)
(8.58595 1.85748 4.37894e-18)
(8.66033 1.86253 0)
(8.73534 1.86621 0)
(8.81083 1.86829 0)
(8.88649 1.86907 -4.63343e-18)
(8.96217 1.8692 0)
(0.0377412 1.90495 -9.64783e-20)
(0.113234 1.90486 0)
(0.188731 1.90429 -6.51469e-18)
(0.264104 1.90278 1.9187e-19)
(0.339136 1.90011 0)
(0.413695 1.89644 -2.10834e-18)
(0.487853 1.89215 -3.88664e-18)
(0.561739 1.88748 -5.89709e-18)
(0.635462 1.88262 0)
(0.709114 1.87768 -3.267e-18)
(0.782772 1.87276 0)
(0.856484 1.86789 -1.90935e-19)
(0.930254 1.86309 1.91031e-19)
(1.00407 1.85835 -1.59527e-18)
(1.07792 1.85366 -1.91184e-19)
(1.1518 1.849 0)
(1.2257 1.84435 0)
(1.29963 1.83976 0)
(1.37362 1.83525 -5.00152e-18)
(1.44772 1.83088 0)
(1.52195 1.82673 1.91682e-19)
(1.59637 1.82288 0)
(1.671 1.81941 -4.73596e-18)
(1.74583 1.81639 -2.13568e-18)
(1.82086 1.81389 1.92312e-19)
(1.89607 1.81196 -4.54277e-18)
(1.97141 1.81067 -4.51176e-18)
(2.04683 1.81005 6.55526e-18)
(2.1223 1.80991 -4.30379e-18)
(2.19778 1.80991 -1.92852e-19)
(2.27327 1.80991 1.92852e-19)
(2.34875 1.80991 0)
(2.42423 1.80991 -1.92852e-19)
(2.49971 1.80991 0)
(2.5752 1.80991 0)
(2.65068 1.80991 0)
(2.72616 1.80991 4.30379e-18)
(2.80164 1.80991 4.68949e-18)
(2.87713 1.80991 0)
(2.95261 1.80991 1.92852e-19)
(3.02809 1.80991 0)
(3.10357 1.80991 0)
(3.17906 1.80991 -2.24832e-18)
(3.25454 1.80991 0)
(3.33002 1.80991 6.55211e-18)
(3.4055 1.80991 0)
(3.48099 1.80991 -2.24832e-18)
(3.55647 1.80991 4.68949e-18)
(3.63195 1.80991 0)
(3.70743 1.80991 4.49664e-18)
(3.78292 1.80991 2.24832e-18)
(3.8584 1.80991 0)
(3.93388 1.80991 4.49664e-18)
(4.00936 1.80991 0)
(4.08485 1.80991 0)
(4.16033 1.80991 4.49664e-18)
(4.23581 1.80991 0)
(4.31129 1.80991 0)
(4.38678 1.80991 2.24832e-18)
(4.46226 1.80991 4.49664e-18)
(4.53774 1.80991 0)
(4.61322 1.80991 2.24832e-18)
(4.68871 1.80991 4.49664e-18)
(4.76419 1.80991 0)
(4.83967 1.80991 4.49664e-18)
(4.91515 1.80991 0)
(4.99064 1.80991 4.49664e-18)
(5.06612 1.80991 0)
(5.1416 1.80991 4.49664e-18)
(5.21708 1.80991 0)
(5.29257 1.80991 0)
(5.36805 1.80991 0)
(5.44353 1.80991 4.49664e-18)
(5.51901 1.80991 0)
(5.5945 1.80991 0)
(5.66998 1.80991 4.49664e-18)
(5.74546 1.80991 -1.92852e-19)
(5.82094 1.80991 1.92852e-19)
(5.89643 1.80991 4.49664e-18)
(5.97191 1.80991 0)
(6.04739 1.80991 0)
(6.12287 1.80991 0)
(6.19836 1.80991 0)
(6.27384 1.80991 -1.92852e-19)
(6.34932 1.80991 0)
(6.4248 1.80991 -2.24832e-18)
(6.50029 1.80991 0)
(6.57577 1.80991 0)
(6.65125 1.80991 4.49664e-18)
(6.72673 1.80991 0)
(6.80222 1.80991 2.24832e-18)
(6.8777 1.80991 0)
(6.95317 1.81005 0)
(7.02859 1.81067 0)
(7.10393 1.81196 6.62314e-18)
(7.17914 1.81389 0)
(7.25417 1.81639 -4.4648e-18)
(7.329 1.81941 0)
(7.40363 1.82288 -2.41745e-18)
(7.47805 1.82673 2.27861e-18)
(7.55228 1.83088 9.74423e-18)
(7.62638 1.83525 -5.19764e-18)
(7.70037 1.83976 -5.33919e-18)
(7.7743 1.84435 5.29599e-18)
(7.8482 1.849 0)
(7.92208 1.85366 0)
(7.99593 1.85835 -1.79215e-18)
(8.06975 1.86309 0)
(8.14352 1.86789 0)
(8.21723 1.87276 0)
(8.29089 1.87768 0)
(8.36454 1.88262 0)
(8.43826 1.88748 0)
(8.51215 1.89215 0)
(8.58631 1.89644 -1.94285e-19)
(8.66086 1.90011 -1.94087e-19)
(8.7359 1.90278 6.44209e-18)
(8.81127 1.90429 0)
(8.88677 1.90486 -4.49307e-18)
(8.96226 1.90495 2.24832e-18)
(0.0376472 1.94202 -2.08427e-18)
(0.112952 1.94196 6.15053e-18)
(0.188275 1.94161 0)
(0.26353 1.94069 0)
(0.338578 1.93907 -2.09485e-18)
(0.413325 1.93683 -5.90942e-18)
(0.487818 1.93421 3.73696e-18)
(0.56214 1.93137 0)
(0.636359 1.92841 -1.82271e-18)
(0.710533 1.9254 -6.83537e-18)
(0.78471 1.92239 0)
(0.85892 1.91942 0)
(0.933165 1.91649 0)
(1.00744 1.9136 1.91114e-19)
(1.08174 1.91074 -2.80029e-18)
(1.15605 1.90789 5.43779e-18)
(1.23037 1.90506 2.6428e-18)
(1.30472 1.90226 -2.37994e-18)
(1.3791 1.8995 0)
(1.45354 1.89684 0)
(1.52807 1.89431 -1.91681e-19)
(1.60271 1.89195 -1.91828e-19)
(1.67748 1.88983 0)
(1.75237 1.88799 -2.06247e-18)
(1.82738 1.88646 4.06505e-18)
(1.9025 1.88529 1.9248e-19)
(1.9777 1.8845 0)
(2.05295 1.88412 0)
(2.12823 1.88403 1.98779e-18)
(2.20352 1.88403 -6.54193e-18)
(2.27882 1.88403 1.92856e-19)
(2.35411 1.88403 0)
(2.42941 1.88403 -1.92856e-19)
(2.5047 1.88403 0)
(2.57999 1.88403 0)
(2.65529 1.88403 0)
(2.73058 1.88403 -2.3735e-18)
(2.80588 1.88403 -1.92856e-19)
(2.88117 1.88403 -2.3735e-18)
(2.95647 1.88403 0)
(3.03176 1.88403 1.92856e-19)
(3.10705 1.88403 -6.54193e-18)
(3.18235 1.88403 -4.36129e-18)
(3.25764 1.88403 -2.3735e-18)
(3.33294 1.88403 1.92856e-19)
(3.40823 1.88403 -2.18064e-18)
(3.48353 1.88403 -4.36129e-18)
(3.55882 1.88403 0)
(3.63412 1.88403 -2.3735e-18)
(3.70941 1.88403 -2.18064e-18)
(3.7847 1.88403 -1.92856e-19)
(3.86 1.88403 0)
(3.93529 1.88403 0)
(4.01059 1.88403 -6.34907e-18)
(4.08588 1.88403 -1.92856e-19)
(4.16118 1.88403 0)
(4.23647 1.88403 0)
(4.31176 1.88403 -2.18064e-18)
(4.38706 1.88403 -4.36129e-18)
(4.46235 1.88403 -4.36129e-18)
(4.53765 1.88403 0)
(4.61294 1.88403 0)
(4.68824 1.88403 0)
(4.76353 1.88403 0)
(4.83882 1.88403 -2.18064e-18)
(4.91412 1.88403 -4.36129e-18)
(4.98941 1.88403 -2.18064e-18)
(5.06471 1.88403 0)
(5.14 1.88403 -2.18064e-18)
(5.2153 1.88403 -1.92856e-19)
(5.29059 1.88403 1.98779e-18)
(5.36588 1.88403 -2.3735e-18)
(5.44118 1.88403 1.98779e-18)
(5.51647 1.88403 -4.36129e-18)
(5.59177 1.88403 0)
(5.66706 1.88403 -4.36129e-18)
(5.74236 1.88403 -2.18064e-18)
(5.81765 1.88403 0)
(5.89295 1.88403 2.18064e-18)
(5.96824 1.88403 -2.18064e-18)
(6.04353 1.88403 0)
(6.11883 1.88403 0)
(6.19412 1.88403 -4.36129e-18)
(6.26942 1.88403 -2.18064e-18)
(6.34471 1.88403 4.16843e-18)
(6.42001 1.88403 -1.92856e-19)
(6.4953 1.88403 -2.18064e-18)
(6.57059 1.88403 -4.16843e-18)
(6.64589 1.88403 -2.18064e-18)
(6.72118 1.88403 -1.92856e-19)
(6.79648 1.88403 -2.3735e-18)
(6.87177 1.88403 3.97557e-18)
(6.94705 1.88412 -4.17091e-18)
(7.0223 1.8845 2.18857e-18)
(7.0975 1.88529 0)
(7.17262 1.88646 0)
(7.24763 1.88799 -2.25591e-18)
(7.32252 1.88983 -2.29317e-18)
(7.39729 1.89195 0)
(7.47193 1.89431 -1.93675e-19)
(7.54646 1.89684 0)
(7.6209 1.8995 -2.50685e-18)
(7.69528 1.90226 4.9537e-18)
(7.76963 1.90506 0)
(7.84395 1.90789 -1.93899e-19)
(7.91826 1.91074 0)
(7.99256 1.9136 0)
(8.06683 1.91649 0)
(8.14108 1.91942 0)
(8.21529 1.92239 1.50404e-18)
(8.28947 1.9254 6.65166e-18)
(8.36364 1.92841 6.9168e-18)
(8.43786 1.93137 0)
(8.51218 1.93421 1.9433e-19)
(8.58668 1.93683 2.03682e-18)
(8.66142 1.93907 -1.94082e-19)
(8.73647 1.94069 1.93693e-19)
(8.81172 1.94161 1.93264e-19)
(8.88705 1.94196 -1.92939e-19)
(8.96235 1.94202 -1.92856e-19)
(0.0375497 1.98044 9.64867e-20)
(0.112661 1.98042 0)
(0.187803 1.9803 -1.92416e-19)
(0.262936 1.97999 -1.91871e-19)
(0.337999 1.97945 1.91271e-19)
(0.412941 1.9787 0)
(0.487781 1.97782 -1.90701e-19)
(0.562555 1.97687 0)
(0.637289 1.97587 1.75456e-18)
(0.712005 1.97485 0)
(0.786719 1.97384 1.63298e-18)
(0.861445 1.97284 0)
(0.936183 1.97185 2.87048e-18)
(1.01093 1.97087 0)
(1.08569 1.96991 -1.91184e-19)
(1.16045 1.96895 0)
(1.23522 1.96799 2.54683e-18)
(1.30999 1.96704 0)
(1.38478 1.96611 0)
(1.45958 1.96521 0)
(1.53442 1.96436 -4.41881e-18)
(1.60928 1.96356 2.45028e-18)
(1.68419 1.96284 6.26992e-18)
(1.75914 1.96221 -2.184e-18)
(1.83414 1.9617 0)
(1.90916 1.9613 2.13621e-18)
(1.98421 1.96103 0)
(2.05928 1.9609 4.2333e-18)
(2.13437 1.96087 -1.9286e-19)
(2.20947 1.96087 -4.0379e-18)
(2.28457 1.96087 0)
(2.35967 1.96087 -1.9286e-19)
(2.43477 1.96087 0)
(2.50987 1.96087 -2.11538e-18)
(2.58497 1.96087 -1.9286e-19)
(2.66007 1.96087 -1.92252e-18)
(2.73517 1.96087 -1.92252e-18)
(2.81027 1.96087 -1.9286e-19)
(2.88536 1.96087 -1.92252e-18)
(2.96046 1.96087 -1.9286e-19)
(3.03556 1.96087 -1.9286e-19)
(3.11066 1.96087 -1.92252e-18)
(3.18576 1.96087 0)
(3.26086 1.96087 0)
(3.33596 1.96087 0)
(3.41106 1.96087 -1.92252e-18)
(3.48616 1.96087 -1.9286e-19)
(3.56126 1.96087 -1.92252e-18)
(3.63636 1.96087 -1.92252e-18)
(3.71146 1.96087 -1.9286e-19)
(3.78656 1.96087 -1.92252e-18)
(3.86166 1.96087 0)
(3.93676 1.96087 0)
(4.01185 1.96087 -1.92252e-18)
(4.08695 1.96087 0)
(4.16205 1.96087 0)
(4.23715 1.96087 0)
(4.31225 1.96087 -1.92252e-18)
(4.38735 1.96087 -1.9286e-19)
(4.46245 1.96087 -2.11538e-18)
(4.53755 1.96087 -2.11538e-18)
(4.61265 1.96087 -1.9286e-19)
(4.68775 1.96087 -2.11538e-18)
(4.76285 1.96087 -1.9286e-19)
(4.83795 1.96087 -1.9286e-19)
(4.91305 1.96087 0)
(4.98815 1.96087 -2.11538e-18)
(5.06324 1.96087 -1.9286e-19)
(5.13834 1.96087 0)
(5.21344 1.96087 -2.11538e-18)
(5.28854 1.96087 -1.9286e-19)
(5.36364 1.96087 -1.92252e-18)
(5.43874 1.96087 -1.92252e-18)
(5.51384 1.96087 -1.9286e-19)
(5.58894 1.96087 -2.11538e-18)
(5.66404 1.96087 0)
(5.73914 1.96087 0)
(5.81424 1.96087 0)
(5.88934 1.96087 -1.9286e-19)
(5.96444 1.96087 0)
(6.03954 1.96087 0)
(6.11464 1.96087 -1.9286e-19)
(6.18973 1.96087 -1.9286e-19)
(6.26483 1.96087 -1.92252e-18)
(6.33993 1.96087 -1.9286e-19)
(6.41503 1.96087 -1.9286e-19)
(6.49013 1.96087 -1.92252e-18)
(6.56523 1.96087 -3.84504e-18)
(6.64033 1.96087 0)
(6.71543 1.96087 -1.92252e-18)
(6.79053 1.96087 -1.92252e-18)
(6.86563 1.96087 0)
(6.94072 1.9609 2.11677e-18)
(7.01579 1.96103 0)
(7.09084 1.9613 -4.08067e-18)
(7.16586 1.9617 0)
(7.24086 1.96221 -1.93443e-19)
(7.31581 1.96284 4.43902e-18)
(7.39072 1.96356 0)
(7.46558 1.96436 4.61447e-18)
(7.54042 1.96521 6.88636e-18)
(7.61522 1.96611 0)
(7.69001 1.96704 0)
(7.76478 1.96799 0)
(7.83955 1.96895 1.93888e-19)
(7.91431 1.96991 0)
(7.98907 1.97087 0)
(8.06382 1.97185 -1.94021e-19)
(8.13856 1.97284 -4.36011e-18)
(8.21328 1.97384 0)
(8.288 1.97485 -6.58512e-18)
(8.36271 1.97587 -1.95243e-18)
(8.43744 1.97687 0)
(8.51222 1.97782 1.94312e-19)
(8.58706 1.9787 1.96461e-18)
(8.662 1.97945 0)
(8.73706 1.97999 -4.14976e-18)
(8.8122 1.9803 0)
(8.88734 1.98042 -2.1136e-18)
(8.96245 1.98044 -2.11538e-18)
(0.0375 2.02024 1.95634e-18)
(0.1125 2.02024 0)
(0.1875 2.02024 -3.91268e-18)
(0.2625 2.02024 -5.96539e-18)
(0.3375 2.02024 0)
(0.4125 2.02024 2.05271e-18)
(0.4875 2.02024 2.05271e-18)
(0.5625 2.02024 0)
(0.6375 2.02024 0)
(0.7125 2.02024 4.10543e-18)
(0.7875 2.02024 0)
(0.8625 2.02024 -2.05271e-18)
(0.9375 2.02024 0)
(1.0125 2.02024 0)
(1.0875 2.02024 4.29817e-18)
(1.1625 2.02024 0)
(1.2375 2.02024 4.29817e-18)
(1.3125 2.02024 -1.92747e-19)
(1.3875 2.02024 2.05271e-18)
(1.4625 2.02024 4.29817e-18)
(1.5375 2.02024 0)
(1.6125 2.02024 2.05271e-18)
(1.6875 2.02024 -1.92747e-19)
(1.7625 2.02024 2.05271e-18)
(1.8375 2.02024 4.29817e-18)
(1.9125 2.02024 0)
(1.9875 2.02024 2.05271e-18)
(2.0625 2.02024 -1.92747e-19)
(2.1375 2.02024 0)
(2.2125 2.02024 -1.92747e-19)
(2.2875 2.02024 -1.92747e-19)
(2.3625 2.02024 2.05271e-18)
(2.4375 2.02024 -1.92747e-19)
(2.5125 2.02024 0)
(2.5875 2.02024 -1.92747e-19)
(2.6625 2.02024 -1.92747e-19)
(2.7375 2.02024 2.05271e-18)
(2.8125 2.02024 -1.92747e-19)
(2.8875 2.02024 2.05271e-18)
(2.9625 2.02024 2.05271e-18)
(3.0375 2.02024 -1.92747e-19)
(3.1125 2.02024 2.05271e-18)
(3.1875 2.02024 -1.92747e-19)
(3.2625 2.02024 2.05271e-18)
(3.3375 2.02024 2.05271e-18)
(3.4125 2.02024 -1.92747e-19)
(3.4875 2.02024 2.05271e-18)
(3.5625 2.02024 -1.92747e-19)
(3.6375 2.02024 2.05271e-18)
(3.7125 2.02024 2.05271e-18)
(3.7875 2.02024 -1.92747e-19)
(3.8625 2.02024 2.05271e-18)
(3.9375 2.02024 -1.92747e-19)
(4.0125 2.02024 0)
(4.0875 2.02024 2.05271e-18)
(4.1625 2.02024 0)
(4.2375 2.02024 2.05271e-18)
(4.3125 2.02024 0)
(4.3875 2.02024 0)
(4.4625 2.02024 2.05271e-18)
(4.5375 2.02024 0)
(4.6125 2.02024 2.05271e-18)
(4.6875 2.02024 0)
(4.7625 2.02024 0)
(4.8375 2.02024 2.05271e-18)
(4.9125 2.02024 0)
(4.9875 2.02024 2.05271e-18)
(5.0625 2.02024 0)
(5.1375 2.02024 0)
(5.2125 2.02024 2.05271e-18)
(5.2875 2.02024 0)
(5.3625 2.02024 0)
(5.4375 2.02024 0)
(5.5125 2.02024 0)
(5.5875 2.02024 2.05271e-18)
(5.6625 2.02024 0)
(5.7375 2.02024 0)
(5.8125 2.02024 0)
(5.8875 2.02024 0)
(5.9625 2.02024 2.05271e-18)
(6.0375 2.02024 0)
(6.1125 2.02024 0)
(6.1875 2.02024 0)
(6.2625 2.02024 0)
(6.3375 2.02024 2.05271e-18)
(6.4125 2.02024 0)
(6.4875 2.02024 0)
(6.5625 2.02024 0)
(6.6375 2.02024 0)
(6.7125 2.02024 2.05271e-18)
(6.7875 2.02024 0)
(6.8625 2.02024 0)
(6.9375 2.02024 0)
(7.0125 2.02024 0)
(7.0875 2.02024 2.05271e-18)
(7.1625 2.02024 0)
(7.2375 2.02024 0)
(7.3125 2.02024 0)
(7.3875 2.02024 0)
(7.4625 2.02024 2.05271e-18)
(7.5375 2.02024 0)
(7.6125 2.02024 0)
(7.6875 2.02024 0)
(7.7625 2.02024 0)
(7.8375 2.02024 2.05271e-18)
(7.9125 2.02024 0)
(7.9875 2.02024 0)
(8.0625 2.02024 0)
(8.1375 2.02024 0)
(8.2125 2.02024 0)
(8.2875 2.02024 0)
(8.3625 2.02024 0)
(8.4375 2.02024 0)
(8.5125 2.02024 0)
(8.5875 2.02024 0)
(8.6625 2.02024 0)
(8.7375 2.02024 0)
(8.8125 2.02024 0)
(8.8875 2.02024 0)
(8.9625 2.02024 0)
(0.0375 2.06001 0)
(0.1125 2.06001 0)
(0.1875 2.06001 -1.92747e-19)
(0.2625 2.06001 1.92747e-19)
(0.3375 2.06001 2.12085e-18)
(0.4125 2.06001 0)
(0.4875 2.06001 2.3136e-18)
(0.5625 2.06001 0)
(0.6375 2.06001 0)
(0.7125 2.06001 0)
(0.7875 2.06001 0)
(0.8625 2.06001 0)
(0.9375 2.06001 0)
(1.0125 2.06001 0)
(1.0875 2.06001 0)
(1.1625 2.06001 0)
(1.2375 2.06001 0)
(1.3125 2.06001 -1.92747e-19)
(1.3875 2.06001 0)
(1.4625 2.06001 0)
(1.5375 2.06001 0)
(1.6125 2.06001 0)
(1.6875 2.06001 -1.92747e-19)
(1.7625 2.06001 0)
(1.8375 2.06001 0)
(1.9125 2.06001 0)
(1.9875 2.06001 0)
(2.0625 2.06001 -1.92747e-19)
(2.1375 2.06001 -1.92747e-19)
(2.2125 2.06001 -1.92747e-19)
(2.2875 2.06001 -1.92747e-19)
(2.3625 2.06001 -1.92747e-19)
(2.4375 2.06001 -1.92747e-19)
(2.5125 2.06001 -1.92747e-19)
(2.5875 2.06001 -1.92747e-19)
(2.6625 2.06001 -1.92747e-19)
(2.7375 2.06001 -1.92747e-19)
(2.8125 2.06001 -1.92747e-19)
(2.8875 2.06001 -1.92747e-19)
(2.9625 2.06001 -1.92747e-19)
(3.0375 2.06001 -1.92747e-19)
(3.1125 2.06001 -1.92747e-19)
(3.1875 2.06001 -1.92747e-19)
(3.2625 2.06001 -1.92747e-19)
(3.3375 2.06001 -1.92747e-19)
(3.4125 2.06001 -1.92747e-19)
(3.4875 2.06001 -1.92747e-19)
(3.5625 2.06001 -1.92747e-19)
(3.6375 2.06001 -1.92747e-19)
(3.7125 2.06001 -1.92747e-19)
(3.7875 2.06001 -1.92747e-19)
(3.8625 2.06001 -1.92747e-19)
(3.9375 2.06001 -1.92747e-19)
(4.0125 2.06001 -1.92747e-19)
(4.0875 2.06001 -1.92747e-19)
(4.1625 2.06001 -1.92747e-19)
(4.2375 2.06001 -1.92747e-19)
(4.3125 2.06001 -1.92747e-19)
(4.3875 2.06001 -1.92747e-19)
(4.4625 2.06001 -1.92747e-19)
(4.5375 2.06001 -1.92747e-19)
(4.6125 2.06001 -1.92747e-19)
(4.6875 2.06001 -1.92747e-19)
(4.7625 2.06001 -1.92747e-19)
(4.8375 2.06001 -1.92747e-19)
(4.9125 2.06001 -1.92747e-19)
(4.9875 2.06001 -1.92747e-19)
(5.0625 2.06001 -1.92747e-19)
(5.1375 2.06001 -1.92747e-19)
(5.2125 2.06001 -1.92747e-19)
(5.2875 2.06001 -1.92747e-19)
(5.3625 2.06001 -1.92747e-19)
(5.4375 2.06001 -1.92747e-19)
(5.5125 2.06001 -1.92747e-19)
(5.5875 2.06001 -1.92747e-19)
(5.6625 2.06001 -1.92747e-19)
(5.7375 2.06001 -1.92747e-19)
(5.8125 2.06001 -1.92747e-19)
(5.8875 2.06001 -1.92747e-19)
(5.9625 2.06001 -1.92747e-19)
(6.0375 2.06001 -1.92747e-19)
(6.1125 2.06001 -1.92747e-19)
(6.1875 2.06001 -1.92747e-19)
(6.2625 2.06001 -1.92747e-19)
(6.3375 2.06001 -1.92747e-19)
(6.4125 2.06001 -1.92747e-19)
(6.4875 2.06001 -1.92747e-19)
(6.5625 2.06001 -1.92747e-19)
(6.6375 2.06001 -1.92747e-19)
(6.7125 2.06001 -1.92747e-19)
(6.7875 2.06001 -1.92747e-19)
(6.8625 2.06001 -1.92747e-19)
(6.9375 2.06001 -1.92747e-19)
(7.0125 2.06001 -1.92747e-19)
(7.0875 2.06001 -1.92747e-19)
(7.1625 2.06001 -1.92747e-19)
(7.2375 2.06001 -1.92747e-19)
(7.3125 2.06001 -1.92747e-19)
(7.3875 2.06001 -1.92747e-19)
(7.4625 2.06001 -1.92747e-19)
(7.5375 2.06001 -1.92747e-19)
(7.6125 2.06001 -1.92747e-19)
(7.6875 2.06001 -1.92747e-19)
(7.7625 2.06001 -1.92747e-19)
(7.8375 2.06001 -1.92747e-19)
(7.9125 2.06001 -1.92747e-19)
(7.9875 2.06001 -1.92747e-19)
(8.0625 2.06001 -1.92747e-19)
(8.1375 2.06001 -1.92747e-19)
(8.2125 2.06001 -1.92747e-19)
(8.2875 2.06001 -1.92747e-19)
(8.3625 2.06001 -1.92747e-19)
(8.4375 2.06001 -1.92747e-19)
(8.5125 2.06001 -1.92747e-19)
(8.5875 2.06001 -1.92747e-19)
(8.6625 2.06001 -1.92747e-19)
(8.7375 2.06001 -1.92747e-19)
(8.8125 2.06001 -1.92747e-19)
(8.8875 2.06001 -1.92747e-19)
(8.9625 2.06001 -1.92747e-19)
(0.0375 2.09836 0)
(0.1125 2.09836 -2.19148e-18)
(0.1875 2.09836 0)
(0.2625 2.09836 0)
(0.3375 2.09836 0)
(0.4125 2.09836 0)
(0.4875 2.09836 0)
(0.5625 2.09836 -2.19148e-18)
(0.6375 2.09836 -2.19148e-18)
(0.7125 2.09836 0)
(0.7875 2.09836 -2.19148e-18)
(0.8625 2.09836 0)
(0.9375 2.09836 -2.19148e-18)
(1.0125 2.09836 -2.19148e-18)
(1.0875 2.09836 0)
(1.1625 2.09836 0)
(1.2375 2.09836 0)
(1.3125 2.09836 0)
(1.3875 2.09836 0)
(1.4625 2.09836 0)
(1.5375 2.09836 0)
(1.6125 2.09836 0)
(1.6875 2.09836 0)
(1.7625 2.09836 0)
(1.8375 2.09836 0)
(1.9125 2.09836 0)
(1.9875 2.09836 0)
(2.0625 2.09836 0)
(2.1375 2.09836 0)
(2.2125 2.09836 0)
(2.2875 2.09836 0)
(2.3625 2.09836 2.19148e-18)
(2.4375 2.09836 0)
(2.5125 2.09836 0)
(2.5875 2.09836 0)
(2.6625 2.09836 0)
(2.7375 2.09836 2.19148e-18)
(2.8125 2.09836 0)
(2.8875 2.09836 2.19148e-18)
(2.9625 2.09836 0)
(3.0375 2.09836 0)
(3.1125 2.09836 2.19148e-18)
(3.1875 2.09836 0)
(3.2625 2.09836 2.19148e-18)
(3.3375 2.09836 0)
(3.4125 2.09836 0)
(3.4875 2.09836 2.19148e-18)
(3.5625 2.09836 0)
(3.6375 2.09836 2.19148e-18)
(3.7125 2.09836 0)
(3.7875 2.09836 0)
(3.8625 2.09836 2.19148e-18)
(3.9375 2.09836 0)
(4.0125 2.09836 0)
(4.0875 2.09836 0)
(4.1625 2.09836 0)
(4.2375 2.09836 0)
(4.3125 2.09836 1.92747e-19)
(4.3875 2.09836 0)
(4.4625 2.09836 0)
(4.5375 2.09836 0)
(4.6125 2.09836 0)
(4.6875 2.09836 1.92747e-19)
(4.7625 2.09836 0)
(4.8375 2.09836 0)
(4.9125 2.09836 0)
(4.9875 2.09836 0)
(5.0625 2.09836 1.92747e-19)
(5.1375 2.09836 0)
(5.2125 2.09836 0)
(5.2875 2.09836 0)
(5.3625 2.09836 0)
(5.4375 2.09836 1.92747e-19)
(5.5125 2.09836 0)
(5.5875 2.09836 0)
(5.6625 2.09836 0)
(5.7375 2.09836 0)
(5.8125 2.09836 1.92747e-19)
(5.8875 2.09836 0)
(5.9625 2.09836 0)
(6.0375 2.09836 0)
(6.1125 2.09836 0)
(6.1875 2.09836 1.92747e-19)
(6.2625 2.09836 0)
(6.3375 2.09836 0)
(6.4125 2.09836 0)
(6.4875 2.09836 0)
(6.5625 2.09836 1.92747e-19)
(6.6375 2.09836 0)
(6.7125 2.09836 0)
(6.7875 2.09836 0)
(6.8625 2.09836 0)
(6.9375 2.09836 1.92747e-19)
(7.0125 2.09836 0)
(7.0875 2.09836 0)
(7.1625 2.09836 0)
(7.2375 2.09836 0)
(7.3125 2.09836 1.92747e-19)
(7.3875 2.09836 0)
(7.4625 2.09836 0)
(7.5375 2.09836 0)
(7.6125 2.09836 0)
(7.6875 2.09836 1.92747e-19)
(7.7625 2.09836 0)
(7.8375 2.09836 0)
(7.9125 2.09836 0)
(7.9875 2.09836 0)
(8.0625 2.09836 1.92747e-19)
(8.1375 2.09836 0)
(8.2125 2.09836 1.92747e-19)
(8.2875 2.09836 1.92747e-19)
(8.3625 2.09836 -2.19148e-18)
(8.4375 2.09836 1.92747e-19)
(8.5125 2.09836 0)
(8.5875 2.09836 1.92747e-19)
(8.6625 2.09836 1.92747e-19)
(8.7375 2.09836 -2.19148e-18)
(8.8125 2.09836 1.92747e-19)
(8.8875 2.09836 0)
(8.9625 2.09836 1.92747e-19)
(0.0375 2.13537 0)
(0.1125 2.13537 0)
(0.1875 2.13537 0)
(0.2625 2.13537 -1.92747e-19)
(0.3375 2.13537 0)
(0.4125 2.13537 1.92747e-19)
(0.4875 2.13537 1.92747e-19)
(0.5625 2.13537 0)
(0.6375 2.13537 4.14391e-18)
(0.7125 2.13537 0)
(0.7875 2.13537 0)
(0.8625 2.13537 0)
(0.9375 2.13537 0)
(1.0125 2.13537 4.14391e-18)
(1.0875 2.13537 0)
(1.1625 2.13537 0)
(1.2375 2.13537 0)
(1.3125 2.13537 0)
(1.3875 2.13537 0)
(1.4625 2.13537 0)
(1.5375 2.13537 0)
(1.6125 2.13537 0)
(1.6875 2.13537 0)
(1.7625 2.13537 0)
(1.8375 2.13537 0)
(1.9125 2.13537 0)
(1.9875 2.13537 0)
(2.0625 2.13537 0)
(2.1375 2.13537 -4.33666e-18)
(2.2125 2.13537 0)
(2.2875 2.13537 0)
(2.3625 2.13537 -2.2647e-18)
(2.4375 2.13537 0)
(2.5125 2.13537 -4.33666e-18)
(2.5875 2.13537 0)
(2.6625 2.13537 0)
(2.7375 2.13537 -2.2647e-18)
(2.8125 2.13537 0)
(2.8875 2.13537 -2.2647e-18)
(2.9625 2.13537 -4.5294e-18)
(3.0375 2.13537 0)
(3.1125 2.13537 -2.2647e-18)
(3.1875 2.13537 0)
(3.2625 2.13537 -2.2647e-18)
(3.3375 2.13537 -4.5294e-18)
(3.4125 2.13537 0)
(3.4875 2.13537 -2.2647e-18)
(3.5625 2.13537 0)
(3.6375 2.13537 -2.2647e-18)
(3.7125 2.13537 -4.5294e-18)
(3.7875 2.13537 0)
(3.8625 2.13537 -2.2647e-18)
(3.9375 2.13537 0)
(4.0125 2.13537 -4.33666e-18)
(4.0875 2.13537 -4.5294e-18)
(4.1625 2.13537 0)
(4.2375 2.13537 -4.5294e-18)
(4.3125 2.13537 0)
(4.3875 2.13537 0)
(4.4625 2.13537 -4.5294e-18)
(4.5375 2.13537 0)
(4.6125 2.13537 -4.5294e-18)
(4.6875 2.13537 0)
(4.7625 2.13537 0)
(4.8375 2.13537 -4.5294e-18)
(4.9125 2.13537 0)
(4.9875 2.13537 -4.5294e-18)
(5.0625 2.13537 0)
(5.1375 2.13537 0)
(5.2125 2.13537 -4.5294e-18)
(5.2875 2.13537 0)
(5.3625 2.13537 0)
(5.4375 2.13537 0)
(5.5125 2.13537 0)
(5.5875 2.13537 -4.5294e-18)
(5.6625 2.13537 0)
(5.7375 2.13537 0)
(5.8125 2.13537 0)
(5.8875 2.13537 0)
(5.9625 2.13537 -4.5294e-18)
(6.0375 2.13537 0)
(6.1125 2.13537 0)
(6.1875 2.13537 0)
(6.2625 2.13537 0)
(6.3375 2.13537 -4.5294e-18)
(6.4125 2.13537 0)
(6.4875 2.13537 0)
(6.5625 2.13537 0)
(6.6375 2.13537 0)
(6.7125 2.13537 -4.5294e-18)
(6.7875 2.13537 0)
(6.8625 2.13537 0)
(6.9375 2.13537 0)
(7.0125 2.13537 0)
(7.0875 2.13537 -4.5294e-18)
(7.1625 2.13537 0)
(7.2375 2.13537 0)
(7.3125 2.13537 0)
(7.3875 2.13537 0)
(7.4625 2.13537 -4.5294e-18)
(7.5375 2.13537 0)
(7.6125 2.13537 0)
(7.6875 2.13537 0)
(7.7625 2.13537 0)
(7.8375 2.13537 -4.5294e-18)
(7.9125 2.13537 0)
(7.9875 2.13537 0)
(8.0625 2.13537 0)
(8.1375 2.13537 -4.5294e-18)
(8.2125 2.13537 0)
(8.2875 2.13537 0)
(8.3625 2.13537 2.2647e-18)
(8.4375 2.13537 0)
(8.5125 2.13537 -4.5294e-18)
(8.5875 2.13537 0)
(8.6625 2.13537 0)
(8.7375 2.13537 2.2647e-18)
(8.8125 2.13537 0)
(8.8875 2.13537 -4.5294e-18)
(8.9625 2.13537 0)
(0.0375 2.17107 0)
(0.1125 2.17107 0)
(0.1875 2.17107 0)
(0.2625 2.17107 0)
(0.3375 2.17107 2.3406e-18)
(0.4125 2.17107 0)
(0.4875 2.17107 0)
(0.5625 2.17107 0)
(0.6375 2.17107 0)
(0.7125 2.17107 0)
(0.7875 2.17107 0)
(0.8625 2.17107 0)
(0.9375 2.17107 0)
(1.0125 2.17107 0)
(1.0875 2.17107 0)
(1.1625 2.17107 -4.48846e-18)
(1.2375 2.17107 0)
(1.3125 2.17107 0)
(1.3875 2.17107 -4.48846e-18)
(1.4625 2.17107 0)
(1.5375 2.17107 -4.48846e-18)
(1.6125 2.17107 -4.48846e-18)
(1.6875 2.17107 0)
(1.7625 2.17107 -4.48846e-18)
(1.8375 2.17107 0)
(1.9125 2.17107 -4.48846e-18)
(1.9875 2.17107 -4.48846e-18)
(2.0625 2.17107 0)
(2.1375 2.17107 4.48846e-18)
(2.2125 2.17107 0)
(2.2875 2.17107 0)
(2.3625 2.17107 0)
(2.4375 2.17107 0)
(2.5125 2.17107 4.48846e-18)
(2.5875 2.17107 0)
(2.6625 2.17107 0)
(2.7375 2.17107 0)
(2.8125 2.17107 0)
(2.8875 2.17107 0)
(2.9625 2.17107 0)
(3.0375 2.17107 0)
(3.1125 2.17107 0)
(3.1875 2.17107 0)
(3.2625 2.17107 0)
(3.3375 2.17107 0)
(3.4125 2.17107 0)
(3.4875 2.17107 0)
(3.5625 2.17107 0)
(3.6375 2.17107 0)
(3.7125 2.17107 0)
(3.7875 2.17107 0)
(3.8625 2.17107 0)
(3.9375 2.17107 0)
(4.0125 2.17107 4.48846e-18)
(4.0875 2.17107 0)
(4.1625 2.17107 2.3406e-18)
(4.2375 2.17107 0)
(4.3125 2.17107 0)
(4.3875 2.17107 2.3406e-18)
(4.4625 2.17107 0)
(4.5375 2.17107 2.3406e-18)
(4.6125 2.17107 0)
(4.6875 2.17107 0)
(4.7625 2.17107 2.3406e-18)
(4.8375 2.17107 0)
(4.9125 2.17107 2.3406e-18)
(4.9875 2.17107 0)
(5.0625 2.17107 0)
(5.1375 2.17107 2.3406e-18)
(5.2125 2.17107 0)
(5.2875 2.17107 2.3406e-18)
(5.3625 2.17107 2.3406e-18)
(5.4375 2.17107 0)
(5.5125 2.17107 2.3406e-18)
(5.5875 2.17107 0)
(5.6625 2.17107 2.3406e-18)
(5.7375 2.17107 2.3406e-18)
(5.8125 2.17107 0)
(5.8875 2.17107 2.3406e-18)
(5.9625 2.17107 0)
(6.0375 2.17107 2.3406e-18)
(6.1125 2.17107 2.3406e-18)
(6.1875 2.17107 0)
(6.2625 2.17107 2.3406e-18)
(6.3375 2.17107 0)
(6.4125 2.17107 2.3406e-18)
(6.4875 2.17107 2.3406e-18)
(6.5625 2.17107 0)
(6.6375 2.17107 2.3406e-18)
(6.7125 2.17107 0)
(6.7875 2.17107 2.3406e-18)
(6.8625 2.17107 2.3406e-18)
(6.9375 2.17107 0)
(7.0125 2.17107 2.3406e-18)
(7.0875 2.17107 0)
(7.1625 2.17107 2.3406e-18)
(7.2375 2.17107 2.3406e-18)
(7.3125 2.17107 0)
(7.3875 2.17107 2.3406e-18)
(7.4625 2.17107 0)
(7.5375 2.17107 2.3406e-18)
(7.6125 2.17107 2.3406e-18)
(7.6875 2.17107 0)
(7.7625 2.17107 2.3406e-18)
(7.8375 2.17107 0)
(7.9125 2.17107 2.3406e-18)
(7.9875 2.17107 2.3406e-18)
(8.0625 2.17107 0)
(8.1375 2.17107 2.3406e-18)
(8.2125 2.17107 0)
(8.2875 2.17107 0)
(8.3625 2.17107 0)
(8.4375 2.17107 0)
(8.5125 2.17107 2.3406e-18)
(8.5875 2.17107 0)
(8.6625 2.17107 0)
(8.7375 2.17107 0)
(8.8125 2.17107 0)
(8.8875 2.17107 2.3406e-18)
(8.9625 2.17107 0)
(0.0375 2.2055 0)
(0.1125 2.2055 0)
(0.1875 2.2055 0)
(0.2625 2.2055 0)
(0.3375 2.2055 2.41929e-18)
(0.4125 2.2055 -2.41929e-18)
(0.4875 2.2055 0)
(0.5625 2.2055 0)
(0.6375 2.2055 0)
(0.7125 2.2055 -2.61203e-18)
(0.7875 2.2055 0)
(0.8625 2.2055 0)
(0.9375 2.2055 0)
(1.0125 2.2055 0)
(1.0875 2.2055 2.22654e-18)
(1.1625 2.2055 -4.83857e-18)
(1.2375 2.2055 2.22654e-18)
(1.3125 2.2055 0)
(1.3875 2.2055 0)
(1.4625 2.2055 2.22654e-18)
(1.5375 2.2055 -4.83857e-18)
(1.6125 2.2055 0)
(1.6875 2.2055 0)
(1.7625 2.2055 0)
(1.8375 2.2055 2.22654e-18)
(1.9125 2.2055 -4.83857e-18)
(1.9875 2.2055 0)
(2.0625 2.2055 0)
(2.1375 2.2055 0)
(2.2125 2.2055 0)
(2.2875 2.2055 0)
(2.3625 2.2055 0)
(2.4375 2.2055 0)
(2.5125 2.2055 0)
(2.5875 2.2055 0)
(2.6625 2.2055 0)
(2.7375 2.2055 0)
(2.8125 2.2055 0)
(2.8875 2.2055 0)
(2.9625 2.2055 0)
(3.0375 2.2055 0)
(3.1125 2.2055 0)
(3.1875 2.2055 0)
(3.2625 2.2055 0)
(3.3375 2.2055 0)
(3.4125 2.2055 0)
(3.4875 2.2055 0)
(3.5625 2.2055 0)
(3.6375 2.2055 0)
(3.7125 2.2055 0)
(3.7875 2.2055 0)
(3.8625 2.2055 0)
(3.9375 2.2055 0)
(4.0125 2.2055 0)
(4.0875 2.2055 0)
(4.1625 2.2055 2.41929e-18)
(4.2375 2.2055 0)
(4.3125 2.2055 0)
(4.3875 2.2055 2.41929e-18)
(4.4625 2.2055 0)
(4.5375 2.2055 2.41929e-18)
(4.6125 2.2055 0)
(4.6875 2.2055 0)
(4.7625 2.2055 2.41929e-18)
(4.8375 2.2055 0)
(4.9125 2.2055 2.41929e-18)
(4.9875 2.2055 0)
(5.0625 2.2055 0)
(5.1375 2.2055 2.41929e-18)
(5.2125 2.2055 0)
(5.2875 2.2055 2.41929e-18)
(5.3625 2.2055 2.41929e-18)
(5.4375 2.2055 0)
(5.5125 2.2055 2.41929e-18)
(5.5875 2.2055 0)
(5.6625 2.2055 2.41929e-18)
(5.7375 2.2055 2.41929e-18)
(5.8125 2.2055 0)
(5.8875 2.2055 2.41929e-18)
(5.9625 2.2055 0)
(6.0375 2.2055 2.41929e-18)
(6.1125 2.2055 2.41929e-18)
(6.1875 2.2055 0)
(6.2625 2.2055 2.41929e-18)
(6.3375 2.2055 0)
(6.4125 2.2055 2.41929e-18)
(6.4875 2.2055 2.41929e-18)
(6.5625 2.2055 0)
(6.6375 2.2055 2.41929e-18)
(6.7125 2.2055 0)
(6.7875 2.2055 2.41929e-18)
(6.8625 2.2055 2.41929e-18)
(6.9375 2.2055 0)
(7.0125 2.2055 2.41929e-18)
(7.0875 2.2055 0)
(7.1625 2.2055 2.41929e-18)
(7.2375 2.2055 2.41929e-18)
(7.3125 2.2055 0)
(7.3875 2.2055 2.41929e-18)
(7.4625 2.2055 0)
(7.5375 2.2055 2.41929e-18)
(7.6125 2.2055 2.41929e-18)
(7.6875 2.2055 0)
(7.7625 2.2055 2.41929e-18)
(7.8375 2.2055 0)
(7.9125 2.2055 2.41929e-18)
(7.9875 2.2055 2.41929e-18)
(8.0625 2.2055 0)
(8.1375 2.2055 0)
(8.2125 2.2055 0)
(8.2875 2.2055 0)
(8.3625 2.2055 0)
(8.4375 2.2055 0)
(8.5125 2.2055 0)
(8.5875 2.2055 0)
(8.6625 2.2055 0)
(8.7375 2.2055 0)
(8.8125 2.2055 0)
(8.8875 2.2055 0)
(8.9625 2.2055 0)
(0.0375 2.23872 0)
(0.1125 2.23872 1.92747e-19)
(0.1875 2.23872 0)
(0.2625 2.23872 0)
(0.3375 2.23872 0)
(0.4125 2.23872 5.0017e-18)
(0.4875 2.23872 5.0017e-18)
(0.5625 2.23872 0)
(0.6375 2.23872 1.92747e-19)
(0.7125 2.23872 0)
(0.7875 2.23872 0)
(0.8625 2.23872 0)
(0.9375 2.23872 0)
(1.0125 2.23872 1.92747e-19)
(1.0875 2.23872 0)
(1.1625 2.23872 0)
(1.2375 2.23872 0)
(1.3125 2.23872 0)
(1.3875 2.23872 0)
(1.4625 2.23872 0)
(1.5375 2.23872 0)
(1.6125 2.23872 0)
(1.6875 2.23872 0)
(1.7625 2.23872 0)
(1.8375 2.23872 0)
(1.9125 2.23872 0)
(1.9875 2.23872 0)
(2.0625 2.23872 0)
(2.1375 2.23872 0)
(2.2125 2.23872 0)
(2.2875 2.23872 0)
(2.3625 2.23872 0)
(2.4375 2.23872 0)
(2.5125 2.23872 0)
(2.5875 2.23872 0)
(2.6625 2.23872 0)
(2.7375 2.23872 0)
(2.8125 2.23872 0)
(2.8875 2.23872 0)
(2.9625 2.23872 -1.92747e-19)
(3.0375 2.23872 0)
(3.1125 2.23872 0)
(3.1875 2.23872 0)
(3.2625 2.23872 0)
(3.3375 2.23872 -1.92747e-19)
(3.4125 2.23872 0)
(3.4875 2.23872 0)
(3.5625 2.23872 0)
(3.6375 2.23872 0)
(3.7125 2.23872 -1.92747e-19)
(3.7875 2.23872 0)
(3.8625 2.23872 0)
(3.9375 2.23872 0)
(4.0125 2.23872 0)
(4.0875 2.23872 -1.92747e-19)
(4.1625 2.23872 0)
(4.2375 2.23872 -1.92747e-19)
(4.3125 2.23872 0)
(4.3875 2.23872 0)
(4.4625 2.23872 -1.92747e-19)
(4.5375 2.23872 0)
(4.6125 2.23872 -1.92747e-19)
(4.6875 2.23872 0)
(4.7625 2.23872 0)
(4.8375 2.23872 -1.92747e-19)
(4.9125 2.23872 0)
(4.9875 2.23872 -1.92747e-19)
(5.0625 2.23872 0)
(5.1375 2.23872 0)
(5.2125 2.23872 -1.92747e-19)
(5.2875 2.23872 0)
(5.3625 2.23872 0)
(5.4375 2.23872 0)
(5.5125 2.23872 0)
(5.5875 2.23872 -1.92747e-19)
(5.6625 2.23872 0)
(5.7375 2.23872 0)
(5.8125 2.23872 0)
(5.8875 2.23872 0)
(5.9625 2.23872 -1.92747e-19)
(6.0375 2.23872 0)
(6.1125 2.23872 0)
(6.1875 2.23872 0)
(6.2625 2.23872 0)
(6.3375 2.23872 -1.92747e-19)
(6.4125 2.23872 0)
(6.4875 2.23872 0)
(6.5625 2.23872 0)
(6.6375 2.23872 0)
(6.7125 2.23872 -1.92747e-19)
(6.7875 2.23872 0)
(6.8625 2.23872 0)
(6.9375 2.23872 0)
(7.0125 2.23872 0)
(7.0875 2.23872 -1.92747e-19)
(7.1625 2.23872 0)
(7.2375 2.23872 0)
(7.3125 2.23872 0)
(7.3875 2.23872 0)
(7.4625 2.23872 -1.92747e-19)
(7.5375 2.23872 0)
(7.6125 2.23872 0)
(7.6875 2.23872 0)
(7.7625 2.23872 0)
(7.8375 2.23872 -1.92747e-19)
(7.9125 2.23872 0)
(7.9875 2.23872 0)
(8.0625 2.23872 0)
(8.1375 2.23872 0)
(8.2125 2.23872 0)
(8.2875 2.23872 0)
(8.3625 2.23872 0)
(8.4375 2.23872 0)
(8.5125 2.23872 0)
(8.5875 2.23872 0)
(8.6625 2.23872 0)
(8.7375 2.23872 0)
(8.8125 2.23872 0)
(8.8875 2.23872 0)
(8.9625 2.23872 0)
(0.0375 2.27076 0)
(0.1125 2.27076 0)
(0.1875 2.27076 0)
(0.2625 2.27076 -2.5854e-18)
(0.3375 2.27076 0)
(0.4125 2.27076 0)
(0.4875 2.27076 0)
(0.5625 2.27076 0)
(0.6375 2.27076 -5.17081e-18)
(0.7125 2.27076 0)
(0.7875 2.27076 0)
(0.8625 2.27076 0)
(0.9375 2.27076 0)
(1.0125 2.27076 -5.17081e-18)
(1.0875 2.27076 0)
(1.1625 2.27076 0)
(1.2375 2.27076 0)
(1.3125 2.27076 2.5854e-18)
(1.3875 2.27076 0)
(1.4625 2.27076 0)
(1.5375 2.27076 0)
(1.6125 2.27076 0)
(1.6875 2.27076 2.5854e-18)
(1.7625 2.27076 0)
(1.8375 2.27076 0)
(1.9125 2.27076 0)
(1.9875 2.27076 0)
(2.0625 2.27076 2.5854e-18)
(2.1375 2.27076 0)
(2.2125 2.27076 2.5854e-18)
(2.2875 2.27076 2.5854e-18)
(2.3625 2.27076 0)
(2.4375 2.27076 2.5854e-18)
(2.5125 2.27076 0)
(2.5875 2.27076 2.5854e-18)
(2.6625 2.27076 2.5854e-18)
(2.7375 2.27076 0)
(2.8125 2.27076 2.5854e-18)
(2.8875 2.27076 0)
(2.9625 2.27076 2.5854e-18)
(3.0375 2.27076 0)
(3.1125 2.27076 0)
(3.1875 2.27076 2.5854e-18)
(3.2625 2.27076 0)
(3.3375 2.27076 2.5854e-18)
(3.4125 2.27076 0)
(3.4875 2.27076 0)
(3.5625 2.27076 2.5854e-18)
(3.6375 2.27076 0)
(3.7125 2.27076 2.5854e-18)
(3.7875 2.27076 0)
(3.8625 2.27076 0)
(3.9375 2.27076 2.5854e-18)
(4.0125 2.27076 0)
(4.0875 2.27076 0)
(4.1625 2.27076 0)
(4.2375 2.27076 0)
(4.3125 2.27076 2.5854e-18)
(4.3875 2.27076 0)
(4.4625 2.27076 0)
(4.5375 2.27076 0)
(4.6125 2.27076 0)
(4.6875 2.27076 2.5854e-18)
(4.7625 2.27076 0)
(4.8375 2.27076 0)
(4.9125 2.27076 0)
(4.9875 2.27076 0)
(5.0625 2.27076 2.5854e-18)
(5.1375 2.27076 0)
(5.2125 2.27076 0)
(5.2875 2.27076 0)
(5.3625 2.27076 0)
(5.4375 2.27076 2.5854e-18)
(5.5125 2.27076 0)
(5.5875 2.27076 0)
(5.6625 2.27076 0)
(5.7375 2.27076 0)
(5.8125 2.27076 2.5854e-18)
(5.8875 2.27076 0)
(5.9625 2.27076 0)
(6.0375 2.27076 0)
(6.1125 2.27076 0)
(6.1875 2.27076 2.5854e-18)
(6.2625 2.27076 0)
(6.3375 2.27076 0)
(6.4125 2.27076 0)
(6.4875 2.27076 0)
(6.5625 2.27076 2.5854e-18)
(6.6375 2.27076 0)
(6.7125 2.27076 0)
(6.7875 2.27076 0)
(6.8625 2.27076 0)
(6.9375 2.27076 2.5854e-18)
(7.0125 2.27076 0)
(7.0875 2.27076 0)
(7.1625 2.27076 0)
(7.2375 2.27076 0)
(7.3125 2.27076 2.5854e-18)
(7.3875 2.27076 0)
(7.4625 2.27076 0)
(7.5375 2.27076 0)
(7.6125 2.27076 0)
(7.6875 2.27076 2.5854e-18)
(7.7625 2.27076 0)
(7.8375 2.27076 0)
(7.9125 2.27076 0)
(7.9875 2.27076 0)
(8.0625 2.27076 2.5854e-18)
(8.1375 2.27076 0)
(8.2125 2.27076 2.5854e-18)
(8.2875 2.27076 2.5854e-18)
(8.3625 2.27076 0)
(8.4375 2.27076 2.5854e-18)
(8.5125 2.27076 0)
(8.5875 2.27076 2.5854e-18)
(8.6625 2.27076 2.5854e-18)
(8.7375 2.27076 0)
(8.8125 2.27076 2.5854e-18)
(8.8875 2.27076 0)
(8.9625 2.27076 2.5854e-18)
(0.0375 2.30167 0)
(0.1125 2.30167 0)
(0.1875 2.30167 -2.8658e-18)
(0.2625 2.30167 2.67305e-18)
(0.3375 2.30167 -2.8658e-18)
(0.4125 2.30167 -1.92747e-19)
(0.4875 2.30167 -1.92747e-19)
(0.5625 2.30167 -1.92747e-19)
(0.6375 2.30167 5.15336e-18)
(0.7125 2.30167 -1.92747e-19)
(0.7875 2.30167 -1.92747e-19)
(0.8625 2.30167 0)
(0.9375 2.30167 -1.92747e-19)
(1.0125 2.30167 5.15336e-18)
(1.0875 2.30167 -1.92747e-19)
(1.1625 2.30167 -1.92747e-19)
(1.2375 2.30167 -1.92747e-19)
(1.3125 2.30167 0)
(1.3875 2.30167 -1.92747e-19)
(1.4625 2.30167 -1.92747e-19)
(1.5375 2.30167 -1.92747e-19)
(1.6125 2.30167 -1.92747e-19)
(1.6875 2.30167 0)
(1.7625 2.30167 -1.92747e-19)
(1.8375 2.30167 -1.92747e-19)
(1.9125 2.30167 -1.92747e-19)
(1.9875 2.30167 -1.92747e-19)
(2.0625 2.30167 0)
(2.1375 2.30167 0)
(2.2125 2.30167 0)
(2.2875 2.30167 0)
(2.3625 2.30167 2.48031e-18)
(2.4375 2.30167 0)
(2.5125 2.30167 0)
(2.5875 2.30167 0)
(2.6625 2.30167 0)
(2.7375 2.30167 2.48031e-18)
(2.8125 2.30167 0)
(2.8875 2.30167 2.48031e-18)
(2.9625 2.30167 2.48031e-18)
(3.0375 2.30167 -5.34611e-18)
(3.1125 2.30167 2.48031e-18)
(3.1875 2.30167 0)
(3.2625 2.30167 2.48031e-18)
(3.3375 2.30167 2.48031e-18)
(3.4125 2.30167 -5.34611e-18)
(3.4875 2.30167 2.48031e-18)
(3.5625 2.30167 0)
(3.6375 2.30167 2.48031e-18)
(3.7125 2.30167 2.48031e-18)
(3.7875 2.30167 -5.34611e-18)
(3.8625 2.30167 2.48031e-18)
(3.9375 2.30167 0)
(4.0125 2.30167 0)
(4.0875 2.30167 5.15336e-18)
(4.1625 2.30167 -5.34611e-18)
(4.2375 2.30167 5.15336e-18)
(4.3125 2.30167 0)
(4.3875 2.30167 2.67305e-18)
(4.4625 2.30167 5.15336e-18)
(4.5375 2.30167 -5.34611e-18)
(4.6125 2.30167 5.15336e-18)
(4.6875 2.30167 0)
(4.7625 2.30167 2.67305e-18)
(4.8375 2.30167 5.15336e-18)
(4.9125 2.30167 -5.34611e-18)
(4.9875 2.30167 5.15336e-18)
(5.0625 2.30167 0)
(5.1375 2.30167 2.67305e-18)
(5.2125 2.30167 5.15336e-18)
(5.2875 2.30167 -5.34611e-18)
(5.3625 2.30167 2.67305e-18)
(5.4375 2.30167 0)
(5.5125 2.30167 2.67305e-18)
(5.5875 2.30167 5.15336e-18)
(5.6625 2.30167 -5.34611e-18)
(5.7375 2.30167 2.67305e-18)
(5.8125 2.30167 0)
(5.8875 2.30167 2.67305e-18)
(5.9625 2.30167 5.15336e-18)
(6.0375 2.30167 -5.34611e-18)
(6.1125 2.30167 2.67305e-18)
(6.1875 2.30167 0)
(6.2625 2.30167 2.67305e-18)
(6.3375 2.30167 5.15336e-18)
(6.4125 2.30167 -5.34611e-18)
(6.4875 2.30167 2.67305e-18)
(6.5625 2.30167 0)
(6.6375 2.30167 2.67305e-18)
(6.7125 2.30167 5.15336e-18)
(6.7875 2.30167 -5.34611e-18)
(6.8625 2.30167 2.67305e-18)
(6.9375 2.30167 0)
(7.0125 2.30167 2.67305e-18)
(7.0875 2.30167 5.15336e-18)
(7.1625 2.30167 -5.34611e-18)
(7.2375 2.30167 2.67305e-18)
(7.3125 2.30167 0)
(7.3875 2.30167 2.67305e-18)
(7.4625 2.30167 5.15336e-18)
(7.5375 2.30167 -5.34611e-18)
(7.6125 2.30167 2.67305e-18)
(7.6875 2.30167 0)
(7.7625 2.30167 2.67305e-18)
(7.8375 2.30167 5.15336e-18)
(7.9125 2.30167 -5.34611e-18)
(7.9875 2.30167 2.67305e-18)
(8.0625 2.30167 0)
(8.1375 2.30167 8.01916e-18)
(8.2125 2.30167 0)
(8.2875 2.30167 0)
(8.3625 2.30167 2.8658e-18)
(8.4375 2.30167 0)
(8.5125 2.30167 8.01916e-18)
(8.5875 2.30167 0)
(8.6625 2.30167 0)
(8.7375 2.30167 2.8658e-18)
(8.8125 2.30167 0)
(8.8875 2.30167 8.01916e-18)
(8.9625 2.30167 0)
(0.0375 2.33149 0)
(0.1125 2.33149 0)
(0.1875 2.33149 0)
(0.2625 2.33149 0)
(0.3375 2.33149 -3.14941e-18)
(0.4125 2.33149 3.14941e-18)
(0.4875 2.33149 0)
(0.5625 2.33149 0)
(0.6375 2.33149 0)
(0.7125 2.33149 1.92747e-19)
(0.7875 2.33149 0)
(0.8625 2.33149 0)
(0.9375 2.33149 0)
(1.0125 2.33149 0)
(1.0875 2.33149 1.92747e-19)
(1.1625 2.33149 0)
(1.2375 2.33149 1.92747e-19)
(1.3125 2.33149 0)
(1.3875 2.33149 0)
(1.4625 2.33149 1.92747e-19)
(1.5375 2.33149 0)
(1.6125 2.33149 0)
(1.6875 2.33149 0)
(1.7625 2.33149 0)
(1.8375 2.33149 1.92747e-19)
(1.9125 2.33149 0)
(1.9875 2.33149 0)
(2.0625 2.33149 0)
(2.1375 2.33149 0)
(2.2125 2.33149 0)
(2.2875 2.33149 0)
(2.3625 2.33149 0)
(2.4375 2.33149 0)
(2.5125 2.33149 0)
(2.5875 2.33149 0)
(2.6625 2.33149 0)
(2.7375 2.33149 0)
(2.8125 2.33149 0)
(2.8875 2.33149 0)
(2.9625 2.33149 0)
(3.0375 2.33149 0)
(3.1125 2.33149 0)
(3.1875 2.33149 0)
(3.2625 2.33149 0)
(3.3375 2.33149 0)
(3.4125 2.33149 0)
(3.4875 2.33149 0)
(3.5625 2.33149 0)
(3.6375 2.33149 0)
(3.7125 2.33149 0)
(3.7875 2.33149 0)
(3.8625 2.33149 0)
(3.9375 2.33149 0)
(4.0125 2.33149 0)
(4.0875 2.33149 0)
(4.1625 2.33149 0)
(4.2375 2.33149 0)
(4.3125 2.33149 0)
(4.3875 2.33149 0)
(4.4625 2.33149 0)
(4.5375 2.33149 0)
(4.6125 2.33149 0)
(4.6875 2.33149 0)
(4.7625 2.33149 0)
(4.8375 2.33149 0)
(4.9125 2.33149 0)
(4.9875 2.33149 0)
(5.0625 2.33149 0)
(5.1375 2.33149 0)
(5.2125 2.33149 0)
(5.2875 2.33149 0)
(5.3625 2.33149 0)
(5.4375 2.33149 0)
(5.5125 2.33149 0)
(5.5875 2.33149 0)
(5.6625 2.33149 0)
(5.7375 2.33149 0)
(5.8125 2.33149 0)
(5.8875 2.33149 0)
(5.9625 2.33149 0)
(6.0375 2.33149 0)
(6.1125 2.33149 0)
(6.1875 2.33149 0)
(6.2625 2.33149 0)
(6.3375 2.33149 0)
(6.4125 2.33149 0)
(6.4875 2.33149 0)
(6.5625 2.33149 0)
(6.6375 2.33149 0)
(6.7125 2.33149 0)
(6.7875 2.33149 0)
(6.8625 2.33149 0)
(6.9375 2.33149 0)
(7.0125 2.33149 0)
(7.0875 2.33149 0)
(7.1625 2.33149 0)
(7.2375 2.33149 0)
(7.3125 2.33149 0)
(7.3875 2.33149 0)
(7.4625 2.33149 0)
(7.5375 2.33149 0)
(7.6125 2.33149 0)
(7.6875 2.33149 0)
(7.7625 2.33149 0)
(7.8375 2.33149 0)
(7.9125 2.33149 0)
(7.9875 2.33149 0)
(8.0625 2.33149 0)
(8.1375 2.33149 0)
(8.2125 2.33149 0)
(8.2875 2.33149 0)
(8.3625 2.33149 0)
(8.4375 2.33149 0)
(8.5125 2.33149 0)
(8.5875 2.33149 0)
(8.6625 2.33149 0)
(8.7375 2.33149 0)
(8.8125 2.33149 0)
(8.8875 2.33149 0)
(8.9625 2.33149 0)
(0.0375 2.36026 0)
(0.1125 2.36026 -1.92747e-19)
(0.1875 2.36026 0)
(0.2625 2.36026 3.85494e-19)
(0.3375 2.36026 0)
(0.4125 2.36026 0)
(0.4875 2.36026 0)
(0.5625 2.36026 0)
(0.6375 2.36026 0)
(0.7125 2.36026 0)
(0.7875 2.36026 0)
(0.8625 2.36026 0)
(0.9375 2.36026 0)
(1.0125 2.36026 0)
(1.0875 2.36026 0)
(1.1625 2.36026 -8.38156e-18)
(1.2375 2.36026 0)
(1.3125 2.36026 0)
(1.3875 2.36026 -8.38156e-18)
(1.4625 2.36026 0)
(1.5375 2.36026 -8.38156e-18)
(1.6125 2.36026 -8.38156e-18)
(1.6875 2.36026 0)
(1.7625 2.36026 -8.38156e-18)
(1.8375 2.36026 0)
(1.9125 2.36026 -8.38156e-18)
(1.9875 2.36026 -8.38156e-18)
(2.0625 2.36026 0)
(2.1375 2.36026 1.92747e-19)
(2.2125 2.36026 0)
(2.2875 2.36026 0)
(2.3625 2.36026 0)
(2.4375 2.36026 0)
(2.5125 2.36026 1.92747e-19)
(2.5875 2.36026 0)
(2.6625 2.36026 0)
(2.7375 2.36026 0)
(2.8125 2.36026 0)
(2.8875 2.36026 0)
(2.9625 2.36026 0)
(3.0375 2.36026 0)
(3.1125 2.36026 0)
(3.1875 2.36026 0)
(3.2625 2.36026 0)
(3.3375 2.36026 0)
(3.4125 2.36026 0)
(3.4875 2.36026 0)
(3.5625 2.36026 0)
(3.6375 2.36026 0)
(3.7125 2.36026 0)
(3.7875 2.36026 0)
(3.8625 2.36026 0)
(3.9375 2.36026 0)
(4.0125 2.36026 1.92747e-19)
(4.0875 2.36026 0)
(4.1625 2.36026 0)
(4.2375 2.36026 0)
(4.3125 2.36026 0)
(4.3875 2.36026 0)
(4.4625 2.36026 0)
(4.5375 2.36026 0)
(4.6125 2.36026 0)
(4.6875 2.36026 0)
(4.7625 2.36026 0)
(4.8375 2.36026 0)
(4.9125 2.36026 0)
(4.9875 2.36026 0)
(5.0625 2.36026 0)
(5.1375 2.36026 0)
(5.2125 2.36026 0)
(5.2875 2.36026 0)
(5.3625 2.36026 0)
(5.4375 2.36026 0)
(5.5125 2.36026 0)
(5.5875 2.36026 0)
(5.6625 2.36026 0)
(5.7375 2.36026 0)
(5.8125 2.36026 0)
(5.8875 2.36026 0)
(5.9625 2.36026 0)
(6.0375 2.36026 0)
(6.1125 2.36026 0)
(6.1875 2.36026 0)
(6.2625 2.36026 0)
(6.3375 2.36026 0)
(6.4125 2.36026 0)
(6.4875 2.36026 0)
(6.5625 2.36026 0)
(6.6375 2.36026 0)
(6.7125 2.36026 0)
(6.7875 2.36026 0)
(6.8625 2.36026 0)
(6.9375 2.36026 0)
(7.0125 2.36026 0)
(7.0875 2.36026 0)
(7.1625 2.36026 0)
(7.2375 2.36026 0)
(7.3125 2.36026 0)
(7.3875 2.36026 0)
(7.4625 2.36026 0)
(7.5375 2.36026 0)
(7.6125 2.36026 0)
(7.6875 2.36026 0)
(7.7625 2.36026 0)
(7.8375 2.36026 0)
(7.9125 2.36026 0)
(7.9875 2.36026 0)
(8.0625 2.36026 0)
(8.1375 2.36026 0)
(8.2125 2.36026 0)
(8.2875 2.36026 0)
(8.3625 2.36026 0)
(8.4375 2.36026 0)
(8.5125 2.36026 0)
(8.5875 2.36026 0)
(8.6625 2.36026 0)
(8.7375 2.36026 0)
(8.8125 2.36026 0)
(8.8875 2.36026 0)
(8.9625 2.36026 0)
(0.0375 2.38801 9.63735e-20)
(0.1125 2.38801 0)
(0.1875 2.38801 8.48173e-18)
(0.2625 2.38801 3.14849e-18)
(0.3375 2.38801 0)
(0.4125 2.38801 -5.91149e-18)
(0.4875 2.38801 0)
(0.5625 2.38801 -2.95574e-18)
(0.6375 2.38801 0)
(0.7125 2.38801 0)
(0.7875 2.38801 0)
(0.8625 2.38801 0)
(0.9375 2.38801 -2.95574e-18)
(1.0125 2.38801 0)
(1.0875 2.38801 2.95574e-18)
(1.1625 2.38801 0)
(1.2375 2.38801 2.95574e-18)
(1.3125 2.38801 0)
(1.3875 2.38801 0)
(1.4625 2.38801 2.95574e-18)
(1.5375 2.38801 0)
(1.6125 2.38801 0)
(1.6875 2.38801 0)
(1.7625 2.38801 0)
(1.8375 2.38801 2.95574e-18)
(1.9125 2.38801 0)
(1.9875 2.38801 0)
(2.0625 2.38801 0)
(2.1375 2.38801 1.92747e-19)
(2.2125 2.38801 0)
(2.2875 2.38801 0)
(2.3625 2.38801 0)
(2.4375 2.38801 0)
(2.5125 2.38801 1.92747e-19)
(2.5875 2.38801 0)
(2.6625 2.38801 0)
(2.7375 2.38801 0)
(2.8125 2.38801 0)
(2.8875 2.38801 0)
(2.9625 2.38801 0)
(3.0375 2.38801 0)
(3.1125 2.38801 0)
(3.1875 2.38801 0)
(3.2625 2.38801 0)
(3.3375 2.38801 0)
(3.4125 2.38801 0)
(3.4875 2.38801 0)
(3.5625 2.38801 0)
(3.6375 2.38801 0)
(3.7125 2.38801 0)
(3.7875 2.38801 0)
(3.8625 2.38801 0)
(3.9375 2.38801 0)
(4.0125 2.38801 1.92747e-19)
(4.0875 2.38801 0)
(4.1625 2.38801 0)
(4.2375 2.38801 0)
(4.3125 2.38801 -1.92747e-19)
(4.3875 2.38801 0)
(4.4625 2.38801 0)
(4.5375 2.38801 0)
(4.6125 2.38801 0)
(4.6875 2.38801 -1.92747e-19)
(4.7625 2.38801 0)
(4.8375 2.38801 0)
(4.9125 2.38801 0)
(4.9875 2.38801 0)
(5.0625 2.38801 -1.92747e-19)
(5.1375 2.38801 0)
(5.2125 2.38801 0)
(5.2875 2.38801 0)
(5.3625 2.38801 0)
(5.4375 2.38801 -1.92747e-19)
(5.5125 2.38801 0)
(5.5875 2.38801 0)
(5.6625 2.38801 0)
(5.7375 2.38801 0)
(5.8125 2.38801 -1.92747e-19)
(5.8875 2.38801 0)
(5.9625 2.38801 0)
(6.0375 2.38801 0)
(6.1125 2.38801 0)
(6.1875 2.38801 -1.92747e-19)
(6.2625 2.38801 0)
(6.3375 2.38801 0)
(6.4125 2.38801 0)
(6.4875 2.38801 0)
(6.5625 2.38801 -1.92747e-19)
(6.6375 2.38801 0)
(6.7125 2.38801 0)
(6.7875 2.38801 0)
(6.8625 2.38801 0)
(6.9375 2.38801 -1.92747e-19)
(7.0125 2.38801 0)
(7.0875 2.38801 0)
(7.1625 2.38801 0)
(7.2375 2.38801 0)
(7.3125 2.38801 -1.92747e-19)
(7.3875 2.38801 0)
(7.4625 2.38801 0)
(7.5375 2.38801 0)
(7.6125 2.38801 0)
(7.6875 2.38801 -1.92747e-19)
(7.7625 2.38801 0)
(7.8375 2.38801 0)
(7.9125 2.38801 0)
(7.9875 2.38801 0)
(8.0625 2.38801 -1.92747e-19)
(8.1375 2.38801 0)
(8.2125 2.38801 -1.92747e-19)
(8.2875 2.38801 -1.92747e-19)
(8.3625 2.38801 0)
(8.4375 2.38801 -1.92747e-19)
(8.5125 2.38801 0)
(8.5875 2.38801 -1.92747e-19)
(8.6625 2.38801 -1.92747e-19)
(8.7375 2.38801 0)
(8.8125 2.38801 -1.92747e-19)
(8.8875 2.38801 0)
(8.9625 2.38801 -1.92747e-19)
(0.0375 2.41478 4.48907e-18)
(0.1125 2.41478 -3.05696e-18)
(0.1875 2.41478 0)
(0.2625 2.41478 0)
(0.3375 2.41478 1.92747e-19)
(0.4125 2.41478 0)
(0.4875 2.41478 1.92747e-19)
(0.5625 2.41478 0)
(0.6375 2.41478 0)
(0.7125 2.41478 0)
(0.7875 2.41478 0)
(0.8625 2.41478 1.92747e-19)
(0.9375 2.41478 0)
(1.0125 2.41478 0)
(1.0875 2.41478 0)
(1.1625 2.41478 3.24971e-18)
(1.2375 2.41478 0)
(1.3125 2.41478 0)
(1.3875 2.41478 3.24971e-18)
(1.4625 2.41478 0)
(1.5375 2.41478 3.24971e-18)
(1.6125 2.41478 3.24971e-18)
(1.6875 2.41478 0)
(1.7625 2.41478 3.24971e-18)
(1.8375 2.41478 0)
(1.9125 2.41478 3.24971e-18)
(1.9875 2.41478 3.24971e-18)
(2.0625 2.41478 0)
(2.1375 2.41478 1.92747e-19)
(2.2125 2.41478 0)
(2.2875 2.41478 0)
(2.3625 2.41478 0)
(2.4375 2.41478 0)
(2.5125 2.41478 1.92747e-19)
(2.5875 2.41478 0)
(2.6625 2.41478 0)
(2.7375 2.41478 0)
(2.8125 2.41478 0)
(2.8875 2.41478 0)
(2.9625 2.41478 0)
(3.0375 2.41478 1.92747e-19)
(3.1125 2.41478 0)
(3.1875 2.41478 0)
(3.2625 2.41478 0)
(3.3375 2.41478 0)
(3.4125 2.41478 1.92747e-19)
(3.4875 2.41478 0)
(3.5625 2.41478 0)
(3.6375 2.41478 0)
(3.7125 2.41478 0)
(3.7875 2.41478 1.92747e-19)
(3.8625 2.41478 0)
(3.9375 2.41478 0)
(4.0125 2.41478 1.92747e-19)
(4.0875 2.41478 0)
(4.1625 2.41478 0)
(4.2375 2.41478 0)
(4.3125 2.41478 0)
(4.3875 2.41478 -1.92747e-19)
(4.4625 2.41478 0)
(4.5375 2.41478 0)
(4.6125 2.41478 0)
(4.6875 2.41478 0)
(4.7625 2.41478 -1.92747e-19)
(4.8375 2.41478 0)
(4.9125 2.41478 0)
(4.9875 2.41478 0)
(5.0625 2.41478 0)
(5.1375 2.41478 -1.92747e-19)
(5.2125 2.41478 0)
(5.2875 2.41478 0)
(5.3625 2.41478 -1.92747e-19)
(5.4375 2.41478 0)
(5.5125 2.41478 -1.92747e-19)
(5.5875 2.41478 0)
(5.6625 2.41478 0)
(5.7375 2.41478 -1.92747e-19)
(5.8125 2.41478 0)
(5.8875 2.41478 -1.92747e-19)
(5.9625 2.41478 0)
(6.0375 2.41478 0)
(6.1125 2.41478 -1.92747e-19)
(6.1875 2.41478 0)
(6.2625 2.41478 -1.92747e-19)
(6.3375 2.41478 0)
(6.4125 2.41478 0)
(6.4875 2.41478 -1.92747e-19)
(6.5625 2.41478 0)
(6.6375 2.41478 -1.92747e-19)
(6.7125 2.41478 0)
(6.7875 2.41478 0)
(6.8625 2.41478 -1.92747e-19)
(6.9375 2.41478 0)
(7.0125 2.41478 -1.92747e-19)
(7.0875 2.41478 0)
(7.1625 2.41478 0)
(7.2375 2.41478 -1.92747e-19)
(7.3125 2.41478 0)
(7.3875 2.41478 -1.92747e-19)
(7.4625 2.41478 0)
(7.5375 2.41478 0)
(7.6125 2.41478 -1.92747e-19)
(7.6875 2.41478 0)
(7.7625 2.41478 -1.92747e-19)
(7.8375 2.41478 0)
(7.9125 2.41478 0)
(7.9875 2.41478 -1.92747e-19)
(8.0625 2.41478 0)
(8.1375 2.41478 0)
(8.2125 2.41478 0)
(8.2875 2.41478 0)
(8.3625 2.41478 -1.62485e-18)
(8.4375 2.41478 0)
(8.5125 2.41478 0)
(8.5875 2.41478 0)
(8.6625 2.41478 0)
(8.7375 2.41478 -1.62485e-18)
(8.8125 2.41478 0)
(8.8875 2.41478 0)
(8.9625 2.41478 0)
(0.0375 2.4406 0)
(0.1125 2.4406 -4.64645e-18)
(0.1875 2.4406 0)
(0.2625 2.4406 0)
(0.3375 2.4406 0)
(0.4125 2.4406 0)
(0.4875 2.4406 1.92747e-19)
(0.5625 2.4406 0)
(0.6375 2.4406 -1.92747e-19)
(0.7125 2.4406 0)
(0.7875 2.4406 0)
(0.8625 2.4406 0)
(0.9375 2.4406 0)
(1.0125 2.4406 -1.92747e-19)
(1.0875 2.4406 0)
(1.1625 2.4406 0)
(1.2375 2.4406 0)
(1.3125 2.4406 0)
(1.3875 2.4406 0)
(1.4625 2.4406 0)
(1.5375 2.4406 0)
(1.6125 2.4406 0)
(1.6875 2.4406 0)
(1.7625 2.4406 0)
(1.8375 2.4406 0)
(1.9125 2.4406 0)
(1.9875 2.4406 0)
(2.0625 2.4406 0)
(2.1375 2.4406 0)
(2.2125 2.4406 0)
(2.2875 2.4406 0)
(2.3625 2.4406 0)
(2.4375 2.4406 0)
(2.5125 2.4406 0)
(2.5875 2.4406 0)
(2.6625 2.4406 0)
(2.7375 2.4406 0)
(2.8125 2.4406 0)
(2.8875 2.4406 0)
(2.9625 2.4406 0)
(3.0375 2.4406 0)
(3.1125 2.4406 0)
(3.1875 2.4406 0)
(3.2625 2.4406 0)
(3.3375 2.4406 0)
(3.4125 2.4406 0)
(3.4875 2.4406 0)
(3.5625 2.4406 0)
(3.6375 2.4406 0)
(3.7125 2.4406 0)
(3.7875 2.4406 0)
(3.8625 2.4406 0)
(3.9375 2.4406 0)
(4.0125 2.4406 0)
(4.0875 2.4406 0)
(4.1625 2.4406 0)
(4.2375 2.4406 0)
(4.3125 2.4406 0)
(4.3875 2.4406 0)
(4.4625 2.4406 0)
(4.5375 2.4406 0)
(4.6125 2.4406 0)
(4.6875 2.4406 0)
(4.7625 2.4406 0)
(4.8375 2.4406 0)
(4.9125 2.4406 0)
(4.9875 2.4406 0)
(5.0625 2.4406 0)
(5.1375 2.4406 0)
(5.2125 2.4406 0)
(5.2875 2.4406 0)
(5.3625 2.4406 0)
(5.4375 2.4406 0)
(5.5125 2.4406 0)
(5.5875 2.4406 0)
(5.6625 2.4406 0)
(5.7375 2.4406 0)
(5.8125 2.4406 0)
(5.8875 2.4406 0)
(5.9625 2.4406 0)
(6.0375 2.4406 0)
(6.1125 2.4406 0)
(6.1875 2.4406 0)
(6.2625 2.4406 0)
(6.3375 2.4406 0)
(6.4125 2.4406 0)
(6.4875 2.4406 0)
(6.5625 2.4406 0)
(6.6375 2.4406 0)
(6.7125 2.4406 0)
(6.7875 2.4406 0)
(6.8625 2.4406 0)
(6.9375 2.4406 0)
(7.0125 2.4406 0)
(7.0875 2.4406 0)
(7.1625 2.4406 0)
(7.2375 2.4406 0)
(7.3125 2.4406 0)
(7.3875 2.4406 0)
(7.4625 2.4406 0)
(7.5375 2.4406 0)
(7.6125 2.4406 0)
(7.6875 2.4406 0)
(7.7625 2.4406 0)
(7.8375 2.4406 0)
(7.9125 2.4406 0)
(7.9875 2.4406 0)
(8.0625 2.4406 0)
(8.1375 2.4406 0)
(8.2125 2.4406 0)
(8.2875 2.4406 0)
(8.3625 2.4406 0)
(8.4375 2.4406 0)
(8.5125 2.4406 0)
(8.5875 2.4406 0)
(8.6625 2.4406 0)
(8.7375 2.4406 0)
(8.8125 2.4406 0)
(8.8875 2.4406 0)
(8.9625 2.4406 0)
(0.0375 2.46551 0)
(0.1125 2.46551 0)
(0.1875 2.46551 0)
(0.2625 2.46551 -1.92747e-19)
(0.3375 2.46551 1.7317e-18)
(0.4125 2.46551 -5.00235e-18)
(0.4875 2.46551 0)
(0.5625 2.46551 0)
(0.6375 2.46551 -1.53895e-18)
(0.7125 2.46551 3.27065e-18)
(0.7875 2.46551 0)
(0.8625 2.46551 0)
(0.9375 2.46551 0)
(1.0125 2.46551 -1.53895e-18)
(1.0875 2.46551 3.27065e-18)
(1.1625 2.46551 0)
(1.2375 2.46551 3.27065e-18)
(1.3125 2.46551 0)
(1.3875 2.46551 0)
(1.4625 2.46551 3.27065e-18)
(1.5375 2.46551 0)
(1.6125 2.46551 0)
(1.6875 2.46551 0)
(1.7625 2.46551 0)
(1.8375 2.46551 3.27065e-18)
(1.9125 2.46551 0)
(1.9875 2.46551 0)
(2.0625 2.46551 0)
(2.1375 2.46551 0)
(2.2125 2.46551 0)
(2.2875 2.46551 0)
(2.3625 2.46551 0)
(2.4375 2.46551 0)
(2.5125 2.46551 0)
(2.5875 2.46551 0)
(2.6625 2.46551 0)
(2.7375 2.46551 0)
(2.8125 2.46551 0)
(2.8875 2.46551 0)
(2.9625 2.46551 0)
(3.0375 2.46551 0)
(3.1125 2.46551 0)
(3.1875 2.46551 0)
(3.2625 2.46551 0)
(3.3375 2.46551 0)
(3.4125 2.46551 0)
(3.4875 2.46551 0)
(3.5625 2.46551 0)
(3.6375 2.46551 0)
(3.7125 2.46551 0)
(3.7875 2.46551 0)
(3.8625 2.46551 0)
(3.9375 2.46551 0)
(4.0125 2.46551 0)
(4.0875 2.46551 0)
(4.1625 2.46551 0)
(4.2375 2.46551 0)
(4.3125 2.46551 0)
(4.3875 2.46551 0)
(4.4625 2.46551 0)
(4.5375 2.46551 0)
(4.6125 2.46551 0)
(4.6875 2.46551 0)
(4.7625 2.46551 0)
(4.8375 2.46551 0)
(4.9125 2.46551 0)
(4.9875 2.46551 0)
(5.0625 2.46551 0)
(5.1375 2.46551 0)
(5.2125 2.46551 0)
(5.2875 2.46551 0)
(5.3625 2.46551 0)
(5.4375 2.46551 0)
(5.5125 2.46551 0)
(5.5875 2.46551 0)
(5.6625 2.46551 0)
(5.7375 2.46551 0)
(5.8125 2.46551 0)
(5.8875 2.46551 0)
(5.9625 2.46551 0)
(6.0375 2.46551 0)
(6.1125 2.46551 0)
(6.1875 2.46551 0)
(6.2625 2.46551 0)
(6.3375 2.46551 0)
(6.4125 2.46551 0)
(6.4875 2.46551 0)
(6.5625 2.46551 0)
(6.6375 2.46551 0)
(6.7125 2.46551 0)
(6.7875 2.46551 0)
(6.8625 2.46551 0)
(6.9375 2.46551 0)
(7.0125 2.46551 0)
(7.0875 2.46551 0)
(7.1625 2.46551 0)
(7.2375 2.46551 0)
(7.3125 2.46551 0)
(7.3875 2.46551 0)
(7.4625 2.46551 0)
(7.5375 2.46551 0)
(7.6125 2.46551 0)
(7.6875 2.46551 0)
(7.7625 2.46551 0)
(7.8375 2.46551 0)
(7.9125 2.46551 0)
(7.9875 2.46551 0)
(8.0625 2.46551 0)
(8.1375 2.46551 -1.92747e-19)
(8.2125 2.46551 0)
(8.2875 2.46551 0)
(8.3625 2.46551 0)
(8.4375 2.46551 0)
(8.5125 2.46551 -1.92747e-19)
(8.5875 2.46551 0)
(8.6625 2.46551 0)
(8.7375 2.46551 0)
(8.8125 2.46551 0)
(8.8875 2.46551 -1.92747e-19)
(8.9625 2.46551 0)
(0.0375 2.48954 0)
(0.1125 2.48954 0)
(0.1875 2.48954 0)
(0.2625 2.48954 -1.92747e-19)
(0.3375 2.48954 3.3834e-18)
(0.4125 2.48954 -3.3834e-18)
(0.4875 2.48954 0)
(0.5625 2.48954 0)
(0.6375 2.48954 0)
(0.7125 2.48954 0)
(0.7875 2.48954 0)
(0.8625 2.48954 0)
(0.9375 2.48954 0)
(1.0125 2.48954 0)
(1.0875 2.48954 0)
(1.1625 2.48954 0)
(1.2375 2.48954 0)
(1.3125 2.48954 0)
(1.3875 2.48954 0)
(1.4625 2.48954 0)
(1.5375 2.48954 0)
(1.6125 2.48954 0)
(1.6875 2.48954 0)
(1.7625 2.48954 0)
(1.8375 2.48954 0)
(1.9125 2.48954 0)
(1.9875 2.48954 0)
(2.0625 2.48954 0)
(2.1375 2.48954 0)
(2.2125 2.48954 0)
(2.2875 2.48954 0)
(2.3625 2.48954 3.3834e-18)
(2.4375 2.48954 0)
(2.5125 2.48954 0)
(2.5875 2.48954 0)
(2.6625 2.48954 0)
(2.7375 2.48954 3.3834e-18)
(2.8125 2.48954 0)
(2.8875 2.48954 3.3834e-18)
(2.9625 2.48954 0)
(3.0375 2.48954 0)
(3.1125 2.48954 3.3834e-18)
(3.1875 2.48954 0)
(3.2625 2.48954 3.3834e-18)
(3.3375 2.48954 0)
(3.4125 2.48954 0)
(3.4875 2.48954 3.3834e-18)
(3.5625 2.48954 0)
(3.6375 2.48954 3.3834e-18)
(3.7125 2.48954 0)
(3.7875 2.48954 0)
(3.8625 2.48954 3.3834e-18)
(3.9375 2.48954 0)
(4.0125 2.48954 0)
(4.0875 2.48954 0)
(4.1625 2.48954 1.92747e-19)
(4.2375 2.48954 0)
(4.3125 2.48954 0)
(4.3875 2.48954 1.92747e-19)
(4.4625 2.48954 0)
(4.5375 2.48954 1.92747e-19)
(4.6125 2.48954 0)
(4.6875 2.48954 0)
(4.7625 2.48954 1.92747e-19)
(4.8375 2.48954 0)
(4.9125 2.48954 1.92747e-19)
(4.9875 2.48954 0)
(5.0625 2.48954 0)
(5.1375 2.48954 1.92747e-19)
(5.2125 2.48954 0)
(5.2875 2.48954 1.92747e-19)
(5.3625 2.48954 1.92747e-19)
(5.4375 2.48954 0)
(5.5125 2.48954 1.92747e-19)
(5.5875 2.48954 0)
(5.6625 2.48954 1.92747e-19)
(5.7375 2.48954 1.92747e-19)
(5.8125 2.48954 0)
(5.8875 2.48954 1.92747e-19)
(5.9625 2.48954 0)
(6.0375 2.48954 1.92747e-19)
(6.1125 2.48954 1.92747e-19)
(6.1875 2.48954 0)
(6.2625 2.48954 1.92747e-19)
(6.3375 2.48954 0)
(6.4125 2.48954 1.92747e-19)
(6.4875 2.48954 1.92747e-19)
(6.5625 2.48954 0)
(6.6375 2.48954 1.92747e-19)
(6.7125 2.48954 0)
(6.7875 2.48954 1.92747e-19)
(6.8625 2.48954 1.92747e-19)
(6.9375 2.48954 0)
(7.0125 2.48954 1.92747e-19)
(7.0875 2.48954 0)
(7.1625 2.48954 1.92747e-19)
(7.2375 2.48954 1.92747e-19)
(7.3125 2.48954 0)
(7.3875 2.48954 1.92747e-19)
(7.4625 2.48954 0)
(7.5375 2.48954 1.92747e-19)
(7.6125 2.48954 1.92747e-19)
(7.6875 2.48954 0)
(7.7625 2.48954 1.92747e-19)
(7.8375 2.48954 0)
(7.9125 2.48954 1.92747e-19)
(7.9875 2.48954 1.92747e-19)
(8.0625 2.48954 0)
(8.1375 2.48954 -1.92747e-19)
(8.2125 2.48954 0)
(8.2875 2.48954 0)
(8.3625 2.48954 0)
(8.4375 2.48954 0)
(8.5125 2.48954 -1.92747e-19)
(8.5875 2.48954 0)
(8.6625 2.48954 0)
(8.7375 2.48954 0)
(8.8125 2.48954 0)
(8.8875 2.48954 -1.92747e-19)
(8.9625 2.48954 0)
(0.0375 2.51272 0)
(0.1125 2.51272 0)
(0.1875 2.51272 0)
(0.2625 2.51272 0)
(0.3375 2.51272 0)
(0.4125 2.51272 0)
(0.4875 2.51272 0)
(0.5625 2.51272 0)
(0.6375 2.51272 0)
(0.7125 2.51272 0)
(0.7875 2.51272 0)
(0.8625 2.51272 3.50029e-18)
(0.9375 2.51272 0)
(1.0125 2.51272 0)
(1.0875 2.51272 1.92747e-19)
(1.1625 2.51272 -1.92747e-19)
(1.2375 2.51272 1.92747e-19)
(1.3125 2.51272 0)
(1.3875 2.51272 0)
(1.4625 2.51272 1.92747e-19)
(1.5375 2.51272 -1.92747e-19)
(1.6125 2.51272 0)
(1.6875 2.51272 0)
(1.7625 2.51272 0)
(1.8375 2.51272 1.92747e-19)
(1.9125 2.51272 -1.92747e-19)
(1.9875 2.51272 0)
(2.0625 2.51272 0)
(2.1375 2.51272 0)
(2.2125 2.51272 0)
(2.2875 2.51272 0)
(2.3625 2.51272 0)
(2.4375 2.51272 0)
(2.5125 2.51272 0)
(2.5875 2.51272 0)
(2.6625 2.51272 0)
(2.7375 2.51272 0)
(2.8125 2.51272 0)
(2.8875 2.51272 0)
(2.9625 2.51272 0)
(3.0375 2.51272 0)
(3.1125 2.51272 0)
(3.1875 2.51272 0)
(3.2625 2.51272 0)
(3.3375 2.51272 0)
(3.4125 2.51272 0)
(3.4875 2.51272 0)
(3.5625 2.51272 0)
(3.6375 2.51272 0)
(3.7125 2.51272 0)
(3.7875 2.51272 0)
(3.8625 2.51272 0)
(3.9375 2.51272 0)
(4.0125 2.51272 0)
(4.0875 2.51272 0)
(4.1625 2.51272 0)
(4.2375 2.51272 0)
(4.3125 2.51272 0)
(4.3875 2.51272 0)
(4.4625 2.51272 0)
(4.5375 2.51272 0)
(4.6125 2.51272 0)
(4.6875 2.51272 0)
(4.7625 2.51272 0)
(4.8375 2.51272 0)
(4.9125 2.51272 0)
(4.9875 2.51272 0)
(5.0625 2.51272 0)
(5.1375 2.51272 0)
(5.2125 2.51272 0)
(5.2875 2.51272 0)
(5.3625 2.51272 0)
(5.4375 2.51272 0)
(5.5125 2.51272 0)
(5.5875 2.51272 0)
(5.6625 2.51272 0)
(5.7375 2.51272 0)
(5.8125 2.51272 0)
(5.8875 2.51272 0)
(5.9625 2.51272 0)
(6.0375 2.51272 0)
(6.1125 2.51272 0)
(6.1875 2.51272 0)
(6.2625 2.51272 0)
(6.3375 2.51272 0)
(6.4125 2.51272 0)
(6.4875 2.51272 0)
(6.5625 2.51272 0)
(6.6375 2.51272 0)
(6.7125 2.51272 0)
(6.7875 2.51272 0)
(6.8625 2.51272 0)
(6.9375 2.51272 0)
(7.0125 2.51272 0)
(7.0875 2.51272 0)
(7.1625 2.51272 0)
(7.2375 2.51272 0)
(7.3125 2.51272 0)
(7.3875 2.51272 0)
(7.4625 2.51272 0)
(7.5375 2.51272 0)
(7.6125 2.51272 0)
(7.6875 2.51272 0)
(7.7625 2.51272 0)
(7.8375 2.51272 0)
(7.9125 2.51272 0)
(7.9875 2.51272 0)
(8.0625 2.51272 0)
(8.1375 2.51272 1.92747e-19)
(8.2125 2.51272 0)
(8.2875 2.51272 0)
(8.3625 2.51272 0)
(8.4375 2.51272 0)
(8.5125 2.51272 1.92747e-19)
(8.5875 2.51272 0)
(8.6625 2.51272 0)
(8.7375 2.51272 0)
(8.8125 2.51272 0)
(8.8875 2.51272 1.92747e-19)
(8.9625 2.51272 0)
(0.0375 2.53508 -1.81073e-18)
(0.1125 2.53508 0)
(0.1875 2.53508 0)
(0.2625 2.53508 0)
(0.3375 2.53508 1.9071e-18)
(0.4125 2.53508 1.9071e-18)
(0.4875 2.53508 1.9071e-18)
(0.5625 2.53508 -3.62145e-18)
(0.6375 2.53508 0)
(0.7125 2.53508 1.92747e-19)
(0.7875 2.53508 -3.8142e-18)
(0.8625 2.53508 7.24291e-18)
(0.9375 2.53508 -3.62145e-18)
(1.0125 2.53508 0)
(1.0875 2.53508 1.9071e-18)
(1.1625 2.53508 -1.9071e-18)
(1.2375 2.53508 1.9071e-18)
(1.3125 2.53508 0)
(1.3875 2.53508 0)
(1.4625 2.53508 1.9071e-18)
(1.5375 2.53508 -1.9071e-18)
(1.6125 2.53508 0)
(1.6875 2.53508 0)
(1.7625 2.53508 0)
(1.8375 2.53508 1.9071e-18)
(1.9125 2.53508 -1.9071e-18)
(1.9875 2.53508 0)
(2.0625 2.53508 0)
(2.1375 2.53508 5.52855e-18)
(2.2125 2.53508 0)
(2.2875 2.53508 0)
(2.3625 2.53508 0)
(2.4375 2.53508 0)
(2.5125 2.53508 5.52855e-18)
(2.5875 2.53508 0)
(2.6625 2.53508 0)
(2.7375 2.53508 0)
(2.8125 2.53508 0)
(2.8875 2.53508 0)
(2.9625 2.53508 -1.92747e-19)
(3.0375 2.53508 0)
(3.1125 2.53508 0)
(3.1875 2.53508 0)
(3.2625 2.53508 0)
(3.3375 2.53508 -1.92747e-19)
(3.4125 2.53508 0)
(3.4875 2.53508 0)
(3.5625 2.53508 0)
(3.6375 2.53508 0)
(3.7125 2.53508 -1.92747e-19)
(3.7875 2.53508 0)
(3.8625 2.53508 0)
(3.9375 2.53508 0)
(4.0125 2.53508 5.52855e-18)
(4.0875 2.53508 -1.92747e-19)
(4.1625 2.53508 -1.92747e-19)
(4.2375 2.53508 -1.92747e-19)
(4.3125 2.53508 1.92747e-19)
(4.3875 2.53508 -1.92747e-19)
(4.4625 2.53508 -1.92747e-19)
(4.5375 2.53508 -1.92747e-19)
(4.6125 2.53508 -1.92747e-19)
(4.6875 2.53508 1.92747e-19)
(4.7625 2.53508 -1.92747e-19)
(4.8375 2.53508 -1.92747e-19)
(4.9125 2.53508 -1.92747e-19)
(4.9875 2.53508 -1.92747e-19)
(5.0625 2.53508 1.92747e-19)
(5.1375 2.53508 -1.92747e-19)
(5.2125 2.53508 -1.92747e-19)
(5.2875 2.53508 -1.92747e-19)
(5.3625 2.53508 -1.92747e-19)
(5.4375 2.53508 1.92747e-19)
(5.5125 2.53508 -1.92747e-19)
(5.5875 2.53508 -1.92747e-19)
(5.6625 2.53508 -1.92747e-19)
(5.7375 2.53508 -1.92747e-19)
(5.8125 2.53508 1.92747e-19)
(5.8875 2.53508 -1.92747e-19)
(5.9625 2.53508 -1.92747e-19)
(6.0375 2.53508 -1.92747e-19)
(6.1125 2.53508 -1.92747e-19)
(6.1875 2.53508 1.92747e-19)
(6.2625 2.53508 -1.92747e-19)
(6.3375 2.53508 -1.92747e-19)
(6.4125 2.53508 -1.92747e-19)
(6.4875 2.53508 -1.92747e-19)
(6.5625 2.53508 1.92747e-19)
(6.6375 2.53508 -1.92747e-19)
(6.7125 2.53508 -1.92747e-19)
(6.7875 2.53508 -1.92747e-19)
(6.8625 2.53508 -1.92747e-19)
(6.9375 2.53508 1.92747e-19)
(7.0125 2.53508 -1.92747e-19)
(7.0875 2.53508 -1.92747e-19)
(7.1625 2.53508 -1.92747e-19)
(7.2375 2.53508 -1.92747e-19)
(7.3125 2.53508 1.92747e-19)
(7.3875 2.53508 -1.92747e-19)
(7.4625 2.53508 -1.92747e-19)
(7.5375 2.53508 -1.92747e-19)
(7.6125 2.53508 -1.92747e-19)
(7.6875 2.53508 1.92747e-19)
(7.7625 2.53508 -1.92747e-19)
(7.8375 2.53508 -1.92747e-19)
(7.9125 2.53508 -1.92747e-19)
(7.9875 2.53508 -1.92747e-19)
(8.0625 2.53508 1.92747e-19)
(8.1375 2.53508 1.92747e-19)
(8.2125 2.53508 1.92747e-19)
(8.2875 2.53508 1.92747e-19)
(8.3625 2.53508 1.92747e-19)
(8.4375 2.53508 1.92747e-19)
(8.5125 2.53508 1.92747e-19)
(8.5875 2.53508 1.92747e-19)
(8.6625 2.53508 1.92747e-19)
(8.7375 2.53508 1.92747e-19)
(8.8125 2.53508 1.92747e-19)
(8.8875 2.53508 1.92747e-19)
(8.9625 2.53508 1.92747e-19)
(0.0375 2.55665 0)
(0.1125 2.55665 1.9699e-18)
(0.1875 2.55665 0)
(0.2625 2.55665 -3.9398e-18)
(0.3375 2.55665 0)
(0.4125 2.55665 0)
(0.4875 2.55665 0)
(0.5625 2.55665 0)
(0.6375 2.55665 0)
(0.7125 2.55665 3.74706e-18)
(0.7875 2.55665 0)
(0.8625 2.55665 -1.92747e-19)
(0.9375 2.55665 0)
(1.0125 2.55665 0)
(1.0875 2.55665 3.74706e-18)
(1.1625 2.55665 0)
(1.2375 2.55665 3.74706e-18)
(1.3125 2.55665 0)
(1.3875 2.55665 0)
(1.4625 2.55665 3.74706e-18)
(1.5375 2.55665 0)
(1.6125 2.55665 0)
(1.6875 2.55665 0)
(1.7625 2.55665 0)
(1.8375 2.55665 3.74706e-18)
(1.9125 2.55665 0)
(1.9875 2.55665 0)
(2.0625 2.55665 0)
(2.1375 2.55665 1.92747e-19)
(2.2125 2.55665 0)
(2.2875 2.55665 0)
(2.3625 2.55665 0)
(2.4375 2.55665 0)
(2.5125 2.55665 1.92747e-19)
(2.5875 2.55665 0)
(2.6625 2.55665 0)
(2.7375 2.55665 0)
(2.8125 2.55665 0)
(2.8875 2.55665 0)
(2.9625 2.55665 3.9398e-18)
(3.0375 2.55665 0)
(3.1125 2.55665 0)
(3.1875 2.55665 0)
(3.2625 2.55665 0)
(3.3375 2.55665 3.9398e-18)
(3.4125 2.55665 0)
(3.4875 2.55665 0)
(3.5625 2.55665 0)
(3.6375 2.55665 0)
(3.7125 2.55665 3.9398e-18)
(3.7875 2.55665 0)
(3.8625 2.55665 0)
(3.9375 2.55665 0)
(4.0125 2.55665 1.92747e-19)
(4.0875 2.55665 3.9398e-18)
(4.1625 2.55665 0)
(4.2375 2.55665 3.9398e-18)
(4.3125 2.55665 0)
(4.3875 2.55665 0)
(4.4625 2.55665 3.9398e-18)
(4.5375 2.55665 0)
(4.6125 2.55665 3.9398e-18)
(4.6875 2.55665 0)
(4.7625 2.55665 0)
(4.8375 2.55665 3.9398e-18)
(4.9125 2.55665 0)
(4.9875 2.55665 3.9398e-18)
(5.0625 2.55665 0)
(5.1375 2.55665 0)
(5.2125 2.55665 3.9398e-18)
(5.2875 2.55665 0)
(5.3625 2.55665 0)
(5.4375 2.55665 0)
(5.5125 2.55665 0)
(5.5875 2.55665 3.9398e-18)
(5.6625 2.55665 0)
(5.7375 2.55665 0)
(5.8125 2.55665 0)
(5.8875 2.55665 0)
(5.9625 2.55665 3.9398e-18)
(6.0375 2.55665 0)
(6.1125 2.55665 0)
(6.1875 2.55665 0)
(6.2625 2.55665 0)
(6.3375 2.55665 3.9398e-18)
(6.4125 2.55665 0)
(6.4875 2.55665 0)
(6.5625 2.55665 0)
(6.6375 2.55665 0)
(6.7125 2.55665 3.9398e-18)
(6.7875 2.55665 0)
(6.8625 2.55665 0)
(6.9375 2.55665 0)
(7.0125 2.55665 0)
(7.0875 2.55665 3.9398e-18)
(7.1625 2.55665 0)
(7.2375 2.55665 0)
(7.3125 2.55665 0)
(7.3875 2.55665 0)
(7.4625 2.55665 3.9398e-18)
(7.5375 2.55665 0)
(7.6125 2.55665 0)
(7.6875 2.55665 0)
(7.7625 2.55665 0)
(7.8375 2.55665 3.9398e-18)
(7.9125 2.55665 0)
(7.9875 2.55665 0)
(8.0625 2.55665 0)
(8.1375 2.55665 0)
(8.2125 2.55665 0)
(8.2875 2.55665 0)
(8.3625 2.55665 1.92747e-19)
(8.4375 2.55665 0)
(8.5125 2.55665 0)
(8.5875 2.55665 0)
(8.6625 2.55665 0)
(8.7375 2.55665 1.92747e-19)
(8.8125 2.55665 0)
(8.8875 2.55665 0)
(8.9625 2.55665 0)
(0.0375 2.57746 0)
(0.1125 2.57746 0)
(0.1875 2.57746 0)
(0.2625 2.57746 0)
(0.3375 2.57746 1.92747e-19)
(0.4125 2.57746 -1.92747e-19)
(0.4875 2.57746 0)
(0.5625 2.57746 0)
(0.6375 2.57746 -2.035e-18)
(0.7125 2.57746 4.07001e-18)
(0.7875 2.57746 0)
(0.8625 2.57746 -5.91227e-18)
(0.9375 2.57746 0)
(1.0125 2.57746 -2.035e-18)
(1.0875 2.57746 4.07001e-18)
(1.1625 2.57746 0)
(1.2375 2.57746 4.07001e-18)
(1.3125 2.57746 0)
(1.3875 2.57746 0)
(1.4625 2.57746 4.07001e-18)
(1.5375 2.57746 0)
(1.6125 2.57746 0)
(1.6875 2.57746 0)
(1.7625 2.57746 0)
(1.8375 2.57746 4.07001e-18)
(1.9125 2.57746 0)
(1.9875 2.57746 0)
(2.0625 2.57746 0)
(2.1375 2.57746 0)
(2.2125 2.57746 0)
(2.2875 2.57746 0)
(2.3625 2.57746 0)
(2.4375 2.57746 0)
(2.5125 2.57746 0)
(2.5875 2.57746 0)
(2.6625 2.57746 0)
(2.7375 2.57746 0)
(2.8125 2.57746 0)
(2.8875 2.57746 0)
(2.9625 2.57746 0)
(3.0375 2.57746 -2.035e-18)
(3.1125 2.57746 0)
(3.1875 2.57746 0)
(3.2625 2.57746 0)
(3.3375 2.57746 0)
(3.4125 2.57746 -2.035e-18)
(3.4875 2.57746 0)
(3.5625 2.57746 0)
(3.6375 2.57746 0)
(3.7125 2.57746 0)
(3.7875 2.57746 -2.035e-18)
(3.8625 2.57746 0)
(3.9375 2.57746 0)
(4.0125 2.57746 0)
(4.0875 2.57746 -2.035e-18)
(4.1625 2.57746 0)
(4.2375 2.57746 -2.035e-18)
(4.3125 2.57746 0)
(4.3875 2.57746 0)
(4.4625 2.57746 -2.035e-18)
(4.5375 2.57746 0)
(4.6125 2.57746 -2.035e-18)
(4.6875 2.57746 0)
(4.7625 2.57746 0)
(4.8375 2.57746 -2.035e-18)
(4.9125 2.57746 0)
(4.9875 2.57746 -2.035e-18)
(5.0625 2.57746 0)
(5.1375 2.57746 0)
(5.2125 2.57746 -2.035e-18)
(5.2875 2.57746 0)
(5.3625 2.57746 0)
(5.4375 2.57746 0)
(5.5125 2.57746 0)
(5.5875 2.57746 -2.035e-18)
(5.6625 2.57746 0)
(5.7375 2.57746 0)
(5.8125 2.57746 0)
(5.8875 2.57746 0)
(5.9625 2.57746 -2.035e-18)
(6.0375 2.57746 0)
(6.1125 2.57746 0)
(6.1875 2.57746 0)
(6.2625 2.57746 0)
(6.3375 2.57746 -2.035e-18)
(6.4125 2.57746 0)
(6.4875 2.57746 0)
(6.5625 2.57746 0)
(6.6375 2.57746 0)
(6.7125 2.57746 -2.035e-18)
(6.7875 2.57746 0)
(6.8625 2.57746 0)
(6.9375 2.57746 0)
(7.0125 2.57746 0)
(7.0875 2.57746 -2.035e-18)
(7.1625 2.57746 0)
(7.2375 2.57746 0)
(7.3125 2.57746 0)
(7.3875 2.57746 0)
(7.4625 2.57746 -2.035e-18)
(7.5375 2.57746 0)
(7.6125 2.57746 0)
(7.6875 2.57746 0)
(7.7625 2.57746 0)
(7.8375 2.57746 -2.035e-18)
(7.9125 2.57746 0)
(7.9875 2.57746 0)
(8.0625 2.57746 0)
(8.1375 2.57746 0)
(8.2125 2.57746 0)
(8.2875 2.57746 0)
(8.3625 2.57746 0)
(8.4375 2.57746 0)
(8.5125 2.57746 0)
(8.5875 2.57746 0)
(8.6625 2.57746 0)
(8.7375 2.57746 0)
(8.8125 2.57746 0)
(8.8875 2.57746 0)
(8.9625 2.57746 0)
(0.0375 2.59754 0)
(0.1125 2.59754 0)
(0.1875 2.59754 0)
(0.2625 2.59754 4.20498e-18)
(0.3375 2.59754 2.10249e-18)
(0.4125 2.59754 -2.10249e-18)
(0.4875 2.59754 0)
(0.5625 2.59754 0)
(0.6375 2.59754 -2.10249e-18)
(0.7125 2.59754 0)
(0.7875 2.59754 0)
(0.8625 2.59754 -2.10249e-18)
(0.9375 2.59754 0)
(1.0125 2.59754 -2.10249e-18)
(1.0875 2.59754 0)
(1.1625 2.59754 0)
(1.2375 2.59754 0)
(1.3125 2.59754 0)
(1.3875 2.59754 0)
(1.4625 2.59754 0)
(1.5375 2.59754 0)
(1.6125 2.59754 0)
(1.6875 2.59754 0)
(1.7625 2.59754 0)
(1.8375 2.59754 0)
(1.9125 2.59754 0)
(1.9875 2.59754 0)
(2.0625 2.59754 0)
(2.1375 2.59754 0)
(2.2125 2.59754 0)
(2.2875 2.59754 0)
(2.3625 2.59754 0)
(2.4375 2.59754 0)
(2.5125 2.59754 0)
(2.5875 2.59754 0)
(2.6625 2.59754 0)
(2.7375 2.59754 0)
(2.8125 2.59754 0)
(2.8875 2.59754 0)
(2.9625 2.59754 0)
(3.0375 2.59754 0)
(3.1125 2.59754 0)
(3.1875 2.59754 0)
(3.2625 2.59754 0)
(3.3375 2.59754 0)
(3.4125 2.59754 0)
(3.4875 2.59754 0)
(3.5625 2.59754 0)
(3.6375 2.59754 0)
(3.7125 2.59754 0)
(3.7875 2.59754 0)
(3.8625 2.59754 0)
(3.9375 2.59754 0)
(4.0125 2.59754 0)
(4.0875 2.59754 0)
(4.1625 2.59754 1.92747e-19)
(4.2375 2.59754 0)
(4.3125 2.59754 0)
(4.3875 2.59754 1.92747e-19)
(4.4625 2.59754 0)
(4.5375 2.59754 1.92747e-19)
(4.6125 2.59754 0)
(4.6875 2.59754 0)
(4.7625 2.59754 1.92747e-19)
(4.8375 2.59754 0)
(4.9125 2.59754 1.92747e-19)
(4.9875 2.59754 0)
(5.0625 2.59754 0)
(5.1375 2.59754 1.92747e-19)
(5.2125 2.59754 0)
(5.2875 2.59754 1.92747e-19)
(5.3625 2.59754 1.92747e-19)
(5.4375 2.59754 0)
(5.5125 2.59754 1.92747e-19)
(5.5875 2.59754 0)
(5.6625 2.59754 1.92747e-19)
(5.7375 2.59754 1.92747e-19)
(5.8125 2.59754 0)
(5.8875 2.59754 1.92747e-19)
(5.9625 2.59754 0)
(6.0375 2.59754 1.92747e-19)
(6.1125 2.59754 1.92747e-19)
(6.1875 2.59754 0)
(6.2625 2.59754 1.92747e-19)
(6.3375 2.59754 0)
(6.4125 2.59754 1.92747e-19)
(6.4875 2.59754 1.92747e-19)
(6.5625 2.59754 0)
(6.6375 2.59754 1.92747e-19)
(6.7125 2.59754 0)
(6.7875 2.59754 1.92747e-19)
(6.8625 2.59754 1.92747e-19)
(6.9375 2.59754 0)
(7.0125 2.59754 1.92747e-19)
(7.0875 2.59754 0)
(7.1625 2.59754 1.92747e-19)
(7.2375 2.59754 1.92747e-19)
(7.3125 2.59754 0)
(7.3875 2.59754 1.92747e-19)
(7.4625 2.59754 0)
(7.5375 2.59754 1.92747e-19)
(7.6125 2.59754 1.92747e-19)
(7.6875 2.59754 0)
(7.7625 2.59754 1.92747e-19)
(7.8375 2.59754 0)
(7.9125 2.59754 1.92747e-19)
(7.9875 2.59754 1.92747e-19)
(8.0625 2.59754 0)
(8.1375 2.59754 -2.10249e-18)
(8.2125 2.59754 0)
(8.2875 2.59754 0)
(8.3625 2.59754 0)
(8.4375 2.59754 0)
(8.5125 2.59754 -2.10249e-18)
(8.5875 2.59754 0)
(8.6625 2.59754 0)
(8.7375 2.59754 0)
(8.8125 2.59754 0)
(8.8875 2.59754 -2.10249e-18)
(8.9625 2.59754 0)
(0.0375 2.6169 -6.13186e-18)
(0.1125 2.6169 -6.32461e-18)
(0.1875 2.6169 0)
(0.2625 2.6169 -2.17245e-18)
(0.3375 2.6169 0)
(0.4125 2.6169 1.92747e-19)
(0.4875 2.6169 1.92747e-19)
(0.5625 2.6169 0)
(0.6375 2.6169 -1.92747e-19)
(0.7125 2.6169 0)
(0.7875 2.6169 0)
(0.8625 2.6169 0)
(0.9375 2.6169 0)
(1.0125 2.6169 -1.92747e-19)
(1.0875 2.6169 0)
(1.1625 2.6169 1.92747e-19)
(1.2375 2.6169 0)
(1.3125 2.6169 0)
(1.3875 2.6169 1.92747e-19)
(1.4625 2.6169 0)
(1.5375 2.6169 1.92747e-19)
(1.6125 2.6169 1.92747e-19)
(1.6875 2.6169 0)
(1.7625 2.6169 1.92747e-19)
(1.8375 2.6169 0)
(1.9125 2.6169 1.92747e-19)
(1.9875 2.6169 1.92747e-19)
(2.0625 2.6169 0)
(2.1375 2.6169 -2.17245e-18)
(2.2125 2.6169 0)
(2.2875 2.6169 0)
(2.3625 2.6169 -1.92747e-19)
(2.4375 2.6169 0)
(2.5125 2.6169 -2.17245e-18)
(2.5875 2.6169 0)
(2.6625 2.6169 0)
(2.7375 2.6169 -1.92747e-19)
(2.8125 2.6169 0)
(2.8875 2.6169 -1.92747e-19)
(2.9625 2.6169 -1.92747e-19)
(3.0375 2.6169 1.92747e-19)
(3.1125 2.6169 -1.92747e-19)
(3.1875 2.6169 0)
(3.2625 2.6169 -1.92747e-19)
(3.3375 2.6169 -1.92747e-19)
(3.4125 2.6169 1.92747e-19)
(3.4875 2.6169 -1.92747e-19)
(3.5625 2.6169 0)
(3.6375 2.6169 -1.92747e-19)
(3.7125 2.6169 -1.92747e-19)
(3.7875 2.6169 1.92747e-19)
(3.8625 2.6169 -1.92747e-19)
(3.9375 2.6169 0)
(4.0125 2.6169 -2.17245e-18)
(4.0875 2.6169 0)
(4.1625 2.6169 0)
(4.2375 2.6169 0)
(4.3125 2.6169 0)
(4.3875 2.6169 0)
(4.4625 2.6169 0)
(4.5375 2.6169 0)
(4.6125 2.6169 0)
(4.6875 2.6169 0)
(4.7625 2.6169 0)
(4.8375 2.6169 0)
(4.9125 2.6169 0)
(4.9875 2.6169 0)
(5.0625 2.6169 0)
(5.1375 2.6169 0)
(5.2125 2.6169 0)
(5.2875 2.6169 0)
(5.3625 2.6169 0)
(5.4375 2.6169 0)
(5.5125 2.6169 0)
(5.5875 2.6169 0)
(5.6625 2.6169 0)
(5.7375 2.6169 0)
(5.8125 2.6169 0)
(5.8875 2.6169 0)
(5.9625 2.6169 0)
(6.0375 2.6169 0)
(6.1125 2.6169 0)
(6.1875 2.6169 0)
(6.2625 2.6169 0)
(6.3375 2.6169 0)
(6.4125 2.6169 0)
(6.4875 2.6169 0)
(6.5625 2.6169 0)
(6.6375 2.6169 0)
(6.7125 2.6169 0)
(6.7875 2.6169 0)
(6.8625 2.6169 0)
(6.9375 2.6169 0)
(7.0125 2.6169 0)
(7.0875 2.6169 0)
(7.1625 2.6169 0)
(7.2375 2.6169 0)
(7.3125 2.6169 0)
(7.3875 2.6169 0)
(7.4625 2.6169 0)
(7.5375 2.6169 0)
(7.6125 2.6169 0)
(7.6875 2.6169 0)
(7.7625 2.6169 0)
(7.8375 2.6169 0)
(7.9125 2.6169 0)
(7.9875 2.6169 0)
(8.0625 2.6169 0)
(8.1375 2.6169 0)
(8.2125 2.6169 0)
(8.2875 2.6169 0)
(8.3625 2.6169 0)
(8.4375 2.6169 0)
(8.5125 2.6169 0)
(8.5875 2.6169 0)
(8.6625 2.6169 0)
(8.7375 2.6169 0)
(8.8125 2.6169 0)
(8.8875 2.6169 0)
(8.9625 2.6169 0)
(0.0375 2.63558 0)
(0.1125 2.63558 0)
(0.1875 2.63558 0)
(0.2625 2.63558 6.34943e-18)
(0.3375 2.63558 4.48995e-18)
(0.4125 2.63558 6.54217e-18)
(0.4875 2.63558 6.54217e-18)
(0.5625 2.63558 0)
(0.6375 2.63558 0)
(0.7125 2.63558 0)
(0.7875 2.63558 0)
(0.8625 2.63558 0)
(0.9375 2.63558 0)
(1.0125 2.63558 0)
(1.0875 2.63558 0)
(1.1625 2.63558 0)
(1.2375 2.63558 0)
(1.3125 2.63558 0)
(1.3875 2.63558 0)
(1.4625 2.63558 0)
(1.5375 2.63558 0)
(1.6125 2.63558 0)
(1.6875 2.63558 0)
(1.7625 2.63558 0)
(1.8375 2.63558 0)
(1.9125 2.63558 0)
(1.9875 2.63558 0)
(2.0625 2.63558 0)
(2.1375 2.63558 1.92747e-19)
(2.2125 2.63558 0)
(2.2875 2.63558 0)
(2.3625 2.63558 0)
(2.4375 2.63558 0)
(2.5125 2.63558 1.92747e-19)
(2.5875 2.63558 0)
(2.6625 2.63558 0)
(2.7375 2.63558 0)
(2.8125 2.63558 0)
(2.8875 2.63558 0)
(2.9625 2.63558 0)
(3.0375 2.63558 0)
(3.1125 2.63558 0)
(3.1875 2.63558 0)
(3.2625 2.63558 0)
(3.3375 2.63558 0)
(3.4125 2.63558 0)
(3.4875 2.63558 0)
(3.5625 2.63558 0)
(3.6375 2.63558 0)
(3.7125 2.63558 0)
(3.7875 2.63558 0)
(3.8625 2.63558 0)
(3.9375 2.63558 0)
(4.0125 2.63558 1.92747e-19)
(4.0875 2.63558 0)
(4.1625 2.63558 -1.92747e-19)
(4.2375 2.63558 0)
(4.3125 2.63558 0)
(4.3875 2.63558 -1.92747e-19)
(4.4625 2.63558 0)
(4.5375 2.63558 -1.92747e-19)
(4.6125 2.63558 0)
(4.6875 2.63558 0)
(4.7625 2.63558 -1.92747e-19)
(4.8375 2.63558 0)
(4.9125 2.63558 -1.92747e-19)
(4.9875 2.63558 0)
(5.0625 2.63558 0)
(5.1375 2.63558 -1.92747e-19)
(5.2125 2.63558 0)
(5.2875 2.63558 -1.92747e-19)
(5.3625 2.63558 -1.92747e-19)
(5.4375 2.63558 0)
(5.5125 2.63558 -1.92747e-19)
(5.5875 2.63558 0)
(5.6625 2.63558 -1.92747e-19)
(5.7375 2.63558 -1.92747e-19)
(5.8125 2.63558 0)
(5.8875 2.63558 -1.92747e-19)
(5.9625 2.63558 0)
(6.0375 2.63558 -1.92747e-19)
(6.1125 2.63558 -1.92747e-19)
(6.1875 2.63558 0)
(6.2625 2.63558 -1.92747e-19)
(6.3375 2.63558 0)
(6.4125 2.63558 -1.92747e-19)
(6.4875 2.63558 -1.92747e-19)
(6.5625 2.63558 0)
(6.6375 2.63558 -1.92747e-19)
(6.7125 2.63558 0)
(6.7875 2.63558 -1.92747e-19)
(6.8625 2.63558 -1.92747e-19)
(6.9375 2.63558 0)
(7.0125 2.63558 -1.92747e-19)
(7.0875 2.63558 0)
(7.1625 2.63558 -1.92747e-19)
(7.2375 2.63558 -1.92747e-19)
(7.3125 2.63558 0)
(7.3875 2.63558 -1.92747e-19)
(7.4625 2.63558 0)
(7.5375 2.63558 -1.92747e-19)
(7.6125 2.63558 -1.92747e-19)
(7.6875 2.63558 0)
(7.7625 2.63558 -1.92747e-19)
(7.8375 2.63558 0)
(7.9125 2.63558 -1.92747e-19)
(7.9875 2.63558 -1.92747e-19)
(8.0625 2.63558 0)
(8.1375 2.63558 1.92747e-19)
(8.2125 2.63558 0)
(8.2875 2.63558 0)
(8.3625 2.63558 0)
(8.4375 2.63558 0)
(8.5125 2.63558 1.92747e-19)
(8.5875 2.63558 0)
(8.6625 2.63558 0)
(8.7375 2.63558 0)
(8.8125 2.63558 0)
(8.8875 2.63558 1.92747e-19)
(8.9625 2.63558 0)
(0.0375 2.6536 0)
(0.1125 2.6536 0)
(0.1875 2.6536 0)
(0.2625 2.6536 -6.76771e-18)
(0.3375 2.6536 0)
(0.4125 2.6536 -2.32015e-18)
(0.4875 2.6536 0)
(0.5625 2.6536 0)
(0.6375 2.6536 -1.92747e-19)
(0.7125 2.6536 1.92747e-19)
(0.7875 2.6536 0)
(0.8625 2.6536 -4.44756e-18)
(0.9375 2.6536 0)
(1.0125 2.6536 -1.92747e-19)
(1.0875 2.6536 1.92747e-19)
(1.1625 2.6536 0)
(1.2375 2.6536 1.92747e-19)
(1.3125 2.6536 0)
(1.3875 2.6536 0)
(1.4625 2.6536 1.92747e-19)
(1.5375 2.6536 0)
(1.6125 2.6536 0)
(1.6875 2.6536 0)
(1.7625 2.6536 0)
(1.8375 2.6536 1.92747e-19)
(1.9125 2.6536 0)
(1.9875 2.6536 0)
(2.0625 2.6536 0)
(2.1375 2.6536 -2.32015e-18)
(2.2125 2.6536 0)
(2.2875 2.6536 0)
(2.3625 2.6536 0)
(2.4375 2.6536 0)
(2.5125 2.6536 -2.32015e-18)
(2.5875 2.6536 0)
(2.6625 2.6536 0)
(2.7375 2.6536 0)
(2.8125 2.6536 0)
(2.8875 2.6536 0)
(2.9625 2.6536 0)
(3.0375 2.6536 0)
(3.1125 2.6536 0)
(3.1875 2.6536 0)
(3.2625 2.6536 0)
(3.3375 2.6536 0)
(3.4125 2.6536 0)
(3.4875 2.6536 0)
(3.5625 2.6536 0)
(3.6375 2.6536 0)
(3.7125 2.6536 0)
(3.7875 2.6536 0)
(3.8625 2.6536 0)
(3.9375 2.6536 0)
(4.0125 2.6536 -2.32015e-18)
(4.0875 2.6536 0)
(4.1625 2.6536 0)
(4.2375 2.6536 0)
(4.3125 2.6536 0)
(4.3875 2.6536 0)
(4.4625 2.6536 0)
(4.5375 2.6536 0)
(4.6125 2.6536 0)
(4.6875 2.6536 0)
(4.7625 2.6536 0)
(4.8375 2.6536 0)
(4.9125 2.6536 0)
(4.9875 2.6536 0)
(5.0625 2.6536 0)
(5.1375 2.6536 0)
(5.2125 2.6536 0)
(5.2875 2.6536 0)
(5.3625 2.6536 0)
(5.4375 2.6536 0)
(5.5125 2.6536 0)
(5.5875 2.6536 0)
(5.6625 2.6536 0)
(5.7375 2.6536 0)
(5.8125 2.6536 0)
(5.8875 2.6536 0)
(5.9625 2.6536 0)
(6.0375 2.6536 0)
(6.1125 2.6536 0)
(6.1875 2.6536 0)
(6.2625 2.6536 0)
(6.3375 2.6536 0)
(6.4125 2.6536 0)
(6.4875 2.6536 0)
(6.5625 2.6536 0)
(6.6375 2.6536 0)
(6.7125 2.6536 0)
(6.7875 2.6536 0)
(6.8625 2.6536 0)
(6.9375 2.6536 0)
(7.0125 2.6536 0)
(7.0875 2.6536 0)
(7.1625 2.6536 0)
(7.2375 2.6536 0)
(7.3125 2.6536 0)
(7.3875 2.6536 0)
(7.4625 2.6536 0)
(7.5375 2.6536 0)
(7.6125 2.6536 0)
(7.6875 2.6536 0)
(7.7625 2.6536 0)
(7.8375 2.6536 0)
(7.9125 2.6536 0)
(7.9875 2.6536 0)
(8.0625 2.6536 0)
(8.1375 2.6536 0)
(8.2125 2.6536 0)
(8.2875 2.6536 0)
(8.3625 2.6536 -2.32015e-18)
(8.4375 2.6536 0)
(8.5125 2.6536 0)
(8.5875 2.6536 0)
(8.6625 2.6536 0)
(8.7375 2.6536 -2.32015e-18)
(8.8125 2.6536 0)
(8.8875 2.6536 0)
(8.9625 2.6536 0)
(0.0375 2.67098 0)
(0.1125 2.67098 0)
(0.1875 2.67098 0)
(0.2625 2.67098 0)
(0.3375 2.67098 -2.39809e-18)
(0.4125 2.67098 2.39809e-18)
(0.4875 2.67098 0)
(0.5625 2.67098 0)
(0.6375 2.67098 0)
(0.7125 2.67098 -7.00151e-18)
(0.7875 2.67098 0)
(0.8625 2.67098 -1.92747e-19)
(0.9375 2.67098 0)
(1.0125 2.67098 0)
(1.0875 2.67098 -7.00151e-18)
(1.1625 2.67098 1.92747e-19)
(1.2375 2.67098 -7.00151e-18)
(1.3125 2.67098 0)
(1.3875 2.67098 1.92747e-19)
(1.4625 2.67098 -7.00151e-18)
(1.5375 2.67098 1.92747e-19)
(1.6125 2.67098 1.92747e-19)
(1.6875 2.67098 0)
(1.7625 2.67098 1.92747e-19)
(1.8375 2.67098 -7.00151e-18)
(1.9125 2.67098 1.92747e-19)
(1.9875 2.67098 1.92747e-19)
(2.0625 2.67098 0)
(2.1375 2.67098 -2.59083e-18)
(2.2125 2.67098 0)
(2.2875 2.67098 0)
(2.3625 2.67098 0)
(2.4375 2.67098 0)
(2.5125 2.67098 -2.59083e-18)
(2.5875 2.67098 0)
(2.6625 2.67098 0)
(2.7375 2.67098 0)
(2.8125 2.67098 0)
(2.8875 2.67098 0)
(2.9625 2.67098 0)
(3.0375 2.67098 0)
(3.1125 2.67098 0)
(3.1875 2.67098 0)
(3.2625 2.67098 0)
(3.3375 2.67098 0)
(3.4125 2.67098 0)
(3.4875 2.67098 0)
(3.5625 2.67098 0)
(3.6375 2.67098 0)
(3.7125 2.67098 0)
(3.7875 2.67098 0)
(3.8625 2.67098 0)
(3.9375 2.67098 0)
(4.0125 2.67098 -2.59083e-18)
(4.0875 2.67098 0)
(4.1625 2.67098 0)
(4.2375 2.67098 0)
(4.3125 2.67098 0)
(4.3875 2.67098 0)
(4.4625 2.67098 0)
(4.5375 2.67098 0)
(4.6125 2.67098 0)
(4.6875 2.67098 0)
(4.7625 2.67098 0)
(4.8375 2.67098 0)
(4.9125 2.67098 0)
(4.9875 2.67098 0)
(5.0625 2.67098 0)
(5.1375 2.67098 0)
(5.2125 2.67098 0)
(5.2875 2.67098 0)
(5.3625 2.67098 0)
(5.4375 2.67098 0)
(5.5125 2.67098 0)
(5.5875 2.67098 0)
(5.6625 2.67098 0)
(5.7375 2.67098 0)
(5.8125 2.67098 0)
(5.8875 2.67098 0)
(5.9625 2.67098 0)
(6.0375 2.67098 0)
(6.1125 2.67098 0)
(6.1875 2.67098 0)
(6.2625 2.67098 0)
(6.3375 2.67098 0)
(6.4125 2.67098 0)
(6.4875 2.67098 0)
(6.5625 2.67098 0)
(6.6375 2.67098 0)
(6.7125 2.67098 0)
(6.7875 2.67098 0)
(6.8625 2.67098 0)
(6.9375 2.67098 0)
(7.0125 2.67098 0)
(7.0875 2.67098 0)
(7.1625 2.67098 0)
(7.2375 2.67098 0)
(7.3125 2.67098 0)
(7.3875 2.67098 0)
(7.4625 2.67098 0)
(7.5375 2.67098 0)
(7.6125 2.67098 0)
(7.6875 2.67098 0)
(7.7625 2.67098 0)
(7.8375 2.67098 0)
(7.9125 2.67098 0)
(7.9875 2.67098 0)
(8.0625 2.67098 0)
(8.1375 2.67098 0)
(8.2125 2.67098 0)
(8.2875 2.67098 0)
(8.3625 2.67098 0)
(8.4375 2.67098 0)
(8.5125 2.67098 0)
(8.5875 2.67098 0)
(8.6625 2.67098 0)
(8.7375 2.67098 0)
(8.8125 2.67098 0)
(8.8875 2.67098 0)
(8.9625 2.67098 0)
(0.0375 2.68775 0)
(0.1125 2.68775 0)
(0.1875 2.68775 0)
(0.2625 2.68775 0)
(0.3375 2.68775 -4.95775e-18)
(0.4125 2.68775 4.95775e-18)
(0.4875 2.68775 0)
(0.5625 2.68775 0)
(0.6375 2.68775 -2.47887e-18)
(0.7125 2.68775 -1.92747e-19)
(0.7875 2.68775 0)
(0.8625 2.68775 0)
(0.9375 2.68775 0)
(1.0125 2.68775 -2.47887e-18)
(1.0875 2.68775 -1.92747e-19)
(1.1625 2.68775 0)
(1.2375 2.68775 -1.92747e-19)
(1.3125 2.68775 0)
(1.3875 2.68775 0)
(1.4625 2.68775 -1.92747e-19)
(1.5375 2.68775 0)
(1.6125 2.68775 0)
(1.6875 2.68775 0)
(1.7625 2.68775 0)
(1.8375 2.68775 -1.92747e-19)
(1.9125 2.68775 0)
(1.9875 2.68775 0)
(2.0625 2.68775 0)
(2.1375 2.68775 0)
(2.2125 2.68775 0)
(2.2875 2.68775 0)
(2.3625 2.68775 0)
(2.4375 2.68775 0)
(2.5125 2.68775 0)
(2.5875 2.68775 0)
(2.6625 2.68775 0)
(2.7375 2.68775 0)
(2.8125 2.68775 0)
(2.8875 2.68775 0)
(2.9625 2.68775 0)
(3.0375 2.68775 0)
(3.1125 2.68775 0)
(3.1875 2.68775 0)
(3.2625 2.68775 0)
(3.3375 2.68775 0)
(3.4125 2.68775 0)
(3.4875 2.68775 0)
(3.5625 2.68775 0)
(3.6375 2.68775 0)
(3.7125 2.68775 0)
(3.7875 2.68775 0)
(3.8625 2.68775 0)
(3.9375 2.68775 0)
(4.0125 2.68775 0)
(4.0875 2.68775 0)
(4.1625 2.68775 0)
(4.2375 2.68775 0)
(4.3125 2.68775 0)
(4.3875 2.68775 0)
(4.4625 2.68775 0)
(4.5375 2.68775 0)
(4.6125 2.68775 0)
(4.6875 2.68775 0)
(4.7625 2.68775 0)
(4.8375 2.68775 0)
(4.9125 2.68775 0)
(4.9875 2.68775 0)
(5.0625 2.68775 0)
(5.1375 2.68775 0)
(5.2125 2.68775 0)
(5.2875 2.68775 0)
(5.3625 2.68775 0)
(5.4375 2.68775 0)
(5.5125 2.68775 0)
(5.5875 2.68775 0)
(5.6625 2.68775 0)
(5.7375 2.68775 0)
(5.8125 2.68775 0)
(5.8875 2.68775 0)
(5.9625 2.68775 0)
(6.0375 2.68775 0)
(6.1125 2.68775 0)
(6.1875 2.68775 0)
(6.2625 2.68775 0)
(6.3375 2.68775 0)
(6.4125 2.68775 0)
(6.4875 2.68775 0)
(6.5625 2.68775 0)
(6.6375 2.68775 0)
(6.7125 2.68775 0)
(6.7875 2.68775 0)
(6.8625 2.68775 0)
(6.9375 2.68775 0)
(7.0125 2.68775 0)
(7.0875 2.68775 0)
(7.1625 2.68775 0)
(7.2375 2.68775 0)
(7.3125 2.68775 0)
(7.3875 2.68775 0)
(7.4625 2.68775 0)
(7.5375 2.68775 0)
(7.6125 2.68775 0)
(7.6875 2.68775 0)
(7.7625 2.68775 0)
(7.8375 2.68775 0)
(7.9125 2.68775 0)
(7.9875 2.68775 0)
(8.0625 2.68775 0)
(8.1375 2.68775 0)
(8.2125 2.68775 0)
(8.2875 2.68775 0)
(8.3625 2.68775 -2.67162e-18)
(8.4375 2.68775 0)
(8.5125 2.68775 0)
(8.5875 2.68775 0)
(8.6625 2.68775 0)
(8.7375 2.68775 -2.67162e-18)
(8.8125 2.68775 0)
(8.8875 2.68775 0)
(8.9625 2.68775 0)
(0.0375 2.70393 0)
(0.1125 2.70393 1.92747e-19)
(0.1875 2.70393 0)
(0.2625 2.70393 0)
(0.3375 2.70393 -2.56262e-18)
(0.4125 2.70393 2.56262e-18)
(0.4875 2.70393 0)
(0.5625 2.70393 0)
(0.6375 2.70393 0)
(0.7125 2.70393 1.92747e-19)
(0.7875 2.70393 -1.92747e-19)
(0.8625 2.70393 0)
(0.9375 2.70393 0)
(1.0125 2.70393 0)
(1.0875 2.70393 1.92747e-19)
(1.1625 2.70393 -1.92747e-19)
(1.2375 2.70393 1.92747e-19)
(1.3125 2.70393 0)
(1.3875 2.70393 0)
(1.4625 2.70393 1.92747e-19)
(1.5375 2.70393 -1.92747e-19)
(1.6125 2.70393 0)
(1.6875 2.70393 0)
(1.7625 2.70393 0)
(1.8375 2.70393 1.92747e-19)
(1.9125 2.70393 -1.92747e-19)
(1.9875 2.70393 0)
(2.0625 2.70393 0)
(2.1375 2.70393 -2.56262e-18)
(2.2125 2.70393 0)
(2.2875 2.70393 0)
(2.3625 2.70393 0)
(2.4375 2.70393 0)
(2.5125 2.70393 -2.56262e-18)
(2.5875 2.70393 0)
(2.6625 2.70393 0)
(2.7375 2.70393 0)
(2.8125 2.70393 0)
(2.8875 2.70393 0)
(2.9625 2.70393 -5.12524e-18)
(3.0375 2.70393 5.12524e-18)
(3.1125 2.70393 0)
(3.1875 2.70393 0)
(3.2625 2.70393 0)
(3.3375 2.70393 -5.12524e-18)
(3.4125 2.70393 5.12524e-18)
(3.4875 2.70393 0)
(3.5625 2.70393 0)
(3.6375 2.70393 0)
(3.7125 2.70393 -5.12524e-18)
(3.7875 2.70393 5.12524e-18)
(3.8625 2.70393 0)
(3.9375 2.70393 0)
(4.0125 2.70393 -2.56262e-18)
(4.0875 2.70393 0)
(4.1625 2.70393 0)
(4.2375 2.70393 0)
(4.3125 2.70393 0)
(4.3875 2.70393 0)
(4.4625 2.70393 0)
(4.5375 2.70393 0)
(4.6125 2.70393 0)
(4.6875 2.70393 0)
(4.7625 2.70393 0)
(4.8375 2.70393 0)
(4.9125 2.70393 0)
(4.9875 2.70393 0)
(5.0625 2.70393 0)
(5.1375 2.70393 0)
(5.2125 2.70393 0)
(5.2875 2.70393 0)
(5.3625 2.70393 0)
(5.4375 2.70393 0)
(5.5125 2.70393 0)
(5.5875 2.70393 0)
(5.6625 2.70393 0)
(5.7375 2.70393 0)
(5.8125 2.70393 0)
(5.8875 2.70393 0)
(5.9625 2.70393 0)
(6.0375 2.70393 0)
(6.1125 2.70393 0)
(6.1875 2.70393 0)
(6.2625 2.70393 0)
(6.3375 2.70393 0)
(6.4125 2.70393 0)
(6.4875 2.70393 0)
(6.5625 2.70393 0)
(6.6375 2.70393 0)
(6.7125 2.70393 0)
(6.7875 2.70393 0)
(6.8625 2.70393 0)
(6.9375 2.70393 0)
(7.0125 2.70393 0)
(7.0875 2.70393 0)
(7.1625 2.70393 0)
(7.2375 2.70393 0)
(7.3125 2.70393 0)
(7.3875 2.70393 0)
(7.4625 2.70393 0)
(7.5375 2.70393 0)
(7.6125 2.70393 0)
(7.6875 2.70393 0)
(7.7625 2.70393 0)
(7.8375 2.70393 0)
(7.9125 2.70393 0)
(7.9875 2.70393 0)
(8.0625 2.70393 0)
(8.1375 2.70393 0)
(8.2125 2.70393 0)
(8.2875 2.70393 0)
(8.3625 2.70393 0)
(8.4375 2.70393 0)
(8.5125 2.70393 0)
(8.5875 2.70393 0)
(8.6625 2.70393 0)
(8.7375 2.70393 0)
(8.8125 2.70393 0)
(8.8875 2.70393 0)
(8.9625 2.70393 0)
(0.0375 2.71953 -5.10613e-18)
(0.1125 2.71953 0)
(0.1875 2.71953 0)
(0.2625 2.71953 0)
(0.3375 2.71953 -5.10613e-18)
(0.4125 2.71953 0)
(0.4875 2.71953 0)
(0.5625 2.71953 0)
(0.6375 2.71953 0)
(0.7125 2.71953 0)
(0.7875 2.71953 -2.84218e-18)
(0.8625 2.71953 1.92747e-19)
(0.9375 2.71953 0)
(1.0125 2.71953 0)
(1.0875 2.71953 0)
(1.1625 2.71953 0)
(1.2375 2.71953 0)
(1.3125 2.71953 -2.64944e-18)
(1.3875 2.71953 2.84218e-18)
(1.4625 2.71953 0)
(1.5375 2.71953 0)
(1.6125 2.71953 2.84218e-18)
(1.6875 2.71953 -2.64944e-18)
(1.7625 2.71953 2.84218e-18)
(1.8375 2.71953 0)
(1.9125 2.71953 0)
(1.9875 2.71953 2.84218e-18)
(2.0625 2.71953 -2.64944e-18)
(2.1375 2.71953 0)
(2.2125 2.71953 -2.64944e-18)
(2.2875 2.71953 -2.64944e-18)
(2.3625 2.71953 0)
(2.4375 2.71953 -2.64944e-18)
(2.5125 2.71953 0)
(2.5875 2.71953 -2.64944e-18)
(2.6625 2.71953 -2.64944e-18)
(2.7375 2.71953 0)
(2.8125 2.71953 -2.64944e-18)
(2.8875 2.71953 0)
(2.9625 2.71953 -1.92747e-19)
(3.0375 2.71953 -2.45669e-18)
(3.1125 2.71953 0)
(3.1875 2.71953 -2.64944e-18)
(3.2625 2.71953 0)
(3.3375 2.71953 -1.92747e-19)
(3.4125 2.71953 -2.45669e-18)
(3.4875 2.71953 0)
(3.5625 2.71953 -2.64944e-18)
(3.6375 2.71953 0)
(3.7125 2.71953 -1.92747e-19)
(3.7875 2.71953 -2.45669e-18)
(3.8625 2.71953 0)
(3.9375 2.71953 -2.64944e-18)
(4.0125 2.71953 0)
(4.0875 2.71953 0)
(4.1625 2.71953 2.64944e-18)
(4.2375 2.71953 0)
(4.3125 2.71953 0)
(4.3875 2.71953 2.64944e-18)
(4.4625 2.71953 0)
(4.5375 2.71953 2.64944e-18)
(4.6125 2.71953 0)
(4.6875 2.71953 0)
(4.7625 2.71953 2.64944e-18)
(4.8375 2.71953 0)
(4.9125 2.71953 2.64944e-18)
(4.9875 2.71953 0)
(5.0625 2.71953 0)
(5.1375 2.71953 2.64944e-18)
(5.2125 2.71953 0)
(5.2875 2.71953 2.64944e-18)
(5.3625 2.71953 2.64944e-18)
(5.4375 2.71953 0)
(5.5125 2.71953 2.64944e-18)
(5.5875 2.71953 0)
(5.6625 2.71953 2.64944e-18)
(5.7375 2.71953 2.64944e-18)
(5.8125 2.71953 0)
(5.8875 2.71953 2.64944e-18)
(5.9625 2.71953 0)
(6.0375 2.71953 2.64944e-18)
(6.1125 2.71953 2.64944e-18)
(6.1875 2.71953 0)
(6.2625 2.71953 2.64944e-18)
(6.3375 2.71953 0)
(6.4125 2.71953 2.64944e-18)
(6.4875 2.71953 2.64944e-18)
(6.5625 2.71953 0)
(6.6375 2.71953 2.64944e-18)
(6.7125 2.71953 0)
(6.7875 2.71953 2.64944e-18)
(6.8625 2.71953 2.64944e-18)
(6.9375 2.71953 0)
(7.0125 2.71953 2.64944e-18)
(7.0875 2.71953 0)
(7.1625 2.71953 2.64944e-18)
(7.2375 2.71953 2.64944e-18)
(7.3125 2.71953 0)
(7.3875 2.71953 2.64944e-18)
(7.4625 2.71953 0)
(7.5375 2.71953 2.64944e-18)
(7.6125 2.71953 2.64944e-18)
(7.6875 2.71953 0)
(7.7625 2.71953 2.64944e-18)
(7.8375 2.71953 0)
(7.9125 2.71953 2.64944e-18)
(7.9875 2.71953 2.64944e-18)
(8.0625 2.71953 0)
(8.1375 2.71953 -5.10613e-18)
(8.2125 2.71953 0)
(8.2875 2.71953 0)
(8.3625 2.71953 0)
(8.4375 2.71953 0)
(8.5125 2.71953 -5.10613e-18)
(8.5875 2.71953 0)
(8.6625 2.71953 0)
(8.7375 2.71953 0)
(8.8125 2.71953 0)
(8.8875 2.71953 -5.10613e-18)
(8.9625 2.71953 0)
(0.0375 2.73459 0)
(0.1125 2.73459 1.92747e-19)
(0.1875 2.73459 0)
(0.2625 2.73459 0)
(0.3375 2.73459 2.73943e-18)
(0.4125 2.73459 0)
(0.4875 2.73459 0)
(0.5625 2.73459 0)
(0.6375 2.73459 0)
(0.7125 2.73459 -2.73943e-18)
(0.7875 2.73459 2.73943e-18)
(0.8625 2.73459 5.28612e-18)
(0.9375 2.73459 0)
(1.0125 2.73459 0)
(1.0875 2.73459 -2.73943e-18)
(1.1625 2.73459 5.67161e-18)
(1.2375 2.73459 -2.73943e-18)
(1.3125 2.73459 0)
(1.3875 2.73459 2.93218e-18)
(1.4625 2.73459 -2.73943e-18)
(1.5375 2.73459 5.67161e-18)
(1.6125 2.73459 2.93218e-18)
(1.6875 2.73459 0)
(1.7625 2.73459 2.93218e-18)
(1.8375 2.73459 -2.73943e-18)
(1.9125 2.73459 5.67161e-18)
(1.9875 2.73459 2.93218e-18)
(2.0625 2.73459 0)
(2.1375 2.73459 2.54668e-18)
(2.2125 2.73459 0)
(2.2875 2.73459 0)
(2.3625 2.73459 0)
(2.4375 2.73459 0)
(2.5125 2.73459 2.54668e-18)
(2.5875 2.73459 0)
(2.6625 2.73459 0)
(2.7375 2.73459 0)
(2.8125 2.73459 0)
(2.8875 2.73459 0)
(2.9625 2.73459 0)
(3.0375 2.73459 0)
(3.1125 2.73459 0)
(3.1875 2.73459 0)
(3.2625 2.73459 0)
(3.3375 2.73459 0)
(3.4125 2.73459 0)
(3.4875 2.73459 0)
(3.5625 2.73459 0)
(3.6375 2.73459 0)
(3.7125 2.73459 0)
(3.7875 2.73459 0)
(3.8625 2.73459 0)
(3.9375 2.73459 0)
(4.0125 2.73459 2.54668e-18)
(4.0875 2.73459 0)
(4.1625 2.73459 -5.28612e-18)
(4.2375 2.73459 0)
(4.3125 2.73459 0)
(4.3875 2.73459 -5.28612e-18)
(4.4625 2.73459 0)
(4.5375 2.73459 -5.28612e-18)
(4.6125 2.73459 0)
(4.6875 2.73459 0)
(4.7625 2.73459 -5.28612e-18)
(4.8375 2.73459 0)
(4.9125 2.73459 -5.28612e-18)
(4.9875 2.73459 0)
(5.0625 2.73459 0)
(5.1375 2.73459 -5.28612e-18)
(5.2125 2.73459 0)
(5.2875 2.73459 -5.28612e-18)
(5.3625 2.73459 -5.28612e-18)
(5.4375 2.73459 0)
(5.5125 2.73459 -5.28612e-18)
(5.5875 2.73459 0)
(5.6625 2.73459 -5.28612e-18)
(5.7375 2.73459 -5.28612e-18)
(5.8125 2.73459 0)
(5.8875 2.73459 -5.28612e-18)
(5.9625 2.73459 0)
(6.0375 2.73459 -5.28612e-18)
(6.1125 2.73459 -5.28612e-18)
(6.1875 2.73459 0)
(6.2625 2.73459 -5.28612e-18)
(6.3375 2.73459 0)
(6.4125 2.73459 -5.28612e-18)
(6.4875 2.73459 -5.28612e-18)
(6.5625 2.73459 0)
(6.6375 2.73459 -5.28612e-18)
(6.7125 2.73459 0)
(6.7875 2.73459 -5.28612e-18)
(6.8625 2.73459 -5.28612e-18)
(6.9375 2.73459 0)
(7.0125 2.73459 -5.28612e-18)
(7.0875 2.73459 0)
(7.1625 2.73459 -5.28612e-18)
(7.2375 2.73459 -5.28612e-18)
(7.3125 2.73459 0)
(7.3875 2.73459 -5.28612e-18)
(7.4625 2.73459 0)
(7.5375 2.73459 -5.28612e-18)
(7.6125 2.73459 -5.28612e-18)
(7.6875 2.73459 0)
(7.7625 2.73459 -5.28612e-18)
(7.8375 2.73459 0)
(7.9125 2.73459 -5.28612e-18)
(7.9875 2.73459 -5.28612e-18)
(8.0625 2.73459 0)
(8.1375 2.73459 2.73943e-18)
(8.2125 2.73459 0)
(8.2875 2.73459 0)
(8.3625 2.73459 0)
(8.4375 2.73459 0)
(8.5125 2.73459 2.73943e-18)
(8.5875 2.73459 0)
(8.6625 2.73459 0)
(8.7375 2.73459 0)
(8.8125 2.73459 0)
(8.8875 2.73459 2.73943e-18)
(8.9625 2.73459 0)
(0.0375 2.74911 0)
(0.1125 2.74911 -2.83272e-18)
(0.1875 2.74911 0)
(0.2625 2.74911 0)
(0.3375 2.74911 0)
(0.4125 2.74911 0)
(0.4875 2.74911 0)
(0.5625 2.74911 0)
(0.6375 2.74911 -2.83272e-18)
(0.7125 2.74911 0)
(0.7875 2.74911 0)
(0.8625 2.74911 1.92747e-19)
(0.9375 2.74911 0)
(1.0125 2.74911 -2.83272e-18)
(1.0875 2.74911 0)
(1.1625 2.74911 -2.83272e-18)
(1.2375 2.74911 0)
(1.3125 2.74911 0)
(1.3875 2.74911 -2.83272e-18)
(1.4625 2.74911 0)
(1.5375 2.74911 -2.83272e-18)
(1.6125 2.74911 -2.83272e-18)
(1.6875 2.74911 0)
(1.7625 2.74911 -2.83272e-18)
(1.8375 2.74911 0)
(1.9125 2.74911 -2.83272e-18)
(1.9875 2.74911 -2.83272e-18)
(2.0625 2.74911 0)
(2.1375 2.74911 1.92747e-19)
(2.2125 2.74911 0)
(2.2875 2.74911 0)
(2.3625 2.74911 0)
(2.4375 2.74911 0)
(2.5125 2.74911 1.92747e-19)
(2.5875 2.74911 0)
(2.6625 2.74911 0)
(2.7375 2.74911 0)
(2.8125 2.74911 0)
(2.8875 2.74911 0)
(2.9625 2.74911 0)
(3.0375 2.74911 0)
(3.1125 2.74911 0)
(3.1875 2.74911 0)
(3.2625 2.74911 0)
(3.3375 2.74911 0)
(3.4125 2.74911 0)
(3.4875 2.74911 0)
(3.5625 2.74911 0)
(3.6375 2.74911 0)
(3.7125 2.74911 0)
(3.7875 2.74911 0)
(3.8625 2.74911 0)
(3.9375 2.74911 0)
(4.0125 2.74911 1.92747e-19)
(4.0875 2.74911 0)
(4.1625 2.74911 2.83272e-18)
(4.2375 2.74911 0)
(4.3125 2.74911 0)
(4.3875 2.74911 2.83272e-18)
(4.4625 2.74911 0)
(4.5375 2.74911 2.83272e-18)
(4.6125 2.74911 0)
(4.6875 2.74911 0)
(4.7625 2.74911 2.83272e-18)
(4.8375 2.74911 0)
(4.9125 2.74911 2.83272e-18)
(4.9875 2.74911 0)
(5.0625 2.74911 0)
(5.1375 2.74911 2.83272e-18)
(5.2125 2.74911 0)
(5.2875 2.74911 2.83272e-18)
(5.3625 2.74911 2.83272e-18)
(5.4375 2.74911 0)
(5.5125 2.74911 2.83272e-18)
(5.5875 2.74911 0)
(5.6625 2.74911 2.83272e-18)
(5.7375 2.74911 2.83272e-18)
(5.8125 2.74911 0)
(5.8875 2.74911 2.83272e-18)
(5.9625 2.74911 0)
(6.0375 2.74911 2.83272e-18)
(6.1125 2.74911 2.83272e-18)
(6.1875 2.74911 0)
(6.2625 2.74911 2.83272e-18)
(6.3375 2.74911 0)
(6.4125 2.74911 2.83272e-18)
(6.4875 2.74911 2.83272e-18)
(6.5625 2.74911 0)
(6.6375 2.74911 2.83272e-18)
(6.7125 2.74911 0)
(6.7875 2.74911 2.83272e-18)
(6.8625 2.74911 2.83272e-18)
(6.9375 2.74911 0)
(7.0125 2.74911 2.83272e-18)
(7.0875 2.74911 0)
(7.1625 2.74911 2.83272e-18)
(7.2375 2.74911 2.83272e-18)
(7.3125 2.74911 0)
(7.3875 2.74911 2.83272e-18)
(7.4625 2.74911 0)
(7.5375 2.74911 2.83272e-18)
(7.6125 2.74911 2.83272e-18)
(7.6875 2.74911 0)
(7.7625 2.74911 2.83272e-18)
(7.8375 2.74911 0)
(7.9125 2.74911 2.83272e-18)
(7.9875 2.74911 2.83272e-18)
(8.0625 2.74911 0)
(8.1375 2.74911 0)
(8.2125 2.74911 0)
(8.2875 2.74911 0)
(8.3625 2.74911 0)
(8.4375 2.74911 0)
(8.5125 2.74911 0)
(8.5875 2.74911 0)
(8.6625 2.74911 0)
(8.7375 2.74911 0)
(8.8125 2.74911 0)
(8.8875 2.74911 0)
(8.9625 2.74911 0)
(0.0375 2.76311 0)
(0.1125 2.76311 -8.59556e-18)
(0.1875 2.76311 0)
(0.2625 2.76311 0)
(0.3375 2.76311 0)
(0.4125 2.76311 0)
(0.4875 2.76311 0)
(0.5625 2.76311 0)
(0.6375 2.76311 0)
(0.7125 2.76311 0)
(0.7875 2.76311 0)
(0.8625 2.76311 -5.85887e-18)
(0.9375 2.76311 0)
(1.0125 2.76311 0)
(1.0875 2.76311 0)
(1.1625 2.76311 0)
(1.2375 2.76311 0)
(1.3125 2.76311 0)
(1.3875 2.76311 0)
(1.4625 2.76311 0)
(1.5375 2.76311 0)
(1.6125 2.76311 0)
(1.6875 2.76311 0)
(1.7625 2.76311 0)
(1.8375 2.76311 0)
(1.9125 2.76311 0)
(1.9875 2.76311 0)
(2.0625 2.76311 0)
(2.1375 2.76311 -2.92943e-18)
(2.2125 2.76311 0)
(2.2875 2.76311 0)
(2.3625 2.76311 0)
(2.4375 2.76311 0)
(2.5125 2.76311 -2.92943e-18)
(2.5875 2.76311 0)
(2.6625 2.76311 0)
(2.7375 2.76311 0)
(2.8125 2.76311 0)
(2.8875 2.76311 0)
(2.9625 2.76311 0)
(3.0375 2.76311 0)
(3.1125 2.76311 0)
(3.1875 2.76311 0)
(3.2625 2.76311 0)
(3.3375 2.76311 0)
(3.4125 2.76311 0)
(3.4875 2.76311 0)
(3.5625 2.76311 0)
(3.6375 2.76311 0)
(3.7125 2.76311 0)
(3.7875 2.76311 0)
(3.8625 2.76311 0)
(3.9375 2.76311 0)
(4.0125 2.76311 -2.92943e-18)
(4.0875 2.76311 0)
(4.1625 2.76311 0)
(4.2375 2.76311 0)
(4.3125 2.76311 0)
(4.3875 2.76311 0)
(4.4625 2.76311 0)
(4.5375 2.76311 0)
(4.6125 2.76311 0)
(4.6875 2.76311 0)
(4.7625 2.76311 0)
(4.8375 2.76311 0)
(4.9125 2.76311 0)
(4.9875 2.76311 0)
(5.0625 2.76311 0)
(5.1375 2.76311 0)
(5.2125 2.76311 0)
(5.2875 2.76311 0)
(5.3625 2.76311 0)
(5.4375 2.76311 0)
(5.5125 2.76311 0)
(5.5875 2.76311 0)
(5.6625 2.76311 0)
(5.7375 2.76311 0)
(5.8125 2.76311 0)
(5.8875 2.76311 0)
(5.9625 2.76311 0)
(6.0375 2.76311 0)
(6.1125 2.76311 0)
(6.1875 2.76311 0)
(6.2625 2.76311 0)
(6.3375 2.76311 0)
(6.4125 2.76311 0)
(6.4875 2.76311 0)
(6.5625 2.76311 0)
(6.6375 2.76311 0)
(6.7125 2.76311 0)
(6.7875 2.76311 0)
(6.8625 2.76311 0)
(6.9375 2.76311 0)
(7.0125 2.76311 0)
(7.0875 2.76311 0)
(7.1625 2.76311 0)
(7.2375 2.76311 0)
(7.3125 2.76311 0)
(7.3875 2.76311 0)
(7.4625 2.76311 0)
(7.5375 2.76311 0)
(7.6125 2.76311 0)
(7.6875 2.76311 0)
(7.7625 2.76311 0)
(7.8375 2.76311 0)
(7.9125 2.76311 0)
(7.9875 2.76311 0)
(8.0625 2.76311 0)
(8.1375 2.76311 -3.85494e-19)
(8.2125 2.76311 0)
(8.2875 2.76311 0)
(8.3625 2.76311 -1.92747e-19)
(8.4375 2.76311 0)
(8.5125 2.76311 -3.85494e-19)
(8.5875 2.76311 0)
(8.6625 2.76311 0)
(8.7375 2.76311 -1.92747e-19)
(8.8125 2.76311 0)
(8.8875 2.76311 -3.85494e-19)
(8.9625 2.76311 0)
(0.0375 2.77663 0)
(0.1125 2.77663 0)
(0.1875 2.77663 0)
(0.2625 2.77663 0)
(0.3375 2.77663 0)
(0.4125 2.77663 0)
(0.4875 2.77663 0)
(0.5625 2.77663 0)
(0.6375 2.77663 0)
(0.7125 2.77663 0)
(0.7875 2.77663 0)
(0.8625 2.77663 -4.6409e-18)
(0.9375 2.77663 0)
(1.0125 2.77663 0)
(1.0875 2.77663 0)
(1.1625 2.77663 0)
(1.2375 2.77663 0)
(1.3125 2.77663 0)
(1.3875 2.77663 0)
(1.4625 2.77663 0)
(1.5375 2.77663 0)
(1.6125 2.77663 0)
(1.6875 2.77663 0)
(1.7625 2.77663 0)
(1.8375 2.77663 0)
(1.9125 2.77663 0)
(1.9875 2.77663 0)
(2.0625 2.77663 0)
(2.1375 2.77663 -4.6409e-18)
(2.2125 2.77663 0)
(2.2875 2.77663 0)
(2.3625 2.77663 0)
(2.4375 2.77663 0)
(2.5125 2.77663 -4.6409e-18)
(2.5875 2.77663 0)
(2.6625 2.77663 0)
(2.7375 2.77663 0)
(2.8125 2.77663 0)
(2.8875 2.77663 0)
(2.9625 2.77663 -1.61122e-18)
(3.0375 2.77663 0)
(3.1125 2.77663 0)
(3.1875 2.77663 0)
(3.2625 2.77663 0)
(3.3375 2.77663 -1.61122e-18)
(3.4125 2.77663 0)
(3.4875 2.77663 0)
(3.5625 2.77663 0)
(3.6375 2.77663 0)
(3.7125 2.77663 -1.61122e-18)
(3.7875 2.77663 0)
(3.8625 2.77663 0)
(3.9375 2.77663 0)
(4.0125 2.77663 -4.6409e-18)
(4.0875 2.77663 -1.61122e-18)
(4.1625 2.77663 0)
(4.2375 2.77663 -1.61122e-18)
(4.3125 2.77663 0)
(4.3875 2.77663 0)
(4.4625 2.77663 -1.61122e-18)
(4.5375 2.77663 0)
(4.6125 2.77663 -1.61122e-18)
(4.6875 2.77663 0)
(4.7625 2.77663 0)
(4.8375 2.77663 -1.61122e-18)
(4.9125 2.77663 0)
(4.9875 2.77663 -1.61122e-18)
(5.0625 2.77663 0)
(5.1375 2.77663 0)
(5.2125 2.77663 -1.61122e-18)
(5.2875 2.77663 0)
(5.3625 2.77663 0)
(5.4375 2.77663 0)
(5.5125 2.77663 0)
(5.5875 2.77663 -1.61122e-18)
(5.6625 2.77663 0)
(5.7375 2.77663 0)
(5.8125 2.77663 0)
(5.8875 2.77663 0)
(5.9625 2.77663 -1.61122e-18)
(6.0375 2.77663 0)
(6.1125 2.77663 0)
(6.1875 2.77663 0)
(6.2625 2.77663 0)
(6.3375 2.77663 -1.61122e-18)
(6.4125 2.77663 0)
(6.4875 2.77663 0)
(6.5625 2.77663 0)
(6.6375 2.77663 0)
(6.7125 2.77663 -1.61122e-18)
(6.7875 2.77663 0)
(6.8625 2.77663 0)
(6.9375 2.77663 0)
(7.0125 2.77663 0)
(7.0875 2.77663 -1.61122e-18)
(7.1625 2.77663 0)
(7.2375 2.77663 0)
(7.3125 2.77663 0)
(7.3875 2.77663 0)
(7.4625 2.77663 -1.61122e-18)
(7.5375 2.77663 0)
(7.6125 2.77663 0)
(7.6875 2.77663 0)
(7.7625 2.77663 0)
(7.8375 2.77663 -1.61122e-18)
(7.9125 2.77663 0)
(7.9875 2.77663 0)
(8.0625 2.77663 0)
(8.1375 2.77663 0)
(8.2125 2.77663 0)
(8.2875 2.77663 0)
(8.3625 2.77663 0)
(8.4375 2.77663 0)
(8.5125 2.77663 0)
(8.5875 2.77663 0)
(8.6625 2.77663 0)
(8.7375 2.77663 0)
(8.8125 2.77663 0)
(8.8875 2.77663 0)
(8.9625 2.77663 0)
(0.0375 2.78966 0)
(0.1125 2.78966 0)
(0.1875 2.78966 0)
(0.2625 2.78966 0)
(0.3375 2.78966 0)
(0.4125 2.78966 0)
(0.4875 2.78966 0)
(0.5625 2.78966 0)
(0.6375 2.78966 0)
(0.7125 2.78966 0)
(0.7875 2.78966 0)
(0.8625 2.78966 -1.92747e-19)
(0.9375 2.78966 0)
(1.0125 2.78966 0)
(1.0875 2.78966 0)
(1.1625 2.78966 0)
(1.2375 2.78966 0)
(1.3125 2.78966 0)
(1.3875 2.78966 0)
(1.4625 2.78966 0)
(1.5375 2.78966 0)
(1.6125 2.78966 0)
(1.6875 2.78966 0)
(1.7625 2.78966 0)
(1.8375 2.78966 0)
(1.9125 2.78966 0)
(1.9875 2.78966 0)
(2.0625 2.78966 0)
(2.1375 2.78966 1.66318e-18)
(2.2125 2.78966 0)
(2.2875 2.78966 0)
(2.3625 2.78966 0)
(2.4375 2.78966 0)
(2.5125 2.78966 1.66318e-18)
(2.5875 2.78966 0)
(2.6625 2.78966 0)
(2.7375 2.78966 0)
(2.8125 2.78966 0)
(2.8875 2.78966 0)
(2.9625 2.78966 4.60405e-18)
(3.0375 2.78966 0)
(3.1125 2.78966 0)
(3.1875 2.78966 0)
(3.2625 2.78966 0)
(3.3375 2.78966 4.60405e-18)
(3.4125 2.78966 0)
(3.4875 2.78966 0)
(3.5625 2.78966 0)
(3.6375 2.78966 0)
(3.7125 2.78966 4.60405e-18)
(3.7875 2.78966 0)
(3.8625 2.78966 0)
(3.9375 2.78966 0)
(4.0125 2.78966 1.66318e-18)
(4.0875 2.78966 4.79679e-18)
(4.1625 2.78966 -1.92747e-19)
(4.2375 2.78966 4.79679e-18)
(4.3125 2.78966 0)
(4.3875 2.78966 0)
(4.4625 2.78966 4.79679e-18)
(4.5375 2.78966 -1.92747e-19)
(4.6125 2.78966 4.79679e-18)
(4.6875 2.78966 0)
(4.7625 2.78966 0)
(4.8375 2.78966 4.79679e-18)
(4.9125 2.78966 -1.92747e-19)
(4.9875 2.78966 4.79679e-18)
(5.0625 2.78966 0)
(5.1375 2.78966 0)
(5.2125 2.78966 4.79679e-18)
(5.2875 2.78966 -1.92747e-19)
(5.3625 2.78966 0)
(5.4375 2.78966 0)
(5.5125 2.78966 0)
(5.5875 2.78966 4.79679e-18)
(5.6625 2.78966 -1.92747e-19)
(5.7375 2.78966 0)
(5.8125 2.78966 0)
(5.8875 2.78966 0)
(5.9625 2.78966 4.79679e-18)
(6.0375 2.78966 -1.92747e-19)
(6.1125 2.78966 0)
(6.1875 2.78966 0)
(6.2625 2.78966 0)
(6.3375 2.78966 4.79679e-18)
(6.4125 2.78966 -1.92747e-19)
(6.4875 2.78966 0)
(6.5625 2.78966 0)
(6.6375 2.78966 0)
(6.7125 2.78966 4.79679e-18)
(6.7875 2.78966 -1.92747e-19)
(6.8625 2.78966 0)
(6.9375 2.78966 0)
(7.0125 2.78966 0)
(7.0875 2.78966 4.79679e-18)
(7.1625 2.78966 -1.92747e-19)
(7.2375 2.78966 0)
(7.3125 2.78966 0)
(7.3875 2.78966 0)
(7.4625 2.78966 4.79679e-18)
(7.5375 2.78966 -1.92747e-19)
(7.6125 2.78966 0)
(7.6875 2.78966 0)
(7.7625 2.78966 0)
(7.8375 2.78966 4.79679e-18)
(7.9125 2.78966 -1.92747e-19)
(7.9875 2.78966 0)
(8.0625 2.78966 0)
(8.1375 2.78966 0)
(8.2125 2.78966 0)
(8.2875 2.78966 0)
(8.3625 2.78966 1.92747e-19)
(8.4375 2.78966 0)
(8.5125 2.78966 0)
(8.5875 2.78966 0)
(8.6625 2.78966 0)
(8.7375 2.78966 1.92747e-19)
(8.8125 2.78966 0)
(8.8875 2.78966 0)
(8.9625 2.78966 0)
(0.0375 2.80224 -1.62067e-18)
(0.1125 2.80224 0)
(0.1875 2.80224 -1.92747e-19)
(0.2625 2.80224 0)
(0.3375 2.80224 1.92747e-19)
(0.4125 2.80224 1.92747e-19)
(0.4875 2.80224 1.92747e-19)
(0.5625 2.80224 0)
(0.6375 2.80224 4.76564e-18)
(0.7125 2.80224 0)
(0.7875 2.80224 0)
(0.8625 2.80224 4.76564e-18)
(0.9375 2.80224 0)
(1.0125 2.80224 4.76564e-18)
(1.0875 2.80224 0)
(1.1625 2.80224 0)
(1.2375 2.80224 0)
(1.3125 2.80224 0)
(1.3875 2.80224 0)
(1.4625 2.80224 0)
(1.5375 2.80224 0)
(1.6125 2.80224 0)
(1.6875 2.80224 0)
(1.7625 2.80224 0)
(1.8375 2.80224 0)
(1.9125 2.80224 0)
(1.9875 2.80224 0)
(2.0625 2.80224 0)
(2.1375 2.80224 0)
(2.2125 2.80224 0)
(2.2875 2.80224 0)
(2.3625 2.80224 1.71705e-18)
(2.4375 2.80224 0)
(2.5125 2.80224 0)
(2.5875 2.80224 0)
(2.6625 2.80224 0)
(2.7375 2.80224 1.71705e-18)
(2.8125 2.80224 0)
(2.8875 2.80224 1.71705e-18)
(2.9625 2.80224 -1.71705e-18)
(3.0375 2.80224 1.71705e-18)
(3.1125 2.80224 1.71705e-18)
(3.1875 2.80224 0)
(3.2625 2.80224 1.71705e-18)
(3.3375 2.80224 -1.71705e-18)
(3.4125 2.80224 1.71705e-18)
(3.4875 2.80224 1.71705e-18)
(3.5625 2.80224 0)
(3.6375 2.80224 1.71705e-18)
(3.7125 2.80224 -1.71705e-18)
(3.7875 2.80224 1.71705e-18)
(3.8625 2.80224 1.71705e-18)
(3.9375 2.80224 0)
(4.0125 2.80224 0)
(4.0875 2.80224 -1.71705e-18)
(4.1625 2.80224 1.71705e-18)
(4.2375 2.80224 -1.71705e-18)
(4.3125 2.80224 0)
(4.3875 2.80224 0)
(4.4625 2.80224 -1.71705e-18)
(4.5375 2.80224 1.71705e-18)
(4.6125 2.80224 -1.71705e-18)
(4.6875 2.80224 0)
(4.7625 2.80224 0)
(4.8375 2.80224 -1.71705e-18)
(4.9125 2.80224 1.71705e-18)
(4.9875 2.80224 -1.71705e-18)
(5.0625 2.80224 0)
(5.1375 2.80224 0)
(5.2125 2.80224 -1.71705e-18)
(5.2875 2.80224 1.71705e-18)
(5.3625 2.80224 0)
(5.4375 2.80224 0)
(5.5125 2.80224 0)
(5.5875 2.80224 -1.71705e-18)
(5.6625 2.80224 1.71705e-18)
(5.7375 2.80224 0)
(5.8125 2.80224 0)
(5.8875 2.80224 0)
(5.9625 2.80224 -1.71705e-18)
(6.0375 2.80224 1.71705e-18)
(6.1125 2.80224 0)
(6.1875 2.80224 0)
(6.2625 2.80224 0)
(6.3375 2.80224 -1.71705e-18)
(6.4125 2.80224 1.71705e-18)
(6.4875 2.80224 0)
(6.5625 2.80224 0)
(6.6375 2.80224 0)
(6.7125 2.80224 -1.71705e-18)
(6.7875 2.80224 1.71705e-18)
(6.8625 2.80224 0)
(6.9375 2.80224 0)
(7.0125 2.80224 0)
(7.0875 2.80224 -1.71705e-18)
(7.1625 2.80224 1.71705e-18)
(7.2375 2.80224 0)
(7.3125 2.80224 0)
(7.3875 2.80224 0)
(7.4625 2.80224 -1.71705e-18)
(7.5375 2.80224 1.71705e-18)
(7.6125 2.80224 0)
(7.6875 2.80224 0)
(7.7625 2.80224 0)
(7.8375 2.80224 -1.71705e-18)
(7.9125 2.80224 1.71705e-18)
(7.9875 2.80224 0)
(8.0625 2.80224 0)
(8.1375 2.80224 4.76564e-18)
(8.2125 2.80224 0)
(8.2875 2.80224 0)
(8.3625 2.80224 1.71705e-18)
(8.4375 2.80224 0)
(8.5125 2.80224 4.76564e-18)
(8.5875 2.80224 0)
(8.6625 2.80224 0)
(8.7375 2.80224 1.71705e-18)
(8.8125 2.80224 0)
(8.8875 2.80224 4.76564e-18)
(8.9625 2.80224 0)
(0.0375 2.81437 0)
(0.1125 2.81437 1.92747e-19)
(0.1875 2.81437 6.70605e-18)
(0.2625 2.81437 -1.77289e-18)
(0.3375 2.81437 0)
(0.4125 2.81437 6.70605e-18)
(0.4875 2.81437 6.70605e-18)
(0.5625 2.81437 1.58014e-18)
(0.6375 2.81437 0)
(0.7125 2.81437 1.58014e-18)
(0.7875 2.81437 1.58014e-18)
(0.8625 2.81437 0)
(0.9375 2.81437 1.58014e-18)
(1.0125 2.81437 0)
(1.0875 2.81437 1.58014e-18)
(1.1625 2.81437 1.77289e-18)
(1.2375 2.81437 1.58014e-18)
(1.3125 2.81437 0)
(1.3875 2.81437 1.77289e-18)
(1.4625 2.81437 1.58014e-18)
(1.5375 2.81437 1.77289e-18)
(1.6125 2.81437 1.77289e-18)
(1.6875 2.81437 0)
(1.7625 2.81437 1.77289e-18)
(1.8375 2.81437 1.58014e-18)
(1.9125 2.81437 1.77289e-18)
(1.9875 2.81437 1.77289e-18)
(2.0625 2.81437 0)
(2.1375 2.81437 0)
(2.2125 2.81437 0)
(2.2875 2.81437 0)
(2.3625 2.81437 0)
(2.4375 2.81437 0)
(2.5125 2.81437 0)
(2.5875 2.81437 0)
(2.6625 2.81437 0)
(2.7375 2.81437 0)
(2.8125 2.81437 0)
(2.8875 2.81437 0)
(2.9625 2.81437 0)
(3.0375 2.81437 3.35302e-18)
(3.1125 2.81437 0)
(3.1875 2.81437 0)
(3.2625 2.81437 0)
(3.3375 2.81437 0)
(3.4125 2.81437 3.35302e-18)
(3.4875 2.81437 0)
(3.5625 2.81437 0)
(3.6375 2.81437 0)
(3.7125 2.81437 0)
(3.7875 2.81437 3.35302e-18)
(3.8625 2.81437 0)
(3.9375 2.81437 0)
(4.0125 2.81437 0)
(4.0875 2.81437 3.35302e-18)
(4.1625 2.81437 3.35302e-18)
(4.2375 2.81437 3.35302e-18)
(4.3125 2.81437 -5.12591e-18)
(4.3875 2.81437 3.35302e-18)
(4.4625 2.81437 3.35302e-18)
(4.5375 2.81437 3.35302e-18)
(4.6125 2.81437 3.35302e-18)
(4.6875 2.81437 -5.12591e-18)
(4.7625 2.81437 3.35302e-18)
(4.8375 2.81437 3.35302e-18)
(4.9125 2.81437 3.35302e-18)
(4.9875 2.81437 3.35302e-18)
(5.0625 2.81437 -5.12591e-18)
(5.1375 2.81437 3.35302e-18)
(5.2125 2.81437 3.35302e-18)
(5.2875 2.81437 3.35302e-18)
(5.3625 2.81437 3.35302e-18)
(5.4375 2.81437 -5.12591e-18)
(5.5125 2.81437 3.35302e-18)
(5.5875 2.81437 3.35302e-18)
(5.6625 2.81437 3.35302e-18)
(5.7375 2.81437 3.35302e-18)
(5.8125 2.81437 -5.12591e-18)
(5.8875 2.81437 3.35302e-18)
(5.9625 2.81437 3.35302e-18)
(6.0375 2.81437 3.35302e-18)
(6.1125 2.81437 3.35302e-18)
(6.1875 2.81437 -5.12591e-18)
(6.2625 2.81437 3.35302e-18)
(6.3375 2.81437 3.35302e-18)
(6.4125 2.81437 3.35302e-18)
(6.4875 2.81437 3.35302e-18)
(6.5625 2.81437 -5.12591e-18)
(6.6375 2.81437 3.35302e-18)
(6.7125 2.81437 3.35302e-18)
(6.7875 2.81437 3.35302e-18)
(6.8625 2.81437 3.35302e-18)
(6.9375 2.81437 -5.12591e-18)
(7.0125 2.81437 3.35302e-18)
(7.0875 2.81437 3.35302e-18)
(7.1625 2.81437 3.35302e-18)
(7.2375 2.81437 3.35302e-18)
(7.3125 2.81437 -5.12591e-18)
(7.3875 2.81437 3.35302e-18)
(7.4625 2.81437 3.35302e-18)
(7.5375 2.81437 3.35302e-18)
(7.6125 2.81437 3.35302e-18)
(7.6875 2.81437 -5.12591e-18)
(7.7625 2.81437 3.35302e-18)
(7.8375 2.81437 3.35302e-18)
(7.9125 2.81437 3.35302e-18)
(7.9875 2.81437 3.35302e-18)
(8.0625 2.81437 -5.12591e-18)
(8.1375 2.81437 -1.92747e-19)
(8.2125 2.81437 -5.12591e-18)
(8.2875 2.81437 -5.12591e-18)
(8.3625 2.81437 -1.92747e-19)
(8.4375 2.81437 -5.12591e-18)
(8.5125 2.81437 -1.92747e-19)
(8.5875 2.81437 -5.12591e-18)
(8.6625 2.81437 -5.12591e-18)
(8.7375 2.81437 -1.92747e-19)
(8.8125 2.81437 -5.12591e-18)
(8.8875 2.81437 -1.92747e-19)
(8.9625 2.81437 -5.12591e-18)
(0.0375 2.82607 -1.7344e-18)
(0.1125 2.82607 0)
(0.1875 2.82607 3.46879e-18)
(0.2625 2.82607 5.29957e-18)
(0.3375 2.82607 0)
(0.4125 2.82607 0)
(0.4875 2.82607 0)
(0.5625 2.82607 0)
(0.6375 2.82607 0)
(0.7125 2.82607 0)
(0.7875 2.82607 0)
(0.8625 2.82607 0)
(0.9375 2.82607 0)
(1.0125 2.82607 0)
(1.0875 2.82607 0)
(1.1625 2.82607 0)
(1.2375 2.82607 0)
(1.3125 2.82607 1.04064e-17)
(1.3875 2.82607 0)
(1.4625 2.82607 0)
(1.5375 2.82607 0)
(1.6125 2.82607 0)
(1.6875 2.82607 1.04064e-17)
(1.7625 2.82607 0)
(1.8375 2.82607 0)
(1.9125 2.82607 0)
(1.9875 2.82607 0)
(2.0625 2.82607 1.04064e-17)
(2.1375 2.82607 1.83077e-18)
(2.2125 2.82607 1.04064e-17)
(2.2875 2.82607 1.04064e-17)
(2.3625 2.82607 0)
(2.4375 2.82607 1.04064e-17)
(2.5125 2.82607 1.83077e-18)
(2.5875 2.82607 1.04064e-17)
(2.6625 2.82607 1.04064e-17)
(2.7375 2.82607 0)
(2.8125 2.82607 1.04064e-17)
(2.8875 2.82607 0)
(2.9625 2.82607 1.04064e-17)
(3.0375 2.82607 6.93759e-18)
(3.1125 2.82607 0)
(3.1875 2.82607 1.04064e-17)
(3.2625 2.82607 0)
(3.3375 2.82607 1.04064e-17)
(3.4125 2.82607 6.93759e-18)
(3.4875 2.82607 0)
(3.5625 2.82607 1.04064e-17)
(3.6375 2.82607 0)
(3.7125 2.82607 1.04064e-17)
(3.7875 2.82607 6.93759e-18)
(3.8625 2.82607 0)
(3.9375 2.82607 1.04064e-17)
(4.0125 2.82607 1.83077e-18)
(4.0875 2.82607 0)
(4.1625 2.82607 0)
(4.2375 2.82607 0)
(4.3125 2.82607 1.92747e-19)
(4.3875 2.82607 -6.93759e-18)
(4.4625 2.82607 0)
(4.5375 2.82607 0)
(4.6125 2.82607 0)
(4.6875 2.82607 1.92747e-19)
(4.7625 2.82607 -6.93759e-18)
(4.8375 2.82607 0)
(4.9125 2.82607 0)
(4.9875 2.82607 0)
(5.0625 2.82607 1.92747e-19)
(5.1375 2.82607 -6.93759e-18)
(5.2125 2.82607 0)
(5.2875 2.82607 0)
(5.3625 2.82607 -6.93759e-18)
(5.4375 2.82607 1.92747e-19)
(5.5125 2.82607 -6.93759e-18)
(5.5875 2.82607 0)
(5.6625 2.82607 0)
(5.7375 2.82607 -6.93759e-18)
(5.8125 2.82607 1.92747e-19)
(5.8875 2.82607 -6.93759e-18)
(5.9625 2.82607 0)
(6.0375 2.82607 0)
(6.1125 2.82607 -6.93759e-18)
(6.1875 2.82607 1.92747e-19)
(6.2625 2.82607 -6.93759e-18)
(6.3375 2.82607 0)
(6.4125 2.82607 0)
(6.4875 2.82607 -6.93759e-18)
(6.5625 2.82607 1.92747e-19)
(6.6375 2.82607 -6.93759e-18)
(6.7125 2.82607 0)
(6.7875 2.82607 0)
(6.8625 2.82607 -6.93759e-18)
(6.9375 2.82607 1.92747e-19)
(7.0125 2.82607 -6.93759e-18)
(7.0875 2.82607 0)
(7.1625 2.82607 0)
(7.2375 2.82607 -6.93759e-18)
(7.3125 2.82607 1.92747e-19)
(7.3875 2.82607 -6.93759e-18)
(7.4625 2.82607 0)
(7.5375 2.82607 0)
(7.6125 2.82607 -6.93759e-18)
(7.6875 2.82607 1.92747e-19)
(7.7625 2.82607 -6.93759e-18)
(7.8375 2.82607 0)
(7.9125 2.82607 0)
(7.9875 2.82607 -6.93759e-18)
(8.0625 2.82607 1.92747e-19)
(8.1375 2.82607 7.13034e-18)
(8.2125 2.82607 1.92747e-19)
(8.2875 2.82607 1.92747e-19)
(8.3625 2.82607 0)
(8.4375 2.82607 1.92747e-19)
(8.5125 2.82607 7.13034e-18)
(8.5875 2.82607 1.92747e-19)
(8.6625 2.82607 1.92747e-19)
(8.7375 2.82607 0)
(8.8125 2.82607 1.92747e-19)
(8.8875 2.82607 7.13034e-18)
(8.9625 2.82607 1.92747e-19)
(0.0375 2.83736 1.7944e-18)
(0.1125 2.83736 0)
(0.1875 2.83736 0)
(0.2625 2.83736 3.39606e-18)
(0.3375 2.83736 0)
(0.4125 2.83736 0)
(0.4875 2.83736 0)
(0.5625 2.83736 0)
(0.6375 2.83736 -9.06839e-18)
(0.7125 2.83736 0)
(0.7875 2.83736 0)
(0.8625 2.83736 0)
(0.9375 2.83736 0)
(1.0125 2.83736 -9.06839e-18)
(1.0875 2.83736 0)
(1.1625 2.83736 0)
(1.2375 2.83736 0)
(1.3125 2.83736 0)
(1.3875 2.83736 0)
(1.4625 2.83736 0)
(1.5375 2.83736 0)
(1.6125 2.83736 0)
(1.6875 2.83736 0)
(1.7625 2.83736 0)
(1.8375 2.83736 0)
(1.9125 2.83736 0)
(1.9875 2.83736 0)
(2.0625 2.83736 0)
(2.1375 2.83736 0)
(2.2125 2.83736 0)
(2.2875 2.83736 0)
(2.3625 2.83736 1.92747e-19)
(2.4375 2.83736 0)
(2.5125 2.83736 0)
(2.5875 2.83736 0)
(2.6625 2.83736 0)
(2.7375 2.83736 1.92747e-19)
(2.8125 2.83736 0)
(2.8875 2.83736 1.92747e-19)
(2.9625 2.83736 -1.69803e-18)
(3.0375 2.83736 1.89078e-18)
(3.1125 2.83736 1.92747e-19)
(3.1875 2.83736 0)
(3.2625 2.83736 1.92747e-19)
(3.3375 2.83736 -1.69803e-18)
(3.4125 2.83736 1.89078e-18)
(3.4875 2.83736 1.92747e-19)
(3.5625 2.83736 0)
(3.6375 2.83736 1.92747e-19)
(3.7125 2.83736 -1.69803e-18)
(3.7875 2.83736 1.89078e-18)
(3.8625 2.83736 1.92747e-19)
(3.9375 2.83736 0)
(4.0125 2.83736 0)
(4.0875 2.83736 1.92747e-19)
(4.1625 2.83736 1.89078e-18)
(4.2375 2.83736 1.92747e-19)
(4.3125 2.83736 0)
(4.3875 2.83736 1.89078e-18)
(4.4625 2.83736 1.92747e-19)
(4.5375 2.83736 1.89078e-18)
(4.6125 2.83736 1.92747e-19)
(4.6875 2.83736 0)
(4.7625 2.83736 1.89078e-18)
(4.8375 2.83736 1.92747e-19)
(4.9125 2.83736 1.89078e-18)
(4.9875 2.83736 1.92747e-19)
(5.0625 2.83736 0)
(5.1375 2.83736 1.89078e-18)
(5.2125 2.83736 1.92747e-19)
(5.2875 2.83736 1.89078e-18)
(5.3625 2.83736 1.89078e-18)
(5.4375 2.83736 0)
(5.5125 2.83736 1.89078e-18)
(5.5875 2.83736 1.92747e-19)
(5.6625 2.83736 1.89078e-18)
(5.7375 2.83736 1.89078e-18)
(5.8125 2.83736 0)
(5.8875 2.83736 1.89078e-18)
(5.9625 2.83736 1.92747e-19)
(6.0375 2.83736 1.89078e-18)
(6.1125 2.83736 1.89078e-18)
(6.1875 2.83736 0)
(6.2625 2.83736 1.89078e-18)
(6.3375 2.83736 1.92747e-19)
(6.4125 2.83736 1.89078e-18)
(6.4875 2.83736 1.89078e-18)
(6.5625 2.83736 0)
(6.6375 2.83736 1.89078e-18)
(6.7125 2.83736 1.92747e-19)
(6.7875 2.83736 1.89078e-18)
(6.8625 2.83736 1.89078e-18)
(6.9375 2.83736 0)
(7.0125 2.83736 1.89078e-18)
(7.0875 2.83736 1.92747e-19)
(7.1625 2.83736 1.89078e-18)
(7.2375 2.83736 1.89078e-18)
(7.3125 2.83736 0)
(7.3875 2.83736 1.89078e-18)
(7.4625 2.83736 1.92747e-19)
(7.5375 2.83736 1.89078e-18)
(7.6125 2.83736 1.89078e-18)
(7.6875 2.83736 0)
(7.7625 2.83736 1.89078e-18)
(7.8375 2.83736 1.92747e-19)
(7.9125 2.83736 1.89078e-18)
(7.9875 2.83736 1.89078e-18)
(8.0625 2.83736 0)
(8.1375 2.83736 0)
(8.2125 2.83736 0)
(8.2875 2.83736 0)
(8.3625 2.83736 0)
(8.4375 2.83736 0)
(8.5125 2.83736 0)
(8.5875 2.83736 0)
(8.6625 2.83736 0)
(8.7375 2.83736 0)
(8.8125 2.83736 0)
(8.8875 2.83736 0)
(8.9625 2.83736 0)
(0.0375 2.84825 9.63735e-20)
(0.1125 2.84825 5.66619e-18)
(0.1875 2.84825 -3.71321e-18)
(0.2625 2.84825 -3.71321e-18)
(0.3375 2.84825 0)
(0.4125 2.84825 -1.76023e-18)
(0.4875 2.84825 -1.76023e-18)
(0.5625 2.84825 -1.92747e-19)
(0.6375 2.84825 3.90596e-18)
(0.7125 2.84825 -2.14573e-18)
(0.7875 2.84825 1.95298e-18)
(0.8625 2.84825 0)
(0.9375 2.84825 -1.92747e-19)
(1.0125 2.84825 3.90596e-18)
(1.0875 2.84825 0)
(1.1625 2.84825 1.95298e-18)
(1.2375 2.84825 0)
(1.3125 2.84825 0)
(1.3875 2.84825 1.95298e-18)
(1.4625 2.84825 0)
(1.5375 2.84825 1.95298e-18)
(1.6125 2.84825 1.95298e-18)
(1.6875 2.84825 0)
(1.7625 2.84825 1.95298e-18)
(1.8375 2.84825 0)
(1.9125 2.84825 1.95298e-18)
(1.9875 2.84825 1.95298e-18)
(2.0625 2.84825 0)
(2.1375 2.84825 -1.92747e-19)
(2.2125 2.84825 0)
(2.2875 2.84825 0)
(2.3625 2.84825 0)
(2.4375 2.84825 0)
(2.5125 2.84825 -1.92747e-19)
(2.5875 2.84825 0)
(2.6625 2.84825 0)
(2.7375 2.84825 0)
(2.8125 2.84825 0)
(2.8875 2.84825 0)
(2.9625 2.84825 0)
(3.0375 2.84825 0)
(3.1125 2.84825 0)
(3.1875 2.84825 0)
(3.2625 2.84825 0)
(3.3375 2.84825 0)
(3.4125 2.84825 0)
(3.4875 2.84825 0)
(3.5625 2.84825 0)
(3.6375 2.84825 0)
(3.7125 2.84825 0)
(3.7875 2.84825 0)
(3.8625 2.84825 0)
(3.9375 2.84825 0)
(4.0125 2.84825 -1.92747e-19)
(4.0875 2.84825 0)
(4.1625 2.84825 0)
(4.2375 2.84825 0)
(4.3125 2.84825 0)
(4.3875 2.84825 0)
(4.4625 2.84825 0)
(4.5375 2.84825 0)
(4.6125 2.84825 0)
(4.6875 2.84825 0)
(4.7625 2.84825 0)
(4.8375 2.84825 0)
(4.9125 2.84825 0)
(4.9875 2.84825 0)
(5.0625 2.84825 0)
(5.1375 2.84825 0)
(5.2125 2.84825 0)
(5.2875 2.84825 0)
(5.3625 2.84825 0)
(5.4375 2.84825 0)
(5.5125 2.84825 0)
(5.5875 2.84825 0)
(5.6625 2.84825 0)
(5.7375 2.84825 0)
(5.8125 2.84825 0)
(5.8875 2.84825 0)
(5.9625 2.84825 0)
(6.0375 2.84825 0)
(6.1125 2.84825 0)
(6.1875 2.84825 0)
(6.2625 2.84825 0)
(6.3375 2.84825 0)
(6.4125 2.84825 0)
(6.4875 2.84825 0)
(6.5625 2.84825 0)
(6.6375 2.84825 0)
(6.7125 2.84825 0)
(6.7875 2.84825 0)
(6.8625 2.84825 0)
(6.9375 2.84825 0)
(7.0125 2.84825 0)
(7.0875 2.84825 0)
(7.1625 2.84825 0)
(7.2375 2.84825 0)
(7.3125 2.84825 0)
(7.3875 2.84825 0)
(7.4625 2.84825 0)
(7.5375 2.84825 0)
(7.6125 2.84825 0)
(7.6875 2.84825 0)
(7.7625 2.84825 0)
(7.8375 2.84825 0)
(7.9125 2.84825 0)
(7.9875 2.84825 0)
(8.0625 2.84825 0)
(8.1375 2.84825 0)
(8.2125 2.84825 0)
(8.2875 2.84825 0)
(8.3625 2.84825 1.92747e-19)
(8.4375 2.84825 0)
(8.5125 2.84825 0)
(8.5875 2.84825 0)
(8.6625 2.84825 0)
(8.7375 2.84825 1.92747e-19)
(8.8125 2.84825 0)
(8.8875 2.84825 0)
(8.9625 2.84825 0)
(0.0375 2.85875 0)
(0.1125 2.85875 0)
(0.1875 2.85875 0)
(0.2625 2.85875 0)
(0.3375 2.85875 1.92747e-19)
(0.4125 2.85875 -1.92747e-19)
(0.4875 2.85875 0)
(0.5625 2.85875 0)
(0.6375 2.85875 -2.01746e-18)
(0.7125 2.85875 4.03493e-18)
(0.7875 2.85875 0)
(0.8625 2.85875 -4.03493e-18)
(0.9375 2.85875 0)
(1.0125 2.85875 -2.01746e-18)
(1.0875 2.85875 4.03493e-18)
(1.1625 2.85875 0)
(1.2375 2.85875 4.03493e-18)
(1.3125 2.85875 0)
(1.3875 2.85875 0)
(1.4625 2.85875 4.03493e-18)
(1.5375 2.85875 0)
(1.6125 2.85875 0)
(1.6875 2.85875 0)
(1.7625 2.85875 0)
(1.8375 2.85875 4.03493e-18)
(1.9125 2.85875 0)
(1.9875 2.85875 0)
(2.0625 2.85875 0)
(2.1375 2.85875 0)
(2.2125 2.85875 0)
(2.2875 2.85875 0)
(2.3625 2.85875 0)
(2.4375 2.85875 0)
(2.5125 2.85875 0)
(2.5875 2.85875 0)
(2.6625 2.85875 0)
(2.7375 2.85875 0)
(2.8125 2.85875 0)
(2.8875 2.85875 0)
(2.9625 2.85875 3.84218e-18)
(3.0375 2.85875 -3.84218e-18)
(3.1125 2.85875 0)
(3.1875 2.85875 0)
(3.2625 2.85875 0)
(3.3375 2.85875 3.84218e-18)
(3.4125 2.85875 -3.84218e-18)
(3.4875 2.85875 0)
(3.5625 2.85875 0)
(3.6375 2.85875 0)
(3.7125 2.85875 3.84218e-18)
(3.7875 2.85875 -3.84218e-18)
(3.8625 2.85875 0)
(3.9375 2.85875 0)
(4.0125 2.85875 0)
(4.0875 2.85875 5.85964e-18)
(4.1625 2.85875 -3.84218e-18)
(4.2375 2.85875 5.85964e-18)
(4.3125 2.85875 0)
(4.3875 2.85875 2.01746e-18)
(4.4625 2.85875 5.85964e-18)
(4.5375 2.85875 -3.84218e-18)
(4.6125 2.85875 5.85964e-18)
(4.6875 2.85875 0)
(4.7625 2.85875 2.01746e-18)
(4.8375 2.85875 5.85964e-18)
(4.9125 2.85875 -3.84218e-18)
(4.9875 2.85875 5.85964e-18)
(5.0625 2.85875 0)
(5.1375 2.85875 2.01746e-18)
(5.2125 2.85875 5.85964e-18)
(5.2875 2.85875 -3.84218e-18)
(5.3625 2.85875 2.01746e-18)
(5.4375 2.85875 0)
(5.5125 2.85875 2.01746e-18)
(5.5875 2.85875 5.85964e-18)
(5.6625 2.85875 -3.84218e-18)
(5.7375 2.85875 2.01746e-18)
(5.8125 2.85875 0)
(5.8875 2.85875 2.01746e-18)
(5.9625 2.85875 5.85964e-18)
(6.0375 2.85875 -3.84218e-18)
(6.1125 2.85875 2.01746e-18)
(6.1875 2.85875 0)
(6.2625 2.85875 2.01746e-18)
(6.3375 2.85875 5.85964e-18)
(6.4125 2.85875 -3.84218e-18)
(6.4875 2.85875 2.01746e-18)
(6.5625 2.85875 0)
(6.6375 2.85875 2.01746e-18)
(6.7125 2.85875 5.85964e-18)
(6.7875 2.85875 -3.84218e-18)
(6.8625 2.85875 2.01746e-18)
(6.9375 2.85875 0)
(7.0125 2.85875 2.01746e-18)
(7.0875 2.85875 5.85964e-18)
(7.1625 2.85875 -3.84218e-18)
(7.2375 2.85875 2.01746e-18)
(7.3125 2.85875 0)
(7.3875 2.85875 2.01746e-18)
(7.4625 2.85875 5.85964e-18)
(7.5375 2.85875 -3.84218e-18)
(7.6125 2.85875 2.01746e-18)
(7.6875 2.85875 0)
(7.7625 2.85875 2.01746e-18)
(7.8375 2.85875 5.85964e-18)
(7.9125 2.85875 -3.84218e-18)
(7.9875 2.85875 2.01746e-18)
(8.0625 2.85875 0)
(8.1375 2.85875 -5.66689e-18)
(8.2125 2.85875 0)
(8.2875 2.85875 0)
(8.3625 2.85875 1.92747e-19)
(8.4375 2.85875 0)
(8.5125 2.85875 -5.66689e-18)
(8.5875 2.85875 0)
(8.6625 2.85875 0)
(8.7375 2.85875 1.92747e-19)
(8.8125 2.85875 0)
(8.8875 2.85875 -5.66689e-18)
(8.9625 2.85875 0)
(0.0375 2.86889 0)
(0.1125 2.86889 0)
(0.1875 2.86889 -3.97587e-18)
(0.2625 2.86889 0)
(0.3375 2.86889 -3.97587e-18)
(0.4125 2.86889 0)
(0.4875 2.86889 0)
(0.5625 2.86889 2.08431e-18)
(0.6375 2.86889 5.86743e-18)
(0.7125 2.86889 2.08431e-18)
(0.7875 2.86889 2.08431e-18)
(0.8625 2.86889 1.89156e-18)
(0.9375 2.86889 2.08431e-18)
(1.0125 2.86889 5.86743e-18)
(1.0875 2.86889 2.08431e-18)
(1.1625 2.86889 0)
(1.2375 2.86889 2.08431e-18)
(1.3125 2.86889 2.08431e-18)
(1.3875 2.86889 0)
(1.4625 2.86889 2.08431e-18)
(1.5375 2.86889 0)
(1.6125 2.86889 0)
(1.6875 2.86889 2.08431e-18)
(1.7625 2.86889 0)
(1.8375 2.86889 2.08431e-18)
(1.9125 2.86889 0)
(1.9875 2.86889 0)
(2.0625 2.86889 2.08431e-18)
(2.1375 2.86889 0)
(2.2125 2.86889 2.08431e-18)
(2.2875 2.86889 2.08431e-18)
(2.3625 2.86889 -1.92747e-19)
(2.4375 2.86889 2.08431e-18)
(2.5125 2.86889 0)
(2.5875 2.86889 2.08431e-18)
(2.6625 2.86889 2.08431e-18)
(2.7375 2.86889 -1.92747e-19)
(2.8125 2.86889 2.08431e-18)
(2.8875 2.86889 -1.92747e-19)
(2.9625 2.86889 1.89156e-18)
(3.0375 2.86889 0)
(3.1125 2.86889 -1.92747e-19)
(3.1875 2.86889 2.08431e-18)
(3.2625 2.86889 -1.92747e-19)
(3.3375 2.86889 1.89156e-18)
(3.4125 2.86889 0)
(3.4875 2.86889 -1.92747e-19)
(3.5625 2.86889 2.08431e-18)
(3.6375 2.86889 -1.92747e-19)
(3.7125 2.86889 1.89156e-18)
(3.7875 2.86889 0)
(3.8625 2.86889 -1.92747e-19)
(3.9375 2.86889 2.08431e-18)
(4.0125 2.86889 0)
(4.0875 2.86889 -1.92747e-19)
(4.1625 2.86889 0)
(4.2375 2.86889 -1.92747e-19)
(4.3125 2.86889 0)
(4.3875 2.86889 0)
(4.4625 2.86889 -1.92747e-19)
(4.5375 2.86889 0)
(4.6125 2.86889 -1.92747e-19)
(4.6875 2.86889 0)
(4.7625 2.86889 0)
(4.8375 2.86889 -1.92747e-19)
(4.9125 2.86889 0)
(4.9875 2.86889 -1.92747e-19)
(5.0625 2.86889 0)
(5.1375 2.86889 0)
(5.2125 2.86889 -1.92747e-19)
(5.2875 2.86889 0)
(5.3625 2.86889 0)
(5.4375 2.86889 0)
(5.5125 2.86889 0)
(5.5875 2.86889 -1.92747e-19)
(5.6625 2.86889 0)
(5.7375 2.86889 0)
(5.8125 2.86889 0)
(5.8875 2.86889 0)
(5.9625 2.86889 -1.92747e-19)
(6.0375 2.86889 0)
(6.1125 2.86889 0)
(6.1875 2.86889 0)
(6.2625 2.86889 0)
(6.3375 2.86889 -1.92747e-19)
(6.4125 2.86889 0)
(6.4875 2.86889 0)
(6.5625 2.86889 0)
(6.6375 2.86889 0)
(6.7125 2.86889 -1.92747e-19)
(6.7875 2.86889 0)
(6.8625 2.86889 0)
(6.9375 2.86889 0)
(7.0125 2.86889 0)
(7.0875 2.86889 -1.92747e-19)
(7.1625 2.86889 0)
(7.2375 2.86889 0)
(7.3125 2.86889 0)
(7.3875 2.86889 0)
(7.4625 2.86889 -1.92747e-19)
(7.5375 2.86889 0)
(7.6125 2.86889 0)
(7.6875 2.86889 0)
(7.7625 2.86889 0)
(7.8375 2.86889 -1.92747e-19)
(7.9125 2.86889 0)
(7.9875 2.86889 0)
(8.0625 2.86889 0)
(8.1375 2.86889 -1.92747e-19)
(8.2125 2.86889 0)
(8.2875 2.86889 0)
(8.3625 2.86889 0)
(8.4375 2.86889 0)
(8.5125 2.86889 -1.92747e-19)
(8.5875 2.86889 0)
(8.6625 2.86889 0)
(8.7375 2.86889 0)
(8.8125 2.86889 0)
(8.8875 2.86889 -1.92747e-19)
(8.9625 2.86889 0)
(0.0375 2.87866 0)
(0.1125 2.87866 0)
(0.1875 2.87866 0)
(0.2625 2.87866 1.92747e-19)
(0.3375 2.87866 0)
(0.4125 2.87866 0)
(0.4875 2.87866 0)
(0.5625 2.87866 0)
(0.6375 2.87866 0)
(0.7125 2.87866 4.11445e-18)
(0.7875 2.87866 2.1536e-18)
(0.8625 2.87866 0)
(0.9375 2.87866 0)
(1.0125 2.87866 0)
(1.0875 2.87866 6.26806e-18)
(1.1625 2.87866 0)
(1.2375 2.87866 6.26806e-18)
(1.3125 2.87866 0)
(1.3875 2.87866 0)
(1.4625 2.87866 6.26806e-18)
(1.5375 2.87866 0)
(1.6125 2.87866 0)
(1.6875 2.87866 0)
(1.7625 2.87866 0)
(1.8375 2.87866 6.26806e-18)
(1.9125 2.87866 0)
(1.9875 2.87866 0)
(2.0625 2.87866 0)
(2.1375 2.87866 -4.11445e-18)
(2.2125 2.87866 0)
(2.2875 2.87866 0)
(2.3625 2.87866 0)
(2.4375 2.87866 0)
(2.5125 2.87866 -4.11445e-18)
(2.5875 2.87866 0)
(2.6625 2.87866 0)
(2.7375 2.87866 0)
(2.8125 2.87866 0)
(2.8875 2.87866 0)
(2.9625 2.87866 -4.11445e-18)
(3.0375 2.87866 0)
(3.1125 2.87866 0)
(3.1875 2.87866 0)
(3.2625 2.87866 0)
(3.3375 2.87866 -4.11445e-18)
(3.4125 2.87866 0)
(3.4875 2.87866 0)
(3.5625 2.87866 0)
(3.6375 2.87866 0)
(3.7125 2.87866 -4.11445e-18)
(3.7875 2.87866 0)
(3.8625 2.87866 0)
(3.9375 2.87866 0)
(4.0125 2.87866 -4.11445e-18)
(4.0875 2.87866 -4.11445e-18)
(4.1625 2.87866 0)
(4.2375 2.87866 -4.11445e-18)
(4.3125 2.87866 0)
(4.3875 2.87866 0)
(4.4625 2.87866 -4.11445e-18)
(4.5375 2.87866 0)
(4.6125 2.87866 -4.11445e-18)
(4.6875 2.87866 0)
(4.7625 2.87866 0)
(4.8375 2.87866 -4.11445e-18)
(4.9125 2.87866 0)
(4.9875 2.87866 -4.11445e-18)
(5.0625 2.87866 0)
(5.1375 2.87866 0)
(5.2125 2.87866 -4.11445e-18)
(5.2875 2.87866 0)
(5.3625 2.87866 0)
(5.4375 2.87866 0)
(5.5125 2.87866 0)
(5.5875 2.87866 -4.11445e-18)
(5.6625 2.87866 0)
(5.7375 2.87866 0)
(5.8125 2.87866 0)
(5.8875 2.87866 0)
(5.9625 2.87866 -4.11445e-18)
(6.0375 2.87866 0)
(6.1125 2.87866 0)
(6.1875 2.87866 0)
(6.2625 2.87866 0)
(6.3375 2.87866 -4.11445e-18)
(6.4125 2.87866 0)
(6.4875 2.87866 0)
(6.5625 2.87866 0)
(6.6375 2.87866 0)
(6.7125 2.87866 -4.11445e-18)
(6.7875 2.87866 0)
(6.8625 2.87866 0)
(6.9375 2.87866 0)
(7.0125 2.87866 0)
(7.0875 2.87866 -4.11445e-18)
(7.1625 2.87866 0)
(7.2375 2.87866 0)
(7.3125 2.87866 0)
(7.3875 2.87866 0)
(7.4625 2.87866 -4.11445e-18)
(7.5375 2.87866 0)
(7.6125 2.87866 0)
(7.6875 2.87866 0)
(7.7625 2.87866 0)
(7.8375 2.87866 -4.11445e-18)
(7.9125 2.87866 0)
(7.9875 2.87866 0)
(8.0625 2.87866 0)
(8.1375 2.87866 1.92747e-19)
(8.2125 2.87866 0)
(8.2875 2.87866 0)
(8.3625 2.87866 0)
(8.4375 2.87866 0)
(8.5125 2.87866 1.92747e-19)
(8.5875 2.87866 0)
(8.6625 2.87866 0)
(8.7375 2.87866 0)
(8.8125 2.87866 0)
(8.8875 2.87866 1.92747e-19)
(8.9625 2.87866 0)
(0.0375 2.88809 0)
(0.1125 2.88809 0)
(0.1875 2.88809 0)
(0.2625 2.88809 -6.2908e-18)
(0.3375 2.88809 -2.22543e-18)
(0.4125 2.88809 -2.22543e-18)
(0.4875 2.88809 -4.45087e-18)
(0.5625 2.88809 0)
(0.6375 2.88809 0)
(0.7125 2.88809 -1.92747e-19)
(0.7875 2.88809 0)
(0.8625 2.88809 -2.22543e-18)
(0.9375 2.88809 0)
(1.0125 2.88809 0)
(1.0875 2.88809 -1.92747e-19)
(1.1625 2.88809 0)
(1.2375 2.88809 -1.92747e-19)
(1.3125 2.88809 0)
(1.3875 2.88809 0)
(1.4625 2.88809 -1.92747e-19)
(1.5375 2.88809 0)
(1.6125 2.88809 0)
(1.6875 2.88809 0)
(1.7625 2.88809 0)
(1.8375 2.88809 -1.92747e-19)
(1.9125 2.88809 0)
(1.9875 2.88809 0)
(2.0625 2.88809 0)
(2.1375 2.88809 -2.22543e-18)
(2.2125 2.88809 0)
(2.2875 2.88809 0)
(2.3625 2.88809 0)
(2.4375 2.88809 0)
(2.5125 2.88809 -2.22543e-18)
(2.5875 2.88809 0)
(2.6625 2.88809 0)
(2.7375 2.88809 0)
(2.8125 2.88809 0)
(2.8875 2.88809 0)
(2.9625 2.88809 -4.25812e-18)
(3.0375 2.88809 0)
(3.1125 2.88809 0)
(3.1875 2.88809 0)
(3.2625 2.88809 0)
(3.3375 2.88809 -4.25812e-18)
(3.4125 2.88809 0)
(3.4875 2.88809 0)
(3.5625 2.88809 0)
(3.6375 2.88809 0)
(3.7125 2.88809 -4.25812e-18)
(3.7875 2.88809 0)
(3.8625 2.88809 0)
(3.9375 2.88809 0)
(4.0125 2.88809 -2.22543e-18)
(4.0875 2.88809 -4.25812e-18)
(4.1625 2.88809 0)
(4.2375 2.88809 -4.25812e-18)
(4.3125 2.88809 0)
(4.3875 2.88809 0)
(4.4625 2.88809 -4.25812e-18)
(4.5375 2.88809 0)
(4.6125 2.88809 -4.25812e-18)
(4.6875 2.88809 0)
(4.7625 2.88809 0)
(4.8375 2.88809 -4.25812e-18)
(4.9125 2.88809 0)
(4.9875 2.88809 -4.25812e-18)
(5.0625 2.88809 0)
(5.1375 2.88809 0)
(5.2125 2.88809 -4.25812e-18)
(5.2875 2.88809 0)
(5.3625 2.88809 0)
(5.4375 2.88809 0)
(5.5125 2.88809 0)
(5.5875 2.88809 -4.25812e-18)
(5.6625 2.88809 0)
(5.7375 2.88809 0)
(5.8125 2.88809 0)
(5.8875 2.88809 0)
(5.9625 2.88809 -4.25812e-18)
(6.0375 2.88809 0)
(6.1125 2.88809 0)
(6.1875 2.88809 0)
(6.2625 2.88809 0)
(6.3375 2.88809 -4.25812e-18)
(6.4125 2.88809 0)
(6.4875 2.88809 0)
(6.5625 2.88809 0)
(6.6375 2.88809 0)
(6.7125 2.88809 -4.25812e-18)
(6.7875 2.88809 0)
(6.8625 2.88809 0)
(6.9375 2.88809 0)
(7.0125 2.88809 0)
(7.0875 2.88809 -4.25812e-18)
(7.1625 2.88809 0)
(7.2375 2.88809 0)
(7.3125 2.88809 0)
(7.3875 2.88809 0)
(7.4625 2.88809 -4.25812e-18)
(7.5375 2.88809 0)
(7.6125 2.88809 0)
(7.6875 2.88809 0)
(7.7625 2.88809 0)
(7.8375 2.88809 -4.25812e-18)
(7.9125 2.88809 0)
(7.9875 2.88809 0)
(8.0625 2.88809 0)
(8.1375 2.88809 0)
(8.2125 2.88809 0)
(8.2875 2.88809 0)
(8.3625 2.88809 0)
(8.4375 2.88809 0)
(8.5125 2.88809 0)
(8.5875 2.88809 0)
(8.6625 2.88809 0)
(8.7375 2.88809 0)
(8.8125 2.88809 0)
(8.8875 2.88809 0)
(8.9625 2.88809 0)
(0.0375 2.89719 4.40704e-18)
(0.1125 2.89719 0)
(0.1875 2.89719 0)
(0.2625 2.89719 0)
(0.3375 2.89719 2.10715e-18)
(0.4125 2.89719 -4.40704e-18)
(0.4875 2.89719 -2.2999e-18)
(0.5625 2.89719 2.2999e-18)
(0.6375 2.89719 0)
(0.7125 2.89719 2.10715e-18)
(0.7875 2.89719 2.2999e-18)
(0.8625 2.89719 0)
(0.9375 2.89719 2.2999e-18)
(1.0125 2.89719 0)
(1.0875 2.89719 2.10715e-18)
(1.1625 2.89719 0)
(1.2375 2.89719 2.10715e-18)
(1.3125 2.89719 2.2999e-18)
(1.3875 2.89719 0)
(1.4625 2.89719 2.10715e-18)
(1.5375 2.89719 0)
(1.6125 2.89719 0)
(1.6875 2.89719 2.2999e-18)
(1.7625 2.89719 0)
(1.8375 2.89719 2.10715e-18)
(1.9125 2.89719 0)
(1.9875 2.89719 0)
(2.0625 2.89719 2.2999e-18)
(2.1375 2.89719 -1.92747e-19)
(2.2125 2.89719 2.2999e-18)
(2.2875 2.89719 2.2999e-18)
(2.3625 2.89719 0)
(2.4375 2.89719 2.2999e-18)
(2.5125 2.89719 -1.92747e-19)
(2.5875 2.89719 2.2999e-18)
(2.6625 2.89719 2.2999e-18)
(2.7375 2.89719 0)
(2.8125 2.89719 2.2999e-18)
(2.8875 2.89719 0)
(2.9625 2.89719 4.59979e-18)
(3.0375 2.89719 -2.10715e-18)
(3.1125 2.89719 0)
(3.1875 2.89719 2.2999e-18)
(3.2625 2.89719 0)
(3.3375 2.89719 4.59979e-18)
(3.4125 2.89719 -2.10715e-18)
(3.4875 2.89719 0)
(3.5625 2.89719 2.2999e-18)
(3.6375 2.89719 0)
(3.7125 2.89719 4.59979e-18)
(3.7875 2.89719 -2.10715e-18)
(3.8625 2.89719 0)
(3.9375 2.89719 2.2999e-18)
(4.0125 2.89719 -1.92747e-19)
(4.0875 2.89719 1.92747e-19)
(4.1625 2.89719 0)
(4.2375 2.89719 1.92747e-19)
(4.3125 2.89719 -4.59979e-18)
(4.3875 2.89719 0)
(4.4625 2.89719 1.92747e-19)
(4.5375 2.89719 0)
(4.6125 2.89719 1.92747e-19)
(4.6875 2.89719 -4.59979e-18)
(4.7625 2.89719 0)
(4.8375 2.89719 1.92747e-19)
(4.9125 2.89719 0)
(4.9875 2.89719 1.92747e-19)
(5.0625 2.89719 -4.59979e-18)
(5.1375 2.89719 0)
(5.2125 2.89719 1.92747e-19)
(5.2875 2.89719 0)
(5.3625 2.89719 0)
(5.4375 2.89719 -4.59979e-18)
(5.5125 2.89719 0)
(5.5875 2.89719 1.92747e-19)
(5.6625 2.89719 0)
(5.7375 2.89719 0)
(5.8125 2.89719 -4.59979e-18)
(5.8875 2.89719 0)
(5.9625 2.89719 1.92747e-19)
(6.0375 2.89719 0)
(6.1125 2.89719 0)
(6.1875 2.89719 -4.59979e-18)
(6.2625 2.89719 0)
(6.3375 2.89719 1.92747e-19)
(6.4125 2.89719 0)
(6.4875 2.89719 0)
(6.5625 2.89719 -4.59979e-18)
(6.6375 2.89719 0)
(6.7125 2.89719 1.92747e-19)
(6.7875 2.89719 0)
(6.8625 2.89719 0)
(6.9375 2.89719 -4.59979e-18)
(7.0125 2.89719 0)
(7.0875 2.89719 1.92747e-19)
(7.1625 2.89719 0)
(7.2375 2.89719 0)
(7.3125 2.89719 -4.59979e-18)
(7.3875 2.89719 0)
(7.4625 2.89719 1.92747e-19)
(7.5375 2.89719 0)
(7.6125 2.89719 0)
(7.6875 2.89719 -4.59979e-18)
(7.7625 2.89719 0)
(7.8375 2.89719 1.92747e-19)
(7.9125 2.89719 0)
(7.9875 2.89719 0)
(8.0625 2.89719 -4.59979e-18)
(8.1375 2.89719 1.92747e-19)
(8.2125 2.89719 -4.59979e-18)
(8.2875 2.89719 -4.59979e-18)
(8.3625 2.89719 0)
(8.4375 2.89719 -4.59979e-18)
(8.5125 2.89719 1.92747e-19)
(8.5875 2.89719 -4.59979e-18)
(8.6625 2.89719 -4.59979e-18)
(8.7375 2.89719 0)
(8.8125 2.89719 -4.59979e-18)
(8.8875 2.89719 1.92747e-19)
(8.9625 2.89719 -4.59979e-18)
(0.0375 2.90596 0)
(0.1125 2.90596 1.92747e-19)
(0.1875 2.90596 0)
(0.2625 2.90596 -2.56983e-18)
(0.3375 2.90596 -6.93851e-18)
(0.4125 2.90596 0)
(0.4875 2.90596 0)
(0.5625 2.90596 0)
(0.6375 2.90596 0)
(0.7125 2.90596 0)
(0.7875 2.90596 0)
(0.8625 2.90596 0)
(0.9375 2.90596 0)
(1.0125 2.90596 0)
(1.0875 2.90596 0)
(1.1625 2.90596 0)
(1.2375 2.90596 0)
(1.3125 2.90596 0)
(1.3875 2.90596 0)
(1.4625 2.90596 0)
(1.5375 2.90596 0)
(1.6125 2.90596 0)
(1.6875 2.90596 0)
(1.7625 2.90596 0)
(1.8375 2.90596 0)
(1.9125 2.90596 0)
(1.9875 2.90596 0)
(2.0625 2.90596 0)
(2.1375 2.90596 0)
(2.2125 2.90596 0)
(2.2875 2.90596 0)
(2.3625 2.90596 0)
(2.4375 2.90596 0)
(2.5125 2.90596 0)
(2.5875 2.90596 0)
(2.6625 2.90596 0)
(2.7375 2.90596 0)
(2.8125 2.90596 0)
(2.8875 2.90596 0)
(2.9625 2.90596 -1.92747e-19)
(3.0375 2.90596 0)
(3.1125 2.90596 0)
(3.1875 2.90596 0)
(3.2625 2.90596 0)
(3.3375 2.90596 -1.92747e-19)
(3.4125 2.90596 0)
(3.4875 2.90596 0)
(3.5625 2.90596 0)
(3.6375 2.90596 0)
(3.7125 2.90596 -1.92747e-19)
(3.7875 2.90596 0)
(3.8625 2.90596 0)
(3.9375 2.90596 0)
(4.0125 2.90596 0)
(4.0875 2.90596 -1.92747e-19)
(4.1625 2.90596 0)
(4.2375 2.90596 -1.92747e-19)
(4.3125 2.90596 0)
(4.3875 2.90596 0)
(4.4625 2.90596 -1.92747e-19)
(4.5375 2.90596 0)
(4.6125 2.90596 -1.92747e-19)
(4.6875 2.90596 0)
(4.7625 2.90596 0)
(4.8375 2.90596 -1.92747e-19)
(4.9125 2.90596 0)
(4.9875 2.90596 -1.92747e-19)
(5.0625 2.90596 0)
(5.1375 2.90596 0)
(5.2125 2.90596 -1.92747e-19)
(5.2875 2.90596 0)
(5.3625 2.90596 0)
(5.4375 2.90596 0)
(5.5125 2.90596 0)
(5.5875 2.90596 -1.92747e-19)
(5.6625 2.90596 0)
(5.7375 2.90596 0)
(5.8125 2.90596 0)
(5.8875 2.90596 0)
(5.9625 2.90596 -1.92747e-19)
(6.0375 2.90596 0)
(6.1125 2.90596 0)
(6.1875 2.90596 0)
(6.2625 2.90596 0)
(6.3375 2.90596 -1.92747e-19)
(6.4125 2.90596 0)
(6.4875 2.90596 0)
(6.5625 2.90596 0)
(6.6375 2.90596 0)
(6.7125 2.90596 -1.92747e-19)
(6.7875 2.90596 0)
(6.8625 2.90596 0)
(6.9375 2.90596 0)
(7.0125 2.90596 0)
(7.0875 2.90596 -1.92747e-19)
(7.1625 2.90596 0)
(7.2375 2.90596 0)
(7.3125 2.90596 0)
(7.3875 2.90596 0)
(7.4625 2.90596 -1.92747e-19)
(7.5375 2.90596 0)
(7.6125 2.90596 0)
(7.6875 2.90596 0)
(7.7625 2.90596 0)
(7.8375 2.90596 -1.92747e-19)
(7.9125 2.90596 0)
(7.9875 2.90596 0)
(8.0625 2.90596 0)
(8.1375 2.90596 0)
(8.2125 2.90596 0)
(8.2875 2.90596 0)
(8.3625 2.90596 0)
(8.4375 2.90596 0)
(8.5125 2.90596 0)
(8.5875 2.90596 0)
(8.6625 2.90596 0)
(8.7375 2.90596 0)
(8.8125 2.90596 0)
(8.8875 2.90596 0)
(8.9625 2.90596 0)
(0.0375 2.91443 6.88945e-18)
(0.1125 2.91443 0)
(0.1875 2.91443 0)
(0.2625 2.91443 0)
(0.3375 2.91443 -2.45711e-18)
(0.4125 2.91443 2.45711e-18)
(0.4875 2.91443 0)
(0.5625 2.91443 0)
(0.6375 2.91443 1.92747e-19)
(0.7125 2.91443 4.91421e-18)
(0.7875 2.91443 0)
(0.8625 2.91443 0)
(0.9375 2.91443 0)
(1.0125 2.91443 1.92747e-19)
(1.0875 2.91443 4.91421e-18)
(1.1625 2.91443 2.26436e-18)
(1.2375 2.91443 4.91421e-18)
(1.3125 2.91443 -2.45711e-18)
(1.3875 2.91443 2.26436e-18)
(1.4625 2.91443 4.91421e-18)
(1.5375 2.91443 2.26436e-18)
(1.6125 2.91443 2.26436e-18)
(1.6875 2.91443 -2.45711e-18)
(1.7625 2.91443 2.26436e-18)
(1.8375 2.91443 4.91421e-18)
(1.9125 2.91443 2.26436e-18)
(1.9875 2.91443 2.26436e-18)
(2.0625 2.91443 -2.45711e-18)
(2.1375 2.91443 2.45711e-18)
(2.2125 2.91443 -2.45711e-18)
(2.2875 2.91443 -2.45711e-18)
(2.3625 2.91443 2.45711e-18)
(2.4375 2.91443 -2.45711e-18)
(2.5125 2.91443 2.45711e-18)
(2.5875 2.91443 -2.45711e-18)
(2.6625 2.91443 -2.45711e-18)
(2.7375 2.91443 2.45711e-18)
(2.8125 2.91443 -2.45711e-18)
(2.8875 2.91443 2.45711e-18)
(2.9625 2.91443 0)
(3.0375 2.91443 -2.45711e-18)
(3.1125 2.91443 2.45711e-18)
(3.1875 2.91443 -2.45711e-18)
(3.2625 2.91443 2.45711e-18)
(3.3375 2.91443 0)
(3.4125 2.91443 -2.45711e-18)
(3.4875 2.91443 2.45711e-18)
(3.5625 2.91443 -2.45711e-18)
(3.6375 2.91443 2.45711e-18)
(3.7125 2.91443 0)
(3.7875 2.91443 -2.45711e-18)
(3.8625 2.91443 2.45711e-18)
(3.9375 2.91443 -2.45711e-18)
(4.0125 2.91443 2.45711e-18)
(4.0875 2.91443 0)
(4.1625 2.91443 0)
(4.2375 2.91443 0)
(4.3125 2.91443 0)
(4.3875 2.91443 0)
(4.4625 2.91443 0)
(4.5375 2.91443 0)
(4.6125 2.91443 0)
(4.6875 2.91443 0)
(4.7625 2.91443 0)
(4.8375 2.91443 0)
(4.9125 2.91443 0)
(4.9875 2.91443 0)
(5.0625 2.91443 0)
(5.1375 2.91443 0)
(5.2125 2.91443 0)
(5.2875 2.91443 0)
(5.3625 2.91443 0)
(5.4375 2.91443 0)
(5.5125 2.91443 0)
(5.5875 2.91443 0)
(5.6625 2.91443 0)
(5.7375 2.91443 0)
(5.8125 2.91443 0)
(5.8875 2.91443 0)
(5.9625 2.91443 0)
(6.0375 2.91443 0)
(6.1125 2.91443 0)
(6.1875 2.91443 0)
(6.2625 2.91443 0)
(6.3375 2.91443 0)
(6.4125 2.91443 0)
(6.4875 2.91443 0)
(6.5625 2.91443 0)
(6.6375 2.91443 0)
(6.7125 2.91443 0)
(6.7875 2.91443 0)
(6.8625 2.91443 0)
(6.9375 2.91443 0)
(7.0125 2.91443 0)
(7.0875 2.91443 0)
(7.1625 2.91443 0)
(7.2375 2.91443 0)
(7.3125 2.91443 0)
(7.3875 2.91443 0)
(7.4625 2.91443 0)
(7.5375 2.91443 0)
(7.6125 2.91443 0)
(7.6875 2.91443 0)
(7.7625 2.91443 0)
(7.8375 2.91443 0)
(7.9125 2.91443 0)
(7.9875 2.91443 0)
(8.0625 2.91443 0)
(8.1375 2.91443 0)
(8.2125 2.91443 0)
(8.2875 2.91443 0)
(8.3625 2.91443 0)
(8.4375 2.91443 0)
(8.5125 2.91443 0)
(8.5875 2.91443 0)
(8.6625 2.91443 0)
(8.7375 2.91443 0)
(8.8125 2.91443 0)
(8.8875 2.91443 0)
(8.9625 2.91443 0)
(0.0375 2.92259 0)
(0.1125 2.92259 2.54006e-18)
(0.1875 2.92259 2.54006e-18)
(0.2625 2.92259 7.42742e-18)
(0.3375 2.92259 0)
(0.4125 2.92259 0)
(0.4875 2.92259 0)
(0.5625 2.92259 7.42742e-18)
(0.6375 2.92259 0)
(0.7125 2.92259 0)
(0.7875 2.92259 7.42742e-18)
(0.8625 2.92259 -1.92747e-19)
(0.9375 2.92259 7.42742e-18)
(1.0125 2.92259 0)
(1.0875 2.92259 0)
(1.1625 2.92259 0)
(1.2375 2.92259 0)
(1.3125 2.92259 0)
(1.3875 2.92259 0)
(1.4625 2.92259 0)
(1.5375 2.92259 0)
(1.6125 2.92259 0)
(1.6875 2.92259 0)
(1.7625 2.92259 0)
(1.8375 2.92259 0)
(1.9125 2.92259 0)
(1.9875 2.92259 0)
(2.0625 2.92259 0)
(2.1375 2.92259 0)
(2.2125 2.92259 0)
(2.2875 2.92259 0)
(2.3625 2.92259 0)
(2.4375 2.92259 0)
(2.5125 2.92259 0)
(2.5875 2.92259 0)
(2.6625 2.92259 0)
(2.7375 2.92259 0)
(2.8125 2.92259 0)
(2.8875 2.92259 0)
(2.9625 2.92259 2.54006e-18)
(3.0375 2.92259 -2.34731e-18)
(3.1125 2.92259 0)
(3.1875 2.92259 0)
(3.2625 2.92259 0)
(3.3375 2.92259 2.54006e-18)
(3.4125 2.92259 -2.34731e-18)
(3.4875 2.92259 0)
(3.5625 2.92259 0)
(3.6375 2.92259 0)
(3.7125 2.92259 2.54006e-18)
(3.7875 2.92259 -2.34731e-18)
(3.8625 2.92259 0)
(3.9375 2.92259 0)
(4.0125 2.92259 0)
(4.0875 2.92259 0)
(4.1625 2.92259 0)
(4.2375 2.92259 0)
(4.3125 2.92259 0)
(4.3875 2.92259 -1.92747e-19)
(4.4625 2.92259 0)
(4.5375 2.92259 0)
(4.6125 2.92259 0)
(4.6875 2.92259 0)
(4.7625 2.92259 -1.92747e-19)
(4.8375 2.92259 0)
(4.9125 2.92259 0)
(4.9875 2.92259 0)
(5.0625 2.92259 0)
(5.1375 2.92259 -1.92747e-19)
(5.2125 2.92259 0)
(5.2875 2.92259 0)
(5.3625 2.92259 -1.92747e-19)
(5.4375 2.92259 0)
(5.5125 2.92259 -1.92747e-19)
(5.5875 2.92259 0)
(5.6625 2.92259 0)
(5.7375 2.92259 -1.92747e-19)
(5.8125 2.92259 0)
(5.8875 2.92259 -1.92747e-19)
(5.9625 2.92259 0)
(6.0375 2.92259 0)
(6.1125 2.92259 -1.92747e-19)
(6.1875 2.92259 0)
(6.2625 2.92259 -1.92747e-19)
(6.3375 2.92259 0)
(6.4125 2.92259 0)
(6.4875 2.92259 -1.92747e-19)
(6.5625 2.92259 0)
(6.6375 2.92259 -1.92747e-19)
(6.7125 2.92259 0)
(6.7875 2.92259 0)
(6.8625 2.92259 -1.92747e-19)
(6.9375 2.92259 0)
(7.0125 2.92259 -1.92747e-19)
(7.0875 2.92259 0)
(7.1625 2.92259 0)
(7.2375 2.92259 -1.92747e-19)
(7.3125 2.92259 0)
(7.3875 2.92259 -1.92747e-19)
(7.4625 2.92259 0)
(7.5375 2.92259 0)
(7.6125 2.92259 -1.92747e-19)
(7.6875 2.92259 0)
(7.7625 2.92259 -1.92747e-19)
(7.8375 2.92259 0)
(7.9125 2.92259 0)
(7.9875 2.92259 -1.92747e-19)
(8.0625 2.92259 0)
(8.1375 2.92259 5.08011e-18)
(8.2125 2.92259 0)
(8.2875 2.92259 0)
(8.3625 2.92259 0)
(8.4375 2.92259 0)
(8.5125 2.92259 5.08011e-18)
(8.5875 2.92259 0)
(8.6625 2.92259 0)
(8.7375 2.92259 0)
(8.8125 2.92259 0)
(8.8875 2.92259 5.08011e-18)
(8.9625 2.92259 0)
(0.0375 2.93047 -2.62604e-18)
(0.1125 2.93047 1.92747e-19)
(0.1875 2.93047 0)
(0.2625 2.93047 0)
(0.3375 2.93047 5.25209e-18)
(0.4125 2.93047 -5.25209e-18)
(0.4875 2.93047 0)
(0.5625 2.93047 0)
(0.6375 2.93047 0)
(0.7125 2.93047 0)
(0.7875 2.93047 0)
(0.8625 2.93047 1.92747e-19)
(0.9375 2.93047 0)
(1.0125 2.93047 0)
(1.0875 2.93047 0)
(1.1625 2.93047 1.92747e-19)
(1.2375 2.93047 0)
(1.3125 2.93047 1.92747e-19)
(1.3875 2.93047 1.92747e-19)
(1.4625 2.93047 0)
(1.5375 2.93047 1.92747e-19)
(1.6125 2.93047 1.92747e-19)
(1.6875 2.93047 1.92747e-19)
(1.7625 2.93047 1.92747e-19)
(1.8375 2.93047 0)
(1.9125 2.93047 1.92747e-19)
(1.9875 2.93047 1.92747e-19)
(2.0625 2.93047 1.92747e-19)
(2.1375 2.93047 5.44484e-18)
(2.2125 2.93047 1.92747e-19)
(2.2875 2.93047 1.92747e-19)
(2.3625 2.93047 0)
(2.4375 2.93047 1.92747e-19)
(2.5125 2.93047 5.44484e-18)
(2.5875 2.93047 1.92747e-19)
(2.6625 2.93047 1.92747e-19)
(2.7375 2.93047 0)
(2.8125 2.93047 1.92747e-19)
(2.8875 2.93047 0)
(2.9625 2.93047 1.92747e-19)
(3.0375 2.93047 1.92747e-19)
(3.1125 2.93047 0)
(3.1875 2.93047 1.92747e-19)
(3.2625 2.93047 0)
(3.3375 2.93047 1.92747e-19)
(3.4125 2.93047 1.92747e-19)
(3.4875 2.93047 0)
(3.5625 2.93047 1.92747e-19)
(3.6375 2.93047 0)
(3.7125 2.93047 1.92747e-19)
(3.7875 2.93047 1.92747e-19)
(3.8625 2.93047 0)
(3.9375 2.93047 1.92747e-19)
(4.0125 2.93047 5.44484e-18)
(4.0875 2.93047 1.92747e-19)
(4.1625 2.93047 0)
(4.2375 2.93047 1.92747e-19)
(4.3125 2.93047 -2.62604e-18)
(4.3875 2.93047 0)
(4.4625 2.93047 1.92747e-19)
(4.5375 2.93047 0)
(4.6125 2.93047 1.92747e-19)
(4.6875 2.93047 -2.62604e-18)
(4.7625 2.93047 0)
(4.8375 2.93047 1.92747e-19)
(4.9125 2.93047 0)
(4.9875 2.93047 1.92747e-19)
(5.0625 2.93047 -2.62604e-18)
(5.1375 2.93047 0)
(5.2125 2.93047 1.92747e-19)
(5.2875 2.93047 0)
(5.3625 2.93047 0)
(5.4375 2.93047 -2.62604e-18)
(5.5125 2.93047 0)
(5.5875 2.93047 1.92747e-19)
(5.6625 2.93047 0)
(5.7375 2.93047 0)
(5.8125 2.93047 -2.62604e-18)
(5.8875 2.93047 0)
(5.9625 2.93047 1.92747e-19)
(6.0375 2.93047 0)
(6.1125 2.93047 0)
(6.1875 2.93047 -2.62604e-18)
(6.2625 2.93047 0)
(6.3375 2.93047 1.92747e-19)
(6.4125 2.93047 0)
(6.4875 2.93047 0)
(6.5625 2.93047 -2.62604e-18)
(6.6375 2.93047 0)
(6.7125 2.93047 1.92747e-19)
(6.7875 2.93047 0)
(6.8625 2.93047 0)
(6.9375 2.93047 -2.62604e-18)
(7.0125 2.93047 0)
(7.0875 2.93047 1.92747e-19)
(7.1625 2.93047 0)
(7.2375 2.93047 0)
(7.3125 2.93047 -2.62604e-18)
(7.3875 2.93047 0)
(7.4625 2.93047 1.92747e-19)
(7.5375 2.93047 0)
(7.6125 2.93047 0)
(7.6875 2.93047 -2.62604e-18)
(7.7625 2.93047 0)
(7.8375 2.93047 1.92747e-19)
(7.9125 2.93047 0)
(7.9875 2.93047 0)
(8.0625 2.93047 -2.62604e-18)
(8.1375 2.93047 0)
(8.2125 2.93047 -2.62604e-18)
(8.2875 2.93047 -2.62604e-18)
(8.3625 2.93047 -5.25209e-18)
(8.4375 2.93047 -2.62604e-18)
(8.5125 2.93047 0)
(8.5875 2.93047 -2.62604e-18)
(8.6625 2.93047 -2.62604e-18)
(8.7375 2.93047 -5.25209e-18)
(8.8125 2.93047 -2.62604e-18)
(8.8875 2.93047 0)
(8.9625 2.93047 -2.62604e-18)
(0.0375 2.93807 0)
(0.1125 2.93807 0)
(0.1875 2.93807 0)
(0.2625 2.93807 0)
(0.3375 2.93807 1.92747e-19)
(0.4125 2.93807 0)
(0.4875 2.93807 0)
(0.5625 2.93807 0)
(0.6375 2.93807 1.92747e-19)
(0.7125 2.93807 2.71518e-18)
(0.7875 2.93807 0)
(0.8625 2.93807 5.43037e-18)
(0.9375 2.93807 0)
(1.0125 2.93807 1.92747e-19)
(1.0875 2.93807 2.71518e-18)
(1.1625 2.93807 0)
(1.2375 2.93807 2.71518e-18)
(1.3125 2.93807 0)
(1.3875 2.93807 0)
(1.4625 2.93807 2.71518e-18)
(1.5375 2.93807 0)
(1.6125 2.93807 0)
(1.6875 2.93807 0)
(1.7625 2.93807 0)
(1.8375 2.93807 2.71518e-18)
(1.9125 2.93807 0)
(1.9875 2.93807 0)
(2.0625 2.93807 0)
(2.1375 2.93807 0)
(2.2125 2.93807 0)
(2.2875 2.93807 0)
(2.3625 2.93807 -2.71518e-18)
(2.4375 2.93807 0)
(2.5125 2.93807 0)
(2.5875 2.93807 0)
(2.6625 2.93807 0)
(2.7375 2.93807 -2.71518e-18)
(2.8125 2.93807 0)
(2.8875 2.93807 -2.71518e-18)
(2.9625 2.93807 0)
(3.0375 2.93807 0)
(3.1125 2.93807 -2.71518e-18)
(3.1875 2.93807 0)
(3.2625 2.93807 -2.71518e-18)
(3.3375 2.93807 0)
(3.4125 2.93807 0)
(3.4875 2.93807 -2.71518e-18)
(3.5625 2.93807 0)
(3.6375 2.93807 -2.71518e-18)
(3.7125 2.93807 0)
(3.7875 2.93807 0)
(3.8625 2.93807 -2.71518e-18)
(3.9375 2.93807 0)
(4.0125 2.93807 0)
(4.0875 2.93807 0)
(4.1625 2.93807 0)
(4.2375 2.93807 0)
(4.3125 2.93807 0)
(4.3875 2.93807 0)
(4.4625 2.93807 0)
(4.5375 2.93807 0)
(4.6125 2.93807 0)
(4.6875 2.93807 0)
(4.7625 2.93807 0)
(4.8375 2.93807 0)
(4.9125 2.93807 0)
(4.9875 2.93807 0)
(5.0625 2.93807 0)
(5.1375 2.93807 0)
(5.2125 2.93807 0)
(5.2875 2.93807 0)
(5.3625 2.93807 0)
(5.4375 2.93807 0)
(5.5125 2.93807 0)
(5.5875 2.93807 0)
(5.6625 2.93807 0)
(5.7375 2.93807 0)
(5.8125 2.93807 0)
(5.8875 2.93807 0)
(5.9625 2.93807 0)
(6.0375 2.93807 0)
(6.1125 2.93807 0)
(6.1875 2.93807 0)
(6.2625 2.93807 0)
(6.3375 2.93807 0)
(6.4125 2.93807 0)
(6.4875 2.93807 0)
(6.5625 2.93807 0)
(6.6375 2.93807 0)
(6.7125 2.93807 0)
(6.7875 2.93807 0)
(6.8625 2.93807 0)
(6.9375 2.93807 0)
(7.0125 2.93807 0)
(7.0875 2.93807 0)
(7.1625 2.93807 0)
(7.2375 2.93807 0)
(7.3125 2.93807 0)
(7.3875 2.93807 0)
(7.4625 2.93807 0)
(7.5375 2.93807 0)
(7.6125 2.93807 0)
(7.6875 2.93807 0)
(7.7625 2.93807 0)
(7.8375 2.93807 0)
(7.9125 2.93807 0)
(7.9875 2.93807 0)
(8.0625 2.93807 0)
(8.1375 2.93807 0)
(8.2125 2.93807 0)
(8.2875 2.93807 0)
(8.3625 2.93807 0)
(8.4375 2.93807 0)
(8.5125 2.93807 0)
(8.5875 2.93807 0)
(8.6625 2.93807 0)
(8.7375 2.93807 0)
(8.8125 2.93807 0)
(8.8875 2.93807 0)
(8.9625 2.93807 0)
(0.0375 2.9454 0)
(0.1125 2.9454 -8.23002e-18)
(0.1875 2.9454 0)
(0.2625 2.9454 1.92747e-19)
(0.3375 2.9454 -2.80759e-18)
(0.4125 2.9454 2.80759e-18)
(0.4875 2.9454 0)
(0.5625 2.9454 0)
(0.6375 2.9454 0)
(0.7125 2.9454 0)
(0.7875 2.9454 0)
(0.8625 2.9454 0)
(0.9375 2.9454 0)
(1.0125 2.9454 0)
(1.0875 2.9454 0)
(1.1625 2.9454 0)
(1.2375 2.9454 0)
(1.3125 2.9454 0)
(1.3875 2.9454 0)
(1.4625 2.9454 0)
(1.5375 2.9454 0)
(1.6125 2.9454 0)
(1.6875 2.9454 0)
(1.7625 2.9454 0)
(1.8375 2.9454 0)
(1.9125 2.9454 0)
(1.9875 2.9454 0)
(2.0625 2.9454 0)
(2.1375 2.9454 5.80792e-18)
(2.2125 2.9454 0)
(2.2875 2.9454 0)
(2.3625 2.9454 5.42243e-18)
(2.4375 2.9454 0)
(2.5125 2.9454 5.80792e-18)
(2.5875 2.9454 0)
(2.6625 2.9454 0)
(2.7375 2.9454 5.42243e-18)
(2.8125 2.9454 0)
(2.8875 2.9454 5.42243e-18)
(2.9625 2.9454 0)
(3.0375 2.9454 0)
(3.1125 2.9454 5.42243e-18)
(3.1875 2.9454 0)
(3.2625 2.9454 5.42243e-18)
(3.3375 2.9454 0)
(3.4125 2.9454 0)
(3.4875 2.9454 5.42243e-18)
(3.5625 2.9454 0)
(3.6375 2.9454 5.42243e-18)
(3.7125 2.9454 0)
(3.7875 2.9454 0)
(3.8625 2.9454 5.42243e-18)
(3.9375 2.9454 0)
(4.0125 2.9454 5.80792e-18)
(4.0875 2.9454 0)
(4.1625 2.9454 0)
(4.2375 2.9454 0)
(4.3125 2.9454 0)
(4.3875 2.9454 0)
(4.4625 2.9454 0)
(4.5375 2.9454 0)
(4.6125 2.9454 0)
(4.6875 2.9454 0)
(4.7625 2.9454 0)
(4.8375 2.9454 0)
(4.9125 2.9454 0)
(4.9875 2.9454 0)
(5.0625 2.9454 0)
(5.1375 2.9454 0)
(5.2125 2.9454 0)
(5.2875 2.9454 0)
(5.3625 2.9454 0)
(5.4375 2.9454 0)
(5.5125 2.9454 0)
(5.5875 2.9454 0)
(5.6625 2.9454 0)
(5.7375 2.9454 0)
(5.8125 2.9454 0)
(5.8875 2.9454 0)
(5.9625 2.9454 0)
(6.0375 2.9454 0)
(6.1125 2.9454 0)
(6.1875 2.9454 0)
(6.2625 2.9454 0)
(6.3375 2.9454 0)
(6.4125 2.9454 0)
(6.4875 2.9454 0)
(6.5625 2.9454 0)
(6.6375 2.9454 0)
(6.7125 2.9454 0)
(6.7875 2.9454 0)
(6.8625 2.9454 0)
(6.9375 2.9454 0)
(7.0125 2.9454 0)
(7.0875 2.9454 0)
(7.1625 2.9454 0)
(7.2375 2.9454 0)
(7.3125 2.9454 0)
(7.3875 2.9454 0)
(7.4625 2.9454 0)
(7.5375 2.9454 0)
(7.6125 2.9454 0)
(7.6875 2.9454 0)
(7.7625 2.9454 0)
(7.8375 2.9454 0)
(7.9125 2.9454 0)
(7.9875 2.9454 0)
(8.0625 2.9454 0)
(8.1375 2.9454 2.80759e-18)
(8.2125 2.9454 0)
(8.2875 2.9454 0)
(8.3625 2.9454 0)
(8.4375 2.9454 0)
(8.5125 2.9454 2.80759e-18)
(8.5875 2.9454 0)
(8.6625 2.9454 0)
(8.7375 2.9454 0)
(8.8125 2.9454 0)
(8.8875 2.9454 2.80759e-18)
(8.9625 2.9454 0)
(0.0375 2.95247 9.63735e-20)
(0.1125 2.95247 -1.92747e-19)
(0.1875 2.95247 5.80675e-18)
(0.2625 2.95247 0)
(0.3375 2.95247 5.80675e-18)
(0.4125 2.95247 5.80675e-18)
(0.4875 2.95247 5.80675e-18)
(0.5625 2.95247 0)
(0.6375 2.95247 -2.90338e-18)
(0.7125 2.95247 1.92747e-19)
(0.7875 2.95247 0)
(0.8625 2.95247 -2.71063e-18)
(0.9375 2.95247 0)
(1.0125 2.95247 -2.90338e-18)
(1.0875 2.95247 0)
(1.1625 2.95247 0)
(1.2375 2.95247 0)
(1.3125 2.95247 1.92747e-19)
(1.3875 2.95247 -1.92747e-19)
(1.4625 2.95247 0)
(1.5375 2.95247 0)
(1.6125 2.95247 -1.92747e-19)
(1.6875 2.95247 1.92747e-19)
(1.7625 2.95247 -1.92747e-19)
(1.8375 2.95247 0)
(1.9125 2.95247 0)
(1.9875 2.95247 -1.92747e-19)
(2.0625 2.95247 1.92747e-19)
(2.1375 2.95247 -6.19225e-18)
(2.2125 2.95247 1.92747e-19)
(2.2875 2.95247 1.92747e-19)
(2.3625 2.95247 -6.19225e-18)
(2.4375 2.95247 1.92747e-19)
(2.5125 2.95247 -6.19225e-18)
(2.5875 2.95247 1.92747e-19)
(2.6625 2.95247 1.92747e-19)
(2.7375 2.95247 -6.19225e-18)
(2.8125 2.95247 1.92747e-19)
(2.8875 2.95247 -6.19225e-18)
(2.9625 2.95247 1.92747e-19)
(3.0375 2.95247 0)
(3.1125 2.95247 -6.19225e-18)
(3.1875 2.95247 1.92747e-19)
(3.2625 2.95247 -6.19225e-18)
(3.3375 2.95247 1.92747e-19)
(3.4125 2.95247 0)
(3.4875 2.95247 -6.19225e-18)
(3.5625 2.95247 1.92747e-19)
(3.6375 2.95247 -6.19225e-18)
(3.7125 2.95247 1.92747e-19)
(3.7875 2.95247 0)
(3.8625 2.95247 -6.19225e-18)
(3.9375 2.95247 1.92747e-19)
(4.0125 2.95247 -6.19225e-18)
(4.0875 2.95247 0)
(4.1625 2.95247 0)
(4.2375 2.95247 0)
(4.3125 2.95247 0)
(4.3875 2.95247 0)
(4.4625 2.95247 0)
(4.5375 2.95247 0)
(4.6125 2.95247 0)
(4.6875 2.95247 0)
(4.7625 2.95247 0)
(4.8375 2.95247 0)
(4.9125 2.95247 0)
(4.9875 2.95247 0)
(5.0625 2.95247 0)
(5.1375 2.95247 0)
(5.2125 2.95247 0)
(5.2875 2.95247 0)
(5.3625 2.95247 0)
(5.4375 2.95247 0)
(5.5125 2.95247 0)
(5.5875 2.95247 0)
(5.6625 2.95247 0)
(5.7375 2.95247 0)
(5.8125 2.95247 0)
(5.8875 2.95247 0)
(5.9625 2.95247 0)
(6.0375 2.95247 0)
(6.1125 2.95247 0)
(6.1875 2.95247 0)
(6.2625 2.95247 0)
(6.3375 2.95247 0)
(6.4125 2.95247 0)
(6.4875 2.95247 0)
(6.5625 2.95247 0)
(6.6375 2.95247 0)
(6.7125 2.95247 0)
(6.7875 2.95247 0)
(6.8625 2.95247 0)
(6.9375 2.95247 0)
(7.0125 2.95247 0)
(7.0875 2.95247 0)
(7.1625 2.95247 0)
(7.2375 2.95247 0)
(7.3125 2.95247 0)
(7.3875 2.95247 0)
(7.4625 2.95247 0)
(7.5375 2.95247 0)
(7.6125 2.95247 0)
(7.6875 2.95247 0)
(7.7625 2.95247 0)
(7.8375 2.95247 0)
(7.9125 2.95247 0)
(7.9875 2.95247 0)
(8.0625 2.95247 0)
(8.1375 2.95247 0)
(8.2125 2.95247 0)
(8.2875 2.95247 0)
(8.3625 2.95247 -3.09612e-18)
(8.4375 2.95247 0)
(8.5125 2.95247 0)
(8.5875 2.95247 0)
(8.6625 2.95247 0)
(8.7375 2.95247 -3.09612e-18)
(8.8125 2.95247 0)
(8.8875 2.95247 0)
(8.9625 2.95247 0)
(0.0375 2.95929 0)
(0.1125 2.95929 -6.00535e-18)
(0.1875 2.95929 0)
(0.2625 2.95929 1.79046e-18)
(0.3375 2.95929 0)
(0.4125 2.95929 0)
(0.4875 2.95929 0)
(0.5625 2.95929 0)
(0.6375 2.95929 0)
(0.7125 2.95929 0)
(0.7875 2.95929 0)
(0.8625 2.95929 0)
(0.9375 2.95929 0)
(1.0125 2.95929 0)
(1.0875 2.95929 0)
(1.1625 2.95929 0)
(1.2375 2.95929 0)
(1.3125 2.95929 0)
(1.3875 2.95929 0)
(1.4625 2.95929 0)
(1.5375 2.95929 0)
(1.6125 2.95929 0)
(1.6875 2.95929 0)
(1.7625 2.95929 0)
(1.8375 2.95929 0)
(1.9125 2.95929 0)
(1.9875 2.95929 0)
(2.0625 2.95929 0)
(2.1375 2.95929 0)
(2.2125 2.95929 0)
(2.2875 2.95929 0)
(2.3625 2.95929 1.21222e-18)
(2.4375 2.95929 0)
(2.5125 2.95929 0)
(2.5875 2.95929 0)
(2.6625 2.95929 0)
(2.7375 2.95929 1.21222e-18)
(2.8125 2.95929 0)
(2.8875 2.95929 1.21222e-18)
(2.9625 2.95929 0)
(3.0375 2.95929 0)
(3.1125 2.95929 1.21222e-18)
(3.1875 2.95929 0)
(3.2625 2.95929 1.21222e-18)
(3.3375 2.95929 0)
(3.4125 2.95929 0)
(3.4875 2.95929 1.21222e-18)
(3.5625 2.95929 0)
(3.6375 2.95929 1.21222e-18)
(3.7125 2.95929 0)
(3.7875 2.95929 0)
(3.8625 2.95929 1.21222e-18)
(3.9375 2.95929 0)
(4.0125 2.95929 0)
(4.0875 2.95929 0)
(4.1625 2.95929 1.92747e-19)
(4.2375 2.95929 0)
(4.3125 2.95929 0)
(4.3875 2.95929 1.92747e-19)
(4.4625 2.95929 0)
(4.5375 2.95929 1.92747e-19)
(4.6125 2.95929 0)
(4.6875 2.95929 0)
(4.7625 2.95929 1.92747e-19)
(4.8375 2.95929 0)
(4.9125 2.95929 1.92747e-19)
(4.9875 2.95929 0)
(5.0625 2.95929 0)
(5.1375 2.95929 1.92747e-19)
(5.2125 2.95929 0)
(5.2875 2.95929 1.92747e-19)
(5.3625 2.95929 1.92747e-19)
(5.4375 2.95929 0)
(5.5125 2.95929 1.92747e-19)
(5.5875 2.95929 0)
(5.6625 2.95929 1.92747e-19)
(5.7375 2.95929 1.92747e-19)
(5.8125 2.95929 0)
(5.8875 2.95929 1.92747e-19)
(5.9625 2.95929 0)
(6.0375 2.95929 1.92747e-19)
(6.1125 2.95929 1.92747e-19)
(6.1875 2.95929 0)
(6.2625 2.95929 1.92747e-19)
(6.3375 2.95929 0)
(6.4125 2.95929 1.92747e-19)
(6.4875 2.95929 1.92747e-19)
(6.5625 2.95929 0)
(6.6375 2.95929 1.92747e-19)
(6.7125 2.95929 0)
(6.7875 2.95929 1.92747e-19)
(6.8625 2.95929 1.92747e-19)
(6.9375 2.95929 0)
(7.0125 2.95929 1.92747e-19)
(7.0875 2.95929 0)
(7.1625 2.95929 1.92747e-19)
(7.2375 2.95929 1.92747e-19)
(7.3125 2.95929 0)
(7.3875 2.95929 1.92747e-19)
(7.4625 2.95929 0)
(7.5375 2.95929 1.92747e-19)
(7.6125 2.95929 1.92747e-19)
(7.6875 2.95929 0)
(7.7625 2.95929 1.92747e-19)
(7.8375 2.95929 0)
(7.9125 2.95929 1.92747e-19)
(7.9875 2.95929 1.92747e-19)
(8.0625 2.95929 0)
(8.1375 2.95929 1.40496e-18)
(8.2125 2.95929 0)
(8.2875 2.95929 0)
(8.3625 2.95929 0)
(8.4375 2.95929 0)
(8.5125 2.95929 1.40496e-18)
(8.5875 2.95929 0)
(8.6625 2.95929 0)
(8.7375 2.95929 0)
(8.8125 2.95929 0)
(8.8875 2.95929 1.40496e-18)
(8.9625 2.95929 0)
(0.0375 2.96587 0)
(0.1125 2.96587 -1.45643e-18)
(0.1875 2.96587 0)
(0.2625 2.96587 0)
(0.3375 2.96587 0)
(0.4125 2.96587 0)
(0.4875 2.96587 0)
(0.5625 2.96587 0)
(0.6375 2.96587 0)
(0.7125 2.96587 1.92747e-19)
(0.7875 2.96587 0)
(0.8625 2.96587 1.92747e-19)
(0.9375 2.96587 0)
(1.0125 2.96587 0)
(1.0875 2.96587 1.92747e-19)
(1.1625 2.96587 0)
(1.2375 2.96587 1.92747e-19)
(1.3125 2.96587 0)
(1.3875 2.96587 0)
(1.4625 2.96587 1.92747e-19)
(1.5375 2.96587 0)
(1.6125 2.96587 0)
(1.6875 2.96587 0)
(1.7625 2.96587 0)
(1.8375 2.96587 1.92747e-19)
(1.9125 2.96587 0)
(1.9875 2.96587 0)
(2.0625 2.96587 0)
(2.1375 2.96587 1.92747e-19)
(2.2125 2.96587 0)
(2.2875 2.96587 0)
(2.3625 2.96587 0)
(2.4375 2.96587 0)
(2.5125 2.96587 1.92747e-19)
(2.5875 2.96587 0)
(2.6625 2.96587 0)
(2.7375 2.96587 0)
(2.8125 2.96587 0)
(2.8875 2.96587 0)
(2.9625 2.96587 0)
(3.0375 2.96587 0)
(3.1125 2.96587 0)
(3.1875 2.96587 0)
(3.2625 2.96587 0)
(3.3375 2.96587 0)
(3.4125 2.96587 0)
(3.4875 2.96587 0)
(3.5625 2.96587 0)
(3.6375 2.96587 0)
(3.7125 2.96587 0)
(3.7875 2.96587 0)
(3.8625 2.96587 0)
(3.9375 2.96587 0)
(4.0125 2.96587 1.92747e-19)
(4.0875 2.96587 0)
(4.1625 2.96587 0)
(4.2375 2.96587 0)
(4.3125 2.96587 0)
(4.3875 2.96587 0)
(4.4625 2.96587 0)
(4.5375 2.96587 0)
(4.6125 2.96587 0)
(4.6875 2.96587 0)
(4.7625 2.96587 0)
(4.8375 2.96587 0)
(4.9125 2.96587 0)
(4.9875 2.96587 0)
(5.0625 2.96587 0)
(5.1375 2.96587 0)
(5.2125 2.96587 0)
(5.2875 2.96587 0)
(5.3625 2.96587 0)
(5.4375 2.96587 0)
(5.5125 2.96587 0)
(5.5875 2.96587 0)
(5.6625 2.96587 0)
(5.7375 2.96587 0)
(5.8125 2.96587 0)
(5.8875 2.96587 0)
(5.9625 2.96587 0)
(6.0375 2.96587 0)
(6.1125 2.96587 0)
(6.1875 2.96587 0)
(6.2625 2.96587 0)
(6.3375 2.96587 0)
(6.4125 2.96587 0)
(6.4875 2.96587 0)
(6.5625 2.96587 0)
(6.6375 2.96587 0)
(6.7125 2.96587 0)
(6.7875 2.96587 0)
(6.8625 2.96587 0)
(6.9375 2.96587 0)
(7.0125 2.96587 0)
(7.0875 2.96587 0)
(7.1625 2.96587 0)
(7.2375 2.96587 0)
(7.3125 2.96587 0)
(7.3875 2.96587 0)
(7.4625 2.96587 0)
(7.5375 2.96587 0)
(7.6125 2.96587 0)
(7.6875 2.96587 0)
(7.7625 2.96587 0)
(7.8375 2.96587 0)
(7.9125 2.96587 0)
(7.9875 2.96587 0)
(8.0625 2.96587 0)
(8.1375 2.96587 0)
(8.2125 2.96587 0)
(8.2875 2.96587 0)
(8.3625 2.96587 0)
(8.4375 2.96587 0)
(8.5125 2.96587 0)
(8.5875 2.96587 0)
(8.6625 2.96587 0)
(8.7375 2.96587 0)
(8.8125 2.96587 0)
(8.8875 2.96587 0)
(8.9625 2.96587 0)
(0.0375 2.97222 0)
(0.1125 2.97222 0)
(0.1875 2.97222 0)
(0.2625 2.97222 1.92747e-19)
(0.3375 2.97222 0)
(0.4125 2.97222 0)
(0.4875 2.97222 0)
(0.5625 2.97222 3.21232e-18)
(0.6375 2.97222 1.92747e-19)
(0.7125 2.97222 0)
(0.7875 2.97222 3.21232e-18)
(0.8625 2.97222 0)
(0.9375 2.97222 3.21232e-18)
(1.0125 2.97222 1.92747e-19)
(1.0875 2.97222 0)
(1.1625 2.97222 3.21232e-18)
(1.2375 2.97222 0)
(1.3125 2.97222 0)
(1.3875 2.97222 3.21232e-18)
(1.4625 2.97222 0)
(1.5375 2.97222 3.21232e-18)
(1.6125 2.97222 3.21232e-18)
(1.6875 2.97222 0)
(1.7625 2.97222 3.21232e-18)
(1.8375 2.97222 0)
(1.9125 2.97222 3.21232e-18)
(1.9875 2.97222 3.21232e-18)
(2.0625 2.97222 0)
(2.1375 2.97222 1.92747e-19)
(2.2125 2.97222 0)
(2.2875 2.97222 0)
(2.3625 2.97222 -4.7221e-18)
(2.4375 2.97222 0)
(2.5125 2.97222 1.92747e-19)
(2.5875 2.97222 0)
(2.6625 2.97222 0)
(2.7375 2.97222 -4.7221e-18)
(2.8125 2.97222 0)
(2.8875 2.97222 -4.7221e-18)
(2.9625 2.97222 -6.42464e-18)
(3.0375 2.97222 6.42464e-18)
(3.1125 2.97222 -4.7221e-18)
(3.1875 2.97222 0)
(3.2625 2.97222 -4.7221e-18)
(3.3375 2.97222 -6.42464e-18)
(3.4125 2.97222 6.42464e-18)
(3.4875 2.97222 -4.7221e-18)
(3.5625 2.97222 0)
(3.6375 2.97222 -4.7221e-18)
(3.7125 2.97222 -6.42464e-18)
(3.7875 2.97222 6.42464e-18)
(3.8625 2.97222 -4.7221e-18)
(3.9375 2.97222 0)
(4.0125 2.97222 1.92747e-19)
(4.0875 2.97222 -6.42464e-18)
(4.1625 2.97222 6.42464e-18)
(4.2375 2.97222 -6.42464e-18)
(4.3125 2.97222 0)
(4.3875 2.97222 0)
(4.4625 2.97222 -6.42464e-18)
(4.5375 2.97222 6.42464e-18)
(4.6125 2.97222 -6.42464e-18)
(4.6875 2.97222 0)
(4.7625 2.97222 0)
(4.8375 2.97222 -6.42464e-18)
(4.9125 2.97222 6.42464e-18)
(4.9875 2.97222 -6.42464e-18)
(5.0625 2.97222 0)
(5.1375 2.97222 0)
(5.2125 2.97222 -6.42464e-18)
(5.2875 2.97222 6.42464e-18)
(5.3625 2.97222 0)
(5.4375 2.97222 0)
(5.5125 2.97222 0)
(5.5875 2.97222 -6.42464e-18)
(5.6625 2.97222 6.42464e-18)
(5.7375 2.97222 0)
(5.8125 2.97222 0)
(5.8875 2.97222 0)
(5.9625 2.97222 -6.42464e-18)
(6.0375 2.97222 6.42464e-18)
(6.1125 2.97222 0)
(6.1875 2.97222 0)
(6.2625 2.97222 0)
(6.3375 2.97222 -6.42464e-18)
(6.4125 2.97222 6.42464e-18)
(6.4875 2.97222 0)
(6.5625 2.97222 0)
(6.6375 2.97222 0)
(6.7125 2.97222 -6.42464e-18)
(6.7875 2.97222 6.42464e-18)
(6.8625 2.97222 0)
(6.9375 2.97222 0)
(7.0125 2.97222 0)
(7.0875 2.97222 -6.42464e-18)
(7.1625 2.97222 6.42464e-18)
(7.2375 2.97222 0)
(7.3125 2.97222 0)
(7.3875 2.97222 0)
(7.4625 2.97222 -6.42464e-18)
(7.5375 2.97222 6.42464e-18)
(7.6125 2.97222 0)
(7.6875 2.97222 0)
(7.7625 2.97222 0)
(7.8375 2.97222 -6.42464e-18)
(7.9125 2.97222 6.42464e-18)
(7.9875 2.97222 0)
(8.0625 2.97222 0)
(8.1375 2.97222 4.91485e-18)
(8.2125 2.97222 0)
(8.2875 2.97222 0)
(8.3625 2.97222 4.91485e-18)
(8.4375 2.97222 0)
(8.5125 2.97222 4.91485e-18)
(8.5875 2.97222 0)
(8.6625 2.97222 0)
(8.7375 2.97222 4.91485e-18)
(8.8125 2.97222 0)
(8.8875 2.97222 4.91485e-18)
(8.9625 2.97222 0)
(0.0375 2.97834 0)
(0.1125 2.97834 0)
(0.1875 2.97834 -5.08077e-18)
(0.2625 2.97834 0)
(0.3375 2.97834 -5.08077e-18)
(0.4125 2.97834 -4.88803e-18)
(0.4875 2.97834 -4.88803e-18)
(0.5625 2.97834 0)
(0.6375 2.97834 0)
(0.7125 2.97834 -6.64587e-18)
(0.7875 2.97834 1.75784e-18)
(0.8625 2.97834 0)
(0.9375 2.97834 0)
(1.0125 2.97834 0)
(1.0875 2.97834 0)
(1.1625 2.97834 0)
(1.2375 2.97834 0)
(1.3125 2.97834 1.75784e-18)
(1.3875 2.97834 4.88803e-18)
(1.4625 2.97834 0)
(1.5375 2.97834 0)
(1.6125 2.97834 4.88803e-18)
(1.6875 2.97834 1.75784e-18)
(1.7625 2.97834 4.88803e-18)
(1.8375 2.97834 0)
(1.9125 2.97834 0)
(1.9875 2.97834 4.88803e-18)
(2.0625 2.97834 1.75784e-18)
(2.1375 2.97834 -6.64587e-18)
(2.2125 2.97834 1.75784e-18)
(2.2875 2.97834 1.75784e-18)
(2.3625 2.97834 0)
(2.4375 2.97834 1.75784e-18)
(2.5125 2.97834 -6.64587e-18)
(2.5875 2.97834 1.75784e-18)
(2.6625 2.97834 1.75784e-18)
(2.7375 2.97834 0)
(2.8125 2.97834 1.75784e-18)
(2.8875 2.97834 0)
(2.9625 2.97834 1.75784e-18)
(3.0375 2.97834 0)
(3.1125 2.97834 0)
(3.1875 2.97834 1.75784e-18)
(3.2625 2.97834 0)
(3.3375 2.97834 1.75784e-18)
(3.4125 2.97834 0)
(3.4875 2.97834 0)
(3.5625 2.97834 1.75784e-18)
(3.6375 2.97834 0)
(3.7125 2.97834 1.75784e-18)
(3.7875 2.97834 0)
(3.8625 2.97834 0)
(3.9375 2.97834 1.75784e-18)
(4.0125 2.97834 -6.64587e-18)
(4.0875 2.97834 1.75784e-18)
(4.1625 2.97834 0)
(4.2375 2.97834 1.75784e-18)
(4.3125 2.97834 -3.51568e-18)
(4.3875 2.97834 1.75784e-18)
(4.4625 2.97834 1.75784e-18)
(4.5375 2.97834 0)
(4.6125 2.97834 1.75784e-18)
(4.6875 2.97834 -3.51568e-18)
(4.7625 2.97834 1.75784e-18)
(4.8375 2.97834 1.75784e-18)
(4.9125 2.97834 0)
(4.9875 2.97834 1.75784e-18)
(5.0625 2.97834 -3.51568e-18)
(5.1375 2.97834 1.75784e-18)
(5.2125 2.97834 1.75784e-18)
(5.2875 2.97834 0)
(5.3625 2.97834 1.75784e-18)
(5.4375 2.97834 -3.51568e-18)
(5.5125 2.97834 1.75784e-18)
(5.5875 2.97834 1.75784e-18)
(5.6625 2.97834 0)
(5.7375 2.97834 1.75784e-18)
(5.8125 2.97834 -3.51568e-18)
(5.8875 2.97834 1.75784e-18)
(5.9625 2.97834 1.75784e-18)
(6.0375 2.97834 0)
(6.1125 2.97834 1.75784e-18)
(6.1875 2.97834 -3.51568e-18)
(6.2625 2.97834 1.75784e-18)
(6.3375 2.97834 1.75784e-18)
(6.4125 2.97834 0)
(6.4875 2.97834 1.75784e-18)
(6.5625 2.97834 -3.51568e-18)
(6.6375 2.97834 1.75784e-18)
(6.7125 2.97834 1.75784e-18)
(6.7875 2.97834 0)
(6.8625 2.97834 1.75784e-18)
(6.9375 2.97834 -3.51568e-18)
(7.0125 2.97834 1.75784e-18)
(7.0875 2.97834 1.75784e-18)
(7.1625 2.97834 0)
(7.2375 2.97834 1.75784e-18)
(7.3125 2.97834 -3.51568e-18)
(7.3875 2.97834 1.75784e-18)
(7.4625 2.97834 1.75784e-18)
(7.5375 2.97834 0)
(7.6125 2.97834 1.75784e-18)
(7.6875 2.97834 -3.51568e-18)
(7.7625 2.97834 1.75784e-18)
(7.8375 2.97834 1.75784e-18)
(7.9125 2.97834 0)
(7.9875 2.97834 1.75784e-18)
(8.0625 2.97834 -3.51568e-18)
(8.1375 2.97834 1.95059e-18)
(8.2125 2.97834 -3.51568e-18)
(8.2875 2.97834 -3.51568e-18)
(8.3625 2.97834 1.95059e-18)
(8.4375 2.97834 -3.51568e-18)
(8.5125 2.97834 1.95059e-18)
(8.5875 2.97834 -3.51568e-18)
(8.6625 2.97834 -3.51568e-18)
(8.7375 2.97834 1.95059e-18)
(8.8125 2.97834 -3.51568e-18)
(8.8875 2.97834 1.95059e-18)
(8.9625 2.97834 -3.51568e-18)
(0.0375 2.98425 0)
(0.1125 2.98425 1.81517e-18)
(0.1875 2.98425 0)
(0.2625 2.98425 0)
(0.3375 2.98425 -6.8752e-18)
(0.4125 2.98425 0)
(0.4875 2.98425 0)
(0.5625 2.98425 0)
(0.6375 2.98425 0)
(0.7125 2.98425 0)
(0.7875 2.98425 0)
(0.8625 2.98425 0)
(0.9375 2.98425 0)
(1.0125 2.98425 0)
(1.0875 2.98425 0)
(1.1625 2.98425 0)
(1.2375 2.98425 0)
(1.3125 2.98425 0)
(1.3875 2.98425 0)
(1.4625 2.98425 0)
(1.5375 2.98425 0)
(1.6125 2.98425 0)
(1.6875 2.98425 0)
(1.7625 2.98425 0)
(1.8375 2.98425 0)
(1.9125 2.98425 0)
(1.9875 2.98425 0)
(2.0625 2.98425 0)
(2.1375 2.98425 -5.25278e-18)
(2.2125 2.98425 0)
(2.2875 2.98425 0)
(2.3625 2.98425 -1.92747e-19)
(2.4375 2.98425 0)
(2.5125 2.98425 -5.25278e-18)
(2.5875 2.98425 0)
(2.6625 2.98425 0)
(2.7375 2.98425 -1.92747e-19)
(2.8125 2.98425 0)
(2.8875 2.98425 -1.92747e-19)
(2.9625 2.98425 -5.06003e-18)
(3.0375 2.98425 0)
(3.1125 2.98425 -1.92747e-19)
(3.1875 2.98425 0)
(3.2625 2.98425 -1.92747e-19)
(3.3375 2.98425 -5.06003e-18)
(3.4125 2.98425 0)
(3.4875 2.98425 -1.92747e-19)
(3.5625 2.98425 0)
(3.6375 2.98425 -1.92747e-19)
(3.7125 2.98425 -5.06003e-18)
(3.7875 2.98425 0)
(3.8625 2.98425 -1.92747e-19)
(3.9375 2.98425 0)
(4.0125 2.98425 -5.25278e-18)
(4.0875 2.98425 -5.06003e-18)
(4.1625 2.98425 1.92747e-19)
(4.2375 2.98425 -5.06003e-18)
(4.3125 2.98425 0)
(4.3875 2.98425 1.92747e-19)
(4.4625 2.98425 -5.06003e-18)
(4.5375 2.98425 1.92747e-19)
(4.6125 2.98425 -5.06003e-18)
(4.6875 2.98425 0)
(4.7625 2.98425 1.92747e-19)
(4.8375 2.98425 -5.06003e-18)
(4.9125 2.98425 1.92747e-19)
(4.9875 2.98425 -5.06003e-18)
(5.0625 2.98425 0)
(5.1375 2.98425 1.92747e-19)
(5.2125 2.98425 -5.06003e-18)
(5.2875 2.98425 1.92747e-19)
(5.3625 2.98425 1.92747e-19)
(5.4375 2.98425 0)
(5.5125 2.98425 1.92747e-19)
(5.5875 2.98425 -5.06003e-18)
(5.6625 2.98425 1.92747e-19)
(5.7375 2.98425 1.92747e-19)
(5.8125 2.98425 0)
(5.8875 2.98425 1.92747e-19)
(5.9625 2.98425 -5.06003e-18)
(6.0375 2.98425 1.92747e-19)
(6.1125 2.98425 1.92747e-19)
(6.1875 2.98425 0)
(6.2625 2.98425 1.92747e-19)
(6.3375 2.98425 -5.06003e-18)
(6.4125 2.98425 1.92747e-19)
(6.4875 2.98425 1.92747e-19)
(6.5625 2.98425 0)
(6.6375 2.98425 1.92747e-19)
(6.7125 2.98425 -5.06003e-18)
(6.7875 2.98425 1.92747e-19)
(6.8625 2.98425 1.92747e-19)
(6.9375 2.98425 0)
(7.0125 2.98425 1.92747e-19)
(7.0875 2.98425 -5.06003e-18)
(7.1625 2.98425 1.92747e-19)
(7.2375 2.98425 1.92747e-19)
(7.3125 2.98425 0)
(7.3875 2.98425 1.92747e-19)
(7.4625 2.98425 -5.06003e-18)
(7.5375 2.98425 1.92747e-19)
(7.6125 2.98425 1.92747e-19)
(7.6875 2.98425 0)
(7.7625 2.98425 1.92747e-19)
(7.8375 2.98425 -5.06003e-18)
(7.9125 2.98425 1.92747e-19)
(7.9875 2.98425 1.92747e-19)
(8.0625 2.98425 0)
(8.1375 2.98425 0)
(8.2125 2.98425 0)
(8.2875 2.98425 0)
(8.3625 2.98425 0)
(8.4375 2.98425 0)
(8.5125 2.98425 0)
(8.5875 2.98425 0)
(8.6625 2.98425 0)
(8.7375 2.98425 0)
(8.8125 2.98425 0)
(8.8875 2.98425 0)
(8.9625 2.98425 0)
(0.0375 2.98995 -9.63735e-20)
(0.1125 2.98995 0)
(0.1875 2.98995 0)
(0.2625 2.98995 0)
(0.3375 2.98995 0)
(0.4125 2.98995 5.23833e-18)
(0.4875 2.98995 0)
(0.5625 2.98995 0)
(0.6375 2.98995 -3.55647e-18)
(0.7125 2.98995 0)
(0.7875 2.98995 0)
(0.8625 2.98995 -3.55647e-18)
(0.9375 2.98995 0)
(1.0125 2.98995 -3.55647e-18)
(1.0875 2.98995 0)
(1.1625 2.98995 -1.87461e-18)
(1.2375 2.98995 0)
(1.3125 2.98995 -1.92747e-19)
(1.3875 2.98995 -1.87461e-18)
(1.4625 2.98995 0)
(1.5375 2.98995 -1.87461e-18)
(1.6125 2.98995 -1.87461e-18)
(1.6875 2.98995 -1.92747e-19)
(1.7625 2.98995 -1.87461e-18)
(1.8375 2.98995 0)
(1.9125 2.98995 -1.87461e-18)
(1.9875 2.98995 -1.87461e-18)
(2.0625 2.98995 -1.92747e-19)
(2.1375 2.98995 0)
(2.2125 2.98995 -1.92747e-19)
(2.2875 2.98995 -1.92747e-19)
(2.3625 2.98995 3.55647e-18)
(2.4375 2.98995 -1.92747e-19)
(2.5125 2.98995 0)
(2.5875 2.98995 -1.92747e-19)
(2.6625 2.98995 -1.92747e-19)
(2.7375 2.98995 3.55647e-18)
(2.8125 2.98995 -1.92747e-19)
(2.8875 2.98995 3.55647e-18)
(2.9625 2.98995 0)
(3.0375 2.98995 -1.92747e-19)
(3.1125 2.98995 3.55647e-18)
(3.1875 2.98995 -1.92747e-19)
(3.2625 2.98995 3.55647e-18)
(3.3375 2.98995 0)
(3.4125 2.98995 -1.92747e-19)
(3.4875 2.98995 3.55647e-18)
(3.5625 2.98995 -1.92747e-19)
(3.6375 2.98995 3.55647e-18)
(3.7125 2.98995 0)
(3.7875 2.98995 -1.92747e-19)
(3.8625 2.98995 3.55647e-18)
(3.9375 2.98995 -1.92747e-19)
(4.0125 2.98995 0)
(4.0875 2.98995 0)
(4.1625 2.98995 0)
(4.2375 2.98995 0)
(4.3125 2.98995 0)
(4.3875 2.98995 0)
(4.4625 2.98995 0)
(4.5375 2.98995 0)
(4.6125 2.98995 0)
(4.6875 2.98995 0)
(4.7625 2.98995 0)
(4.8375 2.98995 0)
(4.9125 2.98995 0)
(4.9875 2.98995 0)
(5.0625 2.98995 0)
(5.1375 2.98995 0)
(5.2125 2.98995 0)
(5.2875 2.98995 0)
(5.3625 2.98995 0)
(5.4375 2.98995 0)
(5.5125 2.98995 0)
(5.5875 2.98995 0)
(5.6625 2.98995 0)
(5.7375 2.98995 0)
(5.8125 2.98995 0)
(5.8875 2.98995 0)
(5.9625 2.98995 0)
(6.0375 2.98995 0)
(6.1125 2.98995 0)
(6.1875 2.98995 0)
(6.2625 2.98995 0)
(6.3375 2.98995 0)
(6.4125 2.98995 0)
(6.4875 2.98995 0)
(6.5625 2.98995 0)
(6.6375 2.98995 0)
(6.7125 2.98995 0)
(6.7875 2.98995 0)
(6.8625 2.98995 0)
(6.9375 2.98995 0)
(7.0125 2.98995 0)
(7.0875 2.98995 0)
(7.1625 2.98995 0)
(7.2375 2.98995 0)
(7.3125 2.98995 0)
(7.3875 2.98995 0)
(7.4625 2.98995 0)
(7.5375 2.98995 0)
(7.6125 2.98995 0)
(7.6875 2.98995 0)
(7.7625 2.98995 0)
(7.8375 2.98995 0)
(7.9125 2.98995 0)
(7.9875 2.98995 0)
(8.0625 2.98995 0)
(8.1375 2.98995 3.55647e-18)
(8.2125 2.98995 0)
(8.2875 2.98995 0)
(8.3625 2.98995 3.74922e-18)
(8.4375 2.98995 0)
(8.5125 2.98995 3.55647e-18)
(8.5875 2.98995 0)
(8.6625 2.98995 0)
(8.7375 2.98995 3.74922e-18)
(8.8125 2.98995 0)
(8.8875 2.98995 3.55647e-18)
(8.9625 2.98995 0)
(0.0375 2.99545 0)
(0.1125 2.99545 1.92747e-19)
(0.1875 2.99545 1.93622e-18)
(0.2625 2.99545 0)
(0.3375 2.99545 -5.61591e-18)
(0.4125 2.99545 0)
(0.4875 2.99545 0)
(0.5625 2.99545 0)
(0.6375 2.99545 1.93622e-18)
(0.7125 2.99545 -1.74347e-18)
(0.7875 2.99545 1.93622e-18)
(0.8625 2.99545 2.12897e-18)
(0.9375 2.99545 0)
(1.0125 2.99545 1.93622e-18)
(1.0875 2.99545 0)
(1.1625 2.99545 0)
(1.2375 2.99545 0)
(1.3125 2.99545 0)
(1.3875 2.99545 -1.92747e-19)
(1.4625 2.99545 0)
(1.5375 2.99545 0)
(1.6125 2.99545 -1.92747e-19)
(1.6875 2.99545 0)
(1.7625 2.99545 -1.92747e-19)
(1.8375 2.99545 0)
(1.9125 2.99545 0)
(1.9875 2.99545 -1.92747e-19)
(2.0625 2.99545 0)
(2.1375 2.99545 1.93622e-18)
(2.2125 2.99545 0)
(2.2875 2.99545 0)
(2.3625 2.99545 -1.93622e-18)
(2.4375 2.99545 0)
(2.5125 2.99545 1.93622e-18)
(2.5875 2.99545 0)
(2.6625 2.99545 0)
(2.7375 2.99545 -1.93622e-18)
(2.8125 2.99545 0)
(2.8875 2.99545 -1.93622e-18)
(2.9625 2.99545 -3.67969e-18)
(3.0375 2.99545 0)
(3.1125 2.99545 -1.93622e-18)
(3.1875 2.99545 0)
(3.2625 2.99545 -1.93622e-18)
(3.3375 2.99545 -3.67969e-18)
(3.4125 2.99545 0)
(3.4875 2.99545 -1.93622e-18)
(3.5625 2.99545 0)
(3.6375 2.99545 -1.93622e-18)
(3.7125 2.99545 -3.67969e-18)
(3.7875 2.99545 0)
(3.8625 2.99545 -1.93622e-18)
(3.9375 2.99545 0)
(4.0125 2.99545 1.93622e-18)
(4.0875 2.99545 -3.67969e-18)
(4.1625 2.99545 -3.67969e-18)
(4.2375 2.99545 -3.67969e-18)
(4.3125 2.99545 1.93622e-18)
(4.3875 2.99545 -3.67969e-18)
(4.4625 2.99545 -3.67969e-18)
(4.5375 2.99545 -3.67969e-18)
(4.6125 2.99545 -3.67969e-18)
(4.6875 2.99545 1.93622e-18)
(4.7625 2.99545 -3.67969e-18)
(4.8375 2.99545 -3.67969e-18)
(4.9125 2.99545 -3.67969e-18)
(4.9875 2.99545 -3.67969e-18)
(5.0625 2.99545 1.93622e-18)
(5.1375 2.99545 -3.67969e-18)
(5.2125 2.99545 -3.67969e-18)
(5.2875 2.99545 -3.67969e-18)
(5.3625 2.99545 -3.67969e-18)
(5.4375 2.99545 1.93622e-18)
(5.5125 2.99545 -3.67969e-18)
(5.5875 2.99545 -3.67969e-18)
(5.6625 2.99545 -3.67969e-18)
(5.7375 2.99545 -3.67969e-18)
(5.8125 2.99545 1.93622e-18)
(5.8875 2.99545 -3.67969e-18)
(5.9625 2.99545 -3.67969e-18)
(6.0375 2.99545 -3.67969e-18)
(6.1125 2.99545 -3.67969e-18)
(6.1875 2.99545 1.93622e-18)
(6.2625 2.99545 -3.67969e-18)
(6.3375 2.99545 -3.67969e-18)
(6.4125 2.99545 -3.67969e-18)
(6.4875 2.99545 -3.67969e-18)
(6.5625 2.99545 1.93622e-18)
(6.6375 2.99545 -3.67969e-18)
(6.7125 2.99545 -3.67969e-18)
(6.7875 2.99545 -3.67969e-18)
(6.8625 2.99545 -3.67969e-18)
(6.9375 2.99545 1.93622e-18)
(7.0125 2.99545 -3.67969e-18)
(7.0875 2.99545 -3.67969e-18)
(7.1625 2.99545 -3.67969e-18)
(7.2375 2.99545 -3.67969e-18)
(7.3125 2.99545 1.93622e-18)
(7.3875 2.99545 -3.67969e-18)
(7.4625 2.99545 -3.67969e-18)
(7.5375 2.99545 -3.67969e-18)
(7.6125 2.99545 -3.67969e-18)
(7.6875 2.99545 1.93622e-18)
(7.7625 2.99545 -3.67969e-18)
(7.8375 2.99545 -3.67969e-18)
(7.9125 2.99545 -3.67969e-18)
(7.9875 2.99545 -3.67969e-18)
(8.0625 2.99545 1.93622e-18)
(8.1375 2.99545 1.93622e-18)
(8.2125 2.99545 1.93622e-18)
(8.2875 2.99545 1.93622e-18)
(8.3625 2.99545 0)
(8.4375 2.99545 1.93622e-18)
(8.5125 2.99545 1.93622e-18)
(8.5875 2.99545 1.93622e-18)
(8.6625 2.99545 1.93622e-18)
(8.7375 2.99545 0)
(8.8125 2.99545 1.93622e-18)
(8.8875 2.99545 1.93622e-18)
(8.9625 2.99545 1.93622e-18)
(0.0375 3.00075 0)
(0.1125 3.00075 1.92747e-19)
(0.1875 3.00075 0)
(0.2625 3.00075 -2.00009e-18)
(0.3375 3.00075 -2.00009e-18)
(0.4125 3.00075 0)
(0.4875 3.00075 0)
(0.5625 3.00075 0)
(0.6375 3.00075 0)
(0.7125 3.00075 0)
(0.7875 3.00075 0)
(0.8625 3.00075 1.80734e-18)
(0.9375 3.00075 0)
(1.0125 3.00075 0)
(1.0875 3.00075 -1.92747e-19)
(1.1625 3.00075 1.92747e-19)
(1.2375 3.00075 -1.92747e-19)
(1.3125 3.00075 0)
(1.3875 3.00075 0)
(1.4625 3.00075 -1.92747e-19)
(1.5375 3.00075 1.92747e-19)
(1.6125 3.00075 0)
(1.6875 3.00075 0)
(1.7625 3.00075 0)
(1.8375 3.00075 -1.92747e-19)
(1.9125 3.00075 1.92747e-19)
(1.9875 3.00075 0)
(2.0625 3.00075 0)
(2.1375 3.00075 -1.92747e-19)
(2.2125 3.00075 0)
(2.2875 3.00075 0)
(2.3625 3.00075 0)
(2.4375 3.00075 0)
(2.5125 3.00075 -1.92747e-19)
(2.5875 3.00075 0)
(2.6625 3.00075 0)
(2.7375 3.00075 0)
(2.8125 3.00075 0)
(2.8875 3.00075 0)
(2.9625 3.00075 -2.00009e-18)
(3.0375 3.00075 0)
(3.1125 3.00075 0)
(3.1875 3.00075 0)
(3.2625 3.00075 0)
(3.3375 3.00075 -2.00009e-18)
(3.4125 3.00075 0)
(3.4875 3.00075 0)
(3.5625 3.00075 0)
(3.6375 3.00075 0)
(3.7125 3.00075 -2.00009e-18)
(3.7875 3.00075 0)
(3.8625 3.00075 0)
(3.9375 3.00075 0)
(4.0125 3.00075 -1.92747e-19)
(4.0875 3.00075 -2.00009e-18)
(4.1625 3.00075 0)
(4.2375 3.00075 -2.00009e-18)
(4.3125 3.00075 0)
(4.3875 3.00075 0)
(4.4625 3.00075 -2.00009e-18)
(4.5375 3.00075 0)
(4.6125 3.00075 -2.00009e-18)
(4.6875 3.00075 0)
(4.7625 3.00075 0)
(4.8375 3.00075 -2.00009e-18)
(4.9125 3.00075 0)
(4.9875 3.00075 -2.00009e-18)
(5.0625 3.00075 0)
(5.1375 3.00075 0)
(5.2125 3.00075 -2.00009e-18)
(5.2875 3.00075 0)
(5.3625 3.00075 0)
(5.4375 3.00075 0)
(5.5125 3.00075 0)
(5.5875 3.00075 -2.00009e-18)
(5.6625 3.00075 0)
(5.7375 3.00075 0)
(5.8125 3.00075 0)
(5.8875 3.00075 0)
(5.9625 3.00075 -2.00009e-18)
(6.0375 3.00075 0)
(6.1125 3.00075 0)
(6.1875 3.00075 0)
(6.2625 3.00075 0)
(6.3375 3.00075 -2.00009e-18)
(6.4125 3.00075 0)
(6.4875 3.00075 0)
(6.5625 3.00075 0)
(6.6375 3.00075 0)
(6.7125 3.00075 -2.00009e-18)
(6.7875 3.00075 0)
(6.8625 3.00075 0)
(6.9375 3.00075 0)
(7.0125 3.00075 0)
(7.0875 3.00075 -2.00009e-18)
(7.1625 3.00075 0)
(7.2375 3.00075 0)
(7.3125 3.00075 0)
(7.3875 3.00075 0)
(7.4625 3.00075 -2.00009e-18)
(7.5375 3.00075 0)
(7.6125 3.00075 0)
(7.6875 3.00075 0)
(7.7625 3.00075 0)
(7.8375 3.00075 -2.00009e-18)
(7.9125 3.00075 0)
(7.9875 3.00075 0)
(8.0625 3.00075 0)
(8.1375 3.00075 0)
(8.2125 3.00075 0)
(8.2875 3.00075 0)
(8.3625 3.00075 -2.00009e-18)
(8.4375 3.00075 0)
(8.5125 3.00075 0)
(8.5875 3.00075 0)
(8.6625 3.00075 0)
(8.7375 3.00075 -2.00009e-18)
(8.8125 3.00075 0)
(8.8875 3.00075 0)
(8.9625 3.00075 0)
(0.0375 3.00586 7.68695e-18)
(0.1125 3.00586 2.0663e-18)
(0.1875 3.00586 0)
(0.2625 3.00586 0)
(0.3375 3.00586 0)
(0.4125 3.00586 0)
(0.4875 3.00586 0)
(0.5625 3.00586 1.92747e-19)
(0.6375 3.00586 0)
(0.7125 3.00586 0)
(0.7875 3.00586 1.92747e-19)
(0.8625 3.00586 0)
(0.9375 3.00586 1.92747e-19)
(1.0125 3.00586 0)
(1.0875 3.00586 0)
(1.1625 3.00586 1.92747e-19)
(1.2375 3.00586 0)
(1.3125 3.00586 0)
(1.3875 3.00586 1.92747e-19)
(1.4625 3.00586 0)
(1.5375 3.00586 1.92747e-19)
(1.6125 3.00586 1.92747e-19)
(1.6875 3.00586 0)
(1.7625 3.00586 1.92747e-19)
(1.8375 3.00586 0)
(1.9125 3.00586 1.92747e-19)
(1.9875 3.00586 1.92747e-19)
(2.0625 3.00586 0)
(2.1375 3.00586 2.0663e-18)
(2.2125 3.00586 0)
(2.2875 3.00586 0)
(2.3625 3.00586 2.0663e-18)
(2.4375 3.00586 0)
(2.5125 3.00586 2.0663e-18)
(2.5875 3.00586 0)
(2.6625 3.00586 0)
(2.7375 3.00586 2.0663e-18)
(2.8125 3.00586 0)
(2.8875 3.00586 2.0663e-18)
(2.9625 3.00586 0)
(3.0375 3.00586 0)
(3.1125 3.00586 2.0663e-18)
(3.1875 3.00586 0)
(3.2625 3.00586 2.0663e-18)
(3.3375 3.00586 0)
(3.4125 3.00586 0)
(3.4875 3.00586 2.0663e-18)
(3.5625 3.00586 0)
(3.6375 3.00586 2.0663e-18)
(3.7125 3.00586 0)
(3.7875 3.00586 0)
(3.8625 3.00586 2.0663e-18)
(3.9375 3.00586 0)
(4.0125 3.00586 2.0663e-18)
(4.0875 3.00586 -3.93985e-18)
(4.1625 3.00586 0)
(4.2375 3.00586 -3.93985e-18)
(4.3125 3.00586 0)
(4.3875 3.00586 -3.93985e-18)
(4.4625 3.00586 -3.93985e-18)
(4.5375 3.00586 0)
(4.6125 3.00586 -3.93985e-18)
(4.6875 3.00586 0)
(4.7625 3.00586 -3.93985e-18)
(4.8375 3.00586 -3.93985e-18)
(4.9125 3.00586 0)
(4.9875 3.00586 -3.93985e-18)
(5.0625 3.00586 0)
(5.1375 3.00586 -3.93985e-18)
(5.2125 3.00586 -3.93985e-18)
(5.2875 3.00586 0)
(5.3625 3.00586 -3.93985e-18)
(5.4375 3.00586 0)
(5.5125 3.00586 -3.93985e-18)
(5.5875 3.00586 -3.93985e-18)
(5.6625 3.00586 0)
(5.7375 3.00586 -3.93985e-18)
(5.8125 3.00586 0)
(5.8875 3.00586 -3.93985e-18)
(5.9625 3.00586 -3.93985e-18)
(6.0375 3.00586 0)
(6.1125 3.00586 -3.93985e-18)
(6.1875 3.00586 0)
(6.2625 3.00586 -3.93985e-18)
(6.3375 3.00586 -3.93985e-18)
(6.4125 3.00586 0)
(6.4875 3.00586 -3.93985e-18)
(6.5625 3.00586 0)
(6.6375 3.00586 -3.93985e-18)
(6.7125 3.00586 -3.93985e-18)
(6.7875 3.00586 0)
(6.8625 3.00586 -3.93985e-18)
(6.9375 3.00586 0)
(7.0125 3.00586 -3.93985e-18)
(7.0875 3.00586 -3.93985e-18)
(7.1625 3.00586 0)
(7.2375 3.00586 -3.93985e-18)
(7.3125 3.00586 0)
(7.3875 3.00586 -3.93985e-18)
(7.4625 3.00586 -3.93985e-18)
(7.5375 3.00586 0)
(7.6125 3.00586 -3.93985e-18)
(7.6875 3.00586 0)
(7.7625 3.00586 -3.93985e-18)
(7.8375 3.00586 -3.93985e-18)
(7.9125 3.00586 0)
(7.9875 3.00586 -3.93985e-18)
(8.0625 3.00586 0)
(8.1375 3.00586 0)
(8.2125 3.00586 0)
(8.2875 3.00586 0)
(8.3625 3.00586 -3.93985e-18)
(8.4375 3.00586 0)
(8.5125 3.00586 0)
(8.5875 3.00586 0)
(8.6625 3.00586 0)
(8.7375 3.00586 -3.93985e-18)
(8.8125 3.00586 0)
(8.8875 3.00586 0)
(8.9625 3.00586 0)
(0.0375 3.0108 0)
(0.1125 3.0108 -2.13493e-18)
(0.1875 3.0108 0)
(0.2625 3.0108 -4.07711e-18)
(0.3375 3.0108 -2.13493e-18)
(0.4125 3.0108 0)
(0.4875 3.0108 0)
(0.5625 3.0108 0)
(0.6375 3.0108 0)
(0.7125 3.0108 0)
(0.7875 3.0108 0)
(0.8625 3.0108 0)
(0.9375 3.0108 0)
(1.0125 3.0108 0)
(1.0875 3.0108 0)
(1.1625 3.0108 0)
(1.2375 3.0108 0)
(1.3125 3.0108 0)
(1.3875 3.0108 0)
(1.4625 3.0108 0)
(1.5375 3.0108 0)
(1.6125 3.0108 0)
(1.6875 3.0108 0)
(1.7625 3.0108 0)
(1.8375 3.0108 0)
(1.9125 3.0108 0)
(1.9875 3.0108 0)
(2.0625 3.0108 0)
(2.1375 3.0108 0)
(2.2125 3.0108 0)
(2.2875 3.0108 0)
(2.3625 3.0108 0)
(2.4375 3.0108 0)
(2.5125 3.0108 0)
(2.5875 3.0108 0)
(2.6625 3.0108 0)
(2.7375 3.0108 0)
(2.8125 3.0108 0)
(2.8875 3.0108 0)
(2.9625 3.0108 0)
(3.0375 3.0108 0)
(3.1125 3.0108 0)
(3.1875 3.0108 0)
(3.2625 3.0108 0)
(3.3375 3.0108 0)
(3.4125 3.0108 0)
(3.4875 3.0108 0)
(3.5625 3.0108 0)
(3.6375 3.0108 0)
(3.7125 3.0108 0)
(3.7875 3.0108 0)
(3.8625 3.0108 0)
(3.9375 3.0108 0)
(4.0125 3.0108 0)
(4.0875 3.0108 -1.92747e-19)
(4.1625 3.0108 1.92747e-19)
(4.2375 3.0108 -1.92747e-19)
(4.3125 3.0108 0)
(4.3875 3.0108 0)
(4.4625 3.0108 -1.92747e-19)
(4.5375 3.0108 1.92747e-19)
(4.6125 3.0108 -1.92747e-19)
(4.6875 3.0108 0)
(4.7625 3.0108 0)
(4.8375 3.0108 -1.92747e-19)
(4.9125 3.0108 1.92747e-19)
(4.9875 3.0108 -1.92747e-19)
(5.0625 3.0108 0)
(5.1375 3.0108 0)
(5.2125 3.0108 -1.92747e-19)
(5.2875 3.0108 1.92747e-19)
(5.3625 3.0108 0)
(5.4375 3.0108 0)
(5.5125 3.0108 0)
(5.5875 3.0108 -1.92747e-19)
(5.6625 3.0108 1.92747e-19)
(5.7375 3.0108 0)
(5.8125 3.0108 0)
(5.8875 3.0108 0)
(5.9625 3.0108 -1.92747e-19)
(6.0375 3.0108 1.92747e-19)
(6.1125 3.0108 0)
(6.1875 3.0108 0)
(6.2625 3.0108 0)
(6.3375 3.0108 -1.92747e-19)
(6.4125 3.0108 1.92747e-19)
(6.4875 3.0108 0)
(6.5625 3.0108 0)
(6.6375 3.0108 0)
(6.7125 3.0108 -1.92747e-19)
(6.7875 3.0108 1.92747e-19)
(6.8625 3.0108 0)
(6.9375 3.0108 0)
(7.0125 3.0108 0)
(7.0875 3.0108 -1.92747e-19)
(7.1625 3.0108 1.92747e-19)
(7.2375 3.0108 0)
(7.3125 3.0108 0)
(7.3875 3.0108 0)
(7.4625 3.0108 -1.92747e-19)
(7.5375 3.0108 1.92747e-19)
(7.6125 3.0108 0)
(7.6875 3.0108 0)
(7.7625 3.0108 0)
(7.8375 3.0108 -1.92747e-19)
(7.9125 3.0108 1.92747e-19)
(7.9875 3.0108 0)
(8.0625 3.0108 0)
(8.1375 3.0108 0)
(8.2125 3.0108 0)
(8.2875 3.0108 0)
(8.3625 3.0108 -4.26986e-18)
(8.4375 3.0108 0)
(8.5125 3.0108 0)
(8.5875 3.0108 0)
(8.6625 3.0108 0)
(8.7375 3.0108 -4.26986e-18)
(8.8125 3.0108 0)
(8.8875 3.0108 0)
(8.9625 3.0108 0)
(0.0375 3.01556 -9.63735e-20)
(0.1125 3.01556 0)
(0.1875 3.01556 0)
(0.2625 3.01556 -1.92747e-19)
(0.3375 3.01556 0)
(0.4125 3.01556 0)
(0.4875 3.01556 0)
(0.5625 3.01556 0)
(0.6375 3.01556 1.92747e-19)
(0.7125 3.01556 -2.20608e-18)
(0.7875 3.01556 0)
(0.8625 3.01556 1.92747e-19)
(0.9375 3.01556 0)
(1.0125 3.01556 1.92747e-19)
(1.0875 3.01556 -2.20608e-18)
(1.1625 3.01556 0)
(1.2375 3.01556 -2.20608e-18)
(1.3125 3.01556 0)
(1.3875 3.01556 0)
(1.4625 3.01556 -2.20608e-18)
(1.5375 3.01556 0)
(1.6125 3.01556 0)
(1.6875 3.01556 0)
(1.7625 3.01556 0)
(1.8375 3.01556 -2.20608e-18)
(1.9125 3.01556 0)
(1.9875 3.01556 0)
(2.0625 3.01556 0)
(2.1375 3.01556 6.23274e-18)
(2.2125 3.01556 0)
(2.2875 3.01556 0)
(2.3625 3.01556 0)
(2.4375 3.01556 0)
(2.5125 3.01556 6.23274e-18)
(2.5875 3.01556 0)
(2.6625 3.01556 0)
(2.7375 3.01556 0)
(2.8125 3.01556 0)
(2.8875 3.01556 0)
(2.9625 3.01556 -2.20608e-18)
(3.0375 3.01556 0)
(3.1125 3.01556 0)
(3.1875 3.01556 0)
(3.2625 3.01556 0)
(3.3375 3.01556 -2.20608e-18)
(3.4125 3.01556 0)
(3.4875 3.01556 0)
(3.5625 3.01556 0)
(3.6375 3.01556 0)
(3.7125 3.01556 -2.20608e-18)
(3.7875 3.01556 0)
(3.8625 3.01556 0)
(3.9375 3.01556 0)
(4.0125 3.01556 6.23274e-18)
(4.0875 3.01556 -2.20608e-18)
(4.1625 3.01556 -4.41216e-18)
(4.2375 3.01556 -2.20608e-18)
(4.3125 3.01556 0)
(4.3875 3.01556 -4.41216e-18)
(4.4625 3.01556 -2.20608e-18)
(4.5375 3.01556 -4.41216e-18)
(4.6125 3.01556 -2.20608e-18)
(4.6875 3.01556 0)
(4.7625 3.01556 -4.41216e-18)
(4.8375 3.01556 -2.20608e-18)
(4.9125 3.01556 -4.41216e-18)
(4.9875 3.01556 -2.20608e-18)
(5.0625 3.01556 0)
(5.1375 3.01556 -4.41216e-18)
(5.2125 3.01556 -2.20608e-18)
(5.2875 3.01556 -4.41216e-18)
(5.3625 3.01556 -4.41216e-18)
(5.4375 3.01556 0)
(5.5125 3.01556 -4.41216e-18)
(5.5875 3.01556 -2.20608e-18)
(5.6625 3.01556 -4.41216e-18)
(5.7375 3.01556 -4.41216e-18)
(5.8125 3.01556 0)
(5.8875 3.01556 -4.41216e-18)
(5.9625 3.01556 -2.20608e-18)
(6.0375 3.01556 -4.41216e-18)
(6.1125 3.01556 -4.41216e-18)
(6.1875 3.01556 0)
(6.2625 3.01556 -4.41216e-18)
(6.3375 3.01556 -2.20608e-18)
(6.4125 3.01556 -4.41216e-18)
(6.4875 3.01556 -4.41216e-18)
(6.5625 3.01556 0)
(6.6375 3.01556 -4.41216e-18)
(6.7125 3.01556 -2.20608e-18)
(6.7875 3.01556 -4.41216e-18)
(6.8625 3.01556 -4.41216e-18)
(6.9375 3.01556 0)
(7.0125 3.01556 -4.41216e-18)
(7.0875 3.01556 -2.20608e-18)
(7.1625 3.01556 -4.41216e-18)
(7.2375 3.01556 -4.41216e-18)
(7.3125 3.01556 0)
(7.3875 3.01556 -4.41216e-18)
(7.4625 3.01556 -2.20608e-18)
(7.5375 3.01556 -4.41216e-18)
(7.6125 3.01556 -4.41216e-18)
(7.6875 3.01556 0)
(7.7625 3.01556 -4.41216e-18)
(7.8375 3.01556 -2.20608e-18)
(7.9125 3.01556 -4.41216e-18)
(7.9875 3.01556 -4.41216e-18)
(8.0625 3.01556 0)
(8.1375 3.01556 -4.6049e-18)
(8.2125 3.01556 0)
(8.2875 3.01556 0)
(8.3625 3.01556 -4.41216e-18)
(8.4375 3.01556 0)
(8.5125 3.01556 -4.6049e-18)
(8.5875 3.01556 0)
(8.6625 3.01556 0)
(8.7375 3.01556 -4.41216e-18)
(8.8125 3.01556 0)
(8.8875 3.01556 -4.6049e-18)
(8.9625 3.01556 0)
(0.0375 3.02015 0)
(0.1125 3.02015 0)
(0.1875 3.02015 0)
(0.2625 3.02015 2.27983e-18)
(0.3375 3.02015 0)
(0.4125 3.02015 1.92747e-19)
(0.4875 3.02015 1.92747e-19)
(0.5625 3.02015 0)
(0.6375 3.02015 -4.55966e-18)
(0.7125 3.02015 0)
(0.7875 3.02015 0)
(0.8625 3.02015 2.27983e-18)
(0.9375 3.02015 0)
(1.0125 3.02015 -4.55966e-18)
(1.0875 3.02015 0)
(1.1625 3.02015 0)
(1.2375 3.02015 0)
(1.3125 3.02015 0)
(1.3875 3.02015 0)
(1.4625 3.02015 0)
(1.5375 3.02015 0)
(1.6125 3.02015 0)
(1.6875 3.02015 0)
(1.7625 3.02015 0)
(1.8375 3.02015 0)
(1.9125 3.02015 0)
(1.9875 3.02015 0)
(2.0625 3.02015 0)
(2.1375 3.02015 0)
(2.2125 3.02015 0)
(2.2875 3.02015 0)
(2.3625 3.02015 -2.27983e-18)
(2.4375 3.02015 0)
(2.5125 3.02015 0)
(2.5875 3.02015 0)
(2.6625 3.02015 0)
(2.7375 3.02015 -2.27983e-18)
(2.8125 3.02015 0)
(2.8875 3.02015 -2.27983e-18)
(2.9625 3.02015 0)
(3.0375 3.02015 0)
(3.1125 3.02015 -2.27983e-18)
(3.1875 3.02015 0)
(3.2625 3.02015 -2.27983e-18)
(3.3375 3.02015 0)
(3.4125 3.02015 0)
(3.4875 3.02015 -2.27983e-18)
(3.5625 3.02015 0)
(3.6375 3.02015 -2.27983e-18)
(3.7125 3.02015 0)
(3.7875 3.02015 0)
(3.8625 3.02015 -2.27983e-18)
(3.9375 3.02015 0)
(4.0125 3.02015 0)
(4.0875 3.02015 0)
(4.1625 3.02015 -4.55966e-18)
(4.2375 3.02015 0)
(4.3125 3.02015 0)
(4.3875 3.02015 -4.55966e-18)
(4.4625 3.02015 0)
(4.5375 3.02015 -4.55966e-18)
(4.6125 3.02015 0)
(4.6875 3.02015 0)
(4.7625 3.02015 -4.55966e-18)
(4.8375 3.02015 0)
(4.9125 3.02015 -4.55966e-18)
(4.9875 3.02015 0)
(5.0625 3.02015 0)
(5.1375 3.02015 -4.55966e-18)
(5.2125 3.02015 0)
(5.2875 3.02015 -4.55966e-18)
(5.3625 3.02015 -4.55966e-18)
(5.4375 3.02015 0)
(5.5125 3.02015 -4.55966e-18)
(5.5875 3.02015 0)
(5.6625 3.02015 -4.55966e-18)
(5.7375 3.02015 -4.55966e-18)
(5.8125 3.02015 0)
(5.8875 3.02015 -4.55966e-18)
(5.9625 3.02015 0)
(6.0375 3.02015 -4.55966e-18)
(6.1125 3.02015 -4.55966e-18)
(6.1875 3.02015 0)
(6.2625 3.02015 -4.55966e-18)
(6.3375 3.02015 0)
(6.4125 3.02015 -4.55966e-18)
(6.4875 3.02015 -4.55966e-18)
(6.5625 3.02015 0)
(6.6375 3.02015 -4.55966e-18)
(6.7125 3.02015 0)
(6.7875 3.02015 -4.55966e-18)
(6.8625 3.02015 -4.55966e-18)
(6.9375 3.02015 0)
(7.0125 3.02015 -4.55966e-18)
(7.0875 3.02015 0)
(7.1625 3.02015 -4.55966e-18)
(7.2375 3.02015 -4.55966e-18)
(7.3125 3.02015 0)
(7.3875 3.02015 -4.55966e-18)
(7.4625 3.02015 0)
(7.5375 3.02015 -4.55966e-18)
(7.6125 3.02015 -4.55966e-18)
(7.6875 3.02015 0)
(7.7625 3.02015 -4.55966e-18)
(7.8375 3.02015 0)
(7.9125 3.02015 -4.55966e-18)
(7.9875 3.02015 -4.55966e-18)
(8.0625 3.02015 0)
(8.1375 3.02015 0)
(8.2125 3.02015 0)
(8.2875 3.02015 0)
(8.3625 3.02015 0)
(8.4375 3.02015 0)
(8.5125 3.02015 0)
(8.5875 3.02015 0)
(8.6625 3.02015 0)
(8.7375 3.02015 0)
(8.8125 3.02015 0)
(8.8875 3.02015 0)
(8.9625 3.02015 0)
(0.0375 3.02458 0)
(0.1125 3.02458 1.92747e-19)
(0.1875 3.02458 1.92747e-19)
(0.2625 3.02458 -4.51983e-18)
(0.3375 3.02458 0)
(0.4125 3.02458 -6.87612e-18)
(0.4875 3.02458 -6.87612e-18)
(0.5625 3.02458 0)
(0.6375 3.02458 0)
(0.7125 3.02458 6.68337e-18)
(0.7875 3.02458 0)
(0.8625 3.02458 -4.71258e-18)
(0.9375 3.02458 0)
(1.0125 3.02458 0)
(1.0875 3.02458 0)
(1.1625 3.02458 2.35629e-18)
(1.2375 3.02458 0)
(1.3125 3.02458 0)
(1.3875 3.02458 -4.32708e-18)
(1.4625 3.02458 0)
(1.5375 3.02458 2.35629e-18)
(1.6125 3.02458 -4.32708e-18)
(1.6875 3.02458 0)
(1.7625 3.02458 -4.32708e-18)
(1.8375 3.02458 0)
(1.9125 3.02458 2.35629e-18)
(1.9875 3.02458 -4.32708e-18)
(2.0625 3.02458 0)
(2.1375 3.02458 4.71258e-18)
(2.2125 3.02458 0)
(2.2875 3.02458 0)
(2.3625 3.02458 -2.35629e-18)
(2.4375 3.02458 0)
(2.5125 3.02458 4.71258e-18)
(2.5875 3.02458 0)
(2.6625 3.02458 0)
(2.7375 3.02458 -2.35629e-18)
(2.8125 3.02458 0)
(2.8875 3.02458 -2.35629e-18)
(2.9625 3.02458 0)
(3.0375 3.02458 1.92747e-19)
(3.1125 3.02458 -2.35629e-18)
(3.1875 3.02458 0)
(3.2625 3.02458 -2.35629e-18)
(3.3375 3.02458 0)
(3.4125 3.02458 1.92747e-19)
(3.4875 3.02458 -2.35629e-18)
(3.5625 3.02458 0)
(3.6375 3.02458 -2.35629e-18)
(3.7125 3.02458 0)
(3.7875 3.02458 1.92747e-19)
(3.8625 3.02458 -2.35629e-18)
(3.9375 3.02458 0)
(4.0125 3.02458 4.71258e-18)
(4.0875 3.02458 0)
(4.1625 3.02458 0)
(4.2375 3.02458 0)
(4.3125 3.02458 4.51983e-18)
(4.3875 3.02458 -1.92747e-19)
(4.4625 3.02458 0)
(4.5375 3.02458 0)
(4.6125 3.02458 0)
(4.6875 3.02458 4.51983e-18)
(4.7625 3.02458 -1.92747e-19)
(4.8375 3.02458 0)
(4.9125 3.02458 0)
(4.9875 3.02458 0)
(5.0625 3.02458 4.51983e-18)
(5.1375 3.02458 -1.92747e-19)
(5.2125 3.02458 0)
(5.2875 3.02458 0)
(5.3625 3.02458 -1.92747e-19)
(5.4375 3.02458 4.51983e-18)
(5.5125 3.02458 -1.92747e-19)
(5.5875 3.02458 0)
(5.6625 3.02458 0)
(5.7375 3.02458 -1.92747e-19)
(5.8125 3.02458 4.51983e-18)
(5.8875 3.02458 -1.92747e-19)
(5.9625 3.02458 0)
(6.0375 3.02458 0)
(6.1125 3.02458 -1.92747e-19)
(6.1875 3.02458 4.51983e-18)
(6.2625 3.02458 -1.92747e-19)
(6.3375 3.02458 0)
(6.4125 3.02458 0)
(6.4875 3.02458 -1.92747e-19)
(6.5625 3.02458 4.51983e-18)
(6.6375 3.02458 -1.92747e-19)
(6.7125 3.02458 0)
(6.7875 3.02458 0)
(6.8625 3.02458 -1.92747e-19)
(6.9375 3.02458 4.51983e-18)
(7.0125 3.02458 -1.92747e-19)
(7.0875 3.02458 0)
(7.1625 3.02458 0)
(7.2375 3.02458 -1.92747e-19)
(7.3125 3.02458 4.51983e-18)
(7.3875 3.02458 -1.92747e-19)
(7.4625 3.02458 0)
(7.5375 3.02458 0)
(7.6125 3.02458 -1.92747e-19)
(7.6875 3.02458 4.51983e-18)
(7.7625 3.02458 -1.92747e-19)
(7.8375 3.02458 0)
(7.9125 3.02458 0)
(7.9875 3.02458 -1.92747e-19)
(8.0625 3.02458 4.51983e-18)
(8.1375 3.02458 -4.90532e-18)
(8.2125 3.02458 4.51983e-18)
(8.2875 3.02458 4.51983e-18)
(8.3625 3.02458 -1.92747e-19)
(8.4375 3.02458 4.51983e-18)
(8.5125 3.02458 -4.90532e-18)
(8.5875 3.02458 4.51983e-18)
(8.6625 3.02458 4.51983e-18)
(8.7375 3.02458 -1.92747e-19)
(8.8125 3.02458 4.51983e-18)
(8.8875 3.02458 -4.90532e-18)
(8.9625 3.02458 4.51983e-18)
(0.0375 3.02885 0)
(0.1125 3.02885 -5.06384e-18)
(0.1875 3.02885 -1.92747e-19)
(0.2625 3.02885 1.92747e-19)
(0.3375 3.02885 -4.87109e-18)
(0.4125 3.02885 -4.87109e-18)
(0.4875 3.02885 -4.87109e-18)
(0.5625 3.02885 -5.06384e-18)
(0.6375 3.02885 0)
(0.7125 3.02885 -5.06384e-18)
(0.7875 3.02885 -2.43555e-18)
(0.8625 3.02885 2.2428e-18)
(0.9375 3.02885 -5.06384e-18)
(1.0125 3.02885 0)
(1.0875 3.02885 -2.43555e-18)
(1.1625 3.02885 0)
(1.2375 3.02885 -2.43555e-18)
(1.3125 3.02885 0)
(1.3875 3.02885 0)
(1.4625 3.02885 -2.43555e-18)
(1.5375 3.02885 0)
(1.6125 3.02885 0)
(1.6875 3.02885 0)
(1.7625 3.02885 0)
(1.8375 3.02885 -2.43555e-18)
(1.9125 3.02885 0)
(1.9875 3.02885 0)
(2.0625 3.02885 0)
(2.1375 3.02885 -5.06384e-18)
(2.2125 3.02885 0)
(2.2875 3.02885 0)
(2.3625 3.02885 -1.92747e-19)
(2.4375 3.02885 0)
(2.5125 3.02885 -5.06384e-18)
(2.5875 3.02885 0)
(2.6625 3.02885 0)
(2.7375 3.02885 -1.92747e-19)
(2.8125 3.02885 0)
(2.8875 3.02885 -1.92747e-19)
(2.9625 3.02885 0)
(3.0375 3.02885 0)
(3.1125 3.02885 -1.92747e-19)
(3.1875 3.02885 0)
(3.2625 3.02885 -1.92747e-19)
(3.3375 3.02885 0)
(3.4125 3.02885 0)
(3.4875 3.02885 -1.92747e-19)
(3.5625 3.02885 0)
(3.6375 3.02885 -1.92747e-19)
(3.7125 3.02885 0)
(3.7875 3.02885 0)
(3.8625 3.02885 -1.92747e-19)
(3.9375 3.02885 0)
(4.0125 3.02885 -5.06384e-18)
(4.0875 3.02885 0)
(4.1625 3.02885 0)
(4.2375 3.02885 0)
(4.3125 3.02885 0)
(4.3875 3.02885 0)
(4.4625 3.02885 0)
(4.5375 3.02885 0)
(4.6125 3.02885 0)
(4.6875 3.02885 0)
(4.7625 3.02885 0)
(4.8375 3.02885 0)
(4.9125 3.02885 0)
(4.9875 3.02885 0)
(5.0625 3.02885 0)
(5.1375 3.02885 0)
(5.2125 3.02885 0)
(5.2875 3.02885 0)
(5.3625 3.02885 0)
(5.4375 3.02885 0)
(5.5125 3.02885 0)
(5.5875 3.02885 0)
(5.6625 3.02885 0)
(5.7375 3.02885 0)
(5.8125 3.02885 0)
(5.8875 3.02885 0)
(5.9625 3.02885 0)
(6.0375 3.02885 0)
(6.1125 3.02885 0)
(6.1875 3.02885 0)
(6.2625 3.02885 0)
(6.3375 3.02885 0)
(6.4125 3.02885 0)
(6.4875 3.02885 0)
(6.5625 3.02885 0)
(6.6375 3.02885 0)
(6.7125 3.02885 0)
(6.7875 3.02885 0)
(6.8625 3.02885 0)
(6.9375 3.02885 0)
(7.0125 3.02885 0)
(7.0875 3.02885 0)
(7.1625 3.02885 0)
(7.2375 3.02885 0)
(7.3125 3.02885 0)
(7.3875 3.02885 0)
(7.4625 3.02885 0)
(7.5375 3.02885 0)
(7.6125 3.02885 0)
(7.6875 3.02885 0)
(7.7625 3.02885 0)
(7.8375 3.02885 0)
(7.9125 3.02885 0)
(7.9875 3.02885 0)
(8.0625 3.02885 0)
(8.1375 3.02885 0)
(8.2125 3.02885 0)
(8.2875 3.02885 0)
(8.3625 3.02885 -4.67834e-18)
(8.4375 3.02885 0)
(8.5125 3.02885 0)
(8.5875 3.02885 0)
(8.6625 3.02885 0)
(8.7375 3.02885 -4.67834e-18)
(8.8125 3.02885 0)
(8.8875 3.02885 0)
(8.9625 3.02885 0)
(0.0375 3.03298 2.42133e-18)
(0.1125 3.03298 -1.92747e-19)
(0.1875 3.03298 -2.51771e-18)
(0.2625 3.03298 5.03541e-18)
(0.3375 3.03298 -7.55312e-18)
(0.4125 3.03298 -2.51771e-18)
(0.4875 3.03298 -2.51771e-18)
(0.5625 3.03298 -2.71045e-18)
(0.6375 3.03298 2.51771e-18)
(0.7125 3.03298 -2.71045e-18)
(0.7875 3.03298 -1.92747e-19)
(0.8625 3.03298 0)
(0.9375 3.03298 -2.71045e-18)
(1.0125 3.03298 2.51771e-18)
(1.0875 3.03298 -2.71045e-18)
(1.1625 3.03298 0)
(1.2375 3.03298 -2.71045e-18)
(1.3125 3.03298 0)
(1.3875 3.03298 -2.51771e-18)
(1.4625 3.03298 -2.71045e-18)
(1.5375 3.03298 0)
(1.6125 3.03298 -2.51771e-18)
(1.6875 3.03298 0)
(1.7625 3.03298 -2.51771e-18)
(1.8375 3.03298 -2.71045e-18)
(1.9125 3.03298 0)
(1.9875 3.03298 -2.51771e-18)
(2.0625 3.03298 0)
(2.1375 3.03298 -5.03541e-18)
(2.2125 3.03298 0)
(2.2875 3.03298 0)
(2.3625 3.03298 -5.22816e-18)
(2.4375 3.03298 0)
(2.5125 3.03298 -5.03541e-18)
(2.5875 3.03298 0)
(2.6625 3.03298 0)
(2.7375 3.03298 -5.22816e-18)
(2.8125 3.03298 0)
(2.8875 3.03298 -5.22816e-18)
(2.9625 3.03298 4.64992e-18)
(3.0375 3.03298 -4.64992e-18)
(3.1125 3.03298 -5.22816e-18)
(3.1875 3.03298 0)
(3.2625 3.03298 -5.22816e-18)
(3.3375 3.03298 4.64992e-18)
(3.4125 3.03298 -4.64992e-18)
(3.4875 3.03298 -5.22816e-18)
(3.5625 3.03298 0)
(3.6375 3.03298 -5.22816e-18)
(3.7125 3.03298 4.64992e-18)
(3.7875 3.03298 -4.64992e-18)
(3.8625 3.03298 -5.22816e-18)
(3.9375 3.03298 0)
(4.0125 3.03298 -5.03541e-18)
(4.0875 3.03298 0)
(4.1625 3.03298 0)
(4.2375 3.03298 0)
(4.3125 3.03298 -2.51771e-18)
(4.3875 3.03298 0)
(4.4625 3.03298 0)
(4.5375 3.03298 0)
(4.6125 3.03298 0)
(4.6875 3.03298 -2.51771e-18)
(4.7625 3.03298 0)
(4.8375 3.03298 0)
(4.9125 3.03298 0)
(4.9875 3.03298 0)
(5.0625 3.03298 -2.51771e-18)
(5.1375 3.03298 0)
(5.2125 3.03298 0)
(5.2875 3.03298 0)
(5.3625 3.03298 0)
(5.4375 3.03298 -2.51771e-18)
(5.5125 3.03298 0)
(5.5875 3.03298 0)
(5.6625 3.03298 0)
(5.7375 3.03298 0)
(5.8125 3.03298 -2.51771e-18)
(5.8875 3.03298 0)
(5.9625 3.03298 0)
(6.0375 3.03298 0)
(6.1125 3.03298 0)
(6.1875 3.03298 -2.51771e-18)
(6.2625 3.03298 0)
(6.3375 3.03298 0)
(6.4125 3.03298 0)
(6.4875 3.03298 0)
(6.5625 3.03298 -2.51771e-18)
(6.6375 3.03298 0)
(6.7125 3.03298 0)
(6.7875 3.03298 0)
(6.8625 3.03298 0)
(6.9375 3.03298 -2.51771e-18)
(7.0125 3.03298 0)
(7.0875 3.03298 0)
(7.1625 3.03298 0)
(7.2375 3.03298 0)
(7.3125 3.03298 -2.51771e-18)
(7.3875 3.03298 0)
(7.4625 3.03298 0)
(7.5375 3.03298 0)
(7.6125 3.03298 0)
(7.6875 3.03298 -2.51771e-18)
(7.7625 3.03298 0)
(7.8375 3.03298 0)
(7.9125 3.03298 0)
(7.9875 3.03298 0)
(8.0625 3.03298 -2.51771e-18)
(8.1375 3.03298 0)
(8.2125 3.03298 -2.51771e-18)
(8.2875 3.03298 -2.51771e-18)
(8.3625 3.03298 -1.92747e-19)
(8.4375 3.03298 -2.51771e-18)
(8.5125 3.03298 0)
(8.5875 3.03298 -2.51771e-18)
(8.6625 3.03298 -2.51771e-18)
(8.7375 3.03298 -1.92747e-19)
(8.8125 3.03298 -2.51771e-18)
(8.8875 3.03298 0)
(8.9625 3.03298 -2.51771e-18)
)
;

boundaryField
{
    bottomWall
    {
        type            calculated;
        value           nonuniform List<vector> 
120
(
(0.040038 1 0)
(0.120091 0.999013 0)
(0.199801 0.993014 0)
(0.277973 0.977107 0)
(0.352564 0.949014 0)
(0.422486 0.910396 0)
(0.488447 0.865122 0)
(0.551689 0.816041 0)
(0.613298 0.764897 0)
(0.674201 0.712905 0)
(0.735216 0.661047 0)
(0.796797 0.609865 0)
(0.858966 0.559397 0)
(0.921616 0.509528 0)
(0.984635 0.460124 0)
(1.04791 0.411044 0)
(1.11137 0.362212 0)
(1.17518 0.313839 0)
(1.23969 0.266405 0)
(1.3053 0.220502 0)
(1.3724 0.176849 0)
(1.44143 0.136342 0)
(1.51267 0.0998773 0)
(1.58613 0.0681756 0)
(1.66168 0.0418783 0)
(1.73906 0.0216272 0)
(1.81787 0.00800903 0)
(1.89757 0.00146304 0)
(1.9776 -3.63526e-09 0)
(2.05768 0 0)
(2.13776 0 0)
(2.21783 0 0)
(2.29791 0 0)
(2.37798 0 0)
(2.45806 -5.55112e-17 0)
(2.53814 -5.55112e-17 0)
(2.61821 0 0)
(2.69829 0 0)
(2.77836 0 0)
(2.85844 1.11022e-16 0)
(2.93852 1.11022e-16 0)
(3.01859 0 0)
(3.09867 0 0)
(3.17874 0 0)
(3.25882 0 0)
(3.3389 0 0)
(3.41897 0 0)
(3.49905 0 0)
(3.57912 0 0)
(3.6592 -5.55112e-17 0)
(3.73928 -5.55112e-17 0)
(3.81935 0 0)
(3.89943 0 0)
(3.97951 0 0)
(4.05958 1.11022e-16 0)
(4.13966 1.11022e-16 0)
(4.21973 0 0)
(4.29981 0 0)
(4.37989 0 0)
(4.45996 0 0)
(4.54004 0 0)
(4.62011 0 0)
(4.70019 0 0)
(4.78027 0 0)
(4.86034 0 0)
(4.94042 0 0)
(5.02049 0 0)
(5.10057 0 0)
(5.18065 0 0)
(5.26072 0 0)
(5.3408 0 0)
(5.42088 0 0)
(5.50095 0 0)
(5.58103 0 0)
(5.6611 0 0)
(5.74118 0 0)
(5.82126 0 0)
(5.90133 0 0)
(5.98141 0 0)
(6.06148 0 0)
(6.14156 0 0)
(6.22164 0 0)
(6.30171 0 0)
(6.38179 0 0)
(6.46186 0 0)
(6.54194 0 0)
(6.62202 0 0)
(6.70209 0 0)
(6.78217 0 0)
(6.86224 0 0)
(6.94232 0 0)
(7.0224 -3.63526e-09 0)
(7.10243 0.00146304 0)
(7.18213 0.00800903 0)
(7.26094 0.0216272 0)
(7.33832 0.0418783 0)
(7.41387 0.0681756 0)
(7.48733 0.0998773 0)
(7.55857 0.136342 0)
(7.6276 0.176849 0)
(7.6947 0.220502 0)
(7.76031 0.266405 0)
(7.82482 0.313839 0)
(7.88863 0.362212 0)
(7.95209 0.411044 0)
(8.01537 0.460124 0)
(8.07838 0.509528 0)
(8.14103 0.559397 0)
(8.2032 0.609865 0)
(8.26478 0.661047 0)
(8.3258 0.712905 0)
(8.3867 0.764897 0)
(8.44831 0.816041 0)
(8.51155 0.865122 0)
(8.57751 0.910396 0)
(8.64744 0.949014 0)
(8.72203 0.977107 0)
(8.8002 0.993014 0)
(8.87991 0.999013 0)
(8.95996 1 0)
)
;
    }
    topWall
    {
        type            calculated;
        value           nonuniform List<vector> 
120
(
(0.0375 3.035 0)
(0.1125 3.035 0)
(0.1875 3.035 0)
(0.2625 3.035 0)
(0.3375 3.035 0)
(0.4125 3.035 0)
(0.4875 3.035 0)
(0.5625 3.035 0)
(0.6375 3.035 0)
(0.7125 3.035 0)
(0.7875 3.035 0)
(0.8625 3.035 0)
(0.9375 3.035 0)
(1.0125 3.035 0)
(1.0875 3.035 0)
(1.1625 3.035 0)
(1.2375 3.035 0)
(1.3125 3.035 0)
(1.3875 3.035 0)
(1.4625 3.035 0)
(1.5375 3.035 0)
(1.6125 3.035 0)
(1.6875 3.035 0)
(1.7625 3.035 0)
(1.8375 3.035 0)
(1.9125 3.035 0)
(1.9875 3.035 0)
(2.0625 3.035 0)
(2.1375 3.035 0)
(2.2125 3.035 0)
(2.2875 3.035 0)
(2.3625 3.035 0)
(2.4375 3.035 0)
(2.5125 3.035 0)
(2.5875 3.035 0)
(2.6625 3.035 0)
(2.7375 3.035 0)
(2.8125 3.035 0)
(2.8875 3.035 0)
(2.9625 3.035 0)
(3.0375 3.035 0)
(3.1125 3.035 0)
(3.1875 3.035 0)
(3.2625 3.035 0)
(3.3375 3.035 0)
(3.4125 3.035 0)
(3.4875 3.035 0)
(3.5625 3.035 0)
(3.6375 3.035 0)
(3.7125 3.035 0)
(3.7875 3.035 0)
(3.8625 3.035 0)
(3.9375 3.035 0)
(4.0125 3.035 0)
(4.0875 3.035 0)
(4.1625 3.035 0)
(4.2375 3.035 0)
(4.3125 3.035 0)
(4.3875 3.035 0)
(4.4625 3.035 0)
(4.5375 3.035 0)
(4.6125 3.035 0)
(4.6875 3.035 0)
(4.7625 3.035 0)
(4.8375 3.035 0)
(4.9125 3.035 0)
(4.9875 3.035 0)
(5.0625 3.035 0)
(5.1375 3.035 0)
(5.2125 3.035 0)
(5.2875 3.035 0)
(5.3625 3.035 0)
(5.4375 3.035 0)
(5.5125 3.035 0)
(5.5875 3.035 0)
(5.6625 3.035 0)
(5.7375 3.035 0)
(5.8125 3.035 0)
(5.8875 3.035 0)
(5.9625 3.035 0)
(6.0375 3.035 0)
(6.1125 3.035 0)
(6.1875 3.035 0)
(6.2625 3.035 0)
(6.3375 3.035 0)
(6.4125 3.035 0)
(6.4875 3.035 0)
(6.5625 3.035 0)
(6.6375 3.035 0)
(6.7125 3.035 0)
(6.7875 3.035 0)
(6.8625 3.035 0)
(6.9375 3.035 0)
(7.0125 3.035 0)
(7.0875 3.035 0)
(7.1625 3.035 0)
(7.2375 3.035 0)
(7.3125 3.035 0)
(7.3875 3.035 0)
(7.4625 3.035 0)
(7.5375 3.035 0)
(7.6125 3.035 0)
(7.6875 3.035 0)
(7.7625 3.035 0)
(7.8375 3.035 0)
(7.9125 3.035 0)
(7.9875 3.035 0)
(8.0625 3.035 0)
(8.1375 3.035 0)
(8.2125 3.035 0)
(8.2875 3.035 0)
(8.3625 3.035 0)
(8.4375 3.035 0)
(8.5125 3.035 0)
(8.5875 3.035 0)
(8.6625 3.035 0)
(8.7375 3.035 0)
(8.8125 3.035 0)
(8.8875 3.035 0)
(8.9625 3.035 0)
)
;
    }
    inlet_half0
    {
        type            cyclic;
    }
    inlet_half1
    {
        type            cyclic;
    }
    outlet_half0
    {
        type            cyclic;
    }
    outlet_half1
    {
        type            cyclic;
    }
    sideRight_half0
    {
        type            empty;
    }
    sideRight_half1
    {
        type            empty;
    }
    sideLeft_half0
    {
        type            empty;
    }
    sideLeft_half1
    {
        type            empty;
    }
}


// ************************************************************************* //
