/*--------------------------------*- C++ -*----------------------------------*\
  =========                 |
  \\      /  F ield         | OpenFOAM: The Open Source CFD Toolbox
   \\    /   O peration     | Website:  https://openfoam.org
    \\  /    A nd           | Version:  8
     \\/     M anipulation  |
\*---------------------------------------------------------------------------*/
FoamFile
{
    version     2.0;
    format      ascii;
    class       volScalarField;
    location    "constant";
    object      Cz;
}
// * * * * * * * * * * * * * * * * * * * * * * * * * * * * * * * * * * * * * //

dimensions      [0 1 0 0 0 0 0];

internalField   nonuniform List<scalar> 
15600
(
-4.50814e-18
-4.60342e-18
-4.71442e-18
2.30267e-18
4.78725e-18
0
9.42662e-20
-4.86497e-18
-2.25964e-18
0
2.12947e-18
-4.03665e-18
9.798e-18
-5.60656e-18
3.62084e-18
9.48912e-20
-6.64192e-18
1.57423e-18
-1.4145e-18
0
-2.94795e-18
9.54669e-20
-9.56061e-20
9.57449e-20
0
-9.34905e-18
-2.35397e-18
-9.63149e-20
-6.95496e-18
0
0
0
4.60452e-18
0
0
2.35045e-18
4.79727e-18
0
4.70089e-18
0
9.63735e-20
0
6.95496e-18
0
-6.95496e-18
-4.60452e-18
0
0
6.95496e-18
9.63735e-20
-9.63735e-20
0
0
0
-9.63735e-20
-9.63735e-20
0
-4.50814e-18
0
-4.50814e-18
0
-9.63735e-20
0
0
2.35045e-18
-6.95496e-18
-4.50814e-18
0
-6.95496e-18
0
0
0
0
9.63735e-20
-4.70089e-18
0
0
-4.60452e-18
0
-6.95496e-18
0
0
9.63735e-20
4.60452e-18
-9.63735e-20
0
4.60452e-18
0
0
6.95496e-18
0
2.35045e-18
0
9.65777e-20
-9.67211e-20
-9.6862e-20
-5.03342e-18
-2.70968e-18
-2.62968e-18
-2.75729e-18
1.54159e-18
0
-6.39464e-18
-5.00802e-18
-6.98529e-18
9.79142e-20
-5.51181e-18
9.80486e-18
-2.11652e-18
0
-6.64859e-18
0
-1.2261e-17
0
5.02487e-18
9.67234e-18
-4.79987e-18
0
0
-2.25407e-18
0
-4.7343e-18
-2.1818e-18
-4.63483e-18
-4.61724e-18
-2.75687e-18
4.76956e-18
-1.96362e-18
1.90541e-19
0
5.96736e-18
0
1.66171e-18
-5.69631e-18
1.91181e-19
0
-1.38688e-18
9.682e-18
-7.85322e-18
3.98639e-18
0
-5.07312e-18
0
-5.05318e-18
-1.92266e-19
2.20887e-18
0
-4.72983e-18
-1.92758e-19
2.17497e-18
-4.73545e-18
2.56048e-18
0
-4.73545e-18
-4.92821e-18
0
0
-2.36772e-18
0
1.92758e-19
-2.17497e-18
0
1.92758e-19
0
-2.36772e-18
0
0
-4.73545e-18
0
0
-2.36772e-18
-2.56048e-18
0
-2.17497e-18
2.17497e-18
0
-1.92758e-19
2.36772e-18
0
-2.36772e-18
0
0
-2.36772e-18
1.92758e-19
0
0
1.92758e-19
-1.92758e-19
0
0
2.36772e-18
0
-2.36772e-18
0
0
-1.92758e-19
1.92758e-19
0
2.36772e-18
0
2.17497e-18
0
0
-2.36772e-18
0
-2.36772e-18
0
0
-2.36772e-18
0
-6.71766e-18
-4.73545e-18
0
-1.92963e-19
0
-1.93244e-19
-2.52785e-18
-4.85316e-18
-5.46042e-18
2.85315e-18
1.93891e-19
-2.91152e-18
-7.97803e-18
-3.15637e-18
1.2039e-17
-1.50557e-18
-1.96571e-18
3.70543e-18
5.64259e-18
1.94668e-19
-2.16778e-18
2.07389e-18
9.37873e-18
7.34916e-18
-7.51471e-18
-2.30862e-18
0
6.93171e-18
-4.54178e-18
0
0
0
4.40268e-18
0
-3.82547e-19
0
-3.81238e-19
0
-1.90541e-19
-3.98822e-18
-8.4869e-18
0
0
2.09e-18
1.6389e-18
1.91248e-19
-3.0434e-18
5.85483e-18
4.59437e-18
-5.56384e-18
-2.56493e-18
-1.91838e-19
2.34089e-18
0
-2.3742e-18
1.9241e-19
0
0
1.92758e-19
1.92758e-19
0
0
0
0
0
1.92758e-19
0
0
0
1.92758e-19
0
-2.29141e-18
0
0
0
0
0
0
4.39007e-18
0
0
1.92758e-19
1.92758e-19
0
0
-2.29141e-18
0
0
0
2.29141e-18
2.29141e-18
0
0
0
-1.92758e-19
1.92758e-19
0
0
2.29141e-18
2.09866e-18
1.92758e-19
0
0
0
0
0
1.92758e-19
-1.92758e-19
2.29141e-18
1.92758e-19
1.92758e-19
-1.92758e-19
-4.58283e-18
1.92758e-19
1.92758e-19
2.29141e-18
0
1.92758e-19
2.29141e-18
1.92758e-19
-1.92758e-19
-2.29141e-18
-2.28884e-18
6.88537e-18
2.32444e-18
2.37518e-18
0
-2.72792e-18
0
-2.7587e-18
-3.07391e-18
-3.19559e-18
0
0
8.47261e-18
-1.94266e-19
1.94343e-19
7.14452e-18
-4.33495e-18
-1.94665e-19
0
-6.75502e-18
0
4.40303e-18
-7.06502e-18
-1.94204e-19
-7.01044e-18
1.93161e-19
-6.87302e-18
4.39007e-18
-4.05009e-18
-1.9268e-19
-2.22359e-18
6.20287e-18
-2.14752e-18
4.60708e-18
0
-4.5471e-18
0
-3.83705e-18
0
-1.90895e-19
0
1.45537e-18
0
1.52145e-18
-7.52734e-18
-1.60274e-18
0
1.91579e-19
0
0
2.25824e-18
-1.92124e-19
4.2105e-18
0
-4.24944e-18
2.02251e-18
0
0
6.46065e-18
2.2178e-18
4.4356e-18
0
0
0
0
0
0
0
0
0
-8.48569e-18
2.2178e-18
-6.26789e-18
0
-6.46065e-18
0
1.92759e-19
2.2178e-18
6.46065e-18
-2.2178e-18
0
0
0
0
0
0
0
0
0
6.46065e-18
0
0
-2.41056e-18
0
0
0
0
-1.92759e-19
2.2178e-18
-6.46065e-18
2.02504e-18
0
6.46065e-18
-1.92759e-19
2.02504e-18
6.26789e-18
2.2178e-18
1.92759e-19
0
0
-2.2178e-18
0
0
0
0
0
1.92759e-19
0
4.24284e-18
2.02504e-18
2.40815e-18
0
-4.11307e-18
0
0
0
1.93649e-19
0
-1.9389e-19
0
-8.8563e-18
-1.66135e-18
-1.52145e-18
-1.77438e-18
3.48729e-18
-2.11076e-18
0
7.82355e-18
6.4311e-18
0
1.94889e-19
4.4322e-18
1.94601e-19
4.48923e-18
2.26127e-18
-6.48004e-18
0
0
2.05042e-18
0
0
-1.80289e-18
-1.91274e-19
4.44884e-18
-1.94559e-18
-1.90894e-18
1.84067e-18
-6.0134e-18
3.67663e-18
0
3.5109e-18
0
0
1.91248e-19
-2.82928e-18
6.0176e-18
2.61069e-18
1.91579e-19
-5.15524e-18
4.74484e-18
-1.91982e-19
2.0964e-18
-2.22354e-18
0
1.92555e-19
2.14431e-18
-2.14679e-18
1.95403e-18
2.14679e-18
1.92759e-19
-2.14679e-18
0
6.24761e-18
1.92759e-19
0
0
1.95403e-18
-2.14679e-18
0
6.24761e-18
2.14679e-18
-4.10082e-18
0
2.33955e-18
-1.92759e-19
-2.14679e-18
-2.14679e-18
0
0
0
0
0
-1.92759e-19
0
0
0
2.14679e-18
0
1.92759e-19
2.14679e-18
1.92759e-19
0
0
0
0
0
-2.14679e-18
-1.92759e-19
0
1.95403e-18
0
1.95403e-18
-2.33955e-18
0
0
2.14679e-18
1.92759e-19
0
0
1.92759e-19
2.14679e-18
1.92759e-19
1.95403e-18
0
1.92759e-19
-4.10082e-18
-1.92759e-19
-1.92759e-19
1.92759e-19
1.92759e-19
2.14443e-18
1.92964e-19
4.16187e-18
2.41776e-18
0
2.37202e-18
0
0
5.38409e-18
0
-1.94071e-19
-1.80293e-18
1.942e-19
-1.94263e-19
1.97599e-18
3.12546e-18
0
5.32029e-18
3.68706e-18
1.23821e-17
-4.39384e-18
0
-4.25799e-18
-1.877e-18
-2.38203e-18
6.45927e-18
-2.1464e-18
2.14679e-18
0
-1.88507e-18
-6.05812e-18
-1.91858e-19
3.99519e-18
-2.05267e-18
-8.42718e-18
-4.04691e-18
-3.91512e-18
1.90628e-19
5.69707e-18
-3.55099e-18
-1.98219e-18
-3.06051e-18
-1.65989e-18
0
5.83836e-18
0
2.70889e-18
-7.41895e-18
-2.30113e-18
2.19587e-18
0
-2.02258e-18
0
-1.92411e-19
0
-1.92701e-19
2.07829e-18
-1.9276e-19
1.9276e-19
0
1.9276e-19
-1.9276e-19
0
-1.9276e-19
1.9276e-19
-1.88553e-18
-4.15658e-18
-3.77106e-18
0
3.96382e-18
0
0
0
-3.77106e-18
0
3.77106e-18
0
0
0
3.96382e-18
0
-3.96382e-18
-4.15658e-18
-6.04211e-18
0
0
-1.88553e-18
-3.96382e-18
-6.04211e-18
-2.07829e-18
1.9276e-19
0
-6.04211e-18
-4.15658e-18
-6.04211e-18
-2.07829e-18
1.9276e-19
-2.07829e-18
0
-2.07829e-18
-6.04211e-18
-4.15658e-18
1.9276e-19
-2.07829e-18
0
1.9276e-19
-3.96382e-18
-1.88553e-18
1.9276e-19
-1.88553e-18
-1.9276e-19
0
-1.9276e-19
0
0
0
-1.9276e-19
1.9276e-19
-2.07829e-18
-2.07829e-18
0
-2.0817e-18
1.93107e-19
-1.95991e-18
-2.21596e-18
-4.20317e-18
1.93648e-19
-2.30113e-18
0
0
0
0
0
0
0
1.40575e-18
-5.23467e-18
0
0
-1.94868e-19
4.24179e-18
8.43137e-18
4.49454e-18
6.18699e-18
-3.87289e-19
0
3.77015e-18
2.07829e-18
0
0
-2.01713e-18
-7.8102e-18
4.04445e-18
0
0
-1.95012e-18
1.88651e-18
0
1.89849e-18
1.6194e-18
1.91008e-19
0
-5.85495e-18
-2.91827e-18
0
0
0
0
4.43869e-18
0
0
-1.92125e-19
3.9744e-18
1.92411e-19
-1.92556e-19
1.92702e-19
4.02442e-18
0
0
2.20497e-18
-1.9276e-19
1.9276e-19
-1.9276e-19
0
0
0
-1.9276e-19
0
0
0
-1.9276e-19
0
0
0
-1.9276e-19
-1.9276e-19
2.01221e-18
0
0
0
0
0
-1.9276e-19
2.01221e-18
2.01221e-18
0
0
0
1.9276e-19
0
-1.9276e-19
0
0
-1.9276e-19
0
-1.9276e-19
0
0
1.9276e-19
0
0
0
-1.9276e-19
0
2.01221e-18
-1.9276e-19
0
2.01221e-18
-1.9276e-19
-1.9276e-19
0
0
0
0
0
1.81945e-18
0
0
-1.9276e-19
0
0
2.01553e-18
-2.04074e-18
-2.08431e-18
0
0
-1.93648e-19
-6.85181e-18
1.93887e-19
-4.85489e-18
-1.94068e-19
-5.64837e-18
5.25984e-18
0
0
-8.10147e-18
3.43332e-18
5.5125e-18
5.60303e-18
5.85441e-18
5.65549e-18
-3.89608e-19
-4.15268e-18
-2.12079e-18
-1.93645e-19
1.93162e-19
0
0
0
-1.75527e-18
-3.71387e-18
3.77426e-18
4.09872e-18
-1.90802e-18
0
-3.75877e-18
9.47101e-18
5.40255e-18
0
8.18625e-18
7.62556e-18
1.80431e-18
0
1.08988e-17
0
5.0707e-18
-2.34065e-18
2.43196e-18
2.33214e-18
4.27794e-18
1.95581e-18
1.92125e-19
0
-3.75813e-18
0
0
-1.92761e-19
-1.92761e-19
-1.94846e-18
3.70417e-18
1.92761e-19
-1.7557e-18
3.89693e-18
3.70417e-18
1.7557e-18
3.70417e-18
0
3.89693e-18
0
3.89693e-18
3.89693e-18
3.89693e-18
-1.7557e-18
1.92761e-19
3.89693e-18
1.7557e-18
0
3.70417e-18
0
-1.92761e-19
3.70417e-18
0
1.94846e-18
3.70417e-18
0
0
0
3.70417e-18
3.89693e-18
-1.92761e-19
7.60109e-18
0
3.89693e-18
0
0
0
0
1.92761e-19
1.92761e-19
-1.94846e-18
0
1.92761e-19
1.92761e-19
-1.94846e-18
1.92761e-19
1.92761e-19
0
0
1.92761e-19
3.89693e-18
3.70417e-18
1.94846e-18
3.89693e-18
3.70417e-18
1.94846e-18
3.70417e-18
3.89693e-18
1.92761e-19
1.7557e-18
-1.92761e-19
0
-3.90338e-18
-1.93108e-19
0
0
4.10513e-18
2.2367e-18
1.93775e-19
-2.43427e-18
-4.6813e-18
2.43966e-18
7.80117e-18
2.62908e-18
0
-1.81077e-18
0
-3.31631e-18
0
-1.94778e-19
1.9486e-19
0
-5.93406e-18
4.20523e-18
5.96266e-18
3.5824e-18
-5.47544e-18
1.9284e-19
-1.94846e-18
0
1.69378e-18
0
1.91858e-19
0
-1.83951e-18
-3.87845e-18
0
0
7.07798e-18
-7.93112e-18
1.90896e-19
-1.43326e-18
2.74177e-18
1.91182e-19
-2.34336e-18
-2.44464e-18
2.3522e-18
0
2.35204e-18
4.51207e-18
-2.16251e-18
-6.04423e-18
0
-5.66633e-18
0
0
3.76975e-18
3.58118e-18
3.58118e-18
-3.58118e-18
0
0
0
0
0
0
0
1.92761e-19
0
-7.16236e-18
0
0
0
-1.92761e-19
0
0
-7.16236e-18
0
0
1.69421e-18
-7.16236e-18
-1.92761e-19
1.88697e-18
0
-1.88697e-18
0
1.88697e-18
-1.92761e-19
0
0
-1.92761e-19
1.88697e-18
0
0
0
-1.88697e-18
0
-1.92761e-19
0
1.88697e-18
1.92761e-19
0
0
0
0
1.92761e-19
0
1.88697e-18
-7.16236e-18
0
-1.69421e-18
3.38842e-18
0
0
1.88697e-18
0
3.38842e-18
1.88697e-18
0
0
-1.92761e-19
0
-1.69715e-18
1.93109e-19
1.7606e-18
-1.93382e-19
4.16054e-18
1.93648e-19
2.25811e-18
2.16046e-18
7.15873e-18
0
-2.83291e-18
-7.99222e-18
2.82614e-18
0
-2.86653e-18
-3.00891e-18
3.17245e-18
3.54313e-18
5.64535e-18
-6.01808e-18
1.64911e-18
0
1.98621e-18
-2.11538e-18
-5.48335e-18
0
0
-9.63882e-20
-5.0961e-18
0
-7.05256e-18
-1.91954e-18
-3.73769e-18
0
-3.87174e-18
5.44544e-18
0
-1.29925e-17
-1.90896e-19
5.71706e-18
0
0
0
4.90497e-18
-4.53568e-18
0
0
1.917e-19
-2.09268e-18
0
5.44962e-18
0
0
3.46804e-18
0
-1.92762e-19
-1.82765e-18
0
-3.46255e-18
0
-3.46255e-18
0
0
-3.46255e-18
0
0
-1.63489e-18
1.82765e-18
-5.2902e-18
0
0
0
-3.46255e-18
1.82765e-18
0
0
0
0
0
0
-1.63489e-18
-1.63489e-18
0
0
0
8.75274e-18
0
0
0
1.82765e-18
-8.75274e-18
0
5.2902e-18
1.92762e-19
0
0
0
5.2902e-18
1.92762e-19
1.92762e-19
0
1.63489e-18
1.92762e-19
1.63489e-18
5.2902e-18
-3.46255e-18
-1.92762e-19
5.2902e-18
1.92762e-19
-1.63489e-18
0
-8.75274e-18
0
0
-1.63489e-18
0
-8.75274e-18
-3.46255e-18
3.46255e-18
1.82576e-18
-1.92967e-19
-1.467e-18
7.1817e-18
5.83764e-18
2.01366e-18
-1.90084e-18
1.93774e-19
-2.27725e-18
6.91643e-18
-1.94064e-19
-7.07049e-18
-2.83186e-18
2.73141e-18
-2.83728e-18
0
7.63914e-18
-3.25199e-18
0
0
3.68554e-18
3.74916e-18
0
3.65073e-18
-8.91699e-18
-1.63944e-18
1.92841e-19
1.82765e-18
9.63888e-20
1.92683e-19
-5.13062e-18
8.42612e-18
-7.04964e-18
7.22037e-18
-6.85127e-18
1.49131e-18
1.43606e-18
0
2.94633e-18
1.39751e-18
0
-1.91102e-19
2.63696e-18
2.54681e-18
-2.27212e-18
-1.91383e-19
0
0
-1.92009e-18
0
0
0
0
0
0
0
0
-1.92762e-19
0
0
-1.77043e-18
0
0
0
0
-4.92577e-18
0
-1.77043e-18
0
-1.77043e-18
0
0
-3.54086e-18
-6.50344e-18
0
-3.3481e-18
-1.77043e-18
0
0
-3.3481e-18
0
0
-1.77043e-18
-1.77043e-18
0
-1.77043e-18
3.54086e-18
-1.77043e-18
-1.77043e-18
-6.6962e-18
-6.50344e-18
1.77043e-18
-1.77043e-18
-1.77043e-18
-1.92762e-19
1.92762e-19
0
-3.3481e-18
0
3.3481e-18
0
0
-1.92762e-19
-1.77043e-18
-6.88896e-18
-8.46663e-18
-6.88896e-18
0
0
1.92762e-19
0
0
0
-1.92762e-19
-6.6962e-18
-5.11853e-18
1.92762e-19
0
3.3481e-18
1.92762e-19
-6.68885e-18
0
1.79507e-18
-1.83244e-18
-3.57506e-18
5.65471e-18
0
-2.11386e-18
0
2.09824e-18
0
0
-2.54975e-18
0
-2.54762e-18
-2.8576e-18
-4.58156e-18
0
6.60773e-18
0
-5.24041e-18
3.42563e-18
1.94588e-19
8.91646e-18
0
0
0
1.77043e-18
-9.63894e-20
-4.95157e-18
6.2985e-18
-3.10366e-18
-6.42982e-18
3.29633e-18
0
-6.67296e-18
-3.13456e-18
0
0
2.8846e-18
-2.9489e-18
0
-2.54881e-18
-2.07952e-18
0
-2.29934e-18
-1.83161e-18
-6.00332e-18
1.917e-19
-3.34518e-18
0
1.92125e-19
-3.35563e-18
0
-8.01093e-18
-4.94746e-18
-3.2377e-18
1.71523e-18
-1.92763e-19
3.2377e-18
-4.95293e-18
0
0
-1.92763e-19
1.71523e-18
0
0
0
3.2377e-18
1.52247e-18
0
-1.71523e-18
0
1.52247e-18
-3.2377e-18
0
-1.71523e-18
-3.2377e-18
1.71523e-18
1.92763e-19
3.2377e-18
-4.95293e-18
0
0
1.71523e-18
0
-6.28264e-18
-1.71523e-18
1.52247e-18
3.04494e-18
0
0
0
0
-1.71523e-18
1.92763e-19
1.52247e-18
-9.52034e-18
0
0
1.52247e-18
0
1.71523e-18
0
-1.92763e-19
0
1.71523e-18
-1.92763e-19
1.52247e-18
1.92763e-19
1.71523e-18
1.71523e-18
0
0
1.92763e-19
1.71523e-18
-1.92763e-19
4.76017e-18
-9.52034e-18
0
0
1.71813e-18
-3.47797e-18
1.93249e-19
0
-1.88743e-18
-7.84862e-18
-1.85176e-18
6.00562e-18
-2.41104e-18
0
0
7.00648e-18
-1.94249e-19
2.45567e-18
2.7613e-18
2.6937e-18
1.80889e-18
1.30313e-18
0
-6.87214e-18
2.0403e-18
0
-1.80165e-18
0
3.24624e-18
-1.92842e-19
0
1.46922e-18
0
0
1.49718e-18
-9.68395e-18
-3.36854e-18
-1.78146e-18
3.12307e-18
-1.7006e-18
-6.15423e-18
0
1.90897e-19
0
1.91103e-19
2.2726e-18
1.91247e-19
-2.30289e-18
-1.91383e-19
-1.91473e-19
2.05962e-18
0
-1.91838e-19
1.63412e-18
1.7661e-18
2.86015e-18
0
0
0
-1.92763e-19
-4.60043e-18
3.13121e-18
0
0
6.06965e-18
0
1.92763e-19
1.92763e-19
0
1.92763e-19
0
0
1.92763e-19
0
1.92763e-19
3.13121e-18
-1.66198e-18
3.32397e-18
6.45517e-18
-1.66198e-18
3.32397e-18
1.92763e-19
0
0
-2.93844e-18
0
6.26241e-18
3.13121e-18
-1.66198e-18
-1.92763e-19
0
4.79319e-18
1.92763e-19
0
0
1.92763e-19
4.79319e-18
0
0
0
1.66198e-18
6.26241e-18
4.79319e-18
6.45517e-18
1.92763e-19
0
3.13121e-18
1.66198e-18
6.26241e-18
0
0
3.13121e-18
0
0
2.93844e-18
0
0
-1.66198e-18
0
0
1.92763e-19
3.13121e-18
0
7.72322e-18
0
-1.93111e-19
0
0
-3.46175e-18
0
-1.97963e-18
-3.73608e-18
0
-2.03223e-18
6.52888e-18
1.94185e-19
2.2726e-18
0
2.47398e-18
-1.94512e-19
-5.47185e-18
4.52448e-18
0
-7.80767e-18
1.98041e-18
1.78343e-18
-1.35604e-18
1.69082e-18
-1.93166e-19
2.93766e-18
0
0
0
0
-5.96969e-18
-1.87758e-18
-6.31732e-18
4.98044e-18
-7.90384e-18
3.2908e-18
-4.55284e-18
-5.46333e-18
0
1.91009e-19
-2.0903e-18
-9.14466e-18
4.41135e-18
-2.03555e-18
6.26031e-18
0
3.60255e-18
1.91699e-19
0
-1.91982e-19
3.03724e-18
-3.13766e-18
6.14313e-18
8.90753e-18
1.92706e-19
-3.02847e-18
1.61062e-18
0
-1.61062e-18
1.92764e-19
0
0
0
0
6.05695e-18
0
0
0
1.92764e-19
0
-1.61062e-18
0
0
0
1.80338e-18
1.92764e-19
0
0
3.02847e-18
6.05695e-18
0
0
-1.92764e-19
-1.61062e-18
-3.22124e-18
1.92764e-19
0
-6.24971e-18
-1.92764e-19
6.05695e-18
1.92764e-19
-1.92764e-19
0
0
0
-1.92764e-19
-1.61062e-18
0
-1.92764e-19
-1.80338e-18
0
0
1.61062e-18
0
1.80338e-18
0
-3.22124e-18
-1.41785e-18
0
0
0
-1.92764e-19
0
1.80338e-18
0
0
1.92764e-19
-6.24971e-18
0
0
-1.9297e-19
-3.26537e-18
1.9325e-19
1.712e-18
2.95936e-18
-1.93647e-19
1.72228e-18
-2.18904e-18
-1.88065e-18
0
0
2.49842e-18
-2.38482e-18
-4.95144e-18
0
1.94509e-19
-1.9463e-19
-1.94754e-19
4.36455e-18
1.6994e-18
-1.53306e-18
0
-7.86357e-18
-6.16512e-18
-1.42148e-18
0
0
0
3.12122e-18
5.87158e-18
1.91859e-19
0
0
1.85859e-18
0
0
2.67936e-18
3.81534e-19
2.41079e-18
-2.10692e-18
-2.19887e-18
-2.30263e-18
-2.22518e-18
-1.91308e-19
0
2.00466e-18
0
0
0
-6.27516e-18
-3.12257e-18
1.61334e-18
-4.16768e-18
3.12668e-18
-1.92706e-19
0
-5.66598e-18
0
0
1.92765e-19
2.73661e-18
2.92937e-18
0
-5.85874e-18
0
-5.66598e-18
1.92765e-19
1.92765e-19
0
-1.92765e-19
0
0
0
5.85874e-18
-5.85874e-18
0
-5.85874e-18
-1.92765e-19
0
-1.92765e-19
0
5.66598e-18
0
1.92765e-19
-2.92937e-18
0
2.92937e-18
0
0
-2.92937e-18
0
-3.12214e-18
-2.73661e-18
-1.92765e-19
1.92765e-19
5.66598e-18
2.92937e-18
-8.59535e-18
0
0
0
-1.92765e-19
-2.73661e-18
2.92937e-18
1.92765e-19
0
0
-2.92937e-18
0
0
0
1.92765e-19
-2.92937e-18
1.92765e-19
0
0
1.92765e-19
-2.73661e-18
0
0
0
0
1.61432e-18
-3.12383e-18
0
-1.93646e-19
-7.22508e-18
0
-1.81318e-18
-1.88871e-18
-1.9622e-18
6.29598e-18
-1.94242e-19
0
4.98467e-18
-5.01608e-18
-2.73479e-18
-2.67936e-18
-5.99608e-18
1.64444e-18
1.47734e-18
-1.94578e-19
-7.59732e-18
1.7809e-18
0
8.59324e-18
0
2.7374e-18
0
-2.45507e-18
2.49722e-18
0
3.22804e-18
-4.46137e-18
-1.58711e-18
2.89104e-18
0
-1.90768e-19
2.32308e-18
2.40556e-18
-4.4296e-18
2.22631e-18
-1.76926e-18
-1.89145e-18
-9.67785e-18
0
-3.3495e-18
0
0
0
0
0
0
5.29166e-18
-1.92707e-19
2.83377e-18
0
0
0
5.28202e-18
-1.92765e-19
0
2.64101e-18
5.66755e-18
0
2.83377e-18
-1.92765e-19
1.92765e-19
3.85531e-19
-1.92765e-19
-1.92765e-19
-1.92765e-19
-1.92765e-19
1.92765e-19
5.66755e-18
-1.92765e-19
0
5.28202e-18
2.64101e-18
1.92765e-19
5.66755e-18
-1.92765e-19
-1.92765e-19
-3.02654e-18
0
0
3.85531e-19
0
0
0
-1.92765e-19
1.92765e-19
0
0
0
5.66755e-18
1.92765e-19
-3.02654e-18
5.86031e-18
-3.02654e-18
0
0
1.92765e-19
0
0
5.66755e-18
-5.66755e-18
5.66755e-18
0
-1.92765e-19
0
5.66755e-18
0
-1.92765e-19
3.85531e-19
-1.92765e-19
0
2.83377e-18
-1.92765e-19
0
0
0
0
1.80048e-18
0
1.72441e-18
0
-1.86863e-18
1.7481e-18
1.94053e-19
3.97702e-18
-2.15468e-18
2.22937e-18
-2.11925e-18
2.60335e-18
0
0
-5.35727e-18
0
0
2.84716e-18
3.04091e-18
1.77881e-18
3.27003e-18
-5.68119e-18
0
0
5.29036e-18
-1.92686e-19
0
-5.18886e-18
1.91274e-19
0
-1.90626e-19
-5.76282e-18
-1.07867e-17
2.48664e-18
3.81537e-19
-7.09722e-18
-2.13412e-18
4.46711e-18
2.15269e-18
2.08092e-18
-4.02901e-18
1.75517e-18
0
-1.8064e-18
5.01751e-18
1.66832e-18
1.60732e-18
1.92126e-19
5.48523e-18
0
0
1.92708e-19
2.74155e-18
0
-5.29034e-18
-1.92766e-19
2.74155e-18
0
0
2.74155e-18
-5.67588e-18
1.92766e-19
0
2.93432e-18
-1.92766e-19
0
0
8.0319e-18
0
1.92766e-19
-8.0319e-18
-5.48311e-18
0
2.54879e-18
0
0
-5.29034e-18
-8.0319e-18
0
0
-1.92766e-19
0
5.48311e-18
0
2.74155e-18
0
0
1.92766e-19
1.92766e-19
0
0
2.54879e-18
0
2.74155e-18
0
2.74155e-18
-1.92766e-19
5.09758e-18
0
0
0
-5.29034e-18
0
-1.92766e-19
0
0
-5.29034e-18
0
0
-5.09758e-18
0
2.74155e-18
-1.92766e-19
5.29034e-18
-1.92766e-19
0
0
1.92972e-19
1.93114e-19
-2.83973e-18
-2.92143e-18
-1.60886e-18
-6.29322e-18
-3.08941e-18
5.23221e-18
-7.12924e-18
2.14327e-18
6.05195e-18
1.88968e-18
-1.94237e-19
0
2.32851e-18
0
1.94617e-19
0
-2.60141e-18
5.57658e-18
-2.74346e-18
0
-2.48755e-18
0
1.93169e-19
2.54806e-18
0
0
2.6518e-18
2.65783e-18
2.69498e-18
0
2.6445e-18
3.81254e-19
5.18443e-18
2.88695e-18
1.90636e-19
2.46252e-18
4.31373e-18
2.05653e-18
1.91103e-19
-2.08167e-18
-3.83395e-18
0
0
0
1.55701e-18
1.91699e-19
0
2.92276e-18
-2.63218e-18
-2.93834e-18
-2.88205e-18
5.12135e-18
-2.84254e-18
-2.84536e-18
0
-1.92767e-19
-1.92767e-19
-2.6526e-18
-2.84536e-18
-1.92767e-19
1.92767e-19
-2.84536e-18
0
1.92767e-19
-1.92767e-19
0
0
-5.30519e-18
-2.45983e-18
-1.92767e-19
-2.6526e-18
5.30519e-18
0
0
0
-2.45983e-18
0
4.91966e-18
-2.45983e-18
-5.30519e-18
2.6526e-18
0
1.92767e-19
2.84536e-18
0
0
2.84536e-18
2.45983e-18
0
0
0
0
-2.45983e-18
0
0
0
-5.11243e-18
0
1.92767e-19
1.92767e-19
-2.6526e-18
-2.6526e-18
0
0
0
0
-5.11243e-18
2.45983e-18
-2.6526e-18
1.92767e-19
2.6526e-18
-2.45983e-18
0
0
2.6526e-18
0
2.6526e-18
1.92826e-19
-2.4644e-18
0
-5.49411e-18
-2.82556e-18
5.46156e-18
0
-3.17307e-18
1.93875e-19
0
1.69192e-18
0
1.82135e-18
-1.94234e-19
-2.16267e-18
-6.55838e-18
0
0
0
-2.50584e-18
2.98188e-18
0
-2.6445e-18
0
-2.69677e-18
1.93169e-19
-1.92846e-19
1.92767e-19
0
-7.5053e-18
0
1.91859e-19
2.87647e-18
-8.02842e-18
-5.28449e-18
0
0
-2.49798e-18
0
6.80713e-18
-1.98169e-18
1.89691e-18
1.82198e-18
0
1.88516e-18
0
0
-1.69282e-18
-4.69301e-18
0
-1.91982e-19
0
0
0
7.52051e-18
0
0
1.92767e-19
2.37401e-18
1.92767e-19
0
0
-2.56678e-18
2.56678e-18
0
0
-1.92767e-19
-2.56678e-18
1.92767e-19
0
2.56678e-18
-2.37401e-18
0
4.9408e-18
0
0
4.9408e-18
0
0
0
0
2.37401e-18
-1.92767e-19
1.92767e-19
-2.37401e-18
2.37401e-18
0
0
-1.92767e-19
2.75955e-18
0
2.37401e-18
0
0
0
-7.50758e-18
0
0
0
-4.9408e-18
2.56678e-18
-7.31481e-18
1.92767e-19
-1.92767e-19
0
-2.56678e-18
0
-1.92767e-19
-1.92767e-19
2.75955e-18
-7.50758e-18
0
-2.56678e-18
-2.56678e-18
0
1.92767e-19
-7.50758e-18
2.37401e-18
0
0
0
-1.92974e-19
-7.61629e-18
-2.65765e-18
-2.5397e-18
0
1.93645e-19
1.63031e-18
0
-1.56635e-18
0
0
0
-1.82198e-18
-2.09121e-18
-1.94389e-19
0
2.18855e-18
-5.00415e-18
1.9481e-19
-2.49706e-18
5.48339e-18
-1.94567e-19
5.37622e-18
-2.6087e-18
7.52423e-18
-1.92847e-19
0
0
0
-2.29616e-18
2.52194e-18
0
-1.90854e-19
5.28898e-18
-5.19164e-18
0
1.90638e-19
-4.40734e-18
0
-1.71849e-18
-3.84706e-18
0
0
7.10429e-18
1.91382e-19
1.51e-18
-1.91577e-19
0
0
0
-1.92127e-19
1.92271e-19
-2.51832e-18
0
0
-2.484e-18
-2.29123e-18
-5.16077e-18
0
2.484e-18
0
2.29123e-18
-1.92768e-19
-1.92768e-19
0
0
1.92768e-19
0
1.92768e-19
-1.92768e-19
4.77523e-18
-1.92768e-19
-2.29123e-18
0
1.92768e-19
-1.92768e-19
-7.25924e-18
7.25924e-18
1.92768e-19
4.77523e-18
-1.92768e-19
7.25924e-18
0
-1.92768e-19
-2.29123e-18
0
-5.16077e-18
0
-2.67677e-18
-2.484e-18
-1.92768e-19
0
7.25924e-18
1.92768e-19
0
-2.29123e-18
2.484e-18
0
0
-2.29123e-18
2.29123e-18
7.25924e-18
0
-4.968e-18
-4.77523e-18
-2.29123e-18
0
-4.968e-18
7.25924e-18
0
0
-1.92768e-19
-2.484e-18
-2.29123e-18
7.25924e-18
0
7.25924e-18
4.77523e-18
4.77523e-18
-1.92828e-19
7.27264e-18
0
5.14282e-18
0
1.93516e-19
-2.84341e-18
0
0
0
-1.57205e-18
-1.8267e-18
5.26978e-18
-1.94228e-19
4.04455e-18
1.9095e-18
-2.1967e-18
-1.94603e-19
0
0
2.6001e-18
-4.90772e-18
-2.45669e-18
1.94191e-19
1.93649e-19
0
2.09769e-18
0
4.61555e-18
2.40339e-18
0
-2.43997e-18
-2.51042e-18
4.73549e-18
2.36408e-18
4.82404e-18
-2.42955e-18
-2.33118e-18
0
3.85794e-18
-1.83987e-18
0
-7.15101e-18
6.90467e-18
0
0
0
0
-1.91698e-19
-1.91837e-19
2.64376e-18
7.47755e-18
0
4.87436e-18
-2.40816e-18
0
5.00106e-18
0
1.92769e-19
0
0
0
0
-7.21244e-18
0
-5.00106e-18
0
-2.40415e-18
0
1.92769e-19
0
-4.61553e-18
0
2.21138e-18
0
-2.40415e-18
0
-1.92769e-19
0
-1.92769e-19
-1.92769e-19
0
0
-1.92769e-19
0
4.61553e-18
-1.92769e-19
0
0
-2.40415e-18
0
4.61553e-18
0
2.40415e-18
0
1.92769e-19
0
0
0
1.92769e-19
1.92769e-19
2.40415e-18
0
0
0
-1.92769e-19
0
0
-4.61553e-18
2.40415e-18
1.92769e-19
0
1.92769e-19
0
0
0
0
0
-1.92769e-19
0
-4.80375e-18
4.62417e-18
-1.93118e-19
0
5.11564e-18
0
1.93644e-19
0
1.39555e-18
0
1.94042e-19
1.94109e-19
-3.45525e-18
5.46493e-18
0
1.83987e-18
-6.17588e-18
-6.28722e-18
1.94719e-19
2.43379e-18
0
-2.75359e-18
2.56231e-18
5.02666e-18
1.9365e-19
2.60231e-18
0
0
4.36509e-18
1.9269e-19
-4.66193e-18
-1.91859e-19
2.42763e-18
-2.4728e-18
0
0
9.00624e-18
0
6.05938e-18
0
1.96372e-18
0
-2.01304e-18
0
-1.91307e-19
0
1.59467e-18
0
1.06891e-17
0
1.91982e-19
2.47354e-18
0
-4.5254e-18
4.66205e-18
-6.78181e-18
2.32712e-18
-6.78858e-18
4.26869e-18
0
-2.32712e-18
-2.32712e-18
2.32712e-18
0
0
2.32712e-18
0
0
0
-6.78858e-18
-1.9277e-19
0
-2.32712e-18
-2.32712e-18
1.9277e-19
-1.9277e-19
0
0
0
0
1.9277e-19
-4.46146e-18
1.9277e-19
4.65423e-18
1.9277e-19
4.847e-18
-2.13435e-18
4.847e-18
-4.46146e-18
-2.13435e-18
0
1.9277e-19
0
1.9277e-19
-4.65423e-18
1.9277e-19
6.98135e-18
-4.26869e-18
2.51989e-18
-4.26869e-18
0
1.9277e-19
2.32712e-18
4.65423e-18
4.847e-18
1.9277e-19
0
1.9277e-19
-2.32712e-18
1.9277e-19
4.65423e-18
-4.26869e-18
-4.46146e-18
-2.13435e-18
-4.46146e-18
1.9277e-19
-2.32712e-18
1.9277e-19
2.13435e-18
0
-6.58921e-18
1.92977e-19
2.35961e-18
1.93255e-19
-4.56283e-18
0
2.85236e-18
0
0
1.59716e-18
1.9404e-19
-3.22709e-18
5.10249e-18
-1.94222e-19
1.69735e-18
0
1.94477e-19
0
-2.25626e-18
-2.35107e-18
-2.42617e-18
2.27749e-18
-2.4765e-18
0
0
2.33178e-18
1.92849e-19
-6.78858e-18
4.21647e-18
0
-4.32031e-18
1.90092e-18
0
4.39835e-18
-2.38459e-18
6.63754e-18
1.90558e-19
0
2.07495e-18
3.58036e-18
0
-1.44438e-18
3.33391e-18
0
-1.65281e-18
-1.91381e-19
2.51377e-18
3.16913e-18
5.16056e-18
0
4.56363e-18
2.39346e-18
2.32956e-18
-1.92419e-19
-4.32066e-18
2.25064e-18
2.25281e-18
-2.06004e-18
2.25281e-18
2.25281e-18
-1.92771e-19
-2.25281e-18
0
0
-2.25281e-18
-1.92771e-19
-1.92771e-19
-4.50562e-18
1.92771e-19
4.69839e-18
0
-1.92771e-19
-4.50562e-18
-2.25281e-18
0
-1.92771e-19
-2.25281e-18
2.25281e-18
-1.92771e-19
4.31285e-18
0
-1.92771e-19
-4.50562e-18
0
-4.50562e-18
-4.50562e-18
2.06004e-18
-6.75843e-18
-4.50562e-18
2.25281e-18
2.25281e-18
-2.25281e-18
4.69839e-18
-4.50562e-18
-6.75843e-18
2.25281e-18
-6.56566e-18
-2.25281e-18
-6.9512e-18
-6.56566e-18
-6.75843e-18
0
-4.50562e-18
0
-2.25281e-18
-4.50562e-18
0
-2.25281e-18
-6.75843e-18
-4.50562e-18
4.31285e-18
-4.50562e-18
-6.75843e-18
-6.56566e-18
-6.75843e-18
-2.25281e-18
4.31285e-18
-2.25281e-18
2.25281e-18
0
4.30869e-18
0
0
0
0
-4.75714e-18
-4.94883e-18
-2.6782e-18
2.5944e-18
0
1.60171e-18
1.65561e-18
-3.41697e-18
0
0
7.22041e-18
-1.98465e-18
0
1.98535e-18
-1.94786e-19
-4.4928e-18
-9.16533e-18
1.94555e-19
2.35069e-18
6.47197e-18
-4.32113e-18
-1.9285e-19
-2.06004e-18
0
-2.1804e-18
0
-2.40292e-18
0
-2.50105e-18
-4.22679e-18
-1.90548e-19
-6.18922e-18
1.72123e-18
1.81471e-18
0
0
0
-1.51415e-18
-1.91247e-19
1.59977e-18
-3.09619e-18
-1.91471e-19
5.38563e-18
-1.91698e-19
0
0
2.31621e-18
0
1.92419e-19
-2.18483e-18
-6.15178e-18
4.36226e-18
0
2.18113e-18
0
0
1.92772e-19
1.92772e-19
1.92772e-19
0
0
0
0
1.92772e-19
1.92772e-19
4.36226e-18
0
-4.16949e-18
1.92772e-19
-1.92772e-19
4.36226e-18
0
0
-4.16949e-18
1.92772e-19
4.16949e-18
4.36226e-18
0
0
0
0
0
0
1.92772e-19
-1.92772e-19
0
0
0
-1.92772e-19
-2.18113e-18
2.18113e-18
2.56667e-18
1.92772e-19
2.18113e-18
0
0
4.16949e-18
0
0
0
0
0
0
-1.92772e-19
0
0
0
0
0
0
0
0
2.18113e-18
0
0
0
-1.92979e-19
4.22942e-18
0
2.12408e-18
0
4.9737e-18
0
-5.00248e-18
-2.60765e-18
0
0
-4.57201e-18
-3.22252e-18
1.94286e-19
1.83979e-18
1.72445e-18
0
0
-6.19344e-18
0
1.94737e-19
6.35802e-18
4.35312e-18
0
0
-6.54168e-18
0
-2.01561e-18
0
-2.11491e-18
1.9186e-19
-2.19643e-18
2.04233e-18
-2.03568e-18
0
-6.3477e-18
1.84099e-18
-3.87696e-18
0
0
0
-6.21824e-18
0
0
0
1.91471e-19
-2.41137e-18
-2.50181e-18
1.91837e-19
-4.43929e-18
-4.48337e-18
1.99057e-18
0
2.11559e-18
-1.92714e-19
-2.11198e-18
1.92772e-19
0
-4.03119e-18
-4.22397e-18
0
0
2.11198e-18
-1.92772e-19
0
0
0
2.11198e-18
0
2.11198e-18
0
0
0
2.11198e-18
0
-6.14318e-18
0
0
1.92772e-19
1.91921e-18
0
2.11198e-18
0
1.92772e-19
0
1.92772e-19
-4.22397e-18
4.22397e-18
1.92772e-19
2.11198e-18
1.92772e-19
0
2.11198e-18
0
-4.22397e-18
0
1.92772e-19
-4.22397e-18
1.92772e-19
0
1.92772e-19
0
2.11198e-18
-4.22397e-18
1.92772e-19
0
-1.91921e-18
4.22397e-18
0
-2.11198e-18
0
1.92772e-19
2.11198e-18
2.11198e-18
0
2.11198e-18
0
-1.91921e-18
-4.22397e-18
-1.92832e-19
0
-2.14101e-18
-6.16496e-18
-4.2925e-18
-6.758e-18
0
0
-5.0166e-18
2.51352e-18
0
0
5.81891e-18
-6.2243e-18
0
-1.77951e-18
-2.04998e-18
-1.94228e-18
0
1.92534e-18
0
2.03568e-18
4.08466e-18
0
-1.75457e-18
0
5.94856e-18
6.14318e-18
-9.63999e-20
0
1.92362e-19
0
2.31602e-18
1.96804e-18
-4.11209e-18
-4.02863e-18
-1.90562e-19
1.77263e-18
0
1.7908e-18
-3.054e-18
3.11654e-18
0
0
-5.42311e-18
0
0
4.84093e-18
2.22754e-18
0
-2.24072e-18
0
0
-1.92421e-19
-1.85623e-18
-4.08685e-18
0
2.04528e-18
0
0
1.92773e-19
-1.92773e-19
0
-2.04528e-18
-3.89779e-18
0
-3.70502e-18
0
-2.04528e-18
-1.92773e-19
2.04528e-18
0
-1.92773e-19
3.89779e-18
2.04528e-18
0
-2.04528e-18
1.92773e-19
0
0
2.04528e-18
0
-4.09056e-18
0
0
-3.70502e-18
0
0
-3.70502e-18
2.04528e-18
0
0
-3.89779e-18
7.98835e-18
-1.92773e-19
0
1.92773e-19
-1.92773e-19
1.92773e-19
2.04528e-18
-3.89779e-18
0
2.04528e-18
-1.85251e-18
-5.7503e-18
-2.04528e-18
0
0
2.04528e-18
0
0
5.94307e-18
2.04528e-18
0
-1.92773e-19
0
-2.04528e-18
5.94307e-18
-5.94307e-18
0
0
2.04921e-18
5.83346e-18
0
0
-1.93517e-19
0
-4.64884e-18
1.93863e-19
0
0
5.62e-18
0
0
0
-1.527e-18
-1.94458e-19
1.87765e-18
-1.57794e-18
0
1.91904e-18
-1.96073e-18
-6.29322e-18
0
3.7595e-18
0
5.94134e-18
1.92773e-19
-3.67273e-18
0
0
2.00556e-18
0
6.07087e-18
2.07906e-18
1.90551e-19
5.73529e-18
0
-1.0106e-17
1.35002e-18
0
-1.60027e-18
-2.70878e-18
5.60479e-18
-5.424e-18
-1.91381e-19
-2.52659e-18
-2.43262e-18
0
0
0
0
2.23858e-18
3.82188e-18
3.96873e-18
1.97918e-18
-1.78816e-18
0
0
-1.92774e-19
0
0
0
-1.92774e-19
0
1.98094e-18
1.98094e-18
1.92774e-19
1.98094e-18
0
0
-1.92774e-19
0
3.7691e-18
0
0
-1.92774e-19
0
0
1.92774e-19
0
0
-1.78816e-18
0
-3.96188e-18
1.59539e-18
1.92774e-19
1.59539e-18
-1.78816e-18
-3.96188e-18
-1.92774e-19
5.94282e-18
3.96188e-18
3.96188e-18
0
1.59539e-18
-3.96188e-18
3.7691e-18
0
1.59539e-18
0
5.94282e-18
-1.92774e-19
0
1.92774e-19
3.96188e-18
0
1.59539e-18
1.92774e-19
-1.92774e-19
-1.92774e-19
0
-1.92774e-19
5.94282e-18
1.92774e-19
-1.92774e-19
5.94282e-18
3.96188e-18
1.92774e-19
1.92774e-19
1.92835e-19
0
-3.82259e-18
-7.6094e-18
1.9339e-19
-1.93517e-19
-2.4448e-18
2.34165e-18
7.30473e-18
0
-1.94027e-19
0
0
-2.51458e-18
8.84352e-18
-6.27239e-18
6.55258e-18
-1.94566e-19
0
1.97948e-18
0
-3.77686e-18
0
1.94182e-19
-1.8137e-18
0
-3.76794e-18
-3.7691e-18
5.27469e-18
0
-5.57053e-18
5.44182e-18
-5.58412e-18
-5.86352e-18
7.8467e-18
-1.90553e-19
0
0
0
6.12702e-18
6.04932e-18
0
0
-1.91247e-19
0
0
2.44209e-18
0
0
2.17627e-18
-1.91983e-19
0
1.98164e-18
0
-3.65185e-18
3.64169e-18
0
1.92775e-19
0
0
-3.64497e-18
3.64497e-18
-1.92775e-19
3.64497e-18
-3.45219e-18
-3.64497e-18
3.64497e-18
0
-1.91887e-18
0
-5.56384e-18
0
1.92775e-19
0
0
1.91887e-18
0
0
-1.92775e-19
0
0
-7.28994e-18
0
-3.64497e-18
0
5.56384e-18
1.92775e-19
0
0
0
0
0
0
0
7.28994e-18
0
0
-3.64497e-18
0
0
-3.64497e-18
0
0
0
0
-3.64497e-18
0
0
0
0
5.75662e-18
0
-3.64497e-18
0
0
0
0
0
0
-1.91887e-18
0
3.65226e-18
-1.93125e-19
0
0
-1.93518e-19
0
0
-4.51462e-18
1.93948e-19
1.94024e-19
-2.42885e-18
0
2.80393e-18
2.90927e-18
-3.028e-18
0
1.36607e-18
-1.83778e-18
9.17495e-18
-1.97379e-18
-1.62398e-18
-7.69815e-18
-1.94181e-19
-3.69362e-18
0
-3.64382e-18
1.92775e-19
8.62033e-18
0
-1.92364e-19
-3.76077e-18
-5.58235e-18
0
1.75144e-18
0
0
1.90647e-19
6.20134e-18
-1.90904e-19
2.92031e-18
0
0
0
0
-2.44682e-18
-2.36059e-18
1.91575e-19
2.18864e-18
1.91394e-18
-2.0315e-18
-3.74591e-18
-1.72698e-18
1.88325e-18
0
0
1.66622e-18
0
0
-5.38422e-18
0
0
0
0
0
-3.52522e-18
-3.52522e-18
0
-1.66622e-18
0
0
0
-3.52522e-18
-3.52522e-18
1.859e-18
1.859e-18
-1.66622e-18
0
0
0
0
-7.24322e-18
0
0
5.38422e-18
-3.52522e-18
-1.92776e-19
1.859e-18
-1.859e-18
0
0
-1.66622e-18
0
0
1.92776e-19
0
-1.859e-18
0
3.52522e-18
5.38422e-18
0
-1.859e-18
1.92776e-19
0
1.859e-18
-1.92776e-19
0
3.52522e-18
0
-1.859e-18
1.92776e-19
0
0
1.859e-18
0
5.577e-18
0
0
-1.92776e-19
1.92776e-19
3.52224e-18
3.53235e-18
1.88395e-18
1.93262e-19
0
0
0
-1.93757e-19
2.08256e-18
-4.72613e-18
0
-2.53435e-18
0
0
0
-8.57658e-18
0
0
0
1.84867e-18
0
0
0
-3.66071e-18
0
-1.9318e-19
-3.71695e-18
0
-9.64041e-20
1.92697e-19
-5.21612e-18
0
1.86247e-18
-3.39257e-18
1.87721e-18
-1.83933e-18
1.78256e-18
0
3.08421e-18
0
1.91013e-19
-2.71033e-18
-1.91182e-19
0
0
0
0
-4.20657e-18
0
-2.03777e-18
1.91983e-19
1.71464e-18
0
-1.63213e-18
1.80442e-18
3.40679e-18
3.60249e-18
0
-1.92778e-19
1.92778e-19
0
6.81942e-18
-1.80124e-18
0
0
0
0
0
0
6.81942e-18
1.80124e-18
6.81942e-18
-1.80124e-18
0
0
0
0
6.62665e-18
0
0
1.92778e-19
-1.92778e-19
0
-6.62665e-18
0
-3.40971e-18
0
-6.62665e-18
6.62665e-18
0
0
0
6.62665e-18
-1.80124e-18
-3.40971e-18
0
-5.21096e-18
-5.21096e-18
-3.40971e-18
-5.21096e-18
5.21096e-18
0
0
1.92778e-19
0
-5.01818e-18
-1.92778e-19
1.92778e-19
0
1.92778e-19
0
1.92778e-19
0
1.80124e-18
-1.92778e-19
0
-1.92778e-19
-1.60847e-18
0
1.92778e-19
6.81381e-18
-1.80483e-18
0
3.52688e-18
-1.93392e-19
0
0
-1.93756e-19
4.20885e-18
2.0905e-18
2.56137e-18
0
-7.58814e-18
1.94193e-19
0
1.94342e-19
-2.9469e-18
1.64126e-18
4.76253e-18
0
-3.29756e-18
-1.49186e-18
-3.39257e-18
1.86537e-18
-1.93654e-19
-5.21775e-18
1.92857e-19
0
-4.75467e-18
0
0
-6.67186e-18
0
-3.45937e-18
0
-6.53899e-18
0
0
0
2.84128e-18
-2.72257e-18
2.61761e-18
2.52431e-18
0
2.3637e-18
4.37965e-18
1.91469e-19
-8.1235e-18
4.09634e-18
1.97217e-18
1.90405e-18
-1.92129e-19
1.41648e-18
-1.92424e-19
-1.92573e-19
1.5514e-18
-1.74553e-18
5.04382e-18
0
-3.29829e-18
6.59657e-18
0
0
0
0
5.04382e-18
0
0
-6.59657e-18
0
0
0
-1.92779e-19
0
0
0
6.59657e-18
0
0
-1.92779e-19
0
1.92779e-19
1.74553e-18
5.04382e-18
3.49107e-18
0
0
0
5.04382e-18
3.49107e-18
1.55275e-18
0
0
3.49107e-18
-1.92779e-19
-1.92779e-19
0
-3.29829e-18
1.35998e-18
0
-1.92779e-19
0
0
3.49107e-18
0
3.49107e-18
0
0
0
-3.29829e-18
3.29829e-18
0
-1.92779e-19
0
0
-1.74553e-18
-5.04382e-18
3.49107e-18
0
-3.29829e-18
3.29565e-18
3.3051e-18
0
-1.93264e-19
-1.84798e-18
3.61765e-18
0
-7.8134e-18
0
-2.40254e-18
-1.94015e-19
6.90533e-18
0
-4.86045e-18
1.94257e-19
0
0
0
1.46558e-18
-1.94729e-19
0
5.26139e-18
1.94525e-19
-6.63943e-18
-6.4818e-18
0
0
-1.92779e-19
6.18886e-18
0
0
1.91861e-19
3.29838e-18
1.76528e-18
0
0
1.9057e-19
0
6.12615e-18
0
2.62894e-18
0
0
2.35846e-18
-1.91306e-19
2.20912e-18
4.26594e-18
-5.97886e-18
1.78994e-18
-7.25189e-18
-1.84368e-18
0
-1.55276e-18
1.92425e-19
4.69929e-18
0
0
6.3816e-18
6.3816e-18
0
6.3816e-18
0
6.3816e-18
3.1908e-18
6.3816e-18
6.3816e-18
0
1.49901e-18
6.3816e-18
6.3816e-18
3.1908e-18
0
0
-3.1908e-18
6.3816e-18
6.3816e-18
6.3816e-18
8.0734e-18
6.3816e-18
0
3.1908e-18
-3.1908e-18
0
6.3816e-18
0
1.9278e-19
0
6.3816e-18
0
6.3816e-18
1.49901e-18
6.3816e-18
0
6.3816e-18
-1.9278e-19
0
0
0
1.69179e-18
0
6.3816e-18
0
-6.3816e-18
0
6.3816e-18
0
6.3816e-18
-1.9278e-19
0
0
6.3816e-18
0
6.3816e-18
6.3816e-18
0
6.3816e-18
0
6.3816e-18
6.3816e-18
0
1.69058e-18
0
-4.949e-18
0
0
1.84521e-18
-1.91069e-18
1.93753e-19
1.86524e-18
0
0
0
-1.94127e-19
0
-1.94252e-19
-4.87585e-18
1.94425e-19
-3.89066e-19
0
1.94721e-19
4.77764e-18
0
-1.9452e-19
1.94175e-19
-3.22738e-18
0
1.69129e-18
0
5.98149e-18
1.6393e-18
-1.92367e-19
0
0
0
0
0
0
-3.09632e-18
0
0
0
-4.50164e-18
0
4.36653e-18
2.2075e-18
0
-3.74187e-18
-1.98943e-18
0
0
0
6.54738e-18
-6.18725e-18
-1.92426e-19
0
-1.92723e-19
-1.92781e-19
1.63995e-18
6.17424e-18
0
0
-1.63995e-18
0
-1.63995e-18
0
-1.63995e-18
6.17424e-18
0
6.17424e-18
0
0
-1.63995e-18
4.72707e-18
3.08712e-18
0
-1.63995e-18
4.72707e-18
0
0
0
0
-1.63995e-18
6.36702e-18
1.63995e-18
0
1.63995e-18
0
0
0
6.17424e-18
0
6.17424e-18
-1.92781e-19
0
0
-1.92781e-19
1.92781e-19
6.36702e-18
0
6.36702e-18
1.92781e-19
-1.44717e-18
-6.17424e-18
6.36702e-18
4.72707e-18
0
4.72707e-18
6.17424e-18
0
0
-1.92781e-19
3.2799e-18
1.92781e-19
6.36702e-18
4.53429e-18
6.17424e-18
0
6.36702e-18
-1.92781e-19
1.63995e-18
1.92842e-19
-4.54397e-18
6.2592e-18
-2.99749e-18
-6.7433e-18
1.93518e-19
1.93639e-19
-3.45152e-18
-1.9385e-19
-3.93581e-18
-1.94008e-19
-1.9407e-19
6.45704e-18
0
0
0
0
0
0
0
3.33002e-18
0
1.94516e-19
-1.692e-18
1.93656e-19
0
-1.63946e-18
-1.92781e-19
-1.49357e-18
0
-3.18121e-18
0
0
0
-1.8306e-18
1.2244e-18
2.7311e-18
-1.90653e-19
0
-2.74716e-18
1.91014e-19
-1.91105e-19
2.08491e-18
0
0
0
0
-1.91573e-19
1.91695e-19
1.59712e-18
0
-3.16588e-18
0
0
0
-4.38086e-18
5.97421e-18
0
1.20438e-18
-1.92782e-19
3.17989e-18
0
-1.20438e-18
0
1.92782e-19
-1.58994e-18
-8.76853e-18
1.92782e-19
-1.78273e-18
-1.58994e-18
0
0
-1.20438e-18
-1.92782e-19
0
0
4.38427e-18
0
0
0
-4.38427e-18
-1.58994e-18
0
0
0
0
-4.57705e-18
0
-8.76853e-18
0
1.92782e-19
0
0
0
0
0
0
0
0
0
0
0
7.37137e-18
0
0
0
0
1.92782e-19
0
-5.97421e-18
0
-4.38427e-18
0
0
0
-5.97421e-18
0
-1.58994e-18
0
-4.57705e-18
-1.92843e-19
0
-2.83483e-18
-1.83317e-18
6.14089e-18
0
4.985e-18
0
-1.92671e-18
-1.80287e-18
-3.74595e-18
0
2.205e-18
0
0
-2.2605e-18
-2.55976e-18
0
-1.94628e-19
0
-8.8792e-18
-1.94676e-19
1.94511e-19
-2.69399e-18
0
2.98966e-18
7.3687e-18
-1.58994e-18
0
0
0
-1.91861e-19
1.39223e-18
3.1964e-18
-3.17165e-18
0
5.25556e-18
5.59997e-18
0
-4.74493e-18
2.36751e-18
4.74808e-18
2.19916e-18
1.91246e-19
0
1.99579e-18
1.91468e-19
-7.06383e-18
0
-1.91836e-19
0
0
0
-1.92428e-19
3.08904e-18
0
3.2762e-18
0
-5.78126e-18
2.69784e-18
5.78126e-18
0
-2.89063e-18
1.92784e-19
1.92784e-19
0
8.4791e-18
-1.92784e-19
0
1.92784e-19
0
-2.89063e-18
-1.92784e-19
-8.4791e-18
1.92784e-19
5.58847e-18
0
1.92784e-19
1.92784e-19
-2.89063e-18
-2.89063e-18
-1.92784e-19
0
0
0
0
-1.92784e-19
-1.92784e-19
0
0
0
-1.92784e-19
0
0
-8.86467e-18
0
0
0
5.58847e-18
0
1.13697e-17
-5.78126e-18
0
5.78126e-18
0
0
1.92784e-19
0
0
0
-1.11769e-17
0
0
0
0
-1.92784e-19
2.69784e-18
5.78126e-18
2.69784e-18
-1.92784e-19
-5.58436e-18
-1.92993e-19
1.93134e-19
0
0
1.48309e-18
0
1.41038e-18
-1.93845e-19
-1.93928e-19
-1.99842e-18
-6.19483e-18
-4.06782e-18
-2.20214e-18
2.28162e-18
0
2.27701e-18
0
0
-5.64495e-18
-1.94718e-19
4.18554e-18
-1.40734e-18
5.95727e-18
3.11284e-18
0
0
-2.89063e-18
5.40238e-18
-2.79638e-18
2.6061e-18
0
0
5.80391e-18
0
-3.00147e-18
0
2.6095e-18
0
-2.38273e-18
-1.91015e-19
-6.41217e-18
1.91182e-19
-1.6742e-18
0
-3.66795e-18
-7.07844e-18
0
-6.56946e-18
0
-1.6228e-18
-3.15368e-18
0
0
0
0
0
0
0
5.20956e-18
0
0
1.92785e-19
2.99035e-18
1.92785e-19
-5.40234e-18
1.92785e-19
0
0
0
-2.79756e-18
-2.99035e-18
0
1.92785e-19
0
8.19991e-18
5.59513e-18
2.99035e-18
0
0
0
-5.40234e-18
0
-1.92785e-19
0
0
0
-5.20956e-18
0
0
-5.40234e-18
1.92785e-19
-2.60478e-18
0
0
-2.79756e-18
0
-2.79756e-18
0
0
0
-5.01677e-18
1.92785e-19
0
-1.92785e-19
-5.20956e-18
-5.40234e-18
0
0
1.92785e-19
0
0
0
1.92785e-19
0
1.92785e-19
0
0
0
1.92785e-19
0
-5.60738e-18
-1.93136e-19
0
-3.15622e-18
-6.1103e-18
1.93637e-19
-1.93401e-18
1.80354e-18
0
0
-3.60412e-18
-2.05955e-18
1.94165e-19
-1.94231e-19
-2.09546e-18
0
0
0
-2.72284e-18
8.25044e-18
0
0
8.44163e-18
0
0
0
0
-2.61142e-18
2.70662e-18
0
0
-5.36714e-18
0
1.90645e-19
2.71169e-18
0
-7.17188e-18
-9.23872e-18
-4.79204e-18
0
2.12644e-18
0
-3.78438e-18
-5.78096e-18
0
-3.22557e-18
1.55136e-18
0
0
3.14474e-18
0
0
0
0
0
7.73781e-18
0
-2.70779e-18
0
0
0
5.41559e-18
-2.70779e-18
0
0
5.2228e-18
0
0
0
-2.70779e-18
0
-5.41559e-18
5.60837e-18
0
0
2.51501e-18
0
0
0
2.51501e-18
-2.70779e-18
5.41559e-18
2.51501e-18
0
-1.92787e-19
5.41559e-18
0
0
5.41559e-18
0
-5.41559e-18
5.41559e-18
0
2.51501e-18
-5.2228e-18
-2.51501e-18
2.51501e-18
0
1.92787e-19
2.70779e-18
0
0
0
0
-1.92787e-19
-8.12338e-18
0
0
0
0
0
-1.92787e-19
0
5.41559e-18
-1.92787e-19
2.70779e-18
-1.92787e-19
0
5.41559e-18
1.92848e-19
0
-2.55101e-18
2.60222e-18
2.86604e-18
-1.93519e-19
0
-3.17564e-18
0
0
-3.54298e-18
-1.94053e-19
0
-2.05634e-18
0
0
2.30405e-18
0
7.37043e-18
2.62675e-18
2.52112e-18
-2.77988e-18
-3.00018e-18
5.5642e-18
1.93659e-19
0
5.22069e-18
-2.70779e-18
0
0
-5.24267e-18
-2.64073e-18
-1.91273e-19
0
2.67875e-18
2.61602e-18
0
0
-2.32137e-18
0
2.13296e-18
0
-7.55495e-18
0
0
-7.02601e-18
-1.93679e-18
0
1.82073e-18
-5.71846e-18
0
8.31425e-18
0
2.65544e-18
-5.06076e-18
0
0
0
5.2424e-18
0
1.92788e-19
-2.6212e-18
0
0
-5.04961e-18
0
-5.04961e-18
0
-2.6212e-18
0
-5.04961e-18
0
-2.6212e-18
0
1.92788e-19
-5.04961e-18
0
0
0
0
0
-5.04961e-18
-2.6212e-18
0
-7.67081e-18
0
0
0
0
0
0
-7.67081e-18
-2.6212e-18
-2.6212e-18
0
0
0
0
0
-2.81399e-18
-2.6212e-18
0
-2.81399e-18
0
0
0
0
-2.81399e-18
-2.6212e-18
0
0
0
-2.81399e-18
0
-2.6212e-18
0
0
-5.2424e-18
0
-2.81399e-18
0
2.82008e-18
-1.93139e-19
-1.93273e-19
0
0
0
4.6995e-18
-1.68892e-18
1.93919e-19
0
0
0
1.94155e-19
-1.9422e-19
-1.94194e-18
6.67441e-18
0
0
-4.87354e-18
-2.42545e-18
0
0
-1.94164e-19
2.44887e-18
2.62215e-18
0
0
2.4413e-18
0
5.07487e-18
0
0
0
4.97952e-18
1.90569e-19
4.88139e-18
2.15326e-18
0
0
-2.06027e-18
-3.77892e-18
-3.83549e-18
0
0
0
-1.49702e-18
-1.82394e-18
0
-2.85676e-18
0
-1.92132e-19
0
-1.92432e-19
0
-1.92731e-19
0
4.68976e-18
0
-4.88255e-18
4.88255e-18
0
0
0
4.68976e-18
5.07534e-18
-2.34488e-18
0
1.9279e-19
0
4.88255e-18
0
1.9279e-19
0
-4.88255e-18
4.68976e-18
-2.53767e-18
4.68976e-18
0
-7.61301e-18
4.88255e-18
-7.61301e-18
-1.9279e-19
-1.9279e-19
0
0
2.53767e-18
1.9279e-19
-1.9279e-19
-2.53767e-18
-1.9279e-19
0
1.9279e-19
-4.68976e-18
0
-1.9279e-19
0
-4.88255e-18
0
2.53767e-18
1.9279e-19
0
0
0
-2.53767e-18
-1.9279e-19
1.9279e-19
-2.53767e-18
0
-2.53767e-18
4.88255e-18
0
0
0
2.34488e-18
1.9279e-19
1.9279e-19
7.61301e-18
0
0
2.34333e-18
5.08689e-18
-2.76441e-18
-5.23642e-18
0
0
1.93635e-19
1.93742e-19
6.15087e-18
-4.68497e-18
0
-5.2178e-18
8.9126e-18
1.92071e-18
-5.96436e-18
-1.94289e-19
0
0
0
0
-1.94681e-19
0
1.94485e-19
-2.59922e-18
0
-7.42157e-18
0
0
7.08217e-18
-1.9271e-19
0
-2.47221e-18
0
0
9.59774e-18
0
2.54515e-18
-6.59428e-18
2.16283e-18
0
1.79915e-18
0
1.91182e-19
-5.00404e-18
0
1.305e-18
-1.63366e-18
-1.19687e-18
1.91694e-19
-5.52371e-18
0
2.59448e-18
1.92283e-19
0
0
0
2.4571e-18
2.26431e-18
4.7214e-18
0
4.7214e-18
2.4571e-18
2.4571e-18
4.52861e-18
4.7214e-18
4.7214e-18
-1.92791e-19
4.7214e-18
0
5.10699e-18
7.37129e-18
6.98571e-18
2.4571e-18
1.92791e-19
4.7214e-18
2.4571e-18
4.7214e-18
0
6.98571e-18
4.52861e-18
2.26431e-18
4.52861e-18
4.7214e-18
0
-1.92791e-19
0
0
2.4571e-18
2.4571e-18
0
0
1.92791e-19
0
4.7214e-18
2.4571e-18
0
2.4571e-18
0
4.9142e-18
0
0
0
0
0
0
0
-2.26431e-18
1.92791e-19
1.92791e-19
0
0
2.4571e-18
0
0
2.4571e-18
0
0
0
0
-7.1785e-18
0
0
0
0
1.93401e-19
0
-8.29097e-18
-1.93741e-19
8.71831e-18
-9.23489e-18
1.69036e-18
1.94039e-19
3.40262e-18
7.03765e-18
0
-1.99344e-18
1.94369e-19
2.16651e-18
0
-2.35862e-18
-1.94671e-19
-4.99748e-18
-4.66443e-18
2.5126e-18
2.47401e-18
-1.93195e-19
1.92872e-19
0
-9.64193e-20
1.92711e-19
0
1.91862e-19
0
2.62748e-18
2.59831e-18
6.8565e-18
-1.90586e-19
2.18232e-18
0
0
-1.92256e-18
3.51581e-18
0
-1.91246e-19
1.91305e-19
-4.32351e-18
1.77224e-18
1.91571e-19
1.91693e-19
5.14877e-18
-1.91984e-19
-4.63709e-18
7.16447e-18
2.60214e-18
-2.19193e-18
2.57074e-18
-4.75875e-18
2.18658e-18
7.13813e-18
0
-1.92793e-19
7.13813e-18
-1.92793e-19
4.56596e-18
-2.37938e-18
-1.92793e-19
1.92793e-19
0
0
0
0
0
1.92793e-19
2.18658e-18
7.13813e-18
-1.92793e-19
1.92793e-19
0
4.56596e-18
0
-2.37938e-18
7.13813e-18
0
2.37938e-18
0
-7.13813e-18
-2.57217e-18
0
0
-2.57217e-18
-7.13813e-18
0
4.75875e-18
0
-2.37938e-18
0
0
2.18658e-18
0
-1.92793e-19
2.37938e-18
-1.92793e-19
-2.57217e-18
0
-2.37938e-18
-4.75875e-18
4.75875e-18
-2.57217e-18
-1.92793e-19
4.75875e-18
-2.37938e-18
0
0
-2.37938e-18
-1.92793e-19
-7.13813e-18
-1.92793e-19
-4.75875e-18
-7.13813e-18
1.92793e-19
0
-1.93004e-19
0
0
-2.51195e-18
2.58527e-18
-2.6721e-18
0
-2.8697e-18
0
4.71146e-18
1.49289e-18
0
3.39494e-18
1.85655e-18
0
-1.80924e-18
0
1.94562e-19
1.94634e-19
4.70622e-18
-5.01787e-18
-2.44022e-18
0
4.59471e-18
1.93197e-19
4.37106e-18
0
6.43126e-18
0
0
2.31539e-18
1.96302e-18
1.90864e-19
0
1.90575e-19
-4.38291e-18
0
4.03083e-18
1.93162e-18
0
0
0
-1.67842e-18
0
-1.91377e-19
-1.91466e-19
0
5.34819e-18
0
4.99895e-18
7.28952e-18
-4.55596e-18
0
-2.11686e-18
1.92736e-19
0
0
0
4.41602e-18
1.92795e-19
-2.30441e-18
2.11161e-18
-2.30441e-18
4.60882e-18
-7.10602e-18
1.92795e-19
0
4.41602e-18
-1.92795e-19
4.41602e-18
0
-2.30441e-18
0
0
-6.72043e-18
4.22323e-18
2.11161e-18
-2.30441e-18
4.60882e-18
0
1.92795e-19
-1.92795e-19
1.92795e-19
0
0
2.11161e-18
1.92795e-19
-2.30441e-18
-1.92795e-19
0
4.41602e-18
0
-1.92795e-19
1.92795e-19
-2.30441e-18
6.52763e-18
0
1.92795e-19
-2.11161e-18
-2.30441e-18
4.60882e-18
-2.30441e-18
2.30441e-18
4.41602e-18
0
2.30441e-18
1.92795e-19
0
4.41602e-18
-1.92795e-19
4.41602e-18
1.92795e-19
2.30441e-18
0
0
-1.92795e-19
4.41602e-18
0
0
0
-2.30987e-18
0
-2.18184e-18
0
1.93521e-19
1.93633e-19
-1.93737e-19
-5.54451e-18
5.5471e-18
-3.16378e-18
-3.069e-18
-6.33685e-18
3.27547e-18
-1.79426e-18
0
1.94352e-19
-4.03815e-18
0
-1.94623e-19
2.07574e-18
0
-1.94468e-19
0
0
-4.22151e-18
-1.92875e-19
0
0
-2.23098e-18
0
0
0
0
-1.90654e-19
2.18658e-18
1.92367e-18
2.22275e-18
-1.90791e-19
-1.86554e-18
0
-3.46219e-18
0
0
2.9594e-18
5.5376e-18
0
1.9157e-19
5.16909e-18
-2.49679e-18
4.8364e-18
-2.35186e-18
0
-2.06759e-18
0
0
0
0
-1.92796e-19
4.27139e-18
-2.23209e-18
0
-2.23209e-18
4.07859e-18
0
0
-1.92796e-19
0
0
4.27139e-18
2.61769e-18
1.92796e-19
-6.50348e-18
4.27139e-18
0
4.27139e-18
1.92796e-19
2.23209e-18
-4.27139e-18
0
0
0
-4.27139e-18
-2.23209e-18
2.23209e-18
0
6.50348e-18
0
0
-6.31069e-18
4.27139e-18
0
0
0
0
2.0393e-18
0
0
6.50348e-18
6.50348e-18
2.23209e-18
4.27139e-18
0
-4.27139e-18
4.27139e-18
0
0
0
-2.23209e-18
2.23209e-18
0
1.92796e-19
0
0
4.27139e-18
4.27139e-18
2.23209e-18
0
-2.23209e-18
-4.27139e-18
0
0
0
-1.93281e-19
1.93404e-19
1.93521e-19
2.49859e-18
0
-1.93823e-19
0
0
-1.94023e-19
-6.5032e-18
1.67718e-18
-3.27417e-18
-3.59547e-18
0
-1.94929e-18
-5.7188e-18
0
-1.996e-18
2.24661e-18
-2.47084e-18
0
4.29215e-18
0
1.92877e-19
0
-2.06597e-18
0
-2.16042e-18
2.16945e-18
0
1.90865e-19
-1.90655e-19
-6.32908e-18
0
0
0
0
3.2767e-18
0
1.61867e-18
0
0
0
-1.91465e-19
-4.78756e-18
5.18801e-18
0
-4.10365e-18
0
0
-4.37828e-18
-2.16719e-18
0
0
-1.96954e-18
-4.32468e-18
6.29422e-18
-2.16234e-18
-4.13188e-18
-2.35514e-18
0
-6.29422e-18
0
2.16234e-18
-6.29422e-18
2.16234e-18
0
1.92798e-19
-2.16234e-18
8.45656e-18
0
0
0
2.16234e-18
-4.13188e-18
0
0
1.92798e-19
1.96954e-18
0
-2.16234e-18
0
0
0
0
-2.16234e-18
0
0
0
0
0
0
0
0
1.92798e-19
-1.92798e-19
-4.32468e-18
0
6.29422e-18
0
0
-2.16234e-18
6.48702e-18
0
0
-2.16234e-18
2.16234e-18
0
-6.10142e-18
-2.16234e-18
0
0
-1.92798e-19
0
0
0
0
0
1.9301e-19
0
-6.48786e-18
0
8.9783e-18
4.83281e-18
0
0
0
2.57403e-18
0
0
-6.09821e-18
3.1583e-18
-3.27993e-18
0
1.88199e-18
0
-2.04384e-18
0
0
1.94455e-19
0
-4.14885e-18
2.35445e-18
-4.12991e-18
0
0
-5.70372e-18
5.89373e-18
1.91863e-19
4.24094e-18
0
1.90657e-19
0
3.74559e-18
-7.18844e-18
0
0
-1.91019e-19
0
0
0
0
0
2.77466e-18
0
-2.41483e-18
1.91834e-19
4.14437e-18
-1.92135e-19
-2.15592e-18
-2.12077e-18
6.10686e-18
2.09412e-18
-1.928e-19
0
1.90226e-18
-3.80451e-18
0
-2.09506e-18
-5.89957e-18
1.928e-19
0
0
1.928e-19
-3.99731e-18
0
0
0
1.928e-19
1.928e-19
1.928e-19
0
1.928e-19
1.928e-19
2.09506e-18
-5.89957e-18
1.928e-19
0
1.928e-19
-6.28517e-18
-6.28517e-18
1.928e-19
0
1.928e-19
-6.28517e-18
-6.28517e-18
1.928e-19
0
1.928e-19
-6.28517e-18
-6.28517e-18
-1.928e-19
-6.09237e-18
-2.09506e-18
-1.928e-19
0
1.928e-19
-6.09237e-18
3.99731e-18
0
-6.09237e-18
0
0
-2.09506e-18
0
0
1.90226e-18
0
0
-2.09506e-18
3.99731e-18
-2.28786e-18
1.90226e-18
0
-2.09506e-18
3.99731e-18
0
2.09424e-18
0
-1.93153e-19
0
0
0
2.14349e-18
1.93731e-19
0
7.56299e-18
-2.67243e-18
0
-2.84743e-18
0
0
1.67861e-18
0
0
0
0
-1.94616e-19
1.94583e-19
0
0
0
0
-3.80248e-18
0
0
0
0
0
0
0
-5.85922e-18
0
-3.60725e-18
-3.46206e-18
0
1.68113e-18
-4.666e-18
0
0
-5.49029e-18
0
0
1.91464e-19
-1.91569e-19
-2.52614e-18
1.91833e-19
1.91984e-19
0
-2.08827e-18
0
-5.9119e-18
-4.05865e-18
0
1.92802e-19
1.92802e-19
0
1.92802e-19
1.83735e-18
-3.67471e-18
1.92802e-19
-4.06031e-18
1.92802e-19
-4.06031e-18
0
5.89767e-18
0
5.70487e-18
1.92802e-19
0
1.92802e-19
3.86751e-18
0
-4.06031e-18
0
0
-2.03016e-18
1.92802e-19
5.89767e-18
-3.86751e-18
1.92802e-19
0
-2.03016e-18
-2.03016e-18
1.64455e-18
1.92802e-19
-3.86751e-18
4.06031e-18
1.92802e-19
3.86751e-18
-5.89767e-18
5.89767e-18
0
1.92802e-19
1.92802e-19
0
-2.03016e-18
1.64455e-18
5.70487e-18
0
0
0
-2.03016e-18
-3.86751e-18
-2.03016e-18
0
0
5.70487e-18
-1.83735e-18
0
0
-1.92802e-19
0
-2.03016e-18
0
4.06031e-18
3.86751e-18
0
0
2.05552e-18
6.07452e-18
4.27067e-18
1.93522e-19
2.06701e-18
1.93729e-19
-2.41579e-18
-7.29808e-18
0
-1.94006e-19
2.74795e-18
0
-3.13296e-18
0
-1.94317e-19
0
0
0
-1.77353e-18
0
0
-2.05356e-18
0
0
0
-1.83735e-18
-3.64594e-18
-1.96647e-18
-3.7371e-18
0
1.91272e-19
0
0
1.90586e-19
0
-3.33466e-18
-1.49985e-18
0
-1.9102e-19
0
-2.73597e-18
-5.29842e-18
0
-4.97757e-18
2.40973e-18
-1.91568e-19
-2.25691e-18
1.99324e-18
1.92884e-18
2.06654e-18
2.21531e-18
0
5.53125e-18
3.93364e-18
-5.70987e-18
0
1.77475e-18
0
1.96756e-18
-5.70987e-18
1.92804e-19
0
0
0
1.92804e-19
0
0
-1.92804e-19
1.77475e-18
0
1.92804e-19
0
0
-5.70987e-18
3.74231e-18
0
1.92804e-19
0
0
4.12792e-18
1.92804e-19
0
3.5495e-18
1.77475e-18
1.92804e-19
-1.96756e-18
1.96756e-18
1.92804e-19
1.77475e-18
3.5495e-18
0
1.92804e-19
-1.96756e-18
3.74231e-18
0
-1.92804e-19
-1.92804e-19
1.77475e-18
-1.96756e-18
1.77475e-18
1.58195e-18
0
-1.96756e-18
-1.96756e-18
1.92804e-19
-1.96756e-18
0
1.92804e-19
-1.92804e-19
-1.96756e-18
3.5495e-18
1.92804e-19
-1.92804e-19
3.74231e-18
1.92804e-19
-1.96756e-18
-1.92804e-19
0
-1.96694e-18
0
-1.99191e-18
4.24132e-18
-2.06781e-18
0
-6.17335e-18
-4.32416e-18
4.47504e-18
-4.43653e-18
4.98271e-18
-1.94e-19
-5.30403e-18
2.54479e-18
0
0
0
1.69425e-18
1.76649e-18
-8.98652e-18
-3.40927e-18
1.95051e-18
3.76998e-18
1.98624e-18
5.52608e-18
0
0
0
-9.64329e-20
0
0
0
3.83687e-18
0
-3.37687e-18
-1.90588e-19
1.76799e-18
0
0
2.94693e-18
0
0
0
-4.92215e-18
0
0
2.32759e-18
0
0
-4.22781e-18
0
-4.0028e-18
3.34327e-18
-3.66721e-18
0
5.52686e-18
0
0
1.90718e-18
0
5.52872e-18
1.71437e-18
-1.92806e-19
1.90718e-18
0
0
1.92806e-19
-3.42874e-18
-3.62154e-18
0
1.92806e-19
5.33591e-18
1.92806e-19
0
0
-1.92806e-19
0
0
5.52872e-18
-3.62154e-18
7.43589e-18
1.92806e-19
-1.71437e-18
0
-1.90718e-18
0
0
0
0
1.92806e-19
0
0
0
0
0
-3.81435e-18
0
-1.90718e-18
-1.92806e-19
1.90718e-18
0
0
1.92806e-19
0
1.90718e-18
5.52872e-18
-1.90718e-18
5.52872e-18
0
0
0
0
1.90718e-18
0
1.92806e-19
1.90718e-18
0
1.90718e-18
1.92806e-19
0
-1.90666e-18
1.71909e-18
3.66792e-18
0
-2.00267e-18
4.10894e-18
1.92207e-18
0
0
4.85388e-18
0
0
-4.73091e-18
-1.94091e-19
0
0
3.1446e-18
0
1.70507e-18
-1.94549e-19
0
0
-1.91508e-18
0
1.90909e-18
-1.93212e-19
-3.81252e-18
3.62154e-18
0
-5.15814e-18
-1.92384e-19
0
1.91272e-19
0
1.81401e-18
0
0
1.64208e-18
0
5.68144e-18
2.73232e-18
-2.44389e-18
2.54717e-18
0
0
1.91375e-19
6.55361e-18
-1.91567e-19
1.9169e-19
0
1.98744e-18
0
-5.50578e-18
7.09765e-18
0
0
0
0
0
-1.92809e-19
-7.01012e-18
-5.35399e-18
-7.01012e-18
0
-1.92809e-19
-3.50506e-18
-1.65613e-18
-1.92809e-19
-6.81731e-18
0
-1.84893e-18
0
3.50506e-18
-7.01012e-18
0
0
0
0
0
-7.20293e-18
-1.92809e-19
0
1.84893e-18
-7.01012e-18
0
-1.65613e-18
-1.84893e-18
-7.01012e-18
-7.01012e-18
0
5.35399e-18
-1.84893e-18
-7.20293e-18
0
0
-7.20293e-18
-1.84893e-18
-7.01012e-18
0
5.16119e-18
-7.01012e-18
0
0
3.50506e-18
-7.01012e-18
-7.01012e-18
0
1.65613e-18
0
-7.20293e-18
-3.50506e-18
1.84893e-18
-7.01012e-18
7.01012e-18
1.65613e-18
0
-9.05186e-18
0
7.01012e-18
-3.31225e-18
1.92871e-19
0
-1.87135e-18
3.41413e-18
-1.93984e-18
1.98898e-18
2.04705e-18
1.91827e-18
-4.36047e-18
-1.93873e-19
2.129e-18
-2.20204e-18
2.47027e-18
-5.10013e-18
-1.94142e-19
0
-1.94287e-19
0
0
-3.22541e-18
-6.49138e-18
-1.62335e-18
-5.35664e-18
0
3.31114e-18
-1.93214e-19
-1.65514e-18
0
-3.29633e-18
1.92729e-19
-1.78913e-18
0
0
0
-1.75126e-18
-1.90593e-19
-1.64633e-18
0
2.66331e-18
-2.73832e-18
0
2.35072e-18
2.64897e-18
2.38144e-18
0
0
0
0
0
0
3.65653e-18
1.68581e-18
-6.97857e-18
0
0
-1.92752e-19
-3.39271e-18
0
0
0
-1.92811e-19
0
0
0
0
0
6.78541e-18
-1.92811e-19
-3.39271e-18
6.5926e-18
3.58552e-18
6.5926e-18
0
0
0
1.79276e-18
0
0
1.59995e-18
0
6.5926e-18
0
1.79276e-18
-1.92811e-19
0
0
0
0
-1.92811e-19
0
0
0
-1.92811e-19
-1.79276e-18
1.92811e-19
-1.92811e-19
0
0
0
1.92811e-19
-1.79276e-18
4.99265e-18
1.92811e-19
-1.92811e-19
0
6.78541e-18
-1.79276e-18
1.92811e-19
6.78541e-18
-1.79276e-18
4.99265e-18
-1.92811e-19
-1.92811e-19
-1.79276e-18
-1.92811e-19
-3.58552e-18
-1.92811e-19
-4.99265e-18
-1.79276e-18
1.92811e-19
-1.92874e-19
1.60452e-18
3.43536e-18
8.82236e-18
5.44427e-18
0
0
1.93719e-19
-4.02063e-18
-4.34869e-18
-2.24318e-18
0
0
0
0
-5.27604e-18
-5.48336e-18
0
0
-1.65025e-18
3.21954e-18
-4.87632e-18
-1.78793e-18
0
-4.98717e-18
3.3867e-18
-5.18268e-18
-1.92811e-19
0
1.92731e-19
-4.81928e-18
-1.91865e-19
0
4.98171e-18
1.69077e-18
1.90596e-19
0
5.92948e-18
-1.90802e-19
2.63961e-18
-2.54086e-18
-2.26088e-18
2.37159e-18
-1.91245e-19
-4.46083e-18
0
2.09824e-18
3.87755e-18
1.91689e-19
0
-8.93258e-18
-3.63896e-18
0
0
-1.92604e-19
-3.28365e-18
0
0
0
-5.02291e-18
0
0
6.56867e-18
0
0
0
0
1.73858e-18
-4.8301e-18
0
3.28434e-18
-1.73858e-18
3.28434e-18
-4.8301e-18
0
0
0
0
-1.73858e-18
0
-1.92814e-19
3.28434e-18
0
-4.8301e-18
0
0
0
-1.92814e-19
4.8301e-18
0
4.8301e-18
0
0
0
0
-1.92814e-19
4.8301e-18
0
0
-1.92814e-19
-5.02291e-18
3.09152e-18
0
0
0
0
-4.8301e-18
0
-1.92814e-19
0
-4.8301e-18
0
-4.8301e-18
1.92814e-19
0
1.73858e-18
-1.92814e-19
-1.92814e-19
-1.92814e-19
-6.56867e-18
0
-4.84382e-18
-8.21646e-18
-1.592e-18
0
1.86485e-18
1.93625e-19
-7.51362e-18
0
-4.00742e-18
0
-6.50529e-18
2.30125e-18
0
4.71589e-18
0
-5.2859e-18
0
-3.26204e-18
0
0
1.94517e-19
-1.94403e-19
0
1.93672e-19
1.93219e-19
0
-6.56867e-18
-3.08344e-18
0
0
1.91866e-19
1.91272e-19
0
-3.07423e-18
-1.58629e-18
-1.90611e-19
0
-5.29916e-18
-2.35352e-18
-2.25922e-18
0
6.67427e-18
0
0
0
0
-1.96663e-18
-1.91689e-19
0
-5.22157e-18
0
0
0
0
-1.92757e-19
3.17981e-18
3.17981e-18
1.92816e-19
0
-1.92816e-19
0
3.17981e-18
0
0
-1.92816e-19
0
-1.92816e-19
3.17981e-18
0
1.92816e-19
0
1.92816e-19
-3.17981e-18
1.92816e-19
0
-1.92816e-19
3.17981e-18
7.85312e-18
0
0
0
4.67331e-18
7.85312e-18
-6.35962e-18
1.4935e-18
9.53943e-18
7.85312e-18
6.55244e-18
3.17981e-18
1.68631e-18
4.67331e-18
7.85312e-18
0
7.85312e-18
6.16681e-18
0
6.55244e-18
0
7.85312e-18
-6.35962e-18
1.4935e-18
6.35962e-18
7.85312e-18
9.53943e-18
7.85312e-18
1.68631e-18
4.67331e-18
0
-6.35962e-18
8.04594e-18
6.16681e-18
6.55244e-18
-3.17981e-18
7.85312e-18
1.92816e-19
7.85312e-18
7.85312e-18
-6.35962e-18
0
0
-1.69097e-18
0
0
-1.76436e-18
-5.22464e-18
0
-5.73151e-18
0
-1.8357e-18
1.89818e-18
-6.07991e-18
2.22124e-18
2.29136e-18
2.36838e-18
0
0
5.30622e-18
0
0
0
0
0
1.68373e-18
0
0
3.17795e-18
3.17981e-18
0
6.15397e-18
9.01958e-18
0
1.81792e-18
6.05895e-18
0
-3.25269e-18
-3.81228e-19
0
2.55282e-18
0
2.36289e-18
4.37259e-18
0
-2.14132e-18
4.1578e-18
-1.82666e-18
0
0
5.15466e-18
0
0
0
0
1.92453e-19
0
0
0
9.42981e-18
0
-1.63591e-18
0
0
0
0
0
0
-1.82873e-18
0
-1.63591e-18
-1.44309e-18
0
0
0
0
0
-1.63591e-18
-1.63591e-18
0
0
0
-1.44309e-18
-1.63591e-18
0
0
0
1.63591e-18
0
1.92819e-19
0
0
-1.63591e-18
0
1.92819e-19
0
0
0
0
1.63591e-18
0
0
0
0
0
0
0
0
0
-1.63591e-18
1.63591e-18
0
1.92819e-19
1.63591e-18
0
0
0
0
1.63591e-18
0
4.52208e-18
4.7149e-18
4.52169e-18
-1.93034e-19
0
1.93302e-19
1.51653e-18
-3.49868e-18
1.79586e-18
8.85276e-18
-1.93787e-19
0
4.04114e-18
0
0
0
0
2.36603e-18
-2.26178e-18
1.94325e-19
0
0
-1.94509e-19
0
0
1.43537e-18
-1.43658e-18
-7.77534e-18
0
-3.079e-18
0
-5.95951e-18
-1.39028e-18
2.77317e-18
-1.91272e-19
-5.65218e-18
0
0
0
0
0
0
-2.27867e-18
0
-1.91183e-19
-1.87569e-18
-3.82305e-18
-1.94906e-18
3.59351e-18
-1.83791e-18
-1.78576e-18
1.73672e-18
0
0
6.12155e-18
-4.42922e-18
-1.20617e-18
0
0
0
1.92821e-19
4.56905e-18
0
0
-1.58729e-18
0
0
0
-3.17458e-18
-1.92821e-19
0
0
-1.58729e-18
0
1.92821e-19
0
0
1.92821e-19
0
1.92821e-19
3.17458e-18
0
1.92821e-19
-1.92821e-19
3.17458e-18
0
2.98176e-18
0
0
0
1.58729e-18
0
0
1.92821e-19
-1.92821e-19
0
0
4.37623e-18
0
5.96352e-18
0
1.92821e-19
0
1.78011e-18
0
4.37623e-18
0
0
4.37623e-18
0
0
-4.76187e-18
0
0
0
0
2.98176e-18
1.92821e-19
5.96352e-18
0
0
-1.39447e-18
1.58728e-18
0
-1.93177e-19
8.99204e-18
-1.9342e-19
-1.69463e-18
0
-1.78778e-18
5.3266e-18
0
0
1.93952e-19
-4.13937e-18
0
0
0
0
0
0
0
0
-1.94479e-19
-8.58072e-18
1.94122e-19
0
4.17083e-18
0
0
0
0
0
-3.06045e-18
0
1.90874e-19
-2.55826e-18
0
0
-2.468e-18
-4.73938e-18
-4.36715e-18
1.91025e-19
-8.30367e-18
0
-1.91245e-19
0
3.57372e-18
6.93197e-18
-1.77695e-18
8.06314e-18
-1.68141e-18
4.34498e-18
0
-1.92299e-19
-2.72918e-18
-1.92614e-19
-5.77584e-18
0
0
3.0808e-18
0
0
0
0
2.88797e-18
0
0
0
0
-1.92824e-19
0
-1.92824e-19
1.11662e-17
0
0
0
1.11662e-17
-2.88797e-18
0
0
0
0
0
0
1.92824e-19
-1.92824e-19
0
-1.92824e-19
0
0
-1.92824e-19
0
1.92824e-19
0
0
0
1.92824e-19
2.88797e-18
0
0
-1.92824e-19
-1.11662e-17
0
0
1.92824e-19
0
0
0
2.88797e-18
0
1.92824e-19
0
-2.88797e-18
0
-2.88797e-18
0
0
0
2.88797e-18
0
5.77595e-18
0
-2.8967e-18
-8.96027e-18
-3.15728e-18
-1.93421e-19
-1.93525e-19
0
9.60313e-18
3.55834e-18
6.93674e-18
0
0
0
0
4.05926e-18
4.20706e-18
2.08811e-18
-2.37318e-18
0
0
-5.13805e-18
0
0
3.05345e-18
0
5.75907e-18
-2.88614e-18
-6.1616e-18
-9.64538e-20
0
-5.3832e-18
0
0
0
0
-5.12704e-18
-2.47133e-18
1.90696e-19
-1.90811e-19
0
-2.11922e-18
-1.66663e-18
0
-5.58689e-18
-1.91301e-19
1.8184e-18
-1.91459e-19
-4.77137e-18
0
-4.50047e-18
2.60284e-18
0
-2.86862e-18
0
1.92616e-19
0
-2.99035e-18
2.60469e-18
0
0
0
1.92827e-19
-2.60469e-18
0
0
0
-2.99035e-18
0
-2.99035e-18
0
-2.99035e-18
-1.92827e-19
0
-1.92827e-19
2.99035e-18
-1.92827e-19
5.59504e-18
0
2.60469e-18
1.92827e-19
-5.78787e-18
0
-5.59504e-18
1.92827e-19
0
-5.40222e-18
2.79752e-18
0
0
-2.99035e-18
5.40222e-18
-1.92827e-19
0
0
0
0
0
2.99035e-18
2.99035e-18
0
5.59504e-18
0
2.60469e-18
0
-1.92827e-19
2.79752e-18
-1.92827e-19
0
0
2.79752e-18
0
2.99035e-18
0
0
5.40222e-18
5.59504e-18
1.92827e-19
2.79752e-18
2.99035e-18
0
0
0
3.02361e-18
0
0
0
0
0
-4.96735e-18
1.57577e-18
5.07498e-18
-5.23399e-18
0
3.78116e-18
1.94077e-19
-1.94137e-19
2.00595e-18
2.09227e-18
0
0
-2.56737e-18
0
2.52619e-18
0
0
0
2.7957e-18
1.92827e-19
0
2.51556e-18
1.92398e-19
5.56342e-18
0
2.62029e-18
-1.9068e-19
-2.27764e-18
0
2.28857e-18
4.20842e-18
-1.90927e-19
2.2348e-18
1.9767e-18
0
0
1.91301e-19
5.07829e-18
0
0
-2.85163e-18
0
2.88859e-18
-1.92143e-19
-2.77761e-18
0
0
0
-1.9283e-19
-2.51745e-18
1.9283e-19
1.9283e-19
-1.9283e-19
1.9283e-19
3.09595e-18
0
0
1.9283e-19
-2.51745e-18
2.71028e-18
0
1.9283e-19
-5.03491e-18
0
1.9283e-19
-1.9283e-19
-2.51745e-18
0
-5.03491e-18
-2.71028e-18
2.71028e-18
-2.51745e-18
1.9283e-19
-2.32462e-18
-2.51745e-18
-2.51745e-18
1.9283e-19
2.71028e-18
-2.51745e-18
-2.51745e-18
-2.51745e-18
2.90311e-18
2.71028e-18
-2.51745e-18
-2.51745e-18
1.9283e-19
2.71028e-18
1.9283e-19
-2.51745e-18
-2.51745e-18
1.9283e-19
-2.51745e-18
1.9283e-19
-2.51745e-18
1.9283e-19
-2.51745e-18
1.9283e-19
-2.51745e-18
0
-2.51745e-18
-2.51745e-18
1.9283e-19
0
1.9283e-19
-2.51745e-18
1.9283e-19
0
-2.51745e-18
-2.51745e-18
-2.51745e-18
-2.51745e-18
5.42057e-18
0
-2.52575e-18
2.93494e-18
2.77862e-18
2.82838e-18
-1.93526e-19
-5.92618e-18
0
6.4609e-18
3.22676e-18
-1.93881e-19
1.93927e-19
8.9225e-18
-3.64264e-18
1.97965e-18
-1.94126e-19
-1.94193e-19
1.9427e-19
-1.94349e-19
-1.94412e-19
4.94417e-18
0
0
2.66809e-18
1.93681e-19
0
0
-2.71028e-18
0
-4.86285e-18
-1.924e-19
-2.59919e-18
0
2.52698e-18
-7.18231e-18
0
-2.4811e-18
-1.90701e-19
4.23839e-18
2.04138e-18
-1.78003e-18
-3.62317e-18
3.69747e-18
-1.60383e-18
5.04374e-18
-1.69691e-18
1.65073e-18
-1.60677e-18
-5.87799e-18
-2.86199e-18
-5.77965e-18
-5.47244e-18
5.37967e-18
-2.84796e-18
0
0
0
-2.81898e-18
2.43331e-18
2.43331e-18
0
5.2523e-18
0
0
5.05946e-18
-5.2523e-18
-7.68561e-18
0
-2.81898e-18
0
7.68561e-18
-2.62615e-18
-2.62615e-18
2.62615e-18
0
0
0
0
0
7.68561e-18
5.05946e-18
-1.92834e-19
0
-2.62615e-18
1.92834e-19
5.2523e-18
-2.62615e-18
0
-2.81898e-18
0
5.2523e-18
0
0
-2.62615e-18
0
-7.68561e-18
2.81898e-18
0
5.2523e-18
0
-2.62615e-18
0
5.2523e-18
-1.92834e-19
0
-7.68561e-18
0
-7.68561e-18
-2.43331e-18
5.05946e-18
0
-5.44513e-18
2.81898e-18
2.43331e-18
0
-5.44513e-18
0
2.81898e-18
5.2523e-18
-5.2523e-18
5.0604e-18
5.26912e-18
2.65622e-18
0
0
0
0
1.93696e-19
1.60898e-18
-1.93822e-19
1.69942e-18
-1.74763e-18
-3.40161e-18
0
-2.10414e-18
1.97415e-18
2.23882e-18
-6.17365e-18
2.20737e-18
-2.48864e-18
-2.38028e-18
0
2.53044e-18
-1.94108e-19
-5.00834e-18
0
0
0
4.89726e-18
0
0
5.22322e-18
-4.59211e-18
2.43702e-18
2.17685e-18
-4.76671e-18
-1.90632e-19
0
0
1.9093e-19
0
-1.84009e-18
-1.91184e-19
0
1.91301e-19
-3.08744e-18
4.40383e-18
-2.53338e-18
0
0
1.91986e-19
-5.2971e-18
0
5.14602e-18
5.10579e-18
-1.92778e-19
0
5.09001e-18
1.92837e-19
1.92837e-19
1.92837e-19
0
1.92837e-19
5.09001e-18
0
1.92837e-19
-2.35217e-18
1.92837e-19
5.09001e-18
0
0
0
5.09001e-18
1.92837e-19
1.92837e-19
0
1.92837e-19
1.92837e-19
1.92837e-19
0
0
0
0
5.09001e-18
4.89717e-18
1.92837e-19
5.09001e-18
1.92837e-19
1.92837e-19
5.09001e-18
1.92837e-19
4.89717e-18
1.92837e-19
0
0
1.92837e-19
0
7.63502e-18
-1.92837e-19
-1.92837e-19
5.09001e-18
-1.92837e-19
-1.92837e-19
0
1.92837e-19
0
0
0
-1.92837e-19
-2.73784e-18
4.89717e-18
-5.09001e-18
0
0
-5.09001e-18
5.09001e-18
-2.54501e-18
0
-2.35217e-18
0
0
-5.10665e-18
7.52802e-18
0
-5.10624e-18
5.2144e-18
-2.76797e-18
0
0
0
-1.93865e-19
0
-1.73579e-18
0
1.84303e-18
1.94102e-19
0
0
-1.93133e-18
-4.41749e-18
0
0
-7.32141e-18
0
0
0
2.5432e-18
2.54501e-18
4.64429e-18
0
0
0
0
6.85997e-18
6.84204e-18
-6.22735e-18
4.24534e-18
0
-1.96706e-18
1.90931e-19
-3.28479e-18
0
-3.25346e-18
1.29084e-18
-3.2552e-18
1.9137e-19
-2.70188e-18
-1.9156e-19
1.91684e-19
5.15571e-18
0
0
7.37823e-18
-4.98691e-18
7.42365e-18
1.92782e-19
0
-1.92841e-19
0
2.27391e-18
0
0
0
0
0
0
0
-4.9335e-18
0
0
7.20741e-18
-2.46675e-18
0
-7.20741e-18
0
0
0
2.85243e-18
5.12634e-18
0
0
0
0
0
0
0
1.92841e-19
0
0
0
0
0
0
0
4.9335e-18
0
-1.92841e-19
2.46675e-18
0
0
0
0
0
0
-1.92841e-19
0
0
0
0
0
0
-1.92841e-19
0
0
-1.92841e-19
0
0
0
0
0
4.74214e-18
0
2.30099e-18
7.57358e-18
0
2.80932e-18
-2.67555e-18
0
0
0
1.58644e-18
4.5028e-18
0
6.51253e-18
-1.77839e-18
0
-3.60624e-18
0
-3.89954e-18
1.94358e-19
0
-1.94394e-19
0
0
0
-1.93248e-19
0
0
9.64706e-20
-4.58589e-18
0
0
0
0
0
0
1.85274e-18
-3.74433e-18
1.90821e-19
1.63776e-18
-6.5002e-18
6.47047e-18
1.91184e-19
1.61573e-18
0
0
0
2.52508e-18
-2.64769e-18
2.58462e-18
0
-7.44725e-18
-1.92309e-19
2.41673e-18
-2.399e-18
0
0
4.58972e-18
0
0
1.92844e-19
-4.78257e-18
-4.58972e-18
0
0
-6.78816e-18
0
0
0
0
0
0
2.39128e-18
0
0
-4.39688e-18
0
4.78257e-18
0
1.92844e-19
-4.58972e-18
4.78257e-18
0
0
0
-4.39688e-18
0
0
2.39128e-18
0
4.58972e-18
0
4.58972e-18
0
-6.78816e-18
-2.39128e-18
2.39128e-18
0
2.39128e-18
1.92844e-19
0
0
1.92844e-19
0
0
0
1.92844e-19
0
0
-1.92844e-19
0
0
1.92844e-19
0
-2.19844e-18
-4.58972e-18
0
1.92844e-19
2.39128e-18
2.19844e-18
6.98365e-18
-2.20637e-18
-4.83493e-18
0
0
-4.6744e-18
4.9792e-18
-2.64969e-18
2.71883e-18
1.93801e-19
5.55034e-18
0
0
-1.93974e-19
0
0
0
1.94208e-19
-1.97109e-18
0
-1.94378e-19
4.40136e-18
0
2.32462e-18
-2.16552e-18
0
7.16847e-18
0
0
2.31655e-18
6.72641e-18
0
2.2434e-18
-2.18605e-18
4.23271e-18
0
-1.77638e-18
-7.19664e-18
-3.4609e-18
-3.33486e-18
0
-9.15435e-18
6.03708e-18
-5.85829e-18
8.53691e-18
0
0
2.62201e-18
0
-4.99725e-18
0
0
4.54525e-18
1.92474e-19
6.78578e-18
0
0
0
0
4.25131e-18
-6.76266e-18
0
1.92848e-19
0
-6.76266e-18
-6.56982e-18
-1.92848e-19
0
-8.88832e-18
4.25131e-18
2.3185e-18
0
-2.3185e-18
8.88832e-18
4.63701e-18
-6.56982e-18
0
0
6.95551e-18
0
-6.76266e-18
0
0
-2.3185e-18
-1.92848e-19
-8.88832e-18
0
-2.3185e-18
-8.88832e-18
0
-8.88832e-18
-4.82986e-18
-2.3185e-18
0
-8.88832e-18
-2.51135e-18
-2.3185e-18
0
-2.3185e-18
-2.3185e-18
-2.3185e-18
-4.25131e-18
-8.88832e-18
-2.3185e-18
2.12566e-18
0
-2.3185e-18
-8.88832e-18
-2.3185e-18
0
-8.88832e-18
-6.95551e-18
-8.88832e-18
1.92848e-19
-2.3185e-18
-8.88832e-18
-2.3185e-18
1.92848e-19
-4.82986e-18
0
0
-2.32657e-18
0
2.17647e-18
0
0
-1.93611e-19
-5.31246e-18
5.24838e-18
1.93794e-19
-5.34415e-18
-5.50256e-18
1.93921e-19
9.06395e-18
-1.9401e-19
6.44635e-18
-1.94123e-19
5.09931e-18
0
1.94321e-19
1.94359e-19
4.04569e-18
4.37894e-18
0
0
0
-4.63343e-18
0
-9.64783e-20
0
-6.51469e-18
1.9187e-19
0
-2.10834e-18
-3.88664e-18
-5.89709e-18
0
-3.267e-18
0
-1.90935e-19
1.91031e-19
-1.59527e-18
-1.91184e-19
0
0
0
-5.00152e-18
0
1.91682e-19
0
-4.73596e-18
-2.13568e-18
1.92312e-19
-4.54277e-18
-4.51176e-18
6.55526e-18
-4.30379e-18
-1.92852e-19
1.92852e-19
0
-1.92852e-19
0
0
0
4.30379e-18
4.68949e-18
0
1.92852e-19
0
0
-2.24832e-18
0
6.55211e-18
0
-2.24832e-18
4.68949e-18
0
4.49664e-18
2.24832e-18
0
4.49664e-18
0
0
4.49664e-18
0
0
2.24832e-18
4.49664e-18
0
2.24832e-18
4.49664e-18
0
4.49664e-18
0
4.49664e-18
0
4.49664e-18
0
0
0
4.49664e-18
0
0
4.49664e-18
-1.92852e-19
1.92852e-19
4.49664e-18
0
0
0
0
-1.92852e-19
0
-2.24832e-18
0
0
4.49664e-18
0
2.24832e-18
0
0
0
6.62314e-18
0
-4.4648e-18
0
-2.41745e-18
2.27861e-18
9.74423e-18
-5.19764e-18
-5.33919e-18
5.29599e-18
0
0
-1.79215e-18
0
0
0
0
0
0
0
-1.94285e-19
-1.94087e-19
6.44209e-18
0
-4.49307e-18
2.24832e-18
-2.08427e-18
6.15053e-18
0
0
-2.09485e-18
-5.90942e-18
3.73696e-18
0
-1.82271e-18
-6.83537e-18
0
0
0
1.91114e-19
-2.80029e-18
5.43779e-18
2.6428e-18
-2.37994e-18
0
0
-1.91681e-19
-1.91828e-19
0
-2.06247e-18
4.06505e-18
1.9248e-19
0
0
1.98779e-18
-6.54193e-18
1.92856e-19
0
-1.92856e-19
0
0
0
-2.3735e-18
-1.92856e-19
-2.3735e-18
0
1.92856e-19
-6.54193e-18
-4.36129e-18
-2.3735e-18
1.92856e-19
-2.18064e-18
-4.36129e-18
0
-2.3735e-18
-2.18064e-18
-1.92856e-19
0
0
-6.34907e-18
-1.92856e-19
0
0
-2.18064e-18
-4.36129e-18
-4.36129e-18
0
0
0
0
-2.18064e-18
-4.36129e-18
-2.18064e-18
0
-2.18064e-18
-1.92856e-19
1.98779e-18
-2.3735e-18
1.98779e-18
-4.36129e-18
0
-4.36129e-18
-2.18064e-18
0
2.18064e-18
-2.18064e-18
0
0
-4.36129e-18
-2.18064e-18
4.16843e-18
-1.92856e-19
-2.18064e-18
-4.16843e-18
-2.18064e-18
-1.92856e-19
-2.3735e-18
3.97557e-18
-4.17091e-18
2.18857e-18
0
0
-2.25591e-18
-2.29317e-18
0
-1.93675e-19
0
-2.50685e-18
4.9537e-18
0
-1.93899e-19
0
0
0
0
1.50404e-18
6.65166e-18
6.9168e-18
0
1.9433e-19
2.03682e-18
-1.94082e-19
1.93693e-19
1.93264e-19
-1.92939e-19
-1.92856e-19
9.64867e-20
0
-1.92416e-19
-1.91871e-19
1.91271e-19
0
-1.90701e-19
0
1.75456e-18
0
1.63298e-18
0
2.87048e-18
0
-1.91184e-19
0
2.54683e-18
0
0
0
-4.41881e-18
2.45028e-18
6.26992e-18
-2.184e-18
0
2.13621e-18
0
4.2333e-18
-1.9286e-19
-4.0379e-18
0
-1.9286e-19
0
-2.11538e-18
-1.9286e-19
-1.92252e-18
-1.92252e-18
-1.9286e-19
-1.92252e-18
-1.9286e-19
-1.9286e-19
-1.92252e-18
0
0
0
-1.92252e-18
-1.9286e-19
-1.92252e-18
-1.92252e-18
-1.9286e-19
-1.92252e-18
0
0
-1.92252e-18
0
0
0
-1.92252e-18
-1.9286e-19
-2.11538e-18
-2.11538e-18
-1.9286e-19
-2.11538e-18
-1.9286e-19
-1.9286e-19
0
-2.11538e-18
-1.9286e-19
0
-2.11538e-18
-1.9286e-19
-1.92252e-18
-1.92252e-18
-1.9286e-19
-2.11538e-18
0
0
0
-1.9286e-19
0
0
-1.9286e-19
-1.9286e-19
-1.92252e-18
-1.9286e-19
-1.9286e-19
-1.92252e-18
-3.84504e-18
0
-1.92252e-18
-1.92252e-18
0
2.11677e-18
0
-4.08067e-18
0
-1.93443e-19
4.43902e-18
0
4.61447e-18
6.88636e-18
0
0
0
1.93888e-19
0
0
-1.94021e-19
-4.36011e-18
0
-6.58512e-18
-1.95243e-18
0
1.94312e-19
1.96461e-18
0
-4.14976e-18
0
-2.1136e-18
-2.11538e-18
1.95634e-18
0
-3.91268e-18
-5.96539e-18
0
2.05271e-18
2.05271e-18
0
0
4.10543e-18
0
-2.05271e-18
0
0
4.29817e-18
0
4.29817e-18
-1.92747e-19
2.05271e-18
4.29817e-18
0
2.05271e-18
-1.92747e-19
2.05271e-18
4.29817e-18
0
2.05271e-18
-1.92747e-19
0
-1.92747e-19
-1.92747e-19
2.05271e-18
-1.92747e-19
0
-1.92747e-19
-1.92747e-19
2.05271e-18
-1.92747e-19
2.05271e-18
2.05271e-18
-1.92747e-19
2.05271e-18
-1.92747e-19
2.05271e-18
2.05271e-18
-1.92747e-19
2.05271e-18
-1.92747e-19
2.05271e-18
2.05271e-18
-1.92747e-19
2.05271e-18
-1.92747e-19
0
2.05271e-18
0
2.05271e-18
0
0
2.05271e-18
0
2.05271e-18
0
0
2.05271e-18
0
2.05271e-18
0
0
2.05271e-18
0
0
0
0
2.05271e-18
0
0
0
0
2.05271e-18
0
0
0
0
2.05271e-18
0
0
0
0
2.05271e-18
0
0
0
0
2.05271e-18
0
0
0
0
2.05271e-18
0
0
0
0
2.05271e-18
0
0
0
0
0
0
0
0
0
0
0
0
0
0
0
0
0
-1.92747e-19
1.92747e-19
2.12085e-18
0
2.3136e-18
0
0
0
0
0
0
0
0
0
0
-1.92747e-19
0
0
0
0
-1.92747e-19
0
0
0
0
-1.92747e-19
-1.92747e-19
-1.92747e-19
-1.92747e-19
-1.92747e-19
-1.92747e-19
-1.92747e-19
-1.92747e-19
-1.92747e-19
-1.92747e-19
-1.92747e-19
-1.92747e-19
-1.92747e-19
-1.92747e-19
-1.92747e-19
-1.92747e-19
-1.92747e-19
-1.92747e-19
-1.92747e-19
-1.92747e-19
-1.92747e-19
-1.92747e-19
-1.92747e-19
-1.92747e-19
-1.92747e-19
-1.92747e-19
-1.92747e-19
-1.92747e-19
-1.92747e-19
-1.92747e-19
-1.92747e-19
-1.92747e-19
-1.92747e-19
-1.92747e-19
-1.92747e-19
-1.92747e-19
-1.92747e-19
-1.92747e-19
-1.92747e-19
-1.92747e-19
-1.92747e-19
-1.92747e-19
-1.92747e-19
-1.92747e-19
-1.92747e-19
-1.92747e-19
-1.92747e-19
-1.92747e-19
-1.92747e-19
-1.92747e-19
-1.92747e-19
-1.92747e-19
-1.92747e-19
-1.92747e-19
-1.92747e-19
-1.92747e-19
-1.92747e-19
-1.92747e-19
-1.92747e-19
-1.92747e-19
-1.92747e-19
-1.92747e-19
-1.92747e-19
-1.92747e-19
-1.92747e-19
-1.92747e-19
-1.92747e-19
-1.92747e-19
-1.92747e-19
-1.92747e-19
-1.92747e-19
-1.92747e-19
-1.92747e-19
-1.92747e-19
-1.92747e-19
-1.92747e-19
-1.92747e-19
-1.92747e-19
-1.92747e-19
-1.92747e-19
-1.92747e-19
-1.92747e-19
-1.92747e-19
-1.92747e-19
-1.92747e-19
-1.92747e-19
-1.92747e-19
-1.92747e-19
-1.92747e-19
-1.92747e-19
-1.92747e-19
-1.92747e-19
-1.92747e-19
0
-2.19148e-18
0
0
0
0
0
-2.19148e-18
-2.19148e-18
0
-2.19148e-18
0
-2.19148e-18
-2.19148e-18
0
0
0
0
0
0
0
0
0
0
0
0
0
0
0
0
0
2.19148e-18
0
0
0
0
2.19148e-18
0
2.19148e-18
0
0
2.19148e-18
0
2.19148e-18
0
0
2.19148e-18
0
2.19148e-18
0
0
2.19148e-18
0
0
0
0
0
1.92747e-19
0
0
0
0
1.92747e-19
0
0
0
0
1.92747e-19
0
0
0
0
1.92747e-19
0
0
0
0
1.92747e-19
0
0
0
0
1.92747e-19
0
0
0
0
1.92747e-19
0
0
0
0
1.92747e-19
0
0
0
0
1.92747e-19
0
0
0
0
1.92747e-19
0
0
0
0
1.92747e-19
0
1.92747e-19
1.92747e-19
-2.19148e-18
1.92747e-19
0
1.92747e-19
1.92747e-19
-2.19148e-18
1.92747e-19
0
1.92747e-19
0
0
0
-1.92747e-19
0
1.92747e-19
1.92747e-19
0
4.14391e-18
0
0
0
0
4.14391e-18
0
0
0
0
0
0
0
0
0
0
0
0
0
0
-4.33666e-18
0
0
-2.2647e-18
0
-4.33666e-18
0
0
-2.2647e-18
0
-2.2647e-18
-4.5294e-18
0
-2.2647e-18
0
-2.2647e-18
-4.5294e-18
0
-2.2647e-18
0
-2.2647e-18
-4.5294e-18
0
-2.2647e-18
0
-4.33666e-18
-4.5294e-18
0
-4.5294e-18
0
0
-4.5294e-18
0
-4.5294e-18
0
0
-4.5294e-18
0
-4.5294e-18
0
0
-4.5294e-18
0
0
0
0
-4.5294e-18
0
0
0
0
-4.5294e-18
0
0
0
0
-4.5294e-18
0
0
0
0
-4.5294e-18
0
0
0
0
-4.5294e-18
0
0
0
0
-4.5294e-18
0
0
0
0
-4.5294e-18
0
0
0
-4.5294e-18
0
0
2.2647e-18
0
-4.5294e-18
0
0
2.2647e-18
0
-4.5294e-18
0
0
0
0
0
2.3406e-18
0
0
0
0
0
0
0
0
0
0
-4.48846e-18
0
0
-4.48846e-18
0
-4.48846e-18
-4.48846e-18
0
-4.48846e-18
0
-4.48846e-18
-4.48846e-18
0
4.48846e-18
0
0
0
0
4.48846e-18
0
0
0
0
0
0
0
0
0
0
0
0
0
0
0
0
0
0
0
4.48846e-18
0
2.3406e-18
0
0
2.3406e-18
0
2.3406e-18
0
0
2.3406e-18
0
2.3406e-18
0
0
2.3406e-18
0
2.3406e-18
2.3406e-18
0
2.3406e-18
0
2.3406e-18
2.3406e-18
0
2.3406e-18
0
2.3406e-18
2.3406e-18
0
2.3406e-18
0
2.3406e-18
2.3406e-18
0
2.3406e-18
0
2.3406e-18
2.3406e-18
0
2.3406e-18
0
2.3406e-18
2.3406e-18
0
2.3406e-18
0
2.3406e-18
2.3406e-18
0
2.3406e-18
0
2.3406e-18
2.3406e-18
0
2.3406e-18
0
0
0
0
2.3406e-18
0
0
0
0
2.3406e-18
0
0
0
0
0
2.41929e-18
-2.41929e-18
0
0
0
-2.61203e-18
0
0
0
0
2.22654e-18
-4.83857e-18
2.22654e-18
0
0
2.22654e-18
-4.83857e-18
0
0
0
2.22654e-18
-4.83857e-18
0
0
0
0
0
0
0
0
0
0
0
0
0
0
0
0
0
0
0
0
0
0
0
0
0
0
0
0
0
2.41929e-18
0
0
2.41929e-18
0
2.41929e-18
0
0
2.41929e-18
0
2.41929e-18
0
0
2.41929e-18
0
2.41929e-18
2.41929e-18
0
2.41929e-18
0
2.41929e-18
2.41929e-18
0
2.41929e-18
0
2.41929e-18
2.41929e-18
0
2.41929e-18
0
2.41929e-18
2.41929e-18
0
2.41929e-18
0
2.41929e-18
2.41929e-18
0
2.41929e-18
0
2.41929e-18
2.41929e-18
0
2.41929e-18
0
2.41929e-18
2.41929e-18
0
2.41929e-18
0
2.41929e-18
2.41929e-18
0
0
0
0
0
0
0
0
0
0
0
0
0
0
1.92747e-19
0
0
0
5.0017e-18
5.0017e-18
0
1.92747e-19
0
0
0
0
1.92747e-19
0
0
0
0
0
0
0
0
0
0
0
0
0
0
0
0
0
0
0
0
0
0
0
0
0
-1.92747e-19
0
0
0
0
-1.92747e-19
0
0
0
0
-1.92747e-19
0
0
0
0
-1.92747e-19
0
-1.92747e-19
0
0
-1.92747e-19
0
-1.92747e-19
0
0
-1.92747e-19
0
-1.92747e-19
0
0
-1.92747e-19
0
0
0
0
-1.92747e-19
0
0
0
0
-1.92747e-19
0
0
0
0
-1.92747e-19
0
0
0
0
-1.92747e-19
0
0
0
0
-1.92747e-19
0
0
0
0
-1.92747e-19
0
0
0
0
-1.92747e-19
0
0
0
0
0
0
0
0
0
0
0
0
0
0
0
0
0
0
-2.5854e-18
0
0
0
0
-5.17081e-18
0
0
0
0
-5.17081e-18
0
0
0
2.5854e-18
0
0
0
0
2.5854e-18
0
0
0
0
2.5854e-18
0
2.5854e-18
2.5854e-18
0
2.5854e-18
0
2.5854e-18
2.5854e-18
0
2.5854e-18
0
2.5854e-18
0
0
2.5854e-18
0
2.5854e-18
0
0
2.5854e-18
0
2.5854e-18
0
0
2.5854e-18
0
0
0
0
2.5854e-18
0
0
0
0
2.5854e-18
0
0
0
0
2.5854e-18
0
0
0
0
2.5854e-18
0
0
0
0
2.5854e-18
0
0
0
0
2.5854e-18
0
0
0
0
2.5854e-18
0
0
0
0
2.5854e-18
0
0
0
0
2.5854e-18
0
0
0
0
2.5854e-18
0
0
0
0
2.5854e-18
0
2.5854e-18
2.5854e-18
0
2.5854e-18
0
2.5854e-18
2.5854e-18
0
2.5854e-18
0
2.5854e-18
0
0
-2.8658e-18
2.67305e-18
-2.8658e-18
-1.92747e-19
-1.92747e-19
-1.92747e-19
5.15336e-18
-1.92747e-19
-1.92747e-19
0
-1.92747e-19
5.15336e-18
-1.92747e-19
-1.92747e-19
-1.92747e-19
0
-1.92747e-19
-1.92747e-19
-1.92747e-19
-1.92747e-19
0
-1.92747e-19
-1.92747e-19
-1.92747e-19
-1.92747e-19
0
0
0
0
2.48031e-18
0
0
0
0
2.48031e-18
0
2.48031e-18
2.48031e-18
-5.34611e-18
2.48031e-18
0
2.48031e-18
2.48031e-18
-5.34611e-18
2.48031e-18
0
2.48031e-18
2.48031e-18
-5.34611e-18
2.48031e-18
0
0
5.15336e-18
-5.34611e-18
5.15336e-18
0
2.67305e-18
5.15336e-18
-5.34611e-18
5.15336e-18
0
2.67305e-18
5.15336e-18
-5.34611e-18
5.15336e-18
0
2.67305e-18
5.15336e-18
-5.34611e-18
2.67305e-18
0
2.67305e-18
5.15336e-18
-5.34611e-18
2.67305e-18
0
2.67305e-18
5.15336e-18
-5.34611e-18
2.67305e-18
0
2.67305e-18
5.15336e-18
-5.34611e-18
2.67305e-18
0
2.67305e-18
5.15336e-18
-5.34611e-18
2.67305e-18
0
2.67305e-18
5.15336e-18
-5.34611e-18
2.67305e-18
0
2.67305e-18
5.15336e-18
-5.34611e-18
2.67305e-18
0
2.67305e-18
5.15336e-18
-5.34611e-18
2.67305e-18
0
8.01916e-18
0
0
2.8658e-18
0
8.01916e-18
0
0
2.8658e-18
0
8.01916e-18
0
0
0
0
0
-3.14941e-18
3.14941e-18
0
0
0
1.92747e-19
0
0
0
0
1.92747e-19
0
1.92747e-19
0
0
1.92747e-19
0
0
0
0
1.92747e-19
0
0
0
0
0
0
0
0
0
0
0
0
0
0
0
0
0
0
0
0
0
0
0
0
0
0
0
0
0
0
0
0
0
0
0
0
0
0
0
0
0
0
0
0
0
0
0
0
0
0
0
0
0
0
0
0
0
0
0
0
0
0
0
0
0
0
0
0
0
0
0
0
0
0
0
0
0
0
0
0
0
0
0
0
0
0
0
0
0
0
0
0
0
0
0
0
-1.92747e-19
0
3.85494e-19
0
0
0
0
0
0
0
0
0
0
0
-8.38156e-18
0
0
-8.38156e-18
0
-8.38156e-18
-8.38156e-18
0
-8.38156e-18
0
-8.38156e-18
-8.38156e-18
0
1.92747e-19
0
0
0
0
1.92747e-19
0
0
0
0
0
0
0
0
0
0
0
0
0
0
0
0
0
0
0
1.92747e-19
0
0
0
0
0
0
0
0
0
0
0
0
0
0
0
0
0
0
0
0
0
0
0
0
0
0
0
0
0
0
0
0
0
0
0
0
0
0
0
0
0
0
0
0
0
0
0
0
0
0
0
0
0
0
0
0
0
0
0
0
0
0
0
0
0
0
9.63735e-20
0
8.48173e-18
3.14849e-18
0
-5.91149e-18
0
-2.95574e-18
0
0
0
0
-2.95574e-18
0
2.95574e-18
0
2.95574e-18
0
0
2.95574e-18
0
0
0
0
2.95574e-18
0
0
0
1.92747e-19
0
0
0
0
1.92747e-19
0
0
0
0
0
0
0
0
0
0
0
0
0
0
0
0
0
0
0
1.92747e-19
0
0
0
-1.92747e-19
0
0
0
0
-1.92747e-19
0
0
0
0
-1.92747e-19
0
0
0
0
-1.92747e-19
0
0
0
0
-1.92747e-19
0
0
0
0
-1.92747e-19
0
0
0
0
-1.92747e-19
0
0
0
0
-1.92747e-19
0
0
0
0
-1.92747e-19
0
0
0
0
-1.92747e-19
0
0
0
0
-1.92747e-19
0
-1.92747e-19
-1.92747e-19
0
-1.92747e-19
0
-1.92747e-19
-1.92747e-19
0
-1.92747e-19
0
-1.92747e-19
4.48907e-18
-3.05696e-18
0
0
1.92747e-19
0
1.92747e-19
0
0
0
0
1.92747e-19
0
0
0
3.24971e-18
0
0
3.24971e-18
0
3.24971e-18
3.24971e-18
0
3.24971e-18
0
3.24971e-18
3.24971e-18
0
1.92747e-19
0
0
0
0
1.92747e-19
0
0
0
0
0
0
1.92747e-19
0
0
0
0
1.92747e-19
0
0
0
0
1.92747e-19
0
0
1.92747e-19
0
0
0
0
-1.92747e-19
0
0
0
0
-1.92747e-19
0
0
0
0
-1.92747e-19
0
0
-1.92747e-19
0
-1.92747e-19
0
0
-1.92747e-19
0
-1.92747e-19
0
0
-1.92747e-19
0
-1.92747e-19
0
0
-1.92747e-19
0
-1.92747e-19
0
0
-1.92747e-19
0
-1.92747e-19
0
0
-1.92747e-19
0
-1.92747e-19
0
0
-1.92747e-19
0
-1.92747e-19
0
0
-1.92747e-19
0
0
0
0
-1.62485e-18
0
0
0
0
-1.62485e-18
0
0
0
0
-4.64645e-18
0
0
0
0
1.92747e-19
0
-1.92747e-19
0
0
0
0
-1.92747e-19
0
0
0
0
0
0
0
0
0
0
0
0
0
0
0
0
0
0
0
0
0
0
0
0
0
0
0
0
0
0
0
0
0
0
0
0
0
0
0
0
0
0
0
0
0
0
0
0
0
0
0
0
0
0
0
0
0
0
0
0
0
0
0
0
0
0
0
0
0
0
0
0
0
0
0
0
0
0
0
0
0
0
0
0
0
0
0
0
0
0
0
0
0
0
0
0
0
0
0
0
0
0
0
0
0
0
0
0
0
-1.92747e-19
1.7317e-18
-5.00235e-18
0
0
-1.53895e-18
3.27065e-18
0
0
0
-1.53895e-18
3.27065e-18
0
3.27065e-18
0
0
3.27065e-18
0
0
0
0
3.27065e-18
0
0
0
0
0
0
0
0
0
0
0
0
0
0
0
0
0
0
0
0
0
0
0
0
0
0
0
0
0
0
0
0
0
0
0
0
0
0
0
0
0
0
0
0
0
0
0
0
0
0
0
0
0
0
0
0
0
0
0
0
0
0
0
0
0
0
0
0
0
0
0
0
0
0
0
0
0
0
0
0
0
0
0
-1.92747e-19
0
0
0
0
-1.92747e-19
0
0
0
0
-1.92747e-19
0
0
0
0
-1.92747e-19
3.3834e-18
-3.3834e-18
0
0
0
0
0
0
0
0
0
0
0
0
0
0
0
0
0
0
0
0
0
0
0
0
0
3.3834e-18
0
0
0
0
3.3834e-18
0
3.3834e-18
0
0
3.3834e-18
0
3.3834e-18
0
0
3.3834e-18
0
3.3834e-18
0
0
3.3834e-18
0
0
0
1.92747e-19
0
0
1.92747e-19
0
1.92747e-19
0
0
1.92747e-19
0
1.92747e-19
0
0
1.92747e-19
0
1.92747e-19
1.92747e-19
0
1.92747e-19
0
1.92747e-19
1.92747e-19
0
1.92747e-19
0
1.92747e-19
1.92747e-19
0
1.92747e-19
0
1.92747e-19
1.92747e-19
0
1.92747e-19
0
1.92747e-19
1.92747e-19
0
1.92747e-19
0
1.92747e-19
1.92747e-19
0
1.92747e-19
0
1.92747e-19
1.92747e-19
0
1.92747e-19
0
1.92747e-19
1.92747e-19
0
-1.92747e-19
0
0
0
0
-1.92747e-19
0
0
0
0
-1.92747e-19
0
0
0
0
0
0
0
0
0
0
0
0
3.50029e-18
0
0
1.92747e-19
-1.92747e-19
1.92747e-19
0
0
1.92747e-19
-1.92747e-19
0
0
0
1.92747e-19
-1.92747e-19
0
0
0
0
0
0
0
0
0
0
0
0
0
0
0
0
0
0
0
0
0
0
0
0
0
0
0
0
0
0
0
0
0
0
0
0
0
0
0
0
0
0
0
0
0
0
0
0
0
0
0
0
0
0
0
0
0
0
0
0
0
0
0
0
0
0
0
0
0
0
0
0
0
0
0
0
0
0
0
0
0
0
1.92747e-19
0
0
0
0
1.92747e-19
0
0
0
0
1.92747e-19
0
-1.81073e-18
0
0
0
1.9071e-18
1.9071e-18
1.9071e-18
-3.62145e-18
0
1.92747e-19
-3.8142e-18
7.24291e-18
-3.62145e-18
0
1.9071e-18
-1.9071e-18
1.9071e-18
0
0
1.9071e-18
-1.9071e-18
0
0
0
1.9071e-18
-1.9071e-18
0
0
5.52855e-18
0
0
0
0
5.52855e-18
0
0
0
0
0
-1.92747e-19
0
0
0
0
-1.92747e-19
0
0
0
0
-1.92747e-19
0
0
0
5.52855e-18
-1.92747e-19
-1.92747e-19
-1.92747e-19
1.92747e-19
-1.92747e-19
-1.92747e-19
-1.92747e-19
-1.92747e-19
1.92747e-19
-1.92747e-19
-1.92747e-19
-1.92747e-19
-1.92747e-19
1.92747e-19
-1.92747e-19
-1.92747e-19
-1.92747e-19
-1.92747e-19
1.92747e-19
-1.92747e-19
-1.92747e-19
-1.92747e-19
-1.92747e-19
1.92747e-19
-1.92747e-19
-1.92747e-19
-1.92747e-19
-1.92747e-19
1.92747e-19
-1.92747e-19
-1.92747e-19
-1.92747e-19
-1.92747e-19
1.92747e-19
-1.92747e-19
-1.92747e-19
-1.92747e-19
-1.92747e-19
1.92747e-19
-1.92747e-19
-1.92747e-19
-1.92747e-19
-1.92747e-19
1.92747e-19
-1.92747e-19
-1.92747e-19
-1.92747e-19
-1.92747e-19
1.92747e-19
-1.92747e-19
-1.92747e-19
-1.92747e-19
-1.92747e-19
1.92747e-19
1.92747e-19
1.92747e-19
1.92747e-19
1.92747e-19
1.92747e-19
1.92747e-19
1.92747e-19
1.92747e-19
1.92747e-19
1.92747e-19
1.92747e-19
1.92747e-19
0
1.9699e-18
0
-3.9398e-18
0
0
0
0
0
3.74706e-18
0
-1.92747e-19
0
0
3.74706e-18
0
3.74706e-18
0
0
3.74706e-18
0
0
0
0
3.74706e-18
0
0
0
1.92747e-19
0
0
0
0
1.92747e-19
0
0
0
0
0
3.9398e-18
0
0
0
0
3.9398e-18
0
0
0
0
3.9398e-18
0
0
0
1.92747e-19
3.9398e-18
0
3.9398e-18
0
0
3.9398e-18
0
3.9398e-18
0
0
3.9398e-18
0
3.9398e-18
0
0
3.9398e-18
0
0
0
0
3.9398e-18
0
0
0
0
3.9398e-18
0
0
0
0
3.9398e-18
0
0
0
0
3.9398e-18
0
0
0
0
3.9398e-18
0
0
0
0
3.9398e-18
0
0
0
0
3.9398e-18
0
0
0
0
0
0
1.92747e-19
0
0
0
0
1.92747e-19
0
0
0
0
0
0
0
1.92747e-19
-1.92747e-19
0
0
-2.035e-18
4.07001e-18
0
-5.91227e-18
0
-2.035e-18
4.07001e-18
0
4.07001e-18
0
0
4.07001e-18
0
0
0
0
4.07001e-18
0
0
0
0
0
0
0
0
0
0
0
0
0
0
0
-2.035e-18
0
0
0
0
-2.035e-18
0
0
0
0
-2.035e-18
0
0
0
-2.035e-18
0
-2.035e-18
0
0
-2.035e-18
0
-2.035e-18
0
0
-2.035e-18
0
-2.035e-18
0
0
-2.035e-18
0
0
0
0
-2.035e-18
0
0
0
0
-2.035e-18
0
0
0
0
-2.035e-18
0
0
0
0
-2.035e-18
0
0
0
0
-2.035e-18
0
0
0
0
-2.035e-18
0
0
0
0
-2.035e-18
0
0
0
0
0
0
0
0
0
0
0
0
0
0
0
0
0
0
4.20498e-18
2.10249e-18
-2.10249e-18
0
0
-2.10249e-18
0
0
-2.10249e-18
0
-2.10249e-18
0
0
0
0
0
0
0
0
0
0
0
0
0
0
0
0
0
0
0
0
0
0
0
0
0
0
0
0
0
0
0
0
0
0
0
0
0
0
0
0
0
1.92747e-19
0
0
1.92747e-19
0
1.92747e-19
0
0
1.92747e-19
0
1.92747e-19
0
0
1.92747e-19
0
1.92747e-19
1.92747e-19
0
1.92747e-19
0
1.92747e-19
1.92747e-19
0
1.92747e-19
0
1.92747e-19
1.92747e-19
0
1.92747e-19
0
1.92747e-19
1.92747e-19
0
1.92747e-19
0
1.92747e-19
1.92747e-19
0
1.92747e-19
0
1.92747e-19
1.92747e-19
0
1.92747e-19
0
1.92747e-19
1.92747e-19
0
1.92747e-19
0
1.92747e-19
1.92747e-19
0
-2.10249e-18
0
0
0
0
-2.10249e-18
0
0
0
0
-2.10249e-18
0
-6.13186e-18
-6.32461e-18
0
-2.17245e-18
0
1.92747e-19
1.92747e-19
0
-1.92747e-19
0
0
0
0
-1.92747e-19
0
1.92747e-19
0
0
1.92747e-19
0
1.92747e-19
1.92747e-19
0
1.92747e-19
0
1.92747e-19
1.92747e-19
0
-2.17245e-18
0
0
-1.92747e-19
0
-2.17245e-18
0
0
-1.92747e-19
0
-1.92747e-19
-1.92747e-19
1.92747e-19
-1.92747e-19
0
-1.92747e-19
-1.92747e-19
1.92747e-19
-1.92747e-19
0
-1.92747e-19
-1.92747e-19
1.92747e-19
-1.92747e-19
0
-2.17245e-18
0
0
0
0
0
0
0
0
0
0
0
0
0
0
0
0
0
0
0
0
0
0
0
0
0
0
0
0
0
0
0
0
0
0
0
0
0
0
0
0
0
0
0
0
0
0
0
0
0
0
0
0
0
0
0
0
0
0
0
0
0
0
0
0
0
0
0
0
0
6.34943e-18
4.48995e-18
6.54217e-18
6.54217e-18
0
0
0
0
0
0
0
0
0
0
0
0
0
0
0
0
0
0
0
0
0
1.92747e-19
0
0
0
0
1.92747e-19
0
0
0
0
0
0
0
0
0
0
0
0
0
0
0
0
0
0
0
1.92747e-19
0
-1.92747e-19
0
0
-1.92747e-19
0
-1.92747e-19
0
0
-1.92747e-19
0
-1.92747e-19
0
0
-1.92747e-19
0
-1.92747e-19
-1.92747e-19
0
-1.92747e-19
0
-1.92747e-19
-1.92747e-19
0
-1.92747e-19
0
-1.92747e-19
-1.92747e-19
0
-1.92747e-19
0
-1.92747e-19
-1.92747e-19
0
-1.92747e-19
0
-1.92747e-19
-1.92747e-19
0
-1.92747e-19
0
-1.92747e-19
-1.92747e-19
0
-1.92747e-19
0
-1.92747e-19
-1.92747e-19
0
-1.92747e-19
0
-1.92747e-19
-1.92747e-19
0
1.92747e-19
0
0
0
0
1.92747e-19
0
0
0
0
1.92747e-19
0
0
0
0
-6.76771e-18
0
-2.32015e-18
0
0
-1.92747e-19
1.92747e-19
0
-4.44756e-18
0
-1.92747e-19
1.92747e-19
0
1.92747e-19
0
0
1.92747e-19
0
0
0
0
1.92747e-19
0
0
0
-2.32015e-18
0
0
0
0
-2.32015e-18
0
0
0
0
0
0
0
0
0
0
0
0
0
0
0
0
0
0
0
-2.32015e-18
0
0
0
0
0
0
0
0
0
0
0
0
0
0
0
0
0
0
0
0
0
0
0
0
0
0
0
0
0
0
0
0
0
0
0
0
0
0
0
0
0
0
0
0
0
0
0
0
0
0
0
0
0
0
0
0
0
-2.32015e-18
0
0
0
0
-2.32015e-18
0
0
0
0
0
0
0
-2.39809e-18
2.39809e-18
0
0
0
-7.00151e-18
0
-1.92747e-19
0
0
-7.00151e-18
1.92747e-19
-7.00151e-18
0
1.92747e-19
-7.00151e-18
1.92747e-19
1.92747e-19
0
1.92747e-19
-7.00151e-18
1.92747e-19
1.92747e-19
0
-2.59083e-18
0
0
0
0
-2.59083e-18
0
0
0
0
0
0
0
0
0
0
0
0
0
0
0
0
0
0
0
-2.59083e-18
0
0
0
0
0
0
0
0
0
0
0
0
0
0
0
0
0
0
0
0
0
0
0
0
0
0
0
0
0
0
0
0
0
0
0
0
0
0
0
0
0
0
0
0
0
0
0
0
0
0
0
0
0
0
0
0
0
0
0
0
0
0
0
0
0
0
0
0
0
0
-4.95775e-18
4.95775e-18
0
0
-2.47887e-18
-1.92747e-19
0
0
0
-2.47887e-18
-1.92747e-19
0
-1.92747e-19
0
0
-1.92747e-19
0
0
0
0
-1.92747e-19
0
0
0
0
0
0
0
0
0
0
0
0
0
0
0
0
0
0
0
0
0
0
0
0
0
0
0
0
0
0
0
0
0
0
0
0
0
0
0
0
0
0
0
0
0
0
0
0
0
0
0
0
0
0
0
0
0
0
0
0
0
0
0
0
0
0
0
0
0
0
0
0
0
0
0
0
0
0
0
0
0
0
0
0
0
0
-2.67162e-18
0
0
0
0
-2.67162e-18
0
0
0
0
1.92747e-19
0
0
-2.56262e-18
2.56262e-18
0
0
0
1.92747e-19
-1.92747e-19
0
0
0
1.92747e-19
-1.92747e-19
1.92747e-19
0
0
1.92747e-19
-1.92747e-19
0
0
0
1.92747e-19
-1.92747e-19
0
0
-2.56262e-18
0
0
0
0
-2.56262e-18
0
0
0
0
0
-5.12524e-18
5.12524e-18
0
0
0
-5.12524e-18
5.12524e-18
0
0
0
-5.12524e-18
5.12524e-18
0
0
-2.56262e-18
0
0
0
0
0
0
0
0
0
0
0
0
0
0
0
0
0
0
0
0
0
0
0
0
0
0
0
0
0
0
0
0
0
0
0
0
0
0
0
0
0
0
0
0
0
0
0
0
0
0
0
0
0
0
0
0
0
0
0
0
0
0
0
0
0
0
-5.10613e-18
0
0
0
-5.10613e-18
0
0
0
0
0
-2.84218e-18
1.92747e-19
0
0
0
0
0
-2.64944e-18
2.84218e-18
0
0
2.84218e-18
-2.64944e-18
2.84218e-18
0
0
2.84218e-18
-2.64944e-18
0
-2.64944e-18
-2.64944e-18
0
-2.64944e-18
0
-2.64944e-18
-2.64944e-18
0
-2.64944e-18
0
-1.92747e-19
-2.45669e-18
0
-2.64944e-18
0
-1.92747e-19
-2.45669e-18
0
-2.64944e-18
0
-1.92747e-19
-2.45669e-18
0
-2.64944e-18
0
0
2.64944e-18
0
0
2.64944e-18
0
2.64944e-18
0
0
2.64944e-18
0
2.64944e-18
0
0
2.64944e-18
0
2.64944e-18
2.64944e-18
0
2.64944e-18
0
2.64944e-18
2.64944e-18
0
2.64944e-18
0
2.64944e-18
2.64944e-18
0
2.64944e-18
0
2.64944e-18
2.64944e-18
0
2.64944e-18
0
2.64944e-18
2.64944e-18
0
2.64944e-18
0
2.64944e-18
2.64944e-18
0
2.64944e-18
0
2.64944e-18
2.64944e-18
0
2.64944e-18
0
2.64944e-18
2.64944e-18
0
-5.10613e-18
0
0
0
0
-5.10613e-18
0
0
0
0
-5.10613e-18
0
0
1.92747e-19
0
0
2.73943e-18
0
0
0
0
-2.73943e-18
2.73943e-18
5.28612e-18
0
0
-2.73943e-18
5.67161e-18
-2.73943e-18
0
2.93218e-18
-2.73943e-18
5.67161e-18
2.93218e-18
0
2.93218e-18
-2.73943e-18
5.67161e-18
2.93218e-18
0
2.54668e-18
0
0
0
0
2.54668e-18
0
0
0
0
0
0
0
0
0
0
0
0
0
0
0
0
0
0
0
2.54668e-18
0
-5.28612e-18
0
0
-5.28612e-18
0
-5.28612e-18
0
0
-5.28612e-18
0
-5.28612e-18
0
0
-5.28612e-18
0
-5.28612e-18
-5.28612e-18
0
-5.28612e-18
0
-5.28612e-18
-5.28612e-18
0
-5.28612e-18
0
-5.28612e-18
-5.28612e-18
0
-5.28612e-18
0
-5.28612e-18
-5.28612e-18
0
-5.28612e-18
0
-5.28612e-18
-5.28612e-18
0
-5.28612e-18
0
-5.28612e-18
-5.28612e-18
0
-5.28612e-18
0
-5.28612e-18
-5.28612e-18
0
-5.28612e-18
0
-5.28612e-18
-5.28612e-18
0
2.73943e-18
0
0
0
0
2.73943e-18
0
0
0
0
2.73943e-18
0
0
-2.83272e-18
0
0
0
0
0
0
-2.83272e-18
0
0
1.92747e-19
0
-2.83272e-18
0
-2.83272e-18
0
0
-2.83272e-18
0
-2.83272e-18
-2.83272e-18
0
-2.83272e-18
0
-2.83272e-18
-2.83272e-18
0
1.92747e-19
0
0
0
0
1.92747e-19
0
0
0
0
0
0
0
0
0
0
0
0
0
0
0
0
0
0
0
1.92747e-19
0
2.83272e-18
0
0
2.83272e-18
0
2.83272e-18
0
0
2.83272e-18
0
2.83272e-18
0
0
2.83272e-18
0
2.83272e-18
2.83272e-18
0
2.83272e-18
0
2.83272e-18
2.83272e-18
0
2.83272e-18
0
2.83272e-18
2.83272e-18
0
2.83272e-18
0
2.83272e-18
2.83272e-18
0
2.83272e-18
0
2.83272e-18
2.83272e-18
0
2.83272e-18
0
2.83272e-18
2.83272e-18
0
2.83272e-18
0
2.83272e-18
2.83272e-18
0
2.83272e-18
0
2.83272e-18
2.83272e-18
0
0
0
0
0
0
0
0
0
0
0
0
0
0
-8.59556e-18
0
0
0
0
0
0
0
0
0
-5.85887e-18
0
0
0
0
0
0
0
0
0
0
0
0
0
0
0
0
-2.92943e-18
0
0
0
0
-2.92943e-18
0
0
0
0
0
0
0
0
0
0
0
0
0
0
0
0
0
0
0
-2.92943e-18
0
0
0
0
0
0
0
0
0
0
0
0
0
0
0
0
0
0
0
0
0
0
0
0
0
0
0
0
0
0
0
0
0
0
0
0
0
0
0
0
0
0
0
0
0
0
0
0
0
0
0
0
0
0
-3.85494e-19
0
0
-1.92747e-19
0
-3.85494e-19
0
0
-1.92747e-19
0
-3.85494e-19
0
0
0
0
0
0
0
0
0
0
0
0
-4.6409e-18
0
0
0
0
0
0
0
0
0
0
0
0
0
0
0
0
-4.6409e-18
0
0
0
0
-4.6409e-18
0
0
0
0
0
-1.61122e-18
0
0
0
0
-1.61122e-18
0
0
0
0
-1.61122e-18
0
0
0
-4.6409e-18
-1.61122e-18
0
-1.61122e-18
0
0
-1.61122e-18
0
-1.61122e-18
0
0
-1.61122e-18
0
-1.61122e-18
0
0
-1.61122e-18
0
0
0
0
-1.61122e-18
0
0
0
0
-1.61122e-18
0
0
0
0
-1.61122e-18
0
0
0
0
-1.61122e-18
0
0
0
0
-1.61122e-18
0
0
0
0
-1.61122e-18
0
0
0
0
-1.61122e-18
0
0
0
0
0
0
0
0
0
0
0
0
0
0
0
0
0
0
0
0
0
0
0
0
0
0
-1.92747e-19
0
0
0
0
0
0
0
0
0
0
0
0
0
0
0
0
1.66318e-18
0
0
0
0
1.66318e-18
0
0
0
0
0
4.60405e-18
0
0
0
0
4.60405e-18
0
0
0
0
4.60405e-18
0
0
0
1.66318e-18
4.79679e-18
-1.92747e-19
4.79679e-18
0
0
4.79679e-18
-1.92747e-19
4.79679e-18
0
0
4.79679e-18
-1.92747e-19
4.79679e-18
0
0
4.79679e-18
-1.92747e-19
0
0
0
4.79679e-18
-1.92747e-19
0
0
0
4.79679e-18
-1.92747e-19
0
0
0
4.79679e-18
-1.92747e-19
0
0
0
4.79679e-18
-1.92747e-19
0
0
0
4.79679e-18
-1.92747e-19
0
0
0
4.79679e-18
-1.92747e-19
0
0
0
4.79679e-18
-1.92747e-19
0
0
0
0
0
1.92747e-19
0
0
0
0
1.92747e-19
0
0
0
-1.62067e-18
0
-1.92747e-19
0
1.92747e-19
1.92747e-19
1.92747e-19
0
4.76564e-18
0
0
4.76564e-18
0
4.76564e-18
0
0
0
0
0
0
0
0
0
0
0
0
0
0
0
0
0
1.71705e-18
0
0
0
0
1.71705e-18
0
1.71705e-18
-1.71705e-18
1.71705e-18
1.71705e-18
0
1.71705e-18
-1.71705e-18
1.71705e-18
1.71705e-18
0
1.71705e-18
-1.71705e-18
1.71705e-18
1.71705e-18
0
0
-1.71705e-18
1.71705e-18
-1.71705e-18
0
0
-1.71705e-18
1.71705e-18
-1.71705e-18
0
0
-1.71705e-18
1.71705e-18
-1.71705e-18
0
0
-1.71705e-18
1.71705e-18
0
0
0
-1.71705e-18
1.71705e-18
0
0
0
-1.71705e-18
1.71705e-18
0
0
0
-1.71705e-18
1.71705e-18
0
0
0
-1.71705e-18
1.71705e-18
0
0
0
-1.71705e-18
1.71705e-18
0
0
0
-1.71705e-18
1.71705e-18
0
0
0
-1.71705e-18
1.71705e-18
0
0
4.76564e-18
0
0
1.71705e-18
0
4.76564e-18
0
0
1.71705e-18
0
4.76564e-18
0
0
1.92747e-19
6.70605e-18
-1.77289e-18
0
6.70605e-18
6.70605e-18
1.58014e-18
0
1.58014e-18
1.58014e-18
0
1.58014e-18
0
1.58014e-18
1.77289e-18
1.58014e-18
0
1.77289e-18
1.58014e-18
1.77289e-18
1.77289e-18
0
1.77289e-18
1.58014e-18
1.77289e-18
1.77289e-18
0
0
0
0
0
0
0
0
0
0
0
0
0
3.35302e-18
0
0
0
0
3.35302e-18
0
0
0
0
3.35302e-18
0
0
0
3.35302e-18
3.35302e-18
3.35302e-18
-5.12591e-18
3.35302e-18
3.35302e-18
3.35302e-18
3.35302e-18
-5.12591e-18
3.35302e-18
3.35302e-18
3.35302e-18
3.35302e-18
-5.12591e-18
3.35302e-18
3.35302e-18
3.35302e-18
3.35302e-18
-5.12591e-18
3.35302e-18
3.35302e-18
3.35302e-18
3.35302e-18
-5.12591e-18
3.35302e-18
3.35302e-18
3.35302e-18
3.35302e-18
-5.12591e-18
3.35302e-18
3.35302e-18
3.35302e-18
3.35302e-18
-5.12591e-18
3.35302e-18
3.35302e-18
3.35302e-18
3.35302e-18
-5.12591e-18
3.35302e-18
3.35302e-18
3.35302e-18
3.35302e-18
-5.12591e-18
3.35302e-18
3.35302e-18
3.35302e-18
3.35302e-18
-5.12591e-18
3.35302e-18
3.35302e-18
3.35302e-18
3.35302e-18
-5.12591e-18
-1.92747e-19
-5.12591e-18
-5.12591e-18
-1.92747e-19
-5.12591e-18
-1.92747e-19
-5.12591e-18
-5.12591e-18
-1.92747e-19
-5.12591e-18
-1.92747e-19
-5.12591e-18
-1.7344e-18
0
3.46879e-18
5.29957e-18
0
0
0
0
0
0
0
0
0
0
0
0
0
1.04064e-17
0
0
0
0
1.04064e-17
0
0
0
0
1.04064e-17
1.83077e-18
1.04064e-17
1.04064e-17
0
1.04064e-17
1.83077e-18
1.04064e-17
1.04064e-17
0
1.04064e-17
0
1.04064e-17
6.93759e-18
0
1.04064e-17
0
1.04064e-17
6.93759e-18
0
1.04064e-17
0
1.04064e-17
6.93759e-18
0
1.04064e-17
1.83077e-18
0
0
0
1.92747e-19
-6.93759e-18
0
0
0
1.92747e-19
-6.93759e-18
0
0
0
1.92747e-19
-6.93759e-18
0
0
-6.93759e-18
1.92747e-19
-6.93759e-18
0
0
-6.93759e-18
1.92747e-19
-6.93759e-18
0
0
-6.93759e-18
1.92747e-19
-6.93759e-18
0
0
-6.93759e-18
1.92747e-19
-6.93759e-18
0
0
-6.93759e-18
1.92747e-19
-6.93759e-18
0
0
-6.93759e-18
1.92747e-19
-6.93759e-18
0
0
-6.93759e-18
1.92747e-19
-6.93759e-18
0
0
-6.93759e-18
1.92747e-19
7.13034e-18
1.92747e-19
1.92747e-19
0
1.92747e-19
7.13034e-18
1.92747e-19
1.92747e-19
0
1.92747e-19
7.13034e-18
1.92747e-19
1.7944e-18
0
0
3.39606e-18
0
0
0
0
-9.06839e-18
0
0
0
0
-9.06839e-18
0
0
0
0
0
0
0
0
0
0
0
0
0
0
0
0
0
1.92747e-19
0
0
0
0
1.92747e-19
0
1.92747e-19
-1.69803e-18
1.89078e-18
1.92747e-19
0
1.92747e-19
-1.69803e-18
1.89078e-18
1.92747e-19
0
1.92747e-19
-1.69803e-18
1.89078e-18
1.92747e-19
0
0
1.92747e-19
1.89078e-18
1.92747e-19
0
1.89078e-18
1.92747e-19
1.89078e-18
1.92747e-19
0
1.89078e-18
1.92747e-19
1.89078e-18
1.92747e-19
0
1.89078e-18
1.92747e-19
1.89078e-18
1.89078e-18
0
1.89078e-18
1.92747e-19
1.89078e-18
1.89078e-18
0
1.89078e-18
1.92747e-19
1.89078e-18
1.89078e-18
0
1.89078e-18
1.92747e-19
1.89078e-18
1.89078e-18
0
1.89078e-18
1.92747e-19
1.89078e-18
1.89078e-18
0
1.89078e-18
1.92747e-19
1.89078e-18
1.89078e-18
0
1.89078e-18
1.92747e-19
1.89078e-18
1.89078e-18
0
1.89078e-18
1.92747e-19
1.89078e-18
1.89078e-18
0
0
0
0
0
0
0
0
0
0
0
0
0
9.63735e-20
5.66619e-18
-3.71321e-18
-3.71321e-18
0
-1.76023e-18
-1.76023e-18
-1.92747e-19
3.90596e-18
-2.14573e-18
1.95298e-18
0
-1.92747e-19
3.90596e-18
0
1.95298e-18
0
0
1.95298e-18
0
1.95298e-18
1.95298e-18
0
1.95298e-18
0
1.95298e-18
1.95298e-18
0
-1.92747e-19
0
0
0
0
-1.92747e-19
0
0
0
0
0
0
0
0
0
0
0
0
0
0
0
0
0
0
0
-1.92747e-19
0
0
0
0
0
0
0
0
0
0
0
0
0
0
0
0
0
0
0
0
0
0
0
0
0
0
0
0
0
0
0
0
0
0
0
0
0
0
0
0
0
0
0
0
0
0
0
0
0
0
0
0
0
0
0
0
0
1.92747e-19
0
0
0
0
1.92747e-19
0
0
0
0
0
0
0
1.92747e-19
-1.92747e-19
0
0
-2.01746e-18
4.03493e-18
0
-4.03493e-18
0
-2.01746e-18
4.03493e-18
0
4.03493e-18
0
0
4.03493e-18
0
0
0
0
4.03493e-18
0
0
0
0
0
0
0
0
0
0
0
0
0
0
3.84218e-18
-3.84218e-18
0
0
0
3.84218e-18
-3.84218e-18
0
0
0
3.84218e-18
-3.84218e-18
0
0
0
5.85964e-18
-3.84218e-18
5.85964e-18
0
2.01746e-18
5.85964e-18
-3.84218e-18
5.85964e-18
0
2.01746e-18
5.85964e-18
-3.84218e-18
5.85964e-18
0
2.01746e-18
5.85964e-18
-3.84218e-18
2.01746e-18
0
2.01746e-18
5.85964e-18
-3.84218e-18
2.01746e-18
0
2.01746e-18
5.85964e-18
-3.84218e-18
2.01746e-18
0
2.01746e-18
5.85964e-18
-3.84218e-18
2.01746e-18
0
2.01746e-18
5.85964e-18
-3.84218e-18
2.01746e-18
0
2.01746e-18
5.85964e-18
-3.84218e-18
2.01746e-18
0
2.01746e-18
5.85964e-18
-3.84218e-18
2.01746e-18
0
2.01746e-18
5.85964e-18
-3.84218e-18
2.01746e-18
0
-5.66689e-18
0
0
1.92747e-19
0
-5.66689e-18
0
0
1.92747e-19
0
-5.66689e-18
0
0
0
-3.97587e-18
0
-3.97587e-18
0
0
2.08431e-18
5.86743e-18
2.08431e-18
2.08431e-18
1.89156e-18
2.08431e-18
5.86743e-18
2.08431e-18
0
2.08431e-18
2.08431e-18
0
2.08431e-18
0
0
2.08431e-18
0
2.08431e-18
0
0
2.08431e-18
0
2.08431e-18
2.08431e-18
-1.92747e-19
2.08431e-18
0
2.08431e-18
2.08431e-18
-1.92747e-19
2.08431e-18
-1.92747e-19
1.89156e-18
0
-1.92747e-19
2.08431e-18
-1.92747e-19
1.89156e-18
0
-1.92747e-19
2.08431e-18
-1.92747e-19
1.89156e-18
0
-1.92747e-19
2.08431e-18
0
-1.92747e-19
0
-1.92747e-19
0
0
-1.92747e-19
0
-1.92747e-19
0
0
-1.92747e-19
0
-1.92747e-19
0
0
-1.92747e-19
0
0
0
0
-1.92747e-19
0
0
0
0
-1.92747e-19
0
0
0
0
-1.92747e-19
0
0
0
0
-1.92747e-19
0
0
0
0
-1.92747e-19
0
0
0
0
-1.92747e-19
0
0
0
0
-1.92747e-19
0
0
0
-1.92747e-19
0
0
0
0
-1.92747e-19
0
0
0
0
-1.92747e-19
0
0
0
0
1.92747e-19
0
0
0
0
0
4.11445e-18
2.1536e-18
0
0
0
6.26806e-18
0
6.26806e-18
0
0
6.26806e-18
0
0
0
0
6.26806e-18
0
0
0
-4.11445e-18
0
0
0
0
-4.11445e-18
0
0
0
0
0
-4.11445e-18
0
0
0
0
-4.11445e-18
0
0
0
0
-4.11445e-18
0
0
0
-4.11445e-18
-4.11445e-18
0
-4.11445e-18
0
0
-4.11445e-18
0
-4.11445e-18
0
0
-4.11445e-18
0
-4.11445e-18
0
0
-4.11445e-18
0
0
0
0
-4.11445e-18
0
0
0
0
-4.11445e-18
0
0
0
0
-4.11445e-18
0
0
0
0
-4.11445e-18
0
0
0
0
-4.11445e-18
0
0
0
0
-4.11445e-18
0
0
0
0
-4.11445e-18
0
0
0
1.92747e-19
0
0
0
0
1.92747e-19
0
0
0
0
1.92747e-19
0
0
0
0
-6.2908e-18
-2.22543e-18
-2.22543e-18
-4.45087e-18
0
0
-1.92747e-19
0
-2.22543e-18
0
0
-1.92747e-19
0
-1.92747e-19
0
0
-1.92747e-19
0
0
0
0
-1.92747e-19
0
0
0
-2.22543e-18
0
0
0
0
-2.22543e-18
0
0
0
0
0
-4.25812e-18
0
0
0
0
-4.25812e-18
0
0
0
0
-4.25812e-18
0
0
0
-2.22543e-18
-4.25812e-18
0
-4.25812e-18
0
0
-4.25812e-18
0
-4.25812e-18
0
0
-4.25812e-18
0
-4.25812e-18
0
0
-4.25812e-18
0
0
0
0
-4.25812e-18
0
0
0
0
-4.25812e-18
0
0
0
0
-4.25812e-18
0
0
0
0
-4.25812e-18
0
0
0
0
-4.25812e-18
0
0
0
0
-4.25812e-18
0
0
0
0
-4.25812e-18
0
0
0
0
0
0
0
0
0
0
0
0
0
0
0
4.40704e-18
0
0
0
2.10715e-18
-4.40704e-18
-2.2999e-18
2.2999e-18
0
2.10715e-18
2.2999e-18
0
2.2999e-18
0
2.10715e-18
0
2.10715e-18
2.2999e-18
0
2.10715e-18
0
0
2.2999e-18
0
2.10715e-18
0
0
2.2999e-18
-1.92747e-19
2.2999e-18
2.2999e-18
0
2.2999e-18
-1.92747e-19
2.2999e-18
2.2999e-18
0
2.2999e-18
0
4.59979e-18
-2.10715e-18
0
2.2999e-18
0
4.59979e-18
-2.10715e-18
0
2.2999e-18
0
4.59979e-18
-2.10715e-18
0
2.2999e-18
-1.92747e-19
1.92747e-19
0
1.92747e-19
-4.59979e-18
0
1.92747e-19
0
1.92747e-19
-4.59979e-18
0
1.92747e-19
0
1.92747e-19
-4.59979e-18
0
1.92747e-19
0
0
-4.59979e-18
0
1.92747e-19
0
0
-4.59979e-18
0
1.92747e-19
0
0
-4.59979e-18
0
1.92747e-19
0
0
-4.59979e-18
0
1.92747e-19
0
0
-4.59979e-18
0
1.92747e-19
0
0
-4.59979e-18
0
1.92747e-19
0
0
-4.59979e-18
0
1.92747e-19
0
0
-4.59979e-18
1.92747e-19
-4.59979e-18
-4.59979e-18
0
-4.59979e-18
1.92747e-19
-4.59979e-18
-4.59979e-18
0
-4.59979e-18
1.92747e-19
-4.59979e-18
0
1.92747e-19
0
-2.56983e-18
-6.93851e-18
0
0
0
0
0
0
0
0
0
0
0
0
0
0
0
0
0
0
0
0
0
0
0
0
0
0
0
0
0
0
0
0
0
0
-1.92747e-19
0
0
0
0
-1.92747e-19
0
0
0
0
-1.92747e-19
0
0
0
0
-1.92747e-19
0
-1.92747e-19
0
0
-1.92747e-19
0
-1.92747e-19
0
0
-1.92747e-19
0
-1.92747e-19
0
0
-1.92747e-19
0
0
0
0
-1.92747e-19
0
0
0
0
-1.92747e-19
0
0
0
0
-1.92747e-19
0
0
0
0
-1.92747e-19
0
0
0
0
-1.92747e-19
0
0
0
0
-1.92747e-19
0
0
0
0
-1.92747e-19
0
0
0
0
0
0
0
0
0
0
0
0
0
0
0
6.88945e-18
0
0
0
-2.45711e-18
2.45711e-18
0
0
1.92747e-19
4.91421e-18
0
0
0
1.92747e-19
4.91421e-18
2.26436e-18
4.91421e-18
-2.45711e-18
2.26436e-18
4.91421e-18
2.26436e-18
2.26436e-18
-2.45711e-18
2.26436e-18
4.91421e-18
2.26436e-18
2.26436e-18
-2.45711e-18
2.45711e-18
-2.45711e-18
-2.45711e-18
2.45711e-18
-2.45711e-18
2.45711e-18
-2.45711e-18
-2.45711e-18
2.45711e-18
-2.45711e-18
2.45711e-18
0
-2.45711e-18
2.45711e-18
-2.45711e-18
2.45711e-18
0
-2.45711e-18
2.45711e-18
-2.45711e-18
2.45711e-18
0
-2.45711e-18
2.45711e-18
-2.45711e-18
2.45711e-18
0
0
0
0
0
0
0
0
0
0
0
0
0
0
0
0
0
0
0
0
0
0
0
0
0
0
0
0
0
0
0
0
0
0
0
0
0
0
0
0
0
0
0
0
0
0
0
0
0
0
0
0
0
0
0
0
0
0
0
0
0
0
0
0
0
0
0
2.54006e-18
2.54006e-18
7.42742e-18
0
0
0
7.42742e-18
0
0
7.42742e-18
-1.92747e-19
7.42742e-18
0
0
0
0
0
0
0
0
0
0
0
0
0
0
0
0
0
0
0
0
0
0
0
0
0
0
2.54006e-18
-2.34731e-18
0
0
0
2.54006e-18
-2.34731e-18
0
0
0
2.54006e-18
-2.34731e-18
0
0
0
0
0
0
0
-1.92747e-19
0
0
0
0
-1.92747e-19
0
0
0
0
-1.92747e-19
0
0
-1.92747e-19
0
-1.92747e-19
0
0
-1.92747e-19
0
-1.92747e-19
0
0
-1.92747e-19
0
-1.92747e-19
0
0
-1.92747e-19
0
-1.92747e-19
0
0
-1.92747e-19
0
-1.92747e-19
0
0
-1.92747e-19
0
-1.92747e-19
0
0
-1.92747e-19
0
-1.92747e-19
0
0
-1.92747e-19
0
5.08011e-18
0
0
0
0
5.08011e-18
0
0
0
0
5.08011e-18
0
-2.62604e-18
1.92747e-19
0
0
5.25209e-18
-5.25209e-18
0
0
0
0
0
1.92747e-19
0
0
0
1.92747e-19
0
1.92747e-19
1.92747e-19
0
1.92747e-19
1.92747e-19
1.92747e-19
1.92747e-19
0
1.92747e-19
1.92747e-19
1.92747e-19
5.44484e-18
1.92747e-19
1.92747e-19
0
1.92747e-19
5.44484e-18
1.92747e-19
1.92747e-19
0
1.92747e-19
0
1.92747e-19
1.92747e-19
0
1.92747e-19
0
1.92747e-19
1.92747e-19
0
1.92747e-19
0
1.92747e-19
1.92747e-19
0
1.92747e-19
5.44484e-18
1.92747e-19
0
1.92747e-19
-2.62604e-18
0
1.92747e-19
0
1.92747e-19
-2.62604e-18
0
1.92747e-19
0
1.92747e-19
-2.62604e-18
0
1.92747e-19
0
0
-2.62604e-18
0
1.92747e-19
0
0
-2.62604e-18
0
1.92747e-19
0
0
-2.62604e-18
0
1.92747e-19
0
0
-2.62604e-18
0
1.92747e-19
0
0
-2.62604e-18
0
1.92747e-19
0
0
-2.62604e-18
0
1.92747e-19
0
0
-2.62604e-18
0
1.92747e-19
0
0
-2.62604e-18
0
-2.62604e-18
-2.62604e-18
-5.25209e-18
-2.62604e-18
0
-2.62604e-18
-2.62604e-18
-5.25209e-18
-2.62604e-18
0
-2.62604e-18
0
0
0
0
1.92747e-19
0
0
0
1.92747e-19
2.71518e-18
0
5.43037e-18
0
1.92747e-19
2.71518e-18
0
2.71518e-18
0
0
2.71518e-18
0
0
0
0
2.71518e-18
0
0
0
0
0
0
-2.71518e-18
0
0
0
0
-2.71518e-18
0
-2.71518e-18
0
0
-2.71518e-18
0
-2.71518e-18
0
0
-2.71518e-18
0
-2.71518e-18
0
0
-2.71518e-18
0
0
0
0
0
0
0
0
0
0
0
0
0
0
0
0
0
0
0
0
0
0
0
0
0
0
0
0
0
0
0
0
0
0
0
0
0
0
0
0
0
0
0
0
0
0
0
0
0
0
0
0
0
0
0
0
0
0
0
0
0
0
0
0
0
0
0
0
0
-8.23002e-18
0
1.92747e-19
-2.80759e-18
2.80759e-18
0
0
0
0
0
0
0
0
0
0
0
0
0
0
0
0
0
0
0
0
0
0
5.80792e-18
0
0
5.42243e-18
0
5.80792e-18
0
0
5.42243e-18
0
5.42243e-18
0
0
5.42243e-18
0
5.42243e-18
0
0
5.42243e-18
0
5.42243e-18
0
0
5.42243e-18
0
5.80792e-18
0
0
0
0
0
0
0
0
0
0
0
0
0
0
0
0
0
0
0
0
0
0
0
0
0
0
0
0
0
0
0
0
0
0
0
0
0
0
0
0
0
0
0
0
0
0
0
0
0
0
0
0
0
0
2.80759e-18
0
0
0
0
2.80759e-18
0
0
0
0
2.80759e-18
0
9.63735e-20
-1.92747e-19
5.80675e-18
0
5.80675e-18
5.80675e-18
5.80675e-18
0
-2.90338e-18
1.92747e-19
0
-2.71063e-18
0
-2.90338e-18
0
0
0
1.92747e-19
-1.92747e-19
0
0
-1.92747e-19
1.92747e-19
-1.92747e-19
0
0
-1.92747e-19
1.92747e-19
-6.19225e-18
1.92747e-19
1.92747e-19
-6.19225e-18
1.92747e-19
-6.19225e-18
1.92747e-19
1.92747e-19
-6.19225e-18
1.92747e-19
-6.19225e-18
1.92747e-19
0
-6.19225e-18
1.92747e-19
-6.19225e-18
1.92747e-19
0
-6.19225e-18
1.92747e-19
-6.19225e-18
1.92747e-19
0
-6.19225e-18
1.92747e-19
-6.19225e-18
0
0
0
0
0
0
0
0
0
0
0
0
0
0
0
0
0
0
0
0
0
0
0
0
0
0
0
0
0
0
0
0
0
0
0
0
0
0
0
0
0
0
0
0
0
0
0
0
0
0
0
0
0
0
0
0
0
-3.09612e-18
0
0
0
0
-3.09612e-18
0
0
0
0
-6.00535e-18
0
1.79046e-18
0
0
0
0
0
0
0
0
0
0
0
0
0
0
0
0
0
0
0
0
0
0
0
0
0
0
0
1.21222e-18
0
0
0
0
1.21222e-18
0
1.21222e-18
0
0
1.21222e-18
0
1.21222e-18
0
0
1.21222e-18
0
1.21222e-18
0
0
1.21222e-18
0
0
0
1.92747e-19
0
0
1.92747e-19
0
1.92747e-19
0
0
1.92747e-19
0
1.92747e-19
0
0
1.92747e-19
0
1.92747e-19
1.92747e-19
0
1.92747e-19
0
1.92747e-19
1.92747e-19
0
1.92747e-19
0
1.92747e-19
1.92747e-19
0
1.92747e-19
0
1.92747e-19
1.92747e-19
0
1.92747e-19
0
1.92747e-19
1.92747e-19
0
1.92747e-19
0
1.92747e-19
1.92747e-19
0
1.92747e-19
0
1.92747e-19
1.92747e-19
0
1.92747e-19
0
1.92747e-19
1.92747e-19
0
1.40496e-18
0
0
0
0
1.40496e-18
0
0
0
0
1.40496e-18
0
0
-1.45643e-18
0
0
0
0
0
0
0
1.92747e-19
0
1.92747e-19
0
0
1.92747e-19
0
1.92747e-19
0
0
1.92747e-19
0
0
0
0
1.92747e-19
0
0
0
1.92747e-19
0
0
0
0
1.92747e-19
0
0
0
0
0
0
0
0
0
0
0
0
0
0
0
0
0
0
0
1.92747e-19
0
0
0
0
0
0
0
0
0
0
0
0
0
0
0
0
0
0
0
0
0
0
0
0
0
0
0
0
0
0
0
0
0
0
0
0
0
0
0
0
0
0
0
0
0
0
0
0
0
0
0
0
0
0
0
0
0
0
0
0
0
0
0
0
0
0
0
0
0
1.92747e-19
0
0
0
3.21232e-18
1.92747e-19
0
3.21232e-18
0
3.21232e-18
1.92747e-19
0
3.21232e-18
0
0
3.21232e-18
0
3.21232e-18
3.21232e-18
0
3.21232e-18
0
3.21232e-18
3.21232e-18
0
1.92747e-19
0
0
-4.7221e-18
0
1.92747e-19
0
0
-4.7221e-18
0
-4.7221e-18
-6.42464e-18
6.42464e-18
-4.7221e-18
0
-4.7221e-18
-6.42464e-18
6.42464e-18
-4.7221e-18
0
-4.7221e-18
-6.42464e-18
6.42464e-18
-4.7221e-18
0
1.92747e-19
-6.42464e-18
6.42464e-18
-6.42464e-18
0
0
-6.42464e-18
6.42464e-18
-6.42464e-18
0
0
-6.42464e-18
6.42464e-18
-6.42464e-18
0
0
-6.42464e-18
6.42464e-18
0
0
0
-6.42464e-18
6.42464e-18
0
0
0
-6.42464e-18
6.42464e-18
0
0
0
-6.42464e-18
6.42464e-18
0
0
0
-6.42464e-18
6.42464e-18
0
0
0
-6.42464e-18
6.42464e-18
0
0
0
-6.42464e-18
6.42464e-18
0
0
0
-6.42464e-18
6.42464e-18
0
0
4.91485e-18
0
0
4.91485e-18
0
4.91485e-18
0
0
4.91485e-18
0
4.91485e-18
0
0
0
-5.08077e-18
0
-5.08077e-18
-4.88803e-18
-4.88803e-18
0
0
-6.64587e-18
1.75784e-18
0
0
0
0
0
0
1.75784e-18
4.88803e-18
0
0
4.88803e-18
1.75784e-18
4.88803e-18
0
0
4.88803e-18
1.75784e-18
-6.64587e-18
1.75784e-18
1.75784e-18
0
1.75784e-18
-6.64587e-18
1.75784e-18
1.75784e-18
0
1.75784e-18
0
1.75784e-18
0
0
1.75784e-18
0
1.75784e-18
0
0
1.75784e-18
0
1.75784e-18
0
0
1.75784e-18
-6.64587e-18
1.75784e-18
0
1.75784e-18
-3.51568e-18
1.75784e-18
1.75784e-18
0
1.75784e-18
-3.51568e-18
1.75784e-18
1.75784e-18
0
1.75784e-18
-3.51568e-18
1.75784e-18
1.75784e-18
0
1.75784e-18
-3.51568e-18
1.75784e-18
1.75784e-18
0
1.75784e-18
-3.51568e-18
1.75784e-18
1.75784e-18
0
1.75784e-18
-3.51568e-18
1.75784e-18
1.75784e-18
0
1.75784e-18
-3.51568e-18
1.75784e-18
1.75784e-18
0
1.75784e-18
-3.51568e-18
1.75784e-18
1.75784e-18
0
1.75784e-18
-3.51568e-18
1.75784e-18
1.75784e-18
0
1.75784e-18
-3.51568e-18
1.75784e-18
1.75784e-18
0
1.75784e-18
-3.51568e-18
1.95059e-18
-3.51568e-18
-3.51568e-18
1.95059e-18
-3.51568e-18
1.95059e-18
-3.51568e-18
-3.51568e-18
1.95059e-18
-3.51568e-18
1.95059e-18
-3.51568e-18
0
1.81517e-18
0
0
-6.8752e-18
0
0
0
0
0
0
0
0
0
0
0
0
0
0
0
0
0
0
0
0
0
0
0
-5.25278e-18
0
0
-1.92747e-19
0
-5.25278e-18
0
0
-1.92747e-19
0
-1.92747e-19
-5.06003e-18
0
-1.92747e-19
0
-1.92747e-19
-5.06003e-18
0
-1.92747e-19
0
-1.92747e-19
-5.06003e-18
0
-1.92747e-19
0
-5.25278e-18
-5.06003e-18
1.92747e-19
-5.06003e-18
0
1.92747e-19
-5.06003e-18
1.92747e-19
-5.06003e-18
0
1.92747e-19
-5.06003e-18
1.92747e-19
-5.06003e-18
0
1.92747e-19
-5.06003e-18
1.92747e-19
1.92747e-19
0
1.92747e-19
-5.06003e-18
1.92747e-19
1.92747e-19
0
1.92747e-19
-5.06003e-18
1.92747e-19
1.92747e-19
0
1.92747e-19
-5.06003e-18
1.92747e-19
1.92747e-19
0
1.92747e-19
-5.06003e-18
1.92747e-19
1.92747e-19
0
1.92747e-19
-5.06003e-18
1.92747e-19
1.92747e-19
0
1.92747e-19
-5.06003e-18
1.92747e-19
1.92747e-19
0
1.92747e-19
-5.06003e-18
1.92747e-19
1.92747e-19
0
0
0
0
0
0
0
0
0
0
0
0
0
-9.63735e-20
0
0
0
0
5.23833e-18
0
0
-3.55647e-18
0
0
-3.55647e-18
0
-3.55647e-18
0
-1.87461e-18
0
-1.92747e-19
-1.87461e-18
0
-1.87461e-18
-1.87461e-18
-1.92747e-19
-1.87461e-18
0
-1.87461e-18
-1.87461e-18
-1.92747e-19
0
-1.92747e-19
-1.92747e-19
3.55647e-18
-1.92747e-19
0
-1.92747e-19
-1.92747e-19
3.55647e-18
-1.92747e-19
3.55647e-18
0
-1.92747e-19
3.55647e-18
-1.92747e-19
3.55647e-18
0
-1.92747e-19
3.55647e-18
-1.92747e-19
3.55647e-18
0
-1.92747e-19
3.55647e-18
-1.92747e-19
0
0
0
0
0
0
0
0
0
0
0
0
0
0
0
0
0
0
0
0
0
0
0
0
0
0
0
0
0
0
0
0
0
0
0
0
0
0
0
0
0
0
0
0
0
0
0
0
0
0
0
0
0
0
0
3.55647e-18
0
0
3.74922e-18
0
3.55647e-18
0
0
3.74922e-18
0
3.55647e-18
0
0
1.92747e-19
1.93622e-18
0
-5.61591e-18
0
0
0
1.93622e-18
-1.74347e-18
1.93622e-18
2.12897e-18
0
1.93622e-18
0
0
0
0
-1.92747e-19
0
0
-1.92747e-19
0
-1.92747e-19
0
0
-1.92747e-19
0
1.93622e-18
0
0
-1.93622e-18
0
1.93622e-18
0
0
-1.93622e-18
0
-1.93622e-18
-3.67969e-18
0
-1.93622e-18
0
-1.93622e-18
-3.67969e-18
0
-1.93622e-18
0
-1.93622e-18
-3.67969e-18
0
-1.93622e-18
0
1.93622e-18
-3.67969e-18
-3.67969e-18
-3.67969e-18
1.93622e-18
-3.67969e-18
-3.67969e-18
-3.67969e-18
-3.67969e-18
1.93622e-18
-3.67969e-18
-3.67969e-18
-3.67969e-18
-3.67969e-18
1.93622e-18
-3.67969e-18
-3.67969e-18
-3.67969e-18
-3.67969e-18
1.93622e-18
-3.67969e-18
-3.67969e-18
-3.67969e-18
-3.67969e-18
1.93622e-18
-3.67969e-18
-3.67969e-18
-3.67969e-18
-3.67969e-18
1.93622e-18
-3.67969e-18
-3.67969e-18
-3.67969e-18
-3.67969e-18
1.93622e-18
-3.67969e-18
-3.67969e-18
-3.67969e-18
-3.67969e-18
1.93622e-18
-3.67969e-18
-3.67969e-18
-3.67969e-18
-3.67969e-18
1.93622e-18
-3.67969e-18
-3.67969e-18
-3.67969e-18
-3.67969e-18
1.93622e-18
-3.67969e-18
-3.67969e-18
-3.67969e-18
-3.67969e-18
1.93622e-18
1.93622e-18
1.93622e-18
1.93622e-18
0
1.93622e-18
1.93622e-18
1.93622e-18
1.93622e-18
0
1.93622e-18
1.93622e-18
1.93622e-18
0
1.92747e-19
0
-2.00009e-18
-2.00009e-18
0
0
0
0
0
0
1.80734e-18
0
0
-1.92747e-19
1.92747e-19
-1.92747e-19
0
0
-1.92747e-19
1.92747e-19
0
0
0
-1.92747e-19
1.92747e-19
0
0
-1.92747e-19
0
0
0
0
-1.92747e-19
0
0
0
0
0
-2.00009e-18
0
0
0
0
-2.00009e-18
0
0
0
0
-2.00009e-18
0
0
0
-1.92747e-19
-2.00009e-18
0
-2.00009e-18
0
0
-2.00009e-18
0
-2.00009e-18
0
0
-2.00009e-18
0
-2.00009e-18
0
0
-2.00009e-18
0
0
0
0
-2.00009e-18
0
0
0
0
-2.00009e-18
0
0
0
0
-2.00009e-18
0
0
0
0
-2.00009e-18
0
0
0
0
-2.00009e-18
0
0
0
0
-2.00009e-18
0
0
0
0
-2.00009e-18
0
0
0
0
0
0
-2.00009e-18
0
0
0
0
-2.00009e-18
0
0
0
7.68695e-18
2.0663e-18
0
0
0
0
0
1.92747e-19
0
0
1.92747e-19
0
1.92747e-19
0
0
1.92747e-19
0
0
1.92747e-19
0
1.92747e-19
1.92747e-19
0
1.92747e-19
0
1.92747e-19
1.92747e-19
0
2.0663e-18
0
0
2.0663e-18
0
2.0663e-18
0
0
2.0663e-18
0
2.0663e-18
0
0
2.0663e-18
0
2.0663e-18
0
0
2.0663e-18
0
2.0663e-18
0
0
2.0663e-18
0
2.0663e-18
-3.93985e-18
0
-3.93985e-18
0
-3.93985e-18
-3.93985e-18
0
-3.93985e-18
0
-3.93985e-18
-3.93985e-18
0
-3.93985e-18
0
-3.93985e-18
-3.93985e-18
0
-3.93985e-18
0
-3.93985e-18
-3.93985e-18
0
-3.93985e-18
0
-3.93985e-18
-3.93985e-18
0
-3.93985e-18
0
-3.93985e-18
-3.93985e-18
0
-3.93985e-18
0
-3.93985e-18
-3.93985e-18
0
-3.93985e-18
0
-3.93985e-18
-3.93985e-18
0
-3.93985e-18
0
-3.93985e-18
-3.93985e-18
0
-3.93985e-18
0
-3.93985e-18
-3.93985e-18
0
-3.93985e-18
0
0
0
0
-3.93985e-18
0
0
0
0
-3.93985e-18
0
0
0
0
-2.13493e-18
0
-4.07711e-18
-2.13493e-18
0
0
0
0
0
0
0
0
0
0
0
0
0
0
0
0
0
0
0
0
0
0
0
0
0
0
0
0
0
0
0
0
0
0
0
0
0
0
0
0
0
0
0
0
0
0
0
0
0
-1.92747e-19
1.92747e-19
-1.92747e-19
0
0
-1.92747e-19
1.92747e-19
-1.92747e-19
0
0
-1.92747e-19
1.92747e-19
-1.92747e-19
0
0
-1.92747e-19
1.92747e-19
0
0
0
-1.92747e-19
1.92747e-19
0
0
0
-1.92747e-19
1.92747e-19
0
0
0
-1.92747e-19
1.92747e-19
0
0
0
-1.92747e-19
1.92747e-19
0
0
0
-1.92747e-19
1.92747e-19
0
0
0
-1.92747e-19
1.92747e-19
0
0
0
-1.92747e-19
1.92747e-19
0
0
0
0
0
-4.26986e-18
0
0
0
0
-4.26986e-18
0
0
0
-9.63735e-20
0
0
-1.92747e-19
0
0
0
0
1.92747e-19
-2.20608e-18
0
1.92747e-19
0
1.92747e-19
-2.20608e-18
0
-2.20608e-18
0
0
-2.20608e-18
0
0
0
0
-2.20608e-18
0
0
0
6.23274e-18
0
0
0
0
6.23274e-18
0
0
0
0
0
-2.20608e-18
0
0
0
0
-2.20608e-18
0
0
0
0
-2.20608e-18
0
0
0
6.23274e-18
-2.20608e-18
-4.41216e-18
-2.20608e-18
0
-4.41216e-18
-2.20608e-18
-4.41216e-18
-2.20608e-18
0
-4.41216e-18
-2.20608e-18
-4.41216e-18
-2.20608e-18
0
-4.41216e-18
-2.20608e-18
-4.41216e-18
-4.41216e-18
0
-4.41216e-18
-2.20608e-18
-4.41216e-18
-4.41216e-18
0
-4.41216e-18
-2.20608e-18
-4.41216e-18
-4.41216e-18
0
-4.41216e-18
-2.20608e-18
-4.41216e-18
-4.41216e-18
0
-4.41216e-18
-2.20608e-18
-4.41216e-18
-4.41216e-18
0
-4.41216e-18
-2.20608e-18
-4.41216e-18
-4.41216e-18
0
-4.41216e-18
-2.20608e-18
-4.41216e-18
-4.41216e-18
0
-4.41216e-18
-2.20608e-18
-4.41216e-18
-4.41216e-18
0
-4.6049e-18
0
0
-4.41216e-18
0
-4.6049e-18
0
0
-4.41216e-18
0
-4.6049e-18
0
0
0
0
2.27983e-18
0
1.92747e-19
1.92747e-19
0
-4.55966e-18
0
0
2.27983e-18
0
-4.55966e-18
0
0
0
0
0
0
0
0
0
0
0
0
0
0
0
0
0
-2.27983e-18
0
0
0
0
-2.27983e-18
0
-2.27983e-18
0
0
-2.27983e-18
0
-2.27983e-18
0
0
-2.27983e-18
0
-2.27983e-18
0
0
-2.27983e-18
0
0
0
-4.55966e-18
0
0
-4.55966e-18
0
-4.55966e-18
0
0
-4.55966e-18
0
-4.55966e-18
0
0
-4.55966e-18
0
-4.55966e-18
-4.55966e-18
0
-4.55966e-18
0
-4.55966e-18
-4.55966e-18
0
-4.55966e-18
0
-4.55966e-18
-4.55966e-18
0
-4.55966e-18
0
-4.55966e-18
-4.55966e-18
0
-4.55966e-18
0
-4.55966e-18
-4.55966e-18
0
-4.55966e-18
0
-4.55966e-18
-4.55966e-18
0
-4.55966e-18
0
-4.55966e-18
-4.55966e-18
0
-4.55966e-18
0
-4.55966e-18
-4.55966e-18
0
0
0
0
0
0
0
0
0
0
0
0
0
0
1.92747e-19
1.92747e-19
-4.51983e-18
0
-6.87612e-18
-6.87612e-18
0
0
6.68337e-18
0
-4.71258e-18
0
0
0
2.35629e-18
0
0
-4.32708e-18
0
2.35629e-18
-4.32708e-18
0
-4.32708e-18
0
2.35629e-18
-4.32708e-18
0
4.71258e-18
0
0
-2.35629e-18
0
4.71258e-18
0
0
-2.35629e-18
0
-2.35629e-18
0
1.92747e-19
-2.35629e-18
0
-2.35629e-18
0
1.92747e-19
-2.35629e-18
0
-2.35629e-18
0
1.92747e-19
-2.35629e-18
0
4.71258e-18
0
0
0
4.51983e-18
-1.92747e-19
0
0
0
4.51983e-18
-1.92747e-19
0
0
0
4.51983e-18
-1.92747e-19
0
0
-1.92747e-19
4.51983e-18
-1.92747e-19
0
0
-1.92747e-19
4.51983e-18
-1.92747e-19
0
0
-1.92747e-19
4.51983e-18
-1.92747e-19
0
0
-1.92747e-19
4.51983e-18
-1.92747e-19
0
0
-1.92747e-19
4.51983e-18
-1.92747e-19
0
0
-1.92747e-19
4.51983e-18
-1.92747e-19
0
0
-1.92747e-19
4.51983e-18
-1.92747e-19
0
0
-1.92747e-19
4.51983e-18
-4.90532e-18
4.51983e-18
4.51983e-18
-1.92747e-19
4.51983e-18
-4.90532e-18
4.51983e-18
4.51983e-18
-1.92747e-19
4.51983e-18
-4.90532e-18
4.51983e-18
0
-5.06384e-18
-1.92747e-19
1.92747e-19
-4.87109e-18
-4.87109e-18
-4.87109e-18
-5.06384e-18
0
-5.06384e-18
-2.43555e-18
2.2428e-18
-5.06384e-18
0
-2.43555e-18
0
-2.43555e-18
0
0
-2.43555e-18
0
0
0
0
-2.43555e-18
0
0
0
-5.06384e-18
0
0
-1.92747e-19
0
-5.06384e-18
0
0
-1.92747e-19
0
-1.92747e-19
0
0
-1.92747e-19
0
-1.92747e-19
0
0
-1.92747e-19
0
-1.92747e-19
0
0
-1.92747e-19
0
-5.06384e-18
0
0
0
0
0
0
0
0
0
0
0
0
0
0
0
0
0
0
0
0
0
0
0
0
0
0
0
0
0
0
0
0
0
0
0
0
0
0
0
0
0
0
0
0
0
0
0
0
0
0
0
0
0
0
0
0
0
-4.67834e-18
0
0
0
0
-4.67834e-18
0
0
0
2.42133e-18
-1.92747e-19
-2.51771e-18
5.03541e-18
-7.55312e-18
-2.51771e-18
-2.51771e-18
-2.71045e-18
2.51771e-18
-2.71045e-18
-1.92747e-19
0
-2.71045e-18
2.51771e-18
-2.71045e-18
0
-2.71045e-18
0
-2.51771e-18
-2.71045e-18
0
-2.51771e-18
0
-2.51771e-18
-2.71045e-18
0
-2.51771e-18
0
-5.03541e-18
0
0
-5.22816e-18
0
-5.03541e-18
0
0
-5.22816e-18
0
-5.22816e-18
4.64992e-18
-4.64992e-18
-5.22816e-18
0
-5.22816e-18
4.64992e-18
-4.64992e-18
-5.22816e-18
0
-5.22816e-18
4.64992e-18
-4.64992e-18
-5.22816e-18
0
-5.03541e-18
0
0
0
-2.51771e-18
0
0
0
0
-2.51771e-18
0
0
0
0
-2.51771e-18
0
0
0
0
-2.51771e-18
0
0
0
0
-2.51771e-18
0
0
0
0
-2.51771e-18
0
0
0
0
-2.51771e-18
0
0
0
0
-2.51771e-18
0
0
0
0
-2.51771e-18
0
0
0
0
-2.51771e-18
0
0
0
0
-2.51771e-18
0
-2.51771e-18
-2.51771e-18
-1.92747e-19
-2.51771e-18
0
-2.51771e-18
-2.51771e-18
-1.92747e-19
-2.51771e-18
0
-2.51771e-18
)
;

boundaryField
{
    bottomWall
    {
        type            calculated;
        value           uniform 0;
    }
    topWall
    {
        type            calculated;
        value           uniform 0;
    }
    inlet_half0
    {
        type            cyclic;
    }
    inlet_half1
    {
        type            cyclic;
    }
    outlet_half0
    {
        type            cyclic;
    }
    outlet_half1
    {
        type            cyclic;
    }
    sideRight_half0
    {
        type            empty;
    }
    sideRight_half1
    {
        type            empty;
    }
    sideLeft_half0
    {
        type            empty;
    }
    sideLeft_half1
    {
        type            empty;
    }
}


// ************************************************************************* //
