X,Y,Z,U,V,W,k,omega,p,nut,Cf,wss_x,wss_y,wss_z
-56.6606,1.1173,0.0927,0.7262970209121704,7.81658964115195e-05,-4.331244053901173e-05,0.0039938446134328,21.17886543273925,0.0309199057519435,0.0001897046022349,0.0025507928839866314,-0.001275396440178156,-1.032184893112742e-09,6.803698227031418e-08
-56.6255,0.2974,0.0908,0.724225640296936,7.622913835803047e-05,-1.146025624620961e-05,0.0039984020404517,21.60489654541016,0.030915979295969,0.0001861123600974,0.002550761215463449,-0.0012753806076943874,-1.0322787069583228e-09,9.704257841747221e-09
-56.5498,-2.0173,0.0862,,,,,,,,0.0025508408524746516,-0.0012754204217344522,-1.032049778970645e-09,1.0716831866375287e-07
-56.5498,2.0173,0.0862,0.7190943360328674,7.157229993026704e-05,-7.688476762268692e-05,0.0040093902498483,22.7103328704834,0.0309034325182437,0.0001773373078322,0.0025508408524746516,-0.0012754204217344522,-1.032049778970645e-09,1.0716831866375287e-07
-56.5318,-6.2527,0.0872,,,,,,,,0.0025516910183724056,-0.0012758454540744424,-1.029871854463238e-09,3.7500282701330434e-07
-56.5318,6.2527,0.0872,0.7204036712646484,7.245875895023346e-05,-0.000243021218921,0.0040080230683088,22.42545318603516,0.0308798756450414,0.0001793200208339,0.0025516910183724056,-0.0012758454540744424,-1.029871854463238e-09,3.7500282701330434e-07
-56.5093,-2.4223,0.0857,,,,,,,,0.0025508729867155223,-0.0012754364870488644,-1.0319605170394652e-09,1.2685475780926936e-07
-56.5093,2.4223,0.0857,0.7184640765190125,7.103694224497303e-05,-9.21275859582238e-05,0.0040103890933096,22.852399826049805,0.0308969765901565,0.0001763628970365,0.0025508729867155223,-0.0012754364870488644,-1.0319605170394652e-09,1.2685475780926936e-07
-56.5066,-5.4741,0.0864,,,,,,,,0.0025514099570382886,-0.0012757049407809973,-1.0305533093557528e-09,3.102973096247297e-07
-56.5066,5.4741,0.0864,0.7193880081176758,7.166907016653568e-05,-0.0002111811627401,0.0040094652213156,22.653358459472656,0.0308818519115448,0.0001777493889676,0.0025514099570382886,-0.0012757049407809973,-1.0305533093557528e-09,3.102973096247297e-07
-56.4759,-3.2081,0.085,,,,,,,,0.0025510017567362676,-0.0012755008647218347,-1.0316086873629615e-09,1.865761731778548e-07
-56.4759,3.2081,0.085,0.7176104784011841,7.031072163954377e-05,-0.0001219309269799,0.0040119513869285,23.052387237548828,0.0308897662907838,0.0001749971852404,0.0025510017567362676,-0.0012755008647218347,-1.0316086873629615e-09,1.865761731778548e-07
-54.5576,4.2973,0.0974,0.7293965220451355,8.00507259555161e-05,-0.0001537104399176,0.0039738886989653,20.042022705078125,0.0306309536099433,0.0001989813899854,0.0025511803586089374,-0.001275590155273676,-1.0311372866667057e-09,2.476001270679262e-07
-54.2876,0.0048,0.0881,0.7191653251647949,7.086867117322981e-05,-1.6278474390674094e-07,0.0039943223819136,22.120325088500977,0.0306122507899999,0.000181269380846,0.002539476845462104,-0.0012697384227067232,-1.0000702488355273e-09,7.796293388651065e-09
-54.2862,-0.8027,0.0857,,,,,,,,0.002539493843251969,-0.0012697469210252166,-1.0000051897662843e-09,3.9046721411750696e-08
-54.2603,-1.1574,0.0847,,,,,,,,0.002539510841048031,-0.00126975541934371,-9.999427952323003e-10,5.473937392252992e-08
-54.1914,-4.3705,0.0834,,,,,,,,0.0025399253093935496,-0.0012699626386165619,-9.984681970109932e-10,2.0209290596540086e-07
-54.1914,4.3705,0.0834,0.7136370539665222,6.631323776673526e-05,-0.000148098450154,0.0040047350339591,23.420848846435547,0.0305848233401775,0.0001720694708637,0.0025399253093935496,-0.0012699626386165619,-9.984681970109932e-10,2.0209290596540086e-07
-54.1612,-5.1753,0.0846,,,,,,,,0.00254008201657899,-0.0012700409861281514,-9.979395088066667e-10,2.3725647224637214e-07
-54.1612,5.1753,0.0846,0.7150716781616211,6.738949741702527e-05,-0.0001767376525094,0.0040022199973464,23.076396942138672,0.0305750034749507,0.0001744425680954,0.00254008201657899,-0.0012700409861281514,-9.979395088066667e-10,2.3725647224637214e-07
-54.1398,-4.7797,0.084,,,,,,,,0.002540000752310614,-0.0012700003571808338,-9.982118465146073e-10,2.1953172790745157e-07
-54.1398,4.7797,0.084,0.714321494102478,6.68177381157875e-05,-0.0001621897536097,0.0040033012628555,23.247228622436523,0.0305754970759153,0.000173258857103,0.002540000752310614,-0.0012700003571808338,-9.982118465146073e-10,2.1953172790745157e-07
-54.1334,-5.5967,0.0851,,,,,,,,0.002540262940620232,-0.001270131440833211,-9.973483150460538e-10,2.73638619319172e-07
-54.1334,5.5967,0.0851,0.7156611680984497,6.782000127714127e-05,-0.0001917930203489,0.0040011419914662,22.932418823242188,0.030567979440093,0.0001754336699377,0.002540262940620232,-0.001270131440833211,-9.973483150460538e-10,2.73638619319172e-07
-51.8454,-3.8751,0.0814,,,,,,,,0.002529348260537896,-0.001264674123376608,-9.743205131584887e-10,1.320309763741534e-07
-51.8454,3.8751,0.0814,0.709169328212738,6.24445456196554e-05,-0.0001079274079529,0.0039975615218281,23.904470443725582,0.0303080473095178,0.0001682800502749,0.002529348260537896,-0.001264674123376608,-9.743205131584887e-10,1.320309763741534e-07
-51.8443,-3.5618,0.0814,,,,,,,,0.002529278874491231,-0.0012646394316107035,-9.74631708672291e-10,1.1937886768009776e-07
-51.8443,3.5618,0.0814,0.7091586589813232,6.245106487767771e-05,-9.881602454697712e-05,0.003997488413006,23.90421485900879,0.0303104892373085,0.0001682787842582,0.002529278874491231,-0.0012646394316107035,-9.74631708672291e-10,1.1937886768009776e-07
-50.3804,-4.7905,0.0884,,,,,,,,0.0025295058929377147,-0.0012647529365494847,-9.736240702551413e-10,1.5839874834000511e-07
-50.3804,4.7905,0.0884,0.7161065936088562,6.760326505172998e-05,-0.0001171969779534,0.0039767096750438,21.913244247436523,0.0301371216773986,0.0001822358171921,0.0025295058929377147,-0.0012647529365494847,-9.736240702551413e-10,1.5839874834000511e-07
-49.1841,0.2482,0.0822,0.7077601552009583,6.153371941763908e-05,-4.444709702511318e-06,0.0039829141460359,23.57905578613281,0.0300557781010866,0.0001700136490399,0.0025190045125834735,-0.0012595022562891245,-9.603149386805399e-10,2.378664154534249e-09
-49.1397,-0.1794,0.0816,,,,,,,,0.0025190045125834735,-0.0012595022562891245,-9.603149386805399e-10,2.378664154534249e-09
-48.9788,-3.9893,0.0785,,,,,,,,0.0025194629594939588,-0.0012597314780578017,-9.576466286631558e-10,6.522962081589867e-08
-47.4112,3.4657,0.0806,0.7044224739074707,5.93277727602981e-05,-3.658633067971096e-05,0.0039779739454388,23.976459503173828,0.0298848263919353,0.0001669058401603,0.0025099858178823007,-0.0012549929087981582,-9.497792552437545e-10,-1.8921056721410423e-08
-47.4092,-4.1301,0.0764,,,,,,,,0.0025100721980352994,-0.001255036098882556,-9.49177847431315e-10,-1.8390059253192703e-08
-47.3964,4.2463,0.0804,0.704206109046936,5.911084008403122e-05,-4.674461160902865e-05,0.0039784554392099,24.033641815185547,0.0298716574907302,0.0001665094605414,0.002510166494412787,-0.0012550832470878959,-9.485334739878226e-10,-1.7220601833400906e-08
-47.3771,-3.0506,0.0772,,,,,,,,0.00250983657342094,-0.001254918286576867,-9.508430709459503e-10,-1.8287080294498992e-08
-47.2863,6.8646,0.0788,0.7023805379867554,5.753305595135316e-05,-8.88541471795179e-05,0.0039817914366722,24.48957633972168,0.0298069454729557,0.0001633270003367,0.0025110398420580726,-0.0012555199209600687,-9.429783620618082e-10,1.3125972309069311e-08
-47.2057,-7.0864,0.0751,,,,,,,,0.0025111944418251433,-0.0012555972207337618,-9.420547675276225e-10,2.1169295649769992e-08
-46.4647,1.5872,0.0783,0.7008604407310486,5.713429345632903e-05,-7.2562011155241635e-06,0.0039774249307811,24.59962272644043,0.0298341289162635,0.0001623266143724,0.0025096323807910306,-0.0012548161903396249,-9.523640764896868e-10,-1.1804982769092476e-08
-46.4573,0.5591,0.0784,0.7009596228599548,5.724311267840676e-05,-2.419296833977569e-06,0.0039771436713635,24.57062721252441,0.02983870357275,0.0001625261938897,0.0025095618330087718,-0.0012547809164971113,-9.52927736719289e-10,-4.165096267882973e-09
-46.4371,1.2335,0.0784,0.7009493708610535,5.722346395486966e-05,-5.351603249437176e-06,0.0039770831353962,24.57006454467773,0.0298344101756811,0.0001625274599064,0.0025096011814446113,-0.0012548005906865,-9.526072153320797e-10,-9.431338376941767e-09
-44.2568,-2.0274,0.0738,,,,,,,,0.002491820151423495,-0.0012459100689738989,-9.572083126130337e-10,-1.2957079320585763e-07
-44.197,-0.58,0.0751,,,,,,,,0.002491668799059035,-0.0012458343990147114,-9.591556437982263e-10,-3.580232643685122e-08
-44.189,-1.3341,0.0744,,,,,,,,0.002491723053125768,-0.001245861523784697,-9.583785987032911e-10,-8.31958786307041e-08
-44.1179,4.8497,0.0724,0.6912904977798462,5.177039565751329e-05,4.695453753811307e-05,0.0039758500643074,26.637939453125,0.0296562481671571,0.0001502618397353,0.00249276690009849,-0.0012463834136724472,-9.486930130364613e-10,-3.011278408848739e-07
-44.1047,5.613,0.0708,0.6892211437225342,5.0376362196402624e-05,4.900550629827194e-05,0.003978416789323,27.22153663635254,0.0296313874423503,0.0001469693524995,0.002493085890575383,-0.00124654290266335,-9.461135208610472e-10,-3.259835068547545e-07
-43.9519,-4.6056,0.0717,,,,,,,,0.0024926218397234626,-0.001246310886926949,-9.498895003900998e-10,-2.8651885486397077e-07
-42.5565,0.9546,0.0747,0.6928346157073975,5.413519465946592e-05,2.611965101095848e-05,0.0039641577750444,25.74600410461425,0.0296985190361738,0.0001550038869027,0.0024830745610054136,-0.0012415372766554356,-9.73142455507059e-10,-9.773491882469898e-08
-41.5577,2.8447,0.0726,0.6892625093460083,5.262690319796093e-05,0.0001067562552634,0.0039624362252652,26.478458404541016,0.0296721775084733,0.0001506724365754,0.0024834902379268463,-0.0012417450780048966,-9.697767033856053e-10,-3.189344113252446e-07
-41.4889,3.4893,0.0718,0.6881864070892334,5.19314780831337e-05,0.0001305838959524,0.0039633349515497,26.767696380615234,0.0296532846987247,0.0001490206923335,0.0024837256670029203,-0.0012418627738952637,-9.677049161993523e-10,-3.8476551367239153e-07
-40.8991,-1.611,0.072,,,,,,,,0.0024746393844259974,-0.0012373196659609675,-9.992109362144674e-10,-2.54879012118181e-07
-40.8715,-5.1136,0.071,,,,,,,,0.002476018130263929,-0.001238008844666183,-9.856727656298858e-10,-7.388343874481507e-07
-40.8532,-6.2426,0.0702,,,,,,,,0.002476941013660873,-0.0012384701985865831,-9.765639408243487e-10,-8.737853249840555e-07
-39.3727,0.3028,0.0747,0.6899785995483398,5.593646710622125e-05,2.137996671081055e-05,0.0039486405439674,25.64461326599121,0.0298023801296949,0.000155012923642,0.0024659039931031823,-0.0012329519959166646,-1.0383237603051043e-09,-3.955489802365264e-08
-39.3607,2.1537,0.0737,0.6887065768241882,5.501731720869429e-05,0.0001493019808549,0.0039500291459262,26.007936477661133,0.0297737382352352,0.0001529427390778,0.00246627626055195,-0.001233138027600944,-1.0341464351526497e-09,-5.032135845794983e-07
-39.3317,1.7334,0.0744,0.6895787119865417,5.567788321059197e-05,0.0001219954719999,0.0039489306509494,25.752700805664062,0.029787104576826,0.0001543924299767,0.0024661702660762714,-0.0012330850586295128,-1.035339258770307e-09,-4.2837280034291325e-07
-39.315,1.3276,0.0745,0.6896803379058838,5.580039214692079e-05,9.438356210011988e-05,0.0039486750029027,25.715681076049805,0.0297966785728931,0.0001545990380691,0.0024660106896368644,-0.0012330053141340613,-1.0371430381184155e-09,-2.7507618938216183e-07
-39.3053,0.9788,0.0747,0.6899242997169495,5.599583528237417e-05,7.001883932389319e-05,0.0039483425207436,25.64266395568848,0.0298028830438852,0.0001550131128169,0.002465957341548865,-0.001232978655025363,-1.0377371184588924e-09,-1.9706713771938666e-07
-38.7308,3.5679,0.0724,0.6865038871765137,5.439042070065625e-05,0.0002778334601316,0.0039488589391112,26.46121597290039,0.0297722909599542,0.0001502473314758,0.002466869807843747,-0.001233434653840959,-1.0274852080272012e-09,-7.85439965511614e-07
-37.8604,5.1334,0.0728,0.6863835453987122,5.536484968615696e-05,0.0004525971889961,0.003944574855268,26.29128646850586,0.0297433268278837,0.000151075902977,0.002459375345907168,-0.0012296868953853846,-1.0602049238528366e-09,-1.3828703231411055e-06
-37.8395,6.5919,0.0716,0.6850026249885559,5.4002910474082455e-05,0.0005391724989749,0.0039466400630772,26.72904586791992,0.0296201966702938,0.0001485928223701,0.002461045557956651,-0.0012305215932428837,-1.040426189646837e-09,-1.7082583099181647e-06
-37.8328,5.8504,0.0721,0.6855385303497314,5.462728950078599e-05,0.0005007177242077,0.0039456142112612,26.54574203491211,0.0296876858919858,0.0001496262557338,0.002459994082339234,-0.001229996094480157,-1.0528107274865306e-09,-1.5260565078278887e-06
-37.8311,5.5437,0.0724,0.6858863234519958,5.4962587455520406e-05,0.0004824942443519,0.0039450949989259,26.43623924255371,0.0297138188034296,0.0001502473169239,0.002459994082339234,-0.001229996094480157,-1.0528107274865306e-09,-1.5260565078278887e-06
-37.6989,-3.7772,0.0728,,,,,,,,0.0024583530294506085,-0.001229176064953208,-1.0726030064134306e-09,-1.0515213944017887e-06
-37.6613,-1.3208,0.0742,,,,,,,,0.002457319868744993,-0.0012286598794162273,-1.085254663912849e-09,-3.674832669275929e-07
-37.6613,-1.6611,0.074,,,,,,,,0.002457405387961641,-0.0012287026038393378,-1.0842050590653685e-09,-4.706516563146579e-07
-37.6373,-0.9534,0.0744,,,,,,,,0.0024572555539752196,-0.001228627748787403,-1.086031153896272e-09,-2.6323741053602134e-07
-37.6325,-0.2054,0.0746,,,,,,,,0.002457191238589687,-0.0012285956181585789,-1.0867967636940534e-09,-5.2828386998271526e-08
-37.6305,-4.1733,0.0724,,,,,,,,0.0024588271590873997,-0.0012294129701331258,-1.0668297356630774e-09,-1.224105290020816e-06
-37.6101,-4.5982,0.0719,,,,,,,,0.0024590922873219605,-0.0012295454507693648,-1.063618637608954e-09,-1.3053286238573492e-06
-37.5966,-4.9027,0.0717,,,,,,,,0.002459375345907168,-0.0012296868953853846,-1.0602049238528366e-09,-1.3828703231411055e-06
-37.5733,-5.2938,0.0714,,,,,,,,0.0024596761001054544,-0.0012298371875658631,-1.0566018060487181e-09,-1.456515178688278e-06
-35.7962,3.292,0.075,0.6869718432426453,6.092463081586175e-05,0.0004773261316586,0.0039310553111135,25.427705764770508,0.0301811471581459,0.0001556199713377,0.0024494096898164523,-0.00122470420319587,-1.1335277161350632e-09,-1.2537203701867838e-06
-35.7764,3.5866,0.0749,0.6868546605110168,6.080120147089474e-05,0.0005176635459065,0.0039311558939516,25.463716506958008,0.0301628168672323,0.0001554125774418,0.002449660703266601,-0.0012248295824974775,-1.1302595526174741e-09,-1.3726324823437608e-06
-35.7753,3.9307,0.0748,0.6867665648460388,6.062392640160397e-05,0.0005613394314423,0.0039313742890954,25.50041961669922,0.0301349461078643,0.0001552056055516,0.0024499350135651094,-0.0012249666033312678,-1.126698068176779e-09,-1.4877482499286998e-06
-35.7427,4.7024,0.0741,0.6859298944473267,5.981537833577022e-05,0.0006572547717951,0.0039322893135249,25.75414276123047,0.0300694666802883,0.0001537519856356,0.0024505509516173155,-0.0012252742890268564,-1.1187364368225872e-09,-1.7053640704034478e-06
-35.7124,4.2956,0.0745,0.686359703540802,6.036234844941646e-05,0.0006132121779955,0.0039315274916589,25.607690811157227,0.0301140062510967,0.0001545821432955,0.0024502319192570444,-0.0012251149164512753,-1.1228532548201997e-09,-1.5987569668141077e-06
-35.2649,2.0754,0.0754,0.6868112683296204,6.256601773202419e-05,0.0003410862118471,0.0039276755414903,25.265405654907227,0.0303623937070369,0.000156444744789,0.0024486456429157087,-0.0012243225937709212,-1.143494854360938e-09,-7.466748002116219e-07
-35.2395,0.3539,0.0752,0.686444878578186,6.258408393478021e-05,5.944438817095943e-05,0.0039275847375392,25.335994720458984,0.030418898910284,0.0001560268428875,0.0024482834035049555,-0.0012241416843608022,-1.148239725523581e-09,-2.0634541897379677e-07
-35.2216,1.6588,0.0754,0.6867360472679138,6.270992162171751e-05,0.0002763873490039,0.0039273924194276,25.26374053955078,0.0303900688886642,0.0001564438134664,0.0024485167399234064,-0.001224258216097951,-1.1451757320202205e-09,-6.137887567092548e-07
-35.1502,0.9628,0.0754,0.6866245865821838,6.292177567956969e-05,0.0001636318338569,0.0039269560948014,25.261150360107425,0.0304275564849376,0.0001564425474498,0.0024483356190290956,-0.0012241677613928914,-1.1475311811892652e-09,-3.432442952089332e-07
-35.1345,-1.6982,0.0739,,,,,,,,0.0024485167399234064,-0.001224258216097951,-1.1451757320202205e-09,-6.137887567092548e-07
-35.0934,-2.8892,0.0734,,,,,,,,0.0024401187865286333,-0.0012200585333630443,-1.2100704882556101e-09,-1.4485368637906504e-06
-35.0929,-2.5223,0.0735,,,,,,,,0.002439872324034136,-0.0012199354823678732,-1.2134784288519995e-09,-1.2877326298621483e-06
-35.0889,-3.5244,0.0728,,,,,,,,0.002440697717021055,-0.0012203475926071405,-1.2020777706567287e-09,-1.7577498283571913e-06
-35.0811,-3.2368,0.0731,,,,,,,,0.0024403939189672416,-0.0012201959034428,-1.206266309061732e-09,-1.60535137183615e-06
-35.0468,-5.1667,0.0709,,,,,,,,0.00244218247392447,-0.0012210890417918563,-1.1817357092880343e-09,-2.3153834263212048e-06
-34.9909,-6.0214,0.0703,,,,,,,,0.002443556917423422,-0.0012217755429446697,-1.1631351437557669e-09,-2.6692382562032435e-06
-34.9745,-7.0494,0.0697,,,,,,,,0.0024451284579318435,-0.0012225606478750706,-1.1421674717126962e-09,-2.9590898975584423e-06
-34.9673,-6.3935,0.0701,,,,,,,,0.0024440602938572463,-0.001222027000039816,-1.156384543676836e-09,-2.7732967282645404e-06
-34.9667,-6.7314,0.0699,,,,,,,,0.0024445843751436883,-0.0012222888180986047,-1.149393580313074e-09,-2.870008529498591e-06
-33.3984,5.8982,0.0747,0.6844118237495422,6.524140189867467e-05,0.0012170072877779,0.0039203446358442,25.46902084350586,0.0304291881620883,0.000154971552547,0.00243481690793221,-0.0012174037983641028,-1.2402908700082094e-09,-3.3668256946839392e-06
-33.3737,5.5598,0.0749,0.6845576763153076,6.57081909594126e-05,0.0011711079860106,0.0039198235608637,25.395069122314453,0.0304934661835432,0.0001553865731693,0.0024342377989352453,-0.0012171146227046847,-1.248510739237929e-09,-3.226552053092746e-06
-33.3663,5.164,0.0751,0.6847140192985535,6.614818994421512e-05,0.001108348253183,0.0039193755947053,25.32155036926269,0.0305593814700841,0.0001558018266223,0.002433161277436011,-0.0012165771331638098,-1.2639048696527766e-09,-2.9205418741184985e-06
-33.36,6.2373,0.0745,0.6841970682144165,6.495149864349514e-05,0.0012746473075821,0.0039205527864396,25.541133880615234,0.0303801447153091,0.000154555455083,0.002435421608671143,-0.001217705779708922,-1.2317445952092498e-09,-3.498150590530713e-06
-31.9949,-1.9447,0.0744,,,,,,,,0.0024197606906761256,-0.0012098794104531407,-1.4229201150683934e-09,-1.5040594689708087e-06
-31.9804,-5.7589,0.07,,,,,,,,0.0024250366684185247,-0.0012125116772949696,-1.3431514789274956e-09,-4.01786201109644e-06
-31.9787,-0.1088,0.076,,,,,,,,0.0024190661656617657,-0.0012095330748707056,-1.4335015396937933e-09,-1.3875929028017708e-07
-31.9729,-5.4589,0.0704,,,,,,,,0.00242437120951461,-0.0012121795443817973,-1.3530983000720198e-09,-3.8330877032421995e-06
-31.9689,-0.9499,0.0754,,,,,,,,0.002419205544967774,-0.0012096025748178363,-1.4314044394225789e-09,-6.915147992003767e-07
-31.9682,-3.9315,0.0722,,,,,,,,0.0024220540233673574,-0.0012110233074054122,-1.3879998261856485e-09,-2.995320755871944e-06
-31.9552,-0.5445,0.0757,,,,,,,,0.0024191121602611964,-0.0012095560086891055,-1.4328861430712436e-09,-4.157197679433011e-07
-31.953,-4.7409,0.0711,,,,,,,,0.002423140634330263,-0.0012115654535591602,-1.3715819591197942e-09,-3.4329543723288225e-06
-31.9529,-1.297,0.0751,,,,,,,,0.0024193449199577267,-0.001209672074764967,-1.4292886874045507e-09,-9.653823553890106e-07
-31.9418,-4.3514,0.0715,,,,,,,,0.0024225785702716484,-0.0012112850090488791,-1.3800626197379984e-09,-3.218561232642969e-06
-31.3259,3.7403,0.0774,0.6847608089447021,7.68508980399929e-05,0.0012159423204138,0.0039059235714375,24.42757797241211,0.0315528064966201,0.0001605597499292,0.0024215681702067717,-0.0012107809307053685,-1.3953678212885734e-09,-2.7637977382255485e-06
-31.3125,3.4098,0.0775,0.684796154499054,7.722181908320636e-05,0.0011216546408832,0.0039056432433426,24.39048767089844,0.0316114053130149,0.0001607678859727,0.002421122419883128,-0.001210558577440679,-1.4021437344524657e-09,-2.5245985852961894e-06
-31.311,3.0921,0.0776,0.6848564743995667,7.752054079901427e-05,0.0010260228300467,0.0039054406806826,24.35384178161621,0.0316587723791599,0.0001609763130545,0.0024207177152541066,-0.0012103567132726312,-1.408306360417555e-09,-2.2783481199439848e-06
-31.2997,4.9189,0.0769,0.684398353099823,7.554930925834924e-05,0.0015406615566462,0.0039067650213837,24.60980987548828,0.0313417389988899,0.0001595173380337,0.002423738573028834,-0.0012118638260290027,-1.3625843786613245e-09,-3.6379606171976775e-06
-31.2662,4.5507,0.0773,0.684764564037323,7.641722186235711e-05,0.0014535825466737,0.0039060476701706,24.463768005371094,0.0314304456114769,0.000160351206432,0.002423140634330263,-0.0012115654535591602,-1.3715819591197942e-09,-3.4329543723288225e-06
-29.8813,-7.0773,0.068,,,,,,,,0.0024094796012053884,-0.0012047196505591273,-1.5183492241277463e-09,-6.9678339968959335e-06
-29.8607,-6.0467,0.0707,,,,,,,,0.0024062236152994666,-0.0012030953075736761,-1.5704759714907368e-09,-6.300999757513637e-06
-29.8474,-6.4214,0.0697,,,,,,,,0.0024072722706636775,-0.0012036183616146445,-1.553618012017921e-09,-6.541089987877058e-06
-29.6671,0.2941,0.0765,0.6804638504981995,8.642413013149053e-05,0.0001365132484352,0.0038968273438513,24.695531845092773,0.032911792397499,0.000158638213179,0.002396475094876971,-0.0011982375290244818,-1.7298654730879548e-09,-2.100612022104542e-07
-29.6512,2.1297,0.0779,0.6824367046356201,8.774389425525442e-05,0.000972828886006,0.0038958918303251,24.19912338256836,0.03278474137187,0.0001615625806152,0.0023979071038456546,-0.0011989505728706717,-1.7062351531649256e-09,-2.6727286694949726e-06
-29.6488,0.5846,0.0767,0.6807026863098145,8.676975267007947e-05,0.0002718998293858,0.0038965856656432,24.623273849487305,0.032916884869337,0.000159055867698,0.002396543142283642,-0.0011982714058831334,-1.7288633857859281e-09,-6.29322300937929e-07
-29.5611,5.9663,0.0763,0.6815141439437866,8.259159949375317e-05,0.0024335593916475,0.0038984401617199,24.776811599731445,0.0319398008286953,0.0001582192489877,0.0024062236152994666,-0.0012030953075736761,-1.5704759714907368e-09,-6.300999757513637e-06
-29.5605,6.3114,0.0762,0.6815476417541504,8.200628508348018e-05,0.0025291554629802,0.0038987675216048,24.8142147064209,0.0318256504833698,0.0001580108510097,0.0024072722706636775,-0.0012036183616146445,-1.553618012017921e-09,-6.541089987877058e-06
-29.5485,5.622,0.0765,0.6815968155860901,8.335942402482033e-05,0.0023369833361357,0.00389797356911,24.70315933227539,0.0320568718016147,0.0001586364523973,0.002405215391969943,-0.0012025925097987056,-1.5867406277791929e-09,-6.0436591411416885e-06
-29.5296,6.718,0.0761,0.6815744638442993,8.148460619850084e-05,0.0026467971038073,0.0038989910390228,24.85107421875,0.0317013040184974,0.0001578017690917,0.002408358306325287,-0.001204160158522427,-1.5362302541177542e-09,-6.763544661225751e-06
-29.0416,-3.2917,0.0757,,,,,,,,0.0023995055945478876,-0.0011997467372566462,-1.6798741286905283e-09,-3.813267085206462e-06
-29.0356,-4.0507,0.0751,,,,,,,,0.0024008716192565,-0.0012004273012280464,-1.6574418504333721e-09,-4.5196793507784605e-06
-29.0295,-2.9099,0.0759,,,,,,,,0.002398911035551134,-0.0011994505766779184,-1.689668405191469e-09,-3.4428514936735155e-06
-29.0276,-3.66,0.0755,,,,,,,,0.0024001599077386514,-0.0012000727001577616,-1.6691193982509844e-09,-4.1725306800799444e-06
-28.0682,3.1175,0.0774,0.67917400598526,9.809138282435016e-05,0.0018441786523908,0.0038875064346939,24.32612037658692,0.0338442847132682,0.0001604706776561,0.002387542328388285,-0.001193762174807489,-1.8565686765725786e-09,-4.632759100786643e-06
-28.0081,4.1236,0.0764,0.6781749725341797,9.58763703238219e-05,0.002387766726315,0.0038882743101567,24.68539428710937,0.0336060971021652,0.000158374197781,0.0023891945016165502,-0.0011945846490561962,-1.8284184166716955e-09,-5.487064299813937e-06
-27.2303,-5.0216,0.0786,,,,,,,,0.002380222095162544,-0.0011900841491296887,-1.965184237562312e-09,-8.001472451724112e-06
-27.1934,-5.4568,0.0766,,,,,,,,0.002381552824659486,-0.0011907466687262058,-1.941933280846797e-09,-8.41635755932657e-06
-27.1577,-5.0843,0.0784,,,,,,,,0.002380222095162544,-0.0011900841491296887,-1.965184237562312e-09,-8.001472451724112e-06
-27.1508,-5.8451,0.0745,,,,,,,,0.002382945867286849,-0.0011914403876289725,-1.9176593646363926e-09,-8.806493497104384e-06
-27.1296,-5.4934,0.0765,,,,,,,,0.002381552824659486,-0.0011907466687262058,-1.941933280846797e-09,-8.41635755932657e-06
-27.1135,-6.2486,0.0713,,,,,,,,0.002385902352653132,-0.001192913274280727,-1.8663957046527457e-09,-9.509423762210645e-06
-27.1022,-6.581,0.068,,,,,,,,0.002387456836612204,-0.0011936880182474852,-1.8395925893699427e-09,-9.82098572421819e-06
-27.0899,-6.9108,0.065,,,,,,,,0.002387456836612204,-0.0011936880182474852,-1.8395925893699427e-09,-9.82098572421819e-06
-26.6528,-0.4169,0.0768,,,,,,,,0.002355432260328559,-0.001177715603262186,-2.4029505052425293e-09,-1.1140359674755018e-06
-26.2037,-2.6775,0.0785,,,,,,,,0.002358703710688755,-0.00117933948058635,-2.342423366386015e-09,-5.402613169280812e-06
-26.152,-3.7705,0.0828,,,,,,,,0.00236185937757763,-0.0011809068964794278,-2.284391786844253e-09,-7.337009265029337e-06
-25.9942,5.2438,0.0755,0.6735314726829529,0.0001119441294576,0.0041476408950984,0.0038769138045608,24.9463119506836,0.0350671298801898,0.0001563939149491,0.002369012365659297,-0.0011844633845612407,-2.1539068306708486e-09,-1.0069150448543951e-05
-25.9942,6.9108,0.0755,0.6749628186225891,0.0001070194630301,0.0049798083491623,0.0038784544449299,24.95694923400879,0.0340485796332359,0.0001563900732435,0.002376072624431274,-0.001187978545203805,-2.0266941458402243e-09,-1.1715599612216465e-05
-25.9315,5.5718,0.0741,0.6718562245368958,0.0001093855680665,0.0043823914602398,0.0038775231223553,25.445985794067383,0.0349434837698936,0.0001534555340185,0.0023706822365412365,-0.0011852943571284413,-2.1236665759261086e-09,-1.0528704478929285e-05
-25.9315,2.6775,0.0741,0.6699745059013367,0.0001157646329374,0.0023519399110227,0.0038756604772061,25.43208885192871,0.0362850315868854,0.0001534646289655,0.002358703710688755,-0.00117933948058635,-2.342423366386015e-09,-5.402613169280812e-06
-25.9282,5.8961,0.0732,0.6709611415863037,0.0001070210419129,0.0045619909651577,0.003878288436681,25.769392013549805,0.0347530730068683,0.0001515684416517,0.0023724193884972185,-0.0011861590901389718,-2.0923076604617563e-09,-1.0956806363537908e-05
-25.9282,-5.2438,0.0732,,,,,,,,0.002369012365659297,-0.0011844633845612407,-2.1539068306708486e-09,-1.0069150448543951e-05
-25.8943,6.2652,0.0736,0.6717301607131958,0.0001069313511834,0.0047740107402205,0.0038782146293669,25.62796974182129,0.0345554873347282,0.0001524040562799,0.002374218149380757,-0.0011870547896251082,-2.0599399963572296e-09,-1.135260481532896e-05
-25.8943,-5.5718,0.0736,,,,,,,,0.0023706822365412365,-0.0011852943571284413,-2.1236665759261086e-09,-1.0528704478929285e-05
-25.8472,6.6464,0.0746,0.6732729077339172,0.0001078409186447,0.004987527616322,0.0038777468726038,25.27190399169922,0.0343510694801807,0.0001544963743072,0.002376072624431274,-0.001187978545203805,-2.0266941458402243e-09,-1.1715599612216465e-05
-25.8472,-5.8961,0.0746,,,,,,,,0.0023724193884972185,-0.0011861590901389718,-2.0923076604617563e-09,-1.0956806363537908e-05
-24.9461,3.4479,0.0724,0.6655732989311218,0.0001246645406354,0.0035485113039612,0.0038697635754942,26.00387954711914,0.0373644270002841,0.0001498391939094,0.0023455567386130817,-0.0011727509554475546,-2.5870636743974273e-09,-8.01872829470085e-06
-24.9327,3.8427,0.066,0.6570554375648499,0.000111630797619,0.0039111520163714,0.0038711908273398,28.609310150146484,0.03718052059412,0.0001363124902127,0.0023484604940215356,-0.0011741920607164502,-2.5321034158309885e-09,-9.469822543906048e-06
-24.9296,4.6588,0.0653,0.6566953659057617,0.0001082610833691,0.0045866086147725,0.003871998284012,28.935487747192383,0.0367101617157459,0.0001348199439235,0.0023518068864527633,-0.0011758538894355297,-2.468991011639332e-09,-1.0795299203891773e-05
-24.9171,4.2411,0.0643,0.6548606753349304,0.0001076227636076,0.004260663408786,0.0038714937400072,29.38811492919922,0.0369784384965896,0.0001326917699771,0.0023500813432375273,-0.0011749968398362398,-2.5015074456291586e-09,-1.0149203262699302e-05
-24.2239,-5.1058,0.0789,,,,,,,,0.002338767305396011,-0.0011693055275827646,-2.7236624067228377e-09,-1.3517039405996911e-05
-24.2093,-5.9219,0.0733,,,,,,,,0.002345920493822056,-0.0011728593381121755,-2.585574421232195e-09,-1.538550714030862e-05
-24.1933,-5.5349,0.0758,,,,,,,,0.002341057753283523,-0.0011704429052770138,-2.6793234297883828e-09,-1.418649117113091e-05
-22.5159,4.8832,0.0491,0.6225275993347168,0.0001066633485606,0.0074472622945904,0.0038373044226318,38.74301528930664,0.0406282097101211,9.966921788873152e-05,0.0023053801700409814,-0.001152537763118744,-3.457259811767699e-09,-1.8738641301752068e-05
-22.4519,-4.2265,0.0441,,,,,,,,0.002299294824918094,-0.0011495252838358283,-3.6167999706293585e-09,-1.6756932382122613e-05
-22.4508,-4.5029,0.048,,,,,,,,0.0023022602850029618,-0.0011509928153827786,-3.538997539465072e-09,-1.7780435882741585e-05
-22.4444,5.4713,0.0565,0.6364691853523254,0.0001234305818798,0.0081903534010052,0.0038465266115963,33.47848129272461,0.0401252098381519,0.0001157285878434,0.002308640344381429,-0.0011541532585397363,-3.3720457537356197e-09,-1.962946043931879e-05
-22.4266,-3.8703,0.0399,,,,,,,,0.002296497019813685,-0.0011481415713205934,-3.6903062827775557e-09,-1.5670759239583276e-05
-22.4255,-3.106,0.0316,,,,,,,,0.002289169368202571,-0.0011445210548117757,-3.881323706877993e-09,-1.2068726391589735e-05
-22.4247,-3.5183,0.0368,,,,,,,,0.0022938803474654625,-0.0011468481970950961,-3.759123679003551e-09,-1.4524975995300338e-05
-22.3677,5.9399,0.0623,0.646316647529602,0.0001364379422739,0.0087593020871281,0.0038504542317241,30.19207191467285,0.0397162176668643,0.0001281979930354,0.002315520714338328,-0.0011575662065297365,-3.2266884719689415e-09,-2.1201936760917306e-05
-22.0198,0.2174,0.0487,0.6156516671180725,0.0001249817432835,0.0004177072551101,0.0038227282930165,38.92183303833008,0.0447614081203937,9.875076648313552e-05,0.0022553203052673564,-0.001127659808844328,-4.760459137997941e-09,-8.805295692582149e-07
-21.988,2.1228,0.0176,0.5143824815750122,3.781050691031851e-05,0.0037515764124691,0.0036049264017492,122.59513092041016,0.0442335270345211,2.995896284119226e-05,0.002262069761941406,-0.0011309804394841194,-4.604794323626038e-09,-1.109718232328305e-05
-21.9612,0.5452,0.0595,0.6342897415161133,0.0001580787211423,0.001060506212525,0.0038373724091798,31.63490867614746,0.0449006743729114,0.0001221698767039,0.0022556456924376646,-0.0011278197634965181,-4.753363924692167e-09,-2.6369484658061992e-06
-21.9481,1.7124,0.0285,0.5638905167579651,6.753487832611427e-05,0.0032150938641279,0.0037403183523565,69.6943359375,0.0445684306323528,5.409441655501723e-05,0.0022585675612316215,-0.0011292567942291498,-4.685579479968283e-09,-7.807037036400288e-06
-21.9207,0.8795,0.0678,0.6465287208557129,0.0001838167954701,0.0017193657113239,0.0038427771069109,27.629901885986328,0.0449540168046951,0.0001399063330609,0.002256300090938723,-0.0011281415354460478,-4.73795314093195e-09,-4.381902726890985e-06
-21.907,1.2482,0.058,0.6318309307098389,0.0001541601959615,0.0024368821177631,0.0038353432901203,32.50538635253906,0.0448820479214191,0.0001189264876302,0.002257275853277875,-0.0011286213994026184,-4.715481782824327e-09,-6.107883109507384e-06
-21.3236,-6.8698,0.0253,,,,,,,,0.002290736162280747,-0.0011449663434177637,-3.9123078110492315e-09,-3.0333376344060525e-05
-21.2942,-6.4621,0.0345,,,,,,,,0.002285511583985257,-0.0011423726100474596,-4.0523846500661875e-09,-2.9590875783469528e-05
-21.2566,-6.0987,0.0358,,,,,,,,0.0022803742586392506,-0.0011398247443139553,-4.1915848569828995e-09,-2.87444272544235e-05
-21.2216,-5.3064,0.0433,,,,,,,,0.002270475591127109,-0.0011349228443577886,-4.45746684007986e-09,-2.673929338925518e-05
-21.2212,-5.7471,0.0346,,,,,,,,0.002275355330847932,-0.001137338113039732,-4.3280601325079715e-09,-2.7793650588137098e-05
-20.4887,3.3363,0.033,0.5729049444198608,9.864670573733748e-05,0.008080911822617,0.0037424315232783,58.87773132324219,0.0478207357227802,6.393523653969169e-05,0.002219088090787035,-0.0011093367356806993,-5.744851705458132e-09,-2.1447505787364207e-05
-20.4023,4.0647,0.04,0.5921711325645447,0.000121706383652,0.0097612310200929,0.0037765998858958,48.01192855834961,0.0471483431756496,7.942502270452678e-05,0.002227928742935453,-0.0011136815883219242,-5.530552016352885e-09,-2.5098619516938925e-05
-20.397,-4.8702,0.0362,,,,,,,,0.0022433199403072155,-0.0011212656972929835,-5.159797034082203e-09,-2.973759728774894e-05
-20.3683,-4.6234,0.0339,,,,,,,,0.0022379424316630752,-0.001118613057769835,-5.288976367978648e-09,-2.8309164918027818e-05
-20.3508,-3.0119,0.033,,,,,,,,0.002215173881930277,-0.001107415766455233,-5.839957406550411e-09,-1.9471824998618104e-05
-20.3476,4.4368,0.0424,0.5984187722206116,0.0001292765082325,0.0105819404125213,0.0037862816825509,44.935035705566406,0.0467685461044311,8.471681940136477e-05,0.0022328027165219515,-0.0011160805588588119,-5.41280664734245e-09,-2.6761517801787704e-05
-20.3389,-3.7985,0.0378,,,,,,,,0.00222334830439004,-0.0011114294175058603,-5.6414517501934824e-09,-2.3325319489231333e-05
-20.3319,-3.4172,0.0355,,,,,,,,0.002219088090787035,-0.0011093367356806993,-5.744851705458132e-09,-2.1447505787364207e-05
-20.3092,-0.2201,0.0256,,,,,,,,0.002198716804582994,-0.0010993577307090163,-6.241041017318594e-09,-1.215146198774164e-06
-20.3046,-1.8004,0.032,,,,,,,,0.0022057336806000382,-0.0011027897708117962,-6.069924118889958e-09,-1.3037974895269144e-05
-20.2876,-2.1086,0.0317,,,,,,,,0.002208475622320142,-0.0011041323887184262,-6.003034069834712e-09,-1.5258169696608093e-05
-20.2774,-1.4321,0.0341,,,,,,,,0.0022034197918604794,-0.0011016573989763856,-6.126394502814492e-09,-1.0755000403150916e-05
-20.2727,-0.6427,0.0308,,,,,,,,0.0021991892038518393,-0.0010995885822921991,-6.2300737901921366e-09,-3.63843901141081e-06
-19.8907,-11.1954,0.04,,,,,,,,0.0023471582927133664,-0.0011729169636964798,-2.7046358486160216e-09,-3.941838440368883e-05
-19.89,-11.7936,0.0431,,,,,,,,0.0023471582927133664,-0.0011729169636964798,-2.7046358486160216e-09,-3.941838440368883e-05
-19.8707,-11.5198,0.0418,,,,,,,,0.0023471582927133664,-0.0011729169636964798,-2.7046358486160216e-09,-3.941838440368883e-05
-19.8406,-10.8604,0.0387,,,,,,,,0.00233494842975391,-0.0011667627841234207,-2.966729528708356e-09,-4.075104880030267e-05
-19.5466,5.3525,0.0504,0.6127634644508362,0.000172976986505,0.0142191592603921,0.0037967679090797,37.48262023925781,0.0476945489645004,0.0001021100688376,0.0022257175467555817,-0.0011122787836939096,-5.665685698375e-09,-3.592432040022686e-05
-19.4332,7.1126,0.0637,0.6399102210998535,0.0002044104767264,0.0167465060949325,0.0038205371238291,29.41924285888672,0.0440781451761722,0.0001307536149397,0.0022610082259266182,-0.0011297601740807295,-4.80198636410023e-09,-4.100607839063741e-05
-19.2341,-6.7367,0.0338,,,,,,,,0.002233649154315924,-0.001115869265049696,-5.557979854131645e-09,-4.6183540689526126e-05
-19.2091,-6.3697,0.0341,,,,,,,,0.0022252683654609717,-0.0011117130052298307,-5.768553190677039e-09,-4.526608609012328e-05
-19.1715,-6.0146,0.0344,,,,,,,,0.0022169758759031702,-0.001107607502490282,-5.977777828292119e-09,-4.417158561409451e-05
-19.1636,0.3114,0.0287,0.5470321774482727,0.0001152643599198,0.0010727976914495,0.0036617929581552,68.04936981201172,0.0558814331889152,5.416968633653596e-05,0.002129722877621931,-0.001064860145561397,-8.213580038329837e-09,-1.6595764691373915e-06
-19.1599,-5.1856,0.0343,,,,,,,,0.002193043880135558,-0.0010957991471514106,-6.586120537832585e-09,-3.9806960558053106e-05
-19.1449,-5.5941,0.0345,,,,,,,,0.002208812873337481,-0.0011035730130970478,-6.184545764398308e-09,-4.289734351914376e-05
-19.1411,0.585,0.0292,0.5485638380050659,0.0001180146791739,0.0020235823467373,0.0036655496805906,66.84750366210938,0.0559313632547855,5.527800749405287e-05,0.0021304049357795314,-0.0010651908814907074,-8.196725964637608e-09,-4.9682512326398864e-06
-19.0877,2.1414,0.0338,0.5638797283172607,0.0001377304433844,0.0073257531039416,0.0037036594003438,57.03935241699219,0.0550576038658618,6.549571844516322e-05,0.0021437580872744303,-0.0010716781252995133,-7.851709504791415e-09,-2.0752828277181834e-05
-19.0758,1.3131,0.0312,0.5548518300056458,0.000128197207232,0.0045819403603672,0.0036810331512242,62.34300231933594,0.055901650339365,5.971544669591822e-05,0.0021338090618372705,-0.0010668426984921098,-8.108478333213043e-09,-1.1486283256090246e-05
-19.0751,1.7305,0.0324,0.5591161251068115,0.0001328604848822,0.0059978663921356,0.0036920250859111,59.661434173583984,0.0555599369108676,6.238424248294905e-05,0.0021398245412432766,-0.0010697649559006095,-7.953186553777414e-09,-1.7754038708517328e-05
-18.9052,-7.7956,0.0333,,,,,,,,0.002258961484628372,-0.0011284640058875084,-4.927158236966989e-09,-4.7913825255818665e-05
-18.8777,-8.2275,0.0334,,,,,,,,0.0022673387522709645,-0.00113264552783221,-4.719132640218504e-09,-4.817014269065112e-05
-18.6137,-4.3293,0.04,,,,,,,,0.002178307356410861,-0.0010885584633797407,-6.963014165251025e-09,-3.600286800065078e-05
-18.5728,-3.9344,0.0413,,,,,,,,0.0021714367305972486,-0.0010851908009499311,-7.139194568850371e-09,-3.384219598956406e-05
-18.5469,-3.5594,0.0419,,,,,,,,0.002131791764428195,-0.001065271208062768,-8.317315725037133e-09,-3.648677738965489e-05
-18.5469,6.7367,0.0419,0.594821035861969,0.0001529512519482,0.0194244626909494,0.0037630076985806,45.46842575073242,0.0474670976400375,8.334211452165619e-05,0.002212476822773592,-0.0011049793101847172,-6.200544078183157e-09,-5.276501542539336e-05
-18.5213,-3.1507,0.0411,,,,,,,,0.002124605662476246,-0.0010617697844281793,-8.507361037857208e-09,-3.3648626413196325e-05
-18.5213,6.0146,0.0411,0.589910089969635,0.0001587691222084,0.0186039209365844,0.0037528041284531,46.41574096679688,0.0495658405125141,8.156478725140914e-05,0.0021930598472877476,-0.0010953599121421576,-6.705374921978091e-09,-5.0641250709304586e-05
-18.1498,-11.5966,0.0543,,,,,,,,0.0023342549179496894,-0.0011661006137728691,-3.0890336955025077e-09,-4.894756420981139e-05
-18.1498,5.1856,0.0543,0.6105586290359497,0.0002481005503796,0.0186969880014657,0.0037789898924529,34.4122314453125,0.053363848477602,0.0001103269823943,0.0021649971690140654,-0.0010815270943567157,-7.441078420100666e-09,-4.585116766975261e-05
-18.0784,-10.902,0.0514,,,,,,,,0.0023190926806829445,-0.0011584239546209574,-3.435730366874168e-09,-5.1006438297918066e-05
-18.0784,-0.585,0.0514,,,,,,,,0.002090572958446377,-0.0010452704736962914,-9.409347967448412e-09,-5.7844945331453346e-06
-18.042,-10.542,0.0492,,,,,,,,0.0023190926806829445,-0.0011584239546209574,-3.435730366874168e-09,-5.1006438297918066e-05
-18.042,-1.3131,0.0492,,,,,,,,0.0020946512637473815,-0.001047240337356925,-9.30092003414984e-09,-1.3366185157792643e-05
-17.7834,-6.9317,0.0422,,,,,,,,0.002201553915529063,-0.0010990950977429748,-6.611456271343741e-09,-6.0826612752862275e-05
-17.7834,7.7956,0.0422,0.5963565707206726,0.00016194388445,0.0234846323728561,0.0037581133656203,45.08154678344727,0.0464304015040397,8.387144771404564e-05,0.002223948702881595,-0.0011102654971182346,-6.017872866692642e-09,-6.162373028928414e-05
-17.7465,-6.637,0.0422,,,,,,,,0.002190254262309724,-0.001093477476388216,-6.912822758664561e-09,-6.0086953453719616e-05
-17.7465,4.3293,0.0422,0.5800986886024475,0.0002150214131688,0.0180744472891092,0.0037242528051137,44.69932556152344,0.0577174760401248,8.382298256037757e-05,0.0021144210172755478,-0.0010561250383034348,-8.960885367059745e-09,-4.789533340954222e-05
-17.723,-5.9024,0.0418,,,,,,,,0.0021677083566659307,-0.0010823076590895653,-7.518417000085265e-09,-5.7879278756445274e-05
-17.723,3.5594,0.0418,0.5759347677230835,0.0002234432758996,0.0156791470944881,0.0037162383086979,45.13169097900391,0.0599087961018085,8.293873543152586e-05,0.002095717050898783,-0.0010470112320035696,-9.469250272786667e-09,-4.2130384827032685e-05
-17.7116,-5.1192,0.0415,,,,,,,,0.002134887423119416,-0.0010661438573151827,-8.405268481226358e-09,-5.2662631787825376e-05
-17.7116,3.1507,0.0415,0.5736796259880066,0.0002267553500132,0.0142279081046581,0.0037118140608072,45.473819732666016,0.060958806425333,8.227656508097425e-05,0.0020871952550685705,-0.0010428725508973002,-9.700920955424408e-09,-3.8895381294423714e-05
-17.7108,-5.5186,0.0417,,,,,,,,0.0021456110070402863,-0.0010714121162891388,-8.114955818427916e-09,-5.466008951771073e-05
-17.7108,11.5966,0.0417,0.6110402941703796,0.0001091347221517,0.0213047657161951,0.0038003555964678,46.167236328125,0.0350533463060855,8.29432756290771e-05,0.0023283414632886373,-0.0011629103682935238,-3.2905362878921096e-09,-5.4156880651135e-05
-17.3362,2.8404,0.0444,0.5750908255577087,0.0002702346537262,0.0141987316310405,0.0037133318837732,42.27579116821289,0.0640351474285125,8.85742119862698e-05,0.0020793135639276847,-0.0010390524985268712,-9.91532278504792e-09,-3.5441917134448886e-05
-17.3362,-2.8404,0.0444,,,,,,,,0.0020793135639276847,-0.0010390524985268712,-9.91532278504792e-09,-3.5441917134448886e-05
-17.3227,3.5848,0.0467,0.5825112462043762,0.0002764351374935,0.0172818377614021,0.0037271776236593,40.1346435546875,0.0622201971709728,9.36055148486048e-05,0.002095717050898783,-0.0010470112320035696,-9.469250272786667e-09,-4.2130384827032685e-05
-17.3227,-3.5848,0.0467,,,,,,,,0.002095717050898783,-0.0010470112320035696,-9.469250272786667e-09,-4.2130384827032685e-05
-17.314,3.158,0.0453,0.5778532028198242,0.0002736730966717,0.0156194986775517,0.0037183985114097,41.436302185058594,0.063409149646759,9.053944086190312e-05,0.0020871952550685705,-0.0010428725508973002,-9.700920955424408e-09,-3.8895381294423714e-05
-17.314,-3.158,0.0453,,,,,,,,0.0020871952550685705,-0.0010428725508973002,-9.700920955424408e-09,-3.8895381294423714e-05
-17.2991,4.7708,0.0523,0.5982419848442078,0.000292712385999,0.0213466901332139,0.0037529205437749,35.76057434082031,0.0587139688432216,0.000105782492028,0.002090412795089025,-0.0010436057345941663,-9.832287872768575e-09,-5.782286825706251e-05
-17.2991,-4.7708,0.0523,,,,,,,,0.002090412795089025,-0.0010436057345941663,-9.832287872768575e-09,-5.782286825706251e-05
-17.2674,3.907,0.0483,0.5865909457206726,0.000285613379674,0.0187217872589826,0.0037343790754675,38.63201522827149,0.061646893620491,9.709331789053977e-05,0.0020672775084032676,-0.001032334053888917,-1.0478673928560056e-08,-5.191796662984416e-05
-17.2674,-3.907,0.0483,,,,,,,,0.0020672775084032676,-0.001032334053888917,-1.0478673928560056e-08,-5.191796662984416e-05
-17.2666,4.3257,0.0503,0.5921369791030884,0.0002912037307396,0.0201543178409338,0.0037432918325066,37.19514846801758,0.0603569708764553,0.000101434343378,0.0020785993630208217,-0.0010378422448411584,-1.0162276353753441e-08,-5.5020929721649736e-05
-17.2666,-4.3257,0.0503,,,,,,,,0.0020785993630208217,-0.0010378422448411584,-1.0162276353753441e-08,-5.5020929721649736e-05
-17.2458,-1.2654,0.0416,,,,,,,,0.002004001871520709,-0.0010018397588282824,-1.224234491559173e-08,-1.7971442503039725e-05
-17.0892,-9.7718,0.051,,,,,,,,0.002270701561965016,-0.0011333883740007877,-4.896259842013251e-09,-6.67247295496054e-05
-17.0892,-11.5966,0.051,,,,,,,,0.0023228851210033374,-0.0011599099962040782,-3.496048117668238e-09,-5.964580486761406e-05
-17.0797,-9.4748,0.0505,,,,,,,,0.002270701561965016,-0.0011333883740007877,-4.896259842013251e-09,-6.67247295496054e-05
-17.0797,2.8404,0.0505,0.5840822458267212,0.0003331539046484,0.0151453455910086,0.0037323811557143,36.939449310302734,0.0658780112862587,0.0001018508191918,0.0020371014656583083,-0.0010177289368584752,-1.1321072079795158e-08,-4.090728907613084e-05
-17.0565,-7.9283,0.0486,,,,,,,,0.002205694425972775,-0.0011006540153175592,-6.63879662354816e-09,-6.951772229513153e-05
-17.0565,3.5848,0.0486,0.5833996534347534,0.0003087478980887,0.0184479970484972,0.0037278931122273,38.354618072509766,0.0640000998973846,9.769628377398476e-05,0.0020565322728495193,-0.0010271206265315413,-1.0778805403788283e-08,-4.8522837460041046e-05
-16.9207,5.7569,0.0572,0.6085745096206665,0.0003259070508647,0.0258048456162214,0.0037625050172209,32.61683654785156,0.0570934228599071,0.0001162401531473,0.0021279645476950213,-0.0010620326502248645,-8.784352800716988e-09,-6.438112177420408e-05
-16.9207,-5.7569,0.0572,,,,,,,,0.0021279645476950213,-0.0010620326502248645,-8.784352800716988e-09,-6.438112177420408e-05
-16.919,5.4337,0.0559,0.6045922636985779,0.0003267097054049,0.0251041632145643,0.0037577578332275,33.33677291870117,0.0583703853189945,0.0001134513731813,0.0021151773429448737,-0.0010557400528341532,-9.140877388347235e-09,-6.250391015782952e-05
-16.919,-5.4337,0.0559,,,,,,,,0.0021151773429448737,-0.0010557400528341532,-9.140877388347235e-09,-6.250391015782952e-05
-16.8869,8.298,0.0733,0.6465173959732056,0.0003344439319334,0.0282122734934091,0.003794707590714,25.4138126373291,0.046982292085886,0.000150373976794,0.002218235676709559,-0.0011069407919421792,-6.29750340763735e-09,-6.94583504809998e-05
-16.8869,-8.298,0.0733,,,,,,,,0.002218235676709559,-0.0011069407919421792,-6.29750340763735e-09,-6.94583504809998e-05
-16.8775,9.6973,0.0789,0.6611446738243103,0.0003095782012678,0.0273452922701835,0.0038016024045646,23.56750869750977,0.0416977815330028,0.0001620787370484,0.002270701561965016,-0.0011333883740007877,-4.896259842013251e-09,-6.67247295496054e-05
-16.8775,-9.6973,0.0789,,,,,,,,0.002270701561965016,-0.0011333883740007877,-4.896259842013251e-09,-6.67247295496054e-05
-16.876,8.5878,0.0738,0.6487484574317932,0.0003269767621532,0.0281867180019617,0.0037959176115691,25.246278762817383,0.0458780489861965,0.0001514192408649,0.002230538057921289,-0.0011131218634545803,-5.965872240665249e-09,-6.917169957887381e-05
-16.876,-8.5878,0.0738,,,,,,,,0.002230538057921289,-0.0011131218634545803,-5.965872240665249e-09,-6.917169957887381e-05
-16.8638,6.0743,0.0588,0.6125789880752563,0.0003305194841232,0.0267221704125404,0.0037665248382836,31.718488693237305,0.0560849979519844,0.0001196559896925,0.0021409152903391934,-0.001068423967808485,-8.424174247068095e-09,-6.595297600142658e-05
-16.8638,-6.0743,0.0588,,,,,,,,0.0021409152903391934,-0.001068423967808485,-8.424174247068095e-09,-6.595297600142658e-05
-16.8633,8.9409,0.0747,0.6518774032592773,0.0003187392721883,0.0280700474977493,0.0037975816521793,24.940542221069336,0.0445027388632297,0.0001533034374006,0.002242541685403414,-0.0011191652156412601,-5.641850542303928e-09,-6.868422497063875e-05
-16.8633,-8.9409,0.0747,,,,,,,,0.002242541685403414,-0.0011191652156412601,-5.641850542303928e-09,-6.868422497063875e-05
-16.7937,6.4602,0.0611,0.6181041598320007,0.0003372754727024,0.0277205687016248,0.0037719989195466,30.42198371887207,0.0548007264733314,0.0001245697931153,0.0021539563653766077,-0.0010748780332505703,-8.062181144907754e-09,-6.722514081047848e-05
-16.7937,-6.4602,0.0611,,,,,,,,0.0021539563653766077,-0.0010748780332505703,-8.062181144907754e-09,-6.722514081047848e-05
-16.7461,7.319,0.0666,0.6310089826583862,0.0003432413213886,0.0288162492215633,0.0037829133216291,27.9643783569336,0.0513837747275829,0.0001362289040116,0.002192939775044533,-0.0010942751541733742,-6.987312062278761e-09,-6.934047269169241e-05
-16.7461,-7.319,0.0666,,,,,,,,0.002192939775044533,-0.0010942751541733742,-6.987312062278761e-09,-6.934047269169241e-05
-16.4215,0.2714,0.0434,0.5549436807632446,0.0003564315265975,0.0018250629073008,0.0036698246840387,42.86965560913086,0.0753367990255355,8.617696585133672e-05,0.0019433918651606652,-0.0009716912754811347,-1.4277498294745783e-08,-3.008378826052649e-06
-16.3974,0.1982,0.0435,0.5547402501106262,0.0003597803879529,0.001340954680927,0.0036694756709039,42.76886749267578,0.0755832865834236,8.639002044219524e-05,0.0019433918651606652,-0.0009716912754811347,-1.4277498294745783e-08,-3.008378826052649e-06
-16.3871,0.529,0.0437,0.5552107095718384,0.0003617846232373,0.003579954849556,0.0036705404054373,42.58358383178711,0.0755345448851585,8.682502084411681e-05,0.0019447900024600433,-0.0009723533294163644,-1.423927198374031e-08,-9.002276783576235e-06
-16.3844,0.5152,0.0437,0.5551556348800659,0.0003620907664299,0.0034893366973847,0.0036704263184219,42.58256530761719,0.0755683332681655,8.682437328388914e-05,0.0019447900024600433,-0.0009723533294163644,-1.423927198374031e-08,-9.002276783576235e-06
-16.3842,0.8943,0.044,0.5562349557876587,0.0003631315485108,0.0060276258736848,0.003672715742141,42.31118392944336,0.0752625614404678,8.747990796109661e-05,0.001947585448847088,-0.0009736781939864159,-1.4159385663958801e-08,-1.4934674254618585e-05
-16.3817,1.2274,0.0444,0.5576314926147461,0.0003647193952929,0.0082241464406251,0.0036756554618477,41.94815444946289,0.0748808830976486,8.835334301693365e-05,0.0019517404784614898,-0.0009756492800079286,-1.4041958706911828e-08,-2.0765501176356338e-05
-16.3652,1.6427,0.0452,0.5600418448448181,0.000369702320313,0.0109343566000461,0.0036808259319514,41.21455764770508,0.0743591487407684,9.009788482217118e-05,0.001957214233171222,-0.0009782494744285941,-1.3886554128816897e-08,-2.645475797180552e-05
-16.3313,1.252,0.0447,0.5575217008590698,0.0003721651737578,0.0084901507943868,0.0036756568588316,41.65569686889648,0.0753124058246612,8.899743261281401e-05,0.0019517404784614898,-0.0009756492800079286,-1.4041958706911828e-08,-2.0765501176356338e-05
-16.1982,-11.7488,0.0595,,,,,,,,0.0023179599652125944,-0.0011571334907785058,-3.70452490905393e-09,-6.539636524394155e-05
-16.1982,-8.9409,0.0595,,,,,,,,0.002228735003655014,-0.0011117258109152317,-6.146625874947631e-09,-7.668539910810068e-05
-16.1908,-11.4802,0.0584,,,,,,,,0.0023179599652125944,-0.0011571334907785058,-3.70452490905393e-09,-6.539636524394155e-05
-16.1908,-6.4602,0.0584,,,,,,,,0.0021277693783756787,-0.0010611503385007381,-8.999007761190114e-09,-7.622723205713555e-05
-15.8,-4.2395,0.0489,,,,,,,,0.00199855466078274,-0.0009966768557205796,-1.3050631686439829e-08,-7.204462599474937e-05
-15.8,4.2395,0.0489,0.5722185969352722,0.0004066697438247,0.0281577818095684,0.003695011138916,37.94287872314453,0.0707022026181221,9.794606012292206e-05,0.00199855466078274,-0.0009966768557205796,-1.3050631686439829e-08,-7.204462599474937e-05
-15.6961,-4.6073,0.0494,,,,,,,,0.002014765551112041,-0.0010045507224276662,-1.2571679697259697e-08,-7.548445137217641e-05
-15.6961,4.6073,0.0494,0.574478030204773,0.0004092816961929,0.03040037676692,0.0036965026520192,37.59527587890625,0.0697174072265625,9.898289863485844e-05,0.002014765551112041,-0.0010045507224276662,-1.2571679697259697e-08,-7.548445137217641e-05
-15.6904,0.0387,0.0458,0.5470181703567505,0.0004642013227567,0.000314107077429,0.0036567498464137,40.43183517456055,0.0829537734389305,9.122644405579194e-05,0.0018843632201027702,-0.0009421752183698118,-1.638573898787854e-08,-3.4704380595940165e-06
-15.6622,-0.4061,0.0459,,,,,,,,0.0018860299819778153,-0.0009429578203707933,-1.633906165920962e-08,-1.0383735570940189e-05
-15.6536,-5.3341,0.0505,,,,,,,,0.0020484704195033216,-0.0010210232576355338,-1.1573690450461527e-08,-8.105104643618688e-05
-15.6536,5.3341,0.0505,0.5816681981086731,0.0003960872418247,0.0331952720880508,0.003705536480993,36.86064529418945,0.0662588402628898,0.0001013342480291,0.0020484704195033216,-0.0010210232576355338,-1.1573690450461527e-08,-8.105104643618688e-05
-14.7682,-2.5822,0.0471,,,,,,,,0.0018108074022324912,-0.0009031505906023085,-1.9680440388469833e-08,-6.383472646120936e-05
-14.7624,2.2253,0.0482,0.5384373068809509,0.0006159525946713,0.0220451597124338,0.0036406286526471,38.05713653564453,0.0902964770793914,9.607693209545688e-05,0.0017958005457096703,-0.0008961299317888916,-2.0160483060749357e-08,-5.635640991386026e-05
-14.7624,-2.2253,0.0482,,,,,,,,0.0017958005457096703,-0.0008961299317888916,-2.0160483060749357e-08,-5.635640991386026e-05
-14.7354,-2.955,0.0481,,,,,,,,0.001827443465577949,-0.0009109717211686075,-1.915890202042192e-08,-7.083733362378553e-05
-14.6947,1.8085,0.0481,0.534279465675354,0.0006395343807525,0.018581761047244,0.0036353529430925,38.10560607910156,0.0926756709814071,9.584313374944033e-05,0.0017825937685244423,-0.0008899790118448436,-2.0581147452958248e-08,-4.84509437228553e-05
-14.6943,1.0131,0.047,0.528683066368103,0.0006401250720955,0.0106750139966607,0.0036243302747607,39.0584602355957,0.0947741493582725,9.346067236037924e-05,0.0017551172398104727,-0.000877264013979584,-2.144789235103417e-08,-2.2737209292245097e-05
-14.5769,5.4531,0.0584,0.5823615193367004,0.0006080626626498,0.0434571653604507,0.0037028116639703,31.67076873779297,0.0733717232942581,0.0001178118836833,0.0019339383404784936,-0.000959831231739372,-1.6380296230522617e-08,-0.00011727481614798307
-14.5769,-5.4531,0.0584,,,,,,,,0.0019339383404784936,-0.000959831231739372,-1.6380296230522617e-08,-0.00011727481614798307
-14.5625,7.3934,0.0653,0.6138628125190735,0.0005341615178622,0.0459532141685485,0.0037334833759814,28.39838218688965,0.0596708245575428,0.0001324396289419,0.0020876747927894342,-0.0010366877540946007,-1.1346670270029335e-08,-0.0001219631521962583
-14.5625,-7.3934,0.0653,,,,,,,,0.0020876747927894342,-0.0010366877540946007,-1.1346670270029335e-08,-0.0001219631521962583
-14.5476,6.2227,0.0609,0.5945690274238586,0.0005835261545144,0.045557040721178,0.0037151800934225,30.326698303222656,0.0680564567446708,0.000123118283227,0.001986658428994643,-0.0009858902776613832,-1.4658444236204105e-08,-0.0001213395589729771
-14.5476,-6.2227,0.0609,,,,,,,,0.001986658428994643,-0.0009858902776613832,-1.4658444236204105e-08,-0.0001213395589729771
-14.5436,6.8702,0.0629,0.6046567559242249,0.0005547279724851,0.0461949072778224,0.003724388545379,29.418190002441406,0.0634292140603065,0.0001273517264053,0.002038291852565156,-0.0010117206256836653,-1.2964870954590424e-08,-0.00012279981456231326
-14.5436,-6.8702,0.0629,,,,,,,,0.002038291852565156,-0.0010117206256836653,-1.2964870954590424e-08,-0.00012279981456231326
-14.1439,-0.1848,0.0462,,,,,,,,0.0016692418902875107,-0.0008346044342033565,-2.49322180678746e-08,-5.2497484830382746e-06
-14.1371,3.1288,0.0492,0.5326657891273499,0.0007230374030768,0.0348359942436218,0.0036242913920432,37.25971603393555,0.0940180569887161,9.787255839910358e-05,0.0017847651491875146,-0.0008880285313352942,-2.119311837134319e-08,-8.80453662830405e-05
-14.1371,-3.1288,0.0492,,,,,,,,0.0017847651491875146,-0.0008880285313352942,-2.119311837134319e-08,-8.80453662830405e-05
-14.0965,8.8544,0.0713,0.6341590881347656,0.0005192348035052,0.0482137985527515,0.0037415230181068,25.99526596069336,0.0512273572385311,0.0001448151888325,0.0021650791154330102,-0.0010751774534583092,-9.11316888618785e-09,-0.00012603704817593098
-14.0965,-8.8544,0.0713,,,,,,,,0.0021650791154330102,-0.0010751774534583092,-9.11316888618785e-09,-0.00012603704817593098
-14.0911,3.4178,0.05,0.5359526872634888,0.0007300799479708,0.0377155281603336,0.0036292411386966,36.721900939941406,0.0927887484431266,9.955493442248552e-05,0.0017192586280314647,-0.0008537946850992739,-2.4166485701471174e-08,-9.998596215154976e-05
-14.0911,-3.4178,0.05,,,,,,,,0.0017192586280314647,-0.0008537946850992739,-2.4166485701471174e-08,-9.998596215154976e-05
-14.0624,-3.4358,0.0478,,,,,,,,0.0017192586280314647,-0.0008537946850992739,-2.4166485701471174e-08,-9.998596215154976e-05
-14.0624,3.4358,0.0478,0.5313700437545776,0.0007003130158409,0.0381917357444763,0.0036130456719547,38.32828521728516,0.0930639505386352,9.477982530370356e-05,0.0017192586280314647,-0.0008537946850992739,-2.4166485701471174e-08,-9.998596215154976e-05
-14.06,-3.7018,0.0483,,,,,,,,0.001745862403635562,-0.0008662993204779923,-2.3268020399314082e-08,-0.00010739818389993161
-14.06,3.7018,0.0483,0.5352960824966431,0.0006923257024027,0.0402688980102539,0.003618971677497,37.91733169555664,0.0912563279271125,9.58527743932791e-05,0.001745862403635562,-0.0008662993204779923,-2.3268020399314082e-08,-0.00010739818389993161
-14.0553,-4.4149,0.0497,,,,,,,,0.0018023786693589189,-0.0008931973134167492,-2.134319210256308e-08,-0.00011975297820754349
-14.0553,4.4149,0.0497,0.546218991279602,0.0006665153778158,0.0450214631855487,0.0036335361655801,37.0215072631836,0.0860389992594719,9.88359679467976e-05,0.0018023786693589189,-0.0008931973134167492,-2.134319210256308e-08,-0.00011975297820754349
-14.0506,4.9555,0.057,0.5655678510665894,0.0007304169121198,0.0477622337639331,0.0036763425450772,32.34640121459961,0.081820398569107,0.0001144915149779,0.0018619087172307295,-0.0009220124338753521,-1.936809113090021e-08,-0.0001287209743168205
-14.0506,-4.9555,0.057,,,,,,,,0.0018619087172307295,-0.0009220124338753521,-1.936809113090021e-08,-0.0001287209743168205
-14.0499,-4.0475,0.049,,,,,,,,0.0017736073539287303,-0.0008794465684331954,-2.232032869642353e-08,-0.00011399339564377442
-14.0499,4.0475,0.049,0.5403582453727722,0.000682832149323,0.0428222827613353,0.0036257917527109,37.46700668334961,0.0888846218585968,9.733930346556008e-05,0.0017736073539287303,-0.0008794465684331954,-2.232032869642353e-08,-0.00011399339564377442
-14.0466,-0.9978,0.0446,,,,,,,,0.0015929203844129978,-0.0007959060021676123,-2.843298751997736e-08,-2.9706441637245007e-05
-14.0459,-4.8153,0.0505,,,,,,,,0.001831899639771855,-0.0009074267582036555,-2.0366565323115537e-08,-0.00012466254702303559
-14.0459,4.8153,0.0505,0.5525137186050415,0.0006507261423394,0.0472382493317127,0.0036414680071175,36.5045051574707,0.0829964652657508,0.0001005387239274,0.001831899639771855,-0.0009074267582036555,-2.0366565323115537e-08,-0.00012466254702303559
-14.0374,4.4808,0.0545,0.5552533864974976,0.0007371245883405,0.0456269830465316,0.0036614949349313,33.673519134521484,0.0857379958033561,0.000109169523057,0.0018023786693589189,-0.0008931973134167492,-2.134319210256308e-08,-0.00011975297820754349
-14.0374,-4.4808,0.0545,,,,,,,,0.0018023786693589189,-0.0008931973134167492,-2.134319210256308e-08,-0.00011975297820754349
-14.0277,-1.3885,0.0445,,,,,,,,0.0016157818129548978,-0.0008061903645284474,-2.7657002021896915e-08,-5.239095480646938e-05
-14.0236,4.1019,0.0526,0.5468528866767883,0.0007411447586491,0.0435028821229934,0.0036471209023147,34.96549606323242,0.0888056382536888,0.0001050814462359,0.0017736073539287303,-0.0008794465684331954,-2.232032869642353e-08,-0.00011399339564377442
-14.0236,-4.1019,0.0526,,,,,,,,0.0017736073539287303,-0.0008794465684331954,-2.232032869642353e-08,-0.00011399339564377442
-13.9847,-2.0598,0.0447,,,,,,,,0.0016316410434072189,-0.0008133758092299104,-2.711354873952132e-08,-6.311034667305648e-05
-13.9778,4.9338,0.0569,0.5637337565422058,0.0007477603503502,0.0486216619610786,0.0036730263382196,32.39052200317383,0.0827395096421241,0.0001142241235356,0.0018619087172307295,-0.0009220124338753521,-1.936809113090021e-08,-0.0001287209743168205
-13.9778,-4.9338,0.0569,,,,,,,,0.0018619087172307295,-0.0009220124338753521,-1.936809113090021e-08,-0.0001287209743168205
-13.9706,4.5222,0.0548,0.554859459400177,0.0007542224484495,0.0467028617858886,0.0036605265922844,33.499603271484375,0.0861619859933853,0.0001097592539736,0.001831899639771855,-0.0009074267582036555,-2.0366565323115537e-08,-0.00012466254702303559
-13.9706,-4.5222,0.0548,,,,,,,,0.001831899639771855,-0.0009074267582036555,-2.0366565323115537e-08,-0.00012466254702303559
-13.5809,-1.6272,0.0432,,,,,,,,0.001526798480308509,-0.0007610712782479823,-3.182298868864564e-08,-5.957271423540078e-05
-13.5809,1.6272,0.0432,0.4909513294696808,0.0008321340428665,0.0231710467487573,0.003530987072736,42.0107536315918,0.1108674630522728,8.455050556221977e-05,0.001526798480308509,-0.0007610712782479823,-3.182298868864564e-08,-5.957271423540078e-05
-13.5803,0.1805,0.0454,0.4894285500049591,0.0009133463026955,0.0026562951970845,0.0035484030377119,40.041770935058594,0.1143646091222763,8.936181984608993e-05,0.0014874127219495093,-0.0007436750456690788,-3.316013064136314e-08,-6.824712727393489e-06
-13.559,-0.1166,0.0444,,,,,,,,0.0014874127219495093,-0.0007436750456690788,-3.316013064136314e-08,-6.824712727393489e-06
-13.5458,-0.8527,0.0432,,,,,,,,0.0014994567726364647,-0.0007489658310078084,-3.276333870871895e-08,-3.380585985723883e-05
-13.5383,-0.4586,0.0435,,,,,,,,0.0014914433985390065,-0.0007454424048773944,-3.303407325461194e-08,-2.0407662304933183e-05
-13.1607,0.7556,0.0462,0.4758039712905884,0.0010816857684403,0.0125555796548724,0.0035298757720738,39.19547653198242,0.1220529899001121,9.077115100808442e-05,0.0013974432796722304,-0.0006976678851060569,-3.748064614228497e-08,-3.8359492464223877e-05
-13.0214,2.2796,0.0491,0.4878149330615997,0.0011404807446524,0.0372075401246547,0.0035578436218202,36.95133972167969,0.1179173961281776,9.684062388259916e-05,0.0014780630566764196,-0.0007329980144277215,-3.483784993818517e-08,-9.424176096217707e-05
-12.9229,3.0354,0.0496,0.4952455163002014,0.0011252403492107,0.0483915396034717,0.003561567980796,36.66495895385742,0.1138716712594032,9.777917148312554e-05,0.0015391927022021512,-0.0007605538703501225,-3.2673540317773586e-08,-0.00011762802751036361
-12.9143,2.6431,0.0493,0.4887008965015411,0.0011598810087889,0.0434990227222442,0.003555389586836,36.821685791015625,0.1172991618514061,9.71475019468926e-05,0.001507223363047996,-0.0007460632477886975,-3.383260249734121e-08,-0.00010639640822773799
-12.9055,3.7511,0.0519,0.5104241371154785,0.0011061977129429,0.0563804693520069,0.0035855793394148,35.20075607299805,0.1074102148413658,0.0001026480967993,0.001609586274939189,-0.0007930438150651753,-3.00968885369457e-08,-0.00013701642455998808
-12.9018,4.0296,0.0528,0.5168278813362122,0.0010926802642643,0.0589167550206184,0.0035947258584201,34.6214599609375,0.1046029329299926,0.0001045587559929,0.0016471047224083616,-0.000810676661785692,-2.8699211895855115e-08,-0.00014505806029774249
-12.9,3.4117,0.0507,0.5023678541183472,0.0011203640606254,0.053031500428915,0.0035726532805711,35.96753692626953,0.110829047858715,0.0001000910560833,0.0015735643899611714,-0.0007763231405988336,-3.1422704438455185e-08,-0.00012786165461875498
-12.8968,8.1936,0.067,0.6127761006355286,0.000716442533303,0.0645050182938575,0.0036924185696989,27.58999824523925,0.0597694553434848,0.0001347245561191,0.0020886198025794676,-0.0010322235757485032,-1.2518174941078541e-08,-0.00015842240827623755
-12.8462,8.1611,0.0668,0.611627459526062,0.0007271894719451,0.065328799188137,0.0036898648831993,27.67244911193848,0.0602407492697238,0.0001342505420325,0.0020886198025794676,-0.0010322235757485032,-1.2518174941078541e-08,-0.00015842240827623755
-12.8462,-8.1611,0.0668,,,,,,,,0.0020886198025794676,-0.0010322235757485032,-1.2518174941078541e-08,-0.00015842240827623755
-12.8252,8.6259,0.0688,0.6210724115371704,0.0006884159520268,0.0635523721575737,0.0036985285114496,26.820777893066406,0.0560319572687149,0.000138504372444,0.002117696479478268,-0.0010475284652784467,-1.1460292270726313e-08,-0.0001544140832265839
-12.7229,-1.2523,0.0471,,,,,,,,0.001303224577517119,-0.0006488299113698304,-4.226017225050782e-08,-6.0152466176077724e-05
-12.7229,1.2523,0.0471,0.4606758058071136,0.0012958532897755,0.0235566217452287,0.0035099002998322,38.28794097900391,0.1301117092370987,9.22763065318577e-05,0.001303224577517119,-0.0006488299113698304,-4.226017225050782e-08,-6.0152466176077724e-05
-12.6133,-1.4944,0.0477,,,,,,,,0.0013248916337803736,-0.0006580342305824161,-4.1559744090591266e-08,-7.632437336724252e-05
-12.6133,1.4944,0.0477,0.4585103988647461,0.0013617885997518,0.0288615953177213,0.0035098439548164,37.76641845703125,0.1315240859985351,9.343189594801515e-05,0.0013248916337803736,-0.0006580342305824161,-4.1559744090591266e-08,-7.632437336724252e-05
-12.4993,-0.7744,0.0412,,,,,,,,0.0012865691474433687,-0.0006418191478587687,-4.27914024214715e-08,-4.3396110413596034e-05
-12.4993,0.7744,0.0412,0.4340375661849975,0.0012434497475624,0.015878677368164,0.0034094061702489,43.30977249145508,0.1372670233249664,7.933061715448275e-05,0.0012865691474433687,-0.0006418191478587687,-4.27914024214715e-08,-4.3396110413596034e-05
-12.3687,0.5389,0.0434,0.4304586946964264,0.0014018344227224,0.011579904705286,0.0034280228428542,41.08575439453125,0.1411706358194351,8.393928146688268e-05,0.0011528726781548243,-0.0005756772588938475,-4.919736795727658e-08,-2.9572693165391684e-05
-12.2478,-0.9059,0.0446,,,,,,,,0.0011663575901365959,-0.0005811216542497277,-4.8775504524201097e-08,-4.8940040869638324e-05
-12.2478,0.9059,0.0446,0.4275570511817932,0.0015150581020861,0.0201288107782602,0.0034333092626184,40.06974411010742,0.1433451473712921,8.633615652797744e-05,0.0011663575901365959,-0.0005811216542497277,-4.8775504524201097e-08,-4.8940040869638324e-05
-12.1808,5.5799,0.0581,0.5379084944725037,0.0012475148541852,0.0822761133313179,0.0036033259239047,31.60708808898925,0.0953129008412361,0.000114852678962,0.0017614039221976146,-0.0008558250265195966,-2.673381516160589e-08,-0.00020784481603186578
-12.1808,-5.5799,0.0581,,,,,,,,0.0017614039221976146,-0.0008558250265195966,-2.673381516160589e-08,-0.00020784481603186578
-12.1505,7.4853,0.0641,0.5894836187362671,0.000959207478445,0.0799041762948036,0.0036464678123593,28.764572143554688,0.0702165439724922,0.0001276449911529,0.001988187152977648,-0.000974027905613184,-1.7557129083911605e-08,-0.00019872513075824827
-12.1505,-7.4853,0.0641,,,,,,,,0.001988187152977648,-0.000974027905613184,-1.7557129083911605e-08,-0.00019872513075824827
-12.1471,-1.2088,0.0457,,,,,,,,0.0011861556971145936,-0.000589189410675317,-4.81521382766914e-08,-6.780243711546063e-05
-12.1471,1.2088,0.0457,0.4262889921665191,0.0016088897828012,0.0274901241064071,0.003440368687734,39.16153717041016,0.144672006368637,8.853703184286132e-05,0.0011861556971145936,-0.000589189410675317,-4.81521382766914e-08,-6.780243711546063e-05
-12.1427,-2.1838,0.0491,,,,,,,,0.0012784606731270224,-0.0006279324879869819,-4.513881535217479e-08,-0.00011965037265326828
-12.1427,2.1838,0.0491,0.4453337490558624,0.0016446695663034,0.0473115146160125,0.0034924305509775,36.67927932739258,0.1380129605531692,9.574164869263768e-05,0.0012784606731270224,-0.0006279324879869819,-4.513881535217479e-08,-0.00011965037265326828
-12.1317,6.0078,0.0593,0.5490289330482483,0.0011979592964053,0.0838702544569969,0.003611106891185,30.98740005493164,0.0898424908518791,0.0001173446798929,0.0018102146615841855,-0.0008807798731140792,-2.4782341512263883e-08,-0.00020843726815655828
-12.1317,-6.0078,0.0593,,,,,,,,0.0018102146615841855,-0.0008807798731140792,-2.4782341512263883e-08,-0.00020843726815655828
-12.1294,6.3189,0.0603,0.5579883456230164,0.0011491975747048,0.0838133916258812,0.0036189723759889,30.466035842895508,0.0855429768562316,0.0001194816795759,0.0018575716209048192,-0.0009052637033164501,-2.2871892824127826e-08,-0.00020770341507159173
-12.1294,-6.3189,0.0603,,,,,,,,0.0018575716209048192,-0.0009052637033164501,-2.2871892824127826e-08,-0.00020770341507159173
-12.1042,7.434,0.0639,0.5876179337501526,0.0009789057075977,0.0810160264372825,0.0036431509070098,28.84512710571289,0.0710692778229713,0.000127155566588,0.001988187152977648,-0.000974027905613184,-1.7557129083911605e-08,-0.00019872513075824827
-12.1042,-7.434,0.0639,,,,,,,,0.001988187152977648,-0.000974027905613184,-1.7557129083911605e-08,-0.00019872513075824827
-12.1014,-2.3177,0.0493,,,,,,,,0.0012784606731270224,-0.0006279324879869819,-4.513881535217479e-08,-0.00011965037265326828
-12.1014,2.3177,0.0493,0.4457466006278991,0.0016624394338577,0.0504147000610828,0.0034924352075904,36.554954528808594,0.1377995163202285,9.609830885892734e-05,0.0012784606731270224,-0.0006279324879869819,-4.513881535217479e-08,-0.00011965037265326828
-12.1013,6.6499,0.0612,0.5666148662567139,0.0011021501850336,0.0838768258690834,0.003625038312748,29.993284225463867,0.0812498331069946,0.0001213828945765,0.0019031687333725858,-0.0009290736052207649,-2.10194652794371e-08,-0.00020575481175910681
-12.1013,-6.6499,0.0612,,,,,,,,0.0019031687333725858,-0.0009290736052207649,-2.10194652794371e-08,-0.00020575481175910681
-12.0861,5.5607,0.0576,0.5342622995376587,0.0012807049788534,0.0844138786196708,0.0035950005985796,31.862812042236328,0.0966714695096015,0.0001136620558099,0.0017614039221976146,-0.0008558250265195966,-2.673381516160589e-08,-0.00020784481603186578
-12.0861,-5.5607,0.0576,,,,,,,,0.0017614039221976146,-0.0008558250265195966,-2.673381516160589e-08,-0.00020784481603186578
-12.0806,7.0469,0.0622,0.5766770839691162,0.0010392662370577,0.0831073224544525,0.0036319959908723,29.54976463317871,0.0761179849505424,0.0001235096569871,0.0019467779973278948,-0.0009520466555841267,-1.9243305615646022e-08,-0.00020271484390832484
-12.0806,-7.0469,0.0622,,,,,,,,0.0019467779973278948,-0.0009520466555841267,-1.9243305615646022e-08,-0.00020271484390832484
-12.0779,-6.8857,0.0467,,,,,,,,0.0019031687333725858,-0.0009290736052207649,-2.10194652794371e-08,-0.00020575481175910681
-12.0751,-1.4838,0.0468,,,,,,,,0.0012118036972704482,-0.0005997704574838281,-4.733123759592672e-08,-8.597933629062027e-05
-12.0751,1.4838,0.0468,0.4272293150424957,0.0016804351471364,0.0341430455446243,0.0034509419929236,38.27751159667969,0.1449877321720123,9.077220602193849e-05,0.0012118036972704482,-0.0005997704574838281,-4.733123759592672e-08,-8.597933629062027e-05
-12.0515,6.6149,0.061,0.5646587014198303,0.0011226361384615,0.0850213691592216,0.003621257841587,30.096586227416992,0.0820924490690231,0.0001208865651278,0.0019031687333725858,-0.0009290736052207649,-2.10194652794371e-08,-0.00020575481175910681
-12.0515,-6.6149,0.061,,,,,,,,0.0019031687333725858,-0.0009290736052207649,-2.10194652794371e-08,-0.00020575481175910681
-12.024,-5.12,0.0439,,,,,,,,0.0016067397835670438,-0.0007712217047810555,-3.453926922247774e-08,-0.0002249894751003012
-12.019,6.9916,0.062,0.574285089969635,0.0010669467737898,0.0846000611782074,0.0036276464816182,29.62840461730957,0.0772200003266334,0.0001229953486472,0.0019262231641899669,-0.0009371083579026163,-2.0975766901187853e-08,-0.0002222877519670874
-12.019,-6.9916,0.062,,,,,,,,0.0019262231641899669,-0.0009371083579026163,-2.0975766901187853e-08,-0.0002222877519670874
-12.0159,-6.1341,0.0456,,,,,,,,0.0017749127410546346,-0.0008570152567699552,-2.745146154836675e-08,-0.00023044231056701392
-12.0054,-5.3975,0.0443,,,,,,,,0.0016642259194197693,-0.0008001214009709656,-3.21574944450731e-08,-0.0002285119699081406
-11.9637,-1.2147,0.0401,,,,,,,,0.0010603414463542518,-0.0005246709333732724,-5.4782127278940607e-08,-7.616695074830204e-05
-11.9637,-1.2147,0.0401,,,,,,,,0.0010603414463542518,-0.0005246709333732724,-5.4782127278940607e-08,-7.616695074830204e-05
-11.9637,1.2147,0.0401,0.4032922387123108,0.0015081631718203,0.0293749403208494,0.0033317997585982,44.04050827026367,0.1496290862560272,7.629336323589087e-05,0.0010603414463542518,-0.0005246709333732724,-5.4782127278940607e-08,-7.616695074830204e-05
-11.9637,-1.8842,0.0484,,,,,,,,0.0011272793208024273,-0.0005515948869287968,-5.266644720336444e-08,-0.00011589971836656332
-11.9637,1.8842,0.0484,0.4289273619651794,0.0017926935106515,0.0440956018865108,0.0034655430354177,37.028926849365234,0.1450793892145156,9.397255053045228e-05,0.0011272793208024273,-0.0005515948869287968,-5.266644720336444e-08,-0.00011589971836656332
-11.9312,-6.7426,0.0463,,,,,,,,0.0018781287166988563,-0.0009113906999118626,-2.30439987092268e-08,-0.0002262937487103045
-11.9312,6.7426,0.0463,0.5402443408966064,0.0008419136283919,0.087537795305252,0.0035309786908328,39.70687484741211,0.0812178626656532,8.966185851022601e-05,0.0018781287166988563,-0.0009113906999118626,-2.30439987092268e-08,-0.0002262937487103045
-11.92,-0.6109,0.0411,,,,,,,,0.0010205172495808617,-0.0005091737839393318,-5.599128272137932e-08,-3.3255357266170904e-05
-11.92,0.6109,0.0411,0.397520512342453,0.001619693939574,0.0152793368324637,0.0033388875890523,42.91594314575195,0.1534366011619568,7.838985038688406e-05,0.0010205172495808617,-0.0005091737839393318,-5.599128272137932e-08,-3.3255357266170904e-05
-11.8943,-5.0319,0.0434,,,,,,,,0.0016067397835670438,-0.0007712217047810555,-3.453926922247774e-08,-0.0002249894751003012
-11.8943,5.0319,0.0434,0.4889907240867615,0.0011088339379057,0.0875440463423729,0.0034543888177722,41.76457977294922,0.1070240139961242,8.323984366143122e-05,0.0016067397835670438,-0.0007712217047810555,-3.453926922247774e-08,-0.0002249894751003012
-11.8839,-5.3036,0.0439,,,,,,,,0.0016642259194197693,-0.0008001214009709656,-3.21574944450731e-08,-0.0002285119699081406
-11.8839,5.3036,0.0439,0.4970703721046448,0.0010744277387857,0.0889207199215889,0.0034660177771002,41.41282272338867,0.1030261889100074,8.430948219029233e-05,0.0016642259194197693,-0.0008001214009709656,-3.21574944450731e-08,-0.0002285119699081406
-11.8774,-5.6233,0.0446,,,,,,,,0.0017203861968923088,-0.0008287910604849458,-2.974077872863745e-08,-0.000230298814130947
-11.8774,5.6233,0.0446,0.5069666504859924,0.0010327155468985,0.0898867696523666,0.0034810043871402,40.89573669433594,0.0982193052768707,8.582040754845366e-05,0.0017203861968923088,-0.0008287910604849458,-2.974077872863745e-08,-0.000230298814130947
-11.8537,-6.0039,0.0452,,,,,,,,0.0017749127410546346,-0.0008570152567699552,-2.745146154836675e-08,-0.00023044231056701392
-11.8537,6.0039,0.0452,0.517765462398529,0.0009812111966311,0.0907430201768875,0.0034951653797179,40.46928405761719,0.0926876962184906,8.710903057362884e-05,0.0017749127410546346,-0.0008570152567699552,-2.745146154836675e-08,-0.00023044231056701392
-11.841,-0.0276,0.0423,,,,,,,,0.001012297439365387,-0.0005060263210907578,-5.6232394740618474e-08,-1.1130392522318289e-05
-11.7627,0.4608,0.0435,0.3906438648700714,0.001868515391834,0.012195480056107,0.0033593547996133,40.59026336669922,0.1584759354591369,8.325355884153396e-05,0.0010205172495808617,-0.0005091737839393318,-5.599128272137932e-08,-3.3255357266170904e-05
-11.7581,11.3579,0.0798,0.6642332673072815,0.0005576924304477,0.0568278618156909,0.0037144643720239,23.199949264526367,0.0356445647776126,0.0001610135659575,0.0023112558964031443,-0.0011482362169772387,-5.503494104885931e-09,-0.0001304972975049168
-11.7138,11.7091,0.0817,0.6694789528846741,0.000532851787284,0.0543961115181446,0.0037192236632108,22.691307067871094,0.0335791669785976,0.000165003541042,0.0023112558964031443,-0.0011482362169772387,-5.503494104885931e-09,-0.0001304972975049168
-11.6925,-1.0224,0.0449,,,,,,,,0.0010367016731510734,-0.0005154236569069326,-5.550293380451876e-08,-5.5009459174470976e-05
-11.6925,1.0224,0.0449,0.3924486339092254,0.0019660999532788,0.0273385234177112,0.0033760513179004,39.51448440551758,0.1585400104522705,8.607700874563307e-05,0.0010367016731510734,-0.0005154236569069326,-5.550293380451876e-08,-5.5009459174470976e-05
-11.6832,5.0349,0.056,0.5050649642944336,0.0015908809145912,0.0929850041866302,0.0035548866726458,32.646453857421875,0.1100650131702423,0.0001095557236112,0.0016067397835670438,-0.0007712217047810555,-3.453926922247774e-08,-0.0002249894751003012
-11.6832,-5.0349,0.056,,,,,,,,0.0016067397835670438,-0.0007712217047810555,-3.453926922247774e-08,-0.0002249894751003012
-11.6505,4.6657,0.055,0.4912427365779876,0.001687683048658,0.0917724594473838,0.0035411361604928,33.13500213623047,0.1165591180324554,0.0001073595194611,0.0014866196604757676,-0.000702161225490272,-4.1748091206272875e-08,-0.0002438834053464234
-11.6505,-4.6657,0.055,,,,,,,,0.0014866196604757676,-0.000702161225490272,-4.1748091206272875e-08,-0.0002438834053464234
-11.636,-2.3767,0.0495,,,,,,,,0.0010538958712008543,-0.0005052123451605439,-5.811491377016864e-08,-0.00014978187391534448
-11.636,2.3767,0.0495,0.4190622270107269,0.0020562063436955,0.0601095557212829,0.0034514535218477,36.308692932128906,0.1491754502058029,9.562420746078716e-05,0.0010538958712008543,-0.0005052123451605439,-5.811491377016864e-08,-0.00014978187391534448
-11.6309,2.0006,0.0486,0.4094856083393097,0.0020875048357993,0.0520324259996414,0.0034350738860666,36.81028366088867,0.1531595885753631,9.372902422910556e-05,0.0010049675118050639,-0.0004855044826399535,-5.967807226170407e-08,-0.00012951956887263805
-11.6165,-2.2194,0.0492,,,,,,,,0.0010538958712008543,-0.0005052123451605439,-5.811491377016864e-08,-0.00014978187391534448
-11.6165,2.2194,0.0492,0.413857489824295,0.002093314891681,0.0571442395448684,0.0034436217974871,36.4682502746582,0.1513781100511551,9.49456516536884e-05,0.0010538958712008543,-0.0005052123451605439,-5.811491377016864e-08,-0.00014978187391534448
-11.6031,-2.5419,0.0498,,,,,,,,0.0011076830084084694,-0.0005275606526993215,-5.632357868989857e-08,-0.0001685828174231574
-11.6031,2.5419,0.0498,0.4210245609283447,0.0020723543129861,0.0641807839274406,0.0034536118619143,36.13743209838867,0.1481932699680328,9.617343312129378e-05,0.0011076830084084694,-0.0005275606526993215,-5.632357868989857e-08,-0.0001685828174231574
-11.4707,-1.7803,0.0476,,,,,,,,0.0010049675118050639,-0.0004855044826399535,-5.967807226170407e-08,-0.00012951956887263805
-11.4707,1.7803,0.0476,0.3913437128067016,0.0022565021645277,0.0497147217392921,0.0033980431035161,37.435691833496094,0.159945547580719,9.123633935814723e-05,0.0010049675118050639,-0.0004855044826399535,-5.967807226170407e-08,-0.00012951956887263805
-11.4334,-2.0256,0.0486,,,,,,,,0.0010049675118050639,-0.0004855044826399535,-5.967807226170407e-08,-0.00012951956887263805
-11.4334,2.0256,0.0486,0.3952841460704803,0.0023067768197506,0.0564037784934043,0.0034119542688131,36.7524642944336,0.1586760878562927,9.323671110905708e-05,0.0010049675118050639,-0.0004855044826399535,-5.967807226170407e-08,-0.00012951956887263805
-11.101,-1.7875,0.0477,,,,,,,,0.0008784558307321424,-0.00041490187868475914,-6.741305469404324e-08,-0.0001441443309886381
-11.101,1.7875,0.0477,0.3605086207389831,0.0027464623562991,0.056931022554636,0.0033484082669019,37.220970153808594,0.1713441610336303,9.038325515575708e-05,0.0008784558307321424,-0.00041490187868475914,-6.741305469404324e-08,-0.0001441443309886381
-11.0766,8.1809,0.0666,0.5977608561515808,0.0011429026490077,0.0971071869134903,0.0036085406318306,27.66728973388672,0.0646691918373107,0.0001313226966885,0.0020403762019226153,-0.000991816632449627,-1.7543836605682372e-08,-0.00023892159515526146
-11.0446,8.0957,0.0663,0.5950313210487366,0.0011734705185517,0.0987266525626182,0.0036042782012373,27.79203414916992,0.0659107789397239,0.0001305985933868,0.0020403762019226153,-0.000991816632449627,-1.7543836605682372e-08,-0.00023892159515526146
-11.0446,-8.0957,0.0663,,,,,,,,0.0020403762019226153,-0.000991816632449627,-1.7543836605682372e-08,-0.00023892159515526146
-11.037,-2.244,0.049,,,,,,,,0.0009355404813632464,-0.00043710542377084494,-6.569645449872041e-08,-0.00016657683590892702
-11.037,2.244,0.049,0.3687275350093841,0.0028036993462592,0.0706914365291595,0.0033681748900562,36.43794631958008,0.1681060642004013,9.288379806093872e-05,0.0009355404813632464,-0.00043710542377084494,-6.569645449872041e-08,-0.00016657683590892702
-11.0277,-1.4638,0.0468,,,,,,,,0.000827501542582203,-0.0003958950692322105,-6.885122161293111e-08,-0.00012023639283142984
-11.0277,1.4638,0.0468,0.3452991247177124,0.0028612436726689,0.0487629175186157,0.0033157262951135,37.78932189941406,0.1767647862434387,8.827714918879792e-05,0.000827501542582203,-0.0003958950692322105,-6.885122161293111e-08,-0.00012023639283142984
-11.0187,-0.8777,0.0453,,,,,,,,0.0007493992094368567,-0.00036833673948422074,-7.087218989454414e-08,-6.875925464555621e-05
-11.0187,0.8777,0.0453,0.3322233855724334,0.0028639207594096,0.0301076211035251,0.0032785581424832,38.76786804199219,0.1811934411525726,8.515267836628482e-05,0.0007493992094368567,-0.00036833673948422074,-7.087218989454414e-08,-6.875925464555621e-05
-11.0121,-2.4369,0.0495,,,,,,,,0.0009975979845815866,-0.00046227025450207293,-6.370616034701015e-08,-0.00018736766651272774
-11.0121,2.4369,0.0495,0.3729000389575958,0.0028136922046542,0.0762966200709343,0.00337576540187,36.17189407348633,0.1663916409015655,9.384688746649772e-05,0.0009975979845815866,-0.00046227025450207293,-6.370616034701015e-08,-0.00018736766651272774
-10.9789,-1.2539,0.0463,,,,,,,,0.000635642695091007,-0.00029980106046423316,-7.732394635695528e-08,-0.00010549752187216654
-10.9789,1.2539,0.0463,0.3358515202999115,0.0029386070091277,0.0429459810256958,0.003295385511592,38.08823776245117,0.1800833493471145,8.708505629329011e-05,0.000635642695091007,-0.00029980106046423316,-7.732394635695528e-08,-0.00010549752187216654
-10.9612,-0.0798,0.0428,,,,,,,,0.0005457926160584641,-0.0002724519872572273,-7.885544306418524e-08,-1.556609640829265e-05
-10.9594,-2.628,0.05,,,,,,,,0.0008861044976429006,-0.00039163054316304624,-7.126150336489445e-08,-0.0002071733761113137
-10.9594,2.628,0.05,0.3751432597637176,0.00286500249058,0.0823542773723602,0.0033793502952903,35.90233612060547,0.1652368307113647,9.470370423514396e-05,0.0008861044976429006,-0.00039163054316304624,-7.126150336489445e-08,-0.0002071733761113137
-10.9541,0.5104,0.0443,0.3197409510612488,0.002937019104138,0.0181363057345151,0.0032432253938168,39.37488555908203,0.1850614696741104,8.288721437565982e-05,0.0005620162910958108,-0.0002771550789475441,-7.860793260761056e-08,-4.637492747860961e-05
-10.9502,-2.7548,0.0503,,,,,,,,0.0008861044976429006,-0.00039163054316304624,-7.126150336489445e-08,-0.0002071733761113137
-10.9502,2.7548,0.0503,0.3788265287876129,0.0028572143055498,0.0857079625129699,0.0033848595339804,35.745365142822266,0.1636839807033538,9.530020179226996e-05,0.0008861044976429006,-0.00039163054316304624,-7.126150336489445e-08,-0.0002071733761113137
-10.9333,9.3967,0.0703,0.6272698640823364,0.0009081546450033,0.0858780816197395,0.0036355094052851,26.208881378173828,0.0499185472726821,0.0001394193677697,0.00216244348493573,-0.0010586435673758388,-1.2576485630688694e-08,-0.0002198050351580605
-10.8555,-10.8969,0.0468,,,,,,,,0.0022889499905955186,-0.0011319939512759447,-7.322814354893126e-09,-0.00016856069851201028
-10.8144,-0.6516,0.0416,,,,,,,,0.0005620162910958108,-0.0002771550789475441,-7.860793260761056e-08,-4.637492747860961e-05
-10.8144,0.6516,0.0416,0.2990716993808746,0.0029754936695098,0.0244482476264238,0.0031515839509665,41.23147964477539,0.1896697133779525,7.687197648920119e-05,0.0005620162910958108,-0.0002771550789475441,-7.860793260761056e-08,-4.637492747860961e-05
-10.8018,3.4932,0.0523,0.3968487977981567,0.0029286383651196,0.1059639900922775,0.0034088210668414,34.6676025390625,0.155423879623413,9.897333075059578e-05,0.001118446877963746,-0.0004933616728521883,-6.325947765617457e-08,-0.00026329662068746984
-10.8018,-3.4932,0.0523,,,,,,,,0.001118446877963746,-0.0004933616728521883,-6.325947765617457e-08,-0.00026329662068746984
-10.7874,5.1024,0.0571,0.4719286262989044,0.0023796323221176,0.1234188973903656,0.0034944156650453,32.13554763793945,0.1231045350432396,0.0001094754115911,0.0014446873569179865,-0.0006552853155881166,-4.894955552003921e-08,-0.0003039433213416487
-10.7874,-5.1024,0.0571,,,,,,,,0.0014446873569179865,-0.0006552853155881166,-4.894955552003921e-08,-0.0003039433213416487
-10.7844,4.7036,0.0558,0.4525909423828125,0.0025344341993331,0.121451161801815,0.0034751675557345,32.77824783325195,0.1316034942865371,0.0001066075565177,0.001363440781797904,-0.0006132764392532408,-5.277946613091444e-08,-0.00029771580011583865
-10.7844,-4.7036,0.0558,,,,,,,,0.001363440781797904,-0.0006132764392532408,-5.277946613091444e-08,-0.00029771580011583865
-10.7228,3.8825,0.0534,0.4091440141201019,0.0029237864073365,0.115170918405056,0.0034233501646667,34.05524826049805,0.1499042809009552,0.0001010719861369,0.0011996212832275385,-0.0005318457260727882,-5.998953866992451e-08,-0.0002773317974060774
-10.7228,-3.8825,0.0534,,,,,,,,0.0011996212832275385,-0.0005318457260727882,-5.998953866992451e-08,-0.0002773317974060774
-10.5865,3.7,0.053,0.3896065950393677,0.0032313761766999,0.1179123222827911,0.0033944726455956,34.30222702026367,0.1570138931274414,9.953499102266504e-05,0.0010383904263292058,-0.00043089009704999626,-7.113258249091814e-08,-0.00028965045930817723
-10.5532,-2.0274,0.0487,,,,,,,,0.0006285502841546667,-0.00026056106435135007,-8.237186932547047e-08,-0.00017571792704984546
-10.5532,2.0274,0.0487,0.3114086985588074,0.0037816630210727,0.0779208093881607,0.003269167151302,36.433250427246094,0.1866828501224517,9.00809172890149e-05,0.0006285502841546667,-0.00026056106435135007,-8.237186932547047e-08,-0.00017571792704984546
-10.5181,-2.2367,0.0493,,,,,,,,0.0007040924904703056,-0.0002877622900996357,-8.10370011095074e-08,-0.00020280388707760721
-10.5181,2.2367,0.0493,0.3154513835906982,0.0038264191243797,0.0855709239840507,0.0032782331109046,36.14806365966797,0.1849135607481002,9.112463158089668e-05,0.0007040924904703056,-0.0002877622900996357,-8.10370011095074e-08,-0.00020280388707760721
-10.4747,11.5612,0.0763,0.6638614535331726,0.000617369019892,0.0662329718470573,0.00367909274064,24.244808197021484,0.0313462615013122,0.000152601278387,0.002333766614246874,-0.0011565819149836898,-5.781340739474672e-09,-0.00015470916696358472
-10.4645,11.8953,0.078,0.6692755818367004,0.0005787920090369,0.062580794095993,0.0036879880353808,23.67962455749512,0.0292979124933481,0.0001563247787998,0.0023689016380818366,-0.0011769816046580672,-4.358936767090427e-09,-0.00013280830171424896
-10.4472,3.6524,0.0531,0.3753648102283478,0.0035327256191521,0.1230959668755531,0.0033736007753759,34.27289962768555,0.1616536378860473,9.898369171423838e-05,0.0010383904263292058,-0.00043089009704999626,-7.113258249091814e-08,-0.00028965045930817723
-10.4379,11.1832,0.0749,0.6584714651107788,0.0006679404759779,0.0708396285772323,0.0036667848471552,24.70918655395508,0.0335163474082946,0.0001494011667091,0.002333766614246874,-0.0011565819149836898,-5.781340739474672e-09,-0.00015470916696358472
-10.4352,-2.4605,0.0499,,,,,,,,0.0007835625288679384,-0.00031865370692685246,-7.925768841232639e-08,-0.00022793062089476734
-10.4352,2.4605,0.0499,0.3151622414588928,0.0039606182835996,0.0952464714646339,0.0032785104122012,35.859249114990234,0.1842550933361053,9.192399011226372e-05,0.0007835625288679384,-0.00031865370692685246,-7.925768841232639e-08,-0.00022793062089476734
-10.3993,-1.5218,0.0476,,,,,,,,0.0005580183641171571,-0.0002372444432694465,-8.330684408974776e-08,-0.00014683729386888444
-10.3993,1.5218,0.0476,0.274244487285614,0.0041959201917052,0.0643651783466339,0.0031959686893969,36.88715362548828,0.1980138719081878,8.699898171471432e-05,0.0005580183641171571,-0.0002372444432694465,-8.330684408974776e-08,-0.00014683729386888444
-10.3593,-2.6655,0.0505,,,,,,,,0.0007835625288679384,-0.00031865370692685246,-7.925768841232639e-08,-0.00022793062089476734
-10.3593,2.6655,0.0505,0.316283643245697,0.004074337426573,0.1038741692900657,0.0032812906429171,35.57672882080078,0.1832186579704284,9.277094795834272e-05,0.0007835625288679384,-0.00031865370692685246,-7.925768841232639e-08,-0.00022793062089476734
-10.3286,-1.2785,0.0474,,,,,,,,0.00036181106505736333,-0.00012802927813027054,-7.93201451187997e-08,-0.00012780966062564403
-10.3286,1.2785,0.0474,0.2572292387485504,0.004434491507709,0.0565095469355583,0.0031633339822292,36.87641143798828,0.2029789835214615,8.614508260507137e-05,0.00036181106505736333,-0.00012802927813027054,-7.93201451187997e-08,-0.00012780966062564403
-10.3075,-0.9192,0.0467,,,,,,,,0.0002913998240910126,-0.00011202129098819569,-7.82084725869936e-08,-9.316484647570178e-05
-10.3075,0.9192,0.0467,0.2443332970142364,0.0045175617560744,0.0418330430984497,0.0031291402410715,37.16382598876953,0.206659197807312,8.461005199933425e-05,0.0002913998240910126,-0.00011202129098819569,-7.82084725869936e-08,-9.316484647570178e-05
-10.2761,-2.8598,0.051,,,,,,,,0.0007765029296377372,-0.0002752486616373062,-8.163100773117549e-08,-0.00027381995460018516
-10.2761,2.8598,0.051,0.3155809938907623,0.0042711389251053,0.1129154935479164,0.0032748247031122,35.34476852416992,0.1823851466178894,9.320903336629272e-05,0.0007765029296377372,-0.0002752486616373062,-8.163100773117549e-08,-0.00027381995460018516
-10.1414,6.9219,0.0628,0.5389143824577332,0.0021026839967817,0.141176700592041,0.0035047922283411,29.314069747924805,0.0893823057413101,0.0001202123603434,0.0017842964879010233,-0.0008201065938919783,-3.536240456014639e-08,-0.00035121740074828267
-10.1414,-6.9219,0.0628,,,,,,,,0.0017842964879010233,-0.0008201065938919783,-3.536240456014639e-08,-0.00035121740074828267
-10.1382,7.2693,0.064,0.5552446842193604,0.0019025157671421,0.1361778527498245,0.0035159545950591,28.774173736572266,0.0819121152162551,0.0001229980989592,0.0019260409120947723,-0.0009062335593625903,-2.6265821517768018e-08,-0.0003258053620811552
-10.1382,-7.2693,0.064,,,,,,,,0.0019260409120947723,-0.0009062335593625903,-2.6265821517768018e-08,-0.0003258053620811552
-10.1014,6.1163,0.0611,0.49614417552948,0.0027248244732618,0.151737555861473,0.0034800483845174,30.207744598388672,0.1088805869221687,0.0001156872313003,0.001620647087243522,-0.0007226087618619204,-4.575204926027254e-08,-0.0003666889970190823
-10.1014,-6.1163,0.0611,,,,,,,,0.001620647087243522,-0.0007226087618619204,-4.575204926027254e-08,-0.0003666889970190823
-10.0983,6.5112,0.062,0.5174458622932434,0.0024311498273164,0.1480712741613388,0.0034912375267595,29.72080421447754,0.0991906151175499,0.0001179721148218,0.0017048940499092221,-0.0007725332980044186,-4.049118729199108e-08,-0.0003603584773372859
-10.0983,-6.5112,0.062,,,,,,,,0.0017048940499092221,-0.0007725332980044186,-4.049118729199108e-08,-0.0003603584773372859
-10.0875,7.2212,0.0638,0.5520453453063965,0.0019612673204392,0.1387721449136734,0.0035099927335977,28.86603164672852,0.0831002369523048,0.0001223803847096,0.0018584809036783921,-0.0008649916271679103,-3.057183661780982e-08,-0.00033952511148527265
-10.0875,-7.2212,0.0638,,,,,,,,0.0018584809036783921,-0.0008649916271679103,-3.057183661780982e-08,-0.00033952511148527265
-10.0552,6.0453,0.061,0.4903873801231384,0.0028436570428311,0.1544530838727951,0.0034738301765173,30.28932762145996,0.1111673787236213,0.0001151865726569,0.0015984406814330944,-0.0006919166771695018,-5.0736563395048506e-08,-0.00040000557783059776
-10.0552,-6.0453,0.061,,,,,,,,0.0015984406814330944,-0.0006919166771695018,-5.0736563395048506e-08,-0.00040000557783059776
-9.9284,-2.8221,0.0516,,,,,,,,0.0007229750279160668,-0.0002064608852379024,-8.556659025771296e-08,-0.0002967273467220366
-9.9284,2.8221,0.0516,0.2673438787460327,0.0053868787363171,0.1283376216888427,0.0031844063196331,34.98906707763672,0.1937374621629715,9.139244502875954e-05,0.0007229750279160668,-0.0002064608852379024,-8.556659025771296e-08,-0.0002967273467220366
-9.9154,-2.6153,0.0511,,,,,,,,0.0006348846964930957,-0.00016835577844176441,-8.371335269430347e-08,-0.0002691207337193191
-9.9154,2.6153,0.0511,0.2528159916400909,0.0054839942604303,0.1222838535904884,0.0031555159948766,35.11186218261719,0.1980156600475311,9.020102152135225e-05,0.0006348846964930957,-0.00016835577844176441,-8.371335269430347e-08,-0.0002691207337193191
-9.9112,-2.2601,0.0502,,,,,,,,0.0005492359518978888,-0.00013487633259501308,-8.077485347257607e-08,-0.00023921413230709732
-9.9112,2.2601,0.0502,0.2316543161869049,0.0055593871511518,0.1098653674125671,0.0031093778088688,35.28776931762695,0.2043278813362121,8.837946370476857e-05,0.0005492359518978888,-0.00013487633259501308,-8.077485347257607e-08,-0.00023921413230709732
-9.8425,-4.225,0.0403,,,,,,,,0.0011021593341075803,-0.0004004283109679818,-7.957962111504457e-08,-0.0003786105662584305
-9.8328,-10.0337,0.0472,,,,,,,,0.0022703178415033327,-0.0011148230405524373,-9.630883646138955e-09,-0.0002139050338882953
-9.8318,-4.5096,0.0408,,,,,,,,0.0012023691634967192,-0.00045699960901401937,-7.507534860451415e-08,-0.00039060754352249205
-9.8178,-5.255,0.042,,,,,,,,0.0014040176527928573,-0.0005746700917370617,-6.366083482589602e-08,-0.00040320053813047707
-9.8143,-4.8636,0.0414,,,,,,,,0.0013032787082771522,-0.0005153252859599888,-6.968445376287491e-08,-0.0003988404350820929
-9.8017,-1.1,0.0481,,,,,,,,0.00030130731980482775,-6.0893158661201596e-05,-6.944385688711918e-08,-0.00013779892469756305
-9.8017,1.1,0.0481,0.1579168140888214,0.0056911087594926,0.0620329603552818,0.0029320055618882,34.75912857055664,0.222357228398323,8.453051123069599e-05,0.00030130731980482775,-6.0893158661201596e-05,-6.944385688711918e-08,-0.00013779892469756305
-9.797,10.3542,0.0722,0.6459156274795532,0.0009028834174387,0.0899535417556762,0.0036094589158892,25.566017150878903,0.0375062488019466,0.0001421395136276,0.0022703178415033327,-0.0011148230405524373,-9.630883646138955e-09,-0.0002139050338882953
-9.7809,-5.6346,0.0427,,,,,,,,0.0015031295223524614,-0.0006339865503832698,-5.727645202568965e-08,-0.00040362190338782966
-9.7621,10.0463,0.0717,0.6404129862785339,0.0009892430389299,0.0955730825662612,0.0035952341277152,25.71531867980957,0.040192287415266,0.0001407124946126,0.002279869140182914,-0.0011180619476363063,-9.812964663069579e-09,-0.00022223479754757136
-9.7428,-4.8494,0.0414,,,,,,,,0.0012584556371774613,-0.0004573469632305205,-7.739530616390766e-08,-0.0004321589949540794
-9.7404,9.7086,0.0709,0.6333026885986328,0.0010874904692173,0.1018603518605232,0.0035797390155494,25.96614456176757,0.0435610376298427,0.000138656279887,0.002236108642235972,-0.0010903907241299748,-1.1612486083834028e-08,-0.0002471710613463074
-9.7229,9.3327,0.0701,0.6247145533561707,0.0012032447848469,0.1090986430644989,0.003562465775758,26.213642120361328,0.0477157793939113,0.0001365563366562,0.0021909723512011548,-0.0010615651262924075,-1.3106942198248817e-08,-0.0002704985090531409
-9.7196,-5.2221,0.042,,,,,,,,0.001366013367257019,-0.0005246197106316686,-7.172256744070182e-08,-0.000437346869148314
-9.6907,-5.6082,0.0427,,,,,,,,0.0014732418752460884,-0.0005922987475059927,-6.452858514194304e-08,-0.0004379413148853928
-9.6711,0.6893,0.0475,0.117920696735382,0.0054059913381934,0.0427287295460701,0.0027775266207754,33.02007293701172,0.2292035818099975,8.441672980552539e-05,0.00018166085410373264,5.8237699704477564e-05,-2.41036204329248e-08,-6.97032010066323e-05
-9.4512,5.0272,0.0607,0.3805502951145172,0.0058051496744155,0.1956795006990432,0.0033554648980498,31.40855598449707,0.1488312482833862,0.0001072004451998,0.0012390749613032804,-0.00040747830644249916,-8.954764041391172e-08,-0.0004666777385864407
-9.4512,-5.0272,0.0607,,,,,,,,0.0012390749613032804,-0.00040747830644249916,-8.954764041391172e-08,-0.0004666777385864407
-9.4402,4.6958,0.0598,0.3500168919563293,0.0063054682686924,0.195521593093872,0.0033184350468218,31.954578399658203,0.159072071313858,0.0001041267169057,0.0011354110301073606,-0.00034019871964119375,-9.075137796799027e-08,-0.0004544825351331383
-9.4402,-4.6958,0.0598,,,,,,,,0.0011354110301073606,-0.00034019871964119375,-9.075137796799027e-08,-0.0004544825351331383
-9.4196,4.3653,0.0587,0.3170364499092102,0.0067209908738732,0.1945006251335144,0.0032683378085494,32.49065399169922,0.1691505312919616,0.0001007016398943,0.0010373686306076296,-0.00027778721414506435,-8.594086153834724e-08,-0.00043802702566608787
-9.4196,-4.3653,0.0587,,,,,,,,0.0010373686306076296,-0.00027778721414506435,-8.594086153834724e-08,-0.00043802702566608787
-9.3975,3.1469,0.0546,0.2037277072668075,0.0069479602389037,0.1710398942232132,0.0030224665533751,32.764892578125,0.2009521275758743,9.225992107531056e-05,0.0007755960725216188,-0.00012703465472441167,-4.313558221724634e-08,-0.0003664007526822388
-9.3975,-3.1469,0.0546,,,,,,,,0.0007755960725216188,-0.00012703465472441167,-4.313558221724634e-08,-0.0003664007526822388
-9.1514,8.3299,0.0683,0.597261905670166,-0.0002863402187358,0.1469953060150146,0.0034352566581219,26.76068687438965,0.0578007847070694,0.0001290297659579,0.0022073259971323385,-0.001050436170771718,2.8926153916586372e-08,-0.00033860871917568147
-9.1514,-8.3299,0.0683,,,,,,,,0.0022073259971323385,-0.001050436170771718,2.8926153916586372e-08,-0.00033860871917568147
-9.1496,8.4171,0.0685,0.600117027759552,-0.0001364270865451,0.1444538384675979,0.0034423999022692,26.680864334106445,0.0565708614885807,0.0001296463451581,0.0022073259971323385,-0.001050436170771718,2.8926153916586372e-08,-0.00033860871917568147
-9.0769,6.8515,0.0663,0.5123515129089355,0.001355585292913,0.1978747099637985,0.0033864588476717,28.40370750427246,0.0929378271102905,0.0001200206606881,0.0018114020787651653,-0.0007668255711905658,-2.1250537329819963e-08,-0.0004819470050279051
-8.9416,11.4032,0.0754,0.6671800017356873,0.0007933673332445,0.0826582461595535,0.0036139020230621,24.508020401000977,0.0253665763884782,0.0001484114764025,0.0023875392391981463,-0.001179886283352971,-5.5584759017790475e-09,-0.00018153309065382928
-8.9416,-11.4032,0.0754,,,,,,,,0.0023875392391981463,-0.001179886283352971,-5.5584759017790475e-09,-0.00018153309065382928
-8.895,6.6494,0.0668,0.4881197512149811,0.0014943093992769,0.2169330567121505,0.0033906195312738,28.215049743652344,0.100148469209671,0.00012020333088,0.00173828985438592,-0.000689362408593297,1.3714206033910159e-05,-0.0005291543202474713
-8.8834,11.5779,0.0761,0.670181930065155,0.0007662699790671,0.0803178027272224,0.0036193262785673,24.275468826293945,0.0240222066640853,0.0001499671052442,0.0023875392391981463,-0.001179886283352971,-5.5584759017790475e-09,-0.00018153309065382928
-8.8736,6.8064,0.067,0.5008167028427124,6.142591155366972e-05,0.2137531638145446,0.0033901135902851,27.78018951416016,0.0949935987591743,0.0001219553232658,0.00173828985438592,-0.000689362408593297,1.3714206033910159e-05,-0.0005291543202474713
-8.8393,13.4219,0.0878,0.6963693499565125,0.0005437625222839,0.0560593493282794,0.003683051560074,21.05058860778809,0.0166370887309312,0.0001756352285156,0.0024458057962186077,-0.001217169570736587,-2.516548969211385e-09,-0.00011827820708276704
-8.8224,-0.9828,0.00415,,,,,,,,0.0003497302022871821,0.0001268299820367247,1.3808537914883345e-05,-0.00011958797404076904
-8.7872,12.73,0.0828,0.6877625584602356,0.0006024927133694,0.063973069190979,0.0036621033214032,22.37506675720215,0.0182724054902791,0.0001647947647143,0.0024175746957239316,-0.0011992885265499353,-4.010086485095599e-09,-0.0001512411399744451
-8.7746,11.9876,0.0778,0.6768378019332886,0.0007000073674134,0.0745950490236282,0.0036332255695015,23.70665740966797,0.0212323032319545,0.0001538042124593,0.0024262441055403383,-0.0012034174287691712,-3.9213028379947446e-09,-0.00015313917538151145
-8.7628,13.1394,0.0858,0.6932189464569092,0.0005715334555134,0.0595124214887619,0.0036733571905642,21.566059112548828,0.0170253980904817,0.0001712311204755,0.002452751649641893,-0.0012205655220896006,-2.4280688570854636e-09,-0.00011923703277716413
-8.7284,0.7186,0.00993,,,,,,,,0.0003497302022871821,0.0001268299820367247,1.3808537914883345e-05,-0.00011958797404076904
-8.6854,6.3649,0.0674,0.4472626149654388,0.0062460592016577,0.2423374950885772,0.0034184281248599,28.5269832611084,0.1120371222496032,0.0001184692882816,0.0015520489633606615,-0.0005225875065661967,4.604278728947975e-06,-0.0005736681050620973
-8.6773,6.5925,0.0676,0.4704711437225342,0.0042175278067588,0.2361250817775726,0.0034274396020919,27.78705406188965,0.1045396104454994,0.0001222324499394,0.0015949642527588934,-0.0005711396806873381,9.579794095770922e-06,-0.0005564938765019178
-8.6759,-1.5384,0.00732,,,,,,,,0.0005167148837336363,0.00011469339369796216,1.6645952200633474e-05,-0.00023090453760232776
-8.6678,1.5864,0.00717,,,,,,,,0.0005167148837336363,0.00011469339369796216,1.6645952200633474e-05,-0.00023090453760232776
-8.6192,2.2287,0.00321,,,,,,,,0.0006717210794732406,4.468208862817846e-05,7.932899279694539e-06,-0.00033278053160756826
-8.5757,-6.6891,0.0446,,,,,,,,0.0015949642527588934,-0.0005711396806873381,9.579794095770922e-06,-0.0005564938765019178
-8.5447,6.1878,0.0677,0.4161596000194549,0.0120209110900759,0.2602245211601257,0.0034127256367355,29.3420467376709,0.1198242008686065,0.0001151638207375,0.001505785546689122,-0.0004737454582937062,2.8912992888763256e-07,-0.0005851603928022087
-8.5447,-6.1878,0.0677,,,,,,,,0.001505785546689122,-0.0004737454582937062,2.8912992888763256e-07,-0.0005851603928022087
-8.5277,6.0019,0.0675,0.3912795186042785,0.0138848712667822,0.2668673992156982,0.0033700235653668,30.230127334594727,0.1260523051023483,0.0001108341457438,0.001505785546689122,-0.0004737454582937062,2.8912992888763256e-07,-0.0005851603928022087
-8.5277,-6.0019,0.0675,,,,,,,,0.001505785546689122,-0.0004737454582937062,2.8912992888763256e-07,-0.0005851603928022087
-8.5157,-9.0456,0.0474,,,,,,,,0.002260950125505688,-0.0010771342786028981,-8.196591849696233e-09,-0.0003431553777772933
-8.5076,-9.4038,0.048,,,,,,,,0.002260950125505688,-0.0010771342786028981,-8.196591849696233e-09,-0.0003431553777772933
-8.4716,-6.6867,0.0446,,,,,,,,0.0018084897315210587,-0.0006773605127818882,-1.1539360457391012e-05,-0.0005989226629026234
-8.4584,4.4246,0.0615,0.1628200858831405,0.0130958901718258,0.2799705862998962,0.0019451506668701,47.0628662109375,0.1751192361116409,4.201183037366718e-05,0.0012994891803960898,-0.0002521889691706747,-2.4639428374939598e-05,-0.0005982989678159356
-8.4584,-4.4246,0.0615,,,,,,,,0.0012994891803960898,-0.0002521889691706747,-2.4639428374939598e-05,-0.0005982989678159356
-8.4491,-6.3386,0.0682,,,,,,,,0.0017496567264176758,-0.0006180109921842813,-1.7674974515102804e-05,-0.0006189302657730877
-8.4491,6.3386,0.0682,0.425451397895813,0.0131282517686486,0.2643127143383026,0.0033993548713624,29.50043487548828,0.1141823977231979,0.0001148263327195,0.0017496567264176758,-0.0006180109921842813,-1.7674974515102804e-05,-0.0006189302657730877
-8.4445,5.2405,0.065,0.273114949464798,0.0172017347067594,0.289079487323761,0.0027754551265388,36.22382354736328,0.1496877521276474,7.729331991868094e-05,0.0015403221497918597,-0.00043257727520540357,-2.8245125577086583e-05,-0.0006365745794028044
-8.4445,-5.2405,0.065,,,,,,,,0.0015403221497918597,-0.00043257727520540357,-2.8245125577086583e-05,-0.0006365745794028044
-8.3055,-0.7944,0.07639,,,,,,,,0.0005886641183788294,0.00025148779968731105,6.653967284364626e-05,-0.00013768703502137214
-8.2834,10.816,0.0766,0.665991485118866,0.0010827628429979,0.1011327430605888,0.0035489075817167,24.03235244750977,0.024447800591588,0.0001484497915953,0.0023903636874047173,-0.0011737903114408255,-7.36545224810925e-09,-0.00022511318093165755
-8.2834,-10.816,0.0766,,,,,,,,0.0023903636874047173,-0.0011737903114408255,-7.36545224810925e-09,-0.00022511318093165755
-8.2368,1.2243,0.08181,,,,,,,,0.0006025282065451895,0.00021685095271095634,5.733479338232428e-05,-0.00020111798949074
-8.2287,9.5243,0.0735,0.6381575465202332,0.0017505312571302,0.1374225914478302,0.003457820508629,25.092283248901367,0.0354773811995983,0.000138772506034,0.002314689100933763,-0.001117205829359591,-1.9613583646105326e-08,-0.0003021548327524215
-8.2191,10.988,0.0773,0.6696984767913818,0.0010364298941567,0.0979238301515579,0.0035555628128349,23.79858016967773,0.0227753054350614,0.0001500498037785,0.0023903636874047173,-0.0011737903114408255,-7.36545224810925e-09,-0.00022511318093165755
-8.2173,2.01,0.05107,,,,,,,,0.0006921803674731806,0.00012817014066968113,3.518949233694002e-05,-0.00031955051235854626
-8.2165,10.6186,0.0764,0.6636314988136292,0.0011689324164763,0.1064788699150085,0.0035325388889759,24.087549209594727,0.0251784324645996,0.0001474593300372,0.0023903636874047173,-0.0011737903114408255,-7.36545224810925e-09,-0.00022511318093165755
-8.1985,-6.043,0.0685,,,,,,,,0.0018368850673177145,-0.0006303392583504319,-2.7951260562986135e-05,-0.0006674038013443351
-8.1985,6.043,0.0685,0.3589731752872467,0.0196096096187829,0.2975886166095733,0.0029299240559339,36.97212600708008,0.1183086633682251,7.980316877365112e-05,0.0018368850673177145,-0.0006303392583504319,-2.7951260562986135e-05,-0.0006674038013443351
-8.186,0.8073,0.10481,,,,,,,,0.0005886641183788294,0.00025148779968731105,6.653967284364626e-05,-0.00013768703502137214
-8.1755,1.6506,0.07871,,,,,,,,0.0007831059626853173,0.00021954611293040216,6.797030073357746e-05,-0.00031700675026513636
-8.1742,5.7958,0.0678,0.3153242468833923,0.0200836081057786,0.3053166568279266,0.0025523586664348,44.53518295288086,0.125636950135231,5.789426722913049e-05,0.0017693046999560295,-0.0005669656675308943,-3.2796862797113135e-05,-0.000678294978570193
-8.1225,-3.5567,0.00451,,,,,,,,0.0012579473589280897,-0.0001742049935273826,-1.70791863638442e-05,-0.0006041264859959483
-8.0952,1.6556,0.09702,,,,,,,,0.0007831059626853173,0.00021954611293040216,6.797030073357746e-05,-0.00031700675026513636
-8.0509,1.6389,0.1097,,,,,,,,0.0007831059626853173,0.00021954611293040216,6.797030073357746e-05,-0.00031700675026513636
-8.0474,2.1623,0.07878,,,,,,,,0.00089682496189447,9.664873505244032e-05,3.5726810892811045e-05,-0.0004364130727481097
-8.0266,0.3566,0.16596,,,,,,,,0.000750312629362869,0.00034808830241672695,0.00010547273268457502,-9.193637379212305e-05
-8.0162,-11.6474,0.0538,,,,,,,,0.002432058043404916,-0.0012007828336209059,-4.887200866221519e-09,-0.00019195616187062114
-8.0043,-0.9846,0.15536,,,,,,,,0.0007407698477203475,0.0003160752239637077,9.590189438313246e-05,-0.0001675836247159168
-7.9966,2.1222,0.09287,,,,,,,,0.00089682496189447,9.664873505244032e-05,3.5726810892811045e-05,-0.0004364130727481097
-7.9948,-11.363,0.0531,,,,,,,,0.002432058043404916,-0.0012007828336209059,-4.887200866221519e-09,-0.00019195616187062114
-7.9873,-10.6879,0.0515,,,,,,,,0.002404700983986145,-0.0011804525274783373,-7.159962844838219e-09,-0.00022842621547169983
-7.9597,-10.2539,0.0506,,,,,,,,0.002374370773932081,-0.0011562510626390576,-9.511986753807378e-09,-0.00026924454141408205
-7.9205,5.7272,0.068,,,,,,,,0.0019149848120802828,-0.0006180802010931075,-5.06776304973755e-05,-0.00072952063055709
-7.8437,-5.8618,0.0456,,,,,,,,0.0019748044557960868,-0.0006812073406763375,-4.502558658714406e-05,-0.0007133669569157064
-7.7872,-3.6483,0.02832,,,,,,,,0.0014155231699597818,-0.00020224756735842675,-2.496436718502082e-05,-0.0006777899106964469
-7.7751,7.1798,0.0715,0.4992923140525818,0.0155545193701982,0.2794688940048218,0.0032581319101154,29.720552444458008,0.071253202855587,0.0001102338792406,0.0022112616757614828,-0.0008981795981526375,-2.262610723846592e-05,-0.0006443454185500741
-7.7751,-7.1798,0.0715,,,,,,,,0.0022112616757614828,-0.0008981795981526375,-2.262610723846592e-05,-0.0006443454185500741
-7.7631,3.4246,0.04638,,,,,,,,0.0013148408525989746,-0.00012644650996662676,-1.0138533070858102e-05,-0.0006450659711845219
-7.7625,0.684,0.25735,,,,,,,,0.0007930212586664088,0.0003532357804942876,0.00013928033877164125,-0.00011421974340919405
-7.7441,-5.8965,0.0458,,,,,,,,0.0021249024975847413,-0.0007479061023332179,-4.8781839723233134e-05,-0.0007530334987677634
-7.7311,1.9127,0.18881,,,,,,,,0.000970953245369676,0.00015747973520774394,6.912923709023744e-05,-0.0004539921064861119
-7.6746,-2.7793,0.1282,,,,,,,,0.0011368890688467131,2.0868325009359978e-05,2.650485657795798e-05,-0.0005674426793120801
-7.6629,-3.0832,0.09749,,,,,,,,0.0014064392480290016,-8.520344272255898e-05,8.152156624419149e-06,-0.0006979912286624312
-7.6463,-5.6597,0.0455,,,,,,,,0.0020749473243736913,-0.000685113831423223,-5.5462838645325974e-05,-0.000777106499299407
-7.6323,2.8173,0.13623,,,,,,,,0.0014064392480290016,-8.520344272255898e-05,8.152156624419149e-06,-0.0006979912286624312
-7.6279,5.8876,0.0691,,,,,,,,0.0021249024975847413,-0.0007479061023332179,-4.8781839723233134e-05,-0.0007530334987677634
-7.6279,-5.8876,0.0691,,,,,,,,0.0021249024975847413,-0.0007479061023332179,-4.8781839723233134e-05,-0.0007530334987677634
-7.5929,13.2523,0.0894,0.7041789293289185,0.0006339808460325,0.0626435130834579,0.003642079886049,20.685285568237305,0.0103116398677229,0.0001770165836205,0.0024913766592402427,-0.0012397910468280315,-1.7897581194858958e-09,-0.00012106847134418786
-7.5914,3.6833,0.0554,,,,,,,,0.0015944987528807386,-0.0002430481545161456,-2.7214377041673288e-05,-0.000758810609113425
-7.5817,-3.5706,0.06787,,,,,,,,0.0015944987528807386,-0.0002430481545161456,-2.7214377041673288e-05,-0.000758810609113425
-7.5192,3.7208,0.0663,,,,,,,,0.0015944987528807386,-0.0002430481545161456,-2.7214377041673288e-05,-0.000758810609113425
-7.5151,-2.3921,0.22081,,,,,,,,0.0012068245990747078,6.108613160904497e-05,4.730349610326812e-05,-0.0005984457093290985
-7.5085,2.439,0.21806,,,,,,,,0.0012068245990747078,6.108613160904497e-05,4.730349610326812e-05,-0.0005984457093290985
-7.5081,13.7103,0.092,0.7089129686355591,0.0005784805980511,0.0569504015147686,0.0036569440271705,20.141674041748047,0.0091019552201032,0.0001827520318329,0.0024913766592402427,-0.0012397910468280315,-1.7897581194858958e-09,-0.00012106847134418786
-7.4694,14.8545,0.0981,0.7180646061897278,0.000461575546069,0.044707003980875,0.0036901230923831,18.85604858398437,0.0077226492576301,0.0001963568647624,0.0025019373352578463,-0.0012478586286306381,-1.003204852523254e-09,-8.815582987153903e-05
-7.4492,-8.5778,0.0486,,,,,,,,0.0023061768127464657,-0.0010565503034740686,-9.969471648219042e-06,-0.00046175203169696033
-7.4492,8.5778,0.0486,0.5917485356330872,0.0074748848564922,0.2049891203641891,0.0032290390226989,30.956512451171875,0.0360449813306331,0.0001049793354468,0.0023061768127464657,-0.0010565503034740686,-9.969471648219042e-06,-0.00046175203169696033
-7.4426,-3.9881,0.0554,,,,,,,,0.001689532159369141,-0.00032311922404915094,-4.0559840272180736e-05,-0.0007794732809998095
-7.3733,-3.7503,0.0938,,,,,,,,0.0018255562187856585,-0.0003182738146279007,-4.669577901950106e-05,-0.0008542161085642874
-7.3711,2.4865,0.26627,,,,,,,,0.0015000072028270742,-0.00010759296856122091,-3.396881083972403e-06,-0.0007422382477670908
-7.364,3.7006,0.10099,,,,,,,,0.0018255562187856585,-0.0003182738146279007,-4.669577901950106e-05,-0.0008542161085642874
-7.3156,-4.5479,0.02698,,,,,,,,0.0020897911493816157,-0.0005540341371670365,-7.561714301118627e-05,-0.0008826862322166562
-7.3115,-4.3774,0.04185,,,,,,,,0.0020069916196217823,-0.0004761786258313805,-6.945820496184751e-05,-0.0008805869147181511
-7.3049,-4.5371,0.02955,,,,,,,,0.0020897911493816157,-0.0005540341371670365,-7.561714301118627e-05,-0.0008826862322166562
-7.2995,2.7718,0.25536,,,,,,,,0.0015000072028270742,-0.00010759296856122091,-3.396881083972403e-06,-0.0007422382477670908
-7.2826,-4.909,0.00879,,,,,,,,0.0021640090327843583,-0.000628673646133393,-7.775323319947347e-05,-0.0008771873544901609
-7.2743,-3.6143,0.136,,,,,,,,0.0018255562187856585,-0.0003182738146279007,-4.669577901950106e-05,-0.0008542161085642874
-7.2736,2.604,0.29167,,,,,,,,0.0015000072028270742,-0.00010759296856122091,-3.396881083972403e-06,-0.0007422382477670908
-7.2437,-5.6506,0.079,,,,,,,,0.002414771816883709,-0.0008164228056557477,-6.749879685230553e-05,-0.0008869489538483322
-7.2397,10.4289,0.0799,0.675159215927124,0.001535924617201,0.1238782405853271,0.0034445191267877,23.01923942565918,0.0159413628280162,0.0001504951942479,0.0024315441885985317,-0.0011831221636384726,-7.438496485434598e-09,-0.0002798637724481523
-7.2358,-2.8224,0.27156,,,,,,,,0.0016178616739280503,-0.00017273315461352468,-1.6414580386481248e-05,-0.000790103105828166
-7.2293,-3.1287,0.22352,,,,,,,,0.0016178616739280503,-0.00017273315461352468,-1.6414580386481248e-05,-0.000790103105828166
-7.2229,-4.846,0.01516,,,,,,,,0.0023277077941368262,-0.0006835518288426101,-7.476450991816819e-05,-0.0009390010964125395
-7.2152,11.6079,0.0843,0.6927767395973206,0.0010247187456116,0.0924340561032295,0.0035388204269111,21.870820999145508,0.0111753223463892,0.0001628429163247,0.002471620042645565,-0.0012202323414385319,-4.0419148028547625e-09,-0.0001956002088263631
-7.2137,11.9647,0.0857,0.6970521807670593,0.0009091018000617,0.0846108719706535,0.0035630231723189,21.506607055664062,0.0101397950202226,0.0001665642339503,0.0024870461901302654,-0.0012333585182204843,-2.8555122710827163e-09,-0.00015867089678067714
-7.2126,-3.1218,0.22998,,,,,,,,0.0016178616739280503,-0.00017273315461352468,-1.6414580386481248e-05,-0.000790103105828166
-7.1962,-3.6168,0.1588,,,,,,,,0.0018255562187856585,-0.0003182738146279007,-4.669577901950106e-05,-0.0008542161085642874
-7.1785,-8.3393,0.0488,,,,,,,,0.0023479749577319116,-0.00107922765891999,-8.70962867338676e-06,-0.0004619939427357167
-7.1785,8.3393,0.0488,0.5851242542266846,0.0074451919645071,0.2312345057725906,0.0031091491691768,31.439620971679688,0.0310724917799234,9.95482478174381e-05,0.0023479749577319116,-0.00107922765891999,-8.70962867338676e-06,-0.0004619939427357167
-7.1729,10.8189,0.0815,0.6825968623161316,0.0013456819579005,0.1128501743078231,0.0034742169082164,22.59429359436035,0.0134536549448966,0.0001547881256556,0.002469291918836583,-0.0012120051542297006,-5.534191327427607e-09,-0.0002353596210014075
-7.1695,2.8591,0.29169,,,,,,,,0.0017932927740080022,-0.00024290937290061265,-3.096964428550564e-05,-0.0008625605260021985
-7.1668,-2.8175,0.30076,,,,,,,,0.0017932927740080022,-0.00024290937290061265,-3.096964428550564e-05,-0.0008625605260021985
-7.137,3.0466,0.27205,,,,,,,,0.0017932927740080022,-0.00024290937290061265,-3.096964428550564e-05,-0.0008625605260021985
-7.1244,4.5615,0.05121,,,,,,,,0.0022642049768374674,-0.0006087154033593833,-7.347384962486103e-05,-0.0009516949066892266
-7.1018,5.3881,0.0029,,,,,,,,0.0023764887989784593,-0.0007535446784459054,-7.264056330313906e-05,-0.0009158703614957631
-7.077,4.5749,0.05843,,,,,,,,0.0022642049768374674,-0.0006087154033593833,-7.347384962486103e-05,-0.0009516949066892266
-7.0511,3.2718,0.26564,,,,,,,,0.001912784963994451,-0.00030527394847013056,-4.111935049877502e-05,-0.0009054300608113408
-6.982,3.1298,0.32088,,,,,,,,0.0017932927740080022,-0.00024290937290061265,-3.096964428550564e-05,-0.0008625605260021985
-6.9566,3.9719,0.17683,,,,,,,,0.0021101362146182124,-0.0004529897414613515,-6.05350942350924e-05,-0.0009509492665529251
-6.9534,-8.0045,0.0488,,,,,,,,0.002441554619734174,-0.0010990765877068043,-1.0547915735514835e-05,-0.0005312406574375927
-6.9534,8.0045,0.0488,0.5536820292472839,0.0064907558262348,0.2643207907676697,0.0028167960699647,42.48139953613281,0.026021821424365,6.700112135149539e-05,0.002441554619734174,-0.0010990765877068043,-1.0547915735514835e-05,-0.0005312406574375927
-6.9471,-3.2198,0.31797,,,,,,,,0.001912784963994451,-0.00030527394847013056,-4.111935049877502e-05,-0.0009054300608113408
-6.9132,2.9378,0.39046,,,,,,,,0.0020457963701509714,-0.0003822514845523983,-8.859803347149864e-05,-0.0009446453768759966
-6.8861,-5.756,0.00105,,,,,,,,0.0026436006449378196,-0.000907301960978657,-8.254604472313076e-05,-0.0009576770826242864
-6.885,2.4673,0.5055,,,,,,,,0.0018839504437771091,-0.0003301922115497291,-9.234449680661783e-05,-0.0008773613371886313
-6.879,2.0231,0.58488,,,,,,,,0.0014864472076814874,-0.0002468676248099655,-9.674002649262547e-05,-0.0006943191401660442
-6.8743,3.3983,0.31287,,,,,,,,0.0021830834397721277,-0.00043579816701821983,-8.965820597950369e-05,-0.0009967470541596413
-6.7699,-3.6157,0.31195,,,,,,,,0.002305651692140981,-0.0004995852359570563,-9.089377272175625e-05,-0.0010349687654525042
-6.7658,-4.1369,0.20477,,,,,,,,0.0024749166666269175,-0.0006381923449225724,-9.610840788809583e-05,-0.0010558299254626036
-6.7498,-5.4708,0.01774,,,,,,,,0.0027764296514938055,-0.0009624769445508718,-6.719819793943316e-05,-0.0009981297189369798
-6.7437,-7.73,0.049,,,,,,,,0.00254287176194018,-0.0011242510518059134,-8.12826237961417e-06,-0.0005937530659139156
-6.7437,7.73,0.049,0.4554700553417206,0.0038133757188916,0.2541772425174713,0.0027186255902051,195.3399353027344,0.0194058660417795,1.4241121789382303e-05,0.00254287176194018,-0.0011242510518059134,-8.12826237961417e-06,-0.0005937530659139156
-6.6543,5.6176,0.01581,,,,,,,,0.0027764296514938055,-0.0009624769445508718,-6.719819793943316e-05,-0.0009981297189369798
-6.6285,-11.7576,0.057,,,,,,,,0.002514616078743542,-0.0012421542778611183,-3.0134601480824585e-09,-0.00019461823103483766
-6.5977,-11.5033,0.0564,,,,,,,,0.002514616078743542,-0.0012421542778611183,-3.0134601480824585e-09,-0.00019461823103483766
-6.5731,2.4931,0.68009,,,,,,,,0.002040996348375699,-0.0004341070889495313,-0.0001273073721677065,-0.0009147460805252194
-6.5588,3.2443,0.4969,,,,,,,,0.0023643026429025467,-0.0005343725788407028,-0.00010875734005821869,-0.0010488562984392047
-6.5419,3.9831,0.32069,,,,,,,,0.0025896697309757202,-0.0006512996624223888,-9.554535790812224e-05,-0.0011150233913213015
-6.5287,4.2724,0.2542,,,,,,,,0.002663848563806388,-0.0007151425816118717,-9.142272756434977e-05,-0.0011199264554306865
-6.5207,3.6351,0.41832,,,,,,,,0.0024952013309692666,-0.0005914033390581608,-0.00010091891454067081,-0.0010938760824501514
-6.5138,-7.4124,0.0492,,,,,,,,0.002691005155334862,-0.001162004075013101,-1.786636494216509e-05,-0.0006780888652428985
-6.5138,7.4124,0.0492,,,,,,,,0.002691005155334862,-0.001162004075013101,-1.786636494216509e-05,-0.0006780888652428985
-6.511,-10.8027,0.0548,,,,,,,,0.0025224459525980862,-0.001239498844370246,-3.908894985471534e-09,-0.00023307940864469856
-6.4759,-5.0405,0.11185,,,,,,,,0.0030095217026892087,-0.0009381752461194992,-0.00010053206642623991,-0.0011721884366124868
-6.4686,-5.0319,0.11489,,,,,,,,0.0030095217026892087,-0.0009381752461194992,-0.00010053206642623991,-0.0011721884366124868
-6.4676,0.8862,1.0433,,,,,,,,0.0011480472089864776,-0.00034315831726416945,-0.0002575326943770051,-0.0003813428629655391
-6.4528,0.8735,1.05597,,,,,,,,0.0011480472089864776,-0.00034315831726416945,-0.0002575326943770051,-0.0003813428629655391
-6.4494,5.5382,0.0451,,,,,,,,0.002996647150106319,-0.0010433129500597715,-7.792302494635805e-05,-0.0010725668398663402
-6.4234,4.0685,0.3456,,,,,,,,0.002878325250021133,-0.000767058169003576,-0.00013632213813252747,-0.0012100525200366974
-6.3841,4.7953,0.18205,,,,,,,,0.0030095217026892087,-0.0009381752461194992,-0.00010053206642623991,-0.0011721884366124868
-6.3829,-5.4813,0.06335,,,,,,,,0.002996647150106319,-0.0010433129500597715,-7.792302494635805e-05,-0.0010725668398663402
-6.3802,-7.49,0.0497,,,,,,,,0.0028039658690606423,-0.0012255888432264328,-8.438889381068293e-06,-0.0006807473255321383
-6.3777,-5.4707,0.06567,,,,,,,,0.002996647150106319,-0.0010433129500597715,-7.792302494635805e-05,-0.0010725668398663402
-6.3383,-2.0095,0.9488,,,,,,,,0.0018640187030571262,-0.0004659529367927462,-0.00022989956778474152,-0.0007737412233836949
-6.3046,1.8426,1.00955,,,,,,,,0.0018640187030571262,-0.0004659529367927462,-0.00022989956778474152,-0.0007737412233836949
-6.282,5.6635,0.05243,,,,,,,,0.0032274873204030056,-0.00115738355088979,-6.710035086143762e-05,-0.001122554880566895
-6.2763,2.7796,0.78838,,,,,,,,0.0022905797284549154,-0.0005581399309448898,-0.00020332331769168377,-0.0009791977936401963
-6.272,8.7314,0.0791,0.6583226919174194,0.0057040406391024,0.2259611338376999,0.0031106553506106,22.203134536743164,0.0022176522761583,0.0001408573443768,0.0025636630645452896,-0.0012100398307666183,-7.826442015357316e-06,-0.0004228882025927305
-6.2503,7.2665,0.0768,,,,,,,,0.002852585151190921,-0.001248854328878224,-2.4870314518921077e-06,-0.0006889609503559768
-6.2503,-7.2665,0.0768,,,,,,,,0.002852585151190921,-0.001248854328878224,-2.4870314518921077e-06,-0.0006889609503559768
-6.2439,8.4086,0.0797,0.6426542401313782,0.0038165678270161,0.2522640824317932,0.0030204616487026,24.02448272705078,0.0004225937882438,0.0001264840975636,0.002595765243645337,-0.0012124825734645128,-2.3274989757737785e-07,-0.0004630175535567105
-6.2385,-1.6574,1.09859,,,,,,,,0.0018933146352554673,-0.000560920569114387,-0.00032729943632148206,-0.0006887693889439106
-6.2339,-5.8971,0.03103,,,,,,,,0.003165246350845991,-0.0011921501718461514,-4.952498056809418e-05,-0.0010397217702120543
-6.2284,2.7402,0.83127,,,,,,,,0.0025555519377966924,-0.0007200168911367655,-0.0002697463205549866,-0.00102055084425956
-6.2267,2.9961,0.75556,,,,,,,,0.0027466293144938355,-0.0007781439926475286,-0.00024275439500343055,-0.0011052399640902877
-6.203,4.2515,0.38512,,,,,,,,0.0032288617049494057,-0.0009777168743312359,-0.00014040604582987726,-0.001277005416341126
-6.1927,3.5087,0.62459,,,,,,,,0.003059884985128669,-0.0008823680109344423,-0.00019161085947416723,-0.001235085423104465
-6.1756,-4.7769,0.2531,,,,,,,,0.0032773052405466216,-0.001073380815796554,-9.943074110196903e-05,-0.0012341594556346536
-6.1723,-3.6663,0.58506,,,,,,,,0.003059884985128669,-0.0008823680109344423,-0.00019161085947416723,-0.001235085423104465
-6.1709,-13.9825,0.0645,,,,,,,,0.002543527579302494,-0.0012665340909734368,-8.314195443226424e-10,-0.00011521515989443287
-6.164,1.1652,1.25684,,,,,,,,0.0016577443617090924,-0.0005149159114807844,-0.00034046146902255714,-0.0005531515926122665
-6.1604,1.1678,1.25934,,,,,,,,0.0016577443617090924,-0.0005149159114807844,-0.00034046146902255714,-0.0005531515926122665
-6.1419,-14.5781,0.0666,,,,,,,,0.0025400781993451128,-0.0012673530727624893,-3.8416680947506165e-10,-8.255606371676549e-05
-6.1366,4.9444,0.22505,,,,,,,,0.0032773052405466216,-0.001073380815796554,-9.943074110196903e-05,-0.0012341594556346536
-6.1287,-7.695,0.0775,,,,,,,,0.0027662191454429306,-0.0012399161932989955,2.621016392367892e-06,-0.0006128564709797502
-6.1248,-7.3434,0.0779,,,,,,,,0.002852585151190921,-0.001248854328878224,-2.4870314518921077e-06,-0.0006889609503559768
-6.1124,-13.6375,0.0634,,,,,,,,0.002543527579302494,-0.0012665340909734368,-8.314195443226424e-10,-0.00011521515989443287
-6.1065,9.5408,0.0814,0.6801096796989441,0.0027443182189017,0.1750805377960205,0.0031995275057852,22.568883895874023,-0.0003534017596393,0.0001426559465471,0.0025209865186688273,-0.0012201756471768022,-8.203129731043646e-09,-0.000316250923788175
-6.0981,3.0565,0.81972,,,,,,,,0.0027466293144938355,-0.0007781439926475286,-0.00024275439500343055,-0.0011052399640902877
-6.0934,-8.4769,0.0767,,,,,,,,0.002595765243645337,-0.0012124825734645128,-2.3274989757737785e-07,-0.0004630175535567105
-6.0901,-1.565,1.23739,,,,,,,,0.0018933146352554673,-0.000560920569114387,-0.00032729943632148206,-0.0006887693889439106
-6.089,-5.9425,0.0424,,,,,,,,0.0032834516019467873,-0.0012341538676992059,-3.778325844905339e-05,-0.001081989030353725
-6.0809,-5.9229,0.04572,,,,,,,,0.0032834516019467873,-0.0012341538676992059,-3.778325844905339e-05,-0.001081989030353725
-6.0677,-4.1154,0.48838,,,,,,,,0.0032288617049494057,-0.0009777168743312359,-0.00014040604582987726,-0.001277005416341126
-6.0548,3.4366,0.72666,,,,,,,,0.0029080216798464268,-0.0008283336064778268,-0.00021934317192062736,-0.0011746912496164441
-6.0515,-1.993,1.17192,,,,,,,,0.0022859968176933737,-0.0006772552151232958,-0.00035811372799798846,-0.0008482483681291342
-6.049,6.0151,0.03878,,,,,,,,0.0032834516019467873,-0.0012341538676992059,-3.778325844905339e-05,-0.001081989030353725
-6.0477,-2.4238,1.05424,,,,,,,,0.0023336175707800383,-0.000664647901430726,-0.0002899699320551008,-0.000914113421458751
-6.0265,5.7518,0.07949,,,,,,,,0.0032834516019467873,-0.0012341538676992059,-3.778325844905339e-05,-0.001081989030353725
-5.9984,5.0856,0.23342,,,,,,,,0.0034193488660189996,-0.0011748226825147867,-7.479121995856985e-05,-0.001239832490682602
-5.9933,4.9871,0.261,,,,,,,,0.0034518692592062513,-0.0011376440525054932,-9.623943333281204e-05,-0.001294354791752994
-5.993,9.3268,0.0812,0.6785916686058044,0.0033000439871102,0.1888845115900039,0.0031451401300728,22.47233772277832,-0.0032695203553885,0.0001408047683071,0.002551701799906453,-0.0012221952201798558,1.637048185898493e-08,-0.00036610703682526946
-5.9909,11.9072,0.1007,0.7236230373382568,0.0011715884320437,0.0893699079751968,0.0034897488076239,18.26508522033692,-0.0011254036799073,0.0001920973300002,0.002557409323243261,-0.0012697565834969282,-1.3591762160203302e-09,-0.0001510093716206029
-5.9811,12.5421,0.1018,0.7264306545257568,0.0009575742878951,0.07654719799757,0.0035369568504393,18.10744285583496,-0.000908309710212,0.0001964942348422,0.002557409323243261,-0.0012697565834969282,-1.3591762160203302e-09,-0.0001510093716206029
-5.981,3.4991,0.7499,,,,,,,,0.0032388231766135108,-0.000962361169513315,-0.00021736403868999332,-0.0012841759016737342
-5.9806,12.2887,0.1013,0.7253028154373169,0.0010430923430249,0.0816667824983596,0.003518046112731,18.18121719360352,-0.0010384052293375,0.0001946084958035,0.002557409323243261,-0.0012697565834969282,-1.3591762160203302e-09,-0.0001510093716206029
-5.9783,11.1707,0.0995,0.7191742658615112,0.0015618882607668,0.108551912009716,0.0034201077651232,18.45454216003418,-0.0015258369967341,0.0001861744531197,0.0025590600605656386,-0.001265563303604722,-1.919954195628293e-09,-0.00018853812071029097
-5.9652,-4.5012,0.4099,,,,,,,,0.0034514870868020257,-0.001097175874747336,-0.00012184119987068698,-0.0013264805311337113
-5.9264,-4.8495,0.32269,,,,,,,,0.0034518692592062513,-0.0011376440525054932,-9.623943333281204e-05,-0.001294354791752994
-5.923,3.8263,0.66161,,,,,,,,0.0033436422909453966,-0.0010103224776685238,-0.00018370349425822496,-0.0013192753540351987
-5.9225,-4.8335,0.32883,,,,,,,,0.0034518692592062513,-0.0011376440525054932,-9.623943333281204e-05,-0.001294354791752994
-5.9171,-2.3589,1.17303,,,,,,,,0.0024974931053182233,-0.0007309516659006476,-0.0003369232581462711,-0.0009547566878609359
-5.9124,-2.3603,1.17612,,,,,,,,0.0024974931053182233,-0.0007309516659006476,-0.0003369232581462711,-0.0009547566878609359
-5.9112,-3.1414,0.91533,,,,,,,,0.003082247733095261,-0.0009063173201866448,-0.00025166370323859155,-0.0012207854306325316
-5.9085,-2.7205,1.05882,,,,,,,,0.0027220602048794824,-0.0007903794758021832,-0.00031230569584295154,-0.001063093775883317
-5.898,0.6951,1.54716,,,,,,,,0.0014033747388736127,-0.0004930120776407421,-0.00041917755152098835,-0.0002712829445954412
-5.8917,0.1059,1.59515,,,,,,,,0.0012832786673588367,-0.00047424703370779753,-0.00042185388156212866,-9.396854875376448e-05
-5.8824,1.4511,1.43783,,,,,,,,0.0018111989388794596,-0.0005676100263372064,-0.00039820367237553,-0.0005825487896800041
-5.8811,8.9583,0.0811,0.6749623417854309,0.0041786599904298,0.2147151827812194,0.0030611825641244,22.1202392578125,-0.0075368275865912,0.0001391894911648,0.0026027870982756134,-0.0012335890205577016,-5.4874926718184724e-06,-0.0004145517887081951
-5.8811,-8.9583,0.0811,,,,,,,,0.0026027870982756134,-0.0012335890205577016,-5.4874926718184724e-06,-0.0004145517887081951
-5.8782,0.6924,1.56568,,,,,,,,0.0014033747388736127,-0.0004930120776407421,-0.00041917755152098835,-0.0002712829445954412
-5.8735,1.245,1.49019,,,,,,,,0.0018111989388794596,-0.0005676100263372064,-0.00039820367237553,-0.0005825487896800041
-5.8674,-5.7469,0.1081,,,,,,,,0.0035062671231221956,-0.0013459431938827038,-2.915801633207593e-05,-0.0011229710653424263
-5.8624,2.9581,1.01163,,,,,,,,0.0029184161328014574,-0.0008534965454600751,-0.000280282023595646,-0.0011499016545712948
-5.8582,1.8089,1.37478,,,,,,,,0.0022859968176933737,-0.0006772552151232958,-0.00035811372799798846,-0.0008482483681291342
-5.8523,9.4507,0.0826,0.6853756308555603,0.0028899428434669,0.1819842606782913,0.0031478099990636,22.16627693176269,-0.0058629494160413,0.0001429199037374,0.002545698684784999,-0.0012339729582890868,-5.461296748165978e-09,-0.0003121797344647348
-5.8476,-4.5682,0.4407,,,,,,,,0.0034514870868020257,-0.001097175874747336,-0.00012184119987068698,-0.0013264805311337113
-5.7979,8.6127,0.0819,0.6698669791221619,0.0022765577305108,0.2413123995065689,0.0029873100575059,22.20619201660156,-0.0122055616229772,0.0001349915401078,0.002634614257162783,-0.0012536788126453757,-2.892528300435515e-06,-0.0004044491797685623
-5.7979,-8.6127,0.0819,,,,,,,,0.002634614257162783,-0.0012536788126453757,-2.892528300435515e-06,-0.0004044491797685623
-5.7914,6.4334,0.02098,,,,,,,,0.0032619220292449146,-0.0013438556343317032,-3.790073151321849e-06,-0.0009241598891094327
-5.7846,-9.6495,0.0542,,,,,,,,0.0025703255065993255,-0.0012479104334488511,-3.0253703986460323e-09,-0.000307185371639207
-5.7825,5.2373,0.25564,,,,,,,,0.0036960969565227523,-0.0013163473922759295,-7.675424421904609e-05,-0.0012948442017659545
-5.7623,-6.2908,0.03925,,,,,,,,0.003379682566409097,-0.0013461355119943619,-1.989502925425768e-05,-0.0010213162750005722
-5.7601,-9.156,0.0534,,,,,,,,0.002581365823868306,-0.001239851349964738,1.2783384129022579e-08,-0.00035865165409632027
-5.7581,1.6719,1.49419,,,,,,,,0.002373109165179898,-0.000762948184274137,-0.00048078843974508345,-0.0007711448124609888
-5.7543,9.1814,0.0825,0.6835522651672363,0.0035240831784904,0.2003600746393203,0.0030836444348096,21.897262573242188,-0.0094526670873165,0.0001417060411768,0.002581365823868306,-0.001239851349964738,1.2783384129022579e-08,-0.00035865165409632027
-5.7226,0.4046,1.7347,,,,,,,,0.0017393045834152038,-0.0006211465806700289,-0.0005325774545781314,-0.0002946748863905668
-5.6767,5.9744,0.10154,,,,,,,,0.00361743928875756,-0.0013985437108203769,-7.179013209679397e-06,-0.001146948430687189
-5.6601,0.8249,1.7552,,,,,,,,0.0020594997451653637,-0.0007093481253832579,-0.0005673523410223424,-0.0004850993282161653
-5.6566,13.2298,0.0956,0.7244368195533752,0.0007284519379027,0.0650749430060386,0.0035813075955957,19.34068298339844,-0.0028954157605767,0.0001862031786004,0.0025612954475790002,-0.0012758222874253988,-5.01229169280748e-10,-0.00011106792226200923
-5.6561,6.3055,0.04971,,,,,,,,0.0034720676937444444,-0.0013903974322602153,2.930517268850963e-07,-0.0010395231656730175
-5.6469,10.1579,0.0866,0.7035518884658813,0.0021765406709164,0.1465523689985275,0.0032517137005925,21.192777633666992,-0.0077383308671414,0.000154096953338,0.0025756620169942357,-0.0012594863073900342,-1.963359252954433e-09,-0.00026870606234297156
-5.6469,5.374,0.25686,,,,,,,,0.0038399544802539733,-0.001387199037708342,-5.9116529882885516e-05,-0.001326083205640316
-5.6442,8.2382,0.0823,0.6369284391403198,-0.005733189638704,0.2729422450065613,0.0027885776944458,34.8121223449707,-0.0212352480739355,8.0692938354332e-05,0.0027732527113871032,-0.001286424114368856,1.3365045560931321e-05,-0.0005173654644750059
-5.6382,8.8357,0.0831,0.680851399898529,0.0025810003280639,0.2257057577371597,0.0030043700244277,21.771648406982425,-0.0148915043100714,0.0001388164528179,0.002634614257162783,-0.0012536788126453757,-2.892528300435515e-06,-0.0004044491797685623
-5.6224,2.1085,1.49343,,,,,,,,0.002764277135396978,-0.0008963589207269251,-0.00048621438327245414,-0.0009329754975624382
-5.609,14.4119,0.0988,0.7282787561416626,0.000526193762198,0.0490973070263862,0.003644177224487,18.73882102966309,-0.001900992821902,0.0001952625752892,0.0025592849984968657,-0.0012772997142747045,-7.071714047679478e-11,-7.739745342405513e-05
-5.6069,14.0456,0.098,0.7275843620300293,0.0005743167130276,0.0531824082136154,0.0036276329774409,18.85985374450684,-0.0022956735920161,0.0001929758291225,0.0025700986414140294,-0.001280454220250249,-3.398971104573434e-10,-0.00010857599409064278
-5.6006,13.6411,0.0969,0.7263507843017578,0.000652493268717,0.0590440928936004,0.0036039215046912,19.07915496826172,-0.0028168011922389,0.0001897355687106,0.0025700986414140294,-0.001280454220250249,-3.398971104573434e-10,-0.00010857599409064278
-5.5917,15.0826,0.1008,0.7300592064857483,0.0004512472078204,0.0422215610742569,0.0036704330705106,18.420726776123047,-0.0013123657554388,0.000200360052986,0.0025592849984968657,-0.0012772997142747045,-7.071714047679478e-11,-7.739745342405513e-05
-5.5855,-6.6993,0.01411,,,,,,,,0.0033369098976498705,-0.0013808259973302484,1.4716531040903646e-05,-0.0009363999706692994
-5.5667,-9.3583,0.0543,,,,,,,,0.0026114981612262596,-0.0012577194720506668,8.922976135750105e-09,-0.00035088800359517336
-5.5467,-6.1791,0.08705,,,,,,,,0.0034720676937444444,-0.0013903974322602153,2.930517268850963e-07,-0.0010395231656730175
-5.5357,12.0473,0.0933,0.7219511866569519,0.0010423944331705,0.0863421037793159,0.0034883473999798,19.770652770996094,-0.0054935296066105,0.0001776009594323,0.002581183827273907,-0.0012824016157537699,-8.489837721725735e-10,-0.0001451674324925989
-5.5285,11.3825,0.0915,0.7184183597564697,0.0013367236824706,0.1031794995069503,0.0034176229964941,20.12457847595215,-0.0067299855872988,0.0001709178468445,0.0025884735685903766,-0.0012814328074455261,-1.224314427616946e-09,-0.00018160069885198027
-5.5258,11.0016,0.0906,0.7159762978553772,0.0015469824429601,0.1145210862159729,0.0033703704830259,20.302885055541992,-0.0075373044237494,0.0001670153578743,0.0025938593361066976,-0.0012781935511156917,-1.7659391726709828e-09,-0.00021965384075883776
-5.5166,11.7441,0.0926,0.720786988735199,0.0011636135168373,0.0934744551777839,0.0034575359895825,19.9052734375,-0.0062015769071877,0.0001748493814375,0.0025884735685903766,-0.0012814328074455261,-1.224314427616946e-09,-0.00018160069885198027
-5.5101,3.242,1.15786,,,,,,,,0.0035540515480821087,-0.0011630156077444553,-0.000332360970787704,-0.001301826210692525
-5.5101,0.3538,1.94352,,,,,,,,0.0017708076323422414,-0.0006478260620497167,-0.0005935475346632302,-0.00010937383194686845
-5.4996,-5.4546,0.27712,,,,,,,,0.0037519926441645602,-0.001395495724864304,-3.1610659789294004e-05,-0.001253377296961844
-5.4989,-1.3188,1.81414,,,,,,,,0.0022855379018881924,-0.000762563431635499,-0.0005468376912176609,-0.0006522165494970977
-5.4989,0.7528,1.91771,,,,,,,,0.0020594997451653637,-0.0007093481253832579,-0.0005673523410223424,-0.0004850993282161653
-5.4944,-1.5404,1.76363,,,,,,,,0.0025267429285620556,-0.0008242888725362718,-0.0005212131654843688,-0.0008031140314415097
-5.4917,8.5088,0.0843,0.6702131032943726,-0.0022714952938258,0.2526272237300873,0.0028908709064126,24.77337074279785,-0.0226874034851789,0.0001173329146695,0.002729194084618319,-0.0012916018022224307,9.321871402789839e-06,-0.000440230593085289
-5.4882,2.5966,1.42605,,,,,,,,0.0031961262148869256,-0.0010287509066984057,-0.0004178831586614251,-0.0011492827907204628
-5.4787,-1.5323,1.78028,,,,,,,,0.0025267429285620556,-0.0008242888725362718,-0.0005212131654843688,-0.0008031140314415097
-5.4599,4.6707,0.58163,,,,,,,,0.003919586440432003,-0.0013492904836311936,-0.00013738451525568962,-0.0014146837638691068
-5.4535,-2.0607,1.65462,,,,,,,,0.002764277135396978,-0.0008963589207269251,-0.00048621438327245414,-0.0009329754975624382
-5.4481,-3.7501,0.97348,,,,,,,,0.003709416136643802,-0.001224955776706338,-0.00028342302539385855,-0.0013634869828820229
-5.4442,6.1522,0.10972,,,,,,,,0.0036375629325911566,-0.0014707290101796389,1.0506854778213892e-05,-0.0010699587874114513
-5.433,-3.6051,1.04731,,,,,,,,0.003709416136643802,-0.001224955776706338,-0.00028342302539385855,-0.0013634869828820229
-5.4238,-3.6116,1.05035,,,,,,,,0.003709416136643802,-0.001224955776706338,-0.00028342302539385855,-0.0013634869828820229
-5.4178,-1.2495,1.9065,,,,,,,,0.002579521466079146,-0.0008698074379935861,-0.0006454985123127699,-0.0007001781486906111
-5.4165,-4.1004,0.84028,,,,,,,,0.0038913837490732444,-0.0013178476365283132,-0.00018503608589526266,-0.0014194210525602102
-5.414,-2.5165,1.51657,,,,,,,,0.00349341602296654,-0.0011590280337259173,-0.0004888172843493521,-0.0012118995655328035
-5.4024,-1.7128,1.80365,,,,,,,,0.002823611524324808,-0.0009377921815030277,-0.0006138141616247594,-0.0008584716124460101
-5.3866,-4.7374,0.58668,,,,,,,,0.0041558545644671254,-0.0015022886218503118,-0.00010488839325262234,-0.0014317503664642572
-5.384,-0.8225,2.02214,,,,,,,,0.00235082752925193,-0.0008106845780275762,-0.0006712668691761792,-0.0005232483381405473
-5.3795,-0.8285,2.02587,,,,,,,,0.00235082752925193,-0.0008106845780275762,-0.0006712668691761792,-0.0005232483381405473
-5.3681,8.1185,0.0808,0.5789892673492432,-0.0111778425052762,0.2573102414608001,0.003141421591863,102.09734344482422,-0.0330463349819183,3.105819632764906e-05,0.0028822592189623555,-0.00135115347802639,2.224598210887052e-05,-0.0005007433937862515
-5.3674,-4.0215,0.90342,,,,,,,,0.00409510677478417,-0.0014178635319694877,-0.00027304005925543606,-0.0014517530798912048
-5.3644,-4.37,0.75558,,,,,,,,0.004163291368572098,-0.001459017745219171,-0.0002145713078789413,-0.0014691749820485711
-5.3636,6.0199,0.15725,,,,,,,,0.0038093073120962053,-0.0014919111272320151,2.2031692878954345e-06,-0.0011840193765237927
-5.3599,8.9907,0.0855,0.6951140761375427,0.0027050250209867,0.2149559706449508,0.0029965653084218,20.82426071166992,-0.020561346784234,0.0001446632377337,0.002641097379671708,-0.0012756999349221587,5.651539236595227e-09,-0.0003412308869883418
-5.3512,-4.4191,0.74208,,,,,,,,0.0041847869503021185,-0.0014871571911498904,-0.00015747873112559319,-0.0014634460676461458
-5.3456,0.7433,2.06946,,,,,,,,0.0021745649003336023,-0.0007671464118175209,-0.0006926318164914846,-0.0003375361848156899
-5.3446,2.6483,1.52246,,,,,,,,0.00349341602296654,-0.0011590280337259173,-0.0004888172843493521,-0.0012118995655328035
-5.3424,-0.3784,2.10779,,,,,,,,0.0021745649003336023,-0.0007671464118175209,-0.0006926318164914846,-0.0003375361848156899
-5.3397,1.6519,1.87846,,,,,,,,0.002823611524324808,-0.0009377921815030277,-0.0006138141616247594,-0.0008584716124460101
-5.3271,-0.3713,2.12371,,,,,,,,0.002064193397343826,-0.0007422497146762908,-0.0007070983992889524,-0.00011958599498029798
-5.3252,0.0466,2.14631,,,,,,,,0.002064193397343826,-0.0007422497146762908,-0.0007070983992889524,-0.00011958599498029798
-5.3244,0.05,2.147,,,,,,,,0.002064193397343826,-0.0007422497146762908,-0.0007070983992889524,-0.00011958599498029798
-5.3062,0.307,2.14953,,,,,,,,0.002064193397343826,-0.0007422497146762908,-0.0007070983992889524,-0.00011958599498029798
-5.2979,-5.9107,0.20129,,,,,,,,0.0038093073120962053,-0.0014919111272320151,2.2031692878954345e-06,-0.0011840193765237927
-5.2915,10.5495,0.0989,0.7248316407203674,0.0020729382522404,0.1304100006818771,0.0032858138438314,18.56778144836425,-0.0121806627139449,0.0001776802091626,0.0026111271120917673,-0.0012878215638920665,-1.2862585441197893e-09,-0.00021450365602504462
-5.2853,9.4195,0.0972,0.7120236158370972,0.003373741172254,0.185771033167839,0.003095390740782,18.81548309326172,-0.0183128416538238,0.0001651212951401,0.002641097379671708,-0.0012756999349221587,5.651539236595227e-09,-0.0003412308869883418
-5.271,-2.8415,1.50497,,,,,,,,0.0036902033105273655,-0.0012392302742227912,-0.00043612034642137587,-0.0012955722631886601
-5.2659,-8.6839,0.0541,,,,,,,,0.0027037828759911156,-0.0012968536466360092,1.8248672404297395e-06,-0.00038180852425284684
-5.2628,6.1975,0.1376,,,,,,,,0.003793705151235013,-0.0015566855436190963,2.8244578061276115e-05,-0.001083504525013268
-5.2581,-6.6903,0.04306,,,,,,,,0.003604202583624386,-0.001519539044238627,4.299184001865797e-05,-0.0009678439237177372
-5.2562,-2.539,1.64033,,,,,,,,0.00349341602296654,-0.0011590280337259173,-0.0004888172843493521,-0.0012118995655328035
-5.2394,-8.2593,0.0542,,,,,,,,0.0027708700066611494,-0.0013177753426134586,1.3118007700541057e-05,-0.00042746486724354327
-5.2377,-2.5373,1.65664,,,,,,,,0.00349341602296654,-0.0011590280337259173,-0.0004888172843493521,-0.0012118995655328035
-5.2347,2.1344,1.81799,,,,,,,,0.0033450281329169343,-0.0011456524953246117,-0.0006369914044626057,-0.0010387615766376257
-5.2342,1.1081,2.11671,,,,,,,,0.0026372181674079458,-0.0009237494668923318,-0.0007585347630083561,-0.0005568140186369419
-5.2272,-10.0597,0.0564,,,,,,,,0.0026148262689624896,-0.0012820033589378,-1.0432443797725455e-09,-0.00025650826864875853
-5.2142,-9.7867,0.056,,,,,,,,0.002619198750606983,-0.0012760149547830224,9.070831863411399e-10,-0.0002946800959762186
-5.2084,9.0195,0.0967,0.709804356098175,0.002789918333292,0.2127520591020584,0.0030269210692495,18.577964782714844,-0.024044482037425,0.0001635923981666,0.002641097379671708,-0.0012756999349221587,5.651539236595227e-09,-0.0003412308869883418
-5.2078,-9.4889,0.0554,,,,,,,,0.002619198750606983,-0.0012760149547830224,9.070831863411399e-10,-0.0002946800959762186
-5.2059,-8.2954,0.0543,,,,,,,,0.0027708700066611494,-0.0013177753426134586,1.3118007700541057e-05,-0.00042746486724354327
-5.1978,-2.1379,1.84933,,,,,,,,0.0033450281329169343,-0.0011456524953246117,-0.0006369914044626057,-0.0010387615766376257
-5.1907,-2.1571,1.84816,,,,,,,,0.0033450281329169343,-0.0011456524953246117,-0.0006369914044626057,-0.0010387615766376257
-5.1863,-3.2259,1.39779,,,,,,,,0.0041123042981551245,-0.0014469714369624853,-0.00042481135460548103,-0.0013977019116282463
-5.182,3.3176,1.356,,,,,,,,0.0041123042981551245,-0.0014469714369624853,-0.00042481135460548103,-0.0013977019116282463
-5.1762,2.9622,1.53226,,,,,,,,0.003965585554226842,-0.0013827956281602383,-0.00048009632155299187,-0.0013374793343245983
-5.175,2.0966,1.88564,,,,,,,,0.0033450281329169343,-0.0011456524953246117,-0.0006369914044626057,-0.0010387615766376257
-5.1586,-9.081,0.0548,,,,,,,,0.002670554297793697,-0.0012934899423271418,2.237178220454439e-09,-0.0003314345085527748
-5.1349,-1.7516,2.04365,,,,,,,,0.0031084557463237367,-0.0010611918987706304,-0.0006875015678815544,-0.0009037907002493739
-5.1116,-1.7333,2.07134,,,,,,,,0.0031084557463237367,-0.0010611918987706304,-0.0006875015678815544,-0.0009037907002493739
-5.1076,-6.2992,0.14317,,,,,,,,0.003793705151235013,-0.0015566855436190963,2.8244578061276115e-05,-0.001083504525013268
-5.107,-8.338,0.0547,,,,,,,,0.002804619932967718,-0.0013388303341343999,1.6225849321926944e-05,-0.0004168252635281533
-5.0761,2.5371,1.79502,,,,,,,,0.0037761570223411303,-0.0012990814866498113,-0.0005410882877185941,-0.001258749864064157
-5.0709,5.7883,0.3036,,,,,,,,0.00398840816186486,-0.0015918886056169868,1.9735292880795896e-05,-0.001200979226268828
-5.0694,7.212,0.00719,,,,,,,,0.0032353503394773804,-0.0014633862301707268,4.174249988864176e-05,-0.0006882087327539921
-5.064,1.4099,2.20723,,,,,,,,0.0030774962639177543,-0.0010639524552971125,-0.0007918117917142808,-0.0007802468026056886
-5.0639,-3.906,1.15041,,,,,,,,0.004349512140159286,-0.001566354651004076,-0.0002957329561468214,-0.001479404978454113
-5.0626,2.4722,1.83395,,,,,,,,0.003551009514687383,-0.0012186166131868958,-0.000591560616157949,-0.001147800823673606
-5.0566,-1.3538,2.2293,,,,,,,,0.0030774962639177543,-0.0010639524552971125,-0.0007918117917142808,-0.0007802468026056886
-5.052,-3.9218,1.15055,,,,,,,,0.004349512140159286,-0.001566354651004076,-0.0002957329561468214,-0.001479404978454113
-5.0091,-3.8059,1.23664,,,,,,,,0.004349512140159286,-0.001566354651004076,-0.0002957329561468214,-0.001479404978454113
-4.9572,5.6925,0.3751,,,,,,,,0.004124273854914117,-0.0016648727469146252,3.715839557116851e-05,-0.001216234639286995
-4.9385,-6.7592,0.07017,,,,,,,,0.003443920345575214,-0.00151619384996593,5.8988527598557994e-05,-0.0008141396683640778
-4.9328,-0.2849,2.53146,,,,,,,,0.002556760027106005,-0.0009121831972151995,-0.00088498619152233,-0.00013775599654763937
-4.9267,-1.0454,2.43536,,,,,,,,0.0028470236187357733,-0.0009951302781701088,-0.0008300714544020593,-0.0005891374894417822
-4.9243,-0.2732,2.54111,,,,,,,,0.002556760027106005,-0.0009121831972151995,-0.00088498619152233,-0.00013775599654763937
-4.9017,-13.4069,0.0653,,,,,,,,0.0025957699069315728,-0.001294067595154047,1.173964953027351e-10,-9.947065700544044e-05
-4.88,-8.7225,0.0771,,,,,,,,0.0027656592915657535,-0.0013364532496780157,6.190488875290612e-06,-0.00035506649874150753
-4.8717,-8.0652,0.0778,,,,,,,,0.0029691940783508636,-0.0014047692529857159,3.114970968454145e-05,-0.0004792508843820542
-4.8522,-12.6377,0.0632,,,,,,,,0.0026156770728846916,-0.0013010177062824368,-1.3377904339861857e-10,-0.00013339627184905112
-4.8496,-0.7457,2.57166,,,,,,,,0.0029810234650126965,-0.0010572790633887053,-0.0009666132391430438,-0.0004116370400879532
-4.8487,-12.2015,0.0621,,,,,,,,0.0026156770728846916,-0.0013010177062824368,-1.3377904339861857e-10,-0.00013339627184905112
-4.8386,6.7889,0.07793,,,,,,,,0.003545895816342709,-0.0015736570348963141,7.183341222116724e-05,-0.0008135034004226327
-4.8262,-1.5352,2.40532,,,,,,,,0.0036375978994124436,-0.0012727775610983372,-0.000828252756036818,-0.0010010316036641598
-4.802,4.3099,1.1043,,,,,,,,0.0045914489564643874,-0.0017077262746170163,-0.00023667783534619957,-0.001515917363576591
-4.8006,-0.1054,2.68092,,,,,,,,0.0028734335613090824,-0.0010243759024888277,-0.000996332848444581,-0.00014876146451570094
-4.7939,1.7418,2.37556,,,,,,,,0.0036375978994124436,-0.0012727775610983372,-0.000828252756036818,-0.0010010316036641598
-4.7901,-4.2839,1.1261,,,,,,,,0.00484054707011013,-0.0018516420386731625,-0.00025295070372521877,-0.001537908217869699
-4.7825,-3.7677,1.41523,,,,,,,,0.004732128967756711,-0.0017637847922742367,-0.0004083777021151036,-0.0015233358135446906
-4.7809,-7.1631,0.02685,,,,,,,,0.0033145863941728164,-0.0015091948444023728,5.078887625131756e-05,-0.0006829144549556077
-4.7744,-2.6275,2.01972,,,,,,,,0.004299825725201504,-0.0015396511880680919,-0.0006353693315759301,-0.001359376823529601
-4.7587,-2.6055,2.04361,,,,,,,,0.004299825725201504,-0.0015396511880680919,-0.0006353693315759301,-0.001359376823529601
-4.7549,-3.7913,1.42234,,,,,,,,0.004800816709503083,-0.0018142304616048932,-0.00033099105348810554,-0.0015365458093583584
-4.7523,-4.5458,1.00374,,,,,,,,0.00483591332851093,-0.0018720092484727502,-0.00017638503049965948,-0.001520192134194076
-4.7439,-7.6196,0.00077,,,,,,,,0.0031434358529104055,-0.0014573009684681892,4.3844283936778083e-05,-0.0005870679742656648
-4.7342,1.6066,2.475,,,,,,,,0.0036375978994124436,-0.0012727775610983372,-0.000828252756036818,-0.0010010316036641598
-4.7191,-1.9497,2.36304,,,,,,,,0.003877765110171677,-0.001370440237224102,-0.0007617083610966802,-0.0011405961122363806
-4.7099,0.3136,2.76117,,,,,,,,0.0028734335613090824,-0.0010243759024888277,-0.000996332848444581,-0.00014876146451570094
-4.7059,-4.4942,1.05706,,,,,,,,0.00483591332851093,-0.0018720092484727502,-0.00017638503049965948,-0.001520192134194076
-4.6908,0.06,2.79799,,,,,,,,0.003153731804123089,-0.0011239893501624465,-0.0010944606037810445,-0.0001590911706443876
-4.6875,0.0567,2.80152,,,,,,,,0.003153731804123089,-0.0011239893501624465,-0.0010944606037810445,-0.0001590911706443876
-4.6736,-0.4348,2.7885,,,,,,,,0.0032596454117827835,-0.0011594763491302729,-0.0010585192358121276,-0.0004375770513433963
-4.6696,-0.4399,2.79221,,,,,,,,0.0032596454117827835,-0.0011594763491302729,-0.0010585192358121276,-0.0004375770513433963
-4.6507,-0.8589,2.75914,,,,,,,,0.003438665374884831,-0.0012203765800222754,-0.0010124638210982084,-0.0006646073306910694
-4.6354,-2.3305,2.27787,,,,,,,,0.0043568249111517075,-0.001578633557073772,-0.000753331754822284,-0.0012984175700694323
-4.6313,2.1421,2.36389,,,,,,,,0.004157325166137922,-0.0014934410573914647,-0.0008209903025999665,-0.0011901457328349352
-4.6275,-1.254,2.68339,,,,,,,,0.0036706502570644757,-0.0013001183979213238,-0.000958886172156781,-0.0008710038964636624
-4.6193,-2.5001,2.21652,,,,,,,,0.0043568249111517075,-0.001578633557073772,-0.000753331754822284,-0.0012984175700694323
-4.6143,5.8776,0.41213,,,,,,,,0.004438688626958885,-0.0018526541534811258,6.530678365379572e-05,-0.0012202035868540406
-4.6077,0.3276,2.86654,,,,,,,,0.003153731804123089,-0.0011239893501624465,-0.0010944606037810445,-0.0001590911706443876
-4.6041,6.2931,0.25584,,,,,,,,0.004187952041997026,-0.0017790638376027346,7.633684435859323e-05,-0.0011017441283911467
-4.5921,2.0923,2.42167,,,,,,,,0.004157325166137922,-0.0014934410573914647,-0.0008209903025999665,-0.0011901457328349352
-4.5907,5.1884,0.74761,,,,,,,,0.004833824859658282,-0.0019587911665439606,-3.340156399644911e-05,-0.0014154459349811077
-4.5894,0.7165,2.84528,,,,,,,,0.0032596454117827835,-0.0011594763491302729,-0.0010585192358121276,-0.0004375770513433963
-4.5728,0.0834,2.91969,0.0144012020900845,0.0142074702307581,2.9544255085056648e-05,1.7233741118616308e-06,62606.5625,0.2117158621549606,3.2113863651650476e-11,0.003153731804123089,-0.0011239893501624465,-0.0010944606037810445,-0.0001590911706443876
-4.5626,-4.7041,1.02087,,,,,,,,0.00502403613452851,-0.0019886624068021774,-0.0001773219119058922,-0.0015244715614244342
-4.5416,3.9767,1.46292,,,,,,,,0.005017258536933633,-0.001938464934937656,-0.00034246413270011544,-0.001555086113512516
-4.521,-2.7163,2.19639,,,,,,,,0.004567814448487464,-0.0016679795226082206,-0.0006775108631700277,-0.0014053666964173317
-4.5006,0.1394,2.99185,0.0160942319780588,0.0158810317516326,0.000512198312208,3.890871539624641e-06,60745.359375,0.2037657648324966,2.329044457294316e-10,0.003153731804123089,-0.0011239893501624465,-0.0010944606037810445,-0.0001590911706443876
-4.4905,3.8657,1.56608,,,,,,,,0.005017258536933633,-0.001938464934937656,-0.00034246413270011544,-0.001555086113512516
-4.4883,10.1997,0.0941,0.7319356799125671,0.002330478047952,0.1425405442714691,0.0031521751079708,19.53911590576172,-0.0273901969194412,0.0001623253483558,0.0026859393790014106,-0.0013244968140497804,-3.1646016362962825e-10,-0.00022198147780727595
-4.4815,-3.5624,1.75083,,,,,,,,0.004962786332674281,-0.0018905253382399678,-0.000426064885687083,-0.0015497402055189013
-4.48,9.8919,0.0931,0.7298152446746826,0.0026111628394573,0.1565742939710617,0.0030864442232996,19.69765281677246,-0.0303645525127649,0.0001576858776388,0.0027112152272592074,-0.0013303895248100162,4.728260893926972e-09,-0.00026026085834018886
-4.4786,7.4218,0.02004,,,,,,,,0.003379844016180721,-0.0015483220340684056,6.0617774579441175e-05,-0.0006744336569681764
-4.4734,-2.3561,2.41494,,,,,,,,0.0043568249111517075,-0.001578633557073772,-0.000753331754822284,-0.0012984175700694323
-4.464,-6.1577,0.34296,,,,,,,,0.004187952041997026,-0.0017790638376027346,7.633684435859323e-05,-0.0011017441283911467
-4.461,-3.5672,1.76382,,,,,,,,0.004962786332674281,-0.0018905253382399678,-0.000426064885687083,-0.0015497402055189013
-4.4593,-2.3683,2.4223,,,,,,,,0.0046313188485289,-0.0017054922645911574,-0.000801527057774365,-0.0013457819586619735
-4.4549,5.6732,0.56045,,,,,,,,0.004438688626958885,-0.0018526541534811258,6.530678365379572e-05,-0.0012202035868540406
-4.4304,-11.1676,0.0607,,,,,,,,0.0026569389387009136,-0.001319434493780136,1.9298915243659565e-10,-0.00015467303455807269
-4.4295,13.468,0.1006,0.7384085059165955,0.0006965047796256,0.0584890060126781,0.0035660718567669,18.41238021850586,-0.0112410802394151,0.0001947292766999,0.002611933230686881,-0.0013027142267674208,3.9216019320775786e-10,-9.211104043060914e-05
-4.4113,5.599,0.61456,,,,,,,,0.004669407668331185,-0.0019125714898109436,2.1381292754085734e-05,-0.0013388260267674923
-4.4039,9.544,0.0924,0.7294003367424011,0.0028431119862943,0.1755014210939407,0.0030046459287405,19.6444091796875,-0.0357520207762718,0.0001539143995614,0.0027112152272592074,-0.0013303895248100162,4.728260893926972e-09,-0.00026026085834018886
-4.4015,1.1288,2.94553,,,,,,,,0.0037121892010876065,-0.0013254605000838637,-0.0010940530337393284,-0.0007009205291979015
-4.3884,3.1986,2.03325,,,,,,,,0.0050892779853399656,-0.0019502664217725396,-0.0005354327149689198,-0.0015443316660821438
-4.3881,4.3913,1.30506,,,,,,,,0.005238748287935065,-0.002090323017910123,-0.00026263395557180047,-0.0015565005596727133
-4.388,2.6236,2.36087,,,,,,,,0.0048333051361899625,-0.001796011463738978,-0.0007161506800912321,-0.001449717441573739
-4.3725,0.5086,3.09482,0.1182388663291931,0.1120016276836395,0.0372417867183685,0.0002227124932687,12484.0751953125,0.1817997097969055,5.491411059210805e-08,0.0035310882216502575,-0.0012596154119819403,-0.0011470566969364882,-0.00046343926806002855
-4.3718,-10.4731,0.0593,,,,,,,,0.0026859393790014106,-0.0013244968140497804,-3.1646016362962825e-10,-0.00022198147780727595
-4.3599,13.882,0.1012,0.7386589050292969,0.0006067850044928,0.0523100867867469,0.0035951971076428,18.3342399597168,-0.0103841926902532,0.0001972229219973,0.002611933230686881,-0.0013027142267674208,3.9216019320775786e-10,-9.211104043060914e-05
-4.3516,2.4537,2.48114,,,,,,,,0.0046313188485289,-0.0017054922645911574,-0.000801527057774365,-0.0013457819586619735
-4.3499,-10.8393,0.0601,,,,,,,,0.00267508010188322,-0.0013243515277281404,1.8356247077910837e-10,-0.00018736706988420337
-4.3453,5.4827,0.70029,,,,,,,,0.004815352151647561,-0.002007412491366267,3.174439916620031e-05,-0.0013289813650771976
-4.3419,11.3917,0.1008,0.7424291372299194,0.0014706191141158,0.099306896328926,0.0033471998758614,18.27134704589844,-0.0208253506571054,0.0001842052733991,0.0026569389387009136,-0.001319434493780136,1.9298915243659565e-10,-0.00015467303455807269
-4.3255,-6.4115,0.28233,,,,,,,,0.004037830276400129,-0.0017654368421062827,0.0001064363750629127,-0.0009736130596138537
-4.323,2.0321,2.70198,,,,,,,,0.004436604977420852,-0.001617178088054061,-0.0008774579036980867,-0.001239220960997045
-4.2991,-1.2621,3.0124,,,,,,,,0.004269475615742614,-0.0015428237384185195,-0.0011185207404196262,-0.000962139165494591
-4.2984,0.5166,3.17083,0.242559865117073,0.2310363352298736,0.0742467418313026,0.0017634098185226,1925.7088623046875,0.173356682062149,1.1416517509132973e-06,0.0038512965508817783,-0.0013800642918795347,-0.0012495559640228748,-0.0004920911742374301
-4.2966,6.8424,0.15132,,,,,,,,0.0037142595773088007,-0.0016725014429539442,9.875176328932866e-05,-0.0008011978934518993
-4.2952,4.1634,1.50662,,,,,,,,0.005238748287935065,-0.002090323017910123,-0.00026263395557180047,-0.0015565005596727133
-4.2855,14.6426,0.1019,0.7383387088775635,0.0004882369248662,0.043498545885086,0.0036382805556058,18.251758575439453,-0.0087804766371846,0.0002005479909712,0.0025895442439065955,-0.0012931189266964793,4.0145087254472855e-10,-6.540863250847906e-05
-4.2822,7.297,0.05349,,,,,,,,0.0034435399516048147,-0.0015865626046434045,6.991018744884059e-05,-0.0006651492440141737
-4.2587,-5.0065,1.01345,,,,,,,,0.005122690053502293,-0.00209245178848505,-9.701053204480559e-05,-0.0014740158803761005
-4.2451,0.0959,3.26105,,,,,,,,0.0037480217862544624,-0.0013385628117248416,-0.0012989998795092106,-0.00018101309251505882
-4.2439,4.777,1.15667,,,,,,,,0.005122690053502293,-0.00209245178848505,-9.701053204480559e-05,-0.0014740158803761005
-4.2347,0.3831,3.25028,,,,,,,,0.0037480217862544624,-0.0013385628117248416,-0.0012989998795092106,-0.00018101309251505882
-4.2337,14.9944,0.1024,0.7384059429168701,0.0004439042822923,0.0398736074566841,0.0036552881356328,18.18147087097168,-0.0081815468147397,0.0002022955886786,0.002595143120874026,-0.001296063419431448,4.841295697666226e-10,-6.2542523664888e-05
-4.2301,6.0413,0.4634,,,,,,,,0.00430765264477711,-0.0018526373896747828,9.087535727303475e-05,-0.001094734761863947
-4.193,5.994,0.49764,,,,,,,,0.004434518277183805,-0.001932521816343069,0.00010219345858786255,-0.0010821986943483353
-4.192,-2.151,2.77187,,,,,,,,0.004759480074061099,-0.001761576277203858,-0.0009429114870727062,-0.0012926444178447127
-4.1868,5.9257,0.5322,,,,,,,,0.004712113305484542,-0.002028625924140215,8.814101602183655e-05,-0.0011949522886425257
-4.1693,-1.6643,3.00646,,,,,,,,0.004520654017614999,-0.0016450058901682496,-0.0010386755457147956,-0.0011507332092151046
-4.1499,-2.1128,2.829,,,,,,,,0.004759480074061099,-0.001761576277203858,-0.0009429114870727062,-0.0012926444178447127
-4.148,2.8793,2.4187,,,,,,,,0.00527338054873987,-0.0020331949926912785,-0.0006539062596857548,-0.001546176034025848
-4.1455,7.7605,0.00775,,,,,,,,0.003297881629554027,-0.0015519465086981654,6.392116483766586e-05,-0.0005535177770070732
-4.1095,13.6841,0.1048,0.7439233064651489,0.0006672019371762,0.0541569627821445,0.0035701550077646,17.697227478027344,-0.0126569094136357,0.0002030065224971,0.0026196346333995845,-0.0013068529078736901,5.185725737710811e-10,-8.807315316516906e-05
-4.1054,3.5908,2.01498,,,,,,,,0.005442992940964237,-0.0021549740340560675,-0.00045918530668132007,-0.0015974288107827306
-4.0938,-3.4842,2.0963,,,,,,,,0.005359503737902841,-0.0020930892787873745,-0.0005621062591671944,-0.0015760976821184158
-4.0908,6.766,0.21462,,,,,,,,0.0038070646670700175,-0.0017277209553867579,0.00011005935084540397,-0.0007913928129710257
-4.0848,13.0782,0.1038,0.7446553111076355,0.0007963644457049,0.0625185593962669,0.0035252664238214,17.84286880493164,-0.0150469522923231,0.0001988364820135,0.0026196346333995845,-0.0013068529078736901,5.185725737710811e-10,-8.807315316516906e-05
-4.0827,-5.4302,0.83979,,,,,,,,0.004967266977702429,-0.0021075222175568342,3.866430779453367e-05,-0.0013135031331330538
-4.0801,13.4175,0.1044,0.7444071173667908,0.0007239730330184,0.0577534213662147,0.0035501485690474,17.755264282226562,-0.0138309281319379,0.0002012201439356,0.0026196346333995845,-0.0013068529078736901,5.185725737710811e-10,-8.807315316516906e-05
-4.0769,5.8808,0.59337,,,,,,,,0.004712113305484542,-0.002028625924140215,8.814101602183655e-05,-0.0011949522886425257
-4.0761,-7.7987,0.00753,,,,,,,,0.003297881629554027,-0.0015519465086981654,6.392116483766586e-05,-0.0005535177770070732
-4.0707,4.495,1.43567,,,,,,,,0.00540190142892733,-0.0022236451040953398,-0.00017929043679032475,-0.0015226267278194427
-4.0637,0.7478,3.38234,0.456401526927948,0.4093639254570007,0.1692968755960464,0.003927107900381,191.750732421875,0.1337649077177047,2.129399035766255e-05,0.00420528378965642,-0.0015204233350232244,-0.00135583255905658,-0.000520705187227577
-4.0588,5.17,1.00904,,,,,,,,0.005154803025355532,-0.0021689676214009523,-2.242807204311248e-05,-0.0013921476202085614
-4.042,-5.971,0.55923,,,,,,,,0.004712113305484542,-0.002028625924140215,8.814101602183655e-05,-0.0011949522886425257
-3.9999,-1.9593,3.03967,,,,,,,,0.0051041627180165,-0.0019226333824917674,-0.0010074061574414372,-0.001342286472208798
-3.9801,-3.2882,2.31136,,,,,,,,0.005638335795829673,-0.0022463868372142315,-0.0005861654644832015,-0.0015993323177099228
-3.9756,-5.2025,1.02716,,,,,,,,0.005312013865663822,-0.0022765686735510826,-1.8076472770189866e-05,-0.0013679477851837873
-3.9755,-5.8147,0.66517,,,,,,,,0.004843787434591199,-0.0021186117082834244,9.67315208981745e-05,-0.001169485622085631
-3.9743,12.3183,0.1026,0.746451199054718,0.0010195849463343,0.0750605389475822,0.0034520213957875,18.021169662475582,-0.0194008257240057,0.0001927534030983,0.002657326439603706,-0.0013238845858722925,6.473104274817842e-10,-0.00011258576705586165
-3.9725,-1.0183,3.40825,,,,,,,,0.004386270256719908,-0.001595991780050099,-0.0012854926753789186,-0.000781127717345953
-3.9723,-7.9897,0.00244,,,,,,,,0.0031241432443161357,-0.0015040687285363674,4.620867548510432e-05,-0.00041917749331332743
-3.9661,-1.9576,3.07244,,,,,,,,0.0051041627180165,-0.0019226333824917674,-0.0010074061574414372,-0.001342286472208798
-3.9524,-0.5298,3.52784,,,,,,,,0.00420528378965642,-0.0015204233350232244,-0.00135583255905658,-0.000520705187227577
-3.946,6.3564,0.40718,,,,,,,,0.004257128798113787,-0.0019019582541659474,0.00013098758063279092,-0.0009466696646995842
-3.9456,11.9893,0.1021,0.7471784949302673,0.0011380221694707,0.0814058035612106,0.0034151265863329,18.093759536743164,-0.0214076619595289,0.00018990423996,0.002657326439603706,-0.0013238845858722925,6.473104274817842e-10,-0.00011258576705586165
-3.9283,-0.1241,3.58779,,,,,,,,0.004104751521335392,-0.0014760135672986507,-0.001412988523952663,-0.00019259710097685456
-3.9264,-3.8728,1.94898,,,,,,,,0.005701063026260888,-0.0023357782047241926,-0.0003730036551132798,-0.0015907665947452188
-3.9168,5.5905,0.81518,,,,,,,,0.005110953345778609,-0.0022068065591156483,4.523518146015704e-05,-0.0012877964181825519
-3.8964,12.1146,0.102,0.7472385168075562,0.0010862996568903,0.0785622969269752,0.0034284952562302,18.122146606445312,-0.0211984664201736,0.0001903424999909,0.002657326439603706,-0.0013238845858722925,6.473104274817842e-10,-0.00011258576705586165
-3.8608,11.7398,0.1014,0.7480625510215759,0.0012501190649345,0.0866808295249939,0.0033804147969931,18.214750289916992,-0.0238529052585363,0.0001866756210802,0.0026808764840518984,-0.0013330576475709677,5.887347276356536e-10,-0.0001404705981258303
-3.8542,4.9,1.28656,,,,,,,,0.0054759306784668334,-0.002323311986401677,-9.369133476866409e-05,-0.001445647794753313
-3.8463,12.7353,0.1024,0.7462426424026489,0.0008508818573318,0.0659496709704399,0.0034979032352566,18.088184356689453,-0.0182185377925634,0.0001945874973898,0.002657326439603706,-0.0013238845858722925,6.473104274817842e-10,-0.00011258576705586165
-3.8354,0.9698,3.55845,,,,,,,,0.0046323204634989455,-0.0017020161030814052,-0.0013453448191285133,-0.0008110405178740621
-3.827,12.4789,0.1024,0.7471762895584106,0.000947926484514,0.0708992034196853,0.003468113951385,18.07607078552246,-0.0198060143738985,0.0001930567523231,0.002657326439603706,-0.0013238845858722925,6.473104274817842e-10,-0.00011258576705586165
-3.8205,-4.2774,1.74017,,,,,,,,0.005669400867596882,-0.002351777395233512,-0.00027386099100112915,-0.0015587398083880544
-3.7973,-1.7834,3.31016,,,,,,,,0.005114087252561676,-0.0019157712813466787,-0.0011571343056857586,-0.0012366619193926454
-3.7892,6.8578,0.24353,,,,,,,,0.003965018637110121,-0.0018275314942002296,0.00013144123659003526,-0.0007570964517071843
-3.7678,-4.3965,1.6923,,,,,,,,0.005813394705528636,-0.0024489876814186573,-0.00026502987020649016,-0.0015430839266628027
-3.7381,-1.7583,3.37712,,,,,,,,0.005114087252561676,-0.0019157712813466787,-0.0011571343056857586,-0.0012366619193926454
-3.7001,-3.4965,2.37727,,,,,,,,0.005829224925677302,-0.0023594347294420004,-0.0005889080930501223,-0.001606617821380496
-3.6946,7.516,0.06939,,,,,,,,0.0033894131451608386,-0.0016104391543194652,7.569137960672379e-05,-0.0005222900654189289
-3.6906,6.6934,0.32854,,,,,,,,0.003965018637110121,-0.0018275314942002296,0.00013144123659003526,-0.0007570964517071843
-3.6878,8.1507,0.00157,,,,,,,,0.003151804041209547,-0.0015231369761750102,4.926868496113457e-05,-0.00040136458119377494
-3.6814,7.3835,0.09894,,,,,,,,0.003639990982600203,-0.0017073879716917872,9.419455454917625e-05,-0.0006231671432033181
-3.6736,-4.5986,1.60048,,,,,,,,0.005724052539474648,-0.002438976662233472,-0.00016960229550022632,-0.0014878918882459402
-3.6583,-7.9489,0.01045,,,,,,,,0.003151804041209547,-0.0015231369761750102,4.926868496113457e-05,-0.00040136458119377494
-3.6286,-0.1119,3.89217,,,,,,,,0.004826248486237498,-0.0017560410778969526,-0.00164093601051718,-0.0002163731842301786
-3.6237,7.6544,0.04893,,,,,,,,0.0033894131451608386,-0.0016104391543194652,7.569137960672379e-05,-0.0005222900654189289
-3.6061,-0.4252,3.88925,,,,,,,,0.00492282161299217,-0.0018069554353132844,-0.0015679000644013286,-0.0005789167480543256
-3.6,0.5215,3.88476,,,,,,,,0.00492282161299217,-0.0018069554353132844,-0.0015679000644013286,-0.0005789167480543256
-3.5824,5.2731,1.16495,,,,,,,,0.005415085031687775,-0.0023552223574370146,-7.574180017400067e-06,-0.0013355361297726631
-3.5811,-3.098,2.75151,,,,,,,,0.006150443829324195,-0.0024981193710118532,-0.0007423891802318394,-0.001632558647543192
-3.5723,5.1646,1.24434,,,,,,,,0.005603842866574631,-0.0024746665731072426,-1.1903299309778959e-05,-0.001314019551500678
-3.5665,-7.2168,0.1597,,,,,,,,0.003726998540924948,-0.0017586378380656242,9.852992661762983e-05,-0.0006083702319301665
-3.5432,1.7751,3.55214,0.6594606041908264,0.3966464400291443,0.3666594624519348,0.0043850247748196,87.28131866455078,-0.0159884262830019,5.160631917533465e-05,0.005564724618855054,-0.0021127755753695965,-0.0012609794503077865,-0.0012990959221497178
-3.5142,7.5201,0.0857,,,,,,,,0.0034538027693048075,-0.0016486949753016233,7.89943223935552e-05,-0.0005076939705759287
-3.4768,-0.8348,3.94461,,,,,,,,0.005414881781488147,-0.0020519886165857315,-0.001529367291368544,-0.0008835239568725228
-3.4715,-0.8015,3.95797,,,,,,,,0.005414881781488147,-0.0020519886165857315,-0.001529367291368544,-0.0008835239568725228
-3.4652,-2.7973,3.0455,,,,,,,,0.006287514469563113,-0.002559349639341235,-0.0008803352830000222,-0.0015993588604032993
-3.4587,-0.7556,3.98136,,,,,,,,0.005243490687417169,-0.0019659660756587982,-0.0016291519859805703,-0.0005953065119683743
-3.4568,1.0643,3.90375,0.6386350393295288,0.4879407584667206,0.2554046511650085,0.0044354777783155,46.91581344604492,0.0230155475437641,9.597381722414866e-05,0.005414881781488147,-0.0020519886165857315,-0.001529367291368544,-0.0008835239568725228
-3.449,0.3221,4.05484,,,,,,,,0.005149677513950956,-0.0019134441390633583,-0.0017084735445678234,-0.00022281000565271825
-3.4389,-2.7805,3.07803,,,,,,,,0.006287514469563113,-0.002559349639341235,-0.0008803352830000222,-0.0015993588604032993
-3.414,4.7199,1.65185,,,,,,,,0.005963589941735973,-0.0025818028952926397,-0.00017997398390434682,-0.0014808796113356948
-3.4093,-0.5223,4.0731,,,,,,,,0.005243490687417169,-0.0019659660756587982,-0.0016291519859805703,-0.0005953065119683743
-3.3972,-0.0248,4.12496,,,,,,,,0.005149677513950956,-0.0019134441390633583,-0.0017084735445678234,-0.00022281000565271825
-3.3872,-2.8119,3.10126,,,,,,,,0.006287514469563113,-0.002559349639341235,-0.0008803352830000222,-0.0015993588604032993
-3.3793,-4.816,1.59739,,,,,,,,0.005900000197797865,-0.0026244663167744875,-7.502020162064582e-05,-0.0013450089609250426
-3.3745,-7.0232,0.25823,,,,,,,,0.0037784206658452156,-0.00179475755430758,0.00010592774924589321,-0.0005802933010272682
-3.3705,-4.0829,2.17797,,,,,,,,0.006310324566030531,-0.0027207210659980774,-0.0003725226270034909,-0.0015536900609731674
-3.3641,1.4767,3.84613,0.6936238408088684,0.4559674561023712,0.3308327198028564,0.0044848690740764,40.600685119628906,-0.0207321234047412,0.0001116654966608,0.005632144944796977,-0.0021592676639556885,-0.0014162182342261076,-0.0011234559351578355
-3.3607,-0.1686,4.15241,,,,,,,,0.005149677513950956,-0.0019134441390633583,-0.0017084735445678234,-0.00022281000565271825
-3.3391,1.6291,3.80444,,,,,,,,0.005847170882583968,-0.0022705248557031155,-0.0012879004934802651,-0.0013165792915970087
-3.3181,-2.4934,3.3579,,,,,,,,0.0061592931259202705,-0.0024769827723503113,-0.0010158614022657275,-0.0015221054200083017
-3.3044,10.3158,0.0992,0.7559407353401184,0.0022863834165036,0.1251221299171447,0.0031076380982995,18.617462158203125,-0.0443794541060924,0.0001676440006121,0.002754144661808045,-0.001367284799925983,-1.2298755347472934e-09,-0.0001638916728552431
-3.282,-8.1626,0.00776,,,,,,,,0.0032217323349812647,-0.0015689207939431071,5.358411726774648e-05,-0.0003612562722992152
-3.2739,-1.1953,4.04031,,,,,,,,0.005895195873896269,-0.0022760580759495497,-0.0014730009716004133,-0.0011567892506718636
-3.2687,-0.9699,4.10861,,,,,,,,0.005687026478326214,-0.0021671850699931383,-0.0015977566363289952,-0.0009143577772192657
-3.2501,-8.773,0.0619,,,,,,,,0.0029285728383965557,-0.0014456829521805048,1.499012068961747e-05,-0.0002321870269952342
-3.2469,-0.3309,4.24919,,,,,,,,0.005430202881782738,-0.002023677807301283,-0.0017950811889022589,-0.00023278206936083734
-3.2397,0.1106,4.27242,,,,,,,,0.005430202881782738,-0.002023677807301283,-0.0017950811889022589,-0.00023278206936083734
-3.2394,9.983,0.0985,0.7571055889129639,0.0025729369372129,0.1383633911609649,0.0030305325053632,18.679845809936523,-0.0502091012895107,0.0001628319296287,0.002754144661808045,-0.001367284799925983,-1.2298755347472934e-09,-0.0001638916728552431
-3.2332,1.741,3.85061,0.7494882345199585,0.4345966577529907,0.3720489144325256,0.0045472555793821,33.92289352416992,-0.0623894967138767,0.0001358722511213,0.006100511682003557,-0.0023885525297373533,-0.0013331308728083968,-0.0013496812898665667
-3.2291,-6.0841,0.77422,,,,,,,,0.004844690213631661,-0.002221564296633005,0.00013362841855268925,-0.0009563217754475772
-3.2173,-0.3036,4.27981,,,,,,,,0.005430202881782738,-0.002023677807301283,-0.0017950811889022589,-0.00023278206936083734
-3.2152,-0.4293,4.27001,,,,,,,,0.005523378084934794,-0.0020795247983187437,-0.0017085749423131347,-0.0006190917920321226
-3.1968,10.4038,0.1008,0.7585782408714294,0.0022373115643858,0.1198879405856132,0.0031219804659485,18.374900817871094,-0.0445568598806858,0.0001708369964035,0.002754144661808045,-0.001367284799925983,-1.2298755347472934e-09,-0.0001638916728552431
-3.1919,-9.6225,0.0634,,,,,,,,0.0028026256146937824,-0.0013868395471945405,3.076918719813193e-09,-0.00020088219025637954
-3.1835,-9.2311,0.0629,,,,,,,,0.00286945622432299,-0.0014174515381455421,-7.519991740423393e-09,-0.00022198173974175006
-3.1762,-12.8857,0.0691,,,,,,,,0.0026472386868127556,-0.001321775489486754,9.334416573025806e-10,-6.984068750170991e-05
-3.174,-1.6695,3.93531,,,,,,,,0.006100511682003557,-0.0023885525297373533,-0.0013331308728083968,-0.0013496812898665667
-3.1684,0.587,4.29305,,,,,,,,0.005523378084934794,-0.0020795247983187437,-0.0017085749423131347,-0.0006190917920321226
-3.1642,-7.8308,0.05496,,,,,,,,0.0032217323349812647,-0.0015689207939431071,5.358411726774648e-05,-0.0003612562722992152
-3.1638,-14.3195,0.0723,,,,,,,,0.002615384201490779,-0.001306745340116322,7.64598995228738e-10,-4.9751848564483225e-05
-3.1467,7.2221,0.22319,,,,,,,,0.0038339095061024724,-0.0018294540932402015,0.00010931684664683416,-0.0005620169686153531
-3.1359,2.4311,3.5483,0.806304395198822,0.3379788696765899,0.4419358074665069,0.0045677791349589,65.59555053710938,-0.1311933398246765,7.096260378602892e-05,0.006393279903397112,-0.0025964113883674145,-0.0010420553153380752,-0.0015463749878108501
-3.1318,-13.2648,0.0701,,,,,,,,0.0026532128835355002,-0.0013250209158286452,1.0136068651078745e-09,-6.483998731710017e-05
-3.1276,7.7571,0.07303,,,,,,,,0.0035309344727256055,-0.0017005663830786943,8.706285007065162e-05,-0.0004662280553020537
-3.1055,10.0036,0.1004,0.7607012391090393,0.0025978989433497,0.1354415267705917,0.0030294051393866,18.380321502685547,-0.0518985427916049,0.0001656724343774,0.00276418193778197,-0.0013738288544118404,-1.5994706670241499e-09,-0.0001508964051026851
-3.1051,-6.2206,0.72637,,,,,,,,0.0049209813101737275,-0.0022763449233025312,0.00013590285379905254,-0.0009240121580660343
-3.098,6.9683,0.33315,,,,,,,,0.0041999663679144796,-0.0019802709575742483,0.00014929610188119113,-0.00068276422098279
-3.0657,-0.0438,4.43762,,,,,,,,0.00610312497704059,-0.002324993023648858,-0.0019611045718193054,-0.0002459876413922757
-3.0642,7.4133,0.17022,,,,,,,,0.0035309344727256055,-0.0017005663830786943,8.706285007065162e-05,-0.0004662280553020537
-3.0625,-2.0653,3.82592,,,,,,,,0.0068417616110337835,-0.0027999752201139927,-0.0012549003586173058,-0.001512543996796012
-3.0261,3.1065,3.16231,,,,,,,,0.007034933720025928,-0.0030111996456980705,-0.0007863808423280716,-0.001639162888750434
-3.0258,-4.2227,2.27042,,,,,,,,0.006362028240186108,-0.0028026194777339697,-0.0002598892606329173,-0.0014821040676906705
-3.0196,4.1017,2.37439,,,,,,,,0.006475428214116928,-0.0028212829492986202,-0.00037076548323966563,-0.0015445672906935215
-3.0141,5.3532,1.37017,,,,,,,,0.005538178211158948,-0.002524306997656822,6.808868783991784e-05,-0.001136262551881373
-3.002,-6.7759,0.44357,,,,,,,,0.0041999663679144796,-0.0019802709575742483,0.00014929610188119113,-0.00068276422098279
-2.9952,0.2372,4.49036,,,,,,,,0.00610312497704059,-0.002324993023648858,-0.0019611045718193054,-0.0002459876413922757
-2.9698,-1.6105,4.14116,,,,,,,,0.006685003549408468,-0.0026789915282279253,-0.0014316824963316321,-0.0013948504347354174
-2.9638,-2.0251,3.93018,,,,,,,,0.0068417616110337835,-0.0027999752201139927,-0.0012549003586173058,-0.001512543996796012
-2.9447,-0.2217,4.53693,,,,,,,,0.00610312497704059,-0.002324993023648858,-0.0019611045718193054,-0.0002459876413922757
-2.9413,-4.4987,2.08984,,,,,,,,0.006477723953428068,-0.0029310265090316534,-0.00016633655468467623,-0.001368079916574061
-2.9371,15.25,0.1067,0.7472694516181946,0.000382391968742,0.0322262421250343,0.0036625452339649,17.49117088317871,-0.0132465735077857,0.0002105776511598,0.0026198217979210344,-0.0013090935535728931,8.214653957061557e-10,-4.626695590559393e-05
-2.9186,3.5191,2.92385,,,,,,,,0.0069917889133551256,-0.0030290374998003244,-0.0006544761708937585,-0.0016179835656657815
-2.9113,14.914,0.1064,0.7482221722602844,0.0004214265209157,0.0349572226405143,0.0036448037717491,17.535499572753906,-0.0146241504698991,0.0002090595808112,0.002623981014647861,-0.001311295898631215,8.729792444484019e-10,-4.2686737288022414e-05
-2.9067,13.3925,0.1058,0.753547191619873,0.0006720948731526,0.0507417805492877,0.003540564328432,17.588563919067383,-0.0216128658503294,0.0002025199355557,0.0026587737616939086,-0.0013280458515509963,1.0842767794727592e-09,-5.969669291516766e-05
-2.9042,-0.4617,4.5509,,,,,,,,0.0062651142209053535,-0.0024578399024903774,-0.001832433044910431,-0.0006435263785533607
-2.8967,-3.5958,2.87376,,,,,,,,0.006937717776733137,-0.0030422788113355637,-0.0005110703059472144,-0.0015862940344959497
-2.894,14.5548,0.1063,0.7494114637374878,0.0004642754793167,0.0379166603088378,0.0036251675337553,17.542678833007812,-0.0160643737763166,0.0002078589895972,0.002623981014647861,-0.001311295898631215,8.729792444484019e-10,-4.2686737288022414e-05
-2.8926,4.3069,2.27766,,,,,,,,0.006667209147636101,-0.002988866763189435,-0.00027069219504483044,-0.0014513168716803193
-2.8917,-5.1213,1.60739,,,,,,,,0.0059936965733369705,-0.0027568915393203497,4.5379283619695343e-07,-0.0011750099947676063
-2.8878,-4.4038,2.19909,,,,,,,,0.006667209147636101,-0.002988866763189435,-0.00027069219504483044,-0.0014513168716803193
-2.884,7.5256,0.15962,,,,,,,,0.003601390904443245,-0.001743617351166904,8.857428474584594e-05,-0.00044097306090407073
-2.8812,-1.3891,4.31094,,,,,,,,0.006573016003980171,-0.0026446059346199036,-0.00155116175301373,-0.0011836771154776216
-2.8436,-1.363,4.35304,,,,,,,,0.006573016003980171,-0.0026446059346199036,-0.00155116175301373,-0.0011836771154776216
-2.8326,-1.755,4.18543,,,,,,,,0.006744916501494042,-0.0027514405082911253,-0.0013889645924791694,-0.0013688780600205064
-2.828,-3.6167,2.89924,,,,,,,,0.006937717776733137,-0.0030422788113355637,-0.0005110703059472144,-0.0015862940344959497
-2.8237,2.8201,3.52237,,,,,,,,0.007032888939530935,-0.0030037208925932646,-0.0009027857449837029,-0.0015899749705567956
-2.8163,-0.9139,4.53153,,,,,,,,0.006399815364029785,-0.0025412864051759243,-0.001699781627394259,-0.0009444654569961131
-2.8118,-3.6161,2.90977,,,,,,,,0.006939562790648427,-0.0030837859958410263,-0.0004679691046476364,-0.0015200828202068806
-2.8039,-1.7457,4.21353,,,,,,,,0.006744916501494042,-0.0027514405082911253,-0.0013889645924791694,-0.0013688780600205064
-2.8,5.8316,1.08721,,,,,,,,0.005390393825626939,-0.0025126708205789328,0.00011554320371942595,-0.0009681020164862275
-2.7997,-3.2808,3.194,,,,,,,,0.007002058081464776,-0.003076408291235566,-0.0006085921195335686,-0.0015564485220238566
-2.7976,5.7819,1.12495,,,,,,,,0.005390393825626939,-0.0025126708205789328,0.00011554320371942595,-0.0009681020164862275
-2.7894,-6.1397,0.87416,,,,,,,,0.00506237333450181,-0.0023710704408586025,0.00013292080257087946,-0.000875935482326895
-2.784,8.0409,0.04379,,,,,,,,0.0032944925036211743,-0.0016146372072398663,5.488259193953127e-05,-0.00032148842001333833
-2.778,2.4005,3.85277,0.907423496246338,0.3587393760681152,0.4383386075496673,0.0045623462647199,28.86984634399414,-0.1919929832220077,0.000160339026479,0.0069621962851742335,-0.0029388952534645796,-0.001060998416505754,-0.0015346730360761285
-2.7683,4.472,2.209,,,,,,,,0.006460751084229601,-0.0029559596441686153,-0.00013665233564097434,-0.0012957449071109295
-2.7656,-2.9758,3.44941,,,,,,,,0.0070547990619786866,-0.003064932534471154,-0.0007385122589766979,-0.001582193304784596
-2.7578,7.9638,0.05952,,,,,,,,0.0032944925036211743,-0.0016146372072398663,5.488259193953127e-05,-0.00032148842001333833
-2.7133,9.0706,0.0959,0.771963894367218,-0.0035991941113024,0.1734147071838379,0.0029769532848149,19.254350662231445,-0.0769414380192756,0.0001555185881443,0.002901074251596208,-0.0014381527435034513,-5.9453233447470666e-09,-0.00018914185056928545
-2.7133,-9.0706,0.0959,,,,,,,,0.002901074251596208,-0.0014381527435034513,-5.9453233447470666e-09,-0.00018914185056928545
-2.6959,9.9195,0.0999,0.7665734887123108,0.0026122187264263,0.1314287185668945,0.0030082261655479,18.55057144165039,-0.0590455569326877,0.00016296285321,0.002836630473423427,-0.0014095185324549675,-7.19792392356311e-10,-0.00015772006008774042
-2.6959,-9.9195,0.0999,,,,,,,,0.002836630473423427,-0.0014095185324549675,-7.19792392356311e-10,-0.00015772006008774042
-2.6944,10.645,0.1023,0.7651255130767822,0.0019997050985693,0.1036661565303802,0.0031623588874936,18.227962493896484,-0.0474884957075119,0.0001745695626595,0.002762183942962012,-0.0013768195640295744,6.86239343128392e-10,-0.00010854916763491929
-2.6944,-10.645,0.1023,,,,,,,,0.002762183942962012,-0.0013768195640295744,6.86239343128392e-10,-0.00010854916763491929
-2.6606,-6.7213,0.5517,,,,,,,,0.004318984536456121,-0.0020672485698014498,0.00015490998339373618,-0.0006048909854143858
-2.6486,9.4753,0.0978,0.7697322368621826,0.002536621177569,0.1512715369462967,0.0029510881286114,18.77130508422852,-0.0683600157499313,0.0001577777875354,0.002836630473423427,-0.0014095185324549675,-7.19792392356311e-10,-0.00015772006008774042
-2.6486,-9.4753,0.0978,,,,,,,,0.002836630473423427,-0.0014095185324549675,-7.19792392356311e-10,-0.00015772006008774042
-2.6241,6.6671,0.59193,,,,,,,,0.004318984536456121,-0.0020672485698014498,0.00015490998339373618,-0.0006048909854143858
-2.6122,7.1892,0.32873,,,,,,,,0.003939364467361967,-0.0019018951570615172,0.00011552681098692119,-0.0004990956513211131
-2.6048,-0.4009,4.81492,,,,,,,,0.007093835969275272,-0.0028067827224731445,-0.002055153716355562,-0.0006920557352714241
-2.5853,-2.6578,3.81141,,,,,,,,0.007621693907484692,-0.0032937643118202686,-0.0009883553721010685,-0.001642201212234795
-2.5658,-5.5128,1.41784,,,,,,,,0.0056945999914372655,-0.002658471930772066,7.836231088731438e-05,-0.001016613794490695
-2.563,3.114,3.48492,,,,,,,,0.007600840710141779,-0.0033401285763829947,-0.0008070976473391056,-0.0016233697533607483
-2.534,1.9987,4.28626,,,,,,,,0.007561006632646581,-0.0031830540392547846,-0.0013294494710862637,-0.001546911895275116
-2.5192,-1.4918,4.56343,,,,,,,,0.007327720589256424,-0.002979092998430133,-0.001724065514281392,-0.0012555776629596949
-2.5163,3.2825,3.37354,0.8733028769493103,0.1873594522476196,0.4150741100311279,0.0069538252428174,298.4736633300781,-0.2853080928325653,2.251238765893504e-05,0.007509308302126867,-0.0033370526507496834,-0.0006660509388893843,-0.0015867840265855193
-2.5103,5.0743,1.8077,,,,,,,,0.006238901650260916,-0.00292644533328712,3.2353173651245015e-07,-0.001080227317288518
-2.5068,0.2471,4.90859,0.7715150117874146,0.5819169878959656,0.0686475187540054,0.0053312028758227,156.06085205078125,-0.1316555738449096,3.482904867269099e-05,0.007039837303968562,-0.002755786757916212,-0.002173943445086479,-0.00026350817643105984
-2.4773,1.0439,4.76953,0.8881290555000305,0.5541539192199707,0.2552522718906402,0.0044066258706152,24.373998641967773,-0.1682713329792022,0.0001824488281272,0.007364582469480526,-0.003073635743930936,-0.0017934684874489903,-0.0009463101159781218
-2.4627,0.5667,4.90261,0.8472567200660706,0.5945637822151184,0.1526904851198196,0.0044942204840481,42.62047576904297,-0.149882361292839,0.0001071575970854,0.007282516931346714,-0.0030069865752011538,-0.001948694116435945,-0.0006476003327406943
-2.4475,6.0515,1.04409,,,,,,,,0.005232234087955244,-0.002492427360266447,0.00012723049439955503,-0.0007846570224501193
-2.4457,-8.0161,0.06813,,,,,,,,0.0033534837051854777,-0.0016526529798284173,5.3778501751367e-05,-0.00027804539422504604
-2.4284,4.7673,2.11494,,,,,,,,0.006533493275329268,-0.0030435300432145596,-7.301626465050504e-05,-0.001184578868560493
-2.4281,-3.4171,3.31357,,,,,,,,0.007509308302126867,-0.0033370526507496834,-0.0006660509388893843,-0.0015867840265855193
-2.424,-12.1411,0.0701,,,,,,,,0.0027104474351383827,-0.0013536318438127637,1.3954571942420557e-09,-6.566700903931633e-05
-2.4148,6.4006,0.81145,,,,,,,,0.004874462853857673,-0.0023272891994565725,0.00015553738921880722,-0.0007068451959639788
-2.3672,-7.0249,0.44627,,,,,,,,0.004054719279603645,-0.0019671686459332705,0.0001111749152187258,-0.00047757173888385296
-2.3641,3.5476,3.23963,,,,,,,,0.007548551460367372,-0.003434983314946294,-0.0005881129181943834,-0.0014491963665932417
-2.3475,8.181,0.04132,,,,,,,,0.003117992921707178,-0.001545472303405404,3.00677365885349e-05,-0.00020268511434551328
-2.3425,-6.8088,0.57082,,,,,,,,0.0044560815940707914,-0.0021463886369019747,0.00014806065883021802,-0.0005790161085315049
-2.3389,-1.148,4.83781,,,,,,,,0.007364582469480526,-0.003073635743930936,-0.0017934684874489903,-0.0009463101159781218
-2.3369,-1.1576,4.83589,,,,,,,,0.007364582469480526,-0.003073635743930936,-0.0017934684874489903,-0.0009463101159781218
-2.3351,-11.1218,0.0678,,,,,,,,0.002768034554933018,-0.0013805958442389965,5.369006905731055e-10,-9.725707786856219e-05
-2.3232,-0.7199,4.97801,,,,,,,,0.007282516931346714,-0.0030069865752011538,-0.001948694116435945,-0.0006476003327406943
-2.321,-2.1148,4.3667,,,,,,,,0.0076754259748508125,-0.0033383651170879602,-0.0012280335649847984,-0.0014405876863747835
-2.3203,-2.1169,4.36571,,,,,,,,0.0076754259748508125,-0.0033383651170879602,-0.0012280335649847984,-0.0014405876863747835
-2.3113,1.4447,4.73894,0.9663151502609252,0.5040587186813354,0.3176908791065216,0.0043395459651947,18.35397720336914,-0.2194461673498153,0.0002379415527684,0.007481390515669893,-0.003159369807690382,-0.0016199246747419238,-0.0011777213076129556
-2.3102,-5.8464,1.24334,,,,,,,,0.005544924431565008,-0.002662320388481021,0.0001223828294314444,-0.000763949821703136
-2.3066,1.4468,4.74129,0.9676145911216736,0.5037058591842651,0.3178689181804657,0.0043371538631618,18.3447322845459,-0.2203787118196487,0.0002379394136369,0.007481390515669893,-0.003159369807690382,-0.0016199246747419238,-0.0011777213076129556
-2.3054,6.9826,0.4786,,,,,,,,0.0044560815940707914,-0.0021463886369019747,0.00014806065883021802,-0.0005790161085315049
-2.3042,3.4237,3.38153,,,,,,,,0.007548551460367372,-0.003434983314946294,-0.0005881129181943834,-0.0014491963665932417
-2.2844,-10.8271,0.0676,,,,,,,,0.002768034554933018,-0.0013805958442389965,5.369006905731055e-10,-9.725707786856219e-05
-2.2761,-15.9316,0.0773,,,,,,,,0.0026026553801439954,-0.0013010812690481544,7.272942803560056e-10,-2.532367034291383e-05
-2.2606,-9.2326,0.0658,,,,,,,,0.002922169494550663,-0.0014528660103678703,-3.877418386366571e-09,-0.00015475462714675814
-2.2515,-4.082,2.8278,,,,,,,,0.007243845250218263,-0.0033569324295967817,-0.00032507191644981503,-0.001320475828833878
-2.2398,-5.3973,1.63682,,,,,,,,0.0058939278966015606,-0.002814376028254628,7.997848297236487e-05,-0.0008703375933691859
-2.2386,1.5023,4.76271,0.9871522188186646,0.4949652254581451,0.3244220316410064,0.004308913834393,18.525489807128903,-0.2353807836771011,0.0002342072548344,0.007950649182468806,-0.0033693357836455107,-0.0017205426702275872,-0.0012208664556965232
-2.2375,11.6499,0.1041,0.7657944560050964,0.0011833842145279,0.0710628703236579,0.0033480327110737,17.96091079711914,-0.0396142601966857,0.0001876191963674,0.0027465221745245957,-0.0013714476954191923,1.1120609988424235e-09,-7.054950401652604e-05
-2.2372,4.086,2.83081,,,,,,,,0.007243845250218263,-0.0033569324295967817,-0.00032507191644981503,-0.001320475828833878
-2.2352,0.6142,5.06577,0.9210944771766664,0.5936651825904846,0.1601085215806961,0.0043561840429902,30.93466758728028,-0.1964240968227386,0.0001430472329957,0.007833830714007353,-0.0032411222346127033,-0.002091663423925638,-0.0006799240363761783
-2.2287,-0.6496,5.06339,,,,,,,,0.007833830714007353,-0.0032411222346127033,-0.002091663423925638,-0.0006799240363761783
-2.2264,-0.8545,5.01647,,,,,,,,0.007876156722129213,-0.0032962269615381956,-0.0019157042261213064,-0.0009866236941888928
-2.2259,-0.6501,5.06539,,,,,,,,0.007833830714007353,-0.0032411222346127033,-0.002091663423925638,-0.0006799240363761783
-2.2257,-0.8571,5.01615,,,,,,,,0.007876156722129213,-0.0032962269615381956,-0.0019157042261213064,-0.0009866236941888928
-2.1976,-6.0173,1.14874,,,,,,,,0.0052042660871378,-0.0025064668152481318,0.00013552552263718098,-0.0006858230917714536
-2.1756,-0.464,5.13753,,,,,,,,0.007833830714007353,-0.0032411222346127033,-0.002091663423925638,-0.0006799240363761783
-2.1709,0.8548,5.05593,0.9578641057014464,0.5720003843307495,0.2115358114242553,0.0042663631029427,24.080780029296875,-0.2195951789617538,0.0001784677879186,0.007876156722129213,-0.0032962269615381956,-0.0019157042261213064,-0.0009866236941888928
-2.1654,7.7952,0.14656,,,,,,,,0.003345774934389875,-0.0016550823347643018,5.569931090576574e-05,-0.00023696525022387505
-2.1437,2.1986,4.42944,1.0519319772720337,0.3815735280513763,0.3939274251461029,0.0043652281165122,19.84755516052246,-0.2919929027557373,0.0002217801084043,0.008057350306685154,-0.0035200135316699743,-0.0012872337829321623,-0.0014774157898500562
-2.1118,-1.7804,4.71062,,,,,,,,0.008014759656293145,-0.0034405402839183807,-0.0015129215316846967,-0.0013902676291763783
-2.1112,3.9593,3.00791,,,,,,,,0.007454953112852861,-0.0034705763682723045,-0.0003348986792843789,-0.001317962072789669
-2.1066,-1.773,4.71834,,,,,,,,0.008014759656293145,-0.0034405402839183807,-0.0015129215316846967,-0.0013902676291763783
-2.1017,1.2986,4.94915,,,,,,,,0.007950649182468806,-0.0033693357836455107,-0.0017205426702275872,-0.0012208664556965232
-2.0981,6.2124,1.02276,,,,,,,,0.0052042660871378,-0.0025064668152481318,0.00013552552263718098,-0.0006858230917714536
-2.0917,0.0817,5.23093,0.8172776699066162,0.5467562675476074,0.0205826610326766,0.0069536920636892,358.78271484375,-0.2212337255477905,1.87007444765186e-05,0.007808333889369566,-0.0032021107617765665,-0.002218777546659112,-0.00025696770171634853
-2.0916,10.9954,0.1052,0.7715866565704346,0.0016254016663879,0.0836669951677322,0.0032302483450621,17.824134826660156,-0.0486845448613166,0.0001823765342123,0.002772650712430067,-0.0013836666475981474,3.8258018975056984e-10,-8.581725705880672e-05
-2.0853,-0.0766,5.23566,,,,,,,,0.007808333889369566,-0.0032021107617765665,-0.002218777546659112,-0.00025696770171634853
-2.0791,-0.6036,5.17934,,,,,,,,0.007833830714007353,-0.0032411222346127033,-0.002091663423925638,-0.0006799240363761783
-2.0685,-8.2819,0.0382,,,,,,,,0.0031086763672338725,-0.0015450863866135478,3.045936864509713e-05,-0.00016657572996336967
-2.0648,0.0717,5.25043,0.7979244589805603,0.5298888087272644,0.0175531767308712,0.0073733571916818,461.761962890625,-0.2277248501777649,1.5525176422670484e-05,0.007808333889369566,-0.0032021107617765665,-0.002218777546659112,-0.00025696770171634853
-2.0557,6.6584,0.71599,,,,,,,,0.004511328001751493,-0.0021982342004776,0.00014575381646864116,-0.0004842956841457635
-2.0355,-5.9182,1.26831,,,,,,,,0.005637655809734555,-0.002717970171943307,0.00011447883298387751,-0.0007384602213278413
-2.0284,-4.8488,2.20993,,,,,,,,0.006654246490434142,-0.003161310451105237,-4.5661454350920394e-05,-0.0010362337343394756
-2.0196,2.753,4.10375,,,,,,,,0.008011834030037314,-0.003579093376174569,-0.0009311357280239463,-0.0015396259259432554
-2.0164,10.374,0.1033,0.7739261388778687,0.0022203875705599,0.0999855324625969,0.0031098583713173,18.22772979736328,-0.0588098466396331,0.0001717075356282,0.002791635982628558,-0.0013933543814346194,-4.279795629003047e-09,-8.289410470752046e-05
-2.0109,0.853,5.16576,0.9986925721168518,0.5660016536712646,0.2062110602855682,0.0042241406626999,26.37090492248535,-0.257159024477005,0.0001624156866455,0.008404094705967232,-0.003664580173790455,-0.0018413086654618382,-0.0009152248385362327
-1.9896,1.5694,4.898,1.05150306224823,0.4755106270313263,0.3221226036548614,0.0041900929063558,19.121612548828125,-0.2906399369239807,0.0002203292970079,0.008435761341697698,-0.003714456921443343,-0.0016448416281491518,-0.001134822960011661
-1.9382,-2.0365,4.66308,,,,,,,,0.008453767238236374,-0.00381256896071136,-0.0012099036248400807,-0.001366380718536675
-1.9168,1.813,4.81091,1.0852625370025637,0.4317699670791626,0.3436876833438873,0.0041809040121734,18.55691146850586,-0.3175727725028991,0.0002274242724524,0.008452468277674473,-0.0037598616909235716,-0.0014362656511366367,-0.0012890446232631803
-1.9123,-0.3161,5.33767,,,,,,,,0.008396104725944157,-0.003606603015214205,-0.0021361326798796654,-0.00023020752996671945
-1.9004,8.4223,0.02342,,,,,,,,0.0031191143238301286,-0.0015517112333327532,2.8265947548788972e-05,-0.00015366139996331185
-1.8908,0.4981,5.32475,,,,,,,,0.008401864183133403,-0.0036317205522209406,-0.002016163431107998,-0.0006273127510212362
-1.8808,-1.3766,5.05626,,,,,,,,0.008435761341697698,-0.003714456921443343,-0.0016448416281491518,-0.001134822960011661
-1.871,4.3478,2.74868,,,,,,,,0.0073920866245357104,-0.0035251781810075045,-0.00018622056813910604,-0.0010950693394988775
-1.8691,-0.107,5.37839,,,,,,,,0.008396104725944157,-0.003606603015214205,-0.0021361326798796654,-0.00023020752996671945
-1.8666,-5.6929,1.50186,,,,,,,,0.0057009476800814985,-0.002776817651465535,0.00012015685206279159,-0.0006324928253889084
-1.8504,-4.5539,2.55996,,,,,,,,0.007098738105083349,-0.0034030212555080652,-9.689031139714643e-05,-0.001004031510092318
-1.8473,1.9614,4.76438,,,,,,,,0.008453767238236374,-0.00381256896071136,-0.0012099036248400807,-0.001366380718536675
-1.8471,-1.4242,5.05588,,,,,,,,0.008435761341697698,-0.003714456921443343,-0.0016448416281491518,-0.001134822960011661
-1.8415,3.1075,3.91265,1.1240075826644895,0.217007577419281,0.4040526449680328,0.0045999996364116,37.988075256347656,-0.3768806755542755,0.0001232478389283,0.00822838490084973,-0.0038186286110430956,-0.0006804605363868177,-0.0013717246474698186
-1.8233,1.7147,4.92223,,,,,,,,0.008452468277674473,-0.0037598616909235716,-0.0014362656511366367,-0.0012890446232631803
-1.8223,0.496,5.36748,1.029903531074524,0.5816214680671692,0.1222174391150474,0.004337029531598,39.176151275634766,-0.2977321445941925,0.000112196074042,0.008836716185052003,-0.003861491335555911,-0.002054837066680193,-0.0006232315208762884
-1.8211,7.9468,0.12733,,,,,,,,0.003380052207905385,-0.0016794633120298386,5.36820080014877e-05,-0.00018085756164509803
-1.8183,-1.8948,4.8207,,,,,,,,0.008452468277674473,-0.0037598616909235716,-0.0014362656511366367,-0.0012890446232631803
-1.7819,6.5966,0.80995,,,,,,,,0.0049643366798197705,-0.0024256170727312565,0.0001536566996946931,-0.0005039157695136964
-1.7546,-0.2717,5.44011,,,,,,,,0.008856823277400385,-0.0038480234798043966,-0.0021797476802021265,-0.0002285716327605769
-1.7265,-4.3478,2.8095,,,,,,,,0.0073920866245357104,-0.0035251781810075045,-0.00018622056813910604,-0.0010950693394988775
-1.6991,1.151,5.25898,1.1095147132873535,0.5070865154266357,0.2402408272027969,0.0039670313708484,19.45502281188965,-0.3402269184589386,0.0002059787657344,0.008786888877336883,-0.0038720443844795227,-0.0018677236512303352,-0.0009062199969775975
-1.6969,3.4932,3.63296,1.096086859703064,0.1427325755357742,0.3748149275779724,0.0059206215664744,105.39461517333984,-0.4020618796348572,5.647281795972958e-05,0.008184771740332983,-0.0038521888200193644,-0.0005265907966531813,-0.0012770926114171743
-1.6803,0.6097,5.43344,,,,,,,,0.008836716185052003,-0.003861491335555911,-0.002054837066680193,-0.0006232315208762884
-1.6767,6.8808,0.64096,,,,,,,,0.0045481875859690836,-0.0022323119919747114,0.0001454903103876859,-0.0004088010755367577
-1.6706,-5.1348,2.06711,,,,,,,,0.006434518264776589,-0.0031126472167670727,3.547949017956853e-05,-0.0008129728375934064
-1.6653,7.9661,0.13259,,,,,,,,0.003380052207905385,-0.0016794633120298386,5.36820080014877e-05,-0.00018085756164509803
-1.6584,3.7749,3.38574,,,,,,,,0.00798537252285303,-0.0037842299789190292,-0.0003879382275044918,-0.0012127039954066277
-1.6526,6.1253,1.19028,,,,,,,,0.005337626610441067,-0.002605864079669118,0.00013016076991334558,-0.0005613332614302635
-1.6486,-5.5449,1.69024,,,,,,,,0.006107656999373014,-0.0029759174212813377,8.234437700593844e-05,-0.000680443539749831
-1.616,-4.1191,3.07451,,,,,,,,0.007740610002810195,-0.0036916169337928295,-0.00027403602143749595,-0.0011296590091660619
-1.5989,4.0665,3.13234,,,,,,,,0.007740610002810195,-0.0036916169337928295,-0.00027403602143749595,-0.0011296590091660619
-1.5937,-1.7724,5.01655,,,,,,,,0.008727264267321906,-0.003920263610780239,-0.0014371229335665703,-0.0012678707716986537
-1.591,1.0592,5.35332,1.1334524154663086,0.5051466822624207,0.2171836346387863,0.0039212778210639,20.48540306091309,-0.3619683682918548,0.000192964755115,0.008786888877336883,-0.0038720443844795227,-0.0018677236512303352,-0.0009062199969775975
-1.5783,7.4834,0.32338,,,,,,,,0.003755314272674006,-0.0018589498940855265,8.767930557951331e-05,-0.0002494272484909743
-1.5745,-5.4057,1.83731,,,,,,,,0.006107656999373014,-0.0029759174212813377,8.234437700593844e-05,-0.000680443539749831
-1.5586,-14.1619,0.0764,,,,,,,,0.002642455807440473,-0.0013210794422775507,1.0285402529675025e-09,-1.9806078853434883e-05
-1.555,13.2052,0.1108,0.7656933069229126,0.0006254514446482,0.0409394316375255,0.0035270128864794,16.85824966430664,-0.0301382951438426,0.0002100710553349,0.0026826677134915065,-0.0013410641113296151,1.321437514967272e-09,-2.689915527298581e-05
-1.5453,-13.5483,0.0754,,,,,,,,0.0026826677134915065,-0.0013410641113296151,1.321437514967272e-09,-2.689915527298581e-05
-1.5345,1.4615,5.21217,1.1623156070709229,0.4480033814907074,0.2707459330558777,0.003916232381016,19.11240196228028,-0.3826966285705566,0.000207039862289,0.009088202075696787,-0.004175173584371805,-0.0015018979320302606,-0.0009803480934351683
-1.5286,-12.4887,0.0736,,,,,,,,0.0027264671114055317,-0.0013627646258100867,1.4768245515384137e-09,-3.575334994820878e-05
-1.5218,-13.9112,0.0761,,,,,,,,0.0026826677134915065,-0.0013410641113296151,1.321437514967272e-09,-2.689915527298581e-05
-1.5171,5.1609,2.0846,,,,,,,,0.006472441255038188,-0.003145078895613551,3.761811603908427e-05,-0.0007617004448547959
-1.5006,-1.6525,5.13182,,,,,,,,0.009001454180105964,-0.004165030550211668,-0.001293444656766951,-0.0011117849498987198
-1.4923,2.8671,4.28064,1.1875455379486084,0.2275861203670501,0.3622249662876129,0.0044215326197445,33.04001998901367,-0.4227317273616791,0.0001357193395961,0.008658677617477668,-0.004094608128070831,-0.0007313464302569628,-0.0012010375503450632
-1.4791,-0.2633,5.59651,,,,,,,,0.009295932814704134,-0.004203171003609896,-0.0019755493849515915,-0.00018479682330507785
-1.4773,4.9769,2.27409,,,,,,,,0.006825056511501982,-0.0033031520433723927,-1.7037487850757316e-05,-0.0008568812045268714
-1.4758,3.8843,3.35769,0.9909871816635132,0.0714021325111389,0.3018381297588348,0.0086722308769822,310.56011962890625,-0.4200755953788757,2.6991850972990505e-05,0.008086426725143208,-0.003891873871907592,-0.0003150033298879862,-0.0010496022878214717
-1.4582,13.6347,0.1116,0.7641404867172241,0.0005384111427702,0.0359536819159984,0.0035636322572827,16.75718879699707,-0.0275699254125356,0.0002136558905476,0.0026826677134915065,-0.0013410641113296151,1.321437514967272e-09,-2.689915527298581e-05
-1.4532,-13.2496,0.0751,,,,,,,,0.0026826677134915065,-0.0013410641113296151,1.321437514967272e-09,-2.689915527298581e-05
-1.4175,8.606,0.01381,,,,,,,,0.0029660454826364465,-0.0014813641319051385,1.0385791938460898e-05,-6.934619887033477e-05
-1.4166,1.6029,5.19923,,,,,,,,0.009088202075696787,-0.004175173584371805,-0.0015018979320302606,-0.0009803480934351683
-1.3988,-2.6201,4.52372,,,,,,,,0.008795210376971327,-0.004134986083954573,-0.0008994174422696233,-0.0011966075981035829
-1.3836,-4.4653,2.81071,,,,,,,,0.007532661204517943,-0.003657194087281823,-0.00012368836905807257,-0.0008915597572922707
-1.3685,-7.5643,0.30972,,,,,,,,0.0037361759446276834,-0.0018557553412392735,8.876807987689972e-05,-0.0001950513105839491
-1.3638,11.1148,0.1079,0.77779221534729,0.0014317532768473,0.0679579153656959,0.0032644348684698,17.492450714111328,-0.0524069182574749,0.0001875452580861,0.0027791264233797074,-0.0013886120868846774,-3.4728889208857083e-10,-5.140419671079144e-05
-1.3638,-11.1148,0.1079,,,,,,,,0.0027791264233797074,-0.0013886120868846774,-3.4728889208857083e-10,-5.140419671079144e-05
-1.3416,10.8523,0.107,0.7785337567329407,0.0017077081138268,0.073497824370861,0.0032167839817702,17.71457290649414,-0.0566058494150638,0.0001826145307859,0.002778957900951091,-0.0013888988178223372,-6.201669178196312e-10,-4.014757359982468e-05
-1.3416,-10.8523,0.107,,,,,,,,0.002778957900951091,-0.0013888988178223372,-6.201669178196312e-10,-4.014757359982468e-05
-1.3344,-3.8458,3.44533,,,,,,,,0.008086426725143208,-0.003891873871907592,-0.0003150033298879862,-0.0010496022878214717
-1.332,10.4732,0.1057,0.7795519232749939,0.002098576631397,0.0820121169090271,0.003147798590362,18.030105590820312,-0.0625920295715332,0.0001756668061716,0.002788486304626835,-0.001393583370372653,-6.272027341935882e-09,-4.2887731979135424e-05
-1.332,-10.4732,0.1057,,,,,,,,0.002788486304626835,-0.001393583370372653,-6.272027341935882e-09,-4.2887731979135424e-05
-1.3189,-1.3836,5.35334,,,,,,,,0.009325742755710251,-0.004345559049397707,-0.0014269141247496009,-0.0009068638901226223
-1.302,0.5971,5.63056,1.1923117637634275,0.4989265203475952,0.1156200617551803,0.0039781760424375,30.81617927551269,-0.4242007732391357,0.0001311950036324,0.009601396778990298,-0.0044280062429606915,-0.0017897216603159904,-0.0004861708730459213
-1.295,1.0162,5.51569,1.2108649015426636,0.4632922112941742,0.1850281059741974,0.0037621038500219,21.1074333190918,-0.4256919026374817,0.0001806791406124,0.009452778067321066,-0.00437998678535223,-0.0016229422762989998,-0.0007214758661575615
-1.2773,2.2824,4.8321,1.2342604398727417,0.2903030514717102,0.3131064176559448,0.0040232138708233,22.591110229492188,-0.4454216659069061,0.0001806738000595,0.009054230442993593,-0.004278681240975857,-0.0009973229607567191,-0.0010922481305897236
-1.276,-2.5299,4.64392,,,,,,,,0.008917449407267245,-0.004236930049955845,-0.0008335156599059701,-0.0011108111357316375
-1.2475,4.0607,3.25635,,,,,,,,0.007826241224430014,-0.003784421132877469,-0.00021277157065924257,-0.0009723157272674143
-1.2469,8.1615,0.09933,,,,,,,,0.003357525842341262,-0.0016737577971071005,5.2470968512352556e-05,-0.00011843386164400727
-1.2031,6.3084,1.13229,,,,,,,,0.005339362561748961,-0.002634097123518586,0.00012978629092685878,-0.00041459136991761625
-1.2003,-6.6883,0.84558,,,,,,,,0.00453839120402033,-0.002245501382276416,0.00013996010238770396,-0.0002956068201456219
-1.1917,-0.7166,5.65187,,,,,,,,0.009601396778990298,-0.0044280062429606915,-0.0017897216603159904,-0.0004861708730459213
-1.1685,-5.8215,1.55267,,,,,,,,0.005698379114641211,-0.0028168833814561367,0.0001227137545356527,-0.00040986642125062644
-1.1627,7.0748,0.59133,,,,,,,,0.004105052208812614,-0.0020397265907377005,0.0001069834252120927,-0.0002023200213443488
-1.1512,-8.5949,0.01882,,,,,,,,0.0029511701704200005,-0.0014749298570677638,9.877600859908853e-06,-4.284499300410971e-05
-1.1258,-0.0632,5.76859,,,,,,,,0.009659026676502161,-0.0044440473429858685,-0.0018835535738617182,-0.00016391531971748918
-1.1247,-1.0896,5.55999,,,,,,,,0.009452778067321066,-0.00437998678535223,-0.0016229422762989998,-0.0007214758661575615
-1.1222,3.977,3.3754,0.9369043707847596,0.0385411642491817,0.2314462959766388,0.0097755650058388,472.51123046875,-0.4478305578231811,2.0523526472970843e-05,0.007866673759707943,-0.003827905748039484,-0.0001798971206881106,-0.0008865176932886243
-1.122,6.8524,0.7389,,,,,,,,0.0045061574998251095,-0.0022352272644639015,0.00013465958181768656,-0.0002489773614797741
-1.1215,8.0352,0.14032,,,,,,,,0.0033286825388746163,-0.0016607989091426134,5.1416875066934153e-05,-9.557797602610663e-05
-1.113,-1.1647,5.53492,,,,,,,,0.009452778067321066,-0.00437998678535223,-0.0016229422762989998,-0.0007214758661575615
-1.104,-3.8948,3.46334,,,,,,,,0.008139263388945665,-0.003944737371057272,-0.0002751602733042091,-0.0009618918993510306
-1.1038,12.6567,0.112,0.7717124819755554,0.0007007462554611,0.0412531569600105,0.0034847841598093,16.748414993286133,-0.0363544970750808,0.0002090986818075,0.0027303777182630354,-0.00136503204703331,1.4521257529764853e-09,-2.0691342797363177e-05
-1.0967,8.6136,0.01744,,,,,,,,0.002932624407253219,-0.0014659739099442959,9.316713658336084e-06,-3.0086088372627273e-05
-1.0945,-8.3497,0.05977,,,,,,,,0.003064118744212777,-0.0015311409952118993,2.5529172489768825e-05,-4.649122274713591e-05
-1.0875,-7.8447,0.20771,,,,,,,,0.0033286825388746163,-0.0016607989091426134,5.1416875066934153e-05,-9.557797602610663e-05
-1.0788,1.435,5.42711,1.2590899467468262,0.3705111443996429,0.2138475626707077,0.0037804385647177,23.263011932373047,-0.4671135544776916,0.0001653449435252,0.009325742755710251,-0.004345559049397707,-0.0014269141247496009,-0.0009068638901226223
-1.0775,-7.9918,0.15614,,,,,,,,0.0033286825388746163,-0.0016607989091426134,5.1416875066934153e-05,-9.557797602610663e-05
-1.0557,-2.232,4.94854,,,,,,,,0.009054230442993593,-0.004278681240975857,-0.0009973229607567191,-0.0010922481305897236
-1.047,6.6943,0.85655,,,,,,,,0.0045061574998251095,-0.0022352272644639015,0.00013465958181768656,-0.0002489773614797741
-1.0265,-11.0662,0.0721,,,,,,,,0.002777655150211537,-0.0013885252410545945,-9.650160670560126e-10,-2.89773761323886e-05
-1.0125,-8.2496,0.08426,,,,,,,,0.003064118744212777,-0.0015311409952118993,2.5529172489768825e-05,-4.649122274713591e-05
-1.0066,-3.6006,3.78054,,,,,,,,0.00797355810248492,-0.003911464475095272,-0.00016751607472542673,-0.0007528553833253682
-0.9978,-10.5122,0.0711,,,,,,,,0.002777655150211537,-0.0013885252410545945,-9.650160670560126e-10,-2.89773761323886e-05
-0.9886,1.0116,5.63928,,,,,,,,0.009331443919631865,-0.004458178766071796,-0.0012746583670377731,-0.0005185070331208408
-0.9423,-1.2108,5.57815,,,,,,,,0.009331443919631865,-0.004458178766071796,-0.0012746583670377731,-0.0005185070331208408
-0.9327,-6.1726,1.28037,,,,,,,,0.005152355487575177,-0.002561313332989812,0.00013590443995781243,-0.00024061537988018245
-0.9274,-1.7678,5.29885,,,,,,,,0.009012309893175849,-0.004333874210715294,-0.0009531175019219518,-0.0007839220343157649
-0.9248,-7.5571,0.33979,,,,,,,,0.003601619322340878,-0.001795231830328703,9.111023973673582e-05,-0.00010842986375791952
-0.9222,5.7462,1.66363,,,,,,,,0.005527063024490274,-0.0027455377858132124,0.00013552654127124697,-0.00028418522560968995
-0.9048,8.4389,0.04555,,,,,,,,0.0030035212196786775,-0.0015014203963801265,2.8084139557904564e-05,-1.5264458852470852e-05
-0.8995,-1.7669,5.30745,,,,,,,,0.009012309893175849,-0.004333874210715294,-0.0009531175019219518,-0.0007839220343157649
-0.8987,-6.9258,0.70632,,,,,,,,0.004364735629872406,-0.0021716447081416845,0.0001383463095407933,-0.00016597843205090612
-0.8822,-0.6936,5.77097,,,,,,,,0.009482562264586528,-0.004520381335169077,-0.0013911814894527197,-0.00033243559300899506
-0.8793,6.5475,0.98129,,,,,,,,0.004767174000103701,-0.002369536552578211,0.00014766404638066888,-0.00021208215912338346
-0.8774,0.8076,5.74225,1.2858502864837646,0.3773677945137024,0.112244613468647,0.0039723035879433,36.20330429077149,-0.497230052947998,0.0001118365908041,0.009482562264586528,-0.004520381335169077,-0.0013911814894527197,-0.00033243559300899506
-0.8568,-0.889,5.72454,,,,,,,,0.009331443919631865,-0.004458178766071796,-0.0012746583670377731,-0.0005185070331208408
-0.846,0.2336,5.85861,1.259873628616333,0.3795300722122192,0.0299045909196138,0.0051592690870165,85.31546783447266,-0.5099430084228516,6.145322549855337e-05,0.009538935774346967,-0.004545704927295446,-0.0014406186528503895,-9.491331729805097e-05
-0.8332,-8.1893,0.10328,,,,,,,,0.0030035212196786775,-0.0015014203963801265,2.8084139557904564e-05,-1.5264458852470852e-05
-0.8311,-0.6066,5.80717,,,,,,,,0.009482562264586528,-0.004520381335169077,-0.0013911814894527197,-0.00033243559300899506
-0.8186,-8.4149,0.05188,,,,,,,,0.0030035212196786775,-0.0015014203963801265,2.8084139557904564e-05,-1.5264458852470852e-05
-0.7983,0.5001,5.838,1.2881712913513184,0.3640067875385284,0.0615898445248603,0.0044428398832678,55.54049682617188,-0.5126587152481079,8.141091529978439e-05,0.009629348541704337,-0.004648557398468256,-0.001224472071044147,-0.0002695748407859355
-0.7944,1.7637,5.33844,,,,,,,,0.009092979639785241,-0.004415202885866165,-0.00084095005877316,-0.0006850957288406789
-0.7899,4.1429,3.29194,,,,,,,,0.007705268811083871,-0.003789525479078293,-9.125647193286568e-05,-0.0006884480826556683
-0.787,-8.78,0.00717,,,,,,,,0.0029007284380429166,-0.0014503069687634706,9.917059287545271e-06,-8.228979822888505e-06
-0.7798,2.2666,5.00708,1.2874544858932495,0.2050152570009231,0.2334514111280441,0.0043079429306089,42.36869430541992,-0.4989131391048431,0.0001045669851009,0.008935672659540773,-0.004353167023509741,-0.0006680091028101742,-0.0007518391939811409
-0.7757,-2.0497,5.1622,,,,,,,,0.008935672659540773,-0.004353167023509741,-0.0006680091028101742,-0.0007518391939811409
-0.7646,1.8586,5.2894,1.2942105531692505,0.2506936192512512,0.2062276899814605,0.0041395314037799,38.58022689819336,-0.5009860992431641,0.0001102618698496,0.009092979639785241,-0.004415202885866165,-0.00084095005877316,-0.0006850957288406789
-0.7644,8.7913,0.00696,,,,,,,,0.0029007284380429166,-0.0014503069687634706,9.917059287545271e-06,-8.228979822888505e-06
-0.7506,-1.3467,5.57474,,,,,,,,0.00928520905428622,-0.004497436340898275,-0.000992650631815195,-0.0005843696417286992
-0.72,-6.5013,1.03073,,,,,,,,0.004767174000103701,-0.002369536552578211,0.00014766404638066888,-0.00021208215912338346
-0.7104,0.9394,5.74829,1.3103529214859009,0.3152486085891723,0.1069898083806037,0.0039106071926653,35.62018966674805,-0.5141093730926514,0.0001126720089814,0.009468752206190804,-0.004576847888529301,-0.0011300957994535565,-0.00043550427653826773
-0.6953,3.3255,4.12226,1.1904544830322266,0.0626296997070312,0.226672351360321,0.0068584908731281,122.75296020507812,-0.4946320056915283,5.43689020560123e-05,0.008263244470694252,-0.004063263535499573,-0.000205478398129344,-0.0007197015802375972
-0.6939,-5.8982,1.54716,,,,,,,,0.005419253828869118,-0.0026979115791618824,0.00012931453238707036,-0.00021593720884993672
-0.6803,-5.7928,1.64586,,,,,,,,0.005419253828869118,-0.0026979115791618824,0.00012931453238707036,-0.00021593720884993672
-0.6743,-3.3178,4.13424,,,,,,,,0.008263244470694252,-0.004063263535499573,-0.000205478398129344,-0.0007197015802375972
-0.6653,4.5119,2.93195,,,,,,,,0.007068895040918517,-0.003503415733575821,4.379321762826294e-05,-0.00046527371159754694
-0.657,5.437,1.98809,,,,,,,,0.0058618831998314734,-0.0029159944970160723,0.00011613564856816083,-0.00027185890940018
-0.6516,0.2542,5.91026,1.2726819515228271,0.3011143207550049,0.0230590980499982,0.0056103845126926,101.14276123046876,-0.5344974398612976,5.591465378529392e-05,0.009689413433509106,-0.00467929570004344,-0.0012532962718978524,-6.799542461521924e-05
-0.6429,0.9164,5.77169,,,,,,,,0.009468752206190804,-0.004576847888529301,-0.0011300957994535565,-0.00043550427653826773
-0.6241,-0.2482,5.91672,,,,,,,,0.009689413433509106,-0.00467929570004344,-0.0012532962718978524,-6.799542461521924e-05
-0.6205,-3.4282,4.0413,,,,,,,,0.008263244470694252,-0.004063263535499573,-0.000205478398129344,-0.0007197015802375972
-0.5781,1.6267,5.47031,1.2906564474105835,0.2197317630052566,0.1526872813701629,0.0047277524136006,61.51892852783203,-0.5215187668800354,7.831506081856787e-05,0.009092979639785241,-0.004415202885866165,-0.00084095005877316,-0.0006850957288406789
-0.5552,0.0885,5.9409,1.1192197799682615,0.2296866774559021,0.0056817112490534,0.0099786287173628,403.85589599609375,-0.5531575083732605,2.3740230972180143e-05,0.009689413433509106,-0.00467929570004344,-0.0012532962718978524,-6.799542461521924e-05
-0.5538,-7.526,0.37215,,,,,,,,0.0034575941268621523,-0.0017246671486645937,8.803611854091287e-05,-8.069792238529772e-05
-0.5494,-6.3855,1.1363,,,,,,,,0.0046062442136971336,-0.0022938137408345938,0.00013774305989500135,-0.00015432696091011167
-0.5486,-4.7653,2.68177,,,,,,,,0.007068895040918517,-0.003503415733575821,4.379321762826294e-05,-0.00046527371159754694
-0.544,-6.5135,1.03395,,,,,,,,0.0046062442136971336,-0.0022938137408345938,0.00013774305989500135,-0.00015432696091011167
-0.5436,-1.7884,5.3802,,,,,,,,0.009092979639785241,-0.004415202885866165,-0.00084095005877316,-0.0006850957288406789
-0.4975,-0.3935,5.92514,,,,,,,,0.008520087183922841,-0.004223746247589588,-0.0005546455504372716,1.753153628669679e-05
-0.4815,8.6402,0.02078,,,,,,,,0.0028607806532754436,-0.0014303483767434955,1.0197149094892666e-05,-4.003228241344914e-06
-0.4794,4.094,3.38677,,,,,,,,0.007275173313241471,-0.0036200417671352625,5.739299376728013e-05,-0.00035219360142946243
-0.4597,0.5806,5.90021,1.3086631298065186,0.2292192429304123,0.0382140167057514,0.0048775505274534,70.54222106933594,-0.5365709662437439,7.072042353684083e-05,0.008543786245249794,-0.004230298567563295,-0.0005911326734349132,-6.486172060249373e-05
-0.4512,0.3742,5.93575,1.260164737701416,0.2189034223556518,0.019813971593976,0.00665890192613,139.37423706054688,-0.5429109930992126,4.647411697078496e-05,0.008520087183922841,-0.004223746247589588,-0.0005546455504372716,1.753153628669679e-05
-0.4396,-8.8298,0.00619,,,,,,,,0.002810237173524453,-0.0014050515601411462,1.352095296169864e-05,2.353729087190004e-06
-0.4334,-4.4398,3.03229,,,,,,,,0.006960010096263838,-0.00346623407676816,8.642920147394761e-05,-0.0002969620400108397
-0.4288,-5.2153,2.23125,,,,,,,,0.005856825515499256,-0.002921199658885598,0.00014161709987092763,-0.00014878988440614194
-0.4222,-7.8777,0.21911,,,,,,,,0.002941318474778594,-0.001469218055717647,6.476091220974922e-05,-6.551451861014357e-06
-0.4151,2.5636,4.84732,1.2481313943862915,0.0909407660365104,0.1702746152877807,0.0061853835359215,102.39010620117188,-0.5150421261787415,6.0009097069269046e-05,0.008112891219500143,-0.004020570311695337,-0.00024226721143350005,-0.00048069944023154676
-0.3883,0.2761,5.95767,1.2808386087417605,0.1975957453250885,0.0116738826036453,0.0061025996692478,114.2682113647461,-0.5381953716278076,5.326333484845236e-05,0.008520087183922841,-0.004223746247589588,-0.0005546455504372716,1.753153628669679e-05
-0.3879,2.1428,5.17291,,,,,,,,0.008176159162104046,-0.004050991497933865,-0.0003304998972453177,-0.0004388990346342325
-0.3602,2.4252,4.96368,,,,,,,,0.008112891219500143,-0.004020570311695337,-0.00024226721143350005,-0.00048069944023154676
-0.3351,-12.7808,0.0771,,,,,,,,0.0026894958728568017,-0.0013447476085275412,1.268427807232797e-09,9.390880109094724e-07
-0.3253,-7.1596,0.58821,,,,,,,,0.00352327338819708,-0.0017576718237251043,0.00011556776007637382,-2.4447799660265446e-05
-0.3067,-5.5175,1.93977,,,,,,,,0.005427045920558627,-0.00270745437592268,0.00014631882368121296,-0.00010718423436628655
-0.2691,-4.2017,3.29433,,,,,,,,0.007275173313241471,-0.0036200417671352625,5.739299376728013e-05,-0.00035219360142946243
-0.2562,13.8069,0.1163,0.7697176337242126,0.000411974673625,0.0233168676495552,0.003597458358854,16.20785903930664,-0.0303946621716022,0.0002233464183518,0.0026894958728568017,-0.0013447476085275412,1.268427807232797e-09,9.390880109094724e-07
-0.2475,-0.2446,5.9762,,,,,,,,0.00847368710340204,-0.004216169938445091,-0.00041704130126163363,2.8825072149629705e-05
-0.2423,-8.3583,0.07371,,,,,,,,0.0027977732320189908,-0.0013983696699142456,3.6912890209350735e-05,9.136150765698403e-06
-0.2215,-6.2701,1.25249,,,,,,,,0.0036189058712040706,-0.001807088148780167,9.056060662260279e-05,1.8738335711532272e-05
-0.1878,-0.5559,5.93549,,,,,,,,0.008722236778240402,-0.004335054196417332,-0.00047465020907111466,-3.695804480230436e-05
-0.1721,-5.7822,1.6937,,,,,,,,0.004104896155321887,-0.0020503532141447067,9.241921361535788e-05,7.314211870834697e-06
-0.1547,7.1937,0.57315,,,,,,,,0.002576738825087144,-0.00128551188390702,8.562587026972324e-05,4.811429334949935e-06
-0.1463,0.7482,5.89432,1.2546145915985107,0.0974349677562713,0.0158637817949056,0.0066812080331146,130.32101440429688,-0.5287963151931763,5.178114588488825e-05,0.008722236778240402,-0.004335054196417332,-0.00047465020907111466,-3.695804480230436e-05
-0.1377,0.4827,5.95335,1.2071375846862793,0.0867339968681335,0.002274478552863,0.00808378867805,192.6234741210937,-0.532254159450531,4.0903087210608646e-05,0.008722236778240402,-0.004335054196417332,-0.00047465020907111466,-3.695804480230436e-05
-0.1336,0.3868,5.96787,1.164190411567688,0.080590508878231,-0.0005593156674876,0.0091160405427217,254.07473754882807,-0.5339853763580322,3.458954961388372e-05,0.00847368710340204,-0.004216169938445091,-0.00041704130126163363,2.8825072149629705e-05
-0.1161,3.2291,4.28183,,,,,,,,0.008578354710747298,-0.0042648050002753735,-4.547598655335605e-05,-0.00045432656770572066
-0.0994,6.4464,1.11187,,,,,,,,0.0032026059676880632,-0.0015984369674697518,9.360878175357357e-05,2.0196610421407968e-05
-0.0912,0.7156,5.90473,1.2129398584365845,0.0678663179278373,0.0072119813412427,0.0077389949001371,173.4363555908203,-0.5314404964447021,4.452356006368064e-05,0.008722236778240402,-0.004335054196417332,-0.00047465020907111466,-3.695804480230436e-05
-0.085,0.6364,5.92342,1.202868103981018,0.0635655373334884,0.003548561129719,0.0079942783340811,186.13609313964844,-0.5317476391792297,4.276938489056192e-05,0.008722236778240402,-0.004335054196417332,-0.00047465020907111466,-3.695804480230436e-05
-0.0681,8.355,0.07621,,,,,,,,0.002411433490088674,-0.0012051683152094483,3.611796273617074e-05,-4.2064311855938286e-06
-0.0414,-7.4096,0.45085,,,,,,,,0.0024005487106379853,-0.0011975636007264256,7.918022311059758e-05,-1.5180333321040962e-05
-0.0405,-7.008,0.69562,,,,,,,,0.0028355145449442017,-0.0014146999455988407,9.113270789384842e-05,1.8830218323273584e-05
-0.038,-6.0775,1.42933,,,,,,,,0.0036189058712040706,-0.001807088148780167,9.056060662260279e-05,1.8738335711532272e-05
-0.0303,2.2566,5.11485,,,,,,,,0.00886916893668333,-0.004405686166137457,-0.00027509380015544593,-0.0004240191192366183
-0.0161,0.1997,5.99262,1.0533024072647097,0.0224243812263011,-0.0036405711434781,0.010671367868781,394.1919250488281,-0.5332033038139343,2.662503720785025e-05,0.00847368710340204,-0.004216169938445091,-0.00041704130126163363,2.8825072149629705e-05
0.0036,-8.7246,0.01387,,,,,,,,0.00284145217232175,-0.0014171998482197523,-4.199931936454959e-06,-9.994779975386336e-05
0.0248,4.4923,3.00695,0.1510917395353317,-0.0058794277720153,0.0036641261540353,0.0002186324709327,39783.171875,-0.4234059751033783,1.9402506268306752e-08,0.006293723602132464,-0.0031405570916831493,0.00016221754776779562,0.00011543749860720709
0.0388,6.0658,1.43973,,,,,,,,0.004337222339413441,-0.0021682647056877613,-2.4002447389648296e-05,3.04377063002903e-05
0.0519,4.6393,2.85215,,,,,,,,0.006041106670816536,-0.0030163824558258057,0.00010772568930406123,0.00011650969099719077
0.0556,-2.8399,4.63994,,,,,,,,0.005886766007660398,-0.002922053448855877,0.0003443014866206795,8.101626735879108e-05
0.073,-5.8983,1.5906,,,,,,,,0.004692715069197471,-0.002345625776797533,-1.526897722214926e-05,5.6570785091025755e-05
0.0844,1.0279,5.8063,,,,,,,,0.004887944047661221,-0.0024223444052040577,0.0003057692665606737,0.00010840660252142698
0.0852,-6.4426,1.11561,,,,,,,,0.0039957684523837704,-0.0019977788906544447,-1.902853728097398e-05,-7.668121725146193e-06
0.0926,7.9825,0.18604,,,,,,,,0.002930777903998624,-0.0014603935414925218,-6.986550488363719e-06,-0.0001206924716825597
0.0931,-0.1829,5.9924,,,,,,,,0.005737115032662972,-0.0028512757271528244,0.00031278067035600543,3.189364360878244e-05
0.0951,-3.224,4.28795,,,,,,,,0.006250044879502338,-0.003105967538431287,0.0003341342671774328,8.4173574578017e-05
0.1142,-6.071,1.43175,,,,,,,,0.004337222339413441,-0.0021682647056877613,-2.4002447389648296e-05,3.04377063002903e-05
0.1168,7.7319,0.28684,,,,,,,,0.0031482327039712038,-0.0015697898343205452,-2.322885620742454e-06,-0.00011660518794087693
0.1524,-4.1879,3.31738,,,,,,,,0.006474311655744778,-0.0032279903534799814,0.00021735926566179842,0.00010959507926600054
0.1541,-2.6376,4.80734,,,,,,,,0.005553165339540831,-0.002753149950876832,0.00035482985549606383,6.060069063096307e-05
0.1548,-4.2191,3.28466,,,,,,,,0.006293723602132464,-0.0031405570916831493,0.00016221754776779562,0.00011543749860720709
0.1562,5.8826,1.60114,,,,,,,,0.004692715069197471,-0.002345625776797533,-1.526897722214926e-05,5.6570785091025755e-05
0.1617,7.3208,0.49741,,,,,,,,0.003401849333316054,-0.0016990086296573281,-1.0148875844606664e-05,-8.007120777620003e-05
0.1715,-2.8476,4.62653,,,,,,,,0.005886766007660398,-0.002922053448855877,0.0003443014866206795,8.101626735879108e-05
0.176,6.0392,1.4568,,,,,,,,0.004337222339413441,-0.0021682647056877613,-2.4002447389648296e-05,3.04377063002903e-05
0.1821,-2.3219,5.05778,,,,,,,,0.0052380154292658325,-0.0025957156904041767,0.0003418170381337404,6.798953108955175e-05
0.188,-2.4616,4.94869,,,,,,,,0.005553165339540831,-0.002753149950876832,0.00035482985549606383,6.060069063096307e-05
0.1899,6.3551,1.18313,,,,,,,,0.0039957684523837704,-0.0019977788906544447,-1.902853728097398e-05,-7.668121725146193e-06
0.1925,7.6557,0.32105,,,,,,,,0.0031482327039712038,-0.0015697898343205452,-2.322885620742454e-06,-0.00011660518794087693
0.1943,-2.8413,4.63057,,,,,,,,0.005886766007660398,-0.002922053448855877,0.0003443014866206795,8.101626735879108e-05
0.2001,-7.1369,0.60741,,,,,,,,0.003401849333316054,-0.0016990086296573281,-1.0148875844606664e-05,-8.007120777620003e-05
0.2192,3.3849,4.12549,0.8679887652397156,-0.087843120098114,0.0147249940782785,0.0109457848593592,403.1217956542969,-0.4690209329128265,2.642558683874085e-05,0.006424462758918167,-0.0031961780041456223,0.0003076891298405826,9.057593706529588e-05
0.2456,8.1273,0.13562,,,,,,,,0.0037806592045709245,-0.0018893631640821695,-2.61362838500645e-05,-5.449526724987663e-05
0.2521,-7.2386,0.54217,,,,,,,,0.004611121853305308,-0.002304939553141594,-3.727828516275622e-05,-3.840797216980718e-05
0.2667,-8.1437,0.1297,,,,,,,,0.0037806592045709245,-0.0018893631640821695,-2.61362838500645e-05,-5.449526724987663e-05
0.2759,-7.1245,0.61241,,,,,,,,0.004611121853305308,-0.002304939553141594,-3.727828516275622e-05,-3.840797216980718e-05
0.2819,-0.2716,5.97024,,,,,,,,0.005737115032662972,-0.0028512757271528244,0.00031278067035600543,3.189364360878244e-05
0.2939,4.7889,2.68056,,,,,,,,0.005642416996431307,-0.0028167404234409332,0.00015231387806124985,4.462353535927832e-05
0.2993,-2.5396,4.8776,,,,,,,,0.0008717769479539542,-0.0002785397518891841,0.00025166512932628393,-0.00022153787722345442
0.3188,2.5336,4.88081,,,,,,,,0.0008717769479539542,-0.0002785397518891841,0.00025166512932628393,-0.00022153787722345442
0.3248,2.9929,4.48506,0.8165184855461121,-0.1048244908452034,0.0083179287612438,0.0112115293741226,324.1101989746094,-0.4102553129196167,3.259084769524634e-05,0.0027686278242947076,-0.0013318945420905948,0.0003391882637515664,-0.00016532772860955447
0.3273,6.4171,1.12467,,,,,,,,0.0051889356588546015,-0.0025940968189388514,-4.167441147728823e-05,1.3720617062062956e-05
0.3414,6.966,0.71214,,,,,,,,0.004917627021712076,-0.002458431525155902,-4.084867032361217e-05,-1.4481140169664286e-05
0.3645,-0.355,5.95189,,,,,,,,0.0022213427854293794,-0.0010791232343763113,0.00018230389105156064,0.00018933905812446028
0.3709,0.3708,5.94863,0.8673128485679626,-0.0840219780802726,-0.0353157371282577,0.0101167261600494,231.33981323242188,-0.356531023979187,4.062704829266295e-05,0.0022213427854293794,-0.0010791232343763113,0.00018230389105156064,0.00018933905812446028
0.3755,-1.6647,5.48052,,,,,,,,0.0009857484486037649,0.0004663639410864562,7.7784490713384e-05,-0.0001392093690810725
0.3845,3.7109,3.78839,0.7593236565589905,-0.093615174293518,0.0043787192553281,0.0106275659054517,444.6876525878906,-0.4007388353347778,2.3525046344730072e-05,0.004388750763882132,-0.0021727026905864477,0.0003018455463461578,-5.946092278463766e-05
0.434,-2.1787,5.14049,,,,,,,,0.0006085248608244139,9.486373164691031e-05,0.00018980713502969593,-0.00021805905271321535
0.4437,-1.9307,5.30892,,,,,,,,0.0009857484486037649,0.0004663639410864562,7.7784490713384e-05,-0.0001392093690810725
0.444,-8.8878,0.0039,,,,,,,,0.003035253193650361,-0.0015173531137406826,-6.899716936459299e-06,-2.7971584131591953e-05
0.4547,1.4043,5.60924,,,,,,,,0.0009529207727109819,0.0004763475153595209,8.184050784620922e-06,6.369120001181727e-06
0.4586,-1.5116,5.55227,,,,,,,,0.0009529207727109819,0.0004763475153595209,8.184050784620922e-06,6.369120001181727e-06
0.4614,1.6018,5.50308,0.632048487663269,-0.0592715628445148,-0.0104106413200497,0.0114419590681791,211.0447998046875,-0.2519993185997009,4.631737829186022e-05,0.0009529207727109819,0.0004763475153595209,8.184050784620922e-06,6.369120001181727e-06
0.4744,-0.0354,5.9578,,,,,,,,0.0022213427854293794,-0.0010791232343763113,0.00018230389105156064,0.00018933905812446028
0.4877,-2.2415,5.08545,,,,,,,,0.0006085248608244139,9.486373164691031e-05,0.00018980713502969593,-0.00021805905271321535
0.4965,5.9661,1.50202,,,,,,,,0.005079353170661824,-0.002535416278988123,3.776754965656437e-05,0.00014210933295544237
0.5557,-2.1387,5.14725,,,,,,,,0.000738608558707645,0.0002159339637728408,0.00014448611182160676,-0.00026245368644595146
0.5567,-8.8111,0.00669,,,,,,,,0.0029165168368547054,-0.0014582331059500575,-5.037985374656273e-06,6.960052360227564e-06
0.5611,-5.6622,1.77927,,,,,,,,0.005256645300915758,-0.002622331492602825,7.635552901774645e-05,0.00016008538659662008
0.5754,-3.0449,4.40755,,,,,,,,0.0019995471818255615,-0.0008586522308178246,0.0004357471480034292,-0.000269050186034292
0.5853,3.2292,4.23712,0.7643795013427734,-0.132759541273117,0.016773160547018,0.010911401361227,206.8504180908203,-0.2872409522533417,4.666385939344764e-05,0.0019995471818255615,-0.0008586522308178246,0.0004357471480034292,-0.000269050186034292
0.5906,-1.822,5.35113,,,,,,,,0.000873702182343315,0.0004129761946387589,-8.25683764560381e-06,-0.0001422018394805491
0.5979,3.9133,3.5596,0.7118178009986877,-0.1074318289756774,-0.0027865306474268,0.0102257374674081,375.06005859375,-0.3414170444011688,2.71316384896636e-05,0.004436086588424866,-0.0021848876494914293,0.0003817996184807271,1.452809101465391e-05
0.6017,-7.2728,0.5077,,,,,,,,0.004114995202860818,-0.002057248493656516,-1.1041013749490958e-05,3.005180951731745e-05
0.6045,-7.4439,0.41037,,,,,,,,0.00377597418027823,-0.0018879660638049245,-8.854002771840896e-06,1.0005437616200652e-06
0.6054,-3.1708,4.2872,,,,,,,,0.0019995471818255615,-0.0008586522308178246,0.0004357471480034292,-0.000269050186034292
0.6183,-14.6892,0.0829,,,,,,,,0.002647553957941774,-0.001323690521530807,1.0042335851778716e-09,1.5129218809306622e-05
0.6254,-3.4925,3.97799,,,,,,,,0.002860001311442891,-0.0013462388888001442,0.00044874846935272217,-0.00017654331168159842
0.627,-3.1363,4.31413,,,,,,,,0.0019995471818255615,-0.0008586522308178246,0.0004357471480034292,-0.000269050186034292
0.6397,-14.4075,0.0826,,,,,,,,0.002647553957941774,-0.001323690521530807,1.0042335851778716e-09,1.5129218809306622e-05
0.6418,-13.0122,0.0805,,,,,,,,0.002686465081657975,-0.0013430502731353045,1.194365828460775e-09,2.2127416741568595e-05
0.6443,-8.4379,0.0502,,,,,,,,0.003116205109578008,-0.0015580549370497465,-1.184783013741253e-05,-2.830776566042914e-06
0.6452,1.0746,5.71724,0.5026748180389404,-0.0334578417241573,-0.0344590246677398,0.0106484899297356,155.61448669433594,-0.1827065646648407,5.567827611230314e-05,0.0009128281599692019,0.00042608423973433673,-0.00012208033876959234,0.00010891475540120155
0.6614,-13.7451,0.0816,,,,,,,,0.002686465081657975,-0.0013430502731353045,1.194365828460775e-09,2.2127416741568595e-05
0.6654,1.7699,5.36785,,,,,,,,0.000873702182343315,0.0004129761946387589,-8.25683764560381e-06,-0.0001422018394805491
0.6693,-13.3951,0.0811,,,,,,,,0.002686465081657975,-0.0013430502731353045,1.194365828460775e-09,2.2127416741568595e-05
0.6871,1.8441,5.31833,0.3894555866718292,-0.0430903173983097,0.017621736973524,0.0113346930593252,155.71087646484375,-0.1710198670625686,5.960222915746272e-05,0.000873702182343315,0.0004129761946387589,-8.25683764560381e-06,-0.0001422018394805491
0.7379,-1.68,5.40125,,,,,,,,0.000873702182343315,0.0004129761946387589,-8.25683764560381e-06,-0.0001422018394805491
0.7643,-1.357,5.56606,,,,,,,,0.0009309899852340814,0.00045577442506328225,-9.453024540562183e-05,-4.3925292629865e-06
0.7643,-0.1928,5.88623,,,,,,,,0.0008532232938904071,-0.0002604602195788175,9.60631005000323e-05,0.00032392877619713545
0.7689,7.0158,0.65671,,,,,,,,0.0040311396375527445,-0.0020149825140833855,-5.941623840044485e-06,4.828933015232906e-05
0.7765,-5.5437,1.87191,,,,,,,,0.004918401330736716,-0.0024514843244105577,9.500388841843233e-05,0.00016990226868074387
0.7892,3.3823,4.04699,,,,,,,,0.0014578794254889126,-0.00042197739821858704,0.00044963511754758656,-0.00038873698213137686
0.7964,-6.8409,0.77261,,,,,,,,0.004291366278975907,-0.0021442349534481764,-3.3346925647492753e-06,7.87494718679227e-05
0.83,0.9626,5.70896,,,,,,,,0.0015567034194251973,0.0007472489960491657,-0.00021471646323334426,-3.670371006592177e-05
0.8307,4.1544,3.27075,0.5842095613479614,-0.1063990667462349,-0.0063180378638207,0.0085347741842269,518.89404296875,-0.3066100180149078,1.6702966604498215e-05,0.0033012332494499405,-0.0015881626168265939,0.0004338472499512136,-0.00011853821342810988
0.8351,-0.9299,5.71841,,,,,,,,0.0015567034194251973,0.0007472489960491657,-0.00021471646323334426,-3.670371006592177e-05
0.8421,6.6721,0.88964,,,,,,,,0.004291366278975907,-0.0021442349534481764,-3.3346925647492753e-06,7.87494718679227e-05
0.8536,-1.9121,5.22965,,,,,,,,0.0014516271347673154,0.0007012149435468018,-0.00014848721912130713,-0.00011425621778471395
0.8558,3.4645,3.9513,,,,,,,,0.0014578794254889126,-0.00042197739821858704,0.00044963511754758656,-0.00038873698213137686
0.8583,-0.5357,5.81406,,,,,,,,0.0016198925953975006,0.0007741639856249094,-0.00023649309878237545,2.746165955613833e-05
0.8592,-1.0223,5.67876,,,,,,,,0.0015567034194251973,0.0007472489960491657,-0.00021471646323334426,-3.670371006592177e-05
0.8619,-0.9973,5.68656,,,,,,,,0.0015567034194251973,0.0007472489960491657,-0.00021471646323334426,-3.670371006592177e-05
0.8699,5.2805,2.11919,,,,,,,,0.004903922624390503,-0.0024421806447207928,0.00015228310076054186,0.0001570917956996709
0.8703,6.8494,0.76122,,,,,,,,0.004291366278975907,-0.0021442349534481764,-3.3346925647492753e-06,7.87494718679227e-05
0.8731,-1.5046,5.46323,,,,,,,,0.0014598674730025927,0.0007032908615656197,-0.0001758619473548606,-8.519271796103567e-05
0.8731,0.8139,5.74188,0.1147440448403358,0.0182517133653163,-0.0359642729163169,0.0091523909941315,128.4451141357422,-0.1464470773935318,6.409435445675626e-05,0.0016198925953975006,0.0007741639856249094,-0.00023649309878237545,2.746165955613833e-05
0.8894,-0.1123,5.85267,,,,,,,,0.0013314971092336068,0.0006238570204004645,-0.0001726451882859692,0.00015561874897684902
0.8946,5.8259,1.59313,,,,,,,,0.0048342772425708875,-0.002411437686532736,5.3136736823944375e-05,0.00015717469796072692
0.9081,8.5945,0.02226,,,,,,,,0.0028681949408249532,-0.001432793098501861,-6.222059255378554e-06,6.0834016039734706e-05
0.9153,-3.5285,3.87425,,,,,,,,0.0014578794254889126,-0.00042197739821858704,0.00044963511754758656,-0.00038873698213137686
0.916,-0.4885,5.80396,,,,,,,,0.0016198925953975006,0.0007741639856249094,-0.00023649309878237545,2.746165955613833e-05
0.9167,-3.8571,3.55053,,,,,,,,0.0023551420683486503,-0.0010511078871786594,0.0004662428982555866,-0.0002538962580729276
0.9168,-1.4301,5.4853,,,,,,,,0.0014598674730025927,0.0007032908615656197,-0.0001758619473548606,-8.519271796103567e-05
0.9352,-5.9069,1.51427,,,,,,,,0.0048342772425708875,-0.002411437686532736,5.3136736823944375e-05,0.00015717469796072692
0.9493,1.1139,5.61602,0.0569677986204624,0.030156085267663,-0.0080362278968095,0.0089340098202228,100.08468627929688,-0.1344145536422729,8.633474499220029e-05,0.0015567034194251973,0.0007472489960491657,-0.00021471646323334426,-3.670371006592177e-05
0.9498,5.5301,1.86473,,,,,,,,0.004918401330736716,-0.0024514843244105577,9.500388841843233e-05,0.00016990226868074387
0.9571,1.0412,5.63963,0.0479345731437206,0.0321410037577152,-0.0117418579757213,0.0087199145928025,99.25293731689452,-0.1343001574277877,8.558752597309649e-05,0.0015567034194251973,0.0007472489960491657,-0.00021471646323334426,-3.670371006592177e-05
0.9706,4.2891,3.10038,,,,,,,,0.0040262134146106165,-0.0019790921360254288,0.0003684858384076506,-3.334518396513886e-06
0.9713,4.4361,2.95088,,,,,,,,0.0040262134146106165,-0.0019790921360254288,0.0003684858384076506,-3.334518396513886e-06
0.989,-2.6263,4.67069,,,,,,,,0.0014745716624782353,0.0006818828405812383,2.011377364397049e-05,-0.0002796812914311886
0.9952,0.6651,5.74034,0.0353689081966877,0.0287940092384815,-0.0277789197862148,0.0077447490766644,101.3953094482422,-0.1353840380907058,7.611502951476723e-05,0.0016198925953975006,0.0007741639856249094,-0.00023649309878237545,2.746165955613833e-05
0.9988,2.2086,4.98405,0.0596072860062122,-0.0168589353561401,0.0534077174961566,0.0102318655699491,102.81891632080078,-0.1318478286266327,9.810831397771835e-05,0.0014870595280966163,0.0007148449076339602,-8.170340151991695e-05,-0.00018750419258140028
1.0118,-6.1909,1.25691,,,,,,,,0.004596492671721093,-0.002289033029228449,5.6048982514766976e-05,0.00019779414287768304
1.0127,-1.7366,5.2906,,,,,,,,0.0014516271347673154,0.0007012149435468018,-0.00014848721912130713,-0.00011425621778471395
1.0224,1.5203,5.40381,-0.0602443814277648,0.0394609682261943,0.0224101599305868,0.0077708745375275,76.6005630493164,-0.125701904296875,0.0001033199732773,0.0014598674730025927,0.0007032908615656197,-0.0001758619473548606,-8.519271796103567e-05
1.0227,7.9285,0.17813,,,,,,,,0.003334073016680799,-0.0016659044194966555,-8.669558155816048e-06,6.081138053559698e-05
1.0392,5.8992,1.5093,,,,,,,,0.004691643845120909,-0.0023345937952399254,9.112564293900505e-05,0.00021035308600403368
1.0424,7.4793,0.37175,,,,,,,,0.0036752854305107338,-0.001836274634115398,-7.618861097569152e-09,7.089581777108833e-05
1.0538,-0.0006,5.79841,,,,,,,,0.0013314971092336068,0.0006238570204004645,-0.0001726451882859692,0.00015561874897684902
1.0615,-9.3041,0.0749,,,,,,,,0.0027963298765894184,-0.001396948704496026,-1.4440908024937471e-08,5.83053297305014e-05
1.0753,8.5552,0.02552,,,,,,,,0.0030469217501639012,-0.0015222307993099093,-1.1548758266144432e-05,6.010871584294364e-05
1.108,4.39,2.96269,,,,,,,,0.00335009719514708,-0.0016125725815072656,0.00044820443144999444,-6.715847848681733e-05
1.1098,-8.5756,0.02145,,,,,,,,0.0028681949408249532,-0.001432793098501861,-6.222059255378554e-06,6.0834016039734706e-05
1.1314,-9.5419,0.0757,,,,,,,,0.0027157321113435735,-0.001355793559923768,-1.5062994407344377e-08,7.499365165131167e-05
1.1901,-9.8816,0.0767,,,,,,,,0.0027157321113435735,-0.001355793559923768,-1.5062994407344377e-08,7.499365165131167e-05
1.1957,6.84,0.74093,,,,,,,,0.004135135455714204,-0.0020619439892470837,1.8181917766924016e-05,0.00015130337851587683
1.201,7.2754,0.47004,,,,,,,,0.003904072278434909,-0.0019483130890876055,8.968072506831959e-06,0.00012016975233564153
1.2028,6.4955,0.98728,,,,,,,,0.0043153684654196256,-0.0021487795747816563,3.515422577038407e-05,0.00019264414731878787
1.2299,3.6423,3.67668,,,,,,,,0.0016376832623880044,-0.0005003731930628419,0.0005049851606599987,-0.00040634747711010277
1.2638,-3.4742,3.82958,,,,,,,,0.0012309226222181875,-5.361612238630187e-06,0.0004054739256389439,-0.0004629846371244639
1.3005,5.5516,1.76915,,,,,,,,0.004424179707684715,-0.002195748733356595,0.0001646614691708237,0.00021193306019995362
1.3205,3.7338,3.56023,,,,,,,,0.0012718216891195787,-1.9817769498331472e-05,0.00042575004044920206,-0.00047193936188705266
1.3612,4.6798,2.6011,,,,,,,,0.0033916713096529237,-0.0016442795749753714,0.00041383644565939903,-3.0702503863722086e-05
1.363,-10.6001,0.0787,,,,,,,,0.002714177288248903,-0.0013547275448217988,-2.354492600886715e-09,8.001791866263375e-05
1.3708,-6.8815,0.68762,,,,,,,,0.004135135455714204,-0.0020619439892470837,1.8181917766924016e-05,0.00015130337851587683
1.3809,8.3989,0.04354,,,,,,,,0.0029831714203654544,-0.0014877555659040809,-1.1477808584459126e-05,0.00010620530520100147
1.3846,-5.1806,2.09984,,,,,,,,0.004262429962767259,-0.0021110335364937782,0.0002388293360127136,0.00016904216317925602
1.385,-3.2739,3.96591,,,,,,,,0.0008252888287552098,0.0003597194154281169,3.344531069160439e-05,-0.00019939600315410644
1.3882,-10.9853,0.0796,,,,,,,,0.002714177288248903,-0.0013547275448217988,-2.354492600886715e-09,8.001791866263375e-05
1.3912,-4.8964,2.37675,,,,,,,,0.003936127912237929,-0.001939102541655302,0.00032293034018948674,9.41969410632737e-05
1.4146,8.1827,0.08864,,,,,,,,0.0029831714203654544,-0.0014877555659040809,-1.1477808584459126e-05,0.00010620530520100147
1.4147,-4.9163,2.3507,,,,,,,,0.003936127912237929,-0.001939102541655302,0.00032293034018948674,9.41969410632737e-05
1.4677,-7.9763,0.14412,,,,,,,,0.0032449647164591953,-0.0016185847343876958,-6.548660167027265e-06,0.00011220327724004164
1.4693,6.0364,1.30178,,,,,,,,0.004240845615859734,-0.0021041349973529577,9.107585356105119e-05,0.0002459959068801254
1.4813,5.7913,1.51022,,,,,,,,0.004244592664104147,-0.00210375664755702,0.00013723668234888464,0.0002439585659885779
1.5095,-5.2163,2.0331,,,,,,,,0.0039019083874945824,-0.0019233634229749441,0.00028268384630791843,0.00016427188529632986
1.5168,-5.2474,2.00121,,,,,,,,0.0039019083874945824,-0.0019233634229749441,0.00028268384630791843,0.00016427188529632986
1.5444,-3.8639,3.34916,,,,,,,,0.000964374252135683,7.005494990153238e-05,0.0002976729301735759,-0.0003728103474713862
1.5609,10.7418,0.0794,0.7444126009941101,0.0008167469059117,0.0077519877813756,0.0036762179806828,25.96991920471192,-0.0660197436809539,0.0001405247458023,0.002714177288248903,-0.0013547275448217988,-2.354492600886715e-09,8.001791866263375e-05
1.5609,-10.7418,0.0794,,,,,,,,0.002714177288248903,-0.0013547275448217988,-2.354492600886715e-09,8.001791866263375e-05
1.568,6.7053,0.77372,,,,,,,,0.0040271440715321585,-0.002004350069910288,2.9817276299581863e-05,0.00019016853184439242
1.5719,-8.4744,0.02741,,,,,,,,0.0029831714203654544,-0.0014877555659040809,-1.1477808584459126e-05,0.00010620530520100147
1.5839,-7.7508,0.21222,,,,,,,,0.003552848863047891,-0.0017717693699523807,4.955568329023663e-06,0.00012842314026784152
1.5916,-5.5482,1.70167,,,,,,,,0.004136739223642252,-0.0020460309460759163,0.0002014733327087015,0.0002265363436890766
1.6025,7.3167,0.40273,,,,,,,,0.003818053441756761,-0.001902306918054819,1.694883030722849e-05,0.00015913562674541026
1.6152,-4.7457,2.46041,,,,,,,,0.002849600373627818,-0.0013415372231975198,0.0004672964569181204,-0.00010939594358205795
1.6228,-4.8934,2.31472,,,,,,,,0.0034922312334495506,-0.0017046090215444565,0.00037380223511718214,5.915842848480679e-05
1.6514,-6.3349,1.02583,,,,,,,,0.00408740305385732,-0.002029184252023697,5.845511986990459e-05,0.00023603008594363928
1.6609,-5.8751,1.39599,,,,,,,,0.004244592664104147,-0.00210375664755702,0.00013723668234888464,0.0002439585659885779
1.6736,4.2873,2.8894,,,,,,,,0.0020259683658531225,-0.0008031720062717795,0.0005266729858703911,-0.00032197398832067847
1.6945,-6.4991,0.89446,,,,,,,,0.00408740305385732,-0.002029184252023697,5.845511986990459e-05,0.00023603008594363928
1.714,-6.1753,1.13668,,,,,,,,0.004125168794262676,-0.0020454281475394964,0.00010067560651805252,0.0002456471265759319
1.7233,8.0654,0.10032,,,,,,,,0.003212175902989169,-0.0016014454886317253,-6.932077667443082e-06,0.00012183103535789996
1.7306,5.2217,1.96708,,,,,,,,0.003638915561237475,-0.0017892513424158096,0.0003089959791395813,0.00011630878725554794
1.7387,5.5176,1.69136,,,,,,,,0.003938849513736173,-0.0019465863006189466,0.00022127124248072505,0.00020118321117479354
1.7503,5.0492,2.1261,,,,,,,,0.0031391619247097746,-0.001515915966592729,0.00040633638855069876,-2.176967973355204e-05
1.779,1.607,5.00575,-0.1676769703626632,0.0729154199361801,0.0401018671691417,0.003321424126625,13.697242736816406,-0.1152420341968536,0.0002436616632621,0.0006689512070944928,0.0003004266764037311,-0.00012280412192922086,-8.085103036137298e-05
1.7891,1.3787,5.11191,-0.1678218394517898,0.0786789804697036,0.035932071506977,0.0032786249648779,13.288660049438477,-0.1147724390029907,0.00024797275546,0.0006685679009126628,0.0002965946332551539,-0.00013638818927574903,-7.194195495685562e-05
1.7937,-4.4533,2.68037,,,,,,,,0.0016496627912584117,-0.0005020737298764288,0.0005109628546051681,-0.0004088835557922721
1.8053,0.5854,5.36232,,,,,,,,0.0006427300058525574,0.0002792330924421549,-0.00015314236225094646,-4.303210516809486e-05
1.8359,6.6419,0.76916,,,,,,,,0.00408740305385732,-0.002029184252023697,5.845511986990459e-05,0.00023603008594363928
1.8414,1.0054,5.2284,,,,,,,,0.0007452593414001256,0.00032465625554323196,-0.00017336544988211244,-5.8271845773560926e-05
1.8479,8.2469,0.05338,,,,,,,,0.0029142135880741455,-0.001450195792131126,-1.1223015462746844e-05,0.0001413025747751817
1.8567,-0.975,5.22817,,,,,,,,0.0007452593414001256,0.00032465625554323196,-0.00017336544988211244,-5.8271845773560926e-05
1.8657,1.9534,4.7584,,,,,,,,0.0007571348340828018,0.0003384294977877289,-0.00014622461458202451,-8.600654837209731e-05
1.8793,2.0993,4.65941,,,,,,,,0.0007647465901810435,0.0003463694010861218,-0.00012119305756641552,-0.00010747007763711736
1.8813,-9.478,0.0774,,,,,,,,0.002659043737800333,-0.001324882498010993,-1.4385572733033314e-08,0.00011097191600129008
1.8831,0.0966,5.37001,-0.1383744180202484,0.0828431472182273,0.00650678249076,0.0015466610202565,58.988895416259766,-0.1125416010618209,2.710662010940723e-05,0.0007785700834752792,0.00033132918179035187,-0.0001925853721331805,-6.837171531515196e-05
1.8837,0.5939,5.31237,-0.1556945890188217,0.0890366807579994,0.0290283840149641,0.0027040778659284,18.759815216064453,-0.11324393004179,0.0001449719420634,0.0007533470767800479,0.00032430526334792376,-0.00017959570686798543,-6.674153701169416e-05
1.8888,0.275,5.35603,,,,,,,,0.0007785700834752792,0.00033132918179035187,-0.0001925853721331805,-6.837171531515196e-05
1.9158,-1.3963,5.02545,,,,,,,,0.0007564673355843639,0.000333499803673476,-0.0001589413295732811,-8.109403279377148e-05
1.9219,1.8361,4.79445,-0.1620852500200271,0.0681928172707557,0.0448089800775051,0.0034457873553037,13.636822700500488,-0.1131071895360946,0.0002541441936045,0.0007571348340828018,0.0003384294977877289,-0.00014622461458202451,-8.600654837209731e-05
1.9411,-4.6464,2.43565,,,,,,,,0.0020127683197466344,-0.0008083134889602661,0.000516505737323314,-0.00030440138652920723
1.9472,2.2953,4.48991,-0.1532300114631652,0.0483108945190906,0.0543205179274082,0.0037913066335022,14.329829216003418,-0.1139340922236442,0.0002664541243575,0.0007647465901810435,0.0003463694010861218,-0.00012119305756641552,-0.00010747007763711736
1.9648,-1.21,5.07574,,,,,,,,0.0007452593414001256,0.00032465625554323196,-0.00017336544988211244,-5.8271845773560926e-05
1.9659,7.4742,0.28415,,,,,,,,0.003429355577855126,-0.001706016599200666,8.899113709048834e-06,0.00017189557547681034
1.9752,0.9452,5.16146,-0.1621045917272567,0.0916356816887855,0.0328566841781139,0.0029042484238743,15.451080322265623,-0.111445628106594,0.0001893339212983,0.0007452593414001256,0.00032465625554323196,-0.00017336544988211244,-5.8271845773560926e-05
1.9774,-1.8177,4.77197,,,,,,,,0.0007571348340828018,0.0003384294977877289,-0.00014622461458202451,-8.600654837209731e-05
1.9916,-2.2502,4.49248,,,,,,,,0.0007647465901810435,0.0003463694010861218,-0.00012119305756641552,-0.00010747007763711736
2.0278,2.5246,4.27687,-0.1454745978116989,0.0387072749435901,0.0596006102859973,0.0037559866905212,15.14034938812256,-0.1138567924499511,0.0002491979394108,0.0006302337776069331,0.0002769874990917742,-8.667615475133061e-05,-0.00012273476750124246
2.0511,7.5826,0.23178,,,,,,,,0.003429355577855126,-0.001706016599200666,8.899113709048834e-06,0.00017189557547681034
2.0581,2.1431,4.5207,-0.1537545770406723,0.0574716739356517,0.0512475259602069,0.0035599598195403,13.783523559570312,-0.1121672093868255,0.0002595617261249,0.000630946073107271,0.00027597963344305754,-0.00011218337749596685,-0.00010379483865108341
2.0713,2.7445,4.08075,-0.1366370171308517,0.0280486308038234,0.0638116374611854,0.0036003508139401,17.608901977539062,-0.1146174371242523,0.0002056846424238,0.0006233599466319422,0.00027215457521378994,-5.6774832046357915e-05,-0.00014090035983826965
2.0722,0.6904,5.16667,-0.1562108993530273,0.0954913571476936,0.031954500824213,0.0027299129869788,18.633865356445312,-0.1101592555642128,0.0001474163582315,0.0006519407554410832,0.0002668012457434088,-0.00017727869271766394,-6.038251012796536e-05
2.0908,7.9381,0.10931,,,,,,,,0.003118761430381058,-0.001551672350615263,-6.40062944512465e-06,0.0001547260908409953
2.1022,7.6724,0.19218,,,,,,,,0.0033904600817066793,-0.001686198404058814,7.076211204548599e-06,0.0001746131747495383
2.1022,-1.8668,4.66511,,,,,,,,0.0006355496772190999,0.0002735886082518846,-0.00013818955630995333,-8.386756235267967e-05
2.1042,1.7007,4.7572,,,,,,,,0.0006355496772190999,0.0002735886082518846,-0.00013818955630995333,-8.386756235267967e-05
2.1054,-5.9899,1.19381,,,,,,,,0.00374705550454627,-0.0018506840569898486,0.00018728354189079255,0.00022360598086379468
2.1406,1.2738,4.93403,-0.15967658162117,0.0890865623950958,0.0380724444985389,0.0033047790639102,13.428260803222656,-0.1101219579577446,0.0002473595086485,0.0006449698836611046,0.0002726934908423573,-0.00015352126501966268,-7.788465154590085e-05
2.1799,0.7271,5.08276,-0.1546353250741958,0.0978080332279205,0.032898224890232,0.0028738635592162,17.865131378173828,-0.1097853258252143,0.0001621625415282,0.0006519407554410832,0.0002668012457434088,-0.00017727869271766394,-6.038251012796536e-05
2.1801,-10.3903,0.0803,,,,,,,,0.002644228122946936,-0.001316833426244557,-8.321633160335296e-09,0.00011804795212810859
2.1816,0.3306,5.15118,-0.1456821709871292,0.0963157936930656,0.0244862455874681,0.0023811347782611,29.40602684020996,-0.109199471771717,8.192501991288736e-05,0.0006796120246617661,0.0002740397467277944,-0.00019180058734491467,-5.985714597045444e-05
2.1818,-2.6952,4.05531,,,,,,,,0.0006233599466319422,0.00027215457521378994,-5.6774832046357915e-05,-0.00014090035983826965
2.1839,3.7217,3.19197,,,,,,,,0.0005371777489645383,0.0002093099756166339,3.7575417081825435e-05,-0.00016406524810008705
2.1915,-1.5092,4.79166,,,,,,,,0.0006449698836611046,0.0002726934908423573,-0.00015352126501966268,-7.788465154590085e-05
2.1953,3.0568,3.75526,,,,,,,,0.0006051848836585456,0.0002598960418254137,-2.2310641725198366e-05,-0.0001533573231426999
2.1982,-1.4003,4.83799,,,,,,,,0.0006449698836611046,0.0002726934908423573,-0.00015352126501966268,-7.788465154590085e-05
2.2139,-2.5809,4.12169,,,,,,,,0.0006302337776069331,0.0002769874990917742,-8.667615475133061e-05,-0.00012273476750124246
2.2308,-2.2808,4.31841,,,,,,,,0.000630946073107271,0.00027597963344305754,-0.00011218337749596685,-0.00010379483865108341
2.2313,5.6387,1.43725,,,,,,,,0.003500063571840791,-0.0017222750466316938,0.0002678296295925975,0.00015699428331572562
2.2317,-8.2663,0.03377,,,,,,,,0.002886255961028315,-0.0014357982436195016,-1.2261982192285359e-05,0.00014474603813141584
2.243,-1.8289,4.59284,,,,,,,,0.0006355496772190999,0.0002735886082518846,-0.00013818955630995333,-8.386756235267967e-05
2.2523,8.142,0.0532,,,,,,,,0.003118761430381058,-0.001551672350615263,-6.40062944512465e-06,0.0001547260908409953
2.2532,1.9871,4.49323,-0.1499991565942764,0.0669655725359916,0.0485779680311679,0.0034723260905593,13.486769676208496,-0.110572375357151,0.0002589100622572,0.000630946073107271,0.00027597963344305754,-0.00011218337749596685,-0.00010379483865108341
2.2651,0.8783,4.98151,-0.1546963304281234,0.0985741838812828,0.0349657349288463,0.0030351392924785,16.41944694519043,-0.1095040962100029,0.0001862401259131,0.0006420086291945088,0.0002669923997018486,-0.00016852738917805254,-5.7942623243434355e-05
2.2692,1.3269,4.82198,-0.1561172604560852,0.0898061767220497,0.0399373322725296,0.0034332587383687,13.314891815185549,-0.1095963642001152,0.0002595819532871,0.0006449698836611046,0.0002726934908423573,-0.00015352126501966268,-7.788465154590085e-05
2.2735,4.0337,2.86203,,,,,,,,0.000502159831897589,8.21463909232989e-05,0.0001303917815675959,-0.00019821977184619755
2.2773,1.3613,4.80089,,,,,,,,0.0006449698836611046,0.0002726934908423573,-0.00015352126501966268,-7.788465154590085e-05
2.2814,1.2393,4.84717,-0.15609972178936,0.0924689769744873,0.0388571508228778,0.0033015394583344,14.201431274414062,-0.1093718558549881,0.0002339410712011,0.0006740276693478489,0.00028528121765702963,-0.00016084908565972,-7.950171857373789e-05
2.2889,-0.3823,5.0667,,,,,,,,0.0007454132946587643,0.00030132781830616295,-0.00020854506874457002,-6.79760632920079e-05
2.2977,3.309,3.48328,-0.1034882217645645,0.0007472372963093,0.0698837339878082,0.0022921885829418,43.79580307006836,-0.1155451908707618,5.302636418491602e-05,0.0005961845372673347,0.00025274656945839524,-2.8659812869591406e-06,-0.00015801885456312448
2.3022,-5.2641,1.72696,,,,,,,,0.0030886505500513912,-0.0015004199231043458,0.0003646686964202672,2.6407409677631222e-05
2.3184,3.2221,3.54453,,,,,,,,0.0006178029976745253,0.0002715759037528187,-3.7379562854766846e-05,-0.00014237075811251998
2.3231,-7.0342,0.44758,,,,,,,,0.003534442153143312,-0.0017517928499728441,3.544823994161561e-05,0.00023029452131595463
2.3256,1.9508,4.46699,,,,,,,,0.0006534248689734004,0.0002815311891026795,-0.00014428621216211468,-8.162532321875915e-05
2.3262,2.5441,4.07283,-0.1363626420497894,0.0419910103082656,0.0590915493667125,0.0033308283891528,15.522198677062988,-0.1116445288062095,0.0002158873248845,0.0006288993910388834,0.0002782239462248981,-9.504620538791642e-05,-0.000111518005724065
2.3517,-7.1282,0.39444,,,,,,,,0.003534442153143312,-0.0017517928499728441,3.544823994161561e-05,0.00023029452131595463
2.3624,-7.2978,0.31386,,,,,,,,0.003534442153143312,-0.0017517928499728441,3.544823994161561e-05,0.00023029452131595463
2.3691,-5.5543,1.457,,,,,,,,0.0032927982791499627,-0.0016114978352561593,0.0003012111992575228,0.00015158056339714676
2.382,0.294,5.00313,,,,,,,,0.0007454132946587643,0.00030132781830616295,-0.00020854506874457002,-6.79760632920079e-05
2.3879,-7.291,0.31374,,,,,,,,0.003534442153143312,-0.0017517928499728441,3.544823994161561e-05,0.00023029452131595463
2.3933,-0.1031,5.00707,,,,,,,,0.0007454132946587643,0.00030132781830616295,-0.00020854506874457002,-6.79760632920079e-05
2.4155,-0.1836,4.98527,,,,,,,,0.0007454132946587643,0.00030132781830616295,-0.00020854506874457002,-6.79760632920079e-05
2.4223,-2.8448,3.78848,,,,,,,,0.0006253078319926904,0.0002766289690043777,-6.809121987316757e-05,-0.00012881176371593028
2.4305,-7.359,0.27791,,,,,,,,0.003327745279714541,-0.0016516101313754916,1.4113277757132892e-05,0.00020113913342356682
2.4308,2.546,3.99996,-0.1330493986606598,0.0436131469905376,0.058700144290924,0.003071584040299,17.160472869873047,-0.1105172038078308,0.0001804606581572,0.0006288993910388834,0.0002782239462248981,-9.504620538791642e-05,-0.000111518005724065
2.4453,-4.9611,1.93407,,,,,,,,0.0022245699310277155,-0.0009792910423129797,0.00048324576346203685,-0.00021128282241988927
2.4511,0.5389,4.91726,-0.147120252251625,0.1046219542622566,0.0320611558854579,0.0027026629541069,25.67034339904785,-0.1073566153645515,0.0001065373362507,0.0007071523743731535,0.0002895406214520335,-0.00018939326400868595,-7.28871746105142e-05
2.4572,-2.1702,4.23807,,,,,,,,0.0006392255928754797,0.0002802592352963984,-0.0001189465619972907,-9.725644486024976e-05
2.4629,4.1924,2.62053,,,,,,,,0.0009171377267737466,-0.00015098835865501314,0.0003032844979315996,-0.0003090411482844502
2.4657,0.4039,4.92812,-0.1424568891525268,0.1038854047656059,0.029961297288537,0.0022942535579204,37.1289291381836,-0.1069444566965103,6.247694545891136e-05,0.0007454132946587643,0.00030132781830616295,-0.00020854506874457002,-6.79760632920079e-05
2.4968,-5.3558,1.57312,,,,,,,,0.0032927982791499627,-0.0016114978352561593,0.0003012111992575228,0.00015158056339714676
2.5189,-2.3758,4.05691,,,,,,,,0.0005457171290399318,0.00023186771431937814,-9.053284884430468e-05,-0.00011177192209288478
2.534,-3.1524,3.4711,,,,,,,,0.0005059566573521784,0.00020971054618712515,-2.876261351048015e-05,-0.00013853603741154075
2.539,6.8207,0.52573,,,,,,,,0.00368234876626782,-0.0018224469386041164,5.9486337704584e-05,0.0002550914359744638
2.5493,6.0033,1.04662,,,,,,,,0.003498177200483202,-0.0017239694716408849,0.0001515820767963305,0.0002535016101319343
2.5636,1.2447,4.62891,,,,,,,,0.0006459245832114329,0.00026090306346304715,-0.0001691840443527326,-8.72410018928349e-05
2.5802,4.2193,2.5304,,,,,,,,0.0009171377267737466,-0.00015098835865501314,0.0003032844979315996,-0.0003090411482844502
2.5953,-0.3491,4.82767,,,,,,,,0.0007154414573147853,0.0002732438442762941,-0.00022331095533445477,-5.8601523051038384e-05
2.6079,3.0142,3.53298,,,,,,,,0.0005059566573521784,0.00020971054618712515,-2.876261351048015e-05,-0.00013853603741154075
2.6263,-0.4323,4.79381,,,,,,,,0.0007007539695830314,0.00027215940644964576,-0.00020891435269732028,-7.104985706973821e-05
2.6431,1.2799,4.55169,-0.1504945009946823,0.0998018980026245,0.0439816117286682,0.0034291197080165,16.3848876953125,-0.1073491424322128,0.000210193102248,0.0006459245832114329,0.00026090306346304715,-0.0001691840443527326,-8.72410018928349e-05
2.6432,-0.3984,4.78339,,,,,,,,0.0007154414573147853,0.0002732438442762941,-0.00022331095533445477,-5.8601523051038384e-05
2.6545,-2.4618,3.90049,,,,,,,,0.0005457171290399318,0.00023186771431937814,-9.053284884430468e-05,-0.00011177192209288478
2.6547,-3.4365,3.1585,,,,,,,,0.0004895320661043469,0.0001988827862078324,-1.0026321433542762e-05,-0.00014232189278118312
2.6561,-1.454,4.47188,,,,,,,,0.0006459245832114329,0.00026090306346304715,-0.0001691840443527326,-8.72410018928349e-05
2.6607,2.379,3.95246,,,,,,,,0.0005457171290399318,0.00023186771431937814,-9.053284884430468e-05,-0.00011177192209288478
2.6719,0.9531,4.64432,-0.1505873054265976,0.1084635779261589,0.0396545939147472,0.0034283702261745,17.566003799438477,-0.1069328710436821,0.0001967731659533,0.0006675521123296748,0.0002643901389092207,-0.00019056822929996997,-7.202818960649893e-05
2.6735,-8.248,0.01907,,,,,,,,0.002800070746714772,-0.0013896427117288113,-1.0958265193039551e-05,0.00016991791198961437
2.6798,2.3837,3.93542,,,,,,,,0.0005344907806512826,0.00022753259690944105,-9.420531569048762e-05,-0.00010379968443885446
2.6844,8.0262,0.05156,,,,,,,,0.002998335967310409,-0.0014879240188747644,-4.155278475082014e-06,0.00018321978859603405
2.6891,5.874,1.09418,,,,,,,,0.0033385273449854547,-0.0016426355578005314,0.00021945674961898476,0.00020007090643048286
2.6975,-5.1386,1.67471,,,,,,,,0.00252411798719258,-0.0011959460098296404,0.00039788646972738206,-6.474876136053354e-05
2.7009,1.8407,4.24463,-0.1431450247764587,0.0808364152908325,0.0509587898850441,0.0033405851572752,16.446514129638672,-0.1080651506781578,0.0002044116554316,0.0005996835137936871,0.000246590148890391,-0.00014641330926679075,-8.753011206863448e-05
2.702,-0.059,4.75885,,,,,,,,0.0007154414573147853,0.0002732438442762941,-0.00022331095533445477,-5.8601523051038384e-05
2.7035,3.1455,3.36564,-0.098165139555931,0.0148794017732143,0.0626812800765037,0.0016529122367501,52.46578979492188,-0.1124767959117889,3.228500281693414e-05,0.0004926795280825674,0.0002081218408420682,-3.83527330996003e-05,-0.00012608586985152215
2.7059,6.61,0.60264,,,,,,,,0.003578177854125378,-0.0017657082062214613,9.579682955518365e-05,0.00027191301342099905
2.7117,8.3941,0.00657,,,,,,,,0.002800070746714772,-0.0013896427117288113,-1.0958265193039551e-05,0.00016991791198961437
2.7263,0.2237,4.72882,-0.1357382237911224,0.1099588051438331,0.0157757103443145,0.0022395167034119,49.839012145996094,-0.1051386445760726,4.597463339450769e-05,0.000719750080447153,0.0002740794443525374,-0.0002260535111417994,-5.736124876420945e-05
2.7434,-0.2487,4.71219,,,,,,,,0.000719750080447153,0.0002740794443525374,-0.0002260535111417994,-5.736124876420945e-05
2.7564,-7.1269,0.32957,,,,,,,,0.003409910008874912,-0.001686813891865313,3.923368421965279e-05,0.00024493096861988306
2.7606,0.3816,4.68543,,,,,,,,0.000719750080447153,0.0002740794443525374,-0.0002260535111417994,-5.736124876420945e-05
2.7642,-1.9442,4.13707,,,,,,,,0.0005671922391240883,0.00023834146850276738,-0.00011890188761753961,-9.737784421304241e-05
2.7658,0.7835,4.60677,,,,,,,,0.0007036842844663243,0.00027190084801986814,-0.00021034102246630937,-7.496316538890824e-05
2.7716,1.3158,4.43204,,,,,,,,0.0006393145314439772,0.0002570960787124932,-0.00016878082533366978,-8.715163130545989e-05
2.7806,0.2201,4.68193,,,,,,,,0.000719750080447153,0.0002740794443525374,-0.0002260535111417994,-5.736124876420945e-05
2.7903,1.607,4.29638,-0.1477899700403213,0.0926581546664238,0.0500743202865123,0.0035752314142882,16.089406967163086,-0.1077331900596618,0.0002238880115328,0.0005996835137936871,0.000246590148890391,-0.00014641330926679075,-8.753011206863448e-05
2.7909,6.7468,0.50577,,,,,,,,0.0035379433859865426,-0.00174777302891016,6.704370025545359e-05,0.0002646798675414175
2.7952,-3.1624,3.28771,,,,,,,,0.0004926795280825674,0.0002081218408420682,-3.83527330996003e-05,-0.00012608586985152215
2.8002,2.1912,3.96648,-0.1347815096378326,0.0660457015037536,0.0551399141550064,0.0031687156297266,17.678606033325195,-0.1087193340063095,0.0001801124162739,0.0005671922391240883,0.00023834146850276738,-0.00011890188761753961,-9.737784421304241e-05
2.805,6.3119,0.75792,,,,,,,,0.003575874576594352,-0.001762309344485402,0.0001106787021853961,0.00028059890610165894
2.833,9.0034,0.1101,0.7750980854034424,0.0001088440913008,-0.0002945586165878,0.0037108580581843,19.822654724121094,-0.0918145775794982,0.0001858938776422,0.002659582944692515,-0.001319308765232563,-8.098902071651537e-06,0.00016644563584122807
2.8478,-2.4619,3.759,,,,,,,,0.0005344907806512826,0.00022753259690944105,-9.420531569048762e-05,-0.00010379968443885446
2.8512,-2.282,3.87118,,,,,,,,0.0005344907806512826,0.00022753259690944105,-9.420531569048762e-05,-0.00010379968443885446
2.8698,-6.1339,0.85419,,,,,,,,0.0034971033721288396,-0.0017209172947332263,0.0001695973624009639,0.0002590625372249633
2.8713,6.889,0.41773,,,,,,,,0.0035379433859865426,-0.00174777302891016,6.704370025545359e-05,0.0002646798675414175
2.873,2.9212,3.41195,-0.0966875925660133,0.0262582451105117,0.055233035236597,0.0011700487229973,87.40023040771484,-0.1108598187565803,1.379237528453814e-05,0.00046756670018863384,0.0001934817701112479,-6.393781222868711e-05,-0.00011459238885436207
2.8831,6.4316,0.66244,,,,,,,,0.003575874576594352,-0.001762309344485402,0.0001106787021853961,0.00028059890610165894
2.884,-7.9872,0.04736,,,,,,,,0.0029837102483365715,-0.0014788713306188583,-1.6383933143515605e-06,0.0001963889371836558
2.8855,-1.126,4.40782,,,,,,,,0.0006645762254724502,0.00026190539938397706,-0.00019004121713805944,-7.553335308330134e-05
2.8934,7.4696,0.17603,,,,,,,,0.003221418337982598,-0.0015957254217937589,1.5428668120875955e-05,0.0002186466590501368
2.9001,1.8554,4.07675,-0.142544537782669,0.0837746039032936,0.0532388389110565,0.003192427335307,19.56282424926757,-0.1080036163330078,0.0001646515593165,0.0005996835137936871,0.000246590148890391,-0.00014641330926679075,-8.753011206863448e-05
2.9104,-6.2467,0.76858,,,,,,,,0.0034971033721288396,-0.0017209172947332263,0.0001695973624009639,0.0002590625372249633
2.9197,-6.3784,0.68396,,,,,,,,0.003575874576594352,-0.001762309344485402,0.0001106787021853961,0.00028059890610165894
2.9374,-6.2399,0.76491,,,,,,,,0.0034971033721288396,-0.0017209172947332263,0.0001695973624009639,0.0002590625372249633
2.9525,-0.7403,4.45411,,,,,,,,0.0007504271778131776,0.00028222898254171014,-0.00023619503190275282,-7.310229557333514e-05
2.9584,4.7247,1.89473,,,,,,,,0.001159892492522196,-0.0003404994495213032,0.0003560722107067704,-0.000305958092212677
2.9605,4.7926,1.83873,,,,,,,,0.0018796233889230357,-0.0007681841379962862,0.0004642718704417348,-0.00027855121879838407
2.9696,-9.1543,0.08,,,,,,,,0.002578631616565262,-0.0012793911155313253,-1.7776066840724525e-08,0.00015966723731253296
2.9761,-4.2567,2.27131,,,,,,,,0.0005001863221727776,-7.557154458481818e-05,0.0001611768821021542,-0.00017566315364092588
2.9776,-1.3033,4.26244,,,,,,,,0.0006724365737155646,0.0002636948775034398,-0.00018574441492091864,-9.490395314060152e-05
2.978,3.2773,3.06918,,,,,,,,0.0004094825887164815,0.00015447670011781156,-2.0285172013245756e-06,-0.00013435710570774972
2.9841,-1.6275,4.12123,,,,,,,,0.0006131944515217755,0.0002460211399011314,-0.00015619095938745886,-9.528820373816416e-05
2.9863,-6.5876,0.54444,,,,,,,,0.003575874576594352,-0.001762309344485402,0.0001106787021853961,0.00028059890610165894
2.9891,1.7588,4.05592,-0.1457397043704986,0.0909452438354492,0.0544694922864437,0.0034457193687558,18.773725509643555,-0.1081330701708793,0.0001847081584855,0.0006131944515217755,0.0002460211399011314,-0.00015619095938745886,-9.528820373816416e-05
3.0032,4.5547,2.00859,,,,,,,,0.001159892492522196,-0.0003404994495213032,0.0003560722107067704,-0.000305958092212677
3.0096,2.8063,3.39471,,,,,,,,0.00046756670018863384,0.0001934817701112479,-6.393781222868711e-05,-0.00011459238885436207
3.0331,2.234,3.75161,-0.1311666965484619,0.0673871487379074,0.0573958903551101,0.0027428392786532,24.57149314880371,-0.109135702252388,0.0001128394360421,0.0005600856278024321,0.00022984248062130064,-0.00012343136768322438,-0.00010178953380091116
3.0374,-6.9252,0.36567,,,,,,,,0.003408898892140246,-0.0016815665876492858,6.99817028362304e-05,0.00026941471151076257
3.0421,1.2906,4.21073,-0.1532661914825439,0.1114063188433647,0.0499685332179069,0.003533132141456,20.86425399780273,-0.1076619029045105,0.0001707579504,0.0006724365737155646,0.0002636948775034398,-0.00018574441492091864,-9.490395314060152e-05
3.0529,1.6405,4.05577,-0.1484923809766769,0.0980765894055366,0.0547305829823017,0.0034218356013298,20.44209289550781,-0.1082098335027694,0.0001688072661636,0.0006131944515217755,0.0002460211399011314,-0.00015619095938745886,-9.528820373816416e-05
3.06,1.7546,3.99831,-0.1462965011596679,0.0931149944663047,0.0558371469378471,0.003443848574534,19.73202514648437,-0.1083306521177291,0.0001756319543346,0.0006131944515217755,0.0002460211399011314,-0.00015619095938745886,-9.528820373816416e-05
3.0653,-7.8738,0.05488,,,,,,,,0.002914926880837716,-0.0014428842114284635,-1.0933990779449232e-06,0.00020562985446304083
3.0729,-1.4068,4.13708,,,,,,,,0.0006724365737155646,0.0002636948775034398,-0.00018574441492091864,-9.490395314060152e-05
3.0924,3.726,2.64191,,,,,,,,0.0003875987045701931,0.00013188912998884916,2.031955409620423e-05,-0.00014053669292479753
3.1071,-1.1508,4.20643,,,,,,,,0.0007079180443645892,0.00027155433781445026,-0.0002112520014634356,-8.31734505482018e-05
3.1162,-4.5374,1.95948,,,,,,,,0.0008892895648937135,-0.0002363303501624614,0.00027741945814341307,-0.00025474574067629874
3.1167,-3.2362,2.99904,,,,,,,,0.00039944712034095436,0.00015356988296844065,-1.1679137060127687e-05,-0.0001271589135285467
3.119,-8.2529,0.00665,,,,,,,,0.002734135040362444,-0.00135372846852988,-9.076547030417714e-06,0.00019029044779017568
3.1192,3.5152,2.78685,,,,,,,,0.00039944712034095436,0.00015356988296844065,-1.1679137060127687e-05,-0.0001271589135285467
3.1215,2.4875,3.52578,-0.1199495121836662,0.0546907819807529,0.0585456900298595,0.0022891634143888,31.823013305664062,-0.1099676713347435,7.255186210386455e-05,0.000514237992159717,0.00021110860689077526,-0.00010153945186175406,-0.00010598619701340795
3.156,2.5076,3.48475,-0.1181816607713699,0.0536213107407093,0.0583785139024257,0.0021351396571844,36.12112045288086,-0.1101251095533371,5.985382813378237e-05,0.000514237992159717,0.00021110860689077526,-0.00010153945186175406,-0.00010598619701340795
3.1642,-2.5023,3.48118,,,,,,,,0.000514237992159717,0.00021110860689077526,-0.00010153945186175406,-0.00010598619701340795
3.1644,4.9542,1.60417,,,,,,,,0.0016203792876207785,-0.0006251347367651761,0.00042718963231891394,-0.000288310315227136
3.1778,1.2942,4.08868,,,,,,,,0.0007052395181671772,0.00027134077390655875,-0.00019960803911089897,-0.00010426653170725331
3.1808,3.6499,2.64011,,,,,,,,0.0003875987045701931,0.00013188912998884916,2.031955409620423e-05,-0.00014053669292479753
3.1992,9.185,0.1115,0.7668402194976807,0.001094332896173,-0.0110829593613743,0.0036686998791992,19.52052116394043,-0.0849465727806091,0.0001849760737968,0.0025521722621015073,-0.0012652542209252715,-1.6612217379474714e-08,0.0001659143454162404
3.2086,5.0147,1.53391,,,,,,,,0.002197796777527275,-0.0010099356295540929,0.0004108373250346631,-0.0001371874095639214
3.2113,-7.4016,0.15484,,,,,,,,0.003105472604889468,-0.0015350868925452232,1.7766160453902557e-05,0.00023277160653378814
3.2141,-0.8466,4.19107,,,,,,,,0.000747567853432766,0.0002810466103255749,-0.00022834239643998444,-9.266594133805484e-05
3.2265,-1.9041,3.77843,,,,,,,,0.0006386883251339172,0.00025163296959362924,-0.0001663908187765628,-0.00010476468014530838
3.2598,-7.7559,0.06124,,,,,,,,0.0028890034519550327,-0.001429012743756175,-1.621075540469974e-07,0.00021096869022585452
3.2614,-9.7828,0.0821,,,,,,,,0.002531801946473135,-0.0012558519374579191,-1.2804422411250016e-08,0.0001591891486896202
3.2929,-1.721,3.80578,,,,,,,,0.0006386883251339172,0.00025163296959362924,-0.0001663908187765628,-0.00010476468014530838
3.3101,-4.7934,1.65157,,,,,,,,0.0015521517533648851,-0.000609073496889323,0.0003999469627160579,-0.00026714353589341044
3.3412,1.5058,3.85493,-0.1568308472633361,0.1126285046339035,0.0596498847007751,0.0032376367598772,29.31145668029785,-0.1098237112164497,0.0001110255907406,0.0007678754694673137,0.000293400720693171,-0.00021999173623044044,-0.00011370064748916775
3.3413,1.5059,3.85479,-0.1568298935890197,0.1126260310411453,0.0596537962555885,0.0032370300032198,29.3216495513916,-0.1098247841000557,0.0001109586592065,0.0007678754694673137,0.000293400720693171,-0.00021999173623044044,-0.00011370064748916775
3.3441,7.4237,0.12973,,,,,,,,0.003105472604889468,-0.0015350868925452232,1.7766160453902557e-05,0.00023277160653378814
3.3504,2.3678,3.40644,,,,,,,,0.0005150876840202339,0.00020961234986316413,-0.00010485455277375877,-0.00010675680823624134
3.3509,0.9044,4.04829,,,,,,,,0.0008243987520524656,0.00030799006344750524,-0.00025444963830523193,-0.00010151762398891151
3.3595,5.3523,1.21445,,,,,,,,0.0027370909084801364,-0.0013245564186945558,0.00034184346441179514,4.0124803490471095e-05
3.3722,9.5881,0.1136,0.7618136405944824,0.0020296967122703,-0.0167506635189056,0.0035601097624748,18.92131233215332,-0.0764404758810997,0.0001844383223215,0.002531801946473135,-0.0012558519374579191,-1.2804422411250016e-08,0.0001591891486896202
3.3857,6.931,0.29125,,,,,,,,0.003387852231127174,-0.0016703590517863631,7.467727846233174e-05,0.0002714951697271317
3.3981,7.7705,0.04691,,,,,,,,0.0028395670163438194,-0.0014024392003193498,2.50151424552314e-06,0.00022123119561001658
3.403,5.3275,1.21214,,,,,,,,0.0026008089478127,-0.0012525542406365275,0.00034844130277633667,2.735559428401757e-05
3.4109,1.2804,3.88179,-0.1638064980506897,0.1264813244342804,0.0580048784613609,0.0036283582448959,27.463722229003903,-0.1100277677178382,0.0001331960229435,0.0007678754694673137,0.000293400720693171,-0.00021999173623044044,-0.00011370064748916775
3.4174,-4.7036,1.66243,,,,,,,,0.0014159519283619,-0.0005494842771440744,0.00036917757824994624,-0.00025100779021158814
3.4323,-10.1266,0.0834,,,,,,,,0.0025481574910509743,-0.0012644719099625945,-7.017439074274989e-09,0.00015616478049196303
3.4378,3.5366,2.54,,,,,,,,0.0003350464181196485,0.00010191470937570557,2.4398357709287666e-05,-0.0001306986523559317
3.4654,-1.2302,3.84809,,,,,,,,0.0007678754694673137,0.000293400720693171,-0.00021999173623044044,-0.00011370064748916775
3.481,2.7847,3.04094,,,,,,,,0.000447545294784959,0.0001818927557906136,-7.044711674097925e-05,-0.00010966506670229137
3.4966,-10.4754,0.0843,,,,,,,,0.0025481574910509743,-0.0012644719099625945,-7.017439074274989e-09,0.00015616478049196303
3.5006,5.0917,1.33094,,,,,,,,0.002069127459990635,-0.0009392441716045141,0.0004071140137966722,-0.00014966855815146118
3.5032,3.3404,2.6357,,,,,,,,0.00034215821548501033,0.00012598428293131292,-1.4948990610719193e-05,-0.00011477172665763646
3.5053,-5.1324,1.29918,,,,,,,,0.002069127459990635,-0.0009392441716045141,0.0004071140137966722,-0.00014966855815146118
3.5452,-1.0592,3.81995,,,,,,,,0.0009375619914155772,0.00034225787385366857,-0.00029623863520100713,-0.00012189274275442585
3.5704,-0.1842,3.94569,,,,,,,,0.001016776373401433,0.0003583552606869489,-0.00035801343619823456,-4.3202257074881345e-05
3.5794,-0.7764,3.85888,,,,,,,,0.0009974053450506192,0.00035728540387935936,-0.0003355136723257601,-9.209816198563203e-05
3.5809,2.1182,3.35263,-0.1344067603349685,0.0799202248454094,0.0653329789638519,0.0019445683574303,68.14903259277344,-0.1122273281216621,2.9072603865643032e-05,0.0006657297046024295,0.00026054109912365675,-0.0001587134611327201,-0.00013314421812538058
3.6282,9.8825,0.1155,0.7588470578193665,0.0017088040476664,-0.0235159266740083,0.0035495345946401,18.50252151489257,-0.0698500350117683,0.000186738994671,0.002489418811659271,-0.0012330834288150072,-1.2014868211451812e-08,0.00016972555022221059
3.6289,-1.758,3.4799,,,,,,,,0.0007684346936096314,0.000293215736746788,-0.0002061847917502746,-0.00013833052071277052
3.6418,-0.6603,3.82425,,,,,,,,0.0009974053450506192,0.00035728540387935936,-0.0003355136723257601,-9.209816198563203e-05
3.6475,14.3875,0.091,0.7368015646934509,-2.08045203180518e-05,-0.0134734800085425,0.0039221988990902,21.44969940185547,-0.0282897036522626,0.0001839742617448,0.0026091046106125858,-0.001303287222981453,6.189753709584522e-10,5.74380683247e-05
3.6475,-14.3875,0.091,,,,,,,,0.0026091046106125858,-0.001303287222981453,6.189753709584522e-10,5.74380683247e-05
3.6615,0.2874,3.84655,,,,,,,,0.001016776373401433,0.0003583552606869489,-0.00035801343619823456,-4.3202257074881345e-05
3.6681,3.398,2.47089,,,,,,,,0.00031470860809825455,0.0001130215241573751,-1.4495878531306516e-05,-0.00010851903789443895
3.6864,9.165,0.1124,0.7585189342498779,0.0009805759182199,-0.0230542384088039,0.0037269515451043,19.51876640319824,-0.0805815309286117,0.0001856076269177,0.002500006870626412,-0.0012373037170618773,-1.5443070822129812e-08,0.0001777304132701829
3.6895,14.088,0.091,0.7375876307487488,-2.263054011564236e-05,-0.0146341240033507,0.0039222035557031,21.498842239379883,-0.0297804400324821,0.0001835162693168,0.0026291345047220254,-0.001312239677645266,6.507929750654284e-10,7.819264283170924e-05
3.6895,-14.088,0.091,,,,,,,,0.0026291345047220254,-0.001312239677645266,6.507929750654284e-10,7.819264283170924e-05
3.7121,5.7811,0.78541,,,,,,,,0.0028808007610864068,-0.001407233765348792,0.00026864014216698706,0.000149261046317406
3.7197,-6.1236,0.59245,,,,,,,,0.003099892621879274,-0.0015193477738648653,0.00019767103367485106,0.0002341838408028707
3.7256,2.6826,2.89624,,,,,,,,0.00047176687322882305,0.00018627638928592205,-8.153032831614837e-05,-0.00011956131493207067
3.7263,2.3527,3.09106,,,,,,,,0.0005759756175430103,0.00022696326777804643,-0.00012238984345458448,-0.0001282395387534052
3.728,11.8646,0.0891,0.7406390309333801,5.021009565098211e-05,-0.0247884467244148,0.0038875271566212,22.62220764160156,-0.0460600294172763,0.0001703308662399,0.0026296177866982416,-0.00130906468257308,-6.045717815261753e-10,0.00012276841152925044
3.728,-11.8646,0.0891,,,,,,,,0.0026296177866982416,-0.00130906468257308,-6.045717815261753e-10,0.00012276841152925044
3.7288,11.539,0.0882,0.7388162016868591,0.0001069689242285,-0.0266613066196441,0.003873940790072,23.019189834594727,-0.049337949603796,0.0001661523710936,0.0026296177866982416,-0.00130906468257308,-6.045717815261753e-10,0.00012276841152925044
3.7288,-11.539,0.0882,,,,,,,,0.0026296177866982416,-0.00130906468257308,-6.045717815261753e-10,0.00012276841152925044
3.7363,6.85,0.25639,,,,,,,,0.0032231981116035,-0.0015850769123062491,8.381926454603672e-05,0.0002788494748529047
3.7419,13.7838,0.091,0.7382976412773132,-2.2193300537765023e-05,-0.016190081834793,0.0039207166992127,21.57415771484375,-0.0316964760422706,0.0001825889921747,0.0026291345047220254,-0.001312239677645266,6.507929750654284e-10,7.819264283170924e-05
3.7419,-13.7838,0.091,,,,,,,,0.0026291345047220254,-0.001312239677645266,6.507929750654284e-10,7.819264283170924e-05
3.7612,9.5795,0.1144,0.755832850933075,0.0018709853757172,-0.0251449421048164,0.0036024902947247,18.89991569519043,-0.0732723250985145,0.0001852831919677,0.002489418811659271,-0.0012330834288150072,-1.2014868211451812e-08,0.00016972555022221059
3.7794,1.9579,3.24815,-0.1033348515629768,0.0662126317620277,0.052083134651184,0.0007054831366986,416.69635009765625,-0.1140303835272789,1.8668378061192923e-06,0.0006957313990138773,0.00026956803048960865,-0.000166288111358881,-0.000143846744322218
3.7796,13.4892,0.0909,0.7388966679573059,-2.1591818949673325e-05,-0.0176502782851457,0.0039193737320601,21.67058753967285,-0.0335542596876621,0.0001814958377508,0.0026291345047220254,-0.001312239677645266,6.507929750654284e-10,7.819264283170924e-05
3.7796,-13.4892,0.0909,,,,,,,,0.0026291345047220254,-0.001312239677645266,6.507929750654284e-10,7.819264283170924e-05
3.7797,7.3594,0.09282,,,,,,,,0.003131441223675477,-0.0015419338596984744,5.029838212067261e-05,0.00026719109155237675
3.7825,5.4636,0.94949,,,,,,,,0.00248363446746234,-0.0011936448281630874,0.0003422727168072015,1.3094026144244708e-05
3.789,-1.444,3.46191,,,,,,,,0.0009192000567032951,0.00034043070627376437,-0.00026966709992848337,-0.00015039539721328765
3.7998,-6.5331,0.3726,,,,,,,,0.003221197749498416,-0.0015809545293450356,0.00013505011156667024,0.0002763566153589636
3.803,3.0621,2.59698,,,,,,,,0.00038082232682316343,0.00014871827443130314,-4.6127264795359224e-05,-0.00010959726932924241
3.8063,-1.9002,3.24917,,,,,,,,0.0006957313990138773,0.00026956803048960865,-0.000166288111358881,-0.000143846744322218
3.8111,-7.3738,0.08687,,,,,,,,0.003131441223675477,-0.0015419338596984744,5.029838212067261e-05,0.00026719109155237675
3.8145,11.1279,0.0871,0.7355619668960571,0.0001665689778747,-0.0302199870347976,0.0038643504958599,23.543704986572266,-0.053094308823347,0.0001613039639778,0.0025955755330598217,-0.0012899497523903847,-2.098540674566607e-09,0.00014241742610465735
3.8145,-11.1279,0.0871,,,,,,,,0.0025955755330598217,-0.0012899497523903847,-2.098540674566607e-09,0.00014241742610465735
3.8213,4.6443,1.48577,,,,,,,,0.0005649850848077291,-0.00019026669906452298,0.00016353937098756433,-0.00012982870975974947
3.828,1.4877,3.4067,,,,,,,,0.0009192000567032951,0.00034043070627376437,-0.00026966709992848337,-0.00015039539721328765
3.8337,-6.8675,0.2318,,,,,,,,0.0032231981116035,-0.0015850769123062491,8.381926454603672e-05,0.0002788494748529047
3.8344,9.914,0.1161,0.7561954855918884,0.0015943300677463,-0.0275945160537958,0.0035669745411723,18.42951774597168,-0.0677995309233665,0.000187699435628,0.002468709067105931,-0.0012220314238220453,-1.1450755010855573e-08,0.00017398365889675915
3.8426,10.1396,0.1171,0.7588625550270081,0.0013035935116931,-0.0277683790773153,0.003570670960471,18.05278778076172,-0.064800351858139,0.0001918855123221,0.002515982007610099,-0.0012472094967961311,-6.498829030476827e-09,0.0001643466966925189
3.8518,3.3063,2.3987,,,,,,,,0.00031470860809825455,0.0001130215241573751,-1.4495878531306516e-05,-0.00010851903789443895
3.8576,10.7219,0.0862,0.730256974697113,0.0003688021097332,-0.0330127440392971,0.00384480250068,24.177892684936523,-0.0575279220938682,0.0001560942473588,0.002582600855372646,-0.0012830151244997978,-2.0770176689666187e-09,0.00014604446187149733
3.8576,-10.7219,0.0862,,,,,,,,0.002582600855372646,-0.0012830151244997978,-2.0770176689666187e-09,0.00014604446187149733
3.8706,-2.0504,3.11957,,,,,,,,0.0006957313990138773,0.00026956803048960865,-0.000166288111358881,-0.000143846744322218
3.8843,-7.269,0.10182,,,,,,,,0.003097873062637997,-0.001523740473203361,5.4492425988428295e-05,0.000272855133516714
3.8869,10.1684,0.1173,0.7586711049079895,0.001247567939572,-0.0285293087363243,0.0035758134908974,18.000356674194336,-0.0641066282987594,0.0001926030527101,0.002515982007610099,-0.0012472094967961311,-6.498829030476827e-09,0.0001643466966925189
3.8927,-3.4816,2.24631,,,,,,,,0.0002654124109313962,7.383327465504408e-05,1.343933126918273e-05,-0.00010944847599603236
3.9037,2.5667,2.81295,,,,,,,,0.0005143144575102274,0.00020025383855681866,-9.105740900849923e-05,-0.00013317953562363982
3.9043,2.5601,2.81623,,,,,,,,0.0005143144575102274,0.00020025383855681866,-9.105740900849923e-05,-0.00013317953562363982
3.9066,2.5706,2.80825,,,,,,,,0.0005143144575102274,0.00020025383855681866,-9.105740900849923e-05,-0.00013317953562363982
3.9259,2.9418,2.56786,,,,,,,,0.0003989113050563001,0.00015417345275636762,-5.196037091081962e-05,-0.00011538294347701594
3.9375,1.861,3.14296,,,,,,,,0.0009170470023272909,0.0003422035078983754,-0.0002457178779877722,-0.0001810063113225624
3.9653,-14.4028,0.092,,,,,,,,0.0026048054447838386,-0.0013010393595322967,5.83963544187327e-10,5.957714529358782e-05
3.9653,14.4028,0.092,0.7366251945495605,-3.729354284587316e-05,-0.0155134107917547,0.0039325249381363,21.2304916381836,-0.0277653615921735,0.0001863965153461,0.0026048054447838386,-0.0013010393595322967,5.83963544187327e-10,5.957714529358782e-05
3.98,5.62,0.77205,,,,,,,,0.0024559940100637757,-0.0011790150310844183,0.0003431295044720173,1.274142869078787e-05
4.0149,10.3638,0.1185,0.7598525285720825,0.0009440943249501,-0.0305631980299949,0.0035916087217628,17.639556884765625,-0.0607377402484416,0.0001970436715055,0.002515982007610099,-0.0012472094967961311,-6.498829030476827e-09,0.0001643466966925189
4.0338,5.9461,0.57429,,,,,,,,0.002984073729453947,-0.0014590190257877111,0.00020777994359377772,0.0002329484559595585
4.0359,3.7994,1.92285,,,,,,,,0.00024340110972778298,1.4133004697214346e-05,4.8445934226037934e-05,-0.00011074418580392376
4.0371,-6.504,0.3217,,,,,,,,0.0031903141773588065,-0.0015641810605302453,0.00014225435734260827,0.00027861702255904675
4.0432,-4.7664,1.27751,,,,,,,,0.0011051804235456429,-0.00046214196481741965,0.00026523435371927917,-0.00014639495930168778
4.0586,5.8951,0.59256,,,,,,,,0.002760281099548951,-0.0013447485398501158,0.0002746646641753614,0.00014490901958197355
4.0752,-3.3199,2.21494,,,,,,,,0.00030377358778622303,0.00010719108831835911,-2.1090347217977978e-05,-0.00010552187450230122
4.088,2.5025,2.68948,,,,,,,,0.0006417469613355108,0.000249114993494004,-0.0001369013771181926,-0.00014886075223330408
4.1147,9.7739,0.0847,0.7156886458396912,0.0010280658025294,-0.0395101606845855,0.003868008730933,25.67721939086914,-0.0674805492162704,0.0001471852447139,0.0024480540633757056,-0.0012110561365261674,-1.0997668553613948e-08,0.00017772227874957025
4.1147,-9.7739,0.0847,,,,,,,,0.0024480540633757056,-0.0012110561365261674,-1.0997668553613948e-08,0.00017772227874957025
4.123,7.2503,0.07995,,,,,,,,0.0030271852152257456,-0.0014870465965941548,5.735600643674843e-05,0.0002763427037280053
4.1262,2.77,2.50082,,,,,,,,0.0005473759349932108,0.00020949581812601537,-9.796622907742858e-05,-0.00014635307888966054
4.1749,16.0486,0.0927,0.7322217226028442,-3.707894938997924e-05,-0.0118149863556027,0.0039419950917363,20.86516571044922,-0.0202961452305316,0.0001901713694678,0.0025834445160930154,-0.001290909363888204,4.456672808572648e-10,4.581927714752965e-05
4.1749,-16.0486,0.0927,,,,,,,,0.0025834445160930154,-0.001290909363888204,4.456672808572648e-10,4.581927714752965e-05
4.176,9.5344,0.084,0.7127857804298401,0.0011427332647144,-0.0406039059162139,0.0039072944782674,26.133209228515625,-0.070149652659893,0.0001458353071939,0.0024480540633757056,-0.0012110561365261674,-1.0997668553613948e-08,0.00017772227874957025
4.176,-9.5344,0.084,,,,,,,,0.0024480540633757056,-0.0012110561365261674,-1.0997668553613948e-08,0.00017772227874957025
4.1804,-6.9763,0.13606,,,,,,,,0.003111928688590974,-0.0015266344416886568,9.300626697950065e-05,0.00028594082687050104
4.1889,6.2048,0.40283,,,,,,,,0.002984073729453947,-0.0014590190257877111,0.00020777994359377772,0.0002329484559595585
4.1982,16.6853,0.0925,0.7304142713546753,-3.176548852934502e-05,-0.0103790117427706,0.0039435005746781,20.85159111022949,-0.0180144738405942,0.0001903688680613,0.0025834445160930154,-0.001290909363888204,4.456672808572648e-10,4.581927714752965e-05
4.1982,-16.6853,0.0925,,,,,,,,0.0025834445160930154,-0.001290909363888204,4.456672808572648e-10,4.581927714752965e-05
4.2005,15.3454,0.0928,0.73399817943573,-4.411289046402089e-05,-0.0137914437800645,0.0039420370012521,20.91793632507324,-0.022949144244194,0.0001896830362966,0.0026003692749223396,-0.001298725139349699,5.533649649613892e-10,6.158817996038124e-05
4.2005,-15.3454,0.0928,,,,,,,,0.0026003692749223396,-0.001298725139349699,5.533649649613892e-10,6.158817996038124e-05
4.2016,14.9689,0.0929,0.7351217269897461,-4.614475619746372e-05,-0.0150685422122478,0.0039407056756317,20.94866371154785,-0.0247218087315559,0.0001893230219138,0.0026003692749223396,-0.001298725139349699,5.533649649613892e-10,6.158817996038124e-05
4.2016,-14.9689,0.0929,,,,,,,,0.0026003692749223396,-0.001298725139349699,5.533649649613892e-10,6.158817996038124e-05
4.216,-3.2405,2.14897,,,,,,,,0.00030377358778622303,0.00010719108831835911,-2.1090347217977978e-05,-0.00010552187450230122
4.2216,-1.9586,2.83054,,,,,,,,0.0008517067330305075,0.00032003456726670265,-0.0002027456066571176,-0.00019448183593340218
4.2545,0.1807,3.24594,,,,,,,,0.0013214970690272644,0.0004591174656525254,-0.0004724300524685532,-5.10844802192878e-05
4.2565,3.037,2.23592,,,,,,,,0.0004119825827864366,0.00015670851280447096,-5.582041558227502e-05,-0.00012148635869380087
4.2666,-3.5769,1.90773,,,,,,,,0.00022656449666200548,5.6694661907386035e-05,1.0024014045484364e-05,-9.756076178746298e-05
4.2701,3.1592,2.15314,,,,,,,,0.0003061209639790136,0.00010698123514885083,-2.3854434402892366e-05,-0.00010683394793886691
4.3087,1.6033,2.8974,,,,,,,,0.0010831850565510594,0.00039407654548995197,-0.00028682214906439185,-0.00023613385565113276
4.3406,-1.4086,2.92817,,,,,,,,0.0012108844313352617,0.0004350546223577112,-0.0003544571518432349,-0.00022726169845554978
4.3463,-8.6346,0.0818,,,,,,,,0.0024586848794993475,-0.0012119453167542815,-2.6958443868352333e-06,0.00020606823090929538
4.3752,3.5895,1.81695,,,,,,,,0.00022656449666200548,5.6694661907386035e-05,1.0024014045484364e-05,-9.756076178746298e-05
4.3838,5.6473,0.59924,,,,,,,,0.002714505623051292,-0.001321330200880766,0.0002733150904532522,0.000146698861499317
4.3968,-8.1237,0.0807,,,,,,,,0.00266573390939439,-0.001311128493398428,8.795326721156016e-06,0.000239580956986174
4.4097,-0.306,3.07473,,,,,,,,0.0014032748174170248,0.0004876268212683499,-0.0005015148781239986,-5.4753661970607936e-05
4.4266,-0.6626,3.02084,,,,,,,,0.0013696708418170468,0.00048058934044092894,-0.0004677147080656141,-0.0001388394448440522
4.4538,6.0079,0.40661,,,,,,,,0.002887730202435255,-0.001408754731528461,0.00021046843903604895,0.0002363462990615517
4.4576,6.9904,0.08943,,,,,,,,0.0030577651959516764,-0.0014984786976128817,9.580513869877905e-05,0.00028786275652237236
4.4625,-2.9823,2.09681,,,,,,,,0.0004360861818709697,0.000163446762599051,-6.025500988471322e-05,-0.00013113839668221772
4.4831,5.9492,0.42308,,,,,,,,0.002887730202435255,-0.001408754731528461,0.00021046843903604895,0.0002363462990615517
4.4991,-3.6565,1.68426,,,,,,,,0.00021419896455262223,5.080915070720948e-05,8.554236956115346e-06,-9.389118349645287e-05
4.5013,-1.404,2.76849,,,,,,,,0.0012999569736948555,0.00046380894491449,-0.0003783048305194825,-0.0002534536470193416
4.5253,1.2563,2.78617,,,,,,,,0.0012999569736948555,0.00046380894491449,-0.0003783048305194825,-0.0002534536470193416
4.5469,6.4056,0.23106,,,,,,,,0.0030005795353655793,-0.0014660009182989597,0.00015160893963184208,0.0002805805124808103
4.5572,-1.717,2.61186,,,,,,,,0.0011719888203530757,0.0004219177644699812,-0.0003076296125072986,-0.0002659677993506193
4.57,-1.7936,2.56814,,,,,,,,0.0011719888203530757,0.0004219177644699812,-0.0003076296125072986,-0.0002659677993506193
4.5782,-1.9278,2.50428,,,,,,,,0.0010094824883175135,0.0003692263562697917,-0.00023496325593441725,-0.0002514515654183924
4.5821,-14.9637,0.0939,,,,,,,,0.0025911389025953992,-0.001293926383368671,4.840590706045589e-10,6.522819603560492e-05
4.5821,14.9637,0.0939,0.7348229289054871,-6.252613093238324e-05,-0.0171449575573205,0.0039517562836408,20.7305965423584,-0.024181168526411,0.0001918098132591,0.0025911389025953992,-0.001293926383368671,4.840590706045589e-10,6.522819603560492e-05
4.585,0.4595,2.87855,,,,,,,,0.0014513147877547822,0.0005089422920718789,-0.0004945223918184638,-0.00015167069796007127
4.6083,10.4316,0.1204,0.7547016143798828,0.0006522423354908,-0.03903554007411,0.0036458212416619,17.344512939453125,-0.0557543523609638,0.0002020420652115,0.002468911120634504,-0.001222297316417098,-5.823065585275344e-09,0.00017282881890423596
4.6132,-3.0144,1.95465,,,,,,,,0.0004662197453441756,0.00017171321087516844,-6.509706872748211e-05,-0.000143586759804748
4.6203,5.2632,0.69525,,,,,,,,0.001746902596954355,-0.0008062213310040534,0.00032524706330150366,-8.449073357041925e-05
4.6243,-3.3373,1.76728,,,,,,,,0.0003141595163284716,0.00010814209235832095,-2.6458807042217813e-05,-0.00011081186676165089
4.6249,0.0214,2.86859,,,,,,,,0.0014820067268129546,0.0005158919957466424,-0.0005286659579724073,-5.876851355424151e-05
4.6254,-2.0968,2.38886,,,,,,,,0.0010094824883175135,0.0003692263562697917,-0.00023496325593441725,-0.0002514515654183924
4.6314,-1.0655,2.72909,,,,,,,,0.0013921728663269935,0.0004921368090435863,-0.0004419093602336943,-0.00021691888105124235
4.6443,-2.7253,2.08723,,,,,,,,0.0006443081991402757,0.0002383585524512455,-0.00011385198013158515,-0.00018440767598804086
4.6612,-16.586,0.0938,,,,,,,,0.0025765913085802907,-0.0012873726664111018,3.8440917116133733e-10,4.875767263001762e-05
4.6612,16.586,0.0938,0.7308700680732727,-4.665442611440085e-05,-0.0124233858659863,0.0039528873749077,20.573854446411133,-0.0179778188467025,0.0001933650346472,0.0025765913085802907,-0.0012873726664111018,3.8440917116133733e-10,4.875767263001762e-05
4.6754,-10.5783,0.0878,,,,,,,,0.0025436021360323658,-0.0012624029768630862,-2.0144226287044376e-09,0.00015432653890457004
4.7023,-0.4297,2.75909,,,,,,,,0.0015109037823600405,0.0005296326125971973,-0.0005134296952746809,-0.00016305460303556174
4.7113,-0.4228,2.75031,,,,,,,,0.0015109037823600405,0.0005296326125971973,-0.0005134296952746809,-0.00016305460303556174
4.7119,3.4904,1.61612,,,,,,,,0.00020719421845122733,4.700003773905337e-05,6.930365088919643e-06,-9.206154209095985e-05
4.7124,-0.9078,2.685,,,,,,,,0.0014619256686326074,0.0005149785429239273,-0.0004620642284862697,-0.0002357974008191377
4.7283,-0.4317,2.73179,,,,,,,,0.0015109037823600405,0.0005296326125971973,-0.0005134296952746809,-0.00016305460303556174
4.7445,6.9425,0.06149,,,,,,,,0.0029408988907251546,-0.001437386847101152,0.00010138047946384177,0.0002930232440121472
4.764,-2.137,2.24333,,,,,,,,0.0010906777446443997,0.0003929543308913708,-0.0002504814474377781,-0.0002832674072124064
4.7649,-8.9899,0.0839,,,,,,,,0.0024015200189394384,-0.0011818757047876716,-2.762540987077955e-07,0.0002121186989825219
4.7717,4.93,0.79053,,,,,,,,0.0010096791477086835,-0.0004549160075839609,0.0002112598594976589,-5.730351767851971e-05
4.7868,-1.3179,2.50536,,,,,,,,0.00137760015715454,0.0004879082553088665,-0.00039813024341128767,-0.000279075960861519
4.7885,8.1582,0.1087,0.6257914900779724,-0.0105749117210507,-0.075556494295597,0.0047849295660853,65.32938385009766,-0.0836691036820411,7.38595481379889e-05,0.0025789380548379686,-0.001265791361220181,1.2876207620138302e-05,0.00024563551414757967
4.8039,-2.5699,2.01923,,,,,,,,0.0007031919450300976,0.000254766084253788,-0.00012239038187544793,-0.00020912810578010976
4.8331,-5.0872,0.68335,,,,,,,,0.0017057907130236926,-0.0007933968445286155,0.0003080160531681031,-5.548015178646892e-05
4.8395,3.7623,1.37737,,,,,,,,0.00017537751966583754,-3.169149567838758e-05,4.26201950176619e-05,-6.977454177103937e-05
4.8398,-10.9183,0.0889,,,,,,,,0.0025306774066789005,-0.0012556558940559626,-2.0270609635275605e-09,0.00015623799117747694
4.8407,6.199,0.2299,,,,,,,,0.0028279121353112467,-0.0013773550745099783,0.0002103811566485092,0.00024063359887804836
4.8507,-1.8947,2.2622,,,,,,,,0.0010906777446443997,0.0003929543308913708,-0.0002504814474377781,-0.0002832674072124064
4.8804,-1.482,2.36722,,,,,,,,0.0013012301990215878,0.0004572363686747849,-0.0003333000640850514,-0.0003211634757462889
4.8917,-2.4592,1.98929,,,,,,,,0.0009537266321882585,0.00033871413324959576,-0.00018974005070049316,-0.0002768936101347208
4.9122,9.1278,0.0847,0.6996839642524719,0.0001105947085306,-0.054617803543806,0.0040741269476711,26.219018936157227,-0.0678772255778312,0.0001513180177425,0.0023757806706276702,-0.0011714550200849771,-9.377564502699443e-09,0.00019691771012730896
4.9122,-9.1278,0.0847,,,,,,,,0.0023757806706276702,-0.0011714550200849771,-9.377564502699443e-09,0.00019691771012730896
4.9312,4.9135,0.71736,,,,,,,,0.0010082521592725256,-0.0004620791878551245,0.00019970342691522092,-2.72849702014355e-05
4.9502,-4.6705,0.83082,,,,,,,,0.0005343620723561462,-0.00023023107496555895,0.00012534890265669674,-5.1643110055010766e-05
4.9523,8.7817,0.0838,0.6904550790786743,-0.0026119630783796,-0.0602334327995777,0.0043131569400429,29.58496284484864,-0.0720018669962883,0.0001433867146261,0.0023712947330571895,-0.0011662158649414778,9.36120045480493e-07,0.00021377408120315522
4.9523,-8.7817,0.0838,,,,,,,,0.0023712947330571895,-0.0011662158649414778,9.36120045480493e-07,0.00021377408120315522
4.9526,-11.2433,0.0901,,,,,,,,0.002564131252413775,-0.001274642301723361,-8.182812205603796e-10,0.00013776528066955507
4.9728,8.4041,0.0827,0.6442037224769592,-0.0071244398131966,-0.0722300484776496,0.0046335752122104,47.84469604492188,-0.0770950764417648,9.73985661403276e-05,0.0024255453050587247,-0.0011910242028534412,3.570304215827491e-06,0.00022861782053951174
4.9728,-8.4041,0.0827,,,,,,,,0.0024255453050587247,-0.0011910242028534412,3.570304215827491e-06,0.00022861782053951174
4.9744,-1.2712,2.33172,,,,,,,,0.0014116347196252885,0.0004959367797710001,-0.00040396099211648107,-0.00029839633498340845
4.9776,6.56,0.10272,,,,,,,,0.002871167873616789,-0.00139857386238873,0.00015282497042790055,0.00028554670279845595
4.9831,0.3851,2.47151,,,,,,,,0.0015137715712484308,0.0005307075334712863,-0.0005124554736539721,-0.00016915966989472508
4.9857,-4.6656,0.81505,,,,,,,,0.0005343620723561462,-0.00023023107496555895,0.00012534890265669674,-5.1643110055010766e-05
4.993,-5.4141,0.47079,,,,,,,,0.002197463982866585,-0.0010554671753197908,0.00029572955099865794,7.579619705211371e-05
5.0045,2.8419,1.72592,,,,,,,,0.0005382450152441843,0.00018851160712074488,-7.277099939528853e-05,-0.0001777489233063534
5.0372,-8.1042,0.082,,,,,,,,0.0025315803163479308,-0.0012413711519911885,1.4569047380064148e-05,0.0002470022882334888
5.0412,3.5182,1.35853,,,,,,,,0.00019975110795267075,4.093595271115191e-05,4.781864845426753e-06,-9.09753143787384e-05
5.0568,-1.7788,2.11038,,,,,,,,0.0013012301990215878,0.0004572363686747849,-0.0003333000640850514,-0.0003211634757462889
5.0951,3.453,1.35196,,,,,,,,0.00019975110795267075,4.093595271115191e-05,4.781864845426753e-06,-9.09753143787384e-05
5.1075,-4.6237,0.773,,,,,,,,0.000577789715811382,-0.00025740190176293254,0.00012710550799965858,-3.2383479265263304e-05
5.1304,-11.8986,0.0927,,,,,,,,0.0025868037029551506,-0.0012882172595709562,8.708886389818815e-11,0.00011569201160455123
5.1341,-8.8617,0.0844,,,,,,,,0.0023712947330571895,-0.0011662158649414778,9.36120045480493e-07,0.00021377408120315522
5.1341,8.8617,0.0844,0.6910132169723511,-0.0019265409791842,-0.0612766332924366,0.0042408453300595,27.896379470825195,-0.0685780867934227,0.0001489304413553,0.0023712947330571895,-0.0011662158649414778,9.36120045480493e-07,0.00021377408120315522
5.1345,-5.0993,0.54327,,,,,,,,0.001695040094667199,-0.000800812675151974,0.00027687972760759294,1.808055276342202e-05
5.1453,-7.6812,0.0816,,,,,,,,0.0026723742462443924,-0.0013087241677567363,3.5594228393165395e-05,0.0002671518886927515
5.1453,7.6812,0.0816,,,,,,,,0.0026723742462443924,-0.0013087241677567363,3.5594228393165395e-05,0.0002671518886927515
5.1525,-5.8224,0.26778,,,,,,,,0.0025562321290532103,-0.0012382513377815485,0.00025446611107327044,0.00018857703253161162
5.1526,-8.11,0.0823,,,,,,,,0.0025315803163479308,-0.0012413711519911885,1.4569047380064148e-05,0.0002470022882334888
5.1526,8.11,0.0823,0.5125152468681335,-0.0087178079411387,-0.0795032531023025,0.0042584151960909,175.3400115966797,-0.0785963907837867,2.471578591212165e-05,0.0025315803163479308,-0.0012413711519911885,1.4569047380064148e-05,0.0002470022882334888
5.186,5.3038,0.43935,,,,,,,,0.001695040094667199,-0.000800812675151974,0.00027687972760759294,1.808055276342202e-05
5.19,2.3442,1.77473,,,,,,,,0.0010274361605602292,0.0003614377637859434,-0.00020075522479601204,-0.0003049038350582123
5.1939,1.4295,2.07594,,,,,,,,0.0014724868556648333,0.0005192719399929047,-0.00041600942495279014,-0.0003151939017698169
5.2033,1.8051,1.96316,,,,,,,,0.0013728715618845089,0.0004820702597498894,-0.00034667871659621596,-0.00034440704621374607
5.2047,-6.1411,0.16373,,,,,,,,0.002744115260726734,-0.0013326305197551847,0.00020522010163404047,0.0002540132845751941
5.2469,-2.1395,1.80531,,,,,,,,0.0012207340039159232,0.00042981409933418036,-0.0002704577927943319,-0.00033861526753753424
5.2483,2.2538,1.75951,,,,,,,,0.0010274361605602292,0.0003614377637859434,-0.00020075522479601204,-0.0003049038350582123
5.2508,0.737,2.16477,,,,,,,,0.0015509206580019206,0.0005497726961039007,-0.0005185190821066499,-0.00017385817773174495
5.2621,6.3123,0.11116,,,,,,,,0.002744115260726734,-0.0013326305197551847,0.00020522010163404047,0.0002540132845751941
5.2686,-0.0141,2.20467,,,,,,,,0.001553200188978932,0.00055071891983971,-0.0005436958163045347,-6.489404768217355e-05
5.2789,-1.4781,1.98136,,,,,,,,0.001404776451116135,0.0004837696033064276,-0.00035070435842499137,-0.0003692189638968557
5.2993,4.6393,0.66969,,,,,,,,0.0006106705606738557,-0.000275935250101611,0.00012960037565790117,-1.7120566553785466e-05
5.2994,-1.9413,1.83364,,,,,,,,0.0012686212720995646,0.0004353059339337051,-0.00027602267800830305,-0.00036968934000469744
5.3109,-0.8863,2.08686,,,,,,,,0.001518992626198447,0.0005328109837137163,-0.0004706565523520112,-0.00026726300711743534
5.3146,-0.4515,2.12969,,,,,,,,0.0015205435971183034,0.0005363279487937689,-0.0005084508447907865,-0.0001784468477126211
5.3542,3.1325,1.31874,,,,,,,,0.00039109618019754066,0.00011959777475567535,-3.4073371352860704e-05,-0.0001509120047558099
5.3685,6.705,0.03132,,,,,,,,0.00274011985286809,-0.0013328712666407228,0.00010498530900804326,0.00029915961204096675
5.417,3.4017,1.15006,,,,,,,,0.00039109618019754066,0.00011959777475567535,-3.4073371352860704e-05,-0.0001509120047558099
5.4211,-4.4461,0.69271,,,,,,,,0.0006106705606738557,-0.000275935250101611,0.00012960037565790117,-1.7120566553785466e-05
5.4896,-0.674,1.93524,,,,,,,,0.0014378800987348633,0.000515935942530632,-0.00047055253526195884,-0.0001710707729216665
5.5575,1.6438,1.68005,,,,,,,,0.0013891296289426727,0.00047890408313833177,-0.00033627188531681895,-0.0003741555556189269
5.5684,4.8475,0.46397,,,,,,,,0.0011082330785952984,-0.0005179091240279377,0.00017806704272516072,8.430543675785884e-05
5.5704,-1.8924,1.60326,,,,,,,,0.0012733664442090298,0.0004347262729424983,-0.0002674402785487473,-0.0003805972810368985
5.5741,7.6431,0.1078,,,,,,,,0.0025540340664141877,-0.0012479644501581788,3.991472112829797e-05,0.0002678881282918155
5.5963,11.8998,0.0941,0.7308633327484131,-0.0001333811524091,-0.041483324021101,0.0039799925871193,21.45410919189453,-0.0376057140529155,0.0001845255028456,0.0025688020573732782,-0.0012789248721674085,-4.32092729651945e-11,0.00011847857967950404
5.5963,-11.8998,0.0941,,,,,,,,0.0025688020573732782,-0.0012789248721674085,-4.32092729651945e-11,0.00011847857967950404
5.6125,-5.7568,0.16287,,,,,,,,0.0024628859229977027,-0.0011876019416376948,0.00023356334713753313,0.0002269395481562242
5.6396,10.5343,0.0898,0.7108204364776611,0.0001128725343733,-0.0547153055667877,0.0039370898157358,23.20012283325196,-0.0471132732927799,0.0001678450498729,0.0024800270714309177,-0.001229656278155744,-2.185902348017521e-09,0.00015993438137229532
5.6396,-10.5343,0.0898,,,,,,,,0.0024800270714309177,-0.001229656278155744,-2.185902348017521e-09,0.00015993438137229532
5.6425,0.8524,1.76885,,,,,,,,0.0014555177248615088,0.0005171461962163448,-0.00044069066643714905,-0.00026073839399032295
5.6556,7.0502,0.1074,,,,,,,,0.002687850476922229,-0.0013070874847471714,0.0001017918111756444,0.00029545859433710575
5.6629,2.8896,1.18085,,,,,,,,0.000699121244193264,0.00021897723490837961,-8.423911640420556e-05,-0.0002591242373455316
5.7437,5.0294,0.33265,,,,,,,,0.001741736850441111,-0.0008228796650655568,0.00024038489209488034,0.0001532839669380337
5.7496,2.7583,1.16225,,,,,,,,0.0009561629264592852,0.0003089172241743654,-0.00014500309771392494,-0.00033482254366390407
5.7847,-4.1937,0.60041,,,,,,,,0.0004530204031057943,-0.0002062235726043582,9.311203757533804e-05,1.0433502211526502e-05
5.7857,0.416,1.6748,,,,,,,,0.0014667520395129409,0.000531753757968545,-0.0004745868791360408,-0.00017275885329581797
5.7915,1.2928,1.55283,,,,,,,,0.0014915767959693177,0.0005254254792816937,-0.00040582631481811404,-0.000339754915330559
5.8016,-2.6761,1.15303,,,,,,,,0.0009561629264592852,0.0003089172241743654,-0.00014500309771392494,-0.00033482254366390407
5.8086,7.3445,0.1077,,,,,,,,0.0026148666679654,-0.0012749633751809597,6.830332131357864e-05,0.00028139824280515313
5.814,-2.5651,1.182,,,,,,,,0.0009561629264592852,0.0003089172241743654,-0.00014500309771392494,-0.00033482254366390407
5.8151,-0.1398,1.66472,,,,,,,,0.0014422381686421386,0.0005270268302410841,-0.00048799390788190067,-6.416696851374581e-05
5.8381,1.8357,1.38534,,,,,,,,0.0013402732542263053,0.0004553865874186158,-0.00028061706689186394,-0.00040368331247009337
5.8537,-7.1494,0.0821,,,,,,,,0.0025663377710513032,-0.0012498399009928107,7.090150029398501e-05,0.00028177222702652216
5.8684,7.8847,0.1078,0.6229121685028076,-0.02020063996315,-0.091658815741539,0.0048604402691125,54.10040664672852,-0.0684312358498573,9.036015399033204e-05,0.002454382554170951,-0.0011982922442257404,4.2055507947225124e-05,0.0002613913966342807
5.8717,-0.0266,1.61727,,,,,,,,0.0012865621236577722,0.0004722159937955439,-0.00043236007331870496,-6.234859029063955e-05
5.8799,-11.3864,0.0932,,,,,,,,0.0025208441316246642,-0.0012524636695161462,-1.0488340196346257e-09,0.0001414161961292848
5.8799,11.3864,0.0932,0.7235029935836792,-0.0001161348627647,-0.048213493078947,0.0039796093478798,21.87837219238281,-0.0394746996462345,0.0001805604988476,0.0025208441316246642,-0.0012524636695161462,-1.0488340196346257e-09,0.0001414161961292848
5.8826,4.4127,0.47574,,,,,,,,0.0007830933548567322,-0.0003591446147765964,0.00013170465535949916,8.353340672329068e-05
5.8887,-5.3235,0.20065,,,,,,,,0.001741736850441111,-0.0008228796650655568,0.00024038489209488034,0.0001532839669380337
5.91,0.4248,1.55879,,,,,,,,0.0013069149904513396,0.0004735928087029606,-0.00041909731226041913,-0.00016454176511615515
5.9249,-5.4285,0.16525,,,,,,,,0.002100879021278053,-0.0009947721846401691,0.00023374278680421412,0.00024334291811101139
5.937,7.7368,0.1076,0.5635674595832825,-0.0222549904137849,-0.0942754596471786,0.0046646199189126,95.91690063476562,-0.0688038393855094,4.92152466904372e-05,0.002454382554170951,-0.0011982922442257404,4.2055507947225124e-05,0.0002613913966342807
5.9549,-7.4176,0.0828,,,,,,,,0.0025663377710513032,-0.0012498399009928107,7.090150029398501e-05,0.00028177222702652216
5.962,-4.4124,0.44035,,,,,,,,0.0007830933548567322,-0.0003591446147765964,0.00013170465535949916,8.353340672329068e-05
5.9782,4.6779,0.3524,,,,,,,,0.0007830933548567322,-0.0003591446147765964,0.00013170465535949916,8.353340672329068e-05
5.9792,-2.0989,1.20382,,,,,,,,0.0012981372997734727,0.0004264685558155179,-0.00025956195895560086,-0.00041477978811599314
5.9976,1.9923,1.21504,,,,,,,,0.0012981372997734727,0.0004264685558155179,-0.00025956195895560086,-0.00041477978811599314
6.0096,8.113,0.1086,0.673583984375,-0.0166081022471189,-0.0843325406312942,0.0047700619325041,31.845508575439453,-0.0635270103812217,0.0001488602720201,0.0023483655684122177,-0.0011488905875012279,2.1567451767623425e-05,0.00024143420159816742
6.0261,4.636,0.34587,,,,,,,,0.0007830933548567322,-0.0003591446147765964,0.00013170465535949916,8.353340672329068e-05
6.0862,14.7493,0.0975,0.7327787280082703,-0.0001212587667396,-0.0251137893646955,0.0039917160756886,19.94892883300781,-0.0220529213547706,0.0002008440933423,0.002556034080222861,-0.0012758655939251184,1.732917004337864e-10,7.412517152260989e-05
6.0862,-14.7493,0.0975,,,,,,,,0.002556034080222861,-0.0012758655939251184,1.732917004337864e-10,7.412517152260989e-05
6.1311,1.9732,1.11346,,,,,,,,0.0013220818121753536,0.00044569914462044835,-0.000259678898146376,-0.00041339354356750846
6.1333,8.4152,0.1105,0.6994417905807495,-0.0098489755764603,-0.0753184854984283,0.0044548483565449,23.174724578857425,-0.0586005635559558,0.0001822238846216,0.002221911962146288,-0.0010894685983657837,1.0859799658646807e-05,0.00021717142954003066
6.1471,8.7163,0.1127,0.7079968452453613,-0.0043394309468567,-0.0690254569053649,0.0041718683205544,20.193458557128903,-0.0560327284038066,0.0001942941889865,0.0022123472378536824,-0.0010866753291338682,6.591262717847712e-06,0.00020667210628744215
6.1609,2.1179,1.05687,,,,,,,,0.001182965298093985,0.00038502278039231896,-0.00019957820768468082,-0.0004022160137537867
6.1752,-1.6803,1.14406,,,,,,,,0.0013868061569137558,0.0004823055351153016,-0.0003165081434417516,-0.0003847230109386146
6.1811,8.0946,0.1085,0.6753196716308594,-0.0171925984323024,-0.0852295905351638,0.0047676521353423,30.090482711791992,-0.0602624677121639,0.0001562557736178,0.0022747902834862562,-0.0011125501478090882,2.234978455817327e-05,0.00023537281958851963
6.1811,-8.0946,0.1085,,,,,,,,0.0022747902834862562,-0.0011125501478090882,2.234978455817327e-05,0.00023537281958851963
6.1853,4.9471,0.20888,,,,,,,,0.0013540496895811886,-0.0006069185910746455,0.00016746731125749648,0.000248932046815753
6.1925,-3.3226,0.67906,,,,,,,,0.00043945842723237344,0.00011622276360867545,-3.285941420472227e-05,-0.0001835577713791281
6.199,-5.3159,0.12602,,,,,,,,0.0018399523639825986,-0.0008514926885254681,0.00021419658150989562,0.0002746565151028335
6.2095,-9.4787,0.0878,,,,,,,,0.0022756246268748007,-0.0011228558141738176,-9.092040897940024e-09,0.00018387952877674252
6.2648,-4.8838,0.19868,,,,,,,,0.0013540496895811886,-0.0006069185910746455,0.00016746731125749648,0.000248932046815753
6.267,3.3294,0.63444,,,,,,,,0.00043945842723237344,0.00011622276360867545,-3.285941420472227e-05,-0.0001835577713791281
6.2824,-1.2735,1.14045,,,,,,,,0.001388082915078172,0.0004990975139662623,-0.0003592246794141829,-0.00032179628033190966
6.3071,6.0002,0.01446,,,,,,,,0.0023909203624277466,-0.0011389994760975242,0.0002046628505922854,0.00029986389563418925
6.3116,10.0901,0.1225,0.7274163365364075,0.0004981197998858,-0.0586421079933643,0.0037837976124137,17.381088256835938,-0.0447210520505905,0.0002078894031001,0.0023535696210957055,-0.001163812237791717,-5.557230231545418e-09,0.00017425144324079156
6.3259,-9.8883,0.0893,,,,,,,,0.0022578877614421386,-0.0011142789153382182,-9.495727759656347e-09,0.00018137470760848373
6.3401,-8.0029,0.0844,,,,,,,,0.0022445074111738955,-0.0010989545844495296,2.2354235625243746e-05,0.00022639012604486197
6.3907,4.6886,0.20364,,,,,,,,0.0009402732337458648,-0.00040951676783151925,0.0001313694956479594,0.00018991185061167926
6.3958,3.5897,0.49234,,,,,,,,0.00020598850013650748,1.2631868230528198e-05,8.30856242828304e-06,-0.0001018784532789141
6.4107,-4.455,0.25164,,,,,,,,0.0009402732337458648,-0.00040951676783151925,0.0001313694956479594,0.00018991185061167926
6.4262,4.5192,0.23143,,,,,,,,0.0009402732337458648,-0.00040951676783151925,0.0001313694956479594,0.00018991185061167926
6.428,-11.3317,0.0944,,,,,,,,0.002500008300834999,-0.001241955440491438,-1.180729625183119e-09,0.00014162294974084944
6.4347,8.3401,0.1102,0.6946893930435181,-0.0111426683142781,-0.0780838951468467,0.0044969408772885,22.681884765625,-0.0537964701652526,0.0001874684530775,0.002192336128892311,-0.0010760657023638487,1.1185126822965685e-05,0.00020866701379418373
6.4347,-8.3401,0.1102,,,,,,,,0.002192336128892311,-0.0010760657023638487,1.1185126822965685e-05,0.00020866701379418373
6.4408,-0.8332,1.06884,,,,,,,,0.0012203735734145375,0.00044227897888049483,-0.0003497127036098391,-0.0002332771837245673
6.4416,-6.5652,0.0814,,,,,,,,0.002518855473618048,-0.001215622527524829,0.00013573348405770957,0.00029999419348314404
6.4709,-0.365,1.07855,,,,,,,,0.0011870230063385887,0.00043946303776465356,-0.0003659858775790781,-0.00015868988703005016
6.4835,10.4441,0.1248,0.7352280020713806,0.0001828142849262,-0.0571516081690788,0.003792239818722,16.75891876220703,-0.0411442480981349,0.0002168514911318,0.0023535696210957055,-0.001163812237791717,-5.557230231545418e-09,0.00017425144324079156
6.5345,2.6029,0.67524,,,,,,,,0.0009314169536780726,0.000270193355390802,-0.0001109810036723502,-0.0003627163532655686
6.5458,10.7865,0.1266,0.7420351505279541,2.121012948919088e-05,-0.0543947368860244,0.0038083074614405,16.327713012695312,-0.038760457187891,0.0002240497415186,0.0024325957920758538,-0.0012059935834258795,-2.60925414607982e-09,0.00015798749518580735
6.5473,-10.2049,0.0907,,,,,,,,0.0023407984973822077,-0.001157630467787385,-5.784837497913031e-09,0.00017241259047295898
6.5533,-6.7927,0.082,,,,,,,,0.0023638743725820765,-0.0011343855876475573,0.00013261470303405076,0.0003042337775696069
6.571,-8.5315,0.0858,,,,,,,,0.0021355941669179593,-0.0010480232303962111,1.2999712453165557e-05,0.00020412968297023326
6.592,3.0549,0.52551,,,,,,,,0.0006957538069967032,0.00018724118126556277,-6.312534242169932e-05,-0.000286311493255198
6.601,3.004,0.53422,,,,,,,,0.0006957538069967032,0.00018724118126556277,-6.312534242169932e-05,-0.000286311493255198
6.6119,7.8898,0.0844,0.6250301599502563,-0.0206934697926044,-0.0929394736886024,0.0048317243345081,40.78743362426758,-0.0524823777377605,0.0001189113754662,0.0022220977327123198,-0.0010838466696441174,4.334769255365245e-05,0.00024047236365731806
6.6119,-7.8898,0.0844,,,,,,,,0.0022220977327123198,-0.0010838466696441174,4.334769255365245e-05,0.00024047236365731806
6.6152,3.6207,0.37811,,,,,,,,0.0001450870953976242,-9.838539881457109e-06,1.2855176464654505e-05,-7.071431173244491e-05
6.6169,4.1418,0.25376,,,,,,,,0.0007473671004949976,-0.00031152268638834357,9.306769061367959e-05,0.00018420482228975743
6.6173,11.116,0.1285,0.7483967542648315,-0.0001174675417132,-0.0516803376376628,0.0038258377462625,15.911107063293455,-0.036485094577074,0.0002313241129741,0.0024325957920758538,-0.0012059935834258795,-2.60925414607982e-09,0.00015798749518580735
6.6232,8.1939,0.085,0.6534173488616943,-0.0134649286046624,-0.0849585309624672,0.0046631162986159,30.03694534301757,-0.0508500486612319,0.0001545068953419,0.0021640752372004157,-0.0010588624281808734,2.463034434185829e-05,0.0002213800180470571
6.6232,-8.1939,0.085,,,,,,,,0.0021640752372004157,-0.0010588624281808734,2.463034434185829e-05,0.0002213800180470571
6.6392,-10.5426,0.092,,,,,,,,0.0024325957920758538,-0.0012059935834258795,-2.60925414607982e-09,0.00015798749518580735
6.65,8.5288,0.1117,0.6972615718841553,-0.0071046007797122,-0.0744977816939354,0.004305803682655,20.247146606445312,-0.0490264408290386,0.0001993482001125,0.0021355941669179593,-0.0010480232303962111,1.2999712453165557e-05,0.00020412968297023326
6.65,-8.5288,0.1117,,,,,,,,0.0021355941669179593,-0.0010480232303962111,1.2999712453165557e-05,0.00020412968297023326
6.6542,-12.0064,0.0974,,,,,,,,0.002524496224453551,-0.0012563703348860145,-3.8231776078312407e-10,0.00012167118984507397
6.6873,4.3592,0.18287,,,,,,,,0.0007473671004949976,-0.00031152268638834357,9.306769061367959e-05,0.00018420482228975743
6.6884,4.0659,0.24639,,,,,,,,0.000332758837825856,-0.00014705715875606984,5.232901457929984e-05,5.760188651038334e-05
6.7102,-9.3975,0.0882,,,,,,,,0.002184252394298057,-0.0010756597621366382,-8.775185911247263e-09,0.00018893307424150407
6.7102,9.3975,0.0882,0.6693839430809021,0.0004832485865335,-0.0700948983430862,0.0040280120447278,24.29080581665039,-0.0445164814591407,0.0001646366727072,0.002184252394298057,-0.0010756597621366382,-8.775185911247263e-09,0.00018893307424150407
6.719,-10.1487,0.0906,,,,,,,,0.0023407984973822077,-0.001157630467787385,-5.784837497913031e-09,0.00017241259047295898
6.719,10.1487,0.0906,0.6897938847541809,0.0002062092971755,-0.0646743699908256,0.0039710002020001,23.055089950561523,-0.0408214963972568,0.0001717515697237,0.0023407984973822077,-0.001157630467787385,-5.784837497913031e-09,0.00017241259047295898
6.7218,3.1754,0.43029,,,,,,,,0.00042914807570983924,9.024583414429799e-05,-2.4244107407866977e-05,-0.00019315778627060354
6.748,-9.8571,0.0897,,,,,,,,0.0022412830960536127,-0.0011063419515267015,-9.5842498382126e-09,0.0001784515770850703
6.748,9.8571,0.0897,0.6809988021850586,0.000365077459719,-0.0670923143625259,0.0039750221185386,23.487478256225582,-0.0420115925371646,0.0001686991017777,0.0022412830960536127,-0.0011063419515267015,-9.5842498382126e-09,0.0001784515770850703
6.7572,-4.7762,0.09259,,,,,,,,0.0011448577754411772,-0.00046820228453725576,0.00012085945490980521,0.0003063567273784429
6.7834,-8.7609,0.0864,,,,,,,,0.002113890887998434,-0.0010412456467747688,7.448116321029374e-06,0.00018134414858650416
6.7834,8.7609,0.0864,0.6641898155212402,-0.0036242560017853,-0.0752321481704711,0.0042532561346888,24.43843460083008,-0.0460650883615016,0.0001711153163341,0.002113890887998434,-0.0010412456467747688,7.448116321029374e-06,0.00018134414858650416
6.79,-9.1239,0.0874,,,,,,,,0.0021607913423452585,-0.0010651091579347849,-1.2648428082684404e-08,0.00018110021483153105
6.79,9.1239,0.0874,0.6628343462944031,-0.0006689022411592,-0.0725498422980308,0.0041050864383578,24.72560310363769,-0.0447507314383983,0.0001647015014896,0.0021607913423452585,-0.0010651091579347849,-1.2648428082684404e-08,0.00018110021483153105
6.8146,-1.5934,0.69602,,,,,,,,0.0011781305160582312,0.00040448628715239465,-0.00024528984795324504,-0.0003510293608997017
6.8156,3.7048,0.27513,,,,,,,,0.00015529843817632216,-1.9117744159302674e-05,1.569021878822241e-05,-7.360523159150034e-05
6.8214,-8.3334,0.0854,,,,,,,,0.0021025569714238183,-0.0010347149800509214,1.072560826287372e-05,0.00018557027215138078
6.8214,8.3334,0.0854,0.6598827242851257,-0.0098395980894565,-0.0811499282717704,0.0045451750047504,26.28116035461425,-0.0464583672583103,0.0001695180690148,0.0021025569714238183,-0.0010347149800509214,1.072560826287372e-05,0.00018557027215138078
6.8333,-8.0591,0.0848,,,,,,,,0.0021306688975537675,-0.0010458859615027905,2.059564576484263e-05,0.00020158338884357363
6.8333,8.0591,0.0848,0.6465685963630676,-0.0160853210836648,-0.0875401049852371,0.0047450917772948,30.83013343811035,-0.0468738079071044,0.0001533330214442,0.0021306688975537675,-0.0010458859615027905,2.059564576484263e-05,0.00020158338884357363
6.8489,-7.6121,0.0839,,,,,,,,0.002187344558802681,-0.0010707691544666886,3.7030113162472844e-05,0.00021954781550448388
6.8489,7.6121,0.0839,0.5971404314041138,-0.0273236408829689,-0.0983152613043785,0.0048830793239176,51.273223876953125,-0.0476338416337966,9.577335003996268e-05,0.002187344558802681,-0.0010707691544666886,3.7030113162472844e-05,0.00021954781550448388
6.8493,-7.0223,0.0827,,,,,,,,0.0023230430014626138,-0.0011267930967733264,8.505199366481975e-05,0.00026876694755628705
6.8935,5.8542,0.0952,,,,,,,,0.002233166921891237,-0.001040948904119432,0.00017156204557977617,0.00036571911186911166
6.9957,-0.7705,0.66961,,,,,,,,0.0009191043643892658,0.00036265538074076176,-0.00022318396077025682,-0.00017279526218771935
7.0019,4.893,0.03693,,,,,,,,0.0016249693090671184,-0.0006520701572299004,0.00015439979324582964,0.000459452421637252
7.0046,3.5892,0.22675,,,,,,,,0.00012167099485103978,-5.46734117961023e-05,2.2132962840260006e-05,-1.4896568245603703e-05
7.0163,3.2342,0.28566,,,,,,,,0.00033223173790473764,6.446786574088037e-05,-1.4842467862763442e-05,-0.0001523747923783958
7.043,-5.9785,0.0803,,,,,,,,0.002233166921891237,-0.001040948904119432,0.00017156204557977617,0.00036571911186911166
7.0472,6.1796,0.0972,,,,,,,,0.002270745616806094,-0.0010777234565466642,0.00014779013872612268,0.00032517939689569175
7.0476,-1.2178,0.60373,,,,,,,,0.0009665091353170813,0.00036485452437773347,-0.0002127408079104498,-0.00023485634301323444
7.0665,6.5559,0.1008,,,,,,,,0.0022761696955678973,-0.001092658145353198,0.00011814171011792496,0.00029559741960838437
7.0822,5.0425,0.01546,,,,,,,,0.0017922308855912548,-0.0006739188102073967,0.00013494699669536203,0.0005750179407186806
7.1187,-1.6407,0.50449,,,,,,,,0.0010153362917478847,0.00035894097527489066,-0.0001940936199389398,-0.00030201984918676317
7.124,-4.7338,0.03529,,,,,,,,0.001447228635235755,-0.0005111888749524951,0.00011082626588176936,0.0005000211531296372
7.1463,-7.3465,0.0834,,,,,,,,0.0021957178743789328,-0.0010695357341319323,6.183215009514242e-05,0.00023992570640984923
7.1463,7.3465,0.0834,0.5847254395484924,-0.0337083339691162,-0.1024264544248581,0.0049477615393698,54.12620162963867,-0.0406996645033359,9.198556654155254e-05,0.0021957178743789328,-0.0010695357341319323,6.183215009514242e-05,0.00023992570640984923
7.1736,4.6863,0.03311,,,,,,,,0.001447228635235755,-0.0005111888749524951,0.00011082626588176936,0.0005000211531296372
7.2169,5.3847,0.0919,,,,,,,,0.001990274024914094,-0.0008337983163073659,0.00015687147970311344,0.0005200667073950171
7.2169,-5.3847,0.0919,,,,,,,,0.001990274024914094,-0.0008337983163073659,0.00015687147970311344,0.0005200667073950171
7.2757,4.7259,0.01808,,,,,,,,0.001447228635235755,-0.0005111888749524951,0.00011082626588176936,0.0005000211531296372
7.291,-4.1049,0.07351,,,,,,,,0.0011382899494086953,-0.0003800522245001048,9.16419958230108e-05,0.00041362791671417654
7.317,-3.7395,0.10777,,,,,,,,0.00017356960290367153,-7.931793516036123e-05,2.7862875867867842e-05,2.1538966393563896e-05
7.3243,-7.642,0.0839,,,,,,,,0.0020549925266847915,-0.0010094309691339731,3.166337774018757e-05,0.00018919598369393498
7.351,0.0237,0.48433,,,,,,,,0.0010914677906894267,0.000462173338746652,-0.00027886172756552696,-8.035811333684251e-05
7.3804,3.8292,0.0837,,,,,,,,0.0006383633602710362,-0.00022746194736100733,6.349865725496784e-05,0.00021472290973179042
7.4062,4.2841,0.03727,,,,,,,,0.0011382899494086953,-0.0003800522245001048,9.16419958230108e-05,0.00041362791671417654
7.4315,5.8495,0.0933,,,,,,,,0.0021339978044531967,-0.0009850471979007125,0.00013817983563058078,0.0003861023287754506
7.4315,-5.8495,0.0933,,,,,,,,0.0021339978044531967,-0.0009850471979007125,0.00013817983563058078,0.0003861023287754506
7.432,-3.237,0.1418,,,,,,,,0.0003011558375816798,5.1089573389617726e-05,-1.150706611952046e-05,-0.00014117773389443755
7.4369,5.4658,0.0917,,,,,,,,0.0020527510521400286,-0.0008403428364545107,0.00015423430886585265,0.000568755145650357
7.4369,-5.4658,0.0917,,,,,,,,0.0020527510521400286,-0.0008403428364545107,0.00015423430886585265,0.000568755145650357
7.4812,-7.9291,0.0845,,,,,,,,0.0020232609799503646,-0.0009949818486347795,3.052192914765328e-05,0.00018021037976723164
7.4951,5.5751,0.0915,,,,,,,,0.0020976468532607497,-0.0009256660123355687,0.0001518332283012569,0.0004691691428888589
7.4951,-5.5751,0.0915,,,,,,,,0.0020976468532607497,-0.0009256660123355687,0.0001518332283012569,0.0004691691428888589
7.5196,5.1308,0.09,,,,,,,,0.0019180890225361426,-0.000692572386469692,0.0001365671632811427,0.0006491989479400218
7.5196,-5.1308,0.09,,,,,,,,0.0019180890225361426,-0.000692572386469692,0.0001365671632811427,0.0006491989479400218
7.5999,-2.681,0.16042,,,,,,,,0.000641223632549738,0.00016560028598178178,-5.435455386759713e-05,-0.000269098614808172
7.6023,-10.7521,0.0937,,,,,,,,0.0023908956637709107,-0.0011857254430651665,-3.154391636783771e-09,0.00015215351595543325
7.606,-4.9548,0.0785,,,,,,,,0.00207472409115005,-0.0007100108196027577,0.000117079536721576,0.0007471927674487233
7.6171,-2.69,0.15416,,,,,,,,0.000641223632549738,0.00016560028598178178,-5.435455386759713e-05,-0.000269098614808172
7.6291,3.3631,0.07788,,,,,,,,0.00011891173664415298,3.695244458867819e-06,1.6291567135340301e-06,-5.931855775997974e-05
7.6444,-2.3911,0.1743,,,,,,,,0.0007618705078519944,0.0002246162184746936,-8.36020044516772e-05,-0.0002960910787805915
7.6601,-3.2876,0.0784,,,,,,,,0.00011891173664415298,3.695244458867819e-06,1.6291567135340301e-06,-5.931855775997974e-05
7.6964,-11.0664,0.0949,,,,,,,,0.002381610374157643,-0.0011812683660537004,-3.252739189107956e-09,0.000150406252942048
7.7077,-3.5997,0.0426,,,,,,,,0.00037810549156064077,-0.0001314828114118427,3.45688677043654e-05,0.00013137048517819494
7.7235,-5.1829,0.0788,,,,,,,,0.002086152389186079,-0.0008330039563588798,0.00012812248314730823,0.0006145705701783299
7.7796,4.809,0.0878,,,,,,,,0.0018819662927755708,-0.0005607366911135614,9.788171155378222e-05,0.0007492948789149523
7.783,5.8125,0.0913,0.364355593919754,-0.0459372885525226,-0.1381647735834121,0.0034404383040964,313.5393981933594,-0.0311801377683877,1.1559463928279e-05,0.002071452694962192,-0.0009062469471246004,0.0001242259022546932,0.0004858121683355421
7.783,-5.8125,0.0913,,,,,,,,0.002071452694962192,-0.0009062469471246004,0.0001242259022546932,0.0004858121683355421
7.7966,5.2476,0.0894,,,,,,,,0.002117289686386609,-0.0008339356863871217,0.00011922541307285428,0.0006411438807845116
7.8027,-0.7146,0.23972,,,,,,,,0.0006729499647982279,0.00029171546339057386,-0.00013100489741191268,-0.00010466718231327832
7.8127,-2.9355,0.07826,,,,,,,,0.0003346089281679391,7.472855941159651e-05,-1.9622166291810572e-05,-0.00014839608047623187
7.8184,2.9276,0.07783,,,,,,,,0.0003346089281679391,7.472855941159651e-05,-1.9622166291810572e-05,-0.00014839608047623187
7.8572,-1.4626,0.18256,,,,,,,,0.000708370593183846,0.0002705208316911012,-0.0001120033921324648,-0.00019930113921873271
7.87,5.9206,0.0916,0.4924840629100799,-0.0573399290442466,-0.1525456607341766,0.0047767595387995,80.68006134033203,-0.0253140181303024,5.983854134683497e-05,0.0020666528834189183,-0.0009552841656841338,0.000101331046607811,0.0003806937311310321
7.8913,1.7725,0.14765,,,,,,,,0.0007206164061708866,0.00024088600184768438,-9.181140194414183e-05,-0.0002517272369004786
7.8962,4.1869,0.00233,,,,,,,,0.0016757912960853895,-0.0004376602591946721,7.972143066581339e-05,0.0007100472575984895
7.9468,-4.4681,0.0777,,,,,,,,0.0016757912960853895,-0.0004376602591946721,7.972143066581339e-05,0.0007100472575984895
7.9884,-6.9463,0.0822,,,,,,,,0.0020314207154206506,-0.0009956705616787076,4.65899684058968e-05,0.00019528706616256386
8.019,3.6074,0.00793,,,,,,,,0.000973066640959135,-0.00023607596813235432,4.076089317095466e-05,0.00042346352711319923
8.0248,6.694,0.0989,0.6376911401748657,-0.0393769145011901,-0.1157159656286239,0.0054148803465068,29.905044555664062,-0.0155156953260302,0.0001705080794636,0.0020474816373299717,-0.0009937100112438202,6.599850894417614e-05,0.00023712839174550027
8.0249,-2.5623,0.05943,,,,,,,,0.0003035479581302305,8.829737635096535e-05,-2.1989921151543967e-05,-0.00012147163215558976
8.0351,6.0412,0.0917,0.5682240724563599,-0.0554682351648807,-0.1503280401229858,0.0053566046990454,43.62685775756836,-0.0178182069212198,0.0001210286573041,0.0020666528834189183,-0.0009552841656841338,0.000101331046607811,0.0003806937311310321
8.0351,-6.0412,0.0917,,,,,,,,0.0020666528834189183,-0.0009552841656841338,0.000101331046607811,0.0003806937311310321
8.0536,1.2947,0.12859,,,,,,,,0.0005712490608122809,0.0002575541439000517,-8.593142410973087e-05,-8.867370343068615e-05
8.0786,-7.2486,0.0829,,,,,,,,0.0020275160898551776,-0.0010048500262200832,1.211188737215707e-05,0.00013354812108445913
8.081,-4.6591,0.0778,,,,,,,,0.0023647609561540093,-0.000630008929874748,7.733896200079471e-05,0.000997562543489039
8.0885,8.1822,0.1072,0.6678215861320496,-0.0011124229058623,-0.0705185979604721,0.00456521846354,19.377025604248047,-0.0248053763061761,0.0002166526392102,0.0019735536976886532,-0.0009812905918806791,-3.896073849318782e-06,0.0001038371046888642
8.0905,7.4391,0.1038,0.6680399179458618,-0.015216002240777,-0.0876156911253929,0.0050866226665675,22.243274688720703,-0.0188743975013494,0.0002062752610072,0.0020275160898551776,-0.0010048500262200832,1.211188737215707e-05,0.00013354812108445913
8.0962,7.0449,0.1019,0.6602049469947815,-0.0260344240814447,-0.1008102670311927,0.0052909860387444,24.924043655395508,-0.0158928614109754,0.0001937614142661,0.002062953226103251,-0.0010178822558373213,2.5179821022902615e-05,0.0001650021004024893
8.1121,8.4405,0.1091,0.6669202446937561,0.0011012710165232,-0.0671973079442977,0.0043735657818615,18.959732055664062,-0.0264713037759065,0.0002160141302738,0.001970239239952462,-0.0009802987333387136,-5.090290869702585e-06,9.720672824187204e-05
8.1123,-0.5291,0.13426,,,,,,,,0.0007018390172938844,0.00031462256447412074,-0.00010726134496508166,-0.00011248176451772451
8.1259,2.8786,0.02707,,,,,,,,2.2422540164437857e-05,1.0050447599496692e-05,-2.1889297840971267e-06,-4.459783212951152e-06
8.1322,-2.7606,0.03148,,,,,,,,0.0003035479581302305,8.829737635096535e-05,-2.1989921151543967e-05,-0.00012147163215558976
8.1376,0.6274,0.12388,,,,,,,,0.0007018390172938844,0.00031462256447412074,-0.00010726134496508166,-0.00011248176451772451
8.1583,0.8882,0.11074,,,,,,,,0.0005826916788302192,0.0002699392207432538,-9.138449968304485e-05,-6.053171455278061e-05
8.1597,-2.1886,0.05317,,,,,,,,0.00044301493581449413,0.00014556827954947948,-4.0386828914051875e-05,-0.00016200104437302798
8.1746,0.198,0.12166,,,,,,,,0.0009719916437323894,0.0004546012496575713,-0.00015052693197503686,-8.289321704069152e-05
8.1847,-2.0218,0.05716,,,,,,,,0.0005173459093679448,0.0001950598380062729,-5.868970765732229e-05,-0.0001594329805811867
8.1982,-0.1186,0.11572,,,,,,,,0.000915795498613284,0.0004338820872362703,-0.00012155663716839626,-8.149028872139752e-05
8.2159,-2.0483,0.04921,,,,,,,,0.00039425313402680735,0.0001601219264557585,-4.2419243982294574e-05,-0.00010686655150493607
8.2671,-0.2494,0.09482,,,,,,,,0.000915795498613284,0.0004338820872362703,-0.00012155663716839626,-8.149028872139752e-05
8.2777,2.4681,0.02299,,,,,,,,0.00012765036645990882,4.8415036872029305e-05,-1.0761756129795685e-05,-4.0172413719119504e-05
8.3049,6.2745,0.0928,0.6260920166969299,-0.0395421497523784,-0.1339949518442154,0.0055683157406747,30.300477981567383,-0.0098695019260048,0.0001684113376541,0.0021073725712945596,-0.0010207396699115634,4.447468018042855e-05,0.00025761855067685246
8.3049,-6.2745,0.0928,,,,,,,,0.0021073725712945596,-0.0010207396699115634,4.447468018042855e-05,0.00025761855067685246
8.3665,-0.7385,0.06383,,,,,,,,0.0005155086832286718,0.00024573691189289093,-7.123121031327173e-05,-3.12535667035263e-05
8.3757,-0.771,0.06121,,,,,,,,0.0005155086832286718,0.00024573691189289093,-7.123121031327173e-05,-3.12535667035263e-05
8.418,-5.2706,0.0787,,,,,,,,0.002187635164240079,-0.0008779226336628199,7.866694068070501e-05,0.0006476884009316564
8.4328,2.3504,0.01025,,,,,,,,0.00030295680486917413,0.00011211767559871078,-2.7613636120804586e-05,-9.804499131860211e-05
8.4552,1.4475,0.0338,,,,,,,,0.00043404883409295966,0.00019674625946208835,-5.5159354815259576e-05,-7.312969682971016e-05
8.4669,-0.006,0.05275,,,,,,,,0.0008895771729852774,0.00043706834549084306,-5.8332127082394436e-05,-5.835675619891845e-05
8.4818,6.4714,0.0941,0.6503880620002747,-0.0250972211360931,-0.1202255487442016,0.0055497847497463,26.11695671081543,-0.0076340069063007,0.0001887876424007,0.0021073725712945596,-0.0010207396699115634,4.447468018042855e-05,0.00025761855067685246
8.4818,-6.4714,0.0941,,,,,,,,0.0021073725712945596,-0.0010207396699115634,4.447468018042855e-05,0.00025761855067685246
8.5356,-1.6648,0.01657,,,,,,,,0.00033605855809111724,0.0001583123957971111,-2.4463388399453834e-05,5.072047497378662e-05
8.5454,-2.0077,0.00911,,,,,,,,0.00024267402372310994,0.00011065870785387233,-1.6683370631653816e-05,4.689334673457779e-05
8.5773,1.7724,0.00988,,,,,,,,0.00024267402372310994,0.00011065870785387233,-1.6683370631653816e-05,4.689334673457779e-05
8.5819,1.2694,0.01907,,,,,,,,0.00042268092775910347,0.00020321266492828727,-3.13404671032913e-05,4.88587720610667e-05
8.5876,0.3956,0.0291,,,,,,,,0.0005889928122804134,0.00028880347963422537,-4.176944639766589e-05,-3.969882527599111e-05
8.5908,-1.1774,0.01861,,,,,,,,0.00042268092775910347,0.00020321266492828727,-3.13404671032913e-05,4.88587720610667e-05
8.603,0.8129,0.02239,,,,,,,,0.0004821121322232945,0.00023506964498665184,-3.537602606229484e-05,3.998531974502839e-05
8.6484,-3.4869,0.0766,,,,,,,,0.0018397550792085772,-0.0003729362797457725,2.8917635063407943e-05,0.0008403909741900861
8.6514,-3.4973,0.0766,,,,,,,,0.0018397550792085772,-0.0003729362797457725,2.8917635063407943e-05,0.0008403909741900861
8.6695,14.5318,0.1012,0.7241873145103455,-0.0001803899504011,-0.0338044948875904,0.0040415516123175,19.21109771728516,-0.0156981796026229,0.000211529812077,0.002497657083202646,-0.0012463913299143314,-2.567086265781171e-10,7.798319711582735e-05
8.6695,-14.5318,0.1012,,,,,,,,0.002497657083202646,-0.0012463913299143314,-2.567086265781171e-10,7.798319711582735e-05
8.6709,-0.3129,0.01898,,,,,,,,0.0008895771729852774,0.00043706834549084306,-5.8332127082394436e-05,-5.835675619891845e-05
8.7436,-4.4957,0.0773,,,,,,,,0.002734798233838655,-0.0006388860056176782,3.614357046899386e-05,0.0012084281770512462
8.7569,0.1952,0.00982,,,,,,,,0.0009533711187452524,0.0004718921845778823,-4.603012348525226e-05,-4.927592090098187e-05
8.7606,12.8544,0.0999,0.7181288003921509,-0.000229223165661,-0.0455120466649532,0.0040643056854605,19.69164276123047,-0.0192636959254741,0.0002072999923257,0.002480944782755258,-0.001236549112945795,-5.001330460885356e-10,9.858014527708292e-05
8.7606,-12.8544,0.0999,,,,,,,,0.002480944782755258,-0.001236549112945795,-5.001330460885356e-10,9.858014527708292e-05
8.8048,-3.2563,0.0761,,,,,,,,0.001592933233801307,-0.0002934033109340817,2.477494672348257e-05,0.0007400403846986592
8.9232,-1.9378,0.0759,,,,,,,,0.00033640454925211395,8.113080548355356e-05,-9.357751878269482e-06,0.00014704499335493892
8.9348,-2.3948,0.0758,,,,,,,,0.00043282202278681353,1.3889425645174924e-06,1.619695808585675e-07,0.00021640649356413633
8.9561,4.0528,0.0818,0.3941020965576172,-0.0253322478383779,-0.4028544425964355,0.0069542587734758,19.885223388671875,-0.1038175448775291,0.0003509913221932,0.0025820328434748175,-0.0005658314330503345,3.548353197402321e-05,0.0011598702985793352
8.9793,-4.8507,0.0777,,,,,,,,0.00280388199870266,-0.0011154862586408854,3.402728179935366e-05,0.0008485111175104976
9.0817,1.8072,0.0784,-0.0310194306075572,0.0002621547027956,-0.1400880813598632,0.009898180142045,15.470812797546388,-0.1331535279750824,0.0006428105989471,0.0006921719909083489,1.2521892131189816e-05,-6.23393319187926e-08,0.000345859385561198
9.1014,3.7402,0.0812,0.3511509597301483,-0.014501467347145,-0.4097047448158264,0.0070503610186278,18.40085792541504,-0.1163455918431282,0.0003850617213174,0.0025701325982161517,-0.000551083532627672,-1.6377293832192663e-07,0.0011609058128669858
9.1057,-12.9174,0.0998,,,,,,,,0.0024678722002121406,-0.0012300676899030805,-5.798929114675389e-10,9.763082198332995e-05
9.1057,12.9174,0.0998,0.7161678075790405,-0.0002288921386934,-0.0455809608101844,0.0040690517053008,19.664352416992188,-0.0177278276532888,0.000207842895179,0.0024678722002121406,-0.0012300676899030805,-5.798929114675389e-10,9.763082198332995e-05
9.116,-9.6916,0.0908,,,,,,,,0.002133679408748968,-0.0010570728918537498,-9.147069768289384e-09,0.00014402727538254112
9.116,9.6916,0.0908,0.654203474521637,0.0006657374906353,-0.0677742660045623,0.0039670262485742,22.37793731689453,-0.0244920626282691,0.0001781401369953,0.002133679408748968,-0.0010570728918537498,-9.147069768289384e-09,0.00014402727538254112
9.1259,-0.63,0.0759,,,,,,,,0.0006198371801341641,0.00030506280018016696,-3.1425511792804173e-07,5.464541754918173e-05
9.1292,1.0407,0.0777,-0.1151912659406662,0.0055322116240859,-0.1196173876523971,0.0093254689127206,16.18995475769043,-0.1225920766592025,0.0005785263492725,0.0005882399734106413,0.00016396809951402247,-1.6226515242578898e-07,0.0002441741235088557
9.1451,0.8293,0.0774,-0.141749769449234,0.0084812566637992,-0.1089907735586166,0.0084163527935743,16.702369689941406,-0.11834716796875,0.000508057361003,0.0005778287850269889,0.00022835565323475748,-2.479220597706444e-07,0.00017698915326036513
9.166,1.4982,0.078,-0.0622104778885841,0.000735446694307,-0.1437765806913375,0.0101029220968484,15.820713996887209,-0.1292815506458282,0.0006409268826246,0.000617275322867484,9.027664782479405e-05,-9.213027141186103e-08,0.0002951394999399781
9.1718,-3.894,0.0762,,,,,,,,0.0029630775449768433,-0.0007084121461957693,-1.0424714957935066e-07,0.0013011953560635448
9.1746,-0.8214,0.0757,,,,,,,,0.0005778287850269889,0.00022835565323475748,-2.479220597706444e-07,0.00017698915326036513
9.1753,11.7928,0.0971,0.705524742603302,-0.0002258372405776,-0.0549781657755374,0.0040741893462836,20.3935604095459,-0.0199333447962999,0.0002005320275202,0.0023949431802789065,-0.0011903295526281,-1.6389617440992765e-09,0.00013059006596449763
9.1753,-11.7928,0.0971,,,,,,,,0.0023949431802789065,-0.0011903295526281,-1.6389617440992765e-09,0.00013059006596449763
9.1813,3.3655,0.081,0.2848798632621765,-0.0058435890823602,-0.3874863684177398,0.0070971334353089,17.66459083557129,-0.1261659115552902,0.0004038012993987,0.0020932223464787173,-0.0004100810911040753,-1.656135424354943e-07,0.0009629270061850548
9.1938,0.1815,0.0767,-0.2733565866947174,0.0155126312747597,-0.03373359516263,0.0052735982462763,18.422855377197266,-0.1040763184428215,0.0002886388101615,0.0009357398148251599,0.0004672059731092304,-1.8667223855572956e-07,-2.4915740141295828e-05
9.2039,0.422,0.0769,-0.2262437790632248,0.0130234872922301,-0.0745062679052352,0.0062912185676395,17.97657585144043,-0.1085191369056701,0.0003543185594025,0.0006198371801341641,0.00030506280018016696,-3.1425511792804173e-07,5.464541754918173e-05
9.2727,-8.8912,0.0878,,,,,,,,0.0019544182526837492,-0.0009688817081041634,-3.625235933668591e-08,0.00012730243906844407
9.2727,8.8912,0.0878,0.6299985647201538,0.0017896810313686,-0.0639525353908538,0.0040296050719916,23.34860610961914,-0.0258170999586582,0.0001730628864606,0.0019544182526837492,-0.0009688817081041634,-3.625235933668591e-08,0.00012730243906844407
9.3252,-6.8479,0.0818,,,,,,,,0.002431091200856278,-0.0012079670559614897,-2.2714861103168005e-08,0.0001355237909592688
9.3271,-7.522,0.0837,,,,,,,,0.0021498516925365046,-0.0010705161839723587,-1.264667588429802e-07,9.726591815706342e-05
9.3459,-7.8748,0.0847,,,,,,,,0.0020240586190685642,-0.0010071967262774706,-1.310364439177647e-07,9.878289711195976e-05
9.3459,7.8748,0.0847,0.6385448575019836,0.0015872153453528,-0.0608396530151367,0.0045492751523852,24.302824020385746,-0.0277598835527896,0.0001879013871075,0.0020240586190685642,-0.0010071967262774706,-1.310364439177647e-07,9.878289711195976e-05
9.3521,-8.1768,0.0856,,,,,,,,0.0019407682578107648,-0.0009644849924370646,-1.125147548464156e-07,0.00010683653090381995
9.3521,8.1768,0.0856,0.6315481066703796,0.0021956707350909,-0.060228381305933,0.0043474570848047,23.93680763244629,-0.0273763258010149,0.0001822655904106,0.0019407682578107648,-0.0009644849924370646,-1.125147548464156e-07,0.00010683653090381995
9.3737,-10.9733,0.0946,,,,,,,,0.0023255532273064074,-0.001154417870566249,-3.073258314501004e-09,0.00013917195610702038
9.3737,10.9733,0.0946,0.6904324889183044,-0.0001305783516727,-0.061947014182806,0.0040479367598891,21.0655517578125,-0.0206457786262035,0.0001931672013597,0.0023255532273064074,-0.001154417870566249,-3.073258314501004e-09,0.00013917195610702038
9.3825,5.5178,0.0843,0.6672439575195312,-0.0160505697131156,-0.1849622130393982,0.0059342798776924,25.11686134338379,-0.0225890129804611,0.0002111641952069,0.0028995131240429255,-0.0013580858940258622,2.7027320470551786e-07,0.0005073428037576377
9.4811,-4.4481,0.0764,,,,,,,,0.003371706664496093,-0.0010918719926849008,2.8624700121326896e-07,0.0012844909215345979
9.5061,-11.8147,0.0969,,,,,,,,0.0023866595503110703,-0.0011863184627145529,-1.5930626817706184e-09,0.00012916832929477096
9.5061,11.8147,0.0969,0.7034472227096558,-0.0002268087991978,-0.0550445280969142,0.004078225698322,20.378416061401367,-0.0183166991919279,0.0002009177260333,0.0023866595503110703,-0.0011863184627145529,-1.5930626817706184e-09,0.00012916832929477096
9.6816,1.5382,0.0772,-0.0115776173770427,-9.41870894166641e-05,-0.2408705502748489,0.0108596514910459,17.303577423095703,-0.1203899458050727,0.0006298412336036,0.0011041299545420478,2.8887314329040237e-05,-4.136473563676191e-08,0.0005513086798600852
9.6917,-10.757,0.0935,,,,,,,,0.0023169464098970424,-0.0011502931592985988,-3.0859923505488496e-09,0.00013742566807195544
9.6917,10.757,0.0935,0.682917058467865,-7.691327482461929e-05,-0.0636317506432533,0.0040334295481443,21.258689880371094,-0.0193201769143342,0.0001907773257698,0.0023169464098970424,-0.0011502931592985988,-3.0859923505488496e-09,0.00013742566807195544
9.6986,-11.0826,0.0944,,,,,,,,0.0023169464098970424,-0.0011502931592985988,-3.0859923505488496e-09,0.00013742566807195544
9.6986,11.0826,0.0944,0.6902679204940796,-0.00015952209651,-0.0611956976354122,0.0040575279854238,21.01711654663086,-0.018725087866187,0.0001940936635946,0.0023169464098970424,-0.0011502931592985988,-3.0859923505488496e-09,0.00013742566807195544
9.7023,6.5464,0.0901,0.6865101456642151,-0.0049173911102116,-0.0945636630058288,0.0052494620904326,23.138872146606445,-0.0216661151498556,0.0002262720954604,0.0025871091403468,-0.0012800927506759763,4.2794859211880976e-08,0.00018613428983371705
9.7101,-2.3341,0.0753,,,,,,,,0.0015009615594755185,-0.0002023977431235835,-5.999024921266027e-08,0.0007226731977425516
9.7202,-10.1363,0.0915,,,,,,,,0.0022266839733732805,-0.001104095485061407,-5.7024536204153264e-09,0.00014319056936074048
9.7202,10.1363,0.0915,0.6649112105369568,0.000201047383598,-0.0672041103243827,0.0039795902557671,21.79389190673828,-0.0201730020344257,0.0001835652219597,0.0022266839733732805,-0.001104095485061407,-5.7024536204153264e-09,0.00014319056936074048
9.7244,-2.342,0.0753,,,,,,,,0.0015009615594755185,-0.0002023977431235835,-5.999024921266027e-08,0.0007226731977425516
9.7306,6.9235,0.0934,0.6798204779624939,-0.0027695843018591,-0.0784471631050109,0.0050780996680259,22.51679420471192,-0.0221365429461002,0.0002258814492961,0.0023493381424946496,-0.0011692533735185862,2.3302462182073214e-08,0.00011266754154348746
9.7367,-10.431,0.0924,,,,,,,,0.0022266839733732805,-0.001104095485061407,-5.7024536204153264e-09,0.00014319056936074048
9.7367,10.431,0.0924,0.6744373440742493,2.4455084712826647e-05,-0.0658906921744346,0.0040078810416162,21.531036376953125,-0.019616276025772,0.0001871647546067,0.0022266839733732805,-0.001104095485061407,-5.7024536204153264e-09,0.00014319056936074048
9.7421,7.1707,0.0952,0.6723435521125793,-0.0015850343042984,-0.071475088596344,0.0049534412100911,22.15571403503418,-0.0224211160093545,0.0002241069159936,0.0023493381424946496,-0.0011692533735185862,2.3302462182073214e-08,0.00011266754154348746
9.7787,-3.5417,0.0753,,,,,,,,0.0031743144299171654,-0.0008808363927528262,-5.030405869632659e-09,0.0013203012058511376
9.7817,-3.5442,0.0753,,,,,,,,0.0031743144299171654,-0.0008808363927528262,-5.030405869632659e-09,0.0013203012058511376
9.7967,-1.9233,0.0752,,,,,,,,0.0014917356901211507,-0.00013955049507785589,-3.403510362431916e-08,0.0007326967315748334
9.8194,-0.9061,0.0753,,,,,,,,0.0009555848025829128,0.00026166485622525215,-2.0587444282682554e-07,0.00039977123378776014
9.8467,3.2269,0.0792,0.3516530990600586,-0.0048078061081469,-0.4450317025184631,0.0081507973372936,17.918142318725586,-0.1080067157745361,0.0004568372969515,0.0028199145681605197,-0.0007011657580733299,-5.82307890795164e-08,0.0012232522713020444
9.8586,1.2446,0.0765,-0.0440370365977287,0.0019076177850365,-0.2401533424854278,0.0109475934877991,17.929162979125977,-0.1126498132944107,0.0006135138683021,0.0011263392762234936,0.00012599158799275756,-1.0779972114960401e-07,0.0005488953902386129
9.8879,4.2943,0.0803,0.5791100859642029,-0.0212105363607406,-0.3892727494239807,0.008214408531785,20.71924591064453,-0.0588212013244628,0.0003797728568315,0.0034405717172853083,-0.0012504603946581483,2.6521030349613284e-07,0.0011814110912382603
9.9061,0.695,0.076,-0.1343983560800552,0.0095409201458096,-0.1791322380304336,0.009167511947453,19.023256301879883,-0.0993516370654106,0.0004858655156567,0.0009555848025829128,0.00026166485622525215,-2.0587444282682554e-07,0.00039977123378776014
9.907,-5.3456,0.0775,,,,,,,,0.0028703967045267255,-0.001362949493341148,1.3267751342027623e-07,0.00044962536776438355
9.9171,0.2054,0.0758,-0.2553460001945495,0.0160439610481262,-0.0624109655618667,0.0063676629215478,20.298805236816406,-0.0839244648814201,0.0003162484790664,0.0012362964701845682,0.0006181480712257326,-9.206596018884738e-08,-4.4058083403797355e-07
9.9533,4.6467,0.0806,0.6377622485160828,-0.0211896952241659,-0.3166703283786773,0.0076315249316394,22.283435821533203,-0.0395151786506176,0.0003049528168048,0.0032643914265398652,-0.0013689878396689892,3.053919499507174e-07,0.0008887829026207328
9.9872,5.3887,0.0822,0.6834268569946289,-0.0122100282460451,-0.1879275143146515,0.005953649058938,23.908836364746094,-0.0241131037473678,0.0002307339455001,0.0028703967045267255,-0.001362949493341148,1.3267751342027623e-07,0.00044962536776438355
9.9872,-5.3887,0.0822,,,,,,,,0.0028703967045267255,-0.001362949493341148,1.3267751342027623e-07,0.00044962536776438355
9.9925,-1.3013,0.0752,,,,,,,,0.0011263392762234936,0.00012599158799275756,-1.0779972114960401e-07,0.0005488953902386129
10.0025,3.3538,0.079,0.3980940580368042,-0.0071664969436824,-0.4576919376850128,0.0082992073148489,18.109224319458008,-0.0989677533507347,0.0004602548433467,0.0028199145681605197,-0.0007011657580733299,-5.82307890795164e-08,0.0012232522713020444
10.0304,-16.3724,0.1014,,,,,,,,0.002480257010743605,-0.0012386542512103915,-3.0385954863376696e-10,6.0451267927419394e-05
10.0304,16.3724,0.1014,0.7209876179695129,-0.0001427968527423,-0.0257195308804512,0.0040348931215703,18.94689178466797,-0.0092558525502681,0.0002141653676517,0.002480257010743605,-0.0012386542512103915,-3.0385954863376696e-10,6.0451267927419394e-05
10.0388,5.009,0.081,0.6719092130661011,-0.0164794418960809,-0.242698073387146,0.0067025776952505,23.423688888549805,-0.0283553153276443,0.0002517787797842,0.0030373756569467905,-0.0013846326619386673,2.222067934098959e-07,0.0006238630157895386
10.0686,5.7925,0.0834,0.6903883218765259,-0.0082286829128861,-0.1430916339159011,0.0055037662386894,23.68055534362793,-0.0215012338012456,0.0002277876774314,0.00275096154808851,-0.0013377731665968895,7.08135416971345e-08,0.0003198598278686404
10.0686,-5.7925,0.0834,,,,,,,,0.00275096154808851,-0.0013377731665968895,7.08135416971345e-08,0.0003198598278686404
10.0699,-15.8028,0.1013,,,,,,,,0.002474897545894968,-0.0012359872926026583,-3.3466321380792863e-10,6.0123857110738754e-05
10.0699,15.8028,0.1013,0.7201641798019409,-0.0001565481215948,-0.0284819044172763,0.0040420568548142,18.999305725097656,-0.0098571628332138,0.0002139383577741,0.002474897545894968,-0.0012359872926026583,-3.3466321380792863e-10,6.0123857110738754e-05
10.0699,6.196,0.0859,0.6904001235961914,-0.0057593449018895,-0.1114702820777893,0.0052934577688574,23.24412727355957,-0.020569996908307,0.0002273407590109,0.002656526671121059,-0.0013064014492556453,4.653937324405888e-08,0.00023999737459234893
10.0699,-6.196,0.0859,,,,,,,,0.002656526671121059,-0.0013064014492556453,4.653937324405888e-08,0.00023999737459234893
10.1328,-15.1212,0.101,,,,,,,,0.002462493058879003,-0.001228907611221075,-4.376939366501631e-10,7.585577986901626e-05
10.1328,15.1212,0.101,0.7185070514678955,-0.0001730712247081,-0.0322003811597824,0.0040513165295124,19.103031158447266,-0.0105798868462443,0.0002132252411684,0.002462493058879003,-0.001228907611221075,-4.376939366501631e-10,7.585577986901626e-05
10.3181,-2.3562,0.0758,,,,,,,,0.0019601487969828652,-0.0003264030965510756,-5.1832174108312756e-08,0.0009241249063052237
10.787,6.5148,0.0853,0.6786196231842041,-0.0027386134024709,-0.0893393531441688,0.0049882722087204,22.868104934692383,-0.0151223745197057,0.000219054025365,0.0024853763757453737,-0.0012302874820306897,1.7308183331010696e-08,0.00017511894111521542
10.792,-14.0393,0.0991,,,,,,,,0.0024227244823632815,-0.0012078809086233377,-7.242814126229291e-10,9.177249012282118e-05
10.792,14.0393,0.0991,0.7111403346061707,-0.0001959763612831,-0.03892707452178,0.0040715890936553,19.485822677612305,-0.0099607529118657,0.0002098059776471,0.0024227244823632815,-0.0012078809086233377,-7.242814126229291e-10,9.177249012282118e-05
10.8144,-13.811,0.0986,,,,,,,,0.0024227244823632815,-0.0012078809086233377,-7.242814126229291e-10,9.177249012282118e-05
10.8144,13.811,0.0986,0.7095585465431213,-0.000200500304345,-0.0404840670526027,0.0040748356841504,19.595373153686523,-0.0101346028968691,0.0002087073517031,0.0024227244823632815,-0.0012078809086233377,-7.242814126229291e-10,9.177249012282118e-05
10.8746,-13.507,0.0977,,,,,,,,0.0024227244823632815,-0.0012078809086233377,-7.242814126229291e-10,9.177249012282118e-05
10.8746,13.507,0.0977,0.7070409655570984,-0.0002057483070529,-0.0425541624426841,0.0040795193053781,19.79133033752441,-0.010251797735691,0.0002068176545435,0.0024227244823632815,-0.0012078809086233377,-7.242814126229291e-10,9.177249012282118e-05
10.8843,-12.3758,0.0957,,,,,,,,0.002386926181567503,-0.001188586000353098,-9.904715936315256e-10,0.00010778436262626201
10.8843,12.3758,0.0957,0.6986007690429688,-0.0002196441782871,-0.0505884662270545,0.0040878034196794,20.34873580932617,-0.0113823674619197,0.0002018970117205,0.002386926181567503,-0.001188586000353098,-9.904715936315256e-10,0.00010778436262626201
10.8989,-12.7777,0.0962,,,,,,,,0.0024227244823632815,-0.0012078809086233377,-7.242814126229291e-10,9.177249012282118e-05
10.8989,12.7777,0.0962,0.7020760178565979,-0.0002195293345721,-0.0474890768527984,0.0040886984206736,20.19239616394043,-0.0109139466658234,0.000203442206839,0.0024227244823632815,-0.0012078809086233377,-7.242814126229291e-10,9.177249012282118e-05
10.9075,4.349,0.0791,0.6574119925498962,-0.0170266237109899,-0.3236296772956848,0.00802993029356,21.53830337524414,-0.0248908810317516,0.0003534769930411,0.0033682855370758755,-0.0014133360236883163,2.3744992461161019e-07,0.0009158701286651194
10.9202,2.7734,0.0771,0.3727670311927795,-0.0044506024569272,-0.460939347743988,0.0093189356848597,18.273651123046875,-0.0708358809351921,0.0005123292794451,0.0029226326406495366,-0.00078076176578179,-2.6547484210937e-08,0.001235255622304976
10.9365,4.0518,0.0787,0.625036358833313,-0.0173581019043922,-0.3775535821914673,0.0085833333432674,20.467437744140625,-0.0328760482370853,0.0004132139147259,0.00349820085396977,-0.0013071084395051003,1.9964801367677865e-07,0.0011622477322816849
10.9476,3.4079,0.0776,0.5104777812957764,-0.0111501757055521,-0.4562948942184448,0.0089098680764436,18.78392601013184,-0.0556535571813583,0.0004764108743984,0.0032242218690977506,-0.0009606639505364001,1.1329198024156995e-08,0.0012946143979206681
10.9638,1.7263,0.0769,0.1544932126998901,0.0004850869008805,-0.3914276659488678,0.0116483764722943,18.77410697937012,-0.0756183266639709,0.0006229149294085,0.0017869792626267573,-0.00018119743617717177,-7.611296126697198e-08,0.0008749235421419144
10.9665,-11.0759,0.0928,,,,,,,,0.002279581402032937,-0.0011325132800266147,-2.9342259733056153e-09,0.0001285943726543337
10.9665,11.0759,0.0928,0.6806897521018982,-0.0001521373342256,-0.0605909153819084,0.0040555084124207,21.085020065307617,-0.0122177395969629,0.0001934490719577,0.002279581402032937,-0.0011325132800266147,-2.9342259733056153e-09,0.0001285943726543337
11.0005,3.0868,0.0772,0.4480591714382171,-0.0075692906975746,-0.4660923480987549,0.0090514244511723,18.43907356262207,-0.061746273189783,0.0004932527663186,0.0030326570707754504,-0.0008645748603157699,-7.818658609437534e-09,0.0012456976110115647
11.0121,-3.6666,0.076,,,,,,,,0.003463450663744323,-0.0012164815561845899,1.1615264838837902e-07,0.0012324955314397812
11.0464,-8.434,0.0842,,,,,,,,0.00187035844133706,-0.0009284680127166212,-1.9052167843369716e-08,0.00011183614697074518
11.0808,-8.0953,0.0832,,,,,,,,0.0018919001696586695,-0.0009401023853570223,-2.070672522336281e-08,0.00010501936776563525
11.0975,-3.3312,0.077,,,,,,,,0.0032979083740451182,-0.001044198521412909,3.2360599533376444e-08,0.0012762050610035658
11.1007,-7.7199,0.082,,,,,,,,0.001964704551174052,-0.0009770302567631006,-1.8504206167335724e-08,0.0001021169446175918
11.1164,1.8672,0.0771,0.1980599462985992,-0.0002686640655156,-0.4092134535312652,0.0113776456564664,18.6497859954834,-0.0687792375683784,0.0006123115890659,0.002168938892752975,-0.00038492478779517114,-4.1197253608515894e-08,0.0010138574289157987
11.119,-2.5212,0.0763,,,,,,,,0.0027305799982286507,-0.0006911130039952695,-2.4882444549234606e-08,0.0011774462182074785
11.132,-2.1926,0.0756,,,,,,,,0.0024398721783966707,-0.0005327211110852659,-3.1144619327960754e-08,0.0010974754113703966
11.1328,-1.9214,0.0755,,,,,,,,0.002168938892752975,-0.00038492478779517114,-4.1197253608515894e-08,0.0010138574289157987
11.1475,-2.9891,0.0772,,,,,,,,0.0030326570707754504,-0.0008645748603157699,-7.818658609437534e-09,0.0012456976110115647
11.1581,-9.3587,0.0869,,,,,,,,0.001967765069629473,-0.0009758443920873106,-1.2743270438875243e-08,0.00012550922110676765
11.1581,9.3587,0.0869,0.6251569390296936,0.0007118594367057,-0.0669310241937637,0.003877654671669,22.44457244873047,-0.0120917493477463,0.0001733320095809,0.001967765069629473,-0.0009758443920873106,-1.2743270438875243e-08,0.00012550922110676765
11.1621,5.8955,0.0804,0.6856991648674011,-0.0043146051466465,-0.1202807649970054,0.0051712458953261,23.419851303100582,-0.011262372136116,0.0002217424771515,0.0025537770477918305,-0.0012591263512149453,2.4215717431275152e-08,0.0002122383884852752
11.1621,-5.8955,0.0804,,,,,,,,0.0025537770477918305,-0.0012591263512149453,2.4215717431275152e-08,0.0002122383884852752
11.1717,-9.6218,0.0878,,,,,,,,0.002072886019098825,-0.001028180355206132,-8.223147496266847e-09,0.0001306111371377483
11.1717,9.6218,0.0878,0.6354324817657471,0.0004848280805163,-0.067114807665348,0.0039010324981063,22.169065475463867,-0.0119279259815812,0.0001765289343893,0.002072886019098825,-0.001028180355206132,-8.223147496266847e-09,0.0001306111371377483
11.4253,-15.7891,0.1006,,,,,,,,0.002451573383487961,-0.0012244228273630142,-4.5045714380798074e-10,5.7807901612250134e-05
11.4253,15.7891,0.1006,0.714490532875061,-0.0001563257974339,-0.0291792396456003,0.0040493067353963,19.04591178894043,-0.0066563128493726,0.0002137207484338,0.002451573383487961,-0.0012244228273630142,-4.5045714380798074e-10,5.7807901612250134e-05
11.4257,-15.5047,0.1003,,,,,,,,0.002451573383487961,-0.0012244228273630142,-4.5045714380798074e-10,5.7807901612250134e-05
11.4257,15.5047,0.1003,0.7137436270713806,-0.0001622323470655,-0.0305242948234081,0.0040531354025006,19.113359451293945,-0.0068594668991863,0.0002131275541614,0.002451573383487961,-0.0012244228273630142,-4.5045714380798074e-10,5.7807901612250134e-05
11.4694,-15.1322,0.0998,,,,,,,,0.0024349406200128163,-0.0012153320712968707,-5.609531728012485e-10,7.212428317870945e-05
11.4694,15.1322,0.0998,0.7120548486709595,-0.0001696821709629,-0.0326297879219055,0.0040584481321275,19.224380493164062,-0.0070284060202538,0.0002120996650774,0.0024349406200128163,-0.0012153320712968707,-5.609531728012485e-10,7.212428317870945e-05
11.6015,-4.7601,0.0749,,,,,,,,0.0029911761408960356,-0.0013970377622172236,1.239228879512666e-07,0.0005339186755008996
11.676,-3.867,0.0768,,,,,,,,0.00334059396337216,-0.001427528215572238,1.8272417889875214e-07,0.0008672111434862018
11.7074,-4.1362,0.0764,,,,,,,,0.00334059396337216,-0.001427528215572238,1.8272417889875214e-07,0.0008672111434862018
11.89,5.0148,0.0787,0.683629035949707,-0.0066189165227115,-0.178167387843132,0.0059407358057796,23.3533992767334,0.0005698150489479,0.0002528026525396,0.0027302519536051306,-0.001315661589615047,5.2500872982363944e-08,0.0003641476505436003
11.964,5.3912,0.0789,0.6809381246566772,-0.0045922277495265,-0.1437682658433914,0.0053830258548259,23.452098846435547,0.0004060204082634,0.0002302621869603,0.0026265395036024516,-0.0012803759891539812,3.37896857161013e-08,0.00029208691557869315
12.0667,-9.1293,0.0848,,,,,,,,0.0019341492382793596,-0.0009602883365005255,-1.1540849165214695e-08,0.00011436620843596756
12.0667,9.1293,0.0848,0.6082323789596558,0.0008217323920689,-0.064322717487812,0.0038310829550027,22.69499397277832,-0.0061311889439821,0.0001696548279142,0.0019341492382793596,-0.0009602883365005255,-1.1540849165214695e-08,0.00011436620843596756
12.0699,1.6479,0.0785,0.2342648357152938,-0.0003115991421509,-0.415170282125473,0.0122344819828867,18.611940383911133,-0.027475943788886,0.0006598950130864,0.002212915018106054,-0.0004552429891191423,-7.448485206396072e-08,0.0010084651876240969
12.0963,8.9256,0.0988,0.6159334182739258,0.0011834921315312,-0.0636894404888153,0.003865716047585,19.912477493286133,-0.0057717454619705,0.0001947386190295,0.0018456677475587112,-0.0009166269446723163,-1.4569962125676739e-08,0.00010685224697226658
12.0963,-8.9256,0.0988,,,,,,,,0.0018456677475587112,-0.0009166269446723163,-1.4569962125676739e-08,0.00010685224697226658
12.1264,6.1201,0.0798,0.6676663756370544,-0.0023172912187874,-0.096249058842659,0.0049232491292059,23.56989860534668,-0.000131439694087,0.0002099245612043,0.0024182256582416396,-0.0011971547501161695,1.107529445931732e-08,0.00016963000234682113
12.1322,-8.7598,0.0835,,,,,,,,0.0018456677475587112,-0.0009166269446723163,-1.4569962125676739e-08,0.00010685224697226658
12.1322,8.7598,0.0835,0.594386875629425,0.0011267823865637,-0.0621727183461189,0.0038318666629493,23.10596466064453,-0.0053716483525931,0.0001667371980147,0.0018456677475587112,-0.0009166269446723163,-1.4569962125676739e-08,0.00010685224697226658
12.1434,-8.4032,0.0822,,,,,,,,0.0018078627550110026,-0.0008982744766399264,-1.7054571088692683e-08,0.0001009697953122668
12.1434,8.4032,0.0822,0.5878901481628418,0.0013358182040974,-0.0598529204726219,0.0038908186834305,23.5589656829834,-0.0049213310703635,0.0001660502020968,0.0018078627550110026,-0.0008982744766399264,-1.7054571088692683e-08,0.0001009697953122668
12.1517,2.7862,0.0797,0.4839615821838379,-0.0081658000126481,-0.4467414617538452,0.0097989048808813,17.995424270629883,-0.0153913777321577,0.000548168842215,0.0032272903863098863,-0.0011040428653359413,5.273687975204666e-08,0.0011768348049372435
12.1555,9.3156,0.1017,0.6325593590736389,0.0007872706628404,-0.064990296959877,0.0038689221255481,19.28183555603028,-0.005695286206901,0.0002015945647144,0.0019341492382793596,-0.0009602883365005255,-1.1540849165214695e-08,0.00011436620843596756
12.1555,-9.3156,0.1017,,,,,,,,0.0019341492382793596,-0.0009602883365005255,-1.1540849165214695e-08,0.00011436620843596756
12.1679,-8.0642,0.081,,,,,,,,0.0018104662524216129,-0.0009002701262943447,-1.929736903605317e-08,9.466103801969439e-05
12.1679,8.0642,0.081,0.5888963937759399,0.0013438281603157,-0.0579424202442169,0.0039997524581849,23.95161819458008,-0.0043143578805029,0.0001678568369243,0.0018104662524216129,-0.0009002701262943447,-1.929736903605317e-08,9.466103801969439e-05
12.1801,1.9868,0.0792,0.3165540695190429,-0.0028425797354429,-0.4356640577316284,0.0115227596834301,18.13960647583008,-0.0223246682435274,0.0006382718565873,0.002507106104700828,-0.0006141081685200334,-2.4829249767321926e-08,0.001092824968509376
12.1921,-7.7674,0.0802,,,,,,,,0.0018647178840846528,-0.000927950837649405,-1.817880423971019e-08,9.055627742782235e-05
12.1921,7.7674,0.0802,0.595861554145813,0.0011263333726674,-0.0574207603931427,0.0041300682350993,24.175004959106445,-0.0036748123820871,0.0001716751139611,0.0018647178840846528,-0.000927950837649405,-1.817880423971019e-08,9.055627742782235e-05
12.3933,2.2093,0.0797,0.3822592794895172,-0.0047193900682032,-0.4418741762638092,0.0110172480344772,17.90868377685547,-0.0117689426988363,0.0006187609978951,0.0027679289979573394,-0.0007728342316113412,8.957743991011569e-10,0.0011480788234621286
12.4614,-2.5736,0.0748,,,,,,,,0.0030765614560851473,-0.0010202641133219004,3.8950226155520795e-08,0.0011512466007843614
12.5858,-0.8557,0.0759,,,,,,,,0.0013052813694960288,-0.00017370021669194102,-3.075957408782415e-07,0.0006291009485721588
12.5943,-1.8889,0.0749,,,,,,,,0.0026027583071347622,-0.0006995807052589953,-1.5921536089535948e-08,0.0010973488679155707
12.6075,-2.3161,0.0747,,,,,,,,0.0028530373997155433,-0.0008585823816247284,1.5192881619441323e-08,0.0011392066953703761
12.8916,-2.0508,0.0868,,,,,,,,0.0026927935939316298,-0.0007891788263805211,-5.885618659107195e-09,0.0010908625554293394
12.8916,2.0508,0.0868,0.3888861238956451,-0.0051400321535766,-0.4311867356300354,0.0119539182633161,16.681650161743164,0.0067884386517107,0.0007194310310296,0.0026927935939316298,-0.0007891788263805211,-5.885618659107195e-09,0.0010908625554293394
12.8957,-2.4935,0.0744,,,,,,,,0.003127955027006104,-0.0011022525141015649,5.808933423168128e-08,0.0011095337104052305
12.8978,-6.6032,0.0763,,,,,,,,0.002124780137967099,-0.0010583964176476002,-5.417436721444346e-09,9.203087392961606e-05
12.9025,9.3257,0.099,0.6260004043579102,0.0006932086544111,-0.0626769736409187,0.0038487298879772,19.47329902648925,-0.001075071748346,0.0001983205875148,0.0019129971762213702,-0.0009508447838015854,-1.0720608401015852e-08,0.00010384481720393524
12.9118,-5.8363,0.0753,,,,,,,,0.0024049215348727173,-0.0011910070898011327,1.2550796846255707e-08,0.00016557176422793418
12.9432,-6.1619,0.0756,,,,,,,,0.0023247664721070143,-0.0011546919122338295,6.00546901097232e-09,0.00013349672371987253
12.9711,8.1313,0.0898,0.5875268578529358,0.0014289008686318,-0.055953811854124,0.0039503867737948,21.616315841674805,0.0016524357488378,0.0001835463190218,0.001759585272553656,-0.0008758627227507532,-1.7867046508968087e-08,8.3063670899719e-05
12.9711,-8.1313,0.0898,,,,,,,,0.001759585272553656,-0.0008758627227507532,-1.7867046508968087e-08,8.3063670899719e-05
12.9839,9.604,0.1006,0.6379398703575134,0.0004612453340087,-0.0625781938433647,0.0038754537235945,19.151161193847656,-0.0009881529258564,0.0002032610645983,0.002024891273742653,-0.0010065861279144883,-7.0763284121255765e-09,0.00010876826127059758
13.0562,-11.0199,0.0867,,,,,,,,0.0022169376786146896,-0.0011033632326871157,-2.8984785682695247e-09,0.00010626732546370476
13.0562,11.0199,0.0867,0.6620315909385681,-0.0001075252293958,-0.0563691407442092,0.0040276166982948,21.993852615356445,-0.0021108803339302,0.0001838337047956,0.0022169376786146896,-0.0011033632326871157,-2.8984785682695247e-09,0.00010626732546370476
13.0842,-3.136,0.074,,,,,,,,0.0033248033528481204,-0.0013711481587961316,1.3779532537228079e-07,0.0009399638511240482
13.0938,-2.886,0.0741,,,,,,,,0.0032707832545364026,-0.0012492738896980882,9.588484317646362e-08,0.001055376953445375
13.0951,-10.6093,0.0855,,,,,,,,0.0022169376786146896,-0.0011033632326871157,-2.8984785682695247e-09,0.00010626732546370476
13.0951,10.6093,0.0855,0.6524468660354614,-4.143494152231142e-05,-0.0586081482470035,0.0039886720478534,22.26268196105957,-0.001572853885591,0.0001800571480998,0.0022169376786146896,-0.0011033632326871157,-2.8984785682695247e-09,0.00010626732546370476
13.1642,-10.1298,0.084,,,,,,,,0.002131660619793545,-0.0010601714020594954,-4.585509305599089e-09,0.00010968522110488266
13.1642,10.1298,0.084,0.6377071738243103,0.0001017202812363,-0.0604242049157619,0.003924265038222,22.5687255859375,-0.0006886326591484,0.0001748858339851,0.002131660619793545,-0.0010601714020594954,-4.585509305599089e-09,0.00010968522110488266
13.2025,4.0669,0.0808,0.6790232062339783,-0.0106260068714618,-0.2364250719547271,0.0077038146555423,21.57899475097656,0.0312106870114803,0.00035802857019,0.003083201292162798,-0.001430446864105761,1.3546792843044386e-07,0.0005747645627707243
13.2235,10.5685,0.1063,0.6720787286758423,-3.814535739365965e-05,-0.0588030181825161,0.0039860801771283,18.144210815429688,-0.0009074513218365,0.0002207776415161,0.0022169376786146896,-0.0011033632326871157,-2.8984785682695247e-09,0.00010626732546370476
13.2235,-10.5685,0.1063,,,,,,,,0.0022169376786146896,-0.0011033632326871157,-2.8984785682695247e-09,0.00010626732546370476
13.2502,4.4317,0.08,0.6772969365119934,-0.0073472764343023,-0.187614619731903,0.0066929976455867,22.61012458801269,0.0284973848611116,0.0002968760672956,0.0027821766026700024,-0.0013455783482640982,7.401085611036251e-08,0.0003529101377353072
13.3087,4.8042,0.0787,0.6699897050857544,-0.0046693957410752,-0.1510632187128067,0.0058243223465979,23.3247184753418,0.0251225605607032,0.0002507558383513,0.0025978715415209542,-0.0012709454167634249,3.8149288172917295e-08,0.0002682011981960386
13.4197,5.1344,0.0783,0.6646554470062256,-0.0033913569059222,-0.1258546859025955,0.0053264088928699,23.53311538696289,0.0230944007635116,0.0002271995472256,0.0024853779810098016,-0.0012237209593877196,2.1804133609748533e-08,0.00021629364346154034
13.4247,1.9107,0.0838,0.4015741646289825,-0.0048707821406424,-0.4175433814525604,0.0120244827121496,17.190690994262695,0.0254325047135353,0.0007041844655759,0.0027793922892769022,-0.00088215566938743,5.60452528830524e-09,0.0010738048003986478
13.4408,1.5037,0.0831,0.3183472156524658,-0.0008383849053643,-0.4013637006282806,0.0128094293177127,17.772804260253906,0.0263845156878232,0.0007256089593283,0.0024898687940790357,-0.0007211815100163221,-5.7723472224324723e-08,0.0010147703578695655
13.4408,-1.5037,0.0831,,,,,,,,0.0024898687940790357,-0.0007211815100163221,-5.7723472224324723e-08,0.0010147703578695655
13.4468,-2.2407,0.0737,,,,,,,,0.003001307697337338,-0.0010361055610701442,4.417681509494287e-08,0.0010855630971491337
13.4688,-0.4815,0.077,,,,,,,,0.0005584573974542523,-0.00012209295528009534,-3.175219376316818e-07,0.0002511212369427085
13.49,-0.7435,0.0763,,,,,,,,0.0014320169800012214,-0.00034266625880263746,-3.0646560844616033e-07,0.0006286874413490295
13.4968,-1.4827,0.0746,,,,,,,,0.0024898687940790357,-0.0007211815100163221,-5.7723472224324723e-08,0.0010147703578695655
13.504,2.682,0.0823,0.5553240180015564,-0.0104178544133901,-0.3960363268852234,0.0101289432495832,17.62035369873047,0.0344347767531871,0.0005800934159196,0.003171890903144659,-0.001183390966616571,7.693442682921159e-08,0.001055845059454441
13.745,-4.9211,0.0736,,,,,,,,0.0024392460440204908,-0.0012061124434694648,1.866395393790299e-08,0.0001810333924368024
13.791,-4.5798,0.073,,,,,,,,0.002539701874030875,-0.0012499348958954215,3.1018327462106754e-08,0.00022401820751838386
13.8576,-7.3973,0.0753,,,,,,,,0.0018199769364357092,-0.0009081718744710088,-1.5327495717087913e-08,5.747050090576522e-05
13.8933,-6.6584,0.0743,,,,,,,,0.0020478874987187095,-0.0010218961397185922,-6.705771937731697e-09,6.472311360994354e-05
13.908,5.5139,0.0793,0.6559932231903076,-0.0023758227471262,-0.0946990251541137,0.0049549075774848,23.296260833740234,0.0248787924647331,0.0002137258998118,0.0023811885463132978,-0.001181531697511673,1.3920728569871699e-08,0.00014662049943581223
13.908,-5.5139,0.0793,,,,,,,,0.0023811885463132978,-0.001181531697511673,1.3920728569871699e-08,0.00014662049943581223
13.9107,5.8262,0.0791,0.6494451761245728,-0.001822053338401,-0.0815362855792045,0.0048109823837876,23.437355041503903,0.021867586299777,0.0002062379498966,0.002320309033790917,-0.0011542565189301968,8.764514447534566e-09,0.0001168348899227567
13.9107,-5.8262,0.0791,,,,,,,,0.002320309033790917,-0.0011542565189301968,8.764514447534566e-09,0.0001168348899227567
13.9947,-2.3577,0.0776,,,,,,,,0.0030687766190134465,-0.0011262051993981004,5.890682075460063e-08,0.0010421177139505744
14.0279,-7.8259,0.0753,,,,,,,,0.0017409989122806392,-0.0008683742489665747,-1.7163140242359987e-08,6.0790349380113184e-05
14.0279,7.8259,0.0753,0.5626727938652039,0.0010693828808143,-0.0472657047212123,0.0038771766703575,24.743871688842773,0.0101084215566515,0.0001575479691382,0.0017409989122806392,-0.0008683742489665747,-1.7163140242359987e-08,6.0790349380113184e-05
14.0312,-8.1237,0.0758,,,,,,,,0.0017150733803675418,-0.0008548416080884635,-1.6469815733444193e-08,6.793378997826949e-05
14.0312,8.1237,0.0758,0.5598888993263245,0.0011115632951259,-0.0489759296178817,0.0037837785203009,24.495954513549805,0.0090038580819964,0.0001552545436425,0.0017150733803675418,-0.0008548416080884635,-1.6469815733444193e-08,6.793378997826949e-05
14.1132,-3.654,0.0717,,,,,,,,0.0031362569404547987,-0.0014621543232351542,1.4127658687357325e-07,0.0005666847573593259
14.1937,-0.443,0.0801,,,,,,,,0.0007594514430742225,-0.00029721527243964374,-3.028091839496483e-07,0.00023633580713067204
14.1937,0.443,0.0801,0.1457174122333526,0.0210397504270076,-0.1918367147445678,0.0094308368861675,22.2027645111084,0.0894986987113952,0.0004311279626563,0.0007594514430742225,-0.00029721527243964374,-3.028091839496483e-07,0.00023633580713067204
14.3148,0.0593,0.0793,0.0805315971374511,0.0239492151886224,-0.0269461851567029,0.0074986028485,23.136940002441406,0.1082193851470947,0.000325537926983,6.196174885839508e-05,-2.5228284357581288e-05,7.004694158041502e-09,-1.7981885321205482e-05
14.3986,0.7857,0.082,0.2509236931800842,0.0135468514636158,-0.2947227656841278,0.0115612298250198,20.173463821411133,0.0741279423236846,0.0005824868567287,0.0016160310418905143,-0.0005304026999510825,-2.964078475997667e-07,0.0006095588323660195
14.4239,1.5238,0.0837,0.4003657400608063,-0.0023135475348681,-0.3836944103240967,0.012613303028047,17.394973754882812,0.0548002831637859,0.0007302777376025,0.0026824139297341168,-0.0009199048508889973,-4.17152072884619e-08,0.0009760180255398154
14.5012,9.26,0.0912,0.6078336834907532,0.0006183970253914,-0.0545330718159675,0.003784175729379,20.521059036254883,0.0080145895481109,0.0001853963331086,0.001886225603436926,-0.0009394256630912423,-9.544936396821413e-09,8.331374556291848e-05
14.5012,-9.26,0.0912,,,,,,,,0.001886225603436926,-0.0009394256630912423,-9.544936396821413e-09,8.331374556291848e-05
14.5266,-10.7843,0.0798,,,,,,,,0.0021865718667973396,-0.0010895960731431842,-2.8917999106425896e-09,8.974703087005764e-05
14.5266,10.7843,0.0798,0.6433476209640503,-3.614399611251429e-05,-0.0516745224595069,0.0039674066938459,23.499324798583984,0.0045722001232206,0.0001697215047897,0.0021865718667973396,-0.0010895960731431842,-2.8917999106425896e-09,8.974703087005764e-05
14.5288,-11.8949,0.0834,,,,,,,,0.0023012723371131764,-0.0011478760279715061,-1.4682224325213156e-09,7.96505919424817e-05
14.5288,11.8949,0.0834,0.6643502116203308,-0.0001285357284359,-0.0462497733533382,0.0040402761660516,22.67550468444824,0.002831237623468,0.0001793169649317,0.0023012723371131764,-0.0011478760279715061,-1.4682224325213156e-09,7.96505919424817e-05
14.5316,8.8961,0.0887,0.5890912413597107,0.0008795563480816,-0.0524551123380661,0.0037422734312713,21.001230239868164,0.0092864381149411,0.0001789023081073,0.0017831447193907494,-0.0008884176495485008,-1.2419368644600581e-08,7.493565499316901e-05
14.5316,-8.8961,0.0887,,,,,,,,0.0017831447193907494,-0.0008884176495485008,-1.2419368644600581e-08,7.493565499316901e-05
14.5372,-11.0877,0.0809,,,,,,,,0.0021865718667973396,-0.0010895960731431842,-2.8917999106425896e-09,8.974703087005764e-05
14.5372,11.0877,0.0809,0.6504448056221008,-7.769479270791635e-05,-0.050309631973505,0.0039970837533473,23.262624740600582,0.0040588807314634,0.0001728561619529,0.0021865718667973396,-0.0010895960731431842,-2.8917999106425896e-09,8.974703087005764e-05
14.5527,-11.481,0.0821,,,,,,,,0.0022506226346852786,-0.0011220378801226616,-2.041806501651422e-09,8.577037078794092e-05
14.5527,11.481,0.0821,0.6573030948638916,-0.0001040468996507,-0.0482838787138462,0.0040192450396716,22.982892990112305,0.0035218361299484,0.0001760009909048,0.0022506226346852786,-0.0011220378801226616,-2.041806501651422e-09,8.577037078794092e-05
14.5568,8.5016,0.0862,0.5721494555473328,0.0011049247113987,-0.0491607002913951,0.003739302046597,21.581995010375977,0.0108067858964204,0.0001739510917104,0.0017184308873503392,-0.0008566241594962776,-1.4156434247070138e-08,6.668004061793908e-05
14.5568,-8.5016,0.0862,,,,,,,,0.0017184308873503392,-0.0008566241594962776,-1.4156434247070138e-08,6.668004061793908e-05
14.5733,8.1008,0.0839,0.5642498731613159,0.0012037168489769,-0.0458015799522399,0.0037967767566442,22.22747611999512,0.0124388895928859,0.0001717287086648,0.0016960644967975995,-0.0008459529490210116,-1.580320585503614e-08,5.9348985814722255e-05
14.5733,-8.1008,0.0839,,,,,,,,0.0016960644967975995,-0.0008459529490210116,-1.580320585503614e-08,5.9348985814722255e-05
14.58,2.9308,0.084,0.64191734790802,-0.012668015435338,-0.3147607743740082,0.0096730692312121,17.862018585205078,0.0628139525651931,0.0005471396143548,0.0032934996711277255,-0.0014374314341694117,1.3811501275995397e-07,0.0008034773636609316
14.7156,5.7215,0.0787,0.6429142355918884,-0.0016931592253968,-0.0702910050749778,0.0047399727627635,23.31693649291992,0.0301165468990802,0.0002041729458142,0.00225784450999835,-0.001126859220676124,6.8833712063565144e-09,6.821843271609396e-05
14.7586,-2.1598,0.0732,,,,,,,,0.003204665158541008,-0.0013045319356024265,8.499613812773532e-08,0.0009304117993451655
14.8121,6.0575,0.0783,0.6321532726287842,-0.0011414034524932,-0.0584094151854515,0.0045866034924983,23.463106155395508,0.0273496322333812,0.0001962403475772,0.0021804483373320666,-0.0010889684781432152,2.0427286528956756e-09,5.2310530008981004e-05
14.8437,0.3296,0.081,0.1736350953578949,0.0226051844656467,-0.146035686135292,0.0086002489551901,22.45919418334961,0.1100199520587921,0.0003862588200718,0.0002351867339387658,-0.00011571394134080037,1.0722946086616503e-08,-2.09400004678173e-05
14.8447,-0.0664,0.0794,,,,,,,,0.0002351867339387658,-0.00011571394134080037,1.0722946086616503e-08,-2.09400004678173e-05
14.8674,0.7218,0.0823,0.2770792841911316,0.015067646279931,-0.2756938636302948,0.0111974077299237,20.38867950439453,0.0870673283934593,0.0005578947602771,0.0017288070826577456,-0.0006284553674049675,-2.8810677576984745e-07,0.0005934957880526781
14.8771,1.3913,0.0842,0.4088347554206848,-0.0011187029303982,-0.3683060109615326,0.0127259092405438,17.387104034423828,0.0653738752007484,0.0007371536921709,0.002783828105276511,-0.0010220439871773124,-3.3884987260535127e-08,0.0009449078352190554
14.9102,1.0785,0.0836,0.3510420620441437,0.0052632703445851,-0.339682936668396,0.0124676562845706,18.346837997436523,0.0726438388228416,0.0006859077257104,0.002371513018820686,-0.0008434629417024553,-1.4841354811778729e-07,0.0008334199083037674
15.0271,6.7302,0.0776,0.6014441251754761,-0.0001057136105373,-0.0421692319214344,0.0042668362148106,23.6594181060791,0.0229369420558214,0.0001809762179618,0.001985434942248638,-0.0009921032469719648,-7.299454374276593e-09,3.491596726235002e-05
15.0769,11.4543,0.1021,0.6758226156234741,-0.0001131751268985,-0.0470274314284324,0.0040168645791709,18.555683135986328,0.0054209642112255,0.0002176720590796,0.0022412944229492355,-0.0011177633423358202,-2.051242509182316e-09,8.034477650653571e-05
15.0769,-11.4543,0.1021,,,,,,,,0.0022412944229492355,-0.0011177633423358202,-2.051242509182316e-09,8.034477650653571e-05
15.1997,-6.046,0.0682,,,,,,,,0.002158280675227133,-0.0010786609491333365,1.7097900872897753e-09,3.21624793286901e-05
15.2145,4.1,0.083,0.6785538196563721,-0.0066491761244833,-0.1395485550165176,0.006655198521912,21.177953720092773,0.0571964681148529,0.0003170178388245,0.00278457873194487,-0.0013762162998318672,6.839943011982541e-08,0.0002109463675878942
15.234,3.7438,0.0839,0.688652515411377,-0.0094916662201285,-0.1753059923648834,0.0076212938874959,20.147491455078125,0.0635748505592346,0.0003821311111096,0.0030191942557768457,-0.0014753973810002208,1.0867560007454813e-07,0.00031950906850397587
15.243,-5.3609,0.0682,,,,,,,,0.0023002726289957937,-0.0011484392452985048,1.1162751611948352e-08,6.245671829674393e-05
15.2478,-2.8726,0.0702,,,,,,,,0.003327958855035438,-0.0015412882203236222,1.460969372146792e-07,0.000627102970611304
15.2681,2.9947,0.0857,0.6715394258499146,-0.0128947999328374,-0.2702895104885101,0.0094671221449971,17.68155860900879,0.0725809633731842,0.0005403268733061,0.003327958855035438,-0.0015412882203236222,1.460969372146792e-07,0.000627102970611304
15.2743,-4.638,0.0682,,,,,,,,0.0024324106850731665,-0.0012113539269194007,2.0407382450571276e-08,0.00010852234117919579
15.3295,-3.1754,0.0694,,,,,,,,0.003216737010647377,-0.0015390096232295036,1.4020632477240724e-07,0.00046722436673007905
15.3339,-9.3783,0.0711,,,,,,,,0.0018736010376162958,-0.0009343950659967959,-8.822886421455678e-09,6.70900335535407e-05
15.3339,9.3783,0.0711,0.5878681540489197,0.0003943127230741,-0.048597365617752,0.0037059527821838,25.54796600341797,0.0115140220150351,0.000145858968608,0.0018736010376162958,-0.0009343950659967959,-8.822886421455678e-09,6.70900335535407e-05
15.3819,-7.7012,0.0685,,,,,,,,0.0016755049825454102,-0.0008371645817533135,-1.5827053445605088e-08,3.137992098345421e-05
15.3819,7.7012,0.0685,0.5438981652259827,0.0008786183898337,-0.0346837677061557,0.0037250588648021,26.13905906677246,0.0187012795358896,0.0001431278942618,0.0016755049825454102,-0.0008371645817533135,-1.5827053445605088e-08,3.137992098345421e-05
15.3821,-7.9772,0.0687,,,,,,,,0.0016655460743770266,-0.0008317763567902148,-1.4598546371757948e-08,4.073111267643981e-05
15.3821,7.9772,0.0687,0.5397990942001343,0.000948240282014,-0.0368587560951709,0.0036431427579373,25.992111206054688,0.0173086840659379,0.000140731819556,0.0016655460743770266,-0.0008317763567902148,-1.4598546371757948e-08,4.073111267643981e-05
15.3895,-8.6284,0.0695,,,,,,,,0.0016955377319672932,-0.0008463492267765105,-1.3016847155711275e-08,4.904116940451786e-05
15.3895,8.6284,0.0695,0.5520976185798645,0.0007955553010106,-0.0429751500487327,0.0035865940153598,25.70461654663086,0.0145301399752497,0.000140036267112,0.0016955377319672932,-0.0008463492267765105,-1.3016847155711275e-08,4.904116940451786e-05
15.3937,-8.9739,0.0701,,,,,,,,0.0017682830878950884,-0.0008822223171591759,-1.148150818863769e-08,5.822415914735757e-05
15.3937,8.9739,0.0701,0.5683082342147827,0.0006156141753308,-0.0460411943495273,0.0036272185388952,25.657316207885746,0.0131754456087946,0.0001419993059244,0.0017682830878950884,-0.0008822223171591759,-1.148150818863769e-08,5.822415914735757e-05
15.6342,0.6712,0.0816,0.3272525668144226,0.0155419884249567,-0.2508386671543121,0.0105898976325988,20.66950416564941,0.1013233810663223,0.0005207125213928,0.0012138357594282793,-0.0005712370038963854,-2.689323537197197e-07,0.00020503054838627577
15.6625,8.0144,0.0798,0.551429808139801,0.0010937862098217,-0.0361168272793293,0.0036967194173485,22.69354248046875,0.018507283180952,0.0001636746601434,0.0016543741319669477,-0.0008266060031019151,-1.4001268588970106e-08,3.099931564065628e-05
15.6625,-8.0144,0.0798,,,,,,,,0.0016543741319669477,-0.0008266060031019151,-1.4001268588970106e-08,3.099931564065628e-05
15.7059,2.4581,0.0877,0.6363486647605896,-0.0119153782725334,-0.3089018166065216,0.0105788214132189,16.294309616088867,0.0783051326870918,0.0006528344820253,0.003397917034587003,-0.0015524319605901837,1.3231461082341411e-07,0.0006902282475493848
15.7388,-2.2638,0.0706,,,,,,,,0.003353602090432177,-0.0014733527787029743,1.0164747976659783e-07,0.0008005581330507994
15.7605,1.7529,0.0862,0.5343360304832458,-0.0065528717823326,-0.3473090231418609,0.0121172396466135,16.414623260498047,0.0773041471838951,0.0007423315546475,0.003227457598940943,-0.0013631114270538092,5.4875933130915655e-08,0.0008637406281195581
15.8304,-0.4941,0.0764,,,,,,,,0.0012138357594282793,-0.0005712370038963854,-2.689323537197197e-07,0.00020503054838627577
15.8473,-0.7865,0.0752,,,,,,,,0.001983863534342278,-0.0008249886450357735,-2.658408675415558e-07,0.0005507470341399312
15.8777,-0.3187,0.0771,,,,,,,,0.000588709349400424,-0.0002931921335402876,1.4289100569442326e-08,-2.613517062854953e-05
15.896,-0.9253,0.0745,,,,,,,,0.001983863534342278,-0.0008249886450357735,-2.658408675415558e-07,0.0005507470341399312
15.9171,-0.6153,0.0757,,,,,,,,0.0012138357594282793,-0.0005712370038963854,-2.689323537197197e-07,0.00020503054838627577
15.9596,5.8549,0.0781,0.6309051513671875,-0.0012124673230573,-0.043607223778963,0.0045013981871306,23.045455932617188,0.0362916626036167,0.0001960459921974,0.0022222429538658476,-0.0011108890175819397,6.074526659460844e-09,2.272723213536665e-05
15.9596,-5.8549,0.0781,,,,,,,,0.0022222429538658476,-0.0011108890175819397,6.074526659460844e-09,2.272723213536665e-05
16.2273,-10.299,0.0689,,,,,,,,0.0020745174738077718,-0.0010354322148486972,-4.0434695591784475e-09,6.152898276923224e-05
16.2273,10.299,0.0689,0.6141420602798462,8.633192192064598e-05,-0.0434899926185607,0.0038319593295454,26.510299682617188,0.0119705023244023,0.0001451349526178,0.0020745174738077718,-0.0010354322148486972,-4.0434695591784475e-09,6.152898276923224e-05
16.2375,-9.9908,0.068,,,,,,,,0.0020745174738077718,-0.0010354322148486972,-4.0434695591784475e-09,6.152898276923224e-05
16.2375,9.9908,0.068,0.604499876499176,0.0001533168397145,-0.0435803197324276,0.0037791307549923,26.74163627624512,0.0129392305389046,0.0001420863700332,0.0020745174738077718,-0.0010354322148486972,-4.0434695591784475e-09,6.152898276923224e-05
16.2387,10.2287,0.089,0.6355589628219604,0.000131816486828,-0.0448486171662807,0.0038718215655535,20.733821868896484,0.0122195715084671,0.000187591620488,0.0020745174738077718,-0.0010354322148486972,-4.0434695591784475e-09,6.152898276923224e-05
16.2387,-10.2287,0.089,,,,,,,,0.0020745174738077718,-0.0010354322148486972,-4.0434695591784475e-09,6.152898276923224e-05
16.2406,-11.6214,0.0738,,,,,,,,0.0022170991901815673,-0.0011067814193665981,-2.038722968222828e-09,6.25866960035637e-05
16.2406,11.6214,0.0738,0.6440894603729248,-5.7954355725087225e-05,-0.0402727723121643,0.0039678821340203,25.21614456176757,0.0086995456367731,0.0001584455021657,0.0022170991901815673,-0.0011067814193665981,-2.038722968222828e-09,6.25866960035637e-05
16.2521,-10.924,0.0705,,,,,,,,0.0021544530645692234,-0.001075374661013484,-2.800553344783907e-09,6.313747144304216e-05
16.2521,10.924,0.0705,0.6295150518417358,-4.7959620133042336e-06,-0.0422238893806934,0.0039106481708586,26.167585372924805,0.0103344563394784,0.0001502256054664,0.0021544530645692234,-0.001075374661013484,-2.800553344783907e-09,6.313747144304216e-05
16.2538,-10.5852,0.0695,,,,,,,,0.0021544530645692234,-0.001075374661013484,-2.800553344783907e-09,6.313747144304216e-05
16.2538,10.5852,0.0695,0.6218824982643127,3.386963362572715e-05,-0.043003149330616,0.0038731147069483,26.39281272888184,0.0112218996509909,0.0001473201555199,0.0021544530645692234,-0.001075374661013484,-2.800553344783907e-09,6.313747144304216e-05
16.2653,9.7581,0.0864,0.6182016730308533,0.0002969558991026,-0.0445123203098773,0.0037944738287478,21.180288314819336,0.0138079728931188,0.0001798962330212,0.001975752293649041,-0.0009862319566309452,-5.801780833536441e-09,5.697200322174467e-05
16.2653,-9.7581,0.0864,,,,,,,,0.001975752293649041,-0.0009862319566309452,-5.801780833536441e-09,5.697200322174467e-05
16.2666,-11.2682,0.0719,,,,,,,,0.0022170991901815673,-0.0011067814193665981,-2.038722968222828e-09,6.25866960035637e-05
16.2666,11.2682,0.0719,0.6370038986206055,-3.695972918649204e-05,-0.0412578210234642,0.0039429957978427,25.78683090209961,0.0095343952998518,0.0001538945798529,0.0022170991901815673,-0.0011067814193665981,-2.038722968222828e-09,6.25866960035637e-05
16.7103,3.0327,0.0869,0.7112508416175842,-0.0121487267315387,-0.1982667595148086,0.0089888554066419,17.41622543334961,0.0814316123723983,0.0005200454033911,0.003390750779061708,-0.001629146747291088,1.4115046553797583e-07,0.00046923189074732363
16.7452,-7.7785,0.0607,,,,,,,,0.0016428542192471573,-0.000821426510810852,-1.3859016156914095e-08,9.917507668433245e-07
16.7452,7.7785,0.0607,0.5250942707061768,0.0007539688958786,-0.0219674073159694,0.003490715753287,28.34025764465332,0.0240111909806728,0.000123797726701,0.0016428542192471573,-0.000821426510810852,-1.3859016156914095e-08,9.917507668433245e-07
16.7608,-8.7057,0.0621,,,,,,,,0.001759420283752716,-0.0008791417349129915,-1.0090583479893667e-08,3.161872155033052e-05
16.7608,8.7057,0.0621,0.5424036383628845,0.0006558742607012,-0.0325993187725544,0.0034666203428059,28.049747467041016,0.0195701401680707,0.0001241529243998,0.001759420283752716,-0.0008791417349129915,-1.0090583479893667e-08,3.161872155033052e-05
16.7914,-8.4191,0.0614,,,,,,,,0.001678739563087028,-0.0008390936418436468,-1.1648782383133494e-08,2.1528823708649725e-05
16.7914,8.4191,0.0614,0.5311739444732666,0.0007315888651646,-0.0290019363164901,0.0034332477953284,28.111328125,0.0209565535187721,0.000122594385175,0.001678739563087028,-0.0008390936418436468,-1.1648782383133494e-08,2.1528823708649725e-05
16.8093,-4.4714,0.061,,,,,,,,0.0025492639920289654,-0.0012739768717437983,2.560517842198351e-08,4.0861410525394604e-05
16.8462,-4.1879,0.0612,,,,,,,,0.0025492639920289654,-0.0012739768717437983,2.560517842198351e-08,4.0861410525394604e-05
16.8691,-3.1928,0.0634,,,,,,,,0.0032522730542119825,-0.0016053072176873684,1.1597141025276869e-07,0.00025943925720639527
16.9152,0.3666,0.0767,0.3441455364227295,0.0180817935615777,-0.1364416182041168,0.0077155986800789,22.77931785583496,0.1239613443613052,0.0003414008242543,0.0015323181287147816,-0.0007441784255206585,-2.404586894044769e-07,0.0001822035264922306
16.9488,3.6941,0.0839,0.7030925750732422,-0.0078458236530423,-0.115031749010086,0.0070214727893471,19.618257522583008,0.0712092742323875,0.0003616802277974,0.003004937783296837,-0.0014951720368117094,8.07331375085596e-08,0.0001478963968111202
16.9663,1.1069,0.08,0.4990626871585846,0.0034197752829641,-0.2921120226383209,0.0113497171550989,18.64106559753418,0.0928395166993141,0.0006148618413135,0.0028428574033030865,-0.0012383562279865146,-1.1743829730903599e-07,0.0006978061283007264
16.9738,0.7712,0.0784,0.4414185285568237,0.0114700561389327,-0.2445960789918899,0.010146178305149,20.61122131347656,0.1044674068689346,0.0005000086966902,0.0022546715091210407,-0.001011185348033905,-2.3741819177303114e-07,0.000498387438710779
16.9784,1.4843,0.0819,0.5603313446044922,-0.0033668673131614,-0.3079482614994049,0.0117267612367868,17.392732620239258,0.0870504677295684,0.0006800273549742,0.003213598721139001,-0.0014099502004683018,-1.019882756025936e-08,0.0007706131436862051
17.0328,8.7439,0.0793,0.5650568008422852,0.0008343214285559,-0.0327555797994136,0.0035682425368577,22.35955619812012,0.0202053897082805,0.000160325464094,0.001759420283752716,-0.0008791417349129915,-1.0090583479893667e-08,3.161872155033052e-05
17.0328,-8.7439,0.0793,,,,,,,,0.001759420283752716,-0.0008791417349129915,-1.0090583479893667e-08,3.161872155033052e-05
17.1651,2.5767,0.0843,0.6993188858032227,-0.0116126760840415,-0.2335957735776901,0.009840102866292,17.069643020629883,0.0854132398962974,0.0005822813254781,0.003517897583835683,-0.0016717902617529035,1.327134810935604e-07,0.00054682552581653
17.1787,4.636,0.0794,0.6607586741447449,-0.0026846444234251,-0.0539319589734077,0.0050235311500728,21.979368209838867,0.0558000020682811,0.0002298639592481,0.002420983106765473,-0.0012103196932002902,1.6960461479698097e-08,2.039707760559395e-05
17.2056,2.9401,0.0845,0.7178713083267212,-0.0116125838831067,-0.1898205429315567,0.0089818956330418,17.68389129638672,0.0827607363462448,0.0005133978556841,0.003431065649999686,-0.0016680191038176417,1.3595027326118725e-07,0.00040095526492223144
17.2078,3.343,0.0839,0.7178894877433777,-0.0099369464442133,-0.1421384364366531,0.0079078441485762,18.738449096679688,0.0773293003439903,0.0004267797048669,0.0032522730542119825,-0.0016053072176873684,1.1597141025276869e-07,0.00025943925720639527
17.2104,4.0793,0.0814,0.6845118403434753,-0.0048673674464225,-0.0779149755835533,0.0059222490526735,20.86812210083008,0.0645699948072433,0.0002863088157027,0.0027527604653414402,-0.0013741559814661741,4.6706077228009235e-08,7.82168863224797e-05
17.2307,3.7608,0.0823,0.701409637928009,-0.0069611598737537,-0.0995423197746276,0.0066985627636313,20.055503845214844,0.0701337307691574,0.0003373177023604,0.003004937783296837,-0.0014951720368117094,8.07331375085596e-08,0.0001478963968111202
17.4841,-2.2216,0.0628,,,,,,,,0.0035943051487549037,-0.001690882258117199,1.0730619948162712e-07,0.0006088304799050093
17.5217,-1.8641,0.0637,,,,,,,,0.0035139327476244563,-0.001613617641851306,6.411666220174084e-08,0.0006951035466045141
17.5499,0.1185,0.0724,0.3461913168430328,0.0165531281381845,-0.0417898185551166,0.0062381532043218,23.754961013793945,0.1286855340003967,0.0002641127794049,0.0010684888166431318,-0.0005334445741027594,1.2019854445100009e-08,-2.9222834200481884e-05
17.5505,1.571,0.0787,0.6018690466880798,-0.0043321074917912,-0.2896877825260162,0.0112378904595971,17.87992286682129,0.087451197206974,0.0006323797279037,0.0033175909865763506,-0.0014936293009668589,-7.541786750664414e-09,0.0007215774385258555
17.5566,-1.1278,0.0665,,,,,,,,0.0029572482198527094,-0.0013245141599327326,-1.0981472087223665e-07,0.0006572605925612152
17.5629,-1.1502,0.0664,,,,,,,,0.0029572482198527094,-0.0013245141599327326,-1.0981472087223665e-07,0.0006572605925612152
17.5725,-0.8495,0.0677,,,,,,,,0.0023868977804348173,-0.001096763531677425,-2.223109305532489e-07,0.0004705634491983801
17.5749,-0.4765,0.0695,,,,,,,,0.0016828617735571564,-0.0008238619775511324,-2.25290136768308e-07,0.00017104773723986
17.583,-2.2256,0.0623,,,,,,,,0.0035943051487549037,-0.001690882258117199,1.0730619948162712e-07,0.0006088304799050093
17.5919,-1.4764,0.0649,,,,,,,,0.0033175909865763506,-0.0014936293009668589,-7.541786750664414e-09,0.0007215774385258555
17.601,0.8179,0.0753,0.4871446192264557,0.0095281610265374,-0.2383433729410171,0.0097790537402033,21.07945442199707,0.1025710850954055,0.0004726917250081,0.0023868977804348173,-0.001096763531677425,-2.223109305532489e-07,0.0004705634491983801
17.6192,-10.442,0.0624,,,,,,,,0.002066773386398371,-0.0010323675815016031,-3.8544456515410275e-09,4.588283263728954e-05
17.6192,10.442,0.0624,0.6069819927215576,8.497330418322235e-05,-0.0348762013018131,0.0037815056275576,29.04501342773437,0.0153041696175932,0.0001308804348809,0.002066773386398371,-0.0010323675815016031,-3.8544456515410275e-09,4.588283263728954e-05
17.806,-4.4636,0.0551,,,,,,,,0.0025602328495947326,-0.0012800329132005572,2.3505753787844696e-08,1.4621956324845087e-05
17.8068,-4.2126,0.0556,,,,,,,,0.0025602328495947326,-0.0012800329132005572,2.3505753787844696e-08,1.4621956324845087e-05
17.8621,5.0326,0.0746,0.6486192941665649,-0.0018142900662496,-0.028737835586071,0.0045535736717283,23.275379180908203,0.0509401559829711,0.0001970465382328,0.0023577410940987032,-0.0011787638068199158,1.3572186041699297e-08,-1.586361395311542e-05
17.8621,-5.0326,0.0746,,,,,,,,0.0023577410940987032,-0.0011787638068199158,1.3572186041699297e-08,-1.586361395311542e-05
17.9143,-3.5493,0.0566,,,,,,,,0.00302043282625471,-0.0015064667677506804,7.319975736663764e-08,0.0001063554736902006
17.9161,5.4162,0.0737,0.6381162405014038,-0.0013908359687775,-0.0194329898804426,0.0043634786270558,23.58746910095215,0.0463950857520103,0.0001863500801846,0.0022930955598259033,-0.0011462316615507007,1.0269021188946681e-08,-2.6921916287392378e-05
17.9161,-5.4162,0.0737,,,,,,,,0.0022930955598259033,-0.0011462316615507007,1.0269021188946681e-08,-2.6921916287392378e-05
17.9179,5.7734,0.0733,0.626514732837677,-0.0010051919380202,-0.0134007353335618,0.0042265728116035,23.7238826751709,0.0424837283790111,0.0001794490381143,0.0022179954573997743,-0.0011084614088758826,5.921873214020934e-09,-3.4485754440538585e-05
17.9179,-5.7734,0.0733,,,,,,,,0.0022179954573997743,-0.0011084614088758826,5.921873214020934e-09,-3.4485754440538585e-05
17.9777,-5.884,0.0521,,,,,,,,0.002228165756102323,-0.0011129662161692977,6.003384900310493e-09,-4.9868434871314093e-05
18.1231,-0.0181,0.0686,,,,,,,,0.0012092080320147242,-0.0006039198487997055,9.838173831155927e-09,-2.875469181162771e-05
18.1278,0.7623,0.072,0.5065164566040039,0.010068449191749,-0.218745008111,0.0090701533481478,22.25165557861328,0.1030279919505119,0.0004153565387241,0.0025120370990004423,-0.0011755827581509948,-2.079984682268332e-07,0.0004422530182637274
18.1477,0.377,0.0702,0.4223722219467163,0.0147523172199726,-0.1229889318346977,0.0068307654000818,24.147687911987305,0.1188080459833145,0.0002848199219442,0.0018240854220786071,-0.0008978569530881941,-2.0968457192793721e-07,0.0001602334377821535
18.1578,-8.7478,0.0543,,,,,,,,0.0017617202778943937,-0.0008807419217191637,-9.253492194716273e-09,1.4430926057684701e-05
18.1578,8.7478,0.0543,0.53277587890625,0.0005534454830922,-0.0216871108859777,0.0033430967014282,31.49190330505371,0.0228960290551185,0.0001066380864358,0.0017617202778943937,-0.0008807419217191637,-9.253492194716273e-09,1.4430926057684701e-05
18.1693,1.764,0.0755,0.653860867023468,-0.006168064661324,-0.2665018439292907,0.0106866341084241,18.47830390930176,0.0859152451157569,0.0005834360490553,0.0036039043882925125,-0.0016837837174534798,6.344848202388675e-08,0.0006417975528165698
18.1932,1.4785,0.0743,0.6178474426269531,-0.0029975280631333,-0.272245854139328,0.0107366079464554,19.04539680480957,0.0871770456433296,0.00056926778052,0.0034159818433870323,-0.001569785294122994,-6.064937441152551e-09,0.0006730580353178084
18.1992,1.163,0.0731,0.5734285712242126,0.0019361971644684,-0.2632423639297485,0.0103466818109154,20.06930351257324,0.0913781374692916,0.0005219166050665,0.0030644146631190793,-0.0014028616715222597,-1.0271322992139176e-07,0.0006161480559967458
18.239,2.6517,0.0764,0.7289573550224304,-0.0100958663970232,-0.1865983605384826,0.0090870195999741,18.90602684020996,0.0836766362190246,0.0004850966215599,0.003646107934017817,-0.0017723925411701202,1.2487181777487422e-07,0.00042679085163399577
18.3806,3.0014,0.0754,0.7367043495178223,-0.0094315195456147,-0.1419180780649185,0.008205852471292,19.855825424194336,0.0799293369054794,0.0004178435192443,0.0035242968736007773,-0.001738418242894113,1.228206656378461e-07,0.00028821712476201355
18.4854,3.3449,0.0743,0.7289080619812012,-0.0078049395233392,-0.1016667708754539,0.0072543676942586,20.91273498535156,0.0748365148901939,0.0003509977541398,0.003312737146750906,-0.001648342702537775,9.990224469902387e-08,0.00016285937454085797
18.5674,2.6789,0.0739,0.736504316329956,-0.00960005633533,-0.1728671789169311,0.0088473642244935,19.647274017333984,0.0825368016958236,0.0004555199120659,0.003646107934017817,-0.0017723925411701202,1.2487181777487422e-07,0.00042679085163399577
18.579,3.4806,0.073,0.7233870625495911,-0.0069137243553996,-0.0853852182626724,0.0068350140936672,21.58308982849121,0.0724935457110405,0.000320074846968,0.0030729178947094572,-0.001535863964818418,6.057349821730895e-08,4.2754822061397135e-05
18.5926,4.487,0.0716,0.6657066941261292,-0.0023360822815448,-0.0296850986778736,0.0048144059255719,23.7249755859375,0.0574164651334285,0.0002044339635176,0.002601642139920348,-0.0013005502987653017,2.052903980143128e-08,-2.654008312674705e-05
18.5967,3.8372,0.0723,0.7014997601509094,-0.0048044994473457,-0.0577144175767898,0.0059123239479959,22.53424072265625,0.0667226165533065,0.0002649187808856,0.002806271000402548,-0.0014031309401616454,3.421341787657184e-08,-3.5770819977187784e-06
18.6095,3.0871,0.0736,0.7393566370010376,-0.0088454894721508,-0.125098705291748,0.0078821871429681,20.536500930786133,0.0782182216644287,0.0003881619486492,0.0035744197502934286,-0.0017705486388877034,1.1563025026362084e-07,0.00024346794816665351
18.6137,4.1566,0.0717,0.6816644668579102,-0.0032601559069007,-0.0406543463468551,0.0052541471086442,23.286760330200195,0.0618663392961025,0.0002274736325489,0.002601642139920348,-0.0013005502987653017,2.052903980143128e-08,-2.654008312674705e-05
18.6581,-2.736,0.054,,,,,,,,0.003709230990431793,-0.0018159085884690285,1.1902329788426869e-07,0.0003769278700929135
18.6789,0.6602,0.068,0.5151264071464539,0.0109307039529085,-0.1892647445201873,0.0080775553360581,23.94855690002441,0.1039085835218429,0.0003426441689953,0.0019543115510443406,-0.0009656131733208895,-1.938217337738024e-07,0.00014974836085457355
18.7256,4.0053,0.071,0.691277265548706,-0.0038806537631899,-0.0463272705674171,0.0055234339088201,23.20600891113281,0.0638328269124031,0.0002401453093625,0.002806271000402548,-0.0014031309401616454,3.421341787657184e-08,-3.5770819977187784e-06
18.7427,-11.5574,0.0581,,,,,,,,0.002197086524954966,-0.0010978985810652375,-1.925966719440453e-09,3.7629844882758334e-05
18.7427,11.5574,0.0581,0.6174681186676025,1.2496815543272533e-05,-0.028069507330656,0.0038389724213629,31.59600067138672,0.0143312579020857,0.000122476281831,0.002197086524954966,-0.0010978985810652375,-1.925966719440453e-09,3.7629844882758334e-05
18.8013,-10.8169,0.0548,,,,,,,,0.0021382613940455247,-0.0010685549350455403,-2.6113855522424956e-09,3.508273221086711e-05
18.8013,10.8169,0.0548,0.6016026139259338,6.370851770043373e-05,-0.0277536604553461,0.0037538590840995,33.088191986083984,0.0164535753428936,0.0001139800297096,0.0021382613940455247,-0.0010685549350455403,-2.6113855522424956e-09,3.508273221086711e-05
18.9362,-2.0546,0.0554,,,,,,,,0.0036876927617526156,-0.0017463384428992867,6.122157714116838e-08,0.0005916684167459607
18.9433,-1.6717,0.0568,,,,,,,,0.003506544464544022,-0.001637695706449449,-5.569688710238552e-09,0.0006260321824811399
18.946,-2.4654,0.0532,,,,,,,,0.003709230990431793,-0.0018159085884690285,1.1902329788426869e-07,0.0003769278700929135
18.9708,-1.2846,0.0581,,,,,,,,0.003163199392104406,-0.0014731433475390077,-9.654776533807308e-08,0.0005755921010859311
19.0574,-3.9722,0.0476,,,,,,,,0.002806271000402548,-0.0014031309401616454,3.421341787657184e-08,-3.5770819977187784e-06
19.0574,3.9722,0.0476,0.6669985055923462,-0.0024648415856063,-0.0346561335027217,0.005146212875843,35.58358383178711,0.0634614005684852,0.0001459797640563,0.002806271000402548,-0.0014031309401616454,3.421341787657184e-08,-3.5770819977187784e-06
19.1336,-3.2256,0.0485,,,,,,,,0.0033504796422378007,-0.001670509111136198,9.255639099592372e-08,0.0001258084230357781
19.1336,3.2256,0.0485,0.7166145443916321,-0.0050217206589877,-0.0898590683937072,0.0066827358677983,33.02308654785156,0.0743390396237373,0.0002041804400505,0.0033504796422378007,-0.001670509111136198,9.255639099592372e-08,0.0001258084230357781
19.1525,-2.2098,0.0532,,,,,,,,0.0037481236037473667,-0.0018059652065858245,1.0094922942016638e-07,0.0005005969433113933
19.1525,2.2098,0.0532,0.7148734331130981,-0.0059206024743616,-0.2011663913726806,0.0085581121966242,27.5235538482666,0.0822405591607093,0.0003145918017253,0.0037481236037473667,-0.0018059652065858245,1.0094922942016638e-07,0.0005005969433113933
19.5122,5.5822,0.0645,0.6296777725219727,-0.0009276234195567,0.0056275581009685,0.00405217660591,26.462337493896484,0.0441282764077186,0.000154360270244,0.002261932053372824,-0.0011284921783953905,6.103807681512308e-09,-7.47633384889923e-05
19.5122,-5.5822,0.0645,,,,,,,,0.002261932053372824,-0.0011284921783953905,6.103807681512308e-09,-7.47633384889923e-05
19.522,5.9417,0.0643,0.6156232953071594,-0.0006212668959051,0.0092512369155883,0.0039215753786265,26.46693992614746,0.0409177020192146,0.0001493239833507,0.002167685791924828,-0.0010812160326167941,2.333277571153758e-09,-7.541428203694522e-05
19.522,-5.9417,0.0643,,,,,,,,0.002167685791924828,-0.0010812160326167941,2.333277571153758e-09,-7.541428203694522e-05
19.5585,5.1179,0.0641,0.6442302465438843,-0.0012898566201329,-0.00068562180968,0.0042188703082501,26.623506546020508,0.0485916994512081,0.0001597319787833,0.00241856566630267,-0.0012076279381290078,1.313326247753821e-08,-6.324344576569274e-05
19.5585,-5.1179,0.0641,,,,,,,,0.00241856566630267,-0.0012076279381290078,1.313326247753821e-08,-6.324344576569274e-05
19.6198,0.7999,0.0608,0.577751100063324,0.0072782370261847,-0.1934591829776764,0.0077420882880687,26.06594467163086,0.0932883247733116,0.0003023839381057,0.0027251129315448435,-0.0013070094864815474,-1.8222876008167077e-07,0.0003850795910693705
19.6322,1.1503,0.0619,0.6291188597679138,0.0018744051922112,-0.2283989489078521,0.0088957343250513,23.83495330810547,0.0849894508719444,0.0003769009781535,0.003251897518316554,-0.0015349173918366432,-9.112991961046646e-08,0.0005364121170714498
19.6483,1.8024,0.0635,0.7039123177528381,-0.0049794879741966,-0.2230811566114425,0.0094212172552943,22.314489364624023,0.0799834728240966,0.0004266147734597,0.0037635183091052453,-0.0018010567873716354,5.785149781445398e-08,0.0005451714969240129
19.6709,4.044,0.0639,0.6906389594078064,-0.0030138124711811,-0.0272960402071476,0.0051578632555902,25.82718849182129,0.0604626834392547,0.0002017544175032,0.0028355184698392994,-0.0014175897231325507,3.123208713873282e-08,-2.192314059357159e-05
19.6754,1.4897,0.0625,0.6720423698425293,-0.002319901715964,-0.2333335876464843,0.0093674333766102,22.858678817749023,0.0809653997421264,0.0004133881593588,0.003587621971280087,-0.0016970074502751231,-5.6361941780380675e-09,0.0005813119350932539
19.7116,3.7771,0.0639,0.7090421319007874,-0.0040278593078255,-0.0396282188594341,0.0056479950435459,25.32893943786621,0.0638479143381118,0.0002253419224871,0.0031064196719131996,-0.0015530905220657587,5.533890501396854e-08,1.9251538105891086e-05
19.7886,3.0688,0.0618,0.7489007711410522,-0.0067755137570202,-0.0972537398338317,0.0072796884924173,24.667394638061523,0.0731696411967277,0.0002974543895106,0.003624842094993327,-0.001800696598365903,1.0834160235617674e-07,0.00020581982971634716
19.8037,-3.0774,0.0443,,,,,,,,0.003624842094993327,-0.001800696598365903,1.0834160235617674e-07,0.00020581982971634716
19.8038,-3.766,0.0426,,,,,,,,0.0031064196719131996,-0.0015530905220657587,5.533890501396854e-08,1.9251538105891086e-05
19.8075,-3.3164,0.0437,,,,,,,,0.0033913324882717207,-0.0016929859993979335,8.579087307225564e-08,9.530167881166562e-05
19.815,-4.0219,0.0419,,,,,,,,0.0028355184698392994,-0.0014175897231325507,3.123208713873282e-08,-2.192314059357159e-05
20.293,-5.2234,0.0357,,,,,,,,0.002368397107958937,-0.0011814367026090622,9.742604945017774e-09,-8.083027205429971e-05
20.3082,-5.4615,0.0353,,,,,,,,0.002368397107958937,-0.0011814367026090622,9.742604945017774e-09,-8.083027205429971e-05
20.3884,2.4743,0.0571,0.7577037215232849,-0.0064555169083178,-0.1484005451202392,0.0081012193113565,25.99588966369629,0.0746966004371643,0.0003157479513902,0.0038255460789012995,-0.0018896321998909116,1.0539159944755738e-07,0.0002966324973385781
20.4082,2.9214,0.0563,0.7564350962638855,-0.006138646043837,-0.100187212228775,0.0072769299149513,27.29025650024414,0.0714363455772399,0.0002699873584788,0.003674149946028806,-0.0018287590937688947,1.0116399096204987e-07,0.00017459846276324242
20.4087,3.3029,0.0567,0.7408833503723145,-0.005144742783159,-0.0629436075687408,0.0064645782113075,27.90169715881348,0.0671533644199371,0.0002346791443414,0.0034339404998714393,-0.0017155196983367205,7.957350334208968e-08,7.056201138766482e-05
20.5963,-2.2992,0.0421,,,,,,,,0.0038797118304678127,-0.0018953012768179178,8.989963617977992e-08,0.00041336912545375526
20.6458,-1.9179,0.0432,,,,,,,,0.0038301282874340383,-0.0018479741411283612,5.362620925097872e-08,0.0005024562124162912
20.6609,-1.5167,0.0441,,,,,,,,0.0036582285221115774,-0.001747802714817226,-6.127267582201057e-09,0.0005393001483753324
20.6642,-0.861,0.0469,,,,,,,,0.0028139309859285273,-0.0013606813736259937,-1.6997191210066376e-07,0.00035790790570899844
20.6689,-1.2122,0.0451,,,,,,,,0.003329296215081563,-0.0015880758874118328,-8.631528203295602e-08,0.0004990674206055701
20.9886,4.9156,0.0542,0.647776186466217,-0.0010838124435395,0.0121044553816318,0.00411441270262,31.68007469177246,0.0473854020237922,0.0001306422491325,0.002474324391740784,-0.00123440136667341,1.261354842796436e-08,-8.260487084044144e-05
21.0285,5.306,0.0541,0.6347426772117615,-0.0008527602185495,0.0181612502783536,0.0039638709276914,31.72994041442871,0.0440386086702346,0.0001256812247447,0.002394398684439925,-0.0011938897660002112,9.62313517760549e-09,-8.895780774764717e-05
21.1255,-7.055,0.0276,,,,,,,,0.0018437440169326378,-0.0009191184071823955,-8.523087124956419e-09,-7.119939255062491e-05
21.1255,7.055,0.0276,0.4943640828132629,0.0001553662877995,0.0248682145029306,0.0030340265948325,64.19351196289062,0.0323971919715404,4.787416764884256e-05,0.0018437440169326378,-0.0009191184071823955,-8.523087124956419e-09,-7.119939255062491e-05
21.2035,-5.9326,0.0274,,,,,,,,0.002210298165275608,-0.0011013236362487078,2.6367366068313913e-09,-9.187351679429412e-05
21.2035,5.9326,0.0274,0.5524060726165771,-0.0001807306543923,0.029140330851078,0.0035470454022288,68.79121398925781,0.0390228331089019,5.227225119597279e-05,0.002210298165275608,-0.0011013236362487078,2.6367366068313913e-09,-9.187351679429412e-05
21.21,-6.7273,0.0268,,,,,,,,0.001976173801654483,-0.0009847204200923443,-5.084720200443371e-09,-8.14948944025673e-05
21.21,6.7273,0.0268,0.5110272765159607,5.494261858984828e-05,0.0281838197261095,0.0031806202605366,67.91798400878906,0.0340583361685276,4.7485391405643895e-05,0.001976173801654483,-0.0009847204200923443,-5.084720200443371e-09,-8.14948944025673e-05
21.2198,-6.3605,0.0268,,,,,,,,0.002100945609398722,-0.0010467502288520336,-1.1619067930013216e-09,-8.835763583192602e-05
21.2198,6.3605,0.0268,0.5307257175445557,-5.416962812887505e-05,0.0296866688877344,0.0033573431428521,69.33755493164062,0.0362017825245857,4.91037244501058e-05,0.002100945609398722,-0.0010467502288520336,-1.1619067930013216e-09,-8.835763583192602e-05
21.2561,-5.1943,0.0284,,,,,,,,0.002394398684439925,-0.0011938897660002112,9.62313517760549e-09,-8.895780774764717e-05
21.2561,5.1943,0.0284,0.5837129950523376,-0.0003999828186351,0.0235476549714803,0.0038193385116755,67.05147552490234,0.0444186255335807,5.751739445258863e-05,0.002394398684439925,-0.0011938897660002112,9.62313517760549e-09,-8.895780774764717e-05
21.2722,-4.4806,0.0302,,,,,,,,0.0026952528340096556,-0.0013460947666317225,1.742712107954958e-08,-6.423269223887473e-05
21.2722,4.4806,0.0302,0.6171464920043945,-0.0006660980870947,0.0122632272541522,0.0041400613263249,63.0723876953125,0.050390426069498,6.652095908066258e-05,0.0026952528340096556,-0.0013460947666317225,1.742712107954958e-08,-6.423269223887473e-05
21.2728,-2.8416,0.0354,,,,,,,,0.0037211106346259713,-0.0018545701168477535,9.426769764786513e-08,0.00014911660400684923
21.2728,2.8416,0.0354,0.7411085963249207,-0.0035310871899127,-0.0873559191823005,0.0065376423299312,49.05080795288086,0.0675112307071685,0.0001356370194116,0.0037211106346259713,-0.0018545701168477535,9.426769764786513e-08,0.00014911660400684923
21.2743,-5.5942,0.0274,,,,,,,,0.002307480456498857,-0.0011500598629936576,6.002168095875504e-09,-9.208053961629048e-05
21.2743,5.5942,0.0274,0.5662086009979248,-0.0002753993030637,0.0276676435023546,0.0036729797720909,69.59271240234375,0.0413247011601924,5.351068830350414e-05,0.002307480456498857,-0.0011500598629936576,6.002168095875504e-09,-9.208053961629048e-05
21.2989,-2.065,0.0383,,,,,,,,0.0038864616987521364,-0.0018871310167014599,4.8836021449005784e-08,0.00046355437370948493
21.2989,2.065,0.0383,0.739414393901825,-0.0033053162042051,-0.1648026406764984,0.0073711574077606,42.27302169799805,0.0702684000134468,0.0001767097710398,0.0038864616987521364,-0.0018871310167014599,4.8836021449005784e-08,0.00046355437370948493
21.3207,-2.4595,0.0367,,,,,,,,0.0038761600912041298,-0.0019198398804292083,9.813835077920885e-08,0.0002652717230375856
21.3207,2.4595,0.0367,0.7483606934547424,-0.003711488796398,-0.1267783194780349,0.0070186583325266,45.68590545654297,0.0694188624620437,0.0001558195217512,0.0038761600912041298,-0.0019198398804292083,9.813835077920885e-08,0.0002652717230375856
21.3422,0.005,0.0455,0.4846160113811493,0.0061061242595314,-0.0010779958683997,0.0035641873255372,35.864871978759766,0.0963474661111831,0.0001004755613394,0.0016549784077775273,-0.0008271499536931515,-5.396281199665509e-10,-2.3692544345976785e-05
21.3694,-0.0649,0.0449,,,,,,,,0.0016549784077775273,-0.0008271499536931515,-5.396281199665509e-10,-2.3692544345976785e-05
21.3969,0.3787,0.0457,0.5402584075927734,0.0068852612748742,-0.081080138683319,0.0044703027233481,37.43939971923828,0.0906294137239456,0.0001203686042572,0.0022636937147656228,-0.0011254983255639672,-1.526359625358964e-07,0.00011971133790211752
21.42,0.826,0.0466,0.6307135820388794,0.0048974542878568,-0.1628113687038421,0.0062565323896706,35.71453094482422,0.0792549401521682,0.0001791921968106,0.0028902066921873033,-0.0014064436545595527,-1.5845667178382428e-07,0.000332023948431015
21.4358,-1.5577,0.0387,,,,,,,,0.003717594719027964,-0.0017902415711432695,-7.05354175067896e-09,0.0005001627141609788
21.4358,1.5577,0.0387,0.707601010799408,-0.0013460697373375,-0.1904510408639907,0.0072476314380764,41.42850112915039,0.0701075121760368,0.0001775754499249,0.003717594719027964,-0.0017902415711432695,-7.05354175067896e-09,0.0005001627141609788
21.4468,-0.7869,0.0409,,,,,,,,0.002953831560141899,-0.0014445357955992222,-1.4782578716676653e-07,0.0003075654967688024
21.4526,1.1674,0.0471,0.6774356961250305,0.0014484174316748,-0.1911509931087494,0.0072292261756956,33.25345993041992,0.0729530528187751,0.0002207531797466,0.003447912136205151,-0.0016693088691681623,-7.813920177568434e-08,0.0004306186456233263
21.4595,1.4673,0.0477,0.7096198201179504,-0.0011712831910699,-0.1952492296695709,0.0077574593015015,31.8891544342041,0.0702106580138206,0.0002458290837239,0.003765290525808508,-0.0018245684914290905,-8.374583693182558e-09,0.00046400754945352674
21.4847,-1.1711,0.0395,,,,,,,,0.003447912136205151,-0.0016693088691681623,-7.813920177568434e-08,0.0004306186456233263
21.6932,-5.3669,0.0248,,,,,,,,0.0024218475395333507,-0.00120717438403517,9.453560601002664e-09,-9.521755418973044e-05
21.7463,-5.176,0.0249,,,,,,,,0.002504300799668842,-0.0012489738874137402,1.2265108928488644e-08,-8.913390047382563e-05
21.8317,-5.9568,0.0223,,,,,,,,0.002234999114271456,-0.0011132120853289962,2.660877074234236e-09,-9.77962845354341e-05
22.5941,-3.4228,0.0254,,,,,,,,0.003559531339816492,-0.0017796095926314592,6.440563282694711e-08,2.356975710426923e-05
22.6449,-3.0031,0.0266,,,,,,,,0.0038037388777151762,-0.0018985499627888203,8.146677998865925e-08,0.00011231827375013381
23.4454,-4.5168,0.0181,,,,,,,,0.0026617871507161354,-0.0013278943952172995,1.282292405591079e-08,-8.929828618420288e-05
23.4454,4.5168,0.0181,0.57822585105896,-0.000287401897367,0.0253140684217214,0.0040550520643591,122.39078521728516,0.0429681278765201,3.3689168049022555e-05,0.0026617871507161354,-0.0013278943952172995,1.282292405591079e-08,-8.929828618420288e-05
23.4487,-5.9998,0.012,,,,,,,,0.0022868586108284483,-0.0011385510442778468,2.639071405852178e-09,-0.00010550874867476523
23.4487,5.9998,0.012,0.47458416223526,-4.558424552669749e-05,0.0366383641958236,0.0033132720272988,196.4113311767578,0.0345527082681655,1.7336755263386294e-05,0.0022868586108284483,-0.0011385510442778468,2.639071405852178e-09,-0.00010550874867476523
23.4515,-4.2614,0.019,,,,,,,,0.002800912325746089,-0.0013981470838189125,1.4493999778153466e-08,-8.038778469199315e-05
23.4515,4.2614,0.019,0.5997561812400818,-0.0003882691380567,0.0206960160285234,0.0042458605021238,115.9316864013672,0.0446540862321853,3.708507938426919e-05,0.002800912325746089,-0.0013981470838189125,1.4493999778153466e-08,-8.038778469199315e-05
23.4638,-4.8728,0.0167,,,,,,,,0.0025650598622346896,-0.0012788615422323346,1.1432053526050368e-08,-9.693389438325539e-05
23.4638,4.8728,0.0167,0.5536341667175293,-0.0002121584693668,0.0300679057836532,0.0038700283039361,133.79217529296875,0.040719199925661,2.945846972579602e-05,0.0025650598622346896,-0.0012788615422323346,1.1432053526050368e-08,-9.693389438325539e-05
23.4685,-5.245,0.015,,,,,,,,0.0024784766235949156,-0.0012349647004157305,9.00203911413655e-09,-0.00010282889707013965
23.4685,5.245,0.015,0.5282819867134094,-0.0001492740557296,0.03373559191823,0.0036998251453042,151.80487060546875,0.0385379754006862,2.4937800844782032e-05,0.0024784766235949156,-0.0012349647004157305,9.00203911413655e-09,-0.00010282889707013965
23.4795,-5.6401,0.0132,,,,,,,,0.0023868306740309543,-0.001188719761557877,5.913160183723676e-09,-0.00010576150089036673
23.4795,5.6401,0.0132,0.4998916983604431,-8.868759323377162e-05,0.0360545627772808,0.0035070423036813,175.59095764160156,0.0363407544791698,2.039051287283656e-05,0.0023868306740309543,-0.001188719761557877,5.913160183723676e-09,-0.00010576150089036673
24.0215,-1.9447,0.0254,,,,,,,,0.004005658895581017,-0.0019732527434825897,2.9475121010591465e-08,0.0003429276985116303
24.0215,1.9447,0.0254,0.738481879234314,-0.0013803171459585,-0.1299578100442886,0.0062897661700844,78.29569244384766,0.0543666221201419,8.148942288244143e-05,0.004005658895581017,-0.0019732527434825897,2.9475121010591465e-08,0.0003429276985116303
24.0392,-0.469,0.0266,,,,,,,,0.002488993882790169,-0.0012415075907483697,-1.1253014520207216e-07,8.62063025124371e-05
24.0532,-1.1898,0.0249,,,,,,,,0.003535961881742014,-0.001734166406095028,-6.855547951545304e-08,0.0003441271255724132
24.0826,-1.5568,0.025,,,,,,,,0.0038399433761807083,-0.0018835056107491255,-1.3273812271563656e-08,0.0003724216658156365
24.0826,1.5568,0.025,0.7159466743469238,-0.0004600365355145,-0.1458968073129654,0.0060088336467742,79.78658294677734,0.0543720237910747,7.623728743055835e-05,0.0038399433761807083,-0.0018835056107491255,-1.3273812271563656e-08,0.0003724216658156365
