x_mm,y_mm,z_mm,U,V,W,urms,vrms,wrms,uv,uw,uuu,vvv,www,uuv,uuw,uvv,uww
0.0,-250.0,28.0,31.82,-1.25,0.27,3.47,3.517,2.729,1.205,-2.612,-4.146,-1.142,1.832,-1.845,1.934,-1.215,-1.52
0.0,-250.0,38.0,33.89,-0.88,0.76,3.462,3.554,2.685,0.988,-2.814,-7.543,-1.935,5.36,-2.699,1.314,-1.558,-3.21
0.0,-250.0,58.0,36.87,1.99,1.3,3.511,3.138,2.555,1.455,-3.183,-24.908,-8.583,8.844,-3.01,5.915,-5.984,-7.305
0.0,-250.0,78.0,39.81,2.46,1.49,2.82,2.367,2.339,0.577,-2.168,-29.085,-4.448,9.261,-2.748,9.071,-7.323,-8.971
0.0,-250.0,98.0,41.76,2.32,1.64,1.593,1.584,1.71,0.11,-0.649,-6.11,-0.671,5.872,-0.479,3.063,-2.846,-2.772
0.0,-250.0,118.0,42.32,1.99,1.87,0.908,0.984,1.042,-0.005,-0.148,-0.43,-0.043,2.352,-0.246,0.765,-0.52,-0.473
0.0,-250.0,138.0,42.45,1.72,2.13,0.585,0.651,0.596,-0.064,-0.017,-0.002,-0.035,0.394,-0.135,0.097,0.043,0.038
0.0,-250.0,158.0,42.53,2.09,2.26,0.486,0.512,0.431,-0.082,-0.009,-0.051,-0.068,0.051,-0.158,0.022,0.06,-0.017
0.0,-250.0,178.0,42.55,2.18,2.46,0.455,0.456,0.343,-0.076,-0.001,-0.127,-0.055,-0.012,-0.129,-0.023,0.054,-0.004
0.0,-250.0,198.0,42.53,2.31,2.92,0.438,0.437,0.297,-0.062,-0.001,-0.037,-0.049,-0.011,-0.104,-0.008,0.039,-0.003
0.0,-250.0,218.0,42.47,2.88,3.34,0.441,0.428,0.283,-0.06,-0.003,-0.041,-0.058,-0.006,-0.101,-0.007,0.048,-0.002
0.0,-250.0,238.0,42.37,3.77,3.82,0.426,0.437,0.313,-0.059,-0.002,-0.042,-0.053,-0.008,-0.104,-0.01,0.046,-0.002
0.0,-250.0,258.0,42.27,4.92,3.86,0.428,0.403,0.293,-0.059,-0.001,-0.032,-0.061,-0.009,-0.087,-0.008,0.047,-0.003
0.0,-250.0,278.0,42.11,6.19,3.44,0.421,0.416,0.291,-0.07,-0.002,-0.039,-0.059,-0.008,-0.104,-0.008,0.054,-0.003
0.0,-250.0,298.0,41.91,6.92,2.46,0.392,0.402,0.296,-0.079,-0.003,-0.031,-0.066,-0.009,-0.106,-0.007,0.06,-0.002
0.0,-250.0,318.0,41.74,7.09,1.25,0.374,0.395,0.263,-0.09,-0.006,-0.032,-0.066,-0.003,-0.115,-0.008,0.067,-0.003
0.0,-250.0,338.0,41.66,6.8,0.13,0.374,0.41,0.264,-0.102,-0.008,-0.019,-0.084,-0.008,-0.135,-0.008,0.082,0.0
0.0,-250.0,358.0,41.58,6.24,-0.74,0.363,0.415,0.248,-0.101,-0.006,-0.027,-0.075,-0.004,-0.138,-0.004,0.074,-0.001
0.0,-250.0,378.0,41.53,5.63,-1.32,0.358,0.44,0.255,-0.11,-0.005,-0.027,-0.086,-0.012,-0.145,-0.006,0.09,-0.001
0.0,-250.0,398.0,41.51,4.97,-1.64,0.358,0.405,0.267,-0.103,-0.007,-0.026,-0.087,-0.012,-0.143,-0.003,0.09,-0.001
0.0,-250.0,418.0,41.49,4.48,-1.72,0.352,0.432,0.27,-0.106,-0.008,-0.029,-0.094,-0.01,-0.152,-0.004,0.098,-0.002
0.0,-250.0,438.0,41.48,3.94,-1.85,0.352,0.441,0.27,-0.105,-0.008,-0.03,-0.093,-0.008,-0.149,-0.005,0.088,-0.002
0.0,-250.0,488.0,41.46,3.29,-1.89,0.35,0.437,0.269,-0.11,-0.006,-0.035,-0.098,-0.009,-0.162,-0.006,0.104,-0.001
0.0,-250.0,538.0,41.44,2.29,-1.69,0.35,0.451,0.257,-0.099,-0.005,-0.03,-0.103,-0.009,-0.158,-0.006,0.098,-0.002
0.0,-220.0,28.0,32.63,-1.22,-1.32,3.417,4.071,3.059,-1.481,-2.174,-6.459,10.244,0.711,4.08,0.979,-7.958,-1.243
0.0,-220.0,38.0,34.06,-0.85,-1.03,3.541,3.697,3.074,-0.955,-2.645,-12.416,17.599,5.456,6.382,3.741,-9.145,-2.729
0.0,-220.0,58.0,37.73,1.49,-0.22,3.176,2.769,3.159,-0.916,-2.522,-13.465,-3.012,16.377,0.64,7.279,-5.214,-7.992
0.0,-220.0,78.0,40.55,1.93,0.19,2.425,2.083,2.336,-0.778,-1.421,-9.924,3.852,5.235,2.375,3.641,-4.689,-3.549
0.0,-220.0,98.0,42.08,1.66,0.87,1.523,1.417,1.617,-0.298,-0.708,-2.506,1.631,3.459,0.769,2.003,-1.562,-1.455
0.0,-220.0,118.0,42.63,1.43,1.49,0.91,0.905,0.981,-0.048,-0.18,-0.181,0.142,1.284,-0.038,0.412,-0.257,-0.183
0.0,-220.0,138.0,42.76,1.44,2.17,0.625,0.611,0.624,-0.016,-0.055,-0.045,-0.099,0.231,-0.031,0.079,-0.02,-0.05
0.0,-220.0,158.0,42.83,1.52,2.64,0.51,0.503,0.443,0.0,-0.007,-0.041,-0.058,-0.006,-0.041,-0.002,0.004,-0.003
0.0,-220.0,178.0,42.87,1.56,3.06,0.515,0.492,0.355,-0.01,-0.004,-0.057,-0.044,-0.006,-0.036,-0.006,0.015,-0.001
0.0,-220.0,198.0,42.86,1.59,3.61,0.512,0.482,0.332,-0.013,0.005,-0.044,-0.066,-0.002,-0.038,-0.009,0.02,0.0
0.0,-220.0,218.0,42.77,1.99,4.51,0.514,0.49,0.308,-0.008,0.004,-0.058,-0.074,-0.014,-0.043,-0.011,0.016,-0.002
0.0,-220.0,238.0,42.62,3.19,5.81,0.529,0.478,0.29,-0.006,0.008,-0.056,-0.074,-0.004,-0.042,-0.009,0.019,-0.002
0.0,-220.0,258.0,42.48,5.77,7.09,0.45,0.451,0.263,-0.004,0.005,-0.048,-0.053,-0.006,-0.043,-0.008,0.016,-0.003
0.0,-220.0,278.0,42.21,8.97,6.41,0.43,0.416,0.3,-0.034,-0.003,-0.035,-0.056,-0.009,-0.046,-0.011,0.03,-0.003
0.0,-220.0,298.0,41.79,10.33,3.68,0.398,0.425,0.322,-0.054,-0.009,-0.031,-0.065,-0.007,-0.043,-0.006,0.029,-0.002
0.0,-220.0,318.0,41.47,9.89,1.19,0.373,0.417,0.286,-0.079,-0.012,-0.041,-0.057,-0.002,-0.051,-0.002,0.033,-0.003
0.0,-220.0,338.0,41.36,8.76,-0.46,0.36,0.416,0.274,-0.087,-0.012,-0.036,-0.083,-0.003,-0.065,-0.002,0.047,-0.001
0.0,-220.0,358.0,41.35,7.52,-1.53,0.359,0.419,0.279,-0.085,-0.011,-0.036,-0.073,-0.011,-0.078,-0.002,0.052,-0.002
0.0,-220.0,378.0,41.4,6.5,-2.16,0.362,0.423,0.293,-0.081,-0.008,-0.036,-0.09,-0.009,-0.066,-0.007,0.053,-0.002
0.0,-220.0,398.0,41.43,5.59,-2.42,0.35,0.428,0.283,-0.079,-0.008,-0.037,-0.088,-0.008,-0.067,-0.004,0.057,-0.003
0.0,-220.0,418.0,41.47,4.97,-2.65,0.358,0.431,0.283,-0.082,-0.007,-0.039,-0.107,-0.017,-0.064,-0.01,0.065,-0.006
0.0,-220.0,438.0,41.5,4.34,-2.62,0.352,0.45,0.27,-0.076,-0.007,-0.032,-0.117,-0.005,-0.072,-0.005,0.062,-0.002
0.0,-220.0,488.0,41.5,3.11,-2.31,0.351,0.466,0.273,-0.08,-0.007,-0.031,-0.124,-0.007,-0.059,-0.005,0.074,-0.003
0.0,-220.0,538.0,41.49,2.26,-2.04,0.348,0.473,0.271,-0.077,-0.006,-0.033,-0.129,-0.009,-0.075,-0.004,0.069,-0.002
0.0,-200.0,28.0,31.27,-0.58,-1.49,3.853,3.677,3.572,4.94,-3.068,0.886,-8.396,-7.157,5.549,-6.351,1.387,-0.534
0.0,-200.0,38.0,31.65,-0.21,-2.31,4.408,4.05,3.657,9.723,-4.589,12.753,-10.503,-10.263,7.553,-18.416,3.279,4.561
0.0,-200.0,58.0,36.74,0.58,-2.28,3.599,2.125,3.034,2.057,-0.829,-21.079,-2.853,-4.214,-7.898,-5.006,-4.316,-5.574
0.0,-200.0,78.0,37.23,0.86,-0.16,3.38,1.997,2.684,2.338,0.419,-19.466,-3.265,-9.308,-5.807,-4.155,-3.699,-4.281
0.0,-200.0,98.0,36.14,0.92,1.04,3.418,1.993,2.579,2.566,0.431,-16.861,-2.548,-4.542,-4.521,-1.851,-3.216,-2.755
0.0,-200.0,118.0,34.85,0.93,1.87,3.33,1.988,2.447,2.787,0.385,-8.573,-1.496,-1.91,-3.47,-1.208,-2.043,-0.947
0.0,-200.0,138.0,34.17,0.97,2.43,3.276,1.969,2.369,2.693,0.249,-7.225,-1.101,-0.916,-2.516,-0.57,-1.558,-1.0
0.0,-200.0,158.0,33.93,1.07,2.78,3.175,1.969,2.266,2.515,0.397,-6.661,-0.887,-0.792,-2.496,-0.523,-1.006,-1.056
0.0,-200.0,178.0,34.81,1.22,3.23,3.086,1.898,2.207,2.401,0.203,-8.618,-1.353,-0.844,-3.034,-0.167,-1.665,-1.392
0.0,-200.0,198.0,34.15,1.11,3.9,3.161,1.957,2.251,2.625,0.32,-6.445,-1.213,-0.363,-2.847,0.034,-1.639,-0.991
0.0,-200.0,218.0,35.14,1.0,5.02,3.105,1.948,2.185,2.547,0.29,-10.276,-1.177,-0.546,-2.052,-0.948,-1.297,-2.003
0.0,-200.0,238.0,34.99,0.91,7.09,3.186,1.997,2.189,2.661,0.144,-10.904,-1.559,-0.712,-3.627,-0.755,-1.912,-2.348
0.0,-200.0,258.0,37.99,5.19,12.58,2.605,1.847,1.765,1.865,-0.455,-11.169,-2.478,0.942,-3.659,0.963,-2.44,-2.232
0.0,-200.0,278.0,42.24,13.9,10.9,0.677,0.607,0.578,0.003,-0.033,-0.162,-0.139,0.177,-0.032,0.083,-0.035,-0.063
0.0,-200.0,298.0,41.34,14.95,3.91,0.395,0.426,0.384,-0.013,-0.019,-0.043,-0.058,-0.005,-0.01,-0.005,-0.01,-0.001
0.0,-200.0,318.0,40.94,12.36,-0.24,0.383,0.429,0.33,-0.019,-0.019,-0.035,-0.051,-0.004,-0.009,-0.002,-0.008,-0.002
0.0,-200.0,338.0,41.03,9.99,-2.01,0.378,0.415,0.307,-0.019,-0.016,-0.045,-0.04,-0.01,-0.007,-0.001,-0.003,-0.002
0.0,-200.0,358.0,41.09,8.3,-2.57,0.37,0.409,0.294,-0.018,-0.012,-0.043,-0.041,-0.007,-0.007,-0.003,-0.006,-0.002
0.0,-200.0,378.0,41.24,6.91,-2.8,0.364,0.377,0.28,-0.016,-0.011,-0.039,-0.041,-0.005,-0.01,-0.002,-0.003,-0.002
0.0,-200.0,398.0,41.34,5.81,-2.97,0.355,0.394,0.276,-0.015,-0.008,-0.033,-0.036,-0.005,-0.01,-0.003,-0.004,-0.002
0.0,-200.0,418.0,41.41,5.21,-2.98,0.359,0.38,0.261,-0.015,-0.008,-0.036,-0.038,-0.007,-0.004,-0.003,-0.004,-0.002
0.0,-200.0,438.0,41.46,4.42,-2.95,0.354,0.394,0.258,-0.015,-0.008,-0.032,-0.042,-0.005,-0.007,-0.003,-0.003,-0.001
0.0,-200.0,488.0,41.48,3.05,-2.61,0.347,0.375,0.262,-0.021,-0.007,-0.034,-0.037,-0.006,-0.018,-0.002,0.002,-0.002
0.0,-200.0,538.0,41.47,2.3,-2.06,0.349,0.397,0.263,-0.035,-0.007,-0.038,-0.042,-0.009,-0.027,-0.006,0.007,-0.002
0.0,-190.0,243.0,0.86,0.62,2.37,3.534,3.094,3.19,1.742,-7.649,43.937,-25.077,-23.796,0.928,-27.476,12.164,20.717
0.0,-190.0,248.0,9.59,-4.27,0.78,6.75,5.885,5.424,-11.279,-20.872,88.498,-66.56,-42.876,-71.601,-30.36,38.11,24.98
0.0,-190.0,253.0,24.8,-5.36,-0.45,7.054,5.741,4.874,-17.206,-15.289,-97.598,19.057,30.682,1.402,39.189,-24.658,-27.943
0.0,-190.0,258.0,34.86,-3.89,0.91,5.468,4.811,4.281,-10.631,-7.093,-78.557,42.391,16.622,18.908,27.162,-22.264,-27.662
0.0,-190.0,268.0,38.2,6.77,10.39,5.566,5.927,4.136,-17.237,-5.909,-73.977,77.381,4.404,38.617,11.016,-47.309,-14.156
0.0,-190.0,273.0,31.55,15.62,15.63,4.986,5.245,4.265,-5.247,-2.912,31.104,-75.751,-14.055,-29.547,-12.009,39.931,6.191
0.0,-190.0,278.0,35.63,19.61,15.38,3.564,2.508,2.686,2.413,-2.449,-29.084,-16.822,10.306,-7.072,7.569,-7.772,-6.915
0.0,-190.0,283.0,39.35,20.96,11.39,2.117,1.218,1.862,0.561,-1.193,-8.394,-1.493,5.21,-1.694,2.901,-1.248,-3.192
0.0,-190.0,288.0,41.09,20.57,7.64,0.913,0.65,0.983,0.027,-0.225,-1.178,-0.164,1.422,-0.087,0.736,-0.06,-0.624
0.0,-190.0,298.0,40.68,18.23,2.72,0.417,0.48,0.436,-0.016,-0.029,-0.028,-0.051,-0.007,-0.02,0.004,-0.013,-0.002
0.0,-190.0,308.0,40.45,15.67,-0.11,0.387,0.436,0.367,-0.019,-0.026,-0.027,-0.036,-0.002,-0.015,0.001,-0.01,-0.003
0.0,-190.0,318.0,40.44,13.55,-1.72,0.384,0.419,0.353,-0.018,-0.023,-0.027,-0.036,-0.012,-0.016,-0.002,-0.009,0.0
0.0,-190.0,328.0,40.6,11.85,-2.69,0.375,0.413,0.32,-0.026,-0.019,-0.027,-0.034,-0.002,-0.012,-0.002,-0.006,-0.001
0.0,-190.0,338.0,40.76,10.47,-3.17,0.376,0.403,0.29,-0.026,-0.018,-0.032,-0.04,-0.007,-0.007,0.001,-0.003,-0.002
0.0,-190.0,348.0,40.85,9.34,-3.36,0.376,0.377,0.292,-0.021,-0.014,-0.039,-0.031,-0.009,-0.011,-0.001,-0.002,-0.002
0.0,-190.0,368.0,41.06,7.73,-3.46,0.364,0.394,0.296,-0.025,-0.015,-0.037,-0.028,-0.011,-0.01,-0.002,-0.002,-0.002
0.0,-190.0,388.0,41.22,6.42,-3.42,0.36,0.381,0.286,-0.022,-0.011,-0.036,-0.035,-0.01,-0.007,-0.002,-0.003,-0.002
0.0,-190.0,413.0,41.35,5.32,-3.28,0.355,0.377,0.276,-0.018,-0.009,-0.032,-0.027,-0.011,-0.008,-0.006,-0.004,0.001
0.0,-190.0,438.0,41.44,4.42,-3.15,0.347,0.387,0.265,-0.018,-0.007,-0.035,-0.037,-0.012,-0.007,-0.003,-0.003,-0.003
0.0,-190.0,488.0,41.46,3.03,-2.74,0.347,0.372,0.259,-0.017,-0.007,-0.031,-0.031,-0.005,-0.009,-0.002,-0.003,-0.002
0.0,-190.0,538.0,41.45,2.29,-2.22,0.356,0.395,0.266,-0.014,-0.008,-0.1,-0.033,-0.006,-0.01,0.001,-0.003,-0.001
0.0,-185.0,268.0,45.91,6.43,9.99,3.022,3.432,2.402,0.372,-1.658,-1.474,18.493,-7.237,3.547,-1.446,-1.115,0.727
0.0,-185.0,273.0,44.83,14.62,9.05,4.567,4.662,3.835,-8.715,2.781,-68.786,59.84,-35.626,50.572,-33.895,-43.77,-22.947
0.0,-185.0,278.0,34.97,21.42,12.45,5.887,5.136,4.07,-10.821,-0.376,21.34,-28.425,-5.702,-35.426,-4.641,26.379,-3.612
0.0,-185.0,283.0,34.47,24.85,11.94,3.504,2.538,2.869,1.854,-2.272,-19.37,-17.196,9.265,-3.811,4.899,-4.235,-6.18
0.0,-180.0,243.0,14.46,-5.09,-5.54,4.929,5.519,4.449,-7.734,-11.723,-19.772,1.799,1.002,5.833,3.863,-11.417,-7.367
0.0,-180.0,248.0,35.47,-11.94,-6.98,3.62,3.432,3.203,-2.959,-6.112,-35.267,21.449,16.507,10.72,19.041,-13.954,-16.264
0.0,-180.0,253.0,42.66,-12.99,-4.37,2.641,2.597,2.527,0.621,-0.419,-3.71,2.035,0.382,0.191,-0.615,-2.585,-1.799
0.0,-180.0,258.0,42.7,-13.6,2.28,2.926,2.791,2.213,1.26,0.266,-4.421,2.921,-0.714,0.033,-0.37,0.188,-0.898
0.0,-180.0,268.0,44.05,6.47,14.76,2.682,3.151,2.381,-0.726,-1.702,0.46,-0.884,0.662,0.81,-0.753,-1.465,0.75
0.0,-180.0,273.0,43.4,20.45,14.65,2.816,3.016,2.476,-0.577,-1.017,1.137,5.735,-5.82,2.657,-2.055,2.023,0.795
0.0,-180.0,278.0,42.68,24.61,8.64,4.578,3.913,4.116,-6.442,3.004,-56.723,23.816,-44.689,30.921,-30.833,-26.9,-21.976
0.0,-180.0,283.0,34.23,27.83,8.7,5.452,3.856,4.012,-3.395,3.585,14.485,-23.656,-10.291,-16.45,-1.808,14.938,-7.053
0.0,-180.0,288.0,34.81,27.3,5.48,2.958,1.538,2.819,0.752,-2.727,-15.192,-1.372,13.175,-2.092,5.532,-2.593,-6.07
0.0,-180.0,298.0,39.51,21.13,-0.77,0.45,0.531,0.568,-0.026,-0.041,-0.018,-0.074,0.094,-0.025,0.035,-0.024,-0.008
0.0,-180.0,308.0,39.68,17.12,-2.93,0.356,0.445,0.39,-0.028,-0.031,-0.016,-0.057,-0.004,-0.014,0.0,-0.011,-0.003
0.0,-180.0,318.0,39.88,14.32,-3.88,0.353,0.441,0.362,-0.028,-0.028,-0.016,-0.047,-0.006,-0.015,-0.002,-0.007,-0.002
0.0,-180.0,328.0,40.21,12.31,-4.36,0.374,0.423,0.327,-0.023,-0.024,-0.021,-0.043,-0.002,-0.013,0.0,-0.005,-0.002
0.0,-180.0,338.0,40.49,10.68,-4.58,0.372,0.399,0.301,-0.027,-0.02,-0.025,-0.044,-0.001,-0.011,-0.002,-0.002,-0.002
0.0,-180.0,348.0,40.65,9.49,-4.65,0.378,0.388,0.291,-0.025,-0.015,-0.026,-0.029,-0.003,-0.013,-0.003,-0.006,-0.002
0.0,-180.0,368.0,40.94,7.72,-4.48,0.37,0.404,0.306,-0.027,-0.015,-0.032,-0.026,-0.006,-0.01,-0.003,-0.002,-0.003
0.0,-180.0,388.0,41.17,6.44,-4.23,0.358,0.389,0.289,-0.022,-0.01,-0.035,-0.036,-0.004,-0.008,-0.001,-0.001,-0.001
0.0,-180.0,413.0,41.31,5.24,-3.78,0.356,0.366,0.286,-0.021,-0.01,-0.036,-0.028,-0.008,-0.009,-0.003,-0.001,0.0
0.0,-180.0,438.0,41.44,4.42,-3.45,0.349,0.386,0.277,-0.02,-0.009,-0.03,-0.037,-0.01,-0.011,-0.003,-0.001,-0.001
0.0,-180.0,488.0,41.45,3.04,-2.9,0.344,0.374,0.251,-0.019,-0.006,-0.029,-0.029,-0.005,-0.008,-0.005,-0.001,-0.002
0.0,-180.0,538.0,41.44,2.28,-2.42,0.346,0.388,0.271,-0.018,-0.005,-0.031,-0.031,-0.011,-0.01,-0.006,-0.004,-0.005
0.0,-175.0,268.0,50.16,8.41,15.21,2.801,4.263,2.561,-1.017,-1.105,-4.806,-0.631,1.457,3.357,1.549,-1.82,-1.359
0.0,-175.0,273.0,45.93,30.48,13.49,2.902,2.445,2.579,-1.224,-0.846,-2.981,0.679,1.515,1.288,0.208,-0.371,-0.565
0.0,-175.0,278.0,40.25,30.98,6.11,2.93,2.763,3.158,-0.154,-0.84,2.93,4.765,-22.699,3.463,-5.573,-1.711,-0.095
0.0,-175.0,283.0,37.46,29.66,2.4,5.327,4.049,4.618,-4.911,6.515,-73.504,-10.192,-27.634,-15.027,-27.899,2.183,-26.565
0.0,-170.0,243.0,23.0,-14.89,-9.11,4.477,4.247,4.049,-3.415,-12.139,-27.028,17.934,26.876,13.79,20.12,-16.742,-19.79
0.0,-170.0,248.0,39.17,-17.3,-13.57,2.606,1.735,3.002,0.24,0.047,-5.345,-0.682,-2.167,-0.608,-0.243,-0.227,-4.562
0.0,-170.0,253.0,38.96,-21.14,-12.43,3.15,1.855,3.08,0.438,1.705,-8.733,-0.347,-2.186,-0.355,-2.496,-1.35,-1.685
0.0,-170.0,258.0,38.08,-23.63,-11.15,2.951,2.527,3.379,1.053,-1.438,-0.757,0.053,0.53,0.5,-0.285,0.447,-0.591
0.0,-170.0,278.0,36.85,31.79,-6.94,2.854,2.974,3.464,0.826,0.023,2.665,-9.103,-26.83,-3.991,-4.16,-3.304,0.769
0.0,-170.0,288.0,30.06,29.19,-5.97,3.385,2.123,3.365,0.823,-1.286,-8.89,0.94,12.315,-1.265,5.145,-3.207,0.899
0.0,-170.0,298.0,37.9,21.62,-6.89,0.579,0.575,0.766,-0.101,-0.112,-0.156,-0.046,0.741,0.003,0.237,-0.005,-0.221
0.0,-170.0,308.0,38.82,17.19,-6.73,0.375,0.462,0.37,-0.081,-0.036,-0.022,-0.058,0.003,-0.015,0.004,0.013,-0.006
0.0,-170.0,318.0,39.38,14.23,-6.53,0.348,0.447,0.329,-0.07,-0.029,-0.026,-0.051,-0.006,-0.012,0.001,0.011,-0.004
0.0,-170.0,328.0,39.85,12.25,-6.3,0.346,0.421,0.307,-0.055,-0.024,-0.018,-0.045,-0.006,-0.01,-0.002,0.008,-0.001
0.0,-170.0,338.0,40.21,10.61,-6.12,0.362,0.401,0.293,-0.053,-0.02,-0.024,-0.046,-0.006,-0.015,-0.003,0.009,-0.001
0.0,-170.0,348.0,40.44,9.4,-5.93,0.375,0.389,0.29,-0.048,-0.019,-0.027,-0.035,-0.005,-0.019,-0.002,0.009,-0.002
0.0,-170.0,368.0,40.84,7.57,-5.46,0.372,0.395,0.265,-0.045,-0.015,-0.031,-0.027,-0.007,-0.013,-0.001,0.008,-0.002
0.0,-170.0,388.0,41.11,6.35,-5.01,0.363,0.39,0.249,-0.044,-0.012,-0.035,-0.036,-0.004,-0.017,-0.002,0.007,-0.002
0.0,-170.0,413.0,41.27,5.21,-4.41,0.355,0.365,0.282,-0.037,-0.011,-0.038,-0.032,-0.005,-0.013,-0.002,0.008,-0.001
0.0,-170.0,438.0,41.45,4.31,-3.89,0.364,0.391,0.3,-0.037,-0.01,-0.034,-0.034,-0.01,-0.011,-0.006,0.006,-0.002
0.0,-170.0,488.0,41.45,2.99,-3.1,0.349,0.367,0.255,-0.031,-0.007,-0.032,-0.031,-0.009,-0.017,-0.005,0.004,-0.001
0.0,-170.0,538.0,41.44,2.16,-2.58,0.352,0.391,0.267,-0.027,-0.009,-0.03,-0.027,-0.006,-0.019,-0.002,0.004,-0.001
0.0,-160.0,243.0,27.31,-13.42,-12.4,3.865,3.331,3.411,-1.518,-8.417,-26.915,11.29,24.906,9.77,19.906,-15.324,-20.026
0.0,-160.0,248.0,38.11,-14.32,-19.14,2.322,1.333,2.763,0.12,-0.247,-5.095,-0.089,-0.547,0.897,-0.154,-0.452,-6.017
0.0,-160.0,253.0,37.18,-16.83,-23.02,2.957,1.531,3.047,-0.574,1.891,-15.834,0.573,-10.188,1.114,-6.459,-1.576,-5.384
0.0,-160.0,258.0,31.98,-17.81,-26.77,3.042,2.27,2.885,-1.178,-0.085,-4.208,5.863,0.799,0.22,0.033,0.299,-0.775
0.0,-160.0,268.0,31.23,5.08,-36.18,3.105,4.107,2.564,1.743,-0.163,-0.467,-19.787,5.557,-6.294,1.138,-7.135,-0.62
0.0,-160.0,278.0,30.0,21.02,-25.82,4.289,3.687,3.422,1.473,3.17,-21.659,1.088,-9.963,-0.261,-7.122,-1.323,-9.532
0.0,-160.0,288.0,31.24,23.09,-18.06,2.633,1.788,2.417,-0.664,-3.004,-12.29,6.867,9.58,2.633,6.456,-2.95,-5.896
0.0,-160.0,298.0,36.95,18.93,-12.94,0.468,0.526,0.523,-0.11,-0.078,-0.075,-0.057,0.226,-0.036,0.083,0.024,-0.087
0.0,-160.0,308.0,38.12,15.77,-10.48,0.364,0.464,0.341,-0.09,-0.039,-0.015,-0.036,-0.002,-0.032,0.003,0.019,-0.004
0.0,-160.0,318.0,39.0,13.41,-9.09,0.371,0.409,0.299,-0.07,-0.033,-0.028,-0.037,-0.004,-0.025,0.004,0.018,-0.004
0.0,-160.0,328.0,39.58,11.71,-8.22,0.345,0.408,0.305,-0.066,-0.024,-0.028,-0.029,-0.006,-0.025,0.001,0.014,-0.001
0.0,-160.0,338.0,39.97,10.3,-7.62,0.359,0.405,0.292,-0.06,-0.02,-0.02,-0.039,-0.01,-0.024,0.0,0.017,0.0
0.0,-160.0,348.0,40.26,9.15,-7.17,0.367,0.379,0.264,-0.053,-0.017,-0.022,-0.032,-0.009,-0.017,-0.002,0.012,-0.004
0.0,-160.0,368.0,40.74,7.37,-6.34,0.368,0.373,0.273,-0.05,-0.017,-0.036,-0.024,-0.006,-0.023,-0.001,0.01,-0.002
0.0,-160.0,388.0,41.07,6.13,-5.64,0.362,0.38,0.265,-0.046,-0.012,-0.032,-0.031,-0.008,-0.021,-0.001,0.011,-0.002
0.0,-160.0,413.0,41.24,5.14,-5.06,0.366,0.368,0.261,-0.04,-0.011,-0.034,-0.034,-0.007,-0.018,-0.002,0.003,-0.002
0.0,-160.0,438.0,41.43,4.22,-4.41,0.353,0.388,0.284,-0.038,-0.01,-0.036,-0.035,-0.006,-0.018,-0.003,0.007,-0.002
0.0,-160.0,488.0,41.45,2.93,-3.3,0.346,0.366,0.262,-0.034,-0.008,-0.031,-0.031,-0.01,-0.021,-0.002,0.009,-0.001
0.0,-160.0,538.0,41.45,2.1,-2.71,0.35,0.388,0.263,-0.031,-0.007,-0.035,-0.029,-0.008,-0.018,-0.003,0.003,-0.004
0.0,-150.0,243.0,28.32,-8.86,-14.26,3.773,3.319,3.434,0.618,-8.069,-34.331,1.861,25.614,-1.043,23.491,-16.329,-21.801
0.0,-150.0,248.0,36.04,-7.86,-19.87,1.98,1.489,2.287,0.627,-1.216,-6.057,-0.832,7.071,-0.356,3.944,-0.556,-4.648
0.0,-150.0,253.0,37.75,-7.0,-24.09,1.615,1.144,1.797,-0.214,0.433,-3.53,0.996,-2.199,1.037,-2.141,-0.849,-2.686
0.0,-150.0,258.0,35.98,-6.08,-27.89,2.24,1.64,2.148,-1.207,1.049,-10.962,3.948,-8.564,4.096,-4.488,-3.009,-3.936
0.0,-150.0,268.0,31.0,4.85,-32.34,2.964,2.477,2.017,-2.201,-0.858,-14.101,12.419,-0.179,6.706,1.834,-7.064,-2.469
0.0,-150.0,278.0,31.57,13.31,-28.8,2.49,1.944,1.589,-0.979,-1.75,-13.2,10.889,1.57,3.783,3.934,-4.56,-2.993
0.0,-150.0,288.0,35.22,15.71,-21.44,0.864,0.634,0.753,-0.053,-0.245,-1.086,0.348,0.547,0.079,0.547,-0.057,-0.41
0.0,-150.0,298.0,36.86,15.08,-16.18,0.394,0.455,0.347,-0.065,-0.031,-0.022,-0.041,-0.002,-0.012,0.003,0.013,-0.005
0.0,-150.0,308.0,37.96,13.55,-13.08,0.365,0.429,0.301,-0.061,-0.028,-0.006,-0.037,-0.003,-0.031,-0.002,0.017,-0.004
0.0,-150.0,318.0,38.82,12.14,-11.14,0.376,0.423,0.283,-0.057,-0.024,-0.027,-0.034,-0.005,-0.028,0.001,0.02,-0.004
0.0,-150.0,328.0,39.43,10.86,-9.86,0.349,0.393,0.297,-0.059,-0.021,-0.028,-0.045,-0.009,-0.024,-0.002,0.021,-0.003
0.0,-150.0,338.0,39.84,9.67,-8.99,0.349,0.389,0.275,-0.055,-0.018,-0.021,-0.034,-0.003,-0.036,0.001,0.019,-0.003
0.0,-150.0,348.0,40.17,8.72,-8.23,0.362,0.388,0.294,-0.053,-0.019,-0.02,-0.044,-0.006,-0.039,-0.003,0.021,-0.003
0.0,-150.0,368.0,40.67,7.11,-7.17,0.376,0.36,0.26,-0.053,-0.015,-0.033,-0.033,-0.008,-0.045,-0.003,0.02,-0.002
0.0,-150.0,388.0,41.01,5.89,-6.38,0.37,0.379,0.279,-0.051,-0.013,-0.04,-0.032,-0.008,-0.034,-0.004,0.017,-0.003
0.0,-150.0,413.0,41.24,4.98,-5.51,0.364,0.364,0.273,-0.044,-0.012,-0.043,-0.035,-0.013,-0.034,-0.004,0.015,-0.003
0.0,-150.0,438.0,41.41,4.11,-4.82,0.353,0.387,0.259,-0.042,-0.01,-0.036,-0.034,-0.004,-0.036,-0.001,0.01,-0.003
0.0,-150.0,488.0,41.47,2.88,-3.59,0.349,0.362,0.276,-0.036,-0.009,-0.035,-0.03,-0.008,-0.035,-0.006,0.007,-0.002
0.0,-150.0,538.0,41.47,2.02,-2.86,0.349,0.389,0.254,-0.035,-0.009,-0.035,-0.027,-0.007,-0.024,-0.003,0.007,-0.002
0.0,-140.0,243.0,28.31,-4.0,-14.07,3.983,3.422,3.56,1.717,-8.785,-31.651,-6.683,22.284,-2.735,18.967,-8.031,-18.465
0.0,-140.0,248.0,34.52,-2.72,-18.55,2.064,1.563,1.992,0.158,-0.843,-6.213,-4.821,11.313,-3.608,5.393,-3.153,-5.815
0.0,-140.0,253.0,36.16,-1.37,-21.35,1.589,1.527,1.73,0.772,-0.845,-4.094,-2.407,6.085,-1.398,2.392,-0.503,-2.318
0.0,-140.0,258.0,37.14,0.37,-23.6,0.919,1.101,1.071,0.103,-0.217,-0.73,-1.74,2.56,-0.368,0.802,-0.191,-0.783
0.0,-140.0,268.0,36.15,5.63,-25.48,0.697,0.579,0.716,-0.04,0.025,-0.458,0.113,0.163,0.059,-0.127,-0.061,-0.086
0.0,-140.0,278.0,35.85,9.37,-24.04,0.518,0.515,0.523,-0.038,0.0,-0.074,-0.006,0.084,0.016,0.022,-0.012,-0.006
0.0,-140.0,288.0,36.39,11.45,-20.63,0.424,0.455,0.39,-0.038,-0.011,-0.004,-0.023,0.011,-0.014,0.0,0.001,-0.001
0.0,-140.0,298.0,37.31,11.86,-17.17,0.389,0.437,0.323,-0.041,-0.019,-0.027,-0.024,0.003,-0.015,0.001,0.001,-0.002
0.0,-140.0,308.0,38.13,11.4,-14.46,0.374,0.401,0.325,-0.035,-0.021,-0.007,-0.025,-0.002,-0.012,-0.001,0.002,-0.001
0.0,-140.0,318.0,38.86,10.66,-12.5,0.38,0.399,0.312,-0.033,-0.024,-0.019,-0.04,-0.005,-0.016,0.001,0.004,-0.003
0.0,-140.0,328.0,39.39,9.73,-11.09,0.351,0.395,0.285,-0.035,-0.017,-0.033,-0.024,-0.005,-0.012,-0.001,0.0,-0.002
0.0,-140.0,338.0,39.79,8.89,-9.99,0.353,0.377,0.297,-0.029,-0.02,-0.022,-0.035,-0.007,-0.011,-0.003,0.003,-0.001
0.0,-140.0,348.0,40.11,8.1,-9.18,0.364,0.39,0.275,-0.031,-0.016,-0.018,-0.027,-0.006,-0.008,-0.003,0.004,-0.002
0.0,-140.0,368.0,40.64,6.76,-7.88,0.368,0.364,0.288,-0.026,-0.015,-0.026,-0.036,-0.009,-0.017,-0.002,0.002,-0.002
0.0,-140.0,388.0,40.99,5.64,-6.98,0.363,0.37,0.255,-0.029,-0.01,-0.034,-0.025,-0.005,-0.012,-0.003,0.003,-0.001
0.0,-140.0,413.0,41.26,4.76,-5.86,0.358,0.366,0.274,-0.024,-0.01,-0.036,-0.036,-0.01,-0.012,-0.003,0.0,-0.003
0.0,-140.0,438.0,41.4,3.96,-5.11,0.352,0.381,0.246,-0.021,-0.008,-0.032,-0.032,-0.009,-0.018,-0.004,0.0,-0.002
0.0,-140.0,488.0,41.5,2.77,-3.8,0.349,0.367,0.276,-0.022,-0.01,-0.032,-0.032,-0.007,-0.013,-0.003,0.002,-0.001
0.0,-140.0,538.0,41.49,1.92,-2.97,0.353,0.381,0.25,-0.021,-0.009,-0.03,-0.025,-0.005,-0.014,-0.003,0.006,0.001
0.0,-130.0,243.0,26.78,-0.81,-13.25,4.185,3.767,3.697,2.876,-9.531,-27.359,-6.02,13.072,-5.102,17.101,-6.347,-13.178
0.0,-130.0,248.0,34.88,1.03,-17.93,2.845,2.219,2.579,1.285,-2.863,-40.421,-16.712,32.375,-12.32,23.314,-13.204,-23.371
0.0,-130.0,253.0,35.19,1.7,-19.35,2.062,1.589,1.811,-0.46,-0.705,-6.537,-4.664,11.631,-2.453,5.216,-2.136,-5.595
0.0,-130.0,258.0,35.31,2.64,-20.53,1.677,1.524,1.518,-0.352,-0.451,-1.668,-1.407,5.808,-1.153,2.175,0.063,-2.06
0.0,-130.0,268.0,36.32,5.65,-22.09,1.057,0.985,0.999,-0.257,-0.262,-0.887,0.331,1.648,0.099,0.617,-0.235,-0.549
0.0,-130.0,278.0,36.76,7.59,-21.44,0.689,0.617,0.651,-0.07,-0.078,0.053,0.062,0.595,0.008,0.084,-0.049,-0.032
0.0,-130.0,288.0,37.22,9.01,-19.48,0.528,0.472,0.5,-0.04,-0.045,-0.019,-0.029,0.835,-0.008,0.07,-0.007,-0.229
0.0,-130.0,298.0,37.81,9.6,-17.15,0.455,0.43,0.387,-0.032,-0.022,0.065,-0.02,0.023,-0.016,0.029,0.002,0.007
0.0,-130.0,308.0,38.45,9.58,-15.02,0.419,0.405,0.353,-0.032,-0.019,-0.01,-0.022,0.014,-0.012,-0.001,0.0,0.003
0.0,-130.0,318.0,38.98,9.2,-13.28,0.392,0.382,0.312,-0.03,-0.016,-0.03,-0.028,0.0,-0.013,-0.001,0.001,-0.001
0.0,-130.0,328.0,39.44,8.67,-11.88,0.362,0.38,0.322,-0.027,-0.017,-0.025,-0.033,-0.005,-0.014,0.001,0.0,-0.003
0.0,-130.0,338.0,39.79,8.05,-10.81,0.353,0.386,0.301,-0.029,-0.012,-0.019,-0.027,0.001,-0.016,-0.002,-0.003,-0.002
0.0,-130.0,348.0,40.11,7.4,-9.9,0.364,0.362,0.301,-0.026,-0.012,-0.017,-0.02,-0.008,-0.014,-0.003,-0.001,0.0
0.0,-130.0,368.0,40.6,6.33,-8.56,0.365,0.374,0.286,-0.03,-0.011,-0.021,-0.029,-0.006,-0.013,-0.006,0.0,-0.002
0.0,-130.0,388.0,40.97,5.38,-7.43,0.359,0.356,0.262,-0.024,-0.008,-0.033,-0.021,-0.008,-0.016,-0.002,0.002,-0.001
0.0,-130.0,413.0,41.24,4.56,-6.18,0.346,0.365,0.267,-0.025,-0.006,-0.036,-0.034,-0.012,-0.017,-0.005,0.001,-0.004
0.0,-130.0,438.0,41.36,3.82,-5.35,0.343,0.377,0.246,-0.024,-0.006,-0.034,-0.028,-0.01,-0.016,-0.005,0.0,-0.001
0.0,-130.0,488.0,41.49,2.64,-4.0,0.347,0.373,0.274,-0.022,-0.005,-0.035,-0.032,-0.014,-0.013,-0.004,-0.001,-0.005
0.0,-130.0,538.0,41.5,1.86,-3.11,0.34,0.377,0.247,-0.022,-0.006,-0.029,-0.022,-0.005,-0.012,-0.003,0.001,-0.003
0.0,-120.0,243.0,24.74,0.35,-12.27,4.442,4.175,3.782,3.952,-10.208,-21.22,-33.07,12.9,-8.66,13.089,-5.706,-13.417
0.0,-120.0,248.0,33.22,2.96,-16.65,3.849,3.158,3.416,4.286,-6.823,-90.592,-30.578,52.745,-23.915,44.593,-28.499,-45.552
0.0,-120.0,253.0,35.83,3.9,-18.41,2.779,2.225,2.525,1.233,-3.044,-55.816,-17.249,37.703,-11.285,27.894,-14.523,-29.067
0.0,-120.0,258.0,36.54,4.43,-19.28,2.102,1.836,1.989,0.096,-1.328,-21.531,-11.193,21.619,-5.164,11.001,-7.484,-13.339
0.0,-120.0,268.0,37.3,5.78,-19.89,1.44,0.727,1.294,-0.088,-0.348,-3.47,0.034,6.03,-0.004,1.812,-0.017,-2.758
0.0,-120.0,278.0,37.67,6.72,-19.42,1.031,0.543,0.874,-0.042,-0.095,-0.813,-0.007,1.163,-0.003,0.258,-0.006,-0.132
0.0,-120.0,288.0,38.01,7.54,-18.26,0.672,0.47,0.655,-0.031,-0.044,0.17,-0.014,0.38,-0.023,-0.021,0.009,0.095
0.0,-120.0,298.0,38.35,8.03,-16.75,0.526,0.451,0.505,-0.029,-0.029,0.076,-0.024,0.103,-0.018,0.019,0.003,0.02
0.0,-120.0,308.0,38.73,8.14,-15.18,0.456,0.428,0.411,-0.029,-0.021,0.002,-0.034,0.03,-0.023,-0.001,0.005,0.007
0.0,-120.0,318.0,39.16,7.98,-13.7,0.407,0.411,0.37,-0.03,-0.019,-0.027,-0.03,0.001,-0.024,0.001,0.003,-0.001
0.0,-120.0,328.0,39.54,7.65,-12.43,0.373,0.384,0.354,-0.03,-0.02,-0.015,-0.02,0.005,-0.02,-0.001,0.006,0.001
0.0,-120.0,338.0,39.85,7.24,-11.34,0.369,0.363,0.308,-0.025,-0.013,-0.022,-0.023,-0.006,-0.02,-0.003,0.004,-0.001
0.0,-120.0,348.0,40.15,6.77,-10.45,0.376,0.36,0.315,-0.027,-0.014,-0.017,-0.028,-0.003,-0.021,-0.003,0.004,-0.003
0.0,-120.0,368.0,40.61,5.83,-9.0,0.375,0.364,0.277,-0.031,-0.012,-0.029,-0.023,-0.006,-0.018,-0.003,0.002,-0.004
0.0,-120.0,388.0,40.98,5.08,-7.68,0.366,0.344,0.274,-0.028,-0.011,-0.03,-0.026,-0.011,-0.018,-0.005,0.001,-0.001
0.0,-120.0,413.0,41.25,4.35,-6.52,0.352,0.371,0.261,-0.028,-0.01,-0.038,-0.03,-0.007,-0.018,-0.002,0.003,-0.002
0.0,-120.0,438.0,41.38,3.6,-5.51,0.346,0.37,0.25,-0.027,-0.005,-0.039,-0.022,-0.012,-0.018,-0.005,0.002,-0.003
0.0,-120.0,488.0,41.5,2.51,-4.11,0.346,0.369,0.267,-0.025,-0.006,-0.032,-0.031,-0.006,-0.021,-0.004,0.001,-0.002
0.0,-120.0,538.0,41.5,1.76,-3.22,0.347,0.37,0.252,-0.025,-0.006,-0.034,-0.02,-0.008,-0.016,-0.003,0.001,-0.002
0.0,-110.0,243.0,23.19,1.33,-11.3,4.501,4.511,3.767,3.797,-9.896,-22.816,-45.953,5.238,-10.926,7.973,0.314,-8.808
0.0,-110.0,248.0,30.15,3.71,-14.95,4.421,4.105,4.109,6.008,-8.766,-92.055,-52.818,59.999,-25.429,41.756,-34.638,-47.36
0.0,-110.0,253.0,33.19,4.73,-16.81,3.953,3.198,3.653,3.553,-6.882,-103.164,-39.409,75.287,-21.144,49.36,-28.536,-56.064
0.0,-110.0,258.0,35.05,5.09,-17.95,3.12,2.558,3.083,2.065,-4.298,-64.591,-26.913,62.158,-12.503,33.462,-16.165,-40.225
0.0,-110.0,268.0,37.44,5.49,-19.01,1.897,1.143,2.009,0.087,-1.51,-24.045,-6.592,25.476,-2.145,13.168,-2.361,-15.496
0.0,-110.0,278.0,38.13,6.09,-18.72,1.141,0.646,1.222,-0.098,-0.347,-3.198,-0.45,3.281,-0.214,1.72,0.167,-1.216
0.0,-110.0,288.0,38.41,6.58,-17.77,0.787,0.513,0.832,-0.045,-0.141,0.354,-0.018,1.13,0.001,0.129,0.056,0.061
0.0,-110.0,298.0,38.71,6.83,-16.55,0.63,0.436,0.659,-0.038,-0.05,0.436,-0.034,0.577,-0.022,0.217,0.008,0.314
0.0,-110.0,308.0,39.02,6.9,-15.27,0.509,0.413,0.516,-0.028,-0.031,0.103,-0.032,0.206,-0.024,0.092,0.001,0.135
0.0,-110.0,318.0,39.35,6.88,-14.05,0.432,0.4,0.45,-0.025,-0.024,0.014,-0.027,0.023,-0.018,-0.001,0.004,0.007
0.0,-110.0,328.0,39.67,6.72,-12.95,0.38,0.394,0.376,-0.015,-0.018,0.0,-0.035,0.013,-0.015,0.0,-0.002,-0.001
0.0,-110.0,338.0,39.95,6.45,-11.87,0.376,0.403,0.354,-0.012,-0.019,-0.006,-0.035,-0.005,-0.011,-0.003,-0.002,0.001
0.0,-110.0,348.0,40.23,6.12,-10.9,0.391,0.398,0.316,-0.012,-0.017,-0.015,-0.033,0.001,-0.013,-0.004,-0.001,0.0
0.0,-110.0,368.0,40.68,5.36,-9.29,0.383,0.375,0.279,-0.013,-0.013,-0.02,-0.035,-0.01,-0.015,-0.004,0.004,0.0
0.0,-110.0,388.0,40.99,4.72,-7.98,0.365,0.383,0.285,-0.019,-0.01,-0.033,-0.047,-0.008,-0.023,-0.005,0.006,0.0
0.0,-110.0,413.0,41.25,4.02,-6.81,0.354,0.392,0.251,-0.017,-0.007,-0.035,-0.03,-0.004,-0.022,-0.003,0.001,-0.003
0.0,-110.0,438.0,41.4,3.34,-5.67,0.345,0.377,0.259,-0.013,-0.008,-0.036,-0.021,-0.009,-0.026,-0.003,0.0,-0.004
0.0,-110.0,488.0,41.53,2.37,-4.14,0.34,0.387,0.271,-0.01,-0.006,-0.023,-0.028,-0.006,-0.019,-0.006,-0.001,0.0
0.0,-110.0,538.0,41.49,1.62,-3.24,0.342,0.381,0.255,-0.005,-0.005,-0.03,-0.016,-0.007,-0.016,-0.003,-0.003,-0.001
0.0,-100.0,243.0,21.21,1.89,-10.56,4.804,4.94,3.865,5.003,-11.505,-10.317,-45.419,1.73,-10.551,5.577,2.863,-6.566
0.0,-100.0,248.0,26.82,4.11,-13.29,4.939,4.885,4.642,7.112,-9.999,-75.12,-91.718,37.174,-26.122,34.005,-38.158,-40.959
0.0,-100.0,253.0,29.61,5.03,-14.86,4.833,4.253,4.784,5.648,-9.855,-101.042,-62.459,86.295,-34.406,50.253,-44.872,-64.89
0.0,-100.0,258.0,31.98,5.3,-16.3,4.495,3.602,4.451,3.504,-8.782,-114.278,-56.464,98.04,-23.88,53.164,-33.907,-67.289
0.0,-100.0,268.0,35.96,5.0,-18.25,3.339,2.069,3.258,1.168,-4.422,-81.148,-21.316,69.306,-9.536,39.058,-11.662,-46.054
0.0,-100.0,278.0,37.76,5.37,-18.45,2.157,1.039,2.2,-0.086,-1.721,-36.071,-3.486,31.7,-1.126,16.69,-0.839,-20.351
0.0,-100.0,288.0,38.49,5.72,-17.69,1.302,0.61,1.431,-0.104,-0.396,-4.509,-0.199,10.309,-0.098,1.589,0.095,-1.815
0.0,-100.0,298.0,38.88,5.93,-16.63,0.885,0.487,0.907,-0.047,-0.117,-0.927,-0.042,0.828,-0.025,0.136,0.012,0.11
0.0,-100.0,308.0,39.2,5.94,-15.47,0.664,0.434,0.704,-0.026,-0.028,0.63,-0.03,0.865,-0.015,0.291,0.002,0.415
0.0,-100.0,318.0,39.5,5.93,-14.32,0.509,0.418,0.543,-0.021,-0.028,0.138,-0.034,0.123,-0.011,0.063,0.003,0.082
0.0,-100.0,328.0,39.78,5.81,-13.26,0.431,0.404,0.439,-0.019,-0.018,0.018,-0.032,0.037,-0.015,-0.002,0.001,0.009
0.0,-100.0,338.0,40.06,5.62,-12.23,0.405,0.396,0.388,-0.023,-0.018,-0.003,-0.031,0.007,-0.019,-0.003,0.007,0.001
0.0,-100.0,348.0,40.33,5.47,-11.23,0.395,0.388,0.326,-0.019,-0.016,-0.017,-0.027,0.0,-0.016,-0.002,0.002,0.0
0.0,-100.0,368.0,40.77,4.98,-9.56,0.374,0.355,0.296,-0.018,-0.01,-0.023,-0.034,-0.008,-0.014,-0.005,0.002,-0.001
0.0,-100.0,388.0,41.05,4.3,-8.32,0.354,0.38,0.288,-0.016,-0.009,-0.035,-0.036,-0.007,-0.016,-0.005,0.001,-0.003
0.0,-100.0,413.0,41.3,3.7,-7.0,0.335,0.381,0.242,-0.01,-0.007,-0.032,-0.025,-0.004,-0.018,-0.004,-0.005,-0.002
0.0,-100.0,438.0,41.45,3.11,-5.91,0.338,0.356,0.257,-0.015,-0.009,-0.034,-0.024,-0.006,-0.016,-0.004,-0.002,-0.001
0.0,-100.0,488.0,41.56,2.23,-4.17,0.323,0.387,0.267,-0.014,-0.005,-0.022,-0.025,-0.007,-0.014,-0.007,-0.001,-0.002
0.0,-100.0,538.0,41.5,1.54,-3.28,0.326,0.368,0.256,-0.014,-0.005,-0.02,-0.018,-0.013,-0.017,-0.005,-0.004,-0.002
0.0,-90.0,243.0,19.53,1.92,-9.77,5.054,5.334,4.035,3.471,-12.501,13.904,-38.036,-0.212,-19.356,-3.066,11.168,-3.645
0.0,-90.0,248.0,23.86,4.2,-11.81,5.331,5.521,5.334,6.507,-10.618,-42.879,-88.515,27.45,-22.64,19.417,-21.609,-32.703
0.0,-90.0,253.0,26.34,5.06,-13.3,5.369,5.246,5.659,7.383,-11.181,-68.349,-100.553,59.434,-33.752,29.53,-44.419,-47.556
0.0,-90.0,258.0,28.73,5.32,-14.71,5.366,4.653,5.725,6.068,-11.89,-110.842,-71.53,130.705,-36.083,45.576,-50.606,-73.153
0.0,-90.0,268.0,33.39,4.47,-17.11,4.779,3.256,4.657,2.807,-9.096,-145.487,-35.623,142.093,-23.728,62.248,-30.459,-82.266
0.0,-90.0,278.0,36.67,4.66,-18.08,3.578,1.744,3.423,0.278,-4.43,-110.821,-13.694,84.292,-6.52,46.077,-5.888,-56.359
0.0,-90.0,288.0,38.34,4.92,-17.6,2.113,0.849,2.279,-0.135,-1.388,-28.414,-2.025,32.256,-0.765,13.721,-0.268,-15.795
0.0,-90.0,298.0,39.0,5.1,-16.62,1.306,0.512,1.464,-0.079,-0.355,-3.752,-0.081,9.771,-0.043,3.015,0.029,-3.252
0.0,-90.0,308.0,39.38,5.18,-15.56,0.843,0.431,0.913,-0.043,-0.101,0.875,-0.036,1.332,-0.017,0.194,0.006,0.169
0.0,-90.0,318.0,39.66,5.19,-14.48,0.635,0.389,0.67,-0.031,-0.043,0.255,-0.026,0.46,-0.008,0.102,0.003,0.062
0.0,-90.0,328.0,39.92,5.08,-13.41,0.506,0.375,0.503,-0.025,-0.03,0.083,-0.028,0.03,-0.01,-0.005,0.001,0.029
0.0,-90.0,338.0,40.18,4.92,-12.46,0.445,0.371,0.44,-0.022,-0.02,0.015,-0.027,0.022,-0.007,-0.001,-0.003,0.007
0.0,-90.0,348.0,40.41,4.81,-11.54,0.408,0.377,0.365,-0.022,-0.018,-0.004,-0.031,-0.008,-0.007,-0.003,0.003,0.001
0.0,-90.0,368.0,40.81,4.51,-9.91,0.38,0.383,0.327,-0.021,-0.012,-0.021,-0.035,-0.008,-0.008,-0.006,0.0,-0.001
0.0,-90.0,388.0,41.06,3.89,-8.66,0.359,0.381,0.288,-0.017,-0.01,-0.031,-0.024,-0.005,-0.007,-0.006,-0.003,-0.002
0.0,-90.0,413.0,41.32,3.32,-7.32,0.342,0.374,0.256,-0.015,-0.009,-0.03,-0.02,-0.009,-0.004,-0.004,0.002,-0.001
0.0,-90.0,438.0,41.47,2.85,-6.21,0.325,0.362,0.252,-0.017,-0.009,-0.026,-0.028,-0.007,-0.011,-0.006,-0.002,-0.002
0.0,-90.0,488.0,41.56,2.04,-4.32,0.331,0.383,0.261,-0.015,-0.006,-0.017,-0.025,-0.007,-0.011,-0.006,-0.005,-0.002
0.0,-90.0,538.0,41.49,1.52,-3.23,0.326,0.362,0.252,-0.012,-0.006,-0.023,-0.017,-0.008,-0.011,-0.005,-0.002,-0.001
0.0,-80.0,243.0,17.96,2.1,-9.05,5.383,5.665,4.271,3.612,-13.352,32.856,-54.301,-12.567,-8.989,-11.769,17.592,1.541
0.0,-80.0,248.0,21.46,4.07,-10.78,5.693,6.283,5.749,6.86,-11.421,-7.628,-122.668,-21.314,-12.956,6.16,-11.876,-12.971
0.0,-80.0,253.0,23.64,5.14,-12.18,5.727,5.843,6.429,6.834,-11.442,-38.815,-77.328,33.734,-22.157,15.394,-29.63,-37.351
0.0,-80.0,258.0,25.97,5.15,-13.52,5.826,5.831,6.581,6.863,-13.001,-67.236,-96.811,93.518,-29.482,32.845,-45.035,-50.771
0.0,-80.0,268.0,30.36,3.56,-15.71,5.767,4.117,6.084,3.643,-14.275,-145.084,-40.015,210.043,-19.092,70.303,-34.169,-99.584
0.0,-80.0,278.0,34.74,3.78,-17.36,4.943,2.479,4.791,0.436,-9.588,-194.917,-20.602,178.034,-6.366,89.098,-14.833,-110.565
0.0,-80.0,288.0,37.66,4.17,-17.43,3.307,1.114,3.414,-0.153,-3.655,-92.428,-3.8,90.071,-1.0,40.632,-0.387,-54.428
0.0,-80.0,298.0,38.98,4.31,-16.64,1.978,0.665,2.171,-0.095,-0.821,-20.364,-0.362,27.094,-0.116,8.271,0.108,-12.376
0.0,-80.0,308.0,39.54,4.41,-15.57,1.156,0.552,1.294,-0.051,-0.158,1.083,-0.119,4.643,-0.012,1.657,0.05,-0.206
0.0,-80.0,318.0,39.83,4.48,-14.57,0.792,0.523,0.862,-0.042,-0.05,0.627,-0.125,0.711,-0.015,-0.058,0.059,0.029
0.0,-80.0,328.0,40.05,4.47,-13.58,0.597,0.515,0.606,-0.035,-0.025,0.219,-0.124,0.126,-0.004,0.047,0.07,0.1
0.0,-80.0,338.0,40.28,4.28,-12.69,0.496,0.52,0.49,-0.021,-0.016,0.052,-0.137,0.049,-0.006,0.0,0.065,0.02
0.0,-80.0,348.0,40.5,4.06,-11.77,0.442,0.523,0.409,-0.019,-0.021,0.006,-0.133,0.001,-0.014,-0.005,0.069,0.004
0.0,-80.0,368.0,40.85,3.94,-10.26,0.39,0.533,0.344,-0.025,-0.011,0.016,-0.138,-0.001,-0.025,-0.002,0.083,0.0
0.0,-80.0,388.0,41.09,3.55,-8.99,0.356,0.52,0.275,-0.038,-0.011,-0.027,-0.142,-0.003,-0.044,-0.002,0.097,-0.001
0.0,-80.0,413.0,41.34,2.92,-7.66,0.338,0.499,0.273,-0.038,-0.009,-0.028,-0.146,-0.013,-0.039,-0.004,0.092,-0.002
0.0,-80.0,438.0,41.48,2.65,-6.42,0.33,0.501,0.257,-0.03,-0.007,-0.025,-0.144,-0.009,-0.034,-0.007,0.092,-0.002
0.0,-80.0,488.0,41.55,1.79,-4.49,0.329,0.499,0.256,-0.028,-0.005,-0.022,-0.122,-0.006,-0.027,-0.006,0.079,-0.002
0.0,-80.0,538.0,41.48,1.45,-3.25,0.328,0.49,0.246,-0.033,-0.005,-0.027,-0.121,-0.007,-0.031,-0.005,0.089,-0.001
0.0,-70.0,243.0,16.8,1.94,-8.59,5.75,5.865,4.565,3.903,-16.034,77.111,-50.495,-24.638,-2.907,-31.821,40.641,14.266
0.0,-70.0,248.0,19.52,3.58,-10.05,5.943,6.56,6.206,7.915,-11.812,35.577,-81.746,-29.644,-2.882,-14.881,14.193,-5.034
0.0,-70.0,253.0,21.46,4.99,-11.28,6.154,6.648,6.976,7.219,-13.133,2.101,-113.922,-3.82,-14.382,-7.068,-7.537,-13.058
0.0,-70.0,258.0,23.41,4.94,-12.29,6.26,6.604,7.364,6.763,-14.431,-23.371,-105.275,74.718,-15.548,14.452,-22.001,-21.11
0.0,-70.0,268.0,27.55,3.3,-14.38,6.395,4.908,7.186,1.932,-17.632,-118.651,-29.411,225.522,-14.143,60.555,-41.682,-99.684
0.0,-70.0,278.0,32.54,3.1,-16.35,5.976,3.031,6.087,0.488,-15.423,-230.785,-20.653,273.473,-8.704,119.197,-22.517,-159.875
0.0,-70.0,288.0,36.62,3.47,-17.11,4.447,1.398,4.436,-0.275,-7.016,-174.937,-3.8,153.859,-1.247,77.518,-0.994,-99.865
0.0,-70.0,298.0,38.73,3.73,-16.62,2.737,0.736,3.016,-0.132,-1.947,-44.833,-0.493,58.845,-0.249,23.357,0.05,-31.246
0.0,-70.0,308.0,39.59,3.86,-15.7,1.557,0.542,1.9,-0.069,-0.357,-1.021,-0.091,19.113,-0.047,3.285,0.034,-4.323
0.0,-70.0,318.0,39.96,3.91,-14.72,1.033,0.492,1.149,-0.041,-0.055,1.932,-0.069,2.855,-0.025,0.748,0.023,0.157
0.0,-70.0,328.0,40.18,3.93,-13.69,0.712,0.468,0.756,-0.024,-0.024,0.468,-0.064,0.336,-0.017,0.057,0.019,0.174
0.0,-70.0,338.0,40.39,3.8,-12.76,0.556,0.463,0.552,-0.01,-0.022,0.132,-0.064,0.065,-0.004,0.011,0.022,0.033
0.0,-70.0,348.0,40.59,3.56,-11.9,0.48,0.444,0.463,-0.009,-0.014,0.022,-0.05,0.013,-0.005,0.003,0.022,0.014
0.0,-70.0,368.0,40.9,3.32,-10.47,0.39,0.436,0.356,-0.011,-0.014,-0.017,-0.054,-0.001,-0.013,-0.003,0.018,-0.001
0.0,-70.0,388.0,41.12,3.17,-9.24,0.358,0.432,0.28,-0.006,-0.009,-0.028,-0.057,-0.008,0.002,-0.005,0.027,-0.002
0.0,-70.0,413.0,41.37,2.6,-7.79,0.337,0.453,0.278,-0.01,-0.007,-0.027,-0.085,-0.009,-0.004,-0.004,0.023,-0.002
0.0,-70.0,438.0,41.49,2.38,-6.56,0.328,0.46,0.25,-0.014,-0.005,-0.021,-0.083,-0.006,-0.013,-0.006,0.035,-0.001
0.0,-70.0,488.0,41.55,1.62,-4.69,0.331,0.453,0.246,-0.013,-0.005,-0.026,-0.069,-0.003,-0.024,-0.005,0.037,-0.001
0.0,-70.0,538.0,41.48,1.34,-3.34,0.339,0.444,0.255,-0.008,-0.007,-0.028,-0.072,-0.009,-0.02,-0.004,0.041,-0.002
0.0,-60.0,243.0,15.53,1.85,-8.08,6.033,6.101,4.837,4.066,-18.013,108.623,-29.401,-28.378,3.597,-44.56,34.592,17.981
0.0,-60.0,248.0,18.07,3.37,-9.46,6.314,6.604,6.437,6.409,-13.17,81.334,-62.798,-51.922,-0.699,-28.271,22.828,17.726
0.0,-60.0,253.0,19.49,4.31,-10.42,6.439,6.984,7.382,7.425,-12.672,34.301,-88.447,-20.336,0.9,-14.934,-1.273,7.655
0.0,-60.0,258.0,21.34,4.23,-11.38,6.532,7.194,7.854,7.101,-14.331,13.308,-94.201,40.837,-7.638,5.972,-3.001,-5.017
0.0,-60.0,268.0,25.29,2.99,-13.27,6.762,5.442,7.89,1.348,-18.503,-82.313,-36.549,207.845,-9.619,45.315,-41.118,-78.34
0.0,-60.0,278.0,30.42,2.61,-15.37,6.692,3.605,7.087,1.204,-20.453,-230.656,-32.025,368.157,-14.595,135.629,-42.719,-190.857
0.0,-60.0,288.0,35.16,2.87,-16.36,5.433,1.839,5.717,-0.029,-12.138,-247.367,-9.23,291.211,-5.664,127.097,-6.8,-166.437
0.0,-60.0,298.0,38.14,3.08,-16.37,3.703,0.926,4.014,-0.142,-4.333,-117.28,-1.537,131.593,-0.438,59.353,-0.202,-77.104
0.0,-60.0,308.0,39.52,3.3,-15.65,2.043,0.64,2.52,-0.101,-0.495,-8.507,-0.445,35.043,-0.228,7.564,0.288,-8.45
0.0,-60.0,318.0,39.97,3.4,-14.81,1.26,0.525,1.521,-0.041,-0.108,2.361,-0.095,10.027,-0.046,1.488,0.036,-0.619
0.0,-60.0,328.0,40.21,3.39,-13.85,0.831,0.471,0.915,-0.02,-0.043,0.865,-0.056,0.924,-0.033,0.065,0.013,0.164
0.0,-60.0,338.0,40.43,3.31,-12.92,0.622,0.429,0.655,-0.023,-0.027,0.223,-0.045,0.155,-0.027,0.014,0.013,0.081
0.0,-60.0,348.0,40.6,3.11,-12.1,0.509,0.414,0.516,-0.015,-0.017,0.058,-0.039,0.04,-0.021,0.006,0.012,0.025
0.0,-60.0,368.0,40.88,2.86,-10.68,0.403,0.395,0.362,-0.014,-0.015,-0.014,-0.044,0.008,-0.023,-0.002,0.009,0.0
0.0,-60.0,388.0,41.12,2.76,-9.36,0.356,0.398,0.291,-0.013,-0.011,-0.018,-0.049,-0.008,-0.023,-0.004,0.007,0.0
0.0,-60.0,413.0,41.32,2.33,-7.86,0.334,0.411,0.286,-0.021,-0.008,-0.022,-0.043,-0.01,-0.025,-0.004,0.01,-0.001
0.0,-60.0,438.0,41.47,2.1,-6.68,0.334,0.411,0.258,-0.026,-0.008,-0.016,-0.039,-0.004,-0.027,-0.006,0.007,-0.002
0.0,-60.0,488.0,41.5,1.41,-4.82,0.331,0.394,0.244,-0.025,-0.007,-0.02,-0.026,-0.003,-0.016,-0.002,0.011,-0.003
0.0,-60.0,538.0,41.43,1.25,-3.45,0.333,0.373,0.263,-0.016,-0.005,-0.023,-0.025,-0.009,-0.016,-0.006,0.006,-0.002
0.0,-50.0,243.0,14.54,1.87,-7.73,6.137,6.191,4.928,3.559,-17.501,121.761,-14.045,-22.852,-0.95,-44.188,52.554,16.88
0.0,-50.0,248.0,16.41,2.92,-8.72,6.336,6.687,6.542,4.582,-11.619,80.33,-53.458,-58.15,3.71,-25.754,43.562,15.711
0.0,-50.0,253.0,17.82,3.61,-9.46,6.463,7.17,7.581,4.87,-13.36,55.4,-30.057,-64.064,-5.344,-24.141,27.008,29.258
0.0,-50.0,258.0,19.53,3.57,-10.53,6.733,7.339,8.111,6.45,-15.045,43.705,-64.442,2.561,-11.815,-18.556,3.798,14.779
0.0,-50.0,268.0,23.35,2.99,-12.29,7.014,5.907,8.461,1.196,-21.175,-52.353,-28.128,196.358,-5.028,29.299,-61.991,-47.153
0.0,-50.0,278.0,28.41,2.51,-14.21,7.24,3.989,7.832,1.096,-24.247,-219.164,-29.878,407.233,-11.556,126.682,-47.106,-191.605
0.0,-50.0,288.0,33.6,2.42,-15.44,6.331,2.369,6.6,0.517,-17.77,-308.642,-19.261,389.201,-9.853,175.213,-13.643,-231.95
0.0,-50.0,298.0,37.51,2.53,-15.87,4.464,1.324,4.814,-0.137,-6.74,-189.601,-6.861,208.452,-1.975,93.394,-1.348,-119.585
0.0,-50.0,308.0,39.41,2.7,-15.37,2.655,0.74,3.298,-0.134,-1.705,-37.315,-1.122,75.289,-0.287,24.906,-0.052,-31.929
0.0,-50.0,318.0,40.13,2.85,-14.62,1.61,0.563,1.952,-0.071,-0.156,2.861,-0.495,20.533,-0.091,4.877,-0.031,-1.5
0.0,-50.0,328.0,40.34,2.83,-13.83,1.023,0.453,1.146,-0.046,-0.001,2.705,-0.055,2.121,-0.041,-0.094,0.014,1.22
0.0,-50.0,338.0,40.5,2.75,-13.03,0.728,0.432,0.754,-0.034,0.0,0.589,-0.051,0.357,-0.031,0.059,0.009,0.189
0.0,-50.0,348.0,40.65,2.65,-12.28,0.561,0.416,0.57,-0.028,-0.003,0.12,-0.041,0.094,-0.022,0.035,0.009,0.052
0.0,-50.0,368.0,40.93,2.48,-10.84,0.412,0.407,0.37,-0.019,-0.011,-0.001,-0.032,0.014,-0.021,0.0,0.001,0.007
0.0,-50.0,388.0,41.14,2.34,-9.46,0.365,0.418,0.301,-0.018,-0.01,-0.023,-0.038,-0.01,-0.025,-0.006,0.005,-0.002
0.0,-50.0,413.0,41.33,2.01,-7.98,0.355,0.422,0.292,-0.015,-0.013,-0.028,-0.025,-0.007,-0.022,-0.003,0.008,-0.002
0.0,-50.0,438.0,41.5,1.8,-6.78,0.331,0.42,0.255,-0.01,-0.008,-0.019,-0.03,-0.006,-0.024,-0.004,0.009,-0.002
0.0,-50.0,488.0,41.49,1.14,-5.0,0.337,0.397,0.239,-0.004,-0.005,-0.017,-0.03,-0.006,-0.021,-0.007,0.01,-0.003
0.0,-50.0,538.0,41.43,1.08,-3.58,0.331,0.389,0.268,-0.003,-0.005,-0.024,-0.033,-0.009,-0.027,-0.004,0.01,-0.001
0.0,-40.0,243.0,13.3,1.55,-7.13,5.965,6.027,4.771,2.336,-15.007,122.293,7.523,-12.255,9.906,-35.159,47.534,9.949
0.0,-40.0,248.0,15.21,2.44,-8.12,6.412,6.582,6.62,3.909,-11.644,106.789,-14.306,-74.108,-2.912,-38.77,52.792,25.797
0.0,-40.0,253.0,16.5,2.86,-8.79,6.526,7.114,7.572,4.382,-11.951,62.857,-9.115,-73.92,3.37,-23.48,34.78,32.66
0.0,-40.0,258.0,18.01,2.83,-9.73,6.82,7.322,8.181,4.295,-14.639,38.832,-33.717,15.825,-13.538,-31.277,36.074,18.897
0.0,-40.0,268.0,21.85,2.85,-11.29,7.294,6.382,8.79,2.621,-22.759,-25.925,-41.393,207.62,-10.314,6.413,-61.457,-47.807
0.0,-40.0,278.0,27.04,2.19,-13.26,7.58,4.853,8.438,3.199,-28.235,-206.559,-57.94,437.949,-30.233,121.801,-75.523,-206.627
0.0,-40.0,288.0,32.43,1.93,-14.67,7.0,3.147,7.38,1.055,-23.086,-357.088,-36.705,490.492,-16.475,205.573,-33.31,-293.814
0.0,-40.0,298.0,36.71,1.95,-15.34,5.213,1.783,5.554,0.073,-10.729,-273.887,-19.667,290.796,-5.988,144.174,-5.987,-185.354
0.0,-40.0,308.0,39.19,2.14,-15.08,3.263,0.986,3.907,-0.197,-2.819,-83.066,-2.682,125.868,-0.718,45.753,-0.002,-59.693
0.0,-40.0,318.0,40.2,2.29,-14.41,1.833,0.621,2.332,-0.134,-0.296,0.631,-0.415,25.899,-0.189,6.296,0.183,-3.305
0.0,-40.0,328.0,40.49,2.29,-13.67,1.195,0.484,1.427,-0.08,-0.015,2.571,-0.073,7.191,-0.062,1.296,0.039,0.124
0.0,-40.0,338.0,40.63,2.25,-12.95,0.832,0.443,0.9,-0.054,0.038,1.121,-0.05,1.166,-0.029,0.241,0.008,0.46
0.0,-40.0,348.0,40.73,2.19,-12.29,0.603,0.422,0.641,-0.042,0.001,0.176,-0.038,0.212,-0.025,0.052,0.004,0.091
0.0,-40.0,368.0,40.97,2.07,-10.93,0.425,0.414,0.382,-0.036,-0.011,0.003,-0.037,0.019,-0.016,0.001,0.0,0.004
0.0,-40.0,388.0,41.15,1.94,-9.66,0.369,0.406,0.315,-0.035,-0.013,-0.02,-0.036,-0.005,-0.013,-0.001,-0.002,0.0
0.0,-40.0,413.0,41.34,1.66,-8.21,0.346,0.399,0.288,-0.03,-0.012,-0.024,-0.027,-0.003,-0.017,-0.003,0.0,-0.004
0.0,-40.0,438.0,41.53,1.43,-6.92,0.331,0.39,0.257,-0.032,-0.008,-0.014,-0.024,-0.004,-0.016,-0.005,-0.001,-0.003
0.0,-40.0,488.0,41.5,0.95,-5.12,0.325,0.376,0.238,-0.03,-0.007,-0.015,-0.029,-0.006,-0.018,-0.005,0.001,-0.001
0.0,-40.0,538.0,41.44,0.91,-3.68,0.337,0.376,0.269,-0.035,-0.007,-0.019,-0.033,-0.008,-0.016,-0.005,0.003,-0.003
0.0,-30.0,243.0,12.53,1.18,-6.88,6.006,5.985,4.818,1.541,-15.73,133.02,2.384,-29.532,-5.069,-45.226,55.013,26.044
0.0,-30.0,248.0,14.03,1.89,-7.51,6.289,6.499,6.534,1.721,-12.502,103.726,-18.091,-83.221,-1.121,-45.158,31.21,38.001
0.0,-30.0,253.0,15.27,1.6,-8.2,6.651,7.022,7.574,2.396,-13.479,68.119,-18.78,-76.037,2.334,-39.877,32.524,47.135
0.0,-30.0,258.0,16.9,1.45,-9.17,6.998,7.467,8.208,1.445,-17.945,45.947,-45.448,2.274,-2.282,-30.512,51.772,24.903
0.0,-30.0,268.0,20.89,2.67,-10.78,7.638,6.796,8.887,4.241,-27.547,-14.55,-39.882,184.704,-18.141,-2.657,-60.254,-60.555
0.0,-30.0,278.0,25.98,1.86,-12.59,8.053,5.498,8.669,3.534,-31.644,-209.554,-47.5,444.689,-25.114,125.068,-94.078,-216.558
0.0,-30.0,288.0,31.53,1.39,-14.11,7.459,3.856,7.735,1.62,-26.99,-383.175,-54.819,537.989,-23.833,225.704,-57.487,-319.753
0.0,-30.0,298.0,36.07,1.42,-14.76,5.808,2.355,6.21,0.454,-14.907,-337.143,-25.957,391.545,-13.349,185.849,-20.744,-248.634
0.0,-30.0,308.0,38.99,1.61,-14.82,3.65,1.296,4.407,-0.272,-4.599,-117.914,-7.005,174.928,-1.71,67.695,-0.771,-96.602
0.0,-30.0,318.0,40.18,1.78,-14.24,2.156,0.668,2.825,-0.133,-0.847,-7.506,-0.511,59.549,-0.202,16.616,0.16,-17.871
0.0,-30.0,328.0,40.55,1.79,-13.56,1.323,0.517,1.667,-0.073,-0.018,2.146,-0.174,12.266,-0.092,2.065,0.053,-0.215
0.0,-30.0,338.0,40.71,1.78,-12.88,0.898,0.448,1.022,-0.046,0.027,1.385,-0.04,1.197,-0.032,0.318,0.004,0.779
0.0,-30.0,348.0,40.79,1.74,-12.24,0.626,0.426,0.684,-0.035,0.005,0.239,-0.038,0.257,-0.023,0.06,0.0,0.118
0.0,-30.0,368.0,40.99,1.65,-11.03,0.433,0.406,0.4,-0.037,-0.006,-0.007,-0.027,0.024,-0.019,0.005,0.003,0.006
0.0,-30.0,388.0,41.17,1.57,-9.79,0.369,0.401,0.327,-0.038,-0.012,-0.019,-0.029,-0.012,-0.016,-0.004,0.003,0.001
0.0,-30.0,413.0,41.38,1.35,-8.38,0.341,0.396,0.29,-0.039,-0.012,-0.021,-0.033,-0.006,-0.019,-0.005,0.006,-0.002
0.0,-30.0,438.0,41.51,1.16,-7.19,0.33,0.381,0.253,-0.038,-0.007,-0.016,-0.03,-0.009,-0.015,-0.003,0.005,-0.002
0.0,-30.0,488.0,41.51,0.79,-5.17,0.325,0.379,0.24,-0.037,-0.008,-0.017,-0.035,-0.011,-0.016,-0.005,0.004,-0.002
0.0,-30.0,538.0,41.44,0.74,-3.74,0.335,0.383,0.268,-0.039,-0.006,-0.024,-0.038,-0.007,-0.019,-0.005,0.006,-0.003
0.0,-20.0,243.0,12.08,0.87,-6.6,5.708,5.939,4.668,0.646,-14.393,98.987,4.375,-27.233,-8.722,-37.297,47.08,16.449
0.0,-20.0,248.0,13.58,0.82,-7.19,6.249,6.369,6.43,-1.267,-12.261,103.597,-0.705,-77.122,-8.4,-50.043,33.579,36.085
0.0,-20.0,253.0,14.63,0.75,-7.96,6.571,7.021,7.525,-0.754,-15.586,77.02,-17.136,-77.701,-9.233,-57.944,47.572,38.792
0.0,-20.0,258.0,16.32,0.41,-8.96,7.044,7.303,8.195,-0.791,-20.014,66.003,4.868,-53.064,-12.9,-61.497,20.894,35.991
0.0,-20.0,268.0,20.32,2.14,-10.35,7.733,7.037,9.119,4.028,-30.277,10.228,-31.443,192.246,-11.214,1.985,-54.41,-61.766
0.0,-20.0,278.0,25.39,1.55,-12.18,8.293,5.92,8.933,3.324,-35.693,-200.839,-42.715,452.71,-25.591,130.519,-96.892,-231.925
0.0,-20.0,288.0,31.09,1.05,-13.72,7.689,4.352,7.966,2.343,-30.022,-402.828,-42.484,576.125,-28.605,242.538,-72.477,-340.815
0.0,-20.0,298.0,35.77,0.96,-14.54,6.141,2.767,6.508,0.478,-17.999,-381.629,-23.975,441.539,-10.062,228.67,-26.323,-297.689
0.0,-20.0,308.0,38.77,1.02,-14.59,3.98,1.436,4.827,-0.048,-6.228,-151.13,-6.724,232.912,-2.971,95.519,-1.936,-128.81
0.0,-20.0,318.0,40.15,1.26,-14.23,2.315,0.749,3.042,-0.127,-0.882,-21.847,-0.872,66.938,-0.346,20.178,0.183,-18.725
0.0,-20.0,328.0,40.6,1.35,-13.61,1.41,0.504,1.83,-0.055,-0.067,0.822,-0.072,17.163,-0.064,3.676,0.046,-1.362
0.0,-20.0,338.0,40.78,1.33,-12.89,0.931,0.442,1.075,-0.033,0.101,1.928,-0.034,2.309,-0.026,0.906,0.001,1.344
0.0,-20.0,348.0,40.87,1.29,-12.23,0.664,0.417,0.722,-0.019,0.019,0.38,-0.031,0.311,-0.014,0.105,-0.012,0.152
0.0,-20.0,368.0,41.04,1.22,-11.11,0.438,0.401,0.411,-0.013,-0.006,0.009,-0.024,0.03,-0.015,0.003,-0.01,0.012
0.0,-20.0,388.0,41.19,1.15,-9.85,0.37,0.396,0.332,-0.012,-0.011,-0.016,-0.03,-0.01,-0.015,-0.003,-0.016,-0.001
0.0,-20.0,413.0,41.42,1.05,-8.5,0.339,0.4,0.294,-0.009,-0.01,-0.011,-0.031,-0.006,-0.015,-0.005,-0.012,-0.004
0.0,-20.0,438.0,41.53,0.95,-7.33,0.324,0.386,0.252,-0.011,-0.007,-0.017,-0.042,-0.011,-0.016,-0.002,-0.01,-0.001
0.0,-20.0,488.0,41.52,0.66,-5.2,0.332,0.396,0.24,-0.013,-0.005,-0.013,-0.045,-0.009,-0.012,-0.006,-0.01,-0.001
0.0,-20.0,538.0,41.47,0.55,-3.78,0.328,0.402,0.275,-0.015,-0.007,-0.015,-0.049,-0.01,-0.01,-0.004,-0.009,-0.001
0.0,-10.0,243.0,12.03,0.25,-6.61,5.783,6.134,4.706,-2.087,-14.59,105.42,-43.771,-27.802,-21.264,-42.094,63.982,11.594
0.0,-10.0,248.0,13.46,-0.03,-7.32,6.139,6.55,6.472,-2.925,-11.925,97.446,-8.743,-86.903,-7.437,-39.628,46.798,31.576
0.0,-10.0,253.0,14.56,-0.11,-8.03,6.539,6.971,7.483,-1.822,-15.635,90.896,-21.451,-94.107,-14.011,-55.873,41.14,40.811
0.0,-10.0,258.0,16.2,-0.4,-8.85,6.933,7.407,8.191,-2.547,-20.586,74.069,-3.847,-39.087,11.164,-49.234,26.255,32.378
0.0,-10.0,268.0,20.07,1.37,-10.28,7.789,7.382,8.911,2.523,-29.102,5.77,-17.476,130.173,-8.93,-13.367,-43.308,-44.689
0.0,-10.0,278.0,25.14,0.89,-12.04,8.223,6.384,8.946,2.343,-34.86,-184.842,-34.959,438.75,-15.582,106.562,-97.415,-214.664
0.0,-10.0,288.0,30.59,0.75,-13.47,7.852,4.833,8.091,1.735,-31.56,-411.604,-49.02,554.367,-13.084,253.359,-93.721,-347.338
0.0,-10.0,298.0,35.49,0.66,-14.45,6.288,3.107,6.659,0.517,-18.493,-398.433,-23.011,457.232,-12.308,232.494,-33.29,-297.554
0.0,-10.0,308.0,38.63,0.62,-14.44,4.05,1.603,4.948,-0.007,-6.675,-143.376,-6.835,242.027,-3.755,93.577,-3.075,-128.251
0.0,-10.0,318.0,40.11,0.82,-14.18,2.343,0.882,3.168,-0.119,-1.152,-16.54,-1.951,79.258,-0.45,19.556,-0.193,-25.266
0.0,-10.0,328.0,40.65,0.95,-13.58,1.422,0.494,1.841,-0.059,0.078,3.343,-0.078,14.14,-0.056,2.576,0.091,0.429
0.0,-10.0,338.0,40.8,0.92,-12.95,0.947,0.418,1.113,-0.031,0.065,1.62,-0.034,3.389,-0.025,0.8,0.009,0.619
0.0,-10.0,348.0,40.87,0.88,-12.27,0.664,0.397,0.735,-0.019,0.017,0.373,-0.03,0.371,-0.019,0.109,-0.004,0.206
0.0,-10.0,368.0,41.04,0.81,-11.08,0.436,0.388,0.411,-0.016,-0.005,0.002,-0.03,0.032,-0.015,0.006,-0.006,0.008
0.0,-10.0,388.0,41.19,0.81,-9.85,0.372,0.378,0.327,-0.018,-0.011,-0.02,-0.031,-0.004,-0.01,-0.001,-0.007,-0.001
0.0,-10.0,413.0,41.41,0.74,-8.58,0.336,0.388,0.298,-0.016,-0.01,-0.016,-0.032,-0.008,-0.012,-0.005,-0.007,-0.003
0.0,-10.0,438.0,41.51,0.73,-7.4,0.333,0.389,0.26,-0.012,-0.006,-0.017,-0.036,-0.012,-0.014,-0.006,-0.012,-0.002
0.0,-10.0,488.0,41.54,0.5,-5.21,0.341,0.393,0.238,-0.011,-0.008,-0.015,-0.035,-0.008,-0.014,-0.006,-0.013,-0.001
0.0,-10.0,538.0,41.45,0.4,-3.82,0.333,0.402,0.277,-0.013,-0.008,-0.015,-0.037,-0.008,-0.012,-0.005,-0.013,0.0
0.0,0.0,243.0,12.42,0.66,-6.53,5.103,5.715,4.223,-1.124,-12.558,82.792,6.867,-24.898,-8.585,-34.817,47.843,17.969
0.0,0.0,248.0,14.61,0.06,-7.72,5.525,6.612,5.814,-1.152,-11.828,63.347,22.932,-74.522,-4.593,-27.508,45.893,33.769
0.0,0.0,253.0,16.3,-0.76,-8.65,5.97,6.91,6.739,-2.941,-15.058,57.577,12.127,-73.737,-6.898,-32.154,22.061,30.366
0.0,0.0,258.0,18.09,-1.29,-9.55,6.458,7.263,7.457,-4.565,-17.892,39.592,8.675,-12.096,-2.079,-23.821,10.792,15.015
0.0,0.0,268.0,20.9,0.5,-10.88,7.914,7.32,9.113,1.94,-30.882,-19.267,11.521,205.44,-9.189,-10.346,-39.595,-53.239
0.0,0.0,278.0,25.94,0.55,-12.72,8.295,6.547,9.032,1.59,-35.957,-199.216,-8.738,473.487,-5.055,131.56,-107.443,-242.6
0.0,0.0,288.0,31.6,0.4,-14.2,7.636,5.121,7.985,1.325,-29.595,-404.584,-22.968,569.991,-15.305,256.295,-105.551,-352.382
0.0,0.0,298.0,36.35,0.48,-14.95,5.964,3.254,6.592,0.373,-17.383,-365.829,-5.305,498.016,-5.334,229.795,-39.966,-299.111
0.0,0.0,308.0,39.18,0.44,-15.11,3.779,1.869,4.682,-0.031,-5.655,-130.428,-0.34,215.394,0.091,82.846,-7.692,-113.522
0.0,0.0,318.0,40.47,0.48,-14.72,2.171,0.851,2.98,-0.091,-0.898,-21.389,-0.088,64.358,0.117,18.326,0.197,-20.348
0.0,0.0,328.0,40.86,0.67,-14.14,1.323,0.494,1.782,-0.043,0.018,0.974,0.252,17.272,-0.071,2.797,0.07,-0.677
0.0,0.0,338.0,40.96,0.66,-13.44,0.87,0.388,1.024,0.0,0.033,1.031,-0.026,1.938,-0.008,0.439,0.002,0.487
0.0,0.0,348.0,41.09,0.51,-12.69,0.636,0.383,0.691,0.002,0.012,0.263,-0.025,0.302,-0.004,0.071,-0.001,0.146
0.0,0.0,368.0,41.28,0.44,-11.27,0.434,0.379,0.399,0.004,-0.004,0.013,-0.024,0.04,-0.008,0.014,-0.002,0.011
0.0,0.0,388.0,41.38,0.5,-9.99,0.364,0.369,0.313,-0.002,-0.007,-0.013,-0.03,0.011,-0.009,0.006,-0.003,-0.001
0.0,0.0,413.0,41.61,0.48,-8.62,0.332,0.366,0.277,0.0,-0.006,-0.023,-0.028,0.009,-0.009,0.005,-0.005,-0.003
0.0,0.0,438.0,41.68,0.48,-7.44,0.317,0.364,0.247,-0.002,-0.005,-0.021,-0.033,0.004,-0.008,0.004,-0.003,-0.003
0.0,0.0,488.0,41.73,0.4,-5.45,0.315,0.372,0.231,-0.004,-0.004,-0.027,-0.039,0.006,-0.015,0.005,0.0,-0.003
0.0,0.0,538.0,41.74,0.32,-4.07,0.315,0.386,0.265,-0.003,-0.003,-0.024,-0.043,0.011,-0.012,0.005,0.001,-0.002
0.0,10.0,243.0,12.85,0.44,-6.74,4.949,5.882,4.153,0.24,-11.618,61.571,25.636,-22.465,8.928,-26.354,38.595,14.846
0.0,10.0,248.0,14.92,-0.5,-7.86,5.462,6.42,5.608,-1.52,-12.167,56.786,18.799,-66.508,2.428,-31.195,26.017,28.056
0.0,10.0,253.0,16.53,-1.11,-8.71,5.835,6.763,6.68,-1.532,-14.497,47.704,56.155,-67.366,2.513,-27.496,17.209,33.727
0.0,10.0,258.0,18.41,-1.76,-9.58,6.301,7.174,7.336,-1.781,-17.886,37.103,17.185,-20.426,3.916,-17.296,-0.277,9.264
0.0,10.0,268.0,21.44,-0.39,-11.21,7.723,7.286,9.063,-1.224,-27.217,-26.876,-0.43,182.656,12.829,2.87,-31.617,-44.759
0.0,10.0,278.0,26.63,-0.09,-13.11,7.974,6.549,8.693,0.157,-31.494,-198.879,3.468,448.152,6.745,118.984,-87.279,-216.045
0.0,10.0,288.0,32.1,0.24,-14.44,7.308,5.095,7.773,-1.285,-27.007,-382.208,7.398,533.52,10.628,228.061,-95.913,-309.148
0.0,10.0,298.0,36.68,0.18,-15.29,5.628,3.3,6.163,0.125,-14.351,-309.807,4.645,390.987,-3.682,189.782,-43.32,-243.264
0.0,10.0,308.0,39.35,0.14,-15.31,3.421,1.814,4.459,0.057,-4.332,-93.658,4.119,203.249,1.437,63.206,-8.526,-98.064
0.0,10.0,318.0,40.44,0.12,-14.91,1.978,0.861,2.75,0.064,-0.567,-9.258,-1.475,47.585,-0.379,11.05,-0.244,-11.853
0.0,10.0,328.0,40.77,0.25,-14.3,1.218,0.514,1.561,-0.005,0.093,2.579,-0.04,8.237,-0.044,1.202,0.083,0.978
0.0,10.0,338.0,40.88,0.23,-13.61,0.837,0.461,0.937,-0.002,0.066,1.075,-0.074,1.014,-0.015,0.266,0.03,0.538
0.0,10.0,348.0,40.99,0.06,-12.87,0.617,0.439,0.65,-0.009,0.021,0.242,-0.071,0.296,-0.026,0.092,0.026,0.099
0.0,10.0,368.0,41.2,-0.03,-11.42,0.428,0.416,0.391,-0.023,-0.003,0.009,-0.085,0.025,-0.035,0.011,0.027,0.01
0.0,10.0,388.0,41.36,0.15,-10.15,0.365,0.42,0.32,-0.029,-0.011,-0.016,-0.09,0.012,-0.04,0.007,0.034,-0.002
0.0,10.0,413.0,41.59,0.14,-8.78,0.33,0.418,0.27,-0.033,-0.005,-0.018,-0.085,0.01,-0.04,0.005,0.038,-0.003
0.0,10.0,438.0,41.66,0.19,-7.53,0.32,0.423,0.248,-0.044,-0.004,-0.021,-0.098,0.005,-0.055,0.004,0.049,-0.003
0.0,10.0,488.0,41.73,0.26,-5.5,0.309,0.416,0.235,-0.048,-0.004,-0.021,-0.093,0.007,-0.065,0.003,0.05,-0.002
0.0,10.0,538.0,41.72,0.21,-4.17,0.314,0.414,0.26,-0.058,-0.004,-0.022,-0.081,0.01,-0.077,0.005,0.051,-0.003
0.0,20.0,243.0,13.06,-0.02,-6.88,4.815,6.008,4.028,0.894,-11.007,58.111,44.425,-25.974,6.97,-23.282,43.268,17.385
0.0,20.0,248.0,15.36,-0.85,-7.9,5.355,6.363,5.607,-0.533,-11.521,58.126,21.96,-62.719,3.829,-31.099,32.158,25.162
0.0,20.0,253.0,17.04,-1.56,-8.78,5.697,6.522,6.488,-0.856,-13.445,36.871,32.94,-54.646,-2.804,-19.345,16.354,26.647
0.0,20.0,258.0,19.24,-2.04,-9.99,6.196,6.966,7.181,-1.231,-16.959,25.18,56.494,-8.717,-0.265,-15.216,9.593,2.715
0.0,20.0,268.0,22.43,-1.27,-11.67,7.538,7.177,8.866,-4.044,-24.652,-41.122,20.306,207.507,5.359,16.127,-41.325,-54.957
0.0,20.0,278.0,27.64,-0.66,-13.62,7.624,6.433,8.42,-2.046,-28.533,-208.351,36.294,467.971,14.972,126.139,-91.563,-201.157
0.0,20.0,288.0,33.12,-0.08,-15.11,6.878,4.943,7.287,-2.164,-22.442,-374.829,42.154,468.253,24.337,224.119,-95.72,-283.859
0.0,20.0,298.0,37.32,-0.13,-15.69,4.965,3.101,5.61,-0.416,-10.116,-228.218,20.196,318.729,4.448,134.752,-34.246,-175.975
0.0,20.0,308.0,39.58,-0.12,-15.61,2.975,1.704,3.753,0.066,-2.744,-61.361,11.171,111.183,3.097,42.052,-2.948,-50.849
0.0,20.0,318.0,40.48,-0.17,-15.07,1.672,0.816,2.257,0.043,-0.239,-0.945,1.132,23.028,0.261,3.333,-0.224,-2.508
0.0,20.0,328.0,40.72,-0.2,-14.37,1.11,0.505,1.307,-0.01,0.084,2.5,0.009,4.246,-0.02,0.914,0.092,0.882
0.0,20.0,338.0,40.81,-0.25,-13.67,0.757,0.432,0.859,-0.022,0.041,0.602,-0.007,0.698,-0.014,0.21,0.026,0.34
0.0,20.0,348.0,40.89,-0.38,-12.99,0.576,0.392,0.608,-0.032,0.015,0.187,-0.013,0.245,-0.027,0.072,0.006,0.094
0.0,20.0,368.0,41.12,-0.4,-11.57,0.41,0.37,0.386,-0.03,-0.007,0.01,-0.018,0.024,-0.029,0.01,0.007,0.006
0.0,20.0,388.0,41.38,-0.24,-10.18,0.353,0.366,0.307,-0.036,-0.009,-0.01,-0.022,0.01,-0.03,0.006,0.007,-0.001
0.0,20.0,413.0,41.56,-0.22,-8.77,0.329,0.367,0.273,-0.035,-0.005,-0.017,-0.02,0.009,-0.021,0.004,0.006,-0.003
0.0,20.0,438.0,41.63,-0.06,-7.5,0.315,0.368,0.248,-0.03,-0.005,-0.021,-0.021,0.005,-0.02,0.005,0.003,-0.003
0.0,20.0,488.0,41.73,0.12,-5.5,0.313,0.365,0.234,-0.028,-0.005,-0.021,-0.026,0.007,-0.016,0.004,0.001,-0.003
0.0,20.0,538.0,41.72,0.05,-4.19,0.31,0.373,0.258,-0.027,-0.003,-0.02,-0.023,0.013,-0.02,0.004,-0.001,-0.004
0.0,30.0,243.0,13.32,-0.65,-6.96,4.638,5.482,3.928,0.097,-10.465,48.551,45.325,-20.0,0.793,-21.177,34.911,12.356
0.0,30.0,248.0,16.0,-1.46,-8.23,5.175,6.041,5.528,-0.999,-10.976,44.875,38.049,-57.363,5.483,-21.307,27.459,21.837
0.0,30.0,253.0,17.99,-2.09,-9.09,5.574,6.462,6.386,-1.143,-12.472,33.418,45.5,-56.159,6.875,-17.8,20.562,15.623
0.0,30.0,258.0,20.35,-2.47,-10.31,6.056,6.564,6.953,0.207,-15.969,16.55,36.219,15.046,4.357,-4.255,10.608,-8.528
0.0,30.0,268.0,24.25,-1.73,-12.57,7.202,6.99,8.404,-4.604,-22.29,-77.172,40.436,217.011,7.297,48.665,-50.474,-75.263
0.0,30.0,278.0,29.31,-1.09,-14.52,7.166,6.033,7.725,-3.442,-23.266,-211.037,68.148,387.995,22.021,118.471,-96.251,-190.316
0.0,30.0,288.0,34.49,-0.64,-15.89,6.217,4.438,6.504,-2.204,-17.38,-327.456,43.558,402.967,22.934,188.784,-75.747,-233.468
0.0,30.0,298.0,38.06,-0.57,-16.19,4.259,2.715,4.813,-0.468,-6.732,-160.937,26.82,214.297,9.855,86.685,-22.14,-118.777
0.0,30.0,308.0,39.8,-0.54,-15.84,2.588,1.437,3.19,0.02,-1.739,-41.175,8.776,83.878,2.918,30.948,-2.999,-36.718
0.0,30.0,318.0,40.43,-0.55,-15.13,1.467,0.732,1.93,0.119,-0.136,0.217,0.506,20.086,0.291,2.868,0.36,-1.658
0.0,30.0,328.0,40.66,-0.73,-14.4,0.952,0.484,1.132,0.042,0.041,1.552,0.055,5.217,0.06,0.297,0.057,0.798
0.0,30.0,338.0,40.78,-0.76,-13.65,0.679,0.407,0.748,0.001,0.005,0.411,-0.009,0.436,-0.003,0.088,0.007,0.205
0.0,30.0,348.0,40.88,-0.76,-12.96,0.523,0.38,0.547,-0.001,-0.004,0.108,-0.018,0.117,-0.011,0.027,0.0,0.044
0.0,30.0,368.0,41.12,-0.79,-11.52,0.394,0.356,0.355,-0.009,-0.012,0.003,-0.017,0.011,-0.015,0.006,-0.002,0.003
0.0,30.0,388.0,41.37,-0.58,-10.09,0.348,0.357,0.299,-0.01,-0.011,-0.013,-0.019,0.011,-0.012,0.005,-0.003,-0.002
0.0,30.0,413.0,41.56,-0.52,-8.62,0.33,0.36,0.264,-0.009,-0.007,-0.019,-0.019,0.008,-0.014,0.004,-0.004,-0.003
0.0,30.0,438.0,41.65,-0.35,-7.31,0.314,0.363,0.236,-0.008,-0.004,-0.019,-0.021,0.005,-0.014,0.003,-0.003,-0.002
0.0,30.0,488.0,41.75,-0.02,-5.48,0.308,0.364,0.237,-0.011,-0.004,-0.02,-0.025,0.007,-0.015,0.004,-0.004,-0.002
0.0,30.0,538.0,41.74,-0.12,-4.13,0.305,0.373,0.259,-0.009,-0.003,-0.02,-0.026,0.01,-0.015,0.005,-0.005,-0.003
0.0,40.0,243.0,13.54,-1.53,-6.95,4.508,5.366,3.844,0.143,-9.669,45.131,37.633,-18.747,15.783,-18.568,35.395,11.494
0.0,40.0,248.0,16.73,-2.38,-8.56,5.083,5.882,5.499,-1.453,-11.469,41.412,49.991,-54.526,7.302,-20.3,27.286,19.607
0.0,40.0,253.0,19.2,-2.93,-9.58,5.468,6.119,6.203,-1.085,-12.929,20.677,28.543,-46.476,6.58,-4.686,18.072,6.086
0.0,40.0,258.0,22.0,-3.05,-11.1,5.915,6.432,6.814,-2.2,-15.745,-7.385,31.213,23.253,3.424,9.443,13.124,-18.166
0.0,40.0,268.0,26.11,-2.19,-13.28,6.879,6.658,7.834,-3.838,-20.143,-93.763,54.747,213.326,2.312,53.99,-64.999,-89.822
0.0,40.0,278.0,31.28,-1.4,-15.42,6.717,5.298,7.035,-4.351,-19.812,-236.377,67.986,363.803,30.722,129.781,-85.595,-181.091
0.0,40.0,288.0,35.98,-1.16,-16.53,5.342,3.593,5.569,-1.81,-12.236,-254.625,43.532,292.593,26.591,135.274,-46.989,-169.47
0.0,40.0,298.0,38.74,-1.12,-16.55,3.464,2.18,3.946,-0.231,-3.938,-96.447,18.274,131.747,7.414,53.5,-10.206,-70.865
0.0,40.0,308.0,39.97,-1.01,-15.92,1.934,1.142,2.489,0.161,-0.779,-9.81,2.338,39.901,1.193,9.922,0.323,-12.6
0.0,40.0,318.0,40.37,-1.04,-15.13,1.197,0.657,1.431,0.107,-0.001,2.374,0.786,5.947,0.263,0.669,0.151,0.801
0.0,40.0,328.0,40.58,-1.16,-14.32,0.806,0.468,0.9,0.046,-0.001,0.849,0.027,1.097,0.045,0.15,0.041,0.291
0.0,40.0,338.0,40.71,-1.14,-13.55,0.592,0.391,0.633,0.009,-0.003,0.23,-0.022,0.19,-0.003,0.056,0.003,0.091
0.0,40.0,348.0,40.86,-1.12,-12.83,0.488,0.376,0.488,0.002,-0.008,0.073,-0.026,0.081,-0.009,0.022,0.001,0.032
0.0,40.0,368.0,41.11,-1.13,-11.37,0.38,0.36,0.335,-0.004,-0.013,-0.006,-0.025,0.012,-0.013,0.004,-0.003,0.001
0.0,40.0,388.0,41.33,-0.94,-9.97,0.35,0.354,0.292,-0.008,-0.009,-0.022,-0.025,0.009,-0.013,0.005,-0.005,-0.003
0.0,40.0,413.0,41.53,-0.88,-8.51,0.325,0.347,0.259,-0.006,-0.007,-0.02,-0.019,0.008,-0.011,0.004,-0.002,-0.003
0.0,40.0,438.0,41.63,-0.62,-7.27,0.311,0.35,0.232,-0.01,-0.005,-0.018,-0.018,0.005,-0.008,0.004,-0.004,-0.002
0.0,40.0,488.0,41.74,-0.2,-5.4,0.305,0.366,0.234,-0.013,-0.003,-0.018,-0.025,0.007,-0.016,0.004,-0.002,-0.002
0.0,40.0,538.0,41.72,-0.29,-4.06,0.308,0.368,0.259,-0.013,-0.004,-0.024,-0.019,0.01,-0.018,0.004,-0.001,-0.002
0.0,50.0,243.0,13.81,-2.33,-7.05,4.423,5.089,3.764,-1.466,-9.685,43.589,41.198,-20.341,4.681,-20.741,29.944,13.41
0.0,50.0,248.0,17.34,-3.27,-8.73,4.914,5.665,5.332,-2.532,-11.005,31.123,47.826,-47.122,0.964,-13.315,23.576,12.18
0.0,50.0,253.0,20.59,-3.58,-10.3,5.363,5.924,6.056,-3.592,-13.171,10.459,21.689,-13.228,-2.123,-3.09,17.566,2.293
0.0,50.0,258.0,23.86,-3.6,-11.88,5.651,6.275,6.382,-3.31,-15.288,-36.302,27.944,46.032,1.53,19.114,4.095,-33.04
0.0,50.0,268.0,28.14,-2.59,-14.15,6.416,6.021,7.117,-3.269,-17.629,-121.559,56.071,222.857,16.837,64.559,-56.453,-96.028
0.0,50.0,278.0,33.53,-1.73,-16.3,5.858,4.448,6.006,-3.745,-14.98,-227.47,56.682,283.124,35.692,119.586,-68.396,-162.721
0.0,50.0,288.0,37.39,-1.59,-17.15,4.263,2.909,4.28,-1.152,-6.476,-161.474,41.28,153.712,18.115,73.834,-27.548,-91.353
0.0,50.0,298.0,39.23,-1.65,-16.77,2.532,1.617,2.93,0.041,-1.817,-42.131,9.867,65.45,2.977,21.489,-4.148,-30.747
0.0,50.0,308.0,39.97,-1.49,-15.93,1.478,0.882,1.728,0.132,-0.308,-2.299,1.582,10.438,0.476,2.514,0.294,-3.425
0.0,50.0,318.0,40.26,-1.54,-15.03,0.94,0.575,1.148,0.071,-0.088,1.106,0.147,5.94,0.073,0.318,0.074,-0.437
0.0,50.0,328.0,40.48,-1.59,-14.18,0.662,0.461,0.733,0.035,-0.02,0.434,-0.007,0.293,0.018,0.057,0.021,0.141
0.0,50.0,338.0,40.65,-1.55,-13.38,0.531,0.42,0.535,0.014,-0.024,0.14,-0.025,0.083,-0.005,0.023,0.006,0.045
0.0,50.0,348.0,40.8,-1.56,-12.63,0.438,0.398,0.443,0.01,-0.014,0.035,-0.027,0.043,-0.009,0.011,-0.003,0.011
0.0,50.0,368.0,41.06,-1.51,-11.16,0.369,0.373,0.316,0.007,-0.012,-0.003,-0.025,0.013,-0.007,0.005,-0.003,0.0
0.0,50.0,388.0,41.28,-1.31,-9.88,0.341,0.376,0.287,0.01,-0.007,-0.013,-0.031,0.006,-0.004,0.005,-0.004,-0.002
0.0,50.0,413.0,41.48,-1.21,-8.43,0.318,0.366,0.258,0.008,-0.009,-0.013,-0.026,0.007,-0.008,0.006,-0.003,-0.003
0.0,50.0,438.0,41.6,-0.9,-7.23,0.316,0.365,0.232,0.012,-0.005,-0.02,-0.018,0.005,-0.005,0.005,0.001,-0.003
0.0,50.0,488.0,41.71,-0.48,-5.25,0.303,0.389,0.228,0.013,-0.002,-0.018,-0.026,0.007,-0.007,0.003,-0.002,-0.002
0.0,50.0,538.0,41.66,-0.56,-3.95,0.312,0.383,0.266,0.007,-0.005,-0.018,-0.031,0.01,-0.011,0.004,0.0,-0.002
0.0,60.0,243.0,14.11,-2.92,-7.1,4.066,4.87,3.571,-2.162,-8.248,31.956,17.71,-16.733,4.334,-11.999,14.605,8.658
0.0,60.0,248.0,18.09,-3.52,-8.91,4.613,5.382,5.069,-2.975,-10.487,22.201,28.694,-31.24,3.009,-12.054,10.296,12.338
0.0,60.0,253.0,21.96,-4.17,-10.8,5.078,5.618,5.581,-3.642,-12.327,-10.473,31.949,9.988,-0.127,4.677,3.967,-8.326
0.0,60.0,258.0,25.89,-3.98,-12.65,5.339,5.881,5.796,-3.516,-14.172,-56.101,43.437,70.131,2.628,32.083,-5.597,-42.619
0.0,60.0,268.0,30.11,-2.72,-15.01,5.696,5.325,6.088,-2.012,-14.304,-120.85,49.133,178.638,17.222,68.865,-47.714,-97.676
0.0,60.0,278.0,35.47,-2.19,-17.01,4.747,3.613,4.626,-1.609,-8.692,-170.996,35.188,159.685,16.593,76.688,-43.101,-94.884
0.0,60.0,288.0,38.36,-2.11,-17.38,3.201,2.151,3.256,-0.553,-3.504,-90.941,20.699,81.872,10.954,43.792,-13.758,-51.841
0.0,60.0,298.0,39.55,-2.18,-16.76,1.786,1.201,2.062,0.154,-0.832,-12.627,6.809,26.809,2.219,7.847,-0.692,-10.872
0.0,60.0,308.0,39.95,-2.13,-15.8,1.073,0.72,1.248,0.121,-0.181,0.408,0.451,3.431,0.171,0.659,0.222,-0.092
0.0,60.0,318.0,40.21,-2.13,-14.83,0.751,0.572,0.805,0.063,-0.056,0.661,0.043,0.575,0.039,-0.067,0.054,0.218
0.0,60.0,328.0,40.41,-2.19,-13.94,0.553,0.504,0.598,0.033,-0.027,0.173,-0.066,0.118,0.001,0.028,0.032,0.044
0.0,60.0,338.0,40.59,-2.13,-13.16,0.46,0.478,0.472,0.013,-0.018,0.048,-0.083,0.066,-0.007,0.011,0.032,0.02
0.0,60.0,348.0,40.76,-2.15,-12.4,0.411,0.472,0.413,0.0,-0.016,0.016,-0.102,0.03,-0.025,0.008,0.034,0.005
0.0,60.0,368.0,41.03,-1.95,-11.0,0.356,0.468,0.303,-0.005,-0.009,-0.003,-0.101,0.013,-0.027,0.004,0.037,-0.002
0.0,60.0,388.0,41.22,-1.79,-9.81,0.344,0.47,0.282,-0.001,-0.007,-0.015,-0.123,0.007,-0.019,0.005,0.035,-0.003
0.0,60.0,413.0,41.47,-1.56,-8.37,0.327,0.455,0.261,-0.004,-0.008,-0.015,-0.117,0.006,-0.022,0.006,0.029,-0.003
0.0,60.0,438.0,41.6,-1.2,-7.14,0.314,0.44,0.229,-0.004,-0.007,-0.021,-0.116,0.007,-0.027,0.004,0.035,-0.003
0.0,60.0,488.0,41.68,-0.76,-5.11,0.317,0.432,0.226,0.002,-0.003,-0.027,-0.087,0.007,-0.017,0.004,0.03,-0.002
0.0,60.0,538.0,41.65,-0.67,-3.78,0.309,0.439,0.266,-0.004,-0.006,-0.017,-0.091,0.012,-0.014,0.004,0.031,-0.004
0.0,70.0,243.0,14.64,-3.15,-7.19,3.795,4.623,3.342,-2.3,-7.26,28.838,15.047,-18.435,0.971,-13.161,11.121,12.118
0.0,70.0,248.0,19.0,-4.33,-9.17,4.357,5.235,4.641,-3.561,-9.153,14.056,35.974,-25.083,1.217,-6.737,12.246,8.421
0.0,70.0,253.0,23.12,-4.63,-11.15,4.823,5.401,5.271,-4.2,-11.835,-12.131,36.766,11.075,8.009,6.521,-4.03,-13.32
0.0,70.0,258.0,27.72,-4.43,-13.32,4.925,5.449,5.083,-2.645,-11.777,-70.276,42.401,71.579,7.468,37.587,-6.434,-48.821
0.0,70.0,268.0,31.86,-2.7,-15.53,5.066,4.68,5.318,-2.636,-12.561,-118.283,41.738,164.671,14.331,69.595,-47.941,-95.937
0.0,70.0,278.0,36.97,-2.47,-17.35,3.531,2.895,3.557,-1.135,-5.018,-93.688,31.43,97.035,10.989,49.39,-26.866,-57.742
0.0,70.0,288.0,38.96,-2.56,-17.38,2.099,1.57,2.18,0.027,-1.514,-34.997,10.094,31.732,1.819,18.31,-4.866,-19.104
0.0,70.0,298.0,39.53,-2.73,-16.58,1.185,0.839,1.36,0.125,-0.342,-3.463,1.147,8.403,0.29,2.087,0.143,-2.721
0.0,70.0,308.0,39.81,-2.77,-15.63,0.771,0.627,0.856,0.084,-0.083,0.668,0.056,1.036,0.052,0.252,0.124,0.376
0.0,70.0,318.0,40.04,-2.79,-14.65,0.624,0.542,0.63,0.04,-0.04,-0.596,-0.064,0.356,-0.002,0.088,0.04,0.079
0.0,70.0,328.0,40.26,-2.83,-13.73,0.46,0.501,0.491,0.019,-0.027,0.061,-0.081,0.04,-0.011,0.006,0.039,0.02
0.0,70.0,338.0,40.46,-2.74,-12.93,0.398,0.475,0.413,0.012,-0.018,0.02,-0.082,0.033,-0.01,0.007,0.029,0.005
0.0,70.0,348.0,40.62,-2.64,-12.17,0.368,0.464,0.376,0.007,-0.011,0.003,-0.087,0.015,-0.011,0.006,0.024,0.001
0.0,70.0,368.0,40.9,-2.44,-10.79,0.345,0.458,0.296,0.007,-0.013,-0.013,-0.081,0.01,-0.007,0.004,0.025,-0.002
0.0,70.0,388.0,41.08,-2.24,-9.54,0.339,0.467,0.27,-0.001,-0.009,-0.019,-0.097,0.005,-0.009,0.006,0.026,-0.002
0.0,70.0,413.0,41.37,-1.82,-8.12,0.323,0.464,0.263,-0.003,-0.009,-0.017,-0.098,0.007,-0.014,0.005,0.032,-0.003
0.0,70.0,438.0,41.53,-1.48,-6.93,0.316,0.442,0.227,-0.001,-0.008,-0.017,-0.092,0.006,-0.013,0.005,0.026,-0.003
0.0,70.0,488.0,41.6,-0.95,-4.93,0.313,0.437,0.228,-0.005,-0.005,-0.02,-0.1,0.008,-0.018,0.004,0.035,-0.002
0.0,70.0,538.0,41.57,-0.81,-3.61,0.308,0.44,0.254,-0.003,-0.006,-0.017,-0.095,0.008,-0.007,0.005,0.029,-0.003
0.0,80.0,243.0,16.28,-3.55,-7.86,3.554,4.408,3.11,-2.526,-6.129,11.862,7.976,-5.859,-1.47,-2.859,14.45,1.899
0.0,80.0,248.0,21.25,-4.82,-10.27,4.108,5.015,4.248,-4.74,-8.25,-2.457,25.831,-5.832,1.446,0.053,1.411,-1.163
0.0,80.0,253.0,25.57,-5.04,-12.23,4.315,5.041,4.454,-3.969,-9.501,-26.899,26.543,22.344,3.32,13.805,-2.081,-17.132
0.0,80.0,258.0,30.05,-4.72,-14.43,4.169,4.985,4.166,-4.332,-8.873,-60.045,36.062,56.556,8.355,34.442,-12.262,-39.432
0.0,80.0,268.0,33.12,-3.09,-16.32,4.164,3.722,4.188,-1.862,-8.284,-88.36,30.978,107.242,13.976,50.78,-34.326,-63.363
0.0,80.0,278.0,37.59,-2.87,-17.69,2.451,2.092,2.482,-0.533,-2.204,-40.83,15.827,39.525,6.597,18.898,-10.728,-23.123
0.0,80.0,288.0,39.09,-3.13,-17.33,1.352,1.021,1.465,0.141,-0.533,-10.929,2.318,10.525,0.537,4.614,-0.315,-5.554
0.0,80.0,298.0,39.5,-3.35,-16.37,0.801,0.72,0.938,0.123,-0.168,0.4,0.698,2.463,0.183,0.273,0.132,-0.412
0.0,80.0,308.0,39.75,-3.5,-15.35,0.594,0.561,0.64,0.051,-0.075,0.205,-0.053,0.413,0.004,-0.016,0.038,0.041
0.0,80.0,318.0,39.97,-3.5,-14.43,0.484,0.501,0.519,0.027,-0.035,0.065,-0.08,0.07,-0.009,0.015,0.025,0.03
0.0,80.0,328.0,40.16,-3.42,-13.61,0.409,0.459,0.437,0.024,-0.021,0.008,-0.076,0.025,-0.003,0.009,0.013,0.003
0.0,80.0,338.0,40.35,-3.27,-12.85,0.365,0.443,0.378,0.015,-0.015,0.008,-0.076,0.026,0.004,0.004,0.017,0.001
0.0,80.0,348.0,40.52,-3.16,-12.04,0.343,0.442,0.346,0.014,-0.011,-0.003,-0.089,0.013,-0.003,0.005,0.016,-0.001
0.0,80.0,368.0,40.85,-2.92,-10.54,0.337,0.446,0.29,0.011,-0.013,-0.009,-0.075,0.01,-0.004,0.005,0.019,-0.003
0.0,80.0,388.0,41.11,-2.63,-9.16,0.337,0.454,0.249,0.008,-0.007,-0.019,-0.077,0.006,-0.006,0.005,0.019,-0.003
0.0,80.0,413.0,41.35,-2.12,-7.76,0.319,0.443,0.262,0.013,-0.009,-0.012,-0.078,0.005,-0.005,0.006,0.014,-0.003
0.0,80.0,438.0,41.5,-1.75,-6.66,0.312,0.452,0.239,0.009,-0.008,-0.015,-0.093,0.008,-0.006,0.005,0.02,-0.003
0.0,80.0,488.0,41.61,-1.12,-4.74,0.305,0.431,0.237,0.007,-0.004,-0.016,-0.092,0.009,-0.005,0.003,0.02,-0.003
0.0,80.0,538.0,41.58,-0.89,-3.5,0.31,0.426,0.247,0.003,-0.006,-0.018,-0.086,0.006,-0.006,0.005,0.02,-0.003
0.0,90.0,243.0,18.15,-3.74,-8.64,3.439,4.269,3.064,-3.081,-6.001,5.596,6.564,-1.549,2.172,-1.353,7.402,0.129
0.0,90.0,248.0,23.98,-5.09,-11.76,3.689,4.559,3.816,-4.741,-7.024,-10.919,21.846,8.019,3.147,7.087,-2.55,-7.384
0.0,90.0,253.0,28.8,-5.41,-14.15,3.659,4.513,3.633,-5.817,-6.897,-35.701,31.531,31.206,6.962,20.794,-9.155,-21.708
0.0,90.0,258.0,32.83,-5.11,-16.01,3.142,4.295,2.977,-4.721,-4.762,-43.176,39.451,30.947,12.64,20.141,-21.428,-23.371
0.0,90.0,268.0,35.18,-3.43,-17.51,3.119,2.771,3.041,-1.876,-4.364,-58.753,23.364,59.892,13.402,33.154,-18.851,-39.372
0.0,90.0,278.0,38.12,-3.51,-18.02,1.577,1.39,1.75,-0.051,-0.944,-12.196,6.408,17.725,2.144,7.494,-3.29,-10.068
0.0,90.0,288.0,39.07,-3.84,-17.27,0.845,0.732,0.925,0.101,-0.174,-0.96,0.973,1.89,0.453,0.752,-0.165,-0.918
0.0,90.0,298.0,39.38,-4.17,-16.25,0.598,0.571,0.652,0.056,-0.076,0.19,0.114,0.439,0.04,0.075,0.027,-0.002
0.0,90.0,308.0,39.62,-4.28,-15.3,0.488,0.476,0.508,0.024,-0.035,0.055,0.002,0.078,-0.004,0.016,0.003,0.05
0.0,90.0,318.0,39.84,-4.18,-14.42,0.417,0.433,0.454,0.012,-0.023,0.008,-0.01,0.045,-0.008,0.007,-0.004,0.006
0.0,90.0,328.0,40.05,-4.03,-13.58,0.362,0.409,0.373,0.005,-0.014,-0.002,-0.02,0.014,-0.01,0.007,-0.004,0.003
0.0,90.0,338.0,40.27,-3.85,-12.71,0.334,0.402,0.336,-0.001,-0.016,-0.002,-0.022,0.017,-0.01,0.004,-0.005,-0.001
0.0,90.0,348.0,40.47,-3.69,-11.82,0.33,0.391,0.314,-0.003,-0.014,-0.011,-0.026,0.007,-0.012,0.005,-0.007,-0.001
0.0,90.0,368.0,40.83,-3.33,-10.23,0.323,0.382,0.277,-0.006,-0.012,-0.009,-0.026,0.007,-0.008,0.003,-0.001,-0.002
0.0,90.0,388.0,41.11,-3.09,-8.8,0.325,0.366,0.25,-0.008,-0.009,-0.011,-0.022,0.007,-0.012,0.005,-0.004,-0.003
0.0,90.0,413.0,41.35,-2.44,-7.42,0.319,0.381,0.243,-0.011,-0.008,-0.016,-0.016,0.004,-0.006,0.005,-0.004,-0.003
0.0,90.0,438.0,41.5,-2.03,-6.38,0.314,0.385,0.252,-0.01,-0.006,-0.017,-0.023,0.006,-0.011,0.004,-0.007,-0.003
0.0,90.0,488.0,41.6,-1.26,-4.6,0.308,0.357,0.243,-0.011,-0.006,-0.014,-0.028,0.008,-0.01,0.005,-0.006,-0.003
0.0,90.0,538.0,41.62,-0.95,-3.44,0.298,0.353,0.239,-0.013,-0.005,-0.014,-0.025,0.005,-0.014,0.004,-0.004,-0.002
0.0,100.0,243.0,20.17,-3.58,-9.77,3.385,4.049,3.112,-2.615,-6.203,2.37,2.206,-0.116,-0.012,-0.642,5.38,-0.388
0.0,100.0,248.0,26.9,-5.3,-13.22,3.296,4.088,3.333,-4.647,-5.772,-15.11,23.7,14.443,6.115,9.203,-11.369,-10.397
0.0,100.0,253.0,31.76,-5.57,-15.74,2.661,3.7,2.669,-4.666,-3.687,-23.487,28.918,21.018,11.667,13.139,-16.287,-14.193
0.0,100.0,258.0,34.86,-5.49,-17.28,2.047,3.245,1.926,-3.595,-1.924,-20.098,31.934,12.395,15.914,8.598,-20.223,-8.487
0.0,100.0,268.0,37.41,-4.01,-18.6,2.013,1.793,1.873,-0.707,-1.446,-28.779,11.354,20.03,5.747,12.515,-6.55,-14.005
0.0,100.0,278.0,38.52,-4.31,-18.31,0.92,0.897,1.078,0.046,-0.283,-2.129,1.661,4.58,0.635,1.949,-0.344,-2.692
0.0,100.0,288.0,38.85,-4.76,-17.49,0.586,0.593,0.637,0.048,-0.053,0.142,0.26,0.179,0.019,0.012,0.071,0.055
0.0,100.0,298.0,39.1,-5.04,-16.47,0.482,0.481,0.52,-0.002,-0.033,0.06,-0.005,0.115,-0.047,0.027,0.019,0.033
0.0,100.0,308.0,39.38,-5.09,-15.4,0.422,0.431,0.419,-0.007,-0.025,0.011,-0.016,0.036,-0.08,0.01,0.008,0.006
0.0,100.0,318.0,39.67,-4.95,-14.38,0.381,0.419,0.381,-0.019,-0.022,-0.011,-0.02,0.024,-0.089,0.005,0.009,0.001
0.0,100.0,328.0,39.94,-4.75,-13.34,0.34,0.408,0.317,-0.021,-0.016,-0.014,-0.018,0.009,-0.085,0.005,0.008,-0.001
0.0,100.0,338.0,40.18,-4.53,-12.38,0.318,0.403,0.314,-0.034,-0.015,-0.009,-0.017,0.009,-0.082,0.003,0.009,-0.003
0.0,100.0,348.0,40.4,-4.31,-11.46,0.307,0.402,0.28,-0.036,-0.012,-0.003,-0.02,0.005,-0.076,0.005,0.008,-0.002
0.0,100.0,368.0,40.8,-3.9,-9.84,0.315,0.409,0.264,-0.041,-0.011,-0.007,-0.025,0.005,-0.083,0.003,0.007,-0.002
0.0,100.0,388.0,41.09,-3.4,-8.5,0.318,0.386,0.26,-0.034,-0.009,-0.009,-0.026,0.009,-0.08,0.006,0.01,-0.004
0.0,100.0,413.0,41.33,-2.73,-7.19,0.314,0.376,0.232,-0.04,-0.007,-0.012,-0.018,0.004,-0.073,0.004,0.007,-0.003
0.0,100.0,438.0,41.49,-2.32,-6.18,0.305,0.389,0.256,-0.046,-0.008,-0.011,-0.024,0.007,-0.071,0.004,0.008,-0.002
0.0,100.0,488.0,41.58,-1.46,-4.49,0.303,0.378,0.246,-0.039,-0.006,-0.017,-0.032,0.009,-0.07,0.005,0.008,-0.002
0.0,100.0,538.0,41.61,-1.04,-3.4,0.301,0.353,0.24,-0.043,-0.005,-0.013,-0.025,0.006,-0.056,0.004,0.009,-0.002
0.0,110.0,243.0,22.39,-2.57,-11.09,3.455,3.819,3.221,-2.546,-6.426,-0.788,2.986,4.387,0.997,2.284,-0.055,-2.553
0.0,110.0,248.0,30.24,-4.93,-15.14,2.836,3.585,2.962,-3.322,-4.364,-14.416,13.84,17.058,4.725,8.933,-11.677,-9.637
0.0,110.0,253.0,34.45,-5.6,-17.45,1.683,2.699,1.745,-2.938,-1.263,-5.667,17.196,6.689,12.632,3.767,-13.568,-3.637
0.0,110.0,258.0,36.35,-5.65,-18.52,1.235,2.085,1.219,-1.523,-0.664,-2.425,14.61,2.306,8.008,1.402,-9.545,-1.412
0.0,110.0,268.0,38.19,-4.56,-19.32,0.927,1.021,0.997,-0.112,-0.224,-3.298,2.388,3.973,0.996,1.754,-0.994,-2.294
0.0,110.0,278.0,38.34,-5.15,-18.84,0.55,0.605,0.625,0.031,-0.069,0.15,0.356,0.454,0.017,-0.021,0.013,0.063
0.0,110.0,288.0,38.55,-5.61,-17.84,0.437,0.492,0.484,0.01,-0.03,0.05,0.01,0.099,-0.032,0.018,0.026,0.032
0.0,110.0,298.0,38.82,-5.91,-16.63,0.398,0.454,0.42,-0.001,-0.028,0.016,-0.021,0.04,-0.053,0.006,0.004,0.006
0.0,110.0,308.0,39.16,-5.96,-15.31,0.374,0.431,0.341,-0.009,-0.022,-0.001,-0.022,0.013,-0.061,0.006,0.002,-0.002
0.0,110.0,318.0,39.52,-5.81,-14.08,0.354,0.407,0.328,-0.011,-0.018,-0.008,-0.025,0.012,-0.066,0.006,0.0,-0.001
0.0,110.0,328.0,39.83,-5.57,-12.97,0.328,0.392,0.29,-0.016,-0.015,-0.013,-0.03,0.012,-0.061,0.005,0.003,-0.003
0.0,110.0,338.0,40.1,-5.26,-11.95,0.303,0.381,0.294,-0.017,-0.014,-0.013,-0.028,0.007,-0.06,0.004,0.005,-0.002
0.0,110.0,348.0,40.34,-4.94,-11.07,0.302,0.374,0.258,-0.022,-0.011,-0.01,-0.016,0.008,-0.064,0.003,0.004,-0.002
0.0,110.0,368.0,40.76,-4.38,-9.48,0.312,0.385,0.249,-0.027,-0.008,-0.008,-0.018,0.004,-0.052,0.004,0.005,-0.002
0.0,110.0,388.0,41.07,-3.74,-8.24,0.31,0.389,0.25,-0.036,-0.008,-0.01,-0.027,0.005,-0.058,0.004,0.002,-0.003
0.0,110.0,413.0,41.31,-2.99,-7.02,0.311,0.365,0.222,-0.034,-0.007,-0.012,-0.023,0.006,-0.05,0.004,0.006,-0.002
0.0,110.0,438.0,41.5,-2.52,-5.97,0.309,0.382,0.245,-0.037,-0.009,-0.016,-0.025,0.007,-0.048,0.005,0.007,-0.003
0.0,110.0,488.0,41.59,-1.52,-4.44,0.298,0.379,0.246,-0.037,-0.007,-0.014,-0.034,0.009,-0.047,0.005,0.008,-0.004
0.0,110.0,538.0,41.64,-1.15,-3.37,0.302,0.356,0.242,-0.044,-0.006,-0.016,-0.029,0.007,-0.043,0.005,0.015,-0.003
0.0,120.0,243.0,24.43,-1.67,-11.99,3.667,3.693,3.441,-2.441,-7.39,-1.492,-0.256,4.413,0.649,2.184,1.821,-3.09
0.0,120.0,248.0,33.6,-4.33,-16.9,2.533,2.887,2.676,-2.548,-3.359,-13.415,14.545,19.386,8.517,9.749,-10.879,-10.552
0.0,120.0,253.0,37.08,-5.1,-19.09,1.255,1.723,1.198,-0.583,-0.397,-2.86,5.453,2.412,3.431,1.928,-4.186,-1.559
0.0,120.0,258.0,37.88,-5.38,-19.92,0.888,1.285,0.787,0.187,-0.09,-0.599,1.67,0.051,0.23,-0.012,-1.612,-0.292
0.0,120.0,268.0,38.06,-4.95,-20.16,0.57,0.589,0.623,0.004,-0.06,-0.022,0.061,0.472,-0.018,0.068,0.029,-0.089
0.0,120.0,278.0,37.99,-5.91,-19.6,0.432,0.511,0.448,-0.007,-0.032,0.029,0.015,0.105,-0.035,0.02,0.016,0.008
0.0,120.0,288.0,38.15,-6.7,-18.34,0.371,0.463,0.391,-0.01,-0.024,-0.001,-0.001,0.033,-0.049,0.01,0.009,0.004
0.0,120.0,298.0,38.48,-7.06,-16.76,0.345,0.429,0.344,-0.009,-0.019,-0.004,-0.016,0.028,-0.047,0.005,0.004,-0.001
0.0,120.0,308.0,38.89,-7.07,-15.16,0.339,0.405,0.29,-0.012,-0.016,-0.001,-0.021,0.012,-0.041,0.002,0.003,-0.001
0.0,120.0,318.0,39.33,-6.83,-13.71,0.34,0.398,0.287,-0.006,-0.016,-0.011,-0.019,0.007,-0.059,0.005,-0.005,-0.002
0.0,120.0,328.0,39.72,-6.47,-12.5,0.318,0.395,0.284,-0.009,-0.013,-0.017,-0.021,0.009,-0.053,0.004,-0.002,-0.004
0.0,120.0,338.0,40.05,-6.03,-11.43,0.294,0.397,0.258,-0.012,-0.012,-0.012,-0.024,0.004,-0.056,0.004,-0.003,-0.002
0.0,120.0,348.0,40.3,-5.61,-10.56,0.288,0.385,0.263,-0.012,-0.011,-0.014,-0.029,0.008,-0.051,0.005,0.0,-0.003
0.0,120.0,368.0,40.72,-4.82,-9.12,0.304,0.374,0.232,-0.021,-0.009,-0.005,-0.016,0.006,-0.052,0.002,0.001,-0.003
0.0,120.0,388.0,41.04,-4.09,-7.91,0.309,0.39,0.245,-0.025,-0.008,-0.011,-0.024,0.006,-0.053,0.005,0.0,-0.003
0.0,120.0,413.0,41.32,-3.27,-6.69,0.308,0.37,0.233,-0.028,-0.006,-0.011,-0.028,0.007,-0.046,0.004,0.002,-0.002
0.0,120.0,438.0,41.51,-2.7,-5.66,0.303,0.377,0.231,-0.026,-0.007,-0.014,-0.017,0.005,-0.044,0.004,0.003,-0.003
0.0,120.0,488.0,41.6,-1.82,-4.23,0.3,0.386,0.251,-0.03,-0.006,-0.015,-0.027,0.008,-0.042,0.004,0.004,-0.003
0.0,120.0,538.0,41.65,-1.26,-3.24,0.299,0.359,0.236,-0.032,-0.005,-0.015,-0.027,0.005,-0.038,0.004,0.006,-0.003
0.0,130.0,243.0,27.23,-0.74,-13.37,3.694,3.453,3.533,-1.839,-7.943,-8.115,4.274,11.77,2.224,7.226,-0.869,-8.187
0.0,130.0,248.0,36.3,-2.8,-18.57,1.924,2.051,1.919,-0.851,-1.017,-3.971,6.843,8.72,4.89,2.839,-5.272,-3.798
0.0,130.0,253.0,36.77,-3.27,-20.14,1.793,1.272,1.198,0.528,0.024,-2.282,0.111,0.037,-0.267,-0.034,-0.703,-0.552
0.0,130.0,258.0,36.3,-3.72,-21.16,1.617,1.342,1.077,0.856,0.173,-1.232,-1.532,-0.027,-0.854,-0.013,-1.027,-0.311
0.0,130.0,268.0,37.04,-5.02,-22.35,0.743,0.781,0.647,0.159,-0.04,-0.182,-0.463,0.142,-0.369,0.066,-0.358,-0.036
0.0,130.0,278.0,37.17,-6.89,-21.21,0.44,0.581,0.4,0.022,-0.021,-0.012,-0.15,0.066,-0.111,0.011,-0.084,0.001
0.0,130.0,288.0,37.56,-8.12,-19.07,0.372,0.482,0.321,-0.013,-0.016,-0.008,-0.038,0.018,-0.047,0.008,-0.005,-0.003
0.0,130.0,298.0,38.1,-8.57,-16.79,0.32,0.44,0.29,-0.005,-0.015,-0.013,-0.011,0.013,-0.048,0.005,0.0,-0.002
0.0,130.0,308.0,38.63,-8.41,-14.78,0.31,0.431,0.27,-0.002,-0.013,-0.002,-0.015,0.01,-0.057,0.003,-0.006,-0.002
0.0,130.0,318.0,39.16,-7.96,-13.14,0.328,0.426,0.253,-0.008,-0.015,-0.009,-0.027,0.008,-0.055,0.004,-0.004,-0.003
0.0,130.0,328.0,39.63,-7.4,-11.81,0.308,0.397,0.262,-0.003,-0.013,-0.011,-0.026,0.005,-0.057,0.004,0.0,-0.002
0.0,130.0,338.0,40.01,-6.83,-10.76,0.293,0.392,0.252,-0.007,-0.012,-0.017,-0.016,0.007,-0.055,0.004,-0.005,-0.003
0.0,130.0,348.0,40.3,-6.28,-9.83,0.285,0.398,0.252,-0.013,-0.01,-0.01,-0.02,0.005,-0.045,0.004,-0.003,-0.002
0.0,130.0,368.0,40.76,-5.24,-8.51,0.303,0.367,0.251,-0.015,-0.009,-0.008,-0.022,0.007,-0.045,0.004,-0.004,-0.002
0.0,130.0,388.0,41.08,-4.42,-7.38,0.308,0.398,0.232,-0.024,-0.007,-0.009,-0.02,0.002,-0.041,0.003,0.004,-0.001
0.0,130.0,413.0,41.33,-3.52,-6.34,0.311,0.386,0.234,-0.024,-0.007,-0.008,-0.029,0.005,-0.038,0.002,0.001,-0.002
0.0,130.0,438.0,41.51,-2.93,-5.39,0.308,0.37,0.222,-0.023,-0.008,-0.018,-0.023,0.005,-0.04,0.005,0.003,-0.002
0.0,130.0,488.0,41.61,-1.96,-4.02,0.306,0.397,0.252,-0.027,-0.006,-0.013,-0.03,0.008,-0.033,0.004,0.003,-0.002
0.0,130.0,538.0,41.64,-1.35,-3.2,0.301,0.372,0.237,-0.028,-0.006,-0.018,-0.035,0.006,-0.033,0.004,0.004,-0.002
0.0,140.0,243.0,28.78,2.36,-14.26,3.587,3.299,3.449,-1.266,-7.503,-11.18,2.941,16.833,1.775,10.139,-4.521,-11.455
0.0,140.0,248.0,35.54,0.64,-19.24,1.714,1.445,1.527,-0.089,-0.027,1.566,0.979,1.467,0.853,0.288,-0.393,0.083
0.0,140.0,253.0,36.63,0.05,-22.07,1.306,1.39,1.353,0.339,-0.213,-0.712,-0.793,0.848,-0.08,0.486,-0.365,-0.084
0.0,140.0,258.0,37.26,-1.16,-24.26,0.874,1.537,0.882,0.188,-0.105,-0.163,-0.205,0.194,0.023,0.043,-0.361,-0.222
0.0,140.0,268.0,36.14,-5.28,-25.91,0.691,0.572,0.644,-0.02,-0.001,-0.704,-0.096,-0.264,-0.048,-0.207,-0.016,-0.172
0.0,140.0,278.0,36.1,-8.74,-23.64,0.448,0.507,0.432,-0.017,-0.018,-0.084,-0.016,-0.004,-0.02,0.015,0.001,-0.009
0.0,140.0,288.0,36.81,-10.47,-19.78,0.338,0.477,0.291,-0.003,-0.012,-0.001,-0.009,0.005,-0.023,0.005,-0.003,-0.002
0.0,140.0,298.0,37.7,-10.69,-16.47,0.33,0.44,0.263,0.004,-0.014,-0.011,-0.007,0.007,-0.026,0.005,-0.006,-0.003
0.0,140.0,308.0,38.44,-10.13,-13.99,0.304,0.432,0.259,0.003,-0.012,-0.01,-0.018,0.006,-0.032,0.004,-0.009,-0.003
0.0,140.0,318.0,39.04,-9.34,-12.27,0.317,0.403,0.262,0.003,-0.01,-0.001,-0.022,0.007,-0.027,0.003,-0.011,-0.003
0.0,140.0,328.0,39.56,-8.44,-10.98,0.314,0.424,0.239,-0.004,-0.01,-0.011,-0.018,0.006,-0.021,0.003,-0.008,-0.003
0.0,140.0,338.0,39.97,-7.59,-9.91,0.299,0.403,0.254,0.002,-0.011,-0.019,-0.031,0.007,-0.026,0.004,-0.008,-0.004
0.0,140.0,348.0,40.28,-6.89,-9.09,0.281,0.384,0.233,-0.005,-0.009,-0.009,-0.014,0.006,-0.008,0.004,-0.003,-0.002
0.0,140.0,368.0,40.75,-5.64,-7.81,0.298,0.392,0.247,-0.009,-0.008,-0.003,-0.029,0.007,-0.015,0.003,-0.006,-0.002
0.0,140.0,388.0,41.06,-4.76,-6.9,0.303,0.39,0.221,-0.01,-0.006,-0.009,-0.012,0.006,-0.011,0.004,-0.004,-0.002
0.0,140.0,413.0,41.3,-3.77,-5.96,0.311,0.404,0.238,-0.013,-0.009,-0.008,-0.028,0.006,-0.01,0.003,-0.002,-0.001
0.0,140.0,438.0,41.49,-3.12,-5.13,0.306,0.381,0.215,-0.012,-0.006,-0.012,-0.028,0.006,-0.012,0.004,-0.001,-0.002
0.0,140.0,488.0,41.61,-2.13,-3.97,0.301,0.411,0.252,-0.011,-0.007,-0.022,-0.033,0.007,-0.015,0.006,0.0,-0.003
0.0,140.0,538.0,41.64,-1.46,-3.14,0.297,0.385,0.233,-0.008,-0.005,-0.015,-0.035,0.006,-0.004,0.004,-0.003,-0.002
0.0,150.0,243.0,28.99,6.78,-14.22,3.533,3.365,3.292,0.069,-7.145,-18.396,-2.768,22.458,-3.923,15.962,-7.62,-16.79
0.0,150.0,248.0,37.22,6.13,-20.44,1.486,1.336,1.847,-0.197,-0.263,-0.531,-0.28,0.588,-0.205,0.231,-0.134,-0.308
0.0,150.0,253.0,37.94,5.66,-24.61,1.653,1.44,1.692,0.067,0.616,-5.332,-0.377,-7.338,-0.568,-3.243,-0.443,-2.914
0.0,150.0,258.0,35.74,4.48,-28.72,2.401,1.569,2.139,0.769,1.003,-12.692,-2.368,-7.687,-2.04,-4.199,-1.633,-3.79
0.0,150.0,268.0,29.61,-5.28,-33.0,2.943,2.451,2.052,2.049,-1.57,-11.061,-11.782,0.86,-5.728,1.886,-6.334,-2.427
0.0,150.0,278.0,31.46,-12.91,-27.95,2.434,1.779,1.652,0.851,-1.929,-11.77,-9.227,2.697,-3.709,4.391,-3.851,-3.345
0.0,150.0,288.0,35.71,-14.53,-20.02,0.74,0.584,0.659,0.009,-0.199,-0.812,-0.129,0.464,-0.066,0.478,-0.023,-0.377
0.0,150.0,298.0,37.45,-13.55,-15.15,0.34,0.454,0.25,0.004,-0.019,-0.009,-0.02,0.008,-0.007,0.005,-0.01,-0.004
0.0,150.0,308.0,38.47,-12.1,-12.45,0.293,0.437,0.258,-0.002,-0.015,-0.005,-0.019,0.006,-0.002,0.004,-0.008,-0.003
0.0,150.0,318.0,39.18,-10.7,-10.8,0.31,0.414,0.248,-0.005,-0.012,-0.009,-0.014,0.007,-0.005,0.003,-0.011,-0.003
0.0,150.0,328.0,39.63,-9.46,-9.71,0.309,0.394,0.26,-0.008,-0.01,-0.012,-0.024,0.005,-0.003,0.003,-0.007,-0.002
0.0,150.0,338.0,40.03,-8.38,-8.91,0.289,0.416,0.24,-0.009,-0.01,-0.018,-0.02,0.007,-0.002,0.004,-0.006,-0.003
0.0,150.0,348.0,40.35,-7.39,-8.2,0.279,0.395,0.252,-0.006,-0.008,-0.007,-0.029,0.005,-0.006,0.002,-0.007,-0.002
0.0,150.0,368.0,40.81,-6.01,-7.07,0.301,0.398,0.218,-0.004,-0.007,0.0,-0.027,0.005,-0.009,0.004,-0.006,-0.002
0.0,150.0,388.0,41.12,-5.05,-6.29,0.312,0.379,0.24,-0.004,-0.009,-0.01,-0.018,0.007,-0.006,0.005,-0.004,-0.003
0.0,150.0,413.0,41.35,-3.97,-5.49,0.303,0.412,0.23,-0.005,-0.007,-0.007,-0.029,0.005,-0.009,0.004,-0.005,-0.002
0.0,150.0,438.0,41.52,-3.3,-4.76,0.301,0.389,0.237,-0.002,-0.007,-0.013,-0.03,0.008,-0.009,0.004,-0.006,-0.002
0.0,150.0,488.0,41.63,-2.27,-3.81,0.297,0.409,0.25,0.0,-0.007,-0.014,-0.026,0.008,-0.011,0.004,-0.006,-0.002
0.0,150.0,538.0,41.64,-1.54,-2.95,0.295,0.395,0.232,0.0,-0.005,-0.012,-0.034,0.006,-0.008,0.004,-0.008,-0.002
0.0,160.0,243.0,27.5,0.24,-12.46,3.725,3.777,3.377,3.595,-7.985,-22.406,-11.234,29.149,-21.843,18.044,-11.76,-19.971
0.0,160.0,248.0,39.1,13.14,-19.0,1.991,1.305,2.275,-0.267,0.446,-2.967,-0.095,-4.963,-0.401,-2.776,-0.284,-2.557
0.0,160.0,253.0,37.77,15.18,-22.26,2.834,1.449,2.87,0.467,1.682,-11.631,-0.844,-6.397,-1.346,-4.511,-1.199,-3.675
0.0,160.0,258.0,32.86,16.37,-25.94,2.797,2.123,2.815,0.788,-0.03,-2.138,-3.086,0.23,0.504,-0.105,0.408,-0.969
0.0,160.0,268.0,30.73,-7.37,-37.86,2.671,3.85,2.122,-1.551,0.019,-2.439,20.66,0.7,6.641,-0.367,-7.204,-0.732
0.0,160.0,278.0,29.66,-21.17,-23.12,4.162,3.354,3.602,-0.868,3.529,-15.204,-3.435,-11.441,-0.118,-4.615,-1.01,-7.693
0.0,160.0,288.0,33.32,-21.19,-15.87,2.161,1.439,2.098,0.255,-2.132,-10.051,-4.486,9.253,-1.659,6.05,-1.451,-5.854
0.0,160.0,298.0,37.6,-17.01,-11.81,0.363,0.521,0.403,-0.008,-0.023,-0.007,-0.009,0.073,-0.003,0.012,-0.015,-0.015
0.0,160.0,308.0,38.73,-13.98,-9.86,0.307,0.462,0.288,-0.008,-0.014,-0.006,-0.02,0.007,0.0,0.003,-0.011,-0.004
0.0,160.0,318.0,39.43,-11.88,-8.8,0.311,0.433,0.263,-0.009,-0.012,-0.01,-0.027,0.006,-0.002,0.003,-0.01,-0.003
0.0,160.0,328.0,39.9,-10.24,-8.08,0.295,0.418,0.268,-0.01,-0.009,-0.013,-0.019,0.006,-0.002,0.002,-0.008,-0.003
0.0,160.0,338.0,40.17,-8.96,-7.53,0.279,0.401,0.252,-0.007,-0.01,-0.009,-0.018,0.004,-0.004,0.003,-0.008,-0.003
0.0,160.0,348.0,40.46,-7.85,-7.03,0.282,0.413,0.235,-0.004,-0.008,-0.002,-0.028,0.006,-0.007,0.003,-0.008,-0.002
0.0,160.0,368.0,40.88,-6.33,-6.22,0.3,0.408,0.241,-0.005,-0.008,-0.006,-0.022,0.006,-0.005,0.003,-0.008,-0.002
0.0,160.0,388.0,41.19,-5.31,-5.57,0.304,0.383,0.23,-0.004,-0.008,-0.011,-0.025,0.004,-0.008,0.004,-0.007,-0.002
0.0,160.0,413.0,41.39,-4.15,-4.96,0.302,0.406,0.224,-0.003,-0.006,-0.012,-0.021,0.008,-0.009,0.004,-0.004,-0.003
0.0,160.0,438.0,41.54,-3.38,-4.43,0.301,0.388,0.245,-0.004,-0.007,-0.019,-0.031,0.007,-0.009,0.006,-0.008,-0.003
0.0,160.0,488.0,41.63,-2.38,-3.58,0.301,0.405,0.246,-0.005,-0.007,-0.014,-0.022,0.006,-0.012,0.004,-0.005,-0.003
0.0,160.0,538.0,41.62,-1.58,-2.78,0.293,0.392,0.234,-0.003,-0.005,-0.01,-0.035,0.009,-0.007,0.004,-0.006,-0.002
0.0,170.0,243.0,23.64,13.95,-9.66,4.114,4.648,3.824,5.706,-10.199,-14.222,-27.555,18.235,-34.027,11.173,-28.869,-11.279
0.0,170.0,248.0,40.39,16.42,-13.36,2.189,1.642,2.452,-0.425,0.381,-1.57,-0.6,-3.514,-0.3,-2.348,0.068,-1.213
0.0,170.0,253.0,40.27,20.02,-10.96,2.823,1.734,2.762,-0.19,1.36,-6.979,-0.031,-3.107,-0.444,-1.956,-1.147,-1.61
0.0,170.0,258.0,39.69,22.2,-7.53,2.612,2.347,2.955,-0.964,-1.172,-0.48,-0.598,-2.695,0.013,-0.575,0.561,-0.39
0.0,170.0,278.0,37.37,-29.79,-2.75,3.074,3.2,3.751,-0.303,0.661,0.631,9.75,-45.235,2.236,-11.385,-7.524,-5.086
0.0,170.0,288.0,33.58,-26.39,-4.51,2.619,1.632,2.723,-0.33,-2.232,-11.845,-1.291,11.941,0.194,5.408,-2.005,-5.431
0.0,170.0,298.0,38.61,-19.26,-6.41,0.388,0.551,0.514,-0.019,0.001,0.002,-0.019,0.098,0.003,0.025,-0.026,-0.002
0.0,170.0,308.0,39.37,-15.14,-6.56,0.336,0.46,0.326,-0.015,-0.007,-0.015,-0.011,0.014,0.001,0.003,-0.015,-0.004
0.0,170.0,318.0,39.85,-12.53,-6.48,0.315,0.438,0.294,-0.015,-0.009,-0.02,-0.016,0.01,0.002,0.004,-0.011,-0.004
0.0,170.0,328.0,40.19,-10.73,-6.33,0.293,0.418,0.267,-0.012,-0.006,-0.013,-0.013,0.008,-0.002,0.004,-0.011,-0.003
0.0,170.0,338.0,40.36,-9.24,-6.15,0.295,0.398,0.261,-0.013,-0.005,-0.011,-0.023,0.007,-0.002,0.004,-0.009,-0.002
0.0,170.0,348.0,40.59,-8.16,-5.94,0.302,0.421,0.261,-0.011,-0.007,-0.01,-0.024,0.008,-0.003,0.004,-0.005,-0.003
0.0,170.0,368.0,40.98,-6.65,-5.56,0.321,0.41,0.249,-0.003,-0.007,-0.017,-0.016,0.006,-0.007,0.005,-0.006,-0.003
0.0,170.0,388.0,41.25,-5.47,-5.1,0.321,0.389,0.224,-0.006,-0.006,-0.012,-0.03,0.007,-0.009,0.004,-0.005,-0.003
0.0,170.0,413.0,41.43,-4.28,-4.58,0.326,0.408,0.249,-0.009,-0.004,-0.023,-0.019,0.009,-0.006,0.005,-0.006,-0.003
0.0,170.0,438.0,41.54,-3.45,-4.21,0.325,0.393,0.255,-0.004,-0.005,-0.022,-0.029,0.01,-0.009,0.006,-0.004,-0.003
0.0,170.0,488.0,41.62,-2.43,-3.45,0.317,0.402,0.248,-0.009,-0.004,-0.02,-0.018,0.005,-0.004,0.004,-0.002,-0.001
0.0,170.0,538.0,41.62,-1.63,-2.76,0.316,0.398,0.243,-0.006,-0.005,-0.019,-0.033,0.009,-0.013,0.005,-0.006,-0.003
0.0,175.0,268.0,46.31,-14.56,15.84,2.521,3.626,2.177,1.084,-0.943,-7.464,1.434,2.027,-0.22,1.357,-1.656,-0.718
0.0,175.0,273.0,42.46,-29.18,12.73,2.693,2.481,2.357,0.773,-0.893,0.113,-3.161,-1.338,-0.617,-0.449,-0.501,-0.077
0.0,175.0,278.0,40.91,-28.16,5.48,3.879,3.446,4.059,2.683,2.638,-31.481,-6.362,-45.759,-11.369,-24.33,-14.393,-19.186
0.0,175.0,283.0,32.61,-28.89,4.13,4.353,3.201,3.918,0.228,2.216,2.132,13.491,1.338,8.147,2.686,4.594,-2.419
0.0,180.0,243.0,12.71,4.55,-5.33,5.015,4.85,4.251,6.668,-11.376,-11.08,12.581,-0.291,4.166,3.233,8.472,-5.482
0.0,180.0,248.0,34.95,11.17,-7.12,4.067,3.142,3.296,2.322,-7.683,-45.872,-13.748,20.571,-8.574,22.662,-9.684,-18.735
0.0,180.0,253.0,43.34,12.1,-5.08,2.316,2.418,2.064,-0.664,-0.64,-3.176,-2.01,1.453,-0.297,0.541,-1.696,-1.384
0.0,180.0,258.0,44.1,12.17,1.08,2.635,2.587,1.831,-1.136,-0.14,-3.431,-1.709,-0.009,-0.288,-0.59,0.257,-0.516
0.0,180.0,268.0,44.2,-9.03,13.2,2.737,3.005,2.074,0.281,-0.982,-3.462,-2.394,-3.715,-0.827,-0.877,-0.02,-0.234
0.0,180.0,268.0,44.08,-9.2,13.36,2.725,2.999,2.077,0.6,-0.922,-3.334,-1.775,-3.24,-0.231,-0.14,-0.339,0.08
0.0,180.0,268.0,44.04,-9.17,13.36,2.685,3.026,2.057,0.536,-0.906,-2.563,-2.248,-3.243,-1.057,-0.759,-0.625,0.058
0.0,180.0,273.0,44.45,-20.07,11.35,3.251,3.117,3.315,0.263,-0.427,-17.182,-15.715,-32.475,-8.587,-9.596,-3.092,-7.893
0.0,180.0,273.0,44.53,-20.07,11.35,3.231,3.245,3.329,0.416,-0.475,-18.317,-22.469,-35.669,-10.224,-8.777,-4.543,-5.88
0.0,180.0,278.0,37.17,-23.65,10.23,5.563,4.733,4.189,11.614,1.658,-23.923,-5.859,-13.62,0.215,-7.019,-6.534,-10.394
0.0,180.0,278.0,37.29,-23.85,10.14,5.593,4.715,4.188,11.019,1.835,-31.277,-7.648,-14.859,0.801,-4.193,-6.428,-12.151
0.0,180.0,283.0,34.8,-26.4,8.65,3.329,2.555,2.933,-1.429,-1.846,-18.932,12.264,9.657,3.607,3.78,-2.176,-5.708
0.0,180.0,288.0,39.01,-23.92,3.66,1.623,1.082,1.719,-0.318,-0.781,-5.315,0.201,5.978,0.673,2.659,-0.773,-2.796
0.0,180.0,298.0,40.02,-18.61,-1.32,0.352,0.54,0.437,0.001,0.001,-0.015,-0.011,0.008,-0.018,0.004,-0.039,-0.002
0.0,180.0,308.0,40.15,-14.96,-3.27,0.316,0.467,0.339,0.002,-0.006,-0.016,-0.013,0.005,-0.02,0.003,-0.022,-0.003
0.0,180.0,318.0,40.34,-12.5,-4.17,0.301,0.44,0.311,0.001,-0.006,-0.016,-0.019,0.011,-0.016,0.003,-0.018,-0.003
0.0,180.0,328.0,40.52,-10.77,-4.6,0.305,0.417,0.278,-0.001,-0.007,-0.007,-0.014,0.012,-0.012,0.004,-0.018,-0.004
0.0,180.0,338.0,40.6,-9.27,-4.78,0.306,0.4,0.261,-0.003,-0.005,-0.008,-0.024,0.01,-0.015,0.003,-0.014,-0.003
0.0,180.0,348.0,40.78,-8.25,-4.88,0.318,0.421,0.256,0.0,-0.006,-0.01,-0.019,0.01,-0.009,0.004,-0.011,-0.003
0.0,180.0,368.0,41.08,-6.8,-4.93,0.327,0.397,0.232,-0.003,-0.005,-0.015,-0.015,0.01,-0.012,0.005,-0.009,-0.003
0.0,180.0,388.0,41.29,-5.52,-4.66,0.324,0.388,0.24,-0.007,-0.006,-0.018,-0.028,0.009,-0.011,0.005,-0.01,-0.003
0.0,180.0,413.0,41.45,-4.35,-4.26,0.325,0.393,0.251,-0.007,-0.006,-0.019,-0.013,0.007,-0.01,0.005,-0.006,-0.003
0.0,180.0,438.0,41.57,-3.45,-3.91,0.319,0.376,0.253,-0.007,-0.003,-0.021,-0.028,0.008,-0.014,0.004,-0.004,-0.002
0.0,180.0,488.0,41.64,-2.37,-3.3,0.318,0.39,0.24,-0.013,-0.004,-0.02,-0.019,0.006,-0.008,0.005,-0.006,-0.002
0.0,180.0,538.0,41.61,-1.65,-2.67,0.318,0.381,0.243,-0.009,-0.005,-0.023,-0.027,0.008,-0.002,0.005,-0.007,-0.003
0.0,185.0,268.0,42.41,-7.64,7.54,5.101,4.183,3.745,2.885,-1.487,-111.746,-45.234,-11.061,-22.137,6.019,-19.476,-19.786
0.0,185.0,273.0,35.79,-15.27,13.51,5.48,5.675,3.927,16.379,-3.27,7.179,-25.959,-9.678,-10.754,-9.781,-13.907,-3.583
0.0,185.0,278.0,35.61,-21.55,13.88,3.589,3.557,2.815,-0.546,-2.017,-22.22,39.451,7.233,6.218,2.935,4.626,-5.687
0.0,185.0,283.0,39.43,-22.44,9.22,2.03,1.457,1.876,-0.941,-1.068,-7.924,2.381,6.121,2.368,3.083,-2.194,-3.208
0.0,190.0,243.0,14.91,-1.25,-6.59,2.639,2.595,2.218,-2.812,-2.83,-3.166,5.486,1.979,0.09,3.441,-7.798,-3.054
0.0,190.0,248.0,18.59,3.16,-7.33,3.936,3.727,3.696,2.425,-6.312,9.596,28.913,-4.757,15.005,-2.843,18.364,5.27
0.0,190.0,253.0,25.75,3.86,-1.82,4.87,5.017,4.566,8.86,-7.92,8.039,2.752,14.092,18.78,-0.023,12.626,0.896
0.0,190.0,258.0,28.54,2.02,5.59,5.291,4.77,5.043,8.259,-8.633,20.8,-43.728,4.621,-14.173,-17.661,-15.256,8.27
0.0,190.0,268.0,34.51,-10.06,15.75,4.09,5.222,2.848,4.4,-1.953,-29.424,70.513,1.59,22.148,1.913,34.468,-6.845
0.0,190.0,273.0,38.47,-15.41,14.53,2.896,3.026,2.157,-2.7,-1.567,-15.883,68.294,4.747,7.611,4.13,-6.434,-3.871
0.0,190.0,278.0,40.83,-17.92,11.51,1.889,1.513,1.578,-1.061,-0.792,-6.624,2.134,3.365,2.705,2.228,-1.982,-2.395
0.0,190.0,283.0,41.8,-18.59,8.42,0.911,0.905,0.926,-0.236,-0.173,-1.089,0.474,1.075,0.527,0.536,-0.457,-0.514
0.0,190.0,288.0,41.65,-18.0,5.46,0.462,0.577,0.502,-0.031,-0.016,-0.02,0.003,0.109,0.007,0.027,-0.037,-0.002
0.0,190.0,298.0,41.02,-15.91,1.46,0.361,0.475,0.364,-0.011,-0.01,-0.015,-0.028,0.018,-0.019,0.005,-0.028,-0.004
0.0,190.0,308.0,40.82,-13.63,-0.93,0.335,0.438,0.313,-0.005,-0.007,-0.011,-0.027,0.009,-0.011,0.004,-0.023,-0.003
0.0,190.0,318.0,40.83,-11.77,-2.3,0.332,0.428,0.313,-0.002,-0.007,-0.016,-0.027,0.01,-0.013,0.004,-0.017,-0.002
0.0,190.0,328.0,40.85,-10.33,-3.08,0.322,0.425,0.269,-0.004,-0.004,-0.013,-0.019,0.006,-0.009,0.003,-0.017,-0.002
0.0,190.0,338.0,40.88,-9.18,-3.53,0.343,0.402,0.282,-0.001,-0.004,-0.444,-0.019,0.006,-0.007,0.009,-0.014,-0.002
0.0,190.0,348.0,40.99,-8.26,-3.89,0.328,0.422,0.284,-0.001,-0.005,-0.014,-0.022,0.008,-0.013,0.005,-0.014,-0.003
0.0,190.0,368.0,41.19,-6.84,-4.22,0.327,0.383,0.267,-0.004,-0.006,-0.014,-0.013,0.011,-0.011,0.006,-0.01,-0.004
0.0,190.0,388.0,41.35,-5.56,-4.18,0.328,0.391,0.256,-0.004,-0.006,-0.021,-0.028,0.009,-0.013,0.007,-0.009,-0.003
0.0,190.0,413.0,41.49,-4.37,-3.9,0.322,0.395,0.251,-0.007,-0.007,-0.019,-0.014,0.009,-0.009,0.005,-0.007,-0.003
0.0,190.0,438.0,41.59,-3.46,-3.57,0.316,0.382,0.249,-0.008,-0.003,-0.018,-0.026,0.007,-0.013,0.004,-0.007,-0.003
0.0,190.0,488.0,41.64,-2.4,-3.12,0.313,0.392,0.231,-0.011,-0.004,-0.021,-0.019,0.006,-0.012,0.004,-0.003,-0.002
0.0,190.0,538.0,41.61,-1.71,-2.53,0.316,0.382,0.25,-0.011,-0.004,-0.021,-0.027,0.008,-0.009,0.004,-0.004,-0.002
0.0,200.0,28.0,33.29,0.97,-2.37,4.083,3.78,3.788,-4.276,-3.109,-4.126,7.949,-1.226,-3.329,-2.994,5.199,-2.635
0.0,200.0,38.0,34.22,1.79,-3.02,4.604,3.954,3.676,-7.767,-5.042,-2.346,7.972,-2.474,-8.071,-10.8,7.251,1.017
0.0,200.0,58.0,39.73,-0.22,-2.34,3.012,2.104,2.754,-2.406,-0.875,-15.056,3.813,1.336,8.395,-0.786,-5.165,-5.247
0.0,200.0,78.0,39.78,-0.26,-1.16,2.845,1.971,2.285,-2.507,0.179,-15.868,2.858,-3.163,5.457,-2.647,-3.705,-3.607
0.0,200.0,98.0,39.07,-0.23,-0.16,2.858,1.952,2.223,-2.497,0.242,-13.486,2.27,-1.563,3.632,-1.158,-2.475,-3.213
0.0,200.0,118.0,38.47,-0.26,0.6,2.774,1.906,2.146,-2.485,0.102,-11.211,1.523,-0.326,3.208,-0.501,-1.84,-2.601
0.0,200.0,138.0,38.12,-0.23,1.14,2.781,1.88,2.067,-2.293,0.079,-10.82,1.537,-0.34,3.195,-0.311,-1.823,-2.359
0.0,200.0,158.0,38.1,-0.54,1.73,2.73,1.846,1.999,-2.288,0.162,-10.426,1.216,0.052,2.895,-0.379,-1.863,-2.18
0.0,200.0,178.0,37.6,-0.45,2.25,2.726,1.846,1.98,-2.243,0.222,-8.44,1.362,-0.055,2.786,-0.207,-1.676,-1.8
0.0,200.0,198.0,37.21,-0.41,2.92,2.804,1.829,1.986,-2.185,0.233,-14.573,1.424,-0.338,2.746,-0.685,-1.705,-1.966
0.0,200.0,218.0,38.27,-0.51,4.82,2.24,1.815,1.881,-2.11,0.403,-11.932,1.859,-0.469,2.89,-8.534,-2.089,-1.911
0.0,200.0,238.0,39.04,-0.97,6.83,1.845,1.772,2.034,-1.899,0.122,-15.048,1.975,-0.933,3.476,-0.736,-2.288,-2.703
0.0,200.0,258.0,41.71,-5.3,10.18,1.564,1.51,1.081,-1.187,-0.261,-5.057,2.044,0.698,2.616,0.575,-2.158,-1.067
0.0,200.0,278.0,42.67,-12.42,8.11,0.42,0.526,0.389,-0.035,-0.028,0.001,0.01,0.018,-0.003,0.012,0.001,-0.003
0.0,200.0,298.0,41.61,-13.03,2.46,0.342,0.423,0.335,-0.016,-0.013,-0.019,-0.013,0.007,-0.012,0.006,-0.012,-0.002
0.0,200.0,318.0,41.23,-10.79,-1.0,0.334,0.418,0.265,-0.011,-0.008,-0.012,-0.018,0.007,-0.011,0.004,-0.011,-0.002
0.0,200.0,338.0,41.16,-8.92,-2.57,0.332,0.404,0.282,-0.009,-0.006,-0.014,-0.019,0.011,-0.015,0.005,-0.008,-0.004
0.0,200.0,358.0,41.3,-7.3,-3.29,0.335,0.383,0.268,-0.01,-0.005,-0.023,-0.03,0.007,-0.013,0.005,-0.009,-0.004
0.0,200.0,378.0,41.38,-6.03,-3.55,0.325,0.405,0.264,-0.011,-0.005,-0.016,-0.025,0.006,-0.017,0.004,-0.007,-0.002
0.0,200.0,398.0,41.48,-4.95,-3.62,0.327,0.377,0.253,-0.012,-0.004,-0.02,-0.015,0.007,-0.014,0.005,-0.007,-0.004
0.0,200.0,418.0,41.55,-4.16,-3.47,0.321,0.405,0.25,-0.02,-0.005,-0.017,-0.023,0.008,-0.016,0.005,-0.004,-0.003
0.0,200.0,438.0,41.61,-3.45,-3.32,0.316,0.388,0.242,-0.017,-0.004,-0.015,-0.033,0.006,-0.016,0.004,-0.005,-0.003
0.0,200.0,488.0,41.66,-2.42,-2.97,0.318,0.397,0.238,-0.014,-0.004,-0.02,-0.024,0.009,-0.012,0.005,-0.003,-0.002
0.0,200.0,538.0,41.63,-1.76,-2.4,0.321,0.397,0.255,-0.018,-0.005,-0.018,-0.032,0.009,-0.015,0.004,-0.001,-0.002
0.0,220.0,28.0,34.45,2.02,-2.02,3.762,3.605,3.398,-1.593,-3.07,-9.51,10.548,6.634,4.4,3.288,-7.111,-2.778
0.0,220.0,38.0,36.27,1.65,-1.77,3.754,3.669,3.342,-0.904,-3.281,-14.304,19.782,11.936,7.136,6.095,-14.322,-5.037
0.0,220.0,58.0,39.58,-0.41,-1.17,3.201,2.454,2.914,1.43,-2.305,-19.877,-0.227,16.65,-1.784,7.581,-4.382,-7.834
0.0,220.0,78.0,41.48,-0.91,-0.61,2.349,1.709,2.179,0.698,-1.478,-14.779,-3.238,8.79,-1.828,5.86,-2.163,-5.819
0.0,220.0,98.0,42.44,-0.86,0.24,1.547,1.204,1.518,0.214,-0.676,-4.323,-2.402,5.022,-0.868,2.558,-0.722,-2.126
0.0,220.0,118.0,42.81,-0.77,0.97,0.982,0.743,1.015,-0.002,-0.185,-0.422,-0.338,2.221,-0.154,0.803,0.007,-0.4
0.0,220.0,138.0,42.96,-0.8,1.54,0.654,0.519,0.668,-0.026,-0.068,-0.106,-0.081,0.65,-0.019,0.195,-0.02,-0.102
0.0,220.0,158.0,43.02,-0.91,2.04,0.514,0.458,0.515,-0.031,-0.015,0.007,-0.049,0.231,-0.005,0.064,-0.006,-0.003
0.0,220.0,178.0,43.05,-1.01,2.48,0.51,0.456,0.383,-0.035,0.001,-0.005,-0.009,0.019,-0.008,0.016,-0.001,-0.001
0.0,220.0,198.0,43.06,-1.17,2.96,0.539,0.459,0.335,-0.038,0.002,-1.374,-0.02,0.007,-0.009,0.01,-0.001,-0.002
0.0,220.0,218.0,42.99,-1.68,3.77,0.531,0.456,0.359,-0.041,0.003,-0.004,-0.038,0.008,-0.014,0.01,0.0,-0.002
0.0,220.0,238.0,42.94,-2.84,4.89,0.44,0.445,0.451,-0.043,-0.004,-0.019,-0.017,-0.006,-0.011,0.01,-0.004,0.003
0.0,220.0,258.0,42.81,-5.14,5.76,0.362,0.413,0.291,-0.035,-0.011,-0.013,-0.025,0.011,-0.013,0.006,-0.004,-0.003
0.0,220.0,278.0,42.52,-7.78,4.75,0.333,0.415,0.291,-0.028,-0.012,-0.008,-0.031,0.006,-0.016,0.005,-0.003,-0.003
0.0,220.0,298.0,42.06,-8.97,2.43,0.313,0.396,0.292,-0.016,-0.008,-0.018,-0.016,0.006,-0.014,0.004,-0.008,-0.002
0.0,220.0,318.0,41.7,-8.7,0.31,0.32,0.419,0.277,-0.014,-0.006,-0.018,-0.015,0.007,-0.014,0.005,-0.006,-0.003
0.0,220.0,338.0,41.57,-7.62,-1.22,0.323,0.405,0.256,-0.013,-0.006,-0.019,-0.031,0.003,-0.01,0.004,-0.004,-0.002
0.0,220.0,358.0,41.54,-6.55,-1.99,0.326,0.398,0.28,-0.017,-0.006,-0.019,-0.019,0.008,-0.01,0.004,-0.004,-0.003
0.0,220.0,378.0,41.57,-5.6,-2.52,0.32,0.393,0.271,-0.014,-0.006,-0.019,-0.03,0.011,-0.014,0.004,-0.007,-0.003
0.0,220.0,398.0,41.6,-4.76,-2.76,0.317,0.391,0.247,-0.015,-0.004,-0.016,-0.015,0.008,-0.011,0.003,-0.005,-0.003
0.0,220.0,418.0,41.62,-4.03,-2.84,0.318,0.415,0.248,-0.017,-0.005,-0.023,-0.022,0.009,-0.012,0.005,-0.005,-0.003
0.0,220.0,438.0,41.65,-3.45,-2.83,0.314,0.396,0.256,-0.017,-0.006,-0.021,-0.03,0.033,-0.01,0.009,-0.002,-0.013
0.0,220.0,488.0,41.65,-2.38,-2.58,0.319,0.404,0.273,-0.018,-0.001,-0.019,-0.022,0.01,-0.013,0.004,-0.002,-0.002
0.0,220.0,538.0,41.59,-1.92,-2.08,0.33,0.405,0.27,-0.013,-0.007,-0.022,-0.032,0.008,-0.014,0.006,-0.004,-0.003
0.0,250.0,28.0,32.4,1.69,-0.2,3.765,3.646,3.215,1.879,-3.391,-1.349,6.462,2.916,0.357,1.888,2.059,-0.866
0.0,250.0,38.0,33.63,0.96,0.06,3.811,3.657,3.263,1.505,-3.575,-3.104,7.728,3.483,-0.093,3.247,1.565,-1.646
0.0,250.0,58.0,36.29,-0.63,0.47,3.831,3.225,3.164,0.242,-3.459,-20.256,6.271,11.936,-0.311,5.609,-4.361,-7.74
0.0,250.0,78.0,39.5,-1.46,0.73,3.173,2.494,2.755,0.288,-2.788,-31.675,0.965,15.308,-1.086,10.506,-7.506,-11.679
0.0,250.0,98.0,41.7,-1.54,0.98,1.982,1.619,2.032,0.014,-1.298,-12.389,-1.016,11.149,-0.589,6.403,-2.804,-6.369
0.0,250.0,118.0,42.53,-1.39,1.28,1.122,0.962,1.301,-0.005,-0.352,-2.193,-0.165,4.983,-0.137,1.868,-0.392,-1.439
0.0,250.0,138.0,42.72,-1.27,1.47,0.666,0.57,0.824,-0.032,-0.087,-0.233,0.01,1.863,-0.028,0.49,-0.011,-0.279
0.0,250.0,158.0,42.82,-1.43,1.65,0.457,0.46,0.485,-0.03,-0.024,-0.065,-0.036,0.273,-0.014,0.091,0.0,-0.062
0.0,250.0,178.0,42.84,-1.56,1.82,0.389,0.43,0.385,-0.024,-0.004,-0.014,-0.037,0.092,-0.019,0.019,-0.006,-0.013
0.0,250.0,198.0,42.82,-1.85,2.25,0.364,0.442,0.314,-0.026,-0.001,-0.007,-0.03,0.011,-0.011,0.006,-0.006,-0.002
0.0,250.0,218.0,42.79,-2.4,2.8,0.353,0.429,0.304,-0.026,-0.002,-0.008,-0.021,0.004,-0.009,0.003,-0.004,-0.002
0.0,250.0,238.0,42.7,-3.17,3.1,0.331,0.41,0.342,-0.023,-0.003,-0.006,-0.027,0.008,-0.013,0.003,-0.002,-0.004
0.0,250.0,258.0,42.57,-4.3,3.15,0.318,0.424,0.259,-0.025,-0.004,-0.007,-0.02,0.008,-0.013,0.005,-0.006,-0.002
0.0,250.0,278.0,42.37,-5.35,2.76,0.304,0.398,0.274,-0.017,-0.005,-0.009,-0.031,0.005,-0.014,0.003,-0.006,-0.002
0.0,250.0,298.0,42.16,-5.93,1.78,0.299,0.416,0.272,-0.017,-0.005,-0.015,-0.028,0.009,-0.008,0.004,-0.006,-0.002
0.0,250.0,318.0,41.98,-5.92,0.73,0.304,0.417,0.249,-0.016,-0.004,-0.016,-0.028,0.005,-0.01,0.003,-0.007,-0.002
0.0,250.0,338.0,41.87,-5.67,-0.39,0.31,0.421,0.254,-0.008,-0.006,-0.023,-0.034,0.009,-0.012,0.006,-0.008,-0.003
0.0,250.0,358.0,41.77,-5.41,-1.04,0.311,0.399,0.237,-0.007,-0.004,-0.022,-0.03,0.006,-0.009,0.003,-0.007,-0.002
0.0,250.0,378.0,41.74,-4.79,-1.55,0.32,0.406,0.259,-0.011,-0.003,-0.023,-0.006,0.006,-0.007,0.005,-0.009,-0.002
0.0,250.0,398.0,41.71,-4.25,-1.86,0.317,0.429,0.267,-0.011,-0.004,-0.018,-0.017,0.009,-0.011,0.004,-0.007,-0.002
0.0,250.0,418.0,41.65,-3.78,-1.93,0.32,0.435,0.276,-0.008,-0.003,-0.021,-0.03,0.007,-0.012,0.004,-0.006,-0.003
0.0,250.0,438.0,41.63,-3.43,-1.92,0.321,0.411,0.276,-0.012,-0.007,-0.023,-0.028,0.007,-0.009,0.006,-0.005,-0.003
0.0,250.0,488.0,41.62,-2.35,-1.75,0.326,0.413,0.274,-0.015,-0.003,-0.021,-0.018,0.01,-0.007,0.005,-0.005,-0.003
0.0,250.0,538.0,41.51,-2.01,-1.57,0.32,0.405,0.257,-0.015,-0.006,-0.017,-0.025,0.005,-0.014,0.004,-0.007,-0.002
