x_mm,y_mm,z_mm
0.0,80.0,35.0
0.0,80.0,35.0
0.0,80.0,35.0
0.0,80.0,35.0
0.0,80.0,35.0
0.0,80.0,35.0
0.0,80.0,35.0
0.0,80.0,35.0
0.0,80.0,35.0
0.0,80.0,35.0
0.0,80.0,35.0
0.0,80.0,35.0
0.0,80.0,35.0
0.0,80.0,35.0
0.0,80.0,35.0
0.0,80.0,35.0
0.0,80.0,35.0
0.0,80.0,35.0
0.0,80.0,35.0
0.0,80.0,35.0
0.0,80.0,35.0
0.0,80.0,35.0
0.0,80.0,35.0
0.0,80.0,35.0
0.0,80.0,35.0
0.0,80.0,35.0
0.0,80.0,35.0
0.0,80.0,35.0
0.0,80.0,35.0
0.0,80.0,35.0
0.0,80.0,35.0
0.0,80.0,35.0
0.0,80.0,35.0
0.0,80.0,35.0
0.0,80.0,35.0
0.0,80.0,35.0
0.0,80.0,35.0
0.0,80.0,35.0
0.0,80.0,35.0
0.0,80.0,35.0
0.0,80.0,35.0
0.0,80.0,35.0
0.0,80.0,35.0
0.0,80.0,35.0
0.0,80.0,35.0
0.0,80.0,35.0
0.0,80.0,35.0
0.0,80.0,35.0
0.0,80.0,35.0
0.0,80.0,35.0
0.0,80.0,35.0
0.0,80.0,35.0
0.0,80.0,35.0
0.0,80.0,35.0
0.0,80.0,35.0
0.0,80.0,35.0
0.0,80.0,35.0
0.0,80.0,35.0
0.0,80.0,35.0
0.0,80.0,35.0
0.0,80.0,35.0
0.0,80.0,35.0
0.0,80.0,35.0
0.0,80.0,35.0
0.0,80.0,35.0
0.0,80.0,35.0
0.0,80.0,35.0
0.0,80.0,35.0
0.0,80.0,35.0
0.0,80.0,35.0
0.0,80.0,35.0
0.0,80.0,35.0
0.0,80.0,35.0
0.0,80.0,35.0
0.0,80.0,35.0
0.0,80.0,35.0
0.0,80.0,35.0
0.0,80.0,35.0
0.0,80.0,35.0
0.0,80.0,35.0
0.0,80.0,35.0
0.0,80.0,35.0
0.0,80.0,35.0
0.0,80.0,35.0
0.0,80.0,35.0
0.0,80.0,35.0
0.0,80.0,35.0
0.0,80.0,35.0
0.0,80.0,35.0
0.0,80.0,35.0
0.0,80.0,35.0
0.0,80.0,35.0
0.0,80.0,35.0
0.0,80.0,35.0
0.0,80.0,35.0
0.0,80.0,35.0
0.0,80.0,35.0
0.0,80.0,35.0
0.0,80.0,35.0
0.0,80.0,35.0
0.0,80.0,35.0
0.0,80.0,35.0
0.0,80.0,35.0
0.0,80.0,35.0
0.0,80.0,35.0
0.0,80.0,35.0
0.0,80.0,35.0
0.0,80.0,35.0
0.0,80.0,35.0
0.0,80.0,35.0
0.0,80.0,35.0
0.0,80.0,35.0
0.0,80.0,35.0
0.0,80.0,35.0
0.0,80.0,35.0
0.0,80.0,35.0
0.0,80.0,35.0
0.0,80.0,35.0
0.0,80.0,35.0
0.0,80.0,35.0
0.0,80.0,35.0
0.0,80.0,35.0
0.0,80.0,35.0
0.0,80.0,35.0
0.0,80.0,35.0
0.0,80.0,35.0
0.0,80.0,35.0
0.0,80.0,35.0
0.0,80.0,35.0
0.0,80.0,35.0
0.0,80.0,35.0
0.0,80.0,35.0
0.0,80.0,35.0
0.0,80.0,35.0
0.0,80.0,35.0
0.0,80.0,35.0
0.0,80.0,35.0
0.0,80.0,35.0
0.0,80.0,35.0
0.0,80.0,35.0
0.0,80.0,35.0
0.0,80.0,35.0
0.0,80.0,35.0
0.0,80.0,35.0
0.0,80.0,35.0
0.0,80.0,35.0
0.0,80.0,35.0
0.0,80.0,35.0
0.0,80.0,35.0
0.0,80.0,35.0
0.0,80.0,35.0
0.0,80.0,35.0
0.0,80.0,35.0
0.0,80.0,35.0
0.0,80.0,35.0
0.0,80.0,35.0
0.0,80.0,35.0
0.0,80.0,35.0
0.0,80.0,35.0
0.0,80.0,35.0
0.0,80.0,35.0
0.0,80.0,35.0
0.0,80.0,35.0
0.0,80.0,35.0
0.0,80.0,35.0
0.0,80.0,35.0
0.0,80.0,35.0
0.0,80.0,35.0
0.0,80.0,35.0
0.0,80.0,35.0
0.0,80.0,35.0
0.0,80.0,35.0
0.0,80.0,35.0
0.0,80.0,35.0
0.0,80.0,35.0
0.0,80.0,35.0
0.0,80.0,35.0
0.0,80.0,35.0
0.0,80.0,35.0
0.0,80.0,35.0
0.0,80.0,35.0
0.0,80.0,35.0
0.0,80.0,35.0
0.0,80.0,35.0
0.0,80.0,35.0
0.0,80.0,35.0
0.0,80.0,35.0
0.0,80.0,35.0
0.0,80.0,35.0
0.0,80.0,35.0
0.0,80.0,35.0
0.0,80.0,35.0
0.0,80.0,35.0
0.0,80.0,35.0
0.0,80.0,35.0
0.0,80.0,35.0
0.0,80.0,35.0
0.0,80.0,35.0
0.0,80.0,35.0
0.0,80.0,35.0
0.07,81.73,35.0
0.07,81.73,35.01
0.07,81.73,35.03
0.07,81.73,35.04
0.07,81.73,35.06
0.07,81.73,35.07
0.07,81.73,35.08
0.07,81.73,35.1
0.07,81.73,35.11
0.07,81.73,35.13
0.07,81.73,35.14
0.07,81.73,35.15
0.07,81.73,35.17
0.07,81.73,35.18
0.07,81.73,35.2
0.07,81.73,35.21
0.07,81.73,35.23
0.07,81.73,35.24
0.07,81.73,35.25
0.07,81.73,35.27
0.07,81.73,35.28
0.07,81.73,35.3
0.07,81.73,35.31
0.07,81.73,35.32
0.07,81.73,35.34
0.07,81.73,35.35
0.07,81.72,35.37
0.07,81.72,35.38
0.07,81.72,35.39
0.07,81.72,35.41
0.07,81.72,35.42
0.07,81.72,35.43
0.07,81.72,35.45
0.07,81.72,35.46
0.07,81.72,35.48
0.07,81.72,35.49
0.07,81.72,35.5
0.07,81.71,35.52
0.07,81.71,35.53
0.07,81.71,35.55
0.07,81.71,35.56
0.07,81.71,35.57
0.07,81.71,35.59
0.07,81.71,35.6
0.07,81.71,35.61
0.07,81.7,35.63
0.07,81.7,35.64
0.07,81.7,35.66
0.07,81.7,35.67
0.07,81.7,35.68
0.07,81.7,35.7
0.07,81.69,35.71
0.07,81.69,35.73
0.07,81.69,35.74
0.07,81.69,35.75
0.07,81.69,35.77
0.07,81.69,35.78
0.07,81.68,35.79
0.07,81.68,35.81
0.07,81.68,35.82
0.07,81.68,35.84
0.07,81.68,35.85
0.07,81.67,35.86
0.07,81.67,35.88
0.07,81.67,35.89
0.07,81.67,35.91
0.07,81.66,35.92
0.07,81.66,35.94
0.07,81.66,35.95
0.07,81.66,35.96
0.08,81.65,35.98
0.08,81.65,35.99
0.08,81.65,36.01
0.08,81.64,36.02
0.08,81.64,36.04
0.08,81.64,36.05
0.08,81.63,36.06
0.08,81.63,36.08
0.08,81.62,36.09
0.08,81.62,36.11
0.08,81.61,36.12
0.08,81.61,36.14
0.08,81.61,36.15
0.08,81.6,36.16
0.08,81.6,36.18
0.08,81.59,36.19
0.08,81.58,36.21
0.08,81.58,36.22
0.08,81.57,36.23
0.08,81.57,36.25
0.08,81.56,36.26
0.08,81.55,36.28
0.08,81.55,36.29
0.08,81.54,36.3
0.08,81.53,36.31
0.08,81.53,36.33
0.08,81.52,36.34
0.08,81.51,36.35
0.08,81.5,36.36
0.08,81.49,36.37
0.08,81.47,36.38
0.08,81.46,36.38
0.08,81.45,36.39
0.08,81.43,36.4
0.08,81.42,36.4
0.08,81.41,36.41
0.08,81.39,36.42
0.08,81.38,36.42
0.08,81.37,36.43
0.08,81.35,36.44
0.08,81.34,36.44
0.08,81.33,36.45
0.08,81.31,36.45
0.08,81.3,36.46
0.08,81.28,36.46
0.08,81.27,36.47
0.08,81.26,36.47
0.08,81.24,36.48
0.08,81.23,36.48
0.08,81.22,36.49
0.08,81.2,36.49
0.08,81.19,36.49
0.08,81.17,36.5
0.08,81.16,36.5
0.08,81.15,36.51
0.08,81.13,36.51
0.08,81.12,36.51
0.08,81.11,36.52
0.08,81.09,36.52
0.08,81.08,36.53
0.08,81.06,36.53
0.08,81.05,36.53
0.08,81.04,36.54
0.08,81.02,36.54
0.08,81.01,36.54
0.08,80.99,36.55
0.08,80.98,36.55
0.08,80.96,36.55
0.08,80.95,36.56
0.08,80.94,36.56
0.08,80.92,36.56
0.08,80.91,36.57
0.08,80.89,36.57
0.08,80.88,36.57
0.08,80.86,36.57
0.08,80.85,36.58
0.08,80.83,36.58
0.08,80.82,36.58
0.08,80.8,36.59
0.08,80.79,36.59
0.08,80.78,36.59
0.08,80.76,36.6
0.08,80.75,36.6
0.08,80.73,36.6
0.08,80.72,36.6
0.08,80.7,36.61
0.08,80.69,36.61
0.08,80.67,36.61
0.08,80.66,36.61
0.09,80.64,36.62
0.09,80.62,36.62
0.09,80.61,36.62
0.09,80.59,36.62
0.09,80.58,36.63
0.09,80.56,36.63
0.09,80.55,36.63
0.09,80.53,36.63
0.09,80.52,36.63
0.09,80.5,36.64
0.09,80.49,36.64
0.09,80.47,36.64
0.09,80.45,36.64
0.09,80.44,36.64
0.09,80.42,36.65
0.09,80.41,36.65
0.09,80.39,36.65
0.09,80.37,36.65
0.09,80.36,36.65
0.09,80.34,36.65
0.09,80.33,36.66
0.09,80.31,36.66
0.09,80.29,36.66
0.09,80.28,36.66
0.09,80.26,36.66
0.09,80.25,36.66
0.09,80.23,36.66
0.09,80.21,36.66
0.09,80.2,36.67
0.09,80.18,36.67
0.09,80.16,36.67
0.09,80.15,36.67
0.09,80.13,36.67
0.09,80.11,36.67
0.09,80.1,36.67
0.09,80.08,36.67
0.09,80.07,36.67
0.09,80.05,36.67
0.09,80.03,36.67
0.09,80.02,36.67
0.09,80.0,36.67
0.15,83.47,35.0
0.15,83.47,35.03
0.15,83.47,35.06
0.15,83.47,35.08
0.15,83.47,35.11
0.15,83.47,35.14
0.15,83.47,35.17
0.15,83.47,35.2
0.15,83.47,35.23
0.15,83.47,35.25
0.15,83.47,35.28
0.15,83.47,35.31
0.15,83.47,35.34
0.15,83.46,35.37
0.15,83.46,35.39
0.15,83.46,35.42
0.15,83.46,35.45
0.15,83.46,35.48
0.15,83.46,35.51
0.15,83.46,35.53
0.15,83.46,35.56
0.15,83.46,35.59
0.15,83.46,35.62
0.15,83.45,35.65
0.15,83.45,35.67
0.15,83.45,35.7
0.15,83.45,35.73
0.15,83.45,35.76
0.15,83.45,35.79
0.15,83.44,35.81
0.15,83.44,35.84
0.15,83.44,35.87
0.15,83.44,35.9
0.15,83.44,35.93
0.15,83.43,35.95
0.15,83.43,35.98
0.15,83.43,36.01
0.15,83.43,36.04
0.15,83.43,36.06
0.15,83.42,36.09
0.15,83.42,36.12
0.15,83.42,36.15
0.15,83.42,36.17
0.15,83.41,36.2
0.15,83.41,36.23
0.15,83.41,36.26
0.15,83.41,36.29
0.15,83.4,36.31
0.15,83.4,36.34
0.15,83.4,36.37
0.15,83.39,36.4
0.15,83.39,36.42
0.15,83.39,36.45
0.15,83.38,36.48
0.15,83.38,36.51
0.15,83.38,36.53
0.15,83.37,36.56
0.15,83.37,36.59
0.15,83.36,36.62
0.15,83.36,36.64
0.15,83.36,36.67
0.15,83.35,36.7
0.15,83.35,36.73
0.15,83.34,36.76
0.15,83.34,36.79
0.15,83.33,36.81
0.15,83.33,36.84
0.15,83.32,36.87
0.15,83.32,36.9
0.15,83.31,36.93
0.15,83.31,36.96
0.15,83.3,36.99
0.15,83.29,37.01
0.15,83.28,37.04
0.15,83.28,37.07
0.15,83.27,37.1
0.15,83.26,37.13
0.15,83.26,37.16
0.15,83.25,37.19
0.15,83.24,37.21
0.15,83.23,37.24
0.15,83.22,37.27
0.15,83.21,37.3
0.15,83.2,37.33
0.15,83.19,37.36
0.16,83.18,37.39
0.16,83.17,37.41
0.16,83.16,37.44
0.16,83.15,37.47
0.16,83.13,37.5
0.16,83.12,37.52
0.16,83.11,37.55
0.16,83.1,37.58
0.16,83.08,37.6
0.16,83.07,37.63
0.16,83.05,37.65
0.16,83.04,37.68
0.16,83.02,37.7
0.16,83.0,37.72
0.16,82.97,37.74
0.16,82.94,37.75
0.16,82.92,37.77
0.16,82.89,37.78
0.16,82.87,37.8
0.16,82.84,37.81
0.16,82.81,37.82
0.16,82.79,37.84
0.16,82.76,37.85
0.16,82.73,37.86
0.16,82.71,37.87
0.16,82.68,37.88
0.16,82.65,37.89
0.16,82.63,37.9
0.16,82.6,37.91
0.16,82.57,37.92
0.16,82.54,37.93
0.16,82.52,37.94
0.16,82.49,37.95
0.16,82.46,37.96
0.16,82.43,37.97
0.16,82.4,37.98
0.16,82.38,37.99
0.16,82.35,38.0
0.16,82.32,38.0
0.16,82.29,38.01
0.16,82.27,38.02
0.16,82.24,38.03
0.16,82.21,38.04
0.16,82.18,38.04
0.16,82.15,38.05
0.16,82.13,38.06
0.16,82.1,38.06
0.16,82.07,38.07
0.16,82.04,38.08
0.16,82.01,38.09
0.16,81.99,38.09
0.17,81.96,38.1
0.17,81.93,38.11
0.17,81.9,38.11
0.17,81.87,38.12
0.17,81.84,38.12
0.17,81.81,38.13
0.17,81.78,38.14
0.17,81.76,38.14
0.17,81.73,38.15
0.17,81.7,38.16
0.17,81.67,38.16
0.17,81.64,38.17
0.17,81.61,38.17
0.17,81.58,38.18
0.17,81.55,38.18
0.17,81.52,38.19
0.17,81.49,38.2
0.17,81.46,38.2
0.17,81.43,38.21
0.17,81.4,38.21
0.17,81.37,38.22
0.17,81.34,38.22
0.17,81.31,38.23
0.17,81.28,38.23
0.17,81.25,38.24
0.17,81.22,38.24
0.17,81.19,38.25
0.17,81.16,38.25
0.17,81.13,38.26
0.17,81.1,38.26
0.17,81.06,38.27
0.17,81.03,38.27
0.17,81.0,38.27
0.17,80.97,38.28
0.17,80.94,38.28
0.17,80.91,38.29
0.17,80.88,38.29
0.17,80.84,38.29
0.17,80.81,38.3
0.17,80.78,38.3
0.17,80.75,38.3
0.17,80.72,38.31
0.17,80.68,38.31
0.17,80.65,38.31
0.17,80.62,38.31
0.17,80.59,38.32
0.17,80.56,38.32
0.17,80.52,38.32
0.17,80.49,38.32
0.17,80.46,38.33
0.17,80.43,38.33
0.17,80.39,38.33
0.17,80.36,38.33
0.17,80.33,38.33
0.17,80.29,38.33
0.17,80.26,38.34
0.17,80.23,38.34
0.17,80.2,38.34
0.17,80.16,38.34
0.17,80.13,38.34
0.17,80.1,38.34
0.17,80.07,38.34
0.17,80.03,38.34
0.17,80.0,38.34
0.22,85.2,35.0
0.22,85.2,35.04
0.22,85.2,35.08
0.22,85.2,35.13
0.22,85.2,35.17
0.22,85.2,35.21
0.22,85.2,35.25
0.22,85.2,35.3
0.22,85.2,35.34
0.22,85.2,35.38
0.22,85.2,35.42
0.22,85.2,35.46
0.22,85.2,35.51
0.22,85.2,35.55
0.22,85.2,35.59
0.22,85.19,35.63
0.22,85.19,35.68
0.22,85.19,35.72
0.22,85.19,35.76
0.22,85.19,35.8
0.22,85.19,35.84
0.22,85.18,35.89
0.22,85.18,35.93
0.22,85.18,35.97
0.22,85.18,36.01
0.22,85.18,36.05
0.22,85.17,36.1
0.22,85.17,36.14
0.22,85.17,36.18
0.22,85.17,36.22
0.22,85.16,36.26
0.22,85.16,36.3
0.22,85.16,36.35
0.22,85.15,36.39
0.22,85.15,36.43
0.22,85.15,36.47
0.22,85.15,36.51
0.22,85.14,36.55
0.22,85.14,36.6
0.22,85.14,36.64
0.22,85.13,36.68
0.22,85.13,36.72
0.22,85.12,36.76
0.22,85.12,36.8
0.22,85.12,36.84
0.22,85.11,36.89
0.22,85.11,36.93
0.22,85.1,36.97
0.22,85.1,37.01
0.22,85.09,37.05
0.22,85.09,37.09
0.22,85.08,37.13
0.22,85.08,37.18
0.22,85.07,37.22
0.22,85.07,37.26
0.22,85.06,37.3
0.22,85.06,37.34
0.22,85.05,37.38
0.22,85.05,37.43
0.22,85.04,37.47
0.22,85.03,37.51
0.22,85.03,37.55
0.22,85.02,37.59
0.22,85.01,37.64
0.22,85.01,37.68
0.22,85.0,37.72
0.22,84.99,37.76
0.22,84.98,37.81
0.22,84.97,37.85
0.22,84.97,37.89
0.23,84.96,37.94
0.23,84.95,37.98
0.23,84.94,38.02
0.23,84.93,38.06
0.23,84.92,38.11
0.23,84.91,38.15
0.23,84.9,38.19
0.23,84.89,38.24
0.23,84.87,38.28
0.23,84.86,38.32
0.23,84.84,38.36
0.23,84.83,38.41
0.23,84.82,38.45
0.23,84.8,38.49
0.23,84.79,38.54
0.23,84.77,38.58
0.23,84.75,38.62
0.23,84.74,38.66
0.23,84.72,38.7
0.23,84.7,38.74
0.24,84.68,38.78
0.24,84.66,38.83
0.24,84.65,38.87
0.24,84.63,38.91
0.24,84.6,38.94
0.24,84.58,38.98
0.24,84.56,39.02
0.24,84.53,39.05
0.24,84.49,39.08
0.24,84.46,39.11
0.24,84.42,39.13
0.24,84.38,39.15
0.24,84.34,39.17
0.24,84.3,39.2
0.24,84.26,39.21
0.24,84.22,39.23
0.24,84.18,39.25
0.24,84.14,39.27
0.24,84.1,39.29
0.24,84.06,39.31
0.24,84.02,39.32
0.24,83.98,39.34
0.24,83.94,39.36
0.24,83.9,39.37
0.24,83.85,39.39
0.24,83.81,39.4
0.24,83.77,39.42
0.24,83.73,39.43
0.24,83.69,39.44
0.24,83.65,39.46
0.24,83.61,39.47
0.24,83.57,39.48
0.24,83.52,39.49
0.24,83.48,39.51
0.24,83.44,39.52
0.24,83.4,39.53
0.24,83.36,39.54
0.24,83.32,39.55
0.25,83.27,39.56
0.25,83.23,39.58
0.25,83.19,39.59
0.25,83.15,39.6
0.25,83.11,39.61
0.25,83.06,39.62
0.25,83.02,39.63
0.25,82.98,39.64
0.25,82.94,39.65
0.25,82.89,39.66
0.25,82.85,39.67
0.25,82.81,39.68
0.25,82.76,39.69
0.25,82.72,39.7
0.25,82.68,39.71
0.25,82.63,39.72
0.25,82.59,39.72
0.25,82.55,39.73
0.25,82.5,39.74
0.25,82.46,39.75
0.25,82.41,39.76
0.25,82.37,39.77
0.25,82.33,39.78
0.25,82.28,39.79
0.25,82.24,39.79
0.25,82.19,39.8
0.25,82.15,39.81
0.25,82.1,39.82
0.25,82.06,39.83
0.25,82.01,39.83
0.25,81.97,39.84
0.26,81.92,39.85
0.26,81.87,39.86
0.26,81.83,39.86
0.26,81.78,39.87
0.26,81.74,39.88
0.26,81.69,39.88
0.26,81.64,39.89
0.26,81.6,39.9
0.26,81.55,39.9
0.26,81.5,39.91
0.26,81.46,39.92
0.26,81.41,39.92
0.26,81.36,39.93
0.26,81.31,39.93
0.26,81.27,39.94
0.26,81.22,39.94
0.26,81.17,39.95
0.26,81.12,39.95
0.26,81.08,39.96
0.26,81.03,39.96
0.26,80.98,39.97
0.26,80.93,39.97
0.26,80.88,39.98
0.26,80.83,39.98
0.26,80.78,39.98
0.26,80.74,39.99
0.26,80.69,39.99
0.26,80.64,39.99
0.26,80.59,40.0
0.26,80.54,40.0
0.26,80.49,40.0
0.26,80.44,40.0
0.26,80.39,40.0
0.26,80.34,40.01
0.26,80.3,40.01
0.26,80.25,40.01
0.26,80.2,40.01
0.26,80.15,40.01
0.26,80.1,40.02
0.26,80.05,40.02
0.26,80.0,40.01
0.3,86.93,35.0
0.3,86.93,35.06
0.3,86.93,35.11
0.3,86.93,35.17
0.3,86.93,35.23
0.3,86.93,35.28
0.3,86.93,35.34
0.3,86.93,35.39
0.3,86.93,35.45
0.3,86.93,35.51
0.3,86.93,35.56
0.3,86.93,35.62
0.3,86.93,35.68
0.3,86.93,35.73
0.3,86.93,35.79
0.3,86.93,35.84
0.3,86.93,35.9
0.3,86.92,35.96
0.3,86.92,36.01
0.3,86.92,36.07
0.3,86.92,36.13
0.3,86.91,36.18
0.3,86.91,36.24
0.3,86.91,36.29
0.3,86.9,36.35
0.3,86.9,36.4
0.3,86.9,36.46
0.3,86.89,36.52
0.3,86.89,36.57
0.3,86.89,36.63
0.3,86.88,36.68
0.3,86.88,36.74
0.3,86.88,36.8
0.3,86.87,36.85
0.3,86.87,36.91
0.3,86.86,36.96
0.3,86.86,37.02
0.3,86.86,37.07
0.3,86.85,37.13
0.3,86.85,37.18
0.3,86.84,37.24
0.3,86.84,37.29
0.3,86.83,37.35
0.3,86.83,37.4
0.3,86.82,37.46
0.3,86.82,37.51
0.3,86.81,37.57
0.3,86.81,37.63
0.3,86.8,37.68
0.3,86.79,37.74
0.3,86.79,37.79
0.3,86.78,37.85
0.3,86.77,37.9
0.3,86.77,37.96
0.3,86.76,38.01
0.3,86.75,38.07
0.3,86.74,38.12
0.3,86.74,38.18
0.3,86.73,38.23
0.3,86.72,38.29
0.3,86.71,38.35
0.3,86.7,38.4
0.3,86.69,38.46
0.3,86.69,38.52
0.3,86.68,38.57
0.3,86.67,38.63
0.3,86.66,38.68
0.3,86.64,38.74
0.3,86.63,38.8
0.3,86.62,38.86
0.3,86.61,38.92
0.3,86.6,38.97
0.3,86.59,39.03
0.3,86.57,39.08
0.3,86.56,39.14
0.3,86.54,39.2
0.3,86.53,39.26
0.3,86.52,39.32
0.3,86.5,39.38
0.3,86.48,39.43
0.31,86.46,39.49
0.31,86.44,39.54
0.31,86.42,39.6
0.31,86.4,39.66
0.31,86.39,39.72
0.31,86.36,39.77
0.31,86.34,39.83
0.31,86.31,39.88
0.31,86.29,39.94
0.31,86.27,39.99
0.31,86.24,40.05
0.32,86.22,40.1
0.32,86.2,40.16
0.32,86.17,40.21
0.32,86.14,40.26
0.32,86.11,40.31
0.32,86.07,40.36
0.32,86.04,40.4
0.32,85.99,40.44
0.32,85.94,40.47
0.32,85.89,40.51
0.32,85.84,40.54
0.32,85.79,40.57
0.32,85.74,40.59
0.32,85.68,40.62
0.32,85.63,40.65
0.32,85.57,40.67
0.32,85.52,40.7
0.32,85.47,40.72
0.32,85.41,40.74
0.32,85.36,40.77
0.32,85.31,40.79
0.32,85.25,40.81
0.32,85.19,40.83
0.32,85.14,40.85
0.32,85.09,40.87
0.32,85.03,40.89
0.32,84.98,40.91
0.32,84.92,40.92
0.32,84.87,40.94
0.32,84.81,40.96
0.32,84.75,40.98
0.32,84.7,40.99
0.32,84.64,41.01
0.33,84.59,41.02
0.33,84.53,41.04
0.33,84.48,41.06
0.33,84.42,41.07
0.33,84.37,41.09
0.33,84.31,41.1
0.33,84.25,41.12
0.33,84.2,41.13
0.33,84.14,41.14
0.33,84.08,41.16
0.33,84.03,41.17
0.33,83.97,41.19
0.33,83.91,41.2
0.33,83.86,41.21
0.33,83.8,41.22
0.33,83.74,41.24
0.33,83.69,41.25
0.33,83.63,41.26
0.33,83.57,41.28
0.33,83.51,41.29
0.33,83.45,41.3
0.33,83.39,41.31
0.33,83.34,41.32
0.34,83.28,41.33
0.34,83.22,41.35
0.34,83.16,41.36
0.34,83.1,41.37
0.34,83.04,41.38
0.34,82.98,41.39
0.34,82.92,41.4
0.34,82.86,41.41
0.34,82.8,41.42
0.34,82.74,41.43
0.34,82.68,41.44
0.34,82.62,41.45
0.34,82.56,41.47
0.34,82.5,41.47
0.34,82.44,41.48
0.34,82.38,41.49
0.34,82.32,41.5
0.34,82.25,41.51
0.34,82.19,41.52
0.34,82.13,41.53
0.34,82.07,41.54
0.34,82.0,41.55
0.34,81.94,41.55
0.34,81.88,41.56
0.34,81.82,41.57
0.35,81.75,41.58
0.35,81.69,41.59
0.35,81.63,41.59
0.35,81.56,41.6
0.35,81.5,41.61
0.35,81.43,41.61
0.35,81.37,41.62
0.35,81.31,41.62
0.35,81.24,41.63
0.35,81.18,41.63
0.35,81.11,41.64
0.35,81.05,41.64
0.35,80.98,41.65
0.35,80.92,41.65
0.35,80.85,41.66
0.35,80.79,41.66
0.35,80.72,41.66
0.35,80.66,41.67
0.35,80.59,41.67
0.35,80.52,41.67
0.35,80.46,41.67
0.35,80.39,41.68
0.35,80.33,41.68
0.35,80.26,41.68
0.35,80.2,41.69
0.35,80.13,41.69
0.35,80.07,41.69
0.35,80.0,41.68
0.37,88.67,35.0
0.37,88.67,35.07
0.37,88.67,35.14
0.37,88.67,35.21
0.37,88.67,35.28
0.37,88.67,35.35
0.37,88.67,35.42
0.37,88.67,35.49
0.37,88.67,35.56
0.37,88.67,35.63
0.37,88.67,35.7
0.37,88.66,35.77
0.37,88.66,35.84
0.37,88.66,35.91
0.37,88.66,35.98
0.37,88.66,36.06
0.37,88.66,36.13
0.37,88.65,36.2
0.37,88.65,36.27
0.37,88.65,36.34
0.37,88.64,36.41
0.37,88.64,36.48
0.37,88.64,36.55
0.37,88.63,36.62
0.37,88.63,36.69
0.37,88.63,36.76
0.37,88.62,36.83
0.37,88.62,36.9
0.37,88.61,36.97
0.37,88.61,37.03
0.37,88.61,37.1
0.37,88.6,37.17
0.37,88.6,37.24
0.37,88.59,37.31
0.37,88.59,37.38
0.37,88.58,37.45
0.37,88.58,37.52
0.37,88.57,37.59
0.37,88.57,37.66
0.37,88.56,37.73
0.37,88.55,37.8
0.37,88.55,37.87
0.37,88.54,37.94
0.37,88.53,38.01
0.37,88.53,38.07
0.37,88.52,38.14
0.37,88.51,38.21
0.37,88.51,38.28
0.37,88.5,38.35
0.37,88.49,38.42
0.37,88.48,38.49
0.37,88.47,38.56
0.37,88.47,38.63
0.37,88.46,38.7
0.37,88.45,38.76
0.37,88.44,38.83
0.37,88.43,38.9
0.37,88.42,38.97
0.37,88.41,39.04
0.37,88.4,39.11
0.37,88.39,39.18
0.37,88.38,39.25
0.37,88.37,39.32
0.37,88.36,39.39
0.37,88.35,39.47
0.37,88.34,39.54
0.37,88.32,39.6
0.37,88.31,39.68
0.37,88.29,39.75
0.37,88.28,39.82
0.38,88.27,39.89
0.38,88.25,39.97
0.38,88.23,40.04
0.38,88.21,40.1
0.38,88.19,40.18
0.38,88.18,40.25
0.38,88.16,40.32
0.38,88.14,40.4
0.38,88.12,40.47
0.38,88.09,40.54
0.38,88.07,40.61
0.38,88.05,40.68
0.38,88.03,40.75
0.39,88.01,40.82
0.39,87.98,40.9
0.39,87.95,40.97
0.39,87.92,41.03
0.39,87.89,41.1
0.39,87.86,41.17
0.39,87.83,41.24
0.39,87.8,41.31
0.39,87.77,41.38
0.4,87.74,41.44
0.4,87.71,41.51
0.4,87.67,41.57
0.4,87.63,41.64
0.4,87.59,41.7
0.4,87.55,41.75
0.4,87.49,41.8
0.4,87.43,41.84
0.4,87.36,41.88
0.4,87.3,41.92
0.4,87.24,41.96
0.4,87.17,41.99
0.4,87.1,42.02
0.4,87.04,42.06
0.4,86.97,42.09
0.4,86.9,42.12
0.4,86.83,42.15
0.4,86.77,42.18
0.4,86.7,42.21
0.4,86.63,42.23
0.4,86.56,42.26
0.4,86.49,42.29
0.4,86.42,42.31
0.4,86.36,42.34
0.4,86.29,42.36
0.4,86.22,42.38
0.4,86.15,42.4
0.4,86.08,42.43
0.4,86.01,42.45
0.41,85.94,42.47
0.41,85.87,42.49
0.41,85.8,42.51
0.41,85.74,42.53
0.41,85.67,42.55
0.41,85.6,42.57
0.41,85.53,42.59
0.41,85.46,42.61
0.41,85.39,42.63
0.41,85.32,42.64
0.41,85.25,42.66
0.41,85.18,42.68
0.41,85.11,42.7
0.41,85.03,42.71
0.41,84.96,42.73
0.41,84.89,42.75
0.41,84.82,42.76
0.41,84.75,42.78
0.41,84.68,42.8
0.41,84.61,42.81
0.42,84.53,42.83
0.42,84.46,42.84
0.42,84.39,42.86
0.42,84.32,42.87
0.42,84.24,42.89
0.42,84.17,42.9
0.42,84.1,42.92
0.42,84.02,42.93
0.42,83.95,42.95
0.42,83.88,42.96
0.42,83.8,42.98
0.42,83.73,42.99
0.42,83.65,43.0
0.42,83.58,43.02
0.42,83.5,43.03
0.42,83.43,43.04
0.42,83.35,43.06
0.42,83.28,43.07
0.43,83.2,43.08
0.43,83.12,43.09
0.43,83.05,43.11
0.43,82.97,43.12
0.43,82.9,43.13
0.43,82.82,43.14
0.43,82.74,43.15
0.43,82.66,43.16
0.43,82.58,43.17
0.43,82.51,43.18
0.43,82.43,43.19
0.43,82.35,43.2
0.43,82.27,43.21
0.43,82.19,43.22
0.43,82.11,43.23
0.43,82.03,43.24
0.43,81.95,43.25
0.43,81.87,43.26
0.43,81.79,43.26
0.43,81.71,43.27
0.43,81.63,43.28
0.43,81.55,43.29
0.43,81.47,43.29
0.43,81.39,43.3
0.43,81.31,43.3
0.43,81.23,43.31
0.44,81.15,43.32
0.44,81.06,43.32
0.44,80.98,43.33
0.44,80.9,43.33
0.44,80.82,43.33
0.44,80.74,43.34
0.44,80.66,43.34
0.44,80.57,43.34
0.44,80.49,43.35
0.44,80.41,43.35
0.44,80.33,43.35
0.44,80.25,43.36
0.44,80.16,43.36
0.44,80.08,43.36
0.44,80.0,43.35
0.45,90.4,35.0
0.45,90.4,35.08
0.45,90.4,35.17
0.45,90.4,35.25
0.45,90.4,35.34
0.45,90.4,35.42
0.45,90.4,35.51
0.45,90.4,35.59
0.45,90.4,35.68
0.45,90.4,35.76
0.45,90.4,35.84
0.45,90.4,35.93
0.45,90.4,36.01
0.45,90.39,36.1
0.45,90.39,36.18
0.45,90.39,36.27
0.45,90.39,36.35
0.45,90.39,36.44
0.45,90.38,36.52
0.45,90.38,36.6
0.45,90.37,36.69
0.45,90.37,36.77
0.45,90.37,36.85
0.45,90.36,36.94
0.45,90.36,37.02
0.45,90.35,37.11
0.45,90.35,37.19
0.45,90.34,37.27
0.45,90.34,37.36
0.45,90.33,37.44
0.45,90.33,37.53
0.45,90.32,37.61
0.45,90.32,37.69
0.45,90.31,37.78
0.45,90.3,37.86
0.45,90.3,37.94
0.45,90.29,38.03
0.45,90.28,38.11
0.45,90.28,38.19
0.45,90.27,38.28
0.45,90.26,38.36
0.45,90.26,38.44
0.45,90.25,38.52
0.45,90.24,38.61
0.45,90.23,38.69
0.45,90.23,38.77
0.45,90.22,38.86
0.45,90.21,38.94
0.45,90.2,39.02
0.45,90.19,39.1
0.45,90.18,39.19
0.45,90.17,39.27
0.45,90.16,39.35
0.45,90.15,39.43
0.45,90.14,39.52
0.45,90.13,39.6
0.45,90.11,39.68
0.45,90.1,39.77
0.45,90.09,39.85
0.45,90.08,39.93
0.45,90.07,40.02
0.45,90.05,40.1
0.45,90.04,40.19
0.45,90.03,40.27
0.45,90.02,40.36
0.45,90.0,40.44
0.45,89.98,40.52
0.45,89.97,40.61
0.45,89.95,40.7
0.45,89.93,40.78
0.45,89.92,40.87
0.45,89.9,40.96
0.45,89.88,41.04
0.45,89.85,41.12
0.45,89.83,41.21
0.45,89.81,41.3
0.45,89.79,41.39
0.46,89.77,41.48
0.46,89.75,41.56
0.46,89.71,41.64
0.46,89.68,41.73
0.46,89.66,41.81
0.46,89.63,41.9
0.46,89.61,41.99
0.46,89.58,42.08
0.47,89.54,42.16
0.47,89.51,42.24
0.47,89.47,42.32
0.47,89.44,42.41
0.47,89.4,42.49
0.47,89.36,42.57
0.47,89.33,42.65
0.48,89.29,42.73
0.48,89.25,42.81
0.48,89.21,42.89
0.48,89.16,42.96
0.48,89.11,43.04
0.48,89.06,43.1
0.48,88.99,43.16
0.48,88.91,43.21
0.48,88.83,43.26
0.48,88.76,43.3
0.48,88.68,43.35
0.48,88.61,43.39
0.48,88.53,43.43
0.48,88.44,43.47
0.48,88.36,43.51
0.48,88.28,43.54
0.48,88.2,43.58
0.48,88.12,43.62
0.48,88.04,43.65
0.48,87.96,43.68
0.48,87.88,43.71
0.48,87.79,43.74
0.48,87.71,43.77
0.48,87.63,43.8
0.48,87.55,43.83
0.48,87.46,43.86
0.49,87.38,43.89
0.49,87.3,43.91
0.49,87.21,43.94
0.49,87.13,43.96
0.49,87.05,43.99
0.49,86.97,44.01
0.49,86.88,44.04
0.49,86.8,44.06
0.49,86.72,44.08
0.49,86.63,44.11
0.49,86.55,44.13
0.49,86.46,44.15
0.49,86.38,44.17
0.49,86.3,44.19
0.49,86.21,44.21
0.49,86.13,44.24
0.49,86.04,44.26
0.49,85.96,44.28
0.5,85.87,44.3
0.5,85.78,44.32
0.5,85.7,44.34
0.5,85.61,44.36
0.5,85.53,44.37
0.5,85.44,44.39
0.5,85.35,44.41
0.5,85.27,44.43
0.5,85.18,44.45
0.5,85.09,44.47
0.5,85.0,44.48
0.5,84.92,44.5
0.5,84.83,44.52
0.5,84.74,44.54
0.5,84.65,44.55
0.51,84.56,44.57
0.51,84.47,44.59
0.51,84.38,44.6
0.51,84.29,44.62
0.51,84.21,44.64
0.51,84.11,44.65
0.51,84.02,44.67
0.51,83.93,44.68
0.51,83.84,44.7
0.51,83.75,44.71
0.51,83.66,44.73
0.51,83.57,44.74
0.51,83.47,44.76
0.51,83.38,44.77
0.51,83.29,44.78
0.51,83.19,44.8
0.52,83.1,44.81
0.52,83.01,44.82
0.52,82.91,44.83
0.52,82.82,44.84
0.52,82.72,44.86
0.52,82.63,44.87
0.52,82.53,44.88
0.52,82.44,44.89
0.52,82.34,44.9
0.52,82.25,44.91
0.52,82.15,44.92
0.52,82.05,44.93
0.52,81.96,44.93
0.52,81.86,44.94
0.52,81.76,44.95
0.52,81.67,44.96
0.52,81.57,44.97
0.52,81.47,44.97
0.52,81.38,44.98
0.52,81.28,44.98
0.52,81.18,44.99
0.52,81.08,45.0
0.52,80.98,45.0
0.52,80.88,45.0
0.52,80.79,45.01
0.52,80.69,45.01
0.52,80.59,45.02
0.52,80.49,45.02
0.52,80.39,45.02
0.52,80.3,45.03
0.52,80.2,45.03
0.52,80.1,45.03
0.52,80.0,45.03
0.52,92.14,35.0
0.52,92.14,35.1
0.52,92.14,35.2
0.52,92.13,35.3
0.52,92.13,35.39
0.52,92.13,35.49
0.52,92.13,35.59
0.52,92.13,35.69
0.52,92.13,35.79
0.52,92.13,35.89
0.52,92.13,35.99
0.52,92.13,36.08
0.52,92.13,36.18
0.52,92.12,36.28
0.52,92.12,36.38
0.52,92.12,36.48
0.52,92.12,36.58
0.52,92.12,36.67
0.52,92.11,36.77
0.52,92.11,36.87
0.52,92.1,36.97
0.52,92.1,37.07
0.52,92.09,37.16
0.52,92.09,37.26
0.52,92.08,37.36
0.52,92.08,37.46
0.52,92.07,37.56
0.52,92.07,37.65
0.52,92.06,37.75
0.52,92.05,37.85
0.52,92.05,37.95
0.52,92.04,38.04
0.52,92.04,38.14
0.52,92.03,38.24
0.52,92.02,38.34
0.52,92.01,38.43
0.52,92.01,38.53
0.52,92.0,38.63
0.52,91.99,38.72
0.52,91.98,38.82
0.52,91.98,38.92
0.52,91.97,39.01
0.52,91.96,39.11
0.52,91.95,39.21
0.52,91.94,39.3
0.52,91.93,39.4
0.52,91.92,39.5
0.52,91.91,39.59
0.52,91.9,39.69
0.52,91.89,39.79
0.52,91.87,39.88
0.52,91.86,39.98
0.52,91.85,40.08
0.52,91.84,40.17
0.52,91.83,40.27
0.52,91.81,40.37
0.52,91.8,40.46
0.52,91.79,40.56
0.52,91.78,40.66
0.52,91.76,40.76
0.52,91.75,40.85
0.52,91.73,40.95
0.52,91.71,41.05
0.52,91.7,41.15
0.52,91.69,41.25
0.52,91.67,41.35
0.52,91.65,41.45
0.52,91.63,41.55
0.52,91.61,41.65
0.52,91.59,41.75
0.53,91.57,41.85
0.53,91.55,41.95
0.53,91.53,42.05
0.53,91.5,42.15
0.53,91.47,42.25
0.53,91.45,42.35
0.53,91.43,42.45
0.53,91.4,42.56
0.53,91.37,42.66
0.53,91.33,42.75
0.53,91.3,42.85
0.54,91.27,42.95
0.54,91.24,43.05
0.54,91.21,43.15
0.54,91.18,43.26
0.54,91.13,43.35
0.54,91.09,43.45
0.55,91.05,43.54
0.55,91.01,43.64
0.55,90.96,43.73
0.55,90.93,43.83
0.55,90.88,43.93
0.55,90.84,44.02
0.56,90.79,44.11
0.56,90.74,44.2
0.56,90.69,44.29
0.56,90.63,44.38
0.56,90.57,44.46
0.56,90.49,44.52
0.56,90.4,44.58
0.56,90.3,44.63
0.56,90.22,44.69
0.56,90.13,44.74
0.56,90.04,44.79
0.56,89.95,44.83
0.56,89.85,44.88
0.56,89.76,44.92
0.56,89.66,44.97
0.56,89.57,45.01
0.56,89.48,45.05
0.56,89.38,45.09
0.56,89.28,45.13
0.56,89.19,45.16
0.56,89.09,45.2
0.56,88.99,45.24
0.56,88.9,45.27
0.56,88.8,45.3
0.57,88.71,45.34
0.57,88.61,45.37
0.57,88.51,45.4
0.57,88.42,45.43
0.57,88.32,45.46
0.57,88.22,45.49
0.57,88.13,45.52
0.57,88.03,45.54
0.57,87.93,45.57
0.57,87.83,45.6
0.57,87.74,45.62
0.57,87.64,45.65
0.57,87.54,45.68
0.57,87.44,45.7
0.57,87.34,45.73
0.57,87.25,45.75
0.58,87.15,45.78
0.58,87.05,45.8
0.58,86.95,45.82
0.58,86.85,45.85
0.58,86.75,45.87
0.58,86.65,45.89
0.58,86.55,45.91
0.58,86.45,45.94
0.58,86.35,45.96
0.58,86.25,45.98
0.58,86.14,46.0
0.58,86.04,46.02
0.58,85.94,46.04
0.59,85.84,46.06
0.59,85.74,46.08
0.59,85.63,46.11
0.59,85.53,46.13
0.59,85.43,46.15
0.59,85.32,46.17
0.59,85.22,46.18
0.59,85.12,46.2
0.59,85.01,46.22
0.59,84.91,46.24
0.59,84.8,46.26
0.59,84.69,46.28
0.59,84.59,46.3
0.6,84.48,46.31
0.6,84.37,46.33
0.6,84.27,46.35
0.6,84.16,46.36
0.6,84.05,46.38
0.6,83.94,46.4
0.6,83.84,46.41
0.6,83.73,46.43
0.6,83.62,46.44
0.6,83.51,46.46
0.6,83.4,46.47
0.6,83.29,46.49
0.6,83.18,46.5
0.6,83.07,46.51
0.6,82.96,46.52
0.6,82.84,46.54
0.61,82.73,46.55
0.61,82.62,46.56
0.61,82.51,46.57
0.61,82.4,46.58
0.61,82.28,46.59
0.61,82.17,46.6
0.61,82.06,46.61
0.61,81.94,46.62
0.61,81.83,46.63
0.61,81.72,46.64
0.61,81.6,46.64
0.61,81.49,46.65
0.61,81.38,46.66
0.61,81.26,46.66
0.61,81.15,46.67
0.61,81.03,46.67
0.61,80.92,46.68
0.61,80.8,46.68
0.61,80.69,46.68
0.61,80.57,46.69
0.61,80.46,46.69
0.61,80.35,46.7
0.61,80.23,46.7
0.61,80.12,46.7
0.61,80.0,46.7
0.6,93.87,35.0
0.6,93.87,35.11
0.6,93.87,35.23
0.6,93.87,35.34
0.6,93.87,35.45
0.6,93.87,35.56
0.6,93.87,35.68
0.6,93.87,35.79
0.6,93.87,35.9
0.6,93.87,36.01
0.6,93.87,36.13
0.6,93.86,36.24
0.6,93.86,36.35
0.6,93.86,36.46
0.6,93.85,36.58
0.6,93.85,36.69
0.6,93.85,36.8
0.6,93.85,36.91
0.6,93.84,37.03
0.6,93.84,37.14
0.6,93.83,37.25
0.6,93.83,37.36
0.6,93.82,37.47
0.6,93.81,37.59
0.6,93.81,37.7
0.6,93.8,37.81
0.6,93.8,37.92
0.6,93.79,38.03
0.6,93.78,38.14
0.6,93.78,38.26
0.6,93.77,38.37
0.6,93.76,38.48
0.6,93.75,38.59
0.6,93.75,38.7
0.6,93.74,38.81
0.6,93.73,38.92
0.6,93.72,39.03
0.6,93.71,39.14
0.6,93.7,39.26
0.6,93.7,39.37
0.6,93.69,39.48
0.6,93.68,39.59
0.59,93.66,39.7
0.59,93.65,39.81
0.59,93.64,39.92
0.59,93.63,40.03
0.59,93.62,40.14
0.59,93.61,40.25
0.59,93.6,40.36
0.59,93.58,40.47
0.59,93.57,40.58
0.59,93.56,40.69
0.59,93.55,40.8
0.59,93.53,40.91
0.59,93.52,41.02
0.59,93.5,41.13
0.59,93.49,41.24
0.59,93.47,41.36
0.59,93.46,41.47
0.59,93.44,41.58
0.59,93.42,41.69
0.59,93.41,41.8
0.6,93.39,41.92
0.6,93.37,42.03
0.6,93.36,42.14
0.6,93.34,42.26
0.6,93.31,42.37
0.6,93.29,42.48
0.6,93.27,42.6
0.6,93.25,42.71
0.6,93.23,42.83
0.6,93.21,42.95
0.6,93.17,43.06
0.6,93.14,43.17
0.6,93.11,43.28
0.61,93.09,43.4
0.61,93.06,43.52
0.61,93.03,43.64
0.61,92.99,43.75
0.61,92.95,43.86
0.61,92.91,43.97
0.61,92.88,44.09
0.61,92.84,44.2
0.62,92.81,44.32
0.62,92.77,44.44
0.62,92.72,44.54
0.62,92.68,44.65
0.62,92.63,44.76
0.62,92.58,44.87
0.63,92.53,44.98
0.63,92.49,45.09
0.63,92.44,45.2
0.63,92.39,45.31
0.64,92.34,45.41
0.64,92.28,45.52
0.64,92.22,45.62
0.64,92.15,45.72
0.64,92.08,45.81
0.64,91.98,45.88
0.64,91.88,45.95
0.64,91.78,46.01
0.64,91.68,46.07
0.64,91.58,46.13
0.64,91.48,46.19
0.64,91.37,46.24
0.64,91.26,46.29
0.64,91.15,46.34
0.64,91.04,46.39
0.64,90.93,46.44
0.64,90.83,46.49
0.64,90.72,46.53
0.64,90.61,46.57
0.64,90.5,46.62
0.64,90.39,46.66
0.64,90.28,46.7
0.64,90.17,46.74
0.65,90.06,46.78
0.65,89.95,46.81
0.65,89.84,46.85
0.65,89.73,46.88
0.65,89.62,46.92
0.65,89.51,46.95
0.65,89.4,46.99
0.65,89.29,47.02
0.65,89.18,47.05
0.65,89.07,47.08
0.65,88.95,47.11
0.65,88.84,47.14
0.65,88.73,47.17
0.65,88.62,47.2
0.66,88.51,47.23
0.66,88.39,47.26
0.66,88.28,47.29
0.66,88.17,47.31
0.66,88.06,47.34
0.66,87.94,47.37
0.66,87.83,47.4
0.66,87.71,47.42
0.66,87.6,47.45
0.66,87.48,47.47
0.66,87.37,47.5
0.66,87.25,47.53
0.67,87.14,47.55
0.67,87.02,47.57
0.67,86.91,47.6
0.67,86.79,47.62
0.67,86.67,47.65
0.67,86.56,47.67
0.67,86.44,47.69
0.67,86.32,47.72
0.67,86.2,47.74
0.67,86.08,47.76
0.67,85.96,47.78
0.68,85.85,47.8
0.68,85.73,47.83
0.68,85.61,47.85
0.68,85.49,47.87
0.68,85.37,47.89
0.68,85.24,47.91
0.68,85.12,47.93
0.68,85.0,47.95
0.68,84.88,47.97
0.68,84.76,47.99
0.68,84.63,48.01
0.68,84.51,48.03
0.69,84.38,48.04
0.69,84.26,48.06
0.69,84.13,48.08
0.69,84.01,48.09
0.69,83.88,48.11
0.69,83.76,48.13
0.69,83.63,48.14
0.69,83.51,48.16
0.69,83.38,48.17
0.69,83.25,48.18
0.69,83.12,48.2
0.69,83.0,48.21
0.69,82.87,48.22
0.69,82.74,48.23
0.69,82.61,48.25
0.69,82.48,48.26
0.69,82.35,48.27
0.7,82.22,48.28
0.7,82.09,48.29
0.7,81.96,48.3
0.7,81.83,48.31
0.7,81.7,48.31
0.7,81.57,48.32
0.7,81.44,48.33
0.7,81.31,48.33
0.7,81.18,48.34
0.7,81.05,48.34
0.7,80.92,48.35
0.7,80.79,48.35
0.7,80.66,48.36
0.7,80.53,48.37
0.7,80.39,48.37
0.7,80.26,48.37
0.7,80.13,48.37
0.7,80.0,48.37
0.67,95.6,35.0
0.67,95.6,35.13
0.67,95.6,35.25
0.67,95.6,35.38
0.67,95.6,35.51
0.67,95.6,35.63
0.67,95.6,35.76
0.67,95.6,35.89
0.67,95.6,36.01
0.67,95.6,36.14
0.67,95.6,36.27
0.67,95.6,36.39
0.67,95.59,36.52
0.67,95.59,36.65
0.67,95.59,36.77
0.67,95.58,36.9
0.67,95.58,37.03
0.67,95.58,37.15
0.67,95.57,37.28
0.67,95.57,37.41
0.67,95.56,37.53
0.67,95.55,37.66
0.67,95.55,37.78
0.67,95.54,37.91
0.67,95.53,38.03
0.67,95.53,38.16
0.67,95.52,38.29
0.67,95.51,38.41
0.67,95.51,38.54
0.67,95.5,38.66
0.67,95.49,38.79
0.67,95.48,38.91
0.67,95.47,39.04
0.67,95.46,39.16
0.67,95.46,39.29
0.67,95.45,39.41
0.67,95.44,39.54
0.67,95.43,39.66
0.67,95.42,39.79
0.67,95.41,39.91
0.67,95.4,40.04
0.67,95.38,40.16
0.67,95.37,40.29
0.67,95.36,40.41
0.67,95.35,40.53
0.67,95.34,40.66
0.67,95.33,40.78
0.67,95.31,40.91
0.67,95.3,41.03
0.67,95.28,41.15
0.67,95.27,41.28
0.67,95.25,41.4
0.67,95.24,41.53
0.67,95.22,41.65
0.67,95.21,41.78
0.67,95.19,41.9
0.67,95.17,42.03
0.67,95.16,42.15
0.67,95.14,42.28
0.67,95.12,42.4
0.67,95.1,42.53
0.67,95.08,42.65
0.67,95.06,42.78
0.67,95.04,42.91
0.67,95.02,43.04
0.67,95.01,43.17
0.67,94.98,43.29
0.67,94.95,43.42
0.67,94.92,43.55
0.67,94.9,43.68
0.68,94.88,43.81
0.68,94.86,43.94
0.68,94.82,44.07
0.68,94.78,44.19
0.68,94.75,44.32
0.68,94.72,44.45
0.68,94.69,44.58
0.68,94.66,44.72
0.69,94.62,44.84
0.69,94.57,44.97
0.69,94.53,45.09
0.69,94.49,45.22
0.69,94.45,45.35
0.69,94.41,45.48
0.7,94.37,45.61
0.7,94.32,45.74
0.7,94.26,45.86
0.7,94.21,45.99
0.7,94.15,46.11
0.7,94.1,46.23
0.71,94.05,46.35
0.71,93.99,46.48
0.71,93.94,46.6
0.72,93.88,46.72
0.72,93.81,46.83
0.72,93.74,46.94
0.72,93.67,47.06
0.72,93.58,47.16
0.72,93.48,47.24
0.72,93.37,47.32
0.72,93.25,47.39
0.72,93.14,47.45
0.72,93.02,47.52
0.72,92.91,47.59
0.72,92.79,47.64
0.72,92.67,47.7
0.72,92.54,47.76
0.72,92.42,47.82
0.72,92.3,47.87
0.72,92.18,47.92
0.72,92.06,47.97
0.72,91.94,48.02
0.72,91.81,48.07
0.72,91.69,48.11
0.72,91.56,48.16
0.73,91.44,48.21
0.73,91.32,48.25
0.73,91.2,48.29
0.73,91.07,48.33
0.73,90.95,48.37
0.73,90.82,48.41
0.73,90.7,48.45
0.73,90.57,48.48
0.73,90.45,48.52
0.73,90.32,48.55
0.73,90.2,48.59
0.73,90.07,48.62
0.73,89.95,48.66
0.74,89.82,48.69
0.74,89.69,48.73
0.74,89.57,48.76
0.74,89.44,48.79
0.74,89.32,48.82
0.74,89.19,48.85
0.74,89.06,48.89
0.74,88.94,48.92
0.74,88.81,48.95
0.74,88.68,48.98
0.74,88.55,49.0
0.75,88.42,49.03
0.75,88.29,49.06
0.75,88.16,49.09
0.75,88.03,49.12
0.75,87.9,49.15
0.75,87.77,49.17
0.75,87.64,49.2
0.75,87.51,49.23
0.75,87.38,49.25
0.75,87.24,49.28
0.76,87.11,49.3
0.76,86.98,49.33
0.76,86.84,49.36
0.76,86.71,49.38
0.76,86.58,49.4
0.76,86.44,49.43
0.76,86.31,49.45
0.76,86.17,49.48
0.76,86.04,49.5
0.76,85.9,49.52
0.77,85.76,49.55
0.77,85.62,49.57
0.77,85.49,49.59
0.77,85.35,49.61
0.77,85.21,49.63
0.77,85.07,49.65
0.77,84.93,49.67
0.77,84.79,49.69
0.77,84.65,49.71
0.77,84.51,49.73
0.77,84.37,49.75
0.77,84.23,49.77
0.78,84.09,49.78
0.78,83.94,49.8
0.78,83.8,49.82
0.78,83.66,49.83
0.78,83.51,49.85
0.78,83.37,49.86
0.78,83.23,49.88
0.78,83.08,49.89
0.78,82.94,49.9
0.78,82.79,49.91
0.78,82.65,49.93
0.78,82.5,49.94
0.78,82.35,49.95
0.78,82.21,49.96
0.78,82.06,49.97
0.78,81.92,49.98
0.78,81.77,49.99
0.78,81.62,49.99
0.78,81.47,50.0
0.78,81.33,50.01
0.78,81.18,50.01
0.78,81.03,50.02
0.78,80.89,50.02
0.79,80.74,50.03
0.79,80.59,50.04
0.79,80.44,50.04
0.79,80.3,50.05
0.79,80.15,50.05
0.79,80.0,50.04
0.75,97.34,35.0
0.75,97.34,35.14
0.75,97.34,35.28
0.75,97.33,35.42
0.75,97.33,35.56
0.75,97.33,35.7
0.75,97.34,35.84
0.75,97.34,35.99
0.75,97.33,36.13
0.75,97.33,36.27
0.75,97.33,36.41
0.75,97.33,36.55
0.75,97.33,36.69
0.75,97.32,36.83
0.75,97.32,36.97
0.75,97.32,37.11
0.75,97.31,37.25
0.75,97.31,37.39
0.75,97.31,37.53
0.75,97.3,37.67
0.75,97.29,37.81
0.75,97.28,37.95
0.75,97.28,38.09
0.75,97.27,38.23
0.75,97.26,38.37
0.75,97.25,38.51
0.75,97.24,38.65
0.75,97.24,38.79
0.75,97.23,38.93
0.75,97.22,39.07
0.75,97.21,39.21
0.75,97.2,39.35
0.75,97.19,39.49
0.75,97.18,39.63
0.75,97.17,39.77
0.74,97.16,39.9
0.74,97.15,40.04
0.74,97.14,40.18
0.74,97.13,40.32
0.74,97.12,40.46
0.74,97.11,40.6
0.74,97.09,40.74
0.74,97.08,40.87
0.74,97.07,41.01
0.74,97.05,41.15
0.74,97.04,41.29
0.74,97.03,41.43
0.74,97.01,41.56
0.74,97.0,41.7
0.74,96.98,41.84
0.74,96.96,41.98
0.74,96.95,42.11
0.74,96.93,42.25
0.74,96.92,42.39
0.74,96.9,42.53
0.74,96.88,42.67
0.74,96.86,42.81
0.74,96.84,42.95
0.74,96.82,43.09
0.74,96.8,43.22
0.74,96.78,43.36
0.74,96.76,43.5
0.74,96.73,43.65
0.74,96.71,43.79
0.75,96.69,43.93
0.75,96.67,44.07
0.75,96.64,44.21
0.75,96.61,44.35
0.75,96.58,44.49
0.75,96.56,44.64
0.75,96.53,44.79
0.75,96.51,44.93
0.75,96.47,45.07
0.75,96.42,45.21
0.75,96.39,45.35
0.76,96.36,45.5
0.76,96.32,45.65
0.76,96.29,45.8
0.76,96.24,45.94
0.76,96.19,46.07
0.76,96.14,46.22
0.77,96.1,46.36
0.77,96.05,46.5
0.77,96.01,46.65
0.77,95.96,46.79
0.78,95.91,46.93
0.78,95.85,47.07
0.78,95.79,47.21
0.78,95.73,47.34
0.78,95.66,47.48
0.79,95.61,47.62
0.79,95.55,47.75
0.79,95.49,47.89
0.8,95.42,48.02
0.8,95.35,48.15
0.8,95.27,48.27
0.8,95.19,48.39
0.8,95.09,48.51
0.8,94.98,48.6
0.8,94.85,48.69
0.8,94.72,48.76
0.8,94.6,48.84
0.8,94.47,48.91
0.8,94.34,48.98
0.8,94.21,49.05
0.8,94.07,49.11
0.8,93.94,49.18
0.8,93.8,49.24
0.8,93.67,49.3
0.8,93.54,49.36
0.8,93.4,49.41
0.8,93.26,49.47
0.8,93.13,49.52
0.8,92.99,49.57
0.81,92.85,49.62
0.81,92.71,49.67
0.81,92.58,49.72
0.81,92.44,49.76
0.81,92.3,49.81
0.81,92.16,49.85
0.81,92.02,49.9
0.81,91.89,49.94
0.81,91.75,49.98
0.81,91.61,50.02
0.81,91.47,50.06
0.81,91.33,50.1
0.82,91.19,50.14
0.82,91.05,50.18
0.82,90.91,50.22
0.82,90.77,50.25
0.82,90.63,50.29
0.82,90.49,50.32
0.82,90.35,50.36
0.82,90.21,50.39
0.82,90.07,50.43
0.82,89.93,50.46
0.83,89.78,50.5
0.83,89.64,50.53
0.83,89.5,50.56
0.83,89.36,50.59
0.83,89.21,50.62
0.83,89.07,50.66
0.83,88.92,50.69
0.83,88.78,50.72
0.83,88.63,50.75
0.84,88.49,50.78
0.84,88.34,50.81
0.84,88.19,50.84
0.84,88.05,50.86
0.84,87.9,50.89
0.84,87.75,50.92
0.84,87.6,50.95
0.84,87.46,50.98
0.84,87.31,51.0
0.85,87.16,51.03
0.85,87.01,51.06
0.85,86.86,51.09
0.85,86.71,51.11
0.85,86.55,51.14
0.85,86.4,51.16
0.85,86.25,51.19
0.85,86.1,51.21
0.85,85.94,51.23
0.85,85.79,51.26
0.86,85.64,51.28
0.86,85.48,51.3
0.86,85.32,51.33
0.86,85.17,51.35
0.86,85.01,51.37
0.86,84.86,51.39
0.86,84.7,51.41
0.86,84.54,51.43
0.86,84.38,51.45
0.86,84.22,51.46
0.86,84.06,51.48
0.86,83.9,51.5
0.87,83.74,51.51
0.87,83.59,51.53
0.87,83.42,51.54
0.87,83.26,51.56
0.87,83.1,51.57
0.87,82.94,51.59
0.87,82.78,51.6
0.87,82.62,51.61
0.87,82.45,51.62
0.87,82.29,51.63
0.87,82.13,51.64
0.87,81.97,51.65
0.87,81.8,51.66
0.87,81.64,51.67
0.87,81.47,51.67
0.87,81.31,51.68
0.87,81.15,51.68
0.87,80.99,51.69
0.87,80.82,51.7
0.87,80.66,51.71
0.87,80.49,51.71
0.87,80.33,51.72
0.87,80.16,51.72
0.87,80.0,51.71
0.82,99.07,35.0
0.82,99.07,35.16
0.82,99.07,35.31
0.82,99.07,35.46
0.82,99.07,35.62
0.82,99.07,35.77
0.82,99.07,35.93
0.82,99.07,36.08
0.82,99.07,36.24
0.82,99.07,36.39
0.82,99.06,36.55
0.82,99.06,36.7
0.82,99.06,36.86
0.82,99.05,37.01
0.82,99.05,37.17
0.82,99.05,37.32
0.82,99.04,37.48
0.82,99.04,37.63
0.82,99.04,37.79
0.82,99.03,37.94
0.82,99.02,38.09
0.82,99.01,38.25
0.82,99.0,38.4
0.82,98.99,38.55
0.82,98.99,38.71
0.82,98.98,38.86
0.82,98.97,39.02
0.82,98.96,39.17
0.82,98.95,39.32
0.82,98.94,39.48
0.82,98.93,39.63
0.82,98.92,39.78
0.82,98.91,39.94
0.82,98.9,40.09
0.82,98.89,40.24
0.82,98.88,40.4
0.82,98.87,40.55
0.82,98.86,40.7
0.82,98.84,40.85
0.82,98.83,41.01
0.82,98.82,41.16
0.82,98.8,41.31
0.82,98.79,41.46
0.82,98.77,41.61
0.82,98.76,41.76
0.82,98.75,41.91
0.82,98.73,42.07
0.82,98.71,42.22
0.82,98.7,42.37
0.82,98.68,42.52
0.82,98.66,42.67
0.82,98.64,42.82
0.82,98.63,42.98
0.82,98.61,43.13
0.82,98.59,43.28
0.82,98.56,43.43
0.82,98.54,43.59
0.82,98.52,43.74
0.82,98.5,43.89
0.82,98.48,44.04
0.82,98.46,44.2
0.82,98.43,44.35
0.82,98.41,44.51
0.82,98.39,44.67
0.82,98.36,44.82
0.82,98.34,44.98
0.82,98.3,45.13
0.82,98.27,45.29
0.82,98.24,45.44
0.82,98.21,45.61
0.83,98.19,45.77
0.83,98.16,45.93
0.83,98.11,46.08
0.83,98.06,46.23
0.83,98.03,46.39
0.83,97.99,46.55
0.83,97.96,46.71
0.84,97.92,46.88
0.84,97.87,47.03
0.84,97.81,47.18
0.84,97.75,47.34
0.84,97.71,47.49
0.85,97.66,47.65
0.85,97.61,47.81
0.85,97.56,47.97
0.85,97.5,48.12
0.86,97.43,48.27
0.86,97.37,48.43
0.86,97.3,48.58
0.86,97.23,48.73
0.86,97.17,48.88
0.87,97.1,49.03
0.87,97.04,49.18
0.87,96.96,49.32
0.88,96.88,49.46
0.88,96.8,49.6
0.88,96.71,49.73
0.88,96.6,49.86
0.88,96.48,49.96
0.88,96.34,50.06
0.88,96.19,50.14
0.88,96.06,50.22
0.88,95.92,50.3
0.88,95.78,50.38
0.88,95.63,50.45
0.88,95.48,50.53
0.88,95.33,50.59
0.88,95.18,50.66
0.88,95.03,50.73
0.88,94.89,50.79
0.88,94.74,50.85
0.88,94.59,50.91
0.88,94.44,50.97
0.89,94.29,51.03
0.89,94.13,51.09
0.89,93.98,51.14
0.89,93.84,51.19
0.89,93.68,51.24
0.89,93.53,51.29
0.89,93.38,51.34
0.89,93.23,51.39
0.89,93.07,51.43
0.89,92.92,51.48
0.89,92.77,51.52
0.89,92.62,51.57
0.9,92.46,51.61
0.9,92.31,51.65
0.9,92.16,51.69
0.9,92.0,51.74
0.9,91.85,51.78
0.9,91.7,51.82
0.9,91.54,51.86
0.9,91.39,51.89
0.9,91.23,51.93
0.91,91.08,51.97
0.91,90.92,52.01
0.91,90.76,52.05
0.91,90.61,52.08
0.91,90.45,52.12
0.91,90.29,52.15
0.91,90.13,52.19
0.91,89.98,52.22
0.92,89.82,52.26
0.92,89.66,52.29
0.92,89.49,52.32
0.92,89.34,52.35
0.92,89.18,52.39
0.92,89.01,52.42
0.92,88.85,52.45
0.92,88.69,52.48
0.93,88.53,52.51
0.93,88.37,52.55
0.93,88.2,52.58
0.93,88.04,52.6
0.93,87.87,52.63
0.93,87.71,52.66
0.93,87.54,52.69
0.93,87.38,52.72
0.93,87.21,52.75
0.94,87.04,52.78
0.94,86.87,52.81
0.94,86.71,52.83
0.94,86.54,52.86
0.94,86.37,52.88
0.94,86.2,52.91
0.94,86.03,52.93
0.94,85.86,52.96
0.94,85.68,52.98
0.95,85.51,53.0
0.95,85.34,53.03
0.95,85.17,53.05
0.95,84.99,53.07
0.95,84.82,53.09
0.95,84.65,53.11
0.95,84.47,53.13
0.95,84.29,53.15
0.95,84.12,53.16
0.95,83.94,53.18
0.95,83.77,53.2
0.95,83.59,53.21
0.95,83.41,53.23
0.96,83.23,53.24
0.96,83.06,53.26
0.96,82.88,53.27
0.96,82.7,53.28
0.96,82.52,53.29
0.96,82.34,53.31
0.96,82.16,53.32
0.96,81.98,53.32
0.96,81.8,53.33
0.96,81.62,53.34
0.96,81.44,53.35
0.96,81.26,53.35
0.96,81.08,53.36
0.96,80.9,53.37
0.96,80.72,53.38
0.96,80.54,53.38
0.96,80.36,53.39
0.96,80.18,53.39
0.96,80.0,53.38
0.9,100.8,35.0
0.9,100.8,35.17
0.9,100.8,35.34
0.9,100.8,35.51
0.9,100.8,35.68
0.9,100.8,35.85
0.9,100.8,36.01
0.9,100.8,36.18
0.9,100.8,36.35
0.9,100.8,36.52
0.9,100.8,36.69
0.9,100.8,36.86
0.9,100.79,37.03
0.9,100.79,37.19
0.9,100.78,37.36
0.9,100.78,37.53
0.9,100.78,37.7
0.9,100.77,37.87
0.9,100.77,38.04
0.9,100.76,38.21
0.9,100.75,38.38
0.9,100.74,38.54
0.9,100.73,38.71
0.9,100.72,38.88
0.9,100.71,39.05
0.9,100.7,39.21
0.9,100.69,39.38
0.9,100.68,39.55
0.9,100.67,39.72
0.9,100.66,39.88
0.9,100.65,40.05
0.89,100.64,40.22
0.89,100.63,40.39
0.89,100.62,40.55
0.89,100.61,40.72
0.89,100.59,40.89
0.89,100.58,41.05
0.89,100.57,41.22
0.89,100.56,41.38
0.89,100.55,41.55
0.89,100.53,41.72
0.89,100.51,41.88
0.89,100.5,42.05
0.89,100.48,42.21
0.89,100.46,42.38
0.89,100.45,42.54
0.89,100.44,42.71
0.89,100.42,42.88
0.89,100.4,43.04
0.89,100.38,43.21
0.89,100.36,43.37
0.89,100.34,43.54
0.89,100.32,43.7
0.89,100.3,43.87
0.89,100.28,44.04
0.89,100.25,44.2
0.89,100.23,44.37
0.89,100.21,44.53
0.89,100.19,44.7
0.89,100.16,44.87
0.89,100.14,45.04
0.89,100.11,45.21
0.89,100.08,45.37
0.89,100.06,45.55
0.89,100.03,45.72
0.89,100.01,45.89
0.89,99.97,46.05
0.9,99.93,46.22
0.9,99.9,46.39
0.9,99.87,46.57
0.9,99.84,46.75
0.9,99.81,46.92
0.9,99.76,47.09
0.9,99.71,47.25
0.91,99.67,47.42
0.91,99.63,47.6
0.91,99.59,47.78
0.91,99.55,47.96
0.91,99.49,48.13
0.91,99.43,48.29
0.92,99.37,48.46
0.92,99.32,48.63
0.92,99.27,48.8
0.93,99.21,48.98
0.93,99.16,49.15
0.93,99.09,49.32
0.93,99.02,49.48
0.94,98.94,49.65
0.94,98.87,49.81
0.94,98.8,49.97
0.94,98.73,50.14
0.95,98.66,50.3
0.95,98.59,50.47
0.95,98.5,50.62
0.96,98.42,50.78
0.96,98.32,50.93
0.96,98.22,51.07
0.96,98.11,51.21
0.97,97.98,51.32
0.97,97.82,51.42
0.96,97.67,51.52
0.96,97.52,51.61
0.96,97.37,51.7
0.96,97.21,51.78
0.96,97.05,51.86
0.96,96.89,51.94
0.96,96.72,52.01
0.96,96.56,52.09
0.96,96.4,52.16
0.96,96.24,52.23
0.96,96.08,52.3
0.96,95.92,52.36
0.97,95.75,52.42
0.97,95.58,52.49
0.97,95.42,52.55
0.97,95.26,52.61
0.97,95.09,52.66
0.97,94.93,52.72
0.97,94.76,52.77
0.97,94.6,52.82
0.97,94.43,52.88
0.97,94.26,52.93
0.97,94.1,52.98
0.97,93.93,53.03
0.98,93.77,53.07
0.98,93.6,53.12
0.98,93.43,53.17
0.98,93.26,53.21
0.98,93.1,53.26
0.98,92.93,53.3
0.98,92.76,53.35
0.98,92.59,53.39
0.99,92.42,53.43
0.99,92.25,53.47
0.99,92.08,53.51
0.99,91.91,53.56
0.99,91.74,53.6
0.99,91.57,53.63
0.99,91.4,53.67
0.99,91.23,53.71
1.0,91.06,53.75
1.0,90.88,53.79
1.0,90.71,53.83
1.0,90.53,53.86
1.0,90.36,53.9
1.0,90.18,53.93
1.0,90.01,53.97
1.01,89.83,54.0
1.01,89.66,54.04
1.01,89.48,54.07
1.01,89.3,54.11
1.01,89.13,54.14
1.01,88.95,54.17
1.01,88.77,54.21
1.01,88.59,54.24
1.02,88.41,54.27
1.02,88.23,54.3
1.02,88.05,54.33
1.02,87.87,54.36
1.02,87.68,54.4
1.02,87.5,54.42
1.02,87.32,54.45
1.02,87.13,54.48
1.03,86.95,54.51
1.03,86.76,54.54
1.03,86.58,54.56
1.03,86.39,54.59
1.03,86.2,54.62
1.03,86.01,54.64
1.03,85.83,54.66
1.03,85.64,54.69
1.03,85.45,54.71
1.04,85.26,54.73
1.04,85.07,54.76
1.04,84.88,54.78
1.04,84.68,54.8
1.04,84.49,54.82
1.04,84.3,54.83
1.04,84.11,54.85
1.04,83.92,54.87
1.04,83.72,54.89
1.04,83.53,54.9
1.04,83.33,54.92
1.04,83.14,54.93
1.04,82.94,54.95
1.04,82.75,54.96
1.04,82.55,54.97
1.04,82.36,54.98
1.05,82.16,54.99
1.05,81.97,55.0
1.05,81.77,55.01
1.05,81.57,55.02
1.05,81.38,55.02
1.05,81.18,55.03
1.05,80.99,55.04
1.05,80.79,55.05
1.05,80.59,55.06
1.05,80.39,55.06
1.05,80.2,55.06
1.05,80.0,55.05
0.97,102.54,35.0
0.97,102.54,35.18
0.97,102.54,35.37
0.97,102.54,35.55
0.97,102.53,35.73
0.97,102.54,35.92
0.97,102.54,36.1
0.97,102.54,36.28
0.97,102.53,36.46
0.97,102.53,36.65
0.97,102.53,36.83
0.97,102.53,37.01
0.97,102.52,37.2
0.97,102.52,37.38
0.97,102.51,37.56
0.97,102.51,37.74
0.97,102.51,37.93
0.97,102.5,38.11
0.97,102.5,38.29
0.97,102.49,38.47
0.97,102.48,38.66
0.97,102.47,38.84
0.97,102.46,39.02
0.97,102.45,39.2
0.97,102.44,39.38
0.97,102.43,39.57
0.97,102.42,39.75
0.97,102.41,39.93
0.97,102.4,40.11
0.97,102.39,40.29
0.97,102.37,40.47
0.97,102.36,40.65
0.97,102.35,40.83
0.97,102.34,41.02
0.97,102.32,41.2
0.97,102.31,41.38
0.97,102.3,41.56
0.97,102.28,41.74
0.97,102.27,41.92
0.97,102.26,42.1
0.97,102.24,42.28
0.97,102.22,42.46
0.97,102.2,42.63
0.97,102.19,42.81
0.97,102.17,42.99
0.97,102.16,43.17
0.97,102.14,43.35
0.97,102.12,43.53
0.97,102.1,43.71
0.97,102.07,43.89
0.96,102.05,44.07
0.96,102.03,44.25
0.96,102.01,44.43
0.96,101.99,44.61
0.96,101.97,44.79
0.97,101.94,44.97
0.97,101.91,45.15
0.97,101.89,45.33
0.97,101.87,45.51
0.97,101.84,45.69
0.97,101.81,45.87
0.97,101.78,46.06
0.97,101.75,46.24
0.97,101.73,46.42
0.97,101.7,46.61
0.97,101.68,46.8
0.97,101.63,46.97
0.97,101.59,47.16
0.97,101.56,47.34
0.97,101.53,47.53
0.98,101.49,47.72
0.98,101.46,47.92
0.98,101.41,48.1
0.98,101.35,48.27
0.98,101.3,48.46
0.98,101.26,48.65
0.99,101.22,48.84
0.99,101.17,49.04
0.99,101.12,49.22
0.99,101.05,49.4
0.99,100.98,49.58
1.0,100.93,49.77
1.0,100.87,49.95
1.0,100.81,50.14
1.01,100.75,50.33
1.01,100.68,50.51
1.01,100.6,50.69
1.01,100.52,50.87
1.02,100.44,51.05
1.02,100.36,51.22
1.02,100.29,51.4
1.03,100.21,51.58
1.03,100.14,51.76
1.03,100.05,51.92
1.04,99.95,52.09
1.04,99.85,52.25
1.04,99.74,52.41
1.05,99.62,52.56
1.05,99.47,52.68
1.05,99.31,52.79
1.04,99.14,52.89
1.05,98.98,52.99
1.05,98.81,53.09
1.04,98.65,53.18
1.04,98.47,53.26
1.04,98.3,53.35
1.04,98.12,53.43
1.04,97.94,53.51
1.04,97.77,53.59
1.04,97.6,53.67
1.04,97.42,53.74
1.05,97.24,53.81
1.05,97.06,53.88
1.05,96.88,53.94
1.05,96.7,54.01
1.05,96.53,54.08
1.05,96.35,54.14
1.05,96.17,54.19
1.05,95.99,54.25
1.05,95.81,54.31
1.05,95.63,54.37
1.05,95.45,54.42
1.05,95.27,54.48
1.06,95.09,54.53
1.06,94.91,54.58
1.06,94.73,54.63
1.06,94.55,54.68
1.06,94.37,54.73
1.06,94.19,54.78
1.06,94.0,54.83
1.07,93.82,54.87
1.07,93.64,54.92
1.07,93.46,54.97
1.07,93.27,55.01
1.07,93.09,55.06
1.07,92.91,55.1
1.07,92.72,55.15
1.07,92.53,55.19
1.08,92.35,55.23
1.08,92.16,55.27
1.08,91.98,55.31
1.08,91.79,55.35
1.08,91.6,55.4
1.08,91.41,55.43
1.08,91.22,55.47
1.09,91.03,55.51
1.09,90.84,55.55
1.09,90.65,55.59
1.09,90.46,55.62
1.09,90.27,55.66
1.09,90.08,55.7
1.09,89.89,55.74
1.1,89.69,55.77
1.1,89.5,55.81
1.1,89.31,55.84
1.1,89.11,55.88
1.1,88.92,55.91
1.1,88.72,55.95
1.1,88.52,55.98
1.11,88.32,56.01
1.11,88.12,56.04
1.11,87.93,56.07
1.11,87.73,56.11
1.11,87.53,56.14
1.11,87.33,56.17
1.11,87.12,56.2
1.11,86.92,56.22
1.12,86.72,56.25
1.12,86.51,56.28
1.12,86.31,56.3
1.12,86.11,56.33
1.12,85.9,56.35
1.12,85.7,56.38
1.12,85.49,56.4
1.12,85.28,56.42
1.12,85.08,56.45
1.12,84.87,56.47
1.13,84.66,56.49
1.13,84.45,56.51
1.13,84.24,56.53
1.13,84.03,56.54
1.13,83.82,56.56
1.13,83.61,56.58
1.13,83.4,56.59
1.13,83.19,56.61
1.13,82.98,56.62
1.13,82.77,56.63
1.13,82.56,56.65
1.13,82.34,56.66
1.13,82.13,56.67
1.13,81.92,56.68
1.13,81.7,56.68
1.13,81.49,56.69
1.13,81.28,56.7
1.13,81.07,56.71
1.14,80.85,56.72
1.14,80.64,56.73
1.14,80.43,56.73
1.14,80.21,56.73
1.14,80.0,56.72
1.05,104.27,35.0
1.05,104.27,35.2
1.05,104.27,35.39
1.05,104.27,35.59
1.05,104.27,35.79
1.05,104.27,35.99
1.05,104.27,36.18
1.05,104.27,36.38
1.05,104.27,36.58
1.05,104.27,36.77
1.05,104.26,36.97
1.05,104.26,37.17
1.05,104.26,37.37
1.05,104.25,37.56
1.05,104.25,37.76
1.05,104.24,37.95
1.05,104.24,38.15
1.05,104.23,38.35
1.05,104.23,38.55
1.05,104.22,38.74
1.05,104.21,38.94
1.05,104.19,39.13
1.05,104.19,39.33
1.05,104.17,39.52
1.05,104.16,39.72
1.05,104.15,39.92
1.05,104.14,40.11
1.04,104.13,40.31
1.04,104.12,40.5
1.04,104.11,40.7
1.04,104.09,40.89
1.04,104.08,41.09
1.04,104.07,41.28
1.04,104.06,41.48
1.04,104.04,41.67
1.04,104.03,41.87
1.04,104.01,42.06
1.04,104.0,42.25
1.04,103.98,42.45
1.04,103.97,42.64
1.04,103.95,42.84
1.04,103.93,43.03
1.04,103.91,43.22
1.04,103.89,43.41
1.04,103.87,43.61
1.04,103.86,43.8
1.04,103.84,44.0
1.04,103.82,44.19
1.04,103.79,44.38
1.04,103.77,44.57
1.04,103.75,44.77
1.04,103.73,44.96
1.04,103.71,45.15
1.04,103.68,45.35
1.04,103.65,45.54
1.04,103.63,45.73
1.04,103.6,45.93
1.04,103.58,46.12
1.04,103.55,46.32
1.04,103.52,46.51
1.04,103.49,46.71
1.04,103.46,46.91
1.04,103.43,47.1
1.04,103.4,47.3
1.04,103.37,47.5
1.04,103.34,47.7
1.04,103.3,47.89
1.05,103.26,48.09
1.05,103.21,48.29
1.05,103.18,48.5
1.05,103.15,48.7
1.05,103.11,48.91
1.05,103.05,49.1
1.05,102.99,49.29
1.06,102.94,49.5
1.06,102.9,49.7
1.06,102.85,49.91
1.06,102.8,50.12
1.07,102.74,50.31
1.07,102.66,50.5
1.07,102.6,50.7
1.07,102.54,50.9
1.08,102.48,51.1
1.08,102.42,51.31
1.08,102.35,51.51
1.09,102.27,51.7
1.09,102.19,51.9
1.09,102.1,52.09
1.09,102.02,52.28
1.1,101.93,52.47
1.1,101.85,52.66
1.11,101.77,52.85
1.11,101.69,53.04
1.11,101.59,53.23
1.12,101.49,53.4
1.12,101.38,53.58
1.12,101.26,53.75
1.13,101.13,53.91
1.13,100.97,54.04
1.13,100.79,54.16
1.13,100.61,54.27
1.13,100.44,54.37
1.13,100.26,54.48
1.13,100.08,54.58
1.12,99.89,54.67
1.12,99.7,54.76
1.12,99.51,54.85
1.12,99.32,54.93
1.12,99.13,55.02
1.12,98.95,55.1
1.12,98.76,55.18
1.13,98.57,55.25
1.13,98.38,55.33
1.13,98.18,55.4
1.13,97.99,55.47
1.13,97.8,55.54
1.13,97.61,55.61
1.13,97.42,55.67
1.13,97.22,55.73
1.13,97.03,55.79
1.13,96.83,55.86
1.13,96.64,55.92
1.14,96.45,55.98
1.14,96.25,56.03
1.14,96.06,56.08
1.14,95.86,56.14
1.14,95.67,56.19
1.14,95.47,56.25
1.14,95.28,56.3
1.15,95.08,56.36
1.15,94.89,56.4
1.15,94.69,56.45
1.15,94.49,56.5
1.15,94.3,56.55
1.15,94.1,56.6
1.15,93.9,56.65
1.16,93.7,56.7
1.16,93.5,56.74
1.16,93.3,56.78
1.16,93.1,56.83
1.16,92.9,56.87
1.16,92.7,56.92
1.17,92.49,56.96
1.17,92.29,57.01
1.17,92.08,57.05
1.17,91.88,57.09
1.17,91.68,57.13
1.17,91.47,57.17
1.17,91.27,57.21
1.18,91.06,57.25
1.18,90.85,57.29
1.18,90.65,57.33
1.18,90.44,57.37
1.18,90.23,57.41
1.18,90.02,57.44
1.19,89.81,57.48
1.19,89.6,57.52
1.19,89.39,57.56
1.19,89.18,57.59
1.19,88.96,57.63
1.19,88.75,57.66
1.19,88.54,57.7
1.2,88.32,57.73
1.2,88.11,57.76
1.2,87.89,57.79
1.2,87.67,57.83
1.2,87.45,57.86
1.2,87.24,57.89
1.2,87.02,57.91
1.2,86.8,57.94
1.21,86.58,57.97
1.21,86.36,58.0
1.21,86.13,58.02
1.21,85.91,58.05
1.21,85.69,58.07
1.21,85.47,58.1
1.21,85.24,58.12
1.21,85.02,58.14
1.21,84.79,58.16
1.21,84.57,58.18
1.21,84.34,58.2
1.22,84.12,58.22
1.22,83.89,58.24
1.22,83.66,58.25
1.22,83.43,58.27
1.22,83.21,58.28
1.22,82.98,58.3
1.22,82.75,58.31
1.22,82.52,58.32
1.22,82.29,58.33
1.22,82.06,58.34
1.22,81.84,58.35
1.22,81.61,58.36
1.22,81.38,58.37
1.22,81.15,58.38
1.22,80.92,58.39
1.22,80.69,58.4
1.22,80.46,58.41
1.22,80.23,58.4
1.22,80.0,58.39
1.12,106.0,35.0
1.12,106.0,35.21
1.12,106.0,35.42
1.12,106.0,35.63
1.12,106.0,35.85
1.12,106.0,36.06
1.12,106.0,36.27
1.12,106.0,36.48
1.12,106.0,36.69
1.12,106.0,36.9
1.12,106.0,37.11
1.12,105.99,37.32
1.12,105.99,37.53
1.12,105.98,37.74
1.12,105.98,37.95
1.12,105.97,38.17
1.12,105.97,38.38
1.12,105.96,38.59
1.12,105.96,38.8
1.12,105.95,39.01
1.12,105.93,39.22
1.12,105.92,39.43
1.12,105.91,39.64
1.12,105.9,39.85
1.12,105.89,40.06
1.12,105.88,40.27
1.12,105.87,40.48
1.12,105.85,40.69
1.12,105.84,40.9
1.12,105.83,41.1
1.12,105.82,41.31
1.12,105.8,41.52
1.12,105.79,41.73
1.12,105.77,41.94
1.12,105.76,42.15
1.12,105.74,42.36
1.12,105.73,42.57
1.12,105.71,42.77
1.12,105.7,42.98
1.12,105.68,43.19
1.12,105.66,43.4
1.12,105.64,43.6
1.12,105.62,43.81
1.11,105.6,44.02
1.11,105.58,44.22
1.11,105.56,44.43
1.11,105.54,44.64
1.11,105.52,44.84
1.11,105.49,45.05
1.11,105.47,45.26
1.11,105.44,45.46
1.11,105.42,45.67
1.11,105.4,45.88
1.11,105.37,46.09
1.11,105.34,46.29
1.11,105.32,46.5
1.11,105.29,46.71
1.11,105.26,46.92
1.11,105.23,47.13
1.11,105.2,47.33
1.11,105.17,47.55
1.12,105.14,47.76
1.12,105.1,47.97
1.12,105.07,48.18
1.12,105.04,48.4
1.12,105.01,48.61
1.12,104.96,48.81
1.12,104.92,49.03
1.12,104.87,49.24
1.12,104.84,49.46
1.13,104.8,49.68
1.13,104.76,49.9
1.13,104.7,50.11
1.13,104.63,50.31
1.13,104.58,50.53
1.13,104.53,50.75
1.14,104.48,50.97
1.14,104.43,51.2
1.14,104.36,51.41
1.14,104.28,51.61
1.15,104.21,51.82
1.15,104.15,52.04
1.15,104.08,52.25
1.16,104.02,52.47
1.16,103.95,52.69
1.16,103.86,52.9
1.17,103.77,53.1
1.17,103.68,53.31
1.17,103.59,53.52
1.17,103.49,53.72
1.18,103.41,53.92
1.18,103.32,54.13
1.19,103.23,54.33
1.19,103.13,54.53
1.2,103.02,54.72
1.2,102.9,54.91
1.2,102.78,55.09
1.21,102.64,55.26
1.21,102.47,55.4
1.21,102.28,55.53
1.21,102.08,55.65
1.21,101.9,55.76
1.21,101.71,55.87
1.21,101.52,55.98
1.2,101.31,56.07
1.2,101.11,56.17
1.2,100.91,56.27
1.2,100.7,56.36
1.2,100.5,56.45
1.2,100.31,56.54
1.21,100.1,56.62
1.21,99.9,56.7
1.21,99.69,56.78
1.21,99.48,56.86
1.21,99.27,56.94
1.21,99.07,57.01
1.21,98.87,57.08
1.21,98.66,57.15
1.21,98.45,57.21
1.21,98.24,57.28
1.21,98.04,57.34
1.22,97.83,57.41
1.22,97.62,57.47
1.22,97.41,57.53
1.22,97.21,57.59
1.22,97.0,57.65
1.22,96.79,57.71
1.22,96.58,57.77
1.23,96.37,57.82
1.23,96.16,57.88
1.23,95.95,57.93
1.23,95.74,57.98
1.23,95.53,58.04
1.23,95.32,58.09
1.24,95.1,58.14
1.24,94.89,58.2
1.24,94.68,58.25
1.24,94.46,58.29
1.24,94.25,58.34
1.24,94.03,58.39
1.24,93.82,58.44
1.25,93.6,58.49
1.25,93.39,58.53
1.25,93.17,58.58
1.25,92.95,58.62
1.25,92.73,58.66
1.25,92.51,58.71
1.26,92.29,58.75
1.26,92.07,58.8
1.26,91.85,58.84
1.26,91.63,58.88
1.26,91.41,58.93
1.26,91.18,58.97
1.27,90.96,59.01
1.27,90.74,59.05
1.27,90.51,59.09
1.27,90.29,59.13
1.27,90.06,59.17
1.27,89.83,59.21
1.28,89.6,59.24
1.28,89.37,59.28
1.28,89.15,59.32
1.28,88.92,59.35
1.28,88.69,59.39
1.28,88.45,59.42
1.29,88.22,59.46
1.29,87.99,59.49
1.29,87.75,59.52
1.29,87.52,59.55
1.29,87.28,59.58
1.29,87.05,59.61
1.29,86.81,59.64
1.29,86.57,59.67
1.29,86.33,59.69
1.3,86.1,59.72
1.3,85.86,59.75
1.3,85.62,59.77
1.3,85.38,59.79
1.3,85.14,59.82
1.3,84.9,59.84
1.3,84.65,59.86
1.3,84.41,59.88
1.3,84.17,59.9
1.3,83.92,59.91
1.3,83.68,59.93
1.31,83.44,59.95
1.31,83.19,59.96
1.31,82.95,59.98
1.31,82.7,59.99
1.31,82.46,60.0
1.31,82.21,60.01
1.31,81.97,60.02
1.31,81.72,60.03
1.31,81.48,60.04
1.31,81.23,60.05
1.31,80.99,60.06
1.31,80.74,60.07
1.31,80.49,60.08
1.31,80.25,60.08
1.31,80.0,60.06
1.2,107.74,35.0
1.2,107.74,35.23
1.2,107.74,35.45
1.2,107.74,35.68
1.2,107.73,35.9
1.2,107.74,36.13
1.2,107.74,36.35
1.2,107.74,36.58
1.2,107.73,36.8
1.2,107.73,37.03
1.2,107.73,37.25
1.2,107.73,37.48
1.2,107.72,37.7
1.2,107.71,37.93
1.2,107.71,38.15
1.2,107.71,38.38
1.2,107.7,38.6
1.2,107.7,38.83
1.2,107.69,39.05
1.2,107.68,39.28
1.2,107.66,39.5
1.2,107.65,39.72
1.2,107.64,39.95
1.2,107.63,40.17
1.2,107.62,40.39
1.19,107.6,40.62
1.19,107.59,40.84
1.19,107.58,41.07
1.19,107.56,41.29
1.19,107.55,41.51
1.19,107.54,41.73
1.19,107.52,41.96
1.19,107.51,42.18
1.19,107.49,42.4
1.19,107.48,42.63
1.19,107.46,42.85
1.19,107.44,43.07
1.19,107.43,43.29
1.19,107.41,43.51
1.19,107.39,43.73
1.19,107.37,43.96
1.19,107.35,44.18
1.19,107.33,44.4
1.19,107.31,44.62
1.19,107.28,44.84
1.19,107.27,45.06
1.19,107.25,45.28
1.19,107.22,45.5
1.19,107.19,45.72
1.19,107.17,45.94
1.19,107.14,46.16
1.19,107.11,46.38
1.19,107.09,46.6
1.19,107.06,46.82
1.19,107.03,47.05
1.19,107.0,47.27
1.19,106.97,47.49
1.19,106.94,47.71
1.19,106.92,47.94
1.19,106.88,48.16
1.19,106.85,48.38
1.19,106.81,48.61
1.19,106.77,48.83
1.19,106.74,49.06
1.19,106.71,49.29
1.19,106.68,49.52
1.19,106.62,49.73
1.19,106.58,49.96
1.2,106.53,50.19
1.2,106.49,50.43
1.2,106.45,50.66
1.2,106.41,50.9
1.2,106.35,51.12
1.2,106.28,51.33
1.21,106.22,51.57
1.21,106.17,51.8
1.21,106.12,52.04
1.22,106.06,52.28
1.22,105.99,52.5
1.22,105.9,52.72
1.22,105.83,52.94
1.23,105.76,53.17
1.23,105.69,53.41
1.23,105.62,53.64
1.24,105.54,53.87
1.24,105.45,54.09
1.24,105.35,54.31
1.25,105.26,54.53
1.25,105.16,54.75
1.25,105.06,54.96
1.26,104.97,55.18
1.26,104.88,55.4
1.27,104.78,55.62
1.27,104.67,55.83
1.28,104.55,56.03
1.28,104.43,56.24
1.28,104.3,56.43
1.29,104.15,56.61
1.29,103.97,56.77
1.29,103.76,56.9
1.29,103.55,57.02
1.29,103.36,57.14
1.29,103.16,57.26
1.29,102.95,57.37
1.29,102.74,57.48
1.28,102.52,57.58
1.28,102.3,57.68
1.28,102.08,57.78
1.28,101.87,57.88
1.28,101.66,57.97
1.29,101.44,58.06
1.29,101.22,58.15
1.29,101.0,58.23
1.29,100.78,58.31
1.29,100.56,58.4
1.29,100.34,58.48
1.29,100.12,58.55
1.29,99.9,58.62
1.29,99.68,58.69
1.29,99.46,58.76
1.3,99.24,58.83
1.3,99.02,58.9
1.3,98.8,58.97
1.3,98.58,59.03
1.3,98.35,59.1
1.3,98.13,59.16
1.3,97.91,59.22
1.31,97.69,59.28
1.31,97.46,59.35
1.31,97.24,59.41
1.31,97.01,59.46
1.31,96.79,59.52
1.31,96.56,59.57
1.32,96.34,59.63
1.32,96.11,59.69
1.32,95.88,59.74
1.32,95.66,59.8
1.32,95.43,59.85
1.32,95.2,59.9
1.33,94.97,59.95
1.33,94.74,60.0
1.33,94.51,60.05
1.33,94.28,60.1
1.33,94.05,60.15
1.33,93.81,60.2
1.34,93.58,60.24
1.34,93.35,60.29
1.34,93.11,60.34
1.34,92.88,60.38
1.34,92.64,60.43
1.35,92.4,60.48
1.35,92.17,60.52
1.35,91.93,60.56
1.35,91.69,60.61
1.35,91.45,60.65
1.35,91.21,60.69
1.36,90.97,60.74
1.36,90.73,60.78
1.36,90.49,60.82
1.36,90.24,60.86
1.36,90.0,60.9
1.36,89.76,60.94
1.37,89.51,60.98
1.37,89.26,61.01
1.37,89.02,61.05
1.37,88.77,61.09
1.37,88.52,61.12
1.37,88.27,61.16
1.37,88.02,61.19
1.38,87.77,61.22
1.38,87.52,61.25
1.38,87.26,61.28
1.38,87.01,61.31
1.38,86.76,61.34
1.38,86.5,61.37
1.38,86.25,61.39
1.38,85.99,61.42
1.39,85.74,61.45
1.39,85.48,61.47
1.39,85.22,61.49
1.39,84.96,61.52
1.39,84.7,61.54
1.39,84.45,61.56
1.39,84.19,61.58
1.39,83.93,61.59
1.39,83.67,61.61
1.39,83.41,61.63
1.39,83.15,61.64
1.39,82.88,61.65
1.39,82.62,61.67
1.39,82.36,61.68
1.39,82.1,61.69
1.39,81.84,61.7
1.4,81.58,61.71
1.4,81.31,61.72
1.4,81.05,61.73
1.4,80.79,61.74
1.4,80.53,61.75
1.4,80.26,61.75
1.4,80.0,61.74
1.27,109.47,35.0
1.27,109.47,35.24
1.27,109.47,35.48
1.27,109.47,35.72
1.27,109.47,35.96
1.27,109.47,36.2
1.27,109.47,36.44
1.27,109.47,36.67
1.27,109.47,36.91
1.27,109.47,37.15
1.27,109.46,37.39
1.27,109.46,37.63
1.27,109.45,37.87
1.27,109.45,38.11
1.27,109.44,38.35
1.27,109.44,38.59
1.27,109.43,38.83
1.27,109.43,39.07
1.27,109.42,39.31
1.27,109.41,39.54
1.27,109.39,39.78
1.27,109.38,40.02
1.27,109.37,40.26
1.27,109.36,40.49
1.27,109.34,40.73
1.27,109.33,40.97
1.27,109.32,41.21
1.27,109.3,41.45
1.27,109.29,41.68
1.27,109.27,41.92
1.27,109.26,42.16
1.27,109.24,42.39
1.27,109.23,42.63
1.27,109.21,42.87
1.27,109.19,43.1
1.27,109.18,43.34
1.27,109.16,43.57
1.27,109.14,43.81
1.27,109.12,44.04
1.27,109.11,44.28
1.26,109.08,44.52
1.26,109.06,44.75
1.26,109.04,44.98
1.26,109.01,45.22
1.26,108.99,45.45
1.26,108.97,45.69
1.26,108.95,45.92
1.26,108.92,46.16
1.26,108.89,46.39
1.26,108.87,46.62
1.26,108.84,46.86
1.26,108.81,47.09
1.26,108.79,47.33
1.26,108.76,47.56
1.26,108.72,47.8
1.26,108.69,48.04
1.26,108.66,48.27
1.26,108.63,48.51
1.26,108.6,48.74
1.26,108.56,48.98
1.26,108.53,49.22
1.26,108.49,49.46
1.26,108.45,49.7
1.27,108.41,49.94
1.27,108.38,50.18
1.27,108.34,50.42
1.27,108.29,50.65
1.27,108.24,50.9
1.27,108.19,51.14
1.27,108.15,51.39
1.28,108.11,51.64
1.28,108.06,51.89
1.28,107.99,52.12
1.28,107.92,52.35
1.28,107.86,52.6
1.29,107.81,52.85
1.29,107.75,53.1
1.29,107.69,53.36
1.29,107.61,53.6
1.3,107.52,53.83
1.3,107.44,54.07
1.3,107.37,54.31
1.31,107.29,54.56
1.31,107.22,54.8
1.31,107.14,55.05
1.32,107.04,55.28
1.32,106.94,55.52
1.32,106.84,55.75
1.33,106.73,55.98
1.33,106.63,56.21
1.34,106.53,56.45
1.34,106.43,56.68
1.35,106.33,56.91
1.35,106.21,57.13
1.36,106.09,57.35
1.36,105.96,57.56
1.36,105.82,57.77
1.37,105.66,57.96
1.37,105.47,58.13
1.37,105.25,58.27
1.37,105.03,58.4
1.37,104.82,58.53
1.37,104.6,58.65
1.37,104.38,58.77
1.37,104.16,58.88
1.36,103.93,58.99
1.36,103.69,59.1
1.36,103.46,59.21
1.36,103.23,59.31
1.36,103.01,59.41
1.37,102.78,59.5
1.37,102.55,59.59
1.37,102.31,59.68
1.37,102.08,59.77
1.37,101.84,59.86
1.37,101.61,59.94
1.37,101.38,60.02
1.37,101.15,60.1
1.37,100.91,60.18
1.38,100.68,60.25
1.38,100.44,60.32
1.38,100.2,60.4
1.38,99.97,60.47
1.38,99.74,60.54
1.38,99.5,60.6
1.38,99.26,60.67
1.39,99.03,60.73
1.39,98.79,60.8
1.39,98.55,60.87
1.39,98.31,60.93
1.39,98.08,60.99
1.39,97.84,61.05
1.4,97.6,61.11
1.4,97.36,61.17
1.4,97.12,61.23
1.4,96.88,61.29
1.4,96.63,61.35
1.41,96.39,61.4
1.41,96.15,61.45
1.41,95.91,61.51
1.41,95.66,61.56
1.41,95.42,61.62
1.41,95.17,61.67
1.42,94.92,61.72
1.42,94.67,61.77
1.42,94.43,61.82
1.42,94.18,61.87
1.42,93.93,61.92
1.43,93.68,61.97
1.43,93.43,62.02
1.43,93.18,62.07
1.43,92.93,62.12
1.43,92.67,62.16
1.44,92.42,62.21
1.44,92.17,62.25
1.44,91.91,62.3
1.44,91.66,62.35
1.44,91.4,62.39
1.44,91.14,62.43
1.45,90.88,62.48
1.45,90.62,62.52
1.45,90.37,62.56
1.45,90.11,62.6
1.45,89.84,62.64
1.45,89.58,62.68
1.46,89.32,62.72
1.46,89.05,62.75
1.46,88.79,62.79
1.46,88.52,62.83
1.46,88.25,62.86
1.46,87.99,62.89
1.47,87.72,62.93
1.47,87.45,62.96
1.47,87.18,62.99
1.47,86.91,63.02
1.47,86.64,63.04
1.47,86.36,63.07
1.47,86.09,63.1
1.47,85.82,63.12
1.47,85.55,63.15
1.48,85.27,63.17
1.48,85.0,63.19
1.48,84.72,63.22
1.48,84.45,63.24
1.48,84.17,63.26
1.48,83.9,63.27
1.48,83.62,63.29
1.48,83.34,63.31
1.48,83.06,63.32
1.48,82.79,63.33
1.48,82.51,63.34
1.48,82.23,63.36
1.48,81.95,63.36
1.48,81.67,63.38
1.48,81.4,63.39
1.48,81.12,63.4
1.49,80.84,63.41
1.49,80.56,63.42
1.49,80.28,63.42
1.49,80.0,63.41
1.35,111.21,35.0
1.35,111.21,35.25
1.35,111.2,35.51
1.35,111.2,35.76
1.35,111.2,36.01
1.35,111.2,36.27
1.35,111.2,36.52
1.35,111.2,36.77
1.35,111.2,37.03
1.35,111.2,37.28
1.35,111.2,37.53
1.35,111.19,37.79
1.35,111.19,38.04
1.35,111.18,38.29
1.35,111.17,38.55
1.35,111.17,38.8
1.35,111.16,39.05
1.35,111.16,39.31
1.35,111.15,39.56
1.35,111.14,39.81
1.35,111.12,40.06
1.35,111.11,40.31
1.34,111.1,40.56
1.34,111.08,40.82
1.34,111.07,41.07
1.34,111.05,41.32
1.34,111.04,41.57
1.34,111.03,41.82
1.34,111.01,42.08
1.34,110.99,42.32
1.34,110.98,42.58
1.34,110.96,42.83
1.34,110.95,43.08
1.34,110.93,43.33
1.34,110.91,43.58
1.34,110.89,43.83
1.34,110.87,44.08
1.34,110.85,44.33
1.34,110.84,44.58
1.34,110.82,44.83
1.34,110.79,45.08
1.34,110.77,45.32
1.34,110.74,45.57
1.34,110.72,45.82
1.34,110.69,46.07
1.34,110.68,46.31
1.34,110.65,46.57
1.34,110.62,46.81
1.34,110.59,47.06
1.34,110.56,47.31
1.34,110.53,47.56
1.34,110.5,47.8
1.34,110.48,48.05
1.34,110.45,48.3
1.34,110.41,48.55
1.34,110.38,48.8
1.34,110.34,49.05
1.34,110.31,49.3
1.34,110.28,49.55
1.34,110.24,49.8
1.34,110.2,50.05
1.34,110.16,50.31
1.34,110.12,50.56
1.34,110.09,50.82
1.34,110.05,51.08
1.34,110.01,51.33
1.34,109.95,51.57
1.34,109.9,51.83
1.35,109.85,52.09
1.35,109.8,52.35
1.35,109.76,52.62
1.35,109.71,52.88
1.35,109.64,53.13
1.35,109.56,53.37
1.36,109.5,53.64
1.36,109.44,53.9
1.36,109.38,54.17
1.37,109.32,54.44
1.37,109.24,54.69
1.37,109.14,54.93
1.37,109.05,55.19
1.38,108.98,55.44
1.38,108.9,55.71
1.39,108.82,55.97
1.39,108.74,56.23
1.4,108.63,56.48
1.4,108.52,56.72
1.4,108.42,56.97
1.41,108.31,57.22
1.41,108.19,57.46
1.42,108.09,57.71
1.42,107.99,57.95
1.43,107.88,58.2
1.43,107.76,58.43
1.44,107.62,58.66
1.44,107.48,58.89
1.44,107.34,59.11
1.45,107.17,59.31
1.45,106.96,59.49
1.45,106.73,59.64
1.45,106.5,59.78
1.45,106.27,59.91
1.45,106.05,60.04
1.45,105.82,60.17
1.45,105.58,60.29
1.44,105.33,60.41
1.44,105.09,60.52
1.44,104.84,60.63
1.44,104.6,60.74
1.45,104.37,60.85
1.45,104.12,60.94
1.45,103.88,61.04
1.45,103.63,61.14
1.45,103.38,61.23
1.45,103.13,61.32
1.45,102.88,61.41
1.45,102.64,61.5
1.45,102.39,61.58
1.46,102.14,61.66
1.46,101.89,61.73
1.46,101.64,61.81
1.46,101.39,61.89
1.46,101.15,61.97
1.46,100.9,62.04
1.46,100.65,62.11
1.47,100.4,62.18
1.47,100.15,62.25
1.47,99.9,62.32
1.47,99.64,62.39
1.47,99.39,62.46
1.47,99.14,62.52
1.48,98.89,62.58
1.48,98.63,62.64
1.48,98.38,62.71
1.48,98.13,62.77
1.48,97.87,62.83
1.49,97.61,62.9
1.49,97.35,62.95
1.49,97.1,63.01
1.49,96.84,63.07
1.49,96.58,63.12
1.5,96.32,63.18
1.5,96.06,63.24
1.5,95.8,63.29
1.5,95.54,63.35
1.5,95.28,63.4
1.51,95.01,63.45
1.51,94.75,63.5
1.51,94.49,63.56
1.51,94.22,63.61
1.51,93.96,63.66
1.52,93.69,63.71
1.52,93.42,63.76
1.52,93.15,63.81
1.52,92.88,63.86
1.52,92.62,63.91
1.53,92.34,63.95
1.53,92.07,64.0
1.53,91.8,64.05
1.53,91.52,64.09
1.53,91.25,64.14
1.54,90.98,64.18
1.54,90.7,64.22
1.54,90.42,64.27
1.54,90.14,64.31
1.54,89.86,64.35
1.54,89.58,64.39
1.55,89.3,64.42
1.55,89.02,64.46
1.55,88.74,64.5
1.55,88.46,64.53
1.55,88.17,64.57
1.55,87.89,64.6
1.55,87.6,64.63
1.56,87.31,64.66
1.56,87.03,64.69
1.56,86.74,64.72
1.56,86.45,64.75
1.56,86.16,64.78
1.56,85.87,64.8
1.56,85.58,64.83
1.56,85.29,64.85
1.56,85.0,64.88
1.56,84.71,64.9
1.57,84.42,64.92
1.57,84.13,64.94
1.57,83.83,64.95
1.57,83.54,64.97
1.57,83.24,64.99
1.57,82.95,65.0
1.57,82.65,65.01
1.57,82.36,65.02
1.57,82.06,65.03
1.57,81.77,65.05
1.57,81.48,65.06
1.57,81.18,65.07
1.57,80.89,65.08
1.57,80.59,65.09
1.57,80.3,65.09
1.57,80.0,65.08
1.42,112.94,35.0
1.42,112.94,35.27
1.42,112.94,35.54
1.42,112.94,35.8
1.42,112.93,36.07
1.42,112.94,36.34
1.42,112.94,36.6
1.42,112.94,36.87
1.42,112.94,37.14
1.42,112.93,37.41
1.42,112.93,37.68
1.42,112.93,37.94
1.42,112.92,38.21
1.42,112.91,38.47
1.42,112.91,38.74
1.42,112.9,39.01
1.42,112.89,39.28
1.42,112.89,39.54
1.42,112.88,39.81
1.42,112.86,40.08
1.42,112.85,40.34
1.42,112.84,40.61
1.42,112.82,40.87
1.42,112.81,41.14
1.42,112.79,41.41
1.42,112.78,41.67
1.42,112.76,41.94
1.42,112.75,42.2
1.42,112.73,42.47
1.42,112.72,42.73
1.42,112.7,43.0
1.42,112.68,43.26
1.42,112.67,43.53
1.42,112.65,43.79
1.42,112.63,44.06
1.42,112.61,44.32
1.41,112.59,44.58
1.41,112.57,44.84
1.41,112.55,45.11
1.41,112.53,45.37
1.41,112.5,45.63
1.41,112.48,45.9
1.41,112.45,46.16
1.41,112.43,46.42
1.41,112.4,46.68
1.41,112.38,46.94
1.41,112.36,47.21
1.41,112.32,47.47
1.41,112.29,47.73
1.41,112.26,47.99
1.41,112.23,48.25
1.41,112.2,48.52
1.41,112.17,48.78
1.41,112.14,49.04
1.41,112.1,49.31
1.41,112.07,49.57
1.41,112.03,49.83
1.41,112.0,50.1
1.41,111.96,50.36
1.41,111.93,50.62
1.41,111.88,50.89
1.41,111.84,51.16
1.41,111.79,51.43
1.41,111.76,51.7
1.42,111.72,51.97
1.42,111.68,52.24
1.42,111.62,52.5
1.42,111.56,52.77
1.42,111.51,53.04
1.42,111.46,53.32
1.43,111.41,53.6
1.43,111.36,53.88
1.43,111.29,54.14
1.43,111.2,54.4
1.43,111.14,54.67
1.44,111.08,54.95
1.44,111.01,55.23
1.44,110.95,55.52
1.45,110.86,55.78
1.45,110.76,56.04
1.45,110.67,56.31
1.45,110.58,56.58
1.46,110.5,56.86
1.46,110.42,57.13
1.47,110.33,57.41
1.47,110.22,57.67
1.48,110.11,57.93
1.48,110.0,58.19
1.48,109.88,58.45
1.49,109.76,58.71
1.49,109.65,58.97
1.5,109.54,59.23
1.51,109.43,59.49
1.51,109.3,59.74
1.52,109.16,59.98
1.52,109.01,60.22
1.52,108.86,60.45
1.53,108.68,60.67
1.53,108.46,60.85
1.53,108.22,61.01
1.53,107.97,61.15
1.53,107.73,61.29
1.53,107.5,61.43
1.53,107.25,61.57
1.53,107.0,61.69
1.53,106.74,61.82
1.52,106.48,61.94
1.52,106.22,62.05
1.52,105.97,62.17
1.53,105.72,62.28
1.53,105.46,62.39
1.53,105.2,62.49
1.53,104.94,62.59
1.53,104.67,62.69
1.53,104.41,62.79
1.53,104.15,62.88
1.53,103.9,62.97
1.53,103.64,63.05
1.54,103.37,63.14
1.54,103.11,63.22
1.54,102.85,63.3
1.54,102.58,63.39
1.54,102.32,63.47
1.54,102.06,63.54
1.55,101.8,63.61
1.55,101.53,63.69
1.55,101.27,63.76
1.55,101.0,63.84
1.55,100.73,63.91
1.55,100.47,63.98
1.56,100.2,64.05
1.56,99.94,64.11
1.56,99.67,64.18
1.56,99.4,64.25
1.56,99.13,64.31
1.57,98.86,64.38
1.57,98.59,64.45
1.57,98.32,64.5
1.57,98.05,64.56
1.57,97.78,64.63
1.58,97.5,64.69
1.58,97.23,64.75
1.58,96.96,64.81
1.58,96.68,64.87
1.59,96.4,64.92
1.59,96.12,64.98
1.59,95.85,65.03
1.59,95.57,65.09
1.59,95.29,65.14
1.6,95.01,65.2
1.6,94.73,65.25
1.6,94.45,65.31
1.6,94.17,65.36
1.6,93.88,65.41
1.61,93.6,65.46
1.61,93.32,65.51
1.61,93.03,65.56
1.61,92.74,65.61
1.61,92.45,65.66
1.62,92.16,65.71
1.62,91.87,65.76
1.62,91.59,65.8
1.62,91.29,65.85
1.62,91.0,65.89
1.63,90.71,65.94
1.63,90.41,65.98
1.63,90.12,66.02
1.63,89.82,66.06
1.63,89.52,66.1
1.63,89.23,66.14
1.64,88.93,66.17
1.64,88.63,66.21
1.64,88.33,66.25
1.64,88.02,66.28
1.64,87.72,66.31
1.64,87.42,66.34
1.64,87.11,66.37
1.65,86.81,66.4
1.65,86.51,66.43
1.65,86.2,66.46
1.65,85.89,66.49
1.65,85.59,66.51
1.65,85.28,66.54
1.65,84.97,66.56
1.65,84.66,66.58
1.65,84.36,66.6
1.65,84.05,66.62
1.65,83.73,66.64
1.65,83.42,66.65
1.66,83.11,66.67
1.66,82.8,66.68
1.66,82.49,66.69
1.66,82.18,66.7
1.66,81.87,66.72
1.66,81.56,66.73
1.66,81.25,66.74
1.66,80.94,66.75
1.66,80.63,66.76
1.66,80.31,66.76
1.66,80.0,66.75
1.5,114.67,35.0
1.5,114.67,35.28
1.5,114.67,35.56
1.5,114.67,35.85
1.5,114.67,36.13
1.5,114.67,36.41
1.5,114.67,36.69
1.5,114.67,36.97
1.5,114.67,37.25
1.5,114.67,37.53
1.5,114.66,37.82
1.5,114.66,38.1
1.5,114.65,38.38
1.5,114.64,38.66
1.5,114.64,38.94
1.5,114.63,39.22
1.5,114.63,39.5
1.5,114.62,39.78
1.5,114.61,40.07
1.5,114.59,40.35
1.49,114.58,40.63
1.49,114.56,40.9
1.49,114.55,41.18
1.49,114.54,41.46
1.49,114.52,41.74
1.49,114.51,42.02
1.49,114.49,42.3
1.49,114.47,42.58
1.49,114.46,42.86
1.49,114.44,43.14
1.49,114.42,43.42
1.49,114.4,43.7
1.49,114.39,43.98
1.49,114.37,44.25
1.49,114.35,44.53
1.49,114.32,44.81
1.49,114.3,45.09
1.49,114.28,45.36
1.49,114.26,45.64
1.49,114.24,45.92
1.49,114.22,46.19
1.49,114.19,46.47
1.49,114.16,46.75
1.49,114.13,47.02
1.49,114.1,47.29
1.49,114.08,47.57
1.49,114.06,47.85
1.49,114.03,48.13
1.49,113.99,48.4
1.48,113.96,48.68
1.48,113.93,48.95
1.48,113.89,49.23
1.48,113.87,49.5
1.48,113.83,49.78
1.48,113.79,50.06
1.48,113.75,50.34
1.48,113.71,50.61
1.48,113.68,50.89
1.49,113.64,51.17
1.49,113.61,51.45
1.49,113.56,51.73
1.49,113.51,52.01
1.49,113.47,52.29
1.49,113.43,52.58
1.49,113.39,52.86
1.49,113.35,53.15
1.49,113.28,53.42
1.49,113.22,53.7
1.5,113.16,53.99
1.5,113.12,54.28
1.5,113.07,54.58
1.5,113.01,54.87
1.5,112.93,55.15
1.51,112.84,55.42
1.51,112.78,55.71
1.51,112.71,56.0
1.52,112.65,56.3
1.52,112.58,56.59
1.52,112.49,56.88
1.52,112.38,57.15
1.53,112.28,57.43
1.53,112.19,57.72
1.54,112.11,58.01
1.54,112.02,58.3
1.55,111.93,58.59
1.55,111.81,58.86
1.55,111.69,59.14
1.56,111.57,59.41
1.56,111.45,59.69
1.57,111.33,59.96
1.57,111.21,60.23
1.58,111.1,60.5
1.59,110.98,60.78
1.59,110.84,61.04
1.6,110.69,61.29
1.6,110.54,61.54
1.6,110.37,61.79
1.61,110.19,62.02
1.61,109.96,62.21
1.61,109.71,62.37
1.61,109.44,62.53
1.61,109.19,62.68
1.61,108.94,62.83
1.61,108.69,62.97
1.61,108.42,63.1
1.61,108.15,63.23
1.6,107.87,63.35
1.6,107.6,63.48
1.6,107.34,63.6
1.61,107.07,63.72
1.61,106.8,63.83
1.61,106.53,63.93
1.61,106.25,64.04
1.61,105.97,64.14
1.61,105.69,64.25
1.61,105.43,64.35
1.61,105.16,64.44
1.62,104.88,64.53
1.62,104.6,64.62
1.62,104.33,64.71
1.62,104.05,64.79
1.62,103.77,64.88
1.62,103.5,64.97
1.62,103.22,65.04
1.63,102.94,65.12
1.63,102.66,65.2
1.63,102.39,65.28
1.63,102.11,65.35
1.63,101.83,65.43
1.64,101.54,65.51
1.64,101.26,65.58
1.64,100.98,65.65
1.64,100.7,65.72
1.65,100.42,65.79
1.65,100.14,65.86
1.65,99.86,65.93
1.65,99.57,65.99
1.65,99.28,66.06
1.66,99.0,66.12
1.66,98.71,66.19
1.66,98.43,66.25
1.66,98.14,66.31
1.66,97.85,66.38
1.67,97.56,66.44
1.67,97.26,66.5
1.67,96.97,66.55
1.67,96.68,66.61
1.68,96.39,66.67
1.68,96.1,66.73
1.68,95.8,66.79
1.68,95.51,66.84
1.68,95.21,66.9
1.69,94.91,66.96
1.69,94.62,67.01
1.69,94.32,67.06
1.69,94.02,67.12
1.7,93.72,67.17
1.7,93.41,67.22
1.7,93.11,67.27
1.7,92.81,67.33
1.7,92.5,67.37
1.71,92.2,67.42
1.71,91.89,67.47
1.71,91.58,67.52
1.71,91.27,67.56
1.71,90.96,67.61
1.72,90.65,67.65
1.72,90.34,67.69
1.72,90.02,67.74
1.72,89.71,67.77
1.72,89.4,67.82
1.72,89.08,67.85
1.73,88.76,67.89
1.73,88.45,67.93
1.73,88.13,67.96
1.73,87.81,67.99
1.73,87.49,68.03
1.73,87.17,68.06
1.73,86.85,68.09
1.73,86.53,68.12
1.74,86.2,68.14
1.74,85.88,68.17
1.74,85.56,68.2
1.74,85.23,68.22
1.74,84.91,68.24
1.74,84.58,68.26
1.74,84.26,68.28
1.74,83.93,68.3
1.74,83.6,68.32
1.74,83.28,68.33
1.74,82.95,68.35
1.74,82.62,68.36
1.74,82.29,68.37
1.74,81.97,68.38
1.75,81.64,68.4
1.75,81.32,68.41
1.75,80.99,68.43
1.75,80.66,68.44
1.75,80.33,68.43
1.75,80.0,68.42
1.57,116.41,35.0
1.57,116.41,35.3
1.57,116.41,35.59
1.57,116.4,35.89
1.57,116.4,36.18
1.57,116.4,36.48
1.57,116.4,36.77
1.57,116.4,37.07
1.57,116.4,37.36
1.57,116.4,37.66
1.57,116.4,37.96
1.57,116.39,38.25
1.57,116.38,38.55
1.57,116.37,38.84
1.57,116.37,39.14
1.57,116.36,39.43
1.57,116.36,39.73
1.57,116.35,40.02
1.57,116.34,40.32
1.57,116.32,40.61
1.57,116.31,40.91
1.57,116.29,41.2
1.57,116.28,41.49
1.57,116.26,41.79
1.57,116.25,42.08
1.57,116.23,42.37
1.57,116.21,42.67
1.57,116.2,42.96
1.57,116.18,43.26
1.57,116.16,43.55
1.57,116.14,43.84
1.57,116.12,44.13
1.57,116.11,44.42
1.57,116.08,44.72
1.56,116.06,45.01
1.56,116.04,45.3
1.56,116.02,45.59
1.56,116.0,45.88
1.56,115.97,46.17
1.56,115.95,46.46
1.56,115.93,46.75
1.56,115.9,47.04
1.56,115.87,47.33
1.56,115.84,47.62
1.56,115.81,47.91
1.56,115.79,48.2
1.56,115.76,48.49
1.56,115.73,48.78
1.56,115.69,49.07
1.56,115.66,49.36
1.56,115.62,49.65
1.56,115.59,49.94
1.56,115.56,50.23
1.56,115.52,50.52
1.56,115.48,50.81
1.56,115.44,51.1
1.56,115.4,51.39
1.56,115.36,51.69
1.56,115.33,51.98
1.56,115.29,52.27
1.56,115.24,52.56
1.56,115.19,52.86
1.56,115.14,53.15
1.56,115.1,53.45
1.56,115.06,53.75
1.57,115.01,54.05
1.57,114.94,54.34
1.57,114.88,54.64
1.57,114.82,54.94
1.57,114.77,55.25
1.58,114.72,55.56
1.58,114.66,55.86
1.58,114.58,56.15
1.58,114.49,56.44
1.58,114.42,56.74
1.59,114.35,57.05
1.59,114.28,57.36
1.6,114.21,57.67
1.6,114.11,57.97
1.6,114.0,58.26
1.6,113.9,58.55
1.61,113.8,58.85
1.61,113.72,59.16
1.62,113.62,59.46
1.62,113.53,59.77
1.63,113.4,60.05
1.63,113.28,60.34
1.64,113.15,60.63
1.64,113.03,60.92
1.64,112.89,61.2
1.65,112.78,61.49
1.66,112.65,61.78
1.66,112.53,62.07
1.67,112.38,62.34
1.68,112.23,62.61
1.68,112.07,62.87
1.68,111.89,63.13
1.69,111.7,63.37
1.69,111.46,63.57
1.69,111.19,63.74
1.69,110.91,63.9
1.69,110.65,64.06
1.69,110.39,64.22
1.69,110.12,64.37
1.69,109.84,64.5
1.69,109.56,64.64
1.68,109.27,64.77
1.68,108.98,64.9
1.68,108.7,65.03
1.69,108.43,65.15
1.69,108.14,65.27
1.69,107.85,65.38
1.69,107.56,65.49
1.69,107.27,65.6
1.69,106.98,65.71
1.69,106.7,65.81
1.69,106.41,65.91
1.7,106.12,66.01
1.7,105.83,66.1
1.7,105.54,66.19
1.7,105.25,66.28
1.7,104.96,66.37
1.7,104.67,66.46
1.71,104.38,66.55
1.71,104.09,66.63
1.71,103.8,66.71
1.71,103.5,66.79
1.71,103.21,66.87
1.72,102.92,66.95
1.72,102.62,67.03
1.72,102.33,67.1
1.72,102.03,67.18
1.72,101.74,67.25
1.73,101.44,67.33
1.73,101.15,67.4
1.73,100.85,67.47
1.73,100.55,67.54
1.74,100.25,67.61
1.74,99.95,67.68
1.74,99.65,67.74
1.74,99.35,67.81
1.75,99.04,67.88
1.75,98.74,67.95
1.75,98.43,68.01
1.75,98.13,68.07
1.75,97.82,68.13
1.76,97.52,68.19
1.76,97.21,68.25
1.76,96.9,68.32
1.76,96.59,68.38
1.77,96.28,68.44
1.77,95.97,68.5
1.77,95.66,68.55
1.77,95.35,68.61
1.78,95.03,68.67
1.78,94.72,68.72
1.78,94.4,68.78
1.78,94.08,68.83
1.78,93.77,68.89
1.79,93.45,68.94
1.79,93.12,68.99
1.79,92.81,69.04
1.79,92.48,69.09
1.8,92.16,69.14
1.8,91.83,69.19
1.8,91.51,69.24
1.8,91.18,69.28
1.8,90.85,69.33
1.8,90.52,69.37
1.81,90.2,69.41
1.81,89.87,69.46
1.81,89.53,69.5
1.81,89.2,69.53
1.81,88.87,69.57
1.81,88.53,69.61
1.82,88.2,69.64
1.82,87.86,69.68
1.82,87.53,69.71
1.82,87.19,69.74
1.82,86.85,69.77
1.82,86.51,69.8
1.82,86.17,69.83
1.82,85.83,69.86
1.83,85.49,69.88
1.83,85.15,69.91
1.83,84.81,69.93
1.83,84.47,69.95
1.83,84.13,69.97
1.83,83.78,69.98
1.83,83.44,70.0
1.83,83.1,70.01
1.83,82.75,70.03
1.83,82.41,70.04
1.83,82.07,70.05
1.83,81.72,70.07
1.83,81.38,70.08
1.84,81.04,70.1
1.84,80.69,70.11
1.84,80.35,70.11
1.84,80.0,70.09
1.65,118.14,35.0
1.65,118.14,35.31
1.65,118.14,35.62
1.65,118.14,35.93
1.65,118.13,36.24
1.65,118.14,36.55
1.65,118.14,36.86
1.65,118.14,37.17
1.65,118.14,37.48
1.65,118.13,37.79
1.65,118.13,38.1
1.65,118.13,38.41
1.65,118.12,38.72
1.65,118.11,39.02
1.65,118.1,39.33
1.65,118.09,39.64
1.65,118.09,39.95
1.65,118.08,40.26
1.65,118.07,40.57
1.64,118.05,40.88
1.64,118.04,41.19
1.64,118.02,41.49
1.64,118.01,41.8
1.64,117.99,42.11
1.64,117.97,42.42
1.64,117.96,42.73
1.64,117.94,43.03
1.64,117.92,43.34
1.64,117.9,43.65
1.64,117.88,43.95
1.64,117.86,44.26
1.64,117.84,44.57
1.64,117.82,44.87
1.64,117.8,45.18
1.64,117.78,45.49
1.64,117.76,45.79
1.64,117.73,46.1
1.64,117.71,46.4
1.64,117.69,46.7
1.64,117.67,47.01
1.64,117.64,47.31
1.64,117.61,47.62
1.64,117.58,47.92
1.64,117.55,48.22
1.63,117.51,48.52
1.63,117.49,48.83
1.63,117.46,49.14
1.63,117.43,49.44
1.63,117.39,49.74
1.63,117.36,50.04
1.63,117.32,50.35
1.63,117.28,50.65
1.63,117.25,50.95
1.63,117.21,51.26
1.63,117.17,51.56
1.63,117.13,51.87
1.63,117.09,52.17
1.63,117.05,52.48
1.63,117.01,52.79
1.63,116.97,53.09
1.63,116.92,53.4
1.64,116.87,53.71
1.64,116.82,54.02
1.64,116.77,54.33
1.64,116.73,54.65
1.64,116.68,54.96
1.64,116.61,55.26
1.64,116.54,55.57
1.64,116.48,55.89
1.65,116.43,56.21
1.65,116.37,56.53
1.65,116.32,56.86
1.65,116.23,57.16
1.66,116.13,57.46
1.66,116.05,57.78
1.66,115.98,58.1
1.67,115.91,58.43
1.67,115.83,58.75
1.68,115.73,59.07
1.68,115.62,59.36
1.68,115.51,59.67
1.68,115.41,59.99
1.69,115.32,60.31
1.7,115.22,60.63
1.7,115.12,60.95
1.71,114.99,61.25
1.71,114.86,61.55
1.71,114.73,61.85
1.72,114.6,62.16
1.72,114.46,62.45
1.73,114.34,62.75
1.74,114.21,63.05
1.74,114.08,63.35
1.75,113.92,63.64
1.76,113.76,63.92
1.76,113.59,64.2
1.77,113.41,64.47
1.77,113.21,64.72
1.77,112.96,64.93
1.77,112.68,65.11
1.77,112.39,65.28
1.77,112.11,65.45
1.77,111.84,65.61
1.77,111.56,65.77
1.77,111.26,65.91
1.77,110.96,66.05
1.76,110.66,66.19
1.76,110.36,66.33
1.76,110.07,66.46
1.77,109.78,66.59
1.77,109.48,66.71
1.77,109.18,66.83
1.77,108.88,66.94
1.77,108.57,67.06
1.77,108.26,67.17
1.77,107.97,67.28
1.78,107.67,67.38
1.78,107.37,67.48
1.78,107.06,67.58
1.78,106.76,67.68
1.78,106.45,67.77
1.78,106.15,67.87
1.79,105.84,67.96
1.79,105.54,68.05
1.79,105.24,68.13
1.79,104.93,68.22
1.79,104.62,68.3
1.8,104.32,68.39
1.8,104.01,68.48
1.8,103.7,68.56
1.8,103.39,68.63
1.8,103.08,68.71
1.81,102.77,68.79
1.81,102.46,68.87
1.81,102.15,68.94
1.81,101.84,69.02
1.82,101.53,69.09
1.82,101.21,69.16
1.82,100.9,69.23
1.82,100.58,69.3
1.83,100.27,69.37
1.83,99.95,69.44
1.83,99.63,69.52
1.83,99.31,69.58
1.84,98.99,69.65
1.84,98.67,69.71
1.84,98.35,69.77
1.84,98.03,69.84
1.85,97.71,69.9
1.85,97.38,69.97
1.85,97.06,70.03
1.85,96.73,70.09
1.85,96.4,70.15
1.86,96.08,70.21
1.86,95.75,70.27
1.86,95.42,70.33
1.86,95.09,70.39
1.87,94.75,70.45
1.87,94.42,70.5
1.87,94.09,70.56
1.87,93.75,70.61
1.88,93.42,70.66
1.88,93.08,70.72
1.88,92.74,70.77
1.88,92.4,70.82
1.88,92.06,70.87
1.89,91.71,70.92
1.89,91.37,70.96
1.89,91.02,71.01
1.89,90.68,71.05
1.89,90.34,71.1
1.9,89.99,71.14
1.9,89.64,71.18
1.9,89.29,71.22
1.9,88.94,71.26
1.9,88.59,71.29
1.9,88.24,71.33
1.91,87.89,71.36
1.91,87.53,71.4
1.91,87.18,71.43
1.91,86.82,71.46
1.91,86.47,71.49
1.91,86.11,71.51
1.91,85.76,71.54
1.91,85.4,71.57
1.91,85.04,71.59
1.91,84.68,71.61
1.92,84.32,71.63
1.92,83.96,71.65
1.92,83.6,71.67
1.92,83.24,71.68
1.92,82.88,71.69
1.92,82.52,71.71
1.92,82.17,71.72
1.92,81.81,71.74
1.92,81.45,71.75
1.92,81.09,71.77
1.92,80.72,71.78
1.92,80.36,71.78
1.92,80.0,71.76
1.72,119.87,35.0
1.72,119.87,35.32
1.72,119.87,35.65
1.72,119.87,35.97
1.72,119.87,36.3
1.72,119.87,36.62
1.72,119.87,36.94
1.72,119.87,37.27
1.72,119.87,37.59
1.72,119.87,37.91
1.72,119.86,38.24
1.72,119.86,38.56
1.72,119.85,38.89
1.72,119.84,39.21
1.72,119.83,39.53
1.72,119.83,39.85
1.72,119.82,40.18
1.72,119.81,40.5
1.72,119.8,40.83
1.72,119.78,41.15
1.72,119.77,41.47
1.72,119.75,41.79
1.72,119.73,42.11
1.72,119.72,42.43
1.72,119.7,42.76
1.72,119.68,43.08
1.72,119.66,43.4
1.72,119.64,43.72
1.72,119.62,44.04
1.72,119.6,44.36
1.72,119.58,44.68
1.72,119.56,45.0
1.71,119.54,45.32
1.71,119.52,45.64
1.71,119.5,45.96
1.71,119.47,46.28
1.71,119.45,46.6
1.71,119.42,46.92
1.71,119.4,47.24
1.71,119.38,47.56
1.71,119.35,47.87
1.71,119.32,48.19
1.71,119.29,48.51
1.71,119.25,48.82
1.71,119.22,49.14
1.71,119.2,49.46
1.71,119.17,49.78
1.71,119.13,50.09
1.71,119.09,50.41
1.71,119.05,50.73
1.71,119.01,51.04
1.71,118.98,51.36
1.71,118.95,51.68
1.71,118.9,52.0
1.71,118.86,52.32
1.71,118.82,52.64
1.71,118.77,52.95
1.71,118.73,53.27
1.71,118.69,53.6
1.71,118.65,53.91
1.71,118.59,54.24
1.71,118.54,54.56
1.71,118.49,54.88
1.71,118.44,55.21
1.71,118.4,55.54
1.71,118.35,55.87
1.71,118.27,56.18
1.72,118.2,56.51
1.72,118.14,56.84
1.72,118.08,57.18
1.73,118.03,57.51
1.73,117.97,57.85
1.73,117.87,58.17
1.73,117.77,58.48
1.74,117.69,58.81
1.74,117.62,59.15
1.74,117.54,59.49
1.75,117.46,59.83
1.75,117.36,60.16
1.75,117.23,60.47
1.76,117.12,60.8
1.76,117.02,61.12
1.77,116.93,61.46
1.77,116.83,61.79
1.78,116.72,62.13
1.78,116.58,62.44
1.79,116.45,62.76
1.79,116.31,63.07
1.8,116.17,63.39
1.8,116.03,63.7
1.81,115.9,64.01
1.82,115.76,64.33
1.82,115.63,64.64
1.83,115.47,64.94
1.83,115.3,65.24
1.84,115.12,65.53
1.85,114.93,65.81
1.85,114.72,66.07
1.85,114.45,66.29
1.85,114.16,66.48
1.85,113.86,66.66
1.85,113.57,66.83
1.85,113.29,67.0
1.85,112.99,67.16
1.85,112.68,67.31
1.85,112.37,67.46
1.84,112.06,67.61
1.84,111.74,67.75
1.84,111.44,67.89
1.85,111.14,68.03
1.85,110.82,68.15
1.85,110.51,68.27
1.85,110.19,68.4
1.85,109.87,68.51
1.85,109.55,68.63
1.85,109.24,68.75
1.86,108.93,68.86
1.86,108.61,68.96
1.86,108.29,69.06
1.86,107.98,69.16
1.86,107.66,69.26
1.86,107.34,69.36
1.87,107.02,69.46
1.87,106.7,69.55
1.87,106.38,69.64
1.87,106.06,69.73
1.88,105.74,69.82
1.88,105.42,69.91
1.88,105.1,70.0
1.88,104.78,70.08
1.88,104.45,70.16
1.89,104.13,70.24
1.89,103.81,70.32
1.89,103.49,70.41
1.89,103.16,70.49
1.9,102.83,70.57
1.9,102.5,70.64
1.9,102.18,70.71
1.9,101.85,70.79
1.91,101.52,70.86
1.91,101.19,70.94
1.91,100.86,71.01
1.91,100.53,71.08
1.92,100.19,71.15
1.92,99.85,71.22
1.92,99.52,71.29
1.92,99.18,71.35
1.93,98.85,71.42
1.93,98.51,71.49
1.93,98.17,71.56
1.93,97.83,71.62
1.94,97.49,71.68
1.94,97.15,71.75
1.94,96.81,71.81
1.94,96.46,71.87
1.95,96.12,71.94
1.95,95.77,72.0
1.95,95.43,72.06
1.95,95.08,72.12
1.96,94.73,72.17
1.96,94.37,72.23
1.96,94.02,72.28
1.96,93.67,72.34
1.97,93.32,72.4
1.97,92.96,72.45
1.97,92.6,72.5
1.97,92.25,72.55
1.97,91.89,72.6
1.98,91.53,72.65
1.98,91.17,72.69
1.98,90.81,72.74
1.98,90.44,72.78
1.98,90.08,72.82
1.99,89.71,72.86
1.99,89.35,72.9
1.99,88.98,72.94
1.99,88.61,72.98
1.99,88.25,73.01
1.99,87.88,73.05
1.99,87.51,73.08
2.0,87.13,73.11
2.0,86.76,73.14
2.0,86.39,73.17
2.0,86.02,73.19
2.0,85.64,73.21
2.0,85.27,73.23
2.01,84.89,73.25
2.01,84.52,73.27
2.02,84.14,73.29
2.02,83.77,73.31
2.02,83.39,73.32
2.02,83.01,73.34
2.02,82.64,73.35
2.03,82.26,73.37
2.04,81.89,73.38
2.05,81.51,73.4
2.06,81.13,73.41
2.07,80.76,73.42
2.07,80.38,73.42
2.07,80.0,73.4
1.8,121.61,35.0
1.8,121.61,35.34
1.8,121.61,35.68
1.8,121.6,36.01
1.8,121.6,36.35
1.8,121.6,36.69
1.8,121.6,37.03
1.8,121.6,37.36
1.8,121.6,37.7
1.8,121.6,38.04
1.8,121.6,38.38
1.8,121.59,38.72
1.8,121.58,39.05
1.79,121.57,39.39
1.79,121.56,39.73
1.79,121.56,40.06
1.79,121.55,40.4
1.79,121.54,40.74
1.79,121.53,41.08
1.79,121.51,41.41
1.79,121.5,41.75
1.79,121.48,42.08
1.79,121.46,42.42
1.79,121.44,42.76
1.79,121.42,43.09
1.79,121.41,43.43
1.79,121.39,43.76
1.79,121.37,44.1
1.79,121.35,44.43
1.79,121.33,44.77
1.79,121.31,45.1
1.79,121.28,45.44
1.79,121.26,45.77
1.79,121.24,46.1
1.79,121.21,46.44
1.79,121.19,46.77
1.79,121.16,47.1
1.79,121.14,47.43
1.79,121.11,47.77
1.79,121.09,48.1
1.79,121.06,48.43
1.79,121.03,48.76
1.78,120.99,49.09
1.78,120.96,49.42
1.78,120.93,49.75
1.78,120.9,50.09
1.78,120.87,50.42
1.78,120.83,50.75
1.78,120.79,51.08
1.78,120.75,51.41
1.78,120.71,51.74
1.78,120.67,52.07
1.78,120.64,52.4
1.78,120.6,52.74
1.78,120.55,53.07
1.78,120.5,53.4
1.78,120.46,53.73
1.78,120.41,54.07
1.78,120.37,54.4
1.78,120.33,54.73
1.78,120.27,55.07
1.78,120.22,55.41
1.79,120.16,55.75
1.79,120.11,56.09
1.79,120.07,56.43
1.79,120.02,56.78
1.79,119.93,57.1
1.79,119.87,57.44
1.79,119.8,57.79
1.8,119.74,58.14
1.8,119.68,58.49
1.8,119.62,58.84
1.8,119.52,59.18
1.81,119.41,59.5
1.81,119.33,59.85
1.82,119.26,60.2
1.82,119.18,60.56
1.82,119.09,60.91
1.83,118.98,61.25
1.83,118.85,61.58
1.83,118.74,61.92
1.84,118.63,62.26
1.84,118.53,62.61
1.85,118.43,62.96
1.86,118.32,63.31
1.86,118.17,63.63
1.87,118.03,63.96
1.87,117.89,64.29
1.87,117.74,64.62
1.88,117.59,64.95
1.89,117.46,65.28
1.89,117.32,65.6
1.9,117.18,65.93
1.91,117.01,66.24
1.91,116.83,66.55
1.92,116.65,66.85
1.93,116.45,67.15
1.93,116.23,67.42
1.93,115.95,67.65
1.93,115.65,67.85
1.93,115.33,68.03
1.93,115.03,68.21
1.93,114.73,68.39
1.93,114.43,68.56
1.93,114.1,68.72
1.93,113.78,68.87
1.93,113.45,69.02
1.92,113.12,69.17
1.92,112.8,69.32
1.93,112.49,69.46
1.93,112.16,69.59
1.93,111.83,69.72
1.93,111.5,69.85
1.93,111.17,69.97
1.93,110.83,70.1
1.93,110.51,70.22
1.94,110.19,70.33
1.94,109.86,70.44
1.94,109.52,70.54
1.94,109.19,70.65
1.94,108.86,70.75
1.95,108.52,70.86
1.95,108.19,70.96
1.95,107.86,71.05
1.95,107.53,71.14
1.95,107.2,71.24
1.96,106.86,71.33
1.96,106.53,71.42
1.96,106.19,71.52
1.96,105.85,71.61
1.97,105.52,71.69
1.97,105.18,71.77
1.97,104.84,71.86
1.97,104.51,71.94
1.98,104.17,72.03
1.98,103.83,72.11
1.98,103.48,72.19
1.98,103.14,72.27
1.99,102.8,72.34
1.99,102.45,72.42
1.99,102.11,72.5
1.99,101.76,72.57
2.0,101.42,72.65
2.0,101.06,72.71
2.01,100.7,72.77
2.03,100.35,72.84
2.05,100.0,72.91
2.06,99.65,72.98
2.08,99.29,73.05
2.1,98.94,73.12
2.12,98.58,73.18
2.13,98.22,73.25
2.15,97.87,73.31
2.17,97.51,73.38
2.19,97.15,73.44
2.2,96.79,73.5
2.22,96.43,73.57
2.24,96.06,73.63
2.26,95.7,73.69
2.27,95.33,73.74
2.29,94.96,73.8
2.3,94.6,73.86
2.32,94.23,73.91
2.33,93.86,73.97
2.35,93.49,74.02
2.36,93.11,74.07
2.38,92.74,74.12
2.39,92.36,74.17
2.4,91.99,74.22
2.42,91.61,74.26
2.43,91.24,74.31
2.44,90.86,74.35
2.45,90.48,74.4
2.47,90.1,74.44
2.48,89.72,74.48
2.49,89.33,74.51
2.5,88.95,74.55
2.51,88.57,74.59
2.52,88.18,74.62
2.53,87.8,74.66
2.54,87.41,74.69
2.54,87.03,74.72
2.55,86.64,74.75
2.56,86.25,74.77
2.57,85.86,74.8
2.57,85.48,74.82
2.58,85.09,74.85
2.58,84.7,74.87
2.58,84.31,74.89
2.59,83.91,74.9
2.59,83.52,74.92
2.59,83.13,74.93
2.6,82.74,74.95
2.6,82.35,74.96
2.61,81.96,74.98
2.62,81.57,74.99
2.62,81.18,75.01
2.63,80.78,75.02
2.63,80.39,75.02
2.63,80.0,75.0
1.87,123.34,35.0
1.87,123.34,35.35
1.87,123.34,35.7
1.87,123.34,36.06
1.87,123.33,36.41
1.87,123.34,36.76
1.87,123.34,37.11
1.87,123.34,37.46
1.87,123.34,37.82
1.87,123.33,38.17
1.87,123.33,38.52
1.87,123.32,38.87
1.87,123.31,39.22
1.87,123.3,39.57
1.87,123.3,39.92
1.87,123.29,40.28
1.87,123.28,40.63
1.87,123.27,40.98
1.87,123.26,41.33
1.87,123.24,41.68
1.87,123.22,42.03
1.87,123.21,42.38
1.87,123.19,42.73
1.87,123.17,43.08
1.87,123.15,43.43
1.87,123.13,43.78
1.87,123.11,44.13
1.87,123.09,44.48
1.87,123.07,44.83
1.87,123.05,45.17
1.86,123.03,45.52
1.86,123.0,45.87
1.86,122.98,46.22
1.86,122.96,46.57
1.86,122.93,46.91
1.86,122.91,47.26
1.86,122.88,47.61
1.86,122.85,47.95
1.86,122.83,48.3
1.86,122.8,48.65
1.86,122.77,48.99
1.86,122.74,49.34
1.86,122.7,49.68
1.86,122.67,50.03
1.86,122.63,50.37
1.86,122.61,50.72
1.86,122.57,51.06
1.86,122.53,51.41
1.86,122.49,51.75
1.86,122.45,52.1
1.86,122.41,52.44
1.86,122.37,52.78
1.86,122.33,53.13
1.86,122.29,53.48
1.86,122.24,53.82
1.86,122.19,54.17
1.86,122.14,54.52
1.86,122.1,54.86
1.86,122.06,55.21
1.86,122.01,55.56
1.86,121.95,55.91
1.86,121.89,56.26
1.86,121.84,56.61
1.86,121.79,56.97
1.86,121.74,57.33
1.86,121.68,57.68
1.86,121.6,58.02
1.87,121.53,58.38
1.87,121.45,58.74
1.87,121.39,59.1
1.88,121.33,59.47
1.88,121.27,59.84
1.88,121.17,60.18
1.88,121.05,60.52
1.89,120.97,60.88
1.89,120.89,61.25
1.9,120.81,61.62
1.9,120.72,61.99
1.9,120.61,62.35
1.91,120.47,62.69
1.91,120.35,63.04
1.91,120.24,63.39
1.92,120.14,63.76
1.93,120.03,64.12
1.93,119.91,64.49
1.94,119.76,64.83
1.94,119.62,65.17
1.95,119.47,65.51
1.95,119.32,65.86
1.96,119.16,66.19
1.97,119.02,66.54
1.97,118.87,66.88
1.98,118.72,67.22
1.99,118.55,67.55
1.99,118.36,67.86
2.0,118.17,68.18
2.01,117.96,68.48
2.02,117.71,68.75
2.03,117.42,68.99
2.02,117.11,69.2
2.01,116.78,69.39
2.02,116.47,69.58
2.03,116.15,69.76
2.04,115.83,69.94
2.04,115.5,70.11
2.04,115.16,70.27
2.04,114.81,70.42
2.04,114.47,70.58
2.05,114.14,70.73
2.06,113.81,70.88
2.07,113.47,71.01
2.08,113.13,71.15
2.09,112.78,71.28
2.09,112.43,71.41
2.1,112.08,71.54
2.11,111.74,71.66
2.12,111.4,71.78
2.14,111.06,71.89
2.15,110.71,72.0
2.16,110.36,72.11
2.17,110.01,72.22
2.18,109.66,72.33
2.2,109.32,72.43
2.21,108.97,72.53
2.23,108.62,72.63
2.24,108.27,72.72
2.26,107.92,72.82
2.27,107.57,72.92
2.29,107.22,73.01
2.3,106.87,73.11
2.32,106.52,73.19
2.34,106.16,73.28
2.35,105.81,73.37
2.37,105.46,73.45
2.39,105.1,73.54
2.41,104.74,73.63
2.42,104.39,73.71
2.44,104.03,73.78
2.46,103.67,73.86
2.47,103.31,73.94
2.49,102.95,74.02
2.51,102.59,74.1
2.53,102.23,74.17
2.55,101.86,74.25
2.56,101.49,74.32
2.58,101.13,74.39
2.6,100.76,74.46
2.62,100.4,74.53
2.64,100.03,74.6
2.65,99.66,74.67
2.67,99.29,74.74
2.69,98.92,74.8
2.71,98.55,74.87
2.72,98.18,74.93
2.74,97.8,75.0
2.76,97.43,75.07
2.78,97.05,75.13
2.8,96.67,75.19
2.81,96.29,75.25
2.83,95.91,75.31
2.85,95.53,75.37
2.86,95.15,75.43
2.88,94.77,75.49
2.89,94.38,75.54
2.91,94.0,75.6
2.92,93.61,75.65
2.94,93.22,75.7
2.95,92.83,75.75
2.97,92.44,75.8
2.98,92.05,75.84
2.99,91.66,75.89
3.01,91.27,75.94
3.02,90.88,75.98
3.03,90.48,76.02
3.04,90.08,76.06
3.05,89.69,76.1
3.06,89.29,76.14
3.07,88.89,76.18
3.08,88.5,76.21
3.09,88.1,76.25
3.1,87.69,76.28
3.11,87.29,76.31
3.12,86.89,76.34
3.13,86.49,76.37
3.13,86.09,76.39
3.14,85.68,76.42
3.14,85.28,76.44
3.15,84.87,76.46
3.15,84.47,76.48
3.16,84.06,76.5
3.16,83.66,76.52
3.16,83.25,76.53
3.17,82.85,76.54
3.17,82.44,76.56
3.18,82.03,76.58
3.18,81.63,76.59
3.19,81.22,76.61
3.19,80.81,76.62
3.2,80.41,76.62
3.2,80.0,76.6
1.95,125.07,35.0
1.95,125.07,35.37
1.95,125.07,35.73
1.95,125.07,36.1
1.95,125.07,36.47
1.95,125.07,36.83
1.95,125.07,37.19
1.95,125.07,37.56
1.95,125.07,37.93
1.95,125.07,38.29
1.95,125.06,38.66
1.95,125.06,39.03
1.94,125.04,39.39
1.94,125.03,39.75
1.94,125.03,40.12
1.94,125.02,40.49
1.94,125.01,40.85
1.94,125.0,41.22
1.94,124.99,41.58
1.94,124.97,41.95
1.94,124.95,42.31
1.94,124.93,42.67
1.94,124.91,43.04
1.94,124.9,43.4
1.94,124.88,43.77
1.94,124.86,44.13
1.94,124.84,44.49
1.94,124.81,44.86
1.94,124.79,45.22
1.94,124.77,45.58
1.94,124.75,45.94
1.94,124.72,46.31
1.94,124.7,46.67
1.94,124.68,47.03
1.94,124.65,47.39
1.94,124.62,47.75
1.94,124.59,48.11
1.94,124.57,48.47
1.94,124.54,48.83
1.94,124.51,49.19
1.93,124.48,49.55
1.93,124.44,49.91
1.93,124.41,50.27
1.93,124.37,50.63
1.93,124.34,50.98
1.93,124.31,51.34
1.93,124.28,51.71
1.93,124.23,52.06
1.93,124.19,52.42
1.93,124.15,52.78
1.93,124.1,53.14
1.93,124.06,53.49
1.93,124.02,53.85
1.93,123.98,54.22
1.93,123.93,54.58
1.93,123.88,54.94
1.93,123.83,55.3
1.93,123.78,55.66
1.93,123.74,56.02
1.93,123.69,56.38
1.93,123.63,56.74
1.93,123.57,57.11
1.93,123.51,57.48
1.94,123.46,57.85
1.94,123.4,58.22
1.94,123.35,58.59
1.94,123.26,58.94
1.94,123.19,59.31
1.94,123.11,59.69
1.95,123.05,60.07
1.95,122.98,60.45
1.95,122.92,60.83
1.96,122.81,61.19
1.96,122.7,61.54
1.96,122.61,61.92
1.97,122.53,62.3
1.97,122.44,62.69
1.98,122.35,63.07
1.98,122.23,63.44
1.98,122.09,63.79
1.99,121.96,64.16
1.99,121.85,64.53
2.0,121.74,64.91
2.0,121.61,65.28
2.04,121.48,65.65
2.08,121.32,66.01
2.11,121.16,66.37
2.14,121.0,66.73
2.18,120.84,67.09
2.21,120.67,67.44
2.26,120.51,67.8
2.32,120.35,68.16
2.37,120.18,68.52
2.41,120.0,68.85
2.46,119.8,69.19
2.5,119.59,69.52
2.53,119.37,69.83
2.56,119.12,70.13
2.57,118.83,70.37
2.57,118.5,70.59
2.56,118.16,70.79
2.57,117.83,70.99
2.57,117.5,71.18
2.58,117.17,71.37
2.58,116.82,71.53
2.58,116.47,71.7
2.58,116.11,71.86
2.58,115.75,72.02
2.59,115.41,72.18
2.6,115.07,72.33
2.61,114.71,72.47
2.62,114.36,72.61
2.62,114.0,72.75
2.63,113.64,72.88
2.64,113.27,73.01
2.65,112.92,73.14
2.66,112.57,73.26
2.67,112.21,73.38
2.69,111.85,73.49
2.7,111.49,73.6
2.71,111.13,73.71
2.72,110.76,73.82
2.74,110.4,73.93
2.75,110.04,74.03
2.77,109.68,74.13
2.78,109.32,74.23
2.8,108.95,74.33
2.82,108.59,74.43
2.83,108.22,74.53
2.85,107.86,74.62
2.86,107.49,74.71
2.88,107.13,74.8
2.9,106.76,74.89
2.92,106.39,74.98
2.93,106.02,75.07
2.95,105.65,75.15
2.97,105.28,75.24
2.98,104.91,75.31
3.0,104.54,75.4
3.02,104.17,75.48
3.04,103.79,75.56
3.06,103.42,75.64
3.08,103.04,75.72
3.1,102.66,75.79
3.11,102.29,75.86
3.13,101.91,75.93
3.15,101.53,76.01
3.17,101.15,76.08
3.19,100.77,76.15
3.21,100.39,76.22
3.23,100.0,76.29
3.24,99.62,76.36
3.26,99.23,76.43
3.28,98.84,76.49
3.3,98.45,76.56
3.32,98.06,76.63
3.34,97.68,76.69
3.35,97.28,76.76
3.37,96.89,76.82
3.39,96.5,76.88
3.41,96.1,76.94
3.42,95.7,77.0
3.44,95.31,77.06
3.45,94.91,77.12
3.47,94.51,77.17
3.49,94.11,77.22
3.5,93.71,77.28
3.52,93.3,77.33
3.53,92.9,77.38
3.54,92.49,77.42
3.56,92.09,77.47
3.57,91.68,77.52
3.58,91.27,77.56
3.6,90.86,77.61
3.61,90.45,77.65
3.62,90.04,77.69
3.63,89.63,77.73
3.64,89.22,77.76
3.65,88.81,77.8
3.66,88.39,77.84
3.67,87.98,77.87
3.68,87.56,77.9
3.69,87.14,77.93
3.69,86.72,77.96
3.7,86.31,77.99
3.71,85.89,78.01
3.71,85.47,78.03
3.72,85.05,78.06
3.72,84.63,78.08
3.73,84.21,78.09
3.73,83.79,78.11
3.73,83.37,78.13
3.74,82.95,78.14
3.74,82.53,78.16
3.75,82.11,78.17
3.75,81.69,78.19
3.75,81.26,78.21
3.76,80.84,78.22
3.76,80.42,78.22
3.76,80.0,78.2
2.16,126.76,35.0
2.16,126.76,35.38
2.16,126.76,35.76
2.16,126.76,36.14
2.16,126.75,36.52
2.16,126.76,36.9
2.16,126.76,37.28
2.16,126.76,37.66
2.16,126.75,38.04
2.16,126.75,38.42
2.16,126.75,38.81
2.16,126.74,39.19
2.15,126.73,39.57
2.15,126.72,39.94
2.15,126.71,40.32
2.15,126.71,40.7
2.15,126.7,41.08
2.15,126.69,41.46
2.15,126.68,41.84
2.14,126.66,42.22
2.14,126.64,42.6
2.13,126.62,42.97
2.13,126.6,43.35
2.13,126.58,43.73
2.13,126.56,44.11
2.12,126.54,44.49
2.12,126.52,44.86
2.12,126.49,45.24
2.11,126.47,45.62
2.11,126.45,45.99
2.1,126.43,46.37
2.1,126.4,46.74
2.1,126.38,47.12
2.09,126.35,47.49
2.09,126.33,47.87
2.08,126.3,48.24
2.08,126.27,48.62
2.07,126.24,48.99
2.07,126.22,49.36
2.07,126.19,49.74
2.06,126.15,50.11
2.06,126.12,50.48
2.05,126.08,50.85
2.04,126.05,51.22
2.04,126.01,51.59
2.04,125.98,51.97
2.04,125.95,52.34
2.03,125.9,52.71
2.03,125.86,53.08
2.02,125.81,53.46
2.02,125.77,53.83
2.02,125.73,54.2
2.02,125.69,54.57
2.02,125.64,54.94
2.02,125.59,55.32
2.02,125.54,55.69
2.02,125.48,56.07
2.02,125.44,56.44
2.02,125.39,56.82
2.03,125.34,57.19
2.03,125.27,57.57
2.04,125.21,57.95
2.05,125.15,58.33
2.06,125.09,58.72
2.07,125.04,59.11
2.08,124.98,59.49
2.08,124.89,59.86
2.1,124.81,60.24
2.12,124.72,60.63
2.15,124.66,61.03
2.17,124.58,61.43
2.19,124.51,61.82
2.2,124.4,62.2
2.21,124.28,62.56
2.24,124.18,62.96
2.28,124.09,63.36
2.31,123.99,63.76
2.34,123.9,64.16
2.37,123.77,64.54
2.39,123.62,64.91
2.41,123.49,65.29
2.45,123.36,65.68
2.49,123.24,66.08
2.54,123.11,66.47
2.58,122.98,66.86
2.61,122.82,67.23
2.65,122.65,67.61
2.68,122.49,67.98
2.72,122.32,68.35
2.75,122.14,68.72
2.8,121.98,69.09
2.85,121.81,69.47
2.9,121.63,69.84
2.95,121.44,70.19
2.99,121.23,70.53
3.04,121.02,70.87
3.08,120.79,71.2
3.11,120.54,71.51
3.12,120.23,71.76
3.11,119.89,71.98
3.1,119.54,72.19
3.11,119.19,72.4
3.11,118.85,72.6
3.11,118.5,72.79
3.12,118.14,72.96
3.12,117.78,73.13
3.12,117.41,73.3
3.12,117.04,73.46
3.12,116.68,73.62
3.13,116.32,73.79
3.14,115.96,73.93
3.15,115.59,74.07
3.16,115.22,74.21
3.17,114.84,74.35
3.18,114.47,74.48
3.19,114.1,74.62
3.2,113.73,74.74
3.21,113.36,74.86
3.23,112.99,74.97
3.24,112.61,75.09
3.25,112.24,75.2
3.26,111.86,75.32
3.28,111.49,75.43
3.29,111.11,75.53
3.31,110.74,75.64
3.32,110.36,75.74
3.34,109.98,75.84
3.36,109.61,75.94
3.37,109.23,76.04
3.39,108.85,76.14
3.41,108.47,76.23
3.42,108.09,76.32
3.44,107.71,76.41
3.46,107.33,76.5
3.48,106.95,76.59
3.5,106.56,76.68
3.51,106.18,76.77
3.53,105.79,76.85
3.55,105.41,76.93
3.57,105.02,77.01
3.59,104.64,77.09
3.61,104.25,77.18
3.63,103.86,77.26
3.65,103.47,77.33
3.66,103.08,77.4
3.68,102.68,77.48
3.7,102.29,77.55
3.72,101.9,77.63
3.74,101.5,77.7
3.76,101.11,77.78
3.78,100.71,77.85
3.8,100.31,77.92
3.82,99.91,77.98
3.84,99.51,78.05
3.86,99.11,78.12
3.87,98.7,78.19
3.89,98.3,78.26
3.91,97.9,78.32
3.93,97.49,78.39
3.95,97.08,78.45
3.96,96.67,78.51
3.98,96.26,78.57
4.0,95.85,78.63
4.01,95.43,78.68
4.03,95.02,78.74
4.05,94.61,78.79
4.07,94.19,78.84
4.09,93.77,78.9
4.1,93.35,78.95
4.12,92.93,78.99
4.14,92.51,79.04
4.15,92.09,79.09
4.17,91.67,79.13
4.18,91.25,79.18
4.2,90.82,79.22
4.21,90.39,79.26
4.22,89.97,79.3
4.24,89.54,79.34
4.25,89.11,79.37
4.26,88.69,79.41
4.27,88.25,79.44
4.28,87.82,79.47
4.29,87.39,79.5
4.3,86.96,79.53
4.31,86.53,79.56
4.31,86.1,79.58
4.32,85.66,79.61
4.33,85.23,79.63
4.33,84.79,79.65
4.34,84.36,79.67
4.34,83.92,79.68
4.35,83.49,79.7
4.35,83.05,79.71
4.35,82.62,79.73
4.36,82.18,79.75
4.36,81.75,79.76
4.37,81.31,79.78
4.37,80.87,79.79
4.37,80.44,79.79
4.38,80.0,79.77
2.79,128.41,35.0
2.79,128.41,35.4
2.79,128.41,35.79
2.79,128.41,36.19
2.79,128.4,36.59
2.79,128.41,36.98
2.79,128.41,37.38
2.79,128.41,37.78
2.79,128.4,38.17
2.78,128.4,38.57
2.78,128.4,38.97
2.78,128.39,39.36
2.77,128.38,39.76
2.77,128.37,40.15
2.77,128.36,40.55
2.77,128.35,40.94
2.77,128.34,41.34
2.77,128.33,41.74
2.76,128.32,42.13
2.76,128.3,42.53
2.75,128.28,42.92
2.75,128.26,43.31
2.74,128.24,43.7
2.74,128.21,44.1
2.74,128.19,44.49
2.73,128.17,44.88
2.73,128.15,45.28
2.72,128.13,45.67
2.72,128.1,46.06
2.71,128.08,46.45
2.71,128.05,46.84
2.7,128.03,47.23
2.7,128.0,47.62
2.69,127.98,48.01
2.69,127.95,48.4
2.68,127.92,48.79
2.68,127.89,49.18
2.67,127.86,49.57
2.67,127.83,49.96
2.66,127.8,50.34
2.65,127.77,50.73
2.65,127.73,51.12
2.64,127.69,51.5
2.63,127.65,51.89
2.63,127.61,52.27
2.62,127.59,52.66
2.62,127.55,53.05
2.62,127.5,53.43
2.61,127.46,53.82
2.61,127.41,54.2
2.6,127.36,54.59
2.6,127.32,54.97
2.6,127.28,55.36
2.6,127.23,55.75
2.6,127.18,56.14
2.6,127.12,56.52
2.6,127.07,56.91
2.6,127.02,57.3
2.6,126.97,57.69
2.6,126.91,58.07
2.6,126.85,58.47
2.61,126.79,58.86
2.62,126.72,59.26
2.62,126.66,59.65
2.63,126.61,60.05
2.64,126.55,60.45
2.64,126.45,60.83
2.66,126.37,61.23
2.68,126.29,61.63
2.7,126.22,62.04
2.72,126.14,62.45
2.74,126.07,62.86
2.75,125.95,63.25
2.76,125.83,63.63
2.79,125.73,64.04
2.82,125.63,64.45
2.85,125.53,64.87
2.88,125.43,65.28
2.9,125.3,65.67
2.93,125.15,66.06
2.95,125.01,66.45
2.99,124.88,66.85
3.03,124.75,67.26
3.07,124.62,67.67
3.11,124.48,68.08
3.14,124.32,68.46
3.18,124.15,68.85
3.22,123.97,69.23
3.26,123.8,69.62
3.29,123.61,70.0
3.34,123.44,70.39
3.39,123.26,70.78
3.43,123.08,71.17
3.48,122.88,71.53
3.53,122.67,71.88
3.57,122.45,72.23
3.62,122.22,72.57
3.65,121.95,72.88
3.66,121.63,73.15
3.66,121.28,73.38
3.65,120.91,73.59
3.65,120.56,73.81
3.65,120.19,74.02
3.65,119.83,74.22
3.65,119.46,74.39
3.66,119.09,74.57
3.66,118.71,74.74
3.66,118.32,74.9
3.66,117.95,75.07
3.67,117.58,75.24
3.68,117.2,75.39
3.69,116.82,75.53
3.7,116.43,75.67
3.71,116.05,75.81
3.71,115.66,75.95
3.72,115.27,76.09
3.74,114.89,76.22
3.75,114.51,76.34
3.76,114.12,76.46
3.78,113.74,76.58
3.79,113.35,76.7
3.8,112.96,76.81
3.82,112.57,76.93
3.83,112.18,77.03
3.85,111.8,77.14
3.87,111.41,77.24
3.88,111.01,77.35
3.9,110.62,77.45
3.91,110.23,77.56
3.93,109.84,77.65
3.95,109.45,77.75
3.97,109.05,77.84
3.99,108.66,77.93
4.0,108.26,78.02
4.02,107.87,78.11
4.04,107.47,78.21
4.06,107.07,78.29
4.09,106.67,78.37
4.11,106.27,78.45
4.13,105.87,78.54
4.15,105.47,78.62
4.17,105.07,78.7
4.2,104.67,78.79
4.22,104.27,78.86
4.24,103.86,78.93
4.26,103.45,79.01
4.29,103.05,79.08
4.31,102.64,79.16
4.33,102.23,79.24
4.35,101.82,79.31
4.38,101.41,79.38
4.4,101.0,79.45
4.42,100.58,79.52
4.44,100.17,79.59
4.46,99.75,79.66
4.49,99.33,79.73
4.51,98.92,79.79
4.53,98.5,79.86
4.55,98.08,79.92
4.57,97.66,79.99
4.59,97.23,80.05
4.61,96.81,80.11
4.63,96.38,80.17
4.65,95.96,80.23
4.67,95.53,80.28
4.69,95.1,80.34
4.71,94.67,80.39
4.73,94.24,80.44
4.75,93.8,80.5
4.76,93.37,80.54
4.78,92.94,80.59
4.8,92.5,80.64
4.81,92.06,80.69
4.83,91.63,80.73
4.84,91.19,80.77
4.86,90.75,80.81
4.87,90.31,80.85
4.88,89.87,80.89
4.89,89.42,80.93
4.91,88.98,80.97
4.92,88.53,81.0
4.93,88.09,81.03
4.94,87.64,81.06
4.95,87.2,81.09
4.96,86.75,81.12
4.96,86.3,81.15
4.97,85.86,81.17
4.98,85.41,81.19
4.98,84.96,81.21
4.99,84.51,81.23
4.99,84.06,81.25
5.0,83.61,81.26
5.0,83.16,81.28
5.01,82.71,81.3
5.01,82.26,81.31
5.02,81.81,81.33
5.02,81.35,81.34
5.03,80.9,81.36
5.03,80.45,81.35
5.03,80.0,81.34
3.42,130.06,35.0
3.42,130.06,35.41
3.42,130.06,35.83
3.41,130.06,36.24
3.41,130.05,36.65
3.41,130.06,37.07
3.41,130.06,37.48
3.41,130.06,37.89
3.41,130.05,38.3
3.41,130.05,38.72
3.4,130.04,39.13
3.4,130.04,39.54
3.4,130.02,39.95
3.39,130.01,40.36
3.39,130.0,40.78
3.39,130.0,41.19
3.38,129.99,41.6
3.38,129.98,42.01
3.38,129.96,42.42
3.37,129.94,42.83
3.37,129.92,43.24
3.36,129.89,43.65
3.36,129.87,44.06
3.35,129.85,44.47
3.35,129.83,44.88
3.34,129.81,45.28
3.34,129.78,45.69
3.33,129.76,46.1
3.33,129.73,46.51
3.32,129.71,46.91
3.31,129.68,47.32
3.31,129.66,47.72
3.3,129.63,48.13
3.3,129.6,48.53
3.29,129.57,48.94
3.28,129.54,49.34
3.27,129.51,49.74
3.27,129.48,50.14
3.26,129.45,50.55
3.26,129.42,50.95
3.25,129.38,51.35
3.24,129.34,51.75
3.23,129.3,52.15
3.22,129.26,52.55
3.22,129.22,52.95
3.21,129.19,53.35
3.21,129.15,53.75
3.2,129.11,54.15
3.2,129.06,54.55
3.19,129.01,54.95
3.19,128.96,55.35
3.18,128.91,55.75
3.18,128.87,56.15
3.18,128.82,56.55
3.17,128.77,56.95
3.17,128.71,57.35
3.17,128.65,57.75
3.17,128.6,58.16
3.17,128.55,58.56
3.17,128.49,58.96
3.17,128.43,59.37
3.18,128.36,59.77
3.18,128.29,60.18
3.19,128.23,60.59
3.19,128.18,61.0
3.2,128.11,61.41
3.2,128.02,61.8
3.22,127.93,62.22
3.23,127.85,62.63
3.25,127.78,63.05
3.27,127.7,63.48
3.28,127.62,63.9
3.3,127.51,64.3
3.31,127.38,64.69
3.33,127.27,65.12
3.36,127.18,65.54
3.39,127.07,65.97
3.42,126.97,66.4
3.44,126.84,66.8
3.47,126.68,67.2
3.49,126.53,67.61
3.53,126.4,68.03
3.57,126.27,68.45
3.61,126.13,68.87
3.64,125.99,69.29
3.68,125.82,69.69
3.72,125.64,70.09
3.76,125.46,70.48
3.8,125.28,70.88
3.84,125.08,71.28
3.88,124.91,71.68
3.92,124.72,72.09
3.96,124.53,72.49
4.01,124.32,72.86
4.07,124.1,73.22
4.13,123.87,73.58
4.18,123.63,73.93
4.21,123.35,74.25
4.23,123.03,74.52
4.23,122.66,74.76
4.22,122.28,74.98
4.21,121.91,75.21
4.21,121.53,75.43
4.21,121.16,75.63
4.21,120.78,75.81
4.22,120.39,75.99
4.22,119.99,76.16
4.22,119.6,76.33
4.23,119.21,76.51
4.23,118.83,76.68
4.25,118.43,76.83
4.26,118.04,76.98
4.27,117.64,77.13
4.28,117.24,77.27
4.29,116.84,77.41
4.3,116.44,77.55
4.31,116.05,77.68
4.33,115.65,77.81
4.34,115.25,77.93
4.36,114.85,78.05
4.37,114.45,78.17
4.39,114.04,78.29
4.4,113.64,78.41
4.42,113.24,78.52
4.44,112.84,78.62
4.46,112.43,78.73
4.48,112.03,78.84
4.5,111.63,78.94
4.51,111.22,79.05
4.53,110.82,79.15
4.55,110.41,79.24
4.57,110.0,79.34
4.6,109.59,79.43
4.62,109.19,79.53
4.64,108.78,79.62
4.66,108.37,79.71
4.68,107.96,79.8
4.7,107.54,79.88
4.73,107.13,79.97
4.75,106.72,80.05
4.77,106.31,80.14
4.8,105.89,80.22
4.82,105.48,80.31
4.84,105.06,80.38
4.86,104.64,80.46
4.89,104.22,80.53
4.91,103.8,80.61
4.93,103.38,80.69
4.96,102.96,80.76
4.98,102.53,80.84
5.0,102.11,80.91
5.03,101.68,80.98
5.05,101.26,81.05
5.07,100.83,81.12
5.1,100.4,81.19
5.12,99.97,81.26
5.14,99.54,81.33
5.16,99.1,81.4
5.19,98.67,81.46
5.21,98.23,81.53
5.23,97.8,81.59
5.25,97.36,81.65
5.27,96.92,81.71
5.29,96.48,81.77
5.31,96.04,81.83
5.33,95.59,81.89
5.35,95.15,81.94
5.37,94.7,81.99
5.39,94.26,82.05
5.4,93.81,82.1
5.42,93.36,82.15
5.44,92.91,82.19
5.46,92.46,82.24
5.47,92.01,82.29
5.49,91.55,82.33
5.5,91.1,82.37
5.51,90.65,82.41
5.53,90.19,82.45
5.54,89.73,82.49
5.55,89.27,82.53
5.56,88.81,82.56
5.58,88.35,82.59
5.59,87.9,82.63
5.6,87.44,82.66
5.6,86.97,82.68
5.61,86.51,82.71
5.62,86.05,82.73
5.63,85.58,82.76
5.63,85.12,82.78
5.64,84.66,82.8
5.64,84.19,82.81
5.65,83.73,82.83
5.65,83.26,82.84
5.66,82.8,82.86
5.66,82.33,82.88
5.67,81.87,82.89
5.68,81.4,82.91
5.68,80.93,82.92
5.68,80.47,82.92
5.68,80.0,82.91
4.05,131.71,35.0
4.05,131.7,35.43
4.04,131.7,35.86
4.04,131.7,36.29
4.04,131.7,36.72
4.04,131.7,37.15
4.04,131.7,37.58
4.04,131.7,38.0
4.03,131.69,38.43
4.03,131.69,38.86
4.03,131.68,39.29
4.02,131.68,39.72
4.02,131.67,40.15
4.01,131.65,40.57
4.01,131.64,41.0
4.0,131.64,41.43
4.0,131.63,41.86
4.0,131.62,42.28
3.99,131.61,42.71
3.99,131.58,43.13
3.98,131.56,43.56
3.98,131.53,43.98
3.97,131.51,44.41
3.97,131.49,44.84
3.96,131.46,45.26
3.95,131.44,45.68
3.95,131.42,46.1
3.94,131.39,46.53
3.93,131.36,46.95
3.93,131.34,47.37
3.92,131.31,47.79
3.91,131.28,48.21
3.91,131.26,48.63
3.9,131.22,49.05
3.89,131.19,49.47
3.88,131.16,49.89
3.87,131.13,50.3
3.86,131.1,50.72
3.86,131.06,51.14
3.85,131.03,51.55
3.84,130.99,51.97
3.83,130.95,52.39
3.82,130.91,52.8
3.81,130.87,53.21
3.81,130.83,53.63
3.8,130.79,54.04
3.8,130.76,54.46
3.79,130.71,54.87
3.78,130.66,55.29
3.78,130.61,55.7
3.77,130.55,56.11
3.76,130.51,56.53
3.76,130.46,56.94
3.76,130.41,57.35
3.75,130.35,57.77
3.75,130.3,58.18
3.74,130.24,58.6
3.74,130.18,59.01
3.74,130.13,59.43
3.74,130.07,59.84
3.74,130.0,60.26
3.74,129.94,60.68
3.75,129.87,61.1
3.75,129.81,61.52
3.76,129.75,61.95
3.76,129.68,62.37
3.76,129.58,62.78
3.77,129.5,63.21
3.79,129.41,63.63
3.8,129.34,64.07
3.82,129.26,64.5
3.83,129.18,64.93
3.84,129.06,65.35
3.85,128.92,65.76
3.88,128.82,66.2
3.91,128.72,66.64
3.93,128.61,67.08
3.95,128.51,67.51
3.98,128.37,67.93
4.0,128.2,68.34
4.04,128.05,68.76
4.08,127.91,69.19
4.12,127.77,69.63
4.16,127.63,70.06
4.2,127.48,70.5
4.24,127.3,70.9
4.29,127.12,71.31
4.33,126.93,71.72
4.38,126.74,72.13
4.43,126.54,72.54
4.48,126.36,72.96
4.52,126.17,73.37
4.57,125.97,73.79
4.63,125.75,74.17
4.69,125.53,74.55
4.74,125.29,74.92
4.79,125.04,75.28
4.83,124.75,75.61
4.84,124.41,75.89
4.84,124.04,76.14
4.83,123.65,76.36
4.82,123.26,76.6
4.82,122.87,76.82
4.82,122.49,77.03
4.83,122.09,77.22
4.83,121.68,77.4
4.83,121.28,77.58
4.83,120.87,77.76
4.84,120.47,77.94
4.85,120.07,78.11
4.86,119.66,78.27
4.87,119.26,78.42
4.88,118.84,78.57
4.89,118.43,78.72
4.9,118.02,78.86
4.91,117.61,79.01
4.93,117.2,79.14
4.94,116.79,79.27
4.95,116.37,79.4
4.97,115.95,79.53
4.98,115.54,79.65
5.0,115.13,79.77
5.02,114.71,79.89
5.03,114.3,80.0
5.05,113.88,80.11
5.07,113.46,80.22
5.09,113.05,80.33
5.11,112.63,80.44
5.13,112.21,80.54
5.15,111.79,80.64
5.17,111.37,80.74
5.19,110.95,80.84
5.21,110.53,80.94
5.23,110.11,81.03
5.26,109.69,81.13
5.28,109.27,81.22
5.3,108.84,81.31
5.32,108.42,81.4
5.35,107.99,81.48
5.37,107.57,81.57
5.39,107.14,81.65
5.42,106.71,81.74
5.44,106.28,81.83
5.46,105.85,81.9
5.49,105.42,81.98
5.51,104.99,82.06
5.53,104.55,82.14
5.56,104.12,82.21
5.58,103.68,82.29
5.61,103.25,82.37
5.63,102.81,82.44
5.66,102.37,82.51
5.68,101.93,82.59
5.7,101.49,82.66
5.73,101.04,82.73
5.75,100.6,82.8
5.77,100.16,82.87
5.8,99.71,82.94
5.82,99.26,83.0
5.84,98.81,83.07
5.86,98.36,83.13
5.88,97.91,83.19
5.91,97.45,83.26
5.93,97.0,83.32
5.95,96.55,83.38
5.97,96.09,83.43
5.99,95.63,83.49
6.01,95.17,83.53
6.03,94.7,83.58
6.06,94.24,83.62
6.08,93.78,83.67
6.1,93.31,83.72
6.13,92.85,83.76
6.15,92.38,83.8
6.17,91.91,83.84
6.19,91.45,83.88
6.21,90.97,83.92
6.23,90.5,83.96
6.25,90.03,84.0
6.27,89.56,84.03
6.28,89.08,84.06
6.3,88.61,84.1
6.31,88.14,84.12
6.33,87.66,84.15
6.34,87.19,84.18
6.35,86.71,84.21
6.36,86.23,84.23
6.37,85.75,84.25
6.38,85.28,84.27
6.39,84.8,84.29
6.4,84.32,84.3
6.4,83.84,84.32
6.41,83.36,84.33
6.42,82.88,84.35
6.43,82.4,84.36
6.43,81.92,84.38
6.44,81.44,84.39
6.45,80.96,84.4
6.45,80.48,84.4
6.44,80.0,84.39
4.75,133.32,35.0
4.75,133.32,35.45
4.75,133.32,35.89
4.75,133.32,36.34
4.75,133.31,36.78
4.75,133.32,37.23
4.75,133.32,37.67
4.74,133.31,38.12
4.74,133.31,38.56
4.74,133.31,39.01
4.73,133.3,39.45
4.73,133.29,39.89
4.72,133.28,40.34
4.72,133.27,40.78
4.71,133.26,41.22
4.71,133.25,41.67
4.7,133.23,42.11
4.7,133.22,42.55
4.69,133.21,43.0
4.68,133.18,43.43
4.68,133.16,43.88
4.67,133.14,44.32
4.66,133.11,44.76
4.66,133.09,45.2
4.65,133.06,45.64
4.64,133.04,46.07
4.63,133.02,46.51
4.62,132.99,46.95
4.61,132.96,47.39
4.61,132.93,47.82
4.6,132.9,48.26
4.59,132.88,48.7
4.58,132.85,49.13
4.57,132.82,49.56
4.56,132.78,50.0
4.55,132.75,50.43
4.53,132.72,50.86
4.52,132.68,51.29
4.51,132.65,51.72
4.5,132.62,52.15
4.49,132.58,52.58
4.48,132.54,53.01
4.47,132.49,53.44
4.46,132.45,53.87
4.45,132.41,54.3
4.44,132.37,54.73
4.43,132.33,55.16
4.42,132.28,55.59
4.42,132.23,56.01
4.41,132.18,56.44
4.4,132.13,56.87
4.39,132.08,57.29
4.38,132.03,57.72
4.38,131.98,58.15
4.37,131.92,58.58
4.37,131.86,59.01
4.36,131.8,59.43
4.36,131.75,59.86
4.35,131.69,60.29
4.35,131.63,60.72
4.35,131.56,61.15
4.35,131.49,61.58
4.35,131.42,62.01
4.35,131.36,62.45
4.36,131.3,62.89
4.36,131.23,63.32
4.36,131.13,63.74
4.37,131.04,64.18
4.38,130.95,64.62
4.4,130.88,65.06
4.41,130.8,65.51
4.43,130.72,65.96
4.44,130.59,66.38
4.45,130.46,66.81
4.48,130.35,67.26
4.51,130.24,67.71
4.54,130.13,68.16
4.56,130.02,68.61
4.59,129.88,69.04
4.61,129.72,69.47
4.65,129.56,69.9
4.69,129.41,70.35
4.73,129.27,70.8
4.77,129.12,71.24
4.81,128.97,71.69
4.85,128.79,72.11
4.9,128.6,72.53
4.95,128.41,72.96
4.99,128.21,73.38
5.04,128.01,73.8
5.09,127.81,74.23
5.14,127.61,74.66
5.19,127.41,75.09
5.24,127.19,75.48
5.3,126.95,75.87
5.36,126.71,76.25
5.41,126.45,76.63
5.45,126.15,76.97
5.46,125.8,77.26
5.46,125.41,77.51
5.44,125.01,77.75
5.43,124.61,77.99
5.43,124.21,78.22
5.44,123.81,78.43
5.44,123.4,78.62
5.44,122.98,78.81
5.44,122.56,79.0
5.44,122.14,79.18
5.45,121.73,79.36
5.46,121.32,79.54
5.47,120.9,79.7
5.48,120.47,79.86
5.49,120.05,80.02
5.5,119.62,80.17
5.51,119.2,80.32
5.52,118.77,80.46
5.54,118.35,80.6
5.55,117.92,80.74
5.57,117.49,80.87
5.58,117.06,81.0
5.59,116.64,81.12
5.61,116.21,81.25
5.63,115.78,81.37
5.65,115.35,81.48
5.66,114.92,81.6
5.68,114.49,81.71
5.7,114.06,81.82
5.72,113.63,81.93
5.74,113.2,82.04
5.76,112.77,82.14
5.78,112.34,82.24
5.8,111.9,82.34
5.83,111.47,82.44
5.85,111.04,82.54
5.87,110.6,82.63
5.9,110.17,82.73
5.92,109.73,82.82
5.94,109.29,82.91
5.96,108.85,83.0
5.99,108.41,83.08
6.01,107.96,83.16
6.05,107.52,83.24
6.08,107.07,83.32
6.11,106.63,83.4
6.14,106.18,83.47
6.18,105.73,83.54
6.21,105.29,83.62
6.25,104.84,83.69
6.28,104.39,83.77
6.32,103.93,83.84
6.35,103.48,83.91
6.39,103.03,83.98
6.42,102.57,84.05
6.45,102.12,84.12
6.49,101.66,84.18
6.52,101.2,84.25
6.55,100.74,84.32
6.59,100.28,84.38
6.62,99.82,84.44
6.65,99.36,84.5
6.68,98.89,84.57
6.71,98.42,84.62
6.74,97.95,84.68
6.77,97.49,84.74
6.8,97.02,84.8
6.83,96.55,84.85
6.86,96.07,84.9
6.89,95.6,84.95
6.92,95.12,85.0
6.94,94.65,85.05
6.97,94.17,85.1
6.99,93.7,85.15
7.01,93.22,85.19
7.04,92.73,85.23
7.06,92.25,85.28
7.08,91.77,85.31
7.1,91.29,85.35
7.12,90.8,85.39
7.14,90.32,85.43
7.16,89.83,85.46
7.17,89.35,85.5
7.19,88.86,85.53
7.2,88.37,85.56
7.22,87.88,85.59
7.23,87.39,85.61
7.24,86.9,85.64
7.26,86.41,85.66
7.27,85.92,85.68
7.27,85.43,85.7
7.28,84.94,85.72
7.29,84.44,85.74
7.3,83.95,85.75
7.3,83.46,85.77
7.31,82.96,85.78
7.32,82.47,85.8
7.33,81.98,85.81
7.34,81.48,85.83
7.34,80.99,85.84
7.34,80.49,85.84
7.34,80.0,85.83
5.46,134.94,35.0
5.46,134.94,35.46
5.46,134.94,35.92
5.46,134.94,36.39
5.45,134.93,36.85
5.45,134.93,37.31
5.45,134.93,37.77
5.45,134.93,38.23
5.45,134.93,38.69
5.44,134.92,39.15
5.44,134.91,39.61
5.43,134.91,40.07
5.43,134.89,40.53
5.42,134.88,40.99
5.42,134.87,41.45
5.41,134.86,41.91
5.41,134.85,42.37
5.4,134.83,42.83
5.39,134.82,43.28
5.39,134.79,43.74
5.38,134.77,44.19
5.37,134.74,44.65
5.36,134.72,45.11
5.35,134.69,45.56
5.34,134.67,46.02
5.33,134.64,46.47
5.33,134.62,46.92
5.32,134.59,47.37
5.31,134.56,47.83
5.3,134.53,48.28
5.28,134.5,48.73
5.27,134.47,49.18
5.26,134.44,49.63
5.25,134.41,50.08
5.24,134.38,50.53
5.23,134.34,50.97
5.22,134.31,51.42
5.2,134.27,51.87
5.19,134.24,52.31
5.18,134.2,52.76
5.17,134.16,53.2
5.16,134.12,53.64
5.14,134.07,54.09
5.13,134.03,54.53
5.12,133.98,54.97
5.11,133.95,55.41
5.1,133.91,55.86
5.09,133.85,56.3
5.08,133.8,56.74
5.07,133.75,57.18
5.06,133.69,57.62
5.05,133.64,58.06
5.04,133.59,58.5
5.04,133.54,58.94
5.03,133.48,59.39
5.02,133.42,59.83
5.01,133.36,60.26
5.01,133.3,60.71
5.0,133.25,61.15
5.0,133.18,61.59
5.0,133.11,62.04
4.99,133.04,62.48
4.99,132.97,62.92
4.99,132.91,63.37
5.0,132.84,63.82
5.0,132.77,64.27
5.0,132.67,64.7
5.0,132.59,65.15
5.01,132.5,65.6
5.03,132.42,66.06
5.04,132.34,66.52
5.06,132.25,66.98
5.06,132.13,67.42
5.07,131.99,67.86
5.09,131.88,68.32
5.12,131.77,68.78
5.15,131.66,69.25
5.18,131.54,69.71
5.2,131.4,70.16
5.22,131.23,70.6
5.26,131.07,71.04
5.3,130.92,71.5
5.34,130.77,71.96
5.39,130.62,72.43
5.43,130.46,72.89
5.46,130.27,73.32
5.51,130.08,73.76
5.56,129.88,74.19
5.61,129.68,74.63
5.65,129.47,75.06
5.7,129.27,75.5
5.75,129.06,75.94
5.8,128.85,76.38
5.86,128.62,76.8
5.92,128.38,77.2
5.98,128.12,77.59
6.03,127.84,77.96
6.08,127.53,78.31
6.09,127.17,78.61
6.09,126.77,78.87
6.07,126.35,79.12
6.05,125.94,79.37
6.05,125.53,79.6
6.06,125.12,79.81
6.07,124.69,80.01
6.07,124.26,80.21
6.07,123.83,80.4
6.07,123.39,80.59
6.08,122.97,80.77
6.1,122.54,80.95
6.11,122.11,81.11
6.12,121.67,81.28
6.13,121.23,81.44
6.14,120.78,81.59
6.16,120.35,81.74
6.18,119.92,81.88
6.2,119.48,82.03
6.22,119.03,82.16
6.24,118.59,82.3
6.25,118.14,82.43
6.28,117.7,82.55
6.3,117.26,82.67
6.33,116.82,82.8
6.35,116.38,82.91
6.38,115.93,83.03
6.4,115.48,83.14
6.43,115.04,83.25
6.46,114.6,83.35
6.49,114.15,83.46
6.52,113.71,83.56
6.55,113.26,83.66
6.58,112.81,83.76
6.61,112.36,83.85
6.64,111.92,83.95
6.68,111.47,84.04
6.71,111.02,84.13
6.74,110.56,84.22
6.77,110.11,84.31
6.81,109.66,84.39
6.84,109.2,84.48
6.88,108.75,84.56
6.91,108.29,84.65
6.95,107.84,84.73
6.98,107.38,84.81
7.01,106.92,84.88
7.05,106.46,84.96
7.09,106.0,85.03
7.12,105.54,85.11
7.16,105.07,85.18
7.19,104.61,85.26
7.23,104.14,85.33
7.26,103.68,85.4
7.3,103.21,85.47
7.33,102.74,85.53
7.37,102.27,85.6
7.4,101.8,85.67
7.43,101.32,85.74
7.47,100.85,85.8
7.5,100.37,85.87
7.53,99.9,85.93
7.56,99.42,85.99
7.59,98.94,86.05
7.63,98.46,86.11
7.66,97.98,86.17
7.69,97.49,86.22
7.72,97.01,86.28
7.75,96.52,86.33
7.77,96.04,86.38
7.8,95.55,86.43
7.83,95.06,86.48
7.85,94.57,86.53
7.88,94.08,86.58
7.9,93.58,86.62
7.92,93.09,86.66
7.95,92.59,86.71
7.97,92.1,86.75
7.99,91.6,86.79
8.01,91.11,86.82
8.03,90.61,86.86
8.05,90.11,86.9
8.06,89.61,86.93
8.08,89.1,86.96
8.09,88.6,86.99
8.11,88.1,87.02
8.12,87.6,87.05
8.14,87.09,87.07
8.15,86.59,87.1
8.16,86.08,87.12
8.17,85.58,87.14
8.18,85.07,87.16
8.19,84.57,87.17
8.19,84.06,87.19
8.2,83.55,87.2
8.21,83.05,87.22
8.21,82.54,87.23
8.22,82.03,87.25
8.23,81.53,87.26
8.24,81.02,87.27
8.24,80.51,87.27
8.23,80.0,87.26
6.21,136.51,35.0
6.21,136.51,35.48
6.21,136.51,35.95
6.21,136.51,36.43
6.21,136.51,36.91
6.21,136.51,37.39
6.2,136.5,37.86
6.2,136.5,38.34
6.2,136.5,38.81
6.19,136.49,39.29
6.18,136.49,39.77
6.18,136.48,40.24
6.17,136.47,40.72
6.16,136.45,41.19
6.15,136.44,41.67
6.14,136.43,42.14
6.14,136.42,42.62
6.13,136.41,43.09
6.12,136.39,43.56
6.11,136.37,44.03
6.09,136.35,44.51
6.08,136.32,44.98
6.07,136.3,45.45
6.06,136.27,45.92
6.04,136.25,46.39
6.03,136.23,46.86
6.02,136.2,47.33
6.0,136.18,47.8
6.0,136.16,48.27
5.99,136.13,48.73
5.97,136.1,49.2
5.96,136.07,49.67
5.95,136.04,50.13
5.94,136.0,50.59
5.92,135.97,51.05
5.91,135.93,51.52
5.9,135.89,51.98
5.88,135.86,52.44
5.87,135.82,52.9
5.86,135.79,53.36
5.85,135.74,53.82
5.83,135.7,54.27
5.82,135.65,54.73
5.8,135.61,55.19
5.79,135.56,55.64
5.78,135.52,56.1
5.77,135.48,56.56
5.76,135.43,57.01
5.75,135.37,57.47
5.73,135.32,57.92
5.72,135.26,58.37
5.71,135.21,58.83
5.7,135.16,59.28
5.69,135.1,59.74
5.68,135.04,60.19
5.67,134.98,60.65
5.66,134.92,61.1
5.66,134.86,61.55
5.65,134.8,62.01
5.65,134.73,62.47
5.64,134.67,62.92
5.64,134.6,63.38
5.63,134.53,63.83
5.63,134.46,64.29
5.64,134.39,64.76
5.64,134.32,65.22
5.63,134.21,65.67
5.63,134.13,66.13
5.64,134.04,66.58
5.65,133.96,67.06
5.67,133.87,67.53
5.68,133.78,68.01
5.69,133.66,68.46
5.69,133.52,68.9
5.71,133.41,69.38
5.74,133.3,69.86
5.77,133.18,70.33
5.8,133.06,70.81
5.82,132.91,71.27
5.83,132.75,71.72
5.87,132.58,72.18
5.91,132.43,72.65
5.96,132.27,73.13
6.0,132.11,73.61
6.05,131.93,74.06
6.09,131.73,74.51
6.15,131.53,74.95
6.23,131.32,75.4
6.3,131.1,75.84
6.36,130.88,76.28
6.43,130.67,76.73
6.5,130.45,77.18
6.57,130.23,77.62
6.65,129.98,78.04
6.73,129.73,78.45
6.81,129.46,78.85
6.89,129.18,79.24
6.94,128.86,79.6
6.95,128.49,79.91
6.95,128.08,80.18
6.93,127.65,80.43
6.91,127.22,80.68
6.91,126.8,80.92
6.92,126.38,81.14
6.93,125.94,81.34
6.93,125.49,81.54
6.93,125.05,81.74
6.92,124.6,81.93
6.94,124.16,82.12
6.96,123.72,82.3
6.97,123.28,82.47
6.98,122.82,82.64
6.99,122.37,82.8
7.0,121.91,82.96
7.01,121.47,83.11
7.04,121.02,83.26
7.06,120.57,83.4
7.08,120.11,83.54
7.09,119.66,83.68
7.11,119.2,83.81
7.13,118.75,83.94
7.16,118.29,84.06
7.19,117.84,84.18
7.21,117.38,84.3
7.23,116.92,84.42
7.26,116.46,84.53
7.29,116.01,84.64
7.32,115.55,84.75
7.35,115.09,84.86
7.38,114.63,84.96
7.41,114.17,85.06
7.44,113.71,85.16
7.47,113.25,85.26
7.51,112.79,85.35
7.54,112.33,85.45
7.58,111.87,85.54
7.61,111.4,85.63
7.64,110.93,85.72
7.67,110.47,85.8
7.71,110.01,85.89
7.75,109.54,85.97
7.78,109.07,86.06
7.82,108.6,86.14
7.85,108.13,86.22
7.89,107.66,86.29
7.92,107.18,86.37
7.96,106.71,86.45
8.0,106.23,86.52
8.03,105.76,86.6
8.07,105.28,86.67
8.1,104.8,86.74
8.14,104.32,86.81
8.17,103.84,86.88
8.21,103.36,86.95
8.24,102.88,87.02
8.28,102.39,87.09
8.31,101.91,87.16
8.35,101.42,87.22
8.38,100.93,87.29
8.41,100.44,87.35
8.45,99.95,87.41
8.48,99.45,87.47
8.51,98.96,87.53
8.54,98.47,87.59
8.57,97.97,87.65
8.6,97.47,87.7
8.63,96.97,87.76
8.66,96.47,87.81
8.69,95.97,87.86
8.71,95.47,87.91
8.74,94.96,87.96
8.76,94.46,88.01
8.79,93.95,88.05
8.81,93.44,88.09
8.84,92.94,88.14
8.86,92.43,88.18
8.88,91.92,88.22
8.9,91.41,88.26
8.92,90.89,88.29
8.94,90.38,88.33
8.95,89.87,88.36
8.97,89.35,88.4
8.99,88.84,88.43
9.0,88.32,88.46
9.02,87.8,88.48
9.03,87.29,88.51
9.04,86.77,88.53
9.05,86.25,88.55
9.06,85.73,88.57
9.07,85.21,88.59
9.08,84.69,88.61
9.09,84.17,88.62
9.09,83.65,88.64
9.1,83.13,88.65
9.11,82.61,88.67
9.12,82.09,88.68
9.13,81.57,88.7
9.13,81.04,88.71
9.13,80.52,88.71
9.13,80.0,88.7
7.15,138.0,35.0
7.15,138.0,35.49
7.15,138.0,35.98
7.15,138.0,36.48
7.15,137.99,36.97
7.15,137.99,37.46
7.14,137.99,37.95
7.14,137.99,38.44
7.14,137.99,38.93
7.13,137.98,39.42
7.12,137.97,39.91
7.12,137.97,40.4
7.11,137.95,40.89
7.1,137.94,41.38
7.09,137.93,41.87
7.08,137.92,42.36
7.07,137.9,42.85
7.07,137.89,43.34
7.06,137.87,43.82
7.04,137.85,44.31
7.03,137.83,44.79
7.02,137.8,45.28
7.0,137.78,45.76
6.99,137.75,46.25
6.98,137.73,46.73
6.96,137.7,47.22
6.95,137.68,47.7
6.93,137.65,48.18
6.92,137.62,48.66
6.9,137.59,49.15
6.89,137.56,49.63
6.87,137.53,50.11
6.85,137.5,50.58
6.83,137.47,51.06
6.82,137.44,51.54
6.8,137.4,52.01
6.78,137.37,52.49
6.76,137.33,52.97
6.74,137.3,53.44
6.72,137.26,53.91
6.7,137.22,54.39
6.68,137.18,54.86
6.66,137.13,55.33
6.64,137.09,55.8
6.62,137.04,56.27
6.61,137.01,56.74
6.59,136.96,57.22
6.57,136.91,57.69
6.56,136.86,58.15
6.54,136.8,58.62
6.52,136.75,59.09
6.5,136.7,59.56
6.49,136.65,60.03
6.48,136.59,60.5
6.46,136.53,60.96
6.44,136.47,61.43
6.43,136.41,61.9
6.42,136.35,62.36
6.41,136.29,62.84
6.4,136.22,63.3
6.39,136.16,63.77
6.38,136.09,64.24
6.37,136.02,64.71
6.37,135.95,65.18
6.38,135.88,65.66
6.38,135.8,66.14
6.37,135.7,66.59
6.36,135.62,67.06
6.36,135.53,67.53
6.39,135.44,68.02
6.41,135.35,68.51
6.43,135.25,68.99
6.43,135.13,69.46
6.42,134.99,69.91
6.45,134.88,70.39
6.5,134.76,70.88
6.54,134.63,71.37
6.58,134.5,71.86
6.6,134.35,72.33
6.62,134.18,72.79
6.67,134.01,73.26
6.73,133.84,73.74
6.79,133.68,74.23
6.85,133.51,74.71
6.91,133.34,75.19
6.95,133.13,75.65
7.01,132.93,76.11
7.08,132.71,76.57
7.15,132.49,77.02
7.22,132.27,77.47
7.29,132.05,77.94
7.36,131.82,78.4
7.43,131.59,78.86
7.51,131.34,79.29
7.59,131.08,79.7
7.68,130.81,80.12
7.75,130.52,80.52
7.8,130.19,80.89
7.82,129.81,81.21
7.81,129.38,81.48
7.79,128.94,81.74
7.77,128.51,82.0
7.77,128.07,82.24
7.78,127.64,82.46
7.78,127.18,82.67
7.79,126.73,82.88
7.78,126.27,83.08
7.78,125.81,83.28
7.79,125.36,83.47
7.81,124.91,83.65
7.82,124.44,83.83
7.83,123.98,84.0
7.84,123.51,84.17
7.85,123.05,84.33
7.87,122.58,84.48
7.89,122.12,84.63
7.91,121.66,84.78
7.93,121.19,84.92
7.95,120.72,85.06
7.96,120.25,85.2
7.99,119.79,85.32
8.02,119.32,85.45
8.04,118.85,85.57
8.07,118.38,85.69
8.09,117.91,85.81
8.12,117.44,85.93
8.15,116.97,86.04
8.18,116.5,86.15
8.21,116.03,86.25
8.24,115.56,86.36
8.27,115.09,86.46
8.3,114.61,86.56
8.34,114.14,86.66
8.37,113.67,86.75
8.41,113.2,86.85
8.44,112.72,86.94
8.47,112.24,87.04
8.51,111.76,87.12
8.54,111.29,87.21
8.58,110.81,87.29
8.62,110.33,87.38
8.65,109.85,87.46
8.69,109.36,87.55
8.72,108.88,87.63
8.76,108.39,87.71
8.79,107.91,87.78
8.83,107.42,87.86
8.87,106.93,87.94
8.91,106.44,88.01
8.94,105.95,88.09
8.98,105.46,88.16
9.01,104.97,88.23
9.05,104.48,88.3
9.09,103.98,88.37
9.12,103.48,88.44
9.16,102.98,88.51
9.19,102.49,88.58
9.23,101.99,88.65
9.26,101.48,88.71
9.29,100.98,88.77
9.33,100.48,88.84
9.36,99.97,88.9
9.39,99.46,88.96
9.42,98.96,89.02
9.45,98.45,89.07
9.48,97.93,89.13
9.51,97.42,89.18
9.54,96.91,89.24
9.57,96.39,89.29
9.6,95.88,89.34
9.63,95.36,89.39
9.65,94.84,89.43
9.68,94.32,89.48
9.7,93.8,89.53
9.72,93.28,89.57
9.74,92.76,89.61
9.77,92.23,89.65
9.79,91.71,89.69
9.81,91.18,89.73
9.83,90.65,89.76
9.84,90.13,89.8
9.86,89.6,89.83
9.88,89.07,89.86
9.89,88.54,89.89
9.91,88.01,89.92
9.92,87.48,89.94
9.93,86.95,89.97
9.94,86.41,89.99
9.95,85.88,90.01
9.96,85.35,90.03
9.97,84.82,90.04
9.98,84.28,90.06
9.99,83.75,90.07
10.0,83.21,90.09
10.0,82.68,90.11
10.01,82.14,90.12
10.02,81.61,90.13
10.03,81.07,90.14
10.03,80.54,90.14
10.02,80.0,90.13
8.09,139.49,35.0
8.09,139.49,35.51
8.09,139.49,36.01
8.09,139.49,36.52
8.09,139.48,37.02
8.09,139.48,37.53
8.08,139.48,38.04
8.08,139.48,38.54
8.08,139.47,39.05
8.07,139.47,39.55
8.06,139.46,40.06
8.06,139.45,40.56
8.04,139.44,41.07
8.03,139.42,41.57
8.03,139.41,42.07
8.02,139.4,42.57
8.01,139.39,43.08
8.0,139.37,43.58
7.99,139.36,44.08
7.98,139.33,44.58
7.97,139.31,45.08
7.95,139.28,45.58
7.94,139.26,46.08
7.92,139.23,46.58
7.91,139.21,47.08
7.9,139.18,47.58
7.88,139.15,48.07
7.87,139.13,48.57
7.85,139.1,49.07
7.83,139.07,49.56
7.82,139.04,50.05
7.8,139.01,50.55
7.78,138.98,51.04
7.76,138.94,51.53
7.74,138.91,52.02
7.72,138.87,52.51
7.7,138.84,53.0
7.68,138.8,53.49
7.66,138.77,53.98
7.65,138.73,54.47
7.63,138.69,54.95
7.6,138.64,55.44
7.58,138.6,55.93
7.56,138.55,56.41
7.54,138.51,56.89
7.52,138.47,57.38
7.51,138.42,57.86
7.49,138.37,58.35
7.47,138.32,58.83
7.45,138.26,59.31
7.43,138.21,59.79
7.41,138.16,60.27
7.4,138.1,60.75
7.38,138.05,61.24
7.37,137.99,61.72
7.35,137.93,62.2
7.33,137.87,62.67
7.32,137.8,63.15
7.31,137.74,63.64
7.3,137.67,64.12
7.29,137.61,64.6
7.28,137.54,65.08
7.26,137.47,65.56
7.27,137.4,66.05
7.27,137.32,66.54
7.27,137.25,67.03
7.26,137.14,67.5
7.25,137.06,67.98
7.25,136.97,68.46
7.27,136.88,68.96
7.29,136.79,69.46
7.31,136.69,69.96
7.31,136.57,70.43
7.3,136.43,70.91
7.33,136.31,71.4
7.37,136.19,71.9
7.41,136.06,72.4
7.45,135.93,72.9
7.47,135.78,73.39
7.48,135.6,73.86
7.53,135.43,74.34
7.59,135.26,74.84
7.65,135.09,75.33
7.71,134.92,75.83
7.77,134.74,76.32
7.81,134.54,76.8
7.87,134.33,77.27
7.94,134.11,77.74
8.01,133.89,78.21
8.08,133.65,78.67
8.15,133.43,79.14
8.22,133.2,79.62
8.29,132.96,80.09
8.36,132.71,80.53
8.45,132.43,80.96
8.54,132.15,81.38
8.61,131.85,81.8
8.66,131.52,82.18
8.68,131.13,82.5
8.67,130.69,82.78
8.65,130.24,83.05
8.64,129.79,83.31
8.63,129.35,83.56
8.64,128.89,83.79
8.64,128.43,84.0
8.64,127.96,84.21
8.64,127.49,84.42
8.64,127.01,84.62
8.65,126.55,84.82
8.67,126.09,85.01
8.68,125.61,85.19
8.69,125.14,85.36
8.7,124.66,85.53
8.71,124.18,85.7
8.72,123.7,85.85
8.75,123.23,86.01
8.77,122.75,86.16
8.79,122.27,86.3
8.8,121.79,86.44
8.82,121.3,86.58
8.84,120.83,86.71
8.87,120.35,86.84
8.9,119.87,86.96
8.92,119.39,87.08
8.95,118.9,87.2
8.97,118.42,87.32
9.01,117.94,87.43
9.04,117.46,87.54
9.07,116.97,87.65
9.1,116.49,87.76
9.13,116.0,87.86
9.16,115.51,87.96
9.2,115.03,88.06
9.23,114.55,88.16
9.27,114.06,88.25
9.31,113.57,88.35
9.34,113.08,88.44
9.37,112.59,88.53
9.41,112.1,88.62
9.45,111.61,88.7
9.48,111.11,88.79
9.52,110.62,88.87
9.56,110.13,88.96
9.59,109.63,89.04
9.63,109.13,89.12
9.67,108.63,89.19
9.7,108.13,89.27
9.74,107.63,89.35
9.78,107.13,89.43
9.82,106.63,89.5
9.85,106.12,89.58
9.89,105.62,89.65
9.93,105.11,89.72
9.96,104.6,89.79
10.0,104.09,89.86
10.04,103.58,89.93
10.07,103.07,90.0
10.11,102.55,90.07
10.14,102.04,90.13
10.18,101.52,90.2
10.21,101.0,90.26
10.24,100.48,90.32
10.27,99.96,90.38
10.31,99.44,90.44
10.34,98.92,90.5
10.37,98.4,90.56
10.4,97.87,90.61
10.43,97.34,90.66
10.46,96.81,90.72
10.48,96.29,90.77
10.51,95.75,90.82
10.54,95.22,90.86
10.56,94.69,90.91
10.59,94.15,90.96
10.61,93.62,91.0
10.63,93.08,91.04
10.66,92.55,91.08
10.68,92.01,91.12
10.7,91.47,91.16
10.72,90.93,91.2
10.73,90.39,91.23
10.75,89.84,91.26
10.77,89.3,91.29
10.78,88.76,91.32
10.8,88.22,91.35
10.81,87.67,91.38
10.83,87.12,91.4
10.84,86.58,91.42
10.85,86.03,91.44
10.86,85.49,91.46
10.87,84.94,91.48
10.87,84.39,91.49
10.88,83.84,91.51
10.89,83.29,91.52
10.9,82.75,91.54
10.91,82.2,91.56
10.92,81.65,91.57
10.92,81.1,91.58
10.92,80.55,91.58
10.91,80.0,91.57
9.03,140.98,35.0
9.03,140.98,35.52
9.03,140.98,36.04
9.03,140.97,36.56
9.03,140.97,37.08
9.03,140.97,37.6
9.03,140.97,38.12
9.02,140.97,38.64
9.02,140.96,39.16
9.01,140.95,39.68
9.0,140.95,40.2
9.0,140.94,40.72
8.98,140.92,41.24
8.97,140.91,41.75
8.97,140.9,42.27
8.96,140.89,42.79
8.95,140.87,43.31
8.94,140.86,43.83
8.93,140.84,44.34
8.92,140.82,44.85
8.9,140.79,45.37
8.89,140.77,45.88
8.87,140.74,46.4
8.86,140.71,46.91
8.84,140.69,47.42
8.83,140.66,47.94
8.81,140.63,48.44
8.8,140.6,48.96
8.78,140.57,49.47
8.76,140.54,49.98
8.75,140.51,50.48
8.73,140.48,50.99
8.71,140.45,51.5
8.69,140.41,52.0
8.67,140.38,52.51
8.65,140.34,53.01
8.63,140.31,53.52
8.61,140.27,54.02
8.59,140.23,54.52
8.57,140.2,55.02
8.55,140.15,55.52
8.52,140.11,56.02
8.5,140.06,56.52
8.48,140.02,57.02
8.46,139.97,57.51
8.44,139.93,58.01
8.42,139.88,58.51
8.4,139.83,59.01
8.38,139.78,59.5
8.36,139.72,60.0
8.34,139.67,60.49
8.32,139.61,60.98
8.31,139.56,61.48
8.29,139.5,61.98
8.27,139.44,62.47
8.25,139.38,62.96
8.23,139.32,63.45
8.22,139.26,63.95
8.21,139.19,64.44
8.2,139.12,64.94
8.19,139.05,65.43
8.17,138.98,65.92
8.16,138.91,66.42
8.16,138.84,66.92
8.16,138.77,67.42
8.16,138.69,67.92
8.14,138.59,68.4
8.14,138.5,68.9
8.14,138.41,69.39
8.15,138.32,69.9
8.17,138.23,70.41
8.19,138.13,70.92
8.18,138.0,71.41
8.18,137.87,71.9
8.2,137.75,72.4
8.24,137.62,72.92
8.28,137.5,73.43
8.32,137.36,73.94
8.34,137.2,74.44
8.35,137.03,74.93
8.4,136.85,75.42
8.46,136.68,75.93
8.52,136.51,76.44
8.57,136.33,76.95
8.63,136.15,77.45
8.67,135.94,77.94
8.73,135.73,78.42
8.8,135.5,78.91
8.87,135.28,79.39
8.93,135.04,79.86
9.01,134.81,80.35
9.08,134.57,80.84
9.15,134.33,81.32
9.22,134.07,81.77
9.31,133.79,82.22
9.4,133.5,82.65
9.47,133.19,83.08
9.53,132.85,83.47
9.54,132.45,83.8
9.53,132.0,84.09
9.51,131.54,84.36
9.5,131.08,84.63
9.49,130.62,84.88
9.5,130.15,85.12
9.5,129.68,85.34
9.5,129.19,85.55
9.5,128.71,85.76
9.49,128.22,85.97
9.51,127.75,86.17
9.52,127.27,86.36
9.53,126.78,86.54
9.54,126.29,86.73
9.55,125.8,86.9
9.56,125.31,87.06
9.58,124.82,87.22
9.6,124.33,87.38
9.62,123.84,87.53
9.64,123.35,87.68
9.66,122.85,87.82
9.67,122.36,87.96
9.7,121.87,88.09
9.73,121.38,88.22
9.76,120.88,88.35
9.78,120.39,88.47
9.81,119.89,88.6
9.83,119.39,88.71
9.87,118.9,88.83
9.9,118.41,88.94
9.93,117.91,89.05
9.96,117.42,89.16
9.99,116.92,89.26
10.03,116.42,89.36
10.06,115.92,89.46
10.1,115.42,89.56
10.14,114.92,89.66
10.17,114.42,89.75
10.21,113.92,89.85
10.24,113.41,89.94
10.28,112.91,90.02
10.31,112.41,90.11
10.35,111.9,90.2
10.39,111.4,90.28
10.43,110.89,90.37
10.46,110.38,90.45
10.5,109.87,90.53
10.54,109.36,90.61
10.58,108.84,90.69
10.62,108.33,90.77
10.65,107.81,90.84
10.69,107.3,90.92
10.73,106.78,90.99
10.77,106.26,91.07
10.8,105.74,91.14
10.84,105.22,91.21
10.88,104.7,91.28
10.91,104.17,91.35
10.95,103.65,91.42
10.99,103.12,91.49
11.02,102.6,91.55
11.06,102.06,91.62
11.09,101.53,91.68
11.12,101.0,91.75
11.16,100.47,91.81
11.19,99.93,91.87
11.22,99.4,91.93
11.25,98.86,91.98
11.28,98.32,92.04
11.31,97.78,92.09
11.34,97.24,92.14
11.37,96.69,92.19
11.4,96.15,92.25
11.42,95.6,92.29
11.45,95.06,92.34
11.48,94.51,92.39
11.5,93.96,92.43
11.52,93.41,92.47
11.54,92.86,92.51
11.57,92.31,92.55
11.59,91.76,92.59
11.61,91.2,92.63
11.62,90.65,92.66
11.64,90.09,92.7
11.66,89.54,92.73
11.68,88.98,92.76
11.69,88.42,92.79
11.71,87.86,92.81
11.72,87.3,92.84
11.73,86.74,92.86
11.74,86.18,92.88
11.75,85.62,92.9
11.76,85.06,92.91
11.77,84.5,92.93
11.78,83.94,92.94
11.78,83.38,92.96
11.79,82.82,92.98
11.8,82.25,92.99
11.81,81.69,93.0
11.82,81.13,93.01
11.82,80.56,93.01
11.81,80.0,93.0
9.98,142.47,35.0
9.97,142.47,35.54
9.97,142.47,36.07
9.97,142.46,36.61
9.97,142.46,37.14
9.97,142.46,37.68
9.97,142.46,38.21
9.96,142.45,38.74
9.96,142.45,39.28
9.95,142.44,39.81
9.94,142.43,40.35
9.93,142.43,40.88
9.92,142.41,41.41
9.91,142.4,41.94
9.91,142.38,42.47
9.9,142.37,43.01
9.89,142.36,43.54
9.88,142.34,44.07
9.87,142.32,44.6
9.85,142.3,45.13
9.84,142.27,45.66
9.82,142.25,46.19
9.81,142.22,46.71
9.79,142.19,47.24
9.78,142.17,47.77
9.76,142.14,48.29
9.75,142.11,48.82
9.73,142.08,49.34
9.71,142.05,49.87
9.69,142.02,50.39
9.68,141.99,50.91
9.66,141.95,51.44
9.64,141.92,51.95
9.62,141.89,52.47
9.6,141.85,52.99
9.58,141.81,53.51
9.55,141.78,54.03
9.53,141.74,54.54
9.51,141.7,55.06
9.49,141.66,55.57
9.47,141.62,56.09
9.45,141.57,56.6
9.42,141.53,57.11
9.4,141.48,57.62
9.37,141.43,58.13
9.36,141.39,58.65
9.34,141.34,59.16
9.32,141.29,59.67
9.29,141.24,60.18
9.27,141.18,60.68
9.25,141.12,61.19
9.23,141.07,61.7
9.22,141.02,62.21
9.2,140.96,62.72
9.18,140.9,63.22
9.16,140.83,63.73
9.14,140.77,64.23
9.12,140.71,64.74
9.11,140.64,65.25
9.1,140.57,65.75
9.08,140.5,66.26
9.07,140.43,66.77
9.05,140.36,67.27
9.05,140.29,67.78
9.05,140.21,68.3
9.05,140.14,68.81
9.03,140.03,69.31
9.03,139.94,69.82
9.02,139.85,70.32
9.04,139.76,70.84
9.05,139.67,71.37
9.07,139.57,71.89
9.06,139.44,72.39
9.06,139.3,72.89
9.08,139.18,73.41
9.12,139.06,73.93
9.15,138.93,74.46
9.19,138.79,74.98
9.21,138.63,75.49
9.22,138.45,75.99
9.27,138.28,76.5
9.32,138.1,77.02
9.38,137.92,77.54
9.43,137.75,78.06
9.49,137.56,78.58
9.53,137.35,79.08
9.59,137.13,79.58
9.66,136.9,80.07
9.72,136.67,80.57
9.79,136.42,81.06
9.87,136.19,81.56
9.94,135.94,82.06
10.01,135.69,82.55
10.08,135.43,83.02
10.17,135.14,83.47
10.26,134.84,83.92
10.33,134.53,84.36
10.39,134.18,84.76
10.4,133.77,85.1
10.39,133.31,85.39
10.37,132.83,85.67
10.36,132.36,85.94
10.35,131.89,86.2
10.36,131.41,86.44
10.36,130.92,86.67
10.36,130.43,86.89
10.35,129.93,87.1
10.35,129.43,87.32
10.36,128.94,87.52
10.38,128.45,87.72
10.39,127.95,87.9
10.4,127.45,88.09
10.41,126.94,88.26
10.42,126.44,88.43
10.43,125.94,88.59
10.45,125.44,88.76
10.48,124.93,88.91
10.49,124.43,89.06
10.51,123.92,89.2
10.53,123.41,89.35
10.56,122.91,89.48
10.59,122.41,89.61
10.61,121.9,89.74
10.64,121.39,89.87
10.67,120.88,89.99
10.69,120.37,90.11
10.72,119.87,90.22
10.76,119.36,90.33
10.79,118.85,90.45
10.82,118.34,90.55
10.86,117.83,90.66
10.89,117.32,90.76
10.92,116.81,90.86
10.96,116.3,90.96
11.0,115.79,91.06
11.04,115.28,91.16
11.07,114.76,91.25
11.11,114.24,91.34
11.14,113.73,91.43
11.18,113.21,91.52
11.22,112.69,91.61
11.26,112.17,91.69
11.3,111.65,91.78
11.34,111.13,91.86
11.37,110.6,91.94
11.41,110.08,92.02
11.45,109.56,92.1
11.49,109.03,92.18
11.53,108.5,92.26
11.57,107.97,92.34
11.6,107.44,92.41
11.64,106.91,92.48
11.68,106.38,92.56
11.72,105.84,92.63
11.76,105.31,92.7
11.79,104.77,92.77
11.83,104.23,92.84
11.87,103.69,92.91
11.9,103.15,92.98
11.94,102.61,93.04
11.97,102.06,93.11
12.01,101.51,93.17
12.04,100.97,93.23
12.07,100.42,93.29
12.1,99.87,93.35
12.14,99.32,93.41
12.17,98.77,93.47
12.2,98.21,93.52
12.23,97.66,93.57
12.26,97.1,93.62
12.28,96.54,93.68
12.31,95.99,93.72
12.34,95.43,93.77
12.36,94.86,93.82
12.39,94.3,93.86
12.41,93.74,93.9
12.43,93.18,93.95
12.46,92.61,93.99
12.48,92.04,94.02
12.5,91.47,94.06
12.52,90.91,94.1
12.53,90.34,94.13
12.55,89.77,94.16
12.57,89.2,94.19
12.58,88.63,94.22
12.6,88.05,94.25
12.61,87.48,94.27
12.62,86.91,94.29
12.63,86.33,94.31
12.65,85.76,94.33
12.65,85.19,94.35
12.66,84.61,94.36
12.67,84.03,94.38
12.68,83.46,94.4
12.69,82.88,94.41
12.7,82.31,94.43
12.7,81.73,94.44
12.71,81.15,94.45
12.71,80.58,94.45
12.7,80.0,94.44
10.92,143.96,35.0
10.92,143.96,35.55
10.91,143.95,36.1
10.91,143.95,36.65
10.91,143.95,37.2
10.91,143.95,37.75
10.91,143.95,38.3
10.9,143.94,38.84
10.9,143.94,39.39
10.89,143.93,39.94
10.88,143.92,40.49
10.87,143.91,41.04
10.86,143.9,41.58
10.85,143.88,42.13
10.84,143.87,42.68
10.84,143.86,43.22
10.83,143.84,43.77
10.82,143.83,44.32
10.81,143.81,44.86
10.79,143.78,45.4
10.77,143.76,45.95
10.76,143.73,46.49
10.74,143.7,47.03
10.73,143.68,47.57
10.71,143.65,48.11
10.7,143.62,48.65
10.68,143.59,49.19
10.66,143.56,49.73
10.64,143.53,50.27
10.62,143.49,50.81
10.61,143.46,51.34
10.59,143.43,51.88
10.57,143.4,52.41
10.55,143.36,52.94
10.52,143.32,53.48
10.5,143.29,54.01
10.48,143.25,54.54
10.46,143.21,55.07
10.43,143.17,55.6
10.41,143.13,56.13
10.39,143.09,56.66
10.37,143.04,57.18
10.34,142.99,57.71
10.32,142.94,58.23
10.29,142.9,58.75
10.27,142.85,59.28
10.26,142.81,59.81
10.23,142.75,60.33
10.21,142.7,60.85
10.18,142.64,61.37
10.16,142.58,61.89
10.14,142.53,62.41
10.12,142.47,62.93
10.1,142.41,63.46
10.08,142.35,63.97
10.06,142.29,64.49
10.04,142.22,65.01
10.03,142.16,65.53
10.01,142.1,66.05
10.0,142.03,66.57
9.98,141.95,67.09
9.97,141.88,67.61
9.95,141.81,68.13
9.95,141.73,68.65
9.94,141.66,69.18
9.94,141.58,69.7
9.92,141.48,70.21
9.91,141.39,70.73
9.91,141.3,71.25
9.92,141.2,71.79
9.93,141.11,72.32
9.95,141.01,72.85
9.94,140.88,73.37
9.93,140.74,73.88
9.96,140.62,74.41
9.99,140.49,74.95
10.02,140.36,75.49
10.06,140.22,76.02
10.08,140.06,76.55
10.09,139.88,77.06
10.13,139.7,77.58
10.19,139.52,78.11
10.24,139.34,78.65
10.3,139.16,79.18
10.35,138.97,79.71
10.39,138.75,80.23
10.45,138.52,80.73
10.52,138.29,81.24
10.58,138.06,81.75
10.65,137.81,82.25
10.72,137.57,82.77
10.8,137.32,83.27
10.86,137.06,83.78
10.94,136.79,84.26
11.03,136.5,84.73
11.12,136.19,85.19
11.2,135.87,85.63
11.25,135.51,86.05
11.26,135.09,86.4
11.25,134.62,86.7
11.23,134.13,86.98
11.22,133.65,87.26
11.21,133.16,87.52
11.22,132.67,87.77
11.22,132.17,88.0
11.22,131.66,88.22
11.21,131.15,88.44
11.21,130.64,88.66
11.22,130.14,88.87
11.24,129.63,89.07
11.24,129.12,89.26
11.25,128.6,89.45
11.26,128.09,89.63
11.27,127.57,89.8
11.29,127.05,89.97
11.31,126.54,90.13
11.33,126.03,90.29
11.35,125.51,90.44
11.37,124.99,90.59
11.39,124.46,90.73
11.41,123.95,90.86
11.44,123.43,91.0
11.47,122.92,91.13
11.5,122.39,91.26
11.52,121.87,91.38
11.55,121.35,91.5
11.58,120.83,91.61
11.62,120.31,91.73
11.65,119.79,91.84
11.69,119.27,91.95
11.72,118.75,92.06
11.75,118.22,92.16
11.79,117.7,92.27
11.83,117.18,92.37
11.86,116.65,92.47
11.9,116.13,92.56
11.94,115.6,92.66
11.97,115.07,92.75
12.01,114.54,92.84
12.05,114.01,92.93
12.09,113.48,93.02
12.13,112.95,93.1
12.17,112.41,93.19
12.21,111.88,93.27
12.24,111.34,93.35
12.28,110.81,93.43
12.32,110.27,93.51
12.36,109.73,93.59
12.4,109.19,93.67
12.44,108.65,93.75
12.48,108.1,93.83
12.52,107.56,93.9
12.56,107.01,93.97
12.6,106.46,94.05
12.63,105.91,94.12
12.67,105.36,94.19
12.71,104.81,94.26
12.75,104.26,94.33
12.78,103.71,94.4
12.82,103.15,94.46
12.85,102.59,94.53
12.89,102.03,94.59
12.92,101.47,94.66
12.96,100.91,94.72
12.99,100.35,94.78
13.02,99.78,94.84
13.05,99.22,94.89
13.08,98.65,94.95
13.11,98.08,95.0
13.14,97.51,95.05
13.17,96.94,95.11
13.2,96.37,95.15
13.22,95.79,95.2
13.25,95.22,95.25
13.28,94.64,95.29
13.3,94.07,95.34
13.32,93.49,95.38
13.34,92.91,95.42
13.37,92.33,95.46
13.39,91.75,95.49
13.41,91.17,95.53
13.42,90.58,95.56
13.44,90.0,95.59
13.46,89.42,95.63
13.48,88.83,95.65
13.49,88.25,95.68
13.5,87.66,95.7
13.52,87.07,95.73
13.53,86.49,95.75
13.54,85.9,95.77
13.55,85.31,95.78
13.56,84.72,95.8
13.56,84.13,95.81
13.57,83.54,95.83
13.58,82.95,95.85
13.59,82.36,95.86
13.6,81.77,95.87
13.61,81.18,95.88
13.61,80.59,95.88
13.6,80.0,95.87
11.86,145.45,35.0
11.86,145.44,35.56
11.86,145.44,36.13
11.85,145.44,36.69
11.85,145.44,37.26
11.85,145.43,37.82
11.85,145.43,38.38
11.84,145.43,38.95
11.84,145.42,39.51
11.83,145.42,40.07
11.82,145.41,40.63
11.81,145.4,41.2
11.8,145.38,41.76
11.79,145.37,42.32
11.78,145.35,42.88
11.77,145.34,43.44
11.76,145.33,44.0
11.75,145.31,44.56
11.74,145.29,45.12
11.73,145.26,45.68
11.71,145.24,46.23
11.69,145.21,46.79
11.68,145.18,47.35
11.66,145.16,47.9
11.65,145.13,48.46
11.63,145.1,49.01
11.61,145.07,49.56
11.59,145.04,50.12
11.58,145.0,50.67
11.56,144.97,51.22
11.54,144.94,51.77
11.52,144.9,52.32
11.5,144.87,52.87
11.47,144.83,53.42
11.45,144.8,53.96
11.43,144.76,54.51
11.4,144.72,55.05
11.38,144.68,55.6
11.36,144.64,56.14
11.34,144.6,56.68
11.31,144.55,57.22
11.29,144.5,57.76
11.26,144.46,58.3
11.24,144.41,58.84
11.21,144.36,59.37
11.19,144.32,59.92
11.17,144.27,60.46
11.15,144.21,60.99
11.12,144.15,61.52
11.1,144.1,62.06
11.07,144.04,62.59
11.05,143.98,63.12
11.03,143.93,63.66
11.01,143.87,64.19
10.99,143.8,64.73
10.97,143.74,65.26
10.94,143.68,65.79
10.93,143.61,66.32
10.91,143.55,66.86
10.9,143.48,67.39
10.88,143.4,67.92
10.86,143.33,68.45
10.84,143.25,68.98
10.84,143.18,69.52
10.83,143.11,70.06
10.83,143.03,70.59
10.81,142.92,71.12
10.8,142.83,71.65
10.79,142.74,72.18
10.81,142.64,72.73
10.82,142.55,73.28
10.83,142.45,73.82
10.82,142.32,74.35
10.81,142.17,74.87
10.83,142.05,75.41
10.86,141.92,75.96
10.89,141.79,76.51
10.93,141.65,77.06
10.95,141.48,77.6
10.96,141.3,78.13
11.0,141.12,78.66
11.05,140.94,79.2
11.11,140.75,79.75
11.16,140.57,80.3
11.21,140.38,80.84
11.25,140.15,81.37
11.31,139.92,81.89
11.37,139.69,82.41
11.43,139.45,82.94
11.5,139.19,83.45
11.58,138.95,83.97
11.65,138.69,84.49
11.72,138.43,85.01
11.8,138.15,85.5
11.89,137.85,85.98
11.98,137.54,86.45
12.06,137.21,86.91
12.11,136.84,87.34
12.12,136.41,87.69
12.11,135.93,88.0
12.1,135.43,88.29
12.08,134.93,88.57
12.07,134.43,88.84
12.07,133.93,89.1
12.08,133.41,89.33
12.07,132.89,89.56
12.07,132.37,89.79
12.06,131.85,90.01
12.08,131.33,90.22
12.09,130.81,90.42
12.1,130.29,90.62
12.11,129.76,90.81
12.12,129.23,90.99
12.13,128.7,91.17
12.14,128.17,91.34
12.16,127.64,91.51
12.18,127.12,91.66
12.2,126.59,91.82
12.22,126.05,91.97
12.24,125.52,92.12
12.27,124.99,92.25
12.3,124.46,92.38
12.33,123.93,92.52
12.35,123.4,92.65
12.38,122.86,92.77
12.41,122.33,92.89
12.44,121.8,93.01
12.48,121.27,93.13
12.51,120.73,93.24
12.55,120.2,93.35
12.58,119.66,93.46
12.61,119.12,93.57
12.65,118.59,93.67
12.69,118.05,93.77
12.73,117.52,93.87
12.77,116.98,93.97
12.8,116.44,94.06
12.84,115.89,94.15
12.88,115.35,94.25
12.92,114.81,94.34
12.96,114.27,94.43
13.0,113.72,94.51
13.04,113.18,94.6
13.08,112.63,94.69
13.12,112.08,94.77
13.16,111.53,94.85
13.2,110.98,94.93
13.24,110.43,95.01
13.28,109.87,95.09
13.32,109.32,95.17
13.36,108.76,95.24
13.4,108.2,95.32
13.43,107.64,95.39
13.47,107.08,95.47
13.51,106.52,95.54
13.55,105.96,95.61
13.59,105.39,95.68
13.63,104.83,95.75
13.66,104.26,95.82
13.7,103.69,95.89
13.73,103.12,95.95
13.77,102.55,96.02
13.8,101.97,96.08
13.84,101.4,96.14
13.87,100.82,96.2
13.9,100.24,96.26
13.94,99.66,96.32
13.97,99.09,96.38
14.0,98.5,96.43
14.03,97.92,96.48
14.06,97.33,96.53
14.08,96.75,96.58
14.11,96.16,96.63
14.14,95.57,96.68
14.16,94.98,96.72
14.19,94.4,96.77
14.21,93.8,96.81
14.23,93.21,96.85
14.26,92.62,96.89
14.28,92.02,96.93
14.3,91.43,96.96
14.32,90.83,97.0
14.33,90.23,97.03
14.35,89.64,97.06
14.37,89.04,97.09
14.38,88.44,97.11
14.4,87.84,97.14
14.41,87.24,97.16
14.42,86.64,97.18
14.43,86.04,97.2
14.44,85.43,97.22
14.45,84.83,97.24
14.46,84.23,97.25
14.47,83.62,97.27
14.48,83.02,97.28
14.49,82.42,97.3
14.49,81.81,97.31
14.5,81.21,97.32
14.5,80.61,97.32
14.49,80.0,97.31
12.8,146.93,35.0
12.8,146.93,35.58
12.8,146.93,36.16
12.79,146.93,36.74
12.79,146.92,37.31
12.79,146.92,37.89
12.79,146.92,38.47
12.78,146.92,39.05
12.78,146.91,39.62
12.77,146.9,40.2
12.76,146.89,40.78
12.75,146.88,41.36
12.74,146.87,41.93
12.73,146.85,42.5
12.72,146.84,43.08
12.71,146.83,43.66
12.7,146.81,44.23
12.69,146.79,44.81
12.68,146.77,45.38
12.66,146.75,45.95
12.65,146.72,46.52
12.63,146.69,47.09
12.61,146.66,47.66
12.6,146.64,48.23
12.58,146.61,48.8
12.56,146.58,49.37
12.55,146.55,49.94
12.53,146.51,50.5
12.51,146.48,51.07
12.49,146.45,51.64
12.47,146.41,52.2
12.45,146.38,52.76
12.42,146.34,53.33
12.4,146.31,53.89
12.38,146.27,54.45
12.35,146.23,55.01
12.33,146.19,55.56
12.31,146.15,56.12
12.28,146.11,56.68
12.26,146.07,57.24
12.23,146.02,57.79
12.21,145.97,58.34
12.18,145.92,58.9
12.15,145.87,59.45
12.13,145.82,60.0
12.11,145.78,60.55
12.09,145.73,61.1
12.06,145.67,61.65
12.03,145.61,62.2
12.01,145.56,62.75
11.98,145.5,63.29
11.96,145.44,63.84
11.94,145.38,64.39
11.92,145.32,64.93
11.89,145.26,65.48
11.87,145.19,66.02
11.85,145.13,66.57
11.83,145.06,67.11
11.81,145.0,67.66
11.79,144.93,68.2
11.78,144.85,68.75
11.76,144.78,69.29
11.74,144.7,69.84
11.73,144.63,70.38
11.73,144.55,70.93
11.72,144.47,71.49
11.7,144.36,72.02
11.69,144.27,72.57
11.68,144.18,73.11
11.69,144.08,73.67
11.7,143.99,74.23
11.71,143.89,74.79
11.7,143.75,75.32
11.69,143.61,75.86
11.71,143.48,76.42
11.73,143.36,76.98
11.76,143.22,77.54
11.8,143.08,78.11
11.82,142.91,78.66
11.82,142.72,79.19
11.86,142.54,79.74
11.92,142.35,80.3
11.97,142.17,80.86
12.02,141.98,81.42
12.07,141.79,81.97
12.11,141.56,82.51
12.17,141.32,83.05
12.23,141.08,83.58
12.29,140.84,84.12
12.36,140.58,84.64
12.44,140.33,85.18
12.51,140.06,85.71
12.58,139.8,86.24
12.66,139.51,86.75
12.75,139.2,87.24
12.84,138.88,87.72
12.92,138.55,88.19
12.97,138.17,88.63
12.98,137.73,88.99
12.97,137.23,89.3
12.96,136.72,89.59
12.94,136.21,89.88
12.93,135.7,90.16
12.93,135.19,90.42
12.93,134.66,90.66
12.93,134.13,90.9
12.93,133.59,91.13
12.92,133.05,91.35
12.93,132.53,91.57
12.95,132.0,91.78
12.95,131.46,91.98
12.96,130.91,92.17
12.97,130.37,92.36
12.98,129.83,92.54
13.0,129.29,92.71
13.02,128.75,92.88
13.04,128.21,93.04
13.06,127.66,93.2
13.08,127.12,93.35
13.1,126.57,93.5
13.12,126.03,93.64
13.15,125.49,93.77
13.18,124.95,93.91
13.21,124.4,94.04
13.24,123.85,94.16
13.27,123.31,94.29
13.3,122.76,94.4
13.34,122.22,94.52
13.37,121.67,94.64
13.41,121.13,94.75
13.44,120.58,94.86
13.48,120.03,94.97
13.51,119.48,95.07
13.55,118.93,95.17
13.59,118.38,95.27
13.63,117.83,95.37
13.67,117.28,95.47
13.71,116.72,95.56
13.75,116.17,95.65
13.79,115.61,95.74
13.83,115.06,95.84
13.87,114.5,95.92
13.91,113.94,96.01
13.95,113.38,96.1
13.99,112.82,96.18
14.03,112.25,96.26
14.07,111.69,96.34
14.11,111.13,96.42
14.15,110.56,96.5
14.19,109.99,96.58
14.23,109.42,96.66
14.27,108.85,96.74
14.31,108.28,96.81
14.35,107.7,96.89
14.39,107.13,96.96
14.43,106.55,97.03
14.47,105.98,97.1
14.51,105.4,97.17
14.54,104.82,97.24
14.58,104.23,97.31
14.62,103.65,97.38
14.65,103.06,97.44
14.69,102.48,97.51
14.72,101.89,97.57
14.76,101.3,97.63
14.79,100.71,97.69
14.82,100.11,97.75
14.85,99.52,97.8
14.88,98.92,97.86
14.91,98.33,97.91
14.94,97.73,97.96
14.97,97.13,98.01
15.0,96.53,98.06
15.03,95.93,98.11
15.05,95.33,98.16
15.08,94.72,98.2
15.1,94.12,98.24
15.12,93.51,98.28
15.15,92.9,98.32
15.17,92.3,98.36
15.19,91.69,98.4
15.21,91.08,98.43
15.23,90.47,98.46
15.24,89.86,98.49
15.26,89.25,98.52
15.28,88.63,98.55
15.29,88.02,98.57
15.3,87.4,98.6
15.31,86.79,98.62
15.33,86.17,98.64
15.34,85.56,98.65
15.35,84.94,98.67
15.35,84.32,98.68
15.36,83.71,98.7
15.37,83.09,98.72
15.38,82.47,98.73
15.39,81.85,98.74
15.4,81.24,98.75
15.4,80.62,98.75
15.39,80.0,98.74
13.74,148.42,35.0
13.74,148.42,35.59
13.74,148.42,36.19
13.74,148.42,36.78
13.73,148.41,37.37
13.73,148.41,37.96
13.73,148.41,38.56
13.72,148.41,39.15
13.71,148.4,39.74
13.71,148.39,40.33
13.7,148.38,40.92
13.69,148.37,41.52
13.68,148.36,42.1
13.67,148.34,42.69
13.66,148.33,43.28
13.65,148.31,43.87
13.64,148.29,44.46
13.63,148.28,45.05
13.62,148.26,45.64
13.6,148.23,46.22
13.58,148.2,46.81
13.57,148.17,47.39
13.55,148.15,47.98
13.53,148.12,48.56
13.52,148.09,49.15
13.5,148.06,49.73
13.48,148.02,50.31
13.46,147.99,50.89
13.44,147.96,51.47
13.42,147.92,52.05
13.4,147.89,52.63
13.37,147.85,53.21
13.35,147.82,53.78
13.33,147.78,54.36
13.31,147.74,54.93
13.28,147.7,55.5
13.26,147.66,56.08
13.23,147.62,56.65
13.21,147.58,57.22
13.18,147.53,57.79
13.16,147.49,58.36
13.13,147.44,58.92
13.1,147.39,59.49
13.07,147.34,60.05
13.05,147.28,60.62
13.03,147.24,61.19
13.0,147.19,61.75
12.98,147.13,62.31
12.95,147.07,62.87
12.92,147.01,63.43
12.89,146.96,63.99
12.87,146.9,64.55
12.85,146.84,65.11
12.83,146.78,65.67
12.8,146.71,66.23
12.77,146.65,66.79
12.75,146.58,67.34
12.73,146.51,67.9
12.71,146.45,68.46
12.69,146.38,69.02
12.67,146.3,69.58
12.65,146.23,70.13
12.63,146.15,70.69
12.62,146.07,71.25
12.62,146.0,71.81
12.61,145.91,72.38
12.59,145.81,72.93
12.57,145.71,73.48
12.56,145.62,74.04
12.57,145.52,74.61
12.58,145.42,75.18
12.59,145.32,75.75
12.58,145.19,76.3
12.57,145.04,76.85
12.58,144.92,77.42
12.61,144.79,78.0
12.63,144.65,78.57
12.67,144.5,79.15
12.68,144.34,79.71
12.69,144.15,80.26
12.73,143.96,80.82
12.78,143.77,81.39
12.83,143.59,81.96
12.88,143.39,82.53
12.93,143.19,83.1
12.98,142.96,83.66
13.03,142.72,84.2
13.09,142.48,84.75
13.15,142.23,85.3
13.22,141.96,85.84
13.3,141.7,86.39
13.37,141.44,86.93
13.44,141.16,87.48
13.52,140.87,87.99
13.61,140.56,88.49
13.7,140.23,88.99
13.78,139.89,89.47
13.83,139.5,89.92
13.84,139.04,90.29
13.83,138.54,90.61
13.82,138.02,90.9
13.8,137.5,91.2
13.79,136.97,91.48
13.79,136.45,91.75
13.79,135.91,91.99
13.79,135.36,92.23
13.78,134.81,92.47
13.78,134.26,92.7
13.79,133.72,92.92
13.8,133.18,93.13
13.81,132.62,93.33
13.81,132.07,93.54
13.83,131.52,93.72
13.84,130.96,93.9
13.85,130.4,94.08
13.87,129.85,94.26
13.89,129.3,94.42
13.91,128.74,94.57
13.93,128.18,94.73
13.95,127.62,94.88
13.98,127.07,95.02
14.01,126.52,95.16
14.04,125.96,95.3
14.07,125.4,95.43
14.1,124.84,95.55
14.13,124.29,95.68
14.16,123.73,95.8
14.2,123.17,95.92
14.23,122.61,96.04
14.27,122.05,96.15
14.3,121.49,96.26
14.34,120.93,96.37
14.37,120.37,96.47
14.42,119.81,96.57
14.46,119.25,96.68
14.5,118.68,96.78
14.53,118.11,96.88
14.57,117.55,96.97
14.61,116.98,97.06
14.65,116.41,97.15
14.7,115.84,97.24
14.74,115.28,97.33
14.78,114.7,97.42
14.82,114.13,97.51
14.86,113.55,97.59
14.9,112.98,97.67
14.94,112.4,97.76
14.98,111.82,97.84
15.03,111.24,97.92
15.07,110.66,98.0
15.11,110.08,98.08
15.15,109.5,98.15
15.19,108.91,98.23
15.23,108.32,98.3
15.27,107.74,98.38
15.31,107.15,98.45
15.35,106.56,98.53
15.39,105.96,98.6
15.42,105.37,98.67
15.46,104.77,98.73
15.5,104.18,98.8
15.53,103.58,98.87
15.57,102.98,98.93
15.6,102.38,98.99
15.64,101.77,99.06
15.67,101.17,99.12
15.71,100.56,99.17
15.74,99.96,99.23
15.77,99.35,99.29
15.8,98.74,99.34
15.83,98.13,99.39
15.86,97.51,99.44
15.89,96.9,99.49
15.91,96.28,99.54
15.94,95.67,99.59
15.96,95.05,99.63
15.99,94.43,99.67
16.01,93.81,99.72
16.03,93.19,99.76
16.06,92.57,99.79
16.08,91.95,99.83
16.1,91.32,99.86
16.12,90.7,99.9
16.14,90.08,99.93
16.15,89.45,99.96
16.17,88.82,99.98
16.18,88.2,100.01
16.2,87.57,100.03
16.21,86.94,100.05
16.22,86.31,100.07
16.23,85.68,100.09
16.24,85.05,100.11
16.25,84.42,100.12
16.26,83.79,100.14
16.27,83.16,100.15
16.28,82.53,100.17
16.28,81.9,100.18
16.29,81.27,100.19
16.29,80.63,100.19
16.28,80.0,100.18
14.68,149.91,35.0
14.68,149.91,35.61
14.68,149.91,36.22
14.68,149.9,36.82
14.67,149.9,37.43
14.67,149.9,38.04
14.67,149.9,38.64
14.66,149.89,39.25
14.65,149.89,39.85
14.65,149.88,40.46
14.64,149.87,41.07
14.63,149.86,41.67
14.62,149.84,42.28
14.61,149.82,42.88
14.6,149.81,43.49
14.59,149.79,44.09
14.58,149.78,44.69
14.57,149.76,45.3
14.55,149.74,45.9
14.54,149.71,46.5
14.52,149.68,47.1
14.5,149.66,47.7
14.48,149.63,48.3
14.47,149.6,48.9
14.45,149.57,49.49
14.43,149.54,50.09
14.41,149.5,50.68
14.39,149.47,51.28
14.37,149.44,51.87
14.35,149.4,52.47
14.33,149.36,53.06
14.3,149.33,53.65
14.28,149.29,54.24
14.26,149.25,54.83
14.23,149.21,55.42
14.21,149.17,56.0
14.18,149.13,56.59
14.15,149.08,57.18
14.13,149.04,57.76
14.11,149.0,58.34
14.08,148.95,58.92
14.05,148.9,59.51
14.02,148.85,60.08
13.99,148.8,60.66
13.96,148.75,61.24
13.94,148.7,61.82
13.92,148.65,62.4
13.89,148.59,62.97
13.86,148.53,63.55
13.83,148.47,64.12
13.8,148.41,64.69
13.78,148.35,65.26
13.76,148.3,65.84
13.73,148.23,66.41
13.71,148.17,66.98
13.68,148.1,67.55
13.65,148.03,68.12
13.63,147.97,68.69
13.61,147.9,69.27
13.59,147.83,69.84
13.57,147.75,70.41
13.55,147.67,70.98
13.53,147.6,71.54
13.52,147.52,72.12
13.51,147.44,72.69
13.5,147.36,73.27
13.48,147.25,73.83
13.46,147.16,74.4
13.45,147.06,74.97
13.46,146.96,75.55
13.46,146.86,76.14
13.47,146.76,76.72
13.45,146.63,77.28
13.45,146.48,77.84
13.46,146.35,78.43
13.48,146.22,79.01
13.5,146.08,79.6
13.54,145.93,80.19
13.55,145.76,80.76
13.56,145.57,81.33
13.6,145.38,81.9
13.65,145.19,82.48
13.7,145.0,83.07
13.74,144.81,83.65
13.79,144.6,84.23
13.84,144.36,84.8
13.89,144.12,85.36
13.95,143.87,85.92
14.0,143.62,86.48
14.08,143.35,87.03
14.15,143.08,87.59
14.23,142.81,88.15
14.3,142.53,88.71
14.37,142.23,89.24
14.47,141.91,89.75
14.56,141.58,90.26
14.64,141.23,90.75
14.7,140.83,91.2
14.7,140.36,91.59
14.69,139.85,91.91
14.68,139.32,92.21
14.66,138.78,92.51
14.65,138.25,92.8
14.65,137.71,93.07
14.65,137.15,93.33
14.65,136.59,93.57
14.64,136.03,93.81
14.63,135.47,94.04
14.64,134.92,94.27
14.66,134.36,94.49
14.66,133.79,94.69
14.67,133.22,94.9
14.68,132.66,95.09
14.69,132.09,95.27
14.71,131.52,95.45
14.72,130.96,95.63
14.75,130.39,95.8
14.77,129.82,95.95
14.79,129.25,96.11
14.81,128.68,96.27
14.84,128.11,96.41
14.87,127.55,96.55
14.9,126.98,96.68
14.93,126.41,96.82
14.95,125.84,96.95
14.99,125.26,97.07
15.02,124.69,97.19
15.06,124.12,97.32
15.09,123.55,97.43
15.13,122.98,97.55
15.16,122.41,97.66
15.2,121.83,97.77
15.24,121.26,97.87
15.28,120.69,97.98
15.32,120.11,98.08
15.36,119.53,98.18
15.4,118.95,98.28
15.44,118.37,98.37
15.48,117.8,98.47
15.52,117.21,98.56
15.56,116.63,98.65
15.61,116.05,98.74
15.65,115.47,98.83
15.69,114.88,98.92
15.73,114.29,99.0
15.77,113.7,99.09
15.81,113.11,99.17
15.86,112.52,99.25
15.9,111.93,99.33
15.94,111.34,99.42
15.98,110.74,99.49
16.02,110.14,99.57
16.06,109.55,99.65
16.1,108.94,99.72
16.15,108.35,99.8
16.19,107.74,99.87
16.23,107.14,99.95
16.27,106.53,100.02
16.3,105.93,100.09
16.34,105.32,100.16
16.38,104.71,100.22
16.42,104.09,100.29
16.45,103.48,100.36
16.49,102.87,100.42
16.52,102.25,100.48
16.56,101.63,100.54
16.59,101.01,100.6
16.62,100.39,100.66
16.65,99.77,100.71
16.68,99.15,100.77
16.72,98.52,100.82
16.74,97.9,100.87
16.77,97.27,100.92
16.8,96.64,100.97
16.83,96.01,101.02
16.85,95.38,101.06
16.88,94.75,101.11
16.9,94.11,101.15
16.92,93.48,101.19
16.95,92.84,101.23
16.97,92.21,101.26
16.99,91.57,101.3
17.01,90.93,101.33
17.03,90.29,101.36
17.04,89.66,101.39
17.06,89.02,101.42
17.08,88.37,101.44
17.09,87.73,101.47
17.1,87.09,101.49
17.11,86.45,101.51
17.12,85.8,101.52
17.13,85.16,101.54
17.14,84.51,101.55
17.15,83.87,101.57
17.16,83.23,101.59
17.17,82.58,101.6
17.18,81.94,101.61
17.18,81.29,101.62
17.18,80.65,101.62
17.18,80.0,101.61
15.62,151.4,35.0
15.62,151.4,35.62
15.62,151.4,36.24
15.62,151.39,36.87
15.61,151.39,37.49
15.61,151.39,38.11
15.61,151.39,38.73
15.6,151.38,39.35
15.59,151.37,39.97
15.59,151.37,40.59
15.58,151.36,41.21
15.57,151.34,41.83
15.56,151.33,42.45
15.55,151.31,43.07
15.54,151.3,43.69
15.53,151.28,44.31
15.52,151.26,44.92
15.5,151.24,45.54
15.49,151.22,46.16
15.47,151.2,46.77
15.45,151.17,47.39
15.44,151.14,48.0
15.42,151.11,48.61
15.4,151.08,49.23
15.38,151.05,49.84
15.36,151.01,50.45
15.34,150.98,51.06
15.32,150.95,51.67
15.3,150.91,52.27
15.28,150.88,52.88
15.26,150.84,53.49
15.23,150.8,54.09
15.21,150.76,54.7
15.18,150.72,55.3
15.16,150.68,55.9
15.13,150.64,56.5
15.11,150.6,57.1
15.08,150.55,57.7
15.05,150.51,58.3
15.03,150.47,58.9
15.0,150.42,59.49
14.97,150.37,60.09
14.94,150.32,60.68
14.91,150.26,61.27
14.88,150.21,61.86
14.86,150.16,62.45
14.83,150.11,63.05
14.8,150.05,63.63
14.77,149.99,64.22
14.74,149.93,64.81
14.71,149.87,65.39
14.69,149.81,65.98
14.67,149.75,66.57
14.64,149.69,67.15
14.61,149.62,67.74
14.58,149.56,68.32
14.56,149.49,68.9
14.54,149.42,69.49
14.51,149.35,70.07
14.49,149.28,70.65
14.47,149.2,71.24
14.45,149.12,71.82
14.43,149.04,72.4
14.41,148.97,72.99
14.4,148.89,73.57
14.39,148.8,74.16
14.37,148.69,74.74
14.35,148.6,75.32
14.34,148.5,75.9
14.34,148.4,76.5
14.34,148.3,77.09
14.35,148.2,77.68
14.33,148.07,78.26
14.32,147.92,78.84
14.34,147.79,79.43
14.35,147.66,80.03
14.38,147.52,80.63
14.41,147.36,81.23
14.42,147.19,81.82
14.43,147.0,82.39
14.46,146.81,82.98
14.51,146.61,83.57
14.56,146.42,84.17
14.6,146.22,84.77
14.65,146.01,85.36
14.7,145.77,85.94
14.75,145.52,86.52
14.81,145.27,87.09
14.86,145.01,87.67
14.93,144.74,88.23
15.01,144.46,88.8
15.09,144.18,89.37
15.16,143.9,89.94
15.23,143.59,90.48
15.33,143.27,91.01
15.42,142.92,91.52
15.5,142.57,92.03
15.56,142.16,92.49
15.56,141.68,92.89
15.55,141.16,93.22
15.54,140.61,93.52
15.53,140.07,93.83
15.51,139.52,94.12
15.51,138.96,94.4
15.51,138.4,94.66
15.51,137.83,94.91
15.5,137.25,95.15
15.49,136.68,95.39
15.5,136.11,95.61
15.51,135.54,95.84
15.52,134.96,96.05
15.52,134.38,96.26
15.54,133.8,96.45
15.55,133.22,96.64
15.56,132.64,96.82
15.58,132.06,97.01
15.6,131.48,97.17
15.62,130.9,97.33
15.64,130.32,97.49
15.66,129.73,97.65
15.69,129.15,97.79
15.72,128.57,97.93
15.75,127.99,98.07
15.78,127.41,98.21
15.81,126.83,98.34
15.85,126.24,98.46
15.88,125.66,98.59
15.92,125.08,98.71
15.95,124.49,98.83
15.99,123.91,98.95
16.03,123.32,99.06
16.06,122.73,99.17
16.1,122.15,99.28
16.14,121.56,99.38
16.18,120.97,99.48
16.23,120.39,99.59
16.27,119.79,99.69
16.3,119.2,99.78
16.35,118.61,99.87
16.39,118.02,99.97
16.43,117.42,100.06
16.48,116.83,100.15
16.52,116.23,100.24
16.56,115.63,100.33
16.6,115.03,100.42
16.64,114.43,100.5
16.69,113.83,100.58
16.73,113.22,100.67
16.77,112.62,100.75
16.82,112.01,100.83
16.86,111.4,100.91
16.9,110.79,100.99
16.94,110.18,101.07
16.98,109.57,101.14
17.02,108.95,101.22
17.06,108.34,101.29
17.11,107.72,101.37
17.14,107.1,101.44
17.18,106.48,101.51
17.22,105.86,101.58
17.26,105.23,101.65
17.3,104.61,101.71
17.33,103.98,101.78
17.37,103.36,101.85
17.41,102.72,101.91
17.44,102.09,101.97
17.47,101.46,102.03
17.51,100.83,102.09
17.54,100.19,102.14
17.57,99.55,102.2
17.6,98.92,102.25
17.63,98.28,102.3
17.66,97.64,102.35
17.69,96.99,102.4
17.72,96.35,102.45
17.74,95.71,102.49
17.77,95.06,102.54
17.79,94.41,102.58
17.81,93.77,102.62
17.84,93.12,102.66
17.86,92.47,102.7
17.88,91.82,102.73
17.9,91.17,102.76
17.92,90.51,102.8
17.94,89.86,102.82
17.95,89.21,102.85
17.97,88.55,102.88
17.98,87.9,102.9
17.99,87.24,102.92
18.01,86.59,102.94
18.02,85.93,102.96
18.03,85.27,102.98
18.04,84.61,102.99
18.05,83.96,103.01
18.06,83.3,103.02
18.07,82.64,103.04
18.07,81.98,103.05
18.08,81.32,103.06
18.08,80.66,103.06
18.07,80.0,103.05
16.56,152.89,35.0
16.56,152.89,35.64
16.56,152.88,36.27
16.56,152.88,36.91
16.55,152.88,37.54
16.55,152.88,38.18
16.55,152.87,38.82
16.54,152.87,39.45
16.53,152.86,40.09
16.53,152.85,40.72
16.52,152.84,41.36
16.51,152.83,41.99
16.5,152.81,42.62
16.49,152.8,43.26
16.48,152.78,43.89
16.47,152.76,44.52
16.45,152.75,45.16
16.44,152.73,45.79
16.43,152.71,46.42
16.41,152.68,47.05
16.39,152.65,47.68
16.37,152.62,48.3
16.35,152.59,48.93
16.34,152.56,49.56
16.32,152.53,50.18
16.3,152.49,50.81
16.28,152.46,51.43
16.26,152.42,52.05
16.23,152.39,52.68
16.21,152.35,53.3
16.19,152.31,53.92
16.16,152.28,54.54
16.14,152.24,55.15
16.11,152.2,55.77
16.09,152.15,56.38
16.06,152.11,57.0
16.03,152.07,57.61
16.0,152.02,58.23
15.98,151.98,58.84
15.95,151.94,59.45
15.92,151.88,60.06
15.89,151.83,60.67
15.86,151.78,61.27
15.83,151.73,61.88
15.8,151.67,62.48
15.78,151.62,63.09
15.75,151.57,63.69
15.72,151.51,64.29
15.69,151.45,64.9
15.66,151.39,65.5
15.63,151.33,66.1
15.6,151.27,66.69
15.57,151.21,67.29
15.55,151.14,67.89
15.52,151.08,68.49
15.49,151.01,69.09
15.46,150.94,69.68
15.44,150.87,70.28
15.42,150.8,70.88
15.39,150.73,71.47
15.37,150.65,72.06
15.34,150.57,72.66
15.32,150.49,73.25
15.3,150.41,73.85
15.29,150.33,74.45
15.28,150.25,75.05
15.25,150.14,75.64
15.24,150.04,76.24
15.22,149.94,76.83
15.22,149.85,77.44
15.23,149.74,78.04
15.23,149.64,78.65
15.21,149.5,79.24
15.2,149.35,79.83
15.21,149.22,80.43
15.23,149.09,81.04
15.25,148.95,81.65
15.28,148.79,82.27
15.29,148.61,82.87
15.3,148.42,83.46
15.33,148.23,84.06
15.37,148.03,84.67
15.42,147.83,85.28
15.47,147.63,85.89
15.51,147.42,86.49
15.56,147.17,87.08
15.61,146.92,87.67
15.67,146.66,88.26
15.72,146.4,88.85
15.79,146.12,89.42
15.87,145.84,90.01
15.94,145.56,90.59
16.01,145.27,91.17
16.09,144.95,91.72
16.19,144.62,92.26
16.28,144.27,92.79
16.36,143.9,93.31
16.42,143.49,93.78
16.42,143.0,94.18
16.41,142.47,94.52
16.4,141.91,94.83
16.39,141.35,95.14
16.37,140.79,95.44
16.37,140.22,95.73
16.37,139.65,95.99
16.36,139.06,96.24
16.36,138.47,96.49
16.35,137.89,96.73
16.36,137.3,96.96
16.37,136.72,97.19
16.37,136.13,97.41
16.38,135.54,97.62
16.39,134.95,97.82
16.4,134.35,98.01
16.42,133.76,98.19
16.43,133.16,98.38
16.46,132.57,98.55
16.48,131.98,98.71
16.5,131.38,98.87
16.52,130.78,99.03
16.55,130.19,99.18
16.58,129.6,99.32
16.61,129.01,99.46
16.64,128.41,99.6
16.67,127.82,99.73
16.7,127.22,99.86
16.74,126.62,99.98
16.78,126.03,100.11
16.81,125.43,100.23
16.85,124.84,100.34
16.89,124.24,100.46
16.92,123.64,100.57
16.96,123.04,100.68
17.01,122.44,100.78
17.05,121.84,100.89
17.09,121.24,100.99
17.13,120.63,101.09
17.17,120.03,101.19
17.21,119.42,101.28
17.26,118.82,101.38
17.3,118.21,101.47
17.34,117.6,101.56
17.39,116.99,101.66
17.43,116.38,101.74
17.47,115.76,101.83
17.52,115.15,101.91
17.56,114.54,102.0
17.6,113.92,102.08
17.65,113.3,102.16
17.69,112.68,102.25
17.73,112.06,102.33
17.78,111.44,102.41
17.82,110.81,102.48
17.86,110.19,102.56
17.9,109.56,102.64
17.94,108.93,102.71
17.98,108.3,102.79
18.02,107.67,102.86
18.06,107.04,102.93
18.1,106.4,103.0
18.14,105.76,103.07
18.18,105.12,103.14
18.22,104.49,103.2
18.25,103.84,103.27
18.29,103.2,103.33
18.32,102.55,103.4
18.36,101.91,103.46
18.39,101.26,103.51
18.42,100.61,103.57
18.46,99.96,103.63
18.49,99.31,103.68
18.52,98.66,103.73
18.55,98.0,103.78
18.58,97.35,103.83
18.6,96.69,103.88
18.63,96.04,103.93
18.65,95.38,103.97
18.68,94.72,104.01
18.7,94.05,104.05
18.73,93.39,104.09
18.75,92.73,104.13
18.77,92.07,104.16
18.79,91.4,104.2
18.81,90.73,104.23
18.83,90.07,104.26
18.85,89.4,104.29
18.86,88.73,104.31
18.88,88.06,104.34
18.89,87.39,104.36
18.9,86.72,104.38
18.91,86.05,104.4
18.92,85.38,104.41
18.93,84.71,104.42
18.94,84.04,104.44
18.95,83.37,104.46
18.96,82.69,104.47
18.97,82.02,104.48
18.97,81.35,104.5
18.97,80.67,104.49
18.97,80.0,104.48
17.5,154.38,35.0
17.5,154.38,35.65
17.5,154.37,36.3
17.5,154.37,36.95
17.5,154.37,37.6
17.49,154.36,38.25
17.49,154.36,38.9
17.48,154.36,39.55
17.47,154.35,40.2
17.47,154.34,40.85
17.46,154.33,41.5
17.45,154.32,42.15
17.44,154.3,42.8
17.43,154.28,43.44
17.42,154.27,44.09
17.4,154.25,44.74
17.39,154.23,45.39
17.38,154.21,46.03
17.36,154.19,46.68
17.35,154.16,47.32
17.33,154.13,47.96
17.31,154.1,48.6
17.29,154.07,49.25
17.27,154.04,49.89
17.25,154.01,50.53
17.23,153.97,51.16
17.21,153.94,51.8
17.19,153.9,52.44
17.16,153.87,53.08
17.14,153.83,53.71
17.12,153.79,54.34
17.09,153.75,54.98
17.07,153.71,55.61
17.04,153.67,56.24
17.01,153.63,56.87
16.99,153.58,57.5
16.96,153.54,58.13
16.93,153.49,58.75
16.9,153.45,59.38
16.87,153.4,60.0
16.84,153.35,60.63
16.81,153.3,61.25
16.78,153.25,61.87
16.75,153.19,62.48
16.72,153.14,63.1
16.69,153.09,63.72
16.66,153.03,64.34
16.63,152.97,64.96
16.6,152.91,65.57
16.57,152.85,66.18
16.54,152.79,66.8
16.51,152.73,67.41
16.48,152.66,68.02
16.45,152.6,68.63
16.42,152.53,69.24
16.39,152.46,69.85
16.36,152.39,70.46
16.34,152.32,71.07
16.32,152.25,71.68
16.29,152.18,72.29
16.26,152.1,72.89
16.24,152.02,73.5
16.22,151.94,74.11
16.2,151.86,74.72
16.18,151.78,75.33
16.17,151.69,75.95
16.14,151.58,76.54
16.12,151.49,77.15
16.11,151.39,77.76
16.11,151.29,78.38
16.11,151.18,79.0
16.11,151.08,79.62
16.09,150.94,80.22
16.08,150.79,80.82
16.09,150.65,81.44
16.1,150.52,82.06
16.12,150.38,82.68
16.15,150.22,83.31
16.16,150.04,83.92
16.17,149.84,84.52
16.19,149.65,85.14
16.24,149.45,85.76
16.28,149.25,86.38
16.33,149.04,87.01
16.37,148.83,87.62
16.42,148.58,88.23
16.47,148.32,88.83
16.52,148.06,89.43
16.57,147.8,90.03
16.65,147.51,90.62
16.73,147.22,91.22
16.8,146.93,91.81
16.87,146.63,92.4
16.95,146.31,92.97
17.05,145.97,93.52
17.14,145.62,94.06
17.23,145.24,94.58
17.28,144.82,95.07
17.28,144.32,95.48
17.27,143.78,95.82
17.26,143.21,96.14
17.25,142.64,96.46
17.23,142.06,96.76
17.23,141.48,97.05
17.23,140.89,97.32
17.22,140.29,97.58
17.21,139.69,97.83
17.2,139.09,98.08
17.21,138.5,98.31
17.23,137.9,98.55
17.23,137.3,98.77
17.23,136.69,98.98
17.24,136.09,99.18
17.26,135.48,99.37
17.27,134.87,99.56
17.29,134.27,99.75
17.31,133.67,99.93
17.33,133.06,100.09
17.35,132.45,100.25
17.37,131.84,100.42
17.4,131.24,100.56
17.44,130.63,100.71
17.47,130.02,100.85
17.5,129.41,100.99
17.53,128.81,101.12
17.56,128.2,101.25
17.6,127.59,101.38
17.63,126.98,101.5
17.67,126.37,101.63
17.71,125.76,101.74
17.75,125.15,101.86
17.79,124.54,101.97
17.83,123.93,102.08
17.87,123.32,102.19
17.91,122.7,102.29
17.96,122.09,102.4
18.0,121.47,102.5
18.04,120.85,102.59
18.08,120.24,102.69
18.13,119.62,102.79
18.17,119.0,102.88
18.21,118.38,102.97
18.26,117.76,103.07
18.3,117.13,103.15
18.35,116.5,103.24
18.39,115.88,103.32
18.43,115.25,103.41
18.48,114.62,103.5
18.52,113.99,103.58
18.57,113.36,103.66
18.61,112.72,103.74
18.65,112.08,103.82
18.69,111.45,103.9
18.74,110.81,103.98
18.78,110.17,104.06
18.82,109.53,104.13
18.86,108.88,104.21
18.9,108.24,104.28
18.94,107.59,104.35
18.98,106.94,104.43
19.02,106.29,104.49
19.06,105.64,104.56
19.1,104.99,104.63
19.14,104.33,104.7
19.17,103.68,104.76
19.21,103.02,104.82
19.24,102.36,104.88
19.28,101.7,104.94
19.31,101.04,105.0
19.34,100.37,105.06
19.37,99.71,105.11
19.4,99.04,105.16
19.43,98.37,105.21
19.46,97.7,105.26
19.49,97.03,105.31
19.52,96.36,105.36
19.54,95.69,105.4
19.57,95.02,105.44
19.59,94.34,105.49
19.62,93.66,105.53
19.64,92.99,105.56
19.66,92.31,105.6
19.68,91.63,105.63
19.7,90.95,105.66
19.72,90.27,105.69
19.74,89.59,105.72
19.75,88.91,105.75
19.77,88.23,105.77
19.78,87.54,105.79
19.79,86.86,105.81
19.81,86.18,105.83
19.82,85.49,105.85
19.82,84.8,105.86
19.83,84.12,105.88
19.84,83.43,105.89
19.85,82.75,105.91
19.86,82.06,105.92
19.87,81.38,105.93
19.87,80.69,105.93
19.86,80.0,105.92
18.45,155.87,35.0
18.45,155.86,35.67
18.44,155.86,36.33
18.44,155.86,37.0
18.44,155.85,37.66
18.43,155.85,38.33
18.43,155.85,38.99
18.42,155.84,39.66
18.41,155.84,40.32
18.41,155.83,40.98
18.4,155.82,41.65
18.39,155.8,42.31
18.38,155.79,42.97
18.36,155.77,43.63
18.35,155.75,44.29
18.34,155.73,44.96
18.33,155.72,45.62
18.32,155.7,46.28
18.3,155.67,46.94
18.28,155.64,47.59
18.26,155.61,48.25
18.24,155.58,48.91
18.23,155.55,49.56
18.21,155.52,50.22
18.19,155.49,50.87
18.16,155.45,51.52
18.14,155.42,52.18
18.12,155.38,52.83
18.1,155.34,53.48
18.07,155.3,54.13
18.05,155.27,54.77
18.02,155.23,55.42
18.0,155.19,56.07
17.97,155.14,56.71
17.94,155.1,57.35
17.91,155.05,58.0
17.88,155.01,58.64
17.85,154.96,59.28
17.83,154.92,59.92
17.8,154.87,60.56
17.77,154.82,61.19
17.73,154.76,61.83
17.7,154.71,62.46
17.67,154.65,63.09
17.64,154.6,63.72
17.61,154.55,64.36
17.58,154.49,64.99
17.55,154.43,65.62
17.51,154.37,66.24
17.48,154.31,66.87
17.45,154.24,67.5
17.42,154.18,68.12
17.39,154.12,68.75
17.36,154.05,69.37
17.33,153.99,70.0
17.3,153.92,70.62
17.27,153.84,71.24
17.24,153.77,71.86
17.22,153.7,72.48
17.19,153.63,73.1
17.16,153.55,73.72
17.14,153.47,74.34
17.11,153.38,74.96
17.09,153.31,75.59
17.07,153.23,76.21
17.06,153.14,76.84
17.03,153.03,77.45
17.01,152.93,78.07
16.99,152.83,78.69
16.99,152.73,79.32
16.99,152.62,79.95
16.99,152.52,80.58
16.97,152.38,81.19
16.96,152.22,81.81
16.96,152.09,82.44
16.97,151.95,83.08
16.99,151.81,83.71
17.02,151.65,84.35
17.03,151.47,84.98
17.03,151.27,85.59
17.06,151.07,86.21
17.1,150.87,86.85
17.15,150.66,87.49
17.19,150.45,88.12
17.23,150.24,88.75
17.28,149.98,89.37
17.33,149.72,89.99
17.38,149.46,90.6
17.43,149.19,91.21
17.51,148.89,91.81
17.59,148.6,92.42
17.66,148.31,93.03
17.73,148.0,93.63
17.81,147.67,94.21
17.91,147.33,94.77
18.01,146.96,95.33
18.09,146.58,95.86
18.14,146.15,96.36
18.14,145.64,96.78
18.13,145.09,97.13
18.12,144.51,97.45
18.11,143.92,97.77
18.09,143.33,98.09
18.08,142.74,98.38
18.08,142.14,98.65
18.08,141.53,98.91
18.07,140.91,99.17
18.06,140.3,99.43
18.07,139.69,99.66
18.08,139.09,99.9
18.08,138.47,100.12
18.09,137.85,100.35
18.1,137.23,100.55
18.11,136.61,100.74
18.13,135.99,100.93
18.14,135.37,101.13
18.16,134.76,101.3
18.19,134.14,101.47
18.21,133.52,101.64
18.23,132.89,101.8
18.26,132.28,101.95
18.29,131.66,102.09
18.32,131.04,102.24
18.35,130.42,102.38
18.39,129.8,102.51
18.42,129.18,102.64
18.46,128.56,102.77
18.49,127.93,102.9
18.53,127.31,103.02
18.57,126.69,103.14
18.61,126.07,103.26
18.65,125.44,103.37
18.69,124.82,103.48
18.73,124.19,103.59
18.78,123.57,103.7
18.82,122.94,103.8
18.86,122.31,103.9
18.9,121.68,104.0
18.95,121.05,104.1
18.99,120.42,104.19
19.04,119.78,104.29
19.08,119.15,104.38
19.13,118.52,104.48
19.17,117.88,104.56
19.22,117.24,104.65
19.26,116.6,104.74
19.31,115.96,104.82
19.35,115.32,104.91
19.4,114.67,105.0
19.44,114.03,105.08
19.48,113.38,105.16
19.53,112.73,105.24
19.57,112.08,105.32
19.61,111.43,105.4
19.66,110.78,105.48
19.7,110.12,105.55
19.74,109.46,105.63
19.78,108.8,105.7
19.82,108.15,105.78
19.86,107.48,105.85
19.9,106.82,105.92
19.94,106.15,105.99
19.98,105.49,106.05
20.01,104.82,106.1
20.06,104.14,106.16
20.11,103.47,106.22
20.15,102.79,106.27
20.19,102.12,106.33
20.24,101.44,106.38
20.28,100.76,106.43
20.32,100.08,106.48
20.36,99.41,106.53
20.4,98.72,106.57
20.44,98.04,106.62
20.47,97.35,106.66
20.51,96.67,106.7
20.54,95.98,106.74
20.57,95.3,106.78
20.6,94.61,106.81
20.63,93.92,106.85
20.66,93.23,106.88
20.69,92.54,106.91
20.72,91.85,106.94
20.74,91.15,106.97
20.77,90.46,107.0
20.79,89.77,107.02
20.81,89.07,107.04
20.83,88.37,107.06
20.84,87.68,107.08
20.86,86.98,107.1
20.87,86.29,107.12
20.89,85.59,107.13
20.9,84.89,107.14
20.91,84.19,107.16
20.92,83.5,107.17
20.94,82.8,107.19
20.95,82.1,107.2
20.95,81.4,107.21
20.95,80.7,107.2
20.95,80.0,107.2
19.39,157.35,35.0
19.39,157.35,35.68
19.38,157.35,36.36
19.38,157.35,37.04
19.38,157.34,37.72
19.37,157.34,38.4
19.37,157.34,39.08
19.36,157.33,39.76
19.35,157.33,40.43
19.35,157.32,41.11
19.34,157.3,41.79
19.33,157.29,42.47
19.32,157.27,43.14
19.3,157.25,43.82
19.29,157.24,44.5
19.28,157.22,45.17
19.27,157.2,45.85
19.25,157.18,46.52
19.24,157.16,47.19
19.22,157.13,47.87
19.2,157.1,48.54
19.18,157.06,49.21
19.16,157.03,49.88
19.14,157.0,50.55
19.12,156.96,51.22
19.1,156.93,51.88
19.08,156.89,52.55
19.05,156.86,53.21
19.03,156.82,53.88
19.0,156.78,54.54
18.98,156.74,55.2
18.95,156.7,55.86
18.92,156.66,56.53
18.9,156.61,57.18
18.87,156.57,57.84
18.84,156.52,58.5
18.81,156.48,59.15
18.78,156.43,59.81
18.75,156.38,60.46
18.72,156.34,61.11
18.69,156.28,61.76
18.65,156.23,62.41
18.62,156.17,63.06
18.59,156.12,63.7
18.55,156.06,64.34
18.53,156.01,64.99
18.49,155.96,65.64
18.46,155.89,66.28
18.43,155.83,66.92
18.39,155.77,67.56
18.36,155.7,68.2
18.33,155.64,68.83
18.3,155.58,69.47
18.27,155.51,70.11
18.23,155.44,70.75
18.2,155.37,71.38
18.17,155.3,72.01
18.14,155.22,72.65
18.12,155.15,73.29
18.09,155.08,73.92
18.06,155.0,74.55
18.03,154.91,75.19
18.01,154.83,75.82
17.98,154.75,76.45
17.97,154.67,77.09
17.95,154.58,77.73
17.92,154.47,78.35
17.9,154.37,78.99
17.88,154.27,79.62
17.88,154.17,80.26
17.87,154.06,80.91
17.86,153.96,81.55
17.85,153.82,82.17
17.83,153.66,82.8
17.84,153.52,83.45
17.85,153.39,84.09
17.86,153.24,84.74
17.89,153.08,85.39
17.9,152.89,86.03
17.9,152.69,86.66
17.93,152.49,87.29
17.97,152.29,87.94
18.01,152.08,88.59
18.05,151.87,89.24
18.09,151.64,89.88
18.14,151.38,90.51
18.19,151.12,91.14
18.24,150.85,91.77
18.29,150.58,92.4
18.36,150.28,93.01
18.44,149.98,93.63
18.52,149.68,94.25
18.59,149.37,94.87
18.67,149.04,95.46
18.77,148.68,96.03
18.87,148.31,96.59
18.95,147.92,97.14
19.0,147.48,97.65
19.0,146.96,98.08
18.99,146.39,98.43
18.98,145.8,98.76
18.97,145.21,99.09
18.95,144.6,99.41
18.94,144.0,99.71
18.94,143.38,99.98
18.94,142.76,100.25
18.93,142.13,100.51
18.92,141.51,100.77
18.93,140.89,101.01
18.94,140.27,101.25
18.94,139.64,101.48
18.94,139.0,101.71
18.95,138.37,101.91
18.97,137.74,102.11
18.98,137.11,102.31
19.0,136.48,102.5
19.02,135.85,102.68
19.04,135.22,102.85
19.06,134.58,103.02
19.09,133.95,103.18
19.12,133.32,103.33
19.15,132.69,103.48
19.18,132.06,103.63
19.21,131.42,103.77
19.24,130.79,103.91
19.28,130.15,104.04
19.32,129.52,104.17
19.35,128.89,104.3
19.39,128.25,104.42
19.43,127.62,104.54
19.47,126.98,104.65
19.51,126.34,104.77
19.55,125.71,104.88
19.6,125.07,104.99
19.64,124.43,105.1
19.69,123.79,105.21
19.73,123.15,105.31
19.77,122.51,105.41
19.82,121.86,105.5
19.86,121.22,105.6
19.91,120.57,105.7
19.95,119.93,105.79
20.0,119.28,105.88
20.05,118.62,105.96
20.1,117.96,106.04
20.16,117.31,106.12
20.22,116.65,106.2
20.28,115.99,106.27
20.34,115.33,106.35
20.39,114.67,106.43
20.45,114.01,106.5
20.51,113.34,106.58
20.56,112.67,106.65
20.62,112.0,106.72
20.68,111.34,106.79
20.73,110.67,106.86
20.79,109.99,106.93
20.84,109.32,107.0
20.89,108.65,107.06
20.94,107.97,107.13
20.99,107.29,107.19
21.04,106.61,107.25
21.09,105.93,107.31
21.14,105.25,107.37
21.19,104.57,107.43
21.23,103.88,107.49
21.28,103.19,107.54
21.32,102.51,107.59
21.37,101.82,107.64
21.41,101.13,107.69
21.45,100.43,107.74
21.49,99.74,107.79
21.53,99.05,107.84
21.57,98.35,107.88
21.6,97.66,107.92
21.64,96.96,107.96
21.67,96.26,108.0
21.7,95.56,108.04
21.73,94.86,108.08
21.77,94.16,108.11
21.79,93.46,108.14
21.82,92.76,108.18
21.85,92.05,108.21
21.87,91.35,108.23
21.9,90.64,108.26
21.92,89.94,108.28
21.94,89.23,108.31
21.96,88.52,108.33
21.98,87.81,108.35
21.99,87.11,108.36
22.01,86.4,108.38
22.02,85.68,108.39
22.03,84.98,108.41
22.04,84.27,108.42
22.06,83.56,108.44
22.07,82.84,108.45
22.08,82.13,108.46
22.09,81.42,108.47
22.09,80.71,108.47
22.08,80.0,108.46
20.4,158.77,35.0
20.4,158.77,35.69
20.4,158.76,36.39
20.4,158.76,37.08
20.39,158.76,37.77
20.38,158.76,38.47
20.38,158.75,39.16
20.37,158.75,39.85
20.36,158.74,40.54
20.35,158.73,41.24
20.34,158.72,41.93
20.33,158.71,42.62
20.31,158.7,43.31
20.29,158.68,44.0
20.28,158.67,44.69
20.26,158.65,45.38
20.25,158.63,46.07
20.23,158.61,46.76
20.21,158.59,47.45
20.19,158.57,48.13
20.16,158.54,48.82
20.13,158.51,49.5
20.11,158.48,50.19
20.08,158.45,50.87
20.06,158.42,51.56
20.03,158.39,52.24
20.0,158.36,52.92
19.98,158.33,53.6
19.96,158.29,54.28
19.93,158.25,54.96
19.91,158.22,55.63
19.88,158.17,56.31
19.85,158.13,56.98
19.82,158.09,57.66
19.79,158.04,58.32
19.76,158.0,58.99
19.73,157.95,59.66
19.7,157.9,60.33
19.67,157.85,61.0
19.64,157.8,61.66
19.61,157.75,62.33
19.58,157.69,62.99
19.54,157.64,63.65
19.51,157.58,64.31
19.47,157.52,64.97
19.44,157.47,65.63
19.41,157.42,66.29
19.38,157.35,66.94
19.34,157.29,67.59
19.31,157.23,68.25
19.27,157.16,68.9
19.24,157.1,69.55
19.21,157.03,70.2
19.17,156.96,70.85
19.14,156.89,71.5
19.11,156.82,72.15
19.07,156.75,72.79
19.05,156.68,73.44
19.02,156.6,74.09
18.99,156.53,74.74
18.96,156.45,75.38
18.93,156.36,76.03
18.9,156.28,76.67
18.88,156.2,77.32
18.86,156.12,77.97
18.84,156.03,78.62
18.81,155.91,79.26
18.79,155.81,79.9
18.77,155.71,80.55
18.76,155.61,81.2
18.75,155.5,81.86
18.74,155.39,82.51
18.72,155.26,83.15
18.71,155.1,83.79
18.72,154.96,84.45
18.72,154.82,85.11
18.73,154.67,85.76
18.76,154.51,86.43
18.77,154.32,87.08
18.77,154.12,87.72
18.79,153.92,88.37
18.83,153.7,89.03
18.87,153.49,89.7
18.91,153.28,90.36
18.95,153.05,91.01
19.0,152.79,91.66
19.05,152.52,92.3
19.1,152.25,92.94
19.14,151.97,93.58
19.22,151.66,94.2
19.3,151.36,94.84
19.38,151.05,95.47
19.45,150.73,96.1
19.53,150.4,96.7
19.63,150.03,97.29
19.73,149.66,97.86
19.81,149.26,98.42
19.87,148.81,98.94
19.86,148.28,99.37
19.85,147.7,99.74
19.84,147.1,100.07
19.83,146.49,100.4
19.81,145.87,100.73
19.8,145.26,101.03
19.8,144.63,101.31
19.79,143.99,101.59
19.78,143.35,101.85
19.77,142.72,102.12
19.78,142.08,102.36
19.79,141.45,102.61
19.8,140.8,102.84
19.79,140.16,103.07
19.81,139.52,103.28
19.82,138.87,103.48
19.84,138.23,103.68
19.85,137.58,103.88
19.87,136.94,104.06
19.9,136.3,104.23
19.92,135.65,104.4
19.94,135.0,104.56
19.97,134.36,104.72
20.0,133.71,104.86
20.04,133.06,105.0
20.08,132.41,105.14
20.12,131.76,105.27
20.17,131.11,105.4
20.22,130.46,105.52
20.27,129.81,105.65
20.32,129.16,105.77
20.37,128.51,105.88
20.42,127.85,105.99
20.47,127.2,106.1
20.53,126.55,106.21
20.59,125.89,106.31
20.65,125.24,106.41
20.7,124.58,106.51
20.76,123.92,106.61
20.82,123.27,106.7
20.87,122.61,106.79
20.93,121.95,106.88
20.99,121.28,106.97
21.05,120.62,107.06
21.11,119.96,107.14
21.17,119.29,107.22
21.23,118.62,107.31
21.28,117.96,107.38
21.34,117.29,107.46
21.4,116.62,107.54
21.46,115.94,107.62
21.52,115.27,107.7
21.58,114.59,107.77
21.63,113.92,107.85
21.69,113.24,107.92
21.75,112.56,107.99
21.8,111.88,108.06
21.86,111.2,108.13
21.91,110.51,108.2
21.97,109.83,108.26
22.02,109.14,108.33
22.07,108.45,108.39
22.12,107.76,108.46
22.17,107.07,108.52
22.22,106.38,108.58
22.27,105.68,108.64
22.32,104.99,108.7
22.36,104.29,108.75
22.41,103.59,108.81
22.45,102.89,108.86
22.5,102.19,108.91
22.54,101.49,108.96
22.58,100.78,109.01
22.62,100.08,109.06
22.66,99.37,109.1
22.7,98.67,109.15
22.73,97.96,109.19
22.77,97.25,109.23
22.8,96.54,109.27
22.83,95.83,109.3
22.87,95.11,109.34
22.9,94.4,109.38
22.93,93.69,109.41
22.95,92.97,109.44
22.98,92.26,109.47
23.01,91.54,109.5
23.03,90.82,109.52
23.05,90.1,109.55
23.07,89.39,109.57
23.09,88.66,109.59
23.11,87.95,109.61
23.13,87.23,109.63
23.14,86.5,109.64
23.15,85.78,109.66
23.16,85.06,109.67
23.18,84.34,109.68
23.19,83.62,109.7
23.2,82.89,109.71
23.21,82.17,109.72
23.22,81.45,109.73
23.22,80.72,109.73
23.21,80.0,109.72
21.59,160.07,35.0
21.59,160.07,35.71
21.58,160.07,36.41
21.58,160.07,37.12
21.58,160.06,37.82
21.57,160.06,38.53
21.56,160.06,39.24
21.56,160.06,39.94
21.55,160.05,40.64
21.54,160.04,41.35
21.52,160.03,42.06
21.51,160.02,42.76
21.5,160.0,43.46
21.48,159.99,44.16
21.46,159.97,44.87
21.45,159.96,45.57
21.43,159.94,46.27
21.41,159.92,46.97
21.39,159.9,47.67
21.37,159.87,48.37
21.34,159.85,49.07
21.32,159.82,49.77
21.29,159.79,50.47
21.26,159.76,51.16
21.24,159.73,51.86
21.21,159.7,52.55
21.18,159.67,53.25
21.15,159.63,53.94
21.12,159.6,54.63
21.08,159.56,55.32
21.05,159.53,56.01
21.02,159.49,56.7
20.98,159.45,57.39
20.94,159.41,58.08
20.91,159.37,58.76
20.87,159.33,59.45
20.83,159.29,60.13
20.79,159.24,60.81
20.75,159.2,61.49
20.71,159.16,62.17
20.67,159.11,62.85
20.62,159.06,63.53
20.58,159.01,64.21
20.54,158.96,64.88
20.49,158.9,65.55
20.45,158.86,66.23
20.41,158.81,66.9
20.36,158.75,67.57
20.32,158.69,68.24
20.27,158.63,68.91
20.22,158.57,69.58
20.18,158.51,70.24
20.14,158.46,70.91
20.09,158.39,71.58
20.05,158.33,72.24
20.0,158.26,72.91
19.98,158.2,73.57
19.95,158.13,74.23
19.92,158.05,74.9
19.88,157.98,75.55
19.85,157.9,76.21
19.83,157.81,76.87
19.8,157.72,77.53
19.77,157.65,78.19
19.75,157.56,78.85
19.73,157.47,79.51
19.7,157.36,80.16
19.67,157.26,80.82
19.65,157.15,81.48
19.64,157.05,82.15
19.64,156.94,82.81
19.62,156.83,83.48
19.6,156.69,84.13
19.59,156.53,84.78
19.59,156.39,85.45
19.59,156.25,86.12
19.6,156.1,86.79
19.63,155.93,87.47
19.64,155.75,88.14
19.64,155.54,88.79
19.66,155.34,89.45
19.7,155.12,90.13
19.74,154.91,90.8
19.77,154.69,91.48
19.81,154.46,92.14
19.86,154.19,92.8
19.91,153.92,93.46
19.96,153.64,94.11
20.0,153.36,94.76
20.09,153.03,95.38
20.2,152.71,96.02
20.3,152.38,96.65
20.4,152.05,97.28
20.5,151.69,97.89
20.63,151.31,98.47
20.76,150.91,99.05
20.88,150.5,99.61
20.95,150.04,100.13
20.95,149.49,100.57
20.93,148.9,100.95
20.91,148.29,101.29
20.9,147.67,101.63
20.88,147.05,101.96
20.86,146.42,102.27
20.85,145.78,102.56
20.84,145.13,102.84
20.83,144.48,103.11
20.82,143.83,103.37
20.83,143.19,103.62
20.84,142.54,103.87
20.84,141.88,104.1
20.84,141.22,104.34
20.86,140.57,104.54
20.88,139.91,104.74
20.89,139.25,104.94
20.91,138.59,105.15
20.94,137.94,105.32
20.97,137.28,105.49
21.0,136.62,105.66
21.03,135.95,105.83
21.07,135.3,105.98
21.11,134.64,106.12
21.16,133.98,106.27
21.2,133.31,106.41
21.24,132.65,106.54
21.29,131.99,106.67
21.34,131.33,106.79
21.39,130.67,106.92
21.44,130.01,107.04
21.49,129.34,107.15
21.54,128.68,107.26
21.6,128.01,107.37
21.65,127.35,107.48
21.71,126.68,107.58
21.77,126.02,107.68
21.83,125.35,107.78
21.88,124.68,107.88
21.94,124.01,107.97
22.0,123.34,108.06
22.06,122.67,108.15
22.12,121.99,108.24
22.18,121.32,108.33
22.24,120.64,108.41
22.29,119.96,108.49
22.35,119.28,108.57
22.41,118.6,108.65
22.47,117.92,108.73
22.53,117.24,108.81
22.59,116.56,108.89
22.65,115.87,108.97
22.7,115.18,109.04
22.76,114.5,109.11
22.82,113.8,109.19
22.87,113.11,109.26
22.93,112.42,109.33
22.98,111.73,109.4
23.04,111.03,109.47
23.09,110.33,109.53
23.15,109.63,109.6
23.2,108.93,109.66
23.25,108.23,109.72
23.3,107.53,109.79
23.35,106.82,109.85
23.4,106.11,109.91
23.45,105.41,109.96
23.49,104.7,110.02
23.54,103.99,110.07
23.58,103.28,110.13
23.63,102.56,110.18
23.67,101.85,110.23
23.71,101.13,110.28
23.75,100.42,110.32
23.79,99.7,110.37
23.83,98.98,110.41
23.86,98.26,110.45
23.9,97.54,110.49
23.93,96.82,110.53
23.97,96.09,110.57
24.0,95.37,110.6
24.03,94.64,110.64
24.06,93.92,110.67
24.09,93.19,110.7
24.11,92.46,110.73
24.14,91.73,110.76
24.16,91.01,110.79
24.18,90.27,110.81
24.21,89.54,110.83
24.22,88.81,110.85
24.24,88.08,110.87
24.26,87.35,110.89
24.27,86.61,110.9
24.29,85.88,110.92
24.3,85.15,110.93
24.31,84.41,110.95
24.32,83.68,110.96
24.33,82.94,110.97
24.34,82.21,110.98
24.35,81.47,110.99
24.35,80.74,110.99
24.34,80.0,110.99
22.77,161.38,35.0
22.77,161.38,35.72
22.77,161.38,36.44
22.77,161.38,37.16
22.76,161.37,37.87
22.76,161.37,38.59
22.75,161.37,39.31
22.74,161.36,40.03
22.73,161.36,40.75
22.72,161.35,41.46
22.71,161.34,42.18
22.7,161.33,42.9
22.68,161.31,43.61
22.66,161.29,44.33
22.65,161.28,45.04
22.63,161.26,45.76
22.61,161.25,46.47
22.6,161.23,47.19
22.58,161.21,47.9
22.55,161.18,48.61
22.52,161.15,49.32
22.5,161.13,50.03
22.47,161.1,50.74
22.44,161.07,51.45
22.42,161.04,52.16
22.39,161.01,52.87
22.36,160.97,53.57
22.33,160.94,54.28
22.3,160.91,54.98
22.26,160.87,55.69
22.23,160.83,56.39
22.2,160.79,57.09
22.16,160.76,57.79
22.12,160.72,58.49
22.09,160.67,59.19
22.05,160.63,59.89
22.01,160.59,60.58
21.97,160.54,61.28
21.93,160.5,61.97
21.89,160.46,62.67
21.85,160.41,63.36
21.8,160.36,64.05
21.76,160.31,64.74
21.71,160.26,65.42
21.67,160.2,66.11
21.63,160.16,66.8
21.59,160.1,67.48
21.54,160.05,68.16
21.49,159.99,68.84
21.45,159.93,69.53
21.4,159.87,70.21
21.35,159.81,70.88
21.31,159.75,71.56
21.27,159.69,72.24
21.22,159.62,72.92
21.17,159.56,73.59
21.13,159.49,74.27
21.09,159.42,74.94
21.05,159.35,75.62
21.01,159.28,76.29
20.97,159.2,76.97
20.93,159.12,77.64
20.89,159.04,78.31
20.85,158.97,78.99
20.83,158.89,79.66
20.8,158.8,80.34
20.76,158.69,81.0
20.72,158.59,81.68
20.69,158.49,82.35
20.68,158.39,83.03
20.67,158.28,83.71
20.65,158.17,84.39
20.62,158.04,85.05
20.61,157.88,85.72
20.6,157.74,86.4
20.61,157.6,87.08
20.62,157.44,87.76
20.64,157.27,88.45
20.66,157.08,89.13
20.66,156.87,89.79
20.69,156.66,90.47
20.73,156.44,91.15
20.78,156.22,91.83
20.83,155.99,92.51
20.89,155.75,93.19
20.95,155.47,93.85
21.01,155.19,94.52
21.08,154.9,95.18
21.14,154.61,95.83
21.23,154.29,96.48
21.33,153.97,97.13
21.44,153.63,97.77
21.54,153.29,98.41
21.65,152.93,99.03
21.77,152.54,99.64
21.9,152.14,100.22
22.02,151.72,100.79
22.09,151.25,101.32
22.1,150.7,101.76
22.07,150.1,102.15
22.04,149.47,102.51
22.03,148.84,102.85
22.01,148.21,103.18
21.99,147.57,103.5
21.97,146.92,103.8
21.96,146.26,104.07
21.95,145.6,104.35
21.94,144.93,104.62
21.94,144.28,104.88
21.96,143.62,105.12
21.96,142.95,105.36
21.96,142.28,105.59
21.98,141.61,105.8
22.0,140.94,106.0
22.01,140.27,106.2
22.03,139.6,106.41
22.06,138.93,106.59
22.09,138.26,106.76
22.12,137.58,106.93
22.15,136.91,107.09
22.19,136.24,107.24
22.23,135.57,107.39
22.27,134.9,107.54
22.31,134.22,107.68
22.36,133.55,107.81
22.41,132.88,107.94
22.46,132.2,108.07
22.5,131.53,108.19
22.56,130.86,108.31
22.61,130.18,108.42
22.66,129.5,108.53
22.72,128.83,108.64
22.77,128.15,108.75
22.83,127.47,108.85
22.89,126.8,108.95
22.95,126.12,109.05
23.01,125.44,109.15
23.06,124.75,109.24
23.12,124.07,109.33
23.18,123.39,109.42
23.24,122.7,109.51
23.3,122.01,109.6
23.36,121.33,109.68
23.42,120.64,109.76
23.48,119.94,109.84
23.54,119.25,109.92
23.59,118.56,110.0
23.65,117.87,110.08
23.71,117.17,110.16
23.77,116.47,110.24
23.83,115.77,110.31
23.89,115.07,110.38
23.94,114.37,110.45
24.0,113.67,110.53
24.06,112.96,110.6
24.11,112.26,110.67
24.17,111.55,110.73
24.22,110.84,110.8
24.27,110.13,110.87
24.32,109.41,110.93
24.38,108.7,110.99
24.43,107.98,111.05
24.48,107.27,111.11
24.53,106.55,111.17
24.57,105.83,111.23
24.62,105.11,111.28
24.67,104.39,111.34
24.71,103.66,111.39
24.75,102.94,111.44
24.8,102.21,111.49
24.84,101.48,111.54
24.88,100.75,111.59
24.92,100.03,111.63
24.96,99.29,111.68
24.99,98.56,111.72
25.02,97.82,111.75
25.06,97.09,111.78
25.1,96.36,111.81
25.14,95.62,111.85
25.17,94.88,111.88
25.2,94.14,111.91
25.24,93.4,111.93
25.26,92.66,111.96
25.29,91.92,111.98
25.32,91.18,112.01
25.34,90.44,112.03
25.37,89.69,112.05
25.39,88.95,112.07
25.41,88.21,112.08
25.43,87.46,112.1
25.44,86.72,112.11
25.46,85.97,112.12
25.47,85.23,112.14
25.48,84.48,112.15
25.5,83.73,112.16
25.51,82.99,112.18
25.52,82.24,112.18
25.53,81.5,112.19
25.53,80.75,112.19
25.52,80.0,112.19
23.96,162.69,35.0
23.96,162.69,35.73
23.96,162.69,36.46
23.95,162.68,37.19
23.95,162.68,37.92
23.94,162.68,38.66
23.94,162.68,39.39
23.93,162.67,40.12
23.92,162.66,40.85
23.91,162.66,41.58
23.9,162.65,42.31
23.88,162.63,43.04
23.87,162.62,43.76
23.85,162.6,44.49
23.83,162.59,45.22
23.82,162.57,45.95
23.8,162.56,46.67
23.78,162.54,47.4
23.76,162.52,48.13
23.73,162.49,48.85
23.71,162.46,49.57
23.68,162.43,50.3
23.65,162.41,51.02
23.63,162.38,51.74
23.6,162.35,52.46
23.57,162.32,53.18
23.54,162.28,53.9
23.51,162.25,54.62
23.48,162.21,55.34
23.44,162.18,56.05
23.41,162.14,56.77
23.38,162.1,57.48
23.34,162.06,58.19
23.3,162.02,58.91
23.27,161.98,59.62
23.23,161.94,60.33
23.19,161.89,61.04
23.15,161.85,61.74
23.11,161.8,62.45
23.07,161.76,63.16
23.03,161.71,63.86
22.98,161.66,64.56
22.94,161.61,65.26
22.89,161.56,65.96
22.85,161.5,66.66
22.81,161.45,67.36
22.77,161.4,68.06
22.72,161.35,68.76
22.67,161.29,69.45
22.62,161.23,70.14
22.58,161.17,70.83
22.53,161.11,71.52
22.49,161.05,72.22
22.44,160.99,72.91
22.4,160.92,73.6
22.35,160.85,74.28
22.31,160.79,74.97
22.26,160.72,75.66
22.22,160.65,76.35
22.18,160.58,77.03
22.14,160.5,77.72
22.1,160.42,78.4
22.06,160.34,79.09
22.02,160.26,79.77
21.99,160.18,80.46
21.97,160.09,81.15
21.92,159.99,81.83
21.89,159.89,82.51
21.86,159.79,83.19
21.84,159.68,83.89
21.83,159.58,84.58
21.81,159.47,85.27
21.79,159.33,85.95
21.77,159.17,86.63
21.76,159.03,87.32
21.76,158.89,88.01
21.78,158.73,88.71
21.8,158.56,89.41
21.81,158.37,90.09
21.81,158.16,90.77
21.84,157.94,91.46
21.88,157.72,92.15
21.93,157.51,92.85
21.98,157.27,93.54
22.04,157.02,94.23
22.09,156.75,94.9
22.15,156.47,95.58
22.22,156.17,96.25
22.29,155.87,96.92
22.38,155.54,97.58
22.47,155.23,98.24
22.58,154.88,98.89
22.69,154.53,99.54
22.79,154.16,100.17
22.91,153.78,100.8
23.03,153.38,101.39
23.16,152.94,101.97
23.24,152.46,102.5
23.24,151.9,102.96
23.21,151.29,103.35
23.17,150.66,103.72
23.16,150.02,104.07
23.14,149.37,104.4
23.12,148.71,104.72
23.09,148.05,105.03
23.09,147.38,105.31
23.08,146.71,105.59
23.06,146.03,105.86
23.06,145.36,106.13
23.08,144.69,106.37
23.08,144.01,106.61
23.08,143.33,106.84
23.1,142.65,107.06
23.11,141.97,107.26
23.13,141.28,107.46
23.15,140.6,107.67
23.18,139.92,107.85
23.21,139.24,108.02
23.24,138.55,108.19
23.27,137.86,108.36
23.31,137.18,108.51
23.35,136.5,108.66
23.39,135.82,108.81
23.43,135.13,108.95
23.48,134.45,109.08
23.53,133.76,109.21
23.57,133.08,109.34
23.62,132.39,109.47
23.68,131.71,109.58
23.73,131.02,109.69
23.78,130.33,109.8
23.84,129.64,109.91
23.89,128.95,110.02
23.95,128.27,110.12
24.01,127.57,110.22
24.07,126.89,110.32
24.13,126.19,110.42
24.19,125.5,110.51
24.25,124.8,110.6
24.3,124.11,110.69
24.36,123.41,110.78
24.43,122.71,110.86
24.49,122.01,110.95
24.54,121.31,111.03
24.6,120.61,111.11
24.66,119.9,111.19
24.72,119.19,111.27
24.78,118.49,111.35
24.84,117.78,111.43
24.9,117.07,111.5
24.95,116.36,111.58
25.01,115.65,111.64
25.07,114.93,111.71
25.13,114.21,111.77
25.2,113.49,111.84
25.26,112.78,111.9
25.32,112.05,111.96
25.38,111.33,112.02
25.44,110.6,112.08
25.5,109.88,112.14
25.56,109.15,112.19
25.61,108.42,112.25
25.67,107.69,112.3
25.73,106.96,112.36
25.78,106.23,112.41
25.83,105.5,112.46
25.88,104.76,112.51
25.93,104.03,112.55
25.98,103.29,112.6
26.03,102.55,112.64
26.08,101.81,112.69
26.12,101.07,112.73
26.17,100.33,112.77
26.21,99.59,112.81
26.25,98.84,112.84
26.29,98.1,112.88
26.33,97.35,112.91
26.37,96.6,112.95
26.4,95.86,112.98
26.44,95.11,113.01
26.47,94.36,113.04
26.5,93.61,113.07
26.53,92.85,113.09
26.56,92.1,113.12
26.58,91.35,113.14
26.61,90.6,113.16
26.63,89.84,113.18
26.65,89.09,113.2
26.67,88.33,113.22
26.69,87.58,113.23
26.71,86.82,113.25
26.72,86.06,113.26
26.73,85.31,113.27
26.75,84.55,113.28
26.76,83.79,113.3
26.77,83.03,113.31
26.78,82.28,113.32
26.79,81.52,113.32
26.79,80.76,113.32
26.78,80.0,113.32
25.15,163.97,35.0
25.15,163.97,35.74
25.15,163.97,36.49
25.15,163.97,37.23
25.14,163.96,37.97
25.13,163.96,38.72
25.13,163.96,39.46
25.12,163.96,40.2
25.11,163.95,40.95
25.09,163.94,41.69
25.08,163.94,42.43
25.07,163.93,43.17
25.05,163.91,43.91
25.03,163.9,44.66
25.01,163.89,45.4
25.0,163.88,46.14
24.98,163.86,46.88
24.96,163.85,47.62
24.94,163.82,48.36
24.91,163.8,49.09
24.89,163.77,49.83
24.86,163.74,50.56
24.83,163.72,51.3
24.81,163.69,52.03
24.78,163.66,52.76
24.75,163.62,53.5
24.72,163.59,54.23
24.69,163.56,54.96
24.66,163.52,55.69
24.62,163.48,56.42
24.59,163.45,57.15
24.56,163.41,57.87
24.52,163.37,58.6
24.49,163.33,59.32
24.45,163.28,60.05
24.41,163.24,60.77
24.37,163.19,61.49
24.33,163.15,62.21
24.29,163.1,62.93
24.25,163.06,63.65
24.21,163.01,64.36
24.16,162.96,65.08
24.12,162.91,65.79
24.07,162.85,66.51
24.03,162.8,67.21
23.99,162.75,67.93
23.94,162.7,68.64
23.9,162.64,69.35
23.85,162.58,70.05
23.8,162.52,70.76
23.75,162.46,71.46
23.71,162.41,72.17
23.66,162.35,72.87
23.62,162.28,73.57
23.57,162.22,74.27
23.52,162.15,74.97
23.48,162.08,75.67
23.44,162.01,76.37
23.39,161.95,77.07
23.35,161.87,77.77
23.31,161.8,78.47
23.27,161.72,79.16
23.23,161.64,79.86
23.19,161.56,80.56
23.16,161.48,81.26
23.13,161.39,81.96
23.08,161.28,82.65
23.05,161.19,83.34
23.02,161.08,84.04
23.01,160.98,84.74
22.99,160.87,85.45
22.97,160.76,86.15
22.95,160.62,86.84
22.92,160.46,87.53
22.92,160.32,88.23
22.92,160.18,88.94
22.93,160.02,89.65
22.95,159.84,90.36
22.96,159.66,91.06
22.97,159.44,91.75
22.99,159.23,92.45
23.03,159.01,93.15
23.07,158.79,93.86
23.13,158.55,94.56
23.19,158.3,95.26
23.24,158.02,95.95
23.29,157.74,96.64
23.37,157.44,97.32
23.44,157.13,98.0
23.52,156.8,98.67
23.61,156.48,99.35
23.73,156.13,100.01
23.84,155.78,100.67
23.94,155.4,101.32
24.05,155.01,101.96
24.17,154.61,102.57
24.3,154.16,103.15
24.38,153.68,103.69
24.39,153.1,104.15
24.35,152.48,104.56
24.3,151.84,104.94
24.29,151.19,105.28
24.27,150.53,105.62
24.24,149.86,105.95
24.22,149.19,106.27
24.21,148.51,106.55
24.2,147.82,106.83
24.18,147.13,107.11
24.18,146.45,107.38
24.2,145.77,107.62
24.2,145.08,107.86
24.21,144.38,108.1
24.21,143.69,108.32
24.23,143.0,108.52
24.25,142.3,108.72
24.27,141.61,108.93
24.3,140.91,109.11
24.33,140.22,109.29
24.36,139.52,109.46
24.39,138.82,109.63
24.43,138.13,109.78
24.47,137.43,109.93
24.51,136.74,110.08
24.55,136.04,110.22
24.59,135.34,110.36
24.64,134.65,110.48
24.69,133.95,110.61
24.74,133.25,110.74
24.8,132.56,110.85
24.85,131.86,110.97
24.91,131.16,111.08
24.96,130.46,111.19
25.01,129.75,111.28
25.08,129.05,111.38
25.14,128.34,111.47
25.21,127.64,111.57
25.28,126.93,111.65
25.34,126.22,111.74
25.41,125.51,111.82
25.47,124.81,111.91
25.54,124.1,111.99
25.61,123.38,112.07
25.68,122.67,112.15
25.74,121.95,112.22
25.81,121.24,112.3
25.88,120.52,112.37
25.94,119.8,112.44
26.01,119.08,112.51
26.08,118.36,112.58
26.14,117.64,112.65
26.21,116.91,112.72
26.27,116.19,112.79
26.34,115.46,112.85
26.4,114.73,112.91
26.46,114.0,112.98
26.53,113.27,113.04
26.59,112.54,113.1
26.65,111.8,113.16
26.71,111.07,113.22
26.77,110.33,113.28
26.82,109.59,113.33
26.88,108.85,113.39
26.94,108.11,113.44
26.99,107.37,113.5
27.05,106.63,113.55
27.1,105.88,113.59
27.15,105.14,113.64
27.2,104.39,113.69
27.25,103.64,113.73
27.3,102.89,113.78
27.34,102.14,113.82
27.39,101.39,113.86
27.43,100.64,113.9
27.47,99.88,113.94
27.52,99.12,113.98
27.55,98.37,114.01
27.59,97.61,114.05
27.63,96.85,114.08
27.67,96.09,114.11
27.7,95.33,114.14
27.73,94.57,114.17
27.76,93.81,114.2
27.79,93.05,114.23
27.82,92.28,114.25
27.85,91.52,114.27
27.87,90.75,114.29
27.89,89.99,114.31
27.91,89.22,114.33
27.93,88.46,114.35
27.95,87.69,114.36
27.97,86.92,114.38
27.98,86.15,114.39
28.0,85.39,114.4
28.01,84.62,114.41
28.02,83.85,114.43
28.03,83.08,114.44
28.04,82.31,114.45
28.05,81.54,114.46
28.05,80.77,114.46
28.04,80.0,114.45
26.47,165.14,35.0
26.47,165.14,35.76
26.47,165.14,36.51
26.47,165.14,37.27
26.46,165.13,38.02
26.45,165.13,38.78
26.45,165.13,39.53
26.44,165.13,40.29
26.43,165.12,41.04
26.42,165.11,41.8
26.4,165.11,42.55
26.39,165.1,43.3
26.37,165.08,44.06
26.35,165.07,44.81
26.33,165.06,45.56
26.31,165.04,46.31
26.29,165.03,47.06
26.27,165.01,47.82
26.24,164.99,48.57
26.22,164.97,49.31
26.19,164.95,50.06
26.16,164.92,50.81
26.13,164.9,51.56
26.09,164.87,52.3
26.06,164.84,53.05
26.03,164.82,53.79
26.0,164.79,54.54
25.96,164.76,55.28
25.93,164.72,56.02
25.89,164.69,56.76
25.85,164.66,57.51
25.81,164.62,58.25
25.78,164.59,58.98
25.73,164.55,59.72
25.69,164.51,60.46
25.65,164.47,61.19
25.61,164.43,61.93
25.56,164.39,62.66
25.52,164.35,63.39
25.47,164.31,64.13
25.43,164.26,64.85
25.38,164.21,65.58
25.33,164.17,66.31
25.27,164.12,67.04
25.22,164.07,67.76
25.18,164.02,68.49
25.13,163.98,69.21
25.08,163.92,69.93
25.02,163.87,70.65
24.98,163.82,71.37
24.93,163.76,72.09
24.88,163.7,72.81
24.84,163.64,73.52
24.79,163.58,74.24
24.75,163.51,74.95
24.7,163.45,75.66
24.65,163.38,76.37
24.61,163.31,77.09
24.57,163.24,77.8
24.52,163.17,78.51
24.48,163.09,79.21
24.44,163.01,79.92
24.39,162.93,80.63
24.36,162.86,81.34
24.33,162.77,82.05
24.3,162.69,82.77
24.25,162.58,83.47
24.21,162.49,84.17
24.19,162.38,84.88
24.17,162.27,85.6
24.15,162.17,86.32
24.13,162.06,87.03
24.11,161.91,87.73
24.08,161.75,88.44
24.08,161.61,89.15
24.08,161.47,89.87
24.09,161.3,90.59
24.11,161.13,91.31
24.11,160.95,92.02
24.12,160.73,92.72
24.15,160.51,93.44
24.18,160.29,94.15
24.22,160.08,94.87
24.28,159.83,95.59
24.34,159.57,96.3
24.38,159.3,97.0
24.44,159.02,97.7
24.51,158.7,98.39
24.59,158.39,99.08
24.66,158.06,99.77
24.75,157.74,100.46
24.87,157.39,101.13
24.98,157.02,101.8
25.09,156.63,102.45
25.2,156.23,103.1
25.33,155.81,103.71
25.48,155.35,104.29
25.58,154.85,104.84
25.59,154.27,105.3
25.54,153.64,105.72
25.48,152.99,106.11
25.46,152.33,106.47
25.44,151.66,106.81
25.41,150.98,107.14
25.37,150.3,107.47
25.36,149.61,107.76
25.35,148.91,108.04
25.34,148.21,108.32
25.33,147.52,108.59
25.35,146.82,108.84
25.35,146.12,109.08
25.36,145.41,109.32
25.37,144.71,109.54
25.39,144.0,109.74
25.41,143.29,109.94
25.43,142.58,110.15
25.46,141.88,110.33
25.5,141.17,110.5
25.53,140.46,110.67
25.56,139.75,110.84
25.61,139.04,110.99
25.65,138.33,111.14
25.7,137.62,111.28
25.74,136.91,111.42
25.8,136.2,111.55
25.85,135.49,111.67
25.91,134.78,111.79
25.96,134.07,111.92
26.03,133.36,112.02
26.09,132.65,112.13
26.15,131.93,112.24
26.21,131.22,112.34
26.28,130.51,112.43
26.34,129.79,112.53
26.41,129.08,112.63
26.48,128.36,112.72
26.54,127.65,112.8
26.61,126.93,112.89
26.68,126.2,112.97
26.74,125.48,113.06
26.81,124.76,113.14
26.88,124.04,113.22
26.95,123.31,113.3
27.01,122.59,113.37
27.08,121.86,113.44
27.14,121.13,113.52
27.21,120.4,113.59
27.28,119.67,113.66
27.34,118.94,113.73
27.41,118.2,113.8
27.48,117.47,113.86
27.54,116.73,113.93
27.6,115.99,113.99
27.67,115.25,114.06
27.73,114.51,114.12
27.79,113.77,114.18
27.85,113.03,114.24
27.92,112.28,114.3
27.97,111.53,114.36
28.03,110.78,114.42
28.09,110.03,114.47
28.15,109.28,114.53
28.2,108.53,114.58
28.26,107.78,114.63
28.31,107.02,114.68
28.36,106.27,114.73
28.42,105.51,114.78
28.47,104.75,114.83
28.51,103.99,114.87
28.56,103.23,114.91
28.61,102.47,114.96
28.65,101.7,115.0
28.7,100.94,115.04
28.74,100.17,115.08
28.78,99.41,115.11
28.82,98.64,115.15
28.86,97.87,115.18
28.89,97.1,115.21
28.93,96.33,115.25
28.96,95.56,115.28
29.0,94.79,115.3
29.03,94.01,115.33
29.06,93.24,115.36
29.08,92.46,115.38
29.11,91.69,115.41
29.13,90.91,115.43
29.16,90.13,115.45
29.18,89.36,115.47
29.2,88.58,115.48
29.21,87.8,115.5
29.23,87.02,115.51
29.25,86.24,115.52
29.26,85.46,115.53
29.27,84.68,115.55
29.28,83.9,115.56
29.29,83.12,115.57
29.3,82.34,115.58
29.31,81.56,115.59
29.31,80.78,115.59
29.31,80.0,115.58
27.8,166.31,35.0
27.79,166.31,35.77
27.79,166.31,36.54
27.79,166.31,37.3
27.78,166.3,38.07
27.78,166.3,38.84
27.77,166.3,39.6
27.76,166.3,40.37
27.75,166.29,41.14
27.74,166.28,41.9
27.72,166.27,42.67
27.71,166.27,43.43
27.69,166.25,44.2
27.67,166.24,44.96
27.65,166.23,45.73
27.63,166.21,46.49
27.61,166.2,47.25
27.59,166.18,48.02
27.57,166.16,48.78
27.54,166.14,49.54
27.51,166.12,50.3
27.48,166.09,51.06
27.45,166.07,51.82
27.41,166.04,52.57
27.38,166.01,53.33
27.35,165.99,54.09
27.32,165.96,54.84
27.28,165.93,55.6
27.25,165.89,56.35
27.21,165.86,57.1
27.17,165.83,57.86
27.13,165.79,58.61
27.09,165.76,59.36
27.05,165.72,60.11
27.01,165.68,60.86
26.97,165.64,61.61
26.93,165.6,62.35
26.88,165.56,63.09
26.84,165.52,63.84
26.79,165.48,64.58
26.74,165.43,65.32
26.69,165.39,66.06
26.64,165.34,66.8
26.59,165.29,67.54
26.54,165.24,68.28
26.5,165.2,69.02
26.45,165.15,69.75
26.39,165.1,70.48
26.34,165.05,71.21
26.29,164.99,71.95
26.23,164.94,72.68
26.18,164.88,73.41
26.13,164.83,74.13
26.08,164.77,74.86
26.02,164.71,75.59
25.97,164.65,76.32
25.92,164.58,77.04
25.87,164.52,77.76
25.82,164.46,78.49
25.77,164.39,79.21
25.72,164.32,79.93
25.67,164.24,80.66
25.62,164.16,81.38
25.58,164.09,82.1
25.54,164.01,82.83
25.51,163.93,83.55
25.45,163.83,84.27
25.41,163.74,84.98
25.38,163.63,85.71
25.36,163.53,86.44
25.34,163.43,87.16
25.32,163.32,87.89
25.29,163.17,88.61
25.26,163.02,89.32
25.25,162.88,90.05
25.26,162.73,90.78
25.27,162.56,91.51
25.29,162.39,92.25
25.28,162.21,92.97
25.3,161.98,93.68
25.32,161.76,94.4
25.36,161.55,95.13
25.4,161.33,95.86
25.47,161.07,96.58
25.53,160.81,97.3
25.58,160.53,98.02
25.64,160.24,98.72
25.72,159.92,99.42
25.81,159.6,100.12
25.89,159.27,100.82
25.98,158.94,101.51
26.11,158.57,102.19
26.24,158.19,102.86
26.36,157.8,103.52
26.47,157.4,104.18
26.61,156.97,104.81
26.75,156.51,105.4
26.85,156.0,105.95
26.86,155.41,106.42
26.82,154.77,106.84
26.75,154.11,107.25
26.73,153.43,107.61
26.71,152.75,107.95
26.68,152.06,108.29
26.64,151.37,108.62
26.63,150.67,108.91
26.61,149.96,109.2
26.6,149.25,109.48
26.59,148.54,109.76
26.61,147.84,110.01
26.61,147.12,110.24
26.62,146.4,110.48
26.63,145.69,110.71
26.65,144.97,110.91
26.67,144.25,111.11
26.69,143.53,111.32
26.72,142.82,111.5
26.76,142.1,111.67
26.79,141.37,111.84
26.83,140.65,112.01
26.87,139.93,112.16
26.92,139.21,112.3
26.96,138.49,112.45
27.01,137.77,112.59
27.06,137.05,112.71
27.12,136.33,112.84
27.17,135.6,112.96
27.23,134.88,113.08
27.29,134.16,113.18
27.35,133.44,113.29
27.42,132.71,113.39
27.48,131.99,113.5
27.54,131.27,113.59
27.61,130.54,113.69
27.68,129.81,113.78
27.74,129.09,113.87
27.81,128.36,113.96
27.88,127.63,114.04
27.94,126.89,114.12
28.01,126.16,114.21
28.08,125.43,114.29
28.15,124.69,114.37
28.22,123.96,114.44
28.28,123.22,114.52
28.35,122.48,114.59
28.41,121.74,114.66
28.48,121.0,114.73
28.54,120.26,114.8
28.61,119.51,114.87
28.68,118.77,114.94
28.74,118.02,115.01
28.81,117.27,115.07
28.87,116.52,115.14
28.93,115.77,115.2
29.0,115.02,115.26
29.06,114.27,115.32
29.12,113.51,115.38
29.18,112.75,115.44
29.24,112.0,115.5
29.3,111.24,115.56
29.36,110.48,115.61
29.41,109.71,115.67
29.47,108.95,115.72
29.52,108.18,115.77
29.58,107.42,115.82
29.63,106.65,115.87
29.68,105.88,115.92
29.73,105.11,115.96
29.78,104.34,116.01
29.83,103.57,116.05
29.87,102.79,116.09
29.92,102.02,116.13
29.96,101.25,116.17
30.0,100.47,116.21
30.05,99.69,116.25
30.08,98.91,116.28
30.12,98.13,116.31
30.16,97.35,116.35
30.19,96.57,116.38
30.23,95.78,116.41
30.26,95.0,116.44
30.29,94.22,116.47
30.32,93.43,116.49
30.35,92.64,116.52
30.37,91.86,116.54
30.4,91.07,116.56
30.42,90.28,116.58
30.44,89.49,116.6
30.46,88.7,116.61
30.48,87.91,116.63
30.49,87.12,116.64
30.51,86.33,116.66
30.52,85.54,116.67
30.53,84.75,116.68
30.55,83.96,116.69
30.56,83.17,116.7
30.57,82.38,116.71
30.57,81.58,116.72
30.57,80.79,116.72
30.57,80.0,116.71
29.12,167.48,35.0
29.12,167.48,35.78
29.11,167.48,36.56
29.11,167.48,37.34
29.1,167.47,38.12
29.1,167.47,38.9
29.09,167.47,39.68
29.08,167.47,40.45
29.07,167.46,41.23
29.06,167.45,42.01
29.04,167.44,42.79
29.03,167.44,43.56
29.01,167.42,44.34
28.99,167.41,45.12
28.97,167.4,45.89
28.95,167.38,46.67
28.93,167.37,47.44
28.91,167.35,48.22
28.89,167.33,48.99
28.86,167.31,49.76
28.83,167.29,50.53
28.8,167.26,51.31
28.77,167.24,52.08
28.74,167.21,52.85
28.7,167.19,53.61
28.67,167.16,54.38
28.64,167.13,55.15
28.6,167.1,55.92
28.57,167.07,56.68
28.53,167.03,57.45
28.49,167.0,58.21
28.45,166.97,58.98
28.41,166.93,59.73
28.37,166.89,60.5
28.33,166.85,61.26
28.29,166.81,62.02
28.24,166.77,62.77
28.2,166.73,63.53
28.16,166.69,64.29
28.11,166.65,65.04
28.06,166.61,65.79
28.01,166.56,66.55
27.96,166.51,67.3
27.91,166.47,68.05
27.86,166.42,68.79
27.81,166.37,69.54
27.76,166.32,70.29
27.71,166.27,71.04
27.66,166.22,71.78
27.6,166.17,72.52
27.55,166.11,73.26
27.49,166.06,74.01
27.44,166.0,74.75
27.39,165.95,75.49
27.34,165.89,76.22
27.28,165.82,76.96
27.23,165.76,77.69
27.18,165.7,78.43
27.13,165.64,79.17
27.08,165.57,79.9
27.03,165.5,80.64
26.98,165.42,81.37
26.93,165.35,82.1
26.89,165.27,82.84
26.85,165.2,83.57
26.82,165.11,84.31
26.76,165.01,85.04
26.72,164.92,85.77
26.69,164.82,86.5
26.66,164.72,87.24
26.64,164.62,87.98
26.62,164.51,88.72
26.59,164.36,89.45
26.56,164.21,90.17
26.55,164.07,90.91
26.55,163.92,91.65
26.56,163.76,92.39
26.58,163.59,93.14
26.57,163.41,93.87
26.58,163.18,94.6
26.61,162.96,95.33
26.64,162.74,96.07
26.68,162.52,96.81
26.75,162.27,97.54
26.81,162.0,98.28
26.86,161.73,99.0
26.91,161.44,99.72
27.0,161.11,100.43
27.08,160.79,101.14
27.16,160.45,101.85
27.26,160.12,102.55
27.39,159.75,103.24
27.51,159.37,103.93
27.63,158.97,104.6
27.75,158.56,105.27
27.88,158.13,105.9
28.02,157.67,106.51
28.12,157.15,107.07
28.14,156.55,107.54
28.09,155.89,107.97
28.03,155.23,108.38
28.0,154.54,108.75
27.97,153.85,109.1
27.94,153.15,109.44
27.9,152.44,109.77
27.89,151.73,110.07
27.88,151.01,110.35
27.86,150.29,110.64
27.85,149.57,110.92
27.87,148.85,111.17
27.87,148.13,111.41
27.88,147.4,111.65
27.89,146.67,111.87
27.91,145.94,112.08
27.93,145.21,112.28
27.95,144.48,112.48
27.98,143.75,112.67
28.02,143.02,112.84
28.05,142.29,113.01
28.09,141.55,113.17
28.13,140.82,113.32
28.18,140.09,113.47
28.22,139.36,113.62
28.27,138.63,113.75
28.32,137.9,113.88
28.38,137.16,114.0
28.44,136.43,114.12
28.49,135.7,114.24
28.56,134.96,114.34
28.62,134.23,114.45
28.68,133.49,114.55
28.74,132.76,114.65
28.81,132.02,114.75
28.88,131.29,114.84
28.94,130.55,114.93
29.01,129.81,115.03
29.08,129.07,115.11
29.14,128.33,115.19
29.21,127.58,115.28
29.28,126.84,115.36
29.35,126.1,115.44
29.41,125.35,115.52
29.48,124.6,115.59
29.55,123.85,115.67
29.61,123.1,115.74
29.68,122.35,115.81
29.75,121.6,115.88
29.81,120.85,115.95
29.88,120.09,116.02
29.95,119.33,116.09
30.01,118.57,116.15
30.07,117.82,116.22
30.14,117.05,116.28
30.2,116.29,116.34
30.26,115.53,116.4
30.33,114.76,116.46
30.39,114.0,116.52
30.45,113.23,116.58
30.51,112.46,116.64
30.57,111.69,116.7
30.62,110.92,116.75
30.68,110.14,116.8
30.74,109.37,116.86
30.79,108.59,116.91
30.84,107.81,116.96
30.9,107.04,117.01
30.95,106.25,117.05
31.0,105.47,117.1
31.05,104.69,117.14
31.09,103.91,117.18
31.14,103.12,117.23
31.18,102.33,117.27
31.23,101.55,117.31
31.27,100.76,117.34
31.31,99.97,117.38
31.35,99.18,117.41
31.39,98.39,117.45
31.42,97.6,117.48
31.46,96.8,117.51
31.49,96.01,117.54
31.52,95.22,117.57
31.55,94.42,117.6
31.58,93.62,117.62
31.61,92.82,117.65
31.64,92.03,117.67
31.66,91.23,117.69
31.68,90.43,117.71
31.7,89.63,117.73
31.72,88.83,117.75
31.74,88.03,117.76
31.76,87.23,117.78
31.77,86.42,117.79
31.78,85.62,117.8
31.79,84.82,117.81
31.81,84.02,117.82
31.82,83.21,117.83
31.83,82.41,117.84
31.84,81.61,117.85
31.84,80.8,117.85
31.83,80.0,117.84
30.44,168.65,35.0
30.44,168.65,35.79
30.43,168.65,36.58
30.43,168.65,37.37
30.42,168.64,38.16
30.42,168.64,38.95
30.41,168.64,39.75
30.4,168.64,40.53
30.39,168.63,41.32
30.38,168.62,42.12
30.36,168.61,42.91
30.35,168.61,43.69
30.33,168.59,44.48
30.31,168.58,45.27
30.29,168.57,46.06
30.27,168.55,46.84
30.25,168.54,47.63
30.23,168.52,48.42
30.21,168.5,49.2
30.18,168.48,49.98
30.15,168.46,50.77
30.12,168.43,51.55
30.09,168.41,52.33
30.06,168.38,53.12
30.02,168.36,53.9
29.99,168.33,54.68
29.96,168.3,55.46
29.92,168.27,56.24
29.89,168.24,57.01
29.85,168.2,57.79
29.81,168.17,58.56
29.77,168.14,59.34
29.73,168.1,60.11
29.69,168.06,60.88
29.65,168.03,61.66
29.61,167.99,62.43
29.56,167.95,63.2
29.52,167.91,63.97
29.47,167.87,64.73
29.43,167.82,65.5
29.38,167.78,66.26
29.33,167.73,67.03
29.28,167.69,67.79
29.23,167.64,68.55
29.18,167.59,69.31
29.13,167.55,70.07
29.08,167.5,70.83
29.03,167.45,71.59
28.97,167.39,72.34
28.92,167.34,73.1
28.86,167.29,73.85
28.81,167.23,74.6
28.76,167.18,75.36
28.71,167.12,76.11
28.65,167.06,76.86
28.6,167.0,77.61
28.54,166.94,78.35
28.49,166.88,79.1
28.44,166.81,79.85
28.39,166.75,80.6
28.34,166.68,81.34
28.29,166.6,82.08
28.24,166.53,82.83
28.2,166.46,83.58
28.16,166.38,84.32
28.12,166.3,85.07
28.07,166.2,85.81
28.03,166.11,86.55
27.99,166.01,87.29
27.97,165.91,88.04
27.94,165.81,88.79
27.92,165.7,89.54
27.89,165.55,90.28
27.86,165.4,91.02
27.85,165.27,91.77
27.85,165.12,92.52
27.86,164.95,93.28
27.87,164.79,94.03
27.86,164.6,94.77
27.87,164.38,95.51
27.9,164.16,96.26
27.93,163.94,97.01
27.97,163.72,97.76
28.03,163.46,98.51
28.09,163.2,99.25
28.13,162.92,99.98
28.19,162.63,100.71
28.27,162.31,101.44
28.35,161.99,102.16
28.44,161.64,102.88
28.53,161.3,103.6
28.66,160.93,104.3
28.78,160.55,105.0
28.9,160.14,105.68
29.03,159.73,106.35
29.16,159.29,107.0
29.29,158.83,107.62
29.4,158.3,108.19
29.41,157.69,108.67
29.37,157.02,109.1
29.3,156.34,109.51
29.26,155.65,109.89
29.24,154.95,110.24
29.21,154.23,110.58
29.17,153.52,110.92
29.15,152.79,111.22
29.14,152.06,111.51
29.12,151.33,111.79
29.11,150.6,112.08
29.13,149.87,112.33
29.13,149.13,112.57
29.14,148.39,112.81
29.15,147.65,113.04
29.17,146.91,113.24
29.19,146.17,113.45
29.21,145.43,113.65
29.24,144.69,113.84
29.28,143.95,114.01
29.31,143.2,114.18
29.35,142.46,114.34
29.39,141.72,114.49
29.44,140.97,114.64
29.49,140.23,114.78
29.53,139.48,114.92
29.59,138.74,115.04
29.64,138.0,115.16
29.7,137.25,115.28
29.76,136.51,115.4
29.82,135.77,115.5
29.89,135.02,115.61
29.95,134.27,115.71
30.01,133.53,115.81
30.08,132.78,115.9
30.14,132.03,116.0
30.21,131.28,116.09
30.28,130.53,116.18
30.34,129.78,116.26
30.41,129.03,116.34
30.48,128.27,116.43
30.54,127.52,116.51
30.61,126.77,116.59
30.68,126.01,116.66
30.75,125.25,116.74
30.82,124.49,116.81
30.88,123.73,116.88
30.95,122.96,116.96
31.01,122.2,117.03
31.08,121.43,117.1
31.15,120.67,117.16
31.21,119.9,117.23
31.28,119.13,117.29
31.34,118.36,117.36
31.41,117.59,117.42
31.47,116.81,117.48
31.53,116.04,117.55
31.59,115.26,117.61
31.66,114.48,117.67
31.72,113.7,117.72
31.77,112.92,117.78
31.83,112.14,117.84
31.89,111.36,117.89
31.95,110.57,117.94
32.0,109.79,117.99
32.06,109.0,118.05
32.11,108.21,118.1
32.16,107.42,118.14
32.21,106.63,118.19
32.26,105.83,118.23
32.31,105.04,118.28
32.36,104.25,118.32
32.41,103.45,118.36
32.45,102.65,118.4
32.49,101.86,118.44
32.54,101.05,118.48
32.58,100.25,118.51
32.61,99.45,118.55
32.65,98.65,118.58
32.69,97.85,118.61
32.72,97.04,118.65
32.76,96.23,118.68
32.79,95.43,118.7
32.82,94.62,118.73
32.85,93.81,118.76
32.87,93.01,118.78
32.9,92.2,118.8
32.92,91.38,118.83
32.95,90.57,118.85
32.97,89.76,118.86
32.99,88.95,118.88
33.0,88.14,118.9
33.02,87.33,118.91
33.03,86.51,118.92
33.04,85.7,118.93
33.06,84.89,118.94
33.07,84.07,118.96
33.08,83.26,118.97
33.09,82.44,118.98
33.1,81.63,118.98
33.1,80.82,118.98
33.09,80.0,118.98
31.76,169.82,35.0
31.76,169.82,35.8
31.76,169.82,36.61
31.75,169.82,37.41
31.74,169.81,38.21
31.74,169.81,39.01
31.73,169.81,39.82
31.72,169.81,40.62
31.71,169.8,41.42
31.7,169.79,42.22
31.69,169.78,43.02
31.67,169.77,43.82
31.65,169.76,44.62
31.63,169.75,45.42
31.61,169.74,46.22
31.59,169.72,47.02
31.57,169.71,47.82
31.55,169.69,48.62
31.53,169.67,49.41
31.5,169.65,50.21
31.47,169.63,51.0
31.44,169.6,51.8
31.41,169.58,52.59
31.38,169.55,53.39
31.34,169.53,54.18
31.31,169.5,54.97
31.28,169.47,55.76
31.24,169.44,56.55
31.2,169.41,57.34
31.17,169.38,58.13
31.13,169.34,58.92
31.09,169.31,59.7
31.05,169.27,60.49
31.01,169.24,61.27
30.97,169.2,62.06
30.92,169.16,62.84
30.88,169.12,63.62
30.84,169.08,64.4
30.79,169.04,65.18
30.75,169.0,65.96
30.7,168.95,66.73
30.65,168.91,67.51
30.6,168.86,68.29
30.55,168.81,69.06
30.5,168.76,69.83
30.45,168.72,70.6
30.4,168.67,71.37
30.35,168.62,72.14
30.29,168.57,72.91
30.24,168.51,73.67
30.18,168.46,74.44
30.13,168.41,75.2
30.08,168.35,75.97
30.02,168.3,76.73
29.97,168.24,77.49
29.91,168.18,78.25
29.86,168.12,79.01
29.81,168.06,79.77
29.76,167.99,80.53
29.7,167.93,81.29
29.65,167.86,82.04
29.6,167.78,82.8
29.56,167.71,83.55
29.51,167.64,84.31
29.47,167.56,85.07
29.43,167.48,85.83
29.38,167.38,86.58
29.33,167.3,87.33
29.3,167.2,88.09
29.27,167.1,88.85
29.24,167.0,89.61
29.22,166.89,90.37
29.19,166.75,91.12
29.16,166.6,91.87
29.14,166.46,92.63
29.14,166.32,93.39
29.15,166.15,94.16
29.16,165.98,94.92
29.15,165.8,95.68
29.16,165.58,96.43
29.18,165.36,97.19
29.21,165.14,97.95
29.25,164.92,98.71
29.31,164.66,99.47
29.36,164.4,100.22
29.41,164.12,100.97
29.47,163.82,101.71
29.55,163.5,102.45
29.62,163.18,103.18
29.71,162.83,103.91
29.81,162.49,104.64
29.93,162.11,105.35
30.05,161.73,106.06
30.18,161.32,106.75
30.3,160.89,107.43
30.43,160.45,108.1
30.56,159.98,108.73
30.67,159.45,109.3
30.68,158.83,109.79
30.64,158.15,110.22
30.58,157.46,110.64
30.53,156.76,111.03
30.5,156.04,111.38
30.47,155.32,111.73
30.44,154.59,112.07
30.41,153.86,112.38
30.4,153.11,112.67
30.38,152.37,112.95
30.37,151.63,113.24
30.39,150.89,113.5
30.39,150.14,113.74
30.4,149.38,113.98
30.41,148.63,114.21
30.43,147.88,114.41
30.45,147.13,114.62
30.47,146.38,114.82
30.5,145.63,115.0
30.54,144.87,115.18
30.57,144.11,115.35
30.61,143.36,115.51
30.65,142.61,115.66
30.7,141.85,115.8
30.75,141.1,115.95
30.8,140.34,116.08
30.85,139.59,116.2
30.91,138.83,116.33
30.96,138.08,116.44
31.02,137.32,116.56
31.09,136.57,116.66
31.15,135.81,116.77
31.21,135.05,116.87
31.28,134.3,116.97
31.34,133.54,117.06
31.41,132.78,117.15
31.48,132.02,117.24
31.54,131.26,117.33
31.61,130.5,117.42
31.68,129.73,117.5
31.75,128.96,117.58
31.81,128.2,117.66
31.88,127.43,117.74
31.95,126.66,117.81
32.02,125.89,117.89
32.08,125.12,117.96
32.15,124.35,118.03
32.21,123.57,118.1
32.28,122.8,118.17
32.35,122.02,118.24
32.41,121.24,118.31
32.48,120.46,118.37
32.55,119.68,118.44
32.61,118.9,118.5
32.67,118.12,118.56
32.74,117.33,118.63
32.8,116.55,118.69
32.86,115.76,118.75
32.92,114.97,118.81
32.98,114.18,118.86
33.04,113.39,118.92
33.1,112.59,118.98
33.16,111.8,119.03
33.21,111.0,119.08
33.27,110.2,119.13
33.32,109.4,119.18
33.38,108.6,119.23
33.43,107.8,119.28
33.48,107.0,119.33
33.53,106.2,119.37
33.58,105.39,119.41
33.62,104.59,119.46
33.67,103.78,119.5
33.72,102.97,119.54
33.76,102.16,119.58
33.8,101.35,119.61
33.84,100.54,119.65
33.88,99.72,119.68
33.92,98.91,119.72
33.95,98.09,119.75
33.99,97.28,119.78
34.02,96.46,119.81
34.05,95.64,119.84
34.08,94.82,119.86
34.11,94.0,119.89
34.14,93.19,119.91
34.16,92.37,119.94
34.19,91.54,119.96
34.21,90.72,119.98
34.23,89.9,120.0
34.25,89.08,120.01
34.27,88.25,120.03
34.28,87.43,120.04
34.29,86.6,120.05
34.31,85.78,120.06
34.32,84.95,120.08
34.33,84.13,120.09
34.34,83.3,120.1
34.35,82.48,120.11
34.36,81.65,120.11
34.36,80.83,120.11
34.35,80.0,120.11
33.08,170.99,35.0
33.08,170.99,35.82
33.08,170.99,36.63
33.07,170.99,37.44
33.07,170.98,38.26
33.06,170.98,39.07
33.05,170.98,39.89
33.04,170.98,40.7
33.03,170.97,41.51
33.02,170.96,42.33
33.01,170.95,43.14
32.99,170.94,43.95
32.97,170.93,44.76
32.95,170.92,45.58
32.93,170.91,46.39
32.91,170.89,47.2
32.89,170.88,48.01
32.87,170.86,48.82
32.85,170.84,49.62
32.82,170.82,50.43
32.79,170.8,51.24
32.76,170.77,52.05
32.73,170.75,52.85
32.7,170.72,53.66
32.66,170.7,54.46
32.63,170.67,55.26
32.6,170.64,56.07
32.56,170.61,56.87
32.52,170.58,57.67
32.49,170.55,58.47
32.45,170.51,59.27
32.41,170.48,60.07
32.37,170.45,60.86
32.33,170.41,61.66
32.29,170.37,62.46
32.24,170.33,63.25
32.2,170.29,64.04
32.16,170.25,64.84
32.11,170.21,65.63
32.07,170.17,66.42
32.02,170.13,67.21
31.97,170.08,67.99
31.92,170.03,68.78
31.87,169.99,69.56
31.81,169.94,70.35
31.77,169.89,71.13
31.72,169.85,71.92
31.66,169.79,72.69
31.61,169.74,73.47
31.55,169.69,74.25
31.5,169.63,75.03
31.44,169.58,75.8
31.39,169.53,76.58
31.34,169.47,77.35
31.28,169.42,78.12
31.23,169.36,78.9
31.17,169.29,79.67
31.12,169.23,80.44
31.07,169.17,81.21
31.02,169.11,81.98
30.97,169.04,82.75
30.92,168.97,83.51
30.87,168.89,84.28
30.82,168.82,85.05
30.78,168.75,85.82
30.74,168.67,86.59
30.68,168.57,87.35
30.64,168.48,88.11
30.6,168.38,88.88
30.57,168.29,89.65
30.55,168.19,90.42
30.52,168.08,91.19
30.49,167.94,91.96
30.45,167.79,92.72
30.44,167.66,93.49
30.44,167.51,94.26
30.44,167.35,95.04
30.45,167.18,95.82
30.44,167.0,96.58
30.45,166.77,97.34
30.47,166.56,98.11
30.49,166.34,98.89
30.53,166.11,99.66
30.59,165.86,100.43
30.64,165.6,101.2
30.69,165.32,101.95
30.75,165.02,102.71
30.82,164.7,103.46
30.89,164.37,104.2
30.98,164.02,104.94
31.08,163.67,105.68
31.2,163.3,106.41
31.31,162.91,107.13
31.45,162.49,107.83
31.58,162.06,108.52
31.71,161.61,109.19
31.83,161.14,109.84
31.94,160.6,110.42
31.96,159.96,110.91
31.92,159.28,111.35
31.85,158.58,111.77
31.8,157.86,112.17
31.77,157.14,112.53
31.74,156.4,112.88
31.7,155.66,113.22
31.67,154.92,113.53
31.66,154.16,113.82
31.65,153.41,114.11
31.64,152.65,114.4
31.65,151.9,114.66
31.65,151.14,114.9
31.66,150.38,115.15
31.67,149.62,115.37
31.69,148.85,115.58
31.71,148.09,115.79
31.73,147.32,115.99
31.77,146.56,116.17
31.8,145.8,116.34
31.83,145.03,116.51
31.87,144.26,116.67
31.92,143.5,116.82
31.96,142.73,116.97
32.01,141.97,117.11
32.06,141.2,117.24
32.12,140.44,117.37
32.17,139.67,117.49
32.23,138.9,117.6
32.29,138.14,117.72
32.35,137.37,117.82
32.42,136.6,117.93
32.48,135.83,118.02
32.54,135.07,118.12
32.61,134.29,118.22
32.68,133.53,118.31
32.74,132.75,118.4
32.81,131.98,118.49
32.88,131.21,118.57
32.94,130.43,118.65
33.01,129.65,118.73
33.08,128.88,118.81
33.15,128.1,118.89
33.22,127.32,118.96
33.29,126.54,119.04
33.35,125.75,119.11
33.42,124.97,119.18
33.48,124.18,119.25
33.55,123.4,119.32
33.62,122.61,119.39
33.68,121.82,119.45
33.75,121.03,119.52
33.81,120.24,119.58
33.88,119.44,119.65
33.94,118.65,119.71
34.0,117.85,119.77
34.07,117.06,119.83
34.13,116.26,119.89
34.19,115.45,119.95
34.25,114.65,120.0
34.31,113.85,120.06
34.37,113.04,120.11
34.42,112.24,120.17
34.48,111.43,120.22
34.53,110.62,120.27
34.59,109.81,120.32
34.64,109.0,120.37
34.69,108.19,120.42
34.74,107.37,120.46
34.79,106.56,120.51
34.84,105.74,120.55
34.89,104.92,120.59
34.94,104.1,120.63
34.98,103.28,120.67
35.02,102.46,120.7
35.06,101.64,120.73
35.11,100.81,120.76
35.15,99.99,120.79
35.19,99.16,120.82
35.23,98.33,120.85
35.27,97.51,120.87
35.3,96.68,120.9
35.34,95.85,120.92
35.37,95.02,120.95
35.4,94.19,120.97
35.43,93.36,120.99
35.46,92.53,121.01
35.48,91.69,121.03
35.51,90.86,121.04
35.53,90.03,121.06
35.55,89.19,121.07
35.57,88.36,121.09
35.59,87.52,121.1
35.6,86.69,121.11
35.61,85.85,121.12
35.63,85.02,121.13
35.64,84.18,121.14
35.65,83.35,121.15
35.66,82.51,121.15
35.67,81.67,121.16
35.67,80.84,121.16
35.67,80.0,121.15
34.4,172.16,35.0
34.4,172.16,35.83
34.4,172.16,36.65
34.39,172.16,37.48
34.39,172.15,38.3
34.38,172.15,39.13
34.37,172.15,39.96
34.36,172.15,40.78
34.35,172.14,41.61
34.34,172.13,42.43
34.33,172.12,43.26
34.31,172.11,44.08
34.29,172.1,44.91
34.27,172.09,45.73
34.25,172.08,46.55
34.23,172.06,47.37
34.21,172.05,48.2
34.19,172.03,49.02
34.17,172.01,49.84
34.14,171.99,50.66
34.11,171.97,51.48
34.08,171.94,52.3
34.05,171.92,53.11
34.02,171.89,53.93
33.98,171.87,54.75
33.95,171.84,55.56
33.92,171.81,56.37
33.88,171.78,57.19
33.84,171.75,58.0
33.81,171.72,58.81
33.77,171.69,59.62
33.73,171.65,60.43
33.69,171.62,61.24
33.65,171.58,62.05
33.61,171.54,62.86
33.56,171.51,63.66
33.52,171.47,64.47
33.47,171.42,65.27
33.43,171.38,66.08
33.38,171.34,66.88
33.34,171.3,67.68
33.29,171.25,68.48
33.24,171.21,69.27
33.18,171.16,70.07
33.13,171.11,70.86
33.09,171.07,71.66
33.03,171.02,72.46
32.98,170.97,73.25
32.93,170.92,74.04
32.87,170.86,74.83
32.82,170.81,75.61
32.76,170.76,76.4
32.71,170.7,77.19
32.65,170.65,77.97
32.6,170.59,78.76
32.54,170.53,79.54
32.49,170.47,80.32
32.43,170.41,81.11
32.38,170.35,81.89
32.33,170.28,82.67
32.28,170.22,83.45
32.23,170.15,84.23
32.18,170.07,85.0
32.13,170.0,85.79
32.09,169.93,86.57
32.05,169.85,87.35
31.99,169.75,88.12
31.94,169.67,88.89
31.9,169.57,89.67
31.88,169.47,90.45
31.85,169.38,91.24
31.82,169.27,92.02
31.79,169.13,92.79
31.75,168.99,93.57
31.73,168.85,94.35
31.73,168.71,95.13
31.74,168.54,95.92
31.74,168.38,96.71
31.73,168.19,97.49
31.74,167.97,98.26
31.76,167.76,99.04
31.78,167.54,99.82
31.82,167.31,100.61
31.87,167.06,101.39
31.92,166.8,102.17
31.96,166.51,102.94
32.03,166.21,103.7
32.09,165.89,104.46
32.16,165.57,105.22
32.25,165.21,105.97
32.36,164.85,106.72
32.47,164.48,107.46
32.58,164.09,108.2
32.72,163.66,108.9
32.85,163.23,109.6
32.98,162.77,110.29
33.1,162.3,110.95
33.22,161.75,111.54
33.23,161.1,112.03
33.19,160.41,112.48
33.13,159.69,112.9
33.07,158.97,113.31
33.04,158.23,113.67
33.01,157.49,114.02
32.97,156.74,114.37
32.94,155.98,114.69
32.92,155.21,114.98
32.91,154.45,115.27
32.9,153.68,115.56
32.91,152.92,115.82
32.91,152.15,116.07
32.92,151.37,116.31
32.92,150.6,116.54
32.95,149.82,116.75
32.97,149.05,116.95
32.99,148.27,117.16
33.03,147.5,117.34
33.06,146.72,117.51
33.09,145.94,117.68
33.13,145.17,117.84
33.18,144.39,117.99
33.22,143.61,118.14
33.27,142.84,118.28
33.32,142.06,118.41
33.38,141.28,118.53
33.43,140.5,118.65
33.49,139.73,118.77
33.56,138.95,118.88
33.62,138.17,118.98
33.68,137.4,119.09
33.74,136.61,119.18
33.81,135.83,119.28
33.87,135.05,119.37
33.94,134.27,119.46
34.01,133.49,119.55
34.08,132.7,119.64
34.15,131.92,119.72
34.21,131.13,119.8
34.28,130.34,119.88
34.35,129.55,119.96
34.42,128.77,120.04
34.48,127.98,120.11
34.55,127.18,120.19
34.62,126.39,120.26
34.68,125.59,120.33
34.75,124.79,120.4
34.82,124.0,120.47
34.88,123.2,120.53
34.95,122.4,120.6
35.01,121.59,120.65
35.08,120.78,120.71
35.15,119.98,120.76
35.22,119.16,120.82
35.29,118.35,120.87
35.36,117.54,120.92
35.43,116.73,120.98
35.5,115.91,121.03
35.56,115.1,121.08
35.63,114.28,121.12
35.69,113.46,121.17
35.75,112.64,121.22
35.81,111.82,121.26
35.87,111.0,121.31
35.94,110.18,121.35
35.99,109.35,121.39
36.05,108.53,121.43
36.11,107.7,121.47
36.16,106.88,121.51
36.21,106.05,121.55
36.26,105.22,121.58
36.32,104.39,121.62
36.36,103.56,121.65
36.41,102.73,121.68
36.46,101.89,121.71
36.5,101.06,121.74
36.54,100.22,121.77
36.58,99.39,121.8
36.62,98.55,121.83
36.66,97.71,121.85
36.7,96.87,121.88
36.73,96.03,121.9
36.76,95.19,121.93
36.79,94.35,121.95
36.82,93.51,121.97
36.85,92.67,121.99
36.87,91.83,122.0
36.9,90.98,122.02
36.92,90.14,122.04
36.94,89.3,122.05
36.96,88.45,122.06
36.98,87.61,122.07
36.99,86.77,122.08
37.0,85.92,122.09
37.02,85.07,122.1
37.03,84.23,122.11
37.04,83.38,122.12
37.05,82.54,122.13
37.06,81.69,122.13
37.06,80.85,122.13
37.05,80.0,122.13
35.79,173.23,35.0
35.79,173.23,35.84
35.78,173.23,36.68
35.78,173.22,37.51
35.77,173.22,38.35
35.76,173.22,39.19
35.76,173.22,40.02
35.75,173.22,40.86
35.73,173.21,41.69
35.72,173.21,42.53
35.7,173.2,43.37
35.69,173.19,44.2
35.67,173.18,45.04
35.64,173.17,45.87
35.62,173.16,46.7
35.6,173.15,47.54
35.58,173.14,48.37
35.55,173.13,49.21
35.53,173.11,50.04
35.5,173.09,50.87
35.46,173.07,51.7
35.43,173.05,52.53
35.4,173.03,53.36
35.36,173.01,54.19
35.33,172.99,55.02
35.29,172.97,55.84
35.25,172.94,56.67
35.21,172.92,57.5
35.17,172.89,58.32
35.13,172.87,59.15
35.09,172.84,59.97
35.04,172.81,60.79
35.0,172.78,61.61
34.97,172.75,62.44
34.92,172.72,63.26
34.88,172.68,64.08
34.84,172.64,64.89
34.79,172.6,65.71
34.75,172.56,66.52
34.7,172.52,67.34
34.65,172.47,68.15
34.6,172.43,68.96
34.55,172.38,69.77
34.5,172.33,70.57
34.45,172.28,71.38
34.4,172.24,72.19
34.35,172.19,73.0
34.3,172.14,73.8
34.24,172.09,74.6
34.19,172.04,75.4
34.13,171.98,76.2
34.08,171.93,77.0
34.03,171.88,77.8
33.97,171.83,78.6
33.91,171.77,79.39
33.86,171.71,80.19
33.8,171.65,80.98
33.75,171.59,81.78
33.7,171.53,82.57
33.64,171.46,83.36
33.59,171.4,84.15
33.54,171.33,84.94
33.49,171.25,85.73
33.44,171.18,86.52
33.4,171.11,87.31
33.35,171.04,88.1
33.3,170.94,88.89
33.25,170.85,89.68
33.21,170.76,90.46
33.18,170.66,91.26
33.15,170.57,92.05
33.12,170.46,92.85
33.09,170.33,93.63
33.05,170.18,94.41
33.03,170.05,95.21
33.02,169.9,96.0
33.03,169.74,96.8
33.03,169.57,97.6
33.02,169.39,98.39
33.03,169.17,99.17
33.04,168.95,99.97
33.06,168.74,100.76
33.1,168.51,101.56
33.15,168.25,102.35
33.2,168.0,103.14
33.24,167.71,103.92
33.3,167.4,104.7
33.37,167.08,105.47
33.43,166.76,106.25
33.53,166.4,107.0
33.63,166.04,107.76
33.74,165.66,108.52
33.85,165.27,109.26
33.99,164.84,109.98
34.13,164.39,110.69
34.25,163.93,111.39
34.37,163.46,112.06
34.49,162.9,112.65
34.51,162.24,113.15
34.47,161.54,113.6
34.4,160.81,114.03
34.34,160.08,114.45
34.3,159.33,114.81
34.27,158.57,115.17
34.23,157.81,115.52
34.2,157.04,115.84
34.19,156.27,116.14
34.17,155.49,116.43
34.16,154.71,116.72
34.17,153.94,116.98
34.17,153.15,117.23
34.18,152.36,117.48
34.18,151.58,117.71
34.21,150.79,117.91
34.23,150.01,118.12
34.25,149.22,118.33
34.29,148.43,118.51
34.32,147.65,118.68
34.35,146.86,118.85
34.39,146.07,119.01
34.44,145.28,119.16
34.49,144.49,119.3
34.53,143.71,119.45
34.59,142.92,119.57
34.64,142.13,119.69
34.7,141.34,119.82
34.76,140.55,119.93
34.82,139.76,120.04
34.88,138.97,120.14
34.94,138.19,120.25
35.0,137.39,120.33
35.07,136.59,120.42
35.15,135.79,120.51
35.22,135.0,120.59
35.3,134.2,120.67
35.38,133.4,120.75
35.45,132.6,120.82
35.53,131.8,120.89
35.6,130.99,120.96
35.68,130.19,121.04
35.75,129.39,121.1
35.83,128.58,121.17
35.91,127.77,121.24
35.98,126.96,121.3
36.05,126.15,121.36
36.13,125.34,121.42
36.2,124.53,121.48
36.27,123.72,121.54
36.35,122.9,121.6
36.42,122.08,121.65
36.49,121.26,121.71
36.56,120.45,121.76
36.63,119.63,121.81
36.7,118.81,121.87
36.77,117.99,121.92
36.83,117.16,121.97
36.9,116.34,122.02
36.97,115.51,122.07
37.03,114.69,122.12
37.09,113.86,122.16
37.16,113.02,122.21
37.22,112.19,122.25
37.28,111.36,122.3
37.34,110.53,122.34
37.39,109.7,122.38
37.45,108.86,122.42
37.51,108.03,122.46
37.56,107.19,122.49
37.61,106.35,122.53
37.66,105.51,122.56
37.71,104.67,122.6
37.76,103.83,122.63
37.81,102.99,122.66
37.85,102.14,122.69
37.89,101.3,122.72
37.94,100.45,122.75
37.98,99.61,122.78
38.01,98.76,122.81
38.05,97.91,122.83
38.09,97.06,122.86
38.12,96.22,122.88
38.15,95.37,122.9
38.18,94.52,122.92
38.21,93.67,122.95
38.24,92.82,122.96
38.26,91.96,122.98
38.29,91.11,123.0
38.31,90.26,123.01
38.33,89.41,123.03
38.35,88.55,123.04
38.36,87.7,123.05
38.38,86.84,123.06
38.39,85.99,123.07
38.4,85.13,123.08
38.42,84.28,123.09
38.43,83.42,123.09
38.44,82.57,123.1
38.45,81.71,123.11
38.45,80.86,123.11
38.44,80.0,123.1
37.24,174.22,35.0
37.24,174.22,35.85
37.24,174.22,36.7
37.24,174.22,37.54
37.23,174.22,38.39
37.22,174.21,39.24
37.21,174.21,40.08
37.2,174.21,40.93
37.19,174.21,41.78
37.18,174.2,42.62
37.16,174.19,43.47
37.15,174.19,44.31
37.13,174.18,45.16
37.1,174.17,46.0
37.08,174.16,46.85
37.06,174.14,47.69
37.04,174.13,48.54
37.02,174.12,49.38
36.99,174.11,50.22
36.96,174.09,51.06
36.93,174.07,51.9
36.89,174.05,52.75
36.86,174.03,53.58
36.83,174.01,54.42
36.79,173.98,55.26
36.75,173.96,56.1
36.72,173.94,56.94
36.68,173.91,57.77
36.64,173.89,58.61
36.6,173.86,59.44
36.55,173.83,60.28
36.51,173.81,61.11
36.47,173.78,61.94
36.42,173.75,62.77
36.37,173.72,63.61
36.33,173.68,64.44
36.28,173.65,65.26
36.23,173.62,66.09
36.18,173.58,66.92
36.13,173.55,67.75
36.08,173.51,68.57
36.02,173.47,69.39
35.96,173.43,70.22
35.91,173.39,71.04
35.85,173.35,71.86
35.8,173.31,72.68
35.74,173.27,73.5
35.68,173.23,74.31
35.62,173.18,75.13
35.56,173.14,75.95
35.49,173.09,76.76
35.43,173.05,77.57
35.37,173.0,78.39
35.31,172.96,79.2
35.25,172.91,80.01
35.18,172.86,80.82
35.12,172.8,81.63
35.06,172.75,82.44
35.0,172.7,83.24
34.96,172.64,84.05
34.9,172.58,84.85
34.85,172.51,85.65
34.8,172.44,86.46
34.75,172.37,87.26
34.7,172.3,88.06
34.66,172.22,88.86
34.6,172.12,89.66
34.56,172.04,90.46
34.51,171.95,91.26
34.48,171.85,92.06
34.45,171.76,92.87
34.42,171.66,93.67
34.38,171.52,94.47
34.35,171.37,95.26
34.33,171.24,96.07
34.32,171.1,96.87
34.32,170.94,97.68
34.32,170.77,98.5
34.31,170.59,99.29
34.32,170.37,100.09
34.33,170.15,100.89
34.35,169.94,101.7
34.39,169.7,102.51
34.43,169.45,103.31
34.47,169.19,104.12
34.52,168.91,104.91
34.58,168.6,105.7
34.64,168.28,106.48
34.7,167.96,107.27
34.8,167.59,108.03
34.91,167.22,108.81
35.0,166.84,109.57
35.13,166.43,110.31
35.29,165.98,111.02
35.45,165.51,111.73
35.59,165.04,112.43
35.72,164.54,113.11
35.86,163.97,113.7
35.88,163.3,114.2
35.83,162.59,114.66
35.76,161.86,115.09
35.68,161.12,115.53
35.64,160.37,115.9
35.6,159.6,116.26
35.56,158.83,116.61
35.51,158.06,116.95
35.5,157.27,117.24
35.48,156.48,117.54
35.47,155.69,117.84
35.48,154.91,118.1
35.48,154.11,118.35
35.48,153.31,118.59
35.5,152.52,118.82
35.52,151.72,119.03
35.54,150.92,119.23
35.57,150.12,119.43
35.61,149.32,119.61
35.65,148.52,119.78
35.69,147.71,119.95
35.73,146.91,120.1
35.79,146.11,120.24
35.84,145.31,120.38
35.89,144.51,120.52
35.95,143.7,120.63
36.02,142.9,120.75
36.08,142.09,120.87
36.14,141.29,120.97
36.21,140.49,121.07
36.29,139.69,121.17
36.35,138.88,121.27
36.43,138.08,121.35
36.5,137.27,121.44
36.57,136.46,121.53
36.65,135.65,121.61
36.72,134.85,121.69
36.8,134.03,121.76
36.87,133.23,121.84
36.95,132.41,121.91
37.02,131.6,121.98
37.1,130.78,122.05
37.17,129.97,122.11
37.25,129.15,122.18
37.32,128.33,122.24
37.4,127.51,122.31
37.47,126.7,122.36
37.54,125.87,122.42
37.61,125.05,122.48
37.69,124.23,122.54
37.76,123.4,122.6
37.83,122.58,122.65
37.9,121.75,122.71
37.97,120.92,122.76
38.04,120.09,122.81
38.11,119.26,122.86
38.18,118.43,122.91
38.24,117.59,122.96
38.31,116.76,123.01
38.37,115.92,123.06
38.44,115.09,123.11
38.5,114.25,123.15
38.56,113.41,123.2
38.62,112.57,123.24
38.68,111.73,123.28
38.74,110.88,123.33
38.8,110.04,123.37
38.85,109.2,123.4
38.91,108.35,123.44
38.96,107.5,123.48
39.01,106.65,123.51
39.06,105.8,123.55
39.11,104.95,123.58
39.16,104.1,123.62
39.2,103.25,123.65
39.25,102.4,123.68
39.29,101.54,123.71
39.33,100.69,123.73
39.37,99.83,123.76
39.41,98.98,123.79
39.44,98.12,123.81
39.48,97.26,123.84
39.51,96.4,123.86
39.54,95.54,123.88
39.57,94.68,123.9
39.6,93.82,123.92
39.63,92.96,123.94
39.65,92.1,123.96
39.68,91.24,123.97
39.7,90.38,123.99
39.72,89.51,124.0
39.74,88.65,124.01
39.75,87.78,124.02
39.77,86.92,124.03
39.78,86.06,124.04
39.79,85.19,124.05
39.81,84.33,124.06
39.82,83.46,124.07
39.83,82.6,124.07
39.84,81.73,124.08
39.84,80.87,124.08
39.83,80.0,124.08
38.7,175.21,35.0
38.7,175.21,35.86
38.7,175.21,36.72
38.7,175.21,37.57
38.69,175.21,38.43
38.68,175.21,39.29
38.67,175.21,40.15
38.66,175.2,41.0
38.65,175.2,41.86
38.64,175.19,42.71
38.62,175.19,43.57
38.61,175.18,44.43
38.59,175.17,45.28
38.56,175.16,46.14
38.54,175.15,46.99
38.52,175.14,47.84
38.5,175.13,48.7
38.48,175.11,49.55
38.45,175.1,50.4
38.42,175.08,51.26
38.39,175.06,52.11
38.36,175.04,52.96
38.32,175.02,53.81
38.29,175.0,54.66
38.26,174.98,55.51
38.22,174.96,56.35
38.18,174.93,57.2
38.14,174.91,58.05
38.1,174.88,58.9
38.06,174.86,59.74
38.02,174.83,60.59
37.98,174.8,61.43
37.94,174.77,62.27
37.89,174.74,63.11
37.84,174.71,63.96
37.8,174.68,64.8
37.75,174.65,65.63
37.7,174.61,66.47
37.65,174.58,67.31
37.6,174.54,68.15
37.55,174.51,68.98
37.49,174.47,69.82
37.44,174.43,70.65
37.38,174.39,71.48
37.32,174.35,72.31
37.27,174.31,73.14
37.22,174.27,73.97
37.16,174.23,74.8
37.1,174.18,75.63
37.03,174.14,76.45
36.97,174.09,77.28
36.91,174.05,78.1
36.85,174.0,78.92
36.79,173.96,79.75
36.73,173.91,80.57
36.67,173.86,81.39
36.6,173.81,82.21
36.54,173.76,83.03
36.49,173.7,83.84
36.42,173.65,84.66
36.36,173.59,85.48
36.3,173.53,86.29
36.24,173.47,87.11
36.19,173.4,87.92
36.14,173.34,88.74
36.09,173.27,89.55
36.02,173.19,90.36
35.97,173.11,91.18
35.92,173.02,91.99
35.88,172.93,92.81
35.85,172.84,93.63
35.81,172.75,94.44
35.77,172.62,95.25
35.72,172.48,96.06
35.7,172.36,96.88
35.69,172.21,97.69
35.69,172.05,98.51
35.69,171.89,99.34
35.68,171.71,100.15
35.68,171.49,100.95
35.69,171.28,101.77
35.71,171.06,102.58
35.76,170.82,103.4
35.8,170.56,104.21
35.85,170.3,105.02
35.9,170.01,105.82
35.97,169.69,106.62
36.04,169.37,107.41
36.1,169.04,108.2
36.22,168.66,108.97
36.34,168.28,109.74
36.45,167.89,110.51
36.58,167.48,111.27
36.74,167.02,111.99
36.9,166.55,112.71
37.05,166.07,113.42
37.18,165.57,114.11
37.31,165.0,114.71
37.33,164.32,115.22
37.28,163.6,115.68
37.21,162.86,116.12
37.13,162.11,116.55
37.08,161.35,116.93
37.04,160.57,117.3
37.0,159.79,117.65
36.95,159.01,117.99
36.94,158.21,118.29
36.92,157.41,118.58
36.9,156.61,118.88
36.91,155.82,119.14
36.92,155.01,119.39
36.92,154.2,119.64
36.93,153.39,119.86
36.96,152.58,120.07
36.98,151.77,120.27
37.01,150.96,120.47
37.05,150.15,120.64
37.09,149.34,120.81
37.12,148.53,120.98
37.17,147.72,121.13
37.22,146.9,121.27
37.27,146.09,121.41
37.33,145.28,121.55
37.39,144.46,121.66
37.45,143.65,121.78
37.51,142.83,121.89
37.57,142.02,121.99
37.64,141.21,122.1
37.71,140.39,122.19
37.78,139.58,122.29
37.85,138.76,122.38
37.92,137.95,122.46
38.0,137.13,122.55
38.07,136.31,122.63
38.15,135.49,122.71
38.22,134.67,122.78
38.29,133.85,122.85
38.37,133.03,122.92
38.44,132.2,122.99
38.52,131.38,123.06
38.59,130.55,123.12
38.67,129.73,123.19
38.74,128.9,123.25
38.81,128.07,123.31
38.88,127.24,123.37
38.96,126.41,123.43
39.03,125.57,123.49
39.1,124.74,123.54
39.17,123.91,123.6
39.24,123.07,123.65
39.31,122.23,123.7
39.38,121.39,123.76
39.45,120.55,123.81
39.52,119.71,123.86
39.58,118.87,123.91
39.65,118.03,123.96
39.72,117.18,124.01
39.78,116.34,124.05
39.84,115.49,124.1
39.9,114.64,124.14
39.96,113.79,124.19
40.02,112.94,124.23
40.08,112.09,124.27
40.14,111.23,124.31
40.2,110.38,124.35
40.25,109.53,124.39
40.3,108.67,124.43
40.36,107.81,124.46
40.41,106.95,124.5
40.46,106.1,124.53
40.51,105.23,124.57
40.55,104.37,124.6
40.6,103.51,124.63
40.64,102.65,124.66
40.68,101.79,124.69
40.72,100.92,124.72
40.76,100.06,124.74
40.8,99.19,124.77
40.84,98.32,124.79
40.87,97.45,124.82
40.9,96.59,124.84
40.94,95.72,124.86
40.96,94.85,124.88
40.99,93.98,124.9
41.02,93.11,124.92
41.04,92.24,124.93
41.07,91.36,124.95
41.09,90.49,124.96
41.11,89.62,124.98
41.13,88.74,124.99
41.14,87.87,125.0
41.16,87.0,125.01
41.17,86.12,125.02
41.18,85.25,125.03
41.19,84.38,125.04
41.21,83.5,125.04
41.22,82.62,125.05
41.22,81.75,125.05
41.22,80.88,125.05
41.22,80.0,125.05
40.16,176.21,35.0
40.16,176.21,35.87
40.16,176.21,36.74
40.15,176.2,37.6
40.15,176.2,38.47
40.14,176.2,39.34
40.13,176.2,40.21
40.12,176.2,41.07
40.11,176.19,41.94
40.1,176.19,42.81
40.08,176.18,43.67
40.07,176.17,44.54
40.05,176.16,45.4
40.02,176.15,46.27
40.0,176.14,47.13
39.98,176.13,48.0
39.96,176.12,48.86
39.94,176.11,49.73
39.91,176.09,50.59
39.88,176.07,51.45
39.85,176.06,52.31
39.82,176.04,53.18
39.79,176.02,54.03
39.75,175.99,54.89
39.72,175.97,55.75
39.68,175.95,56.61
39.65,175.93,57.47
39.61,175.9,58.33
39.57,175.88,59.18
39.53,175.85,60.04
39.49,175.83,60.89
39.45,175.8,61.75
39.4,175.77,62.6
39.36,175.74,63.45
39.31,175.71,64.3
39.27,175.68,65.15
39.22,175.64,66.0
39.17,175.61,66.85
39.12,175.58,67.7
39.07,175.54,68.55
39.02,175.5,69.39
38.97,175.47,70.24
38.91,175.43,71.08
38.86,175.39,71.92
38.8,175.35,72.77
38.75,175.31,73.61
38.69,175.27,74.45
38.63,175.23,75.29
38.57,175.19,76.12
38.51,175.14,76.96
38.45,175.1,77.79
38.39,175.05,78.63
38.33,175.01,79.46
38.27,174.96,80.3
38.21,174.91,81.13
38.15,174.86,81.96
38.09,174.81,82.79
38.03,174.76,83.62
37.97,174.71,84.44
37.91,174.65,85.27
37.85,174.6,86.1
37.79,174.54,86.92
37.73,174.48,87.75
37.68,174.42,88.58
37.62,174.35,89.4
37.57,174.29,90.23
37.51,174.2,91.05
37.45,174.13,91.87
37.4,174.05,92.69
37.36,173.96,93.52
37.33,173.87,94.35
37.29,173.78,95.18
37.25,173.65,96.0
37.2,173.52,96.81
37.17,173.4,97.64
37.16,173.25,98.47
37.16,173.1,99.3
37.16,172.94,100.13
37.15,172.76,100.95
37.15,172.54,101.77
37.16,172.33,102.6
37.18,172.11,103.42
37.22,171.87,104.25
37.27,171.62,105.07
37.31,171.36,105.89
37.36,171.07,106.7
37.43,170.75,107.51
37.5,170.43,108.31
37.57,170.09,109.11
37.67,169.72,109.9
37.79,169.33,110.68
37.91,168.94,111.46
38.04,168.53,112.22
38.2,168.07,112.96
38.36,167.6,113.69
38.51,167.11,114.41
38.64,166.6,115.1
38.76,166.03,115.72
38.78,165.34,116.23
38.74,164.61,116.7
38.66,163.86,117.14
38.57,163.1,117.58
38.52,162.33,117.97
38.49,161.55,118.33
38.44,160.75,118.69
38.39,159.96,119.03
38.38,159.15,119.33
38.36,158.34,119.62
38.34,157.53,119.92
38.35,156.72,120.18
38.35,155.91,120.43
38.36,155.09,120.68
38.37,154.27,120.9
38.39,153.45,121.11
38.42,152.63,121.31
38.44,151.81,121.51
38.48,150.99,121.68
38.52,150.16,121.85
38.56,149.34,122.01
38.6,148.52,122.16
38.65,147.69,122.3
38.7,146.87,122.44
38.76,146.05,122.57
38.82,145.22,122.69
38.88,144.4,122.81
38.94,143.58,122.92
39.01,142.75,123.02
39.07,141.93,123.12
39.14,141.1,123.22
39.21,140.28,123.31
39.28,139.45,123.4
39.35,138.62,123.48
39.42,137.79,123.57
39.49,136.97,123.65
39.57,136.14,123.72
39.64,135.31,123.8
39.72,134.48,123.87
39.79,133.64,123.94
39.86,132.81,124.0
39.94,131.97,124.07
40.01,131.14,124.13
40.08,130.3,124.2
40.16,129.46,124.26
40.23,128.62,124.32
40.3,127.78,124.37
40.37,126.94,124.43
40.44,126.1,124.49
40.51,125.26,124.54
40.59,124.41,124.6
40.66,123.56,124.65
40.72,122.71,124.7
40.79,121.87,124.75
40.86,121.02,124.8
40.93,120.16,124.85
40.99,119.31,124.9
41.06,118.46,124.95
41.12,117.6,125.0
41.19,116.75,125.04
41.25,115.89,125.09
41.31,115.03,125.13
41.37,114.17,125.18
41.43,113.31,125.22
41.48,112.45,125.26
41.54,111.59,125.3
41.6,110.72,125.34
41.65,109.86,125.38
41.7,108.99,125.41
41.76,108.13,125.45
41.81,107.26,125.48
41.85,106.39,125.52
41.9,105.52,125.55
41.95,104.65,125.58
41.99,103.78,125.61
42.04,102.9,125.64
42.08,102.03,125.67
42.12,101.15,125.7
42.16,100.28,125.72
42.19,99.41,125.75
42.23,98.53,125.77
42.26,97.65,125.8
42.3,96.77,125.82
42.33,95.89,125.84
42.36,95.01,125.86
42.38,94.13,125.88
42.41,93.25,125.9
42.43,92.37,125.91
42.46,91.49,125.93
42.48,90.61,125.94
42.5,89.73,125.95
42.51,88.84,125.97
42.53,87.96,125.98
42.54,87.08,125.98
42.56,86.19,125.99
42.57,85.31,126.0
42.58,84.42,126.01
42.59,83.54,126.02
42.6,82.65,126.02
42.61,81.77,126.03
42.61,80.89,126.03
42.61,80.0,126.02
41.62,177.2,35.0
41.62,177.2,35.88
41.62,177.2,36.76
41.61,177.2,37.63
41.61,177.2,38.51
41.6,177.2,39.39
41.59,177.19,40.27
41.58,177.19,41.14
41.57,177.19,42.02
41.56,177.18,42.9
41.54,177.18,43.78
41.52,177.17,44.65
41.5,177.16,45.53
41.48,177.15,46.4
41.46,177.14,47.28
41.44,177.13,48.15
41.42,177.11,49.03
41.4,177.1,49.9
41.37,177.09,50.77
41.34,177.07,51.64
41.31,177.05,52.52
41.28,177.03,53.39
41.25,177.01,54.26
41.22,176.99,55.13
41.18,176.97,56.0
41.15,176.95,56.87
41.11,176.92,57.74
41.07,176.9,58.6
41.04,176.87,59.47
41.0,176.85,60.33
40.96,176.82,61.2
40.91,176.79,62.06
40.87,176.77,62.93
40.83,176.74,63.79
40.78,176.7,64.65
40.74,176.67,65.51
40.69,176.64,66.37
40.64,176.61,67.23
40.59,176.57,68.09
40.55,176.54,68.95
40.49,176.5,69.8
40.44,176.47,70.66
40.39,176.43,71.51
40.33,176.39,72.37
40.27,176.35,73.22
40.22,176.31,74.07
40.17,176.27,74.92
40.11,176.23,75.77
40.05,176.19,76.62
39.99,176.14,77.46
39.93,176.1,78.31
39.87,176.05,79.15
39.82,176.01,80.0
39.76,175.96,80.84
39.69,175.92,81.68
39.63,175.87,82.53
39.57,175.82,83.37
39.51,175.77,84.21
39.45,175.72,85.04
39.39,175.66,85.88
39.33,175.6,86.72
39.27,175.55,87.55
39.21,175.49,88.39
39.16,175.43,89.23
39.11,175.37,90.07
39.06,175.3,90.9
38.99,175.22,91.73
38.93,175.15,92.57
38.88,175.07,93.4
38.85,174.98,94.24
38.81,174.9,95.07
38.77,174.81,95.91
38.72,174.68,96.74
38.68,174.56,97.57
38.65,174.43,98.41
38.64,174.29,99.25
38.63,174.14,100.09
38.63,173.98,100.93
38.62,173.8,101.76
38.62,173.59,102.59
38.62,173.39,103.42
38.64,173.17,104.26
38.69,172.93,105.1
38.73,172.68,105.93
38.78,172.42,106.76
38.82,172.12,107.58
38.88,171.82,108.4
38.96,171.48,109.21
39.03,171.14,110.02
39.13,170.77,110.82
39.25,170.39,111.62
39.37,169.99,112.4
39.5,169.57,113.18
39.65,169.12,113.93
39.81,168.64,114.67
39.96,168.15,115.39
40.09,167.64,116.1
40.21,167.06,116.73
40.24,166.36,117.25
40.19,165.62,117.72
40.11,164.86,118.17
40.02,164.1,118.61
39.97,163.32,119.0
39.93,162.52,119.37
39.88,161.71,119.73
39.83,160.91,120.07
39.81,160.09,120.37
39.79,159.27,120.67
39.78,158.45,120.97
39.79,157.63,121.23
39.79,156.8,121.48
39.79,155.97,121.72
39.81,155.15,121.94
39.83,154.31,122.15
39.85,153.48,122.35
39.88,152.65,122.54
39.92,151.82,122.72
39.95,150.99,122.89
39.99,150.15,123.05
40.04,149.32,123.19
40.09,148.49,123.34
40.14,147.65,123.47
40.19,146.82,123.6
40.25,145.99,123.72
40.31,145.15,123.83
40.37,144.32,123.94
40.44,143.48,124.04
40.5,142.65,124.14
40.57,141.81,124.24
40.64,140.98,124.33
40.71,140.14,124.42
40.78,139.3,124.5
40.85,138.46,124.59
40.92,137.62,124.67
40.99,136.78,124.74
41.06,135.94,124.82
41.14,135.1,124.89
41.21,134.26,124.95
41.28,133.41,125.02
41.36,132.57,125.08
41.43,131.72,125.14
41.5,130.88,125.21
41.58,130.03,125.27
41.65,129.18,125.32
41.72,128.33,125.38
41.79,127.47,125.44
41.86,126.62,125.49
41.93,125.77,125.54
42.0,124.91,125.6
42.07,124.06,125.65
42.14,123.2,125.7
42.2,122.34,125.75
42.27,121.48,125.8
42.34,120.62,125.85
42.4,119.76,125.9
42.47,118.89,125.94
42.53,118.03,125.99
42.59,117.16,126.04
42.65,116.29,126.08
42.71,115.42,126.13
42.77,114.55,126.17
42.83,113.68,126.21
42.89,112.81,126.25
42.94,111.94,126.29
43.0,111.07,126.33
43.05,110.19,126.36
43.1,109.31,126.4
43.15,108.44,126.43
43.2,107.56,126.47
43.25,106.68,126.5
43.3,105.8,126.53
43.34,104.92,126.56
43.39,104.04,126.59
43.43,103.16,126.62
43.47,102.27,126.65
43.51,101.39,126.68
43.55,100.5,126.7
43.59,99.62,126.73
43.62,98.73,126.75
43.66,97.84,126.77
43.69,96.95,126.8
43.72,96.07,126.82
43.75,95.18,126.84
43.77,94.29,126.86
43.8,93.4,126.87
43.82,92.51,126.89
43.85,91.61,126.9
43.87,90.73,126.92
43.89,89.83,126.93
43.9,88.94,126.94
43.92,88.04,126.95
43.93,87.15,126.96
43.95,86.26,126.97
43.96,85.36,126.98
43.97,84.47,126.98
43.98,83.58,126.99
43.99,82.68,127.0
44.0,81.79,127.0
44.0,80.9,127.0
43.99,80.0,127.0
43.08,178.19,35.0
43.08,178.19,35.89
43.08,178.19,36.78
43.07,178.19,37.66
43.06,178.19,38.55
43.06,178.19,39.44
43.05,178.19,40.33
43.04,178.18,41.22
43.03,178.18,42.1
43.01,178.18,42.99
43.0,178.17,43.88
42.98,178.16,44.76
42.96,178.15,45.65
42.94,178.14,46.53
42.92,178.13,47.42
42.9,178.12,48.3
42.88,178.11,49.19
42.86,178.1,50.07
42.84,178.08,50.95
42.81,178.06,51.84
42.78,178.04,52.72
42.74,178.02,53.6
42.71,178.0,54.48
42.68,177.98,55.36
42.65,177.96,56.25
42.61,177.94,57.12
42.58,177.92,58.0
42.54,177.89,58.88
42.5,177.87,59.76
42.46,177.84,60.63
42.42,177.82,61.51
42.38,177.79,62.38
42.34,177.76,63.26
42.3,177.73,64.13
42.25,177.7,65.0
42.21,177.67,65.87
42.16,177.64,66.74
42.11,177.6,67.61
42.07,177.57,68.48
42.02,177.54,69.35
41.97,177.5,70.22
41.91,177.46,71.08
41.86,177.43,71.95
41.81,177.39,72.81
41.75,177.35,73.67
41.7,177.31,74.53
41.65,177.27,75.4
41.59,177.23,76.26
41.53,177.19,77.11
41.47,177.14,77.97
41.41,177.1,78.83
41.35,177.06,79.68
41.3,177.01,80.54
41.24,176.97,81.39
41.18,176.92,82.24
41.12,176.87,83.09
41.05,176.82,83.95
41.0,176.77,84.8
40.94,176.72,85.65
40.88,176.67,86.5
40.82,176.61,87.34
40.76,176.56,88.19
40.7,176.5,89.03
40.64,176.44,89.88
40.59,176.38,90.73
40.54,176.32,91.58
40.47,176.24,92.42
40.42,176.17,93.26
40.37,176.09,94.1
40.33,176.01,94.95
40.29,175.93,95.8
40.25,175.84,96.65
40.2,175.72,97.49
40.16,175.59,98.33
40.13,175.47,99.17
40.12,175.33,100.02
40.11,175.18,100.87
40.1,175.03,101.72
40.09,174.85,102.57
40.09,174.64,103.41
40.09,174.44,104.25
40.11,174.22,105.1
40.15,173.99,105.95
40.19,173.74,106.79
40.24,173.47,107.63
40.29,173.18,108.47
40.34,172.88,109.3
40.42,172.54,110.12
40.49,172.2,110.94
40.59,171.83,111.75
40.7,171.44,112.55
40.83,171.04,113.35
40.96,170.62,114.14
41.1,170.17,114.9
41.27,169.68,115.65
41.42,169.19,116.38
41.55,168.67,117.1
41.67,168.08,117.74
41.69,167.39,118.26
41.64,166.63,118.74
41.56,165.86,119.19
41.47,165.09,119.63
41.41,164.3,120.04
41.37,163.49,120.4
41.32,162.68,120.76
41.27,161.86,121.11
41.25,161.03,121.41
41.23,160.2,121.71
41.21,159.37,122.01
41.22,158.54,122.27
41.23,157.7,122.52
41.23,156.86,122.77
41.24,156.02,122.98
41.26,155.18,123.19
41.29,154.34,123.39
41.31,153.5,123.58
41.35,152.66,123.75
41.39,151.81,123.92
41.43,150.97,124.08
41.47,150.12,124.23
41.52,149.28,124.37
41.57,148.44,124.5
41.63,147.59,124.63
41.68,146.75,124.75
41.74,145.9,124.86
41.8,145.06,124.97
41.87,144.21,125.07
41.93,143.36,125.17
42.0,142.52,125.26
42.07,141.67,125.35
42.13,140.82,125.44
42.2,139.98,125.52
42.27,139.13,125.61
42.34,138.28,125.69
42.41,137.43,125.76
42.49,136.58,125.83
42.56,135.73,125.9
42.63,134.87,125.97
42.7,134.02,126.03
42.77,133.16,126.09
42.85,132.31,126.16
42.92,131.45,126.21
42.99,130.59,126.27
43.06,129.73,126.33
43.13,128.87,126.39
43.2,128.01,126.44
43.27,127.14,126.49
43.34,126.28,126.55
43.41,125.42,126.6
43.48,124.55,126.65
43.55,123.68,126.7
43.61,122.81,126.75
43.68,121.94,126.8
43.75,121.07,126.84
43.81,120.2,126.89
43.87,119.32,126.94
43.94,118.45,126.98
44.0,117.57,127.03
44.06,116.7,127.07
44.12,115.82,127.12
44.18,114.94,127.16
44.23,114.06,127.2
44.29,113.17,127.24
44.35,112.29,127.28
44.4,111.41,127.31
44.45,110.52,127.35
44.5,109.64,127.39
44.55,108.75,127.42
44.6,107.86,127.45
44.65,106.97,127.49
44.7,106.08,127.52
44.74,105.19,127.55
44.78,104.3,127.58
44.83,103.41,127.6
44.87,102.52,127.63
44.91,101.62,127.66
44.94,100.73,127.68
44.98,99.83,127.71
45.01,98.93,127.73
45.04,98.04,127.74
45.08,97.14,127.76
45.11,96.24,127.78
45.14,95.34,127.8
45.17,94.44,127.81
45.19,93.54,127.83
45.22,92.64,127.84
45.24,91.74,127.86
45.26,90.84,127.87
45.28,89.94,127.88
45.3,89.03,127.89
45.32,88.13,127.9
45.33,87.23,127.9
45.34,86.33,127.91
45.36,85.42,127.92
45.37,84.52,127.92
45.38,83.62,127.93
45.39,82.71,127.93
45.4,81.81,127.94
45.4,80.9,127.94
45.4,80.0,127.93
44.54,179.19,35.0
44.54,179.18,35.9
44.53,179.19,36.8
44.53,179.18,37.69
44.52,179.18,38.59
44.52,179.18,39.49
44.51,179.18,40.39
44.5,179.18,41.29
44.49,179.17,42.18
44.47,179.17,43.08
44.46,179.16,43.98
44.44,179.16,44.88
44.42,179.15,45.77
44.4,179.14,46.67
44.38,179.13,47.56
44.36,179.12,48.46
44.34,179.1,49.35
44.32,179.09,50.25
44.3,179.08,51.14
44.27,179.06,52.03
44.24,179.04,52.93
44.21,179.02,53.82
44.18,179.0,54.71
44.15,178.98,55.6
44.11,178.96,56.49
44.08,178.93,57.38
44.04,178.91,58.27
44.01,178.89,59.16
43.97,178.86,60.04
43.93,178.84,60.93
43.89,178.81,61.82
43.85,178.79,62.7
43.81,178.76,63.58
43.77,178.73,64.47
43.72,178.7,65.35
43.68,178.67,66.23
43.63,178.63,67.11
43.58,178.6,67.99
43.54,178.57,68.87
43.49,178.54,69.75
43.44,178.5,70.63
43.39,178.46,71.5
43.33,178.43,72.38
43.28,178.39,73.25
43.23,178.35,74.13
43.18,178.31,75.0
43.12,178.27,75.87
43.07,178.23,76.74
43.01,178.19,77.61
42.95,178.14,78.48
42.89,178.1,79.34
42.83,178.06,80.21
42.78,178.01,81.08
42.72,177.97,81.94
42.66,177.92,82.8
42.6,177.87,83.66
42.54,177.82,84.53
42.48,177.78,85.39
42.42,177.73,86.25
42.36,177.67,87.11
42.3,177.62,87.97
42.24,177.57,88.82
42.18,177.51,89.68
42.13,177.45,90.54
42.07,177.4,91.39
42.02,177.33,92.25
41.96,177.26,93.1
41.9,177.19,93.95
41.85,177.11,94.81
41.81,177.04,95.67
41.77,176.95,96.52
41.73,176.87,97.38
41.68,176.75,98.23
41.63,176.63,99.08
41.61,176.51,99.94
41.59,176.37,100.8
41.58,176.23,101.66
41.57,176.08,102.52
41.56,175.9,103.37
41.56,175.69,104.23
41.56,175.5,105.08
41.58,175.27,105.94
41.62,175.04,106.8
41.65,174.8,107.65
41.7,174.53,108.5
41.75,174.24,109.35
41.8,173.94,110.19
41.87,173.6,111.02
41.95,173.25,111.85
42.04,172.89,112.68
42.16,172.5,113.49
42.29,172.09,114.29
42.42,171.67,115.1
42.55,171.22,115.87
42.72,170.73,116.63
42.88,170.22,117.37
43.01,169.7,118.09
43.12,169.11,118.75
43.14,168.41,119.28
43.09,167.64,119.76
43.01,166.86,120.21
42.92,166.08,120.66
42.85,165.28,121.07
42.81,164.46,121.44
42.76,163.64,121.8
42.71,162.81,122.15
42.69,161.97,122.45
42.67,161.13,122.75
42.65,160.29,123.05
42.66,159.45,123.31
42.66,158.6,123.56
42.66,157.75,123.81
42.68,156.9,124.02
42.7,156.05,124.23
42.72,155.19,124.43
42.75,154.34,124.62
42.79,153.49,124.79
42.82,152.63,124.96
42.86,151.78,125.12
42.91,150.93,125.26
42.96,150.07,125.4
43.01,149.22,125.53
43.06,148.36,125.66
43.12,147.51,125.77
43.17,146.65,125.89
43.24,145.8,125.99
43.3,144.94,126.09
43.36,144.08,126.19
43.43,143.23,126.29
43.49,142.37,126.38
43.56,141.51,126.46
43.63,140.65,126.55
43.7,139.79,126.63
43.77,138.93,126.71
43.84,138.08,126.78
43.91,137.21,126.85
43.98,136.35,126.92
44.05,135.49,126.98
44.12,134.62,127.04
44.19,133.76,127.11
44.27,132.89,127.17
44.34,132.02,127.22
44.41,131.16,127.28
44.48,130.28,127.34
44.55,129.42,127.39
44.62,128.54,127.44
44.69,127.67,127.5
44.76,126.8,127.55
44.82,125.92,127.6
44.89,125.04,127.65
44.96,124.16,127.7
45.02,123.28,127.74
45.09,122.4,127.78
45.16,121.51,127.82
45.22,120.63,127.86
45.29,119.75,127.9
45.36,118.86,127.94
45.42,117.97,127.98
45.48,117.08,128.02
45.55,116.19,128.06
45.61,115.3,128.09
45.67,114.41,128.13
45.73,113.52,128.16
45.78,112.62,128.2
45.84,111.73,128.23
45.89,110.84,128.26
45.95,109.94,128.29
46.0,109.04,128.32
46.05,108.14,128.35
46.1,107.24,128.38
46.15,106.34,128.4
46.2,105.45,128.43
46.24,104.54,128.45
46.28,103.64,128.48
46.33,102.74,128.5
46.37,101.83,128.52
46.41,100.93,128.55
46.44,100.03,128.57
46.48,99.12,128.59
46.51,98.21,128.61
46.55,97.31,128.62
46.58,96.4,128.64
46.61,95.49,128.66
46.64,94.58,128.67
46.66,93.67,128.69
46.69,92.76,128.7
46.71,91.85,128.71
46.73,90.94,128.72
46.75,90.03,128.73
46.77,89.12,128.74
46.78,88.21,128.75
46.8,87.3,128.76
46.81,86.39,128.76
46.82,85.47,128.77
46.84,84.56,128.78
46.85,83.65,128.78
46.86,82.74,128.79
46.87,81.83,128.79
46.87,80.91,128.79
46.86,80.0,128.79
46.05,180.07,35.0
46.05,180.07,35.91
46.05,180.07,36.81
46.04,180.07,37.72
46.03,180.07,38.63
46.03,180.07,39.54
46.02,180.07,40.45
46.01,180.07,41.35
46.0,180.07,42.26
45.98,180.06,43.17
45.97,180.06,44.07
45.95,180.05,44.98
45.93,180.04,45.89
45.91,180.04,46.79
45.89,180.03,47.7
45.87,180.02,48.6
45.85,180.01,49.51
45.82,180.0,50.41
45.8,179.99,51.31
45.77,179.97,52.22
45.74,179.95,53.12
45.71,179.94,54.02
45.67,179.92,54.92
45.64,179.9,55.83
45.61,179.89,56.73
45.57,179.87,57.62
45.53,179.85,58.52
45.5,179.83,59.42
45.46,179.81,60.32
45.41,179.79,61.22
45.37,179.77,62.12
45.33,179.74,63.01
45.29,179.72,63.91
45.24,179.7,64.8
45.19,179.67,65.69
45.15,179.64,66.59
45.1,179.62,67.48
45.05,179.59,68.37
45.0,179.56,69.26
44.96,179.53,70.15
44.91,179.5,71.04
44.86,179.46,71.92
44.81,179.42,72.81
44.76,179.39,73.7
44.7,179.35,74.58
44.65,179.31,75.46
44.6,179.27,76.34
44.54,179.23,77.23
44.49,179.19,78.1
44.43,179.15,78.98
44.37,179.1,79.86
44.31,179.06,80.73
44.26,179.02,81.61
44.2,178.97,82.49
44.14,178.92,83.36
44.08,178.88,84.23
44.02,178.83,85.11
43.96,178.78,85.98
43.91,178.73,86.85
43.85,178.68,87.72
43.79,178.63,88.59
43.73,178.58,89.45
43.67,178.52,90.32
43.61,178.46,91.19
43.56,178.41,92.06
43.51,178.35,92.92
43.44,178.28,93.78
43.38,178.21,94.65
43.33,178.14,95.51
43.29,178.06,96.38
43.25,177.98,97.25
43.21,177.9,98.11
43.16,177.78,98.98
43.11,177.66,99.84
43.08,177.55,100.7
43.07,177.41,101.57
43.05,177.27,102.45
43.04,177.13,103.32
43.04,176.94,104.18
43.03,176.75,105.04
43.02,176.55,105.91
43.05,176.33,106.78
43.08,176.1,107.65
43.11,175.86,108.51
43.16,175.59,109.37
43.21,175.3,110.23
43.26,175.0,111.08
43.33,174.66,111.92
43.41,174.31,112.76
43.5,173.95,113.6
43.62,173.56,114.42
43.75,173.14,115.24
43.87,172.71,116.05
44.01,172.27,116.84
44.18,171.77,117.6
44.34,171.26,118.36
44.47,170.73,119.09
44.57,170.14,119.76
44.59,169.43,120.3
44.54,168.66,120.78
44.46,167.87,121.24
44.36,167.07,121.69
44.29,166.26,122.1
44.25,165.43,122.47
44.2,164.6,122.84
44.15,163.76,123.19
44.13,162.91,123.49
44.11,162.06,123.79
44.08,161.21,124.1
44.1,160.35,124.35
44.1,159.49,124.6
44.1,158.63,124.85
44.11,157.77,125.06
44.14,156.91,125.27
44.16,156.05,125.47
44.19,155.19,125.65
44.23,154.32,125.83
44.26,153.46,126.0
44.3,152.59,126.15
44.34,151.73,126.29
44.39,150.86,126.43
44.44,150.0,126.56
44.5,149.13,126.68
44.55,148.27,126.8
44.61,147.4,126.91
44.67,146.54,127.02
44.73,145.67,127.12
44.79,144.8,127.22
44.86,143.94,127.31
44.92,143.07,127.4
44.98,142.2,127.49
45.05,141.33,127.56
45.12,140.45,127.63
45.19,139.58,127.7
45.27,138.71,127.77
45.34,137.83,127.84
45.42,136.96,127.9
45.49,136.08,127.95
45.57,135.21,128.01
45.65,134.33,128.06
45.72,133.45,128.12
45.8,132.57,128.17
45.87,131.69,128.22
45.95,130.81,128.26
46.02,129.92,128.31
46.09,129.04,128.36
46.17,128.15,128.4
46.24,127.27,128.45
46.31,126.38,128.49
46.38,125.49,128.54
46.45,124.6,128.58
46.52,123.71,128.62
46.59,122.82,128.66
46.65,121.93,128.7
46.72,121.04,128.74
46.79,120.14,128.78
46.85,119.24,128.82
46.91,118.35,128.86
46.98,117.45,128.89
47.04,116.55,128.93
47.1,115.65,128.97
47.15,114.75,129.0
47.21,113.85,129.03
47.27,112.94,129.07
47.32,112.04,129.1
47.38,111.14,129.13
47.43,110.23,129.16
47.48,109.33,129.19
47.53,108.42,129.21
47.58,107.51,129.24
47.63,106.6,129.27
47.67,105.69,129.29
47.72,104.78,129.32
47.76,103.87,129.34
47.8,102.96,129.37
47.84,102.05,129.39
47.88,101.13,129.41
47.92,100.22,129.43
47.95,99.3,129.45
47.98,98.39,129.47
48.02,97.47,129.48
48.05,96.56,129.5
48.08,95.64,129.52
48.1,94.72,129.53
48.13,93.81,129.55
48.15,92.89,129.56
48.18,91.97,129.57
48.2,91.05,129.58
48.22,90.13,129.59
48.23,89.21,129.6
48.25,88.29,129.61
48.26,87.37,129.62
48.28,86.45,129.62
48.29,85.53,129.63
48.3,84.61,129.63
48.31,83.69,129.64
48.32,82.77,129.64
48.33,81.84,129.65
48.33,80.92,129.65
48.32,80.0,129.64
47.6,180.92,35.0
47.6,180.92,35.92
47.6,180.92,36.83
47.59,180.92,37.75
47.59,180.92,38.67
47.58,180.92,39.58
47.57,180.91,40.5
47.56,180.91,41.42
47.55,180.91,42.33
47.54,180.9,43.25
47.52,180.9,44.17
47.51,180.89,45.08
47.49,180.89,46.0
47.47,180.88,46.91
47.45,180.87,47.83
47.43,180.86,48.74
47.4,180.85,49.66
47.38,180.84,50.57
47.36,180.83,51.48
47.33,180.81,52.39
47.3,180.8,53.31
47.27,180.78,54.22
47.23,180.76,55.13
47.2,180.75,56.04
47.17,180.73,56.95
47.13,180.71,57.86
47.1,180.69,58.77
47.06,180.67,59.68
47.02,180.65,60.58
46.98,180.63,61.49
46.94,180.61,62.4
46.9,180.59,63.3
46.85,180.56,64.21
46.81,180.54,65.11
46.76,180.51,66.01
46.72,180.49,66.91
46.67,180.46,67.82
46.62,180.44,68.72
46.57,180.41,69.62
46.52,180.38,70.52
46.47,180.35,71.42
46.42,180.32,72.31
46.36,180.29,73.21
46.31,180.26,74.1
46.25,180.22,75.0
46.2,180.19,75.89
46.14,180.16,76.79
46.08,180.13,77.68
46.02,180.09,78.57
45.96,180.05,79.46
45.9,180.02,80.35
45.84,179.98,81.24
45.78,179.94,82.13
45.72,179.9,83.01
45.66,179.86,83.9
45.6,179.82,84.78
45.53,179.78,85.67
45.47,179.74,86.55
45.41,179.7,87.43
45.35,179.65,88.32
45.28,179.61,89.2
45.22,179.56,90.07
45.16,179.51,90.96
45.1,179.46,91.84
45.04,179.42,92.72
44.99,179.37,93.6
44.93,179.3,94.47
44.87,179.23,95.34
44.82,179.16,96.22
44.77,179.09,97.1
44.73,179.01,97.97
44.69,178.92,98.85
44.64,178.81,99.72
44.59,178.7,100.59
44.56,178.59,101.47
44.54,178.45,102.35
44.53,178.32,103.23
44.51,178.17,104.11
44.51,177.99,104.99
44.49,177.8,105.86
44.49,177.61,106.74
44.52,177.38,107.61
44.55,177.15,108.5
44.57,176.92,109.37
44.63,176.64,110.24
44.67,176.35,111.11
44.72,176.06,111.98
44.79,175.72,112.83
44.87,175.36,113.68
44.95,175.0,114.53
45.07,174.6,115.35
45.21,174.17,116.17
45.35,173.73,116.99
45.48,173.28,117.79
45.67,172.77,118.55
45.84,172.25,119.31
45.97,171.71,120.05
46.08,171.11,120.72
46.1,170.38,121.26
46.04,169.61,121.75
45.95,168.82,122.22
45.85,168.01,122.68
45.78,167.2,123.1
45.73,166.36,123.48
45.67,165.52,123.84
45.62,164.67,124.19
45.6,163.81,124.5
45.57,162.95,124.81
45.55,162.09,125.11
45.56,161.23,125.36
45.56,160.36,125.62
45.56,159.49,125.86
45.58,158.62,126.07
45.6,157.74,126.27
45.62,156.87,126.47
45.66,155.99,126.65
45.7,155.12,126.82
45.73,154.24,126.99
45.77,153.37,127.13
45.82,152.49,127.27
45.87,151.61,127.41
45.92,150.74,127.53
45.98,149.86,127.65
46.04,148.98,127.76
46.1,148.1,127.87
46.16,147.22,127.96
46.23,146.35,128.06
46.3,145.47,128.15
46.36,144.59,128.23
46.43,143.71,128.32
46.5,142.83,128.39
46.57,141.95,128.47
46.64,141.06,128.54
46.72,140.18,128.61
46.79,139.3,128.68
46.86,138.42,128.74
46.94,137.53,128.8
47.01,136.64,128.85
47.09,135.76,128.91
47.16,134.87,128.96
47.24,133.98,129.01
47.31,133.09,129.06
47.39,132.2,129.11
47.46,131.31,129.15
47.53,130.42,129.2
47.6,129.53,129.24
47.67,128.63,129.29
47.74,127.74,129.33
47.81,126.84,129.38
47.88,125.94,129.42
47.95,125.04,129.46
48.02,124.14,129.5
48.09,123.24,129.54
48.15,122.34,129.58
48.22,121.44,129.62
48.28,120.53,129.66
48.35,119.63,129.69
48.41,118.72,129.73
48.47,117.82,129.77
48.53,116.91,129.8
48.59,116.0,129.84
48.64,115.09,129.87
48.7,114.18,129.9
48.76,113.27,129.93
48.81,112.35,129.96
48.86,111.44,129.99
48.91,110.52,130.02
48.96,109.61,130.05
49.01,108.69,130.08
49.06,107.78,130.11
49.11,106.86,130.13
49.15,105.94,130.16
49.19,105.02,130.18
49.24,104.1,130.21
49.28,103.18,130.23
49.31,102.26,130.25
49.35,101.33,130.27
49.39,100.41,130.29
49.42,99.49,130.31
49.46,98.56,130.33
49.49,97.64,130.35
49.52,96.72,130.36
49.55,95.79,130.38
49.57,94.86,130.39
49.6,93.94,130.41
49.62,93.01,130.42
49.64,92.08,130.43
49.66,91.15,130.44
49.68,90.23,130.45
49.7,89.3,130.46
49.72,88.37,130.46
49.73,87.44,130.47
49.74,86.51,130.48
49.76,85.58,130.48
49.77,84.65,130.49
49.78,83.72,130.49
49.79,82.79,130.5
49.79,81.86,130.5
49.79,80.93,130.5
49.79,80.0,130.5
49.15,181.76,35.0
49.15,181.76,35.92
49.15,181.76,36.85
49.14,181.76,37.78
49.14,181.76,38.7
49.13,181.76,39.63
49.12,181.76,40.56
49.11,181.76,41.49
49.1,181.75,42.41
49.09,181.75,43.33
49.07,181.74,44.26
49.06,181.74,45.18
49.04,181.73,46.11
49.02,181.72,47.03
49.0,181.71,47.96
48.98,181.7,48.88
48.96,181.69,49.81
48.94,181.68,50.73
48.91,181.67,51.65
48.88,181.65,52.57
48.86,181.64,53.49
48.82,181.62,54.41
48.79,181.61,55.33
48.76,181.59,56.26
48.73,181.57,57.17
48.7,181.55,58.09
48.66,181.53,59.01
48.62,181.52,59.93
48.58,181.49,60.84
48.55,181.47,61.76
48.51,181.45,62.68
48.46,181.43,63.59
48.42,181.41,64.51
48.38,181.38,65.42
48.33,181.36,66.33
48.29,181.33,67.24
48.24,181.31,68.15
48.19,181.28,69.07
48.14,181.26,69.97
48.1,181.23,70.89
48.04,181.2,71.79
47.99,181.17,72.7
47.94,181.14,73.61
47.88,181.11,74.51
47.83,181.08,75.41
47.78,181.05,76.32
47.72,181.01,77.22
47.66,180.98,78.12
47.61,180.94,79.02
47.55,180.91,79.92
47.49,180.87,80.82
47.43,180.83,81.72
47.37,180.8,82.62
47.31,180.76,83.52
47.25,180.72,84.41
47.18,180.68,85.31
47.12,180.64,86.2
47.06,180.6,87.09
47.0,180.56,87.99
46.94,180.52,88.88
46.88,180.47,89.77
46.81,180.43,90.66
46.75,180.38,91.55
46.69,180.33,92.44
46.63,180.29,93.33
46.58,180.24,94.21
46.51,180.17,95.1
46.45,180.12,95.99
46.39,180.05,96.87
46.34,179.98,97.76
46.3,179.91,98.65
46.25,179.84,99.54
46.2,179.73,100.42
46.15,179.63,101.3
46.11,179.52,102.19
46.09,179.39,103.08
46.08,179.25,103.98
46.06,179.12,104.87
46.05,178.94,105.75
46.04,178.75,106.64
46.03,178.57,107.52
46.06,178.34,108.41
46.08,178.11,109.3
46.11,177.89,110.19
46.17,177.61,111.07
46.21,177.32,111.94
46.26,177.02,112.82
46.34,176.68,113.67
46.42,176.32,114.53
46.5,175.96,115.39
46.63,175.56,116.23
46.77,175.13,117.06
46.9,174.69,117.89
47.04,174.23,118.7
47.22,173.72,119.47
47.38,173.2,120.24
47.52,172.66,121.0
47.64,172.05,121.66
47.65,171.32,122.22
47.58,170.54,122.72
47.48,169.74,123.2
47.39,168.93,123.65
47.32,168.1,124.06
47.26,167.26,124.45
47.2,166.41,124.82
47.15,165.54,125.16
47.13,164.68,125.48
47.1,163.81,125.78
47.08,162.94,126.07
47.09,162.06,126.34
47.09,161.18,126.59
47.09,160.3,126.82
47.11,159.42,127.04
47.13,158.54,127.24
47.15,157.65,127.43
47.19,156.77,127.61
47.22,155.88,127.78
47.26,155.0,127.94
47.3,154.11,128.08
47.35,153.22,128.22
47.4,152.34,128.35
47.45,151.45,128.47
47.51,150.56,128.59
47.57,149.68,128.69
47.63,148.79,128.79
47.69,147.9,128.89
47.76,147.01,128.98
47.82,146.12,129.07
47.89,145.24,129.15
47.96,144.35,129.23
48.03,143.46,129.31
48.1,142.57,129.38
48.17,141.68,129.45
48.24,140.78,129.52
48.31,139.89,129.58
48.38,139.0,129.64
48.46,138.1,129.7
48.53,137.21,129.75
48.6,136.31,129.81
48.68,135.42,129.86
48.75,134.52,129.9
48.82,133.62,129.95
48.9,132.72,130.0
48.97,131.82,130.04
49.04,130.92,130.09
49.11,130.01,130.13
49.18,129.11,130.18
49.25,128.2,130.22
49.32,127.3,130.26
49.39,126.39,130.3
49.45,125.48,130.34
49.52,124.58,130.38
49.58,123.66,130.42
49.65,122.75,130.46
49.71,121.84,130.5
49.78,120.93,130.53
49.84,120.01,130.57
49.9,119.1,130.61
49.96,118.18,130.64
50.01,117.26,130.67
50.07,116.34,130.7
50.13,115.42,130.73
50.19,114.5,130.75
50.24,113.58,130.78
50.3,112.66,130.81
50.35,111.74,130.83
50.41,110.81,130.86
50.46,109.89,130.88
50.51,108.96,130.91
50.55,108.03,130.93
50.6,107.1,130.95
50.65,106.18,130.97
50.69,105.25,130.99
50.73,104.32,131.01
50.77,103.39,131.03
50.81,102.46,131.05
50.85,101.53,131.07
50.89,100.6,131.08
50.92,99.66,131.1
50.96,98.73,131.12
50.99,97.8,131.13
51.02,96.86,131.14
51.05,95.93,131.16
51.07,95.0,131.17
51.1,94.06,131.18
51.13,93.12,131.19
51.15,92.19,131.2
51.17,91.25,131.21
51.19,90.32,131.22
51.2,89.38,131.22
51.22,88.44,131.23
51.24,87.5,131.23
51.25,86.57,131.24
51.26,85.63,131.24
51.27,84.69,131.25
51.28,83.75,131.25
51.29,82.82,131.25
51.3,81.88,131.26
51.3,80.94,131.26
51.3,80.0,131.25
50.72,182.55,35.0
50.72,182.55,35.93
50.72,182.55,36.87
50.71,182.55,37.81
50.71,182.55,38.74
50.7,182.55,39.68
50.69,182.55,40.61
50.68,182.54,41.55
50.67,182.54,42.48
50.66,182.54,43.42
50.64,182.53,44.35
50.63,182.53,45.28
50.61,182.52,46.22
50.59,182.51,47.15
50.57,182.51,48.08
50.55,182.5,49.02
50.53,182.49,49.95
50.5,182.48,50.88
50.48,182.47,51.81
50.45,182.46,52.74
50.42,182.45,53.67
50.39,182.43,54.6
50.36,182.42,55.54
50.33,182.4,56.47
50.29,182.39,57.39
50.26,182.37,58.32
50.22,182.36,59.25
50.18,182.34,60.18
50.15,182.32,61.1
50.11,182.3,62.03
50.07,182.29,62.95
50.02,182.27,63.88
49.99,182.25,64.81
49.95,182.23,65.73
49.9,182.2,66.65
49.86,182.18,67.57
49.81,182.15,68.49
49.76,182.13,69.41
49.72,182.1,70.33
49.67,182.08,71.25
49.62,182.05,72.17
49.57,182.02,73.09
49.51,181.99,74.0
49.46,181.96,74.91
49.41,181.93,75.83
49.35,181.9,76.74
49.3,181.87,77.66
49.24,181.83,78.57
49.19,181.8,79.48
49.13,181.76,80.39
49.07,181.73,81.3
49.01,181.69,82.2
48.95,181.66,83.11
48.89,181.62,84.02
48.83,181.58,84.92
48.77,181.54,85.83
48.71,181.5,86.73
48.65,181.46,87.64
48.59,181.43,88.54
48.53,181.38,89.44
48.47,181.34,90.34
48.41,181.29,91.24
48.34,181.25,92.14
48.29,181.2,93.04
48.23,181.16,93.94
48.17,181.11,94.83
48.1,181.05,95.73
48.04,180.99,96.63
47.98,180.93,97.52
47.94,180.87,98.42
47.89,180.8,99.32
47.85,180.72,100.22
47.8,180.62,101.11
47.74,180.52,102.0
47.71,180.41,102.9
47.69,180.28,103.8
47.67,180.15,104.7
47.66,180.01,105.6
47.65,179.84,106.5
47.63,179.66,107.39
47.62,179.48,108.29
47.64,179.26,109.19
47.67,179.04,110.09
47.69,178.82,110.99
47.74,178.55,111.88
47.78,178.26,112.76
47.83,177.97,113.65
47.9,177.63,114.52
47.99,177.27,115.39
48.07,176.91,116.25
48.19,176.51,117.1
48.33,176.08,117.95
48.46,175.65,118.79
48.6,175.19,119.6
48.77,174.68,120.39
48.93,174.16,121.17
49.06,173.62,121.94
49.19,172.99,122.61
49.2,172.26,123.17
49.12,171.47,123.68
49.02,170.67,124.17
48.92,169.85,124.62
48.85,169.0,125.03
48.79,168.15,125.43
48.73,167.29,125.8
48.69,166.42,126.13
48.66,165.54,126.45
48.63,164.66,126.76
48.62,163.78,127.04
48.62,162.89,127.31
48.62,162.01,127.56
48.62,161.11,127.79
48.64,160.22,128.0
48.65,159.33,128.21
48.68,158.43,128.39
48.72,157.54,128.57
48.75,156.65,128.74
48.79,155.75,128.89
48.83,154.85,129.03
48.88,153.96,129.17
48.93,153.06,129.29
48.98,152.17,129.41
49.04,151.27,129.52
49.1,150.37,129.62
49.16,149.48,129.72
49.22,148.58,129.82
49.28,147.68,129.91
49.35,146.78,129.99
49.41,145.88,130.07
49.48,144.99,130.15
49.55,144.09,130.22
49.62,143.19,130.29
49.69,142.29,130.36
49.76,141.38,130.42
49.83,140.48,130.49
49.9,139.58,130.55
49.98,138.68,130.6
50.04,137.77,130.64
50.11,136.86,130.69
50.19,135.95,130.73
50.27,135.04,130.78
50.34,134.13,130.82
50.42,133.22,130.86
50.49,132.31,130.9
50.56,131.4,130.93
50.64,130.48,130.97
50.71,129.57,131.01
50.78,128.65,131.04
50.85,127.74,131.08
50.92,126.82,131.11
50.99,125.9,131.15
51.06,124.98,131.18
51.12,124.06,131.22
51.19,123.14,131.25
51.25,122.22,131.28
51.32,121.3,131.31
51.38,120.37,131.34
51.44,119.44,131.37
51.5,118.52,131.4
51.56,117.59,131.43
51.62,116.66,131.46
51.68,115.74,131.49
51.74,114.81,131.52
51.79,113.88,131.54
51.85,112.95,131.57
51.9,112.01,131.59
51.95,111.08,131.62
52.0,110.15,131.64
52.05,109.21,131.66
52.09,108.28,131.69
52.14,107.34,131.71
52.18,106.41,131.73
52.23,105.47,131.75
52.27,104.53,131.77
52.31,103.6,131.79
52.35,102.66,131.8
52.38,101.72,131.82
52.42,100.78,131.84
52.45,99.84,131.85
52.49,98.89,131.87
52.52,97.95,131.88
52.55,97.01,131.89
52.58,96.07,131.91
52.6,95.13,131.92
52.63,94.18,131.93
52.65,93.24,131.94
52.67,92.29,131.95
52.69,91.35,131.96
52.71,90.41,131.96
52.73,89.46,131.97
52.75,88.52,131.98
52.76,87.57,131.98
52.77,86.62,131.98
52.78,85.68,131.99
52.8,84.73,131.99
52.81,83.79,132.0
52.82,82.84,132.0
52.82,81.89,132.0
52.82,80.95,132.0
52.82,80.0,132.0
52.33,183.28,35.0
52.33,183.28,35.94
52.33,183.28,36.89
52.32,183.28,37.83
52.31,183.27,38.77
52.31,183.27,39.72
52.3,183.27,40.66
52.29,183.27,41.61
52.28,183.27,42.55
52.27,183.26,43.49
52.25,183.26,44.44
52.24,183.25,45.38
52.22,183.25,46.32
52.2,183.24,47.26
52.18,183.23,48.2
52.16,183.22,49.14
52.14,183.21,50.09
52.12,183.21,51.03
52.1,183.2,51.97
52.07,183.18,52.91
52.04,183.17,53.85
52.01,183.16,54.79
51.98,183.14,55.72
51.95,183.13,56.66
51.91,183.11,57.6
51.88,183.1,58.54
51.84,183.08,59.48
51.81,183.07,60.41
51.77,183.05,61.35
51.73,183.03,62.28
51.69,183.01,63.21
51.65,182.99,64.15
51.61,182.98,65.08
51.57,182.96,66.01
51.52,182.94,66.95
51.47,182.92,67.88
51.43,182.89,68.81
51.38,182.87,69.74
51.33,182.85,70.67
51.28,182.83,71.6
51.23,182.81,72.52
51.18,182.78,73.45
51.12,182.76,74.38
51.07,182.73,75.3
51.01,182.7,76.22
50.96,182.68,77.15
50.91,182.65,78.07
50.85,182.62,78.99
50.79,182.59,79.91
50.73,182.56,80.83
50.67,182.53,81.75
50.61,182.5,82.67
50.55,182.47,83.59
50.49,182.44,84.51
50.43,182.41,85.42
50.37,182.37,86.34
50.3,182.34,87.25
50.24,182.31,88.17
50.18,182.27,89.08
50.12,182.24,89.99
50.05,182.2,90.91
50.0,182.16,91.82
49.94,182.12,92.73
49.88,182.07,93.64
49.82,182.03,94.55
49.77,181.98,95.46
49.7,181.92,96.36
49.64,181.87,97.27
49.58,181.81,98.17
49.54,181.75,99.08
49.49,181.68,99.99
49.44,181.61,100.9
49.39,181.51,101.8
49.34,181.41,102.7
49.31,181.31,103.61
49.29,181.18,104.52
49.27,181.05,105.43
49.25,180.91,106.34
49.24,180.75,107.25
49.22,180.57,108.15
49.21,180.39,109.06
49.23,180.18,109.97
49.25,179.97,110.88
49.27,179.75,111.78
49.32,179.49,112.69
49.36,179.2,113.58
49.4,178.92,114.48
49.47,178.58,115.36
49.55,178.23,116.24
49.63,177.87,117.12
49.75,177.47,117.98
49.88,177.04,118.83
50.01,176.6,119.68
50.15,176.13,120.5
50.33,175.62,121.3
50.49,175.09,122.09
50.62,174.54,122.86
50.76,173.91,123.53
50.76,173.17,124.1
50.68,172.38,124.62
50.56,171.57,125.12
50.46,170.74,125.57
50.4,169.89,125.98
50.33,169.03,126.38
50.27,168.16,126.76
50.23,167.28,127.08
50.19,166.39,127.41
50.16,165.51,127.72
50.15,164.61,127.99
50.15,163.72,128.26
50.14,162.82,128.52
50.16,161.92,128.74
50.17,161.01,128.95
50.18,160.11,129.16
50.22,159.21,129.33
50.25,158.3,129.51
50.28,157.4,129.67
50.33,156.49,129.81
50.37,155.58,129.95
50.42,154.68,130.08
50.48,153.77,130.19
50.53,152.86,130.3
50.59,151.95,130.41
50.65,151.05,130.5
50.71,150.14,130.59
50.78,149.23,130.68
50.84,148.32,130.76
50.91,147.41,130.84
50.98,146.5,130.91
51.05,145.6,130.98
51.12,144.68,131.04
51.19,143.77,131.11
51.27,142.86,131.17
51.34,141.95,131.22
51.41,141.03,131.28
51.49,140.12,131.33
51.56,139.21,131.38
51.63,138.29,131.43
51.7,137.38,131.47
51.78,136.46,131.52
51.85,135.54,131.56
51.93,134.62,131.6
52.0,133.7,131.64
52.07,132.78,131.67
52.14,131.86,131.71
52.21,130.94,131.75
52.28,130.01,131.78
52.35,129.09,131.82
52.42,128.16,131.85
52.49,127.24,131.89
52.56,126.31,131.92
52.62,125.38,131.95
52.69,124.45,131.99
52.75,123.52,132.02
52.82,122.59,132.05
52.88,121.66,132.08
52.94,120.73,132.11
53.0,119.79,132.14
53.06,118.86,132.17
53.12,117.92,132.2
53.18,116.99,132.22
53.23,116.05,132.25
53.29,115.11,132.28
53.34,114.17,132.3
53.39,113.23,132.33
53.44,112.29,132.35
53.49,111.35,132.38
53.54,110.41,132.4
53.59,109.47,132.42
53.63,108.52,132.44
53.68,107.58,132.46
53.72,106.64,132.48
53.76,105.69,132.5
53.8,104.74,132.52
53.84,103.8,132.54
53.88,102.85,132.56
53.92,101.9,132.57
53.95,100.96,132.59
53.99,100.01,132.61
54.02,99.06,132.62
54.05,98.11,132.63
54.08,97.16,132.65
54.1,96.21,132.66
54.13,95.26,132.67
54.16,94.3,132.68
54.18,93.35,132.69
54.2,92.4,132.7
54.22,91.45,132.7
54.24,90.49,132.71
54.26,89.54,132.72
54.27,88.59,132.72
54.28,87.63,132.73
54.3,86.68,132.73
54.31,85.73,132.74
54.32,84.77,132.74
54.33,83.82,132.74
54.34,82.86,132.74
54.35,81.91,132.75
54.35,80.96,132.75
54.34,80.0,132.74
53.94,184.0,35.0
53.94,184.0,35.95
53.93,184.0,36.9
53.93,184.0,37.86
53.92,184.0,38.81
53.92,184.0,39.76
53.91,184.0,40.71
53.9,184.0,41.67
53.89,183.99,42.62
53.88,183.99,43.57
53.87,183.98,44.52
53.85,183.98,45.47
53.83,183.97,46.42
53.81,183.96,47.37
53.8,183.96,48.32
53.78,183.95,49.27
53.76,183.94,50.22
53.74,183.93,51.17
53.71,183.92,52.12
53.68,183.91,53.07
53.66,183.89,54.02
53.63,183.88,54.97
53.6,183.87,55.91
53.57,183.85,56.86
53.53,183.84,57.81
53.5,183.83,58.75
53.47,183.81,59.7
53.43,183.79,60.64
53.39,183.78,61.59
53.36,183.76,62.53
53.32,183.74,63.47
53.28,183.72,64.42
53.24,183.7,65.36
53.2,183.68,66.3
53.15,183.66,67.24
53.11,183.64,68.18
53.06,183.62,69.12
53.01,183.6,70.06
52.97,183.58,71.0
52.92,183.56,71.94
52.87,183.54,72.87
52.82,183.51,73.81
52.76,183.49,74.74
52.71,183.46,75.67
52.66,183.44,76.61
52.61,183.41,77.54
52.55,183.38,78.47
52.5,183.36,79.4
52.44,183.33,80.34
52.38,183.3,81.26
52.32,183.27,82.19
52.26,183.24,83.12
52.21,183.21,84.05
52.15,183.18,84.97
52.09,183.15,85.9
52.02,183.12,86.83
51.96,183.08,87.75
51.9,183.05,88.67
51.84,183.02,89.6
51.78,182.99,90.52
51.72,182.95,91.44
51.65,182.91,92.36
51.59,182.87,93.28
51.53,182.83,94.2
51.48,182.79,95.12
51.42,182.75,96.04
51.35,182.7,96.95
51.29,182.65,97.87
51.23,182.6,98.79
51.18,182.54,99.7
51.13,182.48,100.62
51.08,182.42,101.54
51.03,182.32,102.46
50.98,182.22,103.37
50.94,182.13,104.29
50.92,182.01,105.21
50.9,181.88,106.13
50.88,181.75,107.05
50.86,181.6,107.97
50.84,181.42,108.88
50.83,181.25,109.8
50.84,181.05,110.71
50.86,180.84,111.63
50.88,180.63,112.55
50.92,180.37,113.46
50.96,180.1,114.37
51.0,179.81,115.27
51.07,179.48,116.16
51.15,179.13,117.05
51.23,178.77,117.94
51.36,178.37,118.8
51.49,177.94,119.67
51.62,177.5,120.52
51.77,177.03,121.36
51.94,176.52,122.17
52.1,175.99,122.96
52.24,175.44,123.74
52.37,174.8,124.42
52.37,174.06,125.0
52.28,173.27,125.53
52.16,172.45,126.03
52.07,171.61,126.48
52.0,170.74,126.89
51.93,169.87,127.29
51.87,168.99,127.66
51.83,168.1,127.99
51.79,167.2,128.31
51.76,166.31,128.61
51.76,165.4,128.88
51.76,164.5,129.15
51.75,163.59,129.4
51.77,162.68,129.61
51.78,161.77,129.82
51.8,160.86,130.02
51.83,159.94,130.19
51.86,159.03,130.36
51.9,158.11,130.52
51.94,157.2,130.65
51.99,156.28,130.78
52.03,155.37,130.91
52.09,154.45,131.01
52.15,153.53,131.12
52.2,152.62,131.22
52.27,151.7,131.31
52.33,150.78,131.4
52.39,149.87,131.49
52.46,148.95,131.56
52.52,148.03,131.63
52.59,147.11,131.71
52.66,146.19,131.77
52.73,145.27,131.84
52.8,144.35,131.9
52.87,143.43,131.96
52.94,142.51,132.01
53.01,141.59,132.07
53.08,140.67,132.12
53.15,139.74,132.17
53.22,138.82,132.21
53.3,137.89,132.26
53.37,136.97,132.3
53.44,136.04,132.34
53.51,135.11,132.38
53.58,134.18,132.42
53.65,133.25,132.45
53.72,132.32,132.49
53.79,131.39,132.53
53.86,130.46,132.56
53.93,129.52,132.59
53.99,128.59,132.63
54.06,127.65,132.66
54.13,126.72,132.69
54.19,125.78,132.72
54.25,124.84,132.76
54.32,123.9,132.79
54.38,122.97,132.82
54.44,122.02,132.85
54.5,121.08,132.88
54.56,120.14,132.91
54.62,119.2,132.93
54.67,118.25,132.96
54.73,117.31,132.99
54.78,116.36,133.01
54.84,115.42,133.04
54.89,114.47,133.07
54.94,113.52,133.09
54.99,112.57,133.11
55.04,111.62,133.14
55.08,110.67,133.16
55.13,109.72,133.18
55.18,108.77,133.2
55.22,107.82,133.22
55.26,106.87,133.24
55.3,105.91,133.26
55.34,104.96,133.28
55.38,104.0,133.3
55.42,103.05,133.31
55.45,102.09,133.33
55.48,101.14,133.34
55.52,100.18,133.36
55.55,99.22,133.37
55.58,98.26,133.38
55.61,97.3,133.4
55.63,96.34,133.41
55.66,95.39,133.42
55.68,94.43,133.43
55.71,93.47,133.44
55.73,92.51,133.44
55.75,91.54,133.45
55.76,90.58,133.46
55.78,89.62,133.46
55.8,88.66,133.47
55.81,87.7,133.47
55.82,86.74,133.48
55.83,85.78,133.48
55.84,84.81,133.48
55.85,83.85,133.49
55.86,82.89,133.49
55.87,81.93,133.49
55.87,80.96,133.49
55.87,80.0,133.49
55.55,184.73,35.0
55.55,184.73,35.96
55.54,184.73,36.92
55.54,184.73,37.88
55.53,184.73,38.84
55.53,184.73,39.8
55.52,184.72,40.77
55.51,184.72,41.73
55.5,184.72,42.69
55.49,184.71,43.65
55.48,184.71,44.61
55.46,184.7,45.57
55.45,184.7,46.53
55.43,184.69,47.48
55.41,184.68,48.44
55.39,184.67,49.4
55.37,184.66,50.36
55.35,184.65,51.32
55.33,184.64,52.28
55.3,184.63,53.23
55.27,184.62,54.19
55.24,184.61,55.15
55.22,184.59,56.1
55.19,184.58,57.06
55.15,184.57,58.01
55.12,184.55,58.97
55.09,184.53,59.92
55.05,184.52,60.88
55.02,184.5,61.83
54.98,184.49,62.78
54.94,184.47,63.73
54.91,184.45,64.69
54.87,184.43,65.64
54.82,184.41,66.59
54.78,184.39,67.54
54.74,184.37,68.48
54.69,184.35,69.43
54.65,184.33,70.38
54.6,184.31,71.33
54.56,184.29,72.27
54.51,184.27,73.22
54.46,184.24,74.16
54.4,184.22,75.11
54.35,184.2,76.05
54.3,184.17,76.99
54.25,184.15,77.94
54.2,184.12,78.88
54.14,184.09,79.82
54.09,184.06,80.76
54.03,184.04,81.69
53.97,184.01,82.63
53.91,183.98,83.57
53.86,183.95,84.51
53.8,183.92,85.44
53.74,183.89,86.38
53.68,183.86,87.31
53.62,183.83,88.24
53.56,183.8,89.17
53.5,183.77,90.11
53.44,183.73,91.04
53.38,183.7,91.97
53.32,183.66,92.9
53.26,183.62,93.83
53.2,183.59,94.76
53.14,183.55,95.69
53.09,183.51,96.61
53.02,183.46,97.54
52.96,183.41,98.46
52.9,183.36,99.39
52.85,183.3,100.32
52.81,183.24,101.25
52.76,183.18,102.18
52.71,183.09,103.1
52.65,183.0,104.02
52.61,182.91,104.95
52.59,182.8,105.88
52.57,182.68,106.81
52.55,182.55,107.74
52.53,182.4,108.66
52.51,182.24,109.59
52.5,182.07,110.51
52.5,181.89,111.44
52.52,181.68,112.37
52.54,181.47,113.29
52.57,181.23,114.21
52.61,180.96,115.13
52.65,180.68,116.05
52.71,180.35,116.95
52.79,180.01,117.85
52.87,179.66,118.75
52.98,179.26,119.63
53.11,178.84,120.5
53.23,178.41,121.37
53.38,177.94,122.21
53.55,177.43,123.04
53.71,176.9,123.84
53.85,176.34,124.63
53.97,175.7,125.32
53.97,174.95,125.91
53.88,174.15,126.44
53.76,173.32,126.94
53.67,172.47,127.39
53.6,171.6,127.81
53.53,170.72,128.2
53.47,169.83,128.57
53.43,168.92,128.89
53.4,168.02,129.21
53.37,167.11,129.51
53.36,166.2,129.77
53.36,165.28,130.03
53.36,164.37,130.27
53.38,163.44,130.48
53.39,162.52,130.69
53.41,161.6,130.88
53.44,160.68,131.05
53.47,159.75,131.21
53.51,158.83,131.36
53.56,157.91,131.49
53.6,156.98,131.62
53.65,156.06,131.74
53.71,155.13,131.84
53.76,154.21,131.94
53.82,153.28,132.04
53.88,152.35,132.12
53.94,151.43,132.21
54.0,150.5,132.29
54.07,149.58,132.36
54.13,148.65,132.43
54.2,147.72,132.5
54.27,146.79,132.57
54.34,145.86,132.63
54.4,144.93,132.69
54.47,144.0,132.74
54.54,143.07,132.8
54.61,142.14,132.85
54.68,141.21,132.91
54.75,140.28,132.95
54.82,139.34,133.0
54.89,138.41,133.04
54.96,137.47,133.08
55.03,136.54,133.12
55.1,135.6,133.16
55.17,134.66,133.2
55.23,133.72,133.23
55.3,132.78,133.27
55.37,131.84,133.3
55.43,130.9,133.34
55.5,129.96,133.37
55.57,129.02,133.4
55.63,128.07,133.43
55.69,127.13,133.47
55.76,126.18,133.5
55.82,125.23,133.53
55.88,124.29,133.56
55.94,123.34,133.59
56.0,122.39,133.62
56.06,121.44,133.64
56.12,120.49,133.67
56.17,119.54,133.7
56.23,118.58,133.73
56.28,117.63,133.75
56.33,116.68,133.78
56.39,115.72,133.8
56.44,114.77,133.83
56.49,113.81,133.85
56.53,112.85,133.87
56.58,111.9,133.9
56.63,110.94,133.92
56.67,109.98,133.94
56.72,109.02,133.96
56.76,108.06,133.98
56.8,107.1,134.0
56.84,106.13,134.02
56.88,105.17,134.03
56.91,104.21,134.05
56.95,103.24,134.07
56.98,102.28,134.08
57.02,101.31,134.1
57.05,100.35,134.11
57.08,99.38,134.12
57.11,98.42,134.14
57.14,97.45,134.15
57.16,96.48,134.16
57.19,95.52,134.17
57.21,94.55,134.18
57.23,93.58,134.18
57.25,92.61,134.19
57.27,91.64,134.2
57.29,90.67,134.21
57.31,89.7,134.21
57.32,88.73,134.22
57.33,87.76,134.22
57.34,86.79,134.22
57.36,85.82,134.23
57.37,84.85,134.23
57.38,83.88,134.23
57.39,82.91,134.23
57.39,81.94,134.24
57.39,80.97,134.23
57.39,80.0,134.23
57.16,185.46,35.0
57.15,185.46,35.97
57.15,185.46,36.94
57.15,185.46,37.91
57.14,185.45,38.88
57.14,185.45,39.85
57.13,185.45,40.82
57.12,185.45,41.79
57.11,185.44,42.75
57.1,185.44,43.72
57.09,185.43,44.69
57.07,185.43,45.66
57.06,185.42,46.63
57.04,185.41,47.6
57.02,185.4,48.56
57.01,185.39,49.53
56.99,185.39,50.5
56.97,185.38,51.47
56.94,185.37,52.43
56.92,185.35,53.4
56.89,185.34,54.36
56.86,185.33,55.33
56.83,185.32,56.29
56.81,185.3,57.26
56.78,185.29,58.22
56.74,185.28,59.18
56.71,185.26,60.15
56.68,185.25,61.11
56.64,185.23,62.07
56.61,185.21,63.03
56.57,185.19,63.99
56.53,185.18,64.95
56.49,185.16,65.91
56.45,185.14,66.87
56.41,185.12,67.83
56.37,185.1,68.79
56.33,185.08,69.74
56.28,185.06,70.7
56.24,185.04,71.66
56.19,185.02,72.61
56.14,185.0,73.57
56.09,184.98,74.52
56.04,184.95,75.47
55.99,184.93,76.43
55.94,184.9,77.38
55.89,184.88,78.33
55.84,184.86,79.28
55.79,184.83,80.23
55.73,184.8,81.18
55.68,184.78,82.12
55.62,184.75,83.07
55.57,184.72,84.02
55.51,184.69,84.96
55.45,184.66,85.91
55.4,184.64,86.85
55.34,184.61,87.79
55.28,184.57,88.74
55.22,184.55,89.68
55.16,184.52,90.62
55.1,184.48,91.56
55.04,184.45,92.5
54.98,184.41,93.44
54.92,184.38,94.38
54.87,184.34,95.32
54.81,184.3,96.25
54.76,184.26,97.19
54.69,184.22,98.12
54.63,184.17,99.06
54.57,184.12,100.0
54.53,184.07,100.93
54.48,184.01,101.87
54.43,183.95,102.81
54.38,183.86,103.74
54.33,183.77,104.67
54.29,183.69,105.61
54.26,183.58,106.55
54.24,183.47,107.49
54.22,183.35,108.43
54.2,183.21,109.36
54.17,183.05,110.29
54.16,182.9,111.23
54.16,182.72,112.16
54.18,182.52,113.1
54.19,182.32,114.04
54.22,182.08,114.97
54.25,181.82,115.9
54.29,181.54,116.82
54.35,181.23,117.73
54.42,180.89,118.64
54.5,180.54,119.55
54.61,180.15,120.45
54.73,179.74,121.33
54.85,179.31,122.22
54.99,178.84,123.07
55.16,178.34,123.91
55.31,177.8,124.72
55.46,177.24,125.51
55.58,176.6,126.22
55.57,175.85,126.82
55.47,175.04,127.36
55.36,174.2,127.85
55.27,173.33,128.3
55.19,172.45,128.72
55.13,171.56,129.11
55.07,170.66,129.47
55.03,169.75,129.8
55.0,168.83,130.11
54.98,167.91,130.4
54.97,166.99,130.66
54.97,166.06,130.91
54.97,165.14,131.15
54.99,164.21,131.35
55.0,163.28,131.55
55.02,162.34,131.74
55.05,161.41,131.9
55.09,160.48,132.06
55.13,159.55,132.21
55.17,158.61,132.33
55.22,157.68,132.45
55.26,156.74,132.56
55.32,155.81,132.66
55.38,154.88,132.76
55.43,153.94,132.85
55.49,153.01,132.93
55.56,152.07,133.01
55.62,151.14,133.09
55.68,150.2,133.16
55.75,149.27,133.23
55.81,148.33,133.3
55.88,147.39,133.36
55.94,146.45,133.42
56.01,145.51,133.48
56.07,144.57,133.53
56.14,143.63,133.59
56.21,142.69,133.64
56.28,141.75,133.69
56.34,140.81,133.74
56.41,139.87,133.78
56.48,138.92,133.83
56.54,137.98,133.87
56.61,137.03,133.91
56.68,136.09,133.94
56.75,135.14,133.98
56.81,134.19,134.01
56.88,133.24,134.05
56.94,132.3,134.08
57.01,131.34,134.11
57.07,130.39,134.14
57.14,129.44,134.18
57.2,128.49,134.21
57.26,127.54,134.24
57.32,126.58,134.27
57.38,125.63,134.3
57.44,124.67,134.33
57.5,123.71,134.36
57.56,122.75,134.38
57.62,121.8,134.41
57.67,120.84,134.44
57.73,119.88,134.46
57.78,118.92,134.49
57.83,117.95,134.52
57.89,116.99,134.54
57.94,116.03,134.56
57.99,115.06,134.59
58.03,114.1,134.61
58.08,113.13,134.64
58.13,112.17,134.66
58.17,111.2,134.68
58.21,110.23,134.7
58.26,109.26,134.72
58.3,108.29,134.74
58.34,107.32,134.75
58.38,106.35,134.77
58.41,105.38,134.79
58.45,104.41,134.81
58.48,103.44,134.82
58.52,102.47,134.83
58.55,101.49,134.85
58.58,100.52,134.86
58.61,99.55,134.87
58.64,98.57,134.89
58.67,97.6,134.9
58.69,96.62,134.91
58.72,95.65,134.92
58.74,94.67,134.93
58.76,93.69,134.93
58.78,92.72,134.94
58.8,91.74,134.95
58.82,90.76,134.95
58.83,89.79,134.96
58.85,88.81,134.96
58.86,87.83,134.97
58.87,86.85,134.97
58.88,85.87,134.97
58.89,84.89,134.98
58.9,83.92,134.98
58.91,82.94,134.98
58.92,81.96,134.98
58.92,80.98,134.98
58.91,80.0,134.98
58.76,186.19,35.0
58.76,186.19,35.98
58.76,186.19,36.96
58.76,186.18,37.93
58.75,186.18,38.91
58.75,186.18,39.89
58.74,186.18,40.87
58.73,186.17,41.85
58.72,186.17,42.82
58.71,186.16,43.8
58.7,186.16,44.78
58.69,186.15,45.76
58.67,186.14,46.73
58.65,186.14,47.71
58.64,186.13,48.68
58.62,186.12,49.66
58.6,186.11,50.64
58.58,186.1,51.61
58.56,186.09,52.59
58.53,186.08,53.56
58.51,186.07,54.54
58.48,186.05,55.51
58.45,186.04,56.48
58.43,186.03,57.46
58.4,186.02,58.43
58.37,186.0,59.4
58.33,185.99,60.37
58.3,185.97,61.34
58.27,185.96,62.31
58.23,185.94,63.28
58.2,185.92,64.25
58.16,185.9,65.22
58.12,185.89,66.19
58.08,185.87,67.16
58.04,185.85,68.13
58.0,185.83,69.09
57.96,185.81,70.06
57.92,185.79,71.02
57.87,185.77,71.99
57.83,185.75,72.95
57.78,185.73,73.92
57.73,185.71,74.88
57.68,185.69,75.84
57.64,185.66,76.8
57.58,185.64,77.76
57.54,185.61,78.72
57.49,185.59,79.68
57.44,185.57,80.64
57.38,185.54,81.6
57.33,185.51,82.55
57.27,185.49,83.51
57.22,185.46,84.46
57.16,185.43,85.42
57.11,185.41,86.37
57.05,185.38,87.33
56.99,185.35,88.28
56.94,185.32,89.23
56.88,185.29,90.18
56.82,185.26,91.13
56.76,185.23,92.08
56.71,185.2,93.03
56.65,185.16,93.98
56.59,185.13,94.92
56.53,185.09,95.87
56.48,185.06,96.82
56.42,185.02,97.77
56.36,184.97,98.71
56.3,184.93,99.66
56.25,184.88,100.6
56.2,184.83,101.55
56.15,184.77,102.49
56.11,184.71,103.44
56.06,184.64,104.38
56.0,184.55,105.32
55.96,184.47,106.27
55.94,184.37,107.22
55.91,184.26,108.16
55.89,184.15,109.11
55.86,184.02,110.06
55.84,183.87,111.0
55.82,183.72,111.94
55.82,183.55,112.89
55.83,183.36,113.84
55.85,183.16,114.78
55.87,182.93,115.72
55.9,182.68,116.66
55.93,182.41,117.6
55.99,182.1,118.52
56.05,181.78,119.44
56.13,181.43,120.36
56.23,181.05,121.27
56.35,180.64,122.17
56.47,180.21,123.06
56.61,179.74,123.93
56.77,179.24,124.77
56.92,178.71,125.6
57.07,178.14,126.39
57.18,177.5,127.12
57.17,176.74,127.72
57.07,175.92,128.27
56.96,175.07,128.76
56.87,174.2,129.21
56.79,173.31,129.63
56.73,172.4,130.02
56.67,171.49,130.38
56.63,170.57,130.7
56.6,169.64,131.01
56.58,168.71,131.29
56.58,167.78,131.55
56.58,166.85,131.79
56.58,165.91,132.02
56.6,164.97,132.23
56.61,164.03,132.42
56.63,163.09,132.6
56.66,162.15,132.76
56.7,161.2,132.91
56.74,160.26,133.05
56.78,159.32,133.17
56.83,158.38,133.29
56.88,157.43,133.39
56.93,156.49,133.49
56.99,155.55,133.58
57.05,154.6,133.66
57.11,153.66,133.74
57.17,152.72,133.82
57.23,151.77,133.89
57.29,150.83,133.96
57.36,149.88,134.03
57.42,148.93,134.09
57.48,147.99,134.15
57.55,147.04,134.21
57.61,146.09,134.27
57.68,145.14,134.32
57.74,144.2,134.38
57.81,143.24,134.43
57.87,142.3,134.48
57.94,141.34,134.52
58.0,140.39,134.57
58.07,139.44,134.61
58.13,138.49,134.65
58.2,137.53,134.69
58.27,136.58,134.72
58.33,135.62,134.76
58.4,134.66,134.79
58.46,133.71,134.83
58.52,132.75,134.86
58.59,131.79,134.89
58.65,130.83,134.92
58.71,129.87,134.95
58.77,128.91,134.98
58.83,127.94,135.01
58.89,126.98,135.04
58.95,126.02,135.07
59.01,125.05,135.1
59.06,124.09,135.12
59.12,123.12,135.15
59.18,122.15,135.18
59.23,121.19,135.21
59.28,120.22,135.23
59.34,119.25,135.25
59.39,118.28,135.28
59.44,117.3,135.3
59.49,116.33,135.33
59.53,115.36,135.35
59.58,114.39,135.37
59.63,113.41,135.4
59.67,112.44,135.42
59.71,111.46,135.44
59.76,110.49,135.46
59.8,109.51,135.48
59.84,108.53,135.49
59.88,107.55,135.51
59.91,106.57,135.53
59.95,105.59,135.54
59.98,104.62,135.56
60.01,103.63,135.57
60.05,102.65,135.58
60.08,101.67,135.59
60.11,100.69,135.6
60.14,99.71,135.61
60.17,98.72,135.62
60.19,97.74,135.63
60.22,96.76,135.64
60.24,95.77,135.64
60.27,94.79,135.65
60.29,93.8,135.65
60.31,92.82,135.66
60.33,91.83,135.66
60.35,90.85,135.67
60.36,89.86,135.67
60.38,88.88,135.67
60.39,87.89,135.68
60.4,86.91,135.68
60.41,85.92,135.68
60.42,84.93,135.68
60.43,83.95,135.68
60.44,82.96,135.68
60.45,81.97,135.68
60.45,80.99,135.68
60.44,80.0,135.68
60.38,186.88,35.0
60.37,186.88,35.99
60.37,186.88,36.97
60.37,186.88,37.96
60.36,186.88,38.94
60.36,186.88,39.93
60.35,186.87,40.92
60.34,186.87,41.9
60.33,186.87,42.89
60.32,186.86,43.88
60.31,186.86,44.86
60.3,186.85,45.85
60.28,186.85,46.83
60.27,186.84,47.82
60.25,186.83,48.8
60.23,186.82,49.79
60.21,186.81,50.77
60.19,186.81,51.76
60.17,186.8,52.74
60.15,186.79,53.72
60.12,186.78,54.71
60.09,186.77,55.69
60.07,186.76,56.67
60.04,186.75,57.65
60.01,186.74,58.63
59.99,186.73,59.61
59.96,186.71,60.6
59.92,186.7,61.58
59.89,186.68,62.56
59.86,186.67,63.53
59.82,186.65,64.51
59.79,186.63,65.49
59.75,186.62,66.47
59.71,186.6,67.44
59.67,186.58,68.42
59.63,186.56,69.4
59.59,186.54,70.37
59.55,186.52,71.35
59.51,186.5,72.32
59.47,186.48,73.29
59.42,186.46,74.26
59.37,186.44,75.24
59.33,186.42,76.21
59.28,186.4,77.18
59.23,186.37,78.15
59.18,186.35,79.11
59.13,186.33,80.08
59.08,186.3,81.05
59.03,186.28,82.02
58.98,186.25,82.98
58.92,186.23,83.95
58.87,186.2,84.91
58.82,186.18,85.88
58.76,186.15,86.84
58.71,186.12,87.8
58.65,186.09,88.76
58.59,186.07,89.72
58.54,186.04,90.68
58.48,186.01,91.64
58.43,185.98,92.6
58.37,185.95,93.56
58.31,185.92,94.52
58.25,185.88,95.47
58.2,185.85,96.43
58.15,185.81,97.39
58.09,185.78,98.34
58.03,185.73,99.3
57.97,185.69,100.25
57.92,185.64,101.21
57.87,185.59,102.16
57.83,185.54,103.12
57.78,185.48,104.07
57.73,185.41,105.03
57.68,185.32,105.98
57.64,185.25,106.93
57.61,185.16,107.89
57.58,185.05,108.84
57.56,184.95,109.8
57.53,184.83,110.75
57.5,184.69,111.71
57.49,184.54,112.66
57.48,184.38,113.61
57.49,184.2,114.57
57.5,184.0,115.53
57.52,183.78,116.48
57.54,183.54,117.43
57.58,183.28,118.37
57.63,182.98,119.31
57.69,182.66,120.24
57.76,182.32,121.17
57.86,181.94,122.09
57.96,181.54,123.0
58.08,181.12,123.91
58.22,180.65,124.78
58.37,180.15,125.64
58.53,179.61,126.48
58.68,179.03,127.28
58.79,178.4,128.02
58.77,177.63,128.63
58.67,176.81,129.18
58.56,175.94,129.67
58.47,175.06,130.12
58.39,174.16,130.55
58.32,173.25,130.94
58.27,172.32,131.29
58.23,171.39,131.61
58.2,170.45,131.91
58.19,169.51,132.18
58.18,168.57,132.43
58.19,167.63,132.68
58.19,166.68,132.9
58.2,165.73,133.1
58.22,164.78,133.29
58.24,163.83,133.46
58.28,162.88,133.62
58.31,161.93,133.76
58.35,160.98,133.9
58.4,160.03,134.01
58.45,159.07,134.12
58.49,158.12,134.22
58.55,157.17,134.31
58.61,156.22,134.4
58.66,155.27,134.48
58.72,154.31,134.55
58.78,153.36,134.62
58.84,152.41,134.69
58.9,151.45,134.76
58.97,150.5,134.82
59.03,149.54,134.89
59.09,148.59,134.95
59.15,147.63,135.0
59.22,146.67,135.06
59.28,145.72,135.11
59.34,144.76,135.16
59.41,143.8,135.22
59.47,142.84,135.26
59.53,141.88,135.31
59.59,140.92,135.35
59.66,139.95,135.39
59.72,138.99,135.43
59.79,138.03,135.47
59.85,137.07,135.51
59.91,136.1,135.54
59.97,135.13,135.57
60.03,134.17,135.6
60.09,133.2,135.62
60.16,132.23,135.65
60.22,131.26,135.67
60.29,130.29,135.7
60.35,129.32,135.72
60.41,128.34,135.74
60.47,127.37,135.77
60.53,126.4,135.79
60.59,125.42,135.81
60.64,124.45,135.84
60.7,123.47,135.86
60.76,122.49,135.88
60.81,121.52,135.9
60.87,120.54,135.92
60.92,119.56,135.94
60.97,118.58,135.96
61.02,117.6,135.98
61.07,116.62,136.0
61.12,115.64,136.02
61.16,114.66,136.03
61.21,113.67,136.05
61.26,112.69,136.07
61.3,111.71,136.08
61.34,110.72,136.1
61.38,109.73,136.11
61.42,108.75,136.13
61.46,107.76,136.14
61.5,106.78,136.16
61.54,105.79,136.17
61.57,104.8,136.18
61.61,103.81,136.19
61.64,102.82,136.2
61.67,101.84,136.21
61.7,100.85,136.22
61.73,99.86,136.23
61.76,98.87,136.24
61.78,97.87,136.25
61.81,96.88,136.25
61.83,95.89,136.26
61.86,94.9,136.27
61.88,93.91,136.27
61.9,92.92,136.27
61.91,91.92,136.28
61.93,90.93,136.28
61.95,89.94,136.29
61.96,88.94,136.29
61.97,87.95,136.29
61.98,86.96,136.29
61.99,85.96,136.29
62.0,84.97,136.3
62.01,83.98,136.3
62.02,82.98,136.3
62.03,81.99,136.3
62.03,80.99,136.29
62.03,80.0,136.29
62.03,187.49,35.0
62.03,187.49,35.99
62.03,187.49,36.99
62.03,187.49,37.98
62.02,187.49,38.98
62.02,187.48,39.97
62.01,187.48,40.96
62.0,187.47,41.96
61.99,187.47,42.95
61.98,187.47,43.95
61.97,187.46,44.94
61.96,187.46,45.93
61.95,187.45,46.93
61.93,187.44,47.92
61.91,187.44,48.91
61.9,187.43,49.9
61.88,187.42,50.9
61.86,187.41,51.89
61.84,187.4,52.88
61.81,187.4,53.87
61.79,187.39,54.86
61.76,187.38,55.85
61.74,187.37,56.84
61.71,187.36,57.83
61.68,187.34,58.82
61.65,187.33,59.81
61.62,187.32,60.8
61.59,187.31,61.79
61.56,187.29,62.78
61.52,187.28,63.76
61.49,187.27,64.75
61.45,187.25,65.74
61.42,187.24,66.72
61.38,187.23,67.71
61.34,187.21,68.69
61.3,187.2,69.68
61.26,187.18,70.66
61.21,187.16,71.65
61.17,187.15,72.63
61.13,187.13,73.61
61.08,187.11,74.59
61.04,187.09,75.57
60.99,187.08,76.55
60.94,187.06,77.53
60.89,187.04,78.51
60.85,187.02,79.49
60.8,187.0,80.47
60.75,186.98,81.44
60.69,186.96,82.42
60.64,186.94,83.4
60.58,186.92,84.37
60.53,186.9,85.35
60.48,186.88,86.32
60.42,186.86,87.29
60.37,186.83,88.27
60.31,186.81,89.24
60.25,186.79,90.21
60.2,186.77,91.18
60.14,186.74,92.15
60.08,186.72,93.12
60.02,186.69,94.09
59.97,186.67,95.06
59.92,186.64,96.02
59.87,186.6,96.99
59.81,186.57,97.96
59.76,186.53,98.92
59.7,186.49,99.88
59.65,186.45,100.85
59.59,186.4,101.81
59.55,186.35,102.78
59.5,186.3,103.74
59.46,186.24,104.71
59.41,186.18,105.67
59.35,186.1,106.63
59.31,186.02,107.59
59.28,185.94,108.56
59.25,185.85,109.52
59.23,185.75,110.49
59.2,185.63,111.45
59.17,185.5,112.41
59.15,185.36,113.37
59.14,185.21,114.34
59.15,185.04,115.31
59.15,184.85,116.27
59.17,184.64,117.23
59.19,184.4,118.19
59.22,184.14,119.15
59.27,183.85,120.09
59.32,183.54,121.04
59.39,183.2,121.98
59.48,182.84,122.91
59.58,182.44,123.84
59.7,182.02,124.75
59.83,181.55,125.64
59.98,181.06,126.51
60.14,180.51,127.35
60.3,179.92,128.15
60.4,179.27,128.9
60.38,178.51,129.52
60.27,177.68,130.08
60.16,176.81,130.57
60.06,175.92,131.03
59.99,175.02,131.46
59.92,174.09,131.85
59.87,173.16,132.19
59.83,172.22,132.51
59.81,171.27,132.81
59.79,170.32,133.07
59.79,169.36,133.32
59.8,168.41,133.56
59.8,167.45,133.77
59.81,166.5,133.97
59.83,165.54,134.16
59.86,164.57,134.32
59.89,163.61,134.47
59.93,162.66,134.61
59.97,161.69,134.74
60.0,160.73,134.85
60.05,159.77,134.95
60.11,158.8,135.04
60.16,157.84,135.12
60.22,156.88,135.19
60.28,155.92,135.27
60.34,154.95,135.33
60.41,153.99,135.4
60.47,153.02,135.46
60.53,152.06,135.52
60.59,151.1,135.58
60.66,150.13,135.64
60.72,149.16,135.69
60.78,148.2,135.74
60.85,147.23,135.79
60.91,146.26,135.84
60.97,145.29,135.88
61.04,144.32,135.93
61.1,143.35,135.97
61.17,142.38,136.01
61.23,141.41,136.04
61.29,140.44,136.08
61.36,139.46,136.11
61.42,138.49,136.14
61.49,137.52,136.17
61.55,136.54,136.19
61.62,135.57,136.22
61.68,134.59,136.25
61.74,133.61,136.27
61.8,132.64,136.3
61.86,131.66,136.32
61.92,130.68,136.34
61.99,129.7,136.36
62.04,128.72,136.39
62.1,127.74,136.41
62.16,126.76,136.43
62.22,125.77,136.45
62.27,124.79,136.47
62.33,123.81,136.49
62.38,122.82,136.51
62.43,121.84,136.53
62.49,120.85,136.55
62.54,119.86,136.57
62.59,118.88,136.59
62.63,117.89,136.61
62.68,116.9,136.63
62.73,115.91,136.65
62.77,114.92,136.66
62.82,113.93,136.68
62.86,112.94,136.69
62.91,111.95,136.71
62.95,110.95,136.72
62.99,109.96,136.74
63.03,108.97,136.75
63.06,107.97,136.76
63.1,106.98,136.78
63.13,105.98,136.79
63.17,104.99,136.8
63.2,103.99,136.81
63.23,103.0,136.82
63.26,102.0,136.83
63.29,101.0,136.84
63.32,100.01,136.85
63.35,99.01,136.85
63.37,98.01,136.86
63.4,97.01,136.87
63.42,96.01,136.88
63.44,95.01,136.88
63.46,94.01,136.89
63.48,93.01,136.89
63.5,92.01,136.89
63.52,91.01,136.9
63.53,90.01,136.9
63.54,89.01,136.9
63.56,88.01,136.91
63.57,87.01,136.91
63.58,86.01,136.91
63.59,85.01,136.91
63.6,84.01,136.91
63.61,83.0,136.91
63.61,82.0,136.91
63.61,81.0,136.91
63.61,80.0,136.91
63.69,188.1,35.0
63.69,188.1,36.0
63.69,188.1,37.0
63.69,188.09,38.01
63.68,188.09,39.01
63.68,188.09,40.01
63.67,188.09,41.01
63.66,188.08,42.01
63.65,188.08,43.01
63.65,188.07,44.02
63.63,188.07,45.02
63.62,188.06,46.02
63.61,188.06,47.02
63.59,188.05,48.02
63.58,188.04,49.02
63.56,188.03,50.02
63.54,188.03,51.02
63.52,188.02,52.02
63.5,188.01,53.02
63.48,188.0,54.02
63.46,187.99,55.02
63.43,187.98,56.02
63.41,187.97,57.02
63.38,187.96,58.01
63.35,187.95,59.01
63.32,187.94,60.01
63.29,187.93,61.0
63.26,187.92,62.0
63.23,187.9,63.0
63.2,187.89,63.99
63.17,187.87,64.99
63.13,187.86,65.98
63.1,187.85,66.98
63.06,187.83,67.97
63.02,187.82,68.96
62.98,187.8,69.95
62.94,187.79,70.95
62.9,187.77,71.94
62.86,187.76,72.93
62.82,187.74,73.92
62.78,187.72,74.91
62.73,187.71,75.9
62.69,187.69,76.89
62.64,187.67,77.88
62.59,187.65,78.86
62.55,187.63,79.85
62.5,187.61,80.84
62.45,187.6,81.82
62.4,187.58,82.8
62.35,187.56,83.79
62.29,187.53,84.77
62.24,187.51,85.76
62.19,187.49,86.74
62.14,187.47,87.72
62.08,187.45,88.7
62.03,187.43,89.68
61.97,187.41,90.66
61.92,187.39,91.64
61.87,187.36,92.62
61.81,187.34,93.6
61.75,187.32,94.58
61.7,187.29,95.55
61.64,187.26,96.53
61.59,187.24,97.5
61.53,187.21,98.48
61.48,187.18,99.46
61.42,187.14,100.43
61.36,187.11,101.4
61.31,187.07,102.38
61.26,187.03,103.35
61.22,186.98,104.33
61.17,186.93,105.3
61.12,186.87,106.27
61.06,186.8,107.24
61.02,186.74,108.22
60.99,186.66,109.19
60.96,186.57,110.17
60.93,186.48,111.14
60.9,186.38,112.11
60.86,186.26,113.08
60.84,186.13,114.06
60.83,185.98,115.03
60.83,185.82,116.01
60.84,185.64,116.98
60.85,185.44,117.95
60.87,185.21,118.92
60.9,184.96,119.88
60.94,184.68,120.84
60.99,184.37,121.8
61.06,184.04,122.74
61.15,183.67,123.68
61.25,183.28,124.62
61.36,182.86,125.54
61.5,182.39,126.43
61.65,181.89,127.31
61.81,181.35,128.16
61.97,180.76,128.97
62.07,180.11,129.73
62.05,179.34,130.36
61.94,178.51,130.92
61.83,177.63,131.41
61.73,176.73,131.87
61.65,175.81,132.29
61.58,174.88,132.68
61.53,173.93,133.02
61.5,172.98,133.33
61.47,172.02,133.61
61.46,171.06,133.87
61.46,170.1,134.12
61.47,169.14,134.34
61.47,168.17,134.55
61.49,167.21,134.74
61.51,166.24,134.91
61.54,165.27,135.07
61.57,164.3,135.21
61.61,163.33,135.34
61.66,162.36,135.45
61.7,161.38,135.55
61.75,160.41,135.65
61.8,159.44,135.73
61.86,158.47,135.81
61.92,157.5,135.89
61.98,156.53,135.96
62.03,155.56,136.02
62.09,154.58,136.09
62.15,153.61,136.15
62.21,152.64,136.21
62.27,151.66,136.27
62.33,150.69,136.32
62.39,149.71,136.37
62.45,148.74,136.42
62.52,147.76,136.47
62.58,146.78,136.51
62.64,145.81,136.56
62.7,144.83,136.6
62.77,143.85,136.63
62.83,142.87,136.67
62.89,141.89,136.7
62.95,140.91,136.73
63.02,139.93,136.76
63.08,138.95,136.79
63.14,137.97,136.82
63.2,136.99,136.85
63.27,136.0,136.87
63.32,135.02,136.89
63.38,134.03,136.92
63.45,133.04,136.94
63.5,132.06,136.96
63.56,131.07,136.98
63.62,130.08,137.01
63.68,129.1,137.03
63.73,128.11,137.05
63.79,127.12,137.07
63.85,126.13,137.09
63.9,125.14,137.11
63.95,124.14,137.13
64.0,123.15,137.15
64.06,122.16,137.17
64.11,121.16,137.19
64.15,120.17,137.21
64.2,119.17,137.22
64.25,118.18,137.24
64.3,117.18,137.26
64.34,116.18,137.27
64.38,115.19,137.29
64.43,114.19,137.31
64.47,113.19,137.32
64.51,112.19,137.34
64.55,111.19,137.35
64.59,110.19,137.36
64.63,109.19,137.38
64.66,108.18,137.39
64.7,107.18,137.4
64.73,106.18,137.41
64.77,105.18,137.42
64.8,104.17,137.43
64.83,103.17,137.44
64.86,102.16,137.45
64.89,101.16,137.46
64.91,100.16,137.46
64.94,99.15,137.47
64.96,98.14,137.48
64.99,97.14,137.49
65.0,96.13,137.49
65.02,95.12,137.49
65.04,94.12,137.5
65.06,93.11,137.5
65.08,92.1,137.5
65.1,91.1,137.51
65.11,90.09,137.51
65.12,89.08,137.51
65.14,88.07,137.51
65.15,87.06,137.51
65.16,86.05,137.51
65.17,85.05,137.51
65.18,84.03,137.51
65.18,83.03,137.51
65.19,82.02,137.51
65.19,81.01,137.51
65.19,80.0,137.51
65.35,188.69,35.0
65.35,188.69,36.01
65.35,188.68,37.02
65.34,188.68,38.03
65.34,188.68,39.04
65.33,188.68,40.05
65.33,188.67,41.06
65.32,188.67,42.07
65.31,188.67,43.08
65.3,188.66,44.08
65.29,188.66,45.09
65.28,188.65,46.1
65.27,188.65,47.11
65.25,188.64,48.12
65.24,188.63,49.13
65.22,188.63,50.14
65.21,188.62,51.15
65.19,188.61,52.15
65.17,188.61,53.16
65.14,188.6,54.17
65.12,188.59,55.17
65.1,188.58,56.18
65.07,188.57,57.19
65.04,188.57,58.19
65.02,188.56,59.2
65.0,188.55,60.2
64.97,188.53,61.21
64.94,188.52,62.21
64.91,188.51,63.22
64.88,188.5,64.22
64.84,188.48,65.22
64.81,188.47,66.23
64.78,188.46,67.23
64.74,188.44,68.23
64.7,188.43,69.23
64.67,188.41,70.23
64.63,188.4,71.23
64.59,188.38,72.23
64.55,188.37,73.23
64.51,188.35,74.23
64.47,188.33,75.23
64.43,188.32,76.22
64.38,188.3,77.22
64.34,188.28,78.22
64.29,188.26,79.21
64.25,188.25,80.21
64.2,188.23,81.2
64.15,188.21,82.2
64.1,188.19,83.19
64.06,188.17,84.18
64.0,188.15,85.17
63.96,188.13,86.17
63.91,188.11,87.16
63.85,188.09,88.15
63.8,188.07,89.14
63.75,188.05,90.12
63.69,188.03,91.11
63.64,188.01,92.1
63.59,187.99,93.09
63.54,187.96,94.08
63.48,187.94,95.06
63.43,187.92,96.05
63.37,187.89,97.03
63.32,187.87,98.02
63.27,187.84,99.0
63.22,187.81,99.99
63.16,187.78,100.97
63.1,187.74,101.95
63.05,187.71,102.93
63.0,187.67,103.92
62.96,187.63,104.9
62.91,187.58,105.88
62.86,187.53,106.86
62.8,187.47,107.84
62.76,187.4,108.82
62.73,187.34,109.81
62.71,187.23,110.79
62.68,187.15,111.77
62.64,187.07,112.75
62.6,186.96,113.73
62.58,186.84,114.71
62.56,186.71,115.69
62.56,186.55,116.68
62.56,186.38,117.66
62.57,186.19,118.64
62.59,185.98,119.62
62.61,185.73,120.59
62.65,185.46,121.56
62.69,185.17,122.53
62.76,184.84,123.49
62.84,184.49,124.44
62.94,184.1,125.38
63.05,183.68,126.31
63.19,183.22,127.22
63.34,182.73,128.11
63.49,182.19,128.98
63.65,181.6,129.79
63.75,180.95,130.56
63.72,180.17,131.2
63.61,179.33,131.76
63.49,178.45,132.26
63.4,177.53,132.71
63.32,176.61,133.13
63.25,175.66,133.5
63.21,174.71,133.84
63.17,173.75,134.14
63.16,172.78,134.41
63.15,171.81,134.67
63.15,170.84,134.9
63.16,169.87,135.12
63.17,168.89,135.32
63.18,167.91,135.5
63.2,166.93,135.66
63.23,165.95,135.81
63.27,164.98,135.94
63.31,164.0,136.06
63.35,163.02,136.17
63.4,162.04,136.26
63.45,161.06,136.35
63.5,160.08,136.43
63.56,159.1,136.5
63.61,158.12,136.58
63.67,157.14,136.65
63.72,156.16,136.71
63.78,155.18,136.78
63.83,154.2,136.84
63.89,153.21,136.9
63.95,152.23,136.95
64.01,151.25,137.01
64.07,150.26,137.06
64.13,149.28,137.1
64.19,148.29,137.15
64.25,147.31,137.19
64.31,146.32,137.23
64.37,145.34,137.27
64.43,144.35,137.3
64.49,143.36,137.33
64.55,142.37,137.36
64.61,141.39,137.39
64.67,140.4,137.42
64.73,139.41,137.45
64.8,138.42,137.47
64.86,137.43,137.5
64.91,136.43,137.52
64.97,135.44,137.54
65.02,134.45,137.56
65.08,133.45,137.58
65.14,132.46,137.6
65.2,131.46,137.62
65.26,130.46,137.63
65.31,129.47,137.65
65.37,128.47,137.67
65.42,127.47,137.68
65.48,126.47,137.7
65.53,125.47,137.72
65.58,124.47,137.73
65.64,123.47,137.75
65.68,122.47,137.77
65.73,121.46,137.78
65.78,120.46,137.8
65.83,119.46,137.81
65.87,118.45,137.83
65.92,117.45,137.84
65.97,116.44,137.86
66.01,115.44,137.87
66.05,114.43,137.88
66.09,113.43,137.89
66.13,112.42,137.91
66.17,111.41,137.92
66.21,110.4,137.93
66.25,109.39,137.94
66.28,108.38,137.95
66.32,107.37,137.96
66.35,106.37,137.97
66.38,105.35,137.98
66.41,104.34,137.98
66.44,103.33,137.99
66.47,102.32,138.0
66.5,101.31,138.01
66.52,100.3,138.01
66.55,99.28,138.02
66.57,98.27,138.02
66.6,97.26,138.03
66.62,96.24,138.03
66.64,95.23,138.04
66.66,94.22,138.04
66.68,93.2,138.04
66.69,92.19,138.04
66.71,91.17,138.05
66.72,90.16,138.05
66.73,89.14,138.05
66.75,88.13,138.05
66.76,87.11,138.05
66.77,86.09,138.05
66.78,85.08,138.05
66.79,84.06,138.05
66.79,83.05,138.05
66.8,82.03,138.05
66.8,81.02,138.05
66.8,80.0,138.04
67.03,189.22,35.0
67.03,189.22,36.02
67.03,189.21,37.03
67.03,189.21,38.05
67.02,189.21,39.07
67.02,189.21,40.08
67.02,189.2,41.1
67.01,189.2,42.12
67.0,189.19,43.13
66.99,189.19,44.15
66.98,189.18,45.17
66.97,189.18,46.18
66.96,189.17,47.2
66.94,189.17,48.22
66.93,189.16,49.23
66.91,189.16,50.25
66.9,189.15,51.26
66.88,189.14,52.28
66.86,189.13,53.29
66.84,189.13,54.31
66.81,189.12,55.32
66.79,189.11,56.33
66.77,189.1,57.35
66.74,189.1,58.36
66.72,189.09,59.37
66.69,189.08,60.39
66.66,189.07,61.4
66.63,189.06,62.41
66.6,189.04,63.42
66.57,189.03,64.43
66.54,189.02,65.45
66.51,189.01,66.46
66.48,189.0,67.47
66.44,188.99,68.47
66.41,188.97,69.49
66.37,188.96,70.49
66.33,188.95,71.5
66.29,188.94,72.51
66.26,188.92,73.52
66.22,188.91,74.52
66.18,188.89,75.53
66.13,188.88,76.54
66.09,188.86,77.54
66.05,188.85,78.55
66.0,188.83,79.55
65.96,188.82,80.55
65.91,188.8,81.56
65.87,188.78,82.56
65.82,188.77,83.56
65.77,188.75,84.56
65.72,188.73,85.56
65.67,188.71,86.56
65.62,188.7,87.56
65.57,188.68,88.56
65.52,188.66,89.56
65.47,188.64,90.56
65.42,188.63,91.56
65.37,188.61,92.56
65.32,188.59,93.55
65.26,188.57,94.55
65.21,188.55,95.54
65.15,188.53,96.54
65.1,188.51,97.53
65.05,188.49,98.53
65.0,188.47,99.52
64.95,188.44,100.52
64.89,188.41,101.51
64.84,188.38,102.5
64.79,188.35,103.49
64.74,188.31,104.48
64.7,188.28,105.47
64.65,188.24,106.46
64.6,188.19,107.45
64.55,188.13,108.44
64.51,188.07,109.43
64.47,188.01,110.42
64.45,187.89,111.41
64.42,187.83,112.4
64.38,187.76,113.39
64.34,187.67,114.38
64.31,187.56,115.37
64.3,187.43,116.36
64.29,187.29,117.35
64.29,187.13,118.34
64.3,186.95,119.33
64.31,186.74,120.32
64.33,186.51,121.3
64.36,186.25,122.28
64.4,185.97,123.26
64.46,185.65,124.23
64.54,185.3,125.19
64.63,184.93,126.15
64.74,184.51,127.09
64.87,184.05,128.01
65.01,183.56,128.91
65.16,183.02,129.78
65.32,182.43,130.61
65.42,181.78,131.38
65.39,181.0,132.02
65.28,180.15,132.59
65.16,179.26,133.1
65.06,178.34,133.55
64.98,177.4,133.96
64.92,176.45,134.33
64.88,175.48,134.66
64.85,174.51,134.95
64.84,173.53,135.21
64.83,172.55,135.46
64.83,171.57,135.68
64.84,170.59,135.89
64.86,169.61,136.08
64.87,168.62,136.25
64.9,167.63,136.41
64.93,166.64,136.55
64.96,165.66,136.67
65.0,164.67,136.78
65.05,163.68,136.87
65.1,162.69,136.96
65.15,161.7,137.04
65.2,160.71,137.11
65.25,159.72,137.19
65.3,158.73,137.26
65.36,157.74,137.32
65.41,156.75,137.38
65.47,155.76,137.45
65.52,154.77,137.5
65.58,153.78,137.56
65.64,152.79,137.61
65.7,151.79,137.66
65.75,150.8,137.7
65.81,149.81,137.74
65.87,148.81,137.78
65.93,147.82,137.82
65.99,146.82,137.85
66.05,145.83,137.88
66.11,144.83,137.91
66.17,143.84,137.94
66.23,142.84,137.96
66.29,141.84,137.98
66.35,140.84,138.01
66.42,139.84,138.03
66.48,138.84,138.05
66.53,137.84,138.07
66.59,136.84,138.09
66.65,135.84,138.11
66.71,134.84,138.13
66.76,133.84,138.15
66.82,132.83,138.16
66.87,131.83,138.18
66.93,130.83,138.2
66.98,129.82,138.21
67.04,128.82,138.23
67.09,127.81,138.24
67.14,126.8,138.26
67.19,125.8,138.28
67.24,124.79,138.29
67.29,123.78,138.31
67.34,122.77,138.32
67.39,121.76,138.34
67.43,120.75,138.35
67.48,119.74,138.37
67.52,118.73,138.38
67.56,117.71,138.39
67.61,116.7,138.41
67.65,115.69,138.42
67.69,114.67,138.43
67.73,113.66,138.44
67.77,112.64,138.45
67.8,111.63,138.46
67.84,110.61,138.47
67.88,109.6,138.49
67.91,108.58,138.5
67.94,107.56,138.5
67.98,106.55,138.51
68.01,105.53,138.52
68.04,104.51,138.53
68.06,103.49,138.53
68.09,102.47,138.54
68.12,101.46,138.55
68.14,100.44,138.56
68.17,99.42,138.56
68.19,98.4,138.57
68.21,97.38,138.57
68.23,96.35,138.57
68.25,95.33,138.58
68.27,94.31,138.58
68.29,93.29,138.58
68.31,92.27,138.58
68.32,91.25,138.59
68.33,90.23,138.59
68.35,89.2,138.59
68.36,88.18,138.59
68.37,87.16,138.59
68.38,86.14,138.59
68.39,85.11,138.59
68.4,84.09,138.59
68.4,83.07,138.59
68.41,82.05,138.59
68.41,81.02,138.58
68.41,80.0,138.58
68.72,189.75,35.0
68.72,189.75,36.02
68.72,189.74,37.05
68.71,189.74,38.07
68.71,189.74,39.1
68.71,189.74,40.12
68.7,189.73,41.14
68.69,189.73,42.17
68.69,189.72,43.19
68.68,189.72,44.22
68.67,189.71,45.24
68.66,189.71,46.26
68.64,189.7,47.29
68.63,189.7,48.31
68.62,189.7,49.33
68.6,189.69,50.36
68.59,189.68,51.38
68.57,189.67,52.4
68.55,189.66,53.42
68.53,189.66,54.45
68.51,189.65,55.47
68.49,189.64,56.49
68.46,189.63,57.51
68.44,189.63,58.53
68.42,189.62,59.55
68.39,189.61,60.57
68.36,189.6,61.59
68.34,189.59,62.61
68.31,189.58,63.63
68.28,189.57,64.65
68.25,189.55,65.67
68.22,189.54,66.69
68.19,189.53,67.7
68.15,189.52,68.72
68.12,189.51,69.74
68.08,189.49,70.75
68.05,189.48,71.77
68.01,189.47,72.79
67.97,189.46,73.8
67.94,189.44,74.81
67.9,189.43,75.83
67.86,189.41,76.84
67.82,189.4,77.85
67.77,189.38,78.87
67.73,189.37,79.88
67.69,189.35,80.89
67.65,189.34,81.9
67.6,189.32,82.91
67.56,189.3,83.92
67.51,189.29,84.93
67.46,189.27,85.94
67.42,189.25,86.95
67.37,189.24,87.96
67.32,189.22,88.97
67.27,189.2,89.97
67.22,189.19,90.98
67.17,189.17,91.98
67.12,189.15,92.99
67.07,189.14,93.99
67.02,189.12,95.0
66.97,189.1,96.0
66.92,189.08,97.0
66.86,189.06,98.01
66.82,189.04,99.01
66.77,189.02,100.01
66.72,188.99,101.01
66.66,188.97,102.01
66.61,188.94,103.01
66.55,188.91,104.01
66.51,188.89,105.01
66.46,188.86,106.01
66.42,188.82,107.02
66.37,188.78,108.01
66.31,188.73,109.01
66.27,188.68,110.01
66.24,188.62,111.01
66.22,188.52,112.01
66.18,188.46,113.01
66.14,188.4,114.01
66.1,188.32,115.0
66.07,188.22,116.0
66.05,188.1,117.0
66.05,187.97,118.0
66.04,187.82,119.0
66.04,187.66,120.0
66.05,187.46,121.0
66.07,187.24,121.99
66.09,187.0,122.98
66.13,186.73,123.97
66.19,186.42,124.94
66.26,186.08,125.92
66.35,185.71,126.88
66.46,185.3,127.83
66.59,184.85,128.76
66.73,184.36,129.68
66.88,183.82,130.56
67.03,183.23,131.4
67.13,182.58,132.18
67.1,181.79,132.82
66.98,180.94,133.39
66.86,180.04,133.9
66.76,179.1,134.35
66.69,178.16,134.75
66.63,177.19,135.11
66.59,176.22,135.43
66.57,175.23,135.71
66.55,174.25,135.96
66.55,173.26,136.19
66.55,172.27,136.41
66.57,171.28,136.6
66.58,170.29,136.78
66.6,169.29,136.94
66.63,168.29,137.08
66.66,167.3,137.21
66.7,166.3,137.32
66.74,165.3,137.42
66.79,164.31,137.51
66.83,163.31,137.6
66.88,162.31,137.68
66.93,161.31,137.75
66.98,160.32,137.82
67.03,159.32,137.89
67.09,158.32,137.95
67.14,157.32,138.01
67.19,156.32,138.07
67.24,155.32,138.12
67.3,154.32,138.17
67.36,153.32,138.22
67.41,152.32,138.26
67.47,151.32,138.3
67.52,150.32,138.34
67.58,149.32,138.38
67.64,148.31,138.41
67.7,147.31,138.44
67.76,146.31,138.46
67.82,145.3,138.49
67.88,144.3,138.51
67.93,143.29,138.54
67.99,142.29,138.56
68.05,141.28,138.58
68.11,140.28,138.6
68.17,139.27,138.62
68.22,138.26,138.64
68.28,137.25,138.66
68.33,136.24,138.67
68.39,135.23,138.69
68.44,134.22,138.71
68.49,133.21,138.73
68.55,132.2,138.74
68.6,131.19,138.76
68.65,130.18,138.77
68.7,129.16,138.79
68.75,128.15,138.81
68.8,127.13,138.82
68.85,126.12,138.84
68.9,125.1,138.85
68.95,124.09,138.87
68.99,123.07,138.88
69.04,122.05,138.89
69.08,121.03,138.91
69.12,120.02,138.92
69.17,119.0,138.93
69.21,117.98,138.95
69.25,116.96,138.96
69.29,115.94,138.97
69.33,114.92,138.98
69.37,113.89,138.99
69.4,112.87,139.0
69.44,111.85,139.01
69.47,110.83,139.02
69.51,109.8,139.03
69.54,108.78,139.04
69.57,107.76,139.05
69.6,106.73,139.06
69.63,105.71,139.07
69.66,104.68,139.07
69.69,103.66,139.08
69.71,102.63,139.08
69.74,101.6,139.09
69.76,100.58,139.1
69.79,99.55,139.1
69.81,98.52,139.11
69.83,97.5,139.11
69.85,96.47,139.12
69.87,95.44,139.12
69.89,94.41,139.12
69.9,93.38,139.12
69.92,92.35,139.12
69.93,91.33,139.12
69.95,90.3,139.13
69.96,89.27,139.13
69.97,88.24,139.13
69.98,87.21,139.12
69.99,86.18,139.12
70.0,85.15,139.12
70.0,84.12,139.12
70.01,83.09,139.12
70.01,82.06,139.12
70.01,81.03,139.12
70.01,80.0,139.12
70.4,190.26,35.0
70.4,190.26,36.03
70.4,190.25,37.06
70.4,190.25,38.09
70.39,190.25,39.12
70.39,190.24,40.16
70.39,190.24,41.19
70.38,190.24,42.22
70.37,190.23,43.25
70.36,190.23,44.28
70.36,190.22,45.31
70.34,190.22,46.34
70.33,190.21,47.37
70.32,190.21,48.4
70.3,190.21,49.43
70.29,190.2,50.47
70.28,190.19,51.49
70.26,190.19,52.52
70.24,190.18,53.56
70.22,190.17,54.58
70.2,190.17,55.61
70.18,190.16,56.64
70.16,190.15,57.67
70.13,190.15,58.7
70.11,190.14,59.73
70.08,190.13,60.75
70.06,190.12,61.78
70.03,190.12,62.81
70.01,190.11,63.84
69.98,190.1,64.86
69.95,190.09,65.89
69.92,190.08,66.92
69.89,190.06,67.94
69.86,190.05,68.96
69.83,190.04,69.99
69.8,190.03,71.01
69.76,190.02,72.04
69.73,190.0,73.06
69.69,189.99,74.08
69.66,189.98,75.1
69.62,189.96,76.13
69.58,189.95,77.15
69.54,189.93,78.17
69.5,189.92,79.19
69.46,189.91,80.21
69.42,189.89,81.23
69.38,189.88,82.25
69.34,189.86,83.27
69.29,189.84,84.28
69.25,189.83,85.3
69.2,189.81,86.32
69.16,189.8,87.34
69.11,189.78,88.35
69.07,189.76,89.37
69.02,189.75,90.38
68.97,189.73,91.4
68.92,189.71,92.41
68.88,189.7,93.42
68.83,189.68,94.44
68.78,189.66,95.45
68.73,189.64,96.46
68.68,189.63,97.47
68.63,189.61,98.48
68.58,189.59,99.49
68.54,189.57,100.5
68.49,189.55,101.51
68.43,189.52,102.52
68.38,189.5,103.53
68.33,189.47,104.54
68.29,189.45,105.55
68.24,189.42,106.56
68.2,189.39,107.56
68.15,189.35,108.57
68.1,189.31,109.57
68.06,189.27,110.58
68.02,189.22,111.59
67.99,189.14,112.6
67.96,189.08,113.61
67.92,189.02,114.61
67.88,188.94,115.62
67.85,188.84,116.62
67.83,188.74,117.63
67.82,188.62,118.64
67.81,188.49,119.65
67.81,188.33,120.66
67.81,188.15,121.66
67.83,187.95,122.67
67.84,187.72,123.67
67.88,187.47,124.66
67.93,187.17,125.65
68.0,186.84,126.64
68.08,186.48,127.61
68.18,186.08,128.57
68.3,185.64,129.52
68.44,185.16,130.44
68.59,184.62,131.34
68.74,184.03,132.18
68.84,183.38,132.98
68.81,182.59,133.63
68.68,181.73,134.2
68.56,180.82,134.71
68.47,179.87,135.15
68.4,178.91,135.54
68.35,177.94,135.89
68.31,176.95,136.2
68.29,175.96,136.46
68.28,174.96,136.7
68.28,173.97,136.93
68.28,172.97,137.13
68.3,171.97,137.31
68.32,170.96,137.47
68.34,169.96,137.62
68.37,168.95,137.75
68.41,167.95,137.87
68.44,166.94,137.97
68.48,165.94,138.07
68.53,164.93,138.16
68.57,163.93,138.24
68.62,162.92,138.31
68.67,161.92,138.39
68.71,160.91,138.46
68.76,159.9,138.52
68.81,158.9,138.58
68.86,157.89,138.64
68.91,156.88,138.69
68.97,155.88,138.74
69.02,154.87,138.79
69.07,153.86,138.83
69.13,152.85,138.87
69.18,151.84,138.91
69.24,150.83,138.94
69.29,149.82,138.97
69.35,148.81,139.0
69.41,147.8,139.02
69.47,146.79,139.05
69.52,145.78,139.07
69.58,144.76,139.09
69.63,143.75,139.11
69.69,142.74,139.13
69.75,141.72,139.15
69.8,140.71,139.17
69.86,139.7,139.19
69.91,138.68,139.21
69.96,137.66,139.22
70.01,136.64,139.24
70.06,135.62,139.25
70.11,134.61,139.27
70.17,133.59,139.28
70.22,132.57,139.3
70.27,131.55,139.31
70.32,130.53,139.32
70.37,129.5,139.33
70.42,128.48,139.35
70.47,127.46,139.36
70.51,126.44,139.37
70.56,125.41,139.38
70.6,124.39,139.4
70.65,123.36,139.41
70.69,122.34,139.42
70.74,121.31,139.43
70.78,120.29,139.44
70.82,119.26,139.45
70.86,118.23,139.46
70.9,117.21,139.47
70.94,116.18,139.48
70.98,115.15,139.49
71.01,114.12,139.49
71.05,113.09,139.5
71.08,112.06,139.51
71.12,111.03,139.52
71.15,110.0,139.53
71.18,108.97,139.53
71.21,107.94,139.54
71.24,106.91,139.55
71.27,105.87,139.55
71.3,104.84,139.56
71.32,103.81,139.56
71.35,102.78,139.57
71.37,101.74,139.57
71.4,100.71,139.58
71.42,99.67,139.58
71.44,98.64,139.58
71.46,97.61,139.59
71.48,96.57,139.59
71.5,95.54,139.59
71.52,94.5,139.59
71.53,93.47,139.59
71.55,92.43,139.59
71.56,91.4,139.59
71.57,90.36,139.59
71.58,89.33,139.59
71.59,88.29,139.59
71.6,87.25,139.59
71.61,86.22,139.59
71.62,85.18,139.59
71.63,84.15,139.59
71.64,83.11,139.59
71.64,82.07,139.59
71.64,81.04,139.59
71.64,80.0,139.58
72.11,190.71,35.0
72.11,190.71,36.04
72.11,190.71,37.08
72.1,190.7,38.11
72.1,190.7,39.15
72.1,190.7,40.19
72.09,190.69,41.23
72.09,190.69,42.27
72.08,190.68,43.31
72.07,190.68,44.34
72.06,190.67,45.38
72.05,190.67,46.42
72.04,190.66,47.46
72.03,190.66,48.49
72.02,190.66,49.53
72.0,190.65,50.57
71.99,190.64,51.61
71.98,190.64,52.64
71.96,190.63,53.68
71.94,190.62,54.72
71.92,190.62,55.75
71.9,190.61,56.79
71.88,190.61,57.82
71.85,190.6,58.86
71.83,190.59,59.89
71.81,190.58,60.93
71.78,190.58,61.96
71.76,190.57,63.0
71.73,190.56,64.03
71.71,190.55,65.06
71.68,190.54,66.1
71.65,190.53,67.13
71.62,190.52,68.16
71.59,190.51,69.2
71.56,190.5,70.23
71.53,190.49,71.26
71.49,190.48,72.29
71.46,190.47,73.32
71.43,190.46,74.35
71.39,190.45,75.38
71.35,190.44,76.41
71.32,190.42,77.44
71.28,190.41,78.47
71.24,190.4,79.5
71.2,190.39,80.53
71.16,190.37,81.55
71.12,190.36,82.58
71.08,190.35,83.61
71.04,190.33,84.63
71.0,190.32,85.66
70.95,190.31,86.68
70.91,190.29,87.71
70.87,190.28,88.73
70.82,190.27,89.76
70.78,190.25,90.78
70.73,190.24,91.8
70.68,190.22,92.83
70.64,190.21,93.85
70.59,190.2,94.87
70.54,190.18,95.89
70.5,190.17,96.91
70.45,190.15,97.93
70.4,190.14,98.95
70.35,190.12,99.97
70.31,190.11,100.99
70.26,190.08,102.01
70.21,190.06,103.02
70.16,190.04,104.04
70.11,190.02,105.06
70.06,190.0,106.08
70.02,189.98,107.09
69.98,189.96,108.11
69.93,189.93,109.13
69.88,189.89,110.14
69.84,189.85,111.15
69.8,189.81,112.17
69.77,189.75,113.19
69.74,189.7,114.21
69.7,189.63,115.22
69.66,189.55,116.23
69.63,189.47,117.25
69.61,189.38,118.27
69.6,189.27,119.29
69.59,189.15,120.3
69.58,189.01,121.32
69.58,188.85,122.33
69.58,188.66,123.34
69.6,188.45,124.35
69.63,188.2,125.36
69.67,187.92,126.36
69.73,187.61,127.36
69.81,187.26,128.34
69.91,186.87,129.32
70.02,186.43,130.27
70.15,185.95,131.21
70.3,185.42,132.1
70.45,184.83,132.96
70.55,184.17,133.76
70.51,183.37,134.41
70.39,182.51,134.99
70.27,181.59,135.5
70.18,180.63,135.93
70.11,179.66,136.32
70.06,178.68,136.66
70.02,177.68,136.96
70.01,176.68,137.21
70.0,175.68,137.44
70.0,174.67,137.66
70.01,173.66,137.85
70.03,172.65,138.01
70.05,171.64,138.16
70.08,170.62,138.29
70.11,169.61,138.42
70.14,168.6,138.52
70.18,167.58,138.61
70.22,166.57,138.7
70.27,165.55,138.78
70.31,164.54,138.86
70.36,163.53,138.94
70.4,162.51,139.0
70.45,161.5,139.07
70.5,160.48,139.13
70.54,159.46,139.19
70.59,158.45,139.24
70.64,157.43,139.28
70.7,156.42,139.33
70.75,155.4,139.37
70.8,154.38,139.4
70.86,153.36,139.43
70.91,152.35,139.46
70.96,151.33,139.49
71.02,150.31,139.52
71.08,149.29,139.53
71.13,148.27,139.55
71.19,147.25,139.57
71.24,146.23,139.59
71.3,145.21,139.61
71.35,144.19,139.62
71.41,143.17,139.64
71.46,142.14,139.66
71.51,141.12,139.67
71.57,140.1,139.69
71.62,139.07,139.7
71.67,138.05,139.72
71.72,137.02,139.73
71.77,136.0,139.75
71.82,134.97,139.76
71.87,133.94,139.77
71.92,132.92,139.78
71.97,131.89,139.8
72.02,130.86,139.81
72.06,129.83,139.82
72.11,128.8,139.83
72.15,127.77,139.84
72.2,126.74,139.86
72.24,125.71,139.87
72.29,124.68,139.88
72.33,123.65,139.89
72.37,122.62,139.9
72.41,121.58,139.91
72.45,120.55,139.92
72.49,119.52,139.93
72.53,118.48,139.94
72.57,117.45,139.95
72.6,116.41,139.95
72.64,115.38,139.96
72.67,114.34,139.97
72.71,113.3,139.98
72.74,112.27,139.99
72.77,111.23,139.99
72.8,110.19,140.0
72.83,109.16,140.01
72.86,108.12,140.01
72.89,107.08,140.02
72.92,106.04,140.02
72.95,105.0,140.03
72.97,103.96,140.03
73.0,102.92,140.04
73.02,101.88,140.04
73.04,100.84,140.05
73.06,99.8,140.05
73.08,98.76,140.05
73.1,97.72,140.06
73.12,96.68,140.06
73.14,95.64,140.06
73.15,94.6,140.06
73.17,93.55,140.06
73.18,92.51,140.06
73.2,91.47,140.06
73.21,90.43,140.06
73.22,89.38,140.06
73.23,88.34,140.06
73.24,87.3,140.06
73.25,86.26,140.06
73.25,85.21,140.06
73.26,84.17,140.06
73.27,83.13,140.06
73.27,82.09,140.06
73.27,81.04,140.05
73.27,80.0,140.05
73.82,191.16,35.0
73.82,191.16,36.04
73.81,191.16,37.09
73.81,191.15,38.14
73.81,191.15,39.18
73.81,191.15,40.23
73.8,191.14,41.27
73.8,191.14,42.32
73.79,191.14,43.36
73.78,191.13,44.41
73.77,191.13,45.45
73.76,191.12,46.49
73.75,191.12,47.54
73.74,191.11,48.58
73.73,191.11,49.63
73.72,191.1,50.67
73.7,191.09,51.72
73.69,191.09,52.76
73.67,191.08,53.8
73.65,191.08,54.85
73.64,191.07,55.89
73.62,191.06,56.93
73.6,191.06,57.98
73.58,191.05,59.02
73.55,191.04,60.06
73.53,191.03,61.1
73.51,191.03,62.14
73.48,191.02,63.19
73.46,191.01,64.23
73.43,191.0,65.27
73.41,190.99,66.31
73.38,190.98,67.35
73.35,190.97,68.39
73.32,190.96,69.43
73.3,190.95,70.47
73.26,190.94,71.51
73.23,190.93,72.54
73.2,190.92,73.58
73.17,190.91,74.62
73.14,190.9,75.66
73.1,190.89,76.69
73.07,190.88,77.73
73.03,190.87,78.77
72.99,190.85,79.8
72.96,190.84,80.84
72.92,190.83,81.87
72.88,190.82,82.91
72.84,190.81,83.94
72.8,190.79,84.97
72.76,190.78,86.01
72.72,190.77,87.04
72.68,190.75,88.07
72.64,190.74,89.1
72.6,190.73,90.14
72.55,190.72,91.17
72.51,190.7,92.2
72.46,190.69,93.23
72.42,190.67,94.26
72.38,190.66,95.29
72.33,190.65,96.32
72.29,190.63,97.34
72.24,190.62,98.37
72.19,190.6,99.4
72.15,190.59,100.43
72.11,190.57,101.45
72.06,190.56,102.48
72.01,190.54,103.5
71.96,190.52,104.53
71.92,190.5,105.55
71.87,190.48,106.58
71.83,190.46,107.61
71.79,190.44,108.63
71.74,190.41,109.65
71.69,190.38,110.68
71.65,190.35,111.7
71.61,190.31,112.73
71.58,190.27,113.75
71.55,190.22,114.78
71.51,190.17,115.8
71.47,190.1,116.82
71.44,190.03,117.84
71.42,189.95,118.87
71.4,189.86,119.9
71.39,189.75,120.92
71.38,189.62,121.95
71.37,189.48,122.97
71.37,189.31,123.99
71.38,189.11,125.01
71.4,188.89,126.02
71.44,188.62,127.03
71.49,188.33,128.04
71.57,187.99,129.04
71.66,187.61,130.02
71.77,187.19,130.99
71.9,186.72,131.93
72.04,186.19,132.85
72.19,185.61,133.72
72.29,184.94,134.52
72.24,184.15,135.18
72.12,183.27,135.76
72.01,182.33,136.25
71.93,181.37,136.67
71.86,180.38,137.04
71.82,179.39,137.36
71.79,178.38,137.64
71.78,177.37,137.88
71.77,176.35,138.1
71.78,175.34,138.3
71.79,174.32,138.48
71.81,173.3,138.63
71.83,172.28,138.77
71.86,171.26,138.89
71.89,170.24,139.01
71.92,169.22,139.11
71.96,168.19,139.2
72.0,167.17,139.29
72.04,166.15,139.37
72.08,165.13,139.44
72.12,164.11,139.51
72.17,163.08,139.57
72.21,162.06,139.63
72.26,161.04,139.69
72.31,160.01,139.74
72.36,158.99,139.78
72.41,157.96,139.82
72.45,156.94,139.86
72.51,155.91,139.89
72.56,154.89,139.92
72.61,153.87,139.95
72.66,152.84,139.97
72.71,151.81,140.0
72.77,150.79,140.02
72.82,149.76,140.04
72.87,148.73,140.05
72.93,147.71,140.07
72.98,146.68,140.09
73.03,145.65,140.11
73.08,144.62,140.12
73.13,143.59,140.14
73.18,142.56,140.15
73.24,141.53,140.17
73.29,140.5,140.18
73.34,139.47,140.2
73.38,138.43,140.21
73.43,137.4,140.22
73.48,136.37,140.24
73.53,135.33,140.25
73.57,134.3,140.26
73.62,133.27,140.27
73.67,132.23,140.28
73.71,131.2,140.3
73.76,130.16,140.31
73.8,129.12,140.32
73.84,128.08,140.33
73.89,127.05,140.34
73.93,126.01,140.35
73.97,124.97,140.36
74.01,123.93,140.37
74.05,122.89,140.38
74.09,121.85,140.39
74.13,120.81,140.4
74.16,119.77,140.41
74.2,118.73,140.42
74.24,117.69,140.42
74.27,116.65,140.43
74.3,115.6,140.44
74.34,114.56,140.45
74.37,113.52,140.45
74.4,112.48,140.46
74.43,111.43,140.47
74.46,110.39,140.48
74.49,109.34,140.48
74.52,108.3,140.49
74.54,107.25,140.49
74.57,106.21,140.5
74.59,105.16,140.5
74.62,104.11,140.5
74.64,103.07,140.51
74.66,102.02,140.51
74.68,100.98,140.52
74.7,99.93,140.52
74.72,98.88,140.52
74.74,97.83,140.53
74.76,96.78,140.53
74.77,95.74,140.53
74.79,94.69,140.53
74.8,93.64,140.53
74.82,92.59,140.53
74.83,91.54,140.53
74.84,90.49,140.53
74.85,89.44,140.53
74.86,88.4,140.53
74.87,87.35,140.53
74.88,86.3,140.53
74.88,85.25,140.53
74.89,84.2,140.53
74.9,83.15,140.53
74.9,82.1,140.53
74.9,81.05,140.52
74.9,80.0,140.52
75.52,191.57,35.0
75.52,191.56,36.05
75.52,191.56,37.1
75.52,191.56,38.16
75.52,191.56,39.21
75.51,191.55,40.26
75.51,191.55,41.31
75.51,191.55,42.36
75.5,191.54,43.41
75.49,191.54,44.47
75.48,191.53,45.52
75.48,191.53,46.57
75.46,191.53,47.62
75.45,191.52,48.67
75.44,191.52,49.72
75.43,191.51,50.77
75.42,191.51,51.82
75.4,191.5,52.87
75.39,191.5,53.92
75.37,191.49,54.98
75.35,191.49,56.02
75.33,191.48,57.07
75.31,191.48,58.12
75.29,191.47,59.17
75.27,191.47,60.22
75.25,191.46,61.27
75.23,191.46,62.32
75.21,191.45,63.37
75.18,191.44,64.42
75.16,191.44,65.47
75.13,191.43,66.51
75.11,191.42,67.56
75.08,191.42,68.61
75.05,191.41,69.66
75.02,191.4,70.7
75.0,191.39,71.75
74.97,191.39,72.8
74.94,191.38,73.84
74.91,191.37,74.89
74.88,191.36,75.93
74.85,191.34,76.98
74.82,191.33,78.02
74.78,191.32,79.06
74.75,191.31,80.11
74.71,191.3,81.15
74.68,191.29,82.19
74.64,191.28,83.23
74.61,191.26,84.27
74.57,191.25,85.32
74.53,191.24,86.36
74.49,191.23,87.4
74.45,191.22,88.44
74.41,191.2,89.48
74.37,191.19,90.52
74.33,191.18,91.55
74.29,191.16,92.59
74.25,191.15,93.63
74.21,191.14,94.67
74.16,191.13,95.7
74.12,191.11,96.74
74.08,191.1,97.78
74.03,191.08,98.81
73.99,191.07,99.85
73.95,191.06,100.88
73.91,191.04,101.92
73.86,191.03,102.95
73.81,191.01,103.98
73.77,190.99,105.02
73.73,190.97,106.05
73.69,190.96,107.08
73.65,190.94,108.12
73.61,190.92,109.15
73.56,190.9,110.18
73.51,190.87,111.21
73.47,190.84,112.24
73.44,190.81,113.28
73.4,190.77,114.31
73.37,190.73,115.34
73.33,190.69,116.37
73.29,190.63,117.4
73.26,190.57,118.43
73.24,190.5,119.47
73.22,190.42,120.5
73.2,190.32,121.53
73.19,190.21,122.57
73.18,190.09,123.6
73.17,189.94,124.63
73.18,189.76,125.66
73.19,189.55,126.68
73.22,189.31,127.7
73.27,189.04,128.72
73.33,188.72,129.73
73.42,188.36,130.73
73.52,187.94,131.7
73.64,187.48,132.66
73.78,186.97,133.59
73.92,186.39,134.47
74.02,185.72,135.28
73.97,184.92,135.95
73.86,184.03,136.52
73.75,183.08,137.0
73.68,182.1,137.4
73.62,181.1,137.75
73.58,180.09,138.06
73.56,179.08,138.33
73.55,178.05,138.56
73.55,177.03,138.76
73.55,176.01,138.94
73.57,174.98,139.11
73.59,173.95,139.25
73.62,172.93,139.38
73.64,171.9,139.49
73.67,170.86,139.6
73.7,169.84,139.7
73.74,168.81,139.79
73.77,167.78,139.87
73.81,166.75,139.95
73.85,165.72,140.02
73.89,164.69,140.08
73.94,163.65,140.14
73.98,162.62,140.19
74.02,161.59,140.24
74.07,160.56,140.28
74.12,159.53,140.32
74.17,158.5,140.36
74.21,157.47,140.39
74.26,156.43,140.41
74.31,155.4,140.44
74.36,154.37,140.46
74.41,153.34,140.49
74.46,152.3,140.51
74.51,151.27,140.52
74.56,150.23,140.54
74.62,149.2,140.56
74.67,148.16,140.57
74.72,147.13,140.59
74.76,146.09,140.6
74.81,145.05,140.62
74.86,144.02,140.63
74.91,142.98,140.65
74.96,141.94,140.66
75.0,140.9,140.67
75.05,139.86,140.68
75.09,138.82,140.69
75.14,137.78,140.7
75.18,136.74,140.71
75.23,135.69,140.72
75.28,134.65,140.73
75.32,133.61,140.74
75.36,132.56,140.74
75.41,131.52,140.75
75.45,130.48,140.76
75.49,129.43,140.76
75.53,128.39,140.77
75.58,127.34,140.78
75.62,126.3,140.79
75.66,125.25,140.79
75.69,124.2,140.8
75.73,123.16,140.8
75.77,122.11,140.81
75.81,121.06,140.82
75.84,120.01,140.82
75.88,118.96,140.83
75.91,117.91,140.84
75.94,116.87,140.84
75.98,115.82,140.85
76.01,114.77,140.85
76.04,113.72,140.85
76.07,112.67,140.86
76.1,111.62,140.86
76.13,110.56,140.87
76.15,109.51,140.87
76.18,108.46,140.87
76.21,107.41,140.88
76.23,106.36,140.88
76.25,105.31,140.88
76.28,104.25,140.88
76.3,103.2,140.89
76.32,102.15,140.89
76.34,101.09,140.89
76.36,100.04,140.89
76.38,98.99,140.89
76.4,97.93,140.9
76.41,96.88,140.9
76.43,95.82,140.9
76.44,94.77,140.9
76.46,93.72,140.9
76.47,92.66,140.9
76.48,91.61,140.9
76.49,90.55,140.9
76.5,89.5,140.9
76.51,88.44,140.89
76.52,87.39,140.89
76.53,86.33,140.89
76.53,85.28,140.89
76.54,84.22,140.89
76.55,83.17,140.89
76.55,82.11,140.89
76.55,81.06,140.88
76.55,80.0,140.88
77.26,191.87,35.0
77.26,191.87,36.06
77.26,191.86,37.12
77.26,191.86,38.17
77.26,191.86,39.23
77.25,191.85,40.29
77.25,191.85,41.35
77.25,191.85,42.4
77.24,191.84,43.46
77.23,191.84,44.52
77.23,191.84,45.58
77.22,191.83,46.63
77.21,191.83,47.69
77.2,191.82,48.75
77.19,191.82,49.81
77.17,191.81,50.87
77.16,191.81,51.92
77.15,191.81,52.98
77.14,191.8,54.03
77.12,191.8,55.09
77.1,191.79,56.15
77.08,191.79,57.2
77.07,191.78,58.26
77.05,191.78,59.32
77.03,191.77,60.37
77.01,191.77,61.43
76.99,191.76,62.48
76.97,191.75,63.54
76.94,191.75,64.59
76.92,191.74,65.65
76.9,191.74,66.7
76.87,191.73,67.75
76.85,191.72,68.81
76.82,191.72,69.86
76.79,191.71,70.91
76.77,191.7,71.97
76.74,191.7,73.02
76.71,191.69,74.07
76.68,191.68,75.12
76.65,191.67,76.18
76.62,191.67,77.23
76.59,191.66,78.28
76.56,191.65,79.33
76.52,191.64,80.38
76.49,191.63,81.43
76.46,191.63,82.48
76.42,191.62,83.53
76.39,191.61,84.58
76.35,191.6,85.63
76.31,191.59,86.68
76.28,191.58,87.72
76.24,191.57,88.77
76.2,191.57,89.82
76.16,191.56,90.87
76.12,191.55,91.91
76.08,191.54,92.96
76.04,191.53,94.0
76.0,191.52,95.05
75.96,191.51,96.09
75.92,191.5,97.14
75.88,191.49,98.18
75.84,191.48,99.23
75.8,191.47,100.27
75.75,191.46,101.32
75.71,191.45,102.36
75.67,191.44,103.4
75.63,191.43,104.45
75.58,191.42,105.49
75.54,191.4,106.53
75.5,191.39,107.57
75.46,191.38,108.61
75.42,191.36,109.65
75.38,191.35,110.7
75.33,191.33,111.73
75.29,191.31,112.77
75.25,191.29,113.82
75.22,191.26,114.86
75.19,191.23,115.9
75.15,191.19,116.94
75.11,191.15,117.98
75.08,191.1,119.02
75.05,191.04,120.06
75.03,190.98,121.1
75.01,190.9,122.14
75.0,190.81,123.19
74.98,190.7,124.23
74.97,190.57,125.27
74.97,190.41,126.3
74.98,190.22,127.34
75.0,190.0,128.37
75.04,189.74,129.39
75.1,189.44,130.41
75.17,189.08,131.42
75.27,188.68,132.41
75.4,188.23,133.37
75.53,187.72,134.31
75.67,187.14,135.2
75.77,186.46,136.01
75.72,185.66,136.69
75.61,184.76,137.25
75.51,183.8,137.72
75.43,182.81,138.11
75.38,181.8,138.44
75.35,180.78,138.73
75.33,179.76,138.99
75.32,178.73,139.2
75.32,177.69,139.39
75.33,176.66,139.56
75.35,175.63,139.71
75.38,174.59,139.84
75.4,173.55,139.96
75.43,172.51,140.06
75.46,171.47,140.16
75.49,170.43,140.25
75.52,169.4,140.33
75.56,168.36,140.41
75.6,167.32,140.48
75.64,166.28,140.54
75.68,165.24,140.6
75.72,164.2,140.65
75.76,163.16,140.69
75.81,162.12,140.73
75.85,161.08,140.76
75.9,160.04,140.79
75.95,159.0,140.82
75.99,157.96,140.84
76.04,156.92,140.86
76.09,155.87,140.88
76.14,154.83,140.89
76.19,153.79,140.91
76.24,152.75,140.92
76.28,151.71,140.94
76.33,150.66,140.95
76.38,149.62,140.96
76.43,148.58,140.97
76.48,147.53,140.98
76.53,146.49,140.99
76.57,145.44,141.0
76.62,144.4,141.01
76.66,143.35,141.02
76.71,142.3,141.03
76.76,141.26,141.04
76.8,140.21,141.05
76.85,139.16,141.06
76.89,138.11,141.07
76.93,137.07,141.08
76.97,136.02,141.09
77.02,134.97,141.09
77.06,133.92,141.1
77.1,132.87,141.11
77.14,131.82,141.11
77.18,130.77,141.12
77.22,129.72,141.13
77.26,128.66,141.13
77.3,127.61,141.14
77.34,126.56,141.15
77.37,125.51,141.15
77.41,124.45,141.16
77.45,123.4,141.16
77.48,122.35,141.17
77.51,121.29,141.18
77.55,120.24,141.18
77.58,119.18,141.19
77.61,118.13,141.19
77.64,117.07,141.2
77.67,116.02,141.2
77.7,114.96,141.21
77.73,113.91,141.21
77.76,112.85,141.22
77.79,111.79,141.22
77.81,110.74,141.22
77.84,109.68,141.23
77.86,108.62,141.23
77.89,107.56,141.23
77.91,106.5,141.24
77.93,105.45,141.24
77.95,104.39,141.24
77.98,103.33,141.24
77.99,102.27,141.24
78.01,101.21,141.25
78.03,100.15,141.25
78.05,99.09,141.25
78.06,98.03,141.25
78.08,96.97,141.25
78.09,95.91,141.25
78.11,94.85,141.25
78.12,93.79,141.25
78.13,92.73,141.25
78.14,91.67,141.25
78.15,90.61,141.25
78.16,89.55,141.25
78.17,88.49,141.25
78.18,87.43,141.25
78.19,86.37,141.25
78.19,85.31,141.25
78.2,84.25,141.24
78.2,83.18,141.24
78.21,82.12,141.24
78.21,81.06,141.24
78.21,80.0,141.24
79.0,192.17,35.0
79.0,192.17,36.06
79.0,192.16,37.13
79.0,192.16,38.19
79.0,192.16,39.26
78.99,192.16,40.32
78.99,192.15,41.38
78.99,192.15,42.45
78.98,192.15,43.51
78.98,192.14,44.58
78.97,192.14,45.64
78.96,192.13,46.7
78.95,192.13,47.77
78.94,192.13,48.83
78.93,192.12,49.89
78.92,192.12,50.96
78.91,192.11,52.02
78.9,192.11,53.08
78.88,192.1,54.14
78.87,192.1,55.21
78.85,192.09,56.27
78.84,192.09,57.33
78.82,192.08,58.39
78.8,192.08,59.46
78.78,192.08,60.52
78.77,192.07,61.58
78.75,192.06,62.64
78.73,192.06,63.7
78.71,192.05,64.76
78.68,192.05,65.82
78.66,192.04,66.88
78.64,192.04,67.94
78.62,192.03,69.01
78.59,192.02,70.06
78.57,192.02,71.12
78.54,192.01,72.18
78.51,192.0,73.24
78.49,192.0,74.3
78.46,191.99,75.36
78.43,191.98,76.42
78.4,191.98,77.48
78.37,191.97,78.53
78.34,191.96,79.59
78.31,191.95,80.65
78.28,191.95,81.7
78.25,191.94,82.76
78.22,191.93,83.82
78.19,191.92,84.87
78.15,191.91,85.93
78.12,191.91,86.99
78.08,191.9,88.04
78.05,191.89,89.09
78.01,191.88,90.15
77.98,191.87,91.2
77.94,191.87,92.26
77.9,191.86,93.31
77.86,191.85,94.36
77.83,191.84,95.41
77.79,191.83,96.47
77.75,191.82,97.52
77.71,191.81,98.57
77.67,191.8,99.62
77.63,191.79,100.67
77.6,191.78,101.72
77.56,191.77,102.77
77.52,191.76,103.82
77.48,191.75,104.87
77.44,191.74,105.92
77.4,191.73,106.97
77.36,191.72,108.02
77.32,191.71,109.07
77.29,191.69,110.12
77.24,191.68,111.17
77.2,191.66,112.21
77.16,191.64,113.26
77.13,191.62,114.31
77.1,191.6,115.36
77.06,191.57,116.41
77.03,191.54,117.45
76.99,191.5,118.5
76.96,191.46,119.55
76.93,191.41,120.59
76.91,191.36,121.64
76.89,191.29,122.69
76.87,191.21,123.74
76.86,191.12,124.79
76.84,191.01,125.83
76.84,190.87,126.88
76.85,190.7,127.92
76.86,190.51,128.96
76.89,190.28,130.0
76.94,190.01,131.03
77.01,189.7,132.05
77.09,189.33,133.05
77.2,188.91,134.04
77.32,188.43,134.99
77.45,187.86,135.9
77.56,187.17,136.7
77.52,186.36,137.38
77.41,185.44,137.92
77.32,184.47,138.36
77.25,183.46,138.73
77.21,182.45,139.05
77.18,181.42,139.32
77.16,180.38,139.55
77.16,179.34,139.75
77.16,178.3,139.93
77.17,177.26,140.09
77.19,176.22,140.23
77.22,175.17,140.35
77.24,174.13,140.45
77.26,173.08,140.55
77.29,172.04,140.64
77.32,170.99,140.72
77.36,169.94,140.79
77.39,168.9,140.86
77.43,167.85,140.92
77.47,166.8,140.97
77.5,165.76,141.02
77.54,164.71,141.06
77.58,163.66,141.1
77.63,162.62,141.13
77.67,161.57,141.16
77.71,160.52,141.19
77.76,159.47,141.21
77.8,158.43,141.23
77.85,157.38,141.24
77.89,156.33,141.26
77.94,155.28,141.28
77.99,154.23,141.29
78.03,153.18,141.3
78.08,152.13,141.31
78.12,151.08,141.33
78.17,150.03,141.34
78.21,148.98,141.35
78.26,147.93,141.36
78.3,146.88,141.37
78.34,145.83,141.38
78.39,144.77,141.38
78.43,143.72,141.39
78.47,142.67,141.4
78.52,141.61,141.41
78.56,140.56,141.42
78.6,139.5,141.43
78.64,138.45,141.43
78.68,137.4,141.44
78.72,136.34,141.45
78.76,135.28,141.46
78.8,134.23,141.46
78.84,133.17,141.47
78.87,132.11,141.48
78.91,131.06,141.48
78.95,130.0,141.49
78.98,128.94,141.49
79.02,127.88,141.5
79.06,126.83,141.51
79.09,125.77,141.51
79.12,124.71,141.52
79.16,123.65,141.52
79.19,122.59,141.53
79.22,121.53,141.53
79.25,120.47,141.54
79.28,119.4,141.55
79.31,118.34,141.55
79.34,117.28,141.55
79.37,116.22,141.56
79.4,115.16,141.56
79.42,114.1,141.57
79.45,113.03,141.57
79.47,111.97,141.58
79.5,110.91,141.58
79.52,109.84,141.58
79.55,108.78,141.59
79.57,107.71,141.59
79.59,106.65,141.59
79.61,105.59,141.59
79.63,104.52,141.6
79.65,103.46,141.6
79.67,102.39,141.6
79.69,101.33,141.6
79.7,100.26,141.6
79.72,99.2,141.6
79.73,98.13,141.61
79.75,97.07,141.61
79.76,96.0,141.61
79.77,94.93,141.61
79.79,93.87,141.61
79.8,92.8,141.61
79.81,91.74,141.61
79.82,90.67,141.61
79.82,89.6,141.61
79.83,88.54,141.61
79.84,87.47,141.6
79.84,86.4,141.6
79.85,85.33,141.6
79.86,84.27,141.6
79.86,83.2,141.6
79.87,82.13,141.6
79.87,81.07,141.6
79.86,80.0,141.6
80.74,192.47,35.0
80.74,192.47,36.07
80.74,192.47,37.14
80.74,192.46,38.21
80.74,192.46,39.28
80.73,192.46,40.35
80.73,192.45,41.42
80.73,192.45,42.49
80.72,192.45,43.56
80.72,192.44,44.63
80.71,192.44,45.7
80.7,192.44,46.77
80.69,192.43,47.84
80.68,192.43,48.91
80.68,192.42,49.98
80.67,192.42,51.05
80.66,192.42,52.12
80.64,192.41,53.19
80.63,192.41,54.25
80.62,192.4,55.32
80.6,192.4,56.39
80.59,192.39,57.46
80.57,192.39,58.53
80.56,192.38,59.6
80.54,192.38,60.67
80.52,192.37,61.73
80.5,192.37,62.8
80.49,192.36,63.87
80.47,192.36,64.93
80.45,192.35,66.0
80.43,192.35,67.07
80.41,192.34,68.14
80.38,192.34,69.2
80.36,192.33,70.27
80.34,192.32,71.34
80.31,192.32,72.4
80.29,192.31,73.47
80.26,192.31,74.53
80.24,192.3,75.6
80.21,192.29,76.66
80.19,192.29,77.73
80.16,192.28,78.79
80.13,192.27,79.85
80.1,192.26,80.92
80.07,192.26,81.98
80.05,192.25,83.05
80.02,192.24,84.11
79.98,192.24,85.17
79.95,192.23,86.23
79.92,192.22,87.29
79.89,192.21,88.36
79.86,192.21,89.42
79.82,192.2,90.48
79.79,192.19,91.54
79.76,192.18,92.6
79.72,192.17,93.66
79.69,192.17,94.72
79.65,192.16,95.78
79.62,192.15,96.84
79.58,192.14,97.9
79.55,192.13,98.95
79.51,192.12,100.01
79.47,192.11,101.07
79.44,192.1,102.13
79.4,192.09,103.19
79.37,192.09,104.24
79.33,192.08,105.3
79.29,192.06,106.36
79.25,192.05,107.41
79.22,192.04,108.47
79.18,192.03,109.52
79.15,192.02,110.58
79.11,192.01,111.64
79.07,191.99,112.69
79.03,191.98,113.74
79.0,191.96,114.8
78.97,191.94,115.86
78.94,191.92,116.91
78.91,191.89,117.97
78.87,191.86,119.02
78.84,191.82,120.07
78.82,191.78,121.13
78.79,191.74,122.18
78.77,191.68,123.24
78.76,191.62,124.3
78.74,191.54,125.35
78.72,191.44,126.4
78.72,191.32,127.46
78.72,191.19,128.51
78.73,191.02,129.56
78.75,190.83,130.6
78.79,190.59,131.65
78.84,190.32,132.68
78.91,189.99,133.7
79.01,189.6,134.7
79.11,189.13,135.67
79.24,188.58,136.59
79.35,187.89,137.4
79.31,187.06,138.07
79.21,186.12,138.59
79.13,185.13,139.01
79.08,184.12,139.36
79.04,183.09,139.65
79.01,182.05,139.9
79.0,181.01,140.12
78.99,179.96,140.3
79.0,178.91,140.47
79.01,177.86,140.61
79.03,176.81,140.74
79.05,175.76,140.85
79.08,174.7,140.95
79.1,173.65,141.03
79.13,172.6,141.11
79.16,171.54,141.18
79.19,170.49,141.25
79.22,169.44,141.3
79.26,168.38,141.36
79.3,167.33,141.4
79.33,166.28,141.44
79.37,165.22,141.48
79.41,164.17,141.51
79.45,163.11,141.53
79.49,162.06,141.56
79.53,161.0,141.58
79.57,159.95,141.6
79.61,158.9,141.61
79.66,157.84,141.63
79.7,156.78,141.64
79.74,155.73,141.66
79.78,154.67,141.67
79.83,153.62,141.68
79.87,152.56,141.69
79.91,151.5,141.7
79.95,150.44,141.71
79.99,149.39,141.72
80.04,148.33,141.73
80.08,147.27,141.74
80.12,146.21,141.75
80.16,145.15,141.76
80.2,144.09,141.76
80.24,143.03,141.77
80.28,141.97,141.78
80.31,140.91,141.79
80.35,139.85,141.79
80.39,138.79,141.8
80.43,137.73,141.81
80.46,136.66,141.81
80.5,135.6,141.82
80.54,134.54,141.83
80.57,133.48,141.83
80.61,132.41,141.84
80.64,131.35,141.84
80.68,130.28,141.85
80.71,129.22,141.86
80.74,128.15,141.86
80.78,127.09,141.87
80.81,126.02,141.87
80.84,124.96,141.88
80.87,123.89,141.88
80.9,122.83,141.89
80.93,121.76,141.89
80.96,120.69,141.9
80.99,119.63,141.9
81.01,118.56,141.91
81.04,117.49,141.91
81.07,116.42,141.92
81.09,115.35,141.92
81.12,114.29,141.92
81.14,113.22,141.93
81.16,112.15,141.93
81.19,111.08,141.94
81.21,110.01,141.94
81.23,108.94,141.94
81.25,107.87,141.94
81.27,106.8,141.95
81.29,105.73,141.95
81.31,104.66,141.95
81.32,103.59,141.95
81.34,102.52,141.95
81.36,101.45,141.96
81.37,100.37,141.96
81.39,99.3,141.96
81.4,98.23,141.96
81.41,97.16,141.96
81.43,96.09,141.96
81.44,95.02,141.96
81.45,93.94,141.96
81.46,92.87,141.96
81.47,91.8,141.96
81.48,90.73,141.96
81.49,89.65,141.96
81.49,88.58,141.96
81.5,87.51,141.96
81.5,86.44,141.96
81.51,85.36,141.96
81.52,84.29,141.96
81.52,83.22,141.96
81.52,82.15,141.95
81.52,81.07,141.95
81.52,80.0,141.95
82.48,192.77,35.0
82.48,192.77,36.08
82.48,192.77,37.15
82.48,192.76,38.23
82.48,192.76,39.3
82.48,192.76,40.38
82.47,192.76,41.46
82.47,192.75,42.53
82.46,192.75,43.61
82.46,192.75,44.69
82.45,192.74,45.76
82.45,192.74,46.84
82.44,192.73,47.91
82.43,192.73,48.99
82.42,192.73,50.06
82.41,192.72,51.14
82.4,192.72,52.21
82.39,192.71,53.29
82.38,192.71,54.36
82.37,192.71,55.44
82.35,192.7,56.51
82.34,192.7,57.59
82.33,192.69,58.66
82.31,192.69,59.74
82.3,192.68,60.81
82.28,192.68,61.89
82.26,192.67,62.96
82.25,192.67,64.03
82.23,192.66,65.11
82.21,192.66,66.18
82.19,192.65,67.25
82.17,192.65,68.33
82.15,192.64,69.4
82.13,192.64,70.47
82.11,192.63,71.55
82.09,192.63,72.62
82.06,192.62,73.69
82.04,192.61,74.76
82.02,192.61,75.83
82.0,192.6,76.9
81.97,192.6,77.98
81.94,192.59,79.05
81.92,192.58,80.12
81.89,192.58,81.19
81.87,192.57,82.26
81.84,192.56,83.33
81.81,192.56,84.4
81.78,192.55,85.47
81.75,192.54,86.53
81.72,192.54,87.6
81.69,192.53,88.67
81.67,192.52,89.74
81.64,192.52,90.81
81.6,192.51,91.87
81.57,192.5,92.94
81.54,192.49,94.01
81.51,192.48,95.08
81.48,192.48,96.14
81.45,192.47,97.21
81.41,192.46,98.27
81.38,192.45,99.34
81.35,192.44,100.41
81.31,192.43,101.47
81.28,192.43,102.53
81.25,192.42,103.6
81.21,192.41,104.66
81.18,192.4,105.73
81.14,192.39,106.79
81.11,192.38,107.85
81.08,192.37,108.92
81.04,192.36,109.98
81.01,192.35,111.04
80.97,192.34,112.11
80.94,192.32,113.17
80.9,192.31,114.23
80.88,192.3,115.29
80.85,192.28,116.35
80.82,192.26,117.42
80.79,192.24,118.48
80.75,192.22,119.54
80.72,192.19,120.6
80.7,192.15,121.66
80.68,192.12,122.73
80.66,192.07,123.79
80.64,192.02,124.85
80.62,191.96,125.91
80.6,191.88,126.97
80.59,191.78,128.04
80.59,191.67,129.1
80.59,191.53,130.15
80.61,191.37,131.21
80.63,191.17,132.26
80.67,190.93,133.31
80.73,190.64,134.34
80.81,190.28,135.36
80.91,189.84,136.35
81.03,189.29,137.28
81.13,188.6,138.1
81.1,187.76,138.76
81.02,186.81,139.26
80.95,185.8,139.66
80.9,184.77,139.99
80.86,183.73,140.26
80.84,182.68,140.49
80.83,181.63,140.69
80.83,180.57,140.86
80.84,179.52,141.0
80.85,178.46,141.14
80.87,177.4,141.25
80.89,176.34,141.35
80.92,175.28,141.44
80.94,174.22,141.52
80.97,173.16,141.59
81.0,172.1,141.65
81.03,171.04,141.7
81.06,169.98,141.75
81.09,168.92,141.79
81.13,167.86,141.83
81.16,166.8,141.86
81.2,165.73,141.89
81.23,164.67,141.92
81.27,163.61,141.94
81.31,162.55,141.96
81.35,161.49,141.98
81.39,160.43,141.99
81.42,159.36,142.0
81.46,158.3,142.02
81.5,157.24,142.03
81.54,156.18,142.04
81.58,155.11,142.05
81.62,154.05,142.06
81.66,152.99,142.07
81.7,151.92,142.08
81.74,150.86,142.09
81.78,149.79,142.1
81.81,148.73,142.1
81.85,147.66,142.11
81.89,146.59,142.12
81.93,145.53,142.13
81.96,144.46,142.14
82.0,143.39,142.14
82.04,142.33,142.15
82.07,141.26,142.16
82.11,140.19,142.16
82.14,139.12,142.17
82.17,138.06,142.17
82.21,136.99,142.18
82.24,135.92,142.19
82.28,134.85,142.19
82.31,133.78,142.2
82.34,132.71,142.2
82.37,131.64,142.21
82.4,130.57,142.21
82.44,129.5,142.22
82.47,128.43,142.22
82.5,127.35,142.23
82.53,126.28,142.23
82.55,125.21,142.24
82.58,124.14,142.24
82.61,123.07,142.25
82.64,121.99,142.25
82.66,120.92,142.26
82.69,119.85,142.26
82.71,118.77,142.27
82.74,117.7,142.27
82.76,116.62,142.27
82.79,115.55,142.28
82.81,114.47,142.28
82.83,113.4,142.29
82.85,112.32,142.29
82.87,111.25,142.29
82.89,110.17,142.29
82.91,109.1,142.3
82.93,108.02,142.3
82.95,106.95,142.3
82.97,105.87,142.3
82.98,104.79,142.31
83.0,103.72,142.31
83.02,102.64,142.31
83.03,101.56,142.31
83.04,100.49,142.31
83.06,99.41,142.31
83.07,98.33,142.31
83.08,97.25,142.32
83.09,96.17,142.32
83.1,95.1,142.32
83.11,94.02,142.32
83.12,92.94,142.32
83.13,91.86,142.32
83.14,90.79,142.32
83.15,89.71,142.32
83.15,88.63,142.32
83.16,87.55,142.31
83.16,86.47,142.31
83.17,85.39,142.31
83.17,84.31,142.31
83.18,83.24,142.31
83.18,82.16,142.31
83.18,81.08,142.31
83.18,80.0,142.31
84.22,193.07,35.0
84.22,193.07,36.08
84.22,193.07,37.17
84.22,193.07,38.25
84.22,193.06,39.33
84.22,193.06,40.41
84.21,193.06,41.49
84.21,193.05,42.58
84.2,193.05,43.66
84.2,193.05,44.74
84.19,193.04,45.82
84.19,193.04,46.9
84.18,193.04,47.99
84.17,193.03,49.07
84.16,193.03,50.15
84.16,193.02,51.23
84.15,193.02,52.31
84.14,193.02,53.39
84.13,193.01,54.47
84.12,193.01,55.56
84.1,193.0,56.64
84.09,193.0,57.72
84.08,193.0,58.8
84.07,192.99,59.88
84.05,192.99,60.96
84.04,192.98,62.04
84.02,192.98,63.12
84.01,192.97,64.2
83.99,192.97,65.28
83.97,192.96,66.36
83.96,192.96,67.44
83.94,192.95,68.52
83.92,192.95,69.6
83.9,192.95,70.68
83.88,192.94,71.76
83.86,192.94,72.84
83.84,192.93,73.91
83.82,192.92,74.99
83.8,192.92,76.07
83.78,192.91,77.15
83.75,192.91,78.22
83.73,192.9,79.3
83.71,192.89,80.38
83.68,192.89,81.46
83.66,192.88,82.53
83.63,192.88,83.61
83.61,192.87,84.69
83.58,192.86,85.76
83.56,192.86,86.84
83.53,192.85,87.91
83.5,192.84,88.99
83.47,192.84,90.06
83.45,192.83,91.14
83.42,192.82,92.21
83.39,192.82,93.29
83.36,192.81,94.36
83.33,192.8,95.43
83.3,192.79,96.51
83.27,192.79,97.58
83.24,192.78,98.65
83.21,192.77,99.73
83.18,192.76,100.8
83.15,192.75,101.87
83.12,192.75,102.94
83.09,192.74,104.01
83.06,192.73,105.08
83.03,192.72,106.15
82.99,192.71,107.22
82.96,192.7,108.29
82.93,192.69,109.37
82.91,192.69,110.44
82.88,192.68,111.51
82.84,192.67,112.58
82.81,192.66,113.65
82.78,192.65,114.71
82.75,192.63,115.78
82.72,192.62,116.85
82.7,192.61,117.92
82.67,192.59,118.99
82.63,192.57,120.06
82.61,192.55,121.13
82.58,192.53,122.2
82.56,192.5,123.27
82.54,192.46,124.34
82.52,192.42,125.41
82.5,192.38,126.48
82.48,192.31,127.54
82.47,192.24,128.61
82.46,192.15,129.68
82.46,192.04,130.75
82.47,191.91,131.82
82.48,191.75,132.88
82.51,191.55,133.94
82.55,191.29,134.99
82.62,190.96,136.02
82.7,190.54,137.03
82.81,190.01,137.98
82.92,189.32,138.8
82.9,188.46,139.45
82.82,187.49,139.94
82.76,186.47,140.31
82.72,185.43,140.61
82.69,184.37,140.86
82.67,183.32,141.07
82.67,182.25,141.25
82.67,181.19,141.41
82.68,180.12,141.54
82.69,179.06,141.66
82.71,177.99,141.76
82.73,176.93,141.85
82.75,175.86,141.93
82.78,174.79,142.0
82.8,173.72,142.06
82.83,172.65,142.11
82.86,171.59,142.16
82.89,170.52,142.2
82.92,169.45,142.23
82.96,168.38,142.26
82.99,167.31,142.29
83.02,166.25,142.31
83.06,165.18,142.33
83.09,164.11,142.34
83.13,163.04,142.36
83.16,161.97,142.37
83.2,160.9,142.38
83.24,159.83,142.39
83.27,158.76,142.4
83.31,157.69,142.41
83.34,156.62,142.42
83.38,155.55,142.43
83.42,154.48,142.44
83.45,153.41,142.45
83.49,152.34,142.46
83.52,151.27,142.47
83.56,150.2,142.47
83.59,149.12,142.48
83.63,148.05,142.48
83.66,146.98,142.49
83.69,145.91,142.5
83.73,144.83,142.51
83.76,143.76,142.51
83.8,142.69,142.52
83.83,141.61,142.52
83.86,140.54,142.53
83.89,139.46,142.53
83.92,138.39,142.54
83.95,137.31,142.54
83.98,136.24,142.55
84.01,135.16,142.55
84.05,134.08,142.56
84.07,133.01,142.56
84.1,131.93,142.57
84.13,130.85,142.57
84.16,129.78,142.58
84.19,128.7,142.58
84.22,127.62,142.59
84.24,126.54,142.59
84.27,125.46,142.6
84.29,124.38,142.6
84.32,123.3,142.61
84.34,122.23,142.61
84.37,121.15,142.61
84.39,120.07,142.62
84.41,118.99,142.62
84.44,117.91,142.63
84.46,116.83,142.63
84.48,115.75,142.63
84.5,114.66,142.64
84.52,113.58,142.64
84.54,112.5,142.64
84.56,111.42,142.65
84.58,110.34,142.65
84.59,109.26,142.65
84.61,108.17,142.65
84.63,107.09,142.66
84.64,106.01,142.66
84.66,104.93,142.66
84.67,103.85,142.66
84.69,102.76,142.66
84.7,101.68,142.66
84.72,100.6,142.67
84.73,99.51,142.67
84.74,98.43,142.67
84.75,97.35,142.67
84.76,96.26,142.67
84.77,95.18,142.67
84.78,94.09,142.67
84.79,93.01,142.67
84.79,91.93,142.67
84.8,90.84,142.67
84.81,89.76,142.67
84.81,88.68,142.67
84.82,87.59,142.67
84.82,86.51,142.67
84.83,85.42,142.67
84.83,84.34,142.67
84.84,83.25,142.67
84.84,82.17,142.67
84.84,81.08,142.67
84.84,80.0,142.67
85.96,193.33,35.0
85.96,193.33,36.09
85.96,193.33,37.18
85.96,193.32,38.26
85.96,193.32,39.35
85.95,193.32,40.44
85.95,193.32,41.53
85.95,193.31,42.61
85.94,193.31,43.7
85.94,193.31,44.79
85.93,193.3,45.88
85.93,193.3,46.97
85.92,193.3,48.05
85.92,193.3,49.14
85.91,193.29,50.23
85.9,193.29,51.32
85.89,193.29,52.4
85.88,193.28,53.49
85.87,193.28,54.58
85.86,193.27,55.66
85.85,193.27,56.75
85.84,193.27,57.84
85.83,193.26,58.93
85.82,193.26,60.01
85.8,193.26,61.1
85.79,193.25,62.19
85.78,193.25,63.27
85.76,193.24,64.36
85.75,193.24,65.44
85.73,193.24,66.53
85.72,193.23,67.61
85.7,193.23,68.7
85.68,193.23,69.79
85.67,193.22,70.87
85.65,193.22,71.96
85.63,193.22,73.04
85.61,193.21,74.13
85.59,193.21,75.21
85.57,193.2,76.3
85.55,193.2,77.38
85.53,193.19,78.46
85.51,193.19,79.55
85.49,193.18,80.63
85.47,193.18,81.72
85.45,193.17,82.8
85.42,193.17,83.88
85.4,193.17,84.97
85.38,193.16,86.05
85.35,193.16,87.13
85.33,193.15,88.21
85.3,193.15,89.3
85.28,193.14,90.38
85.25,193.14,91.46
85.23,193.13,92.54
85.2,193.12,93.62
85.17,193.12,94.7
85.15,193.11,95.78
85.12,193.11,96.87
85.09,193.1,97.95
85.07,193.09,99.03
85.04,193.09,100.11
85.01,193.08,101.19
84.99,193.07,102.27
84.96,193.07,103.35
84.94,193.06,104.42
84.91,193.05,105.5
84.88,193.05,106.58
84.85,193.04,107.66
84.82,193.03,108.74
84.79,193.02,109.82
84.77,193.01,110.89
84.74,193.01,111.97
84.71,193.0,113.05
84.67,192.99,114.12
84.65,192.98,115.2
84.62,192.97,116.28
84.6,192.96,117.35
84.57,192.95,118.43
84.54,192.94,119.51
84.51,192.93,120.58
84.49,192.91,121.66
84.46,192.9,122.73
84.44,192.88,123.81
84.42,192.86,124.89
84.4,192.83,125.96
84.38,192.8,127.04
84.36,192.75,128.11
84.35,192.69,129.19
84.33,192.64,130.27
84.32,192.55,131.34
84.32,192.45,132.42
84.33,192.33,133.5
84.34,192.16,134.57
84.37,191.94,135.63
84.42,191.65,136.69
84.5,191.25,137.71
84.6,190.73,138.67
84.71,190.03,139.5
84.69,189.16,140.14
84.62,188.17,140.61
84.57,187.14,140.96
84.54,186.08,141.24
84.52,185.02,141.47
84.51,183.95,141.66
84.5,182.88,141.82
84.51,181.8,141.96
84.52,180.73,142.08
84.53,179.66,142.18
84.55,178.58,142.27
84.57,177.51,142.35
84.59,176.43,142.42
84.62,175.36,142.48
84.64,174.28,142.54
84.67,173.21,142.58
84.69,172.13,142.62
84.72,171.06,142.65
84.75,169.98,142.67
84.78,168.91,142.69
84.82,167.83,142.71
84.85,166.76,142.72
84.88,165.68,142.73
84.91,164.61,142.75
84.95,163.53,142.76
84.98,162.45,142.76
85.01,161.38,142.77
85.04,160.3,142.78
85.07,159.22,142.78
85.11,158.14,142.79
85.14,157.06,142.79
85.17,155.99,142.8
85.21,154.91,142.81
85.24,153.83,142.81
85.27,152.75,142.82
85.3,151.67,142.82
85.34,150.59,142.83
85.37,149.51,142.83
85.4,148.43,142.83
85.43,147.35,142.84
85.46,146.27,142.84
85.49,145.19,142.85
85.52,144.11,142.85
85.56,143.03,142.85
85.59,141.95,142.86
85.61,140.86,142.86
85.64,139.78,142.86
85.67,138.7,142.86
85.7,137.62,142.86
85.73,136.53,142.87
85.76,135.45,142.87
85.78,134.37,142.87
85.81,133.28,142.88
85.84,132.2,142.88
85.86,131.12,142.88
85.89,130.03,142.88
85.91,128.95,142.89
85.94,127.87,142.89
85.96,126.78,142.89
85.99,125.7,142.89
86.01,124.61,142.9
86.04,123.53,142.9
86.06,122.44,142.9
86.08,121.35,142.9
86.1,120.27,142.91
86.12,119.18,142.91
86.14,118.1,142.91
86.16,117.01,142.91
86.18,115.92,142.91
86.2,114.84,142.91
86.22,113.75,142.92
86.24,112.66,142.92
86.25,111.57,142.92
86.27,110.49,142.92
86.29,109.4,142.92
86.3,108.31,142.92
86.32,107.22,142.92
86.33,106.14,142.92
86.35,105.05,142.92
86.36,103.96,142.92
86.37,102.87,142.92
86.38,101.78,142.92
86.4,100.7,142.92
86.41,99.61,142.92
86.42,98.52,142.92
86.43,97.43,142.92
86.44,96.34,142.92
86.45,95.25,142.92
86.45,94.16,142.92
86.46,93.07,142.92
86.47,91.98,142.92
86.47,90.9,142.92
86.48,89.81,142.92
86.49,88.72,142.92
86.49,87.63,142.92
86.49,86.54,142.92
86.5,85.45,142.92
86.5,84.36,142.92
86.51,83.27,142.92
86.51,82.18,142.92
86.51,81.09,142.91
86.51,80.0,142.91
87.71,193.56,35.0
87.71,193.56,36.09
87.71,193.56,37.19
87.71,193.55,38.28
87.71,193.55,39.37
87.71,193.55,40.47
87.7,193.54,41.56
87.7,193.54,42.65
87.7,193.54,43.75
87.69,193.54,44.84
87.69,193.53,45.93
87.68,193.53,47.02
87.68,193.53,48.12
87.67,193.52,49.21
87.66,193.52,50.3
87.66,193.52,51.4
87.65,193.51,52.49
87.64,193.51,53.58
87.64,193.51,54.67
87.63,193.51,55.77
87.62,193.5,56.86
87.61,193.5,57.95
87.6,193.49,59.04
87.58,193.49,60.14
87.57,193.49,61.23
87.56,193.48,62.32
87.55,193.48,63.41
87.54,193.48,64.5
87.52,193.47,65.59
87.51,193.47,66.68
87.5,193.47,67.78
87.48,193.47,68.87
87.47,193.46,69.96
87.45,193.46,71.05
87.43,193.46,72.14
87.42,193.45,73.23
87.4,193.45,74.32
87.39,193.44,75.41
87.37,193.44,76.5
87.35,193.44,77.59
87.33,193.43,78.68
87.31,193.43,79.77
87.29,193.42,80.86
87.27,193.42,81.95
87.25,193.42,83.04
87.23,193.41,84.13
87.21,193.41,85.22
87.19,193.4,86.31
87.17,193.4,87.4
87.15,193.39,88.48
87.13,193.39,89.57
87.11,193.38,90.66
87.08,193.38,91.75
87.06,193.37,92.84
87.04,193.37,93.92
87.01,193.36,95.01
86.99,193.36,96.1
86.97,193.35,97.18
86.94,193.35,98.27
86.92,193.34,99.36
86.89,193.33,100.44
86.87,193.33,101.53
86.84,193.32,102.62
86.82,193.32,103.7
86.79,193.31,104.79
86.77,193.31,105.87
86.74,193.3,106.96
86.71,193.29,108.04
86.69,193.29,109.13
86.66,193.28,110.21
86.64,193.28,111.3
86.62,193.27,112.38
86.59,193.26,113.47
86.56,193.26,114.55
86.53,193.25,115.63
86.51,193.24,116.72
86.49,193.24,117.8
86.46,193.23,118.89
86.44,193.22,119.97
86.41,193.21,121.05
86.39,193.2,122.14
86.37,193.19,123.22
86.35,193.18,124.3
86.32,193.16,125.39
86.31,193.15,126.47
86.29,193.12,127.55
86.27,193.09,128.64
86.25,193.05,129.72
86.23,193.01,130.81
86.22,192.95,131.89
86.22,192.87,132.97
86.21,192.78,134.06
86.22,192.65,135.14
86.24,192.47,136.22
86.28,192.22,137.28
86.34,191.86,138.32
86.43,191.37,139.3
86.53,190.67,140.14
86.52,189.79,140.77
86.46,188.79,141.21
86.42,187.74,141.53
86.39,186.68,141.79
86.38,185.6,141.99
86.37,184.53,142.16
86.37,183.45,142.3
86.37,182.36,142.42
86.39,181.28,142.52
86.4,180.2,142.61
86.42,179.12,142.69
86.44,178.04,142.75
86.46,176.96,142.81
86.48,175.87,142.85
86.51,174.79,142.89
86.53,173.71,142.92
86.56,172.63,142.95
86.59,171.54,142.97
86.62,170.46,142.99
86.65,169.38,143.0
86.67,168.3,143.01
86.7,167.21,143.02
86.73,166.13,143.03
86.76,165.05,143.03
86.79,163.96,143.04
86.82,162.88,143.04
86.85,161.8,143.05
86.88,160.71,143.05
86.91,159.63,143.06
86.94,158.54,143.06
86.97,157.46,143.07
87.0,156.38,143.07
87.03,155.29,143.08
87.06,154.21,143.08
87.09,153.12,143.09
87.12,152.03,143.09
87.15,150.95,143.09
87.18,149.86,143.1
87.21,148.78,143.1
87.23,147.69,143.1
87.26,146.6,143.11
87.29,145.52,143.11
87.32,144.43,143.11
87.34,143.34,143.11
87.37,142.25,143.12
87.4,141.17,143.12
87.42,140.08,143.12
87.45,138.99,143.12
87.47,137.9,143.12
87.5,136.81,143.13
87.52,135.72,143.13
87.55,134.64,143.13
87.57,133.55,143.13
87.59,132.46,143.13
87.62,131.37,143.14
87.64,130.28,143.14
87.66,129.19,143.14
87.68,128.1,143.14
87.71,127.01,143.14
87.73,125.92,143.14
87.75,124.83,143.15
87.77,123.74,143.15
87.79,122.64,143.15
87.81,121.55,143.15
87.83,120.46,143.15
87.85,119.37,143.15
87.86,118.28,143.16
87.88,117.19,143.16
87.9,116.09,143.16
87.92,115.0,143.16
87.93,113.91,143.16
87.95,112.82,143.16
87.96,111.72,143.16
87.98,110.63,143.16
87.99,109.54,143.16
88.01,108.45,143.16
88.02,107.35,143.16
88.03,106.26,143.16
88.04,105.17,143.16
88.06,104.07,143.16
88.07,102.98,143.16
88.08,101.89,143.16
88.09,100.79,143.16
88.1,99.7,143.16
88.11,98.61,143.16
88.12,97.51,143.16
88.12,96.42,143.16
88.13,95.32,143.16
88.14,94.23,143.16
88.15,93.13,143.16
88.15,92.04,143.16
88.16,90.95,143.16
88.16,89.85,143.16
88.17,88.76,143.16
88.17,87.66,143.16
88.18,86.57,143.16
88.18,85.47,143.15
88.18,84.38,143.15
88.19,83.28,143.15
88.19,82.19,143.15
88.19,81.09,143.15
88.19,80.0,143.15
89.46,193.79,35.0
89.46,193.78,36.1
89.46,193.78,37.2
89.46,193.78,38.3
89.46,193.78,39.39
89.46,193.77,40.49
89.46,193.77,41.59
89.45,193.77,42.69
89.45,193.77,43.79
89.45,193.76,44.89
89.44,193.76,45.98
89.44,193.76,47.08
89.43,193.75,48.18
89.43,193.75,49.28
89.42,193.75,50.38
89.42,193.75,51.48
89.41,193.74,52.57
89.4,193.74,53.67
89.4,193.74,54.77
89.39,193.74,55.87
89.38,193.73,56.97
89.37,193.73,58.06
89.36,193.73,59.16
89.35,193.72,60.26
89.34,193.72,61.36
89.33,193.72,62.45
89.32,193.71,63.55
89.31,193.71,64.65
89.3,193.71,65.74
89.29,193.71,66.84
89.27,193.7,67.94
89.26,193.7,69.04
89.25,193.7,70.13
89.23,193.7,71.23
89.22,193.69,72.33
89.21,193.69,73.42
89.19,193.68,74.52
89.18,193.68,75.61
89.16,193.68,76.71
89.15,193.67,77.8
89.13,193.67,78.9
89.11,193.67,80.0
89.1,193.66,81.09
89.08,193.66,82.19
89.06,193.66,83.28
89.05,193.65,84.38
89.03,193.65,85.47
89.01,193.65,86.57
88.99,193.64,87.66
88.97,193.64,88.75
88.95,193.63,89.85
88.93,193.63,90.94
88.91,193.62,92.04
88.89,193.62,93.13
88.87,193.61,94.22
88.85,193.61,95.32
88.83,193.6,96.41
88.81,193.6,97.5
88.79,193.59,98.6
88.77,193.59,99.69
88.75,193.58,100.78
88.72,193.58,101.87
88.7,193.57,102.97
88.68,193.56,104.06
88.66,193.56,105.15
88.64,193.56,106.24
88.61,193.55,107.33
88.59,193.54,108.42
88.57,193.54,109.51
88.55,193.53,110.61
88.53,193.53,111.7
88.5,193.52,112.79
88.48,193.52,113.88
88.45,193.51,114.97
88.43,193.5,116.06
88.41,193.5,117.15
88.39,193.49,118.24
88.37,193.49,119.33
88.35,193.48,120.42
88.32,193.47,121.51
88.3,193.47,122.6
88.28,193.46,123.69
88.27,193.45,124.78
88.25,193.44,125.87
88.23,193.42,126.96
88.21,193.41,128.05
88.19,193.39,129.14
88.18,193.36,130.23
88.16,193.32,131.32
88.15,193.28,132.41
88.14,193.22,133.5
88.14,193.15,134.59
88.14,193.06,135.68
88.14,192.93,136.77
88.17,192.73,137.85
88.21,192.43,138.9
88.28,191.99,139.91
88.38,191.3,140.76
88.37,190.41,141.39
88.32,189.39,141.8
88.29,188.33,142.09
88.27,187.25,142.31
88.26,186.17,142.49
88.26,185.08,142.64
88.26,184.0,142.75
88.27,182.91,142.85
88.28,181.82,142.94
88.29,180.73,143.01
88.31,179.64,143.07
88.33,178.56,143.12
88.35,177.47,143.16
88.37,176.38,143.19
88.4,175.29,143.22
88.42,174.2,143.24
88.44,173.11,143.26
88.47,172.02,143.27
88.49,170.93,143.28
88.52,169.84,143.29
88.55,168.75,143.3
88.57,167.66,143.3
88.6,166.58,143.31
88.62,165.49,143.32
88.65,164.4,143.32
88.68,163.31,143.32
88.7,162.22,143.33
88.73,161.13,143.33
88.75,160.03,143.34
88.78,158.94,143.34
88.81,157.85,143.34
88.83,156.76,143.34
88.86,155.67,143.35
88.88,154.58,143.35
88.91,153.49,143.35
88.94,152.4,143.36
88.96,151.3,143.36
88.99,150.21,143.36
89.01,149.12,143.36
89.03,148.03,143.37
89.06,146.93,143.37
89.08,145.84,143.37
89.11,144.75,143.37
89.13,143.66,143.38
89.15,142.56,143.38
89.18,141.47,143.38
89.2,140.37,143.38
89.22,139.28,143.38
89.24,138.19,143.38
89.27,137.09,143.38
89.29,136.0,143.38
89.31,134.9,143.39
89.33,133.81,143.39
89.35,132.71,143.39
89.37,131.62,143.39
89.39,130.52,143.39
89.41,129.43,143.39
89.43,128.33,143.39
89.45,127.23,143.39
89.47,126.14,143.39
89.48,125.04,143.4
89.5,123.94,143.4
89.52,122.85,143.4
89.54,121.75,143.4
89.55,120.66,143.4
89.57,119.56,143.4
89.58,118.46,143.4
89.6,117.36,143.4
89.62,116.27,143.4
89.63,115.17,143.4
89.64,114.07,143.41
89.66,112.97,143.41
89.67,111.87,143.4
89.68,110.78,143.4
89.7,109.68,143.4
89.71,108.58,143.4
89.72,107.48,143.4
89.73,106.38,143.4
89.74,105.29,143.4
89.75,104.19,143.4
89.76,103.09,143.4
89.77,101.99,143.4
89.78,100.89,143.4
89.79,99.79,143.4
89.8,98.69,143.4
89.81,97.59,143.4
89.81,96.49,143.4
89.82,95.39,143.4
89.83,94.29,143.4
89.83,93.2,143.4
89.84,92.1,143.4
89.84,91.0,143.4
89.85,89.9,143.4
89.85,88.8,143.39
89.85,87.7,143.39
89.86,86.6,143.39
89.86,85.5,143.39
89.86,84.4,143.39
89.87,83.3,143.39
89.87,82.2,143.39
89.87,81.1,143.39
89.87,80.0,143.39
91.21,193.99,35.0
91.21,193.99,36.1
91.21,193.99,37.21
91.21,193.99,38.31
91.21,193.98,39.41
91.21,193.98,40.52
91.2,193.98,41.62
91.2,193.98,42.72
91.2,193.97,43.82
91.2,193.97,44.93
91.19,193.97,46.03
91.19,193.97,47.13
91.19,193.96,48.24
91.18,193.96,49.34
91.18,193.96,50.44
91.17,193.95,51.54
91.17,193.95,52.65
91.16,193.95,53.75
91.15,193.95,54.85
91.15,193.94,55.95
91.14,193.94,57.06
91.13,193.94,58.16
91.12,193.94,59.26
91.12,193.93,60.37
91.11,193.93,61.47
91.1,193.93,62.57
91.09,193.92,63.67
91.08,193.92,64.77
91.07,193.92,65.88
91.06,193.92,66.98
91.05,193.91,68.08
91.04,193.91,69.18
91.03,193.91,70.28
91.02,193.91,71.39
91.01,193.91,72.49
90.99,193.9,73.59
90.98,193.9,74.69
90.97,193.9,75.79
90.96,193.89,76.89
90.94,193.89,77.99
90.93,193.89,79.1
90.91,193.89,80.2
90.9,193.88,81.3
90.89,193.88,82.4
90.87,193.88,83.5
90.86,193.87,84.6
90.84,193.87,85.7
90.83,193.87,86.8
90.81,193.86,87.9
90.79,193.86,89.0
90.78,193.86,90.1
90.76,193.85,91.2
90.74,193.85,92.3
90.73,193.84,93.4
90.71,193.84,94.5
90.69,193.84,95.6
90.67,193.83,96.7
90.65,193.83,97.8
90.64,193.82,98.9
90.62,193.82,100.0
90.6,193.81,101.1
90.58,193.81,102.19
90.56,193.8,103.29
90.54,193.8,104.39
90.53,193.8,105.49
90.51,193.79,106.59
90.49,193.79,107.69
90.47,193.78,108.78
90.45,193.78,109.88
90.43,193.77,110.98
90.41,193.77,112.08
90.39,193.77,113.18
90.37,193.76,114.27
90.35,193.75,115.37
90.33,193.75,116.47
90.31,193.75,117.57
90.29,193.74,118.66
90.28,193.74,119.76
90.26,193.73,120.86
90.24,193.73,121.96
90.22,193.72,123.05
90.2,193.72,124.15
90.18,193.71,125.25
90.17,193.7,126.35
90.15,193.7,127.44
90.13,193.69,128.54
90.12,193.67,129.64
90.1,193.66,130.73
90.09,193.63,131.83
90.07,193.6,132.93
90.06,193.57,134.03
90.06,193.52,135.12
90.05,193.46,136.22
90.05,193.38,137.32
90.05,193.24,138.41
90.08,192.99,139.48
90.13,192.59,140.51
90.22,191.91,141.38
90.22,191.02,142.0
90.18,189.98,142.38
90.16,188.91,142.64
90.15,187.82,142.83
90.14,186.73,142.98
90.14,185.63,143.1
90.15,184.54,143.19
90.15,183.44,143.27
90.17,182.35,143.34
90.18,181.25,143.39
90.2,180.16,143.43
90.22,179.06,143.47
90.24,177.96,143.5
90.26,176.87,143.52
90.28,175.77,143.53
90.3,174.68,143.54
90.33,173.58,143.55
90.35,172.48,143.56
90.37,171.39,143.56
90.39,170.29,143.56
90.42,169.19,143.57
90.44,168.1,143.57
90.46,167.0,143.57
90.48,165.9,143.58
90.51,164.81,143.58
90.53,163.71,143.58
90.55,162.61,143.58
90.58,161.51,143.59
90.6,160.42,143.59
90.62,159.32,143.59
90.64,158.22,143.59
90.67,157.12,143.59
90.69,156.02,143.59
90.71,154.93,143.59
90.73,153.83,143.59
90.75,152.73,143.59
90.78,151.63,143.59
90.8,150.53,143.6
90.82,149.43,143.6
90.84,148.33,143.6
90.86,147.23,143.6
90.88,146.14,143.6
90.9,145.04,143.6
90.92,143.94,143.6
90.94,142.84,143.6
90.96,141.74,143.6
90.98,140.64,143.6
91.0,139.54,143.6
91.02,138.44,143.6
91.04,137.34,143.6
91.05,136.24,143.6
91.07,135.14,143.6
91.09,134.03,143.6
91.11,132.94,143.6
91.13,131.83,143.6
91.14,130.73,143.6
91.16,129.63,143.6
91.18,128.53,143.6
91.19,127.43,143.6
91.21,126.33,143.6
91.22,125.23,143.6
91.24,124.12,143.6
91.25,123.02,143.6
91.27,121.92,143.6
91.28,120.82,143.6
91.3,119.72,143.6
91.31,118.62,143.6
91.32,117.51,143.6
91.33,116.41,143.6
91.35,115.31,143.6
91.36,114.21,143.6
91.37,113.1,143.6
91.38,112.0,143.6
91.39,110.9,143.6
91.4,109.8,143.6
91.41,108.69,143.59
91.42,107.59,143.59
91.43,106.49,143.59
91.44,105.38,143.59
91.45,104.28,143.59
91.46,103.18,143.59
91.47,102.07,143.59
91.48,100.97,143.59
91.48,99.87,143.59
91.49,98.76,143.59
91.5,97.66,143.58
91.5,96.56,143.58
91.51,95.45,143.58
91.51,94.35,143.58
91.52,93.25,143.58
91.52,92.14,143.58
91.53,91.04,143.58
91.53,89.93,143.58
91.53,88.83,143.57
91.54,87.73,143.57
91.54,86.62,143.57
91.54,85.52,143.57
91.54,84.42,143.57
91.55,83.31,143.57
91.55,82.21,143.57
91.55,81.1,143.57
91.55,80.0,143.57
92.97,194.19,35.0
92.97,194.19,36.11
92.96,194.19,37.21
92.96,194.18,38.32
92.96,194.18,39.43
92.96,194.18,40.54
92.96,194.18,41.64
92.96,194.17,42.75
92.96,194.17,43.86
92.95,194.17,44.96
92.95,194.17,46.07
92.95,194.16,47.18
92.95,194.16,48.29
92.94,194.16,49.39
92.94,194.15,50.5
92.93,194.15,51.61
92.93,194.15,52.72
92.92,194.15,53.82
92.92,194.14,54.93
92.91,194.14,56.04
92.91,194.14,57.14
92.9,194.14,58.25
92.9,194.13,59.36
92.89,194.13,60.46
92.88,194.13,61.57
92.88,194.13,62.68
92.87,194.12,63.78
92.86,194.12,64.89
92.85,194.12,66.0
92.84,194.12,67.1
92.84,194.11,68.21
92.83,194.11,69.32
92.82,194.11,70.42
92.81,194.11,71.53
92.8,194.1,72.63
92.79,194.1,73.74
92.78,194.1,74.85
92.77,194.09,75.95
92.76,194.09,77.06
92.75,194.09,78.16
92.74,194.09,79.27
92.73,194.08,80.38
92.71,194.08,81.48
92.7,194.08,82.59
92.69,194.07,83.69
92.68,194.07,84.8
92.67,194.07,85.9
92.65,194.07,87.01
92.64,194.06,88.11
92.63,194.06,89.22
92.61,194.06,90.32
92.6,194.05,91.43
92.59,194.05,92.53
92.57,194.04,93.64
92.56,194.04,94.74
92.54,194.04,95.84
92.53,194.03,96.95
92.51,194.03,98.05
92.5,194.03,99.16
92.49,194.02,100.26
92.47,194.02,101.37
92.46,194.01,102.47
92.44,194.01,103.57
92.42,194.0,104.68
92.41,194.0,105.78
92.4,193.99,106.88
92.38,193.99,107.99
92.36,193.99,109.09
92.35,193.98,110.19
92.33,193.98,111.3
92.32,193.97,112.4
92.3,193.97,113.5
92.28,193.96,114.61
92.27,193.96,115.71
92.25,193.96,116.81
92.24,193.95,117.91
92.22,193.95,119.02
92.21,193.94,120.12
92.19,193.94,121.22
92.17,193.94,122.32
92.16,193.93,123.43
92.14,193.93,124.53
92.13,193.92,125.63
92.12,193.92,126.74
92.1,193.91,127.84
92.09,193.9,128.94
92.08,193.89,130.04
92.06,193.88,131.14
92.05,193.86,132.25
92.04,193.84,133.35
92.03,193.81,134.45
92.02,193.78,135.56
92.02,193.73,136.66
92.01,193.67,137.76
92.02,193.57,138.86
92.03,193.37,139.95
92.07,193.02,140.99
92.14,192.41,141.91
92.13,191.51,142.54
92.1,190.47,142.89
92.09,189.38,143.1
92.08,188.29,143.25
92.08,187.19,143.36
92.08,186.09,143.44
92.09,184.99,143.5
92.1,183.89,143.55
92.11,182.78,143.6
92.13,181.68,143.64
92.14,180.58,143.68
92.16,179.48,143.71
92.17,178.38,143.72
92.19,177.28,143.74
92.21,176.18,143.75
92.22,175.07,143.75
92.24,173.97,143.76
92.26,172.87,143.76
92.28,171.77,143.77
92.3,170.66,143.77
92.32,169.56,143.77
92.34,168.46,143.77
92.35,167.36,143.77
92.37,166.26,143.78
92.39,165.15,143.78
92.41,164.05,143.78
92.43,162.95,143.78
92.45,161.85,143.78
92.47,160.74,143.78
92.48,159.64,143.78
92.5,158.54,143.78
92.52,157.43,143.78
92.54,156.33,143.79
92.56,155.23,143.79
92.57,154.12,143.79
92.59,153.02,143.79
92.61,151.92,143.79
92.63,150.81,143.79
92.64,149.71,143.79
92.66,148.61,143.79
92.68,147.5,143.79
92.69,146.4,143.79
92.71,145.29,143.79
92.73,144.19,143.79
92.74,143.08,143.79
92.76,141.98,143.79
92.77,140.88,143.79
92.79,139.77,143.79
92.81,138.67,143.79
92.82,137.56,143.79
92.84,136.46,143.79
92.85,135.35,143.79
92.86,134.24,143.79
92.88,133.14,143.79
92.89,132.03,143.79
92.91,130.93,143.79
92.92,129.82,143.79
92.93,128.72,143.79
92.95,127.61,143.79
92.96,126.51,143.79
92.97,125.4,143.79
92.98,124.29,143.79
93.0,123.19,143.79
93.01,122.08,143.79
93.02,120.98,143.78
93.03,119.87,143.79
93.04,118.76,143.79
93.05,117.65,143.79
93.06,116.55,143.78
93.07,115.44,143.78
93.08,114.33,143.78
93.09,113.23,143.78
93.1,112.12,143.78
93.11,111.01,143.78
93.12,109.91,143.78
93.13,108.8,143.78
93.13,107.69,143.78
93.14,106.58,143.77
93.15,105.48,143.77
93.16,104.37,143.77
93.16,103.26,143.77
93.17,102.15,143.77
93.18,101.05,143.77
93.18,99.94,143.77
93.19,98.83,143.76
93.19,97.73,143.76
93.2,96.62,143.76
93.2,95.51,143.76
93.21,94.4,143.76
93.21,93.29,143.75
93.21,92.19,143.75
93.22,91.08,143.75
93.22,89.97,143.75
93.22,88.86,143.75
93.23,87.76,143.75
93.23,86.65,143.74
93.23,85.54,143.74
93.23,84.43,143.74
93.23,83.32,143.74
93.24,82.22,143.74
93.24,81.11,143.74
93.23,80.0,143.74
94.72,194.39,35.0
94.72,194.39,36.11
94.72,194.39,37.22
94.72,194.38,38.33
94.72,194.38,39.45
94.72,194.38,40.56
94.72,194.38,41.67
94.72,194.37,42.78
94.71,194.37,43.89
94.71,194.37,45.0
94.71,194.36,46.11
94.71,194.36,47.23
94.71,194.36,48.34
94.7,194.35,49.45
94.7,194.35,50.56
94.7,194.35,51.67
94.69,194.35,52.78
94.69,194.34,53.89
94.69,194.34,55.0
94.68,194.34,56.12
94.68,194.34,57.23
94.67,194.33,58.34
94.67,194.33,59.45
94.66,194.33,60.56
94.66,194.33,61.67
94.65,194.32,62.78
94.65,194.32,63.89
94.64,194.32,65.0
94.63,194.32,66.12
94.63,194.31,67.23
94.62,194.31,68.34
94.61,194.31,69.45
94.61,194.31,70.56
94.6,194.31,71.67
94.59,194.3,72.78
94.59,194.3,73.89
94.58,194.3,75.0
94.57,194.29,76.11
94.56,194.29,77.22
94.55,194.29,78.33
94.55,194.29,79.44
94.54,194.28,80.55
94.53,194.28,81.66
94.52,194.28,82.77
94.51,194.27,83.88
94.5,194.27,84.99
94.49,194.27,86.1
94.48,194.27,87.21
94.47,194.26,88.32
94.46,194.26,89.43
94.45,194.26,90.54
94.44,194.25,91.65
94.43,194.25,92.76
94.42,194.24,93.87
94.41,194.24,94.98
94.4,194.24,96.09
94.39,194.23,97.2
94.38,194.23,98.31
94.36,194.23,99.42
94.35,194.22,100.53
94.34,194.22,101.64
94.33,194.21,102.75
94.32,194.21,103.85
94.31,194.21,104.96
94.29,194.2,106.07
94.28,194.2,107.18
94.27,194.19,108.29
94.26,194.19,109.4
94.24,194.18,110.5
94.23,194.18,111.61
94.22,194.18,112.72
94.21,194.17,113.83
94.2,194.17,114.94
94.18,194.16,116.05
94.17,194.16,117.15
94.16,194.16,118.26
94.15,194.15,119.37
94.14,194.15,120.48
94.13,194.15,121.59
94.11,194.14,122.69
94.1,194.14,123.8
94.09,194.14,124.91
94.08,194.13,126.02
94.07,194.13,127.12
94.06,194.12,128.23
94.05,194.12,129.34
94.04,194.11,130.45
94.03,194.1,131.56
94.02,194.09,132.66
94.01,194.07,133.77
94.0,194.05,134.88
93.99,194.03,135.99
93.99,194.0,137.1
93.98,193.96,138.2
93.98,193.89,139.31
93.99,193.75,140.41
94.01,193.45,141.48
94.05,192.91,142.44
94.04,192.01,143.07
94.02,190.95,143.39
94.01,189.86,143.57
94.01,188.75,143.67
94.02,187.65,143.73
94.03,186.54,143.78
94.03,185.43,143.81
94.04,184.33,143.84
94.05,183.22,143.87
94.07,182.11,143.9
94.08,181.01,143.92
94.09,179.9,143.94
94.11,178.79,143.95
94.12,177.69,143.96
94.13,176.58,143.96
94.15,175.47,143.97
94.16,174.36,143.97
94.17,173.26,143.97
94.19,172.15,143.97
94.2,171.04,143.97
94.22,169.93,143.97
94.23,168.83,143.97
94.25,167.72,143.98
94.26,166.61,143.98
94.28,165.5,143.98
94.29,164.4,143.98
94.3,163.29,143.98
94.32,162.18,143.98
94.33,161.07,143.98
94.35,159.96,143.98
94.36,158.86,143.98
94.37,157.75,143.98
94.39,156.64,143.98
94.4,155.53,143.98
94.42,154.42,143.98
94.43,153.31,143.98
94.44,152.2,143.98
94.46,151.1,143.98
94.47,149.99,143.98
94.48,148.88,143.98
94.49,147.77,143.98
94.51,146.66,143.98
94.52,145.55,143.98
94.53,144.44,143.98
94.55,143.33,143.98
94.56,142.22,143.98
94.57,141.11,143.98
94.58,140.0,143.98
94.59,138.89,143.98
94.6,137.78,143.98
94.62,136.67,143.98
94.63,135.56,143.98
94.64,134.45,143.98
94.65,133.34,143.98
94.66,132.23,143.97
94.67,131.12,143.97
94.68,130.01,143.97
94.69,128.9,143.97
94.7,127.79,143.97
94.71,126.68,143.97
94.72,125.57,143.97
94.73,124.46,143.97
94.74,123.35,143.97
94.75,122.24,143.97
94.76,121.13,143.97
94.77,120.02,143.97
94.77,118.91,143.97
94.78,117.8,143.97
94.79,116.69,143.97
94.8,115.57,143.97
94.81,114.46,143.97
94.81,113.35,143.96
94.82,112.24,143.96
94.83,111.13,143.96
94.83,110.02,143.96
94.84,108.91,143.96
94.85,107.8,143.96
94.85,106.68,143.96
94.86,105.57,143.95
94.86,104.46,143.95
94.87,103.35,143.95
94.87,102.24,143.95
94.88,101.13,143.95
94.88,100.01,143.94
94.89,98.9,143.94
94.89,97.79,143.94
94.89,96.68,143.94
94.9,95.57,143.94
94.9,94.45,143.93
94.9,93.34,143.93
94.91,92.23,143.93
94.91,91.12,143.93
94.91,90.01,143.92
94.91,88.9,143.92
94.92,87.78,143.92
94.92,86.67,143.92
94.92,85.56,143.91
94.92,84.45,143.91
94.92,83.34,143.91
94.92,82.22,143.91
94.92,81.11,143.91
94.92,80.0,143.91
96.48,194.49,35.0
96.48,194.49,36.11
96.47,194.49,37.23
96.47,194.49,38.34
96.47,194.49,39.46
96.47,194.48,40.57
96.47,194.48,41.68
96.47,194.48,42.8
96.47,194.47,43.91
96.47,194.47,45.03
96.47,194.47,46.14
96.47,194.47,47.25
96.47,194.46,48.37
96.46,194.46,49.48
96.46,194.46,50.6
96.46,194.46,51.71
96.46,194.45,52.83
96.45,194.45,53.94
96.45,194.45,55.05
96.45,194.45,56.17
96.45,194.45,57.28
96.44,194.44,58.39
96.44,194.44,59.51
96.44,194.44,60.62
96.43,194.44,61.74
96.43,194.44,62.85
96.42,194.43,63.96
96.42,194.43,65.08
96.42,194.43,66.19
96.41,194.43,67.31
96.41,194.43,68.42
96.4,194.42,69.53
96.4,194.42,70.65
96.39,194.42,71.76
96.39,194.42,72.88
96.38,194.41,73.99
96.38,194.41,75.1
96.37,194.41,76.22
96.37,194.41,77.33
96.36,194.41,78.44
96.36,194.4,79.56
96.35,194.4,80.67
96.35,194.4,81.78
96.34,194.4,82.9
96.33,194.4,84.01
96.33,194.39,85.12
96.32,194.39,86.24
96.31,194.39,87.35
96.31,194.39,88.47
96.3,194.38,89.58
96.29,194.38,90.69
96.29,194.38,91.81
96.28,194.37,92.92
96.27,194.37,94.03
96.26,194.37,95.14
96.26,194.37,96.26
96.25,194.37,97.37
96.24,194.36,98.49
96.23,194.36,99.6
96.23,194.36,100.71
96.22,194.35,101.83
96.21,194.35,102.94
96.2,194.35,104.05
96.19,194.34,105.16
96.19,194.34,106.28
96.18,194.34,107.39
96.17,194.34,108.5
96.16,194.33,109.62
96.15,194.33,110.73
96.15,194.33,111.84
96.14,194.32,112.96
96.13,194.32,114.07
96.12,194.32,115.18
96.11,194.31,116.29
96.1,194.31,117.41
96.09,194.31,118.52
96.09,194.31,119.63
96.08,194.3,120.74
96.07,194.3,121.86
96.06,194.3,122.97
96.05,194.3,124.08
96.05,194.29,125.19
96.04,194.29,126.31
96.03,194.29,127.42
96.02,194.28,128.53
96.02,194.28,129.65
96.01,194.28,130.76
96.0,194.27,131.87
95.99,194.26,132.98
95.99,194.25,134.1
95.98,194.24,135.21
95.98,194.22,136.32
95.97,194.2,137.44
95.97,194.18,138.55
95.96,194.14,139.66
95.97,194.03,140.77
95.98,193.79,141.85
96.0,193.31,142.84
95.99,192.4,143.45
95.98,191.33,143.72
95.98,190.23,143.85
95.98,189.11,143.92
95.99,188.0,143.95
95.99,186.89,143.97
96.0,185.78,143.98
96.01,184.67,143.99
96.02,183.55,144.01
96.03,182.44,144.04
96.03,181.33,144.05
96.04,180.22,144.06
96.05,179.11,144.06
96.06,177.99,144.07
96.07,176.88,144.07
96.08,175.77,144.07
96.09,174.65,144.07
96.1,173.54,144.07
96.11,172.43,144.07
96.12,171.32,144.07
96.13,170.21,144.07
96.14,169.09,144.06
96.15,167.98,144.06
96.16,166.87,144.06
96.17,165.75,144.06
96.18,164.64,144.06
96.19,163.53,144.06
96.2,162.42,144.06
96.21,161.3,144.06
96.22,160.19,144.06
96.23,159.08,144.06
96.24,157.96,144.06
96.25,156.85,144.05
96.26,155.74,144.05
96.27,154.62,144.05
96.28,153.51,144.05
96.29,152.4,144.05
96.3,151.29,144.05
96.3,150.17,144.05
96.31,149.06,144.05
96.32,147.95,144.05
96.33,146.83,144.05
96.34,145.72,144.04
96.35,144.61,144.04
96.36,143.49,144.04
96.36,142.38,144.04
96.37,141.27,144.04
96.38,140.15,144.04
96.39,139.04,144.03
96.4,137.93,144.03
96.4,136.81,144.03
96.41,135.7,144.03
96.42,134.59,144.03
96.43,133.47,144.03
96.43,132.36,144.02
96.44,131.25,144.02
96.45,130.13,144.02
96.46,129.02,144.02
96.46,127.9,144.02
96.47,126.79,144.02
96.48,125.68,144.02
96.48,124.56,144.01
96.49,123.45,144.01
96.49,122.34,144.01
96.5,121.22,144.01
96.51,120.11,144.01
96.51,118.99,144.01
96.52,117.88,144.01
96.52,116.77,144.0
96.53,115.65,144.0
96.53,114.54,144.0
96.54,113.42,144.0
96.54,112.31,144.0
96.55,111.2,144.0
96.55,110.08,143.99
96.55,108.97,143.99
96.56,107.85,143.99
96.56,106.74,143.99
96.57,105.63,143.99
96.57,104.51,143.98
96.57,103.4,143.98
96.58,102.28,143.98
96.58,101.17,143.98
96.58,100.06,143.97
96.59,98.94,143.97
96.59,97.83,143.97
96.59,96.71,143.97
96.59,95.6,143.96
96.6,94.48,143.96
96.6,93.37,143.96
96.6,92.26,143.96
96.6,91.14,143.95
96.6,90.03,143.95
96.61,88.91,143.95
96.61,87.8,143.95
96.61,86.69,143.94
96.61,85.57,143.94
96.61,84.46,143.94
96.61,83.34,143.94
96.61,82.23,143.93
96.61,81.11,143.93
96.61,80.0,143.93
98.24,194.58,35.0
98.24,194.58,36.12
98.24,194.58,37.23
98.24,194.58,38.35
98.24,194.58,39.47
98.24,194.57,40.58
98.24,194.57,41.7
98.24,194.57,42.82
98.24,194.56,43.93
98.23,194.56,45.05
98.23,194.56,46.16
98.23,194.56,47.28
98.23,194.55,48.4
98.23,194.55,49.51
98.23,194.55,50.63
98.23,194.55,51.75
98.23,194.54,52.86
98.23,194.54,53.98
98.23,194.54,55.09
98.22,194.54,56.21
98.22,194.54,57.33
98.22,194.53,58.44
98.22,194.53,59.56
98.22,194.53,60.68
98.22,194.53,61.79
98.21,194.53,62.91
98.21,194.53,64.02
98.21,194.52,65.14
98.21,194.52,66.26
98.21,194.52,67.37
98.2,194.52,68.49
98.2,194.52,69.61
98.2,194.51,70.72
98.2,194.51,71.84
98.19,194.51,72.95
98.19,194.51,74.07
98.19,194.5,75.19
98.19,194.5,76.3
98.18,194.5,77.42
98.18,194.5,78.53
98.18,194.5,79.65
98.18,194.49,80.77
98.17,194.49,81.88
98.17,194.49,83.0
98.17,194.49,84.11
98.16,194.49,85.23
98.16,194.48,86.35
98.16,194.48,87.46
98.15,194.48,88.58
98.15,194.48,89.7
98.15,194.48,90.81
98.14,194.47,91.93
98.14,194.47,93.04
98.14,194.47,94.16
98.13,194.47,95.27
98.13,194.46,96.39
98.12,194.46,97.51
98.12,194.46,98.62
98.12,194.46,99.74
98.11,194.46,100.86
98.11,194.45,101.97
98.11,194.45,103.09
98.1,194.45,104.2
98.1,194.45,105.32
98.09,194.45,106.43
98.09,194.44,107.55
98.08,194.44,108.67
98.08,194.44,109.78
98.08,194.44,110.9
98.07,194.43,112.01
98.07,194.43,113.13
98.06,194.43,114.24
98.06,194.43,115.36
98.06,194.42,116.48
98.05,194.42,117.59
98.05,194.42,118.71
98.04,194.42,119.82
98.04,194.42,120.94
98.04,194.41,122.05
98.03,194.41,123.17
98.03,194.41,124.29
98.02,194.41,125.4
98.02,194.4,126.52
98.02,194.4,127.63
98.01,194.4,128.75
98.01,194.39,129.86
98.0,194.39,130.98
98.0,194.39,132.1
98.0,194.38,133.21
97.99,194.37,134.33
97.99,194.36,135.44
97.99,194.36,136.56
97.99,194.34,137.67
97.98,194.32,138.79
97.98,194.3,139.9
97.98,194.22,141.02
97.99,194.06,142.11
98.0,193.61,143.13
97.99,192.69,143.69
97.99,191.59,143.87
97.99,190.48,143.95
97.99,189.37,143.99
97.99,188.25,144.01
98.0,187.14,144.02
98.0,186.02,144.02
98.0,184.91,144.03
98.01,183.79,144.05
98.01,182.68,144.06
98.02,181.56,144.07
98.02,180.45,144.08
98.03,179.33,144.08
98.03,178.21,144.08
98.04,177.1,144.08
98.04,175.98,144.08
98.05,174.87,144.08
98.05,173.75,144.08
98.06,172.64,144.08
98.06,171.52,144.08
98.07,170.41,144.08
98.07,169.29,144.08
98.08,168.17,144.08
98.08,167.06,144.08
98.09,165.94,144.08
98.09,164.83,144.08
98.1,163.71,144.07
98.1,162.6,144.07
98.11,161.48,144.07
98.11,160.37,144.07
98.12,159.25,144.07
98.12,158.13,144.07
98.12,157.02,144.07
98.13,155.9,144.07
98.13,154.79,144.07
98.14,153.67,144.07
98.14,152.55,144.06
98.15,151.44,144.06
98.15,150.32,144.06
98.16,149.21,144.06
98.16,148.09,144.06
98.17,146.97,144.06
98.17,145.86,144.06
98.17,144.74,144.06
98.18,143.63,144.06
98.18,142.51,144.05
98.19,141.4,144.05
98.19,140.28,144.05
98.19,139.16,144.05
98.2,138.05,144.05
98.2,136.93,144.05
98.21,135.81,144.05
98.21,134.7,144.05
98.21,133.58,144.04
98.22,132.47,144.04
98.22,131.35,144.04
98.22,130.23,144.04
98.23,129.12,144.04
98.23,128.0,144.03
98.23,126.89,144.03
98.24,125.77,144.03
98.24,124.65,144.03
98.24,123.54,144.03
98.25,122.42,144.03
98.25,121.31,144.03
98.25,120.19,144.02
98.26,119.07,144.02
98.26,117.96,144.02
98.26,116.84,144.02
98.26,115.72,144.02
98.27,114.61,144.02
98.27,113.49,144.02
98.27,112.37,144.01
98.27,111.26,144.01
98.28,110.14,144.01
98.28,109.03,144.01
98.28,107.91,144.01
98.28,106.79,144.0
98.28,105.68,144.0
98.29,104.56,144.0
98.29,103.44,144.0
98.29,102.33,144.0
98.29,101.21,144.0
98.29,100.1,143.99
98.29,98.98,143.99
98.29,97.86,143.99
98.3,96.75,143.98
98.3,95.63,143.98
98.3,94.51,143.98
98.3,93.4,143.98
98.3,92.28,143.97
98.3,91.16,143.97
98.3,90.05,143.97
98.3,88.93,143.97
98.3,87.82,143.97
98.3,86.7,143.96
98.3,85.58,143.96
98.3,84.47,143.96
98.31,83.35,143.95
98.31,82.23,143.95
98.31,81.12,143.95
98.31,80.0,143.95
100.0,194.67,35.0
100.0,194.67,36.12
100.0,194.67,37.24
100.0,194.67,38.36
100.0,194.66,39.47
100.0,194.66,40.59
100.0,194.66,41.71
100.0,194.66,42.83
100.0,194.65,43.95
100.0,194.65,45.07
100.0,194.65,46.19
100.0,194.65,47.3
100.0,194.65,48.42
100.0,194.64,49.54
100.0,194.64,50.66
100.0,194.64,51.78
100.0,194.63,52.9
100.0,194.63,54.02
100.0,194.63,55.13
100.0,194.63,56.25
100.0,194.62,57.37
100.0,194.62,58.49
100.0,194.62,59.61
100.0,194.62,60.73
100.0,194.62,61.85
100.0,194.62,62.97
100.0,194.62,64.08
100.0,194.61,65.2
100.0,194.61,66.32
100.0,194.61,67.44
100.0,194.61,68.56
100.0,194.61,69.68
100.0,194.61,70.8
100.0,194.6,71.91
100.0,194.6,73.03
100.0,194.6,74.15
100.0,194.6,75.27
100.0,194.59,76.39
100.0,194.59,77.51
100.0,194.59,78.63
100.0,194.59,79.74
100.0,194.59,80.86
100.0,194.59,81.98
100.0,194.58,83.1
100.0,194.58,84.22
100.0,194.58,85.34
100.0,194.58,86.46
100.0,194.58,87.57
100.0,194.57,88.69
100.0,194.57,89.81
100.0,194.57,90.93
100.0,194.57,92.05
100.0,194.57,93.17
100.0,194.56,94.29
100.0,194.56,95.4
100.0,194.56,96.52
100.0,194.56,97.64
100.0,194.56,98.76
100.0,194.56,99.88
100.0,194.56,101.0
100.0,194.55,102.12
100.0,194.55,103.23
100.0,194.55,104.35
100.0,194.55,105.47
100.0,194.55,106.59
100.0,194.55,107.71
100.0,194.55,108.83
100.0,194.54,109.95
100.0,194.54,111.06
100.0,194.54,112.18
100.0,194.54,113.3
100.0,194.54,114.42
100.0,194.54,115.54
100.0,194.53,116.66
100.0,194.53,117.78
100.0,194.53,118.9
100.0,194.53,120.01
100.0,194.53,121.13
100.0,194.53,122.25
100.0,194.52,123.37
100.0,194.52,124.49
100.0,194.52,125.61
100.0,194.52,126.73
100.0,194.51,127.84
100.0,194.51,128.96
100.0,194.51,130.08
100.0,194.51,131.2
100.0,194.5,132.32
100.0,194.5,133.44
100.0,194.5,134.56
100.0,194.49,135.67
100.0,194.49,136.79
100.0,194.48,137.91
100.0,194.47,139.03
100.0,194.45,140.15
100.0,194.42,141.27
100.0,194.32,142.38
100.0,193.92,143.41
100.0,192.97,143.93
100.0,191.86,144.02
100.0,190.74,144.05
100.0,189.62,144.06
100.0,188.5,144.07
100.0,187.39,144.06
100.0,186.27,144.06
100.0,185.15,144.07
100.0,184.03,144.08
100.0,182.91,144.09
100.0,181.79,144.09
100.0,180.67,144.09
100.0,179.56,144.09
100.0,178.44,144.1
100.0,177.32,144.1
100.0,176.2,144.09
100.0,175.08,144.09
100.0,173.96,144.1
100.0,172.85,144.1
100.0,171.73,144.09
100.0,170.61,144.09
100.0,169.49,144.09
100.0,168.37,144.09
100.0,167.25,144.09
100.0,166.13,144.09
100.0,165.01,144.09
100.0,163.9,144.09
100.0,162.78,144.09
100.0,161.66,144.09
100.0,160.54,144.09
100.0,159.42,144.09
100.0,158.3,144.08
100.0,157.18,144.08
100.0,156.06,144.08
100.0,154.95,144.08
100.0,153.83,144.08
100.0,152.71,144.08
100.0,151.59,144.08
100.0,150.47,144.08
100.0,149.35,144.08
100.0,148.23,144.08
100.0,147.12,144.07
100.0,146.0,144.07
100.0,144.88,144.07
100.0,143.76,144.07
100.0,142.64,144.07
100.0,141.52,144.07
100.0,140.4,144.07
100.0,139.29,144.07
100.0,138.17,144.07
100.0,137.05,144.06
100.0,135.93,144.06
100.0,134.81,144.06
100.0,133.69,144.06
100.0,132.57,144.06
100.0,131.46,144.06
100.0,130.34,144.05
100.0,129.22,144.05
100.0,128.1,144.05
100.0,126.98,144.05
100.0,125.86,144.05
100.0,124.74,144.05
100.0,123.63,144.05
100.0,122.51,144.05
100.0,121.39,144.04
100.0,120.27,144.04
100.0,119.15,144.04
100.0,118.03,144.04
100.0,116.91,144.04
100.0,115.8,144.04
100.0,114.68,144.04
100.0,113.56,144.03
100.0,112.44,144.03
100.0,111.32,144.03
100.0,110.2,144.03
100.0,109.08,144.03
100.0,107.96,144.02
100.0,106.85,144.02
100.0,105.73,144.02
100.0,104.61,144.02
100.0,103.49,144.02
100.0,102.37,144.02
100.0,101.25,144.01
100.0,100.13,144.01
100.0,99.02,144.01
100.0,97.9,144.0
100.0,96.78,144.0
100.0,95.66,144.0
100.0,94.54,144.0
100.0,93.42,144.0
100.0,92.3,143.99
100.0,91.19,143.99
100.0,90.07,143.99
100.0,88.95,143.99
100.0,87.83,143.99
100.0,86.71,143.98
100.0,85.59,143.98
100.0,84.47,143.98
100.0,83.36,143.97
100.0,82.24,143.97
100.0,81.12,143.97
100.0,80.0,143.97
