zone,x/Dj,y/Dj,u/Uj,v/Uj,u'v'/Uj^2,k/Uj^2
x/Dj=2,2.0,0.001276876777,0.9979929924,3.907652513e-08,6.162190441e-14,6.968425281e-10
x/Dj=2,2.0,0.003942391835,0.9979928732,1.134500849e-07,1.186344266e-14,6.968134403e-10
x/Dj=2,2.0,0.006839782,0.9979929328,1.870746615e-07,-1.726975225e-13,6.967563193e-10
x/Dj=2,2.0,0.009986088611,0.9979937673,1.815947428e-07,-3.554421839e-13,6.967035837e-10
x/Dj=2,2.0,0.01339897607,0.9979948401,2.088270605e-07,-2.346131373e-13,6.966542898e-10
x/Dj=2,2.0,0.01709663123,0.9979951978,2.349848813e-07,9.863399838e-14,6.965975574e-10
x/Dj=2,2.0,0.02109762281,0.9979942441,2.556405434e-07,2.580649453e-13,6.965208965e-10
x/Dj=2,2.0,0.0254207328,0.9979934096,3.07143182e-07,1.254449527e-14,6.964150367e-10
x/Dj=2,2.0,0.0300847441,0.9979941249,3.877078996e-07,-8.278696739e-14,6.962741494e-10
x/Dj=2,2.0,0.03510820121,0.9979940653,3.905938968e-07,6.731805868e-14,6.960944043e-10
x/Dj=2,2.0,0.04050911963,0.9979935884,4.503634159e-07,-9.538176286e-15,6.958706389e-10
x/Dj=2,2.0,0.04630465806,0.9979941845,5.666584002e-07,-1.750019265e-13,6.955949705e-10
x/Dj=2,2.0,0.05251073092,0.9979952574,5.298920769e-07,-8.725484595e-15,6.952604603e-10
x/Dj=2,2.0,0.05914162099,0.9979944229,6.003198791e-07,-4.001303344e-14,6.948595033e-10
x/Dj=2,2.0,0.06620952487,0.9979956746,6.169891549e-07,-2.636997608e-13,6.94382829e-10
x/Dj=2,2.0,0.07372406125,0.9979975224,7.02179932e-07,-2.454441002e-13,6.938208341e-10
x/Dj=2,2.0,0.0816918239,0.9979988933,7.581351724e-07,-1.864521856e-13,6.9316336e-10
x/Dj=2,2.0,0.0901158601,0.9980000257,8.420280437e-07,-1.548063435e-13,6.923998597e-10
x/Dj=2,2.0,0.09899522364,0.998001039,9.723706853e-07,-1.2095312e-13,6.915192308e-10
x/Dj=2,2.0,0.1083244979,0.9980018735,1.09806092e-06,-1.391608183e-13,6.905105376e-10
x/Dj=2,2.0,0.118093431,0.9980033636,1.209316451e-06,-2.164666829e-13,6.893629556e-10
x/Dj=2,2.0,0.128286615,0.9980054498,1.300218855e-06,-1.447646934e-13,6.880662151e-10
x/Dj=2,2.0,0.1388832778,0.998005867,1.401418217e-06,-2.568604034e-14,6.866068825e-10
x/Dj=2,2.0,0.1498571634,0.9980060458,1.500818485e-06,-2.160358887e-14,6.849732448e-10
x/Dj=2,2.0,0.1611765772,0.9980063438,1.654967491e-06,-4.041025462e-14,6.831633592e-10
x/Dj=2,2.0,0.1728046238,0.9980068803,1.814472739e-06,-8.517998454e-14,6.811728404e-10
x/Dj=2,2.0,0.184699446,0.9980080128,1.987322548e-06,-1.065954847e-13,6.789975249e-10
x/Dj=2,2.0,0.1968148351,0.9980090857,2.137130195e-06,-7.224919312e-14,6.766364691e-10
x/Dj=2,2.0,0.2091008127,0.9980094433,2.304695954e-06,-2.073850904e-14,6.740900615e-10
x/Dj=2,2.0,0.2215044498,0.9980097413,2.437084504e-06,-8.676684317e-14,6.713621326e-10
x/Dj=2,2.0,0.2339707166,0.998011291,2.599501613e-06,-1.338372772e-13,6.684480192e-10
x/Dj=2,2.0,0.2464434803,0.9980123639,2.752147566e-06,-5.689973639e-14,6.653618767e-10
x/Dj=2,2.0,0.2588665485,0.9980124831,2.912313676e-06,4.245710974e-14,6.621267423e-10
x/Dj=2,2.0,0.2711845934,0.9980117083,3.084244781e-06,1.308614133e-13,6.58757715e-10
x/Dj=2,2.0,0.283344239,0.9980100393,3.253229579e-06,2.053407222e-13,6.552722254e-10
x/Dj=2,2.0,0.2952948213,0.9980077147,3.374661674e-06,2.768754735e-13,6.516784889e-10
x/Dj=2,2.0,0.3069894016,0.9980048537,3.530360345e-06,2.752692009e-13,6.479987658e-10
x/Dj=2,2.0,0.3183852434,0.9980026484,3.704955361e-06,2.173661099e-13,6.442640865e-10
x/Dj=2,2.0,0.3294444382,0.9980009198,3.799536898e-06,2.571163226e-13,6.404896058e-10
x/Dj=2,2.0,0.3401342928,0.99799788,3.811606803e-06,4.016248597e-13,6.366791538e-10
x/Dj=2,2.0,0.3504275084,0.9979939461,3.929052582e-06,4.992492422e-13,6.328891855e-10
x/Dj=2,2.0,0.3603022993,0.997989893,3.96886162e-06,4.531196111e-13,6.291475674e-10
x/Dj=2,2.0,0.3697421551,0.9979866743,3.975984328e-06,4.742661342e-13,6.924517071e-10
x/Dj=2,2.0,0.3787358701,0.9979833364,4.001390607e-06,3.761218836e-10,6.356766846e-08
x/Dj=2,2.0,0.3872771859,0.9977222681,2.034702629e-05,7.310899491e-06,5.830958617e-05
x/Dj=2,2.0,0.3953642249,0.993258357,0.000288778625,0.0001746119378,0.0008171500522
x/Dj=2,2.0,0.4029993415,0.9756929278,0.001227803994,0.0009972203989,0.003145388095
x/Dj=2,2.0,0.4101884663,0.9504747987,0.002469779458,0.002177416813,0.006135363132
x/Dj=2,2.0,0.4169406593,0.924161911,0.003645886434,0.003280599602,0.009045193903
x/Dj=2,2.0,0.4232676029,0.8989344835,0.004677383695,0.004251467064,0.01166925672
x/Dj=2,2.0,0.4291831851,0.8752805591,0.005547568668,0.005082577467,0.01395267714
x/Dj=2,2.0,0.434703052,0.8532491326,0.006284790579,0.005798635539,0.01594047248
x/Dj=2,2.0,0.4398440719,0.8329551816,0.00689786626,0.006406292785,0.01764324494
x/Dj=2,2.0,0.444624126,0.8142198324,0.007407316472,0.006923235953,0.01910422929
x/Dj=2,2.0,0.4490616322,0.7970123291,0.007831499912,0.007364117075,0.02035936154
x/Dj=2,2.0,0.4531752765,0.7812197804,0.008178259246,0.007736216765,0.02142718807
x/Dj=2,2.0,0.4569838345,0.7667390704,0.008466238156,0.008054393344,0.0223468896
x/Dj=2,2.0,0.4605059028,0.7534614205,0.008700697683,0.008323950693,0.02313163318
x/Dj=2,2.0,0.4637596905,0.7413351536,0.008892486803,0.008553307503,0.0238043759
x/Dj=2,2.0,0.4667629004,0.7302033901,0.009050295688,0.00875020586,0.02438620105
x/Dj=2,2.0,0.4695326686,0.7200228572,0.009176954627,0.008917186409,0.02488360181
x/Dj=2,2.0,0.4720854759,0.7107189894,0.009279251099,0.009060089476,0.0253120549
x/Dj=2,2.0,0.4744368792,0.7022114992,0.009361643344,0.009182673879,0.02568228543
x/Dj=2,2.0,0.4766018391,0.6944254041,0.009427673183,0.009287947789,0.026002964
x/Dj=2,2.0,0.4785944223,0.6872986555,0.009480199777,0.009378630668,0.02628127672
x/Dj=2,2.0,0.4804278612,0.6807737947,0.009521666914,0.009456989355,0.02652350627
x/Dj=2,2.0,0.4821145535,0.6748101115,0.00955417566,0.009524733759,0.02673463896
x/Dj=2,2.0,0.4836661816,0.6693570018,0.009578938596,0.009583162144,0.0269182492
x/Dj=2,2.0,0.4850935936,0.6643586159,0.009597168304,0.009633611888,0.02707806788
x/Dj=2,2.0,0.4864068031,0.6597589254,0.009611208923,0.009678156115,0.02722007036
x/Dj=2,2.0,0.4876152575,0.6555663943,0.009621541016,0.009717026725,0.02734480612
x/Dj=2,2.0,0.4887275994,0.6517118216,0.00962785352,0.009750413708,0.02745331265
x/Dj=2,2.0,0.4897518754,0.6481680274,0.00963293761,0.009780592285,0.02755167708
x/Dj=2,2.0,0.4906954467,0.6449254751,0.009634618647,0.009806184098,0.02763609216
x/Dj=2,2.0,0.4915651679,0.6419321895,0.009636173025,0.00982982479,0.02771404199
x/Dj=2,2.0,0.4923673868,0.6391851306,0.009634698741,0.009849725291,0.02778064646
x/Dj=2,2.0,0.4931077659,0.6366626024,0.00963332504,0.00986798387,0.02784173191
x/Dj=2,2.0,0.4937916696,0.6343160272,0.009630894288,0.009884158149,0.02789648809
x/Dj=2,2.0,0.4944239855,0.6321747899,0.009627716616,0.009898195043,0.02794456482
x/Dj=2,2.0,0.4950091243,0.6301883459,0.00962476898,0.00991122704,0.02798919007
x/Dj=2,2.0,0.4955511689,0.6283388734,0.009621162899,0.009922791272,0.02802914195
x/Dj=2,2.0,0.4960539043,0.6266418099,0.009617118165,0.00993285235,0.02806434222
x/Dj=2,2.0,0.4965206981,0.6250738502,0.009613375179,0.009942120872,0.02809682675
x/Dj=2,2.0,0.4969546497,0.6236009598,0.009609870613,0.009950879961,0.02812741324
x/Dj=2,2.0,0.49735865,0.6222313643,0.009605729952,0.009958461858,0.02815429121
x/Dj=2,2.0,0.4977352619,0.6209649444,0.009601523168,0.009965213947,0.02817843296
x/Dj=2,2.0,0.4980868697,0.6197903752,0.009597627446,0.009971464984,0.0282007847
x/Dj=2,2.0,0.4984156191,0.618691802,0.009593982249,0.009977312759,0.02822169289
x/Dj=2,2.0,0.4987234771,0.617650032,0.009590518661,0.00998287648,0.02824158035
x/Dj=2,2.0,0.4990122318,0.6166753769,0.009586864151,0.009987798519,0.02825942636
x/Dj=2,2.0,0.4992835522,0.6157622933,0.009583006613,0.009992116131,0.02827535011
x/Dj=2,2.0,0.4995388389,0.6149117947,0.009579411708,0.009996122681,0.02829014324
x/Dj=2,2.0,0.4997795224,0.6141121984,0.009576030076,0.009999885224,0.02830404043
x/Dj=2,2.0,0.5000067353,0.6133573651,0.009572838433,0.01000343729,0.0283171609
x/Dj=2,2.0,0.5002217293,0.6126414537,0.009569811635,0.01000680868,0.02832961082
x/Dj=2,2.0,0.5004253983,0.6119560003,0.009566916153,0.01001004968,0.02834156342
x/Dj=2,2.0,0.5006232858,0.611289978,0.009564103559,0.01001319848,0.02835317701
x/Dj=2,2.0,0.5008255243,0.6106126904,0.009560707957,0.01001604553,0.02836402133
x/Dj=2,2.0,0.5010375381,0.6099030375,0.009557077661,0.01001898013,0.02837524749
x/Dj=2,2.0,0.5012603998,0.6091638803,0.009553297423,0.0100220181,0.02838691324
x/Dj=2,2.0,0.5014950633,0.6083885431,0.009549333714,0.01002519578,0.02839913405
x/Dj=2,2.0,0.501742661,0.607570529,0.009545151144,0.01002854854,0.02841202915
x/Dj=2,2.0,0.5020044446,0.6067028046,0.009540713392,0.01003211364,0.02842571959
x/Dj=2,2.0,0.5022817254,0.6057747006,0.00953596551,0.01003595069,0.02844040282
x/Dj=2,2.0,0.5025758743,0.6047934294,0.00953041669,0.01003966015,0.02845498361
x/Dj=2,2.0,0.5028883219,0.6037549973,0.009524184279,0.01004334539,0.02846975997
x/Dj=2,2.0,0.5032205582,0.6026632786,0.009517637081,0.01004719827,0.02848524414
x/Dj=2,2.0,0.5035742521,0.6015011072,0.009510666132,0.01005130075,0.02850172669
x/Dj=2,2.0,0.5039510727,0.6002509594,0.009503164329,0.01005573291,0.0285195075
x/Dj=2,2.0,0.5043527484,0.5989179015,0.00949451793,0.01006005891,0.02853732184
x/Dj=2,2.0,0.5047810078,0.5975088477,0.00948484987,0.01006427221,0.02855516225
x/Dj=2,2.0,0.5052376986,0.5960162282,0.009474608116,0.01006870903,0.02857401595
x/Dj=2,2.0,0.5057281852,0.5943986773,0.009463509545,0.01007355563,0.02859451063
x/Dj=2,2.0,0.5062550306,0.5926616788,0.009450383484,0.01007799245,0.02861444652
x/Dj=2,2.0,0.5068169832,0.5908339024,0.009436241351,0.01008237898,0.02863476425
x/Dj=2,2.0,0.5074157119,0.5888732672,0.009421073832,0.010087125,0.02865661308
x/Dj=2,2.0,0.5080527067,0.5867885947,0.009403490461,0.01009124983,0.0286773257
x/Dj=2,2.0,0.5087293386,0.584600687,0.009384738281,0.01009540819,0.02869840898
x/Dj=2,2.0,0.5094466209,0.5822564363,0.009363943711,0.0100994017,0.02871991508
x/Dj=2,2.0,0.5102052689,0.5798085332,0.009340940043,0.01010266412,0.02873996273
x/Dj=2,2.0,0.5110058188,0.5772113204,0.009316106327,0.01010592282,0.02876056544
x/Dj=2,2.0,0.5118480921,0.5745047927,0.009288459085,0.0101080481,0.02877882496
x/Dj=2,2.0,0.5127317905,0.5716534257,0.009258717299,0.01010999922,0.02879706584
x/Dj=2,2.0,0.5136559606,0.5687036514,0.009226196446,0.01011105906,0.02881275862
x/Dj=2,2.0,0.514619112,0.56561023,0.009190822951,0.01011134312,0.02882719599
x/Dj=2,2.0,0.5156190991,0.562433362,0.009153179824,0.01011073682,0.02883964218
x/Dj=2,2.0,0.5166534781,0.5591481924,0.009112033993,0.0101087084,0.02884875797
x/Dj=2,2.0,0.5177191496,0.5557670593,0.009068487212,0.01010592934,0.02885610238
x/Dj=2,2.0,0.5188294649,0.552275002,0.009021518752,0.01010199171,0.02886015549
x/Dj=2,2.0,0.5200125575,0.5485574007,0.008969106711,0.01009611413,0.02886045165
x/Dj=2,2.0,0.5212849379,0.5445673466,0.008910730481,0.01008849312,0.02885722741
x/Dj=2,2.0,0.5226536393,0.5402992368,0.00884563569,0.01007878687,0.02884930559
x/Dj=2,2.0,0.5241265297,0.5357323885,0.008772797883,0.01006670389,0.02883549035
x/Dj=2,2.0,0.5257119536,0.5308394432,0.008690967225,0.01005121786,0.02881448157
x/Dj=2,2.0,0.5274189711,0.5255981684,0.008599007502,0.010031946,0.02878487483
x/Dj=2,2.0,0.5292574167,0.5199851394,0.008495725691,0.01000846736,0.02874517255
x/Dj=2,2.0,0.531237781,0.5139874816,0.00838011317,0.009980345145,0.02869383618
x/Dj=2,2.0,0.5333715081,0.507566452,0.008250257932,0.009946919978,0.02862908319
x/Dj=2,2.0,0.5356709361,0.5006797314,0.008103304543,0.009905461222,0.02854681015
x/Dj=2,2.0,0.5381493568,0.4933390021,0.007938211784,0.009859028272,0.02844719961
x/Dj=2,2.0,0.5408211946,0.4854754806,0.007752520498,0.009803189896,0.028325703
x/Dj=2,2.0,0.5437020063,0.477091223,0.007542610634,0.009737271816,0.02817752771
x/Dj=2,2.0,0.5468085408,0.4681238532,0.007306271698,0.009660317563,0.02800099738
x/Dj=2,2.0,0.5501589775,0.4585811794,0.007040309254,0.009570670314,0.02779092081
x/Dj=2,2.0,0.5537729263,0.4483945072,0.006739667151,0.009466427378,0.02754181623
x/Dj=2,2.0,0.5576715469,0.4375409186,0.006400961429,0.009346093982,0.02724944614
x/Dj=2,2.0,0.5618778467,0.4260037541,0.0060198633,0.009207766503,0.02690813877
x/Dj=2,2.0,0.5664163828,0.4137470722,0.005590666085,0.009049068205,0.02651113085
x/Dj=2,2.0,0.5713140368,0.4007379115,0.005107290577,0.008866765536,0.02605010569
x/Dj=2,2.0,0.5765995979,0.3869509995,0.004563748371,0.008660199121,0.02552040108
x/Dj=2,2.0,0.5823043585,0.3723620772,0.003953115083,0.008426307701,0.02491359599
x/Dj=2,2.0,0.5884619951,0.3569508195,0.00326833548,0.00816255901,0.02422203496
x/Dj=2,2.0,0.5951089859,0.3407057524,0.002501117997,0.007866637781,0.02343758009
x/Dj=2,2.0,0.6022846699,0.3236211836,0.001643004362,0.007536233868,0.02255248465
x/Dj=2,2.0,0.610031724,0.305688113,0.0006853540544,0.007169428281,0.02155969664
x/Dj=2,2.0,0.618396163,0.2868974209,-0.0003817035467,0.006764440332,0.02045190334
x/Dj=2,2.0,0.6274276972,0.267272532,-0.001566147199,0.006320601329,0.01922484301
x/Dj=2,2.0,0.6371801496,0.2468634844,-0.00287305587,0.005838472396,0.01787789166
x/Dj=2,2.0,0.6477115154,0.2257736772,-0.004315063823,0.005318291485,0.01640688442
x/Dj=2,2.0,0.6590847373,0.2039531618,-0.005900771357,0.004760875832,0.01481192466
x/Dj=2,2.0,0.6713677049,0.1815481484,-0.007625481579,0.004171499051,0.01310559642
x/Dj=2,2.0,0.6846337318,0.1587993801,-0.009495899081,0.003556529991,0.01129981875
x/Dj=2,2.0,0.6989623308,0.1356745064,-0.01150492672,0.002920401283,0.009408265352
x/Dj=2,2.0,0.7144392729,0.1127097309,-0.01362812333,0.002280100947,0.007476378698
x/Dj=2,2.0,0.7311573029,0.08997422457,-0.01583985798,0.001642211922,0.005530112889
x/Dj=2,2.0,0.7492167354,0.06865187734,-0.01802186854,0.00104084413,0.003681594972
x/Dj=2,2.0,0.7687261105,0.04956723005,-0.02001794055,0.0005002946709,0.002008926822
x/Dj=2,2.0,0.7898026705,0.03662542626,-0.0212910343,0.0001560241508,0.0008085026639
x/Dj=2,2.0,0.8125730753,0.03027494438,-0.02160259336,2.334778401e-05,0.0001755724661
x/Dj=2,2.0,0.8371742368,0.028656248,-0.02122256346,3.551669181e-07,7.866136912e-06
x/Dj=2,2.0,0.8637545109,0.02888623625,-0.02055074833,-1.313371101e-08,1.460597474e-07
x/Dj=2,2.0,0.8924743533,0.02892023325,-0.01988002844,-1.942475694e-12,3.92413102e-10
x/Dj=2,2.0,0.9235073924,0.02884920314,-0.0192157086,4.371452419e-12,6.36433059e-11
x/Dj=2,2.0,0.957041502,0.02878069878,-0.0185486339,4.051776709e-12,6.276283659e-11
x/Dj=2,2.0,0.9932800531,0.02870710939,-0.01787745953,3.932088162e-12,6.204571579e-11
x/Dj=2,2.0,1.032442927,0.02862950787,-0.01720491983,3.746509179e-12,6.136498254e-11
x/Dj=2,2.0,1.074768305,0.02854942717,-0.01653016917,3.497912029e-12,6.071656372e-11
x/Dj=2,2.0,1.120514035,0.02846782096,-0.01586081833,3.323043663e-12,6.012671611e-11
x/Dj=2,2.0,1.16995883,0.02838344686,-0.01519718952,3.163430672e-12,5.959722299e-11
x/Dj=2,2.0,1.223405004,0.02829816751,-0.01453883387,2.909796319e-12,5.912247775e-11
x/Dj=2,2.0,1.281179667,0.02821289748,-0.01388696395,2.752841358e-12,5.87014326e-11
x/Dj=2,2.0,1.343637228,0.02812384255,-0.01324413158,2.650479662e-12,5.83294732e-11
x/Dj=2,2.0,1.411161423,0.02803067304,-0.01261379197,2.566307843e-12,5.80091114e-11
x/Dj=2,2.0,1.484168053,0.02793195844,-0.01200158801,2.518824992e-12,5.773682574e-11
x/Dj=2,2.0,1.563108206,0.02782747149,-0.01140386704,2.44733552e-12,5.750094151e-11
x/Dj=2,2.0,1.648470402,0.02771814167,-0.0108213257,2.390857911e-12,5.729134181e-11
x/Dj=2,2.0,1.740784407,0.0276018437,-0.01025447715,2.311645233e-12,5.710128204e-11
x/Dj=2,2.0,1.840624928,0.02748188749,-0.009703867137,2.174170349e-12,5.692313287e-11
x/Dj=2,2.0,1.948615432,0.02736324817,-0.009169762023,2.006986808e-12,5.675980519e-11
x/Dj=2,2.0,2.06543231,0.02724600956,-0.008653725497,1.877655149e-12,5.661168756e-11
x/Dj=2,2.0,2.191810369,0.02712681703,-0.00815826375,1.765194544e-12,5.645635001e-11
x/Dj=2,2.0,2.328547239,0.0270076897,-0.00768500194,1.606872296e-12,5.628926839e-11
x/Dj=2,2.0,2.476509571,0.02689616941,-0.007230107207,1.380346033e-12,5.611250006e-11
x/Dj=2,2.0,2.636639595,0.02679886669,-0.006793419831,1.182469704e-12,5.59286055e-11
x/Dj=2,2.0,2.809961796,0.02670767531,-0.006375702564,1.05160249e-12,5.573882328e-11
x/Dj=2,2.0,2.997590542,0.02661959454,-0.005976922344,9.504163949e-13,5.554554733e-11
x/Dj=2,2.0,3.200739145,0.02653439716,-0.005596457049,8.527639857e-13,5.535082809e-11
x/Dj=2,2.0,3.42072916,0.02645462938,-0.005233347882,7.737208227e-13,5.515498822e-11
x/Dj=2,2.0,3.65900135,0.02637692355,-0.004887344316,7.315762037e-13,5.495690708e-11
x/Dj=2,2.0,3.917126656,0.02629921213,-0.004558070563,7.046087888e-13,5.475361831e-11
x/Dj=2,2.0,4.196819305,0.02622153796,-0.004244715907,6.953943714e-13,5.453868607e-11
x/Dj=2,2.0,4.499952316,0.0261376407,-0.003947307821,7.268083704e-13,5.430008873e-11
x/Dj=2,2.0,4.828574181,0.0260394793,-0.003666569944,7.878599032e-13,5.402488179e-11
x/Dj=2,2.0,5.184924126,0.02592255734,-0.003403666895,8.267173838e-13,5.371090031e-11
x/Dj=2,2.0,5.571456432,0.02579725906,-0.003160324879,7.650697025e-13,5.337154677e-11
x/Dj=2,2.0,5.990862846,0.02570309117,-0.002932896372,6.853945037e-13,5.303781372e-11
x/Dj=2,2.0,6.446096897,0.0256104432,-0.002723381855,6.820275139e-13,5.271432596e-11
x/Dj=2,2.0,6.940405846,0.02550113946,-0.002532332204,6.429812737e-13,5.240285983e-11
x/Dj=2,2.0,7.477362633,0.0254014805,-0.002359359525,5.446142669e-13,5.211162057e-11
x/Dj=2,2.0,8.06090641,0.02531824075,-0.002207667334,4.111889865e-13,5.185506538e-11
x/Dj=2,2.0,8.695384979,0.02526866272,-0.002078165766,2.671961502e-13,5.165286948e-11
x/Dj=2,2.0,9.385604858,0.02525350824,-0.001971244346,1.635376405e-13,5.151498672e-11
x/Dj=2,2.0,10.13689232,0.0252561532,-0.001888962463,9.692925309e-14,5.143650783e-11
x/Dj=2,2.0,10.95515728,0.02527869493,-0.001832577982,7.688593956e-14,5.139217177e-11
x/Dj=2,2.0,11.84697342,0.02528891899,-0.001799225109,9.704767507e-14,5.132878844e-11
x/Dj=2,2.0,12.81966877,0.02527182736,-0.001780736027,8.475175179e-14,5.121536181e-11
x/Dj=2,2.0,13.88143063,0.02527337521,-0.001764566638,5.696112256e-14,5.105401171e-11
x/Dj=2,2.0,15.04143238,0.02526274882,-0.001747251721,7.993171419e-14,5.08244731e-11
x/Dj=2,2.0,16.3099823,0.02517187968,-0.001727341209,1.533037071e-13,5.048136215e-11
x/Dj=2,2.0,17.69869232,0.02493689582,-0.001700704917,2.219706217e-13,5.00306116e-11
x/Dj=2,2.0,19.22069931,0.02455880865,-0.001652819803,2.832743534e-13,5.004077708e-11
x/Dj=2,2.0,20.89090538,0.02398450486,-0.001570701716,3.76796657e-13,5.446696566e-11
x/Dj=2,2.0,22.72629166,0.02316630445,-0.001447848743,6.935277548e-13,8.50738785e-11
x/Dj=2,2.0,24.74628448,0.02163406648,-0.001379269408,1.309073184e-12,3.533001947e-10
x/Dj=5,5.0,0.001276876777,0.9979761839,-2.858500636e-08,3.264844721e-13,6.030363986e-10
x/Dj=5,5.0,0.003942391835,0.9979746938,-6.404292918e-08,1.744757659e-12,6.030245747e-10
x/Dj=5,5.0,0.006839782,0.9979677796,-9.413228952e-08,2.547052846e-12,6.029944877e-10
x/Dj=5,5.0,0.009986088611,0.9979624748,-1.131227449e-07,1.006283273e-12,6.029574062e-10
x/Dj=5,5.0,0.01339897607,0.9979621768,-1.247678654e-07,3.437538882e-13,6.029191035e-10
x/Dj=5,5.0,0.01709663123,0.9979601502,-1.254772002e-07,9.001072999e-13,6.028731403e-10
x/Dj=5,5.0,0.02109762281,0.9979569912,-5.953568305e-08,5.196023733e-13,6.02812078e-10
x/Dj=5,5.0,0.0254207328,0.9979569912,-1.150056548e-07,-1.636955274e-13,6.027290889e-10
x/Dj=5,5.0,0.0300847441,0.9979577065,-1.263891392e-07,-8.986059374e-14,6.026204535e-10
x/Dj=5,5.0,0.03510820121,0.9979581833,-1.387452642e-07,-4.459254418e-13,6.024823973e-10
x/Dj=5,5.0,0.04050911963,0.9979613423,-1.845180577e-07,-4.821373335e-13,6.023110344e-10
x/Dj=5,5.0,0.04630465806,0.997961998,-2.483724586e-07,-5.131936729e-15,6.020977605e-10
x/Dj=5,5.0,0.05251073092,0.9979617596,-3.089410257e-07,-9.64903816e-14,6.018394672e-10
x/Dj=5,5.0,0.05914162099,0.9979631901,-3.077048518e-07,-2.881333139e-13,6.015311027e-10
x/Dj=5,5.0,0.06620952487,0.9979646206,-3.657341381e-07,-1.458347738e-13,6.011656173e-10
x/Dj=5,5.0,0.07372406125,0.9979647994,-3.916563287e-07,9.445738733e-14,6.007290221e-10
x/Dj=5,5.0,0.0816918239,0.9979636073,-3.711369914e-07,1.64213505e-13,6.002200958e-10
x/Dj=5,5.0,0.0901158601,0.9979625344,-2.492703004e-07,1.302238346e-13,5.996318442e-10
x/Dj=5,5.0,0.09899522364,0.9979618192,-3.229094432e-07,8.949549543e-14,5.989483909e-10
x/Dj=5,5.0,0.1083244979,0.9979608655,-2.985539709e-07,1.527230355e-13,5.981662388e-10
x/Dj=5,5.0,0.118093431,0.9979595542,-1.899493043e-07,1.266256251e-13,5.972814465e-10
x/Dj=5,5.0,0.128286615,0.9979587197,-2.630055747e-07,7.330376947e-14,5.9627564e-10
x/Dj=5,5.0,0.1388832778,0.9979583621,-1.458070358e-07,4.883346874e-14,5.951498183e-10
x/Dj=5,5.0,0.1498571634,0.9979577661,-8.653356787e-08,1.786310324e-14,5.938996517e-10
x/Dj=5,5.0,0.1611765772,0.9979583621,3.190602627e-08,-1.290909382e-13,5.92507321e-10
x/Dj=5,5.0,0.1728046238,0.9979602695,-6.326119717e-08,-1.85660569e-13,5.909859269e-10
x/Dj=5,5.0,0.184699446,0.9979616404,-2.049719283e-09,-1.289036288e-13,5.893157629e-10
x/Dj=5,5.0,0.1968148351,0.9979627728,1.608128031e-08,-9.710873598e-14,5.877615616e-10
x/Dj=5,5.0,0.2091008127,0.9979634285,9.283852798e-09,1.842132696e-10,3.837459062e-08
x/Dj=5,5.0,0.2215044498,0.9979171753,3.570302852e-06,1.184506232e-06,1.330717441e-05
x/Dj=5,5.0,0.2339707166,0.9953638315,0.0001716695551,0.0001082239032,0.0005043300916
x/Dj=5,5.0,0.2464434803,0.9838793874,0.00086192647,0.0007036327152,0.002177956048
x/Dj=5,5.0,0.2588665485,0.9655011296,0.001895186608,0.001664323383,0.004548965488
x/Dj=5,5.0,0.2711845934,0.9449674487,0.002958934754,0.002642251784,0.007039811462
x/Dj=5,5.0,0.283344239,0.9241092801,0.003953797743,0.003557575634,0.009431892075
x/Dj=5,5.0,0.2952948213,0.9034875631,0.004855708685,0.004393344745,0.01165883988
x/Dj=5,5.0,0.3069894016,0.8833788633,0.005658379756,0.005145128816,0.01369577367
x/Dj=5,5.0,0.3183852434,0.863946259,0.006366351619,0.005814434029,0.01553669665
x/Dj=5,5.0,0.3294444382,0.8452890515,0.006985676009,0.006405618973,0.01718614995
x/Dj=5,5.0,0.3401342928,0.8274688125,0.007523256354,0.006924720015,0.01865413599
x/Dj=5,5.0,0.3504275084,0.8105216026,0.007986941375,0.007378160488,0.01995350979
x/Dj=5,5.0,0.3603022993,0.7944685221,0.008383718319,0.007772190962,0.02109709941
x/Dj=5,5.0,0.3697421551,0.7793154716,0.008720923215,0.008112835698,0.02209897526
x/Dj=5,5.0,0.3787358701,0.7650521994,0.009006435052,0.008406892419,0.02297510207
x/Dj=5,5.0,0.3872771859,0.7516638041,0.009246936068,0.008660010062,0.02373949252
x/Dj=5,5.0,0.3953642249,0.7391244769,0.009448771365,0.008877657354,0.02440579422
x/Dj=5,5.0,0.4029993415,0.727422893,0.00961463619,0.009062371217,0.02497998253
x/Dj=5,5.0,0.4101884663,0.7165111303,0.009752304293,0.009220767766,0.02547956817
x/Dj=5,5.0,0.4169406593,0.7063657641,0.009863927029,0.009355037473,0.0259097591
x/Dj=5,5.0,0.4232676029,0.6969397068,0.009955292568,0.009469972923,0.02628356777
x/Dj=5,5.0,0.4291831851,0.6882102489,0.0100272689,0.009566362947,0.02660323121
x/Dj=5,5.0,0.434703052,0.6801282167,0.01008445583,0.0096482113,0.02687946893
x/Dj=5,5.0,0.4398440719,0.6726554632,0.01012917515,0.009717567824,0.02711797319
x/Dj=5,5.0,0.444624126,0.6657568216,0.01016339287,0.009776188992,0.02732347697
x/Dj=5,5.0,0.4490616322,0.6593948007,0.01018889155,0.009825579822,0.02750044875
x/Dj=5,5.0,0.4531752765,0.6535332203,0.01020722557,0.009867092595,0.0276529137
x/Dj=5,5.0,0.4569838345,0.6481374502,0.01021980122,0.009902039543,0.02778449468
x/Dj=5,5.0,0.4605059028,0.6431717277,0.01022796333,0.009931641631,0.02789854072
x/Dj=5,5.0,0.4637596905,0.6386052966,0.01023266837,0.009956728667,0.02799740434
x/Dj=5,5.0,0.4667629004,0.6344153881,0.01023371704,0.00997722894,0.02808119357
x/Dj=5,5.0,0.4695326686,0.6305637956,0.01023286488,0.009994845837,0.02815489657
x/Dj=5,5.0,0.4720854759,0.6270260811,0.01023009047,0.01000971347,0.02821904421
x/Dj=5,5.0,0.4744368792,0.623783052,0.01022564154,0.01002183277,0.02827380039
x/Dj=5,5.0,0.4766018391,0.6208016276,0.01022089459,0.0100324573,0.02832275257
x/Dj=5,5.0,0.4785944223,0.6180713177,0.01021484472,0.01004093327,0.02836406231
x/Dj=5,5.0,0.4804278612,0.6155621409,0.01020880416,0.01004837081,0.02840103768
x/Dj=5,5.0,0.4821145535,0.6132605672,0.01020243205,0.01005460322,0.02843331546
x/Dj=5,5.0,0.4836661816,0.6111502647,0.01019557379,0.01005960442,0.02846092358
x/Dj=5,5.0,0.4850935936,0.6092094183,0.01018926408,0.01006419677,0.02848630026
x/Dj=5,5.0,0.4864068031,0.6074299812,0.01018267777,0.01006784476,0.02850798517
x/Dj=5,5.0,0.4876152575,0.6057970524,0.01017602626,0.01007076353,0.02852668241
x/Dj=5,5.0,0.4887275994,0.604293406,0.01016990282,0.01007345505,0.02854391187
x/Dj=5,5.0,0.4897518754,0.6029093862,0.01016426552,0.01007592864,0.02855975926
x/Dj=5,5.0,0.4906954467,0.6016405225,0.01015828922,0.01007761713,0.02857269533
x/Dj=5,5.0,0.4915651679,0.6004725695,0.01015258674,0.01007902529,0.02858420461
x/Dj=5,5.0,0.4923673868,0.5993946791,0.01014732569,0.01008033194,0.02859483846
x/Dj=5,5.0,0.4931077659,0.598400414,0.01014247071,0.01008153148,0.02860463597
x/Dj=5,5.0,0.4937916696,0.597481966,0.01013798546,0.01008263882,0.0286136847
x/Dj=5,5.0,0.4944239855,0.5966347456,0.01013360452,0.01008348167,0.02862154879
x/Dj=5,5.0,0.4950091243,0.5958537459,0.01012917422,0.01008397061,0.02862801775
x/Dj=5,5.0,0.4955511689,0.5951303244,0.01012507081,0.01008442324,0.02863401175
x/Dj=5,5.0,0.4960539043,0.5944593549,0.01012126449,0.01008484326,0.02863957174
x/Dj=5,5.0,0.4965206981,0.5938357115,0.01011773013,0.01008523908,0.02864474989
x/Dj=5,5.0,0.4969546497,0.5932565331,0.01011444442,0.01008560229,0.02864954807
x/Dj=5,5.0,0.49735865,0.5927173495,0.01011138596,0.01008593943,0.02865401655
x/Dj=5,5.0,0.4977352619,0.5922147036,0.01010853518,0.01008625422,0.02865818143
x/Dj=5,5.0,0.4980868697,0.5917454362,0.01010587253,0.01008654851,0.02866206877
x/Dj=5,5.0,0.4984156191,0.5913068056,0.01010337193,0.01008681394,0.02866567671
x/Dj=5,5.0,0.4987234771,0.5908983946,0.01010073908,0.01008685399,0.02866843157
x/Dj=5,5.0,0.4990122318,0.5905153751,0.01009826921,0.01008689124,0.02867101692
x/Dj=5,5.0,0.4992835522,0.5901554823,0.01009594928,0.0100869257,0.02867344394
x/Dj=5,5.0,0.4995388389,0.5898168683,0.01009376533,0.01008695923,0.02867572941
x/Dj=5,5.0,0.4997795224,0.5894976258,0.01009170711,0.01008698996,0.02867788263
x/Dj=5,5.0,0.5000067353,0.5891962051,0.01008976437,0.01008701976,0.02867991664
x/Dj=5,5.0,0.5002217293,0.5889110565,0.01008792594,0.01008704677,0.02868184075
x/Dj=5,5.0,0.5004253983,0.5886408687,0.01008618344,0.01008707378,0.02868366428
x/Dj=5,5.0,0.5006232858,0.5883777738,0.01008449029,0.01008710265,0.02868545055
x/Dj=5,5.0,0.5008255243,0.5881095529,0.01008275989,0.01008712873,0.02868726104
x/Dj=5,5.0,0.5010375381,0.5878282785,0.01008094754,0.01008715574,0.02868915722
x/Dj=5,5.0,0.5012603998,0.5875326991,0.01007904112,0.01008718461,0.02869115211
x/Dj=5,5.0,0.5014950633,0.587221384,0.01007703412,0.01008721441,0.02869325317
x/Dj=5,5.0,0.501742661,0.5868929625,0.01007491723,0.01008724701,0.02869546786
x/Dj=5,5.0,0.5020044446,0.5865457058,0.01007267833,0.01008728053,0.02869781107
x/Dj=5,5.0,0.5022817254,0.5861779451,0.01007030718,0.01008731592,0.02870029211
x/Dj=5,5.0,0.5025758743,0.5857877731,0.01006779168,0.01008735411,0.02870292589
x/Dj=5,5.0,0.5028883219,0.5853757262,0.01006482355,0.01008717623,0.0287050996
x/Dj=5,5.0,0.5032205582,0.5849376917,0.01006165985,0.01008698065,0.02870739251
x/Dj=5,5.0,0.5035742521,0.5844714046,0.01005829126,0.01008677203,0.02870983444
x/Dj=5,5.0,0.5039510727,0.5839745998,0.01005470287,0.01008654945,0.02871243656
x/Dj=5,5.0,0.5043527484,0.5834450126,0.010050877,0.01008631289,0.02871521004
x/Dj=5,5.0,0.5047810078,0.5828797817,0.01004679687,0.01008606609,0.02871818095
x/Dj=5,5.0,0.5052376986,0.5822776556,0.0100424476,0.01008579694,0.02872133441
x/Dj=5,5.0,0.5057281852,0.5816310048,0.01003777608,0.01008550823,0.0287247207
x/Dj=5,5.0,0.5062550306,0.5809363723,0.01003275905,0.01008519717,0.02872835845
x/Dj=5,5.0,0.5068169832,0.5801961422,0.01002732851,0.01008480694,0.02873207442
x/Dj=5,5.0,0.5074157119,0.5794115663,0.01002105325,0.01008402091,0.02873502113
x/Dj=5,5.0,0.5080527067,0.5785768628,0.01001437753,0.01008318458,0.0287381541
x/Dj=5,5.0,0.5087293386,0.5776901841,0.01000728551,0.0100822961,0.02874148265
x/Dj=5,5.0,0.5094466209,0.5767496228,0.009999766015,0.01008135825,0.0287450254
x/Dj=5,5.0,0.5102052689,0.575755477,0.009991814382,0.01008036174,0.02874875814
x/Dj=5,5.0,0.5110058188,0.5747076273,0.009983282536,0.01007921807,0.0287524052
x/Dj=5,5.0,0.5118480921,0.5736105442,0.009973671287,0.0100776013,0.02875492908
x/Dj=5,5.0,0.5127317905,0.5724594593,0.009963586926,0.0100759035,0.0287575759
x/Dj=5,5.0,0.5136559606,0.5712550879,0.009953037836,0.01007413212,0.02876035869
x/Dj=5,5.0,0.514619112,0.5700005293,0.009942047298,0.01007228252,0.02876324393
x/Dj=5,5.0,0.5156190991,0.5687032342,0.00993000716,0.01006994117,0.02876497619
x/Dj=5,5.0,0.5166534781,0.5673639178,0.009917245246,0.01006731391,0.02876614779
x/Dj=5,5.0,0.5177191496,0.5659835339,0.00990409404,0.01006461028,0.02876736596
x/Dj=5,5.0,0.5188294649,0.5645459294,0.009890394285,0.01006179024,0.02876862325
x/Dj=5,5.0,0.5200125575,0.5630218983,0.009874925017,0.01005808637,0.02876812406
x/Dj=5,5.0,0.5212849379,0.561383605,0.009858131409,0.01005398482,0.02876727469
x/Dj=5,5.0,0.5226536393,0.5596219301,0.009840072133,0.01004956942,0.02876635268
x/Dj=5,5.0,0.5241265297,0.5577346087,0.009819699451,0.01004417613,0.02876341157
x/Dj=5,5.0,0.5257119536,0.5557054877,0.009797440842,0.01003815141,0.02875957824
x/Dj=5,5.0,0.5274189711,0.5535244346,0.009773133323,0.01003143098,0.02875472978
x/Dj=5,5.0,0.5292574167,0.5511852503,0.009745807387,0.01002343558,0.02874716371
x/Dj=5,5.0,0.531237781,0.5486681461,0.009716152214,0.01001464948,0.02873854339
x/Dj=5,5.0,0.5333715081,0.5459692478,0.009682726115,0.01000405662,0.02872624807
x/Dj=5,5.0,0.5356709361,0.5430670381,0.009646083228,0.009992256761,0.02871173806
x/Dj=5,5.0,0.5381493568,0.5399504304,0.009605273604,0.009978744201,0.02869349904
x/Dj=5,5.0,0.5408211946,0.5366052389,0.009559701197,0.009963128716,0.02867068723
x/Dj=5,5.0,0.5437020063,0.5330113769,0.009509233758,0.009945356287,0.02864344791
x/Dj=5,5.0,0.5468085408,0.5291517973,0.009453057311,0.009924949147,0.02861065418
x/Dj=5,5.0,0.5501589775,0.5250104666,0.009390292689,0.009901577607,0.02857091278
x/Dj=5,5.0,0.5537729263,0.5205677152,0.009320194833,0.009874746203,0.02852314897
x/Dj=5,5.0,0.5576715469,0.5158008337,0.009241957217,0.009844086133,0.02846649662
x/Dj=5,5.0,0.5618778467,0.5106899142,0.009154295549,0.009808920324,0.02839909494
x/Dj=5,5.0,0.5664163828,0.5052123666,0.009056059644,0.00976866018,0.02831934765
x/Dj=5,5.0,0.5713140368,0.4993406832,0.008946197107,0.009722849354,0.02822588012
x/Dj=5,5.0,0.5765995979,0.493052125,0.00882319361,0.009670495056,0.02811638266
x/Dj=5,5.0,0.5823043585,0.4863215983,0.008685024455,0.009609219618,0.02798675932
x/Dj=5,5.0,0.5884619951,0.4791229963,0.008529893123,0.009542257525,0.02783817612
x/Dj=5,5.0,0.5951089859,0.4714240432,0.008355915546,0.009464881383,0.02766462602
x/Dj=5,5.0,0.6022846699,0.4631990194,0.008160539903,0.009377128445,0.02746351622
x/Dj=5,5.0,0.610031724,0.4544220269,0.007940918207,0.009277208708,0.0272307042
x/Dj=5,5.0,0.618396163,0.4450601339,0.007694379892,0.009164243937,0.02696266957
x/Dj=5,5.0,0.6274276972,0.4350876808,0.007417296991,0.009036474861,0.02665446699
x/Dj=5,5.0,0.6371801496,0.4244740009,0.007106082048,0.008892410435,0.02630149573
x/Dj=5,5.0,0.6477115154,0.4131873846,0.006757003721,0.00873030629,0.02589872107
x/Dj=5,5.0,0.6590847373,0.401204139,0.006365498994,0.008548175916,0.02544003539
x/Dj=5,5.0,0.6713677049,0.3885022104,0.005926250014,0.008344354108,0.0249197986
x/Dj=5,5.0,0.6846337318,0.3750498295,0.005434716586,0.008117254823,0.02433261089
x/Dj=5,5.0,0.6989623308,0.3608421087,0.00488420995,0.007864424959,0.02367074788
x/Dj=5,5.0,0.7144392729,0.345844388,0.004269709345,0.007584583946,0.0229296796
x/Dj=5,5.0,0.7311573029,0.3300692141,0.003583729267,0.007275794633,0.02210187539
x/Dj=5,5.0,0.7492167354,0.3134960234,0.00282024825,0.006936859805,0.02118269913
x/Dj=5,5.0,0.7687261105,0.2961257696,0.001972548431,0.00656673871,0.02016746439
x/Dj=5,5.0,0.7898026705,0.2779890001,0.00103272486,0.006164974067,0.01905176044
x/Dj=5,5.0,0.8125730753,0.2591097057,-5.661382147e-06,0.005731435027,0.01783365943
x/Dj=5,5.0,0.8371742368,0.2395169735,-0.001148964977,0.005267254543,0.01651316881
x/Dj=5,5.0,0.8637545109,0.2192675471,-0.002402735874,0.00477413414,0.01509262435
x/Dj=5,5.0,0.8924743533,0.1984353215,-0.003771135584,0.004255136009,0.01357756369
x/Dj=5,5.0,0.9235073924,0.1771142334,-0.005256851204,0.003714551218,0.01197735686
x/Dj=5,5.0,0.957041502,0.1554203033,-0.006858686451,0.003157938831,0.01030561607
x/Dj=5,5.0,0.9932800531,0.1335918903,-0.008570001461,0.00259478623,0.008586855605
x/Dj=5,5.0,1.032442927,0.1118227467,-0.01037559845,0.002034378704,0.006848621648
x/Dj=5,5.0,1.074768305,0.09037728608,-0.01224809419,0.001487329835,0.005125206895
x/Dj=5,5.0,1.120514035,0.06978341192,-0.01412981097,0.0009699066286,0.00347254076
x/Dj=5,5.0,1.16995883,0.05132628977,-0.01584896632,0.0005134844105,0.002001759131
x/Dj=5,5.0,1.223405004,0.03670187294,-0.01711964607,0.0001660213602,0.0008221808821
x/Dj=5,5.0,1.281179667,0.02928105369,-0.01733436249,2.880464672e-05,0.00019716323
x/Dj=5,5.0,1.343637228,0.02724864148,-0.01678411104,2.576502709e-07,9.315919669e-06
x/Dj=5,5.0,1.411161423,0.02764932811,-0.01593548246,-1.443203423e-08,1.310697968e-07
x/Dj=5,5.0,1.484168053,0.02762473933,-0.01514037326,1.927135534e-12,4.174544044e-11
x/Dj=5,5.0,1.563108206,0.02755464986,-0.01437292527,1.468619172e-12,4.048646834e-11
x/Dj=5,5.0,1.648470402,0.02748564258,-0.01362595335,1.400454514e-12,4.043422194e-11
x/Dj=5,5.0,1.740784407,0.02740928158,-0.0129080629,1.446420783e-12,4.037859977e-11
x/Dj=5,5.0,1.840624928,0.02732429653,-0.012215483,1.464681241e-12,4.031867895e-11
x/Dj=5,5.0,1.948615432,0.02723389864,-0.01154129114,1.465372203e-12,4.025428602e-11
x/Dj=5,5.0,2.06543231,0.02713578567,-0.0108939521,1.458008519e-12,4.018540709e-11
x/Dj=5,5.0,2.191810369,0.02703505382,-0.01027278136,1.402473732e-12,4.01121289e-11
x/Dj=5,5.0,2.328547239,0.02693456784,-0.009672289714,1.342639108e-12,4.003432308e-11
x/Dj=5,5.0,2.476509571,0.02683053538,-0.009093391709,1.289274351e-12,3.995179881e-11
x/Dj=5,5.0,2.636639595,0.02673597634,-0.008538582362,1.181197067e-12,3.986489958e-11
x/Dj=5,5.0,2.809961796,0.02665255778,-0.00800006371,1.120915969e-12,3.977326801e-11
x/Dj=5,5.0,2.997590542,0.02656611986,-0.007484912872,1.059617563e-12,3.967689718e-11
x/Dj=5,5.0,3.200739145,0.02647613175,-0.006997730117,9.396008277e-13,3.957560321e-11
x/Dj=5,5.0,3.42072916,0.02638620324,-0.006540314294,7.943738983e-13,3.946850485e-11
x/Dj=5,5.0,3.65900135,0.02630872466,-0.006111348514,7.241249701e-13,3.93532637e-11
x/Dj=5,5.0,3.917126656,0.02623208053,-0.005702496506,7.049460299e-13,3.922761074e-11
x/Dj=5,5.0,4.196819305,0.02615339682,-0.005314179696,6.850489143e-13,3.908897858e-11
x/Dj=5,5.0,4.499952316,0.02607218549,-0.004946672823,6.619118773e-13,3.893530984e-11
x/Dj=5,5.0,4.828574181,0.02598519623,-0.00460025575,6.506942337e-13,3.87658447e-11
x/Dj=5,5.0,5.184924126,0.02588891797,-0.00427552592,6.43985516e-13,3.858301179e-11
x/Dj=5,5.0,5.571456432,0.02578746527,-0.003975484055,6.065144047e-13,3.839415244e-11
x/Dj=5,5.0,5.990862846,0.025697954,-0.003700535279,5.401735916e-13,3.820853703e-11
x/Dj=5,5.0,6.446096897,0.02562873065,-0.003450728487,5.236098014e-13,3.803016929e-11
x/Dj=5,5.0,6.940405846,0.02555848472,-0.003233506577,5.602382707e-13,3.786225153e-11
x/Dj=5,5.0,7.477362633,0.02549687028,-0.003051894717,5.530407404e-13,3.770980056e-11
x/Dj=5,5.0,8.06090641,0.02547013201,-0.002898952691,5.19644874e-13,3.758301309e-11
x/Dj=5,5.0,8.695384979,0.02546866611,-0.002767406171,4.703144883e-13,3.749229052e-11
x/Dj=5,5.0,9.385604858,0.02549903467,-0.002648452064,4.132977326e-13,3.743820531e-11
x/Dj=5,5.0,10.13689232,0.02554759197,-0.002538074506,3.830767897e-13,3.741127894e-11
x/Dj=5,5.0,10.95515728,0.0256007053,-0.002428488107,3.654860431e-13,3.739308516e-11
x/Dj=5,5.0,11.84697342,0.02562400326,-0.002314747311,3.575446688e-13,3.735375204e-11
x/Dj=5,5.0,12.81966877,0.02558905259,-0.002201114083,3.323285657e-13,3.727967587e-11
x/Dj=5,5.0,13.88143063,0.02555267513,-0.002084881766,2.746727542e-13,3.717767066e-11
x/Dj=5,5.0,15.04143238,0.02549739368,-0.001966223354,2.522313955e-13,3.702808199e-11
x/Dj=5,5.0,16.3099823,0.02538127638,-0.001842503203,3.281729272e-13,3.682402994e-11
x/Dj=5,5.0,17.69869232,0.02507184073,-0.001717304462,4.200519056e-13,3.665372866e-11
x/Dj=5,5.0,19.22069931,0.02462877892,-0.001578974654,4.896199006e-13,3.734714968e-11
x/Dj=5,5.0,20.89090538,0.0239950642,-0.001433515688,5.729213761e-13,4.255864064e-11
x/Dj=5,5.0,22.72629166,0.02317008749,-0.001283567166,7.421501022e-13,6.775977002e-11
x/Dj=5,5.0,24.74628448,0.02193304896,-0.001176242717,1.277175197e-12,2.470747218e-10
x/Dj=10,10.0,0.001276876777,0.7713250518,0.0002281409543,4.38196621e-05,0.01972739026
x/Dj=10,10.0,0.003942391835,0.7713014483,0.0004478514311,0.0001602960256,0.01972910017
x/Dj=10,10.0,0.006839782,0.7712293863,0.0004638433747,0.0003038354334,0.01973432861
x/Dj=10,10.0,0.009986088611,0.7711077332,0.0006115113501,0.0004430039262,0.01974323951
x/Dj=10,10.0,0.01339897607,0.7709254026,0.0008073177305,0.0005933507928,0.01975676976
x/Dj=10,10.0,0.01709663123,0.7706686258,0.001027587801,0.0007555405027,0.01977597177
x/Dj=10,10.0,0.02109762281,0.7703131437,0.001266297186,0.0009309228626,0.01980260201
x/Dj=10,10.0,0.0254207328,0.7698571086,0.001522126608,0.001118368818,0.01983661205
x/Dj=10,10.0,0.0300847441,0.7692685127,0.001797638251,0.001320327749,0.01988059282
x/Dj=10,10.0,0.03510820121,0.7685273886,0.002090966562,0.001535523217,0.01993560418
x/Dj=10,10.0,0.04050911963,0.7676092982,0.002404149622,0.001765235793,0.02000361681
x/Dj=10,10.0,0.04630465806,0.766492188,0.002735120943,0.002007900504,0.02008556202
x/Dj=10,10.0,0.05251073092,0.7651335001,0.003085046774,0.002264530631,0.02018466778
x/Dj=10,10.0,0.05914162099,0.7635189891,0.003452364122,0.002534008119,0.02030124515
x/Dj=10,10.0,0.06620952487,0.7616199851,0.003835419659,0.002814949024,0.02043658122
x/Dj=10,10.0,0.07372406125,0.7593920231,0.004232386593,0.003106296994,0.02059303969
x/Dj=10,10.0,0.0816918239,0.7568151951,0.00464161532,0.003406587755,0.02077109367
x/Dj=10,10.0,0.0901158601,0.7538623214,0.005060393829,0.003714327933,0.02097128704
x/Dj=10,10.0,0.09899522364,0.7505164146,0.005485494155,0.0040266742,0.02119307965
x/Dj=10,10.0,0.1083244979,0.7467617393,0.005913717672,0.004341580905,0.02143565752
x/Dj=10,10.0,0.118093431,0.7425889969,0.006341436878,0.004656264558,0.0216975417
x/Dj=10,10.0,0.128286615,0.7379959226,0.00676495349,0.004968303256,0.02197658643
x/Dj=10,10.0,0.1388832778,0.7329882383,0.007180703338,0.005274786614,0.02227003127
x/Dj=10,10.0,0.1498571634,0.7275795937,0.007585170679,0.005573601928,0.02257458866
x/Dj=10,10.0,0.1611765772,0.7217909098,0.00797520671,0.005862297025,0.02288658172
x/Dj=10,10.0,0.1728046238,0.7156509757,0.008348028176,0.006138580851,0.02320208959
x/Dj=10,10.0,0.184699446,0.7091948986,0.00870104041,0.006400888786,0.02351710014
x/Dj=10,10.0,0.1968148351,0.7024633884,0.009032361209,0.006647943053,0.02382768504
x/Dj=10,10.0,0.2091008127,0.6955016255,0.009340638295,0.006878439337,0.02413015813
x/Dj=10,10.0,0.2215044498,0.6883581281,0.009624879807,0.007091870531,0.02442119829
x/Dj=10,10.0,0.2339707166,0.6810828447,0.009884783998,0.007288053166,0.02469797246
x/Dj=10,10.0,0.2464434803,0.6737264395,0.01012146194,0.007466889452,0.02495819516
x/Dj=10,10.0,0.2588665485,0.6663457751,0.01033422817,0.007628662512,0.0251999069
x/Dj=10,10.0,0.2711845934,0.658988893,0.01052304078,0.007774232887,0.02542201616
x/Dj=10,10.0,0.283344239,0.6516949534,0.01068872865,0.007903438993,0.02562293969
x/Dj=10,10.0,0.2952948213,0.6444889307,0.01083339937,0.008017725311,0.02580452152
x/Dj=10,10.0,0.3069894016,0.6374393702,0.01095986925,0.008118775673,0.02596623451
x/Dj=10,10.0,0.3183852434,0.6305686235,0.01106737088,0.008206394501,0.02610716969
x/Dj=10,10.0,0.3294444382,0.6238908768,0.01115905121,0.008282537572,0.02623089962
x/Dj=10,10.0,0.3401342928,0.6174550056,0.01123561431,0.008347718045,0.02633607201
x/Dj=10,10.0,0.3504275084,0.6112600565,0.01129963063,0.008403896354,0.02642637305
x/Dj=10,10.0,0.3603022993,0.6053235531,0.01135083102,0.008450719528,0.02650101669
x/Dj=10,10.0,0.3697421551,0.5996750593,0.01139249373,0.008490570821,0.02656245045
x/Dj=10,10.0,0.3787358701,0.5943049788,0.01142535452,0.008523892611,0.02661243454
x/Dj=10,10.0,0.3872771859,0.589210391,0.01145025622,0.008551121689,0.02665225044
x/Dj=10,10.0,0.3953642249,0.5844013095,0.01146850828,0.008573153988,0.02668291144
x/Dj=10,10.0,0.4029993415,0.5798751712,0.01148113143,0.008591040038,0.02670561522
x/Dj=10,10.0,0.4101884663,0.5756266117,0.01148908492,0.00860537868,0.02672153711
x/Dj=10,10.0,0.4169406593,0.5716484785,0.01149322651,0.008616530336,0.0267317947
x/Dj=10,10.0,0.4232676029,0.5679246187,0.01149385702,0.008624739014,0.02673752047
x/Dj=10,10.0,0.4291831851,0.5644490123,0.01149186119,0.008630882017,0.02673964947
x/Dj=10,10.0,0.434703052,0.5612224936,0.01148857549,0.008635666221,0.02673901431
x/Dj=10,10.0,0.4398440719,0.5582296252,0.01148319151,0.008638557047,0.02673496865
x/Dj=10,10.0,0.444624126,0.5554366112,0.01147654559,0.008640159853,0.02672952041
x/Dj=10,10.0,0.4490616322,0.5528630614,0.01146976743,0.008641258813,0.02672294341
x/Dj=10,10.0,0.4531752765,0.5504760146,0.01146159694,0.008641086519,0.02671455033
x/Dj=10,10.0,0.4569838345,0.5482726097,0.0114538474,0.008640823886,0.0267063193
x/Dj=10,10.0,0.4605059028,0.546235919,0.01144513302,0.00863953121,0.02669667639
x/Dj=10,10.0,0.4637596905,0.5443640351,0.01143710595,0.00863834843,0.02668746747
x/Dj=10,10.0,0.4667629004,0.5426279902,0.01142865233,0.008636567742,0.02667790838
x/Dj=10,10.0,0.4695326686,0.5410416126,0.01142057218,0.008634740487,0.0266682636
x/Dj=10,10.0,0.4720854759,0.5395740271,0.01141299587,0.00863296818,0.02665937878
x/Dj=10,10.0,0.4744368792,0.538220942,0.01140515786,0.008630789816,0.02665013261
x/Dj=10,10.0,0.4766018391,0.5369851589,0.0113978507,0.008628755808,0.02664121427
x/Dj=10,10.0,0.4785944223,0.5358484983,0.01139114145,0.008626897819,0.02663300559
x/Dj=10,10.0,0.4804278612,0.5347947478,0.0113847889,0.008625047281,0.0266254507
x/Dj=10,10.0,0.4821145535,0.5338292718,0.0113782417,0.008622925729,0.02661744319
x/Dj=10,10.0,0.4836661816,0.5329464078,0.01137233153,0.008621071465,0.02661008388
x/Dj=10,10.0,0.4850935936,0.5321367979,0.01136695314,0.008619416505,0.02660331689
x/Dj=10,10.0,0.4864068031,0.5313891172,0.0113619417,0.008617838845,0.02659708634
x/Dj=10,10.0,0.4876152575,0.5306974053,0.0113572469,0.008616317064,0.02659134567
x/Dj=10,10.0,0.4887275994,0.5300621986,0.01135266013,0.008614750579,0.02658566646
x/Dj=10,10.0,0.4897518754,0.5294783711,0.01134825964,0.008613198064,0.02658017352
x/Dj=10,10.0,0.4906954467,0.5289425254,0.01134424563,0.008611800149,0.0265751183
x/Dj=10,10.0,0.4915651679,0.5284512043,0.01134059578,0.008610554971,0.02657046914
x/Dj=10,10.0,0.4923673868,0.5279980302,0.01133722905,0.008609405719,0.02656617947
x/Dj=10,10.0,0.4931077659,0.5275797844,0.01133412216,0.008608344942,0.02656221949
x/Dj=10,10.0,0.4937916696,0.527191937,0.01133122202,0.008607340977,0.02655855753
x/Dj=10,10.0,0.4944239855,0.5268315077,0.01132850535,0.008606382646,0.02655516751
x/Dj=10,10.0,0.4950091243,0.5264979601,0.01132599078,0.008605495095,0.02655202895
x/Dj=10,10.0,0.4955511689,0.5261889696,0.01132366247,0.008604673669,0.02654912136
x/Dj=10,10.0,0.4960539043,0.5259031653,0.01132137328,0.008603828959,0.02654621936
x/Dj=10,10.0,0.4965206981,0.5256382227,0.01131919213,0.008603009395,0.02654343657
x/Dj=10,10.0,0.4969546497,0.5253918767,0.01131716464,0.008602247573,0.02654084936
x/Dj=10,10.0,0.49735865,0.525162518,0.01131527685,0.008601538837,0.02653844096
x/Dj=10,10.0,0.4977352619,0.5249487758,0.01131351758,0.008600877598,0.02653619461
x/Dj=10,10.0,0.4980868697,0.5247499943,0.01131188776,0.008600274101,0.02653410286
x/Dj=10,10.0,0.4984156191,0.5245650411,0.01131037902,0.008599725552,0.02653214894
x/Dj=10,10.0,0.4987234771,0.52439183,0.01130896714,0.008599212393,0.02653032169
x/Dj=10,10.0,0.4990122318,0.5242294073,0.01130764186,0.008598729968,0.02652860619
x/Dj=10,10.0,0.4992835522,0.5240767598,0.01130639669,0.008598277345,0.026526995
x/Dj=10,10.0,0.4995388389,0.5239331126,0.01130522508,0.008597851731,0.02652547881
x/Dj=10,10.0,0.4997795224,0.5237977505,0.01130412053,0.008597450331,0.0265240483
x/Dj=10,10.0,0.5000067353,0.5236698985,0.01130307838,0.008597071283,0.02652269974
x/Dj=10,10.0,0.5002217293,0.5235489607,0.01130209118,0.008596712723,0.02652142197
x/Dj=10,10.0,0.5004253983,0.5234344006,0.01130115706,0.008596372791,0.02652021311
x/Dj=10,10.0,0.5006232858,0.5233230591,0.01130024903,0.008596042171,0.02651903592
x/Dj=10,10.0,0.5008255243,0.5232092738,0.0112993205,0.008595705032,0.02651783638
x/Dj=10,10.0,0.5010375381,0.5230900049,0.01129834726,0.00859535113,0.02651657723
x/Dj=10,10.0,0.5012603998,0.5229638815,0.01129731257,0.008594966494,0.02651524916
x/Dj=10,10.0,0.5014950633,0.5228306651,0.0112962164,0.008594554849,0.02651385032
x/Dj=10,10.0,0.501742661,0.5226901174,0.0112950597,0.008594119921,0.02651237324
x/Dj=10,10.0,0.5020044446,0.522541523,0.01129383594,0.008593659848,0.02651081234
x/Dj=10,10.0,0.5022817254,0.5223841071,0.01129254047,0.008593173698,0.02650916018
x/Dj=10,10.0,0.5025758743,0.5222171545,0.01129116584,0.008592656814,0.02650740556
x/Dj=10,10.0,0.5028883219,0.5220397711,0.01128970645,0.008592108265,0.02650554292
x/Dj=10,10.0,0.5032205582,0.521851182,0.01128815394,0.008591525257,0.02650356106
x/Dj=10,10.0,0.5035742521,0.5216510296,0.01128641702,0.008590840735,0.0265013054
x/Dj=10,10.0,0.5039510727,0.5214380026,0.01128453109,0.008590083569,0.02649883926
x/Dj=10,10.0,0.5043527484,0.5212109685,0.01128251944,0.008589276113,0.0264962092
x/Dj=10,10.0,0.5047810078,0.520968914,0.01128037553,0.008588415571,0.02649340592
x/Dj=10,10.0,0.5052376986,0.5207107663,0.01127808914,0.008587498218,0.02649041638
x/Dj=10,10.0,0.5057281852,0.5204344988,0.01127563789,0.008586534299,0.02648721077
x/Dj=10,10.0,0.5062550306,0.5201393366,0.01127301157,0.008585533127,0.02648377791
x/Dj=10,10.0,0.5068169832,0.5198245049,0.01127021015,0.0085844649,0.02648011409
x/Dj=10,10.0,0.5074157119,0.5194890499,0.01126722526,0.008583326824,0.02647621185
x/Dj=10,10.0,0.5080527067,0.5191321373,0.01126404945,0.008582116105,0.02647206001
x/Dj=10,10.0,0.5087293386,0.5187529325,0.01126067527,0.008580828086,0.02646764927
x/Dj=10,10.0,0.5094466209,0.5183475018,0.01125708502,0.00857938733,0.02646295354
x/Dj=10,10.0,0.5102052689,0.5179187059,0.01125328708,0.008577862754,0.02645798586
x/Dj=10,10.0,0.5110058188,0.5174664259,0.01124923676,0.008576230146,0.02645269409
x/Dj=10,10.0,0.5118480921,0.5169923902,0.0112446323,0.008574311621,0.0264467001
x/Dj=10,10.0,0.5127317905,0.5164949894,0.01123980246,0.008572299965,0.02644040994
x/Dj=10,10.0,0.5136559606,0.5159775615,0.01123482175,0.00857024733,0.02643385343
x/Dj=10,10.0,0.514619112,0.5154402256,0.01122968365,0.008568146266,0.02642703243
x/Dj=10,10.0,0.5156190991,0.5148823261,0.0112243481,0.008565964177,0.02641995065
x/Dj=10,10.0,0.5166534781,0.5143033862,0.01121878158,0.008563673124,0.02641261183
x/Dj=10,10.0,0.5177191496,0.5137036443,0.01121295616,0.008561246097,0.026405029
x/Dj=10,10.0,0.5188294649,0.5130795836,0.0112067461,0.008558641188,0.02639693394
x/Dj=10,10.0,0.5200125575,0.5124166608,0.01119980123,0.008555683307,0.02638785914
x/Dj=10,10.0,0.5212849379,0.5117066503,0.01119250339,0.008552552201,0.02637812309
x/Dj=10,10.0,0.5226536393,0.5109462738,0.01118484978,0.00854924228,0.02636767924
x/Dj=10,10.0,0.5241265297,0.5101266503,0.01117653213,0.008545656689,0.02635642886
x/Dj=10,10.0,0.5257119536,0.5092382431,0.01116722543,0.00854169298,0.02634426765
x/Dj=10,10.0,0.5274189711,0.5082851648,0.01115667354,0.008537166752,0.02633041888
x/Dj=10,10.0,0.5292574167,0.5072644949,0.01114529558,0.008532303385,0.02631536871
x/Dj=10,10.0,0.531237781,0.5061690807,0.01113313157,0.008527123369,0.02629919723
x/Dj=10,10.0,0.5333715081,0.5049792528,0.01111980621,0.008521403186,0.02628168091
x/Dj=10,10.0,0.5356709361,0.5037016869,0.01110456884,0.008514811285,0.02626167424
x/Dj=10,10.0,0.5381493568,0.5023365021,0.01108803507,0.008507839404,0.0262401402
x/Dj=10,10.0,0.5408211946,0.5008558035,0.01107024122,0.008500190452,0.0262168292
x/Dj=10,10.0,0.5437020063,0.4992647767,0.01105051674,0.008491337299,0.02619031258
x/Dj=10,10.0,0.5468085408,0.4975590706,0.01102915127,0.008481926285,0.02616172284
x/Dj=10,10.0,0.5501589775,0.4957106709,0.01100553758,0.008471177891,0.0261298921
x/Dj=10,10.0,0.5537729263,0.4937354922,0.0109796403,0.008459486999,0.02609484829
x/Dj=10,10.0,0.5576715469,0.4915938973,0.01095086522,0.008446243592,0.02605598047
x/Dj=10,10.0,0.5618778467,0.489302814,0.01091975532,0.008431823924,0.0260131415
x/Dj=10,10.0,0.5664163828,0.4868281484,0.01088424399,0.008415453136,0.02596528828
x/Dj=10,10.0,0.5713140368,0.484167397,0.01084523275,0.008397475816,0.02591268905
x/Dj=10,10.0,0.5765995979,0.4813106656,0.01080163848,0.008377441205,0.02585392259
x/Dj=10,10.0,0.5823043585,0.4782336354,0.01075296849,0.008355074562,0.02578848414
x/Dj=10,10.0,0.5884619951,0.4749217033,0.01069928147,0.008330090903,0.0257157702
x/Dj=10,10.0,0.5951089859,0.4713623226,0.01063975599,0.008302102797,0.02563484013
x/Dj=10,10.0,0.6022846699,0.467538327,0.01057379507,0.008270753548,0.02554463595
x/Dj=10,10.0,0.610031724,0.4634311497,0.0105006909,0.008235756308,0.02544403076
x/Dj=10,10.0,0.618396163,0.4590207338,0.01041864138,0.008196688257,0.02533182688
x/Dj=10,10.0,0.6274276972,0.4542789757,0.01032617223,0.008153001778,0.02520658262
x/Dj=10,10.0,0.6371801496,0.4491927326,0.01022295374,0.008103863336,0.02506615035
x/Dj=10,10.0,0.6477115154,0.4437403083,0.01010974031,0.008049098775,0.02490978129
x/Dj=10,10.0,0.6590847373,0.4378940761,0.009981581941,0.007987796329,0.02473455481
x/Dj=10,10.0,0.6713677049,0.4316267967,0.009837587364,0.007918570191,0.02453791909
x/Dj=10,10.0,0.6846337318,0.4249173105,0.009678896517,0.007842224091,0.02431962267
x/Dj=10,10.0,0.6989623308,0.417740494,0.009498852305,0.00775637757,0.0240751002
x/Dj=10,10.0,0.7144392729,0.4100697935,0.00929784961,0.007660789415,0.02380201407
x/Dj=10,10.0,0.7311573029,0.401876241,0.009074271657,0.007554023061,0.02349727042
x/Dj=10,10.0,0.7492167354,0.3931264579,0.008822382428,0.007434957661,0.02315706946
x/Dj=10,10.0,0.7687261105,0.3838099241,0.008540325798,0.007302635349,0.02277817577
x/Dj=10,10.0,0.7898026705,0.3738806546,0.008224644698,0.007155604195,0.02235632762
x/Dj=10,10.0,0.8125730753,0.3633306921,0.00787163619,0.006992619019,0.02188777365
x/Dj=10,10.0,0.8371742368,0.35213238,0.007476744242,0.00681227725,0.02136803791
x/Dj=10,10.0,0.8637545109,0.3402544856,0.00703547569,0.00661326386,0.020792678
x/Dj=10,10.0,0.8924743533,0.327684164,0.006542855874,0.00639429735,0.02015759237
x/Dj=10,10.0,0.9235073924,0.3144106865,0.005993837491,0.006154417526,0.01945882477
x/Dj=10,10.0,0.957041502,0.3004240692,0.005381837022,0.005892525427,0.01869214326
x/Dj=10,10.0,0.9932800531,0.2857193351,0.004700664897,0.005607603583,0.01785383746
x/Dj=10,10.0,1.032442927,0.2702843249,0.003944576252,0.005298797973,0.0169408787
x/Dj=10,10.0,1.074768305,0.2541494071,0.003108242992,0.004966561683,0.01595265418
x/Dj=10,10.0,1.120514035,0.2373368442,0.002184158657,0.004610579461,0.01488742325
x/Dj=10,10.0,1.16995883,0.2198594511,0.001167855109,0.004231975414,0.01374672167
x/Dj=10,10.0,1.223405004,0.2017951906,5.255831275e-05,0.003832476214,0.0125336051
x/Dj=10,10.0,1.281179667,0.1832051724,-0.001164313755,0.003414991079,0.0112549644
x/Dj=10,10.0,1.343637228,0.1641481966,-0.002486297162,0.002982306527,0.009917216375
x/Dj=10,10.0,1.411161423,0.1447561085,-0.003913117573,0.002539487788,0.008533614688
x/Dj=10,10.0,1.484168053,0.1252134293,-0.005440449342,0.002093359828,0.007123305928
x/Dj=10,10.0,1.563108206,0.1056850106,-0.00705840718,0.001650727936,0.005706117954
x/Dj=10,10.0,1.648470402,0.08643829077,-0.008744722232,0.001221132115,0.004310770892
x/Dj=10,10.0,1.740784407,0.06786003709,-0.01045505982,0.0008163538878,0.002975664567
x/Dj=10,10.0,1.840624928,0.05077026412,-0.01207301766,0.0004556824279,0.00176924339
x/Dj=10,10.0,1.948615432,0.03675799444,-0.01332040876,0.0001718497952,0.0007915431052
x/Dj=10,10.0,2.06543231,0.0284528099,-0.01371723041,2.959912126e-05,0.0001957641944
x/Dj=10,10.0,2.191810369,0.02609337308,-0.01323223207,1.866490464e-07,9.324037819e-06
x/Dj=10,10.0,2.328547239,0.02651203237,-0.01241172012,-9.320539895e-09,8.517368855e-08
x/Dj=10,10.0,2.476509571,0.02645792812,-0.0116792582,3.616790569e-13,2.742211319e-11
x/Dj=10,10.0,2.636639595,0.0264085494,-0.01097543258,1.41792055e-13,2.675374332e-11
x/Dj=10,10.0,2.809961796,0.02635082603,-0.01030834578,3.449166408e-13,2.67128264e-11
x/Dj=10,10.0,2.997590542,0.02626411058,-0.009665057063,4.882566248e-13,2.666727429e-11
x/Dj=10,10.0,3.200739145,0.0261816252,-0.00905439537,4.233946093e-13,2.661768896e-11
x/Dj=10,10.0,3.42072916,0.0261206422,-0.008456081152,3.492116264e-13,2.656483367e-11
x/Dj=10,10.0,3.65900135,0.02608352341,-0.007890014909,2.996698213e-13,2.650796943e-11
x/Dj=10,10.0,3.917126656,0.02604691498,-0.007359200623,3.281691325e-13,2.644705635e-11
x/Dj=10,10.0,4.196819305,0.02600571327,-0.006859289948,3.14948317e-13,2.638221065e-11
x/Dj=10,10.0,4.499952316,0.02596834861,-0.006394709926,3.01240261e-13,2.631470562e-11
x/Dj=10,10.0,4.828574181,0.0259334296,-0.005955049768,2.935689344e-13,2.6245622e-11
x/Dj=10,10.0,5.184924126,0.02589932084,-0.005541228689,2.897941761e-13,2.617670837e-11
x/Dj=10,10.0,5.571456432,0.02586756647,-0.005161253735,2.845044079e-13,2.611235707e-11
x/Dj=10,10.0,5.990862846,0.02583757788,-0.004805162083,2.640174863e-13,2.605456129e-11
x/Dj=10,10.0,6.446096897,0.02582065947,-0.004469913431,2.203932566e-13,2.600542177e-11
x/Dj=10,10.0,6.940405846,0.02581992559,-0.004154765047,2.019458412e-13,2.596461067e-11
x/Dj=10,10.0,7.477362633,0.02582403831,-0.003863052232,2.05047188e-13,2.593035509e-11
x/Dj=10,10.0,8.06090641,0.0258289706,-0.003588329768,2.142060943e-13,2.589960885e-11
x/Dj=10,10.0,8.695384979,0.02583118528,-0.003331702668,2.23115485e-13,2.587273278e-11
x/Dj=10,10.0,9.385604858,0.02583034895,-0.003093340667,2.137703534e-13,2.585044678e-11
x/Dj=10,10.0,10.13689232,0.02583763562,-0.002871451434,1.920624169e-13,2.583176555e-11
x/Dj=10,10.0,10.95515728,0.02584866062,-0.002668623347,1.817184234e-13,2.581009365e-11
x/Dj=10,10.0,11.84697342,0.02585024759,-0.002481372794,2.009832188e-13,2.577531071e-11
x/Dj=10,10.0,12.81966877,0.02581286617,-0.002307647839,2.326137059e-13,2.572100345e-11
x/Dj=10,10.0,13.88143063,0.02573562972,-0.002141163219,2.437712033e-13,2.565714134e-11
x/Dj=10,10.0,15.04143238,0.02562325075,-0.001972816652,2.539742234e-13,2.564593676e-11
x/Dj=10,10.0,16.3099823,0.0254393965,-0.001790464274,3.202966863e-13,2.577450232e-11
x/Dj=10,10.0,17.69869232,0.025046492,-0.001586943283,3.947042346e-13,2.628805854e-11
x/Dj=10,10.0,19.22069931,0.02450297587,-0.001345598837,4.149120012e-13,2.806799064e-11
x/Dj=10,10.0,20.89090538,0.02380779386,-0.001083373092,4.054858391e-13,3.332351756e-11
x/Dj=10,10.0,22.72629166,0.02297978848,-0.0008325821836,3.138204757e-13,4.895365363e-11
x/Dj=10,10.0,24.74628448,0.02220252343,-0.0006149345427,7.220335441e-13,1.077597803e-10
x/Dj=15,15.0,0.001276876777,0.4529810548,7.8000965e-05,8.112903743e-06,0.01519806962
x/Dj=15,15.0,0.003942391835,0.4529796243,0.0001930127764,2.720452903e-05,0.01519810315
x/Dj=15,15.0,0.006839782,0.452973038,0.0001668117766,5.573617091e-05,0.01519825682
x/Dj=15,15.0,0.009986088611,0.4529616833,0.000196744033,8.176428673e-05,0.0151985269
x/Dj=15,15.0,0.01339897607,0.4529439807,0.0002515135857,0.0001097800268,0.01519894879
x/Dj=15,15.0,0.01709663123,0.4529192448,0.0003177731414,0.0001399100875,0.01519954391
x/Dj=15,15.0,0.02109762281,0.4528853297,0.0003916410787,0.0001730349031,0.01520036161
x/Dj=15,15.0,0.0254207328,0.452840656,0.0004718535347,0.0002088017063,0.01520144287
x/Dj=15,15.0,0.0300847441,0.4527834356,0.0005583808525,0.0002474405919,0.01520282589
x/Dj=15,15.0,0.03510820121,0.4527114332,0.0006514863344,0.0002889296738,0.01520455908
x/Dj=15,15.0,0.04050911963,0.4526208639,0.0007513933233,0.000333531294,0.01520673186
x/Dj=15,15.0,0.04630465806,0.4525093734,0.0008586709737,0.0003814665542,0.01520940848
x/Dj=15,15.0,0.05251073092,0.4523740709,0.0009731987375,0.0004326624912,0.01521264575
x/Dj=15,15.0,0.05914162099,0.4522099495,0.001095541054,0.0004875108716,0.01521656197
x/Dj=15,15.0,0.06620952487,0.4520136714,0.0012255396,0.0005457610823,0.01522121858
x/Dj=15,15.0,0.07372406125,0.4517821372,0.001363380929,0.0006074511912,0.0152266901
x/Dj=15,15.0,0.0816918239,0.4515074492,0.001509274822,0.0006728955777,0.01523315161
x/Dj=15,15.0,0.0901158601,0.4511876106,0.001662803697,0.0007418212481,0.01524062268
x/Dj=15,15.0,0.09899522364,0.4508174658,0.001824000152,0.0008141861763,0.01524920855
x/Dj=15,15.0,0.1083244979,0.450392127,0.001992612612,0.0008900591056,0.01525899675
x/Dj=15,15.0,0.118093431,0.4499067068,0.002168211155,0.0009689676226,0.01527006365
x/Dj=15,15.0,0.128286615,0.4493554235,0.002350478433,0.001050774939,0.0152825173
x/Dj=15,15.0,0.1388832778,0.4487359226,0.002538283123,0.001135494211,0.01529632695
x/Dj=15,15.0,0.1498571634,0.4480449259,0.002731186803,0.001222479506,0.01531152893
x/Dj=15,15.0,0.1611765772,0.4472797513,0.002928409027,0.001311557251,0.01532810926
x/Dj=15,15.0,0.1728046238,0.4464390874,0.003129009856,0.001402027323,0.01534602698
x/Dj=15,15.0,0.184699446,0.4455227554,0.003332002787,0.001493679709,0.01536520291
x/Dj=15,15.0,0.1968148351,0.4445315301,0.003536251141,0.001586061437,0.01538553275
x/Dj=15,15.0,0.2091008127,0.4434679151,0.003740757238,0.001678528031,0.01540687121
x/Dj=15,15.0,0.2215044498,0.4423355162,0.003944449592,0.001770701027,0.01542905439
x/Dj=15,15.0,0.2339707166,0.441139549,0.004146249499,0.001861737459,0.01545188762
x/Dj=15,15.0,0.2464434803,0.439881891,0.00434512645,0.001951849204,0.01547524612
x/Dj=15,15.0,0.2588665485,0.4385747015,0.004539729096,0.002039824147,0.01549878065
x/Dj=15,15.0,0.2711845934,0.4372258782,0.00472944323,0.002125637839,0.01552231796
x/Dj=15,15.0,0.283344239,0.4358418286,0.004913663026,0.002209140221,0.01554572117
x/Dj=15,15.0,0.2952948213,0.4344319105,0.005090930965,0.002289414639,0.01556865592
x/Dj=15,15.0,0.3069894016,0.4330101907,0.005261372775,0.002366733737,0.01559100766
x/Dj=15,15.0,0.3183852434,0.4315762818,0.005424186587,0.002440508688,0.01561265718
x/Dj=15,15.0,0.3294444382,0.4301491976,0.005579352845,0.002511063125,0.01563343965
x/Dj=15,15.0,0.3401342928,0.4287336171,0.005725987256,0.00257765688,0.01565312967
x/Dj=15,15.0,0.3504275084,0.4273364842,0.005864628591,0.002640654566,0.01567180827
x/Dj=15,15.0,0.3603022993,0.4259681404,0.005995113868,0.002700023353,0.01568935998
x/Dj=15,15.0,0.3697421551,0.4246343374,0.006117386743,0.002755782334,0.01570575126
x/Dj=15,15.0,0.3787358701,0.423342973,0.006231627893,0.002807750599,0.01572089829
x/Dj=15,15.0,0.3872771859,0.4220927954,0.006338193547,0.00285634934,0.01573493332
x/Dj=15,15.0,0.3953642249,0.4208910763,0.006437232718,0.002901592059,0.01574785821
x/Dj=15,15.0,0.4029993415,0.4197378159,0.006529078353,0.002943566767,0.01575970463
x/Dj=15,15.0,0.4101884663,0.4186404645,0.006614004262,0.002982464852,0.0157704521
x/Dj=15,15.0,0.4169406593,0.4175984561,0.006692449097,0.003018353833,0.0157802254
x/Dj=15,15.0,0.4232676029,0.4166130126,0.006765039172,0.003051512409,0.01578911208
x/Dj=15,15.0,0.4291831851,0.4156821072,0.006832339335,0.003082240233,0.01579723135
x/Dj=15,15.0,0.434703052,0.4148035347,0.006894438993,0.003110280493,0.01580442674
x/Dj=15,15.0,0.4398440719,0.4139825702,0.006951536518,0.003136114916,0.01581097394
x/Dj=15,15.0,0.444624126,0.4132097065,0.007003617939,0.00315982406,0.01581688784
x/Dj=15,15.0,0.4490616322,0.4124911726,0.00705117872,0.003181571839,0.01582215913
x/Dj=15,15.0,0.4531752765,0.4118179083,0.007094808854,0.00320166559,0.01582694054
x/Dj=15,15.0,0.4569838345,0.411195159,0.007134694606,0.003220007056,0.01583120786
x/Dj=15,15.0,0.4605059028,0.4106118083,0.007171106059,0.003236811142,0.01583502814
x/Dj=15,15.0,0.4637596905,0.4100728631,0.007204744034,0.003252335126,0.01583855785
x/Dj=15,15.0,0.4667629004,0.4095742702,0.007235053461,0.003266245592,0.01584157161
x/Dj=15,15.0,0.4695326686,0.4091102183,0.007262976374,0.003279090859,0.01584434882
x/Dj=15,15.0,0.4720854759,0.4086824954,0.007288711611,0.003290930064,0.01584690996
x/Dj=15,15.0,0.4744368792,0.4082897007,0.007311992347,0.003301638179,0.01584911719
x/Dj=15,15.0,0.4766018391,0.4079229236,0.007333276328,0.003311486216,0.01585110463
x/Dj=15,15.0,0.4785944223,0.4075853527,0.007352865767,0.00332055008,0.01585293375
x/Dj=15,15.0,0.4804278612,0.4072747529,0.007370890584,0.003328890074,0.01585461572
x/Dj=15,15.0,0.4821145535,0.4069923759,0.007387350779,0.003336469876,0.01585611887
x/Dj=15,15.0,0.4836661816,0.4067267179,0.00740219513,0.003343366319,0.01585740596
x/Dj=15,15.0,0.4850935936,0.4064822793,0.007415851578,0.003349711187,0.0158585906
x/Dj=15,15.0,0.4864068031,0.406257391,0.00742841512,0.003355548717,0.01585968025
x/Dj=15,15.0,0.4876152575,0.4060504138,0.007439976558,0.003360920353,0.01586068422
x/Dj=15,15.0,0.4887275994,0.4058599472,0.007450618781,0.003365864744,0.01586160623
x/Dj=15,15.0,0.4897518754,0.4056845307,0.007460418157,0.003370417748,0.01586245745
x/Dj=15,15.0,0.4906954467,0.4055243433,0.007469427306,0.003374589374,0.01586323231
x/Dj=15,15.0,0.4915651679,0.4053765237,0.007477518637,0.0033783135,0.01586386934
x/Dj=15,15.0,0.4923673868,0.4052377045,0.0074849925,0.003381774761,0.01586446166
x/Dj=15,15.0,0.4931077659,0.4051095843,0.007491890341,0.003384968964,0.01586500742
x/Dj=15,15.0,0.4937916696,0.4049912095,0.007498261984,0.003387919627,0.01586551219
x/Dj=15,15.0,0.4944239855,0.4048818052,0.007504153065,0.003390647704,0.01586597785
x/Dj=15,15.0,0.4950091243,0.4047805369,0.007509604562,0.003393172286,0.01586640999
x/Dj=15,15.0,0.4955511689,0.404686749,0.007514654659,0.003395510837,0.01586680859
x/Dj=15,15.0,0.4960539043,0.404599756,0.00751933828,0.003397679888,0.01586718112
x/Dj=15,15.0,0.4965206981,0.4045189619,0.007523687091,0.003399693873,0.01586752385
x/Dj=15,15.0,0.4969546497,0.4044438601,0.007527730428,0.003401566064,0.01586784422
x/Dj=15,15.0,0.49735865,0.4043739438,0.007531493902,0.003403309267,0.01586814225
x/Dj=15,15.0,0.4977352619,0.4043087959,0.00753500266,0.003404934192,0.01586841978
x/Dj=15,15.0,0.4980868697,0.4042479396,0.007538278587,0.003406451084,0.01586867869
x/Dj=15,15.0,0.4984156191,0.404191047,0.007541341707,0.003407869488,0.0158689227
x/Dj=15,15.0,0.4987234771,0.4041377604,0.007544209715,0.003409197787,0.01586914808
x/Dj=15,15.0,0.4990122318,0.4040878117,0.00754689984,0.003410443431,0.01586936228
x/Dj=15,15.0,0.4992835522,0.4040408432,0.007549427915,0.003411614103,0.01586956158
x/Dj=15,15.0,0.4995388389,0.4039973021,0.007551798597,0.003412706312,0.01586974785
x/Dj=15,15.0,0.4997795224,0.4039573669,0.007554005366,0.00341371214,0.01586991176
x/Dj=15,15.0,0.5000067353,0.4039191902,0.007556048222,0.003414646722,0.01587005332
x/Dj=15,15.0,0.5002217293,0.4038816094,0.007557996083,0.003415551502,0.01587019116
x/Dj=15,15.0,0.5004253983,0.4038460255,0.007559841033,0.003416408785,0.0158703234
x/Dj=15,15.0,0.5006232858,0.4038114548,0.007561633829,0.00341724162,0.01587045006
x/Dj=15,15.0,0.5008255243,0.4037761092,0.007563465741,0.003418092849,0.01587058045
x/Dj=15,15.0,0.5010375381,0.4037390351,0.007565386593,0.003418985056,0.01587071642
x/Dj=15,15.0,0.5012603998,0.4037000835,0.007567405701,0.00341992313,0.01587085985
x/Dj=15,15.0,0.5014950633,0.4036590755,0.007569531444,0.003420910565,0.01587101072
x/Dj=15,15.0,0.501742661,0.4036158025,0.007571774535,0.003421952715,0.01587117091
x/Dj=15,15.0,0.5020044446,0.403570056,0.007574146148,0.00342305447,0.01587133855
x/Dj=15,15.0,0.5022817254,0.4035215974,0.007576657925,0.00342422165,0.01587151736
x/Dj=15,15.0,0.5025758743,0.4034701884,0.007579322439,0.00342545961,0.01587170549
x/Dj=15,15.0,0.5028883219,0.4034155905,0.007582153194,0.003426774638,0.01587190665
x/Dj=15,15.0,0.5032205582,0.4033575058,0.007585162763,0.003428172786,0.01587212086
x/Dj=15,15.0,0.5035742521,0.4032956958,0.007588366978,0.003429661505,0.0158723481
x/Dj=15,15.0,0.5039510727,0.4032298326,0.007591780741,0.003431247547,0.01587259024
x/Dj=15,15.0,0.5043527484,0.4031596482,0.007595419418,0.003432938131,0.01587284915
x/Dj=15,15.0,0.5047810078,0.4030847847,0.007599299308,0.003434740473,0.01587312482
x/Dj=15,15.0,0.5052376986,0.4030049741,0.007603436708,0.00343666249,0.01587341726
x/Dj=15,15.0,0.5057281852,0.4029192626,0.007607880048,0.003438726999,0.01587373391
x/Dj=15,15.0,0.5062550306,0.4028271735,0.007612652611,0.003440944245,0.01587407291
x/Dj=15,15.0,0.5068169832,0.402728945,0.007617743686,0.003443309339,0.01587443426
x/Dj=15,15.0,0.5074157119,0.4026243091,0.007623167243,0.003445829265,0.01587481797
x/Dj=15,15.0,0.5080527067,0.4025129974,0.007628938183,0.00344851031,0.01587522775
x/Dj=15,15.0,0.5087293386,0.4023968875,0.007635039743,0.003451324534,0.0158756543
x/Dj=15,15.0,0.5094466209,0.4022721052,0.00764133269,0.003454243997,0.01587604173
x/Dj=15,15.0,0.5102052689,0.4021382034,0.007648002822,0.003457356943,0.01587645523
x/Dj=15,15.0,0.5110058188,0.4019969106,0.007655041758,0.003460641718,0.01587689109
x/Dj=15,15.0,0.5118480921,0.4018482566,0.007662447635,0.003464097856,0.01587735116
x/Dj=15,15.0,0.5127317905,0.4016922712,0.007670217194,0.00346772396,0.01587783359
x/Dj=15,15.0,0.5136559606,0.4015291631,0.007678342983,0.003471516073,0.0158783365
x/Dj=15,15.0,0.514619112,0.4013591707,0.007686811499,0.00347546814,0.01587886177
x/Dj=15,15.0,0.5156190991,0.4011826813,0.007695604116,0.003479571315,0.01587940753
x/Dj=15,15.0,0.5166534781,0.4010001123,0.007704698946,0.003483815584,0.01587997191
x/Dj=15,15.0,0.5177191496,0.4008140266,0.007714053616,0.0034881623,0.01588054933
x/Dj=15,15.0,0.5188294649,0.4006183147,0.007723513059,0.003492558375,0.01588104106
x/Dj=15,15.0,0.5200125575,0.4004075527,0.007733604871,0.003497268772,0.01588156633
x/Dj=15,15.0,0.5212849379,0.4001809061,0.00774445897,0.003502334701,0.01588213071
x/Dj=15,15.0,0.5226536393,0.3999370933,0.007756134495,0.003507784335,0.01588273793
x/Dj=15,15.0,0.5241265297,0.3996747434,0.007768698502,0.00351364864,0.01588339359
x/Dj=15,15.0,0.5257119536,0.3993923366,0.007782222703,0.003519960912,0.0158840958
x/Dj=15,15.0,0.5274189711,0.3990912735,0.00779659627,0.003526643384,0.01588478684
x/Dj=15,15.0,0.5292574167,0.3987608254,0.007811808959,0.003533775685,0.01588541269
x/Dj=15,15.0,0.531237781,0.3984048367,0.007828196511,0.003541458398,0.01588608883
x/Dj=15,15.0,0.5333715081,0.3980212808,0.007845852524,0.003549736226,0.01588681526
x/Dj=15,15.0,0.5356709361,0.397608608,0.00786487665,0.003558649449,0.01588759944
x/Dj=15,15.0,0.5381493568,0.3971629441,0.007884756662,0.003567974549,0.01588820107
x/Dj=15,15.0,0.5408211946,0.3966784477,0.007906149141,0.003578047268,0.01588882692
x/Dj=15,15.0,0.5437020063,0.3961560726,0.007929214276,0.003588907653,0.01588950306
x/Dj=15,15.0,0.5468085408,0.3955940902,0.007953586988,0.003600340569,0.01589003578
x/Dj=15,15.0,0.5501589775,0.3949814439,0.007979518734,0.003612540429,0.01589045487
x/Dj=15,15.0,0.5537729263,0.3943206072,0.008007491007,0.003625700017,0.0158909075
x/Dj=15,15.0,0.5576715469,0.3936066628,0.008036717772,0.003639477771,0.01589100808
x/Dj=15,15.0,0.5618778467,0.3928313255,0.00806815736,0.003654344007,0.01589106582
x/Dj=15,15.0,0.5664163828,0.3919944167,0.008101247251,0.003670036327,0.01589078456
x/Dj=15,15.0,0.5713140368,0.3910845816,0.008136549965,0.003686858341,0.01589029282
x/Dj=15,15.0,0.5765995979,0.3901011348,0.008173555136,0.003704477334,0.0158893019
x/Dj=15,15.0,0.5823043585,0.3890368044,0.008213003166,0.003723278409,0.01588801667
x/Dj=15,15.0,0.5884619951,0.387876004,0.00825411547,0.003742980305,0.01588595472
x/Dj=15,15.0,0.5951089859,0.3866217434,0.008297405206,0.003763778601,0.01588325016
x/Dj=15,15.0,0.6022846699,0.3852612674,0.008342870511,0.003785719629,0.0158797577
x/Dj=15,15.0,0.610031724,0.3837845325,0.008390337229,0.00380873587,0.0158752501
x/Dj=15,15.0,0.618396163,0.382175982,0.008439525031,0.003832788672,0.01586938091
x/Dj=15,15.0,0.6274276972,0.3804332018,0.00849039387,0.003857668722,0.01586199552
x/Dj=15,15.0,0.6371801496,0.3785408437,0.008542832918,0.003883483354,0.01585282013
x/Dj=15,15.0,0.6477115154,0.3764872253,0.008596277796,0.003910247236,0.01584142074
x/Dj=15,15.0,0.6590847373,0.3742507398,0.008650482632,0.003937536851,0.01582729444
x/Dj=15,15.0,0.6713677049,0.3718203902,0.008705036715,0.003965395037,0.01581007615
x/Dj=15,15.0,0.6846337318,0.3691833317,0.008759617805,0.003993650898,0.01578929834
x/Dj=15,15.0,0.6989623308,0.3663096726,0.008812466636,0.004021870904,0.01576369442
x/Dj=15,15.0,0.7144392729,0.3631908,0.008863748051,0.004049902782,0.01573303156
x/Dj=15,15.0,0.7311573029,0.3597950041,0.008911716752,0.004077218007,0.01569595747
x/Dj=15,15.0,0.7492167354,0.3561067581,0.008954939432,0.004103368148,0.01565135829
x/Dj=15,15.0,0.7687261105,0.3520978391,0.008991978131,0.0041278149,0.01559798792
x/Dj=15,15.0,0.7898026705,0.3477449119,0.009020802565,0.004150023218,0.01553425938
x/Dj=15,15.0,0.8125730753,0.3430111408,0.009039052762,0.004168813583,0.01545804646
x/Dj=15,15.0,0.8371742368,0.3378718495,0.009044135921,0.004183581099,0.01536764111
x/Dj=15,15.0,0.8637545109,0.3322995305,0.009033098817,0.004193108063,0.01526053715
x/Dj=15,15.0,0.8924743533,0.3262522221,0.009002025239,0.004196627997,0.01513388753
x/Dj=15,15.0,0.9235073924,0.3197052777,0.008946496993,0.004192338325,0.01498456765
x/Dj=15,15.0,0.957041502,0.3126199543,0.008862379938,0.004179003183,0.0148092797
x/Dj=15,15.0,0.9932800531,0.3049616814,0.008744176477,0.004154880997,0.01460402273
x/Dj=15,15.0,1.032442927,0.2966962159,0.00858585164,0.004118339624,0.01436463185
x/Dj=15,15.0,1.074768305,0.2877908349,0.008380602114,0.004067406524,0.0140865054
x/Dj=15,15.0,1.120514035,0.2782145143,0.008121168241,0.004000193905,0.01376479398
x/Dj=15,15.0,1.16995883,0.2679399848,0.007799293846,0.003914787434,0.01339447405
x/Dj=15,15.0,1.223405004,0.2569433451,0.007406436373,0.003809365677,0.01297044475
x/Dj=15,15.0,1.281179667,0.2452070862,0.006935691461,0.003681806615,0.01248772629
x/Dj=15,15.0,1.343637228,0.232723102,0.006376008037,0.003530342365,0.01194172632
x/Dj=15,15.0,1.411161423,0.2194900662,0.005715377163,0.003354589222,0.01132853888
x/Dj=15,15.0,1.484168053,0.2055176049,0.004946529865,0.00315342634,0.01064528618
x/Dj=15,15.0,1.563108206,0.1908306479,0.004058241844,0.002926524496,0.009889583103
x/Dj=15,15.0,1.648470402,0.1754846424,0.003043884411,0.002675319323,0.009063576348
x/Dj=15,15.0,1.740784407,0.1595189422,0.001898524933,0.002401265316,0.008169550449
x/Dj=15,15.0,1.840624928,0.1430420578,0.0006137558375,0.002107443754,0.00721314922
x/Dj=15,15.0,1.948615432,0.1261480302,-0.0008013751358,0.001795513905,0.006204764359
x/Dj=15,15.0,2.06543231,0.1090269536,-0.002354034688,0.001478232327,0.005159717053
x/Dj=15,15.0,2.191810369,0.09181604534,-0.004023025744,0.001156450831,0.00409572944
x/Dj=15,15.0,2.328547239,0.074800767,-0.005778557621,0.0008402313106,0.003038814059
x/Dj=15,15.0,2.476509571,0.05840128288,-0.007569921203,0.0005414615734,0.002025677124
x/Dj=15,15.0,2.636639595,0.04343397915,-0.009270166047,0.000276095001,0.001115477411
x/Dj=15,15.0,2.809961796,0.03179626167,-0.01053554472,7.681977149e-05,0.0004064417153
x/Dj=15,15.0,2.997590542,0.02636322193,-0.01077740267,6.190078238e-06,5.374084867e-05
x/Dj=15,15.0,3.200739145,0.02575767599,-0.01020414196,2.850214287e-08,1.261643661e-06
x/Dj=15,15.0,3.42072916,0.0260347873,-0.009485376999,-2.689083851e-11,2.928643161e-10
x/Dj=15,15.0,3.65900135,0.02600952797,-0.008856425062,-1.619968401e-13,1.975324591e-11
x/Dj=15,15.0,3.917126656,0.02599338256,-0.008257980458,-2.465342383e-13,1.973157922e-11
x/Dj=15,15.0,4.196819305,0.02597994544,-0.007695195265,-1.76905799e-13,1.9709007e-11
x/Dj=15,15.0,4.499952316,0.02596032806,-0.007169685792,-1.347082304e-13,1.968577384e-11
x/Dj=15,15.0,4.828574181,0.02593206055,-0.006675165612,-1.105049144e-13,1.966213303e-11
x/Dj=15,15.0,5.184924126,0.02591275051,-0.006215800997,-1.285491895e-13,1.963911672e-11
x/Dj=15,15.0,5.571456432,0.02590257861,-0.005776632112,-1.317449161e-13,1.961653236e-11
x/Dj=15,15.0,5.990862846,0.02589857951,-0.005369141698,-1.2640293e-13,1.959478413e-11
x/Dj=15,15.0,6.446096897,0.02589825541,-0.004980645608,-1.116038211e-13,1.957326141e-11
x/Dj=15,15.0,6.940405846,0.02589713596,-0.004620155785,-8.126614345e-14,1.95521186e-11
x/Dj=15,15.0,7.477362633,0.02588960528,-0.004280309658,-6.246117176e-14,1.953121692e-11
x/Dj=15,15.0,8.06090641,0.02588583902,-0.003960419446,-6.73408337e-14,1.951123464e-11
x/Dj=15,15.0,8.695384979,0.02589030564,-0.003664079122,-6.331466926e-14,1.949140849e-11
x/Dj=15,15.0,9.385604858,0.02589407936,-0.0033850912,-4.723880724e-14,1.946495742e-11
x/Dj=15,15.0,10.13689232,0.02589000575,-0.003122317838,-4.646714667e-14,1.942452622e-11
x/Dj=15,15.0,10.95515728,0.02588879503,-0.002871745732,-4.229137589e-14,1.939540889e-11
x/Dj=15,15.0,11.84697342,0.02586117014,-0.00262334384,8.350014372e-15,1.93905187e-11
x/Dj=15,15.0,12.81966877,0.02576162107,-0.002375226701,1.243924262e-13,1.939075116e-11
x/Dj=15,15.0,13.88143063,0.02556050755,-0.002123046434,2.014682231e-13,1.941843561e-11
x/Dj=15,15.0,15.04143238,0.02531174198,-0.001866210485,2.589443959e-13,1.96227045e-11
x/Dj=15,15.0,16.3099823,0.02499012463,-0.001619563438,3.199169987e-13,2.016302229e-11
x/Dj=15,15.0,17.69869232,0.02460507303,-0.001390137244,4.286480567e-13,2.138966088e-11
x/Dj=15,15.0,19.22069931,0.02407579497,-0.001190918265,5.325537645e-13,2.397375354e-11
x/Dj=15,15.0,20.89090538,0.0234533567,-0.001017281553,6.090521425e-13,2.911629271e-11
x/Dj=15,15.0,22.72629166,0.02273290046,-0.0008738758625,5.927302377e-13,4.106943952e-11
x/Dj=15,15.0,24.74628448,0.02213117108,-0.0007398189628,8.282650282e-13,8.524489448e-11
x/Dj=20,20.0,0.001276876777,0.3246256113,3.769729301e-05,2.995739806e-06,0.009049259126
x/Dj=20,20.0,0.003942391835,0.3246255517,0.0001141009852,8.816557056e-06,0.009049259126
x/Dj=20,20.0,0.006839782,0.3246232569,9.908733773e-05,1.890040221e-05,0.009049286135
x/Dj=20,20.0,0.009986088611,0.3246195614,0.0001047099504,2.8545639e-05,0.009049328044
x/Dj=20,20.0,0.01339897607,0.3246141076,0.0001260998397,3.842416845e-05,0.009049389511
x/Dj=20,20.0,0.01709663123,0.3246063888,0.0001565381244,4.913724115e-05,0.009049478918
x/Dj=20,20.0,0.02109762281,0.3245958388,0.0001920806681,6.075705824e-05,0.009049600922
x/Dj=20,20.0,0.0254207328,0.3245818317,0.00023123961,7.332026144e-05,0.009049763903
x/Dj=20,20.0,0.0300847441,0.3245638609,0.0002736878232,8.698726742e-05,0.009049971588
x/Dj=20,20.0,0.03510820121,0.3245410919,0.0003194741148,0.0001016438109,0.009050236084
x/Dj=20,20.0,0.04050911963,0.3245128095,0.0003686702985,0.0001174346835,0.00905056484
x/Dj=20,20.0,0.04630465806,0.3244779706,0.0004211377236,0.0001343059703,0.009050964378
x/Dj=20,20.0,0.05251073092,0.3244349658,0.0004776186834,0.0001523702522,0.009051459841
x/Dj=20,20.0,0.05914162099,0.324383378,0.000537950953,0.0001719028369,0.009052053094
x/Dj=20,20.0,0.06620952487,0.3243216276,0.0006018631975,0.0001924418757,0.009052758105
x/Dj=20,20.0,0.07372406125,0.3242480755,0.0006700638914,0.0002145097678,0.009053598158
x/Dj=20,20.0,0.0816918239,0.3241615891,0.000742034521,0.0002377543715,0.009054577909
x/Dj=20,20.0,0.0901158601,0.3240608871,0.0008180826553,0.0002625590132,0.009055716917
x/Dj=20,20.0,0.09899522364,0.3239428699,0.0008982620784,0.0002884113055,0.009057045914
x/Dj=20,20.0,0.1083244979,0.3238077164,0.0009820843115,0.000315684767,0.009058556519
x/Dj=20,20.0,0.118093431,0.3236534595,0.001069633639,0.0003440830333,0.009060269222
x/Dj=20,20.0,0.128286615,0.3234778345,0.00116105366,0.0003737892257,0.009062209167
x/Dj=20,20.0,0.1388832778,0.3232795298,0.001255738782,0.0004045754031,0.009064381011
x/Dj=20,20.0,0.1498571634,0.3230582774,0.001353277126,0.000436359056,0.009066779166
x/Dj=20,20.0,0.1611765772,0.3228128254,0.001453496167,0.0004689417547,0.009069413878
x/Dj=20,20.0,0.1728046238,0.3225423992,0.001556015108,0.0005025272258,0.009072286077
x/Dj=20,20.0,0.184699446,0.3222469389,0.0016604251,0.0005365451216,0.009075385518
x/Dj=20,20.0,0.1968148351,0.3219244778,0.001766687259,0.0005712361308,0.009078737348
x/Dj=20,20.0,0.2091008127,0.3215781152,0.00187356933,0.0006061669555,0.009082270786
x/Dj=20,20.0,0.2215044498,0.3212082088,0.001980748726,0.0006411134382,0.009085989557
x/Dj=20,20.0,0.2339707166,0.3208161891,0.002087757224,0.0006762536359,0.009089865722
x/Dj=20,20.0,0.2464434803,0.3204022348,0.00219449657,0.000711077475,0.009093897417
x/Dj=20,20.0,0.2588665485,0.3199694157,0.002299802378,0.0007455165614,0.009098025039
x/Dj=20,20.0,0.2711845934,0.3195218742,0.002403395716,0.0007795381825,0.009102205746
x/Dj=20,20.0,0.283344239,0.3190585673,0.002505288692,0.0008128274349,0.00910646189
x/Dj=20,20.0,0.2952948213,0.3185869753,0.002604277804,0.0008452354814,0.009110683575
x/Dj=20,20.0,0.3069894016,0.3181058466,0.002700651763,0.0008769402048,0.009114910848
x/Dj=20,20.0,0.3183852434,0.3176231384,0.002794153523,0.0009072687826,0.009119035676
x/Dj=20,20.0,0.3294444382,0.3171361685,0.002884841291,0.0009367082384,0.009123113938
x/Dj=20,20.0,0.3401342928,0.3166518807,0.002969915047,0.0009648899431,0.009127077647
x/Dj=20,20.0,0.3504275084,0.3161750436,0.003051648848,0.0009917841526,0.009130872786
x/Dj=20,20.0,0.3603022993,0.3157032728,0.003130886471,0.001017499599,0.009134536609
x/Dj=20,20.0,0.3697421551,0.3152407408,0.003205335699,0.001041791169,0.009138044901
x/Dj=20,20.0,0.3787358701,0.3147906363,0.003275498515,0.001064735116,0.009141376242
x/Dj=20,20.0,0.3872771859,0.3143546581,0.00334157492,0.001086374512,0.009144525044
x/Dj=20,20.0,0.3953642249,0.3139344156,0.003403615439,0.001106734038,0.009147488512
x/Dj=20,20.0,0.4029993415,0.3135297596,0.003461973043,0.001125921146,0.009150284342
x/Dj=20,20.0,0.4101884663,0.3131404817,0.003516437951,0.001143858535,0.009152903222
x/Dj=20,20.0,0.4169406593,0.3127723336,0.003567050677,0.001160472049,0.009155313484
x/Dj=20,20.0,0.4232676029,0.3124237359,0.003614214947,0.001175943646,0.009157551453
x/Dj=20,20.0,0.4291831851,0.312089771,0.003658428555,0.001190482988,0.00915966928
x/Dj=20,20.0,0.434703052,0.3117779195,0.003699012334,0.001203786349,0.009161576629
x/Dj=20,20.0,0.4398440719,0.3114850223,0.003736830782,0.001216201228,0.009163358249
x/Dj=20,20.0,0.444624126,0.3112066686,0.003771801013,0.001227706904,0.009164998308
x/Dj=20,20.0,0.4490616322,0.3109492958,0.003804175183,0.001238344703,0.009166510776
x/Dj=20,20.0,0.4531752765,0.3107062876,0.003833897179,0.001248073881,0.009167886339
x/Dj=20,20.0,0.4569838345,0.3104792833,0.003861573059,0.001257156371,0.009169179015
x/Dj=20,20.0,0.4605059028,0.310272038,0.003886645427,0.001265339553,0.009170315228
x/Dj=20,20.0,0.4637596905,0.3100747466,0.003910042811,0.001273042173,0.0091713937
x/Dj=20,20.0,0.4667629004,0.3098926544,0.003931637853,0.00128015154,0.009172388352
x/Dj=20,20.0,0.4695326686,0.3097279966,0.003951074556,0.00128649699,0.009173251688
x/Dj=20,20.0,0.4720854759,0.3095705509,0.003969228361,0.001292497618,0.009174075909
x/Dj=20,20.0,0.4744368792,0.3094255328,0.003985949326,0.001298024668,0.009174835868
x/Dj=20,20.0,0.4766018391,0.3092920184,0.004001344554,0.001303113648,0.00917553436
x/Dj=20,20.0,0.4785944223,0.3091731369,0.004015089478,0.001307584811,0.009176128544
x/Dj=20,20.0,0.4804278612,0.3090581894,0.00402799109,0.001311844098,0.00917670317
x/Dj=20,20.0,0.4821145535,0.3089524508,0.004039859865,0.001315762405,0.00917723123
x/Dj=20,20.0,0.4836661816,0.3088551462,0.004050778225,0.001319366973,0.00917771738
x/Dj=20,20.0,0.4850935936,0.3087656796,0.004060822539,0.001322682947,0.009178165346
x/Dj=20,20.0,0.4864068031,0.3086833358,0.004070063122,0.001325733727,0.009178576991
x/Dj=20,20.0,0.4876152575,0.3086106777,0.004078312311,0.001328409766,0.009178926237
x/Dj=20,20.0,0.4887275994,0.3085414767,0.004085939843,0.001330896863,0.009179250337
x/Dj=20,20.0,0.4897518754,0.3084761798,0.004093072377,0.001333239954,0.009179560468
x/Dj=20,20.0,0.4906954467,0.3084160388,0.004099642858,0.00133539841,0.009179847315
x/Dj=20,20.0,0.4915651679,0.3083606064,0.004105698783,0.001337387948,0.009180110879
x/Dj=20,20.0,0.4923673868,0.3083094954,0.004111285321,0.001339223003,0.009180353954
x/Dj=20,20.0,0.4931077659,0.3082622886,0.004116440658,0.001340916613,0.009180578403
x/Dj=20,20.0,0.4937916696,0.3082186878,0.004121202976,0.001342481119,0.009180786088
x/Dj=20,20.0,0.4944239855,0.308178395,0.004125605803,0.001343927579,0.009180977941
x/Dj=20,20.0,0.4950091243,0.3081411123,0.004129680805,0.001345266006,0.009181155823
x/Dj=20,20.0,0.4955511689,0.3081065416,0.00413345499,0.001346505946,0.009181319736
x/Dj=20,20.0,0.4960539043,0.3080745041,0.004136955831,0.001347656013,0.009181472473
x/Dj=20,20.0,0.4965206981,0.3080451787,0.004140177276,0.001348709804,0.009181610309
x/Dj=20,20.0,0.4969546497,0.3080190122,0.004143095575,0.001349652186,0.009181730449
x/Dj=20,20.0,0.49735865,0.3079944253,0.004145796411,0.001350525534,0.009181840345
x/Dj=20,20.0,0.4977352619,0.3079713583,0.004148300271,0.00135133625,0.009181940928
x/Dj=20,20.0,0.4980868697,0.3079491556,0.004150682595,0.001352115069,0.009182039648
x/Dj=20,20.0,0.4984156191,0.3079278767,0.004152944777,0.001352860592,0.009182135575
x/Dj=20,20.0,0.4987234771,0.307907939,0.004155063536,0.001353558735,0.009182225913
x/Dj=20,20.0,0.4990122318,0.3078892529,0.004157050513,0.001354213571,0.009182309732
x/Dj=20,20.0,0.4992835522,0.3078716993,0.004158917814,0.001354828826,0.009182388894
x/Dj=20,20.0,0.4995388389,0.307855159,0.004160674755,0.001355407643,0.0091824634
x/Dj=20,20.0,0.4997795224,0.3078395724,0.004162331112,0.001355953515,0.009182534181
x/Dj=20,20.0,0.5000067353,0.3078248799,0.004163894337,0.001356468652,0.009182600304
x/Dj=20,20.0,0.5002217293,0.3078109622,0.004165374208,0.0013569562,0.009182663634
x/Dj=20,20.0,0.5004253983,0.3077977598,0.004166775849,0.001357418136,0.009182723239
x/Dj=20,20.0,0.5006232858,0.3077849448,0.004168137442,0.0013578668,0.009182780981
x/Dj=20,20.0,0.5008255243,0.3077718616,0.004169529304,0.001358325477,0.009182839654
x/Dj=20,20.0,0.5010375381,0.3077581525,0.004170988221,0.001358806156,0.009182902053
x/Dj=20,20.0,0.5012603998,0.3077436984,0.004172522109,0.001359311631,0.009182966314
x/Dj=20,20.0,0.5014950633,0.307728529,0.004174137022,0.001359843765,0.009183035232
x/Dj=20,20.0,0.501742661,0.3077124953,0.004175840877,0.00136040512,0.009183107875
x/Dj=20,20.0,0.5020044446,0.3076955378,0.004177642521,0.001360998838,0.009183184244
x/Dj=20,20.0,0.5022817254,0.3076775968,0.0041795508,0.001361627597,0.009183265269
x/Dj=20,20.0,0.5025758743,0.3076585531,0.00418157503,0.001362294657,0.00918335095
x/Dj=20,20.0,0.5028883219,0.3076383173,0.004183724988,0.001363003161,0.00918344222
x/Dj=20,20.0,0.5032205582,0.3076168001,0.004186011385,0.001363756484,0.009183539078
x/Dj=20,20.0,0.5035742521,0.3075939119,0.004188445397,0.001364558586,0.009183642454
x/Dj=20,20.0,0.5039510727,0.3075695038,0.004191038664,0.001365413074,0.009183752351
x/Dj=20,20.0,0.5043527484,0.3075435162,0.00419380283,0.001366323908,0.009183869697
x/Dj=20,20.0,0.5047810078,0.3075158,0.00419675,0.001367295044,0.009183995426
x/Dj=20,20.0,0.5052376986,0.3074862361,0.004199893214,0.001368330675,0.009184128605
x/Dj=20,20.0,0.5057281852,0.3074544668,0.004203268327,0.001369442907,0.009184272029
x/Dj=20,20.0,0.5062550306,0.307420373,0.004206892569,0.001370636863,0.009184425697
x/Dj=20,20.0,0.5068169832,0.3073859513,0.004210628569,0.001371846651,0.00918457564
x/Dj=20,20.0,0.5074157119,0.3073488772,0.004214576911,0.001373126986,0.009184731171
x/Dj=20,20.0,0.5080527067,0.3073081672,0.004218828864,0.001374518848,0.009184901603
x/Dj=20,20.0,0.5087293386,0.3072636724,0.004223426804,0.00137603865,0.009185090661
x/Dj=20,20.0,0.5094466209,0.3072164953,0.004228300415,0.001377649838,0.009185291827
x/Dj=20,20.0,0.5102052689,0.3071665764,0.004233455751,0.001379353926,0.0091855051
x/Dj=20,20.0,0.5110058188,0.3071139157,0.004238895141,0.001381152193,0.009185729548
x/Dj=20,20.0,0.5118480921,0.3070585132,0.004244618583,0.001383044058,0.009185966104
x/Dj=20,20.0,0.5127317905,0.3070003986,0.00425062282,0.001385029056,0.009186213836
x/Dj=20,20.0,0.5136559606,0.3069396019,0.004256902728,0.001387104974,0.009186472744
x/Dj=20,20.0,0.514619112,0.3068762422,0.004263447132,0.001389268436,0.009186742827
x/Dj=20,20.0,0.5156190991,0.3068104684,0.004270242061,0.00139151467,0.009187023155
x/Dj=20,20.0,0.5166534781,0.3067441285,0.004277162254,0.001393782906,0.009187301621
x/Dj=20,20.0,0.5177191496,0.306676954,0.004284109455,0.001396036241,0.009187566116
x/Dj=20,20.0,0.5188294649,0.3066028059,0.004291564692,0.001398500171,0.009187863208
x/Dj=20,20.0,0.5200125575,0.3065237999,0.004299508408,0.001401125686,0.009188179858
x/Dj=20,20.0,0.5212849379,0.3064388335,0.004308051895,0.001403949223,0.009188519791
x/Dj=20,20.0,0.5226536393,0.3063474298,0.004317242187,0.001406986616,0.009188885801
x/Dj=20,20.0,0.5241265297,0.3062490821,0.004327131901,0.001410255209,0.00918927975
x/Dj=20,20.0,0.5257119536,0.3061431944,0.004337776918,0.001413773512,0.009189703502
x/Dj=20,20.0,0.5274189711,0.3060332239,0.004348921124,0.001417405321,0.009190125391
x/Dj=20,20.0,0.5292574167,0.3059096038,0.00436104089,0.001421400695,0.009190586396
x/Dj=20,20.0,0.531237781,0.3057753742,0.004374159966,0.001425737864,0.009191088378
x/Dj=20,20.0,0.5333715081,0.3056307435,0.004388295114,0.001430410892,0.009191630408
x/Dj=20,20.0,0.5356709361,0.3054748774,0.004403527826,0.001435446786,0.009192213416
x/Dj=20,20.0,0.5381493568,0.305311352,0.004419524688,0.001440669177,0.00919279363
x/Dj=20,20.0,0.5408211946,0.3051275611,0.004437004682,0.00144642964,0.009193432517
x/Dj=20,20.0,0.5437020063,0.3049294055,0.004455851391,0.00145264063,0.009194121696
x/Dj=20,20.0,0.5468085408,0.3047173321,0.004476083908,0.001459292835,0.009194855578
x/Dj=20,20.0,0.5501589775,0.3044880033,0.004497507121,0.001466327114,0.009195588529
x/Dj=20,20.0,0.5537729263,0.304235816,0.004520833027,0.001474036952,0.009196397848
x/Dj=20,20.0,0.5576715469,0.3039675057,0.004545747768,0.001482230145,0.009197245352
x/Dj=20,20.0,0.5618778467,0.303671658,0.004572415724,0.001491070143,0.009198108688
x/Dj=20,20.0,0.5664163828,0.3033505082,0.004601292312,0.001500662649,0.009199049324
x/Dj=20,20.0,0.5713140368,0.3030062616,0.004631817807,0.001510709757,0.00919997599
x/Dj=20,20.0,0.5765995979,0.302627027,0.004664973356,0.001521669794,0.009200979955
x/Dj=20,20.0,0.5823043585,0.3022196293,0.004700066522,0.001533234376,0.009201961569
x/Dj=20,20.0,0.5884619951,0.3017750084,0.004737975542,0.001545762876,0.009203008376
x/Dj=20,20.0,0.5951089859,0.3012882471,0.004778249655,0.001559116296,0.00920401141
x/Dj=20,20.0,0.6022846699,0.3007626534,0.00482128188,0.00157335517,0.009205020033
x/Dj=20,20.0,0.610031724,0.3001893163,0.004867377225,0.001588632236,0.009206022136
x/Dj=20,20.0,0.618396163,0.2995582223,0.004916581791,0.001604984165,0.009206952527
x/Dj=20,20.0,0.6274276972,0.2988753319,0.004968803376,0.001622266253,0.009207786061
x/Dj=20,20.0,0.6371801496,0.2981299162,0.005024391226,0.001640722039,0.009208503179
x/Dj=20,20.0,0.6477115154,0.2973155081,0.005083478522,0.001660353155,0.009209051728
x/Dj=20,20.0,0.6590847373,0.2964251637,0.005146181677,0.001681203838,0.009209370241
x/Dj=20,20.0,0.6713677049,0.2954514325,0.005212597549,0.001703308662,0.00920938421
x/Dj=20,20.0,0.6846337318,0.2943865359,0.005282813683,0.00172665529,0.009209008887
x/Dj=20,20.0,0.6989623308,0.293225199,0.005356447306,0.001751183183,0.009208086878
x/Dj=20,20.0,0.7144392729,0.2919457257,0.005434074439,0.001777125173,0.00920649711
x/Dj=20,20.0,0.7311573029,0.2905516922,0.005515259691,0.001804300002,0.009204131551
x/Dj=20,20.0,0.7492167354,0.2890130281,0.005599909928,0.001832740731,0.009200626053
x/Dj=20,20.0,0.7687261105,0.2873329818,0.005687729921,0.001862339326,0.009195862338
x/Dj=20,20.0,0.7898026705,0.2854886949,0.005778455175,0.001893043052,0.009189482778
x/Dj=20,20.0,0.8125730753,0.2834625244,0.005871551577,0.00192478078,0.009181064554
x/Dj=20,20.0,0.8371742368,0.2812359929,0.005966423545,0.001957207685,0.009170114063
x/Dj=20,20.0,0.8637545109,0.2787889838,0.006062176544,0.001990255667,0.009156053886
x/Dj=20,20.0,0.8924743533,0.2761002481,0.006157772616,0.002023585606,0.00913821999
x/Dj=20,20.0,0.9235073924,0.2731549442,0.00625194516,0.002056900878,0.009115846828
x/Dj=20,20.0,0.957041502,0.2699084878,0.006342668552,0.00208942662,0.009087747894
x/Dj=20,20.0,0.9932800531,0.2663530707,0.006428208202,0.002121059224,0.009052959271
x/Dj=20,20.0,1.032442927,0.2624479532,0.006506395061,0.002150984714,0.009009955451
x/Dj=20,20.0,1.074768305,0.2581557631,0.006573773921,0.002178328345,0.008956802078
x/Dj=20,20.0,1.120514035,0.253459394,0.006627032533,0.002202267991,0.008891928941
x/Dj=20,20.0,1.16995883,0.2483162135,0.006661852822,0.002221893286,0.008812917396
x/Dj=20,20.0,1.223405004,0.2426912189,0.006673010066,0.002235797234,0.008717167191
x/Dj=20,20.0,1.281179667,0.2365573943,0.006655797362,0.002242751652,0.008601961657
x/Dj=20,20.0,1.343637228,0.2298679054,0.006602800451,0.002241365146,0.008463532664
x/Dj=20,20.0,1.411161423,0.222586453,0.006507030223,0.002230020007,0.0082982108
x/Dj=20,20.0,1.484168053,0.2146857977,0.006360516418,0.002206983278,0.008102201857
x/Dj=20,20.0,1.563108206,0.2061375976,0.006154160481,0.002170614898,0.007871306501
x/Dj=20,20.0,1.648470402,0.1969179362,0.00587861659,0.002119036857,0.007601199672
x/Dj=20,20.0,1.740784407,0.1870101243,0.005522179883,0.002050701994,0.007287634537
x/Dj=20,20.0,1.840624928,0.1764071584,0.005072436761,0.001963985385,0.006926650181
x/Dj=20,20.0,1.948615432,0.1651114523,0.004518640228,0.001858367352,0.006514913868
x/Dj=20,20.0,2.06543231,0.1531395763,0.003849923844,0.00173272437,0.006050108466
x/Dj=20,20.0,2.191810369,0.1405250877,0.003054225352,0.001587205916,0.005531397182
x/Dj=20,20.0,2.328547239,0.1273179948,0.002124151681,0.001422612579,0.004959871061
x/Dj=20,20.0,2.476509571,0.1135852113,0.001049948391,0.001240315614,0.004337128252
x/Dj=20,20.0,2.636639595,0.0994720459,-0.0001676767861,0.001044230768,0.003674070584
x/Dj=20,20.0,2.809961796,0.08514194936,-0.001516558928,0.0008345604292,0.002977825468
x/Dj=20,20.0,2.997590542,0.07080306113,-0.00299190986,0.0006276856293,0.002269909019
x/Dj=20,20.0,3.200739145,0.05672173947,-0.004568443168,0.000423647667,0.001570207998
x/Dj=20,20.0,3.42072916,0.0434554182,-0.006151623093,0.0002336083853,0.0009147314122
x/Dj=20,20.0,3.65900135,0.03239691257,-0.007488294505,7.722869486e-05,0.000369944697
x/Dj=20,20.0,3.917126656,0.02663249522,-0.008007084951,7.405060842e-06,5.88527073e-05
x/Dj=20,20.0,4.196819305,0.02551317401,-0.007657273207,9.162158143e-09,8.791730579e-07
x/Dj=20,20.0,4.499952316,0.02581393532,-0.007087705657,-1.489052076e-10,1.260897387e-09
x/Dj=20,20.0,4.828574181,0.02583838068,-0.006600989029,-3.671237576e-13,1.567168097e-11
x/Dj=20,20.0,5.184924126,0.02586202696,-0.006142839324,-3.611244333e-13,1.564084105e-11
x/Dj=20,20.0,5.571456432,0.025885351,-0.005710912403,-2.872299295e-13,1.560445696e-11
x/Dj=20,20.0,5.990862846,0.02589372732,-0.00530557381,-2.09371813e-13,1.558564215e-11
x/Dj=20,20.0,6.446096897,0.02589222603,-0.004927555099,-1.841766621e-13,1.556469537e-11
x/Dj=20,20.0,6.940405846,0.02589583956,-0.004573372658,-1.607552253e-13,1.554126446e-11
x/Dj=20,20.0,7.477362633,0.02588989586,-0.004239632282,-1.070311645e-13,1.551543789e-11
x/Dj=20,20.0,8.06090641,0.0258784797,-0.003930137493,-9.092829571e-14,1.548832937e-11
x/Dj=20,20.0,8.695384979,0.02586851269,-0.003634078894,-7.105782434e-14,1.546173779e-11
x/Dj=20,20.0,9.385604858,0.02583610453,-0.003353771055,9.421123109e-15,1.543922455e-11
x/Dj=20,20.0,10.13689232,0.0257621631,-0.003078635316,6.669040727e-14,1.543205841e-11
x/Dj=20,20.0,10.95515728,0.02567700483,-0.002814004198,4.225038966e-14,1.545291152e-11
x/Dj=20,20.0,11.84697342,0.02561110444,-0.002557779429,8.146817097e-14,1.552193617e-11
x/Dj=20,20.0,12.81966877,0.02548078075,-0.002312968485,1.807144251e-13,1.559330269e-11
x/Dj=20,20.0,13.88143063,0.02527662367,-0.002076143865,2.460131437e-13,1.574327821e-11
x/Dj=20,20.0,15.04143238,0.02502335981,-0.001846969244,2.848562857e-13,1.615183681e-11
x/Dj=20,20.0,16.3099823,0.0247201845,-0.001631384017,3.322439708e-13,1.694882602e-11
x/Dj=20,20.0,17.69869232,0.02435451187,-0.001436253195,3.894799251e-13,1.847055148e-11
x/Dj=20,20.0,19.22069931,0.02389457077,-0.001268618624,4.538230956e-13,2.12640669e-11
x/Dj=20,20.0,20.89090538,0.02334314398,-0.001127081807,5.128650326e-13,2.619632115e-11
x/Dj=20,20.0,22.72629166,0.0226869639,-0.001008801162,5.210947234e-13,3.615210908e-11
x/Dj=20,20.0,24.74628448,0.02207207866,-0.0008997459081,5.602363734e-13,6.827368532e-11
y/Dj=0 (centerline),0.0,0.0,0.9827777743,0.0,2.20790111e-27,7.777052335e-10
y/Dj=0 (centerline),0.0150893731,0.0,0.9836546779,-2.709049464e-20,0.0,7.766806087e-10
y/Dj=0 (centerline),0.03053989634,0.0,0.9851976037,0.0,-1.065248993e-27,7.759806686e-10
y/Dj=0 (centerline),0.04635897279,0.0,0.9864330292,0.0,-5.20457802e-14,7.752662956e-10
y/Dj=0 (centerline),0.06255406886,0.0,0.9876042008,-2.709049141e-20,0.0,7.745371011e-10
y/Dj=0 (centerline),0.07913275063,0.0,0.9886764288,0.0,-9.926602119e-28,7.737928631e-10
y/Dj=0 (centerline),0.09610265493,0.0,0.9896596074,0.0,0.0,7.730333595e-10
y/Dj=0 (centerline),0.1134715006,0.0,0.9905564785,0.0,0.0,7.722582018e-10
y/Dj=0 (centerline),0.1312471032,0.0,0.9913722277,0.0,4.628606213e-28,7.714672234e-10
y/Dj=0 (centerline),0.1494372785,0.0,0.9921113253,-1.35452457e-20,0.0,7.706599248e-10
y/Dj=0 (centerline),0.1680500209,0.0,0.9927800298,0.0,-4.420091556e-28,7.698362503e-10
y/Dj=0 (centerline),0.1870933175,0.0,0.9933822751,0.0,0.0,7.68995867e-10
y/Dj=0 (centerline),0.2065752,0.0,0.9939240813,0.0,0.0,7.681383862e-10
y/Dj=0 (centerline),0.2265037894,0.0,0.9944096804,0.0,0.0,7.67263697e-10
y/Dj=0 (centerline),0.2468872368,0.0,0.9948443174,0.0,0.0,7.663714663e-10
y/Dj=0 (centerline),0.2677337527,0.0,0.9952319264,0.0,0.0,7.654615275e-10
y/Dj=0 (centerline),0.2890515924,0.0,0.9955782294,0.0,5.201021159e-14,7.645334921e-10
y/Dj=0 (centerline),0.3108489513,0.0,0.9958866835,0.0,0.0,7.63587249e-10
y/Dj=0 (centerline),0.3331342638,0.0,0.9961606264,0.0,5.200388256e-14,7.626224652e-10
y/Dj=0 (centerline),0.355915755,0.0,0.9964023232,0.0,0.0,7.616389741e-10
y/Dj=0 (centerline),0.3792017698,0.0,0.9966166019,0.0,0.0,7.606364982e-10
y/Dj=0 (centerline),0.4030005932,0.0,0.9968060255,0.0,0.0,7.59614871e-10
y/Dj=0 (centerline),0.4273205996,0.0,0.9969716072,0.0,0.0,7.585738149e-10
y/Dj=0 (centerline),0.4521701336,0.0,0.9971151948,0.0,0.0,7.575131633e-10
y/Dj=0 (centerline),0.4775574803,0.0,0.9972404838,0.0,0.0,7.564328053e-10
y/Dj=0 (centerline),0.5034908056,0.0,0.9973509908,0.0,0.0,7.553324632e-10
y/Dj=0 (centerline),0.5299785137,0.0,0.9974482059,0.0,3.87971997e-29,7.542120262e-10
y/Dj=0 (centerline),0.557028532,0.0,0.9975327849,-1.693155713e-21,0.0,7.53071272e-10
y/Dj=0 (centerline),0.5846491456,0.0,0.9976071119,0.0,-3.720192183e-29,7.519100342e-10
y/Dj=0 (centerline),0.6128484011,0.0,0.9976716042,0.0,0.0,7.507282573e-10
y/Dj=0 (centerline),0.6416339874,0.0,0.9977275729,0.0,-5.196040267e-14,7.495257748e-10
y/Dj=0 (centerline),0.6710141897,0.0,0.9977756739,0.0,0.0,7.483024755e-10
y/Dj=0 (centerline),0.7009968162,0.0,0.9978172183,0.0,0.0,7.470581376e-10
y/Dj=0 (centerline),0.7315883636,0.0,0.9978523254,0.0,0.0,7.457928719e-10
y/Dj=0 (centerline),0.7627979517,0.0,0.9978821278,0.0,0.0,7.44506401e-10
y/Dj=0 (centerline),0.7946321964,0.0,0.9979072213,0.0,8.066327247e-30,7.431988913e-10
y/Dj=0 (centerline),0.8270982504,0.0,0.9979286194,-4.232889283e-22,0.0,7.418701209e-10
y/Dj=0 (centerline),0.8602032065,0.0,0.9979469776,0.0,-7.75575675e-30,7.405200342e-10
y/Dj=0 (centerline),0.8939538002,0.0,0.9979627132,0.0,0.0,7.391486867e-10
y/Dj=0 (centerline),0.9283566475,0.0,0.9979758859,0.0,0.0,7.377559674e-10
y/Dj=0 (centerline),0.9634181857,0.0,0.9979841709,0.0,0.0,7.363420984e-10
y/Dj=0 (centerline),0.9991452098,0.0,0.9979923964,0.0,0.0,7.349068576e-10
y/Dj=0 (centerline),1.035542965,0.0,0.9979997277,0.0,0.0,7.33450356e-10
y/Dj=0 (centerline),1.072617054,0.0,0.9980056882,0.0,0.0,7.319726492e-10
y/Dj=0 (centerline),1.110373855,0.0,0.9980077147,0.0,0.0,7.304738481e-10
y/Dj=0 (centerline),1.148817062,0.0,0.9980098009,0.0,0.0,7.289540638e-10
y/Dj=0 (centerline),1.187952638,0.0,0.9980123043,0.0,0.0,7.274132963e-10
y/Dj=0 (centerline),1.227784157,0.0,0.9980149269,0.0,0.0,7.258517676e-10
y/Dj=0 (centerline),1.268316627,0.0,0.998016417,0.0,0.0,7.242695887e-10
y/Dj=0 (centerline),1.309552789,0.0,0.9980177283,0.0,-5.187076964e-14,7.226669818e-10
y/Dj=0 (centerline),1.351496935,0.0,0.9980186224,0.0,0.0,7.210441133e-10
y/Dj=0 (centerline),1.394151688,0.0,0.9980189204,0.0,0.0,7.194011498e-10
y/Dj=0 (centerline),1.437519073,0.0,0.9980182052,0.0,0.0,7.177382577e-10
y/Dj=0 (centerline),1.481602192,0.0,0.998018086,0.0,0.0,7.160557147e-10
y/Dj=0 (centerline),1.526401877,0.0,0.9980182052,0.0,1.397573244e-33,7.143538538e-10
y/Dj=0 (centerline),1.57191968,0.0,0.9980177879,-1.033420173e-25,-3.521077659e-31,7.126329526e-10
y/Dj=0 (centerline),1.618156195,0.0,0.998016417,2.645555802e-23,-1.35393173e-33,7.108932332e-10
y/Dj=0 (centerline),1.665112138,0.0,0.9980145097,0.0,3.412735166e-31,7.091350285e-10
y/Dj=0 (centerline),1.712786436,0.0,0.9980124235,0.0,0.0,7.073587271e-10
y/Dj=0 (centerline),1.761178851,0.0,0.9980096817,0.0,0.0,7.055647178e-10
y/Dj=0 (centerline),1.810287595,0.0,0.9980065227,0.0,0.0,7.037533334e-10
y/Dj=0 (centerline),1.860110998,0.0,0.9980028868,0.0,0.0,7.019250181e-10
y/Dj=0 (centerline),1.910645962,0.0,0.9979993105,0.0,0.0,7.00080105e-10
y/Dj=0 (centerline),1.961890221,0.0,0.9979954958,0.0,0.0,6.982192047e-10
y/Dj=0 (centerline),2.013840199,0.0,0.9979922175,0.0,1.035645433e-13,6.963425392e-10
y/Dj=0 (centerline),2.066490173,0.0,0.9979888797,0.0,0.0,6.944508857e-10
y/Dj=0 (centerline),2.119836807,0.0,0.9979861975,0.0,0.0,6.925444662e-10
y/Dj=0 (centerline),2.173873186,0.0,0.9979838729,0.0,0.0,6.906240024e-10
y/Dj=0 (centerline),2.228593826,0.0,0.9979829192,0.0,0.0,6.886899384e-10
y/Dj=0 (centerline),2.283991814,0.0,0.9979826212,0.0,0.0,6.867427738e-10
y/Dj=0 (centerline),2.340059996,0.0,0.9979819059,0.0,0.0,6.847831746e-10
y/Dj=0 (centerline),2.396788597,0.0,0.9979820848,0.0,0.0,6.828116961e-10
y/Dj=0 (centerline),2.454170942,0.0,0.9979832172,0.0,0.0,6.808289488e-10
y/Dj=0 (centerline),2.512195826,0.0,0.9979841113,0.0,0.0,6.788356544e-10
y/Dj=0 (centerline),2.570853472,0.0,0.9979861975,0.0,0.0,6.768322014e-10
y/Dj=0 (centerline),2.630133152,0.0,0.9979891181,0.0,0.0,6.748193671e-10
y/Dj=0 (centerline),2.690022707,0.0,0.9979931712,0.0,2.671487471e-31,6.72797873e-10
y/Dj=0 (centerline),2.750510454,0.0,0.9979977012,-2.645555802e-23,0.0,6.707683298e-10
y/Dj=0 (centerline),2.811582565,0.0,0.9980021715,0.0,-2.619299989e-31,6.687314591e-10
y/Dj=0 (centerline),2.873226643,0.0,0.9980090857,0.0,0.0,6.666878716e-10
y/Dj=0 (centerline),2.935427427,0.0,0.9980167747,0.0,0.0,6.646382888e-10
y/Dj=0 (centerline),2.998169899,0.0,0.9980226159,0.0,1.01956211e-30,6.625834326e-10
y/Dj=0 (centerline),3.06143856,0.0,0.9980255961,-1.058222321e-22,0.0,6.605241354e-10
y/Dj=0 (centerline),3.125217915,0.0,0.9980288148,0.0,-1.002819215e-30,6.584609524e-10
y/Dj=0 (centerline),3.189490795,0.0,0.9980313778,0.0,0.0,6.563946608e-10
y/Dj=0 (centerline),3.254238605,0.0,0.9980337024,0.0,-1.234558122e-31,6.543259823e-10
y/Dj=0 (centerline),3.319443703,0.0,0.9980344176,1.322777901e-23,0.0,6.522558049e-10
y/Dj=0 (centerline),3.385087967,0.0,0.9980329871,0.0,1.217488651e-31,6.501846839e-10
y/Dj=0 (centerline),3.451151371,0.0,0.9980291724,0.0,0.0,6.481133408e-10
y/Dj=0 (centerline),3.517614365,0.0,0.9980211854,0.0,0.0,6.460427193e-10
y/Dj=0 (centerline),3.584456921,0.0,0.9980105162,0.0,0.0,6.439734301e-10
y/Dj=0 (centerline),3.651658058,0.0,0.9979944825,0.0,0.0,6.419061949e-10
y/Dj=0 (centerline),3.719196081,0.0,0.9979761839,0.0,0.0,6.398417352e-10
y/Dj=0 (centerline),3.787048817,0.0,0.9979581833,0.0,0.0,6.377807726e-10
y/Dj=0 (centerline),3.855195045,0.0,0.9979444146,0.0,0.0,6.35724251e-10
y/Dj=0 (centerline),3.923611879,0.0,0.9979360104,0.0,0.0,6.336726699e-10
y/Dj=0 (centerline),3.992275238,0.0,0.9979329705,0.0,0.0,6.316266954e-10
y/Dj=0 (centerline),4.061162949,0.0,0.9979323745,0.0,0.0,6.295872157e-10
y/Dj=0 (centerline),4.130250931,0.0,0.9979323745,0.0,0.0,6.275548414e-10
y/Dj=0 (centerline),4.199514389,0.0,0.9979342818,0.0,0.0,6.255301277e-10
y/Dj=0 (centerline),4.268930912,0.0,0.9979379177,0.0,0.0,6.235140182e-10
y/Dj=0 (centerline),4.338474274,0.0,0.9979407787,0.0,0.0,6.215069015e-10
y/Dj=0 (centerline),4.408122063,0.0,0.9979438782,0.0,0.0,6.195096103e-10
y/Dj=0 (centerline),4.477846622,0.0,0.9979478121,0.0,0.0,6.175228107e-10
y/Dj=0 (centerline),4.547625542,0.0,0.9979513288,0.0,0.0,6.155470578e-10
y/Dj=0 (centerline),4.617432594,0.0,0.9979553223,0.0,5.150239163e-14,6.135829067e-10
y/Dj=0 (centerline),4.687243462,0.0,0.9979590178,0.0,0.0,6.116310236e-10
y/Dj=0 (centerline),4.757032871,0.0,0.9979628921,0.0,0.0,6.096919636e-10
y/Dj=0 (centerline),4.826775074,0.0,0.997967124,0.0,0.0,6.077663373e-10
y/Dj=0 (centerline),4.896446228,0.0,0.9979709983,0.0,0.0,6.058545332e-10
y/Dj=0 (centerline),4.966021538,0.0,0.997974515,0.0,0.0,6.039572731e-10
y/Dj=0 (centerline),5.035475731,0.0,0.997977972,0.0,0.0,6.02075001e-10
y/Dj=0 (centerline),5.104784966,0.0,0.9979819059,0.0,0.0,6.00208161e-10
y/Dj=0 (centerline),5.173924446,0.0,0.9979854226,0.0,0.0,5.983571416e-10
y/Dj=0 (centerline),5.242870331,0.0,0.9979888797,0.0,0.0,5.965226646e-10
y/Dj=0 (centerline),5.311598778,0.0,0.9979922771,0.0,0.0,5.947048409e-10
y/Dj=0 (centerline),5.380086422,0.0,0.9979959726,0.0,0.0,5.929042812e-10
y/Dj=0 (centerline),5.448310852,0.0,0.9979994893,0.0,0.0,5.911214296e-10
y/Dj=0 (centerline),5.516247749,0.0,0.9980031252,0.0,0.0,5.893563415e-10
y/Dj=0 (centerline),5.58387661,0.0,0.9980065227,0.0,0.0,5.876096276e-10
y/Dj=0 (centerline),5.651173592,0.0,0.9980100989,0.0,0.0,5.85881732e-10
y/Dj=0 (centerline),5.718118668,0.0,0.9980137944,0.0,0.0,5.841726547e-10
y/Dj=0 (centerline),5.784689903,0.0,0.9980173707,0.0,0.0,5.824828953e-10
y/Dj=0 (centerline),5.850867271,0.0,0.9980211854,0.0,0.0,5.808127312e-10
y/Dj=0 (centerline),5.916630745,0.0,0.9980251193,0.0,-5.138671403e-14,5.791622737e-10
y/Dj=0 (centerline),5.981960297,0.0,0.9980288148,0.0,0.0,5.775319667e-10
y/Dj=0 (centerline),6.046835899,0.0,0.9980332255,0.0,5.137589234e-14,5.759218102e-10
y/Dj=0 (centerline),6.111246109,0.0,0.9980372787,0.0,0.0,5.743320819e-10
y/Dj=0 (centerline),6.175164223,0.0,0.9980412722,0.0,1.24664432e-31,5.727628927e-10
y/Dj=0 (centerline),6.238577843,0.0,0.9980456233,-1.322777901e-23,0.0,5.712144091e-10
y/Dj=0 (centerline),6.30147028,0.0,0.9980502129,0.0,0.0,5.696869643e-10
y/Dj=0 (centerline),6.363821983,0.0,0.9980546236,-1.322777901e-23,0.0,5.681804471e-10
y/Dj=0 (centerline),6.425621986,0.0,0.9980592728,0.0,-1.289089776e-31,5.666949687e-10
y/Dj=0 (centerline),6.486858368,0.0,0.99806422,0.0,0.0,5.652306956e-10
y/Dj=0 (centerline),6.547512054,0.0,0.9980686903,0.0,1.313367848e-31,5.637877387e-10
y/Dj=0 (centerline),6.60756588,0.0,0.9980732203,-1.322778138e-23,0.0,5.623659871e-10
y/Dj=0 (centerline),6.667020321,0.0,0.9980775714,0.0,-1.339785791e-31,5.609656073e-10
y/Dj=0 (centerline),6.725850105,0.0,0.9980822802,0.0,0.0,5.595866548e-10
y/Dj=0 (centerline),6.784056187,0.0,0.9980860949,0.0,0.0,5.582290186e-10
y/Dj=0 (centerline),6.841619968,0.0,0.9980896115,0.0,0.0,5.568926431e-10
y/Dj=0 (centerline),6.898530006,0.0,0.9980922937,0.0,0.0,5.555775839e-10
y/Dj=0 (centerline),6.954786301,0.0,0.9980943203,0.0,0.0,5.542837855e-10
y/Dj=0 (centerline),7.010370255,0.0,0.9980958104,0.0,0.0,5.530111924e-10
y/Dj=0 (centerline),7.065281868,0.0,0.9980964065,0.0,-4.531654884e-33,5.51759638e-10
y/Dj=0 (centerline),7.119509697,0.0,0.9980977178,4.133680447e-25,0.0,5.505292333e-10
y/Dj=0 (centerline),7.173048019,0.0,0.9980989099,0.0,-1.44064779e-31,5.493195898e-10
y/Dj=0 (centerline),7.225895882,0.0,0.9981002212,1.322778138e-23,0.0,5.48130874e-10
y/Dj=0 (centerline),7.27804184,0.0,0.9981015921,0.0,-1.526776732e-31,5.469628084e-10
y/Dj=0 (centerline),7.329480171,0.0,0.9981030226,2.645555802e-23,0.0,5.458153374e-10
y/Dj=0 (centerline),7.380216122,0.0,0.9981045127,0.0,-3.395063958e-38,5.4468835e-10
y/Dj=0 (centerline),7.430238247,0.0,0.9981092215,2.645556117e-23,0.0,5.435815131e-10
y/Dj=0 (centerline),7.479545593,0.0,0.9981129169,0.0,3.228772651e-31,5.424949379e-10
y/Dj=0 (centerline),7.528140068,0.0,0.9981142282,0.0,0.0,5.414282911e-10
y/Dj=0 (centerline),7.576013565,0.0,0.9981175065,0.0,1.662628966e-31,5.403814063e-10
y/Dj=0 (centerline),7.623174191,0.0,0.998121798,-1.322777901e-23,0.0,5.393540614e-10
y/Dj=0 (centerline),7.669608116,0.0,0.9981303215,0.0,-1.714001361e-31,5.38346312e-10
y/Dj=0 (centerline),7.71532774,0.0,0.9981449246,0.0,0.0,5.373576029e-10
y/Dj=0 (centerline),7.760328293,0.0,0.9981626868,0.0,0.0,5.363880451e-10
y/Dj=0 (centerline),7.804614067,0.0,0.9981846213,0.0,0.0,5.354372501e-10
y/Dj=0 (centerline),7.848179817,0.0,0.9982100129,0.0,0.0,5.345051068e-10
y/Dj=0 (centerline),7.891031742,0.0,0.9982370734,0.0,0.0,5.335913378e-10
y/Dj=0 (centerline),7.933176041,0.0,0.9982656837,0.0,0.0,5.326957209e-10
y/Dj=0 (centerline),7.97460556,0.0,0.9982944131,0.0,0.0,5.318180896e-10
y/Dj=0 (centerline),8.015340805,0.0,0.9983233213,0.0,0.0,5.309581108e-10
y/Dj=0 (centerline),8.055366516,0.0,0.9983519912,0.0,0.0,5.301156181e-10
y/Dj=0 (centerline),8.094696045,0.0,0.9983807206,0.0,0.0,5.292904448e-10
y/Dj=0 (centerline),8.133330345,0.0,0.9984099269,0.0,0.0,5.284822024e-10
y/Dj=0 (centerline),8.171279907,0.0,0.9984400868,0.0,0.0,5.2769078e-10
y/Dj=0 (centerline),8.208545685,0.0,0.9984698892,0.0,0.0,5.269159553e-10
y/Dj=0 (centerline),8.245127678,0.0,0.998500824,0.0,6.959042414e-30,5.261573399e-10
y/Dj=0 (centerline),8.281044006,0.0,0.9985316992,-4.232888778e-22,-1.02418528e-13,5.254148228e-10
y/Dj=0 (centerline),8.316287994,0.0,0.9985644221,0.0,-7.223307085e-30,5.246889034e-10
y/Dj=0 (centerline),8.350877762,0.0,0.9985976815,0.0,0.0,5.240917145e-10
y/Dj=0 (centerline),8.384807587,0.0,0.9986348748,0.0,0.0,5.416954663e-10
y/Dj=0 (centerline),8.418095589,0.0,0.9986783862,0.0,0.0,4.506689688e-09
y/Dj=0 (centerline),8.450736046,0.0,0.99871099,0.0,0.0,8.993794154e-07
y/Dj=0 (centerline),8.482746124,0.0,0.9986510873,0.0,0.0,2.834428778e-05
y/Dj=0 (centerline),8.514131546,0.0,0.9981880784,0.0,0.0,0.0001860891061
y/Dj=0 (centerline),8.544894218,0.0,0.9966481924,0.0,0.0,0.000566751929
y/Dj=0 (centerline),8.575050354,0.0,0.9935078025,0.0,0.0,0.001160587533
y/Dj=0 (centerline),8.605062485,0.0,0.9887676835,0.0,3.447189556e-08,0.001898016315
y/Dj=0 (centerline),8.6352005,0.0,0.9829615951,0.0,9.228661213e-08,0.002707582433
y/Dj=0 (centerline),8.665577888,0.0,0.9766513705,0.0,5.826365879e-08,0.00354225887
y/Dj=0 (centerline),8.696321487,0.0,0.9701374173,2.167240088e-19,7.055753315e-08,0.004376832396
y/Dj=0 (centerline),8.727558136,0.0,0.9635459185,0.0,1.657604543e-07,0.00519927172
y/Dj=0 (centerline),8.75940609,0.0,0.9569190145,0.0,1.903332389e-07,0.006004517432
y/Dj=0 (centerline),8.79199791,0.0,0.9502652884,0.0,4.295845315e-07,0.006790998392
y/Dj=0 (centerline),8.825471878,0.0,0.9435787797,0.0,2.391439011e-07,0.007558820304
y/Dj=0 (centerline),8.859948158,0.0,0.9368463159,0.0,2.634182579e-07,0.008308813907
y/Dj=0 (centerline),8.895582199,0.0,0.9300512075,0.0,2.876565475e-07,0.009042045102
y/Dj=0 (centerline),8.932506561,0.0,0.9231765866,0.0,4.678547327e-07,0.00975954812
y/Dj=0 (centerline),8.970870018,0.0,0.9162042737,0.0,5.043038414e-07,0.01046222821
y/Dj=0 (centerline),9.010835648,0.0,0.9091166854,0.0,1.802983149e-07,0.01115076616
y/Dj=0 (centerline),9.052559853,0.0,0.9018970132,0.0,4.814039016e-07,0.01182558946
y/Dj=0 (centerline),9.096209526,0.0,0.8945279717,0.0,5.122696507e-07,0.01248687506
y/Dj=0 (centerline),9.141960144,0.0,0.8869938254,0.0,5.433776664e-07,0.01313451491
y/Dj=0 (centerline),9.190008163,0.0,0.8792796135,0.0,4.598059888e-07,0.01376816165
y/Dj=0 (centerline),9.240528107,0.0,0.8713703752,0.0,4.851444828e-07,0.01438718662
y/Dj=0 (centerline),9.29374218,0.0,0.8632528782,2.167240088e-19,3.830474498e-07,0.01499072835
y/Dj=0 (centerline),9.349853516,0.0,0.8549141884,0.0,4.024259965e-07,0.01557767764
y/Dj=0 (centerline),9.409091949,0.0,0.846341908,2.167239571e-19,7.033237921e-07,0.01614670083
y/Dj=0 (centerline),9.4716959,0.0,0.8375242949,2.16723983e-19,4.417481989e-07,0.0166962482
y/Dj=0 (centerline),9.537923813,0.0,0.8284509182,0.0,7.694647479e-07,0.01722457632
y/Dj=0 (centerline),9.608034134,0.0,0.8191127181,0.0,6.423629202e-07,0.01772974059
y/Dj=0 (centerline),9.682313919,0.0,0.8095008731,0.0,5.020098683e-07,0.01820965856
y/Dj=0 (centerline),9.761064529,0.0,0.7996085286,0.0,3.482458908e-07,0.01866210997
y/Dj=0 (centerline),9.844601631,0.0,0.789429307,2.167239571e-19,3.618804669e-07,0.01908474974
y/Dj=0 (centerline),9.933263779,0.0,0.7789580226,0.0,7.51112168e-07,0.01947519928
y/Dj=0 (centerline),10.02740955,0.0,0.7681902051,1.083619786e-19,3.892465941e-07,0.01983096823
y/Dj=0 (centerline),10.12741184,0.0,0.7571237087,1.083619915e-19,4.029233764e-07,0.02014958486
y/Dj=0 (centerline),10.23368359,0.0,0.745757401,0.0,8.331100503e-07,0.0204285793
y/Dj=0 (centerline),10.34665203,0.0,0.7340909839,0.0,4.301053309e-07,0.02066554129
y/Dj=0 (centerline),10.46677208,0.0,0.7221264839,0.0,4.435363508e-07,0.02085818909
y/Dj=0 (centerline),10.59452438,0.0,0.7098675966,0.0,2.284023566e-07,0.02100433968
y/Dj=0 (centerline),10.73042965,0.0,0.6973193288,0.0,7.048015505e-07,0.02110209875
y/Dj=0 (centerline),10.87503052,0.0,0.6844885945,0.0,7.240154218e-07,0.02114975825
y/Dj=0 (centerline),11.02891827,0.0,0.6713842154,0.0,7.427749438e-07,0.02114589699
y/Dj=0 (centerline),11.19271278,0.0,0.6580162048,1.083619786e-19,7.610033776e-07,0.02108943276
y/Dj=0 (centerline),11.36707211,0.0,0.6443958282,0.0,2.595393767e-07,0.02097958885
y/Dj=0 (centerline),11.55270004,0.0,0.6305351853,1.083619786e-19,5.303623993e-07,0.02081613801
y/Dj=0 (centerline),11.75034523,0.0,0.6164528728,0.0,2.70564783e-07,0.0205992125
y/Dj=0 (centerline),11.9608078,0.0,0.6021683216,0.0,2.756627566e-07,0.02032950148
y/Dj=0 (centerline),12.18493843,0.0,0.5877019763,0.0,2.80445505e-07,0.02000806481
y/Dj=0 (centerline),12.42363548,0.0,0.573076427,1.083619915e-19,2.848862266e-07,0.0196366217
y/Dj=0 (centerline),12.67787361,0.0,0.5583174229,0.0,5.779122603e-07,0.01921729557
y/Dj=0 (centerline),12.94866657,0.0,0.543451488,0.0,0.0,0.01875275932
y/Dj=0 (centerline),13.23711586,0.0,0.5285047889,0.0,5.917757449e-07,0.01824622788
y/Dj=0 (centerline),13.5443821,0.0,0.5135039091,0.0,5.974101782e-07,0.01770128123
y/Dj=0 (centerline),13.87170601,0.0,0.4984697104,0.0,3.010617888e-07,0.01712173223
y/Dj=0 (centerline),14.22040844,0.0,0.4834240973,0.0,6.058758686e-07,0.01651164331
y/Dj=0 (centerline),14.59189796,0.0,0.4683965147,0.0,3.04317723e-07,0.01587540843
y/Dj=0 (centerline),14.9876709,0.0,0.4534167051,5.418098928e-20,1.525954758e-07,0.01521779224
y/Dj=0 (centerline),15.40933228,0.0,0.4385176003,0.0,6.11087728e-07,0.01454325765
y/Dj=0 (centerline),15.85857582,0.0,0.4237285852,0.0,1.526848905e-07,0.01385665592
y/Dj=0 (centerline),16.33721352,0.0,0.4090808928,0.0,1.523316797e-07,0.01316273026
y/Dj=0 (centerline),16.84718895,0.0,0.3946020901,5.418097636e-20,0.0,0.01246620063
y/Dj=0 (centerline),17.39055634,0.0,0.3803198934,0.0,9.579562316e-22,0.01177176088
y/Dj=0 (centerline),17.96949577,0.0,0.3662594855,0.0,0.0,0.01108384319
y/Dj=0 (centerline),18.58636856,0.0,0.3524416983,0.0,2.966139618e-07,0.01040627807
y/Dj=0 (centerline),19.24363708,0.0,0.3388830125,0.0,0.0,0.00974269677
y/Dj=0 (centerline),19.94396973,0.0,0.3256002963,0.0,2.896253193e-07,0.009096301161
y/Dj=0 (centerline),20.69019508,0.0,0.3126190007,0.0,0.0,0.008469779044
y/Dj=0 (centerline),21.48532295,0.0,0.2999663949,0.0,-3.461408813e-22,0.007865606807
y/Dj=0 (centerline),22.33255768,0.0,0.2876577079,2.709049464e-20,1.37900642e-07,0.00728566898
y/Dj=0 (centerline),23.23532486,0.0,0.2756946981,0.0,3.085611382e-22,0.006731816567
y/Dj=0 (centerline),24.19726181,0.0,0.2640775144,0.0,1.323183625e-07,0.00620516995
y/Dj=0 (centerline),25.22225952,0.0,0.2528294027,0.0,1.292755059e-07,0.005706276279
y/Dj=0 (centerline),26.3144474,0.0,0.2419932038,0.0,0.0,0.005235510413
y/Dj=0 (centerline),27.47824287,0.0,0.2316015959,0.0,0.0,0.004793241154
y/Dj=0 (centerline),28.71832657,0.0,0.2216058969,0.0,2.386576909e-07,0.004380207974
y/Dj=0 (centerline),30.03972626,0.0,0.2117599994,0.0,5.791850555e-08,0.003995891195
y/Dj=0 (centerline),31.44775772,0.0,0.2016218007,0.0,1.122904223e-07,0.003638461698
y/Dj=0 (centerline),32.94812393,0.0,0.1905530989,0.0,0.0,0.003302807687
y/Dj=0 (centerline),34.54685593,0.0,0.1788100004,0.0,5.240400469e-08,0.002984213876
y/Dj=0 (centerline),36.25042343,0.0,0.1685484946,1.35452457e-20,0.0,0.002681664191
y/Dj=0 (centerline),38.0656929,0.0,0.1632733047,0.0,7.753042359e-23,0.002320345258
y/Dj=0 (centerline),40.0,0.0,0.1632733047,0.0,0.0,0.002320345258
