U_LES nonuniform List<vector>
2209
(
(49.24846111244198 0.0008464417382767986 -3.566013091731327e-05)
(48.99062889951535 -0.001047867933490891 0.003535165543945324)
(48.53582026263702 -0.01130204366222356 0.009403639536336279)
(47.93488094325096 -0.03099738977284687 0.01617634887160139)
(47.23350368875806 -0.05686134924111116 0.02024657094328649)
(46.47246552732834 -0.08423840912992046 0.02171715971695961)
(45.68351244566117 -0.1102554494868537 0.02146171220542245)
(44.88868861862506 -0.1330786186559621 0.01967743379170368)
(44.1021730434338 -0.151685082550707 0.0166014487317299)
(43.32863317984889 -0.1653938560852866 0.01174536321223561)
(42.56800110111755 -0.173811778698747 0.005591636563408513)
(41.81752220351886 -0.1766435799136461 -0.001402098155018892)
(41.07223042340768 -0.1740491740109103 -0.009345679553015004)
(40.32499835198522 -0.1665768442069469 -0.01799756709591291)
(39.56558555945865 -0.1551275554333375 -0.02636967259548096)
(38.78219156734103 -0.1408186510299296 -0.033373475592955)
(37.96279271185162 -0.1248322916070162 -0.03842911831599635)
(37.09520871107215 -0.1084277628409889 -0.04143184479529446)
(36.16816645540668 -0.09254238669247397 -0.04255139399036442)
(35.17085995195716 -0.07788120964414738 -0.04198001818858765)
(34.09428628795884 -0.06476501313172627 -0.04001763190343098)
(32.93034024277649 -0.05338949863233233 -0.03710693403305225)
(31.67299860559585 -0.04373826111108817 -0.03374899527869386)
(30.31863632250518 -0.03568682195986139 -0.03035082685444153)
(28.86734534007985 -0.02903949387527143 -0.02715486471231567)
(27.32332939177595 -0.02358474219093637 -0.02426212045816055)
(25.69570277521998 -0.01911624185270367 -0.02169340249310851)
(23.99904223537436 -0.0154431711132237 -0.01942600185502726)
(22.25220991031467 -0.01242875386794636 -0.01742535398444539)
(20.47788646384956 -0.009956323957536912 -0.01564523516112832)
(18.70137213385756 -0.007922551010516699 -0.01401987366873205)
(16.9475121097435 -0.006255733857185448 -0.01252345856634982)
(15.23920107827703 -0.00489967393947038 -0.01113175035489)
(13.59636000602285 -0.003801476350146714 -0.009845603256602858)
(12.03395575019603 -0.00291867613274644 -0.00864676590657319)
(10.56277260723568 -0.002210479340410954 -0.007528129977002708)
(9.188484399642654 -0.001650914903460358 -0.006501435046668882)
(7.913188366209334 -0.001213106194928019 -0.005564529386989086)
(6.735853520964366 -0.0008735621395473386 -0.004713389538513019)
(5.653440454855145 -0.0006107452393496881 -0.003927448406495218)
(4.660970592108653 -0.0004128968887554924 -0.003217175418509334)
(3.752949987318338 -0.0002664127272925522 -0.002575338290870709)
(2.923374584093731 -0.0001613682338467655 -0.001997781521466073)
(2.166372743601318 -8.820521366917331e-05 -0.001470507124954867)
(1.476042420284136 -4.071348499285159e-05 -0.0009949826264767383)
(0.846784259736428 -1.339855357446882e-05 -0.0005680691417498553)
(0.27345192188432 -1.404592484213245e-06 -0.0001813753345472745)
(48.98139371613685 0.005122673280816137 -0.00465063856188442)
(48.75033686384398 0.01117779896001992 0.005878268743091773)
(48.33912782153772 0.008208805468552389 0.02372502757569587)
(47.78632896290747 -0.005169788782825328 0.04293188580303085)
(47.12937420669777 -0.02633829042937985 0.05621476207896162)
(46.40460406775113 -0.05236653709658626 0.06368442396523875)
(45.64277101311266 -0.08060037036588204 0.06608902810963455)
(44.86688864532125 -0.1082177107763642 0.06314026982301033)
(44.09135951419132 -0.1333465189659855 0.05644172442111795)
(43.32291465134116 -0.1551150815859151 0.04591713717340024)
(42.5623307934796 -0.1727819254029271 0.03051462062369917)
(41.80828545206585 -0.185307139520491 0.01041246065863618)
(41.05675499469242 -0.1921458324796637 -0.01294596826999114)
(40.30047490157832 -0.1933104876980526 -0.03796369788717304)
(39.5299576491239 -0.1892322467082709 -0.06278847344361578)
(38.73367819858944 -0.1806713060909132 -0.08553475277239155)
(37.89840094608431 -0.1686643585144495 -0.1042709259527345)
(37.01109508216165 -0.1543130105343281 -0.1176469484851734)
(36.06018327646882 -0.1387241865206714 -0.1254116570309738)
(35.03578215859748 -0.1228961339693489 -0.1280756782269134)
(33.92952665440654 -0.1075777309742606 -0.1264697479199487)
(32.7347783117719 -0.09324480008226084 -0.1217007318356826)
(31.44708608145882 -0.08015556398445232 -0.1149744641496711)
(30.06459208281347 -0.06841779444154705 -0.1073303724617892)
(28.58881501040357 -0.05803516226388929 -0.09950240234441997)
(27.02525985736099 -0.04894257352302232 -0.09193873732954744)
(25.38403362764585 -0.04103556344828586 -0.08484463787156596)
(23.68007144653061 -0.03420079359309675 -0.07826411938224412)
(21.9327036902497 -0.02832336367475505 -0.07213710371360374)
(20.16453623191238 -0.02329330096993323 -0.0663624470756557)
(18.39977634096206 -0.01901148317436677 -0.06085126122860313)
(16.66241963300125 -0.01538702524808303 -0.05553669895257156)
(14.97437287533104 -0.01233801668332096 -0.05039036036584024)
(13.35406677227032 -0.009790395407064419 -0.0454121821324373)
(11.81560757883397 -0.00767791584785964 -0.04061673027128276)
(10.36850653500668 -0.005940787755405318 -0.03602680165033052)
(9.017984100528151 -0.004525063487495631 -0.03166082941811204)
(7.765576022753211 -0.003383294650115646 -0.02753460278500824)
(6.609906570499794 -0.002473249137723744 -0.02365425751677345)
(5.547509475651578 -0.001758291621466087 -0.02002438884264274)
(4.573598354466367 -0.001206127302640834 -0.01664028241956449)
(3.682611926102037 -0.0007889417895414589 -0.01349588766012061)
(2.868674261857004 -0.0004826812346881066 -0.01058117787607625)
(2.125867475997678 -0.0002671040855776343 -0.007886731997230395)
(1.448449760178181 -0.0001248971550874103 -0.005402271812064991)
(0.8309801655727982 -4.136553895344734e-05 -0.003113676880915921)
(0.2683482798651588 -4.291415625089064e-06 -0.001009635030564893)
(48.50926773799263 0.01125077977586883 -0.01797660622563409)
(48.32079900384762 0.02929514812780554 -0.001142940357134128)
(47.97710960578154 0.03678403238528169 0.02728823013219361)
(47.50333802397365 0.03339137691218282 0.05868303215154268)
(46.92419831909109 0.01905747056172383 0.08406335280883839)
(46.26731230950052 -0.004649541219944172 0.1022729873217244)
(45.55962059165012 -0.03427587299802504 0.1121244647539675)
(44.82336589889955 -0.06654090947081134 0.1133772479617156)
(44.07493867559729 -0.09913706934616849 0.1083427117571273)
(43.32341709222529 -0.1304363578828363 0.09700699908751004)
(42.57318629394618 -0.1586192712139681 0.07708285028849955)
(41.82457421405008 -0.182478329360786 0.04870180093388542)
(41.07350880016543 -0.2009645524413456 0.01343525453643252)
(40.31265961159013 -0.2132723596021116 -0.0269664110588942)
(39.53227769212472 -0.2189581944019134 -0.06986488476944708)
(38.72047191681828 -0.2183000504420357 -0.111791358921422)
(37.86416216235905 -0.2121421513749115 -0.1490892133351672)
(36.95074760812696 -0.2015610524570001 -0.1792728425686146)
(35.96905873420204 -0.187669572996426 -0.2012371097851609)
(34.90962419173763 -0.171632695668841 -0.2149695260933737)
(33.76465407302108 -0.154513826648916 -0.2213157971630767)
(32.52878213381842 -0.137176624809642 -0.2215738325325904)
(31.19936025059651 -0.1202862746254865 -0.2173069281645297)
(29.77676148151627 -0.1043154292252161 -0.2100431206439551)
(28.2648200398355 -0.0895587566231347 -0.2009957830987937)
(26.67107180036502 -0.07617287965635328 -0.1910315530396559)
(25.00752209228877 -0.06421922274952291 -0.1806112866493014)
(23.29017315144786 -0.05368828047112147 -0.1699989619115349)
(21.53865735067705 -0.04451103883335953 -0.1592904393143522)
(19.77524204736682 -0.03659500782252868 -0.1485192473817899)
(18.02315172174065 -0.02983002775074169 -0.1377247980765294)
(16.30506048155119 -0.0240979234414331 -0.1269365202984419)
(14.64121434668889 -0.01928243556521573 -0.1162364146838464)
(13.04859926686889 -0.01526255831056781 -0.1056545750028576)
(11.53970423533383 -0.01193927726149818 -0.09530282397663944)
(10.1227601988559 -0.009216068888349532 -0.08525160759919544)
(8.802086068459538 -0.007002243342833866 -0.07553402443280166)
(7.578422099242093 -0.005223268556363802 -0.06621715607836692)
(6.450023902735246 -0.003808599216566763 -0.05730984614551127)
(5.413031554799663 -0.002702022908270046 -0.04887197102974549)
(4.462654494320095 -0.001849354462577271 -0.04088668061489333)
(3.593341032906147 -0.001206694638559528 -0.03335902523779839)
(2.799173500238043 -0.0007371809304670099 -0.02631161597516283)
(2.074398263160145 -0.0004072444910622146 -0.01972209847553427)
(1.413424774750116 -0.0001900928632695865 -0.01357472278451223)
(0.810932281749136 -6.280927932266122e-05 -0.007853686898552089)
(0.261871308518361 -6.263233307657056e-06 -0.002561753745136912)
(47.89028404664844 0.01796554524183787 -0.04037551945878548)
(47.74848584498613 0.04808023928015207 -0.01763881452608606)
(47.48392243586275 0.0673398534084412 0.02002791255567042)
(47.10555161322979 0.07483585479404217 0.06280944649557252)
(46.62397742193296 0.06938553397013714 0.1026352226109263)
(46.05755965867647 0.05149631436247632 0.1349851304054326)
(45.42590029634411 0.02396446968379947 0.1563425399210238)
(44.74978222212287 -0.009883788989278679 0.1666875763543301)
(44.04774054997095 -0.04686600617691537 0.1679565177617821)
(43.33180684192747 -0.08430575548900657 0.1597598271394351)
(42.60876584544997 -0.1204906230375286 0.1401710186744146)
(41.87930951849091 -0.1538684779653002 0.1084242736197793)
(41.13985919963393 -0.1825429710512234 0.06472318502418058)
(40.3850035555667 -0.2051773669718817 0.01116978285036176)
(39.60597265285205 -0.2210184534141796 -0.04849292183269876)
(38.79048673325018 -0.2299160987538473 -0.1096536118515088)
(37.92484078825712 -0.2320048966835167 -0.1677406743537946)
(36.99616433139877 -0.2278676021016927 -0.2190396837782846)
(35.99261027197484 -0.2185003804431664 -0.2611151135438173)
(34.90415236902172 -0.205058648674676 -0.2927365498458754)
(33.72331870918333 -0.1888080249587354 -0.3142087509907262)
(32.44628081230132 -0.1708976764295541 -0.3265246014524981)
(31.07267925570959 -0.1523208678244214 -0.3311489394810946)
(29.60551233388382 -0.1338824723267198 -0.3296297778702939)
(28.05156213991171 -0.1162159104593162 -0.3233334705393542)
(26.42081422811074 -0.09974387847452275 -0.3134902706306871)
(24.72711348929332 -0.08472354994599199 -0.3010642673649845)
(22.98795753205146 -0.07128444302068815 -0.2867603218093481)
(21.22367350501186 -0.05943469810011328 -0.2711032763476464)
(19.45651504571292 -0.04911132177669107 -0.2544959051733848)
(17.70908587390193 -0.04021337360632037 -0.2372506162332636)
(16.00281489649249 -0.03261652329654921 -0.2196131075927855)
(14.35654769984478 -0.02618553247510454 -0.2017858508694629)
(12.78546791992177 -0.0207937982043727 -0.1840031085904389)
(11.30069280541198 -0.01631005104709073 -0.1664249670791837)
(9.909070291762191 -0.01261841359579595 -0.1491974717566757)
(8.613798413727556 -0.009608156647143469 -0.1324596637378085)
(7.41491250999044 -0.007181154317064953 -0.1163369670515355)
(6.310129914795634 -0.005245591017631846 -0.1008419247937006)
(5.295336459088731 -0.003726967163119548 -0.08609917519889781)
(4.365523210767014 -0.002554707382885866 -0.07210905007686697)
(3.515084879684107 -0.001669674883876336 -0.05890345623603024)
(2.738257260642925 -0.001020978202117091 -0.0464937416093882)
(2.02931367852766 -0.0005646819977389614 -0.03486837394752242)
(1.382743927196226 -0.0002638669260487228 -0.02401332642117145)
(0.7933344548190723 -8.732632303160062e-05 -0.01390803595682327)
(0.2562033374049758 -9.057143568080457e-06 -0.00453163766493601)
(47.174477173976 0.02272460510330845 -0.06940883688729069)
(47.07837540529533 0.0637990863471357 -0.04152525136203956)
(46.89155119357521 0.09404818545783422 0.003536475475734929)
(46.6103479748534 0.111856311806098 0.0569955069042972)
(46.2344128391934 0.116520109330225 0.1101533431210963)
(45.77064061530736 0.1082113782085468 0.1572283041033938)
(45.23124286354611 0.0879673420634714 0.1930566163415769)
(44.63481132684244 0.058544189413618 0.2156016241803308)
(43.99954076621948 0.02308751344445954 0.2263408021211418)
(43.33820045865178 -0.01574346715688151 0.2253031685934244)
(42.65944808337132 -0.0558069410620252 0.2105153428933954)
(41.96669579885103 -0.0950945663932477 0.1799168865447363)
(41.2579526962388 -0.1318323590285404 0.1331427970283985)
(40.52813334690011 -0.1642743523523846 0.07202581503992694)
(39.76911711452495 -0.1909720702925008 0.0001420531239574338)
(38.96877885925203 -0.210765321858435 -0.07768732903693862)
(38.1131249599191 -0.2230572578283173 -0.1560897098530852)
(37.18782472871125 -0.2278174391997857 -0.2300857727402078)
(36.17957060505223 -0.2255747183198019 -0.2957122942679021)
(35.07756355432901 -0.2173627643015054 -0.3503210343611192)
(33.87470066637343 -0.2044854098341526 -0.3926568274494361)
(32.56796715845877 -0.1883518560241401 -0.4226915122049363)
(31.15849944156032 -0.1703373568305608 -0.4412751308740505)
(29.6515160615538 -0.1516072374605579 -0.4497613969731131)
(28.05612703985041 -0.1330523544145791 -0.4497465927686575)
(26.3851343042737 -0.1153292480926367 -0.4428697430912266)
(24.65483958570518 -0.09883493414332054 -0.4306160261597556)
(22.88465928752213 -0.08380837201067745 -0.4142432452202081)
(21.09631086268186 -0.0703549211069643 -0.394765432107874)
(19.31259601046726 -0.0584786026926204 -0.3729861316405668)
(17.55600258713662 -0.04813056706770882 -0.3495542115128892)
(15.84726305670407 -0.03921291142483533 -0.3249958387501619)
(14.20413771912811 -0.03160777850067538 -0.2997597529172812)
(12.6405699295322 -0.02518580894463526 -0.2742243840310494)
(11.16631302303033 -0.01981759133545622 -0.2487242444400708)
(9.787159031093468 -0.01537433890571801 -0.2235426995316371)
(8.505292659306656 -0.01173502703672561 -0.1988965354773124)
(7.320062233339943 -0.008788832789300944 -0.1749939266594777)
(6.228571736986273 -0.006433118088376695 -0.151954287411705)
(5.226489851932721 -0.004578134825457516 -0.1299170003640026)
(4.30859069763923 -0.003142984538998979 -0.1089521519903513)
(3.46918493870079 -0.002057144187061146 -0.08911186854900727)
(2.702507040910659 -0.001259400636419951 -0.07040486024711519)
(2.002844884760612 -0.000697349922031466 -0.05284181401501805)
(1.364721063254032 -0.0003263071416958952 -0.03642444336827536)
(0.7829969890740833 -0.0001081245309548247 -0.02111747475895487)
(0.2528669843851072 -1.149874411893449e-05 -0.006883392774226936)
(46.40219997578457 0.02571662030873261 -0.1011144864792922)
(46.34664975361663 0.07448483469279453 -0.07055686358503337)
(46.22960854038867 0.1134680526939386 -0.01927986735631475)
(46.0385512552137 0.1412274993239013 0.04273209510478153)
(45.76506647810356 0.1569570055443793 0.1067886732246925)
(45.4057724628431 0.1600736018711959 0.1668398188979096)
(44.96824342147374 0.1511850705125641 0.2164514564852761)
(44.46688641445401 0.1316006937561036 0.2525289813251682)
(43.91590123151451 0.1031434053771964 0.2755588074535052)
(43.32638802676481 0.06824828535693546 0.2852162082901369)
(42.70882319692773 0.02914804328669036 0.2792717580421618)
(42.0700905896273 -0.01201736416203061 0.2547984176194436)
(41.41015146290919 -0.05288008561312446 0.2104989920178287)
(40.72430986528003 -0.09131833149057919 0.1474397520134207)
(40.00453918670473 -0.1254174742873362 0.06853874394568706)
(39.23894094070756 -0.1534211654479538 -0.02182932254879566)
(38.41314518945209 -0.1741387702237552 -0.1178859105139916)
(37.51169986971613 -0.1871383070325505 -0.2133012629137151)
(36.52004400228068 -0.1927337271640867 -0.3024349207418617)
(35.42620031246918 -0.191726009861252 -0.3808256810571876)
(34.22222190650234 -0.1853014746363236 -0.4456305972308421)
(32.90463842523693 -0.1747453108136719 -0.4954984391971426)
(31.4748321062083 -0.1613494872423462 -0.5305291136866264)
(29.93920173609571 -0.1462706715291549 -0.5518010051781673)
(28.30894094247734 -0.1304650649470031 -0.5609841282115279)
(26.59946909281549 -0.1147134860956498 -0.5600249075513155)
(24.82985969358534 -0.09955832881841076 -0.5507698166396371)
(23.02195343695091 -0.0853740934500969 -0.5349007274952146)
(21.19937850713616 -0.07238059668591852 -0.513841259475352)
(19.38618131518471 -0.06069553347085046 -0.4887919668614525)
(17.60553138503745 -0.05034114278633998 -0.4607369624083721)
(15.87806394135835 -0.04129532095899443 -0.4305022114857903)
(14.22116424676481 -0.0334864831351644 -0.3987968769059785)
(12.64797539358368 -0.02682496521160043 -0.3662110220205985)
(11.16748105659856 -0.02120497644233564 -0.3332683971052945)
(9.784567121475618 -0.01651798274829568 -0.3003965746292945)
(8.500743606448779 -0.01265343976335111 -0.2679734202656449)
(7.314736571277947 -0.009506484278854315 -0.2363013572611032)
(6.223215760901423 -0.006978581480261052 -0.2056168607419894)
(5.221551567176951 -0.004978847354913163 -0.1761200509859168)
(4.304281216416586 -0.003425762349480128 -0.1479344145188081)
(3.465613759340477 -0.002246652183173035 -0.1211579025096004)
(2.699670936062506 -0.001377776999438667 -0.09585001046444752)
(2.000721209081778 -0.0007640650892072971 -0.07203320136102999)
(1.363273860974432 -0.0003578742453982861 -0.04970792402073149)
(0.7821666562787564 -0.0001187127496617707 -0.0288396962768346)
(0.2525983265879543 -1.269940724074364e-05 -0.00940786601379461)
(45.60447261818005 0.02724265690495166 -0.1327005401955423)
(45.58062187338222 0.07874782074335225 -0.1011133131036009)
(45.52207988615127 0.123599674877884 -0.0460361537136145)
(45.4106753535448 0.1605035561773994 0.02133836023393979)
(45.23012539678264 0.1881182352627053 0.09310374354213546)
(44.97186087854366 0.2050813410058286 0.1632098654986829)
(44.6379447964951 0.2101656110596602 0.2249846436394954)
(44.23821907361859 0.2028306835046277 0.2744749054448103)
(43.78124300557285 0.1843729855195838 0.3110415430684194)
(43.27657913705762 0.1570951956393307 0.3332350028090799)
(42.73479471663781 0.1235006487302765 0.3386543399220052)
(42.16340457481084 0.08580521783121627 0.3235467122352414)
(41.56392594021511 0.04607739302838165 0.2855863284906286)
(40.93361989333822 0.006560096143026437 0.225032131251777)
(40.2656283660338 -0.03043898785416254 0.1438234279767415)
(39.54808089205127 -0.06308968445922969 0.04587738783297798)
(38.76638378319763 -0.09010460576239464 -0.06235936486588461)
(37.90459892168611 -0.1107577020623896 -0.1736562277295283)
(36.94704042452959 -0.1248952865114696 -0.2811921532856795)
(35.88040490218486 -0.1328655892243104 -0.3792614375747784)
(34.69498346874442 -0.135341933522584 -0.4637089312591492)
(33.385823575758 -0.1332060321071908 -0.5322182046201632)
(31.95346109914654 -0.1274016528752711 -0.5840184392025412)
(30.40421039225956 -0.1189237996638046 -0.6196475814480565)
(28.75013606372105 -0.1086687955861719 -0.6403856440363517)
(27.0086794950363 -0.09745295812169613 -0.6480382090815685)
(25.20154108835481 -0.08594700473003594 -0.6445747007301934)
(23.35354269601645 -0.07467517831413144 -0.631967066713912)
(21.4907885232667 -0.06398650304978762 -0.6119204565386434)
(19.63938278999366 -0.05411536936190065 -0.5859754214337591)
(17.82367827896644 -0.04519152380582044 -0.555431263261305)
(16.0650196093898 -0.03727871772951519 -0.5214510463245847)
(14.38097643428329 -0.03036503374784674 -0.4850145557180777)
(12.78430882208274 -0.02441658017937725 -0.4469228096792507)
(11.28372623887305 -0.01935992819370238 -0.4079125910202044)
(9.883605044714386 -0.0151185323823161 -0.3686306380819857)
(8.58492087258645 -0.01160568120574121 -0.3295706444672044)
(7.385952122050858 -0.00873529586193211 -0.2911671782121805)
(6.283092748559541 -0.006421882339797398 -0.2537837685439553)
(5.271334980266369 -0.004587551657380889 -0.2176906021508916)
(4.345083509998877 -0.003159733468137165 -0.1830963320231275)
(3.498291985896853 -0.002074669564562227 -0.1501076143675104)
(2.725070587986782 -0.001273358430197479 -0.1188818725949544)
(2.019469707767925 -0.0007067050195016287 -0.08940675104505007)
(1.376023869797309 -0.0003310692475650643 -0.0617415611851094)
(0.7894797340509548 -0.0001100560209692713 -0.0358561053240681)
(0.2549595118399975 -1.14470105529937e-05 -0.0117056785955122)
(44.80299744359394 0.02626359168083644 -0.161656342174912)
(44.80247605232981 0.07633350657310833 -0.1300563668281382)
(44.78930783707996 0.1242813371844404 -0.0747540317519758)
(44.74388528174366 0.1693262242214828 -0.005573081768841317)
(44.64435089386709 0.2085490570351061 0.07025231489160702)
(44.47942778743185 0.239441016758313 0.147177186171859)
(44.24558718257305 0.2590470547900846 0.2194417572234706)
(43.94631028088093 0.2651018080741117 0.2819640743538642)
(43.58646681263638 0.2583698301683384 0.3319303672780507)
(43.17282963092167 0.2411864423378155 0.3668977213305634)
(42.71445993186536 0.216044130372151 0.383855493909026)
(42.21815586903169 0.1853664033924793 0.3791506196628832)
(41.68678781907131 0.150886751950299 0.3501575810251368)
(41.11947453748121 0.1143670681677737 0.2956843668513641)
(40.51016715915205 0.07783850161801605 0.2168504150612942)
(39.84786701919226 0.04311895509995375 0.1174656293686206)
(39.11793317972565 0.01164169284832868 0.003927648735572604)
(38.30395575814411 -0.0155335405571192 -0.1161489274462327)
(37.38978935439952 -0.03781051324908927 -0.2353115034355416)
(36.36061305044903 -0.05497113679333111 -0.3470788907517753)
(35.20488022238536 -0.06712999165504664 -0.4465499332163794)
(33.91544766160549 -0.07459442066892349 -0.5305429598433901)
(32.49153779138187 -0.07792297200669243 -0.5975803926017962)
(30.93875631161094 -0.07775404409978467 -0.647360825451966)
(29.26972822319157 -0.07485315902259142 -0.6806281549176099)
(27.50328236650543 -0.06996467885380406 -0.6987400080729578)
(25.66308992120797 -0.0637634899480886 -0.7033736225680605)
(23.77681632523692 -0.05689145151363025 -0.6965700831987799)
(21.873171396351 -0.04979081710746246 -0.6801135681020176)
(19.98038461089328 -0.04284225712995678 -0.6558023691097423)
(18.12486270763489 -0.03627928435026352 -0.6252220347585074)
(16.32908723142701 -0.03026606617613884 -0.5897979101123084)
(14.61114618976203 -0.02488266004997697 -0.5507713813748822)
(12.984146546973 -0.02015689480310185 -0.5092062436794862)
(11.45656230388112 -0.01608178841372218 -0.4660784395893754)
(10.03249901853125 -0.01262278310949683 -0.4221883070883005)
(8.712524745773369 -0.009731911149159842 -0.3782083893811963)
(7.494632101370324 -0.007351005734604805 -0.3347203984823318)
(6.374821480797191 -0.005420200291016759 -0.2921768459149868)
(5.347858166720744 -0.003881748994130203 -0.2509416399391189)
(4.40784082136078 -0.002680091408827537 -0.2112757527219002)
(3.548684589562477 -0.001762430593703226 -0.1734015806667511)
(2.764208327313601 -0.001083424471167169 -0.1374347499691649)
(2.048417014093192 -0.0006024498630029129 -0.1034396307550759)
(1.395744887823377 -0.0002824904964453104 -0.07149014073235367)
(0.8007918999741934 -9.388756708969734e-05 -0.04154488292983077)
(0.2585595729667091 -1.005644249180817e-05 -0.01354922757029184)
(44.01047920899691 0.02234667416583592 -0.1857455865011803)
(44.02589358351181 0.06807856410442818 -0.1559472397483613)
(44.04614429376257 0.1172225839723633 -0.1037545506353622)
(44.05244905669131 0.1687173964845169 -0.03633557655051884)
(44.0215409158107 0.2185545257032222 0.04065958121868477)
(43.93970396820764 0.261796133621014 0.1217147874109493)
(43.79816440714378 0.2945097970114606 0.2025134136292593)
(43.59477367968044 0.3137755839099156 0.2764335365673097)
(43.33027990719773 0.3199337695358236 0.3385236420712575)
(43.0085669289689 0.3146670683369905 0.3854961981058784)
(42.63586181116577 0.3000485115460955 0.4138719486937729)
(42.21838319647014 0.2780272274090725 0.4198043552194295)
(41.75888744350378 0.2505162229247781 0.4006938514068833)
(41.25676495428824 0.2192549969811546 0.3547261114196651)
(40.70670434391075 0.185726157311585 0.2823125660918283)
(40.09892372048173 0.1514055133894171 0.186884682432206)
(39.41958858006254 0.1176770202566994 0.07451464097108326)
(38.65270858135497 0.08573260359936433 -0.04727696430389715)
(37.78207535843957 0.05658435807317667 -0.1709427474034725)
(36.79210443487595 0.03102611263456537 -0.289829949476713)
(35.66938950336355 0.009593380926291835 -0.3987475759369975)
(34.40504675983053 -0.007469980136834202 -0.4941011208042934)
(32.9960175081358 -0.02018704797715157 -0.5736553495385298)
(31.44699767091652 -0.02886900009093855 -0.6363881007097093)
(29.77014908497471 -0.03400107551120381 -0.6821768950531529)
(27.98525915582466 -0.03619447624237908 -0.7116971815489007)
(26.11796534257614 -0.03610950094244239 -0.7261851108095935)
(24.19823536780628 -0.03439542892261887 -0.7272952278117426)
(22.25735207050444 -0.03161201214722629 -0.7167957424898586)
(20.32612191681553 -0.02823014513135478 -0.6965382922757904)
(18.43264883481382 -0.02460525100541227 -0.6682935703261412)
(16.60083383881401 -0.02099906390491496 -0.6337267826342537)
(14.84951754963752 -0.01758079939102867 -0.5943330016898681)
(13.19217410640238 -0.01445499473102167 -0.5514446931336245)
(11.6372057881225 -0.01167493300538719 -0.5062251993978709)
(10.18857663617393 -0.009259501170524223 -0.4596829229168609)
(8.846627970328033 -0.007200462027646291 -0.4126501112136783)
(7.609015739353858 -0.005479111269852998 -0.3658388086915668)
(6.471462703423833 -0.004066250034751775 -0.3198171411456889)
(5.428492813585835 -0.002928893783938792 -0.2750244941929666)
(4.474060005214742 -0.002031857200200221 -0.2318148973071039)
(3.601814451880332 -0.00134222297994166 -0.1904327095171869)
(2.805494863839736 -0.0008281214933469989 -0.1510575417222925)
(2.078972404136898 -0.0004617846836583331 -0.1137860406645944)
(1.416504307273639 -0.0002172309245152339 -0.07867867712623663)
(0.8126632166139183 -7.240485713887262e-05 -0.04573802312062666)
(0.2624346584455504 -7.770421376654389e-06 -0.01494499916966689)
(43.23299579149431 0.01646418077058443 -0.2035894220694224)
(43.25869312842164 0.05479649746244775 -0.1781805279393691)
(43.30311620286201 0.1024026654723744 -0.1315089420829751)
(43.34821144568345 0.1579945662329626 -0.06898653184199202)
(43.37339277473173 0.2164287488884342 0.006547992382813394)
(43.36354264778386 0.2706218856297192 0.08989621686545514)
(43.30526331894684 0.3152372039273688 0.1769587191157351)
(43.19104603982775 0.3474012591984537 0.2600530351955225)
(43.01682360739153 0.3662288403487134 0.3325598052721713)
(42.78331884155528 0.3730209482079965 0.3902673187291198)
(42.49422229762988 0.36938015279738 0.4295620255011258)
(42.15412854980759 0.3569342109642719 0.4462276014940029)
(41.7653393696683 0.3375422182396973 0.4371509920578057)
(41.32665300272068 0.3127011579985714 0.4008212307746457)
(40.83346768722586 0.2835295219630364 0.3375084752106867)
(40.27652323990107 0.2511796475653654 0.2500483703557589)
(39.64278591372528 0.2169126895444896 0.1440606026709742)
(38.91700214319687 0.1820432108203707 0.02658566276555672)
(38.08323541890503 0.1479275286634198 -0.09540738582082427)
(37.12551758184657 0.1158239742711693 -0.2156032498528495)
(36.03002569954618 0.08677208467264622 -0.3288155628725512)
(34.78690986057814 0.06150561221571769 -0.4311544444428834)
(33.39205163322971 0.04040506896529088 -0.5198851678961081)
(31.84892542162676 0.02353698188022377 -0.5932632268651052)
(30.16933678993583 0.01069563509448188 -0.650402644458891)
(28.37315188106906 0.001465782798252351 -0.6911720320811493)
(26.48727384185877 -0.00471723764778572 -0.7161469997645721)
(24.54311286717587 -0.008458032840664506 -0.7264172110205399)
(22.57384767175084 -0.01036090135561008 -0.7234911255919699)
(20.61243188540492 -0.01094753209098361 -0.7091295185597433)
(18.68850394343109 -0.01066042364077616 -0.6851839378888887)
(16.8273488653251 -0.009835325017600413 -0.6534865321725972)
(15.04857442256241 -0.008722346352345355 -0.6157518452701911)
(13.36609131178224 -0.007492605149569804 -0.5735301842834308)
(11.78833128307996 -0.006263764156868096 -0.5281822739940661)
(10.31922806733242 -0.005106705175093813 -0.4808983972507551)
(8.958892190815726 -0.004061861580786534 -0.4326632057449696)
(7.704768551948176 -0.003148747797808519 -0.3843063044700005)
(6.55237678709028 -0.002373861873582262 -0.3365072099331848)
(5.496045283651692 -0.001732543484952181 -0.2897860846993459)
(4.529518262021589 -0.001215809334667566 -0.244552657671895)
(3.646332895830539 -0.0008110052467098562 -0.2011095334116026)
(2.840068589176442 -0.0005049356245459372 -0.1596693835527492)
(2.104549711659893 -0.000283623739471741 -0.1203721002700509)
(1.433906593774075 -0.000134252640240067 -0.08329293122066181)
(0.8226261907182333 -4.50910183706808e-05 -0.04844976810754798)
(0.2656550754092209 -4.736921138759534e-06 -0.01584360538652081)
(42.47085044149334 0.009688861966695658 -0.2150262373309885)
(42.50317189001999 0.03736034258717473 -0.1956850470418537)
(42.56501209209203 0.08019666243834118 -0.1566843607741654)
(42.6379060033305 0.1364733189988559 -0.1012979201838493)
(42.70906945652157 0.200517336382229 -0.02987339893959933)
(42.76098060096093 0.2635579150059891 0.05405931124930365)
(42.77663931007661 0.3189038400546125 0.1450504440914222)
(42.74304609145633 0.3629410319715716 0.2352743371194123)
(42.65166292445119 0.3939635907849605 0.3164921634189211)
(42.49979891809864 0.4125402100869036 0.3836706227971601)
(42.28938089590583 0.4198632901147606 0.4328677606397764)
(42.02222613794813 0.4175127252633618 0.4595658974963497)
(41.69952710736624 0.4067814881539082 0.4606556446933227)
(41.3199998638535 0.3887941060708297 0.4347518571953993)
(40.87909595094526 0.3646386229281788 0.3820951760042453)
(40.36781024607713 0.3353115820074609 0.3052822759714027)
(39.7731391358741 0.3019132576550758 0.2091589854861171)
(39.08045866092127 0.2659385470097742 0.09992277257237295)
(38.27397429550339 0.2290118004004548 -0.01614702618067833)
(37.33850884965193 0.1927009203403436 -0.1332583526067209)
(36.26073637416204 0.1583561946496457 -0.246445847664629)
(35.03082420964435 0.1270379418904884 -0.351751265086968)
(33.64467252768706 0.09943925503700445 -0.4461537582819785)
(32.10549521298654 0.07594022852244835 -0.5273785435072503)
(30.42456345962728 0.05657617656545024 -0.5938136862467486)
(28.62205220321399 0.04111986308772965 -0.6445555739860317)
(26.72521768436077 0.02914955170894822 -0.6794177397920523)
(24.76574587064038 0.02014373125859315 -0.698856182222477)
(22.77874403221288 0.01354550558379278 -0.7040280768534857)
(20.7980069969664 0.008825995863453444 -0.6964968703491461)
(18.85436631764788 0.005538666353810192 -0.6780577621688219)
(16.97404713909188 0.003301624561917894 -0.6506497526441523)
(15.17731612349854 0.001816139899522623 -0.6161451272074941)
(13.4782723963431 0.0008667484636630206 -0.5762292189184255)
(11.88555766883876 0.0002866332464382411 -0.5324385946582797)
(10.40312941259012 -4.228526169718051e-05 -0.4861234358626003)
(9.030887307692137 -0.0002118304084446231 -0.4383977945394986)
(7.766130566987218 -0.0002763742337037781 -0.3901860348919447)
(6.604132876445162 -0.0002792159439346318 -0.3422265810598524)
(5.539218369996679 -0.0002459250626741669 -0.2951435605060738)
(4.564940909401793 -0.0001975027141444148 -0.2493865912953824)
(3.674759052485496 -0.0001465382951497915 -0.2053168966129626)
(2.862156488545953 -9.870330303596199e-05 -0.163167721446995)
(2.120861238967729 -5.961349189320609e-05 -0.1231087014268608)
(1.444984448244706 -2.996591441684578e-05 -0.08524549205465216)
(0.8289957641442636 -1.034362109322782e-05 -0.04962611462601693)
(0.2677041795693371 -1.124495516381281e-06 -0.01623637146134035)
(41.72113295326369 0.00216039357800877 -0.2202746320645028)
(41.75654266804452 0.01590909202351146 -0.2075922087284026)
(41.83009841588917 0.05039124437210219 -0.1781029832031878)
(41.92369925712856 0.1039596173145871 -0.1313712667217853)
(42.0316247286403 0.1701134871205764 -0.06622968859595214)
(42.13645984633234 0.2392486742528424 0.01623118834372629)
(42.21749704086061 0.3033699143728458 0.1091023893048234)
(42.25665136168499 0.3579076195770625 0.2043603071993907)
(42.2404599695944 0.4003343231300496 0.2925709582401921)
(42.16314337226628 0.4302906496128266 0.3678327739044807)
(42.02457675233454 0.448674688290892 0.4257028598477089)
(41.82416785103344 0.4565025000807895 0.4616927309285845)
(41.56152589518398 0.4546469153541444 0.4728786356258469)
(41.23495415220398 0.4440234831367106 0.4576837923111183)
(40.83965407247292 0.4256551453972568 0.4164055864985457)
(40.36603667552922 0.4004406437523352 0.3514751812966607)
(39.8018006358973 0.3695090287165018 0.2671148822461674)
(39.13279321508525 0.334371134895066 0.1684563006588208)
(38.34401533822664 0.296807854146257 0.06095764168365302)
(37.42056016818396 0.2585708145801796 -0.05014828347039056)
(36.35009220013234 0.2212379835460064 -0.1602000118306336)
(35.1236219357768 0.186081324183554 -0.2652934932781414)
(33.73853581402906 0.1540346682665337 -0.3622258786765459)
(32.19777287289736 0.1256624116261805 -0.4482960238194784)
(30.51436154906018 0.1011920073358664 -0.5213803459718246)
(28.70777524194224 0.08057701314101828 -0.5798893724290868)
(26.80534316508718 0.06356964866608997 -0.6229540285852059)
(24.83963884263785 0.04978336719083982 -0.6505058076279722)
(22.84527701062247 0.03874374894999608 -0.6632533632524782)
(20.85694246933051 0.02999686883703347 -0.6625165159370303)
(18.90569688498888 0.02311172771829937 -0.6499969934152497)
(17.01821549863185 0.0177177388562938 -0.6276287008748748)
(15.21494433448266 0.01350749598139376 -0.5973334913131355)
(13.51019855330227 0.01022187525545067 -0.5609452802820863)
(11.91260913225958 0.007669608326247897 -0.520090142178195)
(10.42592578663797 0.005702679886911911 -0.476178852430801)
(9.050107302226461 0.004178642079715361 -0.4304575994948298)
(7.782183027070687 0.003019527463570133 -0.3838648426326106)
(6.617589645437818 0.00213535149261168 -0.3372817975482835)
(5.550308765040761 0.001473748128914145 -0.2913040145985907)
(4.573982101712051 0.0009825783072622734 -0.2464664960064331)
(3.681980773633957 0.0006260879464481871 -0.2031431116553565)
(2.867732323832036 0.0003741107434388067 -0.161598007790799)
(2.124994681233406 0.0002021308934360069 -0.1220395262986694)
(1.447805910139563 9.232085119587646e-05 -0.08457827832121705)
(0.8305849722338173 3.038617120042739e-05 -0.04925908228293854)
(0.2682208691405716 3.122747524839213e-06 -0.01612838893587824)
(40.97680641372826 -0.006683967565951968 -0.2194474553801183)
(41.01176808876953 -0.009302970998818052 -0.2136014511833444)
(41.09195009828855 0.01321219123367417 -0.1946838661614763)
(41.20209654741178 0.06053664607560851 -0.1578936730471368)
(41.33996817228376 0.1251175164538449 -0.1005187602077679)
(41.4902239481258 0.1968959344685287 -0.02146163281423945)
(41.62896038603079 0.2669401731780114 0.07131445702466072)
(41.73322980388429 0.3300053588277354 0.169455051127664)
(41.78545175983726 0.3827503370716149 0.2628570827471369)
(41.77604612175178 0.4236847360501605 0.34461443731853)
(41.70161793611444 0.4529808365635183 0.409920076454336)
(41.56053037616612 0.4710799257936338 0.4543736540679538)
(41.35152776458727 0.4786225320642982 0.4751007800616662)
(41.07101828785738 0.4762151226201791 0.4704404760541109)
(40.71304357631072 0.4645970815801151 0.4406447943553809)
(40.26864829246134 0.4446838201831104 0.3879593486398975)
(39.72577504788075 0.4177728545928608 0.3159273506507644)
(39.07052985036164 0.385474924644121 0.228816832633326)
(38.28843561554655 0.3495507968413593 0.1313345222757605)
(37.36572258207035 0.3117506841173941 0.02813637772235759)
(36.2914059054682 0.2737211683360247 -0.07650018658457843)
(35.05820370788962 0.236866352310417 -0.1788182619299996)
(33.66479470726891 0.2022849883335006 -0.2755307151863305)
(32.11674781550447 0.1707211887025418 -0.3636738705599577)
(30.42722803324773 0.142592003161865 -0.4406551557019613)
(28.61709456222803 0.1180209510018865 -0.5043973974876573)
(26.71332701788371 0.09691254439793047 -0.5535077853425191)
(24.74869555991286 0.07902225950142938 -0.5874775641818887)
(22.75694039254052 0.06402300708284175 -0.6065827069065035)
(20.77272465558626 0.05154389932734707 -0.6119336990248622)
(18.82656822263401 0.0412319482304154 -0.605067744917802)
(16.94477142481794 0.03274235178016731 -0.5878768223589945)
(15.14765824179676 0.02580094070881973 -0.562282830326471)
(13.44927243945318 0.02014687387533429 -0.5301449045609998)
(11.8579805070882 0.01556544463151743 -0.493135298239914)
(10.37762644079966 0.0118752667072383 -0.4527594120190377)
(9.007743112693172 0.008930033869113264 -0.410206679951334)
(7.745534691490393 0.006599044487279427 -0.3665304068347358)
(6.586261531957509 0.004769088988831813 -0.3225874698603961)
(5.523977164386074 0.003355340238346628 -0.2790297851335478)
(4.552265076102169 0.002278346198302412 -0.2363908651035036)
(3.664475540343958 0.00147730310494883 -0.1950568275159179)
(2.854080003685551 0.000897186424640592 -0.1553161559026897)
(2.114874672285817 0.0004928633817479254 -0.1173961569167606)
(1.440905953025553 0.0002288981781752231 -0.08141976808201422)
(0.8266422214760837 7.540817422040739e-05 -0.04746055372636834)
(0.2669481934650328 7.800095261080374e-06 -0.01554876878395105)
(40.22821282210174 -0.01645264843590038 -0.2129831384470805)
(40.26050673684288 -0.03731204266456219 -0.2138429898917125)
(40.34268262021948 -0.02970494399906829 -0.2057011936936013)
(40.46538926123287 0.007419052064501713 -0.1797027762715463)
(40.62744073700636 0.0662197777520009 -0.1310342835758471)
(40.81707739878015 0.1364200549812394 -0.05697777640354949)
(41.0073916265239 0.2088563666962821 0.03381428248406378)
(41.17046312949318 0.2779071553477151 0.1325834916725013)
(41.28470263508704 0.3394851862301513 0.2290896335302386)
(41.33626944609481 0.3907786573263601 0.3156975542039436)
(41.31908192970942 0.4308705983917486 0.3871320193815678)
(41.23056123946504 0.4596231700088965 0.4389798843078302)
(41.06720979435935 0.4771653798236506 0.4683215102636171)
(40.82454783758241 0.4838458578002244 0.4736229348972917)
(40.49553797960868 0.4801768970725552 0.4550060218673183)
(40.0712175573685 0.4671065331029815 0.4142458255255075)
(39.53977487251492 0.4460103809401753 0.3542547456487622)
(38.88753874305584 0.4184708089025755 0.278717029548633)
(38.10106205583342 0.3862024182054005 0.1918040227841773)
(37.16756788230906 0.3509056480182884 0.09760599900225125)
(36.07798737365682 0.3142553650866443 -4.237640058120777e-05)
(34.82750966462952 0.2777329740959744 -0.09761737007851734)
(33.41756886901664 0.2425300840176446 -0.1918314887942868)
(31.85573446588551 0.2095071247300739 -0.2795302581671773)
(30.15716899708591 0.1792181859099508 -0.3578145264945554)
(28.34356634554274 0.1519429454674569 -0.4242385835829715)
(26.44229972512642 0.1277506440038991 -0.477046795488646)
(24.48503650763156 0.1065658647091794 -0.5153506577138258)
(22.50543881083677 0.08820137557289263 -0.5391993866581833)
(20.53642669511632 0.07242962014343388 -0.5494329594318709)
(18.60775660848165 0.05899011481824853 -0.5474793159652607)
(16.74475259614112 0.04762342145040011 -0.5351274329821317)
(14.9666940145336 0.03808113581012722 -0.5142495785992641)
(13.28733798340676 0.03012515521375206 -0.486707100909153)
(11.71447032635627 0.02354993895671838 -0.4541376593473648)
(10.25146387678326 0.01816025485621403 -0.418002618259914)
(8.897987973178987 0.01378504623129087 -0.3795340832749524)
(7.651064781658239 0.01027155218537558 -0.3397551569220483)
(6.505900657957326 0.007482842018298446 -0.2995001089060977)
(5.456563425069983 0.005302138723960266 -0.2594178514116172)
(4.496704440823173 0.003625168284760538 -0.2200382768460606)
(3.619772562908334 0.002363618619097275 -0.1817588573202957)
(2.819315000320242 0.001441874966137375 -0.1448755804063183)
(2.089119093390459 0.0007960946651338713 -0.1095931440286672)
(1.423377663492243 0.0003711991284545613 -0.07606615598057977)
(0.8165827067624988 0.0001228050949714828 -0.04436663888319347)
(0.2637085586012389 1.265045941520931e-05 -0.01454548356276363)
(39.46551386106532 -0.02624408177158129 -0.201735200801661)
(39.4926013491808 -0.06611713408148329 -0.2087061217668468)
(39.5716667536529 -0.07567147829803142 -0.210948280108143)
(39.70225788082023 -0.0526033245103637 -0.1958506738731863)
(39.88344119047609 -0.00418261086850513 -0.1563405593772309)
(40.10787547462475 0.05974753594850011 -0.08856110555806183)
(40.34525472450063 0.1309821152528692 -0.001570195552855696)
(40.56239682298168 0.2031381322659494 0.09561325020878297)
(40.73284080938259 0.2714796444462022 0.1929917772665326)
(40.8388764590661 0.3320399820588648 0.282622504399364)
(40.87243529834815 0.3826122294437135 0.3586693401025802)
(40.82906405076819 0.4221907221879371 0.4165839275798428)
(40.70319742020467 0.4503884485900788 0.4534883741138002)
(40.48940589946699 0.4671395714160223 0.4678399125429349)
(40.18022377615809 0.4727614399288624 0.4595375440723066)
(39.76630259592794 0.4681414721947525 0.4298575670328743)
(39.23598492911203 0.4545435595649684 0.3812645617803818)
(38.57636573577434 0.4334311399375793 0.3170217980453705)
(37.77462257394237 0.4064409991802462 0.2407699264139791)
(36.81978819074338 0.3752875041525068 0.1560686071960276)
(35.70492575863096 0.3416758928747243 0.06633167229130929)
(34.42830520299099 0.3071233535958113 -0.02515510291339144)
(32.99431619315676 0.2728789671741242 -0.1151106517650946)
(31.41363772631836 0.2398843839542438 -0.2002808096928774)
(29.70340506691427 0.2088010828929525 -0.2775754994880525)
(27.88649815297873 0.1800469925858283 -0.3443200408458708)
(25.99075874069036 0.1538503147024365 -0.3985348630148577)
(24.04726191208491 0.1302942845514092 -0.4391279628211456)
(22.08827694681746 0.1093574214324964 -0.4659481697758878)
(20.14511068721101 0.09094573834210114 -0.4796843311988004)
(18.24593859116029 0.07491533088565541 -0.4816452187440474)
(16.41435304392089 0.06109319599086582 -0.4735068205129894)
(14.66844485750997 0.04928830089112363 -0.4570731590295452)
(13.0207276230136 0.039303385649002 -0.4341047342862134)
(11.47842152620795 0.03094154606751521 -0.4061966312405651)
(10.04440212068469 0.02401093571736883 -0.3747433036693715)
(8.718060207110099 0.01832904657276395 -0.3409193678110858)
(7.496295409212602 0.01372585418172751 -0.3056953365185504)
(6.374288468947261 0.01004549003591137 -0.2698579175329311)
(5.346236531626271 0.007146856458666619 -0.2340373347297031)
(4.405838519948724 0.004904853448787381 -0.1987280156666436)
(3.546685949124753 0.003208912816443595 -0.1643158337420131)
(2.762433868634826 0.001963764996013384 -0.1310833619882282)
(2.04702197772195 0.001086889103567844 -0.09923958870986788)
(1.394716620873729 0.0005082024560933634 -0.0689252781914283)
(0.800173134003386 0.000168300396783653 -0.04023034447903516)
(0.2584073848140357 1.749211502607444e-05 -0.0131944202237877)
(38.67723035407219 -0.03504712474999305 -0.1867650446542902)
(38.69587482985358 -0.09311851426039831 -0.1989625174823366)
(38.76594272848609 -0.1209911684259279 -0.2104808570729489)
(38.89891299805765 -0.1152963644494444 -0.2058247684918957)
(39.0952005714558 -0.08177520312218257 -0.1752592844810907)
(39.35154218101841 -0.02859517309269713 -0.1150034341333376)
(39.63271942632859 0.03764095693062832 -0.03347018096127966)
(39.89931543839494 0.1098395898085835 0.06020879914072336)
(40.12059746044961 0.1823753932314244 0.156296345949066)
(40.27520799843415 0.2504564780060967 0.2469395856888192)
(40.35298995676498 0.3106600813443195 0.3259006134607711)
(40.34700738069592 0.3608980996974213 0.3884124175835524)
(40.25002638927638 0.4001116023094486 0.4315238732115941)
(40.05633078431506 0.4277594125173359 0.4537249002401602)
(39.75776520781841 0.4437835155857782 0.4545756466138525)
(39.34474533657296 0.4488400800287462 0.4349795657366713)
(38.80594621755097 0.4439547602915212 0.397029701095836)
(38.12892742532508 0.4304871751563267 0.3435915659874222)
(37.30198909093038 0.4100373060480553 0.2777787063213528)
(36.31648758409154 0.3843475416201901 0.2026588944706933)
(35.16800703595303 0.355125457594921 0.1212775337899893)
(33.85814777889342 0.3239006897981236 0.03674554628809536)
(32.39481949484995 0.2919549068865709 -0.04769388442254945)
(30.79166526908623 0.2602778906278703 -0.1287555331600856)
(29.06851503697539 0.2296369844255959 -0.2032393034285206)
(27.24964055675738 0.2005691073414234 -0.2683706673459095)
(25.36337262110805 0.1734507311436601 -0.3220664581573108)
(23.43988184645111 0.1485159672775633 -0.3631290521271263)
(21.51000343521031 0.1258965648584676 -0.3913126210013372)
(19.60298881919766 0.1056336377898346 -0.407208114921586)
(17.74475987974645 0.08770153805196083 -0.4120242773030514)
(15.9568602511942 0.07201825766234313 -0.4073392935861123)
(14.2553972551496 0.0584597498774286 -0.39484142687395)
(12.65166697552905 0.04687031518166193 -0.3761988721196976)
(11.15175137136906 0.03707654652171215 -0.352894921724889)
(9.757920605548504 0.0288953975512081 -0.3262290567479643)
(8.469100881318726 0.02214367164486628 -0.2972739984161354)
(7.282248805336816 0.01663937996717622 -0.2669452242231503)
(6.192328065049063 0.01221656050187265 -0.2359366188943089)
(5.193748144405007 0.008715964179289675 -0.2048401139015941)
(4.280277654735438 0.005997274756955535 -0.1740977801762196)
(3.445693265286864 0.0039329448952344 -0.1440673175879202)
(2.683874155679613 0.002411811762939541 -0.115017326088501)
(1.988890070984161 0.001337186021043801 -0.08713677111974431)
(1.35513152524817 0.0006263045624332523 -0.06055077230408561)
(0.7774769013164911 0.000207748277881417 -0.03535819712250306)
(0.2510857478078888 2.161167649713054e-05 -0.01160172205192189)
(37.85104030060522 -0.04218970844422852 -0.169347045289333)
(37.85694858914287 -0.1161561172366408 -0.185624356650658)
(37.91254112127213 -0.1621876023523297 -0.2048875661460599)
(38.04135909331681 -0.1759211823798969 -0.2094857116659964)
(38.24911322950015 -0.1608955841923547 -0.1873170368973055)
(38.53416900351588 -0.1224841969983858 -0.1354190448093085)
(38.85582763148058 -0.06530073496676068 -0.06079044602029103)
(39.16798657103979 0.00356410743448999 0.02767724783748585)
(39.43486192180333 0.07740553457013348 0.1206205346560809)
(39.63261539085474 0.1507324823756886 0.2102218770093149)
(39.74832584884523 0.2192125755751221 0.2902648958424325)
(39.77198309556847 0.2794997539952571 0.3557506968137388)
(39.69586806525133 0.3296763355350211 0.4035906036753589)
(39.51357205115222 0.3685019976748516 0.4322318429701873)
(39.21700506395712 0.3954924626340512 0.44100941840374)
(38.79596728044095 0.410874912496179 0.4304798766837656)
(38.23942783455968 0.4154258164195632 0.4023377263668166)
(37.53564852543993 0.4104363985003864 0.3590259181605506)
(36.6751658376381 0.3974769516503128 0.3031610405950205)
(35.65110631320876 0.3782788980734746 0.2373821554933878)
(34.46265336384225 0.3545369035186156 0.1644517578804346)
(33.11476711123866 0.327752722889093 0.0873236057429012)
(31.61912751200148 0.2992205278592418 0.009186990145169877)
(29.99303063808361 0.269993598880462 -0.06664824080967266)
(28.25836073037166 0.2408969762892856 -0.1369838935368164)
(26.44122458792047 0.2125837682079268 -0.1990335624483364)
(24.56984490851567 0.1855598520376621 -0.2506942400834301)
(22.67393577068088 0.1602110562443018 -0.2907662885407631)
(20.78221370331734 0.1368068561761427 -0.3189761913740214)
(18.92147112879454 0.1155224595581694 -0.3358650299828483)
(17.11528273169915 0.09644623690283452 -0.3425772777408944)
(15.38244216493381 0.07958313562964542 -0.3405820091594342)
(13.73707668753645 0.0648734892811622 -0.3314610927610881)
(12.1885256344703 0.05220612544506469 -0.3167370022242836)
(10.74179935292833 0.04143399472391639 -0.29777520843851)
(9.39836826064996 0.03238765943428332 -0.2757506539812499)
(8.156815773231054 0.02488571939568759 -0.2516365108438918)
(7.01370523988201 0.01874572191866509 -0.2262277262578042)
(5.964073135591372 0.01379322712634396 -0.200145820234311)
(5.002405681345444 0.009861433697587511 -0.1739080660388777)
(4.122783705724057 0.006797472424981328 -0.1479225160349519)
(3.319124927509705 0.004464754091480267 -0.1224963424095207)
(2.585358248688334 0.002742645539157877 -0.09784429756172987)
(1.915963775211093 0.001522951816916144 -0.0741618126265029)
(1.305522054554072 0.0007140339745063213 -0.0515604455882501)
(0.7490544591877668 0.0002375838513874348 -0.03012009472085576)
(0.2419173771767541 2.446422954636079e-05 -0.009887186200584097)
(36.97382649541451 -0.04754360511436762 -0.1507617775250951)
(36.96302025916157 -0.1341338765240675 -0.1698799216899049)
(36.99917120274063 -0.1967416743126134 -0.1950275809294198)
(37.11703253329166 -0.2304830135052061 -0.2072050039599967)
(37.33161771979181 -0.2362218253962234 -0.1926104345378625)
(37.64078480802591 -0.2156798065031896 -0.1493314942411322)
(37.99856947098863 -0.1712787759068628 -0.08267706681284941)
(38.35212667399728 -0.1093525244694686 -0.0008828049286988254)
(38.65996389539129 -0.03729893288266629 0.0873061693475794)
(38.89592815245484 0.03872327995136123 0.1739502644040051)
(39.04369541596663 0.1136458993209542 0.2531894928936859)
(39.09048673818002 0.1829239189095436 0.3199904288515836)
(39.02740238552659 0.2434328057033177 0.3710135731258102)
(38.84883252923184 0.2931664561504279 0.4047399471356792)
(38.54593544335118 0.330997605407665 0.4202313667583824)
(38.10847359270498 0.356743599149268 0.4176944964339856)
(37.52568426801046 0.3710047029772939 0.3984092293929385)
(36.78774260891129 0.3749527035603582 0.364366892982405)
(35.88623726671283 0.3700892446831026 0.3177450700273175)
(34.81809481584825 0.3581042783705679 0.2608321142548906)
(33.58591575022189 0.3406266691600173 0.1961599140821611)
(32.19872199051172 0.3191346447681473 0.1265715187003695)
(30.67138689085464 0.294900102124199 0.05517892256665743)
(29.02505593949457 0.2690192405880459 -0.01473756333148787)
(27.28368170652555 0.2423792109282146 -0.08002468282333053)
(25.47475855420369 0.2157428539389557 -0.1379398838858339)
(23.62630640789222 0.1897253914936264 -0.1864763845657601)
(21.76674415809716 0.1648522348881647 -0.224478514679729)
(19.92277526899 0.1415274466328591 -0.2517073146646281)
(18.11848123556301 0.1200480769729959 -0.2686937510651625)
(16.3746698906287 0.1006046218701 -0.2765209306851156)
(14.7070865225189 0.08327925446900226 -0.2765514290078472)
(13.12799233627847 0.06807203466318032 -0.2702524951136742)
(11.64449599183209 0.054910260933372 -0.2589927038203377)
(10.26041790931356 0.04367157740695306 -0.2440001034758074)
(8.976231182443271 0.03420064308464398 -0.2263066472063379)
(7.790089238148153 0.02632371337884543 -0.2067659274489232)
(6.698385483794896 0.01986054196597903 -0.1860694052090293)
(5.696164298803903 0.01463435286968775 -0.1647549277918469)
(4.77784119779706 0.01047665259254127 -0.1432450262735407)
(3.937884599187308 0.007231013566668791 -0.1219047541004862)
(3.170453402426287 0.004755092371952848 -0.1009973425847325)
(2.469727313844312 0.002924278543299633 -0.08070636800241228)
(1.830383658267213 0.001626257108944119 -0.06119124943697888)
(1.247307950520537 0.0007624800998338429 -0.04255879639481824)
(0.7157111432835498 0.0002538329566920845 -0.02486970337451984)
(0.2311406182184591 2.629076332690706e-05 -0.008161950334010079)
(36.03294527216683 -0.05099052749661478 -0.132123537845709)
(36.00301329917207 -0.1465095428429263 -0.1529057892089004)
(36.01485871538933 -0.2233721790813653 -0.1819619209284492)
(36.11503115398256 -0.2763502645625983 -0.199803454153777)
(36.3303804054015 -0.3036180289539311 -0.1917811818421549)
(36.65708737473828 -0.3028368911397218 -0.1568356154259541)
(37.04533999184312 -0.2740915961489707 -0.09879652278382485)
(37.43551670301154 -0.2223530560070965 -0.02470519573154947)
(37.78001670764146 -0.1551860088457881 0.05737295015128856)
(38.04940047728582 -0.07910931501779353 0.1393930156238493)
(38.22399293120209 0.0001004601682025425 0.2160419338964362)
(38.2877377537702 0.07672525574917473 0.2825248343961254)
(38.23150973585163 0.1463309183015489 0.3353381680210515)
(38.04937787785741 0.2059292217049913 0.3728557625341709)
(37.73267973919455 0.2538386404341172 0.3938789367827985)
(37.27163074704762 0.2895216675186242 0.398222227402058)
(36.65590204225194 0.3133410309678156 0.3867237150606664)
(35.87718303256044 0.3263202841514061 0.3609707501105319)
(34.93078793844987 0.3298440993943992 0.3227559884031273)
(33.81610465064472 0.3254779412676624 0.2740696229736959)
(32.54009839813666 0.3147745742650058 0.2172857759476615)
(31.1154627669755 0.2991369492311564 0.1551202036238725)
(29.56140653019396 0.279836535648929 0.09062462012716185)
(27.90104297046433 0.2579629771969215 0.02698117550938248)
(26.16134704140756 0.2345001278253552 -0.03272906934100173)
(24.3695649008248 0.210281015324001 -0.08589232743161757)
(22.55375691096577 0.1860539831186497 -0.1306045647549555)
(20.74046418075544 0.1624525031575993 -0.1658460977547983)
(18.95416107545892 0.1400072668347982 -0.1914282942316931)
(17.21632974405097 0.119123083094177 -0.2078961848987794)
(15.54398697841432 0.1000629780746889 -0.2162629197052207)
(13.95101643672505 0.0829852234836887 -0.2178051047736523)
(12.44670664424615 0.06793477732442627 -0.2138386367666396)
(11.03643432519678 0.05486762462605642 -0.2055862297469476)
(9.722444735745635 0.04368323433882091 -0.1941174933923635)
(8.50478489022843 0.03424279004433534 -0.1803409625223219)
(7.380593586937208 0.02637864531836683 -0.1649672850964862)
(6.346428298923276 0.01991842691394426 -0.1485988971985469)
(5.39690895769349 0.01468851191566164 -0.1316585778780209)
(4.527243647535126 0.01052229667262122 -0.114544493080726)
(3.731589103382353 0.007267434446518657 -0.09752069114314432)
(3.004515104175911 0.004782748024750712 -0.08081458666341818)
(2.340732736008231 0.00294232685806227 -0.06460345513867367)
(1.734970590391387 0.001636558728423828 -0.04899760461706684)
(1.182236903493082 0.0007680451200606153 -0.0340657813228219)
(0.6783632895551058 0.0002560684929197132 -0.01990087595092935)
(0.2191855412316186 2.642372786302624e-05 -0.006542914256014871)
(35.01805049078894 -0.05253094861653313 -0.1142489113768198)
(34.96743718315596 -0.1533186252875428 -0.1356723264243072)
(34.9504594063278 -0.2417441599406985 -0.1667899946144972)
(35.02624738571834 -0.3121023895090402 -0.1883285690095457)
(35.235188824754 -0.3601663412498323 -0.1857497454354922)
(35.57097092462786 -0.3796500390470557 -0.1584433716796745)
(35.9820529216241 -0.368369880429287 -0.1091130610065271)
(36.40341399656076 -0.3295587331231773 -0.04337882089912064)
(36.78001723327598 -0.2700642653674998 0.03150376646057107)
(37.07812808137749 -0.1964783340224715 0.1075348318992265)
(37.27426607140986 -0.1154449869781393 0.1800796255054386)
(37.3501315751676 -0.03367180891488875 0.2448112611452772)
(37.295490434534 0.04310459738366059 0.2981838688206708)
(37.10409315137932 0.1109437488316434 0.338322454379699)
(36.76778802442408 0.1676990198015278 0.3636927906908264)
(36.27736096344827 0.2124888811825065 0.3737205260447468)
(35.62404382032187 0.2453918790908902 0.3688689101956962)
(34.80174534706986 0.2671828188301603 0.35032410307475)
(33.80893144946597 0.279106410927756 0.3196021512952746)
(32.64904407471489 0.2825067202388031 0.2784292866416763)
(31.3328024425453 0.2788046841220626 0.2290172892074865)
(29.87719766141878 0.2693459342233186 0.1739864417129332)
(28.30436790637161 0.2553647124385757 0.1162831134040911)
(26.64011679161336 0.2379814406515903 0.05899441325017844)
(24.91259320977512 0.2182352255205979 0.005068339812163297)
(23.14921740468491 0.1970391726334436 -0.04305372866042946)
(21.37713533129083 0.1752589432633777 -0.08360874968317455)
(19.62091830538525 0.1536279079486503 -0.1157272148343485)
(17.90242750245696 0.1327781642449344 -0.139301709512902)
(16.23977138588021 0.1131901629938212 -0.1548767935908081)
(14.64756316288194 0.09520546092678334 -0.1634167336146572)
(13.13665843937545 0.07902638207445874 -0.1660774819129728)
(11.71396997366797 0.06472896437585335 -0.1640311778659314)
(10.38294770142594 0.05229536523582971 -0.1583415462116757)
(9.144953784714712 0.04164569955517653 -0.1499402044196925)
(7.998596880270064 0.0326497584664216 -0.1395802223645117)
(6.94117032320021 0.02515499749355308 -0.1278766379040881)
(5.968714243122808 0.01899770420257725 -0.1153180282695657)
(5.076212075208648 0.01401132376101165 -0.1022691893877384)
(4.258462385190501 0.01003867192352968 -0.08902437721243599)
(3.510414837164897 0.006934257568676232 -0.07583069925812465)
(2.826751714206654 0.004563832445156258 -0.06286318071052303)
(2.202437722794131 0.002808179169763331 -0.05026143513560118)
(1.632569294530682 0.001562309305683177 -0.03811939396359887)
(1.112655111570288 0.0007345760793970586 -0.02651132696767075)
(0.638578738218197 0.0002445749071733215 -0.01549618583103603)
(0.2062042445535101 2.48262794482649e-05 -0.005080244009666154)
(33.92079929709215 -0.05244416054589093 -0.09772804798125588)
(33.84865681522816 -0.1552738632297161 -0.1188887978819479)
(33.79909167488938 -0.2522772698264658 -0.1505084056962189)
(33.84426725414288 -0.3373684415888583 -0.1740169948151627)
(34.03882050711912 -0.4042404254051932 -0.1756073123575378)
(34.37441794117832 -0.4433604966283442 -0.1550543797236733)
(34.79903660678666 -0.4502494682771292 -0.1140433684405447)
(35.24410741187786 -0.426177603146251 -0.05686395664221327)
(35.64746784448422 -0.3765851269407514 0.0100419377225069)
(35.96917861978714 -0.3079306006256804 0.07910740297125404)
(36.18211746705013 -0.2277500209240633 0.1464248267669246)
(36.26591853343406 -0.1434965677501202 0.2082377091131002)
(36.20904907541929 -0.0619694673568852 0.2611145400023976)
(36.00443233732319 0.01211231193753672 0.3027551953813011)
(35.6447900594898 0.07620356640383576 0.3312627805787224)
(35.12183396478352 0.129038296516722 0.3457592513610362)
(34.42928367104442 0.1703220012575299 0.3463875529976176)
(33.56375780484937 0.2005037587683445 0.3339794229541419)
(32.52691714993884 0.2205305387500728 0.3097612275322063)
(31.32684991932016 0.2315797235558068 0.275321299069704)
(29.97806000652409 0.234902499416857 0.2326994892789144)
(28.50124225374 0.2317451732787195 0.1843823913730829)
(26.92119747884736 0.2233127818652212 0.1332062569708974)
(25.26578333713093 0.2107439692140407 0.08212855854764246)
(23.56315541561574 0.195107433789578 0.03391840717860452)
(21.8408910687123 0.1774220856106997 -0.009139400926491351)
(20.12453002631239 0.1586277948016566 -0.04549359553976395)
(18.43607460458248 0.1395472119542392 -0.07439876093746177)
(16.79477088816757 0.1208927114459884 -0.09582874610079878)
(15.21558151785733 0.1032021527205106 -0.1103387908135269)
(13.71042100786375 0.08686903063921726 -0.1188177469110267)
(12.28725814228387 0.07212434325838622 -0.1223015074859456)
(10.95076158309422 0.05906892089241668 -0.1218117046063109)
(9.703450716910398 0.04771222280748059 -0.1182727739156933)
(8.544871002302605 0.03798225374234136 -0.1124612641576469)
(7.47329479257967 0.02976746888372784 -0.1050146706486637)
(6.485193264906301 0.0229234661245758 -0.09642126967084841)
(5.576824228599548 0.01730528941895947 -0.08709655019944901)
(4.743324105130717 0.01275900202638708 -0.07734095317596548)
(3.979678528986592 0.009138316207044977 -0.06739119304774369)
(3.280975744686954 0.006310387645536737 -0.0574427883465051)
(2.642378251806055 0.004152331693389332 -0.04764638268667556)
(2.058988930889902 0.002554591146415034 -0.03810364700208872)
(1.526408654603747 0.001420617992842946 -0.02890297568595382)
(1.040386969091976 0.0006666329071583319 -0.02010056372861625)
(0.5970546127304772 0.000222123610908242 -0.01173951742547459)
(0.1929671297712557 2.246270596875008e-05 -0.003860838264707785)
(32.73489431013445 -0.05111587935660661 -0.08289991842104985)
(32.64105846793186 -0.153434073153743 -0.1030412241957546)
(32.55611626441988 -0.2559844984633476 -0.1339501009252099)
(32.5656835602637 -0.352775857372309 -0.158018009609199)
(32.73778150725285 -0.4355729714090311 -0.1625324354747276)
(33.06359378236743 -0.4926155387578573 -0.1476566857180551)
(33.49119831012766 -0.5173657875588082 -0.1142770735240355)
(33.95063955749094 -0.5087454456189924 -0.06547624965965648)
(34.37408816423172 -0.4706557726626427 -0.006953799861351407)
(34.71358706487834 -0.4092054640101689 0.05460853248790332)
(34.93878623786929 -0.3325838452181395 0.1159923198416069)
(35.02722188459358 -0.2487206555652094 0.1740135455954738)
(34.96555551925805 -0.1650747550048518 0.2254491620544782)
(34.74623771195239 -0.0868429714489975 0.2675107958349538)
(34.3620574522633 -0.01701742059729375 0.2979691025369325)
(33.80676899571192 0.04264941021612753 0.315739739522542)
(33.07655611052562 0.09141516284911749 0.3206830829334407)
(32.17173326879336 0.1293410204293463 0.31334702545954)
(31.09748253515188 0.1570378030872958 0.2947277825510963)
(29.86621304926441 0.1754210096492312 0.266222804323591)
(28.49606235685981 0.1855874698145895 0.2297195088167628)
(27.01068857642851 0.1886933234038766 0.1875838779453765)
(25.43762094142052 0.1858976105540956 0.1425231624907076)
(23.80522324157505 0.1783328157390646 0.0973378651996428)
(22.1418297635172 0.1670984427169787 0.05460443763311369)
(20.47394111137014 0.1532811316714487 0.01641366635922572)
(18.82476717211509 0.1378792718359815 -0.01587496150650923)
(17.21417355054262 0.1217954294255091 -0.04164780696328769)
(15.65818751879746 0.1057862130010497 -0.06095784727447619)
(14.16911067862965 0.09044147530875234 -0.07433913747955445)
(12.75592874345224 0.07618033602977578 -0.08260575662797898)
(11.42432385644118 0.0632585227768126 -0.08667142972163051)
(10.17729595179714 0.051798600538504 -0.08741749038493046)
(9.015542336841731 0.04182000667992316 -0.08561961212257624)
(7.938045087381576 0.03327235668546934 -0.08192618155001581)
(6.942308572568059 0.02605933694646287 -0.07686172645595071)
(6.024794997907766 0.02005588981414624 -0.0708309082153388)
(5.181486067439816 0.01513166045942636 -0.0641631224365545)
(4.407496625999819 0.01114791012094066 -0.05709394973867932)
(3.6985726542905 0.007980387278190349 -0.04983744840941206)
(3.049664974128286 0.005507232500831227 -0.04253335471948887)
(2.456361724728288 0.003621345913324126 -0.03530765356232643)
(1.91434978588067 0.002226571879449712 -0.02825643514296522)
(1.419309054504304 0.001237454729763594 -0.02143862555828506)
(0.9675994444460491 0.0005812945683655933 -0.0149182464759261)
(0.5553597719522742 0.0001934547585971749 -0.008714273148585545)
(0.1794339011823358 2.014309971540604e-05 -0.002860240310523406)
(31.45592279742205 -0.0489180372468988 -0.06987952454090071)
(31.34110684473988 -0.1488791773242433 -0.08843841527164759)
(31.21965870118708 -0.2542421020808437 -0.1177812404415367)
(31.19044136199951 -0.359580274006437 -0.1413083045650802)
(31.33284841310077 -0.4549874567150236 -0.1476541133564309)
(31.63957162734903 -0.5274968616309343 -0.1373349536455555)
(32.05896762217007 -0.5686786733463138 -0.1106642517712275)
(32.52250852715503 -0.5753070452934362 -0.06980100387375378)
(32.9576041530919 -0.5496396963746948 -0.01963158286857141)
(33.30813117292081 -0.4972978884297494 0.03429938572330001)
(33.54079492206639 -0.4267066741694973 0.08940931620420733)
(33.63179681616032 -0.3459905783202026 0.1430395541894552)
(33.56449185377458 -0.2627171990683702 0.1921915849744598)
(33.33068985231107 -0.182373920256222 0.2336337691550659)
(32.92373398897741 -0.1084215622020465 0.2649281449012986)
(32.33945137715832 -0.04319446351151685 0.2848596057786113)
(31.57698794903771 0.01202558615880279 0.2930292349877226)
(30.64032594864724 0.05688619848989639 0.2897595836641447)
(29.53887405416108 0.09162264948290023 0.275834278878841)
(28.28857917836697 0.1168975306689852 0.2524696794506264)
(26.91131461176406 0.1336269494663225 0.2214026053644677)
(25.43279150778634 0.1428525777248824 0.1848628045483553)
(23.88198697188722 0.1456528810373044 0.1454079467476795)
(22.28778925275293 0.1431465969543325 0.1056740825472464)
(20.67784622726508 0.1364622789997735 0.06805232468042788)
(19.07674569399844 0.1267147592512948 0.03441442263253081)
(17.50547328138961 0.1149543528581397 0.005937708046517894)
(15.98125418205125 0.1021341109938848 -0.01688789153444057)
(14.51732272227815 0.08905054427327787 -0.03416458143666645)
(13.12296774527219 0.07631398840689027 -0.04640887099547495)
(11.80505592710391 0.06437147488646836 -0.05434938376669093)
(10.56706372106974 0.05349021180211243 -0.05878111333237475)
(9.410269053961803 0.04380724756258943 -0.06045043873127343)
(8.334448827953167 0.03536254414303367 -0.06000307396719116)
(7.337973052033678 0.02812716059191935 -0.05797692272579276)
(6.417812427168947 0.02202089466279571 -0.05479432139639142)
(5.570106121685042 0.0169385935416054 -0.05078136563433803)
(4.790979186917852 0.01277046999167691 -0.04620108314614737)
(4.076021911364344 0.009402292364064029 -0.04125581524240415)
(3.421006663343702 0.006726567759223796 -0.03611203672635008)
(2.821295597297503 0.004638802225644528 -0.03088603904409898)
(2.27298451022257 0.003049052607100887 -0.02568862669628058)
(1.771624743601355 0.001873041666581638 -0.02057994881592258)
(1.313784736819315 0.001040464297353926 -0.01563282917677782)
(0.8957533137657803 0.000488081563021417 -0.01088349739745475)
(0.5142303565916612 0.0001619289344180161 -0.00636224414553362)
(0.1661680259931119 1.677667950925947e-05 -0.002088835646140801)
(30.08209079906992 -0.04620556231732575 -0.05861255874705609)
(29.94774078787236 -0.142577187069894 -0.07524758931466771)
(29.79025211479923 -0.2484695322660808 -0.1024559738574466)
(29.72127058885903 -0.3594358242937411 -0.1246788810364874)
(29.82888406093779 -0.464042608349834 -0.1319690387803635)
(30.1083068627383 -0.5489591432149846 -0.1250983362497298)
(30.50896917028602 -0.6044383773658606 -0.1041858915870884)
(30.96576991235843 -0.6253054578830883 -0.07059215668516093)
(31.40257797544664 -0.6122191885269819 -0.02833902828593109)
(31.75697833819761 -0.5703695215144098 0.01816517003563499)
(31.99292308425391 -0.5078285858269445 0.06697047427028641)
(32.08391580301843 -0.4325184901605313 0.1158594940969866)
(32.01153844630102 -0.3517831208179257 0.1619870123469581)
(31.76555991957524 -0.2711520924568439 0.2018747046661258)
(31.34026497789719 -0.1946330413977677 0.2330099557334714)
(30.73331776678088 -0.1251649487653207 0.2540888051767529)
(29.94749590347513 -0.06457168402572175 0.2645188877972434)
(28.99006246122305 -0.01369878656333136 0.2643863375118893)
(27.87435945499417 0.02735085544397312 0.2542922035705841)
(26.61989348015901 0.05896591384466299 0.2352805786703074)
(25.25130443708183 0.08187186816438669 0.2089533261507514)
(23.79582133207198 0.09693439913543236 0.1773783925995986)
(22.28328506512187 0.1051643820537298 0.1429885115777856)
(20.7422237330915 0.1076295879443173 0.1082298228456233)
(19.1987827398869 0.1054642020961931 0.0752927653703044)
(17.67572836781936 0.09980919915347733 0.04584252696215198)
(16.19157146357688 0.09175291236011913 0.02088750410315605)
(14.76038942261228 0.0822678483369583 0.0007970510730823496)
(13.39282488597076 0.07217917508350205 -0.01456445892289505)
(12.09615411213978 0.06212558347880645 -0.02567628615502836)
(10.87452599297214 0.05255381443802516 -0.03318931117506336)
(9.730155224400015 0.04375479250107169 -0.03778180082135012)
(8.663100834111006 0.03588133840335011 -0.040081914042801)
(7.672064203563365 0.02898844018682298 -0.04062215303533068)
(6.754842132857494 0.02306688077200018 -0.03983692595252632)
(5.90835322164256 0.01806279155560266 -0.03807034006816827)
(5.12869964012304 0.0138934956449951 -0.03558458179586834)
(4.41211651540184 0.01047324624089143 -0.03259392863848144)
(3.754445432729472 0.007708822426412169 -0.02926130758204011)
(3.151838601411595 0.005513598622893585 -0.02572480074799575)
(2.599927304906901 0.003801151773680018 -0.02207962610234518)
(2.094923018829534 0.002496252293044456 -0.01840965093089771)
(1.633253382032007 0.001533244840051604 -0.01478372716193491)
(1.211391207161295 0.0008512562720912828 -0.0112487462282927)
(0.8261282000926596 0.000399147359136472 -0.007843180687777276)
(0.474340423976696 0.0001327959617345818 -0.004589462042371626)
(0.1533703441296732 1.363185362811705e-05 -0.001510659398855268)
(28.61468145260847 -0.04324838078990903 -0.04895452650988735)
(28.46316295119112 -0.1352860436264085 -0.06352194691103494)
(28.27196828275485 -0.2399295217732565 -0.08826018733622386)
(28.16452804154138 -0.353850930607692 -0.1087080979428217)
(28.23469626587438 -0.464489114888097 -0.1162602883748008)
(28.48052806482992 -0.5585769120718554 -0.1118736769589421)
(28.85337826169501 -0.6256388259798167 -0.09573310616609117)
(29.29302347450861 -0.6590675907753671 -0.06857140105285749)
(29.72161533438169 -0.6581834516542845 -0.03357787314991881)
(30.07212246042877 -0.6274675467682511 0.005992813162607097)
(30.30684353950171 -0.5743619302063373 0.04866522803710501)
(30.39632879248516 -0.5061233420979687 0.09262581988087136)
(30.31957470889813 -0.4295631570056432 0.1351583927442779)
(30.06575306428553 -0.3502205562317539 0.1727238031438724)
(29.62846165599607 -0.2725849583647156 0.202854673900236)
(29.0079893240508 -0.2001772515830799 0.2242109487532111)
(28.20996548334785 -0.13535554732282 0.2360280092858684)
(27.24516325150644 -0.07942076942582113 0.2382003390541879)
(26.13038738633751 -0.03284882326658575 0.2311401185389831)
(24.88821470209073 0.004483299281777139 0.2157539703070823)
(23.5445855299207 0.03302952553322527 0.1934728247253422)
(22.12855354364515 0.05351436931600833 0.1662667495835388)
(20.66945075974852 0.06682444424859053 0.1363971608700259)
(19.19492811295737 0.07398082777871738 0.1061306138441109)
(17.72954125110646 0.07611078174529316 0.07745255485675871)
(16.29362371817403 0.07436259076404497 0.05181977046062961)
(14.90297512659403 0.06984727188596208 0.03008058514779579)
(13.56929419507927 0.06356778236658175 0.01251579231398459)
(12.30076262325469 0.05636160098044843 -0.001038852802221041)
(11.10245023405505 0.04887743243151552 -0.01102609480598249)
(9.976658095226419 0.04157093646632422 -0.0180152813375943)
(8.924483866620591 0.03475130345407609 -0.02258076050427247)
(7.944866340622373 0.02858269624983011 -0.02524345166843723)
(7.036162823687632 0.02314689050115794 -0.02644228204356971)
(6.19565181318367 0.018452128167278 -0.02652662534810051)
(5.420044473077913 0.01446784005997137 -0.02577230663290293)
(4.705876510615384 0.01114101617861637 -0.02439565484146657)
(4.049362109298913 0.008405174960273555 -0.0225657895909414)
(3.446744940206249 0.006191413521111112 -0.02041914738828153)
(2.894084897905458 0.004428682910511991 -0.01805967934181572)
(2.387920221649172 0.003053904270615223 -0.01557887117915903)
(1.924592401189289 0.002006323872965288 -0.01304319109772641)
(1.500789971955234 0.001231944851437718 -0.01050793193365727)
(1.113388480650773 0.0006839946120824543 -0.008016519673826092)
(0.759401390003008 0.0003204043739627427 -0.005599934637252569)
(0.4361098122262834 0.0001063914692256031 -0.003282286173722664)
(0.1409505362990971 1.10213751048611e-05 -0.001079233669597639)
(27.05873875422398 -0.04026575892766143 -0.04072701510054235)
(26.89333883522015 -0.1275263975483319 -0.05323418672424698)
(26.67258292767766 -0.2295934589958527 -0.07534515024512682)
(26.53008124949346 -0.3441809148875184 -0.09377279025025891)
(26.56278580794323 -0.4580369667105856 -0.1011113787920412)
(26.77141444215705 -0.5582048615483397 -0.09844949125788065)
(27.10968250781432 -0.6339300596171589 -0.08615533978657661)
(27.52345084887372 -0.6778287064143773 -0.06451653324455904)
(27.93430606795268 -0.6881067916863293 -0.03593501843863281)
(28.2736260778946 -0.6684768864612212 -0.002653562254866607)
(28.50248613545391 -0.6253790808286368 0.03424588358255277)
(28.58866606323334 -0.5651720989241639 0.0732401695664547)
(28.50965845268749 -0.493945698783099 0.1117785270367384)
(28.25240450467978 -0.4171537055486232 0.1464329966722611)
(27.81106706425112 -0.3397049602348851 0.174898355415386)
(27.18771525750008 -0.2656081325566495 0.1958042783710917)
(26.39034177932116 -0.1976856533940469 0.2082602013688086)
(25.43306954660394 -0.1376831373470291 0.2119979368802596)
(24.33538967866837 -0.08643995029741446 0.2072652478616108)
(23.12137482580395 -0.04416203176440554 0.1948110057940829)
(21.81881494302784 -0.01063491195115599 0.1759679560970666)
(20.45717087162351 0.01467484572941395 0.1525765402856388)
(19.06491322003619 0.03252225470133183 0.1267256290315661)
(17.66855707563938 0.04389547922415931 0.1005081621240993)
(16.29034279058704 0.04988616388219549 0.07568071862315466)
(14.94821439746222 0.051663187838488 0.05351619572215456)
(13.65558495620752 0.05035533894606577 0.03471758606481876)
(12.42165843669534 0.04697458611046282 0.01947849892097733)
(11.25248312321462 0.04237025621430798 0.007622552792554647)
(10.15145602438879 0.03720038665950764 -0.001250715931251098)
(9.119714572428894 0.03193375351861182 -0.007633270770944112)
(8.156900988724876 0.0268821185284807 -0.01201080743778826)
(7.261719778551886 0.02223464985936566 -0.01481228246744194)
(6.431923917407643 0.01808681078329788 -0.01639344745196145)
(5.664645580895908 0.0144710121660228 -0.01703724832346643)
(4.956727772588619 0.01138120827344352 -0.01696598815649824)
(4.304797908374278 0.008786414666956789 -0.01635329156643799)
(3.705332343691882 0.006642965307356686 -0.01533701790078433)
(3.154795313108551 0.004901448415674825 -0.01402728956185928)
(2.64979831974789 0.003511719535320992 -0.01251392327691901)
(2.186937074365564 0.00242424554459713 -0.01086802378157105)
(1.763101123388552 0.001594208521397911 -0.009149452047716134)
(1.375216113379045 0.0009798720790148555 -0.007403922533296763)
(1.02044849701969 0.0005442262850788896 -0.005668166404377318)
(0.6961729320992941 0.0002553148165543284 -0.00397107123301061)
(0.3998763479241857 8.474537827090068e-05 -0.002332833805139293)
(0.1292785922239753 8.829148938668691e-06 -0.0007687606005732356)
(25.42401818578531 -0.03739353434584342 -0.0337360896288707)
(25.24864598499452 -0.1196073136128803 -0.04430235689264977)
(25.00396391101696 -0.2181012278501681 -0.06375153074939582)
(24.83161886821123 -0.3314862726714623 -0.08011420331034744)
(24.82936568360605 -0.4461524520506899 -0.08690932511790127)
(24.99981684197234 -0.5496023201903033 -0.08539358498564288)
(25.29981404268368 -0.6311625724059002 -0.07613255544256617)
(25.68081323163673 -0.6832043034658329 -0.05910952088467428)
(26.06618051651333 -0.7031747824088643 -0.03603954999457899)
(26.38799794909798 -0.6939371708312505 -0.00832783731941736)
(26.60654159823683 -0.6606878299475802 0.02325434887275482)
(26.68813442751728 -0.6088135961931176 0.0573861731876124)
(26.60835992875084 -0.5435709166178251 0.09171337531506459)
(26.35278111977952 -0.4702765438722969 0.1230892266221105)
(25.9158034528476 -0.3941332807287464 0.14939907098948)
(25.30069603384572 -0.3194940001564212 0.1692769967526395)
(24.51750934312754 -0.2495777097907738 0.1817544620780574)
(23.58231392397238 -0.1865264654397301 0.1864205803039801)
(22.51679519051581 -0.1315660037674571 0.1833868746827543)
(21.34657709347067 -0.08521053004875667 0.1732989026982756)
(20.09979370776337 -0.04753418448675297 0.1573688979778916)
(18.80553633205139 -0.01818065343095751 0.1373052360336298)
(17.49134284866064 0.003493394362136005 0.1150372005843934)
(16.18182072127493 0.0184131571448869 0.09244969565789224)
(14.89719057043887 0.02767069882379866 0.07110300794205195)
(13.65299325530506 0.03243763526905293 0.05208170297112737)
(12.46026700769258 0.03385499720029531 0.03595593081033949)
(11.3262501376926 0.03294657215721361 0.02285400155697163)
(10.25537143397431 0.03056838980209497 0.01259457743512651)
(9.249220342249616 0.02737345509602367 0.004812972767266372)
(8.308189748215822 0.02384211083773752 -0.000908081467955944)
(7.431277361470752 0.02029621956782367 -0.004974227496455974)
(6.616631635189433 0.01693675620912308 -0.007737808497023834)
(5.861817707820026 0.01387664997208369 -0.009486379591208854)
(5.163958414120594 0.01116926043308727 -0.01044825804025565)
(4.520054872934749 0.008829156310979575 -0.01080183151839423)
(3.926870369678647 0.006845735118943566 -0.01068741002139123)
(3.381191103875152 0.005194939834577424 -0.01021694012109556)
(2.879805545779659 0.003845325374265121 -0.009480880830873034)
(2.419637871216588 0.002762575781685727 -0.008553386540619259)
(1.997612748769205 0.00191160180765333 -0.007494087733681497)
(1.610954326745535 0.001259520920821466 -0.006353246147769639)
(1.256890807075568 0.0007754768215942166 -0.005169846302750507)
(0.9328986150221903 0.0004313537619547811 -0.003975647549801516)
(0.6365882298552852 0.0002025424418339524 -0.002795106065522304)
(0.3657451943693366 6.737530842982854e-05 -0.001646882939022089)
(0.118292764139907 6.951236839977919e-06 -0.0005444143074487148)
(23.72501125831597 -0.03470051329476329 -0.02781073653237307)
(23.54405422183499 -0.1116864830747404 -0.03661549454783124)
(23.28233593555917 -0.2058950706056926 -0.05348765465704007)
(23.08666445056234 -0.3165441886229178 -0.06782707863939898)
(23.05385205548221 -0.4300574076382351 -0.07389149253901903)
(23.1876028597326 -0.5343723321924985 -0.07310511992103902)
(23.44806172638138 -0.6191620655707948 -0.06618881041280404)
(23.79228899899142 -0.6770567341936169 -0.05294506996533528)
(24.14675729516245 -0.7049532006102305 -0.03449713311504566)
(24.44597797879459 -0.7048727607104172 -0.01161413599282723)
(24.65070382781958 -0.6807805796184827 0.01514257369166285)
(24.72651319609508 -0.6369715519181327 0.04464172190651932)
(24.64752908278969 -0.5779572845800385 0.07471861523322204)
(24.398361457777 -0.5088069223924903 0.1026312584002655)
(23.9737612131838 -0.4348794388989357 0.1264660492093748)
(23.37729797817593 -0.3607181266774726 0.1448879463230927)
(22.62053146277115 -0.2898650488018475 0.1568926186815748)
(21.72141300469998 -0.2248285600936692 0.1619813570871355)
(20.70194726215024 -0.1671713020418316 0.1601462663602572)
(19.58857648949435 -0.1177571345835527 0.1519389298243227)
(18.40968054715072 -0.07689045967138386 0.1384820669007019)
(17.1932073258944 -0.04441442734492775 0.121333462552727)
(15.96548933241296 -0.01976656530548923 0.102260919039997)
(14.74885727472229 -0.002077450833486837 0.08293581382359404)
(13.56177846912394 0.009749020948694431 0.06472990898474335)
(12.41724383225421 0.01688436073068235 0.0485464565664783)
(11.32432207303796 0.02047884995211444 0.03484175415411119)
(10.28883706886728 0.02156370343028226 0.02369486866311436)
(9.313238905265081 0.02098076650562652 0.01491373408832703)
(8.398612606819752 0.01939253630502851 0.008185371189488682)
(7.544383630307363 0.01727426507266516 0.003151780155319268)
(6.749166752520901 0.01495495741093662 -0.0005221877837750162)
(6.010794847106225 0.01264465816509853 -0.003123960082636466)
(5.326662620686946 0.01046920976251572 -0.004885142939179221)
(4.694211933516766 0.008500673481579409 -0.00598851392062808)
(4.110440775810616 0.006768965948943887 -0.006577441276304947)
(3.572413792602446 0.005281232090830396 -0.006765377917242017)
(3.077242159055475 0.004029396426829077 -0.006643476815261486)
(2.621949265814578 0.002996520284701159 -0.006285865048901398)
(2.203853816094662 0.002161704122609312 -0.005754261027136143)
(1.820098407240266 0.001500967457548564 -0.005097664473594685)
(1.468266944085385 0.0009919394010216183 -0.004358635932520214)
(1.145865890922581 0.0006123092406327475 -0.003569960225793287)
(0.8508192873857872 0.0003414765114011136 -0.00276068065661775)
(0.5807088748225291 0.000160721169379104 -0.001948589793510295)
(0.3337680364973604 5.364286537720886e-05 -0.001152388751436761)
(0.1079475866686774 5.538461253619532e-06 -0.0003815527689820331)
(21.98134576591418 -0.03217018561109983 -0.02279416139367966)
(21.79870803713838 -0.1038350708371146 -0.03005184434679242)
(21.52744586383985 -0.1931962381341656 -0.04449206659006868)
(21.31573985816427 -0.2999397126738985 -0.05691024916399295)
(21.25813864138841 -0.4107279270897234 -0.06217637766693041)
(21.35861190113733 -0.513908497496096 -0.06183620890445392)
(21.58086235842606 -0.5997034927529565 -0.05670569099838398)
(21.88672786149733 -0.6612665295407559 -0.04649142222432456)
(22.20723634693601 -0.6952271112174494 -0.03185587778120587)
(22.48063924373855 -0.7027986266798016 -0.01310849195859896)
(22.66897767820029 -0.68674657623177 0.009347763761727624)
(22.73785495095401 -0.6503745400938798 0.03451003905611767)
(22.66105088530841 -0.597470871048017 0.06047828605098027)
(22.42276546644808 -0.5328763325273517 0.08490229275903693)
(22.01720082713663 -0.4618594267757259 0.1060920624323357)
(21.44870214760141 -0.3890805264446872 0.1227775487457615)
(20.72940530488021 -0.3183068706211236 0.1339614939611936)
(19.87721731498614 -0.2523365857570654 0.1390760448279831)
(18.91518143347572 -0.1930694693229215 0.1380477420981976)
(17.86946117106441 -0.1416702490898291 0.1313516696955656)
(16.76740914026124 -0.09866956978979355 0.119998470003453)
(15.63630172440764 -0.06405771033314614 0.1054192592185533)
(14.50037631260959 -0.03735570945424909 0.08919242155783948)
(13.38033287871532 -0.01771491070277443 0.07280001093026264)
(12.29205864285493 -0.004050596618495275 0.05740867840420888)
(11.24679195303942 0.00481670206490226 0.0437714849786829)
(10.25201347697174 0.01003699872978274 0.03224581900219393)
(9.311898965406987 0.01262911299763721 0.02286165390888205)
(8.427973759084745 0.01342867924742223 0.01543824189008414)
(7.600635923911763 0.01308668768179262 0.009701783751231907)
(6.828762565115238 0.01207407741401325 0.005350710019031302)
(6.110592145193104 0.01071756344750655 0.002109159824677454)
(5.443791925711785 0.009232485330848441 -0.0002548530851375156)
(4.826245896466429 0.007759135489868949 -0.001925926320726638)
(4.254937491567221 0.006374816759147532 -0.003050759199683182)
(3.727432963154541 0.005126083397986593 -0.003743748534837887)
(3.241034476182779 0.004032868254650695 -0.004096789336639814)
(2.793001927042876 0.003098310512936241 -0.00418343373669324)
(2.380688685113813 0.002317438747631005 -0.004064586462945906)
(2.001914019450713 0.001680452271049526 -0.003792087319440862)
(1.654058984591888 0.00117242885618585 -0.003407032758285101)
(1.334808241953912 0.0007777976401901124 -0.002943437906889291)
(1.04217942561775 0.0004819543694854425 -0.002430706761852771)
(0.7739629515136136 0.0002693737602372075 -0.00188989682225579)
(0.5285272619845849 0.0001272287828687369 -0.001341095021363348)
(0.3038250797593152 4.248089145499256e-05 -0.0007954893178788066)
(0.09827737967110747 4.347019206993315e-06 -0.0002639423441867049)
(20.2152213304715 -0.02977517862771385 -0.01856267663322882)
(20.03490135643883 -0.09607616406456441 -0.02448603004818097)
(19.76163392825356 -0.180170481264129 -0.03669271439441499)
(19.54135519994743 -0.2821071575713528 -0.04732401889939807)
(19.46531590636637 -0.3889371531943599 -0.05179152735123208)
(19.53721725239333 -0.4893657840876241 -0.05170947243933326)
(19.72416790690527 -0.5743204847780993 -0.04792745527922335)
(19.99243654941154 -0.6376441000932135 -0.0401130631665263)
(20.27806325481808 -0.675830209454925 -0.02857611096487341)
(20.52430455485466 -0.6894401226692367 -0.01332810317171108)
(20.69484780418538 -0.680119735012465 0.005346852109434032)
(20.75651125141785 -0.6503510401414604 0.02654400956989008)
(20.68308345263444 -0.6032614472055562 0.04864122284232149)
(20.45843738941348 -0.5433670370104671 0.06967809748731528)
(20.07735212949626 -0.4757946561667752 0.08818897391472971)
(19.54386703060812 -0.4051763556434104 0.1029876857148007)
(18.87026543410494 -0.3354282407347015 0.1131180560178108)
(18.0738257237643 -0.2695634577439045 0.1179872101664553)
(17.1778298368853 -0.2097853827979493 0.1174832870890996)
(16.20723010994076 -0.1574923603658649 0.112005418189345)
(15.18850068834512 -0.1134116682681857 0.1024686547089593)
(14.14726561718189 -0.07765255505475217 0.09015556913023613)
(13.10576157490786 -0.04979143541068223 0.07646104607054958)
(12.08308998504649 -0.02899529177314666 0.06268105857981729)
(11.09289410086424 -0.01418367711449262 0.049796764361155)
(10.14489925301528 -0.004178461592411919 0.03842557292166859)
(9.245014184965092 0.0021553339190046 0.02883576542376177)
(8.396195506520264 0.005816485302344934 0.02102408866350977)
(7.599690773673453 0.007625551311184842 0.01482815476906176)
(6.854792116355509 0.008208911553686533 0.01000349582513099)
(6.160295257274709 0.008027791538678693 0.006302443807381777)
(5.51437578601538 0.007404330007883085 0.003501095532476642)
(4.914776625027817 0.006555176003320754 0.00141350117744241)
(4.359152216131917 0.005621921016202269 -0.000107757547692113)
(3.84509803699514 0.004693483982824936 -0.001178351616817001)
(3.370104192159881 0.003822575301172011 -0.001889878589474427)
(2.93178558590949 0.003038562297070608 -0.002315764582048491)
(2.52777670683121 0.002354817691584406 -0.002516213523451338)
(2.155753788191522 0.001774493756574737 -0.002541175993114197)
(1.813580543689858 0.001294634481234585 -0.002432578494922188)
(1.499053781040008 0.0009077822647460969 -0.002224855757516439)
(1.210254143956076 0.0006050919047838922 -0.00194709635146851)
(0.9452442388080795 0.0003762345376327645 -0.001622569810852051)
(0.7022689550421223 0.0002111187027308042 -0.001270311688857471)
(0.4796756660900143 9.992250040807547e-05 -0.0009054119703554943)
(0.2758242235587617 3.340663191067601e-05 -0.0005388593721984112)
(0.08925893699324088 3.502406371792624e-06 -0.0001792730670451961)
(18.45047830993362 -0.02747988886339913 -0.01500884871288423)
(18.27647349155212 -0.08842666352292868 -0.01979854722842592)
(18.00806816685754 -0.1669523715953913 -0.02998862632140535)
(17.78641287116323 -0.2633897463221738 -0.03899861491854645)
(17.69824822428881 -0.365306137733692 -0.04270522217982484)
(17.7468332026751 -0.4617195666560966 -0.04276495040005313)
(17.90251870356561 -0.5443163449525161 -0.03998002274577154)
(18.13543941662862 -0.607767894900236 -0.034049108464396)
(18.38735066419514 -0.6485637037779554 -0.02501560061510695)
(18.60638472375369 -0.6666202314355905 -0.01270324500989894)
(18.75891535600157 -0.6627267081354761 0.002676949754570629)
(18.81290283911041 -0.6385823460710481 0.02032244495221502)
(18.74361221756693 -0.5968774306926001 0.03886246795355897)
(18.53516197863067 -0.5417315200761248 0.05671730527810145)
(18.1822484325746 -0.4780002011110069 0.07261455000969713)
(17.68883737217861 -0.41022145970927 0.08548704657915768)
(17.06625913903548 -0.3423487941656947 0.09444052195979645)
(16.33178094105316 -0.2775874450442333 0.09889780774700532)
(15.5069427111697 -0.2183282886739912 0.09871169160752545)
(14.61615146938427 -0.1661841722463624 0.09423241218426534)
(13.68414675878091 -0.1220204514167911 0.08627036042652599)
(12.73442173843182 -0.08602918816278522 0.07595318217950096)
(11.78802347330027 -0.05782252176226176 0.06451107094703755)
(10.86157457144697 -0.03658101937379592 0.0530437797110127)
(9.966999216758191 -0.02122955370000243 0.04236893686340883)
(9.112712982569663 -0.01060525603167469 0.03298813604112255)
(8.303546428148945 -0.003597261113430522 0.02509870650141959)
(7.541559694826871 0.0007622773550940579 0.01867418349243256)
(6.827098118261035 0.003259734757843207 0.01356086084433543)
(6.159665088877522 0.004500345664938978 0.009557816520962024)
(5.537581428977604 0.004924284966537902 0.006457128598946941)
(4.959113397848297 0.00484380810386489 0.004079673259367683)
(4.422068277990459 0.00447147879899222 0.002277805245756055)
(3.924187738214089 0.003948919440482868 0.0009353103430916652)
(3.463422677735318 0.003369743467322709 -3.844111383571598e-05)
(3.037238757086965 0.002790313554391955 -0.0007163847820755913)
(2.643642271443017 0.002247030171215606 -0.001156893686667354)
(2.28059083336941 0.001759848110154911 -0.001408753042713464)
(1.946045493966845 0.001337845041873121 -0.001512857765012488)
(1.63793234330377 0.0009827573559773707 -0.00150320137285017)
(1.354567602163904 0.0006932813847287203 -0.001408886697942619)
(1.094138528370675 0.0004644390684341835 -0.001253603628696373)
(0.8549296778389813 0.0002900564772195736 -0.001056581082718892)
(0.6354024251472788 0.0001633391563006472 -0.0008335215883357456)
(0.4341975058494223 7.748791607022491e-05 -0.0005973567438784209)
(0.2497218083452645 2.602673553750509e-05 -0.0003564634715824813)
(0.08084980039567136 2.728592963020804e-06 -0.0001188843367498489)
(16.71184968351535 -0.02524518297011809 -0.01203722316168563)
(16.54695967606899 -0.08090592922975491 -0.01587616029810961)
(16.28926793460252 -0.1536902042022457 -0.02428406668471384)
(16.07254649537303 -0.2440977526648835 -0.03182161163795526)
(15.97813963716191 -0.3403712783791137 -0.03485013998784846)
(16.00861634340668 -0.4317866149875882 -0.03497521702343006)
(16.13749457904077 -0.5108834193634405 -0.03293428848391511)
(16.33835801881045 -0.573115967272313 -0.02846667713504269)
(16.55863713245079 -0.6150545182850915 -0.0214350732129364)
(16.75176697009034 -0.6361384083523992 -0.0115697116475784)
(16.88657588554593 -0.6364153905398683 0.0009678445203667705)
(16.93350041782567 -0.617018457198611 0.01548128137763783)
(16.86894530532074 -0.580208458726192 0.03083612557045822)
(16.67802907483224 -0.5297618939676021 0.0457590970943415)
(16.35533759396757 -0.4701468097764351 0.05919559987430462)
(15.90466423148308 -0.4057672314937891 0.07018917482465196)
(15.33639404484302 -0.3405407842818921 0.07793161049174088)
(14.66681034725898 -0.2777678119339683 0.0818844080025764)
(13.91619464073943 -0.2199785354596108 0.08188765996620222)
(13.10684388571198 -0.1689122934740791 0.07823449817723223)
(12.26218315795865 -0.1255435033460419 0.07163737132493656)
(11.40386949868885 -0.09011505429411475 0.06308102096748923)
(10.55065254880186 -0.06225939560399228 0.05361662997155345)
(9.717526234817113 -0.04116895952712767 0.0441752343255737)
(8.91496134960561 -0.02578120200821542 0.03543092492293513)
(8.149884772992932 -0.01496198751547207 0.02777723616611636)
(7.426367904339997 -0.007638433505122169 0.02135863902200021)
(6.745919336348861 -0.002884163214894378 0.01613597192800834)
(6.108506577241983 4.807462625898022e-05 0.01197032774642699)
(5.513271059564495 0.00172898002333581 0.008690987899854325)
(4.958668072468742 0.002576314146368227 0.006130496519423308)
(4.442886323753743 0.002886321975182498 0.004145201903361271)
(3.96391881971577 0.00286387865336009 0.002619794905322655)
(3.519687398894594 0.002647906016946296 0.001463799463272523)
(3.108213046300346 0.002331603324276258 0.0006065080814556095)
(2.727399310323758 0.001975316692945117 -9.062153228012361e-06)
(2.375457742558522 0.001618484081682325 -0.000429321010687679)
(2.050508767168795 0.001284545161087547 -0.0006934878359882506)
(1.750695195297356 0.0009865006090482647 -0.0008346669377723401)
(1.474391772373097 0.0007307750822502117 -0.0008809118504404943)
(1.219999205020877 0.0005189440858218718 -0.0008558592994530502)
(0.9858911590055004 0.0003493716036557851 -0.0007788838019407258)
(0.7707437426556251 0.0002191126704069656 -0.0006662746294793337)
(0.5731127604358651 0.0001238259547590097 -0.0005306906706710686)
(0.391739542845332 5.891780811913826e-05 -0.0003823296982274657)
(0.2254609924723777 1.982205484757564e-05 -0.0002291690943214979)
(0.07300708424393616 2.088893042465693e-06 -7.646047789689785e-05)
(15.02136803518458 -0.02305060166626026 -0.009567107395262507)
(14.86779953201361 -0.07355087136811865 -0.01261664328984569)
(14.62553404877192 -0.1404716557073469 -0.01946855914597772)
(14.4188112247946 -0.2245142876809401 -0.02570384822911131)
(14.32311801579324 -0.3145787141430474 -0.02813256369201957)
(14.34027033628389 -0.400273115654262 -0.02827838830828911)
(14.44678086836748 -0.4750137628466186 -0.02678881905799923)
(14.61926221071035 -0.5349447251211312 -0.02344890411633041)
(14.81080685925349 -0.5768177901375824 -0.01801230970015546)
(14.97978731778608 -0.5996755041718081 -0.01017606398005409)
(15.09816561198648 -0.603043200504335 -5.771337890524244e-05)
(15.13840980504902 -0.5875674895769821 0.01172412613002422)
(15.07913664430748 -0.5552041706950867 0.02426952760533267)
(14.90608126956976 -0.5093045466978222 0.03657103678265178)
(14.61451719434697 -0.4540253330480107 0.04774265070112914)
(14.20754460466551 -0.3935087659772354 0.05696987400784138)
(13.69463540258859 -0.3315863009307051 0.06353515228935497)
(13.09056268265042 -0.2715606616754771 0.06694752855748792)
(12.41420459538838 -0.2160467184213082 0.06705087535354447)
(11.68597191221877 -0.1668553943434186 0.06408927925899095)
(10.92741394511076 -0.1250187461165414 0.0586781948591766)
(10.15819889485292 -0.09080885113487949 0.05166032450499381)
(9.394914799088923 -0.06386524058699417 0.04391989492543082)
(8.650997702329258 -0.04339901462865418 0.03623418187406867)
(7.935657810274233 -0.02837181309576235 0.02915200403860892)
(7.254927743489485 -0.01768967932744048 0.02298325023237621)
(6.611778671700183 -0.01032938544212463 0.01782332235064896)
(6.007388538118237 -0.005416048195738439 0.0136271146732509)
(5.441634017238494 -0.002249471608098663 0.01027491337973827)
(4.913436885657001 -0.0002974236169319284 0.007623202492648499)
(4.421362140571367 0.0008302208068521987 0.005537316423981443)
(3.963633746500921 0.001410838722815166 0.003904371880319517)
(3.53840171832758 0.001638282979614523 0.002634903960858378)
(3.143835025186658 0.001646256141430557 0.001659720280001756)
(2.77807956249868 0.001525665280319711 0.0009241950840648924)
(2.439378667159621 0.001337804910910911 0.0003843114077573334)
(2.126025758222776 0.001123023183970606 3.364011777275402e-06)
(1.83636723169939 0.0009070927934019983 -0.0002498138473704241)
(1.568866531384488 0.0007058262409945931 -0.0004018620303650142)
(1.322113311364139 0.0005281619266111909 -0.0004755997363227262)
(1.094615805514608 0.0003778666535385911 -0.0004902115861322978)
(0.8851232974374373 0.0002559481470770781 -0.0004617757794312168)
(0.6923747263394768 0.0001612711596780864 -0.0004034020381972561)
(0.5151139373871945 9.143288600930253e-05 -0.0003254293690892218)
(0.3522584917763056 4.360822184739119e-05 -0.0002361263373986877)
(0.2027973838306425 1.468627944527322e-05 -0.0001419235444901227)
(0.06570542345177857 1.551384857572988e-06 -4.74064768860024e-05)
(13.39755319878254 -0.02090437392638955 -0.00752765122911182)
(13.25705334192733 -0.06639450751229629 -0.009925092700966646)
(13.03343532850098 -0.1274579038671403 -0.01544004494145468)
(12.84060547944944 -0.2048699261930693 -0.02052185777701263)
(12.74751342762356 -0.2883285222188035 -0.02244599240245506)
(12.75541713278422 -0.3678111137687546 -0.02258843151469929)
(12.84352688169004 -0.4375401220286996 -0.02150540376190509)
(12.99122891816823 -0.4943229915823078 -0.01902921972106795)
(13.15710143428059 -0.5351522705378018 -0.01485741455587711)
(13.30420757564533 -0.5587628075042703 -0.008692709081963552)
(13.40735913075427 -0.5642842202186573 -0.0006253806638503661)
(13.44187890781856 -0.5520436254306597 0.008822294165108477)
(13.38778832632255 -0.5236532773166404 0.01892925213432318)
(13.23273281008163 -0.4821859540169918 0.0289184600653201)
(12.97203545075145 -0.4313753440135951 0.03806061483667117)
(12.6081750321994 -0.375075491625648 0.04567246532686694)
(12.14995304591757 -0.3169944886450557 0.05113504629400939)
(11.61044001428765 -0.2603546151107561 0.05401400908454661)
(11.00650163932789 -0.2077692027679609 0.05416433258251465)
(10.35745512566649 -0.1611046693121776 0.05178837930181667)
(9.682074803490686 -0.1213869477920204 0.0474022687527044)
(8.997881075852851 -0.08889622612184471 0.04171057701996003)
(8.320347598405014 -0.06330066107915502 0.03546113573961552)
(7.660845244299712 -0.043815985741541 0.02928109155098225)
(7.027613926553043 -0.02944889549469914 0.02361705123323821)
(6.425463418849921 -0.01915381997979184 0.01870284417881403)
(5.857134437729322 -0.01196737588907585 0.01460547517592958)
(5.323411950073268 -0.007074051569394956 0.01127683251650811)
(4.823943332351567 -0.003826057826001521 0.008612773800268193)
(4.357728371740387 -0.001733034392507933 0.006496339980787394)
(3.92333520750924 -0.0004359372179782723 0.004819976921303996)
(3.519233799514156 0.0003219963357210662 0.003496435986089882)
(3.143662623397719 0.0007212956483799556 0.002457017313166728)
(2.794973883028648 0.0008881424300741611 0.001649290471543505)
(2.471499538580706 0.0009097575770252393 0.001031810689717207)
(2.17171690179056 0.0008462135790483669 0.000570959274095731)
(1.894074548630664 0.0007379220879886336 0.0002381189112621885)
(1.637216661891507 0.0006118323008629845 8.796082357419526e-06)
(1.399755183363676 0.0004849857386387151 -0.0001383651345897748)
(1.180416038641835 0.0003677387233718454 -0.0002216918363077189)
(0.9779426216854141 0.0002655623999148317 -0.000256703572174212)
(0.7912800615615715 0.0001811144112436917 -0.000256412405981338)
(0.6193206294258996 0.000114647710849971 -0.0002314210344567826)
(0.4610855874720788 6.525169782555972e-05 -0.0001902952550109294)
(0.3154868829974552 3.11876505383642e-05 -0.0001394705338187847)
(0.1816876387945441 1.050717043007941e-05 -8.410475208246635e-05)
(0.05890155774881541 1.109337634762533e-06 -2.81075688194344e-05)
(11.85522165370926 -0.01880620792257481 -0.00585619322861912)
(11.72842078568818 -0.0594852207127295 -0.007719691996250817)
(11.52549669073616 -0.1147361687083977 -0.01209744887180748)
(11.34906810884278 -0.1854151204254816 -0.0161807298513189)
(11.26142974369114 -0.2619793904084511 -0.01768145397496261)
(11.2632810341557 -0.3349013704535997 -0.01780800177287781)
(11.33642820004421 -0.3991914185256713 -0.01702438982878741)
(11.46268408750948 -0.4522061346499378 -0.01520671417163869)
(11.60583229927444 -0.4912181565512597 -0.01203432047433078)
(11.73328801922372 -0.5147501214422576 -0.007240435592816516)
(11.82265077760257 -0.5216488560599264 -0.0008889830103045181)
(11.85201607448491 -0.5120251243049504 0.006582598519618338)
(11.80357105844978 -0.4872776761738402 0.01460775954690071)
(11.66594584818989 -0.4500732976993878 0.02259281267172229)
(11.43497962554427 -0.4037828743202004 0.02995620824124316)
(11.11287997268546 -0.3519767067885397 0.03612723247717423)
(10.70708852972736 -0.2981234866258647 0.04058968999310864)
(10.22971436256859 -0.2453660931396389 0.04296858770877741)
(9.69572590427938 -0.1962464234092767 0.04313382063796351)
(9.121851766161011 -0.1525863840048917 0.04124696977731394)
(8.525444617691596 -0.1154280048426013 0.03773737484433829)
(7.922092493058321 -0.08504517013030663 0.03318884377978614)
(7.325065325995921 -0.06110569414001741 0.02820744255364701)
(6.74466782693578 -0.04286629724412568 0.02330633523840134)
(6.187813092475775 -0.0293737517695913 0.01883428605194474)
(5.65868395167151 -0.01964596131190589 0.01497056290014388)
(5.159650501701582 -0.01278827290278381 0.01176000895748115)
(4.691006250108377 -0.008047993876513402 0.009152746602626769)
(4.252814340758558 -0.004834121851768399 0.007065394065172163)
(3.843652795481015 -0.002699444043001827 0.005398830261347276)
(3.462364013078838 -0.001318076487052823 0.004070548795590081)
(3.107631271117196 -0.000455434812244054 0.003013594362846874)
(2.777803127343581 5.442529516869964e-05 0.002175994975000702)
(2.471340215633526 0.0003287064209109849 0.001518396969632951)
(2.187012122336851 0.0004502519577718636 0.001010585081965504)
(1.923117157288871 0.0004757932523015592 0.0006261648259098419)
(1.678575844932908 0.0004454787425381221 0.0003438832020136738)
(1.452046383313631 0.0003859322433289025 0.0001443806723428471)
(1.242393043990318 0.000314872826571801 1.08962789043004e-05)
(1.048500896620183 0.0002434291738371261 -7.117408973212854e-05)
(0.8693322811351882 0.0001781933618469814 -0.0001142755970760055)
(0.7039658401649345 0.0001226658361543618 -0.0001288546898770969)
(0.5513339898409709 7.807092710987042e-05 -0.0001233235378339515)
(0.41074813528569 4.461459982082894e-05 -0.0001046261823985889)
(0.2812248264379203 2.134869424302224e-05 -7.791897372620974e-05)
(0.1621141003162209 7.221106964559788e-06 -4.73724640071403e-05)
(0.05257047693722354 7.552636032413158e-07 -1.580395041783582e-05)
(10.4040120125391 -0.01677116986396934 -0.00449721212284938)
(10.29114811792703 -0.05285316207445287 -0.005925712558802593)
(10.10985066253099 -0.1023974725606239 -0.009348346940413218)
(9.951213811686603 -0.1662987159961117 -0.01257860809635688)
(9.870848917373399 -0.2358417918404612 -0.01373068913060038)
(9.869088839817008 -0.3020182512776779 -0.01383611702586147)
(9.930034565432061 -0.3605856633079905 -0.01327335623900166)
(10.03772703210278 -0.4093986296700431 -0.01195591216656957)
(10.16083580564799 -0.446002432500532 -0.009569663889746009)
(10.27075585117835 -0.4687857816481028 -0.005886643181157885)
(10.34782839044925 -0.4764585776702874 -0.0009560550446820776)
(10.37276053572856 -0.4689661208117827 0.004862978139264649)
(10.32974912683033 -0.4474945597432392 0.0111348859289889)
(10.20878743854455 -0.4143865157681962 0.0174154096292115)
(10.006082284349 -0.3726329806873856 0.02324114892907575)
(9.723539845608251 -0.325487441025626 0.02815468620219201)
(9.367757714638845 -0.276178606762401 0.03173027260815676)
(8.949111449433113 -0.2276543023217675 0.03365675846302145)
(8.480938890276274 -0.1823666014638848 0.03381784082743151)
(7.978055785189129 -0.1420741909809499 0.03234134002519463)
(7.456105303686426 -0.1078014347375505 0.02957840184309683)
(6.927934699799023 -0.07977733798115108 0.02599323190552877)
(6.406156252467146 -0.05771746644610325 0.0220843327692405)
(5.899092157818275 -0.04089834598488816 0.01825272860796863)
(5.412981850066448 -0.02842833943416881 0.01477260383697693)
(4.951332286440721 -0.01939545387714776 0.01177906560526892)
(4.516082964103977 -0.01297695461209995 0.009299027240079359)
(4.107583179253653 -0.008487899557761138 0.007288405852970194)
(3.725422451342295 -0.005393763063371723 0.005674844569940702)
(3.368734162344404 -0.003293180751649084 0.004382677483475236)
(3.036259663512484 -0.00189296049283131 0.003346195693029459)
(2.726867641603497 -0.0009820884616896415 0.002515516119858202)
(2.439044549111442 -0.0004096984112594267 0.001851513657326972)
(2.171541683043935 -6.819461078223367e-05 0.001325836880814815)
(1.923009557207335 0.0001188247645560035 0.0009156140850951165)
(1.692380473341525 0.0002057086522760538 0.0006022689262053391)
(1.478361236051088 0.0002301519890009441 0.0003689488122627146)
(1.279920420227857 0.0002183473431135088 0.0002010451171881411)
(1.096040874263827 0.0001878734470397245 8.546873692788678e-05)
(0.9257739502748396 0.00015016499841289 1.075501923262101e-05)
(0.76823572292322 0.0001123148565365612 -3.292905742243227e-05)
(0.6225665487609188 7.834299939345242e-05 -5.382536394070726e-05)
(0.4880027209318527 5.028826741635941e-05 -5.867006231114199e-05)
(0.3638237729881758 2.883700022564718e-05 -5.285664218098289e-05)
(0.2492848443315371 1.382898899963134e-05 -4.053954455147142e-05)
(0.1437820218101204 4.656711220945181e-06 -2.492989068879066e-05)
(0.04665142024151865 4.899846348858618e-07 -8.316741241164741e-06)
(9.049130593160214 -0.01481920381831262 -0.003401254645087184)
(8.950173225911076 -0.04653573976101313 -0.004480122192032135)
(8.790474265576801 -0.09055159349909632 -0.007113269479043416)
(8.650199708544923 -0.1477190978054209 -0.009619548637508694)
(8.57817149005446 -0.2101556973706769 -0.01048963048759182)
(8.574488776828389 -0.2695324656148853 -0.01057377348844687)
(8.625393652038257 -0.3222565725896285 -0.01017377688507035)
(8.717069835037398 -0.3665759015650224 -0.009228811551367002)
(8.822376150377982 -0.4003143301208485 -0.007458852297628226)
(8.916681679089393 -0.4218559029150024 -0.004672421971198373)
(8.982770168784999 -0.4298263703845076 -0.0009108232498240644)
(9.003829794951864 -0.4240439230762545 0.003544957452942687)
(8.966079968210988 -0.4055357278142404 0.008364835907890496)
(8.860770836116663 -0.3763398941157053 0.01321500437901437)
(8.684629676987575 -0.3390934550929764 0.01773787480289354)
(8.43912282556547 -0.2966940875236749 0.0215743113724213)
(8.13004406745717 -0.2521059180034942 0.02438269322159393)
(7.766256647497499 -0.2080524048725931 0.02590985870135428)
(7.359770138089258 -0.1668667058535272 0.02605600793203168)
(6.923299669754402 -0.130196810260023 0.02492102289770471)
(6.470055020535471 -0.09899679781051146 0.02277941980663553)
(6.012131127842259 -0.0735205873610907 0.02000616643683095)
(5.559853089170181 -0.05347565085800558 0.01698951645430165)
(5.120550226713059 -0.03818882544431063 0.014043222314024)
(4.699585015336008 -0.02683782581277849 0.01137969117791598)
(4.300017244760128 -0.01858399060248105 0.009097869432333627)
(3.92331552058042 -0.01268063409558278 0.00721291334636706)
(3.569826730218914 -0.008512287290622892 0.00568680155836991)
(3.239154744111656 -0.005601601697684921 0.004460696189862742)
(2.930507690346861 -0.003592076551909205 0.003475301124926688)
(2.642849143351854 -0.002223499377993698 0.002680756404331645)
(2.374931406017648 -0.001308076486542595 0.00203874941070469)
(2.125677843358463 -0.0007106691960281143 0.001521931107715458)
(1.893883781022872 -0.0003339630217751162 0.001109455480913202)
(1.678454828501702 -0.0001079120084386959 0.0007850824257547574)
(1.478322207465301 1.766699202719024e-05 0.0005350036513689998)
(1.292470473446269 7.836426607608105e-05 0.0003469101740845353)
(1.119970460207397 9.907485827408831e-05 0.0002096999983066477)
(0.9599579791937294 9.683791372190164e-05 0.0001133559916991683)
(0.8115619768944116 8.291031781742786e-05 4.898218430370141e-05)
(0.6740787665157297 6.457375853706875e-05 8.967189549595345e-06)
(0.5467764881800932 4.615382608271312e-05 -1.312719869732213e-05)
(0.4289944284124317 3.004557479215261e-05 -2.255445956830712e-05)
(0.3200775498418064 1.733059688956689e-05 -2.348703154661844e-05)
(0.2195322385164249 8.331905880415489e-06 -1.92082116672278e-05)
(0.1266849239594231 2.798545426255267e-06 -1.211812387393861e-05)
(0.04116167595970886 2.921412621393028e-07 -4.082563405036344e-06)
(7.792701410504786 -0.01295069843083754 -0.002527097352846524)
(7.706888440360204 -0.04054867145458778 -0.003326223111624161)
(7.568264206025856 -0.07921588130417537 -0.005311295514739459)
(7.446089869999414 -0.129749550855683 -0.007218318700716733)
(7.382798954793124 -0.1851485232772163 -0.007861776885630887)
(7.378329292805589 -0.2377752498835698 -0.007926328836027365)
(7.420856430486918 -0.2845949771682844 -0.007645979087580549)
(7.498516651563026 -0.3242704268391205 -0.006979334508566144)
(7.588067327021968 -0.3548574699185661 -0.005688422432748754)
(7.668410025420366 -0.3747748320180512 -0.003617821218607115)
(7.724703378399379 -0.3826641364050712 -0.0008009603386013807)
(7.742450439442975 -0.3782670837454064 0.002544460781750079)
(7.709751594347004 -0.3624551176832767 0.006173722668662966)
(7.619052610994288 -0.3369822690189277 0.009841297030497947)
(7.467463681465428 -0.304132279632322 0.01328074530016466)
(7.256299380655888 -0.2664864770626147 0.01621186192743059)
(6.990379298531588 -0.2266916365802343 0.01837021626515106)
(6.677725653584864 -0.1872717895109325 0.01955174247205244)
(6.328079719372035 -0.1503225066868744 0.01967727322588707)
(5.953082337142172 -0.1174264041380972 0.01882191812129125)
(5.563677792734514 -0.08943702349785594 0.01719694917759384)
(5.170447697683132 -0.06660323604409196 0.01509402316215981)
(4.782058863439098 -0.04864565709450393 0.01281004076299496)
(4.405077033324524 -0.03495527718222963 0.01058827227050878)
(4.0438496363318 -0.02477639483139283 0.008587402047592166)
(3.701141433754181 -0.01735435677358189 0.006881421235436945)
(3.378063109169908 -0.01201645829312527 0.005475849250752318)
(3.074930755137771 -0.008217416828371764 0.00433952577164397)
(2.791354401459712 -0.005536106690897883 0.003425520805673286)
(2.526616054111476 -0.003660083273424943 0.0026884674582614)
(2.279805575652814 -0.00236138947513484 0.002090697827197658)
(2.04997161991865 -0.001475259623529013 0.001604867651829114)
(1.836034519498117 -0.0008821034090571652 0.001210787982492619)
(1.637019550272987 -0.0004951452713915923 0.0008940750786530906)
(1.451863861362676 -0.0002512487087615393 0.0006430047898341034)
(1.279859561381898 -0.0001045552498968204 0.0004482420726296515)
(1.119940518971554 -2.227904917798184e-05 0.0003004372970240356)
(0.9713881176310499 1.887438715904835e-05 0.0001915265529976934)
(0.8333960168078085 3.49762346148267e-05 0.0001139075809592981)
(0.7053072356187197 3.692734231851218e-05 6.090148422359378e-05)
(0.5863898356916987 3.176450418017697e-05 2.663332669790249e-05)
(0.4761747385327486 2.397621992266969e-05 6.239027131156553e-06)
(0.3739938862770075 1.607014729777579e-05 -4.32923908390255e-06)
(0.2793458347382932 9.403072279139711e-06 -8.249311732704954e-06)
(0.1917762476799205 4.533444879751227e-06 -7.993796770582796e-06)
(0.1108092989084355 1.516724455126147e-06 -5.416965004121969e-06)
(0.0360245011406013 1.568885208049279e-07 -1.870395338041768e-06)
(6.633049132060084 -0.01118146038688576 -0.001836534432006972)
(6.559799845955357 -0.03490308186873599 -0.002415575334341741)
(6.441191214624915 -0.06844903864788664 -0.003878449597092363)
(6.336491695087648 -0.1125275138853058 -0.005293212203912517)
(6.28192895832518 -0.1609901946372353 -0.005758950107615467)
(6.277365168477356 -0.2069636201343476 -0.005806696236219945)
(6.312797254370844 -0.2479632529125242 -0.005613461879331203)
(6.37806083308099 -0.2829131124484253 -0.005152836367710073)
(6.453612696149121 -0.3101732867143135 -0.004228987629796019)
(6.52144494727354 -0.3282046432263004 -0.002724135125491337)
(6.568939083875646 -0.335716943796613 -0.0006628436542985163)
(6.583781164188356 -0.3324223823415628 0.001792528825976843)
(6.555818522538853 -0.3190575881335052 0.004459023216591472)
(6.478651706139329 -0.2971129415360242 0.007166769033054203)
(6.349736543644036 -0.2685356919019142 0.009718014985487395)
(6.170222176641343 -0.235587257081455 0.01190181332632076)
(5.944230624840404 -0.2006098958428078 0.0135177135762906)
(5.678453628643027 -0.165850096917041 0.01440931491337778)
(5.381483662330676 -0.13323069127968 0.01451258064384064)
(5.062783788491688 -0.1041547247610476 0.01388259512478131)
(4.732024311559061 -0.07942978385979375 0.01267902458961129)
(4.398177453267786 -0.05927829151829847 0.01112183382858444)
(4.068383037376841 -0.04343788272090093 0.009432641961160365)
(3.748522391943101 -0.03137061145267291 0.00779652756932953)
(3.441993006827332 -0.02238820755213155 0.006327422103744512)
(3.151209288418362 -0.01582254303951798 0.00507963110562386)
(2.877128498825866 -0.01107984828533053 0.004055134384636067)
(2.619990068773153 -0.00768186344348372 0.003228242512619299)
(2.379313858243194 -0.005261524451554175 0.002561850893480338)
(2.154757821038378 -0.003550307946059988 0.002023423574596832)
(1.945367300282516 -0.002350370857771145 0.001584471710160235)
(1.750250062210905 -0.001519093767458945 0.001225101364732514)
(1.568586356409647 -0.0009526550572188123 0.0009317092066013395)
(1.399586813106895 -0.000574794977138942 0.0006945047895879315)
(1.242291308480528 -0.0003293573654870919 0.0005052706602759166)
(1.095969125213008 -0.0001753181711526792 0.0003573286106889369)
(0.959910380416658 -8.286041745288657e-05 0.0002444380766781356)
(0.8334051010350195 -3.068483570755207e-05 0.0001605669964067367)
(0.7157456546693174 -3.907260738913012e-06 0.0001001489785613195)
(0.6063584121682578 7.663066958467875e-06 5.822716736396464e-05)
(0.5047677260776923 1.079268732684541e-05 3.047273069692062e-05)
(0.4103568823946987 9.734540753556135e-06 1.31763834039765e-05)
(0.3226580142333676 7.087181245543299e-06 3.358933885117806e-06)
(0.2413643764991319 4.328510788000195e-06 -1.350647087168065e-06)
(0.1658889252207509 2.107448332176914e-06 -2.781700122203887e-06)
(0.09593783153949353 6.994374780247414e-07 -2.285032345448131e-06)
(0.03123368635806089 6.914797922788865e-08 -8.608611126053765e-07)
(5.566981608277422 -0.00950433998991293 -0.001298733847992919)
(5.505392608472556 -0.02960422474838961 -0.001706785579414028)
(5.405603984087411 -0.05825072905500778 -0.002753468728198095)
(5.317351239299088 -0.09608398240136377 -0.003773724192715197)
(5.271205992285126 -0.1378148408488984 -0.004100964340644707)
(5.26697060853309 -0.177326174101067 -0.004134852093084538)
(5.296254117321871 -0.2126194381140156 -0.004004840541163236)
(5.350562743189555 -0.2428806969419134 -0.00369410580067451)
(5.413524186162679 -0.2666991642402325 -0.003050744715446179)
(5.470105576467438 -0.2826665138016493 -0.001986917075046807)
(5.50971132337675 -0.2895872133261687 -0.0005195187937386419)
(5.521994129500223 -0.2871681725646102 0.001230693799275901)
(5.498479922383394 -0.2760305265318249 0.003133470455191282)
(5.433698756051946 -0.2573921711210824 0.00507695864674821)
(5.325638636691201 -0.2329349184627668 0.006912718448921579)
(5.17519054921989 -0.2045788014009342 0.008491019152934327)
(4.985775086119329 -0.1743531445481134 0.009664823789637868)
(4.76313409719647 -0.1442444610022749 0.01031635755262852)
(4.514207103971478 -0.1159291920757446 0.01039789806734067)
(4.247259961687639 -0.09068817591781535 0.009947766747773184)
(3.970244680909357 -0.06922787183819923 0.009081816635391288)
(3.690578822281398 -0.0517454592850552 0.007961118250920619)
(3.414486293934068 -0.03801967260898369 0.006747887723357344)
(3.146669265421411 -0.02756618124612589 0.005575808422029076)
(2.890135346307086 -0.01978320302816293 0.004527818267394188)
(2.646747208889201 -0.01408194796015193 0.003640582332595204)
(2.417343625276823 -0.009948060053930084 0.002914364863309982)
(2.202054003865791 -0.006968807856120856 0.002328801724707739)
(2.000641728727952 -0.004831579763624241 0.001857106267727529)
(1.812666168032272 -0.003306731578018094 0.001474616956473357)
(1.637342459302158 -0.002226370260050149 0.001161255176643172)
(1.473985529858502 -0.00146934776206021 0.000903287402017941)
(1.321846397551947 -0.0009466705974650725 0.000691312368500971)
(1.180218052456608 -0.0005925383872114986 0.0005187604978795633)
(1.048386493421373 -0.0003580707518623809 0.0003803839167423131)
(0.9256884524801819 -0.0002071044023436479 0.0002716277427327398)
(0.8115318571625633 -0.0001131427857870632 0.0001881664633431053)
(0.7053178221275017 -5.707667742232331e-05 0.000125783742343534)
(0.6063456471699906 -2.543810630532529e-05 8.043337282231361e-05)
(0.5143542403955352 -8.898972501138386e-06 4.867528395751862e-05)
(0.4286709545146763 -1.263066709158706e-06 2.725540599393548e-05)
(0.3489926538018322 1.519373539968647e-06 1.355463500431797e-05)
(0.2747897755516986 1.91778390709372e-06 5.37231878407703e-06)
(0.2058490486448336 1.405308803371721e-06 1.019986187418932e-06)
(0.1416766241763481 7.286271531766077e-07 -8.162523938819626e-07)
(0.0820983851231539 2.433519398783456e-07 -1.089465939362791e-06)
(0.0267095343405197 2.306963659591131e-08 -4.852037596535933e-07)
(4.589651774822305 -0.007938921508189051 -0.0008866854636626859)
(4.538858351511463 -0.02464851910782611 -0.001164159064581585)
(4.456497118338823 -0.04865285446778675 -0.001886473634714141)
(4.383608944876362 -0.08049191253126188 -0.002594740468502434)
(4.345403442429918 -0.1156914686136451 -0.002816882420831268)
(4.341692322307413 -0.1489834461450689 -0.002840055399707294)
(4.365601029085363 -0.178767066766415 -0.002755285541505251)
(4.410088239780859 -0.2044150511201494 -0.002552595789987464)
(4.461743529307153 -0.2247743724256762 -0.002119153560961889)
(4.508172506171364 -0.2385678412667941 -0.001393070520466116)
(4.540654907915536 -0.2447428325879765 -0.0003870416524108979)
(4.550677427743479 -0.2430084463416601 0.0008167103222220306)
(4.531224399352531 -0.2338688795721063 0.002129390737382368)
(4.477871311470956 -0.2183527102598072 0.003470395518240429)
(4.388877953358542 -0.197826281512221 0.00474325837098778)
(4.264992898655356 -0.1739091754465854 0.005842013554474104)
(4.109061681391906 -0.1483275677902524 0.006662625460362302)
(3.925752853077264 -0.1227779579337418 0.007121183851321589)
(3.720883311409224 -0.09872045366956142 0.007182240094067296)
(3.501138939527228 -0.07725835153107896 0.006872173223281438)
(3.273198654837254 -0.05901887420642032 0.00627152608134108)
(3.043111037384027 -0.04417091376038696 0.005494396698889921)
(2.816047057476754 -0.03252563343200081 0.004654703977332403)
(2.595638029917938 -0.02365556907273561 0.003844219276806224)
(2.384619258919809 -0.01705299643569296 0.003122995477842407)
(2.184416191783801 -0.01220868182803163 0.002514257174758778)
(1.995721685555414 -0.00868506875756906 0.002017585788054664)
(1.818648882553096 -0.006133353892474356 0.001617839057155892)
(1.652921342843144 -0.00429065381653462 0.001295438842376735)
(1.498335128181899 -0.002966597323656242 0.001033519180238623)
(1.353965367490841 -0.002019812231411601 0.000817521814258236)
(1.219620513658671 -0.001351047366780464 0.000639140324435181)
(1.09439402010796 -0.0008845137138007226 0.0004915277941225999)
(0.9777643780341065 -0.0005649270473184445 0.0003706036862697804)
(0.8692371481048622 -0.0003506947024569784 0.0002732623497622638)
(0.768185574523585 -0.0002105369219530197 0.0001963574838773028)
(0.6740525246862603 -0.0001214508272937517 0.000137023827582233)
(0.5863902914623308 -6.672534395940751e-05 9.242820250744989e-05)
(0.5048081938188417 -3.446374408705355e-05 5.994363006089346e-05)
(0.4287157193606268 -1.638352684458149e-05 3.691798517100763e-05)
(0.3577435192268709 -6.917714478134374e-06 2.12200147685092e-05)
(0.2917055670152825 -2.400500974303891e-06 1.101572058738014e-05)
(0.2300251351986619 -5.474703195027955e-07 4.747528643947409e-06)
(0.1726000897622848 3.178902075224786e-08 1.249045394501992e-06)
(0.1190367868115367 9.973411928773023e-08 -3.812450038524804e-07)
(0.06913562409740497 4.168601582688332e-08 -7.787679805277244e-07)
(0.02255132677818447 3.049877482440957e-09 -3.957795723803999e-07)
(3.695554143656586 -0.00645751630366503 -0.0005774665707513703)
(3.654652113491379 -0.02002678511186625 -0.0007574097244932354)
(3.588314803450339 -0.03965056384741143 -0.00123267476399722)
(3.529618387683826 -0.06575759800479943 -0.001700574875103248)
(3.498783090950264 -0.09471757597412711 -0.001844549975953921)
(3.495704764834607 -0.1220543110367775 -0.001859706953983351)
(3.514831408257305 -0.1465416340158283 -0.001806494887266476)
(3.550479009359777 -0.1677084896462736 -0.001680055609852486)
(3.591903217428295 -0.1846259577824004 -0.001401818849825382)
(3.629173959624651 -0.1962009339057546 -0.0009286067112529517)
(3.655233131316477 -0.2015227483998749 -0.0002705757916181383)
(3.663246042964426 -0.2003244403054106 0.0005175839459026179)
(3.64756065599677 -0.1930027319413626 0.001379052673894927)
(3.604620520041974 -0.1803893531762835 0.002262286924751562)
(3.533033848063795 -0.1635920422913199 0.003102910363312606)
(3.433414685806616 -0.1439371926332004 0.003830840397003119)
(3.308028137628293 -0.1228453266415369 0.004376708144160884)
(3.160741435479457 -0.1017434586254945 0.004683618135439487)
(2.995943136524581 -0.08182615752708323 0.004726816356536504)
(2.819395665756374 -0.06406516187925108 0.004523809350864621)
(2.635977928458102 -0.04895272725480697 0.004126389474375543)
(2.451149922802135 -0.03667667220979221 0.003613639094192136)
(2.268577982956967 -0.0270483933885454 0.003059129079062362)
(2.091436624644702 -0.01972205040372288 0.002525192917055941)
(1.921923250040425 -0.01427051288520151 0.002052200480790794)
(1.761048436275991 -0.010264566623823 0.00165387384214)
(1.609433392665264 -0.00734319802489163 0.001330059063550999)
(1.467154008845261 -0.005218643283043068 0.001069637320775613)
(1.333967775782462 -0.003675771549457887 0.0008596322947245212)
(1.209654229942592 -0.002559634856399259 0.0006885381035186296)
(1.093674107613391 -0.001756567852134476 0.00054699191352244)
(0.9856313835496967 -0.001184825058356464 0.0004292893130611992)
(0.8849359953819759 -0.0007830694660536779 0.0003313548936078478)
(0.7911608439089725 -0.0005057533426240048 0.0002507719082346127)
(0.7038476744970014 -0.0003182337258791158 0.0001855215851589877)
(0.6224954907474158 -0.0001943428260640166 0.0001337683481369865)
(0.5467552865201676 -0.0001146896261972432 9.372381325586955e-05)
(0.4761634204891568 -6.499017744288214e-05 6.351095705557023e-05)
(0.4103631126679754 -3.506534775996435e-05 4.137267086452161e-05)
(0.348989730657664 -1.778908059705827e-05 2.562646659759502e-05)
(0.2917014309646663 -8.328118873670834e-06 1.48175612511364e-05)
(0.2382408943921639 -3.488182054844717e-06 7.702557748463873e-06)
(0.1882173172302593 -1.236081493135678e-06 3.25819277724685e-06)
(0.1415179763811987 -3.276010273393777e-07 7.286580550323376e-07)
(0.09780454301919848 -4.227104704979344e-08 -4.760843651063937e-07)
(0.05688795669950798 7.163767044353753e-09 -7.586223091565567e-07)
(0.01863923745929471 1.629619116946005e-09 -3.882584573706894e-07)
(2.878737318219394 -0.005084240352934464 -0.0003519969713760026)
(2.846900950803943 -0.01573099463636704 -0.0004612440989354377)
(2.79525995497888 -0.03122586441730057 -0.000753370438093511)
(2.749557994724808 -0.05190780605169467 -0.00104243858014063)
(2.725525017094394 -0.07489778898510605 -0.001129704604315075)
(2.723079844800126 -0.0965812712461241 -0.00113879960974601)
(2.737933568885462 -0.1160285482438802 -0.001107600871919236)
(2.765589112673947 -0.1328713804733596 -0.001033792438689816)
(2.79778158158551 -0.1464353893703519 -0.000865964158374461)
(2.826728620586863 -0.1557840820994768 -0.0005778505549478233)
(2.846959779129967 -0.1601716513988938 -0.0001751679654681023)
(2.853150680160104 -0.1593713816105186 0.0003083377186724646)
(2.840946872350374 -0.1537071827300452 0.0008363393592488201)
(2.807509233198621 -0.1437951529717368 0.001380163962166838)
(2.751816440096225 -0.1305237098981639 0.001898560680145951)
(2.674302574488244 -0.1149271590873087 0.002349193259296842)
(2.576739594935793 -0.09813986529070029 0.002688902204621152)
(2.462174475616118 -0.08131611967987946 0.002880131433787412)
(2.333922660492364 -0.06540686221190212 0.002908818924435719)
(2.196584309921428 -0.05121883033747014 0.002783287378799353)
(2.054008447518321 -0.03915472028293714 0.002538848705935119)
(1.910268148127018 -0.02935558230613791 0.002221805196573709)
(1.768226995368955 -0.02167376193899108 0.001879234066087961)
(1.630639491558213 -0.01584123433080963 0.001551296338613271)
(1.498705225290811 -0.01149323532354581 0.001260318411757414)
(1.373616467626568 -0.00829865178092299 0.001016805707863611)
(1.255684505340029 -0.005963010757251688 0.0008190974691121057)
(1.145004413049538 -0.004258374892499058 0.0006605663915260939)
(1.041481476125438 -0.003015437468848505 0.0005325975180776224)
(0.9447868556391248 -0.002110750208667567 0.0004280550269991454)
(0.8546007906934988 -0.001456199906322532 0.0003413422107392664)
(0.7704837024716611 -0.0009870606180451024 0.0002686296332256651)
(0.6921900343814372 -0.0006559064190579137 0.0002079922017028871)
(0.619247914696485 -0.0004259696886875556 0.0001578214309605367)
(0.5512702626546375 -0.00026954238533588 0.0001170050241615651)
(0.4879626203612594 -0.0001656502017843411 8.4510504559311e-05)
(0.4289619057531088 -9.841107137721794e-05 5.928214380522303e-05)
(0.373980535476558 -5.616728465746273e-05 4.019941877620588e-05)
(0.3226791771427671 -3.050704295041177e-05 2.616705857944956e-05)
(0.2748325511642322 -1.554783503840756e-05 1.617449234407331e-05)
(0.2300638060577286 -7.246538132948052e-06 9.261167672253503e-06)
(0.1882527807486578 -2.94832898824247e-06 4.68842801983385e-06)
(0.1491351939180621 -9.349757493706519e-07 1.822298125151616e-06)
(0.1123754980251972 -1.357093985820976e-07 1.665591041806969e-07)
(0.07787093557425535 7.706554111149344e-08 -6.061046362617895e-07)
(0.04549348078420233 6.162017092782625e-08 -7.313479204866525e-07)
(0.01492912772843824 9.71776860795658e-09 -3.590260560735784e-07)
(2.133289423727765 -0.003813832362603608 -0.0001941937349525766)
(2.109747555283299 -0.0117448990482721 -0.0002541062710555424)
(2.07152099390952 -0.02336790026890663 -0.0004163916420103402)
(2.037669357403523 -0.03893592686871557 -0.0005779363764412679)
(2.019867918868713 -0.05626762137942268 -0.0006256986536389452)
(2.018039104005659 -0.07259276750750158 -0.0006306461575023461)
(2.02899195696992 -0.0872296775449766 -0.0006144745124740703)
(2.04947034519035 -0.09998718738629302 -0.0005750018355905766)
(2.073273253885178 -0.1102953493245598 -0.0004833415803007069)
(2.094686590591189 -0.1174505640815723 -0.0003243027143779489)
(2.109643377091341 -0.1208685201138565 -0.0001012426791796722)
(2.114201721415973 -0.1203682200141284 0.0001666963895853055)
(2.105145679077744 -0.1161885471813873 0.0004594310788687756)
(2.080387924401935 -0.1087905324871029 0.0007616949227045133)
(2.039163911033909 -0.09882712404106149 0.001050664037056702)
(1.98179019975861 -0.08707669730503956 0.001302562808286402)
(1.909579354451764 -0.07439532369479038 0.00149317421082916)
(1.824714013347634 -0.06165152091094655 0.001602192533830207)
(1.729961227420196 -0.04961647519644775 0.001617561943663612)
(1.628226296045064 -0.03884925753115145 0.001548972045944254)
(1.522704363943497 -0.02970317922563696 0.001412398828640283)
(1.41634516063263 -0.02228003487542438 0.001235456420436055)
(1.311316673789839 -0.01646863540174002 0.001044121509686415)
(1.209442616620571 -0.0120540727047777 0.0008612385895026658)
(1.111886287280802 -0.008768121585434389 0.0006999982273536789)
(1.019287849793317 -0.006349716505839093 0.0005650698663915357)
(0.9319864292116757 -0.004578492820235088 0.0004558197134106318)
(0.8501232913018496 -0.003282854873391892 0.000368423628952884)
(0.7734748771976643 -0.002333389659464018 0.0002978500141761652)
(0.7019398722085102 -0.001639575442149898 0.0002401786281484758)
(0.6351926623864792 -0.001134940753847352 0.0001920667586570411)
(0.5729560589358792 -0.000771592054359851 0.0001515818616912012)
(0.5149829271085277 -0.0005138365515762642 0.0001176266475557315)
(0.460947776742353 -0.0003341326557884214 8.9397531776143e-05)
(0.4106686138668456 -0.0002116281392007338 6.639016317950453e-05)
(0.3637722496449376 -0.0001299277266171263 4.794435456106138e-05)
(0.3200675672932303 -7.694418413219202e-05 3.361381134997382e-05)
(0.2793410887165382 -4.360567184264407e-05 2.274658614272997e-05)
(0.2413202282045913 -2.333587179506166e-05 1.474025252322776e-05)
(0.2058331637990636 -1.153565217101806e-05 9.028723475412194e-06)
(0.1726205619818613 -5.028025142306044e-06 5.069118408803071e-06)
(0.1414924362227417 -1.713110476950544e-06 2.430507632515772e-06)
(0.1123551646117878 -2.423942856119112e-07 7.782042269971731e-07)
(0.08496828083069355 2.465015744938662e-07 -1.64581843233582e-07)
(0.05903843141136314 2.754952069007076e-07 -5.891034756113125e-07)
(0.03464316949086026 1.395054423449681e-07 -6.0295356619832e-07)
(0.01141500015652462 1.890934987270416e-08 -2.823994301988191e-07)
(1.453510706244346 -0.002620769630172901 -9.051694977561121e-05)
(1.437473382060833 -0.008058833378730024 -0.0001183876323575908)
(1.411463314236715 -0.01606495032413612 -0.0001947136473112701)
(1.38842064417067 -0.02682236112701297 -0.0002706243766194014)
(1.37630586640827 -0.03881298734067541 -0.0002926272406447153)
(1.375055065575441 -0.05010018900567481 -0.0002950818729659457)
(1.382506186477513 -0.0602269042346401 -0.0002877366277571982)
(1.396427537146993 -0.06907102481673474 -0.000269979445749697)
(1.412620004280514 -0.07625531868747133 -0.0002277236326555507)
(1.427180353326066 -0.08127113178075619 -0.0001536843738383741)
(1.437345844321565 -0.08370255123576355 -4.96731979074877e-05)
(1.440460403470631 -0.08342773866016356 7.58338133395892e-05)
(1.434296784778461 -0.08059411001062765 0.0002129601288392771)
(1.417456544736124 -0.07552002446928673 0.000355017908287246)
(1.389371004067325 -0.06864605470074227 0.0004911950063402108)
(1.350321944707386 -0.06051965358721827 0.0006100926808540278)
(1.301199923828853 -0.05173260355540955 0.0007001558571188256)
(1.243521131051872 -0.04289364121130772 0.0007512922170465021)
(1.179006114390482 -0.03451969333947249 0.000760104171346034)
(1.109735977088389 -0.02702657428703232 0.0007267240029669942)
(1.0379401221967 -0.02066559572632348 0.0006628838054151243)
(0.9655480406145238 -0.01550435083098453 0.0005791510785404406)
(0.8940484859871866 -0.01146631262839172 0.0004902653665010925)
(0.8246734449895031 -0.008401013314276564 0.0004036205075581056)
(0.7583511283872992 -0.006124026083536972 0.0003281124330797639)
(0.6953562403688054 -0.004446203388740588 0.0002650254925574737)
(0.6359879556080567 -0.003215879839458708 0.0002141398007975523)
(0.5802675361533823 -0.002312740650783991 0.0001733654248786358)
(0.5281265605626805 -0.001648885418589552 0.0001405009810176892)
(0.4794168070592642 -0.001161353046278191 0.0001136111787514455)
(0.4340134863201799 -0.0008056094610570953 9.11805866940478e-05)
(0.3916755953607978 -0.0005484374751852206 7.206928761944122e-05)
(0.35218878365551 -0.0003651757340577507 5.602891433992068e-05)
(0.3154414440032658 -0.0002372465747746044 4.263361402361206e-05)
(0.2811893282603124 -0.0001497455145062148 3.164750589915788e-05)
(0.2492703232783647 -9.13977679985733e-05 2.285528129954137e-05)
(0.219513628939992 -5.355949941983733e-05 1.598440630942571e-05)
(0.1917703945607851 -2.980212723542195e-05 1.077232287570255e-05)
(0.1658700084787416 -1.543287041397658e-05 6.933109060966877e-06)
(0.1416590200269659 -7.134246108939631e-06 4.175308092975545e-06)
(0.1190072058698332 -2.65874699527656e-06 2.275268738021318e-06)
(0.09782254053143075 -4.806998946055973e-07 1.011257640036759e-06)
(0.07785250073432744 3.880712297312452e-07 2.091067992243235e-07)
(0.05906328127652212 5.542697870448094e-07 -2.39941080402419e-07)
(0.04128453037756941 4.104186750491112e-07 -4.235952014375063e-07)
(0.02433427341352869 1.870790430443866e-07 -3.895593090736248e-07)
(0.008101103711591612 2.551248936486076e-08 -1.720160842842034e-07)
(0.8338753371076242 -0.001517932525217089 -2.988250700074162e-05)
(0.824689347182703 -0.004651933245086024 -3.907227519023113e-05)
(0.8097759974790999 -0.009294950642510688 -6.437534517139935e-05)
(0.7965758612942063 -0.01554129307769919 -9.007064770247591e-05)
(0.7896364488996638 -0.0225141396956433 -9.712237926815232e-05)
(0.7889196398094632 -0.02907745988501698 -9.76463453135566e-05)
(0.7931872790324577 -0.03496573452288357 -9.555408736063527e-05)
(0.8011663284576587 -0.04012334710564168 -8.965048137060135e-05)
(0.8104381564516203 -0.04432654027081876 -7.592470293892475e-05)
(0.8187828469317303 -0.04727816802951205 -5.149375831626178e-05)
(0.8245989063659245 -0.04872569788973165 -1.716124774037048e-05)
(0.8263768704244856 -0.04859525691211919 2.471626657032615e-05)
(0.8228482966870267 -0.04698127090103388 7.01495410557769e-05)
(0.8131957879058253 -0.04405413009659502 0.0001173003284856223)
(0.7971043005810197 -0.04006965349633749 0.0001626594172674747)
(0.7747384575992028 -0.03534707935470957 0.0002023177310212413)
(0.746554451095492 -0.03022075052361428 0.0002327211526415195)
(0.7134514519037833 -0.02505580189668589 0.0002500390217179912)
(0.6764935108997232 -0.02016714729202326 0.0002527351548475016)
(0.6368501069928968 -0.01579340081299798 0.00024188603547687)
(0.5957575243450083 -0.0120800569754438 0.000220347160860397)
(0.5542256143496613 -0.009061083771888325 0.0001927709637283678)
(0.5133507630935097 -0.006708975374271995 0.0001629442844004958)
(0.4735333742191815 -0.00491774484800912 0.0001343398150215963)
(0.435472559614916 -0.003588686181424876 0.0001089100134623341)
(0.399397060655902 -0.002611141640161457 8.80243016853611e-05)
(0.3653749657968233 -0.001892958352483287 7.12079538467001e-05)
(0.3334778967907971 -0.001365083313046483 5.772784553193944e-05)
(0.3036115155567544 -0.0009754951829887445 4.70125088054117e-05)
(0.2756683116804773 -0.0006880186356762729 3.801510000144492e-05)
(0.2496489364962297 -0.000477722001391431 3.055234444874554e-05)
(0.2253951480151023 -0.0003252254663859289 2.425321913601261e-05)
(0.2027626005197433 -0.0002162232256009544 1.883211363903783e-05)
(0.1817259611714244 -0.0001400746991941251 1.437113098995901e-05)
(0.162060430876216 -8.781727399956715e-05 1.065102974730866e-05)
(0.1437678725220852 -5.306173922132122e-05 7.679205271040141e-06)
(0.1267288793279187 -3.059548914733034e-05 5.352948425570085e-06)
(0.1108183807310472 -1.653891705798285e-05 3.590654079521816e-06)
(0.09595080777068012 -8.110239955883614e-06 2.283103674136558e-06)
(0.08208747241600506 -3.339072554605854e-06 1.354982741793045e-06)
(0.06912252148075557 -8.444354579102293e-07 7.122650149705748e-07)
(0.0569007926850802 2.980501449770292e-07 2.766618891344537e-07)
(0.04545229607139488 6.510072646545032e-07 6.962880862121099e-09)
(0.03462435614894097 6.036901868947592e-07 -1.435686317495446e-07)
(0.02434060243063431 3.911003276368385e-07 -1.987684733619282e-07)
(0.01453020402674761 1.65996880050483e-07 -1.686172651669324e-07)
(0.004895817250223458 2.188540197502005e-08 -6.513493815783521e-08)
(0.2692805577127124 -0.0004924255796971427 -3.170121640952088e-06)
(0.266319354976561 -0.001510472041443646 -4.041067279842946e-06)
(0.2615158781203271 -0.003023196630638292 -6.40927013814297e-06)
(0.257249175966953 -0.005065010351092952 -9.318308510860851e-06)
(0.2550108596745601 -0.007345680699833648 -1.008095795593266e-05)
(0.2547798014288096 -0.009489693176153934 -1.018093708677155e-05)
(0.2561352536241053 -0.01139539735498429 -9.990436360032044e-06)
(0.2587295931454658 -0.01310263773313939 -9.375451512452529e-06)
(0.2617210402671086 -0.01448525200566877 -7.943564711377015e-06)
(0.2644150073165427 -0.01546107277195717 -5.399556865834161e-06)
(0.2662910668927875 -0.01594513273390597 -1.850800723621865e-06)
(0.2668648332084559 -0.01591321996510568 2.458939972004317e-06)
(0.2657196734743548 -0.01539190488133052 7.165952404314796e-06)
(0.2626070634537401 -0.01444148932639486 1.213921880759313e-05)
(0.2574172601610125 -0.01314268422559987 1.690565453216294e-05)
(0.2501956812525441 -0.01159932989928505 2.058283654897498e-05)
(0.2411158637602508 -0.009921947756060772 2.397325074066797e-05)
(0.2304291063142025 -0.008226282765348852 2.591738905746572e-05)
(0.2184969464906302 -0.006619439135414747 2.67722647160258e-05)
(0.2057329792295254 -0.005186213934392637 2.529425170917377e-05)
(0.1924569471343733 -0.003964809125764825 2.30417045572252e-05)
(0.1790723839326831 -0.002974851441721523 2.008895559235945e-05)
(0.1658745687749743 -0.002202620164578928 1.695007708223234e-05)
(0.152989552988384 -0.001614205510991003 1.35668676165113e-05)
(0.1407802770854845 -0.001181057325662921 1.1646480164422e-05)
(0.1291301007022009 -0.0008605829212411165 9.158423122680725e-06)
(0.1181512345715658 -0.0006250482834812902 7.294817211176783e-06)
(0.1078237538433711 -0.0004510708044894514 5.870673284507578e-06)
(0.09820881318482472 -0.0003229247836972666 5.063524253233843e-06)
(0.08921427108921495 -0.0002281924412227464 3.992051216358707e-06)
(0.08080582084529803 -0.0001583634466270743 3.214355061476941e-06)
(0.07295885916156819 -0.0001075681776399541 2.51447492373449e-06)
(0.06567966130973728 -7.139027771148631e-05 1.98304903060381e-06)
(0.05888452206199511 -4.598302405756784e-05 1.494359024156653e-06)
(0.05255815983134085 -2.861406255013304e-05 1.097887792694298e-06)
(0.04666198784887 -1.706034211059225e-05 7.981614443326144e-07)
(0.04115872476008776 -9.611134175209085e-06 5.612611381190813e-07)
(0.03602145736231829 -4.984984289368278e-06 3.725051738848677e-07)
(0.03127073603990276 -2.273007379704465e-06 2.380579900383005e-07)
(0.02679924333623146 -7.488278916260665e-07 1.369284294668954e-07)
(0.02256410701332393 1.748018179264054e-08 6.884229951330258e-08)
(0.0186243971549576 3.273491416449007e-07 2.159465277143212e-08)
(0.01492578055321357 3.791299596345964e-07 -7.077645852149123e-09)
(0.01143177282580489 3.026261569069155e-07 -2.217503090868124e-08)
(0.008093002418206865 1.785563873980177e-07 -2.790824147465687e-08)
(0.004902301775830244 6.608110132658853e-08 -2.329025779067477e-08)
(0.001685091382514336 4.695048868855423e-09 -4.662973865293879e-09)
);
