X,Y,Z,Cf,Cfx,Cfy,Cfz,Ds,Theta,Pixels/in
-56.6606,1.1173,0.0927,0.0121,0.0121,0.0002,0.0,9.99,9.28,85.8
-56.6255,0.2974,0.0908,0.011,0.011,0.0002,0.0,9.1,8.3,85.8
-56.5498,-2.0173,0.0862,0.013,0.013,0.0004,0.0,10.72,6.74,85.85
-56.5498,2.0173,0.0862,0.013,0.013,-0.0004,0.0,10.72,6.74,85.85
-56.5318,-6.2527,0.0872,0.0129,0.0128,0.0004,0.0,10.71,9.71,86.56
-56.5318,6.2527,0.0872,0.0129,0.0128,-0.0004,0.0,10.71,9.71,86.56
-56.5093,-2.4223,0.0857,0.0115,0.0115,0.0004,0.0,9.5,6.76,85.84
-56.5093,2.4223,0.0857,0.0115,0.0115,-0.0004,0.0,9.5,6.76,85.84
-56.5066,-5.4741,0.0864,0.0113,0.0112,0.0009,0.0,9.35,8.71,86.46
-56.5066,5.4741,0.0864,0.0113,0.0112,-0.0009,0.0,9.35,8.71,86.46
-56.4759,-3.2081,0.085,0.0114,0.0114,-0.0002,0.0,9.39,6.93,85.91
-56.4759,3.2081,0.085,0.0114,0.0114,0.0002,0.0,9.39,6.93,85.91
-54.5576,4.2973,0.0974,0.0124,0.0124,0.0002,0.0,9.93,16.24,82.23
-54.2876,0.0048,0.0881,0.0133,0.0133,0.0007,0.0,10.58,11.76,82.18
-54.2862,-0.8027,0.0857,0.0127,0.0127,-0.0007,0.0,10.1,11.27,82.42
-54.2603,-1.1574,0.0847,0.0115,0.0115,0.0001,0.0,9.15,11.16,82.27
-54.1914,-4.3705,0.0834,0.0111,0.0111,-0.0003,0.0,8.84,11.54,82.61
-54.1914,4.3705,0.0834,0.0111,0.0111,0.0003,0.0,8.84,11.54,82.61
-54.1612,-5.1753,0.0846,0.0124,0.0124,0.0001,0.0,9.89,12.12,82.67
-54.1612,5.1753,0.0846,0.0124,0.0124,-0.0001,0.0,9.89,12.12,82.67
-54.1398,-4.7797,0.084,0.0117,0.0117,-0.0004,0.0,9.31,11.87,82.64
-54.1398,4.7797,0.084,0.0117,0.0117,0.0004,0.0,9.31,11.87,82.64
-54.1334,-5.5967,0.0851,0.0109,0.0108,-0.0004,0.0,8.69,12.5,82.8
-54.1334,5.5967,0.0851,0.0109,0.0108,0.0004,0.0,8.69,12.5,82.8
-51.8454,-3.8751,0.0814,0.0118,0.0118,0.0002,0.0,9.0,15.5,78.3
-51.8454,3.8751,0.0814,0.0118,0.0118,-0.0002,0.0,9.0,15.5,78.3
-51.8443,-3.5618,0.0814,0.0131,0.0131,0.0002,0.0,9.95,15.42,78.29
-51.8443,3.5618,0.0814,0.0131,0.0131,-0.0002,0.0,9.95,15.42,78.29
-50.3804,-4.7905,0.0884,0.0108,0.0108,0.0005,0.0,8.09,22.09,75.67
-50.3804,4.7905,0.0884,0.0108,0.0108,-0.0005,0.0,8.09,22.09,75.67
-49.1841,0.2482,0.0822,0.0111,0.0111,0.0005,0.0,9.44,20.52,86.34
-49.1397,-0.1794,0.0816,0.0124,0.0124,0.0005,0.0,10.58,20.43,86.44
-48.9788,-3.9893,0.0785,0.0115,0.0115,-0.0006,0.0,9.82,20.47,86.64
-47.4112,3.4657,0.0806,0.0124,0.0124,-0.0002,0.0,10.41,25.08,83.75
-47.4092,-4.1301,0.0764,0.0126,0.0126,0.0011,0.0,10.7,23.06,85.14
-47.3964,4.2463,0.0804,0.0122,0.0122,-0.0002,0.0,10.26,25.67,83.58
-47.3771,-3.0506,0.0772,0.0117,0.0117,0.0003,0.0,9.91,22.97,84.87
-47.2863,6.8646,0.0788,0.0108,0.0108,-0.0007,0.0,9.06,27.98,82.92
-47.2057,-7.0864,0.0751,0.0119,0.0119,0.0008,0.0,10.18,24.51,85.35
-46.4647,1.5872,0.0783,0.0113,0.0113,-0.0004,0.0,9.43,25.41,83.24
-46.4573,0.5591,0.0784,0.0132,0.0132,-0.0004,0.0,11.02,24.93,83.58
-46.4371,1.2335,0.0784,0.0112,0.0112,-0.0005,0.0,9.37,25.23,83.56
-44.2568,-2.0274,0.0738,0.0134,0.0134,-0.0001,0.0,11.08,27.8,81.87
-44.197,-0.58,0.0751,0.012,0.012,0.0009,0.0,9.95,28.05,81.65
-44.189,-1.3341,0.0744,0.0111,0.0111,0.0,0.0,9.23,27.96,81.73
-44.1179,4.8497,0.0724,0.0115,0.0115,0.0004,0.0,9.46,30.47,80.53
-44.1047,5.613,0.0708,0.0127,0.0127,0.0001,0.0,10.49,30.99,80.34
-43.9519,-4.6056,0.0717,0.0128,0.0128,0.0002,0.0,10.58,28.45,81.61
-42.5565,0.9546,0.0747,0.012,0.012,0.0001,0.0,9.78,30.77,79.62
-41.5577,2.8447,0.0726,0.0121,0.0121,-0.0001,0.0,9.88,32.76,78.54
-41.4889,3.4893,0.0718,0.0099,0.0099,0.0006,0.0,8.02,33.1,78.23
-40.8991,-1.611,0.072,0.0099,0.0098,0.0003,0.0,7.99,32.6,78.37
-40.8715,-5.1136,0.071,0.0105,0.0105,0.0005,0.0,8.6,32.78,79.26
-40.8532,-6.2426,0.0702,0.0114,0.0114,0.0004,0.0,9.36,33.05,79.19
-39.3727,0.3028,0.0747,0.0111,0.0111,0.0006,0.0,9.25,6.93,86.83
-39.3607,2.1537,0.0737,0.0115,0.0115,0.0007,0.0,9.56,8.11,86.76
-39.3317,1.7334,0.0744,0.0121,0.0121,0.001,0.0,10.12,7.68,86.84
-39.315,1.3276,0.0745,0.0116,0.0116,0.0003,0.0,9.66,7.46,86.81
-39.3053,0.9788,0.0747,0.0125,0.0125,-0.0001,0.0,10.43,7.28,86.79
-38.7308,3.5679,0.0724,0.0119,0.0119,-0.0003,0.0,9.83,10.43,85.93
-37.8604,5.1334,0.0728,0.0123,0.0123,-0.0002,0.0,10.11,13.66,84.88
-37.8395,6.5919,0.0716,0.0134,0.0134,-0.0005,0.0,11.08,15.64,84.75
-37.8328,5.8504,0.0721,0.0118,0.0118,-0.0001,0.0,9.73,14.65,84.81
-37.8311,5.5437,0.0724,0.0118,0.0118,-0.0005,0.0,9.74,14.24,84.81
-37.6989,-3.7772,0.0728,0.0138,0.0138,0.0001,0.0,11.28,12.29,84.5
-37.6613,-1.3208,0.0742,0.0124,0.0124,0.0003,0.0,10.1,10.41,84.71
-37.6613,-1.6611,0.074,0.0116,0.0116,-0.0001,0.0,9.49,10.59,84.65
-37.6373,-0.9534,0.0744,0.0118,0.0117,-0.001,0.0,9.58,10.31,84.61
-37.6325,-0.2054,0.0746,0.0119,0.0119,-0.0001,0.0,9.74,10.17,84.73
-37.6305,-4.1733,0.0724,0.013,0.013,0.0,0.0,10.6,12.83,84.34
-37.6101,-4.5982,0.0719,0.0135,0.0135,0.0004,0.0,10.98,13.37,84.19
-37.5966,-4.9027,0.0717,0.0127,0.0127,0.0,0.0,10.34,13.76,84.1
-37.5733,-5.2938,0.0714,0.0117,0.0117,0.0004,0.0,9.57,14.29,84.09
-35.7962,3.292,0.075,0.012,0.012,0.0004,0.0,9.65,14.81,83.03
-35.7764,3.5866,0.0749,0.0125,0.0125,-0.0003,0.0,10.06,15.06,82.95
-35.7753,3.9307,0.0748,0.0122,0.0122,0.0001,0.0,9.88,15.35,82.98
-35.7427,4.7024,0.0741,0.0126,0.0126,-0.0003,0.0,10.15,16.12,82.86
-35.7124,4.2956,0.0745,0.0121,0.0121,0.0,0.0,9.78,15.78,82.89
-35.2649,2.0754,0.0754,0.0123,0.0123,0.0003,0.0,9.91,14.97,82.65
-35.2395,0.3539,0.0752,0.0113,0.0113,0.0004,0.0,9.04,14.53,82.67
-35.2216,1.6588,0.0754,0.0123,0.0123,0.0003,0.0,9.87,14.87,82.64
-35.1502,0.9628,0.0754,0.0105,0.0105,-0.0003,0.0,8.4,14.78,82.51
-35.1345,-1.6982,0.0739,0.0131,0.0131,0.0004,0.0,10.53,15.09,82.35
-35.0934,-2.8892,0.0734,0.0107,0.0107,0.0005,0.0,8.56,15.72,82.12
-35.0929,-2.5223,0.0735,0.0105,0.0105,0.0004,0.0,8.36,15.51,82.06
-35.0889,-3.5244,0.0728,0.0127,0.0127,-0.0003,0.0,10.12,16.18,81.94
-35.0811,-3.2368,0.0731,0.0118,0.0118,0.0002,0.0,9.39,15.97,81.99
-35.0468,-5.1667,0.0709,0.0119,0.0119,0.0002,0.0,9.52,17.61,81.65
-34.9909,-6.0214,0.0703,0.0125,0.0125,0.0007,0.0,9.99,18.54,81.56
-34.9745,-7.0494,0.0697,0.0122,0.0122,0.0005,0.0,9.76,19.67,81.39
-34.9673,-6.3935,0.0701,0.0112,0.0112,0.0006,0.0,8.96,18.96,81.45
-34.9667,-6.7314,0.0699,0.0121,0.0121,0.0005,0.0,9.7,19.33,81.42
-33.3984,5.8982,0.0747,0.0132,0.0131,-0.001,0.0,10.49,20.62,80.78
-33.3737,5.5598,0.0749,0.012,0.0119,-0.0013,0.0,9.54,20.36,80.82
-33.3663,5.164,0.0751,0.0112,0.0112,-0.0002,0.0,8.93,20.05,80.76
-33.36,6.2373,0.0745,0.0123,0.0122,0.0005,0.0,9.79,20.98,80.83
-31.9949,-1.9447,0.0744,0.0132,0.0132,0.0007,0.0,10.35,20.45,79.37
-31.9804,-5.7589,0.07,0.0122,0.0122,0.0001,0.0,9.54,22.52,78.92
-31.9787,-0.1088,0.076,0.0114,0.0114,-0.0005,0.0,8.92,20.21,79.29
-31.9729,-5.4589,0.0704,0.0123,0.0123,0.0006,0.0,9.66,22.37,79.09
-31.9689,-0.9499,0.0754,0.0103,0.0103,0.0005,0.0,8.11,20.23,79.66
-31.9682,-3.9315,0.0722,0.0126,0.0124,0.002,0.0,9.93,21.36,79.62
-31.9552,-0.5445,0.0757,0.0109,0.0109,0.0004,0.0,8.54,20.21,79.66
-31.953,-4.7409,0.0711,0.0118,0.0118,0.0002,0.0,9.19,21.9,78.75
-31.9529,-1.297,0.0751,0.0115,0.0115,0.0006,0.0,9.03,20.32,79.46
-31.9418,-4.3514,0.0715,0.0128,0.0128,0.0003,0.0,9.95,21.62,78.8
-31.3259,3.7403,0.0774,0.0126,0.0126,0.0004,0.0,9.88,22.28,78.9
-31.3125,3.4098,0.0775,0.0128,0.0128,-0.0002,0.0,10.06,22.1,79.12
-31.311,3.0921,0.0776,0.0113,0.0113,-0.0011,0.0,8.89,21.96,79.14
-31.2997,4.9189,0.0769,0.013,0.013,0.0002,0.0,10.25,22.94,79.34
-31.2662,4.5507,0.0773,0.0132,0.0132,0.0,0.0,10.34,22.76,78.66
-29.8813,-7.0773,0.068,0.0123,0.0123,0.0008,0.0,9.35,26.61,75.36
-29.8607,-6.0467,0.0707,0.0111,0.0111,0.0007,0.0,8.6,25.78,76.92
-29.8474,-6.4214,0.0697,0.0116,0.0115,0.0011,0.0,8.86,26.05,76.01
-29.6671,0.2941,0.0765,0.0108,0.0108,0.0003,0.0,8.33,24.03,76.89
-29.6512,2.1297,0.0779,0.0117,0.0117,-0.0003,0.0,8.93,24.33,76.57
-29.6488,0.5846,0.0767,0.0109,0.0109,-0.0004,0.0,8.34,23.99,76.76
-29.5611,5.9663,0.0763,0.0114,0.0114,0.0,0.0,8.76,26.19,76.54
-29.5605,6.3114,0.0762,0.012,0.012,-0.0004,0.0,9.23,26.4,76.36
-29.5485,5.622,0.0765,0.0114,0.0114,-0.0001,0.0,8.78,26.0,76.52
-29.5296,6.718,0.0761,0.013,0.013,0.0002,0.0,9.99,26.72,76.29
-29.0416,-3.2917,0.0757,0.012,0.012,0.0003,0.0,9.34,25.55,77.53
-29.0356,-4.0507,0.0751,0.0116,0.0115,0.0014,0.0,9.13,25.79,78.6
-29.0295,-2.9099,0.0759,0.0116,0.0115,0.0004,0.0,9.0,25.44,77.63
-29.0276,-3.66,0.0755,0.0118,0.0118,0.0004,0.0,9.23,25.62,77.68
-28.0682,3.1175,0.0774,0.0128,0.0128,-0.0004,0.0,10.64,10.42,86.12
-28.0081,4.1236,0.0764,0.0108,0.0108,0.0002,0.0,8.99,12.18,85.89
-27.2303,-5.0216,0.0786,0.0106,0.0106,0.0004,0.0,8.17,28.98,75.49
-27.1934,-5.4568,0.0766,0.0124,0.0124,0.0005,0.0,9.46,29.24,74.85
-27.1577,-5.0843,0.0784,0.0117,0.0117,0.0012,0.0,9.63,8.16,85.51
-27.1508,-5.8451,0.0745,0.011,0.011,0.0008,0.0,8.4,29.48,74.69
-27.1296,-5.4934,0.0765,0.0108,0.0108,-0.0002,0.0,8.85,8.79,85.46
-27.1135,-6.2486,0.0713,0.0112,0.0112,0.0006,0.0,8.42,29.83,73.65
-27.1022,-6.581,0.068,0.012,0.012,0.0009,0.0,9.01,30.22,73.25
-27.0899,-6.9108,0.065,0.0125,0.0125,0.0004,0.0,9.23,30.43,71.95
-26.6528,-0.4169,0.0768,0.0122,0.0122,0.0002,0.0,9.81,7.03,83.7
-26.2037,-2.6775,0.0785,0.0114,0.0114,0.0005,0.0,9.19,7.34,84.13
-26.152,-3.7705,0.0828,0.0116,0.0116,0.0004,0.0,9.41,7.94,84.58
-25.9942,5.2438,0.0755,0.0136,0.0136,-0.0001,0.0,10.99,15.85,83.02
-25.9942,6.9108,0.0755,0.0136,0.0136,-0.0004,0.0,10.99,15.85,83.02
-25.9315,5.5718,0.0741,0.0118,0.0118,0.0004,0.0,9.53,16.22,82.81
-25.9315,2.6775,0.0741,0.0118,0.0118,-0.0005,0.0,9.53,16.22,82.81
-25.9282,5.8961,0.0732,0.0113,0.0113,0.0004,0.0,9.15,16.73,82.82
-25.9282,-5.2438,0.0732,0.0113,0.0113,0.0001,0.0,9.15,16.73,82.82
-25.8943,6.2652,0.0736,0.0129,0.0129,-0.0006,0.0,10.43,17.07,82.62
-25.8943,-5.5718,0.0736,0.0129,0.0129,-0.0004,0.0,10.43,17.07,82.62
-25.8472,6.6464,0.0746,0.0124,0.0124,0.0,0.0,9.97,17.66,82.36
-25.8472,-5.8961,0.0746,0.0124,0.0124,-0.0004,0.0,9.97,17.66,82.36
-24.9461,3.4479,0.0724,0.0119,0.0119,0.0004,-0.0001,9.61,15.36,83.02
-24.9327,3.8427,0.066,0.0109,0.0109,0.0004,-0.0001,8.8,15.48,82.95
-24.9296,4.6588,0.0653,0.0123,0.0123,0.0,-0.0001,9.9,15.76,82.67
-24.9171,4.2411,0.0643,0.0123,0.0123,-0.0001,-0.0001,9.9,15.35,82.59
-24.2239,-5.1058,0.0789,0.0109,0.0109,-0.0001,0.0,8.54,12.37,81.32
-24.2093,-5.9219,0.0733,0.0121,0.0121,-0.0004,0.0,9.58,13.28,81.46
-24.1933,-5.5349,0.0758,0.0122,0.0122,-0.0011,0.0001,9.53,12.91,80.75
-22.5159,4.8832,0.0491,0.0125,0.0125,-0.0001,-0.0001,9.65,18.51,78.73
-22.4519,-4.2265,0.0441,0.0119,0.0119,-0.0002,-0.0002,9.47,15.53,81.69
-22.4508,-4.5029,0.048,0.0116,0.0116,-0.0006,-0.0002,9.06,14.67,80.48
-22.4444,5.4713,0.0565,0.0116,0.0116,-0.0006,-0.0001,9.0,19.22,78.93
-22.4266,-3.8703,0.0399,0.0113,0.0112,-0.001,-0.0002,9.0,15.46,81.97
-22.4255,-3.106,0.0316,0.0113,0.0113,-0.0005,-0.0003,9.19,15.76,83.11
-22.4247,-3.5183,0.0368,0.012,0.012,0.0,-0.0003,9.64,15.36,82.24
-22.3677,5.9399,0.0623,0.0121,0.0121,0.0005,0.0,9.35,19.82,78.5
-22.0198,0.2174,0.0487,0.0105,0.0105,0.0006,-0.0003,8.63,16.89,84.15
-21.988,2.1228,0.0176,0.0104,0.0104,0.0006,-0.0001,8.25,16.51,81.2
-21.9612,0.5452,0.0595,0.0095,0.0095,0.0004,-0.0005,7.97,18.49,85.09
-21.9481,1.7124,0.0285,0.0108,0.0108,0.0006,-0.0006,8.95,17.91,84.42
-21.9207,0.8795,0.0678,0.0103,0.0103,0.0009,-0.0005,8.59,18.67,84.73
-21.907,1.2482,0.058,0.0098,0.0097,0.0011,-0.0006,8.24,20.49,85.08
-21.3236,-6.8698,0.0253,0.0108,0.0108,0.0007,0.0001,8.16,18.46,76.72
-21.2942,-6.4621,0.0345,0.0104,0.0104,-0.0001,-0.0004,8.42,19.81,82.24
-21.2566,-6.0987,0.0358,0.0104,0.0103,-0.0006,-0.0003,8.37,19.6,81.99
-21.2216,-5.3064,0.0433,0.0113,0.0113,-0.0006,0.0,8.56,17.75,77.23
-21.2212,-5.7471,0.0346,0.0117,0.0117,0.0012,0.0,9.19,19.6,79.54
-20.4887,3.3363,0.033,0.0117,0.0117,-0.0004,0.0001,8.63,19.52,74.82
-20.4023,4.0647,0.04,0.012,0.012,0.0001,0.0,8.84,20.43,74.92
-20.397,-4.8702,0.0362,0.0098,0.0098,0.0001,-0.0002,7.56,19.46,78.64
-20.3683,-4.6234,0.0339,0.0119,0.0119,-0.0011,0.0,9.03,19.38,76.96
-20.3508,-3.0119,0.033,0.0116,0.0115,-0.0009,0.0001,8.5,17.54,75.11
-20.3476,4.4368,0.0424,0.0123,0.0123,0.0002,0.0,9.12,20.84,74.98
-20.3389,-3.7985,0.0378,0.0113,0.0113,-0.001,0.0001,8.38,17.89,75.47
-20.3319,-3.4172,0.0355,0.0116,0.0116,-0.0004,0.0001,8.54,17.65,74.96
-20.3092,-0.2201,0.0256,0.0109,0.0108,0.0,-0.0002,8.28,19.47,77.63
-20.3046,-1.8004,0.032,0.0129,0.0129,-0.0004,0.0001,9.41,17.53,74.75
-20.2876,-2.1086,0.0317,0.0105,0.0105,0.0002,0.0001,7.7,17.56,74.97
-20.2774,-1.4321,0.0341,0.0123,0.0122,-0.0008,0.0001,9.01,17.76,74.99
-20.2727,-0.6427,0.0308,0.0098,0.0098,0.0005,0.0,7.24,18.04,75.32
-19.8907,-11.1954,0.04,0.0135,0.0135,-0.0007,0.0001,10.15,24.02,75.11
-19.89,-11.7936,0.0431,0.0129,0.0129,0.0,0.0001,9.76,24.69,75.7
-19.8707,-11.5198,0.0418,0.0124,0.0124,-0.0001,0.0001,9.39,24.42,75.54
-19.8406,-10.8604,0.0387,0.0128,0.0128,0.0007,0.0001,9.7,23.72,75.77
-19.5466,5.3525,0.0504,0.0121,0.0121,-0.0003,0.0,8.91,22.7,74.34
-19.4332,7.1126,0.0637,0.0133,0.0133,0.0011,0.0,9.97,24.78,74.77
-19.2341,-6.7367,0.0338,0.0121,0.012,0.0003,0.0001,8.89,21.1,74.62
-19.2091,-6.3697,0.0341,0.0106,0.0106,0.0003,0.0001,7.82,20.97,74.61
-19.1715,-6.0146,0.0344,0.0109,0.0109,-0.0006,0.0001,7.99,20.81,74.12
-19.1636,0.3114,0.0287,0.0105,0.0105,-0.0002,0.0001,7.59,19.84,73.05
-19.1599,-5.1856,0.0343,0.011,0.011,-0.0002,0.0,8.05,20.47,74.45
-19.1449,-5.5941,0.0345,0.0108,0.0108,0.0002,0.0,7.96,20.61,74.65
-19.1411,0.585,0.0292,0.0107,0.0107,-0.0006,0.0001,7.77,20.02,73.35
-19.0877,2.1414,0.0338,0.0118,0.0118,-0.0001,0.0001,8.52,20.85,73.36
-19.0758,1.3131,0.0312,0.0098,0.0097,-0.0006,0.0001,7.09,20.42,73.58
-19.0751,1.7305,0.0324,0.0106,0.0106,0.0003,0.0001,7.72,20.67,73.53
-18.9052,-7.7956,0.0333,0.0116,0.0116,-0.0003,0.0001,8.54,22.36,73.84
-18.8777,-8.2275,0.0334,0.0114,0.0114,0.0002,0.0001,8.42,22.59,74.16
-18.6137,-4.3293,0.04,0.0109,0.0109,0.0,0.0001,7.96,21.01,73.82
-18.5728,-3.9344,0.0413,0.0114,0.0114,-0.0009,0.0001,8.3,20.91,73.68
-18.5469,-3.5594,0.0419,0.0122,0.0122,0.0,0.0001,8.91,20.86,73.76
-18.5469,6.7367,0.0419,0.0122,0.0122,-0.0003,0.0001,8.91,20.86,73.76
-18.5213,-3.1507,0.0411,0.0111,0.0111,-0.0009,0.0,8.12,20.99,74.05
-18.5213,6.0146,0.0411,0.0111,0.0111,0.0006,0.0,8.12,20.99,74.05
-18.1498,-11.5966,0.0543,0.0125,0.0125,0.0004,0.0001,9.43,26.51,74.73
-18.1498,5.1856,0.0543,0.0125,0.0125,0.0002,0.0001,9.43,26.51,74.73
-18.0784,-10.902,0.0514,0.0121,0.0121,-0.0001,0.0001,9.05,25.87,74.2
-18.0784,-0.585,0.0514,0.0121,0.0121,0.0006,0.0001,9.05,25.87,74.2
-18.042,-10.542,0.0492,0.0113,0.0113,0.0001,0.0001,8.4,25.59,74.21
-18.042,-1.3131,0.0492,0.0113,0.0113,0.0006,0.0001,8.4,25.59,74.21
-17.7834,-6.9317,0.0422,0.0107,0.0107,-0.0002,0.0001,7.78,23.46,73.1
-17.7834,7.7956,0.0422,0.0107,0.0107,0.0003,0.0001,7.78,23.46,73.1
-17.7465,-6.637,0.0422,0.0117,0.0117,-0.0007,0.0001,8.51,23.34,72.76
-17.7465,4.3293,0.0422,0.0117,0.0117,0.0,0.0001,8.51,23.34,72.76
-17.723,-5.9024,0.0418,0.0116,0.0116,-0.0003,0.0001,8.4,23.03,72.98
-17.723,3.5594,0.0418,0.0116,0.0116,0.0,0.0001,8.4,23.03,72.98
-17.7116,-5.1192,0.0415,0.0114,0.0114,-0.0006,0.0,8.26,22.8,72.75
-17.7116,3.1507,0.0415,0.0114,0.0114,0.0009,0.0,8.26,22.8,72.75
-17.7108,-5.5186,0.0417,0.0099,0.0099,-0.0005,0.0,7.18,22.87,72.72
-17.7108,11.5966,0.0417,0.0099,0.0099,-0.0004,0.0,7.18,22.87,72.72
-17.3362,2.8404,0.0444,0.0098,0.0097,0.0006,0.0001,8.24,11.02,87.48
-17.3362,-2.8404,0.0444,0.0098,0.0097,-0.0006,0.0001,8.24,11.02,87.48
-17.3227,3.5848,0.0467,0.0102,0.0102,0.0007,0.0001,8.63,12.29,87.2
-17.3227,-3.5848,0.0467,0.0102,0.0102,-0.0007,0.0001,8.63,12.29,87.2
-17.314,3.158,0.0453,0.0103,0.0103,0.0007,0.0001,8.69,11.53,87.35
-17.314,-3.158,0.0453,0.0103,0.0103,-0.0007,0.0001,8.69,11.53,87.35
-17.2991,4.7708,0.0523,0.0113,0.0113,0.0013,0.0,9.49,14.22,86.26
-17.2991,-4.7708,0.0523,0.0113,0.0113,-0.0013,0.0,9.49,14.22,86.26
-17.2674,3.907,0.0483,0.0099,0.0099,0.0006,0.0,8.31,12.87,86.61
-17.2674,-3.907,0.0483,0.0099,0.0099,-0.0006,0.0,8.31,12.87,86.61
-17.2666,4.3257,0.0503,0.0114,0.0114,0.0007,0.0,9.53,13.5,86.46
-17.2666,-4.3257,0.0503,0.0114,0.0114,-0.0007,0.0,9.53,13.5,86.46
-17.2458,-1.2654,0.0416,0.0095,0.0095,-0.0003,0.0,7.96,5.58,87.48
-17.0892,-9.7718,0.051,0.0124,0.0124,-0.0003,0.0001,9.08,26.35,72.94
-17.0892,-11.5966,0.051,0.0124,0.0124,0.0004,0.0001,9.08,26.35,72.94
-17.0797,-9.4748,0.0505,0.0121,0.0121,-0.0004,0.0001,8.88,26.03,72.84
-17.0797,2.8404,0.0505,0.0121,0.0121,0.0006,0.0001,8.88,26.03,72.84
-17.0565,-7.9283,0.0486,0.0128,0.0128,0.0002,0.0001,9.37,24.87,72.96
-17.0565,3.5848,0.0486,0.0128,0.0128,0.0007,0.0001,9.37,24.87,72.96
-16.9207,5.7569,0.0572,0.0128,0.0128,0.0008,0.0,10.59,16.16,84.99
-16.9207,-5.7569,0.0572,0.0128,0.0128,-0.0008,0.0,10.59,16.16,84.99
-16.919,5.4337,0.0559,0.0113,0.0112,0.0012,0.0,9.33,15.64,84.98
-16.919,-5.4337,0.0559,0.0113,0.0112,-0.0012,0.0,9.33,15.64,84.98
-16.8869,8.298,0.0733,0.0118,0.0117,0.0011,0.0,9.77,20.47,83.92
-16.8869,-8.298,0.0733,0.0118,0.0117,-0.0011,0.0,9.77,20.47,83.92
-16.8775,9.6973,0.0789,0.0123,0.0122,0.0009,0.0,10.17,22.46,83.52
-16.8775,-9.6973,0.0789,0.0123,0.0122,-0.0009,0.0,10.17,22.46,83.52
-16.876,8.5878,0.0738,0.0109,0.0108,0.0012,0.0,9.01,20.88,83.89
-16.876,-8.5878,0.0738,0.0109,0.0108,-0.0012,0.0,9.01,20.88,83.89
-16.8638,6.0743,0.0588,0.013,0.013,-0.0003,0.0,10.73,16.61,84.61
-16.8638,-6.0743,0.0588,0.013,0.013,0.0003,0.0,10.73,16.61,84.61
-16.8633,8.9409,0.0747,0.0123,0.0123,0.0007,0.0,10.24,21.45,83.86
-16.8633,-8.9409,0.0747,0.0123,0.0123,-0.0007,0.0,10.24,21.45,83.86
-16.7937,6.4602,0.0611,0.0124,0.0124,0.0009,0.0,10.22,17.29,84.32
-16.7937,-6.4602,0.0611,0.0124,0.0124,-0.0009,0.0,10.22,17.29,84.32
-16.7461,7.319,0.0666,0.013,0.013,0.0003,0.0,10.72,18.65,83.88
-16.7461,-7.319,0.0666,0.013,0.013,-0.0003,0.0,10.72,18.65,83.88
-16.4215,0.2714,0.0434,0.008,0.008,0.0004,0.0,5.9,11.93,83.7
-16.3974,0.1982,0.0435,0.0091,0.0091,-0.0001,0.0001,7.53,8.31,86.34
-16.3871,0.529,0.0437,0.0078,0.0078,0.0,0.0,5.69,12.25,83.62
-16.3844,0.5152,0.0437,0.0084,0.0083,0.0004,0.0,6.92,8.72,86.25
-16.3842,0.8943,0.044,0.0086,0.0086,0.0001,0.0,6.27,12.62,83.51
-16.3817,1.2274,0.0444,0.008,0.008,0.0005,0.0,5.86,12.95,83.51
-16.3652,1.6427,0.0452,0.008,0.008,0.0001,0.0,5.88,13.49,83.41
-16.3313,1.252,0.0447,0.0095,0.0094,0.001,0.0,7.85,9.7,86.0
-16.1982,-11.7488,0.0595,0.0123,0.0123,0.0002,0.0,9.2,29.39,73.36
-16.1982,-8.9409,0.0595,0.0123,0.0123,-0.0007,0.0,9.2,29.39,73.36
-16.1908,-11.4802,0.0584,0.0124,0.0124,-0.0003,0.0,9.19,29.08,72.93
-16.1908,-6.4602,0.0584,0.0124,0.0124,-0.0009,0.0,9.19,29.08,72.93
-15.8,-4.2395,0.0489,0.0088,0.0088,0.0001,0.0,6.4,11.84,83.12
-15.8,4.2395,0.0489,0.0088,0.0088,-0.0001,0.0,6.4,11.84,83.12
-15.6961,-4.6073,0.0494,0.0088,0.0087,-0.0004,0.0,6.37,12.11,82.9
-15.6961,4.6073,0.0494,0.0088,0.0087,0.0004,0.0,6.37,12.11,82.9
-15.6904,0.0387,0.0458,0.0074,0.0074,0.0002,0.0,5.99,9.4,84.58
-15.6622,-0.4061,0.0459,0.009,0.009,0.0002,0.0,7.34,9.08,84.56
-15.6536,-5.3341,0.0505,0.0082,0.0081,-0.0009,0.0,5.97,12.56,83.05
-15.6536,5.3341,0.0505,0.0082,0.0081,0.0009,0.0,5.97,12.56,83.05
-14.7682,-2.5822,0.0471,0.0071,0.0071,-0.0008,0.0,5.71,10.01,83.31
-14.7624,2.2253,0.0482,0.0085,0.0084,0.0008,0.0,6.8,13.21,83.13
-14.7624,-2.2253,0.0482,0.0085,0.0084,-0.0008,0.0,6.8,13.21,83.13
-14.7354,-2.955,0.0481,0.009,0.009,0.001,0.0,7.26,10.1,83.45
-14.6947,1.8085,0.0481,0.0097,0.0096,0.0011,0.0,7.78,12.79,83.14
-14.6943,1.0131,0.047,0.0087,0.0087,0.0006,0.0,6.97,11.97,83.15
-14.5769,5.4531,0.0584,0.0106,0.0104,0.0016,0.0,8.49,17.64,82.1
-14.5769,-5.4531,0.0584,0.0106,0.0104,-0.0016,0.0,8.49,17.64,82.1
-14.5625,7.3934,0.0653,0.0103,0.0103,-0.0002,0.0,8.32,20.43,81.59
-14.5625,-7.3934,0.0653,0.0103,0.0103,0.0002,0.0,8.32,20.43,81.59
-14.5476,6.2227,0.0609,0.0095,0.0094,0.0009,0.0,7.62,18.78,81.95
-14.5476,-6.2227,0.0609,0.0095,0.0094,-0.0009,0.0,7.62,18.78,81.95
-14.5436,6.8702,0.0629,0.0115,0.0115,0.0001,0.0,9.26,19.77,81.77
-14.5436,-6.8702,0.0629,0.0115,0.0115,-0.0001,0.0,9.26,19.77,81.77
-14.1439,-0.1848,0.0462,0.008,0.008,0.0002,0.0,6.41,11.86,82.9
-14.1371,3.1288,0.0492,0.0092,0.0092,0.0004,0.0,7.37,15.04,82.55
-14.1371,-3.1288,0.0492,0.0092,0.0092,-0.0004,0.0,7.37,15.04,82.55
-14.0965,8.8544,0.0713,0.0121,0.0119,0.0019,0.0,9.67,23.01,80.69
-14.0965,-8.8544,0.0713,0.0121,0.0119,-0.0019,0.0,9.67,23.01,80.69
-14.0911,3.4178,0.05,0.009,0.009,0.0001,0.0,7.18,15.45,82.42
-14.0911,-3.4178,0.05,0.009,0.009,-0.0001,0.0,7.18,15.45,82.42
-14.0624,-3.4358,0.0478,0.0083,0.0082,-0.0012,0.0,5.99,14.96,81.78
-14.0624,3.4358,0.0478,0.0083,0.0082,0.0012,0.0,5.99,14.96,81.78
-14.06,-3.7018,0.0483,0.0086,0.0085,0.0012,0.0,6.19,14.93,81.96
-14.06,3.7018,0.0483,0.0086,0.0085,-0.0012,0.0,6.19,14.93,81.96
-14.0553,-4.4149,0.0497,0.0075,0.0075,-0.0008,0.0,5.42,15.1,81.61
-14.0553,4.4149,0.0497,0.0075,0.0075,0.0008,0.0,5.42,15.1,81.61
-14.0506,4.9555,0.057,0.0092,0.0091,-0.0014,0.0,7.54,23.36,82.22
-14.0506,-4.9555,0.057,0.0092,0.0091,0.0014,0.0,7.54,23.36,82.22
-14.0499,-4.0475,0.049,0.0086,0.0086,-0.0004,0.0,6.16,15.01,81.43
-14.0499,4.0475,0.049,0.0086,0.0086,0.0004,0.0,6.16,15.01,81.43
-14.0466,-0.9978,0.0446,0.0077,0.0077,-0.0003,0.0,6.14,11.67,82.66
-14.0459,-4.8153,0.0505,0.0078,0.0078,0.0002,0.0,5.61,15.24,81.68
-14.0459,4.8153,0.0505,0.0078,0.0078,-0.0002,0.0,5.61,15.24,81.68
-14.0374,4.4808,0.0545,0.01,0.01,-0.0005,0.0,8.19,22.59,82.71
-14.0374,-4.4808,0.0545,0.01,0.01,0.0005,0.0,8.19,22.59,82.71
-14.0277,-1.3885,0.0445,0.0079,0.0079,-0.0003,0.0,6.3,11.57,82.63
-14.0236,4.1019,0.0526,0.0087,0.0087,0.0006,0.0,6.98,16.38,81.88
-14.0236,-4.1019,0.0526,0.0087,0.0087,-0.0006,0.0,6.98,16.38,81.88
-13.9847,-2.0598,0.0447,0.0074,0.0074,0.0003,0.0,5.92,11.5,82.66
-13.9778,4.9338,0.0569,0.0099,0.0098,0.0018,0.0,7.91,17.51,81.53
-13.9778,-4.9338,0.0569,0.0099,0.0098,-0.0018,0.0,7.91,17.51,81.53
-13.9706,4.5222,0.0548,0.0102,0.0102,0.0008,0.0,8.16,16.97,81.62
-13.9706,-4.5222,0.0548,0.0102,0.0102,-0.0008,0.0,8.16,16.97,81.62
-13.5809,-1.6272,0.0432,0.0071,0.0071,0.0004,0.0,5.11,16.0,80.99
-13.5809,1.6272,0.0432,0.0071,0.0071,-0.0004,0.0,5.11,16.0,80.99
-13.5803,0.1805,0.0454,0.0061,0.006,-0.0008,0.0,4.37,16.92,80.97
-13.559,-0.1166,0.0444,0.0061,0.0061,0.0002,0.0,4.35,16.76,81.01
-13.5458,-0.8527,0.0432,0.0062,0.0062,-0.0001,0.0,4.46,16.38,80.91
-13.5383,-0.4586,0.0435,0.0058,0.0058,-0.0005,0.0,4.17,16.61,81.0
-13.1607,0.7556,0.0462,0.0079,0.0079,-0.0006,0.0,6.27,14.09,81.76
-13.0214,2.2796,0.0491,0.0065,0.0064,0.0009,0.0,4.61,19.15,79.42
-12.9229,3.0354,0.0496,0.0072,0.0072,0.0003,0.0,5.09,19.87,78.69
-12.9143,2.6431,0.0493,0.0074,0.0074,-0.0001,0.0,5.22,19.6,78.75
-12.9055,3.7511,0.0519,0.0075,0.0073,0.0017,0.0,5.27,20.61,78.8
-12.9018,4.0296,0.0528,0.007,0.007,0.0004,0.0,4.91,20.86,78.47
-12.9,3.4117,0.0507,0.0076,0.0076,0.001,0.0,5.38,20.26,78.72
-12.8968,8.1936,0.067,0.0064,0.0064,0.0007,0.0,5.1,27.82,78.69
-12.8462,8.1611,0.0668,0.0104,0.0104,-0.0011,0.0,8.24,23.0,79.34
-12.8462,-8.1611,0.0668,0.0104,0.0104,0.0011,0.0,8.24,23.0,79.34
-12.8252,8.6259,0.0688,0.0137,0.0137,-0.0009,0.0,10.88,28.42,78.13
-12.7229,-1.2523,0.0471,0.0036,0.0036,0.0003,0.0,35.75,20.71,884.25
-12.7229,1.2523,0.0471,0.0036,0.0036,-0.0003,0.0,35.75,20.71,884.25
-12.6133,-1.4944,0.0477,0.0026,0.0025,-0.0006,0.0,29.42,22.0,1016.79
-12.6133,1.4944,0.0477,0.0026,0.0025,0.0006,0.0,29.42,22.0,1016.79
-12.4993,-0.7744,0.0412,0.0055,0.0045,-0.0031,0.0,28.09,15.1,467.85
-12.4993,0.7744,0.0412,0.0055,0.0045,0.0031,0.0,28.09,15.1,467.85
-12.3687,0.5389,0.0434,0.0032,0.003,-0.0008,0.0,22.44,19.31,643.32
-12.2478,-0.9059,0.0446,0.0029,0.0029,0.0006,0.0,26.08,21.01,803.0
-12.2478,0.9059,0.0446,0.0029,0.0029,-0.0006,0.0,26.08,21.01,803.0
-12.1808,5.5799,0.0581,0.0102,0.01,0.002,0.0,8.21,23.67,80.85
-12.1808,-5.5799,0.0581,0.0102,0.01,-0.002,0.0,8.21,23.67,80.85
-12.1505,7.4853,0.0641,0.0115,0.0113,-0.0021,0.0,9.09,26.58,78.67
-12.1505,-7.4853,0.0641,0.0115,0.0113,0.0021,0.0,9.09,26.58,78.67
-12.1471,-1.2088,0.0457,0.0029,0.0029,0.0004,0.0,26.29,22.35,804.77
-12.1471,1.2088,0.0457,0.0029,0.0029,-0.0004,0.0,26.29,22.35,804.77
-12.1427,-2.1838,0.0491,0.0026,0.0026,-0.0002,0.0,32.59,25.98,1110.9
-12.1427,2.1838,0.0491,0.0026,0.0026,0.0002,0.0,32.59,25.98,1110.9
-12.1317,6.0078,0.0593,0.009,0.009,0.0007,0.0,7.22,24.35,80.27
-12.1317,-6.0078,0.0593,0.009,0.009,-0.0007,0.0,7.22,24.35,80.27
-12.1294,6.3189,0.0603,0.0098,0.0098,0.0009,0.0,7.9,24.84,80.1
-12.1294,-6.3189,0.0603,0.0098,0.0098,-0.0009,0.0,7.9,24.84,80.1
-12.1042,7.434,0.0639,0.0116,0.0116,0.0009,0.0,9.17,22.78,79.21
-12.1042,-7.434,0.0639,0.0116,0.0116,-0.0009,0.0,9.17,22.78,79.21
-12.1014,-2.3177,0.0493,0.0026,0.0025,-0.0006,0.0,32.4,26.6,1100.26
-12.1014,2.3177,0.0493,0.0026,0.0025,0.0006,0.0,32.4,26.6,1100.26
-12.1013,6.6499,0.0612,0.0094,0.0092,0.0019,0.0,7.56,25.37,80.2
-12.1013,-6.6499,0.0612,0.0094,0.0092,-0.0019,0.0,7.56,25.37,80.2
-12.0861,5.5607,0.0576,0.0081,0.0079,0.0015,0.0,6.35,20.66,79.72
-12.0861,-5.5607,0.0576,0.0081,0.0079,-0.0015,0.0,6.35,20.66,79.72
-12.0806,7.0469,0.0622,0.0103,0.0103,0.0004,0.0,8.26,25.89,79.5
-12.0806,-7.0469,0.0622,0.0103,0.0103,-0.0004,0.0,8.26,25.89,79.5
-12.0779,-6.8857,0.0467,0.0088,0.0087,-0.0012,0.0,6.27,19.75,79.99
-12.0751,-1.4838,0.0468,0.0028,0.0028,0.0003,0.0,26.17,23.56,827.92
-12.0751,1.4838,0.0468,0.0028,0.0028,-0.0003,0.0,26.17,23.56,827.92
-12.0515,6.6149,0.061,0.0101,0.0101,0.0004,0.0,7.95,21.87,79.35
-12.0515,-6.6149,0.061,0.0101,0.0101,-0.0004,0.0,7.95,21.87,79.35
-12.024,-5.12,0.0439,0.0074,0.0073,-0.0008,0.0,5.24,19.08,79.86
-12.019,6.9916,0.062,0.0097,0.0095,0.0015,0.0,7.59,22.38,79.13
-12.019,-6.9916,0.062,0.0097,0.0095,-0.0015,0.0,7.59,22.38,79.13
-12.0159,-6.1341,0.0456,0.0076,0.0076,0.0003,0.0,5.42,19.34,79.81
-12.0054,-5.3975,0.0443,0.0082,0.0081,-0.0012,0.0,5.86,19.22,79.85
-11.9637,-1.2147,0.0401,0.0063,0.0046,-0.0044,0.0,24.61,17.18,352.13
-11.9637,-1.2147,0.0401,0.0063,0.0046,-0.0044,0.0,24.61,17.18,352.13
-11.9637,1.2147,0.0401,0.0063,0.0046,0.0044,0.0,24.61,17.18,352.13
-11.9637,-1.8842,0.0484,0.003,0.0029,-0.0005,0.0,26.67,25.28,797.44
-11.9637,1.8842,0.0484,0.003,0.0029,0.0005,0.0,26.67,25.28,797.44
-11.9312,-6.7426,0.0463,0.009,0.0089,-0.001,0.0,7.47,13.74,94.59
-11.9312,6.7426,0.0463,0.009,0.0089,0.001,0.0,7.47,13.74,94.59
-11.92,-0.6109,0.0411,0.0048,0.0044,-0.002,0.0,24.0,18.21,448.47
-11.92,0.6109,0.0411,0.0048,0.0044,0.002,0.0,24.0,18.21,448.47
-11.8943,-5.0319,0.0434,0.0094,0.0087,-0.0035,0.0,7.69,11.15,93.86
-11.8943,5.0319,0.0434,0.0094,0.0087,0.0035,0.0,7.69,11.15,93.86
-11.8839,-5.3036,0.0439,0.0082,0.007,-0.0042,0.0,6.73,11.52,93.8
-11.8839,5.3036,0.0439,0.0082,0.007,0.0042,0.0,6.73,11.52,93.8
-11.8774,-5.6233,0.0446,0.0074,0.0071,-0.0021,0.0,6.14,11.98,94.16
-11.8774,5.6233,0.0446,0.0074,0.0071,0.0021,0.0,6.14,11.98,94.16
-11.8537,-6.0039,0.0452,0.0078,0.0073,-0.0026,0.0,6.41,12.54,94.11
-11.8537,6.0039,0.0452,0.0078,0.0073,0.0026,0.0,6.41,12.54,94.11
-11.841,-0.0276,0.0423,0.004,0.0038,-0.0011,0.0,20.91,19.78,475.0
-11.7627,0.4608,0.0435,0.0029,0.0028,-0.0006,0.0,18.02,21.39,558.54
-11.7581,11.3579,0.0798,0.0155,0.015,-0.0039,-0.0001,11.86,31.98,74.21
-11.7138,11.7091,0.0817,0.0135,0.0132,-0.0028,-0.0001,10.34,32.45,74.01
-11.6925,-1.0224,0.0449,0.0033,0.0033,-0.0001,0.0,20.96,23.24,573.1
-11.6925,1.0224,0.0449,0.0033,0.0033,0.0001,0.0,20.96,23.24,573.1
-11.6832,5.0349,0.056,0.0083,0.008,0.0023,0.0,6.47,20.38,79.13
-11.6832,-5.0349,0.056,0.0083,0.008,-0.0023,0.0,6.47,20.38,79.13
-11.6505,4.6657,0.055,0.0081,0.0078,0.0021,0.0,6.32,20.02,79.23
-11.6505,-4.6657,0.055,0.0081,0.0078,-0.0021,0.0,6.32,20.02,79.23
-11.636,-2.3767,0.0495,0.0026,0.0024,-0.0009,0.0,26.43,28.11,896.63
-11.636,2.3767,0.0495,0.0026,0.0024,0.0009,0.0,26.43,28.11,896.63
-11.6309,2.0006,0.0486,0.0056,0.0056,0.0006,0.0,3.92,21.01,77.82
-11.6165,-2.2194,0.0492,0.0029,0.0028,-0.0004,0.0,25.23,27.62,771.58
-11.6165,2.2194,0.0492,0.0029,0.0028,0.0004,0.0,25.23,27.62,771.58
-11.6031,-2.5419,0.0498,0.0027,0.0026,-0.0007,0.0,27.95,28.73,915.19
-11.6031,2.5419,0.0498,0.0027,0.0026,0.0007,0.0,27.95,28.73,915.19
-11.4707,-1.7803,0.0476,0.0027,0.0027,0.0002,0.0,21.56,26.54,698.85
-11.4707,1.7803,0.0476,0.0027,0.0027,-0.0002,0.0,21.56,26.54,698.85
-11.4334,-2.0256,0.0486,0.0025,0.0025,-0.0003,0.0,20.92,27.48,723.81
-11.4334,2.0256,0.0486,0.0025,0.0025,0.0003,0.0,20.92,27.48,723.81
-11.101,-1.7875,0.0477,0.0024,0.0024,-0.0005,0.0,15.81,27.79,569.72
-11.101,1.7875,0.0477,0.0024,0.0024,0.0005,0.0,15.81,27.79,569.72
-11.0766,8.1809,0.0666,0.0111,0.0109,0.0022,0.0,8.77,27.52,78.09
-11.0446,8.0957,0.0663,0.0112,0.0105,0.0041,0.0,8.77,24.75,77.94
-11.0446,-8.0957,0.0663,0.0112,0.0105,-0.0041,0.0,8.77,24.75,77.94
-11.037,-2.244,0.049,0.0021,0.002,-0.0007,0.0,17.27,29.4,710.49
-11.037,2.244,0.049,0.0021,0.002,0.0007,0.0,17.27,29.4,710.49
-11.0277,-1.4638,0.0468,0.0021,0.0021,-0.0001,0.0,12.87,27.03,546.03
-11.0277,1.4638,0.0468,0.0021,0.0021,0.0001,0.0,12.87,27.03,546.03
-11.0187,-0.8777,0.0453,0.0028,0.0027,0.0008,0.0,14.24,25.47,447.09
-11.0187,0.8777,0.0453,0.0028,0.0027,-0.0008,0.0,14.24,25.47,447.09
-11.0121,-2.4369,0.0495,0.0023,0.0021,-0.0009,0.0,19.36,30.08,727.45
-11.0121,2.4369,0.0495,0.0023,0.0021,0.0009,0.0,19.36,30.08,727.45
-10.9789,-1.2539,0.0463,0.0024,0.0024,-0.0001,0.0,13.75,26.58,508.68
-10.9789,1.2539,0.0463,0.0024,0.0024,0.0001,0.0,13.75,26.58,508.68
-10.9612,-0.0798,0.0428,0.003,0.0027,-0.0013,0.0,10.64,23.55,318.19
-10.9594,-2.628,0.05,0.0026,0.0022,-0.0015,0.0,21.21,30.77,697.13
-10.9594,2.628,0.05,0.0026,0.0022,0.0015,0.0,21.21,30.77,697.13
-10.9541,0.5104,0.0443,0.0029,0.0027,-0.0011,0.0,12.12,24.79,370.82
-10.9502,-2.7548,0.0503,0.0027,0.0025,-0.0011,0.0,22.48,31.19,707.53
-10.9502,2.7548,0.0503,0.0027,0.0025,0.0011,0.0,22.48,31.19,707.53
-10.9333,9.3967,0.0703,0.0133,0.0132,0.0018,0.0,10.46,29.31,76.84
-10.8555,-10.8969,0.0468,0.0143,0.0128,-0.0063,0.0,12.65,6.68,92.51
-10.8144,-0.6516,0.0416,0.0041,0.0032,-0.0026,0.0,13.18,23.36,285.4
-10.8144,0.6516,0.0416,0.0041,0.0032,0.0026,0.0,13.18,23.36,285.4
-10.8018,3.4932,0.0523,0.0067,0.0059,0.0032,0.0,5.44,20.06,82.1
-10.8018,-3.4932,0.0523,0.0067,0.0059,-0.0032,0.0,5.44,20.06,82.1
-10.7874,5.1024,0.0571,0.0082,0.0077,0.0027,0.0,6.54,22.69,80.41
-10.7874,-5.1024,0.0571,0.0082,0.0077,-0.0027,0.0,6.54,22.69,80.41
-10.7844,4.7036,0.0558,0.0076,0.007,0.003,0.0,6.1,22.04,81.01
-10.7844,-4.7036,0.0558,0.0076,0.007,-0.003,0.0,6.1,22.04,81.01
-10.7228,3.8825,0.0534,0.0067,0.0059,0.0032,0.0,5.43,20.71,81.9
-10.7228,-3.8825,0.0534,0.0067,0.0059,-0.0032,0.0,5.43,20.71,81.9
-10.5865,3.7,0.053,0.0064,0.0062,0.0018,0.0,5.19,9.27,92.28
-10.5532,-2.0274,0.0487,0.0018,0.0016,-0.0009,0.0,11.18,30.26,534.15
-10.5532,2.0274,0.0487,0.0018,0.0016,0.0009,0.0,11.18,30.26,534.15
-10.5181,-2.2367,0.0493,0.0018,0.0017,-0.0007,0.0,11.35,30.96,543.28
-10.5181,2.2367,0.0493,0.0018,0.0017,0.0007,0.0,11.35,30.96,543.28
-10.4747,11.5612,0.0763,0.0148,0.0146,-0.0024,-0.0001,11.36,32.31,74.34
-10.4645,11.8953,0.078,0.0139,0.0138,0.0016,-0.0001,10.66,32.76,74.28
-10.4472,3.6524,0.0531,0.0061,0.005,0.0035,0.0,4.23,23.83,77.02
-10.4379,11.1832,0.0749,0.0136,0.0134,-0.0022,0.0,10.51,31.79,74.92
-10.4352,-2.4605,0.0499,0.002,0.0018,-0.001,0.0,12.95,31.83,559.57
-10.4352,2.4605,0.0499,0.002,0.0018,0.001,0.0,12.95,31.83,559.57
-10.3993,-1.5218,0.0476,0.0018,0.0017,-0.0007,0.0,8.99,29.47,424.14
-10.3993,1.5218,0.0476,0.0018,0.0017,0.0007,0.0,8.99,29.47,424.14
-10.3593,-2.6655,0.0505,0.0015,0.0012,-0.001,0.0,11.65,32.63,648.73
-10.3593,2.6655,0.0505,0.0015,0.0012,0.001,0.0,11.65,32.63,648.73
-10.3286,-1.2785,0.0474,0.0019,0.0018,-0.0004,0.0,8.85,29.08,411.71
-10.3286,1.2785,0.0474,0.0019,0.0018,0.0004,0.0,8.85,29.08,411.71
-10.3075,-0.9192,0.0467,0.0013,0.0013,-0.0001,0.0,5.73,28.3,388.01
-10.3075,0.9192,0.0467,0.0013,0.0013,0.0001,0.0,5.73,28.3,388.01
-10.2761,-2.8598,0.051,0.0022,0.0017,-0.0014,0.0,17.09,33.42,670.11
-10.2761,2.8598,0.051,0.0022,0.0017,0.0014,0.0,17.09,33.42,670.11
-10.1414,6.9219,0.0628,0.0095,0.0091,0.0028,0.0,7.56,25.6,78.87
-10.1414,-6.9219,0.0628,0.0095,0.0091,-0.0028,0.0,7.56,25.6,78.87
-10.1382,7.2693,0.064,0.0113,0.0108,0.0033,0.0,8.91,26.06,78.28
-10.1382,-7.2693,0.064,0.0113,0.0108,-0.0033,0.0,8.91,26.06,78.28
-10.1014,6.1163,0.0611,0.0087,0.0084,0.0021,0.0,6.89,24.33,79.29
-10.1014,-6.1163,0.0611,0.0087,0.0084,-0.0021,0.0,6.89,24.33,79.29
-10.0983,6.5112,0.062,0.0078,0.0074,0.0024,0.0,6.2,24.95,79.16
-10.0983,-6.5112,0.062,0.0078,0.0074,-0.0024,0.0,6.2,24.95,79.16
-10.0875,7.2212,0.0638,0.0107,0.0105,0.0021,0.0,8.27,24.72,76.98
-10.0875,-7.2212,0.0638,0.0107,0.0105,-0.0021,0.0,8.27,24.72,76.98
-10.0552,6.0453,0.061,0.0089,0.0086,0.0024,0.0,6.85,23.51,77.15
-10.0552,-6.0453,0.061,0.0089,0.0086,-0.0024,0.0,6.85,23.51,77.15
-9.9284,-2.8221,0.0516,0.0018,0.0009,-0.0015,0.0,12.33,34.2,587.37
-9.9284,2.8221,0.0516,0.0018,0.0009,0.0015,0.0,12.33,34.2,587.37
-9.9154,-2.6153,0.0511,0.0015,0.0005,-0.0014,0.0,10.04,33.7,563.33
-9.9154,2.6153,0.0511,0.0015,0.0005,0.0014,0.0,10.04,33.7,563.33
-9.9112,-2.2601,0.0502,0.0011,0.0005,-0.001,0.0,6.69,32.82,519.29
-9.9112,2.2601,0.0502,0.0011,0.0005,0.001,0.0,6.69,32.82,519.29
-9.8425,-4.225,0.0403,0.0063,0.0047,-0.0041,0.0,4.45,22.08,78.72
-9.8328,-10.0337,0.0472,0.0124,0.0104,-0.0067,0.0,10.81,4.74,90.93
-9.8318,-4.5096,0.0408,0.0064,0.0053,-0.0036,0.0,4.53,22.18,78.45
-9.8178,-5.255,0.042,0.0069,0.0063,-0.0029,0.0,4.86,22.39,78.01
-9.8143,-4.8636,0.0414,0.0068,0.0053,-0.0042,0.0,4.81,22.29,78.75
-9.8017,-1.1,0.0481,0.0008,0.0008,-0.0002,0.0,3.08,30.62,334.44
-9.8017,1.1,0.0481,0.0008,0.0008,0.0002,0.0,3.08,30.62,334.44
-9.797,10.3542,0.0722,0.0132,0.013,0.002,0.0,10.21,30.7,75.64
-9.7809,-5.6346,0.0427,0.0075,0.0057,-0.005,0.0,5.39,22.6,79.06
-9.7621,10.0463,0.0717,0.0129,0.0128,0.0015,0.0,9.98,30.26,75.82
-9.7428,-4.8494,0.0414,0.0071,0.0046,-0.0055,0.0,5.76,8.82,92.48
-9.7404,9.7086,0.0709,0.0117,0.0116,0.0019,0.0,9.11,29.76,76.12
-9.7229,9.3327,0.0701,0.0118,0.0114,0.0028,0.0,9.15,29.22,76.25
-9.7196,-5.2221,0.042,0.0064,0.0049,-0.0041,0.0,5.17,9.45,92.54
-9.6907,-5.6082,0.0427,0.0073,0.0061,-0.004,0.0,5.89,10.1,92.7
-9.6711,0.6893,0.0475,0.0011,0.0011,-0.0004,0.0,3.93,30.31,298.22
-9.4512,5.0272,0.0607,0.0071,0.0054,0.0046,0.0001,5.61,22.55,79.47
-9.4512,-5.0272,0.0607,0.0071,0.0054,-0.0046,0.0001,5.61,22.55,79.47
-9.4402,4.6958,0.0598,0.0075,0.0063,0.0039,0.0001,5.89,21.93,79.77
-9.4402,-4.6958,0.0598,0.0075,0.0063,-0.0039,0.0001,5.89,21.93,79.77
-9.4196,4.3653,0.0587,0.006,0.0043,0.0042,0.0,4.78,21.39,79.98
-9.4196,-4.3653,0.0587,0.006,0.0043,-0.0042,0.0,4.78,21.39,79.98
-9.3975,3.1469,0.0546,0.0059,0.0012,0.0058,0.0,4.68,19.41,81.07
-9.3975,-3.1469,0.0546,0.0059,0.0012,-0.0058,0.0,4.68,19.41,81.07
-9.1514,8.3299,0.0683,0.0103,0.0102,0.0017,0.0,7.89,26.98,75.78
-9.1514,-8.3299,0.0683,0.0103,0.0102,-0.0017,0.0,7.89,26.98,75.78
-9.1496,8.4171,0.0685,0.0112,0.0112,-0.0001,0.0,8.69,27.89,76.76
-9.0769,6.8515,0.0663,0.0092,0.0079,0.0047,0.0,7.34,13.93,90.43
-8.9416,11.4032,0.0754,0.0118,0.0116,0.002,0.0001,8.93,30.43,73.84
-8.9416,-11.4032,0.0754,0.0118,0.0116,-0.002,0.0001,8.93,30.43,73.84
-8.895,6.6494,0.0668,0.0097,0.0079,0.0057,0.0,7.69,13.52,89.64
-8.8834,11.5779,0.0761,0.0135,0.0135,0.0015,0.0001,10.35,32.39,73.93
-8.8736,6.8064,0.067,0.0079,0.007,0.0036,0.0,5.38,28.51,73.76
-8.8393,13.4219,0.0878,0.0143,0.0143,0.0008,0.0,10.59,34.55,70.68
-8.8224,-0.9828,0.00415,0.00061,-0.0001,-0.0006,0.0,9.98,28.2,152.94
-8.7872,12.73,0.0828,0.0134,0.0133,0.0021,0.0001,9.99,33.68,71.5
-8.7746,11.9876,0.0778,0.0135,0.013,0.0036,0.0001,10.22,32.96,72.93
-8.7628,13.1394,0.0858,0.0134,0.0129,0.0038,0.0001,9.99,34.19,71.25
-8.7284,0.7186,0.00993,0.00042,-0.0001,0.0004,0.0,7.04,33.66,151.21
-8.6854,6.3649,0.0674,0.0097,0.0067,0.007,0.0,7.57,12.95,88.99
-8.6773,6.5925,0.0676,0.0076,0.0067,0.0037,0.0,5.19,28.55,73.79
-8.6759,-1.5384,0.00732,0.00068,0.0,-0.0007,0.0,11.06,28.46,151.79
-8.6678,1.5864,0.00717,0.00065,0.0001,0.0006,0.0,10.56,28.32,151.57
-8.6192,2.2287,0.00321,0.00498,0.0014,0.0048,0.0,18.13,28.52,151.67
-8.5757,-6.6891,0.0446,0.0087,0.007,-0.0052,0.0,6.16,24.9,77.98
-8.5447,6.1878,0.0677,0.0106,0.0094,0.0049,0.0,8.08,25.49,75.73
-8.5447,-6.1878,0.0677,0.0106,0.0094,-0.0049,0.0,8.08,25.49,75.73
-8.5277,6.0019,0.0675,0.0093,0.0073,0.0057,0.0,7.24,24.34,77.81
-8.5277,-6.0019,0.0675,0.0093,0.0073,-0.0057,0.0,7.24,24.34,77.81
-8.5157,-9.0456,0.0474,0.011,0.0103,-0.004,0.0,9.43,3.97,89.55
-8.5076,-9.4038,0.048,0.0117,0.0111,-0.0039,0.0,10.06,4.5,89.72
-8.4716,-6.6867,0.0446,0.0086,0.0071,-0.0048,0.0,6.91,11.73,91.56
-8.4584,4.4246,0.0615,0.0078,0.0011,0.0077,0.0,6.11,21.68,79.16
-8.4584,-4.4246,0.0615,0.0078,0.0011,-0.0077,0.0,6.11,21.68,79.16
-8.4491,-6.3386,0.0682,0.0082,0.0067,-0.0046,0.0,5.58,28.62,73.94
-8.4491,6.3386,0.0682,0.0082,0.0067,0.0046,0.0,5.58,28.62,73.94
-8.4445,5.2405,0.065,0.0077,0.0047,0.0061,0.0,5.96,22.95,78.12
-8.4445,-5.2405,0.065,0.0077,0.0047,-0.0061,0.0,5.96,22.95,78.12
-8.3055,-0.7944,0.07639,0.0005,-0.0003,-0.0004,-0.0001,8.14,37.49,143.55
-8.2834,10.816,0.0766,0.0117,0.0115,0.0021,0.0001,8.84,30.39,73.49
-8.2834,-10.816,0.0766,0.0117,0.0115,-0.0021,0.0001,8.84,30.39,73.49
-8.2368,1.2243,0.08181,0.0006,-0.0001,0.0006,0.0,10.16,37.35,151.21
-8.2287,9.5243,0.0735,0.012,0.0113,0.004,0.0,9.18,29.6,75.08
-8.2191,10.988,0.0773,0.0146,0.0145,0.0018,0.0001,11.14,31.65,74.01
-8.2173,2.01,0.05107,0.00435,0.0,0.0044,-0.0002,16.22,37.61,148.51
-8.2165,10.6186,0.0764,0.0125,0.0117,0.0044,0.0001,9.52,31.14,74.17
-8.1985,-6.043,0.0685,0.0082,0.007,-0.0043,0.0,5.6,28.68,73.68
-8.1985,6.043,0.0685,0.0082,0.007,0.0043,0.0,5.6,28.68,73.68
-8.186,0.8073,0.10481,0.00061,-0.0002,0.0006,-0.0001,10.35,42.01,147.79
-8.1755,1.6506,0.07871,0.00097,-0.0002,0.001,-0.0001,16.47,37.34,150.41
-8.1742,5.7958,0.0678,0.0089,0.0064,0.0062,0.0,6.87,11.64,87.93
-8.1225,-3.5567,0.00451,0.00153,0.0005,-0.0014,0.0,5.65,28.63,153.06
-8.0952,1.6556,0.09702,0.00095,-0.0001,0.001,-0.0001,16.12,37.16,150.21
-8.0509,1.6389,0.1097,0.00417,-0.0004,0.0041,-0.0004,15.8,41.88,147.63
-8.0474,2.1623,0.07878,0.00127,0.0,0.0013,-0.0001,21.24,37.3,148.99
-8.0266,0.3566,0.16596,0.00059,-0.0002,0.0005,-0.0001,9.99,41.43,147.71
-8.0162,-11.6474,0.0538,0.0141,0.0138,-0.003,0.0,12.28,8.55,90.63
-8.0043,-0.9846,0.15536,0.00069,-0.0004,-0.0006,-0.0001,11.26,41.72,142.35
-7.9966,2.1222,0.09287,0.00133,0.0001,0.0013,-0.0001,22.24,37.18,148.43
-7.9948,-11.363,0.0531,0.0144,0.0137,-0.0044,0.0,12.52,8.09,90.5
-7.9873,-10.6879,0.0515,0.0124,0.012,-0.0028,0.0,10.68,7.0,90.05
-7.9597,-10.2539,0.0506,0.0121,0.0106,-0.006,0.0,10.46,6.36,89.83
-7.9205,5.7272,0.068,0.009,0.0037,0.0082,0.0,6.18,28.74,74.56
-7.8437,-5.8618,0.0456,0.0088,0.0061,-0.0064,0.0,6.23,25.65,77.45
-7.7872,-3.6483,0.02832,0.00169,0.0006,-0.0016,0.0,6.28,32.73,151.97
-7.7751,7.1798,0.0715,0.0113,0.0098,0.0057,0.0001,8.64,26.38,75.69
-7.7751,-7.1798,0.0715,0.0113,0.0098,-0.0057,0.0001,8.64,26.38,75.69
-7.7631,3.4246,0.04638,0.00154,0.0006,0.0014,0.0,5.66,37.58,146.4
-7.7625,0.684,0.25735,0.00084,-0.0002,0.0008,-0.0001,14.91,45.41,149.88
-7.7441,-5.8965,0.0458,0.0096,0.0051,-0.0082,0.0,7.64,10.13,90.68
-7.7311,1.9127,0.18881,0.0013,-0.0001,0.0013,-0.0002,22.65,45.7,147.25
-7.6746,-2.7793,0.1282,0.0015,0.0003,-0.0015,-0.0001,5.86,41.45,153.09
-7.6629,-3.0832,0.09749,0.00166,0.0003,-0.0016,-0.0001,6.2,37.35,148.68
-7.6463,-5.6597,0.0455,0.0086,0.0059,-0.0062,0.0,6.07,25.89,77.43
-7.6323,2.8173,0.13623,0.0016,0.0002,0.0016,-0.0001,5.91,41.72,143.38
-7.6279,5.8876,0.0691,0.0104,0.0084,0.0061,0.0,8.0,24.16,77.05
-7.6279,-5.8876,0.0691,0.0104,0.0084,-0.0061,0.0,8.0,24.16,77.05
-7.5929,13.2523,0.0894,0.0155,0.0154,0.0006,0.0,11.45,34.58,70.9
-7.5914,3.6833,0.0554,0.00162,0.0007,0.0015,0.0,5.88,37.69,144.23
-7.5817,-3.5706,0.06787,0.00193,0.0007,-0.0018,0.0,7.17,37.66,147.67
-7.5192,3.7208,0.0663,0.00212,0.0009,0.0019,0.0,7.66,37.36,144.12
-7.5151,-2.3921,0.22081,0.00197,0.0003,-0.002,-0.0001,7.73,45.72,149.28
-7.5085,2.439,0.21806,0.00173,0.0002,0.0017,-0.0001,5.46,45.52,137.27
-7.5081,13.7103,0.092,0.0143,0.0143,-0.0003,0.0,10.57,35.18,70.56
-7.4694,14.8545,0.0981,0.013,0.013,-0.0012,0.0,9.6,36.7,69.69
-7.4492,-8.5778,0.0486,0.0112,0.0105,-0.004,0.0,7.76,27.34,75.24
-7.4492,8.5778,0.0486,0.0112,0.0105,0.004,0.0,7.76,27.34,75.24
-7.4426,-3.9881,0.0554,0.00205,0.0008,-0.0019,0.0,7.63,37.8,147.76
-7.3733,-3.7503,0.0938,0.00214,0.0009,-0.002,0.0,6.83,36.49,146.97
-7.3711,2.4865,0.26627,0.00185,0.0004,0.0018,-0.0001,6.8,45.25,140.21
-7.364,3.7006,0.10099,0.00201,0.0007,0.0019,-0.0001,6.28,42.11,139.05
-7.3156,-4.5479,0.02698,0.00206,0.0012,-0.0017,0.0,7.59,32.65,150.43
-7.3115,-4.3774,0.04185,0.0022,0.0009,-0.002,-0.0001,8.05,33.29,148.58
-7.3049,-4.5371,0.02955,0.00187,0.0009,-0.0016,0.0,6.88,32.77,149.97
-7.2995,2.7718,0.25536,0.00219,0.0009,0.002,0.0,6.63,45.43,131.96
-7.2826,-4.909,0.00879,0.00238,0.0014,-0.0019,0.0,8.71,27.76,152.8
-7.2743,-3.6143,0.136,0.00203,0.0008,-0.0019,0.0,7.61,41.31,146.31
-7.2736,2.604,0.29167,0.00187,0.0003,0.0018,-0.0001,6.83,49.18,136.18
-7.2437,-5.6506,0.079,0.0087,0.005,-0.0072,0.0,10.19,24.32,96.95
-7.2397,10.4289,0.0799,0.0138,0.0137,0.0016,0.0001,10.4,31.0,73.44
-7.2358,-2.8224,0.27156,0.0022,0.0006,-0.0021,-0.0001,8.23,45.49,142.55
-7.2293,-3.1287,0.22352,0.00191,0.0006,-0.0018,-0.0001,7.43,44.99,148.42
-7.2229,-4.846,0.01516,0.00232,0.0014,-0.0019,0.0,8.57,33.72,149.8
-7.2152,11.6079,0.0843,0.0151,0.0151,0.0003,0.0001,11.3,32.58,72.48
-7.2137,11.9647,0.0857,0.0148,0.0147,0.0006,0.0001,11.07,33.06,72.35
-7.2126,-3.1218,0.22998,0.00203,0.0005,-0.002,-0.0001,7.89,45.06,148.19
-7.1962,-3.6168,0.1588,0.002,0.0006,-0.0019,-0.0001,7.6,41.04,148.97
-7.1785,-8.3393,0.0488,0.0111,0.0101,-0.0046,0.0,7.68,27.61,75.36
-7.1785,8.3393,0.0488,0.0111,0.0101,0.0046,0.0,7.68,27.61,75.36
-7.1729,10.8189,0.0815,0.014,0.0138,0.0022,0.0001,10.54,31.54,73.22
-7.1695,2.8591,0.29169,0.00222,0.0004,0.0022,-0.0002,8.18,49.06,136.77
-7.1668,-2.8175,0.30076,0.00197,0.0004,-0.0019,-0.0002,7.61,49.34,143.68
-7.137,3.0466,0.27205,0.0023,0.0006,0.0022,-0.0002,8.08,45.36,134.28
-7.1244,4.5615,0.05121,0.00259,0.0014,0.0022,0.0,9.39,37.44,144.4
-7.1018,5.3881,0.0029,0.00243,0.0016,0.0018,0.0,8.81,28.76,150.58
-7.077,4.5749,0.05843,0.00247,0.0012,0.0022,0.0,8.85,37.74,142.77
-7.0511,3.2718,0.26564,0.00272,0.0008,0.0026,-0.0002,9.78,45.18,136.86
-6.982,3.1298,0.32088,0.00206,0.0008,0.0019,0.0,6.19,49.14,127.88
-6.9566,3.9719,0.17683,0.00217,0.001,0.0019,0.0,6.5,41.6,133.7
-6.9534,-8.0045,0.0488,0.0111,0.0086,-0.0071,0.0,7.78,27.74,76.23
-6.9534,8.0045,0.0488,0.0111,0.0086,0.0071,0.0,7.78,27.74,76.23
-6.9471,-3.2198,0.31797,0.00247,0.0005,-0.0024,-0.0003,9.42,49.27,141.62
-6.9132,2.9378,0.39046,0.00253,0.0005,0.0025,-0.0003,9.11,48.63,134.4
-6.8861,-5.756,0.00105,0.0028,0.0019,-0.0021,0.0,10.29,28.93,152.47
-6.885,2.4673,0.5055,0.00225,0.0008,0.0021,0.0001,8.11,51.89,131.46
-6.879,2.0231,0.58488,0.00146,0.0004,0.0014,0.0,5.41,54.65,133.38
-6.8743,3.3983,0.31287,0.00267,0.0008,0.0025,-0.0002,9.38,49.17,130.96
-6.7699,-3.6157,0.31195,0.00282,0.0012,-0.0025,0.0,10.4,49.28,137.1
-6.7658,-4.1369,0.20477,0.00225,0.0012,-0.0019,0.0,8.28,45.15,140.37
-6.7498,-5.4708,0.01774,0.00254,0.0018,-0.0018,0.0001,7.98,32.57,147.5
-6.7437,-7.73,0.049,0.0104,0.0093,-0.0046,0.0,7.14,27.92,74.84
-6.7437,7.73,0.049,0.0104,0.0093,0.0046,0.0,7.14,27.92,74.84
-6.6543,5.6176,0.01581,0.00262,0.0018,0.0019,0.0,9.47,33.75,147.2
-6.6285,-11.7576,0.057,0.0143,0.0138,-0.0038,0.0,12.36,10.09,89.51
-6.5977,-11.5033,0.0564,0.0147,0.0144,-0.003,0.0,12.63,9.76,89.38
-6.5731,2.4931,0.68009,0.002,0.0009,0.0018,0.0001,5.74,54.47,118.87
-6.5588,3.2443,0.4969,0.00284,0.0013,0.0025,0.0,9.64,52.13,123.99
-6.5419,3.9831,0.32069,0.00303,0.0016,0.0026,0.0,10.4,49.21,127.89
-6.5287,4.2724,0.2542,0.00304,0.0011,0.0028,-0.0003,9.03,45.6,129.43
-6.5207,3.6351,0.41832,0.00343,0.0014,0.0031,-0.0001,12.05,52.16,128.2
-6.5138,-7.4124,0.0492,0.0098,0.0072,-0.0066,0.0,6.83,28.08,75.91
-6.5138,7.4124,0.0492,0.0098,0.0072,0.0066,0.0,6.83,28.08,75.91
-6.511,-10.8027,0.0548,0.0133,0.0132,-0.002,0.0,11.38,8.94,88.89
-6.4759,-5.0405,0.11185,0.00275,0.0017,-0.0021,0.0,10.13,41.22,144.06
-6.4686,-5.0319,0.11489,0.00284,0.0017,-0.0022,0.0,10.41,41.38,143.0
-6.4676,0.8862,1.0433,0.00138,0.0007,0.0011,0.0004,5.34,58.63,135.63
-6.4528,0.8735,1.05597,0.00164,0.0008,0.0014,0.0005,6.19,58.67,131.84
-6.4494,5.5382,0.0451,0.00321,0.0021,0.0024,0.0,11.43,32.75,144.91
-6.4234,4.0685,0.3456,0.00343,0.0017,0.003,-0.0001,11.88,48.71,128.95
-6.3841,4.7953,0.18205,0.00301,0.0017,0.0025,0.0,10.68,46.01,134.94
-6.3829,-5.4813,0.06335,0.00274,0.0019,-0.002,0.0,9.96,36.94,145.38
-6.3802,-7.49,0.0497,0.0098,0.0085,-0.0048,0.0,7.77,13.41,90.17
-6.3777,-5.4707,0.06567,0.00271,0.0018,-0.002,0.0,9.9,36.71,146.53
-6.3383,-2.0095,0.9488,0.00252,0.0012,-0.0022,0.0004,9.89,59.04,136.83
-6.3046,1.8426,1.00955,0.00265,0.0011,0.0024,0.0003,9.12,58.69,120.8
-6.282,5.6635,0.05243,0.00309,0.0021,0.0023,0.0,9.58,37.89,141.27
-6.2763,2.7796,0.78838,0.00324,0.0016,0.0028,0.0002,10.71,57.06,117.02
-6.272,8.7314,0.0791,0.0142,0.0132,0.0053,0.0001,10.74,29.07,74.26
-6.2503,7.2665,0.0768,0.0125,0.0101,0.0073,0.0001,9.36,26.7,74.46
-6.2503,-7.2665,0.0768,0.0125,0.0101,-0.0073,0.0001,9.36,26.7,74.46
-6.2439,8.4086,0.0797,0.0127,0.0112,0.0059,0.0,9.54,28.62,74.14
-6.2385,-1.6574,1.09859,0.0021,0.0012,-0.0017,0.0006,8.22,60.65,135.06
-6.2339,-5.8971,0.03103,0.00303,0.002,-0.0023,0.0,11.05,32.45,149.42
-6.2284,2.7402,0.83127,0.00312,0.0015,0.0027,0.0002,8.79,56.95,114.28
-6.2267,2.9961,0.75556,0.00332,0.0016,0.0029,0.0002,10.96,57.19,117.16
-6.203,4.2515,0.38512,0.00348,0.0019,0.0029,0.0,11.74,48.96,126.12
-6.1927,3.5087,0.62459,0.00377,0.0019,0.0032,0.0002,12.54,54.64,119.69
-6.1756,-4.7769,0.2531,0.00329,0.002,-0.0026,0.0001,10.22,44.52,136.44
-6.1723,-3.6663,0.58506,0.00382,0.0023,-0.0031,0.0001,13.32,54.92,124.8
-6.1709,-13.9825,0.0645,0.0126,0.0126,-0.0011,0.0,11.07,13.89,90.31
-6.164,1.1652,1.25684,0.00171,0.0008,0.0015,0.0004,6.21,60.03,126.2
-6.1604,1.1678,1.25934,0.00211,0.0011,0.0018,0.0005,7.93,59.93,130.37
-6.1419,-14.5781,0.0666,0.0145,0.0145,-0.0009,0.0,12.75,14.85,90.44
-6.1366,4.9444,0.22505,0.00375,0.0023,0.003,0.0,13.1,45.33,132.89
-6.1287,-7.695,0.0775,0.0102,0.0084,-0.0057,0.0,12.31,24.43,100.86
-6.1248,-7.3434,0.0779,0.0099,0.0077,-0.0062,0.0,11.87,24.14,100.03
-6.1124,-13.6375,0.0634,0.0142,0.014,-0.0021,0.0,12.35,13.41,89.92
-6.1065,9.5408,0.0814,0.0134,0.0107,0.0081,0.0001,10.23,18.63,85.63
-6.0981,3.0565,0.81972,0.00388,0.0021,0.0033,0.0003,12.99,56.76,118.71
-6.0934,-8.4769,0.0767,0.0109,0.0099,-0.0047,0.0,13.48,25.07,102.46
-6.0901,-1.565,1.23739,0.00206,0.0013,-0.0014,0.0008,7.97,59.74,134.78
-6.089,-5.9425,0.0424,0.00339,0.0025,-0.0023,0.0,12.57,37.93,147.08
-6.0809,-5.9229,0.04572,0.00325,0.0022,-0.0024,0.0,11.83,37.93,144.53
-6.0677,-4.1154,0.48838,0.00395,0.0026,-0.003,0.0002,13.67,52.31,126.11
-6.0548,3.4366,0.72666,0.00372,0.0021,0.003,0.0004,12.2,57.27,116.27
-6.0515,-1.993,1.17192,0.00236,0.0013,-0.0019,0.0005,9.38,59.89,138.15
-6.049,6.0151,0.03878,0.00322,0.0022,0.0023,0.0,9.88,33.41,143.18
-6.0477,-2.4238,1.05424,0.00276,0.0016,-0.0022,0.0004,10.33,58.11,132.03
-6.0265,5.7518,0.07949,0.0034,0.0023,0.0025,0.0,12.14,37.02,142.33
-5.9984,5.0856,0.23342,0.00351,0.0023,0.0027,-0.0001,12.2,45.78,132.29
-5.9933,4.9871,0.261,0.00403,0.0025,0.0031,0.0,11.95,45.62,129.31
-5.993,9.3268,0.0812,0.0141,0.0129,0.0057,0.0001,10.87,18.26,86.33
-5.9909,11.9072,0.1007,0.0106,0.0094,0.0048,0.0,13.2,28.52,102.42
-5.9811,12.5421,0.1018,0.0105,0.0102,0.0022,0.0,13.56,29.19,105.77
-5.981,3.4991,0.7499,0.00434,0.0025,0.0035,0.0002,14.31,56.85,116.6
-5.9806,12.2887,0.1013,0.0103,0.0101,0.002,0.0,13.34,28.94,106.01
-5.9783,11.1707,0.0995,0.0106,0.0093,0.0051,0.0,13.18,27.77,101.95
-5.9652,-4.5012,0.4099,0.00395,0.0024,-0.0031,0.0001,13.94,52.57,128.39
-5.9264,-4.8495,0.32269,0.00405,0.0027,-0.0031,0.0001,14.22,49.26,130.5
-5.923,3.8263,0.66161,0.00429,0.0025,0.0035,0.0001,13.98,54.62,117.44
-5.9225,-4.8335,0.32883,0.00419,0.0028,-0.0031,0.0002,14.6,49.22,129.45
-5.9171,-2.3589,1.17303,0.0033,0.0021,-0.0025,0.0008,11.86,60.51,124.14
-5.9124,-2.3603,1.17612,0.00345,0.0021,-0.0027,0.0007,12.31,60.52,123.34
-5.9112,-3.1414,0.91533,0.00399,0.0023,-0.0032,0.0005,14.08,59.15,123.22
-5.9085,-2.7205,1.05882,0.00389,0.0023,-0.0031,0.0007,13.66,58.81,122.82
-5.898,0.6951,1.54716,0.00214,0.0013,0.0014,0.001,7.88,62.72,125.9
-5.8917,0.1059,1.59515,0.00123,0.0009,0.0004,0.0008,4.07,62.6,112.86
-5.8824,1.4511,1.43783,0.00245,0.0014,0.0019,0.0008,8.64,61.51,121.33
-5.8811,8.9583,0.0811,0.0125,0.0103,0.0071,0.0001,9.56,17.88,86.26
-5.8811,-8.9583,0.0811,0.0125,0.0103,-0.0071,0.0001,9.56,17.88,86.26
-5.8782,0.6924,1.56568,0.00167,0.001,0.0011,0.0008,6.45,62.62,131.58
-5.8735,1.245,1.49019,0.00255,0.0014,0.0019,0.0009,8.6,61.41,116.15
-5.8674,-5.7469,0.1081,0.00321,0.0022,-0.0023,0.0,10.07,40.92,140.8
-5.8624,2.9581,1.01163,0.00422,0.0023,0.0035,0.0004,11.59,58.79,110.08
-5.8582,1.8089,1.37478,0.00279,0.0017,0.002,0.001,9.52,61.58,117.35
-5.8523,9.4507,0.0826,0.0131,0.0121,0.0052,0.0001,8.43,33.81,67.81
-5.8476,-4.5682,0.4407,0.00374,0.0023,-0.0029,0.0001,11.53,51.29,129.87
-5.7979,8.6127,0.0819,0.0125,0.0112,0.0055,0.0001,9.68,17.32,87.01
-5.7979,-8.6127,0.0819,0.0125,0.0112,-0.0055,0.0001,9.68,17.32,87.01
-5.7914,6.4334,0.02098,0.00284,0.0021,0.0019,0.0,8.83,33.71,144.42
-5.7846,-9.6495,0.0542,0.0126,0.0121,-0.0035,0.0,8.52,30.16,72.57
-5.7825,5.2373,0.25564,0.00499,0.0028,0.0041,-0.0003,14.81,45.72,129.28
-5.7623,-6.2908,0.03925,0.00341,0.0026,-0.0022,0.0,12.2,33.35,145.23
-5.7601,-9.156,0.0534,0.0162,0.0149,-0.0064,0.0001,13.6,8.46,87.42
-5.7581,1.6719,1.49419,0.00258,0.0016,0.0017,0.001,8.48,62.77,112.36
-5.7543,9.1814,0.0825,0.0131,0.012,0.0053,0.0001,8.42,33.69,67.83
-5.7226,0.4046,1.7347,0.00177,0.0011,0.0009,0.001,6.35,63.51,122.12
-5.6767,5.9744,0.10154,0.00374,0.0026,0.0027,0.0,13.57,41.68,141.08
-5.6601,0.8249,1.7552,0.002,0.0008,0.0017,0.0006,6.43,63.14,125.57
-5.6566,13.2298,0.0956,0.0149,0.014,0.0049,0.0001,10.88,35.08,69.79
-5.6561,6.3055,0.04971,0.00313,0.0024,0.002,0.0,11.36,37.91,144.51
-5.6469,10.1579,0.0866,0.0154,0.0146,0.005,0.0001,11.27,30.97,71.32
-5.6469,5.374,0.25686,0.00407,0.0029,0.0029,0.0,14.15,45.68,132.41
-5.6442,8.2382,0.0823,0.0137,0.0125,0.0056,0.0,10.24,16.86,84.23
-5.6382,8.8357,0.0831,0.0126,0.0115,0.0053,0.0001,8.18,33.67,68.43
-5.6224,2.1085,1.49343,0.0035,0.0022,0.0026,0.0009,11.0,61.45,108.34
-5.609,14.4119,0.0988,0.0147,0.0146,0.0017,0.0,10.8,36.56,69.61
-5.6069,14.0456,0.098,0.0148,0.0147,0.0018,0.0,10.86,36.12,69.81
-5.6006,13.6411,0.0969,0.0151,0.0137,0.0064,0.0001,11.01,35.62,69.3
-5.5917,15.0826,0.1008,0.0141,0.0141,-0.0007,0.0,10.37,37.38,69.33
-5.5855,-6.6993,0.01411,0.00329,0.0026,-0.002,0.0,11.98,33.78,147.49
-5.5667,-9.3583,0.0543,0.0125,0.012,-0.0035,0.0,8.39,30.29,72.47
-5.5467,-6.1791,0.08705,0.00344,0.0026,-0.0022,0.0001,10.64,36.21,142.38
-5.5357,12.0473,0.0933,0.016,0.0154,0.0041,0.0001,11.71,33.62,70.57
-5.5285,11.3825,0.0915,0.0152,0.0141,0.0057,0.0001,11.1,32.72,70.57
-5.5258,11.0016,0.0906,0.0148,0.0143,0.0038,0.0001,10.9,32.21,71.09
-5.5166,11.7441,0.0926,0.0147,0.0142,0.0037,0.0001,10.77,33.21,70.78
-5.5101,3.242,1.15786,0.00489,0.0033,0.0035,0.0007,12.97,60.59,105.26
-5.5101,0.3538,1.94352,0.00187,0.0013,0.0007,0.0012,6.44,63.02,117.55
-5.4996,-5.4546,0.27712,0.00382,0.0027,-0.0027,0.0,13.78,48.4,135.08
-5.4989,-1.3188,1.81414,0.00234,0.0016,-0.0012,0.0012,7.84,62.63,131.39
-5.4989,0.7528,1.91771,0.00255,0.0016,0.0013,0.0014,9.02,63.03,120.69
-5.4944,-1.5404,1.76363,0.00257,0.0018,-0.0013,0.0013,9.9,62.9,131.74
-5.4917,8.5088,0.0843,0.0139,0.012,0.0069,0.0001,9.08,33.29,69.54
-5.4882,2.5966,1.42605,0.0046,0.0032,0.003,0.0014,14.17,61.61,106.22
-5.4787,-1.5323,1.78028,0.00261,0.0017,-0.0017,0.0011,10.27,62.94,134.66
-5.4599,4.6707,0.58163,0.00491,0.0032,0.0037,-0.0001,16.29,55.0,119.1
-5.4535,-2.0607,1.65462,0.00354,0.0025,-0.0022,0.0013,12.92,61.95,125.43
-5.4481,-3.7501,0.97348,0.0042,0.0028,-0.0031,0.0004,12.63,57.84,121.58
-5.4442,6.1522,0.10972,0.00385,0.0029,0.0025,0.0,11.93,42.25,137.84
-5.433,-3.6051,1.04731,0.00524,0.0035,-0.0039,0.0006,17.25,58.83,115.0
-5.4238,-3.6116,1.05035,0.00523,0.0034,-0.004,0.0004,17.21,58.85,114.92
-5.4178,-1.2495,1.9065,0.00266,0.0018,-0.0014,0.0014,9.96,63.22,127.19
-5.4165,-4.1004,0.84028,0.00474,0.0031,-0.0036,0.0003,14.24,55.88,123.02
-5.414,-2.5165,1.51657,0.00381,0.0027,-0.0022,0.0014,13.54,62.26,122.0
-5.4024,-1.7128,1.80365,0.00335,0.0023,-0.0019,0.0016,12.45,63.49,126.2
-5.3866,-4.7374,0.58668,0.00447,0.0031,-0.0032,0.0,13.25,53.66,123.11
-5.384,-0.8225,2.02214,0.00224,0.0015,-0.0008,0.0014,8.3,63.92,125.74
-5.3795,-0.8285,2.02587,0.00206,0.0014,-0.0007,0.0013,7.53,63.93,124.0
-5.3681,8.1185,0.0808,0.0124,0.0111,0.0055,0.0,8.24,33.55,70.3
-5.3674,-4.0215,0.90342,0.00482,0.0031,-0.0037,0.0003,16.01,59.21,115.91
-5.3644,-4.37,0.75558,0.00479,0.0036,-0.0031,0.0007,14.15,56.11,120.85
-5.3636,6.0199,0.15725,0.00383,0.0029,0.0025,0.0,11.67,41.92,135.75
-5.3599,8.9907,0.0855,0.0184,0.0162,0.0087,0.0002,13.43,29.23,71.63
-5.3512,-4.4191,0.74208,0.00535,0.0037,-0.0038,0.0005,17.79,57.36,117.35
-5.3456,0.7433,2.06946,0.00256,0.0017,0.0011,0.0016,8.6,63.56,114.52
-5.3446,2.6483,1.52246,0.00507,0.0034,0.0035,0.0014,16.18,62.61,108.91
-5.3424,-0.3784,2.10779,0.00213,0.0015,-0.0004,0.0015,7.11,63.73,113.27
-5.3397,1.6519,1.87846,0.00353,0.0024,0.0021,0.0017,11.33,63.13,109.53
-5.3271,-0.3713,2.12371,0.00203,0.0014,-0.0004,0.0014,6.75,63.71,112.56
-5.3252,0.0466,2.14631,0.00222,0.0016,0.0003,0.0016,6.16,63.57,94.02
-5.3244,0.05,2.147,0.00221,0.0016,0.0003,0.0016,6.25,63.52,95.99
-5.3062,0.307,2.14953,0.00202,0.0013,0.0008,0.0013,5.75,63.32,110.9
-5.2979,-5.9107,0.20129,0.00393,0.0029,-0.0027,0.0,14.08,44.87,136.96
-5.2915,10.5495,0.0989,0.0118,0.0106,0.0052,0.0,14.55,26.37,102.24
-5.2853,9.4195,0.0972,0.0119,0.0096,0.007,0.0,14.38,25.22,100.19
-5.271,-2.8415,1.50497,0.00437,0.0031,-0.0029,0.0013,15.52,62.31,121.79
-5.2659,-8.6839,0.0541,0.014,0.0128,-0.0056,0.0001,9.48,30.4,72.96
-5.2628,6.1975,0.1376,0.00417,0.0032,0.0027,0.0,14.82,41.39,138.48
-5.2581,-6.6903,0.04306,0.00373,0.0028,-0.0024,0.0,11.56,31.93,145.56
-5.2562,-2.539,1.64033,0.00518,0.0037,-0.0032,0.0018,17.49,62.78,115.26
-5.2394,-8.2593,0.0542,0.0144,0.0123,-0.0075,0.0001,11.99,8.92,86.86
-5.2377,-2.5373,1.65664,0.00476,0.0032,-0.0032,0.0015,16.46,62.72,118.06
-5.2347,2.1344,1.81799,0.00451,0.0028,0.0034,0.0012,12.04,63.39,104.26
-5.2342,1.1081,2.11671,0.00316,0.0021,0.0017,0.0017,10.77,63.58,115.87
-5.2272,-10.0597,0.0564,0.0141,0.0129,-0.0058,0.0,11.94,10.07,87.7
-5.2142,-9.7867,0.056,0.0156,0.0141,-0.0065,0.0001,13.11,9.87,87.47
-5.2084,9.0195,0.0967,0.0114,0.0097,0.0061,0.0,13.89,24.72,100.94
-5.2078,-9.4889,0.0554,0.0138,0.0137,-0.001,0.0,11.52,9.65,86.95
-5.2059,-8.2954,0.0543,0.0147,0.0118,-0.0088,0.0001,12.3,9.0,86.96
-5.1978,-2.1379,1.84933,0.00472,0.0032,-0.003,0.0017,16.62,63.42,119.65
-5.1907,-2.1571,1.84816,0.00515,0.0036,-0.003,0.0021,17.67,63.46,116.56
-5.1863,-3.2259,1.39779,0.00497,0.0035,-0.0035,0.0009,16.78,60.99,116.9
-5.182,3.3176,1.356,0.00572,0.0039,0.0041,0.0009,17.44,61.87,104.91
-5.1762,2.9622,1.53226,0.00555,0.0039,0.0035,0.0017,17.33,62.57,106.55
-5.175,2.0966,1.88564,0.00448,0.003,0.003,0.0015,13.87,63.22,105.75
-5.1586,-9.081,0.0548,0.0145,0.0132,-0.0062,0.0001,12.19,9.48,87.17
-5.1349,-1.7516,2.04365,0.00408,0.0028,-0.002,0.0021,14.73,63.95,122.4
-5.1116,-1.7333,2.07134,0.0038,0.0026,-0.0021,0.0019,14.2,63.89,126.59
-5.1076,-6.2992,0.14317,0.00379,0.003,-0.0024,0.0,13.59,40.78,140.53
-5.107,-8.338,0.0547,0.0121,0.0102,-0.0065,0.0,8.26,30.39,73.65
-5.0761,2.5371,1.79502,0.00528,0.0035,0.0036,0.0016,16.26,63.41,104.93
-5.0709,5.7883,0.3036,0.00459,0.0033,0.0032,0.0,16.06,49.37,130.16
-5.0694,7.212,0.00719,0.00338,0.0028,0.0018,0.0,10.51,28.67,147.95
-5.064,1.4099,2.20723,0.00424,0.0028,0.0023,0.0022,14.31,63.36,114.84
-5.0639,-3.906,1.15041,0.0061,0.0045,-0.004,0.001,19.58,60.61,110.93
-5.0626,2.4722,1.83395,0.00513,0.0033,0.0038,0.0013,13.56,63.35,103.13
-5.0566,-1.3538,2.2293,0.0032,0.0022,-0.0014,0.0018,11.81,64.13,125.03
-5.052,-3.9218,1.15055,0.00629,0.0047,-0.004,0.0012,20.13,60.64,110.54
-5.0091,-3.8059,1.23664,0.00554,0.0041,-0.0036,0.001,18.25,59.58,115.05
-4.9572,5.6925,0.3751,0.00492,0.0036,0.0034,0.0,16.99,49.06,128.76
-4.9385,-6.7592,0.07017,0.00354,0.003,-0.0019,0.0001,12.85,36.52,145.49
-4.9328,-0.2849,2.53146,0.0025,0.0017,-0.0003,0.0018,7.8,63.97,105.72
-4.9267,-1.0454,2.43536,0.00284,0.002,-0.001,0.0018,10.55,63.08,126.97
-4.9243,-0.2732,2.54111,0.00229,0.0016,-0.0003,0.0016,7.21,63.96,106.51
-4.9017,-13.4069,0.0653,0.0139,0.0135,-0.0032,0.0,11.98,14.35,88.73
-4.88,-8.7225,0.0771,0.0118,0.0111,-0.0041,0.0,14.3,23.96,100.86
-4.8717,-8.0652,0.0778,0.0105,0.0096,-0.0043,0.0,12.68,23.22,100.57
-4.8522,-12.6377,0.0632,0.0147,0.0146,-0.0018,0.0001,12.57,13.43,88.32
-4.8496,-0.7457,2.57166,0.00239,0.0016,-0.0006,0.0016,8.76,63.45,124.89
-4.8487,-12.2015,0.0621,0.0143,0.0141,-0.0024,0.0001,12.21,12.89,88.15
-4.8386,6.7889,0.07793,0.00355,0.0028,0.0022,-0.0001,12.79,37.66,143.51
-4.8262,-1.5352,2.40532,0.00345,0.0024,-0.0016,0.0019,13.12,63.11,129.77
-4.802,4.3099,1.1043,0.00642,0.0049,0.0041,0.0007,17.58,60.81,108.54
-4.8006,-0.1054,2.68092,0.00251,0.0017,0.0,0.0018,6.79,63.21,92.33
-4.7939,1.7418,2.37556,0.00497,0.0035,0.0024,0.0026,16.15,63.52,110.4
-4.7901,-4.2839,1.1261,0.00625,0.005,-0.0037,0.0009,20.04,59.76,111.82
-4.7825,-3.7677,1.41523,0.00702,0.0054,-0.0042,0.0016,21.99,61.86,107.49
-4.7809,-7.1631,0.02685,0.00339,0.003,-0.0016,0.0001,12.36,32.37,149.47
-4.7744,-2.6275,2.01972,0.00616,0.0046,-0.0032,0.0027,20.36,64.12,111.9
-4.7587,-2.6055,2.04361,0.00561,0.0041,-0.0033,0.0022,19.03,64.04,114.8
-4.7549,-3.7913,1.42234,0.0068,0.0054,-0.0038,0.0018,21.22,61.8,107.09
-4.7523,-4.5458,1.00374,0.00647,0.0051,-0.0039,0.0007,20.58,58.97,111.09
-4.7439,-7.6196,0.00077,0.00351,0.0032,-0.0014,0.0,11.09,27.54,151.2
-4.7342,1.6066,2.475,0.00469,0.0031,0.0028,0.0022,15.35,63.38,111.56
-4.7191,-1.9497,2.36304,0.00436,0.0031,-0.0024,0.0019,16.04,63.1,125.54
-4.7099,0.3136,2.76117,0.00274,0.0019,0.0007,0.0019,8.82,63.31,109.69
-4.7059,-4.4942,1.05706,0.00712,0.0057,-0.0043,0.0008,22.39,58.79,109.9
-4.6908,0.06,2.79799,0.00337,0.0023,0.0002,0.0024,8.67,63.44,87.32
-4.6875,0.0567,2.80152,0.00315,0.0022,0.0002,0.0023,8.67,63.39,93.52
-4.6736,-0.4348,2.7885,0.00269,0.0019,-0.0004,0.0019,8.76,63.57,110.65
-4.6696,-0.4399,2.79221,0.00273,0.0019,-0.0005,0.0019,9.36,63.57,116.3
-4.6507,-0.8589,2.75914,0.00318,0.0022,-0.001,0.002,11.69,63.67,124.86
-4.6354,-2.3305,2.27787,0.0053,0.0038,-0.0029,0.0022,18.95,63.26,122.05
-4.6313,2.1421,2.36389,0.00595,0.0042,0.0035,0.0024,19.08,63.45,108.93
-4.6275,-1.254,2.68339,0.00392,0.0027,-0.0015,0.0024,14.59,63.86,126.19
-4.6193,-2.5001,2.21652,0.00602,0.0043,-0.0035,0.0023,20.53,63.68,115.68
-4.6143,5.8776,0.41213,0.0051,0.0039,0.0033,-0.0002,18.06,52.63,129.12
-4.6077,0.3276,2.86654,0.0029,0.002,0.0007,0.002,7.89,63.05,106.47
-4.6041,6.2931,0.25584,0.00475,0.0038,0.0029,-0.0001,16.96,45.74,135.91
-4.5921,2.0923,2.42167,0.00542,0.0039,0.0031,0.0023,16.81,63.62,105.55
-4.5907,5.1884,0.74761,0.00644,0.0052,0.0037,0.0006,21.29,56.7,117.14
-4.5894,0.7165,2.84528,0.00345,0.0023,0.0015,0.0022,12.03,63.15,119.16
-4.5728,0.0834,2.91969,0.00309,0.0021,0.0003,0.0022,8.55,62.95,94.64
-4.5626,-4.7041,1.02087,0.00644,0.0051,-0.0039,0.0006,21.02,57.74,115.26
-4.5416,3.9767,1.46292,0.00697,0.0052,0.0046,0.0006,21.55,61.77,106.41
-4.521,-2.7163,2.19639,0.00598,0.0046,-0.0033,0.0021,19.97,62.87,114.29
-4.5006,0.1394,2.99185,0.00269,0.0019,0.0004,0.0019,7.06,62.76,103.09
-4.4905,3.8657,1.56608,0.00695,0.0057,0.0037,0.0015,18.56,63.0,104.3
-4.4883,10.1997,0.0941,0.0183,0.0173,0.0058,0.0001,13.32,31.55,70.74
-4.4815,-3.5624,1.75083,0.00726,0.0058,-0.0037,0.0024,22.56,63.62,105.46
-4.48,9.8919,0.0931,0.0156,0.0149,0.0046,0.0001,11.44,31.14,71.27
-4.4786,7.4218,0.02004,0.00387,0.0034,0.0019,0.0,12.13,33.78,145.79
-4.4734,-2.3561,2.41494,0.00602,0.0045,-0.003,0.0027,20.54,63.74,115.65
-4.464,-6.1577,0.34296,0.00532,0.0042,-0.0033,-0.0001,15.85,47.73,128.62
-4.461,-3.5672,1.76382,0.00794,0.0061,-0.0046,0.002,24.8,63.64,105.97
-4.4593,-2.3683,2.4223,0.00618,0.0045,-0.0032,0.0027,20.85,63.76,114.42
-4.4549,5.6732,0.56045,0.00591,0.0044,0.0039,-0.0003,20.41,54.34,124.24
-4.4304,-11.1676,0.0607,0.0161,0.015,-0.0058,0.0001,13.62,12.35,87.44
-4.4295,13.468,0.1006,0.015,0.0148,0.0029,0.0001,11.03,35.88,69.74
-4.4113,5.599,0.61456,0.00706,0.0054,0.0046,-0.0003,20.98,55.02,122.07
-4.4039,9.544,0.0924,0.0157,0.0149,0.0051,0.0001,11.51,30.71,71.37
-4.4015,1.1288,2.94553,0.00462,0.0031,0.0023,0.0025,15.62,63.08,115.45
-4.3884,3.1986,2.03325,0.00778,0.0061,0.0041,0.0026,23.64,63.58,103.15
-4.3881,4.3913,1.30506,0.00688,0.0056,0.0039,0.0011,21.92,62.14,109.39
-4.388,2.6236,2.36087,0.00699,0.0051,0.0044,0.0019,21.78,63.32,106.04
-4.3725,0.5086,3.09482,0.00328,0.0022,0.0008,0.0023,10.68,62.49,111.8
-4.3718,-10.4731,0.0593,0.014,0.0135,-0.0038,0.0,11.77,11.82,86.93
-4.3599,13.882,0.1012,0.0147,0.0143,0.0031,0.0,10.74,36.42,69.45
-4.3516,2.4537,2.48114,0.00677,0.0049,0.0037,0.0028,20.93,64.14,104.91
-4.3499,-10.8393,0.0601,0.0162,0.0158,-0.0036,0.0001,13.64,12.18,87.19
-4.3453,5.4827,0.70029,0.00592,0.0049,0.0034,0.0002,17.58,54.75,122.25
-4.3419,11.3917,0.1008,0.0149,0.0148,0.002,0.0,15.73,26.27,87.25
-4.3255,-6.4115,0.28233,0.00489,0.004,-0.0028,0.0,17.45,48.26,133.68
-4.323,2.0321,2.70198,0.00622,0.0045,0.0033,0.0028,19.46,63.68,106.45
-4.2991,-1.2621,3.0124,0.00402,0.0028,-0.0016,0.0024,15.65,62.49,133.45
-4.2984,0.5166,3.17083,0.00352,0.0024,0.0009,0.0024,10.04,62.29,112.27
-4.2966,6.8424,0.15132,0.00435,0.0037,0.0024,0.0,13.58,42.03,138.93
-4.2952,4.1634,1.50662,0.00778,0.0064,0.0043,0.0014,24.31,62.39,106.84
-4.2855,14.6426,0.1019,0.0153,0.0147,0.0042,0.0,11.18,37.36,68.99
-4.2822,7.297,0.05349,0.00373,0.0033,0.0017,0.0001,13.72,37.94,146.26
-4.2587,-5.0065,1.01345,0.00658,0.0054,-0.0038,0.0007,21.33,57.73,114.38
-4.2451,0.0959,3.26105,0.00314,0.0022,0.0005,0.0022,8.35,62.04,104.71
-4.2439,4.777,1.15667,0.00699,0.0057,0.004,0.0008,22.63,60.63,112.17
-4.2347,0.3831,3.25028,0.00367,0.0025,0.0008,0.0026,10.2,62.1,109.59
-4.2337,14.9944,0.1024,0.014,0.0134,0.004,0.0,10.19,37.79,68.58
-4.2301,6.0413,0.4634,0.00604,0.0049,0.0035,0.0,21.15,51.69,128.11
-4.193,5.994,0.49764,0.00534,0.0045,0.0029,0.0001,18.98,52.35,129.9
-4.192,-2.151,2.77187,0.00696,0.0052,-0.0028,0.0036,23.58,63.71,114.97
-4.1868,5.9257,0.5322,0.00581,0.0047,0.0034,-0.0001,17.64,52.28,127.0
-4.1693,-1.6643,3.00646,0.00506,0.0037,-0.0022,0.0026,18.87,62.42,128.0
-4.1499,-2.1128,2.829,0.00665,0.005,-0.0029,0.0033,23.13,63.54,118.21
-4.148,2.8793,2.4187,0.00722,0.0057,0.0035,0.0028,22.09,63.74,104.04
-4.1455,7.7605,0.00775,0.00396,0.0035,0.0018,0.0,12.32,28.66,148.07
-4.1095,13.6841,0.1048,0.013,0.0129,0.0019,0.0,13.58,28.88,85.35
-4.1054,3.5908,2.01498,0.00868,0.0069,0.005,0.0016,26.79,63.5,104.78
-4.0938,-3.4842,2.0963,0.00806,0.0065,-0.0044,0.0018,25.37,63.03,107.56
-4.0908,6.766,0.21462,0.00465,0.0039,0.0025,0.0,16.95,45.92,138.72
-4.0848,13.0782,0.1038,0.0146,0.0146,0.0009,0.0,14.95,28.15,83.89
-4.0827,-5.4302,0.83979,0.00646,0.0056,-0.0031,0.0006,21.15,55.82,116.96
-4.0801,13.4175,0.1044,0.0132,0.0128,0.0031,0.0,13.6,28.56,84.51
-4.0769,5.8808,0.59337,0.00602,0.0047,0.0037,-0.0002,21.07,54.99,125.76
-4.0761,-7.7987,0.00753,0.00368,0.0034,-0.0015,0.0,11.57,27.05,150.88
-4.0707,4.495,1.43567,0.00793,0.0067,0.0041,0.0015,24.96,61.15,108.52
-4.0637,0.7478,3.38234,0.00402,0.0028,0.0014,0.0025,13.77,61.97,117.82
-4.0588,5.17,1.00904,0.00655,0.0055,0.0035,0.0004,22.36,59.0,119.52
-4.042,-5.971,0.55923,0.00603,0.0051,-0.0032,0.0002,17.63,53.53,121.5
-3.9999,-1.9593,3.03967,0.00669,0.0049,-0.0032,0.0032,23.67,63.24,120.43
-3.9801,-3.2882,2.31136,0.00729,0.0057,-0.004,0.0021,23.75,63.06,111.38
-3.9756,-5.2025,1.02716,0.00699,0.0059,-0.0037,0.0004,19.35,57.35,112.27
-3.9755,-5.8147,0.66517,0.00668,0.0058,-0.0033,0.0004,19.14,53.18,119.35
-3.9743,12.3183,0.1026,0.0155,0.0154,0.0016,0.0,15.34,27.11,81.49
-3.9725,-1.0183,3.40825,0.00453,0.0032,-0.0014,0.0029,17.2,62.16,130.04
-3.9723,-7.9897,0.00244,0.0036,0.0034,-0.0013,0.0,11.38,27.34,151.21
-3.9661,-1.9576,3.07244,0.0067,0.005,-0.003,0.0033,23.99,63.11,121.83
-3.9524,-0.5298,3.52784,0.00401,0.0028,-0.0008,0.0028,14.77,61.22,126.85
-3.946,6.3564,0.40718,0.00572,0.005,0.0028,0.0002,20.59,51.89,131.63
-3.9456,11.9893,0.1021,0.015,0.015,-0.0003,0.0,14.56,26.57,80.08
-3.9283,-0.1241,3.58779,0.00372,0.0026,-0.0001,0.0027,11.45,61.05,106.21
-3.9264,-3.8728,1.94898,0.00843,0.0071,-0.0042,0.002,26.2,62.26,106.65
-3.9168,5.5905,0.81518,0.00645,0.0055,0.0034,0.0002,22.59,57.24,124.01
-3.8964,12.1146,0.102,0.0159,0.0155,0.0035,0.0001,11.57,34.4,69.77
-3.8608,11.7398,0.1014,0.0169,0.0151,0.0076,0.0001,12.09,33.82,68.82
-3.8542,4.9,1.28656,0.00828,0.0071,0.0042,0.0008,27.63,61.37,114.76
-3.8463,12.7353,0.1024,0.0159,0.0155,0.0035,0.0001,11.64,35.19,69.69
-3.8354,0.9698,3.55845,0.00522,0.0036,0.0022,0.003,18.49,60.99,122.45
-3.827,12.4789,0.1024,0.0158,0.0152,0.0042,0.0001,11.49,34.88,69.6
-3.8205,-4.2774,1.74017,0.00827,0.0071,-0.0038,0.002,26.04,62.43,107.9
-3.7973,-1.7834,3.31016,0.00625,0.0046,-0.0029,0.0031,22.98,62.36,125.68
-3.7892,6.8578,0.24353,0.00526,0.0047,0.0024,0.0,19.23,44.92,139.53
-3.7678,-4.3965,1.6923,0.00825,0.0071,-0.0037,0.002,22.23,61.17,106.5
-3.7381,-1.7583,3.37712,0.00667,0.005,-0.0029,0.0034,24.23,62.26,124.36
-3.7001,-3.4965,2.37727,0.00958,0.008,-0.0047,0.0025,29.58,63.91,104.58
-3.6946,7.516,0.06939,0.00417,0.0038,0.0017,0.0,13.25,37.85,144.67
-3.6906,6.6934,0.32854,0.00576,0.0051,0.0028,-0.0001,21.1,48.46,136.69
-3.6878,8.1507,0.00157,0.00493,0.0046,0.0018,0.0,15.41,29.03,148.72
-3.6814,7.3835,0.09894,0.00401,0.0035,0.002,-0.0001,15.03,42.38,145.63
-3.6736,-4.5986,1.60048,0.0089,0.0079,-0.0039,0.0015,27.82,61.5,107.87
-3.6583,-7.9489,0.01045,0.0037,0.0035,-0.0011,0.0,11.88,32.35,150.24
-3.6286,-0.1119,3.89217,0.00434,0.0031,0.0001,0.0031,13.51,59.2,108.9
-3.6237,7.6544,0.04893,0.00405,0.0038,0.0014,0.0001,15.11,38.01,148.6
-3.6061,-0.4252,3.88925,0.00368,0.0026,-0.0007,0.0025,12.27,59.16,133.42
-3.6,0.5215,3.88476,0.00464,0.0033,0.0012,0.0031,16.69,59.64,125.21
-3.5824,5.2731,1.16495,0.00806,0.0071,0.0038,0.0007,27.41,59.86,118.07
-3.5811,-3.098,2.75151,0.00951,0.0079,-0.0046,0.0028,30.05,63.87,107.08
-3.5723,5.1646,1.24434,0.00742,0.0063,0.0039,0.0003,22.15,60.6,118.45
-3.5665,-7.2168,0.1597,0.00543,0.0049,-0.0024,0.0,19.31,41.79,138.14
-3.5432,1.7751,3.55214,0.00726,0.0054,0.0035,0.0034,21.24,61.26,115.94
-3.5142,7.5201,0.0857,0.00465,0.0043,0.0018,0.0,17.07,36.76,146.62
-3.4768,-0.8348,3.94461,0.00433,0.0031,-0.0009,0.0028,14.64,58.79,135.85
-3.4715,-0.8015,3.95797,0.00436,0.0032,-0.0009,0.0029,16.88,58.94,135.65
-3.4652,-2.7973,3.0455,0.00957,0.0078,-0.0039,0.004,31.42,63.24,111.73
-3.4587,-0.7556,3.98136,0.00422,0.0031,-0.0009,0.0028,16.72,58.79,138.88
-3.4568,1.0643,3.90375,0.00582,0.0042,0.002,0.0035,21.34,59.42,127.71
-3.449,0.3221,4.05484,0.00443,0.0032,0.0007,0.003,15.09,58.02,120.09
-3.4389,-2.7805,3.07803,0.00953,0.0077,-0.004,0.0039,31.42,63.09,112.31
-3.414,4.7199,1.65185,0.00837,0.0074,0.0037,0.0012,28.93,62.84,118.16
-3.4093,-0.5223,4.0731,0.00449,0.0032,-0.0007,0.003,17.05,58.28,133.14
-3.3972,-0.0248,4.12496,0.00503,0.0036,0.0002,0.0035,15.91,58.09,111.05
-3.3872,-2.8119,3.10126,0.00892,0.0073,-0.0035,0.0038,30.17,62.09,116.22
-3.3793,-4.816,1.59739,0.00933,0.0083,-0.004,0.0014,25.13,61.26,106.71
-3.3745,-7.0232,0.25823,0.00585,0.0052,-0.0027,-0.0001,20.77,45.57,134.91
-3.3705,-4.0829,2.17797,0.01015,0.009,-0.0041,0.0022,27.31,62.18,105.96
-3.3641,1.4767,3.84613,0.00691,0.005,0.0036,0.0031,25.51,59.45,128.48
-3.3607,-0.1686,4.15241,0.00439,0.0032,-0.0002,0.0031,13.24,57.47,121.85
-3.3391,1.6291,3.80444,0.00705,0.0052,0.0034,0.0033,21.38,59.96,121.13
-3.3181,-2.4934,3.3579,0.00882,0.0071,-0.0033,0.004,29.95,62.34,116.16
-3.3044,10.3158,0.0992,0.0166,0.0154,0.0063,0.0001,11.96,32.24,69.67
-3.282,-8.1626,0.00776,0.00369,0.0036,-0.0009,0.0,11.61,26.98,150.84
-3.2739,-1.1953,4.04031,0.00521,0.0039,-0.0019,0.0029,21.16,57.64,143.61
-3.2687,-0.9699,4.10861,0.00542,0.004,-0.0018,0.0032,21.86,58.25,141.66
-3.2501,-8.773,0.0619,0.0167,0.0144,-0.0085,0.0001,13.82,12.71,85.33
-3.2469,-0.3309,4.24919,0.00492,0.0036,-0.0007,0.0033,18.8,57.77,134.36
-3.2397,0.1106,4.27242,0.00539,0.0039,0.0004,0.0037,17.59,56.36,115.8
-3.2394,9.983,0.0985,0.017,0.0169,0.0024,0.0001,12.41,31.75,70.62
-3.2332,1.741,3.85061,0.0072,0.0053,0.0039,0.003,25.93,59.77,125.58
-3.2291,-6.0841,0.77422,0.00723,0.0066,-0.0029,0.0003,24.45,55.92,120.72
-3.2173,-0.3036,4.27981,0.00482,0.0035,-0.0008,0.0032,18.42,56.39,135.59
-3.2152,-0.4293,4.27001,0.00446,0.0032,-0.0009,0.003,17.58,56.42,139.98
-3.1968,10.4038,0.1008,0.0178,0.0178,0.0007,0.0,15.91,23.9,74.49
-3.1919,-9.6225,0.0634,0.0162,0.0157,-0.0041,0.0001,13.43,13.09,85.4
-3.1835,-9.2311,0.0629,0.0165,0.0157,-0.0051,0.0001,13.61,13.01,85.34
-3.1762,-12.8857,0.0691,0.014,0.014,-0.0008,0.0001,11.87,15.98,86.99
-3.174,-1.6695,3.93531,0.00671,0.0051,-0.0026,0.0035,26.33,58.79,137.67
-3.1684,0.587,4.29305,0.0056,0.0041,0.0016,0.0034,21.13,56.16,134.48
-3.1642,-7.8308,0.05496,0.00412,0.0038,-0.0015,0.0,15.18,36.55,147.7
-3.1638,-14.3195,0.0723,0.0146,0.0146,-0.0011,0.0,12.56,17.69,87.84
-3.1467,7.2221,0.22319,0.00508,0.0047,0.0019,0.0001,16.55,45.96,141.93
-3.1359,2.4311,3.5483,0.00933,0.0076,0.0038,0.0039,32.14,60.7,119.05
-3.1318,-13.2648,0.0701,0.0131,0.013,-0.0013,0.0,11.11,16.46,87.24
-3.1276,7.7571,0.07303,0.00454,0.0043,0.0015,0.0001,16.8,36.86,147.79
-3.1055,10.0036,0.1004,0.0173,0.017,0.0031,0.0,15.64,23.31,75.5
-3.1051,-6.2206,0.72637,0.00724,0.0068,-0.0026,0.0004,21.32,55.8,120.74
-3.098,6.9683,0.33315,0.0057,0.0052,0.0023,0.0,18.65,49.43,139.56
-3.0657,-0.0438,4.43762,0.0052,0.0038,0.0002,0.0035,15.28,55.37,120.58
-3.0642,7.4133,0.17022,0.00475,0.0044,0.0018,0.0,15.3,42.01,143.36
-3.0625,-2.0653,3.82592,0.00804,0.0065,-0.0032,0.0035,30.15,59.0,131.37
-3.0261,3.1065,3.16231,0.00914,0.0079,0.0031,0.0035,27.28,63.08,116.85
-3.0258,-4.2227,2.27042,0.01124,0.0101,-0.0043,0.0024,35.74,64.12,107.63
-3.0196,4.1017,2.37439,0.00881,0.0078,0.0038,0.0015,26.82,64.07,118.19
-3.0141,5.3532,1.37017,0.00838,0.0073,0.0041,-0.0002,31.23,62.01,128.09
-3.002,-6.7759,0.44357,0.0061,0.0056,-0.0024,0.0001,18.4,50.84,127.61
-2.9952,0.2372,4.49036,0.00551,0.0041,0.0008,0.0037,17.17,55.43,127.64
-2.9698,-1.6105,4.14116,0.00678,0.0053,-0.0023,0.0036,26.93,57.37,140.55
-2.9638,-2.0251,3.93018,0.00782,0.0063,-0.0028,0.0036,25.8,58.27,133.16
-2.9447,-0.2217,4.53693,0.00553,0.0041,-0.0004,0.0037,20.85,54.22,135.82
-2.9413,-4.4987,2.08984,0.01043,0.0095,-0.0034,0.0026,28.22,62.32,106.46
-2.9371,15.25,0.1067,0.0142,0.0138,0.0033,0.0001,10.18,38.41,67.15
-2.9186,3.5191,2.92385,0.01012,0.009,0.0041,0.0022,34.99,62.54,118.08
-2.9113,14.914,0.1064,0.0125,0.0125,0.0009,0.0001,9.07,38.09,68.25
-2.9067,13.3925,0.1058,0.0163,0.0155,0.0048,0.0001,11.71,36.34,68.3
-2.9042,-0.4617,4.5509,0.00496,0.0037,-0.0008,0.0032,20.1,53.65,146.92
-2.8967,-3.5958,2.87376,0.01124,0.0101,-0.004,0.003,36.74,63.59,111.01
-2.894,14.5548,0.1063,0.0119,0.0114,0.0036,0.0001,8.54,37.69,67.65
-2.8926,4.3069,2.27766,0.00927,0.0084,0.0035,0.0019,33.28,64.19,121.86
-2.8917,-5.1213,1.60739,0.00986,0.0086,-0.0048,-0.0003,31.67,61.39,110.89
-2.8878,-4.4038,2.19909,0.01082,0.0098,-0.0042,0.002,34.14,62.34,108.3
-2.884,7.5256,0.15962,0.00472,0.0044,0.0018,0.0,17.7,42.02,145.94
-2.8812,-1.3891,4.31094,0.00674,0.0053,-0.002,0.0037,26.65,56.44,140.34
-2.8436,-1.363,4.35304,0.00746,0.0058,-0.0026,0.0039,29.95,56.4,142.54
-2.8326,-1.755,4.18543,0.00835,0.0067,-0.0033,0.0037,31.97,58.15,134.5
-2.828,-3.6167,2.89924,0.01105,0.0099,-0.004,0.0029,31.3,61.73,111.8
-2.8237,2.8201,3.52237,0.00955,0.0082,0.0033,0.0036,29.62,61.59,122.58
-2.8163,-0.9139,4.53153,0.00548,0.0042,-0.0017,0.0031,20.17,53.39,153.22
-2.8118,-3.6161,2.90977,0.01067,0.0095,-0.0043,0.0022,30.24,61.7,111.96
-2.8039,-1.7457,4.21353,0.00848,0.0069,-0.0033,0.0038,32.54,58.18,134.63
-2.8,5.8316,1.08721,0.00714,0.0066,0.0028,0.0002,27.87,60.93,135.07
-2.7997,-3.2808,3.194,0.01138,0.0099,-0.0039,0.0041,37.6,62.92,112.67
-2.7976,5.7819,1.12495,0.0082,0.0077,0.0027,0.0008,31.08,59.85,131.64
-2.7894,-6.1397,0.87416,0.00832,0.0078,-0.0029,0.0005,28.7,59.25,120.23
-2.784,8.0409,0.04379,0.00412,0.004,0.0011,0.0,15.22,33.39,150.41
-2.778,2.4005,3.85277,0.009,0.0074,0.0044,0.0025,33.06,59.19,128.17
-2.7683,4.472,2.209,0.00921,0.0085,0.0028,0.0023,29.2,63.95,123.48
-2.7656,-2.9758,3.44941,0.01135,0.0098,-0.004,0.0041,38.5,62.15,116.18
-2.7578,7.9638,0.05952,0.00444,0.0043,0.0012,0.0,16.63,36.94,149.38
-2.7133,9.0706,0.0959,0.0164,0.0141,0.0084,0.0001,11.98,19.75,81.91
-2.7133,-9.0706,0.0959,0.0164,0.0141,-0.0084,0.0001,11.98,19.75,81.91
-2.6959,9.9195,0.0999,0.0154,0.0151,0.0031,0.0001,11.36,21.05,82.24
-2.6959,-9.9195,0.0999,0.0154,0.0151,-0.0031,0.0001,11.36,21.05,82.24
-2.6944,10.645,0.1023,0.0143,0.0142,0.0011,0.0001,10.6,22.2,82.32
-2.6944,-10.645,0.1023,0.0143,0.0142,-0.0011,0.0001,10.6,22.2,82.32
-2.6606,-6.7213,0.5517,0.00674,0.0064,-0.0021,0.0004,23.97,53.69,128.77
-2.6486,9.4753,0.0978,0.0152,0.0142,0.0055,0.0001,11.14,20.41,81.85
-2.6486,-9.4753,0.0978,0.0152,0.0142,-0.0055,0.0001,11.14,20.41,81.85
-2.6241,6.6671,0.59193,0.00657,0.0062,0.002,0.0004,25.21,54.08,138.32
-2.6122,7.1892,0.32873,0.00493,0.0046,0.0017,-0.0001,19.23,49.38,145.33
-2.6048,-0.4009,4.81492,0.00533,0.0041,-0.0011,0.0033,22.55,51.4,154.92
-2.5853,-2.6578,3.81141,0.01142,0.0098,-0.0047,0.0035,36.25,58.43,127.68
-2.5658,-5.5128,1.41784,0.00971,0.009,-0.0035,0.0005,32.05,60.36,114.7
-2.563,3.114,3.48492,0.01024,0.0092,0.0031,0.0033,38.31,61.05,129.01
-2.534,1.9987,4.28626,0.00939,0.0078,0.003,0.0042,36.44,56.52,138.11
-2.5192,-1.4918,4.56343,0.00741,0.0061,-0.0026,0.0033,26.86,52.84,151.37
-2.5163,3.2825,3.37354,0.00987,0.0089,0.0034,0.0027,38.04,62.37,132.27
-2.5103,5.0743,1.8077,0.00883,0.0083,0.0031,0.0008,35.0,63.68,134.85
-2.5068,0.2471,4.90859,0.00659,0.0051,0.0004,0.0041,24.76,50.64,138.88
-2.4773,1.0439,4.76953,0.00802,0.0065,0.0019,0.0043,32.66,51.11,149.48
-2.4627,0.5667,4.90261,0.00724,0.0057,0.0012,0.0043,28.9,50.75,146.78
-2.4475,6.0515,1.04409,0.00827,0.0079,0.0024,0.0008,31.79,58.0,135.18
-2.4457,-8.0161,0.06813,0.00483,0.0047,-0.0011,0.0,17.73,37.59,145.86
-2.4284,4.7673,2.11494,0.00939,0.0088,0.003,0.0012,32.55,64.2,134.79
-2.4281,-3.4171,3.31357,0.01071,0.0097,-0.0028,0.0034,37.27,60.84,120.49
-2.424,-12.1411,0.0701,0.0144,0.0141,-0.003,0.0001,12.06,16.32,86.04
-2.4148,6.4006,0.81145,0.00678,0.0065,0.0017,0.0007,23.77,57.35,142.34
-2.3672,-7.0249,0.44627,0.00572,0.0053,-0.0021,-0.0003,20.73,51.01,133.47
-2.3641,3.5476,3.23963,0.01049,0.0096,0.0023,0.0036,39.86,61.87,130.4
-2.3475,8.181,0.04132,0.00443,0.0044,0.0008,0.0001,16.79,37.1,151.07
-2.3425,-6.8088,0.57082,0.00738,0.0071,-0.0019,0.0001,27.1,54.89,131.66
-2.3389,-1.148,4.83781,0.00802,0.0066,-0.0016,0.0043,33.56,51.34,153.34
-2.3369,-1.1576,4.83589,0.00803,0.0066,-0.002,0.0042,34.01,51.47,155.1
-2.3351,-11.1218,0.0678,0.0132,0.0129,-0.0027,0.0001,10.94,15.53,85.38
-2.3232,-0.7199,4.97801,0.00694,0.0056,-0.0012,0.0039,25.77,47.84,160.01
-2.321,-2.1148,4.3667,0.00912,0.0079,-0.003,0.0034,35.43,56.28,138.04
-2.3203,-2.1169,4.36571,0.01043,0.009,-0.0036,0.0037,41.0,56.42,139.53
-2.3113,1.4447,4.73894,0.00854,0.0071,0.0031,0.0035,30.39,51.87,149.57
-2.3102,-5.8464,1.24334,0.00908,0.0087,-0.0023,0.0011,30.83,58.95,118.97
-2.3066,1.4468,4.74129,0.00834,0.007,0.0031,0.0035,29.73,51.86,149.87
-2.3054,6.9826,0.4786,0.00649,0.0061,0.0023,-0.0003,25.25,51.39,142.65
-2.3042,3.4237,3.38153,0.01083,0.0098,0.0037,0.0026,41.37,61.32,131.42
-2.2844,-10.8271,0.0676,0.0146,0.0146,0.0009,0.0001,12.08,15.42,84.91
-2.2761,-15.9316,0.0773,0.0145,0.0145,-0.0008,0.0,12.63,20.78,88.04
-2.2606,-9.2326,0.0658,0.0163,0.0155,-0.0051,0.0001,13.46,14.65,84.75
-2.2515,-4.082,2.8278,0.0121,0.0114,-0.0032,0.0024,43.23,63.6,121.24
-2.2398,-5.3973,1.63682,0.01104,0.0106,-0.0016,0.0026,37.95,62.69,117.27
-2.2386,1.5023,4.76271,0.0085,0.0072,0.0022,0.0039,35.47,50.97,153.37
-2.2375,11.6499,0.1041,0.0145,0.0145,-0.0006,0.0,13.4,24.6,76.6
-2.2372,4.086,2.83081,0.01045,0.0098,0.0029,0.002,41.74,62.57,136.5
-2.2352,0.6142,5.06577,0.00734,0.0059,0.0014,0.0041,30.62,48.17,156.53
-2.2287,-0.6496,5.06339,0.00776,0.0063,-0.0017,0.0043,33.89,48.5,163.06
-2.2264,-0.8545,5.01647,0.00783,0.0065,-0.0012,0.0042,33.36,48.8,158.76
-2.2259,-0.6501,5.06539,0.00786,0.0063,-0.0019,0.0043,34.43,48.39,163.6
-2.2257,-0.8571,5.01615,0.00743,0.0061,-0.0012,0.004,31.6,48.67,158.58
-2.1976,-6.0173,1.14874,0.00892,0.0086,-0.0022,0.0011,31.11,59.17,122.06
-2.1756,-0.464,5.13753,0.0078,0.0064,-0.001,0.0043,33.32,45.67,162.29
-2.1709,0.8548,5.05593,0.00812,0.0067,0.0021,0.0041,34.6,47.98,159.53
-2.1654,7.7952,0.14656,0.0047,0.0046,0.0011,0.0,15.59,42.19,147.8
-2.1437,2.1986,4.42944,0.00919,0.008,0.0035,0.0029,32.78,56.31,145.77
-2.1118,-1.7804,4.71062,0.00987,0.0086,-0.0027,0.004,40.94,54.02,149.58
-2.1112,3.9593,3.00791,0.00926,0.0088,0.0023,0.0019,34.51,63.59,145.53
-2.1066,-1.773,4.71834,0.00972,0.0085,-0.0028,0.0038,39.65,52.03,148.9
-2.1017,1.2986,4.94915,0.00888,0.0076,0.0023,0.004,38.03,48.34,159.91
-2.0981,6.2124,1.02276,0.00694,0.0065,0.0024,-0.0004,28.8,59.06,145.3
-2.0917,0.0817,5.23093,0.00695,0.0057,0.0005,0.004,28.65,44.76,157.78
-2.0916,10.9954,0.1052,0.0167,0.0162,0.004,0.0001,11.95,33.68,68.91
-2.0853,-0.0766,5.23566,0.00875,0.0072,0.0001,0.005,35.97,45.07,156.67
-2.0791,-0.6036,5.17934,0.00719,0.006,-0.0012,0.0039,27.43,44.5,167.81
-2.0685,-8.2819,0.0382,0.00473,0.0046,-0.0009,0.0001,17.24,33.28,148.22
-2.0648,0.0717,5.25043,0.00784,0.0064,-0.0002,0.0045,32.9,44.9,160.07
-2.0557,6.6584,0.71599,0.00626,0.0061,0.0014,0.0003,23.01,57.63,148.9
-2.0355,-5.9182,1.26831,0.00947,0.0091,-0.0026,0.0002,28.66,58.51,121.65
-2.0284,-4.8488,2.20993,0.01174,0.0112,-0.0026,0.0022,39.81,62.16,116.46
-2.0196,2.753,4.10375,0.01056,0.0096,0.0034,0.0028,43.9,57.42,146.58
-2.0164,10.374,0.1033,0.015,0.0142,0.0047,0.0001,10.72,32.97,68.89
-2.0109,0.853,5.16576,0.00786,0.0066,0.0019,0.0038,34.47,45.45,167.22
-1.9896,1.5694,4.898,0.00882,0.0076,0.0022,0.0039,38.22,51.11,159.51
-1.9382,-2.0365,4.66308,0.01001,0.0089,-0.0031,0.0035,35.83,52.27,149.63
-1.9168,1.813,4.81091,0.0099,0.0088,0.0025,0.0038,43.2,50.61,160.67
-1.9123,-0.3161,5.33767,0.00648,0.0054,-0.0009,0.0034,25.12,41.0,173.97
-1.9004,8.4223,0.02342,0.00401,0.0039,0.0011,0.0,14.85,32.74,150.73
-1.8908,0.4981,5.32475,0.0089,0.0076,0.0014,0.0045,38.81,41.44,169.79
-1.8808,-1.3766,5.05626,0.0089,0.0077,-0.0021,0.0039,39.38,47.17,166.93
-1.871,4.3478,2.74868,0.00317,0.003,0.0007,0.0006,13.16,62.78,141.81
-1.8691,-0.107,5.37839,0.00776,0.0066,0.0001,0.0042,28.99,40.87,167.85
-1.8666,-5.6929,1.50186,0.00973,0.0095,-0.0022,0.0005,30.01,61.19,121.87
-1.8504,-4.5539,2.55996,0.01157,0.0111,-0.0019,0.0028,34.63,62.33,117.75
-1.8473,1.9614,4.76438,0.00957,0.0085,0.003,0.0032,42.56,51.76,163.1
-1.8471,-1.4242,5.05588,0.00955,0.0083,-0.0025,0.004,41.58,48.55,162.47
-1.8415,3.1075,3.91265,0.01103,0.0102,0.0028,0.0032,46.21,58.8,146.55
-1.8233,1.7147,4.92223,0.00948,0.0084,0.0024,0.0036,42.13,50.14,164.22
-1.8223,0.496,5.36748,0.00789,0.0067,0.0007,0.004,34.4,41.38,170.35
-1.8211,7.9468,0.12733,0.00459,0.0045,0.001,0.0,15.31,42.21,148.62
-1.8183,-1.8948,4.8207,0.00997,0.0089,-0.003,0.0034,36.82,49.64,157.02
-1.7819,6.5966,0.80995,0.00718,0.007,0.0015,0.0003,29.87,56.21,147.86
-1.7546,-0.2717,5.44011,0.00813,0.0069,-0.0008,0.0042,36.58,40.98,175.63
-1.7265,-4.3478,2.8095,0.01287,0.0123,-0.0023,0.0029,39.47,61.72,121.12
-1.6991,1.151,5.25898,0.00863,0.0076,0.002,0.0036,33.98,45.26,172.28
-1.6969,3.4932,3.63296,0.01152,0.0108,0.0036,0.0014,49.98,60.1,150.51
-1.6803,0.6097,5.43344,0.00902,0.0078,0.0012,0.0044,40.62,40.98,176.33
-1.6767,6.8808,0.64096,0.00611,0.006,0.0013,0.0002,22.48,55.04,151.39
-1.6706,-5.1348,2.06711,0.01012,0.0099,-0.0013,0.0016,37.33,62.37,126.5
-1.6653,7.9661,0.13259,0.00495,0.0049,0.0009,0.0001,19.06,41.1,150.18
-1.6584,3.7749,3.38574,0.00978,0.0093,0.0016,0.0025,45.97,62.42,161.15
-1.6526,6.1253,1.19028,0.00666,0.0064,0.0019,-0.0002,28.99,60.65,150.98
-1.6486,-5.5449,1.69024,0.01038,0.0102,-0.0015,0.0013,32.44,60.77,123.88
-1.616,-4.1191,3.07451,0.01236,0.0118,-0.0022,0.0028,45.52,61.45,127.03
-1.5989,4.0665,3.13234,0.00982,0.0094,0.002,0.002,45.54,63.15,158.37
-1.5937,-1.7724,5.01655,0.01002,0.0091,-0.0025,0.0034,38.12,46.9,164.41
-1.591,1.0592,5.35332,0.0091,0.0081,0.0016,0.0038,42.49,41.83,181.88
-1.5783,7.4834,0.32338,0.00589,0.0058,0.0012,0.0001,23.49,48.4,148.96
-1.5745,-5.4057,1.83731,0.01036,0.0102,-0.0017,0.0011,32.65,61.61,124.22
-1.5586,-14.1619,0.0764,0.0145,0.0143,-0.0024,0.0,12.3,19.58,86.38
-1.555,13.2052,0.1108,0.0168,0.0163,0.0042,0.0001,11.95,36.71,67.37
-1.5453,-13.5483,0.0754,0.0145,0.0144,-0.002,0.0001,12.27,18.96,85.99
-1.5345,1.4615,5.21217,0.00923,0.0084,0.0021,0.0032,43.75,45.54,180.7
-1.5286,-12.4887,0.0736,0.0126,0.0126,-0.0001,0.0,10.49,17.95,85.07
-1.5218,-13.9112,0.0761,0.0137,0.0136,-0.0012,0.0,11.59,19.36,86.06
-1.5171,5.1609,2.0846,0.00923,0.009,0.0018,0.0007,41.42,62.9,153.0
-1.5006,-1.6525,5.13182,0.00988,0.009,-0.0023,0.0033,38.06,43.98,169.55
-1.4923,2.8671,4.28064,0.00906,0.0086,0.0019,0.002,38.17,56.95,171.47
-1.4791,-0.2633,5.59651,0.00822,0.0073,-0.0004,0.0038,32.93,36.1,184.68
-1.4773,4.9769,2.27409,0.00914,0.009,0.0012,0.0013,42.31,63.03,157.67
-1.4758,3.8843,3.35769,0.01027,0.0098,0.0016,0.0024,46.33,61.24,155.39
-1.4582,13.6347,0.1116,0.0156,0.0149,0.0049,0.0001,11.08,37.16,66.91
-1.4532,-13.2496,0.0751,0.0135,0.0132,0.0026,0.0,11.23,18.8,84.91
-1.4175,8.606,0.01381,0.00391,0.0039,0.0005,0.0,14.63,33.89,151.89
-1.4166,1.6029,5.19923,0.00926,0.0085,0.0024,0.0029,38.16,45.78,179.78
-1.3988,-2.6201,4.52372,0.0112,0.0107,-0.0023,0.0025,41.18,52.35,154.02
-1.3836,-4.4653,2.81071,0.01153,0.0113,-0.0014,0.0019,44.99,61.93,134.21
-1.3685,-7.5643,0.30972,0.00585,0.0057,-0.0011,0.0001,22.15,47.96,142.08
-1.3638,11.1148,0.1079,0.0133,0.0133,0.0006,0.0,9.76,23.86,80.87
-1.3638,-11.1148,0.1079,0.0133,0.0133,-0.0006,0.0,9.76,23.86,80.87
-1.3416,10.8523,0.107,0.0132,0.013,0.0022,0.0001,9.67,23.5,80.9
-1.3416,-10.8523,0.107,0.0132,0.013,-0.0022,0.0001,9.67,23.5,80.9
-1.3344,-3.8458,3.44533,0.01226,0.012,-0.0018,0.0019,50.54,61.97,141.38
-1.332,10.4732,0.1057,0.0136,0.0134,0.0021,0.0001,9.97,22.98,81.05
-1.332,-10.4732,0.1057,0.0136,0.0134,-0.0021,0.0001,9.97,22.98,81.05
-1.3189,-1.3836,5.35334,0.00943,0.0087,-0.0021,0.003,44.18,40.17,184.22
-1.302,0.5971,5.63056,0.00885,0.0081,0.001,0.0034,36.13,33.27,190.89
-1.295,1.0162,5.51569,0.00982,0.009,0.0016,0.0036,46.79,36.88,190.1
-1.2773,2.2824,4.8321,0.00923,0.0088,0.0018,0.002,46.88,51.63,186.4
-1.276,-2.5299,4.64392,0.01062,0.0102,-0.0017,0.0026,46.7,52.21,160.77
-1.2475,4.0607,3.25635,0.01006,0.0099,0.0015,0.0014,48.81,61.39,167.0
-1.2469,8.1615,0.09933,0.00474,0.0047,0.0007,0.0,18.01,36.46,151.82
-1.2031,6.3084,1.13229,0.00676,0.0067,0.001,0.0005,26.96,60.87,158.25
-1.2003,-6.6883,0.84558,0.0074,0.0073,-0.0009,0.0005,28.24,55.45,136.82
-1.1917,-0.7166,5.65187,0.00881,0.0082,-0.0007,0.0032,36.21,31.52,193.64
-1.1685,-5.8215,1.55267,0.01005,0.0099,-0.0008,0.0014,39.59,62.8,134.44
-1.1627,7.0748,0.59133,0.00553,0.0054,0.001,-0.0002,24.16,55.08,157.01
-1.1512,-8.5949,0.01882,0.00448,0.0045,-0.0005,0.0,14.36,32.01,150.19
-1.1258,-0.0632,5.76859,0.00904,0.0084,-0.0003,0.0033,43.75,27.21,202.58
-1.1247,-1.0896,5.55999,0.00922,0.0087,-0.0008,0.0031,44.1,37.34,190.37
-1.1222,3.977,3.3754,0.00865,0.0085,0.0009,0.0014,39.34,62.62,178.54
-1.122,6.8524,0.7389,0.0066,0.0065,0.0012,-0.0003,28.68,56.22,154.43
-1.1215,8.0352,0.14032,0.00462,0.0046,0.0007,-0.0001,18.2,42.04,153.08
-1.113,-1.1647,5.53492,0.00921,0.0087,-0.0009,0.003,44.15,35.87,192.82
-1.104,-3.8948,3.46334,0.012,0.0118,-0.0011,0.0021,49.82,60.26,144.27
-1.1038,12.6567,0.112,0.0171,0.0168,0.0031,0.0001,12.26,36.27,68.13
-1.0967,8.6136,0.01744,0.00407,0.0041,0.0002,0.0,12.99,33.87,148.61
-1.0945,-8.3497,0.05977,0.00499,0.005,-0.0002,0.0001,16.17,36.09,149.05
-1.0875,-7.8447,0.20771,0.00539,0.0053,-0.001,-0.0002,17.56,44.14,143.49
-1.0788,1.435,5.42711,0.00869,0.0083,0.0011,0.0025,44.65,41.58,200.56
-1.0775,-7.9918,0.15614,0.00508,0.005,-0.0007,0.0,16.4,40.12,145.54
-1.0557,-2.232,4.94854,0.01029,0.0099,-0.0015,0.0023,47.66,47.15,174.8
-1.047,6.6943,0.85655,0.00684,0.0067,0.0012,-0.0002,29.77,55.87,155.08
-1.0265,-11.0662,0.0721,0.0133,0.0131,-0.002,0.0001,10.93,17.65,84.06
-1.0125,-8.2496,0.08426,0.00475,0.0047,-0.0005,0.0,17.82,36.12,150.81
-1.0066,-3.6006,3.78054,0.01153,0.0113,-0.001,0.002,49.63,58.29,151.43
-0.9978,-10.5122,0.0711,0.0142,0.0142,0.0001,0.0,11.59,17.39,83.37
-0.9886,1.0116,5.63928,0.00893,0.0085,0.001,0.0026,45.14,33.34,205.93
-0.9423,-1.2108,5.57815,0.00932,0.0089,-0.0015,0.0023,38.85,35.11,193.14
-0.9327,-6.1726,1.28037,0.00866,0.0086,-0.0006,0.0003,36.36,61.98,143.94
-0.9274,-1.7678,5.29885,0.01042,0.0101,-0.0009,0.0025,51.53,42.28,191.58
-0.9248,-7.5571,0.33979,0.00585,0.0058,-0.0009,-0.0002,22.51,47.79,144.78
-0.9222,5.7462,1.66363,0.0074,0.0074,0.0008,0.0001,35.63,62.83,164.81
-0.9048,8.4389,0.04555,0.0044,0.0044,0.0002,0.0,16.79,37.0,152.12
-0.8995,-1.7669,5.30745,0.00971,0.0094,-0.0009,0.0022,47.23,42.03,188.73
-0.8987,-6.9258,0.70632,0.0068,0.0067,-0.0009,-0.0001,27.03,55.83,142.02
-0.8822,-0.6936,5.77097,0.00904,0.0086,0.0001,0.0028,44.19,27.91,203.58
-0.8793,6.5475,0.98129,0.00654,0.0065,0.0009,-0.0002,25.45,59.29,156.11
-0.8774,0.8076,5.74225,0.00886,0.0085,0.0012,0.0022,38.43,28.59,207.1
-0.8568,-0.889,5.72454,0.00938,0.009,-0.0006,0.0025,45.91,26.74,205.27
-0.846,0.2336,5.85861,0.00891,0.0085,0.0009,0.0025,44.13,22.29,211.1
-0.8332,-8.1893,0.10328,0.00469,0.0047,-0.0007,-0.0001,17.95,40.79,149.89
-0.8311,-0.6066,5.80717,0.00886,0.0085,-0.0006,0.0025,43.86,26.07,208.22
-0.8186,-8.4149,0.05188,0.00416,0.0042,-0.0003,0.0,15.77,36.46,151.97
-0.7983,0.5001,5.838,0.00946,0.0091,0.0003,0.0025,47.02,22.12,211.39
-0.7944,1.7637,5.33844,0.00888,0.0086,0.0008,0.0019,47.32,42.15,207.29
-0.7899,4.1429,3.29194,0.00904,0.0089,0.0004,0.0017,40.68,62.85,176.46
-0.787,-8.78,0.00717,0.0042,0.0042,0.0001,0.0,15.31,28.41,151.53
-0.7798,2.2666,5.00708,0.00925,0.0091,0.001,0.0014,49.48,47.4,200.91
-0.7757,-2.0497,5.1622,0.01026,0.01,-0.0015,0.0018,49.48,43.65,185.86
-0.7646,1.8586,5.2894,0.00852,0.0083,0.0008,0.0018,39.69,45.45,203.21
-0.7644,8.7913,0.00696,0.00383,0.0038,0.0001,0.0,11.95,28.73,148.9
-0.7506,-1.3467,5.57474,0.00994,0.0097,-0.0011,0.0019,49.53,37.17,198.53
-0.72,-6.5013,1.03073,0.00802,0.008,-0.0003,0.0004,33.59,58.78,146.48
-0.7104,0.9394,5.74829,0.00895,0.0087,0.0007,0.0019,46.08,28.39,214.61
-0.6953,3.3255,4.12226,0.00837,0.0083,0.0008,0.0011,39.65,58.7,190.56
-0.6939,-5.8982,1.54716,0.00812,0.0081,-0.0001,0.0006,34.19,61.33,145.43
-0.6803,-5.7928,1.64586,0.00844,0.0084,-0.0005,0.0004,35.12,61.1,143.91
-0.6743,-3.3178,4.13424,0.01101,0.0108,-0.0001,0.0024,52.55,58.12,167.54
-0.6653,4.5119,2.93195,0.00829,0.0082,0.0012,-0.0002,37.4,63.72,176.05
-0.657,5.437,1.98809,0.00817,0.0082,0.0004,0.0004,40.43,63.02,168.61
-0.6516,0.2542,5.91026,0.00976,0.0095,0.0007,0.002,42.08,16.91,214.15
-0.6429,0.9164,5.77169,0.00939,0.0092,0.0,0.0021,47.89,26.78,213.28
-0.6241,-0.2482,5.91672,0.00988,0.0097,-0.0001,0.002,49.36,16.69,215.94
-0.6205,-3.4282,4.0413,0.01121,0.011,-0.0003,0.0021,53.91,58.38,168.58
-0.5781,1.6267,5.47031,0.00933,0.0092,0.0005,0.0013,49.4,36.67,211.45
-0.5552,0.0885,5.9409,0.00867,0.0085,0.0004,0.0018,37.38,15.84,214.8
-0.5538,-7.526,0.37215,0.00587,0.0058,-0.0006,-0.0001,19.46,47.33,143.31
-0.5494,-6.3855,1.1363,0.00748,0.0075,-0.0003,0.0003,26.39,58.75,141.92
-0.5486,-4.7653,2.68177,0.00991,0.0099,-0.0002,0.0008,43.97,62.08,152.52
-0.544,-6.5135,1.03395,0.00747,0.0075,-0.0005,0.0001,25.84,57.06,140.68
-0.5436,-1.7884,5.3802,0.0093,0.0092,-0.0003,0.0014,47.15,39.5,200.2
-0.4975,-0.3935,5.92514,0.00896,0.0088,-0.0003,0.0015,45.28,15.11,219.92
-0.4815,8.6402,0.02078,0.0043,0.0043,0.0005,0.0,16.06,32.7,152.19
-0.4794,4.094,3.38677,0.00883,0.0088,0.0004,0.0005,47.33,61.0,184.85
-0.4597,0.5806,5.90021,0.00874,0.0087,0.0002,0.0012,43.63,4.65,220.75
-0.4512,0.3742,5.93575,0.009,0.0089,-0.0001,0.0015,45.61,15.54,219.59
-0.4396,-8.8298,0.00619,0.00409,0.0041,0.0001,0.0,14.93,28.46,151.66
-0.4334,-4.4398,3.03229,0.00954,0.0095,-0.0002,0.0007,43.93,61.27,159.01
-0.4288,-5.2153,2.23125,0.00903,0.009,0.0003,0.001,43.92,64.08,164.58
-0.4222,-7.8777,0.21911,0.00526,0.0053,-0.0003,0.0,17.43,44.05,146.09
-0.4151,2.5636,4.84732,0.00886,0.0088,0.0007,0.0003,49.32,49.93,205.86
-0.3883,0.2761,5.95767,0.00874,0.0087,0.0,0.0011,44.12,10.47,221.13
-0.3879,2.1428,5.17291,0.00894,0.0088,0.0002,0.0013,48.55,45.87,206.49
-0.3602,2.4252,4.96368,0.00878,0.0088,0.0006,0.0003,41.15,49.41,200.12
-0.3351,-12.7808,0.0771,0.016,0.0158,-0.002,0.0,13.34,20.11,84.74
-0.3253,-7.1596,0.58821,0.00655,0.0066,-0.0002,0.0002,27.09,54.78,148.34
-0.3067,-5.5175,1.93977,0.00878,0.0087,0.0005,0.0011,40.49,63.12,156.96
-0.2691,-4.2017,3.29433,0.00934,0.0093,0.0001,0.0009,44.57,60.61,165.5
-0.2562,13.8069,0.1163,0.0147,0.0141,0.0043,0.0001,10.36,37.93,66.2
-0.2475,-0.2446,5.9762,0.0059,0.0059,0.0003,0.0006,30.1,9.02,224.4
-0.2423,-8.3583,0.07371,0.00467,0.0047,-0.0002,0.0,17.58,37.46,149.82
-0.2215,-6.2701,1.25249,0.00789,0.0079,0.0001,0.0004,28.31,58.45,144.7
-0.1878,-0.5559,5.93549,0.00872,0.0087,-0.0002,0.0005,44.58,16.22,221.29
-0.1721,-5.7822,1.6937,0.00849,0.0084,0.0004,0.0008,38.65,62.42,155.65
-0.1547,7.1937,0.57315,0.00567,0.0057,0.0002,0.0001,20.28,55.19,147.04
-0.1463,0.7482,5.89432,0.0082,0.0082,-0.0001,0.0006,36.62,22.69,217.97
-0.1377,0.4827,5.95335,0.00849,0.0085,0.0,0.0005,37.57,16.63,220.01
-0.1336,0.3868,5.96787,0.00818,0.0082,0.0004,0.0002,35.93,11.55,220.79
-0.1161,3.2291,4.28183,0.00829,0.0083,0.0002,0.0003,43.78,56.81,187.57
-0.0994,6.4464,1.11187,0.00698,0.007,0.0001,0.0002,31.51,59.6,157.02
-0.0912,0.7156,5.90473,0.00796,0.008,0.0,0.0002,41.04,17.25,223.12
-0.085,0.6364,5.92342,0.0081,0.0081,0.0002,0.0001,41.63,14.95,223.11
-0.0681,8.355,0.07621,0.00401,0.004,0.0002,0.0,15.16,37.69,150.56
-0.0414,-7.4096,0.45085,0.0058,0.0058,-0.0001,0.0001,20.02,50.6,146.28
-0.0405,-7.008,0.69562,0.0066,0.0066,0.0002,0.0003,27.71,54.43,151.0
-0.038,-6.0775,1.42933,0.00771,0.0077,0.0005,0.0008,35.13,61.6,156.63
-0.0303,2.2566,5.11485,0.00865,0.0086,-0.0004,0.0006,46.57,46.72,203.06
-0.0161,0.1997,5.99262,0.00742,0.0074,0.0,0.0002,37.96,5.45,226.13
0.0036,-8.7246,0.01387,0.00392,0.0039,0.0003,0.0,12.63,32.07,151.58
0.0248,4.4923,3.00695,0.00857,0.0086,-0.0001,-0.0003,42.32,61.88,169.36
0.0388,6.0658,1.43973,0.00707,0.0071,0.0002,-0.0005,31.95,60.59,156.33
0.0519,4.6393,2.85215,0.00809,0.0081,0.0001,-0.0005,39.8,62.23,168.43
0.0556,-2.8399,4.63994,0.0037,0.0037,0.0003,0.0001,20.06,51.88,198.89
0.073,-5.8983,1.5906,0.00748,0.0075,0.0001,-0.0002,29.15,60.83,154.71
0.0844,1.0279,5.8063,0.00742,0.0074,-0.0001,-0.0002,38.76,25.77,219.33
0.0852,-6.4426,1.11561,0.00688,0.0069,0.0001,-0.0002,31.33,60.41,157.53
0.0926,7.9825,0.18604,0.00493,0.0049,0.0001,-0.0001,16.49,46.11,145.31
0.0931,-0.1829,5.9924,0.00738,0.0074,0.0003,-0.0002,37.58,4.51,224.6
0.0951,-3.224,4.28795,0.00822,0.0082,0.0005,0.0,45.05,56.26,194.82
0.1142,-6.071,1.43175,0.00711,0.0071,0.0008,0.0004,28.13,59.82,157.99
0.1168,7.7319,0.28684,0.00518,0.0052,0.0003,-0.0003,17.64,49.61,145.14
0.1524,-4.1879,3.31738,0.00821,0.0082,0.0008,0.0003,44.13,62.18,184.12
0.1541,-2.6376,4.80734,0.00758,0.0076,0.0003,-0.0003,34.89,49.01,196.82
0.1548,-4.2191,3.28466,0.00773,0.0076,0.0011,0.0006,40.93,62.19,181.26
0.1562,5.8826,1.60114,0.00747,0.0075,-0.0003,-0.0001,27.03,63.0,141.73
0.1617,7.3208,0.49741,0.00582,0.0058,-0.0001,-0.0001,19.83,52.37,142.65
0.1715,-2.8476,4.62653,0.00771,0.0077,0.0008,0.0002,43.08,53.85,201.67
0.176,6.0392,1.4568,0.00691,0.0069,-0.0001,-0.0002,24.8,61.93,141.59
0.1821,-2.3219,5.05778,0.00729,0.0072,0.0008,0.0002,40.23,46.29,209.48
0.188,-2.4616,4.94869,0.00731,0.0073,0.0004,-0.0002,39.47,46.8,204.2
0.1899,6.3551,1.18313,0.00719,0.0072,-0.0001,-0.0002,29.99,60.59,144.77
0.1925,7.6557,0.32105,0.0055,0.0055,0.0,-0.0002,18.62,49.46,144.38
0.1943,-2.8413,4.63057,0.00768,0.0076,0.0008,0.0001,43.09,53.72,202.55
0.2001,-7.1369,0.60741,0.00585,0.0059,0.0002,-0.0001,24.84,53.35,154.1
0.2192,3.3849,4.12549,0.00744,0.0074,-0.0004,-0.0001,36.46,58.43,172.26
0.2456,8.1273,0.13562,0.00444,0.0044,0.0002,-0.0001,17.03,42.1,149.29
0.2521,-7.2386,0.54217,0.00581,0.0058,0.0002,-0.0001,20.96,53.26,150.37
0.2667,-8.1437,0.1297,0.00493,0.0049,-0.0001,-0.0001,19.13,41.85,150.64
0.2759,-7.1245,0.61241,0.0061,0.0061,0.0002,-0.0001,22.05,53.03,150.67
0.2819,-0.2716,5.97024,0.00622,0.0062,-0.0001,-0.0006,27.17,8.35,220.55
0.2939,4.7889,2.68056,0.00807,0.0081,-0.0005,-0.0001,37.86,62.52,160.3
0.2993,-2.5396,4.8776,0.00672,0.0067,0.0008,0.0001,37.31,50.92,203.95
0.3188,2.5336,4.88081,0.0078,0.0078,-0.0009,0.0,40.17,49.66,190.89
0.3248,2.9929,4.48506,0.00704,0.0069,-0.0011,0.0004,35.47,54.32,181.21
0.3273,6.4171,1.12467,0.00703,0.007,-0.0003,-0.0002,30.09,59.51,148.94
0.3414,6.966,0.71214,0.00635,0.0064,-0.0002,-0.0002,26.57,56.31,148.61
0.3645,-0.355,5.95189,0.0062,0.0061,-0.0004,-0.001,27.11,13.48,219.05
0.3709,0.3708,5.94863,0.00573,0.0057,-0.0005,-0.0008,29.14,15.73,221.14
0.3755,-1.6647,5.48052,0.00638,0.0063,0.0009,-0.0004,34.44,35.6,217.48
0.3845,3.7109,3.78839,0.00773,0.0077,-0.0008,0.0001,37.72,58.72,170.68
0.434,-2.1787,5.14049,0.00637,0.0063,0.001,-0.0004,34.25,45.27,204.69
0.4437,-1.9307,5.30892,0.00563,0.0056,0.0008,-0.0004,30.67,39.66,214.78
0.444,-8.8878,0.0039,0.00384,0.0038,0.0002,0.0,14.03,28.56,151.71
0.4547,1.4043,5.60924,0.00484,0.0048,-0.0008,-0.0003,24.49,31.59,207.49
0.4586,-1.5116,5.55227,0.00556,0.0055,0.0006,-0.0005,29.88,35.17,216.93
0.4614,1.6018,5.50308,0.00649,0.0064,-0.001,-0.0004,32.94,36.05,203.34
0.4744,-0.0354,5.9578,0.00523,0.0052,0.0,-0.0008,26.38,9.73,221.97
0.4877,-2.2415,5.08545,0.00586,0.0058,0.0009,-0.0004,31.76,47.93,202.9
0.4965,5.9661,1.50202,0.00717,0.0072,-0.0003,-0.0003,29.93,63.12,142.56
0.5557,-2.1387,5.14725,0.00517,0.0051,0.0007,-0.0004,28.38,43.46,211.8
0.5567,-8.8111,0.00669,0.00394,0.0039,0.0002,0.0,14.38,28.38,151.65
0.5611,-5.6622,1.77927,0.00625,0.0062,0.0007,0.0001,30.37,61.85,167.36
0.5754,-3.0449,4.40755,0.00534,0.0053,0.0004,-0.0007,24.87,53.64,193.48
0.5853,3.2292,4.23712,0.00601,0.0059,-0.0008,-0.0005,28.79,56.35,170.0
0.5906,-1.822,5.35113,0.00557,0.0055,0.0009,-0.0005,29.58,41.27,206.73
0.5979,3.9133,3.5596,0.0064,0.0064,-0.0006,-0.0002,30.44,59.88,165.33
0.6017,-7.2728,0.5077,0.00457,0.0046,0.0004,0.0,19.55,51.95,156.37
0.6045,-7.4439,0.41037,0.00486,0.0048,0.0006,0.0001,20.65,51.02,156.42
0.6054,-3.1708,4.2872,0.00556,0.0055,0.0005,-0.0007,25.9,54.05,193.08
0.6183,-14.6892,0.0829,0.0147,0.0146,-0.0018,0.0,12.42,23.04,84.83
0.6254,-3.4925,3.97799,0.00569,0.0056,0.0008,-0.0004,31.22,57.6,194.08
0.627,-3.1363,4.31413,0.00499,0.0049,0.0005,-0.0006,27.55,54.32,199.05
0.6397,-14.4075,0.0826,0.0146,0.0145,-0.0012,0.0,12.24,22.81,84.42
0.6418,-13.0122,0.0805,0.0136,0.0136,0.0006,0.0001,11.23,21.61,83.26
0.6443,-8.4379,0.0502,0.00409,0.0041,0.0003,0.0,15.62,37.64,151.88
0.6452,1.0746,5.71724,0.00442,0.0043,-0.0003,-0.001,19.05,32.55,202.0
0.6614,-13.7451,0.0816,0.0124,0.0124,-0.0003,0.0,10.35,22.26,83.85
0.6654,1.7699,5.36785,0.00528,0.0052,-0.0008,-0.0008,26.32,39.83,195.73
0.6693,-13.3951,0.0811,0.0152,0.0151,0.001,0.0001,12.53,21.95,83.29
0.6871,1.8441,5.31833,0.0051,0.005,-0.0009,-0.0007,25.2,40.13,193.82
0.7379,-1.68,5.40125,0.00409,0.004,0.0007,-0.0007,21.71,39.18,210.1
0.7643,-1.357,5.56606,0.00433,0.0042,0.0008,-0.0007,22.32,36.6,206.04
0.7643,-0.1928,5.88623,0.00326,0.0031,0.0,-0.0009,13.93,20.33,210.12
0.7689,7.0158,0.65671,0.0056,0.0056,-0.0002,-0.0002,22.11,54.84,142.05
0.7765,-5.5437,1.87191,0.00701,0.0069,0.0011,0.0003,33.32,63.11,161.8
0.7892,3.3823,4.04699,0.00518,0.0051,-0.0004,-0.0008,24.02,56.95,163.97
0.7964,-6.8409,0.77261,0.00589,0.0058,0.0009,0.0002,25.76,56.89,154.74
0.83,0.9626,5.70896,0.00348,0.0033,-0.0002,-0.001,17.23,30.57,203.93
0.8307,4.1544,3.27075,0.00609,0.006,-0.0004,-0.001,26.84,61.09,151.81
0.8351,-0.9299,5.71841,0.00387,0.0037,0.0004,-0.0011,18.29,5.68,208.07
0.8421,6.6721,0.88964,0.0063,0.0062,-0.0009,0.0001,25.74,58.18,143.53
0.8536,-1.9121,5.22965,0.00393,0.0038,0.0009,-0.0005,20.19,44.62,196.11
0.8558,3.4645,3.9513,0.00493,0.0049,-0.0006,-0.0007,22.53,58.19,160.46
0.8583,-0.5357,5.81406,0.00289,0.0027,-0.0001,-0.0009,14.5,25.31,212.06
0.8592,-1.0223,5.67876,0.00333,0.0032,0.0005,-0.0008,16.81,31.83,206.59
0.8619,-0.9973,5.68656,0.00312,0.003,0.0002,-0.0009,15.84,30.55,209.77
0.8699,5.2805,2.11919,0.00714,0.0071,-0.0008,-0.0001,24.42,64.09,133.21
0.8703,6.8494,0.76122,0.00581,0.0058,-0.0005,-0.0001,23.58,56.06,144.43
0.8731,-1.5046,5.46323,0.0035,0.0034,0.0005,-0.0008,17.83,37.19,202.74
0.8731,0.8139,5.74188,0.00315,0.003,-0.0002,-0.0008,15.53,26.2,206.42
0.8894,-0.1123,5.85267,0.00246,0.0024,0.0,-0.0008,12.17,21.16,211.45
0.8946,5.8259,1.59313,0.00678,0.0067,-0.0011,0.0002,26.66,62.93,134.37
0.9081,8.5945,0.02226,0.00386,0.0038,-0.0005,0.0,14.22,32.61,150.2
0.9153,-3.5285,3.87425,0.00493,0.0049,0.0006,-0.0007,25.42,59.51,179.51
0.916,-0.4885,5.80396,0.00259,0.0025,0.0,-0.0008,12.73,26.13,206.11
0.9167,-3.8571,3.55053,0.00563,0.0055,0.0007,-0.0007,28.58,60.89,175.18
0.9168,-1.4301,5.4853,0.0029,0.0028,0.0006,-0.0006,14.83,35.6,206.02
0.9352,-5.9069,1.51427,0.00523,0.0051,0.001,0.0003,24.28,62.73,158.44
0.9493,1.1139,5.61602,0.00252,0.0024,-0.0003,-0.0007,12.24,33.01,198.57
0.9498,5.5301,1.86473,0.00709,0.007,-0.0012,0.0003,23.43,63.56,129.01
0.9571,1.0412,5.63963,0.00223,0.0021,-0.0005,-0.0005,10.91,32.82,199.44
0.9706,4.2891,3.10038,0.00608,0.006,-0.0004,-0.0011,20.84,63.12,134.28
0.9713,4.4361,2.95088,0.00621,0.0061,-0.0005,-0.001,21.0,63.52,132.04
0.989,-2.6263,4.67069,0.00325,0.0031,0.0006,-0.0006,16.45,53.31,183.48
0.9952,0.6651,5.74034,0.00206,0.002,-0.0002,-0.0006,10.05,27.62,204.12
0.9988,2.2086,4.98405,0.0029,0.0028,-0.0006,-0.0005,13.58,47.07,176.41
1.0118,-6.1909,1.25691,0.00609,0.006,0.001,0.0002,27.47,60.07,156.37
1.0127,-1.7366,5.2906,0.00244,0.0023,0.0004,-0.0006,12.61,42.69,200.73
1.0224,1.5203,5.40381,0.00236,0.0022,-0.0004,-0.0006,11.23,41.33,186.09
1.0227,7.9285,0.17813,0.00453,0.0045,-0.0005,0.0,17.53,44.98,147.42
1.0392,5.8992,1.5093,0.00608,0.006,-0.0009,-0.0001,24.66,61.81,139.06
1.0424,7.4793,0.37175,0.00533,0.0053,-0.0008,0.0001,17.2,49.25,137.82
1.0538,-0.0006,5.79841,0.00182,0.0017,-0.0002,-0.0007,8.85,25.9,203.75
1.0615,-9.3041,0.0749,0.0136,0.0135,0.0016,0.0,10.07,22.68,82.08
1.0753,8.5552,0.02552,0.00353,0.0035,-0.0004,0.0,11.09,33.68,146.44
1.108,4.39,2.96269,0.00515,0.005,-0.0003,-0.0011,21.84,61.91,145.47
1.1098,-8.5756,0.02145,0.00381,0.0038,0.0006,0.0,12.35,31.89,152.42
1.1314,-9.5419,0.0757,0.0147,0.0146,0.0012,0.0,10.86,23.05,81.82
1.1901,-9.8816,0.0767,0.0134,0.0133,0.0016,0.0,9.92,23.51,81.9
1.1957,6.84,0.74093,0.00567,0.0056,-0.0007,0.0,21.68,57.29,135.5
1.201,7.2754,0.47004,0.00538,0.0053,-0.0008,0.0001,20.9,51.25,142.45
1.2028,6.4955,0.98728,0.00616,0.0061,-0.0006,-0.0006,19.66,59.16,127.76
1.2299,3.6423,3.67668,0.00288,0.0028,-0.0001,-0.0008,11.9,61.04,143.04
1.2638,-3.4742,3.82958,0.00243,0.0023,0.0001,-0.0007,12.59,57.97,182.48
1.3005,5.5516,1.76915,0.00664,0.0065,-0.0009,-0.0007,24.22,63.61,124.2
1.3205,3.7338,3.56023,0.00265,0.0025,0.0001,-0.0008,10.84,61.33,141.15
1.3612,4.6798,2.6011,0.00474,0.0046,-0.0003,-0.001,19.09,62.73,137.36
1.363,-10.6001,0.0787,0.0143,0.0143,-0.0009,0.0,10.56,24.52,81.27
1.3708,-6.8815,0.68762,0.00529,0.0052,0.0012,0.0,21.79,54.34,148.21
1.3809,8.3989,0.04354,0.00391,0.0039,-0.0004,0.0,14.34,32.27,149.61
1.3846,-5.1806,2.09984,0.00483,0.0048,0.0007,-0.0006,20.38,61.86,166.36
1.385,-3.2739,3.96591,0.00166,0.0015,-0.0001,-0.0007,8.14,57.6,173.21
1.3882,-10.9853,0.0796,0.0142,0.014,0.0019,0.0,10.55,24.99,81.81
1.3912,-4.8964,2.37675,0.00523,0.0051,0.001,-0.0004,23.41,63.5,151.97
1.4146,8.1827,0.08864,0.00399,0.004,-0.0005,0.0,12.56,37.6,143.87
1.4147,-4.9163,2.3507,0.00497,0.0049,0.0007,-0.0007,22.91,63.54,156.53
1.4677,-7.9763,0.14412,0.00418,0.0042,0.0003,-0.0002,14.05,40.13,151.61
1.4693,6.0364,1.30178,0.00643,0.0063,-0.0012,-0.0004,24.58,60.88,131.91
1.4813,5.7913,1.51022,0.0063,0.0062,-0.0004,-0.001,19.7,63.13,122.39
1.5095,-5.2163,2.0331,0.00517,0.0051,0.0006,-0.0008,23.66,63.67,155.16
1.5168,-5.2474,2.00121,0.00551,0.0054,0.0009,-0.0006,24.35,63.74,149.73
1.5444,-3.8639,3.34916,0.0024,0.0022,-0.0001,-0.001,11.43,61.76,163.43
1.5609,10.7418,0.0794,0.0142,0.0141,-0.0017,0.0,11.4,21.65,80.9
1.5609,-10.7418,0.0794,0.0142,0.0141,0.0017,0.0,11.4,21.65,80.9
1.568,6.7053,0.77372,0.0054,0.0053,-0.0004,-0.0006,17.06,57.22,128.38
1.5719,-8.4744,0.02741,0.00379,0.0038,0.0005,-0.0001,14.11,33.27,151.32
1.5839,-7.7508,0.21222,0.00438,0.0044,0.0004,-0.0002,15.12,44.05,152.12
1.5916,-5.5482,1.70167,0.00547,0.0054,0.0008,-0.0007,24.5,62.23,153.16
1.6025,7.3167,0.40273,0.00502,0.005,-0.0007,-0.0003,19.33,51.47,141.05
1.6152,-4.7457,2.46041,0.00326,0.0032,0.0004,-0.0006,16.08,61.88,169.66
1.6228,-4.8934,2.31472,0.00353,0.0035,0.0004,-0.0007,14.98,61.88,167.45
1.6514,-6.3349,1.02583,0.00475,0.0047,0.0007,-0.0004,21.42,57.35,159.63
1.6609,-5.8751,1.39599,0.00535,0.0053,0.0007,-0.0006,23.38,61.49,150.3
1.6736,4.2873,2.8894,0.00255,0.0022,0.0003,-0.0012,9.28,63.39,124.14
1.6945,-6.4991,0.89446,0.0045,0.0044,0.001,-0.0001,19.74,57.71,154.99
1.714,-6.1753,1.13668,0.00526,0.0052,0.0006,-0.0006,22.8,60.28,150.27
1.7233,8.0654,0.10032,0.00377,0.0038,-0.0004,-0.0001,14.1,42.24,145.33
1.7306,5.2217,1.96708,0.0047,0.0045,-0.0001,-0.0012,17.03,63.24,123.67
1.7387,5.5176,1.69136,0.00516,0.0051,-0.0007,-0.0007,19.48,61.34,129.97
1.7503,5.0492,2.1261,0.00426,0.0041,0.0001,-0.0013,13.23,63.97,120.56
1.779,1.607,5.00575,0.00039,-0.0001,-0.0003,0.0002,6.8,48.48,166.73
1.7891,1.3787,5.11191,0.00061,0.0001,-0.0006,0.0002,13.27,46.41,183.04
1.7937,-4.4533,2.68037,0.00252,0.0024,0.0001,-0.0009,11.03,63.43,149.0
1.8053,0.5854,5.36232,0.0004,0.0,-0.0004,0.0001,9.44,39.88,209.15
1.8359,6.6419,0.76916,0.00552,0.0054,-0.0011,-0.0002,19.8,57.27,127.05
1.8414,1.0054,5.2284,0.0004,-0.0002,-0.0003,0.0002,7.49,44.5,182.44
1.8479,8.2469,0.05338,0.00383,0.0038,-0.0004,-0.0001,14.24,36.78,148.42
1.8567,-0.975,5.22817,0.00026,0.0001,0.0002,0.0,5.48,43.41,183.0
1.8657,1.9534,4.7584,0.00038,-0.0002,-0.0003,0.0002,6.27,51.4,154.08
1.8793,2.0993,4.65941,0.00044,-0.0001,-0.0003,0.0003,8.24,52.25,153.3
1.8813,-9.478,0.0774,0.0073,0.0072,0.0013,0.0,29.61,18.39,94.43
1.8831,0.0966,5.37001,0.00025,0.0,-0.0002,0.0,5.85,39.94,204.68
1.8837,0.5939,5.31237,0.00034,0.0,-0.0003,0.0001,6.9,40.98,201.76
1.8888,0.275,5.35603,0.00026,-0.0001,-0.0002,0.0001,5.83,40.44,196.16
1.9158,-1.3963,5.02545,0.0003,0.0001,0.0003,0.0001,6.16,46.72,170.96
1.9219,1.8361,4.79445,0.00047,-0.0001,-0.0004,0.0003,9.36,49.7,162.9
1.9411,-4.6464,2.43565,0.00217,0.002,0.0001,-0.0007,8.69,61.63,158.0
1.9472,2.2953,4.48991,0.00032,-0.0002,-0.0001,0.0002,4.79,55.59,138.73
1.9648,-1.21,5.07574,0.0003,0.0001,0.0003,0.0,5.33,46.24,169.48
1.9659,7.4742,0.28415,0.00458,0.0045,-0.001,-0.0001,17.24,48.36,140.49
1.9752,0.9452,5.16146,0.00051,-0.0001,-0.0005,0.0002,11.47,43.75,192.51
1.9774,-1.8177,4.77197,0.0003,-0.0001,0.0002,0.0002,4.91,49.28,155.42
1.9916,-2.2502,4.49248,0.00026,-0.0001,0.0001,0.0002,4.71,54.95,145.96
2.0278,2.5246,4.27687,0.00035,-0.0002,-0.0002,0.0002,6.06,56.34,137.27
2.0511,7.5826,0.23178,0.00439,0.0043,-0.0007,-0.0002,13.77,45.79,136.69
2.0581,2.1431,4.5207,0.00044,-0.0001,-0.0003,0.0003,8.08,54.18,148.69
2.0713,2.7445,4.08075,0.00033,-0.0002,-0.0002,0.0002,5.73,56.75,135.62
2.0722,0.6904,5.16667,0.00035,-0.0001,-0.0003,0.0001,8.05,43.8,196.5
2.0908,7.9381,0.10931,0.00384,0.0038,-0.0003,-0.0002,14.24,42.16,144.21
2.1022,7.6724,0.19218,0.00419,0.0041,-0.0009,-0.0001,13.19,46.0,137.21
2.1022,-1.8668,4.66511,0.0003,-0.0001,0.0002,0.0002,5.49,52.01,149.53
2.1042,1.7007,4.7572,0.00051,-0.0001,-0.0004,0.0003,10.41,51.12,166.58
2.1054,-5.9899,1.19381,0.00429,0.0042,0.0011,-0.0002,18.62,58.84,152.04
2.1406,1.2738,4.93403,0.00051,-0.0002,-0.0004,0.0003,10.59,48.52,173.92
2.1799,0.7271,5.08276,0.0004,-0.0001,-0.0004,0.0002,9.05,47.41,190.46
2.1801,-10.3903,0.0803,0.0071,0.0071,0.0006,0.0,28.63,19.68,93.97
2.1816,0.3306,5.15118,0.00021,-0.0001,-0.0002,0.0001,3.9,44.42,185.64
2.1818,-2.6952,4.05531,0.00027,-0.0002,0.0,0.0001,5.16,57.76,150.3
2.1839,3.7217,3.19197,0.00024,0.0001,0.0001,-0.0002,3.68,61.29,116.52
2.1915,-1.5092,4.79166,0.00032,-0.0001,0.0002,0.0002,6.26,50.46,160.81
2.1953,3.0568,3.75526,0.00036,-0.0003,0.0,0.0002,6.07,59.18,130.45
2.1982,-1.4003,4.83799,0.00025,-0.0001,0.0002,0.0002,4.97,49.44,165.45
2.2139,-2.5809,4.12169,0.00034,-0.0002,0.0001,0.0002,5.97,57.42,137.8
2.2308,-2.2808,4.31841,0.00045,-0.0003,0.0002,0.0003,7.97,55.53,141.54
2.2313,5.6387,1.43725,0.00424,0.0041,-0.0008,-0.0008,14.77,60.44,120.46
2.2317,-8.2663,0.03377,0.00335,0.0033,0.0006,0.0,12.62,31.97,154.44
2.243,-1.8289,4.59284,0.0003,-0.0001,0.0002,0.0002,5.64,52.38,152.68
2.2523,8.142,0.0532,0.0036,0.0036,-0.0004,-0.0001,13.34,36.75,148.17
2.2532,1.9871,4.49323,0.00058,-0.0002,-0.0004,0.0004,10.79,54.08,149.38
2.2651,0.8783,4.98151,0.00044,-0.0002,-0.0004,0.0002,8.19,48.08,177.0
2.2692,1.3269,4.82198,0.00059,-0.0002,-0.0005,0.0003,12.29,49.6,172.83
2.2735,4.0337,2.86203,0.00058,0.0003,0.0003,-0.0004,8.88,62.0,116.15
2.2773,1.3613,4.80089,0.00049,-0.0001,-0.0004,0.0003,8.83,50.98,168.75
2.2814,1.2393,4.84717,0.00051,-0.0001,-0.0004,0.0003,10.97,50.56,177.9
2.2889,-0.3823,5.0667,0.00023,-0.0002,-0.0001,0.0001,4.66,46.93,173.39
2.2977,3.309,3.48328,0.00038,-0.0003,0.0,0.0002,6.07,60.38,123.95
2.3022,-5.2641,1.72696,0.00272,0.0026,0.0003,-0.0008,11.91,62.02,150.4
2.3184,3.2221,3.54453,0.00032,-0.0003,0.0,0.0002,5.0,61.16,120.49
2.3231,-7.0342,0.44758,0.00402,0.0038,0.0012,0.0,14.09,50.56,148.5
2.3256,1.9508,4.46699,0.00058,-0.0002,-0.0004,0.0004,10.78,54.16,149.36
2.3262,2.5441,4.07283,0.00051,-0.0003,-0.0003,0.0004,8.73,56.74,134.75
2.3517,-7.1282,0.39444,0.00423,0.0041,0.0012,0.0,14.6,47.15,149.31
2.3624,-7.2978,0.31386,0.00416,0.004,0.001,-0.0001,16.3,48.99,145.79
2.3691,-5.5543,1.457,0.00331,0.0032,0.0004,-0.0008,14.1,60.04,148.33
2.382,0.294,5.00313,0.00029,-0.0001,-0.0003,0.0001,5.43,47.49,182.9
2.3879,-7.291,0.31374,0.00388,0.0038,0.0008,-0.0001,13.51,47.51,150.35
2.3933,-0.1031,5.00707,0.00026,-0.0001,-0.0002,0.0001,5.8,47.32,187.97
2.4155,-0.1836,4.98527,0.0003,-0.0002,-0.0002,0.0001,5.32,47.28,168.84
2.4223,-2.8448,3.78848,0.00037,-0.0002,0.0001,0.0003,5.46,57.96,134.71
2.4305,-7.359,0.27791,0.00432,0.0042,0.001,-0.0001,16.62,45.14,146.63
2.4308,2.546,3.99996,0.00045,-0.0002,-0.0002,0.0003,6.36,59.3,125.62
2.4453,-4.9611,1.93407,0.00207,0.0019,-0.0001,-0.0009,8.59,62.77,141.5
2.4511,0.5389,4.91726,0.00041,-0.0002,-0.0003,0.0002,9.06,49.35,183.75
2.4572,-2.1702,4.23807,0.00031,-0.0002,0.0002,0.0002,5.41,56.01,139.18
2.4629,4.1924,2.62053,0.00055,0.0003,0.0003,-0.0004,7.79,63.8,107.01
2.4657,0.4039,4.92812,0.00041,-0.0002,-0.0003,0.0002,9.04,47.44,184.56
2.4968,-5.3558,1.57312,0.00257,0.0024,0.0001,-0.0009,9.8,60.9,150.64
2.5189,-2.3758,4.05691,0.00046,-0.0003,0.0002,0.0003,7.85,57.61,133.64
2.534,-3.1524,3.4711,0.00032,-0.0003,0.0,0.0002,5.66,61.28,137.47
2.539,6.8207,0.52573,0.0045,0.0044,-0.0008,-0.0006,13.44,52.12,125.28
2.5493,6.0033,1.04662,0.00385,0.0037,-0.0001,-0.0011,13.09,58.78,119.26
2.5636,1.2447,4.62891,0.00048,-0.0002,-0.0003,0.0003,9.64,53.36,164.32
2.5802,4.2193,2.5304,0.00038,0.0002,0.0002,-0.0003,5.44,62.71,108.96
2.5953,-0.3491,4.82767,0.00027,-0.0002,-0.0002,0.0001,5.34,49.95,165.99
2.6079,3.0142,3.53298,0.00041,-0.0002,-0.0002,0.0003,6.27,61.02,117.68
2.6263,-0.4323,4.79381,0.00025,-0.0001,-0.0002,0.0001,5.09,50.18,169.52
2.6431,1.2799,4.55169,0.0005,-0.0002,-0.0003,0.0003,9.93,52.65,161.02
2.6432,-0.3984,4.78339,0.00031,-0.0002,-0.0002,0.0002,6.06,50.13,162.02
2.6545,-2.4618,3.90049,0.00039,-0.0002,0.0002,0.0003,6.61,57.96,132.91
2.6547,-3.4365,3.1585,0.00029,-0.0003,0.0,0.0001,4.83,62.24,127.52
2.6561,-1.454,4.47188,0.00031,-0.0002,0.0001,0.0002,5.53,54.73,142.08
2.6607,2.379,3.95246,0.00056,-0.0003,-0.0003,0.0004,9.29,58.02,130.08
2.6719,0.9531,4.64432,0.00042,-0.0002,-0.0003,0.0003,7.11,53.0,158.07
2.6735,-8.248,0.01907,0.00357,0.0035,0.0007,0.0,13.43,32.22,154.3
2.6798,2.3837,3.93542,0.00056,-0.0003,-0.0003,0.0004,9.36,58.07,130.47
2.6844,8.0262,0.05156,0.00281,0.0028,-0.0003,-0.0001,10.39,36.77,147.94
2.6891,5.874,1.09418,0.00372,0.0036,-0.0003,-0.001,13.14,59.47,122.92
2.6975,-5.1386,1.67471,0.00205,0.0018,-0.0003,-0.001,7.26,60.7,140.25
2.7009,1.8407,4.24463,0.00052,-0.0003,-0.0003,0.0004,9.29,56.25,141.71
2.702,-0.059,4.75885,0.00031,-0.0002,-0.0002,0.0001,6.39,50.2,168.81
2.7035,3.1455,3.36564,0.00048,-0.0003,-0.0001,0.0003,7.32,60.63,116.68
2.7059,6.61,0.60264,0.00442,0.0042,-0.0014,-0.0003,15.53,53.66,126.84
2.7117,8.3941,0.00657,0.0033,0.0033,-0.0005,0.0,11.96,27.5,151.15
2.7263,0.2237,4.72882,0.00033,-0.0002,-0.0002,0.0002,5.51,50.56,156.98
2.7434,-0.2487,4.71219,0.00033,-0.0002,-0.0001,0.0002,5.28,52.25,148.64
2.7564,-7.1269,0.32957,0.00431,0.0042,0.001,-0.0004,16.6,48.84,143.31
2.7606,0.3816,4.68543,0.00036,-0.0002,-0.0003,0.0002,7.56,52.26,173.26
2.7642,-1.9442,4.13707,0.00036,-0.0003,0.0001,0.0003,5.43,56.18,135.7
2.7658,0.7835,4.60677,0.00038,-0.0002,-0.0002,0.0002,7.6,53.18,160.37
2.7716,1.3158,4.43204,0.00045,-0.0002,-0.0002,0.0003,7.12,55.32,145.84
2.7806,0.2201,4.68193,0.00032,-0.0002,-0.0002,0.0002,6.35,52.26,161.5
2.7903,1.607,4.29638,0.00049,-0.0003,-0.0003,0.0003,7.59,55.76,140.25
2.7909,6.7468,0.50577,0.00431,0.0042,-0.001,-0.0004,15.36,51.0,131.01
2.7952,-3.1624,3.28771,0.00041,-0.0003,0.0001,0.0003,6.47,61.6,119.77
2.8002,2.1912,3.96648,0.00057,-0.0003,-0.0003,0.0004,9.19,59.13,126.46
2.805,6.3119,0.75792,0.00424,0.0041,-0.0009,-0.0006,12.23,57.28,117.19
2.833,9.0034,0.1101,0.0108,0.0101,-0.0038,0.0,7.61,25.51,77.33
2.8478,-2.4619,3.759,0.0006,-0.0004,0.0002,0.0004,9.66,59.92,125.74
2.8512,-2.282,3.87118,0.00041,-0.0003,0.0002,0.0003,5.89,57.85,129.65
2.8698,-6.1339,0.85419,0.00343,0.0033,0.0007,-0.0006,11.96,55.18,143.4
2.8713,6.889,0.41773,0.00419,0.0041,-0.0008,-0.0005,15.27,51.35,133.78
2.873,2.9212,3.41195,0.00044,-0.0003,-0.0001,0.0003,5.29,61.84,106.5
2.8831,6.4316,0.66244,0.00409,0.004,-0.0006,-0.0007,12.03,54.67,121.39
2.884,-7.9872,0.04736,0.00383,0.0038,0.0007,-0.0001,14.42,37.57,149.64
2.8855,-1.126,4.40782,0.00032,-0.0002,0.0,0.0002,4.52,54.23,132.24
2.8934,7.4696,0.17603,0.00396,0.0039,-0.0008,-0.0003,14.29,40.65,141.1
2.9001,1.8554,4.07675,0.00047,-0.0003,-0.0002,0.0003,6.82,57.94,132.03
2.9104,-6.2467,0.76858,0.00367,0.0035,0.001,-0.0004,12.69,55.4,142.07
2.9197,-6.3784,0.68396,0.00407,0.0039,0.0012,-0.0003,15.39,54.19,136.3
2.9374,-6.2399,0.76491,0.00338,0.0033,0.0007,-0.0005,13.73,55.74,145.36
2.9525,-0.7403,4.45411,0.00039,-0.0003,-0.0002,0.0002,7.07,54.62,144.92
2.9584,4.7247,1.89473,0.00082,0.0005,0.0003,-0.0005,9.71,63.22,103.78
2.9605,4.7926,1.83873,0.00096,0.0007,0.0003,-0.0006,14.12,62.07,112.13
2.9696,-9.1543,0.08,0.0133,0.013,0.0031,0.0,9.78,24.84,80.64
2.9761,-4.2567,2.27131,0.00042,0.0002,-0.0002,-0.0003,5.93,63.45,107.55
2.9776,-1.3033,4.26244,0.00034,-0.0003,-0.0001,0.0002,5.75,54.94,136.54
2.978,3.2773,3.06918,0.00038,-0.0002,-0.0002,0.0003,4.66,62.82,106.36
2.9841,-1.6275,4.12123,0.00041,-0.0003,0.0001,0.0003,5.91,56.42,130.51
2.9863,-6.5876,0.54444,0.0036,0.0033,0.0013,-0.0001,14.16,53.52,142.75
2.9891,1.7588,4.05592,0.00046,-0.0003,-0.0002,0.0003,7.74,57.96,131.81
3.0032,4.5547,2.00859,0.00052,0.0003,0.0002,-0.0004,7.12,63.96,104.04
3.0096,2.8063,3.39471,0.00047,-0.0003,-0.0002,0.0003,5.88,61.87,109.33
3.0331,2.234,3.75161,0.00056,-0.0003,-0.0002,0.0004,8.8,59.18,123.09
3.0374,-6.9252,0.36567,0.00348,0.0034,0.0009,-0.0003,13.62,47.59,147.41
3.0421,1.2906,4.21073,0.00047,-0.0003,-0.0002,0.0003,8.34,56.36,141.0
3.0529,1.6405,4.05577,0.00043,-0.0003,-0.0002,0.0003,6.25,57.79,129.84
3.06,1.7546,3.99831,0.00051,-0.0003,-0.0002,0.0004,8.56,57.85,131.9
3.0653,-7.8738,0.05488,0.00316,0.0031,0.0006,-0.0001,10.32,36.08,150.68
3.0729,-1.4068,4.13708,0.00037,-0.0003,0.0,0.0002,5.07,56.35,125.89
3.0924,3.726,2.64191,0.00041,-0.0004,0.0001,0.0002,5.92,62.43,109.22
3.1071,-1.1508,4.20643,0.00043,-0.0003,-0.0001,0.0003,7.02,56.85,129.95
3.1162,-4.5374,1.95948,0.00053,0.0004,-0.0002,-0.0003,8.08,62.61,117.03
3.1167,-3.2362,2.99904,0.00043,-0.0003,0.0001,0.0003,6.55,62.47,115.84
3.119,-8.2529,0.00665,0.00305,0.003,0.0007,0.0,11.24,27.13,154.42
3.1192,3.5152,2.78685,0.00039,-0.0003,0.0,0.0002,4.58,63.43,102.52
3.1215,2.4875,3.52578,0.00035,-0.0002,-0.0001,0.0003,5.17,60.87,114.18
3.156,2.5076,3.48475,0.00048,-0.0003,-0.0002,0.0004,6.01,61.46,109.63
3.1642,-2.5023,3.48118,0.00057,-0.0004,0.0001,0.0004,8.53,60.99,115.92
3.1644,4.9542,1.60417,0.00101,0.0007,0.0004,-0.0006,12.03,62.72,104.36
3.1778,1.2942,4.08868,0.00043,-0.0003,-0.0002,0.0003,7.22,57.65,132.21
3.1808,3.6499,2.64011,0.00038,-0.0003,0.0,0.0002,5.09,63.59,102.41
3.1992,9.185,0.1115,0.0113,0.0107,-0.0038,0.0,7.94,26.11,76.61
3.2086,5.0147,1.53391,0.00108,0.0008,0.0003,-0.0006,15.87,61.64,112.57
3.2113,-7.4016,0.15484,0.00344,0.0033,0.001,-0.0002,13.14,40.47,149.95
3.2141,-0.8466,4.19107,0.0004,-0.0003,-0.0001,0.0002,6.73,56.77,134.07
3.2265,-1.9041,3.77843,0.0005,-0.0004,0.0,0.0003,6.83,58.08,123.13
3.2598,-7.7559,0.06124,0.00369,0.0036,0.0008,-0.0002,13.73,37.36,147.97
3.2614,-9.7828,0.0821,0.012,0.0118,0.0022,0.0,8.78,25.78,80.04
3.2929,-1.721,3.80578,0.00043,-0.0003,-0.0001,0.0003,5.82,58.16,122.82
3.3101,-4.7934,1.65157,0.00095,0.0007,-0.0002,-0.0006,14.92,62.16,120.19
3.3412,1.5058,3.85493,0.00048,-0.0003,-0.0001,0.0003,6.26,59.19,115.51
3.3413,1.5059,3.85479,0.00049,-0.0003,-0.0001,0.0004,6.34,59.19,115.18
3.3441,7.4237,0.12973,0.00366,0.0035,-0.0011,-0.0002,13.16,40.97,140.43
3.3504,2.3678,3.40644,0.00058,-0.0004,-0.0001,0.0004,7.72,61.63,102.17
3.3509,0.9044,4.04829,0.00033,-0.0002,-0.0001,0.0002,5.57,57.58,134.09
3.3595,5.3523,1.21445,0.00198,0.0017,0.0003,-0.001,24.04,60.35,107.83
3.3722,9.5881,0.1136,0.0123,0.0108,-0.0059,0.0,8.61,26.7,76.43
3.3857,6.931,0.29125,0.00358,0.0035,-0.0006,-0.0004,12.98,48.23,135.75
3.3981,7.7705,0.04691,0.00326,0.0032,-0.0006,-0.0001,10.22,37.88,143.09
3.403,5.3275,1.21214,0.00161,0.0014,0.0002,-0.0008,23.69,59.17,114.37
3.4109,1.2804,3.88179,0.00051,-0.0004,-0.0001,0.0004,7.76,58.21,118.76
3.4174,-4.7036,1.66243,0.0006,0.0005,-0.0001,-0.0003,8.67,60.76,127.48
3.4323,-10.1266,0.0834,0.0114,0.0111,0.0025,0.0,8.31,26.29,80.0
3.4378,3.5366,2.54,0.00047,-0.0004,-0.0001,0.0003,6.45,62.65,103.86
3.4654,-1.2302,3.84809,0.0005,-0.0004,-0.0001,0.0003,7.85,58.68,123.21
3.481,2.7847,3.04094,0.00058,-0.0004,-0.0001,0.0004,7.72,61.63,102.47
3.4966,-10.4754,0.0843,0.0116,0.0115,0.0013,0.0,8.47,26.71,79.69
3.5006,5.0917,1.33094,0.00107,0.0009,0.0001,-0.0005,14.89,61.79,106.75
3.5032,3.3404,2.6357,0.00052,-0.0004,0.0,0.0003,6.92,63.6,102.06
3.5053,-5.1324,1.29918,0.00123,0.001,-0.0002,-0.0007,19.78,61.47,123.58
3.5452,-1.0592,3.81995,0.00045,-0.0003,-0.0002,0.0003,6.34,58.36,126.49
3.5704,-0.1842,3.94569,0.00034,-0.0002,-0.0001,0.0002,4.86,58.26,127.62
3.5794,-0.7764,3.85888,0.00044,-0.0003,-0.0002,0.0002,7.64,58.7,135.53
3.5809,2.1182,3.35263,0.0006,-0.0004,-0.0001,0.0004,8.25,60.69,105.67
3.6282,9.8825,0.1155,0.0123,0.0104,-0.0065,0.0,8.6,27.28,76.3
3.6289,-1.758,3.4799,0.0006,-0.0005,-0.0001,0.0004,8.61,60.88,111.42
3.6418,-0.6603,3.82425,0.00044,-0.0003,-0.0001,0.0003,6.1,58.41,123.88
3.6475,14.3875,0.091,0.0132,0.0131,-0.0015,0.0,10.79,26.91,81.01
3.6475,-14.3875,0.091,0.0132,0.0131,0.0015,0.0,10.79,26.91,81.01
3.6615,0.2874,3.84655,0.00037,-0.0003,0.0,0.0003,4.62,58.76,111.63
3.6681,3.398,2.47089,0.00052,-0.0004,0.0,0.0003,6.05,63.33,100.8
3.6864,9.165,0.1124,0.0063,0.0061,-0.0014,0.0,24.02,16.97,89.91
3.6895,14.088,0.091,0.0133,0.0133,-0.0008,0.0,10.9,26.76,81.11
3.6895,-14.088,0.091,0.0133,0.0133,0.0008,0.0,10.9,26.76,81.11
3.7121,5.7811,0.78541,0.00225,0.0021,-0.0002,-0.0007,27.92,57.11,112.53
3.7197,-6.1236,0.59245,0.00279,0.0026,0.0007,-0.0005,10.56,53.37,137.33
3.7256,2.6826,2.89624,0.00059,-0.0004,0.0,0.0004,6.91,62.98,101.66
3.7263,2.3527,3.09106,0.00059,-0.0004,0.0,0.0004,6.94,62.58,102.71
3.728,11.8646,0.0891,0.0118,0.0118,-0.0008,0.0,9.49,25.57,79.97
3.728,-11.8646,0.0891,0.0118,0.0118,0.0008,0.0,9.49,25.57,79.97
3.7288,11.539,0.0882,0.0134,0.0133,-0.0012,0.0,10.7,25.42,79.79
3.7288,-11.539,0.0882,0.0134,0.0133,0.0012,0.0,10.7,25.42,79.79
3.7363,6.85,0.25639,0.00334,0.0033,-0.0005,-0.0004,10.09,45.57,131.85
3.7419,13.7838,0.091,0.0122,0.0122,-0.0007,0.0,9.97,26.63,80.86
3.7419,-13.7838,0.091,0.0122,0.0122,0.0007,0.0,9.97,26.63,80.86
3.7612,9.5795,0.1144,0.007,0.0068,-0.0015,0.0,26.66,17.67,89.86
3.7794,1.9579,3.24815,0.00062,-0.0004,-0.0001,0.0004,7.17,62.03,101.71
3.7796,13.4892,0.0909,0.0125,0.0124,-0.0015,0.0,10.14,26.49,80.51
3.7796,-13.4892,0.0909,0.0125,0.0124,0.0015,0.0,10.14,26.49,80.51
3.7797,7.3594,0.09282,0.00332,0.0033,-0.0005,-0.0003,11.99,36.31,144.59
3.7825,5.4636,0.94949,0.00172,0.0016,0.0,-0.0007,25.2,57.8,115.32
3.789,-1.444,3.46191,0.00065,-0.0005,-0.0002,0.0004,9.76,60.46,115.96
3.7998,-6.5331,0.3726,0.00287,0.0027,0.0008,-0.0004,10.88,47.56,142.55
3.803,3.0621,2.59698,0.00065,-0.0005,0.0,0.0004,8.63,63.53,101.48
3.8063,-1.9002,3.24917,0.00065,-0.0005,-0.0001,0.0004,9.36,61.17,111.41
3.8111,-7.3738,0.08687,0.00309,0.003,0.0007,-0.0002,11.64,36.05,151.48
3.8145,11.1279,0.0871,0.0132,0.0131,-0.0013,0.0,10.49,25.34,79.46
3.8145,-11.1279,0.0871,0.0132,0.0131,0.0013,0.0,10.49,25.34,79.46
3.8213,4.6443,1.48577,0.00039,0.0003,0.0001,-0.0002,5.51,60.31,108.34
3.828,1.4877,3.4067,0.00054,-0.0004,0.0,0.0004,6.98,61.43,114.18
3.8337,-6.8675,0.2318,0.00272,0.0027,0.0006,-0.0003,10.51,44.26,148.36
3.8344,9.914,0.1161,0.0069,0.0067,-0.0016,0.0,26.32,18.22,89.69
3.8426,10.1396,0.1171,0.0117,0.0115,-0.0026,0.0,8.21,27.78,76.02
3.8518,3.3063,2.3987,0.00064,-0.0005,0.0,0.0004,8.71,62.3,103.26
3.8576,10.7219,0.0862,0.0127,0.0126,-0.0017,0.0,10.07,25.27,79.03
3.8576,-10.7219,0.0862,0.0127,0.0126,0.0017,0.0,10.07,25.27,79.03
3.8706,-2.0504,3.11957,0.00065,-0.0005,-0.0002,0.0004,9.36,61.96,110.15
3.8843,-7.269,0.10182,0.00328,0.0031,0.001,-0.0001,10.77,40.49,147.85
3.8869,10.1684,0.1173,0.0073,0.0071,-0.0015,0.0,27.92,18.65,89.63
3.8927,-3.4816,2.24631,0.00051,-0.0004,-0.0001,0.0003,7.3,63.34,107.61
3.9037,2.5667,2.81295,0.00076,-0.0006,0.0,0.0005,10.49,62.09,105.46
3.9043,2.5601,2.81623,0.00074,-0.0006,0.0,0.0005,10.23,62.08,105.1
3.9066,2.5706,2.80825,0.00077,-0.0006,0.0,0.0005,10.57,62.1,104.32
3.9259,2.9418,2.56786,0.00075,-0.0006,-0.0001,0.0005,9.95,62.6,100.88
3.9375,1.861,3.14296,0.0007,-0.0005,0.0,0.0005,9.38,61.45,102.54
3.9653,-14.4028,0.092,0.0152,0.0152,0.001,0.0,13.81,9.07,94.4
3.9653,14.4028,0.092,0.0152,0.0152,-0.001,0.0,13.81,9.07,94.4
3.98,5.62,0.77205,0.00186,0.0018,-0.0002,-0.0006,26.85,57.09,114.1
4.0149,10.3638,0.1185,0.0124,0.0109,-0.0059,0.0,8.65,28.19,75.63
4.0338,5.9461,0.57429,0.00238,0.0023,-0.0003,-0.0007,36.55,53.71,123.63
4.0359,3.7994,1.92285,0.00045,-0.0004,0.0002,0.0002,6.07,62.94,103.06
4.0371,-6.504,0.3217,0.00299,0.0029,0.0007,-0.0005,9.73,47.51,140.71
4.0432,-4.7664,1.27751,0.00067,0.0006,0.0,-0.0004,10.03,59.6,116.56
4.0586,5.8951,0.59256,0.00238,0.0023,-0.0003,-0.0007,30.14,54.75,116.51
4.0752,-3.3199,2.21494,0.0005,-0.0004,-0.0002,0.0002,6.08,61.92,107.17
4.088,2.5025,2.68948,0.00081,-0.0006,0.0,0.0005,11.14,63.34,104.21
4.1147,9.7739,0.0847,0.0121,0.0121,-0.0009,0.0,9.53,25.41,78.2
4.1147,-9.7739,0.0847,0.0121,0.0121,0.0009,0.0,9.53,25.41,78.2
4.123,7.2503,0.07995,0.00322,0.0031,-0.0007,-0.0002,9.88,37.51,140.19
4.1262,2.77,2.50082,0.00082,-0.0006,0.0001,0.0005,11.34,63.75,105.39
4.1749,16.0486,0.0927,0.0124,0.0124,-0.0005,0.0,10.31,28.85,81.9
4.1749,-16.0486,0.0927,0.0124,0.0124,0.0005,0.0,10.31,28.85,81.9
4.176,9.5344,0.084,0.0111,0.0108,-0.0026,0.0,8.63,25.45,77.32
4.176,-9.5344,0.084,0.0111,0.0108,0.0026,0.0,8.63,25.45,77.32
4.1804,-6.9763,0.13606,0.00302,0.0029,0.001,-0.0002,9.69,40.27,144.56
4.1889,6.2048,0.40283,0.00223,0.0022,-0.0002,-0.0005,34.92,51.4,128.2
4.1982,16.6853,0.0925,0.0108,0.0108,-0.0004,0.0,9.06,29.37,82.35
4.1982,-16.6853,0.0925,0.0108,0.0108,0.0004,0.0,9.06,29.37,82.35
4.2005,15.3454,0.0928,0.0153,0.0152,-0.0014,0.0,12.61,28.34,81.3
4.2005,-15.3454,0.0928,0.0153,0.0152,0.0014,0.0,12.61,28.34,81.3
4.2016,14.9689,0.0929,0.0117,0.0117,-0.0002,0.0,9.59,28.07,81.17
4.2016,-14.9689,0.0929,0.0117,0.0117,0.0002,0.0,9.59,28.07,81.17
4.216,-3.2405,2.14897,0.0008,-0.0006,-0.0001,0.0005,10.65,63.03,101.85
4.2216,-1.9586,2.83054,0.00094,-0.0007,-0.0003,0.0005,13.44,62.54,108.84
4.2545,0.1807,3.24594,0.00062,-0.0004,0.0,0.0005,8.15,61.51,114.95
4.2565,3.037,2.23592,0.00089,-0.0007,0.0001,0.0005,12.11,62.68,103.4
4.2666,-3.5769,1.90773,0.00043,-0.0004,-0.0002,0.0002,5.32,61.49,108.24
4.2701,3.1592,2.15314,0.00084,-0.0007,0.0,0.0005,11.08,62.45,100.14
4.3087,1.6033,2.8974,0.00092,-0.0007,0.0001,0.0006,13.46,61.93,112.05
4.3406,-1.4086,2.92817,0.00068,-0.0005,-0.0002,0.0004,8.42,61.8,109.41
4.3463,-8.6346,0.0818,0.0058,0.0058,0.0004,0.0,22.6,16.04,92.2
4.3752,3.5895,1.81695,0.00063,-0.0005,0.0001,0.0003,8.55,63.02,103.43
4.3838,5.6473,0.59924,0.00191,0.0018,-0.0005,-0.0004,28.43,53.66,120.07
4.3968,-8.1237,0.0807,0.0139,0.0136,0.0025,0.0,10.02,25.77,79.12
4.4097,-0.306,3.07473,0.0008,-0.0006,-0.0001,0.0006,9.32,61.7,102.81
4.4266,-0.6626,3.02084,0.00079,-0.0005,-0.0002,0.0005,10.15,61.72,113.09
4.4538,6.0079,0.40661,0.00231,0.0022,-0.0006,-0.0004,30.39,52.42,122.48
4.4576,6.9904,0.08943,0.00286,0.0028,-0.0006,-0.0003,10.15,37.33,141.73
4.4625,-2.9823,2.09681,0.00073,-0.0006,-0.0002,0.0004,10.16,62.42,105.9
4.4831,5.9492,0.42308,0.00226,0.0021,-0.0006,-0.0005,34.2,52.33,123.47
4.4991,-3.6565,1.68426,0.00051,-0.0004,-0.0002,0.0002,7.22,61.14,108.11
4.5013,-1.404,2.76849,0.00095,-0.0007,-0.0003,0.0006,13.64,62.36,109.75
4.5253,1.2563,2.78617,0.00096,-0.0007,0.0003,0.0006,15.56,62.25,123.94
4.5469,6.4056,0.23106,0.00275,0.0026,-0.0008,-0.0004,43.17,44.59,134.12
4.5572,-1.717,2.61186,0.00111,-0.0008,-0.0004,0.0006,15.63,62.6,108.16
4.57,-1.7936,2.56814,0.00112,-0.0008,-0.0003,0.0007,13.31,62.47,104.23
4.5782,-1.9278,2.50428,0.00122,-0.0009,-0.0004,0.0007,16.89,63.28,105.34
4.5821,-14.9637,0.0939,0.0123,0.0123,0.0003,0.0,11.28,10.52,94.89
4.5821,14.9637,0.0939,0.0123,0.0123,-0.0003,0.0,11.28,10.52,94.89
4.585,0.4595,2.87855,0.00092,-0.0006,0.0002,0.0006,13.35,62.39,127.47
4.6083,10.4316,0.1204,0.0064,0.0062,-0.0018,0.0,24.34,18.97,88.76
4.6132,-3.0144,1.95465,0.00109,-0.0009,-0.0002,0.0006,14.49,62.36,101.6
4.6203,5.2632,0.69525,0.00134,0.0012,-0.0003,-0.0004,19.31,53.35,116.55
4.6243,-3.3373,1.76728,0.0008,-0.0007,-0.0003,0.0004,11.17,62.09,107.03
4.6249,0.0214,2.86859,0.00087,-0.0006,-0.0001,0.0006,8.62,62.35,86.5
4.6254,-2.0968,2.38886,0.00123,-0.0009,-0.0004,0.0007,17.02,62.38,106.2
4.6314,-1.0655,2.72909,0.00103,-0.0007,-0.0003,0.0007,12.59,62.21,106.78
4.6443,-2.7253,2.08723,0.00109,-0.0009,-0.0004,0.0005,13.05,62.17,104.61
4.6612,-16.586,0.0938,0.0103,0.0102,0.0006,0.0,9.66,13.31,97.21
4.6612,16.586,0.0938,0.0103,0.0102,-0.0006,0.0,9.66,13.31,97.21
4.6754,-10.5783,0.0878,0.0061,0.0061,0.0007,0.0,24.21,19.35,92.0
4.7023,-0.4297,2.75909,0.0009,-0.0006,-0.0002,0.0006,11.09,62.44,107.34
4.7113,-0.4228,2.75031,0.00088,-0.0006,-0.0003,0.0006,11.02,62.45,109.33
4.7119,3.4904,1.61612,0.00093,-0.0008,0.0003,0.0005,12.85,61.43,105.56
4.7124,-0.9078,2.685,0.00104,-0.0007,-0.0003,0.0007,12.84,62.31,107.96
4.7283,-0.4317,2.73179,0.00095,-0.0007,-0.0002,0.0007,11.35,62.5,104.43
4.7445,6.9425,0.06149,0.00306,0.003,-0.0005,-0.0003,49.25,36.6,143.5
4.764,-2.137,2.24333,0.00134,-0.001,-0.0004,0.0008,15.92,62.48,104.02
4.7649,-8.9899,0.0839,0.0102,0.0102,0.0002,0.0,7.28,26.91,78.19
4.7717,4.93,0.79053,0.00086,0.0008,-0.0002,-0.0003,12.25,56.9,112.47
4.7868,-1.3179,2.50536,0.00131,-0.0009,-0.0005,0.0008,16.1,62.78,107.35
4.7885,8.1582,0.1087,0.006,0.006,-0.0001,0.0,22.72,14.97,89.83
4.8039,-2.5699,2.01923,0.0012,-0.0009,-0.0004,0.0007,16.48,62.69,104.57
4.8331,-5.0872,0.68335,0.00112,0.001,0.0005,-0.0003,17.27,53.2,124.7
4.8395,3.7623,1.37737,0.00058,-0.0005,0.0001,0.0003,7.95,61.46,105.59
4.8398,-10.9183,0.0889,0.0069,0.0068,0.0013,0.0,27.44,19.91,92.05
4.8407,6.199,0.2299,0.00242,0.0023,-0.0008,-0.0003,32.22,45.62,129.43
4.8507,-1.8947,2.2622,0.00152,-0.0011,-0.0006,0.0008,21.31,63.09,106.84
4.8804,-1.482,2.36722,0.00124,-0.0009,-0.0004,0.0008,14.86,62.38,104.79
4.8917,-2.4592,1.98929,0.00146,-0.0011,-0.0004,0.0008,17.04,62.54,102.16
4.9122,9.1278,0.0847,0.0105,0.0104,-0.0013,0.0,8.18,26.46,77.62
4.9122,-9.1278,0.0847,0.0105,0.0104,0.0013,0.0,8.18,26.46,77.62
4.9312,4.9135,0.71736,0.00089,0.0008,-0.0003,-0.0003,12.93,56.13,115.61
4.9502,-4.6705,0.83082,0.0008,0.0007,0.0004,-0.0001,10.3,55.34,118.29
4.9523,8.7817,0.0838,0.0096,0.0096,-0.0006,0.0,7.47,26.47,77.43
4.9523,-8.7817,0.0838,0.0096,0.0096,0.0006,0.0,7.47,26.47,77.43
4.9526,-11.2433,0.0901,0.006,0.006,0.0009,0.0,23.85,20.43,91.83
4.9728,8.4041,0.0827,0.0094,0.0094,-0.0006,0.0,7.31,26.5,77.32
4.9728,-8.4041,0.0827,0.0094,0.0094,0.0006,0.0,7.31,26.5,77.32
4.9744,-1.2712,2.33172,0.00144,-0.001,-0.0005,0.0009,20.94,62.88,110.34
4.9776,6.56,0.10272,0.00278,0.0027,-0.0008,-0.0003,45.05,41.05,140.91
4.9831,0.3851,2.47151,0.0011,-0.0008,0.0002,0.0008,16.84,62.93,115.95
4.9857,-4.6656,0.81505,0.00086,0.0006,0.0006,0.0,12.36,56.46,113.93
4.993,-5.4141,0.47079,0.0017,0.0015,0.0007,-0.0003,26.82,50.89,130.05
5.0045,2.8419,1.72592,0.0014,-0.0011,0.0004,0.0008,19.95,61.22,109.33
5.0372,-8.1042,0.082,0.007,0.007,-0.0005,0.0,27.15,15.0,91.46
5.0412,3.5182,1.35853,0.00084,-0.0007,0.0003,0.0004,11.81,61.46,108.88
5.0568,-1.7788,2.11038,0.00156,-0.0011,-0.0005,0.0009,18.49,62.38,103.8
5.0951,3.453,1.35196,0.00108,-0.0009,0.0004,0.0005,15.22,60.58,109.29
5.1075,-4.6237,0.773,0.0007,0.0006,0.0004,-0.0001,10.45,55.78,119.78
5.1304,-11.8986,0.0927,0.0068,0.0067,0.0009,0.0,26.71,21.52,91.52
5.1341,-8.8617,0.0844,0.0102,0.0101,0.0013,0.0,8.58,6.33,87.49
5.1341,8.8617,0.0844,0.0102,0.0101,-0.0013,0.0,8.58,6.33,87.49
5.1345,-5.0993,0.54327,0.0013,0.0011,0.0006,-0.0002,17.56,53.4,125.39
5.1453,-7.6812,0.0816,0.0132,0.0131,0.0019,0.0,10.95,7.36,86.16
5.1453,7.6812,0.0816,0.0132,0.0131,-0.0019,0.0,10.95,7.36,86.16
5.1525,-5.8224,0.26778,0.0022,0.002,0.001,-0.0003,35.28,44.18,137.3
5.1526,-8.11,0.0823,0.0126,0.0125,0.0014,0.0,10.52,6.97,87.07
5.1526,8.11,0.0823,0.0126,0.0125,-0.0014,0.0,10.52,6.97,87.07
5.186,5.3038,0.43935,0.00142,0.0013,-0.0006,-0.0003,18.34,52.16,120.45
5.19,2.3442,1.77473,0.00147,-0.0011,0.0005,0.0008,22.41,62.99,116.33
5.1939,1.4295,2.07594,0.00146,-0.001,0.0005,0.0009,23.22,62.61,121.6
5.2033,1.8051,1.96316,0.00137,-0.001,0.0005,0.0008,22.12,62.43,123.44
5.2047,-6.1411,0.16373,0.00235,0.0022,0.0008,-0.0003,38.31,40.39,143.17
5.2469,-2.1395,1.80531,0.00163,-0.0012,-0.0007,0.0008,19.36,61.93,104.37
5.2483,2.2538,1.75951,0.00157,-0.0012,0.0005,0.0009,20.56,62.97,114.61
5.2508,0.737,2.16477,0.00116,-0.0008,0.0002,0.0008,17.18,62.49,112.81
5.2621,6.3123,0.11116,0.00265,0.0025,-0.001,-0.0002,36.3,41.98,136.08
5.2686,-0.0141,2.20467,0.00121,-0.0009,0.0,0.0009,13.2,62.38,95.73
5.2789,-1.4781,1.98136,0.00164,-0.0012,-0.0006,0.001,23.73,63.07,109.71
5.2993,4.6393,0.66969,0.00076,0.0006,-0.0005,0.0,11.32,53.43,119.71
5.2994,-1.9413,1.83364,0.00175,-0.0013,-0.0006,0.001,24.11,62.5,105.08
5.3109,-0.8863,2.08686,0.00134,-0.0009,-0.0004,0.0009,16.16,62.64,105.75
5.3146,-0.4515,2.12969,0.00139,-0.001,-0.0003,0.001,15.35,62.55,96.94
5.3542,3.1325,1.31874,0.00124,-0.001,0.0005,0.0005,18.03,61.51,111.77
5.3685,6.705,0.03132,0.00317,0.0031,-0.0005,-0.0002,50.71,32.32,145.94
5.417,3.4017,1.15006,0.0011,-0.0009,0.0004,0.0005,15.6,59.31,110.53
5.4211,-4.4461,0.69271,0.00075,0.0004,0.0006,0.0,10.91,53.86,116.83
5.4896,-0.674,1.93524,0.00155,-0.0011,-0.0003,0.0011,20.7,62.04,102.14
5.5575,1.6438,1.68005,0.00162,-0.0012,0.0006,0.0009,25.26,61.34,119.45
5.5684,4.8475,0.46397,0.00108,0.0008,-0.0007,-0.0001,16.39,51.11,124.01
5.5704,-1.8924,1.60326,0.00164,-0.0012,-0.0005,0.001,19.28,61.36,103.76
5.5741,7.6431,0.1078,0.0102,0.0102,-0.0011,0.0,7.17,27.88,76.04
5.5963,11.8998,0.0941,0.0117,0.0116,-0.0015,0.0,9.23,28.23,77.73
5.5963,-11.8998,0.0941,0.0117,0.0116,0.0015,0.0,9.23,28.23,77.73
5.6125,-5.7568,0.16287,0.00211,0.0019,0.0008,-0.0003,29.29,40.15,139.37
5.6396,10.5343,0.0898,0.0116,0.0115,-0.0019,0.0,9.1,27.86,77.16
5.6396,-10.5343,0.0898,0.0116,0.0115,0.0019,0.0,9.1,27.86,77.16
5.6425,0.8524,1.76885,0.0015,-0.0011,0.0005,0.0009,24.04,62.31,122.4
5.6556,7.0502,0.1074,0.0071,0.007,-0.0012,0.0,26.73,13.27,88.99
5.6629,2.8896,1.18085,0.00137,-0.0011,0.0005,0.0006,20.56,59.97,116.48
5.7437,5.0294,0.33265,0.00145,0.001,-0.0011,0.0,22.47,47.98,129.32
5.7496,2.7583,1.16225,0.00175,-0.0014,0.0007,0.0008,25.99,59.31,115.84
5.7847,-4.1937,0.60041,0.00049,0.0,0.0005,0.0002,7.43,54.16,121.15
5.7857,0.416,1.6748,0.00129,-0.0009,0.0002,0.0009,16.24,61.59,111.03
5.7915,1.2928,1.55283,0.00157,-0.0011,0.0006,0.0009,24.92,61.62,121.48
5.8016,-2.6761,1.15303,0.00163,-0.0013,-0.0006,0.0008,22.83,59.27,109.23
5.8086,7.3445,0.1077,0.0067,0.0067,-0.0002,0.0,25.41,13.83,89.16
5.814,-2.5651,1.182,0.00184,-0.0014,-0.0008,0.0008,25.59,59.61,108.2
5.8151,-0.1398,1.66472,0.00146,-0.0011,0.0,0.001,15.38,61.42,92.75
5.8381,1.8357,1.38534,0.00198,-0.0015,0.0008,0.0011,30.88,60.59,120.32
5.8537,-7.1494,0.0821,0.0075,0.0074,0.0007,0.0,28.72,13.4,91.07
5.8684,7.8847,0.1078,0.0117,0.0117,0.0003,0.0,8.14,28.44,75.39
5.8717,-0.0266,1.61727,0.00158,-0.0012,0.0,0.0011,19.14,61.6,92.85
5.8799,-11.3864,0.0932,0.0131,0.0129,0.002,0.0,11.3,7.63,90.06
5.8799,11.3864,0.0932,0.0131,0.0129,-0.002,0.0,11.3,7.63,90.06
5.8826,4.4127,0.47574,0.00067,0.0002,-0.0006,0.0001,10.61,51.08,130.35
5.8887,-5.3235,0.20065,0.00211,0.0016,0.0014,-0.0001,33.06,45.32,133.13
5.91,0.4248,1.55879,0.00141,-0.001,0.0003,0.0009,20.98,61.67,113.68
5.9249,-5.4285,0.16525,0.00208,0.0016,0.0014,-0.0001,28.6,40.15,137.9
5.937,7.7368,0.1076,0.0061,0.0061,-0.0005,0.0,22.89,14.56,88.97
5.9549,-7.4176,0.0828,0.0073,0.0073,0.0004,0.0,27.95,13.9,90.9
5.962,-4.4124,0.44035,0.0009,0.0005,0.0008,0.0001,13.89,51.1,126.31
5.9782,4.6779,0.3524,0.00102,0.0007,-0.0008,0.0,16.04,48.71,131.04
5.9792,-2.0989,1.20382,0.00192,-0.0015,-0.0008,0.001,27.35,59.44,110.69
5.9976,1.9923,1.21504,0.00127,-0.001,0.0004,0.0007,19.87,59.68,121.76
6.0096,8.113,0.1086,0.0061,0.0061,-0.0006,0.0,22.88,14.93,88.56
6.0261,4.636,0.34587,0.00102,0.0007,-0.0008,0.0,15.93,47.93,130.44
6.0862,14.7493,0.0975,0.014,0.014,-0.0008,0.0,11.38,30.39,79.34
6.0862,-14.7493,0.0975,0.014,0.014,0.0008,0.0,11.38,30.39,79.34
6.1311,1.9732,1.11346,0.00183,-0.0014,0.0008,0.0009,28.69,59.43,122.11
6.1333,8.4152,0.1105,0.0051,0.0051,-0.0003,0.0,19.06,15.49,88.33
6.1471,8.7163,0.1127,0.0052,0.0051,-0.0007,0.0,19.42,16.02,88.1
6.1609,2.1179,1.05687,0.00168,-0.0013,0.0007,0.0008,26.74,58.09,125.18
6.1752,-1.6803,1.14406,0.00185,-0.0014,-0.0008,0.0009,26.63,59.6,111.95
6.1811,8.0946,0.1085,0.0106,0.0106,-0.0007,0.0,7.34,28.85,74.71
6.1811,-8.0946,0.1085,0.0106,0.0106,0.0007,0.0,7.34,28.85,74.71
6.1853,4.9471,0.20888,0.00145,0.001,-0.0011,0.0,22.91,44.7,134.85
6.1925,-3.3226,0.67906,0.00093,-0.0008,-0.0001,0.0004,13.08,53.33,114.48
6.199,-5.3159,0.12602,0.00192,0.0014,0.0013,0.0,30.94,40.69,141.13
6.2095,-9.4787,0.0878,0.0054,0.0052,0.0015,0.0,20.89,17.54,90.86
6.2648,-4.8838,0.19868,0.00162,0.0011,0.0012,-0.0001,25.84,44.63,136.43
6.267,3.3294,0.63444,0.00117,-0.001,0.0002,0.0005,16.79,53.52,115.63
6.2824,-1.2735,1.14045,0.00183,-0.0014,-0.0007,0.001,26.18,59.59,111.26
6.3071,6.0002,0.01446,0.00338,0.0032,-0.0011,-0.0002,54.66,32.61,147.24
6.3116,10.0901,0.1225,0.0063,0.0063,-0.0009,0.0,23.73,18.54,87.69
6.3259,-9.8883,0.0893,0.0053,0.0051,0.0015,0.0,20.6,18.27,90.83
6.3401,-8.0029,0.0844,0.0063,0.0063,-0.0004,0.0,24.25,15.06,90.34
6.3907,4.6886,0.20364,0.00127,0.0006,-0.0011,0.0001,17.73,45.49,136.04
6.3958,3.5897,0.49234,0.00078,-0.0007,-0.0001,0.0004,10.7,51.06,112.09
6.4107,-4.455,0.25164,0.00123,0.0005,0.0011,0.0001,19.41,44.32,135.28
6.4262,4.5192,0.23143,0.00112,0.0004,-0.001,0.0001,18.02,44.58,137.64
6.428,-11.3317,0.0944,0.0068,0.0067,0.001,0.0,26.55,20.7,90.57
6.4347,8.3401,0.1102,0.0094,0.0094,0.0002,0.0,6.48,29.35,74.48
6.4347,-8.3401,0.1102,0.0094,0.0094,-0.0002,0.0,6.48,29.35,74.48
6.4408,-0.8332,1.06884,0.00172,-0.0013,-0.0005,0.001,24.42,59.7,110.23
6.4416,-6.5652,0.0814,0.0083,0.0081,0.0018,0.0,31.88,12.55,90.65
6.4709,-0.365,1.07855,0.00163,-0.0013,-0.0002,0.001,16.71,59.56,91.29
6.4835,10.4441,0.1248,0.0064,0.0063,-0.001,0.0,23.94,19.18,87.57
6.5345,2.6029,0.67524,0.00172,-0.0014,0.0007,0.0007,25.85,53.41,121.33
6.5458,10.7865,0.1266,0.0064,0.0064,-0.0004,0.0,24.09,19.67,87.68
6.5473,-10.2049,0.0907,0.0061,0.0061,0.0005,0.0,23.69,18.82,90.46
6.5533,-6.7927,0.082,0.0071,0.0071,0.0009,0.0,27.28,12.97,90.51
6.571,-8.5315,0.0858,0.0054,0.0054,0.0002,0.0,20.85,16.03,90.42
6.592,3.0549,0.52551,0.00122,-0.0011,0.0004,0.0005,18.11,50.91,121.52
6.601,3.004,0.53422,0.00101,-0.0009,0.0004,0.0004,13.38,54.47,122.4
6.6119,7.8898,0.0844,0.0114,0.0114,-0.0009,0.0,8.85,29.01,76.26
6.6119,-7.8898,0.0844,0.0114,0.0114,0.0009,0.0,8.85,29.01,76.26
6.6152,3.6207,0.37811,0.00062,-0.0005,-0.0002,0.0003,7.55,48.43,116.64
6.6169,4.1418,0.25376,0.00078,-0.0001,-0.0008,0.0002,12.91,44.43,141.77
6.6173,11.116,0.1285,0.0059,0.0057,-0.0015,0.0,22.07,20.23,87.02
6.6232,8.1939,0.085,0.0096,0.0096,0.0009,0.0,7.58,29.04,77.36
6.6232,-8.1939,0.085,0.0096,0.0096,-0.0009,0.0,7.58,29.04,77.36
6.6392,-10.5426,0.092,0.0065,0.0064,0.0009,0.0,25.11,19.41,90.51
6.65,8.5288,0.1117,0.0097,0.0097,0.0002,0.0,6.66,29.66,74.41
6.65,-8.5288,0.1117,0.0097,0.0097,-0.0002,0.0,6.66,29.66,74.41
6.6542,-12.0064,0.0974,0.0064,0.0064,0.0006,0.0,25.04,21.95,90.45
6.6873,4.3592,0.18287,0.00114,0.0004,-0.0011,0.0001,16.39,45.56,139.41
6.6884,4.0659,0.24639,0.00064,-0.0002,-0.0006,0.0002,10.49,45.23,139.52
6.7102,-9.3975,0.0882,0.0099,0.0099,0.0006,0.0,8.4,8.98,88.09
6.7102,9.3975,0.0882,0.0099,0.0099,-0.0006,0.0,8.4,8.98,88.09
6.719,-10.1487,0.0906,0.0113,0.0109,0.0029,0.0,9.62,8.89,88.59
6.719,10.1487,0.0906,0.0113,0.0109,-0.0029,0.0,9.62,8.89,88.59
6.7218,3.1754,0.43029,0.00104,-0.0009,0.0001,0.0005,13.01,51.89,117.53
6.748,-9.8571,0.0897,0.0115,0.0111,0.0032,0.0,9.76,8.95,88.09
6.748,9.8571,0.0897,0.0115,0.0111,-0.0032,0.0,9.76,8.95,88.09
6.7572,-4.7762,0.09259,0.00177,0.0008,0.0016,0.0001,28.08,36.74,141.07
6.7834,-8.7609,0.0864,0.0096,0.0096,0.0005,0.0,8.07,9.35,87.37
6.7834,8.7609,0.0864,0.0096,0.0096,-0.0005,0.0,8.07,9.35,87.37
6.79,-9.1239,0.0874,0.0095,0.009,0.003,0.0,8.01,9.22,87.65
6.79,9.1239,0.0874,0.0095,0.009,-0.003,0.0,8.01,9.22,87.65
6.8146,-1.5934,0.69602,0.00183,-0.0015,-0.0006,0.0009,22.8,56.02,113.52
6.8156,3.7048,0.27513,0.0007,-0.0006,-0.0003,0.0003,10.49,44.33,128.78
6.8214,-8.3334,0.0854,0.0111,0.011,-0.0017,0.0,9.35,9.69,87.35
6.8214,8.3334,0.0854,0.0111,0.011,0.0017,0.0,9.35,9.69,87.35
6.8333,-8.0591,0.0848,0.0109,0.0108,-0.0018,0.0,9.15,9.89,86.99
6.8333,8.0591,0.0848,0.0109,0.0108,0.0018,0.0,9.15,9.89,86.99
6.8489,-7.6121,0.0839,0.014,0.014,0.0002,0.0,11.67,10.26,86.32
6.8489,7.6121,0.0839,0.014,0.014,-0.0002,0.0,11.67,10.26,86.32
6.8493,-7.0223,0.0827,0.0071,0.0071,0.0001,0.0,27.13,13.52,90.25
6.8935,5.8542,0.0952,0.0065,0.0059,-0.0028,0.0,24.3,11.39,88.35
6.9957,-0.7705,0.66961,0.00164,-0.0014,-0.0002,0.0009,18.05,53.54,102.2
7.0019,4.893,0.03693,0.00181,0.0012,-0.0014,0.0,29.0,32.96,146.3
7.0046,3.5892,0.22675,0.00073,-0.0006,-0.0003,0.0003,10.92,44.6,128.3
7.0163,3.2342,0.28566,0.00102,-0.001,-0.0001,0.0004,14.69,48.26,120.11
7.043,-5.9785,0.0803,0.0067,0.0063,0.0022,0.0,25.38,11.84,90.28
7.0472,6.1796,0.0972,0.007,0.0068,-0.0015,0.0,25.95,11.87,87.95
7.0476,-1.2178,0.60373,0.00153,-0.0013,-0.0004,0.0008,18.55,53.72,112.26
7.0665,6.5559,0.1008,0.0072,0.0071,-0.0011,0.0,26.6,12.5,87.96
7.0822,5.0425,0.01546,0.00209,0.0015,-0.0015,-0.0001,33.85,32.58,147.56
7.1187,-1.6407,0.50449,0.00151,-0.0013,-0.0004,0.0007,18.54,50.91,115.82
7.124,-4.7338,0.03529,0.00191,0.001,0.0016,0.0,30.91,32.12,148.33
7.1463,-7.3465,0.0834,0.0151,0.0149,0.0023,0.0,12.5,11.03,85.92
7.1463,7.3465,0.0834,0.0151,0.0149,-0.0023,0.0,12.5,11.03,85.92
7.1736,4.6863,0.03311,0.00178,0.0011,-0.0014,0.0,28.55,32.27,146.51
7.2169,5.3847,0.0919,0.0126,0.011,-0.0062,-0.0001,8.84,28.69,76.0
7.2169,-5.3847,0.0919,0.0126,0.011,0.0062,-0.0001,8.84,28.69,76.0
7.2757,4.7259,0.01808,0.00187,0.0013,-0.0014,0.0,30.22,32.52,147.14
7.291,-4.1049,0.07351,0.00154,0.0001,0.0015,0.0001,24.93,36.87,144.08
7.317,-3.7395,0.10777,0.00105,0.0002,0.001,0.0001,14.93,40.77,142.06
7.3243,-7.642,0.0839,0.0077,0.0076,0.0015,0.0,29.46,14.84,90.05
7.351,0.0237,0.48433,0.00136,-0.0012,0.0002,0.0007,17.31,51.25,119.24
7.3804,3.8292,0.0837,0.00091,-0.0002,-0.0009,0.0001,12.84,36.96,144.31
7.4062,4.2841,0.03727,0.00135,0.0006,-0.0012,0.0,21.88,32.22,147.38
7.4315,5.8495,0.0933,0.0116,0.0109,-0.0041,-0.0001,9.31,15.34,82.36
7.4315,-5.8495,0.0933,0.0116,0.0109,0.0041,-0.0001,9.31,15.34,82.36
7.432,-3.237,0.1418,0.00087,-0.0008,0.0004,0.0003,13.56,41.2,135.46
7.4369,5.4658,0.0917,0.0143,0.0126,-0.0068,-0.0001,11.47,14.66,82.42
7.4369,-5.4658,0.0917,0.0143,0.0126,0.0068,-0.0001,11.47,14.66,82.42
7.4812,-7.9291,0.0845,0.0058,0.0057,0.0006,0.0,22.01,15.41,89.85
7.4951,5.5751,0.0915,0.0105,0.0092,-0.005,-0.0001,7.37,29.23,75.92
7.4951,-5.5751,0.0915,0.0105,0.0092,0.005,-0.0001,7.37,29.23,75.92
7.5196,5.1308,0.09,0.0113,0.0096,-0.0059,-0.0001,9.0,14.12,82.47
7.5196,-5.1308,0.09,0.0113,0.0096,0.0059,-0.0001,9.0,14.12,82.47
7.5999,-2.681,0.16042,0.00101,-0.001,0.0002,0.0003,15.26,41.01,131.1
7.6023,-10.7521,0.0937,0.0061,0.006,0.0012,0.0,23.53,20.07,89.93
7.606,-4.9548,0.0785,0.005,0.0038,0.0033,0.0,19.07,10.56,90.33
7.6171,-2.69,0.15416,0.001,-0.0009,0.0002,0.0003,15.09,41.06,131.21
7.6291,3.3631,0.07788,0.00084,-0.0006,-0.0006,0.0002,11.46,36.97,139.58
7.6444,-2.3911,0.1743,0.00102,-0.001,0.0002,0.0003,15.67,40.71,133.91
7.6601,-3.2876,0.0784,0.00094,-0.0005,0.0008,0.0002,13.25,36.19,144.36
7.6964,-11.0664,0.0949,0.0065,0.0064,0.0008,0.0,25.07,20.62,89.75
7.7077,-3.5997,0.0426,0.00111,0.0,0.0011,0.0001,18.26,32.1,150.06
7.7235,-5.1829,0.0788,0.0056,0.0048,0.0028,0.0,21.13,10.99,90.11
7.7796,4.809,0.0878,0.0056,0.0048,-0.003,0.0,20.83,10.44,88.28
7.783,5.8125,0.0913,0.0106,0.0106,-0.0012,-0.0001,7.44,29.76,75.41
7.783,-5.8125,0.0913,0.0106,0.0106,0.0012,-0.0001,7.44,29.76,75.41
7.7966,5.2476,0.0894,0.0061,0.0059,-0.0014,0.0,22.62,11.15,88.3
7.8027,-0.7146,0.23972,0.00151,-0.0014,-0.0003,0.0006,21.97,44.68,123.74
7.8127,-2.9355,0.07826,0.00093,-0.0007,0.0006,0.0002,12.91,36.21,142.85
7.8184,2.9276,0.07783,0.00093,-0.0008,-0.0004,0.0002,12.39,36.94,136.41
7.8572,-1.4626,0.18256,0.00138,-0.0013,-0.0003,0.0004,20.81,45.07,128.11
7.87,5.9206,0.0916,0.0063,0.0061,-0.0014,0.0,23.23,12.33,88.0
7.8913,1.7725,0.14765,0.00162,-0.0014,0.0007,0.0004,25.3,40.76,135.89
7.8962,4.1869,0.00233,0.0023,0.001,-0.0021,0.0,37.33,27.73,150.74
7.9468,-4.4681,0.0777,0.004,0.0023,0.0032,0.0,15.02,10.11,90.28
7.9884,-6.9463,0.0822,0.0066,0.0066,-0.0002,0.0,25.09,14.08,89.26
8.019,3.6074,0.00793,0.0012,-0.0004,-0.0011,0.0,19.47,27.38,150.47
8.0248,6.694,0.0989,0.0067,0.0066,-0.0008,0.0,24.73,13.38,87.58
8.0249,-2.5623,0.05943,0.00096,-0.0008,0.0005,0.0002,13.31,36.48,142.17
8.0351,6.0412,0.0917,0.0123,0.0123,-0.0001,-0.0001,8.55,30.05,74.94
8.0351,-6.0412,0.0917,0.0123,0.0123,0.0001,-0.0001,8.55,30.05,74.94
8.0536,1.2947,0.12859,0.00164,-0.0014,0.0007,0.0004,25.88,40.94,137.22
8.0786,-7.2486,0.0829,0.0067,0.0067,-0.0002,0.0,25.3,14.63,89.12
8.081,-4.6591,0.0778,0.0042,0.003,0.003,0.0,15.96,10.53,90.03
8.0885,8.1822,0.1072,0.0049,0.0049,-0.0002,0.0,18.05,15.96,87.23
8.0905,7.4391,0.1038,0.0061,0.0061,-0.0004,0.0,22.72,14.97,87.45
8.0962,7.0449,0.1019,0.0064,0.0064,-0.0007,0.0,23.83,14.33,87.48
8.1121,8.4405,0.1091,0.0048,0.0048,-0.0004,0.0,17.72,16.4,87.04
8.1123,-0.5291,0.13426,0.0014,-0.0013,0.0,0.0004,20.61,41.04,128.59
8.1259,2.8786,0.02707,0.00101,-0.001,-0.0003,0.0001,15.85,32.43,143.08
8.1322,-2.7606,0.03148,0.001,-0.0008,0.0006,0.0001,16.25,32.37,148.12
8.1376,0.6274,0.12388,0.00129,-0.0011,0.0005,0.0003,17.7,41.15,136.99
8.1583,0.8882,0.11074,0.0016,-0.0014,0.0008,0.0004,25.62,41.09,139.31
8.1597,-2.1886,0.05317,0.0011,-0.0011,0.0002,0.0002,17.39,36.94,140.35
8.1746,0.198,0.12166,0.00123,-0.0011,0.0004,0.0003,16.73,41.15,135.53
8.1847,-2.0218,0.05716,0.00105,-0.001,0.0001,0.0002,16.44,36.9,138.85
8.1982,-0.1186,0.11572,0.00137,-0.0013,0.0004,0.0004,21.33,41.16,135.15
8.2159,-2.0483,0.04921,0.00106,-0.001,0.0003,0.0002,14.7,36.64,141.59
8.2671,-0.2494,0.09482,0.00125,-0.0012,0.0002,0.0003,16.58,36.34,135.97
8.2777,2.4681,0.02299,0.00122,-0.0012,-0.0001,0.0002,19.02,32.49,141.94
8.3049,6.2745,0.0928,0.0108,0.0107,-0.0013,-0.0001,7.49,30.53,74.41
8.3049,-6.2745,0.0928,0.0108,0.0107,0.0013,-0.0001,7.49,30.53,74.41
8.3665,-0.7385,0.06383,0.00124,-0.0012,0.0,0.0003,16.49,36.62,136.37
8.3757,-0.771,0.06121,0.00115,-0.0011,0.0001,0.0003,15.45,36.65,137.27
8.418,-5.2706,0.0787,0.0058,0.0052,0.0026,0.0,21.75,11.78,89.58
8.4328,2.3504,0.01025,0.00111,-0.0011,0.0,0.0001,17.95,32.78,146.66
8.4552,1.4475,0.0338,0.00132,-0.0012,0.0004,0.0002,20.81,32.39,143.67
8.4669,-0.006,0.05275,0.00133,-0.0013,0.0004,0.0003,20.99,36.85,140.63
8.4818,6.4714,0.0941,0.0113,0.0113,0.0002,0.0,7.85,30.86,74.51
8.4818,-6.4714,0.0941,0.0113,0.0113,-0.0002,0.0,7.85,30.86,74.51
8.5356,-1.6648,0.01657,0.00111,-0.0011,0.0003,0.0001,17.68,32.83,145.35
8.5454,-2.0077,0.00911,0.0011,-0.001,0.0004,0.0001,17.64,27.57,148.59
8.5773,1.7724,0.00988,0.00129,-0.0012,0.0003,0.0001,20.36,27.34,147.36
8.5819,1.2694,0.01907,0.00153,-0.0014,0.0007,0.0002,24.55,32.64,145.76
8.5876,0.3956,0.0291,0.00146,-0.0013,0.0006,0.0002,23.2,32.47,144.6
8.5908,-1.1774,0.01861,0.00113,-0.0011,0.0002,0.0001,17.93,32.73,143.8
8.603,0.8129,0.02239,0.00154,-0.0013,0.0008,0.0002,24.7,32.58,145.57
8.6484,-3.4869,0.0766,0.0027,0.0007,0.0026,0.0,10.14,9.6,90.15
8.6514,-3.4973,0.0766,0.0027,0.0012,0.0024,0.0,10.08,9.62,89.95
8.6695,14.5318,0.1012,0.0131,0.013,-0.0016,0.0,10.59,33.69,77.82
8.6695,-14.5318,0.1012,0.0131,0.013,0.0016,0.0,10.59,33.69,77.82
8.6709,-0.3129,0.01898,0.00128,-0.0012,0.0004,0.0002,20.34,32.71,144.56
8.7436,-4.4957,0.0773,0.0046,0.0043,0.0017,0.0,17.2,11.03,89.34
8.7569,0.1952,0.00982,0.00142,-0.0013,0.0006,0.0001,22.44,27.41,147.54
8.7606,12.8544,0.0999,0.0094,0.0094,-0.0009,0.0,7.55,33.13,77.38
8.7606,-12.8544,0.0999,0.0094,0.0094,0.0009,0.0,7.55,33.13,77.38
8.8048,-3.2563,0.0761,0.0027,0.0005,0.0026,0.0,10.09,9.53,90.22
8.9232,-1.9378,0.0759,0.0023,-0.0021,0.0009,0.0,8.48,8.36,88.92
8.9348,-2.3948,0.0758,0.0021,-0.0017,0.0013,0.0,7.94,8.79,89.15
8.9561,4.0528,0.0818,0.0044,0.0032,-0.003,0.0,16.4,10.75,88.09
8.9793,-4.8507,0.0777,0.005,0.0043,0.0025,0.0,18.72,11.79,89.36
9.0817,1.8072,0.0784,0.0024,-0.0017,-0.0018,0.0,9.05,8.55,88.52
9.1014,3.7402,0.0812,0.0037,0.0025,-0.0027,0.0,13.68,10.56,88.19
9.1057,-12.9174,0.0998,0.0115,0.0114,0.0005,0.0,10.18,14.44,91.52
9.1057,12.9174,0.0998,0.0115,0.0114,-0.0005,0.0,10.18,14.44,91.52
9.116,-9.6916,0.0908,0.0109,0.0109,0.0003,0.0,9.29,13.48,88.29
9.116,9.6916,0.0908,0.0109,0.0109,-0.0003,0.0,9.29,13.48,88.29
9.1259,-0.63,0.0759,0.0023,-0.0023,-0.0001,0.0,8.42,7.98,88.14
9.1292,1.0407,0.0777,0.0026,-0.0021,-0.0014,0.0,9.49,8.18,88.42
9.1451,0.8293,0.0774,0.0025,-0.0024,-0.0007,0.0,9.32,8.13,88.27
9.166,1.4982,0.078,0.0025,-0.0019,-0.0016,0.0,9.19,8.49,88.47
9.1718,-3.894,0.0762,0.0036,0.0025,0.0025,0.0,13.34,10.81,89.42
9.1746,-0.8214,0.0757,0.0024,-0.0024,0.0,0.0,8.9,8.13,88.07
9.1753,11.7928,0.0971,0.0131,0.0129,-0.0025,0.0,10.36,33.33,76.03
9.1753,-11.7928,0.0971,0.0131,0.0129,0.0025,0.0,10.36,33.33,76.03
9.1813,3.3655,0.081,0.0035,0.0032,-0.0015,0.0,12.96,10.26,87.99
9.1938,0.1815,0.0767,0.0024,-0.0024,-0.0004,0.0,8.94,8.05,88.21
9.2039,0.422,0.0769,0.0021,-0.0018,-0.001,0.0,7.73,8.1,88.47
9.2727,-8.8912,0.0878,0.0094,0.0093,0.0009,0.0,7.95,13.87,87.6
9.2727,8.8912,0.0878,0.0094,0.0093,-0.0009,0.0,7.95,13.87,87.6
9.3252,-6.8479,0.0818,0.0063,0.0062,-0.0003,0.0,23.4,15.06,88.28
9.3271,-7.522,0.0837,0.0056,0.0056,-0.0003,0.0,21.1,16.06,88.27
9.3459,-7.8748,0.0847,0.012,0.0111,-0.0046,0.0,10.2,14.44,87.6
9.3459,7.8748,0.0847,0.012,0.0111,0.0046,0.0,10.2,14.44,87.6
9.3521,-8.1768,0.0856,0.0087,0.0084,-0.0023,0.0,7.44,14.3,87.7
9.3521,8.1768,0.0856,0.0087,0.0084,0.0023,0.0,7.44,14.3,87.7
9.3737,-10.9733,0.0946,0.0118,0.0117,0.0015,0.0,9.36,33.39,76.14
9.3737,10.9733,0.0946,0.0118,0.0117,-0.0015,0.0,9.36,33.39,76.14
9.3825,5.5178,0.0843,0.0058,0.0056,-0.0013,0.0,21.2,13.17,87.31
9.4811,-4.4481,0.0764,0.0042,0.0034,0.0025,0.0,15.87,11.9,89.2
9.5061,-11.8147,0.0969,0.0135,0.0135,0.0002,0.0,11.88,14.5,90.45
9.5061,11.8147,0.0969,0.0135,0.0135,-0.0002,0.0,11.88,14.5,90.45
9.6816,1.5382,0.0772,0.0013,-0.0011,-0.0007,0.0,4.95,9.43,88.2
9.6917,-10.757,0.0935,0.0112,0.0111,0.0015,0.0,9.73,14.55,89.3
9.6917,10.757,0.0935,0.0112,0.0111,-0.0015,0.0,9.73,14.55,89.3
9.6986,-11.0826,0.0944,0.0115,0.0114,0.0009,0.0,10.0,14.62,89.83
9.6986,11.0826,0.0944,0.0115,0.0114,-0.0009,0.0,10.0,14.62,89.83
9.7023,6.5464,0.0901,0.0062,0.0062,-0.0009,0.0,22.92,14.85,86.95
9.7101,-2.3341,0.0753,0.002,-0.0008,0.0018,0.0,7.39,10.0,89.25
9.7202,-10.1363,0.0915,0.0099,0.0098,0.0011,0.0,8.51,14.55,88.89
9.7202,10.1363,0.0915,0.0099,0.0098,-0.0011,0.0,8.51,14.55,88.89
9.7244,-2.342,0.0753,0.002,-0.0012,0.0015,0.0,7.29,10.03,88.96
9.7306,6.9235,0.0934,0.006,0.0059,-0.0004,0.0,21.95,15.42,86.94
9.7367,-10.431,0.0924,0.011,0.0109,0.0002,0.0,9.51,14.59,89.4
9.7367,10.431,0.0924,0.011,0.0109,-0.0002,0.0,9.51,14.59,89.4
9.7421,7.1707,0.0952,0.006,0.006,-0.0001,0.0,22.29,15.85,86.95
9.7787,-3.5417,0.0753,0.0028,0.0013,0.0024,0.0,10.39,11.27,89.45
9.7817,-3.5442,0.0753,0.0029,0.0021,0.0021,0.0,10.95,11.28,89.14
9.7967,-1.9233,0.0752,0.0017,-0.0012,0.0011,0.0,6.15,9.83,88.77
9.8194,-0.9061,0.0753,0.002,-0.002,-0.0001,0.0,7.36,9.34,87.91
9.8467,3.2269,0.0792,0.003,0.002,-0.0022,0.0,10.92,11.09,87.92
9.8586,1.2446,0.0765,0.0018,-0.0014,-0.0011,0.0,6.64,9.6,88.21
9.8879,4.2943,0.0803,0.0052,0.005,-0.0012,0.0,19.08,12.3,87.49
9.9061,0.695,0.076,0.0024,-0.0018,-0.0017,0.0,8.98,9.49,88.42
9.907,-5.3456,0.0775,0.0056,0.0056,0.0008,0.0,21.01,13.57,88.46
9.9171,0.2054,0.0758,0.0019,-0.0019,-0.0003,0.0,7.1,9.41,87.9
9.9533,4.6467,0.0806,0.0054,0.0054,-0.0007,0.0,19.89,12.84,87.29
9.9872,5.3887,0.0822,0.0107,0.0105,-0.0019,0.0,8.59,15.05,82.77
9.9872,-5.3887,0.0822,0.0107,0.0105,0.0019,0.0,8.59,15.05,82.77
9.9925,-1.3013,0.0752,0.0016,-0.0016,0.0004,0.0,6.05,9.81,87.88
10.0025,3.3538,0.079,0.0034,0.0028,-0.0018,0.0,12.41,11.41,87.63
10.0304,-16.3724,0.1014,0.0116,0.0114,0.0022,0.0,10.93,18.94,96.24
10.0304,16.3724,0.1014,0.0116,0.0114,-0.0022,0.0,10.93,18.94,96.24
10.0388,5.009,0.081,0.0054,0.0053,-0.0003,0.0,19.68,13.26,87.04
10.0686,5.7925,0.0834,0.0121,0.012,-0.0019,-0.0001,9.73,15.8,82.6
10.0686,-5.7925,0.0834,0.0121,0.012,0.0019,-0.0001,9.73,15.8,82.6
10.0699,-15.8028,0.1013,0.0107,0.0107,0.0013,0.0,10.03,18.39,95.28
10.0699,15.8028,0.1013,0.0107,0.0107,-0.0013,0.0,10.03,18.39,95.28
10.0699,6.196,0.0859,0.0124,0.0121,-0.0027,-0.0001,9.9,16.23,81.97
10.0699,-6.196,0.0859,0.0124,0.0121,0.0027,-0.0001,9.9,16.23,81.97
10.1328,-15.1212,0.101,0.0101,0.0101,0.0011,0.0,9.39,17.85,94.82
10.1328,15.1212,0.101,0.0101,0.0101,-0.0011,0.0,9.39,17.85,94.82
10.3181,-2.3562,0.0758,0.0014,0.0006,0.0013,0.0,5.3,10.99,89.01
10.787,6.5148,0.0853,0.006,0.006,0.0001,0.0,21.94,16.13,86.64
10.792,-14.0393,0.0991,0.0121,0.0121,0.0005,0.0,11.09,17.96,93.6
10.792,14.0393,0.0991,0.0121,0.0121,-0.0005,0.0,11.09,17.96,93.6
10.8144,-13.811,0.0986,0.0117,0.0117,0.0003,0.0,10.65,17.82,93.15
10.8144,13.811,0.0986,0.0117,0.0117,-0.0003,0.0,10.65,17.82,93.15
10.8746,-13.507,0.0977,0.0127,0.0127,0.0006,0.0,11.53,17.72,92.85
10.8746,13.507,0.0977,0.0127,0.0127,-0.0006,0.0,11.53,17.72,92.85
10.8843,-12.3758,0.0957,0.0111,0.011,0.0014,0.0,9.96,17.18,91.74
10.8843,12.3758,0.0957,0.0111,0.011,-0.0014,0.0,9.96,17.18,91.74
10.8989,-12.7777,0.0962,0.0114,0.0112,0.0021,0.0,10.19,17.42,91.73
10.8989,12.7777,0.0962,0.0114,0.0112,-0.0021,0.0,10.19,17.42,91.73
10.9075,4.349,0.0791,0.0048,0.0047,-0.0007,0.0,17.48,13.79,86.79
10.9202,2.7734,0.0771,0.0029,0.0027,-0.0012,0.0,10.81,12.39,87.19
10.9365,4.0518,0.0787,0.0045,0.0044,-0.001,0.0,16.66,13.53,86.83
10.9476,3.4079,0.0776,0.0035,0.0033,-0.0014,0.0,13.01,12.93,87.02
10.9638,1.7263,0.0769,0.0015,0.0008,-0.0013,0.0,5.61,11.72,87.8
10.9665,-11.0759,0.0928,0.0117,0.0117,0.0007,0.0,10.31,16.86,90.44
10.9665,11.0759,0.0928,0.0117,0.0117,-0.0007,0.0,10.31,16.86,90.44
11.0005,3.0868,0.0772,0.0032,0.0032,-0.0008,0.0,11.86,12.54,86.82
11.0121,-3.6666,0.076,0.0037,0.003,0.0021,0.0,13.84,13.23,88.02
11.0464,-8.434,0.0842,0.0038,0.0038,0.0003,0.0,14.32,19.05,87.6
11.0808,-8.0953,0.0832,0.0048,0.0048,0.0,0.0,17.9,18.62,87.36
11.0975,-3.3312,0.077,0.0031,0.0029,0.0012,0.0,11.55,13.23,87.63
11.1007,-7.7199,0.082,0.0051,0.0051,0.0004,0.0,18.97,18.14,87.53
11.1164,1.8672,0.0771,0.0018,0.0013,-0.0013,0.0,6.72,11.97,87.41
11.119,-2.5212,0.0763,0.0018,0.0013,0.0012,0.0,6.66,12.54,88.34
11.132,-2.1926,0.0756,0.0015,0.0009,0.0011,0.0,5.46,12.26,88.36
11.1328,-1.9214,0.0755,0.0012,0.0006,0.001,0.0,4.36,12.14,88.31
11.1475,-2.9891,0.0772,0.0025,0.0019,0.0017,0.0,9.43,12.93,88.22
11.1581,-9.3587,0.0869,0.0078,0.0078,0.0002,0.0,6.75,17.16,88.78
11.1581,9.3587,0.0869,0.0078,0.0078,-0.0002,0.0,6.75,17.16,88.78
11.1621,5.8955,0.0804,0.0122,0.0121,0.0017,0.0,9.88,16.66,82.89
11.1621,-5.8955,0.0804,0.0122,0.0121,-0.0017,0.0,9.88,16.66,82.89
11.1717,-9.6218,0.0878,0.0093,0.0092,0.0013,0.0,8.08,17.18,88.65
11.1717,9.6218,0.0878,0.0093,0.0092,-0.0013,0.0,8.08,17.18,88.65
11.4253,-15.7891,0.1006,0.01,0.01,0.0002,0.0,9.49,20.3,95.91
11.4253,15.7891,0.1006,0.01,0.01,-0.0002,0.0,9.49,20.3,95.91
11.4257,-15.5047,0.1003,0.0108,0.0108,0.0009,0.0,10.18,20.06,95.36
11.4257,15.5047,0.1003,0.0108,0.0108,-0.0009,0.0,10.18,20.06,95.36
11.4694,-15.1322,0.0998,0.0094,0.0094,0.0006,0.0,8.82,19.85,95.14
11.4694,15.1322,0.0998,0.0094,0.0094,-0.0006,0.0,8.82,19.85,95.14
11.6015,-4.7601,0.0749,0.0052,0.0052,-0.0004,0.0,19.14,15.36,86.93
11.676,-3.867,0.0768,0.0036,0.0034,0.0014,0.0,13.42,14.34,87.44
11.7074,-4.1362,0.0764,0.004,0.004,0.0005,0.0,14.9,14.75,86.93
11.89,5.0148,0.0787,0.0053,0.0052,0.0007,0.0,19.23,15.92,86.19
11.964,5.3912,0.0789,0.0053,0.0052,0.0011,0.0,19.41,16.42,86.11
12.0667,-9.1293,0.0848,0.0074,0.0074,-0.0005,0.0,6.54,18.86,89.53
12.0667,9.1293,0.0848,0.0074,0.0074,0.0005,0.0,6.54,18.86,89.53
12.0699,1.6479,0.0785,0.0023,0.0023,-0.0006,0.0,8.5,13.45,86.0
12.0963,8.9256,0.0988,0.0083,0.0083,0.0001,0.0,6.64,21.72,80.93
12.0963,-8.9256,0.0988,0.0083,0.0083,-0.0001,0.0,6.64,21.72,80.93
12.1264,6.1201,0.0798,0.0055,0.0055,0.0001,0.0,20.16,17.24,85.46
12.1322,-8.7598,0.0835,0.0074,0.0069,-0.0027,0.0,6.51,19.05,89.69
12.1322,8.7598,0.0835,0.0074,0.0069,0.0027,0.0,6.51,19.05,89.69
12.1434,-8.4032,0.0822,0.0077,0.0075,-0.0017,0.0,6.71,19.12,89.06
12.1434,8.4032,0.0822,0.0077,0.0075,0.0017,0.0,6.71,19.12,89.06
12.1517,2.7862,0.0797,0.0033,0.0033,-0.0005,0.0,12.1,14.31,85.75
12.1555,9.3156,0.1017,0.009,0.009,0.0,0.0,7.22,22.34,80.64
12.1555,-9.3156,0.1017,0.009,0.009,0.0,0.0,7.22,22.34,80.64
12.1679,-8.0642,0.081,0.0077,0.0076,-0.0014,0.0,6.76,19.27,88.76
12.1679,8.0642,0.081,0.0077,0.0076,0.0014,0.0,6.76,19.27,88.76
12.1801,1.9868,0.0792,0.0028,0.0027,-0.0006,0.0,10.2,13.79,85.78
12.1921,-7.7674,0.0802,0.0095,0.0091,-0.0027,0.0,8.3,19.4,88.5
12.1921,7.7674,0.0802,0.0095,0.0091,0.0027,0.0,8.3,19.4,88.5
12.3933,2.2093,0.0797,0.0028,0.0027,-0.0006,0.0,10.1,14.28,85.67
12.4614,-2.5736,0.0748,0.0031,0.0031,0.0002,0.0,11.29,14.83,86.4
12.5858,-0.8557,0.0759,0.002,0.002,-0.0002,0.0,7.3,14.31,85.94
12.5943,-1.8889,0.0749,0.0023,0.0022,0.0006,0.0,8.29,14.72,86.64
12.6075,-2.3161,0.0747,0.0026,0.0025,0.0005,0.0,9.53,14.93,86.66
12.8916,-2.0508,0.0868,0.0053,0.005,-0.0019,0.0,4.61,9.37,90.04
12.8916,2.0508,0.0868,0.0053,0.005,0.0019,0.0,4.61,9.37,90.04
12.8957,-2.4935,0.0744,0.0031,0.0031,0.0002,0.0,11.43,15.51,86.28
12.8978,-6.6032,0.0763,0.0056,0.0056,0.0001,0.0,20.89,19.04,86.43
12.9025,9.3257,0.099,0.0048,0.0048,-0.0004,0.0,17.5,22.06,84.85
12.9118,-5.8363,0.0753,0.0056,0.0054,-0.0015,0.0,20.77,18.22,86.62
12.9432,-6.1619,0.0756,0.0056,0.0055,-0.001,0.0,20.74,18.55,86.45
12.9711,8.1313,0.0898,0.007,0.0069,0.0009,0.0,5.6,21.11,81.47
12.9711,-8.1313,0.0898,0.007,0.0069,-0.0009,0.0,5.6,21.11,81.47
12.9839,9.604,0.1006,0.0052,0.005,-0.0012,0.0,19.0,22.55,84.53
13.0562,-11.0199,0.0867,0.0123,0.012,0.0029,-0.0001,11.06,20.57,90.98
13.0562,11.0199,0.0867,0.0123,0.012,-0.0029,-0.0001,11.06,20.57,90.98
13.0842,-3.136,0.074,0.0043,0.0043,-0.0002,0.0,15.56,16.26,85.84
13.0938,-2.886,0.0741,0.004,0.004,0.0007,0.0,14.75,16.12,86.32
13.0951,-10.6093,0.0855,0.0109,0.0109,-0.0006,0.0,9.86,20.59,91.45
13.0951,10.6093,0.0855,0.0109,0.0109,0.0006,0.0,9.86,20.59,91.45
13.1642,-10.1298,0.084,0.0103,0.0103,-0.0001,0.0,9.29,20.68,91.08
13.1642,10.1298,0.084,0.0103,0.0103,0.0001,0.0,9.29,20.68,91.08
13.2025,4.0669,0.0808,0.0048,0.0048,0.0005,0.0,17.45,17.08,85.05
13.2235,10.5685,0.1063,0.0101,0.0101,0.0001,-0.0001,8.14,24.94,80.2
13.2235,-10.5685,0.1063,0.0101,0.0101,-0.0001,-0.0001,8.14,24.94,80.2
13.2502,4.4317,0.08,0.0052,0.0052,0.0007,0.0,18.84,17.45,84.95
13.3087,4.8042,0.0787,0.0053,0.0051,0.0011,0.0,19.12,17.76,85.09
13.4197,5.1344,0.0783,0.0054,0.0053,0.0013,0.0,19.73,18.07,84.93
13.4247,1.9107,0.0838,0.0072,0.0072,0.0006,0.0,6.12,12.97,87.93
13.4408,1.5037,0.0831,0.006,0.006,0.0006,0.0,5.09,12.54,87.5
13.4408,-1.5037,0.0831,0.006,0.006,-0.0006,0.0,5.09,12.54,87.5
13.4468,-2.2407,0.0737,0.0033,0.0033,-0.0002,0.0,12.17,16.34,85.61
13.4688,-0.4815,0.077,0.003,0.0029,-0.0002,0.0,10.67,15.72,85.09
13.49,-0.7435,0.0763,0.0028,0.0028,-0.0003,0.0,10.14,15.94,85.47
13.4968,-1.4827,0.0746,0.003,0.003,-0.0003,0.0,10.88,16.13,85.51
13.504,2.682,0.0823,0.0045,0.0044,0.0009,0.0,16.21,16.49,85.09
13.745,-4.9211,0.0736,0.0055,0.0054,-0.0009,0.0,20.22,18.62,86.14
13.791,-4.5798,0.073,0.0054,0.0052,-0.0013,0.0,19.78,18.41,86.26
13.8576,-7.3973,0.0753,0.0052,0.0051,-0.0008,0.0,19.27,21.15,86.2
13.8933,-6.6584,0.0743,0.0053,0.0052,-0.0004,0.0,19.43,20.45,85.87
13.908,5.5139,0.0793,0.0105,0.0103,0.0023,0.0,8.53,18.44,82.79
13.908,-5.5139,0.0793,0.0105,0.0103,-0.0023,0.0,8.53,18.44,82.79
13.9107,5.8262,0.0791,0.0103,0.01,0.0025,0.0,8.35,18.88,82.72
13.9107,-5.8262,0.0791,0.0103,0.01,-0.0025,0.0,8.35,18.88,82.72
13.9947,-2.3577,0.0776,0.0079,0.0074,-0.0027,-0.0001,6.59,11.39,86.95
14.0279,-7.8259,0.0753,0.0083,0.0083,0.0001,0.0,7.34,22.51,88.85
14.0279,7.8259,0.0753,0.0083,0.0083,-0.0001,0.0,7.34,22.51,88.85
14.0312,-8.1237,0.0758,0.007,0.0067,-0.0022,0.0,6.33,22.43,90.82
14.0312,8.1237,0.0758,0.007,0.0067,0.0022,0.0,6.33,22.43,90.82
14.1132,-3.654,0.0717,0.0035,0.0035,0.0,0.0,12.91,18.28,85.42
14.1937,-0.443,0.0801,0.0066,0.0063,-0.0022,-0.0001,5.53,12.16,86.17
14.1937,0.443,0.0801,0.0066,0.0063,0.0022,-0.0001,5.53,12.16,86.17
14.3148,0.0593,0.0793,0.0037,0.0037,-0.0002,0.0,13.27,17.21,84.24
14.3986,0.7857,0.082,0.0035,0.0035,0.0004,0.0,12.55,17.39,84.38
14.4239,1.5238,0.0837,0.0041,0.0041,0.0004,0.0,14.81,17.58,84.29
14.5012,9.26,0.0912,0.0083,0.0083,-0.0006,-0.0001,6.71,24.0,80.68
14.5012,-9.26,0.0912,0.0083,0.0083,0.0006,-0.0001,6.71,24.0,80.68
14.5266,-10.7843,0.0798,0.01,0.01,0.0004,-0.0001,9.21,23.0,92.43
14.5266,10.7843,0.0798,0.01,0.01,-0.0004,-0.0001,9.21,23.0,92.43
14.5288,-11.8949,0.0834,0.01,0.0097,0.0022,-0.0001,9.2,23.19,92.83
14.5288,11.8949,0.0834,0.01,0.0097,-0.0022,-0.0001,9.2,23.19,92.83
14.5316,8.8961,0.0887,0.0077,0.0077,-0.0006,0.0,6.21,23.57,80.94
14.5316,-8.8961,0.0887,0.0077,0.0077,0.0006,0.0,6.21,23.57,80.94
14.5372,-11.0877,0.0809,0.0099,0.0098,0.0004,0.0,9.1,23.05,92.86
14.5372,11.0877,0.0809,0.0099,0.0098,-0.0004,0.0,9.1,23.05,92.86
14.5527,-11.481,0.0821,0.0101,0.0093,0.004,-0.0001,9.21,23.14,91.65
14.5527,11.481,0.0821,0.0101,0.0093,-0.004,-0.0001,9.21,23.14,91.65
14.5568,8.5016,0.0862,0.0081,0.0081,-0.0003,0.0,6.55,23.05,81.21
14.5568,-8.5016,0.0862,0.0081,0.0081,0.0003,0.0,6.55,23.05,81.21
14.5733,8.1008,0.0839,0.008,0.0079,0.0013,0.0,6.52,22.49,81.61
14.5733,-8.1008,0.0839,0.008,0.0079,-0.0013,0.0,6.52,22.49,81.61
14.58,2.9308,0.084,0.005,0.005,0.0003,0.0,18.03,18.43,84.07
14.7156,5.7215,0.0787,0.0051,0.0049,0.0012,0.0,18.52,20.76,84.66
14.7586,-2.1598,0.0732,0.0084,0.0073,-0.0042,0.0,7.02,12.79,86.05
14.8121,6.0575,0.0783,0.0053,0.0052,0.0011,0.0,19.36,21.14,84.57
14.8437,0.3296,0.081,0.0078,0.0078,0.0003,0.0,6.38,13.75,84.24
14.8447,-0.0664,0.0794,0.008,0.008,0.0007,0.0,6.59,13.48,84.45
14.8674,0.7218,0.0823,0.0085,0.0085,0.0003,0.0,6.95,14.06,84.08
14.8771,1.3913,0.0842,0.0081,0.0081,0.0007,0.0,6.58,14.66,83.59
14.9102,1.0785,0.0836,0.0086,0.0085,-0.0016,0.0,7.06,14.45,84.13
15.0271,6.7302,0.0776,0.0056,0.0054,0.0015,0.0,20.44,22.1,84.51
15.0769,11.4543,0.1021,0.0119,0.0117,-0.0022,-0.0001,9.59,27.48,79.56
15.0769,-11.4543,0.1021,0.0119,0.0117,0.0022,-0.0001,9.59,27.48,79.56
15.1997,-6.046,0.0682,0.0048,0.0048,-0.0006,0.0,17.74,21.82,85.59
15.2145,4.1,0.083,0.0102,0.0102,0.0004,0.0,8.32,18.1,83.11
15.234,3.7438,0.0839,0.0094,0.0092,0.002,0.0,7.66,17.68,83.04
15.243,-5.3609,0.0682,0.0049,0.0048,-0.0006,0.0,17.9,21.39,85.54
15.2478,-2.8726,0.0702,0.0105,0.01,-0.0033,0.0,8.79,13.83,86.32
15.2681,2.9947,0.0857,0.0093,0.0087,0.003,0.0,7.5,16.79,82.99
15.2743,-4.638,0.0682,0.0054,0.0054,-0.0006,0.0,20.02,20.92,85.51
15.3295,-3.1754,0.0694,0.012,0.0103,-0.0062,0.0,10.11,14.01,86.83
15.3339,-9.3783,0.0711,0.0078,0.0077,-0.0003,0.0,7.16,24.35,92.38
15.3339,9.3783,0.0711,0.0078,0.0077,0.0003,0.0,7.16,24.35,92.38
15.3819,-7.7012,0.0685,0.0085,0.0083,-0.0019,-0.0001,7.78,24.72,91.21
15.3819,7.7012,0.0685,0.0085,0.0083,0.0019,-0.0001,7.78,24.72,91.21
15.3821,-7.9772,0.0687,0.0086,0.0085,-0.0012,-0.0001,7.87,24.65,91.25
15.3821,7.9772,0.0687,0.0086,0.0085,0.0012,-0.0001,7.87,24.65,91.25
15.3895,-8.6284,0.0695,0.0066,0.0065,-0.0014,0.0,6.11,24.52,92.25
15.3895,8.6284,0.0695,0.0066,0.0065,0.0014,0.0,6.11,24.52,92.25
15.3937,-8.9739,0.0701,0.0066,0.0066,-0.0009,0.0,6.12,24.48,92.36
15.3937,8.9739,0.0701,0.0066,0.0066,0.0009,0.0,6.12,24.48,92.36
15.6342,0.6712,0.0816,0.0044,0.0044,0.0009,0.0,16.11,19.66,84.47
15.6625,8.0144,0.0798,0.008,0.008,0.0005,0.0,6.51,23.38,81.43
15.6625,-8.0144,0.0798,0.008,0.008,-0.0005,0.0,6.51,23.38,81.43
15.7059,2.4581,0.0877,0.0049,0.0049,0.0001,0.0,17.48,20.06,83.23
15.7388,-2.2638,0.0706,0.0047,0.0046,-0.0008,0.0,17.12,20.27,84.91
15.7605,1.7529,0.0862,0.0045,0.0043,0.0012,0.0,16.23,19.9,84.14
15.8304,-0.4941,0.0764,0.0043,0.0043,0.0001,0.0,15.58,20.04,84.32
15.8473,-0.7865,0.0752,0.0041,0.0041,-0.0004,0.0,14.99,20.09,84.36
15.8777,-0.3187,0.0771,0.0091,0.0091,0.0003,0.0,7.49,15.33,84.89
15.896,-0.9253,0.0745,0.0086,0.0086,-0.0006,0.0,7.14,15.11,85.09
15.9171,-0.6153,0.0757,0.0092,0.009,-0.0018,0.0,7.59,15.26,85.07
15.9596,5.8549,0.0781,0.01,0.0099,0.0015,0.0,8.19,21.26,82.62
15.9596,-5.8549,0.0781,0.01,0.0099,-0.0015,0.0,8.19,21.26,82.62
16.2273,-10.299,0.0689,0.0097,0.0097,0.0007,0.0,9.1,25.67,93.36
16.2273,10.299,0.0689,0.0097,0.0097,-0.0007,0.0,9.1,25.67,93.36
16.2375,-9.9908,0.068,0.0085,0.0084,-0.0007,0.0,7.95,25.68,93.7
16.2375,9.9908,0.068,0.0085,0.0084,0.0007,0.0,7.95,25.68,93.7
16.2387,10.2287,0.089,0.0091,0.0091,0.0003,0.0,7.37,26.78,80.36
16.2387,-10.2287,0.089,0.0091,0.0091,-0.0003,0.0,7.37,26.78,80.36
16.2406,-11.6214,0.0738,0.0097,0.0097,-0.0007,0.0,9.22,25.86,94.78
16.2406,11.6214,0.0738,0.0097,0.0097,0.0007,0.0,9.22,25.86,94.78
16.2521,-10.924,0.0705,0.0097,0.0097,0.0002,0.0,9.14,25.72,94.04
16.2521,10.924,0.0705,0.0097,0.0097,-0.0002,0.0,9.14,25.72,94.04
16.2538,-10.5852,0.0695,0.0096,0.0096,0.0005,0.0,9.0,25.7,93.62
16.2538,10.5852,0.0695,0.0096,0.0096,-0.0005,0.0,9.0,25.7,93.62
16.2653,9.7581,0.0864,0.0092,0.0092,0.0002,0.0,7.48,26.17,80.61
16.2653,-9.7581,0.0864,0.0092,0.0092,-0.0002,0.0,7.48,26.17,80.61
16.2666,-11.2682,0.0719,0.0096,0.0096,0.0002,0.0,9.08,25.78,94.12
16.2666,11.2682,0.0719,0.0096,0.0096,-0.0002,0.0,9.08,25.78,94.12
16.7103,3.0327,0.0869,0.0056,0.0054,0.0014,0.0,20.43,22.22,84.12
16.7452,-7.7785,0.0607,0.0075,0.0073,-0.0017,0.0,7.03,26.81,92.55
16.7452,7.7785,0.0607,0.0075,0.0073,0.0017,0.0,7.03,26.81,92.55
16.7608,-8.7057,0.0621,0.0072,0.0071,-0.0002,0.0,6.7,26.66,92.89
16.7608,8.7057,0.0621,0.0072,0.0071,0.0002,0.0,6.7,26.66,92.89
16.7914,-8.4191,0.0614,0.0067,0.0067,-0.0004,0.0,6.32,26.76,92.92
16.7914,8.4191,0.0614,0.0067,0.0067,0.0004,0.0,6.32,26.76,92.92
16.8093,-4.4714,0.061,0.0057,0.0056,-0.0012,0.0,21.05,23.16,85.25
16.8462,-4.1879,0.0612,0.0102,0.01,-0.002,-0.0001,8.67,17.03,87.02
16.8691,-3.1928,0.0634,0.0099,0.0096,-0.0025,-0.0001,8.4,16.8,86.58
16.9152,0.3666,0.0767,0.0107,0.0106,-0.0019,-0.0001,8.86,17.49,84.49
16.9488,3.6941,0.0839,0.0058,0.0054,0.0021,0.0,21.16,22.88,84.58
16.9663,1.1069,0.08,0.0106,0.0106,0.0003,0.0,8.74,17.95,84.01
16.9738,0.7712,0.0784,0.0103,0.0103,-0.0003,0.0,8.47,17.76,84.33
16.9784,1.4843,0.0819,0.0114,0.0114,-0.0004,0.0,9.35,18.21,83.92
17.0328,8.7439,0.0793,0.008,0.008,0.0003,0.0,6.54,25.72,81.13
17.0328,-8.7439,0.0793,0.008,0.008,-0.0003,0.0,6.54,25.72,81.13
17.1651,2.5767,0.0843,0.0105,0.0103,0.0023,-0.0001,8.65,19.64,83.67
17.1787,4.636,0.0794,0.0053,0.0051,0.0012,0.0,19.29,23.88,84.19
17.2056,2.9401,0.0845,0.0102,0.01,0.0018,-0.0001,8.4,20.0,83.65
17.2078,3.343,0.0839,0.01,0.0095,0.0031,-0.0001,8.22,20.49,83.41
17.2104,4.0793,0.0814,0.0105,0.0104,0.0016,-0.0001,8.67,21.12,83.3
17.2307,3.7608,0.0823,0.0114,0.0111,0.0027,-0.0001,9.41,20.83,83.4
17.4841,-2.2216,0.0628,0.0107,0.0105,-0.0021,-0.0001,9.03,17.86,85.96
17.5217,-1.8641,0.0637,0.0118,0.0102,-0.006,-0.0001,9.94,17.94,85.93
17.5499,0.1185,0.0724,0.0055,0.0055,0.0,0.0,20.03,23.04,83.91
17.5505,1.571,0.0787,0.0057,0.0057,0.0008,0.0,20.97,23.28,84.11
17.5566,-1.1278,0.0665,0.0102,0.0093,-0.0041,-0.0001,8.51,18.13,85.53
17.5629,-1.1502,0.0664,0.0048,0.0048,-0.0006,0.0,17.6,23.16,84.18
17.5725,-0.8495,0.0677,0.0049,0.0049,-0.0006,0.0,18.06,23.14,84.12
17.5749,-0.4765,0.0695,0.0126,0.0125,0.0015,-0.0001,10.46,18.34,84.78
17.583,-2.2256,0.0623,0.0053,0.0053,-0.0006,0.0,19.42,23.42,84.28
17.5919,-1.4764,0.0649,0.0055,0.0054,-0.001,0.0,20.25,23.27,84.32
17.601,0.8179,0.0753,0.0053,0.0053,0.0006,0.0,19.47,23.18,84.07
17.6192,-10.442,0.0624,0.0098,0.0098,0.0007,-0.0001,9.5,27.92,95.35
17.6192,10.442,0.0624,0.0098,0.0098,-0.0007,-0.0001,9.5,27.92,95.35
17.806,-4.4636,0.0551,0.0057,0.0056,-0.001,0.0,21.25,24.72,84.97
17.8068,-4.2126,0.0556,0.0057,0.0056,-0.0012,0.0,21.31,24.59,85.05
17.8621,5.0326,0.0746,0.0099,0.0096,0.0024,-0.0001,8.15,22.8,82.9
17.8621,-5.0326,0.0746,0.0099,0.0096,-0.0024,-0.0001,8.15,22.8,82.9
17.9143,-3.5493,0.0566,0.0112,0.0107,-0.0033,-0.0001,9.52,18.77,86.77
17.9161,5.4162,0.0737,0.0115,0.0114,0.0014,-0.0001,9.49,23.25,82.8
17.9161,-5.4162,0.0737,0.0115,0.0114,-0.0014,-0.0001,9.49,23.25,82.8
17.9179,5.7734,0.0733,0.0109,0.0105,0.0027,-0.0001,8.97,23.53,82.71
17.9179,-5.7734,0.0733,0.0109,0.0105,-0.0027,-0.0001,8.97,23.53,82.71
17.9777,-5.884,0.0521,0.0055,0.0054,-0.0007,0.0,20.4,25.84,85.03
18.1231,-0.0181,0.0686,0.0124,0.0123,-0.0018,-0.0001,10.34,19.52,84.82
18.1278,0.7623,0.072,0.0097,0.0096,-0.0007,-0.0001,8.03,19.86,84.41
18.1477,0.377,0.0702,0.0111,0.0111,0.0002,-0.0001,9.26,19.72,84.44
18.1578,-8.7478,0.0543,0.0066,0.0065,-0.0008,0.0,6.34,28.83,95.1
18.1578,8.7478,0.0543,0.0066,0.0065,0.0008,0.0,6.34,28.83,95.1
18.1693,1.764,0.0755,0.011,0.0107,0.0022,-0.0001,9.08,20.54,83.95
18.1932,1.4785,0.0743,0.0115,0.0111,-0.0028,-0.0001,9.51,20.37,84.11
18.1992,1.163,0.0731,0.0101,0.01,0.0015,-0.0001,8.36,20.2,84.12
18.239,2.6517,0.0764,0.0054,0.0051,0.0019,0.0,20.04,24.71,84.36
18.3806,3.0014,0.0754,0.0061,0.0058,0.0018,0.0,22.33,25.07,84.31
18.4854,3.3449,0.0743,0.0055,0.0053,0.0015,0.0,20.39,25.35,84.28
18.5674,2.6789,0.0739,0.0106,0.0102,0.0029,-0.0001,8.8,21.85,83.74
18.579,3.4806,0.073,0.0114,0.0112,0.0022,-0.0001,9.51,22.54,83.68
18.5926,4.487,0.0716,0.0104,0.0103,0.0017,-0.0001,8.63,23.38,83.33
18.5967,3.8372,0.0723,0.0109,0.0106,0.0025,-0.0001,9.02,22.87,83.56
18.6095,3.0871,0.0736,0.0104,0.0103,0.0018,-0.0001,8.65,22.27,83.7
18.6137,4.1566,0.0717,0.0103,0.0099,0.0028,-0.0001,8.54,23.13,83.41
18.6581,-2.736,0.054,0.0055,0.0055,-0.0005,-0.0001,20.54,25.43,84.71
18.6789,0.6602,0.068,0.0056,0.0056,0.0005,0.0,20.59,24.96,84.02
18.7256,4.0053,0.071,0.0057,0.0056,0.0011,-0.0001,20.92,25.99,84.19
18.7427,-11.5574,0.0581,0.0085,0.0084,0.0015,-0.0001,8.41,29.65,96.97
18.7427,11.5574,0.0581,0.0085,0.0084,-0.0015,-0.0001,8.41,29.65,96.97
18.8013,-10.8169,0.0548,0.0093,0.0093,-0.0009,-0.0001,9.44,29.79,98.91
18.8013,10.8169,0.0548,0.0093,0.0093,0.0009,-0.0001,9.44,29.79,98.91
18.9362,-2.0546,0.0554,0.0109,0.01,-0.0045,-0.0001,9.3,20.39,86.14
18.9433,-1.6717,0.0568,0.0115,0.0109,-0.0038,-0.0001,9.77,20.44,85.79
18.946,-2.4654,0.0532,0.012,0.0118,-0.0024,-0.0001,10.23,20.41,86.12
18.9708,-1.2846,0.0581,0.0113,0.0107,-0.0036,-0.0001,9.57,20.55,85.68
19.0574,-3.9722,0.0476,0.0129,0.0127,-0.0025,-0.0001,9.43,16.76,82.39
19.0574,3.9722,0.0476,0.0129,0.0127,0.0025,-0.0001,9.43,16.76,82.39
19.1336,-3.2256,0.0485,0.0111,0.0105,-0.0034,-0.0001,8.09,16.4,82.49
19.1336,3.2256,0.0485,0.0111,0.0105,0.0034,-0.0001,8.09,16.4,82.49
19.1525,-2.2098,0.0532,0.0115,0.0112,-0.0026,-0.0001,8.36,16.05,82.3
19.1525,2.2098,0.0532,0.0115,0.0112,0.0026,-0.0001,8.36,16.05,82.3
19.5122,5.5822,0.0645,0.0105,0.0102,0.0025,-0.0001,8.73,25.45,82.74
19.5122,-5.5822,0.0645,0.0105,0.0102,-0.0025,-0.0001,8.73,25.45,82.74
19.522,5.9417,0.0643,0.0103,0.0101,0.0018,-0.0001,8.52,25.79,82.68
19.522,-5.9417,0.0643,0.0103,0.0101,-0.0018,-0.0001,8.52,25.79,82.68
19.5585,5.1179,0.0641,0.0089,0.0084,0.0027,-0.0001,7.38,25.15,82.98
19.5585,-5.1179,0.0641,0.0089,0.0084,-0.0027,-0.0001,7.38,25.15,82.98
19.6198,0.7999,0.0608,0.0108,0.0108,-0.0003,-0.0001,9.04,22.42,84.6
19.6322,1.1503,0.0619,0.0113,0.0113,0.0005,-0.0001,9.48,22.6,84.46
19.6483,1.8024,0.0635,0.0106,0.0105,0.0013,-0.0001,8.87,22.98,84.25
19.6709,4.044,0.0639,0.0104,0.0097,0.0038,-0.0001,7.61,18.5,82.28
19.6754,1.4897,0.0625,0.0128,0.0126,0.002,-0.0001,10.73,22.84,84.37
19.7116,3.7771,0.0639,0.0102,0.0098,0.0031,-0.0001,7.5,18.3,82.24
19.7886,3.0688,0.0618,0.0153,0.0128,0.0083,-0.0001,11.24,18.13,82.7
19.8037,-3.0774,0.0443,0.0117,0.0111,-0.0035,-0.0001,10.03,21.93,86.69
19.8038,-3.766,0.0426,0.011,0.0109,-0.002,-0.0001,9.51,22.05,86.85
19.8075,-3.3164,0.0437,0.0115,0.0112,-0.0026,-0.0001,9.86,21.96,86.79
19.815,-4.0219,0.0419,0.0111,0.0108,-0.0025,-0.0001,9.6,22.12,87.08
20.293,-5.2234,0.0357,0.0119,0.0117,-0.0026,-0.0001,10.44,23.23,87.75
20.3082,-5.4615,0.0353,0.0109,0.0107,-0.0023,-0.0001,9.56,23.34,87.79
20.3884,2.4743,0.0571,0.0114,0.011,0.0032,-0.0001,9.61,24.57,84.0
20.4082,2.9214,0.0563,0.0112,0.011,0.0021,-0.0001,9.37,24.77,83.87
20.4087,3.3029,0.0567,0.0126,0.012,0.0039,-0.0001,10.53,24.94,83.55
20.5963,-2.2992,0.0421,0.0112,0.011,-0.0021,-0.0001,9.63,23.19,86.08
20.6458,-1.9179,0.0432,0.0114,0.0111,-0.0026,-0.0001,9.76,23.29,85.95
20.6609,-1.5167,0.0441,0.0115,0.0115,-0.0008,-0.0001,9.84,23.35,85.71
20.6642,-0.861,0.0469,0.0124,0.0123,-0.0015,-0.0001,10.6,23.58,85.41
20.6689,-1.2122,0.0451,0.0118,0.0117,-0.0013,-0.0001,10.09,23.55,85.63
20.9886,4.9156,0.0542,0.0105,0.0098,0.0038,-0.0001,7.66,21.12,81.03
21.0285,5.306,0.0541,0.0112,0.0106,0.0035,-0.0001,8.13,21.49,80.75
21.1255,-7.055,0.0276,0.0118,0.0115,-0.0029,-0.0001,8.58,22.31,80.48
21.1255,7.055,0.0276,0.0118,0.0115,0.0029,-0.0001,8.58,22.31,80.48
21.2035,-5.9326,0.0274,0.0103,0.0098,-0.0032,-0.0001,7.47,21.55,80.64
21.2035,5.9326,0.0274,0.0103,0.0098,0.0032,-0.0001,7.47,21.55,80.64
21.21,-6.7273,0.0268,0.0117,0.0114,-0.0025,-0.0001,8.45,22.18,80.36
21.21,6.7273,0.0268,0.0117,0.0114,0.0025,-0.0001,8.45,22.18,80.36
21.2198,-6.3605,0.0268,0.0102,0.01,-0.002,-0.0001,7.39,21.86,80.27
21.2198,6.3605,0.0268,0.0102,0.01,0.002,-0.0001,7.39,21.86,80.27
21.2561,-5.1943,0.0284,0.0113,0.0112,-0.002,-0.0001,8.15,21.05,80.14
21.2561,5.1943,0.0284,0.0113,0.0112,0.002,-0.0001,8.15,21.05,80.14
21.2722,-4.4806,0.0302,0.0112,0.0107,-0.0032,-0.0001,8.07,20.6,80.52
21.2722,4.4806,0.0302,0.0112,0.0107,0.0032,-0.0001,8.07,20.6,80.52
21.2728,-2.8416,0.0354,0.0125,0.0122,-0.0025,-0.0001,8.96,19.78,80.25
21.2728,2.8416,0.0354,0.0125,0.0122,0.0025,-0.0001,8.96,19.78,80.25
21.2743,-5.5942,0.0274,0.0108,0.0102,-0.0033,-0.0001,7.8,21.4,80.61
21.2743,5.5942,0.0274,0.0108,0.0102,0.0033,-0.0001,7.8,21.4,80.61
21.2989,-2.065,0.0383,0.0118,0.0116,-0.0019,-0.0001,8.42,19.59,80.11
21.2989,2.065,0.0383,0.0118,0.0116,0.0019,-0.0001,8.42,19.59,80.11
21.3207,-2.4595,0.0367,0.0116,0.0115,-0.0012,-0.0001,8.25,19.75,79.87
21.3207,2.4595,0.0367,0.0116,0.0115,0.0012,-0.0001,8.25,19.75,79.87
21.3422,0.005,0.0455,0.0108,0.0108,0.0008,-0.0001,9.21,24.86,85.02
21.3694,-0.0649,0.0449,0.0122,0.0122,0.0002,-0.0001,8.72,19.61,79.88
21.3969,0.3787,0.0457,0.0105,0.0105,0.0003,-0.0001,8.91,25.05,85.01
21.42,0.826,0.0466,0.0104,0.0104,0.0002,-0.0001,8.85,25.28,84.9
21.4358,-1.5577,0.0387,0.0113,0.0112,-0.0016,-0.0001,8.08,19.7,79.99
21.4358,1.5577,0.0387,0.0113,0.0112,0.0016,-0.0001,8.08,19.7,79.99
21.4468,-0.7869,0.0409,0.0117,0.0117,-0.001,-0.0001,8.36,19.6,79.8
21.4526,1.1674,0.0471,0.0124,0.0124,0.0008,-0.0001,10.55,25.5,84.69
21.4595,1.4673,0.0477,0.0102,0.01,0.0019,-0.0001,8.67,25.64,84.41
21.4847,-1.1711,0.0395,0.0111,0.0111,0.0001,-0.0001,7.94,19.69,79.71
21.6932,-5.3669,0.0248,0.0115,0.0111,-0.0031,-0.0001,10.15,25.46,88.02
21.7463,-5.176,0.0249,0.0102,0.01,-0.0016,-0.0001,8.94,25.48,87.67
21.8317,-5.9568,0.0223,0.0091,0.009,-0.0008,-0.0001,8.02,25.92,87.88
22.5941,-3.4228,0.0254,0.0128,0.0126,-0.0024,-0.0001,11.2,26.33,86.69
22.6449,-3.0031,0.0266,0.0112,0.0109,-0.0023,-0.0001,9.74,26.37,86.48
23.4454,-4.5168,0.0181,0.0119,0.0119,-0.0007,0.0,8.37,23.78,77.46
23.4454,4.5168,0.0181,0.0119,0.0119,0.0007,0.0,8.37,23.78,77.46
23.4487,-5.9998,0.012,0.0106,0.0102,-0.0029,-0.0001,7.55,24.69,78.49
23.4487,5.9998,0.012,0.0106,0.0102,0.0029,-0.0001,7.55,24.69,78.49
23.4515,-4.2614,0.019,0.0111,0.0111,-0.0001,0.0,7.79,23.66,77.61
23.4515,4.2614,0.019,0.0111,0.0111,0.0001,0.0,7.79,23.66,77.61
23.4638,-4.8728,0.0167,0.0124,0.0118,-0.0036,0.0,8.81,24.0,78.54
23.4638,4.8728,0.0167,0.0124,0.0118,0.0036,0.0,8.81,24.0,78.54
23.4685,-5.245,0.015,0.0106,0.0105,-0.0016,0.0,7.48,24.21,77.92
23.4685,5.245,0.015,0.0106,0.0105,0.0016,0.0,7.48,24.21,77.92
23.4795,-5.6401,0.0132,0.0126,0.0111,-0.006,-0.0001,9.09,24.51,79.26
23.4795,5.6401,0.0132,0.0126,0.0111,0.006,-0.0001,9.09,24.51,79.26
24.0215,-1.9447,0.0254,0.0122,0.0119,-0.0028,-0.0001,8.62,23.96,77.93
24.0215,1.9447,0.0254,0.0122,0.0119,0.0028,-0.0001,8.62,23.96,77.93
24.0392,-0.469,0.0266,0.0127,0.0126,0.0016,-0.0001,8.95,23.73,77.63
24.0532,-1.1898,0.0249,0.0116,0.0116,-0.0004,-0.0001,8.09,23.76,76.86
24.0826,-1.5568,0.025,0.0116,0.0114,-0.0019,-0.0001,8.14,23.99,77.52
24.0826,1.5568,0.025,0.0116,0.0114,0.0019,-0.0001,8.14,23.99,77.52
