x_over_T,y_over_T,z_over_T,Cp
3.2057342959913417,0.0010000000036590455,-0.22334748076345132,-0.11600934
3.2057342959913417,0.003000000010977137,-0.22334748076345132,-0.115985736
3.2499097963091055,0.0010000000036590455,-0.2150565081872202,-0.10594156
3.2499097963091055,0.003000000010977137,-0.2150565081872202,-0.105919614
3.2499097963091055,0.004999999916817437,-0.2150565081872202,-0.10587318
3.2499097963091055,0.006999999924135528,-0.2150565081872202,-0.10579911
3.2499097963091055,0.008999999931453619,-0.2150565081872202,-0.10572921
3.2499097963091055,0.010999999735816128,-0.2150565081872202,-0.10567134
3.2499097963091055,0.012999999540178638,-0.2150565081872202,-0.10563733
3.2499097963091055,0.014999999750452311,-0.2150565081872202,-0.10562715
3.2499097963091055,0.01700000036663715,-0.2150565081872202,-0.10564231
3.2499097963091055,0.01900000017099966,-0.2150565081872202,-0.105679885
3.2499097963091055,0.020999999975362168,-0.2150565081872202,-0.10573774
3.2499097963091055,0.022999999779724677,-0.2150565081872202,-0.10581235
3.2499097963091055,0.024999999584087183,-0.2150565081872202,-0.105900854
3.2499097963091055,0.026999999388449693,-0.2150565081872202,-0.10600018
3.2499097963091055,0.02900000000463453,-0.2150565081872202,-0.106107675
3.2499097963091055,0.031000000620819368,-0.2150565081872202,-0.106220976
3.2499097963091055,0.03299999961335955,-0.2150565081872202,-0.10633802
3.2499097963091055,0.03500000022954439,-0.2150565081872202,-0.106457055
3.2499097963091055,0.03700000084572922,-0.2150565081872202,-0.10657664
3.2499097963091055,0.038999999838269406,-0.2150565081872202,-0.106695555
3.2499097963091055,0.04100000045445424,-0.2150565081872202,-0.10681287
3.2499097963091055,0.04300000107063908,-0.2150565081872202,-0.10692782
3.2499097963091055,0.04500000006317926,-0.2150565081872202,-0.1070398
3.2499097963091055,0.046999999055719444,-0.2150565081872202,-0.10714836
3.2499097963091055,0.04899999967190428,-0.2150565081872202,-0.107253194
3.2499097963091055,0.05100000028808912,-0.2150565081872202,-0.10735404
3.2499097963091055,0.0529999992806293,-0.2150565081872202,-0.10745074
3.2499097963091055,0.05499999827316948,-0.2150565081872202,-0.107543126
3.2499097963091055,0.05699999726570966,-0.2150565081872202,-0.10763118
3.2499097963091055,0.05899999950553916,-0.2150565081872202,-0.10771471
3.2499097963091055,0.06100000174536865,-0.2150565081872202,-0.107793845
3.2499097963091055,0.06300000073790883,-0.2150565081872202,-0.10786802
3.2499097963091055,0.06499999973044901,-0.2150565081872202,-0.10793794
3.2499097963091055,0.06699999872298919,-0.2150565081872202,-0.10800377
3.2499097963091055,0.06899999771552937,-0.2150565081872202,-0.108064614
3.293156416013816,0.0010000000036590455,-0.20685034181865522,-0.09579054
3.293156416013816,0.003000000010977137,-0.20685034181865522,-0.09577048
3.293156416013816,0.004999999916817437,-0.20685034181865522,-0.09572574
3.293156416013816,0.006999999924135528,-0.20685034181865522,-0.09565381
3.293156416013816,0.008999999931453619,-0.20685034181865522,-0.09558502
3.293156416013816,0.010999999735816128,-0.20685034181865522,-0.095527075
3.293156416013816,0.012999999540178638,-0.20685034181865522,-0.09549139
3.293156416013816,0.014999999750452311,-0.20685034181865522,-0.095478274
3.293156416013816,0.01700000036663715,-0.20685034181865522,-0.095489286
3.293156416013816,0.01900000017099966,-0.20685034181865522,-0.095521785
3.293156416013816,0.020999999975362168,-0.20685034181865522,-0.09557382
3.293156416013816,0.022999999779724677,-0.20685034181865522,-0.09564211
3.293156416013816,0.024999999584087183,-0.20685034181865522,-0.09572394
3.293156416013816,0.026999999388449693,-0.20685034181865522,-0.09581638
3.293156416013816,0.02900000000463453,-0.20685034181865522,-0.09591691
3.293156416013816,0.031000000620819368,-0.20685034181865522,-0.096023254
3.293156416013816,0.03299999961335955,-0.20685034181865522,-0.0961334
3.293156416013816,0.03500000022954439,-0.20685034181865522,-0.096245684
3.293156416013816,0.03700000084572922,-0.20685034181865522,-0.09635866
3.293156416013816,0.038999999838269406,-0.20685034181865522,-0.09647116
3.293156416013816,0.04100000045445424,-0.20685034181865522,-0.09658224
3.293156416013816,0.04300000107063908,-0.20685034181865522,-0.096691124
3.293156416013816,0.04500000006317926,-0.20685034181865522,-0.09679725
3.293156416013816,0.046999999055719444,-0.20685034181865522,-0.096900135
3.293156416013816,0.04899999967190428,-0.20685034181865522,-0.09699947
3.293156416013816,0.05100000028808912,-0.20685034181865522,-0.09709498
3.293156416013816,0.0529999992806293,-0.20685034181865522,-0.09718649
3.293156416013816,0.05499999827316948,-0.20685034181865522,-0.09727388
3.293156416013816,0.05699999726570966,-0.20685034181865522,-0.09735707
3.293156416013816,0.05899999950553916,-0.20685034181865522,-0.09743597
3.293156416013816,0.06100000174536865,-0.20685034181865522,-0.097510576
3.293156416013816,0.06300000073790883,-0.20685034181865522,-0.097580604
3.293156416013816,0.06499999973044901,-0.20685034181865522,-0.09764629
3.293156416013816,0.06699999872298919,-0.20685034181865522,-0.09770794
3.293156416013816,0.06899999771552937,-0.20685034181865522,-0.09776513
3.3354638676929342,0.0010000000036590455,-0.19873732719128767,-0.08579502
3.3354638676929342,0.003000000010977137,-0.19873732719128767,-0.08577701
3.3354638676929342,0.004999999916817437,-0.19873732719128767,-0.08573418
3.3354638676929342,0.006999999924135528,-0.19873732719128767,-0.08566617
3.3354638676929342,0.008999999931453619,-0.19873732719128767,-0.08560027
3.3354638676929342,0.010999999735816128,-0.19873732719128767,-0.08554464
3.3354638676929342,0.012999999540178638,-0.19873732719128767,-0.08550996
3.3354638676929342,0.014999999750452311,-0.19873732719128767,-0.08549685
3.3354638676929342,0.01700000036663715,-0.19873732719128767,-0.08550677
3.3354638676929342,0.01900000017099966,-0.19873732719128767,-0.08553736
3.3354638676929342,0.020999999975362168,-0.19873732719128767,-0.085586764
3.3354638676929342,0.022999999779724677,-0.19873732719128767,-0.08565188
3.3354638676929342,0.024999999584087183,-0.19873732719128767,-0.08573014
3.3354638676929342,0.026999999388449693,-0.19873732719128767,-0.08581874
3.3354638676929342,0.02900000000463453,-0.19873732719128767,-0.085915245
3.3354638676929342,0.031000000620819368,-0.19873732719128767,-0.08601745
3.3354638676929342,0.03299999961335955,-0.19873732719128767,-0.08612343
3.3354638676929342,0.03500000022954439,-0.19873732719128767,-0.086231515
3.3354638676929342,0.03700000084572922,-0.19873732719128767,-0.08634032
3.3354638676929342,0.038999999838269406,-0.19873732719128767,-0.0864487
3.3354638676929342,0.04100000045445424,-0.19873732719128767,-0.0865557
3.3354638676929342,0.04300000107063908,-0.19873732719128767,-0.08666055
3.3354638676929342,0.04500000006317926,-0.19873732719128767,-0.08676268
3.3354638676929342,0.046999999055719444,-0.19873732719128767,-0.08686162
3.3354638676929342,0.04899999967190428,-0.19873732719128767,-0.08695702
3.3354638676929342,0.05100000028808912,-0.19873732719128767,-0.087048635
3.3354638676929342,0.0529999992806293,-0.19873732719128767,-0.08713627
3.3354638676929342,0.05499999827316948,-0.19873732719128767,-0.0872198
3.3354638676929342,0.05699999726570966,-0.19873732719128767,-0.087299146
3.3354638676929342,0.05899999950553916,-0.19873732719128767,-0.08737426
3.3354638676929342,0.06100000174536865,-0.19873732719128767,-0.08744504
3.3354638676929342,0.06300000073790883,-0.19873732719128767,-0.08751151
3.3354638676929342,0.06499999973044901,-0.19873732719128767,-0.08757333
3.3354638676929342,0.06699999872298919,-0.19873732719128767,-0.087631084
3.3354638676929342,0.06899999771552937,-0.19873732719128767,-0.08768485
3.376823630459305,0.0010000000036590455,-0.19072355621986642,-0.07573236
3.376823630459305,0.003000000010977137,-0.19072355621986642,-0.07571598
3.376823630459305,0.004999999916817437,-0.19072355621986642,-0.0756749
3.376823630459305,0.006999999924135528,-0.19072355621986642,-0.0756099
3.376823630459305,0.008999999931453619,-0.19072355621986642,-0.0755459
3.376823630459305,0.010999999735816128,-0.19072355621986642,-0.07549148
3.376823630459305,0.012999999540178638,-0.19072355621986642,-0.07545655
3.376823630459305,0.014999999750452311,-0.19072355621986642,-0.075442135
3.376823630459305,0.01700000036663715,-0.19072355621986642,-0.07544961
3.376823630459305,0.01900000017099966,-0.19072355621986642,-0.075476915
3.376823630459305,0.020999999975362168,-0.19072355621986642,-0.075522296
3.376823630459305,0.022999999779724677,-0.19072355621986642,-0.075582884
3.376823630459305,0.024999999584087183,-0.19072355621986642,-0.07565621
3.376823630459305,0.026999999388449693,-0.19072355621986642,-0.07573961
3.376823630459305,0.02900000000463453,-0.19072355621986642,-0.07583077
3.376823630459305,0.031000000620819368,-0.19072355621986642,-0.07592758
3.376823630459305,0.03299999961335955,-0.19072355621986642,-0.07602814
3.376823630459305,0.03500000022954439,-0.19072355621986642,-0.07613085
3.376823630459305,0.03700000084572922,-0.19072355621986642,-0.07623437
3.376823630459305,0.038999999838269406,-0.19072355621986642,-0.076337546
3.376823630459305,0.04100000045445424,-0.19072355621986642,-0.07643944
3.376823630459305,0.04300000107063908,-0.19072355621986642,-0.076539315
3.376823630459305,0.04500000006317926,-0.19072355621986642,-0.076636575
3.376823630459305,0.046999999055719444,-0.19072355621986642,-0.07673074
3.376823630459305,0.04899999967190428,-0.19072355621986642,-0.076821476
3.376823630459305,0.05100000028808912,-0.19072355621986642,-0.076908514
3.376823630459305,0.0529999992806293,-0.19072355621986642,-0.076991655
3.376823630459305,0.05499999827316948,-0.19072355621986642,-0.0770708
3.376823630459305,0.05699999726570966,-0.19072355621986642,-0.07714583
3.376823630459305,0.05899999950553916,-0.19072355621986642,-0.077216744
3.376823630459305,0.06100000174536865,-0.19072355621986642,-0.0772834
3.376823630459305,0.06300000073790883,-0.19072355621986642,-0.077345885
3.376823630459305,0.06499999973044901,-0.19072355621986642,-0.077403806
3.376823630459305,0.06699999872298919,-0.19072355621986642,-0.07745756
3.376823630459305,0.06899999771552937,-0.19072355621986642,-0.07750754
3.417229157777677,0.0010000000036590455,-0.18281458176911458,-0.06575611
3.417229157777677,0.003000000010977137,-0.18281458176911458,-0.06574127
3.417229157777677,0.004999999916817437,-0.18281458176911458,-0.06570181
3.417229157777677,0.006999999924135528,-0.18281458176911458,-0.06564096
3.417229157777677,0.008999999931453619,-0.18281458176911458,-0.065579645
3.417229157777677,0.010999999735816128,-0.18281458176911458,-0.06552753
3.417229157777677,0.012999999540178638,-0.18281458176911458,-0.06549359
3.417229157777677,0.014999999750452311,-0.18281458176911458,-0.06547925
3.417229157777677,0.01700000036663715,-0.18281458176911458,-0.065485716
3.417229157777677,0.01900000017099966,-0.18281458176911458,-0.065511234
3.417229157777677,0.020999999975362168,-0.18281458176911458,-0.065554105
3.417229157777677,0.022999999779724677,-0.18281458176911458,-0.065611675
3.417229157777677,0.024999999584087183,-0.18281458176911458,-0.065681554
3.417229157777677,0.026999999388449693,-0.18281458176911458,-0.06576122
3.417229157777677,0.02900000000463453,-0.18281458176911458,-0.06584847
3.417229157777677,0.031000000620819368,-0.18281458176911458,-0.06594122
3.417229157777677,0.03299999961335955,-0.18281458176911458,-0.06603768
3.417229157777677,0.03500000022954439,-0.18281458176911458,-0.06613628
3.417229157777677,0.03700000084572922,-0.18281458176911458,-0.066235684
3.417229157777677,0.038999999838269406,-0.18281458176911458,-0.06633479
3.417229157777677,0.04100000045445424,-0.18281458176911458,-0.066432655
3.417229157777677,0.04300000107063908,-0.18281458176911458,-0.066528544
3.417229157777677,0.04500000006317926,-0.18281458176911458,-0.066621855
3.417229157777677,0.046999999055719444,-0.18281458176911458,-0.066712126
3.417229157777677,0.04899999967190428,-0.18281458176911458,-0.066799
3.417229157777677,0.05100000028808912,-0.18281458176911458,-0.06688219
3.417229157777677,0.0529999992806293,-0.18281458176911458,-0.066961534
3.417229157777677,0.05499999827316948,-0.18281458176911458,-0.0670369
3.417229157777677,0.05699999726570966,-0.18281458176911458,-0.0671082
3.417229157777677,0.05899999950553916,-0.18281458176911458,-0.06717536
3.417229157777677,0.06100000174536865,-0.18281458176911458,-0.06723833
3.417229157777677,0.06300000073790883,-0.18281458176911458,-0.06729711
3.417229157777677,0.06499999973044901,-0.18281458176911458,-0.06735153
3.417229157777677,0.06699999872298919,-0.18281458176911458,-0.0674016
3.417229157777677,0.06899999771552937,-0.18281458176911458,-0.067447744
3.456676293117731,0.0010000000036590455,-0.17501554754530202,-0.055733595
3.456676293117731,0.003000000010977137,-0.17501554754530202,-0.055720296
3.456676293117731,0.004999999916817437,-0.17501554754530202,-0.055682454
3.456676293117731,0.006999999924135528,-0.17501554754530202,-0.055624373
3.456676293117731,0.008999999931453619,-0.17501554754530202,-0.05556493
3.456676293117731,0.010999999735816128,-0.17501554754530202,-0.055513997
3.456676293117731,0.012999999540178638,-0.17501554754530202,-0.055479895
3.456676293117731,0.014999999750452311,-0.17501554754530202,-0.055464394
3.456676293117731,0.01700000036663715,-0.17501554754530202,-0.055468608
3.456676293117731,0.01900000017099966,-0.17501554754530202,-0.055491056
3.456676293117731,0.020999999975362168,-0.17501554754530202,-0.055530123
3.456676293117731,0.022999999779724677,-0.17501554754530202,-0.05558337
3.456676293117731,0.024999999584087183,-0.17501554754530202,-0.055648517
3.456676293117731,0.026999999388449693,-0.17501554754530202,-0.055723175
3.456676293117731,0.02900000000463453,-0.17501554754530202,-0.055805255
3.456676293117731,0.031000000620819368,-0.17501554754530202,-0.05589274
3.456676293117731,0.03299999961335955,-0.17501554754530202,-0.0559839
3.456676293117731,0.03500000022954439,-0.17501554754530202,-0.056077227
3.456676293117731,0.03700000084572922,-0.17501554754530202,-0.05617142
3.456676293117731,0.038999999838269406,-0.17501554754530202,-0.056265388
3.456676293117731,0.04100000045445424,-0.17501554754530202,-0.05635821
3.456676293117731,0.04300000107063908,-0.17501554754530202,-0.056449167
3.456676293117731,0.04500000006317926,-0.17501554754530202,-0.05653765
3.456676293117731,0.046999999055719444,-0.17501554754530202,-0.056623194
3.456676293117731,0.04899999967190428,-0.17501554754530202,-0.056705423
3.456676293117731,0.05100000028808912,-0.17501554754530202,-0.056784086
3.456676293117731,0.0529999992806293,-0.17501554754530202,-0.056858994
3.456676293117731,0.05499999827316948,-0.17501554754530202,-0.05693001
3.456676293117731,0.05699999726570966,-0.17501554754530202,-0.056997035
3.456676293117731,0.05899999950553916,-0.17501554754530202,-0.05706
3.456676293117731,0.06100000174536865,-0.17501554754530202,-0.057118885
3.456676293117731,0.06300000073790883,-0.17501554754530202,-0.057173606
3.456676293117731,0.06499999973044901,-0.17501554754530202,-0.057224184
3.456676293117731,0.06699999872298919,-0.17501554754530202,-0.057270408
3.456676293117731,0.06899999771552937,-0.17501554754530202,-0.05731254
3.4951629582143062,0.0010000000036590455,-0.16733242206618376,-0.045746174
3.4951629582143062,0.003000000010977137,-0.16733242206618376,-0.04573439
3.4951629582143062,0.004999999916817437,-0.16733242206618376,-0.045698367
3.4951629582143062,0.006999999924135528,-0.16733242206618376,-0.045643102
3.4951629582143062,0.008999999931453619,-0.16733242206618376,-0.04558575
3.4951629582143062,0.010999999735816128,-0.16733242206618376,-0.04553629
3.4951629582143062,0.012999999540178638,-0.16733242206618376,-0.04550247
3.4951629582143062,0.014999999750452311,-0.16733242206618376,-0.045486283
3.4951629582143062,0.01700000036663715,-0.16733242206618376,-0.045488805
3.4951629582143062,0.01900000017099966,-0.16733242206618376,-0.04550877
3.4951629582143062,0.020999999975362168,-0.16733242206618376,-0.045544658
3.4951629582143062,0.022999999779724677,-0.16733242206618376,-0.045594208
3.4951629582143062,0.024999999584087183,-0.16733242206618376,-0.045655265
3.4951629582143062,0.026999999388449693,-0.16733242206618376,-0.04572557
3.4951629582143062,0.02900000000463453,-0.16733242206618376,-0.045803085
3.4951629582143062,0.031000000620819368,-0.16733242206618376,-0.045885917
3.4951629582143062,0.03299999961335955,-0.16733242206618376,-0.045972377
3.4951629582143062,0.03500000022954439,-0.16733242206618376,-0.04606101
3.4951629582143062,0.03700000084572922,-0.16733242206618376,-0.046150543
3.4951629582143062,0.038999999838269406,-0.16733242206618376,-0.0462399
3.4951629582143062,0.04100000045445424,-0.16733242206618376,-0.046328206
3.4951629582143062,0.04300000107063908,-0.16733242206618376,-0.04641471
3.4951629582143062,0.04500000006317926,-0.16733242206618376,-0.04649883
3.4951629582143062,0.046999999055719444,-0.16733242206618376,-0.046580076
3.4951629582143062,0.04899999967190428,-0.16733242206618376,-0.046658095
3.4951629582143062,0.05100000028808912,-0.16733242206618376,-0.046732627
3.4951629582143062,0.0529999992806293,-0.16733242206618376,-0.04680348
3.4951629582143062,0.05499999827316948,-0.16733242206618376,-0.04687049
3.4951629582143062,0.05699999726570966,-0.16733242206618376,-0.04693358
3.4951629582143062,0.05899999950553916,-0.16733242206618376,-0.04699266
3.4951629582143062,0.06100000174536865,-0.16733242206618376,-0.047047704
3.4951629582143062,0.06300000073790883,-0.16733242206618376,-0.047098655
3.4951629582143062,0.06499999973044901,-0.16733242206618376,-0.04714552
3.4951629582143062,0.06699999872298919,-0.16733242206618376,-0.04718819
3.4951629582143062,0.06899999771552937,-0.16733242206618376,-0.047226623
3.532688737414372,0.0010000000036590455,-0.15977090107721265,-0.035760112
3.532688737414372,0.003000000010977137,-0.15977090107721265,-0.03574986
3.532688737414372,0.004999999916817437,-0.15977090107721265,-0.035715643
3.532688737414372,0.006999999924135528,-0.15977090107721265,-0.035663087
3.532688737414372,0.008999999931453619,-0.15977090107721265,-0.03560775
3.532688737414372,0.010999999735816128,-0.15977090107721265,-0.03555976
3.532688737414372,0.012999999540178638,-0.15977090107721265,-0.035526253
3.532688737414372,0.014999999750452311,-0.15977090107721265,-0.035509475
3.532688737414372,0.01700000036663715,-0.15977090107721265,-0.035510413
3.532688737414372,0.01900000017099966,-0.15977090107721265,-0.03552803
3.532688737414372,0.020999999975362168,-0.15977090107721265,-0.035560902
3.532688737414372,0.022999999779724677,-0.15977090107721265,-0.03560694
3.532688737414372,0.024999999584087183,-0.15977090107721265,-0.035664085
3.532688737414372,0.026999999388449693,-0.15977090107721265,-0.035730194
3.532688737414372,0.02900000000463453,-0.15977090107721265,-0.03580334
3.532688737414372,0.031000000620819368,-0.15977090107721265,-0.035881687
3.532688737414372,0.03299999961335955,-0.15977090107721265,-0.035963625
3.532688737414372,0.03500000022954439,-0.15977090107721265,-0.036047723
3.532688737414372,0.03700000084572922,-0.15977090107721265,-0.036132757
3.532688737414372,0.038999999838269406,-0.15977090107721265,-0.03621767
3.532688737414372,0.04100000045445424,-0.15977090107721265,-0.036301594
3.532688737414372,0.04300000107063908,-0.15977090107721265,-0.036383796
3.532688737414372,0.04500000006317926,-0.15977090107721265,-0.036463685
3.532688737414372,0.046999999055719444,-0.15977090107721265,-0.03654078
3.532688737414372,0.04899999967190428,-0.15977090107721265,-0.036614735
3.532688737414372,0.05100000028808912,-0.15977090107721265,-0.036685277
3.532688737414372,0.0529999992806293,-0.15977090107721265,-0.036752198
3.532688737414372,0.05499999827316948,-0.15977090107721265,-0.036815353
3.532688737414372,0.05699999726570966,-0.15977090107721265,-0.036874626
3.532688737414372,0.05899999950553916,-0.15977090107721265,-0.036929958
3.532688737414372,0.06100000174536865,-0.15977090107721265,-0.03698127
3.532688737414372,0.06300000073790883,-0.15977090107721265,-0.03702858
3.532688737414372,0.06499999973044901,-0.15977090107721265,-0.037071776
3.532688737414372,0.06699999872298919,-0.15977090107721265,-0.037111048
3.532688737414372,0.06899999771552937,-0.15977090107721265,-0.037145946
3.5692549815902814,0.0010000000036590455,-0.1523353814081168,-0.025824927
3.5692549815902814,0.003000000010977137,-0.1523353814081168,-0.025816033
3.5692549815902814,0.004999999916817437,-0.1523353814081168,-0.025784004
3.5692549815902814,0.006999999924135528,-0.1523353814081168,-0.025734453
3.5692549815902814,0.008999999931453619,-0.1523353814081168,-0.025681704
3.5692549815902814,0.010999999735816128,-0.1523353814081168,-0.025635796
3.5692549815902814,0.012999999540178638,-0.1523353814081168,-0.025603442
3.5692549815902814,0.014999999750452311,-0.1523353814081168,-0.025586922
3.5692549815902814,0.01700000036663715,-0.1523353814081168,-0.025587242
3.5692549815902814,0.01900000017099966,-0.1523353814081168,-0.025603492
3.5692549815902814,0.020999999975362168,-0.1523353814081168,-0.025634365
3.5692549815902814,0.022999999779724677,-0.1523353814081168,-0.025677899
3.5692549815902814,0.024999999584087183,-0.1523353814081168,-0.025732145
3.5692549815902814,0.026999999388449693,-0.1523353814081168,-0.025795078
3.5692549815902814,0.02900000000463453,-0.1523353814081168,-0.025864832
3.5692549815902814,0.031000000620819368,-0.1523353814081168,-0.02593965
3.5692549815902814,0.03299999961335955,-0.1523353814081168,-0.026017979
3.5692549815902814,0.03500000022954439,-0.1523353814081168,-0.026098432
3.5692549815902814,0.03700000084572922,-0.1523353814081168,-0.026179807
3.5692549815902814,0.038999999838269406,-0.1523353814081168,-0.026261082
3.5692549815902814,0.04100000045445424,-0.1523353814081168,-0.026341392
3.5692549815902814,0.04300000107063908,-0.1523353814081168,-0.026420018
3.5692549815902814,0.04500000006317926,-0.1523353814081168,-0.026496358
3.5692549815902814,0.046999999055719444,-0.1523353814081168,-0.02656995
3.5692549815902814,0.04899999967190428,-0.1523353814081168,-0.026640441
3.5692549815902814,0.05100000028808912,-0.1523353814081168,-0.026707556
3.5692549815902814,0.0529999992806293,-0.1523353814081168,-0.026771078
3.5692549815902814,0.05499999827316948,-0.1523353814081168,-0.026830843
3.5692549815902814,0.05699999726570966,-0.1523353814081168,-0.02688674
3.5692549815902814,0.05899999950553916,-0.1523353814081168,-0.026938694
3.5692549815902814,0.06100000174536865,-0.1523353814081168,-0.026986638
3.5692549815902814,0.06300000073790883,-0.1523353814081168,-0.027030587
3.5692549815902814,0.06499999973044901,-0.1523353814081168,-0.027070435
3.5692549815902814,0.06699999872298919,-0.1523353814081168,-0.02710637
3.5692549815902814,0.06899999771552937,-0.1523353814081168,-0.027138028
3.6048650159662903,0.0010000000036590455,-0.1450296299144979,-0.015923899
3.6048650159662903,0.003000000010977137,-0.1450296299144979,-0.015916184
3.6048650159662903,0.004999999916817437,-0.1450296299144979,-0.015886255
3.6048650159662903,0.006999999924135528,-0.1450296299144979,-0.01583917
3.6048650159662903,0.008999999931453619,-0.1450296299144979,-0.01578844
3.6048650159662903,0.010999999735816128,-0.1450296299144979,-0.015743917
3.6048650159662903,0.012999999540178638,-0.1450296299144979,-0.01571193
3.6048650159662903,0.014999999750452311,-0.1450296299144979,-0.015694842
3.6048650159662903,0.01700000036663715,-0.1450296299144979,-0.015693676
3.6048650159662903,0.01900000017099966,-0.1450296299144979,-0.015707677
3.6048650159662903,0.020999999975362168,-0.1450296299144979,-0.015735654
3.6048650159662903,0.022999999779724677,-0.1450296299144979,-0.015775792
3.6048650159662903,0.024999999584087183,-0.1450296299144979,-0.015826259
3.6048650159662903,0.026999999388449693,-0.1450296299144979,-0.01588513
3.6048650159662903,0.02900000000463453,-0.1450296299144979,-0.015950635
3.6048650159662903,0.031000000620819368,-0.1450296299144979,-0.01602109
3.6048650159662903,0.03299999961335955,-0.1450296299144979,-0.016094998
3.6048650159662903,0.03500000022954439,-0.1450296299144979,-0.016171023
3.6048650159662903,0.03700000084572922,-0.1450296299144979,-0.016247991
3.6048650159662903,0.038999999838269406,-0.1450296299144979,-0.016324911
3.6048650159662903,0.04100000045445424,-0.1450296299144979,-0.016400926
3.6048650159662903,0.04300000107063908,-0.1450296299144979,-0.016475324
3.6048650159662903,0.04500000006317926,-0.1450296299144979,-0.016547512
3.6048650159662903,0.046999999055719444,-0.1450296299144979,-0.01661704
3.6048650159662903,0.04899999967190428,-0.1450296299144979,-0.016683547
3.6048650159662903,0.05100000028808912,-0.1450296299144979,-0.01674675
3.6048650159662903,0.0529999992806293,-0.1450296299144979,-0.016806418
3.6048650159662903,0.05499999827316948,-0.1450296299144979,-0.016862389
3.6048650159662903,0.05699999726570966,-0.1450296299144979,-0.016914537
3.6048650159662903,0.05899999950553916,-0.1450296299144979,-0.016962787
3.6048650159662903,0.06100000174536865,-0.1450296299144979,-0.017007077
3.6048650159662903,0.06300000073790883,-0.1450296299144979,-0.017047392
3.6048650159662903,0.06499999973044901,-0.1450296299144979,-0.017083684
3.6048650159662903,0.06699999872298919,-0.1450296299144979,-0.01711605
3.6048650159662903,0.06899999771552937,-0.1450296299144979,-0.017144335
3.639523620552265,0.0010000000036590455,-0.1378583616604366,-0.006029181
3.639523620552265,0.003000000010977137,-0.1378583616604366,-0.006022334
3.639523620552265,0.004999999916817437,-0.1378583616604366,-0.0059941807
3.639523620552265,0.006999999924135528,-0.1378583616604366,-0.005949376
3.639523620552265,0.008999999931453619,-0.1378583616604366,-0.0059011183
3.639523620552265,0.010999999735816128,-0.1378583616604366,-0.0058580297
3.639523620552265,0.012999999540178638,-0.1378583616604366,-0.0058265086
3.639523620552265,0.014999999750452311,-0.1378583616604366,-0.005808953
3.639523620552265,0.01700000036663715,-0.1378583616604366,-0.0058064447
3.639523620552265,0.01900000017099966,-0.1378583616604366,-0.005818365
3.639523620552265,0.020999999975362168,-0.1378583616604366,-0.0058436505
3.639523620552265,0.022999999779724677,-0.1378583616604366,-0.005880622
3.639523620552265,0.024999999584087183,-0.1378583616604366,-0.00592755
3.639523620552265,0.026999999388449693,-0.1378583616604366,-0.0059826286
3.639523620552265,0.02900000000463453,-0.1378583616604366,-0.00604416
3.639523620552265,0.031000000620819368,-0.1378583616604366,-0.0061105345
3.639523620552265,0.03299999961335955,-0.1378583616604366,-0.0061803125
3.639523620552265,0.03500000022954439,-0.1378583616604366,-0.0062522027
3.639523620552265,0.03700000084572922,-0.1378583616604366,-0.0063250586
3.639523620552265,0.038999999838269406,-0.1378583616604366,-0.0063979137
3.639523620552265,0.04100000045445424,-0.1378583616604366,-0.0064699235
3.639523620552265,0.04300000107063908,-0.1378583616604366,-0.0065403827
3.639523620552265,0.04500000006317926,-0.1378583616604366,-0.0066087088
3.639523620552265,0.046999999055719444,-0.1378583616604366,-0.0066744625
3.639523620552265,0.04899999967190428,-0.1378583616604366,-0.0067372727
3.639523620552265,0.05100000028808912,-0.1378583616604366,-0.0067968387
3.639523620552265,0.0529999992806293,-0.1378583616604366,-0.0068529285
3.639523620552265,0.05499999827316948,-0.1378583616604366,-0.006905367
3.639523620552265,0.05699999726570966,-0.1378583616604366,-0.006954032
3.639523620552265,0.05899999950553916,-0.1378583616604366,-0.006998833
3.639523620552265,0.06100000174536865,-0.1378583616604366,-0.0070397197
3.639523620552265,0.06300000073790883,-0.1378583616604366,-0.007076646
3.639523620552265,0.06499999973044901,-0.1378583616604366,-0.007109624
3.639523620552265,0.06699999872298919,-0.1378583616604366,-0.007138627
3.639523620552265,0.06899999771552937,-0.1378583616604366,-0.0071637556
3.6732370301436847,0.0010000000036590455,-0.13082523309369798,0.0037177315
3.6732370301436847,0.003000000010977137,-0.13082523309369798,0.0037242558
3.6732370301436847,0.004999999916817437,-0.13082523309369798,0.0037503096
3.6732370301436847,0.006999999924135528,-0.13082523309369798,0.0037919562
3.6732370301436847,0.008999999931453619,-0.13082523309369798,0.0038375966
3.6732370301436847,0.010999999735816128,-0.13082523309369798,0.0038783362
3.6732370301436847,0.012999999540178638,-0.13082523309369798,0.0039084763
3.6732370301436847,0.014999999750452311,-0.13082523309369798,0.0039253295
3.6732370301436847,0.01700000036663715,-0.13082523309369798,0.003927965
3.6732370301436847,0.01900000017099966,-0.13082523309369798,0.0039167935
3.6732370301436847,0.020999999975362168,-0.13082523309369798,0.003892838
3.6732370301436847,0.022999999779724677,-0.13082523309369798,0.0038576326
3.6732370301436847,0.024999999584087183,-0.13082523309369798,0.0038128295
3.6732370301436847,0.026999999388449693,-0.13082523309369798,0.0037601357
3.6732370301436847,0.02900000000463453,-0.13082523309369798,0.0037011825
3.6732370301436847,0.031000000620819368,-0.13082523309369798,0.0036375176
3.6732370301436847,0.03299999961335955,-0.13082523309369798,0.0035705334
3.6732370301436847,0.03500000022954439,-0.13082523309369798,0.0035014874
3.6732370301436847,0.03700000084572922,-0.13082523309369798,0.0034314964
3.6732370301436847,0.038999999838269406,-0.13082523309369798,0.0033615152
3.6732370301436847,0.04100000045445424,-0.13082523309369798,0.0032923731
3.6732370301436847,0.04300000107063908,-0.13082523309369798,0.0032247778
3.6732370301436847,0.04500000006317926,-0.13082523309369798,0.0031592832
3.6732370301436847,0.046999999055719444,-0.13082523309369798,0.0030963398
3.6732370301436847,0.04899999967190428,-0.13082523309369798,0.003036335
3.6732370301436847,0.05100000028808912,-0.13082523309369798,0.0029795805
3.6732370301436847,0.0529999992806293,-0.13082523309369798,0.0029263094
3.6732370301436847,0.05499999827316948,-0.13082523309369798,0.0028767076
3.6732370301436847,0.05699999726570966,-0.13082523309369798,0.0028308968
3.6732370301436847,0.05899999950553916,-0.13082523309369798,0.0027889851
3.6732370301436847,0.06100000174536865,-0.13082523309369798,0.002751005
3.6732370301436847,0.06300000073790883,-0.13082523309369798,0.0027170405
3.6732370301436847,0.06499999973044901,-0.13082523309369798,0.0026870195
3.6732370301436847,0.06699999872298919,-0.13082523309369798,0.0026610882
3.6732370301436847,0.06899999771552937,-0.13082523309369798,0.0026389062
3.706013349974671,0.0010000000036590455,-0.12393322522587025,0.013500563
3.706013349974671,0.003000000010977137,-0.12393322522587025,0.013506298
3.706013349974671,0.004999999916817437,-0.12393322522587025,0.01353078
3.706013349974671,0.006999999924135528,-0.12393322522587025,0.013569625
3.706013349974671,0.008999999931453619,-0.12393322522587025,0.013612925
3.706013349974671,0.010999999735816128,-0.12393322522587025,0.013651862
3.706013349974671,0.012999999540178638,-0.12393322522587025,0.013681125
3.706013349974671,0.014999999750452311,-0.12393322522587025,0.013697869
3.706013349974671,0.01700000036663715,-0.12393322522587025,0.013701225
3.706013349974671,0.01900000017099966,-0.12393322522587025,0.013691409
3.706013349974671,0.020999999975362168,-0.12393322522587025,0.013669382
3.706013349974671,0.022999999779724677,-0.12393322522587025,0.013636525
3.706013349974671,0.024999999584087183,-0.12393322522587025,0.013594413
3.706013349974671,0.026999999388449693,-0.12393322522587025,0.013544648
3.706013349974671,0.02900000000463453,-0.12393322522587025,0.013488798
3.706013349974671,0.031000000620819368,-0.12393322522587025,0.0134283425
3.706013349974671,0.03299999961335955,-0.12393322522587025,0.013364633
3.706013349974671,0.03500000022954439,-0.12393322522587025,0.013298885
3.706013349974671,0.03700000084572922,-0.12393322522587025,0.013232192
3.706013349974671,0.038999999838269406,-0.12393322522587025,0.013165491
3.706013349974671,0.04100000045445424,-0.12393322522587025,0.013099603
3.706013349974671,0.04300000107063908,-0.12393322522587025,0.013035217
3.706013349974671,0.04500000006317926,-0.12393322522587025,0.012972866
3.706013349974671,0.046999999055719444,-0.12393322522587025,0.012913028
3.706013349974671,0.04899999967190428,-0.12393322522587025,0.012856098
3.706013349974671,0.05100000028808912,-0.12393322522587025,0.0128023885
3.706013349974671,0.0529999992806293,-0.12393322522587025,0.012752141
3.706013349974671,0.05499999827316948,-0.12393322522587025,0.012705545
3.706013349974671,0.05699999726570966,-0.12393322522587025,0.01266273
3.706013349974671,0.05899999950553916,-0.12393322522587025,0.0126238065
3.706013349974671,0.06100000174536865,-0.12393322522587025,0.012588815
3.706013349974671,0.06300000073790883,-0.12393322522587025,0.012557835
3.706013349974671,0.06499999973044901,-0.12393322522587025,0.012530814
3.706013349974671,0.06699999872298919,-0.12393322522587025,0.012507871
3.706013349974671,0.06899999771552937,-0.12393322522587025,0.012488709
3.737860685279346,0.0010000000036590455,-0.11718246794852585,0.022992278
3.737860685279346,0.003000000010977137,-0.11718246794852585,0.022996232
3.737860685279346,0.004999999916817437,-0.11718246794852585,0.02301939
3.737860685279346,0.006999999924135528,-0.11718246794852585,0.023054652
3.737860685279346,0.008999999931453619,-0.11718246794852585,0.023094635
3.737860685279346,0.010999999735816128,-0.11718246794852585,0.023129374
3.737860685279346,0.012999999540178638,-0.11718246794852585,0.023155618
3.737860685279346,0.014999999750452311,-0.11718246794852585,0.023169762
3.737860685279346,0.01700000036663715,-0.11718246794852585,0.023171226
3.737860685279346,0.01900000017099966,-0.11718246794852585,0.023160009
3.737860685279346,0.020999999975362168,-0.11718246794852585,0.0231371
3.737860685279346,0.022999999779724677,-0.11718246794852585,0.023103742
3.737860685279346,0.024999999584087183,-0.11718246794852585,0.02306148
3.737860685279346,0.026999999388449693,-0.11718246794852585,0.023011824
3.737860685279346,0.02900000000463453,-0.11718246794852585,0.02295631
3.737860685279346,0.031000000620819368,-0.11718246794852585,0.022896357
3.737860685279346,0.03299999961335955,-0.11718246794852585,0.022833297
3.737860685279346,0.03500000022954439,-0.11718246794852585,0.022768317
3.737860685279346,0.03700000084572922,-0.11718246794852585,0.022702496
3.737860685279346,0.038999999838269406,-0.11718246794852585,0.022636758
3.737860685279346,0.04100000045445424,-0.11718246794852585,0.02257193
3.737860685279346,0.04300000107063908,-0.11718246794852585,0.022508662
3.737860685279346,0.04500000006317926,-0.11718246794852585,0.022447515
3.737860685279346,0.046999999055719444,-0.11718246794852585,0.02238899
3.737860685279346,0.04899999967190428,-0.11718246794852585,0.022333475
3.737860685279346,0.05100000028808912,-0.11718246794852585,0.022281291
3.737860685279346,0.0529999992806293,-0.11718246794852585,0.02223269
3.737860685279346,0.05499999827316948,-0.11718246794852585,0.022187868
3.737860685279346,0.05699999726570966,-0.11718246794852585,0.02214696
3.737860685279346,0.05899999950553916,-0.11718246794852585,0.02211008
3.737860685279346,0.06100000174536865,-0.11718246794852585,0.022077277
3.737860685279346,0.06300000073790883,-0.11718246794852585,0.022048634
3.737860685279346,0.06499999973044901,-0.11718246794852585,0.022024095
3.737860685279346,0.06699999872298919,-0.11718246794852585,0.022003787
3.737860685279346,0.06899999771552937,-0.11718246794852585,0.021987418
3.768789219556992,0.0010000000036590455,-0.11057561754432184,0.032594223
3.768789219556992,0.003000000010977137,-0.11057561754432184,0.032595556
3.768789219556992,0.004999999916817437,-0.11057561754432184,0.03261829
3.768789219556992,0.006999999924135528,-0.11057561754432184,0.032651335
3.768789219556992,0.008999999931453619,-0.11057561754432184,0.03269102
3.768789219556992,0.010999999735816128,-0.11057561754432184,0.032725915
3.768789219556992,0.012999999540178638,-0.11057561754432184,0.032753997
3.768789219556992,0.014999999750452311,-0.11057561754432184,0.032770865
3.768789219556992,0.01700000036663715,-0.11057561754432184,0.032776244
3.768789219556992,0.01900000017099966,-0.11057561754432184,0.0327697
3.768789219556992,0.020999999975362168,-0.11057561754432184,0.03275218
3.768789219556992,0.022999999779724677,-0.11057561754432184,0.032724682
3.768789219556992,0.024999999584087183,-0.11057561754432184,0.032688662
3.768789219556992,0.026999999388449693,-0.11057561754432184,0.032645475
3.768789219556992,0.02900000000463453,-0.11057561754432184,0.032596573
3.768789219556992,0.031000000620819368,-0.11057561754432184,0.032543287
3.768789219556992,0.03299999961335955,-0.11057561754432184,0.032486882
3.768789219556992,0.03500000022954439,-0.11057561754432184,0.032428503
3.768789219556992,0.03700000084572922,-0.11057561754432184,0.032369178
3.768789219556992,0.038999999838269406,-0.11057561754432184,0.032309815
3.768789219556992,0.04100000045445424,-0.11057561754432184,0.032251194
3.768789219556992,0.04300000107063908,-0.11057561754432184,0.032193955
3.768789219556992,0.04500000006317926,-0.11057561754432184,0.03213868
3.768789219556992,0.046999999055719444,-0.11057561754432184,0.03208586
3.768789219556992,0.04899999967190428,-0.11057561754432184,0.03203588
3.768789219556992,0.05100000028808912,-0.11057561754432184,0.031989064
3.768789219556992,0.0529999992806293,-0.11057561754432184,0.031945672
3.768789219556992,0.05499999827316948,-0.11057561754432184,0.031905893
3.768789219556992,0.05699999726570966,-0.11057561754432184,0.03186988
3.768789219556992,0.05899999950553916,-0.11057561754432184,0.031837747
3.768789219556992,0.06100000174536865,-0.11057561754432184,0.03180955
3.768789219556992,0.06300000073790883,-0.11057561754432184,0.03178537
3.768789219556992,0.06499999973044901,-0.11057561754432184,0.031765178
3.768789219556992,0.06699999872298919,-0.11057561754432184,0.031749055
3.768789219556992,0.06899999771552937,-0.11057561754432184,0.031736802
3.798810798919018,0.0010000000036590455,-0.1041153822525442,0.04183063
3.798810798919018,0.003000000010977137,-0.1041153822525442,0.041830484
3.798810798919018,0.004999999916817437,-0.1041153822525442,0.041851692
3.798810798919018,0.006999999924135528,-0.1041153822525442,0.041881133
3.798810798919018,0.008999999931453619,-0.1041153822525442,0.041916937
3.798810798919018,0.010999999735816128,-0.1041153822525442,0.041947734
3.798810798919018,0.012999999540178638,-0.1041153822525442,0.04197225
3.798810798919018,0.014999999750452311,-0.1041153822525442,0.04198581
3.798810798919018,0.01700000036663715,-0.1041153822525442,0.04198838
3.798810798919018,0.01900000017099966,-0.1041153822525442,0.041979402
3.798810798919018,0.020999999975362168,-0.1041153822525442,0.041959852
3.798810798919018,0.022999999779724677,-0.1041153822525442,0.04193063
3.798810798919018,0.024999999584087183,-0.1041153822525442,0.041893154
3.798810798919018,0.026999999388449693,-0.1041153822525442,0.041848738
3.798810798919018,0.02900000000463453,-0.1041153822525442,0.041798808
3.798810798919018,0.031000000620819368,-0.1041153822525442,0.041744657
3.798810798919018,0.03299999961335955,-0.1041153822525442,0.04168755
3.798810798919018,0.03500000022954439,-0.1041153822525442,0.0416286
3.798810798919018,0.03700000084572922,-0.1041153822525442,0.041568853
3.798810798919018,0.038999999838269406,-0.1041153822525442,0.04150921
3.798810798919018,0.04100000045445424,-0.1041153822525442,0.041450426
3.798810798919018,0.04300000107063908,-0.1041153822525442,0.041393183
3.798810798919018,0.04500000006317926,-0.1041153822525442,0.04133807
3.798810798919018,0.046999999055719444,-0.1041153822525442,0.04128558
3.798810798919018,0.04899999967190428,-0.1041153822525442,0.041236114
3.798810798919018,0.05100000028808912,-0.1041153822525442,0.04119
3.798810798919018,0.0529999992806293,-0.1041153822525442,0.0411475
3.798810798919018,0.05499999827316948,-0.1041153822525442,0.04110882
3.798810798919018,0.05699999726570966,-0.1041153822525442,0.041074116
3.798810798919018,0.05899999950553916,-0.1041153822525442,0.04104351
3.798810798919018,0.06100000174536865,-0.1041153822525442,0.041017074
3.798810798919018,0.06300000073790883,-0.1041153822525442,0.040994864
3.798810798919018,0.06499999973044901,-0.1041153822525442,0.040976893
3.798810798919018,0.06699999872298919,-0.1041153822525442,0.040963184
3.798810798919018,0.06899999771552937,-0.1041153822525442,0.040953644
3.827937269476833,0.0010000000036590455,-0.0978017425894571,0.051039975
3.827937269476833,0.003000000010977137,-0.0978017425894571,0.051038437
3.827937269476833,0.004999999916817437,-0.0978017425894571,0.05105805
3.827937269476833,0.006999999924135528,-0.0978017425894571,0.051085033
3.827937269476833,0.008999999931453619,-0.0978017425894571,0.051119532
3.827937269476833,0.010999999735816128,-0.0978017425894571,0.051149737
3.827937269476833,0.012999999540178638,-0.0978017425894571,0.05117438
3.827937269476833,0.014999999750452311,-0.0978017425894571,0.051189374
3.827937269476833,0.01700000036663715,-0.0978017425894571,0.05119434
3.827937269476833,0.01900000017099966,-0.0978017425894571,0.051188543
3.827937269476833,0.020999999975362168,-0.0978017425894571,0.05117282
3.827937269476833,0.022999999779724677,-0.0978017425894571,0.051147904
3.827937269476833,0.024999999584087183,-0.0978017425894571,0.05111511
3.827937269476833,0.026999999388449693,-0.0978017425894571,0.051075626
3.827937269476833,0.02900000000463453,-0.0978017425894571,0.0510308
3.827937269476833,0.031000000620819368,-0.0978017425894571,0.05098186
3.827937269476833,0.03299999961335955,-0.0978017425894571,0.05093001
3.827937269476833,0.03500000022954439,-0.0978017425894571,0.05087633
3.827937269476833,0.03700000084572922,-0.0978017425894571,0.05082184
3.827937269476833,0.038999999838269406,-0.0978017425894571,0.050767384
3.827937269476833,0.04100000045445424,-0.0978017425894571,0.050713737
3.827937269476833,0.04300000107063908,-0.0978017425894571,0.050661582
3.827937269476833,0.04500000006317926,-0.0978017425894571,0.05061149
3.827937269476833,0.046999999055719444,-0.0978017425894571,0.050563954
3.827937269476833,0.04899999967190428,-0.0978017425894571,0.05051938
3.827937269476833,0.05100000028808912,-0.0978017425894571,0.050478093
3.827937269476833,0.0529999992806293,-0.0978017425894571,0.050440367
3.827937269476833,0.05499999827316948,-0.0978017425894571,0.05040641
3.827937269476833,0.05699999726570966,-0.0978017425894571,0.050376385
3.827937269476833,0.05899999950553916,-0.0978017425894571,0.05035041
3.827937269476833,0.06100000174536865,-0.0978017425894571,0.05032858
3.827937269476833,0.06300000073790883,-0.0978017425894571,0.05031093
3.827937269476833,0.06499999973044901,-0.0978017425894571,0.050297506
3.827937269476833,0.06699999872298919,-0.0978017425894571,0.050288297
3.827937269476833,0.06899999771552937,-0.0978017425894571,0.05028328
3.856181724300943,0.0010000000036590455,-0.09163587407379137,0.05990012
3.856181724300943,0.003000000010977137,-0.09163587407379137,0.059897687
3.856181724300943,0.004999999916817437,-0.09163587407379137,0.059915405
3.856181724300943,0.006999999924135528,-0.09163587407379137,0.059939623
3.856181724300943,0.008999999931453619,-0.09163587407379137,0.059971474
3.856181724300943,0.010999999735816128,-0.09163587407379137,0.059999406
3.856181724300943,0.012999999540178638,-0.09163587407379137,0.060022272
3.856181724300943,0.014999999750452311,-0.09163587407379137,0.06003637
3.856181724300943,0.01700000036663715,-0.09163587407379137,0.060041063
3.856181724300943,0.01900000017099966,-0.09163587407379137,0.060035568
3.856181724300943,0.020999999975362168,-0.09163587407379137,0.060020637
3.856181724300943,0.022999999779724677,-0.09163587407379137,0.05999691
3.856181724300943,0.024999999584087183,-0.09163587407379137,0.059965607
3.856181724300943,0.026999999388449693,-0.09163587407379137,0.05992785
3.856181724300943,0.02900000000463453,-0.09163587407379137,0.059884932
3.856181724300943,0.031000000620819368,-0.09163587407379137,0.059838053
3.856181724300943,0.03299999961335955,-0.09163587407379137,0.05978838
3.856181724300943,0.03500000022954439,-0.09163587407379137,0.05973698
3.856181724300943,0.03700000084572922,-0.09163587407379137,0.05968483
3.856181724300943,0.038999999838269406,-0.09163587407379137,0.059632808
3.856181724300943,0.04100000045445424,-0.09163587407379137,0.059581682
3.856181724300943,0.04300000107063908,-0.09163587407379137,0.05953214
3.856181724300943,0.04500000006317926,-0.09163587407379137,0.059484746
3.856181724300943,0.046999999055719444,-0.09163587407379137,0.05944
3.856181724300943,0.04899999967190428,-0.09163587407379137,0.059398316
3.856181724300943,0.05100000028808912,-0.09163587407379137,0.059360035
3.856181724300943,0.0529999992806293,-0.09163587407379137,0.05932543
3.856181724300943,0.05499999827316948,-0.09163587407379137,0.059294723
3.856181724300943,0.05699999726570966,-0.09163587407379137,0.059268076
3.856181724300943,0.05899999950553916,-0.09163587407379137,0.059245627
3.856181724300943,0.06100000174536865,-0.09163587407379137,0.059227467
3.856181724300943,0.06300000073790883,-0.09163587407379137,0.059213635
3.856181724300943,0.06499999973044901,-0.09163587407379137,0.059204195
3.856181724300943,0.06699999872298919,-0.09163587407379137,0.0591991
3.856181724300943,0.06899999771552937,-0.09163587407379137,0.059198394
3.8835582955944323,0.0010000000036590455,-0.08561865672095051,0.06862987
3.8835582955944323,0.003000000010977137,-0.08561865672095051,0.06862675
3.8835582955944323,0.004999999916817437,-0.08561865672095051,0.06864294
3.8835582955944323,0.006999999924135528,-0.08561865672095051,0.06866477
3.8835582955944323,0.008999999931453619,-0.08561865672095051,0.06869508
3.8835582955944323,0.010999999735816128,-0.08561865672095051,0.06872213
3.8835582955944323,0.012999999540178638,-0.08561865672095051,0.06874573
3.8835582955944323,0.014999999750452311,-0.08561865672095051,0.0687608
3.8835582955944323,0.01700000036663715,-0.08561865672095051,0.068768054
3.8835582955944323,0.01900000017099966,-0.08561865672095051,0.06876578
3.8835582955944323,0.020999999975362168,-0.08561865672095051,0.068754815
3.8835582955944323,0.022999999779724677,-0.08561865672095051,0.06873555
3.8835582955944323,0.024999999584087183,-0.08561865672095051,0.068709105
3.8835582955944323,0.026999999388449693,-0.08561865672095051,0.068676494
3.8835582955944323,0.02900000000463453,-0.08561865672095051,0.06863894
3.8835582955944323,0.031000000620819368,-0.08561865672095051,0.06859756
3.8835582955944323,0.03299999961335955,-0.08561865672095051,0.06855349
3.8835582955944323,0.03500000022954439,-0.08561865672095051,0.06850775
3.8835582955944323,0.03700000084572922,-0.08561865672095051,0.06846131
3.8835582955944323,0.038999999838269406,-0.08561865672095051,0.068415
3.8835582955944323,0.04100000045445424,-0.08561865672095051,0.0683696
3.8835582955944323,0.04300000107063908,-0.08561865672095051,0.06832576
3.8835582955944323,0.04500000006317926,-0.08561865672095051,0.068284065
3.8835582955944323,0.046999999055719444,-0.08561865672095051,0.068245
3.8835582955944323,0.04899999967190428,-0.08561865672095051,0.06820899
3.8835582955944323,0.05100000028808912,-0.08561865672095051,0.068176374
3.8835582955944323,0.0529999992806293,-0.08561865672095051,0.068147436
3.8835582955944323,0.05499999827316948,-0.08561865672095051,0.06812239
3.8835582955944323,0.05699999726570966,-0.08561865672095051,0.06810141
3.8835582955944323,0.05899999950553916,-0.08561865672095051,0.06808464
3.8835582955944323,0.06100000174536865,-0.08561865672095051,0.06807217
3.8835582955944323,0.06300000073790883,-0.08561865672095051,0.068064034
3.8835582955944323,0.06499999973044901,-0.08561865672095051,0.068060316
3.8835582955944323,0.06699999872298919,-0.08561865672095051,0.06806095
3.8835582955944323,0.06899999771552937,-0.08561865672095051,0.068066
3.910081739039933,0.0010000000036590455,-0.07974935339626076,0.07695361
3.910081739039933,0.003000000010977137,-0.07974935339626076,0.076950155
3.910081739039933,0.004999999916817437,-0.07974935339626076,0.07696437
3.910081739039933,0.006999999924135528,-0.07974935339626076,0.07698333
3.910081739039933,0.008999999931453619,-0.07974935339626076,0.07701086
3.910081739039933,0.010999999735816128,-0.07974935339626076,0.07703558
3.910081739039933,0.012999999540178638,-0.07974935339626076,0.07705764
3.910081739039933,0.014999999750452311,-0.07974935339626076,0.077071995
3.910081739039933,0.01700000036663715,-0.07974935339626076,0.07707871
3.910081739039933,0.01900000017099966,-0.07974935339626076,0.07707694
3.910081739039933,0.020999999975362168,-0.07974935339626076,0.07706695
3.910081739039933,0.022999999779724677,-0.07974935339626076,0.077049166
3.910081739039933,0.024999999584087183,-0.07974935339626076,0.077024564
3.910081739039933,0.026999999388449693,-0.07974935339626076,0.076994106
3.910081739039933,0.02900000000463453,-0.07974935339626076,0.07695893
3.910081739039933,0.031000000620819368,-0.07974935339626076,0.07692015
3.910081739039933,0.03299999961335955,-0.07974935339626076,0.07687882
3.910081739039933,0.03500000022954439,-0.07974935339626076,0.076836005
3.910081739039933,0.03700000084572922,-0.07974935339626076,0.076792605
3.910081739039933,0.038999999838269406,-0.07974935339626076,0.07674949
3.910081739039933,0.04100000045445424,-0.07974935339626076,0.07670739
3.910081739039933,0.04300000107063908,-0.07974935339626076,0.076667
3.910081739039933,0.04500000006317926,-0.07974935339626076,0.076628886
3.910081739039933,0.046999999055719444,-0.07974935339626076,0.076593556
3.910081739039933,0.04899999967190428,-0.07974935339626076,0.076561436
3.910081739039933,0.05100000028808912,-0.07974935339626076,0.07653286
3.910081739039933,0.0529999992806293,-0.07974935339626076,0.07650814
3.910081739039933,0.05499999827316948,-0.07974935339626076,0.076487504
3.910081739039933,0.05699999726570966,-0.07974935339626076,0.07647112
3.910081739039933,0.05899999950553916,-0.07974935339626076,0.076459125
3.910081739039933,0.06100000174536865,-0.07974935339626076,0.07645162
3.910081739039933,0.06300000073790883,-0.07974935339626076,0.07644867
3.910081739039933,0.06499999973044901,-0.07974935339626076,0.07645031
3.910081739039933,0.06699999872298919,-0.07974935339626076,0.07645651
3.910081739039933,0.06899999771552937,-0.07974935339626076,0.07646731
3.9357674337996267,0.0010000000036590455,-0.07402867525608137,0.085065715
3.9357674337996267,0.003000000010977137,-0.07402867525608137,0.08506199
3.9357674337996267,0.004999999916817437,-0.07402867525608137,0.08507526
3.9357674337996267,0.006999999924135528,-0.07402867525608137,0.08509233
3.9357674337996267,0.008999999931453619,-0.07402867525608137,0.0851187
3.9357674337996267,0.010999999735816128,-0.07402867525608137,0.08514313
3.9357674337996267,0.012999999540178638,-0.07402867525608137,0.08516669
3.9357674337996267,0.014999999750452311,-0.07402867525608137,0.085184194
3.9357674337996267,0.01700000036663715,-0.07402867525608137,0.085195504
3.9357674337996267,0.01900000017099966,-0.07402867525608137,0.08519979
3.9357674337996267,0.020999999975362168,-0.07402867525608137,0.085196845
3.9357674337996267,0.022999999779724677,-0.07402867525608137,0.0851869
3.9357674337996267,0.024999999584087183,-0.07402867525608137,0.085170776
3.9357674337996267,0.026999999388449693,-0.07402867525608137,0.085149266
3.9357674337996267,0.02900000000463453,-0.07402867525608137,0.085123375
3.9357674337996267,0.031000000620819368,-0.07402867525608137,0.085094124
3.9357674337996267,0.03299999961335955,-0.07402867525608137,0.08506248
3.9357674337996267,0.03500000022954439,-0.07402867525608137,0.08502945
3.9357674337996267,0.03700000084572922,-0.07402867525608137,0.08499587
3.9357674337996267,0.038999999838269406,-0.07402867525608137,0.08496256
3.9357674337996267,0.04100000045445424,-0.07402867525608137,0.08493024
3.9357674337996267,0.04300000107063908,-0.07402867525608137,0.084899575
3.9357674337996267,0.04500000006317926,-0.07402867525608137,0.08487113
3.9357674337996267,0.046999999055719444,-0.07402867525608137,0.08484539
3.9357674337996267,0.04899999967190428,-0.07402867525608137,0.084822774
3.9357674337996267,0.05100000028808912,-0.07402867525608137,0.08480363
3.9357674337996267,0.0529999992806293,-0.07402867525608137,0.08478826
3.9357674337996267,0.05499999827316948,-0.07402867525608137,0.08477687
3.9357674337996267,0.05699999726570966,-0.07402867525608137,0.08476966
3.9357674337996267,0.05899999950553916,-0.07402867525608137,0.084766746
3.9357674337996267,0.06100000174536865,-0.07402867525608137,0.08476824
3.9357674337996267,0.06300000073790883,-0.07402867525608137,0.08477419
3.9357674337996267,0.06499999973044901,-0.07402867525608137,0.08478464
3.9357674337996267,0.06699999872298919,-0.07402867525608137,0.08479955
3.9357674337996267,0.06899999771552937,-0.07402867525608137,0.084818974
3.960631382515241,0.0010000000036590455,-0.0684567164718024,0.09284399
3.960631382515241,0.003000000010977137,-0.0684567164718024,0.09284052
3.960631382515241,0.004999999916817437,-0.0684567164718024,0.09285336
3.960631382515241,0.006999999924135528,-0.0684567164718024,0.09286793
3.960631382515241,0.008999999931453619,-0.0684567164718024,0.092891686
3.960631382515241,0.010999999735816128,-0.0684567164718024,0.09291371
3.960631382515241,0.012999999540178638,-0.0684567164718024,0.09293547
3.960631382515241,0.014999999750452311,-0.0684567164718024,0.092951685
3.960631382515241,0.01700000036663715,-0.0684567164718024,0.09296251
3.960631382515241,0.01900000017099966,-0.0684567164718024,0.09296614
3.960631382515241,0.020999999975362168,-0.0684567164718024,0.092963494
3.960631382515241,0.022999999779724677,-0.0684567164718024,0.092954144
3.960631382515241,0.024999999584087183,-0.0684567164718024,0.092939034
3.960631382515241,0.026999999388449693,-0.0684567164718024,0.092918865
3.960631382515241,0.02900000000463453,-0.0684567164718024,0.09289466
3.960631382515241,0.031000000620819368,-0.0684567164718024,0.09286735
3.960631382515241,0.03299999961335955,-0.0684567164718024,0.09283798
3.960631382515241,0.03500000022954439,-0.0684567164718024,0.092807464
3.960631382515241,0.03700000084572922,-0.0684567164718024,0.09277663
3.960631382515241,0.038999999838269406,-0.0684567164718024,0.09274631
3.960631382515241,0.04100000045445424,-0.0684567164718024,0.09271724
3.960631382515241,0.04300000107063908,-0.0684567164718024,0.09269006
3.960631382515241,0.04500000006317926,-0.0684567164718024,0.09266535
3.960631382515241,0.046999999055719444,-0.0684567164718024,0.0926436
3.960631382515241,0.04899999967190428,-0.0684567164718024,0.09262524
3.960631382515241,0.05100000028808912,-0.0684567164718024,0.092610605
3.960631382515241,0.0529999992806293,-0.0684567164718024,0.0926
3.960631382515241,0.05499999827316948,-0.0684567164718024,0.09259365
3.960631382515241,0.05699999726570966,-0.0684567164718024,0.09259173
3.960631382515241,0.05899999950553916,-0.0684567164718024,0.09259439
3.960631382515241,0.06100000174536865,-0.0684567164718024,0.092601694
3.960631382515241,0.06300000073790883,-0.0684567164718024,0.09261372
3.960631382515241,0.06499999973044901,-0.0684567164718024,0.09263049
3.960631382515241,0.06699999872298919,-0.0684567164718024,0.09265197
3.960631382515241,0.06899999771552937,-0.0684567164718024,0.09267818
3.9846900034815365,0.0010000000036590455,-0.06303080452432028,0.10014622
3.9846900034815365,0.003000000010977137,-0.06303080452432028,0.10014393
3.9846900034815365,0.004999999916817437,-0.06303080452432028,0.10015398
3.9846900034815365,0.006999999924135528,-0.06303080452432028,0.10016611
3.9846900034815365,0.008999999931453619,-0.06303080452432028,0.1001867
3.9846900034815365,0.010999999735816128,-0.06303080452432028,0.1002068
3.9846900034815365,0.012999999540178638,-0.06303080452432028,0.10022769
3.9846900034815365,0.014999999750452311,-0.06303080452432028,0.100245
3.9846900034815365,0.01700000036663715,-0.06303080452432028,0.1002587
3.9846900034815365,0.01900000017099966,-0.06303080452432028,0.10026726
3.9846900034815365,0.020999999975362168,-0.06303080452432028,0.10027052
3.9846900034815365,0.022999999779724677,-0.06303080452432028,0.100268975
3.9846900034815365,0.024999999584087183,-0.06303080452432028,0.10026271
3.9846900034815365,0.026999999388449693,-0.06303080452432028,0.10025233
3.9846900034815365,0.02900000000463453,-0.06303080452432028,0.10023853
3.9846900034815365,0.031000000620819368,-0.06303080452432028,0.10022213
3.9846900034815365,0.03299999961335955,-0.06303080452432028,0.10020397
3.9846900034815365,0.03500000022954439,-0.06303080452432028,0.100184806
3.9846900034815365,0.03700000084572922,-0.06303080452432028,0.100165464
3.9846900034815365,0.038999999838269406,-0.06303080452432028,0.10014667
3.9846900034815365,0.04100000045445424,-0.06303080452432028,0.10012915
3.9846900034815365,0.04300000107063908,-0.06303080452432028,0.1001135
3.9846900034815365,0.04500000006317926,-0.06303080452432028,0.100100294
3.9846900034815365,0.046999999055719444,-0.06303080452432028,0.10009002
3.9846900034815365,0.04899999967190428,-0.06303080452432028,0.10008307
3.9846900034815365,0.05100000028808912,-0.06303080452432028,0.100079805
3.9846900034815365,0.0529999992806293,-0.06303080452432028,0.10008051
3.9846900034815365,0.05499999827316948,-0.06303080452432028,0.100085415
3.9846900034815365,0.05699999726570966,-0.06303080452432028,0.10009468
3.9846900034815365,0.05899999950553916,-0.06303080452432028,0.10010847
3.9846900034815365,0.06100000174536865,-0.06303080452432028,0.100126855
3.9846900034815365,0.06300000073790883,-0.06303080452432028,0.10014989
3.9846900034815365,0.06499999973044901,-0.06303080452432028,0.1001776
3.9846900034815365,0.06699999872298919,-0.06303080452432028,0.10020998
3.9846900034815365,0.06899999771552937,-0.06303080452432028,0.10024701
4.007960338472821,0.0010000000036590455,-0.05775169603204461,0.107386805
4.007960338472821,0.003000000010977137,-0.05775169603204461,0.10738572
4.007960338472821,0.004999999916817437,-0.05775169603204461,0.107394464
4.007960338472821,0.006999999924135528,-0.05775169603204461,0.107405536
4.007960338472821,0.008999999931453619,-0.05775169603204461,0.10742482
4.007960338472821,0.010999999735816128,-0.05775169603204461,0.10744455
4.007960338472821,0.012999999540178638,-0.05775169603204461,0.10746603
4.007960338472821,0.014999999750452311,-0.05775169603204461,0.10748535
4.007960338472821,0.01700000036663715,-0.05775169603204461,0.107502356
4.007960338472821,0.01900000017099966,-0.05775169603204461,0.10751539
4.007960338472821,0.020999999975362168,-0.05775169603204461,0.107524
4.007960338472821,0.022999999779724677,-0.05775169603204461,0.10752858
4.007960338472821,0.024999999584087183,-0.05775169603204461,0.10752882
4.007960338472821,0.026999999388449693,-0.05775169603204461,0.10752523
4.007960338472821,0.02900000000463453,-0.05775169603204461,0.107518464
4.007960338472821,0.031000000620819368,-0.05775169603204461,0.107509255
4.007960338472821,0.03299999961335955,-0.05775169603204461,0.10749842
4.007960338472821,0.03500000022954439,-0.05775169603204461,0.10748674
4.007960338472821,0.03700000084572922,-0.05775169603204461,0.10747504
4.007960338472821,0.038999999838269406,-0.05775169603204461,0.10746405
4.007960338472821,0.04100000045445424,-0.05775169603204461,0.107454486
4.007960338472821,0.04300000107063908,-0.05775169603204461,0.10744695
4.007960338472821,0.04500000006317926,-0.05775169603204461,0.10744202
4.007960338472821,0.046999999055719444,-0.05775169603204461,0.10744013
4.007960338472821,0.04899999967190428,-0.05775169603204461,0.10744171
4.007960338472821,0.05100000028808912,-0.05775169603204461,0.10744706
4.007960338472821,0.0529999992806293,-0.05775169603204461,0.10745646
4.007960338472821,0.05499999827316948,-0.05775169603204461,0.10747014
4.007960338472821,0.05699999726570966,-0.05775169603204461,0.107488245
4.007960338472821,0.05899999950553916,-0.05775169603204461,0.1075109
4.007960338472821,0.06100000174536865,-0.05775169603204461,0.107538186
4.007960338472821,0.06300000073790883,-0.05775169603204461,0.10757014
4.007960338472821,0.06499999973044901,-0.05775169603204461,0.10760676
4.007960338472821,0.06699999872298919,-0.05775169603204461,0.10764804
4.007960338472821,0.06899999771552937,-0.05775169603204461,0.1076939
4.03045963708992,0.0010000000036590455,-0.05261885519223898,0.11387326
4.03045963708992,0.003000000010977137,-0.05261885519223898,0.11387169
4.03045963708992,0.004999999916817437,-0.05261885519223898,0.11387784
4.03045963708992,0.006999999924135528,-0.05261885519223898,0.113885894
4.03045963708992,0.008999999931453619,-0.05261885519223898,0.11390112
4.03045963708992,0.010999999735816128,-0.05261885519223898,0.11391736
4.03045963708992,0.012999999540178638,-0.05261885519223898,0.11393578
4.03045963708992,0.014999999750452311,-0.05261885519223898,0.11395303
4.03045963708992,0.01700000036663715,-0.05261885519223898,0.11396888
4.03045963708992,0.01900000017099966,-0.05261885519223898,0.113981865
4.03045963708992,0.020999999975362168,-0.05261885519223898,0.11399187
4.03045963708992,0.022999999779724677,-0.05261885519223898,0.11399852
4.03045963708992,0.024999999584087183,-0.05261885519223898,0.11400257
4.03045963708992,0.026999999388449693,-0.05261885519223898,0.11400397
4.03045963708992,0.02900000000463453,-0.05261885519223898,0.114003375
4.03045963708992,0.031000000620819368,-0.05261885519223898,0.114001304
4.03045963708992,0.03299999961335955,-0.05261885519223898,0.11399842
4.03045963708992,0.03500000022954439,-0.05261885519223898,0.113995366
4.03045963708992,0.03700000084572922,-0.05261885519223898,0.113992825
4.03045963708992,0.038999999838269406,-0.05261885519223898,0.113991424
4.03045963708992,0.04100000045445424,-0.05261885519223898,0.11399177
4.03045963708992,0.04300000107063908,-0.05261885519223898,0.113994375
4.03045963708992,0.04500000006317926,-0.05261885519223898,0.113999754
4.03045963708992,0.046999999055719444,-0.05261885519223898,0.1140083
4.03045963708992,0.04899999967190428,-0.05261885519223898,0.11402042
4.03045963708992,0.05100000028808912,-0.05261885519223898,0.114036396
4.03045963708992,0.0529999992806293,-0.05261885519223898,0.114056475
4.03045963708992,0.05499999827316948,-0.05261885519223898,0.11408087
4.03045963708992,0.05699999726570966,-0.05261885519223898,0.11410973
4.03045963708992,0.05899999950553916,-0.05261885519223898,0.114143185
4.03045963708992,0.06100000174536865,-0.05261885519223898,0.11418129
4.03045963708992,0.06300000073790883,-0.05261885519223898,0.11422407
4.03045963708992,0.06499999973044901,-0.05261885519223898,0.114271566
4.03045963708992,0.06699999872298919,-0.05261885519223898,0.11432371
4.03045963708992,0.06899999771552937,-0.05261885519223898,0.11438048
4.0522053567601715,0.0010000000036590455,-0.047630565812502114,0.1206621
4.0522053567601715,0.003000000010977137,-0.047630565812502114,0.1206618
4.0522053567601715,0.004999999916817437,-0.047630565812502114,0.120668024
4.0522053567601715,0.006999999924135528,-0.047630565812502114,0.12067654
4.0522053567601715,0.008999999931453619,-0.047630565812502114,0.12069188
4.0522053567601715,0.010999999735816128,-0.047630565812502114,0.12070908
4.0522053567601715,0.012999999540178638,-0.047630565812502114,0.12072872
4.0522053567601715,0.014999999750452311,-0.047630565812502114,0.12074836
4.0522053567601715,0.01700000036663715,-0.047630565812502114,0.120767824
4.0522053567601715,0.01900000017099966,-0.047630565812502114,0.120785825
4.0522053567601715,0.020999999975362168,-0.047630565812502114,0.12080224
4.0522053567601715,0.022999999779724677,-0.047630565812502114,0.120816246
4.0522053567601715,0.024999999584087183,-0.047630565812502114,0.1208281
4.0522053567601715,0.026999999388449693,-0.047630565812502114,0.12083779
4.0522053567601715,0.02900000000463453,-0.047630565812502114,0.120845556
4.0522053567601715,0.031000000620819368,-0.047630565812502114,0.12085181
4.0522053567601715,0.03299999961335955,-0.047630565812502114,0.120857134
4.0522053567601715,0.03500000022954439,-0.047630565812502114,0.120862156
4.0522053567601715,0.03700000084572922,-0.047630565812502114,0.12086753
4.0522053567601715,0.038999999838269406,-0.047630565812502114,0.12087392
4.0522053567601715,0.04100000045445424,-0.047630565812502114,0.12088196
4.0522053567601715,0.04300000107063908,-0.047630565812502114,0.120892204
4.0522053567601715,0.04500000006317926,-0.047630565812502114,0.12090518
4.0522053567601715,0.046999999055719444,-0.047630565812502114,0.12092133
4.0522053567601715,0.04899999967190428,-0.047630565812502114,0.120941035
4.0522053567601715,0.05100000028808912,-0.047630565812502114,0.120964624
4.0522053567601715,0.0529999992806293,-0.047630565812502114,0.12099236
4.0522053567601715,0.05499999827316948,-0.047630565812502114,0.12102443
4.0522053567601715,0.05699999726570966,-0.047630565812502114,0.12106096
4.0522053567601715,0.05899999950553916,-0.047630565812502114,0.121102095
4.0522053567601715,0.06100000174536865,-0.047630565812502114,0.121147856
4.0522053567601715,0.06300000073790883,-0.047630565812502114,0.12119827
4.0522053567601715,0.06499999973044901,-0.047630565812502114,0.12125333
4.0522053567601715,0.06699999872298919,-0.047630565812502114,0.12131298
4.0522053567601715,0.06899999771552937,-0.047630565812502114,0.121377155
4.073215370563949,0.0010000000036590455,-0.0427854039564708,0.1262483
4.073215370563949,0.003000000010977137,-0.0427854039564708,0.12624654
4.073215370563949,0.004999999916817437,-0.0427854039564708,0.12624772
4.073215370563949,0.006999999924135528,-0.0427854039564708,0.1262517
4.073215370563949,0.008999999931453619,-0.0427854039564708,0.12626073
4.073215370563949,0.010999999735816128,-0.0427854039564708,0.12627167
4.073215370563949,0.012999999540178638,-0.0427854039564708,0.12628524
4.073215370563949,0.014999999750452311,-0.0427854039564708,0.12629957
4.073215370563949,0.01700000036663715,-0.0427854039564708,0.12631442
4.073215370563949,0.01900000017099966,-0.0427854039564708,0.12632851
4.073215370563949,0.020999999975362168,-0.0427854039564708,0.1263415
4.073215370563949,0.022999999779724677,-0.0427854039564708,0.12635295
4.073215370563949,0.024999999584087183,-0.0427854039564708,0.12636286
4.073215370563949,0.026999999388449693,-0.0427854039564708,0.12637214
4.073215370563949,0.02900000000463453,-0.0427854039564708,0.12638062
4.073215370563949,0.031000000620819368,-0.0427854039564708,0.12638882
4.073215370563949,0.03299999961335955,-0.0427854039564708,0.1263973
4.073215370563949,0.03500000022954439,-0.0427854039564708,0.12640655
4.073215370563949,0.03700000084572922,-0.0427854039564708,0.12641716
4.073215370563949,0.038999999838269406,-0.0427854039564708,0.12642966
4.073215370563949,0.04100000045445424,-0.0427854039564708,0.12644453
4.073215370563949,0.04300000107063908,-0.0427854039564708,0.1264623
4.073215370563949,0.04500000006317926,-0.0427854039564708,0.12648329
4.073215370563949,0.046999999055719444,-0.0427854039564708,0.12650794
4.073215370563949,0.04899999967190428,-0.0427854039564708,0.12653647
4.073215370563949,0.05100000028808912,-0.0427854039564708,0.1265692
4.073215370563949,0.0529999992806293,-0.0427854039564708,0.12660627
4.073215370563949,0.05499999827316948,-0.0427854039564708,0.12664783
4.073215370563949,0.05699999726570966,-0.0427854039564708,0.126694
4.073215370563949,0.05899999950553916,-0.0427854039564708,0.12674482
4.073215370563949,0.06100000174536865,-0.0427854039564708,0.12680034
4.073215370563949,0.06300000073790883,-0.0427854039564708,0.12686051
4.073215370563949,0.06499999973044901,-0.0427854039564708,0.12692533
4.073215370563949,0.06699999872298919,-0.0427854039564708,0.12699471
4.073215370563949,0.06899999771552937,-0.0427854039564708,0.12706858
4.093507551581624,0.0010000000036590455,-0.038080490902170146,0.13277373
4.093507551581624,0.003000000010977137,-0.038080490902170146,0.1327751
4.093507551581624,0.004999999916817437,-0.038080490902170146,0.13277908
4.093507551581624,0.006999999924135528,-0.038080490902170146,0.1327882
4.093507551581624,0.008999999931453619,-0.038080490902170146,0.13280085
4.093507551581624,0.010999999735816128,-0.038080490902170146,0.1328165
4.093507551581624,0.012999999540178638,-0.038080490902170146,0.1328344
4.093507551581624,0.014999999750452311,-0.038080490902170146,0.13285373
4.093507551581624,0.01700000036663715,-0.038080490902170146,0.13287398
4.093507551581624,0.01900000017099966,-0.038080490902170146,0.1328946
4.093507551581624,0.020999999975362168,-0.038080490902170146,0.13291548
4.093507551581624,0.022999999779724677,-0.038080490902170146,0.13293642
4.093507551581624,0.024999999584087183,-0.038080490902170146,0.13295706
4.093507551581624,0.026999999388449693,-0.038080490902170146,0.132977
4.093507551581624,0.02900000000463453,-0.038080490902170146,0.13299681
4.093507551581624,0.031000000620819368,-0.038080490902170146,0.13301615
4.093507551581624,0.03299999961335955,-0.038080490902170146,0.13303551
4.093507551581624,0.03500000022954439,-0.038080490902170146,0.13305525
4.093507551581624,0.03700000084572922,-0.038080490902170146,0.13307588
4.093507551581624,0.038999999838269406,-0.038080490902170146,0.1330979
4.093507551581624,0.04100000045445424,-0.038080490902170146,0.13312185
4.093507551581624,0.04300000107063908,-0.038080490902170146,0.1331482
4.093507551581624,0.04500000006317926,-0.038080490902170146,0.13317738
4.093507551581624,0.046999999055719444,-0.038080490902170146,0.13320981
4.093507551581624,0.04899999967190428,-0.038080490902170146,0.13324581
4.093507551581624,0.05100000028808912,-0.038080490902170146,0.13328564
4.093507551581624,0.0529999992806293,-0.038080490902170146,0.13332956
4.093507551581624,0.05499999827316948,-0.038080490902170146,0.13337767
4.093507551581624,0.05699999726570966,-0.038080490902170146,0.13343012
4.093507551581624,0.05899999950553916,-0.038080490902170146,0.13348697
4.093507551581624,0.06100000174536865,-0.038080490902170146,0.13354822
4.093507551581624,0.06300000073790883,-0.038080490902170146,0.13361385
4.093507551581624,0.06499999973044901,-0.038080490902170146,0.13368383
4.093507551581624,0.06699999872298919,-0.038080490902170146,0.13375805
4.093507551581624,0.06899999771552937,-0.038080490902170146,0.1338364
4.113099772893568,0.0010000000036590455,-0.033514188392142374,0.13726784
4.113099772893568,0.003000000010977137,-0.033514188392142374,0.13726518
4.113099772893568,0.004999999916817437,-0.033514188392142374,0.13726029
4.113099772893568,0.006999999924135528,-0.033514188392142374,0.13725868
4.113099772893568,0.008999999931453619,-0.033514188392142374,0.13725832
4.113099772893568,0.010999999735816128,-0.033514188392142374,0.13726076
4.113099772893568,0.012999999540178638,-0.033514188392142374,0.13726555
4.113099772893568,0.014999999750452311,-0.033514188392142374,0.1372729
4.113099772893568,0.01700000036663715,-0.033514188392142374,0.13728234
4.113099772893568,0.01900000017099966,-0.033514188392142374,0.13729347
4.113099772893568,0.020999999975362168,-0.033514188392142374,0.13730551
4.113099772893568,0.022999999779724677,-0.033514188392142374,0.13731773
4.113099772893568,0.024999999584087183,-0.033514188392142374,0.13732983
4.113099772893568,0.026999999388449693,-0.033514188392142374,0.13734202
4.113099772893568,0.02900000000463453,-0.033514188392142374,0.13735476
4.113099772893568,0.031000000620819368,-0.033514188392142374,0.13736878
4.113099772893568,0.03299999961335955,-0.033514188392142374,0.1373842
4.113099772893568,0.03500000022954439,-0.033514188392142374,0.13740155
4.113099772893568,0.03700000084572922,-0.033514188392142374,0.1374212
4.113099772893568,0.038999999838269406,-0.033514188392142374,0.13744353
4.113099772893568,0.04100000045445424,-0.033514188392142374,0.13746896
4.113099772893568,0.04300000107063908,-0.033514188392142374,0.13749784
4.113099772893568,0.04500000006317926,-0.033514188392142374,0.13753045
4.113099772893568,0.046999999055719444,-0.033514188392142374,0.13756707
4.113099772893568,0.04899999967190428,-0.033514188392142374,0.1376079
4.113099772893568,0.05100000028808912,-0.033514188392142374,0.1376531
4.113099772893568,0.0529999992806293,-0.033514188392142374,0.13770278
4.113099772893568,0.05499999827316948,-0.033514188392142374,0.13775699
4.113099772893568,0.05699999726570966,-0.033514188392142374,0.13781574
4.113099772893568,0.05899999950553916,-0.033514188392142374,0.13787906
4.113099772893568,0.06100000174536865,-0.033514188392142374,0.13794686
4.113099772893568,0.06300000073790883,-0.033514188392142374,0.13801907
4.113099772893568,0.06499999973044901,-0.033514188392142374,0.13809562
4.113099772893568,0.06699999872298919,-0.033514188392142374,0.13817637
4.113099772893568,0.06899999771552937,-0.033514188392142374,0.13826117
4.132010323233185,0.0010000000036590455,-0.029085751173490427,0.14387286
4.132010323233185,0.003000000010977137,-0.029085751173490427,0.14387551
4.132010323233185,0.004999999916817437,-0.029085751173490427,0.14388144
4.132010323233185,0.006999999924135528,-0.029085751173490427,0.14389384
4.132010323233185,0.008999999931453619,-0.029085751173490427,0.14390764
4.132010323233185,0.010999999735816128,-0.029085751173490427,0.14392553
4.132010323233185,0.012999999540178638,-0.029085751173490427,0.14394549
4.132010323233185,0.014999999750452311,-0.029085751173490427,0.143968
4.132010323233185,0.01700000036663715,-0.029085751173490427,0.143992
4.132010323233185,0.01900000017099966,-0.029085751173490427,0.1440175
4.132010323233185,0.020999999975362168,-0.029085751173490427,0.14404441
4.132010323233185,0.022999999779724677,-0.029085751173490427,0.14407344
4.132010323233185,0.024999999584087183,-0.029085751173490427,0.14410482
4.132010323233185,0.026999999388449693,-0.029085751173490427,0.14413834
4.132010323233185,0.02900000000463453,-0.029085751173490427,0.14417294
4.132010323233185,0.031000000620819368,-0.029085751173490427,0.14420938
4.132010323233185,0.03299999961335955,-0.029085751173490427,0.1442468
4.132010323233185,0.03500000022954439,-0.029085751173490427,0.1442854
4.132010323233185,0.03700000084572922,-0.029085751173490427,0.14432542
4.132010323233185,0.038999999838269406,-0.029085751173490427,0.14436719
4.132010323233185,0.04100000045445424,-0.029085751173490427,0.14441107
4.132010323233185,0.04300000107063908,-0.029085751173490427,0.14445738
4.132010323233185,0.04500000006317926,-0.029085751173490427,0.14450637
4.132010323233185,0.046999999055719444,-0.029085751173490427,0.14455828
4.132010323233185,0.04899999967190428,-0.029085751173490427,0.14461336
4.132010323233185,0.05100000028808912,-0.029085751173490427,0.14467172
4.132010323233185,0.0529999992806293,-0.029085751173490427,0.14473349
4.132010323233185,0.05499999827316948,-0.029085751173490427,0.14479873
4.132010323233185,0.05699999726570966,-0.029085751173490427,0.14486745
4.132010323233185,0.05899999950553916,-0.029085751173490427,0.1449396
4.132010323233185,0.06100000174536865,-0.029085751173490427,0.1450151
4.132010323233185,0.06300000073790883,-0.029085751173490427,0.14509387
4.132010323233185,0.06499999973044901,-0.029085751173490427,0.14517576
4.132010323233185,0.06699999872298919,-0.029085751173490427,0.14526051
4.132010323233185,0.06899999771552937,-0.029085751173490427,0.14534815
4.150257075680848,0.0010000000036590455,-0.02479206347211967,0.147045
4.150257075680848,0.003000000010977137,-0.02479206347211967,0.14703996
4.150257075680848,0.004999999916817437,-0.02479206347211967,0.14702988
4.150257075680848,0.006999999924135528,-0.02479206347211967,0.14701822
4.150257075680848,0.008999999931453619,-0.02479206347211967,0.14700614
4.150257075680848,0.010999999735816128,-0.02479206347211967,0.14699519
4.150257075680848,0.012999999540178638,-0.02479206347211967,0.14698617
4.150257075680848,0.014999999750452311,-0.02479206347211967,0.14698014
4.150257075680848,0.01700000036663715,-0.02479206347211967,0.14697738
4.150257075680848,0.01900000017099966,-0.02479206347211967,0.14697789
4.150257075680848,0.020999999975362168,-0.02479206347211967,0.14698128
4.150257075680848,0.022999999779724677,-0.02479206347211967,0.14698686
4.150257075680848,0.024999999584087183,-0.02479206347211967,0.1469933
4.150257075680848,0.026999999388449693,-0.02479206347211967,0.14699998
4.150257075680848,0.02900000000463453,-0.02479206347211967,0.1470072
4.150257075680848,0.031000000620819368,-0.02479206347211967,0.1470155
4.150257075680848,0.03299999961335955,-0.02479206347211967,0.14702733
4.150257075680848,0.03500000022954439,-0.02479206347211967,0.14704299
4.150257075680848,0.03700000084572922,-0.02479206347211967,0.14706273
4.150257075680848,0.038999999838269406,-0.02479206347211967,0.14708628
4.150257075680848,0.04100000045445424,-0.02479206347211967,0.14711338
4.150257075680848,0.04300000107063908,-0.02479206347211967,0.14714453
4.150257075680848,0.04500000006317926,-0.02479206347211967,0.14718005
4.150257075680848,0.046999999055719444,-0.02479206347211967,0.14722012
4.150257075680848,0.04899999967190428,-0.02479206347211967,0.14726476
4.150257075680848,0.05100000028808912,-0.02479206347211967,0.14731406
4.150257075680848,0.0529999992806293,-0.02479206347211967,0.14736792
4.150257075680848,0.05499999827316948,-0.02479206347211967,0.14742632
4.150257075680848,0.05699999726570966,-0.02479206347211967,0.14748912
4.150257075680848,0.05899999950553916,-0.02479206347211967,0.14755623
4.150257075680848,0.06100000174536865,-0.02479206347211967,0.14762746
4.150257075680848,0.06300000073790883,-0.02479206347211967,0.14770266
4.150257075680848,0.06499999973044901,-0.02479206347211967,0.14778166
4.150257075680848,0.06699999872298919,-0.02479206347211967,0.14786425
4.150257075680848,0.06899999771552937,-0.02479206347211967,0.14795026
4.1678581111434445,0.0010000000036590455,-0.020630461698972116,0.15416838
4.1678581111434445,0.003000000010977137,-0.020630461698972116,0.15417461
4.1678581111434445,0.004999999916817437,-0.020630461698972116,0.15418892
4.1678581111434445,0.006999999924135528,-0.020630461698972116,0.15420832
4.1678581111434445,0.008999999931453619,-0.020630461698972116,0.15422715
4.1678581111434445,0.010999999735816128,-0.020630461698972116,0.15424983
4.1678581111434445,0.012999999540178638,-0.020630461698972116,0.15427463
4.1678581111434445,0.014999999750452311,-0.020630461698972116,0.1543034
4.1678581111434445,0.01700000036663715,-0.020630461698972116,0.15433478
4.1678581111434445,0.01900000017099966,-0.020630461698972116,0.15436928
4.1678581111434445,0.020999999975362168,-0.020630461698972116,0.1544068
4.1678581111434445,0.022999999779724677,-0.020630461698972116,0.15444866
4.1678581111434445,0.024999999584087183,-0.020630461698972116,0.15449582
4.1678581111434445,0.026999999388449693,-0.020630461698972116,0.15454897
4.1678581111434445,0.02900000000463453,-0.020630461698972116,0.15460831
4.1678581111434445,0.031000000620819368,-0.020630461698972116,0.15467286
4.1678581111434445,0.03299999961335955,-0.020630461698972116,0.1547419
4.1678581111434445,0.03500000022954439,-0.020630461698972116,0.1548151
4.1678581111434445,0.03700000084572922,-0.020630461698972116,0.15488996
4.1678581111434445,0.038999999838269406,-0.020630461698972116,0.15496746
4.1678581111434445,0.04100000045445424,-0.020630461698972116,0.15504867
4.1678581111434445,0.04300000107063908,-0.020630461698972116,0.15513232
4.1678581111434445,0.04500000006317926,-0.020630461698972116,0.15521808
4.1678581111434445,0.046999999055719444,-0.020630461698972116,0.15530612
4.1678581111434445,0.04899999967190428,-0.020630461698972116,0.15539637
4.1678581111434445,0.05100000028808912,-0.020630461698972116,0.15548861
4.1678581111434445,0.0529999992806293,-0.020630461698972116,0.15558265
4.1678581111434445,0.05499999827316948,-0.020630461698972116,0.15567826
4.1678581111434445,0.05699999726570966,-0.020630461698972116,0.15577503
4.1678581111434445,0.05899999950553916,-0.020630461698972116,0.15587263
4.1678581111434445,0.06100000174536865,-0.020630461698972116,0.15597102
4.1678581111434445,0.06300000073790883,-0.020630461698972116,0.1560699
4.1678581111434445,0.06499999973044901,-0.020630461698972116,0.1561686
4.1678581111434445,0.06699999872298919,-0.020630461698972116,0.1562668
4.1678581111434445,0.06899999771552937,-0.020630461698972116,0.15636416
4.184831718354378,0.0010000000036590455,-0.016599554390577673,0.15562181
4.184831718354378,0.003000000010977137,-0.016599554390577673,0.1556108
4.184831718354378,0.004999999916817437,-0.016599554390577673,0.15558892
4.184831718354378,0.006999999924135528,-0.016599554390577673,0.15556268
4.184831718354378,0.008999999931453619,-0.016599554390577673,0.1555332
4.184831718354378,0.010999999735816128,-0.016599554390577673,0.15550369
4.184831718354378,0.012999999540178638,-0.016599554390577673,0.155476
4.184831718354378,0.014999999750452311,-0.016599554390577673,0.15545066
4.184831718354378,0.01700000036663715,-0.016599554390577673,0.15542904
4.184831718354378,0.01900000017099966,-0.016599554390577673,0.15541258
4.184831718354378,0.020999999975362168,-0.016599554390577673,0.15540178
4.184831718354378,0.022999999779724677,-0.016599554390577673,0.15539598
4.184831718354378,0.024999999584087183,-0.016599554390577673,0.15539306
4.184831718354378,0.026999999388449693,-0.016599554390577673,0.15539093
4.184831718354378,0.02900000000463453,-0.016599554390577673,0.1553887
4.184831718354378,0.031000000620819368,-0.016599554390577673,0.15538736
4.184831718354378,0.03299999961335955,-0.016599554390577673,0.15538798
4.184831718354378,0.03500000022954439,-0.016599554390577673,0.15539163
4.184831718354378,0.03700000084572922,-0.016599554390577673,0.15540034
4.184831718354378,0.038999999838269406,-0.016599554390577673,0.15541433
4.184831718354378,0.04100000045445424,-0.016599554390577673,0.15543365
4.184831718354378,0.04300000107063908,-0.016599554390577673,0.15545857
4.184831718354378,0.04500000006317926,-0.016599554390577673,0.15548907
4.184831718354378,0.046999999055719444,-0.016599554390577673,0.15552515
4.184831718354378,0.04899999967190428,-0.016599554390577673,0.15556654
4.184831718354378,0.05100000028808912,-0.016599554390577673,0.15561315
4.184831718354378,0.0529999992806293,-0.016599554390577673,0.1556649
4.184831718354378,0.05499999827316948,-0.016599554390577673,0.15572135
4.184831718354378,0.05699999726570966,-0.016599554390577673,0.15578227
4.184831718354378,0.05899999950553916,-0.016599554390577673,0.15584733
4.184831718354378,0.06100000174536865,-0.016599554390577673,0.1559161
4.184831718354378,0.06300000073790883,-0.016599554390577673,0.15598835
4.184831718354378,0.06499999973044901,-0.016599554390577673,0.15606388
4.184831718354378,0.06699999872298919,-0.016599554390577673,0.15614246
4.184831718354378,0.06899999771552937,-0.016599554390577673,0.15622327
4.201195354740989,0.0010000000036590455,-0.012696656038675515,0.16419962
4.201195354740989,0.003000000010977137,-0.012696656038675515,0.16421288
4.201195354740989,0.004999999916817437,-0.012696656038675515,0.16424373
4.201195354740989,0.006999999924135528,-0.012696656038675515,0.16428107
4.201195354740989,0.008999999931453619,-0.012696656038675515,0.16431904
4.201195354740989,0.010999999735816128,-0.012696656038675515,0.16435651
4.201195354740989,0.012999999540178638,-0.012696656038675515,0.1643941
4.201195354740989,0.014999999750452311,-0.012696656038675515,0.16443384
4.201195354740989,0.01700000036663715,-0.012696656038675515,0.16447733
4.201195354740989,0.01900000017099966,-0.012696656038675515,0.16452557
4.201195354740989,0.020999999975362168,-0.012696656038675515,0.16457915
4.201195354740989,0.022999999779724677,-0.012696656038675515,0.1646403
4.201195354740989,0.024999999584087183,-0.012696656038675515,0.16471113
4.201195354740989,0.026999999388449693,-0.012696656038675515,0.16479386
4.201195354740989,0.02900000000463453,-0.012696656038675515,0.16489051
4.201195354740989,0.031000000620819368,-0.012696656038675515,0.16500042
4.201195354740989,0.03299999961335955,-0.012696656038675515,0.16512288
4.201195354740989,0.03500000022954439,-0.012696656038675515,0.16525714
4.201195354740989,0.03700000084572922,-0.012696656038675515,0.16540125
4.201195354740989,0.038999999838269406,-0.012696656038675515,0.16555493
4.201195354740989,0.04100000045445424,-0.012696656038675515,0.1657175
4.201195354740989,0.04300000107063908,-0.012696656038675515,0.16588843
4.201195354740989,0.04500000006317926,-0.012696656038675515,0.16606648
4.201195354740989,0.046999999055719444,-0.012696656038675515,0.16625027
4.201195354740989,0.04899999967190428,-0.012696656038675515,0.166437
4.201195354740989,0.05100000028808912,-0.012696656038675515,0.16662486
4.201195354740989,0.0529999992806293,-0.012696656038675515,0.16681159
4.201195354740989,0.05499999827316948,-0.012696656038675515,0.16699572
4.201195354740989,0.05699999726570966,-0.012696656038675515,0.16717644
4.201195354740989,0.05899999950553916,-0.012696656038675515,0.16735187
4.201195354740989,0.06100000174536865,-0.012696656038675515,0.16752134
4.201195354740989,0.06300000073790883,-0.012696656038675515,0.16768356
4.201195354740989,0.06499999973044901,-0.012696656038675515,0.16783756
4.201195354740989,0.06699999872298919,-0.012696656038675515,0.16798228
4.201195354740989,0.06899999771552937,-0.012696656038675515,0.16811651
4.216966685557133,0.0010000000036590455,-0.008919144051235216,0.16283196
4.216966685557133,0.003000000010977137,-0.008919144051235216,0.16280486
4.216966685557133,0.004999999916817437,-0.008919144051235216,0.16274942
4.216966685557133,0.006999999924135528,-0.008919144051235216,0.16268702
4.216966685557133,0.008999999931453619,-0.008919144051235216,0.16261701
4.216966685557133,0.010999999735816128,-0.008919144051235216,0.16254643
4.216966685557133,0.012999999540178638,-0.008919144051235216,0.16247948
4.216966685557133,0.014999999750452311,-0.008919144051235216,0.1624202
4.216966685557133,0.01700000036663715,-0.008919144051235216,0.16237076
4.216966685557133,0.01900000017099966,-0.008919144051235216,0.16233261
4.216966685557133,0.020999999975362168,-0.008919144051235216,0.16230635
4.216966685557133,0.022999999779724677,-0.008919144051235216,0.16228908
4.216966685557133,0.024999999584087183,-0.008919144051235216,0.16227587
4.216966685557133,0.026999999388449693,-0.008919144051235216,0.16226356
4.216966685557133,0.02900000000463453,-0.008919144051235216,0.16225006
4.216966685557133,0.031000000620819368,-0.008919144051235216,0.16223666
4.216966685557133,0.03299999961335955,-0.008919144051235216,0.16222541
4.216966685557133,0.03500000022954439,-0.008919144051235216,0.16221835
4.216966685557133,0.03700000084572922,-0.008919144051235216,0.16221678
4.216966685557133,0.038999999838269406,-0.008919144051235216,0.16222171
4.216966685557133,0.04100000045445424,-0.008919144051235216,0.16223396
4.216966685557133,0.04300000107063908,-0.008919144051235216,0.16225347
4.216966685557133,0.04500000006317926,-0.008919144051235216,0.16227981
4.216966685557133,0.046999999055719444,-0.008919144051235216,0.1623125
4.216966685557133,0.04899999967190428,-0.008919144051235216,0.16235152
4.216966685557133,0.05100000028808912,-0.008919144051235216,0.16239639
4.216966685557133,0.0529999992806293,-0.008919144051235216,0.16244705
4.216966685557133,0.05499999827316948,-0.008919144051235216,0.16250294
4.216966685557133,0.05699999726570966,-0.008919144051235216,0.1625635
4.216966685557133,0.05899999950553916,-0.008919144051235216,0.16262823
4.216966685557133,0.06100000174536865,-0.008919144051235216,0.1626961
4.216966685557133,0.06300000073790883,-0.008919144051235216,0.16276664
4.216966685557133,0.06499999973044901,-0.008919144051235216,0.16283928
4.216966685557133,0.06699999872298919,-0.008919144051235216,0.1629135
4.216966685557133,0.06899999771552937,-0.008919144051235216,0.16298881
4.232163583883182,0.0010000000036590455,-0.005265467644654827,0.17453673
4.232163583883182,0.003000000010977137,-0.005265467644654827,0.17451328
4.232163583883182,0.004999999916817437,-0.005265467644654827,0.1745523
4.232163583883182,0.006999999924135528,-0.005265467644654827,0.17459482
4.232163583883182,0.008999999931453619,-0.005265467644654827,0.17464983
4.232163583883182,0.010999999735816128,-0.005265467644654827,0.17471296
4.232163583883182,0.012999999540178638,-0.005265467644654827,0.17478119
4.232163583883182,0.014999999750452311,-0.005265467644654827,0.17485443
4.232163583883182,0.01700000036663715,-0.005265467644654827,0.17493528
4.232163583883182,0.01900000017099966,-0.005265467644654827,0.17502877
4.232163583883182,0.020999999975362168,-0.005265467644654827,0.17513719
4.232163583883182,0.022999999779724677,-0.005265467644654827,0.17526808
4.232163583883182,0.024999999584087183,-0.005265467644654827,0.17543049
4.232163583883182,0.026999999388449693,-0.005265467644654827,0.17563064
4.232163583883182,0.02900000000463453,-0.005265467644654827,0.17587543
4.232163583883182,0.031000000620819368,-0.005265467644654827,0.17616396
4.232163583883182,0.03299999961335955,-0.005265467644654827,0.17649029
4.232163583883182,0.03500000022954439,-0.005265467644654827,0.17685026
4.232163583883182,0.03700000084572922,-0.005265467644654827,0.17723948
4.232163583883182,0.038999999838269406,-0.005265467644654827,0.17765447
4.232163583883182,0.04100000045445424,-0.005265467644654827,0.17809075
4.232163583883182,0.04300000107063908,-0.005265467644654827,0.17854294
4.232163583883182,0.04500000006317926,-0.005265467644654827,0.1790065
4.232163583883182,0.046999999055719444,-0.005265467644654827,0.17947523
4.232163583883182,0.04899999967190428,-0.005265467644654827,0.1799454
4.232163583883182,0.05100000028808912,-0.005265467644654827,0.18041511
4.232163583883182,0.0529999992806293,-0.005265467644654827,0.1808808
4.232163583883182,0.05499999827316948,-0.005265467644654827,0.18133922
4.232163583883182,0.05699999726570966,-0.005265467644654827,0.18178603
4.232163583883182,0.05899999950553916,-0.005265467644654827,0.18221726
4.232163583883182,0.06100000174536865,-0.005265467644654827,0.18262899
4.232163583883182,0.06300000073790883,-0.005265467644654827,0.18301724
4.232163583883182,0.06499999973044901,-0.005265467644654827,0.18337996
4.232163583883182,0.06699999872298919,-0.005265467644654827,0.1837139
4.232163583883182,0.06899999771552937,-0.005265467644654827,0.18401638
4.246798311483578,0.0010000000036590455,-0.0017346968764576911,0.16993098
4.246798311483578,0.003000000010977137,-0.0017346968764576911,0.16982451
4.246798311483578,0.004999999916817437,-0.0017346968764576911,0.1695015
4.246798311483578,0.006999999924135528,-0.0017346968764576911,0.16920982
4.246798311483578,0.008999999931453619,-0.0017346968764576911,0.1689351
4.246798311483578,0.010999999735816128,-0.0017346968764576911,0.16869147
4.246798311483578,0.012999999540178638,-0.0017346968764576911,0.16846025
4.246798311483578,0.014999999750452311,-0.0017346968764576911,0.16825879
4.246798311483578,0.01700000036663715,-0.0017346968764576911,0.16809414
4.246798311483578,0.01900000017099966,-0.0017346968764576911,0.16797683
4.246798311483578,0.020999999975362168,-0.0017346968764576911,0.16790189
4.246798311483578,0.022999999779724677,-0.0017346968764576911,0.16785738
4.246798311483578,0.024999999584087183,-0.0017346968764576911,0.16781726
4.246798311483578,0.026999999388449693,-0.0017346968764576911,0.16775933
4.246798311483578,0.02900000000463453,-0.0017346968764576911,0.16768952
4.246798311483578,0.031000000620819368,-0.0017346968764576911,0.16760908
4.246798311483578,0.03299999961335955,-0.0017346968764576911,0.16752303
4.246798311483578,0.03500000022954439,-0.0017346968764576911,0.16743511
4.246798311483578,0.03700000084572922,-0.0017346968764576911,0.16734868
4.246798311483578,0.038999999838269406,-0.0017346968764576911,0.16726798
4.246798311483578,0.04100000045445424,-0.0017346968764576911,0.16719563
4.246798311483578,0.04300000107063908,-0.0017346968764576911,0.16713232
4.246798311483578,0.04500000006317926,-0.0017346968764576911,0.16707623
4.246798311483578,0.046999999055719444,-0.0017346968764576911,0.16703334
4.246798311483578,0.04899999967190428,-0.0017346968764576911,0.16700563
4.246798311483578,0.05100000028808912,-0.0017346968764576911,0.1669945
4.246798311483578,0.0529999992806293,-0.0017346968764576911,0.1669962
4.246798311483578,0.05499999827316948,-0.0017346968764576911,0.16700509
4.246798311483578,0.05699999726570966,-0.0017346968764576911,0.16702132
4.246798311483578,0.05899999950553916,-0.0017346968764576911,0.16704345
4.246798311483578,0.06100000174536865,-0.0017346968764576911,0.1670683
4.246798311483578,0.06300000073790883,-0.0017346968764576911,0.16709687
4.246798311483578,0.06499999973044901,-0.0017346968764576911,0.1671284
4.246798311483578,0.06699999872298919,-0.0017346968764576911,0.16716164
4.246798311483578,0.06899999771552937,-0.0017346968764576911,0.1671954
3.498777165239991,0.03700000084572922,0.16660519811939162,-0.04520992
3.498777165239991,0.038999999838269406,0.16660519811939162,-0.04529763
3.498777165239991,0.04100000045445424,0.16660519811939162,-0.045384258
3.498777165239991,0.04300000107063908,0.16660519811939162,-0.04546907
3.498777165239991,0.04500000006317926,0.16660519811939162,-0.045551483
3.498777165239991,0.046999999055719444,0.16660519811939162,-0.045631018
3.498777165239991,0.04899999967190428,0.16660519811939162,-0.04570732
3.498777165239991,0.05100000028808912,0.16660519811939162,-0.045780133
3.498777165239991,0.0529999992806293,0.16660519811939162,-0.045849275
3.498777165239991,0.05499999827316948,0.16660519811939162,-0.04591458
3.498777165239991,0.05699999726570966,0.16660519811939162,-0.04597597
3.498777165239991,0.05899999950553916,0.16660519811939162,-0.046033353
3.498777165239991,0.06100000174536865,0.16660519811939162,-0.046086714
3.498777165239991,0.06300000073790883,0.16660519811939162,-0.046135973
3.498777165239991,0.06499999973044901,0.16660519811939162,-0.046181202
3.498777165239991,0.06699999872298919,0.16660519811939162,-0.046222154
3.498777165239991,0.06899999771552937,0.16660519811939162,-0.04625906
3.536169415903557,0.031000000620819368,0.15906495986456984,-0.034982592
3.536169415903557,0.03299999961335955,0.15906495986456984,-0.035063356
3.536169415903557,0.03500000022954439,0.15906495986456984,-0.035146244
3.536169415903557,0.03700000084572922,0.15906495986456984,-0.03523001
3.536169415903557,0.038999999838269406,0.15906495986456984,-0.035313636
3.536169415903557,0.04100000045445424,0.15906495986456984,-0.035396244
3.536169415903557,0.04300000107063908,0.15906495986456984,-0.035477113
3.536169415903557,0.04500000006317926,0.15906495986456984,-0.035555653
3.536169415903557,0.046999999055719444,0.15906495986456984,-0.035631396
3.536169415903557,0.04899999967190428,0.15906495986456984,-0.035703983
3.536169415903557,0.05100000028808912,0.15906495986456984,-0.03577316
3.536169415903557,0.0529999992806293,0.15906495986456984,-0.03583872
3.536169415903557,0.05499999827316948,0.15906495986456984,-0.035900507
3.536169415903557,0.05699999726570966,0.15906495986456984,-0.035958413
3.536169415903557,0.05899999950553916,0.15906495986456984,-0.036012366
3.536169415903557,0.06100000174536865,0.15906495986456984,-0.036062326
3.536169415903557,0.06300000073790883,0.15906495986456984,-0.036108263
3.536169415903557,0.06499999973044901,0.15906495986456984,-0.036150157
3.536169415903557,0.06699999872298919,0.15906495986456984,-0.036187988
3.536169415903557,0.06899999771552937,0.15906495986456984,-0.036221582
3.5726045215479,0.026999999388449693,0.15165169062183825,-0.024887694
3.5726045215479,0.02900000000463453,0.15165169062183825,-0.024956169
3.5726045215479,0.031000000620819368,0.15165169062183825,-0.025029652
3.5726045215479,0.03299999961335955,0.15165169062183825,-0.02510661
3.5726045215479,0.03500000022954439,0.15165169062183825,-0.025185674
3.5726045215479,0.03700000084572922,0.15165169062183825,-0.025265647
3.5726045215479,0.038999999838269406,0.15165169062183825,-0.025345521
3.5726045215479,0.04100000045445424,0.15165169062183825,-0.025424432
3.5726045215479,0.04300000107063908,0.15165169062183825,-0.025501667
3.5726045215479,0.04500000006317926,0.15165169062183825,-0.025576629
3.5726045215479,0.046999999055719444,0.15165169062183825,-0.025648866
3.5726045215479,0.04899999967190428,0.15165169062183825,-0.025718022
3.5726045215479,0.05100000028808912,0.15165169062183825,-0.02578383
3.5726045215479,0.0529999992806293,0.15165169062183825,-0.02584606
3.5726045215479,0.05499999827316948,0.15165169062183825,-0.025904568
3.5726045215479,0.05699999726570966,0.15165169062183825,-0.025959222
3.5726045215479,0.05899999950553916,0.15165169062183825,-0.026009971
3.5726045215479,0.06100000174536865,0.15165169062183825,-0.02605673
3.5726045215479,0.06300000073790883,0.15165169062183825,-0.026099533
3.5726045215479,0.06499999973044901,0.15165169062183825,-0.026138255
3.5726045215479,0.06699999872298919,0.15165169062183825,-0.026173137
3.5726045215479,0.06899999771552937,0.15165169062183825,-0.02620369
3.60808508000447,0.020999999975362168,0.14436865716424446,-0.014876798
3.60808508000447,0.022999999779724677,0.14436865716424446,-0.014917541
3.60808508000447,0.024999999584087183,0.14436865716424446,-0.014968507
3.60808508000447,0.026999999388449693,0.14436865716424446,-0.01502779
3.60808508000447,0.02900000000463453,0.14436865716424446,-0.0150936255
3.60808508000447,0.031000000620819368,0.14436865716424446,-0.015164334
3.60808508000447,0.03299999961335955,0.14436865716424446,-0.015238433
3.60808508000447,0.03500000022954439,0.14436865716424446,-0.015314591
3.60808508000447,0.03700000084572922,0.14436865716424446,-0.0153916385
3.60808508000447,0.038999999838269406,0.14436865716424446,-0.01546859
3.60808508000447,0.04100000045445424,0.14436865716424446,-0.015544588
3.60808508000447,0.04300000107063908,0.14436865716424446,-0.015618928
3.60808508000447,0.04500000006317926,0.14436865716424446,-0.015691014
3.60808508000447,0.046999999055719444,0.14436865716424446,-0.015760409
3.60808508000447,0.04899999967190428,0.14436865716424446,-0.01582675
3.60808508000447,0.05100000028808912,0.14436865716424446,-0.01588975
3.60808508000447,0.0529999992806293,0.14436865716424446,-0.01594918
3.60808508000447,0.05499999827316948,0.14436865716424446,-0.01600488
3.60808508000447,0.05699999726570966,0.14436865716424446,-0.016056722
3.60808508000447,0.05899999950553916,0.14436865716424446,-0.016104644
3.60808508000447,0.06100000174536865,0.14436865716424446,-0.016148552
3.60808508000447,0.06300000073790883,0.14436865716424446,-0.016188502
3.60808508000447,0.06499999973044901,0.14436865716424446,-0.01622433
3.60808508000447,0.06699999872298919,0.14436865716424446,-0.01625637
3.60808508000447,0.06899999771552937,0.14436865716424446,-0.0162841
3.642615455630102,0.012999999540178638,0.137218801535905,-0.005006364
3.642615455630102,0.014999999750452311,0.137218801535905,-0.004989938
3.642615455630102,0.01700000036663715,0.137218801535905,-0.004988433
3.642615455630102,0.01900000017099966,0.137218801535905,-0.0050012446
3.642615455630102,0.020999999975362168,0.137218801535905,-0.0050272946
3.642615455630102,0.022999999779724677,0.137218801535905,-0.0050649233
3.642615455630102,0.024999999584087183,0.137218801535905,-0.0051124054
3.642615455630102,0.026999999388449693,0.137218801535905,-0.0051679495
3.642615455630102,0.02900000000463453,0.137218801535905,-0.0052298675
3.642615455630102,0.031000000620819368,0.137218801535905,-0.005296558
3.642615455630102,0.03299999961335955,0.137218801535905,-0.005366593
3.642615455630102,0.03500000022954439,0.137218801535905,-0.0054386845
3.642615455630102,0.03700000084572922,0.137218801535905,-0.0055116965
3.642615455630102,0.038999999838269406,0.137218801535905,-0.0055846623
3.642615455630102,0.04100000045445424,0.137218801535905,-0.005656744
3.642615455630102,0.04300000107063908,0.137218801535905,-0.005727236
3.642615455630102,0.04500000006317926,0.137218801535905,-0.0057955696
3.642615455630102,0.046999999055719444,0.137218801535905,-0.0058613066
3.642615455630102,0.04899999967190428,0.137218801535905,-0.0059240693
3.642615455630102,0.05100000028808912,0.137218801535905,-0.0059835576
3.642615455630102,0.0529999992806293,0.137218801535905,-0.0060395403
3.642615455630102,0.05499999827316948,0.137218801535905,-0.0060918485
3.642615455630102,0.05699999726570966,0.137218801535905,-0.0061403518
3.642615455630102,0.05899999950553916,0.137218801535905,-0.006184976
3.642615455630102,0.06100000174536865,0.137218801535905,-0.0062256455
3.642615455630102,0.06300000073790883,0.137218801535905,-0.006262373
3.642615455630102,0.06499999973044901,0.137218801535905,-0.0062950607
3.642615455630102,0.06699999872298919,0.137218801535905,-0.0063239224
3.642615455630102,0.06899999771552937,0.137218801535905,-0.006348657
3.6762018832202736,0.0010000000036590455,0.1302065335557052,0.0045830463
3.6762018832202736,0.003000000010977137,0.1302065335557052,0.0045894636
3.6762018832202736,0.004999999916817437,0.1302065335557052,0.0046153106
3.6762018832202736,0.006999999924135528,0.1302065335557052,0.004656285
3.6762018832202736,0.008999999931453619,0.1302065335557052,0.0047013476
3.6762018832202736,0.010999999735816128,0.1302065335557052,0.0047415597
3.6762018832202736,0.012999999540178638,0.1302065335557052,0.004771365
3.6762018832202736,0.014999999750452311,0.1302065335557052,0.004788039
3.6762018832202736,0.01700000036663715,0.1302065335557052,0.00479068
3.6762018832202736,0.01900000017099966,0.1302065335557052,0.0047796587
3.6762018832202736,0.020999999975362168,0.1302065335557052,0.004755993
3.6762018832202736,0.022999999779724677,0.1302065335557052,0.0047211787
3.6762018832202736,0.024999999584087183,0.1302065335557052,0.0046768575
3.6762018832202736,0.026999999388449693,0.1302065335557052,0.004624706
3.6762018832202736,0.02900000000463453,0.1302065335557052,0.004566343
3.6762018832202736,0.031000000620819368,0.1302065335557052,0.004503297
3.6762018832202736,0.03299999961335955,0.1302065335557052,0.0044369474
3.6762018832202736,0.03500000022954439,0.1302065335557052,0.004368541
3.6762018832202736,0.03700000084572922,0.1302065335557052,0.004299183
3.6762018832202736,0.038999999838269406,0.1302065335557052,0.0042298236
3.6762018832202736,0.04100000045445424,0.1302065335557052,0.0041612852
3.6762018832202736,0.04300000107063908,0.1302065335557052,0.00409427
3.6762018832202736,0.04500000006317926,0.1302065335557052,0.0040293173
3.6762018832202736,0.046999999055719444,0.1302065335557052,0.003966884
3.6762018832202736,0.04899999967190428,0.1302065335557052,0.00390736
3.6762018832202736,0.05100000028808912,0.1302065335557052,0.0038510514
3.6762018832202736,0.0529999992806293,0.1302065335557052,0.0037981938
3.6762018832202736,0.05499999827316948,0.1302065335557052,0.0037489664
3.6762018832202736,0.05699999726570966,0.1302065335557052,0.0037034983
3.6762018832202736,0.05899999950553916,0.1302065335557052,0.0036618812
3.6762018832202736,0.06100000174536865,0.1302065335557052,0.0036241743
3.6762018832202736,0.06300000073790883,0.1302065335557052,0.0035904075
3.6762018832202736,0.06499999973044901,0.1302065335557052,0.0035606038
3.6762018832202736,0.06699999872298919,0.1302065335557052,0.0035347026
3.6762018832202736,0.06899999771552937,0.1302065335557052,0.0035127194
3.708852468009108,0.0010000000036590455,0.12333566554129706,0.0143038435
3.708852468009108,0.003000000010977137,0.12333566554129706,0.014309362
3.708852468009108,0.004999999916817437,0.12333566554129706,0.014333751
3.708852468009108,0.006999999924135528,0.12333566554129706,0.014371647
3.708852468009108,0.008999999931453619,0.12333566554129706,0.014413959
3.708852468009108,0.010999999735816128,0.12333566554129706,0.014451845
3.708852468009108,0.012999999540178638,0.12333566554129706,0.014480113
3.708852468009108,0.014999999750452311,0.12333566554129706,0.014495918
3.708852468009108,0.01700000036663715,0.12333566554129706,0.014498433
3.708852468009108,0.01900000017099966,0.12333566554129706,0.014487858
3.708852468009108,0.020999999975362168,0.12333566554129706,0.014465158
3.708852468009108,0.022999999779724677,0.12333566554129706,0.014431698
3.708852468009108,0.024999999584087183,0.12333566554129706,0.014389046
3.708852468009108,0.026999999388449693,0.12333566554129706,0.014338785
3.708852468009108,0.02900000000463453,0.12333566554129706,0.014282481
3.708852468009108,0.031000000620819368,0.12333566554129706,0.0142215965
3.708852468009108,0.03299999961335955,0.12333566554129706,0.01415748
3.708852468009108,0.03500000022954439,0.12333566554129706,0.01409134
3.708852468009108,0.03700000084572922,0.12333566554129706,0.014024263
3.708852468009108,0.038999999838269406,0.12333566554129706,0.013957183
3.708852468009108,0.04100000045445424,0.12333566554129706,0.01389092
3.708852468009108,0.04300000107063908,0.12333566554129706,0.01382615
3.708852468009108,0.04500000006317926,0.12333566554129706,0.013763407
3.708852468009108,0.046999999055719444,0.12333566554129706,0.013703176
3.708852468009108,0.04899999967190428,0.12333566554129706,0.013645851
3.708852468009108,0.05100000028808912,0.12333566554129706,0.013591743
3.708852468009108,0.0529999992806293,0.12333566554129706,0.013541092
3.708852468009108,0.05499999827316948,0.12333566554129706,0.013494086
3.708852468009108,0.05699999726570966,0.12333566554129706,0.013450861
3.708852468009108,0.05899999950553916,0.12333566554129706,0.013411512
3.708852468009108,0.06100000174536865,0.12333566554129706,0.013376103
3.708852468009108,0.06300000073790883,0.12333566554129706,0.013344672
3.708852468009108,0.06499999973044901,0.12333566554129706,0.01331723
3.708852468009108,0.06699999872298919,0.12333566554129706,0.013293755
3.708852468009108,0.06899999771552937,0.12333566554129706,0.013274197
3.7405753152307275,0.0010000000036590455,0.11660687292885748,0.023868943
3.7405753152307275,0.003000000010977137,0.11660687292885748,0.02387248
3.7405753152307275,0.004999999916817437,0.11660687292885748,0.02389546
3.7405753152307275,0.006999999924135528,0.11660687292885748,0.023930069
3.7405753152307275,0.008999999931453619,0.11660687292885748,0.023969403
3.7405753152307275,0.010999999735816128,0.11660687292885748,0.024003796
3.7405753152307275,0.012999999540178638,0.11660687292885748,0.024029678
3.7405753152307275,0.014999999750452311,0.11660687292885748,0.0240436
3.7405753152307275,0.01700000036663715,0.11660687292885748,0.02404494
3.7405753152307275,0.01900000017099966,0.11660687292885748,0.024033694
3.7405753152307275,0.020999999975362168,0.11660687292885748,0.024010822
3.7405753152307275,0.022999999779724677,0.11660687292885748,0.02397755
3.7405753152307275,0.024999999584087183,0.11660687292885748,0.0239354
3.7405753152307275,0.026999999388449693,0.11660687292885748,0.023885865
3.7405753152307275,0.02900000000463453,0.11660687292885748,0.023830472
3.7405753152307275,0.031000000620819368,0.11660687292885748,0.023770621
3.7405753152307275,0.03299999961335955,0.11660687292885748,0.02370764
3.7405753152307275,0.03500000022954439,0.11660687292885748,0.023642704
3.7405753152307275,0.03700000084572922,0.11660687292885748,0.023576885
3.7405753152307275,0.038999999838269406,0.11660687292885748,0.02351111
3.7405753152307275,0.04100000045445424,0.11660687292885748,0.023446186
3.7405753152307275,0.04300000107063908,0.11660687292885748,0.023382762
3.7405753152307275,0.04500000006317926,0.11660687292885748,0.023321409
3.7405753152307275,0.046999999055719444,0.11660687292885748,0.023262618
3.7405753152307275,0.04899999967190428,0.11660687292885748,0.023206787
3.7405753152307275,0.05100000028808912,0.11660687292885748,0.02315423
3.7405753152307275,0.0529999992806293,0.11660687292885748,0.0231052
3.7405753152307275,0.05499999827316948,0.11660687292885748,0.023059886
3.7405753152307275,0.05699999726570966,0.11660687292885748,0.023018433
3.7405753152307275,0.05899999950553916,0.11660687292885748,0.02298095
3.7405753152307275,0.06100000174536865,0.11660687292885748,0.022947486
3.7405753152307275,0.06300000073790883,0.11660687292885748,0.02291812
3.7405753152307275,0.06499999973044901,0.11660687292885748,0.022892796
3.7405753152307275,0.06699999872298919,0.11660687292885748,0.022871636
3.7405753152307275,0.06899999771552937,0.11660687292885748,0.022854324
3.7713801927313813,0.0010000000036590455,0.11002181183593543,0.033354603
3.7713801927313813,0.003000000010977137,0.11002181183593543,0.033355746
3.7713801927313813,0.004999999916817437,0.11002181183593543,0.033377796
3.7713801927313813,0.006999999924135528,0.11002181183593543,0.03340983
3.7713801927313813,0.008999999931453619,0.11002181183593543,0.033447947
3.7713801927313813,0.010999999735816128,0.11002181183593543,0.03348111
3.7713801927313813,0.012999999540178638,0.11002181183593543,0.033507228
3.7713801927313813,0.014999999750452311,0.11002181183593543,0.033522055
3.7713801927313813,0.01700000036663715,0.11002181183593543,0.033525288
3.7713801927313813,0.01900000017099966,0.11002181183593543,0.033516563
3.7713801927313813,0.020999999975362168,0.11002181183593543,0.033496823
3.7713801927313813,0.022999999779724677,0.11002181183593543,0.03346709
3.7713801927313813,0.024999999584087183,0.11002181183593543,0.03342881
3.7713801927313813,0.026999999388449693,0.11002181183593543,0.03338335
3.7713801927313813,0.02900000000463453,0.11002181183593543,0.03333217
3.7713801927313813,0.031000000620819368,0.11002181183593543,0.033276603
3.7713801927313813,0.03299999961335955,0.11002181183593543,0.033217914
3.7713801927313813,0.03500000022954439,0.11002181183593543,0.03315725
3.7713801927313813,0.03700000084572922,0.11002181183593543,0.03309565
3.7713801927313813,0.038999999838269406,0.11002181183593543,0.033034027
3.7713801927313813,0.04100000045445424,0.11002181183593543,0.032973148
3.7713801927313813,0.04300000107063908,0.11002181183593543,0.03291367
3.7713801927313813,0.04500000006317926,0.11002181183593543,0.032856185
3.7713801927313813,0.046999999055719444,0.11002181183593543,0.032801174
3.7713801927313813,0.04899999967190428,0.11002181183593543,0.03274904
3.7713801927313813,0.05100000028808912,0.11002181183593543,0.03270009
3.7713801927313813,0.0529999992806293,0.11002181183593543,0.032654602
3.7713801927313813,0.05499999827316948,0.11002181183593543,0.032612763
3.7713801927313813,0.05699999726570966,0.11002181183593543,0.032574717
3.7713801927313813,0.05899999950553916,0.11002181183593543,0.032540593
3.7713801927313813,0.06100000174536865,0.11002181183593543,0.032510445
3.7713801927313813,0.06300000073790883,0.11002181183593543,0.03248435
3.7713801927313813,0.06499999973044901,0.11002181183593543,0.032462258
3.7713801927313813,0.06699999872298919,0.11002181183593543,0.032444302
3.7713801927313813,0.06899999771552937,0.11002181183593543,0.03243017
3.8012789466224786,0.0010000000036590455,0.10358378150847168,0.042703956
3.8012789466224786,0.003000000010977137,0.10358378150847168,0.042703465
3.8012789466224786,0.004999999916817437,0.10358378150847168,0.042724367
3.8012789466224786,0.006999999924135528,0.10358378150847168,0.042753343
3.8012789466224786,0.008999999931453619,0.10358378150847168,0.04278898
3.8012789466224786,0.010999999735816128,0.10358378150847168,0.042819727
3.8012789466224786,0.012999999540178638,0.10358378150847168,0.042844225
3.8012789466224786,0.014999999750452311,0.10358378150847168,0.042858016
3.8012789466224786,0.01700000036663715,0.10358378150847168,0.042860914
3.8012789466224786,0.01900000017099966,0.10358378150847168,0.04285234
3.8012789466224786,0.020999999975362168,0.10358378150847168,0.04283322
3.8012789466224786,0.022999999779724677,0.10358378150847168,0.042804424
3.8012789466224786,0.024999999584087183,0.10358378150847168,0.042767357
3.8012789466224786,0.026999999388449693,0.10358378150847168,0.042723294
3.8012789466224786,0.02900000000463453,0.10358378150847168,0.04267365
3.8012789466224786,0.031000000620819368,0.10358378150847168,0.042619705
3.8012789466224786,0.03299999961335955,0.10358378150847168,0.04256271
3.8012789466224786,0.03500000022954439,0.10358378150847168,0.04250378
3.8012789466224786,0.03700000084572922,0.10358378150847168,0.042443942
3.8012789466224786,0.038999999838269406,0.10358378150847168,0.042384095
3.8012789466224786,0.04100000045445424,0.10358378150847168,0.042324983
3.8012789466224786,0.04300000107063908,0.10358378150847168,0.042267308
3.8012789466224786,0.04500000006317926,0.10358378150847168,0.04221165
3.8012789466224786,0.046999999055719444,0.10358378150847168,0.0421585
3.8012789466224786,0.04899999967190428,0.10358378150847168,0.04210826
3.8012789466224786,0.05100000028808912,0.10358378150847168,0.042061254
3.8012789466224786,0.0529999992806293,0.10358378150847168,0.042017754
3.8012789466224786,0.05499999827316948,0.10358378150847168,0.041977968
3.8012789466224786,0.05699999726570966,0.10358378150847168,0.04194204
3.8012789466224786,0.05899999950553916,0.10358378150847168,0.041910104
3.8012789466224786,0.06100000174536865,0.10358378150847168,0.041882224
3.8012789466224786,0.06300000073790883,0.10358378150847168,0.04185848
3.8012789466224786,0.06499999973044901,0.10358378150847168,0.041838832
3.8012789466224786,0.06699999872298919,0.10358378150847168,0.041823395
3.8012789466224786,0.06899999771552937,0.10358378150847168,0.041811895
3.8302832151889135,0.0010000000036590455,0.0972923597988557,0.051762793
3.8302832151889135,0.003000000010977137,0.0972923597988557,0.051761176
3.8302832151889135,0.004999999916817437,0.0972923597988557,0.05178
3.8302832151889135,0.006999999924135528,0.0972923597988557,0.05180602
3.8302832151889135,0.008999999931453619,0.0972923597988557,0.051838707
3.8302832151889135,0.010999999735816128,0.0972923597988557,0.051867004
3.8302832151889135,0.012999999540178638,0.0972923597988557,0.05188915
3.8302832151889135,0.014999999750452311,0.0972923597988557,0.051901553
3.8302832151889135,0.01700000036663715,0.0972923597988557,0.05190361
3.8302832151889135,0.01900000017099966,0.0972923597988557,0.051894743
3.8302832151889135,0.020999999975362168,0.0972923597988557,0.05187576
3.8302832151889135,0.022999999779724677,0.0972923597988557,0.051847465
3.8302832151889135,0.024999999584087183,0.0972923597988557,0.051811162
3.8302832151889135,0.026999999388449693,0.0972923597988557,0.05176807
3.8302832151889135,0.02900000000463453,0.0972923597988557,0.05171955
3.8302832151889135,0.031000000620819368,0.0972923597988557,0.051666845
3.8302832151889135,0.03299999961335955,0.0972923597988557,0.05161118
3.8302832151889135,0.03500000022954439,0.0972923597988557,0.051553655
3.8302832151889135,0.03700000084572922,0.0972923597988557,0.051495284
3.8302832151889135,0.038999999838269406,0.0972923597988557,0.051436942
3.8302832151889135,0.04100000045445424,0.0972923597988557,0.051379416
3.8302832151889135,0.04300000107063908,0.0972923597988557,0.051323388
3.8302832151889135,0.04500000006317926,0.0972923597988557,0.05126945
3.8302832151889135,0.046999999055719444,0.0972923597988557,0.0512181
3.8302832151889135,0.04899999967190428,0.0972923597988557,0.05116974
3.8302832151889135,0.05100000028808912,0.0972923597988557,0.051124714
3.8302832151889135,0.0529999992806293,0.0972923597988557,0.0510833
3.8302832151889135,0.05499999827316948,0.0972923597988557,0.05104571
3.8302832151889135,0.05699999726570966,0.0972923597988557,0.051012106
3.8302832151889135,0.05899999950553916,0.0972923597988557,0.050982617
3.8302832151889135,0.06100000174536865,0.0972923597988557,0.050957322
3.8302832151889135,0.06300000073790883,0.0972923597988557,0.050936297
3.8302832151889135,0.06499999973044901,0.0972923597988557,0.050919525
3.8302832151889135,0.06699999872298919,0.0972923597988557,0.050907083
3.8302832151889135,0.06899999771552937,0.0972923597988557,0.050898783
3.8584062993277066,0.0010000000036590455,0.09114906643848539,0.06073006
3.8584062993277066,0.003000000010977137,0.09114906643848539,0.06072732
3.8584062993277066,0.004999999916817437,0.09114906643848539,0.060744748
3.8584062993277066,0.006999999924135528,0.09114906643848539,0.060768567
3.8584062993277066,0.008999999931453619,0.09114906643848539,0.060800415
3.8584062993277066,0.010999999735816128,0.09114906643848539,0.060828358
3.8584062993277066,0.012999999540178638,0.09114906643848539,0.060851958
3.8584062993277066,0.014999999750452311,0.09114906643848539,0.060866248
3.8584062993277066,0.01700000036663715,0.09114906643848539,0.060871717
3.8584062993277066,0.01900000017099966,0.09114906643848539,0.060866944
3.8584062993277066,0.020999999975362168,0.09114906643848539,0.060852777
3.8584062993277066,0.022999999779724677,0.09114906643848539,0.06082976
3.8584062993277066,0.024999999584087183,0.09114906643848539,0.06079908
3.8584062993277066,0.026999999388449693,0.09114906643848539,0.060761847
3.8584062993277066,0.02900000000463453,0.09114906643848539,0.060719322
3.8584062993277066,0.031000000620819368,0.09114906643848539,0.060672693
3.8584062993277066,0.03299999961335955,0.09114906643848539,0.060623106
3.8584062993277066,0.03500000022954439,0.09114906643848539,0.06057165
3.8584062993277066,0.03700000084572922,0.09114906643848539,0.060519267
3.8584062993277066,0.038999999838269406,0.09114906643848539,0.060466845
3.8584062993277066,0.04100000045445424,0.09114906643848539,0.06041515
3.8584062993277066,0.04300000107063908,0.09114906643848539,0.060364865
3.8584062993277066,0.04500000006317926,0.09114906643848539,0.06031656
3.8584062993277066,0.046999999055719444,0.09114906643848539,0.060270734
3.8584062993277066,0.04899999967190428,0.09114906643848539,0.0602278
3.8584062993277066,0.05100000028808912,0.09114906643848539,0.060188103
3.8584062993277066,0.0529999992806293,0.09114906643848539,0.06015193
3.8584062993277066,0.05499999827316948,0.09114906643848539,0.060119487
3.8584062993277066,0.05699999726570966,0.09114906643848539,0.06009096
3.8584062993277066,0.05899999950553916,0.09114906643848539,0.060066465
3.8584062993277066,0.06100000174536865,0.09114906643848539,0.060046103
3.8584062993277066,0.06300000073790883,0.09114906643848539,0.06002994
3.8584062993277066,0.06499999973044901,0.09114906643848539,0.06001798
3.8584062993277066,0.06699999872298919,0.09114906643848539,0.060010266
3.8584062993277066,0.06899999771552937,0.09114906643848539,0.06000671
3.8856621234154267,0.0010000000036590455,0.08515466778763833,0.06931081
3.8856621234154267,0.003000000010977137,0.08515466778763833,0.069307484
3.8856621234154267,0.004999999916817437,0.08515466778763833,0.06932317
3.8856621234154267,0.006999999924135528,0.08515466778763833,0.06934399
3.8856621234154267,0.008999999931453619,0.08515466778763833,0.06937294
3.8856621234154267,0.010999999735816128,0.08515466778763833,0.06939818
3.8856621234154267,0.012999999540178638,0.08515466778763833,0.06941963
3.8856621234154267,0.014999999750452311,0.08515466778763833,0.069432095
3.8856621234154267,0.01700000036663715,0.08515466778763833,0.06943653
3.8856621234154267,0.01900000017099966,0.08515466778763833,0.06943109
3.8856621234154267,0.020999999975362168,0.08515466778763833,0.06941667
3.8856621234154267,0.022999999779724677,0.08515466778763833,0.069393694
3.8856621234154267,0.024999999584087183,0.08515466778763833,0.06936331
3.8856621234154267,0.026999999388449693,0.08515466778763833,0.06932657
3.8856621234154267,0.02900000000463453,0.08515466778763833,0.069284685
3.8856621234154267,0.031000000620819368,0.08515466778763833,0.06923885
3.8856621234154267,0.03299999961335955,0.08515466778763833,0.06919017
3.8856621234154267,0.03500000022954439,0.08515466778763833,0.06913973
3.8856621234154267,0.03700000084572922,0.08515466778763833,0.06908848
3.8856621234154267,0.038999999838269406,0.08515466778763833,0.06903733
3.8856621234154267,0.04100000045445424,0.08515466778763833,0.068987034
3.8856621234154267,0.04300000107063908,0.08515466778763833,0.06893827
3.8856621234154267,0.04500000006317926,0.08515466778763833,0.068891644
3.8856621234154267,0.046999999055719444,0.08515466778763833,0.06884765
3.8856621234154267,0.04899999967190428,0.08515466778763833,0.06880672
3.8856621234154267,0.05100000028808912,0.08515466778763833,0.06876922
3.8856621234154267,0.0529999992806293,0.08515466778763833,0.06873542
3.8856621234154267,0.05499999827316948,0.08515466778763833,0.068705566
3.8856621234154267,0.05699999726570966,0.08515466778763833,0.06867983
3.8856621234154267,0.05899999950553916,0.08515466778763833,0.06865835
3.8856621234154267,0.06100000174536865,0.08515466778763833,0.06864123
3.8856621234154267,0.06300000073790883,0.08515466778763833,0.06862852
3.8856621234154267,0.06499999973044901,0.08515466778763833,0.06862027
3.8856621234154267,0.06699999872298919,0.08515466778763833,0.06861646
3.8856621234154267,0.06899999771552937,0.08515466778763833,0.068617076
3.912065443134707,0.0010000000036590455,0.07930836501314384,0.07768168
3.912065443134707,0.003000000010977137,0.07930836501314384,0.077678144
3.912065443134707,0.004999999916817437,0.07930836501314384,0.077692084
3.912065443134707,0.006999999924135528,0.07930836501314384,0.07771058
3.912065443134707,0.008999999931453619,0.07930836501314384,0.07773799
3.912065443134707,0.010999999735816128,0.07930836501314384,0.077762716
3.912065443134707,0.012999999540178638,0.07930836501314384,0.07778527
3.912065443134707,0.014999999750452311,0.07930836501314384,0.07780037
3.912065443134707,0.01700000036663715,0.07930836501314384,0.077808104
3.912065443134707,0.01900000017099966,0.07930836501314384,0.077807434
3.912065443134707,0.020999999975362168,0.07930836501314384,0.07779857
3.912065443134707,0.022999999779724677,0.07930836501314384,0.07778184
3.912065443134707,0.024999999584087183,0.07930836501314384,0.07775819
3.912065443134707,0.026999999388449693,0.07930836501314384,0.077728555
3.912065443134707,0.02900000000463453,0.07930836501314384,0.077694006
3.912065443134707,0.031000000620819368,0.07930836501314384,0.07765566
3.912065443134707,0.03299999961335955,0.07930836501314384,0.07761456
3.912065443134707,0.03500000022954439,0.07930836501314384,0.07757174
3.912065443134707,0.03700000084572922,0.07930836501314384,0.07752813
3.912065443134707,0.038999999838269406,0.07930836501314384,0.07748454
3.912065443134707,0.04100000045445424,0.07930836501314384,0.07744176
3.912065443134707,0.04300000107063908,0.07930836501314384,0.077400446
3.912065443134707,0.04500000006317926,0.07930836501314384,0.07736119
3.912065443134707,0.046999999055719444,0.07930836501314384,0.07732449
3.912065443134707,0.04899999967190428,0.07930836501314384,0.07729077
3.912065443134707,0.05100000028808912,0.07930836501314384,0.07726041
3.912065443134707,0.0529999992806293,0.07930836501314384,0.077233694
3.912065443134707,0.05499999827316948,0.07930836501314384,0.07721085
3.912065443134707,0.05699999726570966,0.07930836501314384,0.07719207
3.912065443134707,0.05899999950553916,0.07930836501314384,0.07717749
3.912065443134707,0.06100000174536865,0.07930836501314384,0.07716721
3.912065443134707,0.06300000073790883,0.07930836501314384,0.0771613
3.912065443134707,0.06499999973044901,0.07930836501314384,0.07715981
3.912065443134707,0.06699999872298919,0.07930836501314384,0.0771627
3.912065443134707,0.06899999771552937,0.07930836501314384,0.07717001
3.937631845474243,0.0010000000036590455,0.07361207076840653,0.085701644
3.937631845474243,0.003000000010977137,0.07361207076840653,0.08569789
3.937631845474243,0.004999999916817437,0.07361207076840653,0.0857112
3.937631845474243,0.006999999924135528,0.07361207076840653,0.08572755
3.937631845474243,0.008999999931453619,0.07361207076840653,0.08575316
3.937631845474243,0.010999999735816128,0.07361207076840653,0.08577659
3.937631845474243,0.012999999540178638,0.07361207076840653,0.08579904
3.937631845474243,0.014999999750452311,0.07361207076840653,0.085815184
3.937631845474243,0.01700000036663715,0.07361207076840653,0.08582485
3.937631845474243,0.01900000017099966,0.07361207076840653,0.085827254
3.937631845474243,0.020999999975362168,0.07361207076840653,0.08582216
3.937631845474243,0.022999999779724677,0.07361207076840653,0.085809775
3.937631845474243,0.024999999584087183,0.07361207076840653,0.085790925
3.937631845474243,0.026999999388449693,0.07361207076840653,0.08576641
3.937631845474243,0.02900000000463453,0.07361207076840653,0.08573726
3.937631845474243,0.031000000620819368,0.07361207076840653,0.08570449
3.937631845474243,0.03299999961335955,0.07361207076840653,0.08566912
3.937631845474243,0.03500000022954439,0.07361207076840653,0.085632145
3.937631845474243,0.03700000084572922,0.07361207076840653,0.08559444
3.937631845474243,0.038999999838269406,0.07361207076840653,0.08555684
3.937631845474243,0.04100000045445424,0.07361207076840653,0.085520096
3.937631845474243,0.04300000107063908,0.07361207076840653,0.08548489
3.937631845474243,0.04500000006317926,0.07361207076840653,0.0854518
3.937631845474243,0.046999999055719444,0.07361207076840653,0.08542134
3.937631845474243,0.04899999967190428,0.07361207076840653,0.08539394
3.937631845474243,0.05100000028808912,0.07361207076840653,0.08536996
3.937631845474243,0.0529999992806293,0.07361207076840653,0.08534971
3.937631845474243,0.05499999827316948,0.07361207076840653,0.085333414
3.937631845474243,0.05699999726570966,0.07361207076840653,0.08532126
3.937631845474243,0.05899999950553916,0.07361207076840653,0.085313395
3.937631845474243,0.06100000174536865,0.07361207076840653,0.08530993
3.937631845474243,0.06300000073790883,0.07361207076840653,0.08531091
3.937631845474243,0.06499999973044901,0.07361207076840653,0.08531639
3.937631845474243,0.06699999872298919,0.07361207076840653,0.08532633
3.937631845474243,0.06899999771552937,0.07361207076840653,0.08534076
3.9623769174227323,0.0010000000036590455,0.06806377498134243,0.09343569
3.9623769174227323,0.003000000010977137,0.06806377498134243,0.093432635
3.9623769174227323,0.004999999916817437,0.06806377498134243,0.093444936
3.9623769174227323,0.006999999924135528,0.06806377498134243,0.09345892
3.9623769174227323,0.008999999931453619,0.06806377498134243,0.09348191
3.9623769174227323,0.010999999735816128,0.06806377498134243,0.09350322
3.9623769174227323,0.012999999540178638,0.06806377498134243,0.09352435
3.9623769174227323,0.014999999750452311,0.06806377498134243,0.09354002
3.9623769174227323,0.01700000036663715,0.06806377498134243,0.093550324
3.9623769174227323,0.01900000017099966,0.06806377498134243,0.09355337
3.9623769174227323,0.020999999975362168,0.06806377498134243,0.09355013
3.9623769174227323,0.022999999779724677,0.06806377498134243,0.09353995
3.9623769174227323,0.024999999584087183,0.06806377498134243,0.093523815
3.9623769174227323,0.026999999388449693,0.06806377498134243,0.09350239
3.9623769174227323,0.02900000000463453,0.06806377498134243,0.09347667
3.9623769174227323,0.031000000620819368,0.06806377498134243,0.09344761
3.9623769174227323,0.03299999961335955,0.06806377498134243,0.09341623
3.9623769174227323,0.03500000022954439,0.06806377498134243,0.093383454
3.9623769174227323,0.03700000084572922,0.06806377498134243,0.09335015
3.9623769174227323,0.038999999838269406,0.06806377498134243,0.09331714
3.9623769174227323,0.04100000045445424,0.06806377498134243,0.09328518
3.9623769174227323,0.04300000107063908,0.06806377498134243,0.093254924
3.9623769174227323,0.04500000006317926,0.06806377498134243,0.09322696
3.9623769174227323,0.046999999055719444,0.06806377498134243,0.0932018
3.9623769174227323,0.04899999967190428,0.06806377498134243,0.09317988
3.9623769174227323,0.05100000028808912,0.06806377498134243,0.09316156
3.9623769174227323,0.0529999992806293,0.06806377498134243,0.09314713
3.9623769174227323,0.05499999827316948,0.06806377498134243,0.09313685
3.9623769174227323,0.05699999726570966,0.06806377498134243,0.093130864
3.9623769174227323,0.05899999950553916,0.06806377498134243,0.093129374
3.9623769174227323,0.06100000174536865,0.06806377498134243,0.09313243
3.9623769174227323,0.06300000073790883,0.06806377498134243,0.093140095
3.9623769174227323,0.06499999973044901,0.06806377498134243,0.09315242
3.9623769174227323,0.06699999872298919,0.06806377498134243,0.09316936
3.9623769174227323,0.06899999771552937,0.06806377498134243,0.09319096
3.98631728510145,0.0010000000036590455,0.06266193518952845,0.100669675
3.98631728510145,0.003000000010977137,0.06266193518952845,0.10066777
3.98631728510145,0.004999999916817437,0.06266193518952845,0.10067747
3.98631728510145,0.006999999924135528,0.06266193518952845,0.10068912
3.98631728510145,0.008999999931453619,0.06266193518952845,0.10070909
3.98631728510145,0.010999999735816128,0.06266193518952845,0.10072869
3.98631728510145,0.012999999540178638,0.06266193518952845,0.100749254
3.98631728510145,0.014999999750452311,0.06266193518952845,0.10076645
3.98631728510145,0.01700000036663715,0.06266193518952845,0.10078022
3.98631728510145,0.01900000017099966,0.06266193518952845,0.100788906
3.98631728510145,0.020999999975362168,0.06266193518952845,0.10079243
3.98631728510145,0.022999999779724677,0.06266193518952845,0.10079108
3.98631728510145,0.024999999584087183,0.06266193518952845,0.10078492
3.98631728510145,0.026999999388449693,0.06266193518952845,0.100774445
3.98631728510145,0.02900000000463453,0.06266193518952845,0.100760385
3.98631728510145,0.031000000620819368,0.06266193518952845,0.10074347
3.98631728510145,0.03299999961335955,0.06266193518952845,0.10072453
3.98631728510145,0.03500000022954439,0.06266193518952845,0.10070436
3.98631728510145,0.03700000084572922,0.06266193518952845,0.10068373
3.98631728510145,0.038999999838269406,0.06266193518952845,0.100663394
3.98631728510145,0.04100000045445424,0.06266193518952845,0.100644074
3.98631728510145,0.04300000107063908,0.06266193518952845,0.10062639
3.98631728510145,0.04500000006317926,0.06266193518952845,0.10061091
3.98631728510145,0.046999999055719444,0.06266193518952845,0.10059813
3.98631728510145,0.04899999967190428,0.06266193518952845,0.10058848
3.98631728510145,0.05100000028808912,0.06266193518952845,0.10058231
3.98631728510145,0.0529999992806293,0.06266193518952845,0.10057992
3.98631728510145,0.05499999827316948,0.06266193518952845,0.10058154
3.98631728510145,0.05699999726570966,0.06266193518952845,0.10058736
3.98631728510145,0.05899999950553916,0.06266193518952845,0.100597516
3.98631728510145,0.06100000174536865,0.06266193518952845,0.10061211
3.98631728510145,0.06300000073790883,0.06266193518952845,0.100631215
3.98631728510145,0.06499999973044901,0.06266193518952845,0.10065483
3.98631728510145,0.06699999872298919,0.06266193518952845,0.100682974
3.98631728510145,0.06899999771552937,0.06266193518952845,0.100715615
4.009469990284706,0.0010000000036590455,0.057407678202355754,0.107851736
4.009469990284706,0.003000000010977137,0.057407678202355754,0.107850954
4.009469990284706,0.004999999916817437,0.057407678202355754,0.107859336
4.009469990284706,0.006999999924135528,0.057407678202355754,0.10786996
4.009469990284706,0.008999999931453619,0.057407678202355754,0.10788872
4.009469990284706,0.010999999735816128,0.057407678202355754,0.10790791
4.009469990284706,0.012999999540178638,0.057407678202355754,0.10792899
4.009469990284706,0.014999999750452311,0.057407678202355754,0.107948
4.009469990284706,0.01700000036663715,0.057407678202355754,0.10796478
4.009469990284706,0.01900000017099966,0.057407678202355754,0.107977636
4.009469990284706,0.020999999975362168,0.057407678202355754,0.1079862
4.009469990284706,0.022999999779724677,0.057407678202355754,0.10799025
4.009469990284706,0.024999999584087183,0.057407678202355754,0.10799005
4.009469990284706,0.026999999388449693,0.057407678202355754,0.107985735
4.009469990284706,0.02900000000463453,0.057407678202355754,0.107978016
4.009469990284706,0.031000000620819368,0.057407678202355754,0.10796754
4.009469990284706,0.03299999961335955,0.057407678202355754,0.10795515
4.009469990284706,0.03500000022954439,0.057407678202355754,0.10794161
4.009469990284706,0.03700000084572922,0.057407678202355754,0.10792778
4.009469990284706,0.038999999838269406,0.057407678202355754,0.1079144
4.009469990284706,0.04100000045445424,0.057407678202355754,0.107902214
4.009469990284706,0.04300000107063908,0.057407678202355754,0.10789182
4.009469990284706,0.04500000006317926,0.057407678202355754,0.10788381
4.009469990284706,0.046999999055719444,0.057407678202355754,0.10787868
4.009469990284706,0.04899999967190428,0.057407678202355754,0.107876815
4.009469990284706,0.05100000028808912,0.057407678202355754,0.10787858
4.009469990284706,0.0529999992806293,0.057407678202355754,0.10788424
4.009469990284706,0.05499999827316948,0.057407678202355754,0.10789404
4.009469990284706,0.05699999726570966,0.057407678202355754,0.10790814
4.009469990284706,0.05899999950553916,0.057407678202355754,0.10792666
4.009469990284706,0.06100000174536865,0.057407678202355754,0.1079497
4.009469990284706,0.06300000073790883,0.057407678202355754,0.10797727
4.009469990284706,0.06499999973044901,0.057407678202355754,0.10800942
4.009469990284706,0.06699999872298919,0.057407678202355754,0.108046114
4.009469990284706,0.06899999771552937,0.057407678202355754,0.108087294
4.031852282573322,0.0010000000036590455,0.05229995676902132,0.11426627
4.031852282573322,0.003000000010977137,0.05229995676902132,0.114264905
4.031852282573322,0.004999999916817437,0.05229995676902132,0.114270665
4.031852282573322,0.006999999924135528,0.05229995676902132,0.11427807
4.031852282573322,0.008999999931453619,0.05229995676902132,0.114292726
4.031852282573322,0.010999999735816128,0.05229995676902132,0.11430835
4.031852282573322,0.012999999540178638,0.05229995676902132,0.11432632
4.031852282573322,0.014999999750452311,0.05229995676902132,0.11434323
4.031852282573322,0.01700000036663715,0.05229995676902132,0.11435896
4.031852282573322,0.01900000017099966,0.05229995676902132,0.11437196
4.031852282573322,0.020999999975362168,0.05229995676902132,0.11438205
4.031852282573322,0.022999999779724677,0.05229995676902132,0.114388645
4.031852282573322,0.024999999584087183,0.05229995676902132,0.114392735
4.031852282573322,0.026999999388449693,0.05229995676902132,0.11439398
4.031852282573322,0.02900000000463453,0.05229995676902132,0.11439307
4.031852282573322,0.031000000620819368,0.05229995676902132,0.114390485
4.031852282573322,0.03299999961335955,0.05229995676902132,0.11438691
4.031852282573322,0.03500000022954439,0.05229995676902132,0.11438293
4.031852282573322,0.03700000084572922,0.05229995676902132,0.11437924
4.031852282573322,0.038999999838269406,0.05229995676902132,0.11437648
4.031852282573322,0.04100000045445424,0.05229995676902132,0.114375226
4.031852282573322,0.04300000107063908,0.05229995676902132,0.11437602
4.031852282573322,0.04500000006317926,0.05229995676902132,0.11437936
4.031852282573322,0.046999999055719444,0.05229995676902132,0.11438567
4.031852282573322,0.04899999967190428,0.05229995676902132,0.114395306
4.031852282573322,0.05100000028808912,0.05229995676902132,0.11440862
4.031852282573322,0.0529999992806293,0.05229995676902132,0.114425845
4.031852282573322,0.05499999827316948,0.05229995676902132,0.1144472
4.031852282573322,0.05699999726570966,0.05229995676902132,0.114472836
4.031852282573322,0.05899999950553916,0.05229995676902132,0.11450288
4.031852282573322,0.06100000174536865,0.05229995676902132,0.1145374
4.031852282573322,0.06300000073790883,0.05229995676902132,0.114576444
4.031852282573322,0.06499999973044901,0.05229995676902132,0.11462002
4.031852282573322,0.06699999872298919,0.05229995676902132,0.1146681
4.031852282573322,0.06899999771552937,0.05229995676902132,0.11472064
4.053481827221156,0.0010000000036590455,0.0473370644389918,0.12100065
4.053481827221156,0.003000000010977137,0.0473370644389918,0.12100068
4.053481827221156,0.004999999916817437,0.0473370644389918,0.12100636
4.053481827221156,0.006999999924135528,0.0473370644389918,0.121014915
4.053481827221156,0.008999999931453619,0.0473370644389918,0.12102991
4.053481827221156,0.010999999735816128,0.0473370644389918,0.12104688
4.053481827221156,0.012999999540178638,0.0473370644389918,0.121066235
4.053481827221156,0.014999999750452311,0.0473370644389918,0.12108574
4.053481827221156,0.01700000036663715,0.0473370644389918,0.12110511
4.053481827221156,0.01900000017099966,0.0473370644389918,0.121123105
4.053481827221156,0.020999999975362168,0.0473370644389918,0.12113958
4.053481827221156,0.022999999779724677,0.0473370644389918,0.12115383
4.053481827221156,0.024999999584087183,0.0473370644389918,0.12116559
4.053481827221156,0.026999999388449693,0.0473370644389918,0.12117543
4.053481827221156,0.02900000000463453,0.0473370644389918,0.12118308
4.053481827221156,0.031000000620819368,0.0473370644389918,0.12118903
4.053481827221156,0.03299999961335955,0.0473370644389918,0.121193804
4.053481827221156,0.03500000022954439,0.0473370644389918,0.121198
4.053481827221156,0.03700000084572922,0.0473370644389918,0.12120227
4.053481827221156,0.038999999838269406,0.0473370644389918,0.12120728
4.053481827221156,0.04100000045445424,0.0473370644389918,0.12121365
4.053481827221156,0.04300000107063908,0.0473370644389918,0.12122198
4.053481827221156,0.04500000006317926,0.0473370644389918,0.12123281
4.053481827221156,0.046999999055719444,0.0473370644389918,0.12124657
4.053481827221156,0.04899999967190428,0.0473370644389918,0.12126368
4.053481827221156,0.05100000028808912,0.0473370644389918,0.12128448
4.053481827221156,0.0529999992806293,0.0473370644389918,0.12130923
4.053481827221156,0.05499999827316948,0.0473370644389918,0.121338144
4.053481827221156,0.05699999726570966,0.0473370644389918,0.12137136
4.053481827221156,0.05899999950553916,0.0473370644389918,0.121409014
4.053481827221156,0.06100000174536865,0.0473370644389918,0.12145116
4.053481827221156,0.06300000073790883,0.0473370644389918,0.1214978
4.053481827221156,0.06499999973044901,0.0473370644389918,0.121548936
4.053481827221156,0.06699999872298919,0.0473370644389918,0.121604525
4.053481827221156,0.06899999771552937,0.0473370644389918,0.12166448
4.074376497308579,0.0010000000036590455,0.04251667615311997,0.12651509
4.074376497308579,0.003000000010977137,0.04251667615311997,0.12651365
4.074376497308579,0.004999999916817437,0.04251667615311997,0.12651375
4.074376497308579,0.006999999924135528,0.04251667615311997,0.12651746
4.074376497308579,0.008999999931453619,0.04251667615311997,0.12652561
4.074376497308579,0.010999999735816128,0.04251667615311997,0.12653574
4.074376497308579,0.012999999540178638,0.04251667615311997,0.12654844
4.074376497308579,0.014999999750452311,0.04251667615311997,0.12656201
4.074376497308579,0.01700000036663715,0.04251667615311997,0.12657626
4.074376497308579,0.01900000017099966,0.04251667615311997,0.12659
4.074376497308579,0.020999999975362168,0.04251667615311997,0.12660272
4.074376497308579,0.022999999779724677,0.04251667615311997,0.12661397
4.074376497308579,0.024999999584087183,0.04251667615311997,0.12662375
4.074376497308579,0.026999999388449693,0.04251667615311997,0.12663221
4.074376497308579,0.02900000000463453,0.04251667615311997,0.12664011
4.074376497308579,0.031000000620819368,0.04251667615311997,0.12664755
4.074376497308579,0.03299999961335955,0.04251667615311997,0.12665513
4.074376497308579,0.03500000022954439,0.04251667615311997,0.1266633
4.074376497308579,0.03700000084572922,0.04251667615311997,0.12667267
4.074376497308579,0.038999999838269406,0.04251667615311997,0.12668373
4.074376497308579,0.04100000045445424,0.04251667615311997,0.12669702
4.074376497308579,0.04300000107063908,0.04251667615311997,0.12671301
4.074376497308579,0.04500000006317926,0.04251667615311997,0.12673208
4.074376497308579,0.046999999055719444,0.04251667615311997,0.12675463
4.074376497308579,0.04899999967190428,0.04251667615311997,0.12678094
4.074376497308579,0.05100000028808912,0.04251667615311997,0.12681127
4.074376497308579,0.0529999992806293,0.04251667615311997,0.1268458
4.074376497308579,0.05499999827316948,0.04251667615311997,0.12688468
4.074376497308579,0.05699999726570966,0.04251667615311997,0.12692803
4.074376497308579,0.05899999950553916,0.04251667615311997,0.1269759
4.074376497308579,0.06100000174536865,0.04251667615311997,0.12702829
4.074376497308579,0.06300000073790883,0.04251667615311997,0.12708521
4.074376497308579,0.06499999973044901,0.04251667615311997,0.12714662
4.074376497308579,0.06699999872298919,0.04251667615311997,0.12721245
4.074376497308579,0.06899999771552937,0.04251667615311997,0.1272826
4.094553750262932,0.0010000000036590455,0.037836676302419214,0.13298333
4.094553750262932,0.003000000010977137,0.037836676302419214,0.13298479
4.094553750262932,0.004999999916817437,0.037836676302419214,0.13298856
4.094553750262932,0.006999999924135528,0.037836676302419214,0.1329978
4.094553750262932,0.008999999931453619,0.037836676302419214,0.13301015
4.094553750262932,0.010999999735816128,0.037836676302419214,0.13302569
4.094553750262932,0.012999999540178638,0.037836676302419214,0.13304347
4.094553750262932,0.014999999750452311,0.037836676302419214,0.13306287
4.094553750262932,0.01700000036663715,0.037836676302419214,0.13308334
4.094553750262932,0.01900000017099966,0.037836676302419214,0.1331044
4.094553750262932,0.020999999975362168,0.037836676302419214,0.13312589
4.094553750262932,0.022999999779724677,0.037836676302419214,0.13314764
4.094553750262932,0.024999999584087183,0.037836676302419214,0.13316953
4.094553750262932,0.026999999388449693,0.037836676302419214,0.13319083
4.094553750262932,0.02900000000463453,0.037836676302419214,0.13321224
4.094553750262932,0.031000000620819368,0.037836676302419214,0.13323322
4.094553750262932,0.03299999961335955,0.037836676302419214,0.13325419
4.094553750262932,0.03500000022954439,0.037836676302419214,0.13327542
4.094553750262932,0.03700000084572922,0.037836676302419214,0.1332974
4.094553750262932,0.038999999838269406,0.037836676302419214,0.13332057
4.094553750262932,0.04100000045445424,0.037836676302419214,0.13334543
4.094553750262932,0.04300000107063908,0.037836676302419214,0.13337244
4.094553750262932,0.04500000006317926,0.037836676302419214,0.13340205
4.094553750262932,0.046999999055719444,0.037836676302419214,0.13343461
4.094553750262932,0.04899999967190428,0.037836676302419214,0.1334705
4.094553750262932,0.05100000028808912,0.037836676302419214,0.13350996
4.094553750262932,0.0529999992806293,0.037836676302419214,0.13355324
4.094553750262932,0.05499999827316948,0.037836676302419214,0.13360047
4.094553750262932,0.05699999726570966,0.037836676302419214,0.13365178
4.094553750262932,0.05899999950553916,0.037836676302419214,0.13370723
4.094553750262932,0.06100000174536865,0.037836676302419214,0.13376682
4.094553750262932,0.06300000073790883,0.037836676302419214,0.13383053
4.094553750262932,0.06499999973044901,0.037836676302419214,0.13389835
4.094553750262932,0.06699999872298919,0.037836676302419214,0.13397014
4.094553750262932,0.06899999771552937,0.037836676302419214,0.13404581
4.114031666991102,0.0010000000036590455,0.03329608420551738,0.13744195
4.114031666991102,0.003000000010977137,0.03329608420551738,0.1374392
4.114031666991102,0.004999999916817437,0.03329608420551738,0.13743414
4.114031666991102,0.006999999924135528,0.03329608420551738,0.13743202
4.114031666991102,0.008999999931453619,0.03329608420551738,0.1374309
4.114031666991102,0.010999999735816128,0.03329608420551738,0.13743266
4.114031666991102,0.012999999540178638,0.03329608420551738,0.1374366
4.114031666991102,0.014999999750452311,0.03329608420551738,0.13744324
4.114031666991102,0.01700000036663715,0.03329608420551738,0.13745213
4.114031666991102,0.01900000017099966,0.03329608420551738,0.13746302
4.114031666991102,0.020999999975362168,0.03329608420551738,0.1374752
4.114031666991102,0.022999999779724677,0.03329608420551738,0.13748787
4.114031666991102,0.024999999584087183,0.03329608420551738,0.13750055
4.114031666991102,0.026999999388449693,0.03329608420551738,0.13751322
4.114031666991102,0.02900000000463453,0.03329608420551738,0.13752618
4.114031666991102,0.031000000620819368,0.03329608420551738,0.13754058
4.114031666991102,0.03299999961335955,0.03329608420551738,0.1375562
4.114031666991102,0.03500000022954439,0.03329608420551738,0.13757361
4.114031666991102,0.03700000084572922,0.03329608420551738,0.13759325
4.114031666991102,0.038999999838269406,0.03329608420551738,0.13761549
4.114031666991102,0.04100000045445424,0.03329608420551738,0.1376407
4.114031666991102,0.04300000107063908,0.03329608420551738,0.13766922
4.114031666991102,0.04500000006317926,0.03329608420551738,0.13770139
4.114031666991102,0.046999999055719444,0.03329608420551738,0.13773745
4.114031666991102,0.04899999967190428,0.03329608420551738,0.1377776
4.114031666991102,0.05100000028808912,0.03329608420551738,0.137822
4.114031666991102,0.0529999992806293,0.03329608420551738,0.13787074
4.114031666991102,0.05499999827316948,0.03329608420551738,0.1379239
4.114031666991102,0.05699999726570966,0.03329608420551738,0.13798144
4.114031666991102,0.05899999950553916,0.03329608420551738,0.1380434
4.114031666991102,0.06100000174536865,0.03329608420551738,0.13810967
4.114031666991102,0.06300000073790883,0.03329608420551738,0.1381802
4.114031666991102,0.06499999973044901,0.03329608420551738,0.13825484
4.114031666991102,0.06699999872298919,0.03329608420551738,0.13833351
4.114031666991102,0.06899999771552937,0.03329608420551738,0.13841604
4.132828744053009,0.0010000000036590455,0.028893013999146646,0.14398253
4.132828744053009,0.003000000010977137,0.028893013999146646,0.14398529
4.132828744053009,0.004999999916817437,0.028893013999146646,0.14399166
4.132828744053009,0.006999999924135528,0.028893013999146646,0.14400408
4.132828744053009,0.008999999931453619,0.028893013999146646,0.14401776
4.132828744053009,0.010999999735816128,0.028893013999146646,0.14403561
4.132828744053009,0.012999999540178638,0.028893013999146646,0.1440555
4.132828744053009,0.014999999750452311,0.028893013999146646,0.14407808
4.132828744053009,0.01700000036663715,0.028893013999146646,0.14410233
4.132828744053009,0.01900000017099966,0.028893013999146646,0.14412825
4.132828744053009,0.020999999975362168,0.028893013999146646,0.14415559
4.132828744053009,0.022999999779724677,0.028893013999146646,0.14418499
4.132828744053009,0.024999999584087183,0.028893013999146646,0.14421685
4.132828744053009,0.026999999388449693,0.028893013999146646,0.1442512
4.132828744053009,0.02900000000463453,0.028893013999146646,0.1442875
4.132828744053009,0.031000000620819368,0.028893013999146646,0.14432485
4.132828744053009,0.03299999961335955,0.028893013999146646,0.144364
4.132828744053009,0.03500000022954439,0.028893013999146646,0.14440426
4.132828744053009,0.03700000084572922,0.028893013999146646,0.14444597
4.132828744053009,0.038999999838269406,0.028893013999146646,0.14448942
4.132828744053009,0.04100000045445424,0.028893013999146646,0.14453487
4.132828744053009,0.04300000107063908,0.028893013999146646,0.1445826
4.132828744053009,0.04500000006317926,0.028893013999146646,0.14463288
4.132828744053009,0.046999999055719444,0.028893013999146646,0.14468591
4.132828744053009,0.04899999967190428,0.028893013999146646,0.14474191
4.132828744053009,0.05100000028808912,0.028893013999146646,0.144801
4.132828744053009,0.0529999992806293,0.028893013999146646,0.14486334
4.132828744053009,0.05499999827316948,0.028893013999146646,0.14492889
4.132828744053009,0.05699999726570966,0.028893013999146646,0.14499772
4.132828744053009,0.05899999950553916,0.028893013999146646,0.14506973
4.132828744053009,0.06100000174536865,0.028893013999146646,0.1451449
4.132828744053009,0.06300000073790883,0.028893013999146646,0.14522307
4.132828744053009,0.06499999973044901,0.028893013999146646,0.1453041
4.132828744053009,0.06699999872298919,0.028893013999146646,0.14538783
4.132828744053009,0.06899999771552937,0.028893013999146646,0.14547396
4.150963270182058,0.0010000000036590455,0.024625480777715206,0.1471616
4.150963270182058,0.003000000010977137,0.024625480777715206,0.14715645
4.150963270182058,0.004999999916817437,0.024625480777715206,0.147146
4.150963270182058,0.006999999924135528,0.024625480777715206,0.14713371
4.150963270182058,0.008999999931453619,0.024625480777715206,0.1471214
4.150963270182058,0.010999999735816128,0.024625480777715206,0.14710966
4.150963270182058,0.012999999540178638,0.024625480777715206,0.14709999
4.150963270182058,0.014999999750452311,0.024625480777715206,0.14709309
4.150963270182058,0.01700000036663715,0.024625480777715206,0.1470894
4.150963270182058,0.01900000017099966,0.024625480777715206,0.14708918
4.150963270182058,0.020999999975362168,0.024625480777715206,0.14709239
4.150963270182058,0.022999999779724677,0.024625480777715206,0.14709854
4.150963270182058,0.024999999584087183,0.024625480777715206,0.1471063
4.150963270182058,0.026999999388449693,0.024625480777715206,0.14711471
4.150963270182058,0.02900000000463453,0.024625480777715206,0.14712355
4.150963270182058,0.031000000620819368,0.024625480777715206,0.14713389
4.150963270182058,0.03299999961335955,0.024625480777715206,0.14714715
4.150963270182058,0.03500000022954439,0.024625480777715206,0.14716478
4.150963270182058,0.03700000084572922,0.024625480777715206,0.14718632
4.150963270182058,0.038999999838269406,0.024625480777715206,0.14721158
4.150963270182058,0.04100000045445424,0.024625480777715206,0.14724034
4.150963270182058,0.04300000107063908,0.024625480777715206,0.14727312
4.150963270182058,0.04500000006317926,0.024625480777715206,0.14731023
4.150963270182058,0.046999999055719444,0.024625480777715206,0.1473518
4.150963270182058,0.04899999967190428,0.024625480777715206,0.14739792
4.150963270182058,0.05100000028808912,0.024625480777715206,0.14744857
4.150963270182058,0.0529999992806293,0.024625480777715206,0.14750367
4.150963270182058,0.05499999827316948,0.024625480777715206,0.14756316
4.150963270182058,0.05699999726570966,0.024625480777715206,0.1476269
4.150963270182058,0.05899999950553916,0.024625480777715206,0.14769472
4.150963270182058,0.06100000174536865,0.024625480777715206,0.14776646
4.150963270182058,0.06300000073790883,0.024625480777715206,0.14784192
4.150963270182058,0.06499999973044901,0.024625480777715206,0.14792089
4.150963270182058,0.06699999872298919,0.024625480777715206,0.14800318
4.150963270182058,0.06899999771552937,0.024625480777715206,0.14808857
4.168453118458618,0.0010000000036590455,0.02049027865485001,0.15422492
4.168453118458618,0.003000000010977137,0.02049027865485001,0.15423153
4.168453118458618,0.004999999916817437,0.02049027865485001,0.15424718
4.168453118458618,0.006999999924135528,0.02049027865485001,0.15426645
4.168453118458618,0.008999999931453619,0.02049027865485001,0.15428579
4.168453118458618,0.010999999735816128,0.02049027865485001,0.15430818
4.168453118458618,0.012999999540178638,0.02049027865485001,0.15433276
4.168453118458618,0.014999999750452311,0.02049027865485001,0.15436101
4.168453118458618,0.01700000036663715,0.02049027865485001,0.15439238
4.168453118458618,0.01900000017099966,0.02049027865485001,0.15442705
4.168453118458618,0.020999999975362168,0.02049027865485001,0.15446481
4.168453118458618,0.022999999779724677,0.02049027865485001,0.15450656
4.168453118458618,0.024999999584087183,0.02049027865485001,0.15455365
4.168453118458618,0.026999999388449693,0.02049027865485001,0.15460703
4.168453118458618,0.02900000000463453,0.02049027865485001,0.15466687
4.168453118458618,0.031000000620819368,0.02049027865485001,0.1547325
4.168453118458618,0.03299999961335955,0.02049027865485001,0.15480334
4.168453118458618,0.03500000022954439,0.02049027865485001,0.15487808
4.168453118458618,0.03700000084572922,0.02049027865485001,0.15495513
4.168453118458618,0.038999999838269406,0.02049027865485001,0.15503542
4.168453118458618,0.04100000045445424,0.02049027865485001,0.15511936
4.168453118458618,0.04300000107063908,0.02049027865485001,0.15520622
4.168453118458618,0.04500000006317926,0.02049027865485001,0.15529549
4.168453118458618,0.046999999055719444,0.02049027865485001,0.15538678
4.168453118458618,0.04899999967190428,0.02049027865485001,0.15548013
4.168453118458618,0.05100000028808912,0.02049027865485001,0.1555756
4.168453118458618,0.0529999992806293,0.02049027865485001,0.15567283
4.168453118458618,0.05499999827316948,0.02049027865485001,0.15577151
4.168453118458618,0.05699999726570966,0.02049027865485001,0.15587115
4.168453118458618,0.05899999950553916,0.02049027865485001,0.15597153
4.168453118458618,0.06100000174536865,0.02049027865485001,0.15607247
4.168453118458618,0.06300000073790883,0.02049027865485001,0.15617359
4.168453118458618,0.06499999973044901,0.02049027865485001,0.15627424
4.168453118458618,0.06699999872298919,0.02049027865485001,0.15637395
4.168453118458618,0.06899999771552937,0.02049027865485001,0.15647249
4.185315954136549,0.0010000000036590455,0.016484632821834155,0.15571469
4.185315954136549,0.003000000010977137,0.016484632821834155,0.15570302
4.185315954136549,0.004999999916817437,0.016484632821834155,0.15568028
4.185315954136549,0.006999999924135528,0.016484632821834155,0.15565233
4.185315954136549,0.008999999931453619,0.016484632821834155,0.15562172
4.185315954136549,0.010999999735816128,0.016484632821834155,0.15559131
4.185315954136549,0.012999999540178638,0.016484632821834155,0.15556215
4.185315954136549,0.014999999750452311,0.016484632821834155,0.15553604
4.185315954136549,0.01700000036663715,0.016484632821834155,0.15551318
4.185315954136549,0.01900000017099966,0.016484632821834155,0.15549576
4.185315954136549,0.020999999975362168,0.016484632821834155,0.15548411
4.185315954136549,0.022999999779724677,0.016484632821834155,0.15547849
4.185315954136549,0.024999999584087183,0.016484632821834155,0.15547699
4.185315954136549,0.026999999388449693,0.016484632821834155,0.15547737
4.185315954136549,0.02900000000463453,0.016484632821834155,0.15547822
4.185315954136549,0.031000000620819368,0.016484632821834155,0.15547986
4.185315954136549,0.03299999961335955,0.016484632821834155,0.15548335
4.185315954136549,0.03500000022954439,0.016484632821834155,0.15548997
4.185315954136549,0.03700000084572922,0.016484632821834155,0.15550157
4.185315954136549,0.038999999838269406,0.016484632821834155,0.15551847
4.185315954136549,0.04100000045445424,0.016484632821834155,0.15554054
4.185315954136549,0.04300000107063908,0.016484632821834155,0.15556815
4.185315954136549,0.04500000006317926,0.016484632821834155,0.15560144
4.185315954136549,0.046999999055719444,0.016484632821834155,0.1556403
4.185315954136549,0.04899999967190428,0.016484632821834155,0.1556846
4.185315954136549,0.05100000028808912,0.016484632821834155,0.15573424
4.185315954136549,0.0529999992806293,0.016484632821834155,0.15578878
4.185315954136549,0.05499999827316948,0.016484632821834155,0.15584788
4.185315954136549,0.05699999726570966,0.016484632821834155,0.15591134
4.185315954136549,0.05899999950553916,0.016484632821834155,0.15597859
4.185315954136549,0.06100000174536865,0.016484632821834155,0.15604922
4.185315954136549,0.06300000073790883,0.016484632821834155,0.15612313
4.185315954136549,0.06499999973044901,0.016484632821834155,0.15619995
4.185315954136549,0.06699999872298919,0.016484632821834155,0.1562793
4.185315954136549,0.06899999771552937,0.016484632821834155,0.15636073
4.2015700659492525,0.0010000000036590455,0.01260720986049399,0.16425212
4.2015700659492525,0.003000000010977137,0.01260720986049399,0.16426523
4.2015700659492525,0.004999999916817437,0.01260720986049399,0.16429576
4.2015700659492525,0.006999999924135528,0.01260720986049399,0.1643329
4.2015700659492525,0.008999999931453619,0.01260720986049399,0.16437069
4.2015700659492525,0.010999999735816128,0.01260720986049399,0.16440798
4.2015700659492525,0.012999999540178638,0.01260720986049399,0.16444586
4.2015700659492525,0.014999999750452311,0.01260720986049399,0.16448565
4.2015700659492525,0.01700000036663715,0.01260720986049399,0.16453002
4.2015700659492525,0.01900000017099966,0.01260720986049399,0.16457886
4.2015700659492525,0.020999999975362168,0.01260720986049399,0.16463363
4.2015700659492525,0.022999999779724677,0.01260720986049399,0.16469368
4.2015700659492525,0.024999999584087183,0.01260720986049399,0.1647627
4.2015700659492525,0.026999999388449693,0.01260720986049399,0.1648441
4.2015700659492525,0.02900000000463453,0.01260720986049399,0.16493979
4.2015700659492525,0.031000000620819368,0.01260720986049399,0.1650504
4.2015700659492525,0.03299999961335955,0.01260720986049399,0.16517514
4.2015700659492525,0.03500000022954439,0.01260720986049399,0.16531315
4.2015700659492525,0.03700000084572922,0.01260720986049399,0.1654632
4.2015700659492525,0.038999999838269406,0.01260720986049399,0.16562378
4.2015700659492525,0.04100000045445424,0.01260720986049399,0.16579552
4.2015700659492525,0.04300000107063908,0.01260720986049399,0.16597697
4.2015700659492525,0.04500000006317926,0.01260720986049399,0.16616638
4.2015700659492525,0.046999999055719444,0.01260720986049399,0.1663615
4.2015700659492525,0.04899999967190428,0.01260720986049399,0.16655996
4.2015700659492525,0.05100000028808912,0.01260720986049399,0.16675927
4.2015700659492525,0.0529999992806293,0.01260720986049399,0.16695747
4.2015700659492525,0.05499999827316948,0.01260720986049399,0.1671535
4.2015700659492525,0.05699999726570966,0.01260720986049399,0.16734512
4.2015700659492525,0.05899999950553916,0.01260720986049399,0.16753182
4.2015700659492525,0.06100000174536865,0.01260720986049399,0.16771266
4.2015700659492525,0.06300000073790883,0.01260720986049399,0.16788565
4.2015700659492525,0.06499999973044901,0.01260720986049399,0.16804959
4.2015700659492525,0.06699999872298919,0.01260720986049399,0.16820364
4.2015700659492525,0.06899999771552937,0.01260720986049399,0.1683464
4.217233119150585,0.0010000000036590455,0.008855612865406266,0.16298312
4.217233119150585,0.003000000010977137,0.008855612865406266,0.16295403
4.217233119150585,0.004999999916817437,0.008855612865406266,0.16289389
4.217233119150585,0.006999999924135528,0.008855612865406266,0.16282754
4.217233119150585,0.008999999931453619,0.008855612865406266,0.16275378
4.217233119150585,0.010999999735816128,0.008855612865406266,0.16268118
4.217233119150585,0.012999999540178638,0.008855612865406266,0.16261093
4.217233119150585,0.014999999750452311,0.008855612865406266,0.1625493
4.217233119150585,0.01700000036663715,0.008855612865406266,0.16249776
4.217233119150585,0.01900000017099966,0.008855612865406266,0.16245835
4.217233119150585,0.020999999975362168,0.008855612865406266,0.16243131
4.217233119150585,0.022999999779724677,0.008855612865406266,0.1624153
4.217233119150585,0.024999999584087183,0.008855612865406266,0.16240522
4.217233119150585,0.026999999388449693,0.008855612865406266,0.16239789
4.217233119150585,0.02900000000463453,0.008855612865406266,0.16239119
4.217233119150585,0.031000000620819368,0.008855612865406266,0.16238505
4.217233119150585,0.03299999961335955,0.008855612865406266,0.16238114
4.217233119150585,0.03500000022954439,0.008855612865406266,0.16238147
4.217233119150585,0.03700000084572922,0.008855612865406266,0.1623873
4.217233119150585,0.038999999838269406,0.008855612865406266,0.16239989
4.217233119150585,0.04100000045445424,0.008855612865406266,0.16241965
4.217233119150585,0.04300000107063908,0.008855612865406266,0.1624471
4.217233119150585,0.04500000006317926,0.008855612865406266,0.16248152
4.217233119150585,0.046999999055719444,0.008855612865406266,0.16252267
4.217233119150585,0.04899999967190428,0.008855612865406266,0.16257028
4.217233119150585,0.05100000028808912,0.008855612865406266,0.16262417
4.217233119150585,0.0529999992806293,0.008855612865406266,0.16268368
4.217233119150585,0.05499999827316948,0.008855612865406266,0.1627479
4.217233119150585,0.05699999726570966,0.008855612865406266,0.16281629
4.217233119150585,0.05899999950553916,0.008855612865406266,0.16288759
4.217233119150585,0.06100000174536865,0.008855612865406266,0.16296093
4.217233119150585,0.06300000073790883,0.008855612865406266,0.16303597
4.217233119150585,0.06499999973044901,0.008855612865406266,0.16311224
4.217233119150585,0.06699999872298919,0.008855612865406266,0.1631892
4.217233119150585,0.06899999771552937,0.008855612865406266,0.16326654
4.232322571167886,0.0010000000036590455,0.005227566501541346,0.1746042
4.232322571167886,0.003000000010977137,0.005227566501541346,0.174585
4.232322571167886,0.004999999916817437,0.005227566501541346,0.1746149
4.232322571167886,0.006999999924135528,0.005227566501541346,0.17465374
4.232322571167886,0.008999999931453619,0.005227566501541346,0.1746987
4.232322571167886,0.010999999735816128,0.005227566501541346,0.17475572
4.232322571167886,0.012999999540178638,0.005227566501541346,0.17482242
4.232322571167886,0.014999999750452311,0.005227566501541346,0.17489779
4.232322571167886,0.01700000036663715,0.005227566501541346,0.17498207
4.232322571167886,0.01900000017099966,0.005227566501541346,0.17507781
4.232322571167886,0.020999999975362168,0.005227566501541346,0.17518817
4.232322571167886,0.022999999779724677,0.005227566501541346,0.17531814
4.232322571167886,0.024999999584087183,0.005227566501541346,0.17547931
4.232322571167886,0.026999999388449693,0.005227566501541346,0.17567773
4.232322571167886,0.02900000000463453,0.005227566501541346,0.17592177
4.232322571167886,0.031000000620819368,0.005227566501541346,0.17621274
4.232322571167886,0.03299999961335955,0.005227566501541346,0.17654456
4.232322571167886,0.03500000022954439,0.005227566501541346,0.17691354
4.232322571167886,0.03700000084572922,0.005227566501541346,0.17731483
4.232322571167886,0.038999999838269406,0.005227566501541346,0.17774472
4.232322571167886,0.04100000045445424,0.005227566501541346,0.17819695
4.232322571167886,0.04300000107063908,0.005227566501541346,0.17866713
4.232322571167886,0.04500000006317926,0.005227566501541346,0.17914827
4.232322571167886,0.046999999055719444,0.005227566501541346,0.17963444
4.232322571167886,0.04899999967190428,0.005227566501541346,0.18012571
4.232322571167886,0.05100000028808912,0.005227566501541346,0.18061726
4.232322571167886,0.0529999992806293,0.005227566501541346,0.1811059
4.232322571167886,0.05499999827316948,0.005227566501541346,0.18158682
4.232322571167886,0.05699999726570966,0.005227566501541346,0.18205592
4.232322571167886,0.05899999950553916,0.005227566501541346,0.18250898
4.232322571167886,0.06100000174536865,0.005227566501541346,0.18294206
4.232322571167886,0.06300000073790883,0.005227566501541346,0.1833508
4.232322571167886,0.06499999973044901,0.005227566501541346,0.18373275
4.232322571167886,0.06699999872298919,0.005227566501541346,0.18408492
4.232322571167886,0.06899999771552937,0.005227566501541346,0.18440396
4.246851099418629,0.0010000000036590455,0.0017220953643722057,0.17036083
4.246851099418629,0.003000000010977137,0.0017220953643722057,0.1702603
4.246851099418629,0.004999999916817437,0.0017220953643722057,0.1699079
4.246851099418629,0.006999999924135528,0.0017220953643722057,0.16959733
4.246851099418629,0.008999999931453619,0.0017220953643722057,0.16929688
4.246851099418629,0.010999999735816128,0.0017220953643722057,0.1690382
4.246851099418629,0.012999999540178638,0.0017220953643722057,0.16879539
4.246851099418629,0.014999999750452311,0.0017220953643722057,0.16858591
4.246851099418629,0.01700000036663715,0.0017220953643722057,0.16841468
4.246851099418629,0.01900000017099966,0.0017220953643722057,0.16829206
4.246851099418629,0.020999999975362168,0.0017220953643722057,0.16821523
4.246851099418629,0.022999999779724677,0.0017220953643722057,0.16816959
4.246851099418629,0.024999999584087183,0.0017220953643722057,0.16813894
4.246851099418629,0.026999999388449693,0.0017220953643722057,0.16810031
4.246851099418629,0.02900000000463453,0.0017220953643722057,0.1680448
4.246851099418629,0.031000000620819368,0.0017220953643722057,0.16798428
4.246851099418629,0.03299999961335955,0.0017220953643722057,0.16791663
4.246851099418629,0.03500000022954439,0.0017220953643722057,0.16784738
4.246851099418629,0.03700000084572922,0.0017220953643722057,0.16777888
4.246851099418629,0.038999999838269406,0.0017220953643722057,0.16771577
4.246851099418629,0.04100000045445424,0.0017220953643722057,0.16765891
4.246851099418629,0.04300000107063908,0.0017220953643722057,0.16760772
4.246851099418629,0.04500000006317926,0.0017220953643722057,0.16756909
4.246851099418629,0.046999999055719444,0.0017220953643722057,0.16754599
4.246851099418629,0.04899999967190428,0.0017220953643722057,0.1675386
4.246851099418629,0.05100000028808912,0.0017220953643722057,0.16754662
4.246851099418629,0.0529999992806293,0.0017220953643722057,0.16755833
4.246851099418629,0.05499999827316948,0.0017220953643722057,0.16757785
4.246851099418629,0.05699999726570966,0.0017220953643722057,0.16760373
4.246851099418629,0.05899999950553916,0.0017220953643722057,0.1676343
4.246851099418629,0.06100000174536865,0.0017220953643722057,0.16766845
4.246851099418629,0.06300000073790883,0.0017220953643722057,0.16770437
4.246851099418629,0.06499999973044901,0.0017220953643722057,0.16774286
4.246851099418629,0.06699999872298919,0.0017220953643722057,0.16778156
4.246851099418629,0.06899999771552937,0.0017220953643722057,0.16781987
0.29413237378021995,0.06699999872298919,0.39715809563130683,-0.7991803
0.29413237378021995,0.06899999771552937,0.39715809563130683,-0.8009806
0.30071447334528967,0.06100000174536865,0.40047607193681484,-0.80840343
0.30071447334528967,0.06300000073790883,0.40047607193681484,-0.80950314
0.30071447334528967,0.06499999973044901,0.40047607193681484,-0.81081474
0.30071447334528967,0.06699999872298919,0.40047607193681484,-0.8123599
0.30071447334528967,0.06899999771552937,0.40047607193681484,-0.81407857
0.30732591541658055,0.05499999827316948,0.4037350774684212,-0.820483
0.30732591541658055,0.05699999726570966,0.4037350774684212,-0.82121706
0.30732591541658055,0.05899999950553916,0.4037350774684212,-0.82208794
0.30732591541658055,0.06100000174536865,0.4037350774684212,-0.8229949
0.30732591541658055,0.06300000073790883,0.4037350774684212,-0.8240607
0.30732591541658055,0.06499999973044901,0.4037350774684212,-0.82533187
0.30732591541658055,0.06699999872298919,0.4037350774684212,-0.82683355
0.30732591541658055,0.06899999771552937,0.4037350774684212,-0.82851577
0.3139657517856135,0.05100000028808912,0.40693580065145984,-0.83437186
0.3139657517856135,0.0529999992806293,0.40693580065145984,-0.8342445
0.3139657517856135,0.05499999827316948,0.40693580065145984,-0.8348296
0.3139657517856135,0.05699999726570966,0.40693580065145984,-0.8355098
0.3139657517856135,0.05899999950553916,0.40693580065145984,-0.83639634
0.3139657517856135,0.06100000174536865,0.40693580065145984,-0.8372627
0.3139657517856135,0.06300000073790883,0.40693580065145984,-0.8382835
0.3139657517856135,0.06499999973044901,0.40693580065145984,-0.8395005
0.3139657517856135,0.06699999872298919,0.40693580065145984,-0.8409432
0.3139657517856135,0.06899999771552937,0.40693580065145984,-0.8425756
0.3206330991896958,0.04500000006317926,0.41007883898716424,-0.8498936
0.3206330991896958,0.046999999055719444,0.41007883898716424,-0.8494837
0.3206330991896958,0.04899999967190428,0.41007883898716424,-0.84891725
0.3206330991896958,0.05100000028808912,0.41007883898716424,-0.84875536
0.3206330991896958,0.0529999992806293,0.41007883898716424,-0.8486065
0.3206330991896958,0.05499999827316948,0.41007883898716424,-0.84908366
0.3206330991896958,0.05699999726570966,0.41007883898716424,-0.8497207
0.3206330991896958,0.05899999950553916,0.41007883898716424,-0.85057414
0.3206330991896958,0.06100000174536865,0.41007883898716424,-0.85140043
0.3206330991896958,0.06300000073790883,0.41007883898716424,-0.85237604
0.3206330991896958,0.06499999973044901,0.41007883898716424,-0.8535452
0.3206330991896958,0.06699999872298919,0.41007883898716424,-0.85493743
0.3206330991896958,0.06899999771552937,0.41007883898716424,-0.8565307
0.32732739909506575,0.04100000045445424,0.4131640755731192,-0.86084145
0.32732739909506575,0.04300000107063908,0.4131640755731192,-0.8633044
0.32732739909506575,0.04500000006317926,0.4131640755731192,-0.8642092
0.32732739909506575,0.046999999055719444,0.4131640755731192,-0.8638966
0.32732739909506575,0.04899999967190428,0.4131640755731192,-0.86328346
0.32732739909506575,0.05100000028808912,0.4131640755731192,-0.86301684
0.32732739909506575,0.0529999992806293,0.4131640755731192,-0.86282194
0.32732739909506575,0.05499999827316948,0.4131640755731192,-0.86316955
0.32732739909506575,0.05699999726570966,0.4131640755731192,-0.863806
0.32732739909506575,0.05899999950553916,0.4131640755731192,-0.8646462
0.32732739909506575,0.06100000174536865,0.4131640755731192,-0.865458
0.32732739909506575,0.06300000073790883,0.4131640755731192,-0.86640257
0.32732739909506575,0.06499999973044901,0.4131640755731192,-0.8675265
0.32732739909506575,0.06699999872298919,0.4131640755731192,-0.8688645
0.32732739909506575,0.06899999771552937,0.4131640755731192,-0.8704095
0.3340478721522886,0.03700000084572922,0.41619200399729994,-0.8687961
0.3340478721522886,0.038999999838269406,0.41619200399729994,-0.8705591
0.3340478721522886,0.04100000045445424,0.41619200399729994,-0.87413883
0.3340478721522886,0.04300000107063908,0.41619200399729994,-0.8766747
0.3340478721522886,0.04500000006317926,0.41619200399729994,-0.8777139
0.3340478721522886,0.046999999055719444,0.41619200399729994,-0.8775448
0.3340478721522886,0.04899999967190428,0.41619200399729994,-0.87690717
0.3340478721522886,0.05100000028808912,0.41619200399729994,-0.876591
0.3340478721522886,0.0529999992806293,0.41619200399729994,-0.8764411
0.3340478721522886,0.05499999827316948,0.41619200399729994,-0.8766217
0.3340478721522886,0.05699999726570966,0.41619200399729994,-0.8772376
0.3340478721522886,0.05899999950553916,0.41619200399729994,-0.87800753
0.3340478721522886,0.06100000174536865,0.41619200399729994,-0.8787848
0.3340478721522886,0.06300000073790883,0.41619200399729994,-0.8796828
0.3340478721522886,0.06499999973044901,0.41619200399729994,-0.88075614
0.3340478721522886,0.06699999872298919,0.41619200399729994,-0.8820419
0.3340478721522886,0.06899999771552937,0.41619200399729994,-0.88354754
0.34079589521203246,0.0010000000036590455,0.4191580260980412,-0.8253629
0.34079589521203246,0.003000000010977137,0.4191580260980412,-0.8289803
0.34079589521203246,0.004999999916817437,0.4191580260980412,-0.8400571
0.34079589521203246,0.03299999961335955,0.4191580260980412,-0.88901806
0.34079589521203246,0.03500000022954439,0.4191580260980412,-0.88640434
0.34079589521203246,0.03700000084572922,0.4191580260980412,-0.8845034
0.34079589521203246,0.038999999838269406,0.4191580260980412,-0.88594294
0.34079589521203246,0.04100000045445424,0.4191580260980412,-0.8893647
0.34079589521203246,0.04300000107063908,0.4191580260980412,-0.8919601
0.34079589521203246,0.04500000006317926,0.4191580260980412,-0.89307904
0.34079589521203246,0.046999999055719444,0.4191580260980412,-0.8929426
0.34079589521203246,0.04899999967190428,0.4191580260980412,-0.8922373
0.34079589521203246,0.05100000028808912,0.4191580260980412,-0.8917999
0.34079589521203246,0.0529999992806293,0.4191580260980412,-0.89164996
0.34079589521203246,0.05499999827316948,0.4191580260980412,-0.891696
0.34079589521203246,0.05699999726570966,0.4191580260980412,-0.892283
0.34079589521203246,0.05899999950553916,0.4191580260980412,-0.892978
0.34079589521203246,0.06100000174536865,0.4191580260980412,-0.893713
0.34079589521203246,0.06300000073790883,0.4191580260980412,-0.8945621
0.34079589521203246,0.06499999973044901,0.4191580260980412,-0.8955924
0.34079589521203246,0.06699999872298919,0.4191580260980412,-0.89684236
0.34079589521203246,0.06899999771552937,0.4191580260980412,-0.8983304
0.3475709616971648,0.0010000000036590455,0.4220617522006254,-0.83629394
0.3475709616971648,0.003000000010977137,0.4220617522006254,-0.8396799
0.3475709616971648,0.004999999916817437,0.4220617522006254,-0.8505078
0.3475709616971648,0.006999999924135528,0.4220617522006254,-0.86232346
0.3475709616971648,0.008999999931453619,0.4220617522006254,-0.8766774
0.3475709616971648,0.010999999735816128,0.4220617522006254,-0.8912509
0.3475709616971648,0.012999999540178638,0.4220617522006254,-0.9045441
0.3475709616971648,0.014999999750452311,0.4220617522006254,-0.91424596
0.3475709616971648,0.01700000036663715,0.4220617522006254,-0.91834724
0.3475709616971648,0.01900000017099966,0.4220617522006254,-0.9171844
0.3475709616971648,0.020999999975362168,0.4220617522006254,-0.9126543
0.3475709616971648,0.022999999779724677,0.4220617522006254,-0.9076155
0.3475709616971648,0.024999999584087183,0.4220617522006254,-0.9043082
0.3475709616971648,0.026999999388449693,0.4220617522006254,-0.9021679
0.3475709616971648,0.02900000000463453,0.4220617522006254,-0.9006912
0.3475709616971648,0.031000000620819368,0.4220617522006254,-0.9006389
0.3475709616971648,0.03299999961335955,0.4220617522006254,-0.89987004
0.3475709616971648,0.03500000022954439,0.4220617522006254,-0.8972485
0.3475709616971648,0.03700000084572922,0.4220617522006254,-0.8949382
0.3475709616971648,0.038999999838269406,0.4220617522006254,-0.8959291
0.3475709616971648,0.04100000045445424,0.4220617522006254,-0.8992142
0.3475709616971648,0.04300000107063908,0.4220617522006254,-0.90199167
0.3475709616971648,0.04500000006317926,0.4220617522006254,-0.90342087
0.3475709616971648,0.046999999055719444,0.4220617522006254,-0.90349674
0.3475709616971648,0.04899999967190428,0.4220617522006254,-0.9028442
0.3475709616971648,0.05100000028808912,0.4220617522006254,-0.9023899
0.3475709616971648,0.0529999992806293,0.4220617522006254,-0.9022339
0.3475709616971648,0.05499999827316948,0.4220617522006254,-0.9021745
0.3475709616971648,0.05699999726570966,0.4220617522006254,-0.9027747
0.3475709616971648,0.05899999950553916,0.4220617522006254,-0.90346086
0.3475709616971648,0.06100000174536865,0.4220617522006254,-0.9042512
0.3475709616971648,0.06300000073790883,0.4220617522006254,-0.9050901
0.3475709616971648,0.06499999973044901,0.4220617522006254,-0.9060857
0.3475709616971648,0.06699999872298919,0.4220617522006254,-0.9072733
0.3475709616971648,0.06899999771552937,0.4220617522006254,-0.90868187
0.3543699022533172,0.0010000000036590455,0.4249090274258139,-0.84822214
0.3543699022533172,0.003000000010977137,0.4249090274258139,-0.8515515
0.3543699022533172,0.004999999916817437,0.4249090274258139,-0.8622772
0.3543699022533172,0.006999999924135528,0.4249090274258139,-0.87390447
0.3543699022533172,0.008999999931453619,0.4249090274258139,-0.8880741
0.3543699022533172,0.010999999735816128,0.4249090274258139,-0.90244395
0.3543699022533172,0.012999999540178638,0.4249090274258139,-0.91566616
0.3543699022533172,0.014999999750452311,0.4249090274258139,-0.9255363
0.3543699022533172,0.01700000036663715,0.4249090274258139,-0.9299534
0.3543699022533172,0.01900000017099966,0.4249090274258139,-0.92913884
0.3543699022533172,0.020999999975362168,0.4249090274258139,-0.9248101
0.3543699022533172,0.022999999779724677,0.4249090274258139,-0.9197948
0.3543699022533172,0.024999999584087183,0.4249090274258139,-0.9163351
0.3543699022533172,0.026999999388449693,0.4249090274258139,-0.9141709
0.3543699022533172,0.02900000000463453,0.4249090274258139,-0.9126039
0.3543699022533172,0.031000000620819368,0.4249090274258139,-0.91238165
0.3543699022533172,0.03299999961335955,0.4249090274258139,-0.91176695
0.3543699022533172,0.03500000022954439,0.4249090274258139,-0.9093225
0.3543699022533172,0.03700000084572922,0.4249090274258139,-0.90681374
0.3543699022533172,0.038999999838269406,0.4249090274258139,-0.9073539
0.3543699022533172,0.04100000045445424,0.4249090274258139,-0.9103609
0.3543699022533172,0.04300000107063908,0.4249090274258139,-0.9132132
0.3543699022533172,0.04500000006317926,0.4249090274258139,-0.91482246
0.3543699022533172,0.046999999055719444,0.4249090274258139,-0.9150451
0.3543699022533172,0.04899999967190428,0.4249090274258139,-0.9144426
0.3543699022533172,0.05100000028808912,0.4249090274258139,-0.91397166
0.3543699022533172,0.0529999992806293,0.4249090274258139,-0.91383594
0.3543699022533172,0.05499999827316948,0.4249090274258139,-0.913694
0.3543699022533172,0.05699999726570966,0.4249090274258139,-0.91421914
0.3543699022533172,0.05899999950553916,0.4249090274258139,-0.9148226
0.3543699022533172,0.06100000174536865,0.4249090274258139,-0.9156353
0.3543699022533172,0.06300000073790883,0.4249090274258139,-0.9164442
0.3543699022533172,0.06499999973044901,0.4249090274258139,-0.9174222
0.3543699022533172,0.06699999872298919,0.4249090274258139,-0.91859156
0.3543699022533172,0.06899999771552937,0.4249090274258139,-0.919985
0.36119183361779694,0.0010000000036590455,0.42770072204714205,-0.86016655
0.36119183361779694,0.003000000010977137,0.42770072204714205,-0.8634235
0.36119183361779694,0.004999999916817437,0.42770072204714205,-0.8740502
0.36119183361779694,0.006999999924135528,0.42770072204714205,-0.88548565
0.36119183361779694,0.008999999931453619,0.42770072204714205,-0.8994726
0.36119183361779694,0.010999999735816128,0.42770072204714205,-0.91364753
0.36119183361779694,0.012999999540178638,0.42770072204714205,-0.92678225
0.36119183361779694,0.014999999750452311,0.42770072204714205,-0.936818
0.36119183361779694,0.01700000036663715,0.42770072204714205,-0.94152516
0.36119183361779694,0.01900000017099966,0.42770072204714205,-0.94100523
0.36119183361779694,0.020999999975362168,0.42770072204714205,-0.9368896
0.36119183361779694,0.022999999779724677,0.42770072204714205,-0.9318825
0.36119183361779694,0.024999999584087183,0.42770072204714205,-0.92828083
0.36119183361779694,0.026999999388449693,0.42770072204714205,-0.92602646
0.36119183361779694,0.02900000000463453,0.42770072204714205,-0.9244172
0.36119183361779694,0.031000000620819368,0.42770072204714205,-0.92401916
0.36119183361779694,0.03299999961335955,0.42770072204714205,-0.923555
0.36119183361779694,0.03500000022954439,0.42770072204714205,-0.92134196
0.36119183361779694,0.03700000084572922,0.42770072204714205,-0.9187558
0.36119183361779694,0.038999999838269406,0.42770072204714205,-0.91888595
0.36119183361779694,0.04100000045445424,0.42770072204714205,-0.9216004
0.36119183361779694,0.04300000107063908,0.42770072204714205,-0.924564
0.36119183361779694,0.04500000006317926,0.42770072204714205,-0.9263173
0.36119183361779694,0.046999999055719444,0.42770072204714205,-0.926699
0.36119183361779694,0.04899999967190428,0.42770072204714205,-0.9261661
0.36119183361779694,0.05100000028808912,0.42770072204714205,-0.9256387
0.36119183361779694,0.0529999992806293,0.42770072204714205,-0.9254451
0.36119183361779694,0.05499999827316948,0.42770072204714205,-0.92525184
0.36119183361779694,0.05699999726570966,0.42770072204714205,-0.925697
0.36119183361779694,0.05899999950553916,0.42770072204714205,-0.92627287
0.36119183361779694,0.06100000174536865,0.42770072204714205,-0.9270911
0.36119183361779694,0.06300000073790883,0.42770072204714205,-0.9278842
0.36119183361779694,0.06499999973044901,0.42770072204714205,-0.9288324
0.36119183361779694,0.06699999872298919,0.42770072204714205,-0.9299584
0.36119183361779694,0.06899999771552937,0.42770072204714205,-0.9312995
0.3680362751917859,0.0010000000036590455,0.4304367711188238,-0.871742
0.3680362751917859,0.003000000010977137,0.4304367711188238,-0.8749367
0.3680362751917859,0.004999999916817437,0.4304367711188238,-0.88549054
0.3680362751917859,0.006999999924135528,0.4304367711188238,-0.8967802
0.3680362751917859,0.008999999931453619,0.4304367711188238,-0.9106093
0.3680362751917859,0.010999999735816128,0.4304367711188238,-0.92461234
0.3680362751917859,0.012999999540178638,0.4304367711188238,-0.93765825
0.3680362751917859,0.014999999750452311,0.4304367711188238,-0.9478203
0.3680362751917859,0.01700000036663715,0.4304367711188238,-0.9528173
0.3680362751917859,0.01900000017099966,0.4304367711188238,-0.9525726
0.3680362751917859,0.020999999975362168,0.4304367711188238,-0.9486367
0.3680362751917859,0.022999999779724677,0.4304367711188238,-0.9435992
0.3680362751917859,0.024999999584087183,0.4304367711188238,-0.93981844
0.3680362751917859,0.026999999388449693,0.4304367711188238,-0.9374981
0.3680362751917859,0.02900000000463453,0.4304367711188238,-0.9358701
0.3680362751917859,0.031000000620819368,0.4304367711188238,-0.93530184
0.3680362751917859,0.03299999961335955,0.4304367711188238,-0.9349708
0.3680362751917859,0.03500000022954439,0.4304367711188238,-0.9329931
0.3680362751917859,0.03700000084572922,0.4304367711188238,-0.930367
0.3680362751917859,0.038999999838269406,0.4304367711188238,-0.93009806
0.3680362751917859,0.04100000045445424,0.4304367711188238,-0.9325166
0.3680362751917859,0.04300000107063908,0.4304367711188238,-0.9355738
0.3680362751917859,0.04500000006317926,0.4304367711188238,-0.9374092
0.3680362751917859,0.046999999055719444,0.4304367711188238,-0.93790215
0.3680362751917859,0.04899999967190428,0.4304367711188238,-0.93748677
0.3680362751917859,0.05100000028808912,0.4304367711188238,-0.93694156
0.3680362751917859,0.0529999992806293,0.4304367711188238,-0.936719
0.3680362751917859,0.05499999827316948,0.4304367711188238,-0.93653375
0.3680362751917859,0.05699999726570966,0.4304367711188238,-0.93687266
0.3680362751917859,0.05899999950553916,0.4304367711188238,-0.937422
0.3680362751917859,0.06100000174536865,0.4304367711188238,-0.9381907
0.3680362751917859,0.06300000073790883,0.4304367711188238,-0.93894845
0.3680362751917859,0.06499999973044901,0.4304367711188238,-0.9398638
0.3680362751917859,0.06699999872298919,0.4304367711188238,-0.9409615
0.3680362751917859,0.06899999771552937,0.4304367711188238,-0.9422697
0.3749025515391072,0.0010000000036590455,0.43311760328304816,-0.8831225
0.3749025515391072,0.003000000010977137,0.43311760328304816,-0.8861905
0.3749025515391072,0.004999999916817437,0.43311760328304816,-0.8966172
0.3749025515391072,0.006999999924135528,0.43311760328304816,-0.9077
0.3749025515391072,0.008999999931453619,0.43311760328304816,-0.9213228
0.3749025515391072,0.010999999735816128,0.43311760328304816,-0.9351413
0.3749025515391072,0.012999999540178638,0.43311760328304816,-0.9481321
0.3749025515391072,0.014999999750452311,0.43311760328304816,-0.95843935
0.3749025515391072,0.01700000036663715,0.43311760328304816,-0.9638224
0.3749025515391072,0.01900000017099966,0.43311760328304816,-0.9640068
0.3749025515391072,0.020999999975362168,0.43311760328304816,-0.9604227
0.3749025515391072,0.022999999779724677,0.43311760328304816,-0.95546836
0.3749025515391072,0.024999999584087183,0.43311760328304816,-0.95158273
0.3749025515391072,0.026999999388449693,0.43311760328304816,-0.94915146
0.3749025515391072,0.02900000000463453,0.43311760328304816,-0.9474303
0.3749025515391072,0.031000000620819368,0.43311760328304816,-0.94657874
0.3749025515391072,0.03299999961335955,0.43311760328304816,-0.94630665
0.3749025515391072,0.03500000022954439,0.43311760328304816,-0.94446105
0.3749025515391072,0.03700000084572922,0.43311760328304816,-0.9417812
0.3749025515391072,0.038999999838269406,0.43311760328304816,-0.94110644
0.3749025515391072,0.04100000045445424,0.43311760328304816,-0.94319904
0.3749025515391072,0.04300000107063908,0.43311760328304816,-0.94633824
0.3749025515391072,0.04500000006317926,0.43311760328304816,-0.948357
0.3749025515391072,0.046999999055719444,0.43311760328304816,-0.94905937
0.3749025515391072,0.04899999967190428,0.43311760328304816,-0.9487042
0.3749025515391072,0.05100000028808912,0.43311760328304816,-0.94810957
0.3749025515391072,0.0529999992806293,0.43311760328304816,-0.9477854
0.3749025515391072,0.05499999827316948,0.43311760328304816,-0.94754165
0.3749025515391072,0.05699999726570966,0.43311760328304816,-0.9477737
0.3749025515391072,0.05899999950553916,0.43311760328304816,-0.9483552
0.3749025515391072,0.06100000174536865,0.43311760328304816,-0.9491356
0.3749025515391072,0.06300000073790883,0.43311760328304816,-0.949911
0.3749025515391072,0.06499999973044901,0.43311760328304816,-0.950808
0.3749025515391072,0.06699999872298919,0.43311760328304816,-0.9518692
0.3749025515391072,0.06899999771552937,0.43311760328304816,-0.95312357
0.38178989629948323,0.0010000000036590455,0.43574397191093556,-0.8934733
0.38178989629948323,0.003000000010977137,0.43574397191093556,-0.89645123
0.38178989629948323,0.004999999916817437,0.43574397191093556,-0.9067787
0.38178989629948323,0.006999999924135528,0.43574397191093556,-0.9177555
0.38178989629948323,0.008999999931453619,0.43574397191093556,-0.93124646
0.38178989629948323,0.010999999735816128,0.43574397191093556,-0.94491553
0.38178989629948323,0.012999999540178638,0.43574397191093556,-0.95783395
0.38178989629948323,0.014999999750452311,0.43574397191093556,-0.9681756
0.38178989629948323,0.01700000036663715,0.43574397191093556,-0.97375923
0.38178989629948323,0.01900000017099966,0.43574397191093556,-0.97415835
0.38178989629948323,0.020999999975362168,0.43574397191093556,-0.9707567
0.38178989629948323,0.022999999779724677,0.43574397191093556,-0.96574724
0.38178989629948323,0.024999999584087183,0.43574397191093556,-0.9617015
0.38178989629948323,0.026999999388449693,0.43574397191093556,-0.9592426
0.38178989629948323,0.02900000000463453,0.43574397191093556,-0.9576346
0.38178989629948323,0.031000000620819368,0.43574397191093556,-0.956687
0.38178989629948323,0.03299999961335955,0.43574397191093556,-0.95655686
0.38178989629948323,0.03500000022954439,0.43574397191093556,-0.9549522
0.38178989629948323,0.03700000084572922,0.43574397191093556,-0.95232093
0.38178989629948323,0.038999999838269406,0.43574397191093556,-0.9512901
0.38178989629948323,0.04100000045445424,0.43574397191093556,-0.95302445
0.38178989629948323,0.04300000107063908,0.43574397191093556,-0.9560326
0.38178989629948323,0.04500000006317926,0.43574397191093556,-0.9580852
0.38178989629948323,0.046999999055719444,0.43574397191093556,-0.95892423
0.38178989629948323,0.04899999967190428,0.43574397191093556,-0.95878136
0.38178989629948323,0.05100000028808912,0.43574397191093556,-0.9581884
0.38178989629948323,0.0529999992806293,0.43574397191093556,-0.95783895
0.38178989629948323,0.05499999827316948,0.43574397191093556,-0.95766896
0.38178989629948323,0.05699999726570966,0.43574397191093556,-0.9577249
0.38178989629948323,0.05899999950553916,0.43574397191093556,-0.95824623
0.38178989629948323,0.06100000174536865,0.43574397191093556,-0.9589149
0.38178989629948323,0.06300000073790883,0.43574397191093556,-0.9596409
0.38178989629948323,0.06499999973044901,0.43574397191093556,-0.9604937
0.38178989629948323,0.06699999872298919,0.43574397191093556,-0.9615232
0.38178989629948323,0.06899999771552937,0.43574397191093556,-0.9627442
0.392334442196032,0.0010000000036590455,0.4396117662535552,-0.91371757
0.392334442196032,0.003000000010977137,0.4396117662535552,-0.9168506
0.392334442196032,0.004999999916817437,0.4396117662535552,-0.9271431
0.392334442196032,0.006999999924135528,0.4396117662535552,-0.93797874
0.392334442196032,0.008999999931453619,0.4396117662535552,-0.95112014
0.392334442196032,0.010999999735816128,0.4396117662535552,-0.9644459
0.392334442196032,0.012999999540178638,0.4396117662535552,-0.9771368
0.392334442196032,0.014999999750452311,0.4396117662535552,-0.98743606
0.392334442196032,0.01700000036663715,0.4396117662535552,-0.9933177
0.392334442196032,0.01900000017099966,0.4396117662535552,-0.9941331
0.392334442196032,0.020999999975362168,0.4396117662535552,-0.99103963
0.392334442196032,0.022999999779724677,0.4396117662535552,-0.9861555
0.392334442196032,0.024999999584087183,0.4396117662535552,-0.98181427
0.392334442196032,0.026999999388449693,0.4396117662535552,-0.9791107
0.392334442196032,0.02900000000463453,0.4396117662535552,-0.9772804
0.392334442196032,0.031000000620819368,0.4396117662535552,-0.9761674
0.392334442196032,0.03299999961335955,0.4396117662535552,-0.9760773
0.392334442196032,0.03500000022954439,0.4396117662535552,-0.9749371
0.392334442196032,0.03700000084572922,0.4396117662535552,-0.97272
0.392334442196032,0.038999999838269406,0.4396117662535552,-0.9714559
0.392334442196032,0.04100000045445424,0.4396117662535552,-0.9728226
0.392334442196032,0.04300000107063908,0.4396117662535552,-0.9757086
0.392334442196032,0.04500000006317926,0.4396117662535552,-0.9778384
0.392334442196032,0.046999999055719444,0.4396117662535552,-0.9788585
0.392334442196032,0.04899999967190428,0.4396117662535552,-0.9787715
0.392334442196032,0.05100000028808912,0.4396117662535552,-0.9782441
0.392334442196032,0.0529999992806293,0.4396117662535552,-0.97783
0.392334442196032,0.05499999827316948,0.4396117662535552,-0.97769713
0.392334442196032,0.05699999726570966,0.4396117662535552,-0.97765803
0.392334442196032,0.05899999950553916,0.4396117662535552,-0.9781864
0.392334442196032,0.06100000174536865,0.4396117662535552,-0.9788117
0.392334442196032,0.06300000073790883,0.4396117662535552,-0.97958773
0.392334442196032,0.06499999973044901,0.4396117662535552,-0.9804165
0.392334442196032,0.06699999872298919,0.4396117662535552,-0.9814267
0.392334442196032,0.06899999771552937,0.4396117662535552,-0.98263305
0.4072704013421446,0.0010000000036590455,0.4448665817744895,-0.93207383
0.4072704013421446,0.003000000010977137,0.4448665817744895,-0.93484896
0.4072704013421446,0.004999999916817437,0.4448665817744895,-0.9449599
0.4072704013421446,0.006999999924135528,0.4448665817744895,-0.9554686
0.4072704013421446,0.008999999931453619,0.4448665817744895,-0.9682505
0.4072704013421446,0.010999999735816128,0.4448665817744895,-0.98118603
0.4072704013421446,0.012999999540178638,0.4448665817744895,-0.99366575
0.4072704013421446,0.014999999750452311,0.4448665817744895,-1.0040425
0.4072704013421446,0.01700000036663715,0.4448665817744895,-1.0104349
0.4072704013421446,0.01900000017099966,0.4448665817744895,-1.0118892
0.4072704013421446,0.020999999975362168,0.4448665817744895,-1.0093143
0.4072704013421446,0.022999999779724677,0.4448665817744895,-1.0046457
0.4072704013421446,0.024999999584087183,0.4448665817744895,-1.0001878
0.4072704013421446,0.026999999388449693,0.4448665817744895,-0.99722326
0.4072704013421446,0.02900000000463453,0.4448665817744895,-0.99512386
0.4072704013421446,0.031000000620819368,0.4448665817744895,-0.9936842
0.4072704013421446,0.03299999961335955,0.4448665817744895,-0.9933515
0.4072704013421446,0.03500000022954439,0.4448665817744895,-0.99243045
0.4072704013421446,0.03700000084572922,0.4448665817744895,-0.9904303
0.4072704013421446,0.038999999838269406,0.4448665817744895,-0.98870873
0.4072704013421446,0.04100000045445424,0.4448665817744895,-0.9894064
0.4072704013421446,0.04300000107063908,0.4448665817744895,-0.9919549
0.4072704013421446,0.04500000006317926,0.4448665817744895,-0.99439657
0.4072704013421446,0.046999999055719444,0.4448665817744895,-0.9957996
0.4072704013421446,0.04899999967190428,0.4448665817744895,-0.99597543
0.4072704013421446,0.05100000028808912,0.4448665817744895,-0.99543065
0.4072704013421446,0.0529999992806293,0.4448665817744895,-0.9948985
0.4072704013421446,0.05499999827316948,0.4448665817744895,-0.99464935
0.4072704013421446,0.05699999726570966,0.4448665817744895,-0.9945058
0.4072704013421446,0.05899999950553916,0.4448665817744895,-0.9948656
0.4072704013421446,0.06100000174536865,0.4448665817744895,-0.9954193
0.4072704013421446,0.06300000073790883,0.4448665817744895,-0.99620044
0.4072704013421446,0.06499999973044901,0.4448665817744895,-0.9969681
0.4072704013421446,0.06699999872298919,0.4448665817744895,-0.9978814
0.4072704013421446,0.06899999771552937,0.4448665817744895,-0.99895126
0.42374283490985676,0.0010000000036590455,0.45033415969113094,-0.95344615
0.42374283490985676,0.003000000010977137,0.45033415969113094,-0.95597607
0.42374283490985676,0.004999999916817437,0.45033415969113094,-0.965824
0.42374283490985676,0.006999999924135528,0.45033415969113094,-0.97590536
0.42374283490985676,0.008999999931453619,0.45033415969113094,-0.9881972
0.42374283490985676,0.010999999735816128,0.45033415969113094,-1.000641
0.42374283490985676,0.012999999540178638,0.45033415969113094,-1.0127908
0.42374283490985676,0.014999999750452311,0.45033415969113094,-1.023133
0.42374283490985676,0.01700000036663715,0.45033415969113094,-1.0299876
0.42374283490985676,0.01900000017099966,0.45033415969113094,-1.0321621
0.42374283490985676,0.020999999975362168,0.45033415969113094,-1.030263
0.42374283490985676,0.022999999779724677,0.45033415969113094,-1.0259328
0.42374283490985676,0.024999999584087183,0.45033415969113094,-1.0214361
0.42374283490985676,0.026999999388449693,0.45033415969113094,-1.0181415
0.42374283490985676,0.02900000000463453,0.45033415969113094,-1.0159676
0.42374283490985676,0.031000000620819368,0.45033415969113094,-1.0143791
0.42374283490985676,0.03299999961335955,0.45033415969113094,-1.0137218
0.42374283490985676,0.03500000022954439,0.45033415969113094,-1.0130755
0.42374283490985676,0.03700000084572922,0.45033415969113094,-1.0114096
0.42374283490985676,0.038999999838269406,0.45033415969113094,-1.0095198
0.42374283490985676,0.04100000045445424,0.45033415969113094,-1.0094248
0.42374283490985676,0.04300000107063908,0.45033415969113094,-1.0113274
0.42374283490985676,0.04500000006317926,0.45033415969113094,-1.0138886
0.42374283490985676,0.046999999055719444,0.45033415969113094,-1.0154401
0.42374283490985676,0.04899999967190428,0.45033415969113094,-1.0159578
0.42374283490985676,0.05100000028808912,0.45033415969113094,-1.0156249
0.42374283490985676,0.0529999992806293,0.45033415969113094,-1.0150961
0.42374283490985676,0.05499999827316948,0.45033415969113094,-1.0147147
0.42374283490985676,0.05699999726570966,0.45033415969113094,-1.0145211
0.42374283490985676,0.05899999950553916,0.45033415969113094,-1.0146441
0.42374283490985676,0.06100000174536865,0.45033415969113094,-1.0151718
0.42374283490985676,0.06300000073790883,0.45033415969113094,-1.0158684
0.42374283490985676,0.06499999973044901,0.45033415969113094,-1.0166196
0.42374283490985676,0.06699999872298919,0.45033415969113094,-1.0174944
0.42374283490985676,0.06899999771552937,0.45033415969113094,-1.0185279
0.4418419525962494,0.0010000000036590455,0.4559642579432478,-0.97311765
0.4418419525962494,0.003000000010977137,0.4559642579432478,-0.97542554
0.4418419525962494,0.004999999916817437,0.4559642579432478,-0.98503184
0.4418419525962494,0.006999999924135528,0.4559642579432478,-0.9947841
0.4418419525962494,0.008999999931453619,0.4559642579432478,-1.0066569
0.4418419525962494,0.010999999735816128,0.4559642579432478,-1.0186865
0.4418419525962494,0.012999999540178638,0.4559642579432478,-1.0305208
0.4418419525962494,0.014999999750452311,0.4559642579432478,-1.0407984
0.4418419525962494,0.01700000036663715,0.4559642579432478,-1.0480039
0.4418419525962494,0.01900000017099966,0.4559642579432478,-1.0508742
0.4418419525962494,0.020999999975362168,0.4559642579432478,-1.0496817
0.4418419525962494,0.022999999779724677,0.4559642579432478,-1.0457035
0.4418419525962494,0.024999999584087183,0.4559642579432478,-1.0411441
0.4418419525962494,0.026999999388449693,0.4559642579432478,-1.0374323
0.4418419525962494,0.02900000000463453,0.4559642579432478,-1.035043
0.4418419525962494,0.031000000620819368,0.4559642579432478,-1.0333138
0.4418419525962494,0.03299999961335955,0.4559642579432478,-1.0321919
0.4418419525962494,0.03500000022954439,0.4559642579432478,-1.0317236
0.4418419525962494,0.03700000084572922,0.4559642579432478,-1.0303712
0.4418419525962494,0.038999999838269406,0.4559642579432478,-1.0285258
0.4418419525962494,0.04100000045445424,0.4559642579432478,-1.0277815
0.4418419525962494,0.04300000107063908,0.4559642579432478,-1.0290565
0.4418419525962494,0.04500000006317926,0.4559642579432478,-1.0315166
0.4418419525962494,0.046999999055719444,0.4559642579432478,-1.033287
0.4418419525962494,0.04899999967190428,0.4559642579432478,-1.0341474
0.4418419525962494,0.05100000028808912,0.4559642579432478,-1.0341159
0.4418419525962494,0.0529999992806293,0.4559642579432478,-1.0336112
0.4418419525962494,0.05499999827316948,0.4559642579432478,-1.0332161
0.4418419525962494,0.05699999726570966,0.4559642579432478,-1.0330392
0.4418419525962494,0.05899999950553916,0.4559642579432478,-1.0329726
0.4418419525962494,0.06100000174536865,0.4559642579432478,-1.0333909
0.4418419525962494,0.06300000073790883,0.4559642579432478,-1.0339812
0.4418419525962494,0.06499999973044901,0.4559642579432478,-1.0347666
0.4418419525962494,0.06699999872298919,0.4559642579432478,-1.035575
0.4418419525962494,0.06899999771552937,0.4559642579432478,-1.0365351
0.4616526775114041,0.0010000000036590455,0.4616869688865364,-0.99383974
0.4616526775114041,0.003000000010977137,0.4616869688865364,-0.99592286
0.4616526775114041,0.004999999916817437,0.4616869688865364,-1.0052276
0.4616526775114041,0.006999999924135528,0.4616869688865364,-1.0145663
0.4616526775114041,0.008999999931453619,0.4616869688865364,-1.0259044
0.4616526775114041,0.010999999735816128,0.4616869688865364,-1.0374365
0.4616526775114041,0.012999999540178638,0.4616869688865364,-1.0488303
0.4616526775114041,0.014999999750452311,0.4616869688865364,-1.0589188
0.4616526775114041,0.01700000036663715,0.4616869688865364,-1.0664085
0.4616526775114041,0.01900000017099966,0.4616869688865364,-1.0699743
0.4616526775114041,0.020999999975362168,0.4616869688865364,-1.0695835
0.4616526775114041,0.022999999779724677,0.4616869688865364,-1.0661786
0.4616526775114041,0.024999999584087183,0.4616869688865364,-1.0616938
0.4616526775114041,0.026999999388449693,0.4616869688865364,-1.0577174
0.4616526775114041,0.02900000000463453,0.4616869688865364,-1.0549965
0.4616526775114041,0.031000000620819368,0.4616869688865364,-1.0530949
0.4616526775114041,0.03299999961335955,0.4616869688865364,-1.051694
0.4616526775114041,0.03500000022954439,0.4616869688865364,-1.0511664
0.4616526775114041,0.03700000084572922,0.4616869688865364,-1.050163
0.4616526775114041,0.038999999838269406,0.4616869688865364,-1.0486114
0.4616526775114041,0.04100000045445424,0.4616869688865364,-1.0474886
0.4616526775114041,0.04300000107063908,0.4616869688865364,-1.0480973
0.4616526775114041,0.04500000006317926,0.4616869688865364,-1.0500815
0.4616526775114041,0.046999999055719444,0.4616869688865364,-1.0521028
0.4616526775114041,0.04899999967190428,0.4616869688865364,-1.0532331
0.4616526775114041,0.05100000028808912,0.4616869688865364,-1.0534183
0.4616526775114041,0.0529999992806293,0.4616869688865364,-1.0530283
0.4616526775114041,0.05499999827316948,0.4616869688865364,-1.0525655
0.4616526775114041,0.05699999726570966,0.4616869688865364,-1.0522541
0.4616526775114041,0.05899999950553916,0.4616869688865364,-1.052136
0.4616526775114041,0.06100000174536865,0.4616869688865364,-1.0523489
0.4616526775114041,0.06300000073790883,0.4616869688865364,-1.0528822
0.4616526775114041,0.06499999973044901,0.4616869688865364,-1.0536071
0.4616526775114041,0.06699999872298919,0.4616869688865364,-1.0543638
0.4616526775114041,0.06899999771552937,0.4616869688865364,-1.0552493
0.4832495674179189,0.0010000000036590455,0.4674217077894357,-1.0098343
0.4832495674179189,0.003000000010977137,0.4674217077894357,-1.0116402
0.4832495674179189,0.004999999916817437,0.4674217077894357,-1.020569
0.4832495674179189,0.006999999924135528,0.4674217077894357,-1.0295259
0.4832495674179189,0.008999999931453619,0.4674217077894357,-1.0403844
0.4832495674179189,0.010999999735816128,0.4674217077894357,-1.0514761
0.4832495674179189,0.012999999540178638,0.4674217077894357,-1.0624627
0.4832495674179189,0.014999999750452311,0.4674217077894357,-1.0723644
0.4832495674179189,0.01700000036663715,0.4674217077894357,-1.0800927
0.4832495674179189,0.01900000017099966,0.4674217077894357,-1.0843451
0.4832495674179189,0.020999999975362168,0.4674217077894357,-1.0847628
0.4832495674179189,0.022999999779724677,0.4674217077894357,-1.0820562
0.4832495674179189,0.024999999584087183,0.4674217077894357,-1.0777229
0.4832495674179189,0.026999999388449693,0.4674217077894357,-1.0736282
0.4832495674179189,0.02900000000463453,0.4674217077894357,-1.0704622
0.4832495674179189,0.031000000620819368,0.4674217077894357,-1.0683469
0.4832495674179189,0.03299999961335955,0.4674217077894357,-1.0667746
0.4832495674179189,0.03500000022954439,0.4674217077894357,-1.0658194
0.4832495674179189,0.03700000084572922,0.4674217077894357,-1.0650594
0.4832495674179189,0.038999999838269406,0.4674217077894357,-1.0637362
0.4832495674179189,0.04100000045445424,0.4674217077894357,-1.0624273
0.4832495674179189,0.04300000107063908,0.4674217077894357,-1.0622975
0.4832495674179189,0.04500000006317926,0.4674217077894357,-1.0636793
0.4832495674179189,0.046999999055719444,0.4674217077894357,-1.0657976
0.4832495674179189,0.04899999967190428,0.4674217077894357,-1.0671585
0.4832495674179189,0.05100000028808912,0.4674217077894357,-1.0677416
0.4832495674179189,0.0529999992806293,0.4674217077894357,-1.0676055
0.4832495674179189,0.05499999827316948,0.4674217077894357,-1.0671674
0.4832495674179189,0.05699999726570966,0.4674217077894357,-1.0668136
0.4832495674179189,0.05899999950553916,0.4674217077894357,-1.0666673
0.4832495674179189,0.06100000174536865,0.4674217077894357,-1.0667001
0.4832495674179189,0.06300000073790883,0.4674217077894357,-1.0671265
0.4832495674179189,0.06499999973044901,0.4674217077894357,-1.0677404
0.4832495674179189,0.06699999872298919,0.4674217077894357,-1.0685259
0.4832495674179189,0.06899999771552937,0.4674217077894357,-1.0693487
0.5066948403790074,0.0010000000036590455,0.4730747708715654,-1.0262396
0.5066948403790074,0.003000000010977137,0.4730747708715654,-1.0278388
0.5066948403790074,0.004999999916817437,0.4730747708715654,-1.0363884
0.5066948403790074,0.006999999924135528,0.4730747708715654,-1.0449373
0.5066948403790074,0.008999999931453619,0.4730747708715654,-1.0552797
0.5066948403790074,0.010999999735816128,0.4730747708715654,-1.0658642
0.5066948403790074,0.012999999540178638,0.4730747708715654,-1.0763484
0.5066948403790074,0.014999999750452311,0.4730747708715654,-1.0859652
0.5066948403790074,0.01700000036663715,0.4730747708715654,-1.0937915
0.5066948403790074,0.01900000017099966,0.4730747708715654,-1.0986326
0.5066948403790074,0.020999999975362168,0.4730747708715654,-1.0998154
0.5066948403790074,0.022999999779724677,0.4730747708715654,-1.0978674
0.5066948403790074,0.024999999584087183,0.4730747708715654,-1.0939105
0.5066948403790074,0.026999999388449693,0.4730747708715654,-1.0897716
0.5066948403790074,0.02900000000463453,0.4730747708715654,-1.0862468
0.5066948403790074,0.031000000620819368,0.4730747708715654,-1.083845
0.5066948403790074,0.03299999961335955,0.4730747708715654,-1.0821391
0.5066948403790074,0.03500000022954439,0.4730747708715654,-1.0808164
0.5066948403790074,0.03700000084572922,0.4730747708715654,-1.080137
0.5066948403790074,0.038999999838269406,0.4730747708715654,-1.0790627
0.5066948403790074,0.04100000045445424,0.4730747708715654,-1.0778539
0.5066948403790074,0.04300000107063908,0.4730747708715654,-1.0772568
0.5066948403790074,0.04500000006317926,0.4730747708715654,-1.0780247
0.5066948403790074,0.046999999055719444,0.4730747708715654,-1.07977
0.5066948403790074,0.04899999967190428,0.4730747708715654,-1.081379
0.5066948403790074,0.05100000028808912,0.4730747708715654,-1.0822703
0.5066948403790074,0.0529999992806293,0.4730747708715654,-1.0823599
0.5066948403790074,0.05499999827316948,0.4730747708715654,-1.0820248
0.5066948403790074,0.05699999726570966,0.4730747708715654,-1.0816529
0.5066948403790074,0.05899999950553916,0.4730747708715654,-1.0814177
0.5066948403790074,0.06100000174536865,0.4730747708715654,-1.0813752
0.5066948403790074,0.06300000073790883,0.4730747708715654,-1.0815897
0.5066948403790074,0.06499999973044901,0.4730747708715654,-1.0821241
0.5066948403790074,0.06699999872298919,0.4730747708715654,-1.08284
0.5066948403790074,0.06899999771552937,0.4730747708715654,-1.0836065
0.5320384786717562,0.0010000000036590455,0.4785323471371266,-1.0370308
0.5320384786717562,0.003000000010977137,0.4785323471371266,-1.0383875
0.5320384786717562,0.004999999916817437,0.4785323471371266,-1.0464797
0.5320384786717562,0.006999999924135528,0.4785323471371266,-1.0545908
0.5320384786717562,0.008999999931453619,0.4785323471371266,-1.0644071
0.5320384786717562,0.010999999735816128,0.4785323471371266,-1.074447
0.5320384786717562,0.012999999540178638,0.4785323471371266,-1.0843946
0.5320384786717562,0.014999999750452311,0.4785323471371266,-1.0936755
0.5320384786717562,0.01700000036663715,0.4785323471371266,-1.1015176
0.5320384786717562,0.01900000017099966,0.4785323471371266,-1.106837
0.5320384786717562,0.020999999975362168,0.4785323471371266,-1.1088185
0.5320384786717562,0.022999999779724677,0.4785323471371266,-1.1077197
0.5320384786717562,0.024999999584087183,0.4785323471371266,-1.1043785
0.5320384786717562,0.026999999388449693,0.4785323471371266,-1.1002737
0.5320384786717562,0.02900000000463453,0.4785323471371266,-1.0965855
0.5320384786717562,0.031000000620819368,0.4785323471371266,-1.0937662
0.5320384786717562,0.03299999961335955,0.4785323471371266,-1.0918313
0.5320384786717562,0.03500000022954439,0.4785323471371266,-1.0903527
0.5320384786717562,0.03700000084572922,0.4785323471371266,-1.0893593
0.5320384786717562,0.038999999838269406,0.4785323471371266,-1.0885099
0.5320384786717562,0.04100000045445424,0.4785323471371266,-1.0874525
0.5320384786717562,0.04300000107063908,0.4785323471371266,-1.0866374
0.5320384786717562,0.04500000006317926,0.4785323471371266,-1.0867579
0.5320384786717562,0.046999999055719444,0.4785323471371266,-1.087971
0.5320384786717562,0.04899999967190428,0.4785323471371266,-1.0896951
0.5320384786717562,0.05100000028808912,0.4785323471371266,-1.090792
0.5320384786717562,0.0529999992806293,0.4785323471371266,-1.0912806
0.5320384786717562,0.05499999827316948,0.4785323471371266,-1.0911521
0.5320384786717562,0.05699999726570966,0.4785323471371266,-1.0907859
0.5320384786717562,0.05899999950553916,0.4785323471371266,-1.0904659
0.5320384786717562,0.06100000174536865,0.4785323471371266,-1.0903671
0.5320384786717562,0.06300000073790883,0.4785323471371266,-1.0904554
0.5320384786717562,0.06499999973044901,0.4785323471371266,-1.0908297
0.5320384786717562,0.06699999872298919,0.4785323471371266,-1.0914283
0.5320384786717562,0.06899999771552937,0.4785323471371266,-1.0921924
0.5593121758398484,0.0010000000036590455,0.4836782875420159,-1.0431323
0.5593121758398484,0.003000000010977137,0.4836782875420159,-1.0442703
0.5593121758398484,0.004999999916817437,0.4836782875420159,-1.0518839
0.5593121758398484,0.006999999924135528,0.4836782875420159,-1.0595936
0.5593121758398484,0.008999999931453619,0.4836782875420159,-1.0689285
0.5593121758398484,0.010999999735816128,0.4836782875420159,-1.0784262
0.5593121758398484,0.012999999540178638,0.4836782875420159,-1.087859
0.5593121758398484,0.014999999750452311,0.4836782875420159,-1.096746
0.5593121758398484,0.01700000036663715,0.4836782875420159,-1.1044614
0.5593121758398484,0.01900000017099966,0.4836782875420159,-1.1101161
0.5593121758398484,0.020999999975362168,0.4836782875420159,-1.1128075
0.5593121758398484,0.022999999779724677,0.4836782875420159,-1.1125566
0.5593121758398484,0.024999999584087183,0.4836782875420159,-1.109923
0.5593121758398484,0.026999999388449693,0.4836782875420159,-1.1060134
0.5593121758398484,0.02900000000463453,0.4836782875420159,-1.1022334
0.5593121758398484,0.031000000620819368,0.4836782875420159,-1.0990287
0.5593121758398484,0.03299999961335955,0.4836782875420159,-1.0968553
0.5593121758398484,0.03500000022954439,0.4836782875420159,-1.0952516
0.5593121758398484,0.03700000084572922,0.4836782875420159,-1.0939146
0.5593121758398484,0.038999999838269406,0.4836782875420159,-1.0930723
0.5593121758398484,0.04100000045445424,0.4836782875420159,-1.0920932
0.5593121758398484,0.04300000107063908,0.4836782875420159,-1.0912021
0.5593121758398484,0.04500000006317926,0.4836782875420159,-1.0908792
0.5593121758398484,0.046999999055719444,0.4836782875420159,-1.0915059
0.5593121758398484,0.04899999967190428,0.4836782875420159,-1.092869
0.5593121758398484,0.05100000028808912,0.4836782875420159,-1.0942345
0.5593121758398484,0.0529999992806293,0.4836782875420159,-1.0950041
0.5593121758398484,0.05499999827316948,0.4836782875420159,-1.0951545
0.5593121758398484,0.05699999726570966,0.4836782875420159,-1.0949396
0.5593121758398484,0.05899999950553916,0.4836782875420159,-1.094675
0.5593121758398484,0.06100000174536865,0.4836782875420159,-1.0944763
0.5593121758398484,0.06300000073790883,0.4836782875420159,-1.0944972
0.5593121758398484,0.06499999973044901,0.4836782875420159,-1.0946842
0.5593121758398484,0.06699999872298919,0.4836782875420159,-1.0951765
0.5593121758398484,0.06899999771552937,0.4836782875420159,-1.095841
0.5885313110454644,0.0010000000036590455,0.48837919344130587,-1.0449065
0.5885313110454644,0.003000000010977137,0.48837919344130587,-1.0458133
0.5885313110454644,0.004999999916817437,0.48837919344130587,-1.0528828
0.5885313110454644,0.006999999924135528,0.48837919344130587,-1.0601608
0.5885313110454644,0.008999999931453619,0.48837919344130587,-1.0689785
0.5885313110454644,0.010999999735816128,0.48837919344130587,-1.0778714
0.5885313110454644,0.012999999540178638,0.48837919344130587,-1.0867269
0.5885313110454644,0.014999999750452311,0.48837919344130587,-1.0951028
0.5885313110454644,0.01700000036663715,0.48837919344130587,-1.102528
0.5885313110454644,0.01900000017099966,0.48837919344130587,-1.1083049
0.5885313110454644,0.020999999975362168,0.48837919344130587,-1.1115732
0.5885313110454644,0.022999999779724677,0.48837919344130587,-1.1121017
0.5885313110454644,0.024999999584087183,0.48837919344130587,-1.1102266
0.5885313110454644,0.026999999388449693,0.48837919344130587,-1.1067781
0.5885313110454644,0.02900000000463453,0.48837919344130587,-1.1029832
0.5885313110454644,0.031000000620819368,0.48837919344130587,-1.099619
0.5885313110454644,0.03299999961335955,0.48837919344130587,-1.096991
0.5885313110454644,0.03500000022954439,0.48837919344130587,-1.095192
0.5885313110454644,0.03700000084572922,0.48837919344130587,-1.0937736
0.5885313110454644,0.038999999838269406,0.48837919344130587,-1.0926301
0.5885313110454644,0.04100000045445424,0.48837919344130587,-1.0917736
0.5885313110454644,0.04300000107063908,0.48837919344130587,-1.0909123
0.5885313110454644,0.04500000006317926,0.48837919344130587,-1.090368
0.5885313110454644,0.046999999055719444,0.48837919344130587,-1.0904987
0.5885313110454644,0.04899999967190428,0.48837919344130587,-1.0914047
0.5885313110454644,0.05100000028808912,0.48837919344130587,-1.0927414
0.5885313110454644,0.0529999992806293,0.48837919344130587,-1.0937079
0.5885313110454644,0.05499999827316948,0.48837919344130587,-1.0942274
0.5885313110454644,0.05699999726570966,0.48837919344130587,-1.0941845
0.5885313110454644,0.05899999950553916,0.48837919344130587,-1.0939578
0.5885313110454644,0.06100000174536865,0.48837919344130587,-1.09372
0.5885313110454644,0.06300000073790883,0.48837919344130587,-1.0936275
0.5885313110454644,0.06499999973044901,0.48837919344130587,-1.093739
0.5885313110454644,0.06699999872298919,0.48837919344130587,-1.0940152
0.5885313110454644,0.06899999771552937,0.48837919344130587,-1.0945425
0.6196926889559216,0.0010000000036590455,0.4924920282353916,-1.0372258
0.6196926889559216,0.003000000010977137,0.4924920282353916,-1.0378729
0.6196926889559216,0.004999999916817437,0.4924920282353916,-1.044332
0.6196926889559216,0.006999999924135528,0.4924920282353916,-1.0511668
0.6196926889559216,0.008999999931453619,0.4924920282353916,-1.0594778
0.6196926889559216,0.010999999735816128,0.4924920282353916,-1.0677972
0.6196926889559216,0.012999999540178638,0.4924920282353916,-1.076096
0.6196926889559216,0.014999999750452311,0.4924920282353916,-1.0839378
0.6196926889559216,0.01700000036663715,0.4924920282353916,-1.090999
0.6196926889559216,0.01900000017099966,0.4924920282353916,-1.0967431
0.6196926889559216,0.020999999975362168,0.4924920282353916,-1.100448
0.6196926889559216,0.022999999779724677,0.4924920282353916,-1.1016587
0.6196926889559216,0.024999999584087183,0.4924920282353916,-1.1005695
0.6196926889559216,0.026999999388449693,0.4924920282353916,-1.097752
0.6196926889559216,0.02900000000463453,0.4924920282353916,-1.0941294
0.6196926889559216,0.031000000620819368,0.4924920282353916,-1.090693
0.6196926889559216,0.03299999961335955,0.4924920282353916,-1.0877652
0.6196926889559216,0.03500000022954439,0.4924920282353916,-1.0856848
0.6196926889559216,0.03700000084572922,0.4924920282353916,-1.0841116
0.6196926889559216,0.038999999838269406,0.4924920282353916,-1.0827742
0.6196926889559216,0.04100000045445424,0.4924920282353916,-1.0817729
0.6196926889559216,0.04300000107063908,0.4924920282353916,-1.080888
0.6196926889559216,0.04500000006317926,0.4924920282353916,-1.0801865
0.6196926889559216,0.046999999055719444,0.4924920282353916,-1.0799534
0.6196926889559216,0.04899999967190428,0.4924920282353916,-1.0803387
0.6196926889559216,0.05100000028808912,0.4924920282353916,-1.0812974
0.6196926889559216,0.0529999992806293,0.4924920282353916,-1.0824493
0.6196926889559216,0.05499999827316948,0.4924920282353916,-1.0831308
0.6196926889559216,0.05699999726570966,0.4924920282353916,-1.0834461
0.6196926889559216,0.05899999950553916,0.4924920282353916,-1.08336
0.6196926889559216,0.06100000174536865,0.4924920282353916,-1.0831624
0.6196926889559216,0.06300000073790883,0.4924920282353916,-1.0829804
0.6196926889559216,0.06499999973044901,0.4924920282353916,-1.0829802
0.6196926889559216,0.06699999872298919,0.4924920282353916,-1.0831509
0.6196926889559216,0.06899999771552937,0.4924920282353916,-1.0834934
0.6527724874568285,0.0010000000036590455,0.4958749243488205,-1.0208784
0.6527724874568285,0.003000000010977137,0.4958749243488205,-1.0212713
0.6527724874568285,0.004999999916817437,0.4958749243488205,-1.0270964
0.6527724874568285,0.006999999924135528,0.4958749243488205,-1.0334951
0.6527724874568285,0.008999999931453619,0.4958749243488205,-1.0412849
0.6527724874568285,0.010999999735816128,0.4958749243488205,-1.0490355
0.6527724874568285,0.012999999540178638,0.4958749243488205,-1.0567459
0.6527724874568285,0.014999999750452311,0.4958749243488205,-1.0640013
0.6527724874568285,0.01700000036663715,0.4958749243488205,-1.0706081
0.6527724874568285,0.01900000017099966,0.4958749243488205,-1.0761471
0.6527724874568285,0.020999999975362168,0.4958749243488205,-1.0800807
0.6527724874568285,0.022999999779724677,0.4958749243488205,-1.0818106
0.6527724874568285,0.024999999584087183,0.4958749243488205,-1.0814185
0.6527724874568285,0.026999999388449693,0.4958749243488205,-1.0792673
0.6527724874568285,0.02900000000463453,0.4958749243488205,-1.0760403
0.6527724874568285,0.031000000620819368,0.4958749243488205,-1.0725844
0.6527724874568285,0.03299999961335955,0.4958749243488205,-1.0695286
0.6527724874568285,0.03500000022954439,0.4958749243488205,-1.0670567
0.6527724874568285,0.03700000084572922,0.4958749243488205,-1.0653361
0.6527724874568285,0.038999999838269406,0.4958749243488205,-1.0639397
0.6527724874568285,0.04100000045445424,0.4958749243488205,-1.0626979
0.6527724874568285,0.04300000107063908,0.4958749243488205,-1.0617752
0.6527724874568285,0.04500000006317926,0.4958749243488205,-1.0609782
0.6527724874568285,0.046999999055719444,0.4958749243488205,-1.0604722
0.6527724874568285,0.04899999967190428,0.4958749243488205,-1.0604881
0.6527724874568285,0.05100000028808912,0.4958749243488205,-1.0610038
0.6527724874568285,0.0529999992806293,0.4958749243488205,-1.0619037
0.6527724874568285,0.05499999827316948,0.4958749243488205,-1.0628228
0.6527724874568285,0.05699999726570966,0.4958749243488205,-1.0632932
0.6527724874568285,0.05899999950553916,0.4958749243488205,-1.063472
0.6527724874568285,0.06100000174536865,0.4958749243488205,-1.0633823
0.6527724874568285,0.06300000073790883,0.4958749243488205,-1.0632327
0.6527724874568285,0.06499999973044901,0.4958749243488205,-1.0631018
0.6527724874568285,0.06699999872298919,0.4958749243488205,-1.0631518
0.6527724874568285,0.06899999771552937,0.4958749243488205,-1.0633309
0.6877283099389309,0.0010000000036590455,0.4983718040681118,-0.9937545
0.6877283099389309,0.003000000010977137,0.4983718040681118,-0.993862
0.6877283099389309,0.004999999916817437,0.4983718040681118,-0.99893254
0.6877283099389309,0.006999999924135528,0.4983718040681118,-1.0048184
0.6877283099389309,0.008999999931453619,0.4983718040681118,-1.0120492
0.6877283099389309,0.010999999735816128,0.4983718040681118,-1.0192251
0.6877283099389309,0.012999999540178638,0.4983718040681118,-1.0263104
0.6877283099389309,0.014999999750452311,0.4983718040681118,-1.032938
0.6877283099389309,0.01700000036663715,0.4983718040681118,-1.0389892
0.6877283099389309,0.01900000017099966,0.4983718040681118,-1.0441378
0.6877283099389309,0.020999999975362168,0.4983718040681118,-1.0480143
0.6877283099389309,0.022999999779724677,0.4983718040681118,-1.0500048
0.6877283099389309,0.024999999584087183,0.4983718040681118,-1.0501204
0.6877283099389309,0.026999999388449693,0.4983718040681118,-1.0485166
0.6877283099389309,0.02900000000463453,0.4983718040681118,-1.0457389
0.6877283099389309,0.031000000620819368,0.4983718040681118,-1.0424814
0.6877283099389309,0.03299999961335955,0.4983718040681118,-1.0393846
0.6877283099389309,0.03500000022954439,0.4983718040681118,-1.0367256
0.6877283099389309,0.03700000084572922,0.4983718040681118,-1.0346596
0.6877283099389309,0.038999999838269406,0.4983718040681118,-1.033138
0.6877283099389309,0.04100000045445424,0.4983718040681118,-1.0318602
0.6877283099389309,0.04300000107063908,0.4983718040681118,-1.0307311
0.6877283099389309,0.04500000006317926,0.4983718040681118,-1.0298345
0.6877283099389309,0.046999999055719444,0.4983718040681118,-1.0291373
0.6877283099389309,0.04899999967190428,0.4983718040681118,-1.0287925
0.6877283099389309,0.05100000028808912,0.4983718040681118,-1.028926
0.6877283099389309,0.0529999992806293,0.4983718040681118,-1.0294473
0.6877283099389309,0.05499999827316948,0.4983718040681118,-1.0302083
0.6877283099389309,0.05699999726570966,0.4983718040681118,-1.0308733
0.6877283099389309,0.05899999950553916,0.4983718040681118,-1.0311992
0.6877283099389309,0.06100000174536865,0.4983718040681118,-1.0312699
0.6877283099389309,0.06300000073790883,0.4983718040681118,-1.03116
0.6877283099389309,0.06499999973044901,0.4983718040681118,-1.0310186
0.6877283099389309,0.06699999872298919,0.4983718040681118,-1.0309175
0.6877283099389309,0.06899999771552937,0.4983718040681118,-1.0309559
0.7244983799703617,0.0010000000036590455,0.4998095219271619,-0.95002484
0.7244983799703617,0.003000000010977137,0.4998095219271619,-0.9501215
0.7244983799703617,0.004999999916817437,0.4998095219271619,-0.9549177
0.7244983799703617,0.006999999924135528,0.4998095219271619,-0.9604221
0.7244983799703617,0.008999999931453619,0.4998095219271619,-0.9671163
0.7244983799703617,0.010999999735816128,0.4998095219271619,-0.97364706
0.7244983799703617,0.012999999540178638,0.4998095219271619,-0.98001003
0.7244983799703617,0.014999999750452311,0.4998095219271619,-0.9859063
0.7244983799703617,0.01700000036663715,0.4998095219271619,-0.99125147
0.7244983799703617,0.01900000017099966,0.4998095219271619,-0.9958432
0.7244983799703617,0.020999999975362168,0.4998095219271619,-0.9994413
0.7244983799703617,0.022999999779724677,0.4998095219271619,-1.0015354
0.7244983799703617,0.024999999584087183,0.4998095219271619,-1.002007
0.7244983799703617,0.026999999388449693,0.4998095219271619,-1.0009469
0.7244983799703617,0.02900000000463453,0.4998095219271619,-0.998677
0.7244983799703617,0.031000000620819368,0.4998095219271619,-0.99574083
0.7244983799703617,0.03299999961335955,0.4998095219271619,-0.99272066
0.7244983799703617,0.03500000022954439,0.4998095219271619,-0.99006146
0.7244983799703617,0.03700000084572922,0.4998095219271619,-0.98783827
0.7244983799703617,0.038999999838269406,0.4998095219271619,-0.98608154
0.7244983799703617,0.04100000045445424,0.4998095219271619,-0.984694
0.7244983799703617,0.04300000107063908,0.4998095219271619,-0.98348695
0.7244983799703617,0.04500000006317926,0.4998095219271619,-0.98247963
0.7244983799703617,0.046999999055719444,0.4998095219271619,-0.98166966
0.7244983799703617,0.04899999967190428,0.4998095219271619,-0.9811202
0.7244983799703617,0.05100000028808912,0.4998095219271619,-0.98094165
0.7244983799703617,0.0529999992806293,0.4998095219271619,-0.9811565
0.7244983799703617,0.05499999827316948,0.4998095219271619,-0.98163944
0.7244983799703617,0.05699999726570966,0.4998095219271619,-0.98224807
0.7244983799703617,0.05899999950553916,0.4998095219271619,-0.9827056
0.7244983799703617,0.06100000174536865,0.4998095219271619,-0.9829114
0.7244983799703617,0.06300000073790883,0.4998095219271619,-0.98290724
0.7244983799703617,0.06499999973044901,0.4998095219271619,-0.9827695
0.7244983799703617,0.06699999872298919,0.4998095219271619,-0.9826198
0.7244983799703617,0.06899999771552937,0.4998095219271619,-0.9825226
0.7630019829279875,0.0010000000036590455,0.5002156668959635,-0.8756753
0.7630019829279875,0.003000000010977137,0.5002156668959635,-0.8749985
0.7630019829279875,0.004999999916817437,0.5002156668959635,-0.8782182
0.7630019829279875,0.006999999924135528,0.5002156668959635,-0.88230556
0.7630019829279875,0.008999999931453619,0.5002156668959635,-0.8877106
0.7630019829279875,0.010999999735816128,0.5002156668959635,-0.8931849
0.7630019829279875,0.012999999540178638,0.5002156668959635,-0.89865685
0.7630019829279875,0.014999999750452311,0.5002156668959635,-0.90384114
0.7630019829279875,0.01700000036663715,0.5002156668959635,-0.9085964
0.7630019829279875,0.01900000017099966,0.5002156668959635,-0.9128159
0.7630019829279875,0.020999999975362168,0.5002156668959635,-0.9163554
0.7630019829279875,0.022999999779724677,0.5002156668959635,-0.91886777
0.7630019829279875,0.024999999584087183,0.5002156668959635,-0.92002165
0.7630019829279875,0.026999999388449693,0.5002156668959635,-0.91987884
0.7630019829279875,0.02900000000463453,0.5002156668959635,-0.91858196
0.7630019829279875,0.031000000620819368,0.5002156668959635,-0.9165246
0.7630019829279875,0.03299999961335955,0.5002156668959635,-0.91410726
0.7630019829279875,0.03500000022954439,0.5002156668959635,-0.9118114
0.7630019829279875,0.03700000084572922,0.5002156668959635,-0.90975624
0.7630019829279875,0.038999999838269406,0.5002156668959635,-0.9082703
0.7630019829279875,0.04100000045445424,0.5002156668959635,-0.90688246
0.7630019829279875,0.04300000107063908,0.5002156668959635,-0.90560776
0.7630019829279875,0.04500000006317926,0.5002156668959635,-0.9046368
0.7630019829279875,0.046999999055719444,0.5002156668959635,-0.9036849
0.7630019829279875,0.04899999967190428,0.5002156668959635,-0.9028999
0.7630019829279875,0.05100000028808912,0.5002156668959635,-0.9022713
0.7630019829279875,0.0529999992806293,0.5002156668959635,-0.9019088
0.7630019829279875,0.05499999827316948,0.5002156668959635,-0.9019982
0.7630019829279875,0.05699999726570966,0.5002156668959635,-0.9023568
0.7630019829279875,0.05899999950553916,0.5002156668959635,-0.90287715
0.7630019829279875,0.06100000174536865,0.5002156668959635,-0.9032469
0.7630019829279875,0.06300000073790883,0.5002156668959635,-0.9034416
0.7630019829279875,0.06499999973044901,0.5002156668959635,-0.9034513
0.7630019829279875,0.06699999872298919,0.5002156668959635,-0.90334743
0.7630019829279875,0.06899999771552937,0.5002156668959635,-0.9032299
0.8031573390777806,0.0010000000036590455,0.5000317404293448,-0.7936851
0.8031573390777806,0.003000000010977137,0.5000317404293448,-0.79255784
0.8031573390777806,0.004999999916817437,0.5000317404293448,-0.793949
0.8031573390777806,0.006999999924135528,0.5000317404293448,-0.7965509
0.8031573390777806,0.008999999931453619,0.5000317404293448,-0.8006846
0.8031573390777806,0.010999999735816128,0.5000317404293448,-0.80529016
0.8031573390777806,0.012999999540178638,0.5000317404293448,-0.81019413
0.8031573390777806,0.014999999750452311,0.5000317404293448,-0.81507564
0.8031573390777806,0.01700000036663715,0.5000317404293448,-0.8197878
0.8031573390777806,0.01900000017099966,0.5000317404293448,-0.8242006
0.8031573390777806,0.020999999975362168,0.5000317404293448,-0.8281548
0.8031573390777806,0.022999999779724677,0.5000317404293448,-0.83147883
0.8031573390777806,0.024999999584087183,0.5000317404293448,-0.8337192
0.8031573390777806,0.026999999388449693,0.5000317404293448,-0.8349388
0.8031573390777806,0.02900000000463453,0.5000317404293448,-0.8350716
0.8031573390777806,0.031000000620819368,0.5000317404293448,-0.83422
0.8031573390777806,0.03299999961335955,0.5000317404293448,-0.83268726
0.8031573390777806,0.03500000022954439,0.5000317404293448,-0.8307995
0.8031573390777806,0.03700000084572922,0.5000317404293448,-0.8289979
0.8031573390777806,0.038999999838269406,0.5000317404293448,-0.8273218
0.8031573390777806,0.04100000045445424,0.5000317404293448,-0.8261438
0.8031573390777806,0.04300000107063908,0.5000317404293448,-0.8253767
0.8031573390777806,0.04500000006317926,0.5000317404293448,-0.82452023
0.8031573390777806,0.046999999055719444,0.5000317404293448,-0.8235974
0.8031573390777806,0.04899999967190428,0.5000317404293448,-0.8227249
0.8031573390777806,0.05100000028808912,0.5000317404293448,-0.8218705
0.8031573390777806,0.0529999992806293,0.5000317404293448,-0.82121974
0.8031573390777806,0.05499999827316948,0.5000317404293448,-0.8205957
0.8031573390777806,0.05699999726570966,0.5000317404293448,-0.8203229
0.8031573390777806,0.05899999950553916,0.5000317404293448,-0.8202801
0.8031573390777806,0.06100000174536865,0.5000317404293448,-0.82052934
0.8031573390777806,0.06300000073790883,0.5000317404293448,-0.82092994
0.8031573390777806,0.06499999973044901,0.5000317404293448,-0.82122904
0.8031573390777806,0.06699999872298919,0.5000317404293448,-0.821484
0.8031573390777806,0.06899999771552937,0.5000317404293448,-0.8216255
0.8448917091391576,0.0010000000036590455,0.49958049710658137,-0.75192535
0.8448917091391576,0.003000000010977137,0.49958049710658137,-0.7508716
0.8448917091391576,0.004999999916817437,0.49958049710658137,-0.751352
0.8448917091391576,0.006999999924135528,0.49958049710658137,-0.7531111
0.8448917091391576,0.008999999931453619,0.49958049710658137,-0.7564207
0.8448917091391576,0.010999999735816128,0.49958049710658137,-0.76047075
0.8448917091391576,0.012999999540178638,0.49958049710658137,-0.7650095
0.8448917091391576,0.014999999750452311,0.49958049710658137,-0.7696738
0.8448917091391576,0.01700000036663715,0.49958049710658137,-0.77431935
0.8448917091391576,0.01900000017099966,0.49958049710658137,-0.7787738
0.8448917091391576,0.020999999975362168,0.49958049710658137,-0.78291464
0.8448917091391576,0.022999999779724677,0.49958049710658137,-0.78658736
0.8448917091391576,0.024999999584087183,0.49958049710658137,-0.7894421
0.8448917091391576,0.026999999388449693,0.49958049710658137,-0.79132736
0.8448917091391576,0.02900000000463453,0.49958049710658137,-0.7922122
0.8448917091391576,0.031000000620819368,0.49958049710658137,-0.7920961
0.8448917091391576,0.03299999961335955,0.49958049710658137,-0.7911161
0.8448917091391576,0.03500000022954439,0.49958049710658137,-0.7895686
0.8448917091391576,0.03700000084572922,0.49958049710658137,-0.7877712
0.8448917091391576,0.038999999838269406,0.49958049710658137,-0.78597003
0.8448917091391576,0.04100000045445424,0.49958049710658137,-0.78436667
0.8448917091391576,0.04300000107063908,0.49958049710658137,-0.78309786
0.8448917091391576,0.04500000006317926,0.49958049710658137,-0.7822022
0.8448917091391576,0.046999999055719444,0.49958049710658137,-0.78178746
0.8448917091391576,0.04899999967190428,0.49958049710658137,-0.7811436
0.8448917091391576,0.05100000028808912,0.49958049710658137,-0.78041536
0.8448917091391576,0.0529999992806293,0.49958049710658137,-0.77986425
0.8448917091391576,0.05499999827316948,0.49958049710658137,-0.7792484
0.8448917091391576,0.05699999726570966,0.49958049710658137,-0.77885616
0.8448917091391576,0.05899999950553916,0.49958049710658137,-0.77858096
0.8448917091391576,0.06100000174536865,0.49958049710658137,-0.7786056
0.8448917091391576,0.06300000073790883,0.49958049710658137,-0.7787774
0.8448917091391576,0.06499999973044901,0.49958049710658137,-0.77911645
0.8448917091391576,0.06699999872298919,0.49958049710658137,-0.77943635
0.8448917091391576,0.06899999771552937,0.49958049710658137,-0.7797518
0.8881313926338983,0.0010000000036590455,0.4988537277802929,-0.7132056
0.8881313926338983,0.003000000010977137,0.4988537277802929,-0.712295
0.8881313926338983,0.004999999916817437,0.4988537277802929,-0.712147
0.8881313926338983,0.006999999924135528,0.4988537277802929,-0.71304417
0.8881313926338983,0.008999999931453619,0.4988537277802929,-0.7153494
0.8881313926338983,0.010999999735816128,0.4988537277802929,-0.7185638
0.8881313926338983,0.012999999540178638,0.4988537277802929,-0.7224319
0.8881313926338983,0.014999999750452311,0.4988537277802929,-0.7266512
0.8881313926338983,0.01700000036663715,0.4988537277802929,-0.73100775
0.8881313926338983,0.01900000017099966,0.4988537277802929,-0.7353282
0.8881313926338983,0.020999999975362168,0.4988537277802929,-0.739467
0.8881313926338983,0.022999999779724677,0.4988537277802929,-0.74326116
0.8881313926338983,0.024999999584087183,0.4988537277802929,-0.7465198
0.8881313926338983,0.026999999388449693,0.4988537277802929,-0.7489197
0.8881313926338983,0.02900000000463453,0.4988537277802929,-0.7504572
0.8881313926338983,0.031000000620819368,0.4988537277802929,-0.75106966
0.8881313926338983,0.03299999961335955,0.4988537277802929,-0.75080603
0.8881313926338983,0.03500000022954439,0.4988537277802929,-0.749813
0.8881313926338983,0.03700000084572922,0.4988537277802929,-0.7483496
0.8881313926338983,0.038999999838269406,0.4988537277802929,-0.7466493
0.8881313926338983,0.04100000045445424,0.4988537277802929,-0.74499017
0.8881313926338983,0.04300000107063908,0.4988537277802929,-0.7434301
0.8881313926338983,0.04500000006317926,0.4988537277802929,-0.74211794
0.8881313926338983,0.046999999055719444,0.4988537277802929,-0.74113375
0.8881313926338983,0.04899999967190428,0.4988537277802929,-0.7404817
0.8881313926338983,0.05100000028808912,0.4988537277802929,-0.74004716
0.8881313926338983,0.0529999992806293,0.4988537277802929,-0.7395387
0.8881313926338983,0.05499999827316948,0.4988537277802929,-0.7389436
0.8881313926338983,0.05699999726570966,0.4988537277802929,-0.73851323
0.8881313926338983,0.05899999950553916,0.4988537277802929,-0.73808557
0.8881313926338983,0.06100000174536865,0.4988537277802929,-0.7378329
0.8881313926338983,0.06300000073790883,0.4988537277802929,-0.73774326
0.8881313926338983,0.06499999973044901,0.4988537277802929,-0.7377845
0.8881313926338983,0.06699999872298919,0.4988537277802929,-0.73794585
0.8881313926338983,0.06899999771552937,0.4988537277802929,-0.7381644
0.9327979870088596,0.0010000000036590455,0.4978380016618859,-0.683585
0.9327979870088596,0.003000000010977137,0.4978380016618859,-0.6828321
0.9327979870088596,0.004999999916817437,0.4978380016618859,-0.68242824
0.9327979870088596,0.006999999924135528,0.4978380016618859,-0.6827785
0.9327979870088596,0.008999999931453619,0.4978380016618859,-0.6842767
0.9327979870088596,0.010999999735816128,0.4978380016618859,-0.68667597
0.9327979870088596,0.012999999540178638,0.4978380016618859,-0.68978155
0.9327979870088596,0.014999999750452311,0.4978380016618859,-0.6933464
0.9327979870088596,0.01700000036663715,0.4978380016618859,-0.69718266
0.9327979870088596,0.01900000017099966,0.4978380016618859,-0.7011178
0.9327979870088596,0.020999999975362168,0.4978380016618859,-0.70500714
0.9327979870088596,0.022999999779724677,0.4978380016618859,-0.70871377
0.9327979870088596,0.024999999584087183,0.4978380016618859,-0.7120808
0.9327979870088596,0.026999999388449693,0.4978380016618859,-0.71488756
0.9327979870088596,0.02900000000463453,0.4978380016618859,-0.7169266
0.9327979870088596,0.031000000620819368,0.4978380016618859,-0.71818495
0.9327979870088596,0.03299999961335955,0.4978380016618859,-0.7186269
0.9327979870088596,0.03500000022954439,0.4978380016618859,-0.7183029
0.9327979870088596,0.03700000084572922,0.4978380016618859,-0.71736085
0.9327979870088596,0.038999999838269406,0.4978380016618859,-0.7159962
0.9327979870088596,0.04100000045445424,0.4978380016618859,-0.71443677
0.9327979870088596,0.04300000107063908,0.4978380016618859,-0.7128645
0.9327979870088596,0.04500000006317926,0.4978380016618859,-0.71145004
0.9327979870088596,0.046999999055719444,0.4978380016618859,-0.71015567
0.9327979870088596,0.04899999967190428,0.4978380016618859,-0.70918155
0.9327979870088596,0.05100000028808912,0.4978380016618859,-0.7084374
0.9327979870088596,0.0529999992806293,0.4978380016618859,-0.7080119
0.9327979870088596,0.05499999827316948,0.4978380016618859,-0.70761263
0.9327979870088596,0.05699999726570966,0.4978380016618859,-0.7071349
0.9327979870088596,0.05899999950553916,0.4978380016618859,-0.70678777
0.9327979870088596,0.06100000174536865,0.4978380016618859,-0.7064703
0.9327979870088596,0.06300000073790883,0.4978380016618859,-0.7062712
0.9327979870088596,0.06499999973044901,0.4978380016618859,-0.706159
0.9327979870088596,0.06699999872298919,0.4978380016618859,-0.7062305
0.9327979870088596,0.06899999771552937,0.4978380016618859,-0.70634145
0.9788094267685543,0.0010000000036590455,0.4965205114423148,-0.6578802
0.9788094267685543,0.003000000010977137,0.4965205114423148,-0.6572621
0.9788094267685543,0.004999999916817437,0.4965205114423148,-0.6567792
0.9788094267685543,0.006999999924135528,0.4965205114423148,-0.65682846
0.9788094267685543,0.008999999931453619,0.4965205114423148,-0.6578023
0.9788094267685543,0.010999999735816128,0.4965205114423148,-0.6595695
0.9788094267685543,0.012999999540178638,0.4965205114423148,-0.6620158
0.9788094267685543,0.014999999750452311,0.4965205114423148,-0.66494685
0.9788094267685543,0.01700000036663715,0.4965205114423148,-0.66821903
0.9788094267685543,0.01900000017099966,0.4965205114423148,-0.67167836
0.9788094267685543,0.020999999975362168,0.4965205114423148,-0.6751981
0.9788094267685543,0.022999999779724677,0.4965205114423148,-0.678651
0.9788094267685543,0.024999999584087183,0.4965205114423148,-0.6819057
0.9788094267685543,0.026999999388449693,0.4965205114423148,-0.6848045
0.9788094267685543,0.02900000000463453,0.4965205114423148,-0.6871596
0.9788094267685543,0.031000000620819368,0.4965205114423148,-0.68884194
0.9788094267685543,0.03299999961335955,0.4965205114423148,-0.6898286
0.9788094267685543,0.03500000022954439,0.4965205114423148,-0.6901019
0.9788094267685543,0.03700000084572922,0.4965205114423148,-0.6897224
0.9788094267685543,0.038999999838269406,0.4965205114423148,-0.68881714
0.9788094267685543,0.04100000045445424,0.4965205114423148,-0.6875483
0.9788094267685543,0.04300000107063908,0.4965205114423148,-0.68610567
0.9788094267685543,0.04500000006317926,0.4965205114423148,-0.68463993
0.9788094267685543,0.046999999055719444,0.4965205114423148,-0.6832928
0.9788094267685543,0.04899999967190428,0.4965205114423148,-0.6821015
0.9788094267685543,0.05100000028808912,0.4965205114423148,-0.6810485
0.9788094267685543,0.0529999992806293,0.4965205114423148,-0.680293
0.9788094267685543,0.05499999827316948,0.4965205114423148,-0.6797222
0.9788094267685543,0.05699999726570966,0.4965205114423148,-0.6793893
0.9788094267685543,0.05899999950553916,0.4965205114423148,-0.67903084
0.9788094267685543,0.06100000174536865,0.4965205114423148,-0.678597
0.9788094267685543,0.06300000073790883,0.4965205114423148,-0.6783653
0.9788094267685543,0.06499999973044901,0.4965205114423148,-0.6781448
0.9788094267685543,0.06699999872298919,0.4965205114423148,-0.6780665
0.9788094267685543,0.06899999771552937,0.4965205114423148,-0.67804
1.0260812823908765,0.0010000000036590455,0.4948923985163371,-0.6350149
1.0260812823908765,0.003000000010977137,0.4948923985163371,-0.634491
1.0260812823908765,0.004999999916817437,0.4948923985163371,-0.6340026
1.0260812823908765,0.006999999924135528,0.4948923985163371,-0.6338911
1.0260812823908765,0.008999999931453619,0.4948923985163371,-0.63452816
1.0260812823908765,0.010999999735816128,0.4948923985163371,-0.63585687
1.0260812823908765,0.012999999540178638,0.4948923985163371,-0.6378107
1.0260812823908765,0.014999999750452311,0.4948923985163371,-0.6402245
1.0260812823908765,0.01700000036663715,0.4948923985163371,-0.6429836
1.0260812823908765,0.01900000017099966,0.4948923985163371,-0.6459808
1.0260812823908765,0.020999999975362168,0.4948923985163371,-0.64909685
1.0260812823908765,0.022999999779724677,0.4948923985163371,-0.65222514
1.0260812823908765,0.024999999584087183,0.4948923985163371,-0.6552653
1.0260812823908765,0.026999999388449693,0.4948923985163371,-0.65810806
1.0260812823908765,0.02900000000463453,0.4948923985163371,-0.6606086
1.0260812823908765,0.031000000620819368,0.4948923985163371,-0.66260517
1.0260812823908765,0.03299999961335955,0.4948923985163371,-0.6639882
1.0260812823908765,0.03500000022954439,0.4948923985163371,-0.66476065
1.0260812823908765,0.03700000084572922,0.4948923985163371,-0.66491467
1.0260812823908765,0.038999999838269406,0.4948923985163371,-0.664511
1.0260812823908765,0.04100000045445424,0.4948923985163371,-0.6636559
1.0260812823908765,0.04300000107063908,0.4948923985163371,-0.6624914
1.0260812823908765,0.04500000006317926,0.4948923985163371,-0.6611627
1.0260812823908765,0.046999999055719444,0.4948923985163371,-0.6598164
1.0260812823908765,0.04899999967190428,0.4948923985163371,-0.6585365
1.0260812823908765,0.05100000028808912,0.4948923985163371,-0.65741646
1.0260812823908765,0.0529999992806293,0.4948923985163371,-0.6564164
1.0260812823908765,0.05499999827316948,0.4948923985163371,-0.6555945
1.0260812823908765,0.05699999726570966,0.4948923985163371,-0.6549975
1.0260812823908765,0.05899999950553916,0.4948923985163371,-0.6545581
1.0260812823908765,0.06100000174536865,0.4948923985163371,-0.6542789
1.0260812823908765,0.06300000073790883,0.4948923985163371,-0.653972
1.0260812823908765,0.06499999973044901,0.4948923985163371,-0.6536326
1.0260812823908765,0.06699999872298919,0.4948923985163371,-0.6534656
1.0260812823908765,0.06899999771552937,0.4948923985163371,-0.653337
1.0745278254379953,0.0010000000036590455,0.49294420677747686,-0.6144497
1.0745278254379953,0.003000000010977137,0.49294420677747686,-0.6139988
1.0745278254379953,0.004999999916817437,0.49294420677747686,-0.6135374
1.0745278254379953,0.006999999924135528,0.49294420677747686,-0.61335784
1.0745278254379953,0.008999999931453619,0.49294420677747686,-0.61379564
1.0745278254379953,0.010999999735816128,0.49294420677747686,-0.6148201
1.0745278254379953,0.012999999540178638,0.49294420677747686,-0.61639607
1.0745278254379953,0.014999999750452311,0.49294420677747686,-0.6184062
1.0745278254379953,0.01700000036663715,0.49294420677747686,-0.6207545
1.0745278254379953,0.01900000017099966,0.49294420677747686,-0.6233361
1.0745278254379953,0.020999999975362168,0.49294420677747686,-0.6260669
1.0745278254379953,0.022999999779724677,0.49294420677747686,-0.628858
1.0745278254379953,0.024999999584087183,0.49294420677747686,-0.63162017
1.0745278254379953,0.026999999388449693,0.49294420677747686,-0.6342741
1.0745278254379953,0.02900000000463453,0.49294420677747686,-0.63671964
1.0745278254379953,0.031000000620819368,0.49294420677747686,-0.6388389
1.0745278254379953,0.03299999961335955,0.49294420677747686,-0.6405221
1.0745278254379953,0.03500000022954439,0.49294420677747686,-0.6416606
1.0745278254379953,0.03700000084572922,0.49294420677747686,-0.64225876
1.0745278254379953,0.038999999838269406,0.49294420677747686,-0.64231956
1.0745278254379953,0.04100000045445424,0.49294420677747686,-0.64190274
1.0745278254379953,0.04300000107063908,0.49294420677747686,-0.6411
1.0745278254379953,0.04500000006317926,0.49294420677747686,-0.6400289
1.0745278254379953,0.046999999055719444,0.49294420677747686,-0.638816
1.0745278254379953,0.04899999967190428,0.49294420677747686,-0.6375715
1.0745278254379953,0.05100000028808912,0.49294420677747686,-0.63638604
1.0745278254379953,0.0529999992806293,0.49294420677747686,-0.6353094
1.0745278254379953,0.05499999827316948,0.49294420677747686,-0.6343829
1.0745278254379953,0.05699999726570966,0.49294420677747686,-0.633546
1.0745278254379953,0.05899999950553916,0.49294420677747686,-0.6329032
1.0745278254379953,0.06100000174536865,0.49294420677747686,-0.63241184
1.0745278254379953,0.06300000073790883,0.49294420677747686,-0.63206637
1.0745278254379953,0.06499999973044901,0.49294420677747686,-0.6318118
1.0745278254379953,0.06699999872298919,0.49294420677747686,-0.6315507
1.0745278254379953,0.06899999771552937,0.49294420677747686,-0.63132703
1.1240629118190484,0.0010000000036590455,0.4906664801192583,-0.5950919
1.1240629118190484,0.003000000010977137,0.4906664801192583,-0.5946922
1.1240629118190484,0.004999999916817437,0.4906664801192583,-0.59425646
1.1240629118190484,0.006999999924135528,0.4906664801192583,-0.59403723
1.1240629118190484,0.008999999931453619,0.4906664801192583,-0.59434325
1.1240629118190484,0.010999999735816128,0.4906664801192583,-0.5951554
1.1240629118190484,0.012999999540178638,0.4906664801192583,-0.59645206
1.1240629118190484,0.014999999750452311,0.4906664801192583,-0.5981343
1.1240629118190484,0.01700000036663715,0.4906664801192583,-0.60012573
1.1240629118190484,0.01900000017099966,0.4906664801192583,-0.60234785
1.1240629118190484,0.020999999975362168,0.4906664801192583,-0.60473555
1.1240629118190484,0.022999999779724677,0.4906664801192583,-0.6072155
1.1240629118190484,0.024999999584087183,0.4906664801192583,-0.60970557
1.1240629118190484,0.026999999388449693,0.4906664801192583,-0.6121346
1.1240629118190484,0.02900000000463453,0.4906664801192583,-0.61444145
1.1240629118190484,0.031000000620819368,0.4906664801192583,-0.61653656
1.1240629118190484,0.03299999961335955,0.4906664801192583,-0.618331
1.1240629118190484,0.03500000022954439,0.4906664801192583,-0.6197332
1.1240629118190484,0.03700000084572922,0.4906664801192583,-0.6206751
1.1240629118190484,0.038999999838269406,0.4906664801192583,-0.6211485
1.1240629118190484,0.04100000045445424,0.4906664801192583,-0.62115794
1.1240629118190484,0.04300000107063908,0.4906664801192583,-0.6207519
1.1240629118190484,0.04500000006317926,0.4906664801192583,-0.6200137
1.1240629118190484,0.046999999055719444,0.4906664801192583,-0.61904025
1.1240629118190484,0.04899999967190428,0.4906664801192583,-0.6179387
1.1240629118190484,0.05100000028808912,0.4906664801192583,-0.61680317
1.1240629118190484,0.0529999992806293,0.4906664801192583,-0.6157088
1.1240629118190484,0.05499999827316948,0.4906664801192583,-0.61470395
1.1240629118190484,0.05699999726570966,0.4906664801192583,-0.6138191
1.1240629118190484,0.05899999950553916,0.4906664801192583,-0.61305183
1.1240629118190484,0.06100000174536865,0.4906664801192583,-0.61236763
1.1240629118190484,0.06300000073790883,0.4906664801192583,-0.61185896
1.1240629118190484,0.06499999973044901,0.4906664801192583,-0.61144954
1.1240629118190484,0.06699999872298919,0.4906664801192583,-0.6111725
1.1240629118190484,0.06899999771552937,0.4906664801192583,-0.61093664
1.1746010728793497,0.0010000000036590455,0.48805706234157836,-0.5768801
1.1746010728793497,0.003000000010977137,0.48805706234157836,-0.57651985
1.1746010728793497,0.004999999916817437,0.48805706234157836,-0.5761075
1.1746010728793497,0.006999999924135528,0.48805706234157836,-0.57586426
1.1746010728793497,0.008999999931453619,0.48805706234157836,-0.5760746
1.1746010728793497,0.010999999735816128,0.48805706234157836,-0.57672435
1.1746010728793497,0.012999999540178638,0.48805706234157836,-0.5778058
1.1746010728793497,0.014999999750452311,0.48805706234157836,-0.5792305
1.1746010728793497,0.01700000036663715,0.48805706234157836,-0.58093524
1.1746010728793497,0.01900000017099966,0.48805706234157836,-0.5828525
1.1746010728793497,0.020999999975362168,0.48805706234157836,-0.5849247
1.1746010728793497,0.022999999779724677,0.48805706234157836,-0.5870992
1.1746010728793497,0.024999999584087183,0.48805706234157836,-0.5893239
1.1746010728793497,0.026999999388449693,0.48805706234157836,-0.59153396
1.1746010728793497,0.02900000000463453,0.48805706234157836,-0.59367496
1.1746010728793497,0.031000000620819368,0.48805706234157836,-0.5956787
1.1746010728793497,0.03299999961335955,0.48805706234157836,-0.59746855
1.1746010728793497,0.03500000022954439,0.48805706234157836,-0.5989907
1.1746010728793497,0.03700000084572922,0.48805706234157836,-0.60015327
1.1746010728793497,0.038999999838269406,0.48805706234157836,-0.60093015
1.1746010728793497,0.04100000045445424,0.48805706234157836,-0.6013034
1.1746010728793497,0.04300000107063908,0.48805706234157836,-0.60128284
1.1746010728793497,0.04500000006317926,0.48805706234157836,-0.60090345
1.1746010728793497,0.046999999055719444,0.48805706234157836,-0.6002323
1.1746010728793497,0.04899999967190428,0.48805706234157836,-0.59935397
1.1746010728793497,0.05100000028808912,0.48805706234157836,-0.5983561
1.1746010728793497,0.0529999992806293,0.48805706234157836,-0.597324
1.1746010728793497,0.05499999827316948,0.48805706234157836,-0.5963167
1.1746010728793497,0.05699999726570966,0.48805706234157836,-0.5953848
1.1746010728793497,0.05899999950553916,0.48805706234157836,-0.5945493
1.1746010728793497,0.06100000174536865,0.48805706234157836,-0.5938226
1.1746010728793497,0.06300000073790883,0.48805706234157836,-0.59318525
1.1746010728793497,0.06499999973044901,0.48805706234157836,-0.5926378
1.1746010728793497,0.06699999872298919,0.48805706234157836,-0.59222716
1.1746010728793497,0.06899999771552937,0.48805706234157836,-0.59189826
1.2260581908365673,0.0010000000036590455,0.4851160833360095,-0.5597063
1.2260581908365673,0.003000000010977137,0.4851160833360095,-0.5593792
1.2260581908365673,0.004999999916817437,0.4851160833360095,-0.5589914
1.2260581908365673,0.006999999924135528,0.4851160833360095,-0.558737
1.2260581908365673,0.008999999931453619,0.4851160833360095,-0.55887884
1.2260581908365673,0.010999999735816128,0.4851160833360095,-0.55940735
1.2260581908365673,0.012999999540178638,0.4851160833360095,-0.5603194
1.2260581908365673,0.014999999750452311,0.4851160833360095,-0.5615397
1.2260581908365673,0.01700000036663715,0.4851160833360095,-0.5630116
1.2260581908365673,0.01900000017099966,0.4851160833360095,-0.56467676
1.2260581908365673,0.020999999975362168,0.4851160833360095,-0.5664886
1.2260581908365673,0.022999999779724677,0.4851160833360095,-0.5684007
1.2260581908365673,0.024999999584087183,0.4851160833360095,-0.5703712
1.2260581908365673,0.026999999388449693,0.4851160833360095,-0.57235575
1.2260581908365673,0.02900000000463453,0.4851160833360095,-0.5743024
1.2260581908365673,0.031000000620819368,0.4851160833360095,-0.5761745
1.2260581908365673,0.03299999961335955,0.4851160833360095,-0.57791114
1.2260581908365673,0.03500000022954439,0.4851160833360095,-0.57944477
1.2260581908365673,0.03700000084572922,0.4851160833360095,-0.5807354
1.2260581908365673,0.038999999838269406,0.4851160833360095,-0.5817016
1.2260581908365673,0.04100000045445424,0.4851160833360095,-0.58234
1.2260581908365673,0.04300000107063908,0.4851160833360095,-0.5826318
1.2260581908365673,0.04500000006317926,0.4851160833360095,-0.58258736
1.2260581908365673,0.046999999055719444,0.4851160833360095,-0.58223623
1.2260581908365673,0.04899999967190428,0.4851160833360095,-0.5816296
1.2260581908365673,0.05100000028808912,0.4851160833360095,-0.580838
1.2260581908365673,0.0529999992806293,0.4851160833360095,-0.5799369
1.2260581908365673,0.05499999827316948,0.4851160833360095,-0.57899714
1.2260581908365673,0.05699999726570966,0.4851160833360095,-0.5780749
1.2260581908365673,0.05899999950553916,0.4851160833360095,-0.5772108
1.2260581908365673,0.06100000174536865,0.4851160833360095,-0.57642955
1.2260581908365673,0.06300000073790883,0.4851160833360095,-0.5757391
1.2260581908365673,0.06499999973044901,0.4851160833360095,-0.575139
1.2260581908365673,0.06699999872298919,0.4851160833360095,-0.5746108
1.2260581908365673,0.06899999771552937,0.4851160833360095,-0.5741737
1.2783519663903837,0.0010000000036590455,0.4818430754928908,-0.5433349
1.2783519663903837,0.003000000010977137,0.4818430754928908,-0.5430364
1.2783519663903837,0.004999999916817437,0.4818430754928908,-0.5426721
1.2783519663903837,0.006999999924135528,0.4818430754928908,-0.5424127
1.2783519663903837,0.008999999931453619,0.4818430754928908,-0.5425015
1.2783519663903837,0.010999999735816128,0.4818430754928908,-0.5429325
1.2783519663903837,0.012999999540178638,0.4818430754928908,-0.543707
1.2783519663903837,0.014999999750452311,0.4818430754928908,-0.54475725
1.2783519663903837,0.01700000036663715,0.4818430754928908,-0.54603326
1.2783519663903837,0.01900000017099966,0.4818430754928908,-0.54748374
1.2783519663903837,0.020999999975362168,0.4818430754928908,-0.5490694
1.2783519663903837,0.022999999779724677,0.4818430754928908,-0.55075115
1.2783519663903837,0.024999999584087183,0.4818430754928908,-0.5524958
1.2783519663903837,0.026999999388449693,0.4818430754928908,-0.55426764
1.2783519663903837,0.02900000000463453,0.4818430754928908,-0.55602825
1.2783519663903837,0.031000000620819368,0.4818430754928908,-0.55774343
1.2783519663903837,0.03299999961335955,0.4818430754928908,-0.5593745
1.2783519663903837,0.03500000022954439,0.4818430754928908,-0.5608693
1.2783519663903837,0.03700000084572922,0.4818430754928908,-0.56218356
1.2783519663903837,0.038999999838269406,0.4818430754928908,-0.5632741
1.2783519663903837,0.04100000045445424,0.4818430754928908,-0.56408
1.2783519663903837,0.04300000107063908,0.4818430754928908,-0.5646052
1.2783519663903837,0.04500000006317926,0.4818430754928908,-0.56483245
1.2783519663903837,0.046999999055719444,0.4818430754928908,-0.56477106
1.2783519663903837,0.04899999967190428,0.4818430754928908,-0.56444657
1.2783519663903837,0.05100000028808912,0.4818430754928908,-0.5639005
1.2783519663903837,0.0529999992806293,0.4818430754928908,-0.5631899
1.2783519663903837,0.05499999827316948,0.4818430754928908,-0.5623781
1.2783519663903837,0.05699999726570966,0.4818430754928908,-0.5615266
1.2783519663903837,0.05899999950553916,0.4818430754928908,-0.5606841
1.2783519663903837,0.06100000174536865,0.4818430754928908,-0.5598895
1.2783519663903837,0.06300000073790883,0.4818430754928908,-0.5591634
1.2783519663903837,0.06499999973044901,0.4818430754928908,-0.5585168
1.2783519663903837,0.06699999872298919,0.4818430754928908,-0.55794984
1.2783519663903837,0.06899999771552937,0.4818430754928908,-0.55745465
1.3314024902454147,0.0010000000036590455,0.47824107827501816,-0.52751696
1.3314024902454147,0.003000000010977137,0.47824107827501816,-0.5272439
1.3314024902454147,0.004999999916817437,0.47824107827501816,-0.52690053
1.3314024902454147,0.006999999924135528,0.47824107827501816,-0.52663785
1.3314024902454147,0.008999999931453619,0.47824107827501816,-0.52668285
1.3314024902454147,0.010999999735816128,0.47824107827501816,-0.527031
1.3314024902454147,0.012999999540178638,0.47824107827501816,-0.5276868
1.3314024902454147,0.014999999750452311,0.47824107827501816,-0.52859116
1.3314024902454147,0.01700000036663715,0.47824107827501816,-0.5297004
1.3314024902454147,0.01900000017099966,0.47824107827501816,-0.53096485
1.3314024902454147,0.020999999975362168,0.47824107827501816,-0.53235257
1.3314024902454147,0.022999999779724677,0.47824107827501816,-0.5338314
1.3314024902454147,0.024999999584087183,0.47824107827501816,-0.5353719
1.3314024902454147,0.026999999388449693,0.47824107827501816,-0.53694767
1.3314024902454147,0.02900000000463453,0.47824107827501816,-0.5385301
1.3314024902454147,0.031000000620819368,0.47824107827501816,-0.54008543
1.3314024902454147,0.03299999961335955,0.47824107827501816,-0.5415927
1.3314024902454147,0.03500000022954439,0.47824107827501816,-0.54301137
1.3314024902454147,0.03700000084572922,0.47824107827501816,-0.5442979
1.3314024902454147,0.038999999838269406,0.47824107827501816,-0.5454251
1.3314024902454147,0.04100000045445424,0.47824107827501816,-0.5463424
1.3314024902454147,0.04300000107063908,0.47824107827501816,-0.54702145
1.3314024902454147,0.04500000006317926,0.47824107827501816,-0.5474553
1.3314024902454147,0.046999999055719444,0.47824107827501816,-0.5476326
1.3314024902454147,0.04899999967190428,0.47824107827501816,-0.5475616
1.3314024902454147,0.05100000028808912,0.47824107827501816,-0.5472636
1.3314024902454147,0.0529999992806293,0.47824107827501816,-0.5467737
1.3314024902454147,0.05499999827316948,0.47824107827501816,-0.546138
1.3314024902454147,0.05699999726570966,0.47824107827501816,-0.54540944
1.3314024902454147,0.05899999950553916,0.47824107827501816,-0.54464024
1.3314024902454147,0.06100000174536865,0.47824107827501816,-0.5438739
1.3314024902454147,0.06300000073790883,0.47824107827501816,-0.54314566
1.3314024902454147,0.06499999973044901,0.47824107827501816,-0.5424748
1.3314024902454147,0.06699999872298919,0.47824107827501816,-0.54187346
1.3314024902454147,0.06899999771552937,0.47824107827501816,-0.5413436
1.3851327107208709,0.0010000000036590455,0.47431611865135415,-0.5123619
1.3851327107208709,0.003000000010977137,0.47431611865135415,-0.51211315
1.3851327107208709,0.004999999916817437,0.47431611865135415,-0.51179177
1.3851327107208709,0.006999999924135528,0.47431611865135415,-0.5115317
1.3851327107208709,0.008999999931453619,0.47431611865135415,-0.5115444
1.3851327107208709,0.010999999735816128,0.47431611865135415,-0.5118262
1.3851327107208709,0.012999999540178638,0.47431611865135415,-0.51238614
1.3851327107208709,0.014999999750452311,0.47431611865135415,-0.51316905
1.3851327107208709,0.01700000036663715,0.47431611865135415,-0.5141379
1.3851327107208709,0.01900000017099966,0.47431611865135415,-0.5152472
1.3851327107208709,0.020999999975362168,0.47431611865135415,-0.5164662
1.3851327107208709,0.022999999779724677,0.47431611865135415,-0.5177695
1.3851327107208709,0.024999999584087183,0.47431611865135415,-0.519132
1.3851327107208709,0.026999999388449693,0.47431611865135415,-0.52053195
1.3851327107208709,0.02900000000463453,0.47431611865135415,-0.521947
1.3851327107208709,0.031000000620819368,0.47431611865135415,-0.5233532
1.3851327107208709,0.03299999961335955,0.47431611865135415,-0.5247265
1.3851327107208709,0.03500000022954439,0.47431611865135415,-0.5260462
1.3851327107208709,0.03700000084572922,0.47431611865135415,-0.5272763
1.3851327107208709,0.038999999838269406,0.47431611865135415,-0.528385
1.3851327107208709,0.04100000045445424,0.47431611865135415,-0.52934843
1.3851327107208709,0.04300000107063908,0.47431611865135415,-0.5301206
1.3851327107208709,0.04500000006317926,0.47431611865135415,-0.5306913
1.3851327107208709,0.046999999055719444,0.47431611865135415,-0.53104764
1.3851327107208709,0.04899999967190428,0.47431611865135415,-0.5311831
1.3851327107208709,0.05100000028808912,0.47431611865135415,-0.5311043
1.3851327107208709,0.0529999992806293,0.47431611865135415,-0.53082955
1.3851327107208709,0.05499999827316948,0.47431611865135415,-0.53038824
1.3851327107208709,0.05699999726570966,0.47431611865135415,-0.5298183
1.3851327107208709,0.05899999950553916,0.47431611865135415,-0.52916414
1.3851327107208709,0.06100000174536865,0.47431611865135415,-0.52846926
1.3851327107208709,0.06300000073790883,0.47431611865135415,-0.52777225
1.3851327107208709,0.06499999973044901,0.47431611865135415,-0.52710503
1.3851327107208709,0.06699999872298919,0.47431611865135415,-0.5264857
1.3851327107208709,0.06899999771552937,0.47431611865135415,-0.5259258
1.439468537663815,0.0010000000036590455,0.4700731065233382,-0.4977056
1.439468537663815,0.003000000010977137,0.4700731065233382,-0.49747822
1.439468537663815,0.004999999916817437,0.4700731065233382,-0.49717793
1.439468537663815,0.006999999924135528,0.4700731065233382,-0.4969235
1.439468537663815,0.008999999931453619,0.4700731065233382,-0.49691144
1.439468537663815,0.010999999735816128,0.4700731065233382,-0.4971397
1.439468537663815,0.012999999540178638,0.4700731065233382,-0.49761912
1.439468537663815,0.014999999750452311,0.4700731065233382,-0.49830085
1.439468537663815,0.01700000036663715,0.4700731065233382,-0.49915037
1.439468537663815,0.01900000017099966,0.4700731065233382,-0.5001278
1.439468537663815,0.020999999975362168,0.4700731065233382,-0.501203
1.439468537663815,0.022999999779724677,0.4700731065233382,-0.5023536
1.439468537663815,0.024999999584087183,0.4700731065233382,-0.5035614
1.439468537663815,0.026999999388449693,0.4700731065233382,-0.5048051
1.439468537663815,0.02900000000463453,0.4700731065233382,-0.5060688
1.439468537663815,0.031000000620819368,0.4700731065233382,-0.5073337
1.439468537663815,0.03299999961335955,0.4700731065233382,-0.508579
1.439468537663815,0.03500000022954439,0.4700731065233382,-0.5097902
1.439468537663815,0.03700000084572922,0.4700731065233382,-0.51094264
1.439468537663815,0.038999999838269406,0.4700731065233382,-0.51200664
1.439468537663815,0.04100000045445424,0.4700731065233382,-0.51296216
1.439468537663815,0.04300000107063908,0.4700731065233382,-0.5137821
1.439468537663815,0.04500000006317926,0.4700731065233382,-0.5144329
1.439468537663815,0.046999999055719444,0.4700731065233382,-0.5149101
1.439468537663815,0.04899999967190428,0.4700731065233382,-0.51520073
1.439468537663815,0.05100000028808912,0.4700731065233382,-0.51530135
1.439468537663815,0.0529999992806293,0.4700731065233382,-0.5152165
1.439468537663815,0.05499999827316948,0.4700731065233382,-0.51496255
1.439468537663815,0.05699999726570966,0.4700731065233382,-0.51456434
1.439468537663815,0.05899999950553916,0.4700731065233382,-0.51405305
1.439468537663815,0.06100000174536865,0.4700731065233382,-0.5134662
1.439468537663815,0.06300000073790883,0.4700731065233382,-0.51283985
1.439468537663815,0.06499999973044901,0.4700731065233382,-0.5122078
1.439468537663815,0.06699999872298919,0.4700731065233382,-0.51159877
1.439468537663815,0.06899999771552937,0.4700731065233382,-0.5110295
1.4943391022323065,0.0010000000036590455,0.46551801690330397,-0.48340952
1.4943391022323065,0.003000000010977137,0.46551801690330397,-0.48320064
1.4943391022323065,0.004999999916817437,0.46551801690330397,-0.48291904
1.4943391022323065,0.006999999924135528,0.46551801690330397,-0.48267075
1.4943391022323065,0.008999999931453619,0.46551801690330397,-0.48263848
1.4943391022323065,0.010999999735816128,0.46551801690330397,-0.48282167
1.4943391022323065,0.012999999540178638,0.46551801690330397,-0.48323232
1.4943391022323065,0.014999999750452311,0.46551801690330397,-0.483826
1.4943391022323065,0.01700000036663715,0.46551801690330397,-0.48457262
1.4943391022323065,0.01900000017099966,0.46551801690330397,-0.48543578
1.4943391022323065,0.020999999975362168,0.46551801690330397,-0.48638752
1.4943391022323065,0.022999999779724677,0.46551801690330397,-0.48740634
1.4943391022323065,0.024999999584087183,0.46551801690330397,-0.48847747
1.4943391022323065,0.026999999388449693,0.46551801690330397,-0.48958412
1.4943391022323065,0.02900000000463453,0.46551801690330397,-0.49071193
1.4943391022323065,0.031000000620819368,0.46551801690330397,-0.4918465
1.4943391022323065,0.03299999961335955,0.46551801690330397,-0.4929725
1.4943391022323065,0.03500000022954439,0.46551801690330397,-0.49407387
1.4943391022323065,0.03700000084572922,0.46551801690330397,-0.49513847
1.4943391022323065,0.038999999838269406,0.46551801690330397,-0.49614227
1.4943391022323065,0.04100000045445424,0.46551801690330397,-0.4970624
1.4943391022323065,0.04300000107063908,0.46551801690330397,-0.49788383
1.4943391022323065,0.04500000006317926,0.46551801690330397,-0.4985776
1.4943391022323065,0.046999999055719444,0.46551801690330397,-0.49912727
1.4943391022323065,0.04899999967190428,0.46551801690330397,-0.49952373
1.4943391022323065,0.05100000028808912,0.46551801690330397,-0.49975875
1.4943391022323065,0.0529999992806293,0.46551801690330397,-0.49983016
1.4943391022323065,0.05499999827316948,0.46551801690330397,-0.49974117
1.4943391022323065,0.05699999726570966,0.46551801690330397,-0.49950644
1.4943391022323065,0.05899999950553916,0.46551801690330397,-0.49914673
1.4943391022323065,0.06100000174536865,0.46551801690330397,-0.49868816
1.4943391022323065,0.06300000073790883,0.46551801690330397,-0.49816212
1.4943391022323065,0.06499999973044901,0.46551801690330397,-0.49759895
1.4943391022323065,0.06699999872298919,0.46551801690330397,-0.49702772
1.4943391022323065,0.06899999771552937,0.46551801690330397,-0.4964739
1.549676860808661,0.0010000000036590455,0.4606586952422287,-0.46946517
1.549676860808661,0.003000000010977137,0.4606586952422287,-0.46927297
1.549676860808661,0.004999999916817437,0.4606586952422287,-0.46900895
1.549676860808661,0.006999999924135528,0.4606586952422287,-0.4687678
1.549676860808661,0.008999999931453619,0.4606586952422287,-0.4687205
1.549676860808661,0.010999999735816128,0.4606586952422287,-0.46886662
1.549676860808661,0.012999999540178638,0.4606586952422287,-0.46921936
1.549676860808661,0.014999999750452311,0.4606586952422287,-0.4697387
1.549676860808661,0.01700000036663715,0.4606586952422287,-0.47039798
1.549676860808661,0.01900000017099966,0.4606586952422287,-0.47116244
1.549676860808661,0.020999999975362168,0.4606586952422287,-0.4720088
1.549676860808661,0.022999999779724677,0.4606586952422287,-0.47291517
1.549676860808661,0.024999999584087183,0.4606586952422287,-0.47386757
1.549676860808661,0.026999999388449693,0.4606586952422287,-0.47485462
1.549676860808661,0.02900000000463453,0.4606586952422287,-0.47586244
1.549676860808661,0.031000000620819368,0.4606586952422287,-0.4768803
1.549676860808661,0.03299999961335955,0.4606586952422287,-0.47789565
1.549676860808661,0.03500000022954439,0.4606586952422287,-0.4788955
1.549676860808661,0.03700000084572922,0.4606586952422287,-0.4798696
1.549676860808661,0.038999999838269406,0.4606586952422287,-0.48080307
1.549676860808661,0.04100000045445424,0.4606586952422287,-0.48167497
1.549676860808661,0.04300000107063908,0.4606586952422287,-0.4824711
1.549676860808661,0.04500000006317926,0.4606586952422287,-0.48317477
1.549676860808661,0.046999999055719444,0.4606586952422287,-0.48376113
1.549676860808661,0.04899999967190428,0.4606586952422287,-0.4842235
1.549676860808661,0.05100000028808912,0.4606586952422287,-0.48455068
1.549676860808661,0.0529999992806293,0.4606586952422287,-0.4847379
1.549676860808661,0.05499999827316948,0.4606586952422287,-0.48478422
1.549676860808661,0.05699999726570966,0.4606586952422287,-0.4846921
1.549676860808661,0.05899999950553916,0.4606586952422287,-0.48447463
1.549676860808661,0.06100000174536865,0.4606586952422287,-0.48414883
1.549676860808661,0.06300000073790883,0.4606586952422287,-0.4837371
1.549676860808661,0.06499999973044901,0.4606586952422287,-0.48326564
1.549676860808661,0.06699999872298919,0.4606586952422287,-0.48276013
1.549676860808661,0.06899999771552937,0.4606586952422287,-0.48224536
1.605418478262142,0.0010000000036590455,0.4555037403622099,-0.4557882
1.605418478262142,0.003000000010977137,0.4555037403622099,-0.455611
1.605418478262142,0.004999999916817437,0.4555037403622099,-0.455363
1.605418478262142,0.006999999924135528,0.4555037403622099,-0.45512906
1.605418478262142,0.008999999931453619,0.4555037403622099,-0.45506957
1.605418478262142,0.010999999735816128,0.4555037403622099,-0.45518407
1.605418478262142,0.012999999540178638,0.4555037403622099,-0.4554872
1.605418478262142,0.014999999750452311,0.4555037403622099,-0.45594272
1.605418478262142,0.01700000036663715,0.4555037403622099,-0.4565266
1.605418478262142,0.01900000017099966,0.4555037403622099,-0.45720723
1.605418478262142,0.020999999975362168,0.4555037403622099,-0.45796236
1.605418478262142,0.022999999779724677,0.4555037403622099,-0.45877227
1.605418478262142,0.024999999584087183,0.4555037403622099,-0.45962325
1.605418478262142,0.026999999388449693,0.4555037403622099,-0.46050537
1.605418478262142,0.02900000000463453,0.4555037403622099,-0.4614088
1.605418478262142,0.031000000620819368,0.4555037403622099,-0.462323
1.605418478262142,0.03299999961335955,0.4555037403622099,-0.46323866
1.605418478262142,0.03500000022954439,0.4555037403622099,-0.46414548
1.605418478262142,0.03700000084572922,0.4555037403622099,-0.46503296
1.605418478262142,0.038999999838269406,0.4555037403622099,-0.46589333
1.605418478262142,0.04100000045445424,0.4555037403622099,-0.46671042
1.605418478262142,0.04300000107063908,0.4555037403622099,-0.46746787
1.605418478262142,0.04500000006317926,0.4555037403622099,-0.4681556
1.605418478262142,0.046999999055719444,0.4555037403622099,-0.46875608
1.605418478262142,0.04899999967190428,0.4555037403622099,-0.4692519
1.605418478262142,0.05100000028808912,0.4555037403622099,-0.4696387
1.605418478262142,0.0529999992806293,0.4555037403622099,-0.46990657
1.605418478262142,0.05499999827316948,0.4555037403622099,-0.4700525
1.605418478262142,0.05699999726570966,0.4555037403622099,-0.47007775
1.605418478262142,0.05899999950553916,0.4555037403622099,-0.46998394
1.605418478262142,0.06100000174536865,0.4555037403622099,-0.46978182
1.605418478262142,0.06300000073790883,0.4555037403622099,-0.46948618
1.605418478262142,0.06499999973044901,0.4555037403622099,-0.469116
1.605418478262142,0.06699999872298919,0.4555037403622099,-0.46869332
1.605418478262142,0.06899999771552937,0.4555037403622099,-0.46824002
1.6615079973033282,0.0010000000036590455,0.4500620628251191,-0.4423801
1.6615079973033282,0.003000000010977137,0.4500620628251191,-0.4422164
1.6615079973033282,0.004999999916817437,0.4500620628251191,-0.44198337
1.6615079973033282,0.006999999924135528,0.4500620628251191,-0.44175723
1.6615079973033282,0.008999999931453619,0.4500620628251191,-0.44168803
1.6615079973033282,0.010999999735816128,0.4500620628251191,-0.4417759
1.6615079973033282,0.012999999540178638,0.4500620628251191,-0.44203687
1.6615079973033282,0.014999999750452311,0.4500620628251191,-0.44243792
1.6615079973033282,0.01700000036663715,0.4500620628251191,-0.4429572
1.6615079973033282,0.01900000017099966,0.4500620628251191,-0.44356555
1.6615079973033282,0.020999999975362168,0.4500620628251191,-0.4442426
1.6615079973033282,0.022999999779724677,0.4500620628251191,-0.44496968
1.6615079973033282,0.024999999584087183,0.4500620628251191,-0.44573414
1.6615079973033282,0.026999999388449693,0.4500620628251191,-0.44652566
1.6615079973033282,0.02900000000463453,0.4500620628251191,-0.44733718
1.6615079973033282,0.031000000620819368,0.4500620628251191,-0.44816044
1.6615079973033282,0.03299999961335955,0.4500620628251191,-0.44898713
1.6615079973033282,0.03500000022954439,0.4500620628251191,-0.449809
1.6615079973033282,0.03700000084572922,0.4500620628251191,-0.4506173
1.6615079973033282,0.038999999838269406,0.4500620628251191,-0.45140556
1.6615079973033282,0.04100000045445424,0.4500620628251191,-0.45216346
1.6615079973033282,0.04300000107063908,0.4500620628251191,-0.45287684
1.6615079973033282,0.04500000006317926,0.4500620628251191,-0.45353538
1.6615079973033282,0.046999999055719444,0.4500620628251191,-0.45412794
1.6615079973033282,0.04899999967190428,0.4500620628251191,-0.45463783
1.6615079973033282,0.05100000028808912,0.4500620628251191,-0.45505705
1.6615079973033282,0.0529999992806293,0.4500620628251191,-0.45537835
1.6615079973033282,0.05499999827316948,0.4500620628251191,-0.45559588
1.6615079973033282,0.05699999726570966,0.4500620628251191,-0.4557071
1.6615079973033282,0.05899999950553916,0.4500620628251191,-0.45571423
1.6615079973033282,0.06100000174536865,0.4500620628251191,-0.4556192
1.6615079973033282,0.06300000073790883,0.4500620628251191,-0.45543045
1.6615079973033282,0.06499999973044901,0.4500620628251191,-0.45516142
1.6615079973033282,0.06699999872298919,0.4500620628251191,-0.45482838
1.6615079973033282,0.06899999771552937,0.4500620628251191,-0.45444933
1.717893980869522,0.0010000000036590455,0.4443428069976583,-0.42917874
1.717893980869522,0.003000000010977137,0.4443428069976583,-0.42902732
1.717893980869522,0.004999999916817437,0.4443428069976583,-0.42880785
1.717893980869522,0.006999999924135528,0.4443428069976583,-0.428589
1.717893980869522,0.008999999931453619,0.4443428069976583,-0.4285112
1.717893980869522,0.010999999735816128,0.4443428069976583,-0.42857626
1.717893980869522,0.012999999540178638,0.4443428069976583,-0.42880064
1.717893980869522,0.014999999750452311,0.4443428069976583,-0.4291539
1.717893980869522,0.01700000036663715,0.4443428069976583,-0.42961693
1.717893980869522,0.01900000017099966,0.4443428069976583,-0.43016252
1.717893980869522,0.020999999975362168,0.4443428069976583,-0.43077135
1.717893980869522,0.022999999779724677,0.4443428069976583,-0.43142658
1.717893980869522,0.024999999584087183,0.4443428069976583,-0.43211555
1.717893980869522,0.026999999388449693,0.4443428069976583,-0.43282926
1.717893980869522,0.02900000000463453,0.4443428069976583,-0.43356082
1.717893980869522,0.031000000620819368,0.4443428069976583,-0.4343035
1.717893980869522,0.03299999961335955,0.4443428069976583,-0.43505138
1.717893980869522,0.03500000022954439,0.4443428069976583,-0.43579704
1.717893980869522,0.03700000084572922,0.4443428069976583,-0.43653357
1.717893980869522,0.038999999838269406,0.4443428069976583,-0.43725398
1.717893980869522,0.04100000045445424,0.4443428069976583,-0.43795314
1.717893980869522,0.04300000107063908,0.4443428069976583,-0.43861985
1.717893980869522,0.04500000006317926,0.4443428069976583,-0.4392426
1.717893980869522,0.046999999055719444,0.4443428069976583,-0.4398143
1.717893980869522,0.04899999967190428,0.4443428069976583,-0.44032332
1.717893980869522,0.05100000028808912,0.4443428069976583,-0.440756
1.717893980869522,0.0529999992806293,0.4443428069976583,-0.44110897
1.717893980869522,0.05499999827316948,0.4443428069976583,-0.44137478
1.717893980869522,0.05699999726570966,0.4443428069976583,-0.4415496
1.717893980869522,0.05899999950553916,0.4443428069976583,-0.44163156
1.717893980869522,0.06100000174536865,0.4443428069976583,-0.44162315
1.717893980869522,0.06300000073790883,0.4443428069976583,-0.4415275
1.717893980869522,0.06499999973044901,0.4443428069976583,-0.44135115
1.717893980869522,0.06699999872298919,0.4443428069976583,-0.44110602
1.717893980869522,0.06899999771552937,0.4443428069976583,-0.4408059
1.7745246282016216,0.0010000000036590455,0.4383561693682664,-0.41618314
1.7745246282016216,0.003000000010977137,0.4383561693682664,-0.41604316
1.7745246282016216,0.004999999916817437,0.4383561693682664,-0.41583642
1.7745246282016216,0.006999999924135528,0.4383561693682664,-0.4156245
1.7745246282016216,0.008999999931453619,0.4383561693682664,-0.4155399
1.7745246282016216,0.010999999735816128,0.4383561693682664,-0.41558546
1.7745246282016216,0.012999999540178638,0.4383561693682664,-0.4157776
1.7745246282016216,0.014999999750452311,0.4383561693682664,-0.41608894
1.7745246282016216,0.01700000036663715,0.4383561693682664,-0.41650248
1.7745246282016216,0.01900000017099966,0.4383561693682664,-0.416993
1.7745246282016216,0.020999999975362168,0.4383561693682664,-0.41754255
1.7745246282016216,0.022999999779724677,0.4383561693682664,-0.41813508
1.7745246282016216,0.024999999584087183,0.4383561693682664,-0.41875878
1.7745246282016216,0.026999999388449693,0.4383561693682664,-0.41940472
1.7745246282016216,0.02900000000463453,0.4383561693682664,-0.42006677
1.7745246282016216,0.031000000620819368,0.4383561693682664,-0.42073914
1.7745246282016216,0.03299999961335955,0.4383561693682664,-0.4214166
1.7745246282016216,0.03500000022954439,0.4383561693682664,-0.4220943
1.7745246282016216,0.03700000084572922,0.4383561693682664,-0.4227654
1.7745246282016216,0.038999999838269406,0.4383561693682664,-0.42342433
1.7745246282016216,0.04100000045445424,0.4383561693682664,-0.42406675
1.7745246282016216,0.04300000107063908,0.4383561693682664,-0.4246854
1.7745246282016216,0.04500000006317926,0.4383561693682664,-0.42527014
1.7745246282016216,0.046999999055719444,0.4383561693682664,-0.42581412
1.7745246282016216,0.04899999967190428,0.4383561693682664,-0.42630917
1.7745246282016216,0.05100000028808912,0.4383561693682664,-0.42674437
1.7745246282016216,0.0529999992806293,0.4383561693682664,-0.42711222
1.7745246282016216,0.05499999827316948,0.4383561693682664,-0.42740807
1.7745246282016216,0.05699999726570966,0.4383561693682664,-0.42762655
1.7745246282016216,0.05899999950553916,0.4383561693682664,-0.42776492
1.7745246282016216,0.06100000174536865,0.4383561693682664,-0.4278222
1.7745246282016216,0.06300000073790883,0.4383561693682664,-0.4278009
1.7745246282016216,0.06499999973044901,0.4383561693682664,-0.427705
1.7745246282016216,0.06699999872298919,0.4383561693682664,-0.42753989
1.7745246282016216,0.06899999771552937,0.4383561693682664,-0.42731604
1.8313476189742361,0.0010000000036590455,0.43211280104588595,-0.40338624
1.8313476189742361,0.003000000010977137,0.43211280104588595,-0.4032567
1.8313476189742361,0.004999999916817437,0.43211280104588595,-0.40306178
1.8313476189742361,0.006999999924135528,0.43211280104588595,-0.40285695
1.8313476189742361,0.008999999931453619,0.43211280104588595,-0.40276718
1.8313476189742361,0.010999999735816128,0.43211280104588595,-0.4027959
1.8313476189742361,0.012999999540178638,0.43211280104588595,-0.4029599
1.8313476189742361,0.014999999750452311,0.43211280104588595,-0.40323448
1.8313476189742361,0.01700000036663715,0.43211280104588595,-0.4036049
1.8313476189742361,0.01900000017099966,0.43211280104588595,-0.40404725
1.8313476189742361,0.020999999975362168,0.43211280104588595,-0.4045452
1.8313476189742361,0.022999999779724677,0.43211280104588595,-0.405083
1.8313476189742361,0.024999999584087183,0.43211280104588595,-0.4056501
1.8313476189742361,0.026999999388449693,0.43211280104588595,-0.4062373
1.8313476189742361,0.02900000000463453,0.43211280104588595,-0.40683863
1.8313476189742361,0.031000000620819368,0.43211280104588595,-0.4074498
1.8313476189742361,0.03299999961335955,0.43211280104588595,-0.40806562
1.8313476189742361,0.03500000022954439,0.43211280104588595,-0.4086821
1.8313476189742361,0.03700000084572922,0.43211280104588595,-0.40929475
1.8313476189742361,0.038999999838269406,0.43211280104588595,-0.40989792
1.8313476189742361,0.04100000045445424,0.43211280104588595,-0.41048726
1.8313476189742361,0.04300000107063908,0.43211280104588595,-0.41105917
1.8313476189742361,0.04500000006317926,0.43211280104588595,-0.4116056
1.8313476189742361,0.046999999055719444,0.43211280104588595,-0.41211835
1.8313476189742361,0.04899999967190428,0.43211280104588595,-0.41259262
1.8313476189742361,0.05100000028808912,0.43211280104588595,-0.41302043
1.8313476189742361,0.0529999992806293,0.43211280104588595,-0.41339153
1.8313476189742361,0.05499999827316948,0.43211280104588595,-0.41370314
1.8313476189742361,0.05699999726570966,0.43211280104588595,-0.41394955
1.8313476189742361,0.05899999950553916,0.43211280104588595,-0.41412747
1.8313476189742361,0.06100000174536865,0.43211280104588595,-0.41423488
1.8313476189742361,0.06300000073790883,0.43211280104588595,-0.41427138
1.8313476189742361,0.06499999973044901,0.43211280104588595,-0.41423947
1.8313476189742361,0.06699999872298919,0.43211280104588595,-0.4141439
1.8313476189742361,0.06899999771552937,0.43211280104588595,-0.41398928
1.8883097495992813,0.0010000000036590455,0.4256241974346807,-0.39073852
1.8883097495992813,0.003000000010977137,0.4256241974346807,-0.39061835
1.8883097495992813,0.004999999916817437,0.4256241974346807,-0.39043403
1.8883097495992813,0.006999999924135528,0.4256241974346807,-0.3902357
1.8883097495992813,0.008999999931453619,0.4256241974346807,-0.39014128
1.8883097495992813,0.010999999735816128,0.4256241974346807,-0.39015472
1.8883097495992813,0.012999999540178638,0.4256241974346807,-0.39029327
1.8883097495992813,0.014999999750452311,0.4256241974346807,-0.39053518
1.8883097495992813,0.01700000036663715,0.4256241974346807,-0.39086688
1.8883097495992813,0.01900000017099966,0.4256241974346807,-0.39126638
1.8883097495992813,0.020999999975362168,0.4256241974346807,-0.39171824
1.8883097495992813,0.022999999779724677,0.4256241974346807,-0.39220768
1.8883097495992813,0.024999999584087183,0.4256241974346807,-0.3927244
1.8883097495992813,0.026999999388449693,0.4256241974346807,-0.39325967
1.8883097495992813,0.02900000000463453,0.4256241974346807,-0.39380792
1.8883097495992813,0.031000000620819368,0.4256241974346807,-0.39436492
1.8883097495992813,0.03299999961335955,0.4256241974346807,-0.39492652
1.8883097495992813,0.03500000022954439,0.4256241974346807,-0.39548868
1.8883097495992813,0.03700000084572922,0.4256241974346807,-0.3960483
1.8883097495992813,0.038999999838269406,0.4256241974346807,-0.39660108
1.8883097495992813,0.04100000045445424,0.4256241974346807,-0.39714232
1.8883097495992813,0.04300000107063908,0.4256241974346807,-0.3976699
1.8883097495992813,0.04500000006317926,0.4256241974346807,-0.39817795
1.8883097495992813,0.046999999055719444,0.4256241974346807,-0.39865917
1.8883097495992813,0.04899999967190428,0.4256241974346807,-0.39910913
1.8883097495992813,0.05100000028808912,0.4256241974346807,-0.3995219
1.8883097495992813,0.0529999992806293,0.4256241974346807,-0.39988995
1.8883097495992813,0.05499999827316948,0.4256241974346807,-0.40020677
1.8883097495992813,0.05699999726570966,0.4256241974346807,-0.40046966
1.8883097495992813,0.05899999950553916,0.4256241974346807,-0.40067405
1.8883097495992813,0.06100000174536865,0.4256241974346807,-0.40081766
1.8883097495992813,0.06300000073790883,0.4256241974346807,-0.40089917
1.8883097495992813,0.06499999973044901,0.4256241974346807,-0.40091866
1.8883097495992813,0.06699999872298919,0.4256241974346807,-0.40087888
1.8883097495992813,0.06899999771552937,0.4256241974346807,-0.40078467
1.9453571930091251,0.0010000000036590455,0.4189029839954948,-0.37827355
1.9453571930091251,0.003000000010977137,0.4189029839954948,-0.37816203
1.9453571930091251,0.004999999916817437,0.4189029839954948,-0.37798774
1.9453571930091251,0.006999999924135528,0.4189029839954948,-0.37779614
1.9453571930091251,0.008999999931453619,0.4189029839954948,-0.37769848
1.9453571930091251,0.010999999735816128,0.4189029839954948,-0.37769893
1.9453571930091251,0.012999999540178638,0.4189029839954948,-0.37781578
1.9453571930091251,0.014999999750452311,0.4189029839954948,-0.37802908
1.9453571930091251,0.01700000036663715,0.4189029839954948,-0.37832662
1.9453571930091251,0.01900000017099966,0.4189029839954948,-0.3786882
1.9453571930091251,0.020999999975362168,0.4189029839954948,-0.37909928
1.9453571930091251,0.022999999779724677,0.4189029839954948,-0.37954608
1.9453571930091251,0.024999999584087183,0.4189029839954948,-0.38001844
1.9453571930091251,0.026999999388449693,0.4189029839954948,-0.38050857
1.9453571930091251,0.02900000000463453,0.4189029839954948,-0.38101032
1.9453571930091251,0.031000000620819368,0.4189029839954948,-0.38151947
1.9453571930091251,0.03299999961335955,0.4189029839954948,-0.38203314
1.9453571930091251,0.03500000022954439,0.4189029839954948,-0.38254786
1.9453571930091251,0.03700000084572922,0.4189029839954948,-0.38306016
1.9453571930091251,0.038999999838269406,0.4189029839954948,-0.38356704
1.9453571930091251,0.04100000045445424,0.4189029839954948,-0.38406497
1.9453571930091251,0.04300000107063908,0.4189029839954948,-0.38455078
1.9453571930091251,0.04500000006317926,0.4189029839954948,-0.38502187
1.9453571930091251,0.046999999055719444,0.4189029839954948,-0.38547215
1.9453571930091251,0.04899999967190428,0.4189029839954948,-0.38589582
1.9453571930091251,0.05100000028808912,0.4189029839954948,-0.38628966
1.9453571930091251,0.0529999992806293,0.4189029839954948,-0.3866481
1.9453571930091251,0.05499999827316948,0.4189029839954948,-0.3869635
1.9453571930091251,0.05699999726570966,0.4189029839954948,-0.38723361
1.9453571930091251,0.05899999950553916,0.4189029839954948,-0.38745427
1.9453571930091251,0.06100000174536865,0.4189029839954948,-0.3876228
1.9453571930091251,0.06300000073790883,0.4189029839954948,-0.3877374
1.9453571930091251,0.06499999973044901,0.4189029839954948,-0.38779712
1.9453571930091251,0.06699999872298919,0.4189029839954948,-0.38780278
1.9453571930091251,0.06899999771552937,0.4189029839954948,-0.3877571
2.002436018222878,0.0010000000036590455,0.4119618901024304,-0.36597753
2.002436018222878,0.003000000010977137,0.4119618901024304,-0.3658742
2.002436018222878,0.004999999916817437,0.4119618901024304,-0.36570933
2.002436018222878,0.006999999924135528,0.4119618901024304,-0.36552435
2.002436018222878,0.008999999931453619,0.4119618901024304,-0.36542428
2.002436018222878,0.010999999735816128,0.4119618901024304,-0.36541384
2.002436018222878,0.012999999540178638,0.4119618901024304,-0.36551163
2.002436018222878,0.014999999750452311,0.4119618901024304,-0.3656994
2.002436018222878,0.01700000036663715,0.4119618901024304,-0.36596662
2.002436018222878,0.01900000017099966,0.4119618901024304,-0.3662945
2.002436018222878,0.020999999975362168,0.4119618901024304,-0.36666963
2.002436018222878,0.022999999779724677,0.4119618901024304,-0.36707878
2.002436018222878,0.024999999584087183,0.4119618901024304,-0.36751232
2.002436018222878,0.026999999388449693,0.4119618901024304,-0.36796254
2.002436018222878,0.02900000000463453,0.4119618901024304,-0.36842358
2.002436018222878,0.031000000620819368,0.4119618901024304,-0.3688914
2.002436018222878,0.03299999961335955,0.4119618901024304,-0.369363
2.002436018222878,0.03500000022954439,0.4119618901024304,-0.3698355
2.002436018222878,0.03700000084572922,0.4119618901024304,-0.3703062
2.002436018222878,0.038999999838269406,0.4119618901024304,-0.37077242
2.002436018222878,0.04100000045445424,0.4119618901024304,-0.37123093
2.002436018222878,0.04300000107063908,0.4119618901024304,-0.37167907
2.002436018222878,0.04500000006317926,0.4119618901024304,-0.37211543
2.002436018222878,0.046999999055719444,0.4119618901024304,-0.3725354
2.002436018222878,0.04899999967190428,0.4119618901024304,-0.37293342
2.002436018222878,0.05100000028808912,0.4119618901024304,-0.37330675
2.002436018222878,0.0529999992806293,0.4119618901024304,-0.37365112
2.002436018222878,0.05499999827316948,0.4119618901024304,-0.3739611
2.002436018222878,0.05699999726570966,0.4119618901024304,-0.3742316
2.002436018222878,0.05899999950553916,0.4119618901024304,-0.3744609
2.002436018222878,0.06100000174536865,0.4119618901024304,-0.37464535
2.002436018222878,0.06300000073790883,0.4119618901024304,-0.3747831
2.002436018222878,0.06499999973044901,0.4119618901024304,-0.37487283
2.002436018222878,0.06699999872298919,0.4119618901024304,-0.37491432
2.002436018222878,0.06899999771552937,0.4119618901024304,-0.3749089
2.059492190346392,0.0010000000036590455,0.4048136451295895,-0.3538446
2.059492190346392,0.003000000010977137,0.4048136451295895,-0.35374877
2.059492190346392,0.004999999916817437,0.4048136451295895,-0.353593
2.059492190346392,0.006999999924135528,0.4048136451295895,-0.35341457
2.059492190346392,0.008999999931453619,0.4048136451295895,-0.3533128
2.059492190346392,0.010999999735816128,0.4048136451295895,-0.35329318
2.059492190346392,0.012999999540178638,0.4048136451295895,-0.35337403
2.059492190346392,0.014999999750452311,0.4048136451295895,-0.35353908
2.059492190346392,0.01700000036663715,0.4048136451295895,-0.3537793
2.059492190346392,0.01900000017099966,0.4048136451295895,-0.35407728
2.059492190346392,0.020999999975362168,0.4048136451295895,-0.35442048
2.059492190346392,0.022999999779724677,0.4048136451295895,-0.35479623
2.059492190346392,0.024999999584087183,0.4048136451295895,-0.35519534
2.059492190346392,0.026999999388449693,0.4048136451295895,-0.35561016
2.059492190346392,0.02900000000463453,0.4048136451295895,-0.35603535
2.059492190346392,0.031000000620819368,0.4048136451295895,-0.3564664
2.059492190346392,0.03299999961335955,0.4048136451295895,-0.35690045
2.059492190346392,0.03500000022954439,0.4048136451295895,-0.3573357
2.059492190346392,0.03700000084572922,0.4048136451295895,-0.35776898
2.059492190346392,0.038999999838269406,0.4048136451295895,-0.3581985
2.059492190346392,0.04100000045445424,0.4048136451295895,-0.35862187
2.059492190346392,0.04300000107063908,0.4048136451295895,-0.3590358
2.059492190346392,0.04500000006317926,0.4048136451295895,-0.35943913
2.059492190346392,0.046999999055719444,0.4048136451295895,-0.3598299
2.059492190346392,0.04899999967190428,0.4048136451295895,-0.36020324
2.059492190346392,0.05100000028808912,0.4048136451295895,-0.36055505
2.059492190346392,0.0529999992806293,0.4048136451295895,-0.36088312
2.059492190346392,0.05499999827316948,0.4048136451295895,-0.36118338
2.059492190346392,0.05699999726570966,0.4048136451295895,-0.3614502
2.059492190346392,0.05899999950553916,0.4048136451295895,-0.3616819
2.059492190346392,0.06100000174536865,0.4048136451295895,-0.36187547
2.059492190346392,0.06300000073790883,0.4048136451295895,-0.36202872
2.059492190346392,0.06499999973044901,0.4048136451295895,-0.3621402
2.059492190346392,0.06699999872298919,0.4048136451295895,-0.3622092
2.059492190346392,0.06899999771552937,0.4048136451295895,-0.36223578
2.116471778398777,0.0010000000036590455,0.3974711732884331,-0.34186327
2.116471778398777,0.003000000010977137,0.3974711732884331,-0.341774
2.116471778398777,0.004999999916817437,0.3974711732884331,-0.3416271
2.116471778398777,0.006999999924135528,0.3974711732884331,-0.34145525
2.116471778398777,0.008999999931453619,0.3974711732884331,-0.34135208
2.116471778398777,0.010999999735816128,0.3974711732884331,-0.34132448
2.116471778398777,0.012999999540178638,0.3974711732884331,-0.3413905
2.116471778398777,0.014999999750452311,0.3974711732884331,-0.34153548
2.116471778398777,0.01700000036663715,0.3974711732884331,-0.34175187
2.116471778398777,0.01900000017099966,0.3974711732884331,-0.3420232
2.116471778398777,0.020999999975362168,0.3974711732884331,-0.3423378
2.116471778398777,0.022999999779724677,0.3974711732884331,-0.34268355
2.116471778398777,0.024999999584087183,0.3974711732884331,-0.34305182
2.116471778398777,0.026999999388449693,0.3974711732884331,-0.3434351
2.116471778398777,0.02900000000463453,0.3974711732884331,-0.34382826
2.116471778398777,0.031000000620819368,0.3974711732884331,-0.3442269
2.116471778398777,0.03299999961335955,0.3974711732884331,-0.3446283
2.116471778398777,0.03500000022954439,0.3974711732884331,-0.34503016
2.116471778398777,0.03700000084572922,0.3974711732884331,-0.3454305
2.116471778398777,0.038999999838269406,0.3974711732884331,-0.34582734
2.116471778398777,0.04100000045445424,0.3974711732884331,-0.34621856
2.116471778398777,0.04300000107063908,0.3974711732884331,-0.34660217
2.116471778398777,0.04500000006317926,0.3974711732884331,-0.34697562
2.116471778398777,0.046999999055719444,0.3974711732884331,-0.34733883
2.116471778398777,0.04899999967190428,0.3974711732884331,-0.347688
2.116471778398777,0.05100000028808912,0.3974711732884331,-0.3480189
2.116471778398777,0.0529999992806293,0.3974711732884331,-0.34833002
2.116471778398777,0.05499999827316948,0.3974711732884331,-0.3486178
2.116471778398777,0.05699999726570966,0.3974711732884331,-0.3488786
2.116471778398777,0.05899999950553916,0.3974711732884331,-0.3491084
2.116471778398777,0.06100000174536865,0.3974711732884331,-0.34930605
2.116471778398777,0.06300000073790883,0.3974711732884331,-0.34946877
2.116471778398777,0.06499999973044901,0.3974711732884331,-0.34959525
2.116471778398777,0.06699999872298919,0.3974711732884331,-0.34968442
2.116471778398777,0.06899999771552937,0.3974711732884331,-0.34973577
2.1733210592256595,0.0010000000036590455,0.38994763259525245,-0.3300189
2.1733210592256595,0.003000000010977137,0.38994763259525245,-0.32993552
2.1733210592256595,0.004999999916817437,0.38994763259525245,-0.3297965
2.1733210592256595,0.006999999924135528,0.38994763259525245,-0.3296311
2.1733210592256595,0.008999999931453619,0.38994763259525245,-0.3295274
2.1733210592256595,0.010999999735816128,0.38994763259525245,-0.32949308
2.1733210592256595,0.012999999540178638,0.38994763259525245,-0.32954597
2.1733210592256595,0.014999999750452311,0.38994763259525245,-0.32967326
2.1733210592256595,0.01700000036663715,0.38994763259525245,-0.32986814
2.1733210592256595,0.01900000017099966,0.38994763259525245,-0.3301153
2.1733210592256595,0.020999999975362168,0.38994763259525245,-0.3304039
2.1733210592256595,0.022999999779724677,0.38994763259525245,-0.33072266
2.1733210592256595,0.024999999584087183,0.38994763259525245,-0.33106312
2.1733210592256595,0.026999999388449693,0.38994763259525245,-0.3314182
2.1733210592256595,0.02900000000463453,0.38994763259525245,-0.33178258
2.1733210592256595,0.031000000620819368,0.38994763259525245,-0.3321524
2.1733210592256595,0.03299999961335955,0.38994763259525245,-0.3325244
2.1733210592256595,0.03500000022954439,0.38994763259525245,-0.33289647
2.1733210592256595,0.03700000084572922,0.38994763259525245,-0.33326733
2.1733210592256595,0.038999999838269406,0.38994763259525245,-0.33363473
2.1733210592256595,0.04100000045445424,0.38994763259525245,-0.33399713
2.1733210592256595,0.04300000107063908,0.38994763259525245,-0.33435285
2.1733210592256595,0.04500000006317926,0.38994763259525245,-0.33469966
2.1733210592256595,0.046999999055719444,0.38994763259525245,-0.33503658
2.1733210592256595,0.04899999967190428,0.38994763259525245,-0.33536246
2.1733210592256595,0.05100000028808912,0.38994763259525245,-0.33567357
2.1733210592256595,0.0529999992806293,0.38994763259525245,-0.33596694
2.1733210592256595,0.05499999827316948,0.38994763259525245,-0.33624098
2.1733210592256595,0.05699999726570966,0.38994763259525245,-0.3364927
2.1733210592256595,0.05899999950553916,0.38994763259525245,-0.336718
2.1733210592256595,0.06100000174536865,0.38994763259525245,-0.3369156
2.1733210592256595,0.06300000073790883,0.38994763259525245,-0.33708334
2.1733210592256595,0.06499999973044901,0.38994763259525245,-0.3372196
2.1733210592256595,0.06699999872298919,0.38994763259525245,-0.33732316
2.1733210592256595,0.06899999771552937,0.38994763259525245,-0.33739325
2.2299867253256975,0.0010000000036590455,0.38225657074105623,-0.31830359
2.2299867253256975,0.003000000010977137,0.38225657074105623,-0.31822544
2.2299867253256975,0.004999999916817437,0.38225657074105623,-0.31809366
2.2299867253256975,0.006999999924135528,0.38225657074105623,-0.31793433
2.2299867253256975,0.008999999931453619,0.38225657074105623,-0.31783053
2.2299867253256975,0.010999999735816128,0.38225657074105623,-0.31779042
2.2299867253256975,0.012999999540178638,0.38225657074105623,-0.31783158
2.2299867253256975,0.014999999750452311,0.38225657074105623,-0.3179429
2.2299867253256975,0.01700000036663715,0.38225657074105623,-0.31811816
2.2299867253256975,0.01900000017099966,0.38225657074105623,-0.3183433
2.2299867253256975,0.020999999975362168,0.38225657074105623,-0.3186085
2.2299867253256975,0.022999999779724677,0.38225657074105623,-0.31890297
2.2299867253256975,0.024999999584087183,0.38225657074105623,-0.31921855
2.2299867253256975,0.026999999388449693,0.38225657074105623,-0.31954837
2.2299867253256975,0.02900000000463453,0.38225657074105623,-0.31988725
2.2299867253256975,0.031000000620819368,0.38225657074105623,-0.32023132
2.2299867253256975,0.03299999961335955,0.38225657074105623,-0.32057738
2.2299867253256975,0.03500000022954439,0.38225657074105623,-0.3209235
2.2299867253256975,0.03700000084572922,0.38225657074105623,-0.3212678
2.2299867253256975,0.038999999838269406,0.38225657074105623,-0.32160914
2.2299867253256975,0.04100000045445424,0.38225657074105623,-0.32194582
2.2299867253256975,0.04300000107063908,0.38225657074105623,-0.32227623
2.2299867253256975,0.04500000006317926,0.38225657074105623,-0.3225991
2.2299867253256975,0.046999999055719444,0.38225657074105623,-0.32291242
2.2299867253256975,0.04899999967190428,0.38225657074105623,-0.3232165
2.2299867253256975,0.05100000028808912,0.38225657074105623,-0.32350847
2.2299867253256975,0.0529999992806293,0.38225657074105623,-0.32378492
2.2299867253256975,0.05499999827316948,0.38225657074105623,-0.32404518
2.2299867253256975,0.05699999726570966,0.38225657074105623,-0.32428634
2.2299867253256975,0.05899999950553916,0.38225657074105623,-0.3245058
2.2299867253256975,0.06100000174536865,0.38225657074105623,-0.3247006
2.2299867253256975,0.06300000073790883,0.38225657074105623,-0.32487
2.2299867253256975,0.06499999973044901,0.38225657074105623,-0.3250118
2.2299867253256975,0.06699999872298919,0.38225657074105623,-0.32512504
2.2299867253256975,0.06899999771552937,0.38225657074105623,-0.32520878
2.286416196590354,0.0010000000036590455,0.3744117432433691,-0.30671394
2.286416196590354,0.003000000010977137,0.3744117432433691,-0.306641
2.286416196590354,0.004999999916817437,0.3744117432433691,-0.30651608
2.286416196590354,0.006999999924135528,0.3744117432433691,-0.3063628
2.286416196590354,0.008999999931453619,0.3744117432433691,-0.3062594
2.286416196590354,0.010999999735816128,0.3744117432433691,-0.30621448
2.286416196590354,0.012999999540178638,0.3744117432433691,-0.30624548
2.286416196590354,0.014999999750452311,0.3744117432433691,-0.30634254
2.286416196590354,0.01700000036663715,0.3744117432433691,-0.3065002
2.286416196590354,0.01900000017099966,0.3744117432433691,-0.30670577
2.286416196590354,0.020999999975362168,0.3744117432433691,-0.30694997
2.286416196590354,0.022999999779724677,0.3744117432433691,-0.3072225
2.286416196590354,0.024999999584087183,0.3744117432433691,-0.3075156
2.286416196590354,0.026999999388449693,0.3744117432433691,-0.30782247
2.286416196590354,0.02900000000463453,0.3744117432433691,-0.30813822
2.286416196590354,0.031000000620819368,0.3744117432433691,-0.30845883
2.286416196590354,0.03299999961335955,0.3744117432433691,-0.3087816
2.286416196590354,0.03500000022954439,0.3744117432433691,-0.309104
2.286416196590354,0.03700000084572922,0.3744117432433691,-0.3094246
2.286416196590354,0.038999999838269406,0.3744117432433691,-0.30974227
2.286416196590354,0.04100000045445424,0.3744117432433691,-0.31005564
2.286416196590354,0.04300000107063908,0.3744117432433691,-0.31036335
2.286416196590354,0.04500000006317926,0.3744117432433691,-0.310664
2.286416196590354,0.046999999055719444,0.3744117432433691,-0.31095627
2.286416196590354,0.04899999967190428,0.3744117432433691,-0.3112395
2.286416196590354,0.05100000028808912,0.3744117432433691,-0.31151286
2.286416196590354,0.0529999992806293,0.3744117432433691,-0.31177324
2.286416196590354,0.05499999827316948,0.3744117432433691,-0.3120189
2.286416196590354,0.05699999726570966,0.3744117432433691,-0.31224865
2.286416196590354,0.05899999950553916,0.3744117432433691,-0.3124602
2.286416196590354,0.06100000174536865,0.3744117432433691,-0.31265044
2.286416196590354,0.06300000073790883,0.3744117432433691,-0.31281865
2.286416196590354,0.06499999973044901,0.3744117432433691,-0.31296295
2.286416196590354,0.06699999872298919,0.3744117432433691,-0.31308237
2.286416196590354,0.06899999771552937,0.3744117432433691,-0.31317583
2.342557932043674,0.0010000000036590455,0.36642719138117513,-0.2952391
2.342557932043674,0.003000000010977137,0.36642719138117513,-0.29517105
2.342557932043674,0.004999999916817437,0.36642719138117513,-0.29505256
2.342557932043674,0.006999999924135528,0.36642719138117513,-0.29490462
2.342557932043674,0.008999999931453619,0.36642719138117513,-0.2948017
2.342557932043674,0.010999999735816128,0.36642719138117513,-0.29475236
2.342557932043674,0.012999999540178638,0.36642719138117513,-0.29477412
2.342557932043674,0.014999999750452311,0.36642719138117513,-0.2948581
2.342557932043674,0.01700000036663715,0.36642719138117513,-0.29499972
2.342557932043674,0.01900000017099966,0.36642719138117513,-0.2951874
2.342557932043674,0.020999999975362168,0.36642719138117513,-0.29541227
2.342557932043674,0.022999999779724677,0.36642719138117513,-0.2956646
2.342557932043674,0.024999999584087183,0.36642719138117513,-0.29593703
2.342557932043674,0.026999999388449693,0.36642719138117513,-0.29622304
2.342557932043674,0.02900000000463453,0.36642719138117513,-0.29651782
2.342557932043674,0.031000000620819368,0.36642719138117513,-0.29681742
2.342557932043674,0.03299999961335955,0.36642719138117513,-0.29711905
2.342557932043674,0.03500000022954439,0.36642719138117513,-0.29742053
2.342557932043674,0.03700000084572922,0.36642719138117513,-0.2977201
2.342557932043674,0.038999999838269406,0.36642719138117513,-0.29801655
2.342557932043674,0.04100000045445424,0.36642719138117513,-0.298309
2.342557932043674,0.04300000107063908,0.36642719138117513,-0.2985963
2.342557932043674,0.04500000006317926,0.36642719138117513,-0.29887706
2.342557932043674,0.046999999055719444,0.36642719138117513,-0.29915032
2.342557932043674,0.04899999967190428,0.36642719138117513,-0.29941487
2.342557932043674,0.05100000028808912,0.36642719138117513,-0.2996709
2.342557932043674,0.0529999992806293,0.36642719138117513,-0.29991633
2.342557932043674,0.05499999827316948,0.36642719138117513,-0.30014843
2.342557932043674,0.05699999726570966,0.36642719138117513,-0.30036697
2.342557932043674,0.05899999950553916,0.36642719138117513,-0.30056986
2.342557932043674,0.06100000174536865,0.36642719138117513,-0.30075482
2.342557932043674,0.06300000073790883,0.36642719138117513,-0.30091998
2.342557932043674,0.06499999973044901,0.36642719138117513,-0.30106458
2.342557932043674,0.06699999872298919,0.36642719138117513,-0.30118713
2.342557932043674,0.06899999771552937,0.36642719138117513,-0.3012869
2.39836142984228,0.0010000000036590455,0.35831730714070414,-0.28387734
2.39836142984228,0.003000000010977137,0.35831730714070414,-0.28381377
2.39836142984228,0.004999999916817437,0.35831730714070414,-0.28370142
2.39836142984228,0.006999999924135528,0.35831730714070414,-0.28355896
2.39836142984228,0.008999999931453619,0.35831730714070414,-0.28345686
2.39836142984228,0.010999999735816128,0.35831730714070414,-0.2834039
2.39836142984228,0.012999999540178638,0.35831730714070414,-0.28341758
2.39836142984228,0.014999999750452311,0.35831730714070414,-0.28348985
2.39836142984228,0.01700000036663715,0.35831730714070414,-0.28361705
2.39836142984228,0.01900000017099966,0.35831730714070414,-0.28378835
2.39836142984228,0.020999999975362168,0.35831730714070414,-0.28399542
2.39836142984228,0.022999999779724677,0.35831730714070414,-0.2842292
2.39836142984228,0.024999999584087183,0.35831730714070414,-0.28448263
2.39836142984228,0.026999999388449693,0.35831730714070414,-0.28474954
2.39836142984228,0.02900000000463453,0.35831730714070414,-0.28502515
2.39836142984228,0.031000000620819368,0.35831730714070414,-0.28530565
2.39836142984228,0.03299999961335955,0.35831730714070414,-0.28558812
2.39836142984228,0.03500000022954439,0.35831730714070414,-0.28587046
2.39836142984228,0.03700000084572922,0.35831730714070414,-0.286151
2.39836142984228,0.038999999838269406,0.35831730714070414,-0.2864284
2.39836142984228,0.04100000045445424,0.35831730714070414,-0.28670177
2.39836142984228,0.04300000107063908,0.35831730714070414,-0.28697038
2.39836142984228,0.04500000006317926,0.35831730714070414,-0.28723302
2.39836142984228,0.046999999055719444,0.35831730714070414,-0.28748864
2.39836142984228,0.04899999967190428,0.35831730714070414,-0.2877362
2.39836142984228,0.05100000028808912,0.35831730714070414,-0.2879758
2.39836142984228,0.0529999992806293,0.35831730714070414,-0.28820622
2.39836142984228,0.05499999827316948,0.35831730714070414,-0.28842524
2.39836142984228,0.05699999726570966,0.35831730714070414,-0.28863207
2.39836142984228,0.05899999950553916,0.35831730714070414,-0.28882548
2.39836142984228,0.06100000174536865,0.35831730714070414,-0.28900388
2.39836142984228,0.06300000073790883,0.35831730714070414,-0.28916478
2.39836142984228,0.06499999973044901,0.35831730714070414,-0.2893079
2.39836142984228,0.06699999872298919,0.35831730714070414,-0.28943172
2.39836142984228,0.06899999771552937,0.35831730714070414,-0.2895355
2.4537774351018906,0.0010000000036590455,0.35009682022627425,-0.27263168
2.4537774351018906,0.003000000010977137,0.35009682022627425,-0.2725722
2.4537774351018906,0.004999999916817437,0.35009682022627425,-0.27246547
2.4537774351018906,0.006999999924135528,0.35009682022627425,-0.27232796
2.4537774351018906,0.008999999931453619,0.35009682022627425,-0.2722264
2.4537774351018906,0.010999999735816128,0.35009682022627425,-0.27216998
2.4537774351018906,0.012999999540178638,0.35009682022627425,-0.27217603
2.4537774351018906,0.014999999750452311,0.35009682022627425,-0.27223733
2.4537774351018906,0.01700000036663715,0.35009682022627425,-0.27235115
2.4537774351018906,0.01900000017099966,0.35009682022627425,-0.2725072
2.4537774351018906,0.020999999975362168,0.35009682022627425,-0.2726978
2.4537774351018906,0.022999999779724677,0.35009682022627425,-0.27291453
2.4537774351018906,0.024999999584087183,0.35009682022627425,-0.2731507
2.4537774351018906,0.026999999388449693,0.35009682022627425,-0.27340022
2.4537774351018906,0.02900000000463453,0.35009682022627425,-0.2736584
2.4537774351018906,0.031000000620819368,0.35009682022627425,-0.2739215
2.4537774351018906,0.03299999961335955,0.35009682022627425,-0.2741866
2.4537774351018906,0.03500000022954439,0.35009682022627425,-0.27445164
2.4537774351018906,0.03700000084572922,0.35009682022627425,-0.274715
2.4537774351018906,0.038999999838269406,0.35009682022627425,-0.27497536
2.4537774351018906,0.04100000045445424,0.35009682022627425,-0.27523172
2.4537774351018906,0.04300000107063908,0.35009682022627425,-0.27548343
2.4537774351018906,0.04500000006317926,0.35009682022627425,-0.2757298
2.4537774351018906,0.046999999055719444,0.35009682022627425,-0.27596968
2.4537774351018906,0.04899999967190428,0.35009682022627425,-0.27620214
2.4537774351018906,0.05100000028808912,0.35009682022627425,-0.27642685
2.4537774351018906,0.0529999992806293,0.35009682022627425,-0.27664372
2.4537774351018906,0.05499999827316948,0.35009682022627425,-0.276851
2.4537774351018906,0.05699999726570966,0.35009682022627425,-0.27704698
2.4537774351018906,0.05899999950553916,0.35009682022627425,-0.27723148
2.4537774351018906,0.06100000174536865,0.35009682022627425,-0.2774029
2.4537774351018906,0.06300000073790883,0.35009682022627425,-0.27755928
2.4537774351018906,0.06499999973044901,0.35009682022627425,-0.27769962
2.4537774351018906,0.06699999872298919,0.35009682022627425,-0.2778231
2.4537774351018906,0.06899999771552937,0.35009682022627425,-0.27792874
2.508758251637096,0.0010000000036590455,0.3417810318651226,-0.26150095
2.508758251637096,0.003000000010977137,0.3417810318651226,-0.26144516
2.508758251637096,0.004999999916817437,0.3417810318651226,-0.26134408
2.508758251637096,0.006999999924135528,0.3417810318651226,-0.2612118
2.508758251637096,0.008999999931453619,0.3417810318651226,-0.2611113
2.508758251637096,0.010999999735816128,0.3417810318651226,-0.2610524
2.508758251637096,0.012999999540178638,0.3417810318651226,-0.26105192
2.508758251637096,0.014999999750452311,0.3417810318651226,-0.2611037
2.508758251637096,0.01700000036663715,0.3417810318651226,-0.26120546
2.508758251637096,0.01900000017099966,0.3417810318651226,-0.2613477
2.508758251637096,0.020999999975362168,0.3417810318651226,-0.26152346
2.508758251637096,0.022999999779724677,0.3417810318651226,-0.26172468
2.508758251637096,0.024999999584087183,0.3417810318651226,-0.26194495
2.508758251637096,0.026999999388449693,0.3417810318651226,-0.26217842
2.508758251637096,0.02900000000463453,0.3417810318651226,-0.2624205
2.508758251637096,0.031000000620819368,0.3417810318651226,-0.26266754
2.508758251637096,0.03299999961335955,0.3417810318651226,-0.2629167
2.508758251637096,0.03500000022954439,0.3417810318651226,-0.26316586
2.508758251637096,0.03700000084572922,0.3417810318651226,-0.2634135
2.508758251637096,0.038999999838269406,0.3417810318651226,-0.2636582
2.508758251637096,0.04100000045445424,0.3417810318651226,-0.26389915
2.508758251637096,0.04300000107063908,0.3417810318651226,-0.26413545
2.508758251637096,0.04500000006317926,0.3417810318651226,-0.26436657
2.508758251637096,0.046999999055719444,0.3417810318651226,-0.26459193
2.508758251637096,0.04899999967190428,0.3417810318651226,-0.26481038
2.508758251637096,0.05100000028808912,0.3417810318651226,-0.26502112
2.508758251637096,0.0529999992806293,0.3417810318651226,-0.26522493
2.508758251637096,0.05499999827316948,0.3417810318651226,-0.26542035
2.508758251637096,0.05699999726570966,0.3417810318651226,-0.26560557
2.508758251637096,0.05899999950553916,0.3417810318651226,-0.26578063
2.508758251637096,0.06100000174536865,0.3417810318651226,-0.2659442
2.508758251637096,0.06300000073790883,0.3417810318651226,-0.26609516
2.508758251637096,0.06499999973044901,0.3417810318651226,-0.2662317
2.508758251637096,0.06699999872298919,0.3417810318651226,-0.26635367
2.508758251637096,0.06899999771552937,0.3417810318651226,-0.26645982
2.563257534134837,0.0010000000036590455,0.33338372355308826,-0.2505447
2.563257534134837,0.003000000010977137,0.33338372355308826,-0.2504922
2.563257534134837,0.004999999916817437,0.33338372355308826,-0.2503965
2.563257534134837,0.006999999924135528,0.33338372355308826,-0.25026953
2.563257534134837,0.008999999931453619,0.33338372355308826,-0.25017062
2.563257534134837,0.010999999735816128,0.33338372355308826,-0.25011024
2.563257534134837,0.012999999540178638,0.33338372355308826,-0.2501046
2.563257534134837,0.014999999750452311,0.33338372355308826,-0.2501485
2.563257534134837,0.01700000036663715,0.33338372355308826,-0.2502401
2.563257534134837,0.01900000017099966,0.33338372355308826,-0.2503706
2.563257534134837,0.020999999975362168,0.33338372355308826,-0.25053358
2.563257534134837,0.022999999779724677,0.33338372355308826,-0.25072142
2.563257534134837,0.024999999584087183,0.33338372355308826,-0.2509279
2.563257534134837,0.026999999388449693,0.33338372355308826,-0.25114745
2.563257534134837,0.02900000000463453,0.33338372355308826,-0.25137565
2.563257534134837,0.031000000620819368,0.33338372355308826,-0.25160888
2.563257534134837,0.03299999961335955,0.33338372355308826,-0.25184444
2.563257534134837,0.03500000022954439,0.33338372355308826,-0.25208008
2.563257534134837,0.03700000084572922,0.33338372355308826,-0.25231424
2.563257534134837,0.038999999838269406,0.33338372355308826,-0.2525457
2.563257534134837,0.04100000045445424,0.33338372355308826,-0.2527734
2.563257534134837,0.04300000107063908,0.33338372355308826,-0.25299674
2.563257534134837,0.04500000006317926,0.33338372355308826,-0.25321496
2.563257534134837,0.046999999055719444,0.33338372355308826,-0.25342757
2.563257534134837,0.04899999967190428,0.33338372355308826,-0.25363407
2.563257534134837,0.05100000028808912,0.33338372355308826,-0.2538333
2.563257534134837,0.0529999992806293,0.33338372355308826,-0.2540254
2.563257534134837,0.05499999827316948,0.33338372355308826,-0.25421044
2.563257534134837,0.05699999726570966,0.33338372355308826,-0.25438663
2.563257534134837,0.05899999950553916,0.33338372355308826,-0.2545531
2.563257534134837,0.06100000174536865,0.33338372355308826,-0.25470963
2.563257534134837,0.06300000073790883,0.33338372355308826,-0.254855
2.563257534134837,0.06499999973044901,0.33338372355308826,-0.25498766
2.563257534134837,0.06699999872298919,0.33338372355308826,-0.25510707
2.563257534134837,0.06899999771552937,0.33338372355308826,-0.25521243
2.6172307038074423,0.0010000000036590455,0.3249186508076959,-0.23963846
2.6172307038074423,0.003000000010977137,0.3249186508076959,-0.2395891
2.6172307038074423,0.004999999916817437,0.3249186508076959,-0.23949823
2.6172307038074423,0.006999999924135528,0.3249186508076959,-0.23937571
2.6172307038074423,0.008999999931453619,0.3249186508076959,-0.2392781
2.6172307038074423,0.010999999735816128,0.3249186508076959,-0.23921582
2.6172307038074423,0.012999999540178638,0.3249186508076959,-0.23920478
2.6172307038074423,0.014999999750452311,0.3249186508076959,-0.2392406
2.6172307038074423,0.01700000036663715,0.3249186508076959,-0.23932189
2.6172307038074423,0.01900000017099966,0.3249186508076959,-0.2394405
2.6172307038074423,0.020999999975362168,0.3249186508076959,-0.23959064
2.6172307038074423,0.022999999779724677,0.3249186508076959,-0.23976488
2.6172307038074423,0.024999999584087183,0.3249186508076959,-0.2399575
2.6172307038074423,0.026999999388449693,0.3249186508076959,-0.2401631
2.6172307038074423,0.02900000000463453,0.3249186508076959,-0.24037746
2.6172307038074423,0.031000000620819368,0.3249186508076959,-0.24059702
2.6172307038074423,0.03299999961335955,0.3249186508076959,-0.24081902
2.6172307038074423,0.03500000022954439,0.3249186508076959,-0.24104124
2.6172307038074423,0.03700000084572922,0.3249186508076959,-0.24126214
2.6172307038074423,0.038999999838269406,0.3249186508076959,-0.24148043
2.6172307038074423,0.04100000045445424,0.3249186508076959,-0.2416952
2.6172307038074423,0.04300000107063908,0.3249186508076959,-0.24190566
2.6172307038074423,0.04500000006317926,0.3249186508076959,-0.24211127
2.6172307038074423,0.046999999055719444,0.3249186508076959,-0.2423115
2.6172307038074423,0.04899999967190428,0.3249186508076959,-0.24250586
2.6172307038074423,0.05100000028808912,0.3249186508076959,-0.24269387
2.6172307038074423,0.0529999992806293,0.3249186508076959,-0.2428745
2.6172307038074423,0.05499999827316948,0.3249186508076959,-0.24304882
2.6172307038074423,0.05699999726570966,0.3249186508076959,-0.24321558
2.6172307038074423,0.05899999950553916,0.3249186508076959,-0.24337314
2.6172307038074423,0.06100000174536865,0.3249186508076959,-0.2435221
2.6172307038074423,0.06300000073790883,0.3249186508076959,-0.24366118
2.6172307038074423,0.06499999973044901,0.3249186508076959,-0.24378936
2.6172307038074423,0.06699999872298919,0.3249186508076959,-0.24390548
2.6172307038074423,0.06899999771552937,0.3249186508076959,-0.2440094
2.670634844479368,0.0010000000036590455,0.31639904958018034,-0.22893159
2.670634844479368,0.003000000010977137,0.31639904958018034,-0.22888562
2.670634844479368,0.004999999916817437,0.31639904958018034,-0.22879969
2.670634844479368,0.006999999924135528,0.31639904958018034,-0.22868223
2.670634844479368,0.008999999931453619,0.31639904958018034,-0.22858706
2.670634844479368,0.010999999735816128,0.31639904958018034,-0.22852461
2.670634844479368,0.012999999540178638,0.31639904958018034,-0.22851023
2.670634844479368,0.014999999750452311,0.31639904958018034,-0.22854036
2.670634844479368,0.01700000036663715,0.31639904958018034,-0.22861385
2.670634844479368,0.01900000017099966,0.31639904958018034,-0.22872332
2.670634844479368,0.020999999975362168,0.31639904958018034,-0.22886322
2.670634844479368,0.022999999779724677,0.31639904958018034,-0.22902663
2.670634844479368,0.024999999584087183,0.31639904958018034,-0.22920807
2.670634844479368,0.026999999388449693,0.31639904958018034,-0.2294024
2.670634844479368,0.02900000000463453,0.31639904958018034,-0.22960547
2.670634844479368,0.031000000620819368,0.31639904958018034,-0.2298138
2.670634844479368,0.03299999961335955,0.31639904958018034,-0.23002459
2.670634844479368,0.03500000022954439,0.31639904958018034,-0.23023574
2.670634844479368,0.03700000084572922,0.31639904958018034,-0.23044562
2.670634844479368,0.038999999838269406,0.31639904958018034,-0.23065299
2.670634844479368,0.04100000045445424,0.31639904958018034,-0.23085691
2.670634844479368,0.04300000107063908,0.31639904958018034,-0.2310567
2.670634844479368,0.04500000006317926,0.31639904958018034,-0.23125176
2.670634844479368,0.046999999055719444,0.31639904958018034,-0.23144163
2.670634844479368,0.04899999967190428,0.31639904958018034,-0.2316258
2.670634844479368,0.05100000028808912,0.31639904958018034,-0.23180398
2.670634844479368,0.0529999992806293,0.31639904958018034,-0.23197538
2.670634844479368,0.05499999827316948,0.31639904958018034,-0.2321403
2.670634844479368,0.05699999726570966,0.31639904958018034,-0.23229861
2.670634844479368,0.05899999950553916,0.31639904958018034,-0.23244871
2.670634844479368,0.06100000174536865,0.31639904958018034,-0.23259062
2.670634844479368,0.06300000073790883,0.31639904958018034,-0.23272379
2.670634844479368,0.06499999973044901,0.31639904958018034,-0.23284724
2.670634844479368,0.06699999872298919,0.31639904958018034,-0.23295982
2.670634844479368,0.06899999771552937,0.31639904958018034,-0.23306136
2.723428806500455,0.0010000000036590455,0.30783712967835375,-0.21824305
2.723428806500455,0.003000000010977137,0.30783712967835375,-0.21819997
2.723428806500455,0.004999999916817437,0.30783712967835375,-0.21811843
2.723428806500455,0.006999999924135528,0.30783712967835375,-0.21800543
2.723428806500455,0.008999999931453619,0.30783712967835375,-0.21791215
2.723428806500455,0.010999999735816128,0.30783712967835375,-0.217849
2.723428806500455,0.012999999540178638,0.30783712967835375,-0.21783097
2.723428806500455,0.014999999750452311,0.30783712967835375,-0.21785513
2.723428806500455,0.01700000036663715,0.30783712967835375,-0.21792056
2.723428806500455,0.01900000017099966,0.30783712967835375,-0.21802065
2.723428806500455,0.020999999975362168,0.30783712967835375,-0.21815014
2.723428806500455,0.022999999779724677,0.30783712967835375,-0.21830249
2.723428806500455,0.024999999584087183,0.30783712967835375,-0.2184726
2.723428806500455,0.026999999388449693,0.30783712967835375,-0.2186555
2.723428806500455,0.02900000000463453,0.30783712967835375,-0.2188471
2.723428806500455,0.031000000620819368,0.30783712967835375,-0.21904404
2.723428806500455,0.03299999961335955,0.30783712967835375,-0.2192436
2.723428806500455,0.03500000022954439,0.30783712967835375,-0.21944368
2.723428806500455,0.03700000084572922,0.30783712967835375,-0.21964267
2.723428806500455,0.038999999838269406,0.30783712967835375,-0.21983933
2.723428806500455,0.04100000045445424,0.30783712967835375,-0.22003272
2.723428806500455,0.04300000107063908,0.30783712967835375,-0.22022213
2.723428806500455,0.04500000006317926,0.30783712967835375,-0.22040695
2.723428806500455,0.046999999055719444,0.30783712967835375,-0.22058679
2.723428806500455,0.04899999967190428,0.30783712967835375,-0.2207612
2.723428806500455,0.05100000028808912,0.30783712967835375,-0.22092974
2.723428806500455,0.0529999992806293,0.30783712967835375,-0.22109213
2.723428806500455,0.05499999827316948,0.30783712967835375,-0.22124788
2.723428806500455,0.05699999726570966,0.30783712967835375,-0.2213976
2.723428806500455,0.05899999950553916,0.30783712967835375,-0.22154038
2.723428806500455,0.06100000174536865,0.30783712967835375,-0.22167502
2.723428806500455,0.06300000073790883,0.30783712967835375,-0.22180206
2.723428806500455,0.06499999973044901,0.30783712967835375,-0.22192037
2.723428806500455,0.06699999872298919,0.30783712967835375,-0.22202918
2.723428806500455,0.06899999771552937,0.30783712967835375,-0.2221278
2.7755734145724458,0.0010000000036590455,0.29924391889671903,-0.20772839
2.7755734145724458,0.003000000010977137,0.29924391889671903,-0.20768827
2.7755734145724458,0.004999999916817437,0.29924391889671903,-0.20761123
2.7755734145724458,0.006999999924135528,0.29924391889671903,-0.20750338
2.7755734145724458,0.008999999931453619,0.29924391889671903,-0.20741314
2.7755734145724458,0.010999999735816128,0.29924391889671903,-0.20735087
2.7755734145724458,0.012999999540178638,0.29924391889671903,-0.20733106
2.7755734145724458,0.014999999750452311,0.29924391889671903,-0.20735122
2.7755734145724458,0.01700000036663715,0.29924391889671903,-0.20741081
2.7755734145724458,0.01900000017099966,0.29924391889671903,-0.20750369
2.7755734145724458,0.020999999975362168,0.29924391889671903,-0.20762488
2.7755734145724458,0.022999999779724677,0.29924391889671903,-0.20776834
2.7755734145724458,0.024999999584087183,0.29924391889671903,-0.20792915
2.7755734145724458,0.026999999388449693,0.29924391889671903,-0.20810252
2.7755734145724458,0.02900000000463453,0.29924391889671903,-0.20828456
2.7755734145724458,0.031000000620819368,0.29924391889671903,-0.20847195
2.7755734145724458,0.03299999961335955,0.29924391889671903,-0.20866212
2.7755734145724458,0.03500000022954439,0.29924391889671903,-0.2088529
2.7755734145724458,0.03700000084572922,0.29924391889671903,-0.20904268
2.7755734145724458,0.038999999838269406,0.29924391889671903,-0.20923023
2.7755734145724458,0.04100000045445424,0.29924391889671903,-0.20941457
2.7755734145724458,0.04300000107063908,0.29924391889671903,-0.20959498
2.7755734145724458,0.04500000006317926,0.29924391889671903,-0.20977095
2.7755734145724458,0.046999999055719444,0.29924391889671903,-0.209942
2.7755734145724458,0.04899999967190428,0.29924391889671903,-0.21010783
2.7755734145724458,0.05100000028808912,0.29924391889671903,-0.21026799
2.7755734145724458,0.0529999992806293,0.29924391889671903,-0.21042232
2.7755734145724458,0.05499999827316948,0.29924391889671903,-0.21057014
2.7755734145724458,0.05699999726570966,0.29924391889671903,-0.21071213
2.7755734145724458,0.05899999950553916,0.29924391889671903,-0.21084791
2.7755734145724458,0.06100000174536865,0.29924391889671903,-0.21097608
2.7755734145724458,0.06300000073790883,0.29924391889671903,-0.2110971
2.7755734145724458,0.06499999973044901,0.29924391889671903,-0.2112103
2.7755734145724458,0.06699999872298919,0.29924391889671903,-0.21131493
2.7755734145724458,0.06899999771552937,0.29924391889671903,-0.21141012
2.827031883402017,0.0010000000036590455,0.29063084769365344,-0.1971724
2.827031883402017,0.003000000010977137,0.29063084769365344,-0.19713426
2.827031883402017,0.004999999916817437,0.29063084769365344,-0.1970609
2.827031883402017,0.006999999924135528,0.29063084769365344,-0.19695635
2.827031883402017,0.008999999931453619,0.29063084769365344,-0.1968672
2.827031883402017,0.010999999735816128,0.29063084769365344,-0.19680372
2.827031883402017,0.012999999540178638,0.29063084769365344,-0.1967801
2.827031883402017,0.014999999750452311,0.29063084769365344,-0.1967943
2.827031883402017,0.01700000036663715,0.29063084769365344,-0.19684608
2.827031883402017,0.01900000017099966,0.29063084769365344,-0.19692983
2.827031883402017,0.020999999975362168,0.29063084769365344,-0.19704089
2.827031883402017,0.022999999779724677,0.29063084769365344,-0.1971737
2.827031883402017,0.024999999584087183,0.29063084769365344,-0.19732352
2.827031883402017,0.026999999388449693,0.29063084769365344,-0.19748576
2.827031883402017,0.02900000000463453,0.29063084769365344,-0.1976567
2.827031883402017,0.031000000620819368,0.29063084769365344,-0.19783317
2.827031883402017,0.03299999961335955,0.29063084769365344,-0.19801258
2.827031883402017,0.03500000022954439,0.29063084769365344,-0.1981928
2.827031883402017,0.03700000084572922,0.29063084769365344,-0.19837227
2.827031883402017,0.038999999838269406,0.29063084769365344,-0.19854969
2.827031883402017,0.04100000045445424,0.29063084769365344,-0.1987241
2.827031883402017,0.04300000107063908,0.29063084769365344,-0.19889481
2.827031883402017,0.04500000006317926,0.29063084769365344,-0.19906129
2.827031883402017,0.046999999055719444,0.29063084769365344,-0.1992231
2.827031883402017,0.04899999967190428,0.29063084769365344,-0.1993799
2.827031883402017,0.05100000028808912,0.29063084769365344,-0.19953139
2.827031883402017,0.0529999992806293,0.29063084769365344,-0.19967729
2.827031883402017,0.05499999827316948,0.29063084769365344,-0.19981717
2.827031883402017,0.05699999726570966,0.29063084769365344,-0.19995107
2.827031883402017,0.05899999950553916,0.29063084769365344,-0.20007934
2.827031883402017,0.06100000174536865,0.29063084769365344,-0.20020105
2.827031883402017,0.06300000073790883,0.29063084769365344,-0.20031567
2.827031883402017,0.06499999973044901,0.29063084769365344,-0.20042337
2.827031883402017,0.06699999872298919,0.29063084769365344,-0.20052336
2.827031883402017,0.06899999771552937,0.29063084769365344,-0.2006149
2.8777702333538104,0.0010000000036590455,0.28201238599033035,-0.18667436
2.8777702333538104,0.003000000010977137,0.28201238599033035,-0.1866381
2.8777702333538104,0.004999999916817437,0.28201238599033035,-0.18656866
2.8777702333538104,0.006999999924135528,0.28201238599033035,-0.1864678
2.8777702333538104,0.008999999931453619,0.28201238599033035,-0.18638046
2.8777702333538104,0.010999999735816128,0.28201238599033035,-0.18631665
2.8777702333538104,0.012999999540178638,0.28201238599033035,-0.18629047
2.8777702333538104,0.014999999750452311,0.28201238599033035,-0.18630005
2.8777702333538104,0.01700000036663715,0.28201238599033035,-0.18634559
2.8777702333538104,0.01900000017099966,0.28201238599033035,-0.18642181
2.8777702333538104,0.020999999975362168,0.28201238599033035,-0.18652447
2.8777702333538104,0.022999999779724677,0.28201238599033035,-0.18664831
2.8777702333538104,0.024999999584087183,0.28201238599033035,-0.18678878
2.8777702333538104,0.026999999388449693,0.28201238599033035,-0.18694156
2.8777702333538104,0.02900000000463453,0.28201238599033035,-0.18710305
2.8777702333538104,0.031000000620819368,0.28201238599033035,-0.18727013
2.8777702333538104,0.03299999961335955,0.28201238599033035,-0.1874403
2.8777702333538104,0.03500000022954439,0.28201238599033035,-0.18761146
2.8777702333538104,0.03700000084572922,0.28201238599033035,-0.18778199
2.8777702333538104,0.038999999838269406,0.28201238599033035,-0.18795063
2.8777702333538104,0.04100000045445424,0.28201238599033035,-0.18811645
2.8777702333538104,0.04300000107063908,0.28201238599033035,-0.18827872
2.8777702333538104,0.04500000006317926,0.28201238599033035,-0.18843694
2.8777702333538104,0.046999999055719444,0.28201238599033035,-0.18859068
2.8777702333538104,0.04899999967190428,0.28201238599033035,-0.18873958
2.8777702333538104,0.05100000028808912,0.28201238599033035,-0.18888342
2.8777702333538104,0.0529999992806293,0.28201238599033035,-0.18902186
2.8777702333538104,0.05499999827316948,0.28201238599033035,-0.18915479
2.8777702333538104,0.05699999726570966,0.28201238599033035,-0.1892816
2.8777702333538104,0.05899999950553916,0.28201238599033035,-0.18940325
2.8777702333538104,0.06100000174536865,0.28201238599033035,-0.18951921
2.8777702333538104,0.06300000073790883,0.28201238599033035,-0.18962826
2.8777702333538104,0.06499999973044901,0.28201238599033035,-0.18973115
2.8777702333538104,0.06699999872298919,0.28201238599033035,-0.18982704
2.8777702333538104,0.06899999771552937,0.28201238599033035,-0.1899155
2.927756043491337,0.0010000000036590455,0.2733998603318692,-0.17634346
2.927756043491337,0.003000000010977137,0.2733998603318692,-0.17630935
2.927756043491337,0.004999999916817437,0.2733998603318692,-0.17624383
2.927756043491337,0.006999999924135528,0.2733998603318692,-0.17614742
2.927756043491337,0.008999999931453619,0.2733998603318692,-0.17606314
2.927756043491337,0.010999999735816128,0.2733998603318692,-0.17600062
2.927756043491337,0.012999999540178638,0.2733998603318692,-0.17597368
2.927756043491337,0.014999999750452311,0.2733998603318692,-0.17598069
2.927756043491337,0.01700000036663715,0.2733998603318692,-0.17602208
2.927756043491337,0.01900000017099966,0.2733998603318692,-0.17609294
2.927756043491337,0.020999999975362168,0.2733998603318692,-0.17618932
2.927756043491337,0.022999999779724677,0.2733998603318692,-0.17630626
2.927756043491337,0.024999999584087183,0.2733998603318692,-0.17643945
2.927756043491337,0.026999999388449693,0.2733998603318692,-0.1765847
2.927756043491337,0.02900000000463453,0.2733998603318692,-0.17673863
2.927756043491337,0.031000000620819368,0.2733998603318692,-0.17689815
2.927756043491337,0.03299999961335955,0.2733998603318692,-0.17706081
2.927756043491337,0.03500000022954439,0.2733998603318692,-0.17722453
2.927756043491337,0.03700000084572922,0.2733998603318692,-0.1773878
2.927756043491337,0.038999999838269406,0.2733998603318692,-0.1775493
2.927756043491337,0.04100000045445424,0.2733998603318692,-0.17770809
2.927756043491337,0.04300000107063908,0.2733998603318692,-0.17786346
2.927756043491337,0.04500000006317926,0.2733998603318692,-0.17801483
2.927756043491337,0.046999999055719444,0.2733998603318692,-0.17816183
2.927756043491337,0.04899999967190428,0.2733998603318692,-0.1783041
2.927756043491337,0.05100000028808912,0.2733998603318692,-0.17844144
2.927756043491337,0.0529999992806293,0.2733998603318692,-0.17857352
2.927756043491337,0.05499999827316948,0.2733998603318692,-0.17870027
2.927756043491337,0.05699999726570966,0.2733998603318692,-0.1788211
2.927756043491337,0.05899999950553916,0.2733998603318692,-0.17893663
2.927756043491337,0.06100000174536865,0.2733998603318692,-0.17904693
2.927756043491337,0.06300000073790883,0.2733998603318692,-0.17915082
2.927756043491337,0.06499999973044901,0.2733998603318692,-0.17924868
2.927756043491337,0.06699999872298919,0.2733998603318692,-0.17934008
2.927756043491337,0.06899999771552937,0.2733998603318692,-0.17942463
2.9769595946228153,0.0010000000036590455,0.2648047141658046,-0.16591772
2.9769595946228153,0.003000000010977137,0.2648047141658046,-0.1658852
2.9769595946228153,0.004999999916817437,0.2648047141658046,-0.16582277
2.9769595946228153,0.006999999924135528,0.2648047141658046,-0.1657291
2.9769595946228153,0.008999999931453619,0.2648047141658046,-0.16564578
2.9769595946228153,0.010999999735816128,0.2648047141658046,-0.1655823
2.9769595946228153,0.012999999540178638,0.2648047141658046,-0.16555221
2.9769595946228153,0.014999999750452311,0.2648047141658046,-0.16555426
2.9769595946228153,0.01700000036663715,0.2648047141658046,-0.16558917
2.9769595946228153,0.01900000017099966,0.2648047141658046,-0.16565235
2.9769595946228153,0.020999999975362168,0.2648047141658046,-0.16574024
2.9769595946228153,0.022999999779724677,0.2648047141658046,-0.1658481
2.9769595946228153,0.024999999584087183,0.2648047141658046,-0.16597188
2.9769595946228153,0.026999999388449693,0.2648047141658046,-0.16610762
2.9769595946228153,0.02900000000463453,0.2648047141658046,-0.16625205
2.9769595946228153,0.031000000620819368,0.2648047141658046,-0.16640218
2.9769595946228153,0.03299999961335955,0.2648047141658046,-0.16655561
2.9769595946228153,0.03500000022954439,0.2648047141658046,-0.16671033
2.9769595946228153,0.03700000084572922,0.2648047141658046,-0.16686483
2.9769595946228153,0.038999999838269406,0.2648047141658046,-0.16701782
2.9769595946228153,0.04100000045445424,0.2648047141658046,-0.16716832
2.9769595946228153,0.04300000107063908,0.2648047141658046,-0.16731562
2.9769595946228153,0.04500000006317926,0.2648047141658046,-0.16745915
2.9769595946228153,0.046999999055719444,0.2648047141658046,-0.16759849
2.9769595946228153,0.04899999967190428,0.2648047141658046,-0.16773339
2.9769595946228153,0.05100000028808912,0.2648047141658046,-0.16786353
2.9769595946228153,0.0529999992806293,0.2648047141658046,-0.16798882
2.9769595946228153,0.05499999827316948,0.2648047141658046,-0.16810894
2.9769595946228153,0.05699999726570966,0.2648047141658046,-0.16822374
2.9769595946228153,0.05899999950553916,0.2648047141658046,-0.16833292
2.9769595946228153,0.06100000174536865,0.2648047141658046,-0.16843736
2.9769595946228153,0.06300000073790883,0.2648047141658046,-0.16853641
2.9769595946228153,0.06499999973044901,0.2648047141658046,-0.16862926
2.9769595946228153,0.06699999872298919,0.2648047141658046,-0.1687165
2.9769595946228153,0.06899999771552937,0.2648047141658046,-0.16879736
3.0253536614746563,0.0010000000036590455,0.25623928719152134,-0.15567598
3.0253536614746563,0.003000000010977137,0.25623928719152134,-0.15564528
3.0253536614746563,0.004999999916817437,0.25623928719152134,-0.15558612
3.0253536614746563,0.006999999924135528,0.25623928719152134,-0.15549637
3.0253536614746563,0.008999999931453619,0.25623928719152134,-0.1554157
3.0253536614746563,0.010999999735816128,0.25623928719152134,-0.1553533
3.0253536614746563,0.012999999540178638,0.25623928719152134,-0.1553224
3.0253536614746563,0.014999999750452311,0.25623928719152134,-0.15532212
3.0253536614746563,0.01700000036663715,0.25623928719152134,-0.15535326
3.0253536614746563,0.01900000017099966,0.25623928719152134,-0.15541159
3.0253536614746563,0.020999999975362168,0.25623928719152134,-0.1554938
3.0253536614746563,0.022999999779724677,0.25623928719152134,-0.15559542
3.0253536614746563,0.024999999584087183,0.25623928719152134,-0.15571254
3.0253536614746563,0.026999999388449693,0.25623928719152134,-0.1558415
3.0253536614746563,0.02900000000463453,0.25623928719152134,-0.15597901
3.0253536614746563,0.031000000620819368,0.25623928719152134,-0.15612224
3.0253536614746563,0.03299999961335955,0.25623928719152134,-0.15626884
3.0253536614746563,0.03500000022954439,0.25623928719152134,-0.15641688
3.0253536614746563,0.03700000084572922,0.25623928719152134,-0.15656477
3.0253536614746563,0.038999999838269406,0.25623928719152134,-0.1567113
3.0253536614746563,0.04100000045445424,0.25623928719152134,-0.15685545
3.0253536614746563,0.04300000107063908,0.25623928719152134,-0.15699649
3.0253536614746563,0.04500000006317926,0.25623928719152134,-0.15713389
3.0253536614746563,0.046999999055719444,0.25623928719152134,-0.15726723
3.0253536614746563,0.04899999967190428,0.25623928719152134,-0.1573962
3.0253536614746563,0.05100000028808912,0.25623928719152134,-0.15752056
3.0253536614746563,0.0529999992806293,0.25623928719152134,-0.15764019
3.0253536614746563,0.05499999827316948,0.25623928719152134,-0.15775478
3.0253536614746563,0.05699999726570966,0.25623928719152134,-0.15786436
3.0253536614746563,0.05899999950553916,0.25623928719152134,-0.15796825
3.0253536614746563,0.06100000174536865,0.25623928719152134,-0.15806744
3.0253536614746563,0.06300000073790883,0.25623928719152134,-0.15816177
3.0253536614746563,0.06499999973044901,0.25623928719152134,-0.15825008
3.0253536614746563,0.06699999872298919,0.25623928719152134,-0.15833314
3.0253536614746563,0.06899999771552937,0.25623928719152134,-0.15841022
3.0729130970384286,0.0010000000036590455,0.24771399671313155,-0.1454
3.0729130970384286,0.003000000010977137,0.24771399671313155,-0.14537089
3.0729130970384286,0.004999999916817437,0.24771399671313155,-0.14531472
3.0729130970384286,0.006999999924135528,0.24771399671313155,-0.1452282
3.0729130970384286,0.008999999931453619,0.24771399671313155,-0.14514942
3.0729130970384286,0.010999999735816128,0.24771399671313155,-0.14508733
3.0729130970384286,0.012999999540178638,0.24771399671313155,-0.14505494
3.0729130970384286,0.014999999750452311,0.24771399671313155,-0.14505154
3.0729130970384286,0.01700000036663715,0.24771399671313155,-0.14507823
3.0729130970384286,0.01900000017099966,0.24771399671313155,-0.14513096
3.0729130970384286,0.020999999975362168,0.24771399671313155,-0.14520684
3.0729130970384286,0.022999999779724677,0.24771399671313155,-0.14530154
3.0729130970384286,0.024999999584087183,0.24771399671313155,-0.1454114
3.0729130970384286,0.026999999388449693,0.24771399671313155,-0.14553289
3.0729130970384286,0.02900000000463453,0.24771399671313155,-0.14566289
3.0729130970384286,0.031000000620819368,0.24771399671313155,-0.14579864
3.0729130970384286,0.03299999961335955,0.24771399671313155,-0.14593789
3.0729130970384286,0.03500000022954439,0.24771399671313155,-0.1460787
3.0729130970384286,0.03700000084572922,0.24771399671313155,-0.14621954
3.0729130970384286,0.038999999838269406,0.24771399671313155,-0.14635918
3.0729130970384286,0.04100000045445424,0.24771399671313155,-0.14649661
3.0729130970384286,0.04300000107063908,0.24771399671313155,-0.1466311
3.0729130970384286,0.04500000006317926,0.24771399671313155,-0.14676215
3.0729130970384286,0.046999999055719444,0.24771399671313155,-0.14688925
3.0729130970384286,0.04899999967190428,0.24771399671313155,-0.14701216
3.0729130970384286,0.05100000028808912,0.24771399671313155,-0.14713061
3.0729130970384286,0.0529999992806293,0.24771399671313155,-0.14724445
3.0729130970384286,0.05499999827316948,0.24771399671313155,-0.14735352
3.0729130970384286,0.05699999726570966,0.24771399671313155,-0.14745769
3.0729130970384286,0.05899999950553916,0.24771399671313155,-0.14755663
3.0729130970384286,0.06100000174536865,0.24771399671313155,-0.14765058
3.0729130970384286,0.06300000073790883,0.24771399671313155,-0.14773996
3.0729130970384286,0.06499999973044901,0.24771399671313155,-0.1478241
3.0729130970384286,0.06699999872298919,0.24771399671313155,-0.14790283
3.0729130970384286,0.06899999771552937,0.24771399671313155,-0.14797625
3.119615248223894,0.0010000000036590455,0.2392389353058162,-0.13525657
3.119615248223894,0.003000000010977137,0.2392389353058162,-0.13522935
3.119615248223894,0.004999999916817437,0.2392389353058162,-0.13517612
3.119615248223894,0.006999999924135528,0.2392389353058162,-0.13509285
3.119615248223894,0.008999999931453619,0.2392389353058162,-0.13501632
3.119615248223894,0.010999999735816128,0.2392389353058162,-0.13495508
3.119615248223894,0.012999999540178638,0.2392389353058162,-0.1349219
3.119615248223894,0.014999999750452311,0.2392389353058162,-0.13491623
3.119615248223894,0.01700000036663715,0.2392389353058162,-0.13493933
3.119615248223894,0.01900000017099966,0.2392389353058162,-0.13498746
3.119615248223894,0.020999999975362168,0.2392389353058162,-0.13505796
3.119615248223894,0.022999999779724677,0.2392389353058162,-0.13514668
3.119615248223894,0.024999999584087183,0.2392389353058162,-0.13525024
3.119615248223894,0.026999999388449693,0.2392389353058162,-0.1353652
3.119615248223894,0.02900000000463453,0.2392389353058162,-0.13548857
3.119615248223894,0.031000000620819368,0.2392389353058162,-0.13561769
3.119615248223894,0.03299999961335955,0.2392389353058162,-0.13575038
3.119615248223894,0.03500000022954439,0.2392389353058162,-0.13588475
3.119615248223894,0.03700000084572922,0.2392389353058162,-0.13601929
3.119615248223894,0.038999999838269406,0.2392389353058162,-0.13615271
3.119615248223894,0.04100000045445424,0.2392389353058162,-0.13628411
3.119615248223894,0.04300000107063908,0.2392389353058162,-0.13641272
3.119615248223894,0.04500000006317926,0.2392389353058162,-0.13653797
3.119615248223894,0.046999999055719444,0.2392389353058162,-0.13665943
3.119615248223894,0.04899999967190428,0.2392389353058162,-0.13677679
3.119615248223894,0.05100000028808912,0.2392389353058162,-0.13688982
3.119615248223894,0.0529999992806293,0.2392389353058162,-0.13699834
3.119615248223894,0.05499999827316948,0.2392389353058162,-0.13710226
3.119615248223894,0.05699999726570966,0.2392389353058162,-0.13720135
3.119615248223894,0.05899999950553916,0.2392389353058162,-0.13729568
3.119615248223894,0.06100000174536865,0.2392389353058162,-0.13738467
3.119615248223894,0.06300000073790883,0.2392389353058162,-0.13746929
3.119615248223894,0.06499999973044901,0.2392389353058162,-0.13754937
3.119615248223894,0.06699999872298919,0.2392389353058162,-0.13762386
3.119615248223894,0.06899999771552937,0.2392389353058162,-0.1376935
3.1654400597722625,0.0010000000036590455,0.2308247540785179,-0.12503001
3.1654400597722625,0.003000000010977137,0.2308247540785179,-0.12500477
3.1654400597722625,0.004999999916817437,0.2308247540785179,-0.1249541
3.1654400597722625,0.006999999924135528,0.2308247540785179,-0.124873586
3.1654400597722625,0.008999999931453619,0.2308247540785179,-0.12479879
3.1654400597722625,0.010999999735816128,0.2308247540785179,-0.12473784
3.1654400597722625,0.012999999540178638,0.2308247540785179,-0.124703325
3.1654400597722625,0.014999999750452311,0.2308247540785179,-0.12469488
3.1654400597722625,0.01700000036663715,0.2308247540785179,-0.124713935
3.1654400597722625,0.01900000017099966,0.2308247540785179,-0.12475703
3.1654400597722625,0.020999999975362168,0.2308247540785179,-0.12482175
3.1654400597722625,0.022999999779724677,0.2308247540785179,-0.12490418
3.1654400597722625,0.024999999584087183,0.2308247540785179,-0.12500112
3.1654400597722625,0.026999999388449693,0.2308247540785179,-0.12510927
3.1654400597722625,0.02900000000463453,0.2308247540785179,-0.12522577
3.1654400597722625,0.031000000620819368,0.2308247540785179,-0.12534809
3.1654400597722625,0.03299999961335955,0.2308247540785179,-0.12547407
3.1654400597722625,0.03500000022954439,0.2308247540785179,-0.12560186
3.1654400597722625,0.03700000084572922,0.2308247540785179,-0.12572998
3.1654400597722625,0.038999999838269406,0.2308247540785179,-0.12585719
3.1654400597722625,0.04100000045445424,0.2308247540785179,-0.12598255
3.1654400597722625,0.04300000107063908,0.2308247540785179,-0.12610531
3.1654400597722625,0.04500000006317926,0.2308247540785179,-0.12622488
3.1654400597722625,0.046999999055719444,0.2308247540785179,-0.1263408
3.1654400597722625,0.04899999967190428,0.2308247540785179,-0.1264528
3.1654400597722625,0.05100000028808912,0.2308247540785179,-0.12656063
3.1654400597722625,0.0529999992806293,0.2308247540785179,-0.1266641
3.1654400597722625,0.05499999827316948,0.2308247540785179,-0.12676314
3.1654400597722625,0.05699999726570966,0.2308247540785179,-0.12685755
3.1654400597722625,0.05899999950553916,0.2308247540785179,-0.12694736
3.1654400597722625,0.06100000174536865,0.2308247540785179,-0.1270321
3.1654400597722625,0.06300000073790883,0.2308247540785179,-0.1271124
3.1654400597722625,0.06499999973044901,0.2308247540785179,-0.12718844
3.1654400597722625,0.06699999872298919,0.2308247540785179,-0.12725931
3.1654400597722625,0.06899999771552937,0.2308247540785179,-0.12732546
3.2103694507766467,0.0010000000036590455,0.2224788568508675,-0.11505517
3.2103694507766467,0.003000000010977137,0.2224788568508675,-0.115032166
3.2103694507766467,0.004999999916817437,0.2224788568508675,-0.11498409
3.2103694507766467,0.006999999924135528,0.2224788568508675,-0.11490802
3.2103694507766467,0.008999999931453619,0.2224788568508675,-0.11483697
3.2103694507766467,0.010999999735816128,0.2224788568508675,-0.114778906
3.2103694507766467,0.012999999540178638,0.2224788568508675,-0.11474594
3.2103694507766467,0.014999999750452311,0.2224788568508675,-0.114737816
3.2103694507766467,0.01700000036663715,0.2224788568508675,-0.114756025
3.2103694507766467,0.01900000017099966,0.2224788568508675,-0.11479733
3.2103694507766467,0.020999999975362168,0.2224788568508675,-0.11485948
3.2103694507766467,0.022999999779724677,0.2224788568508675,-0.11493874
3.2103694507766467,0.024999999584087183,0.2224788568508675,-0.11503211
3.2103694507766467,0.026999999388449693,0.2224788568508675,-0.1151364
3.2103694507766467,0.02900000000463453,0.2224788568508675,-0.11524883
3.2103694507766467,0.031000000620819368,0.2224788568508675,-0.11536698
3.2103694507766467,0.03299999961335955,0.2224788568508675,-0.11548872
3.2103694507766467,0.03500000022954439,0.2224788568508675,-0.115612276
3.2103694507766467,0.03700000084572922,0.2224788568508675,-0.11573616
3.2103694507766467,0.038999999838269406,0.2224788568508675,-0.11585916
3.2103694507766467,0.04100000045445424,0.2224788568508675,-0.11598033
3.2103694507766467,0.04300000107063908,0.2224788568508675,-0.11609891
3.2103694507766467,0.04500000006317926,0.2224788568508675,-0.11621432
3.2103694507766467,0.046999999055719444,0.2224788568508675,-0.1163261
3.2103694507766467,0.04899999967190428,0.2224788568508675,-0.11643395
3.2103694507766467,0.05100000028808912,0.2224788568508675,-0.11653763
3.2103694507766467,0.0529999992806293,0.2224788568508675,-0.11663697
3.2103694507766467,0.05499999827316948,0.2224788568508675,-0.11673184
3.2103694507766467,0.05699999726570966,0.2224788568508675,-0.116822146
3.2103694507766467,0.05899999950553916,0.2224788568508675,-0.11690784
3.2103694507766467,0.06100000174536865,0.2224788568508675,-0.11698865
3.2103694507766467,0.06300000073790883,0.2224788568508675,-0.11706476
3.2103694507766467,0.06499999973044901,0.2224788568508675,-0.11713653
3.2103694507766467,0.06699999872298919,0.2224788568508675,-0.117203616
3.2103694507766467,0.06899999771552937,0.2224788568508675,-0.117265865
3.254387522508576,0.0010000000036590455,0.21420901113889873,-0.104871094
3.254387522508576,0.003000000010977137,0.21420901113889873,-0.10484932
3.254387522508576,0.004999999916817437,0.21420901113889873,-0.104803056
3.254387522508576,0.006999999924135528,0.21420901113889873,-0.1047287
3.254387522508576,0.008999999931453619,0.21420901113889873,-0.10465822
3.254387522508576,0.010999999735816128,0.21420901113889873,-0.10459936
3.254387522508576,0.012999999540178638,0.21420901113889873,-0.104563884
3.254387522508576,0.014999999750452311,0.21420901113889873,-0.10455188
3.254387522508576,0.01700000036663715,0.21420901113889873,-0.10456489
3.254387522508576,0.01900000017099966,0.21420901113889873,-0.10460004
3.254387522508576,0.020999999975362168,0.21420901113889873,-0.10465526
3.254387522508576,0.022999999779724677,0.21420901113889873,-0.104727075
3.254387522508576,0.024999999584087183,0.21420901113889873,-0.10481267
3.254387522508576,0.026999999388449693,0.21420901113889873,-0.10490898
3.254387522508576,0.02900000000463453,0.21420901113889873,-0.1050134
3.254387522508576,0.031000000620819368,0.21420901113889873,-0.10512359
3.254387522508576,0.03299999961335955,0.21420901113889873,-0.105237484
3.254387522508576,0.03500000022954439,0.21420901113889873,-0.105353355
3.254387522508576,0.03700000084572922,0.21420901113889873,-0.10546978
3.254387522508576,0.038999999838269406,0.21420901113889873,-0.105585545
3.254387522508576,0.04100000045445424,0.21420901113889873,-0.10569972
3.254387522508576,0.04300000107063908,0.21420901113889873,-0.10581153
3.254387522508576,0.04500000006317926,0.21420901113889873,-0.105920404
3.254387522508576,0.046999999055719444,0.21420901113889873,-0.1060259
3.254387522508576,0.04899999967190428,0.21420901113889873,-0.10612768
3.254387522508576,0.05100000028808912,0.21420901113889873,-0.106225505
3.254387522508576,0.0529999992806293,0.21420901113889873,-0.10631921
3.254387522508576,0.05499999827316948,0.21420901113889873,-0.10640865
3.254387522508576,0.05699999726570966,0.21420901113889873,-0.10649378
3.254387522508576,0.05899999950553916,0.21420901113889873,-0.106574446
3.254387522508576,0.06100000174536865,0.21420901113889873,-0.10665072
3.254387522508576,0.06300000073790883,0.21420901113889873,-0.10672212
3.254387522508576,0.06499999973044901,0.21420901113889873,-0.10678941
3.254387522508576,0.06699999872298919,0.21420901113889873,-0.106852695
3.254387522508576,0.06899999771552937,0.21420901113889873,-0.106910996
3.297481597550577,0.0010000000036590455,0.2060250107671759,-0.09487077
3.297481597550577,0.003000000010977137,0.2060250107671759,-0.094851114
3.297481597550577,0.004999999916817437,0.2060250107671759,-0.094807
3.297481597550577,0.006999999924135528,0.2060250107671759,-0.09473639
3.297481597550577,0.008999999931453619,0.2060250107671759,-0.094668865
3.297481597550577,0.010999999735816128,0.2060250107671759,-0.09461215
3.297481597550577,0.012999999540178638,0.2060250107671759,-0.09457755
3.297481597550577,0.014999999750452311,0.2060250107671759,-0.09456533
3.297481597550577,0.01700000036663715,0.2060250107671759,-0.09457702
3.297481597550577,0.01900000017099966,0.2060250107671759,-0.09461002
3.297481597550577,0.020999999975362168,0.2060250107671759,-0.094662346
3.297481597550577,0.022999999779724677,0.2060250107671759,-0.09473076
3.297481597550577,0.024999999584087183,0.2060250107671759,-0.09481255
3.297481597550577,0.026999999388449693,0.2060250107671759,-0.09490479
3.297481597550577,0.02900000000463453,0.2060250107671759,-0.095005006
3.297481597550577,0.031000000620819368,0.2060250107671759,-0.095110886
3.297481597550577,0.03299999961335955,0.2060250107671759,-0.09522048
3.297481597550577,0.03500000022954439,0.2060250107671759,-0.09533205
3.297481597550577,0.03700000084572922,0.2060250107671759,-0.09544421
3.297481597550577,0.038999999838269406,0.2060250107671759,-0.09555579
3.297481597550577,0.04100000045445424,0.2060250107671759,-0.09566583
3.297481597550577,0.04300000107063908,0.2060250107671759,-0.09577358
3.297481597550577,0.04500000006317926,0.2060250107671759,-0.095878445
3.297481597550577,0.046999999055719444,0.2060250107671759,-0.09597999
3.297481597550577,0.04899999967190428,0.2060250107671759,-0.09607787
3.297481597550577,0.05100000028808912,0.2060250107671759,-0.096171826
3.297481597550577,0.0529999992806293,0.2060250107671759,-0.096261695
3.297481597550577,0.05499999827316948,0.2060250107671759,-0.09634733
3.297481597550577,0.05699999726570966,0.2060250107671759,-0.096428715
3.297481597550577,0.05899999950553916,0.2060250107671759,-0.096505664
3.297481597550577,0.06100000174536865,0.2060250107671759,-0.09657833
3.297481597550577,0.06300000073790883,0.2060250107671759,-0.09664617
3.297481597550577,0.06499999973044901,0.2060250107671759,-0.096709795
3.297481597550577,0.06699999872298919,0.2060250107671759,-0.09676946
3.297481597550577,0.06899999771552937,0.2060250107671759,-0.09682431
3.3396404532707886,0.0010000000036590455,0.19793300610165548,-0.084833354
3.3396404532707886,0.003000000010977137,0.19793300610165548,-0.084815584
3.3396404532707886,0.004999999916817437,0.19793300610165548,-0.0847733
3.3396404532707886,0.006999999924135528,0.19793300610165548,-0.0847062
3.3396404532707886,0.008999999931453619,0.19793300610165548,-0.08464114
3.3396404532707886,0.010999999735816128,0.19793300610165548,-0.084586255
3.3396404532707886,0.012999999540178638,0.19793300610165548,-0.08455207
3.3396404532707886,0.014999999750452311,0.19793300610165548,-0.08453921
3.3396404532707886,0.01700000036663715,0.19793300610165548,-0.08454914
3.3396404532707886,0.01900000017099966,0.19793300610165548,-0.084579505
3.3396404532707886,0.020999999975362168,0.19793300610165548,-0.08462847
3.3396404532707886,0.022999999779724677,0.19793300610165548,-0.084692985
3.3396404532707886,0.024999999584087183,0.19793300610165548,-0.08477046
3.3396404532707886,0.026999999388449693,0.19793300610165548,-0.08485813
3.3396404532707886,0.02900000000463453,0.19793300610165548,-0.0849536
3.3396404532707886,0.031000000620819368,0.19793300610165548,-0.08505464
3.3396404532707886,0.03299999961335955,0.19793300610165548,-0.08515936
3.3396404532707886,0.03500000022954439,0.19793300610165548,-0.085266106
3.3396404532707886,0.03700000084572922,0.19793300610165548,-0.08537348
3.3396404532707886,0.038999999838269406,0.19793300610165548,-0.08548035
3.3396404532707886,0.04100000045445424,0.19793300610165548,-0.085585766
3.3396404532707886,0.04300000107063908,0.19793300610165548,-0.08568896
3.3396404532707886,0.04500000006317926,0.19793300610165548,-0.085789375
3.3396404532707886,0.046999999055719444,0.19793300610165548,-0.08588653
3.3396404532707886,0.04899999967190428,0.19793300610165548,-0.085980095
3.3396404532707886,0.05100000028808912,0.19793300610165548,-0.08606979
3.3396404532707886,0.0529999992806293,0.19793300610165548,-0.086155474
3.3396404532707886,0.05499999827316948,0.19793300610165548,-0.08623699
3.3396404532707886,0.05699999726570966,0.19793300610165548,-0.0863143
3.3396404532707886,0.05899999950553916,0.19793300610165548,-0.08638729
3.3396404532707886,0.06100000174536865,0.19793300610165548,-0.086455986
3.3396404532707886,0.06300000073790883,0.19793300610165548,-0.086520135
3.3396404532707886,0.06499999973044901,0.19793300610165548,-0.08657989
3.3396404532707886,0.06699999872298919,0.19793300610165548,-0.0866356
3.3396404532707886,0.06899999771552937,0.19793300610165548,-0.08668691
3.3808548413892505,0.0010000000036590455,0.18993810837571426,-0.07485608
3.3808548413892505,0.003000000010977137,0.18993810837571426,-0.07484013
3.3808548413892505,0.004999999916817437,0.18993810837571426,-0.0747996
3.3808548413892505,0.006999999924135528,0.18993810837571426,-0.07473602
3.3808548413892505,0.008999999931453619,0.18993810837571426,-0.074673384
3.3808548413892505,0.010999999735816128,0.18993810837571426,-0.074620426
3.3808548413892505,0.012999999540178638,0.18993810837571426,-0.074586764
3.3808548413892505,0.014999999750452311,0.18993810837571426,-0.07457345
3.3808548413892505,0.01700000036663715,0.18993810837571426,-0.07458177
3.3808548413892505,0.01900000017099966,0.18993810837571426,-0.07460971
3.3808548413892505,0.020999999975362168,0.18993810837571426,-0.074655496
3.3808548413892505,0.022999999779724677,0.18993810837571426,-0.074716285
3.3808548413892505,0.024999999584087183,0.18993810837571426,-0.07478962
3.3808548413892505,0.026999999388449693,0.18993810837571426,-0.074872844
3.3808548413892505,0.02900000000463453,0.18993810837571426,-0.0749637
3.3808548413892505,0.031000000620819368,0.18993810837571426,-0.07506004
3.3808548413892505,0.03299999961335955,0.18993810837571426,-0.07516
3.3808548413892505,0.03500000022954439,0.18993810837571426,-0.075261995
3.3808548413892505,0.03700000084572922,0.18993810837571426,-0.07536467
3.3808548413892505,0.038999999838269406,0.18993810837571426,-0.07546689
3.3808548413892505,0.04100000045445424,0.18993810837571426,-0.07556773
3.3808548413892505,0.04300000107063908,0.18993810837571426,-0.07566644
3.3808548413892505,0.04500000006317926,0.18993810837571426,-0.075762436
3.3808548413892505,0.046999999055719444,0.18993810837571426,-0.07585525
3.3808548413892505,0.04899999967190428,0.18993810837571426,-0.07594453
3.3808548413892505,0.05100000028808912,0.18993810837571426,-0.07603001
3.3808548413892505,0.0529999992806293,0.18993810837571426,-0.076111525
3.3808548413892505,0.05499999827316948,0.18993810837571426,-0.07618896
3.3808548413892505,0.05699999726570966,0.18993810837571426,-0.07626222
3.3808548413892505,0.05899999950553916,0.18993810837571426,-0.07633126
3.3808548413892505,0.06100000174536865,0.18993810837571426,-0.07639598
3.3808548413892505,0.06300000073790883,0.18993810837571426,-0.076456435
3.3808548413892505,0.06499999973044901,0.18993810837571426,-0.0765123
3.3808548413892505,0.06699999872298919,0.18993810837571426,-0.07656402
3.3808548413892505,0.06899999771552937,0.18993810837571426,-0.076611824
3.421118319283968,0.0010000000036590455,0.18204714988606413,-0.06479781
3.421118319283968,0.003000000010977137,0.18204714988606413,-0.06478322
3.421118319283968,0.004999999916817437,0.18204714988606413,-0.06474392
3.421118319283968,0.006999999924135528,0.18204714988606413,-0.06468323
3.421118319283968,0.008999999931453619,0.18204714988606413,-0.06462185
3.421118319283968,0.010999999735816128,0.18204714988606413,-0.06456946
3.421118319283968,0.012999999540178638,0.18204714988606413,-0.06453479
3.421118319283968,0.014999999750452311,0.18204714988606413,-0.06451942
3.421118319283968,0.01700000036663715,0.18204714988606413,-0.06452451
3.421118319283968,0.01900000017099966,0.18204714988606413,-0.06454836
3.421118319283968,0.020999999975362168,0.18204714988606413,-0.064589314
3.421118319283968,0.022999999779724677,0.18204714988606413,-0.06464475
3.421118319283968,0.024999999584087183,0.18204714988606413,-0.06471233
3.421118319283968,0.026999999388449693,0.18204714988606413,-0.06478956
3.421118319283968,0.02900000000463453,0.18204714988606413,-0.06487428
3.421118319283968,0.031000000620819368,0.18204714988606413,-0.06496443
3.421118319283968,0.03299999961335955,0.18204714988606413,-0.06505821
3.421118319283968,0.03500000022954439,0.18204714988606413,-0.06515411
3.421118319283968,0.03700000084572922,0.18204714988606413,-0.06525079
3.421118319283968,0.038999999838269406,0.18204714988606413,-0.06534715
3.421118319283968,0.04100000045445424,0.18204714988606413,-0.06544227
3.421118319283968,0.04300000107063908,0.18204714988606413,-0.065535426
3.421118319283968,0.04500000006317926,0.18204714988606413,-0.06562601
3.421118319283968,0.046999999055719444,0.18204714988606413,-0.06571357
3.421118319283968,0.04899999967190428,0.18204714988606413,-0.06579774
3.421118319283968,0.05100000028808912,0.18204714988606413,-0.065878265
3.421118319283968,0.0529999992806293,0.18204714988606413,-0.065954976
3.421118319283968,0.05499999827316948,0.18204714988606413,-0.06602774
3.421118319283968,0.05699999726570966,0.18204714988606413,-0.06609646
3.421118319283968,0.05899999950553916,0.18204714988606413,-0.066161096
3.421118319283968,0.06100000174536865,0.18204714988606413,-0.06622155
3.421118319283968,0.06300000073790883,0.18204714988606413,-0.066277884
3.421118319283968,0.06499999973044901,0.18204714988606413,-0.066329844
3.421118319283968,0.06699999872298919,0.18204714988606413,-0.06637756
3.421118319283968,0.06899999771552937,0.18204714988606413,-0.06642152
3.460426626511365,0.0010000000036590455,0.1742676318710153,-0.05480816
3.460426626511365,0.003000000010977137,0.1742676318710153,-0.054795124
3.460426626511365,0.004999999916817437,0.1742676318710153,-0.054757584
3.460426626511365,0.006999999924135528,0.1742676318710153,-0.054700095
3.460426626511365,0.008999999931453619,0.1742676318710153,-0.05464106
3.460426626511365,0.010999999735816128,0.1742676318710153,-0.05459041
3.460426626511365,0.012999999540178638,0.1742676318710153,-0.0545563
3.460426626511365,0.014999999750452311,0.1742676318710153,-0.054540537
3.460426626511365,0.01700000036663715,0.1742676318710153,-0.05454421
3.460426626511365,0.01900000017099966,0.1742676318710153,-0.05456588
3.460426626511365,0.020999999975362168,0.1742676318710153,-0.05460395
3.460426626511365,0.022999999779724677,0.1742676318710153,-0.054656003
3.460426626511365,0.024999999584087183,0.1742676318710153,-0.054719806
3.460426626511365,0.026999999388449693,0.1742676318710153,-0.054792996
3.460426626511365,0.02900000000463453,0.1742676318710153,-0.054873485
3.460426626511365,0.031000000620819368,0.1742676318710153,-0.05495929
3.460426626511365,0.03299999961335955,0.1742676318710153,-0.055048708
3.460426626511365,0.03500000022954439,0.1742676318710153,-0.055140242
3.460426626511365,0.03700000084572922,0.1742676318710153,-0.05523259
3.460426626511365,0.038999999838269406,0.1742676318710153,-0.055324674
3.460426626511365,0.04100000045445424,0.1742676318710153,-0.0554156
3.460426626511365,0.04300000107063908,0.1742676318710153,-0.055504624
3.460426626511365,0.04500000006317926,0.1742676318710153,-0.055591166
3.460426626511365,0.046999999055719444,0.1742676318710153,-0.055674747
3.460426626511365,0.04899999967190428,0.1742676318710153,-0.05575501
3.460426626511365,0.05100000028808912,0.1742676318710153,-0.05583171
3.460426626511365,0.0529999992806293,0.1742676318710153,-0.05590465
3.460426626511365,0.05499999827316948,0.1742676318710153,-0.0559737
3.460426626511365,0.05699999726570966,0.1742676318710153,-0.05603876
3.460426626511365,0.05899999950553916,0.1742676318710153,-0.05609978
3.460426626511365,0.06100000174536865,0.1742676318710153,-0.05615669
3.460426626511365,0.06300000073790883,0.1742676318710153,-0.056209497
3.460426626511365,0.06499999973044901,0.1742676318710153,-0.056258097
3.460426626511365,0.06699999872298919,0.1742676318710153,-0.05630242
3.460426626511365,0.06899999771552937,0.1742676318710153,-0.05634282
3.498777165239991,0.0010000000036590455,0.16660519811939162,-0.044816308
3.498777165239991,0.003000000010977137,0.16660519811939162,-0.044804703
3.498777165239991,0.004999999916817437,0.16660519811939162,-0.044769134
3.498777165239991,0.006999999924135528,0.16660519811939162,-0.044714484
3.498777165239991,0.008999999931453619,0.16660519811939162,-0.044657625
3.498777165239991,0.010999999735816128,0.16660519811939162,-0.044608522
3.498777165239991,0.012999999540178638,0.16660519811939162,-0.0445748
3.498777165239991,0.014999999750452311,0.16660519811939162,-0.044558484
3.498777165239991,0.01700000036663715,0.16660519811939162,-0.044560615
3.498777165239991,0.01900000017099966,0.16660519811939162,-0.044579953
3.498777165239991,0.020999999975362168,0.16660519811939162,-0.044615027
3.498777165239991,0.022999999779724677,0.16660519811939162,-0.04466358
3.498777165239991,0.024999999584087183,0.16660519811939162,-0.044723485
3.498777165239991,0.026999999388449693,0.16660519811939162,-0.04479251
3.498777165239991,0.02900000000463453,0.16660519811939162,-0.04486865
3.498777165239991,0.031000000620819368,0.16660519811939162,-0.044950016
3.498777165239991,0.03299999961335955,0.16660519811939162,-0.045034956
3.498777165239991,0.03500000022954439,0.16660519811939162,-0.04512201
3.536169415903557,0.0010000000036590455,0.15906495986456984,-0.03486352
3.536169415903557,0.003000000010977137,0.15906495986456984,-0.034853574
3.536169415903557,0.004999999916817437,0.15906495986456984,-0.034819767
3.536169415903557,0.006999999924135528,0.15906495986456984,-0.034767956
3.536169415903557,0.008999999931453619,0.15906495986456984,-0.03471323
3.536169415903557,0.010999999735816128,0.15906495986456984,-0.034665775
3.536169415903557,0.012999999540178638,0.15906495986456984,-0.034632582
3.536169415903557,0.014999999750452311,0.15906495986456984,-0.034615908
3.536169415903557,0.01700000036663715,0.15906495986456984,-0.03461672
3.536169415903557,0.01900000017099966,0.15906495986456984,-0.03463401
3.536169415903557,0.020999999975362168,0.15906495986456984,-0.034666363
3.536169415903557,0.022999999779724677,0.15906495986456984,-0.034711722
3.536169415903557,0.024999999584087183,0.15906495986456984,-0.034768052
3.536169415903557,0.026999999388449693,0.15906495986456984,-0.034833234
3.536169415903557,0.02900000000463453,0.15906495986456984,-0.03490535
3.5726045215479,0.0010000000036590455,0.15165169062183825,-0.024921656
3.5726045215479,0.003000000010977137,0.15165169062183825,-0.024912998
3.5726045215479,0.004999999916817437,0.15165169062183825,-0.02488137
3.5726045215479,0.006999999924135528,0.15165169062183825,-0.02483228
3.5726045215479,0.008999999931453619,0.15165169062183825,-0.024779873
3.5726045215479,0.010999999735816128,0.15165169062183825,-0.024734162
3.5726045215479,0.012999999540178638,0.15165169062183825,-0.024701748
3.5726045215479,0.014999999750452311,0.15165169062183825,-0.024684953
3.5726045215479,0.01700000036663715,0.15165169062183825,-0.024684764
3.5726045215479,0.01900000017099966,0.15165169062183825,-0.02470032
3.5726045215479,0.020999999975362168,0.15165169062183825,-0.024730325
3.5726045215479,0.022999999779724677,0.15165169062183825,-0.02477285
3.5726045215479,0.024999999584087183,0.15165169062183825,-0.024825977
3.60808508000447,0.0010000000036590455,0.14436865716424446,-0.0150560485
3.60808508000447,0.003000000010977137,0.14436865716424446,-0.015048424
3.60808508000447,0.004999999916817437,0.14436865716424446,-0.015019204
3.60808508000447,0.006999999924135528,0.14436865716424446,-0.014973092
3.60808508000447,0.008999999931453619,0.14436865716424446,-0.014923627
3.60808508000447,0.010999999735816128,0.14436865716424446,-0.014880302
3.60808508000447,0.012999999540178638,0.14436865716424446,-0.014849499
3.60808508000447,0.014999999750452311,0.14436865716424446,-0.014833479
3.60808508000447,0.01700000036663715,0.14436865716424446,-0.01483327
3.60808508000447,0.01900000017099966,0.14436865716424446,-0.014848105
3.642615455630102,0.0010000000036590455,0.137218801535905,-0.0052037635
3.642615455630102,0.003000000010977137,0.137218801535905,-0.005197005
3.642615455630102,0.004999999916817437,0.137218801535905,-0.0051693153
3.642615455630102,0.006999999924135528,0.137218801535905,-0.0051255818
3.642615455630102,0.008999999931453619,0.137218801535905,-0.005078501
3.642615455630102,0.010999999735816128,0.137218801535905,-0.005036676
0.04774384750014319,0.0010000000036590455,-0.1755375298184331,0.46424884
0.04774384750014319,0.003000000010977137,-0.1755375298184331,0.4620049
0.043537183905038544,0.0010000000036590455,-0.1678550018405482,0.5011181
0.043537183905038544,0.003000000010977137,-0.1678550018405482,0.49893388
0.043537183905038544,0.004999999916817437,-0.1678550018405482,0.48153928
0.043537183905038544,0.006999999924135528,-0.1678550018405482,0.45677006
0.043537183905038544,0.008999999931453619,-0.1678550018405482,0.4294327
0.043537183905038544,0.010999999735816128,-0.1678550018405482,0.40982905
0.043537183905038544,0.012999999540178638,-0.1678550018405482,0.40433878
0.043537183905038544,0.014999999750452311,-0.1678550018405482,0.41129375
0.043537183905038544,0.01700000036663715,-0.1678550018405482,0.42071015
0.043537183905038544,0.01900000017099966,-0.1678550018405482,0.42653698
0.043537183905038544,0.020999999975362168,-0.1678550018405482,0.42803407
0.043537183905038544,0.022999999779724677,-0.1678550018405482,0.42576563
0.043537183905038544,0.024999999584087183,-0.1678550018405482,0.43433413
0.043537183905038544,0.026999999388449693,-0.1678550018405482,0.4408993
0.043537183905038544,0.02900000000463453,-0.1678550018405482,0.4366781
0.043537183905038544,0.031000000620819368,-0.1678550018405482,0.43025604
0.043537183905038544,0.03299999961335955,-0.1678550018405482,0.4278953
0.043537183905038544,0.03500000022954439,-0.1678550018405482,0.4282427
0.043537183905038544,0.03700000084572922,-0.1678550018405482,0.4287633
0.043537183905038544,0.038999999838269406,-0.1678550018405482,0.42841402
0.043537183905038544,0.04100000045445424,-0.1678550018405482,0.42751652
0.043537183905038544,0.04300000107063908,-0.1678550018405482,0.4260847
0.043537183905038544,0.04500000006317926,-0.1678550018405482,0.4246164
0.043537183905038544,0.046999999055719444,-0.1678550018405482,0.42294478
0.043537183905038544,0.04899999967190428,-0.1678550018405482,0.42098045
0.043537183905038544,0.05100000028808912,-0.1678550018405482,0.41872898
0.043537183905038544,0.0529999992806293,-0.1678550018405482,0.41621372
0.043537183905038544,0.05499999827316948,-0.1678550018405482,0.41343805
0.043537183905038544,0.05699999726570966,-0.1678550018405482,0.4104469
0.043537183905038544,0.05899999950553916,-0.1678550018405482,0.40729907
0.043537183905038544,0.06100000174536865,-0.1678550018405482,0.40405428
0.043537183905038544,0.06300000073790883,-0.1678550018405482,0.40077496
0.043537183905038544,0.06499999973044901,-0.1678550018405482,0.39753324
0.043537183905038544,0.06699999872298919,-0.1678550018405482,0.39437968
0.043537183905038544,0.06899999771552937,-0.1678550018405482,0.39134854
0.03949988593127854,0.0010000000036590455,-0.16008217973606023,0.5374637
0.03949988593127854,0.003000000010977137,-0.16008217973606023,0.5354196
0.03949988593127854,0.004999999916817437,-0.16008217973606023,0.5179254
0.03949988593127854,0.006999999924135528,-0.16008217973606023,0.492958
0.03949988593127854,0.008999999931453619,-0.16008217973606023,0.46534467
0.03949988593127854,0.010999999735816128,-0.16008217973606023,0.4459206
0.03949988593127854,0.012999999540178638,-0.16008217973606023,0.44072452
0.03949988593127854,0.014999999750452311,-0.16008217973606023,0.44813636
0.03949988593127854,0.01700000036663715,-0.16008217973606023,0.4574436
0.03949988593127854,0.01900000017099966,-0.16008217973606023,0.46334562
0.03949988593127854,0.020999999975362168,-0.16008217973606023,0.464338
0.03949988593127854,0.022999999779724677,-0.16008217973606023,0.46254563
0.03949988593127854,0.024999999584087183,-0.16008217973606023,0.4719891
0.03949988593127854,0.026999999388449693,-0.16008217973606023,0.47770926
0.03949988593127854,0.02900000000463453,-0.16008217973606023,0.47273913
0.03949988593127854,0.031000000620819368,-0.16008217973606023,0.4665102
0.03949988593127854,0.03299999961335955,-0.16008217973606023,0.46452358
0.03949988593127854,0.03500000022954439,-0.16008217973606023,0.465049
0.03949988593127854,0.03700000084572922,-0.16008217973606023,0.46549395
0.03949988593127854,0.038999999838269406,-0.16008217973606023,0.46515444
0.03949988593127854,0.04100000045445424,-0.16008217973606023,0.46412206
0.03949988593127854,0.04300000107063908,-0.16008217973606023,0.46270666
0.03949988593127854,0.04500000006317926,-0.16008217973606023,0.4612168
0.03949988593127854,0.046999999055719444,-0.16008217973606023,0.45950842
0.03949988593127854,0.04899999967190428,-0.16008217973606023,0.4575
0.03949988593127854,0.05100000028808912,-0.16008217973606023,0.4552062
0.03949988593127854,0.0529999992806293,-0.16008217973606023,0.4526431
0.03949988593127854,0.05499999827316948,-0.16008217973606023,0.44982383
0.03949988593127854,0.05699999726570966,-0.16008217973606023,0.44679275
0.03949988593127854,0.05899999950553916,-0.16008217973606023,0.44361833
0.03949988593127854,0.06100000174536865,-0.16008217973606023,0.4403618
0.03949988593127854,0.06300000073790883,-0.16008217973606023,0.43708768
0.03949988593127854,0.06499999973044901,-0.16008217973606023,0.43386903
0.03949988593127854,0.06699999872298919,-0.16008217973606023,0.4307464
0.03949988593127854,0.06899999771552937,-0.16008217973606023,0.42776203
0.035635483382345075,0.0010000000036590455,-0.1522220055490857,0.5731654
0.035635483382345075,0.003000000010977137,-0.1522220055490857,0.57130075
0.035635483382345075,0.004999999916817437,-0.1522220055490857,0.553708
0.035635483382345075,0.006999999924135528,-0.1522220055490857,0.5285873
0.035635483382345075,0.008999999931453619,-0.1522220055490857,0.500728
0.035635483382345075,0.010999999735816128,-0.1522220055490857,0.48150864
0.035635483382345075,0.012999999540178638,-0.1522220055490857,0.47660503
0.035635483382345075,0.014999999750452311,-0.1522220055490857,0.4844288
0.035635483382345075,0.01700000036663715,-0.1522220055490857,0.49364975
0.035635483382345075,0.01900000017099966,-0.1522220055490857,0.49955618
0.035635483382345075,0.020999999975362168,-0.1522220055490857,0.5001185
0.035635483382345075,0.022999999779724677,-0.1522220055490857,0.49882078
0.035635483382345075,0.024999999584087183,-0.1522220055490857,0.5089362
0.035635483382345075,0.026999999388449693,-0.1522220055490857,0.5138348
0.035635483382345075,0.02900000000463453,-0.1522220055490857,0.5083204
0.035635483382345075,0.031000000620819368,-0.1522220055490857,0.5022812
0.035635483382345075,0.03299999961335955,-0.1522220055490857,0.5006235
0.035635483382345075,0.03500000022954439,-0.1522220055490857,0.5013097
0.035635483382345075,0.03700000084572922,-0.1522220055490857,0.50169474
0.035635483382345075,0.038999999838269406,-0.1522220055490857,0.50137424
0.035635483382345075,0.04100000045445424,-0.1522220055490857,0.50021875
0.035635483382345075,0.04300000107063908,-0.1522220055490857,0.49881443
0.035635483382345075,0.04500000006317926,-0.1522220055490857,0.497314
0.035635483382345075,0.046999999055719444,-0.1522220055490857,0.49556905
0.035635483382345075,0.04899999967190428,-0.1522220055490857,0.4935217
0.035635483382345075,0.05100000028808912,-0.1522220055490857,0.4911917
0.035635483382345075,0.0529999992806293,-0.1522220055490857,0.48858726
0.035635483382345075,0.05499999827316948,-0.1522220055490857,0.48572883
0.035635483382345075,0.05699999726570966,-0.1522220055490857,0.48267308
0.035635483382345075,0.05899999950553916,-0.1522220055490857,0.47948307
0.035635483382345075,0.06100000174536865,-0.1522220055490857,0.47622135
0.035635483382345075,0.06300000073790883,-0.1522220055490857,0.47296214
0.035635483382345075,0.06499999973044901,-0.1522220055490857,0.46977392
0.035635483382345075,0.06699999872298919,-0.1522220055490857,0.46669167
0.035635483382345075,0.06899999771552937,-0.1522220055490857,0.4637617
0.031946257478979674,0.0010000000036590455,-0.1442781357273896,0.6078796
0.031946257478979674,0.003000000010977137,-0.1442781357273896,0.606173
0.031946257478979674,0.004999999916817437,-0.1442781357273896,0.58848906
0.031946257478979674,0.006999999924135528,-0.1442781357273896,0.56325287
0.031946257478979674,0.008999999931453619,-0.1442781357273896,0.5351864
0.031946257478979674,0.010999999735816128,-0.1442781357273896,0.5162022
0.031946257478979674,0.012999999540178638,-0.1442781357273896,0.5116155
0.031946257478979674,0.014999999750452311,-0.1442781357273896,0.51982605
0.031946257478979674,0.01700000036663715,-0.1442781357273896,0.5289659
0.031946257478979674,0.01900000017099966,-0.1442781357273896,0.5348521
0.031946257478979674,0.020999999975362168,-0.1442781357273896,0.53498805
0.031946257478979674,0.022999999779724677,-0.1442781357273896,0.53420717
0.031946257478979674,0.024999999584087183,-0.1442781357273896,0.5447087
0.031946257478979674,0.026999999388449693,-0.1442781357273896,0.54896206
0.031946257478979674,0.02900000000463453,-0.1442781357273896,0.5429442
0.031946257478979674,0.031000000620819368,-0.1442781357273896,0.5370695
0.031946257478979674,0.03299999961335955,-0.1442781357273896,0.5357384
0.031946257478979674,0.03500000022954439,-0.1442781357273896,0.5365601
0.031946257478979674,0.03700000084572922,-0.1442781357273896,0.5369017
0.031946257478979674,0.038999999838269406,-0.1442781357273896,0.5365774
0.031946257478979674,0.04100000045445424,-0.1442781357273896,0.5353304
0.031946257478979674,0.04300000107063908,-0.1442781357273896,0.5339358
0.031946257478979674,0.04500000006317926,-0.1442781357273896,0.53241813
0.031946257478979674,0.046999999055719444,-0.1442781357273896,0.530636
0.031946257478979674,0.04899999967190428,-0.1442781357273896,0.52854615
0.031946257478979674,0.05100000028808912,-0.1442781357273896,0.5261757
0.031946257478979674,0.0529999992806293,-0.1442781357273896,0.5235282
0.031946257478979674,0.05499999827316948,-0.1442781357273896,0.52063125
0.031946257478979674,0.05699999726570966,-0.1442781357273896,0.517549
0.031946257478979674,0.05899999950553916,-0.1442781357273896,0.51434094
0.031946257478979674,0.06100000174536865,-0.1442781357273896,0.5110773
0.031946257478979674,0.06300000073790883,-0.1442781357273896,0.50783557
0.031946257478979674,0.06499999973044901,-0.1442781357273896,0.5046731
0.031946257478979674,0.06699999872298919,-0.1442781357273896,0.5016323
0.031946257478979674,0.06899999771552937,-0.1442781357273896,0.49875522
0.028434033197775547,0.0010000000036590455,-0.1362544540289888,0.6415377
0.028434033197775547,0.003000000010977137,-0.1362544540289888,0.6399607
0.028434033197775547,0.004999999916817437,-0.1362544540289888,0.62219995
0.028434033197775547,0.006999999924135528,-0.1362544540289888,0.5968915
0.028434033197775547,0.008999999931453619,-0.1362544540289888,0.5686639
0.028434033197775547,0.010999999735816128,-0.1362544540289888,0.5499383
0.028434033197775547,0.012999999540178638,-0.1362544540289888,0.5456822
0.028434033197775547,0.014999999750452311,-0.1362544540289888,0.5542391
0.028434033197775547,0.01700000036663715,-0.1362544540289888,0.56331956
0.028434033197775547,0.01900000017099966,-0.1362544540289888,0.5691609
0.028434033197775547,0.020999999975362168,-0.1362544540289888,0.5688787
0.028434033197775547,0.022999999779724677,-0.1362544540289888,0.5686863
0.028434033197775547,0.024999999584087183,-0.1362544540289888,0.57953
0.028434033197775547,0.026999999388449693,-0.1362544540289888,0.58307457
0.028434033197775547,0.02900000000463453,-0.1362544540289888,0.5765823
0.028434033197775547,0.031000000620819368,-0.1362544540289888,0.5709188
0.028434033197775547,0.03299999961335955,-0.1362544540289888,0.5698924
0.028434033197775547,0.03500000022954439,-0.1362544540289888,0.57081443
0.028434033197775547,0.03700000084572922,-0.1362544540289888,0.5711177
0.028434033197775547,0.038999999838269406,-0.1362544540289888,0.5707781
0.028434033197775547,0.04100000045445424,-0.1362544540289888,0.56947875
0.028434033197775547,0.04300000107063908,-0.1362544540289888,0.56809366
0.028434033197775547,0.04500000006317926,-0.1362544540289888,0.5665584
0.028434033197775547,0.046999999055719444,-0.1362544540289888,0.5647427
0.028434033197775547,0.04899999967190428,-0.1362544540289888,0.5626171
0.028434033197775547,0.05100000028808912,-0.1362544540289888,0.56020826
0.028434033197775547,0.0529999992806293,-0.1362544540289888,0.55752474
0.028434033197775547,0.05499999827316948,-0.1362544540289888,0.5545938
0.028434033197775547,0.05699999726570966,-0.1362544540289888,0.551489
0.028434033197775547,0.05899999950553916,-0.1362544540289888,0.5482713
0.028434033197775547,0.06100000174536865,-0.1362544540289888,0.5450136
0.028434033197775547,0.06300000073790883,-0.1362544540289888,0.541795
0.028434033197775547,0.06499999973044901,-0.1362544540289888,0.53866404
0.028434033197775547,0.06699999872298919,-0.1362544540289888,0.5356697
0.028434033197775547,0.06899999771552937,-0.1362544540289888,0.5328502
0.02510058193505226,0.0010000000036590455,-0.12815489616852924,0.6737302
0.02510058193505226,0.003000000010977137,-0.12815489616852924,0.67224735
0.02510058193505226,0.004999999916817437,-0.12815489616852924,0.65439636
0.02510058193505226,0.006999999924135528,-0.12815489616852924,0.62903106
0.02510058193505226,0.008999999931453619,-0.12815489616852924,0.6006651
0.02510058193505226,0.010999999735816128,-0.12815489616852924,0.58221173
0.02510058193505226,0.012999999540178638,-0.12815489616852924,0.5782888
0.02510058193505226,0.014999999750452311,-0.12815489616852924,0.5871707
0.02510058193505226,0.01700000036663715,-0.12815489616852924,0.596218
0.02510058193505226,0.01900000017099966,-0.12815489616852924,0.6019977
0.02510058193505226,0.020999999975362168,-0.12815489616852924,0.60129994
0.02510058193505226,0.022999999779724677,-0.12815489616852924,0.6017099
0.02510058193505226,0.024999999584087183,-0.12815489616852924,0.61281556
0.02510058193505226,0.026999999388449693,-0.12815489616852924,0.6156494
0.02510058193505226,0.02900000000463453,-0.12815489616852924,0.60872996
0.02510058193505226,0.031000000620819368,-0.12815489616852924,0.6033145
0.02510058193505226,0.03299999961335955,-0.12815489616852924,0.60254836
0.02510058193505226,0.03500000022954439,-0.12815489616852924,0.603558
0.02510058193505226,0.03700000084572922,-0.12815489616852924,0.60382956
0.02510058193505226,0.038999999838269406,-0.12815489616852924,0.6034662
0.02510058193505226,0.04100000045445424,-0.12815489616852924,0.6021421
0.02510058193505226,0.04300000107063908,-0.12815489616852924,0.6007664
0.02510058193505226,0.04500000006317926,-0.12815489616852924,0.5992133
0.02510058193505226,0.046999999055719444,-0.12815489616852924,0.59736425
0.02510058193505226,0.04899999967190428,-0.12815489616852924,0.5952033
0.02510058193505226,0.05100000028808912,-0.12815489616852924,0.59275484
0.02510058193505226,0.0529999992806293,-0.12815489616852924,0.59003085
0.02510058193505226,0.05499999827316948,-0.12815489616852924,0.58706737
0.02510058193505226,0.05699999726570966,-0.12815489616852924,0.5839385
0.02510058193505226,0.05899999950553916,-0.12815489616852924,0.5807075
0.02510058193505226,0.06100000174536865,-0.12815489616852924,0.5774534
0.02510058193505226,0.06300000073790883,-0.12815489616852924,0.57425416
0.02510058193505226,0.06499999973044901,-0.12815489616852924,0.5711523
0.02510058193505226,0.06699999872298919,-0.12815489616852924,0.5682014
0.02510058193505226,0.06899999771552937,-0.12815489616852924,0.5654362
0.0219497265621521,0.0010000000036590455,-0.11998263799495777,0.70465815
0.0219497265621521,0.003000000010977137,-0.11998263799495777,0.7032412
0.0219497265621521,0.004999999916817437,-0.11998263799495777,0.685289
0.0219497265621521,0.006999999924135528,-0.11998263799495777,0.6598674
0.0219497265621521,0.008999999931453619,-0.11998263799495777,0.6313466
0.0219497265621521,0.010999999735816128,-0.11998263799495777,0.61313635
0.0219497265621521,0.012999999540178638,-0.11998263799495777,0.6095239
0.0219497265621521,0.014999999750452311,-0.11998263799495777,0.618722
0.0219497265621521,0.01700000036663715,-0.11998263799495777,0.6277569
0.0219497265621521,0.01900000017099966,-0.11998263799495777,0.63345796
0.0219497265621521,0.020999999975362168,-0.11998263799495777,0.6323698
0.0219497265621521,0.022999999779724677,-0.11998263799495777,0.6333951
0.0219497265621521,0.024999999584087183,-0.11998263799495777,0.6447393
0.0219497265621521,0.026999999388449693,-0.11998263799495777,0.6468778
0.0219497265621521,0.02900000000463453,-0.11998263799495777,0.63956803
0.0219497265621521,0.031000000620819368,-0.11998263799495777,0.6343939
0.0219497265621521,0.03299999961335955,-0.11998263799495777,0.6338279
0.0219497265621521,0.03500000022954439,-0.11998263799495777,0.63492304
0.0219497265621521,0.03700000084572922,-0.11998263799495777,0.6351693
0.0219497265621521,0.038999999838269406,-0.11998263799495777,0.63478094
0.0219497265621521,0.04100000045445424,-0.11998263799495777,0.6334574
0.0219497265621521,0.04300000107063908,-0.11998263799495777,0.63209397
0.0219497265621521,0.04500000006317926,-0.11998263799495777,0.6305293
0.0219497265621521,0.046999999055719444,-0.11998263799495777,0.62865365
0.0219497265621521,0.04899999967190428,-0.11998263799495777,0.62646425
0.0219497265621521,0.05100000028808912,-0.11998263799495777,0.6239826
0.0219497265621521,0.0529999992806293,-0.11998263799495777,0.6212251
0.0219497265621521,0.05499999827316948,-0.11998263799495777,0.6182394
0.0219497265621521,0.05699999726570966,-0.11998263799495777,0.61509246
0.0219497265621521,0.05899999950553916,-0.11998263799495777,0.61185586
0.0219497265621521,0.06100000174536865,-0.11998263799495777,0.60861397
0.0219497265621521,0.06300000073790883,-0.11998263799495777,0.60543567
0.0219497265621521,0.06499999973044901,-0.11998263799495777,0.60236955
0.0219497265621521,0.06699999872298919,-0.11998263799495777,0.599466
0.0219497265621521,0.06899999771552937,-0.11998263799495777,0.59675825
0.018988722335219883,0.0010000000036590455,-0.1117398032354843,0.7341507
0.018988722335219883,0.003000000010977137,-0.1117398032354843,0.7327747
0.018988722335219883,0.004999999916817437,-0.1117398032354843,0.7147226
0.018988722335219883,0.006999999924135528,-0.1117398032354843,0.68921906
0.018988722335219883,0.008999999931453619,-0.1117398032354843,0.6605242
0.018988722335219883,0.010999999735816128,-0.1117398032354843,0.64249337
0.018988722335219883,0.012999999540178638,-0.1117398032354843,0.6391618
0.018988722335219883,0.014999999750452311,-0.1117398032354843,0.64866984
0.018988722335219883,0.01700000036663715,-0.1117398032354843,0.6577152
0.018988722335219883,0.01900000017099966,-0.1117398032354843,0.66333616
0.018988722335219883,0.020999999975362168,-0.1117398032354843,0.66191256
0.018988722335219883,0.022999999779724677,-0.1117398032354843,0.6635404
0.018988722335219883,0.024999999584087183,-0.1117398032354843,0.67506886
0.018988722335219883,0.026999999388449693,-0.1117398032354843,0.67657346
0.018988722335219883,0.02900000000463453,-0.1117398032354843,0.6688713
0.018988722335219883,0.031000000620819368,-0.1117398032354843,0.663922
0.018988722335219883,0.03299999961335955,-0.1117398032354843,0.66352475
0.018988722335219883,0.03500000022954439,-0.1117398032354843,0.66471004
0.018988722335219883,0.03700000084572922,-0.1117398032354843,0.6649368
0.018988722335219883,0.038999999838269406,-0.1117398032354843,0.664514
0.018988722335219883,0.04100000045445424,-0.1117398032354843,0.66320693
0.018988722335219883,0.04300000107063908,-0.1117398032354843,0.6618591
0.018988722335219883,0.04500000006317926,-0.1117398032354843,0.6602834
0.018988722335219883,0.046999999055719444,-0.1117398032354843,0.65838563
0.018988722335219883,0.04899999967190428,-0.1117398032354843,0.6561682
0.018988722335219883,0.05100000028808912,-0.1117398032354843,0.6536544
0.018988722335219883,0.0529999992806293,-0.1117398032354843,0.6508653
0.018988722335219883,0.05499999827316948,-0.1117398032354843,0.6478547
0.018988722335219883,0.05699999726570966,-0.1117398032354843,0.6446896
0.018988722335219883,0.05899999950553916,-0.1117398032354843,0.64144945
0.018988722335219883,0.06100000174536865,-0.1117398032354843,0.63821995
0.018988722335219883,0.06300000073790883,-0.1117398032354843,0.63506216
0.018988722335219883,0.06499999973044901,-0.1117398032354843,0.63203156
0.018988722335219883,0.06699999872298919,-0.1117398032354843,0.6291751
0.018988722335219883,0.06899999771552937,-0.1117398032354843,0.6265244
0.016228956686049657,0.0010000000036590455,-0.1034275998817328,0.76245755
0.016228956686049657,0.003000000010977137,-0.1034275998817328,0.76116794
0.016228956686049657,0.004999999916817437,-0.1034275998817328,0.74304634
0.016228956686049657,0.006999999924135528,-0.1034275998817328,0.7174101
0.016228956686049657,0.008999999931453619,-0.1034275998817328,0.68849134
0.016228956686049657,0.010999999735816128,-0.1034275998817328,0.670557
0.016228956686049657,0.012999999540178638,-0.1034275998817328,0.6674275
0.016228956686049657,0.014999999750452311,-0.1034275998817328,0.6772127
0.016228956686049657,0.01700000036663715,-0.1034275998817328,0.6862709
0.016228956686049657,0.01900000017099966,-0.1034275998817328,0.6918433
0.016228956686049657,0.020999999975362168,-0.1034275998817328,0.69011116
0.016228956686049657,0.022999999779724677,-0.1034275998817328,0.69234014
0.016228956686049657,0.024999999584087183,-0.1034275998817328,0.7040565
0.016228956686049657,0.026999999388449693,-0.1034275998817328,0.7050208
0.016228956686049657,0.02900000000463453,-0.1034275998817328,0.69696605
0.016228956686049657,0.031000000620819368,-0.1034275998817328,0.6921919
0.016228956686049657,0.03299999961335955,-0.1034275998817328,0.69192535
0.016228956686049657,0.03500000022954439,-0.1034275998817328,0.6931901
0.016228956686049657,0.03700000084572922,-0.1034275998817328,0.6934071
0.016228956686049657,0.038999999838269406,-0.1034275998817328,0.6929467
0.016228956686049657,0.04100000045445424,-0.1034275998817328,0.6916637
0.016228956686049657,0.04300000107063908,-0.1034275998817328,0.6903304
0.016228956686049657,0.04500000006317926,-0.1034275998817328,0.6887489
0.016228956686049657,0.046999999055719444,-0.1034275998817328,0.6868361
0.016228956686049657,0.04899999967190428,-0.1034275998817328,0.68459827
0.016228956686049657,0.05100000028808912,-0.1034275998817328,0.6820627
0.016228956686049657,0.0529999992806293,-0.1034275998817328,0.6792497
0.016228956686049657,0.05499999827316948,-0.1034275998817328,0.67622375
0.016228956686049657,0.05699999726570966,-0.1034275998817328,0.67305225
0.016228956686049657,0.05899999950553916,-0.1034275998817328,0.6698189
0.016228956686049657,0.06100000174536865,-0.1034275998817328,0.666611
0.016228956686049657,0.06300000073790883,-0.1034275998817328,0.6634826
0.016228956686049657,0.06499999973044901,-0.1034275998817328,0.6604954
0.016228956686049657,0.06699999872298919,-0.1034275998817328,0.6576929
0.016228956686049657,0.06899999771552937,-0.1034275998817328,0.65510505
0.01368367084272133,0.0010000000036590455,-0.09504738530063563,0.7894653
0.01368367084272133,0.003000000010977137,-0.09504738530063563,0.7883161
0.01368367084272133,0.004999999916817437,-0.09504738530063563,0.7701838
0.01368367084272133,0.006999999924135528,-0.09504738530063563,0.7443996
0.01368367084272133,0.008999999931453619,-0.09504738530063563,0.71527016
0.01368367084272133,0.010999999735816128,-0.09504738530063563,0.6973969
0.01368367084272133,0.012999999540178638,-0.09504738530063563,0.69441175
0.01368367084272133,0.014999999750452311,-0.09504738530063563,0.7044392
0.01368367084272133,0.01700000036663715,-0.09504738530063563,0.7135019
0.01368367084272133,0.01900000017099966,-0.09504738530063563,0.7190489
0.01368367084272133,0.020999999975362168,-0.09504738530063563,0.7170304
0.01368367084272133,0.022999999779724677,-0.09504738530063563,0.7198493
0.01368367084272133,0.024999999584087183,-0.09504738530063563,0.73173064
0.01368367084272133,0.026999999388449693,-0.09504738530063563,0.7322649
0.01368367084272133,0.02900000000463453,-0.09504738530063563,0.72391456
0.01368367084272133,0.031000000620819368,-0.09504738530063563,0.71925277
0.01368367084272133,0.03299999961335955,-0.09504738530063563,0.7191057
0.01368367084272133,0.03500000022954439,-0.09504738530063563,0.72040814
0.01368367084272133,0.03700000084572922,-0.09504738530063563,0.7206061
0.01368367084272133,0.038999999838269406,-0.09504738530063563,0.7201021
0.01368367084272133,0.04100000045445424,-0.09504738530063563,0.7188413
0.01368367084272133,0.04300000107063908,-0.09504738530063563,0.71751565
0.01368367084272133,0.04500000006317926,-0.09504738530063563,0.7159293
0.01368367084272133,0.046999999055719444,-0.09504738530063563,0.71400243
0.01368367084272133,0.04899999967190428,-0.09504738530063563,0.71174663
0.01368367084272133,0.05100000028808912,-0.09504738530063563,0.7091904
0.01368367084272133,0.0529999992806293,-0.09504738530063563,0.70636195
0.01368367084272133,0.05499999827316948,-0.09504738530063563,0.7033271
0.01368367084272133,0.05699999726570966,-0.09504738530063563,0.7001543
0.01368367084272133,0.05899999950553916,-0.09504738530063563,0.6969331
0.01368367084272133,0.06100000174536865,-0.09504738530063563,0.6937494
0.01368367084272133,0.06300000073790883,-0.09504738530063563,0.6906567
0.01368367084272133,0.06499999973044901,-0.09504738530063563,0.6877168
0.01368367084272133,0.06699999872298919,-0.09504738530063563,0.6849712
0.01368367084272133,0.06899999771552937,-0.09504738530063563,0.6824483
0.011362001053713563,0.0010000000036590455,-0.08660253342578766,0.814845
0.011362001053713563,0.003000000010977137,-0.08660253342578766,0.81390214
0.011362001053713563,0.004999999916817437,-0.08660253342578766,0.79584914
0.011362001053713563,0.006999999924135528,-0.08660253342578766,0.7699387
0.011362001053713563,0.008999999931453619,-0.08660253342578766,0.74063474
0.011362001053713563,0.010999999735816128,-0.08660253342578766,0.72280526
0.011362001053713563,0.012999999540178638,-0.08660253342578766,0.7199124
0.011362001053713563,0.014999999750452311,-0.08660253342578766,0.7301153
0.011362001053713563,0.01700000036663715,-0.08660253342578766,0.7391881
0.011362001053713563,0.01900000017099966,-0.08660253342578766,0.7446885
0.011362001053713563,0.020999999975362168,-0.08660253342578766,0.7424689
0.011362001053713563,0.022999999779724677,-0.08660253342578766,0.7458339
0.011362001053713563,0.024999999584087183,-0.08660253342578766,0.7578648
0.011362001053713563,0.026999999388449693,-0.08660253342578766,0.7580411
0.011362001053713563,0.02900000000463453,-0.08660253342578766,0.7494619
0.011362001053713563,0.031000000620819368,-0.08660253342578766,0.7449037
0.011362001053713563,0.03299999961335955,-0.08660253342578766,0.74484324
0.011362001053713563,0.03500000022954439,-0.08660253342578766,0.74614006
0.011362001053713563,0.03700000084572922,-0.08660253342578766,0.74631387
0.011362001053713563,0.038999999838269406,-0.08660253342578766,0.7457698
0.011362001053713563,0.04100000045445424,-0.08660253342578766,0.744528
0.011362001053713563,0.04300000107063908,-0.08660253342578766,0.7432052
0.011362001053713563,0.04500000006317926,-0.08660253342578766,0.74161226
0.011362001053713563,0.046999999055719444,-0.08660253342578766,0.7396739
0.011362001053713563,0.04899999967190428,-0.08660253342578766,0.7374071
0.011362001053713563,0.05100000028808912,-0.08660253342578766,0.7348368
0.011362001053713563,0.0529999992806293,-0.08660253342578766,0.73200226
0.011362001053713563,0.05499999827316948,-0.08660253342578766,0.72896504
0.011362001053713563,0.05699999726570966,-0.08660253342578766,0.7258002
0.011362001053713563,0.05899999950553916,-0.08660253342578766,0.7226014
0.011362001053713563,0.06100000174536865,-0.08660253342578766,0.7194466
0.011362001053713563,0.06300000073790883,-0.08660253342578766,0.7163951
0.011362001053713563,0.06499999973044901,-0.08660253342578766,0.7135058
0.011362001053713563,0.06699999872298919,-0.08660253342578766,0.7108192
0.011362001053713563,0.06899999771552937,-0.08660253342578766,0.70836216
0.009266871503051605,0.0010000000036590455,-0.07809856464901895,0.838424
0.009266871503051605,0.003000000010977137,-0.07809856464901895,0.83772284
0.009266871503051605,0.004999999916817437,-0.07809856464901895,0.8198356
0.009266871503051605,0.006999999924135528,-0.07809856464901895,0.7938625
0.009266871503051605,0.008999999931453619,-0.07809856464901895,0.76447546
0.009266871503051605,0.010999999735816128,-0.07809856464901895,0.746718
0.009266871503051605,0.012999999540178638,-0.07809856464901895,0.74390227
0.009266871503051605,0.014999999750452311,-0.07809856464901895,0.754182
0.009266871503051605,0.01700000036663715,-0.07809856464901895,0.7632829
0.009266871503051605,0.01900000017099966,-0.07809856464901895,0.76869583
0.009266871503051605,0.020999999975362168,-0.07809856464901895,0.7663568
0.009266871503051605,0.022999999779724677,-0.07809856464901895,0.770194
0.009266871503051605,0.024999999584087183,-0.07809856464901895,0.78229356
0.009266871503051605,0.026999999388449693,-0.07809856464901895,0.78219736
0.009266871503051605,0.02900000000463453,-0.07809856464901895,0.773493
0.009266871503051605,0.031000000620819368,-0.07809856464901895,0.7690461
0.009266871503051605,0.03299999961335955,-0.07809856464901895,0.7690424
0.009266871503051605,0.03500000022954439,-0.07809856464901895,0.7703003
0.009266871503051605,0.03700000084572922,-0.07809856464901895,0.7704315
0.009266871503051605,0.038999999838269406,-0.07809856464901895,0.76983887
0.009266871503051605,0.04100000045445424,-0.07809856464901895,0.76860666
0.009266871503051605,0.04300000107063908,-0.07809856464901895,0.7672795
0.009266871503051605,0.04500000006317926,-0.07809856464901895,0.76567364
0.009266871503051605,0.046999999055719444,-0.07809856464901895,0.763722
0.009266871503051605,0.04899999967190428,-0.07809856464901895,0.76144457
0.009266871503051605,0.05100000028808912,-0.07809856464901895,0.7588644
0.009266871503051605,0.0529999992806293,-0.07809856464901895,0.7560251
0.009266871503051605,0.05499999827316948,-0.07809856464901895,0.75299007
0.009266871503051605,0.05699999726570966,-0.07809856464901895,0.7498389
0.009266871503051605,0.05899999950553916,-0.07809856464901895,0.74666506
0.009266871503051605,0.06100000174536865,-0.07809856464901895,0.7435414
0.009266871503051605,0.06300000073790883,-0.07809856464901895,0.7405316
0.009266871503051605,0.06499999973044901,-0.07809856464901895,0.7376922
0.009266871503051605,0.06699999872298919,-0.07809856464901895,0.7350622
0.009266871503051605,0.06899999771552937,-0.07809856464901895,0.7326675
0.007389201755041836,0.0010000000036590455,-0.06954367837584169,0.8594464
0.007389201755041836,0.003000000010977137,-0.06954367837584169,0.8589798
0.007389201755041836,0.004999999916817437,-0.06954367837584169,0.8413105
0.007389201755041836,0.006999999924135528,-0.06954367837584169,0.81534326
0.007389201755041836,0.008999999931453619,-0.06954367837584169,0.78596437
0.007389201755041836,0.010999999735816128,-0.06954367837584169,0.7683397
0.007389201755041836,0.012999999540178638,-0.06954367837584169,0.7655878
0.007389201755041836,0.014999999750452311,-0.06954367837584169,0.7759124
0.007389201755041836,0.01700000036663715,-0.06954367837584169,0.7850372
0.007389201755041836,0.01900000017099966,-0.06954367837584169,0.79035085
0.007389201755041836,0.020999999975362168,-0.06954367837584169,0.78795666
0.007389201755041836,0.022999999779724677,-0.06954367837584169,0.79218197
0.007389201755041836,0.024999999584087183,-0.06954367837584169,0.8042326
0.007389201755041836,0.026999999388449693,-0.06954367837584169,0.8039419
0.007389201755041836,0.02900000000463453,-0.06954367837584169,0.7952309
0.007389201755041836,0.031000000620819368,-0.06954367837584169,0.7909567
0.007389201755041836,0.03299999961335955,-0.06954367837584169,0.79099405
0.007389201755041836,0.03500000022954439,-0.06954367837584169,0.792199
0.007389201755041836,0.03700000084572922,-0.06954367837584169,0.79227585
0.007389201755041836,0.038999999838269406,-0.06954367837584169,0.79163504
0.007389201755041836,0.04100000045445424,-0.06954367837584169,0.7904088
0.007389201755041836,0.04300000107063908,-0.06954367837584169,0.7890751
0.007389201755041836,0.04500000006317926,-0.06954367837584169,0.78745574
0.007389201755041836,0.046999999055719444,-0.06954367837584169,0.78549004
0.007389201755041836,0.04899999967190428,-0.06954367837584169,0.7832002
0.007389201755041836,0.05100000028808912,-0.06954367837584169,0.78060985
0.007389201755041836,0.0529999992806293,-0.06954367837584169,0.77776545
0.007389201755041836,0.05499999827316948,-0.06954367837584169,0.77473086
0.007389201755041836,0.05699999726570966,-0.06954367837584169,0.77159005
0.007389201755041836,0.05899999950553916,-0.06954367837584169,0.7684362
0.007389201755041836,0.06100000174536865,-0.06954367837584169,0.76533806
0.007389201755041836,0.06300000073790883,-0.06954367837584169,0.7623625
0.007389201755041836,0.06499999973044901,-0.06954367837584169,0.75956404
0.007389201755041836,0.06699999872298919,-0.06954367837584169,0.7569808
0.007389201755041836,0.06899999771552937,-0.06954367837584169,0.7546375
0.00571494667454411,0.0010000000036590455,-0.06094645719190688,0.87810737
0.00571494667454411,0.003000000010977137,-0.06094645719190688,0.8778748
0.00571494667454411,0.004999999916817437,-0.06094645719190688,0.860447
0.00571494667454411,0.006999999924135528,-0.06094645719190688,0.83449256
0.00571494667454411,0.008999999931453619,-0.06094645719190688,0.8051438
0.00571494667454411,0.010999999735816128,-0.06094645719190688,0.78763586
0.00571494667454411,0.012999999540178638,-0.06094645719190688,0.784926
0.00571494667454411,0.014999999750452311,-0.06094645719190688,0.79526263
0.00571494667454411,0.01700000036663715,-0.06094645719190688,0.8044346
0.00571494667454411,0.01900000017099966,-0.06094645719190688,0.8096473
0.00571494667454411,0.020999999975362168,-0.06094645719190688,0.8072295
0.00571494667454411,0.022999999779724677,-0.06094645719190688,0.81179255
0.00571494667454411,0.024999999584087183,-0.06094645719190688,0.82371163
0.00571494667454411,0.026999999388449693,-0.06094645719190688,0.8232548
0.00571494667454411,0.02900000000463453,-0.06094645719190688,0.81462604
0.00571494667454411,0.031000000620819368,-0.06094645719190688,0.8105822
0.00571494667454411,0.03299999961335955,-0.06094645719190688,0.81066066
0.00571494667454411,0.03500000022954439,-0.06094645719190688,0.8118017
0.00571494667454411,0.03700000084572922,-0.06094645719190688,0.81181204
0.00571494667454411,0.038999999838269406,-0.06094645719190688,0.8111177
0.00571494667454411,0.04100000045445424,-0.06094645719190688,0.80988735
0.00571494667454411,0.04300000107063908,-0.06094645719190688,0.8085412
0.00571494667454411,0.04500000006317926,-0.06094645719190688,0.80690354
0.00571494667454411,0.046999999055719444,-0.06094645719190688,0.8049207
0.00571494667454411,0.04899999967190428,-0.06094645719190688,0.80261725
0.00571494667454411,0.05100000028808912,-0.06094645719190688,0.8000155
0.00571494667454411,0.0529999992806293,-0.06094645719190688,0.7971649
0.00571494667454411,0.05499999827316948,-0.06094645719190688,0.7941299
0.00571494667454411,0.05699999726570966,-0.06094645719190688,0.7909974
0.00571494667454411,0.05899999950553916,-0.06094645719190688,0.78786063
0.00571494667454411,0.06100000174536865,-0.06094645719190688,0.7847849
0.00571494667454411,0.06300000073790883,-0.06094645719190688,0.7818396
0.00571494667454411,0.06499999973044901,-0.06094645719190688,0.77907735
0.00571494667454411,0.06699999872298919,-0.06094645719190688,0.77653533
0.00571494667454411,0.06899999771552937,-0.06094645719190688,0.7742374
0.004229169948457778,0.0010000000036590455,-0.05231445266850906,0.8941915
0.004229169948457778,0.003000000010977137,-0.05231445266850906,0.89413726
0.004229169948457778,0.004999999916817437,-0.05231445266850906,0.8768908
0.004229169948457778,0.006999999924135528,-0.05231445266850906,0.8509087
0.004229169948457778,0.008999999931453619,-0.05231445266850906,0.8215696
0.004229169948457778,0.010999999735816128,-0.05231445266850906,0.8041546
0.004229169948457778,0.012999999540178638,-0.05231445266850906,0.801492
0.004229169948457778,0.014999999750452311,-0.05231445266850906,0.811864
0.004229169948457778,0.01700000036663715,-0.05231445266850906,0.8210965
0.004229169948457778,0.01900000017099966,-0.05231445266850906,0.82621825
0.004229169948457778,0.020999999975362168,-0.05231445266850906,0.82378346
0.004229169948457778,0.022999999779724677,-0.05231445266850906,0.8286703
0.004229169948457778,0.024999999584087183,-0.05231445266850906,0.84035933
0.004229169948457778,0.026999999388449693,-0.05231445266850906,0.8397148
0.004229169948457778,0.02900000000463453,-0.05231445266850906,0.8312188
0.004229169948457778,0.031000000620819368,-0.05231445266850906,0.82748365
0.004229169948457778,0.03299999961335955,-0.05231445266850906,0.8276285
0.004229169948457778,0.03500000022954439,-0.05231445266850906,0.8287022
0.004229169948457778,0.03700000084572922,-0.05231445266850906,0.8286464
0.004229169948457778,0.038999999838269406,-0.05231445266850906,0.8278987
0.004229169948457778,0.04100000045445424,-0.05231445266850906,0.8266598
0.004229169948457778,0.04300000107063908,-0.05231445266850906,0.82529795
0.004229169948457778,0.04500000006317926,-0.05231445266850906,0.82363784
0.004229169948457778,0.046999999055719444,-0.05231445266850906,0.8216334
0.004229169948457778,0.04899999967190428,-0.05231445266850906,0.81931216
0.004229169948457778,0.05100000028808912,-0.05231445266850906,0.81669223
0.004229169948457778,0.0529999992806293,-0.05231445266850906,0.81382906
0.004229169948457778,0.05499999827316948,-0.05231445266850906,0.8107877
0.004229169948457778,0.05699999726570966,-0.05231445266850906,0.80765563
0.004229169948457778,0.05899999950553916,-0.05231445266850906,0.8045267
0.004229169948457778,0.06100000174536865,-0.05231445266850906,0.80146444
0.004229169948457778,0.06300000073790883,-0.05231445266850906,0.7985402
0.004229169948457778,0.06499999973044901,-0.05231445266850906,0.7958047
0.004229169948457778,0.06699999872298919,-0.05231445266850906,0.7932942
0.004229169948457778,0.06899999771552937,-0.05231445266850906,0.79103214
0.0029222551353971994,0.0010000000036590455,-0.04365356675397236,0.9081264
0.0029222551353971994,0.003000000010977137,-0.04365356675397236,0.908128
0.0029222551353971994,0.004999999916817437,-0.04365356675397236,0.8908791
0.0029222551353971994,0.006999999924135528,-0.04365356675397236,0.86471874
0.0029222551353971994,0.008999999931453619,-0.04365356675397236,0.8352749
0.0029222551353971994,0.010999999735816128,-0.04365356675397236,0.8178736
0.0029222551353971994,0.012999999540178638,-0.04365356675397236,0.8152479
0.0029222551353971994,0.014999999750452311,-0.04365356675397236,0.8256733
0.0029222551353971994,0.01700000036663715,-0.04365356675397236,0.83503747
0.0029222551353971994,0.01900000017099966,-0.04365356675397236,0.8400877
0.0029222551353971994,0.020999999975362168,-0.04365356675397236,0.8376167
0.0029222551353971994,0.022999999779724677,-0.04365356675397236,0.8428759
0.0029222551353971994,0.024999999584087183,-0.04365356675397236,0.854288
0.0029222551353971994,0.026999999388449693,-0.04365356675397236,0.85338014
0.0029222551353971994,0.02900000000463453,-0.04365356675397236,0.8450052
0.0029222551353971994,0.031000000620819368,-0.04365356675397236,0.84162104
0.0029222551353971994,0.03299999961335955,-0.04365356675397236,0.84188217
0.0029222551353971994,0.03500000022954439,-0.04365356675397236,0.84290934
0.0029222551353971994,0.03700000084572922,-0.04365356675397236,0.8428045
0.0029222551353971994,0.038999999838269406,-0.04365356675397236,0.8420149
0.0029222551353971994,0.04100000045445424,-0.04365356675397236,0.84077543
0.0029222551353971994,0.04300000107063908,-0.04365356675397236,0.8394049
0.0029222551353971994,0.04500000006317926,-0.04365356675397236,0.83772534
0.0029222551353971994,0.046999999055719444,-0.04365356675397236,0.8356995
0.0029222551353971994,0.04899999967190428,-0.04365356675397236,0.8333581
0.0029222551353971994,0.05100000028808912,-0.04365356675397236,0.83071595
0.0029222551353971994,0.0529999992806293,-0.04365356675397236,0.82783574
0.0029222551353971994,0.05499999827316948,-0.04365356675397236,0.82478344
0.0029222551353971994,0.05699999726570966,-0.04365356675397236,0.8216468
0.0029222551353971994,0.05899999950553916,-0.04365356675397236,0.81852055
0.0029222551353971994,0.06100000174536865,-0.04365356675397236,0.8154686
0.0029222551353971994,0.06300000073790883,-0.04365356675397236,0.8125618
0.0029222551353971994,0.06499999973044901,-0.04365356675397236,0.8098503
0.0029222551353971994,0.06699999872298919,-0.04365356675397236,0.8073693
0.0029222551353971994,0.06899999771552937,-0.04365356675397236,0.805141
0.0018107559522347605,0.0010000000036590455,-0.034965734832726594,0.9203512
0.0018107559522347605,0.003000000010977137,-0.034965734832726594,0.9202146
0.0018107559522347605,0.004999999916817437,-0.034965734832726594,0.9026853
0.0018107559522347605,0.006999999924135528,-0.034965734832726594,0.87620395
0.0018107559522347605,0.008999999931453619,-0.034965734832726594,0.84651744
0.0018107559522347605,0.010999999735816128,-0.034965734832726594,0.8290072
0.0018107559522347605,0.012999999540178638,-0.034965734832726594,0.82643485
0.0018107559522347605,0.014999999750452311,-0.034965734832726594,0.83697337
0.0018107559522347605,0.01700000036663715,-0.034965734832726594,0.8464763
0.0018107559522347605,0.01900000017099966,-0.034965734832726594,0.851464
0.0018107559522347605,0.020999999975362168,-0.034965734832726594,0.8489216
0.0018107559522347605,0.022999999779724677,-0.034965734832726594,0.85465086
0.0018107559522347605,0.024999999584087183,-0.034965734832726594,0.8658009
0.0018107559522347605,0.026999999388449693,-0.034965734832726594,0.8645564
0.0018107559522347605,0.02900000000463453,-0.034965734832726594,0.8562469
0.0018107559522347605,0.031000000620819368,-0.034965734832726594,0.85319066
0.0018107559522347605,0.03299999961335955,-0.034965734832726594,0.853587
0.0018107559522347605,0.03500000022954439,-0.034965734832726594,0.85459673
0.0018107559522347605,0.03700000084572922,-0.034965734832726594,0.8544748
0.0018107559522347605,0.038999999838269406,-0.034965734832726594,0.85366625
0.0018107559522347605,0.04100000045445424,-0.034965734832726594,0.8524389
0.0018107559522347605,0.04300000107063908,-0.034965734832726594,0.8510678
0.0018107559522347605,0.04500000006317926,-0.034965734832726594,0.84937614
0.0018107559522347605,0.046999999055719444,-0.034965734832726594,0.847332
0.0018107559522347605,0.04899999967190428,-0.034965734832726594,0.8449695
0.0018107559522347605,0.05100000028808912,-0.034965734832726594,0.84230787
0.0018107559522347605,0.0529999992806293,-0.034965734832726594,0.8394088
0.0018107559522347605,0.05499999827316948,-0.034965734832726594,0.8363422
0.0018107559522347605,0.05699999726570966,-0.034965734832726594,0.83320045
0.0018107559522347605,0.05899999950553916,-0.034965734832726594,0.8300757
0.0018107559522347605,0.06100000174536865,-0.034965734832726594,0.8270342
0.0018107559522347605,0.06300000073790883,-0.034965734832726594,0.82414544
0.0018107559522347605,0.06499999973044901,-0.034965734832726594,0.8214589
0.0018107559522347605,0.06699999872298919,-0.034965734832726594,0.8190084
0.0018107559522347605,0.06899999771552937,-0.034965734832726594,0.81681514
0.0009398305994595532,0.0010000000036590455,-0.026251026721491974,0.9303066
0.0009398305994595532,0.003000000010977137,-0.026251026721491974,0.92993426
0.0009398305994595532,0.004999999916817437,-0.026251026721491974,0.91209966
0.0009398305994595532,0.006999999924135528,-0.026251026721491974,0.8853319
0.0009398305994595532,0.008999999931453619,-0.026251026721491974,0.8554144
0.0009398305994595532,0.010999999735816128,-0.026251026721491974,0.8378192
0.0009398305994595532,0.012999999540178638,-0.026251026721491974,0.8353092
0.0009398305994595532,0.014999999750452311,-0.026251026721491974,0.84596217
0.0009398305994595532,0.01700000036663715,-0.026251026721491974,0.85558736
0.0009398305994595532,0.01900000017099966,-0.026251026721491974,0.8604997
0.0009398305994595532,0.020999999975362168,-0.026251026721491974,0.8578953
0.0009398305994595532,0.022999999779724677,-0.026251026721491974,0.86409277
0.0009398305994595532,0.024999999584087183,-0.026251026721491974,0.87518376
0.0009398305994595532,0.026999999388449693,-0.026251026721491974,0.8736518
0.0009398305994595532,0.02900000000463453,-0.026251026721491974,0.86527205
0.0009398305994595532,0.031000000620819368,-0.026251026721491974,0.86241764
0.0009398305994595532,0.03299999961335955,-0.026251026721491974,0.86295354
0.0009398305994595532,0.03500000022954439,-0.026251026721491974,0.86396796
0.0009398305994595532,0.03700000084572922,-0.026251026721491974,0.8638582
0.0009398305994595532,0.038999999838269406,-0.026251026721491974,0.86304367
0.0009398305994595532,0.04100000045445424,-0.026251026721491974,0.8618288
0.0009398305994595532,0.04300000107063908,-0.026251026721491974,0.8604579
0.0009398305994595532,0.04500000006317926,-0.026251026721491974,0.8587562
0.0009398305994595532,0.046999999055719444,-0.026251026721491974,0.8566957
0.0009398305994595532,0.04899999967190428,-0.026251026721491974,0.85431296
0.0009398305994595532,0.05100000028808912,-0.026251026721491974,0.8516328
0.0009398305994595532,0.0529999992806293,-0.026251026721491974,0.84871477
0.0009398305994595532,0.05499999827316948,-0.026251026721491974,0.84563464
0.0009398305994595532,0.05699999726570966,-0.026251026721491974,0.84248894
0.0009398305994595532,0.05899999950553916,-0.026251026721491974,0.8393656
0.0009398305994595532,0.06100000174536865,-0.026251026721491974,0.8363346
0.0009398305994595532,0.06300000073790883,-0.026251026721491974,0.83346385
0.0009398305994595532,0.06499999973044901,-0.026251026721491974,0.83080184
0.0009398305994595532,0.06699999872298919,-0.026251026721491974,0.8283813
0.0009398305994595532,0.06899999771552937,-0.026251026721491974,0.82622194
0.00036063216051427423,0.0010000000036590455,-0.01751253424560446,0.9371503
0.00036063216051427423,0.003000000010977137,-0.01751253424560446,0.9367835
0.00036063216051427423,0.004999999916817437,-0.01751253424560446,0.9189896
0.00036063216051427423,0.006999999924135528,-0.01751253424560446,0.89206296
0.00036063216051427423,0.008999999931453619,-0.01751253424560446,0.8621009
0.00036063216051427423,0.010999999735816128,-0.01751253424560446,0.84450835
0.00036063216051427423,0.012999999540178638,-0.01751253424560446,0.8420919
0.00036063216051427423,0.014999999750452311,-0.01751253424560446,0.8527678
0.00036063216051427423,0.01700000036663715,-0.01751253424560446,0.86240155
0.00036063216051427423,0.01900000017099966,-0.01751253424560446,0.8672854
0.00036063216051427423,0.020999999975362168,-0.01751253424560446,0.86470413
0.00036063216051427423,0.022999999779724677,-0.01751253424560446,0.8710332
0.00036063216051427423,0.024999999584087183,-0.01751253424560446,0.88239336
0.00036063216051427423,0.026999999388449693,-0.01751253424560446,0.8807851
0.00036063216051427423,0.02900000000463453,-0.01751253424560446,0.8721624
0.00036063216051427423,0.031000000620819368,-0.01751253424560446,0.8692834
0.00036063216051427423,0.03299999961335955,-0.01751253424560446,0.8699629
0.00036063216051427423,0.03500000022954439,-0.01751253424560446,0.87095654
0.00036063216051427423,0.03700000084572922,-0.01751253424560446,0.8708804
0.00036063216051427423,0.038999999838269406,-0.01751253424560446,0.8700614
0.00036063216051427423,0.04100000045445424,-0.01751253424560446,0.86885303
0.00036063216051427423,0.04300000107063908,-0.01751253424560446,0.8674799
0.00036063216051427423,0.04500000006317926,-0.01751253424560446,0.86577183
0.00036063216051427423,0.046999999055719444,-0.01751253424560446,0.8637003
0.00036063216051427423,0.04899999967190428,-0.01751253424560446,0.8613046
0.00036063216051427423,0.05100000028808912,-0.01751253424560446,0.8586116
0.00036063216051427423,0.0529999992806293,-0.01751253424560446,0.85568213
0.00036063216051427423,0.05499999827316948,-0.01751253424560446,0.8525949
0.00036063216051427423,0.05699999726570966,-0.01751253424560446,0.84944886
0.00036063216051427423,0.05899999950553916,-0.01751253424560446,0.8463293
0.00036063216051427423,0.06100000174536865,-0.01751253424560446,0.8433085
0.00036063216051427423,0.06300000073790883,-0.01751253424560446,0.84045327
0.00036063216051427423,0.06499999973044901,-0.01751253424560446,0.8378112
0.00036063216051427423,0.06699999872298919,-0.01751253424560446,0.83541405
0.00036063216051427423,0.06899999771552937,-0.01751253424560446,0.8332807
7.828158329214816e-05,0.0010000000036590455,-0.008758994439912952,0.93949527
7.828158329214816e-05,0.003000000010977137,-0.008758994439912952,0.9398982
7.828158329214816e-05,0.004999999916817437,-0.008758994439912952,0.92301756
7.828158329214816e-05,0.006999999924135528,-0.008758994439912952,0.8962285
7.828158329214816e-05,0.008999999931453619,-0.008758994439912952,0.86645263
7.828158329214816e-05,0.010999999735816128,-0.008758994439912952,0.84900355
7.828158329214816e-05,0.012999999540178638,-0.008758994439912952,0.8466944
7.828158329214816e-05,0.014999999750452311,-0.008758994439912952,0.85732925
7.828158329214816e-05,0.01700000036663715,-0.008758994439912952,0.8668197
7.828158329214816e-05,0.01900000017099966,-0.008758994439912952,0.87164974
7.828158329214816e-05,0.020999999975362168,-0.008758994439912952,0.86912555
7.828158329214816e-05,0.022999999779724677,-0.008758994439912952,0.87530893
7.828158329214816e-05,0.024999999584087183,-0.008758994439912952,0.887021
7.828158329214816e-05,0.026999999388449693,-0.008758994439912952,0.8855043
7.828158329214816e-05,0.02900000000463453,-0.008758994439912952,0.8766565
7.828158329214816e-05,0.031000000620819368,-0.008758994439912952,0.87362313
7.828158329214816e-05,0.03299999961335955,-0.008758994439912952,0.87433124
7.828158329214816e-05,0.03500000022954439,-0.008758994439912952,0.8753416
7.828158329214816e-05,0.03700000084572922,-0.008758994439912952,0.87529093
7.828158329214816e-05,0.038999999838269406,-0.008758994439912952,0.8744699
7.828158329214816e-05,0.04100000045445424,-0.008758994439912952,0.87325644
7.828158329214816e-05,0.04300000107063908,-0.008758994439912952,0.87187576
7.828158329214816e-05,0.04500000006317926,-0.008758994439912952,0.87016255
7.828158329214816e-05,0.046999999055719444,-0.008758994439912952,0.86808276
7.828158329214816e-05,0.04899999967190428,-0.008758994439912952,0.8656792
7.828158329214816e-05,0.05100000028808912,-0.008758994439912952,0.8629784
7.828158329214816e-05,0.0529999992806293,-0.008758994439912952,0.86004245
7.828158329214816e-05,0.05499999827316948,-0.008758994439912952,0.8569505
7.828158329214816e-05,0.05699999726570966,-0.008758994439912952,0.853802
7.828158329214816e-05,0.05899999950553916,-0.008758994439912952,0.8506823
7.828158329214816e-05,0.06100000174536865,-0.008758994439912952,0.8476639
7.828158329214816e-05,0.06300000073790883,-0.008758994439912952,0.8448132
7.828158329214816e-05,0.06499999973044901,-0.008758994439912952,0.84217757
7.828158329214816e-05,0.06699999872298919,-0.008758994439912952,0.8397895
7.828158329214816e-05,0.06899999771552937,-0.008758994439912952,0.8376665
7.348664073044037e-06,0.0010000000036590455,-8.016745488430832e-08,0.9399284
7.348664073044037e-06,0.003000000010977137,-8.016745488430832e-08,0.94058603
7.348664073044037e-06,0.004999999916817437,-8.016745488430832e-08,0.92403334
7.348664073044037e-06,0.006999999924135528,-8.016745488430832e-08,0.8973699
7.348664073044037e-06,0.008999999931453619,-8.016745488430832e-08,0.86779207
7.348664073044037e-06,0.010999999735816128,-8.016745488430832e-08,0.85057545
7.348664073044037e-06,0.012999999540178638,-8.016745488430832e-08,0.84842163
7.348664073044037e-06,0.014999999750452311,-8.016745488430832e-08,0.85903585
7.348664073044037e-06,0.01700000036663715,-8.016745488430832e-08,0.8683946
7.348664073044037e-06,0.01900000017099966,-8.016745488430832e-08,0.8731589
7.348664073044037e-06,0.020999999975362168,-8.016745488430832e-08,0.87065786
7.348664073044037e-06,0.022999999779724677,-8.016745488430832e-08,0.8767777
7.348664073044037e-06,0.024999999584087183,-8.016745488430832e-08,0.8885992
7.348664073044037e-06,0.026999999388449693,-8.016745488430832e-08,0.88713664
7.348664073044037e-06,0.02900000000463453,-8.016745488430832e-08,0.8782104
7.348664073044037e-06,0.031000000620819368,-8.016745488430832e-08,0.87512046
7.348664073044037e-06,0.03299999961335955,-8.016745488430832e-08,0.87581253
7.348664073044037e-06,0.03500000022954439,-8.016745488430832e-08,0.87682813
7.348664073044037e-06,0.03700000084572922,-8.016745488430832e-08,0.87681407
7.348664073044037e-06,0.038999999838269406,-8.016745488430832e-08,0.87597156
7.348664073044037e-06,0.04100000045445424,-8.016745488430832e-08,0.87476164
7.348664073044037e-06,0.04300000107063908,-8.016745488430832e-08,0.87337506
7.348664073044037e-06,0.04500000006317926,-8.016745488430832e-08,0.8716609
7.348664073044037e-06,0.046999999055719444,-8.016745488430832e-08,0.86958116
7.348664073044037e-06,0.04899999967190428,-8.016745488430832e-08,0.867178
7.348664073044037e-06,0.05100000028808912,-8.016745488430832e-08,0.8644775
7.348664073044037e-06,0.0529999992806293,-8.016745488430832e-08,0.861542
7.348664073044037e-06,0.05499999827316948,-8.016745488430832e-08,0.8584495
7.348664073044037e-06,0.05699999726570966,-8.016745488430832e-08,0.8552999
7.348664073044037e-06,0.05899999950553916,-8.016745488430832e-08,0.8521791
7.348664073044037e-06,0.06100000174536865,-8.016745488430832e-08,0.8491589
7.348664073044037e-06,0.06300000073790883,-8.016745488430832e-08,0.84630597
7.348664073044037e-06,0.06499999973044901,-8.016745488430832e-08,0.8436681
7.348664073044037e-06,0.06699999872298919,-8.016745488430832e-08,0.84127694
7.348664073044037e-06,0.06899999771552937,-8.016745488430832e-08,0.8391513
8.025589872512286e-05,0.0010000000036590455,0.008758801835065649,0.9395566
8.025589872512286e-05,0.003000000010977137,0.008758801835065649,0.93999463
8.025589872512286e-05,0.004999999916817437,0.008758801835065649,0.9231636
8.025589872512286e-05,0.006999999924135528,0.008758801835065649,0.89639145
8.025589872512286e-05,0.008999999931453619,0.008758801835065649,0.86662024
8.025589872512286e-05,0.010999999735816128,0.008758801835065649,0.8491558
8.025589872512286e-05,0.012999999540178638,0.008758801835065649,0.84682655
8.025589872512286e-05,0.014999999750452311,0.008758801835065649,0.8574568
8.025589872512286e-05,0.01700000036663715,0.008758801835065649,0.86695284
8.025589872512286e-05,0.01900000017099966,0.008758801835065649,0.87178797
8.025589872512286e-05,0.020999999975362168,0.008758801835065649,0.86927056
8.025589872512286e-05,0.022999999779724677,0.008758801835065649,0.87542886
8.025589872512286e-05,0.024999999584087183,0.008758801835065649,0.8871379
8.025589872512286e-05,0.026999999388449693,0.008758801835065649,0.8856335
8.025589872512286e-05,0.02900000000463453,0.008758801835065649,0.87679213
8.025589872512286e-05,0.031000000620819368,0.008758801835065649,0.873759
8.025589872512286e-05,0.03299999961335955,0.008758801835065649,0.8744609
8.025589872512286e-05,0.03500000022954439,0.008758801835065649,0.8754701
8.025589872512286e-05,0.03700000084572922,0.008758801835065649,0.87541854
8.025589872512286e-05,0.038999999838269406,0.008758801835065649,0.8745977
8.025589872512286e-05,0.04100000045445424,0.008758801835065649,0.8733847
8.025589872512286e-05,0.04300000107063908,0.008758801835065649,0.8720043
8.025589872512286e-05,0.04500000006317926,0.008758801835065649,0.87029177
8.025589872512286e-05,0.046999999055719444,0.008758801835065649,0.8682127
8.025589872512286e-05,0.04899999967190428,0.008758801835065649,0.8658099
8.025589872512286e-05,0.05100000028808912,0.008758801835065649,0.8631099
8.025589872512286e-05,0.0529999992806293,0.008758801835065649,0.86017466
8.025589872512286e-05,0.05499999827316948,0.008758801835065649,0.8570832
8.025589872512286e-05,0.05699999726570966,0.008758801835065649,0.85393506
8.025589872512286e-05,0.05899999950553916,0.008758801835065649,0.85081565
8.025589872512286e-05,0.06100000174536865,0.008758801835065649,0.8477974
8.025589872512286e-05,0.06300000073790883,0.008758801835065649,0.84494686
8.025589872512286e-05,0.06499999973044901,0.008758801835065649,0.8423114
8.025589872512286e-05,0.06699999872298919,0.008758801835065649,0.8399232
8.025589872512286e-05,0.06899999771552937,0.008758801835065649,0.8378006
0.00036468580503799634,0.0010000000036590455,0.017512285422060944,0.9373274
0.00036468580503799634,0.003000000010977137,0.017512285422060944,0.9369908
0.00036468580503799634,0.004999999916817437,0.017512285422060944,0.91925114
0.00036468580503799634,0.006999999924135528,0.017512285422060944,0.8923449
0.00036468580503799634,0.008999999931453619,0.017512285422060944,0.86240417
0.00036468580503799634,0.010999999735816128,0.017512285422060944,0.8448159
0.00036468580503799634,0.012999999540178638,0.017512285422060944,0.84239
0.00036468580503799634,0.014999999750452311,0.017512285422060944,0.85305965
0.00036468580503799634,0.01700000036663715,0.017512285422060944,0.8626898
0.00036468580503799634,0.01900000017099966,0.017512285422060944,0.8675752
0.00036468580503799634,0.020999999975362168,0.017512285422060944,0.86500907
0.00036468580503799634,0.022999999779724677,0.017512285422060944,0.8712986
0.00036468580503799634,0.024999999584087183,0.017512285422060944,0.8826656
0.00036468580503799634,0.026999999388449693,0.017512285422060944,0.8810715
0.00036468580503799634,0.02900000000463453,0.017512285422060944,0.87245077
0.00036468580503799634,0.031000000620819368,0.017512285422060944,0.86956877
0.00036468580503799634,0.03299999961335955,0.017512285422060944,0.87023884
0.00036468580503799634,0.03500000022954439,0.017512285422060944,0.8712293
0.00036468580503799634,0.03700000084572922,0.017512285422060944,0.87115234
0.00036468580503799634,0.038999999838269406,0.017512285422060944,0.87033355
0.00036468580503799634,0.04100000045445424,0.017512285422060944,0.86912555
0.00036468580503799634,0.04300000107063908,0.017512285422060944,0.8677526
0.00036468580503799634,0.04500000006317926,0.017512285422060944,0.8660452
0.00036468580503799634,0.046999999055719444,0.017512285422060944,0.8639746
0.00036468580503799634,0.04899999967190428,0.017512285422060944,0.8615797
0.00036468580503799634,0.05100000028808912,0.017512285422060944,0.85888773
0.00036468580503799634,0.0529999992806293,0.017512285422060944,0.85595906
0.00036468580503799634,0.05499999827316948,0.017512285422060944,0.8528726
0.00036468580503799634,0.05699999726570966,0.017512285422060944,0.84972715
0.00036468580503799634,0.05899999950553916,0.017512285422060944,0.84660816
0.00036468580503799634,0.06100000174536865,0.017512285422060944,0.843588
0.00036468580503799634,0.06300000073790883,0.017512285422060944,0.84073323
0.00036468580503799634,0.06499999973044901,0.017512285422060944,0.8380918
0.00036468580503799634,0.06699999872298919,0.017512285422060944,0.83569545
0.00036468580503799634,0.06899999771552937,0.017512285422060944,0.8335629
0.0009417978732851873,0.0010000000036590455,0.026250994248598856,0.9307063
0.0009417978732851873,0.003000000010977137,0.026250994248598856,0.93031144
0.0009417978732851873,0.004999999916817437,0.026250994248598856,0.91247004
0.0009417978732851873,0.006999999924135528,0.026250994248598856,0.88571465
0.0009417978732851873,0.008999999931453619,0.026250994248598856,0.85581917
0.0009417978732851873,0.010999999735816128,0.026250994248598856,0.83824664
0.0009417978732851873,0.012999999540178638,0.026250994248598856,0.83575606
0.0009417978732851873,0.014999999750452311,0.026250994248598856,0.8464072
0.0009417978732851873,0.01700000036663715,0.026250994248598856,0.85602444
0.0009417978732851873,0.01900000017099966,0.026250994248598856,0.8609269
0.0009417978732851873,0.020999999975362168,0.026250994248598856,0.8583289
0.0009417978732851873,0.022999999779724677,0.026250994248598856,0.86453444
0.0009417978732851873,0.024999999584087183,0.026250994248598856,0.87563413
0.0009417978732851873,0.026999999388449693,0.026250994248598856,0.8740857
0.0009417978732851873,0.02900000000463453,0.026250994248598856,0.8656924
0.0009417978732851873,0.031000000620819368,0.026250994248598856,0.86283565
0.0009417978732851873,0.03299999961335955,0.026250994248598856,0.8633741
0.0009417978732851873,0.03500000022954439,0.026250994248598856,0.86438304
0.0009417978732851873,0.03700000084572922,0.026250994248598856,0.86427265
0.0009417978732851873,0.038999999838269406,0.026250994248598856,0.8634567
0.0009417978732851873,0.04100000045445424,0.026250994248598856,0.8622422
0.0009417978732851873,0.04300000107063908,0.026250994248598856,0.86087126
0.0009417978732851873,0.04500000006317926,0.026250994248598856,0.8591692
0.0009417978732851873,0.046999999055719444,0.026250994248598856,0.85710835
0.0009417978732851873,0.04899999967190428,0.026250994248598856,0.8547251
0.0009417978732851873,0.05100000028808912,0.026250994248598856,0.85204464
0.0009417978732851873,0.0529999992806293,0.026250994248598856,0.84912634
0.0009417978732851873,0.05499999827316948,0.026250994248598856,0.8460461
0.0009417978732851873,0.05699999726570966,0.026250994248598856,0.8429009
0.0009417978732851873,0.05899999950553916,0.026250994248598856,0.8397783
0.0009417978732851873,0.06100000174536865,0.026250994248598856,0.83674854
0.0009417978732851873,0.06300000073790883,0.026250994248598856,0.8338795
0.0009417978732851873,0.06499999973044901,0.026250994248598856,0.8312196
0.0009417978732851873,0.06699999872298919,0.026250994248598856,0.8288015
0.0009417978732851873,0.06899999771552937,0.026250994248598856,0.8266449
0.0018076419032625646,0.0010000000036590455,0.034966191076874896,0.9208967
0.0018076419032625646,0.003000000010977137,0.034966191076874896,0.92074364
0.0018076419032625646,0.004999999916817437,0.034966191076874896,0.9031899
0.0018076419032625646,0.006999999924135528,0.034966191076874896,0.876696
0.0018076419032625646,0.008999999931453619,0.034966191076874896,0.84701115
0.0018076419032625646,0.010999999735816128,0.034966191076874896,0.82951593
0.0018076419032625646,0.012999999540178638,0.034966191076874896,0.8269736
0.0018076419032625646,0.014999999750452311,0.034966191076874896,0.83751845
0.0018076419032625646,0.01700000036663715,0.034966191076874896,0.8470186
0.0018076419032625646,0.01900000017099966,0.034966191076874896,0.85198843
0.0018076419032625646,0.020999999975362168,0.034966191076874896,0.84943604
0.0018076419032625646,0.022999999779724677,0.034966191076874896,0.855225
0.0018076419032625646,0.024999999584087183,0.034966191076874896,0.8663568
0.0018076419032625646,0.026999999388449693,0.034966191076874896,0.865062
0.0018076419032625646,0.02900000000463453,0.034966191076874896,0.85674053
0.0018076419032625646,0.031000000620819368,0.034966191076874896,0.85369766
0.0018076419032625646,0.03299999961335955,0.034966191076874896,0.8541059
0.0018076419032625646,0.03500000022954439,0.034966191076874896,0.8551145
0.0018076419032625646,0.03700000084572922,0.034966191076874896,0.8549923
0.0018076419032625646,0.038999999838269406,0.034966191076874896,0.8541823
0.0018076419032625646,0.04100000045445424,0.034966191076874896,0.8529556
0.0018076419032625646,0.04300000107063908,0.034966191076874896,0.85158396
0.0018076419032625646,0.04500000006317926,0.034966191076874896,0.8498908
0.0018076419032625646,0.046999999055719444,0.034966191076874896,0.8478449
0.0018076419032625646,0.04899999967190428,0.034966191076874896,0.84548014
0.0018076419032625646,0.05100000028808912,0.034966191076874896,0.84281653
0.0018076419032625646,0.0529999992806293,0.034966191076874896,0.8399154
0.0018076419032625646,0.05499999827316948,0.034966191076874896,0.8368474
0.0018076419032625646,0.05699999726570966,0.034966191076874896,0.8337051
0.0018076419032625646,0.05899999950553916,0.034966191076874896,0.8305805
0.0018076419032625646,0.06100000174536865,0.034966191076874896,0.82753986
0.0018076419032625646,0.06300000073790883,0.034966191076874896,0.82465297
0.0018076419032625646,0.06499999973044901,0.034966191076874896,0.821969
0.0018076419032625646,0.06699999872298919,0.034966191076874896,0.81952167
0.0018076419032625646,0.06899999771552937,0.034966191076874896,0.81733215
0.002918218551827088,0.0010000000036590455,0.04365407333110499,0.90872353
0.002918218551827088,0.003000000010977137,0.04365407333110499,0.90871394
0.002918218551827088,0.004999999916817437,0.04365407333110499,0.89144874
0.002918218551827088,0.006999999924135528,0.04365407333110499,0.8652814
0.002918218551827088,0.008999999931453619,0.04365407333110499,0.835848
0.002918218551827088,0.010999999735816128,0.04365407333110499,0.8184766
0.002918218551827088,0.012999999540178638,0.04365407333110499,0.81588405
0.002918218551827088,0.014999999750452311,0.04365407333110499,0.82631963
0.002918218551827088,0.01700000036663715,0.04365407333110499,0.835678
0.002918218551827088,0.01900000017099966,0.04365407333110499,0.8407088
0.002918218551827088,0.020999999975362168,0.04365407333110499,0.8382215
0.002918218551827088,0.022999999779724677,0.04365407333110499,0.8435485
0.002918218551827088,0.024999999584087183,0.04365407333110499,0.8549201
0.002918218551827088,0.026999999388449693,0.04365407333110499,0.8539524
0.002918218551827088,0.02900000000463453,0.04365407333110499,0.8455744
0.002918218551827088,0.031000000620819368,0.04365407333110499,0.8422191
0.002918218551827088,0.03299999961335955,0.04365407333110499,0.84250295
0.002918218551827088,0.03500000022954439,0.04365407333110499,0.8435313
0.002918218551827088,0.03700000084572922,0.04365407333110499,0.8434244
0.002918218551827088,0.038999999838269406,0.04365407333110499,0.8426325
0.002918218551827088,0.04100000045445424,0.04365407333110499,0.8413929
0.002918218551827088,0.04300000107063908,0.04365407333110499,0.840021
0.002918218551827088,0.04500000006317926,0.04365407333110499,0.83833873
0.002918218551827088,0.046999999055719444,0.04365407333110499,0.83630943
0.002918218551827088,0.04899999967190428,0.04365407333110499,0.83396447
0.002918218551827088,0.05100000028808912,0.04365407333110499,0.8313186
0.002918218551827088,0.0529999992806293,0.04365407333110499,0.828435
0.002918218551827088,0.05499999827316948,0.04365407333110499,0.82538
0.002918218551827088,0.05699999726570966,0.04365407333110499,0.82224125
0.002918218551827088,0.05899999950553916,0.04365407333110499,0.8191141
0.002918218551827088,0.06100000174536865,0.04365407333110499,0.81606215
0.002918218551827088,0.06300000073790883,0.04365407333110499,0.8131563
0.002918218551827088,0.06499999973044901,0.04365407333110499,0.8104467
0.002918218551827088,0.06699999872298919,0.04365407333110499,0.80796844
0.002918218551827088,0.06899999771552937,0.04365407333110499,0.80574346
0.004227583647628978,0.0010000000036590455,0.05231459392559412,0.89491135
0.004227583647628978,0.003000000010977137,0.05231459392559412,0.89485884
0.004227583647628978,0.004999999916817437,0.05231459392559412,0.8776105
0.004227583647628978,0.006999999924135528,0.05231459392559412,0.85162824
0.004227583647628978,0.008999999931453619,0.05231459392559412,0.8223037
0.004227583647628978,0.010999999735816128,0.05231459392559412,0.80492175
0.004227583647628978,0.012999999540178638,0.05231459392559412,0.8022957
0.004227583647628978,0.014999999750452311,0.05231459392559412,0.8126703
0.004227583647628978,0.01700000036663715,0.05231459392559412,0.821897
0.004227583647628978,0.01900000017099966,0.05231459392559412,0.8269972
0.004227583647628978,0.020999999975362168,0.05231459392559412,0.8245493
0.004227583647628978,0.022999999779724677,0.05231459392559412,0.82950336
0.004227583647628978,0.024999999584087183,0.05231459392559412,0.8411509
0.004227583647628978,0.026999999388449693,0.05231459392559412,0.8404547
0.004227583647628978,0.02900000000463453,0.05231459392559412,0.8319655
0.004227583647628978,0.031000000620819368,0.05231459392559412,0.8282646
0.004227583647628978,0.03299999961335955,0.05231459392559412,0.8284289
0.004227583647628978,0.03500000022954439,0.05231459392559412,0.82950044
0.004227583647628978,0.03700000084572922,0.05231459392559412,0.82943845
0.004227583647628978,0.038999999838269406,0.05231459392559412,0.8286842
0.004227583647628978,0.04100000045445424,0.05231459392559412,0.8274423
0.004227583647628978,0.04300000107063908,0.05231459392559412,0.82607746
0.004227583647628978,0.04500000006317926,0.05231459392559412,0.8244129
0.004227583647628978,0.046999999055719444,0.05231459392559412,0.8224038
0.004227583647628978,0.04899999967190428,0.05231459392559412,0.8200781
0.004227583647628978,0.05100000028808912,0.05231459392559412,0.81745374
0.004227583647628978,0.0529999992806293,0.05231459392559412,0.81458664
0.004227583647628978,0.05499999827316948,0.05231459392559412,0.81154245
0.004227583647628978,0.05699999726570966,0.05231459392559412,0.8084084
0.004227583647628978,0.05899999950553916,0.05231459392559412,0.8052786
0.004227583647628978,0.06100000174536865,0.05231459392559412,0.8022167
0.004227583647628978,0.06300000073790883,0.05231459392559412,0.7992939
0.004227583647628978,0.06499999973044901,0.05231459392559412,0.79656076
0.004227583647628978,0.06699999872298919,0.05231459392559412,0.7940537
0.004227583647628978,0.06899999771552937,0.05231459392559412,0.7917955
0.005714947283410855,0.0010000000036590455,0.06094633704220234,0.87894315
0.005714947283410855,0.003000000010977137,0.06094633704220234,0.8787138
0.005714947283410855,0.004999999916817437,0.06094633704220234,0.8612822
0.005714947283410855,0.006999999924135528,0.06094633704220234,0.83532256
0.005714947283410855,0.008999999931453619,0.06094633704220234,0.8059818
0.005714947283410855,0.010999999735816128,0.06094633704220234,0.7885044
0.005714947283410855,0.012999999540178638,0.06094633704220234,0.7858307
0.005714947283410855,0.014999999750452311,0.06094633704220234,0.7961809
0.005714947283410855,0.01700000036663715,0.06094633704220234,0.8053401
0.005714947283410855,0.01900000017099966,0.06094633704220234,0.8105341
0.005714947283410855,0.020999999975362168,0.06094633704220234,0.8081018
0.005714947283410855,0.022999999779724677,0.06094633704220234,0.81273526
0.005714947283410855,0.024999999584087183,0.06094633704220234,0.82461697
0.005714947283410855,0.026999999388449693,0.06094633704220234,0.8241145
0.005714947283410855,0.02900000000463453,0.06094633704220234,0.81549734
0.005714947283410855,0.031000000620819368,0.06094633704220234,0.81149054
0.005714947283410855,0.03299999961335955,0.06094633704220234,0.8115872
0.005714947283410855,0.03500000022954439,0.06094633704220234,0.8127243
0.005714947283410855,0.03700000084572922,0.06094633704220234,0.81272656
0.005714947283410855,0.038999999838269406,0.06094633704220234,0.812024
0.005714947283410855,0.04100000045445424,0.06094633704220234,0.81079054
0.005714947283410855,0.04300000107063908,0.06094633704220234,0.80944127
0.005714947283410855,0.04500000006317926,0.06094633704220234,0.807799
0.005714947283410855,0.046999999055719444,0.06094633704220234,0.8058111
0.005714947283410855,0.04899999967190428,0.06094633704220234,0.803503
0.005714947283410855,0.05100000028808912,0.06094633704220234,0.8008963
0.005714947283410855,0.0529999992806293,0.06094633704220234,0.79804134
0.005714947283410855,0.05499999827316948,0.06094633704220234,0.795003
0.005714947283410855,0.05699999726570966,0.06094633704220234,0.79186827
0.005714947283410855,0.05899999950553916,0.06094633704220234,0.78873086
0.005714947283410855,0.06100000174536865,0.06094633704220234,0.78565544
0.005714947283410855,0.06300000073790883,0.06094633704220234,0.78271174
0.005714947283410855,0.06499999973044901,0.06094633704220234,0.7799523
0.005714947283410855,0.06699999872298919,0.06094633704220234,0.7774139
0.005714947283410855,0.06899999771552937,0.06094633704220234,0.7751207
0.007391159870496833,0.0010000000036590455,0.0695431588095518,0.8603576
0.007391159870496833,0.003000000010977137,0.0695431588095518,0.85989225
0.007391159870496833,0.004999999916817437,0.0695431588095518,0.84222066
0.007391159870496833,0.006999999924135528,0.0695431588095518,0.8162552
0.007391159870496833,0.008999999931453619,0.0695431588095518,0.78689355
0.007391159870496833,0.010999999735816128,0.0695431588095518,0.76930887
0.007391159870496833,0.012999999540178638,0.0695431588095518,0.7666014
0.007391159870496833,0.014999999750452311,0.0695431588095518,0.77694404
0.007391159870496833,0.01700000036663715,0.0695431588095518,0.78605396
0.007391159870496833,0.01900000017099966,0.0695431588095518,0.7913456
0.007391159870496833,0.020999999975362168,0.0695431588095518,0.78893405
0.007391159870496833,0.022999999779724677,0.0695431588095518,0.793228
0.007391159870496833,0.024999999584087183,0.0695431588095518,0.8052387
0.007391159870496833,0.026999999388449693,0.0695431588095518,0.8049021
0.007391159870496833,0.02900000000463453,0.0695431588095518,0.7962024
0.007391159870496833,0.031000000620819368,0.0695431588095518,0.7919648
0.007391159870496833,0.03299999961335955,0.0695431588095518,0.79201984
0.007391159870496833,0.03500000022954439,0.0695431588095518,0.79321975
0.007391159870496833,0.03700000084572922,0.0695431588095518,0.793287
0.007391159870496833,0.038999999838269406,0.0695431588095518,0.79263735
0.007391159870496833,0.04100000045445424,0.0695431588095518,0.7914086
0.007391159870496833,0.04300000107063908,0.0695431588095518,0.79007244
0.007391159870496833,0.04500000006317926,0.0695431588095518,0.78844887
0.007391159870496833,0.046999999055719444,0.0695431588095518,0.7864785
0.007391159870496833,0.04899999967190428,0.0695431588095518,0.78418344
0.007391159870496833,0.05100000028808912,0.0695431588095518,0.7815881
0.007391159870496833,0.0529999992806293,0.0695431588095518,0.77873886
0.007391159870496833,0.05499999827316948,0.0695431588095518,0.7757
0.007391159870496833,0.05699999726570966,0.0695431588095518,0.7725563
0.007391159870496833,0.05899999950553916,0.0695431588095518,0.7694011
0.007391159870496833,0.06100000174536865,0.0695431588095518,0.7663024
0.007391159870496833,0.06300000073790883,0.0695431588095518,0.7633278
0.007391159870496833,0.06499999973044901,0.0695431588095518,0.76053154
0.007391159870496833,0.06699999872298919,0.0695431588095518,0.7579515
0.007391159870496833,0.06899999771552937,0.0695431588095518,0.7556125
0.009270976482652845,0.0010000000036590455,0.07809759046222542,0.8395007
0.009270976482652845,0.003000000010977137,0.07809759046222542,0.838811
0.009270976482652845,0.004999999916817437,0.07809759046222542,0.8209339
0.009270976482652845,0.006999999924135528,0.07809759046222542,0.7949734
0.009270976482652845,0.008999999931453619,0.07809759046222542,0.7656109
0.009270976482652845,0.010999999735816128,0.07809759046222542,0.74789673
0.009270976482652845,0.012999999540178638,0.07809759046222542,0.7451255
0.009270976482652845,0.014999999750452311,0.07809759046222542,0.75541747
0.009270976482652845,0.01700000036663715,0.07809759046222542,0.7645025
0.009270976482652845,0.01900000017099966,0.07809759046222542,0.7698913
0.009270976482652845,0.020999999975362168,0.07809759046222542,0.7675341
0.009270976482652845,0.022999999779724677,0.07809759046222542,0.771442
0.009270976482652845,0.024999999584087183,0.07809759046222542,0.78350353
0.009270976482652845,0.026999999388449693,0.07809759046222542,0.78335625
0.009270976482652845,0.02900000000463453,0.07809759046222542,0.7746576
0.009270976482652845,0.031000000620819368,0.07809759046222542,0.7702463
0.009270976482652845,0.03299999961335955,0.07809759046222542,0.7702566
0.009270976482652845,0.03500000022954439,0.07809759046222542,0.77150637
0.009270976482652845,0.03700000084572922,0.07809759046222542,0.77162737
0.009270976482652845,0.038999999838269406,0.07809759046222542,0.77102625
0.009270976482652845,0.04100000045445424,0.07809759046222542,0.76979303
0.009270976482652845,0.04300000107063908,0.07809759046222542,0.768464
0.009270976482652845,0.04500000006317926,0.07809759046222542,0.7668536
0.009270976482652845,0.046999999055719444,0.07809759046222542,0.7648965
0.009270976482652845,0.04899999967190428,0.07809759046222542,0.762614
0.009270976482652845,0.05100000028808912,0.07809759046222542,0.76002884
0.009270976482652845,0.0529999992806293,0.07809759046222542,0.75718516
0.009270976482652845,0.05499999827316948,0.07809759046222542,0.75414664
0.009270976482652845,0.05699999726570966,0.07809759046222542,0.75099355
0.009270976482652845,0.05899999950553916,0.07809759046222542,0.7478194
0.009270976482652845,0.06100000174536865,0.07809759046222542,0.74469656
0.009270976482652845,0.06300000073790883,0.07809759046222542,0.74168915
0.009270976482652845,0.06499999973044901,0.07809759046222542,0.7388535
0.009270976482652845,0.06699999872298919,0.07809759046222542,0.7362284
0.009270976482652845,0.06899999771552937,0.07809759046222542,0.7338395
0.011365819054121876,0.0010000000036590455,0.08660166964683073,0.81606895
0.011365819054121876,0.003000000010977137,0.08660166964683073,0.81513864
0.011365819054121876,0.004999999916817437,0.08660166964683073,0.7970945
0.011365819054121876,0.006999999924135528,0.08660166964683073,0.7711915
0.011365819054121876,0.008999999931453619,0.08660166964683073,0.74190336
0.011365819054121876,0.010999999735816128,0.08660166964683073,0.72410834
0.011365819054121876,0.012999999540178638,0.08660166964683073,0.7212574
0.011365819054121876,0.014999999750452311,0.08660166964683073,0.731473
0.011365819054121876,0.01700000036663715,0.08660166964683073,0.74053144
0.011365819054121876,0.01900000017099966,0.08660166964683073,0.7460106
0.011365819054121876,0.020999999975362168,0.08660166964683073,0.7437703
0.011365819054121876,0.022999999779724677,0.08660166964683073,0.7472147
0.011365819054121876,0.024999999584087183,0.08660166964683073,0.75921947
0.011365819054121876,0.026999999388449693,0.08660166964683073,0.7593349
0.011365819054121876,0.02900000000463453,0.08660166964683073,0.75074685
0.011365819054121876,0.031000000620819368,0.08660166964683073,0.74621916
0.011365819054121876,0.03299999961335955,0.08660166964683073,0.7461728
0.011365819054121876,0.03500000022954439,0.08660166964683073,0.74746233
0.011365819054121876,0.03700000084572922,0.08660166964683073,0.7476262
0.011365819054121876,0.038999999838269406,0.08660166964683073,0.7470719
0.011365819054121876,0.04100000045445424,0.08660166964683073,0.74582833
0.011365819054121876,0.04300000107063908,0.08660166964683073,0.7445025
0.011365819054121876,0.04500000006317926,0.08660166964683073,0.742904
0.011365819054121876,0.046999999055719444,0.08660166964683073,0.7409598
0.011365819054121876,0.04899999967190428,0.08660166964683073,0.73868746
0.011365819054121876,0.05100000028808912,0.08660166964683073,0.7361119
0.011365819054121876,0.0529999992806293,0.08660166964683073,0.7332726
0.011365819054121876,0.05499999827316948,0.08660166964683073,0.7302318
0.011365819054121876,0.05699999726570966,0.08660166964683073,0.7270652
0.011365819054121876,0.05899999950553916,0.08660166964683073,0.72386664
0.011365819054121876,0.06100000174536865,0.08660166964683073,0.72071344
0.011365819054121876,0.06300000073790883,0.08660166964683073,0.7176654
0.011365819054121876,0.06499999973044901,0.08660166964683073,0.7147811
0.011365819054121876,0.06699999872298919,0.08660166964683073,0.71210074
0.011365819054121876,0.06899999771552937,0.08660166964683073,0.70965105
0.013684884517101604,0.04300000107063908,0.09504725865635247,0.7188504
0.013684884517101604,0.04500000006317926,0.09504725865635247,0.7172588
0.013684884517101604,0.046999999055719444,0.09504725865635247,0.7153264
0.013684884517101604,0.04899999967190428,0.09504725865635247,0.7130652
0.013684884517101604,0.05100000028808912,0.09504725865635247,0.7105032
0.013684884517101604,0.0529999992806293,0.09504725865635247,0.7076698
0.013684884517101604,0.05499999827316948,0.09504725865635247,0.70463043
0.013684884517101604,0.05699999726570966,0.09504725865635247,0.70145476
0.013684884517101604,0.05899999950553916,0.09504725865635247,0.69823325
0.013684884517101604,0.06100000174536865,0.09504725865635247,0.69505054
0.013684884517101604,0.06300000073790883,0.09504725865635247,0.69196093
0.013684884517101604,0.06499999973044901,0.09504725865635247,0.6890258
0.013684884517101604,0.06699999872298919,0.09504725865635247,0.6862866
0.013684884517101604,0.06899999771552937,0.09504725865635247,0.68377155
0.01622736632610922,0.046999999055719444,0.1034283142853814,0.6881557
0.01622736632610922,0.04899999967190428,0.1034283142853814,0.6859112
0.01622736632610922,0.05100000028808912,0.1034283142853814,0.68336874
0.01622736632610922,0.0529999992806293,0.1034283142853814,0.680548
0.01622736632610922,0.05499999827316948,0.1034283142853814,0.6775159
0.01622736632610922,0.05699999726570966,0.1034283142853814,0.67433965
0.01622736632610922,0.05899999950553916,0.1034283142853814,0.67110395
0.01622736632610922,0.06100000174536865,0.1034283142853814,0.6678961
0.01622736632610922,0.06300000073790883,0.1034283142853814,0.6647692
0.01622736632610922,0.06499999973044901,0.1034283142853814,0.6617857
0.01622736632610922,0.06699999872298919,0.1034283142853814,0.6589888
0.01622736632610922,0.06899999771552937,0.1034283142853814,0.656408
0.018985896381696316,0.0529999992806293,0.11174090081927168,0.65218246
0.018985896381696316,0.05499999827316948,0.11174090081927168,0.64916474
0.018985896381696316,0.05699999726570966,0.11174090081927168,0.6459942
0.018985896381696316,0.05899999950553916,0.11174090081927168,0.6427506
0.018985896381696316,0.06100000174536865,0.11174090081927168,0.6395201
0.018985896381696316,0.06300000073790883,0.11174090081927168,0.63636285
0.018985896381696316,0.06499999973044901,0.11174090081927168,0.63333505
0.018985896381696316,0.06699999872298919,0.11174090081927168,0.6304833
0.018985896381696316,0.06899999771552937,0.11174090081927168,0.62783897
0.021947771693986415,0.06100000174536865,0.11998339786065672,0.60997957
0.021947771693986415,0.06300000073790883,0.11998339786065672,0.6068007
0.021947771693986415,0.06499999973044901,0.11998339786065672,0.60373646
0.021947771693986415,0.06699999872298919,0.11998339786065672,0.6008369
0.021947771693986415,0.06899999771552937,0.11998339786065672,0.5981349
0.025099798526505797,0.06499999973044901,0.1281552144028818,0.57271004
0.025099798526505797,0.06699999872298919,0.1281552144028818,0.56976473
0.025099798526505797,0.06899999771552937,0.1281552144028818,0.56700695
0.013684884517101604,0.0010000000036590455,0.09504725865635247,0.7907552
0.013684884517101604,0.003000000010977137,0.09504725865635247,0.7896141
0.013684884517101604,0.004999999916817437,0.09504725865635247,0.77148044
0.013684884517101604,0.006999999924135528,0.09504725865635247,0.74569315
0.013684884517101604,0.008999999931453619,0.09504725865635247,0.7165701
0.013684884517101604,0.010999999735816128,0.09504725865635247,0.69872797
0.013684884517101604,0.012999999540178638,0.09504725865635247,0.695789
0.013684884517101604,0.014999999750452311,0.09504725865635247,0.7058385
0.013684884517101604,0.01700000036663715,0.09504725865635247,0.7148898
0.013684884517101604,0.01900000017099966,0.09504725865635247,0.72041774
0.013684884517101604,0.020999999975362168,0.09504725865635247,0.71837175
0.013684884517101604,0.022999999779724677,0.09504725865635247,0.72127783
0.013684884517101604,0.024999999584087183,0.09504725865635247,0.73314255
0.013684884517101604,0.026999999388449693,0.09504725865635247,0.7336023
0.013684884517101604,0.02900000000463453,0.09504725865635247,0.7252281
0.013684884517101604,0.031000000620819368,0.09504725865635247,0.72059554
0.013684884517101604,0.03299999961335955,0.09504725865635247,0.7204665
0.013684884517101604,0.03500000022954439,0.09504725865635247,0.72176397
0.013684884517101604,0.03700000084572922,0.09504725865635247,0.7219532
0.013684884517101604,0.038999999838269406,0.09504725865635247,0.7214401
0.013684884517101604,0.04100000045445424,0.09504725865635247,0.7201784
0.01622736632610922,0.0010000000036590455,0.1034283142853814,0.7637509
0.01622736632610922,0.003000000010977137,0.1034283142853814,0.76245755
0.01622736632610922,0.004999999916817437,0.1034283142853814,0.7443212
0.01622736632610922,0.006999999924135528,0.1034283142853814,0.71867794
0.01622736632610922,0.008999999931453619,0.1034283142853814,0.6897661
0.01622736632610922,0.010999999735816128,0.1034283142853814,0.6718708
0.01622736632610922,0.012999999540178638,0.1034283142853814,0.6688024
0.01622736632610922,0.014999999750452311,0.1034283142853814,0.6786192
0.01622736632610922,0.01700000036663715,0.1034283142853814,0.6876661
0.01622736632610922,0.01900000017099966,0.1034283142853814,0.6932199
0.01622736632610922,0.020999999975362168,0.1034283142853814,0.6914488
0.01622736632610922,0.022999999779724677,0.1034283142853814,0.6937716
0.01622736632610922,0.024999999584087183,0.1034283142853814,0.70547307
0.01622736632610922,0.026999999388449693,0.1034283142853814,0.70634973
0.01622736632610922,0.02900000000463453,0.1034283142853814,0.69825995
0.01622736632610922,0.031000000620819368,0.1034283142853814,0.69351995
0.01622736632610922,0.03299999961335955,0.1034283142853814,0.69327617
0.01622736632610922,0.03500000022954439,0.1034283142853814,0.6945436
0.01622736632610922,0.03700000084572922,0.1034283142853814,0.69475085
0.01622736632610922,0.038999999838269406,0.1034283142853814,0.6942778
0.01622736632610922,0.04100000045445424,0.1034283142853814,0.6929937
0.01622736632610922,0.04300000107063908,0.1034283142853814,0.69165915
0.01622736632610922,0.04500000006317926,0.1034283142853814,0.6900739
0.018985896381696316,0.0010000000036590455,0.11174090081927168,0.7354439
0.018985896381696316,0.003000000010977137,0.11174090081927168,0.73405695
0.018985896381696316,0.004999999916817437,0.11174090081927168,0.7159858
0.018985896381696316,0.006999999924135528,0.11174090081927168,0.69048226
0.018985896381696316,0.008999999931453619,0.11174090081927168,0.6618056
0.018985896381696316,0.010999999735816128,0.11174090081927168,0.64382976
0.018985896381696316,0.012999999540178638,0.11174090081927168,0.6405764
0.018985896381696316,0.014999999750452311,0.11174090081927168,0.6501262
0.018985896381696316,0.01700000036663715,0.11174090081927168,0.6591538
0.018985896381696316,0.01900000017099966,0.11174090081927168,0.6647499
0.018985896381696316,0.020999999975362168,0.11174090081927168,0.66328317
0.018985896381696316,0.022999999779724677,0.11174090081927168,0.6650061
0.018985896381696316,0.024999999584087183,0.11174090081927168,0.6765234
0.018985896381696316,0.026999999388449693,0.11174090081927168,0.6779144
0.018985896381696316,0.02900000000463453,0.11174090081927168,0.67016536
0.018985896381696316,0.031000000620819368,0.11174090081927168,0.66526175
0.018985896381696316,0.03299999961335955,0.11174090081927168,0.6648882
0.018985896381696316,0.03500000022954439,0.11174090081927168,0.6660804
0.018985896381696316,0.03700000084572922,0.11174090081927168,0.6662977
0.018985896381696316,0.038999999838269406,0.11174090081927168,0.66586506
0.018985896381696316,0.04100000045445424,0.11174090081927168,0.6645565
0.018985896381696316,0.04300000107063908,0.11174090081927168,0.66320837
0.018985896381696316,0.04500000006317926,0.11174090081927168,0.6616276
0.018985896381696316,0.046999999055719444,0.11174090081927168,0.6597244
0.018985896381696316,0.04899999967190428,0.11174090081927168,0.65750045
0.018985896381696316,0.05100000028808912,0.11174090081927168,0.6549796
0.021947771693986415,0.0010000000036590455,0.11998339786065672,0.7059779
0.021947771693986415,0.003000000010977137,0.11998339786065672,0.70454675
0.021947771693986415,0.004999999916817437,0.11998339786065672,0.6865798
0.021947771693986415,0.006999999924135528,0.11998339786065672,0.6611754
0.021947771693986415,0.008999999931453619,0.11998339786065672,0.6326939
0.021947771693986415,0.010999999735816128,0.11998339786065672,0.61456406
0.021947771693986415,0.012999999540178638,0.11998339786065672,0.6110445
0.021947771693986415,0.014999999750452311,0.11998339786065672,0.6202884
0.021947771693986415,0.01700000036663715,0.11998339786065672,0.62929994
0.021947771693986415,0.01900000017099966,0.11998339786065672,0.63497156
0.021947771693986415,0.020999999975362168,0.11998339786065672,0.6338274
0.021947771693986415,0.022999999779724677,0.11998339786065672,0.6349535
0.021947771693986415,0.024999999584087183,0.11998339786065672,0.6462957
0.021947771693986415,0.026999999388449693,0.11998339786065672,0.6483075
0.021947771693986415,0.02900000000463453,0.11998339786065672,0.6409408
0.021947771693986415,0.031000000620819368,0.11998339786065672,0.6358184
0.021947771693986415,0.03299999961335955,0.11998339786065672,0.6352749
0.021947771693986415,0.03500000022954439,0.11998339786065672,0.6363746
0.021947771693986415,0.03700000084572922,0.11998339786065672,0.636607
0.021947771693986415,0.038999999838269406,0.11998339786065672,0.63620913
0.021947771693986415,0.04100000045445424,0.11998339786065672,0.63488245
0.021947771693986415,0.04300000107063908,0.11998339786065672,0.63351953
0.021947771693986415,0.04500000006317926,0.11998339786065672,0.63195086
0.021947771693986415,0.046999999055719444,0.11998339786065672,0.6300681
0.021947771693986415,0.04899999967190428,0.11998339786065672,0.62787056
0.021947771693986415,0.05100000028808912,0.11998339786065672,0.6253799
0.021947771693986415,0.0529999992806293,0.11998339786065672,0.62261313
0.021947771693986415,0.05499999827316948,0.11998339786065672,0.6196191
0.021947771693986415,0.05699999726570966,0.11998339786065672,0.616465
0.021947771693986415,0.05899999950553916,0.11998339786065672,0.61322355
0.025099798526505797,0.0010000000036590455,0.1281552144028818,0.6752393
0.025099798526505797,0.003000000010977137,0.1281552144028818,0.6737568
0.025099798526505797,0.004999999916817437,0.1281552144028818,0.6558996
0.025099798526505797,0.006999999924135528,0.1281552144028818,0.6305559
0.025099798526505797,0.008999999931453619,0.1281552144028818,0.60222894
0.025099798526505797,0.010999999735816128,0.1281552144028818,0.5838566
0.025099798526505797,0.012999999540178638,0.1281552144028818,0.5800216
0.025099798526505797,0.014999999750452311,0.1281552144028818,0.5889445
0.025099798526505797,0.01700000036663715,0.1281552144028818,0.5979635
0.025099798526505797,0.01900000017099966,0.1281552144028818,0.60371333
0.025099798526505797,0.020999999975362168,0.1281552144028818,0.60295284
0.025099798526505797,0.022999999779724677,0.1281552144028818,0.6034714
0.025099798526505797,0.024999999584087183,0.1281552144028818,0.6145826
0.025099798526505797,0.026999999388449693,0.1281552144028818,0.6172813
0.025099798526505797,0.02900000000463453,0.1281552144028818,0.6103049
0.025099798526505797,0.031000000620819368,0.1281552144028818,0.6049324
0.025099798526505797,0.03299999961335955,0.1281552144028818,0.60419524
0.025099798526505797,0.03500000022954439,0.1281552144028818,0.60520804
0.025099798526505797,0.03700000084572922,0.1281552144028818,0.60546327
0.025099798526505797,0.038999999838269406,0.1281552144028818,0.60509133
0.025099798526505797,0.04100000045445424,0.1281552144028818,0.6037607
0.025099798526505797,0.04300000107063908,0.1281552144028818,0.602383
0.025099798526505797,0.04500000006317926,0.1281552144028818,0.60082364
0.025099798526505797,0.046999999055719444,0.1281552144028818,0.59896547
0.025099798526505797,0.04899999967190428,0.1281552144028818,0.59679526
0.025099798526505797,0.05100000028808912,0.1281552144028818,0.5943372
0.025099798526505797,0.0529999992806293,0.1281552144028818,0.59160346
0.025099798526505797,0.05499999827316948,0.1281552144028818,0.5886324
0.025099798526505797,0.05699999726570966,0.1281552144028818,0.58549726
0.025099798526505797,0.05899999950553916,0.1281552144028818,0.5822619
0.025099798526505797,0.06100000174536865,0.1281552144028818,0.5790065
0.025099798526505797,0.06300000073790883,0.1281552144028818,0.5758083
0.028433189714376812,0.0010000000036590455,0.13625481123081312,0.64306986
0.028433189714376812,0.003000000010977137,0.13625481123081312,0.64148927
0.028433189714376812,0.004999999916817437,0.13625481123081312,0.62371624
0.028433189714376812,0.006999999924135528,0.13625481123081312,0.5984205
0.028433189714376812,0.008999999931453619,0.13625481123081312,0.57022554
0.028433189714376812,0.010999999735816128,0.13625481123081312,0.5515818
0.028433189714376812,0.012999999540178638,0.13625481123081312,0.5474164
0.028433189714376812,0.014999999750452311,0.13625481123081312,0.5560215
0.028433189714376812,0.01700000036663715,0.13625481123081312,0.5650713
0.028433189714376812,0.01900000017099966,0.13625481123081312,0.57089394
0.028433189714376812,0.020999999975362168,0.13625481123081312,0.5705448
0.028433189714376812,0.022999999779724677,0.13625481123081312,0.57045853
0.028433189714376812,0.024999999584087183,0.13625481123081312,0.58131546
0.028433189714376812,0.026999999388449693,0.13625481123081312,0.5847118
0.028433189714376812,0.02900000000463453,0.13625481123081312,0.57813627
0.028433189714376812,0.031000000620819368,0.13625481123081312,0.57251877
0.028433189714376812,0.03299999961335955,0.13625481123081312,0.5715348
0.028433189714376812,0.03500000022954439,0.13625481123081312,0.5724634
0.028433189714376812,0.03700000084572922,0.13625481123081312,0.5727521
0.028433189714376812,0.038999999838269406,0.13625481123081312,0.5724053
0.028433189714376812,0.04100000045445424,0.13625481123081312,0.57109636
0.028433189714376812,0.04300000107063908,0.13625481123081312,0.5697109
0.028433189714376812,0.04500000006317926,0.13625481123081312,0.5681695
0.028433189714376812,0.046999999055719444,0.13625481123081312,0.5663448
0.028433189714376812,0.04899999967190428,0.13625481123081312,0.56420934
0.028433189714376812,0.05100000028808912,0.13625481123081312,0.56179035
0.028433189714376812,0.0529999992806293,0.13625481123081312,0.5590964
0.028433189714376812,0.05499999827316948,0.13625481123081312,0.5561556
0.028433189714376812,0.05699999726570966,0.13625481123081312,0.55304337
0.028433189714376812,0.05899999950553916,0.13625481123081312,0.5498205
0.028433189714376812,0.06100000174536865,0.13625481123081312,0.54656035
0.028433189714376812,0.06300000073790883,0.13625481123081312,0.54334235
0.028433189714376812,0.06499999973044901,0.13625481123081312,0.5402134
0.028433189714376812,0.06699999872298919,0.13625481123081312,0.5372238
0.028433189714376812,0.06899999771552937,0.13625481123081312,0.5344111
0.03194524107742509,0.0010000000036590455,0.14427856436957875,0.60936934
0.03194524107742509,0.003000000010977137,0.14427856436957875,0.60765016
0.03194524107742509,0.004999999916817437,0.14427856436957875,0.5899469
0.03194524107742509,0.006999999924135528,0.14427856436957875,0.56472003
0.03194524107742509,0.008999999931453619,0.14427856436957875,0.53668875
0.03194524107742509,0.010999999735816128,0.14427856436957875,0.51779747
0.03194524107742509,0.012999999540178638,0.14427856436957875,0.5133175
0.03194524107742509,0.014999999750452311,0.14427856436957875,0.5215906
0.03194524107742509,0.01700000036663715,0.14427856436957875,0.53070074
0.03194524107742509,0.01900000017099966,0.14427856436957875,0.5365643
0.03194524107742509,0.020999999975362168,0.14427856436957875,0.5366313
0.03194524107742509,0.022999999779724677,0.14427856436957875,0.53594834
0.03194524107742509,0.024999999584087183,0.14427856436957875,0.5464753
0.03194524107742509,0.026999999388449693,0.14427856436957875,0.55056924
0.03194524107742509,0.02900000000463453,0.14427856436957875,0.54445773
0.03194524107742509,0.031000000620819368,0.14427856436957875,0.5386137
0.03194524107742509,0.03299999961335955,0.14427856436957875,0.53733766
0.03194524107742509,0.03500000022954439,0.14427856436957875,0.53817534
0.03194524107742509,0.03700000084572922,0.14427856436957875,0.5385061
0.03194524107742509,0.038999999838269406,0.14427856436957875,0.5381777
0.03194524107742509,0.04100000045445424,0.14427856436957875,0.5369168
0.03194524107742509,0.04300000107063908,0.14427856436957875,0.5355222
0.03194524107742509,0.04500000006317926,0.14427856436957875,0.5339995
0.03194524107742509,0.046999999055719444,0.14427856436957875,0.5322088
0.03194524107742509,0.04899999967190428,0.14427856436957875,0.53010976
0.03194524107742509,0.05100000028808912,0.14427856436957875,0.5277295
0.03194524107742509,0.0529999992806293,0.14427856436957875,0.5250717
0.03194524107742509,0.05499999827316948,0.14427856436957875,0.5221643
0.03194524107742509,0.05699999726570966,0.14427856436957875,0.5190733
0.03194524107742509,0.05899999950553916,0.14427856436957875,0.51585853
0.03194524107742509,0.06100000174536865,0.14427856436957875,0.51259077
0.03194524107742509,0.06300000073790883,0.14427856436957875,0.5093481
0.03194524107742509,0.06499999973044901,0.14427856436957875,0.5061862
0.03194524107742509,0.06699999872298919,0.14427856436957875,0.50314856
0.03194524107742509,0.06899999771552937,0.14427856436957875,0.500277
0.03563529341592034,0.0010000000036590455,0.15222204451655744,0.5746612
0.03563529341592034,0.003000000010977137,0.15222204451655744,0.57277834
0.03563529341592034,0.004999999916817437,0.15222204451655744,0.5551616
0.03563529341592034,0.006999999924135528,0.15222204451655744,0.530053
0.03563529341592034,0.008999999931453619,0.15222204451655744,0.5022385
0.03563529341592034,0.010999999735816128,0.15222204451655744,0.48312697
0.03563529341592034,0.012999999540178638,0.15222204451655744,0.47834462
0.03563529341592034,0.014999999750452311,0.15222204451655744,0.48624337
0.03563529341592034,0.01700000036663715,0.15222204451655744,0.49542153
0.03563529341592034,0.01900000017099966,0.15222204451655744,0.5013044
0.03563529341592034,0.020999999975362168,0.15222204451655744,0.5017919
0.03563529341592034,0.022999999779724677,0.15222204451655744,0.50058985
0.03563529341592034,0.024999999584087183,0.15222204451655744,0.5107237
0.03563529341592034,0.026999999388449693,0.15222204451655744,0.5154735
0.03563529341592034,0.02900000000463453,0.15222204451655744,0.5098558
0.03563529341592034,0.031000000620819368,0.15222204451655744,0.5038516
0.03563529341592034,0.03299999961335955,0.15222204451655744,0.50225365
0.03563529341592034,0.03500000022954439,0.15222204451655744,0.50296587
0.03563529341592034,0.03700000084572922,0.15222204451655744,0.5033373
0.03563529341592034,0.038999999838269406,0.15222204451655744,0.50301623
0.03563529341592034,0.04100000045445424,0.15222204451655744,0.50183964
0.03563529341592034,0.04300000107063908,0.15222204451655744,0.50043565
0.03563529341592034,0.04500000006317926,0.15222204451655744,0.49893072
0.03563529341592034,0.046999999055719444,0.15222204451655744,0.4971771
0.03563529341592034,0.04899999967190428,0.15222204451655744,0.49511933
0.03563529341592034,0.05100000028808912,0.15222204451655744,0.4927789
0.03563529341592034,0.0529999992806293,0.15222204451655744,0.49016276
0.03563529341592034,0.05499999827316948,0.15222204451655744,0.4872928
0.03563529341592034,0.05699999726570966,0.15222204451655744,0.48422807
0.03563529341592034,0.05899999950553916,0.15222204451655744,0.48102987
0.03563529341592034,0.06100000174536865,0.15222204451655744,0.4777624
0.03563529341592034,0.06300000073790883,0.15222204451655744,0.47450113
0.03563529341592034,0.06499999973044901,0.15222204451655744,0.4713123
0.03563529341592034,0.06699999872298919,0.15222204451655744,0.46823242
0.03563529341592034,0.06899999771552937,0.15222204451655744,0.46530697
0.03950136507156005,0.0010000000036590455,0.16008138739746816,0.539045
0.03950136507156005,0.003000000010977137,0.16008138739746816,0.53698623
0.03950136507156005,0.004999999916817437,0.16008138739746816,0.51947063
0.03950136507156005,0.006999999924135528,0.16008138739746816,0.49452022
0.03950136507156005,0.008999999931453619,0.16008138739746816,0.46695808
0.03950136507156005,0.010999999735816128,0.16008138739746816,0.4476515
0.03950136507156005,0.012999999540178638,0.16008138739746816,0.4425828
0.03950136507156005,0.014999999750452311,0.16008138739746816,0.45007417
0.03950136507156005,0.01700000036663715,0.16008138739746816,0.4593299
0.03950136507156005,0.01900000017099966,0.16008138739746816,0.46521026
0.03950136507156005,0.020999999975362168,0.16008138739746816,0.46611875
0.03950136507156005,0.022999999779724677,0.16008138739746816,0.46441928
0.03950136507156005,0.024999999584087183,0.16008138739746816,0.4739661
0.03950136507156005,0.026999999388449693,0.16008138739746816,0.47947112
0.03950136507156005,0.02900000000463453,0.16008138739746816,0.47438323
0.03950136507156005,0.031000000620819368,0.16008138739746816,0.46819136
0.03950136507156005,0.03299999961335955,0.16008138739746816,0.46627757
0.03950136507156005,0.03500000022954439,0.16008138739746816,0.46682906
0.03950136507156005,0.03700000084572922,0.16008138739746816,0.46725693
0.03950136507156005,0.038999999838269406,0.16008138739746816,0.4669168
0.03950136507156005,0.04100000045445424,0.16008138739746816,0.4658565
0.03950136507156005,0.04300000107063908,0.16008138739746816,0.4644415
0.03950136507156005,0.04500000006317926,0.16008138739746816,0.4629464
0.03950136507156005,0.046999999055719444,0.16008138739746816,0.46122736
0.03950136507156005,0.04899999967190428,0.16008138739746816,0.4592075
0.03950136507156005,0.05100000028808912,0.16008138739746816,0.45690277
0.03950136507156005,0.0529999992806293,0.16008138739746816,0.4543277
0.03950136507156005,0.05499999827316948,0.16008138739746816,0.4514968
0.03950136507156005,0.05699999726570966,0.16008138739746816,0.4484558
0.03950136507156005,0.05899999950553916,0.16008138739746816,0.44527337
0.03950136507156005,0.06100000174536865,0.16008138739746816,0.4420106
0.03950136507156005,0.06300000073790883,0.16008138739746816,0.43873376
0.03950136507156005,0.06499999973044901,0.16008138739746816,0.43551543
0.03950136507156005,0.06699999872298919,0.16008138739746816,0.43239468
0.03950136507156005,0.06899999771552937,0.16008138739746816,0.42941493
0.04354030130277784,0.0010000000036590455,0.16785335221757783,0.50282025
0.04354030130277784,0.003000000010977137,0.16785335221757783,0.50062686
0.04354030130277784,0.004999999916817437,0.16785335221757783,0.48321488
0.04354030130277784,0.006999999924135528,0.16785335221757783,0.45846272
0.04354030130277784,0.008999999931453619,0.16785335221757783,0.4311742
0.04354030130277784,0.010999999735816128,0.16785335221757783,0.41168982
0.04354030130277784,0.012999999540178638,0.16785335221757783,0.40633184
0.04354030130277784,0.014999999750452311,0.16785335221757783,0.4133704
0.04354030130277784,0.01700000036663715,0.16785335221757783,0.42272404
0.04354030130277784,0.01900000017099966,0.16785335221757783,0.42853552
0.04354030130277784,0.020999999975362168,0.16785335221757783,0.42992812
0.04354030130277784,0.022999999779724677,0.16785335221757783,0.4277512
0.04354030130277784,0.024999999584087183,0.16785335221757783,0.43644598
0.04354030130277784,0.026999999388449693,0.16785335221757783,0.44283858
0.04354030130277784,0.02900000000463453,0.16785335221757783,0.4384455
0.04354030130277784,0.031000000620819368,0.16785335221757783,0.43206128
0.04354030130277784,0.03299999961335955,0.16785335221757783,0.4297778
0.04354030130277784,0.03500000022954439,0.16785335221757783,0.43015942
0.04354030130277784,0.03700000084572922,0.16785335221757783,0.43065694
0.04354030130277784,0.038999999838269406,0.16785335221757783,0.4303031
0.04354030130277784,0.04100000045445424,0.16785335221757783,0.42937914
0.04354030130277784,0.04300000107063908,0.16785335221757783,0.42794642
0.04354030130277784,0.04500000006317926,0.16785335221757783,0.42646933
0.04354030130277784,0.046999999055719444,0.16785335221757783,0.42478722
0.04354030130277784,0.04899999967190428,0.16785335221757783,0.42281082
0.04354030130277784,0.05100000028808912,0.16785335221757783,0.42054775
0.04354030130277784,0.0529999992806293,0.16785335221757783,0.41802037
0.04354030130277784,0.05499999827316948,0.16785335221757783,0.4152331
0.04354030130277784,0.05699999726570966,0.16785335221757783,0.4122312
0.04354030130277784,0.05899999950553916,0.16785335221757783,0.4090749
0.04354030130277784,0.06100000174536865,0.16785335221757783,0.40582448
0.04354030130277784,0.06300000073790883,0.16785335221757783,0.40254244
0.04354030130277784,0.06499999973044901,0.16785335221757783,0.39930138
0.04354030130277784,0.06699999872298919,0.16785335221757783,0.39615002
0.04354030130277784,0.06899999771552937,0.16785335221757783,0.393124
0.047747632215836056,0.0010000000036590455,0.17553552948821705,0.4660694
0.047747632215836056,0.003000000010977137,0.17553552948821705,0.46382365
0.047747632215836056,0.004999999916817437,0.17553552948821705,0.44651544
0.047747632215836056,0.006999999924135528,0.17553552948821705,0.42197815
0.047747632215836056,0.008999999931453619,0.17553552948821705,0.3949735
0.047747632215836056,0.010999999735816128,0.17553552948821705,0.37531707
0.047747632215836056,0.012999999540178638,0.17553552948821705,0.36963665
0.047747632215836056,0.014999999750452311,0.17553552948821705,0.37620085
0.047747632215836056,0.01700000036663715,0.17553552948821705,0.38563263
0.047747632215836056,0.01900000017099966,0.17553552948821705,0.39136446
0.047747632215836056,0.020999999975362168,0.17553552948821705,0.39325652
0.047747632215836056,0.022999999779724677,0.17553552948821705,0.39075103
0.047747632215836056,0.024999999584087183,0.17553552948821705,0.39855617
0.047747632215836056,0.026999999388449693,0.17553552948821705,0.40555045
0.047747632215836056,0.02900000000463453,0.17553552948821705,0.40206566
0.047747632215836056,0.031000000620819368,0.17553552948821705,0.3954685
0.047747632215836056,0.03299999961335955,0.17553552948821705,0.39278936
0.047747632215836056,0.03500000022954439,0.17553552948821705,0.3929606
0.047747632215836056,0.03700000084572922,0.17553552948821705,0.39353165
0.047747632215836056,0.038999999838269406,0.17553552948821705,0.39317897
0.047747632215836056,0.04100000045445424,0.17553552948821705,0.3923792
0.047747632215836056,0.04300000107063908,0.17553552948821705,0.39092875
0.047747632215836056,0.04500000006317926,0.17553552948821705,0.38947216
0.047747632215836056,0.046999999055719444,0.17553552948821705,0.38782245
0.047747632215836056,0.04899999967190428,0.17553552948821705,0.38588607
0.047747632215836056,0.05100000028808912,0.17553552948821705,0.38366297
0.047747632215836056,0.0529999992806293,0.17553552948821705,0.3811804
0.047747632215836056,0.05499999827316948,0.17553552948821705,0.37843868
0.047747632215836056,0.05699999726570966,0.17553552948821705,0.37547755
0.047747632215836056,0.05899999950553916,0.17553552948821705,0.37234873
0.047747632215836056,0.06100000174536865,0.17553552948821705,0.36911467
0.047747632215836056,0.06300000073790883,0.17553552948821705,0.36583266
0.047747632215836056,0.06499999973044901,0.17553552948821705,0.36257172
0.047747632215836056,0.06699999872298919,0.17553552948821705,0.35939297
0.047747632215836056,0.06899999771552937,0.17553552948821705,0.35632342
0.05211857292993381,0.0010000000036590455,0.18312586692254082,0.42881504
0.05211857292993381,0.003000000010977137,0.18312586692254082,0.42659914
0.05211857292993381,0.004999999916817437,0.18312586692254082,0.4093895
0.05211857292993381,0.006999999924135528,0.18312586692254082,0.38507465
0.05211857292993381,0.008999999931453619,0.18312586692254082,0.3583554
0.05211857292993381,0.010999999735816128,0.18312586692254082,0.33856627
0.05211857292993381,0.012999999540178638,0.18312586692254082,0.3325541
0.05211857292993381,0.014999999750452311,0.18312586692254082,0.33865106
0.05211857292993381,0.01700000036663715,0.18312586692254082,0.3481291
0.05211857292993381,0.01900000017099966,0.18312586692254082,0.35383043
0.05211857292993381,0.020999999975362168,0.18312586692254082,0.35615513
0.05211857292993381,0.022999999779724677,0.18312586692254082,0.35355574
0.05211857292993381,0.024999999584087183,0.18312586692254082,0.3603803
0.05211857292993381,0.026999999388449693,0.18312586692254082,0.3678628
0.05211857292993381,0.02900000000463453,0.18312586692254082,0.36533946
0.05211857292993381,0.031000000620819368,0.18312586692254082,0.35856798
0.05211857292993381,0.03299999961335955,0.18312586692254082,0.35549203
0.05211857292993381,0.03500000022954439,0.18312586692254082,0.35543203
0.05211857292993381,0.03700000084572922,0.18312586692254082,0.35605875
0.05211857292993381,0.038999999838269406,0.18312586692254082,0.3557363
0.05211857292993381,0.04100000045445424,0.18312586692254082,0.35505933
0.05211857292993381,0.04300000107063908,0.18312586692254082,0.3536041
0.05211857292993381,0.04500000006317926,0.18312586692254082,0.35216573
0.05211857292993381,0.046999999055719444,0.18312586692254082,0.350551
0.05211857292993381,0.04899999967190428,0.18312586692254082,0.34866104
0.05211857292993381,0.05100000028808912,0.18312586692254082,0.3464851
0.05211857292993381,0.0529999992806293,0.18312586692254082,0.34405354
0.05211857292993381,0.05499999827316948,0.18312586692254082,0.34136507
0.05211857292993381,0.05699999726570966,0.18312586692254082,0.3384534
0.05211857292993381,0.05899999950553916,0.18312586692254082,0.3353581
0.05211857292993381,0.06100000174536865,0.18312586692254082,0.3321484
0.05211857292993381,0.06300000073790883,0.18312586692254082,0.3288815
0.05211857292993381,0.06499999973044901,0.18312586692254082,0.325614
0.05211857292993381,0.06699999872298919,0.18312586692254082,0.32241192
0.05211857292993381,0.06899999771552937,0.18312586692254082,0.31931007
0.05664780600882308,0.0010000000036590455,0.19062289025120158,0.39140117
0.05664780600882308,0.003000000010977137,0.19062289025120158,0.38924465
0.05664780600882308,0.004999999916817437,0.19062289025120158,0.37218586
0.05664780600882308,0.006999999924135528,0.19062289025120158,0.34810746
0.05664780600882308,0.008999999931453619,0.19062289025120158,0.32167324
0.05664780600882308,0.010999999735816128,0.19062289025120158,0.30175778
0.05664780600882308,0.012999999540178638,0.19062289025120158,0.2953881
0.05664780600882308,0.014999999750452311,0.19062289025120158,0.30105898
0.05664780600882308,0.01700000036663715,0.19062289025120158,0.31054386
0.05664780600882308,0.01900000017099966,0.19062289025120158,0.3162032
0.05664780600882308,0.020999999975362168,0.19062289025120158,0.31895262
0.05664780600882308,0.022999999779724677,0.19062289025120158,0.31638673
0.05664780600882308,0.024999999584087183,0.19062289025120158,0.32211807
0.05664780600882308,0.026999999388449693,0.19062289025120158,0.33001345
0.05664780600882308,0.02900000000463453,0.19062289025120158,0.3284066
0.05664780600882308,0.031000000620819368,0.19062289025120158,0.3215263
0.05664780600882308,0.03299999961335955,0.19062289025120158,0.31805018
0.05664780600882308,0.03500000022954439,0.19062289025120158,0.31770802
0.05664780600882308,0.03700000084572922,0.19062289025120158,0.31836477
0.05664780600882308,0.038999999838269406,0.19062289025120158,0.31807882
0.05664780600882308,0.04100000045445424,0.19062289025120158,0.31750822
0.05664780600882308,0.04300000107063908,0.19062289025120158,0.31606624
0.05664780600882308,0.04500000006317926,0.19062289025120158,0.314642
0.05664780600882308,0.046999999055719444,0.19062289025120158,0.3130531
0.05664780600882308,0.04899999967190428,0.19062289025120158,0.31120396
0.05664780600882308,0.05100000028808912,0.19062289025120158,0.30907083
0.05664780600882308,0.0529999992806293,0.19062289025120158,0.3066854
0.05664780600882308,0.05499999827316948,0.19062289025120158,0.30405068
0.05664780600882308,0.05699999726570966,0.19062289025120158,0.30118692
0.05664780600882308,0.05899999950553916,0.19062289025120158,0.29813644
0.05664780600882308,0.06100000174536865,0.19062289025120158,0.29495695
0.05664780600882308,0.06300000073790883,0.19062289025120158,0.29170567
0.05664780600882308,0.06499999973044901,0.19062289025120158,0.28843728
0.05664780600882308,0.06699999872298919,0.19062289025120158,0.2852158
0.05664780600882308,0.06899999771552937,0.19062289025120158,0.28208718
0.0613294230096011,0.0010000000036590455,0.19802578115729275,0.35366973
0.0613294230096011,0.003000000010977137,0.19802578115729275,0.35156137
0.0613294230096011,0.004999999916817437,0.19802578115729275,0.334658
0.0613294230096011,0.006999999924135528,0.19802578115729275,0.3108112
0.0613294230096011,0.008999999931453619,0.19802578115729275,0.28463307
0.0613294230096011,0.010999999735816128,0.19802578115729275,0.26463392
0.0613294230096011,0.012999999540178638,0.19802578115729275,0.2579037
0.0613294230096011,0.014999999750452311,0.19802578115729275,0.26317894
0.0613294230096011,0.01700000036663715,0.19802578115729275,0.27267194
0.0613294230096011,0.01900000017099966,0.19802578115729275,0.27826747
0.0613294230096011,0.020999999975362168,0.19802578115729275,0.28145367
0.0613294230096011,0.022999999779724677,0.19802578115729275,0.27897087
0.0613294230096011,0.024999999584087183,0.19802578115729275,0.28358436
0.0613294230096011,0.026999999388449693,0.19802578115729275,0.2918867
0.0613294230096011,0.02900000000463453,0.19802578115729275,0.2911316
0.0613294230096011,0.031000000620819368,0.19802578115729275,0.2842642
0.0613294230096011,0.03299999961335955,0.19802578115729275,0.28044406
0.0613294230096011,0.03500000022954439,0.19802578115729275,0.27980945
0.0613294230096011,0.03700000084572922,0.19802578115729275,0.280449
0.0613294230096011,0.038999999838269406,0.19802578115729275,0.28023535
0.0613294230096011,0.04100000045445424,0.19802578115729275,0.2797565
0.0613294230096011,0.04300000107063908,0.19802578115729275,0.27833945
0.0613294230096011,0.04500000006317926,0.19802578115729275,0.2769297
0.0613294230096011,0.046999999055719444,0.19802578115729275,0.27537334
0.0613294230096011,0.04899999967190428,0.19802578115729275,0.27357316
0.0613294230096011,0.05100000028808912,0.19802578115729275,0.27149105
0.0613294230096011,0.0529999992806293,0.19802578115729275,0.26915735
0.0613294230096011,0.05499999827316948,0.19802578115729275,0.26658157
0.0613294230096011,0.05699999726570966,0.19802578115729275,0.26377454
0.0613294230096011,0.05899999950553916,0.19802578115729275,0.2607758
0.0613294230096011,0.06100000174536865,0.19802578115729275,0.25763273
0.0613294230096011,0.06300000073790883,0.19802578115729275,0.25440714
0.0613294230096011,0.06499999973044901,0.19802578115729275,0.2511514
0.0613294230096011,0.06699999872298919,0.19802578115729275,0.24792112
0.0613294230096011,0.06899999771552937,0.19802578115729275,0.24477264
0.06615818767825264,0.0010000000036590455,0.20533359792691394,0.3158097
0.06615818767825264,0.003000000010977137,0.20533359792691394,0.31377363
0.06615818767825264,0.004999999916817437,0.20533359792691394,0.29705864
0.06615818767825264,0.006999999924135528,0.20533359792691394,0.27345023
0.06615818767825264,0.008999999931453619,0.20533359792691394,0.24750671
0.06615818767825264,0.010999999735816128,0.20533359792691394,0.22742963
0.06615818767825264,0.012999999540178638,0.20533359792691394,0.22030547
0.06615818767825264,0.014999999750452311,0.20533359792691394,0.2252162
0.06615818767825264,0.01700000036663715,0.20533359792691394,0.23465446
0.06615818767825264,0.01900000017099966,0.20533359792691394,0.24020651
0.06615818767825264,0.020999999975362168,0.20533359792691394,0.24368913
0.06615818767825264,0.022999999779724677,0.20533359792691394,0.24145249
0.06615818767825264,0.024999999584087183,0.20533359792691394,0.24497439
0.06615818767825264,0.026999999388449693,0.20533359792691394,0.25356686
0.06615818767825264,0.02900000000463453,0.20533359792691394,0.25363648
0.06615818767825264,0.031000000620819368,0.20533359792691394,0.24680252
0.06615818767825264,0.03299999961335955,0.20533359792691394,0.24257573
0.06615818767825264,0.03500000022954439,0.20533359792691394,0.24167293
0.06615818767825264,0.03700000084572922,0.20533359792691394,0.24226789
0.06615818767825264,0.038999999838269406,0.20533359792691394,0.24214178
0.06615818767825264,0.04100000045445424,0.20533359792691394,0.24174143
0.06615818767825264,0.04300000107063908,0.20533359792691394,0.24038431
0.06615818767825264,0.04500000006317926,0.20533359792691394,0.23897892
0.06615818767825264,0.046999999055719444,0.20533359792691394,0.23743905
0.06615818767825264,0.04899999967190428,0.20533359792691394,0.23567754
0.06615818767825264,0.05100000028808912,0.20533359792691394,0.23364377
0.06615818767825264,0.0529999992806293,0.20533359792691394,0.23136021
0.06615818767825264,0.05499999827316948,0.20533359792691394,0.22884487
0.06615818767825264,0.05699999726570966,0.20533359792691394,0.22609712
0.06615818767825264,0.05899999950553916,0.20533359792691394,0.22314923
0.06615818767825264,0.06100000174536865,0.20533359792691394,0.22004656
0.06615818767825264,0.06300000073790883,0.20533359792691394,0.2168487
0.06615818767825264,0.06499999973044901,0.20533359792691394,0.21361022
0.06615818767825264,0.06699999872298919,0.20533359792691394,0.21037643
0.06615818767825264,0.06899999771552937,0.20533359792691394,0.20720701
0.07112923882267798,0.0010000000036590455,0.2125454378136365,0.27776507
0.07112923882267798,0.003000000010977137,0.2125454378136365,0.2757167
0.07112923882267798,0.004999999916817437,0.2125454378136365,0.25917372
0.07112923882267798,0.006999999924135528,0.2125454378136365,0.23581591
0.07112923882267798,0.008999999931453619,0.2125454378136365,0.21006775
0.07112923882267798,0.010999999735816128,0.2125454378136365,0.19000115
0.07112923882267798,0.012999999540178638,0.2125454378136365,0.1825676
0.07112923882267798,0.014999999750452311,0.2125454378136365,0.18706441
0.07112923882267798,0.01700000036663715,0.2125454378136365,0.19647579
0.07112923882267798,0.01900000017099966,0.2125454378136365,0.20199935
0.07112923882267798,0.020999999975362168,0.2125454378136365,0.20574325
0.07112923882267798,0.022999999779724677,0.2125454378136365,0.2038167
0.07112923882267798,0.024999999584087183,0.2125454378136365,0.2063121
0.07112923882267798,0.026999999388449693,0.2125454378136365,0.21492614
0.07112923882267798,0.02900000000463453,0.2125454378136365,0.21590441
0.07112923882267798,0.031000000620819368,0.2125454378136365,0.20933868
0.07112923882267798,0.03299999961335955,0.2125454378136365,0.20466535
0.07112923882267798,0.03500000022954439,0.2125454378136365,0.20352058
0.07112923882267798,0.03700000084572922,0.2125454378136365,0.20405911
0.07112923882267798,0.038999999838269406,0.2125454378136365,0.20401949
0.07112923882267798,0.04100000045445424,0.2125454378136365,0.20362933
0.07112923882267798,0.04300000107063908,0.2125454378136365,0.20238711
0.07112923882267798,0.04500000006317926,0.2125454378136365,0.20097625
0.07112923882267798,0.046999999055719444,0.2125454378136365,0.19946621
0.07112923882267798,0.04899999967190428,0.2125454378136365,0.19775628
0.07112923882267798,0.05100000028808912,0.2125454378136365,0.1957778
0.07112923882267798,0.0529999992806293,0.2125454378136365,0.19354688
0.07112923882267798,0.05499999827316948,0.2125454378136365,0.19108644
0.07112923882267798,0.05699999726570966,0.2125454378136365,0.18839839
0.07112923882267798,0.05899999950553916,0.2125454378136365,0.18550298
0.07112923882267798,0.06100000174536865,0.2125454378136365,0.18245053
0.07112923882267798,0.06300000073790883,0.2125454378136365,0.17928798
0.07112923882267798,0.06499999973044901,0.2125454378136365,0.17607017
0.07112923882267798,0.06699999872298919,0.2125454378136365,0.17284293
0.07112923882267798,0.06899999771552937,0.2125454378136365,0.16966039
0.07623837120321837,0.0010000000036590455,0.21966018374993712,0.2397869
0.07623837120321837,0.003000000010977137,0.21966018374993712,0.23789294
0.07623837120321837,0.004999999916817437,0.21966018374993712,0.22150962
0.07623837120321837,0.006999999924135528,0.21966018374993712,0.19838785
0.07623837120321837,0.008999999931453619,0.21966018374993712,0.17277037
0.07623837120321837,0.010999999735816128,0.21966018374993712,0.15267172
0.07623837120321837,0.012999999540178638,0.21966018374993712,0.14491446
0.07623837120321837,0.014999999750452311,0.21966018374993712,0.14895892
0.07623837120321837,0.01700000036663715,0.21966018374993712,0.15826738
0.07623837120321837,0.01900000017099966,0.21966018374993712,0.16379592
0.07623837120321837,0.020999999975362168,0.21966018374993712,0.16771235
0.07623837120321837,0.022999999779724677,0.21966018374993712,0.1662345
0.07623837120321837,0.024999999584087183,0.21966018374993712,0.16774678
0.07623837120321837,0.026999999388449693,0.21966018374993712,0.17661473
0.07623837120321837,0.02900000000463453,0.21966018374993712,0.17804146
0.07623837120321837,0.031000000620819368,0.21966018374993712,0.17177661
0.07623837120321837,0.03299999961335955,0.21966018374993712,0.16665453
0.07623837120321837,0.03500000022954439,0.21966018374993712,0.16522278
0.07623837120321837,0.03700000084572922,0.21966018374993712,0.16571061
0.07623837120321837,0.038999999838269406,0.21966018374993712,0.16579653
0.07623837120321837,0.04100000045445424,0.21966018374993712,0.16539994
0.07623837120321837,0.04300000107063908,0.21966018374993712,0.16433296
0.07623837120321837,0.04500000006317926,0.21966018374993712,0.1629205
0.07623837120321837,0.046999999055719444,0.21966018374993712,0.16140756
0.07623837120321837,0.04899999967190428,0.21966018374993712,0.1597336
0.07623837120321837,0.05100000028808912,0.21966018374993712,0.15780112
0.07623837120321837,0.0529999992806293,0.21966018374993712,0.1556267
0.07623837120321837,0.05499999827316948,0.21966018374993712,0.15322794
0.07623837120321837,0.05699999726570966,0.21966018374993712,0.15060654
0.07623837120321837,0.05899999950553916,0.21966018374993712,0.14777264
0.07623837120321837,0.06100000174536865,0.21966018374993712,0.14477246
0.07623837120321837,0.06300000073790883,0.21966018374993712,0.14164564
0.07623837120321837,0.06499999973044901,0.21966018374993712,0.13845244
0.07623837120321837,0.06699999872298919,0.21966018374993712,0.13524105
0.07623837120321837,0.06899999771552937,0.21966018374993712,0.13205175
0.08148161338504555,0.0010000000036590455,0.22667673165744984,0.20154405
0.08148161338504555,0.003000000010977137,0.22667673165744984,0.19950964
0.08148161338504555,0.004999999916817437,0.22667673165744984,0.18337132
0.08148161338504555,0.006999999924135528,0.22667673165744984,0.16061135
0.08148161338504555,0.008999999931453619,0.22667673165744984,0.13529038
0.08148161338504555,0.010999999735816128,0.22667673165744984,0.11522027
0.08148161338504555,0.012999999540178638,0.22667673165744984,0.10714412
0.08148161338504555,0.014999999750452311,0.22667673165744984,0.110782035
0.08148161338504555,0.01700000036663715,0.22667673165744984,0.11997008
0.08148161338504555,0.01900000017099966,0.22667673165744984,0.12555872
0.08148161338504555,0.020999999975362168,0.22667673165744984,0.12955177
0.08148161338504555,0.022999999779724677,0.22667673165744984,0.12860663
0.08148161338504555,0.024999999584087183,0.22667673165744984,0.12913497
0.08148161338504555,0.026999999388449693,0.22667673165744984,0.13783526
0.08148161338504555,0.02900000000463453,0.22667673165744984,0.14021727
0.08148161338504555,0.031000000620819368,0.22667673165744984,0.13430446
0.08148161338504555,0.03299999961335955,0.22667673165744984,0.1288477
0.08148161338504555,0.03500000022954439,0.22667673165744984,0.12703691
0.08148161338504555,0.03700000084572922,0.22667673165744984,0.12743643
0.08148161338504555,0.038999999838269406,0.22667673165744984,0.1276075
0.08148161338504555,0.04100000045445424,0.22667673165744984,0.12717801
0.08148161338504555,0.04300000107063908,0.22667673165744984,0.12628947
0.08148161338504555,0.04500000006317926,0.22667673165744984,0.12484345
0.08148161338504555,0.046999999055719444,0.22667673165744984,0.12335832
0.08148161338504555,0.04899999967190428,0.22667673165744984,0.1217313
0.08148161338504555,0.05100000028808912,0.22667673165744984,0.119859055
0.08148161338504555,0.0529999992806293,0.22667673165744984,0.117737904
0.08148161338504555,0.05499999827316948,0.22667673165744984,0.11539213
0.08148161338504555,0.05699999726570966,0.22667673165744984,0.11283215
0.08148161338504555,0.05899999950553916,0.22667673165744984,0.11005989
0.08148161338504555,0.06100000174536865,0.22667673165744984,0.10710977
0.08148161338504555,0.06300000073790883,0.22667673165744984,0.10402829
0.08148161338504555,0.06499999973044901,0.22667673165744984,0.10086541
0.08148161338504555,0.06699999872298919,0.22667673165744984,0.097670496
0.08148161338504555,0.06899999771552937,0.22667673165744984,0.09448226
0.0868546659571107,0.0010000000036590455,0.23359441908915504,0.1645515
0.0868546659571107,0.003000000010977137,0.23359441908915504,0.16273218
0.0868546659571107,0.004999999916817437,0.23359441908915504,0.14654404
0.0868546659571107,0.006999999924135528,0.23359441908915504,0.12385161
0.0868546659571107,0.008999999931453619,0.23359441908915504,0.09863902
0.0868546659571107,0.010999999735816128,0.23359441908915504,0.078558356
0.0868546659571107,0.012999999540178638,0.23359441908915504,0.070152186
0.0868546659571107,0.014999999750452311,0.23359441908915504,0.07347752
0.0868546659571107,0.01700000036663715,0.23359441908915504,0.082574934
0.0868546659571107,0.01900000017099966,0.23359441908915504,0.08836663
0.0868546659571107,0.020999999975362168,0.23359441908915504,0.09232885
0.0868546659571107,0.022999999779724677,0.23359441908915504,0.09184661
0.0868546659571107,0.024999999584087183,0.23359441908915504,0.09143568
0.0868546659571107,0.026999999388449693,0.23359441908915504,0.09965184
0.0868546659571107,0.02900000000463453,0.23359441908915504,0.10288359
0.0868546659571107,0.031000000620819368,0.23359441908915504,0.09738086
0.0868546659571107,0.03299999961335955,0.23359441908915504,0.09165189
0.0868546659571107,0.03500000022954439,0.23359441908915504,0.08957859
0.0868546659571107,0.03700000084572922,0.23359441908915504,0.08986772
0.0868546659571107,0.038999999838269406,0.23359441908915504,0.090211235
0.0868546659571107,0.04100000045445424,0.23359441908915504,0.089783184
0.0868546659571107,0.04300000107063908,0.23359441908915504,0.0890304
0.0868546659571107,0.04500000006317926,0.23359441908915504,0.087583944
0.0868546659571107,0.046999999055719444,0.23359441908915504,0.08612962
0.0868546659571107,0.04899999967190428,0.23359441908915504,0.08453898
0.0868546659571107,0.05100000028808912,0.23359441908915504,0.08271855
0.0868546659571107,0.0529999992806293,0.23359441908915504,0.080656596
0.0868546659571107,0.05499999827316948,0.23359441908915504,0.07836704
0.0868546659571107,0.05699999726570966,0.23359441908915504,0.07586605
0.0868546659571107,0.05899999950553916,0.23359441908915504,0.07315236
0.0868546659571107,0.06100000174536865,0.23359441908915504,0.07025067
0.0868546659571107,0.06300000073790883,0.23359441908915504,0.067216165
0.0868546659571107,0.06499999973044901,0.23359441908915504,0.06408203
0.0868546659571107,0.06699999872298919,0.23359441908915504,0.06090555
0.0868546659571107,0.06899999771552937,0.23359441908915504,0.05772828
0.09191295228160741,0.0010000000036590455,0.2398760664579426,0.12691087
0.09191295228160741,0.003000000010977137,0.2398760664579426,0.12516381
0.09191295228160741,0.004999999916817437,0.2398760664579426,0.10933832
0.09191295228160741,0.006999999924135528,0.2398760664579426,0.087202236
0.09191295228160741,0.008999999931453619,0.2398760664579426,0.062420387
0.09191295228160741,0.010999999735816128,0.2398760664579426,0.042601135
0.09191295228160741,0.012999999540178638,0.2398760664579426,0.034013513
0.09191295228160741,0.014999999750452311,0.2398760664579426,0.03707582
0.09191295228160741,0.01700000036663715,0.2398760664579426,0.045926925
0.09191295228160741,0.01900000017099966,0.2398760664579426,0.0517615
0.09191295228160741,0.020999999975362168,0.2398760664579426,0.05575843
0.09191295228160741,0.022999999779724677,0.2398760664579426,0.05586767
0.09191295228160741,0.024999999584087183,0.2398760664579426,0.05484317
0.09191295228160741,0.026999999388449693,0.2398760664579426,0.06252271
0.09191295228160741,0.02900000000463453,0.2398760664579426,0.06640484
0.09191295228160741,0.031000000620819368,0.2398760664579426,0.061471652
0.09191295228160741,0.03299999961335955,0.2398760664579426,0.055471774
0.09191295228160741,0.03500000022954439,0.2398760664579426,0.0530696
0.09191295228160741,0.03700000084572922,0.2398760664579426,0.05313647
0.09191295228160741,0.038999999838269406,0.2398760664579426,0.053612415
0.09191295228160741,0.04100000045445424,0.2398760664579426,0.053249072
0.09191295228160741,0.04300000107063908,0.2398760664579426,0.05263784
0.09191295228160741,0.04500000006317926,0.2398760664579426,0.05119498
0.09191295228160741,0.046999999055719444,0.2398760664579426,0.0497586
0.09191295228160741,0.04899999967190428,0.2398760664579426,0.048197858
0.09191295228160741,0.05100000028808912,0.2398760664579426,0.04642657
0.09191295228160741,0.0529999992806293,0.2398760664579426,0.04440752
0.09191295228160741,0.05499999827316948,0.2398760664579426,0.0421563
0.09191295228160741,0.05699999726570966,0.2398760664579426,0.03969908
0.09191295228160741,0.05899999950553916,0.2398760664579426,0.03703595
0.09191295228160741,0.06100000174536865,0.2398760664579426,0.03418145
0.09191295228160741,0.06300000073790883,0.2398760664579426,0.031182766
0.09191295228160741,0.06499999973044901,0.2398760664579426,0.02807438
0.09191295228160741,0.06699999872298919,0.2398760664579426,0.02491035
0.09191295228160741,0.06899999771552937,0.2398760664579426,0.021735536
0.09663376081708917,0.0010000000036590455,0.2455368450994771,0.09857951
0.09663376081708917,0.003000000010977137,0.2455368450994771,0.097019136
0.09663376081708917,0.004999999916817437,0.2455368450994771,0.0813326
0.09663376081708917,0.006999999924135528,0.2455368450994771,0.059420172
0.09663376081708917,0.008999999931453619,0.2455368450994771,0.03480573
0.09663376081708917,0.010999999735816128,0.2455368450994771,0.014969095
0.09663376081708917,0.012999999540178638,0.2455368450994771,0.0059797512
0.09663376081708917,0.014999999750452311,0.2455368450994771,0.0086203
0.09663376081708917,0.01700000036663715,0.2455368450994771,0.017174518
0.09663376081708917,0.01900000017099966,0.2455368450994771,0.023108704
0.09663376081708917,0.020999999975362168,0.2455368450994771,0.026953677
0.09663376081708917,0.022999999779724677,0.2455368450994771,0.027514072
0.09663376081708917,0.024999999584087183,0.2455368450994771,0.026149066
0.09663376081708917,0.026999999388449693,0.2455368450994771,0.03337256
0.09663376081708917,0.02900000000463453,0.2455368450994771,0.037915725
0.09663376081708917,0.031000000620819368,0.2455368450994771,0.033646654
0.09663376081708917,0.03299999961335955,0.2455368450994771,0.027414069
0.09663376081708917,0.03500000022954439,0.2455368450994771,0.024630466
0.09663376081708917,0.03700000084572922,0.2455368450994771,0.024502737
0.09663376081708917,0.038999999838269406,0.2455368450994771,0.025014523
0.09663376081708917,0.04100000045445424,0.2455368450994771,0.024637565
0.09663376081708917,0.04300000107063908,0.2455368450994771,0.024106842
0.09663376081708917,0.04500000006317926,0.2455368450994771,0.02267539
0.09663376081708917,0.046999999055719444,0.2455368450994771,0.021255024
0.09663376081708917,0.04899999967190428,0.2455368450994771,0.019722765
0.09663376081708917,0.05100000028808912,0.2455368450994771,0.018006818
0.09663376081708917,0.0529999992806293,0.2455368450994771,0.016050566
0.09663376081708917,0.05499999827316948,0.2455368450994771,0.013867054
0.09663376081708917,0.05699999726570966,0.2455368450994771,0.011487098
0.09663376081708917,0.05899999950553916,0.2455368450994771,0.008909803
0.09663376081708917,0.06100000174536865,0.2455368450994771,0.006139802
0.09663376081708917,0.06300000073790883,0.2455368450994771,0.0032134047
0.09663376081708917,0.06499999973044901,0.2455368450994771,0.00017577712
0.09663376081708917,0.06699999872298919,0.2455368450994771,-0.002936346
0.09663376081708917,0.06899999771552937,0.2455368450994771,-0.006072473
0.10143595291730251,0.0010000000036590455,0.25112859935940063,0.06753031
0.10143595291730251,0.003000000010977137,0.25112859935940063,0.06607352
0.10143595291730251,0.004999999916817437,0.25112859935940063,0.050525267
0.10143595291730251,0.006999999924135528,0.25112859935940063,0.028798688
0.10143595291730251,0.008999999931453619,0.25112859935940063,0.0043721083
0.10143595291730251,0.010999999735816128,0.25112859935940063,-0.015412958
0.10143595291730251,0.012999999540178638,0.25112859935940063,-0.024712002
0.10143595291730251,0.014999999750452311,0.25112859935940063,-0.022402186
0.10143595291730251,0.01700000036663715,0.25112859935940063,-0.014033576
0.10143595291730251,0.01900000017099966,0.25112859935940063,-0.0078963125
0.10143595291730251,0.020999999975362168,0.25112859935940063,-0.004121908
0.10143595291730251,0.022999999779724677,0.25112859935940063,-0.0032489025
0.10143595291730251,0.024999999584087183,0.25112859935940063,-0.004821535
0.10143595291730251,0.026999999388449693,0.25112859935940063,0.0018394951
0.10143595291730251,0.02900000000463453,0.25112859935940063,0.0069572837
0.10143595291730251,0.031000000620819368,0.25112859935940063,0.003323337
0.10143595291730251,0.03299999961335955,0.25112859935940063,-0.0030771303
0.10143595291730251,0.03500000022954439,0.25112859935940063,-0.006214821
0.10143595291730251,0.03700000084572922,0.25112859935940063,-0.006548424
0.10143595291730251,0.038999999838269406,0.25112859935940063,-0.0059461566
0.10143595291730251,0.04100000045445424,0.25112859935940063,-0.0062438315
0.10143595291730251,0.04300000107063908,0.25112859935940063,-0.0066712443
0.10143595291730251,0.04500000006317926,0.25112859935940063,-0.008078295
0.10143595291730251,0.046999999055719444,0.25112859935940063,-0.0094955
0.10143595291730251,0.04899999967190428,0.25112859935940063,-0.011017284
0.10143595291730251,0.05100000028808912,0.25112859935940063,-0.012697819
0.10143595291730251,0.0529999992806293,0.25112859935940063,-0.0146121625
0.10143595291730251,0.05499999827316948,0.25112859935940063,-0.01675044
0.10143595291730251,0.05699999726570966,0.25112859935940063,-0.019086797
0.10143595291730251,0.05899999950553916,0.25112859935940063,-0.021615667
0.10143595291730251,0.06100000174536865,0.25112859935940063,-0.024342557
0.10143595291730251,0.06300000073790883,0.25112859935940063,-0.027231857
0.10143595291730251,0.06499999973044901,0.25112859935940063,-0.03023392
0.10143595291730251,0.06699999872298919,0.25112859935940063,-0.033321913
0.10143595291730251,0.06899999771552937,0.25112859935940063,-0.036440358
0.10631748928455961,0.0010000000036590455,0.2566511603786689,0.037020758
0.10631748928455961,0.003000000010977137,0.2566511603786689,0.035593644
0.10631748928455961,0.004999999916817437,0.2566511603786689,0.020279763
0.10631748928455961,0.006999999924135528,0.2566511603786689,-0.00121015
0.10631748928455961,0.008999999931453619,0.2566511603786689,-0.0254499
0.10631748928455961,0.010999999735816128,0.2566511603786689,-0.045200657
0.10631748928455961,0.012999999540178638,0.2566511603786689,-0.05482029
0.10631748928455961,0.014999999750452311,0.2566511603786689,-0.052882485
0.10631748928455961,0.01700000036663715,0.2566511603786689,-0.04473539
0.10631748928455961,0.01900000017099966,0.2566511603786689,-0.038433272
0.10631748928455961,0.020999999975362168,0.2566511603786689,-0.034699667
0.10631748928455961,0.022999999779724677,0.2566511603786689,-0.03359018
0.10631748928455961,0.024999999584087183,0.2566511603786689,-0.0353117
0.10631748928455961,0.026999999388449693,0.2566511603786689,-0.029397914
0.10631748928455961,0.02900000000463453,0.2566511603786689,-0.023777228
0.10631748928455961,0.031000000620819368,0.2566511603786689,-0.02673039
0.10631748928455961,0.03299999961335955,0.2566511603786689,-0.033188388
0.10631748928455961,0.03500000022954439,0.2566511603786689,-0.03664632
0.10631748928455961,0.03700000084572922,0.2566511603786689,-0.03724147
0.10631748928455961,0.038999999838269406,0.2566511603786689,-0.036640286
0.10631748928455961,0.04100000045445424,0.2566511603786689,-0.036867645
0.10631748928455961,0.04300000107063908,0.2566511603786689,-0.03723725
0.10631748928455961,0.04500000006317926,0.2566511603786689,-0.038578205
0.10631748928455961,0.046999999055719444,0.2566511603786689,-0.039987825
0.10631748928455961,0.04899999967190428,0.2566511603786689,-0.041481894
0.10631748928455961,0.05100000028808912,0.2566511603786689,-0.04311438
0.10631748928455961,0.0529999992806293,0.2566511603786689,-0.044975568
0.10631748928455961,0.05499999827316948,0.2566511603786689,-0.047061767
0.10631748928455961,0.05699999726570966,0.2566511603786689,-0.049349803
0.10631748928455961,0.05899999950553916,0.2566511603786689,-0.051823784
0.10631748928455961,0.06100000174536865,0.2566511603786689,-0.05448964
0.10631748928455961,0.06300000073790883,0.2566511603786689,-0.0573249
0.10631748928455961,0.06499999973044901,0.2566511603786689,-0.06028118
0.10631748928455961,0.06699999872298919,0.2566511603786689,-0.06332588
0.10631748928455961,0.06899999771552937,0.2566511603786689,-0.06641585
0.11127602537597739,0.0010000000036590455,0.2621047100054835,0.006691281
0.11127602537597739,0.003000000010977137,0.2621047100054835,0.005247611
0.11127602537597739,0.004999999916817437,0.2621047100054835,-0.009876592
0.11127602537597739,0.006999999924135528,0.2621047100054835,-0.03112123
0.11127602537597739,0.008999999931453619,0.2621047100054835,-0.055164803
0.11127602537597739,0.010999999735816128,0.2621047100054835,-0.074870825
0.11127602537597739,0.012999999540178638,0.2621047100054835,-0.08478825
0.11127602537597739,0.014999999750452311,0.2621047100054835,-0.0832421
0.11127602537597739,0.01700000036663715,0.2621047100054835,-0.07532991
0.11127602537597739,0.01900000017099966,0.2621047100054835,-0.06884214
0.11127602537597739,0.020999999975362168,0.2621047100054835,-0.0651248
0.11127602537597739,0.022999999779724677,0.2621047100054835,-0.063743755
0.11127602537597739,0.024999999584087183,0.2621047100054835,-0.065522976
0.11127602537597739,0.026999999388449693,0.2621047100054835,-0.060355
0.11127602537597739,0.02900000000463453,0.2621047100054835,-0.054083098
0.11127602537597739,0.031000000620819368,0.2621047100054835,-0.05665247
0.11127602537597739,0.03299999961335955,0.2621047100054835,-0.06307871
0.11127602537597739,0.03500000022954439,0.2621047100054835,-0.06681447
0.11127602537597739,0.03700000084572922,0.2621047100054835,-0.06768229
0.11127602537597739,0.038999999838269406,0.2621047100054835,-0.067105524
0.11127602537597739,0.04100000045445424,0.2621047100054835,-0.06723577
0.11127602537597739,0.04300000107063908,0.2621047100054835,-0.06759966
0.11127602537597739,0.04500000006317926,0.2621047100054835,-0.06881305
0.11127602537597739,0.046999999055719444,0.2621047100054835,-0.07021154
0.11127602537597739,0.04899999967190428,0.2621047100054835,-0.07169127
0.11127602537597739,0.05100000028808912,0.2621047100054835,-0.07328691
0.11127602537597739,0.0529999992806293,0.2621047100054835,-0.07510294
0.11127602537597739,0.05499999827316948,0.2621047100054835,-0.07714446
0.11127602537597739,0.05699999726570966,0.2621047100054835,-0.07938964
0.11127602537597739,0.05899999950553916,0.2621047100054835,-0.08181431
0.11127602537597739,0.06100000174536865,0.2621047100054835,-0.08442554
0.11127602537597739,0.06300000073790883,0.2621047100054835,-0.08721074
0.11127602537597739,0.06499999973044901,0.2621047100054835,-0.09012383
0.11127602537597739,0.06699999872298919,0.2621047100054835,-0.093127675
0.11127602537597739,0.06899999771552937,0.2621047100054835,-0.09619185
0.11630935628211315,0.0010000000036590455,0.2674893911205741,-0.023718681
0.11630935628211315,0.003000000010977137,0.2674893911205741,-0.025229974
0.11630935628211315,0.004999999916817437,0.2674893911205741,-0.040197413
0.11630935628211315,0.006999999924135528,0.2674893911205741,-0.061178476
0.11630935628211315,0.008999999931453619,0.2674893911205741,-0.08500063
0.11630935628211315,0.010999999735816128,0.2674893911205741,-0.10464292
0.11630935628211315,0.012999999540178638,0.2674893911205741,-0.11482639
0.11630935628211315,0.014999999750452311,0.2674893911205741,-0.11367036
0.11630935628211315,0.01700000036663715,0.2674893911205741,-0.10602528
0.11630935628211315,0.01900000017099966,0.2674893911205741,-0.09939004
0.11630935628211315,0.020999999975362168,0.2674893911205741,-0.095651366
0.11630935628211315,0.022999999779724677,0.2674893911205741,-0.09398892
0.11630935628211315,0.024999999584087183,0.2674893911205741,-0.09581685
0.11630935628211315,0.026999999388449693,0.2674893911205741,-0.09141958
0.11630935628211315,0.02900000000463453,0.2674893911205741,-0.084807515
0.11630935628211315,0.031000000620819368,0.2674893911205741,-0.08659631
0.11630935628211315,0.03299999961335955,0.2674893911205741,-0.0930219
0.11630935628211315,0.03500000022954439,0.2674893911205741,-0.09707828
0.11630935628211315,0.03700000084572922,0.2674893911205741,-0.09817238
0.11630935628211315,0.038999999838269406,0.2674893911205741,-0.097650595
0.11630935628211315,0.04100000045445424,0.2674893911205741,-0.09767151
0.11630935628211315,0.04300000107063908,0.2674893911205741,-0.09807522
0.11630935628211315,0.04500000006317926,0.2674893911205741,-0.099095054
0.11630935628211315,0.046999999055719444,0.2674893911205741,-0.10049225
0.11630935628211315,0.04899999967190428,0.2674893911205741,-0.10197304
0.11630935628211315,0.05100000028808912,0.2674893911205741,-0.10352435
0.11630935628211315,0.0529999992806293,0.2674893911205741,-0.10528919
0.11630935628211315,0.05499999827316948,0.2674893911205741,-0.10727808
0.11630935628211315,0.05699999726570966,0.2674893911205741,-0.10947292
0.11630935628211315,0.05899999950553916,0.2674893911205741,-0.11184438
0.11630935628211315,0.06100000174536865,0.2674893911205741,-0.114399076
0.11630935628211315,0.06300000073790883,0.2674893911205741,-0.11713065
0.11630935628211315,0.06499999973044901,0.2674893911205741,-0.119998604
0.11630935628211315,0.06699999872298919,0.2674893911205741,-0.122965306
0.11630935628211315,0.06899999771552937,0.2674893911205741,-0.12599964
0.12141547842546155,0.0010000000036590455,0.27280525568056974,-0.053701855
0.12141547842546155,0.003000000010977137,0.27280525568056974,-0.05536728
0.12141547842546155,0.004999999916817437,0.27280525568056974,-0.07030089
0.12141547842546155,0.006999999924135528,0.27280525568056974,-0.091087155
0.12141547842546155,0.008999999931453619,0.27280525568056974,-0.1147049
0.12141547842546155,0.010999999735816128,0.27280525568056974,-0.13425691
0.12141547842546155,0.012999999540178638,0.27280525568056974,-0.14462359
0.12141547842546155,0.014999999750452311,0.27280525568056974,-0.14373165
0.12141547842546155,0.01700000036663715,0.27280525568056974,-0.13629079
0.12141547842546155,0.01900000017099966,0.27280525568056974,-0.1293658
0.12141547842546155,0.020999999975362168,0.27280525568056974,-0.12574653
0.12141547842546155,0.022999999779724677,0.27280525568056974,-0.12384706
0.12141547842546155,0.024999999584087183,0.27280525568056974,-0.12575302
0.12141547842546155,0.026999999388449693,0.27280525568056974,-0.12219269
0.12141547842546155,0.02900000000463453,0.27280525568056974,-0.11540626
0.12141547842546155,0.031000000620819368,0.27280525568056974,-0.11649608
0.12141547842546155,0.03299999961335955,0.27280525568056974,-0.12287415
0.12141547842546155,0.03500000022954439,0.27280525568056974,-0.1271363
0.12141547842546155,0.03700000084572922,0.27280525568056974,-0.12840159
0.12141547842546155,0.038999999838269406,0.27280525568056974,-0.12793176
0.12141547842546155,0.04100000045445424,0.27280525568056974,-0.1278726
0.12141547842546155,0.04300000107063908,0.27280525568056974,-0.12831526
0.12141547842546155,0.04500000006317926,0.27280525568056974,-0.1291404
0.12141547842546155,0.046999999055719444,0.27280525568056974,-0.13052477
0.12141547842546155,0.04899999967190428,0.27280525568056974,-0.13194391
0.12141547842546155,0.05100000028808912,0.27280525568056974,-0.13343981
0.12141547842546155,0.0529999992806293,0.27280525568056974,-0.13513547
0.12141547842546155,0.05499999827316948,0.27280525568056974,-0.13706246
0.12141547842546155,0.05699999726570966,0.27280525568056974,-0.13920142
0.12141547842546155,0.05899999950553916,0.27280525568056974,-0.14152198
0.12141547842546155,0.06100000174536865,0.27280525568056974,-0.1440179
0.12141547842546155,0.06300000073790883,0.27280525568056974,-0.14669363
0.12141547842546155,0.06499999973044901,0.27280525568056974,-0.14951941
0.12141547842546155,0.06699999872298919,0.27280525568056974,-0.15245345
0.12141547842546155,0.06899999771552937,0.27280525568056974,-0.15545933
0.12659930170746195,0.0010000000036590455,0.27804539345381485,-0.08586302
0.12659930170746195,0.003000000010977137,0.27804539345381485,-0.08784237
0.12659930170746195,0.004999999916817437,0.27804539345381485,-0.10270991
0.12659930170746195,0.006999999924135528,0.27804539345381485,-0.123210944
0.12659930170746195,0.008999999931453619,0.27804539345381485,-0.14650433
0.12659930170746195,0.010999999735816128,0.27804539345381485,-0.16581994
0.12659930170746195,0.012999999540178638,0.27804539345381485,-0.1762278
0.12659930170746195,0.014999999750452311,0.27804539345381485,-0.17552249
0.12659930170746195,0.01700000036663715,0.27804539345381485,-0.16831619
0.12659930170746195,0.01900000017099966,0.27804539345381485,-0.16123506
0.12659930170746195,0.020999999975362168,0.27804539345381485,-0.15754141
0.12659930170746195,0.022999999779724677,0.27804539345381485,-0.15533914
0.12659930170746195,0.024999999584087183,0.27804539345381485,-0.15728705
0.12659930170746195,0.026999999388449693,0.27804539345381485,-0.15462753
0.12659930170746195,0.02900000000463453,0.27804539345381485,-0.14788507
0.12659930170746195,0.031000000620819368,0.27804539345381485,-0.14820108
0.12659930170746195,0.03299999961335955,0.27804539345381485,-0.15444805
0.12659930170746195,0.03500000022954439,0.27804539345381485,-0.15893818
0.12659930170746195,0.03700000084572922,0.27804539345381485,-0.16036329
0.12659930170746195,0.038999999838269406,0.27804539345381485,-0.1599173
0.12659930170746195,0.04100000045445424,0.27804539345381485,-0.15962231
0.12659930170746195,0.04300000107063908,0.27804539345381485,-0.16001514
0.12659930170746195,0.04500000006317926,0.27804539345381485,-0.16067822
0.12659930170746195,0.046999999055719444,0.27804539345381485,-0.16205251
0.12659930170746195,0.04899999967190428,0.27804539345381485,-0.16343884
0.12659930170746195,0.05100000028808912,0.27804539345381485,-0.16490614
0.12659930170746195,0.0529999992806293,0.27804539345381485,-0.16655916
0.12659930170746195,0.05499999827316948,0.27804539345381485,-0.16844024
0.12659930170746195,0.05699999726570966,0.27804539345381485,-0.17054176
0.12659930170746195,0.05899999950553916,0.27804539345381485,-0.1728323
0.12659930170746195,0.06100000174536865,0.27804539345381485,-0.17530291
0.12659930170746195,0.06300000073790883,0.27804539345381485,-0.17795518
0.12659930170746195,0.06499999973044901,0.27804539345381485,-0.18076484
0.12659930170746195,0.06699999872298919,0.27804539345381485,-0.18368728
0.12659930170746195,0.06899999771552937,0.27804539345381485,-0.18668906
0.13185852055270303,0.0010000000036590455,0.28320988237525296,-0.11202806
0.13185852055270303,0.003000000010977137,0.28320988237525296,-0.11393665
0.13185852055270303,0.004999999916817437,0.28320988237525296,-0.1285615
0.13185852055270303,0.006999999924135528,0.28320988237525296,-0.14867279
0.13185852055270303,0.008999999931453619,0.28320988237525296,-0.17165166
0.13185852055270303,0.010999999735816128,0.28320988237525296,-0.1908933
0.13185852055270303,0.012999999540178638,0.28320988237525296,-0.20156762
0.13185852055270303,0.014999999750452311,0.28320988237525296,-0.20136145
0.13185852055270303,0.01700000036663715,0.28320988237525296,-0.19459115
0.13185852055270303,0.01900000017099966,0.28320988237525296,-0.18760106
0.13185852055270303,0.020999999975362168,0.28320988237525296,-0.18401286
0.13185852055270303,0.022999999779724677,0.28320988237525296,-0.18160254
0.13185852055270303,0.024999999584087183,0.28320988237525296,-0.1831977
0.13185852055270303,0.026999999388449693,0.28320988237525296,-0.18115383
0.13185852055270303,0.02900000000463453,0.28320988237525296,-0.17414384
0.13185852055270303,0.031000000620819368,0.28320988237525296,-0.17369643
0.13185852055270303,0.03299999961335955,0.28320988237525296,-0.17969847
0.13185852055270303,0.03500000022954439,0.28320988237525296,-0.18448791
0.13185852055270303,0.03700000084572922,0.28320988237525296,-0.1862495
0.13185852055270303,0.038999999838269406,0.28320988237525296,-0.18601474
0.13185852055270303,0.04100000045445424,0.28320988237525296,-0.18571565
0.13185852055270303,0.04300000107063908,0.28320988237525296,-0.18614653
0.13185852055270303,0.04500000006317926,0.28320988237525296,-0.1867438
0.13185852055270303,0.046999999055719444,0.28320988237525296,-0.18814564
0.13185852055270303,0.04899999967190428,0.28320988237525296,-0.18954162
0.13185852055270303,0.05100000028808912,0.28320988237525296,-0.19100663
0.13185852055270303,0.0529999992806293,0.28320988237525296,-0.19262971
0.13185852055270303,0.05499999827316948,0.28320988237525296,-0.19447358
0.13185852055270303,0.05699999726570966,0.28320988237525296,-0.19652592
0.13185852055270303,0.05899999950553916,0.28320988237525296,-0.19875363
0.13185852055270303,0.06100000174536865,0.28320988237525296,-0.20113535
0.13185852055270303,0.06300000073790883,0.28320988237525296,-0.20368849
0.13185852055270303,0.06499999973044901,0.28320988237525296,-0.20640619
0.13185852055270303,0.06699999872298919,0.28320988237525296,-0.20924325
0.13185852055270303,0.06899999771552937,0.28320988237525296,-0.21216922
0.1371840165727973,0.0010000000036590455,0.28830586648137,-0.14019802
0.1371840165727973,0.003000000010977137,0.28830586648137,-0.14218687
0.1371840165727973,0.004999999916817437,0.28830586648137,-0.1567152
0.1371840165727973,0.006999999924135528,0.28830586648137,-0.17660026
0.1371840165727973,0.008999999931453619,0.28830586648137,-0.19936906
0.1371840165727973,0.010999999735816128,0.28830586648137,-0.21857348
0.1371840165727973,0.012999999540178638,0.28830586648137,-0.22949949
0.1371840165727973,0.014999999750452311,0.28830586648137,-0.22969905
0.1371840165727973,0.01700000036663715,0.28830586648137,-0.22319973
0.1371840165727973,0.01900000017099966,0.28830586648137,-0.21610916
0.1371840165727973,0.020999999975362168,0.28830586648137,-0.21250941
0.1371840165727973,0.022999999779724677,0.28830586648137,-0.20996454
0.1371840165727973,0.024999999584087183,0.28830586648137,-0.2113136
0.1371840165727973,0.026999999388449693,0.28830586648137,-0.20989203
0.1371840165727973,0.02900000000463453,0.28830586648137,-0.20285964
0.1371840165727973,0.031000000620819368,0.28830586648137,-0.20155649
0.1371840165727973,0.03299999961335955,0.28830586648137,-0.20724809
0.1371840165727973,0.03500000022954439,0.28830586648137,-0.21230564
0.1371840165727973,0.03700000084572922,0.28830586648137,-0.21442151
0.1371840165727973,0.038999999838269406,0.28830586648137,-0.21431154
0.1371840165727973,0.04100000045445424,0.28830586648137,-0.21387719
0.1371840165727973,0.04300000107063908,0.28830586648137,-0.21424921
0.1371840165727973,0.04500000006317926,0.28830586648137,-0.21472299
0.1371840165727973,0.046999999055719444,0.28830586648137,-0.21609041
0.1371840165727973,0.04899999967190428,0.28830586648137,-0.21746546
0.1371840165727973,0.05100000028808912,0.28830586648137,-0.21891698
0.1371840165727973,0.0529999992806293,0.28830586648137,-0.22050524
0.1371840165727973,0.05499999827316948,0.28830586648137,-0.22230627
0.1371840165727973,0.05699999726570966,0.28830586648137,-0.22431129
0.1371840165727973,0.05899999950553916,0.28830586648137,-0.22650243
0.1371840165727973,0.06100000174536865,0.28830586648137,-0.22885573
0.1371840165727973,0.06300000073790883,0.28830586648137,-0.23137201
0.1371840165727973,0.06499999973044901,0.28830586648137,-0.23405106
0.1371840165727973,0.06699999872298919,0.28830586648137,-0.23685221
0.1371840165727973,0.06899999771552937,0.28830586648137,-0.23974438
0.142573958296573,0.0010000000036590455,0.2933335795769964,-0.16801178
0.142573958296573,0.003000000010977137,0.2933335795769964,-0.17007719
0.142573958296573,0.004999999916817437,0.2933335795769964,-0.18446465
0.142573958296573,0.006999999924135528,0.2933335795769964,-0.20412162
0.142573958296573,0.008999999931453619,0.2933335795769964,-0.22668272
0.142573958296573,0.010999999735816128,0.2933335795769964,-0.24583922
0.142573958296573,0.012999999540178638,0.2933335795769964,-0.25700647
0.142573958296573,0.014999999750452311,0.2933335795769964,-0.25758183
0.142573958296573,0.01700000036663715,0.2933335795769964,-0.2513737
0.142573958296573,0.01900000017099966,0.2933335795769964,-0.24421035
0.142573958296573,0.020999999975362168,0.2933335795769964,-0.24057566
0.142573958296573,0.022999999779724677,0.2933335795769964,-0.23795961
0.142573958296573,0.024999999584087183,0.2933335795769964,-0.23901813
0.142573958296573,0.026999999388449693,0.2933335795769964,-0.23823099
0.142573958296573,0.02900000000463453,0.2933335795769964,-0.23139091
0.142573958296573,0.031000000620819368,0.2933335795769964,-0.22949332
0.142573958296573,0.03299999961335955,0.2933335795769964,-0.23460664
0.142573958296573,0.03500000022954439,0.2933335795769964,-0.23991762
0.142573958296573,0.03700000084572922,0.2933335795769964,-0.24235576
0.142573958296573,0.038999999838269406,0.2933335795769964,-0.24243227
0.142573958296573,0.04100000045445424,0.2933335795769964,-0.24191125
0.142573958296573,0.04300000107063908,0.2933335795769964,-0.2422178
0.142573958296573,0.04500000006317926,0.2933335795769964,-0.24259928
0.142573958296573,0.046999999055719444,0.2933335795769964,-0.2439147
0.142573958296573,0.04899999967190428,0.2933335795769964,-0.24527034
0.142573958296573,0.05100000028808912,0.2933335795769964,-0.2466965
0.142573958296573,0.0529999992806293,0.2933335795769964,-0.2482393
0.142573958296573,0.05499999827316948,0.2933335795769964,-0.24998526
0.142573958296573,0.05699999726570966,0.2933335795769964,-0.25193498
0.142573958296573,0.05899999950553916,0.2933335795769964,-0.2540733
0.142573958296573,0.06100000174536865,0.2933335795769964,-0.25636962
0.142573958296573,0.06300000073790883,0.2933335795769964,-0.25882423
0.142573958296573,0.06499999973044901,0.2933335795769964,-0.261443
0.142573958296573,0.06699999872298919,0.2933335795769964,-0.26419422
0.142573958296573,0.06899999771552937,0.2933335795769964,-0.2670417
0.14802661816611615,0.0010000000036590455,0.2982932035103336,-0.19558735
0.14802661816611615,0.003000000010977137,0.2982932035103336,-0.1977284
0.14802661816611615,0.004999999916817437,0.2982932035103336,-0.21198745
0.14802661816611615,0.006999999924135528,0.2982932035103336,-0.23143476
0.14802661816611615,0.008999999931453619,0.2982932035103336,-0.25380915
0.14802661816611615,0.010999999735816128,0.2982932035103336,-0.27292687
0.14802661816611615,0.012999999540178638,0.2982932035103336,-0.28434142
0.14802661816611615,0.014999999750452311,0.2982932035103336,-0.2852841
0.14802661816611615,0.01700000036663715,0.2982932035103336,-0.2793742
0.14802661816611615,0.01900000017099966,0.2982932035103336,-0.2720983
0.14802661816611615,0.020999999975362168,0.2982932035103336,-0.26842844
0.14802661816611615,0.022999999779724677,0.2982932035103336,-0.26571777
0.14802661816611615,0.024999999584087183,0.2982932035103336,-0.26646122
0.14802661816611615,0.026999999388449693,0.2982932035103336,-0.2661755
0.14802661816611615,0.02900000000463453,0.2982932035103336,-0.25970146
0.14802661816611615,0.031000000620819368,0.2982932035103336,-0.25688085
0.14802661816611615,0.03299999961335955,0.2982932035103336,-0.26178616
0.14802661816611615,0.03500000022954439,0.2982932035103336,-0.26722017
0.14802661816611615,0.03700000084572922,0.2982932035103336,-0.26995006
0.14802661816611615,0.038999999838269406,0.2982932035103336,-0.27023956
0.14802661816611615,0.04100000045445424,0.2982932035103336,-0.26966035
0.14802661816611615,0.04300000107063908,0.2982932035103336,-0.26987672
0.14802661816611615,0.04500000006317926,0.2982932035103336,-0.2702111
0.14802661816611615,0.046999999055719444,0.2982932035103336,-0.27142468
0.14802661816611615,0.04899999967190428,0.2982932035103336,-0.27275997
0.14802661816611615,0.05100000028808912,0.2982932035103336,-0.2741638
0.14802661816611615,0.0529999992806293,0.2982932035103336,-0.27566883
0.14802661816611615,0.05499999827316948,0.2982932035103336,-0.2773686
0.14802661816611615,0.05699999726570966,0.2982932035103336,-0.27927533
0.14802661816611615,0.05899999950553916,0.2982932035103336,-0.28137293
0.14802661816611615,0.06100000174536865,0.2982932035103336,-0.2836295
0.14802661816611615,0.06300000073790883,0.2982932035103336,-0.28603876
0.14802661816611615,0.06499999973044901,0.2982932035103336,-0.2886088
0.14802661816611615,0.06699999872298919,0.2982932035103336,-0.29131827
0.14802661816611615,0.06899999771552937,0.2982932035103336,-0.29412606
0.1535403790313496,0.0010000000036590455,0.3031849071404259,-0.22314183
0.1535403790313496,0.003000000010977137,0.3031849071404259,-0.22537516
0.1535403790313496,0.004999999916817437,0.3031849071404259,-0.23947704
0.1535403790313496,0.006999999924135528,0.3031849071404259,-0.2586719
0.1535403790313496,0.008999999931453619,0.3031849071404259,-0.2808311
0.1535403790313496,0.010999999735816128,0.3031849071404259,-0.29989773
0.1535403790313496,0.012999999540178638,0.3031849071404259,-0.3115696
0.1535403790313496,0.014999999750452311,0.3031849071404259,-0.31288585
0.1535403790313496,0.01700000036663715,0.3031849071404259,-0.3073125
0.1535403790313496,0.01900000017099966,0.3031849071404259,-0.29996502
0.1535403790313496,0.020999999975362168,0.3031849071404259,-0.29623225
0.1535403790313496,0.022999999779724677,0.3031849071404259,-0.29340026
0.1535403790313496,0.024999999584087183,0.3031849071404259,-0.29380268
0.1535403790313496,0.026999999388449693,0.3031849071404259,-0.2939469
0.1535403790313496,0.02900000000463453,0.3031849071404259,-0.28786427
0.1535403790313496,0.031000000620819368,0.3031849071404259,-0.28443986
0.1535403790313496,0.03299999961335955,0.3031849071404259,-0.28873625
0.1535403790313496,0.03500000022954439,0.3031849071404259,-0.29436627
0.1535403790313496,0.03700000084572922,0.3031849071404259,-0.29739064
0.1535403790313496,0.038999999838269406,0.3031849071404259,-0.29792276
0.1535403790313496,0.04100000045445424,0.3031849071404259,-0.29731762
0.1535403790313496,0.04300000107063908,0.3031849071404259,-0.29742098
0.1535403790313496,0.04500000006317926,0.3031849071404259,-0.29774177
0.1535403790313496,0.046999999055719444,0.3031849071404259,-0.29879278
0.1535403790313496,0.04899999967190428,0.3031849071404259,-0.30010292
0.1535403790313496,0.05100000028808912,0.3031849071404259,-0.30151698
0.1535403790313496,0.0529999992806293,0.3031849071404259,-0.30297878
0.1535403790313496,0.05499999827316948,0.3031849071404259,-0.30462545
0.1535403790313496,0.05699999726570966,0.3031849071404259,-0.30647776
0.1535403790313496,0.05899999950553916,0.3031849071404259,-0.3085189
0.1535403790313496,0.06100000174536865,0.3031849071404259,-0.31072512
0.1535403790313496,0.06300000073790883,0.3031849071404259,-0.31307986
0.1535403790313496,0.06499999973044901,0.3031849071404259,-0.3155926
0.1535403790313496,0.06699999872298919,0.3031849071404259,-0.31825215
0.1535403790313496,0.06899999771552937,0.3031849071404259,-0.3210166
0.15911365621508913,0.0010000000036590455,0.3080088333480029,-0.25020376
0.15911365621508913,0.003000000010977137,0.3080088333480029,-0.25259423
0.15911365621508913,0.004999999916817437,0.3080088333480029,-0.26665103
0.15911365621508913,0.006999999924135528,0.3080088333480029,-0.2856593
0.15911365621508913,0.008999999931453619,0.3080088333480029,-0.3076184
0.15911365621508913,0.010999999735816128,0.3080088333480029,-0.3265962
0.15911365621508913,0.012999999540178638,0.3080088333480029,-0.33844888
0.15911365621508913,0.014999999750452311,0.3080088333480029,-0.33999723
0.15911365621508913,0.01700000036663715,0.3080088333480029,-0.33467942
0.15911365621508913,0.01900000017099966,0.3080088333480029,-0.3271409
0.15911365621508913,0.020999999975362168,0.3080088333480029,-0.32336724
0.15911365621508913,0.022999999779724677,0.3080088333480029,-0.32059264
0.15911365621508913,0.024999999584087183,0.3080088333480029,-0.32072055
0.15911365621508913,0.026999999388449693,0.3080088333480029,-0.32131314
0.15911365621508913,0.02900000000463453,0.3080088333480029,-0.31586528
0.15911365621508913,0.031000000620819368,0.3080088333480029,-0.3119128
0.15911365621508913,0.03299999961335955,0.3080088333480029,-0.3155813
0.15911365621508913,0.03500000022954439,0.3080088333480029,-0.32129
0.15911365621508913,0.03700000084572922,0.3080088333480029,-0.32449204
0.15911365621508913,0.038999999838269406,0.3080088333480029,-0.32522926
0.15911365621508913,0.04100000045445424,0.3080088333480029,-0.32462063
0.15911365621508913,0.04300000107063908,0.3080088333480029,-0.32462958
0.15911365621508913,0.04500000006317926,0.3080088333480029,-0.32498816
0.15911365621508913,0.046999999055719444,0.3080088333480029,-0.32582256
0.15911365621508913,0.04899999967190428,0.3080088333480029,-0.32709867
0.15911365621508913,0.05100000028808912,0.3080088333480029,-0.32846794
0.15911365621508913,0.0529999992806293,0.3080088333480029,-0.32986507
0.15911365621508913,0.05499999827316948,0.3080088333480029,-0.3314387
0.15911365621508913,0.05699999726570966,0.3080088333480029,-0.33322465
0.15911365621508913,0.05899999950553916,0.3080088333480029,-0.3352097
0.15911365621508913,0.06100000174536865,0.3080088333480029,-0.33737138
0.15911365621508913,0.06300000073790883,0.3080088333480029,-0.33967873
0.15911365621508913,0.06499999973044901,0.3080088333480029,-0.3421413
0.15911365621508913,0.06699999872298919,0.3080088333480029,-0.34476006
0.15911365621508913,0.06899999771552937,0.3080088333480029,-0.34749237
0.16475013863799295,0.0010000000036590455,0.312758747337586,-0.27928478
0.16475013863799295,0.003000000010977137,0.312758747337586,-0.28197077
0.16475013863799295,0.004999999916817437,0.312758747337586,-0.2959666
0.16475013863799295,0.006999999924135528,0.312758747337586,-0.31472382
0.16475013863799295,0.008999999931453619,0.312758747337586,-0.33639
0.16475013863799295,0.010999999735816128,0.312758747337586,-0.3551506
0.16475013863799295,0.012999999540178638,0.312758747337586,-0.3670583
0.16475013863799295,0.014999999750452311,0.312758747337586,-0.36876512
0.16475013863799295,0.01700000036663715,0.312758747337586,-0.3636311
0.16475013863799295,0.01900000017099966,0.312758747337586,-0.35613158
0.16475013863799295,0.020999999975362168,0.312758747337586,-0.35214132
0.16475013863799295,0.022999999779724677,0.312758747337586,-0.34925944
0.16475013863799295,0.024999999584087183,0.312758747337586,-0.34903643
0.16475013863799295,0.026999999388449693,0.312758747337586,-0.3500656
0.16475013863799295,0.02900000000463453,0.312758747337586,-0.34533978
0.16475013863799295,0.031000000620819368,0.312758747337586,-0.3410683
0.16475013863799295,0.03299999961335955,0.312758747337586,-0.34406188
0.16475013863799295,0.03500000022954439,0.312758747337586,-0.34984955
0.16475013863799295,0.03700000084572922,0.312758747337586,-0.35322908
0.16475013863799295,0.038999999838269406,0.312758747337586,-0.3540747
0.16475013863799295,0.04100000045445424,0.312758747337586,-0.35348177
0.16475013863799295,0.04300000107063908,0.312758747337586,-0.35328123
0.16475013863799295,0.04500000006317926,0.312758747337586,-0.35360727
0.16475013863799295,0.046999999055719444,0.312758747337586,-0.35424167
0.16475013863799295,0.04899999967190428,0.312758747337586,-0.35549045
0.16475013863799295,0.05100000028808912,0.312758747337586,-0.35681042
0.16475013863799295,0.0529999992806293,0.312758747337586,-0.3581754
0.16475013863799295,0.05499999827316948,0.312758747337586,-0.35970637
0.16475013863799295,0.05699999726570966,0.312758747337586,-0.36144447
0.16475013863799295,0.05899999950553916,0.312758747337586,-0.36338753
0.16475013863799295,0.06100000174536865,0.312758747337586,-0.36551955
0.16475013863799295,0.06300000073790883,0.312758747337586,-0.36780947
0.16475013863799295,0.06499999973044901,0.312758747337586,-0.37025496
0.16475013863799295,0.06699999872298919,0.312758747337586,-0.37285662
0.16475013863799295,0.06899999771552937,0.312758747337586,-0.3755797
0.17044789091563126,0.0010000000036590455,0.31743502579473554,-0.30248296
0.17044789091563126,0.003000000010977137,0.31743502579473554,-0.30510005
0.17044789091563126,0.004999999916817437,0.31743502579473554,-0.3188255
0.17044789091563126,0.006999999924135528,0.31743502579473554,-0.33718318
0.17044789091563126,0.008999999931453619,0.31743502579473554,-0.35851556
0.17044789091563126,0.010999999735816128,0.31743502579473554,-0.37717706
0.17044789091563126,0.012999999540178638,0.31743502579473554,-0.38935715
0.17044789091563126,0.014999999750452311,0.31743502579473554,-0.3915139
0.17044789091563126,0.01700000036663715,0.31743502579473554,-0.38685492
0.17044789091563126,0.01900000017099966,0.31743502579473554,-0.37954885
0.17044789091563126,0.020999999975362168,0.31743502579473554,-0.37557852
0.17044789091563126,0.022999999779724677,0.31743502579473554,-0.37276363
0.17044789091563126,0.024999999584087183,0.31743502579473554,-0.37207693
0.17044789091563126,0.026999999388449693,0.31743502579473554,-0.37319225
0.17044789091563126,0.02900000000463453,0.31743502579473554,-0.3688377
0.17044789091563126,0.031000000620819368,0.31743502579473554,-0.3640467
0.17044789091563126,0.03299999961335955,0.31743502579473554,-0.36625385
0.17044789091563126,0.03500000022954439,0.31743502579473554,-0.37206733
0.17044789091563126,0.03700000084572922,0.31743502579473554,-0.37581676
0.17044789091563126,0.038999999838269406,0.31743502579473554,-0.37693262
0.17044789091563126,0.04100000045445424,0.31743502579473554,-0.3765127
0.17044789091563126,0.04300000107063908,0.31743502579473554,-0.37629393
0.17044789091563126,0.04500000006317926,0.31743502579473554,-0.3766491
0.17044789091563126,0.046999999055719444,0.31743502579473554,-0.37720144
0.17044789091563126,0.04899999967190428,0.31743502579473554,-0.3784935
0.17044789091563126,0.05100000028808912,0.31743502579473554,-0.37982616
0.17044789091563126,0.0529999992806293,0.31743502579473554,-0.38119557
0.17044789091563126,0.05499999827316948,0.31743502579473554,-0.38270026
0.17044789091563126,0.05699999726570966,0.31743502579473554,-0.38440004
0.17044789091563126,0.05899999950553916,0.31743502579473554,-0.38629836
0.17044789091563126,0.06100000174536865,0.31743502579473554,-0.38837445
0.17044789091563126,0.06300000073790883,0.31743502579473554,-0.3905918
0.17044789091563126,0.06499999973044901,0.31743502579473554,-0.39294973
0.17044789091563126,0.06699999872298919,0.31743502579473554,-0.3954618
0.17044789091563126,0.06899999771552937,0.31743502579473554,-0.39810494
0.17619964561452428,0.0010000000036590455,0.3220446049294212,-0.327469
0.17619964561452428,0.003000000010977137,0.3220446049294212,-0.33017233
0.17619964561452428,0.004999999916817437,0.3220446049294212,-0.34377426
0.17619964561452428,0.006999999924135528,0.3220446049294212,-0.36188552
0.17619964561452428,0.008999999931453619,0.3220446049294212,-0.38298658
0.17619964561452428,0.010999999735816128,0.3220446049294212,-0.40157688
0.17619964561452428,0.012999999540178638,0.3220446049294212,-0.41401944
0.17619964561452428,0.014999999750452311,0.3220446049294212,-0.41655168
0.17619964561452428,0.01700000036663715,0.3220446049294212,-0.41220587
0.17619964561452428,0.01900000017099966,0.3220446049294212,-0.4049359
0.17619964561452428,0.020999999975362168,0.3220446049294212,-0.40081868
0.17619964561452428,0.022999999779724677,0.3220446049294212,-0.39806697
0.17619964561452428,0.024999999584087183,0.3220446049294212,-0.39706048
0.17619964561452428,0.026999999388449693,0.3220446049294212,-0.39825025
0.17619964561452428,0.02900000000463453,0.3220446049294212,-0.39442188
0.17619964561452428,0.031000000620819368,0.3220446049294212,-0.38925812
0.17619964561452428,0.03299999961335955,0.3220446049294212,-0.3907094
0.17619964561452428,0.03500000022954439,0.3220446049294212,-0.396447
0.17619964561452428,0.03700000084572922,0.3220446049294212,-0.40044403
0.17619964561452428,0.038999999838269406,0.3220446049294212,-0.4018197
0.17619964561452428,0.04100000045445424,0.3220446049294212,-0.4015035
0.17619964561452428,0.04300000107063908,0.3220446049294212,-0.4011759
0.17619964561452428,0.04500000006317926,0.3220446049294212,-0.40149802
0.17619964561452428,0.046999999055719444,0.3220446049294212,-0.40190408
0.17619964561452428,0.04899999967190428,0.3220446049294212,-0.4031671
0.17619964561452428,0.05100000028808912,0.3220446049294212,-0.4044593
0.17619964561452428,0.0529999992806293,0.3220446049294212,-0.4058095
0.17619964561452428,0.05499999827316948,0.3220446049294212,-0.40728015
0.17619964561452428,0.05699999726570966,0.3220446049294212,-0.40893754
0.17619964561452428,0.05899999950553916,0.3220446049294212,-0.41079453
0.17619964561452428,0.06100000174536865,0.3220446049294212,-0.4128369
0.17619964561452428,0.06300000073790883,0.3220446049294212,-0.41503853
0.17619964561452428,0.06499999973044901,0.3220446049294212,-0.41737446
0.17619964561452428,0.06699999872298919,0.3220446049294212,-0.41985607
0.17619964561452428,0.06899999771552937,0.3220446049294212,-0.42246953
0.1820039089815886,0.0010000000036590455,0.3265878224597316,-0.3521562
0.1820039089815886,0.003000000010977137,0.3265878224597316,-0.35494137
0.1820039089815886,0.004999999916817437,0.3265878224597316,-0.36839882
0.1820039089815886,0.006999999924135528,0.3265878224597316,-0.3862576
0.1820039089815886,0.008999999931453619,0.3265878224597316,-0.40711483
0.1820039089815886,0.010999999735816128,0.3265878224597316,-0.42561677
0.1820039089815886,0.012999999540178638,0.3265878224597316,-0.4382793
0.1820039089815886,0.014999999750452311,0.3265878224597316,-0.4411601
0.1820039089815886,0.01700000036663715,0.3265878224597316,-0.4370914
0.1820039089815886,0.01900000017099966,0.3265878224597316,-0.42994383
0.1820039089815886,0.020999999975362168,0.3265878224597316,-0.42561808
0.1820039089815886,0.022999999779724677,0.3265878224597316,-0.42292503
0.1820039089815886,0.024999999584087183,0.3265878224597316,-0.42172024
0.1820039089815886,0.026999999388449693,0.3265878224597316,-0.4229265
0.1820039089815886,0.02900000000463453,0.3265878224597316,-0.41974422
0.1820039089815886,0.031000000620819368,0.3265878224597316,-0.41435954
0.1820039089815886,0.03299999961335955,0.3265878224597316,-0.4150945
0.1820039089815886,0.03500000022954439,0.3265878224597316,-0.420664
0.1820039089815886,0.03700000084572922,0.3265878224597316,-0.42486668
0.1820039089815886,0.038999999838269406,0.3265878224597316,-0.42652506
0.1820039089815886,0.04100000045445424,0.3265878224597316,-0.42634803
0.1820039089815886,0.04300000107063908,0.3265878224597316,-0.42590982
0.1820039089815886,0.04500000006317926,0.3265878224597316,-0.42618147
0.1820039089815886,0.046999999055719444,0.3265878224597316,-0.42648327
0.1820039089815886,0.04899999967190428,0.3265878224597316,-0.42769468
0.1820039089815886,0.05100000028808912,0.3265878224597316,-0.42896304
0.1820039089815886,0.0529999992806293,0.3265878224597316,-0.4302871
0.1820039089815886,0.05499999827316948,0.3265878224597316,-0.43171287
0.1820039089815886,0.05699999726570966,0.3265878224597316,-0.43331322
0.1820039089815886,0.05899999950553916,0.3265878224597316,-0.4351155
0.1820039089815886,0.06100000174536865,0.3265878224597316,-0.43710533
0.1820039089815886,0.06300000073790883,0.3265878224597316,-0.43925586
0.1820039089815886,0.06499999973044901,0.3265878224597316,-0.44154164
0.1820039089815886,0.06699999872298919,0.3265878224597316,-0.44396996
0.1820039089815886,0.06899999771552937,0.3265878224597316,-0.44653726
0.1878593431336278,0.0010000000036590455,0.3310648992013399,-0.37651667
0.1878593431336278,0.003000000010977137,0.3310648992013399,-0.37937778
0.1878593431336278,0.004999999916817437,0.3310648992013399,-0.3927176
0.1878593431336278,0.006999999924135528,0.3310648992013399,-0.41035137
0.1878593431336278,0.008999999931453619,0.3310648992013399,-0.43098256
0.1878593431336278,0.010999999735816128,0.3310648992013399,-0.44940704
0.1878593431336278,0.012999999540178638,0.3310648992013399,-0.46227333
0.1878593431336278,0.014999999750452311,0.3310648992013399,-0.46552113
0.1878593431336278,0.01700000036663715,0.3310648992013399,-0.46169555
0.1878593431336278,0.01900000017099966,0.3310648992013399,-0.4546806
0.1878593431336278,0.020999999975362168,0.3310648992013399,-0.45012313
0.1878593431336278,0.022999999779724677,0.3310648992013399,-0.44747564
0.1878593431336278,0.024999999584087183,0.3310648992013399,-0.44606346
0.1878593431336278,0.026999999388449693,0.3310648992013399,-0.44725022
0.1878593431336278,0.02900000000463453,0.3310648992013399,-0.44464517
0.1878593431336278,0.031000000620819368,0.3310648992013399,-0.43918
0.1878593431336278,0.03299999961335955,0.3310648992013399,-0.4390837
0.1878593431336278,0.03500000022954439,0.3310648992013399,-0.44454956
0.1878593431336278,0.03700000084572922,0.3310648992013399,-0.44892082
0.1878593431336278,0.038999999838269406,0.3310648992013399,-0.45084935
0.1878593431336278,0.04100000045445424,0.3310648992013399,-0.45082343
0.1878593431336278,0.04300000107063908,0.3310648992013399,-0.45030144
0.1878593431336278,0.04500000006317926,0.3310648992013399,-0.45049903
0.1878593431336278,0.046999999055719444,0.3310648992013399,-0.45073417
0.1878593431336278,0.04899999967190428,0.3310648992013399,-0.45186073
0.1878593431336278,0.05100000028808912,0.3310648992013399,-0.4530865
0.1878593431336278,0.0529999992806293,0.3310648992013399,-0.45438784
0.1878593431336278,0.05499999827316948,0.3310648992013399,-0.45576993
0.1878593431336278,0.05699999726570966,0.3310648992013399,-0.45732185
0.1878593431336278,0.05899999950553916,0.3310648992013399,-0.45907936
0.1878593431336278,0.06100000174536865,0.3310648992013399,-0.46102893
0.1878593431336278,0.06300000073790883,0.3310648992013399,-0.46314684
0.1878593431336278,0.06499999973044901,0.3310648992013399,-0.46539956
0.1878593431336278,0.06699999872298919,0.3310648992013399,-0.4677906
0.1878593431336278,0.06899999771552937,0.3310648992013399,-0.47032088
0.19376451926334468,0.0010000000036590455,0.33547623781812075,-0.40076098
0.19376451926334468,0.003000000010977137,0.33547623781812075,-0.40368465
0.19376451926334468,0.004999999916817437,0.33547623781812075,-0.41686824
0.19376451926334468,0.006999999924135528,0.33547623781812075,-0.43423077
0.19376451926334468,0.008999999931453619,0.33547623781812075,-0.45461106
0.19376451926334468,0.010999999735816128,0.33547623781812075,-0.4729456
0.19376451926334468,0.012999999540178638,0.33547623781812075,-0.4860392
0.19376451926334468,0.014999999750452311,0.33547623781812075,-0.48966548
0.19376451926334468,0.01700000036663715,0.33547623781812075,-0.48613155
0.19376451926334468,0.01900000017099966,0.33547623781812075,-0.47928992
0.19376451926334468,0.020999999975362168,0.33547623781812075,-0.47454247
0.19376451926334468,0.022999999779724677,0.33547623781812075,-0.4718483
0.19376451926334468,0.024999999584087183,0.33547623781812075,-0.47021762
0.19376451926334468,0.026999999388449693,0.33547623781812075,-0.47133785
0.19376451926334468,0.02900000000463453,0.33547623781812075,-0.46922007
0.19376451926334468,0.031000000620819368,0.33547623781812075,-0.46370333
0.19376451926334468,0.03299999961335955,0.33547623781812075,-0.4629469
0.19376451926334468,0.03500000022954439,0.33547623781812075,-0.46803516
0.19376451926334468,0.03700000084572922,0.33547623781812075,-0.4726568
0.19376451926334468,0.038999999838269406,0.33547623781812075,-0.47491556
0.19376451926334468,0.04100000045445424,0.33547623781812075,-0.47508428
0.19376451926334468,0.04300000107063908,0.33547623781812075,-0.47448966
0.19376451926334468,0.04500000006317926,0.33547623781812075,-0.47457346
0.19376451926334468,0.046999999055719444,0.33547623781812075,-0.4747767
0.19376451926334468,0.04899999967190428,0.33547623781812075,-0.47574326
0.19376451926334468,0.05100000028808912,0.33547623781812075,-0.47692809
0.19376451926334468,0.0529999992806293,0.33547623781812075,-0.47825506
0.19376451926334468,0.05499999827316948,0.33547623781812075,-0.47959194
0.19376451926334468,0.05699999726570966,0.33547623781812075,-0.48109153
0.19376451926334468,0.05899999950553916,0.33547623781812075,-0.48279223
0.19376451926334468,0.06100000174536865,0.33547623781812075,-0.48468608
0.19376451926334468,0.06300000073790883,0.33547623781812075,-0.48675618
0.19376451926334468,0.06499999973044901,0.33547623781812075,-0.48896492
0.19376451926334468,0.06699999872298919,0.33547623781812075,-0.49130765
0.19376451926334468,0.06899999771552937,0.33547623781812075,-0.49379322
0.1997180215525993,0.0010000000036590455,0.33982226695226325,-0.42450213
0.1997180215525993,0.003000000010977137,0.33982226695226325,-0.42755377
0.1997180215525993,0.004999999916817437,0.33982226695226325,-0.44069195
0.1997180215525993,0.006999999924135528,0.33982226695226325,-0.45785463
0.1997180215525993,0.008999999931453619,0.33982226695226325,-0.47800586
0.1997180215525993,0.010999999735816128,0.33982226695226325,-0.49623165
0.1997180215525993,0.012999999540178638,0.33982226695226325,-0.50943935
0.1997180215525993,0.014999999750452311,0.33982226695226325,-0.51334167
0.1997180215525993,0.01700000036663715,0.33982226695226325,-0.5099933
0.1997180215525993,0.01900000017099966,0.33982226695226325,-0.50316316
0.1997180215525993,0.020999999975362168,0.33982226695226325,-0.49818206
0.1997180215525993,0.022999999779724677,0.33982226695226325,-0.49559733
0.1997180215525993,0.024999999584087183,0.33982226695226325,-0.4939146
0.1997180215525993,0.026999999388449693,0.33982226695226325,-0.495042
0.1997180215525993,0.02900000000463453,0.33982226695226325,-0.49348548
0.1997180215525993,0.031000000620819368,0.33982226695226325,-0.4882239
0.1997180215525993,0.03299999961335955,0.33982226695226325,-0.48678282
0.1997180215525993,0.03500000022954439,0.33982226695226325,-0.4913847
0.1997180215525993,0.03700000084572922,0.33982226695226325,-0.4961594
0.1997180215525993,0.038999999838269406,0.33982226695226325,-0.49863717
0.1997180215525993,0.04100000045445424,0.33982226695226325,-0.49895328
0.1997180215525993,0.04300000107063908,0.33982226695226325,-0.49831298
0.1997180215525993,0.04500000006317926,0.33982226695226325,-0.49830106
0.1997180215525993,0.046999999055719444,0.33982226695226325,-0.4985465
0.1997180215525993,0.04899999967190428,0.33982226695226325,-0.49930286
0.1997180215525993,0.05100000028808912,0.33982226695226325,-0.5004473
0.1997180215525993,0.0529999992806293,0.33982226695226325,-0.501723
0.1997180215525993,0.05499999827316948,0.33982226695226325,-0.50299305
0.1997180215525993,0.05699999726570966,0.33982226695226325,-0.5044185
0.1997180215525993,0.05899999950553916,0.33982226695226325,-0.50604665
0.1997180215525993,0.06100000174536865,0.33982226695226325,-0.50788224
0.1997180215525993,0.06300000073790883,0.33982226695226325,-0.5099082
0.1997180215525993,0.06499999973044901,0.33982226695226325,-0.5120829
0.1997180215525993,0.06699999872298919,0.33982226695226325,-0.5143908
0.1997180215525993,0.06899999771552937,0.33982226695226325,-0.51683915
0.2057228440021371,0.0010000000036590455,0.34409710251553455,-0.45029092
0.2057228440021371,0.003000000010977137,0.34409710251553455,-0.45359594
0.2057228440021371,0.004999999916817437,0.34409710251553455,-0.46674
0.2057228440021371,0.006999999924135528,0.34409710251553455,-0.48368022
0.2057228440021371,0.008999999931453619,0.34409710251553455,-0.5035193
0.2057228440021371,0.010999999735816128,0.34409710251553455,-0.52152586
0.2057228440021371,0.012999999540178638,0.34409710251553455,-0.53470844
0.2057228440021371,0.014999999750452311,0.34409710251553455,-0.53876257
0.2057228440021371,0.01700000036663715,0.34409710251553455,-0.5355249
0.2057228440021371,0.01900000017099966,0.34409710251553455,-0.528851
0.2057228440021371,0.020999999975362168,0.34409710251553455,-0.523661
0.2057228440021371,0.022999999779724677,0.34409710251553455,-0.5208928
0.2057228440021371,0.024999999584087183,0.34409710251553455,-0.51904184
0.2057228440021371,0.026999999388449693,0.34409710251553455,-0.52006036
0.2057228440021371,0.02900000000463453,0.34409710251553455,-0.5191335
0.2057228440021371,0.031000000620819368,0.34409710251553455,-0.51433516
0.2057228440021371,0.03299999961335955,0.34409710251553455,-0.5123591
0.2057228440021371,0.03500000022954439,0.34409710251553455,-0.5164442
0.2057228440021371,0.03700000084572922,0.34409710251553455,-0.5213091
0.2057228440021371,0.038999999838269406,0.34409710251553455,-0.52398324
0.2057228440021371,0.04100000045445424,0.34409710251553455,-0.5244474
0.2057228440021371,0.04300000107063908,0.34409710251553455,-0.52375317
0.2057228440021371,0.04500000006317926,0.34409710251553455,-0.5235418
0.2057228440021371,0.046999999055719444,0.34409710251553455,-0.5237708
0.2057228440021371,0.04899999967190428,0.34409710251553455,-0.52430433
0.2057228440021371,0.05100000028808912,0.34409710251553455,-0.52541393
0.2057228440021371,0.0529999992806293,0.34409710251553455,-0.5266305
0.2057228440021371,0.05499999827316948,0.34409710251553455,-0.5278526
0.2057228440021371,0.05699999726570966,0.34409710251553455,-0.5292292
0.2057228440021371,0.05899999950553916,0.34409710251553455,-0.5308023
0.2057228440021371,0.06100000174536865,0.34409710251553455,-0.5325951
0.2057228440021371,0.06300000073790883,0.34409710251553455,-0.5345906
0.2057228440021371,0.06499999973044901,0.34409710251553455,-0.53675044
0.2057228440021371,0.06699999872298919,0.34409710251553455,-0.53904706
0.2057228440021371,0.06899999771552937,0.34409710251553455,-0.5414895
0.21177755131008236,0.0010000000036590455,0.34830101728023677,-0.47027165
0.21177755131008236,0.003000000010977137,0.34830101728023677,-0.47347063
0.21177755131008236,0.004999999916817437,0.34830101728023677,-0.48634198
0.21177755131008236,0.006999999924135528,0.34830101728023677,-0.5028887
0.21177755131008236,0.008999999931453619,0.34830101728023677,-0.52236354
0.21177755131008236,0.010999999735816128,0.34830101728023677,-0.54025733
0.21177755131008236,0.012999999540178638,0.34830101728023677,-0.5536008
0.21177755131008236,0.014999999750452311,0.34830101728023677,-0.55815214
0.21177755131008236,0.01700000036663715,0.34830101728023677,-0.55536044
0.21177755131008236,0.01900000017099966,0.34830101728023677,-0.54902977
0.21177755131008236,0.020999999975362168,0.34830101728023677,-0.54384726
0.21177755131008236,0.022999999779724677,0.34830101728023677,-0.54112875
0.21177755131008236,0.024999999584087183,0.34830101728023677,-0.53908974
0.21177755131008236,0.026999999388449693,0.34830101728023677,-0.53980803
0.21177755131008236,0.02900000000463453,0.34830101728023677,-0.53907114
0.21177755131008236,0.031000000620819368,0.34830101728023677,-0.5343465
0.21177755131008236,0.03299999961335955,0.34830101728023677,-0.5317617
0.21177755131008236,0.03500000022954439,0.34830101728023677,-0.5352925
0.21177755131008236,0.03700000084572922,0.34830101728023677,-0.54030603
0.21177755131008236,0.038999999838269406,0.34830101728023677,-0.54329306
0.21177755131008236,0.04100000045445424,0.34830101728023677,-0.5440271
0.21177755131008236,0.04300000107063908,0.34830101728023677,-0.5434814
0.21177755131008236,0.04500000006317926,0.34830101728023677,-0.54324746
0.21177755131008236,0.046999999055719444,0.34830101728023677,-0.54349744
0.21177755131008236,0.04899999967190428,0.34830101728023677,-0.5439259
0.21177755131008236,0.05100000028808912,0.34830101728023677,-0.54507774
0.21177755131008236,0.0529999992806293,0.34830101728023677,-0.54629606
0.21177755131008236,0.05499999827316948,0.34830101728023677,-0.5475263
0.21177755131008236,0.05699999726570966,0.34830101728023677,-0.5488742
0.21177755131008236,0.05899999950553916,0.34830101728023677,-0.55040365
0.21177755131008236,0.06100000174536865,0.34830101728023677,-0.5521453
0.21177755131008236,0.06300000073790883,0.34830101728023677,-0.55408156
0.21177755131008236,0.06499999973044901,0.34830101728023677,-0.55618083
0.21177755131008236,0.06699999872298919,0.34830101728023677,-0.5584053
0.21177755131008236,0.06899999771552937,0.34830101728023677,-0.5607675
0.21787633732314554,0.0010000000036590455,0.3524406227274087,-0.49191657
0.21787633732314554,0.003000000010977137,0.3524406227274087,-0.49517876
0.21787633732314554,0.004999999916817437,0.3524406227274087,-0.5079495
0.21787633732314554,0.006999999924135528,0.3524406227274087,-0.524243
0.21787633732314554,0.008999999931453619,0.3524406227274087,-0.5434489
0.21787633732314554,0.010999999735816128,0.3524406227274087,-0.56125784
0.21787633732314554,0.012999999540178638,0.3524406227274087,-0.57474196
0.21787633732314554,0.014999999750452311,0.3524406227274087,-0.5797304
0.21787633732314554,0.01700000036663715,0.3524406227274087,-0.57724947
0.21787633732314554,0.01900000017099966,0.3524406227274087,-0.57108086
0.21787633732314554,0.020999999975362168,0.3524406227274087,-0.5657326
0.21787633732314554,0.022999999779724677,0.3524406227274087,-0.56299144
0.21787633732314554,0.024999999584087183,0.3524406227274087,-0.56091666
0.21787633732314554,0.026999999388449693,0.3524406227274087,-0.56134886
0.21787633732314554,0.02900000000463453,0.3524406227274087,-0.5609562
0.21787633732314554,0.031000000620819368,0.3524406227274087,-0.55647415
0.21787633732314554,0.03299999961335955,0.3524406227274087,-0.55336195
0.21787633732314554,0.03500000022954439,0.3524406227274087,-0.55623925
0.21787633732314554,0.03700000084572922,0.3524406227274087,-0.5613096
0.21787633732314554,0.038999999838269406,0.3524406227274087,-0.56450677
0.21787633732314554,0.04100000045445424,0.3524406227274087,-0.5654566
0.21787633732314554,0.04300000107063908,0.3524406227274087,-0.56499785
0.21787633732314554,0.04500000006317926,0.3524406227274087,-0.5646668
0.21787633732314554,0.046999999055719444,0.3524406227274087,-0.56488436
0.21787633732314554,0.04899999967190428,0.3524406227274087,-0.5651676
0.21787633732314554,0.05100000028808912,0.3524406227274087,-0.5662769
0.21787633732314554,0.0529999992806293,0.3524406227274087,-0.5674389
0.21787633732314554,0.05499999827316948,0.3524406227274087,-0.56864476
0.21787633732314554,0.05699999726570966,0.3524406227274087,-0.56995535
0.21787633732314554,0.05899999950553916,0.3524406227274087,-0.57143945
0.21787633732314554,0.06100000174536865,0.3524406227274087,-0.57313836
0.21787633732314554,0.06300000073790883,0.3524406227274087,-0.5750366
0.21787633732314554,0.06499999973044901,0.3524406227274087,-0.5771112
0.21787633732314554,0.06699999872298919,0.3524406227274087,-0.5793195
0.21787633732314554,0.06899999771552937,0.3524406227274087,-0.5816624
0.22401791611475924,0.0010000000036590455,0.35651642543418305,-0.5132136
0.22401791611475924,0.003000000010977137,0.35651642543418305,-0.51652557
0.22401791611475924,0.004999999916817437,0.35651642543418305,-0.5291807
0.22401791611475924,0.006999999924135528,0.35651642543418305,-0.5452198
0.22401791611475924,0.008999999931453619,0.35651642543418305,-0.5641451
0.22401791611475924,0.010999999735816128,0.35651642543418305,-0.5818557
0.22401791611475924,0.012999999540178638,0.35651642543418305,-0.59544146
0.22401791611475924,0.014999999750452311,0.35651642543418305,-0.6008168
0.22401791611475924,0.01700000036663715,0.35651642543418305,-0.5986593
0.22401791611475924,0.01900000017099966,0.35651642543418305,-0.5926708
0.22401791611475924,0.020999999975362168,0.35651642543418305,-0.58719045
0.22401791611475924,0.022999999779724677,0.35651642543418305,-0.5843675
0.22401791611475924,0.024999999584087183,0.35651642543418305,-0.5822819
0.22401791611475924,0.026999999388449693,0.35651642543418305,-0.58243155
0.22401791611475924,0.02900000000463453,0.35651642543418305,-0.5823615
0.22401791611475924,0.031000000620819368,0.35651642543418305,-0.5782114
0.22401791611475924,0.03299999961335955,0.35651642543418305,-0.57475966
0.22401791611475924,0.03500000022954439,0.35651642543418305,-0.5770223
0.22401791611475924,0.03700000084572922,0.35651642543418305,-0.5820453
0.22401791611475924,0.038999999838269406,0.35651642543418305,-0.58546054
0.22401791611475924,0.04100000045445424,0.35651642543418305,-0.58662266
0.22401791611475924,0.04300000107063908,0.35651642543418305,-0.5862901
0.22401791611475924,0.04500000006317926,0.35651642543418305,-0.5858616
0.22401791611475924,0.046999999055719444,0.35651642543418305,-0.5860339
0.22401791611475924,0.04899999967190428,0.35651642543418305,-0.5861996
0.22401791611475924,0.05100000028808912,0.35651642543418305,-0.587248
0.22401791611475924,0.0529999992806293,0.35651642543418305,-0.5883696
0.22401791611475924,0.05499999827316948,0.35651642543418305,-0.58955383
0.22401791611475924,0.05699999726570966,0.35651642543418305,-0.5908163
0.22401791611475924,0.05899999950553916,0.35651642543418305,-0.59224164
0.22401791611475924,0.06100000174536865,0.35651642543418305,-0.5938793
0.22401791611475924,0.06300000073790883,0.35651642543418305,-0.595722
0.22401791611475924,0.06499999973044901,0.35651642543418305,-0.5977504
0.22401791611475924,0.06699999872298919,0.35651642543418305,-0.59991544
0.22401791611475924,0.06899999771552937,0.35651642543418305,-0.60221267
0.2302010667041422,0.0010000000036590455,0.36052888002106337,-0.5341971
0.2302010667041422,0.003000000010977137,0.36052888002106337,-0.5375634
0.2302010667041422,0.004999999916817437,0.36052888002106337,-0.5501272
0.2302010667041422,0.006999999924135528,0.36052888002106337,-0.5659497
0.2302010667041422,0.008999999931453619,0.36052888002106337,-0.5846271
0.2302010667041422,0.010999999735816128,0.36052888002106337,-0.6022487
0.2302010667041422,0.012999999540178638,0.36052888002106337,-0.61593705
0.2302010667041422,0.014999999750452311,0.36052888002106337,-0.6216705
0.2302010667041422,0.01700000036663715,0.36052888002106337,-0.6198364
0.2302010667041422,0.01900000017099966,0.36052888002106337,-0.61402357
0.2302010667041422,0.020999999975362168,0.36052888002106337,-0.6083985
0.2302010667041422,0.022999999779724677,0.36052888002106337,-0.6055161
0.2302010667041422,0.024999999584087183,0.36052888002106337,-0.60340184
0.2302010667041422,0.026999999388449693,0.36052888002106337,-0.603264
0.2302010667041422,0.02900000000463453,0.36052888002106337,-0.603477
0.2302010667041422,0.031000000620819368,0.36052888002106337,-0.5997098
0.2302010667041422,0.03299999961335955,0.36052888002106337,-0.5959372
0.2302010667041422,0.03500000022954439,0.36052888002106337,-0.59758437
0.2302010667041422,0.03700000084572922,0.36052888002106337,-0.6025268
0.2302010667041422,0.038999999838269406,0.36052888002106337,-0.6061113
0.2302010667041422,0.04100000045445424,0.36052888002106337,-0.6074825
0.2302010667041422,0.04300000107063908,0.36052888002106337,-0.6072834
0.2302010667041422,0.04500000006317926,0.36052888002106337,-0.6067598
0.2302010667041422,0.046999999055719444,0.36052888002106337,-0.60686934
0.2302010667041422,0.04899999967190428,0.36052888002106337,-0.606977
0.2302010667041422,0.05100000028808912,0.36052888002106337,-0.6079196
0.2302010667041422,0.0529999992806293,0.36052888002106337,-0.6089609
0.2302010667041422,0.05499999827316948,0.36052888002106337,-0.6101435
0.2302010667041422,0.05699999726570966,0.36052888002106337,-0.6113471
0.2302010667041422,0.05899999950553916,0.36052888002106337,-0.61271787
0.2302010667041422,0.06100000174536865,0.36052888002106337,-0.61429924
0.2302010667041422,0.06300000073790883,0.36052888002106337,-0.6160941
0.2302010667041422,0.06499999973044901,0.36052888002106337,-0.6180848
0.2302010667041422,0.06699999872298919,0.36052888002106337,-0.62022007
0.2302010667041422,0.06899999771552937,0.36052888002106337,-0.622485
0.23642462656172084,0.0010000000036590455,0.3644784151302388,-0.5550978
0.23642462656172084,0.003000000010977137,0.3644784151302388,-0.5584954
0.23642462656172084,0.004999999916817437,0.3644784151302388,-0.5709351
0.23642462656172084,0.006999999924135528,0.3644784151302388,-0.5865036
0.23642462656172084,0.008999999931453619,0.3644784151302388,-0.6049129
0.23642462656172084,0.010999999735816128,0.3644784151302388,-0.62243223
0.23642462656172084,0.012999999540178638,0.3644784151302388,-0.636219
0.23642462656172084,0.014999999750452311,0.3644784151302388,-0.64233094
0.23642462656172084,0.01700000036663715,0.3644784151302388,-0.64087355
0.23642462656172084,0.01900000017099966,0.3644784151302388,-0.63528204
0.23642462656172084,0.020999999975362168,0.3644784151302388,-0.62957644
0.23642462656172084,0.022999999779724677,0.3644784151302388,-0.62656605
0.23642462656172084,0.024999999584087183,0.3644784151302388,-0.6243897
0.23642462656172084,0.026999999388449693,0.3644784151302388,-0.62393355
0.23642462656172084,0.02900000000463453,0.3644784151302388,-0.6243491
0.23642462656172084,0.031000000620819368,0.3644784151302388,-0.6209328
0.23642462656172084,0.03299999961335955,0.3644784151302388,-0.61685085
0.23642462656172084,0.03500000022954439,0.3644784151302388,-0.617891
0.23642462656172084,0.03700000084572922,0.3644784151302388,-0.62268794
0.23642462656172084,0.038999999838269406,0.3644784151302388,-0.6264582
0.23642462656172084,0.04100000045445424,0.3644784151302388,-0.6281393
0.23642462656172084,0.04300000107063908,0.3644784151302388,-0.6280868
0.23642462656172084,0.04500000006317926,0.3644784151302388,-0.62747675
0.23642462656172084,0.046999999055719444,0.3644784151302388,-0.6274745
0.23642462656172084,0.04899999967190428,0.3644784151302388,-0.6275358
0.23642462656172084,0.05100000028808912,0.3644784151302388,-0.6283182
0.23642462656172084,0.0529999992806293,0.3644784151302388,-0.6293201
0.23642462656172084,0.05499999827316948,0.3644784151302388,-0.63050866
0.23642462656172084,0.05699999726570966,0.3644784151302388,-0.63166785
0.23642462656172084,0.05899999950553916,0.3644784151302388,-0.63298345
0.23642462656172084,0.06100000174536865,0.3644784151302388,-0.63450146
0.23642462656172084,0.06300000073790883,0.3644784151302388,-0.6362355
0.23642462656172084,0.06499999973044901,0.3644784151302388,-0.6381708
0.23642462656172084,0.06699999872298919,0.3644784151302388,-0.6402613
0.23642462656172084,0.06899999771552937,0.3644784151302388,-0.642481
0.24268750459828636,0.0010000000036590455,0.3683654334255841,-0.5754828
0.24268750459828636,0.003000000010977137,0.3683654334255841,-0.5789852
0.24268750459828636,0.004999999916817437,0.3683654334255841,-0.5913907
0.24268750459828636,0.006999999924135528,0.3683654334255841,-0.60677415
0.24268750459828636,0.008999999931453619,0.3683654334255841,-0.624949
0.24268750459828636,0.010999999735816128,0.3683654334255841,-0.6423577
0.24268750459828636,0.012999999540178638,0.3683654334255841,-0.656147
0.24268750459828636,0.014999999750452311,0.3683654334255841,-0.6624847
0.24268750459828636,0.01700000036663715,0.3683654334255841,-0.66127956
0.24268750459828636,0.01900000017099966,0.3683654334255841,-0.6557934
0.24268750459828636,0.020999999975362168,0.3683654334255841,-0.649846
0.24268750459828636,0.022999999779724677,0.3683654334255841,-0.6467869
0.24268750459828636,0.024999999584087183,0.3683654334255841,-0.64473987
0.24268750459828636,0.026999999388449693,0.3683654334255841,-0.6441152
0.24268750459828636,0.02900000000463453,0.3683654334255841,-0.64478683
0.24268750459828636,0.031000000620819368,0.3683654334255841,-0.64190257
0.24268750459828636,0.03299999961335955,0.3683654334255841,-0.6377173
0.24268750459828636,0.03500000022954439,0.3683654334255841,-0.6381402
0.24268750459828636,0.03700000084572922,0.3683654334255841,-0.6426713
0.24268750459828636,0.038999999838269406,0.3683654334255841,-0.64652616
0.24268750459828636,0.04100000045445424,0.3683654334255841,-0.64838964
0.24268750459828636,0.04300000107063908,0.3683654334255841,-0.6484817
0.24268750459828636,0.04500000006317926,0.3683654334255841,-0.6478179
0.24268750459828636,0.046999999055719444,0.3683654334255841,-0.6477219
0.24268750459828636,0.04899999967190428,0.3683654334255841,-0.64782894
0.24268750459828636,0.05100000028808912,0.3683654334255841,-0.6484015
0.24268750459828636,0.0529999992806293,0.3683654334255841,-0.64936054
0.24268750459828636,0.05499999827316948,0.3683654334255841,-0.65047604
0.24268750459828636,0.05699999726570966,0.3683654334255841,-0.6515656
0.24268750459828636,0.05899999950553916,0.3683654334255841,-0.6528015
0.24268750459828636,0.06100000174536865,0.3683654334255841,-0.65423423
0.24268750459828636,0.06300000073790883,0.3683654334255841,-0.65589917
0.24268750459828636,0.06499999973044901,0.3683654334255841,-0.6577783
0.24268750459828636,0.06699999872298919,0.3683654334255841,-0.6598278
0.24268750459828636,0.06899999771552937,0.3683654334255841,-0.6620119
0.2489922466886592,0.0010000000036590455,0.37218418071043874,-0.59793365
0.2489922466886592,0.003000000010977137,0.37218418071043874,-0.6016534
0.2489922466886592,0.004999999916817437,0.37218418071043874,-0.61411583
0.2489922466886592,0.006999999924135528,0.37218418071043874,-0.6293248
0.2489922466886592,0.008999999931453619,0.37218418071043874,-0.6471968
0.2489922466886592,0.010999999735816128,0.37218418071043874,-0.6643938
0.2489922466886592,0.012999999540178638,0.37218418071043874,-0.6780537
0.2489922466886592,0.014999999750452311,0.37218418071043874,-0.68447727
0.2489922466886592,0.01700000036663715,0.37218418071043874,-0.683474
0.2489922466886592,0.01900000017099966,0.37218418071043874,-0.6781226
0.2489922466886592,0.020999999975362168,0.37218418071043874,-0.67211133
0.2489922466886592,0.022999999779724677,0.37218418071043874,-0.6687847
0.2489922466886592,0.024999999584087183,0.37218418071043874,-0.66655725
0.2489922466886592,0.026999999388449693,0.37218418071043874,-0.6657497
0.2489922466886592,0.02900000000463453,0.37218418071043874,-0.6665783
0.2489922466886592,0.031000000620819368,0.37218418071043874,-0.66436505
0.2489922466886592,0.03299999961335955,0.37218418071043874,-0.66033
0.2489922466886592,0.03500000022954439,0.37218418071043874,-0.6601957
0.2489922466886592,0.03700000084572922,0.37218418071043874,-0.6644119
0.2489922466886592,0.038999999838269406,0.37218418071043874,-0.66834486
0.2489922466886592,0.04100000045445424,0.37218418071043874,-0.6703745
0.2489922466886592,0.04300000107063908,0.37218418071043874,-0.6705408
0.2489922466886592,0.04500000006317926,0.37218418071043874,-0.6698096
0.2489922466886592,0.046999999055719444,0.37218418071043874,-0.66952205
0.2489922466886592,0.04899999967190428,0.37218418071043874,-0.6696175
0.2489922466886592,0.05100000028808912,0.37218418071043874,-0.6699737
0.2489922466886592,0.0529999992806293,0.37218418071043874,-0.6708944
0.2489922466886592,0.05499999827316948,0.37218418071043874,-0.6719258
0.2489922466886592,0.05699999726570966,0.37218418071043874,-0.67296016
0.2489922466886592,0.05899999950553916,0.37218418071043874,-0.67413604
0.2489922466886592,0.06100000174536865,0.37218418071043874,-0.67550814
0.2489922466886592,0.06300000073790883,0.37218418071043874,-0.67711776
0.2489922466886592,0.06499999973044901,0.37218418071043874,-0.67895937
0.2489922466886592,0.06699999872298919,0.37218418071043874,-0.68099445
0.2489922466886592,0.06899999771552937,0.37218418071043874,-0.68316877
0.2553376967978444,0.0010000000036590455,0.37593491676794766,-0.61458945
0.2553376967978444,0.003000000010977137,0.37593491676794766,-0.6181695
0.2553376967978444,0.004999999916817437,0.37593491676794766,-0.6303426
0.2553376967978444,0.006999999924135528,0.37593491676794766,-0.6452
0.2553376967978444,0.008999999931453619,0.37593491676794766,-0.6627285
0.2553376967978444,0.010999999735816128,0.37593491676794766,-0.6797803
0.2553376967978444,0.012999999540178638,0.37593491676794766,-0.69354916
0.2553376967978444,0.014999999750452311,0.37593491676794766,-0.7003381
0.2553376967978444,0.01700000036663715,0.37593491676794766,-0.6998721
0.2553376967978444,0.01900000017099966,0.37593491676794766,-0.69493186
0.2553376967978444,0.020999999975362168,0.37593491676794766,-0.68907017
0.2553376967978444,0.022999999779724677,0.37593491676794766,-0.68574053
0.2553376967978444,0.024999999584087183,0.37593491676794766,-0.683513
0.2553376967978444,0.026999999388449693,0.37593491676794766,-0.6823758
0.2553376967978444,0.02900000000463453,0.37593491676794766,-0.68309593
0.2553376967978444,0.031000000620819368,0.37593491676794766,-0.6810375
0.2553376967978444,0.03299999961335955,0.37593491676794766,-0.6768371
0.2553376967978444,0.03500000022954439,0.37593491676794766,-0.67606485
0.2553376967978444,0.03700000084572922,0.37593491676794766,-0.67988676
0.2553376967978444,0.038999999838269406,0.37593491676794766,-0.68403876
0.2553376967978444,0.04100000045445424,0.37593491676794766,-0.6863661
0.2553376967978444,0.04300000107063908,0.37593491676794766,-0.68680876
0.2553376967978444,0.04500000006317926,0.37593491676794766,-0.68618345
0.2553376967978444,0.046999999055719444,0.37593491676794766,-0.6858627
0.2553376967978444,0.04899999967190428,0.37593491676794766,-0.6859727
0.2553376967978444,0.05100000028808912,0.37593491676794766,-0.68620205
0.2553376967978444,0.0529999992806293,0.37593491676794766,-0.68716514
0.2553376967978444,0.05499999827316948,0.37593491676794766,-0.6881908
0.2553376967978444,0.05699999726570966,0.37593491676794766,-0.68923086
0.2553376967978444,0.05899999950553916,0.37593491676794766,-0.6903735
0.2553376967978444,0.06100000174536865,0.37593491676794766,-0.69169074
0.2553376967978444,0.06300000073790883,0.37593491676794766,-0.6932357
0.2553376967978444,0.06499999973044901,0.37593491676794766,-0.69500136
0.2553376967978444,0.06699999872298919,0.37593491676794766,-0.6969602
0.2553376967978444,0.06899999771552937,0.37593491676794766,-0.69905835
0.2617190619268178,0.0010000000036590455,0.37962411019841996,-0.63289946
0.2617190619268178,0.003000000010977137,0.37962411019841996,-0.6365177
0.2617190619268178,0.004999999916817437,0.37962411019841996,-0.64858913
0.2617190619268178,0.006999999924135528,0.37962411019841996,-0.6632164
0.2617190619268178,0.008999999931453619,0.37962411019841996,-0.6805006
0.2617190619268178,0.010999999735816128,0.37962411019841996,-0.69742787
0.2617190619268178,0.012999999540178638,0.37962411019841996,-0.71126026
0.2617190619268178,0.014999999750452311,0.37962411019841996,-0.71833396
0.2617190619268178,0.01700000036663715,0.37962411019841996,-0.71826655
0.2617190619268178,0.01900000017099966,0.37962411019841996,-0.71355814
0.2617190619268178,0.020999999975362168,0.37962411019841996,-0.70768297
0.2617190619268178,0.022999999779724677,0.37962411019841996,-0.70421034
0.2617190619268178,0.024999999584087183,0.37962411019841996,-0.7020321
0.2617190619268178,0.026999999388449693,0.37962411019841996,-0.70066416
0.2617190619268178,0.02900000000463453,0.37962411019841996,-0.7013625
0.2617190619268178,0.031000000620819368,0.37962411019841996,-0.6996268
0.2617190619268178,0.03299999961335955,0.37962411019841996,-0.69546485
0.2617190619268178,0.03500000022954439,0.37962411019841996,-0.69403815
0.2617190619268178,0.03700000084572922,0.37962411019841996,-0.69739395
0.2617190619268178,0.038999999838269406,0.37962411019841996,-0.7016608
0.2617190619268178,0.04100000045445424,0.37962411019841996,-0.7042125
0.2617190619268178,0.04300000107063908,0.37962411019841996,-0.7048268
0.2617190619268178,0.04500000006317926,0.37962411019841996,-0.7042777
0.2617190619268178,0.046999999055719444,0.37962411019841996,-0.7038752
0.2617190619268178,0.04899999967190428,0.37962411019841996,-0.70395756
0.2617190619268178,0.05100000028808912,0.37962411019841996,-0.70405185
0.2617190619268178,0.0529999992806293,0.37962411019841996,-0.7049446
0.2617190619268178,0.05499999827316948,0.37962411019841996,-0.7059028
0.2617190619268178,0.05699999726570966,0.37962411019841996,-0.706916
0.2617190619268178,0.05899999950553916,0.37962411019841996,-0.70801926
0.2617190619268178,0.06100000174536865,0.37962411019841996,-0.7092898
0.2617190619268178,0.06300000073790883,0.37962411019841996,-0.71078384
0.2617190619268178,0.06499999973044901,0.37962411019841996,-0.7125016
0.2617190619268178,0.06699999872298919,0.37962411019841996,-0.7144209
0.2617190619268178,0.06899999771552937,0.37962411019841996,-0.7164834
0.26813528995384234,0.0010000000036590455,0.3832522675789882,-0.650888
0.26813528995384234,0.003000000010977137,0.3832522675789882,-0.6545158
0.26813528995384234,0.004999999916817437,0.3832522675789882,-0.6664667
0.26813528995384234,0.006999999924135528,0.3832522675789882,-0.68085074
0.26813528995384234,0.008999999931453619,0.3832522675789882,-0.69788754
0.26813528995384234,0.010999999735816128,0.3832522675789882,-0.71467125
0.26813528995384234,0.012999999540178638,0.3832522675789882,-0.72855675
0.26813528995384234,0.014999999750452311,0.3832522675789882,-0.73589444
0.26813528995384234,0.01700000036663715,0.3832522675789882,-0.73619676
0.26813528995384234,0.01900000017099966,0.3832522675789882,-0.73172873
0.26813528995384234,0.020999999975362168,0.3832522675789882,-0.7258673
0.26813528995384234,0.022999999779724677,0.3832522675789882,-0.7222174
0.26813528995384234,0.024999999584087183,0.3832522675789882,-0.7200286
0.26813528995384234,0.026999999388449693,0.3832522675789882,-0.71851003
0.26813528995384234,0.02900000000463453,0.3832522675789882,-0.7191523
0.26813528995384234,0.031000000620819368,0.3832522675789882,-0.7177511
0.26813528995384234,0.03299999961335955,0.3832522675789882,-0.7137581
0.26813528995384234,0.03500000022954439,0.3832522675789882,-0.71187085
0.26813528995384234,0.03700000084572922,0.3832522675789882,-0.7147427
0.26813528995384234,0.038999999838269406,0.3832522675789882,-0.7190458
0.26813528995384234,0.04100000045445424,0.3832522675789882,-0.7217931
0.26813528995384234,0.04300000107063908,0.3832522675789882,-0.7225954
0.26813528995384234,0.04500000006317926,0.3832522675789882,-0.7221581
0.26813528995384234,0.046999999055719444,0.3832522675789882,-0.72167283
0.26813528995384234,0.04899999967190428,0.3832522675789882,-0.72169846
0.26813528995384234,0.05100000028808912,0.3832522675789882,-0.72170603
0.26813528995384234,0.0529999992806293,0.3832522675789882,-0.7225158
0.26813528995384234,0.05499999827316948,0.3832522675789882,-0.7233957
0.26813528995384234,0.05699999726570966,0.3832522675789882,-0.7244178
0.26813528995384234,0.05899999950553916,0.3832522675789882,-0.72546345
0.26813528995384234,0.06100000174536865,0.3832522675789882,-0.7266713
0.26813528995384234,0.06300000073790883,0.3832522675789882,-0.7280956
0.26813528995384234,0.06499999973044901,0.3832522675789882,-0.7297423
0.26813528995384234,0.06699999872298919,0.3832522675789882,-0.73160136
0.26813528995384234,0.06899999771552937,0.3832522675789882,-0.73360735
0.274585328757181,0.0010000000036590455,0.3868199994000431,-0.6685455
0.274585328757181,0.003000000010977137,0.3868199994000431,-0.6721783
0.274585328757181,0.004999999916817437,0.3868199994000431,-0.68402505
0.274585328757181,0.006999999924135528,0.3868199994000431,-0.69819665
0.274585328757181,0.008999999931453619,0.3868199994000431,-0.7150169
0.274585328757181,0.010999999735816128,0.3868199994000431,-0.73165673
0.274585328757181,0.012999999540178638,0.3868199994000431,-0.7455901
0.274585328757181,0.014999999750452311,0.3868199994000431,-0.75321287
0.274585328757181,0.01700000036663715,0.3868199994000431,-0.753844
0.274585328757181,0.01900000017099966,0.3868199994000431,-0.749646
0.274585328757181,0.020999999975362168,0.3868199994000431,-0.7437858
0.274585328757181,0.022999999779724677,0.3868199994000431,-0.7399704
0.274585328757181,0.024999999584087183,0.3868199994000431,-0.7377447
0.274585328757181,0.026999999388449693,0.3868199994000431,-0.73613244
0.274585328757181,0.02900000000463453,0.3868199994000431,-0.7366513
0.274585328757181,0.031000000620819368,0.3868199994000431,-0.7355707
0.274585328757181,0.03299999961335955,0.3868199994000431,-0.73174816
0.274585328757181,0.03500000022954439,0.3868199994000431,-0.72942543
0.274585328757181,0.03700000084572922,0.3868199994000431,-0.7318163
0.274585328757181,0.038999999838269406,0.3868199994000431,-0.7361497
0.274585328757181,0.04100000045445424,0.3868199994000431,-0.7390219
0.274585328757181,0.04300000107063908,0.3868199994000431,-0.74002206
0.274585328757181,0.04500000006317926,0.3868199994000431,-0.7396944
0.274585328757181,0.046999999055719444,0.3868199994000431,-0.7391488
0.274585328757181,0.04899999967190428,0.3868199994000431,-0.7391059
0.274585328757181,0.05100000028808912,0.3868199994000431,-0.7390725
0.274585328757181,0.0529999992806293,0.3868199994000431,-0.7397564
0.274585328757181,0.05499999827316948,0.3868199994000431,-0.7405728
0.274585328757181,0.05699999726570966,0.3868199994000431,-0.74158496
0.274585328757181,0.05899999950553916,0.3868199994000431,-0.74257416
0.274585328757181,0.06100000174536865,0.3868199994000431,-0.74372596
0.274585328757181,0.06300000073790883,0.3868199994000431,-0.7450835
0.274585328757181,0.06499999973044901,0.3868199994000431,-0.7466683
0.274585328757181,0.06699999872298919,0.3868199994000431,-0.7484727
0.274585328757181,0.06899999771552937,0.3868199994000431,-0.75042677
0.28106813920425405,0.0010000000036590455,0.3903279031628179,-0.6861556
0.28106813920425405,0.003000000010977137,0.3903279031628179,-0.68977815
0.28106813920425405,0.004999999916817437,0.3903279031628179,-0.70151097
0.28106813920425405,0.006999999924135528,0.3903279031628179,-0.7154398
0.28106813920425405,0.008999999931453619,0.3903279031628179,-0.7320365
0.28106813920425405,0.010999999735816128,0.3903279031628179,-0.7485217
0.28106813920425405,0.012999999540178638,0.3903279031628179,-0.7624812
0.28106813920425405,0.014999999750452311,0.3903279031628179,-0.77042437
0.28106813920425405,0.01700000036663715,0.3903279031628179,-0.7713902
0.28106813920425405,0.01900000017099966,0.3903279031628179,-0.7674995
0.28106813920425405,0.020999999975362168,0.3903279031628179,-0.76168215
0.28106813920425405,0.022999999779724677,0.3903279031628179,-0.75769705
0.28106813920425405,0.024999999584087183,0.3903279031628179,-0.75536484
0.28106813920425405,0.026999999388449693,0.3903279031628179,-0.7536903
0.28106813920425405,0.02900000000463453,0.3903279031628179,-0.75396806
0.28106813920425405,0.031000000620819368,0.3903279031628179,-0.75319517
0.28106813920425405,0.03299999961335955,0.3903279031628179,-0.74957234
0.28106813920425405,0.03500000022954439,0.3903279031628179,-0.746897
0.28106813920425405,0.03700000084572922,0.3903279031628179,-0.7487737
0.28106813920425405,0.038999999838269406,0.3903279031628179,-0.753053
0.28106813920425405,0.04100000045445424,0.3903279031628179,-0.75611925
0.28106813920425405,0.04300000107063908,0.3903279031628179,-0.7573313
0.28106813920425405,0.04500000006317926,0.3903279031628179,-0.75713557
0.28106813920425405,0.046999999055719444,0.3903279031628179,-0.7565158
0.28106813920425405,0.04899999967190428,0.3903279031628179,-0.7563671
0.28106813920425405,0.05100000028808912,0.3903279031628179,-0.75629276
0.28106813920425405,0.0529999992806293,0.3903279031628179,-0.7568256
0.28106813920425405,0.05499999827316948,0.3903279031628179,-0.75760794
0.28106813920425405,0.05699999726570966,0.3903279031628179,-0.7585913
0.28106813920425405,0.05899999950553916,0.3903279031628179,-0.7595421
0.28106813920425405,0.06100000174536865,0.3903279031628179,-0.760639
0.28106813920425405,0.06300000073790883,0.3903279031628179,-0.76192796
0.28106813920425405,0.06499999973044901,0.3903279031628179,-0.7634403
0.28106813920425405,0.06699999872298919,0.3903279031628179,-0.76517665
0.28106813920425405,0.06899999771552937,0.3903279031628179,-0.76706547
0.28758318873961436,0.0010000000036590455,0.39377564114922425,-0.7036286
0.28758318873961436,0.003000000010977137,0.39377564114922425,-0.7073222
0.28758318873961436,0.004999999916817437,0.39377564114922425,-0.7190281
0.28758318873961436,0.006999999924135528,0.39377564114922425,-0.7327817
0.28758318873961436,0.008999999931453619,0.39377564114922425,-0.74918437
0.28758318873961436,0.010999999735816128,0.39377564114922425,-0.7655072
0.28758318873961436,0.012999999540178638,0.39377564114922425,-0.7793892
0.28758318873961436,0.014999999750452311,0.39377564114922425,-0.78751
0.28758318873961436,0.01700000036663715,0.39377564114922425,-0.7886715
0.28758318873961436,0.01900000017099966,0.39377564114922425,-0.7849279
0.28758318873961436,0.020999999975362168,0.39377564114922425,-0.7790273
0.28758318873961436,0.022999999779724677,0.39377564114922425,-0.77482885
0.28758318873961436,0.024999999584087183,0.39377564114922425,-0.7725154
0.28758318873961436,0.026999999388449693,0.39377564114922425,-0.7708902
0.28758318873961436,0.02900000000463453,0.39377564114922425,-0.7710517
0.28758318873961436,0.031000000620819368,0.39377564114922425,-0.7706634
0.28758318873961436,0.03299999961335955,0.39377564114922425,-0.7674145
0.28758318873961436,0.03500000022954439,0.39377564114922425,-0.76454127
0.28758318873961436,0.03700000084572922,0.39377564114922425,-0.7659364
0.28758318873961436,0.038999999838269406,0.39377564114922425,-0.7700264
0.28758318873961436,0.04100000045445424,0.39377564114922425,-0.7731822
0.28758318873961436,0.04300000107063908,0.39377564114922425,-0.7745285
0.28758318873961436,0.04500000006317926,0.39377564114922425,-0.7744472
0.28758318873961436,0.046999999055719444,0.39377564114922425,-0.7737848
0.28758318873961436,0.04899999967190428,0.39377564114922425,-0.7735537
0.28758318873961436,0.05100000028808912,0.39377564114922425,-0.7735008
0.28758318873961436,0.0529999992806293,0.39377564114922425,-0.77385044
0.28758318873961436,0.05499999827316948,0.39377564114922425,-0.77460194
0.28758318873961436,0.05699999726570966,0.39377564114922425,-0.77550685
0.28758318873961436,0.05899999950553916,0.39377564114922425,-0.7763945
0.28758318873961436,0.06100000174536865,0.39377564114922425,-0.7774147
0.28758318873961436,0.06300000073790883,0.39377564114922425,-0.77861935
0.28758318873961436,0.06499999973044901,0.39377564114922425,-0.7800517
0.28758318873961436,0.06699999872298919,0.39377564114922425,-0.7817197
0.28758318873961436,0.06899999771552937,0.39377564114922425,-0.78354925
0.29413237378021995,0.0010000000036590455,0.39715809563130683,-0.72231835
0.29413237378021995,0.003000000010977137,0.39715809563130683,-0.72612613
0.29413237378021995,0.004999999916817437,0.39715809563130683,-0.73786396
0.29413237378021995,0.006999999924135528,0.39715809563130683,-0.75142866
0.29413237378021995,0.008999999931453619,0.39715809563130683,-0.7675733
0.29413237378021995,0.010999999735816128,0.39715809563130683,-0.7836722
0.29413237378021995,0.012999999540178638,0.39715809563130683,-0.79739064
0.29413237378021995,0.014999999750452311,0.39715809563130683,-0.80561566
0.29413237378021995,0.01700000036663715,0.39715809563130683,-0.80697185
0.29413237378021995,0.01900000017099966,0.39715809563130683,-0.803388
0.29413237378021995,0.020999999975362168,0.39715809563130683,-0.7975581
0.29413237378021995,0.022999999779724677,0.39715809563130683,-0.79316515
0.29413237378021995,0.024999999584087183,0.39715809563130683,-0.79065484
0.29413237378021995,0.026999999388449693,0.39715809563130683,-0.78894866
0.29413237378021995,0.02900000000463453,0.39715809563130683,-0.7888935
0.29413237378021995,0.031000000620819368,0.39715809563130683,-0.78885514
0.29413237378021995,0.03299999961335955,0.39715809563130683,-0.78612435
0.29413237378021995,0.03500000022954439,0.39715809563130683,-0.7831696
0.29413237378021995,0.03700000084572922,0.39715809563130683,-0.78409344
0.29413237378021995,0.038999999838269406,0.39715809563130683,-0.78795725
0.29413237378021995,0.04100000045445424,0.39715809563130683,-0.7911671
0.29413237378021995,0.04300000107063908,0.39715809563130683,-0.7926871
0.29413237378021995,0.04500000006317926,0.39715809563130683,-0.79267555
0.29413237378021995,0.046999999055719444,0.39715809563130683,-0.79195356
0.29413237378021995,0.04899999967190428,0.39715809563130683,-0.79155827
0.29413237378021995,0.05100000028808912,0.39715809563130683,-0.79149646
0.29413237378021995,0.0529999992806293,0.39715809563130683,-0.79166615
0.29413237378021995,0.05499999827316948,0.39715809563130683,-0.79238343
0.29413237378021995,0.05699999726570966,0.39715809563130683,-0.79321307
0.29413237378021995,0.05899999950553916,0.39715809563130683,-0.79405993
0.29413237378021995,0.06100000174536865,0.39715809563130683,-0.7950282
0.29413237378021995,0.06300000073790883,0.39715809563130683,-0.796179
0.29413237378021995,0.06499999973044901,0.39715809563130683,-0.79755735
0.30071447334528967,0.0010000000036590455,0.40047607193681484,-0.7361364
0.30071447334528967,0.003000000010977137,0.40047607193681484,-0.7397811
0.30071447334528967,0.004999999916817437,0.40047607193681484,-0.7512755
0.30071447334528967,0.006999999924135528,0.40047607193681484,-0.7645201
0.30071447334528967,0.008999999931453619,0.40047607193681484,-0.7803631
0.30071447334528967,0.010999999735816128,0.40047607193681484,-0.79629093
0.30071447334528967,0.012999999540178638,0.40047607193681484,-0.8100271
0.30071447334528967,0.014999999750452311,0.40047607193681484,-0.8185698
0.30071447334528967,0.01700000036663715,0.40047607193681484,-0.82039714
0.30071447334528967,0.01900000017099966,0.40047607193681484,-0.81725013
0.30071447334528967,0.020999999975362168,0.40047607193681484,-0.81170034
0.30071447334528967,0.022999999779724677,0.40047607193681484,-0.8072849
0.30071447334528967,0.024999999584087183,0.40047607193681484,-0.80474955
0.30071447334528967,0.026999999388449693,0.40047607193681484,-0.80296814
0.30071447334528967,0.02900000000463453,0.40047607193681484,-0.80259955
0.30071447334528967,0.031000000620819368,0.40047607193681484,-0.80255836
0.30071447334528967,0.03299999961335955,0.40047607193681484,-0.79992795
0.30071447334528967,0.03500000022954439,0.40047607193681484,-0.7966322
0.30071447334528967,0.03700000084572922,0.40047607193681484,-0.7970387
0.30071447334528967,0.038999999838269406,0.40047607193681484,-0.8006787
0.30071447334528967,0.04100000045445424,0.40047607193681484,-0.8040645
0.30071447334528967,0.04300000107063908,0.40047607193681484,-0.805903
0.30071447334528967,0.04500000006317926,0.40047607193681484,-0.8061054
0.30071447334528967,0.046999999055719444,0.40047607193681484,-0.80544305
0.30071447334528967,0.04899999967190428,0.40047607193681484,-0.8050397
0.30071447334528967,0.05100000028808912,0.40047607193681484,-0.8049946
0.30071447334528967,0.0529999992806293,0.40047607193681484,-0.8050379
0.30071447334528967,0.05499999827316948,0.40047607193681484,-0.80578566
0.30071447334528967,0.05699999726570966,0.40047607193681484,-0.8066068
0.30071447334528967,0.05899999950553916,0.40047607193681484,-0.8074624
0.30732591541658055,0.0010000000036590455,0.4037350774684212,-0.75139964
0.30732591541658055,0.003000000010977137,0.4037350774684212,-0.75502867
0.30732591541658055,0.004999999916817437,0.4037350774684212,-0.7664218
0.30732591541658055,0.006999999924135528,0.4037350774684212,-0.7794491
0.30732591541658055,0.008999999931453619,0.4037350774684212,-0.79506654
0.30732591541658055,0.010999999735816128,0.4037350774684212,-0.8108342
0.30732591541658055,0.012999999540178638,0.4037350774684212,-0.82454985
0.30732591541658055,0.014999999750452311,0.4037350774684212,-0.83335596
0.30732591541658055,0.01700000036663715,0.4037350774684212,-0.83553857
0.30732591541658055,0.01900000017099966,0.4037350774684212,-0.83266336
0.30732591541658055,0.020999999975362168,0.4037350774684212,-0.8272511
0.30732591541658055,0.022999999779724677,0.4037350774684212,-0.8226823
0.30732591541658055,0.024999999584087183,0.4037350774684212,-0.8201066
0.30732591541658055,0.026999999388449693,0.4037350774684212,-0.8182849
0.30732591541658055,0.02900000000463453,0.4037350774684212,-0.8176893
0.30732591541658055,0.031000000620819368,0.4037350774684212,-0.81777924
0.30732591541658055,0.03299999961335955,0.4037350774684212,-0.81544024
0.30732591541658055,0.03500000022954439,0.4037350774684212,-0.81202745
0.30732591541658055,0.03700000084572922,0.4037350774684212,-0.8118574
0.30732591541658055,0.038999999838269406,0.4037350774684212,-0.8151328
0.30732591541658055,0.04100000045445424,0.4037350774684212,-0.81862724
0.30732591541658055,0.04300000107063908,0.4037350774684212,-0.82063544
0.30732591541658055,0.04500000006317926,0.4037350774684212,-0.82100767
0.30732591541658055,0.046999999055719444,0.4037350774684212,-0.82040316
0.30732591541658055,0.04899999967190428,0.4037350774684212,-0.8199411
0.30732591541658055,0.05100000028808912,0.4037350774684212,-0.81987613
0.30732591541658055,0.0529999992806293,0.4037350774684212,-0.8198104
0.3139657517856135,0.0010000000036590455,0.40693580065145984,-0.7662043
0.3139657517856135,0.003000000010977137,0.40693580065145984,-0.7697936
0.3139657517856135,0.004999999916817437,0.40693580065145984,-0.78106624
0.3139657517856135,0.006999999924135528,0.40693580065145984,-0.7938663
0.3139657517856135,0.008999999931453619,0.40693580065145984,-0.80925786
0.3139657517856135,0.010999999735816128,0.40693580065145984,-0.8248538
0.3139657517856135,0.012999999540178638,0.40693580065145984,-0.83852273
0.3139657517856135,0.014999999750452311,0.40693580065145984,-0.84757
0.3139657517856135,0.01700000036663715,0.40693580065145984,-0.85011065
0.3139657517856135,0.01900000017099966,0.40693580065145984,-0.8475085
0.3139657517856135,0.020999999975362168,0.40693580065145984,-0.8422381
0.3139657517856135,0.022999999779724677,0.40693580065145984,-0.83754593
0.3139657517856135,0.024999999584087183,0.40693580065145984,-0.83488196
0.3139657517856135,0.026999999388449693,0.40693580065145984,-0.8330393
0.3139657517856135,0.02900000000463453,0.40693580065145984,-0.83220816
0.3139657517856135,0.031000000620819368,0.40693580065145984,-0.83239454
0.3139657517856135,0.03299999961335955,0.40693580065145984,-0.8303419
0.3139657517856135,0.03500000022954439,0.40693580065145984,-0.82694095
0.3139657517856135,0.03700000084572922,0.40693580065145984,-0.826261
0.3139657517856135,0.038999999838269406,0.40693580065145984,-0.82916844
0.3139657517856135,0.04100000045445424,0.40693580065145984,-0.8327862
0.3139657517856135,0.04300000107063908,0.40693580065145984,-0.83497006
0.3139657517856135,0.04500000006317926,0.40693580065145984,-0.83552283
0.3139657517856135,0.046999999055719444,0.40693580065145984,-0.8350067
0.3139657517856135,0.04899999967190428,0.40693580065145984,-0.83448654
0.3206330991896958,0.0010000000036590455,0.41007883898716424,-0.78087854
0.3206330991896958,0.003000000010977137,0.41007883898716424,-0.7844436
0.3206330991896958,0.004999999916817437,0.41007883898716424,-0.79562926
0.3206330991896958,0.006999999924135528,0.41007883898716424,-0.80824536
0.3206330991896958,0.008999999931453619,0.41007883898716424,-0.82344365
0.3206330991896958,0.010999999735816128,0.41007883898716424,-0.8388771
0.3206330991896958,0.012999999540178638,0.41007883898716424,-0.8524979
0.3206330991896958,0.014999999750452311,0.41007883898716424,-0.8617537
0.3206330991896958,0.01700000036663715,0.41007883898716424,-0.8646377
0.3206330991896958,0.01900000017099966,0.41007883898716424,-0.86228377
0.3206330991896958,0.020999999975362168,0.41007883898716424,-0.8571215
0.3206330991896958,0.022999999779724677,0.41007883898716424,-0.85229325
0.3206330991896958,0.024999999584087183,0.41007883898716424,-0.8495171
0.3206330991896958,0.026999999388449693,0.41007883898716424,-0.847669
0.3206330991896958,0.02900000000463453,0.41007883898716424,-0.84665823
0.3206330991896958,0.031000000620819368,0.41007883898716424,-0.8468959
0.3206330991896958,0.03299999961335955,0.41007883898716424,-0.8451312
0.3206330991896958,0.03500000022954439,0.41007883898716424,-0.8418074
0.3206330991896958,0.03700000084572922,0.41007883898716424,-0.84068084
0.3206330991896958,0.038999999838269406,0.41007883898716424,-0.8432216
0.3206330991896958,0.04100000045445424,0.41007883898716424,-0.84688115
0.3206330991896958,0.04300000107063908,0.41007883898716424,-0.8491908
0.32732739909506575,0.0010000000036590455,0.4131640755731192,-0.79558295
0.32732739909506575,0.003000000010977137,0.4131640755731192,-0.79908544
0.32732739909506575,0.004999999916817437,0.4131640755731192,-0.81016207
0.32732739909506575,0.006999999924135528,0.4131640755731192,-0.8225667
0.32732739909506575,0.008999999931453619,0.4131640755731192,-0.83755255
0.32732739909506575,0.010999999735816128,0.4131640755731192,-0.8528099
0.32732739909506575,0.012999999540178638,0.4131640755731192,-0.86638075
0.32732739909506575,0.014999999750452311,0.4131640755731192,-0.8758375
0.32732739909506575,0.01700000036663715,0.4131640755731192,-0.8791032
0.32732739909506575,0.01900000017099966,0.4131640755731192,-0.87706023
0.32732739909506575,0.020999999975362168,0.4131640755731192,-0.87206495
0.32732739909506575,0.022999999779724677,0.4131640755731192,-0.8671534
0.32732739909506575,0.024999999584087183,0.4131640755731192,-0.8642258
0.32732739909506575,0.026999999388449693,0.4131640755731192,-0.8622795
0.32732739909506575,0.02900000000463453,0.4131640755731192,-0.8610798
0.32732739909506575,0.031000000620819368,0.4131640755731192,-0.86129665
0.32732739909506575,0.03299999961335955,0.4131640755731192,-0.8597625
0.32732739909506575,0.03500000022954439,0.4131640755731192,-0.856533
0.32732739909506575,0.03700000084572922,0.4131640755731192,-0.85499996
0.32732739909506575,0.038999999838269406,0.4131640755731192,-0.8571507
0.3340478721522886,0.0010000000036590455,0.41619200399729994,-0.80945027
0.3340478721522886,0.003000000010977137,0.41619200399729994,-0.8129517
0.3340478721522886,0.004999999916817437,0.41619200399729994,-0.8239514
0.3340478721522886,0.006999999924135528,0.41619200399729994,-0.83618915
0.3340478721522886,0.008999999931453619,0.41619200399729994,-0.85098356
0.3340478721522886,0.010999999735816128,0.41619200399729994,-0.8660411
0.3340478721522886,0.012999999540178638,0.41619200399729994,-0.8795292
0.3340478721522886,0.014999999750452311,0.41619200399729994,-0.88905317
0.3340478721522886,0.01700000036663715,0.41619200399729994,-0.8925869
0.3340478721522886,0.01900000017099966,0.41619200399729994,-0.8907649
0.3340478721522886,0.020999999975362168,0.41619200399729994,-0.885823
0.3340478721522886,0.022999999779724677,0.41619200399729994,-0.8807862
0.3340478721522886,0.024999999584087183,0.41619200399729994,-0.8777594
0.3340478721522886,0.026999999388449693,0.41619200399729994,-0.87589043
0.3340478721522886,0.02900000000463453,0.41619200399729994,-0.8746286
0.3340478721522886,0.031000000620819368,0.41619200399729994,-0.8748776
0.3340478721522886,0.03299999961335955,0.41619200399729994,-0.8736516
0.3340478721522886,0.03500000022954439,0.41619200399729994,-0.8706154
0.34079589521203246,0.006999999924135528,0.4191580260980412,-0.8522055
0.34079589521203246,0.008999999931453619,0.4191580260980412,-0.8668314
0.34079589521203246,0.010999999735816128,0.4191580260980412,-0.88163525
0.34079589521203246,0.012999999540178638,0.4191580260980412,-0.894959
0.34079589521203246,0.014999999750452311,0.4191580260980412,-0.9044362
0.34079589521203246,0.01700000036663715,0.4191580260980412,-0.9081001
0.34079589521203246,0.01900000017099966,0.4191580260980412,-0.90643185
0.34079589521203246,0.020999999975362168,0.4191580260980412,-0.90154886
0.34079589521203246,0.022999999779724677,0.4191580260980412,-0.8963625
0.34079589521203246,0.024999999584087183,0.4191580260980412,-0.89307326
0.34079589521203246,0.026999999388449693,0.4191580260980412,-0.89097667
0.34079589521203246,0.02900000000463453,0.4191580260980412,-0.8896423
0.34079589521203246,0.031000000620819368,0.4191580260980412,-0.8898264
0.08685342224530429,0.0010000000036590455,-0.2335949256662877,0.16290541
0.08685342224530429,0.003000000010977137,-0.2335949256662877,0.16109556
0.08685342224530429,0.004999999916817437,-0.2335949256662877,0.14490175
0.08685342224530429,0.006999999924135528,-0.2335949256662877,0.122202866
0.08685342224530429,0.008999999931453619,-0.2335949256662877,0.09697038
0.08685342224530429,0.010999999735816128,-0.2335949256662877,0.07684778
0.08685342224530429,0.012999999540178638,-0.2335949256662877,0.06830209
0.08685342224530429,0.014999999750452311,-0.2335949256662877,0.0715604
0.08685342224530429,0.01700000036663715,-0.2335949256662877,0.08066029
0.08685342224530429,0.01900000017099966,-0.2335949256662877,0.086526416
0.08685342224530429,0.020999999975362168,-0.2335949256662877,0.09050156
0.08685342224530429,0.022999999779724677,-0.2335949256662877,0.090108424
0.08685342224530429,0.024999999584087183,-0.2335949256662877,0.08952266
0.08685342224530429,0.026999999388449693,-0.2335949256662877,0.09764819
0.08685342224530429,0.02900000000463453,-0.2335949256662877,0.10107432
0.08685342224530429,0.031000000620819368,-0.2335949256662877,0.09566678
0.08685342224530429,0.03299999961335955,-0.2335949256662877,0.08986575
0.08685342224530429,0.03500000022954439,-0.2335949256662877,0.08772727
0.08685342224530429,0.03700000084572922,-0.2335949256662877,0.08799746
0.08685342224530429,0.038999999838269406,-0.2335949256662877,0.08837392
0.08685342224530429,0.04100000045445424,-0.2335949256662877,0.087951176
0.08685342224530429,0.04300000107063908,-0.2335949256662877,0.087233245
0.08685342224530429,0.04500000006317926,-0.2335949256662877,0.0857928
0.08685342224530429,0.046999999055719444,-0.2335949256662877,0.08435162
0.08685342224530429,0.04899999967190428,-0.2335949256662877,0.08277347
0.08685342224530429,0.05100000028808912,-0.2335949256662877,0.080969356
0.08685342224530429,0.0529999992806293,-0.2335949256662877,0.078924045
0.08685342224530429,0.05499999827316948,-0.2335949256662877,0.076648265
0.08685342224530429,0.05699999726570966,-0.2335949256662877,0.07416081
0.08685342224530429,0.05899999950553916,-0.2335949256662877,0.071460165
0.08685342224530429,0.06100000174536865,-0.2335949256662877,0.068569526
0.08685342224530429,0.06300000073790883,-0.2335949256662877,0.06554363
0.08685342224530429,0.06499999973044901,-0.2335949256662877,0.062415104
0.08685342224530429,0.06699999872298919,-0.2335949256662877,0.059242003
0.08685342224530429,0.06899999771552937,-0.2335949256662877,0.056066826
0.08148057425246578,0.0010000000036590455,-0.2266770823646955,0.20002495
0.08148057425246578,0.003000000010977137,-0.2266770823646955,0.19798626
0.08148057425246578,0.004999999916817437,-0.2266770823646955,0.18193267
0.08148057425246578,0.006999999924135528,-0.2266770823646955,0.15920368
0.08148057425246578,0.008999999931453619,-0.2266770823646955,0.1338537
0.08148057425246578,0.010999999735816128,-0.2266770823646955,0.113701195
0.08148057425246578,0.012999999540178638,-0.2266770823646955,0.10546176
0.08148057425246578,0.014999999750452311,-0.2266770823646955,0.109002315
0.08148057425246578,0.01700000036663715,-0.2266770823646955,0.11819319
0.08148057425246578,0.01900000017099966,-0.2266770823646955,0.12383179
0.08148057425246578,0.020999999975362168,-0.2266770823646955,0.12786236
0.08148057425246578,0.022999999779724677,-0.2266770823646955,0.12701185
0.08148057425246578,0.024999999584087183,-0.2266770823646955,0.12735716
0.08148057425246578,0.026999999388449693,-0.2266770823646955,0.13604358
0.08148057425246578,0.02900000000463453,-0.2266770823646955,0.13864122
0.08148057425246578,0.031000000620819368,-0.2266770823646955,0.13279049
0.08148057425246578,0.03299999961335955,-0.2266770823646955,0.12724386
0.08148057425246578,0.03500000022954439,-0.2266770823646955,0.12536065
0.08148057425246578,0.03700000084572922,-0.2266770823646955,0.12572937
0.08148057425246578,0.038999999838269406,-0.2266770823646955,0.12594254
0.08148057425246578,0.04100000045445424,-0.2266770823646955,0.12551762
0.08148057425246578,0.04300000107063908,-0.2266770823646955,0.124666914
0.08148057425246578,0.04500000006317926,-0.2266770823646955,0.12322087
0.08148057425246578,0.046999999055719444,-0.2266770823646955,0.12174243
0.08148057425246578,0.04899999967190428,-0.2266770823646955,0.12012647
0.08148057425246578,0.05100000028808912,-0.2266770823646955,0.11826942
0.08148057425246578,0.0529999992806293,-0.2266770823646955,0.11616493
0.08148057425246578,0.05499999827316948,-0.2266770823646955,0.11383582
0.08148057425246578,0.05699999726570966,-0.2266770823646955,0.11129394
0.08148057425246578,0.05899999950553916,-0.2266770823646955,0.10854036
0.08148057425246578,0.06100000174536865,-0.2266770823646955,0.105606295
0.08148057425246578,0.06300000073790883,-0.2266770823646955,0.10253991
0.08148057425246578,0.06499999973044901,-0.2266770823646955,0.09938784
0.08148057425246578,0.06699999872298919,-0.2266770823646955,0.09620075
0.08148057425246578,0.06899999771552937,-0.2266770823646955,0.09301753
0.07623787761524299,0.0010000000036590455,-0.21966013179330812,0.23828426
0.07623787761524299,0.003000000010977137,-0.21966013179330812,0.2364398
0.07623787761524299,0.004999999916817437,-0.21966013179330812,0.22010157
0.07623787761524299,0.006999999924135528,-0.21966013179330812,0.19699113
0.07623787761524299,0.008999999931453619,-0.21966013179330812,0.17133114
0.07623787761524299,0.010999999735816128,-0.21966013179330812,0.15114424
0.07623787761524299,0.012999999540178638,-0.21966013179330812,0.14323941
0.07623787761524299,0.014999999750452311,-0.21966013179330812,0.14719158
0.07623787761524299,0.01700000036663715,-0.21966013179330812,0.15650909
0.07623787761524299,0.01900000017099966,-0.21966013179330812,0.16207086
0.07623787761524299,0.020999999975362168,-0.21966013179330812,0.16602911
0.07623787761524299,0.022999999779724677,-0.21966013179330812,0.16463877
0.07623787761524299,0.024999999584087183,-0.21966013179330812,0.16596492
0.07623787761524299,0.026999999388449693,-0.21966013179330812,0.17486043
0.07623787761524299,0.02900000000463453,-0.21966013179330812,0.176494
0.07623787761524299,0.031000000620819368,-0.21966013179330812,0.17028238
0.07623787761524299,0.03299999961335955,-0.21966013179330812,0.16506872
0.07623787761524299,0.03500000022954439,-0.21966013179330812,0.16355509
0.07623787761524299,0.03700000084572922,-0.21966013179330812,0.16403031
0.07623787761524299,0.038999999838269406,-0.21966013179330812,0.1641349
0.07623787761524299,0.04100000045445424,-0.21966013179330812,0.16373265
0.07623787761524299,0.04300000107063908,-0.21966013179330812,0.16270946
0.07623787761524299,0.04500000006317926,-0.21966013179330812,0.16129524
0.07623787761524299,0.046999999055719444,-0.21966013179330812,0.15979002
0.07623787761524299,0.04899999967190428,-0.21966013179330812,0.15812755
0.07623787761524299,0.05100000028808912,-0.21966013179330812,0.15620929
0.07623787761524299,0.0529999992806293,-0.21966013179330812,0.15405001
0.07623787761524299,0.05499999827316948,-0.21966013179330812,0.151667
0.07623787761524299,0.05699999726570966,-0.21966013179330812,0.14906144
0.07623787761524299,0.05899999950553916,-0.21966013179330812,0.14624345
0.07623787761524299,0.06100000174536865,-0.21966013179330812,0.14325748
0.07623787761524299,0.06300000073790883,-0.21966013179330812,0.14014257
0.07623787761524299,0.06499999973044901,-0.21966013179330812,0.1369586
0.07623787761524299,0.06699999872298919,-0.21966013179330812,0.13375388
0.07623787761524299,0.06899999771552937,-0.21966013179330812,0.1305673
0.0711288069331995,0.0010000000036590455,-0.21254534688953575,0.27615115
0.0711288069331995,0.003000000010977137,-0.21254534688953575,0.27411324
0.0711288069331995,0.004999999916817437,-0.21254534688953575,0.25762227
0.0711288069331995,0.006999999924135528,-0.21254534688953575,0.23428938
0.0711288069331995,0.008999999931453619,-0.21254534688953575,0.20850076
0.0711288069331995,0.010999999735816128,-0.21254534688953575,0.18836175
0.0711288069331995,0.012999999540178638,-0.21254534688953575,0.18080337
0.0711288069331995,0.014999999750452311,-0.21254534688953575,0.18519226
0.0711288069331995,0.01700000036663715,-0.21254534688953575,0.19462648
0.0711288069331995,0.01900000017099966,-0.21254534688953575,0.2001685
0.0711288069331995,0.020999999975362168,-0.21254534688953575,0.20397219
0.0711288069331995,0.022999999779724677,-0.21254534688953575,0.20211028
0.0711288069331995,0.024999999584087183,-0.21254534688953575,0.20441952
0.0711288069331995,0.026999999388449693,-0.21254534688953575,0.21311262
0.0711288069331995,0.02900000000463453,-0.21254534688953575,0.21425273
0.0711288069331995,0.031000000620819368,-0.21254534688953575,0.20774034
0.0711288069331995,0.03299999961335955,-0.21254534688953575,0.20295253
0.0711288069331995,0.03500000022954439,-0.21254534688953575,0.20175317
0.0711288069331995,0.03700000084572922,-0.21254534688953575,0.20228453
0.0711288069331995,0.038999999838269406,-0.21254534688953575,0.20227309
0.0711288069331995,0.04100000045445424,-0.21254534688953575,0.20188987
0.0711288069331995,0.04300000107063908,-0.21254534688953575,0.2006821
0.0711288069331995,0.04500000006317926,-0.21254534688953575,0.19927198
0.0711288069331995,0.046999999055719444,-0.21254534688953575,0.19776364
0.0711288069331995,0.04899999967190428,-0.21254534688953575,0.19606525
0.0711288069331995,0.05100000028808912,-0.21254534688953575,0.19410102
0.0711288069331995,0.0529999992806293,-0.21254534688953575,0.19188538
0.0711288069331995,0.05499999827316948,-0.21254534688953575,0.18944137
0.0711288069331995,0.05699999726570966,-0.21254534688953575,0.18677089
0.0711288069331995,0.05899999950553916,-0.21254534688953575,0.1838911
0.0711288069331995,0.06100000174536865,-0.21254534688953575,0.18085225
0.0711288069331995,0.06300000073790883,-0.21254534688953575,0.17769925
0.0711288069331995,0.06499999973044901,-0.21254534688953575,0.17448871
0.0711288069331995,0.06699999872298919,-0.21254534688953575,0.17126699
0.0711288069331995,0.06899999771552937,-0.21254534688953575,0.16808528
0.06615776877793142,0.0010000000036590455,-0.20533349401365597,0.31436083
0.06615776877793142,0.003000000010977137,-0.20533349401365597,0.31235737
0.06615776877793142,0.004999999916817437,-0.20533349401365597,0.29569033
0.06615776877793142,0.006999999924135528,-0.20533349401365597,0.27209023
0.06615776877793142,0.008999999931453619,-0.20533349401365597,0.24610484
0.06615776877793142,0.010999999735816128,-0.20533349401365597,0.22595452
0.06615776877793142,0.012999999540178638,-0.20533349401365597,0.2186695
0.06615776877793142,0.014999999750452311,-0.20533349401365597,0.2235003
0.06615776877793142,0.01700000036663715,-0.20533349401365597,0.23295636
0.06615776877793142,0.01900000017099966,-0.20533349401365597,0.23852298
0.06615776877793142,0.020999999975362168,-0.20533349401365597,0.2420741
0.06615776877793142,0.022999999779724677,-0.20533349401365597,0.2398829
0.06615776877793142,0.024999999584087183,-0.20533349401365597,0.24321207
0.06615776877793142,0.026999999388449693,-0.20533349401365597,0.2518698
0.06615776877793142,0.02900000000463453,-0.20533349401365597,0.25216275
0.06615776877793142,0.031000000620819368,-0.20533349401365597,0.24536583
0.06615776877793142,0.03299999961335955,-0.20533349401365597,0.24103698
0.06615776877793142,0.03500000022954439,-0.20533349401365597,0.24007593
0.06615776877793142,0.03700000084572922,-0.20533349401365597,0.24065848
0.06615776877793142,0.038999999838269406,-0.20533349401365597,0.2405485
0.06615776877793142,0.04100000045445424,-0.20533349401365597,0.24015538
0.06615776877793142,0.04300000107063908,-0.20533349401365597,0.23881736
0.06615776877793142,0.04500000006317926,-0.20533349401365597,0.23741461
0.06615776877793142,0.046999999055719444,-0.20533349401365597,0.23588453
0.06615776877793142,0.04899999967190428,-0.20533349401365597,0.23413649
0.06615776877793142,0.05100000028808912,-0.20533349401365597,0.23211542
0.06615776877793142,0.0529999992806293,-0.20533349401365597,0.22984496
0.06615776877793142,0.05499999827316948,-0.20533349401365597,0.22734293
0.06615776877793142,0.05699999726570966,-0.20533349401365597,0.22461009
0.06615776877793142,0.05899999950553916,-0.20533349401365597,0.22167623
0.06615776877793142,0.06100000174536865,-0.20533349401365597,0.21858698
0.06615776877793142,0.06300000073790883,-0.20533349401365597,0.2153996
0.06615776877793142,0.06499999973044901,-0.20533349401365597,0.21216844
0.06615776877793142,0.06699999872298919,-0.20533349401365597,0.20893875
0.06615776877793142,0.06899999771552937,-0.20533349401365597,0.20576975
0.06132831568394578,0.0010000000036590455,-0.19802611238080256,0.35196656
0.06132831568394578,0.003000000010977137,-0.19802611238080256,0.34986866
0.06132831568394578,0.004999999916817437,-0.19802611238080256,0.33300576
0.06132831568394578,0.006999999924135528,-0.19802611238080256,0.3091774
0.06132831568394578,0.008999999931453619,-0.19802611238080256,0.28299144
0.06132831568394578,0.010999999735816128,-0.19802611238080256,0.26291388
0.06132831568394578,0.012999999540178638,-0.19802611238080256,0.25602826
0.06132831568394578,0.014999999750452311,-0.19802611238080256,0.26125064
0.06132831568394578,0.01700000036663715,-0.19802611238080256,0.2707676
0.06132831568394578,0.01900000017099966,-0.19802611238080256,0.276371
0.06132831568394578,0.020999999975362168,-0.19802611238080256,0.2796443
0.06132831568394578,0.022999999779724677,-0.19802611238080256,0.27719095
0.06132831568394578,0.024999999584087183,-0.19802611238080256,0.28159395
0.06132831568394578,0.026999999388449693,-0.19802611238080256,0.29001796
0.06132831568394578,0.02900000000463453,-0.19802611238080256,0.28946587
0.06132831568394578,0.031000000620819368,-0.19802611238080256,0.28259048
0.06132831568394578,0.03299999961335955,-0.19802611238080256,0.27868316
0.06132831568394578,0.03500000022954439,-0.19802611238080256,0.27799505
0.06132831568394578,0.03700000084572922,-0.19802611238080256,0.27862832
0.06132831568394578,0.038999999838269406,-0.19802611238080256,0.27843136
0.06132831568394578,0.04100000045445424,-0.19802611238080256,0.27797434
0.06132831568394578,0.04300000107063908,-0.19802611238080256,0.27656832
0.06132831568394578,0.04500000006317926,-0.19802611238080256,0.2751636
0.06132831568394578,0.046999999055719444,-0.19802611238080256,0.27361342
0.06132831568394578,0.04899999967190428,-0.19802611238080256,0.2718258
0.06132831568394578,0.05100000028808912,-0.19802611238080256,0.26975694
0.06132831568394578,0.0529999992806293,-0.19802611238080256,0.2674354
0.06132831568394578,0.05499999827316948,-0.19802611238080256,0.26487392
0.06132831568394578,0.05699999726570966,-0.19802611238080256,0.26208055
0.06132831568394578,0.05899999950553916,-0.19802611238080256,0.25909427
0.06132831568394578,0.06100000174536865,-0.19802611238080256,0.2559607
0.06132831568394578,0.06300000073790883,-0.19802611238080256,0.25274238
0.06132831568394578,0.06499999973044901,-0.19802611238080256,0.24949221
0.06132831568394578,0.06699999872298919,-0.19802611238080256,0.24626295
0.06132831568394578,0.06899999771552937,-0.19802611238080256,0.24311209
0.056645401391087716,0.0010000000036590455,-0.19062404628619656,0.38966036
0.056645401391087716,0.003000000010977137,-0.19062404628619656,0.38751155
0.056645401391087716,0.004999999916817437,-0.19062404628619656,0.3704767
0.056645401391087716,0.006999999924135528,-0.19062404628619656,0.3464024
0.056645401391087716,0.008999999931453619,-0.19062404628619656,0.31994727
0.056645401391087716,0.010999999735816128,-0.19062404628619656,0.2999303
0.056645401391087716,0.012999999540178638,-0.19062404628619656,0.2934399
0.056645401391087716,0.014999999750452311,-0.19062404628619656,0.29903245
0.056645401391087716,0.01700000036663715,-0.19062404628619656,0.30855495
0.056645401391087716,0.01900000017099966,-0.19062404628619656,0.3142236
0.056645401391087716,0.020999999975362168,-0.19062404628619656,0.3170762
0.056645401391087716,0.022999999779724677,-0.19062404628619656,0.31450188
0.056645401391087716,0.024999999584087183,-0.19062404628619656,0.32003704
0.056645401391087716,0.026999999388449693,-0.19062404628619656,0.32805252
0.056645401391087716,0.02900000000463453,-0.19062404628619656,0.32664335
0.056645401391087716,0.031000000620819368,-0.19062404628619656,0.31975037
0.056645401391087716,0.03299999961335955,-0.19062404628619656,0.3162013
0.056645401391087716,0.03500000022954439,-0.19062404628619656,0.31581217
0.056645401391087716,0.03700000084572922,-0.19062404628619656,0.3164695
0.056645401391087716,0.038999999838269406,-0.19062404628619656,0.31620172
0.056645401391087716,0.04100000045445424,-0.19062404628619656,0.31565318
0.056645401391087716,0.04300000107063908,-0.19062404628619656,0.31421724
0.056645401391087716,0.04500000006317926,-0.19062404628619656,0.3128001
0.056645401391087716,0.046999999055719444,-0.19062404628619656,0.31122157
0.056645401391087716,0.04899999967190428,-0.19062404628619656,0.30938408
0.056645401391087716,0.05100000028808912,-0.19062404628619656,0.30726337
0.056645401391087716,0.0529999992806293,-0.19062404628619656,0.30489165
0.056645401391087716,0.05499999827316948,-0.19062404628619656,0.30227086
0.056645401391087716,0.05699999726570966,-0.19062404628619656,0.2994196
0.056645401391087716,0.05899999950553916,-0.19062404628619656,0.29638082
0.056645401391087716,0.06100000174536865,-0.19062404628619656,0.29321018
0.056645401391087716,0.06300000073790883,-0.19062404628619656,0.2899645
0.056645401391087716,0.06499999973044901,-0.19062404628619656,0.2866985
0.056645401391087716,0.06699999872298919,-0.19062404628619656,0.28347543
0.056645401391087716,0.06899999771552937,-0.19062404628619656,0.28034377
0.05211521360914079,0.0010000000036590455,-0.18312760746961193,0.42701885
0.05211521360914079,0.003000000010977137,-0.18312760746961193,0.42480633
0.05211521360914079,0.004999999916817437,-0.18312760746961193,0.4076156
0.05211521360914079,0.006999999924135528,-0.18312760746961193,0.38330296
0.05211521360914079,0.008999999931453619,-0.18312760746961193,0.35656047
0.05211521360914079,0.010999999735816128,-0.18312760746961193,0.33667454
0.05211521360914079,0.012999999540178638,-0.18312760746961193,0.3305326
0.05211521360914079,0.014999999750452311,-0.18312760746961193,0.33655265
0.05211521360914079,0.01700000036663715,-0.18312760746961193,0.3460757
0.05211521360914079,0.01900000017099966,-0.18312760746961193,0.35179576
0.05211521360914079,0.020999999975362168,-0.18312760746961193,0.35421732
0.05211521360914079,0.022999999779724677,-0.18312760746961193,0.35160422
0.05211521360914079,0.024999999584087183,-0.18312760746961193,0.35824743
0.05211521360914079,0.026999999388449693,-0.18312760746961193,0.36585715
0.05211521360914079,0.02900000000463453,-0.18312760746961193,0.3635428
0.05211521360914079,0.031000000620819368,-0.18312760746961193,0.35674125
0.05211521360914079,0.03299999961335955,-0.18312760746961193,0.3535809
0.05211521360914079,0.03500000022954439,-0.18312760746961193,0.35347447
0.05211521360914079,0.03700000084572922,-0.18312760746961193,0.35411203
0.05211521360914079,0.038999999838269406,-0.18312760746961193,0.35379982
0.05211521360914079,0.04100000045445424,-0.18312760746961193,0.35314715
0.05211521360914079,0.04300000107063908,-0.18312760746961193,0.3516977
0.05211521360914079,0.04500000006317926,-0.18312760746961193,0.35026672
0.05211521360914079,0.046999999055719444,-0.18312760746961193,0.34866074
0.05211521360914079,0.04899999967190428,-0.18312760746961193,0.3467835
0.05211521360914079,0.05100000028808912,-0.18312760746961193,0.3446197
0.05211521360914079,0.0529999992806293,-0.18312760746961193,0.34219992
0.05211521360914079,0.05499999827316948,-0.18312760746961193,0.33952448
0.05211521360914079,0.05699999726570966,-0.18312760746961193,0.33662415
0.05211521360914079,0.05899999950553916,-0.18312760746961193,0.33353922
0.05211521360914079,0.06100000174536865,-0.18312760746961193,0.3303367
0.05211521360914079,0.06300000073790883,-0.18312760746961193,0.3270743
0.05211521360914079,0.06499999973044901,-0.18312760746961193,0.32380778
0.05211521360914079,0.06699999872298919,-0.18312760746961193,0.3206032
0.05211521360914079,0.06899999771552937,-0.18312760746961193,0.31749737
0.04774384750014319,0.004999999916817437,-0.1755375298184331,0.4447102
0.04774384750014319,0.006999999924135528,-0.1755375298184331,0.42016497
0.04774384750014319,0.008999999931453619,-0.1755375298184331,0.39312246
0.04774384750014319,0.010999999735816128,-0.1755375298184331,0.37335858
0.04774384750014319,0.012999999540178638,-0.1755375298184331,0.367553
0.04774384750014319,0.014999999750452311,-0.1755375298184331,0.37402982
0.04774384750014319,0.01700000036663715,-0.1755375298184331,0.38351902
0.04774384750014319,0.01900000017099966,-0.1755375298184331,0.38926715
0.04774384750014319,0.020999999975362168,-0.1755375298184331,0.39126527
0.04774384750014319,0.022999999779724677,-0.1755375298184331,0.38869846
0.04774384750014319,0.024999999584087183,-0.1755375298184331,0.39635944
0.04774384750014319,0.026999999388449693,-0.1755375298184331,0.40349248
0.04774384750014319,0.02900000000463453,-0.1755375298184331,0.40019953
0.04774384750014319,0.031000000620819368,-0.1755375298184331,0.39356577
0.04774384750014319,0.03299999961335955,-0.1755375298184331,0.39080617
0.04774384750014319,0.03500000022954439,-0.1755375298184331,0.3909426
0.04774384750014319,0.03700000084572922,-0.1755375298184331,0.39153248
0.04774384750014319,0.038999999838269406,-0.1755375298184331,0.39119056
0.04774384750014319,0.04100000045445424,-0.1755375298184331,0.39041808
0.04774384750014319,0.04300000107063908,-0.1755375298184331,0.3889699
0.04774384750014319,0.04500000006317926,-0.1755375298184331,0.38752222
0.04774384750014319,0.046999999055719444,-0.1755375298184331,0.38588393
0.04774384750014319,0.04899999967190428,-0.1755375298184331,0.38396016
0.04774384750014319,0.05100000028808912,-0.1755375298184331,0.38174865
0.04774384750014319,0.0529999992806293,-0.1755375298184331,0.37927812
0.04774384750014319,0.05499999827316948,-0.1755375298184331,0.37654823
0.04774384750014319,0.05699999726570966,-0.1755375298184331,0.37359756
0.04774384750014319,0.05899999950553916,-0.1755375298184331,0.37047595
0.04774384750014319,0.06100000174536865,-0.1755375298184331,0.36724737
0.04774384750014319,0.06300000073790883,-0.1755375298184331,0.36396843
0.04774384750014319,0.06499999973044901,-0.1755375298184331,0.36070684
0.04774384750014319,0.06699999872298919,-0.1755375298184331,0.35752502
0.04774384750014319,0.06899999771552937,-0.1755375298184331,0.3544497
0.345339749211048,0.0010000000036590455,-0.421109140397282,-0.8298553
0.345339749211048,0.003000000010977137,-0.421109140397282,-0.8332338
0.345339749211048,0.004999999916817437,-0.421109140397282,-0.8440206
0.3390572965145111,0.0010000000036590455,-0.41839579637246815,-0.8185537
0.3390572965145111,0.003000000010977137,-0.41839579637246815,-0.82196003
0.3390572965145111,0.004999999916817437,-0.41839579637246815,-0.83285415
0.3390572965145111,0.006999999924135528,-0.41839579637246815,-0.8448741
0.3390572965145111,0.008999999931453619,-0.41839579637246815,-0.85947114
0.3390572965145111,0.010999999735816128,-0.41839579637246815,-0.8743449
0.3390572965145111,0.012999999540178638,-0.41839579637246815,-0.8878347
0.3390572965145111,0.014999999750452311,-0.41839579637246815,-0.897533
0.3390572965145111,0.01700000036663715,-0.41839579637246815,-0.9014448
0.3390572965145111,0.01900000017099966,-0.41839579637246815,-0.90005445
0.3390572965145111,0.020999999975362168,-0.41839579637246815,-0.89540434
0.3390572965145111,0.022999999779724677,-0.41839579637246815,-0.89042246
0.3390572965145111,0.024999999584087183,-0.41839579637246815,-0.88727677
0.3390572965145111,0.026999999388449693,-0.41839579637246815,-0.8852104
0.3390572965145111,0.02900000000463453,-0.41839579637246815,-0.883798
0.3390572965145111,0.031000000620819368,-0.41839579637246815,-0.883843
0.3390572965145111,0.03299999961335955,-0.41839579637246815,-0.88284725
0.3390572965145111,0.03500000022954439,-0.41839579637246815,-0.8799262
0.3390572965145111,0.03700000084572922,-0.41839579637246815,-0.877706
0.3390572965145111,0.038999999838269406,-0.41839579637246815,-0.8790469
0.3390572965145111,0.04100000045445424,-0.41839579637246815,-0.88257146
0.3390572965145111,0.04300000107063908,-0.41839579637246815,-0.8853648
0.3390572965145111,0.04500000006317926,-0.41839579637246815,-0.8867026
0.3390572965145111,0.046999999055719444,-0.41839579637246815,-0.88671565
0.3390572965145111,0.04899999967190428,-0.41839579637246815,-0.8860809
0.3390572965145111,0.05100000028808912,-0.41839579637246815,-0.8856547
0.3390572965145111,0.0529999992806293,-0.41839579637246815,-0.885504
0.3390572965145111,0.05499999827316948,-0.41839579637246815,-0.8855363
0.3390572965145111,0.05699999726570966,-0.41839579637246815,-0.8861937
0.3390572965145111,0.05899999950553916,-0.41839579637246815,-0.8869562
0.3390572965145111,0.06100000174536865,-0.41839579637246815,-0.88774055
0.3390572965145111,0.06300000073790883,-0.41839579637246815,-0.888597
0.3390572965145111,0.06499999973044901,-0.41839579637246815,-0.88959485
0.3390572965145111,0.06699999872298919,-0.41839579637246815,-0.89078224
0.3390572965145111,0.06899999771552937,-0.41839579637246815,-0.89218235
0.33279552255631156,0.0010000000036590455,-0.4156349509996018,-0.8090671
0.33279552255631156,0.003000000010977137,-0.4156349509996018,-0.81281114
0.33279552255631156,0.004999999916817437,-0.4156349509996018,-0.8240456
0.33279552255631156,0.006999999924135528,-0.4156349509996018,-0.83645666
0.33279552255631156,0.008999999931453619,-0.4156349509996018,-0.8513459
0.33279552255631156,0.010999999735816128,-0.4156349509996018,-0.8664255
0.33279552255631156,0.012999999540178638,-0.4156349509996018,-0.8798837
0.33279552255631156,0.014999999750452311,-0.4156349509996018,-0.8892781
0.33279552255631156,0.01700000036663715,-0.4156349509996018,-0.89264953
0.33279552255631156,0.01900000017099966,-0.4156349509996018,-0.89065975
0.33279552255631156,0.020999999975362168,-0.4156349509996018,-0.8855514
0.33279552255631156,0.022999999779724677,-0.4156349509996018,-0.8803554
0.33279552255631156,0.024999999584087183,-0.4156349509996018,-0.8771544
0.33279552255631156,0.026999999388449693,-0.4156349509996018,-0.8751137
0.33279552255631156,0.02900000000463453,-0.4156349509996018,-0.8738749
0.33279552255631156,0.031000000620819368,-0.4156349509996018,-0.8742078
0.33279552255631156,0.03299999961335955,-0.4156349509996018,-0.8733144
0.33279552255631156,0.03500000022954439,-0.4156349509996018,-0.8706085
0.33279552255631156,0.03700000084572922,-0.4156349509996018,-0.86893374
0.33279552255631156,0.038999999838269406,-0.4156349509996018,-0.87069094
0.33279552255631156,0.04100000045445424,-0.4156349509996018,-0.87426525
0.33279552255631156,0.04300000107063908,-0.4156349509996018,-0.8767851
0.33279552255631156,0.04500000006317926,-0.4156349509996018,-0.8777615
0.33279552255631156,0.046999999055719444,-0.4156349509996018,-0.8775208
0.33279552255631156,0.04899999967190428,-0.4156349509996018,-0.8768047
0.33279552255631156,0.05100000028808912,-0.4156349509996018,-0.8764054
0.33279552255631156,0.0529999992806293,-0.4156349509996018,-0.87626773
0.33279552255631156,0.05499999827316948,-0.4156349509996018,-0.8764067
0.33279552255631156,0.05699999726570966,-0.4156349509996018,-0.8770073
0.33279552255631156,0.05899999950553916,-0.4156349509996018,-0.87772113
0.33279552255631156,0.06100000174536865,-0.4156349509996018,-0.8784529
0.33279552255631156,0.06300000073790883,-0.4156349509996018,-0.87930745
0.33279552255631156,0.06499999973044901,-0.4156349509996018,-0.8803408
0.33279552255631156,0.06699999872298919,-0.4156349509996018,-0.88159263
0.33279552255631156,0.06899999771552937,-0.4156349509996018,-0.8830896
0.326558453975196,0.0010000000036590455,-0.4128187848060201,-0.79276514
0.326558453975196,0.003000000010977137,-0.4128187848060201,-0.7962968
0.326558453975196,0.004999999916817437,-0.4128187848060201,-0.8073619
0.326558453975196,0.006999999924135528,-0.4128187848060201,-0.81978947
0.326558453975196,0.008999999931453619,-0.4128187848060201,-0.83481616
0.326558453975196,0.010999999735816128,-0.4128187848060201,-0.8501385
0.326558453975196,0.012999999540178638,-0.4128187848060201,-0.86379224
0.326558453975196,0.014999999750452311,-0.4128187848060201,-0.8733152
0.326558453975196,0.01700000036663715,-0.4128187848060201,-0.87665683
0.326558453975196,0.01900000017099966,-0.4128187848060201,-0.87462234
0.326558453975196,0.020999999975362168,-0.4128187848060201,-0.86955005
0.326558453975196,0.022999999779724677,-0.4128187848060201,-0.86457837
0.326558453975196,0.024999999584087183,-0.4128187848060201,-0.8616732
0.326558453975196,0.026999999388449693,-0.4128187848060201,-0.8599084
0.326558453975196,0.02900000000463453,-0.4128187848060201,-0.85878015
0.326558453975196,0.031000000620819368,-0.4128187848060201,-0.8590994
0.326558453975196,0.03299999961335955,-0.4128187848060201,-0.8576708
0.326558453975196,0.03500000022954439,-0.4128187848060201,-0.8544319
0.326558453975196,0.03700000084572922,-0.4128187848060201,-0.8527432
0.326558453975196,0.038999999838269406,-0.4128187848060201,-0.8547706
0.326558453975196,0.04100000045445424,-0.4128187848060201,-0.8584727
0.326558453975196,0.04300000107063908,-0.4128187848060201,-0.8610031
0.326558453975196,0.04500000006317926,-0.4128187848060201,-0.86197186
0.326558453975196,0.046999999055719444,-0.4128187848060201,-0.86174375
0.326558453975196,0.04899999967190428,-0.4128187848060201,-0.86113405
0.326558453975196,0.05100000028808912,-0.4128187848060201,-0.8608873
0.326558453975196,0.0529999992806293,-0.4128187848060201,-0.86074793
0.326558453975196,0.05499999827316948,-0.4128187848060201,-0.8610124
0.326558453975196,0.05699999726570966,-0.4128187848060201,-0.8616412
0.326558453975196,0.05899999950553916,-0.4128187848060201,-0.862453
0.326558453975196,0.06100000174536865,-0.4128187848060201,-0.8632502
0.326558453975196,0.06300000073790883,-0.4128187848060201,-0.86416674
0.326558453975196,0.06499999973044901,-0.4128187848060201,-0.8652486
0.326558453975196,0.06699999872298919,-0.4128187848060201,-0.86653656
0.326558453975196,0.06899999771552937,-0.4128187848060201,-0.86804533
0.320346493435039,0.0010000000036590455,-0.40994767447728325,-0.77954495
0.320346493435039,0.003000000010977137,-0.40994767447728325,-0.7830485
0.320346493435039,0.004999999916817437,-0.40994767447728325,-0.7941692
0.320346493435039,0.006999999924135528,-0.40994767447728325,-0.8067315
0.320346493435039,0.008999999931453619,-0.40994767447728325,-0.82192487
0.320346493435039,0.010999999735816128,-0.40994767447728325,-0.83742464
0.320346493435039,0.012999999540178638,-0.40994767447728325,-0.8511677
0.320346493435039,0.014999999750452311,-0.40994767447728325,-0.86064
0.320346493435039,0.01700000036663715,-0.40994767447728325,-0.86376864
0.320346493435039,0.01900000017099966,-0.40994767447728325,-0.8615925
0.320346493435039,0.020999999975362168,-0.40994767447728325,-0.8565388
0.320346493435039,0.022999999779724677,-0.40994767447728325,-0.85170424
0.320346493435039,0.024999999584087183,-0.40994767447728325,-0.8488682
0.320346493435039,0.026999999388449693,-0.40994767447728325,-0.8469336
0.320346493435039,0.02900000000463453,-0.40994767447728325,-0.8457997
0.320346493435039,0.031000000620819368,-0.40994767447728325,-0.8459758
0.320346493435039,0.03299999961335955,-0.40994767447728325,-0.84418404
0.320346493435039,0.03500000022954439,-0.40994767447728325,-0.84075326
0.320346493435039,0.03700000084572922,-0.40994767447728325,-0.8394004
0.320346493435039,0.038999999838269406,-0.40994767447728325,-0.84183127
0.320346493435039,0.04100000045445424,-0.40994767447728325,-0.84564185
0.320346493435039,0.04300000107063908,-0.40994767447728325,-0.8481296
0.320346493435039,0.04500000006317926,-0.40994767447728325,-0.848985
0.320346493435039,0.046999999055719444,-0.40994767447728325,-0.8486468
0.320346493435039,0.04899999967190428,-0.40994767447728325,-0.8480634
0.320346493435039,0.05100000028808912,-0.40994767447728325,-0.84786457
0.320346493435039,0.0529999992806293,-0.40994767447728325,-0.8476945
0.320346493435039,0.05499999827316948,-0.40994767447728325,-0.8481293
0.320346493435039,0.05699999726570966,-0.40994767447728325,-0.8488006
0.320346493435039,0.05899999950553916,-0.40994767447728325,-0.84968317
0.320346493435039,0.06100000174536865,-0.40994767447728325,-0.8505254
0.320346493435039,0.06300000073790883,-0.40994767447728325,-0.8514957
0.320346493435039,0.06499999973044901,-0.40994767447728325,-0.85264
0.320346493435039,0.06699999872298919,-0.40994767447728325,-0.85398966
0.320346493435039,0.06899999771552937,-0.40994767447728325,-0.85555106
0.31415683527787525,0.0010000000036590455,-0.40702886796313514,-0.7658019
0.31415683527787525,0.003000000010977137,-0.40702886796313514,-0.7693748
0.31415683527787525,0.004999999916817437,-0.40702886796313514,-0.78060454
0.31415683527787525,0.006999999924135528,-0.40702886796313514,-0.79335994
0.31415683527787525,0.008999999931453619,-0.40702886796313514,-0.8087367
0.31415683527787525,0.010999999735816128,-0.40702886796313514,-0.8243677
0.31415683527787525,0.012999999540178638,-0.40702886796313514,-0.83811456
0.31415683527787525,0.014999999750452311,-0.40702886796313514,-0.8473418
0.31415683527787525,0.01700000036663715,-0.40702886796313514,-0.8500789
0.31415683527787525,0.01900000017099966,-0.40702886796313514,-0.8476089
0.31415683527787525,0.020999999975362168,-0.40702886796313514,-0.8424187
0.31415683527787525,0.022999999779724677,-0.40702886796313514,-0.83769095
0.31415683527787525,0.024999999584087183,-0.40702886796313514,-0.8350108
0.31415683527787525,0.026999999388449693,-0.40702886796313514,-0.83316755
0.31415683527787525,0.02900000000463453,-0.40702886796313514,-0.83226234
0.31415683527787525,0.031000000620819368,-0.40702886796313514,-0.8324479
0.31415683527787525,0.03299999961335955,-0.40702886796313514,-0.830477
0.31415683527787525,0.03500000022954439,-0.40702886796313514,-0.82699406
0.31415683527787525,0.03700000084572922,-0.40702886796313514,-0.826042
0.31415683527787525,0.038999999838269406,-0.40702886796313514,-0.8288239
0.31415683527787525,0.04100000045445424,-0.40702886796313514,-0.83254397
0.31415683527787525,0.04300000107063908,-0.40702886796313514,-0.8348693
0.31415683527787525,0.04500000006317926,-0.40702886796313514,-0.83553153
0.31415683527787525,0.046999999055719444,-0.40702886796313514,-0.83509576
0.31415683527787525,0.04899999967190428,-0.40702886796313514,-0.8345846
0.31415683527787525,0.05100000028808912,-0.40702886796313514,-0.8344772
0.31415683527787525,0.0529999992806293,-0.40702886796313514,-0.8343592
0.31415683527787525,0.05499999827316948,-0.40702886796313514,-0.83490646
0.31415683527787525,0.05699999726570966,-0.40702886796313514,-0.8355722
0.31415683527787525,0.05899999950553916,-0.40702886796313514,-0.83645743
0.31415683527787525,0.06100000174536865,-0.40702886796313514,-0.83731526
0.31415683527787525,0.06300000073790883,-0.40702886796313514,-0.8383196
0.31415683527787525,0.06499999973044901,-0.40702886796313514,-0.83951193
0.31415683527787525,0.06699999872298919,-0.40702886796313514,-0.8409197
0.31415683527787525,0.06899999771552937,-0.40702886796313514,-0.8425395
0.3079899601025229,0.0010000000036590455,-0.40406222238284606,-0.7528372
0.3079899601025229,0.003000000010977137,-0.40406222238284606,-0.7564428
0.3079899601025229,0.004999999916817437,-0.40406222238284606,-0.76781297
0.3079899601025229,0.006999999924135528,-0.40406222238284606,-0.7807923
0.3079899601025229,0.008999999931453619,-0.40406222238284606,-0.7963873
0.3079899601025229,0.010999999735816128,-0.40406222238284606,-0.8121759
0.3079899601025229,0.012999999540178638,-0.40406222238284606,-0.8259454
0.3079899601025229,0.014999999750452311,-0.40406222238284606,-0.8349143
0.3079899601025229,0.01700000036663715,-0.40406222238284606,-0.8372557
0.3079899601025229,0.01900000017099966,-0.40406222238284606,-0.8344737
0.3079899601025229,0.020999999975362168,-0.40406222238284606,-0.82910544
0.3079899601025229,0.022999999779724677,-0.40406222238284606,-0.82448435
0.3079899601025229,0.024999999584087183,-0.40406222238284606,-0.82184106
0.3079899601025229,0.026999999388449693,-0.40406222238284606,-0.82000655
0.3079899601025229,0.02900000000463453,-0.40406222238284606,-0.81930465
0.3079899601025229,0.031000000620819368,-0.40406222238284606,-0.8194717
0.3079899601025229,0.03299999961335955,-0.40406222238284606,-0.81728643
0.3079899601025229,0.03500000022954439,-0.40406222238284606,-0.8138302
0.3079899601025229,0.03700000084572922,-0.40406222238284606,-0.81342214
0.3079899601025229,0.038999999838269406,-0.40406222238284606,-0.81662416
0.3079899601025229,0.04100000045445424,-0.40406222238284606,-0.82027876
0.3079899601025229,0.04300000107063908,-0.40406222238284606,-0.8224278
0.3079899601025229,0.04500000006317926,-0.40406222238284606,-0.8229155
0.3079899601025229,0.046999999055719444,-0.40406222238284606,-0.8223717
0.3079899601025229,0.04899999967190428,-0.40406222238284606,-0.8218504
0.3079899601025229,0.05100000028808912,-0.40406222238284606,-0.8217405
0.3079899601025229,0.0529999992806293,-0.40406222238284606,-0.8216567
0.3079899601025229,0.05499999827316948,-0.40406222238284606,-0.8223126
0.3079899601025229,0.05699999726570966,-0.40406222238284606,-0.8230494
0.3079899601025229,0.05899999950553916,-0.40406222238284606,-0.8239665
0.3079899601025229,0.06100000174536865,-0.40406222238284606,-0.82485396
0.3079899601025229,0.06300000073790883,-0.40406222238284606,-0.8258814
0.3079899601025229,0.06499999973044901,-0.40406222238284606,-0.827098
0.3079899601025229,0.06699999872298919,-0.40406222238284606,-0.82852745
0.3079899601025229,0.06899999771552937,-0.40406222238284606,-0.83016294
0.3018472187813356,0.0010000000036590455,-0.4010458413194579,-0.7406994
0.3018472187813356,0.003000000010977137,-0.4010458413194579,-0.7445774
0.3018472187813356,0.004999999916817437,-0.4010458413194579,-0.75624734
0.3018472187813356,0.006999999924135528,-0.4010458413194579,-0.7695947
0.3018472187813356,0.008999999931453619,-0.4010458413194579,-0.7855069
0.3018472187813356,0.010999999735816128,-0.4010458413194579,-0.80147016
0.3018472187813356,0.012999999540178638,-0.4010458413194579,-0.81521416
0.3018472187813356,0.014999999750452311,-0.4010458413194579,-0.823823
0.3018472187813356,0.01700000036663715,-0.4010458413194579,-0.8256375
0.3018472187813356,0.01900000017099966,-0.4010458413194579,-0.82238436
0.3018472187813356,0.020999999975362168,-0.4010458413194579,-0.81664747
0.3018472187813356,0.022999999779724677,-0.4010458413194579,-0.8119401
0.3018472187813356,0.024999999584087183,-0.4010458413194579,-0.80927336
0.3018472187813356,0.026999999388449693,-0.4010458413194579,-0.8075153
0.3018472187813356,0.02900000000463453,-0.4010458413194579,-0.8071398
0.3018472187813356,0.031000000620819368,-0.4010458413194579,-0.8073937
0.3018472187813356,0.03299999961335955,-0.4010458413194579,-0.80521965
0.3018472187813356,0.03500000022954439,-0.4010458413194579,-0.8020589
0.3018472187813356,0.03700000084572922,-0.4010458413194579,-0.80227965
0.3018472187813356,0.038999999838269406,-0.4010458413194579,-0.80576175
0.3018472187813356,0.04100000045445424,-0.4010458413194579,-0.80918074
0.3018472187813356,0.04300000107063908,-0.4010458413194579,-0.81102955
0.3018472187813356,0.04500000006317926,-0.4010458413194579,-0.811233
0.3018472187813356,0.046999999055719444,-0.4010458413194579,-0.8105346
0.3018472187813356,0.04899999967190428,-0.4010458413194579,-0.81003785
0.3018472187813356,0.05100000028808912,-0.4010458413194579,-0.80999345
0.3018472187813356,0.0529999992806293,-0.4010458413194579,-0.8099664
0.3018472187813356,0.05499999827316948,-0.4010458413194579,-0.81065303
0.3018472187813356,0.05699999726570966,-0.4010458413194579,-0.8113791
0.3018472187813356,0.05899999950553916,-0.4010458413194579,-0.81220615
0.3018472187813356,0.06100000174536865,-0.4010458413194579,-0.81309706
0.3018472187813356,0.06300000073790883,-0.4010458413194579,-0.81414986
0.3018472187813356,0.06499999973044901,-0.4010458413194579,-0.8154243
0.3018472187813356,0.06699999872298919,-0.4010458413194579,-0.8169368
0.3018472187813356,0.06899999771552937,-0.4010458413194579,-0.8186681
0.2957327028988462,0.0010000000036590455,-0.39797263269311384,-0.7228799
0.2957327028988462,0.003000000010977137,-0.39797263269311384,-0.7265277
0.2957327028988462,0.004999999916817437,-0.39797263269311384,-0.73804927
0.2957327028988462,0.006999999924135528,-0.39797263269311384,-0.751459
0.2957327028988462,0.008999999931453619,-0.39797263269311384,-0.7675519
0.2957327028988462,0.010999999735816128,-0.39797263269311384,-0.7837305
0.2957327028988462,0.012999999540178638,-0.39797263269311384,-0.7976813
0.2957327028988462,0.014999999750452311,-0.39797263269311384,-0.8062905
0.2957327028988462,0.01700000036663715,-0.39797263269311384,-0.8080687
0.2957327028988462,0.01900000017099966,-0.39797263269311384,-0.80482274
0.2957327028988462,0.020999999975362168,-0.39797263269311384,-0.79910386
0.2957327028988462,0.022999999779724677,-0.39797263269311384,-0.79470676
0.2957327028988462,0.024999999584087183,-0.39797263269311384,-0.7923028
0.2957327028988462,0.026999999388449693,-0.39797263269311384,-0.7906381
0.2957327028988462,0.02900000000463453,-0.39797263269311384,-0.7904378
0.2957327028988462,0.031000000620819368,-0.39797263269311384,-0.7903599
0.2957327028988462,0.03299999961335955,-0.39797263269311384,-0.7875373
0.2957327028988462,0.03500000022954439,-0.39797263269311384,-0.78416795
0.2957327028988462,0.03700000084572922,-0.39797263269311384,-0.7846835
0.2957327028988462,0.038999999838269406,-0.39797263269311384,-0.7884319
0.2957327028988462,0.04100000045445424,-0.39797263269311384,-0.791854
0.2957327028988462,0.04300000107063908,-0.39797263269311384,-0.7936683
0.2957327028988462,0.04500000006317926,-0.39797263269311384,-0.7938818
0.2957327028988462,0.046999999055719444,-0.39797263269311384,-0.79322034
0.2957327028988462,0.04899999967190428,-0.39797263269311384,-0.7928729
0.2957327028988462,0.05100000028808912,-0.39797263269311384,-0.79287755
0.2957327028988462,0.0529999992806293,-0.39797263269311384,-0.79295135
0.2957327028988462,0.05499999827316948,-0.39797263269311384,-0.7937074
0.2957327028988462,0.05699999726570966,-0.39797263269311384,-0.79455054
0.2957327028988462,0.05899999950553916,-0.39797263269311384,-0.7954271
0.2957327028988462,0.06100000174536865,-0.39797263269311384,-0.79639935
0.2957327028988462,0.06300000073790883,-0.39797263269311384,-0.7975228
0.2957327028988462,0.06499999973044901,-0.39797263269311384,-0.79885525
0.2957327028988462,0.06699999872298919,-0.39797263269311384,-0.80040795
0.2957327028988462,0.06899999771552937,-0.39797263269311384,-0.802152
0.28964650337915543,0.0010000000036590455,-0.39484376552796596,-0.70769083
0.28964650337915543,0.003000000010977137,-0.39484376552796596,-0.71129197
0.28964650337915543,0.004999999916817437,-0.39484376552796596,-0.72286916
0.28964650337915543,0.006999999924135528,-0.39484376552796596,-0.7364419
0.28964650337915543,0.008999999931453619,-0.39484376552796596,-0.7527189
0.28964650337915543,0.010999999735816128,-0.39484376552796596,-0.7690407
0.28964650337915543,0.012999999540178638,-0.39484376552796596,-0.78305393
0.28964650337915543,0.014999999750452311,-0.39484376552796596,-0.7915095
0.28964650337915543,0.01700000036663715,-0.39484376552796596,-0.79307985
0.28964650337915543,0.01900000017099966,-0.39484376552796596,-0.78966546
0.28964650337915543,0.020999999975362168,-0.39484376552796596,-0.7839944
0.28964650337915543,0.022999999779724677,-0.39484376552796596,-0.7797396
0.28964650337915543,0.024999999584087183,-0.39484376552796596,-0.7773008
0.28964650337915543,0.026999999388449693,-0.39484376552796596,-0.77552015
0.28964650337915543,0.02900000000463453,-0.39484376552796596,-0.77539957
0.28964650337915543,0.031000000620819368,-0.39484376552796596,-0.7750384
0.28964650337915543,0.03299999961335955,-0.39484376552796596,-0.7718022
0.28964650337915543,0.03500000022954439,-0.39484376552796596,-0.7685725
0.28964650337915543,0.03700000084572922,-0.39484376552796596,-0.769573
0.28964650337915543,0.038999999838269406,-0.39484376552796596,-0.7736165
0.28964650337915543,0.04100000045445424,-0.39484376552796596,-0.7770017
0.28964650337915543,0.04300000107063908,-0.39484376552796596,-0.7786694
0.28964650337915543,0.04500000006317926,-0.39484376552796596,-0.7787617
0.28964650337915543,0.046999999055719444,-0.39484376552796596,-0.77812093
0.28964650337915543,0.04899999967190428,-0.39484376552796596,-0.77783
0.28964650337915543,0.05100000028808912,-0.39484376552796596,-0.7778132
0.28964650337915543,0.0529999992806293,-0.39484376552796596,-0.77805173
0.28964650337915543,0.05499999827316948,-0.39484376552796596,-0.77886057
0.28964650337915543,0.05699999726570966,-0.39484376552796596,-0.7797889
0.28964650337915543,0.05899999950553916,-0.39484376552796596,-0.7807149
0.28964650337915543,0.06100000174536865,-0.39484376552796596,-0.7817505
0.28964650337915543,0.06300000073790883,-0.39484376552796596,-0.782948
0.28964650337915543,0.06499999973044901,-0.39484376552796596,-0.78435767
0.28964650337915543,0.06699999872298919,-0.39484376552796596,-0.7859862
0.28964650337915543,0.06899999771552937,-0.39484376552796596,-0.7877961
0.2835859444558704,0.0010000000036590455,-0.3916656175002227,-0.6920897
0.2835859444558704,0.003000000010977137,-0.3916656175002227,-0.6957268
0.2835859444558704,0.004999999916817437,-0.3916656175002227,-0.7074043
0.2835859444558704,0.006999999924135528,-0.3916656175002227,-0.72118914
0.2835859444558704,0.008999999931453619,-0.3916656175002227,-0.73765945
0.2835859444558704,0.010999999735816128,-0.3916656175002227,-0.7540796
0.2835859444558704,0.012999999540178638,-0.3916656175002227,-0.7680592
0.2835859444558704,0.014999999750452311,-0.3916656175002227,-0.77621716
0.2835859444558704,0.01700000036663715,-0.3916656175002227,-0.777417
0.2835859444558704,0.01900000017099966,-0.3916656175002227,-0.7737235
0.2835859444558704,0.020999999975362168,-0.3916656175002227,-0.7679904
0.2835859444558704,0.022999999779724677,-0.3916656175002227,-0.76392764
0.2835859444558704,0.024999999584087183,-0.3916656175002227,-0.76159054
0.2835859444558704,0.026999999388449693,-0.3916656175002227,-0.75986665
0.2835859444558704,0.02900000000463453,-0.3916656175002227,-0.7599907
0.2835859444558704,0.031000000620819368,-0.3916656175002227,-0.75946194
0.2835859444558704,0.03299999961335955,-0.3916656175002227,-0.7560224
0.2835859444558704,0.03500000022954439,-0.3916656175002227,-0.75306493
0.2835859444558704,0.03700000084572922,-0.3916656175002227,-0.7545372
0.2835859444558704,0.038999999838269406,-0.3916656175002227,-0.7587381
0.2835859444558704,0.04100000045445424,-0.3916656175002227,-0.76196146
0.2835859444558704,0.04300000107063908,-0.3916656175002227,-0.7633717
0.2835859444558704,0.04500000006317926,-0.3916656175002227,-0.76331913
0.2835859444558704,0.046999999055719444,-0.3916656175002227,-0.76271397
0.2835859444558704,0.04899999967190428,-0.3916656175002227,-0.7625408
0.2835859444558704,0.05100000028808912,-0.3916656175002227,-0.7625285
0.2835859444558704,0.0529999992806293,-0.3916656175002227,-0.7629531
0.2835859444558704,0.05499999827316948,-0.3916656175002227,-0.76375127
0.2835859444558704,0.05699999726570966,-0.3916656175002227,-0.764717
0.2835859444558704,0.05899999950553916,-0.3916656175002227,-0.76565707
0.2835859444558704,0.06100000174536865,-0.3916656175002227,-0.76673394
0.2835859444558704,0.06300000073790883,-0.3916656175002227,-0.76798785
0.2835859444558704,0.06499999973044901,-0.3916656175002227,-0.76946175
0.2835859444558704,0.06699999872298919,-0.3916656175002227,-0.7711577
0.2835859444558704,0.06899999771552937,-0.3916656175002227,-0.77302915
0.27755151971696645,0.0010000000036590455,-0.38843808469662605,-0.67753685
0.27755151971696645,0.003000000010977137,-0.38843808469662605,-0.68121207
0.27755151971696645,0.004999999916817437,-0.38843808469662605,-0.6930496
0.27755151971696645,0.006999999924135528,-0.38843808469662605,-0.7070892
0.27755151971696645,0.008999999931453619,-0.38843808469662605,-0.7237843
0.27755151971696645,0.010999999735816128,-0.38843808469662605,-0.7403368
0.27755151971696645,0.012999999540178638,-0.38843808469662605,-0.7542927
0.27755151971696645,0.014999999750452311,-0.38843808469662605,-0.7621309
0.27755151971696645,0.01700000036663715,-0.38843808469662605,-0.76292706
0.27755151971696645,0.01900000017099966,-0.38843808469662605,-0.75888735
0.27755151971696645,0.020999999975362168,-0.38843808469662605,-0.75303775
0.27755151971696645,0.022999999779724677,-0.38843808469662605,-0.74908197
0.27755151971696645,0.024999999584087183,-0.38843808469662605,-0.74676096
0.27755151971696645,0.026999999388449693,-0.38843808469662605,-0.745132
0.27755151971696645,0.02900000000463453,-0.38843808469662605,-0.74547374
0.27755151971696645,0.031000000620819368,-0.38843808469662605,-0.7447634
0.27755151971696645,0.03299999961335955,-0.38843808469662605,-0.74118036
0.27755151971696645,0.03500000022954439,-0.38843808469662605,-0.7385574
0.27755151971696645,0.03700000084572922,-0.38843808469662605,-0.74059266
0.27755151971696645,0.038999999838269406,-0.38843808469662605,-0.7449558
0.27755151971696645,0.04100000045445424,-0.38843808469662605,-0.74801815
0.27755151971696645,0.04300000107063908,-0.38843808469662605,-0.74917907
0.27755151971696645,0.04500000006317926,-0.38843808469662605,-0.7489686
0.27755151971696645,0.046999999055719444,-0.38843808469662605,-0.748352
0.27755151971696645,0.04899999967190428,-0.38843808469662605,-0.7481929
0.27755151971696645,0.05100000028808912,-0.38843808469662605,-0.74815154
0.27755151971696645,0.0529999992806293,-0.38843808469662605,-0.7487325
0.27755151971696645,0.05499999827316948,-0.38843808469662605,-0.7495562
0.27755151971696645,0.05699999726570966,-0.38843808469662605,-0.75058204
0.27755151971696645,0.05899999950553916,-0.38843808469662605,-0.75155634
0.27755151971696645,0.06100000174536865,-0.38843808469662605,-0.752668
0.27755151971696645,0.06300000073790883,-0.38843808469662605,-0.7539613
0.27755151971696645,0.06499999973044901,-0.38843808469662605,-0.7554709
0.27755151971696645,0.06699999872298919,-0.38843808469662605,-0.7571991
0.27755151971696645,0.06899999771552937,-0.38843808469662605,-0.75910395
0.27154521650350244,0.0010000000036590455,-0.38515845238331137,-0.6627897
0.27154521650350244,0.003000000010977137,-0.38515845238331137,-0.66667193
0.27154521650350244,0.004999999916817437,-0.38515845238331137,-0.678777
0.27154521650350244,0.006999999924135528,-0.38515845238331137,-0.6931927
0.27154521650350244,0.008999999931453619,-0.38515845238331137,-0.7102088
0.27154521650350244,0.010999999735816128,-0.38515845238331137,-0.72693557
0.27154521650350244,0.012999999540178638,-0.38515845238331137,-0.7408361
0.27154521650350244,0.014999999750452311,-0.38515845238331137,-0.74829274
0.27154521650350244,0.01700000036663715,-0.38515845238331137,-0.74863213
0.27154521650350244,0.01900000017099966,-0.38515845238331137,-0.7441477
0.27154521650350244,0.020999999975362168,-0.38515845238331137,-0.7380479
0.27154521650350244,0.022999999779724677,-0.38515845238331137,-0.73408186
0.27154521650350244,0.024999999584087183,-0.38515845238331137,-0.73179084
0.27154521650350244,0.026999999388449693,-0.38515845238331137,-0.73028505
0.27154521650350244,0.02900000000463453,-0.38515845238331137,-0.7309643
0.27154521650350244,0.031000000620819368,-0.38515845238331137,-0.7301185
0.27154521650350244,0.03299999961335955,-0.38515845238331137,-0.72653973
0.27154521650350244,0.03500000022954439,-0.38515845238331137,-0.7244528
0.27154521650350244,0.03700000084572922,-0.38515845238331137,-0.726993
0.27154521650350244,0.038999999838269406,-0.38515845238331137,-0.7313296
0.27154521650350244,0.04100000045445424,-0.38515845238331137,-0.7341211
0.27154521650350244,0.04300000107063908,-0.38515845238331137,-0.73496956
0.27154521650350244,0.04500000006317926,-0.38515845238331137,-0.7345534
0.27154521650350244,0.046999999055719444,-0.38515845238331137,-0.73396075
0.27154521650350244,0.04899999967190428,-0.38515845238331137,-0.73391306
0.27154521650350244,0.05100000028808912,-0.38515845238331137,-0.73389184
0.27154521650350244,0.0529999992806293,-0.38515845238331137,-0.73457426
0.27154521650350244,0.05499999827316948,-0.38515845238331137,-0.7353735
0.27154521650350244,0.05699999726570966,-0.38515845238331137,-0.7363602
0.27154521650350244,0.05899999950553916,-0.38515845238331137,-0.7373222
0.27154521650350244,0.06100000174536865,-0.38515845238331137,-0.7384516
0.27154521650350244,0.06300000073790883,-0.38515845238331137,-0.7397937
0.27154521650350244,0.06499999973044901,-0.38515845238331137,-0.7413744
0.27154521650350244,0.06699999872298919,-0.38515845238331137,-0.7431903
0.27154521650350244,0.06899999771552937,-0.38515845238331137,-0.7451803
0.26557121732411193,0.0010000000036590455,-0.3818203558732276,-0.6433577
0.26557121732411193,0.003000000010977137,-0.3818203558732276,-0.6469782
0.26557121732411193,0.004999999916817437,-0.3818203558732276,-0.6589474
0.26557121732411193,0.006999999924135528,-0.3818203558732276,-0.6734426
0.26557121732411193,0.008999999931453619,-0.3818203558732276,-0.69064075
0.26557121732411193,0.010999999735816128,-0.3818203558732276,-0.7075952
0.26557121732411193,0.012999999540178638,-0.3818203558732276,-0.72164714
0.26557121732411193,0.014999999750452311,-0.3818203558732276,-0.72907484
0.26557121732411193,0.01700000036663715,-0.3818203558732276,-0.7293862
0.26557121732411193,0.01900000017099966,-0.3818203558732276,-0.72485524
0.26557121732411193,0.020999999975362168,-0.3818203558732276,-0.71893394
0.26557121732411193,0.022999999779724677,-0.3818203558732276,-0.7152762
0.26557121732411193,0.024999999584087183,-0.3818203558732276,-0.7131747
0.26557121732411193,0.026999999388449693,-0.3818203558732276,-0.71172374
0.26557121732411193,0.02900000000463453,-0.3818203558732276,-0.71243167
0.26557121732411193,0.031000000620819368,-0.3818203558732276,-0.71101564
0.26557121732411193,0.03299999961335955,-0.3818203558732276,-0.70691663
0.26557121732411193,0.03500000022954439,-0.3818203558732276,-0.704978
0.26557121732411193,0.03700000084572922,-0.3818203558732276,-0.7078977
0.26557121732411193,0.038999999838269406,-0.3818203558732276,-0.71227056
0.26557121732411193,0.04100000045445424,-0.3818203558732276,-0.71506846
0.26557121732411193,0.04300000107063908,-0.3818203558732276,-0.7159153
0.26557121732411193,0.04500000006317926,-0.3818203558732276,-0.71549016
0.26557121732411193,0.046999999055719444,-0.3818203558732276,-0.7150137
0.26557121732411193,0.04899999967190428,-0.3818203558732276,-0.71505857
0.26557121732411193,0.05100000028808912,-0.3818203558732276,-0.7150848
0.26557121732411193,0.0529999992806293,-0.3818203558732276,-0.7159079
0.26557121732411193,0.05499999827316948,-0.3818203558732276,-0.7168033
0.26557121732411193,0.05699999726570966,-0.3818203558732276,-0.7178488
0.26557121732411193,0.05899999950553916,-0.3818203558732276,-0.7189107
0.26557121732411193,0.06100000174536865,-0.3818203558732276,-0.7201256
0.26557121732411193,0.06300000073790883,-0.3818203558732276,-0.7215501
0.26557121732411193,0.06499999973044901,-0.3818203558732276,-0.72319186
0.26557121732411193,0.06699999872298919,-0.3818203558732276,-0.72504014
0.26557121732411193,0.06899999771552937,-0.3818203558732276,-0.727044
0.259629106525763,0.0010000000036590455,-0.3784258344640625,-0.62624735
0.259629106525763,0.003000000010977137,-0.3784258344640625,-0.6298061
0.259629106525763,0.004999999916817437,-0.3784258344640625,-0.6418444
0.259629106525763,0.006999999924135528,-0.3784258344640625,-0.6565154
0.259629106525763,0.008999999931453619,-0.3784258344640625,-0.67390627
0.259629106525763,0.010999999735816128,-0.3784258344640625,-0.6910007
0.259629106525763,0.012999999540178638,-0.3784258344640625,-0.70503014
0.259629106525763,0.014999999750452311,-0.3784258344640625,-0.7122656
0.259629106525763,0.01700000036663715,-0.3784258344640625,-0.7123353
0.259629106525763,0.01900000017099966,-0.3784258344640625,-0.7076737
0.259629106525763,0.020999999975362168,-0.3784258344640625,-0.7017888
0.259629106525763,0.022999999779724677,-0.3784258344640625,-0.6982728
0.259629106525763,0.024999999584087183,-0.3784258344640625,-0.6960765
0.259629106525763,0.026999999388449693,-0.3784258344640625,-0.6946592
0.259629106525763,0.02900000000463453,-0.3784258344640625,-0.6953191
0.259629106525763,0.031000000620819368,-0.3784258344640625,-0.6935008
0.259629106525763,0.03299999961335955,-0.3784258344640625,-0.6891806
0.259629106525763,0.03500000022954439,-0.3784258344640625,-0.68769264
0.259629106525763,0.03700000084572922,-0.3784258344640625,-0.6910864
0.259629106525763,0.038999999838269406,-0.3784258344640625,-0.69546586
0.259629106525763,0.04100000045445424,-0.3784258344640625,-0.6981425
0.259629106525763,0.04300000107063908,-0.3784258344640625,-0.69883305
0.259629106525763,0.04500000006317926,-0.3784258344640625,-0.69832796
0.259629106525763,0.046999999055719444,-0.3784258344640625,-0.69793105
0.259629106525763,0.04899999967190428,-0.3784258344640625,-0.69803923
0.259629106525763,0.05100000028808912,-0.3784258344640625,-0.6981426
0.259629106525763,0.0529999992806293,-0.3784258344640625,-0.6990733
0.259629106525763,0.05499999827316948,-0.3784258344640625,-0.700075
0.259629106525763,0.05699999726570966,-0.3784258344640625,-0.7011292
0.259629106525763,0.05899999950553916,-0.3784258344640625,-0.70225966
0.259629106525763,0.06100000174536865,-0.3784258344640625,-0.7035448
0.259629106525763,0.06300000073790883,-0.3784258344640625,-0.70504475
0.259629106525763,0.06499999973044901,-0.3784258344640625,-0.7067578
0.259629106525763,0.06699999872298919,-0.3784258344640625,-0.7086703
0.259629106525763,0.06899999771552937,-0.3784258344640625,-0.7107244
0.25371635122279246,0.0010000000036590455,-0.37498051246090414,-0.6087513
0.25371635122279246,0.003000000010977137,-0.37498051246090414,-0.6123012
0.25371635122279246,0.004999999916817437,-0.37498051246090414,-0.62444675
0.25371635122279246,0.006999999924135528,-0.37498051246090414,-0.6393237
0.25371635122279246,0.008999999931453619,-0.37498051246090414,-0.65692765
0.25371635122279246,0.010999999735816128,-0.37498051246090414,-0.67411226
0.25371635122279246,0.012999999540178638,-0.37498051246090414,-0.6880379
0.25371635122279246,0.014999999750452311,-0.37498051246090414,-0.69497275
0.25371635122279246,0.01700000036663715,-0.37498051246090414,-0.69463915
0.25371635122279246,0.01900000017099966,-0.37498051246090414,-0.689769
0.25371635122279246,0.020999999975362168,-0.37498051246090414,-0.6839017
0.25371635122279246,0.022999999779724677,-0.37498051246090414,-0.6805841
0.25371635122279246,0.024999999584087183,-0.37498051246090414,-0.6783881
0.25371635122279246,0.026999999388449693,-0.37498051246090414,-0.6772055
0.25371635122279246,0.02900000000463453,-0.37498051246090414,-0.67789924
0.25371635122279246,0.031000000620819368,-0.37498051246090414,-0.675807
0.25371635122279246,0.03299999961335955,-0.37498051246090414,-0.67147833
0.25371635122279246,0.03500000022954439,-0.37498051246090414,-0.6705388
0.25371635122279246,0.03700000084572922,-0.37498051246090414,-0.6743297
0.25371635122279246,0.038999999838269406,-0.37498051246090414,-0.67856425
0.25371635122279246,0.04100000045445424,-0.37498051246090414,-0.6809879
0.25371635122279246,0.04300000107063908,-0.37498051246090414,-0.6815085
0.25371635122279246,0.04500000006317926,-0.37498051246090414,-0.6809287
0.25371635122279246,0.046999999055719444,-0.37498051246090414,-0.680645
0.25371635122279246,0.04899999967190428,-0.37498051246090414,-0.6808083
0.25371635122279246,0.05100000028808912,-0.37498051246090414,-0.68103904
0.25371635122279246,0.0529999992806293,-0.37498051246090414,-0.68202347
0.25371635122279246,0.05499999827316948,-0.37498051246090414,-0.68306184
0.25371635122279246,0.05699999726570966,-0.37498051246090414,-0.68412864
0.25371635122279246,0.05899999950553916,-0.37498051246090414,-0.6852975
0.25371635122279246,0.06100000174536865,-0.37498051246090414,-0.68663526
0.25371635122279246,0.06300000073790883,-0.37498051246090414,-0.6881935
0.25371635122279246,0.06499999973044901,-0.37498051246090414,-0.6899662
0.25371635122279246,0.06699999872298919,-0.37498051246090414,-0.69193155
0.25371635122279246,0.06899999771552937,-0.37498051246090414,-0.69403076
0.24783357489474814,0.0010000000036590455,-0.37148423399386543,-0.5925216
0.24783357489474814,0.003000000010977137,-0.37148423399386543,-0.59610254
0.24783357489474814,0.004999999916817437,-0.37148423399386543,-0.6084338
0.24783357489474814,0.006999999924135528,-0.37148423399386543,-0.6235697
0.24783357489474814,0.008999999931453619,-0.37148423399386543,-0.6414318
0.24783357489474814,0.010999999735816128,-0.37148423399386543,-0.65871906
0.24783357489474814,0.012999999540178638,-0.37148423399386543,-0.6725438
0.24783357489474814,0.014999999750452311,-0.37148423399386543,-0.67916036
0.24783357489474814,0.01700000036663715,-0.37148423399386543,-0.67836493
0.24783357489474814,0.01900000017099966,-0.37148423399386543,-0.67317426
0.24783357489474814,0.020999999975362168,-0.37148423399386543,-0.6672642
0.24783357489474814,0.022999999779724677,-0.37148423399386543,-0.6640085
0.24783357489474814,0.024999999584087183,-0.37148423399386543,-0.66179514
0.24783357489474814,0.026999999388449693,-0.37148423399386543,-0.6608677
0.24783357489474814,0.02900000000463453,-0.37148423399386543,-0.66161126
0.24783357489474814,0.031000000620819368,-0.37148423399386543,-0.65928006
0.24783357489474814,0.03299999961335955,-0.37148423399386543,-0.65500575
0.24783357489474814,0.03500000022954439,-0.37148423399386543,-0.65470845
0.24783357489474814,0.03700000084572922,-0.37148423399386543,-0.65894234
0.24783357489474814,0.038999999838269406,-0.37148423399386543,-0.66303307
0.24783357489474814,0.04100000045445424,-0.37148423399386543,-0.6652158
0.24783357489474814,0.04300000107063908,-0.37148423399386543,-0.66551435
0.24783357489474814,0.04500000006317926,-0.37148423399386543,-0.6648549
0.24783357489474814,0.046999999055719444,-0.37148423399386543,-0.66458124
0.24783357489474814,0.04899999967190428,-0.37148423399386543,-0.6647054
0.24783357489474814,0.05100000028808912,-0.37148423399386543,-0.6650708
0.24783357489474814,0.0529999992806293,-0.37148423399386543,-0.6660704
0.24783357489474814,0.05499999827316948,-0.37148423399386543,-0.6671697
0.24783357489474814,0.05699999726570966,-0.37148423399386543,-0.66826165
0.24783357489474814,0.05899999950553916,-0.37148423399386543,-0.66946775
0.24783357489474814,0.06100000174536865,-0.37148423399386543,-0.6708459
0.24783357489474814,0.06300000073790883,-0.37148423399386543,-0.6724392
0.24783357489474814,0.06499999973044901,-0.37148423399386543,-0.67423874
0.24783357489474814,0.06699999872298919,-0.37148423399386543,-0.6762224
0.24783357489474814,0.06899999771552937,-0.37148423399386543,-0.6783414
0.2419834792863375,0.0010000000036590455,-0.36793349199048975,-0.5752669
0.2419834792863375,0.003000000010977137,-0.36793349199048975,-0.5789845
0.2419834792863375,0.004999999916817437,-0.36793349199048975,-0.591578
0.2419834792863375,0.006999999924135528,-0.36793349199048975,-0.6070788
0.2419834792863375,0.008999999931453619,-0.36793349199048975,-0.62530386
0.2419834792863375,0.010999999735816128,-0.36793349199048975,-0.64274144
0.2419834792863375,0.012999999540178638,-0.36793349199048975,-0.6564829
0.2419834792863375,0.014999999750452311,-0.36793349199048975,-0.6627434
0.2419834792863375,0.01700000036663715,-0.36793349199048975,-0.66145605
0.2419834792863375,0.01900000017099966,-0.36793349199048975,-0.65587795
0.2419834792863375,0.020999999975362168,-0.36793349199048975,-0.64980257
0.2419834792863375,0.022999999779724677,-0.36793349199048975,-0.6465598
0.2419834792863375,0.024999999584087183,-0.36793349199048975,-0.64442956
0.2419834792863375,0.026999999388449693,-0.36793349199048975,-0.6437805
0.2419834792863375,0.02900000000463453,-0.36793349199048975,-0.64460826
0.2419834792863375,0.031000000620819368,-0.36793349199048975,-0.6420411
0.2419834792863375,0.03299999961335955,-0.36793349199048975,-0.6379992
0.2419834792863375,0.03500000022954439,-0.36793349199048975,-0.6383985
0.2419834792863375,0.03700000084572922,-0.36793349199048975,-0.64290065
0.2419834792863375,0.038999999838269406,-0.36793349199048975,-0.6467448
0.2419834792863375,0.04100000045445424,-0.36793349199048975,-0.648601
0.2419834792863375,0.04300000107063908,-0.36793349199048975,-0.6486411
0.2419834792863375,0.04500000006317926,-0.36793349199048975,-0.6479253
0.2419834792863375,0.046999999055719444,-0.36793349199048975,-0.6477874
0.2419834792863375,0.04899999967190428,-0.36793349199048975,-0.6479179
0.2419834792863375,0.05100000028808912,-0.36793349199048975,-0.64844215
0.2419834792863375,0.0529999992806293,-0.36793349199048975,-0.64939666
0.2419834792863375,0.05499999827316948,-0.36793349199048975,-0.65048665
0.2419834792863375,0.05699999726570966,-0.36793349199048975,-0.6515572
0.2419834792863375,0.05899999950553916,-0.36793349199048975,-0.6527732
0.2419834792863375,0.06100000174536865,-0.36793349199048975,-0.6541815
0.2419834792863375,0.06300000073790883,-0.36793349199048975,-0.65582496
0.2419834792863375,0.06499999973044901,-0.36793349199048975,-0.6576927
0.2419834792863375,0.06699999872298919,-0.36793349199048975,-0.65974706
0.2419834792863375,0.06899999771552937,-0.36793349199048975,-0.66193396
0.236170506689339,0.0010000000036590455,-0.3643222984492862,-0.5539059
0.236170506689339,0.003000000010977137,-0.3643222984492862,-0.55731237
0.236170506689339,0.004999999916817437,-0.3643222984492862,-0.56975704
0.236170506689339,0.006999999924135528,-0.3643222984492862,-0.5853308
0.236170506689339,0.008999999931453619,-0.3643222984492862,-0.6037811
0.236170506689339,0.010999999735816128,-0.3643222984492862,-0.6213976
0.236170506689339,0.012999999540178638,-0.3643222984492862,-0.6352888
0.236170506689339,0.014999999750452311,-0.3643222984492862,-0.6415287
0.236170506689339,0.01700000036663715,-0.3643222984492862,-0.6401642
0.236170506689339,0.01900000017099966,-0.3643222984492862,-0.6345416
0.236170506689339,0.020999999975362168,-0.3643222984492862,-0.6287962
0.236170506689339,0.022999999779724677,-0.3643222984492862,-0.6258144
0.236170506689339,0.024999999584087183,-0.3643222984492862,-0.6237364
0.236170506689339,0.026999999388449693,-0.3643222984492862,-0.62324315
0.236170506689339,0.02900000000463453,-0.3643222984492862,-0.6237798
0.236170506689339,0.031000000620819368,-0.3643222984492862,-0.6204811
0.236170506689339,0.03299999961335955,-0.3643222984492862,-0.61627954
0.236170506689339,0.03500000022954439,-0.3643222984492862,-0.61708045
0.236170506689339,0.03700000084572922,-0.3643222984492862,-0.62184244
0.236170506689339,0.038999999838269406,-0.3643222984492862,-0.6256933
0.236170506689339,0.04100000045445424,-0.3643222984492862,-0.627478
0.236170506689339,0.04300000107063908,-0.3643222984492862,-0.62751365
0.236170506689339,0.04500000006317926,-0.3643222984492862,-0.6268979
0.236170506689339,0.046999999055719444,-0.3643222984492862,-0.6268794
0.236170506689339,0.04899999967190428,-0.3643222984492862,-0.6269911
0.236170506689339,0.05100000028808912,-0.3643222984492862,-0.62771714
0.236170506689339,0.0529999992806293,-0.3643222984492862,-0.6287204
0.236170506689339,0.05499999827316948,-0.3643222984492862,-0.6299186
0.236170506689339,0.05699999726570966,-0.3643222984492862,-0.63108087
0.236170506689339,0.05899999950553916,-0.3643222984492862,-0.63238984
0.236170506689339,0.06100000174536865,-0.3643222984492862,-0.6338876
0.236170506689339,0.06300000073790883,-0.3643222984492862,-0.63559854
0.236170506689339,0.06499999973044901,-0.3643222984492862,-0.6375
0.236170506689339,0.06699999872298919,-0.3643222984492862,-0.63956046
0.236170506689339,0.06899999771552937,-0.3643222984492862,-0.6417452
0.23039360498201564,0.0010000000036590455,-0.3606537058222078,-0.5347821
0.23039360498201564,0.003000000010977137,-0.3606537058222078,-0.53811485
0.23039360498201564,0.004999999916817437,-0.3606537058222078,-0.55062425
0.23039360498201564,0.006999999924135528,-0.3606537058222078,-0.5663854
0.23039360498201564,0.008999999931453619,-0.3606537058222078,-0.5850516
0.23039360498201564,0.010999999735816128,-0.3606537058222078,-0.6027534
0.23039360498201564,0.012999999540178638,-0.3606537058222078,-0.6165992
0.23039360498201564,0.014999999750452311,-0.3606537058222078,-0.6225757
0.23039360498201564,0.01700000036663715,-0.3606537058222078,-0.6209229
0.23039360498201564,0.01900000017099966,-0.3606537058222078,-0.61523783
0.23039360498201564,0.020999999975362168,-0.3606537058222078,-0.6095827
0.23039360498201564,0.022999999779724677,-0.3606537058222078,-0.6066717
0.23039360498201564,0.024999999584087183,-0.3606537058222078,-0.6044751
0.23039360498201564,0.026999999388449693,-0.3606537058222078,-0.60416996
0.23039360498201564,0.02900000000463453,-0.3606537058222078,-0.6044265
0.23039360498201564,0.031000000620819368,-0.3606537058222078,-0.6006628
0.23039360498201564,0.03299999961335955,-0.3606537058222078,-0.59665316
0.23039360498201564,0.03500000022954439,-0.3606537058222078,-0.59805995
0.23039360498201564,0.03700000084572922,-0.3606537058222078,-0.60303026
0.23039360498201564,0.038999999838269406,-0.3606537058222078,-0.60676754
0.23039360498201564,0.04100000045445424,-0.3606537058222078,-0.60832286
0.23039360498201564,0.04300000107063908,-0.3606537058222078,-0.6082074
0.23039360498201564,0.04500000006317926,-0.3606537058222078,-0.60767573
0.23039360498201564,0.046999999055719444,-0.3606537058222078,-0.6077755
0.23039360498201564,0.04899999967190428,-0.3606537058222078,-0.6078714
0.23039360498201564,0.05100000028808912,-0.3606537058222078,-0.60878533
0.23039360498201564,0.0529999992806293,-0.3606537058222078,-0.60984534
0.23039360498201564,0.05499999827316948,-0.3606537058222078,-0.61107415
0.23039360498201564,0.05699999726570966,-0.3606537058222078,-0.6122882
0.23039360498201564,0.05899999950553916,-0.3606537058222078,-0.6136568
0.23039360498201564,0.06100000174536865,-0.3606537058222078,-0.615221
0.23039360498201564,0.06300000073790883,-0.3606537058222078,-0.61698914
0.23039360498201564,0.06499999973044901,-0.3606537058222078,-0.6189456
0.23039360498201564,0.06699999872298919,-0.3606537058222078,-0.62104833
0.23039360498201564,0.06899999771552937,-0.3606537058222078,-0.62327
0.224650124376289,0.0010000000036590455,-0.3569330916203548,-0.5153781
0.224650124376289,0.003000000010977137,-0.3569330916203548,-0.5186851
0.224650124376289,0.004999999916817437,-0.3569330916203548,-0.531305
0.224650124376289,0.006999999924135528,-0.3569330916203548,-0.5472898
0.224650124376289,0.008999999931453619,-0.3569330916203548,-0.5661835
0.224650124376289,0.010999999735816128,-0.3569330916203548,-0.5839336
0.224650124376289,0.012999999540178638,-0.3569330916203548,-0.5976206
0.224650124376289,0.014999999750452311,-0.3569330916203548,-0.6031942
0.224650124376289,0.01700000036663715,-0.3569330916203548,-0.6011802
0.224650124376289,0.01900000017099966,-0.3569330916203548,-0.5953131
0.224650124376289,0.020999999975362168,-0.3569330916203548,-0.5898024
0.224650124376289,0.022999999779724677,-0.3569330916203548,-0.5869461
0.224650124376289,0.024999999584087183,-0.3569330916203548,-0.58479476
0.224650124376289,0.026999999388449693,-0.3569330916203548,-0.58482563
0.224650124376289,0.02900000000463453,-0.3569330916203548,-0.58486944
0.224650124376289,0.031000000620819368,-0.3569330916203548,-0.58085334
0.224650124376289,0.03299999961335955,-0.3569330916203548,-0.5772056
0.224650124376289,0.03500000022954439,-0.3569330916203548,-0.57920456
0.224650124376289,0.03700000084572922,-0.3569330916203548,-0.5842646
0.224650124376289,0.038999999838269406,-0.3569330916203548,-0.58779633
0.224650124376289,0.04100000045445424,-0.3569330916203548,-0.58907425
0.224650124376289,0.04300000107063908,-0.3569330916203548,-0.58881986
0.224650124376289,0.04500000006317926,-0.3569330916203548,-0.5883865
0.224650124376289,0.046999999055719444,-0.3569330916203548,-0.5885629
0.224650124376289,0.04899999967190428,-0.3569330916203548,-0.58872634
0.224650124376289,0.05100000028808912,-0.3569330916203548,-0.5897771
0.224650124376289,0.0529999992806293,-0.3569330916203548,-0.5908877
0.224650124376289,0.05499999827316948,-0.3569330916203548,-0.59208727
0.224650124376289,0.05699999726570966,-0.3569330916203548,-0.5933427
0.224650124376289,0.05899999950553916,-0.3569330916203548,-0.5947545
0.224650124376289,0.06100000174536865,-0.3569330916203548,-0.5963708
0.224650124376289,0.06300000073790883,-0.3569330916203548,-0.59818983
0.224650124376289,0.06499999973044901,-0.3569330916203548,-0.6001945
0.224650124376289,0.06699999872298919,-0.3569330916203548,-0.60233706
0.224650124376289,0.06899999771552937,-0.3569330916203548,-0.6045996
0.2189409416402733,0.0010000000036590455,-0.3531600142123809,-0.49750045
0.2189409416402733,0.003000000010977137,-0.3531600142123809,-0.50086987
0.2189409416402733,0.004999999916817437,-0.3531600142123809,-0.51370084
0.2189409416402733,0.006999999924135528,-0.3531600142123809,-0.5299776
0.2189409416402733,0.008999999931453619,-0.3531600142123809,-0.5491512
0.2189409416402733,0.010999999735816128,-0.3531600142123809,-0.5669743
0.2189409416402733,0.012999999540178638,-0.3531600142123809,-0.5805192
0.2189409416402733,0.014999999750452311,-0.3531600142123809,-0.5856576
0.2189409416402733,0.01700000036663715,-0.3531600142123809,-0.5832065
0.2189409416402733,0.01900000017099966,-0.3531600142123809,-0.5770464
0.2189409416402733,0.020999999975362168,-0.3531600142123809,-0.5715414
0.2189409416402733,0.022999999779724677,-0.3531600142123809,-0.56869316
0.2189409416402733,0.024999999584087183,-0.3531600142123809,-0.56662977
0.2189409416402733,0.026999999388449693,-0.3531600142123809,-0.5669806
0.2189409416402733,0.02900000000463453,-0.3531600142123809,-0.56689656
0.2189409416402733,0.031000000620819368,-0.3531600142123809,-0.5627005
0.2189409416402733,0.03299999961335955,-0.3531600142123809,-0.55945015
0.2189409416402733,0.03500000022954439,-0.3531600142123809,-0.56209004
0.2189409416402733,0.03700000084572922,-0.3531600142123809,-0.5671991
0.2189409416402733,0.038999999838269406,-0.3531600142123809,-0.57050806
0.2189409416402733,0.04100000045445424,-0.3531600142123809,-0.57152545
0.2189409416402733,0.04300000107063908,-0.3531600142123809,-0.5711074
0.2189409416402733,0.04500000006317926,-0.3531600142123809,-0.57064915
0.2189409416402733,0.046999999055719444,-0.3531600142123809,-0.5708142
0.2189409416402733,0.04899999967190428,-0.3531600142123809,-0.57103467
0.2189409416402733,0.05100000028808912,-0.3531600142123809,-0.5721219
0.2189409416402733,0.0529999992806293,-0.3531600142123809,-0.5732767
0.2189409416402733,0.05499999827316948,-0.3531600142123809,-0.5744732
0.2189409416402733,0.05699999726570966,-0.3531600142123809,-0.5757518
0.2189409416402733,0.05899999950553916,-0.3531600142123809,-0.5771942
0.2189409416402733,0.06100000174536865,-0.3531600142123809,-0.57884413
0.2189409416402733,0.06300000073790883,-0.3531600142123809,-0.5806873
0.2189409416402733,0.06499999973044901,-0.3531600142123809,-0.58270967
0.2189409416402733,0.06699999872298919,-0.3531600142123809,-0.58487254
0.2189409416402733,0.06899999771552937,-0.3531600142123809,-0.587168
0.21326998599403574,0.0010000000036590455,-0.3493296546209474,-0.47721735
0.21326998599403574,0.003000000010977137,-0.3493296546209474,-0.48063797
0.21326998599403574,0.004999999916817437,-0.3493296546209474,-0.4936808
0.21326998599403574,0.006999999924135528,-0.3493296546209474,-0.5103204
0.21326998599403574,0.008999999931453619,-0.3493296546209474,-0.52985656
0.21326998599403574,0.010999999735816128,-0.3493296546209474,-0.54782444
0.21326998599403574,0.012999999540178638,-0.3493296546209474,-0.56130195
0.21326998599403574,0.014999999750452311,-0.3493296546209474,-0.5660333
0.21326998599403574,0.01700000036663715,-0.3493296546209474,-0.5632238
0.21326998599403574,0.01900000017099966,-0.3493296546209474,-0.5567327
0.21326998599403574,0.020999999975362168,-0.3493296546209474,-0.5511955
0.21326998599403574,0.022999999779724677,-0.3493296546209474,-0.5483965
0.21326998599403574,0.024999999584087183,-0.3493296546209474,-0.5464506
0.21326998599403574,0.026999999388449693,-0.3493296546209474,-0.5471285
0.21326998599403574,0.02900000000463453,-0.3493296546209474,-0.54678226
0.21326998599403574,0.031000000620819368,-0.3493296546209474,-0.5423513
0.21326998599403574,0.03299999961335955,-0.3493296546209474,-0.5395782
0.21326998599403574,0.03500000022954439,-0.3493296546209474,-0.5428378
0.21326998599403574,0.03700000084572922,-0.3493296546209474,-0.5478894
0.21326998599403574,0.038999999838269406,-0.3493296546209474,-0.5509258
0.21326998599403574,0.04100000045445424,-0.3493296546209474,-0.5516926
0.21326998599403574,0.04300000107063908,-0.3493296546209474,-0.55112976
0.21326998599403574,0.04500000006317926,-0.3493296546209474,-0.5508233
0.21326998599403574,0.046999999055719444,-0.3493296546209474,-0.5510598
0.21326998599403574,0.04899999967190428,-0.3493296546209474,-0.5513859
0.21326998599403574,0.05100000028808912,-0.3493296546209474,-0.5524973
0.21326998599403574,0.0529999992806293,-0.3493296546209474,-0.5536393
0.21326998599403574,0.05499999827316948,-0.3493296546209474,-0.5548157
0.21326998599403574,0.05699999726570966,-0.3493296546209474,-0.55610454
0.21326998599403574,0.05899999950553916,-0.3493296546209474,-0.5575702
0.21326998599403574,0.06100000174536865,-0.3493296546209474,-0.5592578
0.21326998599403574,0.06300000073790883,-0.3493296546209474,-0.5611545
0.21326998599403574,0.06499999973044901,-0.3493296546209474,-0.5632325
0.21326998599403574,0.06699999872298919,-0.3493296546209474,-0.56544524
0.21326998599403574,0.06899999771552937,-0.3493296546209474,-0.567789
0.20764149190283887,0.0010000000036590455,-0.3454371938687156,-0.4543569
0.20764149190283887,0.003000000010977137,-0.3454371938687156,-0.45747715
0.20764149190283887,0.004999999916817437,-0.3454371938687156,-0.47039255
0.20764149190283887,0.006999999924135528,-0.3454371938687156,-0.4871378
0.20764149190283887,0.008999999931453619,-0.3454371938687156,-0.5069082
0.20764149190283887,0.010999999735816128,-0.3454371938687156,-0.5250595
0.20764149190283887,0.012999999540178638,-0.3454371938687156,-0.5386202
0.20764149190283887,0.014999999750452311,-0.3454371938687156,-0.54319996
0.20764149190283887,0.01700000036663715,-0.3454371938687156,-0.54037917
0.20764149190283887,0.01900000017099966,-0.3454371938687156,-0.53390217
0.20764149190283887,0.020999999975362168,-0.3454371938687156,-0.5287429
0.20764149190283887,0.022999999779724677,-0.3454371938687156,-0.52606446
0.20764149190283887,0.024999999584087183,-0.3454371938687156,-0.5241063
0.20764149190283887,0.026999999388449693,-0.3454371938687156,-0.52493614
0.20764149190283887,0.02900000000463453,-0.3454371938687156,-0.523997
0.20764149190283887,0.031000000620819368,-0.3454371938687156,-0.5189957
0.20764149190283887,0.03299999961335955,-0.3454371938687156,-0.5164533
0.20764149190283887,0.03500000022954439,-0.3454371938687156,-0.5201903
0.20764149190283887,0.03700000084572922,-0.3454371938687156,-0.52523077
0.20764149190283887,0.038999999838269406,-0.3454371938687156,-0.5282246
0.20764149190283887,0.04100000045445424,-0.3454371938687156,-0.52898455
0.20764149190283887,0.04300000107063908,-0.3454371938687156,-0.52840716
0.20764149190283887,0.04500000006317926,-0.3454371938687156,-0.5282108
0.20764149190283887,0.046999999055719444,-0.3454371938687156,-0.52848554
0.20764149190283887,0.04899999967190428,-0.3454371938687156,-0.5289534
0.20764149190283887,0.05100000028808912,-0.3454371938687156,-0.53011674
0.20764149190283887,0.0529999992806293,-0.3454371938687156,-0.531363
0.20764149190283887,0.05499999827316948,-0.3454371938687156,-0.53262377
0.20764149190283887,0.05699999726570966,-0.3454371938687156,-0.5340071
0.20764149190283887,0.05899999950553916,-0.3454371938687156,-0.5355636
0.20764149190283887,0.06100000174536865,-0.3454371938687156,-0.5373211
0.20764149190283887,0.06300000073790883,-0.3454371938687156,-0.53925955
0.20764149190283887,0.06499999973044901,-0.3454371938687156,-0.5413535
0.20764149190283887,0.06699999872298919,-0.3454371938687156,-0.5435743
0.20764149190283887,0.06899999771552937,-0.3454371938687156,-0.545929
0.20205360841177497,0.0010000000036590455,-0.34148673652937556,-0.43305188
0.20205360841177497,0.003000000010977137,-0.34148673652937556,-0.4360907
0.20205360841177497,0.004999999916817437,-0.34148673652937556,-0.4490857
0.20205360841177497,0.006999999924135528,-0.34148673652937556,-0.46603125
0.20205360841177497,0.008999999931453619,-0.34148673652937556,-0.48602772
0.20205360841177497,0.010999999735816128,-0.34148673652937556,-0.50425667
0.20205360841177497,0.012999999540178638,-0.34148673652937556,-0.5176942
0.20205360841177497,0.014999999750452311,-0.34148673652937556,-0.521957
0.20205360841177497,0.01700000036663715,-0.34148673652937556,-0.5189076
0.20205360841177497,0.01900000017099966,-0.34148673652937556,-0.51235265
0.20205360841177497,0.020999999975362168,-0.34148673652937556,-0.5073308
0.20205360841177497,0.022999999779724677,-0.34148673652937556,-0.50468403
0.20205360841177497,0.024999999584087183,-0.34148673652937556,-0.50276047
0.20205360841177497,0.026999999388449693,-0.34148673652937556,-0.5036662
0.20205360841177497,0.02900000000463453,-0.34148673652937556,-0.5022897
0.20205360841177497,0.031000000620819368,-0.34148673652937556,-0.49696323
0.20205360841177497,0.03299999961335955,-0.34148673652937556,-0.4949405
0.20205360841177497,0.03500000022954439,-0.34148673652937556,-0.49921554
0.20205360841177497,0.03700000084572922,-0.34148673652937556,-0.5041746
0.20205360841177497,0.038999999838269406,-0.34148673652937556,-0.5069482
0.20205360841177497,0.04100000045445424,-0.34148673652937556,-0.50748485
0.20205360841177497,0.04300000107063908,-0.34148673652937556,-0.5068941
0.20205360841177497,0.04500000006317926,-0.34148673652937556,-0.5068328
0.20205360841177497,0.046999999055719444,-0.34148673652937556,-0.5071221
0.20205360841177497,0.04899999967190428,-0.34148673652937556,-0.50775194
0.20205360841177497,0.05100000028808912,-0.34148673652937556,-0.50893414
0.20205360841177497,0.0529999992806293,-0.34148673652937556,-0.5102381
0.20205360841177497,0.05499999827316948,-0.34148673652937556,-0.51153105
0.20205360841177497,0.05699999726570966,-0.34148673652937556,-0.51296645
0.20205360841177497,0.05899999950553916,-0.34148673652937556,-0.5145823
0.20205360841177497,0.06100000174536865,-0.34148673652937556,-0.5163943
0.20205360841177497,0.06300000073790883,-0.34148673652937556,-0.518386
0.20205360841177497,0.06499999973044901,-0.34148673652937556,-0.52052253
0.20205360841177497,0.06699999872298919,-0.34148673652937556,-0.52278703
0.20205360841177497,0.06899999771552937,-0.34148673652937556,-0.52518535
0.1965041078803762,0.0010000000036590455,-0.3374825950031334,-0.41159752
0.1965041078803762,0.003000000010977137,-0.3374825950031334,-0.41459054
0.1965041078803762,0.004999999916817437,-0.3374825950031334,-0.42769733
0.1965041078803762,0.006999999924135528,-0.3374825950031334,-0.4448684
0.1965041078803762,0.008999999931453619,-0.3374825950031334,-0.4650683
0.1965041078803762,0.010999999735816128,-0.3374825950031334,-0.48332196
0.1965041078803762,0.012999999540178638,-0.3374825950031334,-0.4965238
0.1965041078803762,0.014999999750452311,-0.3374825950031334,-0.50038236
0.1965041078803762,0.01700000036663715,-0.3374825950031334,-0.49703875
0.1965041078803762,0.01900000017099966,-0.3374825950031334,-0.49036792
0.1965041078803762,0.020999999975362168,-0.3374825950031334,-0.48555297
0.1965041078803762,0.022999999779724677,-0.3374825950031334,-0.48289865
0.1965041078803762,0.024999999584087183,-0.3374825950031334,-0.481134
0.1965041078803762,0.026999999388449693,-0.3374825950031334,-0.48218092
0.1965041078803762,0.02900000000463453,-0.3374825950031334,-0.48045614
0.1965041078803762,0.031000000620819368,-0.3374825950031334,-0.47505844
0.1965041078803762,0.03299999961335955,-0.3374825950031334,-0.47369853
0.1965041078803762,0.03500000022954439,-0.3374825950031334,-0.47843626
0.1965041078803762,0.03700000084572922,-0.3374825950031334,-0.4832001
0.1965041078803762,0.038999999838269406,-0.3374825950031334,-0.48568735
0.1965041078803762,0.04100000045445424,-0.3374825950031334,-0.4860248
0.1965041078803762,0.04300000107063908,-0.3374825950031334,-0.4854437
0.1965041078803762,0.04500000006317926,-0.3374825950031334,-0.4854899
0.1965041078803762,0.046999999055719444,-0.3374825950031334,-0.4857511
0.1965041078803762,0.04899999967190428,-0.3374825950031334,-0.48661405
0.1965041078803762,0.05100000028808912,-0.3374825950031334,-0.48780173
0.1965041078803762,0.0529999992806293,-0.3374825950031334,-0.48912677
0.1965041078803762,0.05499999827316948,-0.3374825950031334,-0.4904446
0.1965041078803762,0.05699999726570966,-0.3374825950031334,-0.4919184
0.1965041078803762,0.05899999950553916,-0.3374825950031334,-0.49358273
0.1965041078803762,0.06100000174536865,-0.3374825950031334,-0.4954413
0.1965041078803762,0.06300000073790883,-0.3374825950031334,-0.4974767
0.1965041078803762,0.06499999973044901,-0.3374825950031334,-0.49965084
0.1965041078803762,0.06699999872298919,-0.3374825950031334,-0.501939
0.1965041078803762,0.06899999771552937,-0.3374825950031334,-0.5043604
0.19099375666892013,0.0010000000036590455,-0.33342466537673104,-0.39222008
0.19099375666892013,0.003000000010977137,-0.33342466537673104,-0.39531133
0.19099375666892013,0.004999999916817437,-0.33342466537673104,-0.40868413
0.19099375666892013,0.006999999924135528,-0.33342466537673104,-0.42621726
0.19099375666892013,0.008999999931453619,-0.33342466537673104,-0.44670564
0.19099375666892013,0.010999999735816128,-0.33342466537673104,-0.46503112
0.19099375666892013,0.012999999540178638,-0.33342466537673104,-0.47798744
0.19099375666892013,0.014999999750452311,-0.33342466537673104,-0.48137328
0.19099375666892013,0.01700000036663715,-0.33342466537673104,-0.47759864
0.19099375666892013,0.01900000017099966,-0.33342466537673104,-0.47062138
0.19099375666892013,0.020999999975362168,-0.33342466537673104,-0.4658313
0.19099375666892013,0.022999999779724677,-0.33342466537673104,-0.4631258
0.19099375666892013,0.024999999584087183,-0.33342466537673104,-0.46156573
0.19099375666892013,0.026999999388449693,-0.33342466537673104,-0.46283516
0.19099375666892013,0.02900000000463453,-0.33342466537673104,-0.46088153
0.19099375666892013,0.031000000620819368,-0.33342466537673104,-0.455542
0.19099375666892013,0.03299999961335955,-0.33342466537673104,-0.4549475
0.19099375666892013,0.03500000022954439,-0.33342466537673104,-0.46013114
0.19099375666892013,0.03700000084572922,-0.33342466537673104,-0.46465802
0.19099375666892013,0.038999999838269406,-0.33342466537673104,-0.46678334
0.19099375666892013,0.04100000045445424,-0.33342466537673104,-0.46685183
0.19099375666892013,0.04300000107063908,-0.33342466537673104,-0.4661938
0.19099375666892013,0.04500000006317926,-0.33342466537673104,-0.46622768
0.19099375666892013,0.046999999055719444,-0.33342466537673104,-0.46643153
0.19099375666892013,0.04899999967190428,-0.33342466537673104,-0.4674002
0.19099375666892013,0.05100000028808912,-0.33342466537673104,-0.46858063
0.19099375666892013,0.0529999992806293,-0.33342466537673104,-0.46989697
0.19099375666892013,0.05499999827316948,-0.33342466537673104,-0.4712264
0.19099375666892013,0.05699999726570966,-0.33342466537673104,-0.47271636
0.19099375666892013,0.05899999950553916,-0.33342466537673104,-0.47440746
0.19099375666892013,0.06100000174536865,-0.33342466537673104,-0.47628835
0.19099375666892013,0.06300000073790883,-0.33342466537673104,-0.4783467
0.19099375666892013,0.06499999973044901,-0.33342466537673104,-0.48055196
0.19099375666892013,0.06699999872298919,-0.33342466537673104,-0.48289993
0.19099375666892013,0.06899999771552937,-0.33342466537673104,-0.485392
0.1855280037288719,0.0010000000036590455,-0.32930681676794793,-0.3688427
0.1855280037288719,0.003000000010977137,-0.32930681676794793,-0.37187114
0.1855280037288719,0.004999999916817437,-0.32930681676794793,-0.38544
0.1855280037288719,0.006999999924135528,-0.32930681676794793,-0.40328494
0.1855280037288719,0.008999999931453619,-0.32930681676794793,-0.42408413
0.1855280037288719,0.010999999735816128,-0.32930681676794793,-0.4425943
0.1855280037288719,0.012999999540178638,-0.32930681676794793,-0.45542553
0.1855280037288719,0.014999999750452311,-0.32930681676794793,-0.45851687
0.1855280037288719,0.01700000036663715,-0.32930681676794793,-0.45449796
0.1855280037288719,0.01900000017099966,-0.32930681676794793,-0.44725788
0.1855280037288719,0.020999999975362168,-0.32930681676794793,-0.4425803
0.1855280037288719,0.022999999779724677,-0.32930681676794793,-0.4399322
0.1855280037288719,0.024999999584087183,-0.32930681676794793,-0.43862158
0.1855280037288719,0.026999999388449693,-0.32930681676794793,-0.43993652
0.1855280037288719,0.02900000000463453,-0.32930681676794793,-0.43743858
0.1855280037288719,0.031000000620819368,-0.32930681676794793,-0.43208233
0.1855280037288719,0.03299999961335955,-0.32930681676794793,-0.43216974
0.1855280037288719,0.03500000022954439,-0.32930681676794793,-0.43767285
0.1855280037288719,0.03700000084572922,-0.32930681676794793,-0.44200212
0.1855280037288719,0.038999999838269406,-0.32930681676794793,-0.4438105
0.1855280037288719,0.04100000045445424,-0.32930681676794793,-0.44368306
0.1855280037288719,0.04300000107063908,-0.32930681676794793,-0.4431576
0.1855280037288719,0.04500000006317926,-0.32930681676794793,-0.44337085
0.1855280037288719,0.046999999055719444,-0.32930681676794793,-0.44359455
0.1855280037288719,0.04899999967190428,-0.32930681676794793,-0.4447243
0.1855280037288719,0.05100000028808912,-0.32930681676794793,-0.4459213
0.1855280037288719,0.0529999992806293,-0.32930681676794793,-0.44718525
0.1855280037288719,0.05499999827316948,-0.32930681676794793,-0.4485265
0.1855280037288719,0.05699999726570966,-0.32930681676794793,-0.4500389
0.1855280037288719,0.05899999950553916,-0.32930681676794793,-0.4517626
0.1855280037288719,0.06100000174536865,-0.32930681676794793,-0.45368862
0.1855280037288719,0.06300000073790883,-0.32930681676794793,-0.45579082
0.1855280037288719,0.06499999973044901,-0.32930681676794793,-0.458031
0.1855280037288719,0.06699999872298919,-0.32930681676794793,-0.46040532
0.1855280037288719,0.06899999771552937,-0.32930681676794793,-0.46292454
0.18011093415018573,0.0010000000036590455,-0.32512515242960993,-0.3445249
0.18011093415018573,0.003000000010977137,-0.32512515242960993,-0.34726405
0.18011093415018573,0.004999999916817437,-0.32512515242960993,-0.36075515
0.18011093415018573,0.006999999924135528,-0.32512515242960993,-0.37872425
0.18011093415018573,0.008999999931453619,-0.32512515242960993,-0.39974585
0.18011093415018573,0.010999999735816128,-0.32512515242960993,-0.41842848
0.18011093415018573,0.012999999540178638,-0.32512515242960993,-0.43123746
0.18011093415018573,0.014999999750452311,-0.32512515242960993,-0.43421245
0.18011093415018573,0.01700000036663715,-0.32512515242960993,-0.43015414
0.18011093415018573,0.01900000017099966,-0.32512515242960993,-0.42298928
0.18011093415018573,0.020999999975362168,-0.32512515242960993,-0.41862294
0.18011093415018573,0.022999999779724677,-0.32512515242960993,-0.4159187
0.18011093415018573,0.024999999584087183,-0.32512515242960993,-0.41471392
0.18011093415018573,0.026999999388449693,-0.32512515242960993,-0.4159229
0.18011093415018573,0.02900000000463453,-0.32512515242960993,-0.41265732
0.18011093415018573,0.031000000620819368,-0.32512515242960993,-0.407188
0.18011093415018573,0.03299999961335955,-0.32512515242960993,-0.40790448
0.18011093415018573,0.03500000022954439,-0.32512515242960993,-0.413549
0.18011093415018573,0.03700000084572922,-0.32512515242960993,-0.41781732
0.18011093415018573,0.038999999838269406,-0.32512515242960993,-0.4195076
0.18011093415018573,0.04100000045445424,-0.32512515242960993,-0.41933864
0.18011093415018573,0.04300000107063908,-0.32512515242960993,-0.41888502
0.18011093415018573,0.04500000006317926,-0.32512515242960993,-0.41915736
0.18011093415018573,0.046999999055719444,-0.32512515242960993,-0.4194619
0.18011093415018573,0.04899999967190428,-0.32512515242960993,-0.4206813
0.18011093415018573,0.05100000028808912,-0.32512515242960993,-0.42195597
0.18011093415018573,0.0529999992806293,-0.32512515242960993,-0.4232904
0.18011093415018573,0.05499999827316948,-0.32512515242960993,-0.42472255
0.18011093415018573,0.05699999726570966,-0.32512515242960993,-0.4263242
0.18011093415018573,0.05899999950553916,-0.32512515242960993,-0.42811948
0.18011093415018573,0.06100000174536865,-0.32512515242960993,-0.43009335
0.18011093415018573,0.06300000073790883,-0.32512515242960993,-0.4322247
0.18011093415018573,0.06499999973044901,-0.32512515242960993,-0.43448964
0.18011093415018573,0.06699999872298919,-0.32512515242960993,-0.43689698
0.18011093415018573,0.06899999771552937,-0.32512515242960993,-0.4394431
0.17473959289958788,0.0010000000036590455,-0.3208850109053456,-0.32111117
0.17473959289958788,0.003000000010977137,-0.3208850109053456,-0.32375592
0.17473959289958788,0.004999999916817437,-0.3208850109053456,-0.3373494
0.17473959289958788,0.006999999924135528,-0.3208850109053456,-0.35551932
0.17473959289958788,0.008999999931453619,-0.3208850109053456,-0.37674543
0.17473959289958788,0.010999999735816128,-0.3208850109053456,-0.39549378
0.17473959289958788,0.012999999540178638,-0.3208850109053456,-0.40810093
0.17473959289958788,0.014999999750452311,-0.3208850109053456,-0.41075543
0.17473959289958788,0.01700000036663715,-0.3208850109053456,-0.40647498
0.17473959289958788,0.01900000017099966,-0.3208850109053456,-0.39920107
0.17473959289958788,0.020999999975362168,-0.3208850109053456,-0.39505905
0.17473959289958788,0.022999999779724677,-0.3208850109053456,-0.39230737
0.17473959289958788,0.024999999584087183,-0.3208850109053456,-0.3912678
0.17473959289958788,0.026999999388449693,-0.3208850109053456,-0.3924274
0.17473959289958788,0.02900000000463453,-0.3208850109053456,-0.38852227
0.17473959289958788,0.031000000620819368,-0.3208850109053456,-0.38318226
0.17473959289958788,0.03299999961335955,-0.3208850109053456,-0.3845768
0.17473959289958788,0.03500000022954439,-0.3208850109053456,-0.39036193
0.17473959289958788,0.03700000084572922,-0.3208850109053456,-0.39442843
0.17473959289958788,0.038999999838269406,-0.3208850109053456,-0.3958701
0.17473959289958788,0.04100000045445424,-0.3208850109053456,-0.3955912
0.17473959289958788,0.04300000107063908,-0.3208850109053456,-0.3952767
0.17473959289958788,0.04500000006317926,-0.3208850109053456,-0.395616
0.17473959289958788,0.046999999055719444,-0.3208850109053456,-0.39602178
0.17473959289958788,0.04899999967190428,-0.3208850109053456,-0.39729622
0.17473959289958788,0.05100000028808912,-0.3208850109053456,-0.39860398
0.17473959289958788,0.0529999992806293,-0.3208850109053456,-0.39996532
0.17473959289958788,0.05499999827316948,-0.3208850109053456,-0.4014412
0.17473959289958788,0.05699999726570966,-0.3208850109053456,-0.40309697
0.17473959289958788,0.05899999950553916,-0.3208850109053456,-0.40494582
0.17473959289958788,0.06100000174536865,-0.3208850109053456,-0.40697217
0.17473959289958788,0.06300000073790883,-0.3208850109053456,-0.40915152
0.17473959289958788,0.06499999973044901,-0.3208850109053456,-0.41146964
0.17473959289958788,0.06699999872298919,-0.3208850109053456,-0.41392872
0.17473959289958788,0.06899999771552937,-0.3208850109053456,-0.4165183
0.16941238231073696,0.0010000000036590455,-0.316589600516995,-0.29761568
0.16941238231073696,0.003000000010977137,-0.316589600516995,-0.3001879
0.16941238231073696,0.004999999916817437,-0.316589600516995,-0.31388697
0.16941238231073696,0.006999999924135528,-0.316589600516995,-0.33226046
0.16941238231073696,0.008999999931453619,-0.316589600516995,-0.3536596
0.16941238231073696,0.010999999735816128,-0.316589600516995,-0.37241188
0.16941238231073696,0.012999999540178638,-0.316589600516995,-0.3847344
0.16941238231073696,0.014999999750452311,-0.316589600516995,-0.38701028
0.16941238231073696,0.01700000036663715,-0.316589600516995,-0.3824502
0.16941238231073696,0.01900000017099966,-0.316589600516995,-0.3751685
0.16941238231073696,0.020999999975362168,-0.316589600516995,-0.37118724
0.16941238231073696,0.022999999779724677,-0.316589600516995,-0.3683784
0.16941238231073696,0.024999999584087183,-0.316589600516995,-0.36763847
0.16941238231073696,0.026999999388449693,-0.316589600516995,-0.36873344
0.16941238231073696,0.02900000000463453,-0.316589600516995,-0.3643603
0.16941238231073696,0.031000000620819368,-0.316589600516995,-0.3594204
0.16941238231073696,0.03299999961335955,-0.316589600516995,-0.36150604
0.16941238231073696,0.03500000022954439,-0.316589600516995,-0.36734712
0.16941238231073696,0.03700000084572922,-0.316589600516995,-0.3711663
0.16941238231073696,0.038999999838269406,-0.316589600516995,-0.37235296
0.16941238231073696,0.04100000045445424,-0.316589600516995,-0.37197733
0.16941238231073696,0.04300000107063908,-0.316589600516995,-0.37178135
0.16941238231073696,0.04500000006317926,-0.316589600516995,-0.3721604
0.16941238231073696,0.046999999055719444,-0.316589600516995,-0.3727155
0.16941238231073696,0.04899999967190428,-0.316589600516995,-0.37402144
0.16941238231073696,0.05100000028808912,-0.316589600516995,-0.37535807
0.16941238231073696,0.0529999992806293,-0.316589600516995,-0.37673762
0.16941238231073696,0.05499999827316948,-0.316589600516995,-0.37824953
0.16941238231073696,0.05699999726570966,-0.316589600516995,-0.3799515
0.16941238231073696,0.05899999950553916,-0.316589600516995,-0.38184753
0.16941238231073696,0.06100000174536865,-0.316589600516995,-0.3839182
0.16941238231073696,0.06300000073790883,-0.316589600516995,-0.3861288
0.16941238231073696,0.06499999973044901,-0.316589600516995,-0.38846424
0.16941238231073696,0.06699999872298919,-0.316589600516995,-0.39094758
0.16941238231073696,0.06899999771552937,-0.316589600516995,-0.39356226
0.16412997781980984,0.0010000000036590455,-0.31223910311275943,-0.27669725
0.16412997781980984,0.003000000010977137,-0.31223910311275943,-0.27939764
0.16412997781980984,0.004999999916817437,-0.31223910311275943,-0.2934013
0.16412997781980984,0.006999999924135528,-0.31223910311275943,-0.31215915
0.16412997781980984,0.008999999931453619,-0.31223910311275943,-0.33384278
0.16412997781980984,0.010999999735816128,-0.31223910311275943,-0.352637
0.16412997781980984,0.012999999540178638,-0.31223910311275943,-0.36464813
0.16412997781980984,0.014999999750452311,-0.31223910311275943,-0.36644214
0.16412997781980984,0.01700000036663715,-0.31223910311275943,-0.36137664
0.16412997781980984,0.01900000017099966,-0.31223910311275943,-0.35386848
0.16412997781980984,0.020999999975362168,-0.31223910311275943,-0.34987628
0.16412997781980984,0.022999999779724677,-0.31223910311275943,-0.347012
0.16412997781980984,0.024999999584087183,-0.31223910311275943,-0.34669963
0.16412997781980984,0.026999999388449693,-0.31223910311275943,-0.3477822
0.16412997781980984,0.02900000000463453,-0.31223910311275943,-0.34310648
0.16412997781980984,0.031000000620819368,-0.31223910311275943,-0.33866847
0.16412997781980984,0.03299999961335955,-0.31223910311275943,-0.34154496
0.16412997781980984,0.03500000022954439,-0.31223910311275943,-0.34737355
0.16412997781980984,0.03700000084572922,-0.31223910311275943,-0.3508384
0.16412997781980984,0.038999999838269406,-0.31223910311275943,-0.35174626
0.16412997781980984,0.04100000045445424,-0.31223910311275943,-0.35117325
0.16412997781980984,0.04300000107063908,-0.31223910311275943,-0.35093
0.16412997781980984,0.04500000006317926,-0.31223910311275943,-0.35125327
0.16412997781980984,0.046999999055719444,-0.31223910311275943,-0.35186976
0.16412997781980984,0.04899999967190428,-0.31223910311275943,-0.35313845
0.16412997781980984,0.05100000028808912,-0.31223910311275943,-0.35447192
0.16412997781980984,0.0529999992806293,-0.31223910311275943,-0.35584238
0.16412997781980984,0.05499999827316948,-0.31223910311275943,-0.3573649
0.16412997781980984,0.05699999726570966,-0.31223910311275943,-0.3590869
0.16412997781980984,0.05899999950553916,-0.31223910311275943,-0.36100423
0.16412997781980984,0.06100000174536865,-0.31223910311275943,-0.3631061
0.16412997781980984,0.06300000073790883,-0.31223910311275943,-0.365365
0.16412997781980984,0.06499999973044901,-0.31223910311275943,-0.3677808
0.16412997781980984,0.06699999872298919,-0.31223910311275943,-0.3703519
0.16412997781980984,0.06899999771552937,-0.31223910311275943,-0.37304774
0.15889952995787107,0.0010000000036590455,-0.3078262707428952,-0.2504347
0.15889952995787107,0.003000000010977137,-0.3078262707428952,-0.25296703
0.15889952995787107,0.004999999916817437,-0.3078262707428952,-0.26712498
0.15889952995787107,0.006999999924135528,-0.3078262707428952,-0.28616562
0.15889952995787107,0.008999999931453619,-0.3078262707428952,-0.30813673
0.15889952995787107,0.010999999735816128,-0.3078262707428952,-0.32712352
0.15889952995787107,0.012999999540178638,-0.3078262707428952,-0.33904076
0.15889952995787107,0.014999999750452311,-0.3078262707428952,-0.34061643
0.15889952995787107,0.01700000036663715,-0.3078262707428952,-0.33527943
0.15889952995787107,0.01900000017099966,-0.3078262707428952,-0.32767347
0.15889952995787107,0.020999999975362168,-0.3078262707428952,-0.32382712
0.15889952995787107,0.022999999779724677,-0.3078262707428952,-0.32105908
0.15889952995787107,0.024999999584087183,-0.3078262707428952,-0.32107982
0.15889952995787107,0.026999999388449693,-0.3078262707428952,-0.32183698
0.15889952995787107,0.02900000000463453,-0.3078262707428952,-0.31656718
0.15889952995787107,0.031000000620819368,-0.3078262707428952,-0.3124886
0.15889952995787107,0.03299999961335955,-0.3078262707428952,-0.3160359
0.15889952995787107,0.03500000022954439,-0.3078262707428952,-0.32178
0.15889952995787107,0.03700000084572922,-0.3078262707428952,-0.32501203
0.15889952995787107,0.038999999838269406,-0.3078262707428952,-0.32574084
0.15889952995787107,0.04100000045445424,-0.3078262707428952,-0.32511997
0.15889952995787107,0.04300000107063908,-0.3078262707428952,-0.32512417
0.15889952995787107,0.04500000006317926,-0.3078262707428952,-0.3254917
0.15889952995787107,0.046999999055719444,-0.3078262707428952,-0.32627824
0.15889952995787107,0.04899999967190428,-0.3078262707428952,-0.32755047
0.15889952995787107,0.05100000028808912,-0.3078262707428952,-0.32889697
0.15889952995787107,0.0529999992806293,-0.3078262707428952,-0.33027324
0.15889952995787107,0.05499999827316948,-0.3078262707428952,-0.3318207
0.15889952995787107,0.05699999726570966,-0.3078262707428952,-0.33357885
0.15889952995787107,0.05899999950553916,-0.3078262707428952,-0.33553952
0.15889952995787107,0.06100000174536865,-0.3078262707428952,-0.33768174
0.15889952995787107,0.06300000073790883,-0.3078262707428952,-0.33996937
0.15889952995787107,0.06499999973044901,-0.3078262707428952,-0.34240678
0.15889952995787107,0.06699999872298919,-0.3078262707428952,-0.34500167
0.15889952995787107,0.06899999771552937,-0.3078262707428952,-0.34771603
0.15372506536366717,0.0010000000036590455,-0.30334793405303395,-0.22446893
0.15372506536366717,0.003000000010977137,-0.30334793405303395,-0.22672006
0.15372506536366717,0.004999999916817437,-0.30334793405303395,-0.24080993
0.15372506536366717,0.006999999924135528,-0.30334793405303395,-0.2599682
0.15372506536366717,0.008999999931453619,-0.30334793405303395,-0.28213236
0.15372506536366717,0.010999999735816128,-0.30334793405303395,-0.3012723
0.15372506536366717,0.012999999540178638,-0.30334793405303395,-0.31311914
0.15372506536366717,0.014999999750452311,-0.30334793405303395,-0.31458217
0.15372506536366717,0.01700000036663715,-0.30334793405303395,-0.3091137
0.15372506536366717,0.01900000017099966,-0.30334793405303395,-0.30175558
0.15372506536366717,0.020999999975362168,-0.30334793405303395,-0.29800522
0.15372506536366717,0.022999999779724677,-0.30334793405303395,-0.29516673
0.15372506536366717,0.024999999584087183,-0.30334793405303395,-0.2954417
0.15372506536366717,0.026999999388449693,-0.30334793405303395,-0.29571852
0.15372506536366717,0.02900000000463453,-0.30334793405303395,-0.28974697
0.15372506536366717,0.031000000620819368,-0.30334793405303395,-0.28598103
0.15372506536366717,0.03299999961335955,-0.30334793405303395,-0.29016715
0.15372506536366717,0.03500000022954439,-0.30334793405303395,-0.29584405
0.15372506536366717,0.03700000084572922,-0.30334793405303395,-0.29897603
0.15372506536366717,0.038999999838269406,-0.30334793405303395,-0.2996022
0.15372506536366717,0.04100000045445424,-0.30334793405303395,-0.29900262
0.15372506536366717,0.04300000107063908,-0.30334793405303395,-0.29907167
0.15372506536366717,0.04500000006317926,-0.30334793405303395,-0.29940328
0.15372506536366717,0.046999999055719444,-0.30334793405303395,-0.3004064
0.15372506536366717,0.04899999967190428,-0.30334793405303395,-0.30171835
0.15372506536366717,0.05100000028808912,-0.30334793405303395,-0.3031361
0.15372506536366717,0.0529999992806293,-0.30334793405303395,-0.30459356
0.15372506536366717,0.05499999827316948,-0.30334793405303395,-0.30622706
0.15372506536366717,0.05699999726570966,-0.30334793405303395,-0.30806056
0.15372506536366717,0.05899999950553916,-0.30334793405303395,-0.31007624
0.15372506536366717,0.06100000174536865,-0.30334793405303395,-0.31225616
0.15372506536366717,0.06300000073790883,-0.30334793405303395,-0.31458262
0.15372506536366717,0.06499999973044901,-0.30334793405303395,-0.31706622
0.15372506536366717,0.06699999872298919,-0.30334793405303395,-0.3196991
0.15372506536366717,0.06899999771552937,-0.30334793405303395,-0.3224386
0.14860214823999832,0.0010000000036590455,-0.29881080843747243,-0.19911525
0.14860214823999832,0.003000000010977137,-0.29881080843747243,-0.20127088
0.14860214823999832,0.004999999916817437,-0.29881080843747243,-0.2154723
0.14860214823999832,0.006999999924135528,-0.29881080843747243,-0.23482148
0.14860214823999832,0.008999999931453619,-0.29881080843747243,-0.25716364
0.14860214823999832,0.010999999735816128,-0.29881080843747243,-0.27634072
0.14860214823999832,0.012999999540178638,-0.29881080843747243,-0.28792655
0.14860214823999832,0.014999999750452311,-0.29881080843747243,-0.2890484
0.14860214823999832,0.01700000036663715,-0.29881080843747243,-0.28330186
0.14860214823999832,0.01900000017099966,-0.29881080843747243,-0.27601543
0.14860214823999832,0.020999999975362168,-0.29881080843747243,-0.2723638
0.14860214823999832,0.022999999779724677,-0.29881080843747243,-0.26955652
0.14860214823999832,0.024999999584087183,-0.29881080843747243,-0.27010956
0.14860214823999832,0.026999999388449693,-0.29881080843747243,-0.26998723
0.14860214823999832,0.02900000000463453,-0.29881080843747243,-0.26352867
0.14860214823999832,0.031000000620819368,-0.29881080843747243,-0.26032946
0.14860214823999832,0.03299999961335955,-0.29881080843747243,-0.26506144
0.14860214823999832,0.03500000022954439,-0.29881080843747243,-0.27057594
0.14860214823999832,0.03700000084572922,-0.29881080843747243,-0.27345335
0.14860214823999832,0.038999999838269406,-0.29881080843747243,-0.27385423
0.14860214823999832,0.04100000045445424,-0.29881080843747243,-0.27327815
0.14860214823999832,0.04300000107063908,-0.29881080843747243,-0.27347353
0.14860214823999832,0.04500000006317926,-0.29881080843747243,-0.27380094
0.14860214823999832,0.046999999055719444,-0.29881080843747243,-0.27497706
0.14860214823999832,0.04899999967190428,-0.29881080843747243,-0.27631918
0.14860214823999832,0.05100000028808912,-0.29881080843747243,-0.27773413
0.14860214823999832,0.0529999992806293,-0.29881080843747243,-0.2792341
0.14860214823999832,0.05499999827316948,-0.29881080843747243,-0.2809173
0.14860214823999832,0.05699999726570966,-0.29881080843747243,-0.28280312
0.14860214823999832,0.05899999950553916,-0.29881080843747243,-0.28487322
0.14860214823999832,0.06100000174536865,-0.29881080843747243,-0.28710556
0.14860214823999832,0.06300000073790883,-0.29881080843747243,-0.2894913
0.14860214823999832,0.06499999973044901,-0.29881080843747243,-0.29203185
0.14860214823999832,0.06699999872298919,-0.29881080843747243,-0.2947133
0.14860214823999832,0.06899999771552937,-0.29881080843747243,-0.29749408
0.14352972646512746,0.0010000000036590455,-0.29421734884693035,-0.17374587
0.14352972646512746,0.003000000010977137,-0.29421734884693035,-0.17582797
0.14352972646512746,0.004999999916817437,-0.29421734884693035,-0.19012012
0.14352972646512746,0.006999999924135528,-0.29421734884693035,-0.20965205
0.14352972646512746,0.008999999931453619,-0.29421734884693035,-0.23214506
0.14352972646512746,0.010999999735816128,-0.29421734884693035,-0.25129625
0.14352972646512746,0.012999999540178638,-0.29421734884693035,-0.26258466
0.14352972646512746,0.014999999750452311,-0.29421734884693035,-0.2633265
0.14352972646512746,0.01700000036663715,-0.29421734884693035,-0.2573037
0.14352972646512746,0.01900000017099966,-0.29421734884693035,-0.25016448
0.14352972646512746,0.020999999975362168,-0.29421734884693035,-0.24652474
0.14352972646512746,0.022999999779724677,-0.29421734884693035,-0.24379137
0.14352972646512746,0.024999999584087183,-0.29421734884693035,-0.24468751
0.14352972646512746,0.026999999388449693,-0.29421734884693035,-0.24415429
0.14352972646512746,0.02900000000463453,-0.29421734884693035,-0.23746341
0.14352972646512746,0.031000000620819368,-0.29421734884693035,-0.23504557
0.14352972646512746,0.03299999961335955,-0.29421734884693035,-0.24014395
0.14352972646512746,0.03500000022954439,-0.29421734884693035,-0.24550785
0.14352972646512746,0.03700000084572922,-0.29421734884693035,-0.24809214
0.14352972646512746,0.038999999838269406,-0.29421734884693035,-0.24827953
0.14352972646512746,0.04100000045445424,-0.29421734884693035,-0.24777262
0.14352972646512746,0.04300000107063908,-0.29421734884693035,-0.24806617
0.14352972646512746,0.04500000006317926,-0.29421734884693035,-0.2484448
0.14352972646512746,0.046999999055719444,-0.29421734884693035,-0.24974862
0.14352972646512746,0.04899999967190428,-0.29421734884693035,-0.25110656
0.14352972646512746,0.05100000028808912,-0.29421734884693035,-0.25253063
0.14352972646512746,0.0529999992806293,-0.29421734884693035,-0.25406218
0.14352972646512746,0.05499999827316948,-0.29421734884693035,-0.25579065
0.14352972646512746,0.05699999726570966,-0.29421734884693035,-0.25772217
0.14352972646512746,0.05899999950553916,-0.29421734884693035,-0.25983888
0.14352972646512746,0.06100000174536865,-0.29421734884693035,-0.26210147
0.14352972646512746,0.06300000073790883,-0.29421734884693035,-0.26450762
0.14352972646512746,0.06499999973044901,-0.29421734884693035,-0.26707676
0.14352972646512746,0.06699999872298919,-0.29421734884693035,-0.26978615
0.14352972646512746,0.06899999771552937,-0.29421734884693035,-0.272596
0.13850874824753368,0.0010000000036590455,-0.2895676202271939,-0.15113337
0.13850874824753368,0.003000000010977137,-0.2895676202271939,-0.15335152
0.13850874824753368,0.004999999916817437,-0.2895676202271939,-0.16796233
0.13850874824753368,0.006999999924135528,-0.2895676202271939,-0.18789038
0.13850874824753368,0.008999999931453619,-0.2895676202271939,-0.21066414
0.13850874824753368,0.010999999735816128,-0.2895676202271939,-0.22982316
0.13850874824753368,0.012999999540178638,-0.2895676202271939,-0.24079493
0.13850874824753368,0.014999999750452311,-0.2895676202271939,-0.24100247
0.13850874824753368,0.01700000036663715,-0.2895676202271939,-0.23448125
0.13850874824753368,0.01900000017099966,-0.2895676202271939,-0.2271806
0.13850874824753368,0.020999999975362168,-0.2895676202271939,-0.22342896
0.13850874824753368,0.022999999779724677,-0.2895676202271939,-0.22082974
0.13850874824753368,0.024999999584087183,-0.2895676202271939,-0.2222081
0.13850874824753368,0.026999999388449693,-0.2895676202271939,-0.22133972
0.13850874824753368,0.02900000000463453,-0.2895676202271939,-0.2145945
0.13850874824753368,0.031000000620819368,-0.2895676202271939,-0.21309857
0.13850874824753368,0.03299999961335955,-0.2895676202271939,-0.21853653
0.13850874824753368,0.03500000022954439,-0.2895676202271939,-0.22367321
0.13850874824753368,0.03700000084572922,-0.2895676202271939,-0.22586933
0.13850874824753368,0.038999999838269406,-0.2895676202271939,-0.22576308
0.13850874824753368,0.04100000045445424,-0.2895676202271939,-0.22514658
0.13850874824753368,0.04300000107063908,-0.2895676202271939,-0.22541162
0.13850874824753368,0.04500000006317926,-0.2895676202271939,-0.22579677
0.13850874824753368,0.046999999055719444,-0.2895676202271939,-0.2271088
0.13850874824753368,0.04899999967190428,-0.2895676202271939,-0.22844522
0.13850874824753368,0.05100000028808912,-0.2895676202271939,-0.22985172
0.13850874824753368,0.0529999992806293,-0.2895676202271939,-0.23138438
0.13850874824753368,0.05499999827316948,-0.2895676202271939,-0.2331309
0.13850874824753368,0.05699999726570966,-0.2895676202271939,-0.23508781
0.13850874824753368,0.05899999950553916,-0.2895676202271939,-0.23724309
0.13850874824753368,0.06100000174536865,-0.2895676202271939,-0.23956913
0.13850874824753368,0.06300000073790883,-0.2895676202271939,-0.24206863
0.13850874824753368,0.06499999973044901,-0.2895676202271939,-0.24473679
0.13850874824753368,0.06699999872298919,-0.2895676202271939,-0.24753806
0.13850874824753368,0.06899999771552937,-0.2895676202271939,-0.25043646
0.13354805920330218,0.0010000000036590455,-0.2848536082682417,-0.12238699
0.13354805920330218,0.003000000010977137,-0.2848536082682417,-0.1243644
0.13354805920330218,0.004999999916817437,-0.2848536082682417,-0.13908012
0.13354805920330218,0.006999999924135528,-0.2848536082682417,-0.15925954
0.13354805920330218,0.008999999931453619,-0.2848536082682417,-0.18230787
0.13354805920330218,0.010999999735816128,-0.2848536082682417,-0.20166597
0.13354805920330218,0.012999999540178638,-0.2848536082682417,-0.21261102
0.13354805920330218,0.014999999750452311,-0.2848536082682417,-0.21261454
0.13354805920330218,0.01700000036663715,-0.2848536082682417,-0.20587468
0.13354805920330218,0.01900000017099966,-0.2848536082682417,-0.19856201
0.13354805920330218,0.020999999975362168,-0.2848536082682417,-0.19495353
0.13354805920330218,0.022999999779724677,-0.2848536082682417,-0.19256707
0.13354805920330218,0.024999999584087183,-0.2848536082682417,-0.1941233
0.13354805920330218,0.026999999388449693,-0.2848536082682417,-0.19253989
0.13354805920330218,0.02900000000463453,-0.2848536082682417,-0.18552582
0.13354805920330218,0.031000000620819368,-0.2848536082682417,-0.18460834
0.13354805920330218,0.03299999961335955,-0.2848536082682417,-0.1904778
0.13354805920330218,0.03500000022954439,-0.2848536082682417,-0.19543396
0.13354805920330218,0.03700000084572922,-0.2848536082682417,-0.19734186
0.13354805920330218,0.038999999838269406,-0.2848536082682417,-0.19710764
0.13354805920330218,0.04100000045445424,-0.2848536082682417,-0.19673102
0.13354805920330218,0.04300000107063908,-0.2848536082682417,-0.19714025
0.13354805920330218,0.04500000006317926,-0.2848536082682417,-0.19764096
0.13354805920330218,0.046999999055719444,-0.2848536082682417,-0.19900922
0.13354805920330218,0.04899999967190428,-0.2848536082682417,-0.2003494
0.13354805920330218,0.05100000028808912,-0.2848536082682417,-0.20176364
0.13354805920330218,0.0529999992806293,-0.2848536082682417,-0.20332555
0.13354805920330218,0.05499999827316948,-0.2848536082682417,-0.20511045
0.13354805920330218,0.05699999726570966,-0.2848536082682417,-0.20711125
0.13354805920330218,0.05899999950553916,-0.2848536082682417,-0.20930356
0.13354805920330218,0.06100000174536865,-0.2848536082682417,-0.21165848
0.13354805920330218,0.06300000073790883,-0.2848536082682417,-0.21417913
0.13354805920330218,0.06499999973044901,-0.2848536082682417,-0.21686783
0.13354805920330218,0.06699999872298919,-0.2848536082682417,-0.21968253
0.13354805920330218,0.06899999771552937,-0.2848536082682417,-0.22259147
0.12865143268261328,0.0010000000036590455,-0.28007307883502713,-0.094904825
0.12865143268261328,0.003000000010977137,-0.28007307883502713,-0.0966194
0.12865143268261328,0.004999999916817437,-0.28007307883502713,-0.1112572
0.12865143268261328,0.006999999924135528,-0.28007307883502713,-0.131542
0.12865143268261328,0.008999999931453619,-0.28007307883502713,-0.15477097
0.12865143268261328,0.010999999735816128,-0.28007307883502713,-0.1742632
0.12865143268261328,0.012999999540178638,-0.28007307883502713,-0.1851341
0.12865143268261328,0.014999999750452311,-0.28007307883502713,-0.18498142
0.12865143268261328,0.01700000036663715,-0.28007307883502713,-0.17812283
0.12865143268261328,0.01900000017099966,-0.28007307883502713,-0.17109752
0.12865143268261328,0.020999999975362168,-0.28007307883502713,-0.16746406
0.12865143268261328,0.022999999779724677,-0.28007307883502713,-0.16512509
0.12865143268261328,0.024999999584087183,-0.28007307883502713,-0.1667828
0.12865143268261328,0.026999999388449693,-0.28007307883502713,-0.16433732
0.12865143268261328,0.02900000000463453,-0.28007307883502713,-0.15712185
0.12865143268261328,0.031000000620819368,-0.28007307883502713,-0.15684743
0.12865143268261328,0.03299999961335955,-0.28007307883502713,-0.1630138
0.12865143268261328,0.03500000022954439,-0.28007307883502713,-0.1678055
0.12865143268261328,0.03700000084572922,-0.28007307883502713,-0.16954459
0.12865143268261328,0.038999999838269406,-0.28007307883502713,-0.16928743
0.12865143268261328,0.04100000045445424,-0.28007307883502713,-0.1689992
0.12865143268261328,0.04300000107063908,-0.28007307883502713,-0.16943043
0.12865143268261328,0.04500000006317926,-0.28007307883502713,-0.170047
0.12865143268261328,0.046999999055719444,-0.28007307883502713,-0.1714584
0.12865143268261328,0.04899999967190428,-0.28007307883502713,-0.17287369
0.12865143268261328,0.05100000028808912,-0.28007307883502713,-0.17436141
0.12865143268261328,0.0529999992806293,-0.28007307883502713,-0.17600706
0.12865143268261328,0.05499999827316948,-0.28007307883502713,-0.17786503
0.12865143268261328,0.05699999726570966,-0.28007307883502713,-0.17992498
0.12865143268261328,0.05899999950553916,-0.28007307883502713,-0.18216088
0.12865143268261328,0.06100000174536865,-0.28007307883502713,-0.18456012
0.12865143268261328,0.06300000073790883,-0.28007307883502713,-0.18713248
0.12865143268261328,0.06499999973044901,-0.28007307883502713,-0.18986341
0.12865143268261328,0.06699999872298919,-0.28007307883502713,-0.19270872
0.12865143268261328,0.06899999771552937,-0.28007307883502713,-0.1956382
0.12381298459723405,0.0010000000036590455,-0.27523381243274136,-0.06781626
0.12381298459723405,0.003000000010977137,-0.27523381243274136,-0.06944308
0.12381298459723405,0.004999999916817437,-0.27523381243274136,-0.08417568
0.12381298459723405,0.006999999924135528,-0.27523381243274136,-0.10465191
0.12381298459723405,0.008999999931453619,-0.27523381243274136,-0.12805831
0.12381298459723405,0.010999999735816128,-0.27523381243274136,-0.14758162
0.12381298459723405,0.012999999540178638,-0.27523381243274136,-0.15818882
0.12381298459723405,0.014999999750452311,-0.27523381243274136,-0.15764813
0.12381298459723405,0.01700000036663715,-0.27523381243274136,-0.1505395
0.12381298459723405,0.01900000017099966,-0.27523381243274136,-0.14362797
0.12381298459723405,0.020999999975362168,-0.27523381243274136,-0.14005922
0.12381298459723405,0.022999999779724677,-0.27523381243274136,-0.13783146
0.12381298459723405,0.024999999584087183,-0.27523381243274136,-0.13964127
0.12381298459723405,0.026999999388449693,-0.27523381243274136,-0.13648574
0.12381298459723405,0.02900000000463453,-0.27523381243274136,-0.12933458
0.12381298459723405,0.031000000620819368,-0.27523381243274136,-0.12979983
0.12381298459723405,0.03299999961335955,-0.27523381243274136,-0.13608669
0.12381298459723405,0.03500000022954439,-0.27523381243274136,-0.14060456
0.12381298459723405,0.03700000084572922,-0.27523381243274136,-0.14211641
0.12381298459723405,0.038999999838269406,-0.27523381243274136,-0.14174396
0.12381298459723405,0.04100000045445424,-0.27523381243274136,-0.14160141
0.12381298459723405,0.04300000107063908,-0.27523381243274136,-0.14205796
0.12381298459723405,0.04500000006317926,-0.27523381243274136,-0.14278921
0.12381298459723405,0.046999999055719444,-0.27523381243274136,-0.14421165
0.12381298459723405,0.04899999967190428,-0.27523381243274136,-0.14565311
0.12381298459723405,0.05100000028808912,-0.27523381243274136,-0.1471656
0.12381298459723405,0.0529999992806293,-0.27523381243274136,-0.14885713
0.12381298459723405,0.05499999827316948,-0.27523381243274136,-0.15076521
0.12381298459723405,0.05699999726570966,-0.27523381243274136,-0.15287648
0.12381298459723405,0.05899999950553916,-0.27523381243274136,-0.15516576
0.12381298459723405,0.06100000174536865,-0.27523381243274136,-0.15762822
0.12381298459723405,0.06300000073790883,-0.27523381243274136,-0.16026151
0.12381298459723405,0.06499999973044901,-0.27523381243274136,-0.16304366
0.12381298459723405,0.06699999872298919,-0.27523381243274136,-0.16593252
0.12381298459723405,0.06899999771552937,-0.27523381243274136,-0.168896
0.11903220187545321,0.0010000000036590455,-0.27033760156508435,-0.040778477
0.11903220187545321,0.003000000010977137,-0.27033760156508435,-0.04233621
0.11903220187545321,0.004999999916817437,-0.27033760156508435,-0.057145264
0.11903220187545321,0.006999999924135528,-0.27033760156508435,-0.07781922
0.11903220187545321,0.008999999931453619,-0.27033760156508435,-0.101394266
0.11903220187545321,0.010999999735816128,-0.27033760156508435,-0.12090627
0.11903220187545321,0.012999999540178638,-0.27033760156508435,-0.13120809
0.11903220187545321,0.014999999750452311,-0.27033760156508435,-0.13027918
0.11903220187545321,0.01700000036663715,-0.27033760156508435,-0.122909606
0.11903220187545321,0.01900000017099966,-0.27033760156508435,-0.11621559
0.11903220187545321,0.020999999975362168,-0.27033760156508435,-0.112580776
0.11903220187545321,0.022999999779724677,-0.27033760156508435,-0.11059627
0.11903220187545321,0.024999999584087183,-0.27033760156508435,-0.11247588
0.11903220187545321,0.026999999388449693,-0.27033760156508435,-0.10871284
0.11903220187545321,0.02900000000463453,-0.27033760156508435,-0.10188974
0.11903220187545321,0.031000000620819368,-0.27033760156508435,-0.10306922
0.11903220187545321,0.03299999961335955,-0.27033760156508435,-0.10944576
0.11903220187545321,0.03500000022954439,-0.27033760156508435,-0.11369269
0.11903220187545321,0.03700000084572922,-0.27033760156508435,-0.11496201
0.11903220187545321,0.038999999838269406,-0.27033760156508435,-0.11452777
0.11903220187545321,0.04100000045445424,-0.27033760156508435,-0.114515275
0.11903220187545321,0.04300000107063908,-0.27033760156508435,-0.114967324
0.11903220187545321,0.04500000006317926,-0.27033760156508435,-0.115874305
0.11903220187545321,0.046999999055719444,-0.27033760156508435,-0.11729726
0.11903220187545321,0.04899999967190428,-0.27033760156508435,-0.118758775
0.11903220187545321,0.05100000028808912,-0.27033760156508435,-0.12029235
0.11903220187545321,0.0529999992806293,-0.27033760156508435,-0.12202527
0.11903220187545321,0.05499999827316948,-0.27033760156508435,-0.12397924
0.11903220187545321,0.05699999726570966,-0.27033760156508435,-0.12613478
0.11903220187545321,0.05899999950553916,-0.27033760156508435,-0.1284573
0.11903220187545321,0.06100000174536865,-0.27033760156508435,-0.13094401
0.11903220187545321,0.06300000073790883,-0.27033760156508435,-0.1336091
0.11903220187545321,0.06499999973044901,-0.27033760156508435,-0.13642171
0.11903220187545321,0.06699999872298919,-0.27033760156508435,-0.13934177
0.11903220187545321,0.06899999771552937,-0.27033760156508435,-0.1423321
0.11431051981914658,0.0010000000036590455,-0.26538425139469746,-0.016535265
0.11431051981914658,0.003000000010977137,-0.26538425139469746,-0.018262899
0.11431051981914658,0.004999999916817437,-0.26538425139469746,-0.03337993
0.11431051981914658,0.006999999924135528,-0.26538425139469746,-0.05448418
0.11431051981914658,0.008999999931453619,-0.26538425139469746,-0.07837732
0.11431051981914658,0.010999999735816128,-0.26538425139469746,-0.09793088
0.11431051981914658,0.012999999540178638,-0.26538425139469746,-0.107901655
0.11431051981914658,0.014999999750452311,-0.26538425139469746,-0.10644075
0.11431051981914658,0.01700000036663715,-0.26538425139469746,-0.09857178
0.11431051981914658,0.01900000017099966,-0.26538425139469746,-0.09179426
0.11431051981914658,0.020999999975362168,-0.26538425139469746,-0.08798901
0.11431051981914658,0.022999999779724677,-0.26538425139469746,-0.08640086
0.11431051981914658,0.024999999584087183,-0.26538425139469746,-0.08840285
0.11431051981914658,0.026999999388449693,-0.26538425139469746,-0.0841907
0.11431051981914658,0.02900000000463453,-0.26538425139469746,-0.07787782
0.11431051981914658,0.031000000620819368,-0.26538425139469746,-0.07981678
0.11431051981914658,0.03299999961335955,-0.26538425139469746,-0.08619645
0.11431051981914658,0.03500000022954439,-0.26538425139469746,-0.09009189
0.11431051981914658,0.03700000084572922,-0.26538425139469746,-0.09101291
0.11431051981914658,0.038999999838269406,-0.26538425139469746,-0.09037462
0.11431051981914658,0.04100000045445424,-0.26538425139469746,-0.09031253
0.11431051981914658,0.04300000107063908,-0.26538425139469746,-0.09066271
0.11431051981914658,0.04500000006317926,-0.26538425139469746,-0.09167374
0.11431051981914658,0.046999999055719444,-0.26538425139469746,-0.09303817
0.11431051981914658,0.04899999967190428,-0.26538425139469746,-0.09448777
0.11431051981914658,0.05100000028808912,-0.26538425139469746,-0.09601438
0.11431051981914658,0.0529999992806293,-0.26538425139469746,-0.0977589
0.11431051981914658,0.05499999827316948,-0.26538425139469746,-0.099738866
0.11431051981914658,0.05699999726570966,-0.26538425139469746,-0.101940565
0.11431051981914658,0.05899999950553916,-0.26538425139469746,-0.10433247
0.11431051981914658,0.06100000174536865,-0.26538425139469746,-0.10691777
0.11431051981914658,0.06300000073790883,-0.26538425139469746,-0.10968759
0.11431051981914658,0.06499999973044901,-0.26538425139469746,-0.11259737
0.11431051981914658,0.06699999872298919,-0.26538425139469746,-0.11560718
0.11431051981914658,0.06899999771552937,-0.26538425139469746,-0.118686125
0.10965896297552762,0.0010000000036590455,-0.2603649942404389,0.014516385
0.10965896297552762,0.003000000010977137,-0.2603649942404389,0.013104384
0.10965896297552762,0.004999999916817437,-0.2603649942404389,-0.002163091
0.10965896297552762,0.006999999924135528,-0.2603649942404389,-0.02358344
0.10965896297552762,0.008999999931453619,-0.2603649942404389,-0.047795303
0.10965896297552762,0.010999999735816128,-0.2603649942404389,-0.06758803
0.10965896297552762,0.012999999540178638,-0.2603649942404389,-0.07753924
0.10965896297552762,0.014999999750452311,-0.2603649942404389,-0.0759175
0.10965896297552762,0.01700000036663715,-0.2603649942404389,-0.06783735
0.10965896297552762,0.01900000017099966,-0.2603649942404389,-0.06119646
0.10965896297552762,0.020999999975362168,-0.2603649942404389,-0.057520244
0.10965896297552762,0.022999999779724677,-0.2603649942404389,-0.05621496
0.10965896297552762,0.024999999584087183,-0.2603649942404389,-0.05809326
0.10965896297552762,0.026999999388449693,-0.2603649942404389,-0.05294032
0.10965896297552762,0.02900000000463453,-0.2603649942404389,-0.046715107
0.10965896297552762,0.031000000620819368,-0.2603649942404389,-0.04933284
0.10965896297552762,0.03299999961335955,-0.2603649942404389,-0.05579689
0.10965896297552762,0.03500000022954439,-0.2603649942404389,-0.059496745
0.10965896297552762,0.03700000084572922,-0.2603649942404389,-0.060286906
0.10965896297552762,0.038999999838269406,-0.2603649942404389,-0.059667144
0.10965896297552762,0.04100000045445424,-0.2603649942404389,-0.059815876
0.10965896297552762,0.04300000107063908,-0.2603649942404389,-0.060166042
0.10965896297552762,0.04500000006317926,-0.2603649942404389,-0.06136987
0.10965896297552762,0.046999999055719444,-0.2603649942404389,-0.06273962
0.10965896297552762,0.04899999967190428,-0.2603649942404389,-0.064186946
0.10965896297552762,0.05100000028808912,-0.2603649942404389,-0.06574899
0.10965896297552762,0.0529999992806293,-0.2603649942404389,-0.067537904
0.10965896297552762,0.05499999827316948,-0.2603649942404389,-0.06955759
0.10965896297552762,0.05699999726570966,-0.2603649942404389,-0.071788765
0.10965896297552762,0.05899999950553916,-0.2603649942404389,-0.07420702
0.10965896297552762,0.06100000174536865,-0.2603649942404389,-0.07681514
0.10965896297552762,0.06300000073790883,-0.2603649942404389,-0.07960001
0.10965896297552762,0.06499999973044901,-0.2603649942404389,-0.08251743
0.10965896297552762,0.06699999872298919,-0.2603649942404389,-0.08552956
0.10965896297552762,0.06899999771552937,-0.2603649942404389,-0.08860409
0.10508088904174469,0.0010000000036590455,-0.2552786221106847,0.043443125
0.10508088904174469,0.003000000010977137,-0.2552786221106847,0.042163827
0.10508088904174469,0.004999999916817437,-0.2552786221106847,0.026892735
0.10508088904174469,0.006999999924135528,-0.2552786221106847,0.0053621638
0.10508088904174469,0.008999999931453619,-0.2552786221106847,-0.019005248
0.10508088904174469,0.010999999735816128,-0.2552786221106847,-0.03891724
0.10508088904174469,0.012999999540178638,-0.2552786221106847,-0.04873697
0.10508088904174469,0.014999999750452311,-0.2552786221106847,-0.0469129
0.10508088904174469,0.01700000036663715,-0.2552786221106847,-0.03877015
0.10508088904174469,0.01900000017099966,-0.2552786221106847,-0.032428227
0.10508088904174469,0.020999999975362168,-0.2552786221106847,-0.028653942
0.10508088904174469,0.022999999779724677,-0.2552786221106847,-0.02749583
0.10508088904174469,0.024999999584087183,-0.2552786221106847,-0.02920263
0.10508088904174469,0.026999999388449693,-0.2552786221106847,-0.023148585
0.10508088904174469,0.02900000000463453,-0.2552786221106847,-0.017372072
0.10508088904174469,0.031000000620819368,-0.2552786221106847,-0.020405613
0.10508088904174469,0.03299999961335955,-0.2552786221106847,-0.026930934
0.10508088904174469,0.03500000022954439,-0.2552786221106847,-0.030442266
0.10508088904174469,0.03700000084572922,-0.2552786221106847,-0.031067187
0.10508088904174469,0.038999999838269406,-0.2552786221106847,-0.030460894
0.10508088904174469,0.04100000045445424,-0.2552786221106847,-0.030679075
0.10508088904174469,0.04300000107063908,-0.2552786221106847,-0.031044351
0.10508088904174469,0.04500000006317926,-0.2552786221106847,-0.032390032
0.10508088904174469,0.046999999055719444,-0.2552786221106847,-0.03380374
0.10508088904174469,0.04899999967190428,-0.2552786221106847,-0.035308708
0.10508088904174469,0.05100000028808912,-0.2552786221106847,-0.036949668
0.10508088904174469,0.0529999992806293,-0.2552786221106847,-0.0388138
0.10508088904174469,0.05499999827316948,-0.2552786221106847,-0.040896636
0.10508088904174469,0.05699999726570966,-0.2552786221106847,-0.04317827
0.10508088904174469,0.05899999950553916,-0.2552786221106847,-0.045644764
0.10508088904174469,0.06100000174536865,-0.2552786221106847,-0.048303507
0.10508088904174469,0.06300000073790883,-0.2552786221106847,-0.05113192
0.10508088904174469,0.06499999973044901,-0.2552786221106847,-0.054081004
0.10508088904174469,0.06699999872298919,-0.2552786221106847,-0.057118364
0.10508088904174469,0.06899999771552937,-0.2552786221106847,-0.060200445
0.10056865714604718,0.0010000000036590455,-0.2501339156757339,0.07216408
0.10056865714604718,0.003000000010977137,-0.2501339156757339,0.07083838
0.10056865714604718,0.004999999916817437,-0.2501339156757339,0.05536644
0.10056865714604718,0.006999999924135528,-0.2501339156757339,0.0336553
0.10056865714604718,0.008999999931453619,-0.2501339156757339,0.009147624
0.10056865714604718,0.010999999735816128,-0.2501339156757339,-0.010766358
0.10056865714604718,0.012999999540178638,-0.2501339156757339,-0.020241639
0.10056865714604718,0.014999999750452311,-0.2501339156757339,-0.0180279
0.10056865714604718,0.01700000036663715,-0.2501339156757339,-0.009691883
0.10056865714604718,0.01900000017099966,-0.2501339156757339,-0.0035238462
0.10056865714604718,0.020999999975362168,-0.2501339156757339,0.00023136978
0.10056865714604718,0.022999999779724677,-0.2501339156757339,0.001182023
0.10056865714604718,0.024999999584087183,-0.2501339156757339,-0.00041695402
0.10056865714604718,0.026999999388449693,-0.2501339156757339,0.006332165
0.10056865714604718,0.02900000000463453,-0.2501339156757339,0.01157395
0.10056865714604718,0.031000000620819368,-0.2501339156757339,0.008010426
0.10056865714604718,0.03299999961335955,-0.2501339156757339,0.0015747595
0.10056865714604718,0.03500000022954439,-0.2501339156757339,-0.0016312334
0.10056865714604718,0.03700000084572922,-0.2501339156757339,-0.0020147238
0.10056865714604718,0.038999999838269406,-0.2501339156757339,-0.0014266063
0.10056865714604718,0.04100000045445424,-0.2501339156757339,-0.0017307419
0.10056865714604718,0.04300000107063908,-0.2501339156757339,-0.0021581212
0.10056865714604718,0.04500000006317926,-0.2501339156757339,-0.003564783
0.10056865714604718,0.046999999055719444,-0.2501339156757339,-0.0049872454
0.10056865714604718,0.04899999967190428,-0.2501339156757339,-0.006514486
0.10056865714604718,0.05100000028808912,-0.2501339156757339,-0.008196891
0.10056865714604718,0.0529999992806293,-0.2501339156757339,-0.010109421
0.10056865714604718,0.05499999827316948,-0.2501339156757339,-0.0122419065
0.10056865714604718,0.05699999726570966,-0.2501339156757339,-0.014569867
0.10056865714604718,0.05899999950553916,-0.2501339156757339,-0.017088773
0.10056865714604718,0.06100000174536865,-0.2501339156757339,-0.019805053
0.10056865714604718,0.06300000073790883,-0.2501339156757339,-0.022682693
0.10056865714604718,0.06499999973044901,-0.2501339156757339,-0.025672719
0.10056865714604718,0.06699999872298919,-0.2501339156757339,-0.028747797
0.10056865714604718,0.06899999771552937,-0.2501339156757339,-0.031854104
0.09612235821253585,0.0010000000036590455,-0.2449321348838394,0.10072086
0.09612235821253585,0.003000000010977137,-0.2449321348838394,0.09925641
0.09612235821253585,0.004999999916817437,-0.2449321348838394,0.083659865
0.09612235821253585,0.006999999924135528,-0.2449321348838394,0.061800428
0.09612235821253585,0.008999999931453619,-0.2449321348838394,0.037161335
0.09612235821253585,0.010999999735816128,-0.2449321348838394,0.017264118
0.09612235821253585,0.012999999540178638,-0.2449321348838394,0.008146599
0.09612235821253585,0.014999999750452311,-0.2449321348838394,0.010706464
0.09612235821253585,0.01700000036663715,-0.2449321348838394,0.019213526
0.09612235821253585,0.01900000017099966,-0.2449321348838394,0.025162242
0.09612235821253585,0.020999999975362168,-0.2449321348838394,0.0290077
0.09612235821253585,0.022999999779724677,-0.2449321348838394,0.02966438
0.09612235821253585,0.024999999584087183,-0.2449321348838394,0.028243558
0.09612235821253585,0.026999999388449693,-0.2449321348838394,0.03547028
0.09612235821253585,0.02900000000463453,-0.2449321348838394,0.04014911
0.09612235821253585,0.031000000620819368,-0.2449321348838394,0.0359763
0.09612235821253585,0.03299999961335955,-0.2449321348838394,0.029686948
0.09612235821253585,0.03500000022954439,-0.2449321348838394,0.026822865
0.09612235821253585,0.03700000084572922,-0.2449321348838394,0.026648337
0.09612235821253585,0.038999999838269406,-0.2449321348838394,0.027158102
0.09612235821253585,0.04100000045445424,-0.2449321348838394,0.026784139
0.09612235821253585,0.04300000107063908,-0.2449321348838394,0.026265806
0.09612235821253585,0.04500000006317926,-0.2449321348838394,0.02482886
0.09612235821253585,0.046999999055719444,-0.2449321348838394,0.023404172
0.09612235821253585,0.04899999967190428,-0.2449321348838394,0.02186596
0.09612235821253585,0.05100000028808912,-0.2449321348838394,0.020151574
0.09612235821253585,0.0529999992806293,-0.2449321348838394,0.018201927
0.09612235821253585,0.05499999827316948,-0.2449321348838394,0.016030217
0.09612235821253585,0.05699999726570966,-0.2449321348838394,0.0136655085
0.09612235821253585,0.05899999950553916,-0.2449321348838394,0.011106813
0.09612235821253585,0.06100000174536865,-0.2449321348838394,0.008358313
0.09612235821253585,0.06300000073790883,-0.2449321348838394,0.0054508774
0.09612235821253585,0.06499999973044901,-0.2449321348838394,0.002431065
0.09612235821253585,0.06699999872298919,-0.2449321348838394,-0.0006661759
0.09612235821253585,0.06899999771552937,-0.2449321348838394,-0.0037894154
0.09174399257142674,0.0010000000036590455,-0.2396728900602838,0.1262131
0.09174399257142674,0.003000000010977137,-0.2396728900602838,0.1245178
0.09174399257142674,0.004999999916817437,-0.2396728900602838,0.10874601
0.09174399257142674,0.006999999924135528,-0.2396728900602838,0.08665729
0.09174399257142674,0.008999999931453619,-0.2396728900602838,0.06186884
0.09174399257142674,0.010999999735816128,-0.2396728900602838,0.042026255
0.09174399257142674,0.012999999540178638,-0.2396728900602838,0.033336855
0.09174399257142674,0.014999999750452311,-0.2396728900602838,0.036353033
0.09174399257142674,0.01700000036663715,-0.2396728900602838,0.04519772
0.09174399257142674,0.01900000017099966,-0.2396728900602838,0.051092036
0.09174399257142674,0.020999999975362168,-0.2396728900602838,0.055103667
0.09174399257142674,0.022999999779724677,-0.2396728900602838,0.055321034
0.09174399257142674,0.024999999584087183,-0.2396728900602838,0.054153133
0.09174399257142674,0.026999999388449693,-0.2396728900602838,0.061742257
0.09174399257142674,0.02900000000463453,-0.2396728900602838,0.06576354
0.09174399257142674,0.031000000620819368,-0.2396728900602838,0.06093799
0.09174399257142674,0.03299999961335955,-0.2396728900602838,0.05488071
0.09174399257142674,0.03500000022954439,-0.2396728900602838,0.05240737
0.09174399257142674,0.03700000084572922,-0.2396728900602838,0.05245241
0.09174399257142674,0.038999999838269406,-0.2396728900602838,0.052965272
0.09174399257142674,0.04100000045445424,-0.2396728900602838,0.052616574
0.09174399257142674,0.04300000107063908,-0.2396728900602838,0.052035104
0.09174399257142674,0.04500000006317926,-0.2396728900602838,0.050597757
0.09174399257142674,0.046999999055719444,-0.2396728900602838,0.049170826
0.09174399257142674,0.04899999967190428,-0.2396728900602838,0.047621254
0.09174399257142674,0.05100000028808912,-0.2396728900602838,0.045866888
0.09174399257142674,0.0529999992806293,-0.2396728900602838,0.043863494
0.09174399257142674,0.05499999827316948,-0.2396728900602838,0.04162539
0.09174399257142674,0.05699999726570966,-0.2396728900602838,0.039181773
0.09174399257142674,0.05899999950553916,-0.2396728900602838,0.036533564
0.09174399257142674,0.06100000174536865,-0.2396728900602838,0.033692833
0.09174399257142674,0.06300000073790883,-0.2396728900602838,0.030705871
0.09174399257142674,0.06499999973044901,-0.2396728900602838,0.027607571
0.09174399257142674,0.06699999872298919,-0.2396728900602838,0.024449531
0.09174399257142674,0.06899999771552937,-0.2396728900602838,0.0212774
0.3579638332045394,0.0010000000036590455,-0.426396584681221,-0.85240525
0.3579638332045394,0.003000000010977137,-0.426396584681221,-0.8556012
0.3579638332045394,0.004999999916817437,-0.426396584681221,-0.8661816
0.3579638332045394,0.006999999924135528,-0.426396584681221,-0.87771904
0.3579638332045394,0.008999999931453619,-0.426396584681221,-0.8918803
0.3579638332045394,0.010999999735816128,-0.426396584681221,-0.90628254
0.3579638332045394,0.012999999540178638,-0.426396584681221,-0.9196229
0.3579638332045394,0.014999999750452311,-0.426396584681221,-0.92985153
0.3579638332045394,0.01700000036663715,-0.426396584681221,-0.9346783
0.3579638332045394,0.01900000017099966,-0.426396584681221,-0.9341346
0.3579638332045394,0.020999999975362168,-0.426396584681221,-0.92994964
0.3579638332045394,0.022999999779724677,-0.426396584681221,-0.92484653
0.3579638332045394,0.024999999584087183,-0.426396584681221,-0.9212493
0.3579638332045394,0.026999999388449693,-0.426396584681221,-0.9191247
0.3579638332045394,0.02900000000463453,-0.426396584681221,-0.9176572
0.3579638332045394,0.031000000620819368,-0.426396584681221,-0.9173867
0.3579638332045394,0.03299999961335955,-0.426396584681221,-0.916931
0.3579638332045394,0.03500000022954439,-0.426396584681221,-0.91461307
0.3579638332045394,0.03700000084572922,-0.426396584681221,-0.91184497
0.3579638332045394,0.038999999838269406,-0.426396584681221,-0.911876
0.3579638332045394,0.04100000045445424,-0.426396584681221,-0.91459894
0.3579638332045394,0.04300000107063908,-0.426396584681221,-0.91763085
0.3579638332045394,0.04500000006317926,-0.426396584681221,-0.9194701
0.3579638332045394,0.046999999055719444,-0.426396584681221,-0.9199384
0.3579638332045394,0.04899999967190428,-0.426396584681221,-0.919474
0.3579638332045394,0.05100000028808912,-0.426396584681221,-0.9189476
0.3579638332045394,0.0529999992806293,-0.426396584681221,-0.91878563
0.3579638332045394,0.05499999827316948,-0.426396584681221,-0.9185831
0.3579638332045394,0.05699999726570966,-0.426396584681221,-0.91897184
0.3579638332045394,0.05899999950553916,-0.426396584681221,-0.9195096
0.3579638332045394,0.06100000174536865,-0.426396584681221,-0.9202873
0.3579638332045394,0.06300000073790883,-0.426396584681221,-0.9210526
0.3579638332045394,0.06499999973044901,-0.426396584681221,-0.92196476
0.3579638332045394,0.06699999872298919,-0.426396584681221,-0.9230561
0.3579638332045394,0.06899999771552937,-0.426396584681221,-0.9243502
0.3516420753181729,0.0010000000036590455,-0.4237759962283085,-0.84166616
0.3516420753181729,0.003000000010977137,-0.4237759962283085,-0.8449349
0.3516420753181729,0.004999999916817437,-0.4237759962283085,-0.8556115
0.3516420753181729,0.006999999924135528,-0.4237759962283085,-0.86725205
0.3516420753181729,0.008999999931453619,-0.4237759962283085,-0.8815142
0.3516420753181729,0.010999999735816128,-0.4237759962283085,-0.89605117
0.3516420753181729,0.012999999540178638,-0.4237759962283085,-0.9094752
0.3516420753181729,0.014999999750452311,-0.4237759962283085,-0.91960514
0.3516420753181729,0.01700000036663715,-0.4237759962283085,-0.92423487
0.3516420753181729,0.01900000017099966,-0.4237759962283085,-0.9235537
0.3516420753181729,0.020999999975362168,-0.4237759962283085,-0.9193188
0.3516420753181729,0.022999999779724677,-0.4237759962283085,-0.91433495
0.3516420753181729,0.024999999584087183,-0.4237759962283085,-0.91089857
0.3516420753181729,0.026999999388449693,-0.4237759962283085,-0.90866756
0.3516420753181729,0.02900000000463453,-0.4237759962283085,-0.90705794
0.3516420753181729,0.031000000620819368,-0.4237759962283085,-0.9067516
0.3516420753181729,0.03299999961335955,-0.4237759962283085,-0.90602756
0.3516420753181729,0.03500000022954439,-0.4237759962283085,-0.9034197
0.3516420753181729,0.03700000084572922,-0.4237759962283085,-0.9007462
0.3516420753181729,0.038999999838269406,-0.4237759962283085,-0.9012584
0.3516420753181729,0.04100000045445424,-0.4237759962283085,-0.9043494
0.3516420753181729,0.04300000107063908,-0.4237759962283085,-0.9073761
0.3516420753181729,0.04500000006317926,-0.4237759962283085,-0.909137
0.3516420753181729,0.046999999055719444,-0.4237759962283085,-0.9094523
0.3516420753181729,0.04899999967190428,-0.4237759962283085,-0.9088653
0.3516420753181729,0.05100000028808912,-0.4237759962283085,-0.9083616
0.3516420753181729,0.0529999992806293,-0.4237759962283085,-0.9082023
0.3516420753181729,0.05499999827316948,-0.4237759962283085,-0.9080295
0.3516420753181729,0.05699999726570966,-0.4237759962283085,-0.90858305
0.3516420753181729,0.05899999950553916,-0.4237759962283085,-0.9092166
0.3516420753181729,0.06100000174536865,-0.4237759962283085,-0.9100691
0.3516420753181729,0.06300000073790883,-0.4237759962283085,-0.91088885
0.3516420753181729,0.06499999973044901,-0.4237759962283085,-0.9118489
0.3516420753181729,0.06699999872298919,-0.4237759962283085,-0.9129863
0.3516420753181729,0.06899999771552937,-0.4237759962283085,-0.91432315
0.345339749211048,0.006999999924135528,-0.421109140397282,-0.8558578
0.345339749211048,0.008999999931453619,-0.421109140397282,-0.870281
0.345339749211048,0.010999999735816128,-0.421109140397282,-0.88497084
0.345339749211048,0.012999999540178638,-0.421109140397282,-0.8984187
0.345339749211048,0.014999999750452311,-0.421109140397282,-0.9083076
0.345339749211048,0.01700000036663715,-0.421109140397282,-0.912554
0.345339749211048,0.01900000017099966,-0.421109140397282,-0.91149217
0.345339749211048,0.020999999975362168,-0.421109140397282,-0.9070137
0.345339749211048,0.022999999779724677,-0.421109140397282,-0.9020061
0.345339749211048,0.024999999584087183,-0.421109140397282,-0.8987005
0.345339749211048,0.026999999388449693,-0.421109140397282,-0.89664537
0.345339749211048,0.02900000000463453,-0.421109140397282,-0.89513814
0.345339749211048,0.031000000620819368,-0.421109140397282,-0.89509255
0.345339749211048,0.03299999961335955,-0.421109140397282,-0.8942671
0.345339749211048,0.03500000022954439,-0.421109140397282,-0.89151716
0.345339749211048,0.03700000084572922,-0.421109140397282,-0.8890404
0.345339749211048,0.038999999838269406,-0.421109140397282,-0.8899143
0.345339749211048,0.04100000045445424,-0.421109140397282,-0.8931986
0.345339749211048,0.04300000107063908,-0.421109140397282,-0.89606434
0.345339749211048,0.04500000006317926,-0.421109140397282,-0.89760107
0.345339749211048,0.046999999055719444,-0.421109140397282,-0.89775014
0.345339749211048,0.04899999967190428,-0.421109140397282,-0.8971382
0.345339749211048,0.05100000028808912,-0.421109140397282,-0.8967306
0.345339749211048,0.0529999992806293,-0.421109140397282,-0.8966445
0.345339749211048,0.05499999827316948,-0.421109140397282,-0.8965568
0.345339749211048,0.05699999726570966,-0.421109140397282,-0.8971282
0.345339749211048,0.05899999950553916,-0.421109140397282,-0.89777195
0.345339749211048,0.06100000174536865,-0.421109140397282,-0.8985726
0.345339749211048,0.06300000073790883,-0.421109140397282,-0.89940435
0.345339749211048,0.06499999973044901,-0.421109140397282,-0.90039086
0.345339749211048,0.06699999872298919,-0.421109140397282,-0.9015714
0.345339749211048,0.06899999771552937,-0.421109140397282,-0.9029686
0.3681617764291072,0.0010000000036590455,-0.43046646433229063,-0.8756023
0.3681617764291072,0.003000000010977137,-0.43046646433229063,-0.87903976
0.3681617764291072,0.004999999916817437,-0.43046646433229063,-0.8896665
0.3681617764291072,0.006999999924135528,-0.43046646433229063,-0.90110046
0.3681617764291072,0.008999999931453619,-0.43046646433229063,-0.91491383
0.3681617764291072,0.010999999735816128,-0.43046646433229063,-0.92896706
0.3681617764291072,0.012999999540178638,-0.43046646433229063,-0.9420568
0.3681617764291072,0.014999999750452311,-0.43046646433229063,-0.9522608
0.3681617764291072,0.01700000036663715,-0.43046646433229063,-0.95740694
0.3681617764291072,0.01900000017099966,-0.43046646433229063,-0.95726216
0.3681617764291072,0.020999999975362168,-0.43046646433229063,-0.95335203
0.3681617764291072,0.022999999779724677,-0.43046646433229063,-0.9482441
0.3681617764291072,0.024999999584087183,-0.43046646433229063,-0.9443241
0.3681617764291072,0.026999999388449693,-0.43046646433229063,-0.941927
0.3681617764291072,0.02900000000463453,-0.43046646433229063,-0.9402892
0.3681617764291072,0.031000000620819368,-0.43046646433229063,-0.9397385
0.3681617764291072,0.03299999961335955,-0.43046646433229063,-0.9395669
0.3681617764291072,0.03500000022954439,-0.43046646433229063,-0.9378828
0.3681617764291072,0.03700000084572922,-0.43046646433229063,-0.9353977
0.3681617764291072,0.038999999838269406,-0.43046646433229063,-0.93503106
0.3681617764291072,0.04100000045445424,-0.43046646433229063,-0.9373099
0.3681617764291072,0.04300000107063908,-0.43046646433229063,-0.9403707
0.3681617764291072,0.04500000006317926,-0.43046646433229063,-0.9422829
0.3681617764291072,0.046999999055719444,-0.43046646433229063,-0.9428266
0.3681617764291072,0.04899999967190428,-0.43046646433229063,-0.9424883
0.3681617764291072,0.05100000028808912,-0.43046646433229063,-0.9419618
0.3681617764291072,0.0529999992806293,-0.43046646433229063,-0.9416742
0.3681617764291072,0.05499999827316948,-0.43046646433229063,-0.94151855
0.3681617764291072,0.05699999726570966,-0.43046646433229063,-0.9417935
0.3681617764291072,0.05899999950553916,-0.43046646433229063,-0.942364
0.3681617764291072,0.06100000174536865,-0.43046646433229063,-0.94310445
0.3681617764291072,0.06300000073790883,-0.43046646433229063,-0.943853
0.3681617764291072,0.06499999973044901,-0.43046646433229063,-0.9447452
0.3681617764291072,0.06699999872298919,-0.43046646433229063,-0.94582474
0.3681617764291072,0.06899999771552937,-0.43046646433229063,-0.9471154
0.382893403142566,0.0010000000036590455,-0.43612207328924074,-0.8942294
0.382893403142566,0.003000000010977137,-0.43612207328924074,-0.8972275
0.382893403142566,0.004999999916817437,-0.43612207328924074,-0.90758455
0.382893403142566,0.006999999924135528,-0.43612207328924074,-0.91861445
0.382893403142566,0.008999999931453619,-0.43612207328924074,-0.93203765
0.382893403142566,0.010999999735816128,-0.43612207328924074,-0.94569236
0.382893403142566,0.012999999540178638,-0.43612207328924074,-0.9586331
0.382893403142566,0.014999999750452311,-0.43612207328924074,-0.9690658
0.382893403142566,0.01700000036663715,-0.43612207328924074,-0.9748582
0.382893403142566,0.01900000017099966,-0.43612207328924074,-0.9754841
0.382893403142566,0.020999999975362168,-0.43612207328924074,-0.97215873
0.382893403142566,0.022999999779724677,-0.43612207328924074,-0.9672239
0.382893403142566,0.024999999584087183,-0.43612207328924074,-0.9630601
0.382893403142566,0.026999999388449693,-0.43612207328924074,-0.96048295
0.382893403142566,0.02900000000463453,-0.43612207328924074,-0.95863706
0.382893403142566,0.031000000620819368,-0.43612207328924074,-0.9575888
0.382893403142566,0.03299999961335955,-0.43612207328924074,-0.9573917
0.382893403142566,0.03500000022954439,-0.43612207328924074,-0.95593554
0.382893403142566,0.03700000084572922,-0.43612207328924074,-0.9533977
0.382893403142566,0.038999999838269406,-0.43612207328924074,-0.9522564
0.382893403142566,0.04100000045445424,-0.43612207328924074,-0.95396316
0.382893403142566,0.04300000107063908,-0.43612207328924074,-0.95713675
0.382893403142566,0.04500000006317926,-0.43612207328924074,-0.9593598
0.382893403142566,0.046999999055719444,-0.43612207328924074,-0.9603691
0.382893403142566,0.04899999967190428,-0.43612207328924074,-0.9602065
0.382893403142566,0.05100000028808912,-0.43612207328924074,-0.95959103
0.382893403142566,0.0529999992806293,-0.43612207328924074,-0.959155
0.382893403142566,0.05499999827316948,-0.43612207328924074,-0.95896995
0.382893403142566,0.05699999726570966,-0.43612207328924074,-0.9590071
0.382893403142566,0.05899999950553916,-0.43612207328924074,-0.9595635
0.382893403142566,0.06100000174536865,-0.43612207328924074,-0.9602456
0.382893403142566,0.06300000073790883,-0.43612207328924074,-0.961005
0.382893403142566,0.06499999973044901,-0.43612207328924074,-0.9618214
0.382893403142566,0.06699999872298919,-0.43612207328924074,-0.9627807
0.382893403142566,0.06899999771552937,-0.43612207328924074,-0.9639129
0.3990769578531031,0.0010000000036590455,-0.44200551206430466,-0.92046845
0.3990769578531031,0.003000000010977137,-0.44200551206430466,-0.9233158
0.3990769578531031,0.004999999916817437,-0.44200551206430466,-0.93350565
0.3990769578531031,0.006999999924135528,-0.44200551206430466,-0.94418657
0.3990769578531031,0.008999999931453619,-0.44200551206430466,-0.95717925
0.3990769578531031,0.010999999735816128,-0.44200551206430466,-0.970352
0.3990769578531031,0.012999999540178638,-0.44200551206430466,-0.98301446
0.3990769578531031,0.014999999750452311,-0.44200551206430466,-0.99348223
0.3990769578531031,0.01700000036663715,-0.44200551206430466,-0.99978024
0.3990769578531031,0.01900000017099966,-0.44200551206430466,-1.0010476
0.3990769578531031,0.020999999975362168,-0.44200551206430466,-0.9982534
0.3990769578531031,0.022999999779724677,-0.44200551206430466,-0.9934707
0.3990769578531031,0.024999999584087183,-0.44200551206430466,-0.9890455
0.3990769578531031,0.026999999388449693,-0.44200551206430466,-0.98620296
0.3990769578531031,0.02900000000463453,-0.44200551206430466,-0.9842794
0.3990769578531031,0.031000000620819368,-0.44200551206430466,-0.98294204
0.3990769578531031,0.03299999961335955,-0.44200551206430466,-0.9827108
0.3990769578531031,0.03500000022954439,-0.44200551206430466,-0.9816487
0.3990769578531031,0.03700000084572922,-0.44200551206430466,-0.9794149
0.3990769578531031,0.038999999838269406,-0.44200551206430466,-0.9776986
0.3990769578531031,0.04100000045445424,-0.44200551206430466,-0.9785859
0.3990769578531031,0.04300000107063908,-0.44200551206430466,-0.98130155
0.3990769578531031,0.04500000006317926,-0.44200551206430466,-0.9836959
0.3990769578531031,0.046999999055719444,-0.44200551206430466,-0.9850315
0.3990769578531031,0.04899999967190428,-0.44200551206430466,-0.9851654
0.3990769578531031,0.05100000028808912,-0.44200551206430466,-0.984639
0.3990769578531031,0.0529999992806293,-0.44200551206430466,-0.9841621
0.3990769578531031,0.05499999827316948,-0.44200551206430466,-0.9839527
0.3990769578531031,0.05699999726570966,-0.44200551206430466,-0.9837736
0.3990769578531031,0.05899999950553916,-0.44200551206430466,-0.98414165
0.3990769578531031,0.06100000174536865,-0.44200551206430466,-0.9846913
0.3990769578531031,0.06300000073790883,-0.44200551206430466,-0.9854595
0.3990769578531031,0.06499999973044901,-0.44200551206430466,-0.9862286
0.3990769578531031,0.06699999872298919,-0.44200551206430466,-0.98714656
0.3990769578531031,0.06899999771552937,-0.44200551206430466,-0.98823804
0.4169006274709143,0.0010000000036590455,-0.4480910621261331,-0.94507563
0.4169006274709143,0.003000000010977137,-0.4480910621261331,-0.94767237
0.4169006274709143,0.004999999916817437,-0.4480910621261331,-0.9576122
0.4169006274709143,0.006999999924135528,-0.4480910621261331,-0.9678568
0.4169006274709143,0.008999999931453619,-0.4480910621261331,-0.980348
0.4169006274709143,0.010999999735816128,-0.4480910621261331,-0.9930072
0.4169006274709143,0.012999999540178638,-0.4480910621261331,-1.0053267
0.4169006274709143,0.014999999750452311,-0.4480910621261331,-1.0157511
0.4169006274709143,0.01700000036663715,-0.4480910621261331,-1.0225406
0.4169006274709143,0.01900000017099966,-0.4480910621261331,-1.0245557
0.4169006274709143,0.020999999975362168,-0.4480910621261331,-1.0224452
0.4169006274709143,0.022999999779724677,-0.4480910621261331,-1.0179867
0.4169006274709143,0.024999999584087183,-0.4480910621261331,-1.0134456
0.4169006274709143,0.026999999388449693,-0.4480910621261331,-1.0101852
0.4169006274709143,0.02900000000463453,-0.4480910621261331,-1.008024
0.4169006274709143,0.031000000620819368,-0.4480910621261331,-1.0064822
0.4169006274709143,0.03299999961335955,-0.4480910621261331,-1.0059373
0.4169006274709143,0.03500000022954439,-0.4480910621261331,-1.0052674
0.4169006274709143,0.03700000084572922,-0.4480910621261331,-1.0035238
0.4169006274709143,0.038999999838269406,-0.4480910621261331,-1.0016264
0.4169006274709143,0.04100000045445424,-0.4480910621261331,-1.0017083
0.4169006274709143,0.04300000107063908,-0.4480910621261331,-1.0038167
0.4169006274709143,0.04500000006317926,-0.4480910621261331,-1.0064503
0.4169006274709143,0.046999999055719444,-0.4480910621261331,-1.0080374
0.4169006274709143,0.04899999967190428,-0.4480910621261331,-1.0084797
0.4169006274709143,0.05100000028808912,-0.4480910621261331,-1.0081233
0.4169006274709143,0.0529999992806293,-0.4480910621261331,-1.0075873
0.4169006274709143,0.05499999827316948,-0.4480910621261331,-1.0072116
0.4169006274709143,0.05699999726570966,-0.4480910621261331,-1.0070295
0.4169006274709143,0.05899999950553916,-0.4480910621261331,-1.007182
0.4169006274709143,0.06100000174536865,-0.4480910621261331,-1.0077045
0.4169006274709143,0.06300000073790883,-0.4480910621261331,-1.0083866
0.4169006274709143,0.06499999973044901,-0.4480910621261331,-1.0091121
0.4169006274709143,0.06699999872298919,-0.4480910621261331,-1.0099571
0.4169006274709143,0.06899999771552937,-0.4480910621261331,-1.0109599
0.4364759888567519,0.0010000000036590455,-0.45432209074912877,-0.96629435
0.4364759888567519,0.003000000010977137,-0.45432209074912877,-0.96860534
0.4364759888567519,0.004999999916817437,-0.45432209074912877,-0.97824496
0.4364759888567519,0.006999999924135528,-0.45432209074912877,-0.9880752
0.4364759888567519,0.008999999931453619,-0.45432209074912877,-1.0000672
0.4364759888567519,0.010999999735816128,-0.45432209074912877,-1.0122446
0.4364759888567519,0.012999999540178638,-0.45432209074912877,-1.0242229
0.4364759888567519,0.014999999750452311,-0.45432209074912877,-1.034617
0.4364759888567519,0.01700000036663715,-0.45432209074912877,-1.0418478
0.4364759888567519,0.01900000017099966,-0.45432209074912877,-1.0446844
0.4364759888567519,0.020999999975362168,-0.45432209074912877,-1.0434136
0.4364759888567519,0.022999999779724677,-0.45432209074912877,-1.0393753
0.4364759888567519,0.024999999584087183,-0.45432209074912877,-1.0348253
0.4364759888567519,0.026999999388449693,-0.45432209074912877,-1.0311594
0.4364759888567519,0.02900000000463453,-0.45432209074912877,-1.0288256
0.4364759888567519,0.031000000620819368,-0.45432209074912877,-1.0271037
0.4364759888567519,0.03299999961335955,-0.45432209074912877,-1.0260412
0.4364759888567519,0.03500000022954439,-0.45432209074912877,-1.0255698
0.4364759888567519,0.03700000084572922,-0.45432209074912877,-1.0241486
0.4364759888567519,0.038999999838269406,-0.45432209074912877,-1.0222188
0.4364759888567519,0.04100000045445424,-0.45432209074912877,-1.0215075
0.4364759888567519,0.04300000107063908,-0.45432209074912877,-1.0228885
0.4364759888567519,0.04500000006317926,-0.45432209074912877,-1.0254524
0.4364759888567519,0.046999999055719444,-0.45432209074912877,-1.0272806
0.4364759888567519,0.04899999967190428,-0.45432209074912877,-1.0281683
0.4364759888567519,0.05100000028808912,-0.45432209074912877,-1.0281006
0.4364759888567519,0.0529999992806293,-0.45432209074912877,-1.0275813
0.4364759888567519,0.05499999827316948,-0.45432209074912877,-1.027148
0.4364759888567519,0.05699999726570966,-0.45432209074912877,-1.026931
0.4364759888567519,0.05899999950553916,-0.45432209074912877,-1.0268605
0.4364759888567519,0.06100000174536865,-0.45432209074912877,-1.0272684
0.4364759888567519,0.06300000073790883,-0.45432209074912877,-1.0278502
0.4364759888567519,0.06499999973044901,-0.45432209074912877,-1.028622
0.4364759888567519,0.06699999872298919,-0.45432209074912877,-1.0294045
0.4364759888567519,0.06899999771552937,-0.45432209074912877,-1.0303323
0.4578828603818992,0.0010000000036590455,-0.4606222476669934,-0.9888109
0.4578828603818992,0.003000000010977137,-0.4606222476669934,-0.99092937
0.4578828603818992,0.004999999916817437,-0.4606222476669934,-1.0002533
0.4578828603818992,0.006999999924135528,-0.4606222476669934,-1.0096674
0.4578828603818992,0.008999999931453619,-0.4606222476669934,-1.0211208
0.4578828603818992,0.010999999735816128,-0.4606222476669934,-1.0328068
0.4578828603818992,0.012999999540178638,-0.4606222476669934,-1.0443666
0.4578828603818992,0.014999999750452311,-0.4606222476669934,-1.0546057
0.4578828603818992,0.01700000036663715,-0.4606222476669934,-1.0621933
0.4578828603818992,0.01900000017099966,-0.4606222476669934,-1.0657933
0.4578828603818992,0.020999999975362168,-0.4606222476669934,-1.0653721
0.4578828603818992,0.022999999779724677,-0.4606222476669934,-1.0619041
0.4578828603818992,0.024999999584087183,-0.4606222476669934,-1.0573733
0.4578828603818992,0.026999999388449693,-0.4606222476669934,-1.0533769
0.4578828603818992,0.02900000000463453,-0.4606222476669934,-1.0506706
0.4578828603818992,0.031000000620819368,-0.4606222476669934,-1.0487947
0.4578828603818992,0.03299999961335955,-0.4606222476669934,-1.0474004
0.4578828603818992,0.03500000022954439,-0.4606222476669934,-1.0468863
0.4578828603818992,0.03700000084572922,-0.4606222476669934,-1.0458218
0.4578828603818992,0.038999999838269406,-0.4606222476669934,-1.0441664
0.4578828603818992,0.04100000045445424,-0.4606222476669934,-1.0429578
0.4578828603818992,0.04300000107063908,-0.4606222476669934,-1.0435666
0.4578828603818992,0.04500000006317926,-0.4606222476669934,-1.0456167
0.4578828603818992,0.046999999055719444,-0.4606222476669934,-1.0477201
0.4578828603818992,0.04899999967190428,-0.4606222476669934,-1.0489222
0.4578828603818992,0.05100000028808912,-0.4606222476669934,-1.049143
0.4578828603818992,0.0529999992806293,-0.4606222476669934,-1.0487723
0.4578828603818992,0.05499999827316948,-0.4606222476669934,-1.0483382
0.4578828603818992,0.05699999726570966,-0.4606222476669934,-1.0480376
0.4578828603818992,0.05899999950553916,-0.4606222476669934,-1.0478908
0.4578828603818992,0.06100000174536865,-0.4606222476669934,-1.048062
0.4578828603818992,0.06300000073790883,-0.4606222476669934,-1.0485814
0.4578828603818992,0.06499999973044901,-0.4606222476669934,-1.0492802
0.4578828603818992,0.06699999872298919,-0.4606222476669934,-1.050029
0.4578828603818992,0.06899999771552937,-0.4606222476669934,-1.0508922
0.4811922667581832,0.0010000000036590455,-0.46688863277601567,-1.0088675
0.4811922667581832,0.003000000010977137,-0.46688863277601567,-1.0107536
0.4811922667581832,0.004999999916817437,-0.46688863277601567,-1.0197123
0.4811922667581832,0.006999999924135528,-0.46688863277601567,-1.0286791
0.4811922667581832,0.008999999931453619,-0.46688863277601567,-1.0395479
0.4811922667581832,0.010999999735816128,-0.46688863277601567,-1.0506852
0.4811922667581832,0.012999999540178638,-0.46688863277601567,-1.0617381
0.4811922667581832,0.014999999750452311,-0.46688863277601567,-1.0717313
0.4811922667581832,0.01700000036663715,-0.46688863277601567,-1.0795565
0.4811922667581832,0.01900000017099966,-0.46688863277601567,-1.083891
0.4811922667581832,0.020999999975362168,-0.46688863277601567,-1.0843563
0.4811922667581832,0.022999999779724677,-0.46688863277601567,-1.0816643
0.4811922667581832,0.024999999584087183,-0.46688863277601567,-1.0773176
0.4811922667581832,0.026999999388449693,-0.46688863277601567,-1.0732042
0.4811922667581832,0.02900000000463453,-0.46688863277601567,-1.0700148
0.4811922667581832,0.031000000620819368,-0.46688863277601567,-1.0678937
0.4811922667581832,0.03299999961335955,-0.46688863277601567,-1.0663224
0.4811922667581832,0.03500000022954439,-0.46688863277601567,-1.0653821
0.4811922667581832,0.03700000084572922,-0.46688863277601567,-1.0646653
0.4811922667581832,0.038999999838269406,-0.46688863277601567,-1.063361
0.4811922667581832,0.04100000045445424,-0.46688863277601567,-1.0620327
0.4811922667581832,0.04300000107063908,-0.46688863277601567,-1.0618793
0.4811922667581832,0.04500000006317926,-0.46688863277601567,-1.0632737
0.4811922667581832,0.046999999055719444,-0.46688863277601567,-1.0654434
0.4811922667581832,0.04899999967190428,-0.46688863277601567,-1.0668676
0.4811922667581832,0.05100000028808912,-0.46688863277601567,-1.067502
0.4811922667581832,0.0529999992806293,-0.46688863277601567,-1.0673712
0.4811922667581832,0.05499999827316948,-0.46688863277601567,-1.0669032
0.4811922667581832,0.05699999726570966,-0.46688863277601567,-1.0664978
0.4811922667581832,0.05899999950553916,-0.46688863277601567,-1.0663084
0.4811922667581832,0.06100000174536865,-0.46688863277601567,-1.0663031
0.4811922667581832,0.06300000073790883,-0.46688863277601567,-1.0666695
0.4811922667581832,0.06499999973044901,-0.46688863277601567,-1.0672463
0.4811922667581832,0.06699999872298919,-0.46688863277601567,-1.0680048
0.4811922667581832,0.06899999771552937,-0.46688863277601567,-1.0687841
0.5064589313050859,0.0010000000036590455,-0.47300891584432275,-1.0244683
0.5064589313050859,0.003000000010977137,-0.47300891584432275,-1.0260857
0.5064589313050859,0.004999999916817437,-0.47300891584432275,-1.0346265
0.5064589313050859,0.006999999924135528,-0.47300891584432275,-1.0431633
0.5064589313050859,0.008999999931453619,-0.47300891584432275,-1.0534923
0.5064589313050859,0.010999999735816128,-0.47300891584432275,-1.0640997
0.5064589313050859,0.012999999540178638,-0.47300891584432275,-1.074625
0.5064589313050859,0.014999999750452311,-0.47300891584432275,-1.0843308
0.5064589313050859,0.01700000036663715,-0.47300891584432275,-1.0922921
0.5064589313050859,0.01900000017099966,-0.47300891584432275,-1.097293
0.5064589313050859,0.020999999975362168,-0.47300891584432275,-1.0986171
0.5064589313050859,0.022999999779724677,-0.47300891584432275,-1.0967611
0.5064589313050859,0.024999999584087183,-0.47300891584432275,-1.0928434
0.5064589313050859,0.026999999388449693,-0.47300891584432275,-1.0886788
0.5064589313050859,0.02900000000463453,-0.47300891584432275,-1.0851095
0.5064589313050859,0.031000000620819368,-0.47300891584432275,-1.0826705
0.5064589313050859,0.03299999961335955,-0.47300891584432275,-1.0809278
0.5064589313050859,0.03500000022954439,-0.47300891584432275,-1.0795673
0.5064589313050859,0.03700000084572922,-0.47300891584432275,-1.078874
0.5064589313050859,0.038999999838269406,-0.47300891584432275,-1.0777954
0.5064589313050859,0.04100000045445424,-0.47300891584432275,-1.0765405
0.5064589313050859,0.04300000107063908,-0.47300891584432275,-1.0758553
0.5064589313050859,0.04500000006317926,-0.47300891584432275,-1.0765293
0.5064589313050859,0.046999999055719444,-0.47300891584432275,-1.0782554
0.5064589313050859,0.04899999967190428,-0.47300891584432275,-1.0799931
0.5064589313050859,0.05100000028808912,-0.47300891584432275,-1.0809526
0.5064589313050859,0.0529999992806293,-0.47300891584432275,-1.0811247
0.5064589313050859,0.05499999827316948,-0.47300891584432275,-1.0808092
0.5064589313050859,0.05699999726570966,-0.47300891584432275,-1.080436
0.5064589313050859,0.05899999950553916,-0.47300891584432275,-1.0801525
0.5064589313050859,0.06100000174536865,-0.47300891584432275,-1.0800794
0.5064589313050859,0.06300000073790883,-0.47300891584432275,-1.0802294
0.5064589313050859,0.06499999973044901,-0.47300891584432275,-1.0807362
0.5064589313050859,0.06699999872298919,-0.47300891584432275,-1.0814085
0.5064589313050859,0.06899999771552937,-0.47300891584432275,-1.0821532
0.5337203147521079,0.0010000000036590455,-0.47885821911414134,-1.0368781
0.5337203147521079,0.003000000010977137,-0.47885821911414134,-1.0382432
0.5337203147521079,0.004999999916817437,-0.47885821911414134,-1.0463191
0.5337203147521079,0.006999999924135528,-0.47885821911414134,-1.0544097
0.5337203147521079,0.008999999931453619,-0.47885821911414134,-1.0641954
0.5337203147521079,0.010999999735816128,-0.47885821911414134,-1.0742155
0.5337203147521079,0.012999999540178638,-0.47885821911414134,-1.0841624
0.5337203147521079,0.014999999750452311,-0.47885821911414134,-1.093484
0.5337203147521079,0.01700000036663715,-0.47885821911414134,-1.1014216
0.5337203147521079,0.01900000017099966,-0.47885821911414134,-1.1069059
0.5337203147521079,0.020999999975362168,-0.47885821911414134,-1.109073
0.5337203147521079,0.022999999779724677,-0.47885821911414134,-1.1081313
0.5337203147521079,0.024999999584087183,-0.47885821911414134,-1.1048855
0.5337203147521079,0.026999999388449693,-0.47885821911414134,-1.1007582
0.5337203147521079,0.02900000000463453,-0.47885821911414134,-1.097027
0.5337203147521079,0.031000000620819368,-0.47885821911414134,-1.0941093
0.5337203147521079,0.03299999961335955,-0.47885821911414134,-1.0921524
0.5337203147521079,0.03500000022954439,-0.47885821911414134,-1.0906601
0.5337203147521079,0.03700000084572922,-0.47885821911414134,-1.0895957
0.5337203147521079,0.038999999838269406,-0.47885821911414134,-1.0887665
0.5337203147521079,0.04100000045445424,-0.47885821911414134,-1.087696
0.5337203147521079,0.04300000107063908,-0.47885821911414134,-1.0868152
0.5337203147521079,0.04500000006317926,-0.47885821911414134,-1.0868161
0.5337203147521079,0.046999999055719444,-0.47885821911414134,-1.0879462
0.5337203147521079,0.04899999967190428,-0.47885821911414134,-1.0896782
0.5337203147521079,0.05100000028808912,-0.47885821911414134,-1.0908796
0.5337203147521079,0.0529999992806293,-0.47885821911414134,-1.0914562
0.5337203147521079,0.05499999827316948,-0.47885821911414134,-1.0913782
0.5337203147521079,0.05699999726570966,-0.47885821911414134,-1.091024
0.5337203147521079,0.05899999950553916,-0.47885821911414134,-1.0906892
0.5337203147521079,0.06100000174536865,-0.47885821911414134,-1.0905341
0.5337203147521079,0.06300000073790883,-0.47885821911414134,-1.0905709
0.5337203147521079,0.06499999973044901,-0.47885821911414134,-1.0908641
0.5337203147521079,0.06699999872298919,-0.47885821911414134,-1.091415
0.5337203147521079,0.06899999771552937,-0.47885821911414134,-1.0921429
0.5629953552905154,0.0010000000036590455,-0.4843002343693205,-1.042478
0.5629953552905154,0.003000000010977137,-0.4843002343693205,-1.0435745
0.5629953552905154,0.004999999916817437,-0.4843002343693205,-1.051099
0.5629953552905154,0.006999999924135528,-0.4843002343693205,-1.0587325
0.5629953552905154,0.008999999931453619,-0.4843002343693205,-1.0679833
0.5629953552905154,0.010999999735816128,-0.4843002343693205,-1.0773987
0.5629953552905154,0.012999999540178638,-0.4843002343693205,-1.0867771
0.5629953552905154,0.014999999750452311,-0.4843002343693205,-1.095654
0.5629953552905154,0.01700000036663715,-0.4843002343693205,-1.1034294
0.5629953552905154,0.01900000017099966,-0.4843002343693205,-1.1092433
0.5629953552905154,0.020999999975362168,-0.4843002343693205,-1.1121761
0.5629953552905154,0.022999999779724677,-0.4843002343693205,-1.1121774
0.5629953552905154,0.024999999584087183,-0.4843002343693205,-1.1097428
0.5629953552905154,0.026999999388449693,-0.4843002343693205,-1.1059071
0.5629953552905154,0.02900000000463453,-0.4843002343693205,-1.1021026
0.5629953552905154,0.031000000620819368,-0.4843002343693205,-1.098833
0.5629953552905154,0.03299999961335955,-0.4843002343693205,-1.0965629
0.5629953552905154,0.03500000022954439,-0.4843002343693205,-1.0949048
0.5629953552905154,0.03700000084572922,-0.4843002343693205,-1.0935328
0.5629953552905154,0.038999999838269406,-0.4843002343693205,-1.0926502
0.5629953552905154,0.04100000045445424,-0.4843002343693205,-1.091701
0.5629953552905154,0.04300000107063908,-0.4843002343693205,-1.0907923
0.5629953552905154,0.04500000006317926,-0.4843002343693205,-1.0903803
0.5629953552905154,0.046999999055719444,-0.4843002343693205,-1.0908564
0.5629953552905154,0.04899999967190428,-0.4843002343693205,-1.0921491
0.5629953552905154,0.05100000028808912,-0.4843002343693205,-1.0936247
0.5629953552905154,0.0529999992806293,-0.4843002343693205,-1.0944641
0.5629953552905154,0.05499999827316948,-0.4843002343693205,-1.0947242
0.5629953552905154,0.05699999726570966,-0.4843002343693205,-1.0945346
0.5629953552905154,0.05899999950553916,-0.4843002343693205,-1.094242
0.5629953552905154,0.06100000174536865,-0.4843002343693205,-1.0939773
0.5629953552905154,0.06300000073790883,-0.4843002343693205,-1.093938
0.5629953552905154,0.06499999973044901,-0.4843002343693205,-1.0940758
0.5629953552905154,0.06699999872298919,-0.4843002343693205,-1.0944779
0.5629953552905154,0.06899999771552937,-0.4843002343693205,-1.0950774
0.5942822084599791,0.0010000000036590455,-0.4891947306682209,-1.0421365
0.5942822084599791,0.003000000010977137,-0.4891947306682209,-1.0429611
0.5942822084599791,0.004999999916817437,-0.4891947306682209,-1.0498695
0.5942822084599791,0.006999999924135528,-0.4891947306682209,-1.0570385
0.5942822084599791,0.008999999931453619,-0.4891947306682209,-1.0657586
0.5942822084599791,0.010999999735816128,-0.4891947306682209,-1.0745664
0.5942822084599791,0.012999999540178638,-0.4891947306682209,-1.0833745
0.5942822084599791,0.014999999750452311,-0.4891947306682209,-1.091736
0.5942822084599791,0.01700000036663715,-0.4891947306682209,-1.0992095
0.5942822084599791,0.01900000017099966,-0.4891947306682209,-1.1051311
0.5942822084599791,0.020999999975362168,-0.4891947306682209,-1.108667
0.5942822084599791,0.022999999779724677,-0.4891947306682209,-1.1094899
0.5942822084599791,0.024999999584087183,-0.4891947306682209,-1.1078768
0.5942822084599791,0.026999999388449693,-0.4891947306682209,-1.1045852
0.5942822084599791,0.02900000000463453,-0.4891947306682209,-1.100779
0.5942822084599791,0.031000000620819368,-0.4891947306682209,-1.0973531
0.5942822084599791,0.03299999961335955,-0.4891947306682209,-1.0945721
0.5942822084599791,0.03500000022954439,-0.4891947306682209,-1.0927219
0.5942822084599791,0.03700000084572922,-0.4891947306682209,-1.0912638
0.5942822084599791,0.038999999838269406,-0.4891947306682209,-1.0900252
0.5942822084599791,0.04100000045445424,-0.4891947306682209,-1.0891397
0.5942822084599791,0.04300000107063908,-0.4891947306682209,-1.0882275
0.5942822084599791,0.04500000006317926,-0.4891947306682209,-1.0875709
0.5942822084599791,0.046999999055719444,-0.4891947306682209,-1.087542
0.5942822084599791,0.04899999967190428,-0.4891947306682209,-1.0882927
0.5942822084599791,0.05100000028808912,-0.4891947306682209,-1.0895554
0.5942822084599791,0.0529999992806293,-0.4891947306682209,-1.0906479
0.5942822084599791,0.05499999827316948,-0.4891947306682209,-1.0912646
0.5942822084599791,0.05699999726570966,-0.4891947306682209,-1.0913274
0.5942822084599791,0.05899999950553916,-0.4891947306682209,-1.0911386
0.5942822084599791,0.06100000174536865,-0.4891947306682209,-1.090916
0.5942822084599791,0.06300000073790883,-0.4891947306682209,-1.0907575
0.5942822084599791,0.06499999973044901,-0.4891947306682209,-1.0908073
0.5942822084599791,0.06699999872298919,-0.4891947306682209,-1.0909982
0.5942822084599791,0.06899999771552937,-0.4891947306682209,-1.0914572
0.6275604812836215,0.0010000000036590455,-0.4933807203959222,-1.0344697
0.6275604812836215,0.003000000010977137,-0.4933807203959222,-1.0350714
0.6275604812836215,0.004999999916817437,-0.4933807203959222,-1.0413767
0.6275604812836215,0.006999999924135528,-0.4933807203959222,-1.0481045
0.6275604812836215,0.008999999931453619,-0.4933807203959222,-1.0562911
0.6275604812836215,0.010999999735816128,-0.4933807203959222,-1.0644865
0.6275604812836215,0.012999999540178638,-0.4933807203959222,-1.0726817
0.6275604812836215,0.014999999750452311,-0.4933807203959222,-1.0804361
0.6275604812836215,0.01700000036663715,-0.4933807203959222,-1.0874728
0.6275604812836215,0.01900000017099966,-0.4933807203959222,-1.0932864
0.6275604812836215,0.020999999975362168,-0.4933807203959222,-1.0972048
0.6275604812836215,0.022999999779724677,-0.4933807203959222,-1.0986861
0.6275604812836215,0.024999999584087183,-0.4933807203959222,-1.0978864
0.6275604812836215,0.026999999388449693,-0.4933807203959222,-1.0952909
0.6275604812836215,0.02900000000463453,-0.4933807203959222,-1.0917364
0.6275604812836215,0.031000000620819368,-0.4933807203959222,-1.0882456
0.6275604812836215,0.03299999961335955,-0.4933807203959222,-1.085218
0.6275604812836215,0.03500000022954439,-0.4933807203959222,-1.0829693
0.6275604812836215,0.03700000084572922,-0.4933807203959222,-1.0813361
0.6275604812836215,0.038999999838269406,-0.4933807203959222,-1.0799834
0.6275604812836215,0.04100000045445424,-0.4933807203959222,-1.0788935
0.6275604812836215,0.04300000107063908,-0.4933807203959222,-1.0780078
0.6275604812836215,0.04500000006317926,-0.4933807203959222,-1.0772609
0.6275604812836215,0.046999999055719444,-0.4933807203959222,-1.0769087
0.6275604812836215,0.04899999967190428,-0.4933807203959222,-1.0771568
0.6275604812836215,0.05100000028808912,-0.4933807203959222,-1.0779957
0.6275604812836215,0.0529999992806293,-0.4933807203959222,-1.0791256
0.6275604812836215,0.05499999827316948,-0.4933807203959222,-1.0799177
0.6275604812836215,0.05699999726570966,-0.4933807203959222,-1.0803357
0.6275604812836215,0.05899999950553916,-0.4933807203959222,-1.0803132
0.6275604812836215,0.06100000174536865,-0.4933807203959222,-1.0801249
0.6275604812836215,0.06300000073790883,-0.4933807203959222,-1.0799216
0.6275604812836215,0.06499999973044901,-0.4933807203959222,-1.0798314
0.6275604812836215,0.06699999872298919,-0.4933807203959222,-1.0799438
0.6275604812836215,0.06899999771552937,-0.4933807203959222,-1.0801846
0.6627883226967922,0.0010000000036590455,-0.49669321527707194,-1.0135838
0.6627883226967922,0.003000000010977137,-0.49669321527707194,-1.0139147
0.6627883226967922,0.004999999916817437,-0.49669321527707194,-1.0195391
0.6627883226967922,0.006999999924135528,-0.49669321527707194,-1.0257932
0.6627883226967922,0.008999999931453619,-0.49669321527707194,-1.0334114
0.6627883226967922,0.010999999735816128,-0.49669321527707194,-1.0409926
0.6627883226967922,0.012999999540178638,-0.49669321527707194,-1.0485379
0.6627883226967922,0.014999999750452311,-0.49669321527707194,-1.0556426
0.6627883226967922,0.01700000036663715,-0.49669321527707194,-1.0621549
0.6627883226967922,0.01900000017099966,-0.49669321527707194,-1.067686
0.6627883226967922,0.020999999975362168,-0.49669321527707194,-1.0717448
0.6627883226967922,0.022999999779724677,-0.49669321527707194,-1.0737023
0.6627883226967922,0.024999999584087183,-0.49669321527707194,-1.0735943
0.6627883226967922,0.026999999388449693,-0.49669321527707194,-1.0716908
0.6627883226967922,0.02900000000463453,-0.49669321527707194,-1.0686413
0.6627883226967922,0.031000000620819368,-0.49669321527707194,-1.0651919
0.6627883226967922,0.03299999961335955,-0.49669321527707194,-1.0620867
0.6627883226967922,0.03500000022954439,-0.49669321527707194,-1.0594733
0.6627883226967922,0.03700000084572922,-0.49669321527707194,-1.0576037
0.6627883226967922,0.038999999838269406,-0.49669321527707194,-1.0561427
0.6627883226967922,0.04100000045445424,-0.49669321527707194,-1.0548643
0.6627883226967922,0.04300000107063908,-0.49669321527707194,-1.0538625
0.6627883226967922,0.04500000006317926,-0.49669321527707194,-1.0530161
0.6627883226967922,0.046999999055719444,-0.49669321527707194,-1.0524067
0.6627883226967922,0.04899999967190428,-0.49669321527707194,-1.0522541
0.6627883226967922,0.05100000028808912,-0.49669321527707194,-1.0526006
0.6627883226967922,0.0529999992806293,-0.49669321527707194,-1.0533781
0.6627883226967922,0.05499999827316948,-0.49669321527707194,-1.0543102
0.6627883226967922,0.05699999726570966,-0.49669321527707194,-1.0548673
0.6627883226967922,0.05899999950553916,-0.49669321527707194,-1.0551394
0.6627883226967922,0.06100000174536865,-0.49669321527707194,-1.0550913
0.6627883226967922,0.06300000073790883,-0.49669321527707194,-1.0549377
0.6627883226967922,0.06499999973044901,-0.49669321527707194,-1.0547721
0.6627883226967922,0.06699999872298919,-0.49669321527707194,-1.054725
0.6627883226967922,0.06899999771552937,-0.49669321527707194,-1.054837
0.6999020078940371,0.0010000000036590455,-0.49896675942665697,-0.98055154
0.6999020078940371,0.003000000010977137,-0.49896675942665697,-0.98058665
0.6999020078940371,0.004999999916817437,-0.49896675942665697,-0.9854695
0.6999020078940371,0.006999999924135528,-0.49896675942665697,-0.99121803
0.6999020078940371,0.008999999931453619,-0.49896675942665697,-0.9982794
0.6999020078940371,0.010999999735816128,-0.49896675942665697,-1.0052714
0.6999020078940371,0.012999999540178638,-0.49896675942665697,-1.0121596
0.6999020078940371,0.014999999750452311,-0.49896675942665697,-1.0186007
0.6999020078940371,0.01700000036663715,-0.49896675942665697,-1.0244946
0.6999020078940371,0.01900000017099966,-0.49896675942665697,-1.0295566
0.6999020078940371,0.020999999975362168,-0.49896675942665697,-1.0334643
0.6999020078940371,0.022999999779724677,-0.49896675942665697,-1.0356303
0.6999020078940371,0.024999999584087183,-0.49896675942665697,-1.0359865
0.6999020078940371,0.026999999388449693,-0.49896675942665697,-1.0346534
0.6999020078940371,0.02900000000463453,-0.49896675942665697,-1.0320692
0.6999020078940371,0.031000000620819368,-0.49896675942665697,-1.0289114
0.6999020078940371,0.03299999961335955,-0.49896675942665697,-1.0257756
0.6999020078940371,0.03500000022954439,-0.49896675942665697,-1.0230908
0.6999020078940371,0.03700000084572922,-0.49896675942665697,-1.0208842
0.6999020078940371,0.038999999838269406,-0.49896675942665697,-1.0192744
0.6999020078940371,0.04100000045445424,-0.49896675942665697,-1.0179456
0.6999020078940371,0.04300000107063908,-0.49896675942665697,-1.0167294
0.6999020078940371,0.04500000006317926,-0.49896675942665697,-1.0157849
0.6999020078940371,0.046999999055719444,-0.49896675942665697,-1.0149995
0.6999020078940371,0.04899999967190428,-0.49896675942665697,-1.0145231
0.6999020078940371,0.05100000028808912,-0.49896675942665697,-1.0144821
0.6999020078940371,0.0529999992806293,-0.49896675942665697,-1.0148231
0.6999020078940371,0.05499999827316948,-0.49896675942665697,-1.0154661
0.6999020078940371,0.05699999726570966,-0.49896675942665697,-1.0161827
0.6999020078940371,0.05899999950553916,-0.49896675942665697,-1.0165601
0.6999020078940371,0.06100000174536865,-0.49896675942665697,-1.0167233
0.6999020078940371,0.06300000073790883,-0.49896675942665697,-1.0166388
0.6999020078940371,0.06499999973044901,-0.49896675942665697,-1.0164839
0.6999020078940371,0.06699999872298919,-0.49896675942665697,-1.0163378
0.6999020078940371,0.06899999771552937,-0.49896675942665697,-1.0162923
0.7388177308327982,0.0010000000036590455,-0.5000566276546303,-0.9256792
0.7388177308327982,0.003000000010977137,-0.5000566276546303,-0.9256188
0.7388177308327982,0.004999999916817437,-0.5000566276546303,-0.9300082
0.7388177308327982,0.006999999924135528,-0.5000566276546303,-0.93515295
0.7388177308327982,0.008999999931453619,-0.5000566276546303,-0.94150203
0.7388177308327982,0.010999999735816128,-0.5000566276546303,-0.94772094
0.7388177308327982,0.012999999540178638,-0.5000566276546303,-0.9537904
0.7388177308327982,0.014999999750452311,-0.5000566276546303,-0.95944375
0.7388177308327982,0.01700000036663715,-0.5000566276546303,-0.9645794
0.7388177308327982,0.01900000017099966,-0.5000566276546303,-0.9690433
0.7388177308327982,0.020999999975362168,-0.5000566276546303,-0.9726542
0.7388177308327982,0.022999999779724677,-0.5000566276546303,-0.97497255
0.7388177308327982,0.024999999584087183,-0.5000566276546303,-0.9757533
0.7388177308327982,0.026999999388449693,-0.5000566276546303,-0.9750758
0.7388177308327982,0.02900000000463453,-0.5000566276546303,-0.9731648
0.7388177308327982,0.031000000620819368,-0.5000566276546303,-0.9704703
0.7388177308327982,0.03299999961335955,-0.5000566276546303,-0.96759826
0.7388177308327982,0.03500000022954439,-0.5000566276546303,-0.9649067
0.7388177308327982,0.03700000084572922,-0.5000566276546303,-0.9627446
0.7388177308327982,0.038999999838269406,-0.5000566276546303,-0.9608763
0.7388177308327982,0.04100000045445424,-0.5000566276546303,-0.9593566
0.7388177308327982,0.04300000107063908,-0.5000566276546303,-0.958174
0.7388177308327982,0.04500000006317926,-0.5000566276546303,-0.9570458
0.7388177308327982,0.046999999055719444,-0.5000566276546303,-0.9562008
0.7388177308327982,0.04899999967190428,-0.5000566276546303,-0.95545286
0.7388177308327982,0.05100000028808912,-0.5000566276546303,-0.95513755
0.7388177308327982,0.0529999992806293,-0.5000566276546303,-0.9551927
0.7388177308327982,0.05499999827316948,-0.5000566276546303,-0.9555341
0.7388177308327982,0.05699999726570966,-0.5000566276546303,-0.95606136
0.7388177308327982,0.05899999950553916,-0.5000566276546303,-0.9566027
0.7388177308327982,0.06100000174536865,-0.5000566276546303,-0.9568464
0.7388177308327982,0.06300000073790883,-0.5000566276546303,-0.9569327
0.7388177308327982,0.06499999973044901,-0.5000566276546303,-0.9568095
0.7388177308327982,0.06699999872298919,-0.5000566276546303,-0.95662755
0.7388177308327982,0.06899999771552937,-0.5000566276546303,-0.95647806
0.7794387222915846,0.0010000000036590455,-0.5001820249786936,-0.8374256
0.7794387222915846,0.003000000010977137,-0.5001820249786936,-0.83645827
0.7794387222915846,0.004999999916817437,-0.5001820249786936,-0.8387062
0.7794387222915846,0.006999999924135528,-0.5001820249786936,-0.8420653
0.7794387222915846,0.008999999931453619,-0.5001820249786936,-0.8468632
0.7794387222915846,0.010999999735816128,-0.5001820249786936,-0.8519185
0.7794387222915846,0.012999999540178638,-0.5001820249786936,-0.85711944
0.7794387222915846,0.014999999750452311,-0.5001820249786936,-0.86217266
0.7794387222915846,0.01700000036663715,-0.5001820249786936,-0.86692655
0.7794387222915846,0.01900000017099966,-0.5001820249786936,-0.87127227
0.7794387222915846,0.020999999975362168,-0.5001820249786936,-0.87505126
0.7794387222915846,0.022999999779724677,-0.5001820249786936,-0.8780278
0.7794387222915846,0.024999999584087183,-0.5001820249786936,-0.87973905
0.7794387222915846,0.026999999388449693,-0.5001820249786936,-0.88027626
0.7794387222915846,0.02900000000463453,-0.5001820249786936,-0.87968963
0.7794387222915846,0.031000000620819368,-0.5001820249786936,-0.8782392
0.7794387222915846,0.03299999961335955,-0.5001820249786936,-0.87625873
0.7794387222915846,0.03500000022954439,-0.5001820249786936,-0.8741641
0.7794387222915846,0.03700000084572922,-0.5001820249786936,-0.8722127
0.7794387222915846,0.038999999838269406,-0.5001820249786936,-0.8706835
0.7794387222915846,0.04100000045445424,-0.5001820249786936,-0.86956877
0.7794387222915846,0.04300000107063908,-0.5001820249786936,-0.8685276
0.7794387222915846,0.04500000006317926,-0.5001820249786936,-0.8674321
0.7794387222915846,0.046999999055719444,-0.5001820249786936,-0.8664963
0.7794387222915846,0.04899999967190428,-0.5001820249786936,-0.8655872
0.7794387222915846,0.05100000028808912,-0.5001820249786936,-0.8648141
0.7794387222915846,0.0529999992806293,-0.5001820249786936,-0.86413693
0.7794387222915846,0.05499999827316948,-0.5001820249786936,-0.86387074
0.7794387222915846,0.05699999726570966,-0.5001820249786936,-0.86388
0.7794387222915846,0.05899999950553916,-0.5001820249786936,-0.86417407
0.7794387222915846,0.06100000174536865,-0.5001820249786936,-0.8646134
0.7794387222915846,0.06300000073790883,-0.5001820249786936,-0.86487824
0.7794387222915846,0.06499999973044901,-0.5001820249786936,-0.8650723
0.7794387222915846,0.06699999872298919,-0.5001820249786936,-0.86510426
0.7794387222915846,0.06899999771552937,-0.5001820249786936,-0.8650526
0.8216759286083104,0.0010000000036590455,-0.4998561010450499,-0.77083373
0.8216759286083104,0.003000000010977137,-0.4998561010450499,-0.7697086
0.8216759286083104,0.004999999916817437,-0.4998561010450499,-0.770603
0.8216759286083104,0.006999999924135528,-0.4998561010450499,-0.77280205
0.8216759286083104,0.008999999931453619,-0.4998561010450499,-0.77655035
0.8216759286083104,0.010999999735816128,-0.4998561010450499,-0.78089356
0.8216759286083104,0.012999999540178638,-0.4998561010450499,-0.7856243
0.8216759286083104,0.014999999750452311,-0.4998561010450499,-0.7904115
0.8216759286083104,0.01700000036663715,-0.4998561010450499,-0.7951242
0.8216759286083104,0.01900000017099966,-0.4998561010450499,-0.7996135
0.8216759286083104,0.020999999975362168,-0.4998561010450499,-0.80373263
0.8216759286083104,0.022999999779724677,-0.4998561010450499,-0.8073335
0.8216759286083104,0.024999999584087183,-0.4998561010450499,-0.8100211
0.8216759286083104,0.026999999388449693,-0.4998561010450499,-0.8116973
0.8216759286083104,0.02900000000463453,-0.4998561010450499,-0.8122958
0.8216759286083104,0.031000000620819368,-0.4998561010450499,-0.8118575
0.8216759286083104,0.03299999961335955,-0.4998561010450499,-0.81058764
0.8216759286083104,0.03500000022954439,-0.4998561010450499,-0.8088567
0.8216759286083104,0.03700000084572922,-0.4998561010450499,-0.80697167
0.8216759286083104,0.038999999838269406,-0.4998561010450499,-0.80525976
0.8216759286083104,0.04100000045445424,-0.4998561010450499,-0.8037771
0.8216759286083104,0.04300000107063908,-0.4998561010450499,-0.8027174
0.8216759286083104,0.04500000006317926,-0.4998561010450499,-0.8021407
0.8216759286083104,0.046999999055719444,-0.4998561010450499,-0.8013547
0.8216759286083104,0.04899999967190428,-0.4998561010450499,-0.8005201
0.8216759286083104,0.05100000028808912,-0.4998561010450499,-0.799772
0.8216759286083104,0.0529999992806293,-0.4998561010450499,-0.79900295
0.8216759286083104,0.05499999827316948,-0.4998561010450499,-0.79844946
0.8216759286083104,0.05699999726570966,-0.4998561010450499,-0.7979655
0.8216759286083104,0.05899999950553916,-0.4998561010450499,-0.7978246
0.8216759286083104,0.06100000174536865,-0.4998561010450499,-0.7978817
0.8216759286083104,0.06300000073790883,-0.4998561010450499,-0.79819196
0.8216759286083104,0.06499999973044901,-0.4998561010450499,-0.79858047
0.8216759286083104,0.06699999872298919,-0.4998561010450499,-0.79891914
0.8216759286083104,0.06899999771552937,-0.4998561010450499,-0.79919314
0.8654489209213018,0.0010000000036590455,-0.49926636732771806,-0.7323195
0.8654489209213018,0.003000000010977137,-0.49926636732771806,-0.73133236
0.8654489209213018,0.004999999916817437,-0.49926636732771806,-0.7314809
0.8654489209213018,0.006999999924135528,-0.49926636732771806,-0.73283195
0.8654489209213018,0.008999999931453619,-0.49926636732771806,-0.7356883
0.8654489209213018,0.010999999735816128,-0.49926636732771806,-0.73938966
0.8654489209213018,0.012999999540178638,-0.49926636732771806,-0.74366254
0.8654489209213018,0.014999999750452311,-0.49926636732771806,-0.7481774
0.8654489209213018,0.01700000036663715,-0.49926636732771806,-0.75275046
0.8654489209213018,0.01900000017099966,-0.49926636732771806,-0.7572022
0.8654489209213018,0.020999999975362168,-0.49926636732771806,-0.7614179
0.8654489209213018,0.022999999779724677,-0.49926636732771806,-0.7652303
0.8654489209213018,0.024999999584087183,-0.49926636732771806,-0.7683971
0.8654489209213018,0.026999999388449693,-0.49926636732771806,-0.77063984
0.8654489209213018,0.02900000000463453,-0.49926636732771806,-0.7719453
0.8654489209213018,0.031000000620819368,-0.49926636732771806,-0.7722673
0.8654489209213018,0.03299999961335955,-0.49926636732771806,-0.77168876
0.8654489209213018,0.03500000022954439,-0.49926636732771806,-0.7704211
0.8654489209213018,0.03700000084572922,-0.49926636732771806,-0.76873237
0.8654489209213018,0.038999999838269406,-0.49926636732771806,-0.76692265
0.8654489209213018,0.04100000045445424,-0.49926636732771806,-0.765195
0.8654489209213018,0.04300000107063908,-0.49926636732771806,-0.76368153
0.8654489209213018,0.04500000006317926,-0.49926636732771806,-0.76252794
0.8654489209213018,0.046999999055719444,-0.49926636732771806,-0.7617237
0.8654489209213018,0.04899999967190428,-0.49926636732771806,-0.76132506
0.8654489209213018,0.05100000028808912,-0.49926636732771806,-0.760757
0.8654489209213018,0.0529999992806293,-0.49926636732771806,-0.76006854
0.8654489209213018,0.05499999827316948,-0.49926636732771806,-0.75959724
0.8654489209213018,0.05699999726570966,-0.49926636732771806,-0.75906694
0.8654489209213018,0.05899999950553916,-0.49926636732771806,-0.7587448
0.8654489209213018,0.06100000174536865,-0.49926636732771806,-0.758547
0.8654489209213018,0.06300000073790883,-0.49926636732771806,-0.7585857
0.8654489209213018,0.06499999973044901,-0.49926636732771806,-0.75873506
0.8654489209213018,0.06699999872298919,-0.49926636732771806,-0.7590127
0.8654489209213018,0.06899999771552937,-0.49926636732771806,-0.7592484
0.9106743867759758,0.0010000000036590455,-0.49837195993799877,-0.6961665
0.9106743867759758,0.003000000010977137,-0.49837195993799877,-0.6953348
0.9106743867759758,0.004999999916817437,-0.49837195993799877,-0.69501877
0.9106743867759758,0.006999999924135528,-0.49837195993799877,-0.6955941
0.9106743867759758,0.008999999931453619,-0.49837195993799877,-0.6974495
0.9106743867759758,0.010999999735816128,-0.49837195993799877,-0.7002256
0.9106743867759758,0.012999999540178638,-0.49837195993799877,-0.70369583
0.9106743867759758,0.014999999750452311,-0.49837195993799877,-0.70758635
0.9106743867759758,0.01700000036663715,-0.49837195993799877,-0.7116962
0.9106743867759758,0.01900000017099966,-0.49837195993799877,-0.71585935
0.9106743867759758,0.020999999975362168,-0.49837195993799877,-0.7199262
0.9106743867759758,0.022999999779724677,-0.49837195993799877,-0.72374636
0.9106743867759758,0.024999999584087183,-0.49837195993799877,-0.72714573
0.9106743867759758,0.026999999388449693,-0.49837195993799877,-0.7298572
0.9106743867759758,0.02900000000463453,-0.49837195993799877,-0.7317482
0.9106743867759758,0.031000000620819368,-0.49837195993799877,-0.7327864
0.9106743867759758,0.03299999961335955,-0.49837195993799877,-0.73296326
0.9106743867759758,0.03500000022954439,-0.49837195993799877,-0.7323584
0.9106743867759758,0.03700000084572922,-0.49837195993799877,-0.7311701
0.9106743867759758,0.038999999838269406,-0.49837195993799877,-0.72963357
0.9106743867759758,0.04100000045445424,-0.49837195993799877,-0.72796404
0.9106743867759758,0.04300000107063908,-0.49837195993799877,-0.72639906
0.9106743867759758,0.04500000006317926,-0.49837195993799877,-0.7249477
0.9106743867759758,0.046999999055719444,-0.49837195993799877,-0.7237489
0.9106743867759758,0.04899999967190428,-0.49837195993799877,-0.72286236
0.9106743867759758,0.05100000028808912,-0.49837195993799877,-0.722281
0.9106743867759758,0.0529999992806293,-0.49837195993799877,-0.7218667
0.9106743867759758,0.05499999827316948,-0.49837195993799877,-0.7213929
0.9106743867759758,0.05699999726570966,-0.49837195993799877,-0.72087324
0.9106743867759758,0.05899999950553916,-0.49837195993799877,-0.7204931
0.9106743867759758,0.06100000174536865,-0.49837195993799877,-0.7201428
0.9106743867759758,0.06300000073790883,-0.49837195993799877,-0.719944
0.9106743867759758,0.06499999973044901,-0.49837195993799877,-0.7198965
0.9106743867759758,0.06699999872298919,-0.49837195993799877,-0.7199593
0.9106743867759758,0.06899999771552937,-0.49837195993799877,-0.72012526
0.9572656105585511,0.0010000000036590455,-0.4971698134347817,-0.6688755
0.9572656105585511,0.003000000010977137,-0.4971698134347817,-0.6681979
0.9572656105585511,0.004999999916817437,-0.4971698134347817,-0.66773957
0.9572656105585511,0.006999999924135528,-0.4971698134347817,-0.66791064
0.9572656105585511,0.008999999931453619,-0.4971698134347817,-0.6691036
0.9572656105585511,0.010999999735816128,-0.4971698134347817,-0.6711458
0.9572656105585511,0.012999999540178638,-0.4971698134347817,-0.6738909
0.9572656105585511,0.014999999750452311,-0.4971698134347817,-0.6771163
0.9572656105585511,0.01700000036663715,-0.4971698134347817,-0.68066746
0.9572656105585511,0.01900000017099966,-0.4971698134347817,-0.68437433
0.9572656105585511,0.020999999975362168,-0.4971698134347817,-0.6881041
0.9572656105585511,0.022999999779724677,-0.4971698134347817,-0.69172657
0.9572656105585511,0.024999999584087183,-0.4971698134347817,-0.69509923
0.9572656105585511,0.026999999388449693,-0.4971698134347817,-0.69805056
0.9572656105585511,0.02900000000463453,-0.4971698134347817,-0.70036066
0.9572656105585511,0.031000000620819368,-0.4971698134347817,-0.70194733
0.9572656105585511,0.03299999961335955,-0.4971698134347817,-0.70277673
0.9572656105585511,0.03500000022954439,-0.4971698134347817,-0.7028579
0.9572656105585511,0.03700000084572922,-0.4971698134347817,-0.7022571
0.9572656105585511,0.038999999838269406,-0.4971698134347817,-0.70115465
0.9572656105585511,0.04100000045445424,-0.4971698134347817,-0.6997294
0.9572656105585511,0.04300000107063908,-0.4971698134347817,-0.6981887
0.9572656105585511,0.04500000006317926,-0.4971698134347817,-0.69668657
0.9572656105585511,0.046999999055719444,-0.4971698134347817,-0.6953516
0.9572656105585511,0.04899999967190428,-0.4971698134347817,-0.69413716
0.9572656105585511,0.05100000028808912,-0.4971698134347817,-0.6932285
0.9572656105585511,0.0529999992806293,-0.4971698134347817,-0.69253534
0.9572656105585511,0.05499999827316948,-0.4971698134347817,-0.69212353
0.9572656105585511,0.05699999726570966,-0.4971698134347817,-0.6917547
0.9572656105585511,0.05899999950553916,-0.4971698134347817,-0.69132066
0.9572656105585511,0.06100000174536865,-0.4971698134347817,-0.6910032
0.9572656105585511,0.06300000073790883,-0.4971698134347817,-0.69073063
0.9572656105585511,0.06499999973044901,-0.4971698134347817,-0.6905687
0.9572656105585511,0.06699999872298919,-0.4971698134347817,-0.6904849
0.9572656105585511,0.06899999771552937,-0.4971698134347817,-0.6905565
1.0051335126286272,0.0010000000036590455,-0.4956448084390313,-0.64407325
1.0051335126286272,0.003000000010977137,-0.4956448084390313,-0.64351314
1.0051335126286272,0.004999999916817437,-0.4956448084390313,-0.64302415
1.0051335126286272,0.006999999924135528,-0.4956448084390313,-0.6429718
1.0051335126286272,0.008999999931453619,-0.4956448084390313,-0.6437394
1.0051335126286272,0.010999999735816128,-0.4956448084390313,-0.64524287
1.0051335126286272,0.012999999540178638,-0.4956448084390313,-0.64739066
1.0051335126286272,0.014999999750452311,-0.4956448084390313,-0.650018
1.0051335126286272,0.01700000036663715,-0.4956448084390313,-0.6529991
1.0051335126286272,0.01900000017099966,-0.4956448084390313,-0.6562095
1.0051335126286272,0.020999999975362168,-0.4956448084390313,-0.65952206
1.0051335126286272,0.022999999779724677,-0.4956448084390313,-0.6628268
1.0051335126286272,0.024999999584087183,-0.4956448084390313,-0.6660146
1.0051335126286272,0.026999999388449693,-0.4956448084390313,-0.66895074
1.0051335126286272,0.02900000000463453,-0.4956448084390313,-0.6714749
1.0051335126286272,0.031000000620819368,-0.4956448084390313,-0.6733993
1.0051335126286272,0.03299999961335955,-0.4956448084390313,-0.67469364
1.0051335126286272,0.03500000022954439,-0.4956448084390313,-0.6753217
1.0051335126286272,0.03700000084572922,-0.4956448084390313,-0.67530316
1.0051335126286272,0.038999999838269406,-0.4956448084390313,-0.67471164
1.0051335126286272,0.04100000045445424,-0.4956448084390313,-0.673686
1.0051335126286272,0.04300000107063908,-0.4956448084390313,-0.67237943
1.0051335126286272,0.04500000006317926,-0.4956448084390313,-0.6709654
1.0051335126286272,0.046999999055719444,-0.4956448084390313,-0.6695644
1.0051335126286272,0.04899999967190428,-0.4956448084390313,-0.6682957
1.0051335126286272,0.05100000028808912,-0.4956448084390313,-0.66717905
1.0051335126286272,0.0529999992806293,-0.4956448084390313,-0.66618735
1.0051335126286272,0.05499999827316948,-0.4956448084390313,-0.66547227
1.0051335126286272,0.05699999726570966,-0.4956448084390313,-0.6649198
1.0051335126286272,0.05899999950553916,-0.4956448084390313,-0.66458553
1.0051335126286272,0.06100000174536865,-0.4956448084390313,-0.66424525
1.0051335126286272,0.06300000073790883,-0.4956448084390313,-0.6638639
1.0051335126286272,0.06499999973044901,-0.4956448084390313,-0.6636432
1.0051335126286272,0.06699999872298919,-0.4956448084390313,-0.66345465
1.0051335126286272,0.06899999771552937,-0.4956448084390313,-0.6633867
1.0541881041047962,0.0010000000036590455,-0.4937911517866153,-0.6221367
1.0541881041047962,0.003000000010977137,-0.4937911517866153,-0.62165886
1.0541881041047962,0.004999999916817437,-0.4937911517866153,-0.62118423
1.0541881041047962,0.006999999924135528,-0.4937911517866153,-0.6210237
1.0541881041047962,0.008999999931453619,-0.4937911517866153,-0.6215248
1.0541881041047962,0.010999999735816128,-0.4937911517866153,-0.62265503
1.0541881041047962,0.012999999540178638,-0.4937911517866153,-0.6243692
1.0541881041047962,0.014999999750452311,-0.4937911517866153,-0.62653494
1.0541881041047962,0.01700000036663715,-0.4937911517866153,-0.6290418
1.0541881041047962,0.01900000017099966,-0.4937911517866153,-0.6317861
1.0541881041047962,0.020999999975362168,-0.4937911517866153,-0.6346881
1.0541881041047962,0.022999999779724677,-0.4937911517866153,-0.63763857
1.0541881041047962,0.024999999584087183,-0.4937911517866153,-0.64055055
1.0541881041047962,0.026999999388449693,-0.4937911517866153,-0.6433281
1.0541881041047962,0.02900000000463453,-0.4937911517866153,-0.64586234
1.0541881041047962,0.031000000620819368,-0.4937911517866153,-0.6480288
1.0541881041047962,0.03299999961335955,-0.4937911517866153,-0.64966005
1.0541881041047962,0.03500000022954439,-0.4937911517866153,-0.6507248
1.0541881041047962,0.03700000084572922,-0.4937911517866153,-0.6512086
1.0541881041047962,0.038999999838269406,-0.4937911517866153,-0.65113294
1.0541881041047962,0.04100000045445424,-0.4937911517866153,-0.6505703
1.0541881041047962,0.04300000107063908,-0.4937911517866153,-0.64962834
1.0541881041047962,0.04500000006317926,-0.4937911517866153,-0.64844334
1.0541881041047962,0.046999999055719444,-0.4937911517866153,-0.6471449
1.0541881041047962,0.04899999967190428,-0.4937911517866153,-0.64585704
1.0541881041047962,0.05100000028808912,-0.4937911517866153,-0.6446502
1.0541881041047962,0.0529999992806293,-0.4937911517866153,-0.64359415
1.0541881041047962,0.05499999827316948,-0.4937911517866153,-0.64265764
1.0541881041047962,0.05699999726570966,-0.4937911517866153,-0.6418715
1.0541881041047962,0.05899999950553916,-0.4937911517866153,-0.64129716
1.0541881041047962,0.06100000174536865,-0.4937911517866153,-0.6408589
1.0541881041047962,0.06300000073790883,-0.4937911517866153,-0.6405733
1.0541881041047962,0.06499999973044901,-0.4937911517866153,-0.64027923
1.0541881041047962,0.06699999872298919,-0.4937911517866153,-0.63997775
1.0541881041047962,0.06899999771552937,-0.4937911517866153,-0.6398197
1.1043393961056507,0.0010000000036590455,-0.4916021410723943,-0.60193163
1.1043393961056507,0.003000000010977137,-0.4916021410723943,-0.6015138
1.1043393961056507,0.004999999916817437,-0.4916021410723943,-0.6010682
1.1043393961056507,0.006999999924135528,-0.4916021410723943,-0.60085934
1.1043393961056507,0.008999999931453619,-0.4916021410723943,-0.6012071
1.1043393961056507,0.010999999735816128,-0.4916021410723943,-0.6020867
1.1043393961056507,0.012999999540178638,-0.4916021410723943,-0.6034757
1.1043393961056507,0.014999999750452311,-0.4916021410723943,-0.6052686
1.1043393961056507,0.01700000036663715,-0.4916021410723943,-0.6073891
1.1043393961056507,0.01900000017099966,-0.4916021410723943,-0.60975194
1.1043393961056507,0.020999999975362168,-0.4916021410723943,-0.6122793
1.1043393961056507,0.022999999779724677,-0.4916021410723943,-0.61489326
1.1043393961056507,0.024999999584087183,-0.4916021410723943,-0.6175075
1.1043393961056507,0.026999999388449693,-0.4916021410723943,-0.6200624
1.1043393961056507,0.02900000000463453,-0.4916021410723943,-0.6224698
1.1043393961056507,0.031000000620819368,-0.4916021410723943,-0.62463516
1.1043393961056507,0.03299999961335955,-0.4916021410723943,-0.62646747
1.1043393961056507,0.03500000022954439,-0.4916021410723943,-0.6278399
1.1043393961056507,0.03700000084572922,-0.4916021410723943,-0.6287203
1.1043393961056507,0.038999999838269406,-0.4916021410723943,-0.6290946
1.1043393961056507,0.04100000045445424,-0.4916021410723943,-0.62898254
1.1043393961056507,0.04300000107063908,-0.4916021410723943,-0.6284509
1.1043393961056507,0.04500000006317926,-0.4916021410723943,-0.62759155
1.1043393961056507,0.046999999055719444,-0.4916021410723943,-0.62651443
1.1043393961056507,0.04899999967190428,-0.4916021410723943,-0.62533534
1.1043393961056507,0.05100000028808912,-0.4916021410723943,-0.62414753
1.1043393961056507,0.0529999992806293,-0.4916021410723943,-0.6230281
1.1043393961056507,0.05499999827316948,-0.4916021410723943,-0.6220169
1.1043393961056507,0.05699999726570966,-0.4916021410723943,-0.6211426
1.1043393961056507,0.05899999950553916,-0.4916021410723943,-0.6203601
1.1043393961056507,0.06100000174536865,-0.4916021410723943,-0.6197342
1.1043393961056507,0.06300000073790883,-0.4916021410723943,-0.6192585
1.1043393961056507,0.06499999973044901,-0.4916021410723943,-0.61890125
1.1043393961056507,0.06699999872298919,-0.4916021410723943,-0.6186427
1.1043393961056507,0.06899999771552937,-0.4916021410723943,-0.61839324
1.1554981790992174,0.0010000000036590455,-0.48907325606964624,-0.5830438
1.1554981790992174,0.003000000010977137,-0.48907325606964624,-0.5826709
1.1554981790992174,0.004999999916817437,-0.48907325606964624,-0.5822507
1.1554981790992174,0.006999999924135528,-0.48907325606964624,-0.582014
1.1554981790992174,0.008999999931453619,-0.48907325606964624,-0.582253
1.1554981790992174,0.010999999735816128,-0.48907325606964624,-0.58295286
1.1554981790992174,0.012999999540178638,-0.48907325606964624,-0.58410186
1.1554981790992174,0.014999999750452311,-0.48907325606964624,-0.58560866
1.1554981790992174,0.01700000036663715,-0.48907325606964624,-0.5874085
1.1554981790992174,0.01900000017099966,-0.48907325606964624,-0.5894312
1.1554981790992174,0.020999999975362168,-0.48907325606964624,-0.59161544
1.1554981790992174,0.022999999779724677,-0.48907325606964624,-0.59391224
1.1554981790992174,0.024999999584087183,-0.48907325606964624,-0.5962577
1.1554981790992174,0.026999999388449693,-0.48907325606964624,-0.59857273
1.1554981790992174,0.02900000000463453,-0.48907325606964624,-0.60081047
1.1554981790992174,0.031000000620819368,-0.48907325606964624,-0.6028893
1.1554981790992174,0.03299999961335955,-0.48907325606964624,-0.6047344
1.1554981790992174,0.03500000022954439,-0.48907325606964624,-0.6062845
1.1554981790992174,0.03700000084572922,-0.48907325606964624,-0.60743123
1.1554981790992174,0.038999999838269406,-0.48907325606964624,-0.6081628
1.1554981790992174,0.04100000045445424,-0.48907325606964624,-0.60846055
1.1554981790992174,0.04300000107063908,-0.48907325606964624,-0.6083407
1.1554981790992174,0.04500000006317926,-0.48907325606964624,-0.6078543
1.1554981790992174,0.046999999055719444,-0.48907325606964624,-0.6070809
1.1554981790992174,0.04899999967190428,-0.48907325606964624,-0.6061123
1.1554981790992174,0.05100000028808912,-0.48907325606964624,-0.605045
1.1554981790992174,0.0529999992806293,-0.48907325606964624,-0.6039617
1.1554981790992174,0.05499999827316948,-0.48907325606964624,-0.6029265
1.1554981790992174,0.05699999726570966,-0.48907325606964624,-0.601981
1.1554981790992174,0.05899999950553916,-0.48907325606964624,-0.60114604
1.1554981790992174,0.06100000174536865,-0.48907325606964624,-0.6004223
1.1554981790992174,0.06300000073790883,-0.48907325606964624,-0.5997769
1.1554981790992174,0.06499999973044901,-0.48907325606964624,-0.59927845
1.1554981790992174,0.06699999872298919,-0.48907325606964624,-0.5988832
1.1554981790992174,0.06899999771552937,-0.48907325606964624,-0.59859645
1.207576906165651,0.0010000000036590455,-0.48620478253983057,-0.56524533
1.207576906165651,0.003000000010977137,-0.48620478253983057,-0.56490827
1.207576906165651,0.004999999916817437,-0.48620478253983057,-0.5645126
1.207576906165651,0.006999999924135528,-0.48620478253983057,-0.5642608
1.207576906165651,0.008999999931453619,-0.48620478253983057,-0.56442183
1.207576906165651,0.010999999735816128,-0.48620478253983057,-0.5649852
1.207576906165651,0.012999999540178638,-0.48620478253983057,-0.5659472
1.207576906165651,0.014999999750452311,-0.48620478253983057,-0.56722903
1.207576906165651,0.01700000036663715,-0.48620478253983057,-0.568773
1.207576906165651,0.01900000017099966,-0.48620478253983057,-0.57052
1.207576906165651,0.020999999975362168,-0.48620478253983057,-0.57242024
1.207576906165651,0.022999999779724677,-0.48620478253983057,-0.5744256
1.207576906165651,0.024999999584087183,-0.48620478253983057,-0.57649446
1.207576906165651,0.026999999388449693,-0.48620478253983057,-0.57857543
1.207576906165651,0.02900000000463453,-0.48620478253983057,-0.58061486
1.207576906165651,0.031000000620819368,-0.48620478253983057,-0.5825726
1.207576906165651,0.03299999961335955,-0.48620478253983057,-0.5843723
1.207576906165651,0.03500000022954439,-0.48620478253983057,-0.58594936
1.207576906165651,0.03700000084572922,-0.48620478253983057,-0.58726
1.207576906165651,0.038999999838269406,-0.48620478253983057,-0.58821535
1.207576906165651,0.04100000045445424,-0.48620478253983057,-0.58882
1.207576906165651,0.04300000107063908,-0.48620478253983057,-0.589052
1.207576906165651,0.04500000006317926,-0.48620478253983057,-0.5889296
1.207576906165651,0.046999999055719444,-0.48620478253983057,-0.58848953
1.207576906165651,0.04899999967190428,-0.48620478253983057,-0.58779514
1.207576906165651,0.05100000028808912,-0.48620478253983057,-0.58692497
1.207576906165651,0.0529999992806293,-0.48620478253983057,-0.58595896
1.207576906165651,0.05499999827316948,-0.48620478253983057,-0.5849719
1.207576906165651,0.05699999726570966,-0.48620478253983057,-0.5840168
1.207576906165651,0.05899999950553916,-0.48620478253983057,-0.5831356
1.207576906165651,0.06100000174536865,-0.48620478253983057,-0.58234566
1.207576906165651,0.06300000073790883,-0.48620478253983057,-0.58165556
1.207576906165651,0.06499999973044901,-0.48620478253983057,-0.58105165
1.207576906165651,0.06699999872298919,-0.48620478253983057,-0.5805257
1.207576906165651,0.06899999771552937,-0.48620478253983057,-0.58012027
1.260490264520153,0.0010000000036590455,-0.4829954215672226,-0.54854923
1.260490264520153,0.003000000010977137,-0.4829954215672226,-0.5482434
1.260490264520153,0.004999999916817437,-0.4829954215672226,-0.547874
1.260490264520153,0.006999999924135528,-0.4829954215672226,-0.5476186
1.260490264520153,0.008999999931453619,-0.4829954215672226,-0.5477244
1.260490264520153,0.010999999735816128,-0.4829954215672226,-0.54818493
1.260490264520153,0.012999999540178638,-0.4829954215672226,-0.549
1.260490264520153,0.014999999750452311,-0.4829954215672226,-0.55010104
1.260490264520153,0.01700000036663715,-0.4829954215672226,-0.5514361
1.260490264520153,0.01900000017099966,-0.4829954215672226,-0.5529535
1.260490264520153,0.020999999975362168,-0.4829954215672226,-0.55461234
1.260490264520153,0.022999999779724677,-0.4829954215672226,-0.5563719
1.260490264520153,0.024999999584087183,-0.4829954215672226,-0.558198
1.260490264520153,0.026999999388449693,-0.4829954215672226,-0.5600525
1.260490264520153,0.02900000000463453,-0.4829954215672226,-0.5618938
1.260490264520153,0.031000000620819368,-0.4829954215672226,-0.5636854
1.260490264520153,0.03299999961335955,-0.4829954215672226,-0.5653839
1.260490264520153,0.03500000022954439,-0.4829954215672226,-0.56693244
1.260490264520153,0.03700000084572922,-0.4829954215672226,-0.5682836
1.260490264520153,0.038999999838269406,-0.4829954215672226,-0.56938636
1.260490264520153,0.04100000045445424,-0.4829954215672226,-0.57018626
1.260490264520153,0.04300000107063908,-0.4829954215672226,-0.5706837
1.260490264520153,0.04500000006317926,-0.4829954215672226,-0.57086295
1.260490264520153,0.046999999055719444,-0.4829954215672226,-0.570739
1.260490264520153,0.04899999967190428,-0.4829954215672226,-0.57034194
1.260490264520153,0.05100000028808912,-0.4829954215672226,-0.56972134
1.260490264520153,0.0529999992806293,-0.4829954215672226,-0.56894153
1.260490264520153,0.05499999827316948,-0.4829954215672226,-0.5680717
1.260490264520153,0.05699999726570966,-0.4829954215672226,-0.5671742
1.260490264520153,0.05899999950553916,-0.4829954215672226,-0.5662996
1.260490264520153,0.06100000174536865,-0.4829954215672226,-0.56548315
1.260490264520153,0.06300000073790883,-0.4829954215672226,-0.564745
1.260490264520153,0.06499999973044901,-0.4829954215672226,-0.5640912
1.260490264520153,0.06699999872298919,-0.4829954215672226,-0.5635217
1.260490264520153,0.06899999771552937,-0.4829954215672226,-0.5630203
1.3141555911660028,0.0010000000036590455,-0.4794467838073209,-0.53225446
1.3141555911660028,0.003000000010977137,-0.4794467838073209,-0.5319745
1.3141555911660028,0.004999999916817437,-0.4794467838073209,-0.531626
1.3141555911660028,0.006999999924135528,-0.4794467838073209,-0.531365
1.3141555911660028,0.008999999931453619,-0.4794467838073209,-0.531422
1.3141555911660028,0.010999999735816128,-0.4794467838073209,-0.531792
1.3141555911660028,0.012999999540178638,-0.4794467838073209,-0.5324793
1.3141555911660028,0.014999999750452311,-0.4794467838073209,-0.5334232
1.3141555911660028,0.01700000036663715,-0.4794467838073209,-0.5345783
1.3141555911660028,0.01900000017099966,-0.4794467838073209,-0.53589576
1.3141555911660028,0.020999999975362168,-0.4794467838073209,-0.5373422
1.3141555911660028,0.022999999779724677,-0.4794467838073209,-0.5388842
1.3141555911660028,0.024999999584087183,-0.4794467838073209,-0.54049194
1.3141555911660028,0.026999999388449693,-0.4794467838073209,-0.5421375
1.3141555911660028,0.02900000000463453,-0.4794467838073209,-0.54378897
1.3141555911660028,0.031000000620819368,-0.4794467838073209,-0.54541224
1.3141555911660028,0.03299999961335955,-0.4794467838073209,-0.546983
1.3141555911660028,0.03500000022954439,-0.4794467838073209,-0.5484565
1.3141555911660028,0.03700000084572922,-0.4794467838073209,-0.54978704
1.3141555911660028,0.038999999838269406,-0.4794467838073209,-0.55094457
1.3141555911660028,0.04100000045445424,-0.4794467838073209,-0.55187196
1.3141555911660028,0.04300000107063908,-0.4794467838073209,-0.5525459
1.3141555911660028,0.04500000006317926,-0.4794467838073209,-0.5529576
1.3141555911660028,0.046999999055719444,-0.4794467838073209,-0.5530968
1.3141555911660028,0.04899999967190428,-0.4794467838073209,-0.55297536
1.3141555911660028,0.05100000028808912,-0.4794467838073209,-0.55261874
1.3141555911660028,0.0529999992806293,-0.4794467838073209,-0.55206686
1.3141555911660028,0.05499999827316948,-0.4794467838073209,-0.55137193
1.3141555911660028,0.05699999726570966,-0.4794467838073209,-0.5505917
1.3141555911660028,0.05899999950553916,-0.4794467838073209,-0.54978085
1.3141555911660028,0.06100000174536865,-0.4794467838073209,-0.54898316
1.3141555911660028,0.06300000073790883,-0.4794467838073209,-0.5482335
1.3141555911660028,0.06499999973044901,-0.4794467838073209,-0.54754853
1.3141555911660028,0.06699999872298919,-0.4794467838073209,-0.5469389
1.3141555911660028,0.06899999771552937,-0.4794467838073209,-0.5464036
1.3684935483307352,0.0010000000036590455,-0.47556583144841,-0.5167687
1.3684935483307352,0.003000000010977137,-0.47556583144841,-0.5165141
1.3684935483307352,0.004999999916817437,-0.47556583144841,-0.51618814
1.3684935483307352,0.006999999924135528,-0.47556583144841,-0.5159291
1.3684935483307352,0.008999999931453619,-0.47556583144841,-0.51595134
1.3684935483307352,0.010999999735816128,-0.47556583144841,-0.5162507
1.3684935483307352,0.012999999540178638,-0.47556583144841,-0.51683563
1.3684935483307352,0.014999999750452311,-0.47556583144841,-0.51764965
1.3684935483307352,0.01700000036663715,-0.47556583144841,-0.5186555
1.3684935483307352,0.01900000017099966,-0.47556583144841,-0.5198063
1.3684935483307352,0.020999999975362168,-0.47556583144841,-0.52107227
1.3684935483307352,0.022999999779724677,-0.47556583144841,-0.52242696
1.3684935483307352,0.024999999584087183,-0.47556583144841,-0.5238439
1.3684935483307352,0.026999999388449693,-0.47556583144841,-0.52530134
1.3684935483307352,0.02900000000463453,-0.47556583144841,-0.52677536
1.3684935483307352,0.031000000620819368,-0.47556583144841,-0.52824
1.3684935483307352,0.03299999961335955,-0.47556583144841,-0.52967006
1.3684935483307352,0.03500000022954439,-0.47556583144841,-0.53104216
1.3684935483307352,0.03700000084572922,-0.47556583144841,-0.5323178
1.3684935483307352,0.038999999838269406,-0.47556583144841,-0.53346354
1.3684935483307352,0.04100000045445424,-0.47556583144841,-0.5344519
1.3684935483307352,0.04300000107063908,-0.47556583144841,-0.5352344
1.3684935483307352,0.04500000006317926,-0.47556583144841,-0.53580254
1.3684935483307352,0.046999999055719444,-0.47556583144841,-0.5361426
1.3684935483307352,0.04899999967190428,-0.47556583144841,-0.5362483
1.3684935483307352,0.05100000028808912,-0.47556583144841,-0.5361295
1.3684935483307352,0.0529999992806293,-0.47556583144841,-0.5358073
1.3684935483307352,0.05499999827316948,-0.47556583144841,-0.5353151
1.3684935483307352,0.05699999726570966,-0.47556583144841,-0.53469497
1.3684935483307352,0.05899999950553916,-0.47556583144841,-0.5339955
1.3684935483307352,0.06100000174536865,-0.47556583144841,-0.53326267
1.3684935483307352,0.06300000073790883,-0.47556583144841,-0.5325359
1.3684935483307352,0.06499999973044901,-0.47556583144841,-0.53184694
1.3684935483307352,0.06699999872298919,-0.47556583144841,-0.5312122
1.3684935483307352,0.06899999771552937,-0.47556583144841,-0.5306424
1.4234279675962536,0.0010000000036590455,-0.47135846156788,-0.5017377
1.4234279675962536,0.003000000010977137,-0.47135846156788,-0.501505
1.4234279675962536,0.004999999916817437,-0.47135846156788,-0.50120014
1.4234279675962536,0.006999999924135528,-0.47135846156788,-0.50094557
1.4234279675962536,0.008999999931453619,-0.47135846156788,-0.5009405
1.4234279675962536,0.010999999735816128,-0.47135846156788,-0.5011824
1.4234279675962536,0.012999999540178638,-0.47135846156788,-0.5016816
1.4234279675962536,0.014999999750452311,-0.47135846156788,-0.50238824
1.4234279675962536,0.01700000036663715,-0.47135846156788,-0.50326717
1.4234279675962536,0.01900000017099966,-0.47135846156788,-0.504278
1.4234279675962536,0.020999999975362168,-0.47135846156788,-0.5053912
1.4234279675962536,0.022999999779724677,-0.47135846156788,-0.50658363
1.4234279675962536,0.024999999584087183,-0.47135846156788,-0.50783604
1.4234279675962536,0.026999999388449693,-0.47135846156788,-0.5091274
1.4234279675962536,0.02900000000463453,-0.47135846156788,-0.51044077
1.4234279675962536,0.031000000620819368,-0.47135846156788,-0.51175606
1.4234279675962536,0.03299999961335955,-0.47135846156788,-0.51305133
1.4234279675962536,0.03500000022954439,-0.47135846156788,-0.5143108
1.4234279675962536,0.03700000084572922,-0.47135846156788,-0.5155075
1.4234279675962536,0.038999999838269406,-0.47135846156788,-0.5166098
1.4234279675962536,0.04100000045445424,-0.47135846156788,-0.5175966
1.4234279675962536,0.04300000107063908,-0.47135846156788,-0.51843745
1.4234279675962536,0.04500000006317926,-0.47135846156788,-0.5190986
1.4234279675962536,0.046999999055719444,-0.47135846156788,-0.51957464
1.4234279675962536,0.04899999967190428,-0.47135846156788,-0.5198533
1.4234279675962536,0.05100000028808912,-0.47135846156788,-0.5199304
1.4234279675962536,0.0529999992806293,-0.47135846156788,-0.5198136
1.4234279675962536,0.05499999827316948,-0.47135846156788,-0.5195212
1.4234279675962536,0.05699999726570966,-0.47135846156788,-0.5190809
1.4234279675962536,0.05899999950553916,-0.47135846156788,-0.5185273
1.4234279675962536,0.06100000174536865,-0.47135846156788,-0.51790094
1.4234279675962536,0.06300000073790883,-0.47135846156788,-0.5172404
1.4234279675962536,0.06499999973044901,-0.47135846156788,-0.51658064
1.4234279675962536,0.06699999872298919,-0.47135846156788,-0.5159502
1.4234279675962536,0.06899999771552937,-0.47135846156788,-0.5153649
1.47888631750849,0.0010000000036590455,-0.466831558419072,-0.48717448
1.47888631750849,0.003000000010977137,-0.466831558419072,-0.48696122
1.47888631750849,0.004999999916817437,-0.466831558419072,-0.4866758
1.47888631750849,0.006999999924135528,-0.466831558419072,-0.4864273
1.47888631750849,0.008999999931453619,-0.466831558419072,-0.48640075
1.47888631750849,0.010999999735816128,-0.466831558419072,-0.48659545
1.47888631750849,0.012999999540178638,-0.466831558419072,-0.4870228
1.47888631750849,0.014999999750452311,-0.466831558419072,-0.4876375
1.47888631750849,0.01700000036663715,-0.466831558419072,-0.48840898
1.47888631750849,0.01900000017099966,-0.466831558419072,-0.48929995
1.47888631750849,0.020999999975362168,-0.466831558419072,-0.4902825
1.47888631750849,0.022999999779724677,-0.466831558419072,-0.49133563
1.47888631750849,0.024999999584087183,-0.466831558419072,-0.49244407
1.47888631750849,0.026999999388449693,-0.466831558419072,-0.49358994
1.47888631750849,0.02900000000463453,-0.466831558419072,-0.49475932
1.47888631750849,0.031000000620819368,-0.466831558419072,-0.49593672
1.47888631750849,0.03299999961335955,-0.466831558419072,-0.4971059
1.47888631750849,0.03500000022954439,-0.466831558419072,-0.49824995
1.47888631750849,0.03700000084572922,-0.466831558419072,-0.49935544
1.47888631750849,0.038999999838269406,-0.466831558419072,-0.50039667
1.47888631750849,0.04100000045445424,-0.466831558419072,-0.5013495
1.47888631750849,0.04300000107063908,-0.466831558419072,-0.5021975
1.47888631750849,0.04500000006317926,-0.466831558419072,-0.50290936
1.47888631750849,0.046999999055719444,-0.466831558419072,-0.5034689
1.47888631750849,0.04899999967190428,-0.466831558419072,-0.5038657
1.47888631750849,0.05100000028808912,-0.466831558419072,-0.50409234
1.47888631750849,0.0529999992806293,-0.466831558419072,-0.50414556
1.47888631750849,0.05499999827316948,-0.466831558419072,-0.50403106
1.47888631750849,0.05699999726570966,-0.466831558419072,-0.50376487
1.47888631750849,0.05899999950553916,-0.466831558419072,-0.50337034
1.47888631750849,0.06100000174536865,-0.466831558419072,-0.50287586
1.47888631750849,0.06300000073790883,-0.466831558419072,-0.50231546
1.47888631750849,0.06499999973044901,-0.466831558419072,-0.50172156
1.47888631750849,0.06699999872298919,-0.466831558419072,-0.5011243
1.47888631750849,0.06899999771552937,-0.466831558419072,-0.5005497
1.5347996516207771,0.0010000000036590455,-0.4619932012577935,-0.47295126
1.5347996516207771,0.003000000010977137,-0.4619932012577935,-0.47275504
1.5347996516207771,0.004999999916817437,-0.4619932012577935,-0.47248733
1.5347996516207771,0.006999999924135528,-0.4619932012577935,-0.47224548
1.5347996516207771,0.008999999931453619,-0.4619932012577935,-0.4722026
1.5347996516207771,0.010999999735816128,-0.4619932012577935,-0.47235814
1.5347996516207771,0.012999999540178638,-0.4619932012577935,-0.47272465
1.5347996516207771,0.014999999750452311,-0.4619932012577935,-0.47326156
1.5347996516207771,0.01700000036663715,-0.4619932012577935,-0.4739411
1.5347996516207771,0.01900000017099966,-0.4619932012577935,-0.47472876
1.5347996516207771,0.020999999975362168,-0.4619932012577935,-0.4756008
1.5347996516207771,0.022999999779724677,-0.4619932012577935,-0.4765351
1.5347996516207771,0.024999999584087183,-0.4619932012577935,-0.47751835
1.5347996516207771,0.026999999388449693,-0.4619932012577935,-0.4785382
1.5347996516207771,0.02900000000463453,-0.4619932012577935,-0.4795806
1.5347996516207771,0.031000000620819368,-0.4619932012577935,-0.48063472
1.5347996516207771,0.03299999961335955,-0.4619932012577935,-0.4816872
1.5347996516207771,0.03500000022954439,-0.4619932012577935,-0.48272416
1.5347996516207771,0.03700000084572922,-0.4619932012577935,-0.48373488
1.5347996516207771,0.038999999838269406,-0.4619932012577935,-0.48470315
1.5347996516207771,0.04100000045445424,-0.4619932012577935,-0.48560688
1.5347996516207771,0.04300000107063908,-0.4619932012577935,-0.48643094
1.5347996516207771,0.04500000006317926,-0.4619932012577935,-0.48715726
1.5347996516207771,0.046999999055719444,-0.4619932012577935,-0.48775947
1.5347996516207771,0.04899999967190428,-0.4619932012577935,-0.4882308
1.5347996516207771,0.05100000028808912,-0.4619932012577935,-0.48855925
1.5347996516207771,0.0529999992806293,-0.4619932012577935,-0.48874056
1.5347996516207771,0.05499999827316948,-0.4619932012577935,-0.48877275
1.5347996516207771,0.05699999726570966,-0.4619932012577935,-0.4886603
1.5347996516207771,0.05899999950553916,-0.4619932012577935,-0.4884173
1.5347996516207771,0.06100000174536865,-0.4619932012577935,-0.48806265
1.5347996516207771,0.06300000073790883,-0.4619932012577935,-0.48762062
1.5347996516207771,0.06499999973044901,-0.4619932012577935,-0.48711973
1.5347996516207771,0.06699999872298919,-0.4619932012577935,-0.48658696
1.5347996516207771,0.06899999771552937,-0.4619932012577935,-0.48604828
1.5911030761035083,0.0010000000036590455,-0.4568528981471494,-0.45903188
1.5911030761035083,0.003000000010977137,-0.4568528981471494,-0.45885104
1.5911030761035083,0.004999999916817437,-0.4568528981471494,-0.4585995
1.5911030761035083,0.006999999924135528,-0.4568528981471494,-0.4583643
1.5911030761035083,0.008999999931453619,-0.4568528981471494,-0.45830795
1.5911030761035083,0.010999999735816128,-0.4568528981471494,-0.45842996
1.5911030761035083,0.012999999540178638,-0.4568528981471494,-0.4587442
1.5911030761035083,0.014999999750452311,-0.4568528981471494,-0.45921403
1.5911030761035083,0.01700000036663715,-0.4568528981471494,-0.45981464
1.5911030761035083,0.01900000017099966,-0.4568528981471494,-0.4605143
1.5911030761035083,0.020999999975362168,-0.4568528981471494,-0.46129036
1.5911030761035083,0.022999999779724677,-0.4568528981471494,-0.46212333
1.5911030761035083,0.024999999584087183,-0.4568528981471494,-0.46299946
1.5911030761035083,0.026999999388449693,-0.4568528981471494,-0.46390876
1.5911030761035083,0.02900000000463453,-0.4568528981471494,-0.46484107
1.5911030761035083,0.031000000620819368,-0.4568528981471494,-0.46578556
1.5911030761035083,0.03299999961335955,-0.4568528981471494,-0.46673274
1.5911030761035083,0.03500000022954439,-0.4568528981471494,-0.46767157
1.5911030761035083,0.03700000084572922,-0.4568528981471494,-0.4685911
1.5911030761035083,0.038999999838269406,-0.4568528981471494,-0.4694828
1.5911030761035083,0.04100000045445424,-0.4568528981471494,-0.47032976
1.5911030761035083,0.04300000107063908,-0.4568528981471494,-0.47111452
1.5911030761035083,0.04500000006317926,-0.4568528981471494,-0.47182617
1.5911030761035083,0.046999999055719444,-0.4568528981471494,-0.47244617
1.5911030761035083,0.04899999967190428,-0.4568528981471494,-0.47295624
1.5911030761035083,0.05100000028808912,-0.4568528981471494,-0.47335145
1.5911030761035083,0.0529999992806293,-0.4568528981471494,-0.47362155
1.5911030761035083,0.05499999827316948,-0.4568528981471494,-0.4737637
1.5911030761035083,0.05699999726570966,-0.4568528981471494,-0.47377834
1.5911030761035083,0.05899999950553916,-0.4568528981471494,-0.47366843
1.5911030761035083,0.06100000174536865,-0.4568528981471494,-0.47344595
1.5911030761035083,0.06300000073790883,-0.4568528981471494,-0.47312683
1.5911030761035083,0.06499999973044901,-0.4568528981471494,-0.47273138
1.5911030761035083,0.06699999872298919,-0.4568528981471494,-0.4722836
1.5911030761035083,0.06899999771552937,-0.4568528981471494,-0.4718065
1.647738451488846,0.0010000000036590455,-0.45142088454305046,-0.44539425
1.647738451488846,0.003000000010977137,-0.45142088454305046,-0.44522738
1.647738451488846,0.004999999916817437,-0.45142088454305046,-0.4449909
1.647738451488846,0.006999999924135528,-0.45142088454305046,-0.4447631
1.647738451488846,0.008999999931453619,-0.45142088454305046,-0.44469604
1.647738451488846,0.010999999735816128,-0.45142088454305046,-0.44478965
1.647738451488846,0.012999999540178638,-0.45142088454305046,-0.44505954
1.647738451488846,0.014999999750452311,-0.45142088454305046,-0.44547203
1.647738451488846,0.01700000036663715,-0.45142088454305046,-0.44600528
1.647738451488846,0.01900000017099966,-0.45142088454305046,-0.44662943
1.647738451488846,0.020999999975362168,-0.45142088454305046,-0.44732407
1.647738451488846,0.022999999779724677,-0.45142088454305046,-0.44807023
1.647738451488846,0.024999999584087183,-0.45142088454305046,-0.4488554
1.647738451488846,0.026999999388449693,-0.45142088454305046,-0.4496698
1.647738451488846,0.02900000000463453,-0.45142088454305046,-0.45050555
1.647738451488846,0.031000000620819368,-0.45142088454305046,-0.45135444
1.647738451488846,0.03299999961335955,-0.45142088454305046,-0.45220795
1.647738451488846,0.03500000022954439,-0.45142088454305046,-0.45305753
1.647738451488846,0.03700000084572922,-0.45142088454305046,-0.45389393
1.647738451488846,0.038999999838269406,-0.45142088454305046,-0.45471004
1.647738451488846,0.04100000045445424,-0.45142088454305046,-0.45549515
1.647738451488846,0.04300000107063908,-0.45142088454305046,-0.45623437
1.647738451488846,0.04500000006317926,-0.45142088454305046,-0.45691645
1.647738451488846,0.046999999055719444,-0.45142088454305046,-0.45752987
1.647738451488846,0.04899999967190428,-0.45142088454305046,-0.45805684
1.647738451488846,0.05100000028808912,-0.45142088454305046,-0.45848894
1.647738451488846,0.0529999992806293,-0.45142088454305046,-0.45881817
1.647738451488846,0.05499999827316948,-0.45142088454305046,-0.45903838
1.647738451488846,0.05699999726570966,-0.45142088454305046,-0.45914733
1.647738451488846,0.05899999950553916,-0.45142088454305046,-0.45914692
1.647738451488846,0.06100000174536865,-0.45142088454305046,-0.45903912
1.647738451488846,0.06300000073790883,-0.45142088454305046,-0.458834
1.647738451488846,0.06499999973044901,-0.45142088454305046,-0.45854574
1.647738451488846,0.06699999872298919,-0.45142088454305046,-0.45819166
1.647738451488846,0.06899999771552937,-0.45142088454305046,-0.45779118
1.7046529898417377,0.0010000000036590455,-0.4457069542700609,-0.432027
1.7046529898417377,0.003000000010977137,-0.4457069542700609,-0.43187287
1.7046529898417377,0.004999999916817437,-0.4457069542700609,-0.43165046
1.7046529898417377,0.006999999924135528,-0.4457069542700609,-0.43143022
1.7046529898417377,0.008999999931453619,-0.4457069542700609,-0.43135437
1.7046529898417377,0.010999999735816128,-0.4457069542700609,-0.43142423
1.7046529898417377,0.012999999540178638,-0.4457069542700609,-0.43165636
1.7046529898417377,0.014999999750452311,-0.4457069542700609,-0.43201974
1.7046529898417377,0.01700000036663715,-0.4457069542700609,-0.43249482
1.7046529898417377,0.01900000017099966,-0.4457069542700609,-0.4330541
1.7046529898417377,0.020999999975362168,-0.4457069542700609,-0.43367797
1.7046529898417377,0.022999999779724677,-0.4457069542700609,-0.43434954
1.7046529898417377,0.024999999584087183,-0.4457069542700609,-0.4350566
1.7046529898417377,0.026999999388449693,-0.4457069542700609,-0.43578935
1.7046529898417377,0.02900000000463453,-0.4457069542700609,-0.43654153
1.7046529898417377,0.031000000620819368,-0.4457069542700609,-0.4373063
1.7046529898417377,0.03299999961335955,-0.4457069542700609,-0.43807715
1.7046529898417377,0.03500000022954439,-0.4457069542700609,-0.4388468
1.7046529898417377,0.03700000084572922,-0.4457069542700609,-0.4396078
1.7046529898417377,0.038999999838269406,-0.4457069542700609,-0.44035295
1.7046529898417377,0.04100000045445424,-0.4457069542700609,-0.44107664
1.7046529898417377,0.04300000107063908,-0.4457069542700609,-0.44176716
1.7046529898417377,0.04500000006317926,-0.4457069542700609,-0.4424122
1.7046529898417377,0.046999999055719444,-0.4457069542700609,-0.44300446
1.7046529898417377,0.04899999967190428,-0.4457069542700609,-0.4435316
1.7046529898417377,0.05100000028808912,-0.4457069542700609,-0.44397914
1.7046529898417377,0.0529999992806293,-0.4457069542700609,-0.4443433
1.7046529898417377,0.05499999827316948,-0.4457069542700609,-0.4446162
1.7046529898417377,0.05699999726570966,-0.4457069542700609,-0.44479388
1.7046529898417377,0.05899999950553916,-0.4457069542700609,-0.4448743
1.7046529898417377,0.06100000174536865,-0.4457069542700609,-0.44486025
1.7046529898417377,0.06300000073790883,-0.4457069542700609,-0.44475427
1.7046529898417377,0.06499999973044901,-0.4457069542700609,-0.44456428
1.7046529898417377,0.06699999872298919,-0.4457069542700609,-0.44430286
1.7046529898417377,0.06899999771552937,-0.4457069542700609,-0.44398484
1.7617948384464535,0.0010000000036590455,-0.43972136876240603,-0.4188592
1.7617948384464535,0.003000000010977137,-0.43972136876240603,-0.4187168
1.7617948384464535,0.004999999916817437,-0.43972136876240603,-0.41850734
1.7617948384464535,0.006999999924135528,-0.43972136876240603,-0.41829407
1.7617948384464535,0.008999999931453619,-0.43972136876240603,-0.41821072
1.7617948384464535,0.010999999735816128,-0.43972136876240603,-0.4182601
1.7617948384464535,0.012999999540178638,-0.43972136876240603,-0.4184588
1.7617948384464535,0.014999999750452311,-0.43972136876240603,-0.41877857
1.7617948384464535,0.01700000036663715,-0.43972136876240603,-0.4192023
1.7617948384464535,0.01900000017099966,-0.43972136876240603,-0.41970435
1.7617948384464535,0.020999999975362168,-0.43972136876240603,-0.42026666
1.7617948384464535,0.022999999779724677,-0.43972136876240603,-0.4208732
1.7617948384464535,0.024999999584087183,-0.43972136876240603,-0.42151186
1.7617948384464535,0.026999999388449693,-0.43972136876240603,-0.42217404
1.7617948384464535,0.02900000000463453,-0.43972136876240603,-0.42285365
1.7617948384464535,0.031000000620819368,-0.43972136876240603,-0.42354465
1.7617948384464535,0.03299999961335955,-0.43972136876240603,-0.424242
1.7617948384464535,0.03500000022954439,-0.43972136876240603,-0.42494014
1.7617948384464535,0.03700000084572922,-0.43972136876240603,-0.42563263
1.7617948384464535,0.038999999838269406,-0.43972136876240603,-0.42631322
1.7617948384464535,0.04100000045445424,-0.43972136876240603,-0.42697746
1.7617948384464535,0.04300000107063908,-0.43972136876240603,-0.4276177
1.7617948384464535,0.04500000006317926,-0.43972136876240603,-0.42822337
1.7617948384464535,0.046999999055719444,-0.43972136876240603,-0.42878696
1.7617948384464535,0.04899999967190428,-0.43972136876240603,-0.42929998
1.7617948384464535,0.05100000028808912,-0.43972136876240603,-0.42975104
1.7617948384464535,0.0529999992806293,-0.43972136876240603,-0.4301319
1.7617948384464535,0.05499999827316948,-0.43972136876240603,-0.4304378
1.7617948384464535,0.05699999726570966,-0.43972136876240603,-0.43066284
1.7617948384464535,0.05899999950553916,-0.43972136876240603,-0.43080425
1.7617948384464535,0.06100000174536865,-0.43972136876240603,-0.43086073
1.7617948384464535,0.06300000073790883,-0.43972136876240603,-0.4308354
1.7617948384464535,0.06499999973044901,-0.43972136876240603,-0.43073142
1.7617948384464535,0.06699999872298919,-0.43972136876240603,-0.4305553
1.7617948384464535,0.06899999771552937,-0.43972136876240603,-0.43031806
1.819111417194457,0.0010000000036590455,-0.4334755714676204,-0.4059089
1.819111417194457,0.003000000010977137,-0.4334755714676204,-0.40577722
1.819111417194457,0.004999999916817437,-0.4334755714676204,-0.40557975
1.819111417194457,0.006999999924135528,-0.4334755714676204,-0.40537325
1.819111417194457,0.008999999931453619,-0.4334755714676204,-0.40528408
1.819111417194457,0.010999999735816128,-0.4334755714676204,-0.40531564
1.819111417194457,0.012999999540178638,-0.4334755714676204,-0.4054847
1.819111417194457,0.014999999750452311,-0.4334755714676204,-0.40576616
1.819111417194457,0.01700000036663715,-0.4334755714676204,-0.40614477
1.819111417194457,0.01900000017099966,-0.4334755714676204,-0.40659666
1.819111417194457,0.020999999975362168,-0.4334755714676204,-0.40710515
1.819111417194457,0.022999999779724677,-0.4334755714676204,-0.40765464
1.819111417194457,0.024999999584087183,-0.4334755714676204,-0.4082343
1.819111417194457,0.026999999388449693,-0.4334755714676204,-0.4088352
1.819111417194457,0.02900000000463453,-0.4334755714676204,-0.40945128
1.819111417194457,0.031000000620819368,-0.4334755714676204,-0.41007808
1.819111417194457,0.03299999961335955,-0.4334755714676204,-0.41071072
1.819111417194457,0.03500000022954439,-0.4334755714676204,-0.41134506
1.819111417194457,0.03700000084572922,-0.4334755714676204,-0.4119761
1.819111417194457,0.038999999838269406,-0.4334755714676204,-0.4125983
1.819111417194457,0.04100000045445424,-0.4334755714676204,-0.41320696
1.819111417194457,0.04300000107063908,-0.4334755714676204,-0.4137982
1.819111417194457,0.04500000006317926,-0.4334755714676204,-0.41436374
1.819111417194457,0.046999999055719444,-0.4334755714676204,-0.41489482
1.819111417194457,0.04899999967190428,-0.4334755714676204,-0.41538653
1.819111417194457,0.05100000028808912,-0.4334755714676204,-0.41583017
1.819111417194457,0.0529999992806293,-0.4334755714676204,-0.4162153
1.819111417194457,0.05499999827316948,-0.4334755714676204,-0.4165386
1.819111417194457,0.05699999726570966,-0.4334755714676204,-0.416794
1.819111417194457,0.05899999950553916,-0.4334755714676204,-0.41697812
1.819111417194457,0.06100000174536865,-0.4334755714676204,-0.4170885
1.819111417194457,0.06300000073790883,-0.4334755714676204,-0.41712484
1.819111417194457,0.06499999973044901,-0.4334755714676204,-0.41709006
1.819111417194457,0.06699999872298919,-0.4334755714676204,-0.41698816
1.819111417194457,0.06899999771552937,-0.4334755714676204,-0.4168245
1.8765495744542928,0.0010000000036590455,-0.4269815513778431,-0.39314774
1.8765495744542928,0.003000000010977137,-0.4269815513778431,-0.39302588
1.8765495744542928,0.004999999916817437,-0.4269815513778431,-0.39283955
1.8765495744542928,0.006999999924135528,-0.4269815513778431,-0.39263996
1.8765495744542928,0.008999999931453619,-0.4269815513778431,-0.3925464
1.8765495744542928,0.010999999735816128,-0.4269815513778431,-0.39256254
1.8765495744542928,0.012999999540178638,-0.4269815513778431,-0.3927057
1.8765495744542928,0.014999999750452311,-0.4269815513778431,-0.39295375
1.8765495744542928,0.01700000036663715,-0.4269815513778431,-0.39329296
1.8765495744542928,0.01900000017099966,-0.4269815513778431,-0.393701
1.8765495744542928,0.020999999975362168,-0.4269815513778431,-0.39416227
1.8765495744542928,0.022999999779724677,-0.4269815513778431,-0.394662
1.8765495744542928,0.024999999584087183,-0.4269815513778431,-0.3951898
1.8765495744542928,0.026999999388449693,-0.4269815513778431,-0.39573702
1.8765495744542928,0.02900000000463453,-0.4269815513778431,-0.39629814
1.8765495744542928,0.031000000620819368,-0.4269815513778431,-0.396869
1.8765495744542928,0.03299999961335955,-0.4269815513778431,-0.3974452
1.8765495744542928,0.03500000022954439,-0.4269815513778431,-0.3980228
1.8765495744542928,0.03700000084572922,-0.4269815513778431,-0.3985987
1.8765495744542928,0.038999999838269406,-0.4269815513778431,-0.39916825
1.8765495744542928,0.04100000045445424,-0.4269815513778431,-0.3997267
1.8765495744542928,0.04300000107063908,-0.4269815513778431,-0.40027153
1.8765495744542928,0.04500000006317926,-0.4269815513778431,-0.40079686
1.8765495744542928,0.046999999055719444,-0.4269815513778431,-0.4012951
1.8765495744542928,0.04899999967190428,-0.4269815513778431,-0.40176132
1.8765495744542928,0.05100000028808912,-0.4269815513778431,-0.4021893
1.8765495744542928,0.0529999992806293,-0.4269815513778431,-0.40257144
1.8765495744542928,0.05499999827316948,-0.4269815513778431,-0.4029004
1.8765495744542928,0.05699999726570966,-0.4269815513778431,-0.4031736
1.8765495744542928,0.05899999950553916,-0.4269815513778431,-0.40338597
1.8765495744542928,0.06100000174536865,-0.4269815513778431,-0.4035351
1.8765495744542928,0.06300000073790883,-0.4269815513778431,-0.40361938
1.8765495744542928,0.06499999973044901,-0.4269815513778431,-0.40363905
1.8765495744542928,0.06699999872298919,-0.4269815513778431,-0.40359676
1.8765495744542928,0.06899999771552937,-0.4269815513778431,-0.40349728
1.9340554831583296,0.0010000000036590455,-0.42025155726835817,-0.38057518
1.9340554831583296,0.003000000010977137,-0.42025155726835817,-0.3804621
1.9340554831583296,0.004999999916817437,-0.42025155726835817,-0.38028613
1.9340554831583296,0.006999999924135528,-0.42025155726835817,-0.38009354
1.9340554831583296,0.008999999931453619,-0.42025155726835817,-0.37999663
1.9340554831583296,0.010999999735816128,-0.42025155726835817,-0.3799997
1.9340554831583296,0.012999999540178638,-0.42025155726835817,-0.38012072
1.9340554831583296,0.014999999750452311,-0.42025155726835817,-0.38033953
1.9340554831583296,0.01700000036663715,-0.42025155726835817,-0.3806438
1.9340554831583296,0.01900000017099966,-0.42025155726835817,-0.381013
1.9340554831583296,0.020999999975362168,-0.42025155726835817,-0.38143256
1.9340554831583296,0.022999999779724677,-0.42025155726835817,-0.38188848
1.9340554831583296,0.024999999584087183,-0.42025155726835817,-0.38237074
1.9340554831583296,0.026999999388449693,-0.42025155726835817,-0.3828714
1.9340554831583296,0.02900000000463453,-0.42025155726835817,-0.38338447
1.9340554831583296,0.031000000620819368,-0.42025155726835817,-0.38390577
1.9340554831583296,0.03299999961335955,-0.42025155726835817,-0.3844323
1.9340554831583296,0.03500000022954439,-0.42025155726835817,-0.38496053
1.9340554831583296,0.03700000084572922,-0.42025155726835817,-0.3854871
1.9340554831583296,0.038999999838269406,-0.42025155726835817,-0.38600895
1.9340554831583296,0.04100000045445424,-0.42025155726835817,-0.38652217
1.9340554831583296,0.04300000107063908,-0.42025155726835817,-0.38702348
1.9340554831583296,0.04500000006317926,-0.42025155726835817,-0.3875102
1.9340554831583296,0.046999999055719444,-0.42025155726835817,-0.38797608
1.9340554831583296,0.04899999967190428,-0.42025155726835817,-0.38841498
1.9340554831583296,0.05100000028808912,-0.42025155726835817,-0.38882333
1.9340554831583296,0.0529999992806293,-0.42025155726835817,-0.3891954
1.9340554831583296,0.05499999827316948,-0.42025155726835817,-0.38952324
1.9340554831583296,0.05699999726570966,-0.42025155726835817,-0.38980412
1.9340554831583296,0.05899999950553916,-0.42025155726835817,-0.3900338
1.9340554831583296,0.06100000174536865,-0.42025155726835817,-0.39020935
1.9340554831583296,0.06300000073790883,-0.42025155726835817,-0.39032874
1.9340554831583296,0.06499999973044901,-0.42025155726835817,-0.39039096
1.9340554831583296,0.06699999872298919,-0.42025155726835817,-0.3903967
1.9340554831583296,0.06899999771552937,-0.42025155726835817,-0.39034882
1.9915750044991614,0.0010000000036590455,-0.41329825356748146,-0.3681586
1.9915750044991614,0.003000000010977137,-0.41329825356748146,-0.36805385
1.9915750044991614,0.004999999916817437,-0.41329825356748146,-0.36788744
1.9915750044991614,0.006999999924135528,-0.41329825356748146,-0.36770147
1.9915750044991614,0.008999999931453619,-0.41329825356748146,-0.36760193
1.9915750044991614,0.010999999735816128,-0.41329825356748146,-0.36759365
1.9915750044991614,0.012999999540178638,-0.41329825356748146,-0.3676949
1.9915750044991614,0.014999999750452311,-0.41329825356748146,-0.3678874
1.9915750044991614,0.01700000036663715,-0.41329825356748146,-0.3681603
1.9915750044991614,0.01900000017099966,-0.41329825356748146,-0.36849466
1.9915750044991614,0.020999999975362168,-0.41329825356748146,-0.3688769
1.9915750044991614,0.022999999779724677,-0.41329825356748146,-0.36929375
1.9915750044991614,0.024999999584087183,-0.41329825356748146,-0.36973557
1.9915750044991614,0.026999999388449693,-0.41329825356748146,-0.3701947
1.9915750044991614,0.02900000000463453,-0.41329825356748146,-0.37066528
1.9915750044991614,0.031000000620819368,-0.41329825356748146,-0.37114328
1.9915750044991614,0.03299999961335955,-0.41329825356748146,-0.37162593
1.9915750044991614,0.03500000022954439,-0.41329825356748146,-0.37210992
1.9915750044991614,0.03700000084572922,-0.41329825356748146,-0.37259284
1.9915750044991614,0.038999999838269406,-0.41329825356748146,-0.37307173
1.9915750044991614,0.04100000045445424,-0.41329825356748146,-0.37354362
1.9915750044991614,0.04300000107063908,-0.41329825356748146,-0.37400547
1.9915750044991614,0.04500000006317926,-0.41329825356748146,-0.37445554
1.9915750044991614,0.046999999055719444,-0.41329825356748146,-0.3748894
1.9915750044991614,0.04899999967190428,-0.41329825356748146,-0.3753012
1.9915750044991614,0.05100000028808912,-0.41329825356748146,-0.37568784
1.9915750044991614,0.0529999992806293,-0.41329825356748146,-0.37604487
1.9915750044991614,0.05499999827316948,-0.41329825356748146,-0.376367
1.9915750044991614,0.05699999726570966,-0.41329825356748146,-0.37664825
1.9915750044991614,0.05899999950553916,-0.41329825356748146,-0.37688705
1.9915750044991614,0.06100000174536865,-0.41329825356748146,-0.37707943
1.9915750044991614,0.06300000073790883,-0.41329825356748146,-0.37722343
1.9915750044991614,0.06499999973044901,-0.41329825356748146,-0.37731755
1.9915750044991614,0.06699999872298919,-0.41329825356748146,-0.37736133
1.9915750044991614,0.06899999771552937,-0.41329825356748146,-0.377356
2.049054519235672,0.0010000000036590455,-0.4061350710638065,-0.35590017
2.049054519235672,0.003000000010977137,-0.4061350710638065,-0.355803
2.049054519235672,0.004999999916817437,-0.4061350710638065,-0.35564557
2.049054519235672,0.006999999924135528,-0.4061350710638065,-0.35546604
2.049054519235672,0.008999999931453619,-0.4061350710638065,-0.35536444
2.049054519235672,0.010999999735816128,-0.4061350710638065,-0.35534635
2.049054519235672,0.012999999540178638,-0.4061350710638065,-0.35543004
2.049054519235672,0.014999999750452311,-0.4061350710638065,-0.35559896
2.049054519235672,0.01700000036663715,-0.4061350710638065,-0.35584387
2.049054519235672,0.01900000017099966,-0.4061350710638065,-0.3561473
2.049054519235672,0.020999999975362168,-0.4061350710638065,-0.3564965
2.049054519235672,0.022999999779724677,-0.4061350710638065,-0.35687885
2.049054519235672,0.024999999584087183,-0.4061350710638065,-0.35728502
2.049054519235672,0.026999999388449693,-0.4061350710638065,-0.35770753
2.049054519235672,0.02900000000463453,-0.4061350710638065,-0.35814086
2.049054519235672,0.031000000620819368,-0.4061350710638065,-0.3585808
2.049054519235672,0.03299999961335955,-0.4061350710638065,-0.35902438
2.049054519235672,0.03500000022954439,-0.4061350710638065,-0.35946965
2.049054519235672,0.03700000084572922,-0.4061350710638065,-0.35991374
2.049054519235672,0.038999999838269406,-0.4061350710638065,-0.36035448
2.049054519235672,0.04100000045445424,-0.4061350710638065,-0.36078954
2.049054519235672,0.04300000107063908,-0.4061350710638065,-0.36121568
2.049054519235672,0.04500000006317926,-0.4061350710638065,-0.36163145
2.049054519235672,0.046999999055719444,-0.4061350710638065,-0.3620349
2.049054519235672,0.04899999967190428,-0.4061350710638065,-0.3624209
2.049054519235672,0.05100000028808912,-0.4061350710638065,-0.36278507
2.049054519235672,0.0529999992806293,-0.4061350710638065,-0.36312532
2.049054519235672,0.05499999827316948,-0.4061350710638065,-0.36343715
2.049054519235672,0.05699999726570966,-0.4061350710638065,-0.36371493
2.049054519235672,0.05899999950553916,-0.4061350710638065,-0.36395645
2.049054519235672,0.06100000174536865,-0.4061350710638065,-0.36415863
2.049054519235672,0.06300000073790883,-0.4061350710638065,-0.36431915
2.049054519235672,0.06499999973044901,-0.4061350710638065,-0.36443624
2.049054519235672,0.06699999872298919,-0.4061350710638065,-0.36450908
2.049054519235672,0.06899999771552937,-0.4061350710638065,-0.36453786
2.10644020030023,0.0010000000036590455,-0.39877581723148686,-0.3438047
2.10644020030023,0.003000000010977137,-0.39877581723148686,-0.34371424
2.10644020030023,0.004999999916817437,-0.39877581723148686,-0.34356576
2.10644020030023,0.006999999924135528,-0.39877581723148686,-0.34339267
2.10644020030023,0.008999999931453619,-0.39877581723148686,-0.34328958
2.10644020030023,0.010999999735816128,-0.39877581723148686,-0.3432631
2.10644020030023,0.012999999540178638,-0.39877581723148686,-0.34333137
2.10644020030023,0.014999999750452311,-0.39877581723148686,-0.3434795
2.10644020030023,0.01700000036663715,-0.39877581723148686,-0.3436998
2.10644020030023,0.01900000017099966,-0.39877581723148686,-0.34397572
2.10644020030023,0.020999999975362168,-0.39877581723148686,-0.34429538
2.10644020030023,0.022999999779724677,-0.39877581723148686,-0.34464678
2.10644020030023,0.024999999584087183,-0.39877581723148686,-0.3450211
2.10644020030023,0.026999999388449693,-0.39877581723148686,-0.3454109
2.10644020030023,0.02900000000463453,-0.39877581723148686,-0.3458111
2.10644020030023,0.031000000620819368,-0.39877581723148686,-0.34621727
2.10644020030023,0.03299999961335955,-0.39877581723148686,-0.34662676
2.10644020030023,0.03500000022954439,-0.39877581723148686,-0.34703735
2.10644020030023,0.03700000084572922,-0.39877581723148686,-0.34744692
2.10644020030023,0.038999999838269406,-0.39877581723148686,-0.34785345
2.10644020030023,0.04100000045445424,-0.39877581723148686,-0.34825498
2.10644020030023,0.04300000107063908,-0.39877581723148686,-0.3486493
2.10644020030023,0.04500000006317926,-0.39877581723148686,-0.34903374
2.10644020030023,0.046999999055719444,-0.39877581723148686,-0.34940803
2.10644020030023,0.04899999967190428,-0.39877581723148686,-0.34976858
2.10644020030023,0.05100000028808912,-0.39877581723148686,-0.3501109
2.10644020030023,0.0529999992806293,-0.39877581723148686,-0.35043302
2.10644020030023,0.05499999827316948,-0.39877581723148686,-0.35073158
2.10644020030023,0.05699999726570966,-0.39877581723148686,-0.3510028
2.10644020030023,0.05899999950553916,-0.39877581723148686,-0.35124213
2.10644020030023,0.06100000174536865,-0.39877581723148686,-0.3514486
2.10644020030023,0.06300000073790883,-0.39877581723148686,-0.351619
2.10644020030023,0.06499999973044901,-0.39877581723148686,-0.351752
2.10644020030023,0.06699999872298919,-0.39877581723148686,-0.35184634
2.10644020030023,0.06899999771552937,-0.39877581723148686,-0.3519014
2.163678532364977,0.0010000000036590455,-0.39123437747961975,-0.33185813
2.163678532364977,0.003000000010977137,-0.39123437747961975,-0.33177373
2.163678532364977,0.004999999916817437,-0.39123437747961975,-0.33163324
2.163678532364977,0.006999999924135528,-0.39123437747961975,-0.33146653
2.163678532364977,0.008999999931453619,-0.39123437747961975,-0.33136255
2.163678532364977,0.010999999735816128,-0.39123437747961975,-0.33132896
2.163678532364977,0.012999999540178638,-0.39123437747961975,-0.33138365
2.163678532364977,0.014999999750452311,-0.39123437747961975,-0.33151355
2.163678532364977,0.01700000036663715,-0.39123437747961975,-0.33171183
2.163678532364977,0.01900000017099966,-0.39123437747961975,-0.331963
2.163678532364977,0.020999999975362168,-0.39123437747961975,-0.3322562
2.163678532364977,0.022999999779724677,-0.39123437747961975,-0.3325799
2.163678532364977,0.024999999584087183,-0.39123437747961975,-0.33292583
2.163678532364977,0.026999999388449693,-0.39123437747961975,-0.33328673
2.163678532364977,0.02900000000463453,-0.39123437747961975,-0.33365744
2.163678532364977,0.031000000620819368,-0.39123437747961975,-0.334034
2.163678532364977,0.03299999961335955,-0.39123437747961975,-0.33441326
2.163678532364977,0.03500000022954439,-0.39123437747961975,-0.33479312
2.163678532364977,0.03700000084572922,-0.39123437747961975,-0.33517236
2.163678532364977,0.038999999838269406,-0.39123437747961975,-0.33554855
2.163678532364977,0.04100000045445424,-0.39123437747961975,-0.33592033
2.163678532364977,0.04300000107063908,-0.39123437747961975,-0.33628574
2.163678532364977,0.04500000006317926,-0.39123437747961975,-0.33664268
2.163678532364977,0.046999999055719444,-0.39123437747961975,-0.33698988
2.163678532364977,0.04899999967190428,-0.39123437747961975,-0.3373263
2.163678532364977,0.05100000028808912,-0.39123437747961975,-0.3376481
2.163678532364977,0.0529999992806293,-0.39123437747961975,-0.3379519
2.163678532364977,0.05499999827316948,-0.39123437747961975,-0.3382363
2.163678532364977,0.05699999726570966,-0.39123437747961975,-0.3384981
2.163678532364977,0.05899999950553916,-0.39123437747961975,-0.33873305
2.163678532364977,0.06100000174536865,-0.39123437747961975,-0.33893952
2.163678532364977,0.06300000073790883,-0.39123437747961975,-0.3391153
2.163678532364977,0.06499999973044901,-0.39123437747961975,-0.33925858
2.163678532364977,0.06699999872298919,-0.39123437747961975,-0.33936805
2.163678532364977,0.06899999771552937,-0.39123437747961975,-0.33944285
2.220716831408119,0.0010000000036590455,-0.38352458526067323,-0.32006368
2.220716831408119,0.003000000010977137,-0.38352458526067323,-0.31998464
2.220716831408119,0.004999999916817437,-0.38352458526067323,-0.31985164
2.220716831408119,0.006999999924135528,-0.38352458526067323,-0.3196912
2.220716831408119,0.008999999931453619,-0.38352458526067323,-0.31958714
2.220716831408119,0.010999999735816128,-0.38352458526067323,-0.3195477
2.220716831408119,0.012999999540178638,-0.38352458526067323,-0.31959054
2.220716831408119,0.014999999750452311,-0.38352458526067323,-0.31970423
2.220716831408119,0.01700000036663715,-0.38352458526067323,-0.31988263
2.220716831408119,0.01900000017099966,-0.38352458526067323,-0.32011148
2.220716831408119,0.020999999975362168,-0.38352458526067323,-0.32038072
2.220716831408119,0.022999999779724677,-0.38352458526067323,-0.3206796
2.220716831408119,0.024999999584087183,-0.38352458526067323,-0.32100004
2.220716831408119,0.026999999388449693,-0.38352458526067323,-0.32133508
2.220716831408119,0.02900000000463453,-0.38352458526067323,-0.3216795
2.220716831408119,0.031000000620819368,-0.38352458526067323,-0.32202953
2.220716831408119,0.03299999961335955,-0.38352458526067323,-0.32238194
2.220716831408119,0.03500000022954439,-0.38352458526067323,-0.3227349
2.220716831408119,0.03700000084572922,-0.38352458526067323,-0.32308653
2.220716831408119,0.038999999838269406,-0.38352458526067323,-0.32343554
2.220716831408119,0.04100000045445424,-0.38352458526067323,-0.32378042
2.220716831408119,0.04300000107063908,-0.38352458526067323,-0.32411945
2.220716831408119,0.04500000006317926,-0.38352458526067323,-0.3244513
2.220716831408119,0.046999999055719444,-0.38352458526067323,-0.3247738
2.220716831408119,0.04899999967190428,-0.38352458526067323,-0.32508728
2.220716831408119,0.05100000028808912,-0.38352458526067323,-0.3253888
2.220716831408119,0.0529999992806293,-0.38352458526067323,-0.32567483
2.220716831408119,0.05499999827316948,-0.38352458526067323,-0.32594448
2.220716831408119,0.05699999726570966,-0.38352458526067323,-0.3261949
2.220716831408119,0.05899999950553916,-0.38352458526067323,-0.32642344
2.220716831408119,0.06100000174536865,-0.38352458526067323,-0.3266267
2.220716831408119,0.06300000073790883,-0.38352458526067323,-0.326804
2.220716831408119,0.06499999973044901,-0.38352458526067323,-0.32695305
2.220716831408119,0.06699999872298919,-0.38352458526067323,-0.3270727
2.220716831408119,0.06899999771552937,-0.38352458526067323,-0.3271619
2.277502829060894,0.0010000000036590455,-0.3756606507126756,-0.30839276
2.277502829060894,0.003000000010977137,-0.3756606507126756,-0.3083189
2.277502829060894,0.004999999916817437,-0.3756606507126756,-0.30819264
2.277502829060894,0.006999999924135528,-0.3756606507126756,-0.30803794
2.277502829060894,0.008999999931453619,-0.3756606507126756,-0.30793387
2.277502829060894,0.010999999735816128,-0.3756606507126756,-0.307889
2.277502829060894,0.012999999540178638,-0.3756606507126756,-0.30792105
2.277502829060894,0.014999999750452311,-0.3756606507126756,-0.30801985
2.277502829060894,0.01700000036663715,-0.3756606507126756,-0.30817994
2.277502829060894,0.01900000017099966,-0.3756606507126756,-0.30838847
2.277502829060894,0.020999999975362168,-0.3756606507126756,-0.30863607
2.277502829060894,0.022999999779724677,-0.3756606507126756,-0.30891246
2.277502829060894,0.024999999584087183,-0.3756606507126756,-0.30920976
2.277502829060894,0.026999999388449693,-0.3756606507126756,-0.3095213
2.277502829060894,0.02900000000463453,-0.3756606507126756,-0.30984205
2.277502829060894,0.031000000620819368,-0.3756606507126756,-0.31016803
2.277502829060894,0.03299999961335955,-0.3756606507126756,-0.31049657
2.277502829060894,0.03500000022954439,-0.3756606507126756,-0.31082523
2.277502829060894,0.03700000084572922,-0.3756606507126756,-0.3111525
2.277502829060894,0.038999999838269406,-0.3756606507126756,-0.31147727
2.277502829060894,0.04100000045445424,-0.3756606507126756,-0.31179816
2.277502829060894,0.04300000107063908,-0.3756606507126756,-0.3121138
2.277502829060894,0.04500000006317926,-0.3756606507126756,-0.3124228
2.277502829060894,0.046999999055719444,-0.3756606507126756,-0.31272373
2.277502829060894,0.04899999967190428,-0.3756606507126756,-0.3130156
2.277502829060894,0.05100000028808912,-0.3756606507126756,-0.31329793
2.277502829060894,0.0529999992806293,-0.3756606507126756,-0.31356758
2.277502829060894,0.05499999827316948,-0.3756606507126756,-0.31382236
2.277502829060894,0.05699999726570966,-0.3756606507126756,-0.31406122
2.277502829060894,0.05899999950553916,-0.3756606507126756,-0.31428158
2.277502829060894,0.06100000174536865,-0.3756606507126756,-0.31448036
2.277502829060894,0.06300000073790883,-0.3756606507126756,-0.31465653
2.277502829060894,0.06499999973044901,-0.3756606507126756,-0.31480822
2.277502829060894,0.06699999872298919,-0.3756606507126756,-0.3149342
2.277502829060894,0.06899999771552937,-0.3756606507126756,-0.3150335
2.3339854000003766,0.0010000000036590455,-0.367656978811014,-0.29687092
2.3339854000003766,0.003000000010977137,-0.367656978811014,-0.2968022
2.3339854000003766,0.004999999916817437,-0.367656978811014,-0.29668266
2.3339854000003766,0.006999999924135528,-0.367656978811014,-0.2965338
2.3339854000003766,0.008999999931453619,-0.367656978811014,-0.2964306
2.3339854000003766,0.010999999735816128,-0.367656978811014,-0.29638168
2.3339854000003766,0.012999999540178638,-0.367656978811014,-0.2964047
2.3339854000003766,0.014999999750452311,-0.367656978811014,-0.2964906
2.3339854000003766,0.01700000036663715,-0.367656978811014,-0.2966347
2.3339854000003766,0.01900000017099966,-0.367656978811014,-0.29682538
2.3339854000003766,0.020999999975362168,-0.367656978811014,-0.29705364
2.3339854000003766,0.022999999779724677,-0.367656978811014,-0.29730973
2.3339854000003766,0.024999999584087183,-0.367656978811014,-0.29758623
2.3339854000003766,0.026999999388449693,-0.367656978811014,-0.2978766
2.3339854000003766,0.02900000000463453,-0.367656978811014,-0.29817602
2.3339854000003766,0.031000000620819368,-0.367656978811014,-0.2984806
2.3339854000003766,0.03299999961335955,-0.367656978811014,-0.2987875
2.3339854000003766,0.03500000022954439,-0.367656978811014,-0.2990946
2.3339854000003766,0.03700000084572922,-0.367656978811014,-0.29940018
2.3339854000003766,0.038999999838269406,-0.367656978811014,-0.29970297
2.3339854000003766,0.04100000045445424,-0.367656978811014,-0.30000213
2.3339854000003766,0.04300000107063908,-0.367656978811014,-0.3002965
2.3339854000003766,0.04500000006317926,-0.367656978811014,-0.30058467
2.3339854000003766,0.046999999055719444,-0.367656978811014,-0.30086562
2.3339854000003766,0.04899999967190428,-0.367656978811014,-0.301138
2.3339854000003766,0.05100000028808912,-0.367656978811014,-0.301402
2.3339854000003766,0.0529999992806293,-0.367656978811014,-0.30165556
2.3339854000003766,0.05499999827316948,-0.367656978811014,-0.30189583
2.3339854000003766,0.05699999726570966,-0.367656978811014,-0.30212238
2.3339854000003766,0.05899999950553916,-0.367656978811014,-0.30233318
2.3339854000003766,0.06100000174536865,-0.367656978811014,-0.30252612
2.3339854000003766,0.06300000073790883,-0.367656978811014,-0.30269873
2.3339854000003766,0.06499999973044901,-0.367656978811014,-0.30285054
2.3339854000003766,0.06699999872298919,-0.367656978811014,-0.30297974
2.3339854000003766,0.06899999771552937,-0.367656978811014,-0.3030856
2.3901145619494812,0.0010000000036590455,-0.35952714322501145,-0.28548014
2.3901145619494812,0.003000000010977137,-0.35952714322501145,-0.28541598
2.3901145619494812,0.004999999916817437,-0.35952714322501145,-0.28530273
2.3901145619494812,0.006999999924135528,-0.35952714322501145,-0.28515953
2.3901145619494812,0.008999999931453619,-0.35952714322501145,-0.28505734
2.3901145619494812,0.010999999735816128,-0.35952714322501145,-0.28500503
2.3901145619494812,0.012999999540178638,-0.35952714322501145,-0.28502014
2.3901145619494812,0.014999999750452311,-0.35952714322501145,-0.28509456
2.3901145619494812,0.01700000036663715,-0.35952714322501145,-0.28522444
2.3901145619494812,0.01900000017099966,-0.35952714322501145,-0.28539896
2.3901145619494812,0.020999999975362168,-0.35952714322501145,-0.28560966
2.3901145619494812,0.022999999779724677,-0.35952714322501145,-0.28584743
2.3901145619494812,0.024999999584087183,-0.35952714322501145,-0.28610513
2.3901145619494812,0.026999999388449693,-0.35952714322501145,-0.2863766
2.3901145619494812,0.02900000000463453,-0.35952714322501145,-0.28665704
2.3901145619494812,0.031000000620819368,-0.35952714322501145,-0.28694263
2.3901145619494812,0.03299999961335955,-0.35952714322501145,-0.28723046
2.3901145619494812,0.03500000022954439,-0.35952714322501145,-0.28751847
2.3901145619494812,0.03700000084572922,-0.35952714322501145,-0.28780493
2.3901145619494812,0.038999999838269406,-0.35952714322501145,-0.28808862
2.3901145619494812,0.04100000045445424,-0.35952714322501145,-0.28836864
2.3901145619494812,0.04300000107063908,-0.35952714322501145,-0.2886441
2.3901145619494812,0.04500000006317926,-0.35952714322501145,-0.28891397
2.3901145619494812,0.046999999055719444,-0.35952714322501145,-0.28917697
2.3901145619494812,0.04899999967190428,-0.35952714322501145,-0.2894323
2.3901145619494812,0.05100000028808912,-0.35952714322501145,-0.28967944
2.3901145619494812,0.0529999992806293,-0.35952714322501145,-0.2899178
2.3901145619494812,0.05499999827316948,-0.35952714322501145,-0.290145
2.3901145619494812,0.05699999726570966,-0.35952714322501145,-0.29035965
2.3901145619494812,0.05899999950553916,-0.35952714322501145,-0.29056087
2.3901145619494812,0.06100000174536865,-0.35952714322501145,-0.2907469
2.3901145619494812,0.06300000073790883,-0.35952714322501145,-0.2909152
2.3901145619494812,0.06499999973044901,-0.35952714322501145,-0.29106516
2.3901145619494812,0.06699999872298919,-0.35952714322501145,-0.29119536
2.3901145619494812,0.06899999771552937,-0.35952714322501145,-0.29130495
2.4458412678504424,0.0010000000036590455,-0.35128521121196665,-0.27417508
2.4458412678504424,0.003000000010977137,-0.35128521121196665,-0.2741151
2.4458412678504424,0.004999999916817437,-0.35128521121196665,-0.27400768
2.4458412678504424,0.006999999924135528,-0.35128521121196665,-0.27386963
2.4458412678504424,0.008999999931453619,-0.35128521121196665,-0.27376822
2.4458412678504424,0.010999999735816128,-0.35128521121196665,-0.27371258
2.4458412678504424,0.012999999540178638,-0.35128521121196665,-0.27372006
2.4458412678504424,0.014999999750452311,-0.35128521121196665,-0.2737834
2.4458412678504424,0.01700000036663715,-0.35128521121196665,-0.27389967
2.4458412678504424,0.01900000017099966,-0.35128521121196665,-0.27405864
2.4458412678504424,0.020999999975362168,-0.35128521121196665,-0.2742525
2.4458412678504424,0.022999999779724677,-0.35128521121196665,-0.27447274
2.4458412678504424,0.024999999584087183,-0.35128521121196665,-0.27471265
2.4458412678504424,0.026999999388449693,-0.35128521121196665,-0.27496615
2.4458412678504424,0.02900000000463453,-0.35128521121196665,-0.27522856
2.4458412678504424,0.031000000620819368,-0.35128521121196665,-0.27549607
2.4458412678504424,0.03299999961335955,-0.35128521121196665,-0.27576584
2.4458412678504424,0.03500000022954439,-0.35128521121196665,-0.2760358
2.4458412678504424,0.03700000084572922,-0.35128521121196665,-0.27630424
2.4458412678504424,0.038999999838269406,-0.35128521121196665,-0.27657002
2.4458412678504424,0.04100000045445424,-0.35128521121196665,-0.27683207
2.4458412678504424,0.04300000107063908,-0.35128521121196665,-0.27708972
2.4458412678504424,0.04500000006317926,-0.35128521121196665,-0.27734232
2.4458412678504424,0.046999999055719444,-0.35128521121196665,-0.27758858
2.4458412678504424,0.04899999967190428,-0.35128521121196665,-0.2778277
2.4458412678504424,0.05100000028808912,-0.35128521121196665,-0.27805904
2.4458412678504424,0.0529999992806293,-0.35128521121196665,-0.27828267
2.4458412678504424,0.05499999827316948,-0.35128521121196665,-0.27849695
2.4458412678504424,0.05699999726570966,-0.35128521121196665,-0.2786998
2.4458412678504424,0.05899999950553916,-0.35128521121196665,-0.27889112
2.4458412678504424,0.06100000174536865,-0.35128521121196665,-0.27906927
2.4458412678504424,0.06300000073790883,-0.35128521121196665,-0.27923244
2.4458412678504424,0.06499999973044901,-0.35128521121196665,-0.2793791
2.4458412678504424,0.06699999872298919,-0.35128521121196665,-0.27950877
2.4458412678504424,0.06899999771552937,-0.35128521121196665,-0.27962014
2.5011182371708807,0.0010000000036590455,-0.34294609432439926,-0.263003
2.5011182371708807,0.003000000010977137,-0.34294609432439926,-0.26294672
2.5011182371708807,0.004999999916817437,-0.34294609432439926,-0.26284486
2.5011182371708807,0.006999999924135528,-0.34294609432439926,-0.262712
2.5011182371708807,0.008999999931453619,-0.34294609432439926,-0.26261157
2.5011182371708807,0.010999999735816128,-0.34294609432439926,-0.2625534
2.5011182371708807,0.012999999540178638,-0.34294609432439926,-0.2625543
2.5011182371708807,0.014999999750452311,-0.34294609432439926,-0.26260802
2.5011182371708807,0.01700000036663715,-0.34294609432439926,-0.26271224
2.5011182371708807,0.01900000017099966,-0.34294609432439926,-0.26285735
2.5011182371708807,0.020999999975362168,-0.34294609432439926,-0.26303628
2.5011182371708807,0.022999999779724677,-0.34294609432439926,-0.26324096
2.5011182371708807,0.024999999584087183,-0.34294609432439926,-0.26346496
2.5011182371708807,0.026999999388449693,-0.34294609432439926,-0.26370236
2.5011182371708807,0.02900000000463453,-0.34294609432439926,-0.26394862
2.5011182371708807,0.031000000620819368,-0.34294609432439926,-0.2642
2.5011182371708807,0.03299999961335955,-0.34294609432439926,-0.26445374
2.5011182371708807,0.03500000022954439,-0.34294609432439926,-0.26470768
2.5011182371708807,0.03700000084572922,-0.34294609432439926,-0.26496026
2.5011182371708807,0.038999999838269406,-0.34294609432439926,-0.26521015
2.5011182371708807,0.04100000045445424,-0.34294609432439926,-0.26545656
2.5011182371708807,0.04300000107063908,-0.34294609432439926,-0.26569852
2.5011182371708807,0.04500000006317926,-0.34294609432439926,-0.26593554
2.5011182371708807,0.046999999055719444,-0.34294609432439926,-0.26616704
2.5011182371708807,0.04899999967190428,-0.34294609432439926,-0.2663918
2.5011182371708807,0.05100000028808912,-0.34294609432439926,-0.26660904
2.5011182371708807,0.0529999992806293,-0.34294609432439926,-0.2668193
2.5011182371708807,0.05499999827316948,-0.34294609432439926,-0.26702136
2.5011182371708807,0.05699999726570966,-0.34294609432439926,-0.26721334
2.5011182371708807,0.05899999950553916,-0.34294609432439926,-0.26739502
2.5011182371708807,0.06100000174536865,-0.34294609432439926,-0.26756522
2.5011182371708807,0.06300000073790883,-0.34294609432439926,-0.2677227
2.5011182371708807,0.06499999973044901,-0.34294609432439926,-0.26786545
2.5011182371708807,0.06699999872298919,-0.34294609432439926,-0.26799324
2.5011182371708807,0.06899999771552937,-0.34294609432439926,-0.26810485
2.555899955903802,0.0010000000036590455,-0.3345242884617969,-0.2519392
2.555899955903802,0.003000000010977137,-0.3345242884617969,-0.25188625
2.555899955903802,0.004999999916817437,-0.3345242884617969,-0.25178972
2.555899955903802,0.006999999924135528,-0.3345242884617969,-0.25166196
2.555899955903802,0.008999999931453619,-0.3345242884617969,-0.25156283
2.555899955903802,0.010999999735816128,-0.3345242884617969,-0.2515027
2.555899955903802,0.012999999540178638,-0.3345242884617969,-0.25149786
2.555899955903802,0.014999999750452311,-0.3345242884617969,-0.25154302
2.555899955903802,0.01700000036663715,-0.3345242884617969,-0.25163627
2.555899955903802,0.01900000017099966,-0.3345242884617969,-0.2517687
2.555899955903802,0.020999999975362168,-0.3345242884617969,-0.25193396
2.555899955903802,0.022999999779724677,-0.3345242884617969,-0.2521243
2.555899955903802,0.024999999584087183,-0.3345242884617969,-0.2523335
2.555899955903802,0.026999999388449693,-0.3345242884617969,-0.25255597
2.555899955903802,0.02900000000463453,-0.3345242884617969,-0.25278723
2.555899955903802,0.031000000620819368,-0.3345242884617969,-0.25302374
2.555899955903802,0.03299999961335955,-0.3345242884617969,-0.25326276
2.555899955903802,0.03500000022954439,-0.3345242884617969,-0.25350204
2.555899955903802,0.03700000084572922,-0.3345242884617969,-0.25374004
2.555899955903802,0.038999999838269406,-0.3345242884617969,-0.2539756
2.555899955903802,0.04100000045445424,-0.3345242884617969,-0.25420767
2.555899955903802,0.04300000107063908,-0.3345242884617969,-0.2544355
2.555899955903802,0.04500000006317926,-0.3345242884617969,-0.25465852
2.555899955903802,0.046999999055719444,-0.3345242884617969,-0.25487617
2.555899955903802,0.04899999967190428,-0.3345242884617969,-0.25508785
2.555899955903802,0.05100000028808912,-0.3345242884617969,-0.25529253
2.555899955903802,0.0529999992806293,-0.3345242884617969,-0.25549
2.555899955903802,0.05499999827316948,-0.3345242884617969,-0.25568056
2.555899955903802,0.05699999726570966,-0.3345242884617969,-0.2558625
2.555899955903802,0.05899999950553916,-0.3345242884617969,-0.25603458
2.555899955903802,0.06100000174536865,-0.3345242884617969,-0.25619686
2.555899955903802,0.06300000073790883,-0.3345242884617969,-0.2563479
2.555899955903802,0.06499999973044901,-0.3345242884617969,-0.25648633
2.555899955903802,0.06699999872298919,-0.3345242884617969,-0.2566112
2.555899955903802,0.06899999771552937,-0.3345242884617969,-0.25672197
2.610142260914567,0.0010000000036590455,-0.32603389984893,-0.24099939
2.610142260914567,0.003000000010977137,-0.32603389984893,-0.24094951
2.610142260914567,0.004999999916817437,-0.32603389984893,-0.24085793
2.610142260914567,0.006999999924135528,-0.32603389984893,-0.24073485
2.610142260914567,0.008999999931453619,-0.32603389984893,-0.24063715
2.610142260914567,0.010999999735816128,-0.32603389984893,-0.24057539
2.610142260914567,0.012999999540178638,-0.32603389984893,-0.24056546
2.610142260914567,0.014999999750452311,-0.32603389984893,-0.24060291
2.610142260914567,0.01700000036663715,-0.32603389984893,-0.24068625
2.610142260914567,0.01900000017099966,-0.32603389984893,-0.24080728
2.610142260914567,0.020999999975362168,-0.32603389984893,-0.24096012
2.610142260914567,0.022999999779724677,-0.32603389984893,-0.24113734
2.610142260914567,0.024999999584087183,-0.32603389984893,-0.2413331
2.610142260914567,0.026999999388449693,-0.32603389984893,-0.24154203
2.610142260914567,0.02900000000463453,-0.32603389984893,-0.24175985
2.610142260914567,0.031000000620819368,-0.32603389984893,-0.24198307
2.610142260914567,0.03299999961335955,-0.32603389984893,-0.24220887
2.610142260914567,0.03500000022954439,-0.32603389984893,-0.2424351
2.610142260914567,0.03700000084572922,-0.32603389984893,-0.24266015
2.610142260914567,0.038999999838269406,-0.32603389984893,-0.24288277
2.610142260914567,0.04100000045445424,-0.32603389984893,-0.24310206
2.610142260914567,0.04300000107063908,-0.32603389984893,-0.24331728
2.610142260914567,0.04500000006317926,-0.32603389984893,-0.24352778
2.610142260914567,0.046999999055719444,-0.32603389984893,-0.24373312
2.610142260914567,0.04899999967190428,-0.32603389984893,-0.24393278
2.610142260914567,0.05100000028808912,-0.32603389984893,-0.24412623
2.610142260914567,0.0529999992806293,-0.32603389984893,-0.2443124
2.610142260914567,0.05499999827316948,-0.32603389984893,-0.24449226
2.610142260914567,0.05699999726570966,-0.32603389984893,-0.24466471
2.610142260914567,0.05899999950553916,-0.32603389984893,-0.2448281
2.610142260914567,0.06100000174536865,-0.32603389984893,-0.24498266
2.610142260914567,0.06300000073790883,-0.32603389984893,-0.24512726
2.610142260914567,0.06499999973044901,-0.32603389984893,-0.24526098
2.610142260914567,0.06699999872298919,-0.32603389984893,-0.24538234
2.610142260914567,0.06899999771552937,-0.32603389984893,-0.24549127
2.6638030673336948,0.0010000000036590455,-0.31748877492742394,-0.23016173
2.6638030673336948,0.003000000010977137,-0.31748877492742394,-0.23011518
2.6638030673336948,0.004999999916817437,-0.31748877492742394,-0.2300284
2.6638030673336948,0.006999999924135528,-0.31748877492742394,-0.22990997
2.6638030673336948,0.008999999931453619,-0.31748877492742394,-0.22981422
2.6638030673336948,0.010999999735816128,-0.31748877492742394,-0.22975153
2.6638030673336948,0.012999999540178638,-0.31748877492742394,-0.2297374
2.6638030673336948,0.014999999750452311,-0.31748877492742394,-0.2297682
2.6638030673336948,0.01700000036663715,-0.31748877492742394,-0.22984274
2.6638030673336948,0.01900000017099966,-0.31748877492742394,-0.22995351
2.6638030673336948,0.020999999975362168,-0.31748877492742394,-0.230095
2.6638030673336948,0.022999999779724677,-0.31748877492742394,-0.23026021
2.6638030673336948,0.024999999584087183,-0.31748877492742394,-0.23044361
2.6638030673336948,0.026999999388449693,-0.31748877492742394,-0.2306401
2.6638030673336948,0.02900000000463453,-0.31748877492742394,-0.23084547
2.6638030673336948,0.031000000620819368,-0.31748877492742394,-0.23105627
2.6638030673336948,0.03299999961335955,-0.31748877492742394,-0.23126975
2.6638030673336948,0.03500000022954439,-0.31748877492742394,-0.23148374
2.6638030673336948,0.03700000084572922,-0.31748877492742394,-0.23169664
2.6638030673336948,0.038999999838269406,-0.31748877492742394,-0.2319072
2.6638030673336948,0.04100000045445424,-0.31748877492742394,-0.23211454
2.6638030673336948,0.04300000107063908,-0.31748877492742394,-0.23231791
2.6638030673336948,0.04500000006317926,-0.31748877492742394,-0.23251678
2.6638030673336948,0.046999999055719444,-0.31748877492742394,-0.23271061
2.6638030673336948,0.04899999967190428,-0.31748877492742394,-0.232899
2.6638030673336948,0.05100000028808912,-0.31748877492742394,-0.23308153
2.6638030673336948,0.0529999992806293,-0.31748877492742394,-0.23325749
2.6638030673336948,0.05499999827316948,-0.31748877492742394,-0.23342682
2.6638030673336948,0.05699999726570966,-0.31748877492742394,-0.23358977
2.6638030673336948,0.05899999950553916,-0.31748877492742394,-0.23374483
2.6638030673336948,0.06100000174536865,-0.31748877492742394,-0.23389138
2.6638030673336948,0.06300000073790883,-0.31748877492742394,-0.23402941
2.6638030673336948,0.06499999973044901,-0.31748877492742394,-0.23415777
2.6638030673336948,0.06699999872298919,-0.31748877492742394,-0.23427533
2.6638030673336948,0.06899999771552937,-0.31748877492742394,-0.23438162
2.716841952903833,0.0010000000036590455,-0.30890105855930466,-0.21946113
2.716841952903833,0.003000000010977137,-0.30890105855930466,-0.21941766
2.716841952903833,0.004999999916817437,-0.30890105855930466,-0.21933542
2.716841952903833,0.006999999924135528,-0.30890105855930466,-0.21922179
2.716841952903833,0.008999999931453619,-0.30890105855930466,-0.21912831
2.716841952903833,0.010999999735816128,-0.30890105855930466,-0.21906537
2.716841952903833,0.012999999540178638,-0.30890105855930466,-0.21904808
2.716841952903833,0.014999999750452311,-0.30890105855930466,-0.21907343
2.716841952903833,0.01700000036663715,-0.30890105855930466,-0.21914043
2.716841952903833,0.01900000017099966,-0.30890105855930466,-0.21924241
2.716841952903833,0.020999999975362168,-0.30890105855930466,-0.21937405
2.716841952903833,0.022999999779724677,-0.30890105855930466,-0.21952875
2.716841952903833,0.024999999584087183,-0.30890105855930466,-0.21970141
2.716841952903833,0.026999999388449693,-0.30890105855930466,-0.219887
2.716841952903833,0.02900000000463453,-0.30890105855930466,-0.22008146
2.716841952903833,0.031000000620819368,-0.30890105855930466,-0.22028142
2.716841952903833,0.03299999961335955,-0.30890105855930466,-0.22048412
2.716841952903833,0.03500000022954439,-0.30890105855930466,-0.22068754
2.716841952903833,0.03700000084572922,-0.30890105855930466,-0.22088997
2.716841952903833,0.038999999838269406,-0.30890105855930466,-0.22109024
2.716841952903833,0.04100000045445424,-0.30890105855930466,-0.2212874
2.716841952903833,0.04300000107063908,-0.30890105855930466,-0.22148076
2.716841952903833,0.04500000006317926,-0.30890105855930466,-0.2216697
2.716841952903833,0.046999999055719444,-0.30890105855930466,-0.22185381
2.716841952903833,0.04899999967190428,-0.30890105855930466,-0.22203267
2.716841952903833,0.05100000028808912,-0.30890105855930466,-0.22220579
2.716841952903833,0.0529999992806293,-0.30890105855930466,-0.22237301
2.716841952903833,0.05499999827316948,-0.30890105855930466,-0.22253345
2.716841952903833,0.05699999726570966,-0.30890105855930466,-0.22268797
2.716841952903833,0.05899999950553916,-0.30890105855930466,-0.22283575
2.716841952903833,0.06100000174536865,-0.30890105855930466,-0.22297525
2.716841952903833,0.06300000073790883,-0.30890105855930466,-0.22310714
2.716841952903833,0.06499999973044901,-0.30890105855930466,-0.2232303
2.716841952903833,0.06699999872298919,-0.30890105855930466,-0.22334398
2.716841952903833,0.06899999771552937,-0.30890105855930466,-0.22344717
2.769220781459303,0.0010000000036590455,-0.3002839607174925,-0.20876743
2.769220781459303,0.003000000010977137,-0.3002839607174925,-0.20872633
2.769220781459303,0.004999999916817437,-0.3002839607174925,-0.20864795
2.769220781459303,0.006999999924135528,-0.3002839607174925,-0.20853777
2.769220781459303,0.008999999931453619,-0.3002839607174925,-0.20844516
2.769220781459303,0.010999999735816128,-0.3002839607174925,-0.20838058
2.769220781459303,0.012999999540178638,-0.3002839607174925,-0.20835878
2.769220781459303,0.014999999750452311,-0.3002839607174925,-0.20837729
2.769220781459303,0.01700000036663715,-0.3002839607174925,-0.20843557
2.769220781459303,0.01900000017099966,-0.3002839607174925,-0.20852743
2.769220781459303,0.020999999975362168,-0.3002839607174925,-0.20864795
2.769220781459303,0.022999999779724677,-0.3002839607174925,-0.20879099
2.769220781459303,0.024999999584087183,-0.3002839607174925,-0.2089517
2.769220781459303,0.026999999388449693,-0.3002839607174925,-0.2091252
2.769220781459303,0.02900000000463453,-0.3002839607174925,-0.20930764
2.769220781459303,0.031000000620819368,-0.3002839607174925,-0.20949566
2.769220781459303,0.03299999961335955,-0.3002839607174925,-0.2096867
2.769220781459303,0.03500000022954439,-0.3002839607174925,-0.20987864
2.769220781459303,0.03700000084572922,-0.3002839607174925,-0.21006984
2.769220781459303,0.038999999838269406,-0.3002839607174925,-0.21025908
2.769220781459303,0.04100000045445424,-0.3002839607174925,-0.21044539
2.769220781459303,0.04300000107063908,-0.3002839607174925,-0.21062808
2.769220781459303,0.04500000006317926,-0.3002839607174925,-0.21080662
2.769220781459303,0.046999999055719444,-0.3002839607174925,-0.21098052
2.769220781459303,0.04899999967190428,-0.3002839607174925,-0.21114945
2.769220781459303,0.05100000028808912,-0.3002839607174925,-0.21131302
2.769220781459303,0.0529999992806293,-0.3002839607174925,-0.21147095
2.769220781459303,0.05499999827316948,-0.3002839607174925,-0.21162266
2.769220781459303,0.05699999726570966,-0.3002839607174925,-0.21176855
2.769220781459303,0.05899999950553916,-0.3002839607174925,-0.21190841
2.769220781459303,0.06100000174536865,-0.3002839607174925,-0.212041
2.769220781459303,0.06300000073790883,-0.3002839607174925,-0.21216637
2.769220781459303,0.06499999973044901,-0.3002839607174925,-0.21228406
2.769220781459303,0.06699999872298919,-0.3002839607174925,-0.2123933
2.769220781459303,0.06899999771552937,-0.3002839607174925,-0.21249312
2.8209038068393615,0.0010000000036590455,-0.2916521591496767,-0.1982288
2.8209038068393615,0.003000000010977137,-0.2916521591496767,-0.19819027
2.8209038068393615,0.004999999916817437,-0.2916521591496767,-0.19811603
2.8209038068393615,0.006999999924135528,-0.2916521591496767,-0.19801012
2.8209038068393615,0.008999999931453619,-0.2916521591496767,-0.19791958
2.8209038068393615,0.010999999735816128,-0.2916521591496767,-0.1978549
2.8209038068393615,0.012999999540178638,-0.2916521591496767,-0.1978305
2.8209038068393615,0.014999999750452311,-0.2916521591496767,-0.19784428
2.8209038068393615,0.01700000036663715,-0.2916521591496767,-0.19789611
2.8209038068393615,0.01900000017099966,-0.2916521591496767,-0.19798025
2.8209038068393615,0.020999999975362168,-0.2916521591496767,-0.19809207
2.8209038068393615,0.022999999779724677,-0.2916521591496767,-0.19822593
2.8209038068393615,0.024999999584087183,-0.2916521591496767,-0.19837707
2.8209038068393615,0.026999999388449693,-0.2916521591496767,-0.19854088
2.8209038068393615,0.02900000000463453,-0.2916521591496767,-0.19871357
2.8209038068393615,0.031000000620819368,-0.2916521591496767,-0.19889201
2.8209038068393615,0.03299999961335955,-0.2916521591496767,-0.1990736
2.8209038068393615,0.03500000022954439,-0.2916521591496767,-0.1992562
2.8209038068393615,0.03700000084572922,-0.2916521591496767,-0.19943821
2.8209038068393615,0.038999999838269406,-0.2916521591496767,-0.19961837
2.8209038068393615,0.04100000045445424,-0.2916521591496767,-0.19979572
2.8209038068393615,0.04300000107063908,-0.2916521591496767,-0.19996953
2.8209038068393615,0.04500000006317926,-0.2916521591496767,-0.20013925
2.8209038068393615,0.046999999055719444,-0.2916521591496767,-0.20030454
2.8209038068393615,0.04899999967190428,-0.2916521591496767,-0.20046495
2.8209038068393615,0.05100000028808912,-0.2916521591496767,-0.20062023
2.8209038068393615,0.0529999992806293,-0.2916521591496767,-0.2007701
2.8209038068393615,0.05499999827316948,-0.2916521591496767,-0.20091423
2.8209038068393615,0.05699999726570966,-0.2916521591496767,-0.20105223
2.8209038068393615,0.05899999950553916,-0.2916521591496767,-0.20118481
2.8209038068393615,0.06100000174536865,-0.2916521591496767,-0.20131122
2.8209038068393615,0.06300000073790883,-0.2916521591496767,-0.20143034
2.8209038068393615,0.06499999973044901,-0.2916521591496767,-0.20154269
2.8209038068393615,0.06699999872298919,-0.2916521591496767,-0.20164748
2.8209038068393615,0.06899999771552937,-0.2916521591496767,-0.20174395
2.871857049408651,0.0010000000036590455,-0.28301721420580706,-0.1877869
2.871857049408651,0.003000000010977137,-0.28301721420580706,-0.18775055
2.871857049408651,0.004999999916817437,-0.28301721420580706,-0.18768063
2.871857049408651,0.006999999924135528,-0.28301721420580706,-0.18757929
2.871857049408651,0.008999999931453619,-0.28301721420580706,-0.18749158
2.871857049408651,0.010999999735816128,-0.28301721420580706,-0.18742779
2.871857049408651,0.012999999540178638,-0.28301721420580706,-0.18740198
2.871857049408651,0.014999999750452311,-0.28301721420580706,-0.1874124
2.871857049408651,0.01700000036663715,-0.28301721420580706,-0.1874592
2.871857049408651,0.01900000017099966,-0.28301721420580706,-0.18753709
2.871857049408651,0.020999999975362168,-0.28301721420580706,-0.18764172
2.871857049408651,0.022999999779724677,-0.28301721420580706,-0.18776782
2.871857049408651,0.024999999584087183,-0.28301721420580706,-0.18791081
2.871857049408651,0.026999999388449693,-0.28301721420580706,-0.18806629
2.871857049408651,0.02900000000463453,-0.28301721420580706,-0.18823066
2.871857049408651,0.031000000620819368,-0.28301721420580706,-0.18840082
2.871857049408651,0.03299999961335955,-0.28301721420580706,-0.18857415
2.871857049408651,0.03500000022954439,-0.28301721420580706,-0.18874864
2.871857049408651,0.03700000084572922,-0.28301721420580706,-0.18892264
2.871857049408651,0.038999999838269406,-0.28301721420580706,-0.18909489
2.871857049408651,0.04100000045445424,-0.28301721420580706,-0.18926443
2.871857049408651,0.04300000107063908,-0.28301721420580706,-0.18943056
2.871857049408651,0.04500000006317926,-0.28301721420580706,-0.18959276
2.871857049408651,0.046999999055719444,-0.28301721420580706,-0.1897506
2.871857049408651,0.04899999967190428,-0.28301721420580706,-0.18990377
2.871857049408651,0.05100000028808912,-0.28301721420580706,-0.19005193
2.871857049408651,0.0529999992806293,-0.28301721420580706,-0.19019485
2.871857049408651,0.05499999827316948,-0.28301721420580706,-0.1903323
2.871857049408651,0.05699999726570966,-0.28301721420580706,-0.19046372
2.871857049408651,0.05899999950553916,-0.28301721420580706,-0.19058987
2.871857049408651,0.06100000174536865,-0.28301721420580706,-0.19071038
2.871857049408651,0.06300000073790883,-0.28301721420580706,-0.19082409
2.871857049408651,0.06499999973044901,-0.28301721420580706,-0.19093147
2.871857049408651,0.06699999872298919,-0.28301721420580706,-0.19103192
2.871857049408651,0.06899999771552937,-0.28301721420580706,-0.19112486
2.9220487117102287,0.0010000000036590455,-0.2743885300357305,-0.1774506
2.9220487117102287,0.003000000010977137,-0.2743885300357305,-0.17741618
2.9220487117102287,0.004999999916817437,-0.2743885300357305,-0.17735004
2.9220487117102287,0.006999999924135528,-0.2743885300357305,-0.17725277
2.9220487117102287,0.008999999931453619,-0.2743885300357305,-0.17716758
2.9220487117102287,0.010999999735816128,-0.2743885300357305,-0.17710441
2.9220487117102287,0.012999999540178638,-0.2743885300357305,-0.1770771
2.9220487117102287,0.014999999750452311,-0.2743885300357305,-0.1770841
2.9220487117102287,0.01700000036663715,-0.2743885300357305,-0.1771259
2.9220487117102287,0.01900000017099966,-0.2743885300357305,-0.17719753
2.9220487117102287,0.020999999975362168,-0.2743885300357305,-0.17729501
2.9220487117102287,0.022999999779724677,-0.2743885300357305,-0.17741336
2.9220487117102287,0.024999999584087183,-0.2743885300357305,-0.17754821
2.9220487117102287,0.026999999388449693,-0.2743885300357305,-0.17769536
2.9220487117102287,0.02900000000463453,-0.2743885300357305,-0.1778514
2.9220487117102287,0.031000000620819368,-0.2743885300357305,-0.17801322
2.9220487117102287,0.03299999961335955,-0.2743885300357305,-0.17817834
2.9220487117102287,0.03500000022954439,-0.2743885300357305,-0.17834471
2.9220487117102287,0.03700000084572922,-0.2743885300357305,-0.17851076
2.9220487117102287,0.038999999838269406,-0.2743885300357305,-0.17867516
2.9220487117102287,0.04100000045445424,-0.2743885300357305,-0.17883705
2.9220487117102287,0.04300000107063908,-0.2743885300357305,-0.17899562
2.9220487117102287,0.04500000006317926,-0.2743885300357305,-0.17915034
2.9220487117102287,0.046999999055719444,-0.2743885300357305,-0.17930081
2.9220487117102287,0.04899999967190428,-0.2743885300357305,-0.17944671
2.9220487117102287,0.05100000028808912,-0.2743885300357305,-0.17958777
2.9220487117102287,0.0529999992806293,-0.2743885300357305,-0.17972371
2.9220487117102287,0.05499999827316948,-0.2743885300357305,-0.17985436
2.9220487117102287,0.05699999726570966,-0.2743885300357305,-0.17997937
2.9220487117102287,0.05899999950553916,-0.2743885300357305,-0.1800988
2.9220487117102287,0.06100000174536865,-0.2743885300357305,-0.18021308
2.9220487117102287,0.06300000073790883,-0.2743885300357305,-0.18032135
2.9220487117102287,0.06499999973044901,-0.2743885300357305,-0.18042324
2.9220487117102287,0.06699999872298919,-0.2743885300357305,-0.18051887
2.9220487117102287,0.06899999771552937,-0.2743885300357305,-0.18060759
2.971449594118605,0.0010000000036590455,-0.26577732927130854,-0.16704619
2.971449594118605,0.003000000010977137,-0.26577732927130854,-0.16701351
2.971449594118605,0.004999999916817437,-0.26577732927130854,-0.16695082
2.971449594118605,0.006999999924135528,-0.26577732927130854,-0.1668569
2.971449594118605,0.008999999931453619,-0.26577732927130854,-0.16677351
2.971449594118605,0.010999999735816128,-0.26577732927130854,-0.16671024
2.971449594118605,0.012999999540178638,-0.26577732927130854,-0.16668075
2.971449594118605,0.014999999750452311,-0.26577732927130854,-0.16668376
2.971449594118605,0.01700000036663715,-0.26577732927130854,-0.16672005
2.971449594118605,0.01900000017099966,-0.26577732927130854,-0.16678494
2.971449594118605,0.020999999975362168,-0.26577732927130854,-0.16687487
2.971449594118605,0.022999999779724677,-0.26577732927130854,-0.16698506
2.971449594118605,0.024999999584087183,-0.26577732927130854,-0.16711141
2.971449594118605,0.026999999388449693,-0.26577732927130854,-0.16724992
2.971449594118605,0.02900000000463453,-0.26577732927130854,-0.16739728
2.971449594118605,0.031000000620819368,-0.26577732927130854,-0.16755049
2.971449594118605,0.03299999961335955,-0.26577732927130854,-0.16770715
2.971449594118605,0.03500000022954439,-0.26577732927130854,-0.1678652
2.971449594118605,0.03700000084572922,-0.26577732927130854,-0.16802312
2.971449594118605,0.038999999838269406,-0.26577732927130854,-0.16817962
2.971449594118605,0.04100000045445424,-0.26577732927130854,-0.16833371
2.971449594118605,0.04300000107063908,-0.26577732927130854,-0.1684847
2.971449594118605,0.04500000006317926,-0.26577732927130854,-0.168632
2.971449594118605,0.046999999055719444,-0.26577732927130854,-0.1687752
2.971449594118605,0.04899999967190428,-0.26577732927130854,-0.168914
2.971449594118605,0.05100000028808912,-0.26577732927130854,-0.16904815
2.971449594118605,0.0529999992806293,-0.26577732927130854,-0.16917749
2.971449594118605,0.05499999827316948,-0.26577732927130854,-0.1693017
2.971449594118605,0.05699999726570966,-0.26577732927130854,-0.16942073
2.971449594118605,0.05899999950553916,-0.26577732927130854,-0.16953403
2.971449594118605,0.06100000174536865,-0.26577732927130854,-0.16964252
2.971449594118605,0.06300000073790883,-0.26577732927130854,-0.16974585
2.971449594118605,0.06499999973044901,-0.26577732927130854,-0.1698428
2.971449594118605,0.06699999872298919,-0.26577732927130854,-0.16993414
2.971449594118605,0.06899999771552937,-0.26577732927130854,-0.17001909
3.020032575273447,0.0010000000036590455,-0.2571933148130047,-0.15688561
3.020032575273447,0.003000000010977137,-0.2571933148130047,-0.15685503
3.020032575273447,0.004999999916817437,-0.2571933148130047,-0.15679564
3.020032575273447,0.006999999924135528,-0.2571933148130047,-0.15670604
3.020032575273447,0.008999999931453619,-0.2571933148130047,-0.15662588
3.020032575273447,0.010999999735816128,-0.2571933148130047,-0.15656438
3.020032575273447,0.012999999540178638,-0.2571933148130047,-0.15653484
3.020032575273447,0.014999999750452311,-0.2571933148130047,-0.15653619
3.020032575273447,0.01700000036663715,-0.2571933148130047,-0.15656935
3.020032575273447,0.01900000017099966,-0.2571933148130047,-0.15662995
3.020032575273447,0.020999999975362168,-0.2571933148130047,-0.15671472
3.020032575273447,0.022999999779724677,-0.2571933148130047,-0.15681912
3.020032575273447,0.024999999584087183,-0.2571933148130047,-0.1569392
3.020032575273447,0.026999999388449693,-0.2571933148130047,-0.15707122
3.020032575273447,0.02900000000463453,-0.2571933148130047,-0.15721194
3.020032575273447,0.031000000620819368,-0.2571933148130047,-0.15735845
3.020032575273447,0.03299999961335955,-0.2571933148130047,-0.15750842
3.020032575273447,0.03500000022954439,-0.2571933148130047,-0.15765987
3.020032575273447,0.03700000084572922,-0.2571933148130047,-0.15781124
3.020032575273447,0.038999999838269406,-0.2571933148130047,-0.15796125
3.020032575273447,0.04100000045445424,-0.2571933148130047,-0.15810893
3.020032575273447,0.04300000107063908,-0.2571933148130047,-0.15825354
3.020032575273447,0.04500000006317926,-0.2571933148130047,-0.15839452
3.020032575273447,0.046999999055719444,-0.2571933148130047,-0.15853146
3.020032575273447,0.04899999967190428,-0.2571933148130047,-0.15866403
3.020032575273447,0.05100000028808912,-0.2571933148130047,-0.15879203
3.020032575273447,0.0529999992806293,-0.2571933148130047,-0.15891528
3.020032575273447,0.05499999827316948,-0.2571933148130047,-0.15903354
3.020032575273447,0.05699999726570966,-0.2571933148130047,-0.15914673
3.020032575273447,0.05899999950553916,-0.2571933148130047,-0.15925431
3.020032575273447,0.06100000174536865,-0.2571933148130047,-0.15935694
3.020032575273447,0.06300000073790883,-0.2571933148130047,-0.15945469
3.020032575273447,0.06499999973044901,-0.2571933148130047,-0.15954655
3.020032575273447,0.06699999872298919,-0.2571933148130047,-0.15963288
3.020032575273447,0.06899999771552937,-0.2571933148130047,-0.15971331
3.067773339472389,0.0010000000036590455,-0.2486480989673979,-0.14646225
3.067773339472389,0.003000000010977137,-0.2486480989673979,-0.14643261
3.067773339472389,0.004999999916817437,-0.2486480989673979,-0.14637576
3.067773339472389,0.006999999924135528,-0.2486480989673979,-0.1462882
3.067773339472389,0.008999999931453619,-0.2486480989673979,-0.14620839
3.067773339472389,0.010999999735816128,-0.2486480989673979,-0.1461454
3.067773339472389,0.012999999540178638,-0.2486480989673979,-0.14611237
3.067773339472389,0.014999999750452311,-0.2486480989673979,-0.14610858
3.067773339472389,0.01700000036663715,-0.2486480989673979,-0.14613514
3.067773339472389,0.01900000017099966,-0.2486480989673979,-0.14618804
3.067773339472389,0.020999999975362168,-0.2486480989673979,-0.14626433
3.067773339472389,0.022999999779724677,-0.2486480989673979,-0.1463597
3.067773339472389,0.024999999584087183,-0.2486480989673979,-0.14647046
3.067773339472389,0.026999999388449693,-0.2486480989673979,-0.14659303
3.067773339472389,0.02900000000463453,-0.2486480989673979,-0.14672433
3.067773339472389,0.031000000620819368,-0.2486480989673979,-0.14686154
3.067773339472389,0.03299999961335955,-0.2486480989673979,-0.14700241
3.067773339472389,0.03500000022954439,-0.2486480989673979,-0.14714502
3.067773339472389,0.03700000084572922,-0.2486480989673979,-0.1472878
3.067773339472389,0.038999999838269406,-0.2486480989673979,-0.14742948
3.067773339472389,0.04100000045445424,-0.2486480989673979,-0.14756913
3.067773339472389,0.04300000107063908,-0.2486480989673979,-0.14770597
3.067773339472389,0.04500000006317926,-0.2486480989673979,-0.14783944
3.067773339472389,0.046999999055719444,-0.2486480989673979,-0.14796914
3.067773339472389,0.04899999967190428,-0.2486480989673979,-0.14809476
3.067773339472389,0.05100000028808912,-0.2486480989673979,-0.14821604
3.067773339472389,0.0529999992806293,-0.2486480989673979,-0.1483328
3.067773339472389,0.05499999827316948,-0.2486480989673979,-0.14844494
3.067773339472389,0.05699999726570966,-0.2486480989673979,-0.14855222
3.067773339472389,0.05899999950553916,-0.2486480989673979,-0.14865454
3.067773339472389,0.06100000174536865,-0.2486480989673979,-0.14875156
3.067773339472389,0.06300000073790883,-0.2486480989673979,-0.14884418
3.067773339472389,0.06499999973044901,-0.2486480989673979,-0.14893192
3.067773339472389,0.06699999872298919,-0.2486480989673979,-0.14901392
3.067773339472389,0.06899999771552937,-0.2486480989673979,-0.14909083
3.114649857104739,0.0010000000036590455,-0.24015200811449952,-0.13641436
3.114649857104739,0.003000000010977137,-0.24015200811449952,-0.13638717
3.114649857104739,0.004999999916817437,-0.24015200811449952,-0.13633372
3.114649857104739,0.006999999924135528,-0.24015200811449952,-0.13625084
3.114649857104739,0.008999999931453619,-0.24015200811449952,-0.13617513
3.114649857104739,0.010999999735816128,-0.24015200811449952,-0.13611512
3.114649857104739,0.012999999540178638,-0.24015200811449952,-0.13608362
3.114649857104739,0.014999999750452311,-0.24015200811449952,-0.13607997
3.114649857104739,0.01700000036663715,-0.24015200811449952,-0.13610543
3.114649857104739,0.01900000017099966,-0.24015200811449952,-0.13615616
3.114649857104739,0.020999999975362168,-0.24015200811449952,-0.13622949
3.114649857104739,0.022999999779724677,-0.24015200811449952,-0.13632123
3.114649857104739,0.024999999584087183,-0.24015200811449952,-0.13642794
3.114649857104739,0.026999999388449693,-0.24015200811449952,-0.13654615
3.114649857104739,0.02900000000463453,-0.24015200811449952,-0.13667287
3.114649857104739,0.031000000620819368,-0.24015200811449952,-0.1368054
3.114649857104739,0.03299999961335955,-0.24015200811449952,-0.13694154
3.114649857104739,0.03500000022954439,-0.24015200811449952,-0.13707939
3.114649857104739,0.03700000084572922,-0.24015200811449952,-0.13721742
3.114649857104739,0.038999999838269406,-0.24015200811449952,-0.13735436
3.114649857104739,0.04100000045445424,-0.24015200811449952,-0.13748926
3.114649857104739,0.04300000107063908,-0.24015200811449952,-0.13762137
3.114649857104739,0.04500000006317926,-0.24015200811449952,-0.13775013
3.114649857104739,0.046999999055719444,-0.24015200811449952,-0.1378751
3.114649857104739,0.04899999967190428,-0.24015200811449952,-0.13799593
3.114649857104739,0.05100000028808912,-0.24015200811449952,-0.13811244
3.114649857104739,0.0529999992806293,-0.24015200811449952,-0.13822441
3.114649857104739,0.05499999827316948,-0.24015200811449952,-0.13833177
3.114649857104739,0.05699999726570966,-0.24015200811449952,-0.13843428
3.114649857104739,0.05899999950553916,-0.24015200811449952,-0.138532
3.114649857104739,0.06100000174536865,-0.24015200811449952,-0.13862433
3.114649857104739,0.06300000073790883,-0.24015200811449952,-0.1387121
3.114649857104739,0.06499999973044901,-0.24015200811449952,-0.13879535
3.114649857104739,0.06699999872298919,-0.24015200811449952,-0.13887298
3.114649857104739,0.06899999771552937,-0.24015200811449952,-0.1389456
3.16064248856474,0.0010000000036590455,-0.23171470618730144,-0.12609372
3.16064248856474,0.003000000010977137,-0.23171470618730144,-0.12606801
3.16064248856474,0.004999999916817437,-0.23171470618730144,-0.1260166
3.16064248856474,0.006999999924135528,-0.23171470618730144,-0.12593512
3.16064248856474,0.008999999931453619,-0.23171470618730144,-0.1258594
3.16064248856474,0.010999999735816128,-0.23171470618730144,-0.12579767
3.16064248856474,0.012999999540178638,-0.23171470618730144,-0.12576261
3.16064248856474,0.014999999750452311,-0.23171470618730144,-0.12575385
3.16064248856474,0.01700000036663715,-0.23171470618730144,-0.1257728
3.16064248856474,0.01900000017099966,-0.23171470618730144,-0.12581602
3.16064248856474,0.020999999975362168,-0.23171470618730144,-0.12588102
3.16064248856474,0.022999999779724677,-0.23171470618730144,-0.12596391
3.16064248856474,0.024999999584087183,-0.23171470618730144,-0.12606145
3.16064248856474,0.026999999388449693,-0.23171470618730144,-0.12617038
3.16064248856474,0.02900000000463453,-0.23171470618730144,-0.12628777
3.16064248856474,0.031000000620819368,-0.23171470618730144,-0.12641111
3.16064248856474,0.03299999961335955,-0.23171470618730144,-0.12653823
3.16064248856474,0.03500000022954439,-0.23171470618730144,-0.12666728
3.16064248856474,0.03700000084572922,-0.23171470618730144,-0.12679674
3.16064248856474,0.038999999838269406,-0.23171470618730144,-0.12692541
3.16064248856474,0.04100000045445424,-0.23171470618730144,-0.12705232
3.16064248856474,0.04300000107063908,-0.23171470618730144,-0.12717673
3.16064248856474,0.04500000006317926,-0.23171470618730144,-0.12729804
3.16064248856474,0.046999999055719444,-0.23171470618730144,-0.12741584
3.16064248856474,0.04899999967190428,-0.23171470618730144,-0.12752976
3.16064248856474,0.05100000028808912,-0.23171470618730144,-0.1276396
3.16064248856474,0.0529999992806293,-0.23171470618730144,-0.1277452
3.16064248856474,0.05499999827316948,-0.23171470618730144,-0.12784642
3.16064248856474,0.05699999726570966,-0.23171470618730144,-0.1279431
3.16064248856474,0.05899999950553916,-0.23171470618730144,-0.12803525
3.16064248856474,0.06100000174536865,-0.23171470618730144,-0.12812248
3.16064248856474,0.06300000073790883,-0.23171470618730144,-0.12820512
3.16064248856474,0.06499999973044901,-0.23171470618730144,-0.12828347
3.16064248856474,0.06699999872298919,-0.23171470618730144,-0.12835695
3.16064248856474,0.06899999771552937,-0.23171470618730144,-0.12842554
3.2057342959913417,0.004999999916817437,-0.22334748076345132,-0.115937054
3.2057342959913417,0.006999999924135528,-0.22334748076345132,-0.11585963
3.2057342959913417,0.008999999931453619,-0.22334748076345132,-0.11578727
3.2057342959913417,0.010999999735816128,-0.22334748076345132,-0.11572796
3.2057342959913417,0.012999999540178638,-0.22334748076345132,-0.11569397
3.2057342959913417,0.014999999750452311,-0.22334748076345132,-0.11568505
3.2057342959913417,0.01700000036663715,-0.22334748076345132,-0.11570272
3.2057342959913417,0.01900000017099966,-0.22334748076345132,-0.11574373
3.2057342959913417,0.020999999975362168,-0.22334748076345132,-0.1158058
3.2057342959913417,0.022999999779724677,-0.22334748076345132,-0.11588518
3.2057342959913417,0.024999999584087183,-0.22334748076345132,-0.11597888
3.2057342959913417,0.026999999388449693,-0.22334748076345132,-0.116083674
3.2057342959913417,0.02900000000463453,-0.22334748076345132,-0.11619679
3.2057342959913417,0.031000000620819368,-0.22334748076345132,-0.11631578
3.2057342959913417,0.03299999961335955,-0.22334748076345132,-0.11643852
3.2057342959913417,0.03500000022954439,-0.22334748076345132,-0.11656323
3.2057342959913417,0.03700000084572922,-0.22334748076345132,-0.116688386
3.2057342959913417,0.038999999838269406,-0.22334748076345132,-0.11681281
3.2057342959913417,0.04100000045445424,-0.22334748076345132,-0.11693553
3.2057342959913417,0.04300000107063908,-0.22334748076345132,-0.11705579
3.2057342959913417,0.04500000006317926,-0.22334748076345132,-0.11717299
3.2057342959913417,0.046999999055719444,-0.22334748076345132,-0.117286704
3.2057342959913417,0.04899999967190428,-0.22334748076345132,-0.11739659
3.2057342959913417,0.05100000028808912,-0.22334748076345132,-0.11750243
3.2057342959913417,0.0529999992806293,-0.22334748076345132,-0.11760403
3.2057342959913417,0.05499999827316948,-0.22334748076345132,-0.11770126
3.2057342959913417,0.05699999726570966,-0.22334748076345132,-0.11779407
3.2057342959913417,0.05899999950553916,-0.22334748076345132,-0.117882274
3.2057342959913417,0.06100000174536865,-0.22334748076345132,-0.1179659
3.2057342959913417,0.06300000073790883,-0.22334748076345132,-0.11804453
3.2057342959913417,0.06499999973044901,-0.22334748076345132,-0.11811896
3.2057342959913417,0.06699999872298919,-0.22334748076345132,-0.11818912
3.2057342959913417,0.06899999771552937,-0.22334748076345132,-0.11825411
