k_LES nonuniform List<scalar>
15600
(
0.003666143081090935
0.003782088933237209
0.0012137544279612151
0.00043464682394242634
0.0006532392360378102
0.0010553495368476702
0.000982379263507585
0.0006084882956308053
0.0005960481524581462
0.0005729769845139116
0.00036974394625841
0.0003145216306427149
0.0004269280672656899
0.0004309618235789006
0.00038136341858652624
0.0003121557627309716
0.0003515388628874604
0.0006840409389170908
0.0007687767868657295
0.0012326257693896256
0.0014209569307664792
0.0018079393743492562
0.0020682350286335086
0.0023856535991216505
0.0024836742924984278
0.0027840168640012853
0.0027649683044402
0.0029122943986117297
0.0030111567323550937
0.003504023570135403
0.003708423492852929
0.0040116892811794405
0.004326978690181352
0.004802038030319046
0.005111080120836056
0.005251384898021794
0.0052717949573923145
0.005416111295383675
0.005576505624152721
0.00579178033941698
0.005710687174622316
0.0060394184723785655
0.005785903852169062
0.005916444307426619
0.005849908890055356
0.005879606776266649
0.006128732085751338
0.0065132338056499445
0.005859946861530779
0.005770015635464891
0.005953482140752336
0.006163709589747439
0.005470518074968793
0.005386152044797676
0.005385529678981509
0.005523192694338627
0.005764444316435835
0.0053251123078735954
0.005556858016670969
0.0054734779006268535
0.0053885491820528306
0.005706685576657645
0.00529488828168184
0.004657764230309645
0.005082672295753574
0.0056427069375222585
0.005606134202045411
0.005656617012783475
0.0040856944767751376
0.004551800999185011
0.0052271506471644495
0.00513991922820387
0.003690056655865307
0.0044270879293417135
0.004951091905469397
0.003466608668131369
0.004412473705470793
0.004478058255857887
0.003922646287823645
0.004416318822746495
0.004025447519103662
0.0030483385301853507
0.004171031100390776
0.003978335546898819
0.003436096739773721
0.003219902532142088
0.003296515507799603
0.0037158250451918
0.002888008834926298
0.0033390674963625897
0.002748203034352174
0.00277483498293725
0.003549580682594391
0.004097200425443273
0.0045577384879271305
0.004789861655391349
0.00487808654625602
0.00482780543375803
0.004644065065681956
0.004050398176848097
0.003916968760943019
0.003517205621291519
0.0025162168263788863
0.0016103886781361032
0.0013101365672829087
0.0016017936601166224
0.0017751299516463666
0.0016941343600203485
0.0011750386725365718
0.0012955706254454964
0.0019153683364894916
0.0019114873882891705
0.0018018909419245663
0.0025858932181243863
0.0026859985256290583
0.001523457898546728
0.0008419055826696493
0.001059072710380195
0.0016149457062949709
0.0023188812120888904
0.017216325522477535
0.01934349776169357
0.012385649916596082
0.00731009135336144
0.006690605231201341
0.006708592932256247
0.006782632335546066
0.005948718686265033
0.005358478512046476
0.0049105509782150815
0.004287889329712751
0.003964045463683756
0.003815666120292989
0.003722125608943853
0.0037671373815233236
0.003873024188857942
0.004033179835292427
0.004531081015936428
0.004969803596447651
0.005492303780242427
0.006093021604013408
0.006809619041164641
0.00746065390827032
0.008158224354441225
0.008837400034065059
0.009511122896090539
0.009983344730910811
0.010525893508833366
0.011601141170565597
0.013095524112291635
0.014319823961485068
0.015575488245770317
0.016465750915778968
0.01737559611010432
0.018192601536201877
0.018882259211374573
0.01960829792885746
0.02034293189861911
0.020913086205450744
0.021124200820381297
0.021613408192985455
0.021626555034586915
0.02195834789409602
0.021969739162516756
0.022346722412828396
0.022552445065407746
0.022745755099983153
0.023028911856254553
0.022850383997157615
0.022606488501487287
0.022255513695583408
0.022238088868999445
0.022031976133721754
0.02176194723988871
0.021569938978331277
0.021329574369828908
0.02117245159488891
0.02083891409428157
0.020502838782378977
0.02030318834035367
0.020102237832537655
0.0197790136119175
0.01939080226311266
0.01896146150093994
0.018742468358260392
0.018466221440816194
0.018247544975856435
0.017963514868940912
0.017511626556693752
0.016991073001944298
0.016592935609997927
0.016363762439422083
0.016097752476394167
0.015729609382404326
0.01557053604134755
0.01531208145050663
0.014878700786423409
0.014733943026473552
0.014392701075130652
0.014208128712223784
0.013945731428146129
0.013857493163697407
0.013525640722583922
0.013085559362922964
0.012713643826627314
0.012412307516245337
0.012069495346091428
0.01179296244349463
0.011594771370428018
0.011249212695498252
0.010973317679652875
0.010833315217882337
0.011616624326011474
0.013138124749153332
0.014730894397871074
0.015556400126447913
0.01624714404567204
0.016621316679132855
0.016801806578610863
0.01679782233738301
0.016791119802628703
0.01639247876052043
0.01629600174249982
0.01553226254250296
0.015422681461675695
0.015202167493929305
0.015170321025053826
0.015076287225342494
0.015219340608738127
0.01563709657168556
0.01722557228919849
0.017946568915173808
0.018718007167009058
0.019645543896828373
0.019202006260465015
0.01812690999528992
0.016177207979649368
0.014965184136060038
0.011401753462507054
0.012317728221676472
0.03294154512213866
0.03653893448788574
0.027456892659968472
0.0162762528669555
0.013161346259194292
0.01236810197136096
0.011050524529828918
0.01010115438187809
0.00929024465293885
0.008724199991116947
0.008207632744841448
0.008000500352169964
0.007937930807575615
0.007947803398636728
0.008096902112240399
0.008413888581539977
0.008606723709835073
0.009244618205175657
0.009612119473545585
0.010178371254771324
0.010763344580808274
0.011433479516404704
0.01209556756311584
0.012801416191368509
0.013523967903514508
0.014132016090952652
0.01473353196330186
0.015699471016844376
0.017442542586623446
0.01927965615625692
0.02086834017045931
0.022241720521410262
0.02348786991418115
0.02474732611495911
0.02577449796711439
0.026744536909079113
0.02767195556433405
0.028466775800546608
0.02928755360111543
0.02987936871867841
0.030219470894583662
0.03058791935373588
0.03083494501095451
0.031231768958196186
0.031534188121994794
0.03201095375664621
0.032501413375497806
0.032752384511877654
0.03259818698441662
0.03256773602248919
0.03206995876503952
0.03187865256064025
0.03170491984202821
0.03133561713401538
0.031154504520331045
0.030953415155635426
0.03080228235845956
0.030354724155669168
0.02993451632498125
0.029713118600752327
0.029516477883802697
0.02911238523518233
0.028657248457614207
0.028121234643381603
0.027818342560988196
0.027463631807833205
0.02720669444879379
0.026877808594698717
0.02638770469236164
0.0258497718258649
0.025376655609944874
0.024921784673882234
0.024610632552648407
0.024295516663940628
0.023985665471316545
0.02359583816161974
0.02317984388644277
0.022899690581231515
0.022626157658342937
0.022255862106628128
0.022045975585730158
0.021841177742227873
0.021373256261486832
0.020917881091438884
0.020480660498966134
0.020066106648411203
0.01962072952953158
0.019198182702228478
0.01894335662109245
0.018532281266029092
0.018087982511793364
0.017868051607733366
0.01835735637763141
0.020102989319969296
0.022301468379678613
0.024154841632067672
0.025586328726396778
0.026635002038136634
0.02749635427343291
0.028208704334101734
0.028910168057960504
0.029169671965791802
0.02998144956643857
0.029475509804253282
0.030144243625011558
0.029965448673383424
0.030100768807319402
0.029821733934440018
0.029554081803797753
0.02891013255311977
0.029625000688653456
0.030042149809420472
0.030907315739009827
0.03161466279462885
0.034806256294972276
0.03715397123739969
0.03545236292938134
0.0342438986269695
0.028402242290813694
0.027508974683624017
0.04739567963419672
0.05075375110250269
0.04180436637017736
0.025922053983846075
0.01811255566339102
0.01724446622034832
0.015577571565903985
0.014047649136043328
0.012926178832206254
0.012440764361208178
0.0117184138754379
0.011488707966109483
0.01137435038945616
0.011433424250842268
0.011692988637277463
0.012119654763011276
0.012221705214436974
0.012787609559676588
0.012999449247444478
0.013424190847626843
0.013754741512399502
0.014184313322724958
0.014792294707112246
0.01542998718160291
0.01611956141515962
0.016813482040315235
0.01759268040009338
0.01882932709785757
0.020814656431210582
0.02274936080712031
0.02440149549165568
0.025926878580375838
0.027327188196772236
0.028672774061129894
0.02979056742117935
0.030874443812032082
0.031937002232898
0.032880072575566285
0.033742038694198444
0.03444988851304685
0.034892487568366354
0.03532543832672204
0.03571581244662192
0.03617291732072576
0.03649576707842713
0.037117391114074125
0.03767885885404372
0.03806005095867762
0.03788849786036716
0.037869858307631524
0.03734127243817784
0.03716255507271204
0.037045435736335876
0.03661545597720905
0.03645769072935934
0.03631144614287979
0.036165520430525316
0.0356896635926369
0.03523937156866276
0.03501787755986717
0.03484806851642193
0.034421016209300076
0.03396175356116884
0.03339457823222895
0.03303953591708337
0.032653116825211874
0.032376277467897306
0.032029614086106176
0.031563235404949416
0.031011922789557868
0.030530339371353497
0.030037849813909265
0.029717522274755003
0.029400612159298307
0.02908261687409475
0.02864680448571326
0.02828732624096243
0.027986143841309426
0.027705026721180026
0.02734976198676949
0.02712135639173661
0.02686751123638321
0.026482861865113366
0.02598842966038374
0.025486005653694098
0.02503028657829139
0.024593786745108044
0.02419500542320561
0.02391178423919301
0.02347122480590641
0.02299057819658397
0.022773112666697223
0.023066243331415243
0.024752791674226483
0.027046753790542208
0.02923659042050844
0.03106544549446036
0.03252719206742868
0.03377571238549628
0.035185299467567516
0.03659857284953951
0.03728449418933042
0.038658550592487344
0.03838526440354972
0.03968344648784181
0.039719859370998985
0.04008106204143418
0.04017440688259514
0.040375417653698065
0.03994709798979691
0.040070712776833856
0.04094698357471069
0.04239209698710901
0.04486988480200924
0.048910051630499614
0.05077415471418336
0.04768566814736191
0.04574266622970767
0.04468783488298227
0.04414030510226958
0.058595336681468595
0.06096955236162446
0.05319567608216662
0.03639673674639685
0.02260541727707142
0.02037777239306427
0.019156252296040257
0.01765697455726952
0.016335228998513876
0.015363577698822175
0.014489983271366188
0.014158320403526228
0.013985642792251316
0.014053896503571552
0.014352280067009237
0.014750740379487048
0.01478516456937863
0.015039023086245067
0.015082760697505587
0.015354103635009293
0.015516559596798679
0.01586139196076879
0.016304577488791223
0.0168968327553316
0.017631141870672384
0.01845428478765343
0.019398970404048494
0.020859732598819933
0.022906871247737066
0.02486383868058003
0.026574506078311806
0.02817182220469812
0.02966209425184461
0.031077334953680723
0.032255747076689344
0.033383184873696056
0.034506901467873476
0.035493484479665716
0.03641633231746516
0.03716625976035636
0.03767348643784286
0.038205378110342914
0.03866706086999001
0.03915861565603819
0.039504257158565884
0.04019448609314587
0.040815565469290875
0.041257046293963824
0.0410777259162325
0.04107368998617732
0.04055208565411523
0.040392816295901544
0.040326319937992246
0.03986831677283355
0.03970474430219154
0.0395758495869466
0.03943442193594632
0.03899714753577272
0.038556937511999595
0.03834925710456978
0.038185200346610194
0.03775697680167945
0.037309242926360266
0.03676297895870854
0.036355353450652134
0.035944169913313874
0.035639111909412255
0.03527901476627216
0.034838766175291566
0.03431957534994702
0.03384683177086836
0.03335398334004799
0.033051994388781876
0.03274184959528643
0.03242429275116824
0.03197295861460115
0.031627462854717875
0.0313168723757752
0.03102749341949812
0.03067285526953112
0.030456998180296783
0.030198648330495625
0.029843569100574098
0.029356320886708216
0.028853677673805977
0.02840629103330347
0.027997811187303594
0.02759329463451784
0.02730594963370756
0.026919422497702274
0.026470949388796162
0.026310020148836273
0.026497767372324
0.027951292911315886
0.030116351887237484
0.03235296644264502
0.03435400473848029
0.03606455598631736
0.037824627796894855
0.03942516619300267
0.04116711718518441
0.042074772857260224
0.04373941662601871
0.044167114526239115
0.045488003233285425
0.04585701034872298
0.04644206037513199
0.04693451982606683
0.04757723645251875
0.0478760257448459
0.049487989798001834
0.05027757262486483
0.05249588666681304
0.05500293031411529
0.05686676933243914
0.05852261390998348
0.05466894846889867
0.051038066352679025
0.0538589399019358
0.057228612657509476
0.06588513175587994
0.06757503720842074
0.0612871386276693
0.04672445622630985
0.027637846006608322
0.022959185036467107
0.021370715668877768
0.01994592413453466
0.018440548414065068
0.01733112499178482
0.016541735056981893
0.016099643975148886
0.015896822916577392
0.016022980342747524
0.016238467427153794
0.016535510903213386
0.016493815757231682
0.016445068521488644
0.01638203591277301
0.016511440609288112
0.01657665808395855
0.016831434576706064
0.017238676911561543
0.017832957799506548
0.018636737315911114
0.01957126876031113
0.0206764404185478
0.022284895231542444
0.024362156220297665
0.026354714717460936
0.028116860281092317
0.02977056489095385
0.03133236381241698
0.03279672467752943
0.034024951222357734
0.0351665402805329
0.03633688290043608
0.037341069016562006
0.038285009454395474
0.039051861513040076
0.039609138043204796
0.040217843007765666
0.04073394463433278
0.041248324077951176
0.041598753357078785
0.042282209185469245
0.042957033389464674
0.04339700332806675
0.043251403594283956
0.04327314030598273
0.042766895557979585
0.04262588622276168
0.042579864961878315
0.04213331932809032
0.041937980588006754
0.041777874678046854
0.04164378030625307
0.041277323930554985
0.04087174829397
0.0406709159916014
0.04049243771333605
0.04007520711358299
0.03964627724951099
0.03915767732899196
0.038696396965556046
0.03826831152247111
0.037928032289655966
0.03755504892347354
0.03712523167878778
0.03663748176810322
0.03617558836780643
0.03570334887319892
0.03542638885002006
0.035123904422153206
0.03479774402747167
0.03434451556444496
0.034023304952106107
0.03370379703014244
0.03338570376091615
0.033034801591174036
0.03283245979719509
0.0325669105134619
0.032241192627052745
0.03176863397979336
0.0312769865487109
0.030846121832450796
0.03048372148983241
0.03007970473465839
0.029769954554305478
0.029431933191921642
0.029046765842528112
0.028952882824423307
0.02907489400065831
0.030293750314677945
0.03227064428433178
0.03450127963871649
0.03652554586790295
0.038366625069061966
0.04029104488024108
0.042171744674985336
0.04406281810173006
0.045201596894868794
0.04687810522225818
0.047914764557942156
0.04914767656173621
0.0498179324920747
0.050699964552049004
0.05132131660974675
0.05217788309935614
0.053118285190807114
0.05435880085439536
0.056309336258175344
0.058310591802938974
0.060445838364544535
0.06159199063299738
0.06306818781015511
0.05918772114920023
0.05451080978190471
0.05664601823562068
0.0643597752525677
0.06926444805008888
0.07124048246511414
0.06662078004594155
0.055813631819147544
0.033475783552744186
0.02561568919536015
0.023151953199401443
0.021472796308730686
0.020001168492749223
0.01884875819453902
0.018042702383352805
0.017526690354225334
0.01728649759094655
0.01737987564829896
0.01755470097470493
0.017729902497121024
0.01761750019985254
0.01735076665397051
0.017220975437143987
0.017227845822552088
0.017261669147364704
0.01748504656044791
0.01789573311415397
0.018517282023928907
0.019372341306839735
0.020420791893668865
0.02167851986863507
0.02338647271806961
0.02550206703812776
0.027537095226994664
0.029340492870648653
0.031044793786046215
0.0326725636153183
0.03418520579599086
0.03545585994707105
0.03660028392025194
0.03779605266633951
0.03880797777803406
0.03976055048920099
0.04052010830814045
0.041123834751281896
0.04178320848980943
0.0423339730866747
0.04287689776522489
0.04320603761611311
0.043857979098472895
0.0445535849028876
0.04496547475356874
0.04488184970070954
0.0449240929680656
0.04445018678191577
0.0443158603210381
0.04426617893083816
0.04384815964372266
0.043628473955925284
0.04340422404133307
0.04326296582285709
0.042969394359839264
0.04261235965766894
0.0424049330202543
0.042203868364020236
0.04181160774476789
0.04141186740508854
0.04098861303368491
0.04048344928004095
0.04004209217556212
0.03966489190640397
0.03927388800932901
0.03884110127888626
0.038372942112245255
0.03792600068093911
0.03748515098284251
0.03722921822331372
0.036926996807273835
0.03658672637212388
0.03613674349264557
0.035849149766949584
0.03552487317755879
0.03517530977002065
0.03481645465496003
0.034618064820859974
0.03434612429407851
0.034039819111977135
0.033581616715280885
0.033103481116138145
0.03268352804060657
0.03236981909081392
0.03198526112066227
0.03165478089540017
0.031345351029860295
0.031014343413190436
0.03097195408080589
0.031066300117764
0.03208327803119967
0.033865226462947595
0.03599649876858989
0.038038777530275875
0.039933733704144186
0.04195921830659355
0.04397207383151683
0.04592197800551853
0.04732170759533273
0.04896414490786525
0.050423562321088355
0.05153925982581507
0.05246774342369381
0.05335046847565019
0.05424983568912686
0.055226986863029494
0.056587867387069474
0.05779884288482503
0.05990924898935425
0.061606506813710785
0.06381480704982183
0.06474156436112607
0.06580642874743817
0.062181449339741436
0.057498018481986574
0.056880425238650355
0.06607260818539314
0.06966525228143922
0.07263804734053027
0.06978505133844395
0.06300865601734364
0.03995729164133055
0.028607302818858663
0.02483734883449077
0.02279262424852586
0.021185129161436583
0.02004687175951589
0.019149043473936478
0.018663752822361976
0.018334914291817512
0.01836745141169276
0.01847075962605777
0.018525722340529835
0.0183580006328763
0.01795410042007575
0.0177804377691064
0.017711121768486465
0.017747865899349964
0.01796597807583361
0.018407878165560707
0.019064016148172283
0.019975867717549306
0.021128392734673984
0.022523252232151517
0.02432337798238246
0.026491217309861512
0.02856221459906317
0.030395147170614173
0.03215077466321904
0.03384498033910847
0.03540762230652676
0.036711387007157356
0.0378484820420062
0.039060620009887366
0.0400725323261971
0.041035224937375075
0.04176680979446155
0.042416241239478424
0.043114150918539706
0.04367197946547106
0.04423431193770014
0.04453477693653613
0.045156747263377935
0.0458321943984535
0.046206711306577254
0.04619662553827161
0.04624760659635753
0.04582295343336085
0.04568760421253353
0.04561509097455069
0.04522121617263031
0.0449858674500401
0.04468876142928383
0.04453144889150937
0.044295225965876664
0.04399546644126885
0.04377120138168032
0.04354936024796417
0.04319134698429153
0.042830162579989305
0.04246756576168587
0.0419275733688399
0.04148145384030808
0.041064128415676734
0.04064470660476621
0.040202661345956944
0.03974343085304265
0.039310363311818336
0.03890150275741831
0.0386663895427976
0.03835706236931189
0.038004984220847235
0.037562755653295865
0.03730456708011124
0.036983701991034255
0.036611303199286974
0.03623047512645851
0.036018195561682786
0.03574585976033459
0.03543877657900777
0.03499761647270352
0.03453357081403707
0.034117109316253884
0.033841535251213924
0.03349372143718019
0.033151334636224994
0.03286029361635085
0.0325682084014252
0.032543230392105445
0.032627892710555814
0.03349215801468918
0.0350816309117388
0.037078979213956816
0.03907099959440069
0.04100935089941439
0.043089195127401066
0.04519410671381851
0.047166211615415454
0.04878029128533367
0.0504092592158983
0.052134120691523504
0.05314383172185719
0.054288898614993635
0.05516073697603254
0.05630403964407395
0.05744043088907024
0.058875398235617826
0.06021774823170109
0.06218915543681721
0.06392249488646606
0.06576544647905415
0.06674270485783118
0.06736845116224904
0.06403991687042901
0.05998023281317513
0.05708344473311377
0.06484505701720802
0.06817869394807716
0.07234227900746891
0.07124392865783921
0.06817281496835709
0.04686260791257623
0.032021384479132865
0.026664240574888018
0.024036558335769623
0.022243997864025894
0.021011970247674754
0.020024310918982116
0.019505448383621615
0.0191585242074562
0.019106363842524145
0.01910081167444124
0.01905369602849598
0.018848879330978948
0.018349134379056123
0.01816823801069342
0.018062722386013426
0.01812912820620642
0.01836057094828585
0.01884631190773166
0.0195520211504352
0.02052447595794719
0.02176534097537413
0.02327709618559698
0.0251847243486323
0.027407567803453964
0.029506296712730293
0.03135777596087414
0.03315859230455853
0.03491844022084383
0.03653757769939765
0.03786526483172535
0.03899456483518322
0.040208319379827315
0.0412238772128208
0.04219545697877024
0.042896590072031275
0.0435723684272792
0.04430601648701955
0.044847433966454284
0.0454159277286768
0.04570129619409445
0.046285591216235995
0.04690335222648101
0.047243597381206724
0.047305567875773655
0.047351761309263427
0.04699705620531409
0.04685902048200631
0.04674338920122259
0.04636495312842223
0.046134608412115585
0.04576875251280896
0.04558051022893895
0.04539476040889087
0.045149568233296286
0.04490399141036329
0.04465516685287054
0.04433776389612307
0.04402747019498443
0.043703659029819736
0.043144606376258526
0.04269846208949077
0.042237730391753325
0.041783996361100445
0.041331002949541805
0.04087272686966931
0.040460103565270605
0.04007476358101866
0.03985511191966935
0.03953660255204142
0.03917991286761711
0.038743622430179196
0.03850763581950266
0.038190989193015744
0.037809795291773134
0.037398316971109305
0.03715538867819222
0.03688258302237903
0.036561817819653106
0.03613965041760016
0.035688678973296833
0.03527679418672849
0.03502530275824327
0.03471591050130614
0.03436912766003489
0.034089197026803256
0.03382415578159324
0.03379159332440791
0.033862627913006205
0.03460112151601038
0.03602073066353075
0.03787098278680844
0.0398018271026632
0.04173052187067479
0.043835007671509926
0.046010766996327356
0.04798523560653756
0.049768797117409364
0.05136779315406008
0.05328715898466798
0.054223042905988325
0.05553462236889305
0.05642144304933385
0.05778610880864471
0.058831161119405374
0.060450909052069596
0.06181942762814839
0.06385214352897942
0.06544090947216855
0.06704923524992863
0.06777954341430904
0.06821613778975932
0.0651202707981227
0.06182493054071051
0.05780115262100825
0.06280147570341436
0.06585644954916803
0.07091627464721642
0.07138587495935061
0.07143088662881568
0.053681494173582964
0.03590247520177243
0.028725447596607726
0.02533704411286136
0.023241131451337257
0.021859288141282573
0.020788042743312522
0.02021591642547431
0.019815373302085163
0.019660006342288455
0.019561368657902034
0.019422658172102435
0.019187132040870053
0.018630879927823068
0.018453760163510306
0.018341220815829687
0.01845985641059336
0.018718655941530594
0.01925130553199314
0.02001462956883961
0.02105915427094526
0.02237536033497421
0.02399312218275225
0.026014894153558378
0.028288523638757786
0.030402935763946922
0.03227121599970012
0.0341183223693944
0.03593376814329201
0.03761517117179554
0.03895445921808355
0.04008337370231407
0.04128184047639876
0.04230262058676354
0.04328155161054008
0.0439571573842532
0.04463819607837852
0.045401303871274556
0.045915857632882084
0.04648284971473939
0.046765032996926595
0.047292692653248015
0.047841009047215007
0.04814451750209088
0.048271776532384805
0.048304344359035405
0.04803269411949951
0.04789091275604313
0.04772468673673001
0.047351275522316036
0.047140681425642
0.04672019230619076
0.04648875828388348
0.04634862441075192
0.04614230973272366
0.04585594016393664
0.045595509909119036
0.045326547528803225
0.04507403153407551
0.044761601477637594
0.04420534475386992
0.0437632572623291
0.0432570524924071
0.04276184995237448
0.042302183796472576
0.04184123108613772
0.04145105075240902
0.04108104192310474
0.04086972945164831
0.040549042906637946
0.040191281434103
0.03975211916774121
0.039532988335628724
0.03921816030689611
0.038839237145630846
0.03839107423846119
0.03810566365795681
0.03782874396800138
0.037491161266930216
0.03708542445697828
0.03665059371211989
0.03624038644573595
0.036000963896790555
0.03572468433110864
0.035377689097607634
0.03509941534155346
0.034855888824482116
0.03480761165356503
0.03485213678205954
0.03548099606282533
0.03674913113433865
0.03845834909277948
0.040319794495792385
0.04220900485271011
0.04433056245929211
0.046542213855449474
0.048494938812517985
0.0504016099387112
0.05199448906329791
0.054045974945517924
0.054949814226865124
0.05640737186343733
0.05725555536300558
0.05881892842358979
0.05979536996124607
0.06162021153087883
0.06283188201233254
0.06495892892364127
0.06633539552431794
0.06784304850155397
0.06830266361387086
0.06854070142138924
0.0656937368866299
0.06303993635266342
0.05880653351521671
0.06113703092590821
0.06348519991627403
0.06887320827119672
0.0705627072609015
0.07307922807143041
0.06010054451714586
0.04027823167719138
0.031095165162854807
0.026792834983922785
0.024264371744308427
0.02269312412621474
0.021477481921690054
0.02082965483252937
0.020370716006916673
0.02011129876176547
0.019910040267041393
0.019691813546196566
0.019400101537141314
0.018861512536810954
0.018687440045159306
0.018584581897693055
0.018761564208567758
0.019066125797482764
0.019649134694819284
0.020475130265753663
0.021598504741330647
0.022999161011236807
0.02471312311450416
0.02684260068686583
0.029161450795898616
0.031277817926463135
0.03316680199479872
0.03506428507627536
0.03690948300407704
0.03865131406294272
0.03999643976650518
0.04112819455142466
0.04230274541751685
0.04332427625179149
0.04430868270096696
0.044962646096588135
0.04563838452318442
0.04641954744859286
0.04691093085334363
0.04747446950294987
0.04775333105128987
0.048218708453087664
0.048691473503709025
0.04896055962886746
0.04913754979190839
0.04914845292630303
0.04897093911275365
0.04882250553908706
0.04860197405740141
0.04822758483379734
0.04804112953224099
0.04758295737523403
0.047307283577430775
0.04720006065497045
0.04701078055473568
0.046685966110881626
0.04642313866883172
0.046202640045672795
0.04600009666716202
0.04568411307476016
0.045142450531751664
0.04471116061694118
0.044159674558359306
0.043623950595848976
0.043166086417254515
0.04270269180545079
0.04232744863879569
0.04196521086748731
0.04175723306088508
0.04143342171166957
0.04107520943212541
0.04063259162712653
0.040425452603172596
0.04010461608940207
0.03973058568392828
0.0392435779332264
0.03891318658338605
0.03863071366831299
0.03827000495858507
0.03787792595180222
0.03746750933302742
0.03705111520975728
0.03681657459937735
0.03656126965322132
0.036220870537460176
0.03594231858199885
0.035710322216174616
0.035649315249252994
0.03566373547918597
0.0362016188269585
0.03734114891789332
0.03890567440470844
0.04068963262551466
0.04252397207160581
0.04464420665689126
0.046857189375761665
0.04878653334164805
0.05076135599778523
0.0523921956988982
0.05437828427161767
0.05546183749304679
0.05694860989572216
0.057816980037661524
0.05953655532276089
0.060390760993467275
0.06239596506634222
0.06348974390884884
0.06567293892131434
0.0668804385593063
0.06821146784691422
0.06851797071949398
0.06853274703318889
0.06592608754294169
0.06374765771545568
0.05977568461028433
0.06021208355621972
0.06149607791523196
0.06664058823312825
0.06909928115651454
0.0734568207582372
0.06574667041591303
0.04506168375748765
0.0338457724596245
0.028463147491459603
0.02538153544382676
0.023558988223893605
0.022167150471818567
0.021408694564382456
0.02086391247777828
0.020497722325226626
0.020194166964939315
0.019914328651666487
0.019579752294549575
0.019095325595016997
0.018903000750269922
0.01882689334245238
0.019063272102006312
0.01942053776422694
0.020051688226055252
0.020954103297787352
0.02215418563600943
0.02364419364639418
0.025454853004908302
0.027685295259457773
0.03004585691095903
0.032153129860099536
0.034055525414037745
0.03600099400189455
0.03786960654561165
0.03965109881150313
0.041010930161987466
0.04214642668302169
0.04329503772978327
0.04431977392207406
0.045287394935669786
0.045943090787912595
0.046609659311586574
0.04739943681260532
0.04787199172142393
0.04841956477681414
0.04868719914279475
0.0491066983723758
0.049505113144686426
0.04972973674133968
0.04993923568012121
0.04992701823266789
0.049812752959850604
0.04967961896590006
0.04940580771303685
0.04903544146938961
0.04885565149056402
0.04839404742070301
0.0480727100323252
0.04797757669858044
0.04779193725864805
0.04743642841693731
0.047178126616757604
0.04699723601486686
0.04682069794667066
0.046504761632779765
0.04597586813543508
0.04555090455803438
0.044966226752042295
0.044404996621174225
0.043959873211236206
0.04349078812155165
0.04312475287686954
0.042759597499120956
0.04255002968788178
0.04220465622652199
0.04184471013757295
0.041412604465286086
0.041206130400257765
0.040864198363358105
0.040513296226888894
0.03999663872867862
0.03962307620384721
0.03932802646387204
0.03895453752425759
0.0385713816561113
0.03817925274956461
0.03775337299390207
0.037519675713280805
0.037281526725036984
0.03692968627999383
0.0366469362081924
0.036430203479641494
0.03635924106279638
0.03634738833346015
0.036816646557649775
0.03783220569555838
0.03926039512126937
0.04095011292064789
0.04272277142115392
0.04482650635473763
0.047004097821227636
0.0489033606277632
0.05092069129959062
0.0526611926306802
0.054511900379190306
0.055771773998914545
0.05718783015981581
0.058228594852214675
0.059898602058548175
0.06081652986913382
0.06288180112296377
0.06385849378866133
0.06610776879730038
0.06707556275249618
0.0683108091548152
0.06847807198603499
0.06827201931541863
0.0659119582644494
0.06408981241803167
0.060504258320810175
0.05991102401662421
0.06003669445919386
0.06449352020802869
0.06732311816545948
0.07289835284635839
0.07029137328893958
0.050149893126265305
0.0369966319168958
0.030400594104649077
0.02665415187398267
0.024497703097354363
0.022900939628331955
0.02199030110371867
0.021339108026952616
0.020865198897490153
0.020468807435725128
0.02012370006532145
0.019763494632337068
0.019322440766287696
0.01911017358856564
0.019085764508459148
0.01937802996888734
0.019792975290402495
0.020467158289349804
0.02145558455140499
0.02273984326712305
0.02432219766338528
0.026230838986717974
0.02855232865271535
0.030949662659107046
0.033037582656387614
0.034965572797640905
0.03694232006118668
0.03881566652009956
0.04062371680215175
0.04201658690130033
0.04315662682412056
0.0442740760400117
0.045302064191033393
0.0462438369175797
0.04692050139515716
0.04757806988679866
0.04836329132076929
0.0488346807420188
0.04934994335850138
0.049589271956586356
0.04995637152589139
0.050294193213526475
0.05047514781266856
0.050701617259951884
0.050667192416349344
0.05060676505719076
0.05048339269396669
0.05016956149604626
0.04980909369262414
0.0496219777993277
0.04917473253906768
0.04880917682411818
0.04870847437624738
0.04850694488637111
0.048137046664234205
0.04788557136693866
0.047725328755569986
0.04755596027394922
0.047257442759128326
0.04673175449490888
0.046308985872248326
0.045712874801257505
0.045135756961771155
0.044711676174921826
0.0442298905272811
0.04386678315792447
0.043507263733158615
0.04328578730542172
0.04290756559278855
0.04253465157401866
0.04212828844459759
0.04191167732924825
0.04155173660993404
0.04120912044241169
0.040675110091727446
0.040261650128581114
0.03995125714377118
0.03956393508022171
0.03919226125676854
0.038815387269738
0.03839186364082937
0.038148623514083976
0.037904310814732334
0.03755366872234258
0.03726509310908398
0.03706383640845972
0.036989473018798014
0.03694702919827304
0.037350284663390555
0.03824590706690301
0.039552397649265714
0.04113336188833963
0.042840844544870305
0.04490354675387061
0.04702595094482112
0.04890488150429632
0.0509063709134127
0.05274501743217311
0.05452284275104989
0.05589570367470155
0.05726374121329081
0.05846658811179599
0.0600301174822883
0.06108605956091008
0.06304064145080938
0.06408607366091242
0.06621668376435852
0.06706121340832326
0.06818417521682334
0.06823180786473132
0.06780759209079434
0.06572533403949879
0.06412400717349064
0.060945362578466354
0.059953189453688174
0.0590677318961818
0.06263106704832638
0.06542455152738748
0.07167031529549377
0.07348411977277547
0.055418373668675754
0.0405569236991197
0.03264735230649848
0.028131694865356452
0.02555152744448001
0.0237201792724046
0.022618349593760335
0.02183942578779501
0.021237183825589673
0.020752221691875794
0.020353139618581376
0.019967894742598153
0.019563547636064486
0.019342730130626838
0.019388004701219756
0.019718899369415198
0.0201921396163456
0.02091609051246058
0.021989333086654198
0.0233600828527355
0.025038708196594973
0.02704554312507515
0.029446743679691946
0.03187100445804237
0.03393650228575898
0.03589587615905704
0.03788452585221644
0.03976915160095605
0.04158397388139134
0.04301770365503629
0.04417489421883347
0.04526200733187968
0.04628824360603155
0.04721050195357723
0.047917495529950026
0.048563281508336144
0.04933342158694755
0.04981610408670588
0.05027396905521958
0.050475695260061106
0.0507916800941801
0.051082456028128796
0.051207193821616946
0.05145578604526581
0.05138922674435566
0.05137511642037226
0.05124662068700244
0.05090912013107116
0.05057264402245591
0.05035808043051589
0.049936937455099556
0.04953717493646948
0.049404453726388145
0.04917977073297649
0.04880830388331547
0.04856685781373353
0.04840312176918633
0.04822791383223952
0.047961740180959535
0.04742806383995265
0.04700066829891482
0.04641222072844027
0.04582360305670429
0.0454356757760695
0.04493731130974236
0.044572806423895696
0.04421312128592906
0.0439762107169421
0.043561755810647515
0.04317462077067427
0.042792879177570894
0.04255569135825604
0.042181694227689435
0.041826419214644917
0.0412963114520418
0.04085026618180705
0.04051262488881232
0.04013178819033859
0.03977228015803731
0.03939827436188645
0.03898281481104625
0.038718336204632456
0.03846975292693275
0.038102863383477736
0.03781929897217891
0.03762544659894486
0.03756366707047061
0.03750402445909953
0.0378266231336021
0.038607711535622924
0.03980074022698916
0.041269365698388176
0.04290962268035198
0.044912010090408565
0.04695936271707326
0.048864250601808636
0.05081309359787552
0.05269274862026045
0.05442630876100654
0.0558740942799707
0.05718661104594762
0.05855145479289012
0.06002361856046698
0.06123137759667731
0.06305488830131406
0.0641688250477569
0.06614403871860661
0.06687853610780875
0.06790615650538674
0.06781115748106764
0.06724192671476223
0.06538223667126437
0.06394964361176711
0.06110996919393186
0.0600861868317189
0.05843375874871243
0.06108348679384849
0.06355611389375052
0.07000591272478367
0.07525702858248365
0.060647666983501866
0.04452857888881969
0.0352500637688574
0.029857161718586885
0.02675646891531961
0.02465640933990733
0.023319378210297073
0.022382897480619272
0.021643843536480786
0.021067716649794666
0.020616697509583108
0.020208647240175133
0.019834452234790304
0.019614174992858308
0.019717522220604286
0.020084237710726073
0.020628131734299893
0.021405345220763154
0.022561863254780858
0.024013762411110445
0.02578293077103267
0.027891514896244682
0.03035761344158052
0.0328118167222816
0.03486659850075338
0.036839558201967715
0.03884051987680531
0.04073803917834373
0.04255730705775802
0.044023294864499816
0.04521590658681887
0.0462679181347328
0.04729069270674724
0.04822253295252048
0.04895292548782447
0.04959205502235766
0.05032067202655267
0.05080822290462407
0.051204944080853264
0.051370589485508426
0.051634420073173384
0.051891384525464955
0.05196029485264389
0.05220658976998974
0.05212543936485235
0.05214434072095947
0.052003657552716895
0.05165587217916392
0.05133847771545813
0.05109643896342112
0.05069673528108326
0.05026774983351805
0.050085581136721485
0.04984603806198157
0.04947782251941134
0.04924643220024819
0.04905316159560316
0.04887458750275286
0.048634685922091025
0.04809080386834754
0.04766225522170886
0.04708019390252366
0.04648339595816175
0.046152019844825726
0.04563477851946498
0.045252448445505744
0.04489912978402497
0.04463597001997083
0.04418546476356126
0.04378222699225199
0.04342802704341463
0.04315032353089825
0.04278277653283197
0.042391300251130914
0.041888778957162476
0.041402463432631396
0.041044096401154126
0.040677386712462654
0.0403231003230664
0.03995327964931881
0.03954236141405635
0.039242408089666905
0.038987433907127216
0.03860232862412259
0.038327132876771114
0.03813947512107045
0.038093535531765754
0.03803139499768954
0.038251143188112804
0.03893679762004771
0.04002602482255087
0.04138503041751224
0.04294943026139769
0.044879878753751594
0.04684711041404724
0.048775601027003776
0.05066716824561897
0.05253695233718551
0.054246306049233695
0.05573756943394964
0.057004081962281974
0.05851343484478046
0.059875667096036735
0.061236049168434795
0.06291429231868739
0.06410589013999082
0.06593159638341228
0.0665702934982496
0.06750674929186418
0.06725350120514405
0.0665974129332446
0.06491983999996756
0.06361269189427363
0.061062572804874614
0.06014759513744202
0.05800093998782324
0.05980371968381436
0.06182369524789305
0.06807981851163891
0.07573189904080396
0.06565839677750684
0.04884649935655043
0.03823698738569452
0.03187377697791044
0.02814228107845543
0.025734049323058075
0.02413070173307919
0.022990445881163796
0.022105294121288123
0.02143420435615818
0.020933442780124604
0.020496850859583134
0.02015091686464654
0.01993035738376259
0.020080695783847156
0.020482547767286072
0.021108178311894557
0.02195055207912675
0.023179639111248845
0.02470108099297254
0.026548748091960735
0.028759859570807768
0.03127741617716278
0.033772933005433395
0.035836283035343246
0.03780777227985704
0.039806720393394494
0.041728950660453026
0.043560662496557004
0.04506054474764
0.04628895993801077
0.04730405528929762
0.04832317369353536
0.049292190778707064
0.05004223858643066
0.05067573205988954
0.05133597952134333
0.05182077604041167
0.05215665472954638
0.05230155109685197
0.05251561985681023
0.052750154922743604
0.05277207609061453
0.052981283029454554
0.05289791237999977
0.052913653993672635
0.05277258172108477
0.05242512922902727
0.0521087568143375
0.05185068615780211
0.05146339346102767
0.051005158251383076
0.05077168763173863
0.05052578454257872
0.05016466334412466
0.04994452879965084
0.049699235297459746
0.049516994435373836
0.04929664453969257
0.04874462590488411
0.048314461335711906
0.04773702108922831
0.0471288936597031
0.04686342879724596
0.046340011176083565
0.04592989219031497
0.045567298943547496
0.04527536152457608
0.044802705639341925
0.04437928373430258
0.04404311348922536
0.04373354932255237
0.0433640349691579
0.042932770007897234
0.04247061237007578
0.04195136939064744
0.04157243097338201
0.04121163374693172
0.04085454370659161
0.0404902894721857
0.04007857259357635
0.039741822228222715
0.03948431375744717
0.03908755922956503
0.03880924487363144
0.038621124755256975
0.03857840676722345
0.03852168788404645
0.03864989434299251
0.03925682026165548
0.04023898911966364
0.041509631107574135
0.04300184056286076
0.04484141337416677
0.04673651951073257
0.048652236404042
0.050482762879928235
0.05231674608220038
0.05400956755289826
0.05550628785001784
0.056730841694848995
0.058365715432349086
0.059610936173418824
0.06114218146653113
0.06265119806245632
0.0639431495628251
0.06557972653755104
0.06618225442997053
0.06700350486724471
0.06661270400826885
0.06586996188901714
0.06436620440049261
0.06314891793902971
0.060856946097028526
0.06007917119035769
0.05765077378155544
0.0587180903319271
0.06026035755537218
0.06605437421101204
0.07509935128447857
0.07002657755141938
0.053471218491587896
0.04161133714668894
0.034204149814828916
0.02974409096173878
0.026980164379168545
0.025081537511164497
0.02369799161359446
0.022653226483901747
0.02187561527820798
0.021311475744906213
0.020846011281003912
0.020512372766278795
0.020299835220696102
0.020492998669594392
0.02092701059424148
0.0216307241884692
0.022556871902686265
0.023846952680837672
0.02542737354999066
0.027338264504433846
0.029632566086845398
0.03220361764469397
0.034755569535136345
0.03683356392999388
0.0388235772835229
0.04080414578244846
0.042755631617956535
0.04460229026599712
0.046149247282075624
0.047391488209262034
0.04837704494075963
0.04939687319890894
0.05040949186248476
0.05116965705860528
0.05181095721876902
0.05239776642292351
0.052870995579099675
0.053149452626981036
0.05329748316647694
0.053471022699603285
0.05367044880423759
0.053655059303951584
0.05380561149169326
0.05371732749156119
0.0537029850929876
0.05356365319064654
0.053206606491362884
0.052886418420876144
0.05263411381216105
0.05224435660612882
0.051762312747041656
0.051476439168914555
0.0512443432108079
0.05088689362164513
0.05066891157022625
0.05036315937785399
0.05017051756170976
0.04997737200148892
0.04940624031091821
0.0489777301682885
0.048395598464310574
0.047770254063311146
0.047561419393025425
0.047052135215804786
0.04662242781012825
0.04623278411723997
0.04590229179328055
0.04543579130929247
0.044994510261232766
0.044659444355292524
0.044311998624528934
0.043934665818757004
0.04347210953734625
0.04305498222696402
0.04250909699386751
0.042105714328413854
0.041744011793720115
0.04137179171820843
0.0410094550826033
0.04060315756628596
0.040238175496318807
0.03997178578616925
0.039571733523527615
0.039268255775706605
0.03908288681301116
0.03904016717529962
0.038974279312561685
0.03904257286309433
0.03958222345594892
0.04045631565322068
0.04166025505415662
0.04308435336350588
0.04482241052767602
0.04664542679319969
0.048505968885347465
0.05027775828464896
0.05206449845407553
0.05372391144080857
0.055162266748805186
0.0564074391366044
0.05813590417339927
0.05927113576191016
0.06095996794637147
0.06228977110003517
0.0637184349564305
0.06512028052598588
0.06570846050181295
0.06640250114078444
0.06591130723766825
0.06511035840921617
0.06372020841642374
0.06258239925380517
0.060533513418476646
0.05986065163370538
0.057318954699695716
0.05782799591739827
0.05892358425854105
0.06408306485826508
0.07361378756169695
0.07352326184782383
0.05824663589317931
0.04536479834568106
0.03688844529275182
0.03162107432998304
0.028419316439739193
0.02619872444136633
0.024531675624681223
0.023298648215983465
0.022404831101562047
0.021764194615506514
0.021267582144084807
0.02093886844548556
0.02074570056304572
0.020966857937579575
0.02143457599118048
0.02218939905377315
0.02321294543143078
0.024558823758427783
0.026204486255506077
0.02815484144236897
0.030520722931858913
0.03314717480297054
0.03576393621956394
0.0378637955093017
0.039894912246726824
0.04186864321542464
0.04384808802077652
0.045699973047571486
0.04730005300004728
0.04851875789043168
0.04949615100792211
0.05052952189413029
0.05157330075232329
0.05233410469131697
0.052988586996472034
0.053535195885966017
0.05396074345522801
0.05418941103605857
0.054368634797643325
0.054519375735651646
0.05464735180699924
0.05461017892640387
0.054708481186668025
0.05459638657386266
0.054540084576833986
0.054375887774801866
0.05400201274876067
0.05368779052387554
0.05344733683102946
0.053046072131606045
0.052561938268469714
0.05222111407597476
0.052020796360109464
0.05166755417560914
0.051427384802391424
0.051078859671051684
0.05085999976809187
0.05068487905006785
0.05008866479030168
0.049660387808921534
0.04906954463517901
0.04841351558464818
0.048244344340877654
0.04777520883438324
0.04733273384085324
0.04691322654528356
0.0465334172806894
0.04609375552567645
0.04563899652691708
0.04528431263622363
0.044879414533141274
0.044496354099502096
0.04402624477518296
0.04363833249560116
0.04308979210111309
0.04265532483755039
0.04228184575333743
0.04187776538131265
0.04152104346536739
0.041127121797935665
0.0407459819476295
0.04046063435009648
0.04005115108383871
0.03971451067404694
0.03953119642401625
0.03949773097033626
0.039413151204295484
0.03943829952855624
0.03991036194385553
0.04070348173451692
0.04184387629620931
0.04319812045855346
0.0448189974294481
0.04657819571833691
0.04835069314290276
0.05007600702440388
0.05180143236561453
0.05339171957360852
0.054762741188765104
0.05612014891452378
0.05784265062372992
0.05887219367600922
0.06069693770973699
0.06184769822836544
0.06341147182985613
0.0645590905400619
0.06517725260471668
0.06572514421308209
0.06516487254301608
0.06431064373797034
0.06300847101743605
0.06194086363050884
0.06010032344985163
0.0595103914471273
0.05695932956873247
0.05706071032929669
0.0577782702680817
0.06221180463567953
0.07154012695698997
0.0759113163666092
0.06301388624540119
0.04952343125582044
0.03993501150635685
0.03381735075173011
0.03008269738546791
0.027496531596498567
0.025522056248670565
0.024063266869082518
0.023037547682221878
0.0223096376416276
0.0217750728915348
0.02144547161870123
0.021272689305704064
0.021501857308347385
0.02201091262890447
0.022808351248954792
0.023912419218471422
0.02531114890245113
0.027023490923308503
0.0290042117676312
0.03143423871529553
0.034117366867810126
0.03679225824124359
0.03893854024608395
0.041023570445927145
0.043020716940686404
0.04502108967398962
0.046873061708078916
0.048525249854494565
0.04970543399977238
0.050680914956626744
0.0517506136695126
0.05278748755888221
0.0535561327636213
0.05419858254814207
0.05475561061470041
0.055101303657631065
0.05528797232248721
0.05550122548114253
0.055647508953748946
0.05568159324745839
0.05564050565091612
0.05569290974243534
0.055537534073812525
0.0554309908962117
0.05521342176042598
0.054845127001901375
0.054535582325238474
0.054298064446938514
0.0538758047296403
0.05341781503221175
0.05302959936197381
0.05287479848945227
0.05250692584060113
0.05223169841887543
0.05185652742830948
0.05160450302960097
0.05142028175491391
0.05080749086750775
0.05038288247918035
0.04977585401495153
0.04907186894776949
0.04891974767293566
0.048520154460611906
0.048063740152811354
0.04762034539991788
0.047199009327944685
0.046776152628630004
0.04631834101614417
0.04591240129559722
0.04545500850020581
0.04506130768031447
0.04461522700733997
0.04421303344424995
0.04369220173510642
0.04323299581509616
0.04282985699542044
0.04238442376499131
0.042036942001508364
0.04166438439254414
0.04127276166830341
0.04096163675872387
0.0405450578835375
0.040169523525442175
0.039980887503962136
0.03994558780993061
0.03985405866269688
0.03985201416973944
0.040249905911360906
0.04099089359817251
0.04204920089870746
0.04332382949113196
0.04484159636056583
0.046522767349309484
0.04820469128766838
0.049873055183731
0.051520912129125726
0.05303657325061907
0.05435379155966011
0.055804101929476435
0.0573925217123929
0.05844065477753873
0.06037173363176075
0.06134979198454375
0.06303827343018165
0.06392176557180915
0.06462081895114871
0.06498004786829507
0.06438391624571935
0.06347946392839279
0.06225008050885503
0.06123238219398633
0.059590132439081275
0.059037685371185915
0.05654403494731322
0.056345695698743356
0.056789228870105804
0.060464024870625646
0.06923942578422383
0.07706166847996529
0.06757480879277439
0.05396113510822645
0.043381149488199364
0.0363781399221589
0.03200654586296411
0.02900286984144643
0.026699675357716834
0.024969880675797633
0.023794819442667835
0.02297492529520191
0.022385338793750632
0.02204876156437597
0.021886525670240988
0.02210879298698639
0.022670676318361734
0.02349752380775275
0.024670510369855837
0.026120416491663193
0.02786539443961678
0.029905647095227115
0.03238557934947179
0.03512264446033821
0.03783847867671514
0.040063768603515106
0.04222375893383462
0.04427231467304563
0.04625655633138175
0.0481231796583464
0.04983317969543205
0.05096319671604123
0.051945652711511504
0.05308026688103103
0.054078489343070045
0.05482639538352203
0.055432852493702806
0.056018867186322575
0.05631041272654388
0.056462991174765616
0.05669434368906889
0.056844174332245714
0.05678781573810973
0.05673695033132713
0.056732642963847335
0.05653125701939858
0.05638324623838095
0.056096486596693924
0.05576881230307176
0.055451513433526445
0.05520433202254425
0.05476808607198874
0.05433673372003353
0.05392187191585988
0.05381161089305595
0.05342018618818339
0.053108577083173805
0.0526998334924751
0.052429568960642305
0.05218987284298507
0.05158395800715973
0.05116441402665065
0.05053303320205924
0.04978618142590388
0.049614347671489166
0.049295097690990726
0.04883199827856663
0.04836030766753806
0.04792029337381179
0.04748520043140747
0.047045997370343526
0.04656000589044257
0.04606811376512236
0.045673399893236925
0.045230121573298504
0.044807822359425126
0.044310886864906654
0.04383208263420534
0.04340543815089762
0.04292204488152954
0.042573500754711634
0.04222740989906215
0.0418297232522905
0.041483450341286254
0.041059487474340045
0.04067063816767591
0.040460985301787
0.040430863907981965
0.0403119945876249
0.04029682308244484
0.040638199127688894
0.04130641312214607
0.04227562141547042
0.043470982160255155
0.044893003224690885
0.04647199936656486
0.04808304258457617
0.049665623885647596
0.05123049441491561
0.052689568728180564
0.053954632805698136
0.05546578376427662
0.056931083309040835
0.05811859976313359
0.059998677201686404
0.06081311294016567
0.06260325272696395
0.06322482884757137
0.06402163056109471
0.06417229065663581
0.06357372267354512
0.06261119458337015
0.061460857883161656
0.06049489414791485
0.05902296580464506
0.05847308801523761
0.05607724246069527
0.05565323641528372
0.055898610843315245
0.058912394883019054
0.06686123165181343
0.07697461175552203
0.07170420393981694
0.05861648902093374
0.04722610994540649
0.03932778887727837
0.03422735476219402
0.03074413594625654
0.0280911059185436
0.026052540629630635
0.02469494280474656
0.023776706461707344
0.023118947126682204
0.022770473257429882
0.022595180628659346
0.022790687803654324
0.023395097257193565
0.024255387827231266
0.025497730057658503
0.026999112791870426
0.02876360820609056
0.030874533992494946
0.033396986448379073
0.03618982754342948
0.03894725891504501
0.04128015948964054
0.043516409868949134
0.045647645316289294
0.04761016167123249
0.049491505034331806
0.05123224002335974
0.05232463153220104
0.0533308441319477
0.05453714067371113
0.055469351303836165
0.05615342901841146
0.05671256109922422
0.0573319652444901
0.05761301814364414
0.05772450792686303
0.057954346276959896
0.058118983098952824
0.05797017175062133
0.05788520248807091
0.05783374295140891
0.05758269372383082
0.05740286405054412
0.05705584287926373
0.05678689529810898
0.05643946573056832
0.056179227087578915
0.05575024445760007
0.055329210213458935
0.05490095012803694
0.05480076756257671
0.05439954370738036
0.054042406792810214
0.05358009178817455
0.05331369616769552
0.05297827327999589
0.05239676864946896
0.05197435133983199
0.05132079377129052
0.05054627086639276
0.05034129261538176
0.05008836740198696
0.049629322848494486
0.04911736664293563
0.04867204103116768
0.04821389653176787
0.04778196004536636
0.04721825641446378
0.04669827494259524
0.04631167765754945
0.04586157091533234
0.04541125056430178
0.044947725825259924
0.04444917747499974
0.043972576377557915
0.043472953808762316
0.04311263314488285
0.04277834591988698
0.04238057754539569
0.04199355406120333
0.04156713003080621
0.04115684522420496
0.0409264639152695
0.04091444808771445
0.04076522550412856
0.040746641184585555
0.04104678563490764
0.04162392321379717
0.04252634757801432
0.04364495388591018
0.04498406572492658
0.04644014349721605
0.0479886552681809
0.04947055765151845
0.050981991240052836
0.052353158286928936
0.053586028434350896
0.0551232298390999
0.0564750180870076
0.05777137899042107
0.059446237046063125
0.06024477459559731
0.062123550318973375
0.06248883479120654
0.06339480255905144
0.06331107452646548
0.06274774494357521
0.061722718903231805
0.06064846683132395
0.059732927497238145
0.05841381253214466
0.057844780100524046
0.0555738042888489
0.05495188069167931
0.05507207152445695
0.05754033264025952
0.0645670438010106
0.07579391899010852
0.07515044882200311
0.06335797265556299
0.05144370525605026
0.04267111602340886
0.03677294269886692
0.03276096253569559
0.029719642688178435
0.02735319668698197
0.02576717697797793
0.02473179852736563
0.02398782016023981
0.02361263088511
0.023412749619854397
0.023556992127133147
0.024189106452428596
0.025068004964291193
0.026389172918389967
0.02794325777448208
0.029745271782584876
0.031893894322878806
0.034468800506656266
0.03733324060691502
0.040140114220241295
0.04259142120216701
0.04489465092609923
0.047130884809180526
0.049062514989992714
0.050980668031630066
0.05270567317480321
0.05381241828258547
0.05484224633006326
0.05610219559036003
0.056960550277122046
0.05754590153957907
0.058063322582371096
0.05870396287473223
0.05900076128612029
0.059091976817980466
0.05927138481721193
0.05947812000762441
0.0592392375242527
0.05910592418750256
0.05899099535350257
0.05871038517098266
0.05849318472380985
0.05812114187609707
0.05789295804026121
0.05750848404372081
0.057236507601318494
0.05683367720782174
0.05641097000477672
0.05597675753796607
0.055850774789964835
0.05544197032120683
0.05504607001169627
0.0545266634381605
0.05423339176786212
0.05380435506995617
0.0532636555563748
0.05284292150649965
0.052156300580297896
0.05136323897408954
0.05112973397935837
0.05091093568616917
0.05046320258862458
0.04990361709024055
0.04944859054613803
0.04897458761125911
0.04853073252919335
0.047910368383029
0.047370974483318576
0.046989861363497434
0.04651667752404255
0.046045749774450875
0.04560745184554515
0.045076793348382674
0.0445613411484702
0.044043868811656124
0.0436745908221768
0.043335800232297265
0.04293451270128368
0.042517844094736114
0.042090804551171146
0.04167049004871494
0.04142176576489695
0.0414232301380856
0.0412620369525864
0.041213600813515106
0.04146819270969586
0.04197792584001063
0.042835367966752226
0.043866802405595054
0.04509717105378491
0.04643952021457689
0.047923446097254276
0.04929882810151578
0.05080275190394655
0.05202977304248919
0.053267267514455645
0.05478739452880816
0.05602896358719146
0.05740659975650867
0.05888404812877887
0.0598033092031846
0.061608306244388594
0.06172610045485827
0.06273948084001743
0.06241226054054054
0.061911169106715055
0.06082897139060045
0.05981758152378144
0.058958275157130646
0.05778011536865137
0.057168087868698494
0.055034561058949744
0.05427782485017974
0.05429027933559483
0.056304127914820624
0.06243486582798512
0.07377682467180062
0.07765764275926787
0.06800462699775611
0.055985381276686425
0.04640011209293346
0.0397078014809724
0.03509942411474534
0.03162788472806438
0.028906127535354945
0.02704518302726496
0.02585094999626738
0.024989925823216613
0.02457635038919998
0.024343967424229288
0.02445727356089538
0.02506514177293336
0.025943950740957993
0.027358225038585166
0.02896638283906962
0.030822176050356725
0.03300819600596356
0.035618327297313984
0.038543551199100294
0.04142250274365136
0.044006556353108156
0.046362472894565215
0.04866567972224509
0.05061844871367073
0.052579248330783396
0.05427779282741091
0.05541151027734836
0.05646168009083989
0.05776781068721973
0.058516227139214325
0.059025113295808174
0.05953443759395703
0.06015002928886007
0.060481134634115225
0.06054459472639609
0.060650781179143215
0.06088949308595037
0.06061220928985382
0.0604089298098861
0.06022262855568454
0.059930750572131965
0.059664333566354
0.05929914801167301
0.05909197079799618
0.05865900876263753
0.058360857433697566
0.057997490018243475
0.05756785553677662
0.05715393593982597
0.05696763713087381
0.05655868965192473
0.056107129565268046
0.05556035438374718
0.05518544074036885
0.05468689055819893
0.05419343234616417
0.05378687024938651
0.05306371312184291
0.05224846474853521
0.05198263136129365
0.05177336196038376
0.051317802600764274
0.05073129155458948
0.05024700329620611
0.04977937653316042
0.04929631143964819
0.048647184569561276
0.048113277926288486
0.0477121050151975
0.04721881865833534
0.046721129399484876
0.04627282245464317
0.04572260107754815
0.04519073086214613
0.04465469740183625
0.04427049908485102
0.043923617953985764
0.043503926769202755
0.04305806682907153
0.042638910721533134
0.042216933630621824
0.041965521967171605
0.041895359905363076
0.04179261315384153
0.0416913305935341
0.04189056121315964
0.04236632731915033
0.0431962568880208
0.04412286560116259
0.04523932332444827
0.04648406466289209
0.04787572694049343
0.049173393663234574
0.05066634053788058
0.05175340445019425
0.05300278461849738
0.054467862456253124
0.055600226752130374
0.057038637838223015
0.05832958626633772
0.05936116832946356
0.060946795198119956
0.060945190228977736
0.06206212354349158
0.0614890618686307
0.06107871780377075
0.059938943117740465
0.058976123697260956
0.05816025091088677
0.05712044148812888
0.05646854067642165
0.05446961850455485
0.05361129867224816
0.05352210474885767
0.05515580211285724
0.0604684710012524
0.07123314019866006
0.07899228889677043
0.07233637555124202
0.06075678803318306
0.05050792321761988
0.043033207461221495
0.037790634125392714
0.033858852027507234
0.03073646533842276
0.028562191234732248
0.02714963124053784
0.026150606412242313
0.025683140625042053
0.025386704495546676
0.02548217324607594
0.02604157200295839
0.026933556813048938
0.028403958370230808
0.03007903162490631
0.03198992808911617
0.0342554563777061
0.036881802211153406
0.03985794317036953
0.04282418821711234
0.045526347749180074
0.04793205007143531
0.050282032081740854
0.05231625448770122
0.05429852521387007
0.055997704285413306
0.05714806724716187
0.05822037038755039
0.05954710168900326
0.060149311286519354
0.060632388019840326
0.06110355524326891
0.06169382295167529
0.062052356944072885
0.06209333813749447
0.06211140125593736
0.06235907676653257
0.06204841883602946
0.06180629292549211
0.06155173405361494
0.061217847582121884
0.0609208074405433
0.060575474609604774
0.06035501543551603
0.05984317627581309
0.059520470232531465
0.05921247367699308
0.05877491556436507
0.05839382905064477
0.05810628636497346
0.05769294806686763
0.057212478409798276
0.05664388562105656
0.056176492199365415
0.055638759644986255
0.05518747904922415
0.0547705449687328
0.05404760127711629
0.05321915621347672
0.052914642464812395
0.05266931830742749
0.0521997231793431
0.0515995770286469
0.05109078112155519
0.050615461651889695
0.05010474715256185
0.049436485065759934
0.0489090383529259
0.04847884375830991
0.047967030047166695
0.04742937416743446
0.046951576866146934
0.046393046954283854
0.04586358527953751
0.04532569158719856
0.04491283545912404
0.04455016074513316
0.04411043104826518
0.04363412538557011
0.04320825465142764
0.04279596804221174
0.04256566042839176
0.04239645893909861
0.04231782428110474
0.04220552673427566
0.042342289857564594
0.042768239258752345
0.04359257038751174
0.044399778778278096
0.045417662011684984
0.04658851899169922
0.04786561806873502
0.04908596403141026
0.05056242146505069
0.05152723074546724
0.05277304674914969
0.05410858304625149
0.05520364959219992
0.056674936208520044
0.057799322235810864
0.058915471810078376
0.06021209647048958
0.060220991595450836
0.06136715745895196
0.06054700306725671
0.06026441771587908
0.05906107937823479
0.05814352716709523
0.05737612103839651
0.05644998845594517
0.055757755207747305
0.0538880059723503
0.052939792794546754
0.0527776881883356
0.05412766067421001
0.0586479098666494
0.06845527204094815
0.0790473704176183
0.07610292184934803
0.06560926994371293
0.0549875706967042
0.046772809927321954
0.040850869034758694
0.03641822496816445
0.03285971980570768
0.03034400387826953
0.02865511760555526
0.027498625183110928
0.026942420667707773
0.02656461951726637
0.02663366652569045
0.02716802333768366
0.028051265871809665
0.029536920744612095
0.031273956013140286
0.03327484922562584
0.03560201738153723
0.03825622059099894
0.04128807621769101
0.04433949895501209
0.04713661648922603
0.04958198441691461
0.05197073846712444
0.05411302323446318
0.056137736198627955
0.05783709577094963
0.05900159570448846
0.060088678358828224
0.06140343558337992
0.06189316713794407
0.062370517873104825
0.06278882666723322
0.06333143952295861
0.06369722857555937
0.06372323462256209
0.06364810647358538
0.06385005780305425
0.0635497954444799
0.06330230577319879
0.06295906460734609
0.06257358356350742
0.06224704932314966
0.0619519559267471
0.061656484077098964
0.06107364927740702
0.06070212070813287
0.060458846428691926
0.06001221922405308
0.05965413447420788
0.05925841160715577
0.05885257587791205
0.05835839901145816
0.05776192180809409
0.057218978301113194
0.05665864451069052
0.05623338106423873
0.055783838918480544
0.055078866198148134
0.05424598627219249
0.053894649374643756
0.05361081805347462
0.05313010033331322
0.052508172430798535
0.051975947253846494
0.051472683377968814
0.05093889756591554
0.05025960104541332
0.04973346770534404
0.04928337682913328
0.048741432430190926
0.048146829411438746
0.04764827962412626
0.047103224121180357
0.046582855899979805
0.04603265877406759
0.04558470590682103
0.045194375506725996
0.044751956402537055
0.04424711597581838
0.04380796748812188
0.04340263086888789
0.0431613242939867
0.04295761961837309
0.04281751283317088
0.04274068516369336
0.042837256098181745
0.043225499789837155
0.043950205183062786
0.04469677290139358
0.04563065398141733
0.04671638380579636
0.04790024504878938
0.049042621618193956
0.05045442575654608
0.05136571370031602
0.05259996835312783
0.05380154159885805
0.05490090251729443
0.056323501987800326
0.057292554389125644
0.058461288445081555
0.05947823836781993
0.059614168196435745
0.060654345655330164
0.059598921533673924
0.059481207063620145
0.05821115581071866
0.05732502360298921
0.056599452567153694
0.05577982958126846
0.055043081651838965
0.0532799114424886
0.052294982462764344
0.05206181818486423
0.05316805424053599
0.05696896559230663
0.06569199321488757
0.07788001074863773
0.07905121531616016
0.07034353829040765
0.0598290260982038
0.050937857981919896
0.04430252311956217
0.0393349190631183
0.03532279070410553
0.032402038762398035
0.030399585935335056
0.02908069791562215
0.02838140832066676
0.02792377810543014
0.027944023078768324
0.028460597957746213
0.0293078718762385
0.030797726740958705
0.03258817420300063
0.03472113396912441
0.03707187811266185
0.03971247073706692
0.04284483634841761
0.045985705318605186
0.048841979938203745
0.05131287014168176
0.053759940578542886
0.0560129706030081
0.05809390130468288
0.05979606274384437
0.060980947471734964
0.062090091078304294
0.06326251359918794
0.06374241027223235
0.06421311167164356
0.06456420395960706
0.0650494846087391
0.06537309171339742
0.06540267086039717
0.06525560467800086
0.0653465701836727
0.06513939312263489
0.06487316372042065
0.06443627657519926
0.06401532513352493
0.06366346125289933
0.06338830599002994
0.06299555142338098
0.062333663314933806
0.061945361486019174
0.06172031324377604
0.061300268068378946
0.06092764526173855
0.06046723630849726
0.06003390632864817
0.059547457571203694
0.05895609346015605
0.05833460810218141
0.05776439258214821
0.05732693031772686
0.05683378576032113
0.056130750177077554
0.055303364814080255
0.054909780877224326
0.05458068245193756
0.05411976497098693
0.05345770886178204
0.052881479623721174
0.052331707351078144
0.051795129456023194
0.051134200588236145
0.050582895691577215
0.05009735193346602
0.049513385319597446
0.04887364652969105
0.04837306583795663
0.04783436326155398
0.04732624072170423
0.046761456210559424
0.04628576889121044
0.04585103654314113
0.045406119451185556
0.04490128466198242
0.044444596982206555
0.0440409427498832
0.04375467946346224
0.04352661293971701
0.043331960901766296
0.043288720936210626
0.043378228491953046
0.04373495585278325
0.0443115337569813
0.04501419537604469
0.04585864288774453
0.046877459489897313
0.0479739742325381
0.04906898310162103
0.050397092012014325
0.051286885296944335
0.05246950918501514
0.05354835988783342
0.05464211419499308
0.05596964312894667
0.05681132333003567
0.05800020805035923
0.05875159491791081
0.059008770904720585
0.05976602683756523
0.05867424790161109
0.05873365386774272
0.05739220887372894
0.05653127326544729
0.05582788026485085
0.055099128456427185
0.05434372062788072
0.05266327559182566
0.0516652821330986
0.05137389305924896
0.052254034015359774
0.055455387580106354
0.06308329460674036
0.07572796651071474
0.08094711474569401
0.07475429742711659
0.06486414342266608
0.055485757205643554
0.04817823394363552
0.04263331823399292
0.038139607650187424
0.03477249265129043
0.032437800489088314
0.030911177502079182
0.030031562007420177
0.02948650142783926
0.029443260049211696
0.02993210708343766
0.030712716284207055
0.03220725218275139
0.03405815620644232
0.03629424455496497
0.03868064433741136
0.041281194926285875
0.04449948528031297
0.047775247377175055
0.05067102993502762
0.05316778088286331
0.05568215243617778
0.05802611716450181
0.06014696351840079
0.061857008661254195
0.06306573560175276
0.06421715536555622
0.0651806747004677
0.06568864497707175
0.06618303368451342
0.06645007637163763
0.06682423155975914
0.06710553043735305
0.06713324699251716
0.06693473492001575
0.06686795185379832
0.06676727795508537
0.06648806880973232
0.06598697380515985
0.0655585355421373
0.06515625623698885
0.06485090868929788
0.06438249288127522
0.06366055743320162
0.0632443077234654
0.06305333739637933
0.06265094705469407
0.0622422838650049
0.061735036201181745
0.06127237664738391
0.06078962170324434
0.06022745426230568
0.05953107159894725
0.05895237732674989
0.05846703108108177
0.0579183479189382
0.05720733452199007
0.05638311290217361
0.05593085555919874
0.055581596973211314
0.055129038497326484
0.05444545206154937
0.05380996667567767
0.053193285481160625
0.05267349179253167
0.05205430408370596
0.0514540631580533
0.05091336820423511
0.05025809206604484
0.04961835033863041
0.049114534963527974
0.04858739547939776
0.048076760754732585
0.047514413656221534
0.046999505787128484
0.0465272235562392
0.046077977581344576
0.045595153613559036
0.04512730808438948
0.044715540011923634
0.044401130597088834
0.0440879810362705
0.04388461764128403
0.04386232523033373
0.04393031664497707
0.04424765312787395
0.04469621352787527
0.045340593195676494
0.04612555952287923
0.047088405758539786
0.048107605532567745
0.04915005457524201
0.05040099776302549
0.05126603400418758
0.052361946209295775
0.05333761394843335
0.0544167173276174
0.05556967793013938
0.05635033658597641
0.05752163365042907
0.05804138472432676
0.05841345219828406
0.058897174273044854
0.05784093484466839
0.05802133413972152
0.056607766517302094
0.05577390700867803
0.05509805279281079
0.054423299750573716
0.05365939860279575
0.05205862800310915
0.051061200261277334
0.0507103670527184
0.05142445873306127
0.05408231187560633
0.0607143798750151
0.07291606563129246
0.08154738192942729
0.07852482844867475
0.06987685345762158
0.06037715809262478
0.05248845639081931
0.04634064356931884
0.041354565873257705
0.03752300609870434
0.0348117405341203
0.033014502813015746
0.03191204520308685
0.0312927644479944
0.031144162287012972
0.03157269693249244
0.032285761584845446
0.03378183052163024
0.03569808539414946
0.03800147526001339
0.04041929521631415
0.043020028881879634
0.04629440715521793
0.049691433324733886
0.05264290776143464
0.05515906928679856
0.0577676445051737
0.06013193344259102
0.062321277283999964
0.06400015047163338
0.0652391237232916
0.06638116362414359
0.0671539374398059
0.06772488432678761
0.06821456085140762
0.06841225580363967
0.06866137988858301
0.06892435812169992
0.0689277999223892
0.06872339383603814
0.06842550988457965
0.06839262858843226
0.06815376395129102
0.06761030022405858
0.06718132485665462
0.06670525667501002
0.06633102644851745
0.06581872098022257
0.06504761238103729
0.0646254042600918
0.06441438671288963
0.06404547632357416
0.06359829872164871
0.0630532539520979
0.06260375081633691
0.062097040689411256
0.06153591275008813
0.060819291932877925
0.0601594711240271
0.0595794030534993
0.05899423985386565
0.05829133919280606
0.05746833431612154
0.05698131441640716
0.056605498101379895
0.056122980274568406
0.05546290359655984
0.05474143139286252
0.05408582557777118
0.053567958092840325
0.05300821613836272
0.05236575115283319
0.05170313102066404
0.051020944988076106
0.050379240034948224
0.04986571200413843
0.04935863234700414
0.04883915474646575
0.04828205879816341
0.04773757442239257
0.04724359353485526
0.04678205747669337
0.04632199395880385
0.04584397043279771
0.04544421169421445
0.045100765662480266
0.04468752821442529
0.04448713250819751
0.04444780296371163
0.04450884072656788
0.044747272192658075
0.045149076510742236
0.04570875130304617
0.04645528842409109
0.04737582331569071
0.048312852801486846
0.04927589302510041
0.050466731967036355
0.051281921788912756
0.052266167394932596
0.05316781586394115
0.054214249018759555
0.05519498289918564
0.05595868125733211
0.05702295520978494
0.05737259365612294
0.05783172767026383
0.05806362499095294
0.057135546940456784
0.05732862283811755
0.055876289791707986
0.055043165252331834
0.05438946032886685
0.05375666196680583
0.05299060662662479
0.051471038011728594
0.05048258110179781
0.0500705451886905
0.050647059259599794
0.052832559936206044
0.058565990170059
0.06975261607973927
0.08077255615211204
0.08143835688118561
0.07462426564996896
0.06552550607689692
0.05719860437795814
0.0504764210981043
0.04501171743861699
0.040678813290099494
0.03752505207496483
0.03542805315144561
0.03407303871607412
0.0333468719168548
0.0330687686401018
0.03340049708068413
0.03407363683641384
0.03552686016853825
0.037490423277679805
0.03983794335047487
0.04229067074341704
0.04494378288194473
0.048273952001195025
0.05173168100011276
0.054716387360364674
0.05740479760503745
0.05999769120006666
0.06234306260962298
0.06456736026353627
0.06616644889257395
0.06744484094517793
0.06850676023111768
0.06917492891593136
0.06981936844813727
0.07026959917630833
0.0704152254803786
0.07059852568184301
0.07080883408643701
0.07078962126455825
0.07056397461584296
0.07010817465138065
0.07006648984353242
0.0698538736945157
0.06927639981338357
0.06881977736663207
0.06828263075174588
0.06784517898027626
0.0672558794187173
0.06646254360240682
0.06607604749610574
0.06582304495833638
0.06547546367172828
0.06500830386185703
0.06440733201798464
0.06395546070152315
0.06342524166810432
0.06285283737685367
0.06216260973695631
0.06137952717733086
0.06069383776981434
0.06005983249964142
0.059360026546227275
0.05856121652719663
0.05803810823346369
0.057616704645999536
0.05712692399809554
0.05646169951419048
0.0557096819177563
0.05502413721836275
0.0544730271755479
0.05395530471496791
0.053265975098554366
0.05251247184227557
0.0518156891260886
0.0511577932636295
0.05064105000528171
0.050125678949435745
0.04959208973367406
0.0490421255193198
0.0484983458789453
0.04800037774967117
0.04753251353575079
0.047066479268157074
0.046589604034350696
0.04621824793055336
0.04580857909984576
0.045361784004747926
0.04511763136341544
0.04502245988976315
0.04510126454291877
0.04528768394344254
0.04563929739704213
0.04615687833378529
0.04686259226171857
0.04770364653780999
0.048563036037134216
0.04947494594006402
0.05057286674196081
0.05134213459592823
0.05221425498926846
0.053047012456751856
0.05402528301326064
0.05484825051566544
0.055602332079699085
0.05652017545837471
0.05676365581745843
0.0572523635775227
0.057272914036180886
0.05649061012109212
0.05660302884914875
0.05519972958750678
0.05434632840394622
0.05370975455427956
0.05310158681716677
0.05234342684491968
0.050910679764597414
0.049928880529017575
0.049462673294631235
0.049932476823656834
0.05170299903147127
0.0566175677592457
0.06645211768423462
0.07873410707637717
0.0832855826815023
0.07888223429678586
0.07071253930396615
0.062229054143585844
0.05501982978990837
0.049119889056505425
0.04427526644049799
0.04063848722792155
0.03817995049921226
0.03655501490748783
0.035619638121854626
0.035245484557757494
0.03546424377582277
0.036102952780198865
0.03747227766861745
0.03949834685302409
0.04176993635535933
0.044278066783296884
0.04705649885440357
0.050390646059321684
0.0539322518408369
0.05698350640772031
0.05980300368878162
0.06230983281894998
0.06468354525773953
0.06684634400245583
0.0684125052271729
0.06967193862653404
0.07061661223374421
0.0712614522213445
0.07193599543957852
0.07234147457861169
0.07243091364996294
0.0725828927545137
0.07275141920620834
0.07269710650551678
0.07242170558578997
0.0719036064041598
0.07176677731619831
0.07156525904026934
0.07092231792363121
0.07043446607294258
0.06985276494491835
0.06939922155749442
0.06873217835740209
0.06792326667112532
0.06759141421887521
0.06728438709703075
0.06694909097770363
0.06647319254847198
0.0657820032003454
0.06531213566400085
0.06474113929446981
0.06415609930483664
0.06349958351788558
0.06261987267912765
0.061829502743753706
0.06112310176505968
0.0604100742943615
0.05965626928976328
0.05909238166493963
0.05859563118305767
0.05813307995034282
0.05747770258099716
0.05673196624111778
0.05600177962253863
0.055394567927904745
0.05487496986992162
0.05415543215325438
0.053358628520274703
0.05264380212345465
0.05196629055555218
0.051444249535063116
0.05090489614031242
0.050348396529244825
0.049810814148026336
0.04926313521730493
0.048763983958626037
0.04829208428211198
0.047820946463742756
0.04736658241702715
0.04704775069643351
0.04655695641054345
0.04609302443248333
0.04574401230521201
0.045591156663158716
0.045656747693789135
0.045839254302216484
0.04616693308667243
0.04666363923949324
0.04730053249550295
0.04806705917656215
0.048864806075182836
0.04975933305399912
0.05070970817643029
0.05141519657290431
0.052172550873202495
0.05295636182381126
0.053844948307525994
0.054529984319818134
0.05523639422702625
0.05599291204797737
0.05620067890632577
0.056707565520089105
0.056536301147331124
0.055909585190595815
0.05583347304107262
0.054562584283171435
0.05368085868832211
0.053065163441433
0.05247086098383986
0.05172430628908677
0.05036574599522085
0.04941351310998894
0.04888963784979343
0.049232203622256436
0.050674647850597665
0.05482405041167432
0.06329848181372637
0.07580708751689942
0.08382700926547698
0.08229834218841725
0.07570720962190607
0.06744229255030451
0.05994116444951677
0.05361969949255579
0.04831367532819707
0.044185973112735394
0.04131604465816713
0.039378833660101455
0.038192709620485134
0.037679793811052395
0.03778659164580505
0.03832814330838354
0.039661718286209874
0.04170772341088515
0.04390898251441666
0.046445727124199615
0.049334293271450766
0.052690315642983314
0.05622878568858759
0.059435662031068884
0.06224362670984791
0.06474914081016239
0.06713212892602143
0.06919424002811883
0.0707975956361091
0.0719678804163823
0.0728114910546192
0.07342911269289888
0.07410023858276651
0.07444977771064289
0.07445539014796715
0.07458355106982956
0.07472405330141185
0.07461805318090742
0.07429170499214029
0.07374085503051944
0.07347066790438218
0.07326756970345517
0.07254788370438917
0.07202587347531704
0.07142545568944432
0.0709898597603423
0.07027066182813838
0.06947909097842168
0.06915647110020591
0.06880248520666099
0.06846391387868186
0.06791069915979202
0.06718005024310084
0.06664559849690319
0.06601058353858436
0.06540583641322209
0.06478055243090668
0.06381865340196274
0.0629586431488306
0.062191579947191926
0.06147873962823669
0.06077839030038472
0.06015301548468449
0.059601253339145066
0.0591501915089739
0.05847583586031397
0.057762258842547216
0.057025021860654584
0.056386599107675406
0.05581237596958059
0.055026598712769145
0.05421598359625811
0.053502101552029835
0.05282292939696401
0.05227954970752848
0.05171549092031016
0.0511598160816432
0.05058947043392984
0.05004713708897325
0.04953867577027668
0.04904550771384724
0.048591590796421474
0.04815377035578612
0.047860002451267314
0.04733102219168758
0.04682892346307313
0.046379818928689975
0.04619526556188658
0.04618947531479012
0.04640251804031001
0.046715221991518965
0.047182256154324295
0.047769265477515
0.04848014803396267
0.04921820804993997
0.0500978018654722
0.050849412548035926
0.05147366620817332
0.05215065624981352
0.05288740674670131
0.053649679551236104
0.054222609901192584
0.0548884846934576
0.055495515253720346
0.055672140166897296
0.056163195722404774
0.05587001128180763
0.055349671146341775
0.055113974536130136
0.05395595781258395
0.05308852517223452
0.05246404246483058
0.05185903507535006
0.05113903173284318
0.04984562743691781
0.04891579440114139
0.048355354381443824
0.04860836031741155
0.0497460266376048
0.0532029194007575
0.06036082099999729
0.07224957706199582
0.08286564632153202
0.08471442050801126
0.08022190579535932
0.07270278109496416
0.0651660562607634
0.05851392701021753
0.05278473573419175
0.04819842507959217
0.04483620996990056
0.042558207925793436
0.041147289937317734
0.04040082643318394
0.040355118727016616
0.04081570656530048
0.042154292579501186
0.04410192826710872
0.04628564273404718
0.04882507591066778
0.0518051510751376
0.05517059182573532
0.05862626470495139
0.06194235076159824
0.06479701420936214
0.06729930838795994
0.06962351139578785
0.07160582379819305
0.07326305684394413
0.07437261664048611
0.0751512886792633
0.0756632730237522
0.07629533335157364
0.0765786670666112
0.07656017169515117
0.07655491037453874
0.07667809528579474
0.07648666819064975
0.076131538749069
0.07554332757743983
0.07518850593478037
0.07497287271296026
0.07424045925513452
0.07365764093228677
0.07307025559981005
0.07262174293632953
0.07187237904325564
0.07113192994626273
0.07075543603765413
0.07031750257094745
0.06995659086205337
0.06930264001414745
0.0685562041933814
0.06794192949536093
0.06724476700564608
0.06661834818067112
0.06597311147316169
0.06499369430601594
0.06408516603173708
0.06327874607877582
0.06257893703634623
0.061908999067034884
0.06120923623259176
0.060661477765961855
0.06018297830387674
0.059490915397970766
0.058768214079590556
0.0580579127240131
0.05743317945352686
0.05676471631014462
0.05589571755413861
0.05507645746609846
0.05438625051560206
0.053728002824903226
0.0531501089431592
0.052552317757591824
0.0519998811376567
0.051391687034237375
0.050872313993853925
0.0503477631013487
0.0498528263994404
0.04940245600480458
0.04894504570793065
0.048628296493269677
0.04807269345485357
0.04754830760437981
0.04704786765838419
0.04679402786564264
0.046742018800989854
0.04695421568850271
0.047277043118450574
0.047719154989200596
0.048244861081217096
0.04889759218022163
0.04960184772905932
0.05045554155990098
0.05099573091164987
0.051545857488485544
0.052171339837475475
0.05283322546612374
0.05345420066480831
0.05392161235979657
0.05457082560681366
0.05506651414106765
0.055236246449751
0.0556618324918724
0.05527849260712277
0.054845290428093885
0.054456326354119323
0.05339149415348544
0.052538761769336376
0.0519169440775623
0.051299653435836964
0.050583331830711835
0.04934889752596887
0.04844880404660245
0.04786210565715993
0.048039733745215224
0.048916396057859
0.05170947435994288
0.057795814434513704
0.0684777586312192
0.0806131350702925
0.08593235537421799
0.08392887063981831
0.07780871712899215
0.07052058139950598
0.06369505737413896
0.057683395910007776
0.05267825457068003
0.048747116165522006
0.04609490653874538
0.04445532824639809
0.04344843410587934
0.04320054519640837
0.043652152286430754
0.04489847254177113
0.04675189767022012
0.04890665567234087
0.05146792734619696
0.054495850141907415
0.05778414562454357
0.06119768036728
0.06447511875387585
0.06743990183784795
0.06993555278750095
0.07219716043012325
0.07405575282572685
0.07575022374784876
0.07683717158786282
0.07758558648978257
0.0780039729391124
0.07851332142687258
0.07874315052509087
0.07867476337553687
0.07852418789069762
0.07852305199995352
0.07825816860271548
0.0778560648953298
0.07727625814751948
0.0769431257122748
0.0766912557548001
0.0759941230452004
0.07533874225404961
0.0747655841933986
0.07422275441445124
0.0735268345773062
0.07282299299694968
0.07234841192413295
0.07178281930730124
0.07140755662241463
0.0706676403978054
0.06990725265319934
0.06922870824963234
0.0684450732685369
0.06780730025531655
0.06707852011495648
0.0661672271689683
0.06520813977718679
0.06440866085695045
0.06369415349670834
0.06306920527397883
0.06230689090201623
0.061775990971575594
0.06119348014186627
0.06052251825494076
0.05977463722865135
0.05911228896142812
0.05844546141665369
0.057703924090797706
0.05677935706584117
0.05597587199975788
0.05530423886671537
0.054644896795913445
0.05403264378480236
0.053416236049673264
0.05286467507212186
0.05226184204658859
0.05175969488579245
0.05118727533998587
0.05068766990874251
0.05021738155233066
0.04982453384239264
0.04937598039276066
0.0488093224801293
0.04825239950549668
0.04776131836877799
0.04739134987819504
0.047320195985224925
0.04751684000847482
0.04782500727163849
0.04823981590637146
0.048721250990432806
0.04930929999682941
0.04996976682072571
0.05079626876271918
0.05117250396784045
0.05163568887519077
0.05221323671311744
0.05278275970850791
0.05327736738860523
0.0536929999771216
0.054302036401536205
0.05468976816340989
0.054881808621940774
0.055221009949093534
0.05474987669532456
0.05434615385053235
0.05385409345717681
0.0528829498096885
0.05203535924126296
0.05141859353495676
0.050783578332596085
0.05005996971533156
0.048884640865977796
0.04801054110388611
0.04739850641104107
0.047511940579616774
0.04814435377072849
0.050402214723268
0.05548544660358551
0.0647404832967937
0.077223326981674
0.08557301248379705
0.08654476169816841
0.0823301036330541
0.0758707408121742
0.06907697397602819
0.06287861513842843
0.057528334577398504
0.05307962588822997
0.049984263222712
0.04812350357786392
0.04687707543765786
0.04636604249749738
0.04679709155385988
0.0479186035410636
0.04969087774727607
0.051809030696435034
0.05443696104220977
0.05741377179363651
0.06056920409444731
0.06393628429767889
0.06720356885942337
0.07016903902196095
0.07263575873637453
0.0748298601102054
0.07649603141847748
0.07820902999781575
0.07927180403645367
0.08001336720540234
0.0803661225976798
0.08076745705682024
0.08092423721337626
0.08073937030487452
0.08049721727647127
0.08032691574909281
0.07994421023333717
0.07947867950886335
0.07898185901372681
0.07870831414254689
0.07839001751857995
0.0777314749705782
0.07703574933433627
0.07639771470096143
0.07583650282648019
0.07515914761709099
0.07444466037025248
0.07387284230037519
0.07320103395257208
0.07276459735864013
0.0719983459374654
0.0712205035310452
0.07053019356209764
0.06964045534627059
0.06896878393668297
0.06815300937417515
0.06728509253437018
0.06634746190579843
0.06549713134701794
0.06477912968879945
0.06417971504402827
0.06349207394437585
0.06286255650169878
0.06222180556151213
0.06153979552704554
0.06078202896844864
0.06013347218806323
0.059440095642987786
0.05862699949662466
0.0576985718524098
0.05691123266241923
0.056260852062501296
0.055573260978396
0.05494139346010152
0.054326793649123795
0.053772263731731426
0.053171857862767236
0.052672388537664476
0.05205492801677788
0.05152574658781123
0.05101912639827091
0.0507191714764489
0.050138175219837065
0.04958276070701515
0.04901537687813948
0.048536342487393073
0.04809481397187274
0.04796189629124157
0.04811405628578466
0.048354252438496254
0.0487600497356471
0.04919976135188118
0.049723931151888626
0.050329644317094246
0.05115442196722955
0.05134897155467086
0.05175920426698697
0.0522721387340571
0.05273843350683592
0.05312292627976192
0.05354864905419082
0.05410624215448105
0.05435542082708825
0.0545653004217435
0.05479071849442127
0.05425212461476791
0.053907729325388454
0.053313131457142914
0.05241488576176663
0.05157020837569771
0.05095952455581898
0.05031489447362239
0.04958343285568641
0.048450056717226124
0.04759732111110999
0.046959186818347376
0.04703360416462947
0.04745705604796624
0.049214742605143816
0.05350004955461641
0.06125827263606562
0.07317798430777496
0.08375272783296556
0.0877980433547666
0.08599720467289487
0.08095981494818696
0.07455055217745032
0.06835482213639942
0.06270854166392922
0.057910826101757046
0.05422088015184624
0.05211396554323905
0.050657580594557876
0.04993806253013171
0.05025694600163205
0.051244983002868186
0.05284876991313608
0.055002453262236906
0.05774307284208875
0.06049661300575496
0.06354046182706552
0.06685207079380373
0.07014439021288693
0.07299785515104526
0.07534533751163956
0.07738763051367531
0.07896697056373049
0.08068138686200635
0.08171191260249036
0.08234697628580134
0.08266821820909372
0.08301300912106493
0.0829831909330358
0.08275686846049898
0.08250841678545387
0.08212178901610034
0.08158203619223726
0.08104052576388507
0.08071034530517843
0.08037895235624101
0.08005175488086276
0.07938809576702568
0.07867080075922864
0.0779380019424243
0.07735531628031829
0.07672904160641923
0.07595713281272345
0.07522365107248827
0.07449582539619777
0.07404511331396374
0.07324688568483062
0.07246695766604219
0.07172255641420777
0.07080318561150291
0.07008671805076569
0.06915337585110563
0.06830446602562693
0.06745939112284313
0.06655665030634722
0.06582780817521856
0.06519905680783365
0.06464352483578581
0.06393612220565442
0.06325801832238825
0.062494878022417016
0.06175439433054782
0.06109753023149109
0.06041399503236736
0.059555089811931694
0.058664841507450737
0.05783300359243364
0.057192574378758146
0.05653163057559232
0.05588012751441772
0.055267164389675716
0.054696287913576565
0.0540748742746196
0.05356204000198811
0.05294110034817519
0.05234279502069767
0.051814629587192254
0.05154690663167431
0.050941139677049455
0.05034730690456039
0.04986696049563118
0.049296797559175626
0.04892185690783839
0.048680629860038474
0.04868051654065735
0.0489282476494257
0.04928864616530294
0.04968624224968376
0.05015174209598922
0.05069902947164833
0.051436400752299785
0.05152972882234595
0.05189928865041091
0.05233313559553851
0.05269746862514532
0.053041420397529716
0.05346063412774078
0.053911819662261926
0.05408881784586015
0.05427338110387486
0.054350559519240144
0.053797764892351746
0.05347197777169724
0.05280630981587233
0.05197583632328581
0.05114131185423785
0.05052888858848093
0.04987515974823634
0.04914469365636448
0.048047440575547565
0.04721320577994949
0.046545279203295875
0.04657953588709521
0.04683315055557273
0.04819440191223065
0.051741134896144375
0.05808246657344877
0.06886556708232364
0.08058624897819507
0.08763435154638521
0.0885206209736539
0.08529651188947826
0.07985464259935515
0.07395802635350619
0.06817806694753498
0.0631163847126153
0.05886097156144206
0.05643268379065367
0.05480986931342026
0.05388704629026855
0.05404502357903977
0.05491228896661727
0.056341121740170315
0.05851341036537462
0.061213848218795545
0.06378583578289196
0.0666790117478729
0.06994005577927502
0.07313090938888461
0.07585703210842934
0.07804372803664718
0.07995420629016077
0.08153619600866233
0.08315407900879473
0.08407489339339842
0.08454299077227272
0.0849630100077981
0.08514148787140607
0.0849998045479784
0.0846808961576126
0.08435911997876577
0.08388454225664661
0.08326502260035405
0.08258109531892688
0.0824142536016103
0.08199792945498803
0.08165414965364148
0.08088611176986232
0.08023740137503735
0.07937060627466105
0.07876721514745554
0.0781880180878208
0.07734376643511312
0.07643552518497827
0.07573780605737095
0.07526178094950672
0.07442458667343808
0.07362708604173389
0.07282583330109123
0.07191852953599565
0.07111643123219935
0.07006119920769509
0.06925661500166398
0.06849688269266145
0.06757046959354676
0.0668039065055228
0.0661459879693271
0.06562392104950149
0.06491801311660135
0.06423032105545912
0.06337010528320522
0.06266093527792328
0.061982944436698946
0.06131019767845146
0.06042211608696536
0.05963311808943792
0.05876712540642019
0.05806219488083704
0.05747097507557524
0.056812036180573705
0.05618449029877141
0.0555867293967807
0.054914149556768786
0.05438248528096877
0.05377266979526093
0.05312556851528211
0.05257033444500041
0.05231035108314907
0.05169814649536142
0.05109587420293195
0.05063046948364423
0.0500694109081347
0.04971076305828494
0.04940920362426348
0.04931375079019065
0.049532491363395006
0.049841198243692125
0.050185531281181216
0.05060606120232183
0.05108539664784974
0.05169008956259845
0.05170644120177214
0.052056932334578296
0.05243141687717054
0.05270507626969094
0.053021573413031035
0.05340744744051351
0.05372057833162637
0.053844856644247416
0.05401226013058344
0.053939169902412216
0.053379463017015155
0.053075789474485685
0.05233652508561798
0.05155598332780509
0.05073279756102794
0.05012392591099362
0.04946075675845281
0.04873620622501002
0.047677230955394334
0.046865296652724
0.04616856561651352
0.04611553668441896
0.046263164733604444
0.047286882522352046
0.05022546941148326
0.05534952554763942
0.06464824878190091
0.07637713325812526
0.08585182961107113
0.08957526536738167
0.08854664423490738
0.08460639669667802
0.07944205938676166
0.07388100585611507
0.06858044599815584
0.06403582818267813
0.061060840746507125
0.059336040173399086
0.058217817016222154
0.058087884832691186
0.05886604599503387
0.060168729785793754
0.06221949348216958
0.06475316468844612
0.06728494586554253
0.06999655221118628
0.07314319724370094
0.07618597756482798
0.07871801943373279
0.08085688358703147
0.0825087047913133
0.08408514400702059
0.08554323445748882
0.08629772888929525
0.08671082656534336
0.08691644987626247
0.08695050692951002
0.08676361742767257
0.08639376858182247
0.0860520426632408
0.08551340009400327
0.0847473178404036
0.08412376149036979
0.08398460545041184
0.08350684996313405
0.08311820361326985
0.08225709484194202
0.0816382034064781
0.08069755604287446
0.08011389775226391
0.07952425707198303
0.07863075719795125
0.07764077050892493
0.07699454592150148
0.07646155996036715
0.07559806501874347
0.0747733111302226
0.0739019663496818
0.07299881247397551
0.07208192051924231
0.07101552477931466
0.07027429196434769
0.0695043946593078
0.06863438493215802
0.06781836749540393
0.06707890288642504
0.06652828199935204
0.06584716061356675
0.06509888759903112
0.06422767316060937
0.06350783144319735
0.06278484357311974
0.062085539908306384
0.06125931728026621
0.06049810520164195
0.059675783250100777
0.058923583557206706
0.05831386042236633
0.05767506101800675
0.056992136376776976
0.05639178581034532
0.055718725983936256
0.05512807933551925
0.054529505366062006
0.053930495393662334
0.05337953194917939
0.0530778985831503
0.05242909480494503
0.05191030296691756
0.05136750085341859
0.05090838622282385
0.05046652447452194
0.0501344540870424
0.05003059404907143
0.05013456198361254
0.05037212931689687
0.05067351244222909
0.0510600782071851
0.0514569759531204
0.05196973109999771
0.05193896316642335
0.05225279070153636
0.05252730231953725
0.05277405715247576
0.053056531409342966
0.05336886972977838
0.053581383952512274
0.05360356026666667
0.053746490815524045
0.05356039759193966
0.05304579441044176
0.052677278860703544
0.05189587772137747
0.05115420434749479
0.0503508470058647
0.049736377544832025
0.04906824220458078
0.04835692451411965
0.04732318000497189
0.046538306836635
0.045827506713724965
0.04568368761228632
0.04574518182010634
0.0464876586217452
0.048880569626850556
0.05296259842582823
0.060707564356513526
0.07169132028843969
0.08254772795393714
0.08906194119714216
0.09050520742086414
0.0885159912759394
0.08449301757844396
0.07945113156957914
0.074245885269794
0.06955723191913639
0.06607127595205889
0.06410614126317443
0.06277427618054962
0.06236411289900021
0.06297177205993598
0.0642101917576597
0.06617917034271639
0.06845329253479729
0.0709649743336605
0.07353358180988877
0.0763686245369105
0.0792411855416779
0.08164997475037539
0.08355286101272177
0.08508985227658065
0.08666712778580704
0.08789284152062149
0.0884846128617314
0.08880433314038748
0.08882630547269306
0.08872938876440609
0.08851148070130194
0.0881167422968929
0.08765912957788183
0.08700741200240522
0.08621852712874536
0.08560711656765607
0.0853195858579779
0.08489366408008127
0.08437341577958914
0.08362196381345552
0.08284921070978886
0.08190382092675672
0.08131554401165361
0.08068683858115366
0.07974884842940513
0.07883768015146456
0.07815141771231762
0.07750161644421977
0.0766948324883002
0.07581136848406184
0.07483964867045823
0.07389854669673347
0.07287841534917555
0.07192691474452213
0.07121113595752179
0.07044566284539999
0.06965137648651228
0.06877697352730737
0.06801908329484943
0.06741975118860391
0.06666659431995627
0.06590558121332546
0.06508608120519806
0.06435203354113042
0.0635577169353265
0.06279504478842575
0.06206908246267984
0.06133404594932131
0.06055400113420743
0.05980555281945981
0.05917995540751798
0.058537418053762405
0.05780442911739216
0.05719841826642465
0.05653229659280408
0.05586562948482053
0.055269039496548496
0.054709435188122685
0.05424159081669819
0.0538408386489333
0.053227553074468956
0.052694609786841595
0.05214908033780256
0.05168358770311898
0.05121740314563295
0.05088651343853695
0.05078799039178845
0.05076652404086031
0.05090942756251878
0.0512122640993451
0.051514574148918725
0.05182180714921422
0.05223011380898517
0.05220476150762814
0.052452714171431956
0.05266201691720987
0.05289563841928495
0.05313979901656786
0.053352849178743784
0.05343291186720931
0.053425348752383126
0.0534943596706422
0.05319165880848304
0.05269949212916237
0.052290915092139754
0.051488209768747385
0.05077827888174154
0.04998243106485568
0.04936120857839465
0.048696706752659566
0.048000287918225006
0.04698960675303561
0.04622463432692428
0.04551416514967013
0.04530467582958682
0.045278010460642865
0.04577934912016544
0.047709654687311295
0.05097047341259314
0.05719939779036577
0.06690466142681901
0.07809352321670053
0.08691394529192709
0.0909292889186099
0.09114182690963227
0.08862683079793739
0.08463775231848783
0.07985617593904772
0.07529164621343874
0.07136652997458778
0.0691113744049346
0.06766476992856021
0.06694579945138002
0.06729452857527812
0.06844747314299088
0.0701976330390546
0.07232828531241686
0.07455235130838929
0.07705683028677941
0.07953497295594791
0.08216957574866833
0.08447856313005322
0.08609918819362457
0.08757110828272523
0.08913130989870874
0.09007661020215282
0.09056873007606961
0.09069195850388267
0.09060927920229922
0.09038131072862814
0.09016544503091581
0.08966124909767084
0.08908248657815637
0.08840179149136068
0.08757882449900038
0.08688647704940382
0.08647818849744347
0.08604814072803699
0.08551453797144574
0.08480779987409816
0.08393727031027558
0.08300101182768685
0.08237440503588428
0.08167974495377683
0.08076331283032477
0.07992036778126102
0.0791620869411919
0.07838890151351881
0.07761969360933961
0.076618702542874
0.07558436011258508
0.0746010200090774
0.0735502717822069
0.07272626665664127
0.07202223199955425
0.07128405666916038
0.07050629859975516
0.06963164225184211
0.06883924323837966
0.0681964748570704
0.06737959486507791
0.06661518304765324
0.06590798836704147
0.0651448795282152
0.06428487832338901
0.06347377078743917
0.06278075283184797
0.06208940726150438
0.06132660585468
0.06063851097776268
0.05996896960729957
0.05930681406330453
0.05859168347736689
0.05796034376722345
0.057289414516567355
0.0566346047823892
0.05601771013273969
0.05548004833788721
0.05513795817667214
0.05456786777948616
0.05405494343487158
0.053454106995174035
0.05298119150780664
0.05239273734539697
0.0519447206550119
0.05167076020148145
0.05149596009187203
0.051450141942152326
0.05151499469311765
0.05174958340342824
0.05195359910528177
0.05222778971519514
0.052506011114815496
0.052451555676819216
0.052630818935991315
0.05284619879704709
0.05303649403090163
0.053210666033759256
0.05328292136919442
0.053256487497822566
0.053242357493950565
0.05321724436846397
0.052803570113278804
0.05233374889673875
0.05190324042630683
0.05110625241952578
0.05041734100152126
0.049634465474767395
0.04899678975734685
0.04834163513972159
0.047662164878147534
0.04667877195102578
0.045935000567652165
0.04522562317211122
0.0449694158358471
0.04486149847977084
0.04514336301354539
0.046654379483708514
0.04928442320311441
0.0541853524177805
0.06237704626652065
0.07303218735083063
0.08312757509659177
0.08977927135187783
0.09231739318454099
0.09155180503010296
0.08895034085963147
0.08507761018869885
0.08084669771568617
0.0767882275089527
0.0743079859499809
0.07273067405878511
0.07176789145688525
0.07184364891399976
0.07271547719661904
0.07421347944040038
0.07611533013236078
0.07794388856875664
0.08038703903608954
0.0826369822254711
0.08509376820930534
0.08710172810313538
0.08862381799455167
0.08986458966985297
0.09125875753286122
0.09199056294043863
0.0923119390128935
0.09234191171306591
0.09226520355651543
0.0919453918428621
0.09171499400053731
0.09107948014928985
0.09035842002443495
0.08969732983088016
0.08882032174967572
0.087971020012157
0.08751554921625448
0.08702277643981124
0.08644806206996124
0.08574290929577402
0.08488711057002621
0.08400892590214665
0.08334114897364187
0.08255940759241838
0.08162960063612514
0.08077442715982561
0.079979318312222
0.07914459398508894
0.07830469164239302
0.07722448842369234
0.07612230044003135
0.07516081584828826
0.0741620371511309
0.07334906519032475
0.07266162509136259
0.07198513318888794
0.07116430244707914
0.07031615730582719
0.06946932901387332
0.06879880338419966
0.06797221042896119
0.0672144396369581
0.06656024139069638
0.06580509061778339
0.06498168861879822
0.06414883429416458
0.06343770290245565
0.06274681489363816
0.06203629368852017
0.06132968188309419
0.060606395146917125
0.059926898275039844
0.05926955049500865
0.05866760190213691
0.058020030943316585
0.05739874087738488
0.05682468741537158
0.05627617170474364
0.05593139721144223
0.05531089084253178
0.05479330975767287
0.05422483724748365
0.05373744865272344
0.05312571429953512
0.052660596827269715
0.05242875005375026
0.05221208078798827
0.0521477437639375
0.05211777231517266
0.05220991898224592
0.052370235769052274
0.052650736096040145
0.05278480198745117
0.052727283063682344
0.052837883935922474
0.05297583441103866
0.05310507738464934
0.05318634827238181
0.05315396598269549
0.053048420020828026
0.053016580852455295
0.05286951716837999
0.052398193609119875
0.05196490575964953
0.05150027704518863
0.050731615495461124
0.05005445654113051
0.04928583684023586
0.048640851475448915
0.047993562970400624
0.047335173856774465
0.04638313942221196
0.0456713050042385
0.04496136772806926
0.04466495695776814
0.04448630691732621
0.04458634007674182
0.04574968978711285
0.04786463303330485
0.051641456410489395
0.0583238757417797
0.06782834257983514
0.07809409081267481
0.08701882092750865
0.09150431148933771
0.09319197364463183
0.09220879473450297
0.08953824674044575
0.08590294131059618
0.08209779892495675
0.0794960419723175
0.07781283829793298
0.0766334507137634
0.07653457292612229
0.0769797260047469
0.07821412273844303
0.07984465786232454
0.0815541231212444
0.08352529840920446
0.085610473888865
0.08781712300426342
0.08943335986481744
0.09084580398113884
0.09178533719583534
0.09309344287337835
0.09365317135298135
0.09373381865749089
0.0937673697261162
0.09375197742837145
0.09346061279064463
0.09306943220895474
0.0922492536414882
0.09142258499437964
0.09073412743316639
0.08987275882385742
0.08880629147410965
0.0883141978777077
0.08781893878942952
0.08713449381662597
0.08649747458748715
0.0856614747032661
0.08487170289271298
0.08411966189729954
0.08328512076509102
0.08232267982868435
0.08143741713226789
0.08057144535005334
0.07967051925734878
0.07877850301096553
0.07768349682690572
0.07660331536424908
0.07569565846540276
0.07470203554640799
0.07379272059616479
0.07311111398655187
0.07242215996726185
0.07159795119350143
0.07078794711983007
0.06993334674805472
0.0692310614298343
0.06848887578954777
0.06774406461408508
0.0670820181765928
0.06632501253554018
0.0655455809055584
0.06475269294468163
0.06404244652284648
0.0633144010636444
0.06263271328869503
0.06188268099135053
0.06113128643829084
0.06042911260262784
0.0598401847872545
0.05925847535644934
0.05863374876515734
0.05804808764881998
0.05750215992781289
0.056971362072419124
0.05664059223882706
0.056004224682941264
0.05539121737274487
0.05493279678698879
0.05438194028598214
0.0538949813157384
0.053382111584948405
0.0530899463971476
0.052890500712313146
0.05277703852462834
0.05265762645138497
0.0526538757230248
0.05279177609678361
0.053083989170988805
0.05305479993123495
0.052971716719247594
0.05301479656396955
0.053072009121703345
0.053075159818194745
0.05304238195582282
0.05297621323337131
0.05281112376291605
0.05272057833014904
0.0524704894899652
0.05198753772454903
0.05160766704608624
0.051099126413733355
0.05035873804258494
0.049677905735897254
0.048928932763395216
0.0482891272570722
0.04764929856704726
0.04701450037841338
0.04608491694780601
0.0454152272709763
0.044703902486873205
0.04437604780421996
0.0441424595952984
0.04409890558928678
0.04497553803751118
0.046668687466796976
0.049550284336116135
0.05482582626525344
0.06284401311596581
0.07286701860922197
0.08211225878586667
0.08931196951607792
0.09320047369594622
0.09405559620386097
0.09292866507681175
0.09021147507119094
0.08695793519607661
0.08436374624589756
0.0828029289839057
0.08157533125506686
0.08115180783464127
0.08135365504812932
0.0821980859871094
0.08345022936098549
0.08509270185372014
0.08665921480610445
0.08847691841564956
0.09011571248693898
0.09143091725220368
0.09264998384654509
0.09361216898642397
0.09460111735518884
0.09500058216165594
0.09492989596801472
0.09495674144131604
0.09499666437722659
0.09459190357026895
0.09412743007282408
0.09317614979692401
0.09230712771652926
0.09140814635694673
0.0905116586274724
0.08952138151784536
0.08898499045343475
0.08838524058857486
0.08771302294522354
0.08701907379608727
0.0861660994562656
0.08542441897976916
0.08462771558763658
0.08366971588218063
0.08271989079892045
0.08184006312662462
0.08090656369943454
0.0798973857290173
0.07899893570264688
0.07794249249237475
0.0769968441050189
0.07603127877119706
0.07501536357527672
0.07410686279244297
0.07338897376993214
0.07266437326808747
0.07184542980029784
0.07107578949844115
0.07026015693443413
0.06959167413033236
0.06897230757455637
0.06820204536289473
0.06750746212291117
0.06670438045573299
0.06592985823357947
0.06522049276424252
0.06453621445756447
0.0637663951455657
0.06302445644938255
0.06229637363577967
0.06154368067685607
0.060899105571979625
0.060331952886328324
0.05975984962344608
0.05915426231344697
0.058560331174293066
0.058004798842580495
0.05751730602413671
0.0571870084064592
0.056533671462623336
0.05596381977576449
0.055466293559684576
0.05494268461813449
0.05452570636536119
0.05404020705239147
0.053649499755500075
0.05343040396629036
0.053280429164452914
0.053126934315460665
0.05311282399093055
0.053179258343921884
0.05343807757636298
0.05324412425239837
0.053132011246435254
0.05312386011061206
0.05309135913261137
0.05300486953917047
0.05285438851893947
0.05268961975438216
0.05255723066590018
0.05240287082342849
0.052077719836554306
0.05159577355644554
0.051238815498518844
0.05069162860949487
0.04998405235739802
0.04930256242441421
0.048566953688205336
0.047934055841466414
0.047302712777118686
0.04669674630686199
0.04577779864602373
0.04514405639378734
0.044443966887131155
0.0440974227586082
0.04382452209369346
0.04371518009161222
0.044309290490893494
0.04562900149369497
0.047846243864487714
0.051929414526369747
0.05839439972240716
0.06701198595434375
0.07670219886779929
0.0853229514068647
0.09118552006266223
0.09419744052084175
0.09470728583907778
0.09351654829006727
0.0910405326023347
0.08870163462637409
0.08737460764940373
0.08627390031712383
0.08557598768983453
0.08553375699851615
0.08603594395886943
0.08696387340460383
0.08818001629874829
0.08963199970494957
0.09102802336944975
0.09215039721807512
0.09310616251150051
0.09407557493012463
0.0951031536680152
0.09549905952096707
0.09587541642117668
0.0958683928180557
0.0957936122080378
0.09566651904082261
0.0952288960041956
0.09455918241209978
0.09363401968787308
0.09277639546744139
0.09179748601945346
0.09081070778110471
0.0899731719217466
0.08935945976851997
0.0887019273028484
0.0880187824843985
0.08715985976799792
0.08634680129158609
0.08559844302212061
0.08476705332711643
0.08372163209965261
0.08281099452892114
0.08197253156857806
0.08091642597716267
0.07984782567153148
0.07896311607471218
0.07797066155978538
0.07709355367931561
0.07610603693411903
0.07511288211679887
0.07429464493112616
0.07348853286659447
0.07274425893019312
0.07199979972338341
0.07124029164158154
0.0705187385836779
0.06987453209886799
0.06930654184376012
0.06847823503584885
0.06774157150655193
0.06694647917653185
0.06619649640535911
0.06554261148648922
0.0648531972744242
0.06405687152219117
0.06329450013918715
0.06258495299603764
0.061867577286612886
0.06128456702277652
0.0607024034761921
0.060116097328446985
0.05953539047960266
0.05895617896816577
0.058398452102153234
0.05792018260690747
0.05757126126856962
0.05696247529466393
0.056460735578792325
0.05589719681584583
0.0554816728079728
0.05500382689161369
0.054495414915775524
0.05408013088238726
0.0538370043034453
0.05367005004245064
0.053514831000765734
0.05345817466903438
0.05344461489673794
0.05361890664935767
0.05334885056786373
0.05324154308872674
0.053155480802121846
0.053041810509254966
0.052869781695115824
0.05266201137173242
0.052454466592343325
0.05223753568998435
0.052085765382588856
0.05170030236787212
0.0512629694399158
0.050855199547224415
0.050286605961388564
0.049621791222561155
0.04892274224664442
0.048192796154055764
0.04756324751158697
0.046948944936027664
0.0463713483235402
0.045462326234451914
0.04485342561905974
0.04418457818208239
0.04383100433730537
0.04354599178648974
0.04336609133474733
0.04374114821798095
0.04473662901543297
0.046431990713680864
0.04960813799422207
0.05451662217980363
0.061855828523599624
0.07071223727966418
0.07982186675466538
0.08727447619480813
0.09225887060866131
0.09468521766061946
0.09512467200294877
0.09402619705540011
0.09209272100917211
0.09111831429093198
0.09023606077721993
0.08943150594975101
0.08918664659564732
0.08956094710739862
0.0901763909075458
0.09095952172835722
0.0921684627940891
0.09306685227928782
0.09389807637362714
0.09452555529871587
0.09525194105200158
0.09589855124364347
0.09607340918854892
0.09643349954862344
0.09641890717318626
0.09620412491719928
0.0958407026369115
0.09531538206430608
0.09458207233942709
0.09376277444016394
0.09280582113190193
0.09177729030779264
0.09081342758070582
0.09004480137121819
0.08937706549524224
0.08867205730327209
0.08790919505923833
0.08692778964782358
0.08611536863018904
0.08539331994996734
0.08452357602751413
0.0834827039865244
0.08245947060081166
0.08160229000698573
0.08055110891423169
0.07951506381495123
0.07867082957707237
0.07764261713068081
0.07677813693699614
0.07590203348037183
0.07502029227335809
0.07420468015624129
0.07340184310306813
0.07263641381364877
0.07195093498677715
0.07121422844100914
0.0706001168214823
0.06993430840981774
0.06931251487097027
0.06852827876175323
0.0677533255994057
0.06700090738789383
0.06629397769425924
0.0656377088453622
0.06494267056572024
0.0641957251390324
0.06343904707856118
0.06270649264035935
0.06203644169874298
0.06147015217719541
0.06090740942681395
0.06029137360682844
0.059735698923101405
0.05923011771039763
0.05873506991083442
0.05829782142203798
0.057822988529729794
0.05732721022829862
0.056844788538444685
0.056360143179075575
0.0559013298236494
0.05540152516880639
0.0548515211656211
0.05445264597319173
0.054148075084998616
0.05396716780414704
0.053809827567152316
0.05369302176389586
0.05360926108450714
0.05372506603925714
0.053412697961117465
0.05325508409892149
0.05311779932412113
0.052929160605267006
0.052720661970769224
0.052503470309031235
0.05228822304421844
0.051990600153184886
0.05169383597382148
0.05134574502825041
0.050917848295401934
0.050472506726207844
0.04987863595482462
0.049234209956967444
0.048509895843416376
0.04778905155146452
0.047171498162862154
0.04657931710749686
0.04603245055504436
0.045129711282248894
0.044546561606724586
0.04390884261269892
0.043559932665726456
0.04329585361720815
0.043040942098698264
0.04324942997085325
0.04398741261292083
0.04527299766009853
0.047605470257096966
0.0514783042209104
0.05729591730033204
0.06488635412739499
0.07349754669877404
0.08166767453052438
0.08828508056285181
0.09260121772255792
0.09478884349447483
0.09528719453455589
0.09431962424829046
0.09388794948789017
0.09325535120529108
0.09255449854374928
0.09211960844138198
0.09240903491010632
0.09287602624484538
0.09335369617875534
0.09394449887249771
0.09454596289697237
0.09509195406290333
0.09552170674291774
0.09597547846449936
0.09628830524816755
0.0962630653697867
0.09639181726594281
0.09622619507279644
0.09604291362515532
0.09557875655145329
0.09494130516016722
0.09419099856129676
0.09339308679818756
0.09239442233574616
0.09130046140582637
0.09047235793460302
0.08961978162075643
0.08892858083406963
0.08821778969763026
0.08733477877650103
0.0863494298939181
0.08553845458401488
0.08478758537952587
0.0837923054334904
0.08279844278590896
0.08165717976130007
0.0807700964396864
0.07981825648587804
0.07892040914509273
0.07805180505488016
0.07705005261113372
0.07628278054131751
0.07551371086241593
0.07463524810534583
0.07385286364399783
0.07314911822239943
0.07235773786827321
0.07167655628668189
0.07096775613574498
0.07037435118866524
0.06974708581720733
0.06906900622868159
0.06833263884300478
0.06761189544799827
0.06684616178740174
0.06622914749986664
0.06554936216136054
0.06483514772422122
0.06412148122392963
0.06343741014191726
0.06268677504095406
0.06206173281178891
0.061518607612755016
0.06094758986927252
0.06037792656622034
0.059862523006187884
0.059396867525659966
0.058909823646605894
0.05858090842351869
0.05806722493920639
0.057621647807912346
0.05711109749293946
0.05669550443515119
0.056181226616897284
0.055708759468620604
0.05522814764659544
0.054810572144168464
0.05442666343395422
0.05418253770759688
0.053970933449422595
0.053836364055374696
0.05374651344833667
0.053762662758652144
0.053426864689628026
0.05321719951832416
0.05302017634131012
0.05280429228316326
0.05259535110736516
0.05238649084100845
0.05212137716412764
0.05177271281884518
0.051374958606607665
0.05095070203356572
0.05056816606735494
0.050060180905977754
0.04943031299225921
0.04880461216983019
0.04807132182594533
0.04737292425979316
0.04676693163158921
0.046183768415283405
0.0456642927393946
0.044770442223590896
0.044220167376222405
0.04361097834089142
0.043261544364162026
0.04302960180129044
0.04273484085229247
0.0428313579919682
0.043366168435944534
0.04428669331628878
0.04613542951325563
0.04897955685471324
0.05343596098479077
0.05962390878608111
0.06716704507479374
0.07512754958784708
0.0825170870734094
0.08834779457364157
0.09227575484516648
0.09443214788747539
0.09475956859857465
0.09518122218585444
0.09516962012837869
0.09477330257131267
0.09430937330461926
0.09439773403609746
0.09463145954276202
0.09502020891564084
0.095056349533101
0.09528077706658299
0.09557862143596585
0.09578852092600304
0.09579412515698041
0.09595938796856354
0.09567840997841434
0.09561789871932383
0.09537806844022907
0.09518484687189227
0.0946760298876892
0.09397606922182981
0.0932568730544668
0.09241620091216356
0.09144491785022348
0.09036589248420193
0.08953537741931787
0.0887328901151551
0.08790423494464818
0.08713763942536891
0.08619305488073636
0.08526445652211283
0.08436255210182078
0.08354552427336845
0.082535720014874
0.08164155955500726
0.0804745995788132
0.07959311186435969
0.07868877507414754
0.07791921555943157
0.07713382920249688
0.07626455878777492
0.07554450397468784
0.07482349078984923
0.07397386042855057
0.07324371492026636
0.07256349385998345
0.07177748284362456
0.0711048891589384
0.0704709390966057
0.06989729259687825
0.06935073279058543
0.06867540344178016
0.0679404534974026
0.06727541718087061
0.06655074391284282
0.06588624694251496
0.06523205433560911
0.06458255162440442
0.06390074264426698
0.06326043935123885
0.06253158320727906
0.061908129676235116
0.06136854630694412
0.06082795669634682
0.060321017707285096
0.059895986819409816
0.0594325633804311
0.05891662790864079
0.0586520666608606
0.05825003208026215
0.05775924933769429
0.057319605028300975
0.05686953157153427
0.056388470619035846
0.05589381169787888
0.055480360744143156
0.05505471411568666
0.05464291486675883
0.054324161607523194
0.054079972847937384
0.05388971974665376
0.05373748072129571
0.0536472485609672
0.053321442997114624
0.05310641265252997
0.052900885420137864
0.05268556380679722
0.052474122256720095
0.05220077159234117
0.05188720763540068
0.05154069036471899
0.05108922734503886
0.05063991597246885
0.0501231593410111
0.04957506879777178
0.04892716471789169
0.04833730388504174
0.04760280158660222
0.04693662513417418
0.04635442692056733
0.04578182012128043
0.04526694783007342
0.044405033761703475
0.04390487114229748
0.0433191648606175
0.04295064091781647
0.04271204418268139
0.042438858176133985
0.04246896025407637
0.0427824683561894
0.04348922977650709
0.044874080166205324
0.047031925792827646
0.050298690538053165
0.055094067832320015
0.06128624475772662
0.06844250053261683
0.07580593141692016
0.08239669178438384
0.08770156769641199
0.09128850054266534
0.09315496565130015
0.09455668611115332
0.09533787755773221
0.09539286766937778
0.09535013845950299
0.09510275731470165
0.09533571942592381
0.09547110671161464
0.09544059126156276
0.0950830074353926
0.09510524719382593
0.09518540386421441
0.09490050473540333
0.09475733513555082
0.09451761101676509
0.09420069651763076
0.09397014504873905
0.0934678360505481
0.09288666192768034
0.09226381609323842
0.09158319062923445
0.09064671061263652
0.08963332559037442
0.08859756072964803
0.08782026399471676
0.08704909184749633
0.08619210597469383
0.08531756115782956
0.08443013898340372
0.08351659125585054
0.08263079848951917
0.08181767086082352
0.08091615985560612
0.08009677376568418
0.07895290942752144
0.07811085368675645
0.07738208122331776
0.07669695048063838
0.07604490803287564
0.0752799200865141
0.07451394449490334
0.07379259493614218
0.07303715928539747
0.07238719383859188
0.0716595028963508
0.07096797046684492
0.07026746204205885
0.06967403878782141
0.06912882292237119
0.06859570024885815
0.06796983499452963
0.06729230300645006
0.06666365546964768
0.06599077475352555
0.06532265216975244
0.06469622175244048
0.06408934975033145
0.06350120515719114
0.06283770101661598
0.06217614243990703
0.06160223794351928
0.06108082409432836
0.060602292950184204
0.0601585085628364
0.05971852050454148
0.05923536194690039
0.05883293691024227
0.058555068503447175
0.05821865807517805
0.057805636403646755
0.057437218303153695
0.05694444468466996
0.05650886684782813
0.05600140363616728
0.055562840273373604
0.055158024080985545
0.05476362865587068
0.05439277568823119
0.05410698374885309
0.05386759747152177
0.05368574520340043
0.05349009898195983
0.05315093231552699
0.052899912065925904
0.05267824311809533
0.05246062304712745
0.05220632848829786
0.051889159089787154
0.05157936833915451
0.05121626675125804
0.050759306332901356
0.050253588268868485
0.049706149851254905
0.04902518065042694
0.04839505558126527
0.047849151884794876
0.047131043779137266
0.046467975783813835
0.04592587504034365
0.04537732135962793
0.0448741325364242
0.044057635891997286
0.04358803169078763
0.043033048337067656
0.042660008160254545
0.04239530493562983
0.04212737107971659
0.04211280848484772
0.042369298412449116
0.04286706997046581
0.043824253135856375
0.04543168684491704
0.047828423021419555
0.051354069997816054
0.056186244329088454
0.062130479503592975
0.0687302586635688
0.0754811156390173
0.0813894523344166
0.08616193721430027
0.0894275652875016
0.09172277259457814
0.09356575173410787
0.09419356981938701
0.0945875763390662
0.09461116336125734
0.0946734705260635
0.09478198922472082
0.09450361336896142
0.09397062195029059
0.09373093819332584
0.09345838386373562
0.09320704265337214
0.09271676331804576
0.09248098619309647
0.09195863594188956
0.09159880466406005
0.09100870657182918
0.09042193038332597
0.08982071452809891
0.08909087034357105
0.08810503701146566
0.0871651980227833
0.08618711527883155
0.08539999596621181
0.08459577694361659
0.08376587939979824
0.08291817295781415
0.08204491299603733
0.08124920802083242
0.0804945327970715
0.07971332935326475
0.07886831407020507
0.07804183508788115
0.07708659857449007
0.07631290803106855
0.07571530329313224
0.07514914863309496
0.07456257861856601
0.07383799523974925
0.07316838518157112
0.07245429381443759
0.07178773083425403
0.07115170944590445
0.07045840025281647
0.06978387628329472
0.06912322921589278
0.06856162657276907
0.06802297568058141
0.06747952970632057
0.06687434021860275
0.06632296117684694
0.06574673772302159
0.06512351978790262
0.06456384602999604
0.06394221947646594
0.06338138180236304
0.06286167337841089
0.06224973361017114
0.06167538910295314
0.06114164683922581
0.06064598236408269
0.06019784486454452
0.05975164320982404
0.05934280251265882
0.05897018782600258
0.05864673200498403
0.05837411244669967
0.05801430834146748
0.057654849897521024
0.057248185556745095
0.0568553062160907
0.05648573817621086
0.05601405109445021
0.05554948006077111
0.055138146871788106
0.054752943275561655
0.054363817235713076
0.05404169000263953
0.05376642019950885
0.05358197612502549
0.05325574939259831
0.052895781889331674
0.05261319687959352
0.0523736090655636
0.052120062661806466
0.05181471306378405
0.05149611732234342
0.05114239631032114
0.05074945329825403
0.05027661934054158
0.04978178931279312
0.04915817838297548
0.04850252420425373
0.047816877260189364
0.047329497038009094
0.046655170213000675
0.045979190091895716
0.0454896822817446
0.044964053694421996
0.04449444003498367
0.04370577455169413
0.04326883406641141
0.042755306029657096
0.04238914808905957
0.04209177927907897
0.041805674016283254
0.04182362892910583
0.04199957598128619
0.042345340623514194
0.04301520793719851
0.04409579803983465
0.04584676825803991
0.04839465573934299
0.05193429833009619
0.056599371869713706
0.06204853387419195
0.06816809754492756
0.07421680027495345
0.07944594991360361
0.08370258157182335
0.08686014376685663
0.08975267173270322
0.09126231712489055
0.09204257767842271
0.09232613009315252
0.09267713746799118
0.09253079381562059
0.09216819932028232
0.09152294363729223
0.09123062348023844
0.090746657942056
0.09024760265336944
0.08969238534177891
0.08926422850087287
0.08881760235087996
0.08842589187797988
0.08796482243584194
0.08737209285144067
0.08662862477896167
0.08579436723242137
0.08484780768967484
0.08394956298979997
0.08306103580236417
0.08227181737476011
0.08147560385143365
0.08069441367882553
0.07997755736149893
0.07925043058791685
0.07853545589922638
0.0777998931821086
0.07704963692696713
0.07629441913527187
0.07558630006758249
0.07482981063085531
0.07420689738338063
0.07364561298621322
0.07308834941158664
0.07252251805641308
0.07191722479388274
0.0713200480162818
0.07074778334483063
0.07009693748485248
0.06949694600445648
0.06890005749803549
0.06827680931681125
0.06768257882060406
0.06713582162144723
0.06664576187541571
0.06609901524779861
0.0655602833120668
0.06505844871470065
0.06450637341099419
0.06397407520720241
0.06349739702119059
0.06299970739006013
0.0625231679823836
0.06202897938694402
0.06143190294193379
0.06092078437781536
0.06043360781571952
0.059964820122747356
0.05953402278640784
0.059140739017993715
0.05880281876512995
0.05850243547895191
0.05823606417507929
0.05794960244136798
0.05763766776403809
0.05732057821308839
0.05690147390052447
0.05654467478694226
0.05618559662803799
0.0557621241709257
0.055351658193603756
0.05497157302796267
0.05458781119458394
0.05418801435357281
0.05383213092035329
0.053515443911971175
0.053337974255925576
0.05290962678659255
0.05252330860405298
0.05221994284827913
0.051950507979517134
0.05163970878974698
0.051315468309676524
0.05097152815011442
0.050584567958355794
0.05019434491026308
0.049743291281934644
0.04919786093907211
0.04855385576835591
0.04794399491462753
0.047251192728182054
0.046728528260824326
0.046156083137713064
0.04546557049805072
0.045013997423628056
0.044525434631628336
0.04409224356848669
0.043310713245896956
0.04292357299682381
0.04246226284212539
0.04211629952885868
0.041732942544861165
0.04155199943443972
0.04154013752487337
0.04164634347091336
0.041882247808285714
0.04233422807906202
0.04309487956672284
0.04426114790822839
0.04606766180188235
0.048617144862488415
0.05197289738936589
0.056300289985585374
0.06129778653562887
0.06675253155635937
0.0720818111284055
0.07660654912636751
0.08020617599812138
0.08376930676756252
0.08616570063405743
0.08750823047213663
0.08827786361852441
0.088681076352024
0.08881870994749064
0.08828819918830644
0.0877370118224347
0.08722715106150895
0.08665446596206886
0.08607257166728169
0.08564430302945078
0.08512770911169523
0.08475630046343141
0.08444077736745556
0.08389628778496994
0.0832684513624177
0.08247542618235462
0.08169732958385974
0.08090499517141062
0.08013713345024932
0.07934715530073012
0.07848762948774357
0.07776656767512494
0.07713694959837407
0.07653635098688438
0.07593570016278661
0.07525776763423109
0.07460070360260682
0.07395949698774973
0.07333401578398711
0.07279569463127539
0.07221045694996851
0.07167174059281615
0.07112482704069627
0.07050604125532853
0.0699885760564639
0.06942321788218926
0.06891558330077822
0.0684106270157582
0.06787866412925879
0.06734477340525705
0.06684757567424036
0.06635881383454423
0.0658285000231559
0.06538339928218156
0.06500092083699908
0.06446287375371958
0.06401344135259189
0.06353154071389701
0.06302069735311475
0.06262526161631013
0.06223460040373695
0.061777244972984084
0.06134880576489752
0.060896970701051385
0.06033634801304999
0.05987427081264139
0.059436908443376034
0.05900834451535857
0.05861165441078289
0.058292292607018154
0.05802219483175421
0.05776408351496122
0.05758399280674377
0.05734074190398383
0.057043239424454814
0.056753505126427274
0.05645554349813746
0.05609615717241201
0.055757656870774025
0.055369609151638396
0.054986321888254086
0.05457926158491482
0.054204107086107546
0.05379973480396869
0.05341811884580559
0.053062896624270744
0.05284622944463653
0.052429547942281274
0.05205616044377286
0.05173806243968136
0.051405739158918135
0.0510946762630919
0.05076175845368249
0.05038906354234923
0.04999310078814079
0.04957190388622366
0.049080281465897255
0.0485418969867975
0.047911048185413765
0.04735577175271919
0.04668306963658427
0.046111592986558
0.04561815022841509
0.04492344503450349
0.04449932753126469
0.044047289436357356
0.043645862116774556
0.04284259581071897
0.04247449768756721
0.04205276272168593
0.0417194186296024
0.041426218417751036
0.04126428480929707
0.04124714700826693
0.041270352035618435
0.04143576931407893
0.04172673371917187
0.0422690972622318
0.043049878775783826
0.04429689026620093
0.04600550002106094
0.04837984076959594
0.05145364492696077
0.05538503556776822
0.059780465936226705
0.06458365771508115
0.069043832957567
0.0727152094704648
0.07650789374688402
0.07933050983850642
0.08133996830066903
0.0824562774596873
0.08329317636141814
0.08341258857584177
0.08327468014505433
0.08265958384156806
0.08216496092004977
0.08170982470194288
0.08121089069812404
0.08074137480587384
0.08036779983652442
0.07997349941922922
0.07965245182632097
0.07923413521419818
0.07863187884251882
0.07795952487034039
0.07723602652087011
0.07650951614723478
0.07588051070631714
0.07521822905498204
0.0744748298685262
0.07382982615212014
0.07333468417900725
0.07271935255761222
0.0721743381017466
0.07154512012920997
0.07096080611705027
0.0705145498242493
0.07004470787126853
0.0695753037088625
0.06910874016562019
0.06858471922648274
0.06808318516417727
0.06757885521837749
0.0671118642080809
0.06663079587220087
0.06618595832158058
0.06573526895031861
0.06530853965255931
0.06489856988701015
0.06447376143010779
0.06410389035065936
0.06369811829992544
0.06332213300063232
0.06301253206693691
0.06265223365942638
0.062271376793016794
0.06193060127431469
0.06151193372571514
0.061141376200412614
0.06078660132228593
0.06044648235309073
0.060044899685208486
0.05954574872696771
0.05902175186705727
0.05860297675841889
0.05829228790641902
0.05796980863056449
0.057691312313568985
0.05745239107788597
0.05719645864463965
0.05698112528539326
0.05681298520890425
0.05658228298035024
0.056297421850684204
0.05604813582885379
0.05578647195886356
0.05548284336486381
0.055142582165195624
0.05484185923142958
0.05448306805526128
0.05410667591984022
0.05370152317591956
0.053289605984527595
0.05288656651390035
0.05249715643293496
0.05224602124942873
0.051841292241227896
0.051497839882949384
0.05116905573004976
0.05081655853190351
0.05050069015036551
0.0501598522736203
0.04975935976021456
0.04931980009531554
0.048864938285149234
0.04838013790555528
0.0478491357378544
0.04729379520616346
0.04674598597927866
0.046105020759949905
0.04553673520694981
0.045096848377864526
0.04437077496139737
0.043984703307463194
0.04357489186376928
0.04319468559195205
0.04236164051919677
0.041973766019275556
0.04161649797205692
0.041358662078532345
0.041058784823283706
0.040915214487826854
0.040912256812796005
0.04086243677533914
0.04097717569211851
0.04117591889071303
0.041534432250308256
0.04205543217446204
0.04287767775951587
0.04405067702405631
0.045650206195365806
0.04772341399962047
0.05053394098669935
0.05381116394070302
0.057643511564795
0.06156084529572516
0.0650177970044093
0.06868003994224753
0.07161334864553796
0.07385284922030959
0.07539499620722856
0.0763329129901357
0.07682499836258369
0.07698151234712663
0.0766905283859213
0.07610701544659083
0.07564733681166132
0.07534978879289062
0.07490958781641753
0.0744875361898714
0.07409074031405852
0.07368145289958217
0.07344888968714482
0.07298815539661568
0.07239336527399509
0.07179756616287326
0.07126499034649046
0.07078446191634266
0.0702591227048276
0.0697212265550484
0.06918594586962049
0.06869090005404167
0.06822012034936395
0.06774553024565748
0.06722400710416347
0.06676342996789461
0.06639882218672621
0.06602899999018026
0.06562171441157451
0.06533997225960464
0.06497398680535528
0.06459541400161925
0.06418384737344775
0.06378320053333483
0.06342331971717728
0.06304723829699306
0.06266540971604567
0.0622728612696866
0.06196679068580914
0.06165841163733108
0.06136760190501425
0.06101202773408518
0.060624379955999605
0.06035163753556686
0.06007163628311322
0.059753895613926473
0.059476136395164816
0.05921179412246845
0.058936297864424426
0.058612201025517306
0.058323850816949074
0.058062769018184184
0.05770188200411924
0.057332474040596965
0.05706039111172323
0.05685380924028613
0.056640608677892945
0.056410187710322295
0.05619349083616379
0.05602973366347217
0.055894838070260314
0.05578572103545189
0.05563698947531787
0.055408465016121816
0.0551670681644863
0.05492539538941515
0.054683107182458474
0.054397317022023585
0.05408519904526839
0.05374128163323689
0.05339800719956997
0.05302389421649914
0.052646926023764584
0.052279178186204145
0.051896714100265987
0.05160511628662414
0.051192075740143825
0.05084488038893068
0.05049015351467074
0.05013964357746598
0.04978297423865829
0.04941267012568983
0.04902531995194807
0.04859984248055882
0.048152856107829746
0.04769652667257316
0.04718914293278936
0.04662836333409273
0.046109236024732554
0.04548945734502012
0.04490701710005483
0.044528811218357715
0.043840026917310246
0.043463570578248026
0.04310874006094255
0.0427663118347478
0.041869860614260734
0.041476701060413984
0.04113189842974198
0.04092851816852676
0.04063384689072564
0.040513248100169715
0.040517078081509145
0.04046693233078843
0.0405096048789519
0.040620810024051004
0.040853014935540534
0.041237427893908316
0.041736570209898544
0.0424736019885732
0.043571787346368906
0.044931136205440245
0.04681732938431872
0.04906624280988228
0.05189150607734751
0.05489592560597535
0.05772356490092535
0.06081807674196136
0.06368777411554799
0.06601727109638258
0.06789242106268395
0.06904745282972694
0.06965993864429104
0.06976055111212828
0.06944822188132396
0.06894297758109344
0.0685979460239875
0.06837833978846643
0.06820212977658882
0.0679318307292198
0.06773402491886393
0.06742686075347396
0.06733018400673214
0.0671002762628221
0.06670990494326849
0.06630973628728658
0.06586674123313299
0.06545266086077978
0.06504831277933273
0.06460065829489159
0.06416319347161323
0.0638063388613669
0.06349110673874615
0.06314695865268494
0.06274044363864961
0.062335440413314236
0.06204935933901669
0.06180281036144119
0.061547791208930884
0.06138191994845514
0.061069535667386154
0.06076392294580668
0.060438185655782364
0.06017345371351663
0.05992486913949622
0.05962855365705089
0.05935027120705678
0.05901291478039841
0.058747363604172056
0.05855911456220071
0.05833180097557591
0.058056495722181606
0.05774806128611064
0.057536528488116793
0.05731465398923737
0.05714632236213499
0.05693807003830046
0.05675064881151257
0.056576573686395834
0.056379115446901606
0.056192472379786335
0.0560101168270082
0.055768700471372695
0.05554239877208889
0.05536223028487382
0.05523789281171139
0.055117944943788605
0.05496025676114618
0.05479962508025438
0.05472876085601359
0.05464797404091781
0.05450007953458902
0.05435595259273346
0.05417841010766204
0.05396371249509137
0.05376226172661666
0.0535811286356115
0.053386744748003506
0.05317353936100367
0.05291539902593509
0.0526302163265779
0.05228137005255663
0.0519437451637339
0.05157218577440723
0.05120823810135789
0.050900058374744594
0.05051100282608374
0.05013146504170171
0.04974218349546014
0.0493994373573305
0.049026984701951756
0.048646265088912025
0.04825472848646492
0.047868054446264324
0.047433951902009046
0.04695830286389561
0.046451657795823054
0.04591900456825603
0.045361673584989645
0.04480065006032976
0.044204149545571614
0.04386937368177292
0.04324451115904862
0.04288343448292009
0.042571036747471286
0.04226829048080533
0.04133195991409878
0.04096300589880912
0.04063698356603925
0.040454795200139136
0.04017883125404615
0.0400620817498195
0.04005446081114863
0.04005512951322874
0.040049532259471665
0.04010015603394507
0.04021408303504699
0.04045602906269505
0.04080143834117669
0.04124770002080287
0.041892919674635896
0.042787506067836205
0.043984631343803
0.04552480998955533
0.047318479472558246
0.04955657788192087
0.05172923299047348
0.0539383326513715
0.056429131305037336
0.0584874530882955
0.06006443114555921
0.061164635447555175
0.061764628774613736
0.0619023631682853
0.06185781400392448
0.061650352751354665
0.061648465901230715
0.061560390026386705
0.06148657610587364
0.06140039631272187
0.06130272629949628
0.061158702084549696
0.061133042154532
0.06101710925136893
0.06077948383139184
0.06052101205461799
0.060199691387411006
0.05990362855868017
0.05958196635782254
0.059217812469505166
0.05882656407432548
0.05859592686414373
0.05845062012612379
0.058297044787371424
0.05811895950525988
0.05786400624322819
0.057650751948992975
0.05743689717633388
0.0572512511038914
0.05710410960950756
0.05696464918088027
0.05680104371950437
0.05661533467455268
0.056415940030297915
0.05622446206704476
0.05607552486302712
0.05587706090015918
0.0556848936184767
0.05547200551366774
0.055329770090117796
0.05519504567448773
0.05503075776339377
0.054842597837434295
0.05470409949877125
0.0545598968415672
0.054484388275459136
0.054391763420964544
0.05427095718870972
0.05414694150082721
0.05405081847657101
0.053952215057735856
0.05380513625435293
0.05359324810753695
0.053436297754958346
0.05330911958118337
0.05321044233891954
0.05316576445777233
0.05312352531603297
0.05304059416235349
0.05297505412741315
0.05300337804586052
0.05296066050843918
0.05292230914143334
0.052827133267771054
0.05269768857605203
0.052544229407695986
0.05239770603093523
0.05220727565627525
0.05202758151237968
0.05187261942039253
0.05164247152849748
0.051359614460984075
0.05107791184409003
0.05076649802023414
0.050418729309455845
0.05006949310431874
0.04969918500814395
0.04932065274642525
0.04893447930681301
0.04855501120278566
0.04816034493174377
0.04779826934420672
0.047407362792967894
0.04700415420597506
0.04656623810831086
0.04610956989296668
0.04563548400105205
0.04510923029200835
0.04454405144154832
0.044049619355683606
0.04345595372471404
0.04310159747298979
0.042587032341565176
0.04222148221129027
0.04196281600039051
0.04169774593336549
0.04072053787281425
0.04040717224485405
0.04011466075187385
0.03993881752337558
0.03968031618898085
0.03959758551677403
0.039552212736312486
0.03956388614396749
0.0395735222934552
0.03959087076880548
0.039660108615797815
0.03977171288291078
0.039930341515668884
0.04023772420222957
0.040581890066263934
0.04111689682996188
0.04178351048929649
0.042742012029974
0.04393829602304837
0.045290749874636306
0.046942866490070664
0.048488541698047685
0.05008952978575769
0.05154794306679593
0.05265759186605967
0.05375748429451417
0.05440503234852262
0.05484616493094674
0.054914009873667076
0.05497276377507011
0.054985287689695905
0.05500153047860297
0.05506347770942057
0.05516814188050042
0.0551924967783198
0.055180720119129265
0.055207217686302504
0.05516241635508101
0.055052089948424345
0.05487400471125217
0.05470894961839194
0.054543051489624066
0.054341098793141876
0.05406881412365444
0.053724527242347456
0.05354455365942081
0.05349713599467616
0.05346669418629477
0.053404622221829
0.053290342237475724
0.05318231486650197
0.05307251599180628
0.052940124720149064
0.05280025505760193
0.052743165369603905
0.05269484101699302
0.05260017977419468
0.052497285273599106
0.052375872620856016
0.052303738633792084
0.052199099731819104
0.05207397244941342
0.05197179143825349
0.05191169360066162
0.05185819360959785
0.05182235038536756
0.051782985440924155
0.05175617215704186
0.0516721020874228
0.05164149589257592
0.051628018568843345
0.05159509302448173
0.05152071448909568
0.05148104882847557
0.051457024508294535
0.05137712481259803
0.05122252657990186
0.051130693396314646
0.05108240613931014
0.05107539767396316
0.05111062697807113
0.051170620552453104
0.05117604783069943
0.05116372634020411
0.05119512875422651
0.05121135869754261
0.051232121719363144
0.051217373840276914
0.05117861418749169
0.05112053356972732
0.05104382652057219
0.05093816586864362
0.05081190331282753
0.050647273410371604
0.050470160105874816
0.05023487689389902
0.04998895081527221
0.04972086264089091
0.04942967177083932
0.04908256338095671
0.04869158518811365
0.04828492449236169
0.047888963452634124
0.04748525361248014
0.047132665304946794
0.04678514045865727
0.046404048261215324
0.04599480723612005
0.045598474353455376
0.04515880395613965
0.044684620631839686
0.04418853919840128
0.04364720949255825
0.043207372917158975
0.04265676392822221
0.0422691802553698
0.04185914746314491
0.04150512637970265
0.04127767857938363
0.04104624172588544
0.04002294491075985
0.03975822693460093
0.03951309142489726
0.039360795336807496
0.039120573777791705
0.03906283248591297
0.0390209195004889
0.03901777008403006
0.03905091010881888
0.03905759533786605
0.039108940949462344
0.03914566956558831
0.03921000955484021
0.039347769307880774
0.03951714550308337
0.03980192771001802
0.04016402778859171
0.040651882265694175
0.04141425495721808
0.04215949099096619
0.04295229267136949
0.04383360455159764
0.044957516584083056
0.046005719461756564
0.04699097448295138
0.04778086752069913
0.048392783791968624
0.04870626342578702
0.0489719196525056
0.049086431910216284
0.04912315427624617
0.049249003549489065
0.04933487958297757
0.04939126654095739
0.04952958693245143
0.049613623965811426
0.04964318261096616
0.04972287140973007
0.049714247997453456
0.04964788400952601
0.04956297658158772
0.049477678145289486
0.049374479781420504
0.049253530975799806
0.049058021682963956
0.048904637947404295
0.048823128245048475
0.04878074595517431
0.048762235024063176
0.04874908551196393
0.048732161070110774
0.048698384666493864
0.04867358234643768
0.04862090591725565
0.048580105837559236
0.048565506107407855
0.04854347535533017
0.048543014722911074
0.04851531096812904
0.04852590968040872
0.04851575818107657
0.048484591490470394
0.048452255068490054
0.048461840089874406
0.04845435085356773
0.04845448082968436
0.04848845236315316
0.04857178211374043
0.04862021105686768
0.04865679991261315
0.04873230789074502
0.04881020031437721
0.04881775804492464
0.048815175131950196
0.04883111652795864
0.04880765602749797
0.04874288675024763
0.048757697937798494
0.04880986145370709
0.0488482361964764
0.048908261148436244
0.04900124575927033
0.04912148514514511
0.049234735464839474
0.049290571264315935
0.04931633978486282
0.04935993016540214
0.04939337329228088
0.049418779794620143
0.049436233527067164
0.04943195965161803
0.04942248253310619
0.049384860105741155
0.04926911169677636
0.04908762046561102
0.04888989352175438
0.048670949360298386
0.04843233931942518
0.04817117725052879
0.04785876770145219
0.0475181439746597
0.047134076081267656
0.04671843579581719
0.046302196933552135
0.04593744446725457
0.045566572479770306
0.04523642194167358
0.04486463599104061
0.044497650286972175
0.04407294209687587
0.04362866003103005
0.04319581413257145
0.042703085283464406
0.04225733013536906
0.04176712109521721
0.041385825869829515
0.04105557031603709
0.04072292041873351
0.040523102947275944
0.04033561939673215
0.03926753520090613
0.03904341733263991
0.038835520464036634
0.038720566373214506
0.03851033871009205
0.03845277601950563
0.038399891638517855
0.038430792010455114
0.038437340494942115
0.038470554422556126
0.03849132462562034
0.03850573533844662
0.03853125505021367
0.038537222009653226
0.03859619014513034
0.03870930367694573
0.038936877176831405
0.039041853574693475
0.03921427693963134
0.039463604068787295
0.03995066329165355
0.040469256639881275
0.041200480406203846
0.04188192501206242
0.04257629995486877
0.04316337428491138
0.04356058090506749
0.043850709999958715
0.043954217500609835
0.04413679366111049
0.04423300016214032
0.04428674456444065
0.044429420892798645
0.04449872741263373
0.044545340754588936
0.04460367515796763
0.04469377736886568
0.04481131285256029
0.044846971290395395
0.04484442953809484
0.04481968523883614
0.04479442625948257
0.04475242739893849
0.044716846176400565
0.04461149653895229
0.044520482829467786
0.04449777094549443
0.044481460220347435
0.0444911842246435
0.044506340021148075
0.04451233729009109
0.04454315931027307
0.044566376518422934
0.044570703947499596
0.044616317622962434
0.044683011961028404
0.04473466425648302
0.044801768305281243
0.04483113068777662
0.04488638747661691
0.04494415695187322
0.044997245145705994
0.045041672587742033
0.045091461754555404
0.04513480923368477
0.045195914541481315
0.045272411927209905
0.04537294498846873
0.04546633822557451
0.045567571062536165
0.04570574130735749
0.04585647981272542
0.045981438634910644
0.046071785264527716
0.046161211058204324
0.04619265145107865
0.04618352534392849
0.046227036755345646
0.046333237546074796
0.0464125154291625
0.046462373895203114
0.04652966801573937
0.046673702393963
0.04684845394033364
0.04698709560787392
0.0471448078938084
0.04726065727344331
0.04736138109080095
0.04746149010616238
0.04752560688439289
0.04757631633401598
0.04763016793878874
0.047664784272251216
0.04762836924681227
0.04752287760304996
0.04736475894302529
0.04717512665951457
0.0469557637825257
0.04674729593282464
0.046481609285665595
0.04617033617887713
0.045835484042139996
0.04547296361056555
0.04507278655043447
0.04466094859485295
0.044271410868734845
0.043946242122654695
0.04358755622743849
0.043260429653185176
0.04290226913028978
0.042508610331265136
0.04210794951929769
0.04166090868142001
0.04123559313440981
0.040811663073500835
0.04043957424872414
0.040184327335360384
0.0398902407726636
0.039705892583764946
0.03955505269847139
0.03844037555950611
0.038257482088677464
0.038098019509019324
0.03800348273846642
0.03784412438045342
0.03778670277381223
0.03773580618161961
0.037757869347747164
0.03778536021253458
0.03781373123013128
0.0378342351495898
0.03783215590104501
0.037810043639971425
0.03781850493344798
0.03783902302468943
0.03771059998841574
0.03754393154349161
0.03744176686422587
0.03747483675352741
0.03760475207942547
0.03779916925432213
0.038059526699317135
0.03844948109829381
0.03882345500108632
0.03919965918353534
0.039513206368579995
0.039786449676172016
0.039938338733425616
0.040075088686340424
0.040062511822273376
0.04016142598031952
0.04024052652850281
0.040251518950896424
0.04034462808832857
0.04040188610362181
0.040426524849619255
0.04047636449008706
0.04061803849200739
0.04068348784709144
0.040696285326993764
0.04069806148060672
0.040704414066904206
0.040697164501215334
0.04069375688958543
0.040653441532797284
0.04059956187002385
0.040584654559995936
0.040580100347334606
0.04060469043688717
0.04066899106344994
0.040729023637807005
0.04080128866146583
0.04089439222097038
0.04095214257653766
0.04102122822002397
0.0411095643510916
0.04119399656122867
0.041317416803296085
0.04141736916103016
0.04153077373931616
0.041638421855498445
0.04172568299597074
0.04182096033500707
0.0418870586624565
0.04196407250364659
0.042054629378353116
0.042173003512919645
0.042322698183030694
0.0424753710797824
0.0426180315847956
0.04275914304460128
0.04293643161601886
0.043123424213935994
0.043253181150022746
0.04336121813209408
0.043451033668623545
0.043554059204218926
0.04365841152768247
0.0437702537406565
0.04387178674258779
0.04395842611807475
0.04406416038254716
0.04420221292870828
0.04443745261525296
0.04458693573672745
0.0447914526044505
0.04498307714878775
0.04514773022024779
0.045308437350276856
0.04542032668879653
0.04550796537809331
0.04560261139210076
0.04568893604768145
0.04571675925385399
0.04566902041598131
0.045585803566016596
0.04542790197725084
0.04524702287470637
0.045078405756692516
0.04485120899786545
0.04461130069050412
0.04431863023494528
0.04400236076070135
0.0436696282425435
0.04331026361111556
0.04294042455138555
0.04258623291779605
0.042285656690191735
0.041954124042521516
0.041637226707500835
0.041281460939095474
0.040893679842538805
0.040509434471166506
0.04013652326765102
0.039827116980656545
0.03947961696765808
0.03925034083920433
0.039013383771335806
0.03885255439550375
0.03871752300148469
0.03757135171014793
0.03741453172480629
0.037281871529808934
0.03720417667893819
0.03710202576419126
0.037067180256700215
0.03702395973764873
0.037035349882819174
0.03708058451759145
0.03711994001359147
0.037143780227930315
0.03716462036545927
0.03717855724583936
0.03707494899474559
0.0368356145434012
0.036609168378437945
0.036432132181395495
0.0362856427005486
0.03619990423110124
0.03617158259219783
0.036208641794199595
0.03625660970538361
0.03635616018819631
0.03653655767293841
0.03667414684223153
0.036826775001111374
0.03689993251081077
0.03695907438313876
0.036968733090878544
0.03699542314002599
0.036949383040762625
0.037030563410550846
0.0370558734813051
0.03705241101574706
0.037103907011082814
0.03712395074189521
0.03712435044921618
0.037241855130406856
0.03732071118107131
0.03732728907036691
0.03729424510049921
0.03732297882062083
0.03736991652180795
0.03736637113895525
0.03733173953686372
0.0372874479684133
0.03730096742338362
0.03733204300952615
0.037368186352269385
0.03744038373703987
0.03748450543478654
0.03754842036935046
0.03762670872851777
0.037735406002240346
0.037813443840262924
0.0379060668358612
0.037996095243015025
0.03811043883300253
0.03824659885145384
0.03837822406091095
0.03852297105130826
0.03867401409610804
0.03882180207260849
0.038956045649561975
0.03906655473478632
0.039175428801295376
0.039305815876434065
0.03944510008235466
0.039563799428196295
0.039716491124759924
0.039883182207570304
0.04002250917037267
0.040191751631799465
0.040406063390503004
0.040577255994164646
0.04064740764736269
0.04076251194571673
0.04092033952648569
0.04111019400412531
0.041293707400288884
0.041449400702136104
0.0416176214326352
0.04180848474606236
0.04202412139422617
0.042212051297694064
0.042418611464806875
0.042628774689115016
0.04281096808940364
0.042959124844550015
0.04311292447710132
0.043230580457731996
0.04335171746753414
0.04345948775815514
0.04353560939533533
0.04354214583292557
0.0435043350111396
0.04342054849469477
0.04329431808039942
0.04317329353577753
0.04296754077296963
0.04276738064806632
0.04255048427577374
0.042313096235527946
0.04205670232237806
0.04178711206158884
0.04150633651946909
0.04119794129078128
0.04087339103708153
0.04055371559340798
0.040277012864703685
0.03996123437624741
0.039637095106833706
0.03934698680232686
0.03901725967834964
0.038776631018212486
0.038489221251148106
0.038309554371977486
0.038105888471507234
0.03795796570198675
0.037852030995076086
0.03669466221693843
0.03656176360800442
0.03643783545131314
0.03634924423514299
0.036288370158391245
0.03626034650308566
0.036258209559350316
0.036278965886306455
0.03632586675826627
0.03636932517031004
0.036449339864343705
0.03648826146297397
0.036369882626947965
0.03614702211008924
0.03594982420095641
0.03574115107386774
0.035556150074645215
0.03538437082753185
0.03521722753946746
0.03507229246857125
0.03498245246768775
0.03491533444958661
0.03484653345194964
0.03486924470149495
0.03484949356421899
0.03481936715446718
0.03478808418066593
0.03473590262276422
0.03462888338554121
0.03458846045138122
0.03452700361293129
0.0344884409426541
0.03450991531932647
0.03449687501165283
0.0345024394887698
0.03451850238726373
0.03449542911087193
0.034526957275368836
0.03459662760285119
0.03459997376725622
0.034539269039168374
0.034507332931795386
0.03449602730511414
0.034496581163903764
0.03448707308403183
0.034446973493068585
0.03445459904052987
0.03449771408042902
0.03455062557004122
0.03461152574398187
0.034686224788056816
0.03475004244884099
0.034799848155908676
0.03486409026958509
0.034936499711506176
0.035015859193814385
0.03509953131944271
0.035197352274931856
0.03532276235897475
0.035449034311021255
0.03556645705737359
0.035726076056637496
0.03589117300148573
0.036050210452905566
0.03619326328646053
0.03629872355791718
0.03643355660935205
0.03657576199042837
0.03669079387338271
0.03682213202313095
0.03697523838618137
0.03712269940586736
0.0372690646519193
0.037448126841065243
0.037640782682246916
0.03780081005173386
0.03795355192047732
0.03812931427282942
0.03832937856061344
0.03853997407805875
0.03871569160712217
0.03890683806392123
0.03912262398896407
0.03936826393724325
0.039620734326107306
0.03987476782192026
0.04010877288923828
0.04031420208171957
0.04050431354034492
0.04067130754058992
0.040833307995291473
0.04099859574514832
0.041134944070640014
0.041224926983593646
0.041261323254932834
0.04125858939604424
0.041208634598883694
0.04113231290686617
0.041055694889958486
0.040941132915146866
0.0408105854414732
0.04065449937185381
0.040486950582005105
0.040300570811480245
0.0401053664399907
0.03989677209467152
0.039671831123863896
0.039432646396288545
0.03913252280657764
0.03884417000112195
0.0386208961769039
0.03833887381649767
0.03811587247565368
0.03787782926287245
0.03769305686254958
0.03748297014893358
0.03732279892565156
0.037170445653110715
0.037046014122588844
0.03696357107780579
0.03575534104074366
0.03565120749796746
0.03556281120785293
0.035467396688166244
0.03540555330080915
0.03537806506771825
0.03540872785243468
0.03545802723959235
0.03550481661952412
0.035619084135682655
0.03567524255481455
0.03552238104189382
0.03538403057180958
0.035237635541937234
0.03509082008925952
0.03491386963620242
0.03472776573817629
0.03453482090309598
0.034349364319796474
0.03416202680961742
0.03399121167902764
0.0338587587097804
0.03368124511277902
0.03359353240265633
0.0334890912039596
0.0333656202187336
0.03325271848655981
0.03310554821312568
0.03296029142312054
0.03282058661656155
0.03271858511481803
0.032594195702444
0.03253727998429336
0.03248841139287952
0.03242081366136085
0.03241455006233791
0.032384218950742734
0.03235238446637066
0.032395439270577794
0.03238502258798069
0.03229125898326431
0.032205534374888115
0.03216175870871161
0.032129322411767275
0.0320997851800452
0.03203184747665322
0.03200007077844573
0.032011826600717636
0.03204102696263022
0.032093248581881145
0.032148293822404146
0.03221564883904936
0.032275589456888375
0.032322431109535275
0.0323712082745518
0.03242384439532079
0.03248901189876618
0.03257316468411622
0.03266749103010668
0.03277937458613653
0.03288614543808801
0.03298417517284568
0.03310049279742598
0.0332344395832198
0.0333866570804919
0.033526730495532966
0.03364589590253047
0.03378742688115964
0.03392592080920302
0.03404272771302061
0.0341802789832516
0.03433449958119598
0.03447042898399669
0.034611523743587336
0.034752383025546986
0.034901788570518476
0.035084631893565296
0.03528287393145049
0.035493382455777996
0.03569984721863142
0.03588883235008606
0.03609330699423936
0.03630325217806394
0.03656754209672183
0.036845609847318855
0.03713386257774419
0.03741018604392664
0.03767182334783945
0.037916207298966664
0.038147610311464936
0.03836068034805301
0.03856870859742285
0.03874619575122982
0.03886731724214312
0.03895514612348104
0.0389995884209104
0.039001468652410845
0.03899290336953658
0.03894712395001726
0.0388792978954102
0.038791439837585664
0.03868707701982999
0.03859160518038717
0.038479131758330044
0.03834040963388457
0.0381909434318555
0.03801925207881102
0.03784314673276509
0.03766030263070685
0.03743263168740414
0.037166233568335066
0.03696376914799676
0.03678903224790653
0.036626205916599264
0.036504789470771536
0.03637484610270601
0.036253593511607604
0.03613404134669797
0.036057861947043704
0.036019145201999454
0.03472367721750192
0.034646864547373854
0.03458197421510343
0.03453379834778755
0.034463142092524525
0.03442190518326277
0.034446280580725186
0.034530407069623716
0.03467113647206005
0.034690697437845426
0.03461600624274545
0.03452904416445576
0.03440984181246631
0.034253463629829416
0.03409915914298109
0.033928463403877215
0.03375172180239323
0.033553446776533456
0.033359572848534615
0.03315656149285068
0.03295671072627387
0.032789441683961924
0.032590789661502736
0.032465526211488314
0.03231731285189246
0.032147941171583455
0.0319649989710024
0.03177870200803058
0.03160253363490272
0.03141623561903764
0.03126088461070113
0.031109208462001228
0.030969166714144895
0.030877658381684693
0.030779529544250627
0.030696878998009516
0.030638205938130898
0.030566428990068825
0.03057966910963648
0.030563673561335554
0.030474973702247343
0.030347641297034524
0.030264415769616075
0.030213030731373547
0.030185415467952573
0.030147239699429874
0.030099816692090827
0.030078749077512755
0.030069506823840148
0.030075443149444395
0.030095972859428718
0.030119231717434983
0.0301537996513471
0.030200384751330713
0.030249134265535403
0.03029025584093765
0.03032915846961622
0.03038287899198512
0.03044562996578873
0.03051485226407621
0.03058038602668599
0.030639684843570148
0.030729257658613854
0.030827217917301038
0.030930695055971288
0.03104351049856243
0.03117104018109767
0.031314755917560756
0.03144686806397301
0.03155939106581387
0.031683681060537865
0.03182760942676893
0.031963094563800025
0.03209968767079289
0.03221652776514308
0.032334080545449013
0.03248520506016153
0.03264466668028169
0.03280366914093208
0.032948979435260456
0.03310071325101127
0.03328362022705877
0.03355501624869407
0.03376812587630722
0.034058601803732894
0.034347052864037185
0.03462785912808118
0.03492261716325024
0.035188708618418316
0.03544460107121388
0.03568990566771677
0.03594488004605029
0.03618073510278587
0.03636208321171449
0.036485282998520885
0.03660444473416246
0.03668576767901642
0.036759996519888476
0.03676006277995628
0.03674865789637649
0.036719316891398276
0.03666196059407673
0.03659052139562467
0.036520975979914806
0.03646955068848508
0.03639296968981072
0.03629283931807078
0.03618294668017491
0.03606404999447455
0.03594723300749473
0.03579016625652309
0.035558743582683947
0.035393865816967504
0.03529426057956411
0.0351965324096169
0.03517360766108562
0.035075772319738574
0.03498689847212713
0.03494827751273341
0.034947399873622643
0.03358864155312711
0.0335401144277794
0.0334941650166307
0.03346420949316915
0.03340894073621417
0.03341578465349149
0.03342628138921258
0.03356150803160613
0.03357807763942248
0.03354593799547686
0.033495102892602324
0.03342448845864721
0.03332450246230864
0.03317286085711241
0.03300460971411316
0.032827805755875676
0.03265164667829806
0.03246785271491208
0.03227481136270252
0.0320717968428665
0.03185763654546311
0.031663025075010696
0.03145812860950146
0.03130195595603769
0.03113043588068827
0.030960326971048488
0.030770441561110518
0.030549873957735858
0.030349600295755015
0.030158141725794896
0.0299653830956857
0.029805334782081964
0.029662004533835006
0.02950773342808342
0.02940438205162421
0.029306248771814848
0.029211224800802234
0.029112948552456386
0.02909108983115696
0.02905057067315421
0.02895862943550545
0.028809083235332454
0.028696307591338906
0.0286016933668927
0.028524261679716233
0.028459897136997453
0.028395496172413402
0.028352788268896117
0.02832717758533716
0.028312049290291328
0.02831620802475701
0.02833063731985819
0.028343306152192833
0.028362869292006557
0.02839561953245498
0.028436418647797834
0.028472576578866066
0.028492155697371714
0.028509932788403008
0.02853926529187634
0.02857704707342885
0.028610106432999237
0.028647072457357137
0.02869709916155918
0.028763961805343838
0.028836393753724585
0.028923271621452418
0.02903110514417593
0.02915897695022924
0.029278813460326233
0.029394144029317382
0.02950540905321114
0.02961937386247071
0.029742039766152098
0.02985421911865089
0.029971875803691803
0.030107523776575724
0.03026590887414712
0.030429978713920024
0.030542241527541758
0.030652326771261937
0.030808305116729565
0.03100622250376553
0.031167480647703298
0.031374418062712704
0.031620438171316864
0.03188606447075652
0.03215147698625966
0.032423989129195065
0.03267928032935921
0.03294231965390634
0.03319950923526457
0.03343786398890441
0.033661553715889476
0.03386869125413106
0.03402968743319729
0.034160053890288776
0.03430504370770233
0.03438970025522188
0.03446518126511147
0.034543743244108756
0.03458182662443116
0.03459272816607668
0.03457462422822416
0.034539766953121456
0.034512279933454716
0.034489882056495426
0.03445363556432382
0.03438987387910458
0.034318521323459604
0.03423892575357933
0.03416308770687356
0.03400865784358994
0.0339169988241227
0.033853036838678414
0.033882557891612
0.03383376359711232
0.033757660601719724
0.03374388143865289
0.03377029282935075
0.032393514513337614
0.03236876962068107
0.032335446627130546
0.032318504714331654
0.032251101048767904
0.032307144504659054
0.03238111075165356
0.032346488768990975
0.03235243178588884
0.03233300804323601
0.03228363842797006
0.03219444592755001
0.032077574247196046
0.03193616205769333
0.03178443965343403
0.03160973745982255
0.03142315171731133
0.0312199221039421
0.031024836226194716
0.030832728750552405
0.03062505063413369
0.03041875376644547
0.030216865495094083
0.030022429303363962
0.0298563108000421
0.029671626692239855
0.02949155680852502
0.029300831963331733
0.029094996499754788
0.028911740256003456
0.028725906206702862
0.02854219717014283
0.0283999545163029
0.02825294914813093
0.028112095034298318
0.02800314437890599
0.027895802759543606
0.027795761966320894
0.027735989960232483
0.027690750796868
0.02759306171633518
0.02741187255185608
0.027258128349137385
0.02713754823557251
0.02702956535685115
0.026930657449198536
0.026838090047733753
0.026772241869983664
0.026719474892434713
0.026679792242416907
0.02665249290132138
0.026640987321319136
0.026634717771803946
0.026623543322403655
0.02662588352402308
0.026637116757745362
0.026650504823986898
0.026670683899104954
0.026686017061526103
0.026696656383026325
0.02670709465726082
0.02672873280376053
0.02675167027511575
0.026768539577720806
0.026797163575858103
0.026831916971272
0.026872576412373107
0.02692764387144449
0.026996461281645352
0.02708324447552006
0.027166611495731505
0.027259895716268395
0.02735782538796004
0.027461615383945374
0.027567206579603903
0.027681745375134216
0.02780766387520229
0.02794372885033017
0.02808499407458883
0.028188487706441483
0.02830836134742292
0.02843486926617873
0.0285741272094147
0.02874875386340756
0.028927021503523644
0.029101020332287376
0.029272444116557765
0.029467762312649623
0.029697284852421423
0.029936455529363692
0.030175975388066694
0.03043121133939699
0.030681582700231583
0.03092008356453773
0.031156298476704543
0.03137433033327318
0.031578670159388166
0.03176767552103553
0.03192375198906825
0.03207417882434013
0.032191034059235436
0.0322871192144097
0.03237464644620819
0.03246574602194927
0.03253241111654234
0.03259007412824001
0.032623282034804135
0.03265258929046744
0.03267493842927322
0.03267682223840894
0.03265648080987666
0.03263916932469807
0.032600235303193545
0.03256793805774024
0.032476795687800625
0.03251516635907776
0.03251144736674201
0.03245538611060028
0.032462757612057705
0.03252090397726185
0.031146840810550334
0.031174911406074993
0.031178632276368107
0.031212684501245935
0.031177643165913194
0.03115657387046545
0.0310926453080091
0.031067197853022165
0.03103781924492553
0.03098317047343993
0.030907752066534754
0.03080918555124111
0.030688965464498418
0.030538189694563234
0.03037679070310333
0.030203379779642783
0.030032825277747408
0.029845516836757093
0.029642590612173676
0.029442408323239907
0.029248495740851692
0.02905589630231649
0.028876981684474293
0.0286725357474113
0.028527121044725788
0.028352553562563568
0.02816594480974243
0.027997667000998004
0.027802443852984086
0.027613168902772475
0.027445291881421446
0.02725880639253514
0.027092342250657132
0.026950832362944044
0.02680412311274496
0.026663101242859415
0.026533419192425706
0.026411320858903777
0.026315397305890418
0.026274076049728333
0.026195080371865808
0.026034697934503095
0.025874043464805815
0.025756351004670743
0.02565048346954687
0.025552159843398037
0.025455692674140523
0.025365273261548405
0.0252859497885111
0.025214161644106177
0.02514956866231565
0.02509189507221051
0.02504621153836189
0.025010237051995825
0.024980569431633286
0.02496216252274261
0.02495326662355386
0.02495550784953383
0.024954398645051525
0.02495123146195166
0.02494602665651163
0.024947074438137908
0.0249603841849379
0.02497745050281766
0.024987724667429254
0.025002739403879343
0.025015054292044488
0.02503458862649507
0.0250627219805495
0.02509780135443984
0.025150285954633846
0.025213049256717024
0.025284785345746245
0.0253603380419045
0.02543445345039579
0.025519725488777803
0.025613210117667196
0.025712773556427117
0.025806330505003076
0.025885973976245102
0.025992442933490786
0.026107104008883514
0.026251804786745
0.02640187553712678
0.026551691634114128
0.026703343992038095
0.0268701751604249
0.027025168964420282
0.02718896500696886
0.027387027097261207
0.02758282892137884
0.027782375018585246
0.02799283839514543
0.028196712023680327
0.02841938352928363
0.02863436652831077
0.028875068674115656
0.029103043390214575
0.02930682834148068
0.02951670282514115
0.029718734128634624
0.02990259041014727
0.03007722469989871
0.030245188768506574
0.030386726378631573
0.03051040637141942
0.030629992287230134
0.030732879318017187
0.03083247558269006
0.030906750716102712
0.030971081509955905
0.031039283501955728
0.031056235317452434
0.03112124290618604
0.03112157457894927
0.03112494749793182
0.031130409941333172
0.031101915669767395
0.031105060092415343
0.0311660381378528
0.029889773048699286
0.029972492401157343
0.03003541944106125
0.03003734540735079
0.029962604148113182
0.029936851719914427
0.029867975237635725
0.02983052086743951
0.029792310693251396
0.02972550319605929
0.029638025353556915
0.02952846639928801
0.029417400611236787
0.029291745788802906
0.029149546919777048
0.028989983455816486
0.02881724856355671
0.02863752718953622
0.028450864304833286
0.028262134666764145
0.028063626535686954
0.02787852120463377
0.027714148859508778
0.027509216196238136
0.027366678799048583
0.027206850103786543
0.027030258115515755
0.026859788719600555
0.026699326453657406
0.026521996883689825
0.026366471671427555
0.026200473423997533
0.026017881724545604
0.025856781944740198
0.02570547316466039
0.025556717955824017
0.025447147927111745
0.02533960090488061
0.025245383994655046
0.025190333971088018
0.025108310250181762
0.024964463263312316
0.024791201068928133
0.024664170422088315
0.024558021553102532
0.024465033621415097
0.02437702589165713
0.024292401483152225
0.024212679866561466
0.02413577044429548
0.024060060565226134
0.02398690340777854
0.023918642058553152
0.023860155390798492
0.023814586931940093
0.02378081512901619
0.023755961917578203
0.023736567823994782
0.023725462904594055
0.023720102125129157
0.02370861047658526
0.023699443579993387
0.023694972271784073
0.023690861609156188
0.023689518777195915
0.023691250251320975
0.02370064856516475
0.023710825786394604
0.023724895091826764
0.023739409952765526
0.02376149557474204
0.02379832461548354
0.023844488533565335
0.023900470934351523
0.0239670850984723
0.024034980956564082
0.024104780862521068
0.02418837942513812
0.024255889204819792
0.024301039786009743
0.024375051151700345
0.02450238347092382
0.024649651403176293
0.024821938500200456
0.024965951656006798
0.02509320178500984
0.02522421902098336
0.025349600128651045
0.025491422172256563
0.025647584594906257
0.025806545174839855
0.02597628229817139
0.026151377633136106
0.026337674292305872
0.026526632479667772
0.026721141283723476
0.02694433360926461
0.027156578410649893
0.027366896463093766
0.027591022062531008
0.02780133286157251
0.028012020713438703
0.028217837434360092
0.028419711541579133
0.028609738811194236
0.028784436817112825
0.028940097253878472
0.029073026095501643
0.029203524700401468
0.029314489107797465
0.029421026195062372
0.02953391852225364
0.02961665099221313
0.029711247016669915
0.02975731106481708
0.029792041460455256
0.02983911346370794
0.02982435859474402
0.029820820212997323
0.029868679678147006
0.028611812139894343
0.028677010624334087
0.02874992653076596
0.028789042375616008
0.028747106187894056
0.028749274803811987
0.0287127691980435
0.02870184161018928
0.028673661096667427
0.02862156144650679
0.02856982281917197
0.02848266856080564
0.028377691694550646
0.02826617583676037
0.028140301385454043
0.02800527877238755
0.027855354806541978
0.027693501639813413
0.027525964355291352
0.027354846381391233
0.02717703859354198
0.026997596231778824
0.026842235759721784
0.026662080650554733
0.02652267892547882
0.026380545897159928
0.0262219727593209
0.026059138970750628
0.025898188099485447
0.025722348239286055
0.02554000850248068
0.02538010988597363
0.025215012334234867
0.02507420152854834
0.024962230470059868
0.024863375130990628
0.02478592997798503
0.024697633768333605
0.024580564462375238
0.024512019942101164
0.024419601413476197
0.02427605238098047
0.024094179777746097
0.023954108247093014
0.02383861155662914
0.023735476310222953
0.02364088555958915
0.0235538803432802
0.023473494348146936
0.023398871103934543
0.02332920195484641
0.02326185251470227
0.023195066815156824
0.02312750702942241
0.02306240728049418
0.023006136681366723
0.022961966137566136
0.02292808584557054
0.02290201700705881
0.0228838052125494
0.022875401888574072
0.022864997866853937
0.022854791266153036
0.022850675190552817
0.022843806673113656
0.022834762421976924
0.022827131561903594
0.0228287687767236
0.02283460351191423
0.02284672695498397
0.02286445712021906
0.022886097492581383
0.022920662826892903
0.022960993697443012
0.023018973449917712
0.02308343645328815
0.023147845365084564
0.023217495551442778
0.023259825271274
0.023291269123610642
0.02334914694266531
0.023476942267351
0.023582123812332653
0.023752659179093985
0.02391948959352882
0.024071932165836068
0.024195964976380012
0.02431462192122225
0.024443721658837875
0.024581008686709496
0.024717453287674877
0.02486289393749601
0.025019155315643242
0.025174640201325132
0.025351295439600963
0.02554785500214724
0.025745521266041176
0.025936502396025848
0.026128913778316394
0.02631840680444669
0.026497705373204082
0.02669378868691518
0.02688697560872117
0.027075426826071565
0.027274435613115492
0.027464745069860845
0.027632864467853666
0.02778045419676317
0.02790280120159072
0.02800256364735937
0.028104553543291836
0.028200061304981514
0.028285742845854528
0.028387370496308587
0.028455369986198895
0.028497023180927644
0.028545576116074563
0.028546119633315614
0.028551019110361793
0.028596409565592746
0.02738370680394022
0.027450582584236008
0.02753396502757741
0.027581445382375763
0.0275763370163534
0.027599466004871277
0.027559935999049563
0.027575706926428366
0.02757323243493605
0.027538509670090475
0.027491874836027157
0.02742148567870857
0.027337412250489274
0.027237913882404527
0.027126545745614825
0.027013698323372318
0.02689073059740709
0.026761499186250017
0.02661756198731948
0.02646312103109053
0.026299859849340697
0.02613881690176114
0.025987231799956132
0.025825507394721076
0.025695207465077398
0.025561431317931312
0.02541560645109815
0.025245540411549163
0.025077881984491603
0.024920754995861476
0.024761094458227266
0.0246278656255495
0.024521958938979942
0.02441527005927121
0.024317115943120183
0.024204426867104355
0.024101105524760025
0.023998874201111194
0.023871099878244047
0.023808042219900925
0.023721769421348297
0.023588134565366767
0.023404955957045285
0.023260905755883986
0.02313986665348214
0.023032423103101177
0.022934526396510304
0.02284568524336473
0.022763885342367268
0.022687953071159644
0.02261661113180733
0.02255009530714486
0.022488058185079245
0.022425500676066634
0.022360299310792142
0.02229893583101509
0.02224437706391684
0.02219622484565461
0.022152652044615397
0.02211398552919199
0.022091765633745087
0.02208209842764504
0.022070057800221383
0.022060728835952993
0.0220551620932034
0.022049780083151747
0.022035638558715397
0.022025917344442987
0.022029142506542667
0.022036747169477188
0.022047842577095904
0.022061648292284547
0.02208072155241189
0.022104948014420815
0.022141379616618627
0.022193513896362968
0.022245770875292788
0.02229827075478103
0.022323637528115076
0.02234673484122695
0.02241174714694663
0.022521834579970812
0.022594506839945357
0.022717831939838225
0.022865832169517885
0.023017654688968266
0.023154130751572
0.023284729959830348
0.023412791748519596
0.02354674240333425
0.02368881799877874
0.02384156867921324
0.023978516287209494
0.02410055390592713
0.024238867139957557
0.024408903747223255
0.02460347088159495
0.024793724230309667
0.024985588685007484
0.02516525411587307
0.02533794663541277
0.025503897141728737
0.025667964512429083
0.025838996417335478
0.026010626417899817
0.026192899433091138
0.026372754102847843
0.02653534417132893
0.026682488823377693
0.026805102140907637
0.026898703165720975
0.02700293392244957
0.02707565649568145
0.027156679326266375
0.02722021731662872
0.027256844148577833
0.027325866569062888
0.027330963499180558
0.02733396852481823
0.027363059473367198
0.026243318264859317
0.026292442837128817
0.026390924230757652
0.026431019533514413
0.026436423081501466
0.02649313647234846
0.026450682644996285
0.026455703270852032
0.02645992466555864
0.0264476036900432
0.02642026766590863
0.02637075118140756
0.026308450654032683
0.026229841600833668
0.026133304362479248
0.026038179332554662
0.0259314055101101
0.025823443772956423
0.025703901429706796
0.025576090251207672
0.025430276444898915
0.02528302508058914
0.025150577836738023
0.024999622810371352
0.024872548388186155
0.024735275079536993
0.024598922349161285
0.02445944639888328
0.0243187544699784
0.02420951970419074
0.02410282955966332
0.02398436442385588
0.023872834863589317
0.023753539902047895
0.02362864886351089
0.023511497692388268
0.023395025766160087
0.02330192916329086
0.02317481278750191
0.02310282896662543
0.02301517086536518
0.022896002491874262
0.02271777244520703
0.022574763930730275
0.02245798821407178
0.022352490271150667
0.022254823489007435
0.02216541450265465
0.022082817534750762
0.022005020635827304
0.02193113076262987
0.021860036145865704
0.021794985873176766
0.021735975300104817
0.021677008518008273
0.02161789909339302
0.02156323087602846
0.021513138384052086
0.021464918962569027
0.021417197844840374
0.021375022151019576
0.0213471284819138
0.021328360024852965
0.021313769749172165
0.02130379954123155
0.021299386661599952
0.021294511856859103
0.021281939879061174
0.021275577135913305
0.021275086159420017
0.021275832223528694
0.021278267713069298
0.021286673651678852
0.021303016631846715
0.021326158207347352
0.02136690102734577
0.02141163855554421
0.02144649748633288
0.021448508695837774
0.02147169874143664
0.02152735406046759
0.021604516279803598
0.02168676025264523
0.02179538015923401
0.02191139020862712
0.022040596374596582
0.022168368728097805
0.022291166287541207
0.022405088081958742
0.022506911386479582
0.022636625542242366
0.022786913711227905
0.02293821749009997
0.023085002061771935
0.023239543365370572
0.023363213288267837
0.023522322573887956
0.02369541321438338
0.023884996887313076
0.024065370857249663
0.024233044753887517
0.024400592488769766
0.024560130493177946
0.024712684811143068
0.024866494430655854
0.025020611936512834
0.025185258788170774
0.025350024068888012
0.02550736671413553
0.025638401309244753
0.025750822562517612
0.02585560541064902
0.0259436138007696
0.026021543291052274
0.026088124637942165
0.02609891882540287
0.026175360696342208
0.026190782050426173
0.02620234480034268
0.026223809021497548
0.025132387156481046
0.025192234225099506
0.025273300335440885
0.025325529264861618
0.02533625082882762
0.02539638978782732
0.025382303275898264
0.02538925297171956
0.025393180970307974
0.025392501840598086
0.025379424660290244
0.02534841463024628
0.025303864969024467
0.025251048136921313
0.02517496426951222
0.025091331585015454
0.024995097482538517
0.02489657684579553
0.024785200790424993
0.024673905493477324
0.024558603245401524
0.024424411359033785
0.024298627633292366
0.024164315261335403
0.02406099132188683
0.023957687318036366
0.023858032794346416
0.02377433172263339
0.023668588026827562
0.023554505924475215
0.023448381110802483
0.02331488676501172
0.023194608223309404
0.023075851523227203
0.022946985287912225
0.02282528889271447
0.022694677188401458
0.022593623561949175
0.022477480122449434
0.022400307358081704
0.02232306273988746
0.022220307391408074
0.022061516330458494
0.021921146661620552
0.021805491678471435
0.021703161693862934
0.021606054108481664
0.021511874398979947
0.021423799872558713
0.021342401395333072
0.021268242531079066
0.021198848646625103
0.021133163555855056
0.02107338797576521
0.021018365782004615
0.020961843297606107
0.020903809875300584
0.0208499868825057
0.020801046316690695
0.02075534227195707
0.020710796632248812
0.020670890971811406
0.02064102090789161
0.020620068738571185
0.020602472936321555
0.020590494644320667
0.020584046153342157
0.02057869264629747
0.020570450955551274
0.02056489740194929
0.020561160836307383
0.020556374557339448
0.020556119357027045
0.020566774405375448
0.020579609352815043
0.020597912870456897
0.020629068100437818
0.02065756499623802
0.020649682924401034
0.020666301334556887
0.02070692434897205
0.020750980464823078
0.020829753024518262
0.02092616938478952
0.021028209407535844
0.021138408490259105
0.021252464236181982
0.021371695380737563
0.021485009615295474
0.021580192217291495
0.021680909589505408
0.021796872482254696
0.021916572041641352
0.022062083187452872
0.022212327653131567
0.022340265837495
0.02250446450745104
0.022674875470205625
0.022843247725749076
0.023014201576071383
0.023180943494772576
0.023343713553411354
0.02350530432848324
0.023655424478695
0.023797102986840853
0.02393656456910446
0.02408110780637941
0.024224721421173948
0.024371246052581397
0.02451567244635774
0.024639154719260363
0.024737360874135653
0.02483410630542986
0.02491335308400749
0.024997817726895546
0.025005476883886386
0.025060806919749656
0.025084199386795156
0.025104937460113667
0.02511159233651651
0.024096939321659516
0.024154066674347566
0.024237444777534548
0.02427313934329766
0.024292273204675377
0.024336976659051754
0.024352223683313523
0.02438498850877809
0.02439535732004266
0.024394524822153575
0.02438445764790371
0.024361695170191763
0.024328607381977833
0.024290203885213357
0.024229657660755913
0.024161711079566175
0.024079304069043756
0.023993107853519872
0.023896152160777423
0.02379321284898888
0.023686000588561643
0.02356809476550545
0.02346001801521204
0.023360907500492408
0.023300857839572843
0.023250543105986652
0.02316622970882635
0.023086194480140567
0.022977612206807406
0.0228632739516564
0.022758747896657588
0.022636445585142287
0.022514363691931712
0.02239829369630995
0.02227242801905186
0.02215461197468695
0.022022792565925153
0.02191025331015966
0.021808883470074262
0.021724332990455328
0.02165807169492634
0.021566642658129506
0.021424744246118614
0.021290505504531303
0.021174638018555007
0.021070450149019558
0.020976183015712618
0.02088554859862264
0.02080000902625179
0.020720285091439288
0.02064508409030907
0.020574432445305886
0.02050847109218531
0.02044613247550044
0.020388254569535476
0.020332070729770453
0.02027368114000125
0.0202150468897997
0.020159993026364235
0.02011202526463908
0.020068512578930855
0.020026958143663003
0.019992469106202435
0.019966758065465176
0.019949437730400775
0.01993459349767762
0.019925064576989594
0.01991913975613883
0.019916788421248555
0.01991464709729699
0.01991098613146794
0.019905271694561112
0.01989846068242661
0.01989967390459044
0.019901276790169214
0.019904329080715155
0.01991758033241221
0.019937826032160995
0.0199307304651073
0.0199348050929742
0.01994024509421077
0.0199718492596139
0.02004247699927448
0.020121053275250156
0.020204372705720567
0.02030094075074151
0.020397824345402476
0.02049964834954224
0.020606980133508673
0.020712831143382442
0.020807873900777773
0.02090148533042573
0.021007505707152607
0.02113947868202386
0.0212662760269439
0.021388081019236643
0.021520564721739938
0.02167811444831851
0.021853018590418445
0.022024888666875547
0.02218446925701907
0.02233185397284041
0.022486874118961536
0.022643211324501446
0.022789977636514927
0.02292852918789103
0.023056264223509947
0.02318894090059907
0.02332074971427659
0.0234463903034851
0.023568720637662795
0.023679215881033666
0.02376827959531074
0.02384820539192437
0.02394983753498179
0.023983157706258685
0.02403719345408482
0.02405353379678583
0.02407216978422433
0.024075603035543864
0.02312492323436301
0.02317940303923556
0.02326474537387873
0.023295286372834994
0.023305018688573036
0.023347491124874366
0.023364426161284736
0.023408110880287963
0.02342721322086399
0.023433729172986736
0.02343372523188842
0.023415507145153735
0.023385890727480124
0.023350333228380055
0.023302273274203526
0.023248864439952784
0.02318383413641467
0.023113417954973133
0.023028626738041538
0.022938552230606965
0.02285051735885114
0.0227680518683587
0.022700448930030478
0.022631114390777186
0.022564807458034783
0.02251116042957549
0.02243146560805543
0.022357543428234955
0.022266271138390605
0.022160972991116294
0.022059841959669844
0.021955180897708447
0.02184038178330443
0.021723000206709683
0.021606790355568714
0.021496664802931092
0.021381551469296205
0.021263240346517793
0.02117397265221161
0.021094808251911325
0.02103189968992114
0.020942761707372706
0.02081108346928423
0.020678842166689495
0.02057023176500753
0.02047210203835784
0.02038164108310763
0.020297117689893188
0.02021470382653772
0.02013583658721359
0.020061424458952655
0.019989411471502887
0.019920004675971013
0.019853001450340045
0.01978971054749603
0.019731806847129843
0.019678667297000962
0.019626577340520934
0.019575788797984352
0.01952795641854836
0.019483717923982544
0.01944202077672024
0.019401789048620294
0.019368056008326497
0.01934463329467781
0.019327825876584753
0.019315907110483813
0.019304336225220275
0.0192968330709162
0.019294174114418586
0.019292807227294297
0.01929053553341601
0.019283155282029223
0.019280041887501837
0.0192776877613343
0.01927272784727892
0.01927158809505121
0.019284129870266974
0.01927900697150385
0.0192805660929466
0.01925822476468485
0.019286918388798313
0.019340092978806032
0.019399621157346756
0.01946519521875014
0.019549196417125395
0.019630977422685332
0.01970726063454483
0.019793456091637508
0.019897002438503536
0.01999223695348223
0.020069292913781022
0.020168372996005785
0.020276026848644806
0.020382107770177668
0.020517046329320027
0.020646068084087598
0.02077107941596229
0.020901727000584507
0.021066372142159312
0.021227048803643928
0.021379647538477903
0.021515701290525137
0.02165948423257913
0.021798228714028617
0.02194396862988923
0.02207265839431859
0.022195391218265994
0.022319698644207398
0.02244374518298671
0.02256427712113062
0.02267975571815315
0.02277451972360801
0.02284826986409471
0.022938496055177
0.0229763788175273
0.02305359822369669
0.02308192781619268
0.023099954388163486
0.023096957467066172
0.02218321566312341
0.022247806800097247
0.02234052537068255
0.02236742391967639
0.02237666376347146
0.02242065871536266
0.022437172975859045
0.02248249631319653
0.022511483767777084
0.02253627112921045
0.022546834814649613
0.022535923290275935
0.022513541858179158
0.022481099896949585
0.02243646044194195
0.022388292199814044
0.02232818699178525
0.022265928720499942
0.02219636836457748
0.022127029125764097
0.02206935060202376
0.02200811656525624
0.021940676310964035
0.02187222298896084
0.021801088566691565
0.021755120924635385
0.021683430941035704
0.02161238925532074
0.021542484106298422
0.021452813659473113
0.021357525169446244
0.02126568251541571
0.02116419791846081
0.021057680319558042
0.02095133155740679
0.02085016989279065
0.02075597039582306
0.020644373205118506
0.020554232911598674
0.020485972191763752
0.020429844365702127
0.02034533530497247
0.020228684492087055
0.02010393802667796
0.01999876571977947
0.019904893885324938
0.01981672521781695
0.01973412677390225
0.019657526952530667
0.01958291253146518
0.019509811434743844
0.019438982913477402
0.0193710668045203
0.019307028984982978
0.019246512535093636
0.019188533732588692
0.01913299763263069
0.01908122881685072
0.01903276049134669
0.018988479509332856
0.01894685716954048
0.018908227515347868
0.01886957275367776
0.018830988150255273
0.018797234072373693
0.01877042837133069
0.018749870470961067
0.018732709684537753
0.018717785094013787
0.018707222048268746
0.018704654483232146
0.01870563651082273
0.018703499515309033
0.0186963191936419
0.01869055273961667
0.01868241180423523
0.0186762491935601
0.01867542687431606
0.018669053835119697
0.018662097013034375
0.01863656519296345
0.01867275022017538
0.01871675087012882
0.018762202731043266
0.018811555080614266
0.018881774851753085
0.018954056626705927
0.019016553999932212
0.01908496904439996
0.01916719016644646
0.019248940880678737
0.01932051623405618
0.01940680814104584
0.01949503657614972
0.019582147971522933
0.019703827618605455
0.01982575082792989
0.019944689790011797
0.020069634694941264
0.02019347518575169
0.020311848354390975
0.020458719522791602
0.020603697984229667
0.02074898077999511
0.020879853380331846
0.02100614737601577
0.0211283158445535
0.021248397338642512
0.021364399726591758
0.021469307712517236
0.021585518173433738
0.021708342275348597
0.021821340097430156
0.02190112521763985
0.021992037501806533
0.022028651172160796
0.022092998340798087
0.022136045820112932
0.022162252432971073
0.022155143229066233
0.021278062519429417
0.02135539381503253
0.021450391396165315
0.02148554554222585
0.021506061597249514
0.02155502371456337
0.02157240199875155
0.0216239587749181
0.021655132055546845
0.021687881240116443
0.021709857272261893
0.02170697484477304
0.021693909900878227
0.021672009255114633
0.02163062186461643
0.02159063498347908
0.021537540463617055
0.021487499147829534
0.021438632559542203
0.02138354439669403
0.021322425504378486
0.021256541408940625
0.021185823158464612
0.02112582705479177
0.02105241931787224
0.021016159107610025
0.02095964081017833
0.020890453924240857
0.0208291735211401
0.02075426465473111
0.020670037598737746
0.02058921494269773
0.020500749767604912
0.02041319138255907
0.020323237419472513
0.020230450167370663
0.020147851088539236
0.020047500875520007
0.01994780579645785
0.01988826987778449
0.0198438432833296
0.019765265216618054
0.01965913712989524
0.01954263800661556
0.019444185311411843
0.019356383990991922
0.019275946574508096
0.019200105049422465
0.01912767050871775
0.019057183015609633
0.01898733149880474
0.018920323029667094
0.018856934813682877
0.01879738161661667
0.018739578713646725
0.018683992213915878
0.01863057462653929
0.01858014631758391
0.018531714928226445
0.018486064250368056
0.018443598895953445
0.018403246680519025
0.01836620884930528
0.01832939963745069
0.018292852031964617
0.018259284581811547
0.018231414280408167
0.01820903495342435
0.018191966302512748
0.018179081445874455
0.018172103717433614
0.018170286040406436
0.01816858815402181
0.018161528297902484
0.01815705533464862
0.01815134930174843
0.018149773360142597
0.018140099303744512
0.01812570745892413
0.01810989398664488
0.018081742490033328
0.018118888452181854
0.018155459842330232
0.018192381106513663
0.018231343589930595
0.018284794196338734
0.01834544357531643
0.018398009469156415
0.018452456249867962
0.01851801805395048
0.018583710932127736
0.018651159043764718
0.01872468736358724
0.018794555987698018
0.018873924276844544
0.018977304915042435
0.019078331729270488
0.019178581985845277
0.019301537137629693
0.019413104293274405
0.019524995085060146
0.01963343273026762
0.019741199888137377
0.0198818721534489
0.02002082745056122
0.020148676037398908
0.020260095286769392
0.020375421682512863
0.02049061128720934
0.020595322324486985
0.020694216833882815
0.020797240993084255
0.02090347358920986
0.02099300638146652
0.021087091851281495
0.021122276693849307
0.021185107743192468
0.021226265139549075
0.021252514991255474
0.021247665701642583
0.020426172628129666
0.02050355180113308
0.020609371902515508
0.020657694014808405
0.020683344513953462
0.020738800110003862
0.020754475481563978
0.02080212251167133
0.020829989596797112
0.02086347090736739
0.02089142055507228
0.02090425316225129
0.020896302611110182
0.02089568723229873
0.02087172841230526
0.02083898544003797
0.020804612131538888
0.020767896518682837
0.02072098611082942
0.02066661683123452
0.020609632051194766
0.020545979376400632
0.020480366103310638
0.02042725776046343
0.020357708096114997
0.020321079651229722
0.02027432607978459
0.020212414161651156
0.0201524520662556
0.020090566145595633
0.020018504837776945
0.019950403971945113
0.01988116710397082
0.01980094065235502
0.01972296610251653
0.01963931046474715
0.019562567828236004
0.019476413440866487
0.019370821818589446
0.01931957204529069
0.01928454631597836
0.019210748667096666
0.01911623943807625
0.019008119927932228
0.018918215185037852
0.018836527178151666
0.018761388630999118
0.018690901600317625
0.018623176985996876
0.018556089970597246
0.01848916504232671
0.018424434027818345
0.018362601530571412
0.018305559104682647
0.018252401778150844
0.01820065277586879
0.018150128521707297
0.018101925088928897
0.01805586886704788
0.0180106540095549
0.017966986766801557
0.017924369283097034
0.017884940844025907
0.017850160344554104
0.017818758926573627
0.017787737519179246
0.0177576912177565
0.017731482759394426
0.017709837387202637
0.0176939480842737
0.017681638678618775
0.017674530617419283
0.017669550292796703
0.01766374810929922
0.017659858162289294
0.01765999187525716
0.017663527219277036
0.017653473287339412
0.017625097254113594
0.017600288031377326
0.01757931250939718
0.017604330207726258
0.017635988178684905
0.017670632731301122
0.017704653988451894
0.017743449101134862
0.01779017966991977
0.01783415615230026
0.01788003990885561
0.017930366044107606
0.017980963338789013
0.01804156049044393
0.01810440194598467
0.01816148661482617
0.01823341050567913
0.018313702660183645
0.018406045393670994
0.018497134420587917
0.01860055346503251
0.01869575639765133
0.018800120410220465
0.01889216675250377
0.018991101284173407
0.019089245323773204
0.019195646861301832
0.019328669837540387
0.01944485005872412
0.019554888091814077
0.019661648967493735
0.01976344332196313
0.01986541399363392
0.01995980568901643
0.02004851371462946
0.020139219972154253
0.02023624150232964
0.02027226210958909
0.020336152326309472
0.020378630540404626
0.020409388172061147
0.020396942922691706
0.019632133924158184
0.01970175112121891
0.019805493706367562
0.0198627473291479
0.019906388391526284
0.01996633046330567
0.019987248108295677
0.020032966086494502
0.020060686971505304
0.020094639414486155
0.020121634325868935
0.020147920598166745
0.020153481860602562
0.020143767356073802
0.02013503805512077
0.020119992575522525
0.020093727647697186
0.020061727889449626
0.020020619369959122
0.01997351342483253
0.019923056296560472
0.019867196953874275
0.019810738795916927
0.01976702563473516
0.019703550329962176
0.019666921729547454
0.01962903601621945
0.019575841663046035
0.019518379666855868
0.019463365290798798
0.01940318056708323
0.019340070998379
0.01928039954057657
0.019213216786357568
0.01914400167673777
0.01906596479833219
0.018996837478343943
0.01893197998665907
0.018834737192710095
0.018779065026784517
0.018754936975270736
0.018688061620467614
0.018605564390997288
0.018504439386609953
0.01842068953323763
0.018344100181152803
0.01827050931789525
0.018200356339370456
0.01813406620726621
0.018071017607562717
0.018011247976378205
0.01795342857753011
0.017896054718221647
0.017840158635280406
0.017788013541771314
0.017738334774816004
0.017690157742512203
0.017643572759594675
0.017599477119359296
0.017557299998395372
0.01751556379079333
0.017474473345339737
0.01743411917819271
0.017398533746740677
0.01736857257356261
0.017341313115675536
0.017313889609623503
0.01728744165499833
0.017263968523381253
0.01724521702835376
0.017229673358569106
0.017217742066492313
0.017206198690420997
0.017196623291057905
0.017190048930136467
0.017190993193772333
0.017195789686666726
0.017187101291646283
0.017155587932236305
0.01712382505076426
0.017110541445117117
0.01712544644945096
0.017145309162859425
0.01716426776816616
0.017195507967750982
0.01723287904484366
0.01727427961979433
0.017315210607703142
0.017355899384776285
0.017395588275901697
0.017433672966296478
0.017481198012821764
0.017532359643198762
0.017582173980576273
0.0176474934364226
0.01771417052696956
0.0177934391840287
0.0178762428536713
0.01796511719595422
0.018049449045441354
0.018139576073463882
0.018219529269807112
0.018302138744972565
0.01838214215987532
0.018465251507732625
0.018561808177814054
0.01866804708097057
0.018783007702663147
0.018890076419093068
0.018986045934933683
0.01907890327720744
0.019172774624164526
0.019266204068018097
0.019353603729018825
0.019447620661714182
0.019482415424369025
0.019545243813000115
0.01959369523104268
0.01962322808595517
0.019604933148032414
0.018888997282478705
0.018955973977724527
0.019045756835716007
0.01910352501805574
0.019154597092813662
0.019222080833205007
0.01925658265848527
0.01931278551857237
0.019349082533149865
0.019388087052750917
0.019426932744876453
0.01944555974829652
0.019453011836285526
0.019449587769721367
0.019440627663963955
0.01942365047102543
0.019402208001588435
0.019378749174168992
0.019349169717426718
0.019309611311781796
0.019267748410253024
0.019215883566660295
0.019167002515517215
0.019128470571719923
0.01908070752291898
0.0190482421123531
0.019019511905510766
0.018980293178139235
0.018928410346377256
0.01887713958184256
0.01882322035968066
0.01876411154789446
0.018706717240170288
0.018648954300188147
0.01859226884676074
0.018523026814624505
0.018454907216648258
0.018406295855128645
0.018322020722165194
0.01826200277174474
0.018244786237637322
0.018182454504024878
0.018108559788484663
0.018015013778498845
0.017934360585700304
0.017862502325968494
0.01779416489236773
0.017728672189679624
0.017667109404147403
0.017608434645821975
0.01755389305503795
0.017502550882156836
0.017451043388133917
0.017399515739502124
0.01734837377643972
0.017299022125387038
0.017251727547104693
0.01720638713905732
0.017163536011960457
0.017123137574644124
0.017083953385946378
0.017046041023741607
0.017008007727697397
0.016973085307602866
0.016941774887204962
0.0169146240036038
0.016888116602875508
0.016861815871698795
0.01683793953545961
0.01681807539310706
0.016801072680772824
0.016785782670944938
0.016769423993351924
0.01675506975998362
0.016744406162216986
0.016740808349993933
0.016742946025421118
0.016730148860220628
0.016702928982368
0.01667353925488963
0.016667809811912248
0.016680593371021016
0.016699228467652708
0.016713435472936
0.016730719746366415
0.016755507488964295
0.016785492846540444
0.016821292396459443
0.01686128224141956
0.01689819219353919
0.016934792310640944
0.016971781225998208
0.017008341725338695
0.01705016826032476
0.017105164828862526
0.01716176892757302
0.01723475350496422
0.017306174770977952
0.017385231919463316
0.017457506693732288
0.017536227346273987
0.017609706633988247
0.01768508275173915
0.017752628279356072
0.0178224435641076
0.017899091635391527
0.017977509539723352
0.018068855992411544
0.018172600706851907
0.018274592416881705
0.018371009176018225
0.018455288255533137
0.018539704528022508
0.018620207595538427
0.018720257533347016
0.01875691439687289
0.018815271510409966
0.01885978324683038
0.01888789669475221
0.018867543744990146
0.018199390458161546
0.018266813425279554
0.018351383345620108
0.018400760653500426
0.01844759320323449
0.018524726615007467
0.018566987480742522
0.01862356292327294
0.018681784078281763
0.01872848696300857
0.01875289699393725
0.01877297364767486
0.018788414825444587
0.018792999328427033
0.018786606930791677
0.018774504234150936
0.018757080893674245
0.018734789832349788
0.018715943887191923
0.01868336230390618
0.018651389428607536
0.018604779696458514
0.018559992339864093
0.018524410939382178
0.018488526256981875
0.018464695857768287
0.018444124695823634
0.01841559594649239
0.018374198291323425
0.018332923909701725
0.018284972665070218
0.01823114115381765
0.018177983516884204
0.018120476241266004
0.01806907920817398
0.01800820193397856
0.017939859405375503
0.01789533649900094
0.017830641371098577
0.017767721747007695
0.017757886746946814
0.017700513961493348
0.017632481830691694
0.017546623863042694
0.01747006122929936
0.017401495019663038
0.01733861998819548
0.017279527723967146
0.017224301692320997
0.01716963439532014
0.01711684678527954
0.017067144964002755
0.01702030854987107
0.016974333885916553
0.016928999455836376
0.016882259821682306
0.016837143170900133
0.01679354952760476
0.016751872249549
0.016712302653052943
0.01667458256400149
0.016638864665823955
0.01660384609022782
0.016570277545791663
0.01653774708837499
0.016507927557348853
0.016479307224474226
0.01645278491935252
0.01642841952359716
0.016407733639337455
0.01638927435642455
0.01637266568829501
0.016354707208912682
0.016337230877686248
0.01632495013645962
0.016317533516726733
0.016314858832801538
0.01629536320567084
0.016270291280918087
0.016249122604586646
0.016247623590392807
0.01625987077805039
0.016283252493406564
0.016301444071053172
0.016313919771420732
0.01632701917017304
0.016343758230218313
0.016375818423477122
0.016408970474519377
0.01643850564427638
0.016468618215810797
0.016502420009200984
0.016534139560164654
0.01656907043239808
0.016609710424349486
0.016661944301041887
0.016728811513926967
0.01679247589682585
0.016866024150414057
0.01692668239210517
0.016994849570055356
0.01705813276945095
0.017126604629277526
0.01718957222570277
0.017257845308011978
0.01732179194614341
0.0173840204726354
0.017458478904737233
0.017535779077317123
0.017618243163483087
0.017719520127341196
0.017811610650610113
0.01789268990776161
0.017964353309450093
0.018050919900659004
0.018086910331325094
0.01814580546683123
0.01819307915263704
0.018214711423478
0.018187145304101624
0.017570371048230254
0.017629863562237537
0.017715063238459613
0.01776310794477584
0.017808430027906094
0.01787655244696991
0.017941382537035963
0.018012374714108638
0.018045818102716472
0.018085002059156256
0.018116000018282036
0.01814354497836354
0.018159805009597643
0.01817413768984686
0.01817959062865354
0.018175407114166604
0.01816815696736976
0.018151467011082098
0.01813467917314814
0.018108390169397727
0.018080165752357526
0.01804065555290133
0.017998515049260408
0.01796263273198208
0.01793079852560701
0.01791058545176763
0.017891693585834742
0.017873736302868842
0.017841181049835942
0.01780777077778428
0.01777282214693089
0.017724287701327494
0.017675298136708435
0.017620469747531266
0.017570400428905723
0.017517785665587954
0.01745062998629449
0.017407373215192732
0.01736187418379449
0.01730001671335247
0.017296071163804338
0.017245944884722756
0.017183764614345367
0.017104443398508737
0.017033897268515015
0.016969373172845807
0.016910647092209255
0.016856549312902484
0.01680549064710705
0.01675495691920121
0.016703255298312698
0.016653875312557326
0.016608641016950122
0.016567351902047424
0.016528213613994754
0.01648728631415055
0.016445470181617846
0.01640449112040846
0.016365014158252308
0.016326982976971372
0.016289990596979564
0.01625485298434404
0.016221352094287912
0.016188958958434953
0.016156607425872167
0.01612555421085431
0.016095862037489955
0.016068614688371705
0.016044139482240937
0.01602244342115588
0.016002663768470368
0.015985197884444406
0.015968100308358248
0.015951430768175227
0.015940533461227948
0.015932395954728923
0.01592434428134235
0.015901235154027284
0.01587628625790144
0.01586042198013065
0.015857974816794778
0.015869181046593947
0.01589986356778439
0.01592248839062659
0.015936367743650485
0.015946086189108484
0.015960079032293857
0.0159821704281448
0.016006467298394444
0.016027650390165748
0.016048476132110676
0.01608043221447456
0.016107217994337314
0.016138995270376384
0.01616772296818944
0.01621707699592995
0.01627463163320432
0.01633092162103287
0.016397595894836414
0.01645620121918719
0.016515812623410255
0.016570384545995423
0.01662843393639609
0.016684444014035023
0.01674620533595332
0.016801364799457444
0.016857767495142745
0.01691518864867131
0.01697195349198936
0.017039013869228375
0.017115637403823967
0.017202292905375904
0.01729164873110298
0.017361045511377477
0.017442745900808687
0.017469667190426006
0.017522951375086776
0.01757350517453079
0.017594855830021135
0.017565454864412664
0.017001996433726525
0.017063075297580017
0.017143515408618182
0.017197436259196876
0.01724787460222061
0.0173083506363515
0.01735163237847074
0.01740968849620194
0.017444355301233554
0.01748792691796317
0.0175254506462363
0.017560690517235838
0.017586691269614218
0.017604960132724282
0.0176192060741696
0.017623407453928142
0.01762310395459014
0.01761300144652899
0.01759687321537106
0.017574225159028845
0.017550032696415044
0.017514308068264296
0.01747751243918745
0.017440453277488208
0.01740945443264385
0.017393915195207166
0.01737510827810898
0.01735848138594317
0.017333775888553084
0.017303168964645455
0.017271618713213997
0.017235055564354944
0.01719262202005939
0.01714220199572459
0.017096347240731793
0.01705505265250576
0.01699572389738845
0.016948649099284722
0.016918408161371468
0.01685919271971105
0.016859226380558333
0.016815632311269146
0.01676013365744841
0.016686803727160113
0.016622781928862573
0.0165651364765197
0.01651135444869809
0.0164602094490821
0.01641147384531423
0.01636462315226236
0.01631698037208897
0.016269951525645435
0.016226226587292933
0.016186671306585847
0.01615009108139562
0.016112859380140156
0.016074840976669807
0.016036885199925924
0.01600034551392054
0.015964904249637507
0.01592928529196007
0.01589338110682028
0.01585980460207481
0.01582934880516878
0.015799914027373754
0.01577162765914912
0.015744170744626782
0.015717789783390553
0.01569450852626563
0.015672912103411877
0.015653098351974464
0.015634687780391503
0.015620313688352795
0.015607833999156374
0.015599091314741551
0.015591930972163746
0.01558158005239369
0.015557761445461768
0.015538460481491663
0.01552107848190806
0.015511167977776089
0.015525799117863177
0.015549382901077994
0.015571888989616289
0.015588588467661924
0.015597895088312132
0.01561021861148218
0.0156253279495975
0.015643704496700477
0.01566399048123347
0.015685083337005648
0.015705966146884062
0.015726450842317646
0.01575244307659384
0.01577113630607866
0.01581373033609519
0.01586548335012706
0.01591848717855448
0.01597210444829885
0.016024071846840522
0.016081753820008933
0.01613087046882571
0.016181642156262614
0.016231910974363103
0.0162860133958595
0.016336196459187092
0.01638354883466988
0.0164274443656264
0.016468821757697198
0.016523789667270722
0.016585187056557718
0.016647192705663456
0.01671779722332512
0.016795069159385858
0.01687981547458315
0.016904034273967944
0.016952694047286287
0.01700135600426233
0.017024600832093006
0.016996078641503872
0.016475023597631373
0.016536595336162387
0.016608313219883
0.01665385817959571
0.01669455293674593
0.01674559442512452
0.01677978877424176
0.016840534942549053
0.01688694979586595
0.016938293297306624
0.016981358309060154
0.017022196142867378
0.017054644818600855
0.01707744635800994
0.017094779645309442
0.017102909901051507
0.017108040175862985
0.01710378812403366
0.01709395433932719
0.017075660166477
0.017056495243129896
0.017026725537753584
0.01699429296349407
0.016960190702561908
0.01693135739970544
0.016919170070571657
0.016901943244999607
0.01688263659871514
0.01686127835929972
0.016832702968205517
0.016801228323111622
0.01677068280409946
0.01673812882451736
0.016696510608689825
0.016654400386965834
0.01662261292296269
0.01657178658193756
0.0165232757295609
0.016496774265152017
0.016446435356279904
0.01644814919618429
0.016409105573600667
0.016359437335438237
0.016293988176422608
0.016235008150477445
0.016184352670506365
0.016136924741884964
0.016090242719701046
0.01604318528078274
0.015998604437277485
0.015956446144672277
0.015914936543156843
0.015874891313857154
0.0158363908561448
0.015799506792827794
0.015763410359230068
0.015727969084968332
0.015693129269620527
0.01565926531175859
0.01562677172966681
0.015593665591830255
0.01555821760682586
0.015524092524126681
0.01549538230725977
0.015469203295572772
0.015443731108197436
0.015420088675668648
0.015398135128965275
0.015377942693018088
0.015359732175349118
0.015342191389218631
0.015324514167496747
0.015311090120590818
0.015302322982902307
0.015296390710174492
0.015290353888245055
0.01527814688628016
0.015254211105248987
0.015239863399108027
0.015218302899205179
0.015201994398219055
0.015212865586085126
0.015228820030382138
0.015246664946142244
0.015262307385437025
0.015273813199730188
0.01528394934106457
0.01529480731894082
0.015307224438219209
0.015326128096719151
0.015347647277267671
0.015364022881948308
0.015380264352048386
0.015401671683586587
0.015413156391989114
0.01544606417399532
0.015489963518968596
0.015537525021420515
0.01558385469198763
0.01562783068159362
0.01568052321826347
0.015726643347752436
0.015772805724413336
0.015815997387929843
0.015863300892059742
0.015910326636104664
0.015955741156613655
0.0159953272553579
0.0160289214194864
0.0160675309090345
0.016111721681612515
0.016162048058799196
0.016220205820962594
0.016273681339523505
0.016349246467005567
0.01638993146575477
0.016448338479202004
0.016494476087818198
0.016513458475601924
0.01648107259067269
0.015974091413501222
0.01602795630231642
0.016095806682237444
0.016133001409410628
0.016169847803975002
0.016221059031255224
0.016260839046786366
0.016323314061583674
0.01637572389689725
0.016431105079022644
0.016476309879677145
0.01651989687318783
0.016554989515099632
0.016581700618487145
0.016603464372215854
0.016616010148891924
0.01662450777646609
0.016624689007646656
0.01662144783799316
0.016610355659941425
0.01659519409483148
0.01657342235132714
0.016545435336902642
0.016515991918628847
0.016489431932479932
0.0164810686161069
0.016468783350444625
0.016449642507926576
0.016427747880205477
0.016400805737076377
0.01637193554774272
0.016343162591163477
0.0163169378242107
0.016284080944161467
0.016246653160633357
0.016217989567768452
0.01617828442017369
0.0161298450163435
0.016107488349405702
0.016065655181922506
0.01606873302858446
0.016033925608476884
0.015988115329060307
0.015930660957638332
0.015877071457940088
0.015829565275282908
0.01578599138013341
0.015744067109418808
0.015701442238883947
0.015660167441423428
0.015622713259870916
0.015587304272369908
0.015551938395015535
0.015516621724673009
0.015481277316596096
0.01544613005431627
0.01541200912676017
0.015378245284470632
0.015344549475634808
0.015312542539949524
0.015283036152816704
0.0152534022824295
0.015223735764255526
0.015196965472587313
0.015173284462048466
0.015150110895329385
0.015127536041426007
0.015108878660010903
0.01509401327748404
0.015080441215371512
0.015065421892403091
0.01504962858604094
0.015035577908534032
0.015029299369824143
0.015024431099200007
0.015017294310363756
0.015003346681732477
0.014977536721528784
0.014965992412364387
0.014940178993792446
0.014919402590246586
0.014929264130361067
0.014939878368544149
0.01495009199624344
0.014961100026169363
0.014973724098168491
0.014982554598489364
0.014989633864378609
0.014994060554282457
0.015009297687696323
0.015030292446180732
0.015046139360489545
0.015060031274694238
0.015073313056626946
0.015085235678499623
0.015115365627964143
0.015149639310944431
0.015193705122036572
0.015231032555474045
0.015265934192616201
0.015310897825048514
0.015350046064183146
0.015391649080709084
0.015429541546971157
0.01546748040051452
0.015508885336691803
0.015551352713910385
0.01559030719230969
0.01562644480390444
0.01565649687844385
0.0156864624623096
0.01572649826837033
0.015778419801172762
0.015821728817632788
0.01588695351689066
0.015912738111248412
0.015963791218184663
0.016009325456716288
0.01602711872006383
0.015988668872774812
0.015513393946618652
0.015567775925852154
0.015637442216652336
0.01567461552117949
0.015705639453750402
0.0157520788468361
0.01578958402814499
0.01584944562980684
0.01590048540807207
0.01595978678565479
0.016004759931899364
0.016049298942945066
0.016089505697150838
0.016119271836585774
0.01614420756905233
0.016160126991332315
0.016170809304383013
0.016174332777470338
0.016175199125844517
0.016169942068611717
0.016161199765354156
0.01614502732923284
0.016125279605993095
0.016101952053565603
0.01607799173665008
0.016072563367696073
0.016063726770104068
0.016049099625023416
0.016030701659544754
0.01600687415852851
0.01598035429766157
0.015951089341406224
0.01592898947220431
0.015901691816545056
0.015866927753732565
0.015843131358624092
0.015813607686963653
0.015768189681022372
0.015749617703401327
0.015717142901048503
0.01572146386005422
0.015693469187962526
0.015651336902613708
0.015600833845179185
0.015552956380461128
0.015508398152237823
0.015466283298607773
0.015427092386973797
0.015389488836289973
0.015352329699890681
0.015316845629392242
0.015285020904731708
0.015254204581381055
0.01522252890462178
0.015190458722438637
0.01515791094011075
0.015124732167177198
0.015092297961538315
0.015061862238649379
0.015032480921114325
0.015006118397469376
0.014981874241217285
0.014957147840812729
0.014932731228600985
0.014909892250193053
0.014888799897346688
0.014868755234120219
0.01485177530578367
0.014839762841708444
0.014828812974795182
0.01481606820124122
0.014802275718449954
0.01478936560025054
0.014783647395957035
0.014778927136075462
0.014768151995991092
0.01475230310961013
0.01472743287069194
0.014715510965201583
0.01468467896639978
0.014663536598492684
0.014673284799988397
0.014682665577060971
0.014689559618791153
0.014699192764637527
0.01470741466092312
0.014712646089421022
0.014715539119585286
0.014717729342823692
0.014730383537555677
0.014745147030996827
0.014756216970872505
0.01476826293965373
0.014782339994989645
0.014791620749866051
0.014820472721662738
0.014850499733074722
0.01488883720068692
0.014919068218742788
0.014948026595745184
0.014978889687808299
0.01500443464621799
0.015039353425992733
0.01506914094563509
0.015100498041837333
0.015132756512774563
0.015170029658933996
0.015205089327997062
0.015240545106669116
0.015270029062503422
0.015295725631621659
0.01532618509438239
0.01537024353596671
0.015407857214587092
0.015464617538363399
0.0154767110690825
0.015521691229700218
0.015564955459574493
0.015576744770514527
0.015529955624801669
0.015078844184063137
0.015139147685944859
0.015213464210929374
0.01525529800539098
0.015287928004966714
0.015330546112038372
0.015360541554501481
0.015415542608297654
0.015462575379709648
0.015521883406832575
0.015570590654766427
0.015614581197139092
0.015656182261460445
0.015689386982328763
0.015716703414592432
0.015735424011908833
0.015748749103730805
0.015755769421774316
0.015760636565004357
0.015758076462101853
0.0157561978076011
0.015746052496703185
0.015731631267379653
0.015714160620165365
0.01569355022362463
0.01569258956147543
0.015688845500992452
0.01567937692832257
0.01566672520866251
0.01564877632643075
0.015625569641830116
0.01559529311674133
0.015573411002118913
0.015550141880823945
0.01551868315493157
0.015495094729474043
0.015476229995409072
0.015438271777498286
0.01541980547390922
0.015399169875955014
0.015407144413000605
0.015386557369761722
0.015347735944989817
0.015302529539131002
0.015258343872209298
0.015216969621862628
0.01517689311836295
0.01513912011848221
0.015105455119153354
0.015073813621338986
0.015042569440193875
0.015011380674912795
0.014981093320545437
0.01495127044033191
0.014921244416630314
0.014891420886376528
0.014861944635445486
0.014832747190837003
0.014806565250856238
0.014782503881553392
0.014759614515863058
0.014738634003221953
0.014718199994489315
0.01469899425049847
0.014679124092398611
0.014658699235767651
0.014639301810370056
0.014623001679613636
0.014612508752158826
0.014602625050314467
0.014590540309454034
0.014577936494690823
0.014566190403451475
0.014559295989641882
0.01455514736356931
0.014542418959664082
0.01452607877827267
0.014504689284591768
0.014491804449734573
0.014451976209941002
0.01443653474769231
0.014445195594754545
0.014453242673143884
0.014459772213965901
0.014468207917727858
0.014473434541927264
0.014476863179928856
0.014478225586744286
0.014481798114024743
0.014487915347376899
0.014495322729064904
0.014503216670844966
0.014516071584271817
0.014526482517367609
0.01453280984960512
0.014559173647786087
0.014588606060234845
0.014617629050475847
0.014641827054552276
0.014664095770115482
0.014684958039920294
0.014701707799915498
0.014726012597402603
0.014744184455016116
0.014767464283166254
0.014788442692273059
0.01481677898241343
0.01484783342966636
0.014880006077188255
0.014907073515294057
0.014928444147945545
0.014952686685867004
0.014987834857452118
0.015017310633855965
0.015066293857975158
0.01507102298605649
0.015103953293167112
0.015141467648432322
0.01514561857920447
0.01509195655858929
0.014669493399899203
0.014736068535245212
0.014815342053798659
0.014865106507875415
0.014903291257810057
0.014947080531288081
0.014976129688295172
0.015026094105370218
0.01506856836329891
0.01512280363526384
0.01517203433021624
0.015217219918932809
0.015257200950727037
0.015291503986052505
0.015321576590005286
0.015344640974372084
0.015362181187356135
0.015372886966885525
0.015380788775958299
0.015380505531826296
0.015381426532842215
0.015376171940464964
0.015366084535536213
0.01535407205709885
0.01534005134389111
0.015342418606704333
0.01534429447867464
0.015340917980977496
0.015333196208686038
0.015321493079901955
0.015304320623755599
0.015278090325293342
0.015253732323474246
0.01523288554691992
0.01520390413311043
0.015180107929072916
0.015168051948757593
0.015138145339335829
0.015120740487519048
0.015110175386021161
0.015121007922467691
0.015105618433627238
0.015068558980702298
0.015026647048585385
0.014986104453722806
0.014949994582873069
0.01491608739657446
0.01488341106466413
0.01485293053322127
0.014824899102948333
0.014796959833972754
0.014767019282580219
0.01473670005163863
0.014708898936780776
0.014682673893311756
0.014656846249727908
0.014631421478296781
0.014606179126779348
0.014583043532183159
0.014562566020401454
0.014543129043733585
0.014524628620669463
0.014507847610582405
0.014493618589241574
0.014478398099230821
0.014460364553087574
0.014441210498007711
0.014424231823571505
0.014411692282448721
0.014401255012899178
0.01438818103866241
0.014375951244101714
0.0143657342078036
0.014358234865578082
0.014352747981448933
0.014340874211490474
0.014325549934311762
0.014309317872210195
0.014296231495056684
0.01424693069297301
0.014236735833451792
0.01424546622823232
0.014251921566278938
0.014257655299972938
0.014264144233644555
0.014267679058032726
0.014269595341470504
0.014270762000051966
0.014273235489284195
0.014274200146360293
0.0142757620563305
0.01427948427732383
0.014290111412978423
0.014296131133055733
0.014300580856324897
0.014323111996094089
0.014349041886390839
0.01437316601711442
0.014391206154234535
0.014408106188024595
0.014421275557845422
0.014431394020080954
0.014447910881217378
0.01446054920411446
0.014474415119045797
0.014481896872515939
0.01449743910098781
0.014516097662386679
0.014544831307831308
0.014568664235152767
0.014588975327752385
0.0146066122719734
0.014635367083722805
0.014655807177684523
0.014693055066087651
0.014696607710241623
0.014718234650995938
0.01474701092731568
0.014744727225377304
0.014680035195958063
0.01429150669398298
0.01435978085051942
0.014443419709915448
0.014500823617821157
0.014546769191562055
0.014592276409969221
0.014625945685821956
0.014675113278900786
0.014714102841251745
0.014763792772298102
0.014810489408301385
0.014856576960216085
0.014895990593900423
0.014929461880875567
0.014959403825729332
0.014985009911899917
0.015005076829270408
0.015019958079469846
0.015031212940137189
0.015033212414540819
0.015034693317028537
0.015031757124217976
0.015026087087807276
0.015018192037156415
0.015009360424414904
0.01501630110954498
0.015023748604837689
0.01502540582354944
0.015022701192608174
0.015016501787045021
0.015007190807836076
0.014989661792261353
0.014967845792743701
0.014949716213735455
0.014924572326051981
0.014902133997411473
0.014893386399960705
0.01487110978591634
0.014852802229401019
0.014847914231235923
0.014863463431030764
0.014851119302578812
0.014813682116945037
0.014776427992998515
0.01474164869927626
0.014711133644223832
0.014683136493402422
0.014655906444702563
0.0146284935686677
0.014601913227390472
0.01457544579416216
0.014548434464489926
0.014521907816830066
0.014497292549629793
0.014475499647261386
0.0144546475190208
0.01443358411970826
0.014412277046465197
0.01439159571006465
0.014373010594185456
0.014356090165541204
0.014339779028089217
0.014324756906150881
0.014312662290178187
0.014301157111115721
0.014287340135958799
0.01427090203108532
0.01425394329669931
0.014239318079375432
0.014227170395063332
0.014213163952437272
0.014200530304067115
0.014191631566645291
0.014184325653376175
0.014176237380525421
0.014163765984203979
0.014150133890086328
0.014140309390693303
0.014128062554896917
0.014070192676103564
0.01406327860111434
0.014070755535311409
0.014074433391410984
0.014080218415887531
0.014085649638112221
0.01408809537902087
0.014089364308727955
0.014091822358335854
0.014092583734058913
0.014087945620834937
0.014082002625414708
0.014080464676706449
0.014088038927512933
0.014091151585483963
0.014092379371056205
0.014109057834995477
0.014135357977077151
0.014155140761680689
0.014166624839779849
0.014180095328097038
0.014186427769583605
0.014189623687900273
0.014200543998310269
0.014205133963982661
0.014216695368325162
0.014220568065258359
0.01422424799727642
0.01422687364849956
0.014244685472035248
0.014260011882731412
0.014277453520908926
0.014289961072144796
0.014313843371358466
0.014328709051016637
0.014356591245724474
0.014356605686531817
0.0143725074140395
0.01439011959980771
0.01438114046777103
0.014304186586145174
0.01395150338069039
0.014015997563828807
0.0140993492749341
0.014161181958486918
0.014213128099298002
0.014262175976618422
0.014297953011320218
0.014350649634493642
0.014391475659658055
0.014438466241285109
0.014482294548180102
0.014528603011774006
0.014566936323577894
0.014599991869184543
0.014627935487519561
0.014653172657462531
0.014673941926796505
0.014692363859078485
0.014706825849269531
0.01471231343297332
0.014715120884249817
0.014712794067643274
0.014708904439793016
0.014704645411695595
0.014699360028954136
0.014708900945567338
0.01472141698993873
0.014726840615613475
0.014727153889660932
0.014726916122403127
0.014724257750381019
0.014716715170746434
0.014705079942382486
0.014693985684272068
0.01467634783545993
0.014658186036696337
0.014651314530986304
0.01463443032744477
0.014614520204560447
0.014613475959904067
0.014635163017424594
0.01462930437182197
0.014593370592582764
0.014559424338200993
0.014528438207158828
0.014501160518586506
0.014474952554761555
0.014449158735494717
0.01442437477925438
0.014400344889065431
0.014376154903620797
0.014352610604337148
0.014330483376792968
0.014310089370981298
0.014291445872540068
0.014274008720105126
0.01425732823149172
0.014240724849159383
0.014224216481204623
0.014209285548922007
0.014194634712880894
0.014179073704979298
0.014163424147701232
0.014151117133610983
0.014141552404233062
0.014130791892092893
0.014118146799102347
0.014103927300570258
0.014090473262234591
0.014077961090410256
0.014063940051236809
0.014050552068998752
0.01404197822878709
0.014034382908116809
0.014023084164934214
0.014009044761241495
0.013997479977945239
0.013991493427922563
0.013981384416766489
0.013916732022723406
0.01391290443881332
0.013920110903863754
0.013923985351899256
0.013929172790586346
0.013933755630546683
0.01393550196767966
0.013934792543252668
0.013937707013867328
0.013938997249108643
0.013931713195309156
0.013919945834412523
0.013914790629751836
0.013915756599721696
0.013914755832190914
0.013914899969214342
0.013931240638906878
0.013953239248061777
0.013969118326603362
0.013979793067829037
0.013987409439513578
0.013986001092577019
0.01398450002009964
0.013988167993957242
0.013987608276616829
0.013993844478247556
0.013993503906494429
0.013992732564900155
0.013984481528737215
0.013988080381760849
0.013992319838648244
0.014001703325099365
0.01400753458064477
0.014023215341075911
0.014032388220585116
0.014054275147679256
0.014051204927764264
0.014062969599370884
0.014077168926149467
0.014056956201762815
0.013969349718498756
0.013650191362984496
0.013710642780147777
0.01378771356131062
0.013847847462998353
0.013901022569387706
0.013956030291361044
0.013994042059376965
0.014046969509988615
0.01408967243969255
0.014137482661524689
0.01417991994150624
0.014226069584572294
0.014265083674817103
0.014299015787473938
0.014324859798276772
0.01435016173087245
0.01437013982092704
0.014390674156267394
0.014406906277044764
0.01441597438986914
0.014422040707681098
0.014421130603327335
0.014417494575436415
0.014414498010140947
0.014411823482084439
0.014422015390834441
0.014438372559618749
0.014447818728175674
0.014450921872918902
0.014455694383806367
0.014459840771046673
0.014460470288113474
0.014458911564765094
0.014458598926342823
0.01445022740341039
0.014437089083315506
0.014433995182797454
0.014422736790159613
0.014401843973861078
0.014405147132646174
0.014431710250092544
0.014429948551768441
0.014394530132921
0.014363506065766257
0.014335422001618539
0.014309853884503097
0.014286038246912297
0.014263461679052496
0.014242143176238845
0.014221139369476549
0.014200164933601128
0.014179831448405966
0.014160962941350944
0.014144533145640802
0.01412979471531934
0.014115134658463936
0.01410134195619094
0.014088462863637439
0.014076335257752603
0.014064829849332454
0.014052140366139375
0.01403775328099193
0.014022344407729266
0.014009845057202243
0.014000141571788482
0.013989668440104568
0.013979213526594314
0.013969269317496421
0.013959052440701291
0.013947589993576603
0.013933822270117554
0.013920365964730626
0.013911758695188608
0.013903664942990984
0.013890203178011134
0.01387530799020692
0.013864544753284433
0.013859695085193049
0.013846415164868075
0.01378175125935676
0.013782620902221078
0.013789815287455546
0.01379636366606763
0.013802447574564315
0.013806841309013409
0.013809629677891401
0.013809075889011877
0.013809991808477183
0.0138090956759836
0.013802384905658696
0.013788731198818464
0.013779276143530817
0.01377297939715447
0.013766712175593266
0.013765414279436559
0.01378183097847557
0.013800397707625606
0.0138132092613941
0.013823336124365095
0.01382717847087538
0.01382301789927505
0.013817415797225953
0.013812311270069905
0.013806636350193118
0.013804585861486184
0.013797162113683948
0.013791272129345236
0.013776259556155902
0.013767729454098942
0.01376306824790469
0.013762115720437014
0.013757518775725378
0.013765784436550303
0.0137687925348761
0.013785108952974278
0.013775149146550508
0.013781477153970812
0.013792300411176846
0.01376976207814471
0.013672358677713036
0.013388881822330225
0.013446688048742998
0.013515303738845838
0.013569033081323142
0.013617706936709544
0.01367504451927706
0.013716483139540811
0.01377061477100213
0.013813005638109797
0.013863447142268929
0.013904547956316824
0.01395023662476361
0.013990559401765235
0.014026267609317649
0.014054089327532843
0.014078021161951646
0.01409693775172837
0.014117293314378337
0.014134764621766006
0.014145910466393588
0.014153843081899913
0.014154822950723418
0.014152616213935832
0.014149963845635207
0.014149352983374134
0.014160605856476455
0.014180256302897262
0.014194766633355532
0.014204415455936762
0.014213187205330385
0.014222467857209455
0.014229562491691342
0.014233612663231598
0.014240821810628525
0.014241104638779686
0.014233496541779455
0.014233762902694609
0.014228234952995565
0.014208520096616164
0.014211537709121815
0.014241585778502503
0.014242765152926988
0.014208747822110533
0.0141808772865863
0.014156210743446102
0.014134051190735259
0.014114960177209528
0.014097022796448698
0.014080032752050237
0.014064201117612272
0.014049097352157223
0.014033702328142543
0.014018103702724858
0.014003296395569407
0.013990666303413675
0.013978161451518834
0.01396549170651854
0.013954356513610131
0.013945256417786713
0.013935850086625949
0.013924117553581158
0.013910965168492339
0.013898439222963393
0.013887421496798523
0.01387611886779691
0.013863513967998817
0.013852921333773659
0.013846344153965132
0.013840076023880165
0.01383085084977447
0.013817997602030181
0.013805072492608116
0.01379663088798838
0.013789147785278075
0.013775848830972683
0.013761995177258447
0.013753931596638076
0.013749390439765533
0.013732471869202775
0.013669607194943107
0.013676200907118435
0.013683211436276214
0.013689956038043832
0.013697075563332094
0.013701374294413433
0.013703935848332845
0.013702436813172257
0.013700729567089323
0.013698237176307379
0.013692778380768454
0.013678089435868464
0.013664006650720192
0.013652469723036938
0.013640985199655937
0.013633728262664973
0.01364780624514102
0.013666174424591015
0.01367832744810073
0.013685573374272585
0.013686565574488437
0.01368230485442876
0.013673328879933744
0.013662147170402728
0.013650012124995522
0.013639443973122825
0.013623981438932828
0.013612534185565585
0.013595511722499086
0.013577303105271225
0.013565934014742747
0.013556578201264973
0.013543200181725952
0.013544098811025109
0.013540662015271775
0.013551050831570786
0.013533432156765954
0.01353288992915685
0.013537856109199227
0.013513740457186861
0.0134112802005907
0.01315978108203903
0.013216877165291418
0.013279539231490082
0.013324548886736698
0.013368917732280307
0.013422709078494488
0.013465016571799958
0.01352246784896519
0.013565009066053806
0.013615671806793659
0.013657380046429215
0.01370263255615156
0.013743257175070725
0.013779530896416411
0.013809760697593128
0.013833938141885533
0.013852567447419317
0.013872011027158888
0.013888378871645162
0.0139004798926469
0.01391031700018307
0.013914105190748044
0.013914025593000038
0.013912581852919931
0.013915479192169448
0.013928902695407199
0.013950887070204568
0.013969602727995929
0.013985943614169103
0.013999295874381291
0.014011604585520233
0.014022152454344962
0.014030318179991636
0.01404053532517198
0.014046955088102372
0.014044042497173694
0.01404553729286952
0.014045319921970315
0.01402920057018673
0.014031071540041793
0.014064896863453559
0.014069113521877601
0.014037158357663056
0.01401203882276133
0.013990703759531771
0.013972319416150724
0.013957373102455616
0.013944805073486515
0.013934227460268933
0.01392482969323763
0.013916075062065545
0.013906303480583436
0.013894731919849659
0.013882317048310973
0.013870804373665179
0.013860480683719716
0.013848744773205114
0.013838021552003208
0.013830056095237402
0.013822055577465273
0.01381218494433913
0.01380095775651858
0.013790679278559788
0.013780743454315894
0.01376954027534136
0.013756652724401313
0.013745228464767608
0.013738965011500397
0.013734399080643127
0.013726861031915174
0.013716293308289147
0.013705907386433012
0.013699857067796936
0.013694131743435254
0.013683440669434844
0.013672209199659459
0.013668900494242707
0.013665822830758907
0.013644988338792598
0.013583154606680919
0.013595621680352247
0.01360110649869994
0.013606240363758414
0.01361158638160098
0.013614944509575976
0.013614975712080674
0.01361187125123963
0.013607837406125391
0.01360517058168443
0.013600528081825594
0.013585095438631399
0.013566919980996952
0.013551527821006625
0.013535273608894016
0.01352072653814349
0.013531322184123895
0.013546750111136832
0.013555846283537192
0.013559269880137031
0.013558540942332031
0.013551404285652215
0.013539586181502986
0.013524993851573037
0.013506167038593676
0.01349040938182881
0.013469092197042903
0.013453722612446197
0.013436643165075646
0.013414211407987812
0.013396010267045769
0.013381419582665222
0.013364617853115728
0.013356652536931534
0.013347937880744927
0.01335098774405561
0.013328155812274574
0.013317676885750442
0.013318087524624633
0.013287802421483235
0.013181321677219596
0.012958375831894626
0.013015499088088044
0.01307482287254652
0.01311417950081363
0.013152629827126422
0.01320073705556668
0.013241571762708227
0.01329793865265343
0.013343338564509375
0.013393654429598965
0.013435358171035746
0.013479692994094003
0.013520520992732366
0.013555722025283443
0.01358754591872709
0.013612330146137873
0.013632321720544942
0.013650675701152266
0.013666072997939135
0.013679877429653719
0.013691006764336978
0.013697995231868678
0.013701328231452366
0.013702087036615396
0.013709374372111912
0.013725638977340013
0.013749821195293015
0.013771110407829499
0.013792125720289827
0.01380981893097006
0.013824025383623734
0.013836888116343463
0.013846954743008618
0.013857851389261173
0.013867766210876476
0.013868080770710039
0.013870387037399862
0.013875474427838298
0.013866174478963038
0.013869876144056475
0.01390837047581236
0.013915188696651943
0.0138841512499223
0.013862102079933533
0.013844254036307383
0.013829761661495096
0.01381868290568321
0.013810578501026485
0.01380412098550449
0.01379821597318442
0.013793317178485295
0.013788263588283627
0.01378125848446945
0.013772470253878259
0.013763037531112899
0.013755266534522068
0.013745226334633346
0.01373534599031826
0.013728639944018788
0.013721651305273948
0.013713167236646492
0.013704016792359087
0.013695097910166171
0.013687186179775103
0.013678813823985884
0.013668466035090284
0.013657971647734433
0.013651735583505163
0.013647029997910436
0.013640266184932125
0.013633272369058721
0.013628010189877636
0.013625537455976628
0.013622849675482935
0.013615124633937844
0.013606825878387997
0.013608105967307747
0.013607248563146039
0.013581467208500033
0.013519327133345492
0.013537330738595862
0.013543076333693789
0.013546728585204247
0.013547688489753096
0.01354793993960542
0.01354549071742613
0.013541669656442582
0.01353577748083459
0.01353132303494593
0.013527003855587059
0.013513850404041901
0.0134931516305469
0.013474379623151726
0.01345432888027074
0.013434823488576936
0.013440104538127466
0.013449633717759528
0.01345371229270454
0.013452292081915786
0.013448989006629625
0.013436319419867669
0.013419910551596349
0.013402622356379491
0.013379373798854866
0.013360091714611978
0.013336099239054884
0.013316087224784987
0.013297243082624317
0.013274997787075306
0.01325176760103236
0.013231239183873356
0.013210406024974978
0.013194778195346254
0.013182485739744506
0.013180886640616939
0.013155711252955215
0.013137651850784169
0.0131299463361331
0.013092745714374469
0.012980371483773396
0.012784577782820326
0.012841817219938368
0.012898585512634812
0.012934811426751536
0.01296708206388963
0.013009839548313232
0.013047972700332852
0.013100381022799038
0.013146762165450139
0.013197268245238442
0.013239352782574107
0.013280901794579542
0.013322349817782738
0.013356189206230877
0.013388631031750642
0.01341336175007616
0.01343515273480703
0.013452864590243911
0.013467443977507763
0.013482331655268798
0.013493067684769152
0.013501862949432718
0.01351004723287882
0.01351447918805472
0.013526063508377604
0.013545732240488335
0.013572363294709261
0.013596368327863236
0.01362150924524162
0.013641487365141146
0.013657348118215324
0.01367304271538466
0.01368394976948415
0.013694781985496087
0.013708158753126806
0.013711087054571351
0.013716877781510614
0.013733282498421595
0.013731729142404487
0.013740763349869851
0.013781591628495312
0.013788486450536104
0.013758343663785496
0.013740484131084398
0.013727046690911186
0.013716552715796807
0.01370795523808328
0.013701240069457268
0.013696260886826659
0.01369240209841446
0.013688891578129183
0.013685654327643064
0.013681658500353416
0.013676209029588805
0.013670629349470506
0.01366457104037833
0.0136574018601423
0.01364951777242365
0.013642346900857373
0.013635361869124549
0.013628428269821103
0.013622252420717674
0.013616231972849644
0.013611778706202358
0.013606969146643704
0.013600150453968004
0.013592607984477497
0.013588185914517771
0.013584715718006866
0.013580777118101826
0.013577715408317256
0.013577880598269827
0.013580310530408604
0.013581517221479439
0.013577508750726316
0.013574052347074544
0.013577024588420613
0.013576905422488798
0.013544295394874199
0.013478531761940367
0.013497370953170142
0.013501278407480603
0.013503071818373772
0.013501860634715333
0.013497356063095267
0.013494626188492152
0.013491307037603751
0.013483980843263473
0.013474972065862522
0.01346882283817218
0.013458182065603182
0.013438591615226456
0.013417750464463828
0.013396144251147114
0.013375157165840486
0.013375728300670318
0.013378961478539843
0.013377965911266616
0.013371582637962476
0.013363699610649538
0.013346183952309762
0.01332350352675239
0.013302442470974646
0.013274555018966506
0.013250542872036995
0.013225587749522422
0.013201321798213848
0.01317812620922091
0.013152519004421088
0.013127719545280246
0.013101544837601491
0.013078285466128627
0.013055240950916053
0.013039273478049425
0.013034214304179668
0.013009343122409454
0.012986080558882795
0.01296990957942344
0.012926240449336353
0.012808543794859432
0.01263426640034598
0.012690698000702938
0.01274537016358241
0.012780808935521543
0.012810175586711959
0.0128501311417892
0.012883093893001997
0.012931507176525872
0.01297541041481164
0.01302508733601836
0.013066972274001637
0.013107015648452233
0.013147639170737286
0.013182061242167219
0.013214844389986588
0.013238678667783815
0.01326135868484111
0.0132779941122748
0.01329306200370735
0.013307257728903697
0.0133171126877668
0.013327698228204985
0.01333805565888487
0.01334511872503125
0.013361601789275314
0.013385956808961175
0.01341558375425786
0.013443569997862597
0.013469903077587806
0.013490054079083985
0.013509657928707598
0.013528035532922268
0.01354009485919128
0.013556840323833606
0.013575743052027592
0.01358516896881968
0.013596848113788723
0.013614860074384425
0.013614358228131247
0.013620617308490873
0.013664189810965125
0.013673393075382848
0.013648101303352776
0.013636062057942575
0.013629039035397689
0.01362318628424632
0.013617209424007702
0.013611612232647638
0.013607911558753499
0.013605204774117639
0.013602751923585833
0.013600106575807307
0.013597620557014014
0.013595876612686424
0.013593854875686866
0.013590274097473754
0.013586063817859746
0.013580505026277494
0.013574653175031847
0.013569307601734007
0.01356563500279158
0.01356164427366674
0.01355933413446623
0.013559027027067516
0.01355808063402035
0.013554812771795363
0.013551302475132022
0.013550949082787846
0.013552100593069152
0.013551696065969298
0.013551702829882361
0.013555680178578836
0.013561417370453101
0.01356448365731109
0.013562755361454959
0.013561710281210924
0.013564536700654922
0.013563594257460072
0.013528760280455044
0.013463173611952595
0.013480839069175854
0.013480689732886218
0.013477650545977785
0.013474458614414361
0.01346823492103714
0.013460914719412784
0.013455747662835072
0.01344783926723871
0.013435685513145673
0.013426070419844562
0.01341615308651102
0.013398114445854602
0.013375890274759003
0.013353730005356484
0.013330763082146308
0.013330142441894502
0.013329693837029605
0.013325757549450194
0.013316222719880125
0.013301518100455259
0.013279109731720317
0.01325125743665073
0.013225580038284668
0.01319384971038756
0.013164767887240355
0.013137510749317188
0.013108302834215081
0.013082658422171333
0.013053305635576409
0.013024388983685981
0.01299282437259134
0.012966450525256783
0.012940415733354695
0.012918168921867593
0.012908803460035116
0.012881900773348524
0.012856508895825083
0.012834253731917985
0.012786913469552498
0.012662199820133509
0.012503703184542692
0.012558467902288793
0.012611420719791913
0.012647043824336807
0.012675985530991677
0.012713906733811398
0.012743194222806247
0.012788274460183496
0.012827509175821598
0.012874129898592745
0.012914275298039846
0.012954318667794269
0.012993698640638464
0.013029151732284873
0.013061207027776554
0.013085999936439385
0.013108760491079917
0.013124364582835526
0.013140223270850994
0.013153395050009205
0.013164305824154258
0.01317632595220967
0.013185822705657785
0.013195475133420644
0.01321466131940198
0.013242185940433358
0.013277065765076946
0.0133072712785687
0.01333301044634162
0.01335659779228942
0.01338043652133612
0.01340430373296139
0.013422635049233921
0.013438895532658923
0.013459274979137128
0.013472138972481833
0.013485235574728834
0.013508190346827648
0.013514227423023998
0.013518145835597132
0.013565152874520155
0.013577377256592736
0.013555551678864674
0.013548007492435527
0.013545881417121222
0.01354338923318427
0.0135411993599362
0.013537693229829617
0.013534625780967289
0.013532973742725558
0.013532249740003005
0.013531985780389468
0.013532062104289366
0.013533340716044838
0.013534777697863435
0.013535389108902302
0.013533985385177777
0.013533136879249228
0.013531767719916566
0.013530271461496735
0.013529451456828493
0.013529132252231336
0.013531098220377229
0.013535717068792679
0.013539671511624664
0.013541241905762311
0.013542434646629629
0.013547662583818943
0.013553186176579576
0.01355565723853073
0.013557314331217787
0.013562827799875055
0.013569722800745542
0.01357322287168923
0.013571446376510803
0.013570438717939537
0.013573021562064393
0.01357247442019226
0.013538204571494704
0.01347593898283502
0.013490654204792611
0.01348806481972856
0.013480125859986522
0.013469693131718878
0.013460325700925325
0.013448047193293308
0.013435907911796646
0.013426386640065582
0.01341531071854665
0.01340428189272827
0.013391623503547116
0.01337410328355059
0.013351760325765048
0.01332535561703414
0.013299614940382006
0.013299771663695984
0.013297342717255134
0.013289794570282808
0.013276678657732816
0.01325711830379648
0.013232744254509996
0.013203990473079753
0.013172089502998202
0.013137744821158785
0.013103690373269165
0.013072507310306817
0.013040662514309192
0.013009360010754013
0.012978848101123956
0.012943259233292887
0.01290761965708662
0.012873405142684981
0.012843902223455236
0.01281701808170381
0.01280349906406384
0.01277270347783495
0.01274428169188662
0.012719569078853302
0.012668711743415474
0.012538966980221755
0.012394550682617047
0.012443745634346172
0.01249357910988022
0.012529029291916008
0.012558370961374684
0.01259474822270706
0.012623370628855582
0.01266555561737966
0.012700178460907001
0.012742335403437896
0.012779179653925266
0.012818748659191677
0.01285536929339948
0.012891051397925521
0.012922695272271016
0.012948876956770694
0.012971773837967914
0.012989091326707046
0.01300539514429348
0.013018551697092866
0.01303285810517974
0.013045355431288033
0.013054378188458341
0.013066507023575742
0.013085233250300693
0.013112649370362085
0.013150975234662264
0.013184902202601368
0.013216723791911592
0.01324288748724391
0.0132680799913907
0.013295134834552554
0.013315726686483386
0.01333308035405389
0.013356513521293412
0.013372509112844166
0.013385691522093249
0.013411156291027744
0.013424393527711546
0.013431480364093178
0.01348640035541445
0.01350258023571194
0.013483212394531105
0.013477428414861105
0.013477650517344071
0.013478011390358676
0.013478595948388414
0.013478440473899806
0.013477050574671964
0.013477555724400854
0.013478997494548825
0.013481149822386523
0.013485179113766248
0.01349026554615695
0.013495957124030412
0.0135012498284952
0.01350537422484234
0.013509438424426942
0.013512959921564477
0.013516190833836816
0.013519071603318576
0.013523168916652768
0.013529036259502185
0.013537727567891325
0.0135474928289563
0.013555073924267753
0.013561455611772653
0.013569627034348612
0.013577632576917522
0.01358278941168854
0.013587240403003038
0.013593802339077062
0.013600803193143024
0.013603493175887087
0.013601684994552252
0.013601092546919435
0.013604691712989012
0.013604601482108727
0.013571129021481818
0.01351083892476198
0.013522364669306963
0.013516057315380388
0.013506769455483111
0.013495401454110692
0.013481011992465116
0.013463512552107185
0.01344761717186575
0.01343392375867526
0.013417464065221329
0.01340310415346501
0.013387967820821673
0.013366444458561454
0.013342071152666175
0.013313997395529973
0.013284002651814949
0.013283127357112675
0.013277870250170139
0.013264699362957877
0.013249019239022716
0.013228513094520724
0.013202329391267123
0.013171784549075069
0.013136057632412919
0.01310021601248395
0.013063440859964769
0.013025277916232316
0.012990317098432513
0.01295293327905957
0.012920251288399298
0.01288018850493495
0.012840110832590155
0.012797606811737475
0.012763197864313035
0.012734018566979656
0.012716072122992169
0.012680811664189922
0.012649739161523175
0.012624148829745796
0.012570232077782573
0.012437573138752366
0.012303900584670065
0.012346328010534854
0.012391822222550693
0.012424466246843272
0.012453306141964533
0.012488338029450251
0.012516332913659941
0.012557551523891028
0.012589987819766602
0.012627751259172778
0.012661950031410355
0.012698534915108802
0.012734157150323909
0.01276640326258887
0.012797636873226659
0.012823766683756777
0.012846857050229426
0.012867261272220123
0.012885396598268008
0.012902066754857493
0.012918587325576877
0.012933380639790529
0.01294360640798731
0.012951633629788118
0.012968768153756177
0.01299710543943738
0.013038992491896459
0.013077333922301043
0.01311332881812807
0.01314266661475677
0.01316991409110205
0.013199004043827877
0.013222269227424067
0.013241505006075741
0.013266812678788143
0.013287184652591256
0.013302260328138705
0.013328476963395935
0.01334812831827882
0.013360452316105555
0.013424525316291644
0.013445916287540084
0.01343003718299634
0.01342478121395783
0.013425626462593446
0.013429210333317777
0.013432893804274123
0.0134375495427983
0.01344027523197009
0.013443342289644023
0.013448082065844443
0.013455509144091491
0.013463851190673061
0.013472916931858482
0.013482678710643545
0.013493943340831156
0.013504066383999425
0.013511979427689528
0.013519658887818208
0.01352733704382552
0.013535890776288778
0.01354573730717789
0.013556899473304445
0.013569484257410908
0.01358285848915366
0.013593693269377123
0.013602595915780741
0.013612059726054691
0.013622358712689912
0.01363064323991128
0.013637641204513525
0.013645120838765262
0.013652059790930269
0.013653888898096914
0.013652844587641311
0.013653019501003796
0.013655663844177515
0.013652881404633447
0.0136189567985994
0.013561623410176514
0.01357213028351062
0.013566570298775098
0.013555104687033564
0.013539428683921786
0.013523354639855439
0.013504486811579581
0.0134831501587501
0.013464463073986448
0.01344573312100714
0.01342520879674599
0.013405001762808013
0.013381508117726086
0.013351466658907126
0.013318193826573455
0.013284393608904925
0.013279938662146232
0.01327057616781811
0.01325536968876764
0.013235199108074294
0.013212652084308708
0.013183074177619037
0.013149636269933533
0.013112991565527943
0.013074286818480304
0.013034709382874852
0.012992493125583081
0.012953145589746466
0.012911468873623579
0.012873360857290208
0.012832303158123861
0.012788786778388146
0.012743940241799865
0.012702206645128004
0.012669126463808036
0.012646468618211247
0.012607788983778711
0.01257213377515912
0.01254502752617832
0.012490834255079061
0.012354218955622977
0.012231101843416158
0.012266656040119336
0.012306722792218469
0.01233570358685556
0.01236163476081771
0.012394518131465637
0.012419713565657353
0.012460882943267802
0.012492480927528143
0.01252805465501088
0.012559362796465455
0.012593405664939236
0.012627021141011314
0.012655610336685146
0.012686069821904403
0.01271102859609587
0.012736714086025244
0.012758672158794691
0.012780095988428355
0.012798118390311218
0.012815919219954657
0.012834384882299087
0.01284756816326683
0.012857957910721949
0.012873438383447499
0.012900561801669803
0.012943855873636521
0.012981704287096404
0.013021724451965267
0.01305507659282995
0.013083549135411238
0.01311626152881727
0.013142228002038785
0.013163291360984649
0.013193029427684851
0.013217958565528405
0.013236367586294163
0.013266574158949556
0.013291395640535185
0.013305931468101235
0.013377355208715146
0.013402328889197443
0.013389236713019646
0.013385231083351198
0.013387565626658757
0.01339430556705082
0.013403424103324093
0.013413624087873777
0.013422009835464453
0.013429436514890664
0.013438774861378882
0.013450510881720085
0.013462700684912022
0.013476598877575827
0.013491880515630612
0.013508590000490105
0.013523056072365064
0.013535868394792072
0.01354859388278571
0.013563097901983956
0.013578307279163777
0.013594680551621724
0.013611001721059626
0.013628074895387745
0.013643502069717714
0.013655465897207925
0.013665771089513678
0.013678645602044306
0.013692215616371468
0.01370269208084176
0.013710570952846314
0.013719940457445295
0.013728225365082168
0.01373004264187432
0.013728774992867676
0.013729117659623834
0.013729938846457389
0.013723853102011609
0.013687670759295893
0.013630146295952387
0.013639392842131805
0.01363306863466842
0.013621670735247796
0.013603958697432665
0.013583642909884112
0.013560485823250982
0.013535676523175808
0.013511331581271366
0.013486445525845906
0.01346095194218426
0.01343529495737078
0.013408187254677828
0.013374108485089142
0.013338894642385721
0.013301503672401816
0.013293784634762145
0.013281088994891324
0.013260100303331525
0.01323706516883881
0.013210470570969845
0.013177709106906856
0.013141094416093386
0.013101308414263824
0.013060016319579704
0.013016052256293282
0.012972410660429635
0.012927980000593331
0.012883966493346216
0.012841225570199698
0.012799563123762157
0.01275365506703283
0.012707251364343822
0.012661337686246128
0.012621278185306638
0.012595602967871006
0.012555097339876614
0.012514529569229719
0.01248369647199742
0.012429014663226216
0.012290029700165846
0.012178774806605239
0.01220703958171653
0.012241506037152957
0.01226522308245949
0.0122859006531456
0.012315558989207633
0.012338121505122776
0.012376991099949664
0.012407470064718542
0.012442715493532083
0.012470579877402143
0.01250169466921978
0.012532252962661632
0.012561521380356622
0.012589509418909415
0.01261457738420606
0.012638679598738264
0.0126626807158888
0.01268718294507144
0.012709160772991666
0.012730402543125397
0.01275058797427885
0.012767794481438019
0.012778756049022573
0.012794882324948144
0.012821711020627019
0.012864647901452187
0.012904442654751467
0.012944818455668278
0.012981252514583357
0.013012950578013655
0.013048009171872191
0.013077731071971369
0.013102446087104251
0.013135571947518342
0.0131649296992832
0.013189369973617884
0.013223598699406373
0.013252296187315753
0.013271123626704526
0.013345217672711313
0.013372495210456723
0.013361601207156877
0.013360850290215429
0.013366329732213786
0.0133767115740352
0.01339105954397101
0.013406857843388138
0.013421732995838941
0.013435981270131002
0.013449756904905722
0.013465234165944482
0.013482016795835711
0.013501083463140605
0.013522588601828438
0.01354336442067556
0.01356286721732091
0.01358214120102886
0.013602175898693152
0.013623343787944619
0.013645755706738273
0.013666149465885038
0.013685513951764509
0.01370559100531121
0.0137232506466575
0.013737312812989512
0.013751328897432715
0.013766729397137249
0.013781416738995167
0.01379204206253517
0.013801281179862818
0.013812969982830279
0.01382247152681659
0.013823353986536535
0.013820033418165527
0.01382008217149689
0.013819165137575525
0.013810537460718947
0.0137719607890021
0.013713321401761876
0.013720925563911116
0.013714106715300736
0.013700679013450725
0.013681378945994173
0.013658529533559113
0.01363053149636392
0.013600300916451107
0.013570500899894112
0.013540443970935397
0.013507882270803913
0.013475003808229797
0.013444306685671871
0.013407432175074317
0.013368739818767197
0.013330797634615912
0.013321080437211582
0.013304583855403293
0.013280888302004351
0.013251430425872306
0.01322107231742194
0.013182979741283112
0.01314180814299866
0.013098837056986681
0.013055088492001037
0.013009064357914367
0.012961464733536422
0.012915142230075293
0.012867668642244038
0.012823246754887427
0.012778821082716912
0.012732965648809142
0.012683659688313047
0.012635727103553648
0.012590439472017552
0.012560811239870247
0.012520214143444279
0.01247803167849539
0.012443226361323768
0.012386586992657996
0.012245526936581316
0.012139793569306228
0.012161446976137486
0.012188898056495704
0.012208368254360152
0.012225172604680253
0.012251475130596389
0.012271956352373221
0.012307671192571479
0.012335940094366796
0.012368638711250586
0.012396191263446056
0.01242450780107786
0.01245332502460435
0.012477965254251724
0.012506466777118242
0.012532182665232872
0.012560669027789649
0.01258600029763014
0.012612302120512892
0.012635294105158717
0.01265724313327016
0.012679882929124604
0.012699355926900928
0.01271466450265873
0.012731896110163194
0.012758984635358982
0.01280290055567953
0.01284246391548601
0.01288560437723301
0.01292496752273748
0.01295800899923994
0.012996017778224376
0.013030453788440116
0.013058581952439119
0.013094953691434347
0.013130035241761635
0.013157860667461236
0.013195774421449792
0.013231361237607259
0.01325422973561841
0.013328256066106001
0.013356474058427093
0.013348946444665439
0.013353533188304373
0.013364136269950179
0.013379661541796407
0.013397922563539152
0.01341797049129151
0.013438761393434202
0.013460270925486413
0.013480488352793025
0.01350206342054769
0.013523848798203841
0.01354854275863498
0.013575295742527764
0.013602101950680248
0.013628334652354707
0.01365577670895021
0.013683105553401976
0.013710640043105175
0.013737919216131527
0.01376213443405288
0.013784270003744142
0.013805586185562983
0.013825052355480844
0.013842734788740244
0.013860078634982965
0.01387748861629568
0.013891962549598486
0.013902514882653243
0.013912712369564557
0.013923940875050295
0.013932671259472368
0.01393160593251774
0.013926114310527794
0.013924351838930017
0.013922131879896184
0.013910322879944783
0.01387020658274292
0.013811534298230364
0.01381532680343563
0.013806035304785351
0.013791905252437441
0.013770684886550706
0.01374392793644847
0.01371187126228661
0.013676922057840248
0.013640367618269384
0.01360362388694885
0.013565049227047103
0.013527076989665803
0.013491025509813716
0.013452276722632613
0.013411235468159637
0.013372597641112281
0.013360474199634868
0.013339265092746203
0.01331077269352399
0.013275717723508346
0.013239567713128194
0.013196260983010109
0.01314986464756906
0.013102140024597222
0.013054578312254699
0.013006715138549629
0.012957911272399269
0.012910061573100528
0.01286094322283647
0.012812257190420758
0.012766859825154284
0.01271975264970698
0.012669952141724292
0.012619610798258539
0.012573044936241928
0.012540848213981284
0.012498509437115867
0.012455817705426926
0.012418445613598204
0.012360401687712921
0.01221557150414503
0.012114038293984733
0.012130062283299867
0.01215079859314167
0.012165326730429235
0.01217785674878688
0.012200282081891473
0.012217417578545935
0.012251146641306353
0.012277954782153048
0.012309263782459922
0.012333489616087288
0.012361346407966288
0.012387916551804629
0.012415564145622638
0.01244282844081057
0.012471489937281784
0.012499371406420798
0.012527021644962843
0.012552955792571156
0.012576994085401163
0.01259914477792413
0.012622157537692011
0.01264442694016471
0.012663053877544544
0.012684167361535693
0.012711174326742087
0.012755567143639304
0.012798445927911255
0.012843714140723833
0.01288598456605913
0.012922842136456248
0.012961946300302278
0.012999835900505428
0.01303407896848579
0.01307344873000517
0.013111813500123838
0.013143168517538
0.013185973532337943
0.013227297796113006
0.01325265842863002
0.013326310687295062
0.01335527241956517
0.013352128055176986
0.013363100275651081
0.01338146920577989
0.013402053864199596
0.013423758521452694
0.01344825472074323
0.01347480268510413
0.013502207880393826
0.013530277639333189
0.01355778106097857
0.013585177101474746
0.013615822733858422
0.013648028966802138
0.013681063937726782
0.013715324755473232
0.01375054657706861
0.013783978975837451
0.013816442428497928
0.013847059660267117
0.01387480324765214
0.013900677414187103
0.013924033960490707
0.013945135630773908
0.013964885188061387
0.013984750422329117
0.01400400126653194
0.014019052844935915
0.014029630260604723
0.014038302498386494
0.014046845646279789
0.014052801033828732
0.014049725759132957
0.014041903567764465
0.01403898144610191
0.01403494003373134
0.014019521630629538
0.013977944392969965
0.01392060297334709
0.01392273769754476
0.013911158152941534
0.013893278206459327
0.013868092645596228
0.013837849619539867
0.013802684146034968
0.013761737820295565
0.013718774922997232
0.013676626300589304
0.013633627687710929
0.01359079638398778
0.013548982569302224
0.013507573991312569
0.013463054939670333
0.013423686181921102
0.013409893372638634
0.01338312942569318
0.013349892182253301
0.013307693487718424
0.013264155506132712
0.013214741786935803
0.013163554812821186
0.013111889484308973
0.013059735485518469
0.013008550996263751
0.012956053832978515
0.012904351714873275
0.01285486354527154
0.012806460849528533
0.012760961085484853
0.012712871803071422
0.012660511038616503
0.012611347268529909
0.012565101884936645
0.012532212601226993
0.012489589362039139
0.012446273986597194
0.012408091706696545
0.012347801366257145
0.012198299324264143
0.012096695874037547
0.012108032780576188
0.012123896812324179
0.01213266355467047
0.012141364577846717
0.01215994706159557
0.012174482841391117
0.012205121101598979
0.012231496319261964
0.012262602123622408
0.012289024648866026
0.012316814683057353
0.012344686312404006
0.012370075976183087
0.012399200414505833
0.012426841344742008
0.01245600422575267
0.012482256290590998
0.01250923433946435
0.012532543841026967
0.012555330479229073
0.012577863802424455
0.012602162761535118
0.012624945030396722
0.012649450981921554
0.01268043821805348
0.012728095256590471
0.012772976221958677
0.01282195529926717
0.012867346310904191
0.012906209672783336
0.012948834500505274
0.012991359405653925
0.013027168014957367
0.01306844540233809
0.013111532097684224
0.013146765873289628
0.013191199329355942
0.013236474286218955
0.013267364386515212
0.013344060086335915
0.013375798072052945
0.013377017577959616
0.013394905514715741
0.013419606002631177
0.013445397036580188
0.013471963806163022
0.013502296618275102
0.013534284198107656
0.013567902873912723
0.013602667144892246
0.013636683290278173
0.013671143369854677
0.013707845319990876
0.013745707759157868
0.013784527386553006
0.013825575726339683
0.013865905211871267
0.01390448998902052
0.013941574622629314
0.013975977972470504
0.014007482612216153
0.014037144196457504
0.014063845790325387
0.014086960776071487
0.014107597820223939
0.014127556894388552
0.014146919997156313
0.014162107600439811
0.014170658269660118
0.0141767183908529
0.014182750605473686
0.014185530202742993
0.014179617233805716
0.014169936627747255
0.01416489815416097
0.014158357819955553
0.014139752126732234
0.0140967163222618
0.014039224262298214
0.01403878931059989
0.014024051579353724
0.014002126922829658
0.013972597162571014
0.013938234095851544
0.013899521551566513
0.013856210335442326
0.013809331952455579
0.013760264334461612
0.013712266018750975
0.01366571506412923
0.013617525154333943
0.013570868095247483
0.013523019430480784
0.013482096072171374
0.013465482893750828
0.013434125516568706
0.013393904545285471
0.013345040166916435
0.013293783376801802
0.013238420964283275
0.01318325824669362
0.013126637678900875
0.013069853486830025
0.013014178390331302
0.012958689816731959
0.012902825194845697
0.012850799462201915
0.012799742827891413
0.012752134833136093
0.012705450684428268
0.012655608345486766
0.012608840801791227
0.012564268227337097
0.012530928969344851
0.01248735487180594
0.012442704687049898
0.012404705423923192
0.012343208948914547
0.012189628436115424
0.012084669009257533
0.01209402835701197
0.012106555949604796
0.012110731329381858
0.012114872842785514
0.012130086461732756
0.012142728981112504
0.012173051496831667
0.012199626228007701
0.012231755235327399
0.012258051380295579
0.012287568310253138
0.012315883825334615
0.012342349486466522
0.0123696120716696
0.01239713654548978
0.012425617551993173
0.012452750013136992
0.01247875220301472
0.01250254605695588
0.01252474825230056
0.012549816582454396
0.012575389382557811
0.012601335390016549
0.012631078245256184
0.012666970507743716
0.012721244149862811
0.012769485266062766
0.01281837969121987
0.012866979120993053
0.012909520339576607
0.012954182628389987
0.012999143065851707
0.013038379387339614
0.013083098332807274
0.013128970566591205
0.013166303486901952
0.013212746373377465
0.013264123947312953
0.013302056582661783
0.013383341247358346
0.013418229671198063
0.013424571206406583
0.013447245171342777
0.013476424756564917
0.013508767299877534
0.013542363440628797
0.01357934321247526
0.01361676094877925
0.013656728148650875
0.013697510055473459
0.013740287484086372
0.01378224718049305
0.013824910449336314
0.013867297823293967
0.013910770541492548
0.013955652774936059
0.014000469038731806
0.014043707690585943
0.014085987305899859
0.014124926868432959
0.014160281279315566
0.01419156427766062
0.014221268331731924
0.014246994628650232
0.014267745419165558
0.014285973237278583
0.014303603273853202
0.014316988257156328
0.01432355043657029
0.014328226336563764
0.014332167885290525
0.014330974114164318
0.014321428538110472
0.014309803280773985
0.01430210621092962
0.014292922241186546
0.014271494788337623
0.014226114321328096
0.014166071784542949
0.0141619984730224
0.014143358457935804
0.014116002920321
0.014082687157462151
0.014045578032273534
0.014003090389295132
0.013956872678309673
0.013906947596094035
0.013853236526277185
0.013799917301095263
0.013748064673252333
0.013695229635414844
0.013643177187403434
0.013590555505523794
0.01354543851444127
0.013524807238525723
0.013487153258229169
0.01344102976803204
0.013385757692497995
0.01332749303358677
0.013267706917307767
0.013207481796458795
0.013146105273305578
0.013084605162336527
0.013024420054922135
0.012964968658556945
0.012905143114751726
0.012849691212972025
0.012797035697729576
0.012748511178357952
0.012699785037109147
0.012648234360490888
0.012601094254058734
0.012559302102969785
0.012528906489580147
0.012486892612777032
0.0124413314652615
0.012401238221147425
0.012337185283915978
0.012180425094715638
0.012075368692333794
0.012082920658634116
0.01209324557342247
0.012095556762769664
0.012097724273858988
0.01211137770511965
0.012123041957713299
0.012153266310535954
0.012179288135248168
0.0122110676715615
0.012238682897663085
0.0122698307264461
0.012299857177245164
0.012326418955698026
0.012352495683497507
0.012378690144009476
0.012406965760405774
0.012434125022607788
0.012461290108348285
0.012484888623590748
0.012509922285200294
0.012536475371988065
0.01256572387543999
0.012594324021813477
0.012628807787536483
0.012671643301262987
0.012730493279362551
0.012781633203910077
0.012832761895372701
0.012883024120969455
0.012927369566632667
0.012975994538576728
0.013026663543849452
0.01306914411122212
0.013115455102773555
0.013166070305395357
0.01320793407917457
0.013256315030040183
0.013312644773357052
0.013357124159717328
0.013443550825925563
0.013481338782689423
0.013492981276909243
0.013519594441448894
0.013553428071330153
0.013593154567463548
0.013636103564046605
0.013679153927336068
0.013723393871789412
0.013769866218607025
0.013818801624161702
0.013869554976573856
0.013919049337085241
0.013966615025397863
0.014013568906730806
0.01406116354147817
0.01410966888940143
0.014157823125605875
0.014205310873218153
0.014251871850856634
0.01429555540817023
0.014333336703926159
0.014365512907167803
0.014396263899980832
0.01442232474004013
0.014441679363849866
0.014458088083744594
0.014473208366399589
0.014484037628653154
0.014490012001046272
0.014492718902549443
0.014493475159043472
0.014488971876661212
0.014476602745222347
0.014462781910333436
0.014452605279194678
0.014439159997750976
0.014413207905441056
0.014363330762083801
0.014299156407670172
0.014290291781477095
0.01426722739523218
0.014235311783831285
0.014198176696234764
0.014156616224159903
0.014109064761570634
0.014058781175167605
0.014005823359407865
0.013948190700646958
0.013890960208637441
0.013834374436451745
0.013775691025177426
0.01371758560396278
0.013660368047913467
0.013610531447799822
0.013584052581261889
0.01354068330163948
0.013489907905861305
0.013429273396979304
0.013365302625543387
0.013300121845215939
0.013234390596631328
0.013167687916702147
0.01310174148258201
0.013036565887348636
0.012973114719458098
0.012910702452080614
0.012852070794843205
0.012797543549618321
0.012748164572346943
0.01269731791367655
0.012643754192853313
0.012595088467189836
0.012552712701014976
0.012523452252762128
0.012483606273300737
0.012438989083234238
0.01239758446085185
0.012331304398854359
0.012172697720694278
0.01206861295914128
0.012074869532535254
0.012084322483901165
0.0120865101969802
0.012088017017417138
0.012101023844932793
0.012112776246235645
0.012142065265927371
0.012168105488209124
0.012200482406659406
0.012229036343014497
0.012260934116637194
0.012292425274554698
0.012319716264834092
0.012346239302239562
0.012371179416780979
0.012399065094565023
0.012426055984981126
0.012454929553429693
0.012481922904523754
0.012509375618299467
0.012539771674413312
0.012571470745733167
0.012605130692507047
0.012643173728567375
0.012691589164360603
0.012755529972885357
0.012809071553311454
0.012862291558784152
0.012915901209831729
0.012964447643883449
0.013016593347600849
0.013070735433499212
0.013118667826705385
0.01317052469478435
0.013226038570299383
0.013270887069606916
0.013321436432650012
0.013383815408405247
0.013435786700917118
0.013527805725941028
0.013570140085475649
0.013586675370903925
0.013618177478271399
0.013658550992194318
0.013706663044606396
0.013756650540575514
0.01380644628868216
0.013858898848617181
0.01391403457971304
0.013970168617529487
0.0140273663892756
0.014082215394125972
0.014134558613212198
0.014186308599489699
0.014239114430073021
0.014291094700148204
0.014341914489155935
0.014392030604916938
0.014441038913781184
0.014486163146323453
0.014525071228482242
0.014558418287691062
0.014587256419687392
0.014610297957958658
0.014628074271428149
0.014643270797884501
0.014655106096113995
0.014664107802523006
0.014668903953048124
0.014668307873268002
0.01466586941857592
0.014659075280618977
0.014644478144371647
0.014627691422498654
0.014612479330889005
0.014592827893405923
0.01456170540773971
0.014507175477267212
0.014437307084923811
0.014423571236403839
0.014396266828399973
0.01435832672850827
0.014314434032418877
0.014266632313236887
0.014213391043851513
0.014158155142282778
0.014101728238626921
0.014040748644284928
0.013980036670309219
0.01391835177253683
0.0138532058122854
0.013789699126979542
0.013727973757093148
0.013672894205444987
0.013641666351272841
0.01359429374020664
0.013538968040899216
0.013473329853340217
0.013404385473804476
0.013333381612274155
0.013260947175177933
0.01318937439117085
0.013119813423918634
0.013050638565103348
0.012983525635649053
0.012919124077495858
0.01285735569292518
0.0127998494518339
0.012748757783858339
0.012696275983518527
0.012640771438137351
0.012589810291878986
0.012545565368581339
0.01251750812965717
0.012480037722868188
0.01243700964579295
0.012395833748129675
0.012327837799858615
0.01216673521522844
0.01206347305845025
0.012070009654955057
0.012079243688306523
0.012082166305884516
0.012084640784851747
0.012097686208867843
0.012109338227851192
0.012138459047592738
0.012164596508072358
0.012198906654664783
0.012227309479829716
0.012258988115843458
0.012290911400440231
0.01232045222129903
0.01234864210246146
0.012374312490140598
0.012401300232375465
0.012429814609895388
0.012460555066838434
0.012493377639740146
0.012524535778773264
0.012558675214896337
0.012594261354774643
0.012632314744776888
0.012675334298151753
0.012725575711457644
0.01279413142401787
0.012853195254778935
0.01291045737152267
0.012967115225285016
0.013020319965285802
0.013077616139926456
0.013136682867682456
0.013189257740522625
0.013245560758473492
0.013305891953067217
0.013357177740581372
0.013414090113363234
0.013480031231585608
0.013538415274144153
0.013634594975491004
0.013681898101675158
0.013704303700576851
0.013742891514188867
0.013792372921222092
0.013847595851300434
0.013903092841171576
0.013960390873814505
0.014021045651121854
0.014083439386090343
0.01414601070618432
0.014207845932053903
0.014267348986306702
0.014324799334229601
0.014382708771984292
0.01444038087881859
0.014496433972136177
0.014549738034091871
0.014601255497030573
0.014649468457567875
0.014693376477382355
0.014732190731766872
0.014765011768656099
0.014791070765953613
0.014812055791678052
0.01482923204014518
0.014841772355812383
0.01485121377299643
0.014858135417148303
0.014859921533002685
0.014856082461324773
0.0148502164035594
0.014839314481021604
0.014822189031332669
0.014800826208952875
0.0147785973092045
0.014752581306936595
0.014716508774552908
0.014657129191794368
0.014581263942067837
0.014559981921342125
0.014526333648503186
0.014481485143438059
0.01443016844181218
0.014375490116359385
0.014316036558894837
0.014255530968154824
0.014195187124419341
0.014129221031268338
0.014064220416156592
0.013998494878076471
0.01392796719747957
0.013858994467244447
0.013792016747992745
0.013732475714133528
0.013695661059070295
0.01364455938370707
0.013584764682248231
0.013513082854589159
0.01344023573514569
0.013363964364975622
0.013287273701664819
0.013211622646294073
0.013139116734360162
0.013066027725815933
0.012995756870816139
0.012928340931312015
0.012863952545710341
0.012803242832047462
0.012749210887232283
0.012695010179125037
0.012637250444308594
0.012584995054639728
0.012539168198528898
0.012511609231890361
0.012476119100698855
0.012434491900202519
0.012394108992551243
0.012325366682008726
0.0121621083001349
0.012061078491067752
0.012068841359430498
0.01207850997035682
0.012082127185047701
0.012085853083849957
0.012100055375862723
0.012112592487180522
0.012142045290241989
0.012169130397731308
0.012204002090355048
0.012233645981130315
0.012264748252886608
0.012297139088199516
0.01232841091959977
0.012359512244644995
0.012387149286315251
0.012416567056948446
0.012447632527660306
0.012482993859159474
0.012519910346676334
0.012557426943789531
0.012593954726925745
0.012633868739862572
0.012675515400835028
0.012723148773489547
0.012777957446032072
0.012849516991974567
0.012914419373473447
0.012977443715336212
0.013039995691754288
0.013098140645677391
0.013158782292292257
0.013222311813714142
0.013281136028044179
0.013343904306756079
0.013409780707813207
0.013467799625794837
0.013529957575094877
0.013600244901700337
0.013666493219784985
0.013767777195395833
0.013820578601735765
0.013851145389917555
0.013899805577195029
0.013958856092667157
0.014020303525985732
0.01408280582441281
0.014147986362277421
0.01421509532826572
0.014282645671565702
0.014350824024418068
0.014416970122571194
0.014481942454428983
0.014546196656386127
0.014610076153494217
0.01467097845563822
0.01472907199935326
0.014783593378608129
0.014834487320402696
0.014880321967205602
0.01492118962640701
0.01495666352398391
0.014986040982676535
0.015010413289794048
0.015030759475119702
0.015045671150658194
0.01505539857894885
0.015062192975643946
0.01506594670262305
0.015062083651190732
0.015054219786361615
0.015042721140179335
0.0150271219462823
0.015004772052128863
0.014976903205951882
0.014948117068073703
0.014916154812379455
0.014874314288464956
0.014809392307484305
0.014726805118607363
0.014696982455383065
0.014654626977379504
0.014602470855236097
0.014544563269757187
0.014483842726465121
0.014417692685147018
0.014351652264801057
0.0142861563261874
0.014214412604070043
0.014143939735482175
0.014074973026596136
0.013998736072364414
0.013924263065070424
0.013851950797000943
0.013789441773274689
0.01374630835227016
0.01368953813500038
0.01362317698045497
0.013547345287013082
0.01346991637704287
0.013390679286368423
0.013312394585197646
0.013234286008969334
0.013158806974579381
0.01308128003428826
0.01300739801195631
0.012936167690495808
0.012869308552896275
0.012805690760113569
0.012748673347461367
0.012692730812525588
0.012633417096940498
0.012580386346095266
0.012533766088993366
0.012506256174913865
0.012471733334609212
0.012431492801398537
0.012391883641563904
0.012323528134584882
0.01215952989224958
0.012062684609867976
0.01207293471679985
0.01208403803016984
0.012087992100084264
0.01209302801207564
0.012108429264025663
0.012122254560918026
0.012153013120817966
0.012181039532566289
0.012216417068676962
0.012247984116006062
0.012280120917008627
0.012314284935452991
0.012347040019487178
0.012381624394934794
0.012412453705199535
0.012447515600514662
0.012483409486673971
0.01252403792504392
0.012565443509887688
0.012608023869159811
0.012649332500302354
0.012691427081088804
0.012737396779650184
0.012789395818685817
0.012850973205264241
0.012927224745091215
0.0129962248845758
0.013063362626608167
0.01313139294608085
0.013196143015757283
0.013262739987575305
0.013331795883684619
0.013395747495375764
0.013463047146337469
0.013534916638141164
0.013602744082232613
0.013673521826131135
0.013751219808084188
0.013823048918880736
0.013928183166262166
0.013988035270210801
0.014027964471875355
0.014088479061192486
0.014155248113143545
0.01422341336672478
0.014293202587050274
0.014365329011351857
0.014436978011524777
0.014509404204550378
0.014582022036956733
0.014652845681295473
0.014723270180461951
0.01479353730511971
0.014860157163931586
0.014922173029217922
0.014979832205125596
0.015034271401089667
0.015084260267035432
0.015127849745826125
0.01516530697261836
0.015195985090880201
0.015220736044056212
0.015244308790737564
0.015262789599741432
0.015274464934110193
0.015280879362240448
0.015284986844736179
0.015283637374495328
0.015273552083617359
0.015259042653163647
0.015241484109607252
0.01521895336219401
0.015188623205163995
0.015154673905548392
0.015120750894700458
0.01508088022469387
0.015032240934010451
0.014961237332155033
0.014870988888984502
0.01483180666258639
0.01478081668564261
0.014721506925824544
0.01465791389370292
0.014591528764118926
0.014518691025944884
0.014446347653887833
0.01437491657051328
0.014297446992110139
0.01422149431573775
0.014147928539622708
0.014065287458544299
0.013985381936288637
0.013909007037056914
0.013844392730267706
0.013795214721813106
0.013731079806782093
0.013657694586405792
0.013577888327920801
0.013496392134831656
0.013414825602827949
0.013335202651369135
0.013255274453520588
0.013176495667692946
0.013095177437026914
0.013017949064834573
0.012943398692271865
0.012873077846576812
0.012806978062848182
0.012747703851626251
0.012689486512330077
0.012629334864099655
0.012576146852239962
0.012529596623135408
0.012502028674807694
0.012468196156003034
0.012429841294140032
0.012391742487612337
0.012324396598289582
0.012160482149755937
0.012069285225633131
0.012082201311784588
0.012095722828098428
0.012100357031647156
0.012107160242245682
0.012124331936381053
0.012139328834933013
0.012172437703346941
0.012201552476525004
0.012238877274385957
0.012272163617259996
0.012308390541236315
0.012344486055051718
0.012381149729120782
0.012418931512532053
0.012456167307126424
0.012496273842898992
0.012539217748814536
0.012584258218185776
0.012630437577027035
0.012676511087377546
0.012723460606905355
0.012768704120602955
0.012819048089193201
0.01287636857015044
0.012944177711160382
0.013025691688530816
0.013099486385047574
0.013171226373587334
0.01324318718274517
0.013313539770788722
0.01338561259467977
0.01346105070773927
0.013533421276867493
0.013608462108811614
0.01368924725545272
0.013765687406320386
0.01384350616287228
0.013926598018502392
0.014005012165685015
0.014115465264389612
0.014184369715286992
0.014236473957947067
0.0143078242835834
0.01438367603600763
0.014459291067616703
0.01453791508219281
0.014615832324271065
0.0146929618839535
0.014769919032565528
0.014846590834114687
0.014922199877065716
0.014996889383936538
0.015069089810515116
0.01513638354659945
0.015198548979077369
0.015255530798931185
0.015309251305951193
0.015357055565567794
0.015396625806178012
0.015428245447565814
0.015452346453178827
0.015472913380709954
0.015492587278846795
0.015506827553408375
0.015514020619183916
0.015517377263223088
0.015516451124441803
0.015508072973781241
0.015490485112477446
0.015468820741813974
0.01544328149899928
0.015412471127685625
0.015373669575418672
0.015333718550542837
0.015292990977459706
0.015244882569629706
0.01518917687399474
0.015111713442142174
0.015014246364447408
0.014965929251705482
0.014906282246461781
0.014838804897270066
0.014769057935576741
0.014696794091456855
0.014618569481891764
0.014541030616446618
0.014463287613671187
0.014379464576251312
0.014297555911709154
0.01421786482573551
0.014128607021705913
0.014043967394058233
0.013964942842894328
0.01389713471473413
0.013842063650692968
0.013770823198542352
0.013691480643451059
0.013607694827368923
0.013522019885580114
0.01343762104484639
0.013355601544966011
0.0132732739220617
0.013192160193827919
0.013107847641197072
0.013028046448653442
0.012950728790058232
0.012877175356857819
0.012808659468476646
0.012747488455338865
0.012687589797850563
0.012626499653224068
0.01257347055860965
0.012527181038306957
0.012500037195861305
0.012467091124470179
0.01243047413480331
0.012394310726046662
0.012328684170572826
0.012165537201924988
0.012081599862668211
0.012097742724357041
0.012113902756589906
0.012120468381631586
0.01212892600382473
0.012148820832296082
0.012165794450619823
0.012201468316603271
0.012233715518340921
0.012273606658698914
0.012309980063408704
0.012351130496350126
0.012391121582250891
0.012432220562120122
0.012474742971067114
0.012518657165337975
0.012564377571702985
0.012613449041804444
0.01266374166693495
0.01271479490772387
0.012765458330067989
0.012816835431664708
0.012867384487273637
0.01292056093019124
0.012983508007317488
0.013057666876897321
0.013144662178398594
0.013222886901766661
0.013299233670077595
0.013376755443055317
0.01345393995752104
0.01353272536459321
0.013614427122550872
0.013695323482252879
0.013777862650684812
0.013867709273849414
0.01395494675723037
0.014041813054090458
0.014132981041134637
0.01422166924519943
0.014341571434723454
0.01442136853138341
0.01448486128418525
0.014565887147856355
0.01464972688911928
0.01473452290936866
0.014820129924470958
0.014904032612817203
0.01498609332630836
0.015066376240242244
0.015144441466098975
0.015222281133690268
0.015298094073228127
0.015370255213938155
0.015437136382523352
0.015498592204137428
0.015555030536358387
0.01560740861551982
0.015650235859599827
0.015684292591201892
0.015709507048523683
0.015727953692924776
0.015743541762986066
0.015757507561214575
0.015766226707621168
0.015769086492910714
0.015767254506885327
0.015760428014261366
0.015744145158602913
0.015719414975525613
0.01568834071505211
0.015654967538191903
0.015615522102906242
0.015568449304226226
0.01552020752238608
0.015471428464365503
0.015415876312063382
0.015352014339627951
0.015266166746720848
0.015161470457616085
0.01510727241871436
0.015040567975640013
0.014965504693876414
0.014888777844153657
0.014810894340611367
0.014726637742476024
0.014643133135886947
0.014558096020259545
0.014465368991277493
0.014374416313337366
0.014285638813701252
0.014188941900133993
0.014100115508594998
0.01401797032067104
0.013946551241189912
0.013885158660034933
0.013807125469850714
0.013723543374722296
0.013636666945133621
0.013546856986133315
0.013458880848108428
0.013374451920408223
0.013288660503152201
0.01320518695952139
0.013119304948994381
0.013037404742855833
0.012958341422910209
0.012882586343066391
0.012811880469233638
0.01274848799446557
0.012687829447088343
0.0126264843316722
0.012573993839678953
0.012527913973746143
0.012501266943212984
0.012469060456762151
0.012433741957849073
0.01239956975376821
0.012335771762947373
0.012174966821057004
0.012101446702905794
0.012121988014292193
0.012141735668949886
0.012151165258264075
0.012160907548812301
0.012183507709978466
0.01220433747731739
0.01224280763404873
0.012279337519875134
0.01232284949318354
0.012364422866641118
0.012410582591483171
0.0124572502966102
0.012503099741404157
0.012552277348153281
0.01260148600754097
0.012653783508910686
0.012707312831158809
0.012763839940803
0.012820042974168461
0.012875970029635898
0.012931358932937505
0.012987651632437935
0.013043642707936285
0.013117410687617712
0.013204394139442174
0.013293720479442533
0.013375440130719573
0.013457032211688867
0.013541889610379486
0.01362686119225867
0.013712851498600218
0.013802082771676539
0.013891254443445782
0.013982287619098588
0.014079668927703097
0.014174816298636773
0.014269677446761683
0.01436944571662773
0.014468857997675878
0.014599883111595921
0.014690548093376648
0.014763501713372712
0.014851584647714968
0.01494288822425959
0.015036152748773185
0.015128058930766086
0.015217509396558828
0.01530400740278652
0.01538725682866964
0.015466382148324947
0.015543917919651746
0.015618682095295093
0.015690269255023252
0.015755075580878894
0.01581460977031984
0.01586886501192285
0.0159165438025636
0.015952149253889682
0.015977957556689338
0.015995753757237087
0.01600828569303999
0.016017447273238495
0.016024081713180417
0.016026340923586194
0.016021881341620005
0.01601312641419089
0.01599780655179491
0.015973941554528644
0.015939090834114693
0.015898639123847178
0.01585540867822385
0.015807370904516983
0.01575166459068702
0.015694785112476073
0.015638595787699456
0.01557577125254744
0.015503332921781209
0.015408671452081135
0.01529805086386309
0.015236412805138233
0.015160585197205137
0.015077056689520692
0.01499231936319338
0.014907951411193558
0.014821236082703328
0.014735065258734593
0.014646018438854387
0.014548393561955565
0.014452971840476454
0.014359644320534454
0.014259304425684906
0.01416650289373846
0.014080644743101568
0.014005231455253068
0.013930327296372069
0.013841399576318558
0.013750588035497995
0.01366164840755208
0.013568945465737272
0.013477823544039678
0.013390808165912399
0.013301773707813143
0.0132151213625875
0.013129098715526958
0.01304561990157398
0.01296574226396624
0.012889351695983426
0.012817118481966525
0.012751515225866155
0.012690697143509358
0.012630285107533055
0.012578538893250375
0.01253273249774828
0.012506440861051077
0.012474652367664221
0.012441138391080558
0.012409657853204978
0.01234865604258234
0.012190949256238063
0.012130519180624397
0.012155441586439112
0.012179781685567635
0.012193445982184354
0.012206412062421228
0.012231421933559779
0.012257323099960889
0.012299918285643077
0.012340644525269907
0.012389524928392012
0.012437401293319415
0.01248936281071686
0.012543541126492131
0.012595333290656254
0.012651910724550304
0.012706682904902334
0.01276549459731418
0.01282342097310074
0.012886472294309973
0.01294763390059569
0.013013548269230294
0.013078823186962638
0.01314271629264976
0.013206184488605256
0.013280241586605953
0.013372104087442795
0.013466492931314349
0.0135551904779729
0.013646067480649567
0.013738435593003622
0.013831289283301611
0.013925287954529339
0.014022695539860712
0.014119601136383962
0.014218857035164132
0.014324422042926676
0.014428472836531547
0.014534463584691324
0.014646818937220705
0.014760725830500912
0.014903600364816243
0.015003349329138637
0.015083926916834519
0.015177890908558447
0.015276323651762479
0.015376638098753819
0.015472366484989768
0.015565741669221821
0.015655989294272768
0.015741396602180366
0.015820835468632215
0.01589612023185226
0.015968451197433228
0.016037139253801454
0.016097584012065135
0.016152693750642072
0.016202233981273993
0.016241367365073173
0.01626911567251519
0.0162865241693315
0.01629708037866615
0.016303110509683555
0.01630540788527505
0.01630507298130036
0.01629916575456155
0.01628601759148799
0.016267057901605837
0.01624215528849623
0.016207941820960213
0.016162137191611612
0.016109831847304617
0.016056809672429503
0.015999178791186824
0.01593593365988129
0.015870459478158027
0.015807145403683068
0.015734800301103392
0.01565345081303582
0.015550472804510263
0.015434768183091122
0.01536479300732586
0.015280403962610425
0.015189135725766793
0.015097192486683123
0.015005634605967447
0.014912945023745664
0.014820217957212698
0.014724044931042249
0.01462010357996242
0.014518501229113008
0.014418418401847821
0.014313389211811644
0.014216425772354034
0.014125883149293902
0.014047286889730571
0.013969021571314381
0.013878061444091575
0.013785055227351623
0.0136917558016692
0.013593182618058156
0.013495927860342313
0.013403331827605891
0.013312481686721271
0.013223480118018186
0.013138331912025101
0.013053821572058704
0.012973318780308433
0.012897716709175182
0.012825078881552324
0.012758270767034813
0.012697402027737432
0.012638484236477596
0.012588064992513685
0.012542567366706631
0.012516600454637868
0.012485875943143543
0.01245499207899449
0.012426539137615709
0.0123697133832908
0.012215632199719724
0.01217073379453305
0.012199249024155067
0.012228722266215759
0.012248215693833064
0.012266776255665714
0.012297135556226548
0.01232795267473231
0.012376023856452728
0.012421569130214555
0.012477322380830361
0.012531518040255325
0.012590889024959213
0.012652771176846687
0.012713138823516042
0.012776238499462335
0.012837687538159271
0.012905320898110126
0.012973375438588187
0.013043354905953427
0.013111871939129051
0.01317769078436683
0.013249496875548786
0.013318764123912162
0.01338818529829803
0.013474892209746023
0.013574581830755288
0.01367600260566709
0.013773632861140446
0.013873241536843243
0.01397361078763052
0.014076910633683246
0.014181206442958191
0.014288298927442732
0.014395543701774968
0.0145067394458124
0.014621128321379918
0.014733155889518457
0.014849933035219181
0.014974171160393328
0.015099424589865375
0.015250260215347032
0.01535795977052693
0.015443381269357702
0.015542743483661102
0.01564636789894764
0.01575051600019603
0.01584928409404976
0.015945398830125086
0.016038398820133692
0.016124168432614792
0.0162027533319608
0.016275766243078388
0.016346690915275075
0.016409745464935344
0.016463825529856202
0.016512682039565713
0.016554305397703778
0.016584018650233998
0.016602582712884825
0.016610921231955074
0.016613719658837893
0.016613159518671265
0.016608365223776907
0.016599962471164305
0.016583639589146697
0.016559160448775492
0.016527818468561183
0.01649028965374103
0.016443078169371524
0.016384174329442093
0.016320743861949094
0.016257180865734827
0.016191031538719862
0.01611914804535599
0.016046400196582888
0.01597347696591068
0.01589192191311535
0.015800709770134747
0.01568999594447904
0.015568541170789072
0.0154900945493783
0.015397714959946365
0.015298938257359592
0.015200379627689341
0.01510198830307523
0.015001645948341295
0.014900687221459498
0.014796368681627993
0.014687006980046617
0.014580916169786302
0.014476164171179855
0.014367502237562989
0.01426793674500642
0.014173332118108178
0.014092067655867836
0.014008873353247317
0.013912746376773024
0.013814200952964819
0.013716587254968347
0.013617097446654887
0.01351925038034724
0.013423888801074032
0.0133294038163487
0.013235717543393428
0.013148555280296001
0.013063313934332781
0.012983101058736611
0.012909281761601794
0.012837308080298
0.012770500425212784
0.01270993640468424
0.012652508970417083
0.012603917390592337
0.012558724242129463
0.012533156307784923
0.012504434018241008
0.012477351592560675
0.012452617563492436
0.012400515520540816
0.012250712406235525
0.012222657901019857
0.012256569383732624
0.012291844518881576
0.012318355353652315
0.012344308842193591
0.012382200160021006
0.012419311797455245
0.01247460591071713
0.012526204004729511
0.012589611425401465
0.01265005735591081
0.01271764285725216
0.01278864188698424
0.012861850909511342
0.012933964676979468
0.013003778253733366
0.013072702617469276
0.013146107950392645
0.013220142454452431
0.013296285746521112
0.013374820918692536
0.013452654398638134
0.013531474090475646
0.013613019484248944
0.01370588316407196
0.013815980028827217
0.013928405400772361
0.014037086523086512
0.014147601148811858
0.01425941670206481
0.014372430399116653
0.014486362074529392
0.01460251910564802
0.014720133898797772
0.01484022383138397
0.014962161341594882
0.015083666430185374
0.01521099832645687
0.015346872610243393
0.015484449091485119
0.01564258247232683
0.015756643657626024
0.01584682185913081
0.015952239125801723
0.01605971890859992
0.016165369016111597
0.0162675053444269
0.016365284983188684
0.01645819256512543
0.016543496945812888
0.016620025010810245
0.016690101428029954
0.01675565195869763
0.016810497326630532
0.01685595947076872
0.016895176456038323
0.016925756937656945
0.016944309905946378
0.016951100581966576
0.01694878188173467
0.016943641548920887
0.01693380792423735
0.01692098442437372
0.01690180691667783
0.016873277342511036
0.016835233295747612
0.01679130840856294
0.016739185125720618
0.01667764932459873
0.016605770456933254
0.01653137953710762
0.016458124911902003
0.016382629028486494
0.016301157331237003
0.016220279464851845
0.016137490704617768
0.016046039175078877
0.015945694956145992
0.01582574834792003
0.015698642725214554
0.015611816434708058
0.015511853191684254
0.015407013642001064
0.015302572211736615
0.015197639290867745
0.015087785182699773
0.014976649962150122
0.014864696070659962
0.014750513350808177
0.014641493803041729
0.014533445785593608
0.01442205696773755
0.014321413593474452
0.014223618367989785
0.014139094638646328
0.014051650531413275
0.013951588700349444
0.01385000161784063
0.013749004337904824
0.01364690325166604
0.013545063684526444
0.013444868888981063
0.01334810966534563
0.013253565484555158
0.013167929371969428
0.013083007037292382
0.01300136078127218
0.012926751830686041
0.01285507321401095
0.012789644356391247
0.012730408361271841
0.012674013743365235
0.012627111305521183
0.012582534235805323
0.012558122085735084
0.012532301460330318
0.012509794161692617
0.012490082600451332
0.01244219798493864
0.01229778729278075
0.012290679584548755
0.012332184805229298
0.012374223356070727
0.012408256671440774
0.012442864550675456
0.012489194637417614
0.012534427683758646
0.01259872247839194
0.01265889074570275
0.012732714533242154
0.012802448305089864
0.012879601157029
0.01295588858136986
0.013034517397195978
0.013112312612454595
0.013190257911747752
0.0132700596752608
0.013348103812197537
0.013433739559244776
0.013519947059140038
0.013606053946336797
0.013697085852232387
0.013785687130468943
0.013874677945966425
0.01398265431064256
0.014104871343997674
0.014227894582781318
0.01434565986591482
0.014465515228158098
0.014588396530550326
0.014712500671175886
0.014837676518972998
0.014965065852705564
0.015094587514073202
0.01522468588499788
0.015357070151892516
0.015492543234883244
0.01563265007563053
0.01577840982630172
0.015923261449796503
0.016085516524532405
0.016204058725260984
0.016297227569421088
0.0164061090496468
0.016515000581337848
0.016620497558599977
0.016721977620977227
0.01681810536935367
0.01690774855941861
0.01698949727295345
0.017062323189555396
0.017128112576478463
0.017184875164853806
0.017229164222279502
0.01726639937877312
0.017294007359904513
0.017311369706675832
0.017316264384935002
0.017309969953300905
0.01729819873635117
0.017282900605458586
0.017263486418846865
0.017240162243883327
0.017208942806895007
0.01716582153707097
0.01711486104943634
0.01705602195974179
0.016990202305802393
0.016913848703151234
0.016830117389902255
0.01674467015113157
0.01666178780131215
0.01657461763085093
0.016482929345115797
0.016391231503528975
0.01629897990781933
0.016197524476980554
0.016087784321232527
0.015958158154157583
0.01582486856333996
0.015729514005442452
0.015623688696564747
0.015514155669212427
0.015403674801007131
0.01529122921715081
0.015172335095676424
0.015052928713719844
0.01493412722098519
0.014814715700906107
0.014703421362766325
0.014593822893780844
0.014480661042303753
0.014378402726496396
0.014277007811435339
0.014189534031612997
0.014098888906890126
0.01399572573190945
0.013890651106034433
0.013787584261181391
0.013683295515570702
0.01357803402127881
0.013477349541902295
0.013378523232022696
0.013283184567093959
0.013196723305643358
0.013110938819462336
0.013031164515950967
0.012956383869292185
0.012886734928761969
0.01282105529985821
0.012761757837771656
0.01270467269334714
0.012659110964263379
0.012616407570626738
0.012594203915889703
0.012572508512088267
0.012556181487218857
0.012541511779187567
0.012498097051661241
0.012359430041537889
0.012380744990414999
0.012432539280106705
0.012482994755359175
0.01252380554427046
0.012568489701881676
0.01262525140807438
0.01268238904395395
0.01275706083770643
0.012828100806039562
0.012906521117713189
0.012982041346829088
0.013064695935003465
0.01315229985691598
0.013235937495273555
0.013325856384259123
0.013413188009363851
0.01350190158199621
0.01359362132008406
0.013686226059196623
0.013785182765243969
0.013885331941744173
0.013983725392434228
0.014085479940168344
0.014190562007024047
0.014307299113832187
0.014440945134563149
0.01457706513535521
0.014706272674638752
0.014837912528394772
0.014973787853533517
0.01511130324296746
0.015250265185093712
0.01538795081401966
0.015526385546113523
0.01566564490095056
0.015808934182924998
0.01595531688444442
0.01610451092123337
0.016256972445836296
0.016405545981916535
0.016570215347221452
0.016692439814952772
0.0167888100430108
0.016898808538938572
0.017008019682650095
0.01711275144074072
0.01721062647512983
0.017302635219123397
0.01738741094264523
0.017464268450037606
0.01753159174319426
0.017591176792431613
0.017635932618454614
0.01767042468108541
0.017696467680834767
0.01771288403798084
0.017715070925830856
0.017704670148023047
0.017684212180896115
0.01766056339050412
0.01763371425490027
0.017601567263268274
0.0175650472466217
0.017519253915046155
0.017461553243689434
0.017396668287198908
0.01732440608215981
0.01724463204961555
0.017154620366052326
0.017058037861732843
0.01696215823197512
0.016868020469337715
0.016769281169847973
0.016666072251107795
0.0165632526202388
0.01646056189308718
0.01634915711225333
0.01622844905403486
0.016090001592353395
0.01594880837075934
0.015845726818185555
0.015734877484173387
0.015620329175770763
0.015502805789633953
0.015382849857295215
0.015257020792594982
0.015132214754085039
0.015008114403926872
0.014883979892999286
0.014770726239370409
0.014660047115623898
0.01454591645281872
0.014441624827752152
0.014336844728368105
0.01424642221538154
0.014151837677215933
0.014046472557904359
0.013938865716790752
0.013832894622375146
0.013727884143904124
0.013622987192109231
0.013520770920848956
0.013422508466065016
0.013328524987437496
0.013240063693599898
0.013158527738955258
0.013077983356355512
0.01300477678646332
0.012936110432426168
0.012870067336056949
0.012810629108024323
0.01275228672982624
0.012706107650235152
0.012663530098552733
0.012644306292994758
0.0126271141752228
0.012617279603909149
0.012609664273029958
0.012572092317776042
0.012440085664160373
0.012500124483031743
0.012564350405468824
0.012625087103220151
0.012674448068946602
0.012726663589780494
0.012793206156010862
0.012860117586628536
0.012943040408961107
0.013025847692980267
0.013112536713725349
0.01319938334906382
0.013291217149821302
0.013386551610153691
0.013482173458874359
0.013578254378267953
0.013680592723409657
0.013780152454999852
0.01388239252275652
0.013991335542930824
0.014100150411595727
0.014211619144051202
0.014327717007046867
0.014442225404522696
0.014555393160472434
0.01469037412652261
0.014841584211341543
0.01498795288180432
0.01512622585152524
0.0152686811778756
0.015415695597648545
0.015564484187564382
0.01571452385368312
0.01586321779669173
0.016011658005343515
0.016160632876475896
0.01631705638239488
0.01647461500549724
0.016631514172907945
0.016788378754069862
0.016940457841032024
0.01710835709477126
0.01723189935205334
0.017330671806094017
0.017439029302493133
0.017544633316828137
0.0176455957560378
0.017737017269276536
0.01782148204215203
0.01789979025596488
0.017968643787697854
0.01802742624342708
0.018075668487153394
0.018107392443209615
0.01812907632263453
0.018141767633126395
0.018142860487888733
0.0181288446548445
0.01810083856351985
0.018066667828493997
0.018030972807677573
0.017991404474233103
0.017944631169431333
0.017893066563371838
0.017830693342412184
0.017759276426475935
0.017680923610097033
0.01759630449287777
0.017502942403927944
0.01739856186560009
0.017289537491450263
0.017183083285953853
0.017077220344727227
0.016966172295543133
0.01685160596993973
0.01673786433040498
0.016624993541720326
0.01650221575244335
0.01637048745981041
0.01622272315624003
0.01607453972406847
0.01596429431883624
0.01584737012921858
0.015726985979298922
0.015602783817723044
0.015475958009301821
0.015345540735017503
0.015218274188212163
0.015091496391770575
0.014964902521252007
0.014849017855032044
0.014735990485762369
0.014619871348585878
0.014512966020335579
0.014405330568502094
0.014312354328113293
0.014215377390633553
0.014106651473340401
0.01399613563710022
0.01388950509032867
0.013785518939175425
0.0136802241972712
0.013580675944192792
0.013483440158105462
0.013390025872966102
0.013303705305575871
0.01322226204081774
0.013144182190661819
0.01307252099853805
0.013003756744240102
0.012941799942856774
0.01288141694610529
0.012823471821497439
0.012776369803365903
0.012734897959755642
0.012717304566452859
0.012702008781411651
0.012698549524040093
0.012698160537580768
0.012666440823770397
0.012544077899376083
0.012653431324661712
0.012728339025226899
0.012799685103898305
0.012858526642689884
0.012921238060748888
0.012997928940862762
0.013077948337472
0.013172269357489502
0.013264987518603805
0.01336446395172722
0.013460383716141219
0.013565666205526843
0.013668986401755071
0.013776922014788596
0.013887764089373138
0.013997201594687559
0.01411451254759979
0.01423123486906635
0.014348523255365482
0.014476449680806813
0.01460423930296598
0.014729779389053867
0.014859562457050056
0.014993356152268007
0.015139750934539929
0.015298850233977255
0.0154554258757661
0.015606626274967363
0.015762619772955077
0.015921061341390295
0.016083102158854848
0.016245154110030198
0.016407057162482808
0.01656756247313352
0.016726841442858555
0.016891282411705122
0.01705579945771815
0.017213375779205984
0.017368924727191724
0.017521827318236333
0.017687192810799623
0.0178102185921186
0.017906673722495867
0.018011763669957267
0.01811267359597751
0.01820647457928818
0.018290412955395217
0.0183662498275851
0.01843635263081641
0.01849322510594186
0.018540741201530736
0.01857500937793524
0.01859383335290333
0.018600136173770314
0.018596239267101286
0.018579621329188938
0.018547929239838494
0.01850590397178858
0.018458969329487315
0.018410778746349023
0.018355767865752767
0.018293988758898507
0.018224750452335146
0.01814585319583172
0.018058262204093664
0.017967621497878474
0.017869843730105542
0.01776223807496973
0.017643533559119816
0.01752367887280074
0.01740536628729675
0.017288153024904725
0.017165310831611245
0.01704021941199432
0.01691561955467625
0.016792819218545134
0.016657930893619593
0.016515266861631614
0.016358750672103524
0.016205647070921127
0.016089167924086774
0.01596591826472723
0.015839463810067234
0.01570864934952052
0.015576200836621071
0.015443117964529511
0.015314322866038624
0.015185982692762385
0.015058280269388286
0.014940715986851509
0.01482521787811296
0.014706983377265368
0.014597984561105044
0.014487721803286512
0.014391427994584479
0.014290732972642129
0.014180656551938675
0.014069742388138521
0.013961206429907835
0.01385911784520046
0.013758480374193218
0.013658504252464825
0.01356338886113684
0.013473602601037778
0.013386581216343266
0.013307231839289118
0.013232159401877797
0.013160054212862576
0.013096097867746266
0.013035330170983187
0.012977393645717039
0.012920874653882572
0.012875604301109999
0.01283689001680786
0.012821907532579349
0.01280953408801202
0.012812426557980254
0.012819211783617918
0.012796156483093755
0.012685435191925398
0.012850379998347176
0.01293613240545247
0.013018686957660421
0.013088610904011491
0.013163824318426753
0.013250939965269761
0.013344382564835772
0.013452552583093181
0.013554760043388101
0.013669073343023912
0.013778224263030645
0.01389431769610092
0.014013862708338275
0.014131156496648173
0.01425713034766709
0.014383869577525094
0.014510105839211317
0.01464487485005565
0.014781610381822146
0.01491884331578576
0.015060107258562595
0.015206500224036405
0.015351937681539037
0.015496037528590243
0.015656436532270397
0.015832038922720462
0.016003031224039864
0.016165112080268253
0.016332275859605117
0.0165004706194265
0.01667095592175709
0.016841475267078364
0.01701134498338124
0.01718001352782681
0.01734681156948874
0.017517877978469806
0.017684206513141554
0.017839124632589853
0.01799200376695336
0.018145353427470704
0.01830636922359641
0.018425248704626987
0.018517369699835737
0.018617177937166746
0.01871094606666536
0.01879658009598157
0.018871418389520115
0.018937698702031
0.01899407280278559
0.01903802129626531
0.01907114547710721
0.01909102112534739
0.01909382203927837
0.019084624332775375
0.019060243640908935
0.019024641667891955
0.01897607842364902
0.018919444964406066
0.018859369356572342
0.018795328377331173
0.018724846297384058
0.018646073300879244
0.018558670541576453
0.018460964133722398
0.018358326301309204
0.018251920653349702
0.0181395231179094
0.018017061861136684
0.01788649670580631
0.017755886124917734
0.017626922282383304
0.017498772001377588
0.01736642567548664
0.017229995203728317
0.01709558393770842
0.01696160463378507
0.01681605363230667
0.016663442377378684
0.01650060758673599
0.01634382502239894
0.016222043106616194
0.016092559206077477
0.015959995729114412
0.015824624504680126
0.01568921356100849
0.015555361643489966
0.015425235743039733
0.015295141164097758
0.015166205341994077
0.015046189815388968
0.014927292481592334
0.014807139428944615
0.014696779194975399
0.014585176195334308
0.014487705464069441
0.014384959469756306
0.014271642254004246
0.014161786444649582
0.01405605912240426
0.013955378759696888
0.01385492066350509
0.01375959610139524
0.013667627457529322
0.013577874806718265
0.013494521163760986
0.013418001484375736
0.013343173362128858
0.013275848774852944
0.01321376650355868
0.013154714638124666
0.013102130024971813
0.013048858567050351
0.013008474788094974
0.012972509670715806
0.01296180807541574
0.012955396541697558
0.01296394613863492
0.012979308580897547
0.012967860541645865
0.01287025900379665
0.013098944039222786
0.013197055458742878
0.013291084743636942
0.013374115169047067
0.01346279770678944
0.013563837130486645
0.013667831102734736
0.013791250400202152
0.013909420778270846
0.014034829166144056
0.014161034183055895
0.014289362835103592
0.01442368685973415
0.01456049842460343
0.014696398261482106
0.014838784340149753
0.01498528857338206
0.015131401463937308
0.015281083863169643
0.015439331384857629
0.015596879132050255
0.015753740705694526
0.015913250310998092
0.016076934232133744
0.016251443718844814
0.01643258273005594
0.016615109120213835
0.01678727623815716
0.016962265033234142
0.01713906519963748
0.01731724256665424
0.017495005425719815
0.01767264246762801
0.01784863322414857
0.018022296050226694
0.01819564567131253
0.018360601119054853
0.018513566083968078
0.018663738781026826
0.018809692653957003
0.018960092149008196
0.01907078493639367
0.019154862615703087
0.01924608770825602
0.019330052301897167
0.019404841173392737
0.019467293382175854
0.01952012119046834
0.019559838883947415
0.019587044918882565
0.019603679970320094
0.019605607872150974
0.019592030627966644
0.019562221801149225
0.019520473749034754
0.019464753099308185
0.019401347009052407
0.019328658429565666
0.019255165309695663
0.019174921180897187
0.01908870522831417
0.018991925184382228
0.01888631630074747
0.01877197549981346
0.018652780816391743
0.018529082956128377
0.018400062681711432
0.018263709666224037
0.018122956482922427
0.01798298407344517
0.017844566310281088
0.017707779752188065
0.0175661520657677
0.017419913017056914
0.01727560626696613
0.01713070157580989
0.01697585999496518
0.016816649013036058
0.016650270249592543
0.016491179037362358
0.01636408278039891
0.016228031299694263
0.01608976121657054
0.015950893147415476
0.015813395473340895
0.015679212042816415
0.015548777364814682
0.015418365230623114
0.015289646561364677
0.015168585866327976
0.015046887607298557
0.014924279366018454
0.014811703835435796
0.014698484173646826
0.01460039538211773
0.014497843235207855
0.014386154968341832
0.014279197794037494
0.01417354527027457
0.014075512569764786
0.013980233323282555
0.013886106975707012
0.013795231096439705
0.0137115364053347
0.013630443129038595
0.013554993659194433
0.013486275328136434
0.013421866638876047
0.013360301746374353
0.013309165714395152
0.013260821621625505
0.013213669506540978
0.013179848038661322
0.01314758963311697
0.013144243374393218
0.013145485860418539
0.01316134876325703
0.013185819757780269
0.013188143686683489
0.013105831290075871
0.013408820696852862
0.013520728464472885
0.013628081212315544
0.013724462848425429
0.013827391354098984
0.01394304034880367
0.014060421248679098
0.014198710136895743
0.01433500033089271
0.014473750263810823
0.014615390240586201
0.014762975339044884
0.014909644177481142
0.015063656913278468
0.015219928581988753
0.01537393298301545
0.015533239207990166
0.0156990787609465
0.015864702150450036
0.016032361514680564
0.01620279136442701
0.01637905738654516
0.01655401494581546
0.016725093152134152
0.016906099302357775
0.017100361733558212
0.017292166233557837
0.017474289106554783
0.01765810464287395
0.017841725492591783
0.018025103908559572
0.018206208697848905
0.018384721246752
0.018561359744804506
0.018735681667521625
0.018905644956823096
0.01906390727995321
0.019209923750755878
0.01935346972074307
0.01948827749443707
0.019624593184913965
0.01972224402074425
0.019796119092109227
0.019875904402661564
0.019949063866906213
0.020010666518017823
0.020059537377562563
0.020094999718626425
0.020117294848726666
0.020127207633350942
0.020125024900918255
0.02010742908317524
0.020073441762840708
0.02002377644862753
0.01996297717564746
0.01989036958929558
0.019810982912004175
0.019723147577802688
0.01963233123152343
0.01953693698431095
0.019433321775981893
0.019320347126633487
0.019197458184713904
0.01906755938809694
0.018931613271225528
0.01879138035080797
0.018644767616458398
0.018497280876389667
0.01834719786682853
0.018199491430457522
0.018053996014640347
0.01791052683295384
0.017760417816277956
0.0176062320605736
0.017452282445987524
0.017297832147156723
0.01713703956733951
0.016975454151972418
0.016807890871565947
0.016647116094240563
0.016514469018259634
0.01637321813684235
0.01623011691549787
0.016088047295477997
0.015949264877783705
0.015813905198154843
0.015682928675332542
0.01555291931096989
0.015425428485863282
0.015304328462460898
0.015181720681103576
0.015058148998549561
0.01494486496324178
0.014832198831851651
0.014735199412903213
0.014631810196171356
0.014522107934321212
0.014421073287667863
0.01432049833416175
0.014223762955804933
0.014128986954713728
0.014040608365962548
0.013956366153045689
0.013874550854512648
0.013795813801230714
0.013728110891872446
0.013662061283611734
0.013600624469193603
0.013549250773502997
0.013502742795018481
0.013460823790678672
0.01342198846636903
0.013395144899860972
0.013370768239117892
0.013376543368217333
0.013387042308743997
0.01341237873272684
0.013447939169382977
0.013466020908228002
0.013401048742524463
0.013785736667942186
0.01391289298991215
0.014033794755478517
0.014144177109855088
0.014261095599602161
0.01439189595724736
0.014526652977226167
0.014678618275815798
0.01483325246204596
0.014990888106817911
0.015144522559792479
0.015308737255526221
0.015475220109255467
0.01564172661240582
0.015812092422724137
0.015984701218693786
0.016158130049245805
0.01633223828503943
0.016511301625480805
0.016694033531516647
0.016877070095814944
0.017060637397214782
0.01724318954691659
0.01742551964124384
0.01761573872999904
0.017812808659782763
0.018010019837286242
0.01819663467173576
0.018382637837988887
0.018568854958983357
0.018752655835610123
0.0189313468933419
0.019108912471635296
0.019282929443191935
0.01945262314023673
0.01961484440314775
0.01976239929289194
0.019898696734773916
0.020029538967127128
0.02014801431525428
0.020266357897236787
0.02034895049922964
0.02040843509278764
0.020476214778935558
0.02053347220319637
0.020580245295114503
0.020611372521094032
0.020630320019641702
0.020634175280726155
0.020626607972776226
0.020603458889326694
0.02056595142235225
0.020510636058036685
0.020441904190992448
0.020361828063764156
0.0202724115153276
0.020176404769452275
0.020074167853021047
0.019967246103744646
0.01985550714484185
0.019736453237058183
0.01960968713453748
0.019473270763481994
0.01932924498644255
0.019179644666204955
0.019023311733915742
0.01886332588919286
0.018704687754036366
0.018548393702296946
0.018394941342557963
0.018245191870839856
0.01809524048884282
0.0179387677035047
0.017777897772675112
0.0176174107132014
0.017455553875985956
0.017291911745108687
0.01713006980903759
0.01696299938283195
0.016802104015186232
0.01666446375722458
0.016519174121335745
0.016373762386807385
0.01623056304545685
0.016091372742007004
0.015955478435240516
0.015824997041307028
0.015696525403035018
0.015570893422217421
0.015450041362280297
0.0153274702585583
0.015203788418318058
0.015091382228310631
0.014980062470829338
0.014884757221719
0.014784101427060603
0.014680438642998485
0.014583098882513836
0.014487172464664444
0.014395360610756648
0.014308051547960936
0.014223182091904856
0.014142736979794844
0.014068707485555897
0.013997575774678946
0.01393288976905234
0.01387170176321922
0.013822140391457799
0.013777375048956873
0.013736658882906457
0.01370691077426394
0.013675890911785102
0.013658133578623315
0.013646537252732065
0.01366274816286764
0.013684376984333755
0.013722100273013441
0.013770979411842051
0.013808029085111102
0.013763444790200438
0.014228228351029524
0.01436879980065214
0.014500854149233442
0.014624146435972867
0.01475450872910534
0.014901075431463781
0.01505293441806088
0.015224063857056895
0.01539128841670147
0.015564091107630788
0.01573466143371036
0.015910367975167983
0.016089465115990645
0.016270464557542205
0.016453979237003768
0.01663624923237328
0.016818469466192445
0.01700412437887019
0.017192461209116508
0.017381021551103187
0.017569607535528595
0.017758763697010998
0.017946805904807527
0.018131650767265733
0.01832363015386738
0.018521518063678757
0.018716857807007527
0.018901530356416587
0.01908621516827499
0.019268330871480836
0.019445140090693123
0.019615623827696892
0.019784893707542467
0.01994983183231225
0.0201077508214146
0.02025590033227986
0.020389889006995822
0.020509909472840322
0.020624016537312953
0.02072324865823119
0.02082063194933264
0.020888539310700976
0.02093351042326054
0.020985607946906862
0.021024656210715257
0.0210548946936917
0.021068505343652198
0.021070673865275415
0.021059658218300047
0.02103501298993027
0.02099212216322878
0.02093572787132912
0.020861668797422756
0.02077595326994061
0.02067829334573184
0.02057288109149033
0.020462958288931073
0.020346771100594796
0.020227755461690523
0.020102205613999172
0.019971308767664342
0.01983286561715665
0.019685853480408116
0.019530343240018212
0.019369799919269487
0.019200822236002706
0.01903113977626832
0.01886436624989353
0.018703162145142876
0.018546858222592492
0.018394516460387547
0.018240680153047854
0.018080073091442356
0.017915021012248226
0.017750597003388782
0.017585511397116598
0.01742222119938493
0.017261309417206782
0.0170968171787921
0.016936516423505424
0.016796602899517874
0.01664934851857445
0.016504178612307324
0.016361716402241582
0.016222561558845577
0.016086640747453362
0.015958007895056553
0.015832466118975957
0.015709924543938106
0.015590902965159786
0.015471502735232815
0.015349999349617695
0.015240149634509901
0.015132135011276769
0.015038919800424003
0.014941598164040676
0.014844636969602339
0.014754410649417925
0.014666212154371203
0.014581383613714572
0.014500211579347423
0.014423921646054143
0.014351949384634074
0.014284094962604736
0.014220981950909433
0.014165593787953531
0.014116444170779306
0.014073675741750447
0.014036621603364705
0.0140081737379869
0.013989692682398702
0.013970755494957557
0.013965528625369737
0.013967151337884069
0.013998009075307835
0.014033192459462999
0.014086687704111237
0.014152884084451579
0.014210272034733839
0.01418917099988679
0.014696157472182336
0.014846614158539512
0.014988828457265437
0.015123565015848247
0.01526738822719531
0.015424939719501388
0.01558958004499769
0.015775115858769014
0.015954924388644785
0.01613565410055382
0.01631276387103106
0.016497190716376443
0.016688210949053074
0.016873225364882893
0.017059409328570592
0.017247485819751225
0.01743790117552444
0.0176307991406675
0.017810383363749866
0.017995982099039888
0.018186198294131362
0.018377295928338144
0.01856899529961304
0.018748112954772553
0.018923558498062053
0.019110842433121313
0.019294101801398414
0.01947092837690629
0.01964755428120453
0.019819647938743568
0.019985693791267616
0.020143613823181146
0.020300350070854588
0.020452492053790933
0.02059401515026437
0.020725256307158595
0.0208421490381567
0.020943990828110926
0.021038722075713556
0.021119990857351112
0.02119744686957465
0.021252091900393053
0.021284747490811023
0.02131868694819323
0.021340097554629383
0.021353265158687428
0.021352421530774737
0.021340571398847163
0.021317784420900796
0.021276397447911266
0.02121897826008807
0.021147410825775446
0.021059940465071883
0.020960905593450152
0.02084795782119224
0.020729884120738017
0.02060692324642245
0.02048073017817077
0.020352620497845475
0.020216825981009223
0.020075047362810912
0.01992723822721349
0.0197706154699998
0.01960640897921869
0.01943643201530051
0.019259493093748616
0.019084852658543667
0.018914962934660055
0.01875143227261032
0.01859404601179815
0.018439917821640825
0.018284117257236738
0.01812200959518299
0.01795579429390493
0.017790850737111247
0.01762710955587515
0.017466934683682926
0.017308889185895147
0.01715111022404673
0.016993513416523293
0.016854291033172646
0.01671252453265929
0.016574341443717368
0.016438615121580676
0.016305388224908058
0.01617524725770233
0.01604947451581561
0.01592774515770562
0.01580839195267435
0.015692888546484818
0.015577981493598798
0.0154611995157757
0.015355861644243195
0.015252889352174956
0.015163320758966078
0.015071445213646534
0.014984397883692525
0.014905579853768869
0.014827265249453403
0.014750480274387225
0.014678353417739893
0.014611434437244525
0.014550566826702246
0.014495421291263782
0.014442601994975622
0.014397534423334177
0.01435909910371395
0.014329979336191557
0.014304987690392339
0.014287913938869811
0.014283191575679748
0.014280538644695624
0.014289089736552137
0.014305091708584742
0.014354203530414777
0.014406572061613599
0.014477776868584799
0.01456229845087112
0.01464026340266847
0.01464296079435757
0.015085592395627866
0.015237691174454454
0.015384431808511451
0.015526417314868068
0.01567892207332345
0.015844082623074372
0.0160061174495966
0.016190937794826152
0.016372506285664282
0.01656266807032758
0.01673334258789616
0.016906327648594885
0.017090470721101744
0.017284723898092623
0.01748351200906872
0.017646805141736395
0.017819715254099804
0.01800064958493492
0.01818801392711136
0.01837939831971637
0.018566097207067894
0.018725734310138426
0.018885771109661262
0.019046801774855335
0.01921639705153232
0.019406183424290912
0.019572947117190622
0.019738203862242957
0.019900470382734972
0.02005605273851102
0.02020661987467922
0.020350841799671716
0.020491889718720475
0.020627397730072418
0.020751871905306446
0.0208548229514174
0.02094371721922958
0.021018627311232246
0.021085944575093454
0.021142744856507127
0.02119847061014819
0.021241278239764017
0.02126050078733458
0.021276642687337533
0.021280834887898642
0.021279002402588308
0.021266338323297537
0.021244529461977912
0.021210113380009412
0.021156167693456712
0.021089720623662232
0.021007530485961875
0.020912513472820488
0.02080598000157679
0.02068902962003364
0.020568819404171372
0.020445524615073752
0.020318641269940034
0.020188654750302466
0.02004896802197322
0.01990359350059716
0.019752122160247333
0.019593008214358356
0.019426063587345777
0.019253576036767143
0.019077981927785728
0.018907519380397232
0.018742779075920195
0.01858489261422585
0.01843053315646484
0.018277444260740242
0.01812486653549749
0.01796668255465695
0.01780485508657563
0.017645965753770365
0.01748883805552606
0.01733608016894258
0.017184890508785116
0.017038504565497756
0.01688812115293134
0.016750434416846656
0.016615219114776307
0.01648443238307124
0.01635663237049599
0.016231119241751964
0.016109000447770347
0.015994214495500515
0.01588354488802708
0.01577516194536273
0.01567170040254306
0.01556980265203193
0.015467165710989451
0.01537175032386806
0.015275150092440671
0.015189782367326618
0.015102679456320916
0.015022308072888003
0.014949432020959687
0.014886505164448546
0.014828306976371075
0.0147781288308791
0.01471736875895526
0.014663593887476428
0.014619306527060947
0.014583618918441808
0.014558664084054224
0.0145350387041941
0.014512195100491393
0.014499719289300626
0.01450169912471853
0.014519265389992703
0.014524503655365057
0.014547615956564314
0.01458147523505418
0.014650465593644033
0.014720896301111747
0.014804471597825856
0.014903519560161872
0.014999228969259705
0.015023524133233032
0.015153242126915458
0.015293181733901894
0.015433635211802191
0.015569294193844107
0.015715470219782212
0.01588378790805518
0.01603080030223143
0.01618945349558082
0.016350479628263963
0.01652142112376585
0.01669927217621562
0.01686352046216702
0.017005154252849236
0.017164951590162122
0.017336639514833548
0.017511812794047548
0.01769836291721055
0.017844837771657084
0.01797907951776926
0.018130037061878164
0.018289382794918055
0.018445709702957048
0.018606742980804662
0.01876765470581041
0.018943490320556783
0.019071864116349934
0.01919603464714118
0.01933003979336431
0.0194601656419177
0.019582158024825956
0.019701530745700517
0.019819783295449808
0.019932728711218324
0.02003987620524421
0.020135245676883236
0.020222186813878103
0.02029582400172541
0.020355185158547923
0.020408330459845844
0.020456864760447075
0.020506191043414605
0.020546215226459483
0.020564526387161712
0.020572978210945267
0.02057443291917718
0.02057094127322339
0.020559295809332422
0.02053811832308617
0.020502602177037914
0.020449555605639838
0.02038748246635682
0.020307922214058312
0.020218240755091436
0.020117382676419743
0.020011970197393928
0.019901448081207966
0.019789444185598158
0.019671679431998372
0.019546135089785092
0.01941285014046535
0.01927178202574504
0.019125270095110725
0.018970427178806426
0.01880966525930021
0.01864312421436891
0.01847835654144802
0.01831942973284563
0.018167122144789445
0.01802149690106735
0.01787649796478704
0.0177305912189082
0.01758632667514658
0.017438605117875195
0.017287908992848905
0.01713995597829749
0.01699614944704627
0.016853901568345108
0.016715428927970795
0.016583883301638853
0.016448945731963226
0.016315446297829855
0.01618845849329586
0.016066595444755527
0.015948797951909226
0.01583371236168413
0.015722205667255677
0.015617536014013774
0.01551622770588148
0.015416756759286186
0.015323246980802792
0.015231228380423446
0.015140822657521771
0.015063588553091003
0.014984399900449067
0.014918903440502288
0.014864996528383734
0.014819840564334403
0.014746970255316587
0.014685567112842704
0.014629959711101068
0.01458198815295735
0.014546863991781456
0.014522947744267531
0.014514010721346083
0.014484487764621528
0.014455952019175638
0.014437628288944755
0.014435251085351746
0.014451057141987338
0.01447751134128947
0.014489881734846246
0.014509788361677774
0.014546466440471003
0.014601551507353669
0.014690349084455908
0.014759701090413632
0.014848461843219665
0.014953218015796443
0.015057016575054637
0.015094007440892867
0.014430273702472069
0.014538097508219806
0.014653896890999786
0.014763900934609523
0.014879114139846198
0.015022723708697578
0.015164138730751186
0.015281485305604423
0.015391799935764915
0.015514130978556738
0.015638653237350652
0.015787751735118514
0.0159543561902432
0.016071728170832866
0.01617246433259765
0.016282019844778832
0.016407520113540887
0.016544468208976346
0.016692709639171487
0.016851762452421537
0.017015833617537734
0.0171157229847923
0.017192108516656215
0.017272852231607926
0.01737099433156211
0.017507165520550497
0.017603190247103842
0.01771754281842472
0.01782806080471116
0.017930213780447152
0.018034098967943404
0.018137653922139837
0.018239413026878017
0.01833450833798516
0.018419120306359685
0.018497714381729383
0.018565531723370013
0.018622414208442982
0.01867241445783772
0.01872117451012193
0.01877100250871377
0.018819830530627364
0.0188462732408386
0.018862934261526628
0.018875604425879794
0.018884173723907348
0.018884996985069746
0.01887479438795895
0.01885128309732883
0.018812119543756854
0.018765867571501168
0.018704527639876636
0.018632489653452343
0.018553485798646813
0.018471222005506615
0.01838570019091185
0.01829358866793142
0.01819590530212181
0.018086779601069036
0.017969779381576623
0.017845072618016364
0.017713672990696434
0.0175747190333026
0.01743057800041471
0.017283983780577723
0.017139608841593545
0.016998038456243893
0.01686668421731568
0.016739385372711798
0.016613123022797188
0.016484038648928716
0.016356227097803534
0.01622605668053983
0.016089156837624474
0.01595414446572076
0.01582288898374621
0.015692623503229194
0.015565917393815756
0.015451155583521947
0.015333194019367252
0.015227290984693723
0.015129220957035614
0.015015561998845194
0.014907480492858574
0.014804678681211667
0.0147043853374079
0.014612832360812325
0.014523155183664562
0.014434080358743046
0.014351790468168134
0.014271607574937766
0.014193564075973629
0.014129859025641447
0.014059837260062599
0.01400108427264644
0.013947390344854036
0.013908918906809653
0.013882454489992105
0.013868000852925028
0.013862808917642595
0.013840007626765651
0.013790062744351898
0.013752481441283979
0.013730985222056957
0.013720274569707905
0.013722905413326075
0.013740936919265813
0.013783115162568478
0.013771208061194938
0.01377345003426699
0.01380177642498068
0.01383939034425884
0.013890384994901023
0.013962066443606123
0.014028155273726363
0.014087777134282619
0.014168515466989776
0.014262539799949524
0.01435632411306745
0.014391354657077497
0.012265822599972595
0.012324010377227414
0.012395038477837926
0.012464072302577508
0.01252815378737188
0.012625589583143847
0.01270821538511991
0.012830793142008133
0.012890773788188876
0.012956623179996235
0.013012750587260447
0.013091523006916649
0.013180070967703118
0.0132854952844319
0.013405368809056451
0.01353068411995835
0.01361427428562779
0.013680993535893941
0.013747913853914101
0.013821601791083233
0.013903353339135241
0.013984679649837309
0.01405835517497122
0.014147540144274318
0.014250215627992635
0.014383584101272778
0.014452570482812573
0.014551221975737237
0.014642785624326905
0.014731591990851972
0.014820344112452028
0.014911432451245158
0.015007302348000087
0.015099238214018706
0.015178494979270256
0.015253515403431703
0.015317404918506786
0.015358282688504485
0.015407939601244296
0.015446332057136917
0.015490043154914167
0.015542268906115049
0.015583870679830452
0.015606730949038536
0.01563793372079293
0.015656373370914134
0.015667158250902487
0.015674492247795532
0.015663045642371094
0.015645930932093495
0.015614022045033473
0.01557812502175181
0.015527010948587007
0.015473773948609704
0.0154146127774092
0.015356312139083337
0.01528588329859878
0.015210131656114508
0.015121158066081265
0.015025516490736891
0.014924273634944194
0.014815825728985425
0.014698731666865023
0.014579395961784883
0.014459731005314568
0.014341651661422103
0.014226217581613085
0.014110696243390907
0.014011516336217661
0.013901476891367861
0.013802922541388327
0.013688450414709348
0.01358404660786489
0.013464868509209804
0.013358778744808567
0.013249111911471014
0.013149330092605925
0.013044186963662925
0.012962021855407463
0.012867356048624986
0.012777029008239883
0.012703220068745295
0.012630872887809893
0.012565548765388828
0.012499646991548735
0.01244723559281477
0.012394447082133447
0.012347032246465134
0.012298532221641439
0.012254634228023852
0.012214147079564672
0.012156193894857344
0.012102998583716267
0.012041870133396077
0.011989177647183429
0.011929970766565845
0.011881851271239233
0.011840406969735661
0.011820397998910801
0.011796511866891908
0.011781865136639123
0.01178644820813681
0.011796585994301709
0.011821844215632645
0.011852957975621461
0.011825381316869655
0.011795385708233214
0.011780753803746387
0.011787364735117037
0.01181631823841189
0.011863040961787875
0.011904532422940012
0.011966640386390497
0.011966301092389463
0.012019119778479623
0.01205744850715006
0.012111624694672475
0.012180607675294115
0.01224522456322328
0.012262673564580068
0.008340665780448519
0.008358675373780475
0.008384100281473603
0.008407321558748182
0.008428331264802516
0.008469083405322016
0.008498249075261288
0.008550985403227499
0.00860247191419712
0.008658684720665326
0.008701083826617863
0.008742449023415151
0.00877859195160124
0.008817523121508682
0.008868363895065316
0.008921182546921372
0.008975824566305097
0.009038257588078536
0.009099440630141826
0.00916419788491069
0.009225916422980011
0.009290599927045338
0.009354308624530497
0.009400564745454382
0.009452197799694249
0.009522520025342958
0.009560428236262986
0.009615731400029762
0.009672547683535242
0.009737418480875833
0.009798537968061844
0.009860287672776516
0.00993029105941727
0.009992866484097217
0.010044853328570027
0.010101719794502625
0.010151705555188208
0.010193317054058036
0.010242749168943428
0.010290700610658107
0.01033532333297895
0.010393243416987552
0.010439177591553807
0.010476264859268829
0.010516622650056913
0.01055164969718858
0.010583729375302853
0.010601590957104667
0.010616415535536085
0.010614789411239242
0.010612424378400601
0.010597512326162161
0.010585493066210105
0.01055758348195791
0.010527481009891702
0.010498588468169999
0.010460171677069387
0.010416348730786087
0.01036077384323288
0.010301220106583091
0.01023198349469948
0.010165054056654525
0.010086097322869811
0.010011679213025848
0.009933854808136671
0.009860230019705287
0.009781286221933562
0.009704357583286777
0.0096377112923284
0.009567291157819109
0.009498754981011397
0.00942684002044122
0.009348603251454151
0.009269646493388874
0.009191974136181323
0.009115595504479723
0.009052758262760176
0.008980583272988408
0.008929092016860051
0.008865820355194716
0.008801745302944237
0.008751128910379009
0.00869431091459614
0.008642910516454338
0.00859583022851521
0.008559214178446543
0.008522178991566837
0.008490248477239604
0.008455730789100759
0.008418384864096202
0.008395427004237153
0.00835944560784675
0.008344294650817527
0.008314918020839914
0.008296315900887674
0.008287225470509488
0.00828350707067724
0.008283355055611726
0.008287505472902386
0.008254883495182878
0.008228112470006868
0.008200216878140085
0.008181773896342547
0.00817631412221215
0.008173207793751892
0.008170578278428039
0.008164918342885796
0.008176052147504125
0.008185576379164112
0.008201815001336476
0.008231539828837118
0.008224237851248924
0.008228374889984978
0.00821537924483105
0.008251009110768969
0.008276773822535968
0.008298117161838495
0.008334511763022998
0.008368070640401628
0.008367754527504153
0.0036906500111016085
0.00368300658567727
0.003696746698935736
0.0036945549451195946
0.0036935368427263677
0.0037076384168755108
0.0037093890593879733
0.003723242926790611
0.0037334317637246063
0.003757424029729532
0.003765518645018011
0.0037721762866029227
0.003782282678866262
0.0038081748611739625
0.00384639658304722
0.0038901927837000604
0.003937843212730985
0.003979081592938704
0.004014275540218587
0.0040493741143240065
0.0040773067324486895
0.004108858486694176
0.004134506809159881
0.004157295751900675
0.004192004770877503
0.004229958518281216
0.0042474949054696065
0.004272060069418565
0.004302218727210887
0.004338145720448016
0.004373044210162159
0.004409703061112612
0.004451473269406106
0.004484154687715991
0.004510397809547361
0.004546085470694856
0.004573324301713691
0.00460005622529471
0.004633113993964733
0.004660616991937679
0.004693132648768843
0.004729068957702801
0.0047605912642611145
0.004784609166947472
0.004806230000546735
0.0048380436034884166
0.004855111174640431
0.004879285613804411
0.004887800920545112
0.0048931574977179055
0.004898620636316013
0.004897282808889375
0.004899406988622769
0.00488672037631019
0.004881787798053666
0.004867418110598093
0.004859003111003911
0.004836265657996789
0.004816880088262672
0.004786042814771439
0.0047539203110784625
0.004727338812383019
0.004689052548796129
0.004660726276318351
0.004623284833357367
0.004594469287091723
0.00455402633759576
0.004513789843910512
0.004485869730799783
0.004450973898261321
0.0044250879380652326
0.004386079696264745
0.004347432077688335
0.004308064444281645
0.004269936405124333
0.004233149144605902
0.004203864554712678
0.004171888072862674
0.004145805698652492
0.004116972698110797
0.004081469106756058
0.004054195443931188
0.004028886465842938
0.0040029312315464525
0.003979049768994887
0.003961386955389293
0.003942343107441141
0.003927387531269834
0.00390787839656454
0.003892806072756385
0.0038777822007673886
0.0038599304078947
0.0038506410138117115
0.0038362795745098843
0.003823666921590389
0.003813189972215321
0.0038096225385925485
0.0038005104872392576
0.003791036171939843
0.003788419013722874
0.00377241863546456
0.003763744782992312
0.0037453610013092765
0.0037349856988283473
0.0037118241589522015
0.0036913822069628423
0.0036705764481715615
0.0036471694102341106
0.0036485160651070483
0.00365283426956346
0.00366234269986547
0.0036578541443348443
0.003665148499648941
0.003663204129221672
0.003675974834785288
0.003688630532118717
0.0036911543919400675
0.0037048790382213236
0.0037195235924758364
0.003708619412501897
0.000548969398959123
0.0005472654797657197
0.0005505932160190496
0.0005484773324242811
0.0005508947900145818
0.000552544567366523
0.0005583728124332086
0.000564016180135602
0.0005693558324163164
0.000577948499158105
0.000586465405910065
0.000592580516556445
0.0005992692501834127
0.0006032564343633535
0.0006062196810690011
0.0006126520053304744
0.0006205094239495238
0.0006235127336385796
0.000631039102017393
0.000632031865813539
0.0006362034753485399
0.0006411629514265757
0.0006390550289700492
0.0006409419301716399
0.0006469037728368335
0.0006520873354447518
0.0006520015174784045
0.000655405901486617
0.0006620067868888432
0.0006649077495064161
0.0006752716310684367
0.0006778106290094099
0.0006858624713934424
0.0006918639247542139
0.0006936602059647001
0.0007028354005571226
0.0007048769174186696
0.0007117558251711392
0.0007150961498967497
0.0007239370348640836
0.0007254674069300216
0.0007335562334981299
0.000740083635415911
0.0007462703460597876
0.0007443776057802543
0.0007516625887758839
0.0007563116069745918
0.0007624022021626832
0.000765942804592586
0.0007684772759833433
0.0007636534176782952
0.0007650608065287868
0.0007674916903748454
0.0007678049666599127
0.000768327269791057
0.0007677482001057095
0.0007601077967191529
0.0007580156191380296
0.000755644522259389
0.0007521393225217348
0.0007478788904251145
0.0007447264950863395
0.0007375243169386288
0.0007293208089617924
0.0007243525903790596
0.0007208827996600057
0.0007150604700539514
0.0007107631639474588
0.0007023930207218153
0.000694031658622001
0.0010767992212504986
0.0006849637809095689
0.0010921376444841748
0.000673174887046284
0.0011047350890040287
0.0006667779609769425
0.0011168732378724856
0.0006892598012080819
0.0011334354977587163
0.000771577945897101
0.0007748391029815498
0.0010258912667234605
0.0007357873824138414
0.0007722388595667686
0.0009854383775020994
0.0007064751278223922
0.0007705394291789766
0.0009499030902616824
0.0006854542672966746
0.0007701182945931103
0.0006045065936368616
0.0006010948813062051
0.0006000779748864593
0.0005996169833226619
0.0005972098042362569
0.0005996019381681453
0.0005995527777718729
0.0005997763213951486
0.0005981955736016389
0.0006027058375996059
0.0006012283900006109
0.0006028723421451981
0.0005987367032158078
0.000598582978068855
0.0005936026326543706
0.0005923854010722908
0.0005907751549114579
0.000587231265687844
0.000582298656500056
0.0005764714856138718
0.0005747167212423075
0.00056484098419619
0.0005615602757921609
0.0005569326950019681
0.0005532705996483965
0.0005549539921097118
0.0005528661516180244
0.0005526936399370156
0.0005547990262193618
0.0005521704254577636
);
