U_LES nonuniform List<vector>
15600
(
(0.004207161244554318 -2.560987538833436e-05 0)
(0.01080610254221885 -0.000398111936050389 0)
(-0.001549237348971151 0.0002604448340592443 0)
(-0.003219591346974466 0.001014658887542015 0)
(-0.005025595666124634 0.002569565496712909 0)
(-0.00580958623270535 0.003759552293617614 0)
(-0.004597114385607985 0.003364345226835321 0)
(-0.003223895113388364 0.002620832388255862 0)
(-0.002845852652890952 0.002403593249765231 0)
(-0.002712011107877055 0.002294206166583405 0)
(-0.002253027747165934 0.001897377345282322 0)
(-0.002230548397902944 0.001820883966251236 0)
(-0.002920638266567185 0.002353542151877141 0)
(-0.003704524912653807 0.00293755111313183 0)
(-0.004718638334600669 0.003679130944705831 0)
(-0.005893539088144192 0.004592636484184913 0)
(-0.0080787523988408 0.00622813189475096 0)
(-0.01090734499833608 0.008198897042783516 0)
(-0.01419484578696788 0.01022613969550776 0)
(-0.01732419370969787 0.0116899292993206 0)
(-0.02011749101822251 0.01233282972282011 0)
(-0.02470688420886545 0.01339666917494856 0)
(-0.02776428171083732 0.01286280601186463 0)
(-0.03014152414348683 0.01147780175576161 0)
(-0.03190716958546616 0.009492996998261831 0)
(-0.032325357138089 0.006743617986365632 0)
(-0.03281172538084321 0.004131310513694994 0)
(-0.03473333331642711 0.001303580229778235 0)
(-0.04009748751200905 0.000311884823880248 0)
(-0.04797631227522081 0.0002009730826887396 0)
(-0.05399191011078622 0.0001420710304677823 0)
(-0.05827859898172792 0.0001105019680445283 0)
(-0.0616466051717289 8.032176604131883e-05 0)
(-0.06348916286476854 4.739234676405835e-05 0)
(-0.06405850891240722 2.437986747630732e-05 0)
(-0.06454824408170166 -2.531937646825627e-06 0)
(-0.06426395226431418 -1.619379672986153e-05 0)
(-0.06264518495790417 -3.523262654668562e-05 0)
(-0.06182347637469502 -6.22910291962908e-05 0)
(-0.0588937797891287 -4.093468541160892e-05 0)
(-0.05716933459409321 -5.432171924159515e-05 0)
(-0.05457333121919608 -6.944990378100328e-05 0)
(-0.05204274941426566 -8.089332582483917e-05 0)
(-0.04924181392427087 -8.041969973301216e-05 0)
(-0.04660434779483152 -7.123828881260515e-05 0)
(-0.04300745229782901 -9.674751838935075e-05 0)
(-0.03984540251801533 -8.78507464231401e-05 0)
(-0.03615211721800788 -8.124669411647525e-05 0)
(-0.03366274183888982 -8.820156540135298e-05 0)
(-0.03146973860791083 -8.966757955869168e-05 0)
(-0.02753772522695292 -8.426169609910374e-05 0)
(-0.02462457315697792 -7.918897777460942e-05 0)
(-0.02226437851369434 -9.060147745491983e-05 0)
(-0.01868715313205113 -7.86014247207001e-05 0)
(-0.01592071873038496 -6.862690136290565e-05 0)
(-0.01306859938245938 -7.242714943405854e-05 0)
(-0.01038968078204777 -6.365638846241955e-05 0)
(-0.008826944496261833 -6.820665704056198e-05 0)
(-0.005850452323613786 -8.464039162308982e-05 0)
(-0.00303228692340136 -6.740280937886087e-05 0)
(-0.0009034328568504609 -6.158657898115192e-05 0)
(0.001830046943480454 -8.59447144446008e-05 0)
(0.004193396328212604 -7.1138783516377e-05 0)
(0.005714813432909454 -4.789675364293661e-05 0)
(0.007536293597382645 -5.50833249590947e-05 0)
(0.009866571405601959 -8.435589190920788e-05 0)
(0.01191887746469298 -8.252416589444708e-05 0)
(0.01408735750161527 -9.790913459840623e-05 0)
(0.01531574475503319 -4.132977389614803e-05 0)
(0.01679440014353683 -4.597579639316999e-05 0)
(0.01845299986347297 -7.630115426518754e-05 0)
(0.01988012390955755 -5.644346556395524e-05 0)
(0.0205272179220255 -2.057974479550954e-05 0)
(0.02138211936498791 -2.955638074551543e-05 0)
(0.0222973720975418 -4.607090601700858e-05 0)
(0.02288128687992842 -2.101713815830982e-05 0)
(0.02392936819198549 -2.703743516925101e-05 0)
(0.02437581940812672 -2.026739953109376e-05 0)
(0.02476631850044232 -7.614845486036972e-06 0)
(0.0246303129117665 3.299389755577435e-06 0)
(0.02475887651579558 2.398331395353462e-06 0)
(0.02419730267306101 2.731063579284926e-06 0)
(0.02470192052866333 5.343375164080845e-06 0)
(0.02458587501360478 1.39264158357454e-05 0)
(0.02395304336353789 3.385672580601835e-05 0)
(0.02276390621925127 4.416581159593227e-05 0)
(0.02179080360317839 5.232055619696916e-05 0)
(0.02102724247105758 0.0001054704782819951 0)
(0.01755452825949016 8.833124731909114e-05 0)
(0.0165305189496794 0.0001254475061528538 0)
(0.01215835912655243 0.0001257809557070872 0)
(0.008258718277666374 0.0001871754975680368 0)
(0.004568404154403997 0.0002932855887072177 0)
(0.004092411732088098 0.0004047431951650075 0)
(0.00681872977900232 0.001251766461715278 0)
(0.0103218083925651 0.00283920953244515 0)
(0.01377072556961965 0.005021074137657423 0)
(0.01676119152192646 0.00750261048114536 0)
(0.01963484519825564 0.01035569710418756 0)
(0.02067635491014385 0.01241194752920328 0)
(0.02283366520510557 0.01508626942343436 0)
(0.02445858800115035 0.01728730228700812 0)
(0.02574530150276415 0.01911519967821883 0)
(0.02671166846439254 0.02044485363072222 0)
(0.0279312514534243 0.02160606451925687 0)
(0.03079330067695045 0.0238043229919372 0)
(0.03328148271345342 0.02611409671336917 0)
(0.03763398520864799 0.03007626874657775 0)
(0.03854508922395677 0.03135844279579418 0)
(0.0426933648221926 0.03586021980385681 0)
(0.05753002878833098 0.0485471327971384 0)
(0.06267906224841072 0.05289852988837696 0)
(0.06706581589813122 0.05453037183441556 0)
(0.09052060549209212 0.06630747538720851 0)
(0.1001128950114365 0.06504476099605022 0)
(0.07327306567664663 0.03755609598931581 0)
(0.04720624270062261 0.01501652040764196 0)
(0.05257923215582021 0.00735721394044371 0)
(0.02283730126822991 0.0008740581852591147 0)
(0.008556644119087301 0.0001321260753839965 0)
(0.05481054678304314 -0.0005762702133143535 0)
(0.0726245309901698 -0.002824552532456653 0)
(0.03146661478791117 -0.001824803462615905 0)
(-0.02033351087002102 0.00663927838306355 0)
(-0.03040268356076044 0.01470696064230576 0)
(-0.0240580006892268 0.01495700599821815 0)
(-0.01741754070510589 0.01239586244910418 0)
(-0.01381149537186951 0.01098768680256201 0)
(-0.01159608256950063 0.009674502236422643 0)
(-0.01074656989023891 0.009025355240343414 0)
(-0.01061088981491069 0.008911123143809114 0)
(-0.01122620492934864 0.009233763576153357 0)
(-0.01335774049421524 0.0108759603652872 0)
(-0.01684808862513873 0.01352919203342407 0)
(-0.02206002548443811 0.01742527441175649 0)
(-0.02800035271646124 0.02206449327668407 0)
(-0.03554741239356559 0.02780384845504398 0)
(-0.04426076006418582 0.03369994149499962 0)
(-0.0518360432257433 0.03784309548196925 0)
(-0.06012415483644254 0.04125236878582633 0)
(-0.06781359623977634 0.04305192164712363 0)
(-0.07428729266038292 0.04123216611546375 0)
(-0.07971218814037435 0.0378559319911189 0)
(-0.08380803226017379 0.03274197094464489 0)
(-0.08605613926347667 0.02610246591079528 0)
(-0.08660106630599861 0.0185838823526569 0)
(-0.08641938591064501 0.01097289474794747 0)
(-0.09237219824817294 0.004427492338586001 0)
(-0.108714108716122 0.001871788677236279 0)
(-0.1248588117113112 0.001276780737445076 0)
(-0.1359040909758956 0.0009290963546314739 0)
(-0.1448015196456706 0.0006792335358923784 0)
(-0.1493743185617915 0.0004695103971853305 0)
(-0.1522903366184524 0.000224430246170363 0)
(-0.1530944388953844 4.854918801743854e-05 0)
(-0.152163728346708 -0.0001161042168739633 0)
(-0.149053984848675 -0.0002317400521633325 0)
(-0.1465739480503375 -0.0002805068585755567 0)
(-0.1420187897372162 -0.0004998751873474675 0)
(-0.1346251356350227 -0.0004153297238463383 0)
(-0.1311027462961389 -0.0004065560991683777 0)
(-0.1242010227619062 -0.0005669127267422597 0)
(-0.1180346281960978 -0.0005820486278134327 0)
(-0.1097153542261736 -0.000644568013343974 0)
(-0.1034433413403283 -0.0005795561207158364 0)
(-0.09580550124338616 -0.0006726148453512734 0)
(-0.08687231619069012 -0.0006700710175404729 0)
(-0.08029137910268222 -0.0005806320933103452 0)
(-0.07355367520967671 -0.0005697101091229901 0)
(-0.06541776001087293 -0.0006903188381705356 0)
(-0.05720098296625109 -0.0006292024865671923 0)
(-0.05138434903979645 -0.0005682727305066519 0)
(-0.04359480197614318 -0.0006848639499864176 0)
(-0.03551168940864228 -0.0006217757813624268 0)
(-0.02897680635866787 -0.0005303800286391209 0)
(-0.02261356957541601 -0.000528748610875082 0)
(-0.01672565903416786 -0.0004763507360852882 0)
(-0.01071397196219226 -0.0005192743950778009 0)
(-0.004161399062074583 -0.000559529939205819 0)
(0.002111553144095684 -0.0004798795081750727 0)
(0.007430323303165554 -0.0004681503230121202 0)
(0.01337633806582629 -0.0005048534607010486 0)
(0.01931840437592073 -0.0004613495883719078 0)
(0.02437458788052531 -0.0003785746143085613 0)
(0.02888934280233265 -0.0003933031654170691 0)
(0.0338642779097434 -0.0004058257130758153 0)
(0.03856307193024067 -0.0004129990860084366 0)
(0.0439554885254605 -0.000421976243568204 0)
(0.04850267748535814 -0.0003259234494994457 0)
(0.05206042413045026 -0.0003276619426604411 0)
(0.05597689052234438 -0.0003091203437211691 0)
(0.05940698702297466 -0.0002212363190566404 0)
(0.06189556197322959 -0.000166652112642628 0)
(0.06354845666094631 -0.000188339297376542 0)
(0.06638721358200561 -0.0001789292186365234 0)
(0.06851561615890565 -0.000165532474545502 0)
(0.0701286458237811 -0.0001327896869219231 0)
(0.07179277034878026 -0.0001026866945166344 0)
(0.07274224781689372 -5.496599537475791e-05 0)
(0.07325789205421515 1.263417088304918e-05 0)
(0.07290014336831378 4.826133996994585e-07 0)
(0.07340229642494438 2.196070927308497e-05 0)
(0.07339733832948343 1.90899724904969e-05 0)
(0.07274977828462993 6.48634813575606e-05 0)
(0.07160485246693818 0.0001695308783539016 0)
(0.06935882899500885 0.0002270913343893021 0)
(0.06649728164719414 0.000274610448907217 0)
(0.06262660650442624 0.0004117417837009249 0)
(0.05753250937284399 0.0004826963012981996 0)
(0.05164120207390156 0.0005718595355684108 0)
(0.04393673665198251 0.0007505527996547466 0)
(0.03377997779964156 0.001056825388553329 0)
(0.02368665855435915 0.001469328695844565 0)
(0.02257518889420487 0.002499024597418576 0)
(0.02790399098711058 0.00529452488460636 0)
(0.0355702190904445 0.00987997203564475 0)
(0.04357736769638666 0.01600937968351471 0)
(0.05226557837476443 0.02359516223268539 0)
(0.06161383354050826 0.0328284626689738 0)
(0.07089554887379981 0.04358028163288669 0)
(0.08019846738536553 0.05325388902115548 0)
(0.08920854106021336 0.06315303676158858 0)
(0.1006338336650267 0.07451293777736162 0)
(0.1089812736372229 0.08273454753689957 0)
(0.1191949575650253 0.09117228043130099 0)
(0.1285689001722445 0.09864931315396366 0)
(0.1395869679493141 0.1089542334262089 0)
(0.1499334993565571 0.1192551674688152 0)
(0.1595754852396924 0.1289782448768157 0)
(0.1688794086317671 0.1400818889481104 0)
(0.1905963044747094 0.1586834945567118 0)
(0.2082497463826137 0.1731380898723446 0)
(0.2339616422661983 0.1864912724344197 0)
(0.2644745269281355 0.1900081514750936 0)
(0.333016232205596 0.2095721713458624 0)
(0.4256586984903265 0.2055921532051471 0)
(0.417533263021108 0.1255549276620688 0)
(0.282953154359212 0.04343763886965694 0)
(0.1287973375779979 0.007482345525658074 0)
(0.06630431860326257 0.001258182482394978 0)
(0.1469212948054727 -0.001458143063037649 0)
(0.1678117053142331 -0.006221203629210816 0)
(0.1045675308854161 -0.006558174446486481 0)
(-0.006647439448893038 0.006104943263870254 0)
(-0.04769989544485676 0.02284505906955496 0)
(-0.04348121656970011 0.02646389165514722 0)
(-0.03211543643161155 0.02256812877832311 0)
(-0.0251660326990418 0.01976396909181517 0)
(-0.02105838322868812 0.01739440003822141 0)
(-0.01940629045943586 0.01629556184614077 0)
(-0.01940831910442608 0.01628675508696006 0)
(-0.02085873068385117 0.01725138142849206 0)
(-0.02466629336574513 0.02028156721169442 0)
(-0.03079325421982161 0.02507179845512606 0)
(-0.03951156647407682 0.03163618287483181 0)
(-0.04920610662671555 0.039266067003948 0)
(-0.06025061572587369 0.04770513179108908 0)
(-0.07299307273807103 0.0561788557161665 0)
(-0.08291798259369543 0.06112976346620434 0)
(-0.0936657404773517 0.06480497078115108 0)
(-0.1027695920692173 0.0657048358785573 0)
(-0.1105187361413301 0.0617535323948591 0)
(-0.1170268344091728 0.05596203825873668 0)
(-0.1219118632298966 0.04788625387214644 0)
(-0.1249227208542687 0.03803553540117472 0)
(-0.1257681886101931 0.0269696981562394 0)
(-0.1274749060650815 0.0163863193989286 0)
(-0.1374802487764648 0.007723223501135782 0)
(-0.1577027298122326 0.004016101421103053 0)
(-0.1750673587590562 0.002757461826640677 0)
(-0.1871489159746501 0.001952343476014073 0)
(-0.194640875853385 0.001345686457201934 0)
(-0.1987447931820379 0.0008592305377726694 0)
(-0.2009748218489414 0.0003519779351797961 0)
(-0.2002132710592401 -4.211146943499422e-05 0)
(-0.1976775212921155 -0.0004052737620567398 0)
(-0.1923015059692688 -0.0006987445904531415 0)
(-0.1862897746516335 -0.0008329941074683235 0)
(-0.1796618928121944 -0.00124035984029375 0)
(-0.1713320224288465 -0.001084113036489791 0)
(-0.1640325960228315 -0.001077619120610091 0)
(-0.1562508512252307 -0.001365263558784558 0)
(-0.1466977709635029 -0.00145353661328848 0)
(-0.1369438853716883 -0.001556839475164623 0)
(-0.1272483592903926 -0.001448672670295022 0)
(-0.1174216477906778 -0.00163454662378757 0)
(-0.1065811876436443 -0.001622564109005557 0)
(-0.09664377769938023 -0.001440952044054658 0)
(-0.08743875659221161 -0.001436018699112556 0)
(-0.07729320540451234 -0.001646633163977376 0)
(-0.066629308153439 -0.001534118556388628 0)
(-0.0578468124684275 -0.001401012590514757 0)
(-0.04798330076846052 -0.001636419257142611 0)
(-0.03770733445956764 -0.001512894974751617 0)
(-0.02907460307306701 -0.001303740318997316 0)
(-0.02055921096303813 -0.001287058724244908 0)
(-0.01289367942661723 -0.00120444205127636 0)
(-0.004366597267493166 -0.001281284722812923 0)
(0.003673704812882214 -0.001328517833211019 0)
(0.01176184169677796 -0.001193645570172652 0)
(0.01921267289655173 -0.001173827993426097 0)
(0.02707980244061617 -0.001224059231095865 0)
(0.03469298269245647 -0.001124076959308269 0)
(0.04142427530364776 -0.0009647260361298591 0)
(0.04770304896553708 -0.0009835645669494849 0)
(0.054284308538843 -0.001000455370758271 0)
(0.06066438843946716 -0.00102779111860384 0)
(0.06773022023406983 -0.001032803289734963 0)
(0.0736713357651015 -0.0008303319621052898 0)
(0.07916262766925385 -0.0008228191079491038 0)
(0.08455490234589239 -0.0007438242511523036 0)
(0.0888597042384506 -0.0005596815541234095 0)
(0.09238364754838395 -0.000447020094941609 0)
(0.09548335133260655 -0.00049027471449757 0)
(0.09910071210735774 -0.0004678715329925936 0)
(0.1020207680771765 -0.0004345392131778579 0)
(0.1048006560983382 -0.0003473259879296091 0)
(0.1069149545136735 -0.0002837594636389056 0)
(0.1088681020781886 -0.0001600579264213485 0)
(0.1095937473648858 -1.467725251775933e-05 0)
(0.1100680852944217 -3.156290888676389e-05 0)
(0.1106204529585187 1.213650636509593e-05 0)
(0.1106506346247058 1.599342524673382e-05 0)
(0.1105089237017243 0.0001290790294544411 0)
(0.10958878735096 0.0003654745497635576 0)
(0.1071435295423939 0.0005073658094145318 0)
(0.1038168408456189 0.0006478385530457379 0)
(0.09888130074396176 0.0009499729917138703 0)
(0.09287487889177555 0.001123152849621296 0)
(0.085684176620894 0.001359899756102929 0)
(0.07599765832965431 0.00179927065100711 0)
(0.06327160276884095 0.002457072762687239 0)
(0.05036708347387259 0.003345874145376907 0)
(0.04704169957903923 0.005320316697727753 0)
(0.05171080764227923 0.009626348614803123 0)
(0.05989147760072375 0.01632319772627642 0)
(0.06924974932797795 0.02493518885947621 0)
(0.08011605285502453 0.03546835118904324 0)
(0.09201542054753768 0.04817981394898165 0)
(0.1040942687736154 0.06292168785483489 0)
(0.1179320927999163 0.07710358664178427 0)
(0.1318574189782506 0.09208240668778175 0)
(0.1491835924837787 0.1091668103910956 0)
(0.1630384333531823 0.1223116004327003 0)
(0.1800891944713482 0.1363574818075063 0)
(0.1955112461558943 0.1487793656141486 0)
(0.2108837209418131 0.1632716593491124 0)
(0.2265069145061968 0.1786908506435059 0)
(0.2442429615226578 0.1960269074227665 0)
(0.2576098588274414 0.2114376445832429 0)
(0.2857992506475218 0.2367479353370471 0)
(0.3249610434507902 0.2665970805478649 0)
(0.3832079340856838 0.3012632888127282 0)
(0.4502226050460252 0.320039398894958 0)
(0.566723115932626 0.3481833867386539 0)
(0.6917860168971435 0.3238109576833221 0)
(0.6992427465030835 0.2090931990866115 0)
(0.5373957637949254 0.08819216314158769 0)
(0.2943735319711464 0.02098295509087202 0)
(0.171712331525611 0.00394309013003067 0)
(0.2590843683687076 -0.00205423164460592 0)
(0.2732382034162024 -0.009429799787685846 0)
(0.195817955650627 -0.01181975059664636 0)
(0.03561691639877242 0.001207416280142449 0)
(-0.05204422399050429 0.02607792700197679 0)
(-0.05875926347584533 0.03524080787433166 0)
(-0.04524143891262687 0.03125880258812323 0)
(-0.03595663825377374 0.02784562179213704 0)
(-0.03076827591544143 0.02516783575088301 0)
(-0.02851079217650989 0.02390953662039515 0)
(-0.02873775875363253 0.02411183575618516 0)
(-0.03113885741110594 0.02587069221430494 0)
(-0.03640053359813857 0.03019105364714481 0)
(-0.04462498047266662 0.03678595487055344 0)
(-0.05578336762266971 0.04528268057986203 0)
(-0.06787453443496214 0.05485585544264034 0)
(-0.08048597305644986 0.06442310641659524 0)
(-0.09526390835003731 0.07412596477278602 0)
(-0.1062219253319233 0.07905066206086236 0)
(-0.1177598076328616 0.08211131216373144 0)
(-0.126588600284155 0.08144275520833739 0)
(-0.1342997774031625 0.07544668521116532 0)
(-0.1415752155247918 0.06809087237425937 0)
(-0.1469818118737643 0.05798895951913187 0)
(-0.1506991948086949 0.04600950297574374 0)
(-0.1532680758077576 0.03300388154589959 0)
(-0.1575087811068071 0.02072672343990965 0)
(-0.1698483875632322 0.01082863438313647 0)
(-0.190165177899751 0.006211879465079811 0)
(-0.2063951650257337 0.004250615947495916 0)
(-0.2169240985709855 0.002910715404979447 0)
(-0.2231072427451472 0.001900996106934589 0)
(-0.2258025779181105 0.001114844907786147 0)
(-0.2260710229922042 0.0003262876508652059 0)
(-0.2237885435199053 -0.0003037083712157357 0)
(-0.219786379349901 -0.0008969264469068042 0)
(-0.2131498323086487 -0.001384717889875968 0)
(-0.2055782097372952 -0.001598654879744037 0)
(-0.1968470872373148 -0.002186336868213897 0)
(-0.1874021845815467 -0.001971835281403694 0)
(-0.1787210761792702 -0.001955648114563543 0)
(-0.169382191048317 -0.0023718826818594 0)
(-0.158730195440117 -0.002550726388672713 0)
(-0.1475287942404645 -0.00270720338093369 0)
(-0.1362810668615682 -0.002549255297167059 0)
(-0.1249405508916961 -0.002840751364019655 0)
(-0.1127772082301681 -0.002812854370608015 0)
(-0.1013454813054469 -0.002541420267223092 0)
(-0.09058960988999282 -0.002553047067862768 0)
(-0.0790794034275534 -0.002838953791041792 0)
(-0.06729713755734734 -0.002659922618632185 0)
(-0.05701218887058608 -0.002450617919980881 0)
(-0.04602017222461096 -0.002783548179696851 0)
(-0.03477004727634734 -0.002592067295062795 0)
(-0.02507153231593323 -0.002271129757337234 0)
(-0.01535591329242199 -0.002238248980112354 0)
(-0.006486394444088246 -0.002140349808232499 0)
(0.003478068504277374 -0.002232469389441153 0)
(0.01231095269753479 -0.002247434397872814 0)
(0.02130201088319946 -0.002083473234343562 0)
(0.02995494487469916 -0.002064814033680691 0)
(0.03881854137317767 -0.002110718751470017 0)
(0.04732599980231753 -0.00194546320858377 0)
(0.05499328123807571 -0.001713779726835679 0)
(0.06233070901368162 -0.001732625501974759 0)
(0.06981719299703246 -0.001746651179308986 0)
(0.07712346350740454 -0.001793854638584474 0)
(0.08498047504070072 -0.001788608826165266 0)
(0.09182816444408895 -0.001482352410760716 0)
(0.09829961998284173 -0.001460167639640133 0)
(0.1044186167155661 -0.001311936596280748 0)
(0.1094965153385106 -0.001015817651420781 0)
(0.1137892398485981 -0.0008311539667698921 0)
(0.1176241278944882 -0.0008921928643290157 0)
(0.1218270577149588 -0.0008577281499913672 0)
(0.125361976090502 -0.0007881321946313301 0)
(0.1288804798107794 -0.0006412765831004083 0)
(0.1315201515630342 -0.0005323813515899842 0)
(0.1339153940342094 -0.0003330144584772644 0)
(0.1353296067113407 -0.0001030492132761629 0)
(0.1363038090287562 -0.0001080446728784781 0)
(0.1370156458724673 -3.020037657423875e-05 0)
(0.137595941735955 -5.143745830279821e-06 0)
(0.137618424414851 0.000178624559360577 0)
(0.1367483991596935 0.0005576134940241378 0)
(0.134452177838896 0.0008040301849941634 0)
(0.131229765897222 0.001072682239113983 0)
(0.1264012489718276 0.001551369038926807 0)
(0.1201412275696387 0.001855933489016487 0)
(0.1124408864947983 0.002274102865104669 0)
(0.1022448053791841 0.003040461049210821 0)
(0.08884337918555069 0.004066019758581414 0)
(0.07486110364432018 0.005389222505902156 0)
(0.06944627277150567 0.008075318409512637 0)
(0.07236425678281627 0.01336484167169029 0)
(0.07948794194759549 0.02124405275648186 0)
(0.08874860189283308 0.03125751760093077 0)
(0.1001117053964739 0.0433502018360737 0)
(0.1124645675507797 0.05769775008413466 0)
(0.1260564321625503 0.07477728976408354 0)
(0.1425636775268384 0.09162751599583367 0)
(0.1588129606962403 0.1091666893498076 0)
(0.1787261800403359 0.1290390762546082 0)
(0.1956712729504266 0.1448094211977906 0)
(0.2166417252083726 0.1621990272325859 0)
(0.2356785905904826 0.1777750018845982 0)
(0.2543846020755351 0.1951747724420843 0)
(0.2743196545996682 0.2144219854098934 0)
(0.2973184546071506 0.2365631505755539 0)
(0.319513007502613 0.2596138964470761 0)
(0.3501072795149546 0.2876984446555877 0)
(0.3992687334292505 0.3231629615508562 0)
(0.4673175980460117 0.3617171034534323 0)
(0.5619577230047044 0.3938640460884291 0)
(0.6951123181152896 0.418923181566682 0)
(0.832060063367177 0.3817784034964811 0)
(0.8681209995210688 0.2587142730667715 0)
(0.7432154893058468 0.1279678813973984 0)
(0.4812348268664293 0.03935902432260977 0)
(0.3074163160546685 0.008671775507922634 0)
(0.3759706904425982 -0.001728141899874742 0)
(0.3766026084469112 -0.01180453522484161 0)
(0.2898482810140659 -0.01639002431869036 0)
(0.09961409531877892 -0.005823094857380908 0)
(-0.04312111862265076 0.02517890401015328 0)
(-0.06879423819649448 0.04107711529025786 0)
(-0.05797803370628603 0.03940776152529792 0)
(-0.04696329441686353 0.03591958039572601 0)
(-0.04081014845158797 0.03309008951431301 0)
(-0.03799904379242702 0.03179454982242583 0)
(-0.03844858225492517 0.03226128594101235 0)
(-0.04172768924291245 0.0348031252380861 0)
(-0.04807774224674178 0.0401783681553822 0)
(-0.05764193149508101 0.04804218852071003 0)
(-0.07019996405543495 0.05770981443750262 0)
(-0.08347274381385281 0.06828104401968013 0)
(-0.09684015516236427 0.07825806514623683 0)
(-0.1113639235317259 0.08747941511741325 0)
(-0.1225218435116722 0.09197238345081817 0)
(-0.1340156903610283 0.09413051760987727 0)
(-0.1425083069418183 0.09223316661956402 0)
(-0.1507385400046227 0.08519137013274802 0)
(-0.1577228372685932 0.07625341611594041 0)
(-0.1636168591418057 0.0648165036689405 0)
(-0.1684125000157824 0.05162679886508365 0)
(-0.1728588803634852 0.0375335249306593 0)
(-0.1792548855422373 0.02426815673615583 0)
(-0.1928531557471624 0.01367999080119455 0)
(-0.2115785836059318 0.008242177969576601 0)
(-0.2258022729141982 0.005589369713407552 0)
(-0.2345307998388318 0.003703072193335012 0)
(-0.2390371891424556 0.002279678715014389 0)
(-0.2401629593685347 0.001180346596359631 0)
(-0.2390398684370363 0.0001359220743820934 0)
(-0.2355934891668173 -0.0007295835490422273 0)
(-0.2303793810108889 -0.001574409786989934 0)
(-0.2226713059986659 -0.002257185487674983 0)
(-0.213862996928857 -0.002565931840640946 0)
(-0.2042231105675069 -0.003287476055401117 0)
(-0.1938183128710524 -0.003015967922673924 0)
(-0.1842174256987103 -0.00300057610071121 0)
(-0.1739533590392237 -0.00353900714984508 0)
(-0.1625469801872835 -0.003807367481987605 0)
(-0.1505428309685928 -0.004020298732544348 0)
(-0.1385520259246822 -0.003815340092078365 0)
(-0.1263334301935989 -0.004212725195544746 0)
(-0.1133904727136029 -0.004165793330610361 0)
(-0.1010797856872534 -0.003814766078349821 0)
(-0.08939245681911012 -0.003835670475991532 0)
(-0.07711064171431749 -0.004183671071837305 0)
(-0.06467707715952566 -0.003931390262002388 0)
(-0.05343569721292812 -0.003658415929900431 0)
(-0.04179829080912881 -0.004057607986811787 0)
(-0.03006998155324934 -0.003791097397351342 0)
(-0.01968589676029399 -0.003375035559943635 0)
(-0.009265439143112779 -0.003329696656424732 0)
(0.0003945614998791316 -0.003226604253474968 0)
(0.01117240827890117 -0.003314367389324816 0)
(0.02050217556383579 -0.003274276193164261 0)
(0.03007636162167601 -0.003093724617452267 0)
(0.03937134093095682 -0.003080935724855707 0)
(0.04886683781925957 -0.003107565747246795 0)
(0.05783318314442816 -0.002871506919851066 0)
(0.06609314899766779 -0.002575739477015462 0)
(0.07401424227487691 -0.002593984251476064 0)
(0.08209910423445871 -0.002603094962737728 0)
(0.08997318459313287 -0.002662108756299457 0)
(0.09829297749827197 -0.002642624114077704 0)
(0.1057363073496987 -0.002246375910544142 0)
(0.1128249781828163 -0.002194999768498959 0)
(0.1192994893166773 -0.00196801123493405 0)
(0.1248961109535006 -0.001562775184772896 0)
(0.1298071152625141 -0.001303153679473458 0)
(0.1341434173910064 -0.001367376761339615 0)
(0.1387303957477784 -0.00131600302295328 0)
(0.1426559532449779 -0.001201669431366154 0)
(0.1464849321941849 -0.001006695152240612 0)
(0.1495716639041426 -0.0008419683376735829 0)
(0.1523659827532384 -0.0005726081137552032 0)
(0.1542621067540894 -0.0002589747135456073 0)
(0.1556929856129713 -0.0002312547751277643 0)
(0.156681491716595 -0.0001081601044432561 0)
(0.1574692872077474 -5.587439888528461e-05 0)
(0.1577319156316901 0.0001989370338886392 0)
(0.157052109008752 0.0007185483157426913 0)
(0.1551212768049724 0.001085016427354683 0)
(0.1521061279476297 0.001499494624001874 0)
(0.1474304603491803 0.002154957820143577 0)
(0.1413298441771615 0.002620451477537151 0)
(0.1336989745982132 0.003229182712039339 0)
(0.123602621519522 0.004345623776229986 0)
(0.1103463905569994 0.005730640970373796 0)
(0.09628375219282742 0.007479267051617411 0)
(0.08923259083171656 0.0106881170411092 0)
(0.0902559662056624 0.01663679325421155 0)
(0.09600697668761952 0.02520630766875563 0)
(0.1045967760897754 0.03605521180932449 0)
(0.1157576009390652 0.04903733359667629 0)
(0.128379069561357 0.06461252535758624 0)
(0.1420527961246137 0.0826404475922021 0)
(0.1594916178130021 0.1006411812474872 0)
(0.1766513248966732 0.1193441234766083 0)
(0.1975661285106456 0.1404042549611836 0)
(0.2173688919133864 0.1584573022101734 0)
(0.2397994181202819 0.1773167369556597 0)
(0.2611953196874642 0.1950606854342898 0)
(0.2821921327906038 0.2143872599450059 0)
(0.3050903072995935 0.2361279947169034 0)
(0.3310875202037353 0.2609420576513928 0)
(0.3598835205121537 0.2893238623871781 0)
(0.4011198022462933 0.3264911423882676 0)
(0.4553651035405765 0.3638872461713535 0)
(0.5318908650991023 0.405420485538515 0)
(0.6334813539661781 0.4373340289656073 0)
(0.7551998370936744 0.4464125532144628 0)
(0.8984233424747065 0.4047247904994208 0)
(0.9554013757255535 0.2831069221921685 0)
(0.8792859305185411 0.1563407284099041 0)
(0.6523257874009397 0.05910317079190477 0)
(0.4521698356226823 0.01556505025579959 0)
(0.489699502019104 -0.0001224969173372217 0)
(0.4733613416836352 -0.01302294041539109 0)
(0.379460119746468 -0.01987869131868573 0)
(0.1767652711508815 -0.0130531805095678 0)
(-0.02067061408615516 0.02090777672047294 0)
(-0.07286272531309124 0.04400813205515099 0)
(-0.0686397869100005 0.04601407105441914 0)
(-0.05773069397680398 0.04361072236750047 0)
(-0.05080423610753265 0.04086243945791877 0)
(-0.04754592110439876 0.03967908502649876 0)
(-0.04829616171893257 0.04052592649954839 0)
(-0.05217837631503751 0.04367825248109546 0)
(-0.0592317962715978 0.04983942465323089 0)
(-0.06965938910009042 0.05861313227649279 0)
(-0.08262017067729849 0.06872107760009992 0)
(-0.09621194537978918 0.07957408370270214 0)
(-0.1095649174071091 0.08940379123986372 0)
(-0.1230909607849212 0.09753491859611968 0)
(-0.1341948343316441 0.1015691371420583 0)
(-0.1451745449950203 0.1027106378325379 0)
(-0.1533752509372547 0.09985640660812332 0)
(-0.1616084321110553 0.09185438386531353 0)
(-0.1688516145570282 0.08210733411196064 0)
(-0.1753514894348994 0.06983270916315201 0)
(-0.181283313454777 0.05596532313101064 0)
(-0.1871613715799622 0.04111089314172839 0)
(-0.1951781204512837 0.02729614524787949 0)
(-0.2090995382770497 0.01625831073260108 0)
(-0.2258193687655272 0.01007515591923088 0)
(-0.2378847187983181 0.006748664077922416 0)
(-0.2449059868988424 0.004335396241338281 0)
(-0.2479107233604522 0.00249250896130408 0)
(-0.2477605465916184 0.001093672116062829 0)
(-0.2454863843141402 -0.0001910317319299092 0)
(-0.2410945431028358 -0.001295272575921992 0)
(-0.234935345307621 -0.002387025337595239 0)
(-0.2265402661761938 -0.003268983120328282 0)
(-0.2168929118181167 -0.003675995579281307 0)
(-0.2066257355434903 -0.004509907443113637 0)
(-0.1955793615799872 -0.004191256040830761 0)
(-0.185258811758713 -0.004173481928362357 0)
(-0.1743911490027733 -0.004829284302227247 0)
(-0.1624551137979197 -0.005180983817551141 0)
(-0.150030532211981 -0.005446641199120053 0)
(-0.1375569251554566 -0.005208844963215621 0)
(-0.1248200612199199 -0.005702334291778721 0)
(-0.1114738128166201 -0.005643975527382321 0)
(-0.09859506285514377 -0.005223250797673818 0)
(-0.08629146302346426 -0.005239977795139612 0)
(-0.07359414598820632 -0.005638747798237481 0)
(-0.060779516830289 -0.005325299848453621 0)
(-0.04880362267937941 -0.004995743976784017 0)
(-0.03676127314888427 -0.005425665762837873 0)
(-0.02478774802144618 -0.005092643606749476 0)
(-0.01392659702707112 -0.004585618516119108 0)
(-0.003079941132756847 -0.004528865047451695 0)
(0.007118687585391587 -0.004431795428168942 0)
(0.01843492179376506 -0.004497834324993771 0)
(0.02812451377503079 -0.004388452864839989 0)
(0.0380563572001234 -0.004198409836649647 0)
(0.04777408404640084 -0.004187919865513381 0)
(0.05759371253980607 -0.00419075622580765 0)
(0.06685955692061168 -0.003883132773645425 0)
(0.07557347197512704 -0.003525868290595056 0)
(0.08386114209150614 -0.003543555984314545 0)
(0.09239799808367558 -0.003546241336930865 0)
(0.1006330687073165 -0.003609693473619441 0)
(0.109210323499322 -0.003576202236071625 0)
(0.1170657003189917 -0.003103921944806732 0)
(0.1245823899527555 -0.003000240684621613 0)
(0.1312171527106205 -0.002679802454266992 0)
(0.1371653459735571 -0.002188780038336303 0)
(0.1425713525775519 -0.001850970757103135 0)
(0.1472708741602592 -0.001903986027181524 0)
(0.152116611770146 -0.001823639438471343 0)
(0.1563281842862706 -0.001663609141496132 0)
(0.1603627509256898 -0.001423058586089739 0)
(0.1637853762602383 -0.001204295643988233 0)
(0.166898860065893 -0.0008666419003221433 0)
(0.1691986775338684 -0.0004741572638842891 0)
(0.1709900802527059 -0.0003923206037641523 0)
(0.1722199275025612 -0.0002237310090381535 0)
(0.1731709609561056 -0.0001270450037095534 0)
(0.1736215794113216 0.0001966557700328336 0)
(0.1731207241375781 0.0008489906059212715 0)
(0.1715898572818343 0.001342473012956729 0)
(0.1688304244151715 0.001919716780272217 0)
(0.1643759303728896 0.002756702374825074 0)
(0.1585419056865525 0.00338669605724493 0)
(0.1511613171810183 0.004195275090222281 0)
(0.1414145966026433 0.005660167097084936 0)
(0.1286643163310568 0.007399727787852611 0)
(0.1149519886342844 0.009566613600527568 0)
(0.1068395584864612 0.01321146380128651 0)
(0.1062469863439261 0.01963541931535417 0)
(0.1107834927473643 0.0287371497874702 0)
(0.1185082007561016 0.04010227395697859 0)
(0.1291327682001837 0.05361878214803849 0)
(0.1412774686638743 0.06973845385016778 0)
(0.1550664590603136 0.0884769206491454 0)
(0.172716782061729 0.1070051493384862 0)
(0.1904770596004099 0.1265256194826979 0)
(0.2114874250645984 0.1477760752134769 0)
(0.2330005008473329 0.1672269523027794 0)
(0.2561954474197793 0.1869229200664264 0)
(0.2789058259067991 0.2060325083910867 0)
(0.3019602164922071 0.2270057104865272 0)
(0.325983203428455 0.249671412979415 0)
(0.3532712718993217 0.2755735699145213 0)
(0.386395045305717 0.3071660580516288 0)
(0.4266471586762161 0.3431158746474132 0)
(0.4889961395411957 0.3853913154261757 0)
(0.5659449717037826 0.4242428068656175 0)
(0.6678849412469892 0.4534104402886162 0)
(0.7877471238062964 0.4564699520103936 0)
(0.9302637803781996 0.4112736123603208 0)
(0.998920437872965 0.2936962135854984 0)
(0.9603022691138299 0.1743681878062006 0)
(0.7875226827206272 0.07708673053658763 0)
(0.5899019394666492 0.02422846551390267 0)
(0.5939048307322935 0.002827869133771601 0)
(0.5618922235010915 -0.01305678881552861 0)
(0.4625326866271954 -0.02224844979593994 0)
(0.259437006995978 -0.01927199423257375 0)
(0.01519315809206344 0.01415916196585448 0)
(-0.07094061041423338 0.04443212038564411 0)
(-0.07672649103899251 0.05093669264021909 0)
(-0.06705210207311769 0.05011541916916853 0)
(-0.0604936443565167 0.04830109801363354 0)
(-0.05684243336755838 0.047304814102749 0)
(-0.05790772142935456 0.04859273840183558 0)
(-0.06206850014483469 0.05213831234340058 0)
(-0.06948029395431105 0.05884145001705623 0)
(-0.08018905637126997 0.06808571402352898 0)
(-0.09313372895978689 0.0783273943102516 0)
(-0.1065336989126845 0.08900734196029245 0)
(-0.1193938988554437 0.09839656354749271 0)
(-0.1318416304839589 0.1053440437815461 0)
(-0.1426872541878437 0.1088963868926052 0)
(-0.1528879336642436 0.1089776064167183 0)
(-0.1610562253943331 0.1053648567616491 0)
(-0.1693344341687979 0.09686014453618579 0)
(-0.1768266279048436 0.08657087285668547 0)
(-0.1839353653882345 0.07375854526444885 0)
(-0.1906090526423938 0.05934875352737429 0)
(-0.1976981311506649 0.04405425737613979 0)
(-0.2067959280148534 0.02991393185577816 0)
(-0.2203953443836205 0.0185443241612874 0)
(-0.2350242931565587 0.01168216235273915 0)
(-0.2450626149729693 0.007720513353837048 0)
(-0.2505861541320868 0.004835850571122079 0)
(-0.2523300592981962 0.002567606286969079 0)
(-0.2511800187066999 0.0008874413300345909 0)
(-0.2479516464147384 -0.0006365714487841445 0)
(-0.2427752401071293 -0.001980935322988566 0)
(-0.2358620848508111 -0.003302024033424614 0)
(-0.2270553156460244 -0.004374625318277066 0)
(-0.2168953353256632 -0.004903709706439377 0)
(-0.2061285095577841 -0.005834777710234863 0)
(-0.1947007280122149 -0.005488970574311375 0)
(-0.1837637042154474 -0.005454046347088699 0)
(-0.1725137596678131 -0.006217386986685862 0)
(-0.16020853208471 -0.006649995934452035 0)
(-0.1475473176071675 -0.006960976008374404 0)
(-0.1347287662826329 -0.006710447752734584 0)
(-0.1216758270915253 -0.007282440384236996 0)
(-0.1082067798106114 -0.007221916709816704 0)
(-0.09498983290592537 -0.006748195226608111 0)
(-0.08223847547393841 -0.006743209195307108 0)
(-0.06931701786226954 -0.007180865955687317 0)
(-0.05630548288884081 -0.006829209823385328 0)
(-0.04372690916145205 -0.006448652681887625 0)
(-0.03144723672749818 -0.00687504763969121 0)
(-0.01931111361925274 -0.006488885955009996 0)
(-0.008125084840964454 -0.005888571835824824 0)
(0.003006978686719455 -0.005816770641114319 0)
(0.01357032294557766 -0.005736198465750121 0)
(0.02525877487804093 -0.005771838545402075 0)
(0.03525077792212253 -0.00557969795490692 0)
(0.04540368263830953 -0.005381920429895265 0)
(0.05540708179987325 -0.005369953112550265 0)
(0.06538874329430179 -0.005341155775210027 0)
(0.0748593414325489 -0.004968566433163756 0)
(0.0839073741827171 -0.004553305462970079 0)
(0.09249391489702571 -0.00457205678600999 0)
(0.1013785626672228 -0.004559864999502595 0)
(0.109845269007435 -0.004623564199623498 0)
(0.1185677365381729 -0.004574475076936337 0)
(0.1266772061993513 -0.004039122166959966 0)
(0.1344909216528803 -0.003854501066424123 0)
(0.141208759722381 -0.003434856409572625 0)
(0.1474148257904142 -0.002880914899945987 0)
(0.1531729715262598 -0.002464861699682653 0)
(0.158174266270293 -0.00249329507862384 0)
(0.1632076681747388 -0.00237055463051255 0)
(0.1676463623650749 -0.002166721078046246 0)
(0.171811868060435 -0.001877791739752516 0)
(0.1754918112224473 -0.001611080222166725 0)
(0.1788609693657059 -0.001206571245297558 0)
(0.1815173057525197 -0.0007388451985283894 0)
(0.1835581017263479 -0.0005803362322995738 0)
(0.1850153227030749 -0.0003755898326370408 0)
(0.1860912526474152 -0.0002119942471388685 0)
(0.1866811657099539 0.0001826161323135699 0)
(0.1863548153352506 0.0009517168639495276 0)
(0.1851633025252843 0.001578122955940924 0)
(0.1826622195269143 0.002330163157686963 0)
(0.1784922181480345 0.003357656323057688 0)
(0.1729904676308982 0.004149220824471195 0)
(0.1659344023621993 0.005164660831588253 0)
(0.1566182225312098 0.006954451962159137 0)
(0.1445491418420805 0.009042502307523698 0)
(0.1313640789390885 0.01160766707177512 0)
(0.1226713237137115 0.01565981817454406 0)
(0.1208171123438331 0.02245461283078409 0)
(0.1242461806288794 0.03190404596772993 0)
(0.131178669122366 0.04370768767190422 0)
(0.1411314066413491 0.05755767824111344 0)
(0.1527178263280196 0.07402376936969261 0)
(0.1663492968963005 0.09301108514855444 0)
(0.1838077211475487 0.1118573788251819 0)
(0.2020504046660845 0.1319637595753054 0)
(0.2229897375751462 0.1531357249995273 0)
(0.2454007422815552 0.1733484220699242 0)
(0.2689879293195387 0.1935218039344961 0)
(0.2923704877227069 0.2134927824547224 0)
(0.3160959685353768 0.2349608683512273 0)
(0.3414169960068144 0.2586374942578247 0)
(0.3695014622184384 0.2851120139147543 0)
(0.4050551897461919 0.3182408786125288 0)
(0.4460278905804499 0.3541080924610498 0)
(0.5100492279238825 0.3960719573800567 0)
(0.5863332537486773 0.4319881918159448 0)
(0.6897724791237362 0.4600213012720833 0)
(0.8090449158632713 0.4592947332972728 0)
(0.946788077304394 0.4105756487281758 0)
(1.020464645549603 0.2973441401771889 0)
(1.006570887286967 0.185249789952277 0)
(0.884010499611424 0.09195441500335186 0)
(0.7085308325842684 0.03373511280898896 0)
(0.6858406609420746 0.006847865898289812 0)
(0.6415584925625363 -0.01195822268559579 0)
(0.538566182809334 -0.02354843080464036 0)
(0.3418514105867695 -0.02395938414613405 0)
(0.06323583174299252 0.005967752214812057 0)
(-0.06218939433046104 0.04240355377691388 0)
(-0.08107094410841201 0.05372252865206352 0)
(-0.07522970038624596 0.05570387759683407 0)
(-0.06910551398228172 0.05483614757877556 0)
(-0.06576644809279952 0.05455478896484871 0)
(-0.06685028292377249 0.05610965016314732 0)
(-0.07143915226663262 0.06019279589772854 0)
(-0.07871220180443896 0.06707143430543867 0)
(-0.08937145340463876 0.07651181637926817 0)
(-0.1019080853765581 0.08662278259877429 0)
(-0.114853926271713 0.09686828087196037 0)
(-0.1269558211019933 0.1057117723879383 0)
(-0.1384932794483623 0.1115661786453125 0)
(-0.1488786647824012 0.1145850526138283 0)
(-0.158369350972588 0.1137419471912523 0)
(-0.16655783510891 0.1094239310493649 0)
(-0.1747908281168381 0.1006811534896799 0)
(-0.1825201848952164 0.09004285811416596 0)
(-0.190005390979462 0.07677990946236057 0)
(-0.1973402713026456 0.06208939532959516 0)
(-0.2053489905979499 0.04653082709259768 0)
(-0.215071468199427 0.03219747841331787 0)
(-0.2279598869585587 0.02055862183463412 0)
(-0.2405462103274184 0.01307398595905419 0)
(-0.2487531703154713 0.008512419911556426 0)
(-0.2529439303435224 0.005179647807583841 0)
(-0.2536629986901284 0.002501727719789301 0)
(-0.2517026804322817 0.000550551349991383 0)
(-0.2477353260047434 -0.001203359124625155 0)
(-0.2418868923964125 -0.002787439592698007 0)
(-0.2343922330673935 -0.004324231529134919 0)
(-0.2253598631062607 -0.005570149927577194 0)
(-0.2149242058898645 -0.006234656133246753 0)
(-0.2037856856073066 -0.007249828072537753 0)
(-0.1921193262043593 -0.006885756819622696 0)
(-0.1806758730249082 -0.006840298677805563 0)
(-0.169149343008418 -0.007705102116429411 0)
(-0.1566323971375184 -0.008207065840331415 0)
(-0.1438371580211451 -0.008557369697500912 0)
(-0.1307768653936283 -0.008311773457747609 0)
(-0.117506016720473 -0.008942012179341817 0)
(-0.1041040443185102 -0.008867567933846403 0)
(-0.09077906782731641 -0.008376496002732721 0)
(-0.07764537910849609 -0.008342842072539039 0)
(-0.06459995665105436 -0.008800422702329513 0)
(-0.0515160822590955 -0.008421542057782117 0)
(-0.0384708288816252 -0.008006084511769884 0)
(-0.02606330986759288 -0.008397333432596158 0)
(-0.01375459523018831 -0.007951465059188192 0)
(-0.002337888478457573 -0.007268810678112235 0)
(0.008958926054832389 -0.007181850875181016 0)
(0.01979112770725402 -0.007128002423951118 0)
(0.03168500222123739 -0.007131849285924237 0)
(0.04191892526782469 -0.006842970885761827 0)
(0.05222874466911605 -0.006635497267451855 0)
(0.06242495819961621 -0.006618161453965571 0)
(0.07248619118457925 -0.006550880341889362 0)
(0.08211901782247892 -0.006126585270770086 0)
(0.09140266167995827 -0.005651521962825482 0)
(0.1002214300165965 -0.005673341183063659 0)
(0.1093562883394852 -0.005644954361687365 0)
(0.1180067643737956 -0.005692730520634242 0)
(0.1268229958158907 -0.005629708298218799 0)
(0.1350461685098526 -0.005040777113774915 0)
(0.1430809222309344 -0.004762535764044142 0)
(0.1498120121434978 -0.004240812415098096 0)
(0.156182806193392 -0.003638008116081725 0)
(0.1622203380546215 -0.003139402839454116 0)
(0.1674643931423216 -0.00313319090441819 0)
(0.1726853499094119 -0.002966775618511493 0)
(0.1773093478692521 -0.002702697854375745 0)
(0.1815076956057473 -0.002378291215690346 0)
(0.1854085117718979 -0.002060590573389731 0)
(0.1889889085382515 -0.001600465118235986 0)
(0.1919589236040861 -0.001054347236413056 0)
(0.1942107077431733 -0.0008007992450184656 0)
(0.1958626261604088 -0.0005604140756343036 0)
(0.197046598985995 -0.000317038893391108 0)
(0.1977345204422119 0.0001419156979773926 0)
(0.197549663336935 0.001022956657114995 0)
(0.1966272196015385 0.001786133991981084 0)
(0.1943443584522853 0.002712992790958674 0)
(0.1905093880828799 0.003929765178103245 0)
(0.1853801317926279 0.004888711480755687 0)
(0.1786882009712601 0.006113106459573914 0)
(0.1698337120506997 0.008211569142800745 0)
(0.1585389431274125 0.01064966868058033 0)
(0.1459291790151687 0.01360406564988576 0)
(0.1370115908013662 0.01804564480616147 0)
(0.1342514384967121 0.0251377971047467 0)
(0.1367348024641216 0.03484388282885739 0)
(0.1428622938976438 0.04693471420969811 0)
(0.1521819279208228 0.06106675503209728 0)
(0.1631999749785325 0.07774315757139219 0)
(0.1767195290284295 0.09672685142726063 0)
(0.1938033985299952 0.1158517351036332 0)
(0.2122669210853072 0.1363158629226767 0)
(0.2330913956107135 0.1572821541541166 0)
(0.2559576024980815 0.177924098459757 0)
(0.2797212115305449 0.1983291311408872 0)
(0.3033840448932446 0.2188636544760855 0)
(0.3276809930439215 0.2407046031444747 0)
(0.3538459452122227 0.2650266815215801 0)
(0.3830314795958489 0.2922232748585774 0)
(0.4191885558692313 0.3253419387598683 0)
(0.4615470315848949 0.3614128590170455 0)
(0.5256868846793983 0.4019746695188585 0)
(0.602439988847481 0.4359614972361148 0)
(0.7049892086342443 0.4615921731079581 0)
(0.8236418216505491 0.4577866142359651 0)
(0.9561178312430643 0.4064845846991314 0)
(1.03046920877451 0.2972946471363426 0)
(1.032498984579472 0.1916415066016557 0)
(0.9485074653767499 0.1033176975250052 0)
(0.8048126170483323 0.04325654162320229 0)
(0.7638301327164452 0.01159154638996476 0)
(0.7117237081059231 -0.009856291340163827 0)
(0.6074536551519293 -0.02385584640611372 0)
(0.4209621165259879 -0.02707807938853931 0)
(0.1219141623784243 -0.002670777528750501 0)
(-0.0455586433540675 0.03799550878118992 0)
(-0.08212530875413608 0.05482538442419645 0)
(-0.08158744171657963 0.06000920054735011 0)
(-0.07689811877016148 0.06069736252577802 0)
(-0.07386886817593452 0.06107268787904091 0)
(-0.07489344861274833 0.06289343256196019 0)
(-0.07966193749641921 0.06735446624739419 0)
(-0.08694359936546696 0.07452834504604847 0)
(-0.09733946226590784 0.0839687999404941 0)
(-0.1089966138492357 0.09361434236962475 0)
(-0.1214372765389766 0.1033397942619105 0)
(-0.1326785483722359 0.1116903828050392 0)
(-0.1433335173077142 0.1164035847814016 0)
(-0.1533332537449976 0.119042770571376 0)
(-0.1622068737476823 0.1174058751236683 0)
(-0.1703857172018567 0.1125310559407873 0)
(-0.1785177725067875 0.1036546674912043 0)
(-0.1864138332093771 0.09274141921427283 0)
(-0.1942296894862073 0.07917720552862759 0)
(-0.2020293329415171 0.06434349086379565 0)
(-0.2106827454146444 0.04863238326037622 0)
(-0.2206496093322132 0.03418448948685641 0)
(-0.2326141392000167 0.02230248326161707 0)
(-0.2432542287636689 0.01425971798516285 0)
(-0.249880663491296 0.009150594153640342 0)
(-0.2529196342081642 0.00539372889176859 0)
(-0.2528224057617891 0.00232636695701488 0)
(-0.2502118965149766 0.0001118279317975942 0)
(-0.2456823844020359 -0.001873133748038446 0)
(-0.2392331302140381 -0.003701623529457517 0)
(-0.2313238451710534 -0.005424917450828705 0)
(-0.2221861235548093 -0.0068273415618837 0)
(-0.2116374686606459 -0.007649146830220891 0)
(-0.2002261446847742 -0.008746056137131862 0)
(-0.1884209399211003 -0.008381616962281756 0)
(-0.1765626116895909 -0.008322067936737473 0)
(-0.1648039556620119 -0.009274530196818656 0)
(-0.1522105121056805 -0.009839115096110797 0)
(-0.1393379022193284 -0.01022648142376287 0)
(-0.1261069704302975 -0.01000896897832058 0)
(-0.1126995021292804 -0.01066231542998754 0)
(-0.09946495627668744 -0.01056881296332321 0)
(-0.0861682166880194 -0.01009343148919675 0)
(-0.07275563236745752 -0.01002761787676433 0)
(-0.05965044137748197 -0.0104869676891723 0)
(-0.04655613827426126 -0.01010100313520549 0)
(-0.03314875630074782 -0.009657047904598646 0)
(-0.02069523092002726 -0.009991243298573677 0)
(-0.008238627487983253 -0.009489355561185787 0)
(0.003328776518672264 -0.008722995847926015 0)
(0.01475492271847917 -0.00862020773788142 0)
(0.0258033914772495 -0.00859636970980209 0)
(0.03774840181801523 -0.008561507617197851 0)
(0.04818657673639711 -0.008174071621729864 0)
(0.05860261629472401 -0.007954745156672291 0)
(0.0689264925952002 -0.007926700311309629 0)
(0.07904494929872641 -0.007817845791628919 0)
(0.08880360020978492 -0.00735008502632811 0)
(0.09823629512551839 -0.006816687647684812 0)
(0.1072830836432836 -0.006845023732864601 0)
(0.1166071641767297 -0.00679219884810638 0)
(0.1253924459058618 -0.00681769713056174 0)
(0.1342546646644915 -0.006730033069608534 0)
(0.1424747558000692 -0.006099620280101083 0)
(0.1506858200500979 -0.005712615988682091 0)
(0.1573789672045424 -0.005085248570747523 0)
(0.1638542331382767 -0.004447182572232061 0)
(0.1700914105310103 -0.00387120751827913 0)
(0.1755630672498626 -0.00382274031450754 0)
(0.1809478229432331 -0.003607347098697533 0)
(0.1857072353240808 -0.003265576394685854 0)
(0.1899362372436352 -0.002914882087934443 0)
(0.1940306020095138 -0.002549590667433091 0)
(0.197779390801977 -0.002041773001962888 0)
(0.2010082650110617 -0.001413174395558136 0)
(0.203439795757249 -0.001050322202063252 0)
(0.205264684463992 -0.0007714185699390786 0)
(0.2065287845408662 -0.0004392638987405307 0)
(0.2073018162527979 8.7887967136568e-05 0)
(0.2072194267679233 0.001073760035670676 0)
(0.2064884453323824 0.001971611577304634 0)
(0.20438321546073 0.003077325604323992 0)
(0.2009117784502457 0.004472494705588467 0)
(0.1961756746343464 0.005604131281553994 0)
(0.1898645864761393 0.007047177538298838 0)
(0.1814743930394197 0.009425723912885625 0)
(0.1709655910150476 0.01221337264925012 0)
(0.1589617760287456 0.01554884825843135 0)
(0.1500413081973346 0.02035838294323353 0)
(0.1467218340351744 0.02769457562620053 0)
(0.1484456304537796 0.03761896209088077 0)
(0.153784620358565 0.04989242182671569 0)
(0.1625214206952631 0.06425322325261697 0)
(0.1730182068003615 0.0811105442988397 0)
(0.1864342192614113 0.09998587441404999 0)
(0.2030845680625956 0.119261560477067 0)
(0.2216063653347499 0.1399399167853962 0)
(0.2422003263178508 0.1605360000543464 0)
(0.2653833976845644 0.1815330847420021 0)
(0.2891644939682295 0.2019660444452956 0)
(0.3128372704850894 0.2228474706187406 0)
(0.3377635821737278 0.2450684103424998 0)
(0.3644833702909155 0.2697974417702416 0)
(0.3939305507836069 0.296964793784764 0)
(0.4309167623553807 0.3302405076603431 0)
(0.474359781431795 0.366082616910355 0)
(0.539041807168536 0.4056657960281778 0)
(0.6155793072388731 0.4372862734256301 0)
(0.7176354580314996 0.4609084734868359 0)
(0.8337339695385158 0.4535080685791912 0)
(0.9619876339316293 0.4008683700645225 0)
(1.034440944447409 0.2952879044668475 0)
(1.046673331797643 0.1952754041463627 0)
(0.9895222227643179 0.1115724508775387 0)
(0.8787290741538496 0.05205466402496484 0)
(0.8278014963024439 0.01668915307772494 0)
(0.7723704947859957 -0.00694094516801308 0)
(0.6691970489705796 -0.02327276755097614 0)
(0.4947074873045201 -0.02877100362001541 0)
(0.1880683026451348 -0.01089424555444221 0)
(-0.02123115019410753 0.03182953453983417 0)
(-0.07936421342292202 0.05421867454886303 0)
(-0.08556950019263268 0.06280308111049927 0)
(-0.0832837910614314 0.06548990570938844 0)
(-0.08081825380919731 0.06663539381807609 0)
(-0.08218523669642029 0.069057925372691 0)
(-0.08699670356167835 0.07381341867328908 0)
(-0.09402904942836809 0.08108827077729609 0)
(-0.1039678468922522 0.09035001685589709 0)
(-0.1147407777699194 0.09955492398624846 0)
(-0.1266411825231863 0.1087027545612324 0)
(-0.1368683682456877 0.1165087679704 0)
(-0.1468037098674963 0.1201943914172649 0)
(-0.1564101462678827 0.1225234399971346 0)
(-0.1647894947720913 0.1202325612343 0)
(-0.1729078669313895 0.1149199481012109 0)
(-0.18095260808862 0.1059878907753462 0)
(-0.1889195555589415 0.09481357691318897 0)
(-0.1969693119522191 0.08108029087177698 0)
(-0.2050570107000373 0.06620587352402944 0)
(-0.2140840110635722 0.05042123896761721 0)
(-0.2240409393927832 0.03590526365145789 0)
(-0.2349595226200488 0.02378300779352554 0)
(-0.2437985252749968 0.01525367046783791 0)
(-0.2490645788729022 0.009654986188189874 0)
(-0.2511128095505678 0.005492547088883083 0)
(-0.2503690882096639 0.002055086777290581 0)
(-0.2472437017059798 -0.0004177774192956434 0)
(-0.2422980123876079 -0.002638385197796341 0)
(-0.2353510382267075 -0.004712190581689263 0)
(-0.2271371473923148 -0.006592020061925376 0)
(-0.2179710207579615 -0.008139330913454285 0)
(-0.2073898511582596 -0.009136821526496594 0)
(-0.1958157794446621 -0.01031818574570386 0)
(-0.1839495746971909 -0.009969090417239142 0)
(-0.1717672458819464 -0.009898443496069657 0)
(-0.1597957334221228 -0.01091849245072947 0)
(-0.1472124116562888 -0.01153911037678581 0)
(-0.1343093090408387 -0.01196454000053169 0)
(-0.1210008212087694 -0.01179809824824079 0)
(-0.1075145755988493 -0.01243438313521922 0)
(-0.09445355973783304 -0.01231925671534139 0)
(-0.08123748881971259 -0.01188645328291927 0)
(-0.06766791815329756 -0.01179135375361498 0)
(-0.0545689154058578 -0.01223476050379892 0)
(-0.04149686322962423 -0.01186384771828093 0)
(-0.02781006823821007 -0.01139427673740397 0)
(-0.0153441076981465 -0.011655096307747 0)
(-0.00280082590245935 -0.01109697235334398 0)
(0.00888737641734037 -0.01024876480194173 0)
(0.02041445922753437 -0.01013068293431561 0)
(0.03163797638729134 -0.01013139605156831 0)
(0.04350044463958246 -0.01005472047425989 0)
(0.05411047979462427 -0.00957461658463498 0)
(0.06464681630649412 -0.00933634189905086 0)
(0.075007349476754 -0.009293248239292463 0)
(0.08518646705260755 -0.009142753015476294 0)
(0.09502604640085921 -0.008633884667041278 0)
(0.104549857250828 -0.008048344812757196 0)
(0.1138258986119446 -0.00808707038552285 0)
(0.1233010820429701 -0.00800113593146509 0)
(0.1321936438570252 -0.007994431575919501 0)
(0.1410315389814215 -0.007867782626144439 0)
(0.1491838201146254 -0.007209121607550583 0)
(0.1575195511718917 -0.006701346755961677 0)
(0.1641665629574831 -0.005964825566004245 0)
(0.1706923835152536 -0.005302123850651625 0)
(0.1770625624516369 -0.004658713542833903 0)
(0.1827514359587524 -0.004561410215062416 0)
(0.1882581685969487 -0.004291458733424952 0)
(0.1931116482815798 -0.003856221549324178 0)
(0.1974152728111833 -0.003487937435687214 0)
(0.2016837089116987 -0.003078478285640568 0)
(0.2055572007592286 -0.002525187064392336 0)
(0.2089712677460946 -0.001811073205545036 0)
(0.2115685670609781 -0.001331951559260971 0)
(0.213560298440526 -0.001003472865889295 0)
(0.2148827034935474 -0.0005791986214100617 0)
(0.2157197038382055 2.289797074880055e-05 0)
(0.2157201514311011 0.001110341983796591 0)
(0.2151123725686315 0.002139222184616 0)
(0.213152484175883 0.003425630481816514 0)
(0.2100301922628983 0.00497744182432188 0)
(0.2056979850605609 0.006292695241893456 0)
(0.1997735386585931 0.007962905352284435 0)
(0.191870109148769 0.01060315796816302 0)
(0.1820671957263324 0.01372782259754381 0)
(0.1707101044464531 0.01743056277622204 0)
(0.161999003946769 0.0225961998292973 0)
(0.1583787779526213 0.03014432493093017 0)
(0.1595120133813108 0.04027101570437901 0)
(0.1641165532561674 0.05263762016917449 0)
(0.1723329580345237 0.06722361760251297 0)
(0.1823994643718132 0.08419318411737244 0)
(0.195678337545708 0.1029246465184891 0)
(0.2118693521921032 0.1222326878261569 0)
(0.2303530685676425 0.1430370722434307 0)
(0.2507184343230471 0.1632055596300529 0)
(0.2740682575456828 0.1844864778517124 0)
(0.2978443104142102 0.2048402772357689 0)
(0.3214359257709013 0.2259935729807868 0)
(0.3467413810858817 0.2483852730599299 0)
(0.3738439310045261 0.2733670444396675 0)
(0.4038220972459995 0.3006402205148737 0)
(0.4414101096341171 0.3338822804655631 0)
(0.485434635609892 0.3690252999539861 0)
(0.5506298913136787 0.4075914362892652 0)
(0.6267344575878742 0.4368159251249965 0)
(0.7285535739723261 0.4586296273221646 0)
(0.8416897858795265 0.4478490668063293 0)
(0.9657451702454053 0.3943101432134184 0)
(1.035213997992119 0.2921724729070256 0)
(1.053996271465574 0.197202961110503 0)
(1.014651875542811 0.1174068819254945 0)
(0.9329873200332917 0.05973719603450409 0)
(0.8788475798473925 0.02183030351048408 0)
(0.8238327979942287 -0.003420836425780763 0)
(0.7238894876705514 -0.02192041453586547 0)
(0.5622953799460391 -0.02926286546192716 0)
(0.2596273789755454 -0.01810342074271372 0)
(0.01117345972187423 0.02434196097395966 0)
(-0.07196908304283153 0.05183045825772315 0)
(-0.08744758746582453 0.06437720773577195 0)
(-0.08809491260523773 0.06915763268221041 0)
(-0.08680189916087534 0.07139693410564407 0)
(-0.0883186236085588 0.07430032667870629 0)
(-0.09317260746799788 0.0793646850791617 0)
(-0.09998980517628249 0.08676001790927675 0)
(-0.1094260904827618 0.09578844624087281 0)
(-0.1193336825716322 0.1045383591645292 0)
(-0.1304059022590243 0.1129577189149042 0)
(-0.1398002201311323 0.1200899922955878 0)
(-0.1492284465664823 0.1231989866131144 0)
(-0.1584040258283275 0.1252472795496883 0)
(-0.1663900333139325 0.122419899159328 0)
(-0.1744036317202657 0.1167915914508962 0)
(-0.182297839651993 0.1077855714442603 0)
(-0.1903030568941009 0.09639341628553784 0)
(-0.1984576360939861 0.08256904916085736 0)
(-0.2066608123031651 0.06772720715825389 0)
(-0.2158795427628873 0.05192821999875058 0)
(-0.2256255416332189 0.03737467389091841 0)
(-0.2354079651160491 0.02500948341723086 0)
(-0.2426362258230117 0.01606728067177748 0)
(-0.2467301726655214 0.01003564355124701 0)
(-0.2479207581597765 0.005479841752443241 0)
(-0.2466695776918882 0.001701155036779134 0)
(-0.2431569902700953 -0.001015756211485952 0)
(-0.2379116959551842 -0.003494409445853549 0)
(-0.2305951219699627 -0.005805908956160068 0)
(-0.222170781104217 -0.007818261205017647 0)
(-0.2129906122865972 -0.0094968775976388 0)
(-0.2024196186851558 -0.01067598235368223 0)
(-0.1907881708772373 -0.01196111317996508 0)
(-0.1789191008805955 -0.01163603781468949 0)
(-0.1665414698686351 -0.01157028099464785 0)
(-0.1543490638302752 -0.01263330228660444 0)
(-0.141830820590449 -0.01330174672217734 0)
(-0.12892968463239 -0.01376768825949755 0)
(-0.1156737642046015 -0.0136699324403598 0)
(-0.1021362102198168 -0.01425724546886992 0)
(-0.08917288519804828 -0.01412396402572532 0)
(-0.07603894436726459 -0.01374424002888386 0)
(-0.06244545322120275 -0.01362466037955946 0)
(-0.04941686717127968 -0.01403759122516046 0)
(-0.036390442629626 -0.01371271413867163 0)
(-0.02248755177426319 -0.01321379564812725 0)
(-0.01002997300359683 -0.01338452770038071 0)
(0.002528190521497713 -0.01277228764456088 0)
(0.01435191785499202 -0.01184503595465573 0)
(0.02595236153197695 -0.01171069007598535 0)
(0.03730896525638358 -0.01172486594821489 0)
(0.0489947105167744 -0.01160330479256014 0)
(0.059737056503532 -0.01104421370022435 0)
(0.07037680401647813 -0.01077709712868405 0)
(0.08073721364442095 -0.01071466028086608 0)
(0.09096707779642391 -0.01052614878775645 0)
(0.1008551518766893 -0.009973337277410187 0)
(0.1104441620670701 -0.009347126676858051 0)
(0.119940680443107 -0.009400340565098381 0)
(0.1295019658782917 -0.009275047894652779 0)
(0.1384945230897222 -0.009220440704610325 0)
(0.1472623065145006 -0.009037297103193774 0)
(0.1553364379470219 -0.008363911209980762 0)
(0.1637209816063958 -0.007738535159358895 0)
(0.1703354115113095 -0.006877901303759502 0)
(0.1768800635301496 -0.006196845225971322 0)
(0.1833211749859881 -0.005500490338853786 0)
(0.1892220426568973 -0.005351057452781518 0)
(0.1947887603530367 -0.005014755488557168 0)
(0.1997161349419424 -0.004478821335956588 0)
(0.2041213896047401 -0.004099579479512688 0)
(0.2085423766136824 -0.00364802032527208 0)
(0.2124954354389318 -0.003042507817339178 0)
(0.2159958414928425 -0.002238290764895554 0)
(0.2187636743666416 -0.001651628991719433 0)
(0.2209823980490636 -0.001256661885871789 0)
(0.2223022728930591 -0.0007275735412353528 0)
(0.2231576348514869 -4.667860168509609e-05 0)
(0.2232521919686072 0.001134318654786102 0)
(0.2227282207297681 0.002296633295787941 0)
(0.2208925834966234 0.003757046020192826 0)
(0.218049600071803 0.005446738445888805 0)
(0.2141618566763689 0.006950046245548678 0)
(0.2086293543271269 0.008848513355794984 0)
(0.2012352350415088 0.01174778845002951 0)
(0.1920366865881647 0.01518389970227912 0)
(0.1813668440357064 0.01923713594524769 0)
(0.1730271253110065 0.02474189520652333 0)
(0.1693085612488403 0.03246867697005346 0)
(0.1699646132576132 0.04281052301193595 0)
(0.1739555716734116 0.05520891906756301 0)
(0.1816803614398035 0.06999624764839402 0)
(0.191408699539808 0.08701914392225482 0)
(0.2045379282924149 0.1056361558077845 0)
(0.2202958718301953 0.1248612757178128 0)
(0.2386955570750972 0.1457524348820246 0)
(0.2588950544268391 0.1654584229879543 0)
(0.2821219313345208 0.1868641870721051 0)
(0.30581702138355 0.2072069236505064 0)
(0.3295508394725905 0.2285282257380793 0)
(0.3550952538484445 0.2510395188762404 0)
(0.3824294866878213 0.2761207619442561 0)
(0.4128371071730824 0.3033720432908378 0)
(0.4508802198759578 0.3364380567770739 0)
(0.4958152309969169 0.3709773524056488 0)
(0.5611313603183308 0.4083286727457264 0)
(0.6371667286847127 0.4353883102353061 0)
(0.7380925987685703 0.4552052485454625 0)
(0.8483884587009449 0.4413123279640065 0)
(0.9681718562836764 0.3872613682713659 0)
(1.034239210436047 0.2884659877868963 0)
(1.057283840903467 0.1980353759181595 0)
(1.029547558224851 0.1214889756070334 0)
(0.9713768144512961 0.06618179424518701 0)
(0.918467071101598 0.02676814804662422 0)
(0.8665503361530684 0.0004818843716732635 0)
(0.7718586806286528 -0.01992794451798456 0)
(0.6234841095091803 -0.02879333516047004 0)
(0.3341133503806651 -0.02387311718765349 0)
(0.05163332616696413 0.01597738633490514 0)
(-0.05960496279820732 0.04785635410952285 0)
(-0.08647245286295688 0.06446549310228407 0)
(-0.09122008786968962 0.07170092876430918 0)
(-0.09155894328215705 0.075216851800557 0)
(-0.09344431504923632 0.07875993719124977 0)
(-0.09829178929272428 0.0841181430623431 0)
(-0.1048586948628257 0.09155005872977109 0)
(-0.1136210504316035 0.1002308051645131 0)
(-0.122808248447926 0.1085478868383372 0)
(-0.1330456911513299 0.1163561798103327 0)
(-0.1418297528807132 0.1228069249311341 0)
(-0.1507100547294245 0.1258312344915489 0)
(-0.159439575051815 0.1272764890817022 0)
(-0.1670752868426495 0.1240023183022309 0)
(-0.1749839696138283 0.1181296842357349 0)
(-0.1827276692973407 0.1091465806412571 0)
(-0.1907037927029398 0.09755857010656123 0)
(-0.1988615500997803 0.08374222082706161 0)
(-0.2070695189958112 0.06894893275843772 0)
(-0.2163140220914277 0.05319211684209846 0)
(-0.2256747381875502 0.03860329784053144 0)
(-0.2342399614147018 0.02598842255825681 0)
(-0.240074023200601 0.01670697221361998 0)
(-0.2431366728888074 0.01029099544600158 0)
(-0.2436296726072812 0.005397354841362585 0)
(-0.2419508531604989 0.001292284536589769 0)
(-0.2382652316293334 -0.001684379686536852 0)
(-0.2327871586631413 -0.004431240879127765 0)
(-0.2252076830673002 -0.006971941920859052 0)
(-0.2166385733622343 -0.009100762351868673 0)
(-0.2074671590145205 -0.01091533794369522 0)
(-0.1969335661732859 -0.01228317280349309 0)
(-0.1853050509924619 -0.01366943394482853 0)
(-0.1734618946470836 -0.01337371203982217 0)
(-0.1610038449938805 -0.01333529695450711 0)
(-0.1486115068643404 -0.01441762896860122 0)
(-0.1361597955069398 -0.0151215599404025 0)
(-0.1232636290032689 -0.0156226422440144 0)
(-0.1101578576044245 -0.01560959083868815 0)
(-0.09663814960418181 -0.01614991059210212 0)
(-0.08368137712384965 -0.01598786902682566 0)
(-0.07061965885522625 -0.01565670803924756 0)
(-0.05711526806186397 -0.01552652804190452 0)
(-0.04415045121920567 -0.01589174396869776 0)
(-0.0312407862918501 -0.01563409382286248 0)
(-0.01718812363808752 -0.01511685490104065 0)
(-0.004737186738508103 -0.0151761037770748 0)
(0.007758288838567863 -0.0145277011423827 0)
(0.01969025813159046 -0.01352407096824013 0)
(0.03140353104132241 -0.01336267942584183 0)
(0.04284457149153955 -0.01336869441639765 0)
(0.05428768026615749 -0.01320291568031803 0)
(0.06512729564500586 -0.01258587282300145 0)
(0.07582513002400335 -0.01228248896328048 0)
(0.0861793291499568 -0.01218837368421951 0)
(0.09644549673046859 -0.0119652113548653 0)
(0.106378602260458 -0.01136718528754365 0)
(0.1160204143402831 -0.01071780921180609 0)
(0.1257085501005235 -0.01077779470850136 0)
(0.135276506591237 -0.01059689592804648 0)
(0.1443280764128007 -0.01049053371284123 0)
(0.1530326659737992 -0.01023250980226328 0)
(0.1610603863781104 -0.009558782335089392 0)
(0.1693861640898784 -0.008799180786569178 0)
(0.1760132196722216 -0.007823806792809638 0)
(0.1825464608804914 -0.007125987048502525 0)
(0.1890129600217516 -0.00639781708819862 0)
(0.1950949808011515 -0.006174925389675331 0)
(0.2006675485723693 -0.005761057303419219 0)
(0.2056621611127422 -0.005136887766705024 0)
(0.2101707331629977 -0.004750452994287183 0)
(0.2147235075738496 -0.004252883909642152 0)
(0.2187839385614135 -0.003585865839344152 0)
(0.2222980436092749 -0.002700639920734884 0)
(0.2252631137732438 -0.002015688008141803 0)
(0.2276990321600957 -0.001539187351993327 0)
(0.2290853978711565 -0.0008887295789763578 0)
(0.2298964805079592 -0.000124676790857376 0)
(0.2300213751755877 0.001144894846034525 0)
(0.2295582833544398 0.002450701374255989 0)
(0.2278600768337426 0.004068029821652956 0)
(0.2252970116640889 0.005880128025120739 0)
(0.2217412480124223 0.007582054400980385 0)
(0.2165720386262495 0.00972429451409916 0)
(0.2096809581321376 0.01285441125386541 0)
(0.2010431704664472 0.01657576187751002 0)
(0.1910843271836763 0.02095580793377562 0)
(0.1832521940150921 0.02678485321681717 0)
(0.1796044448544614 0.03467777657023745 0)
(0.1798954164062079 0.04523972641696875 0)
(0.1834780407923005 0.05767510999252291 0)
(0.1906335973374942 0.07257764721799204 0)
(0.2001183274803978 0.08961325922696643 0)
(0.2131058769035054 0.1081008167962174 0)
(0.2284422010789181 0.1271984956457597 0)
(0.2467608228143012 0.1481593976800138 0)
(0.2670000191665089 0.1677828592598039 0)
(0.2898807778927543 0.1888150343967535 0)
(0.3133877014542535 0.2092117750849483 0)
(0.3373357432706861 0.2305598053878766 0)
(0.3629609489400211 0.2531943638338262 0)
(0.3904370955463483 0.2782897276147487 0)
(0.4215167536545399 0.305699677022079 0)
(0.4597869795715048 0.338261311802879 0)
(0.505650660047064 0.3721348964289446 0)
(0.5709538168941377 0.4081995648476143 0)
(0.6468083332627839 0.4330828418087109 0)
(0.7467506506087529 0.4509225748591936 0)
(0.8541868692749151 0.4341468576910374 0)
(0.9694867482333298 0.37980605331377 0)
(1.03235632765907 0.2844443057810065 0)
(1.058136344233105 0.1981449049173266 0)
(1.037990512474318 0.1243310943938958 0)
(0.9975967286591582 0.0714414718317512 0)
(0.9484568230915655 0.03136188805133155 0)
(0.9006310585756236 0.004514256583942946 0)
(0.8135544729953696 -0.01726903487357408 0)
(0.6787848770908615 -0.0275595498136059 0)
(0.4090176877157501 -0.02795287966465696 0)
(0.1000763300263346 0.007094011257738427 0)
(-0.0418487520059692 0.0425643744563788 0)
(-0.08246965427681859 0.06318468414964344 0)
(-0.0923722412982068 0.07299074823100533 0)
(-0.09487782331251901 0.07800319008334379 0)
(-0.09733006661124451 0.08228590011277358 0)
(-0.1022329908952977 0.08797837663491706 0)
(-0.1085973430203284 0.09541774081695503 0)
(-0.1168119872590358 0.1038782147327588 0)
(-0.1253978439589896 0.1118138533087674 0)
(-0.1346871040631209 0.1189806828089928 0)
(-0.1431152818026923 0.1248923723706466 0)
(-0.1513112120949855 0.127814470925935 0)
(-0.1596152476267815 0.1285325145557113 0)
(-0.1670158909660882 0.1251165236875341 0)
(-0.1748055857879204 0.119069968056293 0)
(-0.1823444516015816 0.1101178407389135 0)
(-0.1902892193366256 0.09837794221635984 0)
(-0.1983428683209135 0.08463075079873178 0)
(-0.2064782707943358 0.06988980684455878 0)
(-0.2155424030385424 0.05422579727757829 0)
(-0.2244115093959428 0.03958541747483341 0)
(-0.2318183167412098 0.02675166274158424 0)
(-0.2364255549057344 0.01718773280897131 0)
(-0.2385808128058408 0.01043057321148513 0)
(-0.238510031426263 0.00522728823847424 0)
(-0.2365096649716044 0.0008160491907474188 0)
(-0.2327219864444021 -0.002394493971985858 0)
(-0.2270864013468946 -0.005456273929869549 0)
(-0.2193489048522775 -0.008209135519041011 0)
(-0.2106492469009494 -0.01044433012328148 0)
(-0.2014611690065437 -0.01237758196820755 0)
(-0.1910102349234579 -0.01393438567271994 0)
(-0.1795277326681994 -0.01543840028540017 0)
(-0.1676426691340673 -0.01518117581721802 0)
(-0.1552044862285947 -0.01518432645973078 0)
(-0.1426555200627251 -0.01627115061954224 0)
(-0.1302514432144477 -0.01700557050053527 0)
(-0.1174098024087142 -0.0175369634100203 0)
(-0.1044472369651733 -0.01760026292436461 0)
(-0.09104141806776586 -0.01810276166298207 0)
(-0.07802631711139066 -0.01792412941746658 0)
(-0.06505551170315393 -0.01761727638016293 0)
(-0.05169834398004406 -0.0174803189552977 0)
(-0.03884534740410558 -0.01779501334556321 0)
(-0.0260103455839063 -0.01763569616794372 0)
(-0.01188421004927483 -0.01710202172920785 0)
(0.000578823969337542 -0.01702286910888176 0)
(0.01294816278343209 -0.01633575545217743 0)
(0.02500103922997648 -0.01527916057954111 0)
(0.0368020213699708 -0.01508371794654009 0)
(0.04828125597521737 -0.01505866313440321 0)
(0.05948650092570334 -0.01484732683821795 0)
(0.07039519539918959 -0.01418835079687061 0)
(0.08110611725202924 -0.01383927712301683 0)
(0.09145427275592251 -0.01371746491082372 0)
(0.1017108321026585 -0.01346743597858011 0)
(0.1117051419253973 -0.01282069063832711 0)
(0.1213782553197444 -0.01215622610928148 0)
(0.1311923123237618 -0.01221757898069855 0)
(0.1407267346305781 -0.01197542058758931 0)
(0.149781685430231 -0.01181493160407192 0)
(0.1584812819890262 -0.01147221507639477 0)
(0.1664579537298783 -0.01078679564239902 0)
(0.1746721059515179 -0.009903166938125025 0)
(0.181339908094895 -0.008807990061934782 0)
(0.1878550557127512 -0.008090095773240852 0)
(0.1943207306978539 -0.007349443147589215 0)
(0.2005956445036031 -0.007050270531328708 0)
(0.2060776712195261 -0.006539935426685349 0)
(0.2111650547443465 -0.005835530134277889 0)
(0.2157555137628002 -0.005441784174638777 0)
(0.2204372284891226 -0.004905935655790681 0)
(0.2245615468108812 -0.004158246565576979 0)
(0.2280572627817142 -0.003198089614810039 0)
(0.2311910437093172 -0.002426810914368764 0)
(0.2338168299657261 -0.001855553121443647 0)
(0.2352059272535053 -0.001051618666788744 0)
(0.2359920129558001 -0.0002015585427442473 0)
(0.2362084366896933 0.00113676890553694 0)
(0.235803614027725 0.00259517600859907 0)
(0.2342409754053257 0.004356270275691375 0)
(0.2318774667920853 0.006289011056344902 0)
(0.2286722806459819 0.008165193077991075 0)
(0.2238637167674703 0.01056493398214394 0)
(0.2174430016778139 0.01392019105340554 0)
(0.2093464817671804 0.01792056947469993 0)
(0.2000766986504714 0.02259056722440113 0)
(0.1927670434039863 0.02872101865245719 0)
(0.1893399846434974 0.03677583171136868 0)
(0.1893623497933258 0.04754966424364147 0)
(0.1926894088876347 0.06003755509396433 0)
(0.1992749816032846 0.07501090413573665 0)
(0.2085705960332403 0.09200055767653539 0)
(0.2214606262720061 0.1103989638342875 0)
(0.2364224780489287 0.1293037128490016 0)
(0.2546152726688999 0.1500227173315466 0)
(0.2748931275000227 0.1698533906729485 0)
(0.2974832457625765 0.1904343808395685 0)
(0.3207460713339938 0.2109144505961991 0)
(0.3449162136154613 0.2322557103045862 0)
(0.3705453140260929 0.2549488592473154 0)
(0.3981766663833802 0.2799957853904701 0)
(0.4298696823377823 0.3075752180082445 0)
(0.4682525944188312 0.3394190549135876 0)
(0.5154482999819142 0.3728518259237526 0)
(0.5799203601359202 0.4070926341302776 0)
(0.6566458013529907 0.4306574852887918 0)
(0.7546083689251407 0.4454241776566578 0)
(0.8598987660899369 0.4265297515766494 0)
(0.969553350546539 0.3718739290618273 0)
(1.030208478792429 0.2803706352359684 0)
(1.057181142138362 0.197562436860421 0)
(1.042537958087314 0.1263793995595352 0)
(1.014744630995011 0.07563232454521768 0)
(0.9702129818352774 0.03546818849835991 0)
(0.9275798691609204 0.008516938468276981 0)
(0.8489138243615564 -0.01421957909565844 0)
(0.7278889353823953 -0.02568177565034622 0)
(0.4818358562111089 -0.03040729615502757 0)
(0.1559635851274491 -0.001697585840706596 0)
(-0.01829414173929438 0.03609618338450667 0)
(-0.0751728559857565 0.06058808202729213 0)
(-0.09156635955904728 0.07316672547252116 0)
(-0.09688909145343247 0.07992596762345799 0)
(-0.1002989939734525 0.08511191549163707 0)
(-0.1052540050911919 0.09113238835534332 0)
(-0.111530529140269 0.09861702754338436 0)
(-0.1190086795757841 0.1067429104933518 0)
(-0.1270297402660583 0.1142923536153095 0)
(-0.1354875262937659 0.1209772937745136 0)
(-0.1436534426453979 0.1263985690888943 0)
(-0.1511592001298066 0.1292260346697918 0)
(-0.159065950849146 0.1293035595884498 0)
(-0.1664201876731953 0.1258466095080853 0)
(-0.1739155160869413 0.1196326427087419 0)
(-0.1812592354424142 0.1107546739429403 0)
(-0.1891234361884468 0.09888101819325426 0)
(-0.1970364549109727 0.08527281123641745 0)
(-0.2050968169833652 0.07056265026438663 0)
(-0.213792492436458 0.05506618078254007 0)
(-0.2220473960266697 0.04033671734169676 0)
(-0.2283639592077983 0.02731736908789833 0)
(-0.2318923686250109 0.01750090087377415 0)
(-0.2332409326268058 0.01046635269145571 0)
(-0.2327605304767487 0.004998396494856045 0)
(-0.2305016692175303 0.0003038161659611943 0)
(-0.2266674664439184 -0.003165405105817861 0)
(-0.2208787480841965 -0.006535508475356357 0)
(-0.2131067607573341 -0.00951207561417894 0)
(-0.2042798100646655 -0.01184773021341365 0)
(-0.1950413727844599 -0.01389877055222239 0)
(-0.1847541024389849 -0.01562524498115034 0)
(-0.1735164203337892 -0.01726833288500457 0)
(-0.161524655801382 -0.01705611617951669 0)
(-0.1491971964157191 -0.01710874959095641 0)
(-0.1365241386236039 -0.01819889301044367 0)
(-0.1241686974391671 -0.01894425125319441 0)
(-0.1113991376380993 -0.0195103485646825 0)
(-0.09855569758343943 -0.0196413811786549 0)
(-0.08529576170336231 -0.02011889617866814 0)
(-0.07227306559857975 -0.01993060800346459 0)
(-0.059375527967215 -0.01962290604433592 0)
(-0.04621412450427909 -0.01950198452601924 0)
(-0.03345331674077701 -0.01975244799078968 0)
(-0.02064275920905211 -0.01970349007412141 0)
(-0.006562393117506844 -0.01916738618207997 0)
(0.00595219383079455 -0.01892701347968028 0)
(0.01815914069930624 -0.01821208933075705 0)
(0.03025743390102337 -0.01712024610553354 0)
(0.0421591982474216 -0.01687813924351415 0)
(0.05361187039064599 -0.01679170741956592 0)
(0.06463499785052768 -0.01654202387528723 0)
(0.07558406979957641 -0.01585598295994247 0)
(0.086254181397177 -0.01545987915210346 0)
(0.09658341767148237 -0.01529923422952108 0)
(0.1068310512279882 -0.01502655822355785 0)
(0.1168668517497148 -0.01433180090688612 0)
(0.1265390525764346 -0.01365742203257415 0)
(0.1363983599426537 -0.01371089538136596 0)
(0.1459106376275358 -0.01339409511407088 0)
(0.1549216843166337 -0.01318130872139681 0)
(0.1636227620260177 -0.01274695075251453 0)
(0.1715344682801657 -0.012042571422446 0)
(0.1796383903386025 -0.01103683419897703 0)
(0.1863441260614349 -0.009826514199369994 0)
(0.1928247720664454 -0.009087016482555863 0)
(0.1993444536982766 -0.008358838498553794 0)
(0.2057348397970685 -0.007960372310617719 0)
(0.2111868592358 -0.007352266465824063 0)
(0.2163293779534157 -0.006573827897860022 0)
(0.2209918541527827 -0.006170813134470191 0)
(0.2257278585073896 -0.005593408465741992 0)
(0.2298762528883605 -0.004749011029610966 0)
(0.2333881267896157 -0.003724096692552365 0)
(0.2366678808286497 -0.002875624992907611 0)
(0.2393479325142868 -0.002199623284933082 0)
(0.2408064141814236 -0.001228232386507071 0)
(0.241627219971052 -0.000282495412191233 0)
(0.2418957623663678 0.001118491534042901 0)
(0.2415322664117467 0.00273396241138465 0)
(0.2401364314359102 0.004628783706836644 0)
(0.2379957256543169 0.006668701482780352 0)
(0.2350695360023798 0.008719239816828218 0)
(0.2305913275170657 0.01137915978233478 0)
(0.2245836424271631 0.01494261704549171 0)
(0.2170486033036129 0.0192175084861064 0)
(0.2084955584418379 0.02412729480675413 0)
(0.2017146479358038 0.03054591719130318 0)
(0.1986238825402813 0.03877823071422852 0)
(0.1984168381438293 0.04969213500498115 0)
(0.2016081841021946 0.06228619345434779 0)
(0.2076623703372697 0.07730303755494794 0)
(0.2168307800236025 0.0942017221740824 0)
(0.2296402925050586 0.1125332202120147 0)
(0.2444428719448728 0.1313999026363069 0)
(0.262369299771853 0.1516791315643732 0)
(0.2826475655345065 0.1717094175340001 0)
(0.3049800720443914 0.1917985084351655 0)
(0.3280013079730401 0.2123881817661112 0)
(0.3523270046153393 0.2336440565305583 0)
(0.377965240726572 0.2563892291087496 0)
(0.4059363322676998 0.281413448834836 0)
(0.4380910534534889 0.3090344524186537 0)
(0.4767837475575069 0.3402403713842513 0)
(0.5249603581105801 0.3730252317093682 0)
(0.5887519276506659 0.4054676481261502 0)
(0.6661237902669327 0.4276797910566105 0)
(0.761999999773215 0.4393601144992355 0)
(0.8650451288088481 0.4186020780743965 0)
(0.9691316653855864 0.3638127924816045 0)
(1.027662026174088 0.2761563752628009 0)
(1.055227098026744 0.1966353989862788 0)
(1.044641123393957 0.127867293901041 0)
(1.025381906451465 0.07894098798113837 0)
(0.9859891274557675 0.03912045429202562 0)
(0.9485946667554154 0.01237501930641306 0)
(0.8785855794426802 -0.01089975907350735 0)
(0.7710201187613968 -0.02329136926267387 0)
(0.5504647420337112 -0.03132453415463363 0)
(0.2181538585393903 -0.009797775507085578 0)
(0.01159456707114217 0.02859936368778403 0)
(-0.06415610471853458 0.05669051057561166 0)
(-0.08864567067021178 0.07226248157467341 0)
(-0.09718352789152197 0.08079745668530244 0)
(-0.101977976840107 0.08702270083099697 0)
(-0.1070815058268757 0.09340627629907433 0)
(-0.1134211240312037 0.1009998725507066 0)
(-0.1203277085454157 0.108928893959517 0)
(-0.1279207722439323 0.1161740511944668 0)
(-0.1354544822772974 0.1223369185541702 0)
(-0.1435087569234511 0.1274245963723548 0)
(-0.1503280382268498 0.1301165688143127 0)
(-0.1579012294627402 0.1297040383340957 0)
(-0.1651647616940886 0.1261844288300973 0)
(-0.1722936643373334 0.119867382022385 0)
(-0.1795048172117258 0.1110748407627497 0)
(-0.1873701899774523 0.09914148973215323 0)
(-0.1950445441757943 0.08570408584356651 0)
(-0.202984097816073 0.07103219840579256 0)
(-0.2112142254619504 0.05570660304757907 0)
(-0.2187644721905843 0.04086233874311301 0)
(-0.2240980545964815 0.02770698573926008 0)
(-0.2266923516513861 0.01766359881584358 0)
(-0.2273796587250054 0.01041338967090434 0)
(-0.2265442887420924 0.00471828698877673 0)
(-0.2241022039074943 -0.0002502786068565597 0)
(-0.22014095519736 -0.00397885437713503 0)
(-0.2142202813010904 -0.007658344345947263 0)
(-0.2065214784645549 -0.01088530910502825 0)
(-0.1975776018543079 -0.01331667639850665 0)
(-0.188276702177451 -0.01545294697691689 0)
(-0.1782258903364481 -0.01735065877555905 0)
(-0.167217815970849 -0.01912154015656012 0)
(-0.1551606850173264 -0.01899765941811007 0)
(-0.1429520429585786 -0.01910006832498019 0)
(-0.1302398967178234 -0.02020001110811822 0)
(-0.1179864758697761 -0.02093979147678447 0)
(-0.1052771092800764 -0.02154605549137592 0)
(-0.09247733328359134 -0.02173448915092034 0)
(-0.0794070818739247 -0.02219392895379881 0)
(-0.06641644433084268 -0.02200940364935463 0)
(-0.05358775456170403 -0.02167412566865074 0)
(-0.04064680852378657 -0.02156055253157928 0)
(-0.02796776257613801 -0.02177405678391556 0)
(-0.01508591673290709 -0.02183877325337769 0)
(-0.001211366217412015 -0.02130223499721118 0)
(0.01137027700546842 -0.02089108871802708 0)
(0.02342728438323169 -0.02014606144918692 0)
(0.03555166801750222 -0.01903750015421111 0)
(0.04753275946884379 -0.01873562789737356 0)
(0.05888111458793725 -0.01856884699884645 0)
(0.06980142672550405 -0.01829142434387055 0)
(0.0807535629999063 -0.01757965139251615 0)
(0.0913394281616271 -0.01712842605346532 0)
(0.1016157831531496 -0.01693773964848958 0)
(0.1118686802089615 -0.01664578900559661 0)
(0.1218981599587641 -0.01590093704805667 0)
(0.1316056476409319 -0.01521746277615907 0)
(0.1414531575063515 -0.01526065601181614 0)
(0.1509103119311402 -0.01486958959269102 0)
(0.1598764501464617 -0.01459586003476944 0)
(0.1685609392921741 -0.01406467951811501 0)
(0.1763914704764984 -0.01332562052572911 0)
(0.1843745812266542 -0.01220294101533327 0)
(0.191087230019224 -0.01088186371312261 0)
(0.1975956545446928 -0.01012796199601986 0)
(0.204183506301369 -0.009420394394539488 0)
(0.2105836458854223 -0.008902322906728991 0)
(0.2160363664181772 -0.008201188067435783 0)
(0.2212527984296737 -0.00735551996984715 0)
(0.2259452777334032 -0.006931927850169046 0)
(0.2307006761435789 -0.006314990614802888 0)
(0.2348361689630247 -0.005365517624206933 0)
(0.2384072447708037 -0.004282770689180994 0)
(0.2417339283289692 -0.003348665022106557 0)
(0.244413714392415 -0.002555127004800192 0)
(0.2459592555189487 -0.001429804059785638 0)
(0.2468523814972678 -0.0003708398886052981 0)
(0.2472181289423288 0.001088125872767542 0)
(0.2469044681138694 0.002852259097052421 0)
(0.2456770102746069 0.004881372895134854 0)
(0.2437065813055442 0.007025513003000177 0)
(0.2410856883738109 0.009241168472769228 0)
(0.2368851526308968 0.01216266670878994 0)
(0.2312859215426476 0.01592177363607096 0)
(0.2242815987742209 0.02046256035951933 0)
(0.2164452512195584 0.02556597105289413 0)
(0.2101552786575158 0.0322619084266818 0)
(0.207424120626729 0.04069906789813492 0)
(0.2071458477050514 0.05171814895858704 0)
(0.2102454775393199 0.06442473807331406 0)
(0.2158356691873768 0.07946108287260972 0)
(0.224946598117396 0.09623687460616319 0)
(0.2375761927266957 0.1144799878032747 0)
(0.2523754674096229 0.1333454528591541 0)
(0.2701107492264966 0.1531711140880201 0)
(0.290297770653631 0.1733682810241558 0)
(0.3124209706191231 0.1929294419701533 0)
(0.3352076069313761 0.2136684368157402 0)
(0.3597000405216176 0.234813984261434 0)
(0.3853637571982648 0.257600186106875 0)
(0.4136534717211303 0.2825261763215152 0)
(0.4461655012862141 0.3101169814925191 0)
(0.4852409887834407 0.3406650203959058 0)
(0.5342184362327205 0.3727273535521721 0)
(0.597649194369237 0.4033935482987893 0)
(0.6752784004025295 0.424194750970165 0)
(0.769045261139129 0.4328674405269031 0)
(0.8697400536453666 0.4104448743559471 0)
(0.9683101639987932 0.3557096629655031 0)
(1.024825113845508 0.2718384845149349 0)
(1.052592395028315 0.1954545964144714 0)
(1.045177843011587 0.1289660614883772 0)
(1.031828639733826 0.08159397142611795 0)
(0.9971622511169305 0.0423367120231819 0)
(0.9647088874329168 0.01602490370008747 0)
(0.9030456166183933 -0.007452738866861227 0)
(0.8085535402903435 -0.02051150221644987 0)
(0.6137843148841685 -0.03095473487204181 0)
(0.2864054087144849 -0.01699128530816106 0)
(0.04813475231347374 0.0203920262894418 0)
(-0.04891618079056422 0.05154281066071087 0)
(-0.08302388623759741 0.07013417102787113 0)
(-0.09574033537944451 0.0806948829750508 0)
(-0.1023210186722538 0.08804843286176495 0)
(-0.1079236331979007 0.09497068851450861 0)
(-0.114236607370303 0.1025730341094895 0)
(-0.120672467995553 0.1103714575262632 0)
(-0.127910536178255 0.117354246799474 0)
(-0.1346897948175385 0.1231468674130201 0)
(-0.142521451608417 0.1279443379313014 0)
(-0.1488601588733042 0.1305187798711258 0)
(-0.1561434764221579 0.1297279977569102 0)
(-0.1633095199186068 0.1261842103830657 0)
(-0.1701130567014315 0.1197882723530043 0)
(-0.1772153062327835 0.1110093994741135 0)
(-0.1850472752400574 0.09918200677046617 0)
(-0.1924249178865776 0.085943987657827 0)
(-0.2002199208171864 0.07131010915208838 0)
(-0.2078983877834938 0.05612651239224871 0)
(-0.2147448118715987 0.04119868675392913 0)
(-0.2191580564251379 0.02794458433039969 0)
(-0.2209833797585084 0.01770042193132734 0)
(-0.2210999230887331 0.01027904141839321 0)
(-0.2199509788242203 0.004379239927662036 0)
(-0.2174030789658793 -0.0008510420990959993 0)
(-0.2132368584361019 -0.004863067483026135 0)
(-0.2071700504022693 -0.008831742413992654 0)
(-0.1995557121097938 -0.01232605715427372 0)
(-0.190570011867725 -0.01484767809676711 0)
(-0.1812717631195036 -0.01705292085894407 0)
(-0.1714193169594482 -0.01909673470737386 0)
(-0.1605883840941957 -0.02101504895375745 0)
(-0.1485819946547595 -0.02101032245352768 0)
(-0.1364455193774302 -0.0211460888572905 0)
(-0.123826608241025 -0.02226009450278646 0)
(-0.1117041143319861 -0.02299211062068271 0)
(-0.09901441532138716 -0.02365567377763011 0)
(-0.08619870283374627 -0.02388372843386563 0)
(-0.07334960874887275 -0.0243205710234353 0)
(-0.06040560024343776 -0.02416067049371818 0)
(-0.04772132284732397 -0.02377234717112948 0)
(-0.03492804950727191 -0.02367915623752661 0)
(-0.02227996178027321 -0.02387413241709465 0)
(-0.009324731289743459 -0.0240537060761927 0)
(0.004207362615512946 -0.02349485959779673 0)
(0.01684361777952181 -0.02291593359366262 0)
(0.02878973366050991 -0.02214210403632897 0)
(0.04090855697603071 -0.0210341336325531 0)
(0.05295525211832958 -0.02066386800395327 0)
(0.06418203695795091 -0.02039503234578981 0)
(0.07502939374346018 -0.02009846093446838 0)
(0.08591723586850446 -0.01935211092890041 0)
(0.09637926004205372 -0.01884541902848371 0)
(0.1065808968065762 -0.01863162474219894 0)
(0.1168463348867608 -0.01832575176362689 0)
(0.1268120575615433 -0.01753355913006819 0)
(0.1366417467059471 -0.01684050940519029 0)
(0.1464242735995607 -0.01685247049972025 0)
(0.1557498621569375 -0.01638674846257836 0)
(0.1646739717731183 -0.01605744190693891 0)
(0.1733594066082795 -0.01543303841028148 0)
(0.1811040924268633 -0.01463223303631005 0)
(0.1889386134257769 -0.01342025825608256 0)
(0.195671968173103 -0.01197679310337113 0)
(0.2021596169303524 -0.01121670561188987 0)
(0.208854293057811 -0.01052891163443144 0)
(0.2152529718203755 -0.009883598530044096 0)
(0.2206875697076413 -0.009088759832711768 0)
(0.2259681303637094 -0.008179922035401771 0)
(0.2307225433705445 -0.007721252907169346 0)
(0.2354058255530382 -0.007056469865726008 0)
(0.2395410748414886 -0.00601007900705003 0)
(0.2431232319111815 -0.004868436894630751 0)
(0.2464830491773799 -0.003855787319832882 0)
(0.2491236406886281 -0.002907134748406426 0)
(0.2507763393084015 -0.001659271213855503 0)
(0.2518111338118583 -0.0004821629111774418 0)
(0.2522680762189679 0.0010457713261626 0)
(0.252012586487261 0.002954393757103419 0)
(0.2509633444391203 0.005107292972326477 0)
(0.2491903398363771 0.00736314630245347 0)
(0.2467949233342589 0.009726828725428814 0)
(0.2428849810412506 0.01290820616234431 0)
(0.2376836192885631 0.016866570604895 0)
(0.2311574921597062 0.02165315398812174 0)
(0.2240011479585362 0.02690805936825642 0)
(0.2182057374366226 0.03388625821976439 0)
(0.2157172339876747 0.04256770132425282 0)
(0.2155439794069032 0.05362984419703448 0)
(0.2185795931300739 0.06644776598238089 0)
(0.2237924342928688 0.08147176604337611 0)
(0.2330157809051921 0.09817349515942458 0)
(0.2454133566754514 0.1162365156835076 0)
(0.26023975625 0.1351358915682269 0)
(0.2778442399545429 0.1545017259100311 0)
(0.2978729292900523 0.1748623660784581 0)
(0.3197774085611174 0.1940000987465873 0)
(0.3424370941280545 0.2147867461713734 0)
(0.3670365078175939 0.235767204900105 0)
(0.3927642919519205 0.2585911344852126 0)
(0.4213600991663343 0.2833942917979433 0)
(0.4542498302719103 0.3108773576678819 0)
(0.4936855714796504 0.3407608006183794 0)
(0.5433516947971555 0.3720294771444259 0)
(0.6064338391516109 0.4009094122163439 0)
(0.6840985870090154 0.42013797696685 0)
(0.7758092064316368 0.4260110142402719 0)
(0.8738860771124815 0.4020794492256209 0)
(0.9671466034498892 0.3475464073739046 0)
(1.021758666832002 0.2674290889125457 0)
(1.049470240759531 0.1940680727413333 0)
(1.04466648242301 0.1297837595027119 0)
(1.035409956585244 0.08376792334615596 0)
(1.004904854477769 0.04516753276003741 0)
(0.9766776263270538 0.01938930115075191 0)
(0.9231452834432661 -0.003977435733871951 0)
(0.8406239766331514 -0.01750772772415619 0)
(0.670913605647711 -0.0295456590605494 0)
(0.3574366088886138 -0.02280904674432855 0)
(0.09199980057797337 0.01170798401473782 0)
(-0.02884277169222221 0.0452116216572725 0)
(-0.07453561338382089 0.06687411921099982 0)
(-0.09255113344795138 0.07969728243141783 0)
(-0.1013444629260388 0.08826653585497954 0)
(-0.1076864676477121 0.09579011487280879 0)
(-0.114115903336911 0.1034669947644567 0)
(-0.1201919561939303 0.1112155508428017 0)
(-0.1271477514490138 0.1179807361727288 0)
(-0.1333727350576392 0.123462067765269 0)
(-0.1406710608024831 0.1279659925942201 0)
(-0.1469963112075871 0.1303162553182382 0)
(-0.1538340394320723 0.1294262035124961 0)
(-0.1608899251577694 0.1258801897885485 0)
(-0.1674184415115071 0.119427244410154 0)
(-0.1744184621994102 0.1106817819429884 0)
(-0.1821400150874125 0.09906958450589178 0)
(-0.1892410112915603 0.08600563589958141 0)
(-0.1968575739832691 0.07140490134231964 0)
(-0.2039297325137954 0.05634059047796949 0)
(-0.2100493813275193 0.04138021211527186 0)
(-0.2136132036388451 0.02803185998188504 0)
(-0.2148489009397925 0.01763038308958407 0)
(-0.2144009054215641 0.01005904360024572 0)
(-0.2129774391699297 0.0039809520321396 0)
(-0.2103645168245046 -0.001469353130109449 0)
(-0.206001550902279 -0.00583199440743744 0)
(-0.199762677387576 -0.01005392072025519 0)
(-0.192199973566573 -0.01382145320931542 0)
(-0.183271105055209 -0.01642895474732794 0)
(-0.1740412559005565 -0.01870142105840914 0)
(-0.1643180993016757 -0.02088162095822815 0)
(-0.1536532795447983 -0.02293876044767904 0)
(-0.1418165158171915 -0.02309535680018138 0)
(-0.1296627575867391 -0.02325361795886981 0)
(-0.1172606576816601 -0.0243676989500748 0)
(-0.1052219191973012 -0.02511182691684114 0)
(-0.09255229024560672 -0.02584831899892782 0)
(-0.07970347744315695 -0.02609220549961311 0)
(-0.0670593083905318 -0.02649778922018116 0)
(-0.05421888921631251 -0.02637605839096661 0)
(-0.04173489957221511 -0.02592117220394072 0)
(-0.02897812962991825 -0.02586787972672418 0)
(-0.01634585464467202 -0.02605834451726454 0)
(-0.00340474820605735 -0.0263194352114078 0)
(0.009780774960707009 -0.02573409612920187 0)
(0.0224485821437967 -0.0250140514803957 0)
(0.03430151178745294 -0.02420296013982765 0)
(0.04641215819645216 -0.02310566515868058 0)
(0.05847315702345859 -0.02266197099768952 0)
(0.0695435630235509 -0.02226389095854889 0)
(0.08034015804120417 -0.02196285308101656 0)
(0.09111420248916466 -0.02117229443709378 0)
(0.101431467434121 -0.02061086093046945 0)
(0.1115470858515755 -0.02038192895787664 0)
(0.1218324585286788 -0.02006184463174133 0)
(0.131678759176781 -0.01922716283913457 0)
(0.1416627806817372 -0.01853635894185406 0)
(0.1513479820475108 -0.01847621307691376 0)
(0.1604509436694005 -0.01793817656557713 0)
(0.1693662585057882 -0.01757180263385692 0)
(0.1780654614742669 -0.01683893142159161 0)
(0.1857321231983759 -0.01596022146973725 0)
(0.1933638787932518 -0.01466538455523246 0)
(0.2001385557289579 -0.01311753592657863 0)
(0.206622074675492 -0.01235464076676583 0)
(0.2133987941042086 -0.01168217338613685 0)
(0.2197657118501813 -0.0109011718837965 0)
(0.2252340768720816 -0.01001319135972971 0)
(0.2305089687735058 -0.009048860690700104 0)
(0.2353492558064718 -0.008539711260679352 0)
(0.2399610096871467 -0.007816764346710608 0)
(0.2440585232535434 -0.006679116191161823 0)
(0.2476552028082797 -0.005473532257672006 0)
(0.2509434697944897 -0.004386124598843418 0)
(0.2536013616712714 -0.003274569142125104 0)
(0.2553861848893463 -0.001919084698431919 0)
(0.256540554561266 -0.0006254428590298884 0)
(0.2571031505255355 0.0009934765275329258 0)
(0.2569342361257309 0.003037792055226665 0)
(0.2560573031994465 0.005301430801103899 0)
(0.2545423866958565 0.007684511273781913 0)
(0.2522871761957518 0.01019720244386309 0)
(0.2486708551872949 0.01361443755620192 0)
(0.2438702492523849 0.0177744577950773 0)
(0.2377811574397073 0.02278495465511981 0)
(0.2312370881686465 0.02816677831010137 0)
(0.2259213360990919 0.03535791137145188 0)
(0.2236458620814366 0.04431256945340342 0)
(0.2236422381354974 0.05542914433404485 0)
(0.226657468875807 0.06834931382861842 0)
(0.2316629621853571 0.08331642539358836 0)
(0.2409844026978132 0.09999354009803153 0)
(0.2531993304337941 0.1178309777055144 0)
(0.2680295429603443 0.1367626159992905 0)
(0.2855840828000388 0.155676397974304 0)
(0.3053935695868904 0.1759237068530478 0)
(0.3270743059500126 0.1950974333039265 0)
(0.3498564162325755 0.2156731415864289 0)
(0.3744262693380572 0.2365475557862192 0)
(0.400269495897021 0.2594081620393372 0)
(0.4291766255667911 0.2840393931914332 0)
(0.4623785035277149 0.3113512243794024 0)
(0.5022685459214614 0.3405417462136079 0)
(0.5524424105803325 0.370901513036378 0)
(0.6152508848209987 0.3980672140271111 0)
(0.6926946009005244 0.4157145163322939 0)
(0.7823365715929451 0.4187952462737131 0)
(0.8777646144989908 0.3936167140337568 0)
(0.9658117301497811 0.3394463143184382 0)
(1.018557145225871 0.2629652629819773 0)
(1.045987909606567 0.192501542580946 0)
(1.043372540821992 0.1303611550087539 0)
(1.037004505580313 0.08556024430554335 0)
(1.010112848778774 0.0476809767768853 0)
(0.9853958058157534 0.02247155346537514 0)
(0.9393425090831728 -0.0005410860579924015 0)
(0.8675015867523516 -0.01434583959348767 0)
(0.7214562748488793 -0.02731765596734928 0)
(0.4298430429797245 -0.02702732531182288 0)
(0.1428448736604861 0.002973045669062052 0)
(-0.003538803553050583 0.03786699099743998 0)
(-0.06284972823313041 0.06253133183487873 0)
(-0.08703024531700038 0.07759515112868628 0)
(-0.09878555621693599 0.08759330142632828 0)
(-0.1061921046097343 0.09578820083852756 0)
(-0.1129378887281546 0.1036423533138632 0)
(-0.1188003149546971 0.111415044846627 0)
(-0.1253627120935646 0.1179284207844155 0)
(-0.1314380486673666 0.123296264853149 0)
(-0.1381743460368902 0.127552290173241 0)
(-0.1445764112539762 0.1297170137042853 0)
(-0.151054129491845 0.1288934305630789 0)
(-0.1579421930766566 0.1252979630209469 0)
(-0.1642491570715872 0.1188117104850093 0)
(-0.1711413830444072 0.1101730892559641 0)
(-0.1786563590125392 0.09880793522848696 0)
(-0.185601198076354 0.08583592829587167 0)
(-0.1928893973692554 0.07130150900875103 0)
(-0.1993765009598024 0.05635224171143704 0)
(-0.2047119041294896 0.04137694881860229 0)
(-0.2075919766006805 0.02796880710234186 0)
(-0.2083179974524677 0.01745469426090989 0)
(-0.2073381276272442 0.009752932859142112 0)
(-0.2056634099752366 0.003524760818732729 0)
(-0.2029309848222544 -0.002129888836781202 0)
(-0.1984251761194719 -0.006885216816462624 0)
(-0.1920516206640326 -0.01133636140090051 0)
(-0.1844862068375681 -0.01536083831958117 0)
(-0.1756759415132963 -0.01805049839837995 0)
(-0.1665650972817167 -0.02039936541956111 0)
(-0.1569037653176203 -0.02271576886371612 0)
(-0.1463905228770311 -0.02488400512044983 0)
(-0.1347828686110188 -0.02525593140033046 0)
(-0.1226142746019121 -0.02543037846671516 0)
(-0.1103784556613841 -0.02652432397611205 0)
(-0.09846448171120165 -0.02730062470647055 0)
(-0.08581987292292959 -0.02812974713072171 0)
(-0.07297601645589817 -0.02836352113457962 0)
(-0.06048469759422748 -0.02872843042296765 0)
(-0.04782196176634777 -0.02864631446436472 0)
(-0.03552665498536831 -0.02813204018373472 0)
(-0.02274380994415231 -0.02814069150106326 0)
(-0.01014640367365915 -0.0283171755002054 0)
(0.002702121551177847 -0.02863212571174241 0)
(0.01563267751416455 -0.02802652030778037 0)
(0.02822672794866311 -0.02717875042689833 0)
(0.04003082309500434 -0.02633548050102202 0)
(0.05209426290453025 -0.025247299234893 0)
(0.06410122800583283 -0.02471423518273083 0)
(0.07499461664213447 -0.02418083117105516 0)
(0.08577224424351614 -0.02388355507528172 0)
(0.09637286973190662 -0.02303346918037792 0)
(0.1065683274653508 -0.02242450645183961 0)
(0.116626817188025 -0.02219023238163311 0)
(0.1269054549655509 -0.02185548638405618 0)
(0.1366466753654905 -0.02098217474731468 0)
(0.1467070859516504 -0.0203031810838262 0)
(0.1562715232746099 -0.02013119805681331 0)
(0.1651201541217415 -0.01952768559831503 0)
(0.1740355512054602 -0.01914671819583737 0)
(0.1827106172812178 -0.01829004857122458 0)
(0.1903209154550076 -0.01731068611899079 0)
(0.1977369274560447 -0.0159318184532227 0)
(0.20452179536447 -0.01430421317799354 0)
(0.2110251068984879 -0.01354330863634966 0)
(0.2178577192726606 -0.01287289290540019 0)
(0.2241686606335557 -0.01195483761782907 0)
(0.2297227158478004 -0.01097340319525563 0)
(0.2349488148040414 -0.009959342321472602 0)
(0.239858505442786 -0.009387901093116819 0)
(0.2444177839481931 -0.008591068219504904 0)
(0.248411592017894 -0.007370098492518594 0)
(0.2520618619601097 -0.00608954435354218 0)
(0.2552023641720848 -0.004931981497881063 0)
(0.2578908980662608 -0.003667762162916065 0)
(0.259826619913154 -0.002207456216548061 0)
(0.2610723953983143 -0.0008021618754910258 0)
(0.2617644908440317 0.0009250125156976328 0)
(0.2617140908054318 0.00309639636642224 0)
(0.261025537586642 0.005462760244795224 0)
(0.2597915820636916 0.007980212068810093 0)
(0.257684890904856 0.01064334881546808 0)
(0.2543546106237604 0.01428550647866947 0)
(0.2499170688108282 0.01863531123709286 0)
(0.2442449001362043 0.02385919054526741 0)
(0.2382139801934906 0.02937762969305155 0)
(0.2333578960822182 0.03670415527934867 0)
(0.2312759814273661 0.04594358070841476 0)
(0.2314357118535007 0.05710842151863288 0)
(0.2344556730628006 0.07011934764867207 0)
(0.2395395133865488 0.08501339860590043 0)
(0.2488141358997422 0.1016506319596167 0)
(0.2609659530600004 0.1192680339856681 0)
(0.2757812013132486 0.1382346839379902 0)
(0.2932723987317289 0.1569837674344073 0)
(0.3129422005772632 0.1767556671768865 0)
(0.3344486705002379 0.1960935061579939 0)
(0.3573967266473404 0.2163692633543235 0)
(0.3818296863575553 0.2372554895574394 0)
(0.4078710453314089 0.2600522755337328 0)
(0.4370754933616853 0.2844633733785886 0)
(0.4705739001890358 0.3115551415294524 0)
(0.5109263991026801 0.3400107986237388 0)
(0.5614794155412718 0.3694128511352435 0)
(0.6242595947488289 0.3947986703802897 0)
(0.7010775935868734 0.4109031245873188 0)
(0.7886705653700455 0.4113118923803123 0)
(0.8812632030620413 0.3850519956801861 0)
(0.9643236328617676 0.3313926924501421 0)
(1.015185325759363 0.2585136651952664 0)
(1.042284825298484 0.1907932577202729 0)
(1.041626679097618 0.1307436659925934 0)
(1.037241224997788 0.08707432748189925 0)
(1.013445731451087 0.0499212548300665 0)
(0.9914856613609643 0.02526248292912556 0)
(0.9524614076727014 0.002822135334430383 0)
(0.8901867059821542 -0.01114018871341683 0)
(0.7650618809786742 -0.02451042352678843 0)
(0.5013725757556683 -0.02953614435198632 0)
(0.2004385673107142 -0.005421621725972001 0)
(0.02792284130116642 0.02959984217614336 0)
(-0.04732162715910751 0.05704667960259938 0)
(-0.0790442694594994 0.07445793493187915 0)
(-0.09434005054284408 0.08594868034519583 0)
(-0.1033550917286578 0.09497361626499723 0)
(-0.1106281928530121 0.1031001582714657 0)
(-0.1165402777700948 0.1109065144723828 0)
(-0.1227673695491096 0.1173355736572176 0)
(-0.1287948576635322 0.1226480022358228 0)
(-0.1350476308081832 0.1267206917058808 0)
(-0.141500695874035 0.1287834243616564 0)
(-0.1477570237333382 0.1280449735377505 0)
(-0.1543625116172997 0.1243211196861762 0)
(-0.1606119653952489 0.1179530249874969 0)
(-0.1673965977039775 0.1094841522050179 0)
(-0.1746677481205527 0.0983736774431974 0)
(-0.1815565933379382 0.08541053402239276 0)
(-0.188319329852898 0.07102417327294208 0)
(-0.1942604018965742 0.05616961736041799 0)
(-0.1988110441194024 0.04120935257521072 0)
(-0.20120570693898 0.02778560042150938 0)
(-0.2013954716717628 0.01717952944303026 0)
(-0.1999912823359858 0.009368756788584879 0)
(-0.1980843906838865 0.003006123161304861 0)
(-0.1951256348841285 -0.002850503184318568 0)
(-0.1904548477329442 -0.00801304976593426 0)
(-0.1840273410619679 -0.01268732015052363 0)
(-0.1764368089321951 -0.01694292571720658 0)
(-0.1677364766584945 -0.01971077935351448 0)
(-0.1587851365757509 -0.02214292395747362 0)
(-0.1491323396470404 -0.02461009861916709 0)
(-0.138752831422309 -0.02686730251792901 0)
(-0.1273251955836273 -0.0274596292046798 0)
(-0.115257647594068 -0.02770227536696243 0)
(-0.1030738858531584 -0.02874666130559879 0)
(-0.09134739107377075 -0.02955218917559838 0)
(-0.07875205923711555 -0.0304982563886405 0)
(-0.06596613059379186 -0.03070124433057504 0)
(-0.05360610066890577 -0.03101313852574622 0)
(-0.04116339849543878 -0.03096632780456462 0)
(-0.02898452586538321 -0.0304193144078807 0)
(-0.01618715164268893 -0.03050163491384095 0)
(-0.00365032305443814 -0.03063831118195656 0)
(0.009043892488015615 -0.03099746905569496 0)
(0.02179803052247951 -0.0303749555042482 0)
(0.03422014882582283 -0.02940986459997723 0)
(0.0459995451707605 -0.02854238200058555 0)
(0.05793444655810621 -0.02745062352156963 0)
(0.06985241042891453 -0.02682308461947143 0)
(0.08059853778061732 -0.02615212890651562 0)
(0.09134708971077633 -0.02585700219292836 0)
(0.1016950886141166 -0.02493405625106084 0)
(0.1118466239920078 -0.02429225341070827 0)
(0.1219073275051638 -0.02405821517757583 0)
(0.1321363130938073 -0.02370730051159987 0)
(0.1417983966120552 -0.02279508698752946 0)
(0.1518124823076424 -0.02212713083941665 0)
(0.1612077540561371 -0.02180947624651402 0)
(0.1698382583559451 -0.02115351802147883 0)
(0.1787671221587116 -0.0207832677434308 0)
(0.1873501774592624 -0.01977735378950461 0)
(0.194919534735479 -0.01868710108234655 0)
(0.202132831572879 -0.01723143603445605 0)
(0.2089159230740153 -0.01553157043959211 0)
(0.2154059655082315 -0.01477886656441206 0)
(0.2222364574664752 -0.01410105949370958 0)
(0.228529435614889 -0.01305439996385093 0)
(0.2341602994179249 -0.01197439566582782 0)
(0.2393609714250725 -0.01090835889302226 0)
(0.2442807696703385 -0.01026463949109031 0)
(0.2488084513300837 -0.009369444047871045 0)
(0.2526465156278455 -0.008084398210026766 0)
(0.2563520982081991 -0.006712607775884605 0)
(0.2593152723556964 -0.005482265087218629 0)
(0.262080044449226 -0.004100286201756039 0)
(0.2641465182527812 -0.00252738680070558 0)
(0.2654622264297036 -0.001012514818043447 0)
(0.2662905191374751 0.0008298693276987591 0)
(0.2664069486650443 0.003120217369398618 0)
(0.2659177007646071 0.005591455028500524 0)
(0.2649541174067718 0.008233491629994172 0)
(0.2630323582078783 0.01106299191305192 0)
(0.2599690462690717 0.01491314052534624 0)
(0.2558969052585237 0.01944762751127509 0)
(0.2506171981292144 0.02487129082920559 0)
(0.2450177888541309 0.03057835691069161 0)
(0.2406256342843427 0.03796698828622012 0)
(0.2386815387519222 0.04747512697465926 0)
(0.2389929405820175 0.05869501423607551 0)
(0.24199453627356 0.0717652280321707 0)
(0.2473669689868059 0.08658572729069125 0)
(0.2565646672085262 0.1031642086491444 0)
(0.2687234027087868 0.1205547096569332 0)
(0.2835445905127816 0.1393653405238775 0)
(0.3009484605468566 0.1582201825737355 0)
(0.320581947290672 0.1774489943778448 0)
(0.3419588000583623 0.1969901590539822 0)
(0.3650204136771696 0.2169333944719214 0)
(0.3893820803028374 0.2378491231528102 0)
(0.4156844888600808 0.2605293604530345 0)
(0.4450779756683821 0.2846796120529744 0)
(0.4788686517575723 0.3115213502436727 0)
(0.5196343639148102 0.3391966944233945 0)
(0.5705326343503275 0.3675965551068341 0)
(0.6331496782969193 0.3912230428274313 0)
(0.7091735057343536 0.4055283694855606 0)
(0.7948231245782125 0.4035940941771546 0)
(0.8844093743377472 0.3764145084250619 0)
(0.9626708187677124 0.323508367548273 0)
(1.011848886590488 0.2539506590971513 0)
(1.038398385822989 0.1888758915708107 0)
(1.039539639932278 0.1309858310781626 0)
(1.036475766807164 0.08834613803544163 0)
(1.015423540100256 0.05195024750088264 0)
(0.995705428725344 0.0278132912773898 0)
(0.9624062551568981 0.006012630551903401 0)
(0.9091418260839356 -0.007962882390834043 0)
(0.8029446577456811 -0.02137770184848246 0)
(0.5700046428556961 -0.03040271086008691 0)
(0.263975194154182 -0.01307571755521759 0)
(0.06536223270817629 0.02081388850075932 0)
(-0.02747917263967824 0.05051494457417667 0)
(-0.06826190960619435 0.07028495279851354 0)
(-0.08791740631617756 0.08339362151551538 0)
(-0.09904331421148693 0.09334446800142729 0)
(-0.1070410305265363 0.1018608653322776 0)
(-0.1132737884207726 0.1097388240953964 0)
(-0.1193132696357443 0.116181527898422 0)
(-0.1253786073008601 0.1215096715969324 0)
(-0.1312819369374765 0.1254737013070338 0)
(-0.1377402432781519 0.1275030652138132 0)
(-0.143913347351001 0.1268697583539373 0)
(-0.1502000356291722 0.1230574244871399 0)
(-0.1565965010899135 0.1168421538023465 0)
(-0.1631445139585805 0.1086243175123716 0)
(-0.1701555092696861 0.09776058874967426 0)
(-0.1770094751278376 0.08478594087313017 0)
(-0.1831488932252163 0.07060717057136266 0)
(-0.1885582094310971 0.0557725619346222 0)
(-0.1924668432682488 0.04090408095421945 0)
(-0.194463749759251 0.02750927917817484 0)
(-0.1940326207398118 0.01684119654442764 0)
(-0.1923580227399446 0.008940166244215918 0)
(-0.1901613522286419 0.002444070892767457 0)
(-0.1869549095516356 -0.003652013342413976 0)
(-0.1820395826078477 -0.009174665722148498 0)
(-0.1756063457434304 -0.01409877570991335 0)
(-0.1679651070282895 -0.01857721732597922 0)
(-0.1594647482863457 -0.02141625354365539 0)
(-0.1506011484883797 -0.02394598903505918 0)
(-0.1408829001494305 -0.02654913491087592 0)
(-0.1306320395798822 -0.02890333059796026 0)
(-0.119495273570703 -0.02972129616370162 0)
(-0.1074763961118015 -0.03005470611649777 0)
(-0.09537662350665374 -0.03103773951137576 0)
(-0.08375023843772755 -0.03185904435263134 0)
(-0.07125897515112598 -0.03295276220050102 0)
(-0.05858089968325633 -0.03310774690678568 0)
(-0.04637883150685387 -0.03333824264432628 0)
(-0.03417642429639406 -0.03334143980701576 0)
(-0.02203430035080152 -0.03278979607442711 0)
(-0.009298115279067277 -0.03294168150831291 0)
(0.00320757241950541 -0.03302637638587039 0)
(0.01571562240205196 -0.03341446664177586 0)
(0.02830687639142924 -0.03277481567846163 0)
(0.04047903106729161 -0.03169130615347397 0)
(0.05221561499133726 -0.03080581350594663 0)
(0.06395357331430639 -0.02970963494194487 0)
(0.07577963856357897 -0.02898921777126538 0)
(0.08644052106429416 -0.0281789727441628 0)
(0.09707688081826321 -0.02786583582933624 0)
(0.1071275991365271 -0.0268798745810453 0)
(0.1173803556182844 -0.02623167377968035 0)
(0.127456873590341 -0.02599028759468783 0)
(0.1375611040999795 -0.0256106779954538 0)
(0.1471458087175184 -0.02465801984002585 0)
(0.1570195165044123 -0.02399018637726685 0)
(0.1662298837199349 -0.02351164312915087 0)
(0.1747076441489501 -0.0228211301710113 0)
(0.1836337540972729 -0.02247631927343683 0)
(0.1920598546791943 -0.02131333363896637 0)
(0.1995775696020686 -0.02008893798099601 0)
(0.2065837831366417 -0.018561301804948 0)
(0.213400196962961 -0.01680212509738563 0)
(0.2198290828979119 -0.01605220302638604 0)
(0.2265833030545853 -0.01536714772085042 0)
(0.2329049308806934 -0.01420321907281542 0)
(0.2385660664694507 -0.01301538737769515 0)
(0.2438016898203483 -0.01189532715134534 0)
(0.2486721071946104 -0.01116746964958475 0)
(0.2531237777636693 -0.0101497563756599 0)
(0.2568812804996675 -0.008824033188788662 0)
(0.260504863389859 -0.007348986025758058 0)
(0.2634797820049878 -0.006050945318563778 0)
(0.2661570035746788 -0.004563882111539855 0)
(0.2683936068482496 -0.002889448813353866 0)
(0.2698161284386141 -0.001250822051895051 0)
(0.2707330632960935 0.0007008419487205335 0)
(0.2710641778294007 0.003102063847348382 0)
(0.2707794571820974 0.005686467975350841 0)
(0.2700606309242931 0.008440315437931938 0)
(0.268332174676555 0.01145205333871494 0)
(0.2655404914693156 0.01552825249863994 0)
(0.2618029259186292 0.02022295804244973 0)
(0.257020625603413 0.0258391185888594 0)
(0.2517714198911226 0.03172662802598689 0)
(0.2477925706563606 0.03916579954830119 0)
(0.2459671526384822 0.04889089370726982 0)
(0.246470140828489 0.06024891660301594 0)
(0.2494562041885797 0.07329011302427424 0)
(0.2551831058328536 0.08803721257003723 0)
(0.2643135921696645 0.104558785097033 0)
(0.2765590165304274 0.1218619098240415 0)
(0.2913718183287847 0.1403208844350746 0)
(0.3086385801045963 0.1592986811756741 0)
(0.328367567488004 0.1780270508486845 0)
(0.3496566762322434 0.1978036162340214 0)
(0.3727501500034465 0.2173667877954464 0)
(0.3971105330375942 0.2383094313322258 0)
(0.4236375018188846 0.2608227966893716 0)
(0.4532519345800722 0.2848347768449286 0)
(0.4873037333785311 0.3112542300785237 0)
(0.5284962408525516 0.3380655565764924 0)
(0.5796149604621933 0.3654529176309483 0)
(0.6420618373164266 0.3872744543881359 0)
(0.7171524385705513 0.3999403722893169 0)
(0.8007695909624899 0.3956541660576608 0)
(0.8871827869834373 0.367709599739343 0)
(0.9610375939041409 0.315605673343934 0)
(1.008573093791893 0.249300491414009 0)
(1.034483528461376 0.1869344377853746 0)
(1.037208468511296 0.1310948930723276 0)
(1.035069830311372 0.08944652784307675 0)
(1.016453476020202 0.05381097339528462 0)
(0.9984988038600502 0.03015091320424625 0)
(0.9700692261058759 0.009032851991487159 0)
(0.9244077192255367 -0.00486258412612613 0)
(0.8351650585794668 -0.01806782274324259 0)
(0.6337382078012299 -0.02979938596677933 0)
(0.3323072777311393 -0.0195990597687065 0)
(0.109372130136059 0.01174948687054894 0)
(-0.002805468650912429 0.04303304623639253 0)
(-0.05428560195179945 0.06508969222937148 0)
(-0.07924327652630062 0.07990468811364394 0)
(-0.09308063281793408 0.09086387649372096 0)
(-0.1021694308136561 0.09991508785770234 0)
(-0.1089747193220973 0.1079445622011966 0)
(-0.1149671005977005 0.1144746821920598 0)
(-0.1211552585324507 0.1198920742305982 0)
(-0.1269244335466319 0.1238277471765571 0)
(-0.1332061145658091 0.1258373338194529 0)
(-0.1394880600643736 0.1253723703988965 0)
(-0.1454438679029315 0.1215146163314045 0)
(-0.1520389405052668 0.1155092434177937 0)
(-0.1583565259621759 0.1075092677854387 0)
(-0.1651027511171539 0.09690268368580167 0)
(-0.1718939319717361 0.08395498362346962 0)
(-0.1773822008394573 0.0699850174238546 0)
(-0.1822867632101293 0.05512396321873771 0)
(-0.1857435961001053 0.04046799771422047 0)
(-0.1873388386531131 0.02713185794477576 0)
(-0.186299400768625 0.0163711924285326 0)
(-0.1844516291052927 0.00845239944047174 0)
(-0.1818947473675305 0.001792261895811372 0)
(-0.1784184420990784 -0.004551177733360804 0)
(-0.1732481623206913 -0.01041579692086346 0)
(-0.1667116992670149 -0.01554233838668728 0)
(-0.1591061731945115 -0.02027601897151899 0)
(-0.1507924537721517 -0.02316063715741271 0)
(-0.1419313048583364 -0.02580494395386711 0)
(-0.1321906531714542 -0.02855396709370159 0)
(-0.122033392144346 -0.03100807626762098 0)
(-0.111174264099238 -0.03202276218002116 0)
(-0.09919486526697825 -0.03247003101053379 0)
(-0.08719453706710742 -0.03339593063561151 0)
(-0.07564585917184743 -0.03422797584147844 0)
(-0.06335141170263214 -0.03547632580322567 0)
(-0.05077710237730576 -0.03558082232065252 0)
(-0.03879680669060865 -0.0356995482172647 0)
(-0.02681753544431069 -0.03577933612702 0)
(-0.01466003012249857 -0.03524731888300788 0)
(-0.002031272148160557 -0.03546722738737722 0)
(0.01047051411814875 -0.03548536379784701 0)
(0.02279204386512935 -0.03588168546354722 0)
(0.03518172848897849 -0.03521791527115138 0)
(0.0469868293200942 -0.03402194366673516 0)
(0.05865989374350986 -0.03312519618685705 0)
(0.07020162370675034 -0.03202393843647563 0)
(0.08188690563636158 -0.03122103829552176 0)
(0.09256951113274231 -0.03026531568233952 0)
(0.1029862056657512 -0.02988986418342314 0)
(0.1127584792778725 -0.02888783674130135 0)
(0.1231982196933881 -0.02825766246772054 0)
(0.1333085568480192 -0.0279840710827392 0)
(0.1431889162681054 -0.02754765303486574 0)
(0.1526591972641443 -0.02656816982273917 0)
(0.1623685809031316 -0.02588272862742071 0)
(0.1713723972315963 -0.02524354392427802 0)
(0.1798026032432872 -0.02453922077879575 0)
(0.1886881059364698 -0.02421153470319553 0)
(0.1968728491519972 -0.02286774330650975 0)
(0.2043464695912119 -0.02151823468606142 0)
(0.2111759103614586 -0.01992282112373233 0)
(0.2179800200651486 -0.01811871539651272 0)
(0.2243562031604398 -0.01734970286190282 0)
(0.2309724969671898 -0.01666628761149481 0)
(0.237314399166723 -0.01540713535014438 0)
(0.2429913590176045 -0.0141012994033091 0)
(0.2482988673490389 -0.01291735495597539 0)
(0.2530520711753917 -0.01208543768290445 0)
(0.257389128603851 -0.01094134499488145 0)
(0.2610854561340801 -0.009570972014553324 0)
(0.2646175017632416 -0.008003778155478546 0)
(0.2675932220508921 -0.006614167464993133 0)
(0.2702196194677989 -0.005066149759781225 0)
(0.2726318817438548 -0.003298185384026743 0)
(0.2741734441675508 -0.001512397360387917 0)
(0.2751563920373955 0.000533940661652271 0)
(0.2756788926538664 0.00302959841126499 0)
(0.2756350400592398 0.005736904803886916 0)
(0.2751422605461824 0.008603136559438127 0)
(0.2735832632101545 0.01179613578378545 0)
(0.2710919872461549 0.01610432054843806 0)
(0.267628378863225 0.02095406115971469 0)
(0.263346737232662 0.02674566923380737 0)
(0.2584513182378129 0.03280808812173439 0)
(0.2547923551777131 0.04033294596228215 0)
(0.25317197485353 0.05020187391236283 0)
(0.2538615490450263 0.06170380097168056 0)
(0.2568598087245212 0.07471367658728569 0)
(0.2630012876490618 0.08938585026402519 0)
(0.2721387773503584 0.1057520609360277 0)
(0.2843965093673122 0.123036329034508 0)
(0.2992803684022775 0.1411319786340367 0)
(0.3163624578378477 0.1602508706602329 0)
(0.3363004111817819 0.1786672873757581 0)
(0.3575531404186241 0.1983807954272138 0)
(0.3806051864431816 0.2176748022794618 0)
(0.4050250699888355 0.238655187561697 0)
(0.4317269405223174 0.2609412797504564 0)
(0.4615695145207013 0.2847924264683103 0)
(0.4959923347154565 0.3106314247891092 0)
(0.5374821382760807 0.3366201515160085 0)
(0.5887220807657131 0.3629756549074484 0)
(0.6509637736540614 0.3829586222220772 0)
(0.7249584332894649 0.3940188431494267 0)
(0.8065195666780097 0.3875141555654746 0)
(0.8896255108964258 0.3589973690009168 0)
(0.9593764055614374 0.3078113650973752 0)
(1.005255267967621 0.2446846628374402 0)
(1.03053728329291 0.1848986891300783 0)
(1.034701868977248 0.1310924201957134 0)
(1.033221501458648 0.09040478279582148 0)
(1.01682202231239 0.05554762630136736 0)
(1.000196785926979 0.03231149475555767 0)
(0.9758420689843623 0.0118605319826425 0)
(0.9367346633442768 -0.001883389323601401 0)
(0.8620148786521212 -0.01473209606116963 0)
(0.691417674115645 -0.02798894472349081 0)
(0.4038420693114025 -0.02467016841274855 0)
(0.1601282947266128 0.002756451881417476 0)
(0.0271771453678689 0.03475794214258677 0)
(-0.03663502981059032 0.05889200326598715 0)
(-0.06801776220669056 0.0754639305458679 0)
(-0.0852431536311902 0.08754365577771359 0)
(-0.09589052513276825 0.09725127654829836 0)
(-0.1035641055821707 0.1055345175252747 0)
(-0.1096691593506056 0.112219776252679 0)
(-0.1160266360720195 0.1177725574403677 0)
(-0.1219102129467519 0.121789641591501 0)
(-0.1279448061856654 0.1237774308922161 0)
(-0.1343422106869061 0.1234138525877798 0)
(-0.1401214385824374 0.1197266647330528 0)
(-0.1469058054763794 0.113974393960291 0)
(-0.1530693259368279 0.1061580327367135 0)
(-0.1595500996981935 0.09576789222271651 0)
(-0.1659943949987039 0.08297905142669243 0)
(-0.1710176189605547 0.06917900725206985 0)
(-0.1755329034947246 0.0542914160591887 0)
(-0.1785454589573473 0.03991011204298744 0)
(-0.1796502951764285 0.0266760925322213 0)
(-0.1782277037128441 0.01580947865401719 0)
(-0.1761606956206771 0.007880681580013307 0)
(-0.1731938716376875 0.001070371114125773 0)
(-0.1693780949050521 -0.005551342765488724 0)
(-0.1639895828008093 -0.01175509551760422 0)
(-0.1573228238740519 -0.0170390235879178 0)
(-0.1498088648990401 -0.02193822959576269 0)
(-0.1415615874008878 -0.02496140706210364 0)
(-0.1327518754024515 -0.02775255529197785 0)
(-0.1230374505204885 -0.03065289947461911 0)
(-0.1128954462717111 -0.03316090368923376 0)
(-0.1022730644048599 -0.03436976097975757 0)
(-0.09040510386114448 -0.0349539399269429 0)
(-0.07847777858805247 -0.03581686165256147 0)
(-0.066999904622838 -0.03667652379558691 0)
(-0.05488756872397525 -0.03807159376843684 0)
(-0.04247818364790434 -0.03811655180988928 0)
(-0.03076491092839212 -0.03810803424030192 0)
(-0.01894949802637969 -0.03828764363125292 0)
(-0.006754200626639766 -0.03779299223061688 0)
(0.005767374675453186 -0.03807945360836629 0)
(0.01817319222696099 -0.03801017902866087 0)
(0.03033443186549022 -0.03839647335453596 0)
(0.04246669816483033 -0.03769268974784663 0)
(0.05388714044481841 -0.03640606345342769 0)
(0.06554831854476967 -0.03550396586509182 0)
(0.07687901208756542 -0.03438684899065794 0)
(0.08831041264013838 -0.03352357224121747 0)
(0.09902638230330005 -0.03241968922729224 0)
(0.109199276547805 -0.03192714056998185 0)
(0.1188078001514669 -0.03097433613190176 0)
(0.1293592746023192 -0.03036779390222858 0)
(0.1395013149795704 -0.03003468474157277 0)
(0.149159611159073 -0.02951466111103771 0)
(0.1584456032004821 -0.02851960647226812 0)
(0.1679162630518085 -0.02780007565464971 0)
(0.1767338120502838 -0.02702107170834319 0)
(0.1852047774486434 -0.02632102501629528 0)
(0.1940246250924764 -0.02598039179496148 0)
(0.2019185408348391 -0.02445477257600549 0)
(0.2092929371945435 -0.02297923377737005 0)
(0.2159993370004568 -0.0213120829730876 0)
(0.2227238886302454 -0.01946814443448361 0)
(0.2291257256355612 -0.01867521594046539 0)
(0.2355462531652971 -0.01799159546476403 0)
(0.2418475433334949 -0.01666150493504185 0)
(0.2475756645770013 -0.01523371553621278 0)
(0.2528709853322448 -0.01399055462796539 0)
(0.2574858098793532 -0.01300876277051165 0)
(0.2617458156765819 -0.01175929464860884 0)
(0.2653507794988232 -0.01032623820406557 0)
(0.2688338883464921 -0.00869592007310456 0)
(0.2718124941614596 -0.007191157783743842 0)
(0.2744202550016943 -0.005608397979481283 0)
(0.2769513701024326 -0.003764679977532795 0)
(0.2786564644235171 -0.001804698567465689 0)
(0.2797318955990024 0.000355621105093012 0)
(0.2803333913548104 0.002919968495642704 0)
(0.2805193415142194 0.00572429669485831 0)
(0.2802145560648971 0.008716830893363203 0)
(0.2788667703643608 0.01212588990359081 0)
(0.2766367473471593 0.01663784021086035 0)
(0.2733966298897409 0.02160853869601635 0)
(0.269610607670508 0.02759523790650131 0)
(0.2651762122971049 0.03385729878159749 0)
(0.2617598861521881 0.04147693876460679 0)
(0.2602517869351594 0.05144701313134085 0)
(0.2612467874118473 0.06307761754984753 0)
(0.2644367129817898 0.0760589463461831 0)
(0.2709032461327086 0.09072860549628194 0)
(0.2800769432055096 0.1068615220875637 0)
(0.2922861221722179 0.1241110332052298 0)
(0.3073114759146189 0.1418157054602462 0)
(0.3244038574845393 0.1608438074342264 0)
(0.344333418928701 0.1793992292185909 0)
(0.365623882213831 0.1986252208931661 0)
(0.3885988611670551 0.2179065889264384 0)
(0.4131129546521068 0.2388570776061443 0)
(0.4399582132964762 0.2608664723823062 0)
(0.4700352499563998 0.2845388473807063 0)
(0.5048092762213076 0.3097493577419883 0)
(0.5466090109005424 0.3350709545849391 0)
(0.5978660656214674 0.3601742459335401 0)
(0.6598372348830714 0.3782900191676735 0)
(0.7325895011402899 0.3877763401618243 0)
(0.8120413675675678 0.3791774922828489 0)
(0.89175733369965 0.3502643951419087 0)
(0.9576948576779027 0.3001859247311828 0)
(1.001904802880406 0.2401027531467381 0)
(1.026618194473133 0.1827930317728469 0)
(1.03208477643308 0.1309504108345271 0)
(1.031032385037872 0.09123203700566027 0)
(1.01657055160651 0.05715010084572336 0)
(1.001064360921555 0.03429348809332573 0)
(0.9803381844658166 0.01455881564080489 0)
(0.9467174453674914 0.0009565276417051734 0)
(0.8842818237730673 -0.01146017941645187 0)
(0.7421331173197313 -0.02528897125617464 0)
(0.4765845753669191 -0.02805567499349268 0)
(0.2175175567217151 -0.005776291150866779 0)
(0.06295921243969993 0.02589826911731929 0)
(-0.01476757938579408 0.05173013959597372 0)
(-0.05387839020558697 0.07007689940248743 0)
(-0.07524503372184982 0.08337656124114763 0)
(-0.0880496781824357 0.09387348270146748 0)
(-0.0969076118648684 0.1025142596812965 0)
(-0.1033321641114474 0.1094035934651345 0)
(-0.1098846077579588 0.1150991778456863 0)
(-0.1160691772302037 0.1193507785638402 0)
(-0.1220182650778077 0.121337819618261 0)
(-0.1284186886851699 0.1210984667873782 0)
(-0.1344615085855321 0.117749466235514 0)
(-0.1411325924393514 0.1121946562588962 0)
(-0.14723632647425 0.1045667323772377 0)
(-0.1534521480658341 0.09443289230880531 0)
(-0.1594586210617368 0.08183924551094163 0)
(-0.1643906914351738 0.06799265575815434 0)
(-0.1682969103921419 0.05333903950570161 0)
(-0.1708779321022877 0.03926106106646989 0)
(-0.171491218174999 0.02610538609569447 0)
(-0.1699419254939973 0.01518033873964828 0)
(-0.1673909288007117 0.007142587418950474 0)
(-0.1640965889730962 0.0002175010678164506 0)
(-0.1598431193541062 -0.006664715406206296 0)
(-0.1542888533910664 -0.01319463230847559 0)
(-0.147464022331702 -0.01859831623162903 0)
(-0.1400257173398363 -0.02365348710810222 0)
(-0.1317671710394216 -0.02680940988368543 0)
(-0.1230725345867565 -0.02976709500551769 0)
(-0.1133916742716972 -0.03281547791699385 0)
(-0.103246319196214 -0.03539612832420569 0)
(-0.09264024930638995 -0.03676713946126012 0)
(-0.08093786543737375 -0.03744995664338084 0)
(-0.06913142675949356 -0.03833345888990595 0)
(-0.05777983456283865 -0.03917929407950449 0)
(-0.04592630943433507 -0.04073210689372114 0)
(-0.03369258382129632 -0.04069100353156001 0)
(-0.02213081015853325 -0.04057942125531377 0)
(-0.01044636046352411 -0.04087781498447435 0)
(0.001781346505397892 -0.04042881500955394 0)
(0.01420794987930131 -0.04072162328967507 0)
(0.02637210852373276 -0.04058990340509072 0)
(0.03841902732365612 -0.04095374528719131 0)
(0.05022229304333135 -0.04018330264581317 0)
(0.0613473305023579 -0.03885067662575009 0)
(0.07294840801007971 -0.03794560570808523 0)
(0.08407597282329912 -0.03677998653195354 0)
(0.09512817048627933 -0.03587262492081679 0)
(0.105833936446533 -0.03464123756682636 0)
(0.1157995712450326 -0.03398999937589839 0)
(0.1253723040069226 -0.0331411987950813 0)
(0.1359569064321565 -0.03258140867457034 0)
(0.1460451195240307 -0.0321461323463607 0)
(0.1554990063466732 -0.03150346650818812 0)
(0.1645771771745845 -0.03049663699975362 0)
(0.1737763845311787 -0.0297363574760102 0)
(0.1824586326625089 -0.02885122239158552 0)
(0.19090376328617 -0.02816282101623437 0)
(0.199647042922199 -0.02777475092599579 0)
(0.2072027537041911 -0.02605357161577104 0)
(0.2144608844112645 -0.02447633441569529 0)
(0.221079660134287 -0.02273290188890208 0)
(0.2277305092471067 -0.02086496436108901 0)
(0.2341865779683255 -0.02003883526323366 0)
(0.2404080453903669 -0.01932869606997221 0)
(0.2465959214068898 -0.01796158597008787 0)
(0.2523200774717522 -0.01640074236534712 0)
(0.2575450796334042 -0.01507423054625384 0)
(0.2620140472707551 -0.013952762087927 0)
(0.2662329725840295 -0.01260174525374354 0)
(0.2698416546822724 -0.01110146955064872 0)
(0.273245654173384 -0.009417553131285802 0)
(0.2761882714789273 -0.007785520516884427 0)
(0.2788405985457752 -0.006191678285300949 0)
(0.2814717122715308 -0.004265851795772709 0)
(0.2833009390587795 -0.002152581139069121 0)
(0.2844913738198435 0.0001545140453263102 0)
(0.2851013188444516 0.002772523966104599 0)
(0.2854454197719545 0.005645386583062488 0)
(0.2852855413550932 0.008782138066273544 0)
(0.2841408072565826 0.01245863216094788 0)
(0.2821413892099996 0.01710648577606073 0)
(0.2791814972809777 0.0222468649895502 0)
(0.2756985019005251 0.02831151592265441 0)
(0.2718718682705578 0.03484035274140337 0)
(0.2686455718317744 0.04254249104753371 0)
(0.2672634658504078 0.05261019664991288 0)
(0.2683991948734853 0.06433970577692781 0)
(0.2721701300973313 0.07728574850826335 0)
(0.2788827012354211 0.09192007096968524 0)
(0.2880952024713096 0.1078831970475523 0)
(0.3003003824610001 0.1250327981783719 0)
(0.3154152531107264 0.1426678085684469 0)
(0.332770473996877 0.161180456413712 0)
(0.3524387563752999 0.1799907599307318 0)
(0.373777294619021 0.1987183691414833 0)
(0.396739169212232 0.2181296956572216 0)
(0.4213647658211615 0.2389010870389211 0)
(0.4483530794615675 0.2606015876646363 0)
(0.478632724845131 0.284067026481477 0)
(0.5137713320848143 0.3085924346953953 0)
(0.5558827512288771 0.3332130489259468 0)
(0.6071139993508149 0.3569050156465504 0)
(0.6686615836911097 0.3732737529240953 0)
(0.740030553566523 0.3812177519666441 0)
(0.8173468101911976 0.3706787924801312 0)
(0.8936344703894147 0.3415612035024611 0)
(0.9560276033723458 0.292698218230343 0)
(0.9985731076285023 0.2354892757877152 0)
(1.02262544945743 0.1804723255717188 0)
(1.029328107122668 0.1307259404748446 0)
(1.028669165976783 0.09195505914883081 0)
(1.015933487252944 0.05866167178394434 0)
(1.001399246261788 0.03614917288440418 0)
(0.9832719286101468 0.01701140171033436 0)
(0.9548742014126398 0.003635081144881498 0)
(0.9026389373275207 -0.008295591400034533 0)
(0.7856854639580644 -0.02203024362597112 0)
(0.548378812581709 -0.02964825845441102 0)
(0.281022029728825 -0.01343812826623109 0)
(0.1049993835899378 0.01670388720323762 0)
(0.01181958570742453 0.04372811242122358 0)
(-0.036385016303799 0.06375436742683442 0)
(-0.06273983340064486 0.07834277845552121 0)
(-0.07841796051975765 0.08977562816976832 0)
(-0.08881765113225375 0.09886701768123515 0)
(-0.0960923740815269 0.1060585139883726 0)
(-0.102811491094377 0.1119435617594413 0)
(-0.1093409883778419 0.1165225926558511 0)
(-0.1153808803924161 0.1185043946932417 0)
(-0.1217097434495931 0.1185029096115825 0)
(-0.1282186230138818 0.11549941411855 0)
(-0.1346824326086931 0.1101190356609848 0)
(-0.1408321881793855 0.1027317572824417 0)
(-0.1467866074460051 0.0929230588591439 0)
(-0.1524376914558842 0.0805490971181448 0)
(-0.1572838863781227 0.06665977851540431 0)
(-0.1604810265272582 0.05239674990601634 0)
(-0.162746977039907 0.0384282498993336 0)
(-0.1628947300065234 0.02539991395978373 0)
(-0.1612064947390636 0.01447942492607669 0)
(-0.1581101683301385 0.006312861514106032 0)
(-0.1545059892555088 -0.0007062814400566782 0)
(-0.1498374959455005 -0.007907138171419316 0)
(-0.1439857875757146 -0.01469316847395086 0)
(-0.1371054435554629 -0.02022396464609283 0)
(-0.1296759110460682 -0.0254580835886315 0)
(-0.1214256846390696 -0.02870161815990929 0)
(-0.1128446698273908 -0.03185260573351933 0)
(-0.1031080153340493 -0.03507671954460236 0)
(-0.09289502296474145 -0.03773382280434075 0)
(-0.08233465705500462 -0.03923725087927917 0)
(-0.07095273971262396 -0.04002482769832025 0)
(-0.05918899071117145 -0.040916083099217 0)
(-0.04797614654741089 -0.04176485392549966 0)
(-0.03626675368445392 -0.04337928389832005 0)
(-0.02429450468909793 -0.04334716119273063 0)
(-0.01281865720339747 -0.04311586286648364 0)
(-0.001251595180773109 -0.04356765560995002 0)
(0.01100306799304105 -0.04315641576292903 0)
(0.02328775865495471 -0.04340941132748689 0)
(0.03514744055830619 -0.04322781955403816 0)
(0.04709496081850062 -0.04356708769101606 0)
(0.05845397174253691 -0.04268989375127888 0)
(0.06945547780671932 -0.04135819682567514 0)
(0.08081573656020448 -0.04044348617393753 0)
(0.09172456718873008 -0.03918949894658211 0)
(0.1023671686346675 -0.0382512528911672 0)
(0.1130547819301631 -0.0369350567187979 0)
(0.1227999630680938 -0.03609785753782845 0)
(0.132458834359229 -0.03539229034958503 0)
(0.1429356248916886 -0.0348471097849862 0)
(0.1529477207056923 -0.03431757492142861 0)
(0.1622030835832375 -0.03351939644939503 0)
(0.1710997159762969 -0.03250267178409628 0)
(0.1800362243487711 -0.03170242232357059 0)
(0.1886157560830652 -0.03073481801038517 0)
(0.1969647404619461 -0.03005125944819107 0)
(0.2055190410905411 -0.02961184533808287 0)
(0.2127650484445363 -0.02767534180978155 0)
(0.2199344612470216 -0.02600505274808228 0)
(0.2264937261686479 -0.02419676526563887 0)
(0.2330591633936937 -0.02230976958644056 0)
(0.2395446263204587 -0.02145076136960028 0)
(0.2456393554179031 -0.02068012589560194 0)
(0.2516586078396646 -0.01929912546742954 0)
(0.2573118922560923 -0.01761170890553343 0)
(0.2624078559637705 -0.01615716830355123 0)
(0.266735592046962 -0.01491045858621652 0)
(0.2709009867229006 -0.01346855536048794 0)
(0.2745580774252576 -0.0118998891026888 0)
(0.2779185922430494 -0.01014349572863164 0)
(0.2808248945179611 -0.008419774566920153 0)
(0.2835284503214017 -0.006811390889687343 0)
(0.2862012622607791 -0.004809262965440632 0)
(0.2881402995521716 -0.00255175399698992 0)
(0.2894529728130681 -7.349678584745128e-05 0)
(0.2901047468775759 0.002601261213988693 0)
(0.2905425825382638 0.005541385161296556 0)
(0.2904486950014072 0.008864163120224137 0)
(0.2894781307189299 0.01274728435839135 0)
(0.2876786416508819 0.01749795471559539 0)
(0.2850601463580077 0.02288484127138792 0)
(0.2818215436143629 0.02894759454975813 0)
(0.2785140989505598 0.03578671396982813 0)
(0.2754643697539367 0.04364150546775244 0)
(0.2744143111008062 0.05370578617138758 0)
(0.2756035131755314 0.06552980671780641 0)
(0.2799917951011333 0.07836660721577383 0)
(0.2868824409221404 0.09299068816851508 0)
(0.2963088126820843 0.1088997354446066 0)
(0.3085313962798739 0.1257445371607389 0)
(0.3236502976023716 0.1434286044081568 0)
(0.3412649571760407 0.1613818581702929 0)
(0.3606058789727363 0.1804249204197119 0)
(0.3820698810221868 0.1986693769829621 0)
(0.4050701633974851 0.2182104074412192 0)
(0.429805144591614 0.2387038035124562 0)
(0.4569105509643387 0.2601135541759447 0)
(0.4873721131729342 0.2833579365687862 0)
(0.5228704816715364 0.307152033058781 0)
(0.5652546578609023 0.3310522338881204 0)
(0.6164566524926394 0.3532315513792466 0)
(0.677459819547624 0.3679939748700498 0)
(0.7472786507999873 0.3743697254455931 0)
(0.8224288314834527 0.3620215255758802 0)
(0.8953160180999066 0.3329207411435489 0)
(0.9543792816876403 0.2853230450058641 0)
(0.9953773654699822 0.2307599845130234 0)
(1.018804828785318 0.1782144513080573 0)
(1.026484100307937 0.1304103952081059 0)
(1.026198505506828 0.09259313838236144 0)
(1.015027174977746 0.06010027036860394 0)
(1.001331392751877 0.03789296509233415 0)
(0.9853121891257244 0.01930125222301842 0)
(0.9610621658832008 0.006152040378128804 0)
(0.9176423150628537 -0.005270612771941066 0)
(0.8221533415839436 -0.01844008819914214 0)
(0.6166832744494913 -0.02950681187995143 0)
(0.3496050592467954 -0.01983480429331614 0)
(0.1536129703792022 0.007489384996065055 0)
(0.04359328957117253 0.03506288596974128 0)
(-0.01502038095124117 0.05653626876898813 0)
(-0.04737374249020118 0.07244182889992022 0)
(-0.06668552224487542 0.08494637768141945 0)
(-0.07907512860059733 0.09458849306746309 0)
(-0.08761172199470643 0.1021673417554236 0)
(-0.0946755950259002 0.1082819983625722 0)
(-0.1016524074859402 0.1132938804110539 0)
(-0.1079675720794071 0.1153219042441022 0)
(-0.1142366514325474 0.1156103670789141 0)
(-0.1213003775570986 0.1130033741784392 0)
(-0.127553006642755 0.107790593624155 0)
(-0.1337224596979738 0.1006857658218021 0)
(-0.1395537302760574 0.09118967905842187 0)
(-0.1450802287923473 0.07895273212562916 0)
(-0.1495570579365854 0.06519135316064921 0)
(-0.1521275820318984 0.05131759181211988 0)
(-0.1541641368936642 0.03742897976536448 0)
(-0.1539753154252106 0.0246852887086833 0)
(-0.1517250371500637 0.01359832149400959 0)
(-0.1482796552826434 0.005381358795916395 0)
(-0.1442144401529283 -0.001789092277047745 0)
(-0.1392755998918782 -0.009292716590309015 0)
(-0.1331416601457126 -0.01628741955181091 0)
(-0.1261875146710481 -0.0219443451257509 0)
(-0.1187174978357467 -0.02738575515464791 0)
(-0.1105267432892333 -0.03066935427712366 0)
(-0.1019781955832363 -0.03405854350785827 0)
(-0.09218542054172842 -0.0374394551685685 0)
(-0.08180402824854832 -0.04013110584267814 0)
(-0.07123117685538027 -0.0417724078756317 0)
(-0.0601967958947557 -0.04263920112535131 0)
(-0.04860582264361058 -0.04356130689973292 0)
(-0.03744165146613848 -0.04440615303005017 0)
(-0.02585861318692188 -0.04599443596412559 0)
(-0.01427452696306205 -0.04606474570382868 0)
(-0.002741399768929583 -0.04573665421141784 0)
(0.008675944766568341 -0.0463552172464566 0)
(0.02102143501903041 -0.04596664806050423 0)
(0.03303585405134674 -0.04613169663568004 0)
(0.04458722811694786 -0.04591271990784603 0)
(0.05629794746827571 -0.04620554523044666 0)
(0.06740943453577088 -0.04524124821927468 0)
(0.07818031255281765 -0.04390714482213999 0)
(0.0892357232356602 -0.0429890853210971 0)
(0.09995079023836037 -0.04161578855627322 0)
(0.1102003357071426 -0.04066211315426242 0)
(0.1207336273045783 -0.03928041333508943 0)
(0.130298778573132 -0.03826633187127524 0)
(0.1400573607828045 -0.03771894045694092 0)
(0.1503686726278544 -0.03717532233138068 0)
(0.1602664317369422 -0.03653123632075112 0)
(0.1693197494264241 -0.03554823312191704 0)
(0.1780647185847642 -0.03453237951617061 0)
(0.186739521887531 -0.03370226498341439 0)
(0.1952323038597372 -0.03266541955703471 0)
(0.2034247731198696 -0.03196601577104803 0)
(0.2116279579443006 -0.03142982467054924 0)
(0.2187004643122995 -0.02932637322300194 0)
(0.2257288890493919 -0.02756497945686886 0)
(0.2322636899941555 -0.02570418439337673 0)
(0.2387684965652369 -0.02379616385121213 0)
(0.2452636707020833 -0.02289705057928852 0)
(0.2512288856471214 -0.02205530202112073 0)
(0.2571282927931432 -0.0206580653356169 0)
(0.2626262273359156 -0.01883489867871142 0)
(0.2675493983574387 -0.0172560905627677 0)
(0.2718147643792255 -0.01586686981053986 0)
(0.2757613537764316 -0.01437781133391487 0)
(0.2794901877266807 -0.0127214553421519 0)
(0.2828138583366293 -0.01088632730588195 0)
(0.2857531148940104 -0.009103572241455912 0)
(0.2886125429789943 -0.007467217528842407 0)
(0.2911977937108994 -0.005365758397566781 0)
(0.2931702038944757 -0.003009048470365624 0)
(0.2946369317147701 -0.0003372974460268774 0)
(0.2953783477877152 0.002396352032288205 0)
(0.2959414403143455 0.005450327024690616 0)
(0.2958098250075524 0.008930701266292668 0)
(0.2950081225423454 0.01298663261498651 0)
(0.2933414748796396 0.01785037120655525 0)
(0.2910546271947721 0.02342322210943724 0)
(0.288123384115483 0.02958933658777296 0)
(0.285054063894656 0.03664439381902106 0)
(0.2823738370640923 0.04473414125043908 0)
(0.2816984816749772 0.05469497513326946 0)
(0.2831178978982629 0.06655850374917256 0)
(0.2878098091233721 0.07942503862276269 0)
(0.2949204583967007 0.09392995326880857 0)
(0.3046311147521202 0.1098106212601155 0)
(0.3169454954492362 0.1263349434092266 0)
(0.3320311543873668 0.1440909554022549 0)
(0.3498247102290758 0.1615103930221704 0)
(0.3690412970181367 0.1804264018862781 0)
(0.3905149442798915 0.1984758425885054 0)
(0.4135666637832801 0.2181287378884381 0)
(0.4383618163242485 0.2383075281377902 0)
(0.4656200994921526 0.259517292230446 0)
(0.4962615999868781 0.2823944492963951 0)
(0.5320994033184993 0.3054038714429692 0)
(0.5747106893003883 0.3285518848998766 0)
(0.6258335851578081 0.3492042192628668 0)
(0.6862337475491553 0.3625395170761017 0)
(0.7543510320013607 0.3672549850688154 0)
(0.8272939371188068 0.3532393201548329 0)
(0.8965231728845289 0.3242926109146065 0)
(0.9527950432479697 0.2779920213327094 0)
(0.9921015028227939 0.2261351965911329 0)
(1.015057846894825 0.175908057354409 0)
(1.023608773860573 0.1299582204711769 0)
(1.023622755128558 0.09313177106453906 0)
(1.013809157088656 0.06143367723457843 0)
(1.000972940897649 0.0395399912288189 0)
(0.9868104268852244 0.0215119891679773 0)
(0.9658696719892652 0.008518494172258244 0)
(0.9296138374933045 -0.00242263291964318 0)
(0.8531476465605874 -0.01481504117804839 0)
(0.6792874797647716 -0.02786290426512495 0)
(0.4218465260260772 -0.02459166746972623 0)
(0.2088856803184144 -0.001364740885707994 0)
(0.08133340830072072 0.02582864950324779 0)
(0.01075615648278135 0.04848344721223954 0)
(-0.02878567867296363 0.06570536444471536 0)
(-0.05246216734009275 0.07933176169383878 0)
(-0.06744111299271036 0.08964574218576743 0)
(-0.07767077081743609 0.09769015230515443 0)
(-0.08534396020951915 0.1041026962768074 0)
(-0.09284178261166659 0.1094528875067786 0)
(-0.09962282600740696 0.1118312095686598 0)
(-0.1062144265974104 0.1123892386830499 0)
(-0.1133270472886186 0.1101165259394536 0)
(-0.1197098478321978 0.1052156153865469 0)
(-0.1257664467728795 0.098408727457481 0)
(-0.1316464643896648 0.08922430369874108 0)
(-0.1369527445411278 0.07714853255949901 0)
(-0.1409670445386024 0.06359961583134435 0)
(-0.1436174825288115 0.04985917908424979 0)
(-0.1451696032484558 0.03640658947314043 0)
(-0.1444356342294022 0.023741857057884 0)
(-0.1415281279519583 0.01256721387352967 0)
(-0.1377191049581183 0.004353618070255909 0)
(-0.1331773183307552 -0.003036290384502251 0)
(-0.1279488957105295 -0.0108114807764621 0)
(-0.1216366524279353 -0.01799226414631505 0)
(-0.1145926589113067 -0.02376040290968242 0)
(-0.1069911605095993 -0.02930269604412947 0)
(-0.09890670552547337 -0.0327250553911104 0)
(-0.09016754265714294 -0.03632008025361647 0)
(-0.08031840030481954 -0.0398218237916031 0)
(-0.06995418116524049 -0.04265209111314185 0)
(-0.05944016337714589 -0.04438351931898807 0)
(-0.04865554394770304 -0.04529617802714741 0)
(-0.03720115675938269 -0.04629996969172257 0)
(-0.02617128234057552 -0.04710357196069206 0)
(-0.01467882814726002 -0.04867686621057047 0)
(-0.003436091869903042 -0.04885892272838573 0)
(0.008106000515847932 -0.04846024508492969 0)
(0.01945391974540335 -0.04920902209629191 0)
(0.03178801773678686 -0.04885520783769692 0)
(0.0434889697349706 -0.04888922843639732 0)
(0.05472632076271877 -0.0486223601771811 0)
(0.06614156080867425 -0.04888706949508752 0)
(0.07686952950628051 -0.04782423918387883 0)
(0.08747271011992848 -0.04649524930892754 0)
(0.09819236259342304 -0.0455744456105477 0)
(0.1088061619819461 -0.0440726461573125 0)
(0.1186675826812833 -0.04307823385363976 0)
(0.1289309110842365 -0.04167764392928268 0)
(0.1384409463580857 -0.04051661787359827 0)
(0.1481874409839101 -0.04012068187423823 0)
(0.1583664192216128 -0.0395581787043791 0)
(0.1680326156070141 -0.03878019070025036 0)
(0.1769092132604372 -0.03762144787646286 0)
(0.1855011380557278 -0.03658799904661557 0)
(0.1939212998321436 -0.03573021829010847 0)
(0.2022707100817226 -0.03462682940663346 0)
(0.210276803852652 -0.0338818989160791 0)
(0.2180851891422004 -0.0332527311533335 0)
(0.2250098863100885 -0.03101673935769259 0)
(0.2318821295668346 -0.02917701983091834 0)
(0.238496784784208 -0.02727778462693498 0)
(0.2449183846916018 -0.02533928262754467 0)
(0.2514194517208055 -0.02437966080059397 0)
(0.2572032770693934 -0.02345841029537462 0)
(0.262943306837514 -0.02201960744490917 0)
(0.2682014045410091 -0.0200972017290565 0)
(0.2730496946291164 -0.01833801880686674 0)
(0.2772108205386751 -0.01684608949652897 0)
(0.2810255829795042 -0.01529444332491586 0)
(0.2846533332175189 -0.01356636508504276 0)
(0.2879263754943358 -0.01167776512065421 0)
(0.2910129735576148 -0.009838330843649008 0)
(0.2938998338494316 -0.008151028600860444 0)
(0.2964231864234138 -0.005912215506223293 0)
(0.2985026112969673 -0.003494092018465161 0)
(0.3001203950803218 -0.0006398508457633572 0)
(0.3009838109706248 0.002211607169496594 0)
(0.3015219559071576 0.005352136733903674 0)
(0.3014423503532622 0.008974800469182006 0)
(0.3007163104636896 0.0131795830182331 0)
(0.2992426163870007 0.01823247742620487 0)
(0.2971877942030104 0.02385236515914903 0)
(0.2945651001378412 0.03020879604885965 0)
(0.2917175685375867 0.03740977285528788 0)
(0.2894325845764661 0.04575584108916474 0)
(0.2890810022843189 0.05575197985571365 0)
(0.291091194404225 0.0674024119094766 0)
(0.2957823471888639 0.08041327841606388 0)
(0.3031229240207259 0.09476285956422208 0)
(0.3130501086828586 0.1105837502498654 0)
(0.3255124159174659 0.1268680152867069 0)
(0.3406758892403342 0.1443664303610079 0)
(0.3582640402504152 0.1619150146380752 0)
(0.3777181917022392 0.1801594936943393 0)
(0.3991425044068326 0.1983459067541212 0)
(0.4221916936131775 0.2178645566124432 0)
(0.447056460545402 0.2377213087481355 0)
(0.4744751977112744 0.2587349754945917 0)
(0.505336742891494 0.2811506953938311 0)
(0.5414815214909875 0.3033548445728018 0)
(0.5842320002350557 0.3257260090100574 0)
(0.6352077405817408 0.3447519527217512 0)
(0.6948921870852928 0.3567469790219959 0)
(0.7614448871255127 0.3594675902315888 0)
(0.8319439190183975 0.3443885056996808 0)
(0.8977312435776726 0.3157235434156236 0)
(0.9512669083194913 0.2707965890588012 0)
(0.9888742645429123 0.2215300935818336 0)
(1.011304213878786 0.1733534698871555 0)
(1.020648635524709 0.1294457726938962 0)
(1.021039173899912 0.09359993609247212 0)
(1.012416502403842 0.06269114074898648 0)
(1.000407648637412 0.04110989521535532 0)
(0.9875629175288148 0.02351159544539801 0)
(0.9697207963045302 0.01072773434675864 0)
(0.9389075429779177 0.0002201039550934928 0)
(0.8787364014448451 -0.01124740583641267 0)
(0.7349005362587089 -0.02501109241622901 0)
(0.4953966713135569 -0.02749649603118681 0)
(0.2706765865219956 -0.009538618931167347 0)
(0.1251990998242815 0.0163422855340336 0)
(0.04138143433892622 0.03978839835300384 0)
(-0.006558583764285544 0.05818606228240061 0)
(-0.03537910674333419 0.07285517491518141 0)
(-0.05357146989027841 0.08399569601253919 0)
(-0.06601228516098305 0.09260398723150237 0)
(-0.07468045843631169 0.09938846193976388 0)
(-0.08278826284757376 0.1050126681962497 0)
(-0.09014000363771828 0.1079698904296424 0)
(-0.09731209945978303 0.1088087128391705 0)
(-0.1042154398283164 0.1068573688352265 0)
(-0.111041506364684 0.1023633753692331 0)
(-0.1170908165290837 0.09570893065342019 0)
(-0.1229052835587695 0.08694095960649934 0)
(-0.1279522668186299 0.07507107725664598 0)
(-0.131667793519122 0.06185373771003111 0)
(-0.1345409864366243 0.04826833099602008 0)
(-0.1355477388622521 0.0353466277011338 0)
(-0.1342122112652906 0.02250010320868069 0)
(-0.1305810595597065 0.01145883325003534 0)
(-0.1262368505865502 0.003154927345977003 0)
(-0.1213382457400183 -0.004406956864827464 0)
(-0.115676921937985 -0.01246654348358028 0)
(-0.109137607396036 -0.01975483598909423 0)
(-0.1021864987615208 -0.0256660603171396 0)
(-0.09447609610443941 -0.03132698028140116 0)
(-0.08637328149673079 -0.03489519910363124 0)
(-0.07736814463997493 -0.03868396537463428 0)
(-0.06752895580169274 -0.0423153442823391 0)
(-0.05719185626060898 -0.04531378430875154 0)
(-0.04684590465882195 -0.04700984464891134 0)
(-0.03626444962466084 -0.04803782055268128 0)
(-0.02499056428614297 -0.04911581923309261 0)
(-0.01421103728316382 -0.04987324008993872 0)
(-0.002748190770564176 -0.05143607833037925 0)
(0.008200927878780894 -0.05171083778416469 0)
(0.01981250963817061 -0.05129111024913641 0)
(0.03105896968892596 -0.05207076982104913 0)
(0.04322553726009401 -0.05179176417617044 0)
(0.05458877636655345 -0.05166734301707429 0)
(0.06550391909660118 -0.05141409173002735 0)
(0.07658976185825266 -0.0515929186246039 0)
(0.08708454941540725 -0.05043171147401264 0)
(0.0974094612906916 -0.04910809626316258 0)
(0.1077113832139253 -0.04820644827136537 0)
(0.1181140219452568 -0.04653462188334521 0)
(0.127676555945826 -0.04552628186401488 0)
(0.1376590491566659 -0.04412335174383427 0)
(0.1472961291099586 -0.0428657889231327 0)
(0.1569617206700592 -0.04258684371417491 0)
(0.166931870159841 -0.04197108961606864 0)
(0.1763573443667386 -0.041080523769356 0)
(0.1849659946464449 -0.03973609307182772 0)
(0.1934504352417774 -0.03867326807406005 0)
(0.2016399383935788 -0.03779021816460117 0)
(0.2098019479543149 -0.03663337294783247 0)
(0.2175354617642036 -0.0358051925436581 0)
(0.224974071612111 -0.03507065818428937 0)
(0.2317594048105849 -0.03274969722234637 0)
(0.2385807813370131 -0.03081796708094268 0)
(0.2451513328157538 -0.02891369811031327 0)
(0.2515950024924758 -0.02697813319366454 0)
(0.2580677289009392 -0.02586050820564992 0)
(0.2635920575814326 -0.02486144613669724 0)
(0.2689993271614348 -0.02334280757433442 0)
(0.274140128571852 -0.02135873759247913 0)
(0.2788611250575277 -0.0194374391046341 0)
(0.2829567231657383 -0.01782704951143931 0)
(0.2866670747108309 -0.01622667600325963 0)
(0.290219922832059 -0.01441232066118386 0)
(0.2934291288292593 -0.01248765330902398 0)
(0.296622717077573 -0.01061904151434282 0)
(0.2994244542375123 -0.008857804525137368 0)
(0.3019876923551192 -0.006509861449951701 0)
(0.3041315129180124 -0.003991241253250887 0)
(0.3058626817953992 -0.0009884174563393664 0)
(0.3068400373931573 0.00201023078123154 0)
(0.3072894330602983 0.00523032579641082 0)
(0.3073017914440284 0.008969429046436689 0)
(0.3066160766924538 0.01334298541973925 0)
(0.3053739296956801 0.01855866411784998 0)
(0.3035884420942037 0.02428366755622094 0)
(0.30123082302712 0.03073260599367724 0)
(0.2985389188518741 0.03818225132992332 0)
(0.2967493946116095 0.04661595060580703 0)
(0.2967674465890762 0.05676096242961136 0)
(0.2993251635822276 0.06815527780295431 0)
(0.3040548579974288 0.08128347182371226 0)
(0.3115081835421326 0.09554279465132087 0)
(0.3215849046521828 0.1111336746404658 0)
(0.3341978421684427 0.1274333960097519 0)
(0.3495018701257476 0.144368807847144 0)
(0.3668278944698396 0.1621494237819421 0)
(0.3865908243377135 0.1797426148331976 0)
(0.4079635029167074 0.1981491354277389 0)
(0.4309930797483806 0.2173848696953585 0)
(0.4559250432661157 0.236928721161478 0)
(0.4835014378961239 0.2577409612045003 0)
(0.5146910954525316 0.2795611986595599 0)
(0.5510229159409552 0.3009990655100372 0)
(0.5938190770851426 0.3225760578542721 0)
(0.6445639368004423 0.3399576910868519 0)
(0.7034162083458015 0.3506217732533461 0)
(0.7683325048463679 0.3514407043100694 0)
(0.8362924706455983 0.3355153320898119 0)
(0.8987296405867882 0.3072187036296483 0)
(0.9497619933370051 0.2637983264110578 0)
(0.9858314130720309 0.2168218278918105 0)
(1.007768367169246 0.1709411447428857 0)
(1.017666645529989 0.1288263524396071 0)
(1.018436587242859 0.09399846048340404 0)
(1.010936450036148 0.06388924513378454 0)
(0.999670294220235 0.04260078482150882 0)
(0.9879934204527816 0.02542883646058021 0)
(0.9725202112225604 0.01280939602435942 0)
(0.9462936204337929 0.002669805283552342 0)
(0.8994141043350318 -0.007835488917739164 0)
(0.7826092726405707 -0.02132859105297527 0)
(0.5680360191644155 -0.02852937790796323 0)
(0.3384240350114711 -0.01650358322959765 0)
(0.1754534519893851 0.00695899826316477 0)
(0.07741245020251471 0.0305744351963297 0)
(0.01990429254375183 0.04998809731890431 0)
(-0.01501731281447457 0.06561207110331019 0)
(-0.0370925557792114 0.07761271342021657 0)
(-0.0522743092374136 0.08686394529346392 0)
(-0.06254719523091438 0.09415946424217016 0)
(-0.07133793230620969 0.1000323184168435 0)
(-0.07936885956289422 0.1036918669163837 0)
(-0.08729004427686857 0.1048132628667103 0)
(-0.09403314260791987 0.1032424258826871 0)
(-0.1013276091630246 0.09915906715759883 0)
(-0.1075450859916387 0.09271411558449548 0)
(-0.113138697900293 0.08438764639767396 0)
(-0.1180070606440047 0.07265901114559921 0)
(-0.1216489055917849 0.05971381742561186 0)
(-0.1243283136872621 0.04673735982385868 0)
(-0.1251203641808477 0.03391016686233258 0)
(-0.1231135594942046 0.02100476421302391 0)
(-0.1188546309516148 0.01013038148666392 0)
(-0.1139433296602594 0.001739466870120256 0)
(-0.108540410288808 -0.005944275046871454 0)
(-0.1023381534344329 -0.01423694405304752 0)
(-0.09570981861056883 -0.02162059049057989 0)
(-0.08861205349156048 -0.02765260904065998 0)
(-0.08099747807389787 -0.03345390639113176 0)
(-0.07279331876820533 -0.03717864302092239 0)
(-0.06356193354002312 -0.04118091157796978 0)
(-0.05368294800388278 -0.04491434829205533 0)
(-0.04354915187452859 -0.04805405786787733 0)
(-0.03343694222551479 -0.04964967223914941 0)
(-0.02295029306929001 -0.05081551808798972 0)
(-0.01210555272275858 -0.05197684765700425 0)
(-0.001252269031811619 -0.0527646742736729 0)
(0.00993774499457719 -0.05427511871348704 0)
(0.02081612440160403 -0.05456382841008261 0)
(0.0322890680342429 -0.0542304208771741 0)
(0.04358786303980568 -0.0549777973960705 0)
(0.05524958817887868 -0.05477870657633885 0)
(0.06640904568265119 -0.05447654582502913 0)
(0.07704355502590754 -0.05421446574074651 0)
(0.08778783945773419 -0.05434377034690557 0)
(0.09790945914177844 -0.05307998566671616 0)
(0.1081040282905849 -0.05171263015727905 0)
(0.1178984725553907 -0.05083966326279087 0)
(0.1280557803864761 -0.04903035078005244 0)
(0.1374453110392247 -0.04799303821761981 0)
(0.1472088027016509 -0.04663933023175973 0)
(0.1569825481598252 -0.04532638095588953 0)
(0.1664939731552406 -0.04509742654263198 0)
(0.1762190398581535 -0.0444291923516151 0)
(0.1852243544651077 -0.04333812162303023 0)
(0.1935313336359012 -0.0418698514725042 0)
(0.202052339218661 -0.04080412019553654 0)
(0.2100031083386146 -0.03985798125770562 0)
(0.2178620804942918 -0.03861612271887191 0)
(0.2252943001821291 -0.03770105502386792 0)
(0.2324733634575533 -0.03687637814272242 0)
(0.2391124707548744 -0.03451263132417057 0)
(0.2457925383871641 -0.03251204163473981 0)
(0.2523154774931805 -0.0306219712159454 0)
(0.2587836577918512 -0.02865856654937046 0)
(0.2650580745181641 -0.02739044301989455 0)
(0.2704076386102373 -0.02623517170163959 0)
(0.2754604016969728 -0.02465725720948325 0)
(0.2804342459886288 -0.02265146443698174 0)
(0.2850226519850509 -0.02055969759817874 0)
(0.2890480593698863 -0.01884642009975705 0)
(0.2927667217219113 -0.01715683137217264 0)
(0.2962236620345695 -0.01528705938116376 0)
(0.2994651507929268 -0.01333144520891136 0)
(0.3026995450694278 -0.01140757859850949 0)
(0.3053164622273867 -0.009568521382290827 0)
(0.307866874952534 -0.007174137821763679 0)
(0.3100825808187881 -0.004528094306787728 0)
(0.3118556398730845 -0.001403644114598731 0)
(0.3128854752128147 0.00177370975269892 0)
(0.3133364808967333 0.005107722053794825 0)
(0.3133901237408666 0.008921146276731911 0)
(0.3127996786094437 0.01352932302281866 0)
(0.3117508592389793 0.01875281523105484 0)
(0.3102237535506202 0.02471119999920571 0)
(0.3081290696305147 0.03117647417289459 0)
(0.3055998236009378 0.03886964086075161 0)
(0.304304749569528 0.0474069243696645 0)
(0.30482145231969 0.05756844380003147 0)
(0.3076994922299731 0.06902667859818909 0)
(0.31251832840635 0.08199410974087826 0)
(0.3200484682082545 0.09622929969044117 0)
(0.330278275089843 0.1115738105636352 0)
(0.342970802521168 0.1278290829292008 0)
(0.3585024126524574 0.1442698580799897 0)
(0.3755752423161565 0.162220676954684 0)
(0.3956787305690579 0.1791790740254064 0)
(0.4169667834318896 0.1977846969835012 0)
(0.440024803599665 0.2166162905131134 0)
(0.4649917118432791 0.2359175087658274 0)
(0.4927661432522983 0.2565246812391059 0)
(0.5242643007200201 0.2776990756490517 0)
(0.5607216035692829 0.298481907872173 0)
(0.6034531418502649 0.3190605912812773 0)
(0.6538839207010834 0.3348085884906091 0)
(0.7117706773039489 0.3441705290834562 0)
(0.7749778319672374 0.3431643229865882 0)
(0.840261025253316 0.326690844457651 0)
(0.8995081926427739 0.2987965386956532 0)
(0.9483236291993772 0.256849991980488 0)
(0.9827010030694114 0.2122462193562008 0)
(1.004285642915783 0.1683892052314523 0)
(1.014683041411121 0.1280877950680849 0)
(1.015821833945039 0.09428618557400217 0)
(1.009354136099115 0.0650021308236408 0)
(0.9988124923334204 0.04403537241689905 0)
(0.9881255883211454 0.02725352353333582 0)
(0.9747250282750851 0.01476978034104538 0)
(0.9521540423404522 0.004934002779263694 0)
(0.9158338862841986 -0.004650479599397551 0)
(0.8225009258932778 -0.01726311369327484 0)
(0.6367978934317517 -0.02779437664730947 0)
(0.4105412934140923 -0.02191260762065661 0)
(0.2319321406352257 -0.001940160859183662 0)
(0.1193501014341105 0.0210461625193407 0)
(0.05113415575886543 0.0411938514505563 0)
(0.009112788445740969 0.0576292151683335 0)
(-0.01759024730347156 0.07048446508475632 0)
(-0.03598128269681833 0.08045325515360022 0)
(-0.04852520233422516 0.08833825162748352 0)
(-0.05832451594981938 0.09450952505142546 0)
(-0.06729874162508878 0.09870418966138116 0)
(-0.07563121533895442 0.1003389389862597 0)
(-0.08301314654372469 0.09923132619843916 0)
(-0.09040210163444706 0.09548449538517978 0)
(-0.09694251713800645 0.08943178238905911 0)
(-0.1023196210178354 0.08147763244346019 0)
(-0.1071067104011708 0.07003047870915913 0)
(-0.1105406343421426 0.05736612897340091 0)
(-0.1129254311026199 0.04515176494344151 0)
(-0.1137662946044325 0.03201611782050379 0)
(-0.1108533048370703 0.01937047487451404 0)
(-0.1062120253820424 0.008612554728096421 0)
(-0.1008999888469704 0.0001491014318818869 0)
(-0.0946661398289052 -0.00777495406004824 0)
(-0.08804770803006964 -0.01612272701313241 0)
(-0.08124558288616399 -0.02356571008950512 0)
(-0.0739813302286023 -0.02974565216253248 0)
(-0.06624359536420314 -0.03555585126614594 0)
(-0.05795985927821345 -0.03958070590537463 0)
(-0.04854418346619718 -0.04382611160838338 0)
(-0.03872894438848126 -0.04760292204394896 0)
(-0.02887441602847152 -0.05077580889721435 0)
(-0.0190949430466714 -0.05231318475202375 0)
(-0.008696397178124472 -0.05364310451321405 0)
(0.001795494735516928 -0.05490185462328601 0)
(0.01257870329448883 -0.05571726196579047 0)
(0.02359837147186446 -0.05721567458205917 0)
(0.03425225732477172 -0.05748896540281788 0)
(0.04571025000510332 -0.05728367260191255 0)
(0.05689664729153464 -0.05790796279308025 0)
(0.06800977583770024 -0.05780877206492888 0)
(0.07916761314615112 -0.05731629951589411 0)
(0.0892755307978686 -0.05703097677016136 0)
(0.09970809008626333 -0.05709713169265138 0)
(0.1094548050965665 -0.05576755432760666 0)
(0.1194619946272092 -0.05432889611419441 0)
(0.1288922077298061 -0.05342383675806618 0)
(0.1386469262129775 -0.05156093061017296 0)
(0.1480053484387901 -0.0505265112145333 0)
(0.1575193129836518 -0.04922472118562917 0)
(0.1673726518548274 -0.04789115462779631 0)
(0.1767121659561319 -0.04763403496917445 0)
(0.1860522962219348 -0.04687252260571956 0)
(0.1947509132133667 -0.04562816878882876 0)
(0.2027720433692399 -0.04406408555728763 0)
(0.2112438706720761 -0.04299907334508399 0)
(0.2189915465733509 -0.04193324943395242 0)
(0.2265720791433394 -0.04061889475708064 0)
(0.2337245819246491 -0.03960868422781354 0)
(0.2406197517845833 -0.03864033613859394 0)
(0.2471299628833822 -0.03631684276224886 0)
(0.253614452083103 -0.03423149174469937 0)
(0.2599780271871471 -0.03237896089253729 0)
(0.2663575125656071 -0.03038360586438598 0)
(0.2724190830765464 -0.02889241550360986 0)
(0.2776425466306536 -0.0275985113485964 0)
(0.2823940952031717 -0.02596476336230381 0)
(0.2871560462767002 -0.02393792302138591 0)
(0.2915966304286322 -0.02171931299480321 0)
(0.2955967174594328 -0.01989480143525309 0)
(0.2993226575693545 -0.01811917055682222 0)
(0.3027433708021661 -0.01618048005852805 0)
(0.3059932310304859 -0.0142195202735013 0)
(0.3091643795876217 -0.01219869430577637 0)
(0.3117282263353402 -0.01025421619924828 0)
(0.314200824790259 -0.007894782845204359 0)
(0.3164524692920496 -0.005090047474238665 0)
(0.3181777013923335 -0.001837885259616917 0)
(0.3192044496762692 0.001513953996539883 0)
(0.3197530999016569 0.004953797811806391 0)
(0.3198170868036232 0.008902851224053191 0)
(0.319346854141795 0.01366544691113407 0)
(0.3184673103889343 0.01896731392855493 0)
(0.3171039379645341 0.0250056193980203 0)
(0.3152461835452794 0.03171034154972146 0)
(0.3131541272581793 0.03939336927483395 0)
(0.3120120796777591 0.04819775022348055 0)
(0.3131244119331419 0.05819358874176427 0)
(0.3162536773177028 0.0698360897302034 0)
(0.3210962667220067 0.08262863209721763 0)
(0.3287995451494521 0.09677655928130098 0)
(0.3391802301015148 0.1119344262608166 0)
(0.3519818111622963 0.1279673663279998 0)
(0.367507808690622 0.1443134645265584 0)
(0.3849218255446532 0.1617764190304851 0)
(0.4048878236098183 0.1789117174289429 0)
(0.4261606127909644 0.1972616800472444 0)
(0.4492364239710842 0.215685565792943 0)
(0.4742994724464348 0.2347871585290125 0)
(0.5022729147290234 0.2550641607040997 0)
(0.5339853404662855 0.2755382034027704 0)
(0.5705174173194191 0.2957237387367681 0)
(0.6131283022209304 0.3151607008149226 0)
(0.6631366975487287 0.3293415838824674 0)
(0.7199415819674666 0.3373794195887847 0)
(0.781439788413536 0.3347698667845085 0)
(0.8439499656232932 0.3178263129023072 0)
(0.9002169662158364 0.2903511181068567 0)
(0.9469352438457916 0.2499850289849603 0)
(0.9797074396421019 0.2076196279154185 0)
(1.000897564954742 0.1657550026528726 0)
(1.011684970712885 0.1272993459316689 0)
(1.01325728825761 0.09451889743134247 0)
(1.007739298938354 0.06606978510160312 0)
(0.9979061690321485 0.04540795084624446 0)
(0.9879664537451385 0.02894864872290427 0)
(0.976468671210025 0.01663394560949365 0)
(0.9566862328384206 0.007028442077699886 0)
(0.928302363090903 -0.001713045005532896 0)
(0.8548596900506906 -0.01314821859799425 0)
(0.6995349660014141 -0.025500694648478 0)
(0.4843853417926161 -0.02553760846202217 0)
(0.2947838157083336 -0.01003011197286068 0)
(0.1676237081887875 0.01154928473492151 0)
(0.08769382779937135 0.03190623477106948 0)
(0.03754362070143043 0.04898106349839204 0)
(0.005363848374978491 0.06265941314519878 0)
(-0.01664510185334851 0.07332288427098414 0)
(-0.03217148826303932 0.08186369645585523 0)
(-0.04347067155897005 0.08842102710574616 0)
(-0.05361350203984666 0.09310847238221617 0)
(-0.06234539931538417 0.09536545214814134 0)
(-0.070734904883703 0.09476075152919743 0)
(-0.07820741716084033 0.09131932722690576 0)
(-0.08502023667348971 0.08586707373892306 0)
(-0.09038845011900867 0.07796783858592442 0)
(-0.09487506729495997 0.06709319211987955 0)
(-0.09848408875702121 0.05509144664226567 0)
(-0.1007032590701912 0.04302993850491316 0)
(-0.1008319668914312 0.02996862333966266 0)
(-0.09743936482422785 0.01748163976899041 0)
(-0.09245655573521527 0.006908639707664992 0)
(-0.08666010491390613 -0.001722125119569305 0)
(-0.07968976994792001 -0.009854574990118672 0)
(-0.07267705128323608 -0.01810445405550928 0)
(-0.06567322201307275 -0.02568980120231518 0)
(-0.05826949870730966 -0.03194642609089306 0)
(-0.05035867420834482 -0.03780215601686758 0)
(-0.04172848400023539 -0.04217363651088046 0)
(-0.03207321353946388 -0.04654433489092318 0)
(-0.0225763186446195 -0.050349428165685 0)
(-0.01299135758317221 -0.05344535056014862 0)
(-0.0036253541419686 -0.05501469558640651 0)
(0.006433413427231149 -0.05653801442878192 0)
(0.01681780828398396 -0.05782106459845959 0)
(0.02750242552479554 -0.05870392101313229 0)
(0.03820951390854214 -0.06021755633022618 0)
(0.04879700105213139 -0.06046274175521229 0)
(0.06001716339501621 -0.06044271664033242 0)
(0.07110601040133771 -0.06085561668667156 0)
(0.08168278298779855 -0.06086810251211903 0)
(0.0925827464473867 -0.0601744464508502 0)
(0.1023894255916667 -0.05980520053292201 0)
(0.1124114112784873 -0.05984573815208404 0)
(0.1217407564751569 -0.05846792800404946 0)
(0.1314820698268742 -0.05696170162637415 0)
(0.1407293328596226 -0.05599347176775329 0)
(0.1500223417143387 -0.05414734974766728 0)
(0.1594947809391794 -0.05311028635102569 0)
(0.1688063273183332 -0.05187842202508991 0)
(0.1785027524004689 -0.05054141457542738 0)
(0.1876430923871241 -0.05016861264731985 0)
(0.1964972574417282 -0.04931542766357951 0)
(0.2048701983228154 -0.04790198586949813 0)
(0.2127935099568481 -0.04629979131772105 0)
(0.2209606129789656 -0.0452324909007456 0)
(0.2285621490200334 -0.0440215342890877 0)
(0.2358979188382164 -0.04261972487377799 0)
(0.2428314242470931 -0.04150488569857324 0)
(0.249522423685055 -0.04042577167418869 0)
(0.2558878729208613 -0.03812310950940968 0)
(0.2620278102588464 -0.03593086273559358 0)
(0.2681829417419347 -0.0341590668059126 0)
(0.2742976427332408 -0.03210250065181286 0)
(0.2801922135282706 -0.03046019011646666 0)
(0.2853084589449006 -0.02894450766487434 0)
(0.2898841027706884 -0.02726911938109664 0)
(0.2944431830235831 -0.02521559191029872 0)
(0.2987423827746752 -0.02288906818466054 0)
(0.3026609067228186 -0.0209855394102009 0)
(0.3063867190607611 -0.01912170467105094 0)
(0.3097906747755827 -0.0171093938129896 0)
(0.313005369226395 -0.01513228338275689 0)
(0.3161024051734677 -0.01301707075101897 0)
(0.3187373612402908 -0.01095524023337178 0)
(0.3211082929605162 -0.008601411086162419 0)
(0.3232115847892024 -0.005661880860375644 0)
(0.3248727044402118 -0.002295351983476721 0)
(0.3259655461108025 0.001230861467811673 0)
(0.3266308904095704 0.004775745495407277 0)
(0.3267215171525144 0.008880507606159771 0)
(0.3263535034508754 0.01371179713350234 0)
(0.3255211761385803 0.01920764555689804 0)
(0.3243261280841052 0.02520999165153456 0)
(0.3226574238344221 0.0321475894750542 0)
(0.3210182646708638 0.03984003985953732 0)
(0.3201666568102975 0.04882698849173682 0)
(0.3215387613438904 0.05887506585342359 0)
(0.3248419517725417 0.07049647360312557 0)
(0.3300620801540838 0.0832580743113174 0)
(0.3378654414402296 0.0971774095244879 0)
(0.3481828274363539 0.1122418373262885 0)
(0.3613687561277569 0.127869353037517 0)
(0.3767111395278599 0.1443574297861036 0)
(0.3946066770452765 0.1611534079078023 0)
(0.4142664702001839 0.1785208313029623 0)
(0.4355633423997789 0.1965056615906395 0)
(0.4586760093460273 0.2145586254833138 0)
(0.4838529606067534 0.2334783739553312 0)
(0.5119686718812348 0.2533074307078258 0)
(0.5437783334374093 0.2730465236850572 0)
(0.580371792682597 0.2925860079526407 0)
(0.6228795998978639 0.3107570027914137 0)
(0.6723405017732386 0.3235032776279291 0)
(0.727961002310569 0.330396586588882 0)
(0.7875997344789063 0.3261535270147815 0)
(0.8474640318170933 0.309013908646492 0)
(0.9009064610860318 0.2817039448732314 0)
(0.945589219845532 0.2432446084997686 0)
(0.976782170691804 0.2029935333147966 0)
(0.9976571856321337 0.1631882526830075 0)
(1.00873097449629 0.1263465605834547 0)
(1.010668802138104 0.09464779190919244 0)
(1.00602270439147 0.06703297046915099 0)
(0.9969417293298394 0.04672622558800446 0)
(0.9877602717035354 0.03061526107436792 0)
(0.9776511487922835 0.01840038989667083 0)
(0.9600762911434095 0.008955083964245056 0)
(0.9379223182238515 0.0009701412233689825 0)
(0.8803351373745721 -0.009262731299806945 0)
(0.7551897540444392 -0.02217891418235471 0)
(0.5585549213947586 -0.02712978546982805 0)
(0.3636192655885803 -0.01673964021415189 0)
(0.2222759225615706 0.002380360288394933 0)
(0.1299249893136002 0.02238941398487018 0)
(0.07076120842259975 0.03978138960328576 0)
(0.03217284309817532 0.05416208293849394 0)
(0.005920989323823843 0.06551702840165713 0)
(-0.01304269655405 0.07470599120948321 0)
(-0.02651367897632752 0.08186417455129115 0)
(-0.03804719230781758 0.08692130089228499 0)
(-0.04726653573571189 0.08983265665289572 0)
(-0.05686798518369945 0.08983253333364496 0)
(-0.06451055251240838 0.08672628479233858 0)
(-0.07177573867325959 0.08197286368114441 0)
(-0.07721351771483161 0.07412540907321846 0)
(-0.08129023493274382 0.06391629187007263 0)
(-0.08531491928412965 0.05258130164032009 0)
(-0.08730852108202844 0.04042545725658026 0)
(-0.08634413385871531 0.02785883565328701 0)
(-0.08304358284402705 0.01528061835312215 0)
(-0.07733577762502869 0.005020614670834093 0)
(-0.07078447282370313 -0.003871634344480262 0)
(-0.06352183983305699 -0.01210305504400806 0)
(-0.05608707252242731 -0.02027993737576438 0)
(-0.04891243900280404 -0.02794782495869996 0)
(-0.04137869071846893 -0.03429717204185013 0)
(-0.03314835155471101 -0.040244844946278 0)
(-0.02424771373759107 -0.04498905883173759 0)
(-0.01453584075668245 -0.04931537150477542 0)
(-0.005412196096848175 -0.05312748499017986 0)
(0.003903477845791069 -0.05613733275878482 0)
(0.01305007558165892 -0.0577783048315141 0)
(0.02285890683489294 -0.05946875303394206 0)
(0.03316028225109386 -0.06077883591992238 0)
(0.04362903798127565 -0.0617652932751885 0)
(0.05415406921526929 -0.06317779085790107 0)
(0.06442518778362077 -0.06355450548264067 0)
(0.07531776050852018 -0.06364282220505865 0)
(0.08612748043223743 -0.06384363805291324 0)
(0.09634414324913637 -0.06390230657715003 0)
(0.1068614567091228 -0.06304144928704525 0)
(0.116304753478262 -0.0626290826231989 0)
(0.1259482851235142 -0.06250150638047659 0)
(0.1349092496053678 -0.06117648390840388 0)
(0.1443978312929616 -0.05961912808534976 0)
(0.1533937477188575 -0.05857409372028059 0)
(0.1623432210057192 -0.05679707536526045 0)
(0.1720277571891931 -0.05580751239422328 0)
(0.1811746873891781 -0.05454138486634692 0)
(0.1903493011745349 -0.05320129744259477 0)
(0.1991687606162417 -0.05267901964050927 0)
(0.2076250826293157 -0.05174657812078987 0)
(0.2156955360069948 -0.05019515259481781 0)
(0.2234844455451272 -0.04855251221313365 0)
(0.2312779562693005 -0.0474701840797277 0)
(0.2387601979417376 -0.04611640274029055 0)
(0.2458465849106453 -0.04464678693966741 0)
(0.2527067684059793 -0.04342696054588657 0)
(0.2591775495462837 -0.04223438349389511 0)
(0.2652458224095169 -0.03989910306803166 0)
(0.2711363496804001 -0.03761802013434046 0)
(0.27698930839694 -0.03588198609733757 0)
(0.2827702926466953 -0.03384359641304897 0)
(0.288473112487101 -0.03201364832367964 0)
(0.2934466027197723 -0.03029683266482644 0)
(0.2979262490736924 -0.02858934985389686 0)
(0.3023669026800344 -0.02648312048135645 0)
(0.3064803272960424 -0.02409167536867226 0)
(0.3103425273114165 -0.02210905201001844 0)
(0.3140362855847681 -0.02015449813876761 0)
(0.3173640940980524 -0.01809221454472499 0)
(0.3206076984482023 -0.0160769680696652 0)
(0.3236130275840501 -0.01385561999543445 0)
(0.3262940926537408 -0.01168099463170388 0)
(0.3285092952483207 -0.009272384407735517 0)
(0.3304589144107455 -0.006239942620079128 0)
(0.3321030735610072 -0.002755574100334485 0)
(0.3332775059885714 0.0008940933164898415 0)
(0.3340184166268046 0.004590680860295003 0)
(0.3341712399962325 0.008813966653853122 0)
(0.3337361180706246 0.01379997772312446 0)
(0.3329480570244264 0.01929624014121621 0)
(0.331864082751949 0.02553292216815595 0)
(0.330424957846341 0.03241379015304449 0)
(0.3289957661353428 0.04034234475098145 0)
(0.3287201866334797 0.04920830491565478 0)
(0.3300541456833357 0.05956963206294558 0)
(0.3335142430570388 0.07105266710295008 0)
(0.3393472198666555 0.08374755820660001 0)
(0.3471550153949583 0.09750107829863333 0)
(0.3574389513115883 0.1124747013147526 0)
(0.371095774019107 0.1276565849366435 0)
(0.3862413344819026 0.1442908302056675 0)
(0.4045487434308574 0.1604017172782727 0)
(0.4238440926275047 0.1779527549910138 0)
(0.4452205938455121 0.1954184415951708 0)
(0.4682928412908881 0.2132072830599721 0)
(0.4936070056203736 0.2319408467670111 0)
(0.5217956602271555 0.2511997727366527 0)
(0.5536964944622965 0.2702202284342863 0)
(0.5902883008415277 0.2891077090243015 0)
(0.6326863556961062 0.3059080747623193 0)
(0.6814673737890335 0.3172977134022182 0)
(0.7357820511411609 0.3230940960092339 0)
(0.7935996663877809 0.3174693735711053 0)
(0.8506393217539379 0.3001922375152153 0)
(0.9016300068713875 0.2731572949558145 0)
(0.9443478325266945 0.2365886614614506 0)
(0.9738700333995516 0.1984818198951512 0)
(0.9944361346908692 0.1603818015447605 0)
(1.005758469609506 0.1253759126456587 0)
(1.008106222944976 0.09471775151003994 0)
(1.004300216923866 0.06794239697631926 0)
(0.9960336936694374 0.04797903195492709 0)
(0.9873716193885884 0.03213726437272472 0)
(0.9786566935881261 0.02008420365990932 0)
(0.9628716986130823 0.01079928622996981 0)
(0.9449927969402088 0.003343851096895901 0)
(0.9009578304962387 -0.005692324305313579 0)
(0.8021656199108084 -0.01811304155510737 0)
(0.6296319940872033 -0.02666325832944162 0)
(0.4364810220936538 -0.02176656706484551 0)
(0.2830988111363107 -0.006042272194831971 0)
(0.1781531761607357 0.01290183701709361 0)
(0.1094009775801487 0.03018899905912944 0)
(0.06380096834449112 0.04504561531540769 0)
(0.03200630446664882 0.05708151781622543 0)
(0.009308873310181227 0.06687146603698597 0)
(-0.007093139825634222 0.07477435493650089 0)
(-0.02033119815198645 0.0801508761064029 0)
(-0.0307113736074013 0.08365336185514256 0)
(-0.04075702087445222 0.08427632662758149 0)
(-0.04928316711063187 0.08181664552341374 0)
(-0.05690931718776727 0.07738301566153621 0)
(-0.06245266375681831 0.07004000484317115 0)
(-0.06678450853574656 0.06039087632906144 0)
(-0.07062664659464049 0.04955655565042284 0)
(-0.0723729802299925 0.03773970043079107 0)
(-0.07085508981781929 0.02532231809149876 0)
(-0.06713550634447302 0.01295449600774078 0)
(-0.06063835163845132 0.002762355260967174 0)
(-0.05330507277607784 -0.006190810735550088 0)
(-0.04589811045628772 -0.01458764129468554 0)
(-0.03830077696964621 -0.02262214261045747 0)
(-0.03086749700735866 -0.03029833686497917 0)
(-0.02319962941618755 -0.03685795044957025 0)
(-0.01471277255277523 -0.0428500135724046 0)
(-0.005578468244080375 -0.04794011436101876 0)
(0.003990196061857508 -0.05209445017991455 0)
(0.01284936270899924 -0.05598025778213446 0)
(0.02198225274695068 -0.05884597081052618 0)
(0.03106153122398594 -0.06060693945603244 0)
(0.04086022473791521 -0.06246786969493914 0)
(0.05109133284023289 -0.06381463763413031 0)
(0.06099296060580133 -0.06485970627852511 0)
(0.07130118739833416 -0.06617560649602991 0)
(0.08142049370997752 -0.06665812109014779 0)
(0.09166665287183105 -0.06682739327692606 0)
(0.1020992916316792 -0.06684754097387341 0)
(0.1118641767753294 -0.0669346221591299 0)
(0.1219291458794853 -0.06592200020813935 0)
(0.1312138281514185 -0.06542175438220242 0)
(0.1403388313248737 -0.06513612758336443 0)
(0.1489632610140186 -0.06389444471959643 0)
(0.1581782153573783 -0.06226922441168183 0)
(0.1670221694870999 -0.06118983045046554 0)
(0.1756847265128298 -0.05953200700274341 0)
(0.1854150251536201 -0.05858146083562994 0)
(0.1942851654798178 -0.05718455526595662 0)
(0.2029550298394672 -0.055822906264597 0)
(0.2114142867290817 -0.05517889297080451 0)
(0.2195010390136113 -0.05417539341830065 0)
(0.227315574701933 -0.05249660545503027 0)
(0.2348153603418381 -0.05082445741145056 0)
(0.2423101636501883 -0.04973199346604305 0)
(0.2496402640056176 -0.04824397903017408 0)
(0.2564532666294941 -0.04670865952381668 0)
(0.2632623188072328 -0.04539492419843011 0)
(0.2695808299250311 -0.04405134350940638 0)
(0.275354250983934 -0.04165384066239063 0)
(0.2809325646515619 -0.03930786747041751 0)
(0.2864879900804317 -0.03755854940431535 0)
(0.2919543308483736 -0.03555817666812476 0)
(0.2973350462927514 -0.03358854218626498 0)
(0.3021991735906889 -0.03168573648457768 0)
(0.3066017431298053 -0.02993441783251163 0)
(0.3108511981424028 -0.02773920754534484 0)
(0.3148690781497035 -0.02528581516672263 0)
(0.3186260657641384 -0.02325039161569057 0)
(0.3222330075766247 -0.0212159647227212 0)
(0.3255292539461208 -0.0190995393034943 0)
(0.3286991783200041 -0.01704160833163091 0)
(0.3316411846166292 -0.01473457785435603 0)
(0.3343430686374967 -0.01244780189051921 0)
(0.3363933004261352 -0.00991461627549128 0)
(0.3382309829638233 -0.006855169930595733 0)
(0.3398329085541305 -0.003248802107128017 0)
(0.3410684597920686 0.0005433733421490109 0)
(0.3417508228416314 0.00433745520838849 0)
(0.3420065605691049 0.008744294996144769 0)
(0.3414544193317492 0.01391977102608376 0)
(0.3408128059476945 0.01933686854927073 0)
(0.339761085325381 0.02577731216544779 0)
(0.3385969040714791 0.03266201435011425 0)
(0.3373104939236123 0.04069870941864116 0)
(0.337378638343439 0.04959882346272394 0)
(0.3387751171911559 0.05998411354397651 0)
(0.3425508911463542 0.07154326830162065 0)
(0.3487329725608671 0.08417464515148251 0)
(0.3567917379181031 0.0977974810708872 0)
(0.3673127303025201 0.1124354811155059 0)
(0.380977574648792 0.1275868905802775 0)
(0.3964483028848407 0.1437791659225203 0)
(0.4144408880948164 0.1599166376306873 0)
(0.4336143465408743 0.1772266650786037 0)
(0.4550410775592711 0.1941440408698551 0)
(0.4781121029777489 0.2117109817113894 0)
(0.5035241830904011 0.230149275165696 0)
(0.5318016445986303 0.2487096650868396 0)
(0.56375164182505 0.2670428557038396 0)
(0.6003010552449798 0.2852987442623071 0)
(0.6424982610895285 0.3007201269988939 0)
(0.6905547892839206 0.3109471469851667 0)
(0.7434186618997275 0.3155474979198811 0)
(0.79930482185079 0.3086271991681749 0)
(0.8537751157497828 0.2914375452474356 0)
(0.9022579179107337 0.2647837055023338 0)
(0.9430240380836505 0.2300003587832697 0)
(0.9711330691126026 0.193879457101654 0)
(0.9913913025459126 0.1577431599556711 0)
(1.002822124791013 0.1241919484267462 0)
(1.005561310669141 0.09467792450894925 0)
(1.002538359243306 0.06872821459994824 0)
(0.9950961829218954 0.0491684625410572 0)
(0.987040839587036 0.033635130338944 0)
(0.9794109572116576 0.0216944271268044 0)
(0.9652388614506362 0.01255241028667788 0)
(0.9504826139263571 0.00549415961877548 0)
(0.9165970734503084 -0.002577016100404509 0)
(0.8406128143270424 -0.01382795603373235 0)
(0.6956686100019979 -0.02456782778818211 0)
(0.5114830121911756 -0.02489021315935638 0)
(0.3498148539333242 -0.01327636563820023 0)
(0.2331189147957928 0.003727040648039958 0)
(0.1538000322486181 0.02054731739672185 0)
(0.1000905577368991 0.0355603384553375 0)
(0.06246551625792585 0.04804268530333637 0)
(0.03548756310881697 0.0583824541425258 0)
(0.01531009157474082 0.06712598181072586 0)
(-0.0001029595662615939 0.07306117967186754 0)
(-0.01218774524015353 0.07700980549580917 0)
(-0.02261738947136793 0.07822787332240447 0)
(-0.03226557093429816 0.07651272667290004 0)
(-0.04010972749064201 0.07227432259854658 0)
(-0.04598348043811262 0.06566067074059724 0)
(-0.0509861393924839 0.05653861102568368 0)
(-0.05420768476096398 0.04615265641967284 0)
(-0.05582193863406758 0.03486428528682443 0)
(-0.05408222984025167 0.02225437578519853 0)
(-0.04923311134859368 0.01049761333475319 0)
(-0.0423633459473253 7.986260381647326e-05 0)
(-0.03424008121778358 -0.00868721749693561 0)
(-0.02650351167430125 -0.01712733649041465 0)
(-0.01888047317275785 -0.02509481584273394 0)
(-0.01133839430195196 -0.03274408996459984 0)
(-0.003447989023421086 -0.03953192408403949 0)
(0.005210969561279071 -0.04569390088476817 0)
(0.01433139056052929 -0.05096008303540266 0)
(0.0237218552960266 -0.05497397969872674 0)
(0.03251633259478882 -0.05885926815253115 0)
(0.04147299033350786 -0.06157156615964433 0)
(0.05070366324722498 -0.06361235921633576 0)
(0.06039799463503465 -0.06555311160196836 0)
(0.07034576230214885 -0.0668663881521627 0)
(0.07983167845492763 -0.06795185370360231 0)
(0.08966738327955495 -0.06926846805348807 0)
(0.09972790837030253 -0.06974909188113987 0)
(0.1093602400432404 -0.06994501010712602 0)
(0.1191397045827256 -0.0698491402595169 0)
(0.128622347664878 -0.06991064337909315 0)
(0.1379666819414688 -0.06886438883052258 0)
(0.1471508303760934 -0.0681990518705068 0)
(0.155765048544605 -0.06774247864248972 0)
(0.1641481980487855 -0.06664535390581153 0)
(0.1729974229636269 -0.06497859358916289 0)
(0.1818135265783181 -0.06385671618125388 0)
(0.1902917566142983 -0.06232079407662193 0)
(0.1997393245434032 -0.06139259463091554 0)
(0.2081095275249615 -0.05982651058760501 0)
(0.2163992337408153 -0.05840008057959136 0)
(0.2246423606015186 -0.05764725473504132 0)
(0.232163331734955 -0.05660412617486331 0)
(0.2397250364278346 -0.05478558513718072 0)
(0.247010063732306 -0.05310124916139969 0)
(0.2542294029706593 -0.05199864142377537 0)
(0.2612204332137038 -0.05036688669811358 0)
(0.2677911269187302 -0.04879137851287738 0)
(0.2744520282611536 -0.04741663055689697 0)
(0.2805956017967164 -0.04587940080385211 0)
(0.2860316424815267 -0.04336308145743468 0)
(0.2915352130755264 -0.04100659501473316 0)
(0.2967830487513903 -0.03918343976229278 0)
(0.3019529810340894 -0.03723551873526511 0)
(0.3069429004058699 -0.03512996963178125 0)
(0.3117382863498394 -0.03308365535727147 0)
(0.3159116994341076 -0.03129331942726862 0)
(0.3200166060435438 -0.02898599783286867 0)
(0.3238231064218878 -0.02650615072399787 0)
(0.3276096177868058 -0.02437845187916384 0)
(0.3309749729279169 -0.02229913792141023 0)
(0.3342090345361322 -0.02013571058564181 0)
(0.3374794807093924 -0.01802625023155392 0)
(0.3403328448723181 -0.01561407967342654 0)
(0.3428553344031993 -0.01319918159082072 0)
(0.3448005425155473 -0.01053523800342114 0)
(0.3466316412547657 -0.007433529902454967 0)
(0.3481700760921401 -0.003719201128024331 0)
(0.3492511476635614 0.0001544472242762473 0)
(0.3499127566822375 0.004098491599305296 0)
(0.3500716881380152 0.008722334339916628 0)
(0.3497317236858987 0.01391644870012177 0)
(0.3490894275446493 0.01952694224986267 0)
(0.3482771283250976 0.02587745368661054 0)
(0.3470211115206666 0.03298984520395264 0)
(0.3460610130414656 0.04089760584146949 0)
(0.3460901396162207 0.05008477347095419 0)
(0.3477588634530585 0.06020322339661111 0)
(0.3519401543752104 0.07187235012790551 0)
(0.3582695500524188 0.08451199770985371 0)
(0.3668121452030971 0.09798926258952614 0)
(0.3777153610032062 0.1122477730411441 0)
(0.3911343923033037 0.1274680212134895 0)
(0.4070221846778465 0.1430577085964198 0)
(0.4244546529924197 0.1593497944005348 0)
(0.4437151205872551 0.1760263317881781 0)
(0.4649962601957829 0.1926128701033606 0)
(0.4881651014080476 0.2100564261836625 0)
(0.5136008514066874 0.2280365923779375 0)
(0.54195594516461 0.2459605612525652 0)
(0.5739417669435712 0.2637012604215906 0)
(0.6104007261396187 0.2810496309256219 0)
(0.6523275839752997 0.2952035714747822 0)
(0.6995653053380311 0.3044108710473557 0)
(0.7508947744345587 0.3078037382055464 0)
(0.8048268457506924 0.2997533781796534 0)
(0.8565627055397673 0.2826744736149975 0)
(0.9029371157098598 0.2564780875846307 0)
(0.9415368811458504 0.2235321244351813 0)
(0.968413166336705 0.1893626048385371 0)
(0.9884279417601278 0.1548811809781177 0)
(0.9999159626079828 0.1229977840468527 0)
(1.003102155326522 0.094591579295374 0)
(1.000811783770604 0.0694474642946637 0)
(0.9941801526985559 0.05028592428909408 0)
(0.9866590637278374 0.03502690755417918 0)
(0.9800666961780866 0.02325189979577469 0)
(0.9672717942202422 0.01421288999308557 0)
(0.9546601456341013 0.007384808351029821 0)
(0.9290426502970752 0.0002014502230782005 0)
(0.8714347484545791 -0.009617653353761215 0)
(0.7538888260220966 -0.02108845071039469 0)
(0.5858965228148731 -0.02574747869937559 0)
(0.4218360159664845 -0.01893155764826511 0)
(0.2940698521535741 -0.004617998159458764 0)
(0.2043140341927065 0.01105833503743852 0)
(0.1416114585460203 0.02583375792116605 0)
(0.09748663667276727 0.03863052025597294 0)
(0.06550737202747541 0.04941631625654389 0)
(0.04120785240329991 0.05896219151158569 0)
(0.02297913586032202 0.06549765984466138 0)
(0.008825305308617004 0.06993650146754316 0)
(-0.002341773708172105 0.07166768616202349 0)
(-0.01317628572918465 0.0707573842910557 0)
(-0.02134770637118293 0.0667997984382083 0)
(-0.02788250665194303 0.06085088187671092 0)
(-0.03322140909379105 0.05232046788678985 0)
(-0.03614441649784606 0.04238062068746952 0)
(-0.03730044236690819 0.03134127291733562 0)
(-0.03531207298194351 0.01904014579320263 0)
(-0.02979707239294085 0.007577968948512965 0)
(-0.02229993732494781 -0.002814848153857418 0)
(-0.01363189202689926 -0.01154217656845417 0)
(-0.00540499823873516 -0.0197537139017873 0)
(0.002240511654421954 -0.02771434210350325 0)
(0.009896633442472796 -0.03536051862563676 0)
(0.0180545587353426 -0.04235155920416754 0)
(0.0267929407697046 -0.0486425727738674 0)
(0.03570617622582383 -0.05401435930620818 0)
(0.04483983019641828 -0.05796790921501056 0)
(0.05377749183903773 -0.06171302529543141 0)
(0.06255292914277424 -0.06441821557989036 0)
(0.0717449431267851 -0.06671818927955123 0)
(0.08147663656101321 -0.06868797961620744 0)
(0.09114116054539843 -0.0698946256273245 0)
(0.1000347149097231 -0.07101623581904967 0)
(0.1092929210848911 -0.07237892186689826 0)
(0.1189711825515993 -0.07285690043107003 0)
(0.1281839006510225 -0.07297886271152061 0)
(0.1373131626952313 -0.0728706505017753 0)
(0.1464691890662594 -0.07277596088241994 0)
(0.1551787749205098 -0.07182222184056153 0)
(0.1640846100543305 -0.07100510835715498 0)
(0.172481615601011 -0.07037653070772469 0)
(0.1804851746087144 -0.0693417887023068 0)
(0.1888974843372808 -0.06772346932479112 0)
(0.1976892031956823 -0.06661950427954957 0)
(0.2061841680886885 -0.06516261736961435 0)
(0.2149618527115999 -0.06410720170418081 0)
(0.2227992160642829 -0.06243832127427035 0)
(0.2308362763532499 -0.06099621028646745 0)
(0.2388107356454147 -0.06005797615426427 0)
(0.2456481925298286 -0.05897472299919363 0)
(0.2529663055581179 -0.05710375375837468 0)
(0.2601062575940643 -0.05540105914390651 0)
(0.2671100317118739 -0.05423100618376736 0)
(0.2736867922616222 -0.05246946915551735 0)
(0.2799655575824344 -0.05088598509694633 0)
(0.2863887108644202 -0.04945317860503955 0)
(0.2922170170317233 -0.04768099194031607 0)
(0.2974097461786445 -0.04508127376977114 0)
(0.3027974266918987 -0.04273650534814175 0)
(0.3078811582200833 -0.04080029831689904 0)
(0.3127288461971918 -0.03885157770575241 0)
(0.3174056705595401 -0.03664396474841741 0)
(0.3219408615727787 -0.03451130815123361 0)
(0.3260297946424587 -0.03261504608433154 0)
(0.3297568193712095 -0.03023853952796505 0)
(0.3335134077437468 -0.02774923459578747 0)
(0.3371375112159146 -0.0255115705348388 0)
(0.3404072634270617 -0.02334974729443706 0)
(0.3435125406940168 -0.02122061594803483 0)
(0.3467220571133237 -0.01904352330152924 0)
(0.3495609204156487 -0.01650510961320857 0)
(0.3520059554832475 -0.01394763424698856 0)
(0.3539109782952857 -0.01113665083973433 0)
(0.3555489550621934 -0.008001850319361774 0)
(0.3568025516475965 -0.004222709852965335 0)
(0.3579095427678193 -0.0002293361702767776 0)
(0.3585733266758804 0.003888694558937401 0)
(0.3585679208798213 0.008674450470416491 0)
(0.3585053118448763 0.01387026180675083 0)
(0.3579249234429691 0.01963290094827512 0)
(0.3572802682233191 0.02598243414370927 0)
(0.3559296116418831 0.03324508580447542 0)
(0.3551163832855625 0.04114827368400534 0)
(0.3552269314520676 0.05037697291316506 0)
(0.3572745686329659 0.06046294092304281 0)
(0.3617241783723268 0.07202138963275539 0)
(0.368202221032645 0.08467760085757248 0)
(0.3772114027823719 0.09801685868279296 0)
(0.388428684874082 0.1120460351674896 0)
(0.4016192702670572 0.1271706173870439 0)
(0.4177312827425067 0.1421616853314104 0)
(0.4346472239705218 0.1585930212243584 0)
(0.4539957122731839 0.1746021471700696 0)
(0.4751263694468684 0.1908716802109791 0)
(0.4983866630976211 0.2081438200119415 0)
(0.5238997600506431 0.2256351230726537 0)
(0.5523195042715251 0.2429303546417958 0)
(0.5843439652596428 0.2601149949525041 0)
(0.6205980300060222 0.2765364568360982 0)
(0.6621533551069388 0.2892869784156622 0)
(0.7084011320485062 0.2975329138443001 0)
(0.7581977632818797 0.2996783113728824 0)
(0.8101335241319584 0.2907876226788412 0)
(0.8593799449345872 0.2740212133161927 0)
(0.9034355366279557 0.248379585964098 0)
(0.9400815975125831 0.2171076741737216 0)
(0.9658059123949885 0.1848144993206709 0)
(0.9856074553881382 0.1520783408862624 0)
(0.9970903617777478 0.1216786551132399 0)
(1.000674325031504 0.09436626412103799 0)
(0.9990824412137103 0.07008126186966816 0)
(0.9931945324792379 0.0513375280990386 0)
(0.9862090921551889 0.03633885195992412 0)
(0.9806440872592856 0.02473637869321497 0)
(0.9689707495358701 0.01577951823880385 0)
(0.9580357703465756 0.009087535893407541 0)
(0.9382392059896644 0.002640356555393966 0)
(0.8949753462205707 -0.005786429793625471 0)
(0.8034512927266348 -0.01682872391867076 0)
(0.6569882351595931 -0.0246991156082988 0)
(0.496059818226417 -0.02261480205836569 0)
(0.3607732704518658 -0.01183901627634407 0)
(0.2611165830521316 0.002052960439365805 0)
(0.1892253893790735 0.01616427840987329 0)
(0.1379784524117445 0.02895607454307864 0)
(0.0999956647504064 0.04002172860960988 0)
(0.07157628958089654 0.04997636219102105 0)
(0.04934459042501688 0.0574413026049186 0)
(0.03312562409661844 0.06229194169813609 0)
(0.01983353685971688 0.06465889723857654 0)
(0.008455186167422434 0.06430748184230936 0)
(-0.0005869022750204912 0.06102383806316186 0)
(-0.007673197593926954 0.05548318673574568 0)
(-0.01315917903775908 0.04773955855515094 0)
(-0.01639444663853968 0.03821215944506583 0)
(-0.01653659900523844 0.02723029530485091 0)
(-0.01446907541263071 0.01572877498904737 0)
(-0.008916090069437811 0.004076561955018533 0)
(-0.000242642191395998 -0.005886755453937347 0)
(0.008658927784908947 -0.01470379023664738 0)
(0.01744325505717494 -0.02260131955205291 0)
(0.0252683118350965 -0.03038042178218117 0)
(0.03312102709594942 -0.03820805405034822 0)
(0.04150839840855189 -0.04526726986821496 0)
(0.05009506542857083 -0.05165615644233343 0)
(0.05892335142172869 -0.05706923599054167 0)
(0.06784602087082284 -0.06105075025714266 0)
(0.07672032425315206 -0.06457320587588247 0)
(0.08546931302422515 -0.06736687605127276 0)
(0.0946020567698844 -0.06986524258007214 0)
(0.1040424273331452 -0.07183426873806541 0)
(0.1130452794944064 -0.07293343415428812 0)
(0.1216138299071671 -0.07400052087528733 0)
(0.1303381468220769 -0.07538227578391515 0)
(0.1393878843408589 -0.07597110302515427 0)
(0.1481144611167771 -0.07591131573973536 0)
(0.1568884724577315 -0.07591699125756818 0)
(0.1655932891426643 -0.07554873820884403 0)
(0.1737980390561307 -0.07473464277621077 0)
(0.1821213295403044 -0.07378151157596362 0)
(0.1902906515459681 -0.07302438656041081 0)
(0.1980079524443678 -0.07194958234667218 0)
(0.2061849701773137 -0.07052513904338348 0)
(0.2148452681875951 -0.06945270420317703 0)
(0.2231723679405166 -0.0679712221900525 0)
(0.2310974897162879 -0.06670579080839295 0)
(0.2386194690918179 -0.06503801728751221 0)
(0.2463888603802762 -0.06359460648814706 0)
(0.2538321493370151 -0.06236290978237967 0)
(0.2602180890165814 -0.06128798550850179 0)
(0.2672730379078739 -0.05944885033281528 0)
(0.2740425387638868 -0.05773216780444197 0)
(0.2809582814651512 -0.05645731800302083 0)
(0.287180907991577 -0.05454016525535517 0)
(0.2930777260344105 -0.05293710032998551 0)
(0.2990775765833039 -0.05145287025714925 0)
(0.3045623378011275 -0.04947950317893069 0)
(0.3096295457777608 -0.04680765321671599 0)
(0.3147601445557509 -0.04449144146433349 0)
(0.3196763611926978 -0.04242249114549379 0)
(0.3242320762327502 -0.04040656362380035 0)
(0.3285718709831432 -0.03814851754728586 0)
(0.3328643309510255 -0.03593030025477978 0)
(0.3367718102943148 -0.03384511221984056 0)
(0.3401352641904774 -0.03148668063182461 0)
(0.3438273070745234 -0.02900267145827256 0)
(0.3472493938465473 -0.0266500667692197 0)
(0.3504385632670138 -0.02438962933327204 0)
(0.3535219076254755 -0.0223227348116109 0)
(0.3565109162817717 -0.0200709584329198 0)
(0.3591949122879235 -0.01742335298973561 0)
(0.3615406168448773 -0.01475268679661658 0)
(0.3633779606371233 -0.01177532882127123 0)
(0.364832111012431 -0.008555794410047507 0)
(0.3660256353180436 -0.004669420989800666 0)
(0.3669535128184883 -0.0006087306585743531 0)
(0.3675312915147876 0.003716431056792292 0)
(0.367672285594454 0.008556870876009336 0)
(0.3676621994384853 0.01386780265415878 0)
(0.3673830916375079 0.01963771441649086 0)
(0.3665381235903653 0.02617836173952163 0)
(0.3655893063852367 0.03338128869254291 0)
(0.3644849188677896 0.0415517058877348 0)
(0.3650566969086537 0.05047377692357639 0)
(0.3675603886614431 0.0607379039252157 0)
(0.3718479977649571 0.07210203396877746 0)
(0.3786876199445767 0.08465190784409786 0)
(0.3879559676462987 0.09788292278580235 0)
(0.3992739406864578 0.1118701892722577 0)
(0.4126431704876158 0.1264768820094522 0)
(0.4282048639649243 0.141511182003747 0)
(0.4452982326324971 0.1573118811647886 0)
(0.464465430792 0.1729839777052972 0)
(0.4856496980870208 0.1891535361151451 0)
(0.5089379263366455 0.2060153103855717 0)
(0.5345161440390273 0.2228865608696097 0)
(0.5629017634966127 0.2395887978236656 0)
(0.5949267508949312 0.2561809775346452 0)
(0.6309132965211312 0.2716025095233141 0)
(0.6718818667926915 0.283136958631206 0)
(0.7170891119704667 0.2903839911189142 0)
(0.7653710564586087 0.2911596164875677 0)
(0.8151923325154067 0.2818171693981253 0)
(0.8618968011373289 0.2653804705824068 0)
(0.9040560884679014 0.2403584043138643 0)
(0.9386200612853207 0.2108516658150443 0)
(0.9634120844285105 0.180270253890538 0)
(0.9829150666097474 0.1492541475513904 0)
(0.9943637595422199 0.1203308970456856 0)
(0.9983444291194299 0.09405710316525659 0)
(0.997415628814577 0.07062965278838461 0)
(0.992254426416336 0.05231395490039567 0)
(0.9857637377288985 0.03759911247558015 0)
(0.9810540461034709 0.02617682953104483 0)
(0.970561715396377 0.01727101910270697 0)
(0.9607814982047711 0.01064959025984468 0)
(0.9452797632561293 0.004804038908960699 0)
(0.9132624438980115 -0.002372829070611489 0)
(0.8440178892644975 -0.01230911427661596 0)
(0.721848659995766 -0.0220217224754751 0)
(0.571169440764465 -0.02427148884297783 0)
(0.4324489118198389 -0.0175457171036808 0)
(0.3236796713741884 -0.005969436711788366 0)
(0.2425901233456029 0.006890355032372475 0)
(0.1836606206468327 0.01928975769176859 0)
(0.1395604779867895 0.03040789407037196 0)
(0.1065038363140044 0.04057152621686456 0)
(0.07985536853769773 0.04879680088007057 0)
(0.06095319959835056 0.05396197721152574 0)
(0.04506494041839285 0.05716822137150564 0)
(0.03297200854284259 0.05728824061298998 0)
(0.02264441028508726 0.05476059802024311 0)
(0.01510236481545424 0.04962784086719856 0)
(0.009490015362196029 0.04268114292366024 0)
(0.005856060973223517 0.0335679212295943 0)
(0.005973922056809732 0.02288766190298905 0)
(0.008304645743844105 0.01178862341017269 0)
(0.01432177035063273 0.0003765489175008046 0)
(0.02358386601390199 -0.009266007213454695 0)
(0.03297570837633162 -0.01811125163506876 0)
(0.04211146199442799 -0.02574546105834362 0)
(0.0505548733522244 -0.03329504494821919 0)
(0.05873682792102047 -0.04120416528541961 0)
(0.06703500308739643 -0.04830104162811306 0)
(0.07551715285137447 -0.05475445359533159 0)
(0.08419060049403278 -0.06014840975968735 0)
(0.09289348812827322 -0.06420641812946035 0)
(0.1014736911178469 -0.06763211698241769 0)
(0.1103214481682935 -0.07045781105590318 0)
(0.1192854256644763 -0.07309863957668238 0)
(0.1280060481759621 -0.07495717863100844 0)
(0.136363173281343 -0.07599371381010964 0)
(0.1447557859106459 -0.07686871461503192 0)
(0.1530357691457804 -0.07835131152732051 0)
(0.1611731161857772 -0.07900694118859097 0)
(0.1697012280519281 -0.07884221739328739 0)
(0.1779279345133891 -0.07891036372316106 0)
(0.1861684886363278 -0.07833026453197398 0)
(0.193857185017521 -0.07752483914005237 0)
(0.2017525201537083 -0.07649188374507837 0)
(0.2094834176041772 -0.07580552750479631 0)
(0.2170997639720934 -0.07461748395415832 0)
(0.2250361238804149 -0.07338812989956175 0)
(0.2333350048466566 -0.07237701247274642 0)
(0.241218550673716 -0.07069806064672497 0)
(0.2484258142115273 -0.0692284488000245 0)
(0.2556903663751843 -0.06762720059934171 0)
(0.2629092695243029 -0.06610827634168252 0)
(0.2697636420101269 -0.06461943479011915 0)
(0.275998650444357 -0.06359085489922729 0)
(0.282686960075814 -0.06177541514853151 0)
(0.2890056956452877 -0.06004521738943286 0)
(0.2956748705208607 -0.05868510790632315 0)
(0.3015634504288586 -0.05659347605019338 0)
(0.3072309635099855 -0.05493733125885601 0)
(0.3127440388652338 -0.05336206198732146 0)
(0.3177411084665488 -0.05119929073389255 0)
(0.3227631042196708 -0.04852608395502143 0)
(0.3276633396919097 -0.04620309928318322 0)
(0.3322375599963598 -0.04394585980913951 0)
(0.3365695795286102 -0.04189277366655909 0)
(0.340351640030108 -0.03960883544748096 0)
(0.3444521958787505 -0.03732176116546322 0)
(0.3480641994442335 -0.03503204132933187 0)
(0.3513787931870777 -0.03271696221406915 0)
(0.354662751524845 -0.03021677982438154 0)
(0.3580998395810713 -0.02779439635337353 0)
(0.3610261275863633 -0.02544338313525158 0)
(0.3639713290814757 -0.0233880212284659 0)
(0.366862512866766 -0.02105819865764148 0)
(0.3695450036262964 -0.01831569973501215 0)
(0.3717394856464669 -0.01554203958230029 0)
(0.3734197729590754 -0.01237283720464338 0)
(0.37465377032754 -0.008993316183007262 0)
(0.3756470000804696 -0.005098591715086509 0)
(0.3765032294863893 -0.000958379072598402 0)
(0.3770116805339201 0.003510289996071763 0)
(0.3773511780490751 0.008360799535564692 0)
(0.3773276124853768 0.01379129172906079 0)
(0.3771755113823094 0.0196524269672276 0)
(0.3763999129840743 0.02629303743741511 0)
(0.3757241104883808 0.03353144382487241 0)
(0.3746224147659525 0.0417871739002454 0)
(0.3753709635818134 0.05064488693845347 0)
(0.3781613813374733 0.06086908589438358 0)
(0.3825749189134441 0.07206795950762121 0)
(0.3896339998112024 0.0844929739268821 0)
(0.3989550151755968 0.0975755677250465 0)
(0.4102977060763478 0.111534993032499 0)
(0.423842872536349 0.1255853662228078 0)
(0.4389282412882037 0.1407745277477276 0)
(0.4563576160475984 0.1558226835737249 0)
(0.4752866928673423 0.1712272796227264 0)
(0.496649702278637 0.1872681996094607 0)
(0.5198501042170703 0.2036913336002735 0)
(0.5454313752369119 0.2199446721357699 0)
(0.5737461527448766 0.2360510103036181 0)
(0.6056396812391898 0.2519841788980191 0)
(0.6413613290144234 0.2661898828649409 0)
(0.6815711684500152 0.2766756165290939 0)
(0.7256189983480206 0.2830745400931769 0)
(0.7723314056754753 0.2825377590963236 0)
(0.8200602100099086 0.2727954973967408 0)
(0.8644424318153788 0.2568631015852641 0)
(0.9045194444429991 0.2325475950233144 0)
(0.9373395255632577 0.2046396460698003 0)
(0.9611619441976744 0.1757582265386957 0)
(0.9803813952341661 0.1462814420648433 0)
(0.9917494395011242 0.1188877382955257 0)
(0.9961275371637682 0.09366772431641343 0)
(0.995824598887163 0.07102868056560127 0)
(0.9914254359811689 0.0532087964125456 0)
(0.9853603052648545 0.03877216220754259 0)
(0.981076467759699 0.02756140532614462 0)
(0.971953793617421 0.01871026255647996 0)
(0.9630111387302134 0.01209302832250361 0)
(0.9504136334204522 0.006703091611362215 0)
(0.9265475066931514 0.0005190627471388239 0)
(0.875251241858783 -0.007952360631273117 0)
(0.778174391325709 -0.01805264658417362 0)
(0.6437602154332577 -0.0237533075461653 0)
(0.5067948502485964 -0.02127672948429097 0)
(0.3919241195222264 -0.01265374452151751 0)
(0.3026772933199849 -0.001680361264979531 0)
(0.235067806367618 0.00996089708916109 0)
(0.1845599352657866 0.02089037687747537 0)
(0.1460014675391349 0.03094108470778628 0)
(0.1152105354610758 0.03944121690807696 0)
(0.09265744293235859 0.04516141276359169 0)
(0.07387649362079572 0.04915045422299289 0)
(0.0605230678478953 0.04971114358087566 0)
(0.0490217026604456 0.04771258997567538 0)
(0.0406292970634438 0.0433972235544211 0)
(0.03499082645520969 0.03695334586189717 0)
(0.03144934042513146 0.02844835868832725 0)
(0.03044477028403109 0.01845909763139835 0)
(0.03347035214910386 0.007302703432013001 0)
(0.04024202264147779 -0.003520090864240695 0)
(0.04938573635096369 -0.01305030422304101 0)
(0.05965273716782595 -0.02180219415066885 0)
(0.06888085980004877 -0.02913766150025691 0)
(0.07813906361485889 -0.03667939712056281 0)
(0.08648198396070025 -0.04421469918081505 0)
(0.09450689899786746 -0.05147956371374111 0)
(0.1029428953541142 -0.05792612672049446 0)
(0.1114220743083623 -0.06329372980683198 0)
(0.1196660321367926 -0.06727339380102304 0)
(0.1279835642495968 -0.07078162237847606 0)
(0.1364929594895486 -0.07382772273706259 0)
(0.1451183407773864 -0.07622015520014278 0)
(0.1531015164311455 -0.07797793255789032 0)
(0.1609881213955404 -0.07888984485020278 0)
(0.1689836892782461 -0.07965925543660078 0)
(0.1766384532860597 -0.08120768792331184 0)
(0.184476438133884 -0.08191221863123931 0)
(0.1924652024641111 -0.08168324497573155 0)
(0.2002371407504941 -0.08175292495314933 0)
(0.2077827166108282 -0.08104688588872336 0)
(0.2152261017551279 -0.08018430972589061 0)
(0.2226515904392183 -0.07924041325299054 0)
(0.2301257599004245 -0.07849761090485663 0)
(0.2375885844152929 -0.07731640072213025 0)
(0.2450390418611821 -0.07621130494561404 0)
(0.2528127750126422 -0.07511750247561051 0)
(0.2599936549306098 -0.07331959533750464 0)
(0.2668904698101011 -0.07171910196001269 0)
(0.2737675189911027 -0.07016855617902093 0)
(0.2805248865686962 -0.06851339357799423 0)
(0.2869039676355961 -0.06687511172287998 0)
(0.2929277694214202 -0.06585246230832406 0)
(0.2990734285251623 -0.06402116609918304 0)
(0.3050168785330288 -0.06227400170984122 0)
(0.3110948595529928 -0.0608020721923426 0)
(0.3165901486686386 -0.05860247196227798 0)
(0.3221148659025767 -0.05687294313318712 0)
(0.3270846902652722 -0.05517798709673696 0)
(0.3317110628826873 -0.05295317191011627 0)
(0.3365940499766453 -0.05025738595298784 0)
(0.341229080445061 -0.04789248959724621 0)
(0.3454129412678267 -0.04545656246460887 0)
(0.3493308216714723 -0.04325793518338138 0)
(0.3526905020324558 -0.04098683266644881 0)
(0.3564278379888021 -0.03868926670111019 0)
(0.3597663294716819 -0.03620141881605399 0)
(0.3630739721924923 -0.03394947052174307 0)
(0.3660739191793673 -0.03141241484544398 0)
(0.3692135471135741 -0.02893902443992341 0)
(0.3721890192927922 -0.02651789460544947 0)
(0.3748700922962819 -0.02441221787852586 0)
(0.3773225234753778 -0.0220151520723493 0)
(0.3799546267042089 -0.01921949039358327 0)
(0.3821005367717401 -0.01621675615956207 0)
(0.3835918250873545 -0.01291944104109703 0)
(0.3847665577518399 -0.009460333340498029 0)
(0.3858545006908343 -0.005524515698764845 0)
(0.3865778158324903 -0.001312036558300067 0)
(0.3871551830429026 0.003242057327696963 0)
(0.3874478123666877 0.008161064163055901 0)
(0.3876006593098321 0.01362563242752401 0)
(0.3872677337905925 0.01966757266921988 0)
(0.386971362443752 0.02626444015203096 0)
(0.3861060143536543 0.0337303253899208 0)
(0.3855286405786306 0.0418342357330473 0)
(0.3861443090273514 0.05094756407957651 0)
(0.3889538012694781 0.06091554534882893 0)
(0.394033182112209 0.07200864955789746 0)
(0.4011047660572801 0.08425649065832569 0)
(0.4102990229200433 0.09731350473562922 0)
(0.4217061466270767 0.1109253248859827 0)
(0.435239578079976 0.1247437268613534 0)
(0.450053009509183 0.1397878996244873 0)
(0.4676914129610807 0.1542023318096035 0)
(0.4866194340523955 0.1695595543392762 0)
(0.5079572322950201 0.1851993649648154 0)
(0.5311272149365336 0.2010209567543298 0)
(0.5565848459083043 0.2167375655938304 0)
(0.5848977825175049 0.232321722919154 0)
(0.6164042737046269 0.2473819608835612 0)
(0.651778265777485 0.2604941346257424 0)
(0.6911379723636369 0.2698992863030307 0)
(0.7338653789376097 0.2753801867676575 0)
(0.7789909494334433 0.2737545729137326 0)
(0.8246755908992957 0.2640320131571904 0)
(0.8667392124301166 0.2483918875930235 0)
(0.9050688042908221 0.2248453897855546 0)
(0.9361506375755815 0.1984841509495577 0)
(0.9591798659707749 0.1711658168855264 0)
(0.9780140984850911 0.1433300626770232 0)
(0.9892613634870382 0.1173016193406896 0)
(0.994041895000906 0.09321096134251775 0)
(0.9942816566665891 0.07137498909732594 0)
(0.9906550389451343 0.0540377016549608 0)
(0.9850163329273929 0.03987199036406816 0)
(0.9810544650784702 0.02886546747373284 0)
(0.9729426452431684 0.02008669845252016 0)
(0.9648207529175588 0.01344364823323566 0)
(0.9545182205076753 0.008378086529126092 0)
(0.9366492216953555 0.002995007879860342 0)
(0.8993463669600719 -0.00402009968418627 0)
(0.8249916723052737 -0.01356937298590968 0)
(0.7109399150112764 -0.02140516158718356 0)
(0.5820295721798482 -0.02282440215470444 0)
(0.4639368793728491 -0.01772716922302452 0)
(0.3675090777337154 -0.009118957863199616 0)
(0.2922536432858809 0.001382201259119321 0)
(0.2355748208373403 0.01152844632417883 0)
(0.1906768661454626 0.02139867541933835 0)
(0.1556518586697721 0.02989092159926725 0)
(0.1286550193494035 0.03602658483351244 0)
(0.1074308239731967 0.04039010987874582 0)
(0.09127948526188823 0.04172406137192247 0)
(0.07875193242829914 0.04018211123708768 0)
(0.0688233027037302 0.03670783689389674 0)
(0.06327002900981797 0.03079908615741758 0)
(0.06029693447819571 0.02286425883280374 0)
(0.05820295175508802 0.01350756330241112 0)
(0.06159371942054644 0.002513368630502922 0)
(0.06877884293066353 -0.007824243178414743 0)
(0.07821882107298503 -0.01711633208140414 0)
(0.0887715441056678 -0.02573003785999783 0)
(0.09831853108951347 -0.03283608606477414 0)
(0.107711670030549 -0.04013380137558287 0)
(0.1162188520159492 -0.04742539584051962 0)
(0.1241841542557703 -0.05467097896457417 0)
(0.132260763707812 -0.06115777430549822 0)
(0.1405200495563167 -0.0665173075860043 0)
(0.1482210041105959 -0.07024305618104945 0)
(0.1563383891148556 -0.07387544270379995 0)
(0.1644759179292 -0.07707261851123766 0)
(0.1725121825774098 -0.07918505270758563 0)
(0.1798236371852812 -0.08079854566121585 0)
(0.1870884103457862 -0.08165579482573067 0)
(0.1945506629005416 -0.08258914401857777 0)
(0.2018644932136591 -0.08402694380320179 0)
(0.2093606727968222 -0.08477991611192405 0)
(0.2169222717391547 -0.08457225522155234 0)
(0.2241777372445226 -0.08444240770705834 0)
(0.2311452288901715 -0.0837546932252824 0)
(0.2382356354616859 -0.0828360495614759 0)
(0.2453478523375281 -0.08197297778912351 0)
(0.2524245877115647 -0.08120298979577154 0)
(0.259449403136946 -0.07998024571214582 0)
(0.2663016995131399 -0.0788995544591745 0)
(0.2733348941447689 -0.07772447484710525 0)
(0.2799101351530021 -0.07590047503270166 0)
(0.2865397908661419 -0.0741615901197305 0)
(0.2929908596567127 -0.0726614470783068 0)
(0.2993492926086843 -0.07084123302895387 0)
(0.3054503200009666 -0.0691086914076291 0)
(0.310945753897536 -0.06800455865121116 0)
(0.3163349515830183 -0.06616446418929126 0)
(0.3219265754476301 -0.06442156842145948 0)
(0.3273637966695533 -0.06282794308698668 0)
(0.3325928950985004 -0.06059186126707146 0)
(0.3378321693479664 -0.058752873850471 0)
(0.3422832880102386 -0.05689789512027283 0)
(0.3466032244394419 -0.05467806330562996 0)
(0.3512369341389238 -0.05198644011105633 0)
(0.3554825180594042 -0.04950435184039353 0)
(0.3592560665762239 -0.04686630978842891 0)
(0.3627450407195801 -0.04454046073745452 0)
(0.3659600184442439 -0.04229707009659565 0)
(0.3692610449591177 -0.03996855807346647 0)
(0.3723281598259067 -0.03737830391392856 0)
(0.375406942128133 -0.03509508884359588 0)
(0.3783912185860114 -0.03257884036283679 0)
(0.3810966798797001 -0.03005524143715589 0)
(0.3839157962924747 -0.02762097410729394 0)
(0.3865709196613932 -0.02539109158252404 0)
(0.3887829195970399 -0.02294122670436976 0)
(0.3910292185614559 -0.02014504198286129 0)
(0.3930327093925726 -0.01692722083432502 0)
(0.3946012780245396 -0.01345566779394293 0)
(0.3957823512299282 -0.009929385473732729 0)
(0.3966878001728182 -0.005973132130656931 0)
(0.397495324476424 -0.001656021404107027 0)
(0.3980500324304864 0.002953280114128152 0)
(0.398320653935604 0.00794741200508234 0)
(0.3983521806976595 0.01351964061692411 0)
(0.3980044134559539 0.01958206802131153 0)
(0.3977628090887876 0.02624452890119457 0)
(0.397033420122009 0.03379610966158486 0)
(0.3967653879590757 0.04189740254632768 0)
(0.3973583539588157 0.05107486991062368 0)
(0.4002561616455491 0.06088313154105193 0)
(0.4058748783346298 0.07182956847262743 0)
(0.4128646928086605 0.08388392740088425 0)
(0.4219122572399646 0.09692722226068534 0)
(0.4335219701609236 0.11009620818264 0)
(0.4467402059357759 0.124007751312453 0)
(0.4618462095093765 0.1383296485590419 0)
(0.4792578318790999 0.1526649093974286 0)
(0.4984148886924164 0.1677104807380108 0)
(0.5194779608165514 0.1828487088346318 0)
(0.5427072963279269 0.1980669495815869 0)
(0.5679896581465305 0.2132824689119649 0)
(0.5961822244039637 0.2283754512521766 0)
(0.6272756598701807 0.2425580511663732 0)
(0.6621833027818066 0.2544523045765402 0)
(0.7005882829817085 0.2630844759466199 0)
(0.7419788762804573 0.26761814778377 0)
(0.7855909704676636 0.2649657194347682 0)
(0.8291311436944925 0.255266657691603 0)
(0.8689963947499091 0.2400193776332885 0)
(0.9056480139871004 0.2173167965408814 0)
(0.9350143101957606 0.1925128311406783 0)
(0.9573824580943716 0.1666354262642477 0)
(0.9757928924743057 0.1403749228032212 0)
(0.986888264929078 0.1156341853368794 0)
(0.992005457946542 0.09260734395920293 0)
(0.9927162493620103 0.07161282059031307 0)
(0.9897964651908242 0.05477578379054254 0)
(0.9846995287943312 0.04090555282564661 0)
(0.980997164748283 0.03008921194841567 0)
(0.9737984855330741 0.02140779171765898 0)
(0.9663563590057418 0.01473343447973965 0)
(0.9577006360663775 0.009845148782337266 0)
(0.9438447613305978 0.005044981750597417 0)
(0.9170489590528134 -0.0006881421278676863 0)
(0.862444387516268 -0.008998435394237192 0)
(0.7703775664156637 -0.01773353539007124 0)
(0.6548262091892066 -0.02226252429980416 0)
(0.5388790902093954 -0.02083596655775415 0)
(0.4372487810800271 -0.01488306595291589 0)
(0.3558199709431216 -0.006372390626029595 0)
(0.2914555662760578 0.002891451186317381 0)
(0.2410019006072921 0.01214114638879413 0)
(0.2013035254376822 0.02036731655814976 0)
(0.1692549252345281 0.02672466740436279 0)
(0.1454453026105985 0.03133369093563101 0)
(0.1262943124639612 0.03332424099286235 0)
(0.1120288548193202 0.03228398336364773 0)
(0.1008089264061714 0.02945058696837046 0)
(0.09472768233813927 0.02411264969856784 0)
(0.09143458399494042 0.01673735764486837 0)
(0.09044005272621805 0.007825121578789153 0)
(0.09278721043005983 -0.002337652874869364 0)
(0.100080711887161 -0.01241281505283521 0)
(0.1102971448400736 -0.02155725315044134 0)
(0.1202647785005061 -0.02971938540982118 0)
(0.1304079790501911 -0.03680378742827621 0)
(0.1394555334945239 -0.04362460467892839 0)
(0.1480505666940777 -0.05077667931577769 0)
(0.1562184289265434 -0.05781955572655739 0)
(0.1637603645580486 -0.06436796246954608 0)
(0.1711675119802586 -0.0695608638945617 0)
(0.178721970515016 -0.0733076863192889 0)
(0.1864704166440397 -0.07703325035359621 0)
(0.1939668142543884 -0.08003555353681736 0)
(0.2014702983600797 -0.08200564327889159 0)
(0.2083254144363352 -0.08347230209039985 0)
(0.2148780911962191 -0.08438822129357088 0)
(0.2218714113837874 -0.08544507247762918 0)
(0.2289578300055219 -0.08677995490731047 0)
(0.2360824671906717 -0.0875471859484685 0)
(0.2431932426102997 -0.08739828830136774 0)
(0.2498742823114773 -0.08699997082005927 0)
(0.2563400873358829 -0.0864066003059968 0)
(0.2628940537551867 -0.08545900338715262 0)
(0.269617365025791 -0.08463569999542447 0)
(0.2761028896272314 -0.08377874402544394 0)
(0.2825289826294944 -0.08251197723527282 0)
(0.2888928955546559 -0.08141259121284825 0)
(0.29510484586863 -0.080187234694829 0)
(0.3011651537017472 -0.07839518246851075 0)
(0.3073383943915499 -0.07656957204331746 0)
(0.3134927527964667 -0.07510482298097455 0)
(0.3192783335018075 -0.07310915145661252 0)
(0.3250297810229171 -0.07129215461031925 0)
(0.330048622063545 -0.07000278934850236 0)
(0.3347891950497276 -0.06815353413896066 0)
(0.3398456848457656 -0.06645396913857353 0)
(0.3446555889158007 -0.06477546977958994 0)
(0.3495480779183759 -0.06254116759036107 0)
(0.3541972610707611 -0.06050662254644237 0)
(0.3582889147952466 -0.05855422208325513 0)
(0.3623056115108486 -0.05633617179266355 0)
(0.3664385004315156 -0.05361859131129042 0)
(0.3701575010064553 -0.05100038191731715 0)
(0.3736272954864547 -0.0482147236829323 0)
(0.3768460409372682 -0.04580575439853723 0)
(0.3800183624693644 -0.04354376465070417 0)
(0.3828592259928396 -0.04115523993738029 0)
(0.3857525636866641 -0.03857439111719434 0)
(0.3885574840268826 -0.03621486008191289 0)
(0.3913993127388808 -0.03364047253506877 0)
(0.3939517007415784 -0.03114762864676153 0)
(0.3964752870598944 -0.02869252084167197 0)
(0.3988967729634815 -0.02633074201766435 0)
(0.4009458041187816 -0.02381975246034587 0)
(0.4028295609516822 -0.02096473929270284 0)
(0.4045509547840428 -0.01767849946957315 0)
(0.4061292386673485 -0.01409034771204544 0)
(0.4074263948559194 -0.01043826110196996 0)
(0.4083722614768903 -0.006422073068032635 0)
(0.4091797885643182 -0.001995710303041466 0)
(0.4096022404848471 0.002670435804398411 0)
(0.4097930434170537 0.007779425929891595 0)
(0.4095717633248205 0.01345312134756576 0)
(0.4094389413739117 0.01949626132171671 0)
(0.4088286544170938 0.02628480253069786 0)
(0.4085921324502303 0.0336364405055725 0)
(0.4083340962925509 0.04202778736063821 0)
(0.4091510748532927 0.05095641550655552 0)
(0.4124422263569782 0.06079232915431045 0)
(0.4178124268012955 0.07159630504193577 0)
(0.4249854471444766 0.0834517820717299 0)
(0.4339641546209886 0.0962820944985387 0)
(0.4456838303570397 0.1091635150283202 0)
(0.4585512736163193 0.1230971181376206 0)
(0.474023096254607 0.1367072831334913 0)
(0.4912239301720069 0.1511073672947321 0)
(0.5103572037345646 0.1655857857097668 0)
(0.5314971398449875 0.1802297776266967 0)
(0.5545125106611271 0.1949151853574775 0)
(0.5798084758077827 0.2096971100007598 0)
(0.60755145711748 0.2241258291173418 0)
(0.6383670652359045 0.2372600511680764 0)
(0.6725308965142696 0.2481292263129829 0)
(0.709934367821748 0.2560223529922436 0)
(0.7499592013469483 0.2596682827769509 0)
(0.7920268239635678 0.2561419161654312 0)
(0.8334018381458714 0.2465717876807762 0)
(0.8712855351058738 0.2317070301867769 0)
(0.9062563273383003 0.2099719655072051 0)
(0.9340901841858915 0.1866135265198742 0)
(0.9558334970974161 0.16213146142424 0)
(0.9737177995992754 0.1373784580286793 0)
(0.9846392387160191 0.1139477407652978 0)
(0.9900319553044263 0.09192016508700535 0)
(0.9911562857624591 0.07179143399261745 0)
(0.9888775673629253 0.05541137745075259 0)
(0.9843719207624886 0.04186036811556854 0)
(0.9809883410127629 0.03124518628031193 0)
(0.9746576298015966 0.02267377297879799 0)
(0.9677013268040233 0.01594315419155633 0)
(0.9603055909717428 0.0111693991963821 0)
(0.9492948125246521 0.006786269462731705 0)
(0.9299433244451796 0.002023116255899368 0)
(0.8908329923053494 -0.004791892256832306 0)
(0.8202349060255929 -0.01333281573039168 0)
(0.7220223470329264 -0.01990479727482265 0)
(0.6130071335190895 -0.02167260269297769 0)
(0.5100923201698926 -0.01877717601103923 0)
(0.4252118868497711 -0.01298219343309298 0)
(0.353108873170628 -0.00473758854004243 0)
(0.2966991374462349 0.003335135979975995 0)
(0.2519452785843176 0.01126365421235742 0)
(0.2150498733648853 0.01737273829902686 0)
(0.1880816436890854 0.02212220415162186 0)
(0.1661758304615732 0.02435850329758316 0)
(0.1494362842385346 0.02424119202254485 0)
(0.137239075821817 0.0215633592368405 0)
(0.1300620249356485 0.01683758368281504 0)
(0.1254286465936174 0.01026046813670126 0)
(0.1255700444276581 0.001857830880751362 0)
(0.1270690548365041 -0.007327576785188699 0)
(0.1346229462585428 -0.01726163977434757 0)
(0.1446528300355071 -0.0261137789634264 0)
(0.1546471043434007 -0.03390717268086954 0)
(0.1647141928582538 -0.04087810268843389 0)
(0.1738778668920316 -0.04743274229888259 0)
(0.1821778485463558 -0.05415360278414096 0)
(0.1903555329704886 -0.0611895872183836 0)
(0.197709595520191 -0.06733057595230491 0)
(0.204393882308851 -0.07249064700774532 0)
(0.2114001448452372 -0.07634844157832785 0)
(0.2184101927359454 -0.08005654490832093 0)
(0.2251138137547103 -0.08299882382833802 0)
(0.2321907250650875 -0.08488824615133751 0)
(0.2386516129494786 -0.0860907866998437 0)
(0.2445795083678722 -0.08701446258053101 0)
(0.2514251768531454 -0.08818684156679951 0)
(0.2581196899156406 -0.08947186053753962 0)
(0.2645447677825355 -0.09034949664099887 0)
(0.2709309246856886 -0.0899907046998091 0)
(0.2773026071219434 -0.08951984921776442 0)
(0.2832731380265689 -0.08890031029925867 0)
(0.2892919186816437 -0.08794171139761918 0)
(0.2953790594030065 -0.08711753879871414 0)
(0.3012591466543754 -0.08618286606934793 0)
(0.3071882463343946 -0.08495862799658249 0)
(0.3129262094434417 -0.08374929006892128 0)
(0.3183212960798364 -0.0824943658468614 0)
(0.3239069697746796 -0.08076585651440538 0)
(0.3295670121132348 -0.07891632023102005 0)
(0.3351411974092449 -0.07739719555710388 0)
(0.3401509936176185 -0.07525184472388016 0)
(0.345482299237336 -0.0734100743710716 0)
(0.3501128006642432 -0.07189435909223386 0)
(0.354472469635381 -0.06997179964992849 0)
(0.3589134240473986 -0.06830100698528932 0)
(0.3630740420226032 -0.06660205194984604 0)
(0.3673654389730909 -0.06432049729319868 0)
(0.371274565723922 -0.06214072173523491 0)
(0.3751141023965542 -0.06016632971569451 0)
(0.3787908164151 -0.05789469508341146 0)
(0.3823484291256589 -0.05510113352773241 0)
(0.3854859081956971 -0.05236539195952726 0)
(0.3886771922728307 -0.04953583434149933 0)
(0.3916307146332745 -0.04704351842192132 0)
(0.3946459321157124 -0.04471602817223571 0)
(0.3972834057120407 -0.0422683407032321 0)
(0.3999724787630492 -0.03978094448522003 0)
(0.4026069224296005 -0.03733931253029746 0)
(0.4052182362705575 -0.034655347310606 0)
(0.4075963904475871 -0.032151245157962 0)
(0.4099972803788182 -0.02970327725210418 0)
(0.4120742009822256 -0.02722049396297577 0)
(0.4137664633485068 -0.02463178081555613 0)
(0.4153196753769685 -0.02169618007320447 0)
(0.4168071743035932 -0.01841034337113649 0)
(0.4182865989724587 -0.01479944869033381 0)
(0.4196812854728308 -0.01099617919676424 0)
(0.4206496507809274 -0.006852621378854846 0)
(0.4213372292518526 -0.002359929655448473 0)
(0.4217477104795964 0.002449066108840449 0)
(0.4217721145617073 0.007658297529972262 0)
(0.4216507835643303 0.01335702195623497 0)
(0.421387947734373 0.01949799303654608 0)
(0.4208422171314472 0.02620768566241798 0)
(0.4207250472913809 0.03352898541868496 0)
(0.4205558330125225 0.04197420552696425 0)
(0.4215467690283627 0.05075475536823536 0)
(0.4250886254485218 0.06063767013981475 0)
(0.4302023214190079 0.07131616137361511 0)
(0.4375804747923105 0.08298576775106699 0)
(0.4466934725096627 0.09540641906388329 0)
(0.4579538032198364 0.108385365328233 0)
(0.4711852869710069 0.1217546004254697 0)
(0.4866433664495497 0.1351365735890846 0)
(0.5035020302366959 0.1493854443549059 0)
(0.5227981380933516 0.1632452033471799 0)
(0.5437775810661511 0.1773074994538274 0)
(0.5666299747493782 0.1915844627082233 0)
(0.5919090406640839 0.2057826078632061 0)
(0.6189902528629543 0.2196351493794373 0)
(0.649435883723021 0.2317026460078593 0)
(0.6828983812680638 0.2416089232202487 0)
(0.7192130599574937 0.2487875883550488 0)
(0.7578839655005909 0.2514532228674537 0)
(0.7982979108306515 0.2473238327223801 0)
(0.8375995870139386 0.2379570609376343 0)
(0.8737666815889283 0.2233098209154852 0)
(0.9070764360561984 0.2027596045334959 0)
(0.9333855031216698 0.1807536791970828 0)
(0.9544712234076766 0.1576414746546077 0)
(0.9718289277168145 0.1343082255562434 0)
(0.9825044812145679 0.1121856956803112 0)
(0.988149976296849 0.09108915224254371 0)
(0.9896589917366816 0.07177761948177862 0)
(0.9880558442581767 0.05596202953229872 0)
(0.9840820987226189 0.04270439267084945 0)
(0.9810551302266106 0.03232404542739964 0)
(0.9754994484222592 0.02386822934859172 0)
(0.9689812430050182 0.01710727035993899 0)
(0.9624248564437777 0.01236340979440917 0)
(0.9535153654713243 0.008255727148003876 0)
(0.9394085429985046 0.004214399690476788 0)
(0.9116995924064963 -0.001236191560196202 0)
(0.8599353984010911 -0.008803634377636958 0)
(0.781235496374751 -0.01625733877287033 0)
(0.683131579429498 -0.02042117673610832 0)
(0.5857673228799916 -0.02094088290872149 0)
(0.4967797183968045 -0.01747515665959998 0)
(0.4209539464289561 -0.01142591959336145 0)
(0.3578490430092379 -0.004571450651058607 0)
(0.3082351330046288 0.002567750671043932 0)
(0.2667087435361388 0.00823043455020933 0)
(0.235814494031019 0.01290077103585022 0)
(0.2110992188114427 0.01520842583701109 0)
(0.1915968565078172 0.01590627270039509 0)
(0.1782244745154382 0.01330602615177982 0)
(0.1693441591745663 0.009231304675796819 0)
(0.1636261049581002 0.00336749749622552 0)
(0.1630646091017688 -0.004303827066723955 0)
(0.1656931232691834 -0.01300728437462736 0)
(0.1723905788903847 -0.02218661184362178 0)
(0.1816942217109389 -0.03062445369870113 0)
(0.1922196372693775 -0.03832552673678241 0)
(0.2015648187553159 -0.04497020729283555 0)
(0.2109938115145486 -0.05136807325549189 0)
(0.2186927067607121 -0.05758428002551239 0)
(0.2264594236839192 -0.06460325802803973 0)
(0.2336836575893277 -0.07022236564494115 0)
(0.2399660898797842 -0.07523250859554598 0)
(0.246329648799783 -0.07929997273605122 0)
(0.2526601499086816 -0.08274937541868223 0)
(0.2586797923147625 -0.08574274564747804 0)
(0.2649272111395249 -0.08759328252394251 0)
(0.2709157466282674 -0.08851547783226091 0)
(0.2766579333320862 -0.08955169822851303 0)
(0.2828997935776622 -0.09093833975661761 0)
(0.2890858199980502 -0.09213733769447262 0)
(0.2948412048716368 -0.09285235031902964 0)
(0.3005050645925764 -0.09248094447057045 0)
(0.3064413479606288 -0.09203520770226843 0)
(0.311862012491986 -0.09115923902532816 0)
(0.3173913575160502 -0.09036406141091 0)
(0.322860543267722 -0.08938757464526512 0)
(0.3280237835943861 -0.08851122271260417 0)
(0.333354019022679 -0.0872409879044112 0)
(0.3384250215598796 -0.0859145695039058 0)
(0.3432454760378543 -0.08462486077261619 0)
(0.3481654339667729 -0.08298068064234325 0)
(0.3530765619000301 -0.08108423785434912 0)
(0.3578107388788808 -0.079428838031269 0)
(0.3622482877035296 -0.07725146053922281 0)
(0.3669042239290194 -0.075384903550286 0)
(0.3711177931241896 -0.07369240007763482 0)
(0.3750340444519836 -0.07169106012997939 0)
(0.3790423404889599 -0.06998625275347133 0)
(0.3825453261095784 -0.06820124890585835 0)
(0.3860986595736971 -0.06588706534985699 0)
(0.3894575771787789 -0.06363929070148279 0)
(0.3928456041597238 -0.06168076364232163 0)
(0.39594255499614 -0.05927140457011281 0)
(0.3989838169770205 -0.05644029049937949 0)
(0.4018178145666564 -0.05357609042110718 0)
(0.4045032675458705 -0.05080725057076833 0)
(0.4072885088442733 -0.04825691649710448 0)
(0.4099501129282789 -0.04586960384341457 0)
(0.4126102375056286 -0.04335286752949299 0)
(0.4151068236401571 -0.04093763513260149 0)
(0.4176060756670047 -0.0384286967338372 0)
(0.4199497326895442 -0.03568047312342706 0)
(0.4220019983112669 -0.03306584184926126 0)
(0.4240753633543622 -0.0305879176545444 0)
(0.4259475833808865 -0.02798848314610571 0)
(0.4275234168366476 -0.0252933607176359 0)
(0.4288601159135597 -0.02234310010421267 0)
(0.4301435407763851 -0.01905364701918528 0)
(0.4314089123405288 -0.0154305763593987 0)
(0.4325770139304974 -0.01158162314156828 0)
(0.4335502161868008 -0.00725468951603438 0)
(0.4340580004616237 -0.002708599782049541 0)
(0.4343454638183323 0.00224281417881066 0)
(0.4343575798903988 0.007498397920288996 0)
(0.4345541328698159 0.01326040536618074 0)
(0.4339758899533045 0.01948931463695337 0)
(0.4338556586286051 0.02608010460053174 0)
(0.4332264187106846 0.03350326102246364 0)
(0.4334876469768097 0.0416998591469537 0)
(0.4348331899963537 0.05063616766456165 0)
(0.4381031691175161 0.06036478001722475 0)
(0.4432537758298813 0.07095736850193182 0)
(0.4505803191608504 0.08244225535920915 0)
(0.4597982436896597 0.09443480942849189 0)
(0.4707406782233723 0.1074528082444744 0)
(0.4843510666728694 0.1202035510401188 0)
(0.499414363897949 0.1335436063289778 0)
(0.5162526240241486 0.1472630891517335 0)
(0.5356495155522601 0.1606244380768992 0)
(0.5563408209555899 0.174189538328157 0)
(0.5790895206101568 0.1881123224177495 0)
(0.6037556255021479 0.2016124098428207 0)
(0.6308617320720699 0.214696036290098 0)
(0.6604099571045168 0.2259463345924166 0)
(0.6932779009886156 0.2349707730693633 0)
(0.7283574371617314 0.2413949587682967 0)
(0.7658245384301857 0.2430175763585386 0)
(0.804515443521412 0.2385829629709943 0)
(0.8418289718455036 0.2294954597261244 0)
(0.8763487440885829 0.2151273868526596 0)
(0.9078914146701322 0.1957619507891386 0)
(0.9327928209795801 0.1750568894915552 0)
(0.9532274009676789 0.1531897996994312 0)
(0.9700680095857974 0.1312652963810942 0)
(0.980509288370859 0.1103107656471724 0)
(0.986403469702418 0.09028330947001442 0)
(0.9882840143296734 0.07169672665099538 0)
(0.987345979324766 0.0564248525472633 0)
(0.9838697305032647 0.04345692481995057 0)
(0.981189494046484 0.03330380940009147 0)
(0.976332148884666 0.02500875386750654 0)
(0.9702966182028081 0.01821200465534498 0)
(0.964272414943651 0.01348866778076792 0)
(0.9568608057805845 0.009529795484105012 0)
(0.9463105880637517 0.005973147488999355 0)
(0.9268510783063193 0.001652602681072772 0)
(0.8901552982565888 -0.004612399114267295 0)
(0.8292990923298552 -0.01185797711949261 0)
(0.7485096011778438 -0.0177776510442067 0)
(0.6580808099330253 -0.02074641944129275 0)
(0.5708201895502241 -0.0201365915530492 0)
(0.4926884024861697 -0.01663548818473575 0)
(0.4253562447950948 -0.01149194101458149 0)
(0.3698641523022508 -0.005465869633361501 0)
(0.3245310594142182 -0.0004593785456627708 0)
(0.2891769615716404 0.003889412234867265 0)
(0.2613120242559676 0.006103755977055906 0)
(0.239238405610517 0.007104241444556855 0)
(0.2236637763748109 0.005034340205711583 0)
(0.212913402252752 0.001350038321901003 0)
(0.2064012375811341 -0.003652083322119523 0)
(0.2040733047443784 -0.01060130989588481 0)
(0.2078986926168412 -0.01895851866310753 0)
(0.213425513489553 -0.02718258955839713 0)
(0.2222061311564525 -0.03525067717324323 0)
(0.2326345274802789 -0.04280702251318787 0)
(0.2418485713278876 -0.04917455605429575 0)
(0.2502528667657383 -0.05504330406381262 0)
(0.258294585080445 -0.06135028275811895 0)
(0.2652487509850088 -0.06771644876267702 0)
(0.2716872339891719 -0.07313123447586561 0)
(0.2778415920712473 -0.07802368214206022 0)
(0.2838618403812765 -0.08205566346158295 0)
(0.2895630206607023 -0.08534311155572157 0)
(0.2948531077823096 -0.08816767320690196 0)
(0.2998513548221355 -0.09011295254163011 0)
(0.3051496322462546 -0.09098069394555754 0)
(0.3106665417745832 -0.09213811917310497 0)
(0.3162534034858343 -0.09354418217282486 0)
(0.3219498333093274 -0.09452772453496687 0)
(0.3269412139334713 -0.09507721140191321 0)
(0.3319444734586509 -0.09490319662602577 0)
(0.337059373151348 -0.09428319212354082 0)
(0.341936378605547 -0.09340040171313038 0)
(0.3468607800576411 -0.0925612257704496 0)
(0.3517586902069273 -0.09156810331818654 0)
(0.3564009424202728 -0.09058361150445676 0)
(0.3608631328637228 -0.08939216516327605 0)
(0.3655364740134086 -0.08793195212766365 0)
(0.3696547427946666 -0.08650106807777649 0)
(0.3736134843382951 -0.08492065684059764 0)
(0.3776700228458337 -0.08297456381939888 0)
(0.381611919533569 -0.08122445989031214 0)
(0.3855279158151921 -0.07907272494863626 0)
(0.3894970613319306 -0.07715504551629272 0)
(0.3932596316040223 -0.07537123795818737 0)
(0.3965850321535539 -0.07325324474761086 0)
(0.4000287937622325 -0.07150300578716209 0)
(0.4030560582463024 -0.06956155516324437 0)
(0.4058605788358077 -0.06726541391753377 0)
(0.4087949824612167 -0.06497824352000756 0)
(0.4115942338083434 -0.06298537468222129 0)
(0.4139882232657472 -0.06047416718200057 0)
(0.4164992589557611 -0.05766463724774552 0)
(0.4191493981807199 -0.05470038833544261 0)
(0.4215442728865325 -0.05193080402792736 0)
(0.4239285992431947 -0.04938904123994305 0)
(0.4262992683925802 -0.04701432020391165 0)
(0.4287439467548481 -0.04443155334712187 0)
(0.4311740253412885 -0.04201373218250209 0)
(0.4333766154319742 -0.03947679696205503 0)
(0.4353238256083913 -0.03663639483456299 0)
(0.4372227691802415 -0.03397017301162741 0)
(0.4389905702775769 -0.0313876362140346 0)
(0.4405583612827932 -0.0287085045396244 0)
(0.4420156984974458 -0.02587005635729629 0)
(0.4431279786472277 -0.02290084796905248 0)
(0.4442328107263815 -0.0196332789956179 0)
(0.4452696722144578 -0.01595734045324529 0)
(0.4461478065508072 -0.01208250406836397 0)
(0.446881319518277 -0.007711599899963866 0)
(0.4473700251710921 -0.002972227887424762 0)
(0.447669307147861 0.001981278621941575 0)
(0.4477987495480757 0.007296069744629841 0)
(0.4478305094064873 0.01312990938601775 0)
(0.4476352052716077 0.01940397806451554 0)
(0.4473612101436563 0.02606102664266112 0)
(0.4466386566589264 0.03339917796237735 0)
(0.4469552951754335 0.04144523283506296 0)
(0.4486287939919648 0.05042234600978948 0)
(0.4515484041087527 0.06001401238477275 0)
(0.4567021270240057 0.07054333713627664 0)
(0.4638956614710825 0.08176506747683281 0)
(0.4731038654419126 0.09360089986651159 0)
(0.4842694224853138 0.1061627274585874 0)
(0.4979010698101187 0.1185963014671473 0)
(0.5127526106078881 0.1318549479101453 0)
(0.5298479755899013 0.1448315917200009 0)
(0.5488375741180918 0.1577909156442401 0)
(0.5693221909286597 0.1710761900437649 0)
(0.5916856584703993 0.184359025840162 0)
(0.6159068625695792 0.197265453139294 0)
(0.6424730670718615 0.2092065024950113 0)
(0.6717421243117485 0.2200066929061377 0)
(0.7033595394557428 0.2282611937466636 0)
(0.7374395962517409 0.2338351710792101 0)
(0.7736927457522341 0.2345385176073855 0)
(0.8106342639643775 0.2298878712823502 0)
(0.8459037045725121 0.2210950095923742 0)
(0.8788881688804059 0.2071182126251574 0)
(0.9088388705271259 0.18891018899819 0)
(0.932327693746228 0.1694684188289756 0)
(0.9520849760758141 0.1488532598380086 0)
(0.9684036994317554 0.1281857593676374 0)
(0.9786475044055793 0.1083489149628229 0)
(0.9847827127216654 0.08932091583654581 0)
(0.9870348720025436 0.07151478214735212 0)
(0.9866493937501163 0.05676840544228658 0)
(0.9837378602492565 0.04412392144801851 0)
(0.981385254441842 0.03420991858013554 0)
(0.9772146788559962 0.02607924801443081 0)
(0.9717098475407859 0.01934758937375671 0)
(0.9660302969833457 0.01451169605961995 0)
(0.9596103222844045 0.01066379063681118 0)
(0.9514210042280765 0.007394566816033095 0)
(0.9376976830010995 0.003921822885716963 0)
(0.9122697025067453 -0.001049038198212386 0)
(0.8678602085511036 -0.007527007490179762 0)
(0.8041517129797491 -0.01404272591520454 0)
(0.7260832536023434 -0.01877898460863408 0)
(0.6440623915497402 -0.02067160082946211 0)
(0.5664780747669207 -0.01983599444051719 0)
(0.4972401232817906 -0.01686453349264565 0)
(0.4376167856897818 -0.01252667425043198 0)
(0.3876032719043608 -0.008344835817694794 0)
(0.3486596927229863 -0.00490429264958003 0)
(0.3166406383001832 -0.002547414673115212 0)
(0.2924030812791882 -0.001725685422670127 0)
(0.2740091567059919 -0.003228654783551105 0)
(0.2609821079890641 -0.006285893856371904 0)
(0.253276618081697 -0.01068770221160241 0)
(0.2501968257588989 -0.01708193135134407 0)
(0.2520559528113632 -0.0245900269829281 0)
(0.2575062962363109 -0.03215903418441723 0)
(0.2661490267592445 -0.03991968957363959 0)
(0.2754049742983545 -0.04731721471597685 0)
(0.2849041192149195 -0.05328263387255127 0)
(0.2924342543676937 -0.05877113201695595 0)
(0.3005206754219892 -0.06481085653563265 0)
(0.306846765277976 -0.07071446813732139 0)
(0.3125532703899205 -0.07597621777893551 0)
(0.3184003028162454 -0.08079627317334925 0)
(0.3238566375365585 -0.08462673527599668 0)
(0.328788714185406 -0.08763912994894363 0)
(0.333181673379859 -0.09024608593768561 0)
(0.3372287549712853 -0.0922457726009184 0)
(0.3418392035219932 -0.09331581140019635 0)
(0.3467827714385859 -0.09448927169627823 0)
(0.351671616064733 -0.0958679849849757 0)
(0.3564574275876036 -0.09679270087109548 0)
(0.3608610885375262 -0.0971718399630197 0)
(0.3650171770522463 -0.09690688907918273 0)
(0.3692359672257355 -0.09632763659552065 0)
(0.3732300572702469 -0.09547231017999439 0)
(0.3775212255906527 -0.09454793302819091 0)
(0.3817623762538119 -0.09371417335472947 0)
(0.3860273907949301 -0.09243659976447823 0)
(0.3897902189712483 -0.09130423732534856 0)
(0.3937291264524355 -0.08973522495385916 0)
(0.3971104901182257 -0.08807065268429093 0)
(0.4002329798525995 -0.08648976400546261 0)
(0.4035007364934199 -0.08458667378548017 0)
(0.4066882350152292 -0.08279067638501467 0)
(0.4100446296179033 -0.08067903266862428 0)
(0.4133434744774457 -0.07875526395005984 0)
(0.4164243128953702 -0.07681926280730636 0)
(0.4191456407759366 -0.0746319903267897 0)
(0.4220429806386944 -0.07284518891732582 0)
(0.4245923341031593 -0.07075537572137514 0)
(0.4269145180599125 -0.06840573935135398 0)
(0.4291887363871374 -0.06609730959679441 0)
(0.4313059232762305 -0.06398726284347185 0)
(0.4332138942559277 -0.06148283663719069 0)
(0.4351354168473637 -0.05875044941590354 0)
(0.4374514001731338 -0.05578736578987391 0)
(0.4397326535482031 -0.05297434617669853 0)
(0.4418555080111177 -0.05038865772968686 0)
(0.4438490148442204 -0.04808617182441775 0)
(0.4460081137583102 -0.04544354148652377 0)
(0.4481180548490589 -0.04297001355968329 0)
(0.4498956436422356 -0.04035347158308741 0)
(0.4515755242030606 -0.0374882176611505 0)
(0.4532092771211302 -0.03486330688105723 0)
(0.4548045539155424 -0.03214961718709426 0)
(0.4560819426956956 -0.02943028677845024 0)
(0.4573254097538497 -0.02646012807309149 0)
(0.4581756281907048 -0.02338705889136188 0)
(0.4589563585605094 -0.02014785757918666 0)
(0.459721831973124 -0.01644380747547119 0)
(0.460308194755502 -0.01251754746557539 0)
(0.460728292621681 -0.008079844005970333 0)
(0.4611253167181322 -0.003276528337866101 0)
(0.4614966663652547 0.001715158937949936 0)
(0.4616038674698127 0.007118449116104104 0)
(0.4613186197958491 0.01290854793216943 0)
(0.4616437979134445 0.01925821731695849 0)
(0.4611152421923725 0.02604482548280563 0)
(0.4608285512073935 0.03324595592897318 0)
(0.4607539258467236 0.04133538758482387 0)
(0.4623468833125627 0.05015150932067666 0)
(0.4654626829327341 0.05961913181005804 0)
(0.4706390085581829 0.07004411082334404 0)
(0.4778980405608818 0.08101550874678565 0)
(0.4870760980706588 0.09262640079408518 0)
(0.4986131602935348 0.1046055762852291 0)
(0.5118799116563031 0.1171299685172949 0)
(0.5271028845710836 0.129739363044925 0)
(0.5439126935351636 0.1423164993744622 0)
(0.5624081022045981 0.1549489818954315 0)
(0.582568520756372 0.1677725357960415 0)
(0.6043774551855274 0.1803202182412757 0)
(0.6282460588120086 0.1925198481578289 0)
(0.6542401829476143 0.2035855708123122 0)
(0.6827444780567523 0.2136502179033029 0)
(0.7136326600285521 0.2214979480348818 0)
(0.746577633445952 0.2260892979468759 0)
(0.7814646013207078 0.2260915009643993 0)
(0.8166157787181488 0.2214302480609294 0)
(0.8500972769446768 0.2128875766346252 0)
(0.8816051706275295 0.1992930300749598 0)
(0.9096441088015872 0.1822870354914453 0)
(0.9321186001899028 0.1639186293630281 0)
(0.9512552254112061 0.1444967766574679 0)
(0.9669244830577319 0.1250754221893766 0)
(0.9769809037268098 0.1063797389757302 0)
(0.9832991330695857 0.08827365770273374 0)
(0.985961187852068 0.07121288697672773 0)
(0.9861022474209891 0.0570144623329872 0)
(0.98380026000181 0.04472200580276622 0)
(0.9816828932984039 0.03502848045260629 0)
(0.9780386121390992 0.02706147116948342 0)
(0.9730472195828452 0.02042693942794104 0)
(0.9677573780446488 0.01550093462615774 0)
(0.9619398989039822 0.01170002682155985 0)
(0.9553741925364013 0.008556662177045298 0)
(0.9454962796551311 0.005669147005551378 0)
(0.9277649336805576 0.001728270206977491 0)
(0.8973425422961948 -0.00360372159831073 0)
(0.8494543487874329 -0.009828792814413723 0)
(0.7862274518988377 -0.01552748010259995 0)
(0.7132335211358374 -0.01942172127426641 0)
(0.6399455433819692 -0.02089336538350263 0)
(0.5709626715500732 -0.02026261074692824 0)
(0.5095342249608716 -0.01794883261154058 0)
(0.4560302578737219 -0.01513777916406036 0)
(0.4129348947043829 -0.01263467339612813 0)
(0.3769788593145774 -0.01044243164473831 0)
(0.3503908671639273 -0.009990655276229657 0)
(0.3291708165423061 -0.01101727719921823 0)
(0.3138582070935561 -0.01354183936321044 0)
(0.3045800294628454 -0.0176901988087836 0)
(0.3006862703967393 -0.02345245039726589 0)
(0.2999670160663566 -0.03014999015840415 0)
(0.305213441415119 -0.03696363352687367 0)
(0.3135680952989636 -0.04444903525818326 0)
(0.3222029481322292 -0.05158377075994413 0)
(0.3304372801160062 -0.0571847674386318 0)
(0.3381619516726437 -0.06262739867107472 0)
(0.3446952234578459 -0.06793304582431431 0)
(0.3508694518845151 -0.07362220911970763 0)
(0.356219960099422 -0.07862419978784313 0)
(0.3610055791976182 -0.0834037993458952 0)
(0.3656972222803669 -0.08689796600117701 0)
(0.3698915356542332 -0.08972032801686225 0)
(0.3736215159685443 -0.0919956885529845 0)
(0.3769426437220141 -0.09406041264670408 0)
(0.3807652185076939 -0.09542896761182262 0)
(0.384806584733779 -0.09654363250932316 0)
(0.3888076422646967 -0.0979249421855464 0)
(0.3926947844371096 -0.09878564468127851 0)
(0.3964648199716782 -0.09891834071995953 0)
(0.399591497826174 -0.09867301215901195 0)
(0.4029100971958629 -0.09801687931263575 0)
(0.4061628589095185 -0.09722778015951805 0)
(0.409813411950736 -0.09630264287187823 0)
(0.4133640123457683 -0.09560994858125245 0)
(0.4169821120896139 -0.09412430997744366 0)
(0.4199541248569493 -0.09290470333857262 0)
(0.4230722588805979 -0.0912282941829561 0)
(0.4257337561816439 -0.08936546016721586 0)
(0.4283254374344413 -0.08775101083739904 0)
(0.4307501586345883 -0.08591074954971636 0)
(0.433398464493936 -0.08409911364992598 0)
(0.435941751924479 -0.08202747493820377 0)
(0.4385269995154275 -0.08006428544692706 0)
(0.440784429906225 -0.07801343852939756 0)
(0.4430001094002319 -0.07580309376786076 0)
(0.4452652731117994 -0.07394552733202268 0)
(0.4471972403319159 -0.07178794636260481 0)
(0.4490216082701668 -0.06937149096755092 0)
(0.4507962675671253 -0.06696839123302359 0)
(0.4523764675046858 -0.06476365226626191 0)
(0.4539372189584112 -0.06231146546336927 0)
(0.4553191711506399 -0.05962589118781358 0)
(0.457053043141619 -0.0567557410421538 0)
(0.4588891961107353 -0.05394902719101044 0)
(0.4608733347483146 -0.05135926095967634 0)
(0.4626283837473167 -0.04899364420792465 0)
(0.4642384031262851 -0.04643193957014807 0)
(0.4659490922493867 -0.04382402200131239 0)
(0.4673354254889064 -0.04102453979538992 0)
(0.4686990089460869 -0.03825535151166726 0)
(0.4701219025117048 -0.03563695888214054 0)
(0.4714003557042409 -0.03288664655206177 0)
(0.4723968427868617 -0.03003837978526581 0)
(0.4731674704553113 -0.02702302891966656 0)
(0.4738531105771422 -0.0238113675160983 0)
(0.4743141492508137 -0.0205600274104922 0)
(0.4747984144005696 -0.01683865160003996 0)
(0.4749952745681901 -0.01278182237006936 0)
(0.4751583589928134 -0.008333786810512857 0)
(0.4755336034988313 -0.00361892567149061 0)
(0.4756361584485842 0.001559532997101141 0)
(0.4755673570703797 0.006931104148278151 0)
(0.4756259027311249 0.01272606534895448 0)
(0.4755341438590304 0.01904453678178825 0)
(0.4754489977742996 0.02586758685121239 0)
(0.4752708259671144 0.03311525689407414 0)
(0.4751155098020238 0.04127619697516923 0)
(0.476416732378897 0.04983370969821226 0)
(0.4800567776342757 0.05918178280502585 0)
(0.4852159952910092 0.06931809276892763 0)
(0.4925139078488613 0.08021379797167504 0)
(0.5019184140587996 0.09147640544192644 0)
(0.5134284608650592 0.1029840228946846 0)
(0.5262468734953268 0.1154302860270572 0)
(0.5416851648980678 0.1273360698264277 0)
(0.5580844224573257 0.1397146302369948 0)
(0.5762700953780561 0.1519294357102359 0)
(0.5959395645318765 0.1642025719676425 0)
(0.6172788196447643 0.1759363654407924 0)
(0.6406275070528523 0.1874820916950862 0)
(0.6661135480662366 0.1979879901698634 0)
(0.6938267657615829 0.2072269216764734 0)
(0.7237905005634752 0.2144147192265541 0)
(0.7557970813514898 0.2181432501258984 0)
(0.789037705956492 0.2177169504764687 0)
(0.8225584760259638 0.2130678900729978 0)
(0.8542090261461495 0.2047967004831982 0)
(0.8840965123457449 0.1916547106611803 0)
(0.9105597979501449 0.1757857264326531 0)
(0.9321059397157663 0.1585491428369823 0)
(0.9506567281796506 0.140230977737951 0)
(0.9657109860378206 0.1219922214114011 0)
(0.975517173579191 0.1043658509450172 0)
(0.9819980263316261 0.08715859775644866 0)
(0.9850975700192832 0.07076035548741098 0)
(0.9858109270972636 0.05717183437924892 0)
(0.9840696240353398 0.04526606571398159 0)
(0.9820818415753108 0.03574231963241248 0)
(0.97888376169486 0.02798783751447398 0)
(0.9743670113703427 0.02143644511947569 0)
(0.969490921264604 0.01643502698962761 0)
(0.9641135397382445 0.01263347844703815 0)
(0.9584886337948409 0.009563905184190116 0)
(0.9513288402544701 0.006957147562607654 0)
(0.9390082282485348 0.003874787340090168 0)
(0.9184338186490424 -0.0003676437051522352 0)
(0.884553590239332 -0.005801249297515988 0)
(0.8359767918391476 -0.01159792125291147 0)
(0.7754412840882418 -0.01670785120794118 0)
(0.7095341162274046 -0.02006318928111644 0)
(0.6440239030183936 -0.02156943368381166 0)
(0.582942273972221 -0.02132645554403648 0)
(0.5280607023510238 -0.02027982473529624 0)
(0.4816495607372119 -0.01892352931047897 0)
(0.4429178100007726 -0.01751467914744934 0)
(0.4122974183066034 -0.01722138127129948 0)
(0.3891692586716065 -0.01826864623316619 0)
(0.3713264445224981 -0.02032023602101871 0)
(0.3605074591828847 -0.02425172094782021 0)
(0.3549876180249824 -0.02952127853026857 0)
(0.3533111583858073 -0.03543533046477391 0)
(0.3567916091031973 -0.04162208421879875 0)
(0.3648535572661874 -0.04888648457592169 0)
(0.3729779873410591 -0.05567001810084254 0)
(0.3791957778770816 -0.06077022031560778 0)
(0.3864816958371359 -0.06615173902451722 0)
(0.3920378138844378 -0.07109582097411221 0)
(0.3971093224387204 -0.07615760183979728 0)
(0.4018987774060264 -0.08100518236907912 0)
(0.4058214970063689 -0.08552482486285452 0)
(0.4091717950621891 -0.08884477111545705 0)
(0.412573556001254 -0.0915080757673889 0)
(0.4157018979511889 -0.09362912046632466 0)
(0.4184772639024035 -0.09561516899825083 0)
(0.421315455153311 -0.0971319312604296 0)
(0.4244178566867027 -0.09827888052956048 0)
(0.4276424876878891 -0.09960782571090582 0)
(0.430511426357702 -0.100411223142251 0)
(0.4332519507949858 -0.1003250071113082 0)
(0.4357389846268021 -0.1000305492617704 0)
(0.4383902697997791 -0.09938489963150503 0)
(0.4408770271189247 -0.09861908990510734 0)
(0.4436622460398232 -0.09788788255697597 0)
(0.4465928783472324 -0.09702287057884958 0)
(0.4490506051588743 -0.09546496726026976 0)
(0.4513879424437737 -0.09410611843313867 0)
(0.4534902433202759 -0.09237557737047176 0)
(0.4556892949558319 -0.09046581645254667 0)
(0.457603666975934 -0.08875280746065063 0)
(0.4594008377186132 -0.08697450610975217 0)
(0.4615093246759803 -0.08514492083608662 0)
(0.4633148340048073 -0.08303902852613056 0)
(0.465012285430228 -0.08100333064940099 0)
(0.4665020565578627 -0.07893293381625034 0)
(0.4679841709548406 -0.07673583194167613 0)
(0.4696161675030894 -0.07477282278231702 0)
(0.4709353277113298 -0.07257709004938599 0)
(0.4721536242790517 -0.07009987155363502 0)
(0.4734416258013613 -0.06769203179678299 0)
(0.4746115572650896 -0.06538870359919691 0)
(0.4758134198111278 -0.06299983422808014 0)
(0.4768591701474045 -0.06029230064734645 0)
(0.4779262678970381 -0.05750272642153217 0)
(0.4791968225355419 -0.05474690396165386 0)
(0.4807215874131263 -0.05222959299336918 0)
(0.4822227628961645 -0.04978916554368953 0)
(0.4834519235748866 -0.04720675485107783 0)
(0.4844904878885161 -0.04453119350984411 0)
(0.4855391439345885 -0.04165300891248171 0)
(0.486648894722257 -0.03887760054395854 0)
(0.4876528468659903 -0.03617404002920886 0)
(0.4885022821614071 -0.03340354799891231 0)
(0.4892904006402638 -0.03046969833917089 0)
(0.4897498053805271 -0.0273871786100947 0)
(0.490143564197725 -0.02414011479881056 0)
(0.4903404037561135 -0.02079797170689671 0)
(0.4904379943188035 -0.017032350864234 0)
(0.4904224058255414 -0.01290067266088049 0)
(0.4905044387950436 -0.008589172896521615 0)
(0.4905152862599838 -0.003869551542818031 0)
(0.4904337525201331 0.001358677360405656 0)
(0.4905088641670576 0.006769940850731007 0)
(0.4906160691777559 0.01254293154136406 0)
(0.4902595946804943 0.01886659666276928 0)
(0.4905422621752087 0.02559933264330523 0)
(0.4900683122263814 0.03303763179722437 0)
(0.4899915031213761 0.04097819590779028 0)
(0.4916213115382646 0.04950656722540638 0)
(0.4952482671054938 0.05864640616947151 0)
(0.5004786276532508 0.06849743030168952 0)
(0.5076181937117603 0.07925450420953029 0)
(0.5173184711858788 0.09009024585638306 0)
(0.5284083577400176 0.1014757414170205 0)
(0.5413522666513306 0.1132049328982484 0)
(0.556210621864423 0.1248279788696555 0)
(0.5724002786035347 0.1369195811353085 0)
(0.5902051295339782 0.1486805216195449 0)
(0.6095316419520818 0.1602750895387345 0)
(0.6304395907308149 0.1714891694804327 0)
(0.6532455734532402 0.182313627180945 0)
(0.6781551699527248 0.1922909838042417 0)
(0.7049544129917112 0.2006896810017726 0)
(0.7341030885328663 0.2068706530085541 0)
(0.764875503468246 0.2099999666304028 0)
(0.7967330329303017 0.2093529600438827 0)
(0.8283913692475133 0.2047640783461804 0)
(0.8582559263120427 0.1967272062907812 0)
(0.8866846471692222 0.1841713937223947 0)
(0.9116792866925083 0.1694025541049174 0)
(0.9323790256067261 0.1532205365731764 0)
(0.9503181268941903 0.1360677861669628 0)
(0.9648121782548962 0.1189239253317746 0)
(0.9744073840111511 0.1022120617782179 0)
(0.9809416202898633 0.0859600335668893 0)
(0.9844667935224517 0.07024541448303184 0)
(0.9855511876952319 0.05718530318019148 0)
(0.9843652369971444 0.04571532794020069 0)
(0.9826137077441753 0.03638951021021797 0)
(0.9797627528032603 0.02880914316924881 0)
(0.9756601266733114 0.02236605038755819 0)
(0.9712127085561685 0.01731281977870733 0)
(0.9662754413128698 0.01348348655753498 0)
(0.961081348853048 0.01046514383752122 0)
(0.9553690189550014 0.007942430625337804 0)
(0.9474026645818135 0.005471425721587076 0)
(0.9332287068109894 0.002145737860018896 0)
(0.9104318736185588 -0.002307085769684994 0)
(0.8752821874496142 -0.007672159878781978 0)
(0.8281147571533092 -0.01310488392945747 0)
(0.7727469377408249 -0.01769929150857386 0)
(0.7134473584414625 -0.02092899410133869 0)
(0.6553511002887729 -0.02265469156276334 0)
(0.6012363142110243 -0.02335062780319453 0)
(0.5526955606455126 -0.02333403463362363 0)
(0.512359995130924 -0.02305732349599653 0)
(0.4789240286490073 -0.02317154450089962 0)
(0.4530245409361016 -0.02457862110040461 0)
(0.4333394585602354 -0.02656339334335996 0)
(0.4209410163095674 -0.03022818404043653 0)
(0.4128993692196443 -0.03490091341729606 0)
(0.4107101219448113 -0.0402853287396186 0)
(0.412632388483626 -0.04605285138164873 0)
(0.4198046748155675 -0.05287906292452774 0)
(0.4260165273419085 -0.05910898916894645 0)
(0.4317315017867169 -0.06412933927122173 0)
(0.4368380441095593 -0.06912390370513233 0)
(0.4424308769622272 -0.07395847980536026 0)
(0.4452234148569553 -0.07830122300365995 0)
(0.4495445221387077 -0.08303517553079307 0)
(0.4525743272317324 -0.0871315702072448 0)
(0.454931238109783 -0.09039287644849596 0)
(0.4572578795275605 -0.09296076994120855 0)
(0.4593050148316449 -0.09497322752159891 0)
(0.4613686149449203 -0.09679154992022111 0)
(0.4633325278321182 -0.09844069844625372 0)
(0.4655472281065098 -0.09973182388892968 0)
(0.4678004421479452 -0.1009592789110081 0)
(0.4696303431363087 -0.1015177211653699 0)
(0.4713515951183955 -0.1014764332215227 0)
(0.4733373419420052 -0.1010957859378306 0)
(0.4752288309952072 -0.1005093758598479 0)
(0.4772285482440408 -0.09965527971848664 0)
(0.4789687081224934 -0.09911079203118559 0)
(0.4807587808892836 -0.09799787200806316 0)
(0.4822561494000558 -0.09645878531271063 0)
(0.4837497092981218 -0.0949333887869829 0)
(0.4851544696774533 -0.09320761260448442 0)
(0.4866365856967405 -0.09132470552746981 0)
(0.4879388605235646 -0.08951175940641667 0)
(0.4892351308828528 -0.08774804754460232 0)
(0.4905333398623719 -0.08595297259511017 0)
(0.4917207331380806 -0.08366953524995631 0)
(0.4925787803877887 -0.08158823904249143 0)
(0.4932948353589132 -0.07948510584291534 0)
(0.4939357192177362 -0.07732709295755419 0)
(0.494871331440749 -0.07535000864173423 0)
(0.4955392916728057 -0.07310449232380972 0)
(0.4963299329179577 -0.07059065453149924 0)
(0.4971006682137885 -0.06824289695763358 0)
(0.4977308816492879 -0.06584894303106904 0)
(0.4984555374988477 -0.06349056522754296 0)
(0.499313307903299 -0.06078845447555697 0)
(0.4999295147333119 -0.05800507603648421 0)
(0.5006389195473473 -0.05531691038230382 0)
(0.5016232272042078 -0.05289751079173199 0)
(0.5025788759125972 -0.0503767286979636 0)
(0.5034379515962975 -0.04775319822615711 0)
(0.5040893527433427 -0.04505932994251287 0)
(0.5047416355503668 -0.04218563313168373 0)
(0.5053808220103873 -0.03940027949199044 0)
(0.5060532595987561 -0.03659032271673159 0)
(0.5065413472587753 -0.03371829357746822 0)
(0.5070012647856225 -0.03075350236912457 0)
(0.5072878333228614 -0.02755423256883443 0)
(0.507403390816366 -0.02428566874696778 0)
(0.5073281664370675 -0.02078289178695233 0)
(0.5070775583246969 -0.01709030036573202 0)
(0.5069514105769235 -0.01303502936073606 0)
(0.5067922841229279 -0.008710542701356468 0)
(0.5064402341539417 -0.003869798118809051 0)
(0.5062383108439744 0.001106280590969044 0)
(0.5064673321454253 0.006602620589901041 0)
(0.5062125299829399 0.01241178642848844 0)
(0.5061520234282652 0.01863356523768041 0)
(0.5060220978604525 0.02544523110786802 0)
(0.5058668870018641 0.03285296143383155 0)
(0.5058454882755049 0.04060235248470866 0)
(0.5077156760593471 0.04906811046556734 0)
(0.5111555771126037 0.05805367443961477 0)
(0.5166252814065118 0.06771514472501922 0)
(0.5237228216504388 0.07806541528606545 0)
(0.5331722956424638 0.08862689062126694 0)
(0.5438384078181526 0.09983431212435033 0)
(0.5567512615240464 0.1108233503257193 0)
(0.5709445872731015 0.1223406017111558 0)
(0.5869386335142888 0.1338686317212482 0)
(0.6044229893986888 0.1450738059640123 0)
(0.6233272040700482 0.156121759059518 0)
(0.6438915183066982 0.1668993699492139 0)
(0.6660992534567918 0.1770509407210486 0)
(0.6903131111601924 0.1864102705794467 0)
(0.7164396400844679 0.1939150662345739 0)
(0.7444347283364936 0.1992590500168584 0)
(0.7739858112892498 0.2018921793230417 0)
(0.8040373871502495 0.2012485683945152 0)
(0.8337823712936682 0.1969829519461146 0)
(0.8624341290804627 0.1886766938219045 0)
(0.8894792048920461 0.1768895414362495 0)
(0.9130341969366461 0.1631798882880496 0)
(0.9329819316449512 0.1480420212127223 0)
(0.9503755269959482 0.1318827916800924 0)
(0.9642727680634966 0.1158446417943023 0)
(0.9737408501890286 0.1001110386015369 0)
(0.9802597253997641 0.08465878939517862 0)
(0.9841724280527423 0.06961746679622707 0)
(0.985599371383434 0.0571368252712592 0)
(0.9848443696920314 0.04606225769223076 0)
(0.9832765434551953 0.03694280428997368 0)
(0.9806819203695666 0.02951306966410966 0)
(0.9770046431034926 0.02321451922625058 0)
(0.9729336876665481 0.01812888989442403 0)
(0.9684501311995199 0.01427767788332311 0)
(0.9636014020063149 0.01120946396512481 0)
(0.9586750638244192 0.008733565896876516 0)
(0.952960068298278 0.006541024850397275 0)
(0.9438392276122861 0.003975743867484516 0)
(0.9284512948110595 0.0004295353687703026 0)
(0.9046002496054213 -0.004116283227567273 0)
(0.8704003768264641 -0.009348451283944594 0)
(0.8268975188191547 -0.01442799135765953 0)
(0.7765074608482774 -0.01879886085558517 0)
(0.7238438819617037 -0.02215461649236209 0)
(0.6727924994473204 -0.0244271333318967 0)
(0.6246495733959783 -0.02578983746184952 0)
(0.5836784097353027 -0.02684672023949757 0)
(0.5487201507984829 -0.02780599772123925 0)
(0.5204369920573455 -0.02952989579088139 0)
(0.4993163378777501 -0.03192742747741959 0)
(0.4847036680220025 -0.03523123571898013 0)
(0.4745453068639184 -0.03961349923199695 0)
(0.4710272128710135 -0.04463090269279041 0)
(0.4725588575165909 -0.05016946040372898 0)
(0.47725472398692 -0.05624083957113943 0)
(0.4815304321190398 -0.06185682136400092 0)
(0.48658629901095 -0.06697699433139206 0)
(0.4899872609536384 -0.07161882111960041 0)
(0.4936351645376417 -0.07603353773601892 0)
(0.4966085667647204 -0.08036532980582449 0)
(0.4989925461557674 -0.08455522892317552 0)
(0.5006916535340407 -0.08829625443381178 0)
(0.5021835629665482 -0.09147068488740319 0)
(0.5035303880738161 -0.09387839837574936 0)
(0.5047694248850592 -0.09577549808853446 0)
(0.5058822716427898 -0.097666295405679 0)
(0.5070769161677686 -0.0993302611460134 0)
(0.5083087179509125 -0.1006314530628593 0)
(0.5094302091463199 -0.1017625448464312 0)
(0.5103291181095405 -0.1021407982849368 0)
(0.5111386115120302 -0.102187827558885 0)
(0.5120838945791839 -0.1019206071640078 0)
(0.5132591827143869 -0.1013348316464777 0)
(0.5143240069874564 -0.1004094357829305 0)
(0.51494489197888 -0.09970413332421707 0)
(0.5153893981811098 -0.09850728764125893 0)
(0.5160766966031974 -0.09701948898725238 0)
(0.5168331292123836 -0.09549364594606929 0)
(0.5175821883915728 -0.09374410674123504 0)
(0.5184148801023285 -0.09195324316351844 0)
(0.5192186609968888 -0.09003832337801289 0)
(0.5198304461292852 -0.08821457076354491 0)
(0.5202155336838121 -0.08634521551415333 0)
(0.5205561236600459 -0.08403028224460879 0)
(0.5208922211223406 -0.08186536738858605 0)
(0.5210340836483439 -0.07967681651960201 0)
(0.5210334710839486 -0.07755455029349141 0)
(0.5212278058946986 -0.07555753112413652 0)
(0.5213110836264971 -0.07337092904303319 0)
(0.5215739425426729 -0.07093652991790739 0)
(0.5218883602603129 -0.06848013021072148 0)
(0.5221510186660163 -0.06607842885812246 0)
(0.5223084472956077 -0.06374574823506518 0)
(0.5226852222943318 -0.06112296109329989 0)
(0.5229710004517431 -0.05828095140468529 0)
(0.5232267341285243 -0.05572664898897715 0)
(0.5236186988798267 -0.05324220977625359 0)
(0.5238239003648708 -0.05064246994317087 0)
(0.5241546317015833 -0.04800640381125723 0)
(0.5244971753254112 -0.04536954097208055 0)
(0.524952762587332 -0.04251320365919892 0)
(0.5252404044262482 -0.03974474988522548 0)
(0.5254101167129511 -0.03691063271569909 0)
(0.525584282359955 -0.03394160169731492 0)
(0.5255979998060327 -0.03089796093570171 0)
(0.5255160990283616 -0.02763372971140934 0)
(0.5253181071167896 -0.02427802752853704 0)
(0.5250237246732108 -0.0207707540768923 0)
(0.5247018074173434 -0.01706397772183015 0)
(0.524337924468691 -0.01300280322025127 0)
(0.5237391710728616 -0.008615582059285434 0)
(0.5235382142735162 -0.003991366891565444 0)
(0.523200562781492 0.001075756118150844 0)
(0.522958268996535 0.006474622286542926 0)
(0.5226385447678087 0.01226418855376219 0)
(0.5225864352939203 0.01846569171118698 0)
(0.5220543408368253 0.02527491473598168 0)
(0.5223264798154108 0.0324368598808021 0)
(0.5227877643812737 0.04025774510030644 0)
(0.5243661897999772 0.04854260215825573 0)
(0.5276969441535602 0.05740539107909533 0)
(0.533197444942214 0.06674948135556975 0)
(0.5403134896261371 0.07675262229172852 0)
(0.5491948022683957 0.08717047254986185 0)
(0.5600201589331142 0.09783371105108811 0)
(0.5725053681673269 0.108587162989929 0)
(0.5862280681976891 0.119748668719159 0)
(0.6020180815273088 0.1305911269510334 0)
(0.6190735580790698 0.1413349711936504 0)
(0.6375764148531711 0.1519188325774468 0)
(0.6575864638480998 0.1621425082428559 0)
(0.6791810159701499 0.1717157164246157 0)
(0.7027297176894363 0.1801413756330603 0)
(0.7279822514552223 0.1870469269073353 0)
(0.7547617968329465 0.191731009037747 0)
(0.7828241683500591 0.193986147678012 0)
(0.8112712865898402 0.1932410915320788 0)
(0.8394775666692914 0.1890647159131724 0)
(0.8669265997365909 0.1808518851652262 0)
(0.8924155619540923 0.1698294932594297 0)
(0.9146932678762973 0.1571086462770774 0)
(0.9339868850365683 0.14292906533038 0)
(0.9507585289578809 0.1277867348850523 0)
(0.9641262171509575 0.1127458407476889 0)
(0.973457394499927 0.09794320544704938 0)
(0.9799502804002855 0.08337018798141291 0)
(0.9842275680572313 0.06895022044395119 0)
(0.9859185320631363 0.05697179058832302 0)
(0.9855548714681439 0.04631360914679129 0)
(0.9841497524398959 0.03740229551514103 0)
(0.9817746882359095 0.03014144360735738 0)
(0.9784703219870118 0.02397912529949397 0)
(0.9747522650185646 0.01891658527038053 0)
(0.9705910724915594 0.01498269069646937 0)
(0.9663069558143685 0.01187823245568161 0)
(0.9616710365745726 0.009368075188839156 0)
(0.957027117515416 0.007287283855377991 0)
(0.9510746172828902 0.005147341923194636 0)
(0.9411619357099162 0.002412738785999558 0)
(0.9252010188139317 -0.001265897546657126 0)
(0.9017878353759945 -0.005822552018525794 0)
(0.870373506385132 -0.01080176648434037 0)
(0.830534892250249 -0.01565362238391661 0)
(0.7861669743836791 -0.02012002406797181 0)
(0.7402759426704109 -0.02372029946676232 0)
(0.6955384973657039 -0.02649166147206133 0)
(0.6549916585322497 -0.02879117325984473 0)
(0.6202332504241568 -0.03082823665671215 0)
(0.5903942791598538 -0.03297849628419268 0)
(0.5679148546441248 -0.03595947880270395 0)
(0.551355865921756 -0.03930920278263714 0)
(0.5399422103187034 -0.04321048348201037 0)
(0.534099778533887 -0.04814069268086255 0)
(0.5349734263870461 -0.05328991542845664 0)
(0.5369843272408503 -0.05890813019582688 0)
(0.5399494859497362 -0.06399794985346206 0)
(0.542539299450477 -0.06889658586011432 0)
(0.5453335137329253 -0.07323518262106295 0)
(0.5461571192908525 -0.07753578164332435 0)
(0.549096108992683 -0.08169211846829338 0)
(0.5496563188969252 -0.08547864761599729 0)
(0.5503533741970971 -0.08901802671227264 0)
(0.5508238531636117 -0.09202876168393823 0)
(0.5512138899994053 -0.09438401626233123 0)
(0.5515105812306146 -0.0962576970028159 0)
(0.5517441242559402 -0.09806148159459066 0)
(0.5520077342077236 -0.09979506799576511 0)
(0.552154743117987 -0.1010235813800805 0)
(0.5520967148368311 -0.1019730658665227 0)
(0.551852615178553 -0.1022983939430912 0)
(0.5518067597742498 -0.1024125682978003 0)
(0.5517913629036175 -0.1021897009356974 0)
(0.5517888754049773 -0.101655387681315 0)
(0.5517112644762403 -0.1005421243845491 0)
(0.551371461909692 -0.09965676317640147 0)
(0.5509616730171434 -0.09858894943956983 0)
(0.55081209108028 -0.09728698706719888 0)
(0.5508527907122449 -0.09569185666858808 0)
(0.5507749024582892 -0.09396573207841322 0)
(0.5506676863716643 -0.09222771269068199 0)
(0.55070434256736 -0.09025909164644896 0)
(0.5507010573385549 -0.08829160952941718 0)
(0.5503254367777797 -0.08635561635583561 0)
(0.5500650611346076 -0.08408057480020152 0)
(0.5497655811459221 -0.08186275654300751 0)
(0.5492914505552005 -0.07962306717795634 0)
(0.5489347211605503 -0.07751482396238994 0)
(0.5485601638587029 -0.07547929916990989 0)
(0.5482038831437266 -0.07327777936058844 0)
(0.5477929742934253 -0.07098103488219173 0)
(0.5474883541658065 -0.06857054793854617 0)
(0.5473745451937091 -0.06609973794727804 0)
(0.5470495462613925 -0.06370873660065952 0)
(0.5468053206814742 -0.06112166368132194 0)
(0.5466805246787925 -0.05836610619830608 0)
(0.5466738953852927 -0.05581648224470682 0)
(0.5464360094274912 -0.05325862044317929 0)
(0.5461071989598882 -0.05063386925808978 0)
(0.5459194210946948 -0.0479911017534034 0)
(0.5457079568264157 -0.0453861966664367 0)
(0.5456752843042463 -0.04262305943563616 0)
(0.5457040006065603 -0.03976130857548738 0)
(0.5455776701852509 -0.03696056373093263 0)
(0.5453178101179936 -0.03400350594953579 0)
(0.5449079676700622 -0.03090228263948492 0)
(0.5445446422701772 -0.02759952583685634 0)
(0.5441704655691515 -0.02421099262807633 0)
(0.5436961570087857 -0.02068924193252025 0)
(0.5430690583953849 -0.01688290772757587 0)
(0.5423158786619628 -0.01277745371069297 0)
(0.5417204414082414 -0.008484046891285962 0)
(0.5411696913342626 -0.003981217417673722 0)
(0.5406048187642314 0.001120531660628001 0)
(0.539870600349793 0.006418904591290448 0)
(0.5397442612533795 0.01217651897435603 0)
(0.5392965708673401 0.01838872776467104 0)
(0.5390918121418856 0.02499794796067813 0)
(0.5391696666726539 0.03204795437006079 0)
(0.5399598515330801 0.03974078719610017 0)
(0.5413937690170374 0.04794576170653772 0)
(0.5449326549390119 0.05666046372149699 0)
(0.5502587036700691 0.06576405805325454 0)
(0.5572714426745011 0.07541862216291156 0)
(0.5657862074365315 0.08554126775654505 0)
(0.5766061369905603 0.09562257321157257 0)
(0.5885530266992915 0.1063071161685728 0)
(0.6021603340464673 0.1168583830005795 0)
(0.6174557879841264 0.1271680643508875 0)
(0.6339920310574554 0.1374713556459037 0)
(0.6519880212516073 0.1476060578993625 0)
(0.6714428054060619 0.1572077385525914 0)
(0.6925220806200353 0.166044152656907 0)
(0.7151158190084461 0.1737124047904856 0)
(0.7394236006860131 0.1800901927327634 0)
(0.765012241863456 0.1844132662488452 0)
(0.791526355887607 0.1862141279967151 0)
(0.8185047476705074 0.1853257704249225 0)
(0.8455118354129909 0.1807898425173026 0)
(0.8714351738381962 0.1732173400659348 0)
(0.8955115096267009 0.1629989588387009 0)
(0.9167111895285633 0.1511281165978121 0)
(0.9353393078014447 0.1379302974563105 0)
(0.9515112902457745 0.1237313209120808 0)
(0.9642746518891822 0.1096815997869786 0)
(0.9734849431254274 0.09577857382376727 0)
(0.9799981264908051 0.08195710129517515 0)
(0.9845345593971844 0.06814115453867532 0)
(0.9864860929961154 0.05674126292080862 0)
(0.9865049394349268 0.04648253845546548 0)
(0.9853505920518768 0.03778596961078262 0)
(0.9830565832000624 0.03071062557447778 0)
(0.980019487980986 0.02467421486004179 0)
(0.9765760040356125 0.01961549671753566 0)
(0.9729094778038244 0.01563229227406182 0)
(0.9689602677249207 0.01247544118560889 0)
(0.9648675733648078 0.009934361081724546 0)
(0.9605546919958377 0.007797798119598366 0)
(0.956194587494293 0.005864069186143927 0)
(0.9499164463915448 0.003634065096938904 0)
(0.9396317425673788 0.0007752773468019693 0)
(0.9241821839516464 -0.00298435906077665 0)
(0.9026164709206126 -0.007417086670963493 0)
(0.8737455042368345 -0.01217990909989651 0)
(0.8389695786535161 -0.01702352609758112 0)
(0.800209528424237 -0.02156752711923846 0)
(0.76102397904159 -0.02549043928193316 0)
(0.7237944093558863 -0.02892345328877603 0)
(0.6899752638890423 -0.03194730672109933 0)
(0.6609773706158131 -0.03488310266590328 0)
(0.6372384927774351 -0.03834822466988672 0)
(0.6187915465494874 -0.04190800292335721 0)
(0.606467704127399 -0.04577754839963675 0)
(0.5991692844546701 -0.05041095966279892 0)
(0.5970849548780574 -0.0554259271169485 0)
(0.5978090350822346 -0.06039847228308031 0)
(0.5993693096346898 -0.06532825949807317 0)
(0.6000901297792534 -0.06986375488795789 0)
(0.6011129597701311 -0.07410401362118339 0)
(0.6016494664775659 -0.0783147207713405 0)
(0.6014335792117529 -0.08214864470022214 0)
(0.6015982858309994 -0.08581453017704288 0)
(0.6015593421259851 -0.08923363372893926 0)
(0.6007111675974527 -0.09203376488400389 0)
(0.5997562317991388 -0.09437907536583409 0)
(0.5989664681308072 -0.09622566820704737 0)
(0.5981014667144051 -0.09797471672975305 0)
(0.5971283896346959 -0.09969118852576687 0)
(0.5961422622228111 -0.1008218177559942 0)
(0.5949884225560522 -0.1016031881292933 0)
(0.5937929481017488 -0.1020224277104719 0)
(0.592818294982266 -0.1021752029392299 0)
(0.5918050915114368 -0.1019484653952738 0)
(0.5906391607639343 -0.1013868513121945 0)
(0.5894991227143285 -0.1002738929363157 0)
(0.5884388631419325 -0.09923823856715056 0)
(0.5872921115666528 -0.09827929356896277 0)
(0.5861057220702122 -0.09705405199737197 0)
(0.5850948643646297 -0.09545548617890419 0)
(0.5841749171674316 -0.09381404856825776 0)
(0.583339360463287 -0.09212145661219884 0)
(0.5825439985229179 -0.09012199345004235 0)
(0.5816828823246499 -0.08803901676797413 0)
(0.5806878423739668 -0.08609397209926828 0)
(0.5798510691334331 -0.08383259887065465 0)
(0.5789310364676774 -0.08153098908717468 0)
(0.5781416473685059 -0.0793476139472014 0)
(0.5773997600908972 -0.07717563802690715 0)
(0.576545898836252 -0.07512174772465346 0)
(0.5756712096293323 -0.07291644146297906 0)
(0.5748207727272204 -0.07067379964696513 0)
(0.5740308735255271 -0.06826350607458359 0)
(0.5732440542243641 -0.06580817783866526 0)
(0.5724267229042603 -0.06341336327451869 0)
(0.5717093066883487 -0.0608152432711427 0)
(0.5711380718734329 -0.05816243981196088 0)
(0.5706653119093503 -0.05562632511114478 0)
(0.5700307833936499 -0.05303920777965963 0)
(0.569331099190947 -0.05043379857607759 0)
(0.5686398726144999 -0.04781382204465671 0)
(0.5679760308232009 -0.0451212239239609 0)
(0.5674021692904583 -0.0424807264245726 0)
(0.5670164861426491 -0.03966128948426657 0)
(0.5666069844869697 -0.03673605235944392 0)
(0.5660367011418719 -0.03369124695274128 0)
(0.5652988333243864 -0.03064274187324099 0)
(0.564550693545888 -0.02739238040253 0)
(0.5637272050347729 -0.02395492002240066 0)
(0.5628192329983662 -0.02035669544621139 0)
(0.5618371359233237 -0.01657450771887852 0)
(0.561066468602795 -0.01254265306634737 0)
(0.5604480360177098 -0.008296232843673576 0)
(0.5591821028305113 -0.003594886810725583 0)
(0.55843831036699 0.001276555127149099 0)
(0.5577783448585701 0.006503024722048471 0)
(0.5572413573652163 0.01211388774459501 0)
(0.5568637531029266 0.01825463833870865 0)
(0.5568546080871963 0.02469450719932552 0)
(0.5567182965268613 0.03178720122939065 0)
(0.5572409746507341 0.03917784330611526 0)
(0.5590438321560034 0.04723113591950638 0)
(0.5625161071135255 0.05575714091032819 0)
(0.567748745209488 0.06465846828017928 0)
(0.5746479440615396 0.07408480170963094 0)
(0.5831820402838261 0.08371719845962802 0)
(0.5933642043915723 0.09351013521034653 0)
(0.6049521378299687 0.1037494717782218 0)
(0.6182878058188812 0.1137335696949589 0)
(0.6330327721356772 0.1236441640715238 0)
(0.6490954798666111 0.1334623981548234 0)
(0.6665489220711597 0.1430205629887909 0)
(0.6854589586243949 0.1519017979604423 0)
(0.7057408702857224 0.1601494542546196 0)
(0.7274838843299907 0.1672897641854377 0)
(0.7507361199555203 0.1731067629200453 0)
(0.775097040488298 0.1771150397369606 0)
(0.8002333957907066 0.1785719378775903 0)
(0.82604305766359 0.1771297416175393 0)
(0.8516301637231851 0.172781484406951 0)
(0.8762132574132595 0.1658082634593418 0)
(0.8986163750962318 0.1564001541431331 0)
(0.9190580945743855 0.1453257515626131 0)
(0.9370222894432988 0.1330137702423946 0)
(0.9525445068164704 0.1197452831916042 0)
(0.9647267243315442 0.1066062524368773 0)
(0.9737296886028495 0.09350119003606584 0)
(0.9802382030112439 0.08055343577885019 0)
(0.9850445216203788 0.06728958417915783 0)
(0.9872506686811042 0.05641456391082755 0)
(0.9876440538335031 0.0465627451168298 0)
(0.9868546522842914 0.03808761276467046 0)
(0.9847271173533675 0.03121086658196399 0)
(0.9817739861085257 0.02527284208347812 0)
(0.9784630781469627 0.02026211768309791 0)
(0.9751717721910826 0.01626411573221868 0)
(0.9716561997144947 0.01301045400600792 0)
(0.9680058882786053 0.01042027448612648 0)
(0.9642995099973513 0.008222280901797236 0)
(0.9604321864043125 0.006293802482442288 0)
(0.9561581648920365 0.004354736564428479 0)
(0.9497498880726611 0.001999842571654988 0)
(0.9397413652211435 -0.0009851472842007933 0)
(0.9254554037774952 -0.004754333014878595 0)
(0.9057749778352611 -0.009040102395529664 0)
(0.8811247148079295 -0.01359534078827801 0)
(0.8508349821698274 -0.01847341591776478 0)
(0.818188696816236 -0.02311119819375297 0)
(0.7859002809927755 -0.02743008916299102 0)
(0.7548407855729309 -0.03137882231832534 0)
(0.7280141822733875 -0.03504864455339606 0)
(0.7046084948240472 -0.03888158090376287 0)
(0.6858974067232106 -0.04295130856447098 0)
(0.6721561961096322 -0.04706360730974962 0)
(0.6644782567268006 -0.05155564814031259 0)
(0.659283731181472 -0.05623547542385201 0)
(0.6587796426241427 -0.06106913577577849 0)
(0.6586105215124942 -0.06569258555767396 0)
(0.6584543508626799 -0.07000591031185653 0)
(0.6570116163067162 -0.07419316724730127 0)
(0.6570133900010345 -0.07829251642528044 0)
(0.6550729450624916 -0.081937416856135 0)
(0.6532613597327181 -0.08530032077639971 0)
(0.6519734241464682 -0.08855165334289583 0)
(0.6500184118369849 -0.0912436051487034 0)
(0.6478285603878622 -0.09354344946956043 0)
(0.6457867574890523 -0.09544858531344255 0)
(0.6438177204925928 -0.09715396562059671 0)
(0.6417597446634846 -0.09879262425537409 0)
(0.639658956783645 -0.09989805427278808 0)
(0.6375959794123812 -0.1006341802918049 0)
(0.6355159912640269 -0.1011916020189775 0)
(0.6335509704198211 -0.101348553447387 0)
(0.6315846199655641 -0.1009832356129917 0)
(0.6294172710185443 -0.1003797558071449 0)
(0.627377500028982 -0.09940329856768734 0)
(0.6255135387424435 -0.09829854481744774 0)
(0.623528547477064 -0.09730843711059699 0)
(0.6215580965396694 -0.09605867554251594 0)
(0.6196570771981786 -0.09458838738739309 0)
(0.6178858200411528 -0.09301725624469537 0)
(0.6163422057855117 -0.09126299569763854 0)
(0.6147565205259298 -0.08932878162514318 0)
(0.6131797663433071 -0.08723118372686857 0)
(0.6116972755906436 -0.08533929479108354 0)
(0.6102793351759465 -0.08307159828169292 0)
(0.6089937423419367 -0.0809104796219058 0)
(0.6077588658001271 -0.07875582388408592 0)
(0.6065255538708647 -0.07650294992629186 0)
(0.6051499328053956 -0.07438327515272414 0)
(0.6037780249387018 -0.07222222966041718 0)
(0.6024911197809704 -0.07000823273388486 0)
(0.6010965387537205 -0.06769195621288845 0)
(0.599756815644099 -0.06524221625971199 0)
(0.598432350419279 -0.06284442728772759 0)
(0.5971585591059517 -0.06034630548277041 0)
(0.5960632632952146 -0.05775476908873315 0)
(0.5949667059379016 -0.05519367788888145 0)
(0.5939190802704588 -0.05261163095017841 0)
(0.5929914851784548 -0.05003953238941957 0)
(0.5919462811273676 -0.04748262873249971 0)
(0.5909072263237783 -0.04490603420967554 0)
(0.5899619830302649 -0.0422332975246319 0)
(0.5889444225264284 -0.03934552814813265 0)
(0.5878058805061089 -0.03639317551574398 0)
(0.5867479891301257 -0.03330090430909028 0)
(0.5857111304934948 -0.03019138305906312 0)
(0.5846757111427775 -0.0269571751072486 0)
(0.583618174994518 -0.02347349533498592 0)
(0.5825860866092345 -0.01988561829465386 0)
(0.5815694992658595 -0.01617311230169665 0)
(0.5806544873462645 -0.01222212396362116 0)
(0.5792948716558348 -0.007801511027329155 0)
(0.5781407776092886 -0.003278211421639671 0)
(0.5773555355099372 0.001554398029292057 0)
(0.5767225366144707 0.006739633485682973 0)
(0.575807032657134 0.01219110502016702 0)
(0.5755731806994824 0.01804851922410584 0)
(0.5752150846773596 0.02450679948234698 0)
(0.5750336820132471 0.03140121282010661 0)
(0.575469830878801 0.03864831579334723 0)
(0.5775267490219573 0.04643481815249629 0)
(0.5807643031147196 0.05475651722767622 0)
(0.5857758001180189 0.0634730076107938 0)
(0.5925861625650981 0.07254391136538069 0)
(0.6010933934994465 0.0817549537375428 0)
(0.6105969485161143 0.09143937449503321 0)
(0.6220627228423534 0.1009863127681088 0)
(0.6347219774853735 0.1105470481007889 0)
(0.6490076570242627 0.1199974828221045 0)
(0.6645326056699303 0.1293177508771002 0)
(0.6814532585154023 0.1382018655541375 0)
(0.6996241886125141 0.1465770696621417 0)
(0.719181863588618 0.1542502017175699 0)
(0.7400796308069619 0.1609550380814017 0)
(0.7621475169755316 0.1662052840544054 0)
(0.7853260108459031 0.1698150231335184 0)
(0.8093957240227283 0.1707967681460204 0)
(0.8337184320720094 0.1692011571415347 0)
(0.8580140670654968 0.1651096424092071 0)
(0.8808323211575901 0.1587568329457178 0)
(0.9021880211407037 0.1500304689276362 0)
(0.9216750336018347 0.1396777015913148 0)
(0.9389955843531841 0.1281416708780032 0)
(0.9538145029312051 0.1158248928188457 0)
(0.9654296094938076 0.103530199505218 0)
(0.9742372982442297 0.09121496256093886 0)
(0.9807006575883166 0.07903357810219201 0)
(0.9857872221900124 0.06635911618231752 0)
(0.988201126277156 0.05599747467030332 0)
(0.988923904723063 0.04657268148982065 0)
(0.9884642463711024 0.0382885472279051 0)
(0.9865786296530086 0.03158429166764133 0)
(0.9838990000290129 0.02577279319651044 0)
(0.9806027163781292 0.02083532919806367 0)
(0.977378728402517 0.01682074391175641 0)
(0.9742535867547646 0.01351353272929387 0)
(0.9711438779057397 0.01082226907646115 0)
(0.9678674115862522 0.008565475822770967 0)
(0.9646215098841828 0.006620916540609461 0)
(0.9611531979698045 0.004728495085315836 0)
(0.9570710973408438 0.002692802529103493 0)
(0.9508950631891149 0.0002379803435936404 0)
(0.9416353115251965 -0.002885190387367832 0)
(0.9284240720201771 -0.006641103110957031 0)
(0.9119829386440066 -0.01072894500379181 0)
(0.8906210274881583 -0.01523853283643153 0)
(0.865775749359766 -0.02003671737078752 0)
(0.8395405855264816 -0.02483026598057154 0)
(0.8126480655248068 -0.02941959178362923 0)
(0.7885048695963719 -0.03384997326213993 0)
(0.7669838395202271 -0.03816321232926397 0)
(0.7485190549473923 -0.04239496787142084 0)
(0.7355453460661913 -0.04705745110702995 0)
(0.7260122344890889 -0.05143132255480129 0)
(0.7207767162580953 -0.05602767383921572 0)
(0.7174053190757503 -0.06056845810862201 0)
(0.7161609496294564 -0.06515134706647542 0)
(0.7142992259530693 -0.06939727161170033 0)
(0.7119717672576392 -0.07349195628565169 0)
(0.709329397486123 -0.07747912125774296 0)
(0.708153506090368 -0.08081938549635541 0)
(0.7033174375029251 -0.08394939543893558 0)
(0.7010510879677068 -0.08694965500077628 0)
(0.6978952631018578 -0.08969285180298138 0)
(0.6948356714413133 -0.09199681906417057 0)
(0.6917590270577886 -0.09401130172879457 0)
(0.6888379180738092 -0.09562025842498409 0)
(0.6857694946639183 -0.09720607481098088 0)
(0.6826520296211441 -0.09833710800340378 0)
(0.6797212812334709 -0.09913665403130667 0)
(0.6767853405178035 -0.09958069071407816 0)
(0.6736891501817679 -0.09965601477326781 0)
(0.6705725058774483 -0.09932786731528205 0)
(0.6676529151933409 -0.0987114920977233 0)
(0.664793859163584 -0.09780170874383977 0)
(0.6621512800273717 -0.09671110892701679 0)
(0.6594334469084981 -0.09566757356660383 0)
(0.6566958253402273 -0.09447196114141303 0)
(0.6541000716781123 -0.09306520164881604 0)
(0.6516123490556311 -0.09158109261020869 0)
(0.6493133905353802 -0.08989887018651403 0)
(0.6471230862097941 -0.08800672919489323 0)
(0.6449851911588459 -0.08602051121539334 0)
(0.6430925583942453 -0.08413024565963968 0)
(0.6411776583573778 -0.08201292078866769 0)
(0.6393023255007281 -0.07997803723227377 0)
(0.6374867945800736 -0.07784583897012726 0)
(0.6358037791897324 -0.07558829127323594 0)
(0.6340550014248432 -0.07350117584656823 0)
(0.6323556937507548 -0.07139279430598103 0)
(0.6306947136650407 -0.0691903311218145 0)
(0.6289709374591478 -0.06682949949517315 0)
(0.6270339972499996 -0.06447827836013814 0)
(0.6250879334188798 -0.06212822877603531 0)
(0.6232981791880328 -0.05972392451674068 0)
(0.6216057475366048 -0.05714929089611813 0)
(0.6199770098569271 -0.05459097173474239 0)
(0.6184184380614844 -0.0520771868016045 0)
(0.6170287350566918 -0.04953206238911729 0)
(0.615647384596703 -0.04691362112103891 0)
(0.614265715945547 -0.044396149396042 0)
(0.6128070301867973 -0.04181942121748669 0)
(0.6113115360305461 -0.03887069078621753 0)
(0.6098154879333277 -0.03583588875209029 0)
(0.6083782766506217 -0.03274556095265077 0)
(0.6070192883436829 -0.02963449044639348 0)
(0.6056897792003397 -0.02640160053335665 0)
(0.6044361512836959 -0.02297770645966458 0)
(0.603276665282933 -0.01937284884255367 0)
(0.6021029009138243 -0.015638719748649 0)
(0.6006118801473026 -0.01154031746163049 0)
(0.5993465265510816 -0.007282628637399169 0)
(0.5981747645151646 -0.002908862222967278 0)
(0.5974836823739846 0.001913391763466664 0)
(0.5964733048241508 0.006959246917309724 0)
(0.5957638557509306 0.01237917457567502 0)
(0.5950579439548178 0.01805268017285183 0)
(0.5944368313277048 0.02437067733363695 0)
(0.5940069883350265 0.03099517635910918 0)
(0.5945618674355617 0.03810781597703009 0)
(0.5963027926613367 0.04567649751167706 0)
(0.5994494462454635 0.05371363605255217 0)
(0.6041678935037389 0.06219020350572673 0)
(0.61087948443179 0.07085159822454773 0)
(0.6188632019710677 0.07985331975122259 0)
(0.6282320738661367 0.08902878368224325 0)
(0.6393705557629293 0.09811018933869328 0)
(0.6517199208569704 0.1073689855382228 0)
(0.6654331597450389 0.1162795684851946 0)
(0.6803939768599605 0.124940149282657 0)
(0.6967473804756587 0.133294551046221 0)
(0.714239205147545 0.1412495538680662 0)
(0.7329694731358248 0.1483723039622225 0)
(0.7528117722531227 0.1546426493005048 0)
(0.7738192257126078 0.1593142366445317 0)
(0.7958947037731766 0.1623188164626976 0)
(0.8186723852445726 0.1632587114330176 0)
(0.8417227653730599 0.161708574438147 0)
(0.8641910951231251 0.1578309721045615 0)
(0.8858900512886855 0.1519257445169873 0)
(0.9061640891518021 0.143852821448998 0)
(0.9248355214656362 0.1340505765382506 0)
(0.9412241064910942 0.1234429706600241 0)
(0.9553081217015487 0.1119915029164102 0)
(0.9664755908044957 0.1004746072653726 0)
(0.9750457315287046 0.08891399471830197 0)
(0.9814234783332786 0.07744536532951812 0)
(0.9867840738834731 0.06534241166475253 0)
(0.9893810144255785 0.05550457631070974 0)
(0.9903620901985201 0.04645588702491762 0)
(0.9900685182675132 0.03851437335319728 0)
(0.9885911197734379 0.03188692395068323 0)
(0.986263895002514 0.02619387111508357 0)
(0.98316830440405 0.02134926687520846 0)
(0.9798110722755672 0.01729116239977667 0)
(0.9768850592047875 0.01394172021768775 0)
(0.9739865051091313 0.01116807090840741 0)
(0.9711740861602152 0.008868280179062427 0)
(0.968353680745654 0.006866347453336074 0)
(0.9655901369661088 0.004954789092535063 0)
(0.9625770694405962 0.003047922739740534 0)
(0.9589045937252849 0.0009058328777424801 0)
(0.9532991724548302 -0.001681805567805681 0)
(0.9447952911836088 -0.004911633123152144 0)
(0.9337148622465019 -0.008628361609052131 0)
(0.9196375782453889 -0.01266443479301206 0)
(0.9023199732358174 -0.01705040295416669 0)
(0.882662735756566 -0.02187870655555631 0)
(0.8621468531727494 -0.02675599053829952 0)
(0.8412893695393906 -0.03149280798630995 0)
(0.8228776262171296 -0.03621063906166393 0)
(0.806492155314636 -0.04088493896955458 0)
(0.7930862480438645 -0.04550168748564822 0)
(0.7834410984801882 -0.05024899370092275 0)
(0.7772031817384824 -0.05465687490641301 0)
(0.7736170047515581 -0.05914728530242517 0)
(0.7700162976966243 -0.06352264282866105 0)
(0.766003928584658 -0.06778382741454078 0)
(0.7634401766101715 -0.07169663561139421 0)
(0.7588019231081666 -0.07561836161073426 0)
(0.7551424672973204 -0.07894750333772865 0)
(0.7517964087254476 -0.08192005852679358 0)
(0.747815668860605 -0.08488822533869751 0)
(0.7436738502415454 -0.08761100875714684 0)
(0.7398316964044158 -0.08984908793989509 0)
(0.7359346985959474 -0.09191030401919023 0)
(0.7321471040963512 -0.09354974172039845 0)
(0.728308862825874 -0.09499451946893346 0)
(0.7243202733855607 -0.09618998247426704 0)
(0.7204143847293506 -0.09703039686511826 0)
(0.716500664101357 -0.09736367454612441 0)
(0.7125652829433945 -0.09742780321963104 0)
(0.7087762967714112 -0.09717030869691828 0)
(0.7051047036592227 -0.09657639703553234 0)
(0.7015119865307822 -0.09589756711622746 0)
(0.6981802363753856 -0.09488237622833834 0)
(0.6949783541096246 -0.09382863965705032 0)
(0.6917757309208589 -0.09264763356432013 0)
(0.6886192280486807 -0.09134118044652509 0)
(0.6855676529086161 -0.08991570452092119 0)
(0.6825236188123232 -0.08828672602440207 0)
(0.6795947326993913 -0.08655017868102552 0)
(0.6768489072039712 -0.08465314303548058 0)
(0.6743496693639605 -0.08278852279488431 0)
(0.6719132938747006 -0.08074188006023827 0)
(0.6695292932951462 -0.07867944141600058 0)
(0.6671894202981561 -0.07657317772915559 0)
(0.6649372115642598 -0.07434566780415242 0)
(0.6626783223524167 -0.07222163149827551 0)
(0.6604017974329565 -0.0701249299673064 0)
(0.6582026566039288 -0.06792653221816032 0)
(0.6561252631845049 -0.06551517422855838 0)
(0.6540753087138583 -0.06307720910461082 0)
(0.6519347576449347 -0.06074142751607989 0)
(0.6498065345265958 -0.05846237852252349 0)
(0.6478812847795925 -0.05597628301845951 0)
(0.6460745599773432 -0.05337434716372366 0)
(0.6441235692626717 -0.05085329014000341 0)
(0.6421370532070965 -0.04832423524641444 0)
(0.6402890082300871 -0.04579954309808212 0)
(0.6385305020625651 -0.04322360088336008 0)
(0.6367038652465078 -0.04054822722955104 0)
(0.6348470990958341 -0.03774503223879952 0)
(0.6331025395355634 -0.03486529406621401 0)
(0.6313528845393047 -0.0318906990456023 0)
(0.6296362135409682 -0.02880486877684455 0)
(0.6279766464975675 -0.02562119808286014 0)
(0.6264851039544971 -0.02225243602017128 0)
(0.6248582974917131 -0.01865348643974409 0)
(0.6232417329593023 -0.01485590542606132 0)
(0.6217532312225982 -0.01085478837516326 0)
(0.6208060283837749 -0.00679980760518588 0)
(0.6192666430835191 -0.002288953079126102 0)
(0.6179598967400244 0.002312900633338483 0)
(0.6167748874147581 0.007256427036196215 0)
(0.6160288294130398 0.01261248731542885 0)
(0.6149757119760518 0.01834462233368483 0)
(0.6144683302615493 0.02428722671606755 0)
(0.613986796697011 0.03075880449358526 0)
(0.6142880665359102 0.03761944194336303 0)
(0.6155576528175987 0.04493885375750811 0)
(0.6187949717081811 0.05269927684350615 0)
(0.6232529855817313 0.0608256861731555 0)
(0.6295776527947018 0.06914037607290559 0)
(0.6371868868934518 0.07780142342126277 0)
(0.6466402324650167 0.08644190142583177 0)
(0.6572090651685782 0.09525304992329177 0)
(0.6692444370562185 0.1039981589235552 0)
(0.6825433315922558 0.1124428477626758 0)
(0.6969639864779621 0.1206059449199613 0)
(0.7125481501255516 0.1284940825320263 0)
(0.7291757414800105 0.1359277708518317 0)
(0.7469496315748245 0.1426218478635729 0)
(0.7657771742179138 0.1481922719570593 0)
(0.7856845666591263 0.1524468710456207 0)
(0.8065152069997259 0.1550151183456522 0)
(0.8279707352709167 0.1558914909577167 0)
(0.8495520621938419 0.1545233772107101 0)
(0.8707598229197396 0.1508734077961044 0)
(0.8911853656446519 0.1452651958935008 0)
(0.9105619348026837 0.1377367931939256 0)
(0.9283232111732145 0.1286588090555371 0)
(0.9438658752641462 0.1188534188118072 0)
(0.9570279549824712 0.1082172312877175 0)
(0.9678412935383023 0.09746982628418678 0)
(0.9761941110542409 0.08658261799160702 0)
(0.9824184295573177 0.07580236786466613 0)
(0.9880944123143085 0.06422172365995008 0)
(0.9908916736589126 0.05491852962747815 0)
(0.9921062071812711 0.04625307370087872 0)
(0.9920140634506646 0.0386554406188299 0)
(0.9908000893965609 0.03211552599629086 0)
(0.9887888738942946 0.02652694732117908 0)
(0.9859913643005989 0.02180584746919872 0)
(0.9828347212358735 0.01769032671021288 0)
(0.979763543850162 0.01427218835375056 0)
(0.976992271208716 0.01145120757211751 0)
(0.9744155962778015 0.009068829297761751 0)
(0.9719604579962078 0.006970990082406214 0)
(0.9695168967477796 0.005063911591858964 0)
(0.9671469187907441 0.003179314086611226 0)
(0.9645277922395261 0.001166810955363317 0)
(0.9612808451507726 -0.001054532981687787 0)
(0.9562046458274783 -0.003801732718023689 0)
(0.9493088039014355 -0.007045979018128339 0)
(0.9399389727669772 -0.01081492248162309 0)
(0.9287530859904807 -0.01471759729442763 0)
(0.9150085764784294 -0.01912371205936145 0)
(0.9000380657123225 -0.02396355222688518 0)
(0.8845356013079084 -0.02876034273403192 0)
(0.8692556803610965 -0.03358808488786223 0)
(0.8556341514955448 -0.03844825070093386 0)
(0.8439248972387129 -0.04317952512796675 0)
(0.8336826173055972 -0.04790824073259593 0)
(0.8273448554251305 -0.05250110683898378 0)
(0.8228827167821913 -0.05683486403941519 0)
(0.8181752168550659 -0.06106969333980908 0)
(0.8137261143837947 -0.0652833540808436 0)
(0.8089390046093069 -0.06922059241858046 0)
(0.804788221448397 -0.07277974133525686 0)
(0.7990781765816334 -0.07640231727902699 0)
(0.7956635065971001 -0.07939542887720467 0)
(0.7906897796367496 -0.08222263479456546 0)
(0.7860622756700877 -0.0849558332487258 0)
(0.7813378544195448 -0.08723087469745175 0)
(0.7767575944595202 -0.08928117539443642 0)
(0.7722396207526523 -0.09099405414358491 0)
(0.7678469845315579 -0.09239934082169692 0)
(0.7633597654602662 -0.0935158579225555 0)
(0.7586695503906032 -0.09436368229249723 0)
(0.7540868344938858 -0.09475521755486266 0)
(0.7496015837452152 -0.09494815905728757 0)
(0.7452950484647753 -0.0948162363389049 0)
(0.741149934174029 -0.09429935741196192 0)
(0.737048875404217 -0.09373061738619755 0)
(0.7331324774562907 -0.09287442743559728 0)
(0.7294005072777965 -0.09185616557561611 0)
(0.7257130526942071 -0.09068907252019626 0)
(0.7220467339223866 -0.0893737172370335 0)
(0.7183985936899275 -0.08803328111653504 0)
(0.7148138393210848 -0.08641007613722257 0)
(0.711433286447585 -0.08473278374201784 0)
(0.7081593526993684 -0.08289747545331902 0)
(0.7050200123404732 -0.08110610851138692 0)
(0.7019802812065978 -0.07914709779639963 0)
(0.6990682644617652 -0.07709375872881739 0)
(0.6961954956404585 -0.07500077442634576 0)
(0.6933385152844764 -0.07276408748214448 0)
(0.6906096870507265 -0.07061548158018292 0)
(0.6878666655823898 -0.06847401311364835 0)
(0.6851730412541408 -0.06628710219958128 0)
(0.6825549942671794 -0.0640220269857142 0)
(0.6802264026423235 -0.06161629895947367 0)
(0.6780081962862461 -0.05921705167173075 0)
(0.6755452965138549 -0.05698285704767624 0)
(0.673200814220715 -0.05462787832204877 0)
(0.6709267006172818 -0.05209905115531309 0)
(0.6687125973128919 -0.04947145038482728 0)
(0.6664319855719014 -0.04692432298456131 0)
(0.664129716323917 -0.0444434933880373 0)
(0.661966056938331 -0.04191830564191899 0)
(0.6599076732026248 -0.03923439605991731 0)
(0.6579062468236818 -0.03643512377666958 0)
(0.6559574208628305 -0.03359302316349264 0)
(0.6540158176154831 -0.03068939508030299 0)
(0.6521008702522874 -0.0276273085123837 0)
(0.6501250031602847 -0.02454066080813282 0)
(0.6482212401351778 -0.02127499067378987 0)
(0.6463905658343966 -0.01772140580667469 0)
(0.6448184192918933 -0.01403135968734892 0)
(0.6436714319084241 -0.01018568267947776 0)
(0.6420715949324922 -0.005989711198144345 0)
(0.6407557949418373 -0.00154993588437416 0)
(0.6391626635972217 0.002964223660161463 0)
(0.6380553551152979 0.007783659710734146 0)
(0.6368193960269605 0.01297540834892796 0)
(0.6359214418563806 0.01851398639921843 0)
(0.6353901535882434 0.024318801232557 0)
(0.6351380194768758 0.03060534403559095 0)
(0.6349510159205415 0.03722869200800148 0)
(0.6361300521218625 0.04426451835821468 0)
(0.6391387273103508 0.05167840117963445 0)
(0.6435545397222775 0.05946358048049788 0)
(0.6494996758342174 0.06746116342361065 0)
(0.6570408393942581 0.07562197353786014 0)
(0.6659788067583366 0.08389483050270161 0)
(0.6760544707195497 0.09234680926595257 0)
(0.6876388039514587 0.1005679042681797 0)
(0.7002445151996568 0.1085605428232879 0)
(0.7139319020188837 0.116293219199878 0)
(0.72857280180202 0.1237349436367437 0)
(0.7443520989777067 0.1305299833004654 0)
(0.7611478155350292 0.1366872124829208 0)
(0.7790628485611131 0.1417959831134143 0)
(0.7977884546304097 0.1457637960653027 0)
(0.8174033988888625 0.1480726267669896 0)
(0.8374724755054329 0.1487598251202938 0)
(0.8577718318954749 0.1475581095586393 0)
(0.8777672487261059 0.144176788209775 0)
(0.8971243899539482 0.1387446525195553 0)
(0.915369400942275 0.1318020057242323 0)
(0.9321513892805813 0.1234528010998015 0)
(0.9467818059284236 0.1144028305159997 0)
(0.9591802626436292 0.1045202643917064 0)
(0.9695551503347868 0.09446923114131586 0)
(0.9776825296458039 0.08425453470820864 0)
(0.9837322373747415 0.07412026298246646 0)
(0.9896992704880836 0.06303885292156866 0)
(0.9926411545704314 0.0542037353131028 0)
(0.9941124105593118 0.04597626919947323 0)
(0.9942597662302928 0.03869841005811429 0)
(0.9933298094516849 0.03232239211781086 0)
(0.9915045190751374 0.02677605316862021 0)
(0.9890753131732755 0.02216446492222383 0)
(0.9862218890778724 0.01806018306095925 0)
(0.9832734210436593 0.01456792567696494 0)
(0.980426413618006 0.01167513335577976 0)
(0.977937488641399 0.009191313162115381 0)
(0.9756946400177793 0.006974288366631925 0)
(0.9735284735780299 0.005027491962130636 0)
(0.9714061545923004 0.003110530126321355 0)
(0.9692677449091396 0.001148336877877122 0)
(0.9671434063198966 -0.0009350875101162106 0)
(0.9642367095620878 -0.003302436329063748 0)
(0.9600658292506894 -0.006058390367484042 0)
(0.9543261843826126 -0.009402585808650291 0)
(0.9470593511920679 -0.01311065049341313 0)
(0.93819040357857 -0.01699471131613825 0)
(0.9281420468942432 -0.02144583545369414 0)
(0.9169502326282258 -0.0260778077093348 0)
(0.9056241848515731 -0.0308547048442586 0)
(0.8949151810093335 -0.0356169256934178 0)
(0.8847701630951235 -0.040348068987733 0)
(0.8761993320054253 -0.04499195440858892 0)
(0.8697158863193297 -0.04961581887891796 0)
(0.8643224202572917 -0.05393044739430874 0)
(0.8598211279067633 -0.05813084017279017 0)
(0.854887618412425 -0.06210347904500202 0)
(0.8493173213588132 -0.06612027044663567 0)
(0.8448088598462944 -0.06974385843920278 0)
(0.8400710338519661 -0.0730954532754672 0)
(0.8337169862886213 -0.07633374088401593 0)
(0.8289455481814001 -0.07895729098667667 0)
(0.8240288474073618 -0.08162401926227256 0)
(0.818838591782429 -0.08396548851511504 0)
(0.813647737340401 -0.08598923588285462 0)
(0.8084914703303845 -0.08775468087925285 0)
(0.8034608563916835 -0.08921361451490703 0)
(0.798514856677217 -0.09024579779339288 0)
(0.7935655662650664 -0.09099634934985731 0)
(0.7886212592759901 -0.09146796216157904 0)
(0.7837612986536315 -0.09166634668846721 0)
(0.7789266069049406 -0.09164641942957409 0)
(0.7743425570231897 -0.0912134300607179 0)
(0.7698703141205467 -0.09064759187510933 0)
(0.765444285572722 -0.08987367724206111 0)
(0.7611847740894635 -0.0889452568480011 0)
(0.756990545346623 -0.08783758772005354 0)
(0.7529252854543862 -0.08659215097797622 0)
(0.7489147121222044 -0.08524590988988257 0)
(0.7450289310475758 -0.08373770897492075 0)
(0.7412839451723272 -0.08221238694883332 0)
(0.7377220456702146 -0.08051203744900901 0)
(0.734240014509016 -0.0788077481908955 0)
(0.7308276639140772 -0.07694935401399797 0)
(0.727469499732081 -0.07494766954291301 0)
(0.7241569174328886 -0.07292719384979153 0)
(0.7210487173298239 -0.07076999554785841 0)
(0.7180174857455861 -0.06868756863981705 0)
(0.7150214204612495 -0.06663268296866723 0)
(0.7120956257838488 -0.0644674423799184 0)
(0.7092013179201582 -0.06228162471956718 0)
(0.7064425696500573 -0.06004474221837389 0)
(0.703896333927001 -0.05772432981785515 0)
(0.7013611971054944 -0.0554147341067165 0)
(0.6987574957322696 -0.05309168779834789 0)
(0.6962350144542958 -0.05064430926008062 0)
(0.693886646334699 -0.04805394162574974 0)
(0.6915162323825795 -0.04550323158547276 0)
(0.6890843737079977 -0.04300235734580277 0)
(0.6866264204489544 -0.04048677953112995 0)
(0.6841964955909505 -0.03784423452008899 0)
(0.6819194153953089 -0.03506648851439073 0)
(0.679736305627862 -0.03221906713986826 0)
(0.6775469915767642 -0.02936790683967804 0)
(0.6754250358001933 -0.02636268057035592 0)
(0.6733280372783346 -0.02320605478163557 0)
(0.6711728699997702 -0.02001502223836323 0)
(0.6694216953298009 -0.01663060336804292 0)
(0.6678585230745671 -0.01310207845149389 0)
(0.6660349741381923 -0.009223056271480573 0)
(0.6639179752069241 -0.005059322595784214 0)
(0.6627323415053097 -0.0008179450779440711 0)
(0.6615048802539049 0.003732303017050234 0)
(0.660072553891305 0.008422978309620542 0)
(0.6587243006803207 0.01338910386139876 0)
(0.6578604224543931 0.01873915173725307 0)
(0.6570414861213842 0.02447574204439089 0)
(0.6565826929868651 0.03048114307529478 0)
(0.6564314204482459 0.03687028141590529 0)
(0.6576537675792919 0.04362496756941787 0)
(0.6603620907905756 0.05069543692098058 0)
(0.6646222699154696 0.05808667342905585 0)
(0.6701731782501437 0.06572885464610369 0)
(0.6773349167383962 0.07340376002842516 0)
(0.6855639617134226 0.08139703444624473 0)
(0.695209957263649 0.0893179319137857 0)
(0.7060842801555969 0.09702436672600323 0)
(0.718075007473046 0.1046817100090074 0)
(0.7309634679771438 0.1120101095790027 0)
(0.7449161773787507 0.1188548387571529 0)
(0.7598357858836198 0.1251339472828905 0)
(0.7755850413325424 0.1308421834392988 0)
(0.7924864805167483 0.1355516389149403 0)
(0.8101362320112911 0.139234465015604 0)
(0.8285209780182671 0.1413955223755135 0)
(0.847380982443011 0.1418704448800774 0)
(0.8664719663315691 0.1406946127545976 0)
(0.8853405706661487 0.1375410486964286 0)
(0.9035797365969233 0.1325007159985712 0)
(0.9205408606048909 0.1261307221471699 0)
(0.9362276180028901 0.1184250574745623 0)
(0.9499716120047026 0.1100176633051723 0)
(0.9616865074441716 0.100882853271715 0)
(0.9716069058029935 0.09147728553810525 0)
(0.9794930944451675 0.08195323342378351 0)
(0.985373694864601 0.07239787286452903 0)
(0.9916185699784028 0.06180798149109239 0)
(0.9945517362317164 0.05339665716329658 0)
(0.9962774685258096 0.04558399776246751 0)
(0.9966404249094233 0.03863717790888951 0)
(0.9960388971333515 0.0324408718209308 0)
(0.9944834770363622 0.02704344692730463 0)
(0.9923727018426463 0.02242762331040912 0)
(0.9899107605089266 0.0183633998063709 0)
(0.987086390150121 0.01487194883670892 0)
(0.984466366304948 0.01191380578316981 0)
(0.982032504628334 0.009293753250006309 0)
(0.9797761621650717 0.006962537012718872 0)
(0.9779516962696713 0.004952280617503561 0)
(0.976022774444318 0.002960389501050405 0)
(0.9741993357147769 0.001014795110614956 0)
(0.9721821216096856 -0.00109976094969732 0)
(0.9703315718705517 -0.00332221587601135 0)
(0.9678109375564226 -0.005774264410477364 0)
(0.964291554207759 -0.008611958666595634 0)
(0.9599782565288646 -0.01197480157821075 0)
(0.9544052902556859 -0.0155642015517816 0)
(0.9476539877858823 -0.01957501062109346 0)
(0.9404487551693883 -0.02382173499956791 0)
(0.9324077744181769 -0.02832678294439058 0)
(0.9244579261408039 -0.03296219016971347 0)
(0.9161492762929072 -0.03753108987882619 0)
(0.9099051276748678 -0.04202778891654826 0)
(0.9035971706460146 -0.04649414995283028 0)
(0.8989627688599712 -0.05074663124436423 0)
(0.8935602024722922 -0.05491088037543964 0)
(0.8888353430412311 -0.05890248568473425 0)
(0.8844745929471991 -0.06262257745584303 0)
(0.8782793802886625 -0.06648165543696426 0)
(0.8736252817374414 -0.06953861520421512 0)
(0.8681810180915478 -0.07261630174161175 0)
(0.8623036812491763 -0.07546880784523916 0)
(0.8574504701552493 -0.07791619400397798 0)
(0.8520953831658237 -0.08032156355051273 0)
(0.8467017010459721 -0.08240488958745903 0)
(0.8413288747359449 -0.08412776971154476 0)
(0.8359148312776622 -0.08556258480807569 0)
(0.8305182291034917 -0.08668921601831989 0)
(0.8252607030292525 -0.08745898785740033 0)
(0.8200874093408771 -0.08792557095375997 0)
(0.8150263079252692 -0.08813183798584046 0)
(0.8099397561884036 -0.08812091877570455 0)
(0.8049370271565068 -0.08777876679661668 0)
(0.8000418081987108 -0.08726504506177331 0)
(0.7953120567804965 -0.08655488047524675 0)
(0.7907269836188712 -0.08572175429425796 0)
(0.7862722934890791 -0.08463565654823225 0)
(0.7818556544603854 -0.0834897381505975 0)
(0.7775685595280648 -0.08219051401775118 0)
(0.7733866378343317 -0.08081306075878064 0)
(0.7692757359798896 -0.07934186693255596 0)
(0.7652827172463699 -0.07773111703782172 0)
(0.76139797247293 -0.07608985601688562 0)
(0.7576089722378783 -0.07431060506273378 0)
(0.753994684249881 -0.07240173190599108 0)
(0.7504687290403254 -0.07048957789376002 0)
(0.7471154652055576 -0.06850796949544467 0)
(0.7439088148942772 -0.06649830617076816 0)
(0.7407270047159211 -0.06443114079409959 0)
(0.7375432055011986 -0.06230201422744217 0)
(0.7344061224021339 -0.06018813396963477 0)
(0.731390600396687 -0.05809560377867796 0)
(0.7285782071796127 -0.05592000231036344 0)
(0.7259287924330201 -0.05359536284982822 0)
(0.7232692987965598 -0.05134248565671497 0)
(0.7206808057118483 -0.04900702835284759 0)
(0.7181937618538674 -0.04654392524831998 0)
(0.715781015015315 -0.04397293067374707 0)
(0.7133341297886679 -0.04139950632794979 0)
(0.7107740333681634 -0.03888581015423251 0)
(0.7082011859260431 -0.03631143872462191 0)
(0.7056791378812926 -0.03360453588962189 0)
(0.7032895215342487 -0.03077573436157522 0)
(0.7010042765461834 -0.02792285037875092 0)
(0.6987617329516947 -0.0249911566039631 0)
(0.6966537452588033 -0.02191007484890447 0)
(0.6946347796337899 -0.01877435036998748 0)
(0.6927458122989195 -0.01547283170123377 0)
(0.6905757547789253 -0.01194087616174785 0)
(0.6881932304425349 -0.008081422468817417 0)
(0.6865725640069196 -0.004215784252433616 0)
(0.6852686367327611 -2.606897079322323e-05 0)
(0.6838123903291604 0.004459692849474386 0)
(0.6823140759965972 0.009119782262745362 0)
(0.6812849458736229 0.01392489369638901 0)
(0.6801458996237802 0.01909821841746457 0)
(0.6792005309608111 0.02463013865137868 0)
(0.6785832446373845 0.03044260890405043 0)
(0.6787868455082853 0.03653887740047707 0)
(0.6797043019035521 0.04301221194948736 0)
(0.6820674683285894 0.04972140230975963 0)
(0.6860267608456319 0.05679283525038371 0)
(0.6912157877920898 0.06397378961757889 0)
(0.697689647648608 0.07130531058678531 0)
(0.705475381087576 0.07873255082959688 0)
(0.7145185549872555 0.08619254629474234 0)
(0.7248689351896824 0.09352987935592838 0)
(0.7361536568619733 0.1006930985964408 0)
(0.748256392329531 0.1075311353923666 0)
(0.7614579431519111 0.113923517408079 0)
(0.775437051875756 0.1198721662820695 0)
(0.7903381960434365 0.1251299839810734 0)
(0.8061226360545282 0.1295251275201696 0)
(0.8227049628773082 0.1328189188281184 0)
(0.8399542074584817 0.1348618017006716 0)
(0.857673976141942 0.1351349879769042 0)
(0.8754350415226351 0.1338603013464755 0)
(0.8930618756190958 0.1310392738955661 0)
(0.9101233642926704 0.1265315477122426 0)
(0.925854363683376 0.1207013692109058 0)
(0.9402594726923716 0.1135040184822887 0)
(0.9533653408179276 0.105682694923723 0)
(0.964495612009179 0.09729779960727161 0)
(0.9740096483807213 0.08851432234658521 0)
(0.9816215709948684 0.07961041360137591 0)
(0.9873869237582259 0.07063735448051099 0)
(0.9938900768089535 0.06054282612355703 0)
(0.9968085527908045 0.05253437562890756 0)
(0.9985944421713924 0.04509308417931651 0)
(0.9991955127352997 0.03846431667013918 0)
(0.9988792990824931 0.03245473430866497 0)
(0.9976859185812339 0.02722108849643712 0)
(0.9957819406894329 0.0226455079686861 0)
(0.9937034232185005 0.01862819657831119 0)
(0.9912783713032843 0.01514319047647606 0)
(0.9887914170267155 0.01206566137915736 0)
(0.9865041723896397 0.009383608154487437 0)
(0.9844102543563664 0.007031735141418732 0)
(0.9825074003319338 0.004846732282663411 0)
(0.9808972023950993 0.002814141758665282 0)
(0.9793614030986815 0.000841092529971295 0)
(0.9775431383162054 -0.00125414570089556 0)
(0.9759039981835153 -0.003476883010738912 0)
(0.974243335232015 -0.005884285504299578 0)
(0.9719037985564188 -0.008440091589480515 0)
(0.9689577043293243 -0.01137737199279601 0)
(0.9657696888179816 -0.01468386990905688 0)
(0.9616685287914131 -0.01831104287525973 0)
(0.956596670632526 -0.02225160525896194 0)
(0.9515512359883426 -0.02631946858795465 0)
(0.9457596845061824 -0.03061201568123165 0)
(0.9399712736707156 -0.03496391684924628 0)
(0.9344653644929434 -0.03938751652552047 0)
(0.9298849305618124 -0.04361260863205169 0)
(0.9250705470606494 -0.04775204417032949 0)
(0.9208636797505586 -0.05166893222103158 0)
(0.9161493541611755 -0.05565266526786335 0)
(0.9115000298793661 -0.05921125321989627 0)
(0.9066581071199799 -0.0626888929497515 0)
(0.9013465829155705 -0.06610355336087816 0)
(0.8967845767105104 -0.06883794721165798 0)
(0.8909531563862909 -0.07172426683395003 0)
(0.8860253233486538 -0.07417175649073596 0)
(0.8806030705674384 -0.07642095950194276 0)
(0.87516183858857 -0.07850138198214966 0)
(0.86967150373503 -0.08023615446417916 0)
(0.864166406608418 -0.08163753232615771 0)
(0.8586367107288796 -0.08276775898137573 0)
(0.8531472233489594 -0.08358243703290147 0)
(0.8477161644711525 -0.08415443574972122 0)
(0.8424022883163103 -0.08443099804286197 0)
(0.8371888549629564 -0.08443989859720469 0)
(0.8320416117132921 -0.08416432924582215 0)
(0.8269920270209757 -0.08374551789581353 0)
(0.8220693690388368 -0.08314955144527618 0)
(0.8172309625865259 -0.08244636410400127 0)
(0.8126017755271429 -0.0814713954747984 0)
(0.8081360664305377 -0.08034305375987635 0)
(0.8037334809975749 -0.07908025862755802 0)
(0.7993930464432555 -0.0777542485260533 0)
(0.7951454485340471 -0.07630621118949624 0)
(0.7909661279076701 -0.07479380082201303 0)
(0.7868912088173454 -0.07323102310262967 0)
(0.7829236277231701 -0.07157570528167093 0)
(0.7791661296023479 -0.06980168747734193 0)
(0.7755749832126636 -0.06792301317202584 0)
(0.7720045491541365 -0.06604060050981704 0)
(0.7685527992073771 -0.0640963099361001 0)
(0.7652402028800442 -0.06203893893599112 0)
(0.7620103609517658 -0.05998805297181657 0)
(0.7589304948408314 -0.05789061916300933 0)
(0.755837681113541 -0.05584511106060087 0)
(0.7527805091347564 -0.05377779789439451 0)
(0.7498008167630087 -0.05156829334022886 0)
(0.7469108594251284 -0.04929310584446177 0)
(0.7440355132132035 -0.04703651319132671 0)
(0.7412692717750531 -0.04470640928479402 0)
(0.7386844495565854 -0.04224771314330527 0)
(0.7362117636720784 -0.03969544019669721 0)
(0.7337561753507696 -0.03713997115604863 0)
(0.7312619612292315 -0.03455730625976294 0)
(0.7287590354680481 -0.03192158202167329 0)
(0.7263363262668101 -0.02923249487757276 0)
(0.7240474752343471 -0.02641214199008747 0)
(0.7217968618305965 -0.02351709071030273 0)
(0.7196505707457458 -0.02050185921272851 0)
(0.7175501577196772 -0.01734372384604966 0)
(0.7151171079175204 -0.01406887784062643 0)
(0.7126288032795932 -0.01058022363304128 0)
(0.7110806343876304 -0.007009551871199508 0)
(0.7090491100098635 -0.003134723917264323 0)
(0.7074471483181457 0.0009592274639852295 0)
(0.7056948872780948 0.005224574374257269 0)
(0.7044458528091699 0.009728119754670767 0)
(0.7033844318216907 0.01447374307647324 0)
(0.7024364604672813 0.01947815073673615 0)
(0.7016856999329508 0.02477490089365237 0)
(0.7013560415016807 0.03037618611595722 0)
(0.7014748491457002 0.03625138984412959 0)
(0.7022547382702891 0.04242307470875933 0)
(0.7044196395022522 0.04886868120156129 0)
(0.7080315085465294 0.05547023991247232 0)
(0.7128490077450049 0.06224686307111615 0)
(0.7187855069614113 0.06921364072933771 0)
(0.7260818202440016 0.07610804795791412 0)
(0.7344250184481109 0.08310931859669977 0)
(0.7438696710634233 0.08994432724628486 0)
(0.7543693646744684 0.09663137632726351 0)
(0.765790424413558 0.1030475346226862 0)
(0.7782727246561401 0.109046348898785 0)
(0.791173386344819 0.1146570887388907 0)
(0.8053414813098024 0.1194653729310968 0)
(0.8198977240054988 0.1235717397226015 0)
(0.8355120875790832 0.1263802698832728 0)
(0.8514364039635822 0.1282344506676477 0)
(0.8679022836463087 0.1285574648766964 0)
(0.8843855363850367 0.1273288553069353 0)
(0.9006921191299764 0.1247738236693837 0)
(0.916399091299126 0.120685157140473 0)
(0.9310837444944075 0.115366660588603 0)
(0.944633213025696 0.1087567704363141 0)
(0.9570565819384715 0.1014355622372984 0)
(0.9676407431330862 0.09375819193796597 0)
(0.9767160866067726 0.0855999274391817 0)
(0.984001956573 0.07725117417676605 0)
(0.9896441346730414 0.0688231296701361 0)
(0.9964002559225321 0.05917613839870123 0)
(0.9994318729765419 0.05164414730072671 0)
(1.001326828570594 0.04452718990181975 0)
(1.002004098223107 0.03817617702462613 0)
(1.001933140215517 0.03236977472591081 0)
(1.000970716127092 0.02728294259566529 0)
(0.9994956297638603 0.02277406592524095 0)
(0.9975662476188421 0.0188241847532051 0)
(0.9954148349238496 0.01534876417310035 0)
(0.9932212159165581 0.01217868016247436 0)
(0.9910987627853034 0.00943920725495551 0)
(0.9892026011693728 0.007061613040459905 0)
(0.9873571558262331 0.004733268576423926 0)
(0.9857788179574658 0.002632048402421487 0)
(0.9843575419735613 0.0005698338320433891 0)
(0.983104378164916 -0.001455339293033316 0)
(0.9813673595695218 -0.003600826703761639 0)
(0.9799739633688106 -0.006025531800869853 0)
(0.9786106575599393 -0.008583723564914519 0)
(0.9766477338377719 -0.01128522888069149 0)
(0.9742543181043697 -0.01429732380012293 0)
(0.9718349465765305 -0.01757458086808873 0)
(0.9686370616102485 -0.02113040657454663 0)
(0.9650890833762015 -0.02492559778628457 0)
(0.9612125016855594 -0.02886143671022985 0)
(0.9570729829308426 -0.03287492912962714 0)
(0.953139836819255 -0.03697051149977197 0)
(0.9490836921033992 -0.04102670387419369 0)
(0.9453885298035988 -0.04496790254455094 0)
(0.9413412555041727 -0.04875984649776762 0)
(0.937349141941382 -0.05239138133398004 0)
(0.9328462831018891 -0.05611089164719044 0)
(0.9286596448725413 -0.05919165273051093 0)
(0.9236388827030749 -0.06243123524362672 0)
(0.9187860023941073 -0.06540649467328614 0)
(0.9144826347656085 -0.06788972217930968 0)
(0.9089029166953945 -0.07039050290369031 0)
(0.9037514089237719 -0.07251688362858373 0)
(0.8984598307190392 -0.0744329854110455 0)
(0.8930462258090228 -0.07614048424879734 0)
(0.8876108582303505 -0.07754515898376541 0)
(0.8821775161675888 -0.0786636547146185 0)
(0.8767558110336424 -0.07951762133575678 0)
(0.871380021200748 -0.08011452747228873 0)
(0.8660433469926049 -0.08047640006744422 0)
(0.8608058550075285 -0.08053651474388612 0)
(0.8556475820423438 -0.08034253832763479 0)
(0.8506148134561484 -0.08000887880185251 0)
(0.8457087626623808 -0.07953495590890002 0)
(0.8409422847308534 -0.07887508933493276 0)
(0.8362692223482859 -0.07804386686991543 0)
(0.8317234176221087 -0.07705372553399814 0)
(0.827332461547685 -0.0758909131402843 0)
(0.8230397990248663 -0.07463749411498449 0)
(0.818837379128118 -0.07325604179897799 0)
(0.8147105936710664 -0.07179674676049537 0)
(0.810658581143729 -0.07030418997933456 0)
(0.8066807931511915 -0.06872160328353547 0)
(0.8028134135243774 -0.06708007726373198 0)
(0.7991021117806928 -0.06529758252739953 0)
(0.7955214521920457 -0.06342312791068985 0)
(0.7920261949120294 -0.06156176814347825 0)
(0.7886656418115606 -0.05959504149711494 0)
(0.7853810674904322 -0.05761095711712668 0)
(0.782189337892879 -0.05558027218672157 0)
(0.7790473975054643 -0.05352877844821528 0)
(0.775911511968486 -0.0514798635939672 0)
(0.7728364332841835 -0.04929318728815367 0)
(0.7698459656644063 -0.04707281832784734 0)
(0.7669337559682248 -0.04485452738263804 0)
(0.7640835224356703 -0.04259823215824732 0)
(0.761332363806147 -0.0402352149989404 0)
(0.7586959190417613 -0.03780204733081537 0)
(0.7561718520906988 -0.03525964984947375 0)
(0.7536395679382429 -0.03272668390157924 0)
(0.7511569066783794 -0.03010880483638946 0)
(0.7487070443814168 -0.02748523687591085 0)
(0.746280486730476 -0.02473582352734159 0)
(0.7438716285995337 -0.02184007537400992 0)
(0.741453331610292 -0.01892423902756965 0)
(0.7391446696866857 -0.01584737393520271 0)
(0.7368588622793015 -0.01254969070842358 0)
(0.7352964803278801 -0.009248426878343794 0)
(0.7336340694503694 -0.005770870755934522 0)
(0.7317210191849522 -0.001936437933919178 0)
(0.7298090244084915 0.001965424473077289 0)
(0.7282864950709356 0.006090319968528867 0)
(0.7270264699501812 0.01042765496311116 0)
(0.7257731654255389 0.01501427100212142 0)
(0.7250146241654326 0.0197461362639685 0)
(0.7242219084199519 0.02481743001761956 0)
(0.7238976383926383 0.0301893248587778 0)
(0.7239447715752302 0.03586425539384953 0)
(0.7250208402349378 0.04177420851196281 0)
(0.7270904646674992 0.04793826364785983 0)
(0.7303655265921133 0.05417085816229521 0)
(0.7347684216239029 0.06056429905183258 0)
(0.7402451886341364 0.06705247923472507 0)
(0.7468863481498085 0.07356138578362377 0)
(0.7545369636595999 0.08002740078086171 0)
(0.7633350253092577 0.08643085510121744 0)
(0.7730361886677479 0.09266725635377293 0)
(0.7834105036358624 0.09854798286034368 0)
(0.794671229382792 0.1042113856120727 0)
(0.8069143226663286 0.1093503050013322 0)
(0.8200860605139921 0.1137022659495033 0)
(0.8335834328256675 0.1175238195971605 0)
(0.8480447854512638 0.1201574194737587 0)
(0.8627936699029495 0.1218257998468747 0)
(0.8779068964941462 0.1222298432415329 0)
(0.8932002299499744 0.1211040299181559 0)
(0.908126602311903 0.1186886535091269 0)
(0.9227313463430992 0.1149974677438283 0)
(0.936596823447742 0.1101869322144022 0)
(0.9493818199811606 0.1041555940986471 0)
(0.9610875898978278 0.09731352708537333 0)
(0.9711186934259508 0.09026482206510669 0)
(0.9797160161300118 0.08266931793856512 0)
(0.9867032353396118 0.07490513262506204 0)
(0.9921763720675324 0.06698811713316244 0)
(0.9991429908959615 0.05774616435922533 0)
(1.002267410769232 0.05063851957476109 0)
(1.004329125735108 0.04390395685911073 0)
(1.005169850040226 0.03777042329403822 0)
(1.005161909324726 0.03219702643119825 0)
(1.004444201926131 0.0272352411937079 0)
(1.003230157169267 0.02282963178111035 0)
(1.001595355287435 0.01894351523863335 0)
(0.9998500030022561 0.01543907811250796 0)
(0.9978600068407432 0.01224895896252227 0)
(0.9958500193493276 0.00946072819016542 0)
(0.9941889261690928 0.006969447362571513 0)
(0.9923775553049992 0.004619201800304871 0)
(0.9909816063446496 0.00241179014646305 0)
(0.9893748642687424 0.0002860952824427809 0)
(0.9884421043324649 -0.001825927069643892 0)
(0.987275321677028 -0.003965698385463513 0)
(0.9859802768256303 -0.006224602707319385 0)
(0.984724111921994 -0.008740333839386657 0)
(0.9834372370949023 -0.0113584721406153 0)
(0.9816307343342221 -0.01416426152795428 0)
(0.9797361832397521 -0.01719773671156304 0)
(0.9776771377095894 -0.02046045367394493 0)
(0.9752395510827523 -0.02393738557405769 0)
(0.9725591133332614 -0.02753732562084244 0)
(0.9696940009857152 -0.03127494745681845 0)
(0.9664955729048762 -0.0350476322225178 0)
(0.9635800471152349 -0.03877332761631599 0)
(0.9602400141303118 -0.04247202103377051 0)
(0.956905494569887 -0.04614447784387192 0)
(0.9533587998061587 -0.04947041077330859 0)
(0.9492885865129315 -0.05285763204910687 0)
(0.9451252639656645 -0.05611620835260886 0)
(0.9412532428741562 -0.05883455146148333 0)
(0.9363004738489191 -0.06179473851510919 0)
(0.9318054317294043 -0.06434048612304311 0)
(0.9271161367180799 -0.06656448316887648 0)
(0.9223277846181746 -0.06868375950298911 0)
(0.9174064447577573 -0.07049256822008008 0)
(0.9123808517881233 -0.07206711183969056 0)
(0.9072544580533979 -0.07343591140033925 0)
(0.9020943337051133 -0.0745355629437421 0)
(0.8969126298323479 -0.07540031184634459 0)
(0.8917359114257325 -0.07602341752882663 0)
(0.8865929861965052 -0.07640274433843207 0)
(0.8815295268664816 -0.07653953149594751 0)
(0.8765876364853242 -0.07644434915228063 0)
(0.8717511051824127 -0.07618819203268047 0)
(0.8669608266214672 -0.07582309974321298 0)
(0.8622548664402054 -0.07525910342434687 0)
(0.8576800026347224 -0.0745007559595436 0)
(0.8531937126904996 -0.07358019023452224 0)
(0.848795355093492 -0.07251822648487613 0)
(0.8445266760297733 -0.07133421085048122 0)
(0.8403614191965958 -0.07002291870813102 0)
(0.836291281145199 -0.06864420386277192 0)
(0.8322956882958091 -0.06722858897482017 0)
(0.8283788006914354 -0.06570720437221822 0)
(0.8245262877320516 -0.06412610897446881 0)
(0.8207514294986629 -0.06246644967800737 0)
(0.8171180965200278 -0.0607277613466661 0)
(0.813649936238068 -0.05892574661874144 0)
(0.8102560774945582 -0.05703779288792111 0)
(0.8069660017439371 -0.05509315346789456 0)
(0.803742832818523 -0.05312724018669734 0)
(0.8005921328187682 -0.05109927935428327 0)
(0.797469253554844 -0.04905583242194694 0)
(0.7944026386755303 -0.04695180327935564 0)
(0.791423315830314 -0.04479913624762327 0)
(0.7885015916310535 -0.04265732563350298 0)
(0.7856707539383559 -0.04041248357948411 0)
(0.78285670026215 -0.03812371441636381 0)
(0.7801259066879158 -0.03579724142389805 0)
(0.7775730905205169 -0.03333264676812282 0)
(0.7751162658934333 -0.03076677252378734 0)
(0.7726673269871756 -0.028187859506585 0)
(0.7702107441399849 -0.02562812693027717 0)
(0.7678033673936671 -0.02293901519687174 0)
(0.7654445290702183 -0.02009784508253296 0)
(0.7630840576252007 -0.01723186779229769 0)
(0.7609745088645949 -0.01433850439875523 0)
(0.7592858730802942 -0.01122969477917626 0)
(0.7576692229928923 -0.007924956590927904 0)
(0.7552073851078311 -0.00441779535891495 0)
(0.7537875420840464 -0.0008526391343480313 0)
(0.7522124219748829 0.003002763659313757 0)
(0.7508604193256671 0.007014649381965417 0)
(0.7494267857838495 0.01117808298464214 0)
(0.7483630395206503 0.01554519349337185 0)
(0.7474665174877601 0.02011798938245329 0)
(0.7468228073050296 0.0249729435276572 0)
(0.7461831062214653 0.03000551948945981 0)
(0.7462708640385802 0.03538834385626889 0)
(0.7474412933977104 0.0410190390629359 0)
(0.7493007947656632 0.04684321457681159 0)
(0.7524042308867153 0.05280114979056721 0)
(0.7564870948298766 0.05882075801570905 0)
(0.7615105857645081 0.06486657160233286 0)
(0.7675974736058676 0.07096499843339137 0)
(0.7746196134676528 0.07699111511969448 0)
(0.7826065006757886 0.08285199832250724 0)
(0.7913305671203955 0.08863637238689737 0)
(0.8009609661379216 0.09419380465645483 0)
(0.8116204135626581 0.09946617889038584 0)
(0.8226564507886472 0.1039743025913623 0)
(0.8343774827890996 0.1081334269291168 0)
(0.8470808064470814 0.1115658399191581 0)
(0.8602369516136067 0.1141144740773136 0)
(0.8739797083702241 0.1155268827655129 0)
(0.8878372557692931 0.1160481399009829 0)
(0.9019465951359729 0.1150841691942516 0)
(0.9158697057887737 0.1128687864779999 0)
(0.9293987055385508 0.1095074980493896 0)
(0.9423424971547444 0.1050638807015562 0)
(0.9542983613413462 0.09967654004518699 0)
(0.9652246148500929 0.09331199935499294 0)
(0.974813751538181 0.08679025845492273 0)
(0.9829535532961579 0.07973486832060946 0)
(0.9896253392311962 0.0724887480202609 0)
(0.9949508770226836 0.06511083486499622 0)
(1.00226586673968 0.05630174927209574 0)
(1.005397428244913 0.04955395471932134 0)
(1.0075852439341 0.04316632428417275 0)
(1.008677300503254 0.03729577006433407 0)
(1.008869634956486 0.03191887781594249 0)
(1.008320975042649 0.02709728288923401 0)
(1.007263217585625 0.02279624128051989 0)
(1.005865754440115 0.01897075572232836 0)
(1.004388649486167 0.01543978329462474 0)
(1.002811858364234 0.01228953007503317 0)
(1.001289489402025 0.009476576275136733 0)
(0.9996992765755013 0.006862235397359136 0)
(0.9981770316477644 0.004527729610399435 0)
(0.9968248868591473 0.00226574713559217 0)
(0.9955454080776266 3.554487890651426e-05 0)
(0.994353150319783 -0.002193489741735838 0)
(0.9933028485045519 -0.004333018359326295 0)
(0.9921045037753633 -0.006537966494998687 0)
(0.9908641000112592 -0.008910787947334393 0)
(0.9897199593747436 -0.01147131016086425 0)
(0.9884276091920452 -0.01413331983262818 0)
(0.9868247037357155 -0.0169828166330572 0)
(0.9852422689302571 -0.02002826597791859 0)
(0.9834024366341155 -0.02322812077373368 0)
(0.9812704833862312 -0.02658940212422489 0)
(0.9791933347734171 -0.02998196544292994 0)
(0.9768244213484059 -0.03345279820689571 0)
(0.9742365544102101 -0.03693822161576427 0)
(0.9718171626558485 -0.04028208531712246 0)
(0.9688354934722884 -0.04366974720753747 0)
(0.9656823630683263 -0.04695689513606478 0)
(0.9624658163443556 -0.0498724109920551 0)
(0.9585238166416805 -0.05298806846247811 0)
(0.95466867465538 -0.05579685827095158 0)
(0.9508896666393867 -0.05820460296541864 0)
(0.9461042664018255 -0.06081723467271696 0)
(0.9417261628770651 -0.06297828796076524 0)
(0.937430139161713 -0.06492052121080148 0)
(0.9328918186524243 -0.06671732184221141 0)
(0.9283076028445235 -0.06823178816666164 0)
(0.9236704812753738 -0.06948403864293161 0)
(0.9189372915712846 -0.07052032659211611 0)
(0.914106072359975 -0.07136483737706424 0)
(0.9092831570152009 -0.07198103395157179 0)
(0.9044622435849552 -0.07237034379479369 0)
(0.899634535221589 -0.07257561045326172 0)
(0.8948555062813806 -0.07254157200731826 0)
(0.8901331107727557 -0.07234044573107686 0)
(0.8854850602569153 -0.07199595916528255 0)
(0.8808874805361329 -0.07148596780870332 0)
(0.8763979472330966 -0.07083191884071066 0)
(0.8720377308124878 -0.06999655663613107 0)
(0.8677991395681095 -0.06903966481429308 0)
(0.8636748023704277 -0.06795351699833296 0)
(0.8596614990846809 -0.06674767905594753 0)
(0.855744393825563 -0.06543001492203283 0)
(0.8518903464802521 -0.06405193143389135 0)
(0.8480880780612232 -0.0625971667984532 0)
(0.8443447849254899 -0.06106401472518479 0)
(0.8406209421408912 -0.05947674575767553 0)
(0.8369621251356164 -0.05786058190440989 0)
(0.8334696218314831 -0.05613759081194644 0)
(0.8300930012849965 -0.05433920261329726 0)
(0.8268090649508844 -0.05250251141791784 0)
(0.8236306785979961 -0.05060986891253061 0)
(0.8205575938161073 -0.04865013079658177 0)
(0.8175550915722991 -0.04664029274982555 0)
(0.8145869693445812 -0.04458900783124209 0)
(0.811689501288543 -0.04246684784584485 0)
(0.8088078252088881 -0.04036581344182418 0)
(0.8059849576217164 -0.03818635302935033 0)
(0.8032515262388134 -0.03593091140250117 0)
(0.8005734150771507 -0.03365829788406337 0)
(0.7979459953559742 -0.03135061809659024 0)
(0.7954600125304621 -0.02889728235711748 0)
(0.7931298056475224 -0.02634592707758036 0)
(0.7908006447592587 -0.0237909363719983 0)
(0.7885372223824332 -0.02119475989461912 0)
(0.786468622891766 -0.01846190547155566 0)
(0.7845386330469509 -0.01563942624426707 0)
(0.7826802100616648 -0.01277086337093074 0)
(0.7806962432765187 -0.009795746228557296 0)
(0.7783292303220422 -0.006578903131515511 0)
(0.7765140757058038 -0.00323092932289755 0)
(0.7751950484923253 0.0002590308639730097 0)
(0.7739018837122513 0.003941424594948459 0)
(0.7725966302492497 0.007850815238618853 0)
(0.771550208160422 0.01190181949710065 0)
(0.7705801401994341 0.0161057299846113 0)
(0.7695985530674131 0.0204866111422129 0)
(0.7690109809670593 0.0250583934622609 0)
(0.7686510013573027 0.02988692346691084 0)
(0.768872519081835 0.03494642555094581 0)
(0.7696834961773323 0.04019689286325658 0)
(0.7714916268755951 0.04568797017450822 0)
(0.7742895296038577 0.05131913306628823 0)
(0.7780153173487664 0.05695347237774795 0)
(0.7825958397818716 0.06266664008179815 0)
(0.78803886804651 0.06832849554134743 0)
(0.7943724024056256 0.07391293727337028 0)
(0.8015399006485474 0.07936455399999076 0)
(0.8094440468844361 0.08462871080103584 0)
(0.8183629927384969 0.08980710207013216 0)
(0.8278811222133002 0.09455079967073342 0)
(0.8380060700629853 0.0988048016224559 0)
(0.8490952729559841 0.1028406835284686 0)
(0.8604411240187002 0.1057000938550833 0)
(0.8723284246117498 0.1083570673144515 0)
(0.8852279201924995 0.1094591776977368 0)
(0.8978271714846177 0.1100441769586527 0)
(0.910809163755251 0.1093016786695242 0)
(0.9237119440500475 0.1072349315427993 0)
(0.936177624316177 0.1041706826144559 0)
(0.9482202994422571 0.1001163063913589 0)
(0.9594112248219704 0.09528995203440768 0)
(0.9696810170559714 0.08944137283509042 0)
(0.9787532769576042 0.08338349675338715 0)
(0.9864751180260737 0.07683341649573733 0)
(0.9929156360757017 0.07009872248859056 0)
(0.9981296804842065 0.06319603603727 0)
(1.005692844623965 0.05478181189223577 0)
(1.008825478720523 0.04842127758080791 0)
(1.011103688940178 0.0423351994986406 0)
(1.01243942641769 0.03674954176633306 0)
(1.012859027328864 0.03157545683392943 0)
(1.012532820391441 0.02690504293612511 0)
(1.011714546406598 0.02271237916440665 0)
(1.010729485827361 0.01894479338050468 0)
(1.00944086997738 0.0154538327784733 0)
(1.008082301677923 0.01235712822791124 0)
(1.006794713347445 0.00951611123061586 0)
(1.00529892470524 0.006837307912471767 0)
(1.004197716742953 0.004407964507323558 0)
(1.002994497086792 0.002111196434109092 0)
(1.001794342226796 -0.0001396690937499468 0)
(1.000723757491131 -0.002373590143120287 0)
(0.9997834490300195 -0.004608791330920391 0)
(0.9987213100144066 -0.00682633416785643 0)
(0.9975891026058565 -0.009129826779756236 0)
(0.9964983425614877 -0.0115687099828223 0)
(0.9954073446565155 -0.01413985005603707 0)
(0.9941056815819211 -0.01683190220551063 0)
(0.9926594100534254 -0.01972842804244533 0)
(0.9912288977533201 -0.0226590153996399 0)
(0.9895144291154273 -0.02576123390542174 0)
(0.9876011822684256 -0.02896047628204439 0)
(0.9857691058022322 -0.03211185847352528 0)
(0.9835703860729175 -0.03532896972987899 0)
(0.9813231544769769 -0.03847211548784248 0)
(0.9789583488563682 -0.04140289939477581 0)
(0.975976330792622 -0.04450980348995287 0)
(0.972955561763084 -0.04739031067302151 0)
(0.9699859669554458 -0.04992291503506679 0)
(0.9661370391555811 -0.05274932203234456 0)
(0.9625486100140526 -0.0551377781648684 0)
(0.9589090647417416 -0.0573024808227755 0)
(0.9544667122697874 -0.05950617367576149 0)
(0.9505303450640699 -0.06132229604320115 0)
(0.9462133056906357 -0.06300719146955179 0)
(0.9418256101930942 -0.06447368878770601 0)
(0.9373908995184532 -0.06572328810918356 0)
(0.9329660524676491 -0.06670625972042804 0)
(0.9285496094171061 -0.06746844521406258 0)
(0.9240889462994164 -0.06805512763373248 0)
(0.9196044730828974 -0.068448981037283 0)
(0.9151340948672947 -0.06863806104268426 0)
(0.9106733673069043 -0.06866560994929427 0)
(0.9062836824684303 -0.06849302746311176 0)
(0.9019375795458736 -0.06819207260426254 0)
(0.8976543379577281 -0.06772642836004769 0)
(0.8933888791957653 -0.06715750149137692 0)
(0.8891868423704374 -0.06641794492750161 0)
(0.885071329939775 -0.06555145989342806 0)
(0.881053115365918 -0.06454631106373714 0)
(0.8771271341099329 -0.06343485571093985 0)
(0.8733210507289541 -0.06221675119334135 0)
(0.8696499330176302 -0.06088441985945878 0)
(0.8660439728389189 -0.05947408021841513 0)
(0.862501882383144 -0.05797972315109006 0)
(0.859019037162549 -0.05641890724633139 0)
(0.8555417171413064 -0.05485095801859775 0)
(0.85207397714544 -0.05326651794175745 0)
(0.8487138415734727 -0.05158030963653123 0)
(0.8454722580260854 -0.04982388972968552 0)
(0.8423464397795573 -0.04801940834381835 0)
(0.8393350916980572 -0.04615557705156469 0)
(0.8364396180417002 -0.04418280297425885 0)
(0.8335957285087652 -0.04216240374848748 0)
(0.830783809803432 -0.04014287146876516 0)
(0.8280595215589689 -0.03808017426922277 0)
(0.8254076317450967 -0.03599760430187385 0)
(0.8228667781578278 -0.03381482228002257 0)
(0.8203856774093268 -0.03159279327960026 0)
(0.8179563750943529 -0.02932213907015596 0)
(0.8155871006769552 -0.026976718394134 0)
(0.8133092956367309 -0.02455071448615798 0)
(0.8111858311182144 -0.02201404487489295 0)
(0.8091140134847657 -0.01946347523925221 0)
(0.8071203672053806 -0.01682682706289908 0)
(0.8052563887224321 -0.0140555989632172 0)
(0.8030990161958518 -0.01119583067032451 0)
(0.800849991793727 -0.008264968922267749 0)
(0.7991636410343701 -0.005223509428202613 0)
(0.7974079700657895 -0.00203059341696495 0)
(0.7960395586411855 0.001304612809113854 0)
(0.7945686336363232 0.004797196044640807 0)
(0.7934176604135075 0.008508318581073881 0)
(0.7926792400312731 0.01239744366786436 0)
(0.791760646115401 0.01650310815699397 0)
(0.7911171909170187 0.02077008662487186 0)
(0.790698167712174 0.02512279407225989 0)
(0.7905815366954959 0.02967383078723752 0)
(0.7907870742494825 0.03442132221515044 0)
(0.7914771739022732 0.03936430403597581 0)
(0.7932486468996311 0.04449049377062459 0)
(0.7958316120686555 0.04974408464598457 0)
(0.7992245538814245 0.0550660078177051 0)
(0.8034267213495161 0.06037041714167957 0)
(0.8082714020895848 0.06567406730701489 0)
(0.814114577308053 0.07087504182884877 0)
(0.8205416868095202 0.07591494578820357 0)
(0.827740864807357 0.08076845684619041 0)
(0.8357078403451443 0.08545943494698932 0)
(0.8442024665451336 0.08976850518193891 0)
(0.8535891009703629 0.09386845358724752 0)
(0.8634904679650246 0.09742867498180355 0)
(0.8738179685605545 0.1002272679378551 0)
(0.8849482929921946 0.1025690747598285 0)
(0.8962510653923238 0.1036489851604412 0)
(0.9081084544658304 0.1041392835531617 0)
(0.919848778587823 0.103642541336225 0)
(0.931834572421286 0.1017660174498521 0)
(0.9433226773478435 0.09902320941347795 0)
(0.9544468610256573 0.09536493608538893 0)
(0.9648883325912977 0.0909731230716482 0)
(0.9745464557385446 0.0856837530648502 0)
(0.983114405604547 0.08001739956980564 0)
(0.9903865962337933 0.07394773493681793 0)
(0.9965874408488855 0.0676874321490195 0)
(1.001640755877824 0.0612579323907496 0)
(1.009403130768558 0.05322301401115049 0)
(1.012552283309257 0.04723745423530157 0)
(1.014853992012376 0.04143939868336906 0)
(1.016404871695939 0.03610833790442088 0)
(1.017112491613331 0.0311583058707682 0)
(1.017127941923948 0.02664310897206742 0)
(1.016570015116531 0.0225887287434024 0)
(1.01581064208136 0.01884089310080167 0)
(1.014832065478833 0.01542209397254488 0)
(1.013673349770614 0.01236239320682367 0)
(1.01251911404269 0.009505750974172087 0)
(1.011379222637607 0.006795457253867562 0)
(1.010307274904137 0.00427349994904237 0)
(1.009329883902809 0.001935529154290052 0)
(1.008288138439454 -0.0003068552946827926 0)
(1.00734658920023 -0.002562438008952382 0)
(1.006463075140278 -0.004807295329193762 0)
(1.005652920118918 -0.00705468394172899 0)
(1.004687443623376 -0.009328448437113571 0)
(1.003616066219349 -0.01171031500137245 0)
(1.002602763629953 -0.01416272997097113 0)
(1.001578452014377 -0.01668754513477695 0)
(1.000286246210486 -0.01941427966117147 0)
(0.9988888195912996 -0.02219699348362743 0)
(0.9975530819196838 -0.02498413297257913 0)
(0.9958072060467662 -0.02794320719675459 0)
(0.9939661245260226 -0.03089756569205941 0)
(0.9922318851910923 -0.03373717302586361 0)
(0.9900170553442329 -0.03672650242581391 0)
(0.9877827301805691 -0.03953224603171217 0)
(0.985445200985642 -0.04214155404643433 0)
(0.9825349185134248 -0.04498275902720382 0)
(0.9796674789474018 -0.04747011632540613 0)
(0.9767272744460866 -0.0497402253906923 0)
(0.9730612348631913 -0.05217285428995155 0)
(0.969686572669167 -0.05419894156225952 0)
(0.9661482327320283 -0.05608847402088743 0)
(0.9622117890141888 -0.05784729747211691 0)
(0.9582577721621885 -0.05942590150142053 0)
(0.9542200152582947 -0.06081592002067668 0)
(0.9501404704471603 -0.06199848624370445 0)
(0.9459943316954881 -0.06297820058608322 0)
(0.9418158567114276 -0.06374298104849076 0)
(0.9376534498824679 -0.0642876872937643 0)
(0.9334784679565802 -0.06465951907520276 0)
(0.9293011272102891 -0.06484882364613527 0)
(0.92511126612173 -0.06489397092927368 0)
(0.9209456617147076 -0.06475756839214558 0)
(0.9167917666381169 -0.0644905608410722 0)
(0.9126901844076448 -0.06406203771229781 0)
(0.9086275760043073 -0.06349774348771824 0)
(0.9046036676480814 -0.06282701101870319 0)
(0.9006711854914219 -0.06203159094208541 0)
(0.8968338135293399 -0.06113330103307056 0)
(0.8931250720841759 -0.06009687834550944 0)
(0.8894845943024663 -0.05896426006229983 0)
(0.8859108859022997 -0.05774174665782929 0)
(0.8824310000230263 -0.05639646335817158 0)
(0.8790150444376417 -0.05498152703044712 0)
(0.875700139572589 -0.05347819686648619 0)
(0.8724868327805184 -0.05189972889265033 0)
(0.8692947277409567 -0.0503342516806827 0)
(0.8661450468776168 -0.0487085251081105 0)
(0.863027565541182 -0.04704394968056385 0)
(0.8599720748248922 -0.04535672251950339 0)
(0.8570315065637676 -0.04359837009377302 0)
(0.8542176657581533 -0.0417672661634237 0)
(0.8515365871391916 -0.03983269476031626 0)
(0.8489542422263817 -0.03785933429861693 0)
(0.8464650960782671 -0.03583508458719947 0)
(0.8439930414574739 -0.03379708153984482 0)
(0.8415537709729644 -0.03172161705269944 0)
(0.839210875960642 -0.02956263952400922 0)
(0.8369438847654511 -0.02734808261082476 0)
(0.8347444494849187 -0.02505566052976602 0)
(0.8326198115686558 -0.02271784653764512 0)
(0.8306167836642924 -0.02028605627867773 0)
(0.8285988615135759 -0.01775636788820397 0)
(0.8265406798990885 -0.01515521742872468 0)
(0.8244491337545221 -0.01249343306098411 0)
(0.8223790637213044 -0.009698986559446168 0)
(0.820827249660372 -0.006848731678705006 0)
(0.8196074072445092 -0.003928249005966958 0)
(0.8176721754721858 -0.0007915791381703008 0)
(0.8162159631443044 0.002416328881873192 0)
(0.8148031763256884 0.005744601866148358 0)
(0.8137233935298424 0.009236247351073413 0)
(0.8127091201469162 0.01293491938908938 0)
(0.8119136048825204 0.01681420084848256 0)
(0.8113101481332677 0.02082518483980175 0)
(0.811129092066585 0.02500872445904486 0)
(0.8112749711571269 0.02931798766551065 0)
(0.8116338503333289 0.03377921825423769 0)
(0.8125329675396595 0.03841740774097606 0)
(0.8142518066339168 0.04317574111237279 0)
(0.8166695954280185 0.04804474924454894 0)
(0.8197776930778908 0.0530202057430343 0)
(0.8235681054228932 0.05795754810061523 0)
(0.8279773339493666 0.06289602933110537 0)
(0.8332391615500536 0.06770533736478351 0)
(0.8391154653191224 0.07236584968831723 0)
(0.8456170994369993 0.07689004711872371 0)
(0.8527351192328437 0.08120011914827358 0)
(0.8603720855038378 0.08514908374446015 0)
(0.8688592804063161 0.08900065933851524 0)
(0.8776917750382345 0.09217023687691396 0)
(0.8873003829651016 0.09486597680007854 0)
(0.8973457782925052 0.09687333732759384 0)
(0.9077258665737455 0.09812019087486819 0)
(0.9183908233171136 0.09839959273269999 0)
(0.9290827825422154 0.09821944884337068 0)
(0.9401507684285909 0.09652974558859498 0)
(0.9507824810150003 0.09407264927108031 0)
(0.9610445890714145 0.0907816647927733 0)
(0.9707567885501027 0.08678060879028851 0)
(0.9797144413815669 0.08200534718926406 0)
(0.9878031462645502 0.07672681829878442 0)
(0.9946959781749929 0.07110482677685552 0)
(1.000590286321103 0.06528042212074209 0)
(1.005454182611067 0.0593069242693635 0)
(1.013219758869866 0.05161575014463402 0)
(1.016404537169892 0.04597502375190622 0)
(1.018823245295527 0.04049749664384546 0)
(1.020418409062297 0.03538157108736177 0)
(1.021487262000493 0.03064226336446487 0)
(1.021884601204837 0.02629425211065464 0)
(1.021772521656384 0.02240744566056291 0)
(1.021184256746702 0.01869268198066902 0)
(1.020319100469731 0.01530912360794123 0)
(1.019541080791862 0.01226876744054465 0)
(1.018631587158983 0.0094012409007988 0)
(1.017845390930993 0.006705838739114589 0)
(1.016992162079946 0.004163149812188248 0)
(1.016136009619049 0.001752231827593155 0)
(1.015261677057004 -0.0005264073379485963 0)
(1.014429713159163 -0.002743786824751864 0)
(1.01368255478259 -0.004957739699031893 0)
(1.012923196635533 -0.007202039299746642 0)
(1.012132970567654 -0.009444174201243856 0)
(1.011209380961561 -0.01173918454246259 0)
(1.010142437535829 -0.01412284788976974 0)
(1.00912721958442 -0.01653484308072958 0)
(1.008158728770835 -0.01901776824572518 0)
(1.006730952687267 -0.02167185813660522 0)
(1.005395862505962 -0.02432001461408506 0)
(1.004067855893225 -0.0269458898483231 0)
(1.002362460431757 -0.02971548391063146 0)
(1.000740757684059 -0.03237924184369476 0)
(0.9989668304091022 -0.03497519818081733 0)
(0.9967646420578886 -0.03770283739172867 0)
(0.9945395543024238 -0.04017096516862913 0)
(0.9921789805836164 -0.04251479547240847 0)
(0.9891902744814426 -0.04504216647064299 0)
(0.9864458614647804 -0.04715831581149485 0)
(0.9835120073463751 -0.04916540745145479 0)
(0.9799401396982699 -0.05123529653533609 0)
(0.9768263107039552 -0.05292755543873776 0)
(0.9732306366055266 -0.0545280191006531 0)
(0.969549419967473 -0.05599881264090587 0)
(0.9657533004852743 -0.05727953739948517 0)
(0.9618628680162169 -0.05839880301487348 0)
(0.9579343108583669 -0.05932456749384137 0)
(0.9539822589938254 -0.06005049368371559 0)
(0.9499891679922536 -0.06060526422985658 0)
(0.9459924954052326 -0.06098198963968905 0)
(0.9420250546335055 -0.0611698706891665 0)
(0.9380754965024325 -0.06119547323073599 0)
(0.9341547456336532 -0.06106204925183856 0)
(0.930268402714707 -0.06078745041216373 0)
(0.9263689464953495 -0.06042576081759198 0)
(0.9225413143665984 -0.0599110512866726 0)
(0.9187684686420564 -0.05928064472487668 0)
(0.9150443208052175 -0.05853084146261081 0)
(0.9113530884356299 -0.05769981244785096 0)
(0.9077170569767825 -0.05677710180792168 0)
(0.9041995929076061 -0.05572117113618634 0)
(0.9007870310071336 -0.05457087087979035 0)
(0.8974716006144018 -0.05332012805126705 0)
(0.8942563037924905 -0.0519815555004087 0)
(0.8911259680504179 -0.05058449394230544 0)
(0.8881048567844463 -0.04909888146961918 0)
(0.8851687861586649 -0.04755719602874782 0)
(0.8822639893144533 -0.0459797571088099 0)
(0.8794070833147467 -0.04434998935716293 0)
(0.8765845988333668 -0.04269819894768399 0)
(0.8737905823625316 -0.04103481673463343 0)
(0.871064222854312 -0.0393319535350792 0)
(0.8684769450862078 -0.03749263865348925 0)
(0.8659731525788776 -0.03560079959665949 0)
(0.863555149804765 -0.03366451185929765 0)
(0.8612283285375236 -0.03165044404667798 0)
(0.8589456591232327 -0.02961405628489212 0)
(0.8566651044812803 -0.02754068486749573 0)
(0.8544457170942915 -0.02540692638566706 0)
(0.8523071881318532 -0.02318005462794537 0)
(0.850211818580106 -0.0209385481769183 0)
(0.8481826670239355 -0.01861210528221124 0)
(0.8462314048700533 -0.0161678457435926 0)
(0.8443421637467372 -0.0136300681488126 0)
(0.8426801275358478 -0.0110048170702419 0)
(0.8413226099590925 -0.0083028484420934 0)
(0.8401739104542673 -0.005505892533158594 0)
(0.8382465953240699 -0.002608185782588406 0)
(0.8370149272482275 0.0003645253161382525 0)
(0.8356317090265276 0.003400981526297477 0)
(0.8345293450430686 0.006587557445212773 0)
(0.8335403100222473 0.009933229918269273 0)
(0.8327008184789045 0.01345238190922408 0)
(0.8321174230686792 0.01706284747263394 0)
(0.831742093390111 0.02088649844394943 0)
(0.8315988549885247 0.02482568971654756 0)
(0.8316178063878027 0.02882426494465853 0)
(0.8320564698635327 0.03297896379559517 0)
(0.8328897871101849 0.03730071788915857 0)
(0.8344779624832752 0.04170142975948558 0)
(0.8367326124356633 0.04622424940235621 0)
(0.8395684572801518 0.05082672422655949 0)
(0.8429762112826931 0.05541161298225915 0)
(0.8471134839285599 0.06003578354063813 0)
(0.8518572715459135 0.06450876888663701 0)
(0.8570721403058517 0.06878853663775619 0)
(0.8628729014886111 0.07299428478063123 0)
(0.869301024979016 0.07698617956543086 0)
(0.876247157997917 0.08066132262313183 0)
(0.8838722870201742 0.08412899407190716 0)
(0.8918616891795708 0.0870053508132957 0)
(0.9006031561587632 0.08956184743599496 0)
(0.9095753817473125 0.0913666882758644 0)
(0.9191680650862603 0.0927375031197373 0)
(0.9287655306928936 0.09290576577234631 0)
(0.9387873646043716 0.0927656235371989 0)
(0.948547282400478 0.09147568451306877 0)
(0.958505284227106 0.08919548928550122 0)
(0.9678378338357034 0.08634678435657822 0)
(0.9768250835075621 0.08271963160192142 0)
(0.9850527515538869 0.07843102089240328 0)
(0.9925711259608424 0.07351601150172515 0)
(0.9991088017383049 0.06830359180621028 0)
(1.004672820155525 0.06288562689936267 0)
(1.00934167461416 0.05730374550163719 0)
(1.017213459003771 0.0499590794107462 0)
(1.02043479824433 0.04465909356094417 0)
(1.022929313156447 0.03948145189296469 0)
(1.024640003677409 0.03461235238021073 0)
(1.025866659992711 0.03005034464165217 0)
(1.026480582434629 0.02587520619461406 0)
(1.026713711039738 0.02210238328557557 0)
(1.026517576685725 0.01846739515966602 0)
(1.026173077219046 0.01515153753635417 0)
(1.025672208319776 0.01209388001397697 0)
(1.025112054067844 0.00925544417777863 0)
(1.024539678672552 0.006587107247298613 0)
(1.02399478147002 0.004068943835487225 0)
(1.023363211194422 0.001658487525847835 0)
(1.022634848253944 -0.0006509420570340088 0)
(1.021907078431612 -0.002903090549244717 0)
(1.021176572940117 -0.005112586356596127 0)
(1.020538848029044 -0.007305871390225352 0)
(1.019926718332866 -0.009495249317802957 0)
(1.019264722816719 -0.01170543443876207 0)
(1.018399699119527 -0.01399108911628357 0)
(1.017376468914046 -0.01632253270838362 0)
(1.016466918323186 -0.01866085629966503 0)
(1.01541772307338 -0.02105578042745669 0)
(1.014025030483177 -0.02358685885012704 0)
(1.012715090848582 -0.02603901590626135 0)
(1.011252923930877 -0.02850734731606357 0)
(1.009510613444129 -0.03106858567557263 0)
(1.007841065173526 -0.03340695853461405 0)
(1.005895767178029 -0.0357666746559345 0)
(1.003567489325771 -0.03822566585202653 0)
(1.001324884258084 -0.04034277333531529 0)
(0.9987769251825078 -0.04246522207454663 0)
(0.99578963272855 -0.04464877396686035 0)
(0.993109861096202 -0.04643102700838819 0)
(0.9900421568764988 -0.04820063409461292 0)
(0.986522559560257 -0.04992938003529942 0)
(0.9834066160059619 -0.05132726422296485 0)
(0.9800945945870091 -0.05264830807505341 0)
(0.976587745613941 -0.05384700338452635 0)
(0.9729932349470777 -0.05487484039384904 0)
(0.9693184619026821 -0.05573916295494502 0)
(0.9655943801594039 -0.05642828096462082 0)
(0.9618565652782289 -0.05694027130667951 0)
(0.9580761626275268 -0.05729951253082946 0)
(0.9542719517206242 -0.05751590701335739 0)
(0.9505032141316163 -0.05756228015687887 0)
(0.9467738945201504 -0.0574600844458075 0)
(0.9430762395719671 -0.05722568456202636 0)
(0.9394114653653833 -0.05686708445521377 0)
(0.9357663494289604 -0.05639079788309583 0)
(0.9321560011004761 -0.05580006522483465 0)
(0.9285854302775746 -0.05509454115088579 0)
(0.9250541464015511 -0.05430235398552508 0)
(0.9215626793582021 -0.05343566161447169 0)
(0.9181324073232432 -0.0524681592579737 0)
(0.9147834018147989 -0.05141667465532997 0)
(0.9115414984027335 -0.05026157634266114 0)
(0.9084070543766117 -0.04901991561419743 0)
(0.9053620581307021 -0.04772089003343558 0)
(0.9024339950937519 -0.04634084152250963 0)
(0.8996197135732845 -0.04487843071532357 0)
(0.8968871225363513 -0.04335166791627623 0)
(0.8942249405725414 -0.04175740754779213 0)
(0.8916115405350619 -0.04010763173051542 0)
(0.8889904320230745 -0.03845371880980193 0)
(0.886364948828483 -0.03679923410110315 0)
(0.8837971070849786 -0.03508076036629765 0)
(0.8813394112343265 -0.03326285700883369 0)
(0.8789028791330906 -0.03145281004581492 0)
(0.8765797064556158 -0.02955921402283644 0)
(0.8743657112834651 -0.02759460026553426 0)
(0.8722354515421157 -0.02557995333871481 0)
(0.8701606242463917 -0.02351203033977629 0)
(0.8681363417543123 -0.02138507954043037 0)
(0.8661717241754247 -0.01919746678747179 0)
(0.8642810851462659 -0.01696277701630499 0)
(0.8626335820843919 -0.01462152100419955 0)
(0.8611150300969932 -0.01219869719815981 0)
(0.8597531306962075 -0.009675525089912594 0)
(0.8584810026470999 -0.00709836925373949 0)
(0.8569087459954058 -0.004412583305591489 0)
(0.8555653977253873 -0.001575661079748903 0)
(0.854738169152631 0.001308083201080398 0)
(0.853898242487213 0.004255710139001706 0)
(0.853011636508232 0.007295734528983706 0)
(0.8522590578240743 0.01050318261526295 0)
(0.8517785880443232 0.01379469461525311 0)
(0.8513083362636171 0.01721186511618872 0)
(0.8511246066475223 0.02078201061320938 0)
(0.8511060662937091 0.02443206950509835 0)
(0.8513941779464795 0.02824832128355253 0)
(0.8520749896044661 0.03219477557670315 0)
(0.8529024092404971 0.036149960882876 0)
(0.8542972455900714 0.0401962211096149 0)
(0.8562824093142395 0.0443560884802628 0)
(0.8587872027192607 0.04852067397381297 0)
(0.8618849285817942 0.05275207841655902 0)
(0.8656155065019704 0.05701269315688928 0)
(0.8699423663032304 0.06117883797704056 0)
(0.8745837953815467 0.06515696599492803 0)
(0.8798669959254825 0.06905353287010729 0)
(0.8856442273070049 0.07274549244766469 0)
(0.8919230572325989 0.07610077246041277 0)
(0.8987917406438091 0.07931452476534946 0)
(0.9060244505503053 0.08202611909887922 0)
(0.9137971418697046 0.08441774672682806 0)
(0.9217688227461278 0.08607380585106593 0)
(0.930436519718465 0.08740014205386386 0)
(0.939038115160113 0.08763267222758588 0)
(0.9481722780972397 0.08752864968732266 0)
(0.9571381340499822 0.08650894746334117 0)
(0.96598803217669 0.08447822919706915 0)
(0.9746525993680508 0.08197273476301609 0)
(0.9828978294074161 0.07872185414975326 0)
(0.9904949322921182 0.0748612353522901 0)
(0.9975305466311948 0.07040946414799995 0)
(1.003728194085503 0.06553954266334522 0)
(1.008989029347033 0.06049188937868831 0)
(1.013432059073587 0.055265974500135 0)
(1.02139820249826 0.04826711956420698 0)
(1.024619164543828 0.04327317814473956 0)
(1.027273934728497 0.03839887604871031 0)
(1.029036430724851 0.03381699471231096 0)
(1.030369540844859 0.02944359652848105 0)
(1.031108245612679 0.02538268167849833 0)
(1.031634027431023 0.02167251239707511 0)
(1.031990194919825 0.01815677829185504 0)
(1.032082848759465 0.01490806016933502 0)
(1.03197516628152 0.01188979543566979 0)
(1.031795510840135 0.009087220563078195 0)
(1.031579255839716 0.006466162254982103 0)
(1.031306084663425 0.003984217700884163 0)
(1.030980411104008 0.001604093885940222 0)
(1.030510309879305 -0.0006899677839872564 0)
(1.029940801386493 -0.002921964869442808 0)
(1.029310140834326 -0.005119069992306741 0)
(1.028615026273788 -0.007318240984633682 0)
(1.027908021036189 -0.009498435073007561 0)
(1.027298122755538 -0.01164020316564005 0)
(1.026677740364909 -0.01378654095449311 0)
(1.025757927893487 -0.01600944192884061 0)
(1.024742785188534 -0.01826861605042301 0)
(1.023909690415016 -0.02047075181722227 0)
(1.022759894909695 -0.02273799015075269 0)
(1.021388666195012 -0.02509381077243473 0)
(1.020085293952276 -0.02728666916482315 0)
(1.018483496153538 -0.02957058159681598 0)
(1.016614909059997 -0.03188648288924419 0)
(1.014868902139162 -0.03393314493813904 0)
(1.012744076666965 -0.03606315945735614 0)
(1.010306803575012 -0.03822590584606601 0)
(1.008065114437837 -0.04005179096936255 0)
(1.005413107755051 -0.04193092647727318 0)
(1.002440620635556 -0.04379772690935735 0)
(0.9998162308360869 -0.04530741004510878 0)
(0.9967290172209411 -0.0468238002095618 0)
(0.9932668166484679 -0.04823890387770422 0)
(0.9902938481388275 -0.04941251970282574 0)
(0.9869659382750307 -0.05052090607593749 0)
(0.9835870817748036 -0.05147213930743175 0)
(0.9801603274120632 -0.05226946381173254 0)
(0.976674743922511 -0.05291004727876858 0)
(0.9731503752966211 -0.05339763357831015 0)
(0.9696072195280927 -0.05372719552334701 0)
(0.9660409841751132 -0.05391083811973547 0)
(0.962438426071637 -0.05396416723170838 0)
(0.9588224503973892 -0.05387957465561614 0)
(0.9552260760910308 -0.05365746528860614 0)
(0.9516588359320985 -0.053313842570901 0)
(0.948131887183105 -0.0528671559638455 0)
(0.9446522498482157 -0.05231670890434481 0)
(0.9412265547484309 -0.051664660554747 0)
(0.9378611278590078 -0.05091365765136538 0)
(0.9345322671705871 -0.05008673334714299 0)
(0.931240236953693 -0.04917699913246515 0)
(0.9279961613051799 -0.04819268627688567 0)
(0.9248001261411015 -0.04713627994745669 0)
(0.9216707717246774 -0.04599989626229463 0)
(0.918626023991949 -0.04479643404296597 0)
(0.9156817094480106 -0.04351722879904196 0)
(0.912854374848989 -0.04214528505264918 0)
(0.9101341345095142 -0.04070063682338886 0)
(0.9075205237156565 -0.03918721961007685 0)
(0.905006478306885 -0.03762211706440623 0)
(0.9026008149613717 -0.03599943486405185 0)
(0.9002742591388231 -0.03434587078023909 0)
(0.8979238014281947 -0.03268776522176154 0)
(0.8956144104780488 -0.0309707628455129 0)
(0.893351969952614 -0.0292259210616934 0)
(0.8911372637296593 -0.02744523709495819 0)
(0.889004869053865 -0.02558628887926604 0)
(0.8869346951546039 -0.02367298486842365 0)
(0.8849919887367435 -0.02168832129176967 0)
(0.8831925170210289 -0.01962807847742087 0)
(0.8815016581835629 -0.01751423884229594 0)
(0.8799222293915612 -0.01535799162347739 0)
(0.8784553758183147 -0.01314369370000904 0)
(0.8771141303991197 -0.01082244641376621 0)
(0.875670707216003 -0.008443850166126921 0)
(0.8742570559620577 -0.005981517189307631 0)
(0.8730707980996639 -0.003431602031851742 0)
(0.8720999030230938 -0.0007653681694311215 0)
(0.8713534121993534 0.002001248896771595 0)
(0.8706736113325839 0.004835639466812536 0)
(0.8700015677964369 0.007748317134843349 0)
(0.8695673145698539 0.01072826862347616 0)
(0.8693555973723361 0.01388945395792087 0)
(0.8692316965203442 0.01718374223383783 0)
(0.8693020604583903 0.02049314341483869 0)
(0.8695934545936148 0.02393741870555529 0)
(0.8700253218480477 0.02749540889884625 0)
(0.8708256629071551 0.03111267645944239 0)
(0.87189509328446 0.03482846783221228 0)
(0.8733282539874883 0.03865013303988924 0)
(0.8751699504333711 0.04239980582078321 0)
(0.8774293077665898 0.04621099141443823 0)
(0.8801135765735524 0.05007030132979926 0)
(0.8832881294116439 0.05387745794556601 0)
(0.8870669453338755 0.05768772710535688 0)
(0.8913254344679256 0.06146768957241783 0)
(0.8960212527681082 0.06507866320213843 0)
(0.9012251394335895 0.06848910815846367 0)
(0.9067557253995464 0.07161298767831696 0)
(0.9128043022986047 0.07455610493459063 0)
(0.9192667429553212 0.07711050773323107 0)
(0.9262742266622741 0.07934188519448426 0)
(0.9335482561563971 0.08096938408377491 0)
(0.9413223120466248 0.08220226337778612 0)
(0.9490446548088207 0.08251390486361312 0)
(0.9572985172267638 0.08248140856272737 0)
(0.9654513246252917 0.08169627885958106 0)
(0.9734560517500925 0.07991293636883079 0)
(0.9813608647058909 0.07770211218786215 0)
(0.9889058961771535 0.07491209936323466 0)
(0.9960071687010997 0.07125147656533184 0)
(1.002513011146271 0.06731048004494669 0)
(1.008506377728079 0.06278351376828362 0)
(1.013523347142977 0.05811127611342876 0)
(1.017747867631186 0.05323450888154313 0)
(1.025882496368475 0.04655116666303205 0)
(1.029115238726805 0.0418432153012773 0)
(1.031668747714973 0.03722921717273572 0)
(1.033526147679294 0.0329302270789488 0)
(1.035158623171039 0.02874236039475116 0)
(1.036235856300365 0.02483836021963821 0)
(1.037053804919822 0.02118127948861494 0)
(1.037760996782755 0.01774089639942671 0)
(1.038268677499609 0.01458387977446231 0)
(1.038603294916794 0.01163486438259014 0)
(1.038689361339167 0.008879371704358714 0)
(1.038694198261043 0.006286464929743576 0)
(1.038661353578042 0.003843437682617712 0)
(1.038585185620985 0.001513025438426111 0)
(1.038455323291376 -0.000725461166971718 0)
(1.038274402373989 -0.00289439415688197 0)
(1.037928728364804 -0.005041563228513049 0)
(1.037479868163536 -0.007173800816032779 0)
(1.036932951211652 -0.00929939849885668 0)
(1.036322630545853 -0.01142288395935687 0)
(1.035757930575757 -0.01348295358759339 0)
(1.035118437883382 -0.01553792093896554 0)
(1.034131690275236 -0.01768066125281554 0)
(1.033133782963613 -0.01981980823346594 0)
(1.032138793468002 -0.02183825929773878 0)
(1.030831532913718 -0.02398645589188589 0)
(1.029395557432996 -0.02611452829407384 0)
(1.027997405862983 -0.0280673754068328 0)
(1.026236858925275 -0.03015509278319532 0)
(1.024311872422626 -0.03218996111936259 0)
(1.022418603396795 -0.03398721978861034 0)
(1.020123254812199 -0.03590515215073754 0)
(1.017657175850443 -0.03774215272947094 0)
(1.015327438309135 -0.03931001261776321 0)
(1.012537319297144 -0.04096687262302226 0)
(1.009575935026899 -0.04251748432028721 0)
(1.00698423964432 -0.04379356436420678 0)
(1.003845526845476 -0.04507738974455067 0)
(1.000735368977332 -0.04617612182817933 0)
(0.9975349726284746 -0.04719786645463919 0)
(0.9942340086337305 -0.04808219548259711 0)
(0.9908644574641687 -0.04881090908998817 0)
(0.987436873828949 -0.04939410313929023 0)
(0.9839630929776683 -0.04983737922887747 0)
(0.9804685540617993 -0.05014064831510433 0)
(0.9769749718162929 -0.05030775433080818 0)
(0.9734955603198592 -0.05035283199605157 0)
(0.9700380631339607 -0.05028141188705246 0)
(0.9666016179796653 -0.05009743813392016 0)
(0.9631845663740202 -0.04980942642229381 0)
(0.9598118922979941 -0.04939738655350495 0)
(0.9564717577717157 -0.04888519387717123 0)
(0.9531739170887155 -0.04826768684383061 0)
(0.9499231892600813 -0.04754743184196379 0)
(0.9467018832971581 -0.04675678365008656 0)
(0.9435140123608707 -0.04590146818466037 0)
(0.9403837935412729 -0.0449630923555238 0)
(0.9372970967155154 -0.04396700141351277 0)
(0.9342801958987575 -0.04289908222505191 0)
(0.9313329251605783 -0.04177106198345137 0)
(0.9284770547987341 -0.04057406370414009 0)
(0.9257163960249923 -0.03929784788033861 0)
(0.92303602869875 -0.03796585452258752 0)
(0.9204552213667202 -0.03657325015165935 0)
(0.9179969473156069 -0.03510844256344436 0)
(0.9156277015869965 -0.03359516341516959 0)
(0.9133001039778017 -0.03205849395930386 0)
(0.9110663343165244 -0.03045887838186905 0)
(0.9089006693139479 -0.02881650258387917 0)
(0.9068184413908487 -0.02711998817576112 0)
(0.9047877938223429 -0.02539464102222175 0)
(0.902888192733467 -0.02360400158557025 0)
(0.9010775807664402 -0.02175205991556008 0)
(0.8993548976495285 -0.01984347697875731 0)
(0.8977225650192664 -0.01787507091477172 0)
(0.8961750687946537 -0.01586183962566655 0)
(0.8946054411496542 -0.0138175573762641 0)
(0.8930724127612203 -0.01171516375712922 0)
(0.8916124386616787 -0.009546009967770424 0)
(0.8902138922910778 -0.007311434903842128 0)
(0.8891348755598789 -0.004986254650238614 0)
(0.8884107470123126 -0.002591910509580038 0)
(0.8873479863512364 -7.578557898267984e-05 0)
(0.8866609115285715 0.002510974816203894 0)
(0.8860869800518119 0.00521337523713477 0)
(0.8857655538973531 0.007983881622002673 0)
(0.8855381242010769 0.01080662746361546 0)
(0.88543049018283 0.01373555700491321 0)
(0.8856079122478303 0.01676595702047753 0)
(0.8859440067606654 0.01990632990068202 0)
(0.8865017693807701 0.02315181535874661 0)
(0.8872925142725385 0.02643386138934129 0)
(0.8883156447074958 0.02979198535696649 0)
(0.8896850818037829 0.0332885626968152 0)
(0.8911653308013913 0.03675576216322947 0)
(0.8930462663305253 0.04026900491826128 0)
(0.8951912551268062 0.04385027809489819 0)
(0.8977103361831954 0.04737054832353089 0)
(0.9004816001135945 0.05083880249810828 0)
(0.9037344521913393 0.05430645868122592 0)
(0.9074029455332462 0.05774510879087111 0)
(0.9114728254583256 0.06104331202232088 0)
(0.9160244051685991 0.06422700638394106 0)
(0.9209376519519836 0.06716527752424346 0)
(0.9263729654836008 0.06988105295995831 0)
(0.9322243636017163 0.07229453905548201 0)
(0.9384598350235822 0.07435255089397211 0)
(0.9450354072962133 0.07596171033971956 0)
(0.9519804596191667 0.0771284565500939 0)
(0.9589600238433404 0.07755489287123088 0)
(0.966363132338169 0.07763481733220344 0)
(0.9736383844575272 0.07698133091799733 0)
(0.980912086553334 0.07546270920155126 0)
(0.9881300955437735 0.07356493525872482 0)
(0.9950862700830871 0.07106372673033326 0)
(1.001610132022123 0.06770802778117618 0)
(1.007570555204574 0.06427047598558416 0)
(1.013266761545677 0.06003855975534827 0)
(1.018197280244756 0.05569224852780161 0)
(1.02231787384153 0.05116335204039801 0)
(1.030631533280831 0.04474450098419593 0)
(1.033932511250522 0.0403434945081635 0)
(1.036508161353934 0.03606700481563221 0)
(1.038307842699616 0.03197023219975391 0)
(1.040056681727382 0.02795303795045945 0)
(1.04136382770193 0.02420952590550247 0)
(1.042476235755514 0.02066916158680552 0)
(1.043505187856291 0.01733700130385344 0)
(1.044142270748552 0.01426990447685146 0)
(1.044566537100439 0.01138571081118295 0)
(1.04483231970841 0.008702929001941105 0)
(1.045030705659728 0.006164811238580847 0)
(1.045173970772884 0.003754763986667871 0)
(1.045254655775306 0.001467417924929969 0)
(1.045264312024334 -0.0007404973490643914 0)
(1.045206575294578 -0.002870160445723515 0)
(1.045089282334742 -0.004945240904893332 0)
(1.044841548502871 -0.0069897834526353 0)
(1.044388352150987 -0.009049738535775918 0)
(1.043819605456231 -0.01111266772543818 0)
(1.043183096100969 -0.01314839778635867 0)
(1.042573833695882 -0.01511596989430805 0)
(1.041805794461599 -0.01708302806637841 0)
(1.040783342303137 -0.0191401801936996 0)
(1.039727396246687 -0.0210939314518218 0)
(1.038577618338172 -0.02298384516555627 0)
(1.037049532315354 -0.02503154540647209 0)
(1.035498024274215 -0.0269312500824747 0)
(1.033858619709793 -0.02872768174126219 0)
(1.031814171017177 -0.03068971631346625 0)
(1.029767597565876 -0.03246044249106199 0)
(1.027715956296907 -0.03407130368941458 0)
(1.025188965755614 -0.03584351586775323 0)
(1.022712811265854 -0.03740880049507006 0)
(1.020327005368287 -0.03879221710892337 0)
(1.0173188949403 -0.04030008997070077 0)
(1.014447621637027 -0.04158876014597941 0)
(1.011827264083112 -0.04268455337209387 0)
(1.008525402491304 -0.04373402630272541 0)
(1.005358312284905 -0.04466087289317853 0)
(1.002101264783727 -0.04547123342942344 0)
(0.9987515286870594 -0.04616737425024198 0)
(0.9953687542223032 -0.04672439184727405 0)
(0.9919758910445402 -0.04714323669069519 0)
(0.9885731534822173 -0.04743591474880021 0)
(0.9851588419211557 -0.04760964561494525 0)
(0.9817574810060835 -0.04765549808957179 0)
(0.9783583099436483 -0.04759146942807339 0)
(0.9749714450396443 -0.0474196766004935 0)
(0.9716084503385435 -0.04714352831180728 0)
(0.9682751799578773 -0.04676795256007081 0)
(0.9649917869370345 -0.04628209780895786 0)
(0.9617569931026824 -0.04569756555846927 0)
(0.9585750550727021 -0.04501994919655069 0)
(0.9554521109073987 -0.04425398043978889 0)
(0.9523629846590445 -0.04342265045978395 0)
(0.9492945978583487 -0.04253651112303902 0)
(0.9462801415570665 -0.04158532925900345 0)
(0.9433174288138868 -0.04057569340056853 0)
(0.9404203654231709 -0.03950531848861386 0)
(0.9376065988084148 -0.03837270226029586 0)
(0.9348921143340341 -0.03716430486781401 0)
(0.9322612733616837 -0.03589651345902072 0)
(0.9297222424245931 -0.03456892250282366 0)
(0.9272597791971199 -0.03319262640531704 0)
(0.9248564373824752 -0.03177719280713781 0)
(0.9225434353424109 -0.03030561010633968 0)
(0.9203083474135983 -0.02878765343625751 0)
(0.9181538244568641 -0.02722805416263554 0)
(0.9161133950181555 -0.02561541815815642 0)
(0.914234238142593 -0.02391646560121713 0)
(0.9124361831484343 -0.02216106387695244 0)
(0.9107059275843646 -0.02037582157798219 0)
(0.9090684800015499 -0.0185401812113107 0)
(0.9074507039110284 -0.01666800954275159 0)
(0.9058901495511535 -0.01474394651177465 0)
(0.9044133678260505 -0.01277144499939924 0)
(0.9030068120630044 -0.01075481893626567 0)
(0.9016981327956145 -0.00866943728568957 0)
(0.9007135350621556 -0.006490316082360839 0)
(0.8999033953319027 -0.00424919514987536 0)
(0.8989868114673683 -0.001942395930295868 0)
(0.8981726903228495 0.0004390307547385359 0)
(0.8974740555226428 0.002893929532098681 0)
(0.8970399323240008 0.005427068526068763 0)
(0.8968006095476895 0.008052854712530123 0)
(0.8966751331476602 0.01078781885994253 0)
(0.8967549116859215 0.01357654197804589 0)
(0.8969774755489897 0.0164096622509183 0)
(0.8973643328914873 0.01938191447004142 0)
(0.8980667081402282 0.02243489233435819 0)
(0.8989916971233864 0.02551566707667996 0)
(0.9001182591715975 0.02870570745562133 0)
(0.9015562132327255 0.03195061140295095 0)
(0.9032803976301708 0.03521535606166436 0)
(0.9052589954339352 0.0385672852662716 0)
(0.9075126632662212 0.04191637222414846 0)
(0.9100830411667415 0.04524935553506677 0)
(0.9128876305450258 0.04852787255998723 0)
(0.916011060270812 0.05175614106714022 0)
(0.9194960771121347 0.05489938595451099 0)
(0.9233524501836915 0.05796036142155039 0)
(0.9276717189351191 0.06092575478527951 0)
(0.9323099253184459 0.06365896054397319 0)
(0.9373804354410741 0.06618561285718517 0)
(0.942780783809689 0.06839055839491258 0)
(0.9485845712866464 0.07030504901221939 0)
(0.954740282016956 0.07180129889371631 0)
(0.9611931057681296 0.0728989650610285 0)
(0.9677261596571013 0.07330954638847438 0)
(0.9746210421117569 0.07340548551110182 0)
(0.9813915236367784 0.07285966484911323 0)
(0.9880531078005073 0.07147393454263125 0)
(0.9947354491704538 0.06975661684453956 0)
(1.001273286822691 0.06747194495005342 0)
(1.00731466336588 0.064336161813838 0)
(1.012897483979102 0.06120802933545867 0)
(1.018219710016013 0.05738091289839514 0)
(1.022985135114745 0.05325001609263855 0)
(1.027045198107713 0.04903307784964814 0)
(1.035374144403502 0.04297664441616839 0)
(1.038679613621389 0.03886448824927623 0)
(1.041213731809004 0.03484509786326757 0)
(1.043199493176033 0.03096803129230033 0)
(1.044985885057529 0.02712515873299259 0)
(1.046371107866768 0.02354937066985372 0)
(1.047569339265225 0.02012850217303505 0)
(1.048619052041835 0.01693251701307372 0)
(1.049221561471393 0.01397803032451503 0)
(1.049645879506123 0.01116096652929613 0)
(1.049941146580444 0.008520453259255236 0)
(1.050199352585459 0.006033232788000856 0)
(1.05040622866647 0.003671877485896135 0)
(1.050505212975301 0.001428300204177728 0)
(1.050541601778638 -0.0007299158857657546 0)
(1.050491402795998 -0.002816383598851042 0)
(1.050363854351765 -0.004848628925076046 0)
(1.050180127628188 -0.00682718464348533 0)
(1.049848924332664 -0.008782717076127567 0)
(1.049292857874938 -0.01077214497043089 0)
(1.048588665696817 -0.01277665749116148 0)
(1.047820106872861 -0.01472424874817383 0)
(1.047025514130466 -0.01660139847418128 0)
(1.046003768453641 -0.01854356198979105 0)
(1.044753861378592 -0.02052042350636325 0)
(1.043614686850478 -0.02230528514881257 0)
(1.042154927516863 -0.02417588054846289 0)
(1.040463961940834 -0.0261005719739415 0)
(1.03883622678916 -0.02779879473879914 0)
(1.036928456621666 -0.02956690312678333 0)
(1.034732306999051 -0.03138516997229144 0)
(1.032683540660642 -0.03291928854524406 0)
(1.030356576190296 -0.03449811775977071 0)
(1.027672209379888 -0.03611556791293504 0)
(1.025285982871538 -0.03743040974032066 0)
(1.022550779806476 -0.03875058978130569 0)
(1.019367775714607 -0.04007098020833332 0)
(1.016641836219192 -0.04111729592863892 0)
(1.013498823325077 -0.04209206610674199 0)
(1.010341838320709 -0.04296218262296449 0)
(1.007112782002814 -0.04372239342369216 0)
(1.003815803979879 -0.04437423109956125 0)
(1.000474783409738 -0.04491006608668499 0)
(0.9971076573661579 -0.04531889548026811 0)
(0.9937373321554601 -0.04559656893243257 0)
(0.9903640384885272 -0.04575847366146985 0)
(0.9869971382143246 -0.0458070962619887 0)
(0.9836454892676184 -0.04574203599046704 0)
(0.9802983410232133 -0.04557921052093716 0)
(0.9769725715107245 -0.04531775153516683 0)
(0.9736691295360265 -0.04496856794495697 0)
(0.970408674178711 -0.04452447945067022 0)
(0.9672082099092472 -0.04397131640304872 0)
(0.964060972336832 -0.04332630333861782 0)
(0.9609715356535443 -0.04259341365365744 0)
(0.9579356099780816 -0.04178201239353533 0)
(0.9549314051398338 -0.04091691798941799 0)
(0.9519653417969636 -0.03999715086824394 0)
(0.9490480786119863 -0.03902691147489717 0)
(0.9461983962014417 -0.03800529900568988 0)
(0.9434290284942196 -0.03691577236586908 0)
(0.9407471396770372 -0.03574642281286453 0)
(0.9381398431592333 -0.03452068913535601 0)
(0.9356100725712091 -0.03323818867488276 0)
(0.9331516686492782 -0.03191009285299516 0)
(0.9307432349548936 -0.03055912844253582 0)
(0.9284301494819109 -0.02914748577186293 0)
(0.9262161774454041 -0.02767982295089012 0)
(0.9240870004541473 -0.02616696452208233 0)
(0.9221110771284488 -0.02457762580771417 0)
(0.92023629673732 -0.02293209897059405 0)
(0.9184749653346934 -0.02121321662643639 0)
(0.9168050146285314 -0.01946397810061122 0)
(0.9151688959303652 -0.01768977149727372 0)
(0.9135680753079767 -0.01588496349600001 0)
(0.9120591845348971 -0.01402026138618163 0)
(0.910640340949551 -0.0120991032074975 0)
(0.9093549148965727 -0.01011293640696008 0)
(0.9082744496376718 -0.008063277466442597 0)
(0.9073579777552254 -0.005943073457067048 0)
(0.9065504190859572 -0.003764034077928827 0)
(0.9054906342798799 -0.001515913393267642 0)
(0.9049294149419556 0.0007995822525353422 0)
(0.9042889067330228 0.003175430662355127 0)
(0.9039269819385334 0.005602164247605845 0)
(0.9037126398663693 0.008133717407174964 0)
(0.9036246898452041 0.01077584216457292 0)
(0.903830863256013 0.01346920853642207 0)
(0.9041682497947533 0.01624230442541065 0)
(0.9045952078197432 0.01909817906159652 0)
(0.9053611758815201 0.02198457526699392 0)
(0.9063510942454887 0.02495806280170744 0)
(0.9075096420627895 0.02802762969765505 0)
(0.9090680844327931 0.03108752607867196 0)
(0.910832506429212 0.03422104837807571 0)
(0.9128549560539437 0.03744146350044561 0)
(0.9152024613917042 0.04058303704393813 0)
(0.9178743132619058 0.04377324747084023 0)
(0.9209167323510775 0.04694018670405528 0)
(0.9242027889214268 0.05000230115344656 0)
(0.9276369675118519 0.05293076626405281 0)
(0.9314933679701731 0.05580720741269224 0)
(0.9357743951945192 0.05857208540058785 0)
(0.9403692090629591 0.06112092001502978 0)
(0.9453676034425242 0.06346117195172164 0)
(0.9506515750243101 0.06546382559523195 0)
(0.9562584157831392 0.06721241071067467 0)
(0.9621616827277812 0.06848674682643915 0)
(0.9684235413496375 0.06948745027637175 0)
(0.9748085781628384 0.06987964765505522 0)
(0.981338461365179 0.06979056142656573 0)
(0.9880614071059655 0.06934010771401461 0)
(0.9945064977331382 0.06803467838807262 0)
(1.000830455633237 0.06634297568629643 0)
(1.007092848872933 0.06422649007814996 0)
(1.012894631969914 0.0612590909856421 0)
(1.018265594323629 0.05833063809961768 0)
(1.023268978988062 0.05479976461701838 0)
(1.027880240527822 0.05095730561972491 0)
(1.031830031120968 0.04700143631263821 0)
(1.040000197940831 0.04133448835500349 0)
(1.043207861125273 0.03742540606496305 0)
(1.045755862271811 0.03364226072708169 0)
(1.047787573010437 0.02995526887038993 0)
(1.049693962783999 0.02629124229015533 0)
(1.051211390988958 0.02288731177447395 0)
(1.052499425584313 0.01961308892877908 0)
(1.053441869353414 0.01653057274557253 0)
(1.054048791876367 0.01365759109707606 0)
(1.054606046120707 0.01092282684633347 0)
(1.055012485739488 0.008351111511331239 0)
(1.055279695648157 0.005910392987834288 0)
(1.055450043600946 0.003599135032147724 0)
(1.055511916508891 0.001391656007367492 0)
(1.055492211982605 -0.0007323353732495413 0)
(1.055422289792303 -0.002774539686509825 0)
(1.055268569062287 -0.004756565681802021 0)
(1.055017118457152 -0.006691550262061713 0)
(1.054705856238786 -0.008588054308383114 0)
(1.054228906308451 -0.01045890608333114 0)
(1.053501635833142 -0.01238413775310192 0)
(1.052638884632655 -0.01431677390490072 0)
(1.051760973977407 -0.01614378364030024 0)
(1.050822469244337 -0.01792588248139943 0)
(1.04949325286833 -0.01985680451373988 0)
(1.048193096851681 -0.02166325796813432 0)
(1.04686257393935 -0.02334879854586056 0)
(1.045173937254014 -0.02520459636131904 0)
(1.043425255685207 -0.02692252068009192 0)
(1.041680107628325 -0.02849609412750321 0)
(1.03949183380017 -0.03025117655397212 0)
(1.037322541610433 -0.03182744542175799 0)
(1.035208461681141 -0.03321695083650814 0)
(1.032523350847249 -0.03475602220051244 0)
(1.029892219223802 -0.03610901721986486 0)
(1.0273797369388 -0.03725964568876452 0)
(1.024257463563846 -0.03851041731458728 0)
(1.021209243298854 -0.03958952195957897 0)
(1.01822977351114 -0.04049780109235109 0)
(1.015097962309238 -0.0413341805602578 0)
(1.011902846865649 -0.04206363953345854 0)
(1.00864962303785 -0.04269348005685822 0)
(1.005362713315924 -0.04320933592860579 0)
(1.002036333834718 -0.04361591092851837 0)
(0.9986967567916875 -0.04390036774691877 0)
(0.995350341758156 -0.04406198543140437 0)
(0.9920020676100313 -0.04410936925920891 0)
(0.9886597322818037 -0.04404883184544953 0)
(0.9853293466721857 -0.04388704052025011 0)
(0.9820145753123626 -0.04363364320284258 0)
(0.978721944146474 -0.04329273717604774 0)
(0.9754554458881499 -0.04286861103213091 0)
(0.9722358819883077 -0.04234763569058029 0)
(0.9690737921916883 -0.04172770499464608 0)
(0.9659765525503743 -0.04102616519907512 0)
(0.9629492018982735 -0.0402485280084284 0)
(0.9599825461302718 -0.03941083704184538 0)
(0.9570741763421056 -0.03851581316573849 0)
(0.9542216908752703 -0.03757239034627657 0)
(0.9514182817219612 -0.03658036829268955 0)
(0.9486767603111953 -0.03551956712995969 0)
(0.9460065513330117 -0.03438827585184111 0)
(0.9434130353345619 -0.03319627796090908 0)
(0.9408996662420992 -0.03194833685950719 0)
(0.9384502090631633 -0.03066883025175453 0)
(0.9360640214120775 -0.02936908141986753 0)
(0.9337725056548287 -0.02801282536138061 0)
(0.9315705882231036 -0.02659460841375114 0)
(0.9294848995121332 -0.02511213201465612 0)
(0.9275302045207785 -0.02356246355139283 0)
(0.9256743723450765 -0.02196258775650353 0)
(0.9239306336594946 -0.02030028207216798 0)
(0.9222603564442626 -0.01861754343499141 0)
(0.9206338970458188 -0.01691255888551738 0)
(0.919094349147523 -0.01515561289669375 0)
(0.9176335121782573 -0.01334288580294803 0)
(0.9163241484402536 -0.0114558753860514 0)
(0.9152150380893014 -0.009492762167453445 0)
(0.9142065889603688 -0.007495971545289977 0)
(0.9133501128752448 -0.005447616700634018 0)
(0.9123780040889304 -0.003350806439795407 0)
(0.9114148527335975 -0.001159904309836029 0)
(0.9109857862663169 0.001097254083648153 0)
(0.910523179903757 0.003396483940249964 0)
(0.9102117440399281 0.005751186968623687 0)
(0.9100036619876235 0.008207591964698915 0)
(0.9100171022877483 0.01073211808806578 0)
(0.9102419218272935 0.01331944970715255 0)
(0.9106167420527103 0.01601579587878817 0)
(0.9112102302747049 0.01875910901385188 0)
(0.9120400505093355 0.02153748367973604 0)
(0.9130267146044053 0.02439241202534471 0)
(0.9142904523784154 0.02729916490783799 0)
(0.9159059933027023 0.03022660710059329 0)
(0.9176973023842969 0.03325252649830758 0)
(0.9197693397612305 0.03628394547775805 0)
(0.9221439411296203 0.03929369890525206 0)
(0.9248561109510165 0.04231823562091042 0)
(0.9279354127649043 0.04533387585557268 0)
(0.9312385396525658 0.04823109135271333 0)
(0.9348706575359137 0.05104085291487118 0)
(0.9388436849327739 0.05375072507136949 0)
(0.9430427693351993 0.0563003689887638 0)
(0.9476674876501762 0.05871474587646992 0)
(0.9525298295359317 0.06084590786631032 0)
(0.9577480058924126 0.06271633985415859 0)
(0.9632515837680139 0.06427137094590174 0)
(0.969022255626082 0.06546382916279887 0)
(0.9750077005395068 0.06627122605813339 0)
(0.9812012743536461 0.06666929313791861 0)
(0.9874325115439754 0.0664550498279238 0)
(0.9938884839903288 0.06597335119223643 0)
(1.000205530060525 0.06482198641534373 0)
(1.006352889884593 0.06316953570180979 0)
(1.012446149366146 0.06122444745887042 0)
(1.018054663130336 0.05841890077967844 0)
(1.023284509112667 0.05566768127262586 0)
(1.028119762420881 0.05240705338405427 0)
(1.032570596297369 0.04879802225417242 0)
(1.036476715632699 0.04509844194102883 0)
(1.04426590918606 0.03973406019310088 0)
(1.0474650645305 0.03605801313505214 0)
(1.049939594647206 0.03246059587592701 0)
(1.052123252743032 0.02896588292834351 0)
(1.054088740545738 0.02546195089277302 0)
(1.055667629894542 0.02221016001487117 0)
(1.056899624773451 0.01907260457171121 0)
(1.057866501361859 0.01610120021421085 0)
(1.058579695001273 0.01331367782914136 0)
(1.059201580398059 0.01066779421009742 0)
(1.059618662865111 0.008168946211566471 0)
(1.059904988630817 0.005793623867483419 0)
(1.060074037045784 0.003532824768963576 0)
(1.060125338223951 0.001375144880259045 0)
(1.060094531177021 -0.0007011375376094529 0)
(1.059939031517666 -0.00270450897771036 0)
(1.059729845881297 -0.004656676356945305 0)
(1.059437984263173 -0.006537636896898829 0)
(1.059058244791382 -0.008382205601609783 0)
(1.058596684759815 -0.01019013714158373 0)
(1.057937172487384 -0.01199862020502389 0)
(1.057053640767819 -0.01385715671054212 0)
(1.056064238323765 -0.0156909699069606 0)
(1.055096921093916 -0.01740316169297376 0)
(1.053892936129369 -0.01919012976615372 0)
(1.052447757537267 -0.02102397366172105 0)
(1.051096908836518 -0.02264663541601132 0)
(1.049501710255954 -0.02433969761987956 0)
(1.047664142541114 -0.02608442979808054 0)
(1.045938218189175 -0.02758991175930828 0)
(1.043908983959593 -0.02916074474150397 0)
(1.041569683739678 -0.03077196051423691 0)
(1.039429455448554 -0.03209389319287163 0)
(1.036979397887831 -0.03344335403486097 0)
(1.034145355362596 -0.03482837812839965 0)
(1.031636816959042 -0.03592238247272935 0)
(1.028821362180078 -0.03702138638682368 0)
(1.025595358169069 -0.03812212491336324 0)
(1.02268729426422 -0.03899117767782377 0)
(1.019676520695838 -0.039784073808932 0)
(1.016526720198612 -0.04048180084540389 0)
(1.013315751078341 -0.04108021207534016 0)
(1.010042706091414 -0.04157925696263566 0)
(1.006729546753574 -0.04197139956700927 0)
(1.003386558026569 -0.04225938540888502 0)
(1.000026296169786 -0.04242498158875542 0)
(0.9966772889489668 -0.04247711079867544 0)
(0.9933386005061529 -0.04242369671502695 0)
(0.9900178741938236 -0.04226940570989626 0)
(0.9867168076890077 -0.04203020885332666 0)
(0.9834528503210619 -0.04170543062090756 0)
(0.9802229536613218 -0.04129748581091258 0)
(0.9770274971653403 -0.04080716034182142 0)
(0.9738878152352202 -0.04021260021240517 0)
(0.9708063496653809 -0.03953918310622593 0)
(0.9677860256736961 -0.03879110442580797 0)
(0.9648200875441659 -0.03798316236283633 0)
(0.9619084598058261 -0.03712307551470575 0)
(0.9590603957890309 -0.03620507210416327 0)
(0.9562707812259723 -0.03523572617665647 0)
(0.9535586444225418 -0.03419420964310078 0)
(0.9509215794964979 -0.03308411961185578 0)
(0.9483496535204314 -0.03192841858068198 0)
(0.945857479496977 -0.03072124291723967 0)
(0.9434198616884023 -0.02948981185453951 0)
(0.9410399571997439 -0.02823819037972481 0)
(0.9387486952890033 -0.0269351472293025 0)
(0.9365574012930026 -0.025564994683061 0)
(0.9345172586662936 -0.02410139048875877 0)
(0.93257403468744 -0.02259445976691417 0)
(0.9307302667234493 -0.02104063900911904 0)
(0.9289860047385021 -0.01943379165539736 0)
(0.9272706648466164 -0.01782862749253149 0)
(0.925651075724737 -0.01617936125132668 0)
(0.924131254063904 -0.01447008554915861 0)
(0.9227314914811007 -0.01269461191071469 0)
(0.9215461213252867 -0.01084841031838945 0)
(0.9205027994101783 -0.008935114320181188 0)
(0.9195803380401882 -0.006979597469246508 0)
(0.9186442793324083 -0.00501246719735886 0)
(0.9177002269682732 -0.002977829298059781 0)
(0.9169800707199737 -0.0008407145557776987 0)
(0.9165680491568338 0.001348255230086001 0)
(0.9162549306151329 0.003577546580839623 0)
(0.9159769610820265 0.005870724936873925 0)
(0.9158029969702974 0.008245450497442916 0)
(0.9158916146808874 0.01065682659236918 0)
(0.9161427910955771 0.0131588661096102 0)
(0.916549263061885 0.01576442893383145 0)
(0.9172619883561426 0.01839020147586619 0)
(0.9181399627774407 0.02109110302594813 0)
(0.9191549025420844 0.02384105304583359 0)
(0.9205313889040199 0.02657327943275765 0)
(0.9221204919958691 0.02939418527924405 0)
(0.9239150237865864 0.03229775402284232 0)
(0.9261466918158764 0.03513628005127667 0)
(0.928554309365472 0.03803478485376393 0)
(0.9312977025055559 0.04090720825119835 0)
(0.9343407753173587 0.04373698344028511 0)
(0.9376898356406957 0.04650780808004467 0)
(0.9413463775988978 0.04917785095637375 0)
(0.9452656879796666 0.05172750080483984 0)
(0.9495606604587405 0.05416108065247435 0)
(0.9541402034842795 0.05638292057642087 0)
(0.9589516965158645 0.05836017069671581 0)
(0.9641143597248425 0.06010146737258532 0)
(0.9694506290257898 0.06149060696087579 0)
(0.9751133812381064 0.06262293915621445 0)
(0.980905861531126 0.06327496451019013 0)
(0.9869597550206844 0.06365775528142312 0)
(0.9930111276150362 0.06343719988252597 0)
(0.9991385397877177 0.06285041441094566 0)
(1.005317050038959 0.06180845990367425 0)
(1.011221662024058 0.06017172174590356 0)
(1.017205339480829 0.05837165322230033 0)
(1.022730579121848 0.0557718174485596 0)
(1.027845592339353 0.05318076000643485 0)
(1.032602840587109 0.05014402583782643 0)
(1.036996990623959 0.04675637466327168 0)
(1.040809970093296 0.04327640633817582 0)
(1.048119382816723 0.03820216599068102 0)
(1.051219636601202 0.03471616081840548 0)
(1.053773785251809 0.03131848860761189 0)
(1.056014940049819 0.02797650245388331 0)
(1.0580996821628 0.02465344856576131 0)
(1.059635183251838 0.02154745479421019 0)
(1.060878684675607 0.01852819103308043 0)
(1.06185139927122 0.01567006504455229 0)
(1.062673700494658 0.01296127081103985 0)
(1.063363925268795 0.01040762263122455 0)
(1.063838166698634 0.007986918500471625 0)
(1.064137419666883 0.005686607792113408 0)
(1.064306031431755 0.003481629602039993 0)
(1.064316389561498 0.001382906642583199 0)
(1.064248282522989 -0.0006518603775405137 0)
(1.064075595130124 -0.002608255374813817 0)
(1.06380673445928 -0.004521467258217961 0)
(1.063448472175105 -0.006387587294687517 0)
(1.063052426720343 -0.008176628758249302 0)
(1.062544605467481 -0.009932251899153212 0)
(1.06194368316281 -0.01164171179033199 0)
(1.061107372281623 -0.01341356265874479 0)
(1.060114534387104 -0.01520504271199051 0)
(1.059074024578664 -0.01689615503584452 0)
(1.057942041975083 -0.01853868398767694 0)
(1.056490404766941 -0.02032382570154744 0)
(1.055047168779278 -0.02196507815370091 0)
(1.053545898498883 -0.02350210944969434 0)
(1.051695311152519 -0.02518734671205285 0)
(1.049827258921322 -0.02671354725055557 0)
(1.047966251030196 -0.02810583851020567 0)
(1.045588459546224 -0.02965379787952213 0)
(1.043288528974661 -0.03100792934519208 0)
(1.041033493326847 -0.03219219067521857 0)
(1.0382478338858 -0.03352213154571218 0)
(1.035603905510779 -0.03465779427145334 0)
(1.033077462017868 -0.0356170934213565 0)
(1.029923267402117 -0.03667461756768976 0)
(1.026887939633308 -0.03755782006861976 0)
(1.02397346435663 -0.03830693530754751 0)
(1.020822833381063 -0.03898307827928392 0)
(1.01761746758392 -0.03954709335628352 0)
(1.014366151351287 -0.04001222639615637 0)
(1.011064715742789 -0.04037458392278688 0)
(1.007727923548533 -0.04064050216410707 0)
(1.004366099861995 -0.04080920345793582 0)
(1.001001418293082 -0.04085958499063449 0)
(0.9976586388004789 -0.04080874132647506 0)
(0.9943379621421549 -0.04066012429749113 0)
(0.9910439769541293 -0.04042711205478332 0)
(0.9877771551571002 -0.04011924840356609 0)
(0.9845484041448046 -0.03972831803802039 0)
(0.981356351813883 -0.03925795511275233 0)
(0.9782103843157038 -0.03869331916817154 0)
(0.9751162203640413 -0.03804853027674982 0)
(0.9720812558363713 -0.03733164573693227 0)
(0.9691111658762345 -0.03654780448978282 0)
(0.9661916120886531 -0.03572360187545388 0)
(0.9633428205234216 -0.034843527024707 0)
(0.9605647719088466 -0.03391442719469347 0)
(0.9578770925085748 -0.03291193078942693 0)
(0.9552831069510996 -0.03183471295829791 0)
(0.952757954153023 -0.0307117974886226 0)
(0.950302178133013 -0.02954295828895636 0)
(0.947891049894181 -0.02835459244148212 0)
(0.945533938099468 -0.02713883902119504 0)
(0.9432449415302766 -0.02588420561634323 0)
(0.941063900564914 -0.02455892551879072 0)
(0.9390476059990231 -0.02313520892663563 0)
(0.9371345563092859 -0.02166994426280982 0)
(0.9353226334657679 -0.02015886383126676 0)
(0.9335652310688058 -0.01862810063949797 0)
(0.9318786714179634 -0.01707606779310757 0)
(0.930290213100276 -0.01547944925695912 0)
(0.9288007774916196 -0.01382422080573451 0)
(0.9275469554449736 -0.01206750621389474 0)
(0.9264044630384336 -0.01028226083163583 0)
(0.9253982226321031 -0.00843539649957652 0)
(0.9244633175531877 -0.006544071715856383 0)
(0.9235058349547058 -0.004639526831297624 0)
(0.9226166284494852 -0.002661879305673436 0)
(0.9220827587530833 -0.000580730616206328 0)
(0.9216790476069208 0.00154200979332376 0)
(0.9213910395427148 0.003713121191053769 0)
(0.9211867993186315 0.005957535719615086 0)
(0.9211352213671979 0.008246334146623881 0)
(0.9212762097745116 0.01058204428407774 0)
(0.9215512845181191 0.01299059747998226 0)
(0.9220454065401684 0.01547240716493368 0)
(0.922814870117828 0.0180023425339118 0)
(0.9237350851445181 0.02060356739091798 0)
(0.9248762295138649 0.02323878546434101 0)
(0.9263237458492659 0.02586932058201433 0)
(0.9279211540531809 0.02858268072724866 0)
(0.9297802773836199 0.03131849840901317 0)
(0.9320503674224281 0.03400877799689254 0)
(0.9344331371484932 0.0367968499807903 0)
(0.9372045416124835 0.03953937787230129 0)
(0.9402236216314044 0.04220129621373665 0)
(0.9435878835051451 0.04483780792634957 0)
(0.9472346878542054 0.04738299246491392 0)
(0.9511628154772608 0.04979822753073147 0)
(0.9554062913014187 0.05206096141627468 0)
(0.9598941889447161 0.05412535878096176 0)
(0.9647395369132115 0.05601502614752429 0)
(0.9697626789325962 0.05760143597573979 0)
(0.9750388891891508 0.05892609639201548 0)
(0.9805368335457236 0.05991022215339203 0)
(0.986204134641264 0.06054323617001781 0)
(0.9920273438063468 0.06078646832063651 0)
(0.99799600465958 0.06062203092549241 0)
(1.003906396636012 0.05996250369174286 0)
(1.009915203742523 0.05901237862379002 0)
(1.015608519063316 0.05741315622696895 0)
(1.021349877079559 0.05565801151598569 0)
(1.026767364184819 0.05326419197438161 0)
(1.031862526835355 0.05083858726931043 0)
(1.036570874138278 0.04798782170412631 0)
(1.040925615910362 0.04480272944804102 0)
(1.044720516499298 0.04153946597909198 0)
(1.051602655548722 0.03672938555626255 0)
(1.054643467799423 0.03342244480886668 0)
(1.057239338200109 0.03021054558452831 0)
(1.059567666121133 0.02701848214124442 0)
(1.061657197994336 0.02384599407805815 0)
(1.063131993347994 0.02087701536718149 0)
(1.064435184078034 0.01797082077374172 0)
(1.065492245793049 0.01522601041277757 0)
(1.066368293687076 0.01261044578685499 0)
(1.067058127787308 0.01013600780685527 0)
(1.067576769673211 0.007802142189614013 0)
(1.06792201522818 0.005578551725818019 0)
(1.068114653156983 0.00344726727025849 0)
(1.068155787878617 0.00139622320260578 0)
(1.068079698539087 -0.0005844945255681077 0)
(1.067893878786962 -0.002504450597436069 0)
(1.067619576364532 -0.004365839625647379 0)
(1.067204385482823 -0.006190235832719047 0)
(1.066708676496889 -0.007974368377678452 0)
(1.066184401637864 -0.009676592912247973 0)
(1.065556391140892 -0.01134204332910792 0)
(1.064795069420333 -0.01299154805970278 0)
(1.063790295915217 -0.01472371533937905 0)
(1.062725667589245 -0.01641172644464744 0)
(1.061603199645728 -0.01797104309300921 0)
(1.060233410148606 -0.01962753203206068 0)
(1.058644782458098 -0.0212968220759195 0)
(1.057156529008505 -0.02276348880931421 0)
(1.055351649022359 -0.02431343998123242 0)
(1.05335770032176 -0.02586040574734069 0)
(1.051493029490274 -0.02717082728334197 0)
(1.049256656274823 -0.02856802486583765 0)
(1.046838331572657 -0.02995867489286486 0)
(1.044579933671518 -0.03109318678175197 0)
(1.041986633905586 -0.03228324452970584 0)
(1.0391939849792 -0.03346387738505584 0)
(1.036659481356309 -0.03437515906124486 0)
(1.033765989414632 -0.03530552033411211 0)
(1.030626264918569 -0.0361842059634163 0)
(1.027785429904296 -0.03686705765060068 0)
(1.024651964848179 -0.03751996938539459 0)
(1.021459270616204 -0.03806067829203305 0)
(1.018215178518595 -0.03850624696197458 0)
(1.014933359000265 -0.03885751059378658 0)
(1.011627697460111 -0.03911477142780607 0)
(1.00829431931523 -0.03928164458750643 0)
(1.004956584398182 -0.03935119040280868 0)
(1.00162735100476 -0.03931633625977422 0)
(0.9983142333350445 -0.0391865975429085 0)
(0.9950317986093149 -0.03896443510423222 0)
(0.991769687237356 -0.03867205722641636 0)
(0.9885411789903222 -0.0383021330773927 0)
(0.9853571584052602 -0.0378473549265061 0)
(0.9822208175411872 -0.03730557047832128 0)
(0.9791350025688498 -0.03667999319188068 0)
(0.9761014322689824 -0.03598970460547224 0)
(0.9731376861089076 -0.03523283102166599 0)
(0.9702318237436026 -0.03444009307786859 0)
(0.967399964901364 -0.03359128007921597 0)
(0.964639187154693 -0.03269241894841876 0)
(0.9619642936262144 -0.03171942367684377 0)
(0.9593800038065479 -0.03067327993808391 0)
(0.9568698492362504 -0.02957564360311205 0)
(0.954428527935772 -0.02843711799796185 0)
(0.9520288905119082 -0.02728904341309199 0)
(0.9497032755319268 -0.02609767093006069 0)
(0.9474398694670605 -0.02487685702786778 0)
(0.9452873761734574 -0.02358597414755854 0)
(0.9432762561892098 -0.02221586959304406 0)
(0.9413803777465793 -0.02079673977348745 0)
(0.9395846783874834 -0.01933621410005518 0)
(0.9378353413085279 -0.01786996293809019 0)
(0.9361763544901669 -0.01636330994486451 0)
(0.9346079831315317 -0.01481869782044705 0)
(0.9332129704185699 -0.01318769552759343 0)
(0.9319799532184003 -0.01148682981212951 0)
(0.9308616080457186 -0.009747119839661124 0)
(0.9298470576119485 -0.007960668523380534 0)
(0.9288490668812173 -0.006144294155321997 0)
(0.9279339913027337 -0.00428008816981824 0)
(0.9272432854029885 -0.002354424825499015 0)
(0.9266765032734865 -0.0003386567559060905 0)
(0.9263246749212923 0.001698687603609479 0)
(0.9261052554935418 0.003802100152575852 0)
(0.9260359621562212 0.005987516486176695 0)
(0.9260622398975119 0.008206720286298621 0)
(0.9262406890209328 0.01047410938113817 0)
(0.9265702494159753 0.01280583458804972 0)
(0.9271427402991226 0.01516671419298202 0)
(0.9279128852430549 0.01760782927270136 0)
(0.9288618182793645 0.02012802514816285 0)
(0.9301123515637839 0.02264217949890678 0)
(0.9315374354518279 0.02517753491823593 0)
(0.9331167633091092 0.02777192824215002 0)
(0.9350910756411754 0.03034869962950652 0)
(0.9373248133657834 0.03296141186892509 0)
(0.9398007464321009 0.03561042764568405 0)
(0.9425169296791065 0.0381979125714366 0)
(0.9455676583095324 0.04073688315235476 0)
(0.9489034765607526 0.04324163203101716 0)
(0.9525178893634869 0.04565572703969258 0)
(0.9564595292435245 0.04792943670614715 0)
(0.960645097080466 0.05004349337691207 0)
(0.9651577175115305 0.05199958060759885 0)
(0.9698958040678656 0.05374804852345122 0)
(0.9748664027413568 0.05523987920325554 0)
(0.9801139600656896 0.05647162216239528 0)
(0.9854987471954245 0.05735019724499744 0)
(0.9910857422467352 0.05795072809843257 0)
(0.9967397122715914 0.05809975841922132 0)
(1.002540343210107 0.05795309512647952 0)
(1.008284749116809 0.05729605384900033 0)
(1.014085962933037 0.05632715751866715 0)
(1.019760579360596 0.05486810262594054 0)
(1.025219718266069 0.05312827798807832 0)
(1.030480909630887 0.05090389780907694 0)
(1.035448434378336 0.04860340637340013 0)
(1.040071317403569 0.04591791071021553 0)
(1.044434798723018 0.04293383298960371 0)
(1.048222643066839 0.03986124992820497 0)
(1.054694231885453 0.03528867516036209 0)
(1.05777275923034 0.03216788187547326 0)
(1.060429601661518 0.02912563690792243 0)
(1.062789134585326 0.02608882696447264 0)
(1.06489636605587 0.02306434158936529 0)
(1.066347746175031 0.02022013935311864 0)
(1.067711210522764 0.01742278286006184 0)
(1.06880246087519 0.01477998772512006 0)
(1.06972353620739 0.01226173765108994 0)
(1.070447619613028 0.009862488975885961 0)
(1.070993922769837 0.007607528688381989 0)
(1.071413787188711 0.005447735776899147 0)
(1.071662060644729 0.003395967431950689 0)
(1.071753218968671 0.001407652185965799 0)
(1.071703160100164 -0.0005190607784732645 0)
(1.071510914858649 -0.002384440380611264 0)
(1.071200633829427 -0.004207708074198515 0)
(1.070782499159182 -0.005973203460266965 0)
(1.070242257955995 -0.007717661368000653 0)
(1.069609150345695 -0.009416914199316298 0)
(1.068945828647742 -0.01103798205175277 0)
(1.068182374223556 -0.01262599569462768 0)
(1.067213609457172 -0.01425767259476922 0)
(1.066081837275558 -0.01591925769562049 0)
(1.064922267320025 -0.01744802916614099 0)
(1.063619160677195 -0.01896153179123734 0)
(1.061992249082528 -0.02059505566551633 0)
(1.060402584661883 -0.02205160358060353 0)
(1.058676642862526 -0.02345827641085383 0)
(1.05662777980511 -0.02497983828651308 0)
(1.054657043324314 -0.02629252503835056 0)
(1.05257958716903 -0.02753338524106728 0)
(1.050128173232093 -0.02889126945083422 0)
(1.047769051524312 -0.03003845116768573 0)
(1.045345090914289 -0.03109256239856013 0)
(1.042506048149854 -0.03224614557435893 0)
(1.03980447015064 -0.03318047491430462 0)
(1.037093450265945 -0.03399813644795739 0)
(1.033955776199895 -0.03484838995598626 0)
(1.031040036172109 -0.03550986350061373 0)
(1.027969838085318 -0.03613561360709706 0)
(1.02482670734235 -0.03664824685504541 0)
(1.021632268768374 -0.03706925996505998 0)
(1.018399380403729 -0.03739724090400833 0)
(1.015134465214165 -0.03764259909979258 0)
(1.011853146494237 -0.03779426151770111 0)
(1.008564577819805 -0.03785688083533469 0)
(1.005258517893605 -0.03782072124743223 0)
(1.001953738438792 -0.03769305395575054 0)
(0.9986641951044434 -0.0374784188015106 0)
(0.9954003090052709 -0.03718736350439463 0)
(0.9921647153767268 -0.03683278371533397 0)
(0.9889737876571898 -0.03640263019190031 0)
(0.9858431840245255 -0.03589150767085608 0)
(0.9827801340206657 -0.03528598938221988 0)
(0.979768984158315 -0.03462120741772984 0)
(0.9768148683161745 -0.03389904541047856 0)
(0.9739186161669522 -0.03313871324242098 0)
(0.9710885618316905 -0.03232942470376095 0)
(0.9683332322317679 -0.0314665897576987 0)
(0.9656678260181316 -0.03052989798995864 0)
(0.9630959069058086 -0.02952055442956478 0)
(0.9606077866287773 -0.02845650298798458 0)
(0.9581895656438851 -0.02735698497436148 0)
(0.9558228588760205 -0.02624975526008583 0)
(0.9535334495573424 -0.0250992168702833 0)
(0.9513124524645735 -0.02391137114868032 0)
(0.9492094567520334 -0.02264650380958251 0)
(0.9472079882758162 -0.02132959638294756 0)
(0.945318738193405 -0.01995769852206149 0)
(0.9435090678999547 -0.01856688489514297 0)
(0.9417776654648891 -0.01714923234394111 0)
(0.9401434181982092 -0.01568593036039912 0)
(0.9386107647017501 -0.01417269133455095 0)
(0.9372512149179775 -0.01257981011058491 0)
(0.9360161354914045 -0.01093006456418463 0)
(0.9349027688188425 -0.009240498888310892 0)
(0.9338059219795203 -0.007541973507856368 0)
(0.9328210360701221 -0.00578765049999891 0)
(0.9319501112503454 -0.003967758994107303 0)
(0.9314277947159539 -0.002087858095693677 0)
(0.9308473241226507 -0.0001369459202424378 0)
(0.9305024856194749 0.001836431520254443 0)
(0.9302696162445159 0.003873827280463556 0)
(0.9302372270584583 0.005975638553113576 0)
(0.9303850489501962 0.008125033007758704 0)
(0.9306768129062263 0.01033112097530253 0)
(0.9311499394975521 0.01258553823820514 0)
(0.9318310688496786 0.01486845832791363 0)
(0.9325855859890175 0.01721228196175957 0)
(0.9335912319140092 0.0196185813785861 0)
(0.9349225398474076 0.0220367059918341 0)
(0.9363237450756721 0.02450132477151691 0)
(0.9379475563702084 0.02698779685101985 0)
(0.9399501042295921 0.02943952457715298 0)
(0.9420746443852266 0.03194499312240105 0)
(0.9445391972590583 0.03444815980579935 0)
(0.9472831754506563 0.03690845187928805 0)
(0.950344104920286 0.03933984152262476 0)
(0.9536476984400006 0.04170423574042763 0)
(0.9572842548569045 0.04399964892379196 0)
(0.9611852109967229 0.04612393382196059 0)
(0.9653650330897636 0.04812927311604551 0)
(0.9698012339972926 0.04994741313521993 0)
(0.9744873827185562 0.05158205324278729 0)
(0.9794980983908714 0.05299542904137922 0)
(0.9846203803569836 0.05410909554507953 0)
(0.989979170121106 0.05494020210181368 0)
(0.9954794194607282 0.05544080673916678 0)
(1.001068979311717 0.05559532177649784 0)
(1.006712295961096 0.05538033624539741 0)
(1.012354400437045 0.05480626619320593 0)
(1.017950331347843 0.05380774709437158 0)
(1.023553787610338 0.05246334899819245 0)
(1.028816383122448 0.05076794787853089 0)
(1.034035890380239 0.04870477552994617 0)
(1.038846139342635 0.04650970924021848 0)
(1.04330575772177 0.04394897774375119 0)
(1.047582570790453 0.04114534941953453 0)
(1.051358078885718 0.03824067821092219 0)
(1.057500184856373 0.03388755186223488 0)
(1.060619920231621 0.03094788895506879 0)
(1.063295651603922 0.0280673613890361 0)
(1.065647014175639 0.02518112263609644 0)
(1.067735283475801 0.02228851879001226 0)
(1.069264757552031 0.01957774825512729 0)
(1.070686709822848 0.01689214147336325 0)
(1.071829988955063 0.01434408100393543 0)
(1.072793715303134 0.01190834661942902 0)
(1.073576501916316 0.009591375163691629 0)
(1.074176048199467 0.007400828113939268 0)
(1.074618329109177 0.005314249527081932 0)
(1.074925542816456 0.003315292489845718 0)
(1.075080681237838 0.001405885876704274 0)
(1.075064929144809 -0.0004610743137949854 0)
(1.074892893523495 -0.002266205139355504 0)
(1.074590155953293 -0.004029855817925135 0)
(1.074139908277516 -0.0057593977374765 0)
(1.073611285726448 -0.007450753830038652 0)
(1.072957006485386 -0.009123466893802728 0)
(1.072244942052584 -0.01072055107444631 0)
(1.071425972602843 -0.01226543694391729 0)
(1.070502999954382 -0.01379017154434859 0)
(1.069304572921602 -0.01539487539649147 0)
(1.068058625295431 -0.01692439099366753 0)
(1.066765284114416 -0.01832708440442787 0)
(1.065146167286318 -0.01987231324427463 0)
(1.063426659786722 -0.0213462451309433 0)
(1.061738548797533 -0.02265074096422838 0)
(1.059715219380062 -0.02408703155722888 0)
(1.057600579438176 -0.02543249515983659 0)
(1.055586358583796 -0.02657781806027441 0)
(1.05318923508475 -0.02784209161211638 0)
(1.050685135380944 -0.0290172588330031 0)
(1.04831170533134 -0.02998230704879275 0)
(1.045550197185636 -0.03104316308554125 0)
(1.042682906122979 -0.03201308790205606 0)
(1.040004447447429 -0.03277292848623274 0)
(1.036968427696183 -0.03356068212677253 0)
(1.033967121978182 -0.03421182997690587 0)
(1.030909589643493 -0.03481256577270809 0)
(1.027807425577827 -0.03531437656139727 0)
(1.024656611358891 -0.03571471451977506 0)
(1.021469420346851 -0.03602538409401788 0)
(1.018247931734633 -0.03625656766745026 0)
(1.01499743883084 -0.03640957372246705 0)
(1.011737938174538 -0.0364716271615519 0)
(1.008477798774188 -0.03644390552477654 0)
(1.005201015983069 -0.03631784666395866 0)
(1.001931124896778 -0.03611320392412141 0)
(0.9986826378036975 -0.03583224806978938 0)
(0.9954614309128436 -0.0354952352711403 0)
(0.99228218325634 -0.03508906652879111 0)
(0.9891599831964009 -0.03461127463644478 0)
(0.9861157561494197 -0.03403444374757495 0)
(0.9831353643775839 -0.03338950918763003 0)
(0.9802113452232818 -0.03268708521384916 0)
(0.9773374724808461 -0.03194950092782969 0)
(0.9745244146646954 -0.03116781116283425 0)
(0.9717753146817734 -0.03033741761540803 0)
(0.9691109052801508 -0.02943375271933415 0)
(0.9665396331539104 -0.02845648683446742 0)
(0.9640524897621364 -0.02742686428573635 0)
(0.9616432339050338 -0.02636248664462849 0)
(0.9592958994311821 -0.02528585541906821 0)
(0.9570252320819056 -0.02416652471281044 0)
(0.9548285718828083 -0.02300292967463744 0)
(0.9527448638105109 -0.02176179201022374 0)
(0.9507431645456125 -0.0204851726907034 0)
(0.9488468633110665 -0.0191548899974002 0)
(0.9470082315479487 -0.01783261820911842 0)
(0.9452746678113916 -0.01646273072560734 0)
(0.9436531050367514 -0.01503973512376667 0)
(0.9421869742060118 -0.01353846977274354 0)
(0.9408474869944291 -0.01199287044269957 0)
(0.9396322184788864 -0.01039410488058932 0)
(0.9384908010806593 -0.008769501472163797 0)
(0.9374082495344066 -0.007128171893264168 0)
(0.9364359657135307 -0.005435288758717753 0)
(0.9356850107120946 -0.00365956932882707 0)
(0.9351801388562925 -0.001836985924812728 0)
(0.934603549790979 4.664834385984079e-05 0)
(0.9342775573985875 0.001956764163867146 0)
(0.9340755312540849 0.003924106631464305 0)
(0.9340969293037047 0.005938013677667582 0)
(0.9342421091094052 0.008013408078362318 0)
(0.9345583376544859 0.01016143016293749 0)
(0.9350966395859309 0.01233372564941909 0)
(0.9358298729485599 0.01454159915296952 0)
(0.9366629301532785 0.01680834571156342 0)
(0.9377768205014773 0.01911361802380134 0)
(0.9391568260923765 0.02145100161150397 0)
(0.9406051145410639 0.02383228477278186 0)
(0.942334837341589 0.02619792562544715 0)
(0.9443712858028716 0.02855334727082793 0)
(0.9464845842453532 0.03097114514019313 0)
(0.94894906734717 0.03333548137865617 0)
(0.9517020244378401 0.0356825074121937 0)
(0.9546870191944519 0.03798743066735745 0)
(0.9579667017838187 0.04023866563161414 0)
(0.9615614520519057 0.04238583930677527 0)
(0.9654527491455942 0.04440828498292775 0)
(0.9695754128454186 0.046282194471578 0)
(0.9739776864707392 0.04800305205698069 0)
(0.9786362447820276 0.04952610296166275 0)
(0.9835411952250201 0.05083191176078902 0)
(0.9886457855501671 0.05188474960764076 0)
(0.9939278464710647 0.05264286477335439 0)
(0.9992680769793385 0.05307415310021592 0)
(1.004787002428269 0.05321955886846556 0)
(1.010308742401353 0.05295828426142471 0)
(1.015883103451886 0.05243461321685763 0)
(1.021321064074545 0.05144990059202911 0)
(1.026840794351271 0.05019294935416871 0)
(1.031992056996329 0.0485460997981794 0)
(1.037166439677698 0.04662090142261281 0)
(1.041870447659757 0.04450960468312694 0)
(1.046224323379542 0.04208982388188754 0)
(1.05043038516419 0.039450166916754 0)
(1.054171110358677 0.03670361083154315 0)
(1.060047933389265 0.03255222329643652 0)
(1.063174309031235 0.02976086504852391 0)
(1.065850267725963 0.02703311136875567 0)
(1.06822502199107 0.02429962125986992 0)
(1.070298429256366 0.02153038025891268 0)
(1.071936004653792 0.01892569065030557 0)
(1.07346089747751 0.01635493421049549 0)
(1.074651390230737 0.01391141742180585 0)
(1.075647021297762 0.01155018731627437 0)
(1.076450015356932 0.009313372066880902 0)
(1.077091691522635 0.007179441066597534 0)
(1.077563968529938 0.005165350835636462 0)
(1.077860976397929 0.003223078319788094 0)
(1.078027891977287 0.001365721611369129 0)
(1.078071804476375 -0.0004251517304702667 0)
(1.077941501104544 -0.002164532841334236 0)
(1.077667487584646 -0.003872694292440903 0)
(1.077256509069262 -0.005547604867762139 0)
(1.076705341888699 -0.007198957692289377 0)
(1.076026815757796 -0.008820701538105078 0)
(1.075263294768491 -0.0104130448824737 0)
(1.074401473188918 -0.01190409705327505 0)
(1.073461206527124 -0.01335693795342762 0)
(1.072264009792555 -0.01487054357767249 0)
(1.070919925250154 -0.01640772441671763 0)
(1.069596272765382 -0.01775438625214865 0)
(1.068056233356747 -0.01916997337037855 0)
(1.066236925862002 -0.02065523323238471 0)
(1.064525318417401 -0.0219111508381495 0)
(1.062579445478035 -0.02321964672862259 0)
(1.060344531946332 -0.024585822830224 0)
(1.058284910339791 -0.02569156893666339 0)
(1.055993651298776 -0.02682284628585509 0)
(1.053392747906755 -0.02801073837885068 0)
(1.050972926268477 -0.02894427689618053 0)
(1.048354827133789 -0.02988094231176396 0)
(1.04541504760692 -0.03085632922448395 0)
(1.042689348387166 -0.0316023059431265 0)
(1.039809615975883 -0.03231678857054138 0)
(1.036745090981614 -0.03295829756686944 0)
(1.033682516417283 -0.03353910961462074 0)
(1.030572627674526 -0.03403136095632336 0)
(1.027432178593787 -0.03441792508771873 0)
(1.024258108782867 -0.03471381251414709 0)
(1.021058082828911 -0.03492302537805214 0)
(1.017828157786556 -0.03506068580235562 0)
(1.014588138369092 -0.03511593167098064 0)
(1.011347729002839 -0.0350874212965939 0)
(1.008114786450573 -0.03495966466219472 0)
(1.004880574793819 -0.03475286172501758 0)
(1.001672448954192 -0.0344769433788428 0)
(0.9984769721258324 -0.0341478635759342 0)
(0.9953169674505846 -0.03375996126823051 0)
(0.9921958417469291 -0.03330816784013636 0)
(0.989139479040379 -0.03276539668611592 0)
(0.9861460958099539 -0.03214824165640254 0)
(0.9832134534126992 -0.03147174793989835 0)
(0.9803385446633126 -0.03075725219715562 0)
(0.9775286307295051 -0.03000290169485573 0)
(0.9747846674530692 -0.02920029140953922 0)
(0.972114629222125 -0.02833052838584567 0)
(0.9695271459153156 -0.02738874674156409 0)
(0.9670200514542958 -0.02639615398232564 0)
(0.9645924536938618 -0.02537301931897295 0)
(0.9622374892183642 -0.02433518982495643 0)
(0.9599710232543143 -0.02325286554779102 0)
(0.9577974471295085 -0.02210864257858644 0)
(0.9557278465815708 -0.02090103616752072 0)
(0.9537425272005156 -0.01965842035014858 0)
(0.9518429034742087 -0.0183843225464156 0)
(0.9500120780474296 -0.01711025263639724 0)
(0.9482823310750156 -0.01579679699910458 0)
(0.9466816372118776 -0.01441415024445432 0)
(0.9452592203977865 -0.01294612601435822 0)
(0.9439498305674447 -0.01144657438781357 0)
(0.9427586218595961 -0.00990098737338267 0)
(0.9416267239316016 -0.008347779764567973 0)
(0.9405982264407938 -0.006750997948592017 0)
(0.9396765397957232 -0.005098702202331368 0)
(0.9390166346165617 -0.003374318399453787 0)
(0.938512276483102 -0.001611978649891914 0)
(0.937964136761269 0.0002044623888880923 0)
(0.9376435009107437 0.002062422977757667 0)
(0.9374713814907805 0.00397010995316915 0)
(0.9374956909607988 0.005909259416551918 0)
(0.9376426013038295 0.007904503941687622 0)
(0.9379988547225805 0.009973222760980182 0)
(0.9386148479178184 0.01207103800663427 0)
(0.9393790925951215 0.01421498523260782 0)
(0.9402408369426493 0.01640293524142438 0)
(0.9414051230437045 0.01860503044941136 0)
(0.9427745615667322 0.02085884999133296 0)
(0.9442867844865013 0.0231560926893178 0)
(0.9461369824327823 0.02541504365554161 0)
(0.9481881783670848 0.02770091722866206 0)
(0.9503833885091083 0.03002587689092621 0)
(0.952922192654106 0.03225845847865874 0)
(0.9557524642117332 0.03449524611623354 0)
(0.9587153453417357 0.0366993048995048 0)
(0.9620127856978571 0.03883577855777561 0)
(0.9655279716511707 0.04084159804183825 0)
(0.9693666902933271 0.04275806134186752 0)
(0.9734361490214202 0.0445366639485914 0)
(0.9777756954575955 0.04614929689770569 0)
(0.9823566444524799 0.04758025884727897 0)
(0.9871498679839458 0.04878938672864866 0)
(0.9921967329652294 0.04976523537195759 0)
(0.9973472785432698 0.05046196255251989 0)
(1.002658613902059 0.05086880245807447 0)
(1.008027876891787 0.05094158603419022 0)
(1.013447231551842 0.0507060577134366 0)
(1.018880989246385 0.05014067978115535 0)
(1.024245907898734 0.04924948817790462 0)
(1.029574922597696 0.04798666836458348 0)
(1.034732816913831 0.04647100118490026 0)
(1.03983156402962 0.04463853296413915 0)
(1.044466793853073 0.04260478511013206 0)
(1.048783663725871 0.04032517175726415 0)
(1.052931644409956 0.03782544317037901 0)
(1.056687297964991 0.03523751936157725 0)
(1.062197955194503 0.03127674621465183 0)
(1.065344448122002 0.02861373971906447 0)
(1.068050678064593 0.02602473922652402 0)
(1.070441983463685 0.02340853227918972 0)
(1.072580171653337 0.02077881781555503 0)
(1.074326864917555 0.01827596811577362 0)
(1.075897111286427 0.01580659890098837 0)
(1.077172198398856 0.01346888814819447 0)
(1.078256876172041 0.01119843945282222 0)
(1.079090112469832 0.009034976452442542 0)
(1.079692177158086 0.006969152364868405 0)
(1.080163331621006 0.004995678404206566 0)
(1.080502502162775 0.003124710385041496 0)
(1.080652733749692 0.00132073256704211 0)
(1.080685445963682 -0.0004219417290530596 0)
(1.080609494363594 -0.002106550985992004 0)
(1.080398111680044 -0.003739351915997785 0)
(1.080015341736766 -0.005347099399305334 0)
(1.079468056362084 -0.006945209723847136 0)
(1.078752910863653 -0.008516477718926939 0)
(1.077925457515315 -0.01006566836130726 0)
(1.077014535160231 -0.01154986107879726 0)
(1.076039961629893 -0.01295421821945789 0)
(1.074904614164564 -0.01435656123042061 0)
(1.073543142561656 -0.015843263925256 0)
(1.072152962733639 -0.01719634762501469 0)
(1.070688885389614 -0.01848819053407399 0)
(1.068852756292312 -0.0199213119064104 0)
(1.067051640923826 -0.02118887799723642 0)
(1.065172793622022 -0.02237493462988336 0)
(1.062915617317485 -0.02369528525926542 0)
(1.060729428730326 -0.02482830938553571 0)
(1.058502516957866 -0.02584493533335388 0)
(1.055910274448226 -0.02698693899937414 0)
(1.053389716732466 -0.02794608554390536 0)
(1.050865460414835 -0.02877922330577973 0)
(1.047976471736084 -0.02971404115767332 0)
(1.045163615867213 -0.03048131114310835 0)
(1.042417427284713 -0.03112483764047807 0)
(1.039326935321484 -0.03175696717344048 0)
(1.03627937931955 -0.03230578476366959 0)
(1.033170428322918 -0.03278072990815642 0)
(1.030022905963513 -0.0331648004404456 0)
(1.026846307276813 -0.0334495590180437 0)
(1.023641957935561 -0.0336537974787221 0)
(1.020415648557303 -0.03378002752486764 0)
(1.017171552732061 -0.03383579848327174 0)
(1.013933245603636 -0.03381309686140589 0)
(1.010703150708466 -0.03370115456593733 0)
(1.007497214895776 -0.03350161656745863 0)
(1.004310687063555 -0.03323521640294269 0)
(1.001136998238113 -0.03291126512270397 0)
(0.997998405979758 -0.03253443767607703 0)
(0.9948893948373345 -0.03209683590307479 0)
(0.9918234676857687 -0.03158179529483757 0)
(0.9888124214583135 -0.03098595445469895 0)
(0.9858590096535955 -0.03033320253076036 0)
(0.9829668144903629 -0.02964277779691532 0)
(0.9801419601185759 -0.02891839572988678 0)
(0.9773922381890198 -0.02814299728233001 0)
(0.9747206317306434 -0.02729646760193045 0)
(0.9721284086458042 -0.02638216456667479 0)
(0.9696166604014087 -0.02541759164013533 0)
(0.9671788675364528 -0.02443192403794218 0)
(0.9648150492514351 -0.0234319356077617 0)
(0.9625420787649637 -0.02238787046785687 0)
(0.9603814298262416 -0.02126766017122552 0)
(0.9583228724590925 -0.02009296563719393 0)
(0.9563528263563642 -0.01888232105777198 0)
(0.9544608098916408 -0.01766259261212554 0)
(0.9526518907590283 -0.01642644375005361 0)
(0.9509315677639394 -0.01515382927193898 0)
(0.9493509935524806 -0.01380503817615509 0)
(0.947923295605079 -0.0123860870848532 0)
(0.94662027989421 -0.01092852255978266 0)
(0.9454064894471834 -0.009458882685858674 0)
(0.9442961867061263 -0.00795844806436592 0)
(0.9433019836480705 -0.006402724989348747 0)
(0.9424904646354484 -0.004781381406246822 0)
(0.9418609754852186 -0.003109349486273004 0)
(0.9413163820380755 -0.001410573656728982 0)
(0.94087241031353 0.0003471298450699317 0)
(0.9405903264597655 0.002153382184214844 0)
(0.9404969931669891 0.003995510094533477 0)
(0.9405240444410101 0.005872488119925068 0)
(0.9406671225279488 0.007798504758446314 0)
(0.9410281658799092 0.00977590222647147 0)
(0.9416470337547306 0.01179909058560009 0)
(0.9424166607234916 0.01387331317568941 0)
(0.9433725364403337 0.0159765022679147 0)
(0.9445984137708963 0.01810221373497823 0)
(0.9460018350405774 0.02028501078124426 0)
(0.9475895207091257 0.02247372358004037 0)
(0.9494659659261198 0.0246415777792969 0)
(0.9514969267099086 0.02685016220632892 0)
(0.9537733906968076 0.0290515410069338 0)
(0.9563535109996735 0.03120082883690597 0)
(0.9592235141302918 0.03334461461023229 0)
(0.9622486439640658 0.03544880084078886 0)
(0.965606348449733 0.03746900726419704 0)
(0.9691108234491888 0.03938234808005106 0)
(0.9729285724699136 0.04118881124333348 0)
(0.9769647027808304 0.04286703750302517 0)
(0.9812612356855768 0.04439125266343752 0)
(0.9857749769975452 0.04573558557621762 0)
(0.9904940470386955 0.04685637160845395 0)
(0.9953969626822972 0.04776212519730064 0)
(1.000484351696407 0.04840269291502114 0)
(1.005702194808683 0.0487607494556223 0)
(1.010955893322958 0.04880668692063235 0)
(1.01629584357927 0.04856785600010349 0)
(1.021575964943041 0.04798341180523866 0)
(1.026858597314167 0.04715647227328269 0)
(1.032010489197867 0.04591217214652404 0)
(1.037093198661645 0.04449736003355709 0)
(1.042036067946649 0.04270650274752517 0)
(1.046682459356762 0.04079030401519916 0)
(1.050965009110653 0.03864417430699341 0)
(1.05504685061918 0.03627261677710028 0)
(1.058802470699342 0.03382209846698287 0)
(1.06402631472692 0.03003985740123399 0)
(1.067177772553065 0.02749897540311428 0)
(1.069880784117172 0.02502736471623994 0)
(1.07233219331069 0.02253678214094986 0)
(1.07453125920508 0.02001737811192678 0)
(1.076365944181877 0.01763317884390264 0)
(1.078006352883381 0.01526213089930668 0)
(1.07935311856668 0.01300918081752093 0)
(1.080495799184773 0.01083804631914699 0)
(1.081367885374012 0.008750009139648896 0)
(1.08201243420125 0.006758540296190483 0)
(1.082462943994127 0.004844354567756552 0)
(1.082775845671566 0.003015613402489945 0)
(1.082987881204843 0.001269149840200137 0)
(1.083041654749961 -0.0004175965672302744 0)
(1.082947170108549 -0.002056875264580808 0)
(1.082740359725082 -0.003645739454405795 0)
(1.082383415950363 -0.005175356860113611 0)
(1.081865805236978 -0.006694216326445179 0)
(1.081173267945891 -0.008209544231440581 0)
(1.080319644951656 -0.009710949083848473 0)
(1.079364695916201 -0.01119091684613161 0)
(1.078358494131071 -0.01255626155034652 0)
(1.077256823361711 -0.01387204157010415 0)
(1.075884406192066 -0.01529666591763738 0)
(1.0744319952829 -0.01665375696861145 0)
(1.072991029326499 -0.01786188761133844 0)
(1.071186542219941 -0.01920806051652401 0)
(1.069315560709633 -0.02048487140279442 0)
(1.067467381320125 -0.02158985201601126 0)
(1.065237682844681 -0.0228254630568367 0)
(1.06296330029373 -0.0239782836879022 0)
(1.060735098031771 -0.02493634188519606 0)
(1.058199737851869 -0.02599455820993212 0)
(1.05560556965629 -0.02698055272380958 0)
(1.053100356160876 -0.0277694338697834 0)
(1.050306454314291 -0.0286241765426682 0)
(1.04741319599513 -0.02940827163691942 0)
(1.044665386256342 -0.03001859580951158 0)
(1.041644522045599 -0.03061243150092441 0)
(1.038612718527008 -0.03112583604360535 0)
(1.035514525064397 -0.03157941761371649 0)
(1.032366759470263 -0.03195227440023711 0)
(1.029181947687485 -0.03222898189898857 0)
(1.025972891705337 -0.03241979343065497 0)
(1.022736609885813 -0.03253100983942236 0)
(1.019489750745839 -0.03258187222340175 0)
(1.016242571548295 -0.03255959726543305 0)
(1.013003687081476 -0.03246219295365672 0)
(1.009785224215513 -0.03226788943026631 0)
(1.006579522109241 -0.0320072318098084 0)
(1.003398306147315 -0.03168724864897968 0)
(1.000247911341115 -0.03132230567690898 0)
(0.997135871639744 -0.03089612442884154 0)
(0.9940624322871103 -0.03040238017168167 0)
(0.9910414291494788 -0.02982553755923483 0)
(0.9880754639440528 -0.02919661502283951 0)
(0.9851698314984128 -0.02852958705997215 0)
(0.9823284561774113 -0.02783394235148883 0)
(0.9795588480207648 -0.02709133858300535 0)
(0.976874461202391 -0.02627546421611814 0)
(0.9742769202812634 -0.02539213589865974 0)
(0.9717639915301198 -0.02445853538620049 0)
(0.9693317211388184 -0.0235093716716042 0)
(0.9669765651186693 -0.02254329231726062 0)
(0.9647022694359064 -0.02153698203431508 0)
(0.9625431521095725 -0.02044846498893295 0)
(0.9604835561981262 -0.01930758216978206 0)
(0.9585139338900247 -0.01813024830007954 0)
(0.9566186248812281 -0.0169651240666365 0)
(0.9548177494052208 -0.01576886087164404 0)
(0.9531106970051282 -0.01453036668396743 0)
(0.9515472330726172 -0.01321041662372004 0)
(0.9501144303766187 -0.0118410845549888 0)
(0.9488119165503757 -0.01042806774761301 0)
(0.9475880753303523 -0.009030551405510071 0)
(0.946486344630083 -0.007583001765443769 0)
(0.9455252277267798 -0.00607238257532958 0)
(0.9447705367832459 -0.004494225430610896 0)
(0.9441723866934753 -0.002868697531468884 0)
(0.943618919750402 -0.001234881843034649 0)
(0.9432539398837637 0.0004693036747442988 0)
(0.9430421695170403 0.002224001276030412 0)
(0.943022110174274 0.004010342496079825 0)
(0.9430679946049378 0.005827246221307121 0)
(0.943271071388208 0.007694014326411016 0)
(0.9436905272459937 0.009589704245488271 0)
(0.9443410755551668 0.01153143987118335 0)
(0.9450991052848993 0.01352751475984211 0)
(0.946094912350283 0.01554631008644652 0)
(0.9473424816146772 0.01759412272996861 0)
(0.9487847468894172 0.01969774321290067 0)
(0.9504444692532286 0.02178782983433743 0)
(0.9523602936826896 0.02388323003683341 0)
(0.9544312101959853 0.02601955696059088 0)
(0.956786794624026 0.02811546771278826 0)
(0.9593429372294391 0.03016875350738892 0)
(0.9621921004995486 0.03220555911875354 0)
(0.9652645611183227 0.03421864473754055 0)
(0.96865364263501 0.03614635239652828 0)
(0.9722200502554825 0.03797884636001667 0)
(0.9760375046600419 0.03968399936010485 0)
(0.9800526299218971 0.0412803956523408 0)
(0.9843281446822256 0.04271029499190068 0)
(0.9888302510893283 0.0439665516962159 0)
(0.9935066863351139 0.04503218967060806 0)
(0.9983469170561079 0.04586416942481408 0)
(1.003355667113085 0.04643738991074753 0)
(1.008459998761011 0.04676185638472746 0)
(1.013689864526455 0.04679475291991445 0)
(1.018865578263978 0.04652721424555624 0)
(1.024060433724727 0.04598067387714792 0)
(1.029185896216832 0.04514482714357705 0)
(1.0342293564177 0.04399604706586357 0)
(1.039172082675538 0.0426309344829056 0)
(1.043990987818306 0.04089664967806574 0)
(1.048581113190314 0.03907351957857857 0)
(1.052815704147027 0.03703830784405523 0)
(1.056848024917859 0.03479238190384443 0)
(1.060594954628085 0.03245253706836663 0)
(1.065612408617332 0.02882774322543909 0)
(1.068780367400439 0.02642053655418507 0)
(1.071493949841749 0.02404544362843819 0)
(1.073975303583164 0.0216762096689735 0)
(1.076189156576806 0.0192683692284048 0)
(1.07809942689113 0.01697310194345742 0)
(1.079793378599255 0.01471113344121703 0)
(1.081191382563103 0.0125524900282433 0)
(1.082369211108833 0.01046001573527481 0)
(1.083276006268742 0.008462861623925337 0)
(1.083950506694502 0.006528449439342426 0)
(1.084454591245291 0.004690656455365167 0)
(1.084777959958936 0.002916799895432441 0)
(1.084968601311189 0.001211146522413758 0)
(1.085051230470452 -0.0004286942863819839 0)
(1.084972625260477 -0.002008147687012496 0)
(1.084746702947827 -0.003548278110306183 0)
(1.084397696425229 -0.005035029784842533 0)
(1.083913992320724 -0.006474627757538921 0)
(1.083269502366911 -0.007923712132568206 0)
(1.082431861506472 -0.009372046997412878 0)
(1.08150444766088 -0.01080116290881709 0)
(1.08043285137099 -0.01216407788818401 0)
(1.079320174067543 -0.0134361712394464 0)
(1.077969605029792 -0.01476392903104401 0)
(1.076454002954563 -0.01612454938663592 0)
(1.074989650039375 -0.01728790588148478 0)
(1.073253252565212 -0.01852070017830695 0)
(1.071313026939744 -0.01980518168350795 0)
(1.069452241974211 -0.02086135515463316 0)
(1.067326369946531 -0.02198379179198555 0)
(1.064998122796625 -0.0231534524201963 0)
(1.062766615183814 -0.02407545858616632 0)
(1.060316269283194 -0.02503807406515766 0)
(1.057652795881391 -0.02603839169794131 0)
(1.055126745810615 -0.02680255616824915 0)
(1.05242901393164 -0.02757238395259 0)
(1.049458625747726 -0.02835939153744737 0)
(1.046659295045334 -0.02895101797040407 0)
(1.043675830141126 -0.02950805205419721 0)
(1.040639988585384 -0.02999258942409938 0)
(1.03754300619793 -0.03042019082921052 0)
(1.034391993717676 -0.03077342001451653 0)
(1.031196796764547 -0.03104688931997421 0)
(1.027979182690194 -0.03123017152868141 0)
(1.024738304109809 -0.03133599394997638 0)
(1.021484946875162 -0.03137809075439882 0)
(1.018226730412782 -0.0313567682362953 0)
(1.014979665419619 -0.03126397618389119 0)
(1.011748429734197 -0.03108235370416247 0)
(1.008526780547559 -0.03082949091296389 0)
(1.005331864450445 -0.03051598423852244 0)
(1.002166608852238 -0.0301626377625945 0)
(0.9990390472172226 -0.02975340741953558 0)
(0.9959571899464188 -0.02928186395032043 0)
(0.9929327843424982 -0.02872276462803127 0)
(0.9899631604494603 -0.02811588296167632 0)
(0.9870517145284512 -0.02746988072425192 0)
(0.9842011390999412 -0.02679812262071982 0)
(0.9814186637341138 -0.02608399777528533 0)
(0.9787170548065313 -0.0252994570288489 0)
(0.9761044048929933 -0.02444657714784461 0)
(0.9735820913959873 -0.02354450285425583 0)
(0.9711447428582998 -0.02263365892915883 0)
(0.9687932249721409 -0.02169654444988566 0)
(0.9665215096943689 -0.020722638723353 0)
(0.964357626879342 -0.01966229270823882 0)
(0.9622926667234958 -0.01855257480228012 0)
(0.960317661636958 -0.01741166262301312 0)
(0.9584205836382169 -0.01629343531740347 0)
(0.9566213262044551 -0.0151352192074446 0)
(0.9549377545634428 -0.01392193926874387 0)
(0.9533862274932123 -0.01264184843320229 0)
(0.951957386814456 -0.01131670604032749 0)
(0.9506453249744213 -0.009973683946468354 0)
(0.949436174441765 -0.008621867597917526 0)
(0.9483421890996449 -0.007221307119511402 0)
(0.9474188102231677 -0.005750358139243141 0)
(0.9466667552859716 -0.004222927633814402 0)
(0.9460583713735162 -0.002657362726624053 0)
(0.9455052272109452 -0.001076714854042008 0)
(0.9451820544797938 0.0005727020877322532 0)
(0.945004692847987 0.002264249268986575 0)
(0.9449876421287748 0.003987165750027 0)
(0.945102334540914 0.005754620717677525 0)
(0.9453860264203727 0.007570600384077123 0)
(0.9458887729788463 0.009402517312390876 0)
(0.9465469805357563 0.01127158194646417 0)
(0.947328180956629 0.013192189809102 0)
(0.9483906714331151 0.01512464415738069 0)
(0.9496754936221041 0.01709459329130836 0)
(0.951165682505685 0.01911963274353344 0)
(0.9528562410487456 0.0211137596658548 0)
(0.9547814158720327 0.02313427522512998 0)
(0.9569089459123524 0.02519625224591559 0)
(0.9593329492415261 0.02719740039840647 0)
(0.961906659791256 0.02916818623116469 0)
(0.9647756871766611 0.03111698518577906 0)
(0.9678484821737412 0.03301346747889825 0)
(0.9712471154421669 0.03484500686774698 0)
(0.9748595447298973 0.03660191239836559 0)
(0.9787074023320399 0.03824886674476405 0)
(0.9826894783320599 0.0397407277242009 0)
(0.9869715219468596 0.04109066122146332 0)
(0.9914284165633735 0.04228228587064431 0)
(0.996087002400158 0.04327713973475219 0)
(1.00093027313901 0.04405488817016409 0)
(1.005864092744809 0.04459021636004305 0)
(1.010912585664792 0.04486475366896263 0)
(1.016028524854897 0.044876997771164 0)
(1.0211517077721 0.04461792065205236 0)
(1.026279372542747 0.0440709933676154 0)
(1.031289383636517 0.04325247712575644 0)
(1.036278054458427 0.04217602138191304 0)
(1.041083109848693 0.04084296676340012 0)
(1.045821058247629 0.03919943083628207 0)
(1.050340790350023 0.03745907826614575 0)
(1.054518771806253 0.03551684468791033 0)
(1.058472079133509 0.03336656950173833 0)
(1.062178635286343 0.03114044046916966 0)
(1.066995769105318 0.02767125563211224 0)
(1.070138349851705 0.02536516034886943 0)
(1.072854003240074 0.02311005218838558 0)
(1.075309627405281 0.02082296830517065 0)
(1.077569321459057 0.0185331078892929 0)
(1.079502417546711 0.01633691630790719 0)
(1.081250957967633 0.01415904535495405 0)
(1.082707874130567 0.01210337670011616 0)
(1.083884462667538 0.01008492981285072 0)
(1.08482658229626 0.008161597184214622 0)
(1.085575326095237 0.00631031125869124 0)
(1.086122928717518 0.004525757340561897 0)
(1.086479580744823 0.002812070192016708 0)
(1.086679159090095 0.001155667497651875 0)
(1.086747878212218 -0.0004408083700110426 0)
(1.086688528143542 -0.001975227544487571 0)
(1.086492266853332 -0.003455863837996293 0)
(1.086172439222856 -0.004896852610227218 0)
(1.08567846000174 -0.006293128571242982 0)
(1.085089779821886 -0.007656840005901514 0)
(1.084267741746246 -0.009051764757338808 0)
(1.083347746065478 -0.01043038654128937 0)
(1.08224727855802 -0.01178421757229667 0)
(1.081135426295663 -0.01300988362244083 0)
(1.079818878271459 -0.01424178311835851 0)
(1.078279384241166 -0.01556460328159888 0)
(1.076754526417665 -0.01672494354982371 0)
(1.075071148328254 -0.01785760261445455 0)
(1.073136087702947 -0.01910130238875099 0)
(1.071225922608461 -0.02016821218720168 0)
(1.069173883248561 -0.02118546162258615 0)
(1.066855767705666 -0.02231126023838825 0)
(1.064568079138521 -0.02325119564544311 0)
(1.062197436437326 -0.02412017447606137 0)
(1.059504433940789 -0.02508415807139494 0)
(1.056886790007477 -0.02586493488435366 0)
(1.054221931845005 -0.02655792901656538 0)
(1.051281800109491 -0.02731190767452501 0)
(1.048378737861953 -0.02791238985847379 0)
(1.045402565648761 -0.02843639421866036 0)
(1.042354354623006 -0.02890274127905321 0)
(1.039253479168497 -0.02930202586150697 0)
(1.036102907619187 -0.02963684952645885 0)
(1.032904417852794 -0.02990131739135459 0)
(1.029681036008201 -0.03007859541633847 0)
(1.026434162322341 -0.03017848608341919 0)
(1.023174626474435 -0.03021127519544738 0)
(1.019909033537609 -0.0301908879907497 0)
(1.016654651964613 -0.03010097820462362 0)
(1.013418556935202 -0.0299326622499351 0)
(1.010200971883151 -0.0296858010717186 0)
(1.007007840843962 -0.0293797582304165 0)
(1.003841143877931 -0.02903335349259645 0)
(1.000707298744389 -0.02864014019144082 0)
(0.9976189782463248 -0.02819368505304714 0)
(0.994589756796429 -0.0276547480414551 0)
(0.9916118455379535 -0.02706669582430823 0)
(0.9886882066907352 -0.02644094881171215 0)
(0.9858289524846418 -0.02579226678406598 0)
(0.9830353833364642 -0.02510296713416828 0)
(0.9803142827967586 -0.02434865720266741 0)
(0.9776794011614848 -0.02352492850737285 0)
(0.9751332232486047 -0.02265486682178032 0)
(0.9726700042777301 -0.02178374020093254 0)
(0.970302051657212 -0.02087807146715748 0)
(0.9680243492197025 -0.01993278196347573 0)
(0.9658493309022668 -0.01890146139628776 0)
(0.9637777454632788 -0.01782382788702628 0)
(0.9618032391789428 -0.01672774109905191 0)
(0.959916999373599 -0.0156454795509935 0)
(0.95812864691155 -0.01452525305130981 0)
(0.9564661566518337 -0.01334045949439299 0)
(0.9549299582701518 -0.01209627055359147 0)
(0.9535077747324286 -0.01081584616897017 0)
(0.9521913390299035 -0.009541378730699244 0)
(0.9509888895672376 -0.008229313243731809 0)
(0.9499093956592322 -0.006872759796134735 0)
(0.9490019275841085 -0.005439052819677514 0)
(0.9482476398922888 -0.003958928849673546 0)
(0.9476123093734132 -0.00246272851230903 0)
(0.9470707074248275 -0.0009268308656222398 0)
(0.9467757421369651 0.0006702537676764146 0)
(0.9465959557705519 0.002297917336864433 0)
(0.9465686303716279 0.003962103407393279 0)
(0.9467091230143732 0.005669196006141065 0)
(0.9470515125420909 0.007420903170495038 0)
(0.9476130836470974 0.009199928507488122 0)
(0.9482674171366952 0.01100162949431233 0)
(0.9491205679538984 0.01284316885138397 0)
(0.950237689387368 0.01470860686153124 0)
(0.9515453562691474 0.01660802540454701 0)
(0.9530421021816439 0.01853909639968864 0)
(0.9547938506934978 0.02045857059645798 0)
(0.9567466295867648 0.02240343667666533 0)
(0.9589539715676936 0.02436594039662753 0)
(0.9614123280148206 0.02629546752576391 0)
(0.9640251784833118 0.02819426718088015 0)
(0.966919244164558 0.03006003556561676 0)
(0.9699993554279286 0.03184780668036932 0)
(0.973425740966633 0.03360009916078031 0)
(0.9770251731530166 0.03526942166963152 0)
(0.9808831620187488 0.03683571956841831 0)
(0.9848980380961034 0.0382649331435673 0)
(0.9892084105095077 0.03955059873558625 0)
(0.99361947982989 0.0406594381993351 0)
(0.9982589936982526 0.04158788330679966 0)
(1.003058980020072 0.04232494961867532 0)
(1.007968095735968 0.04282449488077077 0)
(1.012962734922952 0.0430700570537824 0)
(1.018003218124737 0.04306011256043805 0)
(1.023094754731939 0.04279190457173059 0)
(1.028126441671366 0.04225359673179054 0)
(1.033104856224823 0.04147514549625619 0)
(1.037990182289028 0.04041300055951088 0)
(1.042766976636711 0.03916805016305085 0)
(1.047464692074225 0.03760201131921363 0)
(1.051919936084318 0.03592016029714629 0)
(1.055998102682218 0.03404853667322568 0)
(1.059893421319672 0.03199110728120282 0)
(1.063572655644912 0.02986531800193442 0)
(1.06816492997123 0.0265516592228477 0)
(1.071296882287842 0.02436130757388499 0)
(1.073997871810464 0.02219194402888442 0)
(1.076426786205365 0.02000848799969279 0)
(1.078660536859965 0.01781345710869012 0)
(1.080635381135102 0.01571386540068675 0)
(1.082369313820966 0.01361926690096848 0)
(1.083855408069011 0.01163680590678718 0)
(1.085107807681814 0.009713225697206545 0)
(1.086085487877025 0.007853722099256848 0)
(1.086883568218218 0.006071351350241377 0)
(1.08748979061135 0.004355061235367406 0)
(1.087922114185569 0.002696254134876807 0)
(1.088148774864324 0.001097292774286099 0)
(1.088230180424304 -0.0004472733894110232 0)
(1.088174422653561 -0.001945254164713497 0)
(1.087979559721518 -0.003380539585949607 0)
(1.087669350127004 -0.004773102734606062 0)
(1.087196820607133 -0.00612094081474418 0)
(1.086621191361645 -0.007430008915807409 0)
(1.085846909848175 -0.008745541047986213 0)
(1.084923065627884 -0.01007860913612412 0)
(1.083814593940322 -0.0113999960028979 0)
(1.08267677912805 -0.0126027119797227 0)
(1.081421259616637 -0.01373855014536669 0)
(1.079885904388988 -0.01501691419135803 0)
(1.078324005144422 -0.01618098385519904 0)
(1.07668264051601 -0.01722360934266831 0)
(1.074754685206535 -0.01841964960607118 0)
(1.072800008357231 -0.01949403641271142 0)
(1.070778093384855 -0.02042875119844486 0)
(1.068457878282756 -0.02150150512289333 0)
(1.066105487451373 -0.02244998237818062 0)
(1.06374856164495 -0.02324977910579581 0)
(1.06106803769863 -0.02416002538726834 0)
(1.058370432527248 -0.02495223814275142 0)
(1.055695425619964 -0.02559154925671739 0)
(1.052798527942074 -0.02630040964617858 0)
(1.049823993006699 -0.026904826653269 0)
(1.046847295021528 -0.02739957968780348 0)
(1.04379017282767 -0.02784641293177031 0)
(1.040670577863477 -0.02822315682959915 0)
(1.037519049040237 -0.02854032183799289 0)
(1.034324169653789 -0.02878998884410022 0)
(1.031099347766083 -0.02896496968083408 0)
(1.027849955633755 -0.02906019999995553 0)
(1.024596553022073 -0.02908641204207079 0)
(1.021331623630236 -0.02906295583484927 0)
(1.018071961434726 -0.02897711639010767 0)
(1.014832277899295 -0.02882359928755562 0)
(1.011621007458372 -0.02858366605349869 0)
(1.008434357959609 -0.02828527498268332 0)
(1.005278929922975 -0.02794313146695298 0)
(1.002146256622678 -0.02756206013526352 0)
(0.9990498582729891 -0.02713168902824954 0)
(0.9960034792819157 -0.02661589526014416 0)
(0.9930066258348359 -0.0260446395542229 0)
(0.9900602376524977 -0.0254372067645014 0)
(0.9871827079184807 -0.02481194334230351 0)
(0.9843733820171084 -0.02414539940898385 0)
(0.9816342853207372 -0.02341667103763394 0)
(0.9789753156402864 -0.02262100540186889 0)
(0.9763997354271273 -0.02178023331152114 0)
(0.973908023682155 -0.02094458894985933 0)
(0.9715113722440799 -0.02007313702684418 0)
(0.9692120521813241 -0.01915597332385382 0)
(0.9670206988679615 -0.01815733651367679 0)
(0.964937654366139 -0.01711640346562573 0)
(0.9629635699875879 -0.01606951895342423 0)
(0.9610890168500259 -0.01502013013068964 0)
(0.9593159012549709 -0.01393874799603551 0)
(0.957663783479466 -0.01278055191140549 0)
(0.956134801209763 -0.0115731500217468 0)
(0.9547155081182678 -0.01034079721240443 0)
(0.9533969099438295 -0.009116647016833544 0)
(0.9521935206456091 -0.00784831907014466 0)
(0.9511272985664825 -0.006522952413729451 0)
(0.9502214817289212 -0.005131600323097587 0)
(0.9494620511414755 -0.003704511452798493 0)
(0.9488198276900385 -0.002269920579289222 0)
(0.9483104673080353 -0.0007812437535608325 0)
(0.9480349667046091 0.0007687027810019289 0)
(0.9478331770006198 0.002332604157000089 0)
(0.9478266291791148 0.003939681674839812 0)
(0.9479857293038014 0.00558747444657552 0)
(0.9483563235989912 0.007271783137176359 0)
(0.9489133307862401 0.008986825951240486 0)
(0.9495945705500775 0.01072417070882588 0)
(0.9505112318743216 0.01249069055968798 0)
(0.9516792968810919 0.01429145630529001 0)
(0.953035211293264 0.01612746212768644 0)
(0.9545452283064783 0.01796787346740694 0)
(0.9563326733259304 0.01981627414716978 0)
(0.9582955027345397 0.02169311509077917 0)
(0.9605497738820326 0.02355311400763709 0)
(0.9630185797939966 0.02540614434901586 0)
(0.965695121013647 0.02723908127504597 0)
(0.9686713502116269 0.02903566276401171 0)
(0.9717501002334239 0.03073080410983807 0)
(0.9751641219117505 0.03238850873331125 0)
(0.9787454445975252 0.03398147945477847 0)
(0.9826132298475694 0.03548427555153606 0)
(0.9866469409242654 0.03684559766653681 0)
(0.9909209169022847 0.03805256979674834 0)
(0.9953488414777074 0.03910208985731457 0)
(1.000008478572439 0.03997394439483246 0)
(1.004756150005872 0.04065025178628254 0)
(1.009647310397234 0.04112153407662492 0)
(1.014648395528012 0.0413557692404384 0)
(1.019691006343621 0.04132601464139238 0)
(1.024680581476295 0.04105543144267014 0)
(1.029677083901198 0.0405219821956348 0)
(1.034587188521702 0.0397690870035709 0)
(1.039387707039066 0.03874550676635338 0)
(1.044116980851729 0.03756528757457901 0)
(1.048765411478504 0.03606016008382767 0)
(1.053185563841064 0.03444966724847259 0)
(1.057239660434841 0.03265586720803275 0)
(1.061090819058475 0.03068538309334099 0)
(1.064737713258841 0.02865572719148979 0)
(1.06898871979007 0.02548857241185304 0)
(1.072115454559763 0.02339424916894764 0)
(1.074822414736412 0.02133627276142997 0)
(1.077249667030257 0.01922669180931915 0)
(1.079500750167262 0.01711209088510406 0)
(1.081501892297729 0.01510354106974358 0)
(1.083291888351604 0.01310239120961208 0)
(1.08476530926287 0.01118815861340708 0)
(1.086022183733395 0.009327313329722007 0)
(1.087068815810396 0.00754389622675708 0)
(1.087899131659242 0.005816734216830969 0)
(1.088566156108528 0.004164831845768283 0)
(1.08905463690871 0.002571034094788311 0)
(1.089350816001763 0.001026390987893449 0)
(1.089464396933984 -0.0004643831631322885 0)
(1.089435107997593 -0.0019114602102555 0)
(1.089231671422307 -0.003312467437465835 0)
(1.088920062865369 -0.004658369420510183 0)
(1.088474115459368 -0.005960105487428767 0)
(1.087909485823067 -0.007221538176197371 0)
(1.087191339880502 -0.008450923123709844 0)
(1.086279401414222 -0.009733758432063496 0)
(1.085162248352765 -0.01101067730056793 0)
(1.083994422009382 -0.01220851339817351 0)
(1.082736481679292 -0.01330281189949364 0)
(1.081240104906391 -0.01449294206484293 0)
(1.079659763135813 -0.01565537971190953 0)
(1.078012114522769 -0.01665913011176419 0)
(1.076109483497864 -0.01776224721633907 0)
(1.07411132290523 -0.01883697239180018 0)
(1.072098478716612 -0.01973088654509432 0)
(1.069783789995105 -0.02071207709215276 0)
(1.067374274381345 -0.0216651883220168 0)
(1.064986765792843 -0.02242787759149088 0)
(1.062358413086004 -0.02326025885172234 0)
(1.059602426590148 -0.02406400015477049 0)
(1.056897693596856 -0.02467657870870172 0)
(1.054030821850016 -0.02532131891545309 0)
(1.051027749505703 -0.02592841090740288 0)
(1.048034384466993 -0.02639512250874321 0)
(1.044975793684368 -0.02681771696095618 0)
(1.04183884658428 -0.02718170535879465 0)
(1.038677697580731 -0.02748149190129493 0)
(1.035482867713498 -0.02772065300885408 0)
(1.032260869974285 -0.02789363540131082 0)
(1.029013741196902 -0.027984973573943 0)
(1.02576306043968 -0.02800897478567188 0)
(1.022503106631367 -0.02797878704055987 0)
(1.019242787162038 -0.0278976311352919 0)
(1.015997668850565 -0.02775767055769301 0)
(1.012775705260055 -0.02753053573158469 0)
(1.00958867860038 -0.02724285379031664 0)
(1.006426219798913 -0.0269065788056223 0)
(1.003296135887779 -0.02653445669410159 0)
(1.00018656348092 -0.02611443524170879 0)
(0.9971180153493561 -0.02561850857098432 0)
(0.9940960813687619 -0.02506528938201386 0)
(0.9911283068959107 -0.0244748444924681 0)
(0.9882290777984508 -0.02387321592856419 0)
(0.985401241660647 -0.02323024693990418 0)
(0.982645173370251 -0.0225252194811658 0)
(0.9799671052483875 -0.02175416995759676 0)
(0.9773691781396198 -0.02094104034036543 0)
(0.9748607824770891 -0.02013630216729641 0)
(0.9724439267637245 -0.01929828203714909 0)
(0.9701249412540184 -0.01840991058172443 0)
(0.9679143398369913 -0.0174453272715611 0)
(0.9658149919407898 -0.01644235865742767 0)
(0.9638316319244946 -0.01544280916671587 0)
(0.9619576891497739 -0.01442792923915081 0)
(0.9601878913944654 -0.01337944047027146 0)
(0.9585329813029539 -0.01224468404590906 0)
(0.9569924610987112 -0.0110772777118921 0)
(0.9555703532033608 -0.009897890647118369 0)
(0.9542573812447739 -0.008709730484309853 0)
(0.9530609270481274 -0.007483570145098395 0)
(0.952004748484176 -0.006185477292179653 0)
(0.9510926230672558 -0.0048434972323493 0)
(0.9503251247543479 -0.003479688205849271 0)
(0.9496958519925855 -0.002096542960286166 0)
(0.9492309876893057 -0.0006525794405043112 0)
(0.9489182094839578 0.000844367134645698 0)
(0.9487588408305735 0.002354615119957973 0)
(0.9487767182853124 0.003907571143514447 0)
(0.9489691798748714 0.005501053300291962 0)
(0.9493846935497203 0.007124852360033376 0)
(0.9499170722113284 0.00877640905812652 0)
(0.9506240248487101 0.01045439215442985 0)
(0.9515716584542012 0.0121469571420026 0)
(0.9527472994190932 0.01387409718288699 0)
(0.954092247570629 0.01564056430362856 0)
(0.9556618956293947 0.01740407167822765 0)
(0.95747974183201 0.01918616398105623 0)
(0.9594992258283326 0.02099572722545918 0)
(0.9617833320461123 0.02276588686470738 0)
(0.9642325605985921 0.02454222055865409 0)
(0.966928957984721 0.02629907879025943 0)
(0.9699234975939457 0.02801195623034847 0)
(0.9730873386639091 0.02965261738256162 0)
(0.9765249905460757 0.03123457962247932 0)
(0.9800799208377717 0.03274462296220574 0)
(0.9839362997999351 0.03416703632506517 0)
(0.9879821383110133 0.03547084511798509 0)
(0.9922498850135526 0.0366202492474076 0)
(0.996672930539254 0.03760194192049075 0)
(1.001275000272361 0.03840859207132107 0)
(1.006028678882805 0.03904971335268027 0)
(1.010922194407449 0.03948450659610511 0)
(1.015916793881874 0.03969262755094028 0)
(1.020917967430096 0.03966700773745081 0)
(1.02592763823712 0.03939833747895062 0)
(1.030896042806666 0.03887562453585993 0)
(1.035747239993569 0.03814309430344721 0)
(1.040519545065516 0.03716401952638647 0)
(1.045158266273542 0.03602426612480336 0)
(1.049759232321323 0.03458296729098381 0)
(1.054175764886092 0.03304441574348858 0)
(1.058204762643239 0.03133637617156035 0)
(1.061980943399472 0.02944614589453587 0)
(1.065591381640885 0.02749360131625405 0)
(1.069538100818163 0.02445935645522124 0)
(1.072640264804753 0.02245497879112797 0)
(1.075371507709678 0.020485724560647 0)
(1.077848160464768 0.01847374290897294 0)
(1.080107332281772 0.01644604755184074 0)
(1.082131085576825 0.0145089050929691 0)
(1.083936504533306 0.01258618579154375 0)
(1.085462105094475 0.01075203133991365 0)
(1.086709459245866 0.008950392691432187 0)
(1.087777218274219 0.007225550599533477 0)
(1.088662396750997 0.005559656548636006 0)
(1.089358362882095 0.003961204711133489 0)
(1.089891929159365 0.002425043234260582 0)
(1.090269428028943 0.0009404741847860536 0)
(1.090428250873144 -0.0004938374440605248 0)
(1.090449204665204 -0.001884522294867007 0)
(1.090261476923466 -0.003238546672787715 0)
(1.089951986656874 -0.004542619208982225 0)
(1.089496175710203 -0.005804698730013116 0)
(1.088933102637106 -0.007021685075568903 0)
(1.088217020965185 -0.008204555166739628 0)
(1.08736850652866 -0.00940529206579861 0)
(1.086229842749099 -0.01063618722871908 0)
(1.085041096868919 -0.01182316881021384 0)
(1.083770797064804 -0.0128794698623638 0)
(1.082297642619603 -0.0139864829489011 0)
(1.080669502064461 -0.01514684499379533 0)
(1.079031736179526 -0.01610780927684657 0)
(1.077142568492962 -0.01712457683548421 0)
(1.07509951488025 -0.01819379650177453 0)
(1.073077653256838 -0.0190528729256318 0)
(1.070808718547413 -0.01994820737841947 0)
(1.06836610986836 -0.02089446317797551 0)
(1.065956901680524 -0.02163408711744172 0)
(1.063398209721503 -0.02238802639751626 0)
(1.060593731430831 -0.02318525027128297 0)
(1.057838913173486 -0.02378583810768407 0)
(1.054973821482868 -0.02437340171726916 0)
(1.051995077045212 -0.02496732657222854 0)
(1.048974918945149 -0.02542168110675328 0)
(1.045915245091432 -0.02582331034770059 0)
(1.042774682522316 -0.02617342242927582 0)
(1.039599008232961 -0.02645958997480821 0)
(1.036398312891243 -0.02669016309087466 0)
(1.033165487541344 -0.02685783659146309 0)
(1.029914284673138 -0.02694545790468774 0)
(1.026653605850723 -0.02696619476888167 0)
(1.023392220883546 -0.02692974815878828 0)
(1.02013447370357 -0.02684693342347295 0)
(1.016876850740078 -0.02671004754005404 0)
(1.013642643748237 -0.02649663141963262 0)
(1.01043250402908 -0.02621737168730283 0)
(1.007253024995605 -0.02588548536448844 0)
(1.004113119410573 -0.02551991760203461 0)
(1.000995879096741 -0.02510630674755975 0)
(0.9979222738843807 -0.02462651680698723 0)
(0.9948902681552061 -0.02409043389426213 0)
(0.9919133615203524 -0.02351730008476505 0)
(0.9890061763427306 -0.02293834539496241 0)
(0.9861652819583987 -0.02232127247117136 0)
(0.9833930150228014 -0.02163869624452037 0)
(0.9806955646985116 -0.02089386560981243 0)
(0.978076160663259 -0.02010964375944017 0)
(0.9755541652795925 -0.01933575435230155 0)
(0.9731224150078763 -0.0185300498782174 0)
(0.9707889285327976 -0.0176673385827387 0)
(0.9685553230045439 -0.01673791781664488 0)
(0.9664277537060273 -0.015774040799945 0)
(0.9644258811343021 -0.01481999599528236 0)
(0.9625378221969146 -0.01384107876120172 0)
(0.9607585212886114 -0.01281548041536721 0)
(0.9590883350830034 -0.01171499930558845 0)
(0.957526863477961 -0.01058844218871027 0)
(0.9560963362848373 -0.00946295528625549 0)
(0.9547916669800999 -0.008313709629016626 0)
(0.9536058348311848 -0.007120117024351116 0)
(0.9525466031224393 -0.005854393107884105 0)
(0.951616877036177 -0.004562279045117359 0)
(0.950838268105979 -0.003257414446502923 0)
(0.9502127605887618 -0.001926427617307078 0)
(0.9497469569098167 -0.0005291170785245799 0)
(0.9494405417025609 0.0009124062742106127 0)
(0.9493317418978886 0.002370443889599498 0)
(0.9493948496005318 0.00386677571134279 0)
(0.9496469023124663 0.005404033207533717 0)
(0.9500617444426542 0.006966938184065296 0)
(0.9506142112253171 0.008563858005067725 0)
(0.9513506982158207 0.01018460523381492 0)
(0.9523342228751639 0.01181347690647421 0)
(0.9535240960333564 0.01347486195839274 0)
(0.9548296752550098 0.01516928220867541 0)
(0.9564235959973366 0.01685726743306039 0)
(0.9582455454394476 0.01856963444136542 0)
(0.9602968734574383 0.02031177094353976 0)
(0.9625741937929446 0.02200121415860557 0)
(0.9650444800973492 0.02370494186260264 0)
(0.967785450984628 0.02539176074498233 0)
(0.9707853769515034 0.02701949452872554 0)
(0.9739976726997571 0.02859616901742629 0)
(0.9774618455131904 0.03011177308110465 0)
(0.9810261641166894 0.03155037189317918 0)
(0.9849080167413922 0.03290788043175535 0)
(0.9889526227004439 0.03413944374384219 0)
(0.9932279621688931 0.03522023216976691 0)
(0.9976495218355705 0.03615250481833391 0)
(1.002265646093869 0.03692056418253548 0)
(1.00696669805413 0.03750613271254211 0)
(1.011828519499796 0.03790422240316708 0)
(1.01677965367409 0.03810227687115353 0)
(1.021770711264176 0.03806535748750058 0)
(1.026765834154547 0.03780308664268872 0)
(1.031727417871281 0.03729784837867033 0)
(1.036595857894153 0.0365906945318316 0)
(1.041329313657579 0.03564076708005481 0)
(1.045932088297543 0.03455271114973524 0)
(1.050481461764143 0.03317251444563366 0)
(1.054866683919417 0.03170534100796145 0)
(1.058877664245768 0.03007604981562823 0)
(1.062608457684478 0.02826049688810168 0)
(1.066168950945104 0.02639075126200537 0)
(1.069915013490535 0.0234760928058143 0)
(1.072988713488829 0.02155365900639182 0)
(1.075717854660175 0.01964873700030226 0)
(1.078203934091586 0.01772817372107928 0)
(1.080485308295102 0.01578575884881214 0)
(1.082558745444817 0.0139274431532789 0)
(1.084376756858299 0.01208419383186383 0)
(1.085932763596748 0.01031509657147849 0)
(1.087202589526376 0.008580919455925814 0)
(1.088289619206013 0.006915429535554003 0)
(1.089197912470445 0.005303434457056097 0)
(1.089916950908649 0.003758387694789643 0)
(1.090460079518895 0.002272770014212294 0)
(1.090860872432322 0.0008425854971661268 0)
(1.09105704949182 -0.0005370716312701721 0)
(1.09110873913359 -0.001875312979289937 0)
(1.090956697607344 -0.003174451851660081 0)
(1.090666403538865 -0.004430676300347401 0)
(1.090201560746137 -0.00565218758454602 0)
(1.089633277455754 -0.006830447482866892 0)
(1.088897899748626 -0.007972021543006068 0)
(1.088073186735104 -0.009097041360363612 0)
(1.086961737668068 -0.01027637004416081 0)
(1.085766301102599 -0.01144025545084482 0)
(1.084494062642502 -0.01246505623655932 0)
(1.083014161800053 -0.01349369547128458 0)
(1.081357327745984 -0.01461520869974277 0)
(1.079688401129705 -0.01557612562744989 0)
(1.077818565130231 -0.01651020885370343 0)
(1.075763804337818 -0.01753849680648314 0)
(1.073708113053344 -0.01839843431367856 0)
(1.071497685248793 -0.01921572775747169 0)
(1.069044343909028 -0.02012549068700078 0)
(1.066594236408665 -0.02086951659766323 0)
(1.064052999138158 -0.02155355672798451 0)
(1.061286308230522 -0.02231416935007687 0)
(1.058492414886148 -0.02292164600831514 0)
(1.055646648714385 -0.02345614603179716 0)
(1.052675122372505 -0.02403118831442574 0)
(1.049652964437063 -0.02448411318158993 0)
(1.046584223546136 -0.02486627600990645 0)
(1.043446716955042 -0.02519883212314201 0)
(1.040255081552883 -0.02546912796022834 0)
(1.03702757201067 -0.0256907855890741 0)
(1.033772599841665 -0.02585076068321042 0)
(1.030505307581043 -0.02593878874381009 0)
(1.027222516087103 -0.0259585666888448 0)
(1.023952796766818 -0.02592112300743031 0)
(1.02068593227051 -0.02584107747133597 0)
(1.017428946264646 -0.02570825019616566 0)
(1.014185515312721 -0.0255082982724482 0)
(1.010949607673283 -0.02523980995149879 0)
(1.007751150008173 -0.02491414243271995 0)
(1.004590529987604 -0.02456106177226995 0)
(1.001478041394978 -0.02416188579822672 0)
(0.9984087748929562 -0.02369915393562081 0)
(0.9953846992747545 -0.023180132407993 0)
(0.9924118948685484 -0.02262420897102562 0)
(0.9895022188444981 -0.02206438368965737 0)
(0.9866524688363167 -0.02146586389914457 0)
(0.9838654571006847 -0.02080239728672218 0)
(0.9811477658908611 -0.02008042536635537 0)
(0.9785062744911108 -0.01932306359378985 0)
(0.9759676657229346 -0.01857773141000879 0)
(0.9735206552849159 -0.01780177585485712 0)
(0.9711675923791709 -0.01696342602521093 0)
(0.9689110606936576 -0.01606528821334808 0)
(0.9667561896362387 -0.01513503041959395 0)
(0.964734051994658 -0.01422624624001162 0)
(0.9628279075821562 -0.0132835889776556 0)
(0.9610302448465089 -0.01228105062382672 0)
(0.9593390316989318 -0.01121677514331495 0)
(0.9577573161970955 -0.01012273980425528 0)
(0.9563100930739112 -0.009051729838688462 0)
(0.9549943364685759 -0.00794247418512401 0)
(0.9538032188067717 -0.00677104384789395 0)
(0.9527378812370012 -0.005545002494949733 0)
(0.9518041124135131 -0.004292649435729688 0)
(0.9510314634455362 -0.003047791079976524 0)
(0.9504085002436998 -0.001766044047234285 0)
(0.9499356400090555 -0.0004158421063086613 0)
(0.9496440525909349 0.0009668072077263897 0)
(0.9495622746030244 0.002378126322376049 0)
(0.9496507275846311 0.003823186017823063 0)
(0.9499205925134271 0.005302154982312015 0)
(0.9503335209549616 0.006807707147147284 0)
(0.9509266385709088 0.008349028232991213 0)
(0.9517231093185813 0.009914066494047268 0)
(0.9527481479186218 0.01148611018418309 0)
(0.9538823381652242 0.01308603778862937 0)
(0.9552085728904098 0.01470824022580621 0)
(0.9568248154227853 0.01633153276627511 0)
(0.9586586465168715 0.01797783237429468 0)
(0.9607158874514699 0.01963638422843191 0)
(0.962999491156872 0.02126095744237033 0)
(0.9654801352970004 0.0228953607338166 0)
(0.9682422973265559 0.02450342338181274 0)
(0.9712374161714716 0.02605213475381251 0)
(0.9745047023113219 0.02756627786377312 0)
(0.977983758352664 0.02901916868006713 0)
(0.9815895705133597 0.03039351716927131 0)
(0.9854968430395163 0.03168476999464439 0)
(0.9895662451889897 0.03284382304749308 0)
(0.9938658936712734 0.03387533674702169 0)
(0.998292712997314 0.03475616392567948 0)
(1.002907578965563 0.03547804343017624 0)
(1.00761315971201 0.03602857793285665 0)
(1.012447588777279 0.03639766583374003 0)
(1.017334399454292 0.03656801828315638 0)
(1.022297856143697 0.0365275163823711 0)
(1.0272788733335 0.03627605416701606 0)
(1.032218685072787 0.03577535432365977 0)
(1.037059418699724 0.03509097293417919 0)
(1.041801540888134 0.03417982300449215 0)
(1.046398714898663 0.03314520678136273 0)
(1.050914855513811 0.03182715288073706 0)
(1.055265442254252 0.03041370797369019 0)
(1.059282145213791 0.02885508808348481 0)
(1.063015850452483 0.02712738461329818 0)
(1.066568651670143 0.02533458137940395 0)
(1.070098452688115 0.02253451153552493 0)
(1.07317610889862 0.02068847536044472 0)
(1.07589654253295 0.01886331633458542 0)
(1.078374424895895 0.01700904781791888 0)
(1.080680614463402 0.01514745077772711 0)
(1.082761760952969 0.01335445090303503 0)
(1.084608253594321 0.01158661423659596 0)
(1.086191622526639 0.009892453489214163 0)
(1.087493382378849 0.008211116109690369 0)
(1.088578968294695 0.006607114052152653 0)
(1.089494390784004 0.005056220035819299 0)
(1.090226748380661 0.003559501462777536 0)
(1.090746880426263 0.002125147616520174 0)
(1.091133983695533 0.0007436665992815533 0)
(1.091342720648742 -0.000586657922989416 0)
(1.091399654971053 -0.001874781387352175 0)
(1.091295763281106 -0.003120500285489809 0)
(1.091013360731783 -0.004327152623903385 0)
(1.090563387109004 -0.005502192510902591 0)
(1.089991541383399 -0.006640891096552338 0)
(1.089243070270892 -0.007746139485095032 0)
(1.088430633875912 -0.008813868963467197 0)
(1.087337196707894 -0.009932937475976117 0)
(1.086129511253275 -0.01105132727896846 0)
(1.084854990108061 -0.01206204201209267 0)
(1.08339084236504 -0.01301411828932982 0)
(1.081717987661451 -0.01409499694621058 0)
(1.080006358946879 -0.01505574980960647 0)
(1.078156289756009 -0.01591886407205674 0)
(1.076088039130223 -0.01690938376007492 0)
(1.073993704013591 -0.01776936932867544 0)
(1.071823058987864 -0.01851623863409399 0)
(1.069379526114386 -0.01938769711308708 0)
(1.066910315026041 -0.02012914430619989 0)
(1.064375646705239 -0.02075237894583538 0)
(1.061656823779886 -0.0214772529046824 0)
(1.058841601579358 -0.02208798574404875 0)
(1.055987349877001 -0.02258051046472232 0)
(1.053009893534606 -0.02313040475210458 0)
(1.049997509913322 -0.02357745826866655 0)
(1.046923405928149 -0.02393716323317382 0)
(1.043769288909629 -0.02425382075308877 0)
(1.040578842487784 -0.02450853339622493 0)
(1.037336179544751 -0.02471542632432684 0)
(1.034079532230438 -0.02486957790340981 0)
(1.03080602260987 -0.02496009528805793 0)
(1.027522262496082 -0.02497911224933256 0)
(1.024248759352284 -0.02494299980971029 0)
(1.020967495395603 -0.0248629231775601 0)
(1.017697908707072 -0.024730585838019 0)
(1.014432912598095 -0.02453472046611764 0)
(1.011167884726806 -0.02427053901359124 0)
(1.00794237408035 -0.02395314526488347 0)
(1.004761509791616 -0.02360994512613233 0)
(1.001636839711248 -0.02322520454943996 0)
(0.9985588801839539 -0.02277971287846989 0)
(0.9955305726516712 -0.02227389499460711 0)
(0.9925486469896734 -0.02173207308222985 0)
(0.9896346254903631 -0.02118926589199642 0)
(0.9867830752619042 -0.02060988887920181 0)
(0.983997109045023 -0.01996853869073665 0)
(0.9812812985268691 -0.01927047681900597 0)
(0.9786422620549418 -0.01854101444651184 0)
(0.9761036716303 -0.01782495241625043 0)
(0.9736525706563706 -0.01707798803088803 0)
(0.9712854874309511 -0.01626459800010845 0)
(0.9690118793455413 -0.01539833070959628 0)
(0.9668418590607906 -0.01450713901409354 0)
(0.9647982743929997 -0.01363567163223632 0)
(0.9628709185581854 -0.01272708109634105 0)
(0.9610426852030323 -0.01174754053081081 0)
(0.9593206177896357 -0.01071844944681204 0)
(0.9577221229534897 -0.009666597343190576 0)
(0.9562587588974218 -0.008635206187458458 0)
(0.9549255259353491 -0.007567569686225379 0)
(0.9537181247987756 -0.006425911278638801 0)
(0.9526412133994038 -0.005243010819880249 0)
(0.9517161651942347 -0.004038519601292717 0)
(0.9509586431694839 -0.002840380098256142 0)
(0.9503411035534706 -0.001601621182248782 0)
(0.9498615589038373 -0.0003019926368218178 0)
(0.9495711373847622 0.001020286034579202 0)
(0.9494929358721554 0.002380583401469938 0)
(0.9495846547266342 0.003771500292923722 0)
(0.9498228365653609 0.005194647683382559 0)
(0.9502581959290762 0.006651816801212771 0)
(0.95086535143733 0.008137561214645154 0)
(0.9517000340527755 0.009650974265135306 0)
(0.9527322491076855 0.01117220841716728 0)
(0.9538501996883217 0.01270952909113222 0)
(0.9552197250499475 0.01426404874673973 0)
(0.9568595870297794 0.01582445192136746 0)
(0.9586948516567922 0.01740503223169781 0)
(0.960734620686464 0.01898202815284432 0)
(0.9630631772389298 0.02054252778518424 0)
(0.9655815176630429 0.02211583169193879 0)
(0.96837730727042 0.02364781164274775 0)
(0.971361144953125 0.02512124814562496 0)
(0.9746214685203833 0.0265637213256396 0)
(0.9780884302208395 0.02795063886217108 0)
(0.981757265075073 0.02926626740825645 0)
(0.9857276880769837 0.03048979182828238 0)
(0.9898070721121098 0.03158803930319485 0)
(0.9941389795926556 0.03256882529334221 0)
(0.9985706044463147 0.03340526771064985 0)
(1.003196522487181 0.03409446871401074 0)
(1.007894020539126 0.03460855560016229 0)
(1.012706681119648 0.03494346794835758 0)
(1.017584189773269 0.03510107392471792 0)
(1.022531070185459 0.03504954417660551 0)
(1.027494214466496 0.03480174972861104 0)
(1.032377728706963 0.0343211391784369 0)
(1.037196156925859 0.03365582380101409 0)
(1.041917647323525 0.03277676214342137 0)
(1.046484805126246 0.03178203968642172 0)
(1.051026956532476 0.03052533424626668 0)
(1.055398353295522 0.02917223048182265 0)
(1.059432653762659 0.02768010401303348 0)
(1.063175452193744 0.02603563909938959 0)
(1.066749079395662 0.02432005025696631 0)
(1.069985393526031 0.02162549416235431 0)
(1.073072792116264 0.01984751963719036 0)
(1.07581694802409 0.01809704397004877 0)
(1.078306954181676 0.01631077345689579 0)
(1.080646552689079 0.01452706418706231 0)
(1.08274695641435 0.01281026026813839 0)
(1.084611062401792 0.01109943310342026 0)
(1.086192993858629 0.009472649748614176 0)
(1.087515125350813 0.007860876692219566 0)
(1.088609578144593 0.006307946104739958 0)
(1.089511096959417 0.004812375460240931 0)
(1.090244908319255 0.003374682541248844 0)
(1.090756170297813 0.001988201752538781 0)
(1.091118103119284 0.0006533063026853416 0)
(1.09134414537512 -0.0006214079651983938 0)
(1.091392323838105 -0.001861951616735208 0)
(1.091293917066827 -0.00306266889338414 0)
(1.091025066204302 -0.004233415442419355 0)
(1.090595723181415 -0.005360992966393563 0)
(1.090029351746127 -0.006457395580577898 0)
(1.089265778943421 -0.007524442293282397 0)
(1.088425408070139 -0.008553256248853884 0)
(1.087364408632712 -0.009601569406129905 0)
(1.086146309058715 -0.01067854518858612 0)
(1.084865187857323 -0.01167771660226117 0)
(1.083417242147725 -0.01257698463606861 0)
(1.081757107311194 -0.01359498349735379 0)
(1.080016131315183 -0.01454762544586138 0)
(1.078173027407097 -0.01537287985746481 0)
(1.07611650031064 -0.0163018713438139 0)
(1.073997163093523 -0.01715773815195822 0)
(1.071817522424147 -0.01787100902120073 0)
(1.069416646045845 -0.01867513359809042 0)
(1.066930832820292 -0.01941546670941793 0)
(1.064385312978045 -0.02001098265961759 0)
(1.06171140747856 -0.02067683521139398 0)
(1.058888070008798 -0.02128532167898176 0)
(1.056007329732171 -0.0217524415284491 0)
(1.053037010681037 -0.02225721344741039 0)
(1.050024778020872 -0.02269873276395663 0)
(1.046932603842774 -0.02303582564776456 0)
(1.043784225172331 -0.02334458640036335 0)
(1.040589362538415 -0.02358713927699802 0)
(1.037370521042578 -0.02378125584366342 0)
(1.034109282601507 -0.02392972440684966 0)
(1.03083960355849 -0.02402280859911591 0)
(1.027552121296973 -0.02404082090730852 0)
(1.024255420293753 -0.0240032321198229 0)
(1.020950687737921 -0.02391945344154862 0)
(1.017651692124639 -0.02378709204407196 0)
(1.014361772527356 -0.02359856844034213 0)
(1.011081201294743 -0.02334091335355758 0)
(1.007839205419165 -0.02303779267755984 0)
(1.004641202102738 -0.02270774147213979 0)
(1.001504051186965 -0.02233889594497189 0)
(0.9984179916453347 -0.02191191569227419 0)
(0.9953791725598375 -0.02142124230653579 0)
(0.9923902172156409 -0.02089494740811983 0)
(0.9894720014410925 -0.02036789401944493 0)
(0.9866198340949748 -0.01980846410524355 0)
(0.9838364992510598 -0.01918857783220511 0)
(0.9811248360552236 -0.01851317016302391 0)
(0.9784909116743328 -0.01780733785062969 0)
(0.9759527236096495 -0.0171142187091231 0)
(0.9734973597607051 -0.01639040671419701 0)
(0.9711180024228825 -0.01560014266138466 0)
(0.9688282874968597 -0.01476330389203366 0)
(0.9666456771302042 -0.01390658915683591 0)
(0.964579399525159 -0.01306649903198857 0)
(0.9626272962264152 -0.01218912628930818 0)
(0.9607677460219299 -0.01123418872096391 0)
(0.9590204793968857 -0.01023999618600194 0)
(0.9574128392894652 -0.009233388020019615 0)
(0.9559435689873153 -0.008235847211245644 0)
(0.9545961098236503 -0.007206317861667008 0)
(0.9533590481410429 -0.00609684342242787 0)
(0.9522668033361293 -0.00495289586622373 0)
(0.9513490004472143 -0.003803605717916318 0)
(0.9506031478495981 -0.002646760543874489 0)
(0.9499831377484105 -0.001446159891954678 0)
(0.9494996700259739 -0.000192137049164443 0)
(0.9492130141884005 0.001075778037196739 0)
(0.9491346961603079 0.002384639441562881 0)
(0.9492082229971507 0.003725265647689442 0)
(0.9494246221312022 0.005095700714560261 0)
(0.9498547577561602 0.0064996668829967 0)
(0.9504672895182908 0.007930476155233554 0)
(0.9513260256909842 0.009387960043789702 0)
(0.9523326937679737 0.01085910874102813 0)
(0.953482323492215 0.01234046226369138 0)
(0.9548921940386514 0.01383085995917705 0)
(0.9565549354414283 0.01533159573237051 0)
(0.9583815189999917 0.01684428142852568 0)
(0.9604386414044224 0.01834413350293893 0)
(0.9627846966229425 0.01984117439834577 0)
(0.9653396442264865 0.0213535815344331 0)
(0.9681488334210532 0.02281393637579666 0)
(0.9711746232952894 0.02422247421533773 0)
(0.9744439562669371 0.02560036487578153 0)
(0.9778883109595402 0.02691937383343646 0)
(0.9815648695921333 0.02817144176540775 0)
(0.9855468211452849 0.02932493755944961 0)
(0.9896406915584417 0.03037089902597404 0)
(0.9940151141062725 0.03130624022776433 0)
(0.9984451911038446 0.03210080228222319 0)
(1.003093049948365 0.03275354701740639 0)
(1.00778068025763 0.03324171700461306 0)
(1.012607219688312 0.03355203984536842 0)
(1.017453587318104 0.03368788143242055 0)
(1.022372601394417 0.03362992698450687 0)
(1.02731468320809 0.03339147489685342 0)
(1.032194235386472 0.0329259781063244 0)
(1.037008702346039 0.03228319195273601 0)
(1.041693405090684 0.03142532391130208 0)
(1.046270370842727 0.03046684948697212 0)
(1.050803699551344 0.02926446714829839 0)
(1.055193242934825 0.02796755499925299 0)
(1.059244224489947 0.0265446013238342 0)
(1.063001456680666 0.02496868061209594 0)
(1.066601697317081 0.02332239985714405 0)
(1.069544874547098 0.0207400551992202 0)
(1.072650670584791 0.01903559561305681 0)
(1.075419204659389 0.01735003164771511 0)
(1.077932707561995 0.01563082825610881 0)
(1.080279153040762 0.01391437783211389 0)
(1.082412912648768 0.01227088552801694 0)
(1.0842982772299 0.01063217123963486 0)
(1.085898015748154 0.009064652109336406 0)
(1.087223852756507 0.007514984812440503 0)
(1.088346044097241 0.006021728096252761 0)
(1.089236394029403 0.004579874755503484 0)
(1.089973711325967 0.003194438701799768 0)
(1.090494522430464 0.001858626378471886 0)
(1.090864353675567 0.0005832124318776769 0)
(1.091089414278906 -0.0006479086507965155 0)
(1.091109373927454 -0.001848308948333123 0)
(1.091018481331995 -0.003003970924763 0)
(1.090744968798274 -0.004130881583300554 0)
(1.090315182253265 -0.005226407778532737 0)
(1.089751746623483 -0.006278968311895476 0)
(1.088980050096685 -0.007305963288779161 0)
(1.088122987284142 -0.008297977707305296 0)
(1.087086290211321 -0.009282774111838898 0)
(1.085858627825736 -0.01032022799790741 0)
(1.08455392367394 -0.01130795482104415 0)
(1.083121993863581 -0.01217190917708947 0)
(1.08149311221996 -0.01311781156149482 0)
(1.079763320911155 -0.01405566177908235 0)
(1.077932933147542 -0.01484584938187312 0)
(1.075880457537596 -0.01571149682548287 0)
(1.073736121722258 -0.01656495582020701 0)
(1.07153614583475 -0.01725082651837551 0)
(1.069167955273409 -0.01799326975905353 0)
(1.066681418888975 -0.01872876122964837 0)
(1.064129020548523 -0.01929541425067011 0)
(1.061467381343465 -0.0199044680113953 0)
(1.05865640236265 -0.02050790627923268 0)
(1.055760472196036 -0.02095118223632462 0)
(1.052787296771399 -0.02141408309006917 0)
(1.049781393074005 -0.0218486529305695 0)
(1.046682106118721 -0.02216597560939934 0)
(1.043531319334355 -0.0224663469152752 0)
(1.040336131426394 -0.02270029367596852 0)
(1.037114515198201 -0.02288226509715787 0)
(1.033848984896493 -0.02302109016577262 0)
(1.030565860448645 -0.02310707738850429 0)
(1.027253578688198 -0.02312469494979104 0)
(1.023928872015872 -0.02308454389193827 0)
(1.020606367179637 -0.02299512607642318 0)
(1.017296041158129 -0.02286286732905075 0)
(1.01400367135309 -0.02268297249716719 0)
(1.010729312182455 -0.02243365461047277 0)
(1.007486481958842 -0.02214085948708459 0)
(1.004287336389467 -0.02182022254057698 0)
(1.00113466841974 -0.02146402392575821 0)
(0.9980369847131801 -0.02105414924922288 0)
(0.9949870585262776 -0.02057907574348483 0)
(0.9919948421204369 -0.02006868686811109 0)
(0.9890791388913667 -0.01955738757358902 0)
(0.9862310099348881 -0.01901744888004019 0)
(0.9834447762506859 -0.01842003560000824 0)
(0.9807254801984581 -0.01776729259631643 0)
(0.9780855544377038 -0.01708501851764553 0)
(0.9755411348588596 -0.01641413429230288 0)
(0.9730785223172577 -0.01571354271743858 0)
(0.9706862949317354 -0.01494619931442226 0)
(0.9683802851455892 -0.01413692793376852 0)
(0.9661859205914058 -0.01331386484631132 0)
(0.9641080249877798 -0.01250181804144066 0)
(0.9621375257414233 -0.01165682602252067 0)
(0.9602518640556477 -0.01072774278988347 0)
(0.9584822822873075 -0.00976697808659008 0)
(0.9568626049108424 -0.00880645265205548 0)
(0.955382348442501 -0.007841111925007978 0)
(0.9540157370939081 -0.006838922470121024 0)
(0.9527505776952635 -0.005770850346408925 0)
(0.9516387598814704 -0.004666267776420238 0)
(0.9507240195171758 -0.003573342785479623 0)
(0.9499745858220888 -0.002455804486722304 0)
(0.9493331531205287 -0.001292478559847436 0)
(0.9488351682787362 -8.166589844194383e-05 0)
(0.948536653631918 0.001132689184172608 0)
(0.9484370355746903 0.002391275741699009 0)
(0.9484532204731464 0.003681478348345474 0)
(0.9486788147748817 0.005001538757614974 0)
(0.9491187729721327 0.006352871101242978 0)
(0.9497510201246382 0.007732368036591674 0)
(0.9506202028150808 0.009134700315397429 0)
(0.951617894182075 0.01055162516427495 0)
(0.952798536860581 0.01197975242434652 0)
(0.954251923349579 0.01340944041678762 0)
(0.9559383644279256 0.01485130129003373 0)
(0.9577425997589476 0.0163010299233337 0)
(0.9598259199248903 0.01772740776486862 0)
(0.9621779540624428 0.01915827685949994 0)
(0.9647719232088643 0.02060351228200388 0)
(0.9675907802719207 0.02199871317397685 0)
(0.9706558463129347 0.02334880008692976 0)
(0.9739444746533351 0.02466728332184682 0)
(0.9773612473436664 0.02592460328621822 0)
(0.9810602616023972 0.02711002806501732 0)
(0.9850371519359107 0.02820653659418687 0)
(0.9891121078092538 0.02919817199763958 0)
(0.9934669472488147 0.03008456596623199 0)
(0.9979038386489246 0.03083903477941192 0)
(1.002566716626288 0.03146283390478807 0)
(1.00724215516087 0.03192093820613132 0)
(1.012088555103581 0.03220807032896692 0)
(1.016938236100453 0.03232915621493085 0)
(1.021854977417072 0.03226724311102212 0)
(1.026757642915199 0.03202836647653581 0)
(1.031649127407172 0.03158184485513375 0)
(1.036493212409502 0.03096369585435581 0)
(1.041169464682779 0.03012945899115099 0)
(1.045746674552893 0.02919639857564382 0)
(1.050219361192395 0.02803863018373706 0)
(1.054646104414434 0.02680265496246822 0)
(1.058732598578102 0.02544307453150976 0)
(1.062502868876791 0.02393198527933738 0)
(1.066128961209162 0.02236110328207256 0)
(1.068769337700671 0.01987517223214022 0)
(1.071914820144787 0.01824644576971831 0)
(1.074713654299673 0.01662360879323757 0)
(1.077244543614319 0.01497408454475375 0)
(1.079579293503371 0.01332660884053303 0)
(1.081746258797809 0.01174224484508203 0)
(1.083628687263114 0.01016896309190762 0)
(1.085267123815133 0.008665230588332226 0)
(1.08660537561931 0.007179418545971257 0)
(1.087750317386531 0.005740814583445423 0)
(1.088659150379869 0.004352849373392106 0)
(1.089392767187312 0.003018579783135595 0)
(1.089955036702408 0.001738223882873837 0)
(1.090336240885063 0.0005131023924349025 0)
(1.090564982652115 -0.0006732400666440179 0)
(1.090566790153872 -0.001831509827240816 0)
(1.09046861580472 -0.002944820906466096 0)
(1.0901742886121 -0.004030527221568599 0)
(1.089750000988207 -0.005084979955303856 0)
(1.089185032829859 -0.006107730328907283 0)
(1.088427021804038 -0.007093766002664774 0)
(1.087568308211031 -0.008049634884458553 0)
(1.086548526834576 -0.008976990030325548 0)
(1.085318244113809 -0.009975155828851903 0)
(1.084007446108604 -0.01094738143512597 0)
(1.082583529829652 -0.01177871414816557 0)
(1.080973189691383 -0.01266019793298147 0)
(1.079241657357652 -0.01358568723934788 0)
(1.077424459330336 -0.01434154816985075 0)
(1.075392068524846 -0.01514326761632117 0)
(1.073238399265866 -0.01598456910275095 0)
(1.07102335371914 -0.01664760351897043 0)
(1.068663774849329 -0.0173343655839712 0)
(1.066174610241099 -0.01805711111656655 0)
(1.063611299319764 -0.01860619078145589 0)
(1.060950348008924 -0.01916206441348194 0)
(1.058155197684134 -0.01974580013595523 0)
(1.055254492095919 -0.02017776406213073 0)
(1.052274177844236 -0.0206002186751638 0)
(1.049281210249987 -0.0210203377350321 0)
(1.046165799548586 -0.02132902855133285 0)
(1.043021175723623 -0.02162014031048448 0)
(1.039824463211184 -0.02184308060223701 0)
(1.036586829393391 -0.02201273727810689 0)
(1.033323533195317 -0.02214085747900135 0)
(1.030022641299613 -0.02221867673609584 0)
(1.026703202883129 -0.02223637647717869 0)
(1.023365665976888 -0.02219539250172875 0)
(1.020033041095415 -0.02210688203456474 0)
(1.016720084120542 -0.02198091970554271 0)
(1.013435897541667 -0.02180870021758859 0)
(1.010158736957725 -0.02156951408941386 0)
(1.006910914293824 -0.02128508204959523 0)
(1.003697844929857 -0.02097156729226362 0)
(1.000539911380689 -0.02062860780678434 0)
(0.997434032980437 -0.02023650891102744 0)
(0.9943799981941976 -0.01977842572404681 0)
(0.9913864784107405 -0.01928610852849664 0)
(0.9884726660311545 -0.01879115728203047 0)
(0.9856220435076082 -0.01826778624908693 0)
(0.9828238952009727 -0.01768829038291287 0)
(0.9800834459536292 -0.01705575513714589 0)
(0.9774239117058252 -0.01639555873750226 0)
(0.974865163372032 -0.01574537360376846 0)
(0.972392949262067 -0.01506641986637159 0)
(0.9699868852626066 -0.0143198236002863 0)
(0.9676623804163248 -0.01353550806503305 0)
(0.965454610190858 -0.01274564537393082 0)
(0.9633668606702385 -0.01195951209255902 0)
(0.9613783684524703 -0.01113786850558228 0)
(0.9594667936361716 -0.01023911404764609 0)
(0.9576725220552318 -0.009309541974721058 0)
(0.9560398396316252 -0.008392376071291847 0)
(0.9545475542781714 -0.007458680401903174 0)
(0.9531617974865639 -0.006481259986610448 0)
(0.9518757633503415 -0.005453377915268689 0)
(0.9507423189433657 -0.004390224855980847 0)
(0.9498219487279063 -0.003347945358114515 0)
(0.949055347297993 -0.002268548508254207 0)
(0.9483704194370814 -0.001139497859018859 0)
(0.9478576900353919 2.939284462820347e-05 0)
(0.9475454206330109 0.001198913781237257 0)
(0.9474216172553407 0.002411369117676562 0)
(0.9474115321860077 0.003650001791420567 0)
(0.9476361206131159 0.004916518819675706 0)
(0.948062633208994 0.006209543142425328 0)
(0.9487010147485999 0.007535183243270916 0)
(0.9495597564451468 0.008882693672332648 0)
(0.9505783440486613 0.01024635157173964 0)
(0.9517926552508238 0.0116242529222584 0)
(0.953287749028873 0.01299845062628621 0)
(0.9549727426077218 0.01438203480656566 0)
(0.9567776992313684 0.01577506263366919 0)
(0.9588952211479793 0.01713650814491189 0)
(0.9612397530467902 0.01850167700077735 0)
(0.9638254990012496 0.0198771969644422 0)
(0.9666503070563496 0.02120702808837834 0)
(0.9697516357578966 0.0225005825386742 0)
(0.9730692221715251 0.02376332840508582 0)
(0.9764825966409861 0.02496606983727465 0)
(0.9802009514753782 0.02608464597796734 0)
(0.9841609203424344 0.02712781297020159 0)
(0.9882516808154227 0.02807322887634013 0)
(0.9926128428866016 0.02891340508933518 0)
(0.9970236734072616 0.02962423243436478 0)
(1.001660205276899 0.03021045550536467 0)
(1.006355790594585 0.0306460069689059 0)
(1.011189410198944 0.03091959641775292 0)
(1.016027960492665 0.03102012430153485 0)
(1.020941641234674 0.03094871681768804 0)
(1.025858441101273 0.03071375775028518 0)
(1.030761240860834 0.03028249394316198 0)
(1.035617869425129 0.02968481214166069 0)
(1.040299210044509 0.02887931462774783 0)
(1.044898597265226 0.02797423027411309 0)
(1.049329692269592 0.02686189587168802 0)
(1.05375336897444 0.02567371947974828 0)
(1.057895150105924 0.02437454949206909 0)
(1.06167487082923 0.02292618970762845 0)
(1.065322745992959 0.02142524429806697 0)
(1.067685076029216 0.01903099152647553 0)
(1.07087589133165 0.01747430852912109 0)
(1.073704698924608 0.01591775798549886 0)
(1.076231484161521 0.01433506936417198 0)
(1.078589492799345 0.01275314963632029 0)
(1.080779947029257 0.01123032853131856 0)
(1.082664869054554 0.009721637426341375 0)
(1.08431431108521 0.008268433758076052 0)
(1.085672563838814 0.006846307271057804 0)
(1.0868400121153 0.005466516558623277 0)
(1.087780493216459 0.004128290407611656 0)
(1.088527421944684 0.002843932113327647 0)
(1.089144540520698 0.001621346400602367 0)
(1.089522179451532 0.0004421331564363034 0)
(1.08975512425741 -0.000701010436904839 0)
(1.089757827661632 -0.001814015154318437 0)
(1.089655744675672 -0.00288598898740395 0)
(1.089354949812572 -0.003932648381086339 0)
(1.088932323489014 -0.00494648917231132 0)
(1.088373752530051 -0.005944037939237872 0)
(1.087633882731701 -0.006891625053283393 0)
(1.086783119705375 -0.007811613926727411 0)
(1.085766440129676 -0.008704044783940513 0)
(1.08456038021075 -0.009642405615428137 0)
(1.083247561144044 -0.01058428083262511 0)
(1.081813511516266 -0.01140015345393964 0)
(1.080226165987306 -0.01222243371679327 0)
(1.078495436392956 -0.01311102774590633 0)
(1.076688096520108 -0.01385491910816077 0)
(1.074663188969221 -0.01459703499843615 0)
(1.072508522408595 -0.01540473411810404 0)
(1.070276986235888 -0.01606450949183844 0)
(1.067915689238641 -0.01670130569732959 0)
(1.06541506335826 -0.01739432950203627 0)
(1.062840721096378 -0.01793882168570873 0)
(1.06017108162839 -0.01844608934359386 0)
(1.057388528764097 -0.01900302094489259 0)
(1.054492753655423 -0.01943150541564015 0)
(1.05151731842161 -0.01981601487182094 0)
(1.048544396451699 -0.020218169596611 0)
(1.045422284864486 -0.02051933852279157 0)
(1.042286308975246 -0.02080211637786278 0)
(1.03908693050215 -0.02101346574306829 0)
(1.035847374965025 -0.02117339868483087 0)
(1.032573632639015 -0.02129098419196192 0)
(1.029281840847632 -0.0213617984705671 0)
(1.025960704241215 -0.02137822962673537 0)
(1.022623627102337 -0.02133404709421361 0)
(1.019278321803364 -0.02124418391205134 0)
(1.015948627159573 -0.02112325926458415 0)
(1.012646623561184 -0.02095535475766068 0)
(1.009362830888451 -0.02072498594573813 0)
(1.006104365310811 -0.02044755293832816 0)
(1.002891553323043 -0.02014191656210217 0)
(0.9997250774083841 -0.01981184739811287 0)
(0.9966187861954493 -0.01943716968531711 0)
(0.9935606572679971 -0.01899517226455406 0)
(0.9905591148963712 -0.01851963096181483 0)
(0.9876340727744164 -0.01803868490897577 0)
(0.9847679054847396 -0.01753005458039619 0)
(0.9819534601192035 -0.01696645334573553 0)
(0.9791919034542138 -0.01635235972923349 0)
(0.9765114065142433 -0.01571544077103696 0)
(0.9739342125891458 -0.01508762395318411 0)
(0.971442891026725 -0.01443173092508752 0)
(0.9690113050188799 -0.01370526328672307 0)
(0.9666641517904856 -0.01294517780996062 0)
(0.9644404550190292 -0.01218752663522031 0)
(0.9623382553537876 -0.01142750317831977 0)
(0.9603306145902502 -0.01062600376841774 0)
(0.9583952091241995 -0.009758068528536475 0)
(0.9565764482408858 -0.008859348568484899 0)
(0.9549337211521776 -0.007985422397863767 0)
(0.9534278297682113 -0.007084890651047058 0)
(0.9520185311166161 -0.006132753829811159 0)
(0.9507115186723507 -0.005140010685061899 0)
(0.9495659598618233 -0.004126189897563541 0)
(0.9486229577073414 -0.003120855072500202 0)
(0.9478346652727623 -0.00207982297621929 0)
(0.9471035240212575 -0.0009846424170764981 0)
(0.9465829130155046 0.0001388556048399105 0)
(0.9462496841951035 0.001262609248497981 0)
(0.9460969205280018 0.002424256904119594 0)
(0.9460916867029221 0.003615528612940912 0)
(0.946315613084931 0.004835626183269691 0)
(0.946735133032895 0.006074381039953183 0)
(0.9473866647851692 0.007344523673174366 0)
(0.9482303848331537 0.008640353967187823 0)
(0.9492436909784366 0.009948950207193301 0)
(0.9504796156337438 0.01127311358509394 0)
(0.9519941083649773 0.01259764340379142 0)
(0.9536561024669543 0.01392574016813954 0)
(0.9554981015202901 0.01525812861350367 0)
(0.95764399227823 0.0165669787896057 0)
(0.9599835728059118 0.01787356172332704 0)
(0.9625342248228994 0.01917689031148105 0)
(0.9653683776244517 0.0204433516974248 0)
(0.9684583318900069 0.02167965592804971 0)
(0.9717499831963416 0.02288444956454848 0)
(0.9752075555373012 0.02403714917214628 0)
(0.9789769550138765 0.02509867415606739 0)
(0.9829292841719262 0.02608903623990767 0)
(0.9870429411791016 0.02698848490006468 0)
(0.9914054087671582 0.0277843753882889 0)
(0.9958237872542053 0.02845665991994155 0)
(1.000467569026152 0.02900664904450059 0)
(1.005157381485731 0.02941472822083373 0)
(1.009981624345904 0.0296699406168816 0)
(1.014823607695152 0.02975920701368024 0)
(1.019727895517788 0.02968015371026318 0)
(1.024622935368136 0.0294447851611664 0)
(1.029526677620772 0.02902565939954778 0)
(1.034414196738165 0.028452674859266 0)
(1.03911218163467 0.02767705992615823 0)
(1.043712909431364 0.0268021518325314 0)
(1.04812333784069 0.02572883660146411 0)
(1.052529145670001 0.0245817663460913 0)
(1.056697414342473 0.02333425716981209 0)
(1.060515464828521 0.02195247657607778 0)
(1.064189980794705 0.0205117928613073 0)
(1.06628743506274 0.01820706366030773 0)
(1.069509677413476 0.01671908083252942 0)
(1.072388585308183 0.01523771467142977 0)
(1.074939458359579 0.01371421316341402 0)
(1.077338107828615 0.01219729996482482 0)
(1.079538050226277 0.01073261981201078 0)
(1.08144542051286 0.009285548913233452 0)
(1.08309951868469 0.007890237768562115 0)
(1.084472206205715 0.006516729679951442 0)
(1.085662316558441 0.005194377923470868 0)
(1.086631656983787 0.003906440325349346 0)
(1.087394701401556 0.002671027113757508 0)
(1.08804075390395 0.001499995015142714 0)
(1.088434777371965 0.0003708939116673778 0)
(1.08869461359686 -0.0007277304256629091 0)
(1.088694779889482 -0.001797393050761211 0)
(1.088607272090295 -0.002827402667700732 0)
(1.088302488445522 -0.003838431852620219 0)
(1.087897597135737 -0.00481584953685849 0)
(1.087344703868318 -0.005777134620298385 0)
(1.086617721048316 -0.006699559337461519 0)
(1.085772434623918 -0.007584597517819122 0)
(1.084774253942541 -0.00844234970625804 0)
(1.083597233770984 -0.009323595367022338 0)
(1.082297306228726 -0.01022879701173528 0)
(1.080853509496966 -0.01103207743261926 0)
(1.079260080974853 -0.01179999069925123 0)
(1.077517930630239 -0.0126556837967684 0)
(1.075691704392295 -0.01338973296617029 0)
(1.073679201307083 -0.01407315195439988 0)
(1.071532535486817 -0.0148452016517716 0)
(1.06929258919163 -0.01549669641498043 0)
(1.066915047154527 -0.01608611280379484 0)
(1.064410448224859 -0.01675171087785698 0)
(1.061818627641161 -0.01729179350633765 0)
(1.059135527501291 -0.01775783357429353 0)
(1.056363077732974 -0.01829007071491532 0)
(1.053496704276833 -0.01871414415679503 0)
(1.050525976841705 -0.01906573049925484 0)
(1.047563633866819 -0.01945180137289058 0)
(1.044453529114516 -0.01974220818414656 0)
(1.041309753397393 -0.02001216218891132 0)
(1.038104627921899 -0.02021472660543086 0)
(1.034857228967226 -0.02036445972195997 0)
(1.031583038785653 -0.02047272537230323 0)
(1.028291906135702 -0.02053777584066894 0)
(1.024982098231124 -0.02055173324215939 0)
(1.021640408168146 -0.02050453351964203 0)
(1.01828727392705 -0.02041270666698287 0)
(1.014955268511315 -0.02029490593818326 0)
(1.011643331251227 -0.02013563448915612 0)
(1.008354670070371 -0.01991617248195959 0)
(1.005101084435068 -0.01964732229873814 0)
(1.001874924059828 -0.01935073267408251 0)
(0.9987063397814741 -0.01903354641287125 0)
(0.9955856957605733 -0.01867543547555111 0)
(0.9925071131594622 -0.01824839618642517 0)
(0.9894804159563835 -0.01778746748850151 0)
(0.9865296304234842 -0.01731914592349506 0)
(0.9836420190050823 -0.01682500141131839 0)
(0.9808092592564573 -0.01627736500774719 0)
(0.978031912164308 -0.01568056754376831 0)
(0.9753339384100902 -0.01506418811254728 0)
(0.9727367372147606 -0.01445501932103996 0)
(0.9702178202875399 -0.01381942086163424 0)
(0.9677497132978288 -0.01311256705475917 0)
(0.9653735827082675 -0.01237662975434553 0)
(0.9631291240807538 -0.01164909786486699 0)
(0.9610046280388977 -0.01091480650099045 0)
(0.9589716650168556 -0.0101330810571802 0)
(0.9570113964238696 -0.009293113904533912 0)
(0.9551731213746567 -0.008427809348735861 0)
(0.9535143366354732 -0.00758970912521088 0)
(0.9519882469593548 -0.006721394399308584 0)
(0.9505403385733204 -0.005793968598614278 0)
(0.9492077397423078 -0.004833577158960318 0)
(0.948058816761215 -0.003865136545531584 0)
(0.9471043155838017 -0.002894722793540452 0)
(0.9462838888564556 -0.001886940317723671 0)
(0.9455328513156116 -0.0008314430542632247 0)
(0.9450195260646864 0.0002486514138744706 0)
(0.9446850878728267 0.001332231783160287 0)
(0.9445205503452556 0.002445525950785812 0)
(0.944497233454586 0.00358723298471914 0)
(0.9447080919320319 0.004760054090086205 0)
(0.945106788148476 0.005944332244187311 0)
(0.9457504981050078 0.007160961357233529 0)
(0.9465837555430944 0.008407245734696821 0)
(0.947594248602307 0.009660523605911936 0)
(0.9488573552975497 0.01093268746851933 0)
(0.9503971587923828 0.01220800094703516 0)
(0.9520514767455254 0.01347947181878992 0)
(0.9539193802981416 0.01475443776208235 0)
(0.9560841203088117 0.0160141037131316 0)
(0.9584204435387154 0.01726880703370817 0)
(0.9609591746008662 0.01850696449778862 0)
(0.9637888502941743 0.01971328261316988 0)
(0.9668525934011756 0.02088950924728784 0)
(0.9701139827298337 0.02203625244453201 0)
(0.9735953202090883 0.02313108796743946 0)
(0.9773859990890119 0.02414473782375509 0)
(0.9813504070122934 0.02508529909857407 0)
(0.9855036575650544 0.02593879913995889 0)
(0.9898826612400012 0.02669331298657925 0)
(0.9943129765291452 0.02732918245641829 0)
(0.9989463059630591 0.02784458502153304 0)
(1.003655465075885 0.02822483195937964 0)
(1.008500597120564 0.02846339118729126 0)
(1.013351353121737 0.02854199628505602 0)
(1.018254563932751 0.02845547661640407 0)
(1.023139551921473 0.02822075609740907 0)
(1.028043392179819 0.02780968461573594 0)
(1.032916748563168 0.0272588775977093 0)
(1.037648320988968 0.02651538814016552 0)
(1.042268406445259 0.02566892347669965 0)
(1.046686266379636 0.02463812407565457 0)
(1.051066051829114 0.02352824107875577 0)
(1.055230819409279 0.02233256355935552 0)
(1.05905073937477 0.02100116495681096 0)
(1.06276024217043 0.01961800381646031 0)
(1.064625397507488 0.01740358712934844 0)
(1.067878415854206 0.01598004759200277 0)
(1.070818579074743 0.01456911514062099 0)
(1.073417723093854 0.01310926004424419 0)
(1.075846332678005 0.01165127197396556 0)
(1.078062360181244 0.01025211137432409 0)
(1.079999130941401 0.008858965262743082 0)
(1.081665514328512 0.007520249315260223 0)
(1.083059075421879 0.006198580909701813 0)
(1.08424774582022 0.004927214706721623 0)
(1.085247307091673 0.003687498585973422 0)
(1.086028130806427 0.002505114810141055 0)
(1.086673300435213 0.001379520833732982 0)
(1.087097890194283 0.0002978492407816815 0)
(1.087356769766932 -0.000758437295925237 0)
(1.087393006561326 -0.001785703659032392 0)
(1.087326402501121 -0.002775849639366698 0)
(1.087034605162925 -0.003750217536102394 0)
(1.086639316965924 -0.004692063401085538 0)
(1.086088850372156 -0.005617705256919961 0)
(1.08538758798151 -0.006517098950486325 0)
(1.084558928618154 -0.007369025933634679 0)
(1.083572394364898 -0.008192859044772814 0)
(1.082407656508153 -0.009019841352828295 0)
(1.081120649072888 -0.009888612656921323 0)
(1.079670804051339 -0.01067570059444005 0)
(1.07806389701754 -0.01139015940788932 0)
(1.076317900815092 -0.01221113999447633 0)
(1.074474104355717 -0.01293360255374843 0)
(1.072456950148748 -0.01356745205829329 0)
(1.070313151305226 -0.01430765982965551 0)
(1.068067879130528 -0.01495036358618421 0)
(1.065671884162647 -0.01549634597594894 0)
(1.063167908674473 -0.01613008027848035 0)
(1.060581438193861 -0.01666500229042602 0)
(1.057892468582197 -0.01710112403780753 0)
(1.055130060195399 -0.01760587794358651 0)
(1.052300047983478 -0.01802574362848256 0)
(1.049336581608804 -0.01835494394281594 0)
(1.046372421070255 -0.01871546273110666 0)
(1.043276969085203 -0.01899054339362779 0)
(1.040125898738403 -0.01924329439863345 0)
(1.036914946958617 -0.01943801978289081 0)
(1.033658314542386 -0.01958067099601658 0)
(1.030376742088509 -0.01968112083609013 0)
(1.027075303153492 -0.01974097128257633 0)
(1.023762892992211 -0.01975271732364919 0)
(1.020434192891067 -0.01970251018342342 0)
(1.017094868201624 -0.0196102786741952 0)
(1.013762068706558 -0.01949200702160886 0)
(1.010449132388912 -0.01933736453402478 0)
(1.00715855576438 -0.01912836122928878 0)
(1.003894268489778 -0.01886679965074414 0)
(1.000663113368006 -0.01857522067590924 0)
(0.9974742386012305 -0.01826680622678777 0)
(0.994328860533148 -0.01792181104141044 0)
(0.99121713409653 -0.01750796531031948 0)
(0.9881545440494518 -0.01706015645547496 0)
(0.9851696202000841 -0.01660553426742385 0)
(0.9822512870631577 -0.01612641727440402 0)
(0.9793885036522698 -0.01559533635337693 0)
(0.9765838032831576 -0.01501631356711374 0)
(0.9738599040559844 -0.01441965644117325 0)
(0.9712376592321335 -0.01382792564066125 0)
(0.9686947007931803 -0.01321068876219472 0)
(0.9662001831561449 -0.01252453528640807 0)
(0.963795081092178 -0.01181394026599865 0)
(0.9615270747410287 -0.01111513250560308 0)
(0.9593721224943635 -0.01040609954871712 0)
(0.9573032730662875 -0.009645990844580768 0)
(0.9553137975231496 -0.008833710590776292 0)
(0.9534584474292215 -0.008005264247386078 0)
(0.9517827359319376 -0.007196564773221194 0)
(0.950235469685824 -0.006359499006589414 0)
(0.9487468266482584 -0.005458157574022207 0)
(0.947388279490147 -0.004532395430050323 0)
(0.9462439041802336 -0.003608966023022344 0)
(0.9452825649893069 -0.00267351252038773 0)
(0.9444295542838387 -0.001697327788338236 0)
(0.9436548491267013 -0.0006821822452607666 0)
(0.9431421954163466 0.0003542665190993971 0)
(0.9427853631057437 0.001398432397809861 0)
(0.9426094534652373 0.002465369190986456 0)
(0.9425810255853422 0.003562111166895811 0)
(0.9427853833638726 0.004690405767929435 0)
(0.943171205467408 0.005824439912488133 0)
(0.943808952616852 0.006989720686447353 0)
(0.9446434925567437 0.00818502079856844 0)
(0.9456393276782222 0.009382758479434742 0)
(0.9469085424669785 0.01060167314770046 0)
(0.9484589325793168 0.01182825107960194 0)
(0.9501106814755933 0.01304519190454588 0)
(0.9520112917893262 0.01426696614750728 0)
(0.9542038171342546 0.01547672903752339 0)
(0.9565513977821556 0.01667971042068278 0)
(0.9591021983231719 0.01786082967100416 0)
(0.961929900122687 0.01901127738686469 0)
(0.9649699667272507 0.0201329837190838 0)
(0.9682150555631619 0.02122202629755105 0)
(0.9717180424705426 0.02225472141278878 0)
(0.9755224145914099 0.0232165134073703 0)
(0.9795090815418008 0.02410901095694691 0)
(0.9836769189458344 0.02492013151790085 0)
(0.9880671876856313 0.02563784903496938 0)
(0.9925222618776708 0.02623956174907527 0)
(0.9971650215064315 0.02672253149726159 0)
(1.001878032336956 0.02707370158027819 0)
(1.006717701829469 0.02729289006933008 0)
(1.011596339234906 0.02736330659707241 0)
(1.016521285862637 0.0272756416866113 0)
(1.021418177242779 0.02704002106160521 0)
(1.026312439077893 0.0266367561786482 0)
(1.031177779363304 0.02610281261898074 0)
(1.035965898344593 0.02538861578728857 0)
(1.040603682748511 0.02457098959255637 0)
(1.04504098866951 0.02358473251539899 0)
(1.049406798413172 0.02251500160127859 0)
(1.05355623991978 0.0213714739647603 0)
(1.057384834317607 0.02008160581162387 0)
(1.061090222177647 0.01875298776737836 0)
(1.062723074461819 0.01662174083754285 0)
(1.065999732465264 0.01525908061577761 0)
(1.068983020578182 0.0139049232903594 0)
(1.0716443715399 0.01251597994456574 0)
(1.074084181793824 0.01112062048522185 0)
(1.076337830357244 0.009778198996087225 0)
(1.078315390832821 0.00844278596854601 0)
(1.079993803145207 0.007158810437649573 0)
(1.08141950999902 0.005887770237477433 0)
(1.082622410368294 0.004666919987298231 0)
(1.083633747826449 0.003477556896576785 0)
(1.084437778165865 0.002343722009843452 0)
(1.085080171500304 0.001262340912798316 0)
(1.085512128445786 0.0002154400616510357 0)
(1.085800053747459 -0.0007941834987731954 0)
(1.085864802681276 -0.001780088665352004 0)
(1.085824755634599 -0.002731423812350846 0)
(1.08554809842464 -0.003669745329705754 0)
(1.085170698046617 -0.004576472410548968 0)
(1.084626796541775 -0.005468691896679384 0)
(1.083932166731891 -0.006341724977067619 0)
(1.083114198213254 -0.007163223220512225 0)
(1.082118627825567 -0.007954642182491284 0)
(1.080973856134389 -0.00873000853077735 0)
(1.079697835865232 -0.009560151049311735 0)
(1.078243078899615 -0.01032835582619583 0)
(1.076636298117086 -0.01100761292906186 0)
(1.074895809484617 -0.01178299370004154 0)
(1.073032192028404 -0.01249505848729737 0)
(1.071012362648216 -0.01309927401234817 0)
(1.068884882300863 -0.0137877711545614 0)
(1.066648305672139 -0.01441682184859293 0)
(1.064237591155727 -0.01494015030382027 0)
(1.061757163627846 -0.01553120293561283 0)
(1.059199174561922 -0.01606246960034714 0)
(1.056484589010341 -0.0164813380348456 0)
(1.053737940215047 -0.01694893449675646 0)
(1.050931177107645 -0.01736386880028972 0)
(1.04795102173461 -0.01767640774224444 0)
(1.044971240623474 -0.01800777062115954 0)
(1.041889361558042 -0.01826792029637414 0)
(1.038751884547524 -0.01850389941826252 0)
(1.035547405584199 -0.01868918209286463 0)
(1.032283694057098 -0.01882374188301881 0)
(1.028992332014451 -0.01891607156322 0)
(1.025682281190344 -0.01897177466802386 0)
(1.022363642431062 -0.01898325358325563 0)
(1.019033370430863 -0.01893347289031539 0)
(1.015692061636909 -0.01884044223024466 0)
(1.012360225761028 -0.01872051436653785 0)
(1.009031265017627 -0.01856955530637418 0)
(1.005720655717214 -0.01836990340183185 0)
(1.002425482726268 -0.01811552424725631 0)
(0.9991554510406018 -0.01783047234479421 0)
(0.995940375415075 -0.01753080363080825 0)
(0.9927633271888662 -0.01719861263723276 0)
(0.9896196016000481 -0.01679738272946308 0)
(0.9865235714131702 -0.0163634452805944 0)
(0.9834972219418364 -0.01592199152055501 0)
(0.9805395058152382 -0.01545759630325303 0)
(0.977636979132928 -0.01494436782473162 0)
(0.9747959203345842 -0.01438236064210143 0)
(0.9720409513134438 -0.01380572743091432 0)
(0.9693945248310286 -0.01323164210850874 0)
(0.9668359035653328 -0.012632231630476 0)
(0.9643201426408726 -0.01196605628235096 0)
(0.9618859341026019 -0.0112771797224671 0)
(0.959594182140902 -0.01060387955584608 0)
(0.9574123488708656 -0.009917208612532702 0)
(0.9553063027903775 -0.009178685812781933 0)
(0.9532867705412849 -0.008393907570543625 0)
(0.9514167194736056 -0.007601212527241228 0)
(0.9497265878456449 -0.006819855609282707 0)
(0.9481585855107668 -0.006008235369151359 0)
(0.946644205226971 -0.005134851836506886 0)
(0.9452585935411867 -0.004242580440698827 0)
(0.9441146144212382 -0.003361933292074239 0)
(0.9431435626400353 -0.002459873393968564 0)
(0.9422548168285312 -0.001512589301672173 0)
(0.9414611575490917 -0.0005350789983927794 0)
(0.9409514220728434 0.0004604645128139337 0)
(0.9405776003816064 0.001467829116436885 0)
(0.9403907571140665 0.002491489289497996 0)
(0.9403797049699316 0.003542512123489313 0)
(0.9405549220552722 0.004621806271337775 0)
(0.9409209626586182 0.005708371470284383 0)
(0.9415457394736384 0.00682401201452343 0)
(0.9423844757323719 0.007967699303572329 0)
(0.9433722050105663 0.009115174249372375 0)
(0.9446457726187668 0.01028262899083981 0)
(0.9461935211875441 0.01145796494753769 0)
(0.947852480658174 0.01262337846620508 0)
(0.9497673996630307 0.01379332527806156 0)
(0.9519610925161603 0.01495576118782434 0)
(0.9543110100302133 0.0161100814934528 0)
(0.956904326221478 0.0172377594590314 0)
(0.9597618591058995 0.01833375190191178 0)
(0.9628088522594362 0.01939948865606502 0)
(0.9660644312871184 0.02043204498154835 0)
(0.9695831489710102 0.02140720302899728 0)
(0.9733964251937411 0.0223200659895986 0)
(0.9773913853043485 0.0231651310135641 0)
(0.9815775441820328 0.02393377901922162 0)
(0.9859912445116976 0.02461165337244631 0)
(0.9904424358977565 0.02518138581699661 0)
(0.9950931918424735 0.02563715560753026 0)
(0.9998407238463239 0.02596421599952748 0)
(1.004678934226403 0.02615909520359949 0)
(1.009579732277738 0.02621819902502311 0)
(1.014515850685581 0.02613127308929158 0)
(1.019426412915019 0.02590026666096215 0)
(1.024299401083042 0.02550605908687555 0)
(1.029172806622944 0.02498512509332887 0)
(1.033982522304285 0.02429368006014182 0)
(1.038671344674805 0.02350685344009226 0)
(1.043110830588581 0.02256226806956595 0)
(1.047513256537129 0.0215422722013732 0)
(1.0516568962056 0.02044021675589942 0)
(1.055477436464471 0.01920359560102864 0)
(1.059188054123033 0.01792227588758445 0)
(1.060583145994215 0.01586443973332931 0)
(1.063877127983864 0.01455496566497276 0)
(1.066891978841231 0.01325726635026925 0)
(1.069573463897812 0.0119366491176491 0)
(1.072056411381966 0.01060360894561067 0)
(1.074355317978744 0.009312397270026522 0)
(1.076351145903237 0.008035377563572981 0)
(1.078074033831232 0.006803537225711382 0)
(1.079510088068906 0.005583893009121954 0)
(1.080754209778079 0.004410691172557413 0)
(1.081776019795321 0.00327027785673715 0)
(1.082625984972801 0.002185055784492925 0)
(1.083282379840854 0.00114497140237731 0)
(1.083749562050783 0.0001391747187023236 0)
(1.084038147314922 -0.000832497646284144 0)
(1.084146751348995 -0.001780335683913891 0)
(1.084118068769838 -0.002696624221758095 0)
(1.083865174546847 -0.003596214293741159 0)
(1.083496316572137 -0.004466264384916864 0)
(1.082944481963077 -0.005325784419113113 0)
(1.082256860435508 -0.00616540638821237 0)
(1.081449361313723 -0.006964215311245095 0)
(1.080432778022173 -0.007723915451640943 0)
(1.079285159028368 -0.008453877004595144 0)
(1.078020132118227 -0.00924800497249768 0)
(1.076567944413171 -0.009997549690434041 0)
(1.074983453022345 -0.01064572555790005 0)
(1.073271299149523 -0.01136814405429625 0)
(1.071404550786107 -0.01206629790783835 0)
(1.069389490152728 -0.01264782069684941 0)
(1.067284921966908 -0.01329059621141046 0)
(1.06505422949733 -0.01390777095959463 0)
(1.062646015897527 -0.01440652068405292 0)
(1.060181594028354 -0.01495510344768004 0)
(1.057637398695871 -0.01547929966943853 0)
(1.05490631781388 -0.01588222601905808 0)
(1.052169990236579 -0.0163149458235558 0)
(1.049387497726588 -0.0167223795865414 0)
(1.046367539074101 -0.01701833103994431 0)
(1.04337859940739 -0.0173245284830351 0)
(1.040319087544325 -0.01757387758326245 0)
(1.03719500947324 -0.01779403080031468 0)
(1.033992345936364 -0.01796678696594846 0)
(1.030735727957924 -0.01809122072808781 0)
(1.027435244172218 -0.01817559738376402 0)
(1.024117069126554 -0.0182266432139659 0)
(1.020777177011686 -0.01823582405004382 0)
(1.017425075255979 -0.01818767035891149 0)
(1.014062691925762 -0.01809409133529515 0)
(1.010705787468976 -0.01797142788552022 0)
(1.00735473536615 -0.01782130016692351 0)
(1.004005733083328 -0.01762719184663127 0)
(1.00067349806767 -0.01737888312614459 0)
(0.9973757354414881 -0.01710006736406129 0)
(0.9941305904348233 -0.01680722872698925 0)
(0.9909165226302797 -0.01648332810499895 0)
(0.9877360182582402 -0.01609452277454511 0)
(0.9845948195580887 -0.01567176146936713 0)
(0.9815268224973854 -0.01524002110467045 0)
(0.9785268896524963 -0.0147898590589956 0)
(0.9755792151095805 -0.01429332554118817 0)
(0.9726930521518082 -0.01374887182758769 0)
(0.9698945886478794 -0.01319004756479154 0)
(0.967209570533369 -0.01263473337864998 0)
(0.9646143072354316 -0.01205259655809551 0)
(0.9620681710913447 -0.01140722977026414 0)
(0.9596091543165651 -0.01073845866574951 0)
(0.9573010147004158 -0.01009103292470605 0)
(0.9551045251089142 -0.009426745765730646 0)
(0.9529714499640247 -0.008709867893047223 0)
(0.9509281195614252 -0.007952167421422551 0)
(0.9490440097540315 -0.007194920018797414 0)
(0.9473393109490416 -0.006441184995928021 0)
(0.9457436386393689 -0.005653607605931117 0)
(0.9442123474941533 -0.004809415162873703 0)
(0.9428071446573411 -0.003950262145715502 0)
(0.9416622213040069 -0.00311065651045117 0)
(0.9406799768504261 -0.002244013671455425 0)
(0.9397515177436242 -0.00132772049300773 0)
(0.9389359730997368 -0.0003890487368497945 0)
(0.9384313800558848 0.0005659160024789336 0)
(0.9380305071945318 0.00153352330097118 0)
(0.937824545140215 0.002514716649724543 0)
(0.9378405295986227 0.00352425196375955 0)
(0.937997839625007 0.004557717926063816 0)
(0.9383463174419062 0.005598708900783872 0)
(0.9389558067287755 0.00666792561065148 0)
(0.9398102764015177 0.007760224799590022 0)
(0.9407773065436418 0.008857215078985049 0)
(0.9420398100124985 0.009976370576143381 0)
(0.943558178032047 0.01110120296075473 0)
(0.9452422231413256 0.01221867318096302 0)
(0.9471727090769079 0.01333611473392841 0)
(0.9493694364292971 0.01444790806243532 0)
(0.9517329682939221 0.01555008675225601 0)
(0.9543836868538847 0.01662592832249814 0)
(0.9572523215747037 0.01767282116535793 0)
(0.9603063590259169 0.01869022840629615 0)
(0.9635904091536496 0.01967285050084082 0)
(0.967140431916791 0.02059022397823909 0)
(0.9709620225135229 0.02145264435930478 0)
(0.974966718349807 0.02225096569264407 0)
(0.9791569789252879 0.02298050092154535 0)
(0.9835488506312764 0.02362247173918406 0)
(0.9880418166209299 0.02415778991540066 0)
(0.9927167954852103 0.02458296225348785 0)
(0.9975010689189988 0.02488987858734766 0)
(1.002357751509204 0.02506716950681424 0)
(1.007258148251033 0.02511168016914106 0)
(1.012188242305447 0.02502164567913885 0)
(1.01714761830778 0.02479587834238509 0)
(1.022016841392653 0.02441363731241847 0)
(1.026903663536248 0.02390805916353024 0)
(1.031699717634588 0.02323296698460982 0)
(1.036431718212754 0.02247632249382586 0)
(1.040858863076301 0.02157435021738277 0)
(1.045264856471035 0.02060006237587865 0)
(1.049467725833614 0.0195382734499551 0)
(1.05332543993469 0.0183478606149514 0)
(1.057051313684341 0.01711946202939829 0)
(1.058173581824371 0.01513445202983621 0)
(1.061474550307455 0.01387164358269881 0)
(1.064514983287079 0.01263139793781282 0)
(1.067234839623773 0.01136403893647512 0)
(1.069774138079882 0.01009602206009856 0)
(1.07212282559004 0.008856003197830269 0)
(1.074125565310933 0.007633398141449922 0)
(1.075900547773954 0.006451721633118837 0)
(1.077355443508046 0.005285016880484038 0)
(1.07864186539317 0.004156233476396316 0)
(1.079686087367721 0.003062569259668703 0)
(1.080601552777264 0.002024306106607753 0)
(1.081286945823922 0.001024981736942262 0)
(1.081801805779023 5.817338784419528e-05 0)
(1.082099889440857 -0.0008765356027978226 0)
(1.082246655853487 -0.001784052933657136 0)
(1.082208955755347 -0.002665160587666221 0)
(1.081973894216856 -0.003527388922011356 0)
(1.081629047828005 -0.004361387615501994 0)
(1.081058246093239 -0.005188309505618955 0)
(1.080381800010872 -0.005994594982155026 0)
(1.079562083106538 -0.006771250906330475 0)
(1.078542569699926 -0.007500199848364164 0)
(1.077396179980735 -0.008200233818922419 0)
(1.07614109010254 -0.008946444584894415 0)
(1.07470681423735 -0.009678258476863559 0)
(1.073143937612824 -0.01030111203253458 0)
(1.071451900805804 -0.01097795678881097 0)
(1.069597067254216 -0.0116578298785859 0)
(1.067586972215968 -0.01221179445734924 0)
(1.065488757342175 -0.01280976680579632 0)
(1.063255530274069 -0.01341449895391342 0)
(1.060863519070806 -0.01389262041739342 0)
(1.058418923574559 -0.01440383325531567 0)
(1.055870540945193 -0.01491799542253735 0)
(1.053135148062876 -0.01530319490440488 0)
(1.050390008323119 -0.01570442812252106 0)
(1.047600457968247 -0.01610237071559463 0)
(1.044590264688773 -0.0163818105657636 0)
(1.041596318855474 -0.01666383136928145 0)
(1.038536330137847 -0.01690178349058965 0)
(1.035408070562186 -0.01710842506132448 0)
(1.032213196690183 -0.0172719673171641 0)
(1.02895832494106 -0.01738689192886457 0)
(1.025656835114438 -0.0174640151094664 0)
(1.022323086170683 -0.01750575749758181 0)
(1.018963321839946 -0.01750918358956333 0)
(1.015572562621071 -0.0174624319855101 0)
(1.0121890243165 -0.01736856602426994 0)
(1.008808191479873 -0.01724272326780246 0)
(1.005424042471883 -0.01709123104054159 0)
(1.002047961039386 -0.01690249022577636 0)
(0.9986823260067363 -0.01666181179005249 0)
(0.9953477420931238 -0.0163880253426993 0)
(0.9920565236347048 -0.01610190447408779 0)
(0.9887971822126786 -0.01578541029305404 0)
(0.9855642690742087 -0.01540897043884937 0)
(0.9823754379187464 -0.01499773348487057 0)
(0.979267892678531 -0.01457759654606395 0)
(0.9762233769955155 -0.01414121624023476 0)
(0.9732327961973088 -0.01365844397965359 0)
(0.9702914616277367 -0.0131337076692476 0)
(0.967450265745005 -0.01259315761022688 0)
(0.9647212093516239 -0.01205770792124805 0)
(0.9620811337323079 -0.01149377367309803 0)
(0.9594907953564019 -0.01087113136899319 0)
(0.9569969562254497 -0.01022323683611012 0)
(0.9546612424153976 -0.00960051471307604 0)
(0.9524363561763531 -0.008959069669564855 0)
(0.9502648080928473 -0.008262549088041382 0)
(0.9481845659192958 -0.007532093894006374 0)
(0.9462751179716001 -0.006807425356887966 0)
(0.9445388073686276 -0.006081318314383018 0)
(0.9429019589906118 -0.005317529711828226 0)
(0.9413396035621937 -0.004504308417020248 0)
(0.9399258059651205 -0.003680625402185955 0)
(0.9387654973248646 -0.002874829108374908 0)
(0.9377726420813672 -0.00204060936901863 0)
(0.9367976671775228 -0.00115311424642004 0)
(0.9359692161301225 -0.0002496191949073467 0)
(0.9355096514008443 0.0006664579046868936 0)
(0.9351178602513428 0.001597828809064876 0)
(0.9348906727662625 0.002540687271393904 0)
(0.9348751622684108 0.003509482122920523 0)
(0.9350821924321262 0.004499311874959912 0)
(0.9354012141626906 0.005495374398716883 0)
(0.9359834503898073 0.006519989094810287 0)
(0.9368097210506366 0.007560643620838638 0)
(0.9378261092110238 0.008609233900628762 0)
(0.9390929686882066 0.009683647333074176 0)
(0.9405911585073786 0.01075676863448537 0)
(0.9422842678369081 0.01182378070983857 0)
(0.9442499586023672 0.01289197530313151 0)
(0.946432613358887 0.01395535387483468 0)
(0.9487942723283187 0.01500995076926069 0)
(0.9515142982717623 0.01603776336125401 0)
(0.9543985610817984 0.01702970833404984 0)
(0.9574811196753332 0.01799520031708103 0)
(0.9608265810156692 0.01892823699072877 0)
(0.9643908132404362 0.01979862537226308 0)
(0.9682056809743884 0.02061950752572852 0)
(0.9722346368558763 0.0213765422262459 0)
(0.9764196153993322 0.0220594758416509 0)
(0.9808030272197025 0.02265934036747402 0)
(0.9853306941206716 0.02316327863979027 0)
(0.9900036662435123 0.02356406931163404 0)
(0.994827820784713 0.02385214973451737 0)
(0.9997153563017157 0.02401212853947868 0)
(1.004659409529397 0.02404203594905741 0)
(1.009569962326229 0.02394643975646397 0)
(1.014556117629753 0.02372687880232271 0)
(1.019440326269657 0.02335441687481115 0)
(1.024359695365207 0.02286784778893465 0)
(1.029149456146303 0.02221256343709449 0)
(1.033907228032105 0.02148557154833682 0)
(1.038345633888574 0.02061619504076966 0)
(1.042744329809142 0.01967933460175447 0)
(1.046975971914121 0.01866339027878861 0)
(1.050874974537067 0.01752342057546132 0)
(1.054644169155092 0.01634176425019231 0)
(1.055533411860964 0.01441913270556825 0)
(1.058851902976537 0.0132076780884469 0)
(1.061914832831191 0.01201899610252843 0)
(1.064661468823638 0.01080477678383017 0)
(1.067255196046721 0.009592691689240941 0)
(1.069627713664103 0.008413417960430714 0)
(1.071678191193476 0.007238502686689494 0)
(1.073487422319581 0.006104650148010591 0)
(1.074992574464506 0.004989034851270508 0)
(1.076320725412983 0.003906117990293479 0)
(1.07740118501747 0.00285334412189859 0)
(1.078360846164362 0.001857548388409704 0)
(1.079097218313018 0.0009017187810785413 0)
(1.079646231982619 -2.619451046592721e-05 0)
(1.079957628130206 -0.0009247534379294125 0)
(1.080142481423726 -0.001791943810295458 0)
(1.080098115092876 -0.002638672559928098 0)
(1.079890127079702 -0.003462009377940021 0)
(1.07954237750156 -0.004263449775159573 0)
(1.078984188855648 -0.005055514930416054 0)
(1.078324251925143 -0.005828092024948932 0)
(1.077491035259366 -0.006582374876257714 0)
(1.076489495126456 -0.007284136431355991 0)
(1.075360076785703 -0.007958835907509952 0)
(1.074093303908602 -0.008664371562732594 0)
(1.072692408494449 -0.009372965405632183 0)
(1.071128029315149 -0.009967133459359661 0)
(1.069419417268126 -0.01060173197250483 0)
(1.067599441187632 -0.01126342051378442 0)
(1.065608088134363 -0.01179288361916967 0)
(1.063482952177152 -0.01235351080685276 0)
(1.061282898096305 -0.0129402334446907 0)
(1.058901335711921 -0.01339665213421949 0)
(1.056413193267526 -0.01387469541775487 0)
(1.053906146940498 -0.01437013308875168 0)
(1.051177080516042 -0.01474238169549767 0)
(1.048390619093731 -0.01511716237475911 0)
(1.045627423680432 -0.01549861662251012 0)
(1.04263716477175 -0.01577058470080607 0)
(1.039593231112947 -0.01603186377401502 0)
(1.036544002460342 -0.01625722456431566 0)
(1.033401903528652 -0.0164491668374628 0)
(1.030193817014523 -0.01659824227966309 0)
(1.026924171419512 -0.01670361860044252 0)
(1.023600300074791 -0.01677084660740383 0)
(1.020239648236185 -0.01680390178710284 0)
(1.016853231795028 -0.01680192819799538 0)
(1.013443201871961 -0.0167556248148098 0)
(1.010025600951501 -0.01666312252622381 0)
(1.006612244363803 -0.01653692524858589 0)
(1.003213164793062 -0.01638645717915283 0)
(0.9998136490217451 -0.0162015591235233 0)
(0.996415211406303 -0.01596638340345597 0)
(0.9930295180376491 -0.01569720854355792 0)
(0.9896892587163491 -0.0154163949612309 0)
(0.9863785517333153 -0.0151069567536894 0)
(0.9830937855851483 -0.0147429441291361 0)
(0.9798601424341135 -0.01434474683095938 0)
(0.976704715298963 -0.01393642243390089 0)
(0.9736239982280818 -0.0135117057472983 0)
(0.9705897498695677 -0.01304478261587071 0)
(0.9676169971166941 -0.01253558803156857 0)
(0.9647342316448758 -0.01201419608929426 0)
(0.9619665825669108 -0.0114945950907813 0)
(0.9592759511648048 -0.01094876693091653 0)
(0.9566348733387979 -0.01034572676072673 0)
(0.954090757159301 -0.009720787851000083 0)
(0.9517198419560028 -0.009119221153171179 0)
(0.9494579406541228 -0.008499708607516445 0)
(0.9472461495129445 -0.007821574487759901 0)
(0.945125132032139 -0.007117103796115341 0)
(0.943190552401219 -0.006420957101761288 0)
(0.9414230632300267 -0.005723070066000041 0)
(0.9397457310350417 -0.004982470755536018 0)
(0.9381422921251661 -0.004199004809327689 0)
(0.9367173265352574 -0.003409212108145269 0)
(0.9355343134924494 -0.002634215571877603 0)
(0.9344963110831732 -0.00182995095230582 0)
(0.9334834770507012 -0.0009767502701225547 0)
(0.9326448120349902 -0.0001130915504364619 0)
(0.932151141911119 0.0007642326008981963 0)
(0.9317730428232824 0.00165931446842983 0)
(0.931570143744693 0.00256641079991893 0)
(0.9315205784713316 0.00349553208374562 0)
(0.9316910136786161 0.004439947011320227 0)
(0.9320800121837159 0.00539714642171669 0)
(0.9326607584890122 0.00637902043779615 0)
(0.9334643730816257 0.007367266957543881 0)
(0.9344948043378234 0.008367016580888179 0)
(0.935809891911742 0.009399028134178818 0)
(0.9372938697130475 0.01042329870721865 0)
(0.938982683247113 0.01144245711278143 0)
(0.9410205785291865 0.01246678585069774 0)
(0.9432025647482989 0.01347798445900359 0)
(0.945571615210798 0.01447941608815443 0)
(0.9483329940140238 0.01545486564780006 0)
(0.9512556704777786 0.01639957205451782 0)
(0.954338531585477 0.01732008932558769 0)
(0.9577169867845655 0.0182064906448338 0)
(0.9613420435095206 0.01903432356171152 0)
(0.9651756580233553 0.01980906923166379 0)
(0.9692520980005157 0.02052275130460596 0)
(0.9734187834860488 0.0211661357107721 0)
(0.9777945976242226 0.02173305563641352 0)
(0.9823535418085274 0.02220700103389038 0)
(0.9870314335781272 0.02257776280761099 0)
(0.9918959294271569 0.022839582790745 0)
(0.9967895111037726 0.02298821350403746 0)
(1.001777237152586 0.02301198367844958 0)
(1.006696437435687 0.02290718191973127 0)
(1.011697692979199 0.0226874298243753 0)
(1.016592561434099 0.02232667381533468 0)
(1.021518187440487 0.0218596513052541 0)
(1.026336872225335 0.0212294376614398 0)
(1.031119402975885 0.02052380862026858 0)
(1.035610684855889 0.01968901979529703 0)
(1.039998636510795 0.01878404296345327 0)
(1.04424736298854 0.01781255421009013 0)
(1.048204224338455 0.01671606983798956 0)
(1.052014785528934 0.01558897849924706 0)
(1.052698978979257 0.01373404208406482 0)
(1.056021816738794 0.01256782620068932 0)
(1.059108545487901 0.01142031446798951 0)
(1.06188694357271 0.01025863987758849 0)
(1.06449362257831 0.009099868681116095 0)
(1.066926514554959 0.007974849489964228 0)
(1.06903192465068 0.006848482355629614 0)
(1.070872790717798 0.005763411573328338 0)
(1.072433165109106 0.004691669860101643 0)
(1.073803654892879 0.003657059501777049 0)
(1.074944112049348 0.002646041792835661 0)
(1.075913978585934 0.001692180157430188 0)
(1.076675432971897 0.0007686019026499697 0)
(1.07723621864057 -0.0001180094292836435 0)
(1.0776053821336 -0.0009748049768124078 0)
(1.077804506546498 -0.001803308678940264 0)
(1.077769499617553 -0.002615829022500277 0)
(1.077600672294591 -0.00340222570314688 0)
(1.077237573492694 -0.004173366419363418 0)
(1.076723912785105 -0.00492969853234896 0)
(1.076077180227807 -0.005671455327317848 0)
(1.075253862805052 -0.006401246611146662 0)
(1.07426503902839 -0.007076155297158862 0)
(1.073127949429414 -0.007724644078938732 0)
(1.071869675708257 -0.008392329424064374 0)
(1.070495365286094 -0.009072906258718677 0)
(1.068925808110842 -0.009648238774489525 0)
(1.067212018659983 -0.01024278699749042 0)
(1.065422308164707 -0.01087370211755637 0)
(1.063413193407529 -0.01138867266069569 0)
(1.061305651618882 -0.01191279463653833 0)
(1.059134820158483 -0.01247350200544454 0)
(1.056737342678435 -0.01292020224690689 0)
(1.054263172282453 -0.01336536435607509 0)
(1.051758190646037 -0.01383779982752055 0)
(1.049028048960771 -0.01420143596261646 0)
(1.046229489894876 -0.01454831479840684 0)
(1.043459210883575 -0.01491161855912077 0)
(1.040443878377492 -0.01517649182414281 0)
(1.037371973104452 -0.01541726267925032 0)
(1.0343297156636 -0.01563124844692944 0)
(1.031167763072764 -0.01580846467306496 0)
(1.027941713495038 -0.01594504958292241 0)
(1.024648569731599 -0.01604063674435713 0)
(1.021293298005303 -0.01609801243025631 0)
(1.017906171553857 -0.01612291255251001 0)
(1.01450466021385 -0.01611635192271121 0)
(1.011080625303233 -0.01606834204172494 0)
(1.007627391112676 -0.01597470585633315 0)
(1.004169775201472 -0.01584825168034725 0)
(1.00073278605874 -0.0156978593566518 0)
(0.9972909520881111 -0.0155143797157055 0)
(0.9938451043496583 -0.01528090528412039 0)
(0.9904059463735799 -0.01501529132561893 0)
(0.9870163076399872 -0.01473821223978129 0)
(0.9836524540674229 -0.0144351170492814 0)
(0.9803179465071594 -0.01408172897025478 0)
(0.9770226515639846 -0.01369602504069084 0)
(0.973813489254419 -0.01329913944661211 0)
(0.9706834841630387 -0.01288697696384051 0)
(0.9676083465061776 -0.01243403088086172 0)
(0.9645827075399314 -0.01194044667143704 0)
(0.9616389489478856 -0.01143562606436847 0)
(0.958813233920134 -0.01093232657068407 0)
(0.9560696423491741 -0.01040318170255092 0)
(0.9533748218587826 -0.009822178366882222 0)
(0.9507861854665194 -0.00922036822937366 0)
(0.9483740205464016 -0.008641094192436027 0)
(0.9460813814813077 -0.008042942708006946 0)
(0.9438272496010076 -0.007386791507279616 0)
(0.9416753301042955 -0.00670485933413034 0)
(0.9397158806529506 -0.006039744297653073 0)
(0.9379231454754157 -0.005367157460472003 0)
(0.9361998821540334 -0.004651458199688558 0)
(0.9345608360011761 -0.003896274688447146 0)
(0.9331266783863441 -0.003143261482833527 0)
(0.9319362241317852 -0.00239579272544379 0)
(0.9308564233018957 -0.001621238984145861 0)
(0.9298187174711532 -0.0008013707784073939 0)
(0.9289828176551005 2.181689632521768e-05 0)
(0.9284541392081835 0.0008627451513786239 0)
(0.9280360423514908 0.001720417942663449 0)
(0.9278224140338638 0.002591385295776476 0)
(0.9278214933593573 0.003485465696327605 0)
(0.9279765172071148 0.004386173832859815 0)
(0.9283450804933606 0.005299810036100583 0)
(0.9289660423745481 0.006241421278343749 0)
(0.9297795347204543 0.007181137891965969 0)
(0.9307946708189742 0.008133636276537182 0)
(0.9321262983766777 0.009120225853247123 0)
(0.9336742205421095 0.01009803685024327 0)
(0.9353782559606725 0.01106781212224342 0)
(0.9374243038380321 0.0120442361846698 0)
(0.9396844100279964 0.01300739699121986 0)
(0.942074153693963 0.01396057065279586 0)
(0.944853349353403 0.01489240667982098 0)
(0.9478216018459338 0.01579275179607803 0)
(0.950910121849542 0.01666364302469098 0)
(0.9543022056423349 0.017498078982529 0)
(0.9579970472749584 0.01828490290230751 0)
(0.9618388212214779 0.01902157569757388 0)
(0.9659292410932958 0.01970130538949236 0)
(0.9701477755776657 0.02030554331121779 0)
(0.9745353746302824 0.02083173095491763 0)
(0.9791427705825878 0.02127280656758163 0)
(0.9838264983605841 0.02162236559313898 0)
(0.9886712904231744 0.02186433089768313 0)
(0.9936191898194562 0.02199742670591484 0)
(0.998628167977645 0.02200918830887348 0)
(1.003581341362945 0.02189896456320906 0)
(1.008562718410112 0.02168266874070436 0)
(1.01349434321505 0.02133184400164223 0)
(1.018407922438991 0.02087919324994902 0)
(1.023293931816844 0.02027388060862559 0)
(1.028110276626689 0.01959204507808001 0)
(1.032614969380202 0.01878901583763204 0)
(1.037033734925512 0.01791655410977579 0)
(1.041293948518571 0.01698337164129102 0)
(1.045306658322981 0.01592930955561087 0)
(1.04915994313438 0.01485194272163785 0)
(1.049612488524419 0.01306264278149885 0)
(1.052976889194955 0.0119431248250333 0)
(1.056091347572569 0.01083809856573572 0)
(1.05889390821729 0.009726422369159181 0)
(1.06154966132623 0.008617961653340171 0)
(1.064029272367714 0.00753933567268616 0)
(1.066171622333759 0.00646410609557638 0)
(1.068059961358436 0.005425042677605406 0)
(1.069680031858562 0.004396306554473595 0)
(1.071085851092948 0.00340560026529246 0)
(1.072285904437151 0.002440010533462087 0)
(1.073274688722314 0.001527717140422544 0)
(1.074074015607776 0.0006443797991266991 0)
(1.074619129884986 -0.0002099193845312707 0)
(1.075036803833256 -0.001026475939264739 0)
(1.075228121555853 -0.001822544729035352 0)
(1.075241328071866 -0.002598580783618327 0)
(1.075095780850274 -0.003351399329287484 0)
(1.074751400999345 -0.00409085099156723 0)
(1.074287889104112 -0.004811133421336294 0)
(1.073618534390711 -0.005525841411820973 0)
(1.072842673514926 -0.006222447019316618 0)
(1.071883706707086 -0.006878382864400252 0)
(1.070721633537234 -0.00750246255123976 0)
(1.06947496181675 -0.008130859816530252 0)
(1.068099288429342 -0.008779211232759399 0)
(1.066532284634147 -0.009338595200277942 0)
(1.064846271629344 -0.009895824685037318 0)
(1.063044507314258 -0.01050121945807784 0)
(1.061066706988204 -0.01100178325023281 0)
(1.058971891185471 -0.01148958066347337 0)
(1.056787540587115 -0.01202472075836985 0)
(1.054418432552864 -0.01245943193912215 0)
(1.051925606690158 -0.01287163043031593 0)
(1.0494012754683 -0.01332199477540864 0)
(1.046686160653085 -0.01367663843594875 0)
(1.043853544788677 -0.01399779357943176 0)
(1.041042685224494 -0.01434247445671567 0)
(1.0380368480437 -0.01460002488476341 0)
(1.034923540226621 -0.01481987499354347 0)
(1.031850847064075 -0.01502207344985076 0)
(1.028667567910787 -0.01518511363628675 0)
(1.025412838155551 -0.0153094485755147 0)
(1.022097527280603 -0.01539514121202124 0)
(1.018727742885034 -0.01544509335184137 0)
(1.015325699129668 -0.01546321321440376 0)
(1.011893711135836 -0.01545187165790578 0)
(1.008437798650406 -0.01540110864394762 0)
(1.004957596784324 -0.0153040512009082 0)
(1.001452446750106 -0.01517608786843588 0)
(0.9979659485034184 -0.01502618699934144 0)
(0.9944819367475305 -0.01484388455535801 0)
(0.9909828316608377 -0.01461243464415457 0)
(0.987494517492864 -0.0143506102879859 0)
(0.9840509980332099 -0.01407790935755889 0)
(0.9806407754024622 -0.01378037419143361 0)
(0.9772510879647218 -0.01343744681268896 0)
(0.973901427937588 -0.01306307840141406 0)
(0.9706365627512535 -0.01267869297444514 0)
(0.9674514859169439 -0.01227983956418325 0)
(0.9643211806546861 -0.01184012397582748 0)
(0.9612248696941579 -0.01136170455677545 0)
(0.9582228541717732 -0.01087121713971339 0)
(0.9553408125011551 -0.01038410445086952 0)
(0.9525431402220732 -0.009871771858245016 0)
(0.9497942715845962 -0.009311517575644388 0)
(0.9471564286073918 -0.008733138980202844 0)
(0.9447022450325582 -0.008175802958373325 0)
(0.9423647154670559 -0.007599014052717292 0)
(0.9400548945968034 -0.006962875771101908 0)
(0.9378573998815135 -0.006305135033855142 0)
(0.9358648841671844 -0.005667887172799426 0)
(0.934032479570679 -0.005020601770356755 0)
(0.9322595069283747 -0.004327405132965248 0)
(0.9305841604367483 -0.003602870454196755 0)
(0.9291388447522938 -0.002883533072981133 0)
(0.9279284905677141 -0.002165888852429889 0)
(0.9268131853557254 -0.001416067704496798 0)
(0.9257440686477363 -0.000631169663661848 0)
(0.9249118300228982 0.00015643803719777 0)
(0.9243629658669339 0.000961387448652009 0)
(0.9239801374934064 0.00178221027573232 0)
(0.9237504931349597 0.002615857861067576 0)
(0.9237168062629991 0.003471539224165821 0)
(0.9239118681845147 0.004329718775374533 0)
(0.9243201545052485 0.005204221556103708 0)
(0.9249195786604963 0.006106408783906838 0)
(0.9257379198281366 0.006998790188314766 0)
(0.9268007997176559 0.007907340147931808 0)
(0.9281057331257407 0.008845421739871137 0)
(0.9296455328783317 0.00977048053951322 0)
(0.9314391840198178 0.01069903914919319 0)
(0.9335015652363992 0.01163250978584401 0)
(0.9357547845408922 0.01254514296157427 0)
(0.9382493868340819 0.01345489001182208 0)
(0.9410666596041107 0.01434227626100625 0)
(0.9440205286506692 0.01519387410803131 0)
(0.9472009457947739 0.01602590607245406 0)
(0.9505979876752293 0.01681620122246609 0)
(0.9543024846058925 0.01756265762479109 0)
(0.9582167946730632 0.01825847770857435 0)
(0.9623125597247856 0.01889506894653767 0)
(0.9665839421320906 0.01946028472963613 0)
(0.9709984456682488 0.01995783059217211 0)
(0.9756008356224892 0.02037295727898839 0)
(0.980370030509075 0.02070039353909759 0)
(0.9852182640270479 0.02091666005846202 0)
(0.9902176418725979 0.02103343839931287 0)
(0.9952410705001771 0.02104217213755948 0)
(1.00024081916112 0.02092923593799058 0)
(1.005206678545082 0.02070827853141017 0)
(1.010174788391302 0.02036432116947944 0)
(1.015077291983484 0.01992839886030276 0)
(1.020010774103974 0.01934552950154627 0)
(1.024887831371774 0.01868907161107796 0)
(1.029417210023554 0.01791726190690231 0)
(1.033833190189128 0.01707940656433351 0)
(1.038102591821127 0.01617884517585965 0)
(1.042158350564285 0.01516954176649061 0)
(1.046054404194552 0.01413597272339424 0)
(1.046341994026732 0.01240604375683894 0)
(1.049749150616411 0.01133581619189798 0)
(1.052906619958974 0.01027352664055989 0)
(1.055743952724269 0.009207018999475285 0)
(1.058440042643768 0.008144500216636125 0)
(1.060957387135649 0.007113187938956209 0)
(1.063123711684584 0.006084601863526098 0)
(1.065070767737442 0.005088215659079502 0)
(1.066709774626525 0.004106666612802084 0)
(1.068173151110407 0.003155970184088365 0)
(1.069394539306128 0.002236197748701137 0)
(1.07043372350784 0.001364136483187882 0)
(1.071219216196582 0.0005142066074365232 0)
(1.071823140249607 -0.0002994266661629289 0)
(1.072250331612147 -0.001083447021792494 0)
(1.07246482757842 -0.001846921168106589 0)
(1.072539079633132 -0.00258543950141847 0)
(1.072391969802682 -0.003309535432013929 0)
(1.072108233350197 -0.004013639622439421 0)
(1.071636007226501 -0.004706579814221668 0)
(1.071012543550709 -0.00538628790096217 0)
(1.070258887510541 -0.006051991965895817 0)
(1.069281043730993 -0.006686375220227296 0)
(1.068145375616533 -0.00728657630216047 0)
(1.066884821213474 -0.007880832434513534 0)
(1.065521721134649 -0.008499312732199516 0)
(1.063990109491527 -0.009041388536561648 0)
(1.062284903593441 -0.009565234628398648 0)
(1.060501964675926 -0.01014253899013619 0)
(1.058530280347986 -0.01062898755199631 0)
(1.056404555327939 -0.0110841705146695 0)
(1.05425278535195 -0.0115918100653894 0)
(1.051869993257465 -0.01201451409488178 0)
(1.049351101424577 -0.01239700132461095 0)
(1.046838931302184 -0.01282327631276882 0)
(1.044100672225516 -0.01316780325591488 0)
(1.04122413035857 -0.01346420369862988 0)
(1.038421732517361 -0.01378689273087944 0)
(1.035403019628766 -0.01403689352945555 0)
(1.032209722294627 -0.01424041762467286 0)
(1.029136666383872 -0.01443187091311451 0)
(1.025914833311825 -0.01458115577709525 0)
(1.022638989058962 -0.01469310598763825 0)
(1.019292010947052 -0.01476956359222375 0)
(1.015897377727649 -0.01481044599116067 0)
(1.012446634448524 -0.01482005581457748 0)
(1.008973610952597 -0.01480309257521901 0)
(1.005471261298675 -0.01474926485746612 0)
(1.001949478710502 -0.01464901092922796 0)
(0.9983968891579013 -0.01451746677197131 0)
(0.9948544074000162 -0.01436735288325451 0)
(0.9913085375077005 -0.01418609986099483 0)
(0.9877614193709061 -0.01395675015214589 0)
(0.9842208557645225 -0.013699889124202 0)
(0.9807227304147076 -0.01343108325273078 0)
(0.9772589703371131 -0.01313956299934152 0)
(0.9738250041265145 -0.01280651095652485 0)
(0.9704287302982635 -0.01244278789346052 0)
(0.967105657553977 -0.01207033555666652 0)
(0.9638633261245466 -0.01168316790625432 0)
(0.9606618038381808 -0.0112560233882844 0)
(0.9575025315744542 -0.0107898448427931 0)
(0.9544385386792681 -0.01031684907332038 0)
(0.9515076243728372 -0.009846032417393305 0)
(0.9486591989276063 -0.009351069541136087 0)
(0.9458704741234483 -0.008810248903626278 0)
(0.943195221891067 -0.008256555588193113 0)
(0.9406997125018197 -0.007718336391770112 0)
(0.9383116354098734 -0.007161227693908624 0)
(0.9359508467676541 -0.006544770598600383 0)
(0.9337050307199039 -0.005911384750142606 0)
(0.9316815159352727 -0.005300070532163376 0)
(0.9298067090500138 -0.0046781526833654 0)
(0.927985577674547 -0.004008504924444444 0)
(0.9262763998740088 -0.00331273920596993 0)
(0.9248183276956046 -0.002627404978654541 0)
(0.9235852170086205 -0.001939051025109024 0)
(0.9224327554614892 -0.001214903893506566 0)
(0.9213407504979421 -0.0004613800938385745 0)
(0.9205233829392389 0.0002894440487111332 0)
(0.919937844329064 0.00105668872998764 0)
(0.9195272466690823 0.001838873299874583 0)
(0.9193250416421324 0.002636787281005657 0)
(0.9193310987095 0.003456984694123992 0)
(0.9195090822550571 0.004272530407791254 0)
(0.91991765101755 0.005108538143242219 0)
(0.9205707131065002 0.005974209527343264 0)
(0.9213963904354174 0.006823451484387406 0)
(0.9224371897782788 0.00768778442314919 0)
(0.9237720089360076 0.008581103957385023 0)
(0.9253391796504662 0.009456402378512453 0)
(0.9271313383996569 0.01033860118031056 0)
(0.9292378502751327 0.01123277609167902 0)
(0.9315332612246896 0.01209785023518584 0)
(0.9340358214881574 0.01295783951924325 0)
(0.9369078143398554 0.01380346168107984 0)
(0.939906142390612 0.01461490313059288 0)
(0.9430928539289716 0.01540566352662888 0)
(0.9466095521187909 0.01615548501021114 0)
(0.9503193516703767 0.01685386519518967 0)
(0.9542869859279718 0.01751067953819569 0)
(0.9584181291141698 0.01811151908120798 0)
(0.9626857070949908 0.01864648321440151 0)
(0.9671848987069152 0.0191143419447009 0)
(0.9717943335901418 0.01949462808666161 0)
(0.9766166523418461 0.01979587502601643 0)
(0.9815033371435903 0.0199999413819526 0)
(0.9865157191353994 0.02010564808777086 0)
(0.9916042205864422 0.0201032843061814 0)
(0.9966300260810897 0.01998290038057745 0)
(1.001635970134035 0.0197646137927177 0)
(1.006583838849443 0.01943089544427364 0)
(1.011539833575472 0.01900660389398236 0)
(1.016487581132668 0.01844081026371006 0)
(1.021433866810465 0.01781243176835739 0)
(1.026018689386035 0.01707141075209881 0)
(1.030428550042159 0.01626432250549118 0)
(1.034708892101131 0.01540018482975775 0)
(1.038823130058832 0.01442860101143118 0)
(1.04276890433773 0.01344137062694382 0)
(1.042866515141293 0.01176908418060983 0)
(1.046328306653471 0.0107398462805538 0)
(1.049548610963518 0.009725284369881237 0)
(1.052428929666109 0.008700614878779723 0)
(1.055143119156573 0.00767997719660508 0)
(1.05769484692244 0.006696220268309037 0)
(1.059915779855934 0.005711503003823657 0)
(1.061884663081224 0.004758080252102436 0)
(1.063563151588667 0.003818653130618193 0)
(1.065068420519591 0.002910748123877902 0)
(1.066322363698734 0.002032401792588326 0)
(1.067391258838874 0.001197649583987884 0)
(1.068211583459092 0.00038669316939602 0)
(1.068861837928891 -0.0003903682596879575 0)
(1.06928797788187 -0.001145182927790023 0)
(1.069560218659595 -0.001872358281323987 0)
(1.069618662134659 -0.002582917516261174 0)
(1.069523982644286 -0.003273561833094051 0)
(1.069246338058635 -0.003946345699023379 0)
(1.068796998093631 -0.00460877494924781 0)
(1.068205744646727 -0.005256152882826309 0)
(1.067444884526335 -0.00589143021367514 0)
(1.066517017794502 -0.006501400423108445 0)
(1.065369400429687 -0.007078861578326755 0)
(1.064124328089893 -0.007643132957022221 0)
(1.06277941768699 -0.00823243028324872 0)
(1.061233048769516 -0.00875773157793013 0)
(1.059550742254506 -0.009246625789767962 0)
(1.057745748044053 -0.009796681063315368 0)
(1.055768636663985 -0.01026846987352766 0)
(1.053648138149228 -0.01069280025823885 0)
(1.05145978778115 -0.0111760322711352 0)
(1.049098408839497 -0.01158272766598238 0)
(1.046575815743318 -0.01193563473963893 0)
(1.044018115338125 -0.01234073800482895 0)
(1.041287152088843 -0.01267250775537619 0)
(1.038389621664422 -0.01294671388280328 0)
(1.035551701719047 -0.01325004874476169 0)
(1.032514160267607 -0.01348832148167323 0)
(1.029283975040813 -0.01367558237230549 0)
(1.026198385302086 -0.01385412448133846 0)
(1.022932749875969 -0.0139905195580484 0)
(1.019612762280246 -0.01409121460292502 0)
(1.016235601285163 -0.01415970028444156 0)
(1.012791507513009 -0.01419089878464845 0)
(1.009299075107449 -0.01419125913168562 0)
(1.005778861577971 -0.01416805313758745 0)
(1.002220193763461 -0.0141116217856709 0)
(0.9986380809077136 -0.01400878526496218 0)
(0.9950407697141228 -0.0138735497562224 0)
(0.9914401544892119 -0.01372147880172585 0)
(0.9878332104790561 -0.01354081587669784 0)
(0.9842315557647091 -0.01331482630352896 0)
(0.9806338284060085 -0.01306136612497635 0)
(0.9770728547396323 -0.01279572761111586 0)
(0.9735455926710651 -0.01251164274910463 0)
(0.9700531356405805 -0.01218684638154064 0)
(0.9665952239110992 -0.01183359837417644 0)
(0.9632062162952162 -0.01146974776041035 0)
(0.9598789648092361 -0.0110930401518999 0)
(0.9566084105989748 -0.01067718205584094 0)
(0.9533887705980888 -0.01022698390654157 0)
(0.9502755783760084 -0.009769296099224736 0)
(0.9472846538616523 -0.009316303000137109 0)
(0.9443872054153005 -0.008837829390392734 0)
(0.9415481261042673 -0.008318860943914383 0)
(0.9388272480042317 -0.007785726218107568 0)
(0.9362713340361668 -0.007266324962813779 0)
(0.9338300481073005 -0.006725199700623468 0)
(0.9314164203465496 -0.006133001125280789 0)
(0.9291248452686458 -0.005522064307582791 0)
(0.9270657435400789 -0.004936415422528293 0)
(0.9251522257281233 -0.004337974315523966 0)
(0.9232781549897552 -0.00369479897601532 0)
(0.9215311355378268 -0.003027272433837427 0)
(0.9200600982036468 -0.002375594264889789 0)
(0.9188082729471001 -0.001715837021817694 0)
(0.9176188781585435 -0.001019726430690946 0)
(0.9165247590659835 -0.0002975646543798196 0)
(0.9157473768694788 0.0004158711422002144 0)
(0.9151693549777048 0.001149574069533729 0)
(0.9147992630624293 0.001896778831784778 0)
(0.9145723169036761 0.002657579552317175 0)
(0.9145599209343788 0.003440526667779288 0)
(0.9147863026477474 0.004216708795438247 0)
(0.915215617539382 0.005015127925361218 0)
(0.9158383142406916 0.005842320724087601 0)
(0.9166908094986165 0.0066500159191356 0)
(0.9177928051608677 0.007475050563449314 0)
(0.9191089333576432 0.008323688814156337 0)
(0.920672922360719 0.009146412094649788 0)
(0.9225214474908168 0.009985476384495862 0)
(0.9246459867616983 0.01083997317064353 0)
(0.9269480386184683 0.01165357180509509 0)
(0.929533754949329 0.01247225420142275 0)
(0.9324319817432056 0.01327517617745309 0)
(0.9354492592506158 0.01404431767312274 0)
(0.9387117718820469 0.01479582839134623 0)
(0.9422523739465225 0.01550069171752315 0)
(0.9460588484529253 0.01616467757982242 0)
(0.9500477299028903 0.01678326868643337 0)
(0.9542113790190256 0.01735102098646939 0)
(0.9585395967582021 0.01785401354619122 0)
(0.9630336925007303 0.01828166096157597 0)
(0.9677346741492784 0.01863986000594631 0)
(0.9725456021126437 0.01892019591836621 0)
(0.9775315508021464 0.01911222038662897 0)
(0.9825553820274722 0.01919791237012299 0)
(0.9877023256192705 0.01918492439261465 0)
(0.9927619674786325 0.01906846344606542 0)
(0.9978250117017986 0.01885338183991693 0)
(1.002781617531489 0.01852173649963935 0)
(1.007765800434059 0.01810577177791638 0)
(1.012741131586643 0.01756326882613161 0)
(1.017728618115037 0.01695696727246747 0)
(1.022385023931858 0.01624722211105615 0)
(1.026820682799078 0.0154723276531083 0)
(1.031122562538103 0.014642773697945 0)
(1.035290759972135 0.01370843834756148 0)
(1.039267339810141 0.01275966510217691 0)
(1.039206568231664 0.01114148449927743 0)
(1.042703229109623 0.01015572734087862 0)
(1.045981048440202 0.00917873101516061 0)
(1.048923366832069 0.00820272667757831 0)
(1.051693587016249 0.00722991838701317 0)
(1.054276139519143 0.006283072361194344 0)
(1.056534295532913 0.005344702325763823 0)
(1.058546198794913 0.004434878493599409 0)
(1.060275260551133 0.0035348430271984 0)
(1.061800229216308 0.002668391746611846 0)
(1.063101598814053 0.001829034558210193 0)
(1.064200423826428 0.001033553714191865 0)
(1.065083404231369 0.0002608252294924146 0)
(1.065720131721271 -0.0004874669763302025 0)
(1.066202922608253 -0.001205313833420895 0)
(1.066463733988495 -0.001904957711418872 0)
(1.066566013257018 -0.002583102492455606 0)
(1.066471844504963 -0.003242467679080544 0)
(1.066213295803681 -0.00388669014012078 0)
(1.06579156429051 -0.004515720420458299 0)
(1.065197807631147 -0.005135386748527166 0)
(1.064469542519442 -0.005739359861783699 0)
(1.063543750689773 -0.006325006829682095 0)
(1.062437869771192 -0.006879237160426191 0)
(1.061179111250906 -0.007415145628225676 0)
(1.059828335988927 -0.007975145196579686 0)
(1.058302456776192 -0.008482509845226227 0)
(1.056575052286276 -0.008940583893017098 0)
(1.054786768331003 -0.009460232989008454 0)
(1.052818049013334 -0.009916661796317703 0)
(1.050650119601329 -0.01031452176040793 0)
(1.048479273199482 -0.01077249253500295 0)
(1.046119563619641 -0.01116487602186957 0)
(1.043549237195507 -0.01149303908944324 0)
(1.040999849516974 -0.01187159602475567 0)
(1.038285219832449 -0.01218955713121499 0)
(1.035315530336906 -0.01244541419198404 0)
(1.032438967900082 -0.01272695336474777 0)
(1.029405051921227 -0.01295312103142494 0)
(1.026133973002637 -0.01312748651921239 0)
(1.022978457262518 -0.01329089183208854 0)
(1.01967009916809 -0.01341378352156906 0)
(1.016304597280565 -0.0135044503030194 0)
(1.01287900784605 -0.01356408706703456 0)
(1.009387734034147 -0.01358599542849618 0)
(1.005848782040066 -0.01357727252953675 0)
(1.002277578288056 -0.01354735081854369 0)
(0.9986599519251972 -0.01348667898321389 0)
(0.9950149799041279 -0.01338138138990876 0)
(0.9913540386386031 -0.01324394488991552 0)
(0.9876931893999246 -0.01308867087694248 0)
(0.9840305160162678 -0.01290829616836474 0)
(0.9803715487994614 -0.01268677192831757 0)
(0.9767173875963948 -0.01243464211356935 0)
(0.9730858135152317 -0.01217225617299687 0)
(0.9694995622727751 -0.0118947679144422 0)
(0.9659360627957774 -0.01157979107517276 0)
(0.962408954916197 -0.01123399533643651 0)
(0.9589420306631959 -0.01087799124432436 0)
(0.9555456342682768 -0.0105113815027103 0)
(0.9522077928059174 -0.0101100675655959 0)
(0.9489444511577554 -0.009674762958187092 0)
(0.9457888962197347 -0.009233364933136499 0)
(0.9427508190295222 -0.008795480720266948 0)
(0.9397929267477003 -0.008335034933477073 0)
(0.9368994615825006 -0.007834661113284513 0)
(0.9341115179572701 -0.007321846474879258 0)
(0.9314980006134992 -0.006820244200240316 0)
(0.9290010229368336 -0.006297881932695022 0)
(0.926546725774861 -0.005726648997979256 0)
(0.9242043391391702 -0.005140285893134327 0)
(0.9221147262196815 -0.00457827869971122 0)
(0.9201706732654473 -0.004005086913029566 0)
(0.9182592031532977 -0.003384814039489481 0)
(0.916479821194838 -0.002747370784458048 0)
(0.9149985896790457 -0.002126667676154111 0)
(0.9137307674160392 -0.001497596646309742 0)
(0.9125111347614239 -0.000828773586857753 0)
(0.9114134924737787 -0.0001420076560458462 0)
(0.9106727671868188 0.0005380629103159151 0)
(0.9100677803880625 0.001237514832629526 0)
(0.9096829814378053 0.001948232229116294 0)
(0.9094932625053103 0.002675444608041889 0)
(0.9094943072741708 0.00342278366141178 0)
(0.9096971339799271 0.004158711414149554 0)
(0.9101285794989269 0.004921669764451655 0)
(0.9107955986680648 0.005713814720466967 0)
(0.9116746908760078 0.006479453915917826 0)
(0.9127740108277562 0.0072636746696573 0)
(0.9141445615204096 0.008073323191744794 0)
(0.9157581289083745 0.008848379998029593 0)
(0.9175983138404283 0.009640948377446433 0)
(0.9197482888953149 0.01045539243359251 0)
(0.9221161699018221 0.01122336324887973 0)
(0.9247282905140017 0.01199794869799384 0)
(0.9276665057551836 0.01276084125680557 0)
(0.9307444975799577 0.01348989045634616 0)
(0.9340274525443681 0.01419735826331345 0)
(0.9376726384960363 0.01486432660018957 0)
(0.9414998604646707 0.0154896443476657 0)
(0.9455611807451182 0.01607496234610252 0)
(0.9497608413955174 0.01660860457303057 0)
(0.9541234002137984 0.01707635427792552 0)
(0.958682148381605 0.01748024851308682 0)
(0.9633805289643069 0.01781181374957909 0)
(0.9682734136166158 0.0180718582393672 0)
(0.9732487608690028 0.0182380380857101 0)
(0.9783756336371077 0.01831542709828051 0)
(0.983527786595171 0.01829915883397541 0)
(0.9886955543673088 0.01818134576167122 0)
(0.9937727601815967 0.0179622798961108 0)
(0.9988078495374029 0.01763687498353113 0)
(1.003781215427658 0.0172344164161958 0)
(1.00880684939564 0.01671302908700002 0)
(1.013849874226653 0.01612745745887972 0)
(1.018538804165368 0.0154455103337605 0)
(1.022995141555766 0.01470456205625328 0)
(1.027319591499937 0.01390620080030068 0)
(1.03154907931819 0.01301041582621597 0)
(1.035587052178171 0.01210002533908879 0)
(1.03542179476654 0.01053245529898621 0)
(1.038965245790315 0.009584375091067028 0)
(1.042293068347487 0.008650561380415514 0)
(1.045291706678292 0.00771354882678919 0)
(1.048098237324935 0.006783428068026697 0)
(1.050710010088066 0.005883578592064866 0)
(1.052985313219769 0.004984057358922427 0)
(1.055053633782514 0.004112823427494901 0)
(1.056811692397087 0.003257215231033671 0)
(1.058405861320596 0.002427859224158292 0)
(1.059735566407525 0.001627900800121425 0)
(1.060872344401272 0.0008656286297294067 0)
(1.061753543405739 0.0001268373080930743 0)
(1.062460534926675 -0.0005803083014958553 0)
(1.062932244762888 -0.001270838052544196 0)
(1.063235267358632 -0.001937817445945139 0)
(1.063338252531731 -0.002585730529228902 0)
(1.063277187251987 -0.00321609971715043 0)
(1.063023123646923 -0.003829484590157517 0)
(1.062609574750014 -0.004430950185962031 0)
(1.062030916653222 -0.005019716941969409 0)
(1.061296411561333 -0.005596287501037201 0)
(1.060414670305266 -0.006156159214821007 0)
(1.059279805734495 -0.006688546757816681 0)
(1.05804167236726 -0.007197062678925346 0)
(1.056677565345053 -0.007726262492022067 0)
(1.055129685584485 -0.008214169850884169 0)
(1.05341018089299 -0.008647596122858071 0)
(1.051606665307868 -0.009138800307785702 0)
(1.049638351759402 -0.009576937374371645 0)
(1.047484374225359 -0.00995304460550589 0)
(1.045274633072835 -0.01038272749805784 0)
(1.042903866361792 -0.01075896698602833 0)
(1.040332946041236 -0.01106786663668708 0)
(1.037746157135781 -0.01141652743831133 0)
(1.034984231514784 -0.01171999787743806 0)
(1.032005573319315 -0.01195875198023902 0)
(1.029096994364512 -0.01221582938226321 0)
(1.026030180599158 -0.01242996126598451 0)
(1.022694271193459 -0.01259005721977454 0)
(1.019496482128835 -0.01273884294568146 0)
(1.01613044808556 -0.01284880191471339 0)
(1.012709816045813 -0.012929082780476 0)
(1.009215317423501 -0.0129798768283065 0)
(1.005678317245005 -0.01299293646845861 0)
(1.002078549473804 -0.01297523873621355 0)
(0.9984388967078716 -0.01293773644818155 0)
(0.9947583893916552 -0.0128717580353933 0)
(0.9910445426992875 -0.01276293537295103 0)
(0.9873040483845035 -0.01262414814454364 0)
(0.9835772522883867 -0.01246762374079972 0)
(0.9798445039004851 -0.01228768190970242 0)
(0.976116926746186 -0.01206873310119652 0)
(0.9723840414734466 -0.01181830530005691 0)
(0.9686867490197091 -0.01155931892267161 0)
(0.965025498298905 -0.01128729950711767 0)
(0.9613902715758544 -0.01097996897486775 0)
(0.9577827483539231 -0.01064210006034047 0)
(0.9542425774217835 -0.01029416926314837 0)
(0.9507813929329468 -0.009938461528403239 0)
(0.947384225505415 -0.00955236269260345 0)
(0.944053596392942 -0.009135148637473925 0)
(0.9408362477271792 -0.008708423114165465 0)
(0.9377440278450114 -0.008285149811075089 0)
(0.9347261895869217 -0.00784004983895879 0)
(0.9317607992484579 -0.007357624922973857 0)
(0.9289152727581258 -0.006863933903234247 0)
(0.9262449819086163 -0.00638196989380658 0)
(0.9237006409348453 -0.005879108198364507 0)
(0.9212036808688122 -0.005330154261248912 0)
(0.9188325505128689 -0.004767043144133357 0)
(0.9167133155582319 -0.004229225077535734 0)
(0.9147514344219443 -0.003680195325469684 0)
(0.9128106060588951 -0.003084465565439362 0)
(0.911012478955612 -0.00247292398295775 0)
(0.9095397682756403 -0.001886236630227711 0)
(0.9082755271757654 -0.001285102456475616 0)
(0.9070345166181 -0.0006470345382770344 0)
(0.9059308604556726 8.407309256531563e-06 0)
(0.9052197347962712 0.0006531562645202462 0)
(0.9046239093250277 0.001321597235986133 0)
(0.9042597761984263 0.001999275333251218 0)
(0.9040408544757812 0.002692379781104634 0)
(0.9040404466163836 0.00340376204961585 0)
(0.9042863495998811 0.004104680712880148 0)
(0.9047379925878782 0.004832198856509849 0)
(0.9053940074669038 0.005582626255456938 0)
(0.9063126299295587 0.006308371344210827 0)
(0.9074793171562067 0.007055593909827466 0)
(0.9088686252416726 0.007822469259166721 0)
(0.9104986767691321 0.008551546995239932 0)
(0.912398509852593 0.009304457802219064 0)
(0.9145836377351576 0.01007724987209152 0)
(0.9169644249151099 0.01079688047570442 0)
(0.9196483887801921 0.01153221867962006 0)
(0.9226477357010829 0.01225555469720844 0)
(0.9257356911613666 0.01293881988731714 0)
(0.9291130568503339 0.01360933481248294 0)
(0.932787420455333 0.01423881698610245 0)
(0.9366941314251751 0.01483172236619739 0)
(0.9408029365070965 0.01538019631055004 0)
(0.9450500364251748 0.01587983402643112 0)
(0.9494957882268703 0.01632264677069927 0)
(0.9540801933328771 0.01669908131847618 0)
(0.9588507601065335 0.01700823787560357 0)
(0.9637341176947279 0.0172382052215424 0)
(0.9687892509145577 0.01739040130710023 0)
(0.973927696388393 0.01745751135979974 0)
(0.9791801957920199 0.0174348456234687 0)
(0.9843872037458272 0.01730850696595685 0)
(0.9895534633898123 0.01709334662047991 0)
(0.9945946410664762 0.01678037094539016 0)
(0.9996460919045401 0.01638864213589706 0)
(1.004678266910931 0.01588189912980269 0)
(1.009782461756673 0.01531823363846718 0)
(1.014542846311675 0.01466323854736553 0)
(1.019028994757154 0.01395070717104282 0)
(1.023390326673685 0.01318761378126185 0)
(1.027693123542775 0.01232661130940166 0)
(1.031769701107121 0.01145283123814541 0)
(1.03149570427602 0.009933630499831484 0)
(1.035070046563723 0.009024596855856187 0)
(1.038441683137057 0.008135073596290059 0)
(1.041481784552957 0.007235662949676176 0)
(1.044342444861978 0.006350325912781303 0)
(1.046998779684335 0.005486901198173736 0)
(1.049326775484289 0.004629898764843658 0)
(1.051415681756499 0.003800287788956144 0)
(1.053227739664993 0.002979208303223241 0)
(1.054848536364908 0.002190336102378463 0)
(1.056232016097885 0.001427031365238213 0)
(1.057382371695565 0.0007030844337993771 0)
(1.058321714815875 7.188119359466241e-07 0)
(1.059012269029423 -0.0006795989277090051 0)
(1.059538196318969 -0.001334251020101147 0)
(1.059824310164731 -0.001974002789684068 0)
(1.059969446318253 -0.002591101388769342 0)
(1.059896289060752 -0.003192581696356761 0)
(1.059675007869971 -0.003777799327068406 0)
(1.059263200079052 -0.004349961210004949 0)
(1.058693671244863 -0.004910759359114584 0)
(1.057964288368193 -0.005459488246986301 0)
(1.057069022270059 -0.005992200885026664 0)
(1.055960182824573 -0.006502809740539642 0)
(1.054681711950505 -0.006988445736360862 0)
(1.053331233829355 -0.007484405447739815 0)
(1.051789395393879 -0.007952332382277778 0)
(1.050029921877817 -0.008366248671682518 0)
(1.048236693858674 -0.008826826469861097 0)
(1.046268081791573 -0.009247553587255854 0)
(1.044076779152505 -0.009604018089657305 0)
(1.041849876945877 -0.01000375408668434 0)
(1.039484528917224 -0.01036311976667484 0)
(1.036851538767022 -0.0106526585602015 0)
(1.034227864987229 -0.01097425038091485 0)
(1.031475394504655 -0.01126068574883233 0)
(1.028450263766131 -0.01148300261929736 0)
(1.025458801307366 -0.01171809303657457 0)
(1.022373661637082 -0.011918389399576 0)
(1.0190168033059 -0.01206459899649815 0)
(1.015763231082552 -0.0121977136679445 0)
(1.012346305021699 -0.01229488999722086 0)
(1.008846939784602 -0.01236334733058061 0)
(1.005294345681071 -0.01240698780893763 0)
(1.001673472030033 -0.01241095945568287 0)
(0.9980062443478084 -0.01238465149143771 0)
(0.9942985467311347 -0.01233955671373502 0)
(0.9905481640239771 -0.01226729601217455 0)
(0.9867627589143664 -0.01215537641942473 0)
(0.9829512123490369 -0.01201501547256389 0)
(0.9791439377586317 -0.01185742645573619 0)
(0.9753365289890343 -0.01167765503693047 0)
(0.9715197439194455 -0.01145996551038509 0)
(0.9677122571078629 -0.01121307465253379 0)
(0.9639406804255914 -0.01095738515188713 0)
(0.9602063505520181 -0.01069058287668372 0)
(0.9564951521802677 -0.01038985176241647 0)
(0.9528091595646113 -0.01005964889971108 0)
(0.9492053187808897 -0.009721817509610108 0)
(0.9456838753747655 -0.009377643801448291 0)
(0.9422295561702739 -0.009005459393640274 0)
(0.9388272616765849 -0.00860313782745185 0)
(0.9355368777820076 -0.008191853922975657 0)
(0.9323762531764884 -0.007783000890479813 0)
(0.9292936559993362 -0.00735162229447049 0)
(0.9262654521306372 -0.00688628221721561 0)
(0.9233580025143815 -0.006412244526751988 0)
(0.9206373689495654 -0.005950523659719063 0)
(0.9180381254290675 -0.005467506249084244 0)
(0.9154958017809276 -0.004940055100789532 0)
(0.9131032905033085 -0.004402590000889938 0)
(0.9109618829861295 -0.003887478838867623 0)
(0.9089771488685824 -0.003361751616053143 0)
(0.9070161631721766 -0.002790694868910188 0)
(0.9052076888364547 -0.002208281455211278 0)
(0.9037527273889275 -0.001652089226810091 0)
(0.9024860592349726 -0.001080945660866522 0)
(0.9012238091897835 -0.0004688945921820578 0)
(0.9001048022905077 0.0001536852818609058 0)
(0.8994116029899921 0.0007659505567409149 0)
(0.8987942545440369 0.001402152102214576 0)
(0.8984311678706363 0.002046756098510501 0)
(0.8982542621357098 0.002707431210074004 0)
(0.8982846099141824 0.003383588267180989 0)
(0.8985258342899569 0.004047681455400405 0)
(0.8989885680434222 0.004738406856816028 0)
(0.8997113373230139 0.005449029075559164 0)
(0.9006892021142106 0.006137713275003634 0)
(0.9018612777613826 0.006846957842145925 0)
(0.9032900741008588 0.007572099269775757 0)
(0.9049945871220375 0.008262232399396297 0)
(0.906922048804405 0.008975612591544006 0)
(0.9091270785036091 0.009702745779427844 0)
(0.9115870974092066 0.01038262231139687 0)
(0.9143354564857067 0.0110781921980311 0)
(0.9173422488321932 0.01175801061432314 0)
(0.9205124645364863 0.01240391624133024 0)
(0.9239279559082817 0.01303420791965125 0)
(0.9276725041153147 0.0136283037175152 0)
(0.9316341026328008 0.01418415203677143 0)
(0.9357860539075451 0.01469912927597 0)
(0.9401147927315522 0.01517021845052922 0)
(0.9445880940757099 0.01558329958815016 0)
(0.9492761738739564 0.01593985330716289 0)
(0.9540647845143109 0.01621966551193372 0)
(0.9590458183438959 0.01643331713364209 0)
(0.9641160105288438 0.01656707821398073 0)
(0.9693409655914287 0.01662159873788774 0)
(0.9746115249869682 0.01658536706675081 0)
(0.9799205140272415 0.0164593922362269 0)
(0.9851094896210117 0.01625006666154651 0)
(0.9902398305204176 0.01594454762838477 0)
(0.9952982377152189 0.01556120416042108 0)
(1.000397589356879 0.01507354435551542 0)
(1.005556415745879 0.01452952762450299 0)
(1.010375670018319 0.01390341382531223 0)
(1.014911712132041 0.01322196181761818 0)
(1.019315207703435 0.01248704123323028 0)
(1.02368269515953 0.0116640071744399 0)
(1.027809001245912 0.01082583357837742 0)
(1.027438588761106 0.009354282694179565 0)
(1.031045647557379 0.008480866676445738 0)
(1.034454090383444 0.007626177749096847 0)
(1.03753616792669 0.006769164404052416 0)
(1.040426007223898 0.005921753326789164 0)
(1.043128660494569 0.005103129497028965 0)
(1.045486496487441 0.004282322766345053 0)
(1.047633683892695 0.003488949606313356 0)
(1.049471388536963 0.002708791133666738 0)
(1.051151472670057 0.001955137973620607 0)
(1.05254109898055 0.001229826074733671 0)
(1.053738569557858 0.0005378243357694972 0)
(1.05467220027397 -0.0001316712615673363 0)
(1.05542384025154 -0.0007743372326068861 0)
(1.055933624163937 -0.001401283316235526 0)
(1.056267022385925 -0.002009279376300964 0)
(1.056392338742072 -0.002599730785295834 0)
(1.056360583679991 -0.003171692176203896 0)
(1.056122824893483 -0.003729631458208191 0)
(1.055741766411454 -0.004273857609802375 0)
(1.05516897041498 -0.004807760952619191 0)
(1.054442233578015 -0.005326448170747166 0)
(1.053548402363963 -0.00583216587477571 0)
(1.052407295117432 -0.006320795236784476 0)
(1.051149362186423 -0.006787324810652503 0)
(1.049760941630369 -0.007254528672200914 0)
(1.048224271797841 -0.0076997605724567 0)
(1.046473276577116 -0.00809350129369747 0)
(1.044643369673241 -0.008525562491181944 0)
(1.042665779257381 -0.008927397478281964 0)
(1.040468349912108 -0.00926290455078008 0)
(1.038191175521359 -0.009633844372725915 0)
(1.035773669968946 -0.009975533417611463 0)
(1.033127381970056 -0.01024746001967968 0)
(1.030480879549701 -0.01054150230746092 0)
(1.027671710581871 -0.01081087503991447 0)
(1.02459920714598 -0.01101671257623722 0)
(1.021561469096613 -0.0112311139969672 0)
(1.01846230395542 -0.01141797080094696 0)
(1.015025719977626 -0.01154963391764554 0)
(1.011687124945444 -0.01166682971825027 0)
(1.008193905821066 -0.01174962029205664 0)
(1.004630711195015 -0.01180674791570704 0)
(1.000986898549892 -0.01183980675634481 0)
(0.9972871812110848 -0.01183693547144954 0)
(0.993538259156888 -0.01180393973882648 0)
(0.9897562282346326 -0.0117512417366508 0)
(0.9859293493639127 -0.01167282588568179 0)
(0.9820720439487216 -0.01155783409767763 0)
(0.9781856825321579 -0.0114151075376028 0)
(0.9742985551835559 -0.01125605698555312 0)
(0.9704045684518081 -0.01107473800036369 0)
(0.9665004016124654 -0.0108590680815476 0)
(0.9626103009743349 -0.01061575616817171 0)
(0.958760516495178 -0.01036441321731744 0)
(0.9549494794257147 -0.01010187382515062 0)
(0.9511570170163285 -0.00980761874260442 0)
(0.9474073739640141 -0.009486442754665023 0)
(0.9437311266455793 -0.009159280768799172 0)
(0.9401464707029176 -0.008825503575679697 0)
(0.9366190016193577 -0.008466062521145071 0)
(0.9331424482851634 -0.008077164472961227 0)
(0.9297732875003757 -0.007681382955819861 0)
(0.9265429157512834 -0.007287317789358127 0)
(0.923398865120443 -0.00687162389347534 0)
(0.9203180475806744 -0.006422317839351011 0)
(0.9173669835029847 -0.005968663484738124 0)
(0.914599953139672 -0.005526042676290626 0)
(0.9119504582697611 -0.005063138919143809 0)
(0.9093763115164307 -0.004559272055789983 0)
(0.9069606100284345 -0.004047493801780396 0)
(0.904808073864374 -0.003555455349189229 0)
(0.9028026866119712 -0.003051569532210636 0)
(0.9008386826411994 -0.002507799395685467 0)
(0.8990343708791209 -0.001954331140109883 0)
(0.8975762571989934 -0.001426102001739562 0)
(0.8963096587642547 -0.0008831247447821393 0)
(0.8950251859363059 -0.0002973763279801519 0)
(0.8939024070426784 0.0002956912149488617 0)
(0.8932432673121056 0.000874027109853537 0)
(0.8926393611816167 0.001477728636229619 0)
(0.8923046221254536 0.002090061528723001 0)
(0.8921221653296045 0.002717139684502202 0)
(0.8921697990710065 0.003358247895348773 0)
(0.8924743034149591 0.003990105932213184 0)
(0.8929913104765248 0.004646524204233778 0)
(0.8937218292435376 0.005313876578643266 0)
(0.8947420833101636 0.005964227146070823 0)
(0.8959836112368138 0.006641018601093164 0)
(0.8974622739605734 0.007325972447356984 0)
(0.8991916223993266 0.007972855095683119 0)
(0.9011797160075554 0.008649511110444836 0)
(0.9034504394238098 0.009333547335383639 0)
(0.9059637907833895 0.009972019633986346 0)
(0.9087494480350367 0.01062815962419484 0)
(0.9118246456246278 0.01126950167954991 0)
(0.9150289858357409 0.01187630385804059 0)
(0.9185201320479899 0.01247007135266718 0)
(0.9223286404931639 0.01303060384384019 0)
(0.9263312832593855 0.01355154629575391 0)
(0.9305558722908763 0.01403519255032159 0)
(0.9349064957322913 0.01447485783289116 0)
(0.9394769118352668 0.0148632936156669 0)
(0.9441991025743393 0.0151901684245934 0)
(0.9490958452568611 0.01545261197448541 0)
(0.9541185453589889 0.01564581132170697 0)
(0.9592835676141886 0.01576515182349246 0)
(0.9645410299575314 0.01580315428046719 0)
(0.9698987911672466 0.0157605723818676 0)
(0.9752472001157134 0.0156349046174885 0)
(0.9805220271509905 0.01542717154415695 0)
(0.9856752995804268 0.01512571521303133 0)
(0.9908085312129722 0.01475685607400417 0)
(0.9959367114769069 0.01428609152818005 0)
(1.0011667406696 0.01376139215897639 0)
(1.006058109273337 0.01315941897148494 0)
(1.010657048348119 0.01250540406059 0)
(1.015114139785509 0.01180252304822018 0)
(1.019532154974078 0.01101445744486374 0)
(1.023703310961068 0.01021045511382621 0)
(1.023214516548818 0.008784917237280337 0)
(1.026851380101805 0.007950892535265321 0)
(1.030295308986023 0.007127969236054016 0)
(1.033409818113922 0.006310592036963209 0)
(1.036349932999076 0.005504087624113163 0)
(1.039094191014113 0.004719131711616465 0)
(1.041486147125065 0.003941291382619684 0)
(1.043680859190941 0.003187284675330013 0)
(1.045562348206319 0.002440791744696405 0)
(1.047252675255902 0.00172327372400599 0)
(1.04868746706642 0.001033568134933265 0)
(1.049900652809698 0.0003781498221460933 0)
(1.050871642811658 -0.0002590690244644604 0)
(1.051622787265089 -0.0008729067511183428 0)
(1.05217908546716 -0.001465589437300686 0)
(1.052501354552485 -0.002046437896104894 0)
(1.052658133977044 -0.00260892721828787 0)
(1.052613672730581 -0.003154485611823137 0)
(1.05241013833841 -0.003684279803965093 0)
(1.051999913105599 -0.004203022405805843 0)
(1.051452993900466 -0.004707813179859597 0)
(1.050701852081989 -0.005200858659538959 0)
(1.049805496141839 -0.005676072651872845 0)
(1.048679218048416 -0.006142253807096938 0)
(1.047392553335587 -0.006589633308074428 0)
(1.046015438517495 -0.007028628795576052 0)
(1.044452483393166 -0.007454329971017109 0)
(1.042672235573766 -0.007827968421352504 0)
(1.040834577073053 -0.008230073452158496 0)
(1.038824706309846 -0.008613030543881229 0)
(1.03656866072408 -0.008928184683983813 0)
(1.034263571435749 -0.009271364203951213 0)
(1.031842869498796 -0.009596622677824532 0)
(1.029122799503048 -0.009850591284817014 0)
(1.026391089525205 -0.01012106017994057 0)
(1.023567945630936 -0.01037087206614125 0)
(1.020469716634051 -0.01055939835818882 0)
(1.017353986647376 -0.01075297118399774 0)
(1.014170025613196 -0.01092431159838654 0)
(1.010671819268531 -0.01104101691844577 0)
(1.007261026824698 -0.01114337134789178 0)
(1.003698293985182 -0.01121337676456662 0)
(1.000053851916029 -0.01125692192664702 0)
(0.9963283341788201 -0.01127888636502469 0)
(0.9925388476517496 -0.01126942721549963 0)
(0.9887062733657312 -0.01123119512898719 0)
(0.9848412168446503 -0.01117099863084598 0)
(0.9809349131596394 -0.01108738603519407 0)
(0.9770028241759342 -0.01096961555853426 0)
(0.9730300361603968 -0.01082387754601587 0)
(0.9690579900449846 -0.01066275574323308 0)
(0.9650671286294313 -0.01047927405214502 0)
(0.9610817448595216 -0.01026619769242997 0)
(0.9571029236239985 -0.01002769269386784 0)
(0.9531791153312315 -0.009780718424104629 0)
(0.9492785788931761 -0.009521416309733764 0)
(0.9454111859630141 -0.009234339857367713 0)
(0.9415861520687931 -0.008923956956106 0)
(0.9378404515557131 -0.008605976284682204 0)
(0.9341786442290508 -0.008283303559201672 0)
(0.9305740716385994 -0.007933661335487219 0)
(0.9270189737898209 -0.007558975850516361 0)
(0.9235817260700319 -0.00717746285640296 0)
(0.9202844411141132 -0.0068000140432505 0)
(0.9170837983377615 -0.006399589841225212 0)
(0.9139530369876583 -0.005968919543507185 0)
(0.9109662671360474 -0.005534058867889828 0)
(0.9081627736825101 -0.005110958823764845 0)
(0.905482333774992 -0.004667388446250623 0)
(0.9028725889780531 -0.004188128981892627 0)
(0.90043942225033 -0.003701657057265265 0)
(0.8982724922137038 -0.003233862455922105 0)
(0.8962549722987729 -0.002751918748759084 0)
(0.8942802780917865 -0.002233679898432829 0)
(0.8924771251080108 -0.00170848171051861 0)
(0.8910183347449084 -0.001207273748739671 0)
(0.8897378021891428 -0.0006901970164167851 0)
(0.8884660133509221 -0.0001326935941877565 0)
(0.887362305382436 0.0004302058169660301 0)
(0.8867401040368103 0.0009762459336607718 0)
(0.8861323355591295 0.001548159044468416 0)
(0.8858163783254432 0.002127710693201163 0)
(0.8856824535441363 0.002723473942526151 0)
(0.8857859025881463 0.003330734695530595 0)
(0.8861105748018168 0.003926756780827718 0)
(0.8866522378947337 0.004546365405593143 0)
(0.8874517736267551 0.005175599787166328 0)
(0.8885494748754115 0.005790913817177629 0)
(0.8898164339402972 0.006434212705024918 0)
(0.8913401662232099 0.007078096076337271 0)
(0.8931577116069929 0.007687824086015449 0)
(0.8952171807844498 0.008329776811855562 0)
(0.8975062630972758 0.008969072798763968 0)
(0.9000899518115617 0.009567830376538286 0)
(0.9029542474757913 0.0101887003050579 0)
(0.9060628508338711 0.01079057927237678 0)
(0.9093334163848602 0.01136150731853593 0)
(0.9129028629956812 0.01191843448618636 0)
(0.9167439165094671 0.01244242407050787 0)
(0.9208321808354044 0.01293330303222348 0)
(0.925068313449569 0.01338465007925155 0)
(0.9295129422220557 0.01379655437232503 0)
(0.9341273478613272 0.01415527183763362 0)
(0.9389405174829893 0.01445908102341552 0)
(0.9439001780102895 0.01469987360122359 0)
(0.9490165177977967 0.01487653368472475 0)
(0.9542413235583014 0.0149774915883038 0)
(0.9595771000043826 0.0150050769852458 0)
(0.9649778305483084 0.0149566187973005 0)
(0.970410029304106 0.01483031795181817 0)
(0.9757168356436048 0.01462262127692713 0)
(0.9809534267029731 0.01432956582485224 0)
(0.9861429320824328 0.01397277926859647 0)
(0.9913337224077634 0.01351708424473459 0)
(0.9966316768840151 0.01301209571269159 0)
(1.001561327300273 0.0124311575245932 0)
(1.006220018931086 0.01180690050186285 0)
(1.010738600218349 0.01113375396947252 0)
(1.015213922215966 0.01038097034448138 0)
(1.019436598349624 0.009612627574429378 0)
(1.018848595559348 0.008232685195136948 0)
(1.022529182527433 0.007433518158346443 0)
(1.026018821025341 0.006648698643550418 0)
(1.029163244520728 0.005865533851966402 0)
(1.032120880217389 0.005092622680800588 0)
(1.034896277873335 0.004346993313641759 0)
(1.037336593244778 0.003605382451261113 0)
(1.039552215300267 0.002886979637502194 0)
(1.04147394303406 0.002179096449363783 0)
(1.043197845061646 0.001497502182054595 0)
(1.044641496744009 0.0008424032412192768 0)
(1.045871578102799 0.0002168411745984847 0)
(1.046872812726796 -0.0003871770522539439 0)
(1.047648640215418 -0.0009679532071281624 0)
(1.048217660717309 -0.001532936443256912 0)
(1.048569868110802 -0.002083014636686809 0)
(1.048728705033928 -0.002619405574060754 0)
(1.048695391493893 -0.00313822478754776 0)
(1.048475918181918 -0.003642265318619875 0)
(1.048083656973049 -0.004133191230938487 0)
(1.047496951682391 -0.004613774834463981 0)
(1.046770005046846 -0.005075547395524372 0)
(1.045838265326834 -0.005525897692539103 0)
(1.044725082333808 -0.005968678735976012 0)
(1.043429836458107 -0.00639646989411822 0)
(1.042016802285446 -0.006811151993035982 0)
(1.040456089192755 -0.007214921927411981 0)
(1.038637000440877 -0.007568502037389827 0)
(1.036731883792304 -0.007943192955117832 0)
(1.03470863598975 -0.008304518471923013 0)
(1.032434704767883 -0.008599317518467372 0)
(1.030055683317857 -0.008915776423581424 0)
(1.027568984574619 -0.009222292332508659 0)
(1.024817491424485 -0.009457682396834248 0)
(1.022036334734973 -0.009704651536034881 0)
(1.019144156671108 -0.009938027349847129 0)
(1.015956109366116 -0.01010979727272249 0)
(1.012764288602648 -0.01028362078652373 0)
(1.009539881974616 -0.01043820192603742 0)
(1.005984933623608 -0.01054134593700222 0)
(1.002490828351583 -0.01062936770686044 0)
(0.9988380137104464 -0.01068588042579527 0)
(0.995102774249033 -0.01071588369909397 0)
(0.9912955016228329 -0.0107274834492001 0)
(0.9874241068699681 -0.01071209127617658 0)
(0.9835022095829181 -0.01066816870430273 0)
(0.979540648398093 -0.01060123430768655 0)
(0.9755488940976623 -0.01051258254510453 0)
(0.9715206833521799 -0.01039097102384398 0)
(0.9674599139074606 -0.01024226837043359 0)
(0.9633834218688276 -0.0100779735461215 0)
(0.9593032187818048 -0.009893658940752418 0)
(0.9552250223826588 -0.009683348046598634 0)
(0.9511754094935441 -0.009450467073115788 0)
(0.9471532538750902 -0.009206507419599368 0)
(0.9431687552048188 -0.008950639662781822 0)
(0.939216421149934 -0.008671760339315028 0)
(0.9353209020559378 -0.008370826997298401 0)
(0.9314913122868933 -0.008062336208017327 0)
(0.9277495071825173 -0.007748701188136049 0)
(0.9240630033946343 -0.007410651574138917 0)
(0.9204421023450218 -0.007048100952944495 0)
(0.9169438008281425 -0.006683664023965025 0)
(0.9135852854490976 -0.006320814322192062 0)
(0.9103234593678284 -0.005937834999462349 0)
(0.907149738834321 -0.005524693939316913 0)
(0.904124722905693 -0.005110536566617061 0)
(0.901300542019267 -0.004706040709590833 0)
(0.8985891876483137 -0.004282747083577327 0)
(0.8959549763458561 -0.003825326220917088 0)
(0.8935059780372886 -0.003365852247314882 0)
(0.8913278207636106 -0.002921985658381306 0)
(0.8892945722223057 -0.002462547283348098 0)
(0.8873102341320079 -0.001967879909892784 0)
(0.8855176869036082 -0.00147130592121881 0)
(0.8840619434488385 -0.0009966648972504623 0)
(0.8827855201215469 -0.0005062090759393195 0)
(0.8815292724685232 2.274190770608197e-05 0)
(0.8804760523060479 0.0005544540011809925 0)
(0.8798807280875564 0.001070792756434388 0)
(0.8793080164911461 0.001611839466340935 0)
(0.8790399842063922 0.002160537445780079 0)
(0.8789052480542304 0.002723863261360782 0)
(0.8790308547404794 0.003295287947836854 0)
(0.8794397424800605 0.003858549478361712 0)
(0.8800601775926338 0.004446167221105829 0)
(0.8809057485856486 0.005037055880430398 0)
(0.8820320686708363 0.005614555828825881 0)
(0.8833730257499292 0.00622517535932743 0)
(0.8849808323124823 0.006829865142401852 0)
(0.8868761788357888 0.007402288156563266 0)
(0.8889585012007469 0.008008132617237677 0)
(0.8913285495253449 0.008607043651658913 0)
(0.8940001912569315 0.009169821974313383 0)
(0.8969166928454491 0.009755532216516337 0)
(0.90006950169113 0.01031827791663149 0)
(0.9034297116214538 0.01085627531138243 0)
(0.9070384670667508 0.01137576839161704 0)
(0.9109626906467774 0.01186915755196718 0)
(0.9150900324999774 0.01232757938169339 0)
(0.9194022082345904 0.01274822943047712 0)
(0.9239107047152978 0.01313054096091987 0)
(0.9286048735637303 0.0134616115387588 0)
(0.9334950205894756 0.013741922153464 0)
(0.9385276160281112 0.01396314060541865 0)
(0.943726384625645 0.01412218073301035 0)
(0.9490176941214191 0.0142080282456538 0)
(0.95442688552336 0.01422765699704636 0)
(0.9598882900763358 0.01417335572519083 0)
(0.9653847969830537 0.01404378229546801 0)
(0.9707660822270747 0.01383848798646218 0)
(0.9760562399194953 0.01355216178425401 0)
(0.9813168699472565 0.01320677373871025 0)
(0.9865758317102935 0.01276724194735774 0)
(0.9919154203493727 0.01227743500200529 0)
(0.9969178986728753 0.01172141553117577 0)
(1.001635401499086 0.01112275717274795 0)
(1.006223869297634 0.01047902904704142 0)
(1.010755057343717 0.009762816633680657 0)
(1.015021897258137 0.009025914277922552 0)
(1.014326641629102 0.00769301228543905 0)
(1.018053501552956 0.006930485485796054 0)
(1.021580245499085 0.006179807869811794 0)
(1.024764872799222 0.00543154080846906 0)
(1.027760074358979 0.004693624551657857 0)
(1.030557368438119 0.003981849869958545 0)
(1.033008606916478 0.003277390293818848 0)
(1.035274028773184 0.002594996927143358 0)
(1.037208291217741 0.001924550174513372 0)
(1.038953008940418 0.0012754864602337 0)
(1.040410743199515 0.0006535083443255093 0)
(1.041672016757986 5.937261947193913e-05 0)
(1.042678345555952 -0.0005149420555196915 0)
(1.043504445724517 -0.00106384761739765 0)
(1.044080174393672 -0.001598812946739427 0)
(1.044461272067114 -0.002120973267247661 0)
(1.044609287534137 -0.002629456856703913 0)
(1.044573485497089 -0.003122516953498672 0)
(1.044349933080691 -0.003600607864455841 0)
(1.043944811202544 -0.004066718035565196 0)
(1.043350549306792 -0.004518392111641381 0)
(1.042579134715714 -0.004957060604997058 0)
(1.041655126185032 -0.005380493006169637 0)
(1.040510170956432 -0.005799352064922833 0)
(1.03924045678386 -0.00620681539962477 0)
(1.037774381994176 -0.006596431735424032 0)
(1.036160698544783 -0.006978498407499187 0)
(1.03432867793738 -0.007312051889803441 0)
(1.032385441938501 -0.007658641729391789 0)
(1.030301497689979 -0.008000765002231795 0)
(1.027962595203796 -0.008276133332681769 0)
(1.025544803841902 -0.008567099331018947 0)
(1.023022191424644 -0.0088535810051136 0)
(1.020183099648331 -0.009070415210946519 0)
(1.017285546016186 -0.009294751421627197 0)
(1.014336178840885 -0.009510601943783793 0)
(1.011097573388081 -0.009666590980596905 0)
(1.007839825225687 -0.009818905947884687 0)
(1.004515590125782 -0.009956435428146809 0)
(1.000848950880296 -0.01004555672931892 0)
(0.9972480236436705 -0.01011875015759944 0)
(0.9935044478994295 -0.01016138586969356 0)
(0.9896861091630385 -0.01018052909572724 0)
(0.9857972710929881 -0.0101824918413033 0)
(0.9818359426403822 -0.01015886350801797 0)
(0.977810353323269 -0.01010833149151396 0)
(0.9737542113073737 -0.01003645080291725 0)
(0.9696570518690575 -0.009942363319539647 0)
(0.9655272072500001 -0.00981663548934178 0)
(0.9613673487831784 -0.00966565778841973 0)
(0.95719599819895 -0.009498634380614546 0)
(0.9530209841609761 -0.009314567751975276 0)
(0.948860826888532 -0.009107935057087551 0)
(0.9447165190860903 -0.008878985238179191 0)
(0.940603672035891 -0.008638020290629111 0)
(0.9365297689543837 -0.008387890842318172 0)
(0.9325042623192856 -0.008116777767388417 0)
(0.9285253223608561 -0.007824992323027375 0)
(0.9246210499658805 -0.007525112916741388 0)
(0.9207964748821758 -0.007221234197905312 0)
(0.9170465173267907 -0.006894987070241513 0)
(0.9133650782378515 -0.006547909849701587 0)
(0.9098106848717026 -0.006197624139012045 0)
(0.9064002586037577 -0.005851290481371868 0)
(0.9031001150799098 -0.005484963644788923 0)
(0.8998886590916746 -0.005092285034652543 0)
(0.8968352197066005 -0.004697352693397317 0)
(0.893981601207155 -0.004312964535364673 0)
(0.8912477778355641 -0.003907669915743471 0)
(0.8886048008522425 -0.003474302073981692 0)
(0.8861550532500663 -0.003039976564352963 0)
(0.8839644510429535 -0.002620037571865175 0)
(0.8819145330571763 -0.002181379108717015 0)
(0.8799363279160665 -0.001712383229387342 0)
(0.8781719349680231 -0.001243632353066227 0)
(0.8767419287525836 -0.0007958852051328997 0)
(0.8754684608589686 -0.000330823051130065 0)
(0.8742355032748643 0.0001690632914590578 0)
(0.8732333214746388 0.0006702861183792974 0)
(0.8726772899602586 0.001157876808700025 0)
(0.8721118936465132 0.001669422645954297 0)
(0.8718626843468191 0.00218698043405278 0)
(0.8718012642407473 0.002717829771760565 0)
(0.8720165318413287 0.003254657098284606 0)
(0.8724904045578673 0.00378344675991548 0)
(0.8731403079233073 0.00433765826029577 0)
(0.8740555413053146 0.004893184820951351 0)
(0.875267551715785 0.00543715638534534 0)
(0.8766857013291661 0.00601582564984888 0)
(0.878340214830172 0.006581006470741836 0)
(0.8803044734066788 0.007117456582681356 0)
(0.8824613931596773 0.007691551098083499 0)
(0.8849109290353309 0.008251398670528003 0)
(0.8876454650430277 0.008775995009689045 0)
(0.8906269312629609 0.009327425545007305 0)
(0.8938617819310778 0.009853848615320399 0)
(0.8972648776173026 0.0103556396468935 0)
(0.9009735231630578 0.01084374634202056 0)
(0.9049595832638418 0.01130598808323075 0)
(0.9091582105504006 0.0117339413554948 0)
(0.9135529334709996 0.01212598095303198 0)
(0.9181279972594136 0.01247618463907516 0)
(0.9229252284060714 0.0127844789842187 0)
(0.9278687367212299 0.01304028560590205 0)
(0.9329992779351588 0.01324382197670757 0)
(0.9382432263000982 0.01338228232724608 0)
(0.9436343484080912 0.01345770423652312 0)
(0.9490847342344297 0.01346753124336315 0)
(0.9546386416806071 0.01340895757195042 0)
(0.9601966982394088 0.01327609463694623 0)
(0.9656607126862344 0.01307410980757482 0)
(0.9710092788930567 0.01279438538242347 0)
(0.9763466765158964 0.01245803608638022 0)
(0.9816450170520994 0.01203283837820254 0)
(0.9870607747017215 0.01156415867666141 0)
(0.9921141684714326 0.01103006529408864 0)
(0.9968900390157297 0.01045522178252496 0)
(1.001539449988459 0.009839922104434408 0)
(1.006125999099452 0.009157001985081454 0)
(1.010450855966085 0.00845559446304873 0)
(1.009610719289342 0.007163713938109973 0)
(1.013385867097682 0.006436306274019882 0)
(1.01697167878115 0.005725884981269886 0)
(1.020195166709758 0.005008995149640727 0)
(1.023208313322961 0.004306547727136891 0)
(1.026034934854685 0.00362640220106077 0)
(1.028514605624179 0.002956687071083508 0)
(1.030797813892978 0.00231079765907355 0)
(1.032770781233056 0.001672067392873337 0)
(1.034521367267911 0.001059761191181266 0)
(1.036016352767709 0.0004690995941783105 0)
(1.037271325713326 -9.256232040542355e-05 0)
(1.03831345433406 -0.0006378579044671823 0)
(1.039119324707841 -0.001161406198244463 0)
(1.039740208953321 -0.001665086254554416 0)
(1.040106913993875 -0.002158421419676312 0)
(1.040282589731843 -0.002639264697568975 0)
(1.040218857103436 -0.003106079653253827 0)
(1.040004698064325 -0.003558996127593646 0)
(1.039552316382376 -0.00399899510970458 0)
(1.038956702147599 -0.00442585356528907 0)
(1.038150987547119 -0.004839510570745827 0)
(1.037191480620779 -0.005236618952131211 0)
(1.036041671785231 -0.005632216236626256 0)
(1.034721930277453 -0.006019443898472062 0)
(1.03325716808778 -0.00638391465744632 0)
(1.031574458585729 -0.006744269218053527 0)
(1.029674803469474 -0.007058215026543134 0)
(1.027678119530476 -0.007379645936313863 0)
(1.025576760129424 -0.007700980806237521 0)
(1.023169787905342 -0.007955499942520518 0)
(1.02065078188504 -0.008220491368298822 0)
(1.018034787935683 -0.008486355208694398 0)
(1.015138302684685 -0.008685594551345774 0)
(1.012176754777484 -0.008888067623158288 0)
(1.00914609087845 -0.00908737034527486 0)
(1.005800061545907 -0.00922750447401921 0)
(1.002413200133162 -0.009359989860282577 0)
(0.9990036486781684 -0.009478811909726806 0)
(0.9952829000947427 -0.009554555254890703 0)
(0.9915936305050791 -0.009614198368010819 0)
(0.9877645499842914 -0.009644522184157841 0)
(0.9838585584294295 -0.009652984610905942 0)
(0.9798719283630362 -0.009644662022127694 0)
(0.9758121801255003 -0.009612092687616879 0)
(0.9716879340751026 -0.009555414510491588 0)
(0.9675233009452288 -0.009477842887373716 0)
(0.9633184381343114 -0.009378330113366968 0)
(0.959079583701711 -0.009249328080384906 0)
(0.9548171736737742 -0.009096396645386773 0)
(0.9505449789598582 -0.008927178567131582 0)
(0.9462797395411608 -0.008744362083754923 0)
(0.9420291742880469 -0.008541485989092237 0)
(0.9377841978660537 -0.008314815112787538 0)
(0.9335676643879223 -0.008077341120175085 0)
(0.9294058950305486 -0.007833956966243932 0)
(0.9252974271857021 -0.007571757054785269 0)
(0.9212380672409423 -0.007287705497791986 0)
(0.9172489750437746 -0.006996394153507929 0)
(0.9133564028758117 -0.006703042260650231 0)
(0.9095433297832296 -0.006390596893570186 0)
(0.9058160251257585 -0.006056659902948402 0)
(0.9022142908507013 -0.005722443285345385 0)
(0.8987652399156218 -0.005391540621836949 0)
(0.895420865995191 -0.005043168607530926 0)
(0.8921735822441514 -0.004668111678018992 0)
(0.889094899619792 -0.004295213721515424 0)
(0.8862187478808403 -0.003929149224914831 0)
(0.8834642727799301 -0.003544495642705617 0)
(0.8808089536072314 -0.003132956561850152 0)
(0.8783559802665384 -0.00272454350041358 0)
(0.8761607325169083 -0.002326637789297242 0)
(0.8741084766170053 -0.001911416336643628 0)
(0.8721398921989088 -0.001467014164930768 0)
(0.8704061573902748 -0.001027655831012666 0)
(0.8690040571376549 -0.0006053613777674102 0)
(0.867746425101353 -0.0001652855306325887 0)
(0.8665384196730923 0.0003061278233396324 0)
(0.8655892551349358 0.0007769508955914732 0)
(0.8650599812241411 0.001236903533295183 0)
(0.8645495411186801 0.001717600742766121 0)
(0.8643902113119087 0.002204921384746027 0)
(0.8643929940937269 0.00270322530173946 0)
(0.864658761242413 0.003204950852683441 0)
(0.8652007664029844 0.003702034523698062 0)
(0.8659270783568023 0.004226290890166701 0)
(0.8669282922279793 0.004747406633969762 0)
(0.868207836131006 0.005255873827709827 0)
(0.8696587463606945 0.005800091929543469 0)
(0.8714015938095421 0.006329770037225634 0)
(0.8734619288919192 0.006833104127585699 0)
(0.8756892543271564 0.007377277409235548 0)
(0.8781825630661051 0.007896828486629148 0)
(0.8810199771855427 0.008385712037853691 0)
(0.8840927264548123 0.008905852090107722 0)
(0.88738639060252 0.009396382241776103 0)
(0.8908634360815408 0.009864889599880817 0)
(0.894679304313716 0.01032220787929962 0)
(0.8987305728095523 0.01075164799763969 0)
(0.9030362441219782 0.01115045459569469 0)
(0.9074800632899425 0.01151088423278838 0)
(0.9121602162915855 0.01183537529797301 0)
(0.9170103453087148 0.01211714661778949 0)
(0.9220577945256747 0.01235402570436874 0)
(0.9272436702952175 0.01253548679507324 0)
(0.9325870204692376 0.01266029075226383 0)
(0.9380266753096772 0.0127216689295016 0)
(0.9435806974655131 0.01272477413073949 0)
(0.9491823567665496 0.01265877452064129 0)
(0.9548420614295261 0.01252538584563854 0)
(0.9603578944180287 0.01232654070362478 0)
(0.9657975685393753 0.01205364476096521 0)
(0.9711834801997283 0.01172550422704148 0)
(0.976560975025322 0.01131773142054606 0)
(0.9820129649896989 0.01086577739498457 0)
(0.9871169124794628 0.01035453208914726 0)
(0.9919601650629686 0.009804853984150527 0)
(0.9966723796994272 0.009213352867818176 0)
(1.001313221597636 0.00856701973130955 0)
(1.005683828590898 0.007897377669277131 0)
(1.004731158120148 0.0066502964907432 0)
(1.008559685276007 0.005954970897581774 0)
(1.012187696288138 0.005275827880935832 0)
(1.015452313710037 0.004597076513788015 0)
(1.018494707743426 0.003927532715788983 0)
(1.021333398368538 0.003283170451017872 0)
(1.023834700545711 0.002644987978375027 0)
(1.02614111442961 0.002031867847372377 0)
(1.028121325297776 0.001430162328396247 0)
(1.029905098254935 0.0008496186598522281 0)
(1.03139493758428 0.0002908138525129468 0)
(1.032679591808324 -0.0002436779876784259 0)
(1.033714717677983 -0.0007600928131307155 0)
(1.034533818441253 -0.001253459911949949 0)
(1.035135332031888 -0.001731100222875494 0)
(1.035515894447611 -0.002194944708577965 0)
(1.03567481592705 -0.00264793509791163 0)
(1.035617497599726 -0.003088432468353526 0)
(1.035359654163834 -0.003516018975880038 0)
(1.034915259710308 -0.003931449245037421 0)
(1.034261655268438 -0.004334913319380193 0)
(1.033459271113085 -0.004721665067942893 0)
(1.032426282919042 -0.005095510852957977 0)
(1.031248896640177 -0.005466368875590575 0)
(1.029894799912975 -0.005833653535539958 0)
(1.028375011599847 -0.006176317870927623 0)
(1.02666231786711 -0.00651183429411499 0)
(1.024694230228559 -0.006805663033932446 0)
(1.022611896321554 -0.007101824668053097 0)
(1.020415264711308 -0.00740178042796532 0)
(1.017944908380909 -0.007635975690315558 0)
(1.015368791511818 -0.007876211185818341 0)
(1.012673724545012 -0.00812073876604999 0)
(1.009676578527486 -0.008303131243707417 0)
(1.006585825869685 -0.008484329538797242 0)
(1.003450180999697 -0.008664951782225169 0)
(1.000039173399013 -0.008790700670867426 0)
(0.9965624539759803 -0.008906276675428371 0)
(0.9930664472437309 -0.009008294039800233 0)
(0.9892484722948248 -0.009070918980110237 0)
(0.9854365991232008 -0.009117769663758692 0)
(0.9815035767298674 -0.009135683574377024 0)
(0.9774861318015946 -0.009132165355932618 0)
(0.9733907814627007 -0.009113673282270357 0)
(0.9692167540364469 -0.00907250840530432 0)
(0.9649854197292387 -0.009008992592956922 0)
(0.9607017254961847 -0.008925307796202354 0)
(0.9563831057265435 -0.008820503229425436 0)
(0.952026685377979 -0.008688609656411895 0)
(0.94765070851565 -0.008533108642115008 0)
(0.9432680690360868 -0.008363544580349463 0)
(0.9388990795743797 -0.008182283261867776 0)
(0.9345367580968155 -0.00798090370707691 0)
(0.9301853797353457 -0.007756609177938885 0)
(0.9258753227796011 -0.00752480861598287 0)
(0.921636492597445 -0.007289433368577556 0)
(0.9174512811405963 -0.007035244589717528 0)
(0.9133180403549164 -0.006759315547425449 0)
(0.9092663798514775 -0.006477812352319701 0)
(0.9053189155493646 -0.00619593343045242 0)
(0.9014623918905659 -0.005897722654709728 0)
(0.8977039528654165 -0.005579671889004335 0)
(0.8940753708574509 -0.005260374139609655 0)
(0.8905975589994692 -0.004945361903028438 0)
(0.8872287374832253 -0.004612501101451315 0)
(0.8839645564387379 -0.004258656803098461 0)
(0.880875891529759 -0.00390470716455807 0)
(0.8779905879998038 -0.003558534410202032 0)
(0.8752323069133204 -0.003192531122201459 0)
(0.8725777243359503 -0.002804862389990207 0)
(0.8701260931462514 -0.00241893564994406 0)
(0.8679393943178501 -0.002045124454829152 0)
(0.8659035036595678 -0.001652065354822176 0)
(0.8639642731105494 -0.001233847294943822 0)
(0.8622764376949472 -0.0008221722137280028 0)
(0.8609086283034044 -0.0004254720649680656 0)
(0.8596748394353989 -8.540251338850524e-06 0)
(0.8585093393076233 0.0004350234223956092 0)
(0.8576239613478958 0.0008765216186042224 0)
(0.8571411605399284 0.001308522711797254 0)
(0.8566735295711956 0.00175722907754209 0)
(0.8565667995196113 0.002211267862957292 0)
(0.8566488810843323 0.002677133909165042 0)
(0.8570113912742265 0.003147007299471114 0)
(0.8576438180367536 0.003615462996842715 0)
(0.8584343580144252 0.004109791506695959 0)
(0.8594893426522763 0.004596171583838023 0)
(0.8608488413601921 0.005071652089077803 0)
(0.8623739608480638 0.005585793519620318 0)
(0.864206951525376 0.006081127482434664 0)
(0.8663400177062672 0.006549767579163913 0)
(0.8686020965930217 0.007061292292220456 0)
(0.8712073467336652 0.007543928291167788 0)
(0.8741568269771998 0.007998410341815559 0)
(0.877312068945222 0.008488561332171138 0)
(0.8806587402153451 0.008943506038287773 0)
(0.8842460703632399 0.009381274841686115 0)
(0.8881301288195229 0.009805110443411393 0)
(0.8922969553080862 0.0102067245330962 0)
(0.8966732268462134 0.01057551085042713 0)
(0.9012103750244158 0.01090806552288367 0)
(0.9059703843116476 0.01120708745847693 0)
(0.9109065479822028 0.01146551261036743 0)
(0.9160425983751165 0.01168033940032204 0)
(0.9213154143820164 0.0118441539597079 0)
(0.9267430476569869 0.01195362140012352 0)
(0.9322583509165414 0.01200388601751055 0)
(0.9378873409512096 0.01199806292472719 0)
(0.9435619735669205 0.01192695213525825 0)
(0.9492824239145714 0.01179293592857633 0)
(0.9548951916888654 0.01159692774361435 0)
(0.9603964160423948 0.01132988536242382 0)
(0.9658587767135994 0.01101217151872445 0)
(0.9712833443779729 0.01062048119094732 0)
(0.9767911185345342 0.01018637004734354 0)
(0.9819598284212276 0.009696336982104037 0)
(0.9868659005580758 0.009166900489679356 0)
(0.9916376806114531 0.008602311860383972 0)
(0.9963220780280015 0.007987843867407429 0)
(1.000743861135596 0.007351361227370613 0)
(0.9996190978884912 0.006145217172391597 0)
(1.0034838861082 0.005483769446719969 0)
(1.007165802640749 0.004839935051173533 0)
(1.010470455828184 0.004194394323745546 0)
(1.013552043670656 0.003559948723203902 0)
(1.016421999001923 0.002945996681444 0)
(1.018936592388892 0.002341851059810465 0)
(1.021266592528594 0.001761578590345495 0)
(1.023262255646636 0.001194032542481502 0)
(1.025052863904385 0.0006440209206809515 0)
(1.026547208838426 0.0001158275280561151 0)
(1.027845552926225 -0.0003888737462277478 0)
(1.028861621576928 -0.0008764397465470225 0)
(1.029688075838765 -0.001342002088443826 0)
(1.030267860361307 -0.001792365351384666 0)
(1.03064659423845 -0.002229478543678202 0)
(1.030776389047871 -0.002655124499687619 0)
(1.030720866514805 -0.00306887657120073 0)
(1.030430751282237 -0.003471276843092983 0)
(1.029951282033411 -0.003863354289555899 0)
(1.029264458638743 -0.004241887841236599 0)
(1.028395414619329 -0.004606055537108028 0)
(1.02733015160624 -0.004954079877143586 0)
(1.026074299950535 -0.005299348088237747 0)
(1.024713852657123 -0.005647178044988268 0)
(1.023111856988393 -0.005967591634726719 0)
(1.021309745757648 -0.006278404677239851 0)
(1.019284548959521 -0.00655248984575546 0)
(1.017138784651794 -0.006824273682364245 0)
(1.014835783262694 -0.00710170602165926 0)
(1.012269685759517 -0.007317700247233645 0)
(1.009574401368092 -0.007533133797005229 0)
(1.006770396613132 -0.007754959276094053 0)
(1.003705570804204 -0.007921291016214227 0)
(1.000545287029348 -0.008083126307465247 0)
(0.997309308514877 -0.008244955178067103 0)
(0.993782211491576 -0.008355047506261783 0)
(0.9901600233324326 -0.008452399197085337 0)
(0.9865138556854065 -0.00853819273642391 0)
(0.9826232702600587 -0.008589769053754729 0)
(0.9787191023613955 -0.008623872590736241 0)
(0.9746687057815854 -0.008628551920858167 0)
(0.9705448085648369 -0.008614594080265369 0)
(0.9663263550534426 -0.008585166266451477 0)
(0.9620471392556713 -0.008537006859501527 0)
(0.9576997066557182 -0.008466161326272051 0)
(0.9533120669233454 -0.008376908321357027 0)
(0.9488728125055168 -0.008267116894374368 0)
(0.9444162221896298 -0.008133409315290966 0)
(0.9399282376892981 -0.007975536426251276 0)
(0.9354443506138119 -0.007806144788754867 0)
(0.9309643243010559 -0.007626387829834372 0)
(0.9264988695263582 -0.007426775567065913 0)
(0.9220537106986649 -0.00720661660809936 0)
(0.91767606850851 -0.006982395371418105 0)
(0.9133662495487317 -0.006755172541314834 0)
(0.9091124765284937 -0.006509341315390535 0)
(0.9049107406401378 -0.006241893864207124 0)
(0.9008026537729563 -0.005971431752271493 0)
(0.8968021210641346 -0.005701750423979058 0)
(0.8929013399195955 -0.005417265291344239 0)
(0.8891000127992432 -0.005114131937809149 0)
(0.8854527540265136 -0.004811955392207763 0)
(0.8819499290988142 -0.004511093408469692 0)
(0.8785568764535059 -0.004195514363485788 0)
(0.8752766950444117 -0.003860418535190304 0)
(0.8721852849762033 -0.00352813948232841 0)
(0.8692910666686647 -0.003199745667585817 0)
(0.8665258791883804 -0.002854280222126654 0)
(0.8638709057322088 -0.002487476635568564 0)
(0.8614386719210003 -0.002126713106440795 0)
(0.8592686662606017 -0.001775809124823468 0)
(0.8572460729102096 -0.001406791814451659 0)
(0.8553397193053147 -0.001014050930042992 0)
(0.8536999447414816 -0.0006297594050272811 0)
(0.8523691633695401 -0.000257864654549063 0)
(0.8511768665310064 0.0001345941269032516 0)
(0.8500649589407467 0.0005514510210231366 0)
(0.8492512111130396 0.0009640279522733436 0)
(0.8488385204986582 0.001366539852902777 0)
(0.8484560798453503 0.00178295589935751 0)
(0.8484438998456193 0.002207029457738326 0)
(0.8486144392169833 0.002643847875946635 0)
(0.8490537188654774 0.003083985001201616 0)
(0.8497359738704231 0.003523237926038526 0)
(0.850590775781462 0.003986017492937501 0)
(0.8517492912843843 0.004439680737330035 0)
(0.8531942093359974 0.00488606895897174 0)
(0.8548047805572614 0.005370192673109078 0)
(0.8566948937050174 0.00583094375403881 0)
(0.8589059204360565 0.006267222184842958 0)
(0.8612647040988819 0.006746996682886716 0)
(0.8639755479623069 0.007193198874912058 0)
(0.867030695553251 0.007613975452408767 0)
(0.8702383474002033 0.008072629475276176 0)
(0.8736887790332153 0.008494814284144114 0)
(0.8773778173857946 0.00890172505086825 0)
(0.8813578985042649 0.009294542625785586 0)
(0.885632858909672 0.009668724812520027 0)
(0.890078542259069 0.01000942611349018 0)
(0.8947278917270199 0.01031746233624397 0)
(0.8995507531762358 0.01058933286421719 0)
(0.9045931037773014 0.01082624605806838 0)
(0.9097935279206588 0.01101764860640689 0)
(0.915178083499981 0.01116607816259854 0)
(0.9206759424756281 0.0112609599259889 0)
(0.9262978351139174 0.01130116581960483 0)
(0.9319870030054328 0.01128532847942087 0)
(0.937765412938106 0.01121216550971619 0)
(0.9435330882647922 0.01107712631372591 0)
(0.9492361258558368 0.01088365434599036 0)
(0.9548014097063987 0.01062334610444127 0)
(0.960342758663705 0.01031614643034923 0)
(0.965808415510417 0.009939499290217974 0)
(0.9713859307997852 0.009524023222085213 0)
(0.976603197762406 0.009054694524825569 0)
(0.9815607962546391 0.008547430403289553 0)
(0.9863860621876558 0.008007562514881104 0)
(0.9911049408087075 0.007424649840275351 0)
(0.9955821793470608 0.00682060328663479 0)
(0.9942839945142752 0.005654464188596973 0)
(0.9981934569904751 0.005023634989877587 0)
(1.00190951816901 0.004412904646774287 0)
(1.005246775434715 0.003802577876731732 0)
(1.008353526726895 0.003202127921877873 0)
(1.011257765388605 0.002619342569773924 0)
(1.01379391860686 0.00204732448292503 0)
(1.016126798182861 0.001499769257593686 0)
(1.018136355076551 0.0009621133192209974 0)
(1.01991993740664 0.000445783053455543 0)
(1.021429764604094 -5.285909151961571e-05 0)
(1.022707352877483 -0.0005263701311904968 0)
(1.023736036220897 -0.0009858381281833094 0)
(1.024519575602792 -0.001426665789472929 0)
(1.025096346186643 -0.001849247053252544 0)
(1.025434285277985 -0.00226008275323777 0)
(1.025557472968627 -0.002659526617037652 0)
(1.025446723736417 -0.00304674380609292 0)
(1.025154055872602 -0.003424276785281807 0)
(1.024617448405537 -0.003792268482680149 0)
(1.023908701207531 -0.004147131083320694 0)
(1.022954671986771 -0.004488182062762856 0)
(1.021825983362165 -0.004809413879550761 0)
(1.020490129215647 -0.00513025222668725 0)
(1.019073547743008 -0.005458614314757877 0)
(1.017428704224348 -0.005757669379606788 0)
(1.015503423056281 -0.006042676352740627 0)
(1.013385393534995 -0.006297467063905621 0)
(1.011130717566292 -0.006545994276833204 0)
(1.008735037848955 -0.00679940793012138 0)
(1.006099421816467 -0.006997396908311655 0)
(1.003293086759714 -0.007190023839303592 0)
(1.000363134833941 -0.007390891375628946 0)
(0.9971911469720867 -0.007541256722789242 0)
(0.9939010586905818 -0.007683728187828466 0)
(0.9905285408887785 -0.007826631673908553 0)
(0.9869216185683286 -0.007921692596108264 0)
(0.9832042720839628 -0.008002127347069499 0)
(0.9794417587355628 -0.008073024040051037 0)
(0.9754822262727991 -0.008112999822364271 0)
(0.9714471124918105 -0.008132093400003003 0)
(0.9672663824784701 -0.008125478770582988 0)
(0.9629973985427646 -0.008100538784368885 0)
(0.958652429223557 -0.008062226238075615 0)
(0.954240836492091 -0.008006679222540019 0)
(0.9497753456251804 -0.00792950314511915 0)
(0.9452464750747578 -0.007832961177471894 0)
(0.9406896478355072 -0.007720083601392544 0)
(0.9361083909734214 -0.007583778266920258 0)
(0.9315133051607136 -0.007424212685817144 0)
(0.9269065086487079 -0.00725430954691892 0)
(0.9223143232663783 -0.007075647943900643 0)
(0.917751183232681 -0.006880135010858524 0)
(0.9132323887466502 -0.006666023487768954 0)
(0.9087741778830372 -0.006449381494656968 0)
(0.9043860290341345 -0.006228854037331971 0)
(0.900053937374943 -0.005991172516978791 0)
(0.8957907881434002 -0.005733245540375303 0)
(0.8916351549916277 -0.005475160169262203 0)
(0.8876100768224626 -0.005218885415506153 0)
(0.883687349891715 -0.004949150405172513 0)
(0.8798678814411859 -0.004662956271164261 0)
(0.8762008042199247 -0.004375750696169471 0)
(0.8726927876181243 -0.004090590383820475 0)
(0.8693021805257525 -0.003791610767760682 0)
(0.8660318841837626 -0.003477108807069034 0)
(0.8629330711244051 -0.003162681466943708 0)
(0.8600506585616694 -0.002854318951759548 0)
(0.8573015181351246 -0.002527679172825694 0)
(0.8546780830545694 -0.002183982475829628 0)
(0.8522814234490463 -0.001846474239743343 0)
(0.8501439899199651 -0.001519391353611266 0)
(0.8481603190094459 -0.001173123045099895 0)
(0.8463073727386631 -0.0008067292857913121 0)
(0.8447328325397936 -0.0004489189201103579 0)
(0.8434663677306062 -0.0001021110559292702 0)
(0.8423146286145355 0.0002660973648790897 0)
(0.8412655024729062 0.0006577114276513678 0)
(0.8405357799709046 0.001040562003509331 0)
(0.840199782447241 0.001414442261744996 0)
(0.8399035539918667 0.00180154483597419 0)
(0.8399521041157786 0.002194230387722453 0)
(0.8401748028895393 0.002600222054754638 0)
(0.8406877095217041 0.003011608126272552 0)
(0.841462518523598 0.003423757142071509 0)
(0.8424168747329468 0.003857727255468627 0)
(0.8436823942096257 0.004280647472520244 0)
(0.8452125687242108 0.004698330172356555 0)
(0.8468754600807833 0.005149016939703458 0)
(0.8488842346973853 0.005577228222309354 0)
(0.8512097175464333 0.005984156096189251 0)
(0.8536651084924891 0.006432188285123312 0)
(0.8564834695868139 0.006844790608683597 0)
(0.8596121423573067 0.007234000979209514 0)
(0.8629184414694206 0.007660863353417085 0)
(0.8664727082564059 0.008051062428905027 0)
(0.8702433251882802 0.008427208279948879 0)
(0.8743387704618422 0.008790939450893206 0)
(0.8786921655710733 0.009135487749832834 0)
(0.883255486182885 0.00945179803671055 0)
(0.8879918618528724 0.009734757213000517 0)
(0.892919189186052 0.009983367784147195 0)
(0.8980452603238529 0.01019688972791793 0)
(0.9033367380312012 0.01036980260453709 0)
(0.9088021375211802 0.01050017862302999 0)
(0.9143935639455794 0.01058263424483604 0)
(0.9200944439350138 0.01061104740356253 0)
(0.9258772884219147 0.01058883492340876 0)
(0.931719813945533 0.01051258648753052 0)
(0.937578984906196 0.01037766244879437 0)
(0.9433392948116723 0.01018568426311514 0)
(0.9490022929789221 0.009933880431376444 0)
(0.9546008782423523 0.009637109221835421 0)
(0.9601328788879335 0.009274953135816475 0)
(0.9657545657652316 0.008876216046292556 0)
(0.9710157225203138 0.008427880079839783 0)
(0.9760376641871972 0.007944399307889176 0)
(0.9809232094196891 0.007427174886971972 0)
(0.9856805089162435 0.006876255347048988 0)
(0.9901875760038483 0.006299023844040338 0)
(0.9887134442867702 0.005177379812156624 0)
(0.992662884710916 0.004577469616243444 0)
(0.9964064240689936 0.003995422050557984 0)
(0.9997687621934197 0.003421367761731934 0)
(1.002891441431792 0.002853003929911603 0)
(1.005805163565494 0.002303589709976816 0)
(1.00836766347761 0.00176226952161669 0)
(1.010699629972337 0.001245371133865958 0)
(1.012694823533211 0.0007404445962091181 0)
(1.014473351277896 0.0002551579852885706 0)
(1.015968759667457 -0.0002123080456567046 0)
(1.01722449678344 -0.0006601691417188509 0)
(1.018251639488803 -0.001090763419340326 0)
(1.019013493754052 -0.001503493734958337 0)
(1.019577407237475 -0.001901119788320801 0)
(1.019860782989972 -0.002285958014328872 0)
(1.019965085196905 -0.002659205768412586 0)
(1.019795937818266 -0.003020988833939554 0)
(1.019467420168349 -0.003373824597806768 0)
(1.018879378295947 -0.003718307581236989 0)
(1.018092095026962 -0.004050438519696836 0)
(1.017073584259474 -0.004365574730882196 0)
(1.015844840038934 -0.004663377537802181 0)
(1.014440967503272 -0.00495844647545637 0)
(1.012931876751376 -0.005267035071749675 0)
(1.011247753033708 -0.00554589991818519 0)
(1.009177470086682 -0.005805054011486717 0)
(1.006961692661857 -0.006039590490934149 0)
(1.004579966615503 -0.006263962885904329 0)
(1.002056335956791 -0.006494855645416991 0)
(0.9992889605253793 -0.006675312695659781 0)
(0.9963737619344 -0.006847343216985567 0)
(0.9933492417856422 -0.00702749490230913 0)
(0.9900925669104135 -0.007161588189881715 0)
(0.9866988503946922 -0.007285668155347656 0)
(0.983182986959197 -0.007410361631174497 0)
(0.9794451996230195 -0.007490504542321969 0)
(0.9755779082692908 -0.007554173285026275 0)
(0.9716631623333847 -0.007612335196494972 0)
(0.9675551460358747 -0.007639544978838007 0)
(0.9633608068798796 -0.007643451872488293 0)
(0.9590454822947896 -0.007623715620241804 0)
(0.9546464358999344 -0.007589153816015657 0)
(0.950177320778452 -0.007542784131003073 0)
(0.9456483716465277 -0.00748057171618903 0)
(0.9410476285938789 -0.007396281659254923 0)
(0.9364083053657781 -0.007294954314027782 0)
(0.9317361381417258 -0.007179357105562782 0)
(0.9270507067415824 -0.007041144770411809 0)
(0.9223492039797424 -0.006881131336838757 0)
(0.9176558990302865 -0.006711549713993523 0)
(0.9129816020895303 -0.006535903015464361 0)
(0.9083515164523048 -0.006345710403574951 0)
(0.9037654476426535 -0.006138963503949931 0)
(0.8992465174696156 -0.005928862276369193 0)
(0.894790676577824 -0.005715480707357168 0)
(0.8904087825181981 -0.005486556220416904 0)
(0.8861045611158926 -0.005240467035112224 0)
(0.8819352690338231 -0.004996112426916139 0)
(0.8778885970853946 -0.004752602289776737 0)
(0.8739470735285646 -0.004496104482559543 0)
(0.870106502729919 -0.004225063690252951 0)
(0.8664172790489355 -0.003954108813041602 0)
(0.8628898427999747 -0.003684037555011792 0)
(0.859495376582575 -0.003403224203616836 0)
(0.8562183377001074 -0.003105579271942419 0)
(0.8531319299336465 -0.002811975011015003 0)
(0.8502625949148241 -0.002522045404289129 0)
(0.84753610948012 -0.002217178729105457 0)
(0.8449466803840773 -0.001894456783065333 0)
(0.8425965454857666 -0.001581328192983242 0)
(0.8405125572163314 -0.001276487521910523 0)
(0.8385731086049931 -0.0009549075490023554 0)
(0.8367855728807768 -0.0006142049639624705 0)
(0.8352820985634319 -0.0002829268707914845 0)
(0.8340886234992917 3.997584294481826e-05 0)
(0.8330102110066998 0.0003847973320136756 0)
(0.8320384180415339 0.0007507392056228715 0)
(0.8314064238939443 0.001104828800629342 0)
(0.8311676806702255 0.001449110087487995 0)
(0.8309399708897403 0.001807007584016665 0)
(0.8310673978318339 0.002172085594077543 0)
(0.8313782322102723 0.002551200703812953 0)
(0.8319982008988177 0.002933901050633235 0)
(0.8328758818892611 0.003318002037217125 0)
(0.8338952120125948 0.003721890327330318 0)
(0.8352362647117773 0.004114630159708171 0)
(0.8368492354775464 0.00450505548053403 0)
(0.8386253457284756 0.004925355579274658 0)
(0.8407683544511207 0.005320496429466182 0)
(0.8432149940186618 0.005698794900875935 0)
(0.8457647795930588 0.006116094314461275 0)
(0.8486785996038446 0.006495590878535597 0)
(0.8519197085802259 0.006856545856535026 0)
(0.8553356300878765 0.007252493804884485 0)
(0.8589949929521792 0.007611336521399213 0)
(0.8628558856782459 0.007958096904867488 0)
(0.867081489421019 0.008294961187647092 0)
(0.8715228558837504 0.008611094982363166 0)
(0.876198248659498 0.008901837680328034 0)
(0.8810226734221439 0.009161415449083523 0)
(0.8860642468004849 0.009389089112671027 0)
(0.8912640665142211 0.009579823038564946 0)
(0.8966635669631778 0.009735853200114979 0)
(0.9021961308244325 0.009848306253288829 0)
(0.9078908595219717 0.009918446033255202 0)
(0.9136554054818623 0.009936051127463865 0)
(0.9195397084388547 0.009907907203560952 0)
(0.9254427850328073 0.009828539885330884 0)
(0.9313923273974239 0.009694242600300896 0)
(0.9372309659723348 0.009506032372251748 0)
(0.9429650633999347 0.009261738134725316 0)
(0.9486298895108949 0.008975778730760338 0)
(0.9542248418281171 0.00862911923902375 0)
(0.959874124603317 0.008244721220803664 0)
(0.9651990435111641 0.007817729982433597 0)
(0.9702943825763218 0.007354890637905082 0)
(0.9752355317554664 0.006862040955856509 0)
(0.9800198525013223 0.006339270691488834 0)
(0.9845698167595023 0.005792111631577946 0)
(0.9828082212726407 0.004710517670627262 0)
(0.9867876105736751 0.004142922502665935 0)
(0.9905528494546503 0.003591796228203848 0)
(0.9939366043115515 0.003049673415362909 0)
(0.9970900878699634 0.002513678914227936 0)
(1.0000078604889 0.001996289759638978 0)
(1.002562612420633 0.001486553600831162 0)
(1.004909339023676 0.00100009268805279 0)
(1.006876863921837 0.0005281662470739303 0)
(1.008654197290232 7.257032832649707e-05 0)
(1.01010242698702 -0.0003657434060885773 0)
(1.011354111166862 -0.0007868490476375352 0)
(1.012329472918665 -0.001190608375114197 0)
(1.01308563335169 -0.001574349451402093 0)
(1.013597974275379 -0.001946608222222943 0)
(1.013853118685387 -0.002306032786000627 0)
(1.013876882770232 -0.002653404002909728 0)
(1.013681648709316 -0.00299035466407127 0)
(1.013273484542644 -0.003318378201054874 0)
(1.012642647231621 -0.003639877284861585 0)
(1.011755321376338 -0.003947480364867989 0)
(1.010663877164011 -0.004238670368201584 0)
(1.0092973199135 -0.004512692036984485 0)
(1.007800205047667 -0.004781826616329068 0)
(1.006186278199072 -0.005070299963942777 0)
(1.004405413954639 -0.005328775440194361 0)
(1.00222381304852 -0.005563105973163189 0)
(0.9999132931215546 -0.005778071330798998 0)
(0.9974309876380528 -0.005979347592359104 0)
(0.9947580554529714 -0.006187320779695242 0)
(0.9918543164197444 -0.006349991927318303 0)
(0.9887988839693123 -0.006502319716256189 0)
(0.9856307900865919 -0.006663149880706104 0)
(0.9822300956078009 -0.006780139047753524 0)
(0.9786745669291683 -0.006884088596025427 0)
(0.9750231605246658 -0.006991187855788518 0)
(0.9711726210459048 -0.007058068546093612 0)
(0.9671853618371347 -0.007106323722317188 0)
(0.9631442488988317 -0.00715067102752588 0)
(0.9589102089812493 -0.007163971144974496 0)
(0.9545774385343762 -0.007155484367646815 0)
(0.9501260399233546 -0.007123668506558992 0)
(0.9455959129146387 -0.007080143572888001 0)
(0.9410090352123381 -0.007026639841463953 0)
(0.9363539467751197 -0.006957180715607267 0)
(0.9316326583550019 -0.006867101447062375 0)
(0.9268638544620054 -0.006761599555875254 0)
(0.9220677332012699 -0.006642838935461377 0)
(0.9172666525492998 -0.006503898222382319 0)
(0.9124572702746141 -0.006344184909950143 0)
(0.907667304120004 -0.006176303691769249 0)
(0.9029266698170832 -0.006004577218804695 0)
(0.8982129139371533 -0.005820052606894463 0)
(0.8935512382552067 -0.00561956221052211 0)
(0.8889616187732778 -0.005416328350405278 0)
(0.8844418236729201 -0.005210637579305321 0)
(0.880011547767738 -0.004992111761719321 0)
(0.8756806230754035 -0.004759603762652481 0)
(0.8714822057110647 -0.004529643495406139 0)
(0.8674325420113993 -0.004300383054176632 0)
(0.8634958841838829 -0.004058070339200058 0)
(0.8596624120325442 -0.00380192477737662 0)
(0.8559790907532543 -0.003545955388609543 0)
(0.8524556276901614 -0.003292188187922121 0)
(0.8490700429262376 -0.003028336780126239 0)
(0.8458226123659272 -0.002750520346270272 0)
(0.8427670291081608 -0.002475580446725868 0)
(0.8399334294878306 -0.002206023794289717 0)
(0.837257091366167 -0.001921324878236788 0)
(0.8347319980442666 -0.001622894125546905 0)
(0.8324484422859502 -0.001331398747840295 0)
(0.8304474711637733 -0.001049850173469008 0)
(0.8285851074142128 -0.0007512464694817384 0)
(0.8268752232130687 -0.0004369539195995663 0)
(0.8254643994169228 -0.0001302439910513206 0)
(0.8243525570513195 0.0001696083978684037 0)
(0.8233442741475661 0.0004924450086265121 0)
(0.8224573298122985 0.0008322011169728598 0)
(0.8219380818476909 0.001157639956653717 0)
(0.8217971312492289 0.001474606560859126 0)
(0.821644318799341 0.001806094366764279 0)
(0.8218387291928527 0.002143308234761367 0)
(0.8222076194977802 0.00249393846164216 0)
(0.8229057174287513 0.002846968530216671 0)
(0.8238645783595486 0.003204199956349086 0)
(0.8249999445817449 0.003580987080584293 0)
(0.8264651066478099 0.003944847452366217 0)
(0.828216144255166 0.004308215014302856 0)
(0.8300949461805432 0.004697107814564861 0)
(0.8323375403575609 0.005060253376154933 0)
(0.8348742461306373 0.00541059675334587 0)
(0.8375221386862626 0.005796843553750852 0)
(0.8405752395628554 0.006145831653999776 0)
(0.8439284654253993 0.006480109154199038 0)
(0.8474640742985269 0.006846604967850464 0)
(0.8511897249015788 0.007172668419963002 0)
(0.8551732432515877 0.007492903656340999 0)
(0.8595037438625663 0.00780223979607108 0)
(0.8640594902343752 0.008091878476562515 0)
(0.8688535744555418 0.008359122151130535 0)
(0.873773870466243 0.008596615131240421 0)
(0.878929154169519 0.008803780083961977 0)
(0.884216297620085 0.008974939473506024 0)
(0.8897184997802943 0.009113219579375295 0)
(0.8953226273529966 0.009210077127935385 0)
(0.9011031928831705 0.00926731174723641 0)
(0.9069454431716595 0.009275972394613967 0)
(0.9129010150816426 0.009240867095134235 0)
(0.9188839150917768 0.009158129333143873 0)
(0.9248961125515138 0.009024459142132131 0)
(0.9308373893860458 0.008841657753109553 0)
(0.9366240980896576 0.008604866847628543 0)
(0.9423681664117347 0.008330654391945944 0)
(0.947996632983106 0.007997480902935745 0)
(0.9537094445732963 0.007630142796900547 0)
(0.9590894675083391 0.007222563741104191 0)
(0.9642420909035919 0.00678070778175396 0)
(0.9692413970087808 0.006312289053644057 0)
(0.9740395557048107 0.005817484451602429 0)
(0.9786245527511727 0.005300371862325543 0)
(0.9765397787930701 0.004258695659076814 0)
(0.9805380313884196 0.00372041309228514 0)
(0.9843215124992393 0.003201680123303121 0)
(0.9877068054808135 0.002690659533479751 0)
(0.9908682468216945 0.002188492115613085 0)
(0.9938204883595256 0.001698899445487735 0)
(0.9963468431280466 0.001221748587374905 0)
(0.9986774424149374 0.0007667849280255509 0)
(1.000622854306695 0.0003252919664724568 0)
(1.002363064878802 -0.0001012064142492654 0)
(1.003778735792708 -0.0005107382785414158 0)
(1.005011997887419 -0.0009046159602140888 0)
(1.005937063258301 -0.001281181883757079 0)
(1.006680658721419 -0.001638201789093391 0)
(1.007112367731138 -0.001984844085128655 0)
(1.007331498685405 -0.00231932771535607 0)
(1.007260322994557 -0.002641032760381904 0)
(1.00701253704017 -0.002952910816397488 0)
(1.00649283528513 -0.003256166680004905 0)
(1.005807673465092 -0.003554767381474751 0)
(1.004790546459484 -0.003838152659058545 0)
(1.003594825124551 -0.004106727125303159 0)
(1.002123863670886 -0.004356795501092769 0)
(1.000446558707493 -0.004599748349060356 0)
(0.9988294921707795 -0.004867777438683287 0)
(0.9968979619834157 -0.005105765728402808 0)
(0.9945615507499633 -0.005317692375941313 0)
(0.9921157154285988 -0.005512285533368809 0)
(0.9894738744877829 -0.005690276779480957 0)
(0.9866844490657681 -0.005875761054958675 0)
(0.9836675374776471 -0.006022219302106761 0)
(0.9804840712862433 -0.006156206999064074 0)
(0.9771735015038832 -0.006296285041449885 0)
(0.9736508333180047 -0.00639739360328206 0)
(0.9699630527168027 -0.006483233800654647 0)
(0.9661752514826681 -0.00657291774973282 0)
(0.9621691629667883 -0.006625975869060279 0)
(0.9580104022843915 -0.006659561152590268 0)
(0.9537973631981232 -0.006689722430861813 0)
(0.9493857122625953 -0.006688406089797714 0)
(0.944883560762003 -0.006667959878677339 0)
(0.9402913715403876 -0.006627438181911575 0)
(0.9356203747612849 -0.006576366986584451 0)
(0.9308969595161326 -0.006516582123822947 0)
(0.9261086368723331 -0.006440670673915747 0)
(0.9212673099517148 -0.006345040415607469 0)
(0.9163997220773098 -0.006236792729202618 0)
(0.9115017602342559 -0.006115081490705343 0)
(0.9066037644622991 -0.005975929012113719 0)
(0.9017116129974431 -0.005818439376556904 0)
(0.8968627387191526 -0.00565485690392851 0)
(0.892055153339103 -0.0054867448418301 0)
(0.8872961598732426 -0.005307221776045366 0)
(0.8825791131686233 -0.005114243138656552 0)
(0.8779439865640436 -0.004917901794320125 0)
(0.8733970350688768 -0.004721771210833524 0)
(0.868949440358187 -0.004513866598726555 0)
(0.8646062014903841 -0.004296428141463766 0)
(0.8604110726012243 -0.004079710223873757 0)
(0.8563559669449078 -0.003864408190276536 0)
(0.8524401771761535 -0.003636225622372626 0)
(0.8486227664376931 -0.003394258548551089 0)
(0.8449596495515472 -0.003152665379004339 0)
(0.8414517570699866 -0.002914380709858186 0)
(0.8380964778972284 -0.002668274727930899 0)
(0.8348730724742142 -0.002409357973176801 0)
(0.8318638365288182 -0.00215523277831993 0)
(0.8290664658469947 -0.001904868605397468 0)
(0.8264419262322449 -0.001642243215677032 0)
(0.8239682745087262 -0.001366667626026415 0)
(0.821782621767157 -0.001099918636660041 0)
(0.8198473607842862 -0.0008394385860801776 0)
(0.8180739657830067 -0.0005656169550891056 0)
(0.8164279304767365 -0.0002743155503401582 0)
(0.8151021962987203 7.027670974182257e-06 0)
(0.8140482856914268 0.0002855841279610957 0)
(0.8131262073633974 0.0005837315430435895 0)
(0.8123240550248026 0.0008983905262689405 0)
(0.8119233651620498 0.001194913123089009 0)
(0.8118570342419201 0.00148661914243027 0)
(0.8118260695254271 0.001791963118073098 0)
(0.8121537572298728 0.002104045281778779 0)
(0.8126545442145954 0.002430238832523018 0)
(0.8134608349111759 0.002755337504026318 0)
(0.8145032423410671 0.003084791932890928 0)
(0.8157247050192233 0.00343251584304864 0)
(0.8172998027749543 0.003767355035980867 0)
(0.8191442822618596 0.004102864969072503 0)
(0.821162155911173 0.004462520468471611 0)
(0.8235614676073965 0.004796059614383172 0)
(0.8262509260653308 0.005120819333075719 0)
(0.82902199957914 0.005479858460877925 0)
(0.832177718523587 0.005799151169244971 0)
(0.8356259529890107 0.006106493957704431 0)
(0.8392618465718089 0.006442391142413905 0)
(0.8431192657825133 0.006740323415944544 0)
(0.8472220175366735 0.007033796823546727 0)
(0.851618518888311 0.007314738151096879 0)
(0.8562963939877275 0.007579862316395224 0)
(0.8611545981356848 0.007823846286300486 0)
(0.8661909760839621 0.008041288620102597 0)
(0.8714357401474538 0.008227631151436276 0)
(0.8768432768800201 0.008381386778982976 0)
(0.8824269387481967 0.00850217951490748 0)
(0.8881405057471337 0.008586560765172757 0)
(0.8939878110592496 0.008630741611832866 0)
(0.8999327565549169 0.008631441330665403 0)
(0.9059450636173512 0.008589687175995508 0)
(0.9120230497839271 0.008505003530973419 0)
(0.9180814979804217 0.008371993975987764 0)
(0.9241106176342206 0.008194384314006249 0)
(0.9299516882816072 0.007966229586576204 0)
(0.9357723434237122 0.007702663087077579 0)
(0.9414470390791319 0.007383070707843302 0)
(0.9472207599557925 0.007031644534644388 0)
(0.9526158104245648 0.006643226364072501 0)
(0.9578354305163481 0.00622391747774087 0)
(0.9628974173951976 0.005777228601411492 0)
(0.9677123378671613 0.005312115356950913 0)
(0.9723141556727394 0.004821866523995963 0)
(0.9698373312067869 0.003824164375176196 0)
(0.9738482904921749 0.003311137615547682 0)
(0.9776329847981343 0.002822178166515197 0)
(0.981007830192856 0.002343428271424513 0)
(0.9841622105102568 0.001872929317587872 0)
(0.987110208672361 0.001414387962781642 0)
(0.9896394414601292 0.0009684147995495165 0)
(0.9919288183401049 0.000544670184257103 0)
(0.9938359821329907 0.0001311503153940032 0)
(0.9955142880376928 -0.0002647715782953723 0)
(0.9969024048440607 -0.0006464627580088903 0)
(0.9980783524493335 -0.001011907360434982 0)
(0.998955940738063 -0.001362456007095582 0)
(0.9996171416366988 -0.001694881633190618 0)
(1.00000166266889 -0.002014739871087263 0)
(1.000131766706602 -0.002323665950852858 0)
(0.9999741119947561 -0.002620552766682909 0)
(0.9996313404709194 -0.002907105834924041 0)
(0.9990209225785152 -0.003186215072712901 0)
(0.9982028568323281 -0.003460829424182043 0)
(0.997165297994947 -0.003721876437834444 0)
(0.9957603193321984 -0.003966740626407431 0)
(0.9941718262121737 -0.004193221858887503 0)
(0.9924181244544887 -0.004412181538233679 0)
(0.9905753861268867 -0.004659725946375469 0)
(0.9885663699313924 -0.004878465891848312 0)
(0.9860888453738537 -0.005066535532245083 0)
(0.983514419150743 -0.005240429206272961 0)
(0.9807426358067737 -0.005397199211713706 0)
(0.9778261947570287 -0.005561515443521153 0)
(0.9746368276102449 -0.005690671251621275 0)
(0.9712619644560092 -0.005805019243943692 0)
(0.9677607319804973 -0.005926511529321946 0)
(0.9640613944465424 -0.00601155447854345 0)
(0.960175860852213 -0.006078634905558702 0)
(0.9562072586280366 -0.006152561911241689 0)
(0.9520444059710509 -0.006192536881188314 0)
(0.9477344768112359 -0.006211844868011478 0)
(0.9433865068782192 -0.006228183518474532 0)
(0.9388442990176913 -0.006214712778973803 0)
(0.9342283748322929 -0.006184404209320045 0)
(0.9295001967993939 -0.006134190611202654 0)
(0.9247094649915079 -0.006076131898381325 0)
(0.9198688280846194 -0.006010455859152644 0)
(0.9149660756746142 -0.005929152547815411 0)
(0.9100215481938861 -0.00583020935503718 0)
(0.9050694561998429 -0.005719548880930634 0)
(0.9000784530371749 -0.005595828457576466 0)
(0.8950899207345889 -0.005456985277834035 0)
(0.890138724036043 -0.00530404215475446 0)
(0.8852321801818845 -0.005145517476084056 0)
(0.880356187016651 -0.00498155017936763 0)
(0.8755170512716998 -0.004806233376004698 0)
(0.8707618296264756 -0.004621830530410898 0)
(0.8660830929389953 -0.004434732432732268 0)
(0.8615036233921478 -0.004247328732044941 0)
(0.8570295443453202 -0.004051830425372429 0)
(0.8526851757237948 -0.003848352005400517 0)
(0.8484712559038861 -0.003645649396640095 0)
(0.8444220884641855 -0.003444812912878623 0)
(0.8405124062631887 -0.003231851106111829 0)
(0.8367057271862463 -0.0030032948193092 0)
(0.8330510921547811 -0.002776277595194433 0)
(0.8295788842152605 -0.002553847536381118 0)
(0.8262569405030453 -0.002326583477634232 0)
(0.8230864433152262 -0.002087872974136315 0)
(0.8201379856460591 -0.001853372012981869 0)
(0.8174329894203309 -0.001623126832863775 0)
(0.8148918167407398 -0.001382479215754602 0)
(0.8125243003259033 -0.001131071448280311 0)
(0.8104331906226914 -0.0008863885010495725 0)
(0.8086125464125129 -0.0006477343801234242 0)
(0.8069259163988246 -0.0003946074417049579 0)
(0.8053703914257049 -0.0001266828698777463 0)
(0.8041346057509244 0.0001327566694270653 0)
(0.8031923871100717 0.0003874631516807754 0)
(0.8023597608881959 0.0006632479302628331 0)
(0.8016888880055885 0.000951287464111876 0)
(0.8013980470527188 0.001223200463262765 0)
(0.801459712493295 0.001488368837855723 0)
(0.8015187324451516 0.001767664376550951 0)
(0.8019336182556549 0.002055321230327411 0)
(0.8025379145861561 0.002354759762666058 0)
(0.8034642624912086 0.00265248572675657 0)
(0.8046390575334403 0.002956509595825846 0)
(0.806011928615078 0.003279024595978464 0)
(0.8077333297877761 0.003586518133466777 0)
(0.8096785519749472 0.003893207883515408 0)
(0.811810113770241 0.004222592154593498 0)
(0.8143258822960536 0.004527207236312587 0)
(0.8171038869066949 0.004826620789694219 0)
(0.8199964749337378 0.005157920514386675 0)
(0.8233113051698463 0.00544874743711053 0)
(0.8269037690772482 0.00573118911598967 0)
(0.830697720656881 0.00604067338198341 0)
(0.8346325905299145 0.006310435876815778 0)
(0.8388376477715718 0.006578753507781221 0)
(0.8434216913525447 0.006838364989167222 0)
(0.8481386362138488 0.00707672405862644 0)
(0.8530987207018839 0.007298393092879783 0)
(0.8582572559790398 0.007495682775387815 0)
(0.863556019881749 0.007659681684325794 0)
(0.8690824660443088 0.007797000322195047 0)
(0.8747284635869472 0.00790292246624044 0)
(0.8805491673225023 0.007975532086160544 0)
(0.8864755972160251 0.008007658123515633 0)
(0.8925208818038965 0.007999751783666064 0)
(0.898584831888914 0.007953040698786811 0)
(0.9047464957636133 0.007866707109578604 0)
(0.9108622678235492 0.007735009554788367 0)
(0.9169377415197216 0.0075623245123595 0)
(0.9228599794044623 0.007343026179523426 0)
(0.9287547739788324 0.007089895135949394 0)
(0.9344929136906089 0.006783072927277063 0)
(0.9403147335971295 0.006447102520212795 0)
(0.9457266335782606 0.006078375396987403 0)
(0.9510131040701127 0.005681252043862124 0)
(0.9561412742897284 0.005256714564015368 0)
(0.9609583750197577 0.004820114520764762 0)
(0.9655734274201626 0.004356487130265147 0)
(0.9626303815954993 0.003399539177382394 0)
(0.9666415844569687 0.002916430315004278 0)
(0.970417027807241 0.002456422179950961 0)
(0.9737618778901755 0.002009666671596656 0)
(0.9768831487972081 0.001569420780542072 0)
(0.9798075153346115 0.001142729137469134 0)
(0.9823340568054441 0.0007269917432459858 0)
(0.984558707811559 0.0003328598656597109 0)
(0.9864206281156658 -5.142671087625087e-05 0)
(0.9880213865849206 -0.0004173263650525037 0)
(0.989365582469192 -0.0007712959484494538 0)
(0.9904467831285845 -0.001108466205282636 0)
(0.9912623206779467 -0.001433172024778378 0)
(0.9918182898330408 -0.001740900465406448 0)
(0.9921586049111129 -0.002035189260109854 0)
(0.9921474895518216 -0.002318598985564184 0)
(0.9919693402884989 -0.002590713883581221 0)
(0.9914290874167686 -0.002852403811905787 0)
(0.9907510748228012 -0.003107149097783767 0)
(0.9898189738483685 -0.003358606907869482 0)
(0.988562110142974 -0.003596571074230973 0)
(0.9870994227260259 -0.003818678141988166 0)
(0.9853311407312206 -0.004022482897061748 0)
(0.9833430246075872 -0.004216081896074137 0)
(0.9814617120521331 -0.004443766828254386 0)
(0.9792974843026258 -0.004642902546675601 0)
(0.9766044368785366 -0.004809117178102148 0)
(0.9738469845187319 -0.004962021668822893 0)
(0.9708774606525725 -0.005097210657619677 0)
(0.967764390009748 -0.005241117924851563 0)
(0.9644196171004809 -0.005353174837174941 0)
(0.9608845161229389 -0.005448263811673097 0)
(0.9572273378457778 -0.005551917556207981 0)
(0.9533720675647468 -0.005621825665073267 0)
(0.9493488455547973 -0.00567255192043624 0)
(0.9452301076706504 -0.005730764477073734 0)
(0.9409255887404581 -0.005757781896824606 0)
(0.9364587462685767 -0.005763784666730615 0)
(0.9319566899876711 -0.005767611739032806 0)
(0.9272407630768535 -0.005743073329685594 0)
(0.9224616625668146 -0.005703874206003456 0)
(0.9176079426006881 -0.005645910274543635 0)
(0.9126724840653537 -0.005580672821732527 0)
(0.9076968010586661 -0.005508799942301211 0)
(0.9026643249921553 -0.005423277267195555 0)
(0.8976129269484421 -0.005322473935263142 0)
(0.8925399820129323 -0.005208767743728804 0)
(0.8874567999357041 -0.005084342768404511 0)
(0.8823953539557815 -0.004947903850467426 0)
(0.8773676173072398 -0.004799137270453174 0)
(0.8723920536707734 -0.00464597841880454 0)
(0.8674742549434301 -0.004486550762651391 0)
(0.8626101638425179 -0.004317781004612215 0)
(0.8578311636824618 -0.004142420113481372 0)
(0.8531606980180858 -0.003965589638049534 0)
(0.8485751011792549 -0.003787665392917002 0)
(0.8441201553849853 -0.003605189232989144 0)
(0.8397950790572272 -0.003416209976517651 0)
(0.8356222196038148 -0.003227746109337922 0)
(0.8316071123741366 -0.00304186388767604 0)
(0.8277119278782176 -0.00284182246612241 0)
(0.8239569404899241 -0.00262871069165531 0)
(0.8203524289893286 -0.002416152399784507 0)
(0.8169365587478673 -0.002210772326526146 0)
(0.8136989391538788 -0.002001826590807525 0)
(0.8106267299918957 -0.001783973199364473 0)
(0.807763632196528 -0.001568569201510465 0)
(0.8051563342938436 -0.001359384874607385 0)
(0.8027324327940055 -0.001140297352370415 0)
(0.8004839896405778 -0.0009129602002854182 0)
(0.798508865412124 -0.000689320728152313 0)
(0.7967911027294613 -0.0004710441188052798 0)
(0.7951904773264294 -0.0002373261196246068 0)
(0.7937385698851473 8.573991832939015e-06 0)
(0.7926102689141491 0.0002455228221584077 0)
(0.7917633080092851 0.0004766540636830688 0)
(0.7910363702024487 0.0007283488507564492 0)
(0.7904809956504225 0.0009919296828008273 0)
(0.790310942254499 0.001238637545335422 0)
(0.7904893152473057 0.001479238860290217 0)
(0.7906907410672579 0.001733728737442717 0)
(0.7912357072266069 0.001996826021905661 0)
(0.7919393363309667 0.00227103613072902 0)
(0.7929745556703675 0.002543538795633816 0)
(0.7942392276269508 0.002822493146013928 0)
(0.7957132474010857 0.003116148815619337 0)
(0.7975620759452462 0.003394578074365605 0)
(0.7996675967723754 0.003675426182827141 0)
(0.8019524298365401 0.003979235742893105 0)
(0.8046275790694524 0.004256908527643179 0)
(0.8075373896777933 0.004532068541490109 0)
(0.8105320409256549 0.004836011149567842 0)
(0.8139541106978481 0.00509925868987183 0)
(0.8176452757885053 0.005357527851954011 0)
(0.8215549580465582 0.005638833223109892 0)
(0.8256749911702675 0.005884609235441377 0)
(0.8299982583050226 0.006128067891055368 0)
(0.8346313689506301 0.006361714715965985 0)
(0.8395381463016862 0.006580762744543791 0)
(0.8445942692251271 0.006780848426182625 0)
(0.8498155989475293 0.006956199465695258 0)
(0.8552906565571244 0.00710662042156606 0)
(0.8608465362631518 0.007225943991759937 0)
(0.8666147321598302 0.00731843430791195 0)
(0.8725064615045764 0.007375412202872134 0)
(0.8785084990702292 0.007397104024620864 0)
(0.8846248902166757 0.007382743286343258 0)
(0.8907487324206415 0.007333435435077265 0)
(0.8969655701763084 0.007244840360740299 0)
(0.9031561476473752 0.007113115351399005 0)
(0.9092937311388128 0.0069459374171067 0)
(0.9152979054639119 0.006736100428821121 0)
(0.9212569926520844 0.006492481336819062 0)
(0.9270723961367004 0.006199306892234328 0)
(0.9329061737102764 0.005876766796285489 0)
(0.9383588496780076 0.0055294334190033 0)
(0.9437292957710983 0.005150510595172799 0)
(0.9489031223796581 0.004752021523332096 0)
(0.9537025835931301 0.004341669267824372 0)
(0.9583305012700534 0.003905762846925132 0)
(0.9547840770274322 0.002990046571247531 0)
(0.9587847126088893 0.002536980120122545 0)
(0.9625382662705901 0.002105126201591326 0)
(0.9658381719704325 0.001690299416021281 0)
(0.9689107827094303 0.001280196025486357 0)
(0.9717917354711049 0.0008844384949900075 0)
(0.9742895676623109 0.0004987393859994003 0)
(0.9764319470497816 0.0001341623089962989 0)
(0.9782167957259768 -0.0002198722977097028 0)
(0.9797177675391946 -0.0005573066847930184 0)
(0.9809995581941358 -0.0008834927876762595 0)
(0.9819438875257895 -0.00119738636782895 0)
(0.9827365807355539 -0.001492788458927677 0)
(0.9831745579620554 -0.001775417990504533 0)
(0.9834182682217061 -0.002045635825870197 0)
(0.9833045432300463 -0.002303798697237817 0)
(0.9829168908867173 -0.002550207749549976 0)
(0.9823702104998111 -0.002787186046641044 0)
(0.9814450728706525 -0.003017940330139673 0)
(0.9803710099308665 -0.003245204699743663 0)
(0.979041982867204 -0.003461155908594992 0)
(0.9773063499224499 -0.003660035437130653 0)
(0.9753856580481838 -0.003841453457330592 0)
(0.9733121381021662 -0.00401258030920231 0)
(0.9711388609059589 -0.004219387097835073 0)
(0.968823472223353 -0.004399325985880848 0)
(0.9659547203752616 -0.004543003667166909 0)
(0.9630421050027197 -0.004676291217443826 0)
(0.9599019060085024 -0.004791885917264148 0)
(0.9566177742734604 -0.004915187282605508 0)
(0.9531029853126836 -0.005009805722772792 0)
(0.9493885848195953 -0.005087181942610088 0)
(0.945530078645492 -0.005174794302016658 0)
(0.9414573790213709 -0.005229386394712046 0)
(0.9372330713047456 -0.005264273438381472 0)
(0.9329217697800509 -0.00530803775054264 0)
(0.9284169367405903 -0.005321422814384524 0)
(0.9237364033022102 -0.005314144789704578 0)
(0.9190702842438837 -0.005307605039053368 0)
(0.9142393773690236 -0.005275036976224592 0)
(0.9093356515062379 -0.005228010313543646 0)
(0.9043707230780249 -0.005162861439691764 0)
(0.8993350032366454 -0.005091626055919741 0)
(0.8942432131994689 -0.005013956319043402 0)
(0.8891104757109789 -0.004925683029289528 0)
(0.8839740858033165 -0.004823962737894954 0)
(0.878827625795621 -0.00470936353817013 0)
(0.8736896400752623 -0.004585792547194678 0)
(0.8685853198162524 -0.004452589327346217 0)
(0.8635243493104803 -0.004309138849308558 0)
(0.8585149177539502 -0.004160660825154677 0)
(0.853562068396881 -0.004006522313455936 0)
(0.8486980915750636 -0.003846301071714628 0)
(0.8439287280508876 -0.00368076734237302 0)
(0.8392486311583878 -0.003512224777781901 0)
(0.8346917965041055 -0.00334628538543404 0)
(0.8302940239442587 -0.003178377821774019 0)
(0.8260185680846575 -0.003003749486037956 0)
(0.821890966769484 -0.00282892332508175 0)
(0.8179087608814818 -0.002655483751389832 0)
(0.8140466306718097 -0.002469611603277964 0)
(0.8103174113112996 -0.002270676940757164 0)
(0.8067697163384017 -0.002074837536334189 0)
(0.8034278454311337 -0.001886994981166325 0)
(0.8002776787758962 -0.001698693713874209 0)
(0.7972928523545071 -0.001499071320985276 0)
(0.7945469072703342 -0.001305006641568665 0)
(0.7920374083883686 -0.001115858021962772 0)
(0.789724826624129 -0.0009202141649705193 0)
(0.7875840141372896 -0.0007138569807596927 0)
(0.7857127212644612 -0.0005110472537214509 0)
(0.7840855538319642 -0.0003112317395590778 0)
(0.7825873787490643 -9.845057609841925e-05 0)
(0.7812455714392841 0.0001268749822549264 0)
(0.7802361286270096 0.0003396101399639071 0)
(0.7795223059263255 0.0005483189560780259 0)
(0.7789338064391111 0.0007760963622544478 0)
(0.7784881540981163 0.001017102832766344 0)
(0.7784724142966949 0.0012394285842477 0)
(0.7787793943480217 0.001456159433810475 0)
(0.779103110300343 0.001684505986373714 0)
(0.7798039703785301 0.001924884342295103 0)
(0.7806715268341522 0.002178094513679426 0)
(0.7818749008564218 0.002427333807041205 0)
(0.7833084789942056 0.002681761353241652 0)
(0.7848905526022244 0.002947156285839296 0)
(0.7868540486845075 0.003198890853734029 0)
(0.7890712858403488 0.003454204809614482 0)
(0.7914696510454178 0.00373029935384729 0)
(0.7942689873709772 0.003981143838211833 0)
(0.797295843330339 0.004233108919972159 0)
(0.8004439830090901 0.004513898198082577 0)
(0.8040380894323282 0.004750543612237588 0)
(0.8078880575200238 0.004984673415733216 0)
(0.8119213419791208 0.005239197691810031 0)
(0.8160973245132015 0.005459223979167056 0)
(0.8205611898357374 0.005681431335412558 0)
(0.8253803906752771 0.00589541644048917 0)
(0.8303246526088829 0.006091252276378712 0)
(0.8354962479025358 0.006270903954451066 0)
(0.8408890948921978 0.006429539882257531 0)
(0.846365316674791 0.006559716838407509 0)
(0.8520769219605895 0.006665614466060297 0)
(0.8579356814426126 0.006743190410042227 0)
(0.8638941298147906 0.006789580018774151 0)
(0.8700472829986711 0.006804336935950921 0)
(0.876139678074654 0.00678379702642515 0)
(0.8823986523329772 0.006729841580458173 0)
(0.8886334706499651 0.006636089822449604 0)
(0.8948950623111349 0.006505623392440973 0)
(0.9010869784174251 0.006345284317630458 0)
(0.9071535476530717 0.006145133724969038 0)
(0.9131742243023901 0.005910231831304204 0)
(0.9190599810947754 0.005630574181165308 0)
(0.9249230769424059 0.005322900571579733 0)
(0.9304002273570249 0.004996114170155972 0)
(0.9358218772738011 0.004640756100322184 0)
(0.9410627110055358 0.004263213926158486 0)
(0.9458404775784743 0.003878900919268628 0)
(0.9504627704928905 0.003470756436549316 0)
(0.946118674933306 0.002598077034222556 0)
(0.9500977438837439 0.002174742944627828 0)
(0.9538020539382828 0.001771562850445131 0)
(0.9570542523426607 0.00138596644909324 0)
(0.9600613874408112 0.001006727064319916 0)
(0.9628853155002207 0.0006412273647621234 0)
(0.9653000277533763 0.0002848032433702801 0)
(0.9673776014833479 -5.041407811471277e-05 0)
(0.9690386857776312 -0.0003739771995765119 0)
(0.9704795067127546 -0.0006839487172196041 0)
(0.9716141936315236 -0.0009818822131631652 0)
(0.9725458456046878 -0.001269148372818029 0)
(0.9731240042231485 -0.001541058558335853 0)
(0.9735536729870461 -0.001797937523586508 0)
(0.9735572499540754 -0.00204264404520758 0)
(0.9733152407655452 -0.002275270590298664 0)
(0.9727855507335038 -0.00249786850844492 0)
(0.9719614935484432 -0.002709177948379138 0)
(0.9710124599341083 -0.002916677091754369 0)
(0.9697089484068739 -0.003120819457063849 0)
(0.9681437283245827 -0.003313897261085903 0)
(0.966334629671898 -0.003490735681174896 0)
(0.9641843383244427 -0.003651056818769137 0)
(0.9617769020592695 -0.003797808620130085 0)
(0.9595518401646121 -0.00398508230897834 0)
(0.9571247683987202 -0.00414619828936108 0)
(0.9539962546407614 -0.004269104861730174 0)
(0.9508279730513427 -0.00438129278767316 0)
(0.947454727868327 -0.004476933956514421 0)
(0.9439227283479419 -0.00458109465727539 0)
(0.940176492204843 -0.004658981939664128 0)
(0.936240691820427 -0.004720021721923577 0)
(0.9322148500210233 -0.004792225782669527 0)
(0.9279841093569953 -0.004833756183703234 0)
(0.9235849947058791 -0.004854100913378237 0)
(0.9191279430119385 -0.004882576849854256 0)
(0.914483902590177 -0.004884425928860743 0)
(0.9096576810326472 -0.004865849827339062 0)
(0.9048553552188039 -0.004849682659837705 0)
(0.8999147446557803 -0.004810559243678076 0)
(0.8949158937486831 -0.004757754838477149 0)
(0.889832624235995 -0.004685674787824434 0)
(0.8846964978768203 -0.004608511319694851 0)
(0.8794852779954609 -0.004526523377524059 0)
(0.874239637158101 -0.004436402405618966 0)
(0.8690039120856105 -0.004334551422817337 0)
(0.8637850222920797 -0.004221337409403479 0)
(0.8585854947191562 -0.004100052216097438 0)
(0.8534256101250938 -0.00397067907978352 0)
(0.84831883297518 -0.003832057007386914 0)
(0.8432788699744538 -0.003689169741886464 0)
(0.8383021560709112 -0.003541869160169746 0)
(0.8334338081642574 -0.003392496908638082 0)
(0.8286615137345217 -0.003234679716297854 0)
(0.8240017151446509 -0.003076741056444757 0)
(0.8194734442898829 -0.00292368898634262 0)
(0.8151101442870493 -0.002770442497268954 0)
(0.8108774459740792 -0.002609466689830681 0)
(0.8067947349927648 -0.00244835269952416 0)
(0.8028750585052751 -0.002288274082253909 0)
(0.7990983054817659 -0.002116922430867369 0)
(0.7954562071325778 -0.001934148035637123 0)
(0.7920222322170538 -0.001755217992711759 0)
(0.7888106740245021 -0.001586696713846061 0)
(0.785799205561634 -0.001417706600661698 0)
(0.7829413806595409 -0.001237537116653527 0)
(0.7803355878892406 -0.001062594045056506 0)
(0.7779744021694539 -0.0008940767044639509 0)
(0.7758070613714028 -0.000719371401432297 0)
(0.7737942696812216 -0.0005333387772180442 0)
(0.7720472248529586 -0.0003484153698815986 0)
(0.7705372120337955 -0.000167827502357132 0)
(0.7691726125929055 2.642659851435725e-05 0)
(0.7679559158675903 0.0002296007489555002 0)
(0.7670985636489749 0.0004203585482692445 0)
(0.7665296983625149 0.0006055354638800675 0)
(0.7660791494265937 0.0008123482972814846 0)
(0.7657805648550042 0.001029749616757081 0)
(0.7659245119195481 0.001229645785423579 0)
(0.766398048112543 0.001421348571442947 0)
(0.7668348162396093 0.00162641002357062 0)
(0.7676257782290319 0.001844919454671718 0)
(0.7686138414063887 0.002074260965135377 0)
(0.769949384614254 0.002299666735737225 0)
(0.7715034521264678 0.002529079578648 0)
(0.7732794526665875 0.002770820291432643 0)
(0.7754279912540767 0.002997038956190568 0)
(0.7778190015926534 0.003228104824972979 0)
(0.7803687904518329 0.003479015124570105 0)
(0.7832713083203975 0.003705078460614579 0)
(0.7864159112812669 0.003934617346690377 0)
(0.789666662981045 0.004190207824650011 0)
(0.7933812416983222 0.004399179788851421 0)
(0.7973378990653476 0.004610093500013467 0)
(0.8015317308304082 0.004841523853587841 0)
(0.8059144507077339 0.005040510381182804 0)
(0.8104422041878516 0.005239849026319735 0)
(0.815319624952668 0.005430816807006121 0)
(0.8204654384991639 0.005609283344210355 0)
(0.8257346549525848 0.005769407517696039 0)
(0.8311556594699483 0.005908160169806461 0)
(0.8368239329683157 0.006025473172020849 0)
(0.8425906102109704 0.0061160138201107 0)
(0.8485252768852444 0.006181155840731807 0)
(0.8546507645985086 0.006217715654521522 0)
(0.8607609448277356 0.006222411869076892 0)
(0.867028348520689 0.006197931781393355 0)
(0.8733077784147087 0.006139672170605544 0)
(0.8796146687000372 0.006046035275121093 0)
(0.8859651377332101 0.005918104701613114 0)
(0.8922139407150163 0.005761792500240837 0)
(0.8983308617366718 0.005567787575445559 0)
(0.9043853494397027 0.005342338355338788 0)
(0.9103146860533955 0.005076963625905304 0)
(0.9161986585210184 0.004785082369210162 0)
(0.9217002227536208 0.004478887176595401 0)
(0.9271783228836599 0.004144406600282986 0)
(0.9324383634304385 0.003790715934712846 0)
(0.9371794104956896 0.003432524215500598 0)
(0.9417815669497109 0.003051922096192816 0)
(0.9364516447341551 0.002223547366352277 0)
(0.9403746700463258 0.001827892480666456 0)
(0.9440216078314705 0.001454781858183602 0)
(0.9471857055485727 0.001099323484418982 0)
(0.9501660656562333 0.0007491881725032568 0)
(0.9528960053608041 0.0004134391540291713 0)
(0.9552010188399963 8.633934265078213e-05 0)
(0.9572259865690111 -0.0002207651924227318 0)
(0.9587344230923143 -0.0005133296263810006 0)
(0.9600767607687984 -0.0007969220188747088 0)
(0.9610268399617601 -0.001067242036210348 0)
(0.9618267094201582 -0.001327532127200787 0)
(0.9623020269691374 -0.001572798952223799 0)
(0.9624740067636115 -0.001805291070648452 0)
(0.9624592106070583 -0.00202545357156054 0)
(0.9619036357105344 -0.002232261380262274 0)
(0.9612184902836687 -0.002430014878789501 0)
(0.960254640494331 -0.00261873132116021 0)
(0.9589827525830521 -0.002802021673754916 0)
(0.9575710545392377 -0.002983559967647936 0)
(0.955873651480072 -0.003154643900397948 0)
(0.9537047411628133 -0.003308662307478496 0)
(0.9513558276801944 -0.003448419506681314 0)
(0.9488608110933592 -0.003574227826840735 0)
(0.9463111329773781 -0.00374053147896247 0)
(0.9435804521943472 -0.003881796944970715 0)
(0.9402372888253021 -0.003984332199748105 0)
(0.9368798324237383 -0.004077730896071266 0)
(0.9333107948554575 -0.004154470941768511 0)
(0.9295889905642312 -0.004239424119607486 0)
(0.9256625481259234 -0.004303082518449681 0)
(0.9215501456180694 -0.004349515524756533 0)
(0.9173614801835467 -0.00440631095326202 0)
(0.912962982182946 -0.00443532909993439 0)
(0.9083755939792697 -0.004443308861649386 0)
(0.9036847306910525 -0.004457158804255966 0)
(0.8988362006536821 -0.004447773782280244 0)
(0.8938105920368209 -0.00441973111371285 0)
(0.8888256753309646 -0.004396086951443628 0)
(0.8837076327393086 -0.004350725936556124 0)
(0.8785331214867793 -0.004292331212724441 0)
(0.8733376909585213 -0.004215550357268075 0)
(0.8680639207798406 -0.004132647585348445 0)
(0.8627802274640756 -0.004048651232920713 0)
(0.8574827541691544 -0.003958249997235298 0)
(0.8522030401795399 -0.003857227165383598 0)
(0.846937302477116 -0.003746821067900901 0)
(0.8417340841567181 -0.003629576860901644 0)
(0.8365739905777568 -0.00350422804425796 0)
(0.8314538776873166 -0.003370869576288259 0)
(0.8264374195483155 -0.003234376489252702 0)
(0.821496381619427 -0.003095999158483905 0)
(0.8166714432273835 -0.002956704513002879 0)
(0.8119477260934054 -0.002807978383594319 0)
(0.8073617848576591 -0.002661354411542523 0)
(0.802907900400649 -0.002522448762882378 0)
(0.7986257627613252 -0.002382234201719105 0)
(0.794489357029564 -0.002236419295878707 0)
(0.7905000194444686 -0.002088132881517871 0)
(0.7866836805430448 -0.001940682741029491 0)
(0.7830112067859065 -0.001783530011047007 0)
(0.7794973235913881 -0.001618547949227119 0)
(0.7762096973943011 -0.001457414859705087 0)
(0.7731726537453589 -0.001308463939811707 0)
(0.7702888695820171 -0.001156599539742016 0)
(0.7675998437356812 -0.0009961351835969284 0)
(0.7651534490279621 -0.0008403336022273493 0)
(0.7629514738578378 -0.0006915101162728069 0)
(0.7609320892234348 -0.0005361826360734609 0)
(0.7590653317795419 -0.000367881303289066 0)
(0.7574409540446072 -0.0002007263150826949 0)
(0.7560616253209795 -3.89843084134845e-05 0)
(0.7548283154572477 0.0001351342773969362 0)
(0.7537624346479368 0.0003170857184128954 0)
(0.7530333844950681 0.0004854336098048006 0)
(0.7526157496138723 0.0006490364538570476 0)
(0.7522984862321691 0.0008338442941314444 0)
(0.7521350462065017 0.001029304182572067 0)
(0.7524385962948881 0.001205420798987182 0)
(0.7530531404114048 0.001374829633217486 0)
(0.7536471676098745 0.001559080371876207 0)
(0.7546305440447696 0.001756243154712386 0)
(0.7557507543077568 0.001961577418510616 0)
(0.757217121766632 0.002164822959048223 0)
(0.7589096796078489 0.002370514963838207 0)
(0.7608135021407958 0.002586415073813199 0)
(0.7630872577237984 0.002787391501058984 0)
(0.7655932144828446 0.002995566761910401 0)
(0.7682632593731133 0.003222944853554757 0)
(0.7713583487660722 0.003425223964573855 0)
(0.774683877906182 0.003633626020230948 0)
(0.778104096343905 0.003867063129888551 0)
(0.781982157205559 0.004051200534496976 0)
(0.7860381447029285 0.004238186461255219 0)
(0.7903219452398859 0.004445616792911434 0)
(0.794753975222993 0.004622315558274039 0)
(0.7994865119599182 0.004802891526713014 0)
(0.804519817255599 0.004974978193989067 0)
(0.8096840845841198 0.005133540739751005 0)
(0.8150694800131748 0.005275288188085292 0)
(0.8207058617783558 0.005399433823064969 0)
(0.8263572069980002 0.0054994515639314 0)
(0.8322439122421339 0.005577783530844844 0)
(0.8383436672203389 0.005630490700169485 0)
(0.8444315817001826 0.005656564528519184 0)
(0.8507059999579364 0.005655280488191808 0)
(0.8570361897018195 0.00562593463198849 0)
(0.8633694998793449 0.005565410239711847 0)
(0.8698288667817256 0.00547060428404272 0)
(0.8761619265186448 0.005344227502445262 0)
(0.8825249760123174 0.005192742681230089 0)
(0.8886413218551217 0.00500684326994565 0)
(0.8947667492583034 0.004794014667665023 0)
(0.900681809925683 0.004542806357853622 0)
(0.9066045249445867 0.004265465289881316 0)
(0.9121179225994682 0.003977094207710041 0)
(0.9176082723977701 0.003664384428726032 0)
(0.922863977245207 0.003334232115546674 0)
(0.9275590413061131 0.002999264621270847 0)
(0.9321423456369484 0.002645607743206999 0)
(0.9255525898838783 0.001866599794473557 0)
(0.9294132605323671 0.001499272753007432 0)
(0.9329659433149171 0.001156024535604169 0)
(0.9360156247466697 0.0008303222465152168 0)
(0.9389035097579377 0.0005102939964040322 0)
(0.9415639841189789 0.0002011975963838436 0)
(0.9437108496987074 -9.544458680557375e-05 0)
(0.945614423433388 -0.00037238330948109 0)
(0.9469815563583568 -0.0006372614071333959 0)
(0.9480933667560041 -0.0008922342078678094 0)
(0.9489859422310452 -0.001136536245643099 0)
(0.949510847427701 -0.001370247243008225 0)
(0.9499056498998359 -0.001588818835687544 0)
(0.9498397478201372 -0.001795040026528168 0)
(0.9495238840697777 -0.001989877393779254 0)
(0.9489317197934155 -0.002173467755653397 0)
(0.947873389289821 -0.002346885965494127 0)
(0.9466824048916416 -0.002511924310559969 0)
(0.9453657677946447 -0.002673523785275044 0)
(0.9435422453002207 -0.002831815989147977 0)
(0.9415604364093682 -0.002980833485416094 0)
(0.939318893421916 -0.003114042530470173 0)
(0.9367027041901791 -0.003233149856663777 0)
(0.9337499314489726 -0.00333621310384412 0)
(0.9310604956368251 -0.003482917461319814 0)
(0.9282723063711249 -0.003607379555950755 0)
(0.9246978162965025 -0.003690228949405077 0)
(0.9210615849670888 -0.003764698211570112 0)
(0.9172036265347712 -0.003823865999030555 0)
(0.9132459784038666 -0.003892287605681759 0)
(0.9090539870665371 -0.003941235125394509 0)
(0.9046855411266398 -0.003973491535535733 0)
(0.900232929623994 -0.004015840415136025 0)
(0.8956019384657466 -0.004032366638864664 0)
(0.8908015734983126 -0.00402815163922577 0)
(0.8859650784527456 -0.004030395855411532 0)
(0.8809680499696939 -0.004011495471026182 0)
(0.8758235263303334 -0.003975679758317248 0)
(0.8707447863804957 -0.003945671299498214 0)
(0.8655330877370386 -0.00389537755834926 0)
(0.8602766209004465 -0.003833356761430298 0)
(0.8549612175061554 -0.003751741823821418 0)
(0.8496351167388659 -0.003666081421744452 0)
(0.8442864819603988 -0.003581218462222343 0)
(0.8389490303350505 -0.003491548378580252 0)
(0.833658842143605 -0.003393185878960489 0)
(0.8283917857650458 -0.003286808513048038 0)
(0.8231952585755731 -0.003174330422419467 0)
(0.8180487605285989 -0.003053346149705783 0)
(0.8129750358977135 -0.002927470333181624 0)
(0.8080108626842015 -0.00279840751810509 0)
(0.8031307715665361 -0.002669853038281249 0)
(0.7983623275566204 -0.002539616550901925 0)
(0.7937377491765932 -0.002402205717110431 0)
(0.789227704208785 -0.002268495137069613 0)
(0.7848624043766003 -0.002142868287688129 0)
(0.7806747740405527 -0.00201639196864796 0)
(0.7766054738278113 -0.001883851328859762 0)
(0.7727258474301406 -0.00174907935844222 0)
(0.7690049427406599 -0.001614968218023616 0)
(0.7654592642387905 -0.001474202091535795 0)
(0.7621097914371388 -0.001327125930041655 0)
(0.7589807308600937 -0.001186368953626053 0)
(0.7560841856243568 -0.001054656171165085 0)
(0.7533943602885016 -0.0009209996408056907 0)
(0.7508377897928894 -0.0007783513571774702 0)
(0.748549808184285 -0.0006430474761336669 0)
(0.746522921739702 -0.0005125789632834695 0)
(0.7446444989129622 -0.0003751937427400667 0)
(0.7428984899814048 -0.0002220268152390659 0)
(0.7414196687244593 -7.365418581855936e-05 0)
(0.7401835626652638 6.953932692649132e-05 0)
(0.7391321550231934 0.0002218551142932491 0)
(0.7382241682577312 0.0003841425263639146 0)
(0.7376940158723031 0.0005314199335161851 0)
(0.7374446531237733 0.0006754059864239113 0)
(0.7372913848678875 0.0008378317448803124 0)
(0.737313481147017 0.001012463791208359 0)
(0.737797216560554 0.001166635191797755 0)
(0.7385646709301805 0.00131697167016094 0)
(0.7392794642923779 0.001480076673699939 0)
(0.7403807873232952 0.001654741622752582 0)
(0.7416742954322715 0.001838680909056569 0)
(0.7433593430939065 0.002019786825513156 0)
(0.7452742825261582 0.002202848035508392 0)
(0.7473780190228352 0.002395787793601835 0)
(0.7498039649601203 0.002574993992358067 0)
(0.7524112927111234 0.002761139309874042 0)
(0.7551928578184626 0.002964676260137307 0)
(0.7583965853017484 0.003142935934523129 0)
(0.7618185337052219 0.003330629907119337 0)
(0.7653432779465297 0.003540733227674243 0)
(0.7693696758676819 0.003699600047068276 0)
(0.7735934737248717 0.003866075687883425 0)
(0.7780671288135304 0.004053925829571365 0)
(0.7826725541027424 0.004211633929232912 0)
(0.7874170271538903 0.004370647288404559 0)
(0.7925376257553156 0.00452397483709837 0)
(0.7979314838902453 0.004666225195040298 0)
(0.8034021175636339 0.004790396009274683 0)
(0.8090081479971563 0.004895056602961661 0)
(0.8148875639015475 0.004983724839671219 0)
(0.8208948983318824 0.005049431028454751 0)
(0.8269742586922381 0.005091015708361234 0)
(0.8332335011218913 0.005108968275467727 0)
(0.8395818009031402 0.005101083523328909 0)
(0.8459327973415088 0.005066569950196467 0)
(0.8524643026377698 0.005004638573108882 0)
(0.8588584493851543 0.004909527590435312 0)
(0.8653234105937504 0.004785476122528829 0)
(0.8716974770842847 0.004639647048353912 0)
(0.8778700108878241 0.004463007210779712 0)
(0.8840590307606719 0.004261395372618714 0)
(0.8899506393470862 0.004023760883571549 0)
(0.8959168969062009 0.003762261633955847 0)
(0.9014189568425619 0.003494121800086726 0)
(0.9068703571362947 0.003201292786727945 0)
(0.9121229061692115 0.002895847443207272 0)
(0.9167690257813084 0.002585861764623378 0)
(0.9213070662943335 0.002259178617789994 0)
(0.9130881997659113 0.001529318170765382 0)
(0.9168450316554227 0.001190114077798537 0)
(0.9202667037628693 0.0008761742089755534 0)
(0.923168191167681 0.0005804484233355864 0)
(0.9259048900925774 0.0002905583536811514 0)
(0.9285001232126933 8.721358662102324e-06 0)
(0.9304761771338629 -0.0002579810017773262 0)
(0.9321560552748047 -0.000505128858146557 0)
(0.9334020424156186 -0.0007440838294093204 0)
(0.9342323575729872 -0.0009692233869263353 0)
(0.9349425701699161 -0.001185255882840877 0)
(0.9353143964273758 -0.001393125571516861 0)
(0.9353393393918528 -0.001586324488029011 0)
(0.9352073344741151 -0.001766770439023397 0)
(0.9345885461597385 -0.001936049308285983 0)
(0.9335981679704856 -0.002094714860984269 0)
(0.932497031123543 -0.002245943833293813 0)
(0.9309266642969443 -0.002389339635538347 0)
(0.9291918593174776 -0.002527182580149964 0)
(0.927329866933627 -0.00266390731834488 0)
(0.9251340120517664 -0.002792798597177193 0)
(0.9224208575093436 -0.002903921171098678 0)
(0.9195319848643595 -0.003003209042457164 0)
(0.9164701540319039 -0.003087578014572139 0)
(0.9135060506805783 -0.003212577172274216 0)
(0.9102742517274476 -0.003318254004000656 0)
(0.9063367393276279 -0.003383767113105325 0)
(0.902484710684768 -0.003441423842339376 0)
(0.8984084330206171 -0.003484835266444852 0)
(0.8942449416649627 -0.00353729065187742 0)
(0.8898875149736372 -0.003573697551445727 0)
(0.8853339426903132 -0.00359332002395093 0)
(0.8807277706864023 -0.003622049749167479 0)
(0.8759455020168911 -0.003628259431331142 0)
(0.8709812933441672 -0.003612607927856965 0)
(0.8659839709424449 -0.003604237809100437 0)
(0.860881742462684 -0.003578870649550972 0)
(0.8556438889046112 -0.003537284887233004 0)
(0.8504735655529927 -0.003501297974955821 0)
(0.845078519116349 -0.003446447465523753 0)
(0.8396633098297871 -0.00338133304392606 0)
(0.8342659048205863 -0.00329770404857704 0)
(0.8288691537633196 -0.003210804808434621 0)
(0.8234650950853175 -0.003126934457637148 0)
(0.8180930772949422 -0.003039617612168959 0)
(0.8127712768931965 -0.002944796401808577 0)
(0.8075070761772299 -0.002843493009549635 0)
(0.802297591864098 -0.002735778509864461 0)
(0.7971767033444139 -0.00262140635313827 0)
(0.7921386474572435 -0.002502918910864041 0)
(0.7872175322187078 -0.002382912916191422 0)
(0.782410905340391 -0.002264099587969312 0)
(0.7777398987768525 -0.002144168449863794 0)
(0.7731867802190603 -0.002018767352570863 0)
(0.7688392958319474 -0.001900310492719679 0)
(0.7646175900110705 -0.001786648579404944 0)
(0.7605760566657607 -0.001672941160083125 0)
(0.7566637713755695 -0.001553526514213659 0)
(0.7529472188355196 -0.001433914166135382 0)
(0.7494322333471815 -0.001315848773715547 0)
(0.7460867879018327 -0.001190977571802113 0)
(0.7429457082067483 -0.001063036043140606 0)
(0.7400313869983717 -0.0009407096818030898 0)
(0.7373683664733841 -0.0008262498937956914 0)
(0.7348513641940335 -0.0007076542694927971 0)
(0.7325147022043724 -0.0005838874179966071 0)
(0.7304315027138284 -0.0004668740769335004 0)
(0.7285796419838105 -0.0003536922566802443 0)
(0.7268874063714672 -0.0002307206344883305 0)
(0.7253143528218389 -9.384576693345444e-05 0)
(0.7240203728085891 3.738755774255159e-05 0)
(0.7229824063509595 0.0001609375601678562 0)
(0.722103446576931 0.0002938483739700106 0)
(0.7213961772533102 0.0004349106146254978 0)
(0.7210680567873984 0.0005635337465349337 0)
(0.7210202936345027 0.000687294254100016 0)
(0.7210458387718124 0.000829549912768188 0)
(0.7212445184933776 0.0009828061710774032 0)
(0.7219035448341464 0.001118117047152995 0)
(0.7228514429605079 0.00125012388999524 0)
(0.7236807160575882 0.001392828921747129 0)
(0.7249044490659289 0.001546337489714994 0)
(0.726337267113965 0.001707098525042879 0)
(0.7281512188405226 0.00186489097930875 0)
(0.7301833763976697 0.002025622045700324 0)
(0.7324090769532803 0.002196620815053093 0)
(0.735031278531966 0.002355019868602196 0)
(0.7378496491805258 0.002521385400031804 0)
(0.7408142877733759 0.002703960208762166 0)
(0.7442257970511551 0.002861385529337104 0)
(0.7477718427328794 0.003027912610691149 0)
(0.7513867418585434 0.003214814332363344 0)
(0.7555241740427073 0.0033509396786683 0)
(0.7598326921802276 0.003498246503898638 0)
(0.7643857422296629 0.003664760341307945 0)
(0.7690843731014132 0.003802225811219139 0)
(0.774099795857415 0.003944082183626409 0)
(0.7793184818715685 0.004080573246573731 0)
(0.7847157592779206 0.004204573998309367 0)
(0.7903274837356067 0.004311476339373715 0)
(0.7962027312111779 0.004402990437888036 0)
(0.8020591069585525 0.004477139369354476 0)
(0.8081129789614039 0.004531243995087591 0)
(0.8144106834422841 0.004564053581422278 0)
(0.8206813507811673 0.004573462054374271 0)
(0.8270590237668873 0.004559046480116568 0)
(0.833608741058068 0.004520918780514509 0)
(0.8400756341324904 0.004456818870890888 0)
(0.8465750986946248 0.004363669352717989 0)
(0.8531590423155222 0.004242289765327607 0)
(0.8595131182135392 0.004102669077854777 0)
(0.8657505573561655 0.003936081542621148 0)
(0.871911956589031 0.003745801438321169 0)
(0.8778285899643576 0.003522469555433035 0)
(0.8838102184072301 0.003276815434542361 0)
(0.8892114918127183 0.003028733124222844 0)
(0.8946712810335238 0.002757730287072125 0)
(0.8998776781852469 0.002476382967518419 0)
(0.9044537840333858 0.002192229810529877 0)
(0.9089298009248445 0.001891967364441881 0)
(0.8986127822543949 0.001213296837040586 0)
(0.9022177206944608 0.000902552878825832 0)
(0.9054913229538893 0.000616849241113599 0)
(0.9081827256621927 0.0003518958494850685 0)
(0.9107253138561187 9.069677284529873e-05 0)
(0.9131297457004712 -0.000160412655716314 0)
(0.9150128251035102 -0.0003992066422488728 0)
(0.9163805010521398 -0.0006180162874753855 0)
(0.9173389280324959 -0.0008269292263823647 0)
(0.9180273282151094 -0.001025162097206092 0)
(0.9183588783782504 -0.001213910544512084 0)
(0.9185808409316263 -0.001394897892704241 0)
(0.9183189339228892 -0.001561452612625793 0)
(0.9177497638907717 -0.001716537022704653 0)
(0.9170612335990603 -0.001862416260937582 0)
(0.915697785481744 -0.00199725229861438 0)
(0.9141055343229532 -0.00212505860759167 0)
(0.9124389416724729 -0.002247060393379784 0)
(0.9104729025814553 -0.002364189190601929 0)
(0.9080914021697299 -0.002477925446942787 0)
(0.9055590701459841 -0.002586822477668927 0)
(0.9027609501275592 -0.00267906357435127 0)
(0.8996132284825806 -0.002758747026894158 0)
(0.8959910144834267 -0.002823510881874976 0)
(0.8926674183158168 -0.002928773956280682 0)
(0.8894342668842224 -0.003018013923066756 0)
(0.8852189908366961 -0.003067148532780614 0)
(0.8811523976660699 -0.003110061657255293 0)
(0.8769157150390332 -0.003140690370821774 0)
(0.8725534100906424 -0.003178012178959329 0)
(0.8679850234175048 -0.003202169618605153 0)
(0.8631870687729903 -0.003211210711393452 0)
(0.8582995470802237 -0.003227057923586161 0)
(0.8532562025408075 -0.003222085881410819 0)
(0.8480413463797103 -0.003196656914354047 0)
(0.8428700074145805 -0.003181560773231343 0)
(0.8375693500347193 -0.003150253441078946 0)
(0.8321366743828302 -0.003103573758766262 0)
(0.8268248402472418 -0.003063651507903593 0)
(0.8214150666797538 -0.003006613306656898 0)
(0.8159554048471793 -0.002939572442232293 0)
(0.8105336025197366 -0.002856158199469911 0)
(0.8051207744514477 -0.002769769021086204 0)
(0.7997366128897649 -0.002687996192342603 0)
(0.7943989433675177 -0.002604362867151309 0)
(0.7891273016595678 -0.002514567882700595 0)
(0.7839470294913051 -0.002419284280884682 0)
(0.7788017146587586 -0.002317398638983142 0)
(0.7737778964927426 -0.002210738303196397 0)
(0.7688613628772395 -0.002100758984584118 0)
(0.7640646291448541 -0.001990735793045592 0)
(0.7594061611117026 -0.001882861799742366 0)
(0.7548736503126519 -0.001773288433924346 0)
(0.7505351298189656 -0.001663348733106386 0)
(0.7463586757004659 -0.001557546286641439 0)
(0.7423582374777873 -0.001456888595336611 0)
(0.738500182482692 -0.001354877982437359 0)
(0.7348092318757646 -0.001249631527585557 0)
(0.7312634301742338 -0.001144842455626549 0)
(0.7279918259072127 -0.001042949806157935 0)
(0.7248840635303495 -0.0009343057962180926 0)
(0.7219986308482736 -0.0008251219676299261 0)
(0.7193228429415239 -0.0007203264937712195 0)
(0.7168591469504717 -0.0006213101927043942 0)
(0.7145759548652338 -0.0005177113928850706 0)
(0.7124703874196443 -0.0004114572998713077 0)
(0.7106077415459127 -0.0003120080889936933 0)
(0.708978883481322 -0.0002141314767997263 0)
(0.7074627624293137 -0.0001047723416421568 0)
(0.7060765398626674 1.600628172711518e-05 0)
(0.7050003907556077 0.0001293182112273522 0)
(0.7041872562270438 0.0002343551051888217 0)
(0.7034962604782762 0.0003478179376840214 0)
(0.7029768693279481 0.0004691513685877302 0)
(0.7028046666654365 0.0005786393569866236 0)
(0.702944666246072 0.0006833173722696687 0)
(0.7031508230247778 0.0008058299847538667 0)
(0.7035163759948176 0.0009402813420098027 0)
(0.7043484140136596 0.001057370440218717 0)
(0.7054342652195394 0.001172713771946998 0)
(0.7064855271759729 0.001296372702409899 0)
(0.7079464932563344 0.001429171983732871 0)
(0.7095192325836716 0.00156782316393259 0)
(0.7114553783721945 0.00170446912320213 0)
(0.7136047442655667 0.001844404961180308 0)
(0.7159425944159499 0.001993625869087263 0)
(0.7186664341595493 0.002131610522052622 0)
(0.7215750773520442 0.002279067616232607 0)
(0.7246448214907308 0.00244114515148954 0)
(0.7281531190285284 0.002576738479088 0)
(0.7318456161279073 0.002722452796745617 0)
(0.7356572173848897 0.002889889881495694 0)
(0.7400036352324464 0.003005393100437525 0)
(0.744491476108478 0.003134212850078886 0)
(0.7492213598350876 0.003280963360425213 0)
(0.7539219952660297 0.003398894763590011 0)
(0.7589460796167967 0.003523373045951953 0)
(0.7643105694130522 0.003642505747675172 0)
(0.7700080853216261 0.00375077293556617 0)
(0.775643273751126 0.003841464833151084 0)
(0.7814585098729037 0.003917045845730252 0)
(0.7875397140750111 0.003980346197848327 0)
(0.7938393985915434 0.004024875661391983 0)
(0.8000120621734758 0.00404768418715259 0)
(0.8064019049515172 0.004050992419238742 0)
(0.8130011250894383 0.004031759060442988 0)
(0.8194381787280411 0.00398876208161443 0)
(0.8259959968491991 0.003923734244335863 0)
(0.8327183357118535 0.003832677602641777 0)
(0.8391611553201879 0.003715673205986943 0)
(0.8456264479247445 0.003582330254209558 0)
(0.8518464628699682 0.003426278983074353 0)
(0.8579529189636647 0.003248218142316018 0)
(0.8639409628252256 0.003041557955239626 0)
(0.8698379069888686 0.002811164205368568 0)
(0.8751480861602027 0.002584004757602411 0)
(0.8805639310092346 0.002335468656374945 0)
(0.885726186624417 0.002077756843243142 0)
(0.8901932346652626 0.001819267687031833 0)
(0.8945612053085348 0.001545262872562007 0)
(0.8814491420725982 0.0009196645069172176 0)
(0.8848712017997603 0.0006386018725158915 0)
(0.8879189630784683 0.0003805202795059985 0)
(0.8903726242518584 0.0001470172561041324 0)
(0.8926440582943507 -8.516570482538777e-05 0)
(0.8947822204645395 -0.0003052414019230149 0)
(0.8964430676949904 -0.0005157095349129224 0)
(0.8975340933590126 -0.0007069120062260679 0)
(0.898112938698729 -0.0008855956514803048 0)
(0.8985849185405598 -0.001057318022378258 0)
(0.8985698846348787 -0.001218817487832587 0)
(0.8982919311169361 -0.001372700597030409 0)
(0.8979344826138858 -0.00151358010494687 0)
(0.8969759113929643 -0.001643521040231055 0)
(0.8957422693869745 -0.001764554795558702 0)
(0.8942390904919246 -0.001877061260647837 0)
(0.89241050122471 -0.001984200914115728 0)
(0.8901245438494414 -0.002084184563941318 0)
(0.8877977442758503 -0.002179439224027792 0)
(0.8853699292158503 -0.002273719967028659 0)
(0.8825592009718292 -0.00236425875195885 0)
(0.8791196965747015 -0.002435999976229777 0)
(0.8755448082311712 -0.002497465253210274 0)
(0.8718678545190293 -0.00254548385143773 0)
(0.8685264353344534 -0.002632609463874691 0)
(0.8647330986142778 -0.002705008322766032 0)
(0.8601399346230563 -0.002741649422264712 0)
(0.8557532456552577 -0.00277098878541211 0)
(0.8511816159813927 -0.002788996834568978 0)
(0.8465348367843017 -0.00281392915721039 0)
(0.8417269195744059 -0.002826423665566184 0)
(0.8367636741677624 -0.00282538883047904 0)
(0.8317709819074197 -0.002831028528534307 0)
(0.8266093430925625 -0.002816640224452448 0)
(0.8213072253330587 -0.002784707394894029 0)
(0.8160437484862451 -0.002763390211341882 0)
(0.8106910629857551 -0.002728184054710005 0)
(0.8052347907419664 -0.002678976485545267 0)
(0.7998804258018837 -0.002636067412555592 0)
(0.7944990082713839 -0.002578256373777702 0)
(0.7890415277227096 -0.002510889875935294 0)
(0.7836382991708041 -0.002429332243709307 0)
(0.7782431432252742 -0.002344976941591742 0)
(0.7729462490611496 -0.002267104472603769 0)
(0.7676722099288892 -0.002188177840070502 0)
(0.7625074447212558 -0.00210463434819206 0)
(0.7574207972147596 -0.002015515229847811 0)
(0.7524354569000402 -0.001921287601017691 0)
(0.7475537237271495 -0.001822985004066718 0)
(0.7427843473357415 -0.001722008977945419 0)
(0.738189927706035 -0.001623307799068746 0)
(0.7337057895162498 -0.001527008274810127 0)
(0.7293990871376198 -0.001431032319749805 0)
(0.7252285252844211 -0.00133482810770995 0)
(0.7212759063051919 -0.001242869595396069 0)
(0.7174498403973952 -0.001154229123998444 0)
(0.713806144238594 -0.001065090652078828 0)
(0.7103395773138955 -0.000973323818054844 0)
(0.7070367678489976 -0.0008847837262424517 0)
(0.7039821747099559 -0.0007977802272422066 0)
(0.7011064595243384 -0.0007072530782167202 0)
(0.6984554699837873 -0.000614247531270362 0)
(0.6960035460223069 -0.0005272422734222405 0)
(0.6937847027833621 -0.0004425904953820721 0)
(0.6917329077805587 -0.000354646882973974 0)
(0.6898244709543544 -0.000264265768501913 0)
(0.6882156556042442 -0.0001812757534167173 0)
(0.6867452617813519 -9.643747521383398e-05 0)
(0.6854744507133921 -1.916353962759524e-06 0)
(0.6842836576598333 0.0001029842807352496 0)
(0.6834434082939189 0.0001975320529096904 0)
(0.6828272522839467 0.0002855099032115806 0)
(0.6823590294619238 0.0003802127456587811 0)
(0.6820565020252722 0.0004838100649992597 0)
(0.6821377059202419 0.0005745515228138353 0)
(0.6825001868238061 0.0006615393723984684 0)
(0.682897893729856 0.0007661082103494302 0)
(0.6834442234180402 0.0008842015503353705 0)
(0.6844739545666068 0.0009839925424253366 0)
(0.6857376834379895 0.001084330681366073 0)
(0.6869523532107238 0.001187322633488397 0)
(0.6885368824385759 0.001299575061382057 0)
(0.6903571529584964 0.001419306306469962 0)
(0.6925391211048284 0.001536354106995773 0)
(0.6949098534265068 0.001657096021354147 0)
(0.6974899211018901 0.001787225821025997 0)
(0.7003951999135033 0.001907745681965349 0)
(0.7033754824871217 0.00203615969149887 0)
(0.7065174068555505 0.002178007925336926 0)
(0.7101223468518658 0.002293325894476222 0)
(0.713869938137124 0.002419595679217188 0)
(0.71775586585369 0.002565510531808931 0)
(0.7222018169817741 0.002660736392531649 0)
(0.726741758223069 0.002771726352518385 0)
(0.731558220211969 0.002898264981594698 0)
(0.7365523204102626 0.00299911021890615 0)
(0.7418429695660008 0.003108051502148143 0)
(0.7471750027045753 0.003210731945803872 0)
(0.7528195672865053 0.003302139874541742 0)
(0.7586503963065452 0.003377879713973023 0)
(0.7647983573710841 0.003442212649852726 0)
(0.7708282466921969 0.003492974139503106 0)
(0.7770371528855975 0.00352742556897403 0)
(0.7834668776738907 0.003543487235284633 0)
(0.7900741864196361 0.003540382691590366 0)
(0.7964694997494803 0.003515703178605746 0)
(0.8030628177224621 0.003470904580254663 0)
(0.8098407229905842 0.003405524560589048 0)
(0.81633117379844 0.00331782772441782 0)
(0.8228920168291862 0.003205615544800993 0)
(0.829455469150739 0.003079555721630799 0)
(0.8355420327233485 0.00293421017956141 0)
(0.8416537251472441 0.002770105399327099 0)
(0.8476163256942979 0.002580615341530553 0)
(0.8533982476866766 0.002365792844838358 0)
(0.8586105395325652 0.002160815778761835 0)
(0.8639444603851516 0.001934961165116116 0)
(0.8690062246973135 0.001700495833080102 0)
(0.8733401276684321 0.001468362400296546 0)
(0.8775787431537231 0.001222259966038519 0)
(0.8607368869421935 0.0006528473817647169 0)
(0.8638622406610773 0.0004009915558969711 0)
(0.8666294954264506 0.0001709781911829909 0)
(0.8687424660430598 -3.106345829997432e-05 0)
(0.8706623477676849 -0.0002335088748806245 0)
(0.8724606265336374 -0.0004221699155149003 0)
(0.8737044658866316 -0.0006035174002185528 0)
(0.8746615764165969 -0.0007677825053529622 0)
(0.8747403964690104 -0.0009166328901626686 0)
(0.8746573487881733 -0.001060306170478999 0)
(0.8745234166770777 -0.001196187006108402 0)
(0.8737235403453277 -0.001322964128883334 0)
(0.8727672338595294 -0.001439052054161942 0)
(0.8716943991561203 -0.001546144490755816 0)
(0.8701210410590916 -0.001643941737831959 0)
(0.8679511412658811 -0.001733650678211255 0)
(0.8657615170947428 -0.001819106689859263 0)
(0.8634623098171933 -0.001899590708942891 0)
(0.8606223402297086 -0.001975574754907539 0)
(0.8575320331599787 -0.002049529758187465 0)
(0.8543590256155791 -0.002121542053904746 0)
(0.8508696562490671 -0.002177377598152652 0)
(0.8472845833622679 -0.002222492947211508 0)
(0.8428433871244889 -0.00225369836536009 0)
(0.8388500892091342 -0.002323204523147555 0)
(0.8350550804570865 -0.002380511306178168 0)
(0.8302001834584407 -0.002406565802047816 0)
(0.8256248705320482 -0.002425095966678615 0)
(0.8209164770226065 -0.002433328264578436 0)
(0.8161089115268905 -0.002446562165390171 0)
(0.811153166722285 -0.002449847842930753 0)
(0.8060942483292522 -0.002441111168278619 0)
(0.8009566401929638 -0.002436062012494966 0)
(0.7957119792187514 -0.002414770811160731 0)
(0.7903766368427639 -0.002379102336479821 0)
(0.7850731026985662 -0.002352785275085154 0)
(0.7796791029620841 -0.002315869073505891 0)
(0.774069323146502 -0.002265408989968352 0)
(0.7686200365115778 -0.002221461294261376 0)
(0.763197128129927 -0.00216387971263537 0)
(0.7577055459193798 -0.002098300103772626 0)
(0.7523021935436769 -0.002019397360296756 0)
(0.7469749786608564 -0.001939637781603926 0)
(0.7417158093251235 -0.001866852537157545 0)
(0.7365704042371173 -0.001794972745039913 0)
(0.7314990742803135 -0.001717897445859852 0)
(0.7265653824015916 -0.001637036590040195 0)
(0.7216998901943222 -0.00155057474385023 0)
(0.7170158339205177 -0.001462736858716879 0)
(0.7124849462768191 -0.00137233704431359 0)
(0.7080822376715488 -0.001286118037314374 0)
(0.7038589900472676 -0.001202552382227061 0)
(0.6998127169510748 -0.001120656573539538 0)
(0.6959601872671705 -0.001037479141322004 0)
(0.692306431672727 -0.0009597309788184926 0)
(0.6888030349546875 -0.0008836509836721504 0)
(0.6854936391883215 -0.0008073992178808857 0)
(0.6823107152444396 -0.0007285553153130471 0)
(0.6793407331244288 -0.0006545387015136981 0)
(0.6765970374342302 -0.0005839801147880592 0)
(0.6740389490013181 -0.0005100687422989279 0)
(0.6716724000287831 -0.00043276743804071 0)
(0.6695232610905191 -0.0003613566440272701 0)
(0.6675825011866692 -0.0002906476058080491 0)
(0.6658298903926066 -0.0002169437519017238 0)
(0.6642449904555743 -0.0001429312025060577 0)
(0.6628761765777476 -7.286857197785166e-05 0)
(0.6616958401538798 -1.08168870097563e-06 0)
(0.6606499436011706 8.086111636434983e-05 0)
(0.6597471005235608 0.0001691213183994011 0)
(0.659147688080908 0.0002467092329656622 0)
(0.6588355332644695 0.0003176021232717883 0)
(0.6586032118845176 0.0003966727264019369 0)
(0.6585316311492089 0.0004820538395126214 0)
(0.658852871927277 0.0005561900769531928 0)
(0.6594302540229516 0.000625470135904194 0)
(0.6600432422322643 0.0007152650671081277 0)
(0.6607786920304787 0.0008169234592764169 0)
(0.6620014627286798 0.000901292110604307 0)
(0.663470127116465 0.000986274941093023 0)
(0.6648104249477481 0.001069191360036899 0)
(0.6665327526819007 0.001163924145694257 0)
(0.6684658980079756 0.001263667141352045 0)
(0.6707532036031378 0.00136155695077479 0)
(0.6732337356411681 0.001464395717979166 0)
(0.6758917907426519 0.001576495708142472 0)
(0.6789272546098115 0.001679531491627715 0)
(0.6821284050903229 0.001790098134571864 0)
(0.6854990557565133 0.001914028242508227 0)
(0.6893377428362959 0.002011063806078086 0)
(0.6933230326135745 0.002118984866950118 0)
(0.6973472968513061 0.002244280033013697 0)
(0.7018581476091412 0.002321574933075185 0)
(0.7064493821635223 0.002415829309491493 0)
(0.7112902317917864 0.002521777563029026 0)
(0.7162301467413534 0.002605381969518383 0)
(0.7215247374241163 0.002698085070065421 0)
(0.7272136927574318 0.002786098165740714 0)
(0.7331246130076522 0.002862134453694502 0)
(0.7388878309054305 0.002924777230557136 0)
(0.7448363413268243 0.002974204303561186 0)
(0.7511132654939933 0.003015387947927416 0)
(0.7576365216685549 0.003041953134933817 0)
(0.7639778493751321 0.003050496798656054 0)
(0.7704297274054784 0.003041876775911562 0)
(0.7770915915752805 0.003014853584244968 0)
(0.7839221981664528 0.002968372285552491 0)
(0.7903569565349609 0.002904244645599355 0)
(0.7969073341915214 0.002820285527735538 0)
(0.8036839506114448 0.002714235301035858 0)
(0.8099885019572579 0.002596264477366168 0)
(0.8161071502301537 0.002462354035563411 0)
(0.8222257420325492 0.002313514878137439 0)
(0.8279198489149874 0.002141249344582231 0)
(0.8336770524509979 0.001945527595921499 0)
(0.8387493128648452 0.001761721515908189 0)
(0.8439568600965819 0.00155896515814377 0)
(0.848904570760862 0.001348720256186187 0)
(0.8530139087784888 0.001142675838843986 0)
(0.857038267747848 0.0009249073439772249 0)
(0.8348617283549498 0.0004170676334964971 0)
(0.8376543014532849 0.0001952903627120619 0)
(0.8401654422929784 -6.347489066107007e-06 0)
(0.841888561553166 -0.000178028605472311 0)
(0.8433705056025834 -0.0003495806393994409 0)
(0.8446934725803014 -0.0005069443157681068 0)
(0.8454165780759559 -0.0006586920579266032 0)
(0.8459122077515212 -0.0007935274058674474 0)
(0.8456956292472703 -0.0009177187091650341 0)
(0.8449864693711712 -0.001032409749880819 0)
(0.8442553778932966 -0.001140292939933081 0)
(0.8434863538147402 -0.001243872977084257 0)
(0.8418369464029904 -0.001335734278533727 0)
(0.8400619802658688 -0.001419522173710518 0)
(0.8382069164167686 -0.001496377284693243 0)
(0.8360710514123163 -0.001567136325116614 0)
(0.8330285380766479 -0.001631699260637932 0)
(0.8299952873164511 -0.00169168788689913 0)
(0.8269583140308125 -0.001749063165490985 0)
(0.8238872117252456 -0.001806841257944235 0)
(0.8204407671720948 -0.001862754223245369 0)
(0.8161899534494121 -0.00190189976857576 0)
(0.8118287798023157 -0.001932222615489549 0)
(0.8074479189354444 -0.001950423131112733 0)
(0.8034909045612599 -0.002004764503558081 0)
(0.799801985556527 -0.002049096782698314 0)
(0.7946607613678026 -0.002067504465800364 0)
(0.7897667098848337 -0.002075560671149913 0)
(0.7847191441247573 -0.002074955635409108 0)
(0.7796545942080109 -0.002078929910776788 0)
(0.7744689403524857 -0.002074297721612207 0)
(0.7691749639753076 -0.002058932092965204 0)
(0.7638275401618567 -0.002046448868250349 0)
(0.758424464869597 -0.002020768138047739 0)
(0.7529226604187651 -0.001983207697480872 0)
(0.7475384938275904 -0.001955115032690578 0)
(0.7421128575598829 -0.00191740418711205 0)
(0.736638528294547 -0.001868339665699943 0)
(0.7312940322709538 -0.001824516905153144 0)
(0.7260144195990244 -0.001768644428889661 0)
(0.7206872109631031 -0.001706975307805945 0)
(0.7154351882914178 -0.001632016342894848 0)
(0.7103074879005775 -0.001558796299957809 0)
(0.7052653139804379 -0.001493242311856709 0)
(0.700366962849827 -0.001429137347714756 0)
(0.695512886654734 -0.001359228176764971 0)
(0.6908495618122247 -0.001287304736306079 0)
(0.6862911128849892 -0.001210908958410151 0)
(0.6819213635735029 -0.001134192566352157 0)
(0.6776619768796955 -0.001055243802868897 0)
(0.6736593061286715 -0.000982143950554123 0)
(0.6698048268483364 -0.0009119470838883073 0)
(0.6661392874637554 -0.000843402249867868 0)
(0.6626157297714546 -0.000773725573202455 0)
(0.6593214379352266 -0.0007089552632379312 0)
(0.6561930214255874 -0.0006452998116103069 0)
(0.6531889643548932 -0.000580430237231709 0)
(0.6504190272765829 -0.0005155916916840275 0)
(0.647808193641278 -0.0004546127082355573 0)
(0.6454501123326868 -0.0003998396381230247 0)
(0.6431990264262398 -0.0003406725050550188 0)
(0.6412222645339138 -0.0002789556391748245 0)
(0.6393973645179758 -0.0002213006480419348 0)
(0.6377678769988224 -0.0001642100549019201 0)
(0.6363309912178171 -0.0001042859410072034 0)
(0.6350804348272956 -4.532519236850129e-05 0)
(0.6340194766570351 1.290485600435861e-05 0)
(0.6331200869211158 7.26649328951044e-05 0)
(0.6323691331976908 0.0001424837244105007 0)
(0.6317855203035487 0.0002145902094536205 0)
(0.6314832644415779 0.0002760442507205292 0)
(0.631400191152576 0.0003314211437968446 0)
(0.6314429689508906 0.0003963701643154699 0)
(0.6316320506991882 0.0004650288136032779 0)
(0.6321767007561656 0.0005233084780865058 0)
(0.632995570470371 0.0005767972923891642 0)
(0.6338002904467138 0.0006530061046563891 0)
(0.634734919455926 0.0007391638833469237 0)
(0.6361170234574104 0.0008085588051119327 0)
(0.637763390136926 0.0008788300997884317 0)
(0.6393033024286366 0.0009443829467934339 0)
(0.641126448778876 0.001021262223002525 0)
(0.6431964569487875 0.001102622675605299 0)
(0.6455695396945302 0.001183788245139771 0)
(0.6481147246067692 0.001270498523258771 0)
(0.6508239397707738 0.001364370011545546 0)
(0.6539224751426066 0.001450890034993844 0)
(0.6571934334284419 0.001544821731001425 0)
(0.6606249110353963 0.001648904213988262 0)
(0.6645212542793507 0.001728540382696924 0)
(0.6685399754232985 0.00181770227740202 0)
(0.6726681488415631 0.001924804977324724 0)
(0.677420434706667 0.001985337620390209 0)
(0.6821976941125475 0.002063544416467718 0)
(0.6873168189256074 0.002151540352700024 0)
(0.6925378269855328 0.002220235613474061 0)
(0.6976891246892386 0.002296576955790701 0)
(0.7031863995449107 0.002368004675443426 0)
(0.7090782323153992 0.002430862507649292 0)
(0.7151039197999114 0.002480495242771954 0)
(0.7215066350465585 0.002520523799328588 0)
(0.7276016645233012 0.002550306321327963 0)
(0.7338478449529354 0.002568282751700465 0)
(0.7403758375515668 0.002571929691327694 0)
(0.7470718781548612 0.00255837404633959 0)
(0.7537590483735681 0.002528948883131114 0)
(0.7601573416224597 0.002482584730365261 0)
(0.766762222431128 0.002420537959720215 0)
(0.773574384168805 0.002341452713164143 0)
(0.7800435487379751 0.002242991486019552 0)
(0.7862678035740536 0.002134866806937862 0)
(0.7923529861855003 0.002014265409479023 0)
(0.7983273815230659 0.001880226811647129 0)
(0.8037668101214454 0.001727683235336478 0)
(0.8094075772750031 0.001551631374011419 0)
(0.8143284545125781 0.001389792714348868 0)
(0.8193476200507009 0.001210874346288082 0)
(0.8240731434155496 0.001026395561845996 0)
(0.8278441171872858 0.0008459602796259272 0)
(0.8315216010984299 0.000656651980461676 0)
(0.8019881794823704 0.0002174184967220717 0)
(0.8042985472445797 2.640442751831271e-05 0)
(0.8063384075335807 -0.0001449386862905615 0)
(0.8076342549505202 -0.00028605157958725 0)
(0.808693879419079 -0.0004283029343653396 0)
(0.8094323750483946 -0.0005551254253947979 0)
(0.8094521545016311 -0.0006767664584651366 0)
(0.8093533794263641 -0.0007825563660352171 0)
(0.8087248235502331 -0.0008817201790251454 0)
(0.8075933083234641 -0.0009705570406195268 0)
(0.8060784795957727 -0.001053379002885045 0)
(0.8045259841949111 -0.001133125946429595 0)
(0.803030418767839 -0.001203858663475965 0)
(0.800698058290792 -0.001266172678290014 0)
(0.7979954633779507 -0.001322274648696462 0)
(0.7951007003126417 -0.001373460452058532 0)
(0.7922367782869142 -0.00141988903789364 0)
(0.7892180872728966 -0.001463720087088456 0)
(0.7852943827662094 -0.001505489316967829 0)
(0.7814399322790078 -0.001546313291102234 0)
(0.7776321987144171 -0.001586940734874939 0)
(0.7734899630624312 -0.001614300560608925 0)
(0.7692651050741446 -0.001632993023532941 0)
(0.764580420761743 -0.001640515458138964 0)
(0.7599021839053814 -0.001680894405256277 0)
(0.7556084531787709 -0.00171181104799624 0)
(0.7501617504502549 -0.001725842338883972 0)
(0.7452087467969037 -0.001724805091273252 0)
(0.7400832841418876 -0.001717552994446212 0)
(0.7349544651957526 -0.001714475705168062 0)
(0.7297086720940816 -0.001703750487037884 0)
(0.7244834985780015 -0.001683986730958157 0)
(0.7191441533899668 -0.001666487775797699 0)
(0.7138185244614892 -0.0016395413596932 0)
(0.7084423035819387 -0.001602907069383376 0)
(0.7031830939336319 -0.00157443171302907 0)
(0.6979705592085281 -0.001538962964212362 0)
(0.6926903948885115 -0.001492279250926816 0)
(0.6875527755159351 -0.001449639498482711 0)
(0.6824590711377299 -0.00139699620440787 0)
(0.6773809321500085 -0.001340828127027333 0)
(0.6724236573290082 -0.001272250615620159 0)
(0.6675542299562864 -0.001206573482186509 0)
(0.6628086303564573 -0.001149678996939112 0)
(0.6582732160774474 -0.001093959760220792 0)
(0.6537835434264083 -0.001032885941341139 0)
(0.6494408290415677 -0.0009700051655261196 0)
(0.64532744606674 -0.0009058371187344674 0)
(0.6413128314263424 -0.0008405918887422193 0)
(0.6375140864240039 -0.0007755061521328565 0)
(0.6339657994037627 -0.0007149295477613961 0)
(0.6305215657553269 -0.0006574213962931534 0)
(0.6272544587649491 -0.0006013650635834064 0)
(0.6241862501944405 -0.0005453829374295519 0)
(0.6213310828906748 -0.0004928369481430403 0)
(0.6185173316996165 -0.0004401627482421625 0)
(0.6158831902970556 -0.0003879755790574552 0)
(0.6135048065571562 -0.0003362499089914732 0)
(0.6112400921737156 -0.0002891527684498138 0)
(0.6091789591344254 -0.0002472213375804607 0)
(0.6073799333153633 -0.0002030313291695775 0)
(0.6056795364939485 -0.0001546525698703824 0)
(0.604170774004519 -0.0001097593574009884 0)
(0.6028293246400391 -6.509755405080083e-05 0)
(0.6017508710357808 -1.984237808025278e-05 0)
(0.6007380527217352 2.689996816151084e-05 0)
(0.5999428327309611 7.298006678019084e-05 0)
(0.5993825818317053 0.0001222806110525517 0)
(0.598891615614132 0.000178980650246232 0)
(0.5985335728435057 0.000236780441634913 0)
(0.5985362523404654 0.0002825976907846802 0)
(0.5986948852200182 0.0003254737626401955 0)
(0.5989411365693913 0.0003761583458542997 0)
(0.5992808543928465 0.0004308512008785701 0)
(0.6000885898042689 0.0004735775211914215 0)
(0.6010760074676471 0.0005146075045579335 0)
(0.6020058119044811 0.0005768596533763109 0)
(0.6030949840289419 0.0006490575975222932 0)
(0.6047173292138062 0.0007039985219269919 0)
(0.6065179526327438 0.0007614186632487918 0)
(0.6082559868596085 0.0008097674465989615 0)
(0.6103584208796734 0.0008707617920603939 0)
(0.6127382385754123 0.0009364475230637168 0)
(0.615381941366807 0.001003246831274349 0)
(0.6182276178991615 0.001074585473765671 0)
(0.6212422759349771 0.001152145005168802 0)
(0.6243605214496306 0.00122397702783509 0)
(0.6276807841903427 0.001301543063221007 0)
(0.6311093178647865 0.001385253798232216 0)
(0.6350286448213831 0.001449333057597293 0)
(0.6390930386281323 0.001522532746740543 0)
(0.6431921002471669 0.001609774483928684 0)
(0.647986556786785 0.001655201508205097 0)
(0.6527356163611504 0.001719010540062092 0)
(0.6578067846586002 0.001788979127673999 0)
(0.6629216401406195 0.001843195532118883 0)
(0.668490336724329 0.001905083283375191 0)
(0.6745052010070037 0.001963473667350236 0)
(0.6802250779635521 0.002011975443263093 0)
(0.6859985328847747 0.00205010727427366 0)
(0.6920087907409258 0.002077937225827416 0)
(0.6983854717479732 0.002099291306035916 0)
(0.7049958535338523 0.002110378234362696 0)
(0.7115999062491531 0.002108591828273893 0)
(0.7178668048676691 0.002093073206441671 0)
(0.7243396772765544 0.002062055608605882 0)
(0.7310094771812803 0.002017648553830726 0)
(0.737877513082293 0.001959401825728004 0)
(0.7440691092039715 0.001887314924888265 0)
(0.7503909671898763 0.001797421677734121 0)
(0.7566991759584871 0.001699156607494617 0)
(0.7626501176349909 0.001593241243667152 0)
(0.7681148324151061 0.001475998948211964 0)
(0.7733785978516728 0.001343423187594621 0)
(0.7788057573729984 0.001188170586939114 0)
(0.7835523668560245 0.001050104685349721 0)
(0.7881675066362426 0.0008955622668394089 0)
(0.7923823052761356 0.000737321127858753 0)
(0.7957724154250689 0.0005827816566444394 0)
(0.7990762432691085 0.0004225455404130088 0)
(0.759189380911228 5.930682872263709e-05 0)
(0.7608969220123044 -0.0001002247271788306 0)
(0.762340611776203 -0.0002400242693893606 0)
(0.7629330887979719 -0.0003502265964272393 0)
(0.763506990734688 -0.000462841167193999 0)
(0.7637947123346029 -0.0005614925471305646 0)
(0.7630091544714642 -0.0006543131942504112 0)
(0.7621816437988793 -0.0007335641778884441 0)
(0.7607801911800053 -0.0008061291037694358 0)
(0.759479338732724 -0.000872721182903493 0)
(0.7573458104012556 -0.0009341375424212585 0)
(0.7549077441275471 -0.0009911865381433712 0)
(0.7525512264161135 -0.001041415987656913 0)
(0.7501855233578093 -0.001085210617933549 0)
(0.7477076718578134 -0.001124591642174303 0)
(0.7438531762497824 -0.001158955729172351 0)
(0.7401068123675707 -0.00118853129782357 0)
(0.7364095367030401 -0.001216928620518367 0)
(0.7326889996432615 -0.001244391516118964 0)
(0.7291328983834147 -0.001273504770603972 0)
(0.7251772411521279 -0.001302227660701362 0)
(0.7202944097681909 -0.001318779031999486 0)
(0.7151940339889304 -0.001327575406835044 0)
(0.7101779545626861 -0.001327283440822352 0)
(0.7057230612025283 -0.001357443533692501 0)
(0.7017957291983474 -0.001376280655002909 0)
(0.6963340642047532 -0.0013872642565019 0)
(0.6913525021812958 -0.001379030321073222 0)
(0.6863281628324818 -0.00136756973204081 0)
(0.6812115479331965 -0.001358828509644799 0)
(0.6760577108283632 -0.001344849799565762 0)
(0.670923312604715 -0.00132211269234986 0)
(0.6657933140716135 -0.001302525815239809 0)
(0.660651487468809 -0.00127701359067969 0)
(0.6555595153152344 -0.001243380521070693 0)
(0.6503045895616217 -0.001216189089679759 0)
(0.6451083217135728 -0.001183970960167998 0)
(0.6399232923044307 -0.001141266164565659 0)
(0.6349796269503325 -0.001102576746404056 0)
(0.6300717257527702 -0.001055854516113531 0)
(0.6252426557565218 -0.001007163241987064 0)
(0.6205341293064075 -0.0009466496710587172 0)
(0.616000453259869 -0.0008904075626172214 0)
(0.6117041259062267 -0.0008439113722053803 0)
(0.6074514605844198 -0.0007967873597364917 0)
(0.6033819559355996 -0.0007458574341141879 0)
(0.5995291167971262 -0.0006943357110439197 0)
(0.5957845390948004 -0.0006419234883466089 0)
(0.5922963418516426 -0.0005907537056924107 0)
(0.5889385172827526 -0.0005390885275167777 0)
(0.5858040771463171 -0.0004910169381114108 0)
(0.5828072399794406 -0.0004455105872292123 0)
(0.5800803600797586 -0.0004026281906768429 0)
(0.5774638009175832 -0.0003588193906813301 0)
(0.5750495256319825 -0.0003168193171126476 0)
(0.572761943474653 -0.0002745342072791794 0)
(0.5706688064047221 -0.0002348179998969117 0)
(0.5687124355066191 -0.0001951637248262292 0)
(0.5669573246827759 -0.0001611241141687033 0)
(0.5654163882771587 -0.000132084095067602 0)
(0.5640126587605254 -9.975596678621365e-05 0)
(0.5627492396515599 -6.343903833176548e-05 0)
(0.5616976239439958 -2.872026723688131e-05 0)
(0.5607337258268752 4.325408450745675e-06 0)
(0.5599674907638278 3.701566307765384e-05 0)
(0.5593420427398025 7.253580077352087e-05 0)
(0.5589368630090676 0.0001078568110933634 0)
(0.5586653025806599 0.0001475645516081279 0)
(0.5585633311986762 0.0001919466059336316 0)
(0.5585384246629149 0.0002362657672844359 0)
(0.5588088040212 0.0002695749821456302 0)
(0.5592777125803783 0.000301946066547187 0)
(0.559764766336097 0.0003399361049821749 0)
(0.5603734662024467 0.0003813796393376844 0)
(0.5614131285518055 0.0004113649752127385 0)
(0.5626165158921468 0.0004421173853266922 0)
(0.5637717406989977 0.0004918641434100549 0)
(0.5649777537853081 0.0005503138256198724 0)
(0.5668132491604135 0.0005920181110362923 0)
(0.56883029569836 0.0006380582417714777 0)
(0.5706005799627883 0.000669807170463544 0)
(0.5728058577580174 0.0007169441927758094 0)
(0.5751763290816176 0.0007679750427644861 0)
(0.5778786775793527 0.0008206188147274942 0)
(0.5806902057098586 0.0008764389367201545 0)
(0.5837633839804306 0.0009397567362227319 0)
(0.5871640599111 0.0009981416262705566 0)
(0.5906362968272734 0.001058473222589953 0)
(0.5943865449796468 0.001124780706021124 0)
(0.5985649897829336 0.001175193744622295 0)
(0.6028564148279526 0.001232821395761322 0)
(0.6072380252134604 0.001302653038205256 0)
(0.6120243721195883 0.00133412784235948 0)
(0.6167313744769991 0.001384768730398678 0)
(0.6216409670628376 0.001437302621120781 0)
(0.6265170661764685 0.001479611171245129 0)
(0.6317967124875574 0.001527743065394282 0)
(0.6373642717967345 0.001571052816117231 0)
(0.6433619941247298 0.001607557806446485 0)
(0.649539582324082 0.001635033087053481 0)
(0.656036152647132 0.001653569321687278 0)
(0.6618650528744709 0.001666601770867125 0)
(0.667887022799671 0.00167164837752216 0)
(0.6742455558913124 0.001667305075796723 0)
(0.680749070801524 0.001649866489119169 0)
(0.6874846009825784 0.001618475350899156 0)
(0.693907526212954 0.001577277077910561 0)
(0.6998516609031412 0.001525608642220023 0)
(0.70600311257307 0.001461023235245303 0)
(0.7124328126547088 0.00138077884695848 0)
(0.7186986744576931 0.001294850191422625 0)
(0.7238413229349234 0.001204157777309566 0)
(0.728999039706956 0.00110568236166358 0)
(0.7340755113080236 0.0009940643641208054 0)
(0.7392312647634041 0.0008615963395933778 0)
(0.7435057035421818 0.000749072064790329 0)
(0.7474415678193114 0.0006188742589354917 0)
(0.7511928598607849 0.0004884234886212611 0)
(0.7540914475213526 0.0003601255988245503 0)
(0.756854512690819 0.0002286613869912106 0)
(0.7023026320743934 -5.109182535944372e-05 0)
(0.7032091417432245 -0.0001783038914667306 0)
(0.7040069559046344 -0.0002862835827692608 0)
(0.7038259746659427 -0.0003663086491021114 0)
(0.7035782591756617 -0.0004502648416421063 0)
(0.7034423468208257 -0.0005218931443742823 0)
(0.7021753172301543 -0.0005892770912449333 0)
(0.7003245883889074 -0.0006440340135021978 0)
(0.6981188955344912 -0.0006929307443551438 0)
(0.6960346805900495 -0.0007379590149605431 0)
(0.693852476735159 -0.0007801551170890927 0)
(0.69131894537585 -0.0008196113295201931 0)
(0.6879423966166924 -0.0008522806377847971 0)
(0.6846812097059141 -0.0008794544894102944 0)
(0.6814465969446331 -0.0009034511423071209 0)
(0.6779779502369966 -0.0009247067848289925 0)
(0.6746917880977641 -0.0009421413267519162 0)
(0.670436704305573 -0.0009587220735720462 0)
(0.665910728850307 -0.0009758110889479959 0)
(0.661583928746956 -0.0009938756368294633 0)
(0.6574063563425778 -0.001013265828937818 0)
(0.6527040781381738 -0.001021530047695233 0)
(0.6481133899320783 -0.00102446194050245 0)
(0.6434846675821015 -0.001018923882607705 0)
(0.6396074096368345 -0.001038287845088903 0)
(0.6349550496676963 -0.001049155368609373 0)
(0.6292480913268657 -0.001059003353907425 0)
(0.624207216300442 -0.00104632294004073 0)
(0.6190822277946908 -0.00103208023206567 0)
(0.6139716557211568 -0.001021203486828623 0)
(0.6089031075524031 -0.001006417431039286 0)
(0.6039046763876774 -0.0009846693073724366 0)
(0.5988489593483417 -0.0009656932656176491 0)
(0.5939039162876427 -0.0009435387519845251 0)
(0.5889287749046114 -0.0009149094574173094 0)
(0.5841511237781281 -0.0008909808670152172 0)
(0.5794123024474236 -0.000862877417806466 0)
(0.5746878080373397 -0.0008268576774676554 0)
(0.5701854306625566 -0.0007933642065188315 0)
(0.565859145429106 -0.0007539602211801553 0)
(0.5616346088367962 -0.0007145271733530071 0)
(0.5573871554035772 -0.0006633848094159916 0)
(0.5535339538532598 -0.0006182016595607954 0)
(0.5496993000066676 -0.0005811150045215882 0)
(0.5460968529310756 -0.0005438176681086948 0)
(0.5426471335326817 -0.0005037380619975969 0)
(0.5393913404774032 -0.0004640848552090773 0)
(0.5363055508631651 -0.0004236946113935354 0)
(0.5334051317784787 -0.0003852577607074462 0)
(0.5307078844437345 -0.0003469481274035027 0)
(0.52819433715108 -0.0003104907485377911 0)
(0.5257958465326934 -0.0002766699216785089 0)
(0.5236665112183227 -0.0002450362957965918 0)
(0.5215818389988144 -0.0002123842314114716 0)
(0.5197762499831864 -0.0001795107338990772 0)
(0.5180233482014125 -0.0001479075515943937 0)
(0.5165203034356026 -0.00011906867139458 0)
(0.5151110857075756 -9.143457370897344e-05 0)
(0.5138512279261267 -6.781732579280142e-05 0)
(0.5128655582962734 -4.969734380645218e-05 0)
(0.5118923712852272 -2.688652134951507e-05 0)
(0.5111363678907255 -1.103819261008438e-06 0)
(0.5104504523316231 2.491850266501615e-05 0)
(0.5099765696520218 4.768665978047022e-05 0)
(0.5095379942484456 7.046187309694929e-05 0)
(0.5092816097258492 9.509992416407046e-05 0)
(0.5092154364559018 0.0001212238186350725 0)
(0.5092644093026477 0.0001510258659268679 0)
(0.5095140146111194 0.0001848669465344844 0)
(0.5098160191070669 0.000216563432756463 0)
(0.5104121978149014 0.0002403073061126816 0)
(0.5111032863575025 0.0002630244678649128 0)
(0.5118869618276376 0.000290640343630791 0)
(0.5127571106103284 0.0003188364937118724 0)
(0.5139349553109651 0.0003390590338722843 0)
(0.5153901506973699 0.0003613253066916598 0)
(0.516639869157124 0.0004002639833842226 0)
(0.5180530632824317 0.0004447401731119562 0)
(0.5200188210689425 0.0004749266278922332 0)
(0.5222232283661336 0.0005100889942453089 0)
(0.5240066544850162 0.0005272540120884809 0)
(0.5261773719228616 0.0005628131156222667 0)
(0.5285273630155278 0.0006001792104769319 0)
(0.5312031598572585 0.0006395049342528226 0)
(0.5339917994715823 0.0006822599769952334 0)
(0.5369729627681334 0.0007310834096631595 0)
(0.540246443485023 0.0007760682318069615 0)
(0.5436933180523589 0.000820973421026223 0)
(0.5473252672635055 0.0008702126078932743 0)
(0.5513788396987307 0.0009077146534116269 0)
(0.5555060293786902 0.0009501685638210778 0)
(0.5597694134366368 0.001004693527274757 0)
(0.5646305460789915 0.001024633835432164 0)
(0.5694083021761314 0.001061077688317959 0)
(0.5745657531974475 0.001099027976472562 0)
(0.5799072299054555 0.001130438366812403 0)
(0.5856243731908868 0.001165738967117776 0)
(0.5906470109953861 0.001197082334015838 0)
(0.5961295760130857 0.001223075312632022 0)
(0.6016455401124557 0.001240933526943214 0)
(0.6074624366973189 0.001252101519108218 0)
(0.6136302988743298 0.00125877422955123 0)
(0.6200145695088874 0.001259331488861023 0)
(0.626655132053296 0.001251942038501068 0)
(0.6324154963610059 0.001234095637445348 0)
(0.6382129598083575 0.001205833028180068 0)
(0.6440706798670885 0.0011692805495111 0)
(0.6501287059386757 0.0011244710141171 0)
(0.6563602965408906 0.001068008309560433 0)
(0.6624915980622251 0.001000592036590754 0)
(0.6675638222209692 0.0009302760411229564 0)
(0.672467713130242 0.0008549867755118128 0)
(0.6771927747784268 0.0007762800228078564 0)
(0.6818477170990835 0.000686978663010304 0)
(0.6866912374628676 0.000578794324166476 0)
(0.6898593475342855 0.0004921748675025698 0)
(0.6932985817603714 0.0003882512048335058 0)
(0.6964248689837886 0.0002859449445215038 0)
(0.6986229617044801 0.0001839368519666722 0)
(0.7006985493278909 8.14048130230274e-05 0)
(0.6263938637894239 -0.0001090504650307605 0)
(0.6265039809782806 -0.000204045071750696 0)
(0.6264543865751702 -0.0002813855350900108 0)
(0.625523639443143 -0.0003337920790686971 0)
(0.6244185900912647 -0.0003915818424988575 0)
(0.623605450820261 -0.0004381439202028414 0)
(0.6220960127060323 -0.0004838135328222386 0)
(0.6197304173611968 -0.0005185043594024901 0)
(0.6167602609019828 -0.0005483163061665362 0)
(0.6139036590459872 -0.0005755523243331398 0)
(0.6108280403532524 -0.0006011763970127488 0)
(0.6081840235768359 -0.0006258852070478696 0)
(0.6055292440778155 -0.0006458205933970325 0)
(0.6018155885768437 -0.0006604428257069767 0)
(0.5977689977944166 -0.0006728368815828843 0)
(0.593640288200183 -0.0006841828744353772 0)
(0.5896289100785828 -0.0006924817162956567 0)
(0.5856547175540774 -0.0007007193469226005 0)
(0.5818008896028495 -0.0007090368768555252 0)
(0.5780526964427114 -0.0007198277555454207 0)
(0.5743219988504433 -0.0007315128578578144 0)
(0.569648095075912 -0.0007361251874283892 0)
(0.5644374700605557 -0.0007349174563079258 0)
(0.5592240869363421 -0.0007269622393515747 0)
(0.5546430106068071 -0.0007397598985644639 0)
(0.550743327389193 -0.0007423739408299423 0)
(0.5453592909596083 -0.0007524317953792045 0)
(0.5407674200254312 -0.0007381765510870111 0)
(0.5361051653446083 -0.0007237774654629092 0)
(0.5313964909304818 -0.0007123611430607968 0)
(0.5268494545069613 -0.0006989127185691446 0)
(0.5222988509814872 -0.000680566768293386 0)
(0.5178430689501424 -0.0006641984815299369 0)
(0.5134212049125446 -0.0006459955733410406 0)
(0.5090899613651523 -0.0006240041661892378 0)
(0.5049141768899796 -0.000604120541338563 0)
(0.5007908890321827 -0.0005811811762811385 0)
(0.4967768277905369 -0.0005539867975482806 0)
(0.492931491615462 -0.000527603108327189 0)
(0.4892369920306095 -0.0004965279188250479 0)
(0.4856390075684628 -0.0004670081909205939 0)
(0.4821597463767827 -0.0004277345745747747 0)
(0.4789471572759431 -0.0003927201908006585 0)
(0.4758949759875132 -0.0003659875698763863 0)
(0.4729954048830926 -0.0003379444179538057 0)
(0.470261408760749 -0.000309488540464116 0)
(0.467707352664981 -0.0002813602819054254 0)
(0.4653341622240447 -0.0002529180186534442 0)
(0.4631238091137531 -0.0002256233386616038 0)
(0.4610938377677758 -0.0001995226506390129 0)
(0.4592579642120755 -0.0001735124428405045 0)
(0.4575503847861549 -0.0001505090197564008 0)
(0.4560068553032458 -0.0001283547473756807 0)
(0.4546163426889251 -0.0001060274883355712 0)
(0.4533660930764578 -8.198506359419504e-05 0)
(0.4522604353627125 -6.027922259674407e-05 0)
(0.4512784073232437 -4.091000763435297e-05 0)
(0.4504811005939088 -2.334843044744316e-05 0)
(0.4497752534062913 -8.503826628248395e-06 0)
(0.4492229944087355 2.113329432392441e-06 0)
(0.448745708105625 1.666262524358591e-05 0)
(0.4484035770838545 3.435833736312147e-05 0)
(0.448164034622928 5.178010087237123e-05 0)
(0.4480637159028222 6.712954251644345e-05 0)
(0.4480472501012299 8.184167691901531e-05 0)
(0.4481518631458317 9.761679088718363e-05 0)
(0.4482546645646887 0.0001150280521819197 0)
(0.4486500642184039 0.0001356166971236944 0)
(0.4491566867961027 0.0001597186096347584 0)
(0.449785953976148 0.0001812257602996793 0)
(0.4505921614928983 0.0001971382626683444 0)
(0.4515448661923611 0.0002115715127024078 0)
(0.4525475236257555 0.0002299701057087024 0)
(0.4535713397389934 0.0002473096775229198 0)
(0.4548579906286139 0.0002599568886225795 0)
(0.4563119069381549 0.0002754518237333559 0)
(0.4576339546720527 0.0003042410507366354 0)
(0.4590232819505018 0.0003355812083986272 0)
(0.4610332651569369 0.0003558174324929032 0)
(0.4632027746235068 0.0003811426123858055 0)
(0.4652403793124446 0.0003872704599934178 0)
(0.4676311408642223 0.0004123799151393442 0)
(0.4698007527522335 0.0004377729474824045 0)
(0.4723119765217152 0.000465351810011704 0)
(0.4750005007591342 0.000495964642426489 0)
(0.477746962075233 0.0005309915694517067 0)
(0.480860564095414 0.0005639023696176879 0)
(0.4841276298440751 0.0005955844432398909 0)
(0.4875233111330954 0.0006288072830320417 0)
(0.4913279264656875 0.0006551871613147965 0)
(0.4952023298318714 0.0006859689678750261 0)
(0.499139936345806 0.0007243643719261392 0)
(0.5036900027393504 0.0007356762693323147 0)
(0.5081134918501796 0.0007603269791098537 0)
(0.5128544614746929 0.0007839015079878078 0)
(0.5175247940862369 0.0008062058377187511 0)
(0.5226626651409516 0.0008309279200036249 0)
(0.5281838386683275 0.0008525909334647806 0)
(0.5339632488232028 0.000868041322231754 0)
(0.5398523621511078 0.000877512430435723 0)
(0.5454439530891655 0.000881969465327006 0)
(0.550522967363782 0.0008841901446360915 0)
(0.5558407430576224 0.0008827852754248085 0)
(0.5613864477139885 0.0008751842327808033 0)
(0.5670059192445996 0.000858854771623472 0)
(0.5728016468697321 0.0008333521712095782 0)
(0.5787102821963421 0.0008023882539491031 0)
(0.5848495750005108 0.0007652121029053834 0)
(0.5895925366584496 0.000722303242055774 0)
(0.5942934159814895 0.0006712755172338805 0)
(0.5990101012331364 0.0006156278690398807 0)
(0.6035397555136337 0.000558264640874494 0)
(0.6077229705261397 0.000498046949660873 0)
(0.6118451786639227 0.0004327526382043789 0)
(0.6153572750756269 0.0003498048248703633 0)
(0.6177569624550782 0.0002890041497926568 0)
(0.6204503265337391 0.0002109375938859614 0)
(0.6228299212774142 0.0001364465335854091 0)
(0.6242471960986055 6.062727756693364e-05 0)
(0.6255766151586007 -1.317492888771976e-05 0)
(0.5262830419927356 -0.0001164642158658931 0)
(0.5256396664938187 -0.0001810367546459238 0)
(0.5247929118978077 -0.0002302664318456924 0)
(0.5233163762341169 -0.0002597189216899092 0)
(0.5215533937761492 -0.0002954760067952339 0)
(0.5201770274463231 -0.0003215014655879077 0)
(0.5180104894392386 -0.0003483570167034082 0)
(0.5160219512917459 -0.0003679007921087301 0)
(0.5127408729654944 -0.0003844480161266162 0)
(0.5094660998944358 -0.0003984802098498613 0)
(0.5059144760874367 -0.0004123942894660251 0)
(0.5027608165578079 -0.0004261751028489135 0)
(0.4994874359127351 -0.0004362155999067346 0)
(0.4963018382657525 -0.0004426178026047404 0)
(0.4931447708853021 -0.0004470243429467821 0)
(0.4898171774424387 -0.0004511819875405159 0)
(0.4858846448654349 -0.0004543715502609924 0)
(0.4817859013935266 -0.0004588574024370762 0)
(0.4775974240606724 -0.0004628010511805553 0)
(0.4734772651932408 -0.0004685889545063591 0)
(0.4695594707093227 -0.0004749389050923689 0)
(0.4654339649309509 -0.0004761127926929429 0)
(0.460979463205181 -0.0004724329698470668 0)
(0.4568303959129157 -0.0004657490952171125 0)
(0.4531168727603782 -0.0004725506010058319 0)
(0.4498557746778475 -0.0004693627631034967 0)
(0.4451504707847235 -0.0004798348357784263 0)
(0.4412547196695976 -0.0004666031074131161 0)
(0.437200018172704 -0.0004541434482728829 0)
(0.4332125309337002 -0.0004442317583842855 0)
(0.4292722618887582 -0.0004336655453065124 0)
(0.4254041092955277 -0.0004203072678900079 0)
(0.4217524594538907 -0.0004082867321451049 0)
(0.4181702429915911 -0.0003954980343068132 0)
(0.4145538852671935 -0.000379696222825087 0)
(0.411100760410757 -0.0003650649287934945 0)
(0.4077088642911376 -0.0003488326992409369 0)
(0.4042075317908458 -0.0003304078575838897 0)
(0.4012256815117674 -0.0003130338799937332 0)
(0.3981638142254707 -0.0002919378031857066 0)
(0.3952559636697212 -0.0002729745467377926 0)
(0.3924532368423297 -0.0002461457413468589 0)
(0.3900674536946377 -0.0002217934883531647 0)
(0.387640905631269 -0.000204452557357982 0)
(0.385560848189035 -0.0001859529611278863 0)
(0.3834285371984045 -0.0001680335486207712 0)
(0.3814701305531651 -0.0001506234546148107 0)
(0.3798446565250025 -0.0001330947912506763 0)
(0.3782057243126866 -0.0001158511063125125 0)
(0.3768827905737423 -9.980980242899344e-05 0)
(0.3755553889392005 -8.368378605302782e-05 0)
(0.3744917862614973 -6.911101343078194e-05 0)
(0.3733975591050385 -5.53977741623832e-05 0)
(0.3725783115879501 -4.150702620440933e-05 0)
(0.3717770298744795 -2.681730551446069e-05 0)
(0.3712031506085066 -1.299180680201006e-05 0)
(0.3706457021644486 -1.632101683788686e-06 0)
(0.3703020859124918 8.577646262083388e-06 0)
(0.3699553195642996 1.674909681377597e-05 0)
(0.3697484065129583 2.246067429772306e-05 0)
(0.3695924454252058 3.029470415368863e-05 0)
(0.3695692405551692 4.152295365808388e-05 0)
(0.369579510869713 5.189801078982359e-05 0)
(0.3697487735808679 6.199312203173483e-05 0)
(0.3699291254833851 7.045322894477335e-05 0)
(0.3702630050318632 7.988615051324916e-05 0)
(0.3706218521307318 8.949319445737677e-05 0)
(0.3710286938586347 0.0001024929993465142 0)
(0.3717874194929274 0.000117795610753926 0)
(0.3724003754399453 0.0001315599568792799 0)
(0.3733992727804504 0.0001415595800543378 0)
(0.3742728938332266 0.0001496136946261377 0)
(0.3754277502564319 0.0001598381047537043 0)
(0.3763947021494307 0.0001703265093182004 0)
(0.3777649429263615 0.0001779816138928192 0)
(0.3791475262529975 0.0001884058038770344 0)
(0.3805491388819959 0.000206582086786772 0)
(0.3818704629387144 0.0002275440104650278 0)
(0.3838833516855527 0.0002398062470643645 0)
(0.385917468565996 0.0002569843437710759 0)
(0.3877626056779847 0.0002552486372935453 0)
(0.38996520916324 0.0002717662569432964 0)
(0.3923091925485844 0.0002879210768151783 0)
(0.3949863071425992 0.0003056232812736588 0)
(0.3976035149986197 0.0003248309459499247 0)
(0.4005755329444126 0.0003478275430062081 0)
(0.4036483217435084 0.0003692940207314279 0)
(0.4069417152290907 0.0003891654207290892 0)
(0.4103312191165016 0.0004090934157360221 0)
(0.4140768258030363 0.0004254383638360736 0)
(0.4178733548219198 0.0004454200587780017 0)
(0.4214245070383142 0.0004690382403397876 0)
(0.4254516290145567 0.0004742098023486725 0)
(0.429306318735578 0.0004899156591245357 0)
(0.4334945185498097 0.0005001271133887019 0)
(0.4373559391590722 0.0005155373304115264 0)
(0.4415381442370565 0.000531724061923472 0)
(0.445880898439021 0.0005452417467127121 0)
(0.4508081621545434 0.0005549085645328791 0)
(0.4555009173818343 0.0005597498528026686 0)
(0.4603715635783128 0.0005603284559609451 0)
(0.4656693317407804 0.0005594921730937689 0)
(0.4709091880087452 0.0005554567902535039 0)
(0.4763862182207103 0.0005473761037326935 0)
(0.4818299895263015 0.0005330465452342364 0)
(0.4862523248456361 0.0005147077541390411 0)
(0.4904987935734189 0.0004939214423568972 0)
(0.4947137848969339 0.0004687026780403822 0)
(0.4990805796193269 0.0004375115447014662 0)
(0.5034699851072237 0.0004003664270750501 0)
(0.5077676132256338 0.0003613778924866898 0)
(0.5114567267671752 0.0003223063623428896 0)
(0.5151688578305477 0.0002803723930534951 0)
(0.5173789928631845 0.0002388002174802707 0)
(0.5201588045406741 0.0001818636786995238 0)
(0.5217690672532693 0.0001445098198561262 0)
(0.5235207475506336 9.132384437572183e-05 0)
(0.5251543411764705 4.298181999999981e-05 0)
(0.5257487653215882 -7.961799585607261e-06 0)
(0.5262721350274526 -5.456782342756122e-05 0)
(0.3993550553785388 -8.553458127460859e-05 0)
(0.3984020192191861 -0.0001233380700960793 0)
(0.3970779330821463 -0.0001490792401100508 0)
(0.395218748223359 -0.0001620482881556746 0)
(0.3933324382358001 -0.0001807615037725417 0)
(0.3915655522207498 -0.0001922528076770059 0)
(0.3893086241778368 -0.0002055991712103114 0)
(0.3870957200283271 -0.0002138160822956545 0)
(0.3845980523513225 -0.0002216328099346859 0)
(0.381908741010276 -0.0002274065492854028 0)
(0.3788404397630796 -0.0002339550193328738 0)
(0.3758034896144488 -0.0002404895429647438 0)
(0.3726097476103193 -0.0002449699692744777 0)
(0.3693976917091072 -0.0002471589500771051 0)
(0.3663262934218263 -0.0002482373001155572 0)
(0.3631021985250369 -0.0002497752110954727 0)
(0.3598585653719908 -0.0002503233681412264 0)
(0.3567891040174648 -0.0002513509274984026 0)
(0.3536853901323875 -0.0002517243812030572 0)
(0.3506769150710206 -0.0002538318802716699 0)
(0.3476262748983938 -0.0002559468831221662 0)
(0.3444663526296595 -0.0002554187533348742 0)
(0.3411885452008015 -0.0002527034304357233 0)
(0.3374220796068009 -0.0002484771869718452 0)
(0.3340053427241218 -0.0002516217389722486 0)
(0.3309579635968803 -0.0002481399508985745 0)
(0.3272145573411026 -0.0002579206748480751 0)
(0.3238458429386369 -0.000248310048958261 0)
(0.3204964361998908 -0.0002400875165695065 0)
(0.3173930217650789 -0.0002340022075476436 0)
(0.3143060309414661 -0.0002278061859989178 0)
(0.3111917728503153 -0.0002200768939953825 0)
(0.3083139880056415 -0.0002136280465681182 0)
(0.305493389146419 -0.0002063955186162381 0)
(0.3025901063358559 -0.0001971189040570789 0)
(0.2999768450727302 -0.0001889676361312298 0)
(0.2974691558714612 -0.0001796534059614337 0)
(0.2948946960044129 -0.0001692310067098106 0)
(0.2926849280517821 -0.0001594390773146707 0)
(0.2906284435451862 -0.0001471395468916948 0)
(0.2885385931173237 -0.0001377461491933104 0)
(0.2865982918587815 -0.0001215422100908618 0)
(0.2849653806983061 -0.0001077243998731558 0)
(0.2833725202322797 -9.800859132954554e-05 0)
(0.2820148500647667 -8.806258692924046e-05 0)
(0.2806583420331769 -7.806107086901855e-05 0)
(0.2795589041533889 -6.924288330584386e-05 0)
(0.2784302836878785 -5.976110715014529e-05 0)
(0.2775669549345872 -5.082121410433113e-05 0)
(0.2766896811861189 -4.204315866440719e-05 0)
(0.2760530798533283 -3.387014887356544e-05 0)
(0.2753853181831915 -2.54409106614188e-05 0)
(0.2749427960005206 -1.825068782462099e-05 0)
(0.2744805388264795 -1.086261862739435e-05 0)
(0.2741352984884923 -3.531343488616593e-06 0)
(0.2739630853144577 4.006043280627173e-06 0)
(0.2737999104667731 9.801013429210922e-06 0)
(0.2738051569971477 1.482169561160777e-05 0)
(0.2737774123125363 1.884379528591507e-05 0)
(0.273827256279265 2.128597771732956e-05 0)
(0.2738755347267544 2.496468633077742e-05 0)
(0.2741352646241642 3.106210592876388e-05 0)
(0.2743206216036702 3.672696614323583e-05 0)
(0.2747167768743239 4.242463166858032e-05 0)
(0.2750420522441301 4.667515397651097e-05 0)
(0.2755575855514044 5.143291630472126e-05 0)
(0.2760059955834028 5.549591784360508e-05 0)
(0.2765888139219265 6.259821614191842e-05 0)
(0.277314654009788 7.08027172490832e-05 0)
(0.2780643633213313 7.837175541275733e-05 0)
(0.2788821426285209 8.366669564802742e-05 0)
(0.279920858813845 8.743622836831014e-05 0)
(0.2808430220065564 9.177670721392238e-05 0)
(0.2819380344928124 9.76799487096375e-05 0)
(0.2830297893816985 0.0001017844275448248 0)
(0.2843016895575821 0.0001079600051650528 0)
(0.2855548450747299 0.0001169456392571485 0)
(0.2867723270828788 0.0001288149600698394 0)
(0.2884962181873745 0.0001357458833213527 0)
(0.2903307819260547 0.0001461069332482329 0)
(0.2919299404789111 0.0001409793090892397 0)
(0.2937462165284651 0.0001508996295370456 0)
(0.2956321867342866 0.0001598599001648008 0)
(0.2977053250467125 0.0001693224225968155 0)
(0.2998264171833808 0.000179474339084176 0)
(0.3022767981200357 0.000192341046293652 0)
(0.3047784460495889 0.0002039424041239722 0)
(0.3074508253236103 0.0002142789323402567 0)
(0.3102492526717947 0.0002251139187609687 0)
(0.3131192776476018 0.0002336039269162836 0)
(0.3163025588285073 0.0002439716802789894 0)
(0.3192474173241305 0.0002569295149088464 0)
(0.3229242227495065 0.0002592442489055376 0)
(0.3262142867937552 0.0002660354917869549 0)
(0.3299532669371807 0.0002670367169226911 0)
(0.3336321970243795 0.0002760580013376878 0)
(0.3375746510393197 0.0002840776006799285 0)
(0.3417375770514057 0.0002903476889858295 0)
(0.3461080503350273 0.0002937952157103689 0)
(0.3495868989682235 0.0002961883748193022 0)
(0.3532150877723074 0.0002961879570152501 0)
(0.3567282455705399 0.0002950939077256671 0)
(0.3603880642385467 0.0002926258857776276 0)
(0.3643114134080651 0.0002878294442790607 0)
(0.3682065300603938 0.0002798962774380488 0)
(0.3719915000051965 0.0002680809337337962 0)
(0.3754986793113481 0.0002543106765826836 0)
(0.3792686990609258 0.0002387949997467573 0)
(0.3827605151592283 0.0002196330050866886 0)
(0.3862220179312504 0.0001980514344614981 0)
(0.3897145195279485 0.0001752288235508999 0)
(0.3918710306179778 0.0001532588735170826 0)
(0.3939668559661214 0.000129123488321969 0)
(0.3952500798058319 0.0001077315844204241 0)
(0.3972188082836214 7.505018218508267e-05 0)
(0.3982646914656093 5.660883735312829e-05 0)
(0.3991581058506706 2.591576969980818e-05 0)
(0.39996157593272 -1.50626105861948e-07 0)
(0.400001155826776 -2.919735303967669e-05 0)
(0.3999805336861315 -5.209898557424282e-05 0)
(0.2495669191233686 -3.965352303334404e-05 0)
(0.2483445068486653 -5.577089482050797e-05 0)
(0.2474765234759626 -6.499093634429957e-05 0)
(0.2457149906289293 -6.863650996437521e-05 0)
(0.2440684101490135 -7.562256580481796e-05 0)
(0.2427181406028377 -7.895424273366348e-05 0)
(0.2407069854932457 -8.371451886875772e-05 0)
(0.2390852210890513 -8.600489167678347e-05 0)
(0.2369497275646807 -8.873696826592088e-05 0)
(0.2352274105490074 -9.082861246610766e-05 0)
(0.2331206824644433 -9.220450770068388e-05 0)
(0.2310772089285789 -9.360595250000673e-05 0)
(0.2291675144002058 -9.429110689859499e-05 0)
(0.2270574165129612 -9.456613958291257e-05 0)
(0.2246071729876778 -9.473975704172521e-05 0)
(0.2222528391143363 -9.548177018417961e-05 0)
(0.2201300100093268 -9.615239545933968e-05 0)
(0.2178626800819465 -9.677506096307809e-05 0)
(0.2155053690535017 -9.701221418150013e-05 0)
(0.2133678382697852 -9.800184818038403e-05 0)
(0.2111495844966256 -9.880865398219614e-05 0)
(0.2088313131855968 -9.88998147377665e-05 0)
(0.2062505047017013 -9.754910808759103e-05 0)
(0.2038849215349564 -9.632849710403134e-05 0)
(0.2017200517188694 -9.755765169911705e-05 0)
(0.1998923902482904 -9.348250561205728e-05 0)
(0.1973880152288324 -9.905569038893625e-05 0)
(0.1950944057064244 -9.464473264249223e-05 0)
(0.1930088779256901 -9.086094038431062e-05 0)
(0.190960676296615 -8.826167148902857e-05 0)
(0.1890094566948061 -8.555154765079852e-05 0)
(0.1871102620986126 -8.243926435430247e-05 0)
(0.1852692030997681 -8.006699370221616e-05 0)
(0.1834640015727356 -7.705465757733083e-05 0)
(0.181615695107364 -7.326129058672882e-05 0)
(0.1799974311700025 -6.992406754995282e-05 0)
(0.1784201511604803 -6.596942339426579e-05 0)
(0.1769054213853948 -6.204007785534512e-05 0)
(0.1755562755029958 -5.797213879497368e-05 0)
(0.1742581858116243 -5.284882996164902e-05 0)
(0.1731205732648634 -5.034985539119397e-05 0)
(0.1718970093485244 -4.25109929152626e-05 0)
(0.1710559784559878 -3.720202544337779e-05 0)
(0.1700854316995492 -3.327759239858999e-05 0)
(0.1692567229639096 -2.939583907263728e-05 0)
(0.1686232231040219 -2.523279394848714e-05 0)
(0.1679466543933106 -2.17556484183646e-05 0)
(0.1674790560382782 -1.810827895479014e-05 0)
(0.1669384810824469 -1.453046362867327e-05 0)
(0.1665018753035822 -1.105618661563556e-05 0)
(0.1662422440339777 -7.781421603623167e-06 0)
(0.1659464293377321 -4.233061894606246e-06 0)
(0.165820256076216 -1.232462898474811e-06 0)
(0.1655643032636555 1.595079234422865e-06 0)
(0.1656015979421728 4.566459667029221e-06 0)
(0.1655313086902511 7.505682673221799e-06 0)
(0.165694071272813 9.896277693902261e-06 0)
(0.1657340552203699 1.176665004060665e-05 0)
(0.1659790592664594 1.346226923073896e-05 0)
(0.1660755621985507 1.445284020777016e-05 0)
(0.1661963496581385 1.569568519637464e-05 0)
(0.1665386014952136 1.814368547891623e-05 0)
(0.1667560663918596 2.068181154495479e-05 0)
(0.1671970813328985 2.288260011475698e-05 0)
(0.167510585163002 2.454148666128018e-05 0)
(0.1680315794183445 2.622326492170019e-05 0)
(0.1684111413547064 2.736612651604799e-05 0)
(0.1688466829277391 3.009561878387469e-05 0)
(0.1695203022981758 3.328302258410194e-05 0)
(0.1700800313128042 3.604518502851538e-05 0)
(0.1708741938497491 3.80639382519148e-05 0)
(0.1715620705316943 3.911975968096743e-05 0)
(0.1722910863314512 4.039612395322064e-05 0)
(0.1731264265891435 4.257103473636695e-05 0)
(0.1739525477055895 4.40359353031349e-05 0)
(0.1749075471615618 4.656754040272478e-05 0)
(0.1757999032537847 4.934329504740342e-05 0)
(0.1767797442436758 5.334129030459473e-05 0)
(0.1779699361699745 5.608252592559528e-05 0)
(0.1793567187903064 6.067606615692085e-05 0)
(0.1803818477935532 5.551880252235455e-05 0)
(0.1815951451414104 5.957577362190979e-05 0)
(0.1830074103891 6.284628699558386e-05 0)
(0.1843780394427612 6.596100463824622e-05 0)
(0.1858391220292719 6.960676570825448e-05 0)
(0.1875327310878102 7.430022410472698e-05 0)
(0.1891797713608273 7.842092313158505e-05 0)
(0.1910492080398366 8.231114830783016e-05 0)
(0.1929238641805616 8.631402219753695e-05 0)
(0.1949240662279857 8.962655878087583e-05 0)
(0.1969876887370026 9.343408509397916e-05 0)
(0.1990631777436946 9.850262663335272e-05 0)
(0.2014544090230393 9.99940518052499e-05 0)
(0.2036905163177863 0.0001018552890184326 0)
(0.2062121593545766 9.95276864816157e-05 0)
(0.2083873914911307 0.0001045558650717911 0)
(0.2110842400470709 0.000107995423075325 0)
(0.2135946208060167 0.000110371357410698 0)
(0.2163574754809692 0.0001115979973404477 0)
(0.2190555022674791 0.0001118732359145345 0)
(0.221634574807917 0.0001106350606003092 0)
(0.2245609341669375 0.0001093138615896209 0)
(0.2271563016002063 0.0001071511852690857 0)
(0.2300570446073728 0.0001042090262540662 0)
(0.2325123665165392 9.986076886784193e-05 0)
(0.2351020434160499 9.415537396021587e-05 0)
(0.2376848409901751 8.810505137588973e-05 0)
(0.2400632077977832 8.123276062612163e-05 0)
(0.241882100697452 7.469161501053579e-05 0)
(0.2436476394872421 6.740561069147763e-05 0)
(0.245364249935764 5.919441112611614e-05 0)
(0.2464771969534981 5.026312297024775e-05 0)
(0.2477087728466313 4.068070255984493e-05 0)
(0.2485010267290933 3.28846944952453e-05 0)
(0.2496550819276846 1.994881672855713e-05 0)
(0.2500769346481284 1.395665873976192e-05 0)
(0.2504147008875118 1.185871970360056e-06 0)
(0.2506891884488193 -8.523448178761726e-06 0)
(0.2505540861555288 -2.022953046124126e-05 0)
(0.2501258593865109 -2.694995941337736e-05 0)
(0.08522147927406573 -5.71690756595959e-06 0)
(0.08464395894471814 -8.196938990511989e-06 0)
(0.08436746440511562 -9.016417618424322e-06 0)
(0.08341013178213381 -9.241062392065705e-06 0)
(0.08289556080042422 -1.019486512905486e-05 0)
(0.08215176344041472 -1.023078941238273e-05 0)
(0.08140240643969522 -1.096125771397904e-05 0)
(0.08085642505119331 -1.114813223427667e-05 0)
(0.07997700310086041 -1.161254896541475e-05 0)
(0.07901199970130732 -1.193314704193507e-05 0)
(0.07832399284521736 -1.215798837279545e-05 0)
(0.07740033233099705 -1.238822763457166e-05 0)
(0.076600450484065 -1.246372219617762e-05 0)
(0.07589949069195204 -1.235781964267938e-05 0)
(0.07502558598199301 -1.220541919021337e-05 0)
(0.07418564364888401 -1.226630288073782e-05 0)
(0.07347048285114235 -1.236034946674954e-05 0)
(0.0725117842931902 -1.233268765844345e-05 0)
(0.07188490667910905 -1.237243927453425e-05 0)
(0.07093810595084209 -1.234055421463569e-05 0)
(0.07022922238060553 -1.236118147119258e-05 0)
(0.06930162474288527 -1.231232449947126e-05 0)
(0.06827742752397276 -1.229151125766939e-05 0)
(0.06749860217890916 -1.256351710192145e-05 0)
(0.06673910009638279 -1.265960578849176e-05 0)
(0.06620676070679528 -1.122924459499446e-05 0)
(0.06519273583949856 -1.271584765184573e-05 0)
(0.064284435672392 -1.237285147768643e-05 0)
(0.06365861403711798 -1.187692093045014e-05 0)
(0.06276912552784378 -1.184259762885574e-05 0)
(0.0621872695559344 -1.172241842874383e-05 0)
(0.06140135200153563 -1.143971604383628e-05 0)
(0.06076438675592981 -1.147873662823463e-05 0)
(0.0600942673635173 -1.126314169691209e-05 0)
(0.05939255987057119 -1.104288428811296e-05 0)
(0.05892094040013014 -1.09646898659184e-05 0)
(0.05822262101644183 -1.059881304031183e-05 0)
(0.05781909751136789 -1.056895197497019e-05 0)
(0.05723974388943035 -1.028551559331194e-05 0)
(0.05689432968187805 -9.946449553737651e-06 0)
(0.05638480646622925 -1.039616186388912e-05 0)
(0.05600272042329633 -9.728625773086982e-06 0)
(0.05574674823457657 -9.75787300884334e-06 0)
(0.05547316020584635 -9.97628130928749e-06 0)
(0.05500266064871066 -1.02720976799786e-05 0)
(0.05482985543484353 -1.035006818001253e-05 0)
(0.05466453908089371 -1.059551450273856e-05 0)
(0.0545508207173898 -1.079315366058292e-05 0)
(0.05443860280168879 -1.102581849126176e-05 0)
(0.05435525926028638 -1.113644201836991e-05 0)
(0.05408858815049643 -1.12806981933156e-05 0)
(0.05405926725503575 -1.14509941138562e-05 0)
(0.05408973339537117 -1.155825590689286e-05 0)
(0.05411283356832085 -1.175189686807442e-05 0)
(0.05418523238168441 -1.188341089455374e-05 0)
(0.05424866193051056 -1.204826486817115e-05 0)
(0.05413225677263421 -1.2169693014227e-05 0)
(0.05423717227682864 -1.222321391628727e-05 0)
(0.0543932137791926 -1.219156251511345e-05 0)
(0.05452047703242729 -1.232758268721655e-05 0)
(0.05466707475221452 -1.241958575718413e-05 0)
(0.05485009689343058 -1.231729495992659e-05 0)
(0.05495583771594852 -1.21558470053646e-05 0)
(0.05501379311990841 -1.21258848339554e-05 0)
(0.05523661188709526 -1.196906037696509e-05 0)
(0.05548896151609027 -1.178484839738661e-05 0)
(0.0557348530151599 -1.166179277411863e-05 0)
(0.05601352434362584 -1.135106547748657e-05 0)
(0.05619916863764985 -1.09554783505521e-05 0)
(0.056357164562966 -1.064946653017945e-05 0)
(0.05661036864337315 5.430595477555547e-06 0)
(0.05707322560264096 -9.843198772882411e-06 0)
(0.05720247690562937 7.209205714630028e-06 0)
(0.05781853453703543 -8.9251779248066e-06 0)
(0.05778968755841205 9.313919347077501e-06 0)
(0.05841467554208433 -7.116090381782607e-06 0)
(0.05835438788134928 1.169841541737559e-05 0)
(0.05923330978322455 -4.761183222309071e-06 0)
(0.05901360299310994 1.423509092617575e-05 0)
(0.06021284346753074 1.873592570550573e-06 0)
(0.06041017772086821 1.643914088447359e-06 0)
(0.06053577335461048 1.199063797577658e-05 0)
(0.06155721253692302 3.093578638090755e-06 0)
(0.06202536077541236 5.47276921669561e-06 0)
(0.06213376878169966 1.383101139187575e-05 0)
(0.0632351960661757 5.481349461729275e-06 0)
(0.06372935451334574 8.683736184588254e-06 0)
(0.06398850174233722 1.599303172771969e-05 0)
(0.06544816426843106 7.406255708487934e-06 0)
(0.06591377876364754 1.121766124157105e-05 0)
(0.06717386142766249 5.520406069513588e-06 0)
(0.06793100263971243 5.850239037162289e-06 0)
(0.06879362506175359 6.17849550553721e-06 0)
(0.06974945843598497 5.901345460780487e-06 0)
(0.07065606020329289 4.217352651358614e-06 0)
(0.07148199811647771 5.792506386784467e-06 0)
(0.07242582463948002 6.622331998171226e-06 0)
(0.07324103513182245 7.30180135642359e-06 0)
(0.07422293418309592 7.864948089437183e-06 0)
(0.07535227428839536 8.425591635506438e-06 0)
(0.07617198344979366 8.6889694960356e-06 0)
(0.07720551138469919 8.953208578412202e-06 0)
(0.0779810515513028 8.998570124740946e-06 0)
(0.07905703094969446 8.985267955877281e-06 0)
(0.07974177745449301 8.744379212785999e-06 0)
(0.08064013862792781 8.475415837710118e-06 0)
(0.08145684140050982 8.161604474755232e-06 0)
(0.082289722920385 7.57863039895835e-06 0)
(0.08302575795575415 6.764137802867423e-06 0)
(0.08366728512929653 5.836243738158908e-06 0)
(0.08430172767310457 5.091037076149369e-06 0)
(0.08475944050249959 3.529813709209164e-06 0)
(0.08502203969569741 2.462508539511258e-06 0)
(0.08530061588186263 1.76894021121873e-06 0)
(0.08557884304987629 2.510435064497258e-07 0)
(0.0857608611347847 1.401102017395463e-07 0)
(0.08581783930846645 -1.727228865407748e-06 0)
(0.08571674471164353 -2.750785396324884e-06 0)
(0.08563470434876189 -4.20054187452489e-06 0)
(0.08547618447355253 -4.430850535761722e-06 0)
);
