zone,x,skinfr,5percenterror
"theory 1, White 6-112a",0.002,0.00938257,0.000469128
"theory 1, White 6-112a",0.004,0.008168,0.0004084
"theory 1, White 6-112a",0.006,0.00753178,0.000376589
"theory 1, White 6-112a",0.008,0.00711066,0.000355533
"theory 1, White 6-112a",0.01,0.00680029,0.000340015
"theory 1, White 6-112a",0.012,0.00655679,0.00032784
"theory 1, White 6-112a",0.014,0.00635773,0.000317887
"theory 1, White 6-112a",0.016,0.00619019,0.000309509
"theory 1, White 6-112a",0.018,0.00604607,0.000302304
"theory 1, White 6-112a",0.02,0.00592,0.000296
"theory 1, White 6-112a",0.022,0.00580822,0.000290411
"theory 1, White 6-112a",0.024,0.00570802,0.000285401
"theory 1, White 6-112a",0.026,0.00561737,0.000280869
"theory 1, White 6-112a",0.028,0.00553473,0.000276736
"theory 1, White 6-112a",0.03,0.00545888,0.000272944
"theory 1, White 6-112a",0.032,0.00538887,0.000269444
"theory 1, White 6-112a",0.034,0.00532392,0.000266196
"theory 1, White 6-112a",0.036,0.00526341,0.000263171
"theory 1, White 6-112a",0.038,0.0052068,0.00026034
"theory 1, White 6-112a",0.04,0.00515366,0.000257683
"theory 1, White 6-112a",0.042,0.00510361,0.000255181
"theory 1, White 6-112a",0.044,0.00505635,0.000252818
"theory 1, White 6-112a",0.046,0.0050116,0.00025058
"theory 1, White 6-112a",0.048,0.00496912,0.000248456
"theory 1, White 6-112a",0.05,0.00492871,0.000246436
"theory 1, White 6-112a",0.052,0.0048902,0.00024451
"theory 1, White 6-112a",0.054,0.00485343,0.000242672
"theory 1, White 6-112a",0.056,0.00481826,0.000240913
"theory 1, White 6-112a",0.058,0.00478456,0.000239228
"theory 1, White 6-112a",0.06,0.00475223,0.000237612
"theory 1, White 6-112a",0.062,0.00472117,0.000236058
"theory 1, White 6-112a",0.064,0.00469128,0.000234564
"theory 1, White 6-112a",0.066,0.0046625,0.000233125
"theory 1, White 6-112a",0.068,0.00463475,0.000231737
"theory 1, White 6-112a",0.07,0.00460795,0.000230398
"theory 1, White 6-112a",0.072,0.00458206,0.000229103
"theory 1, White 6-112a",0.074,0.00455702,0.000227851
"theory 1, White 6-112a",0.076,0.00453278,0.000226639
"theory 1, White 6-112a",0.078,0.0045093,0.000225465
"theory 1, White 6-112a",0.08,0.00448652,0.000224326
"theory 1, White 6-112a",0.082,0.00446442,0.000223221
"theory 1, White 6-112a",0.084,0.00444295,0.000222148
"theory 1, White 6-112a",0.086,0.00442209,0.000221105
"theory 1, White 6-112a",0.088,0.00440181,0.00022009
"theory 1, White 6-112a",0.09,0.00438207,0.000219103
"theory 1, White 6-112a",0.092,0.00436285,0.000218142
"theory 1, White 6-112a",0.094,0.00434412,0.000217206
"theory 1, White 6-112a",0.096,0.00432587,0.000216293
"theory 1, White 6-112a",0.098,0.00430807,0.000215403
"theory 1, White 6-112a",0.1,0.0042907,0.000214535
"theory 1, White 6-112a",0.102,0.00427374,0.000213687
"theory 1, White 6-112a",0.104,0.00425717,0.000212859
"theory 1, White 6-112a",0.106,0.00424098,0.000212049
"theory 1, White 6-112a",0.108,0.00422516,0.000211258
"theory 1, White 6-112a",0.11,0.00420968,0.000210484
"theory 1, White 6-112a",0.112,0.00419454,0.000209727
"theory 1, White 6-112a",0.114,0.00417972,0.000208986
"theory 1, White 6-112a",0.116,0.0041652,0.00020826
"theory 1, White 6-112a",0.118,0.00415099,0.000207549
"theory 1, White 6-112a",0.12,0.00413706,0.000206853
"theory 1, White 6-112a",0.122,0.0041234,0.00020617
"theory 1, White 6-112a",0.124,0.00411001,0.000205501
"theory 1, White 6-112a",0.126,0.00409688,0.000204844
"theory 1, White 6-112a",0.128,0.004084,0.0002042
"theory 1, White 6-112a",0.13,0.00407136,0.000203568
"theory 1, White 6-112a",0.132,0.00405894,0.000202947
"theory 1, White 6-112a",0.134,0.00404675,0.000202338
"theory 1, White 6-112a",0.136,0.00403478,0.000201739
"theory 1, White 6-112a",0.138,0.00402302,0.000201151
"theory 1, White 6-112a",0.14,0.00401146,0.000200573
"theory 1, White 6-112a",0.142,0.00400009,0.000200005
"theory 1, White 6-112a",0.144,0.00398892,0.000199446
"theory 1, White 6-112a",0.146,0.00397793,0.000198896
"theory 1, White 6-112a",0.148,0.00396712,0.000198356
"theory 1, White 6-112a",0.15,0.00395648,0.000197824
"theory 1, White 6-112a",0.152,0.00394602,0.000197301
"theory 1, White 6-112a",0.154,0.00393571,0.000196786
"theory 1, White 6-112a",0.156,0.00392557,0.000196279
"theory 1, White 6-112a",0.158,0.00391558,0.000195779
"theory 1, White 6-112a",0.16,0.00390574,0.000195287
"theory 1, White 6-112a",0.162,0.00389605,0.000194803
"theory 1, White 6-112a",0.164,0.0038865,0.000194325
"theory 1, White 6-112a",0.166,0.00387709,0.000193855
"theory 1, White 6-112a",0.168,0.00386782,0.000193391
"theory 1, White 6-112a",0.17,0.00385867,0.000192934
"theory 1, White 6-112a",0.172,0.00384966,0.000192483
"theory 1, White 6-112a",0.174,0.00384077,0.000192038
"theory 1, White 6-112a",0.176,0.003832,0.0001916
"theory 1, White 6-112a",0.178,0.00382335,0.000191167
"theory 1, White 6-112a",0.18,0.00381481,0.000190741
"theory 1, White 6-112a",0.182,0.00380639,0.00019032
"theory 1, White 6-112a",0.184,0.00379808,0.000189904
"theory 1, White 6-112a",0.186,0.00378988,0.000189494
"theory 1, White 6-112a",0.188,0.00378178,0.000189089
"theory 1, White 6-112a",0.19,0.00377378,0.000188689
"theory 1, White 6-112a",0.192,0.00376589,0.000188294
"theory 1, White 6-112a",0.194,0.00375809,0.000187905
"theory 1, White 6-112a",0.196,0.00375039,0.00018752
"theory 1, White 6-112a",0.198,0.00374278,0.000187139
"theory 1, White 6-112a",0.2,0.00373527,0.000186763
"theory 1, White 6-112a",0.202,0.00372784,0.000186392
"theory 1, White 6-112a",0.204,0.0037205,0.000186025
"theory 1, White 6-112a",0.206,0.00371325,0.000185663
"theory 1, White 6-112a",0.208,0.00370608,0.000185304
"theory 1, White 6-112a",0.21,0.003699,0.00018495
"theory 1, White 6-112a",0.212,0.00369199,0.0001846
"theory 1, White 6-112a",0.214,0.00368506,0.000184253
"theory 1, White 6-112a",0.216,0.00367821,0.000183911
"theory 1, White 6-112a",0.218,0.00367144,0.000183572
"theory 1, White 6-112a",0.22,0.00366474,0.000183237
"theory 1, White 6-112a",0.222,0.00365811,0.000182906
"theory 1, White 6-112a",0.224,0.00365156,0.000182578
"theory 1, White 6-112a",0.226,0.00364507,0.000182254
"theory 1, White 6-112a",0.228,0.00363865,0.000181933
"theory 1, White 6-112a",0.23,0.0036323,0.000181615
"theory 1, White 6-112a",0.232,0.00362602,0.000181301
"theory 1, White 6-112a",0.234,0.0036198,0.00018099
"theory 1, White 6-112a",0.236,0.00361364,0.000180682
"theory 1, White 6-112a",0.238,0.00360755,0.000180377
"theory 1, White 6-112a",0.24,0.00360152,0.000180076
"theory 1, White 6-112a",0.242,0.00359554,0.000179777
"theory 1, White 6-112a",0.244,0.00358963,0.000179482
"theory 1, White 6-112a",0.246,0.00358377,0.000179189
"theory 1, White 6-112a",0.248,0.00357798,0.000178899
"theory 1, White 6-112a",0.25,0.00357223,0.000178612
"theory 1, White 6-112a",0.252,0.00356654,0.000178327
"theory 1, White 6-112a",0.254,0.00356091,0.000178045
"theory 1, White 6-112a",0.256,0.00355533,0.000177766
"theory 1, White 6-112a",0.258,0.0035498,0.00017749
"theory 1, White 6-112a",0.26,0.00354432,0.000177216
"theory 1, White 6-112a",0.262,0.00353889,0.000176945
"theory 1, White 6-112a",0.264,0.00353351,0.000176676
"theory 1, White 6-112a",0.266,0.00352819,0.000176409
"theory 1, White 6-112a",0.268,0.0035229,0.000176145
"theory 1, White 6-112a",0.27,0.00351767,0.000175883
"theory 1, White 6-112a",0.272,0.00351248,0.000175624
"theory 1, White 6-112a",0.274,0.00350734,0.000175367
"theory 1, White 6-112a",0.276,0.00350224,0.000175112
"theory 1, White 6-112a",0.278,0.00349719,0.000174859
"theory 1, White 6-112a",0.28,0.00349218,0.000174609
"theory 1, White 6-112a",0.282,0.00348721,0.00017436
"theory 1, White 6-112a",0.284,0.00348228,0.000174114
"theory 1, White 6-112a",0.286,0.0034774,0.00017387
"theory 1, White 6-112a",0.288,0.00347256,0.000173628
"theory 1, White 6-112a",0.29,0.00346775,0.000173388
"theory 1, White 6-112a",0.292,0.00346299,0.000173149
"theory 1, White 6-112a",0.294,0.00345826,0.000172913
"theory 1, White 6-112a",0.296,0.00345358,0.000172679
"theory 1, White 6-112a",0.298,0.00344893,0.000172447
"theory 1, White 6-112a",0.3,0.00344432,0.000172216
"theory 1, White 6-112a",0.302,0.00343975,0.000171987
"theory 1, White 6-112a",0.304,0.00343521,0.00017176
"theory 1, White 6-112a",0.306,0.00343071,0.000171535
"theory 1, White 6-112a",0.308,0.00342624,0.000171312
"theory 1, White 6-112a",0.31,0.00342181,0.00017109
"theory 1, White 6-112a",0.312,0.00341741,0.00017087
"theory 1, White 6-112a",0.314,0.00341304,0.000170652
"theory 1, White 6-112a",0.316,0.00340871,0.000170436
"theory 1, White 6-112a",0.318,0.00340441,0.000170221
"theory 1, White 6-112a",0.32,0.00340015,0.000170007
"theory 1, White 6-112a",0.322,0.00339591,0.000169796
"theory 1, White 6-112a",0.324,0.00339171,0.000169585
"theory 1, White 6-112a",0.326,0.00338754,0.000169377
"theory 1, White 6-112a",0.328,0.0033834,0.00016917
"theory 1, White 6-112a",0.33,0.00337929,0.000168964
"theory 1, White 6-112a",0.332,0.0033752,0.00016876
"theory 1, White 6-112a",0.334,0.00337115,0.000168558
"theory 1, White 6-112a",0.336,0.00336713,0.000168356
"theory 1, White 6-112a",0.338,0.00336314,0.000168157
"theory 1, White 6-112a",0.34,0.00335917,0.000167958
"theory 1, White 6-112a",0.342,0.00335523,0.000167762
"theory 1, White 6-112a",0.344,0.00335132,0.000167566
"theory 1, White 6-112a",0.346,0.00334744,0.000167372
"theory 1, White 6-112a",0.348,0.00334358,0.000167179
"theory 1, White 6-112a",0.35,0.00333975,0.000166988
"theory 1, White 6-112a",0.352,0.00333595,0.000166797
"theory 1, White 6-112a",0.354,0.00333217,0.000166608
"theory 1, White 6-112a",0.356,0.00332842,0.000166421
"theory 1, White 6-112a",0.358,0.00332469,0.000166234
"theory 1, White 6-112a",0.36,0.00332099,0.000166049
"theory 1, White 6-112a",0.362,0.00331731,0.000165865
"theory 1, White 6-112a",0.364,0.00331366,0.000165683
"theory 1, White 6-112a",0.366,0.00331003,0.000165501
"theory 1, White 6-112a",0.368,0.00330642,0.000165321
"theory 1, White 6-112a",0.37,0.00330284,0.000165142
"theory 1, White 6-112a",0.372,0.00329928,0.000164964
"theory 1, White 6-112a",0.374,0.00329574,0.000164787
"theory 1, White 6-112a",0.376,0.00329223,0.000164611
"theory 1, White 6-112a",0.378,0.00328874,0.000164437
"theory 1, White 6-112a",0.38,0.00328527,0.000164263
"theory 1, White 6-112a",0.382,0.00328182,0.000164091
"theory 1, White 6-112a",0.384,0.0032784,0.00016392
"theory 1, White 6-112a",0.386,0.00327499,0.00016375
"theory 1, White 6-112a",0.388,0.00327161,0.00016358
"theory 1, White 6-112a",0.39,0.00326825,0.000163412
"theory 1, White 6-112a",0.392,0.0032649,0.000163245
"theory 1, White 6-112a",0.394,0.00326158,0.000163079
"theory 1, White 6-112a",0.396,0.00325828,0.000162914
"theory 1, White 6-112a",0.398,0.003255,0.00016275
"theory 1, White 6-112a",0.4,0.00325174,0.000162587
"theory 1, White 6-112a",0.402,0.0032485,0.000162425
"theory 1, White 6-112a",0.404,0.00324527,0.000162264
"theory 1, White 6-112a",0.406,0.00324207,0.000162104
"theory 1, White 6-112a",0.408,0.00323889,0.000161944
"theory 1, White 6-112a",0.41,0.00323572,0.000161786
"theory 1, White 6-112a",0.412,0.00323257,0.000161629
"theory 1, White 6-112a",0.414,0.00322944,0.000161472
"theory 1, White 6-112a",0.416,0.00322633,0.000161317
"theory 1, White 6-112a",0.418,0.00322324,0.000161162
"theory 1, White 6-112a",0.42,0.00322016,0.000161008
"theory 1, White 6-112a",0.422,0.0032171,0.000160855
"theory 1, White 6-112a",0.424,0.00321406,0.000160703
"theory 1, White 6-112a",0.426,0.00321104,0.000160552
"theory 1, White 6-112a",0.428,0.00320803,0.000160402
"theory 1, White 6-112a",0.43,0.00320504,0.000160252
"theory 1, White 6-112a",0.432,0.00320207,0.000160104
"theory 1, White 6-112a",0.434,0.00319911,0.000159956
"theory 1, White 6-112a",0.436,0.00319617,0.000159809
"theory 1, White 6-112a",0.438,0.00319325,0.000159662
"theory 1, White 6-112a",0.44,0.00319034,0.000159517
"theory 1, White 6-112a",0.442,0.00318745,0.000159372
"theory 1, White 6-112a",0.444,0.00318457,0.000159229
"theory 1, White 6-112a",0.446,0.00318171,0.000159086
"theory 1, White 6-112a",0.448,0.00317887,0.000158943
"theory 1, White 6-112a",0.45,0.00317603,0.000158802
"theory 1, White 6-112a",0.452,0.00317322,0.000158661
"theory 1, White 6-112a",0.454,0.00317042,0.000158521
"theory 1, White 6-112a",0.456,0.00316763,0.000158382
"theory 1, White 6-112a",0.458,0.00316486,0.000158243
"theory 1, White 6-112a",0.46,0.0031621,0.000158105
"theory 1, White 6-112a",0.462,0.00315936,0.000157968
"theory 1, White 6-112a",0.464,0.00315663,0.000157832
"theory 1, White 6-112a",0.466,0.00315392,0.000157696
"theory 1, White 6-112a",0.468,0.00315122,0.000157561
"theory 1, White 6-112a",0.47,0.00314853,0.000157427
"theory 1, White 6-112a",0.472,0.00314586,0.000157293
"theory 1, White 6-112a",0.474,0.0031432,0.00015716
"theory 1, White 6-112a",0.476,0.00314055,0.000157028
"theory 1, White 6-112a",0.478,0.00313792,0.000156896
"theory 1, White 6-112a",0.48,0.0031353,0.000156765
"theory 1, White 6-112a",0.482,0.0031327,0.000156635
"theory 1, White 6-112a",0.484,0.0031301,0.000156505
"theory 1, White 6-112a",0.486,0.00312752,0.000156376
"theory 1, White 6-112a",0.488,0.00312495,0.000156248
"theory 1, White 6-112a",0.49,0.0031224,0.00015612
"theory 1, White 6-112a",0.492,0.00311986,0.000155993
"theory 1, White 6-112a",0.494,0.00311733,0.000155866
"theory 1, White 6-112a",0.496,0.00311481,0.00015574
"theory 1, White 6-112a",0.498,0.0031123,0.000155615
"theory 1, White 6-112a",0.5,0.00310981,0.00015549
"theory 1, White 6-112a",0.502,0.00310733,0.000155366
"theory 1, White 6-112a",0.504,0.00310486,0.000155243
"theory 1, White 6-112a",0.506,0.0031024,0.00015512
"theory 1, White 6-112a",0.508,0.00309995,0.000154998
"theory 1, White 6-112a",0.51,0.00309752,0.000154876
"theory 1, White 6-112a",0.512,0.00309509,0.000154755
"theory 1, White 6-112a",0.514,0.00309268,0.000154634
"theory 1, White 6-112a",0.516,0.00309028,0.000154514
"theory 1, White 6-112a",0.518,0.00308789,0.000154394
"theory 1, White 6-112a",0.52,0.00308551,0.000154276
"theory 1, White 6-112a",0.522,0.00308314,0.000154157
"theory 1, White 6-112a",0.524,0.00308079,0.000154039
"theory 1, White 6-112a",0.526,0.00307844,0.000153922
"theory 1, White 6-112a",0.528,0.0030761,0.000153805
"theory 1, White 6-112a",0.53,0.00307378,0.000153689
"theory 1, White 6-112a",0.532,0.00307146,0.000153573
"theory 1, White 6-112a",0.534,0.00306916,0.000153458
"theory 1, White 6-112a",0.536,0.00306687,0.000153343
"theory 1, White 6-112a",0.538,0.00306458,0.000153229
"theory 1, White 6-112a",0.54,0.00306231,0.000153115
"theory 1, White 6-112a",0.542,0.00306005,0.000153002
"theory 1, White 6-112a",0.544,0.00305779,0.00015289
"theory 1, White 6-112a",0.546,0.00305555,0.000152777
"theory 1, White 6-112a",0.548,0.00305331,0.000152666
"theory 1, White 6-112a",0.55,0.00305109,0.000152555
"theory 1, White 6-112a",0.552,0.00304888,0.000152444
"theory 1, White 6-112a",0.554,0.00304667,0.000152334
"theory 1, White 6-112a",0.556,0.00304448,0.000152224
"theory 1, White 6-112a",0.558,0.00304229,0.000152115
"theory 1, White 6-112a",0.56,0.00304012,0.000152006
"theory 1, White 6-112a",0.562,0.00303795,0.000151897
"theory 1, White 6-112a",0.564,0.00303579,0.00015179
"theory 1, White 6-112a",0.566,0.00303364,0.000151682
"theory 1, White 6-112a",0.568,0.0030315,0.000151575
"theory 1, White 6-112a",0.57,0.00302937,0.000151469
"theory 1, White 6-112a",0.572,0.00302725,0.000151363
"theory 1, White 6-112a",0.574,0.00302514,0.000151257
"theory 1, White 6-112a",0.576,0.00302304,0.000151152
"theory 1, White 6-112a",0.578,0.00302094,0.000151047
"theory 1, White 6-112a",0.58,0.00301885,0.000150943
"theory 1, White 6-112a",0.582,0.00301678,0.000150839
"theory 1, White 6-112a",0.584,0.00301471,0.000150735
"theory 1, White 6-112a",0.586,0.00301265,0.000150632
"theory 1, White 6-112a",0.588,0.00301059,0.00015053
"theory 1, White 6-112a",0.59,0.00300855,0.000150428
"theory 1, White 6-112a",0.592,0.00300651,0.000150326
"theory 1, White 6-112a",0.594,0.00300449,0.000150224
"theory 1, White 6-112a",0.596,0.00300247,0.000150123
"theory 1, White 6-112a",0.598,0.00300046,0.000150023
"theory 1, White 6-112a",0.6,0.00299845,0.000149923
"theory 1, White 6-112a",0.602,0.00299646,0.000149823
"theory 1, White 6-112a",0.604,0.00299447,0.000149724
"theory 1, White 6-112a",0.606,0.00299249,0.000149625
"theory 1, White 6-112a",0.608,0.00299052,0.000149526
"theory 1, White 6-112a",0.61,0.00298856,0.000149428
"theory 1, White 6-112a",0.612,0.0029866,0.00014933
"theory 1, White 6-112a",0.614,0.00298465,0.000149233
"theory 1, White 6-112a",0.616,0.00298271,0.000149136
"theory 1, White 6-112a",0.618,0.00298078,0.000149039
"theory 1, White 6-112a",0.62,0.00297886,0.000148943
"theory 1, White 6-112a",0.622,0.00297694,0.000148847
"theory 1, White 6-112a",0.624,0.00297503,0.000148751
"theory 1, White 6-112a",0.626,0.00297312,0.000148656
"theory 1, White 6-112a",0.628,0.00297123,0.000148561
"theory 1, White 6-112a",0.63,0.00296934,0.000148467
"theory 1, White 6-112a",0.632,0.00296746,0.000148373
"theory 1, White 6-112a",0.634,0.00296558,0.000148279
"theory 1, White 6-112a",0.636,0.00296371,0.000148186
"theory 1, White 6-112a",0.638,0.00296185,0.000148093
"theory 1, White 6-112a",0.64,0.00296,0.000148
"theory 1, White 6-112a",0.642,0.00295815,0.000147908
"theory 1, White 6-112a",0.644,0.00295631,0.000147816
"theory 1, White 6-112a",0.646,0.00295448,0.000147724
"theory 1, White 6-112a",0.648,0.00295265,0.000147633
"theory 1, White 6-112a",0.65,0.00295084,0.000147542
"theory 1, White 6-112a",0.652,0.00294902,0.000147451
"theory 1, White 6-112a",0.654,0.00294722,0.000147361
"theory 1, White 6-112a",0.656,0.00294542,0.000147271
"theory 1, White 6-112a",0.658,0.00294363,0.000147181
"theory 1, White 6-112a",0.66,0.00294184,0.000147092
"theory 1, White 6-112a",0.662,0.00294006,0.000147003
"theory 1, White 6-112a",0.664,0.00293829,0.000146914
"theory 1, White 6-112a",0.666,0.00293652,0.000146826
"theory 1, White 6-112a",0.668,0.00293476,0.000146738
"theory 1, White 6-112a",0.67,0.002933,0.00014665
"theory 1, White 6-112a",0.672,0.00293126,0.000146563
"theory 1, White 6-112a",0.674,0.00292952,0.000146476
"theory 1, White 6-112a",0.676,0.00292778,0.000146389
"theory 1, White 6-112a",0.678,0.00292605,0.000146303
"theory 1, White 6-112a",0.68,0.00292433,0.000146216
"theory 1, White 6-112a",0.682,0.00292261,0.00014613
"theory 1, White 6-112a",0.684,0.0029209,0.000146045
"theory 1, White 6-112a",0.686,0.00291919,0.00014596
"theory 1, White 6-112a",0.688,0.00291749,0.000145875
"theory 1, White 6-112a",0.69,0.0029158,0.00014579
"theory 1, White 6-112a",0.692,0.00291411,0.000145706
"theory 1, White 6-112a",0.694,0.00291243,0.000145622
"theory 1, White 6-112a",0.696,0.00291076,0.000145538
"theory 1, White 6-112a",0.698,0.00290909,0.000145454
"theory 1, White 6-112a",0.7,0.00290742,0.000145371
"theory 1, White 6-112a",0.702,0.00290576,0.000145288
"theory 1, White 6-112a",0.704,0.00290411,0.000145206
"theory 1, White 6-112a",0.706,0.00290246,0.000145123
"theory 1, White 6-112a",0.708,0.00290082,0.000145041
"theory 1, White 6-112a",0.71,0.00289919,0.000144959
"theory 1, White 6-112a",0.712,0.00289756,0.000144878
"theory 1, White 6-112a",0.714,0.00289593,0.000144797
"theory 1, White 6-112a",0.716,0.00289431,0.000144716
"theory 1, White 6-112a",0.718,0.0028927,0.000144635
"theory 1, White 6-112a",0.72,0.00289109,0.000144554
"theory 1, White 6-112a",0.722,0.00288948,0.000144474
"theory 1, White 6-112a",0.724,0.00288789,0.000144394
"theory 1, White 6-112a",0.726,0.00288629,0.000144315
"theory 1, White 6-112a",0.728,0.00288471,0.000144235
"theory 1, White 6-112a",0.73,0.00288312,0.000144156
"theory 1, White 6-112a",0.732,0.00288155,0.000144077
"theory 1, White 6-112a",0.734,0.00287997,0.000143999
"theory 1, White 6-112a",0.736,0.00287841,0.00014392
"theory 1, White 6-112a",0.738,0.00287684,0.000143842
"theory 1, White 6-112a",0.74,0.00287529,0.000143764
"theory 1, White 6-112a",0.742,0.00287374,0.000143687
"theory 1, White 6-112a",0.744,0.00287219,0.000143609
"theory 1, White 6-112a",0.746,0.00287065,0.000143532
"theory 1, White 6-112a",0.748,0.00286911,0.000143456
"theory 1, White 6-112a",0.75,0.00286758,0.000143379
"theory 1, White 6-112a",0.752,0.00286605,0.000143303
"theory 1, White 6-112a",0.754,0.00286453,0.000143227
"theory 1, White 6-112a",0.756,0.00286301,0.000143151
"theory 1, White 6-112a",0.758,0.0028615,0.000143075
"theory 1, White 6-112a",0.76,0.00285999,0.000143
"theory 1, White 6-112a",0.762,0.00285849,0.000142925
"theory 1, White 6-112a",0.764,0.00285699,0.00014285
"theory 1, White 6-112a",0.766,0.0028555,0.000142775
"theory 1, White 6-112a",0.768,0.00285401,0.0001427
"theory 1, White 6-112a",0.77,0.00285253,0.000142626
"theory 1, White 6-112a",0.772,0.00285105,0.000142552
"theory 1, White 6-112a",0.774,0.00284957,0.000142479
"theory 1, White 6-112a",0.776,0.0028481,0.000142405
"theory 1, White 6-112a",0.778,0.00284664,0.000142332
"theory 1, White 6-112a",0.78,0.00284517,0.000142259
"theory 1, White 6-112a",0.782,0.00284372,0.000142186
"theory 1, White 6-112a",0.784,0.00284226,0.000142113
"theory 1, White 6-112a",0.786,0.00284082,0.000142041
"theory 1, White 6-112a",0.788,0.00283937,0.000141969
"theory 1, White 6-112a",0.79,0.00283793,0.000141897
"theory 1, White 6-112a",0.792,0.0028365,0.000141825
"theory 1, White 6-112a",0.794,0.00283507,0.000141753
"theory 1, White 6-112a",0.796,0.00283364,0.000141682
"theory 1, White 6-112a",0.798,0.00283222,0.000141611
"theory 1, White 6-112a",0.8,0.0028308,0.00014154
"theory 1, White 6-112a",0.802,0.00282939,0.00014147
"theory 1, White 6-112a",0.804,0.00282798,0.000141399
"theory 1, White 6-112a",0.806,0.00282658,0.000141329
"theory 1, White 6-112a",0.808,0.00282518,0.000141259
"theory 1, White 6-112a",0.81,0.00282378,0.000141189
"theory 1, White 6-112a",0.812,0.00282239,0.000141119
"theory 1, White 6-112a",0.814,0.002821,0.00014105
"theory 1, White 6-112a",0.816,0.00281961,0.000140981
"theory 1, White 6-112a",0.818,0.00281823,0.000140912
"theory 1, White 6-112a",0.82,0.00281686,0.000140843
"theory 1, White 6-112a",0.822,0.00281549,0.000140774
"theory 1, White 6-112a",0.824,0.00281412,0.000140706
"theory 1, White 6-112a",0.826,0.00281275,0.000140638
"theory 1, White 6-112a",0.828,0.00281139,0.00014057
"theory 1, White 6-112a",0.83,0.00281004,0.000140502
"theory 1, White 6-112a",0.832,0.00280869,0.000140434
"theory 1, White 6-112a",0.834,0.00280734,0.000140367
"theory 1, White 6-112a",0.836,0.00280599,0.0001403
"theory 1, White 6-112a",0.838,0.00280465,0.000140233
"theory 1, White 6-112a",0.84,0.00280331,0.000140166
"theory 1, White 6-112a",0.842,0.00280198,0.000140099
"theory 1, White 6-112a",0.844,0.00280065,0.000140033
"theory 1, White 6-112a",0.846,0.00279933,0.000139966
"theory 1, White 6-112a",0.848,0.00279801,0.0001399
"theory 1, White 6-112a",0.85,0.00279669,0.000139834
"theory 1, White 6-112a",0.852,0.00279537,0.000139769
"theory 1, White 6-112a",0.854,0.00279406,0.000139703
"theory 1, White 6-112a",0.856,0.00279276,0.000139638
"theory 1, White 6-112a",0.858,0.00279145,0.000139573
"theory 1, White 6-112a",0.86,0.00279015,0.000139508
"theory 1, White 6-112a",0.862,0.00278886,0.000139443
"theory 1, White 6-112a",0.864,0.00278756,0.000139378
"theory 1, White 6-112a",0.866,0.00278628,0.000139314
"theory 1, White 6-112a",0.868,0.00278499,0.00013925
"theory 1, White 6-112a",0.87,0.00278371,0.000139185
"theory 1, White 6-112a",0.872,0.00278243,0.000139122
"theory 1, White 6-112a",0.874,0.00278116,0.000139058
"theory 1, White 6-112a",0.876,0.00277989,0.000138994
"theory 1, White 6-112a",0.878,0.00277862,0.000138931
"theory 1, White 6-112a",0.88,0.00277735,0.000138868
"theory 1, White 6-112a",0.882,0.00277609,0.000138805
"theory 1, White 6-112a",0.884,0.00277484,0.000138742
"theory 1, White 6-112a",0.886,0.00277358,0.000138679
"theory 1, White 6-112a",0.888,0.00277233,0.000138617
"theory 1, White 6-112a",0.89,0.00277108,0.000138554
"theory 1, White 6-112a",0.892,0.00276984,0.000138492
"theory 1, White 6-112a",0.894,0.0027686,0.00013843
"theory 1, White 6-112a",0.896,0.00276736,0.000138368
"theory 1, White 6-112a",0.898,0.00276613,0.000138306
"theory 1, White 6-112a",0.9,0.0027649,0.000138245
"theory 1, White 6-112a",0.902,0.00276367,0.000138184
"theory 1, White 6-112a",0.904,0.00276245,0.000138122
"theory 1, White 6-112a",0.906,0.00276123,0.000138061
"theory 1, White 6-112a",0.908,0.00276001,0.000138
"theory 1, White 6-112a",0.91,0.00275879,0.00013794
"theory 1, White 6-112a",0.912,0.00275758,0.000137879
"theory 1, White 6-112a",0.914,0.00275638,0.000137819
"theory 1, White 6-112a",0.916,0.00275517,0.000137759
"theory 1, White 6-112a",0.918,0.00275397,0.000137698
"theory 1, White 6-112a",0.92,0.00275277,0.000137639
"theory 1, White 6-112a",0.922,0.00275158,0.000137579
"theory 1, White 6-112a",0.924,0.00275038,0.000137519
"theory 1, White 6-112a",0.926,0.00274919,0.00013746
"theory 1, White 6-112a",0.928,0.00274801,0.0001374
"theory 1, White 6-112a",0.93,0.00274683,0.000137341
"theory 1, White 6-112a",0.932,0.00274565,0.000137282
"theory 1, White 6-112a",0.934,0.00274447,0.000137223
"theory 1, White 6-112a",0.936,0.0027433,0.000137165
"theory 1, White 6-112a",0.938,0.00274212,0.000137106
"theory 1, White 6-112a",0.94,0.00274096,0.000137048
"theory 1, White 6-112a",0.942,0.00273979,0.00013699
"theory 1, White 6-112a",0.944,0.00273863,0.000136931
"theory 1, White 6-112a",0.946,0.00273747,0.000136874
"theory 1, White 6-112a",0.948,0.00273631,0.000136816
"theory 1, White 6-112a",0.95,0.00273516,0.000136758
"theory 1, White 6-112a",0.952,0.00273401,0.000136701
"theory 1, White 6-112a",0.954,0.00273286,0.000136643
"theory 1, White 6-112a",0.956,0.00273172,0.000136586
"theory 1, White 6-112a",0.958,0.00273058,0.000136529
"theory 1, White 6-112a",0.96,0.00272944,0.000136472
"theory 1, White 6-112a",0.962,0.0027283,0.000136415
"theory 1, White 6-112a",0.964,0.00272717,0.000136359
"theory 1, White 6-112a",0.966,0.00272604,0.000136302
"theory 1, White 6-112a",0.968,0.00272491,0.000136246
"theory 1, White 6-112a",0.97,0.00272379,0.000136189
"theory 1, White 6-112a",0.972,0.00272267,0.000136133
"theory 1, White 6-112a",0.974,0.00272155,0.000136077
"theory 1, White 6-112a",0.976,0.00272043,0.000136022
"theory 1, White 6-112a",0.978,0.00271932,0.000135966
"theory 1, White 6-112a",0.98,0.00271821,0.00013591
"theory 1, White 6-112a",0.982,0.0027171,0.000135855
"theory 1, White 6-112a",0.984,0.00271599,0.0001358
"theory 1, White 6-112a",0.986,0.00271489,0.000135745
"theory 1, White 6-112a",0.988,0.00271379,0.00013569
"theory 1, White 6-112a",0.99,0.00271269,0.000135635
"theory 1, White 6-112a",0.992,0.0027116,0.00013558
"theory 1, White 6-112a",0.994,0.00271051,0.000135525
"theory 1, White 6-112a",0.996,0.00270942,0.000135471
"theory 1, White 6-112a",0.998,0.00270833,0.000135417
"theory 1, White 6-112a",1.0,0.00270725,0.000135362
"theory 1, White 6-112a",1.002,0.00270616,0.000135308
"theory 1, White 6-112a",1.004,0.00270509,0.000135254
"theory 1, White 6-112a",1.006,0.00270401,0.0001352
"theory 1, White 6-112a",1.008,0.00270293,0.000135147
"theory 1, White 6-112a",1.01,0.00270186,0.000135093
"theory 1, White 6-112a",1.012,0.00270079,0.00013504
"theory 1, White 6-112a",1.014,0.00269973,0.000134986
"theory 1, White 6-112a",1.016,0.00269866,0.000134933
"theory 1, White 6-112a",1.018,0.0026976,0.00013488
"theory 1, White 6-112a",1.02,0.00269654,0.000134827
"theory 1, White 6-112a",1.022,0.00269549,0.000134774
"theory 1, White 6-112a",1.024,0.00269444,0.000134722
"theory 1, White 6-112a",1.026,0.00269338,0.000134669
"theory 1, White 6-112a",1.028,0.00269233,0.000134617
"theory 1, White 6-112a",1.03,0.00269129,0.000134564
"theory 1, White 6-112a",1.032,0.00269024,0.000134512
"theory 1, White 6-112a",1.034,0.0026892,0.00013446
"theory 1, White 6-112a",1.036,0.00268816,0.000134408
"theory 1, White 6-112a",1.038,0.00268713,0.000134356
"theory 1, White 6-112a",1.04,0.00268609,0.000134305
"theory 1, White 6-112a",1.042,0.00268506,0.000134253
"theory 1, White 6-112a",1.044,0.00268403,0.000134202
"theory 1, White 6-112a",1.046,0.002683,0.00013415
"theory 1, White 6-112a",1.048,0.00268198,0.000134099
"theory 1, White 6-112a",1.05,0.00268096,0.000134048
"theory 1, White 6-112a",1.052,0.00267994,0.000133997
"theory 1, White 6-112a",1.054,0.00267892,0.000133946
"theory 1, White 6-112a",1.056,0.0026779,0.000133895
"theory 1, White 6-112a",1.058,0.00267689,0.000133845
"theory 1, White 6-112a",1.06,0.00267588,0.000133794
"theory 1, White 6-112a",1.062,0.00267487,0.000133744
"theory 1, White 6-112a",1.064,0.00267386,0.000133693
"theory 1, White 6-112a",1.066,0.00267286,0.000133643
"theory 1, White 6-112a",1.068,0.00267186,0.000133593
"theory 1, White 6-112a",1.07,0.00267086,0.000133543
"theory 1, White 6-112a",1.072,0.00266986,0.000133493
"theory 1, White 6-112a",1.074,0.00266887,0.000133443
"theory 1, White 6-112a",1.076,0.00266787,0.000133394
"theory 1, White 6-112a",1.078,0.00266688,0.000133344
"theory 1, White 6-112a",1.08,0.00266589,0.000133295
"theory 1, White 6-112a",1.082,0.00266491,0.000133245
"theory 1, White 6-112a",1.084,0.00266392,0.000133196
"theory 1, White 6-112a",1.086,0.00266294,0.000133147
"theory 1, White 6-112a",1.088,0.00266196,0.000133098
"theory 1, White 6-112a",1.09,0.00266098,0.000133049
"theory 1, White 6-112a",1.092,0.00266001,0.000133
"theory 1, White 6-112a",1.094,0.00265904,0.000132952
"theory 1, White 6-112a",1.096,0.00265806,0.000132903
"theory 1, White 6-112a",1.098,0.0026571,0.000132855
"theory 1, White 6-112a",1.1,0.00265613,0.000132806
"theory 1, White 6-112a",1.102,0.00265516,0.000132758
"theory 1, White 6-112a",1.104,0.0026542,0.00013271
"theory 1, White 6-112a",1.106,0.00265324,0.000132662
"theory 1, White 6-112a",1.108,0.00265228,0.000132614
"theory 1, White 6-112a",1.11,0.00265133,0.000132566
"theory 1, White 6-112a",1.112,0.00265037,0.000132519
"theory 1, White 6-112a",1.114,0.00264942,0.000132471
"theory 1, White 6-112a",1.116,0.00264847,0.000132423
"theory 1, White 6-112a",1.118,0.00264752,0.000132376
"theory 1, White 6-112a",1.12,0.00264657,0.000132329
"theory 1, White 6-112a",1.122,0.00264563,0.000132282
"theory 1, White 6-112a",1.124,0.00264469,0.000132234
"theory 1, White 6-112a",1.126,0.00264375,0.000132187
"theory 1, White 6-112a",1.128,0.00264281,0.00013214
"theory 1, White 6-112a",1.13,0.00264187,0.000132094
"theory 1, White 6-112a",1.132,0.00264094,0.000132047
"theory 1, White 6-112a",1.134,0.00264001,0.000132
"theory 1, White 6-112a",1.136,0.00263908,0.000131954
"theory 1, White 6-112a",1.138,0.00263815,0.000131907
"theory 1, White 6-112a",1.14,0.00263722,0.000131861
"theory 1, White 6-112a",1.142,0.0026363,0.000131815
"theory 1, White 6-112a",1.144,0.00263538,0.000131769
"theory 1, White 6-112a",1.146,0.00263445,0.000131723
"theory 1, White 6-112a",1.148,0.00263354,0.000131677
"theory 1, White 6-112a",1.15,0.00263262,0.000131631
"theory 1, White 6-112a",1.152,0.00263171,0.000131585
"theory 1, White 6-112a",1.154,0.00263079,0.00013154
"theory 1, White 6-112a",1.156,0.00262988,0.000131494
"theory 1, White 6-112a",1.158,0.00262897,0.000131449
"theory 1, White 6-112a",1.16,0.00262807,0.000131403
"theory 1, White 6-112a",1.162,0.00262716,0.000131358
"theory 1, White 6-112a",1.164,0.00262626,0.000131313
"theory 1, White 6-112a",1.166,0.00262535,0.000131268
"theory 1, White 6-112a",1.168,0.00262446,0.000131223
"theory 1, White 6-112a",1.17,0.00262356,0.000131178
"theory 1, White 6-112a",1.172,0.00262266,0.000131133
"theory 1, White 6-112a",1.174,0.00262177,0.000131088
"theory 1, White 6-112a",1.176,0.00262087,0.000131044
"theory 1, White 6-112a",1.178,0.00261998,0.000130999
"theory 1, White 6-112a",1.18,0.0026191,0.000130955
"theory 1, White 6-112a",1.182,0.00261821,0.00013091
"theory 1, White 6-112a",1.184,0.00261732,0.000130866
"theory 1, White 6-112a",1.186,0.00261644,0.000130822
"theory 1, White 6-112a",1.188,0.00261556,0.000130778
"theory 1, White 6-112a",1.19,0.00261468,0.000130734
"theory 1, White 6-112a",1.192,0.0026138,0.00013069
"theory 1, White 6-112a",1.194,0.00261292,0.000130646
"theory 1, White 6-112a",1.196,0.00261205,0.000130602
"theory 1, White 6-112a",1.198,0.00261118,0.000130559
"theory 1, White 6-112a",1.2,0.00261031,0.000130515
"theory 1, White 6-112a",1.202,0.00260944,0.000130472
"theory 1, White 6-112a",1.204,0.00260857,0.000130428
"theory 1, White 6-112a",1.206,0.0026077,0.000130385
"theory 1, White 6-112a",1.208,0.00260684,0.000130342
"theory 1, White 6-112a",1.21,0.00260598,0.000130299
"theory 1, White 6-112a",1.212,0.00260512,0.000130256
"theory 1, White 6-112a",1.214,0.00260426,0.000130213
"theory 1, White 6-112a",1.216,0.0026034,0.00013017
"theory 1, White 6-112a",1.218,0.00260255,0.000130127
"theory 1, White 6-112a",1.22,0.00260169,0.000130085
"theory 1, White 6-112a",1.222,0.00260084,0.000130042
"theory 1, White 6-112a",1.224,0.00259999,0.000129999
"theory 1, White 6-112a",1.226,0.00259914,0.000129957
"theory 1, White 6-112a",1.228,0.00259829,0.000129915
"theory 1, White 6-112a",1.23,0.00259745,0.000129872
"theory 1, White 6-112a",1.232,0.0025966,0.00012983
"theory 1, White 6-112a",1.234,0.00259576,0.000129788
"theory 1, White 6-112a",1.236,0.00259492,0.000129746
"theory 1, White 6-112a",1.238,0.00259408,0.000129704
"theory 1, White 6-112a",1.24,0.00259324,0.000129662
"theory 1, White 6-112a",1.242,0.00259241,0.00012962
"theory 1, White 6-112a",1.244,0.00259157,0.000129579
"theory 1, White 6-112a",1.246,0.00259074,0.000129537
"theory 1, White 6-112a",1.248,0.00258991,0.000129496
"theory 1, White 6-112a",1.25,0.00258908,0.000129454
"theory 1, White 6-112a",1.252,0.00258825,0.000129413
"theory 1, White 6-112a",1.254,0.00258743,0.000129371
"theory 1, White 6-112a",1.256,0.0025866,0.00012933
"theory 1, White 6-112a",1.258,0.00258578,0.000129289
"theory 1, White 6-112a",1.26,0.00258496,0.000129248
"theory 1, White 6-112a",1.262,0.00258414,0.000129207
"theory 1, White 6-112a",1.264,0.00258332,0.000129166
"theory 1, White 6-112a",1.266,0.0025825,0.000129125
"theory 1, White 6-112a",1.268,0.00258169,0.000129084
"theory 1, White 6-112a",1.27,0.00258087,0.000129044
"theory 1, White 6-112a",1.272,0.00258006,0.000129003
"theory 1, White 6-112a",1.274,0.00257925,0.000128963
"theory 1, White 6-112a",1.276,0.00257844,0.000128922
"theory 1, White 6-112a",1.278,0.00257764,0.000128882
"theory 1, White 6-112a",1.28,0.00257683,0.000128841
"theory 1, White 6-112a",1.282,0.00257603,0.000128801
"theory 1, White 6-112a",1.284,0.00257522,0.000128761
"theory 1, White 6-112a",1.286,0.00257442,0.000128721
"theory 1, White 6-112a",1.288,0.00257362,0.000128681
"theory 1, White 6-112a",1.29,0.00257282,0.000128641
"theory 1, White 6-112a",1.292,0.00257203,0.000128601
"theory 1, White 6-112a",1.294,0.00257123,0.000128561
"theory 1, White 6-112a",1.296,0.00257044,0.000128522
"theory 1, White 6-112a",1.298,0.00256964,0.000128482
"theory 1, White 6-112a",1.3,0.00256885,0.000128443
"theory 1, White 6-112a",1.302,0.00256806,0.000128403
"theory 1, White 6-112a",1.304,0.00256727,0.000128364
"theory 1, White 6-112a",1.306,0.00256649,0.000128324
"theory 1, White 6-112a",1.308,0.0025657,0.000128285
"theory 1, White 6-112a",1.31,0.00256492,0.000128246
"theory 1, White 6-112a",1.312,0.00256414,0.000128207
"theory 1, White 6-112a",1.314,0.00256335,0.000128168
"theory 1, White 6-112a",1.316,0.00256257,0.000128129
"theory 1, White 6-112a",1.318,0.0025618,0.00012809
"theory 1, White 6-112a",1.32,0.00256102,0.000128051
"theory 1, White 6-112a",1.322,0.00256024,0.000128012
"theory 1, White 6-112a",1.324,0.00255947,0.000127974
"theory 1, White 6-112a",1.326,0.0025587,0.000127935
"theory 1, White 6-112a",1.328,0.00255793,0.000127896
"theory 1, White 6-112a",1.33,0.00255716,0.000127858
"theory 1, White 6-112a",1.332,0.00255639,0.000127819
"theory 1, White 6-112a",1.334,0.00255562,0.000127781
"theory 1, White 6-112a",1.336,0.00255486,0.000127743
"theory 1, White 6-112a",1.338,0.00255409,0.000127705
"theory 1, White 6-112a",1.34,0.00255333,0.000127666
"theory 1, White 6-112a",1.342,0.00255257,0.000127628
"theory 1, White 6-112a",1.344,0.00255181,0.00012759
"theory 1, White 6-112a",1.346,0.00255105,0.000127552
"theory 1, White 6-112a",1.348,0.00255029,0.000127515
"theory 1, White 6-112a",1.35,0.00254953,0.000127477
"theory 1, White 6-112a",1.352,0.00254878,0.000127439
"theory 1, White 6-112a",1.354,0.00254803,0.000127401
"theory 1, White 6-112a",1.356,0.00254727,0.000127364
"theory 1, White 6-112a",1.358,0.00254652,0.000127326
"theory 1, White 6-112a",1.36,0.00254577,0.000127289
"theory 1, White 6-112a",1.362,0.00254503,0.000127251
"theory 1, White 6-112a",1.364,0.00254428,0.000127214
"theory 1, White 6-112a",1.366,0.00254353,0.000127177
"theory 1, White 6-112a",1.368,0.00254279,0.000127139
"theory 1, White 6-112a",1.37,0.00254205,0.000127102
"theory 1, White 6-112a",1.372,0.00254131,0.000127065
"theory 1, White 6-112a",1.374,0.00254057,0.000127028
"theory 1, White 6-112a",1.376,0.00253983,0.000126991
"theory 1, White 6-112a",1.378,0.00253909,0.000126954
"theory 1, White 6-112a",1.38,0.00253835,0.000126918
"theory 1, White 6-112a",1.382,0.00253762,0.000126881
"theory 1, White 6-112a",1.384,0.00253688,0.000126844
"theory 1, White 6-112a",1.386,0.00253615,0.000126808
"theory 1, White 6-112a",1.388,0.00253542,0.000126771
"theory 1, White 6-112a",1.39,0.00253469,0.000126734
"theory 1, White 6-112a",1.392,0.00253396,0.000126698
"theory 1, White 6-112a",1.394,0.00253323,0.000126662
"theory 1, White 6-112a",1.396,0.00253251,0.000126625
"theory 1, White 6-112a",1.398,0.00253178,0.000126589
"theory 1, White 6-112a",1.4,0.00253106,0.000126553
"theory 1, White 6-112a",1.402,0.00253034,0.000126517
"theory 1, White 6-112a",1.404,0.00252961,0.000126481
"theory 1, White 6-112a",1.406,0.00252889,0.000126445
"theory 1, White 6-112a",1.408,0.00252818,0.000126409
"theory 1, White 6-112a",1.41,0.00252746,0.000126373
"theory 1, White 6-112a",1.412,0.00252674,0.000126337
"theory 1, White 6-112a",1.414,0.00252603,0.000126301
"theory 1, White 6-112a",1.416,0.00252531,0.000126266
"theory 1, White 6-112a",1.418,0.0025246,0.00012623
"theory 1, White 6-112a",1.42,0.00252389,0.000126194
"theory 1, White 6-112a",1.422,0.00252318,0.000126159
"theory 1, White 6-112a",1.424,0.00252247,0.000126123
"theory 1, White 6-112a",1.426,0.00252176,0.000126088
"theory 1, White 6-112a",1.428,0.00252105,0.000126053
"theory 1, White 6-112a",1.43,0.00252035,0.000126017
"theory 1, White 6-112a",1.432,0.00251964,0.000125982
"theory 1, White 6-112a",1.434,0.00251894,0.000125947
"theory 1, White 6-112a",1.436,0.00251824,0.000125912
"theory 1, White 6-112a",1.438,0.00251754,0.000125877
"theory 1, White 6-112a",1.44,0.00251684,0.000125842
"theory 1, White 6-112a",1.442,0.00251614,0.000125807
"theory 1, White 6-112a",1.444,0.00251544,0.000125772
"theory 1, White 6-112a",1.446,0.00251475,0.000125737
"theory 1, White 6-112a",1.448,0.00251405,0.000125703
"theory 1, White 6-112a",1.45,0.00251336,0.000125668
"theory 1, White 6-112a",1.452,0.00251266,0.000125633
"theory 1, White 6-112a",1.454,0.00251197,0.000125599
"theory 1, White 6-112a",1.456,0.00251128,0.000125564
"theory 1, White 6-112a",1.458,0.00251059,0.00012553
"theory 1, White 6-112a",1.46,0.0025099,0.000125495
"theory 1, White 6-112a",1.462,0.00250922,0.000125461
"theory 1, White 6-112a",1.464,0.00250853,0.000125427
"theory 1, White 6-112a",1.466,0.00250785,0.000125392
"theory 1, White 6-112a",1.468,0.00250716,0.000125358
"theory 1, White 6-112a",1.47,0.00250648,0.000125324
"theory 1, White 6-112a",1.472,0.0025058,0.00012529
"theory 1, White 6-112a",1.474,0.00250512,0.000125256
"theory 1, White 6-112a",1.476,0.00250444,0.000125222
"theory 1, White 6-112a",1.478,0.00250376,0.000125188
"theory 1, White 6-112a",1.48,0.00250308,0.000125154
"theory 1, White 6-112a",1.482,0.00250241,0.00012512
"theory 1, White 6-112a",1.484,0.00250173,0.000125087
"theory 1, White 6-112a",1.486,0.00250106,0.000125053
"theory 1, White 6-112a",1.488,0.00250039,0.000125019
"theory 1, White 6-112a",1.49,0.00249971,0.000124986
"theory 1, White 6-112a",1.492,0.00249904,0.000124952
"theory 1, White 6-112a",1.494,0.00249837,0.000124919
"theory 1, White 6-112a",1.496,0.00249771,0.000124885
"theory 1, White 6-112a",1.498,0.00249704,0.000124852
"theory 1, White 6-112a",1.5,0.00249637,0.000124819
"theory 1, White 6-112a",1.502,0.00249571,0.000124785
"theory 1, White 6-112a",1.504,0.00249504,0.000124752
"theory 1, White 6-112a",1.506,0.00249438,0.000124719
"theory 1, White 6-112a",1.508,0.00249372,0.000124686
"theory 1, White 6-112a",1.51,0.00249306,0.000124653
"theory 1, White 6-112a",1.512,0.0024924,0.00012462
"theory 1, White 6-112a",1.514,0.00249174,0.000124587
"theory 1, White 6-112a",1.516,0.00249108,0.000124554
"theory 1, White 6-112a",1.518,0.00249042,0.000124521
"theory 1, White 6-112a",1.52,0.00248977,0.000124488
"theory 1, White 6-112a",1.522,0.00248911,0.000124456
"theory 1, White 6-112a",1.524,0.00248846,0.000124423
"theory 1, White 6-112a",1.526,0.00248781,0.00012439
"theory 1, White 6-112a",1.528,0.00248716,0.000124358
"theory 1, White 6-112a",1.53,0.00248651,0.000124325
"theory 1, White 6-112a",1.532,0.00248586,0.000124293
"theory 1, White 6-112a",1.534,0.00248521,0.00012426
"theory 1, White 6-112a",1.536,0.00248456,0.000124228
"theory 1, White 6-112a",1.538,0.00248391,0.000124196
"theory 1, White 6-112a",1.54,0.00248327,0.000124163
"theory 1, White 6-112a",1.542,0.00248262,0.000124131
"theory 1, White 6-112a",1.544,0.00248198,0.000124099
"theory 1, White 6-112a",1.546,0.00248134,0.000124067
"theory 1, White 6-112a",1.548,0.0024807,0.000124035
"theory 1, White 6-112a",1.55,0.00248006,0.000124003
"theory 1, White 6-112a",1.552,0.00247942,0.000123971
"theory 1, White 6-112a",1.554,0.00247878,0.000123939
"theory 1, White 6-112a",1.556,0.00247814,0.000123907
"theory 1, White 6-112a",1.558,0.0024775,0.000123875
"theory 1, White 6-112a",1.56,0.00247687,0.000123843
"theory 1, White 6-112a",1.562,0.00247623,0.000123812
"theory 1, White 6-112a",1.564,0.0024756,0.00012378
"theory 1, White 6-112a",1.566,0.00247497,0.000123748
"theory 1, White 6-112a",1.568,0.00247433,0.000123717
"theory 1, White 6-112a",1.57,0.0024737,0.000123685
"theory 1, White 6-112a",1.572,0.00247307,0.000123654
"theory 1, White 6-112a",1.574,0.00247245,0.000123622
"theory 1, White 6-112a",1.576,0.00247182,0.000123591
"theory 1, White 6-112a",1.578,0.00247119,0.00012356
"theory 1, White 6-112a",1.58,0.00247057,0.000123528
"theory 1, White 6-112a",1.582,0.00246994,0.000123497
"theory 1, White 6-112a",1.584,0.00246932,0.000123466
"theory 1, White 6-112a",1.586,0.00246869,0.000123435
"theory 1, White 6-112a",1.588,0.00246807,0.000123404
"theory 1, White 6-112a",1.59,0.00246745,0.000123372
"theory 1, White 6-112a",1.592,0.00246683,0.000123341
"theory 1, White 6-112a",1.594,0.00246621,0.00012331
"theory 1, White 6-112a",1.596,0.00246559,0.00012328
"theory 1, White 6-112a",1.598,0.00246497,0.000123249
"theory 1, White 6-112a",1.6,0.00246436,0.000123218
"theory 1, White 6-112a",1.602,0.00246374,0.000123187
"theory 1, White 6-112a",1.604,0.00246313,0.000123156
"theory 1, White 6-112a",1.606,0.00246251,0.000123126
"theory 1, White 6-112a",1.608,0.0024619,0.000123095
"theory 1, White 6-112a",1.61,0.00246129,0.000123064
"theory 1, White 6-112a",1.612,0.00246068,0.000123034
"theory 1, White 6-112a",1.614,0.00246007,0.000123003
"theory 1, White 6-112a",1.616,0.00245946,0.000122973
"theory 1, White 6-112a",1.618,0.00245885,0.000122942
"theory 1, White 6-112a",1.62,0.00245824,0.000122912
"theory 1, White 6-112a",1.622,0.00245764,0.000122882
"theory 1, White 6-112a",1.624,0.00245703,0.000122852
"theory 1, White 6-112a",1.626,0.00245643,0.000122821
"theory 1, White 6-112a",1.628,0.00245582,0.000122791
"theory 1, White 6-112a",1.63,0.00245522,0.000122761
"theory 1, White 6-112a",1.632,0.00245462,0.000122731
"theory 1, White 6-112a",1.634,0.00245402,0.000122701
"theory 1, White 6-112a",1.636,0.00245342,0.000122671
"theory 1, White 6-112a",1.638,0.00245282,0.000122641
"theory 1, White 6-112a",1.64,0.00245222,0.000122611
"theory 1, White 6-112a",1.642,0.00245162,0.000122581
"theory 1, White 6-112a",1.644,0.00245102,0.000122551
"theory 1, White 6-112a",1.646,0.00245043,0.000122521
"theory 1, White 6-112a",1.648,0.00244983,0.000122492
"theory 1, White 6-112a",1.65,0.00244924,0.000122462
"theory 1, White 6-112a",1.652,0.00244864,0.000122432
"theory 1, White 6-112a",1.654,0.00244805,0.000122403
"theory 1, White 6-112a",1.656,0.00244746,0.000122373
"theory 1, White 6-112a",1.658,0.00244687,0.000122343
"theory 1, White 6-112a",1.66,0.00244628,0.000122314
"theory 1, White 6-112a",1.662,0.00244569,0.000122285
"theory 1, White 6-112a",1.664,0.0024451,0.000122255
"theory 1, White 6-112a",1.666,0.00244451,0.000122226
"theory 1, White 6-112a",1.668,0.00244393,0.000122196
"theory 1, White 6-112a",1.67,0.00244334,0.000122167
"theory 1, White 6-112a",1.672,0.00244276,0.000122138
"theory 1, White 6-112a",1.674,0.00244217,0.000122109
"theory 1, White 6-112a",1.676,0.00244159,0.00012208
"theory 1, White 6-112a",1.678,0.00244101,0.00012205
"theory 1, White 6-112a",1.68,0.00244043,0.000122021
"theory 1, White 6-112a",1.682,0.00243985,0.000121992
"theory 1, White 6-112a",1.684,0.00243927,0.000121963
"theory 1, White 6-112a",1.686,0.00243869,0.000121934
"theory 1, White 6-112a",1.688,0.00243811,0.000121905
"theory 1, White 6-112a",1.69,0.00243753,0.000121877
"theory 1, White 6-112a",1.692,0.00243696,0.000121848
"theory 1, White 6-112a",1.694,0.00243638,0.000121819
"theory 1, White 6-112a",1.696,0.00243581,0.00012179
"theory 1, White 6-112a",1.698,0.00243523,0.000121762
"theory 1, White 6-112a",1.7,0.00243466,0.000121733
"theory 1, White 6-112a",1.702,0.00243409,0.000121704
"theory 1, White 6-112a",1.704,0.00243351,0.000121676
"theory 1, White 6-112a",1.706,0.00243294,0.000121647
"theory 1, White 6-112a",1.708,0.00243237,0.000121619
"theory 1, White 6-112a",1.71,0.0024318,0.00012159
"theory 1, White 6-112a",1.712,0.00243124,0.000121562
"theory 1, White 6-112a",1.714,0.00243067,0.000121533
"theory 1, White 6-112a",1.716,0.0024301,0.000121505
"theory 1, White 6-112a",1.718,0.00242953,0.000121477
"theory 1, White 6-112a",1.72,0.00242897,0.000121448
"theory 1, White 6-112a",1.722,0.0024284,0.00012142
"theory 1, White 6-112a",1.724,0.00242784,0.000121392
"theory 1, White 6-112a",1.726,0.00242728,0.000121364
"theory 1, White 6-112a",1.728,0.00242672,0.000121336
"theory 1, White 6-112a",1.73,0.00242615,0.000121308
"theory 1, White 6-112a",1.732,0.00242559,0.00012128
"theory 1, White 6-112a",1.734,0.00242503,0.000121252
"theory 1, White 6-112a",1.736,0.00242448,0.000121224
"theory 1, White 6-112a",1.738,0.00242392,0.000121196
"theory 1, White 6-112a",1.74,0.00242336,0.000121168
"theory 1, White 6-112a",1.742,0.0024228,0.00012114
"theory 1, White 6-112a",1.744,0.00242225,0.000121112
"theory 1, White 6-112a",1.746,0.00242169,0.000121085
"theory 1, White 6-112a",1.748,0.00242114,0.000121057
"theory 1, White 6-112a",1.75,0.00242058,0.000121029
"theory 1, White 6-112a",1.752,0.00242003,0.000121002
"theory 1, White 6-112a",1.754,0.00241948,0.000120974
"theory 1, White 6-112a",1.756,0.00241893,0.000120946
"theory 1, White 6-112a",1.758,0.00241838,0.000120919
"theory 1, White 6-112a",1.76,0.00241783,0.000120891
"theory 1, White 6-112a",1.762,0.00241728,0.000120864
"theory 1, White 6-112a",1.764,0.00241673,0.000120836
"theory 1, White 6-112a",1.766,0.00241618,0.000120809
"theory 1, White 6-112a",1.768,0.00241563,0.000120782
"theory 1, White 6-112a",1.77,0.00241509,0.000120754
"theory 1, White 6-112a",1.772,0.00241454,0.000120727
"theory 1, White 6-112a",1.774,0.002414,0.0001207
"theory 1, White 6-112a",1.776,0.00241345,0.000120673
"theory 1, White 6-112a",1.778,0.00241291,0.000120646
"theory 1, White 6-112a",1.78,0.00241237,0.000120618
"theory 1, White 6-112a",1.782,0.00241183,0.000120591
"theory 1, White 6-112a",1.784,0.00241129,0.000120564
"theory 1, White 6-112a",1.786,0.00241075,0.000120537
"theory 1, White 6-112a",1.788,0.00241021,0.00012051
"theory 1, White 6-112a",1.79,0.00240967,0.000120483
"theory 1, White 6-112a",1.792,0.00240913,0.000120456
"theory 1, White 6-112a",1.794,0.00240859,0.00012043
"theory 1, White 6-112a",1.796,0.00240806,0.000120403
"theory 1, White 6-112a",1.798,0.00240752,0.000120376
"theory 1, White 6-112a",1.8,0.00240698,0.000120349
"theory 1, White 6-112a",1.802,0.00240645,0.000120322
"theory 1, White 6-112a",1.804,0.00240592,0.000120296
"theory 1, White 6-112a",1.806,0.00240538,0.000120269
"theory 1, White 6-112a",1.808,0.00240485,0.000120243
"theory 1, White 6-112a",1.81,0.00240432,0.000120216
"theory 1, White 6-112a",1.812,0.00240379,0.000120189
"theory 1, White 6-112a",1.814,0.00240326,0.000120163
"theory 1, White 6-112a",1.816,0.00240273,0.000120136
"theory 1, White 6-112a",1.818,0.0024022,0.00012011
"theory 1, White 6-112a",1.82,0.00240167,0.000120084
"theory 1, White 6-112a",1.822,0.00240114,0.000120057
"theory 1, White 6-112a",1.824,0.00240062,0.000120031
"theory 1, White 6-112a",1.826,0.00240009,0.000120005
"theory 1, White 6-112a",1.828,0.00239956,0.000119978
"theory 1, White 6-112a",1.83,0.00239904,0.000119952
"theory 1, White 6-112a",1.832,0.00239852,0.000119926
"theory 1, White 6-112a",1.834,0.00239799,0.0001199
"theory 1, White 6-112a",1.836,0.00239747,0.000119873
"theory 1, White 6-112a",1.838,0.00239695,0.000119847
"theory 1, White 6-112a",1.84,0.00239643,0.000119821
"theory 1, White 6-112a",1.842,0.00239591,0.000119795
"theory 1, White 6-112a",1.844,0.00239539,0.000119769
"theory 1, White 6-112a",1.846,0.00239487,0.000119743
"theory 1, White 6-112a",1.848,0.00239435,0.000119717
"theory 1, White 6-112a",1.85,0.00239383,0.000119692
"theory 1, White 6-112a",1.852,0.00239331,0.000119666
"theory 1, White 6-112a",1.854,0.0023928,0.00011964
"theory 1, White 6-112a",1.856,0.00239228,0.000119614
"theory 1, White 6-112a",1.858,0.00239177,0.000119588
"theory 1, White 6-112a",1.86,0.00239125,0.000119563
"theory 1, White 6-112a",1.862,0.00239074,0.000119537
"theory 1, White 6-112a",1.864,0.00239022,0.000119511
"theory 1, White 6-112a",1.866,0.00238971,0.000119486
"theory 1, White 6-112a",1.868,0.0023892,0.00011946
"theory 1, White 6-112a",1.87,0.00238869,0.000119434
"theory 1, White 6-112a",1.872,0.00238818,0.000119409
"theory 1, White 6-112a",1.874,0.00238767,0.000119383
"theory 1, White 6-112a",1.876,0.00238716,0.000119358
"theory 1, White 6-112a",1.878,0.00238665,0.000119332
"theory 1, White 6-112a",1.88,0.00238614,0.000119307
"theory 1, White 6-112a",1.882,0.00238563,0.000119282
"theory 1, White 6-112a",1.884,0.00238513,0.000119256
"theory 1, White 6-112a",1.886,0.00238462,0.000119231
"theory 1, White 6-112a",1.888,0.00238412,0.000119206
"theory 1, White 6-112a",1.89,0.00238361,0.000119181
"theory 1, White 6-112a",1.892,0.00238311,0.000119155
"theory 1, White 6-112a",1.894,0.0023826,0.00011913
"theory 1, White 6-112a",1.896,0.0023821,0.000119105
"theory 1, White 6-112a",1.898,0.0023816,0.00011908
"theory 1, White 6-112a",1.9,0.0023811,0.000119055
"theory 1, White 6-112a",1.902,0.0023806,0.00011903
"theory 1, White 6-112a",1.904,0.0023801,0.000119005
"theory 1, White 6-112a",1.906,0.0023796,0.00011898
"theory 1, White 6-112a",1.908,0.0023791,0.000118955
"theory 1, White 6-112a",1.91,0.0023786,0.00011893
"theory 1, White 6-112a",1.912,0.0023781,0.000118905
"theory 1, White 6-112a",1.914,0.0023776,0.00011888
"theory 1, White 6-112a",1.916,0.00237711,0.000118855
"theory 1, White 6-112a",1.918,0.00237661,0.000118831
"theory 1, White 6-112a",1.92,0.00237612,0.000118806
"theory 1, White 6-112a",1.922,0.00237562,0.000118781
"theory 1, White 6-112a",1.924,0.00237513,0.000118756
"theory 1, White 6-112a",1.926,0.00237463,0.000118732
"theory 1, White 6-112a",1.928,0.00237414,0.000118707
"theory 1, White 6-112a",1.93,0.00237365,0.000118682
"theory 1, White 6-112a",1.932,0.00237316,0.000118658
"theory 1, White 6-112a",1.934,0.00237266,0.000118633
"theory 1, White 6-112a",1.936,0.00237217,0.000118609
"theory 1, White 6-112a",1.938,0.00237168,0.000118584
"theory 1, White 6-112a",1.94,0.0023712,0.00011856
"theory 1, White 6-112a",1.942,0.00237071,0.000118535
"theory 1, White 6-112a",1.944,0.00237022,0.000118511
"theory 1, White 6-112a",1.946,0.00236973,0.000118487
"theory 1, White 6-112a",1.948,0.00236924,0.000118462
"theory 1, White 6-112a",1.95,0.00236876,0.000118438
"theory 1, White 6-112a",1.952,0.00236827,0.000118414
"theory 1, White 6-112a",1.954,0.00236779,0.000118389
"theory 1, White 6-112a",1.956,0.0023673,0.000118365
"theory 1, White 6-112a",1.958,0.00236682,0.000118341
"theory 1, White 6-112a",1.96,0.00236634,0.000118317
"theory 1, White 6-112a",1.962,0.00236585,0.000118293
"theory 1, White 6-112a",1.964,0.00236537,0.000118269
"theory 1, White 6-112a",1.966,0.00236489,0.000118245
"theory 1, White 6-112a",1.968,0.00236441,0.00011822
"theory 1, White 6-112a",1.97,0.00236393,0.000118196
"theory 1, White 6-112a",1.972,0.00236345,0.000118172
"theory 1, White 6-112a",1.974,0.00236297,0.000118149
"theory 1, White 6-112a",1.976,0.00236249,0.000118125
"theory 1, White 6-112a",1.978,0.00236201,0.000118101
"theory 1, White 6-112a",1.98,0.00236154,0.000118077
"theory 1, White 6-112a",1.982,0.00236106,0.000118053
"theory 1, White 6-112a",1.984,0.00236058,0.000118029
"theory 1, White 6-112a",1.986,0.00236011,0.000118005
"theory 1, White 6-112a",1.988,0.00235963,0.000117982
"theory 1, White 6-112a",1.99,0.00235916,0.000117958
"theory 1, White 6-112a",1.992,0.00235868,0.000117934
"theory 1, White 6-112a",1.994,0.00235821,0.000117911
"theory 1, White 6-112a",1.996,0.00235774,0.000117887
"theory 1, White 6-112a",1.998,0.00235727,0.000117863
"theory 1, White 6-112a",2.0,0.00235679,0.00011784
"theory 2, White 6-121",0.002,0.00697483,0.000348741
"theory 2, White 6-121",0.004,0.00631725,0.000315863
"theory 2, White 6-121",0.006,0.00596172,0.000298086
"theory 2, White 6-121",0.008,0.00572167,0.000286084
"theory 2, White 6-121",0.01,0.00554215,0.000277108
"theory 2, White 6-121",0.012,0.00539966,0.000269983
"theory 2, White 6-121",0.014,0.00528205,0.000264103
"theory 2, White 6-121",0.016,0.00518224,0.000259112
"theory 2, White 6-121",0.018,0.00509578,0.000254789
"theory 2, White 6-121",0.02,0.00501965,0.000250982
"theory 2, White 6-121",0.022,0.00495176,0.000247588
"theory 2, White 6-121",0.024,0.00489059,0.00024453
"theory 2, White 6-121",0.026,0.00483499,0.000241749
"theory 2, White 6-121",0.028,0.00478407,0.000239203
"theory 2, White 6-121",0.03,0.00473715,0.000236857
"theory 2, White 6-121",0.032,0.00469367,0.000234684
"theory 2, White 6-121",0.034,0.0046532,0.00023266
"theory 2, White 6-121",0.036,0.00461536,0.000230768
"theory 2, White 6-121",0.038,0.00457984,0.000228992
"theory 2, White 6-121",0.04,0.00454641,0.00022732
"theory 2, White 6-121",0.042,0.00451483,0.000225741
"theory 2, White 6-121",0.044,0.00448492,0.000224246
"theory 2, White 6-121",0.046,0.00445653,0.000222827
"theory 2, White 6-121",0.048,0.00442952,0.000221476
"theory 2, White 6-121",0.05,0.00440376,0.000220188
"theory 2, White 6-121",0.052,0.00437915,0.000218958
"theory 2, White 6-121",0.054,0.00435561,0.00021778
"theory 2, White 6-121",0.056,0.00433304,0.000216652
"theory 2, White 6-121",0.058,0.00431137,0.000215568
"theory 2, White 6-121",0.06,0.00429054,0.000214527
"theory 2, White 6-121",0.062,0.00427049,0.000213524
"theory 2, White 6-121",0.064,0.00425116,0.000212558
"theory 2, White 6-121",0.066,0.00423251,0.000211626
"theory 2, White 6-121",0.068,0.0042145,0.000210725
"theory 2, White 6-121",0.07,0.00419709,0.000209854
"theory 2, White 6-121",0.072,0.00418023,0.000209011
"theory 2, White 6-121",0.074,0.0041639,0.000208195
"theory 2, White 6-121",0.076,0.00414806,0.000207403
"theory 2, White 6-121",0.078,0.0041327,0.000206635
"theory 2, White 6-121",0.08,0.00411778,0.000205889
"theory 2, White 6-121",0.082,0.00410328,0.000205164
"theory 2, White 6-121",0.084,0.00408918,0.000204459
"theory 2, White 6-121",0.086,0.00407545,0.000203773
"theory 2, White 6-121",0.088,0.00406209,0.000203105
"theory 2, White 6-121",0.09,0.00404907,0.000202454
"theory 2, White 6-121",0.092,0.00403638,0.000201819
"theory 2, White 6-121",0.094,0.004024,0.0002012
"theory 2, White 6-121",0.096,0.00401191,0.000200596
"theory 2, White 6-121",0.098,0.00400011,0.000200006
"theory 2, White 6-121",0.1,0.00398858,0.000199429
"theory 2, White 6-121",0.102,0.00397731,0.000198866
"theory 2, White 6-121",0.104,0.0039663,0.000198315
"theory 2, White 6-121",0.106,0.00395552,0.000197776
"theory 2, White 6-121",0.108,0.00394497,0.000197248
"theory 2, White 6-121",0.11,0.00393464,0.000196732
"theory 2, White 6-121",0.112,0.00392453,0.000196226
"theory 2, White 6-121",0.114,0.00391462,0.000195731
"theory 2, White 6-121",0.116,0.0039049,0.000195245
"theory 2, White 6-121",0.118,0.00389538,0.000194769
"theory 2, White 6-121",0.12,0.00388603,0.000194302
"theory 2, White 6-121",0.122,0.00387687,0.000193843
"theory 2, White 6-121",0.124,0.00386787,0.000193394
"theory 2, White 6-121",0.126,0.00385904,0.000192952
"theory 2, White 6-121",0.128,0.00385037,0.000192519
"theory 2, White 6-121",0.13,0.00384185,0.000192093
"theory 2, White 6-121",0.132,0.00383348,0.000191674
"theory 2, White 6-121",0.134,0.00382525,0.000191263
"theory 2, White 6-121",0.136,0.00381717,0.000190858
"theory 2, White 6-121",0.138,0.00380921,0.000190461
"theory 2, White 6-121",0.14,0.00380139,0.00019007
"theory 2, White 6-121",0.142,0.0037937,0.000189685
"theory 2, White 6-121",0.144,0.00378612,0.000189306
"theory 2, White 6-121",0.146,0.00377867,0.000188934
"theory 2, White 6-121",0.148,0.00377133,0.000188567
"theory 2, White 6-121",0.15,0.00376411,0.000188205
"theory 2, White 6-121",0.152,0.00375699,0.00018785
"theory 2, White 6-121",0.154,0.00374998,0.000187499
"theory 2, White 6-121",0.156,0.00374308,0.000187154
"theory 2, White 6-121",0.158,0.00373627,0.000186814
"theory 2, White 6-121",0.16,0.00372956,0.000186478
"theory 2, White 6-121",0.162,0.00372295,0.000186147
"theory 2, White 6-121",0.164,0.00371643,0.000185821
"theory 2, White 6-121",0.166,0.00371,0.0001855
"theory 2, White 6-121",0.168,0.00370366,0.000185183
"theory 2, White 6-121",0.17,0.0036974,0.00018487
"theory 2, White 6-121",0.172,0.00369123,0.000184561
"theory 2, White 6-121",0.174,0.00368514,0.000184257
"theory 2, White 6-121",0.176,0.00367913,0.000183956
"theory 2, White 6-121",0.178,0.00367319,0.00018366
"theory 2, White 6-121",0.18,0.00366733,0.000183367
"theory 2, White 6-121",0.182,0.00366155,0.000183077
"theory 2, White 6-121",0.184,0.00365584,0.000182792
"theory 2, White 6-121",0.186,0.00365019,0.00018251
"theory 2, White 6-121",0.188,0.00364462,0.000182231
"theory 2, White 6-121",0.19,0.00363911,0.000181956
"theory 2, White 6-121",0.192,0.00363367,0.000181684
"theory 2, White 6-121",0.194,0.0036283,0.000181415
"theory 2, White 6-121",0.196,0.00362299,0.000181149
"theory 2, White 6-121",0.198,0.00361774,0.000180887
"theory 2, White 6-121",0.2,0.00361255,0.000180627
"theory 2, White 6-121",0.202,0.00360741,0.000180371
"theory 2, White 6-121",0.204,0.00360234,0.000180117
"theory 2, White 6-121",0.206,0.00359732,0.000179866
"theory 2, White 6-121",0.208,0.00359236,0.000179618
"theory 2, White 6-121",0.21,0.00358745,0.000179373
"theory 2, White 6-121",0.212,0.0035826,0.00017913
"theory 2, White 6-121",0.214,0.0035778,0.00017889
"theory 2, White 6-121",0.216,0.00357304,0.000178652
"theory 2, White 6-121",0.218,0.00356834,0.000178417
"theory 2, White 6-121",0.22,0.00356369,0.000178185
"theory 2, White 6-121",0.222,0.00355909,0.000177954
"theory 2, White 6-121",0.224,0.00355453,0.000177726
"theory 2, White 6-121",0.226,0.00355002,0.000177501
"theory 2, White 6-121",0.228,0.00354555,0.000177278
"theory 2, White 6-121",0.23,0.00354113,0.000177057
"theory 2, White 6-121",0.232,0.00353675,0.000176838
"theory 2, White 6-121",0.234,0.00353242,0.000176621
"theory 2, White 6-121",0.236,0.00352813,0.000176406
"theory 2, White 6-121",0.238,0.00352388,0.000176194
"theory 2, White 6-121",0.24,0.00351967,0.000175983
"theory 2, White 6-121",0.242,0.0035155,0.000175775
"theory 2, White 6-121",0.244,0.00351137,0.000175568
"theory 2, White 6-121",0.246,0.00350727,0.000175364
"theory 2, White 6-121",0.248,0.00350322,0.000175161
"theory 2, White 6-121",0.25,0.0034992,0.00017496
"theory 2, White 6-121",0.252,0.00349522,0.000174761
"theory 2, White 6-121",0.254,0.00349127,0.000174564
"theory 2, White 6-121",0.256,0.00348736,0.000174368
"theory 2, White 6-121",0.258,0.00348349,0.000174174
"theory 2, White 6-121",0.26,0.00347965,0.000173982
"theory 2, White 6-121",0.262,0.00347584,0.000173792
"theory 2, White 6-121",0.264,0.00347207,0.000173603
"theory 2, White 6-121",0.266,0.00346833,0.000173416
"theory 2, White 6-121",0.268,0.00346462,0.000173231
"theory 2, White 6-121",0.27,0.00346094,0.000173047
"theory 2, White 6-121",0.272,0.00345729,0.000172865
"theory 2, White 6-121",0.274,0.00345367,0.000172684
"theory 2, White 6-121",0.276,0.00345009,0.000172504
"theory 2, White 6-121",0.278,0.00344653,0.000172327
"theory 2, White 6-121",0.28,0.003443,0.00017215
"theory 2, White 6-121",0.282,0.0034395,0.000171975
"theory 2, White 6-121",0.284,0.00343603,0.000171802
"theory 2, White 6-121",0.286,0.00343259,0.00017163
"theory 2, White 6-121",0.288,0.00342918,0.000171459
"theory 2, White 6-121",0.29,0.00342579,0.000171289
"theory 2, White 6-121",0.292,0.00342242,0.000171121
"theory 2, White 6-121",0.294,0.00341909,0.000170954
"theory 2, White 6-121",0.296,0.00341578,0.000170789
"theory 2, White 6-121",0.298,0.00341249,0.000170625
"theory 2, White 6-121",0.3,0.00340924,0.000170462
"theory 2, White 6-121",0.302,0.003406,0.0001703
"theory 2, White 6-121",0.304,0.00340279,0.00017014
"theory 2, White 6-121",0.306,0.0033996,0.00016998
"theory 2, White 6-121",0.308,0.00339644,0.000169822
"theory 2, White 6-121",0.31,0.0033933,0.000169665
"theory 2, White 6-121",0.312,0.00339019,0.000169509
"theory 2, White 6-121",0.314,0.00338709,0.000169355
"theory 2, White 6-121",0.316,0.00338402,0.000169201
"theory 2, White 6-121",0.318,0.00338097,0.000169049
"theory 2, White 6-121",0.32,0.00337795,0.000168897
"theory 2, White 6-121",0.322,0.00337494,0.000168747
"theory 2, White 6-121",0.324,0.00337196,0.000168598
"theory 2, White 6-121",0.326,0.00336899,0.00016845
"theory 2, White 6-121",0.328,0.00336605,0.000168303
"theory 2, White 6-121",0.33,0.00336313,0.000168156
"theory 2, White 6-121",0.332,0.00336023,0.000168011
"theory 2, White 6-121",0.334,0.00335735,0.000167867
"theory 2, White 6-121",0.336,0.00335448,0.000167724
"theory 2, White 6-121",0.338,0.00335164,0.000167582
"theory 2, White 6-121",0.34,0.00334882,0.000167441
"theory 2, White 6-121",0.342,0.00334601,0.000167301
"theory 2, White 6-121",0.344,0.00334323,0.000167161
"theory 2, White 6-121",0.346,0.00334046,0.000167023
"theory 2, White 6-121",0.348,0.00333771,0.000166885
"theory 2, White 6-121",0.35,0.00333498,0.000166749
"theory 2, White 6-121",0.352,0.00333226,0.000166613
"theory 2, White 6-121",0.354,0.00332957,0.000166478
"theory 2, White 6-121",0.356,0.00332689,0.000166344
"theory 2, White 6-121",0.358,0.00332423,0.000166211
"theory 2, White 6-121",0.36,0.00332158,0.000166079
"theory 2, White 6-121",0.362,0.00331896,0.000165948
"theory 2, White 6-121",0.364,0.00331634,0.000165817
"theory 2, White 6-121",0.366,0.00331375,0.000165687
"theory 2, White 6-121",0.368,0.00331117,0.000165558
"theory 2, White 6-121",0.37,0.00330861,0.00016543
"theory 2, White 6-121",0.372,0.00330606,0.000165303
"theory 2, White 6-121",0.374,0.00330353,0.000165176
"theory 2, White 6-121",0.376,0.00330101,0.000165051
"theory 2, White 6-121",0.378,0.00329851,0.000164926
"theory 2, White 6-121",0.38,0.00329603,0.000164801
"theory 2, White 6-121",0.382,0.00329356,0.000164678
"theory 2, White 6-121",0.384,0.0032911,0.000164555
"theory 2, White 6-121",0.386,0.00328866,0.000164433
"theory 2, White 6-121",0.388,0.00328623,0.000164312
"theory 2, White 6-121",0.39,0.00328382,0.000164191
"theory 2, White 6-121",0.392,0.00328142,0.000164071
"theory 2, White 6-121",0.394,0.00327903,0.000163952
"theory 2, White 6-121",0.396,0.00327666,0.000163833
"theory 2, White 6-121",0.398,0.00327431,0.000163715
"theory 2, White 6-121",0.4,0.00327196,0.000163598
"theory 2, White 6-121",0.402,0.00326963,0.000163482
"theory 2, White 6-121",0.404,0.00326731,0.000163366
"theory 2, White 6-121",0.406,0.00326501,0.00016325
"theory 2, White 6-121",0.408,0.00326272,0.000163136
"theory 2, White 6-121",0.41,0.00326044,0.000163022
"theory 2, White 6-121",0.412,0.00325817,0.000162909
"theory 2, White 6-121",0.414,0.00325592,0.000162796
"theory 2, White 6-121",0.416,0.00325368,0.000162684
"theory 2, White 6-121",0.418,0.00325145,0.000162573
"theory 2, White 6-121",0.42,0.00324923,0.000162462
"theory 2, White 6-121",0.422,0.00324703,0.000162352
"theory 2, White 6-121",0.424,0.00324484,0.000162242
"theory 2, White 6-121",0.426,0.00324266,0.000162133
"theory 2, White 6-121",0.428,0.00324049,0.000162024
"theory 2, White 6-121",0.43,0.00323833,0.000161917
"theory 2, White 6-121",0.432,0.00323618,0.000161809
"theory 2, White 6-121",0.434,0.00323405,0.000161702
"theory 2, White 6-121",0.436,0.00323193,0.000161596
"theory 2, White 6-121",0.438,0.00322981,0.000161491
"theory 2, White 6-121",0.44,0.00322771,0.000161386
"theory 2, White 6-121",0.442,0.00322562,0.000161281
"theory 2, White 6-121",0.444,0.00322354,0.000161177
"theory 2, White 6-121",0.446,0.00322147,0.000161074
"theory 2, White 6-121",0.448,0.00321941,0.000160971
"theory 2, White 6-121",0.45,0.00321737,0.000160868
"theory 2, White 6-121",0.452,0.00321533,0.000160766
"theory 2, White 6-121",0.454,0.0032133,0.000160665
"theory 2, White 6-121",0.456,0.00321128,0.000160564
"theory 2, White 6-121",0.458,0.00320928,0.000160464
"theory 2, White 6-121",0.46,0.00320728,0.000160364
"theory 2, White 6-121",0.462,0.00320529,0.000160265
"theory 2, White 6-121",0.464,0.00320332,0.000160166
"theory 2, White 6-121",0.466,0.00320135,0.000160067
"theory 2, White 6-121",0.468,0.00319939,0.000159969
"theory 2, White 6-121",0.47,0.00319744,0.000159872
"theory 2, White 6-121",0.472,0.0031955,0.000159775
"theory 2, White 6-121",0.474,0.00319357,0.000159679
"theory 2, White 6-121",0.476,0.00319165,0.000159583
"theory 2, White 6-121",0.478,0.00318974,0.000159487
"theory 2, White 6-121",0.48,0.00318784,0.000159392
"theory 2, White 6-121",0.482,0.00318595,0.000159297
"theory 2, White 6-121",0.484,0.00318406,0.000159203
"theory 2, White 6-121",0.486,0.00318219,0.000159109
"theory 2, White 6-121",0.488,0.00318032,0.000159016
"theory 2, White 6-121",0.49,0.00317846,0.000158923
"theory 2, White 6-121",0.492,0.00317661,0.000158831
"theory 2, White 6-121",0.494,0.00317477,0.000158739
"theory 2, White 6-121",0.496,0.00317294,0.000158647
"theory 2, White 6-121",0.498,0.00317112,0.000158556
"theory 2, White 6-121",0.5,0.0031693,0.000158465
"theory 2, White 6-121",0.502,0.0031675,0.000158375
"theory 2, White 6-121",0.504,0.0031657,0.000158285
"theory 2, White 6-121",0.506,0.00316391,0.000158195
"theory 2, White 6-121",0.508,0.00316212,0.000158106
"theory 2, White 6-121",0.51,0.00316035,0.000158017
"theory 2, White 6-121",0.512,0.00315858,0.000157929
"theory 2, White 6-121",0.514,0.00315682,0.000157841
"theory 2, White 6-121",0.516,0.00315507,0.000157754
"theory 2, White 6-121",0.518,0.00315333,0.000157666
"theory 2, White 6-121",0.52,0.00315159,0.00015758
"theory 2, White 6-121",0.522,0.00314987,0.000157493
"theory 2, White 6-121",0.524,0.00314815,0.000157407
"theory 2, White 6-121",0.526,0.00314643,0.000157322
"theory 2, White 6-121",0.528,0.00314473,0.000157236
"theory 2, White 6-121",0.53,0.00314303,0.000157151
"theory 2, White 6-121",0.532,0.00314134,0.000157067
"theory 2, White 6-121",0.534,0.00313966,0.000156983
"theory 2, White 6-121",0.536,0.00313798,0.000156899
"theory 2, White 6-121",0.538,0.00313631,0.000156815
"theory 2, White 6-121",0.54,0.00313465,0.000156732
"theory 2, White 6-121",0.542,0.00313299,0.00015665
"theory 2, White 6-121",0.544,0.00313134,0.000156567
"theory 2, White 6-121",0.546,0.0031297,0.000156485
"theory 2, White 6-121",0.548,0.00312807,0.000156403
"theory 2, White 6-121",0.55,0.00312644,0.000156322
"theory 2, White 6-121",0.552,0.00312482,0.000156241
"theory 2, White 6-121",0.554,0.00312321,0.00015616
"theory 2, White 6-121",0.556,0.0031216,0.00015608
"theory 2, White 6-121",0.558,0.00312,0.000156
"theory 2, White 6-121",0.56,0.0031184,0.00015592
"theory 2, White 6-121",0.562,0.00311682,0.000155841
"theory 2, White 6-121",0.564,0.00311523,0.000155762
"theory 2, White 6-121",0.566,0.00311366,0.000155683
"theory 2, White 6-121",0.568,0.00311209,0.000155605
"theory 2, White 6-121",0.57,0.00311053,0.000155526
"theory 2, White 6-121",0.572,0.00310897,0.000155449
"theory 2, White 6-121",0.574,0.00310742,0.000155371
"theory 2, White 6-121",0.576,0.00310588,0.000155294
"theory 2, White 6-121",0.578,0.00310434,0.000155217
"theory 2, White 6-121",0.58,0.00310281,0.00015514
"theory 2, White 6-121",0.582,0.00310128,0.000155064
"theory 2, White 6-121",0.584,0.00309976,0.000154988
"theory 2, White 6-121",0.586,0.00309825,0.000154913
"theory 2, White 6-121",0.588,0.00309674,0.000154837
"theory 2, White 6-121",0.59,0.00309524,0.000154762
"theory 2, White 6-121",0.592,0.00309375,0.000154687
"theory 2, White 6-121",0.594,0.00309226,0.000154613
"theory 2, White 6-121",0.596,0.00309077,0.000154539
"theory 2, White 6-121",0.598,0.00308929,0.000154465
"theory 2, White 6-121",0.6,0.00308782,0.000154391
"theory 2, White 6-121",0.602,0.00308635,0.000154318
"theory 2, White 6-121",0.604,0.00308489,0.000154244
"theory 2, White 6-121",0.606,0.00308343,0.000154172
"theory 2, White 6-121",0.608,0.00308198,0.000154099
"theory 2, White 6-121",0.61,0.00308054,0.000154027
"theory 2, White 6-121",0.612,0.0030791,0.000153955
"theory 2, White 6-121",0.614,0.00307766,0.000153883
"theory 2, White 6-121",0.616,0.00307623,0.000153812
"theory 2, White 6-121",0.618,0.00307481,0.00015374
"theory 2, White 6-121",0.62,0.00307339,0.000153669
"theory 2, White 6-121",0.622,0.00307197,0.000153599
"theory 2, White 6-121",0.624,0.00307057,0.000153528
"theory 2, White 6-121",0.626,0.00306916,0.000153458
"theory 2, White 6-121",0.628,0.00306776,0.000153388
"theory 2, White 6-121",0.63,0.00306637,0.000153319
"theory 2, White 6-121",0.632,0.00306498,0.000153249
"theory 2, White 6-121",0.634,0.0030636,0.00015318
"theory 2, White 6-121",0.636,0.00306222,0.000153111
"theory 2, White 6-121",0.638,0.00306085,0.000153042
"theory 2, White 6-121",0.64,0.00305948,0.000152974
"theory 2, White 6-121",0.642,0.00305812,0.000152906
"theory 2, White 6-121",0.644,0.00305676,0.000152838
"theory 2, White 6-121",0.646,0.0030554,0.00015277
"theory 2, White 6-121",0.648,0.00305406,0.000152703
"theory 2, White 6-121",0.65,0.00305271,0.000152636
"theory 2, White 6-121",0.652,0.00305137,0.000152569
"theory 2, White 6-121",0.654,0.00305004,0.000152502
"theory 2, White 6-121",0.656,0.00304871,0.000152435
"theory 2, White 6-121",0.658,0.00304738,0.000152369
"theory 2, White 6-121",0.66,0.00304606,0.000152303
"theory 2, White 6-121",0.662,0.00304474,0.000152237
"theory 2, White 6-121",0.664,0.00304343,0.000152172
"theory 2, White 6-121",0.666,0.00304212,0.000152106
"theory 2, White 6-121",0.668,0.00304082,0.000152041
"theory 2, White 6-121",0.67,0.00303952,0.000151976
"theory 2, White 6-121",0.672,0.00303823,0.000151911
"theory 2, White 6-121",0.674,0.00303694,0.000151847
"theory 2, White 6-121",0.676,0.00303565,0.000151783
"theory 2, White 6-121",0.678,0.00303437,0.000151719
"theory 2, White 6-121",0.68,0.0030331,0.000151655
"theory 2, White 6-121",0.682,0.00303182,0.000151591
"theory 2, White 6-121",0.684,0.00303056,0.000151528
"theory 2, White 6-121",0.686,0.00302929,0.000151465
"theory 2, White 6-121",0.688,0.00302803,0.000151402
"theory 2, White 6-121",0.69,0.00302678,0.000151339
"theory 2, White 6-121",0.692,0.00302553,0.000151276
"theory 2, White 6-121",0.694,0.00302428,0.000151214
"theory 2, White 6-121",0.696,0.00302304,0.000151152
"theory 2, White 6-121",0.698,0.0030218,0.00015109
"theory 2, White 6-121",0.7,0.00302056,0.000151028
"theory 2, White 6-121",0.702,0.00301933,0.000150967
"theory 2, White 6-121",0.704,0.0030181,0.000150905
"theory 2, White 6-121",0.706,0.00301688,0.000150844
"theory 2, White 6-121",0.708,0.00301566,0.000150783
"theory 2, White 6-121",0.71,0.00301445,0.000150722
"theory 2, White 6-121",0.712,0.00301324,0.000150662
"theory 2, White 6-121",0.714,0.00301203,0.000150601
"theory 2, White 6-121",0.716,0.00301083,0.000150541
"theory 2, White 6-121",0.718,0.00300963,0.000150481
"theory 2, White 6-121",0.72,0.00300843,0.000150422
"theory 2, White 6-121",0.722,0.00300724,0.000150362
"theory 2, White 6-121",0.724,0.00300605,0.000150303
"theory 2, White 6-121",0.726,0.00300487,0.000150243
"theory 2, White 6-121",0.728,0.00300369,0.000150184
"theory 2, White 6-121",0.73,0.00300251,0.000150125
"theory 2, White 6-121",0.732,0.00300133,0.000150067
"theory 2, White 6-121",0.734,0.00300017,0.000150008
"theory 2, White 6-121",0.736,0.002999,0.00014995
"theory 2, White 6-121",0.738,0.00299784,0.000149892
"theory 2, White 6-121",0.74,0.00299668,0.000149834
"theory 2, White 6-121",0.742,0.00299552,0.000149776
"theory 2, White 6-121",0.744,0.00299437,0.000149719
"theory 2, White 6-121",0.746,0.00299322,0.000149661
"theory 2, White 6-121",0.748,0.00299208,0.000149604
"theory 2, White 6-121",0.75,0.00299094,0.000149547
"theory 2, White 6-121",0.752,0.0029898,0.00014949
"theory 2, White 6-121",0.754,0.00298866,0.000149433
"theory 2, White 6-121",0.756,0.00298753,0.000149377
"theory 2, White 6-121",0.758,0.00298641,0.00014932
"theory 2, White 6-121",0.76,0.00298528,0.000149264
"theory 2, White 6-121",0.762,0.00298416,0.000149208
"theory 2, White 6-121",0.764,0.00298304,0.000149152
"theory 2, White 6-121",0.766,0.00298193,0.000149097
"theory 2, White 6-121",0.768,0.00298082,0.000149041
"theory 2, White 6-121",0.77,0.00297971,0.000148986
"theory 2, White 6-121",0.772,0.00297861,0.00014893
"theory 2, White 6-121",0.774,0.00297751,0.000148875
"theory 2, White 6-121",0.776,0.00297641,0.000148821
"theory 2, White 6-121",0.778,0.00297532,0.000148766
"theory 2, White 6-121",0.78,0.00297423,0.000148711
"theory 2, White 6-121",0.782,0.00297314,0.000148657
"theory 2, White 6-121",0.784,0.00297205,0.000148603
"theory 2, White 6-121",0.786,0.00297097,0.000148549
"theory 2, White 6-121",0.788,0.00296989,0.000148495
"theory 2, White 6-121",0.79,0.00296882,0.000148441
"theory 2, White 6-121",0.792,0.00296775,0.000148387
"theory 2, White 6-121",0.794,0.00296668,0.000148334
"theory 2, White 6-121",0.796,0.00296561,0.000148281
"theory 2, White 6-121",0.798,0.00296455,0.000148227
"theory 2, White 6-121",0.8,0.00296349,0.000148174
"theory 2, White 6-121",0.802,0.00296243,0.000148122
"theory 2, White 6-121",0.804,0.00296138,0.000148069
"theory 2, White 6-121",0.806,0.00296033,0.000148016
"theory 2, White 6-121",0.808,0.00295928,0.000147964
"theory 2, White 6-121",0.81,0.00295823,0.000147912
"theory 2, White 6-121",0.812,0.00295719,0.00014786
"theory 2, White 6-121",0.814,0.00295615,0.000147808
"theory 2, White 6-121",0.816,0.00295512,0.000147756
"theory 2, White 6-121",0.818,0.00295408,0.000147704
"theory 2, White 6-121",0.82,0.00295305,0.000147653
"theory 2, White 6-121",0.822,0.00295202,0.000147601
"theory 2, White 6-121",0.824,0.002951,0.00014755
"theory 2, White 6-121",0.826,0.00294998,0.000147499
"theory 2, White 6-121",0.828,0.00294896,0.000147448
"theory 2, White 6-121",0.83,0.00294794,0.000147397
"theory 2, White 6-121",0.832,0.00294693,0.000147346
"theory 2, White 6-121",0.834,0.00294592,0.000147296
"theory 2, White 6-121",0.836,0.00294491,0.000147246
"theory 2, White 6-121",0.838,0.00294391,0.000147195
"theory 2, White 6-121",0.84,0.0029429,0.000147145
"theory 2, White 6-121",0.842,0.0029419,0.000147095
"theory 2, White 6-121",0.844,0.00294091,0.000147045
"theory 2, White 6-121",0.846,0.00293991,0.000146996
"theory 2, White 6-121",0.848,0.00293892,0.000146946
"theory 2, White 6-121",0.85,0.00293793,0.000146897
"theory 2, White 6-121",0.852,0.00293695,0.000146847
"theory 2, White 6-121",0.854,0.00293596,0.000146798
"theory 2, White 6-121",0.856,0.00293498,0.000146749
"theory 2, White 6-121",0.858,0.002934,0.0001467
"theory 2, White 6-121",0.86,0.00293303,0.000146651
"theory 2, White 6-121",0.862,0.00293205,0.000146603
"theory 2, White 6-121",0.864,0.00293108,0.000146554
"theory 2, White 6-121",0.866,0.00293012,0.000146506
"theory 2, White 6-121",0.868,0.00292915,0.000146457
"theory 2, White 6-121",0.87,0.00292819,0.000146409
"theory 2, White 6-121",0.872,0.00292723,0.000146361
"theory 2, White 6-121",0.874,0.00292627,0.000146313
"theory 2, White 6-121",0.876,0.00292531,0.000146266
"theory 2, White 6-121",0.878,0.00292436,0.000146218
"theory 2, White 6-121",0.88,0.00292341,0.00014617
"theory 2, White 6-121",0.882,0.00292246,0.000146123
"theory 2, White 6-121",0.884,0.00292152,0.000146076
"theory 2, White 6-121",0.886,0.00292057,0.000146029
"theory 2, White 6-121",0.888,0.00291963,0.000145982
"theory 2, White 6-121",0.89,0.00291869,0.000145935
"theory 2, White 6-121",0.892,0.00291776,0.000145888
"theory 2, White 6-121",0.894,0.00291683,0.000145841
"theory 2, White 6-121",0.896,0.00291589,0.000145795
"theory 2, White 6-121",0.898,0.00291497,0.000145748
"theory 2, White 6-121",0.9,0.00291404,0.000145702
"theory 2, White 6-121",0.902,0.00291312,0.000145656
"theory 2, White 6-121",0.904,0.00291219,0.00014561
"theory 2, White 6-121",0.906,0.00291127,0.000145564
"theory 2, White 6-121",0.908,0.00291036,0.000145518
"theory 2, White 6-121",0.91,0.00290944,0.000145472
"theory 2, White 6-121",0.912,0.00290853,0.000145427
"theory 2, White 6-121",0.914,0.00290762,0.000145381
"theory 2, White 6-121",0.916,0.00290671,0.000145336
"theory 2, White 6-121",0.918,0.00290581,0.00014529
"theory 2, White 6-121",0.92,0.0029049,0.000145245
"theory 2, White 6-121",0.922,0.002904,0.0001452
"theory 2, White 6-121",0.924,0.0029031,0.000145155
"theory 2, White 6-121",0.926,0.00290221,0.00014511
"theory 2, White 6-121",0.928,0.00290131,0.000145066
"theory 2, White 6-121",0.93,0.00290042,0.000145021
"theory 2, White 6-121",0.932,0.00289953,0.000144977
"theory 2, White 6-121",0.934,0.00289864,0.000144932
"theory 2, White 6-121",0.936,0.00289776,0.000144888
"theory 2, White 6-121",0.938,0.00289687,0.000144844
"theory 2, White 6-121",0.94,0.00289599,0.0001448
"theory 2, White 6-121",0.942,0.00289511,0.000144756
"theory 2, White 6-121",0.944,0.00289424,0.000144712
"theory 2, White 6-121",0.946,0.00289336,0.000144668
"theory 2, White 6-121",0.948,0.00289249,0.000144624
"theory 2, White 6-121",0.95,0.00289162,0.000144581
"theory 2, White 6-121",0.952,0.00289075,0.000144537
"theory 2, White 6-121",0.954,0.00288988,0.000144494
"theory 2, White 6-121",0.956,0.00288902,0.000144451
"theory 2, White 6-121",0.958,0.00288816,0.000144408
"theory 2, White 6-121",0.96,0.0028873,0.000144365
"theory 2, White 6-121",0.962,0.00288644,0.000144322
"theory 2, White 6-121",0.964,0.00288558,0.000144279
"theory 2, White 6-121",0.966,0.00288473,0.000144236
"theory 2, White 6-121",0.968,0.00288387,0.000144194
"theory 2, White 6-121",0.97,0.00288302,0.000144151
"theory 2, White 6-121",0.972,0.00288218,0.000144109
"theory 2, White 6-121",0.974,0.00288133,0.000144066
"theory 2, White 6-121",0.976,0.00288049,0.000144024
"theory 2, White 6-121",0.978,0.00287964,0.000143982
"theory 2, White 6-121",0.98,0.0028788,0.00014394
"theory 2, White 6-121",0.982,0.00287796,0.000143898
"theory 2, White 6-121",0.984,0.00287713,0.000143856
"theory 2, White 6-121",0.986,0.00287629,0.000143815
"theory 2, White 6-121",0.988,0.00287546,0.000143773
"theory 2, White 6-121",0.99,0.00287463,0.000143732
"theory 2, White 6-121",0.992,0.0028738,0.00014369
"theory 2, White 6-121",0.994,0.00287298,0.000143649
"theory 2, White 6-121",0.996,0.00287215,0.000143608
"theory 2, White 6-121",0.998,0.00287133,0.000143566
"theory 2, White 6-121",1.0,0.00287051,0.000143525
"theory 2, White 6-121",1.002,0.00286969,0.000143484
"theory 2, White 6-121",1.004,0.00286887,0.000143443
"theory 2, White 6-121",1.006,0.00286805,0.000143403
"theory 2, White 6-121",1.008,0.00286724,0.000143362
"theory 2, White 6-121",1.01,0.00286643,0.000143321
"theory 2, White 6-121",1.012,0.00286562,0.000143281
"theory 2, White 6-121",1.014,0.00286481,0.000143241
"theory 2, White 6-121",1.016,0.002864,0.0001432
"theory 2, White 6-121",1.018,0.0028632,0.00014316
"theory 2, White 6-121",1.02,0.0028624,0.00014312
"theory 2, White 6-121",1.022,0.0028616,0.00014308
"theory 2, White 6-121",1.024,0.0028608,0.00014304
"theory 2, White 6-121",1.026,0.00286,0.000143
"theory 2, White 6-121",1.028,0.0028592,0.00014296
"theory 2, White 6-121",1.03,0.00285841,0.000142921
"theory 2, White 6-121",1.032,0.00285762,0.000142881
"theory 2, White 6-121",1.034,0.00285683,0.000142841
"theory 2, White 6-121",1.036,0.00285604,0.000142802
"theory 2, White 6-121",1.038,0.00285525,0.000142763
"theory 2, White 6-121",1.04,0.00285447,0.000142723
"theory 2, White 6-121",1.042,0.00285368,0.000142684
"theory 2, White 6-121",1.044,0.0028529,0.000142645
"theory 2, White 6-121",1.046,0.00285212,0.000142606
"theory 2, White 6-121",1.048,0.00285134,0.000142567
"theory 2, White 6-121",1.05,0.00285057,0.000142528
"theory 2, White 6-121",1.052,0.00284979,0.00014249
"theory 2, White 6-121",1.054,0.00284902,0.000142451
"theory 2, White 6-121",1.056,0.00284825,0.000142412
"theory 2, White 6-121",1.058,0.00284748,0.000142374
"theory 2, White 6-121",1.06,0.00284671,0.000142336
"theory 2, White 6-121",1.062,0.00284594,0.000142297
"theory 2, White 6-121",1.064,0.00284518,0.000142259
"theory 2, White 6-121",1.066,0.00284442,0.000142221
"theory 2, White 6-121",1.068,0.00284365,0.000142183
"theory 2, White 6-121",1.07,0.00284289,0.000142145
"theory 2, White 6-121",1.072,0.00284214,0.000142107
"theory 2, White 6-121",1.074,0.00284138,0.000142069
"theory 2, White 6-121",1.076,0.00284062,0.000142031
"theory 2, White 6-121",1.078,0.00283987,0.000141994
"theory 2, White 6-121",1.08,0.00283912,0.000141956
"theory 2, White 6-121",1.082,0.00283837,0.000141918
"theory 2, White 6-121",1.084,0.00283762,0.000141881
"theory 2, White 6-121",1.086,0.00283687,0.000141844
"theory 2, White 6-121",1.088,0.00283613,0.000141806
"theory 2, White 6-121",1.09,0.00283538,0.000141769
"theory 2, White 6-121",1.092,0.00283464,0.000141732
"theory 2, White 6-121",1.094,0.0028339,0.000141695
"theory 2, White 6-121",1.096,0.00283316,0.000141658
"theory 2, White 6-121",1.098,0.00283242,0.000141621
"theory 2, White 6-121",1.1,0.00283169,0.000141584
"theory 2, White 6-121",1.102,0.00283095,0.000141548
"theory 2, White 6-121",1.104,0.00283022,0.000141511
"theory 2, White 6-121",1.106,0.00282949,0.000141474
"theory 2, White 6-121",1.108,0.00282876,0.000141438
"theory 2, White 6-121",1.11,0.00282803,0.000141401
"theory 2, White 6-121",1.112,0.0028273,0.000141365
"theory 2, White 6-121",1.114,0.00282657,0.000141329
"theory 2, White 6-121",1.116,0.00282585,0.000141293
"theory 2, White 6-121",1.118,0.00282513,0.000141256
"theory 2, White 6-121",1.12,0.00282441,0.00014122
"theory 2, White 6-121",1.122,0.00282369,0.000141184
"theory 2, White 6-121",1.124,0.00282297,0.000141148
"theory 2, White 6-121",1.126,0.00282225,0.000141113
"theory 2, White 6-121",1.128,0.00282154,0.000141077
"theory 2, White 6-121",1.13,0.00282082,0.000141041
"theory 2, White 6-121",1.132,0.00282011,0.000141005
"theory 2, White 6-121",1.134,0.0028194,0.00014097
"theory 2, White 6-121",1.136,0.00281869,0.000140934
"theory 2, White 6-121",1.138,0.00281798,0.000140899
"theory 2, White 6-121",1.14,0.00281727,0.000140864
"theory 2, White 6-121",1.142,0.00281657,0.000140828
"theory 2, White 6-121",1.144,0.00281586,0.000140793
"theory 2, White 6-121",1.146,0.00281516,0.000140758
"theory 2, White 6-121",1.148,0.00281446,0.000140723
"theory 2, White 6-121",1.15,0.00281376,0.000140688
"theory 2, White 6-121",1.152,0.00281306,0.000140653
"theory 2, White 6-121",1.154,0.00281237,0.000140618
"theory 2, White 6-121",1.156,0.00281167,0.000140583
"theory 2, White 6-121",1.158,0.00281098,0.000140549
"theory 2, White 6-121",1.16,0.00281028,0.000140514
"theory 2, White 6-121",1.162,0.00280959,0.00014048
"theory 2, White 6-121",1.164,0.0028089,0.000140445
"theory 2, White 6-121",1.166,0.00280821,0.000140411
"theory 2, White 6-121",1.168,0.00280752,0.000140376
"theory 2, White 6-121",1.17,0.00280684,0.000140342
"theory 2, White 6-121",1.172,0.00280615,0.000140308
"theory 2, White 6-121",1.174,0.00280547,0.000140274
"theory 2, White 6-121",1.176,0.00280479,0.000140239
"theory 2, White 6-121",1.178,0.00280411,0.000140205
"theory 2, White 6-121",1.18,0.00280343,0.000140171
"theory 2, White 6-121",1.182,0.00280275,0.000140137
"theory 2, White 6-121",1.184,0.00280207,0.000140104
"theory 2, White 6-121",1.186,0.0028014,0.00014007
"theory 2, White 6-121",1.188,0.00280072,0.000140036
"theory 2, White 6-121",1.19,0.00280005,0.000140003
"theory 2, White 6-121",1.192,0.00279938,0.000139969
"theory 2, White 6-121",1.194,0.00279871,0.000139935
"theory 2, White 6-121",1.196,0.00279804,0.000139902
"theory 2, White 6-121",1.198,0.00279737,0.000139869
"theory 2, White 6-121",1.2,0.00279671,0.000139835
"theory 2, White 6-121",1.202,0.00279604,0.000139802
"theory 2, White 6-121",1.204,0.00279538,0.000139769
"theory 2, White 6-121",1.206,0.00279471,0.000139736
"theory 2, White 6-121",1.208,0.00279405,0.000139703
"theory 2, White 6-121",1.21,0.00279339,0.00013967
"theory 2, White 6-121",1.212,0.00279273,0.000139637
"theory 2, White 6-121",1.214,0.00279207,0.000139604
"theory 2, White 6-121",1.216,0.00279142,0.000139571
"theory 2, White 6-121",1.218,0.00279076,0.000139538
"theory 2, White 6-121",1.22,0.00279011,0.000139505
"theory 2, White 6-121",1.222,0.00278946,0.000139473
"theory 2, White 6-121",1.224,0.0027888,0.00013944
"theory 2, White 6-121",1.226,0.00278815,0.000139408
"theory 2, White 6-121",1.228,0.0027875,0.000139375
"theory 2, White 6-121",1.23,0.00278686,0.000139343
"theory 2, White 6-121",1.232,0.00278621,0.000139311
"theory 2, White 6-121",1.234,0.00278556,0.000139278
"theory 2, White 6-121",1.236,0.00278492,0.000139246
"theory 2, White 6-121",1.238,0.00278428,0.000139214
"theory 2, White 6-121",1.24,0.00278363,0.000139182
"theory 2, White 6-121",1.242,0.00278299,0.00013915
"theory 2, White 6-121",1.244,0.00278235,0.000139118
"theory 2, White 6-121",1.246,0.00278172,0.000139086
"theory 2, White 6-121",1.248,0.00278108,0.000139054
"theory 2, White 6-121",1.25,0.00278044,0.000139022
"theory 2, White 6-121",1.252,0.00277981,0.00013899
"theory 2, White 6-121",1.254,0.00277917,0.000138959
"theory 2, White 6-121",1.256,0.00277854,0.000138927
"theory 2, White 6-121",1.258,0.00277791,0.000138895
"theory 2, White 6-121",1.26,0.00277728,0.000138864
"theory 2, White 6-121",1.262,0.00277665,0.000138833
"theory 2, White 6-121",1.264,0.00277602,0.000138801
"theory 2, White 6-121",1.266,0.0027754,0.00013877
"theory 2, White 6-121",1.268,0.00277477,0.000138738
"theory 2, White 6-121",1.27,0.00277414,0.000138707
"theory 2, White 6-121",1.272,0.00277352,0.000138676
"theory 2, White 6-121",1.274,0.0027729,0.000138645
"theory 2, White 6-121",1.276,0.00277228,0.000138614
"theory 2, White 6-121",1.278,0.00277166,0.000138583
"theory 2, White 6-121",1.28,0.00277104,0.000138552
"theory 2, White 6-121",1.282,0.00277042,0.000138521
"theory 2, White 6-121",1.284,0.0027698,0.00013849
"theory 2, White 6-121",1.286,0.00276919,0.000138459
"theory 2, White 6-121",1.288,0.00276857,0.000138429
"theory 2, White 6-121",1.29,0.00276796,0.000138398
"theory 2, White 6-121",1.292,0.00276735,0.000138367
"theory 2, White 6-121",1.294,0.00276673,0.000138337
"theory 2, White 6-121",1.296,0.00276612,0.000138306
"theory 2, White 6-121",1.298,0.00276552,0.000138276
"theory 2, White 6-121",1.3,0.00276491,0.000138245
"theory 2, White 6-121",1.302,0.0027643,0.000138215
"theory 2, White 6-121",1.304,0.00276369,0.000138185
"theory 2, White 6-121",1.306,0.00276309,0.000138154
"theory 2, White 6-121",1.308,0.00276248,0.000138124
"theory 2, White 6-121",1.31,0.00276188,0.000138094
"theory 2, White 6-121",1.312,0.00276128,0.000138064
"theory 2, White 6-121",1.314,0.00276068,0.000138034
"theory 2, White 6-121",1.316,0.00276008,0.000138004
"theory 2, White 6-121",1.318,0.00275948,0.000137974
"theory 2, White 6-121",1.32,0.00275888,0.000137944
"theory 2, White 6-121",1.322,0.00275829,0.000137914
"theory 2, White 6-121",1.324,0.00275769,0.000137885
"theory 2, White 6-121",1.326,0.0027571,0.000137855
"theory 2, White 6-121",1.328,0.0027565,0.000137825
"theory 2, White 6-121",1.33,0.00275591,0.000137796
"theory 2, White 6-121",1.332,0.00275532,0.000137766
"theory 2, White 6-121",1.334,0.00275473,0.000137736
"theory 2, White 6-121",1.336,0.00275414,0.000137707
"theory 2, White 6-121",1.338,0.00275355,0.000137678
"theory 2, White 6-121",1.34,0.00275296,0.000137648
"theory 2, White 6-121",1.342,0.00275238,0.000137619
"theory 2, White 6-121",1.344,0.00275179,0.00013759
"theory 2, White 6-121",1.346,0.00275121,0.00013756
"theory 2, White 6-121",1.348,0.00275062,0.000137531
"theory 2, White 6-121",1.35,0.00275004,0.000137502
"theory 2, White 6-121",1.352,0.00274946,0.000137473
"theory 2, White 6-121",1.354,0.00274888,0.000137444
"theory 2, White 6-121",1.356,0.0027483,0.000137415
"theory 2, White 6-121",1.358,0.00274772,0.000137386
"theory 2, White 6-121",1.36,0.00274714,0.000137357
"theory 2, White 6-121",1.362,0.00274657,0.000137328
"theory 2, White 6-121",1.364,0.00274599,0.000137299
"theory 2, White 6-121",1.366,0.00274542,0.000137271
"theory 2, White 6-121",1.368,0.00274484,0.000137242
"theory 2, White 6-121",1.37,0.00274427,0.000137213
"theory 2, White 6-121",1.372,0.0027437,0.000137185
"theory 2, White 6-121",1.374,0.00274313,0.000137156
"theory 2, White 6-121",1.376,0.00274256,0.000137128
"theory 2, White 6-121",1.378,0.00274199,0.000137099
"theory 2, White 6-121",1.38,0.00274142,0.000137071
"theory 2, White 6-121",1.382,0.00274085,0.000137043
"theory 2, White 6-121",1.384,0.00274029,0.000137014
"theory 2, White 6-121",1.386,0.00273972,0.000136986
"theory 2, White 6-121",1.388,0.00273916,0.000136958
"theory 2, White 6-121",1.39,0.00273859,0.00013693
"theory 2, White 6-121",1.392,0.00273803,0.000136901
"theory 2, White 6-121",1.394,0.00273747,0.000136873
"theory 2, White 6-121",1.396,0.00273691,0.000136845
"theory 2, White 6-121",1.398,0.00273635,0.000136817
"theory 2, White 6-121",1.4,0.00273579,0.000136789
"theory 2, White 6-121",1.402,0.00273523,0.000136762
"theory 2, White 6-121",1.404,0.00273467,0.000136734
"theory 2, White 6-121",1.406,0.00273412,0.000136706
"theory 2, White 6-121",1.408,0.00273356,0.000136678
"theory 2, White 6-121",1.41,0.00273301,0.00013665
"theory 2, White 6-121",1.412,0.00273246,0.000136623
"theory 2, White 6-121",1.414,0.0027319,0.000136595
"theory 2, White 6-121",1.416,0.00273135,0.000136568
"theory 2, White 6-121",1.418,0.0027308,0.00013654
"theory 2, White 6-121",1.42,0.00273025,0.000136513
"theory 2, White 6-121",1.422,0.0027297,0.000136485
"theory 2, White 6-121",1.424,0.00272915,0.000136458
"theory 2, White 6-121",1.426,0.00272861,0.00013643
"theory 2, White 6-121",1.428,0.00272806,0.000136403
"theory 2, White 6-121",1.43,0.00272752,0.000136376
"theory 2, White 6-121",1.432,0.00272697,0.000136349
"theory 2, White 6-121",1.434,0.00272643,0.000136321
"theory 2, White 6-121",1.436,0.00272588,0.000136294
"theory 2, White 6-121",1.438,0.00272534,0.000136267
"theory 2, White 6-121",1.44,0.0027248,0.00013624
"theory 2, White 6-121",1.442,0.00272426,0.000136213
"theory 2, White 6-121",1.444,0.00272372,0.000136186
"theory 2, White 6-121",1.446,0.00272318,0.000136159
"theory 2, White 6-121",1.448,0.00272265,0.000136132
"theory 2, White 6-121",1.45,0.00272211,0.000136105
"theory 2, White 6-121",1.452,0.00272157,0.000136079
"theory 2, White 6-121",1.454,0.00272104,0.000136052
"theory 2, White 6-121",1.456,0.0027205,0.000136025
"theory 2, White 6-121",1.458,0.00271997,0.000135998
"theory 2, White 6-121",1.46,0.00271944,0.000135972
"theory 2, White 6-121",1.462,0.00271891,0.000135945
"theory 2, White 6-121",1.464,0.00271837,0.000135919
"theory 2, White 6-121",1.466,0.00271784,0.000135892
"theory 2, White 6-121",1.468,0.00271732,0.000135866
"theory 2, White 6-121",1.47,0.00271679,0.000135839
"theory 2, White 6-121",1.472,0.00271626,0.000135813
"theory 2, White 6-121",1.474,0.00271573,0.000135787
"theory 2, White 6-121",1.476,0.00271521,0.00013576
"theory 2, White 6-121",1.478,0.00271468,0.000135734
"theory 2, White 6-121",1.48,0.00271416,0.000135708
"theory 2, White 6-121",1.482,0.00271363,0.000135682
"theory 2, White 6-121",1.484,0.00271311,0.000135656
"theory 2, White 6-121",1.486,0.00271259,0.000135629
"theory 2, White 6-121",1.488,0.00271207,0.000135603
"theory 2, White 6-121",1.49,0.00271155,0.000135577
"theory 2, White 6-121",1.492,0.00271103,0.000135551
"theory 2, White 6-121",1.494,0.00271051,0.000135525
"theory 2, White 6-121",1.496,0.00270999,0.0001355
"theory 2, White 6-121",1.498,0.00270947,0.000135474
"theory 2, White 6-121",1.5,0.00270896,0.000135448
"theory 2, White 6-121",1.502,0.00270844,0.000135422
"theory 2, White 6-121",1.504,0.00270793,0.000135396
"theory 2, White 6-121",1.506,0.00270741,0.000135371
"theory 2, White 6-121",1.508,0.0027069,0.000135345
"theory 2, White 6-121",1.51,0.00270639,0.000135319
"theory 2, White 6-121",1.512,0.00270587,0.000135294
"theory 2, White 6-121",1.514,0.00270536,0.000135268
"theory 2, White 6-121",1.516,0.00270485,0.000135243
"theory 2, White 6-121",1.518,0.00270434,0.000135217
"theory 2, White 6-121",1.52,0.00270384,0.000135192
"theory 2, White 6-121",1.522,0.00270333,0.000135166
"theory 2, White 6-121",1.524,0.00270282,0.000135141
"theory 2, White 6-121",1.526,0.00270231,0.000135116
"theory 2, White 6-121",1.528,0.00270181,0.00013509
"theory 2, White 6-121",1.53,0.0027013,0.000135065
"theory 2, White 6-121",1.532,0.0027008,0.00013504
"theory 2, White 6-121",1.534,0.0027003,0.000135015
"theory 2, White 6-121",1.536,0.00269979,0.00013499
"theory 2, White 6-121",1.538,0.00269929,0.000134965
"theory 2, White 6-121",1.54,0.00269879,0.00013494
"theory 2, White 6-121",1.542,0.00269829,0.000134915
"theory 2, White 6-121",1.544,0.00269779,0.00013489
"theory 2, White 6-121",1.546,0.00269729,0.000134865
"theory 2, White 6-121",1.548,0.00269679,0.00013484
"theory 2, White 6-121",1.55,0.0026963,0.000134815
"theory 2, White 6-121",1.552,0.0026958,0.00013479
"theory 2, White 6-121",1.554,0.0026953,0.000134765
"theory 2, White 6-121",1.556,0.00269481,0.00013474
"theory 2, White 6-121",1.558,0.00269431,0.000134716
"theory 2, White 6-121",1.56,0.00269382,0.000134691
"theory 2, White 6-121",1.562,0.00269333,0.000134666
"theory 2, White 6-121",1.564,0.00269284,0.000134642
"theory 2, White 6-121",1.566,0.00269234,0.000134617
"theory 2, White 6-121",1.568,0.00269185,0.000134593
"theory 2, White 6-121",1.57,0.00269136,0.000134568
"theory 2, White 6-121",1.572,0.00269087,0.000134544
"theory 2, White 6-121",1.574,0.00269038,0.000134519
"theory 2, White 6-121",1.576,0.0026899,0.000134495
"theory 2, White 6-121",1.578,0.00268941,0.00013447
"theory 2, White 6-121",1.58,0.00268892,0.000134446
"theory 2, White 6-121",1.582,0.00268844,0.000134422
"theory 2, White 6-121",1.584,0.00268795,0.000134398
"theory 2, White 6-121",1.586,0.00268747,0.000134373
"theory 2, White 6-121",1.588,0.00268698,0.000134349
"theory 2, White 6-121",1.59,0.0026865,0.000134325
"theory 2, White 6-121",1.592,0.00268602,0.000134301
"theory 2, White 6-121",1.594,0.00268554,0.000134277
"theory 2, White 6-121",1.596,0.00268506,0.000134253
"theory 2, White 6-121",1.598,0.00268457,0.000134229
"theory 2, White 6-121",1.6,0.0026841,0.000134205
"theory 2, White 6-121",1.602,0.00268362,0.000134181
"theory 2, White 6-121",1.604,0.00268314,0.000134157
"theory 2, White 6-121",1.606,0.00268266,0.000134133
"theory 2, White 6-121",1.608,0.00268218,0.000134109
"theory 2, White 6-121",1.61,0.00268171,0.000134085
"theory 2, White 6-121",1.612,0.00268123,0.000134062
"theory 2, White 6-121",1.614,0.00268076,0.000134038
"theory 2, White 6-121",1.616,0.00268028,0.000134014
"theory 2, White 6-121",1.618,0.00267981,0.00013399
"theory 2, White 6-121",1.62,0.00267934,0.000133967
"theory 2, White 6-121",1.622,0.00267886,0.000133943
"theory 2, White 6-121",1.624,0.00267839,0.00013392
"theory 2, White 6-121",1.626,0.00267792,0.000133896
"theory 2, White 6-121",1.628,0.00267745,0.000133873
"theory 2, White 6-121",1.63,0.00267698,0.000133849
"theory 2, White 6-121",1.632,0.00267651,0.000133826
"theory 2, White 6-121",1.634,0.00267604,0.000133802
"theory 2, White 6-121",1.636,0.00267558,0.000133779
"theory 2, White 6-121",1.638,0.00267511,0.000133755
"theory 2, White 6-121",1.64,0.00267464,0.000133732
"theory 2, White 6-121",1.642,0.00267418,0.000133709
"theory 2, White 6-121",1.644,0.00267371,0.000133686
"theory 2, White 6-121",1.646,0.00267325,0.000133662
"theory 2, White 6-121",1.648,0.00267278,0.000133639
"theory 2, White 6-121",1.65,0.00267232,0.000133616
"theory 2, White 6-121",1.652,0.00267186,0.000133593
"theory 2, White 6-121",1.654,0.0026714,0.00013357
"theory 2, White 6-121",1.656,0.00267094,0.000133547
"theory 2, White 6-121",1.658,0.00267048,0.000133524
"theory 2, White 6-121",1.66,0.00267002,0.000133501
"theory 2, White 6-121",1.662,0.00266956,0.000133478
"theory 2, White 6-121",1.664,0.0026691,0.000133455
"theory 2, White 6-121",1.666,0.00266864,0.000133432
"theory 2, White 6-121",1.668,0.00266818,0.000133409
"theory 2, White 6-121",1.67,0.00266773,0.000133386
"theory 2, White 6-121",1.672,0.00266727,0.000133363
"theory 2, White 6-121",1.674,0.00266681,0.000133341
"theory 2, White 6-121",1.676,0.00266636,0.000133318
"theory 2, White 6-121",1.678,0.00266591,0.000133295
"theory 2, White 6-121",1.68,0.00266545,0.000133273
"theory 2, White 6-121",1.682,0.002665,0.00013325
"theory 2, White 6-121",1.684,0.00266455,0.000133227
"theory 2, White 6-121",1.686,0.00266409,0.000133205
"theory 2, White 6-121",1.688,0.00266364,0.000133182
"theory 2, White 6-121",1.69,0.00266319,0.00013316
"theory 2, White 6-121",1.692,0.00266274,0.000133137
"theory 2, White 6-121",1.694,0.00266229,0.000133115
"theory 2, White 6-121",1.696,0.00266184,0.000133092
"theory 2, White 6-121",1.698,0.0026614,0.00013307
"theory 2, White 6-121",1.7,0.00266095,0.000133047
"theory 2, White 6-121",1.702,0.0026605,0.000133025
"theory 2, White 6-121",1.704,0.00266006,0.000133003
"theory 2, White 6-121",1.706,0.00265961,0.000132981
"theory 2, White 6-121",1.708,0.00265916,0.000132958
"theory 2, White 6-121",1.71,0.00265872,0.000132936
"theory 2, White 6-121",1.712,0.00265828,0.000132914
"theory 2, White 6-121",1.714,0.00265783,0.000132892
"theory 2, White 6-121",1.716,0.00265739,0.00013287
"theory 2, White 6-121",1.718,0.00265695,0.000132847
"theory 2, White 6-121",1.72,0.00265651,0.000132825
"theory 2, White 6-121",1.722,0.00265607,0.000132803
"theory 2, White 6-121",1.724,0.00265563,0.000132781
"theory 2, White 6-121",1.726,0.00265519,0.000132759
"theory 2, White 6-121",1.728,0.00265475,0.000132737
"theory 2, White 6-121",1.73,0.00265431,0.000132715
"theory 2, White 6-121",1.732,0.00265387,0.000132693
"theory 2, White 6-121",1.734,0.00265343,0.000132672
"theory 2, White 6-121",1.736,0.00265299,0.00013265
"theory 2, White 6-121",1.738,0.00265256,0.000132628
"theory 2, White 6-121",1.74,0.00265212,0.000132606
"theory 2, White 6-121",1.742,0.00265169,0.000132584
"theory 2, White 6-121",1.744,0.00265125,0.000132563
"theory 2, White 6-121",1.746,0.00265082,0.000132541
"theory 2, White 6-121",1.748,0.00265039,0.000132519
"theory 2, White 6-121",1.75,0.00264995,0.000132498
"theory 2, White 6-121",1.752,0.00264952,0.000132476
"theory 2, White 6-121",1.754,0.00264909,0.000132454
"theory 2, White 6-121",1.756,0.00264866,0.000132433
"theory 2, White 6-121",1.758,0.00264823,0.000132411
"theory 2, White 6-121",1.76,0.0026478,0.00013239
"theory 2, White 6-121",1.762,0.00264737,0.000132368
"theory 2, White 6-121",1.764,0.00264694,0.000132347
"theory 2, White 6-121",1.766,0.00264651,0.000132325
"theory 2, White 6-121",1.768,0.00264608,0.000132304
"theory 2, White 6-121",1.77,0.00264565,0.000132283
"theory 2, White 6-121",1.772,0.00264523,0.000132261
"theory 2, White 6-121",1.774,0.0026448,0.00013224
"theory 2, White 6-121",1.776,0.00264438,0.000132219
"theory 2, White 6-121",1.778,0.00264395,0.000132198
"theory 2, White 6-121",1.78,0.00264353,0.000132176
"theory 2, White 6-121",1.782,0.0026431,0.000132155
"theory 2, White 6-121",1.784,0.00264268,0.000132134
"theory 2, White 6-121",1.786,0.00264225,0.000132113
"theory 2, White 6-121",1.788,0.00264183,0.000132092
"theory 2, White 6-121",1.79,0.00264141,0.000132071
"theory 2, White 6-121",1.792,0.00264099,0.000132049
"theory 2, White 6-121",1.794,0.00264057,0.000132028
"theory 2, White 6-121",1.796,0.00264015,0.000132007
"theory 2, White 6-121",1.798,0.00263973,0.000131986
"theory 2, White 6-121",1.8,0.00263931,0.000131965
"theory 2, White 6-121",1.802,0.00263889,0.000131945
"theory 2, White 6-121",1.804,0.00263847,0.000131924
"theory 2, White 6-121",1.806,0.00263805,0.000131903
"theory 2, White 6-121",1.808,0.00263764,0.000131882
"theory 2, White 6-121",1.81,0.00263722,0.000131861
"theory 2, White 6-121",1.812,0.00263681,0.00013184
"theory 2, White 6-121",1.814,0.00263639,0.000131819
"theory 2, White 6-121",1.816,0.00263597,0.000131799
"theory 2, White 6-121",1.818,0.00263556,0.000131778
"theory 2, White 6-121",1.82,0.00263515,0.000131757
"theory 2, White 6-121",1.822,0.00263473,0.000131737
"theory 2, White 6-121",1.824,0.00263432,0.000131716
"theory 2, White 6-121",1.826,0.00263391,0.000131695
"theory 2, White 6-121",1.828,0.0026335,0.000131675
"theory 2, White 6-121",1.83,0.00263308,0.000131654
"theory 2, White 6-121",1.832,0.00263267,0.000131634
"theory 2, White 6-121",1.834,0.00263226,0.000131613
"theory 2, White 6-121",1.836,0.00263185,0.000131593
"theory 2, White 6-121",1.838,0.00263144,0.000131572
"theory 2, White 6-121",1.84,0.00263103,0.000131552
"theory 2, White 6-121",1.842,0.00263063,0.000131531
"theory 2, White 6-121",1.844,0.00263022,0.000131511
"theory 2, White 6-121",1.846,0.00262981,0.000131491
"theory 2, White 6-121",1.848,0.0026294,0.00013147
"theory 2, White 6-121",1.85,0.002629,0.00013145
"theory 2, White 6-121",1.852,0.00262859,0.00013143
"theory 2, White 6-121",1.854,0.00262819,0.000131409
"theory 2, White 6-121",1.856,0.00262778,0.000131389
"theory 2, White 6-121",1.858,0.00262738,0.000131369
"theory 2, White 6-121",1.86,0.00262697,0.000131349
"theory 2, White 6-121",1.862,0.00262657,0.000131329
"theory 2, White 6-121",1.864,0.00262617,0.000131308
"theory 2, White 6-121",1.866,0.00262577,0.000131288
"theory 2, White 6-121",1.868,0.00262536,0.000131268
"theory 2, White 6-121",1.87,0.00262496,0.000131248
"theory 2, White 6-121",1.872,0.00262456,0.000131228
"theory 2, White 6-121",1.874,0.00262416,0.000131208
"theory 2, White 6-121",1.876,0.00262376,0.000131188
"theory 2, White 6-121",1.878,0.00262336,0.000131168
"theory 2, White 6-121",1.88,0.00262296,0.000131148
"theory 2, White 6-121",1.882,0.00262257,0.000131128
"theory 2, White 6-121",1.884,0.00262217,0.000131108
"theory 2, White 6-121",1.886,0.00262177,0.000131089
"theory 2, White 6-121",1.888,0.00262137,0.000131069
"theory 2, White 6-121",1.89,0.00262098,0.000131049
"theory 2, White 6-121",1.892,0.00262058,0.000131029
"theory 2, White 6-121",1.894,0.00262019,0.000131009
"theory 2, White 6-121",1.896,0.00261979,0.00013099
"theory 2, White 6-121",1.898,0.0026194,0.00013097
"theory 2, White 6-121",1.9,0.002619,0.00013095
"theory 2, White 6-121",1.902,0.00261861,0.00013093
"theory 2, White 6-121",1.904,0.00261821,0.000130911
"theory 2, White 6-121",1.906,0.00261782,0.000130891
"theory 2, White 6-121",1.908,0.00261743,0.000130871
"theory 2, White 6-121",1.91,0.00261704,0.000130852
"theory 2, White 6-121",1.912,0.00261665,0.000130832
"theory 2, White 6-121",1.914,0.00261626,0.000130813
"theory 2, White 6-121",1.916,0.00261587,0.000130793
"theory 2, White 6-121",1.918,0.00261548,0.000130774
"theory 2, White 6-121",1.92,0.00261509,0.000130754
"theory 2, White 6-121",1.922,0.0026147,0.000130735
"theory 2, White 6-121",1.924,0.00261431,0.000130715
"theory 2, White 6-121",1.926,0.00261392,0.000130696
"theory 2, White 6-121",1.928,0.00261353,0.000130677
"theory 2, White 6-121",1.93,0.00261315,0.000130657
"theory 2, White 6-121",1.932,0.00261276,0.000130638
"theory 2, White 6-121",1.934,0.00261237,0.000130619
"theory 2, White 6-121",1.936,0.00261199,0.000130599
"theory 2, White 6-121",1.938,0.0026116,0.00013058
"theory 2, White 6-121",1.94,0.00261122,0.000130561
"theory 2, White 6-121",1.942,0.00261083,0.000130542
"theory 2, White 6-121",1.944,0.00261045,0.000130522
"theory 2, White 6-121",1.946,0.00261007,0.000130503
"theory 2, White 6-121",1.948,0.00260968,0.000130484
"theory 2, White 6-121",1.95,0.0026093,0.000130465
"theory 2, White 6-121",1.952,0.00260892,0.000130446
"theory 2, White 6-121",1.954,0.00260854,0.000130427
"theory 2, White 6-121",1.956,0.00260816,0.000130408
"theory 2, White 6-121",1.958,0.00260778,0.000130389
"theory 2, White 6-121",1.96,0.00260739,0.00013037
"theory 2, White 6-121",1.962,0.00260701,0.000130351
"theory 2, White 6-121",1.964,0.00260664,0.000130332
"theory 2, White 6-121",1.966,0.00260626,0.000130313
"theory 2, White 6-121",1.968,0.00260588,0.000130294
"theory 2, White 6-121",1.97,0.0026055,0.000130275
"theory 2, White 6-121",1.972,0.00260512,0.000130256
"theory 2, White 6-121",1.974,0.00260474,0.000130237
"theory 2, White 6-121",1.976,0.00260437,0.000130218
"theory 2, White 6-121",1.978,0.00260399,0.0001302
"theory 2, White 6-121",1.98,0.00260362,0.000130181
"theory 2, White 6-121",1.982,0.00260324,0.000130162
"theory 2, White 6-121",1.984,0.00260287,0.000130143
"theory 2, White 6-121",1.986,0.00260249,0.000130125
"theory 2, White 6-121",1.988,0.00260212,0.000130106
"theory 2, White 6-121",1.99,0.00260174,0.000130087
"theory 2, White 6-121",1.992,0.00260137,0.000130068
"theory 2, White 6-121",1.994,0.002601,0.00013005
"theory 2, White 6-121",1.996,0.00260062,0.000130031
"theory 2, White 6-121",1.998,0.00260025,0.000130013
"theory 2, White 6-121",2.0,0.00259988,0.000129994
"theory 3, White 6-134",0.002,0.0111191,0.000555953
"theory 3, White 6-134",0.004,0.00905127,0.000452563
"theory 3, White 6-134",0.006,0.00809851,0.000404926
"theory 3, White 6-134",0.008,0.00751091,0.000375545
"theory 3, White 6-134",0.01,0.00709807,0.000354904
"theory 3, White 6-134",0.012,0.00678551,0.000339276
"theory 3, White 6-134",0.014,0.00653708,0.000326854
"theory 3, White 6-134",0.016,0.00633274,0.000316637
"theory 3, White 6-134",0.018,0.00616035,0.000308017
"theory 3, White 6-134",0.02,0.00601203,0.000300602
"theory 3, White 6-134",0.022,0.00588243,0.000294122
"theory 3, White 6-134",0.024,0.00576774,0.000288387
"theory 3, White 6-134",0.026,0.00566517,0.000283259
"theory 3, White 6-134",0.028,0.00557263,0.000278631
"theory 3, White 6-134",0.03,0.0054885,0.000274425
"theory 3, White 6-134",0.032,0.00541151,0.000270575
"theory 3, White 6-134",0.034,0.00534066,0.000267033
"theory 3, White 6-134",0.036,0.00527512,0.000263756
"theory 3, White 6-134",0.038,0.00521423,0.000260712
"theory 3, White 6-134",0.04,0.00515744,0.000257872
"theory 3, White 6-134",0.042,0.00510427,0.000255214
"theory 3, White 6-134",0.044,0.00505434,0.000252717
"theory 3, White 6-134",0.046,0.00500731,0.000250366
"theory 3, White 6-134",0.048,0.0049629,0.000248145
"theory 3, White 6-134",0.05,0.00492085,0.000246042
"theory 3, White 6-134",0.052,0.00488095,0.000244048
"theory 3, White 6-134",0.054,0.00484302,0.000242151
"theory 3, White 6-134",0.056,0.00480688,0.000240344
"theory 3, White 6-134",0.058,0.00477239,0.000238619
"theory 3, White 6-134",0.06,0.00473942,0.000236971
"theory 3, White 6-134",0.062,0.00470786,0.000235393
"theory 3, White 6-134",0.064,0.0046776,0.00023388
"theory 3, White 6-134",0.066,0.00464854,0.000232427
"theory 3, White 6-134",0.068,0.00462062,0.000231031
"theory 3, White 6-134",0.07,0.00459374,0.000229687
"theory 3, White 6-134",0.072,0.00456784,0.000228392
"theory 3, White 6-134",0.074,0.00454287,0.000227143
"theory 3, White 6-134",0.076,0.00451875,0.000225938
"theory 3, White 6-134",0.078,0.00449545,0.000224772
"theory 3, White 6-134",0.08,0.00447291,0.000223645
"theory 3, White 6-134",0.082,0.00445109,0.000222554
"theory 3, White 6-134",0.084,0.00442994,0.000221497
"theory 3, White 6-134",0.086,0.00440944,0.000220472
"theory 3, White 6-134",0.088,0.00438955,0.000219478
"theory 3, White 6-134",0.09,0.00437024,0.000218512
"theory 3, White 6-134",0.092,0.00435147,0.000217574
"theory 3, White 6-134",0.094,0.00433323,0.000216661
"theory 3, White 6-134",0.096,0.00431548,0.000215774
"theory 3, White 6-134",0.098,0.0042982,0.00021491
"theory 3, White 6-134",0.1,0.00428137,0.000214068
"theory 3, White 6-134",0.102,0.00426496,0.000213248
"theory 3, White 6-134",0.104,0.00424897,0.000212449
"theory 3, White 6-134",0.106,0.00423337,0.000211669
"theory 3, White 6-134",0.108,0.00421815,0.000210907
"theory 3, White 6-134",0.11,0.00420328,0.000210164
"theory 3, White 6-134",0.112,0.00418876,0.000209438
"theory 3, White 6-134",0.114,0.00417457,0.000208729
"theory 3, White 6-134",0.116,0.0041607,0.000208035
"theory 3, White 6-134",0.118,0.00414713,0.000207356
"theory 3, White 6-134",0.12,0.00413385,0.000206693
"theory 3, White 6-134",0.122,0.00412086,0.000206043
"theory 3, White 6-134",0.124,0.00410813,0.000205407
"theory 3, White 6-134",0.126,0.00409567,0.000204783
"theory 3, White 6-134",0.128,0.00408346,0.000204173
"theory 3, White 6-134",0.13,0.00407149,0.000203574
"theory 3, White 6-134",0.132,0.00405975,0.000202988
"theory 3, White 6-134",0.134,0.00404824,0.000202412
"theory 3, White 6-134",0.136,0.00403695,0.000201848
"theory 3, White 6-134",0.138,0.00402587,0.000201294
"theory 3, White 6-134",0.14,0.004015,0.00020075
"theory 3, White 6-134",0.142,0.00400432,0.000200216
"theory 3, White 6-134",0.144,0.00399383,0.000199692
"theory 3, White 6-134",0.146,0.00398353,0.000199177
"theory 3, White 6-134",0.148,0.00397341,0.00019867
"theory 3, White 6-134",0.15,0.00396346,0.000198173
"theory 3, White 6-134",0.152,0.00395368,0.000197684
"theory 3, White 6-134",0.154,0.00394406,0.000197203
"theory 3, White 6-134",0.156,0.0039346,0.00019673
"theory 3, White 6-134",0.158,0.00392529,0.000196265
"theory 3, White 6-134",0.16,0.00391614,0.000195807
"theory 3, White 6-134",0.162,0.00390713,0.000195356
"theory 3, White 6-134",0.164,0.00389826,0.000194913
"theory 3, White 6-134",0.166,0.00388952,0.000194476
"theory 3, White 6-134",0.168,0.00388092,0.000194046
"theory 3, White 6-134",0.17,0.00387246,0.000193623
"theory 3, White 6-134",0.172,0.00386411,0.000193206
"theory 3, White 6-134",0.174,0.00385589,0.000192795
"theory 3, White 6-134",0.176,0.00384779,0.00019239
"theory 3, White 6-134",0.178,0.00383981,0.00019199
"theory 3, White 6-134",0.18,0.00383194,0.000191597
"theory 3, White 6-134",0.182,0.00382418,0.000191209
"theory 3, White 6-134",0.184,0.00381652,0.000190826
"theory 3, White 6-134",0.186,0.00380898,0.000190449
"theory 3, White 6-134",0.188,0.00380153,0.000190077
"theory 3, White 6-134",0.19,0.00379419,0.00018971
"theory 3, White 6-134",0.192,0.00378695,0.000189347
"theory 3, White 6-134",0.194,0.0037798,0.00018899
"theory 3, White 6-134",0.196,0.00377274,0.000188637
"theory 3, White 6-134",0.198,0.00376577,0.000188289
"theory 3, White 6-134",0.2,0.0037589,0.000187945
"theory 3, White 6-134",0.202,0.00375211,0.000187605
"theory 3, White 6-134",0.204,0.0037454,0.00018727
"theory 3, White 6-134",0.206,0.00373878,0.000186939
"theory 3, White 6-134",0.208,0.00373224,0.000186612
"theory 3, White 6-134",0.21,0.00372578,0.000186289
"theory 3, White 6-134",0.212,0.00371939,0.00018597
"theory 3, White 6-134",0.214,0.00371309,0.000185654
"theory 3, White 6-134",0.216,0.00370685,0.000185343
"theory 3, White 6-134",0.218,0.00370069,0.000185035
"theory 3, White 6-134",0.22,0.00369461,0.00018473
"theory 3, White 6-134",0.222,0.00368859,0.000184429
"theory 3, White 6-134",0.224,0.00368264,0.000184132
"theory 3, White 6-134",0.226,0.00367675,0.000183838
"theory 3, White 6-134",0.228,0.00367094,0.000183547
"theory 3, White 6-134",0.23,0.00366518,0.000183259
"theory 3, White 6-134",0.232,0.0036595,0.000182975
"theory 3, White 6-134",0.234,0.00365387,0.000182693
"theory 3, White 6-134",0.236,0.0036483,0.000182415
"theory 3, White 6-134",0.238,0.00364279,0.00018214
"theory 3, White 6-134",0.24,0.00363734,0.000181867
"theory 3, White 6-134",0.242,0.00363195,0.000181598
"theory 3, White 6-134",0.244,0.00362662,0.000181331
"theory 3, White 6-134",0.246,0.00362134,0.000181067
"theory 3, White 6-134",0.248,0.00361611,0.000180805
"theory 3, White 6-134",0.25,0.00361094,0.000180547
"theory 3, White 6-134",0.252,0.00360582,0.000180291
"theory 3, White 6-134",0.254,0.00360075,0.000180037
"theory 3, White 6-134",0.256,0.00359573,0.000179786
"theory 3, White 6-134",0.258,0.00359076,0.000179538
"theory 3, White 6-134",0.26,0.00358584,0.000179292
"theory 3, White 6-134",0.262,0.00358096,0.000179048
"theory 3, White 6-134",0.264,0.00357613,0.000178807
"theory 3, White 6-134",0.266,0.00357135,0.000178568
"theory 3, White 6-134",0.268,0.00356662,0.000178331
"theory 3, White 6-134",0.27,0.00356193,0.000178096
"theory 3, White 6-134",0.272,0.00355728,0.000177864
"theory 3, White 6-134",0.274,0.00355268,0.000177634
"theory 3, White 6-134",0.276,0.00354811,0.000177406
"theory 3, White 6-134",0.278,0.00354359,0.00017718
"theory 3, White 6-134",0.28,0.00353911,0.000176956
"theory 3, White 6-134",0.282,0.00353468,0.000176734
"theory 3, White 6-134",0.284,0.00353028,0.000176514
"theory 3, White 6-134",0.286,0.00352592,0.000176296
"theory 3, White 6-134",0.288,0.00352159,0.00017608
"theory 3, White 6-134",0.29,0.00351731,0.000175866
"theory 3, White 6-134",0.292,0.00351306,0.000175653
"theory 3, White 6-134",0.294,0.00350885,0.000175443
"theory 3, White 6-134",0.296,0.00350468,0.000175234
"theory 3, White 6-134",0.298,0.00350054,0.000175027
"theory 3, White 6-134",0.3,0.00349644,0.000174822
"theory 3, White 6-134",0.302,0.00349237,0.000174618
"theory 3, White 6-134",0.304,0.00348833,0.000174417
"theory 3, White 6-134",0.306,0.00348433,0.000174216
"theory 3, White 6-134",0.308,0.00348036,0.000174018
"theory 3, White 6-134",0.31,0.00347642,0.000173821
"theory 3, White 6-134",0.312,0.00347252,0.000173626
"theory 3, White 6-134",0.314,0.00346864,0.000173432
"theory 3, White 6-134",0.316,0.0034648,0.00017324
"theory 3, White 6-134",0.318,0.00346099,0.000173049
"theory 3, White 6-134",0.32,0.00345721,0.00017286
"theory 3, White 6-134",0.322,0.00345345,0.000172673
"theory 3, White 6-134",0.324,0.00344973,0.000172487
"theory 3, White 6-134",0.326,0.00344604,0.000172302
"theory 3, White 6-134",0.328,0.00344237,0.000172119
"theory 3, White 6-134",0.33,0.00343873,0.000171937
"theory 3, White 6-134",0.332,0.00343512,0.000171756
"theory 3, White 6-134",0.334,0.00343154,0.000171577
"theory 3, White 6-134",0.336,0.00342799,0.000171399
"theory 3, White 6-134",0.338,0.00342446,0.000171223
"theory 3, White 6-134",0.34,0.00342095,0.000171048
"theory 3, White 6-134",0.342,0.00341748,0.000170874
"theory 3, White 6-134",0.344,0.00341403,0.000170701
"theory 3, White 6-134",0.346,0.0034106,0.00017053
"theory 3, White 6-134",0.348,0.0034072,0.00017036
"theory 3, White 6-134",0.35,0.00340382,0.000170191
"theory 3, White 6-134",0.352,0.00340047,0.000170023
"theory 3, White 6-134",0.354,0.00339714,0.000169857
"theory 3, White 6-134",0.356,0.00339384,0.000169692
"theory 3, White 6-134",0.358,0.00339055,0.000169528
"theory 3, White 6-134",0.36,0.0033873,0.000169365
"theory 3, White 6-134",0.362,0.00338406,0.000169203
"theory 3, White 6-134",0.364,0.00338085,0.000169042
"theory 3, White 6-134",0.366,0.00337765,0.000168883
"theory 3, White 6-134",0.368,0.00337448,0.000168724
"theory 3, White 6-134",0.37,0.00337134,0.000168567
"theory 3, White 6-134",0.372,0.00336821,0.00016841
"theory 3, White 6-134",0.374,0.0033651,0.000168255
"theory 3, White 6-134",0.376,0.00336202,0.000168101
"theory 3, White 6-134",0.378,0.00335896,0.000167948
"theory 3, White 6-134",0.38,0.00335591,0.000167796
"theory 3, White 6-134",0.382,0.00335289,0.000167644
"theory 3, White 6-134",0.384,0.00334988,0.000167494
"theory 3, White 6-134",0.386,0.0033469,0.000167345
"theory 3, White 6-134",0.388,0.00334393,0.000167197
"theory 3, White 6-134",0.39,0.00334099,0.000167049
"theory 3, White 6-134",0.392,0.00333806,0.000166903
"theory 3, White 6-134",0.394,0.00333515,0.000166758
"theory 3, White 6-134",0.396,0.00333226,0.000166613
"theory 3, White 6-134",0.398,0.00332939,0.00016647
"theory 3, White 6-134",0.4,0.00332654,0.000166327
"theory 3, White 6-134",0.402,0.0033237,0.000166185
"theory 3, White 6-134",0.404,0.00332089,0.000166044
"theory 3, White 6-134",0.406,0.00331809,0.000165904
"theory 3, White 6-134",0.408,0.0033153,0.000165765
"theory 3, White 6-134",0.41,0.00331254,0.000165627
"theory 3, White 6-134",0.412,0.00330979,0.000165489
"theory 3, White 6-134",0.414,0.00330705,0.000165353
"theory 3, White 6-134",0.416,0.00330434,0.000165217
"theory 3, White 6-134",0.418,0.00330164,0.000165082
"theory 3, White 6-134",0.42,0.00329896,0.000164948
"theory 3, White 6-134",0.422,0.00329629,0.000164814
"theory 3, White 6-134",0.424,0.00329364,0.000164682
"theory 3, White 6-134",0.426,0.003291,0.00016455
"theory 3, White 6-134",0.428,0.00328838,0.000164419
"theory 3, White 6-134",0.43,0.00328578,0.000164289
"theory 3, White 6-134",0.432,0.00328319,0.000164159
"theory 3, White 6-134",0.434,0.00328061,0.000164031
"theory 3, White 6-134",0.436,0.00327805,0.000163903
"theory 3, White 6-134",0.438,0.00327551,0.000163775
"theory 3, White 6-134",0.44,0.00327298,0.000163649
"theory 3, White 6-134",0.442,0.00327046,0.000163523
"theory 3, White 6-134",0.444,0.00326796,0.000163398
"theory 3, White 6-134",0.446,0.00326547,0.000163273
"theory 3, White 6-134",0.448,0.00326299,0.00016315
"theory 3, White 6-134",0.45,0.00326053,0.000163027
"theory 3, White 6-134",0.452,0.00325809,0.000162904
"theory 3, White 6-134",0.454,0.00325565,0.000162783
"theory 3, White 6-134",0.456,0.00325323,0.000162662
"theory 3, White 6-134",0.458,0.00325083,0.000162541
"theory 3, White 6-134",0.46,0.00324844,0.000162422
"theory 3, White 6-134",0.462,0.00324605,0.000162303
"theory 3, White 6-134",0.464,0.00324369,0.000162184
"theory 3, White 6-134",0.466,0.00324133,0.000162067
"theory 3, White 6-134",0.468,0.00323899,0.00016195
"theory 3, White 6-134",0.47,0.00323666,0.000161833
"theory 3, White 6-134",0.472,0.00323434,0.000161717
"theory 3, White 6-134",0.474,0.00323204,0.000161602
"theory 3, White 6-134",0.476,0.00322975,0.000161487
"theory 3, White 6-134",0.478,0.00322747,0.000161373
"theory 3, White 6-134",0.48,0.0032252,0.00016126
"theory 3, White 6-134",0.482,0.00322294,0.000161147
"theory 3, White 6-134",0.484,0.0032207,0.000161035
"theory 3, White 6-134",0.486,0.00321846,0.000160923
"theory 3, White 6-134",0.488,0.00321624,0.000160812
"theory 3, White 6-134",0.49,0.00321403,0.000160701
"theory 3, White 6-134",0.492,0.00321183,0.000160591
"theory 3, White 6-134",0.494,0.00320964,0.000160482
"theory 3, White 6-134",0.496,0.00320746,0.000160373
"theory 3, White 6-134",0.498,0.0032053,0.000160265
"theory 3, White 6-134",0.5,0.00320314,0.000160157
"theory 3, White 6-134",0.502,0.003201,0.00016005
"theory 3, White 6-134",0.504,0.00319886,0.000159943
"theory 3, White 6-134",0.506,0.00319674,0.000159837
"theory 3, White 6-134",0.508,0.00319463,0.000159731
"theory 3, White 6-134",0.51,0.00319252,0.000159626
"theory 3, White 6-134",0.512,0.00319043,0.000159522
"theory 3, White 6-134",0.514,0.00318835,0.000159417
"theory 3, White 6-134",0.516,0.00318628,0.000159314
"theory 3, White 6-134",0.518,0.00318422,0.000159211
"theory 3, White 6-134",0.52,0.00318216,0.000159108
"theory 3, White 6-134",0.522,0.00318012,0.000159006
"theory 3, White 6-134",0.524,0.00317809,0.000158904
"theory 3, White 6-134",0.526,0.00317607,0.000158803
"theory 3, White 6-134",0.528,0.00317405,0.000158703
"theory 3, White 6-134",0.53,0.00317205,0.000158602
"theory 3, White 6-134",0.532,0.00317006,0.000158503
"theory 3, White 6-134",0.534,0.00316807,0.000158404
"theory 3, White 6-134",0.536,0.0031661,0.000158305
"theory 3, White 6-134",0.538,0.00316413,0.000158206
"theory 3, White 6-134",0.54,0.00316217,0.000158109
"theory 3, White 6-134",0.542,0.00316022,0.000158011
"theory 3, White 6-134",0.544,0.00315828,0.000157914
"theory 3, White 6-134",0.546,0.00315635,0.000157818
"theory 3, White 6-134",0.548,0.00315443,0.000157722
"theory 3, White 6-134",0.55,0.00315252,0.000157626
"theory 3, White 6-134",0.552,0.00315062,0.000157531
"theory 3, White 6-134",0.554,0.00314872,0.000157436
"theory 3, White 6-134",0.556,0.00314683,0.000157342
"theory 3, White 6-134",0.558,0.00314495,0.000157248
"theory 3, White 6-134",0.56,0.00314308,0.000157154
"theory 3, White 6-134",0.562,0.00314122,0.000157061
"theory 3, White 6-134",0.564,0.00313937,0.000156968
"theory 3, White 6-134",0.566,0.00313752,0.000156876
"theory 3, White 6-134",0.568,0.00313569,0.000156784
"theory 3, White 6-134",0.57,0.00313386,0.000156693
"theory 3, White 6-134",0.572,0.00313204,0.000156602
"theory 3, White 6-134",0.574,0.00313022,0.000156511
"theory 3, White 6-134",0.576,0.00312842,0.000156421
"theory 3, White 6-134",0.578,0.00312662,0.000156331
"theory 3, White 6-134",0.58,0.00312483,0.000156242
"theory 3, White 6-134",0.582,0.00312305,0.000156152
"theory 3, White 6-134",0.584,0.00312127,0.000156064
"theory 3, White 6-134",0.586,0.00311951,0.000155975
"theory 3, White 6-134",0.588,0.00311775,0.000155887
"theory 3, White 6-134",0.59,0.003116,0.0001558
"theory 3, White 6-134",0.592,0.00311425,0.000155713
"theory 3, White 6-134",0.594,0.00311251,0.000155626
"theory 3, White 6-134",0.596,0.00311078,0.000155539
"theory 3, White 6-134",0.598,0.00310906,0.000155453
"theory 3, White 6-134",0.6,0.00310735,0.000155367
"theory 3, White 6-134",0.602,0.00310564,0.000155282
"theory 3, White 6-134",0.604,0.00310394,0.000155197
"theory 3, White 6-134",0.606,0.00310224,0.000155112
"theory 3, White 6-134",0.608,0.00310055,0.000155028
"theory 3, White 6-134",0.61,0.00309887,0.000154944
"theory 3, White 6-134",0.612,0.0030972,0.00015486
"theory 3, White 6-134",0.614,0.00309553,0.000154777
"theory 3, White 6-134",0.616,0.00309387,0.000154694
"theory 3, White 6-134",0.618,0.00309222,0.000154611
"theory 3, White 6-134",0.62,0.00309057,0.000154529
"theory 3, White 6-134",0.622,0.00308893,0.000154447
"theory 3, White 6-134",0.624,0.0030873,0.000154365
"theory 3, White 6-134",0.626,0.00308567,0.000154284
"theory 3, White 6-134",0.628,0.00308405,0.000154203
"theory 3, White 6-134",0.63,0.00308244,0.000154122
"theory 3, White 6-134",0.632,0.00308083,0.000154042
"theory 3, White 6-134",0.634,0.00307923,0.000153961
"theory 3, White 6-134",0.636,0.00307763,0.000153882
"theory 3, White 6-134",0.638,0.00307605,0.000153802
"theory 3, White 6-134",0.64,0.00307446,0.000153723
"theory 3, White 6-134",0.642,0.00307289,0.000153644
"theory 3, White 6-134",0.644,0.00307132,0.000153566
"theory 3, White 6-134",0.646,0.00306975,0.000153488
"theory 3, White 6-134",0.648,0.00306819,0.00015341
"theory 3, White 6-134",0.65,0.00306664,0.000153332
"theory 3, White 6-134",0.652,0.0030651,0.000153255
"theory 3, White 6-134",0.654,0.00306355,0.000153178
"theory 3, White 6-134",0.656,0.00306202,0.000153101
"theory 3, White 6-134",0.658,0.00306049,0.000153025
"theory 3, White 6-134",0.66,0.00305897,0.000152948
"theory 3, White 6-134",0.662,0.00305745,0.000152873
"theory 3, White 6-134",0.664,0.00305594,0.000152797
"theory 3, White 6-134",0.666,0.00305443,0.000152722
"theory 3, White 6-134",0.668,0.00305293,0.000152647
"theory 3, White 6-134",0.67,0.00305144,0.000152572
"theory 3, White 6-134",0.672,0.00304995,0.000152497
"theory 3, White 6-134",0.674,0.00304847,0.000152423
"theory 3, White 6-134",0.676,0.00304699,0.000152349
"theory 3, White 6-134",0.678,0.00304552,0.000152276
"theory 3, White 6-134",0.68,0.00304405,0.000152202
"theory 3, White 6-134",0.682,0.00304259,0.000152129
"theory 3, White 6-134",0.684,0.00304113,0.000152056
"theory 3, White 6-134",0.686,0.00303968,0.000151984
"theory 3, White 6-134",0.688,0.00303823,0.000151912
"theory 3, White 6-134",0.69,0.00303679,0.00015184
"theory 3, White 6-134",0.692,0.00303536,0.000151768
"theory 3, White 6-134",0.694,0.00303392,0.000151696
"theory 3, White 6-134",0.696,0.0030325,0.000151625
"theory 3, White 6-134",0.698,0.00303108,0.000151554
"theory 3, White 6-134",0.7,0.00302966,0.000151483
"theory 3, White 6-134",0.702,0.00302825,0.000151413
"theory 3, White 6-134",0.704,0.00302685,0.000151342
"theory 3, White 6-134",0.706,0.00302545,0.000151272
"theory 3, White 6-134",0.708,0.00302405,0.000151203
"theory 3, White 6-134",0.71,0.00302266,0.000151133
"theory 3, White 6-134",0.712,0.00302128,0.000151064
"theory 3, White 6-134",0.714,0.0030199,0.000150995
"theory 3, White 6-134",0.716,0.00301852,0.000150926
"theory 3, White 6-134",0.718,0.00301715,0.000150857
"theory 3, White 6-134",0.72,0.00301578,0.000150789
"theory 3, White 6-134",0.722,0.00301442,0.000150721
"theory 3, White 6-134",0.724,0.00301306,0.000150653
"theory 3, White 6-134",0.726,0.00301171,0.000150586
"theory 3, White 6-134",0.728,0.00301036,0.000150518
"theory 3, White 6-134",0.73,0.00300902,0.000150451
"theory 3, White 6-134",0.732,0.00300768,0.000150384
"theory 3, White 6-134",0.734,0.00300635,0.000150317
"theory 3, White 6-134",0.736,0.00300502,0.000150251
"theory 3, White 6-134",0.738,0.00300369,0.000150185
"theory 3, White 6-134",0.74,0.00300237,0.000150119
"theory 3, White 6-134",0.742,0.00300106,0.000150053
"theory 3, White 6-134",0.744,0.00299975,0.000149987
"theory 3, White 6-134",0.746,0.00299844,0.000149922
"theory 3, White 6-134",0.748,0.00299714,0.000149857
"theory 3, White 6-134",0.75,0.00299584,0.000149792
"theory 3, White 6-134",0.752,0.00299454,0.000149727
"theory 3, White 6-134",0.754,0.00299325,0.000149663
"theory 3, White 6-134",0.756,0.00299197,0.000149598
"theory 3, White 6-134",0.758,0.00299069,0.000149534
"theory 3, White 6-134",0.76,0.00298941,0.00014947
"theory 3, White 6-134",0.762,0.00298813,0.000149407
"theory 3, White 6-134",0.764,0.00298687,0.000149343
"theory 3, White 6-134",0.766,0.0029856,0.00014928
"theory 3, White 6-134",0.768,0.00298434,0.000149217
"theory 3, White 6-134",0.77,0.00298308,0.000149154
"theory 3, White 6-134",0.772,0.00298183,0.000149092
"theory 3, White 6-134",0.774,0.00298058,0.000149029
"theory 3, White 6-134",0.776,0.00297934,0.000148967
"theory 3, White 6-134",0.778,0.0029781,0.000148905
"theory 3, White 6-134",0.78,0.00297686,0.000148843
"theory 3, White 6-134",0.782,0.00297563,0.000148781
"theory 3, White 6-134",0.784,0.0029744,0.00014872
"theory 3, White 6-134",0.786,0.00297317,0.000148659
"theory 3, White 6-134",0.788,0.00297195,0.000148598
"theory 3, White 6-134",0.79,0.00297073,0.000148537
"theory 3, White 6-134",0.792,0.00296952,0.000148476
"theory 3, White 6-134",0.794,0.00296831,0.000148416
"theory 3, White 6-134",0.796,0.0029671,0.000148355
"theory 3, White 6-134",0.798,0.0029659,0.000148295
"theory 3, White 6-134",0.8,0.0029647,0.000148235
"theory 3, White 6-134",0.802,0.00296351,0.000148175
"theory 3, White 6-134",0.804,0.00296232,0.000148116
"theory 3, White 6-134",0.806,0.00296113,0.000148057
"theory 3, White 6-134",0.808,0.00295995,0.000147997
"theory 3, White 6-134",0.81,0.00295877,0.000147938
"theory 3, White 6-134",0.812,0.00295759,0.00014788
"theory 3, White 6-134",0.814,0.00295642,0.000147821
"theory 3, White 6-134",0.816,0.00295525,0.000147762
"theory 3, White 6-134",0.818,0.00295408,0.000147704
"theory 3, White 6-134",0.82,0.00295292,0.000147646
"theory 3, White 6-134",0.822,0.00295176,0.000147588
"theory 3, White 6-134",0.824,0.00295061,0.00014753
"theory 3, White 6-134",0.826,0.00294946,0.000147473
"theory 3, White 6-134",0.828,0.00294831,0.000147415
"theory 3, White 6-134",0.83,0.00294716,0.000147358
"theory 3, White 6-134",0.832,0.00294602,0.000147301
"theory 3, White 6-134",0.834,0.00294488,0.000147244
"theory 3, White 6-134",0.836,0.00294375,0.000147187
"theory 3, White 6-134",0.838,0.00294262,0.000147131
"theory 3, White 6-134",0.84,0.00294149,0.000147074
"theory 3, White 6-134",0.842,0.00294036,0.000147018
"theory 3, White 6-134",0.844,0.00293924,0.000146962
"theory 3, White 6-134",0.846,0.00293813,0.000146906
"theory 3, White 6-134",0.848,0.00293701,0.000146851
"theory 3, White 6-134",0.85,0.0029359,0.000146795
"theory 3, White 6-134",0.852,0.00293479,0.00014674
"theory 3, White 6-134",0.854,0.00293369,0.000146684
"theory 3, White 6-134",0.856,0.00293258,0.000146629
"theory 3, White 6-134",0.858,0.00293149,0.000146574
"theory 3, White 6-134",0.86,0.00293039,0.00014652
"theory 3, White 6-134",0.862,0.0029293,0.000146465
"theory 3, White 6-134",0.864,0.00292821,0.00014641
"theory 3, White 6-134",0.866,0.00292712,0.000146356
"theory 3, White 6-134",0.868,0.00292604,0.000146302
"theory 3, White 6-134",0.87,0.00292496,0.000146248
"theory 3, White 6-134",0.872,0.00292388,0.000146194
"theory 3, White 6-134",0.874,0.00292281,0.000146141
"theory 3, White 6-134",0.876,0.00292174,0.000146087
"theory 3, White 6-134",0.878,0.00292067,0.000146034
"theory 3, White 6-134",0.88,0.00291961,0.00014598
"theory 3, White 6-134",0.882,0.00291855,0.000145927
"theory 3, White 6-134",0.884,0.00291749,0.000145874
"theory 3, White 6-134",0.886,0.00291643,0.000145822
"theory 3, White 6-134",0.888,0.00291538,0.000145769
"theory 3, White 6-134",0.89,0.00291433,0.000145716
"theory 3, White 6-134",0.892,0.00291328,0.000145664
"theory 3, White 6-134",0.894,0.00291224,0.000145612
"theory 3, White 6-134",0.896,0.0029112,0.00014556
"theory 3, White 6-134",0.898,0.00291016,0.000145508
"theory 3, White 6-134",0.9,0.00290912,0.000145456
"theory 3, White 6-134",0.902,0.00290809,0.000145405
"theory 3, White 6-134",0.904,0.00290706,0.000145353
"theory 3, White 6-134",0.906,0.00290604,0.000145302
"theory 3, White 6-134",0.908,0.00290501,0.000145251
"theory 3, White 6-134",0.91,0.00290399,0.0001452
"theory 3, White 6-134",0.912,0.00290297,0.000145149
"theory 3, White 6-134",0.914,0.00290196,0.000145098
"theory 3, White 6-134",0.916,0.00290094,0.000145047
"theory 3, White 6-134",0.918,0.00289993,0.000144997
"theory 3, White 6-134",0.92,0.00289893,0.000144946
"theory 3, White 6-134",0.922,0.00289792,0.000144896
"theory 3, White 6-134",0.924,0.00289692,0.000144846
"theory 3, White 6-134",0.926,0.00289592,0.000144796
"theory 3, White 6-134",0.928,0.00289492,0.000144746
"theory 3, White 6-134",0.93,0.00289393,0.000144696
"theory 3, White 6-134",0.932,0.00289294,0.000144647
"theory 3, White 6-134",0.934,0.00289195,0.000144597
"theory 3, White 6-134",0.936,0.00289096,0.000144548
"theory 3, White 6-134",0.938,0.00288998,0.000144499
"theory 3, White 6-134",0.94,0.002889,0.00014445
"theory 3, White 6-134",0.942,0.00288802,0.000144401
"theory 3, White 6-134",0.944,0.00288704,0.000144352
"theory 3, White 6-134",0.946,0.00288607,0.000144304
"theory 3, White 6-134",0.948,0.0028851,0.000144255
"theory 3, White 6-134",0.95,0.00288413,0.000144207
"theory 3, White 6-134",0.952,0.00288317,0.000144158
"theory 3, White 6-134",0.954,0.0028822,0.00014411
"theory 3, White 6-134",0.956,0.00288124,0.000144062
"theory 3, White 6-134",0.958,0.00288029,0.000144014
"theory 3, White 6-134",0.96,0.00287933,0.000143966
"theory 3, White 6-134",0.962,0.00287838,0.000143919
"theory 3, White 6-134",0.964,0.00287743,0.000143871
"theory 3, White 6-134",0.966,0.00287648,0.000143824
"theory 3, White 6-134",0.968,0.00287553,0.000143777
"theory 3, White 6-134",0.97,0.00287459,0.000143729
"theory 3, White 6-134",0.972,0.00287365,0.000143682
"theory 3, White 6-134",0.974,0.00287271,0.000143635
"theory 3, White 6-134",0.976,0.00287177,0.000143589
"theory 3, White 6-134",0.978,0.00287084,0.000143542
"theory 3, White 6-134",0.98,0.00286991,0.000143495
"theory 3, White 6-134",0.982,0.00286898,0.000143449
"theory 3, White 6-134",0.984,0.00286805,0.000143403
"theory 3, White 6-134",0.986,0.00286713,0.000143356
"theory 3, White 6-134",0.988,0.0028662,0.00014331
"theory 3, White 6-134",0.99,0.00286528,0.000143264
"theory 3, White 6-134",0.992,0.00286437,0.000143218
"theory 3, White 6-134",0.994,0.00286345,0.000143173
"theory 3, White 6-134",0.996,0.00286254,0.000143127
"theory 3, White 6-134",0.998,0.00286163,0.000143081
"theory 3, White 6-134",1.0,0.00286072,0.000143036
"theory 3, White 6-134",1.002,0.00285981,0.000142991
"theory 3, White 6-134",1.004,0.00285891,0.000142945
"theory 3, White 6-134",1.006,0.00285801,0.0001429
"theory 3, White 6-134",1.008,0.00285711,0.000142855
"theory 3, White 6-134",1.01,0.00285621,0.000142811
"theory 3, White 6-134",1.012,0.00285532,0.000142766
"theory 3, White 6-134",1.014,0.00285442,0.000142721
"theory 3, White 6-134",1.016,0.00285353,0.000142677
"theory 3, White 6-134",1.018,0.00285264,0.000142632
"theory 3, White 6-134",1.02,0.00285176,0.000142588
"theory 3, White 6-134",1.022,0.00285087,0.000142544
"theory 3, White 6-134",1.024,0.00284999,0.0001425
"theory 3, White 6-134",1.026,0.00284911,0.000142456
"theory 3, White 6-134",1.028,0.00284823,0.000142412
"theory 3, White 6-134",1.03,0.00284736,0.000142368
"theory 3, White 6-134",1.032,0.00284648,0.000142324
"theory 3, White 6-134",1.034,0.00284561,0.000142281
"theory 3, White 6-134",1.036,0.00284474,0.000142237
"theory 3, White 6-134",1.038,0.00284387,0.000142194
"theory 3, White 6-134",1.04,0.00284301,0.00014215
"theory 3, White 6-134",1.042,0.00284215,0.000142107
"theory 3, White 6-134",1.044,0.00284128,0.000142064
"theory 3, White 6-134",1.046,0.00284043,0.000142021
"theory 3, White 6-134",1.048,0.00283957,0.000141978
"theory 3, White 6-134",1.05,0.00283871,0.000141936
"theory 3, White 6-134",1.052,0.00283786,0.000141893
"theory 3, White 6-134",1.054,0.00283701,0.00014185
"theory 3, White 6-134",1.056,0.00283616,0.000141808
"theory 3, White 6-134",1.058,0.00283531,0.000141766
"theory 3, White 6-134",1.06,0.00283447,0.000141723
"theory 3, White 6-134",1.062,0.00283362,0.000141681
"theory 3, White 6-134",1.064,0.00283278,0.000141639
"theory 3, White 6-134",1.066,0.00283194,0.000141597
"theory 3, White 6-134",1.068,0.00283111,0.000141555
"theory 3, White 6-134",1.07,0.00283027,0.000141514
"theory 3, White 6-134",1.072,0.00282944,0.000141472
"theory 3, White 6-134",1.074,0.00282861,0.00014143
"theory 3, White 6-134",1.076,0.00282778,0.000141389
"theory 3, White 6-134",1.078,0.00282695,0.000141347
"theory 3, White 6-134",1.08,0.00282612,0.000141306
"theory 3, White 6-134",1.082,0.0028253,0.000141265
"theory 3, White 6-134",1.084,0.00282448,0.000141224
"theory 3, White 6-134",1.086,0.00282366,0.000141183
"theory 3, White 6-134",1.088,0.00282284,0.000141142
"theory 3, White 6-134",1.09,0.00282202,0.000141101
"theory 3, White 6-134",1.092,0.00282121,0.00014106
"theory 3, White 6-134",1.094,0.00282039,0.00014102
"theory 3, White 6-134",1.096,0.00281958,0.000140979
"theory 3, White 6-134",1.098,0.00281877,0.000140939
"theory 3, White 6-134",1.1,0.00281797,0.000140898
"theory 3, White 6-134",1.102,0.00281716,0.000140858
"theory 3, White 6-134",1.104,0.00281636,0.000140818
"theory 3, White 6-134",1.106,0.00281555,0.000140778
"theory 3, White 6-134",1.108,0.00281475,0.000140738
"theory 3, White 6-134",1.11,0.00281396,0.000140698
"theory 3, White 6-134",1.112,0.00281316,0.000140658
"theory 3, White 6-134",1.114,0.00281236,0.000140618
"theory 3, White 6-134",1.116,0.00281157,0.000140579
"theory 3, White 6-134",1.118,0.00281078,0.000140539
"theory 3, White 6-134",1.12,0.00280999,0.0001405
"theory 3, White 6-134",1.122,0.0028092,0.00014046
"theory 3, White 6-134",1.124,0.00280842,0.000140421
"theory 3, White 6-134",1.126,0.00280763,0.000140382
"theory 3, White 6-134",1.128,0.00280685,0.000140343
"theory 3, White 6-134",1.13,0.00280607,0.000140303
"theory 3, White 6-134",1.132,0.00280529,0.000140265
"theory 3, White 6-134",1.134,0.00280451,0.000140226
"theory 3, White 6-134",1.136,0.00280374,0.000140187
"theory 3, White 6-134",1.138,0.00280296,0.000140148
"theory 3, White 6-134",1.14,0.00280219,0.00014011
"theory 3, White 6-134",1.142,0.00280142,0.000140071
"theory 3, White 6-134",1.144,0.00280065,0.000140033
"theory 3, White 6-134",1.146,0.00279988,0.000139994
"theory 3, White 6-134",1.148,0.00279912,0.000139956
"theory 3, White 6-134",1.15,0.00279835,0.000139918
"theory 3, White 6-134",1.152,0.00279759,0.00013988
"theory 3, White 6-134",1.154,0.00279683,0.000139841
"theory 3, White 6-134",1.156,0.00279607,0.000139804
"theory 3, White 6-134",1.158,0.00279531,0.000139766
"theory 3, White 6-134",1.16,0.00279456,0.000139728
"theory 3, White 6-134",1.162,0.0027938,0.00013969
"theory 3, White 6-134",1.164,0.00279305,0.000139652
"theory 3, White 6-134",1.166,0.0027923,0.000139615
"theory 3, White 6-134",1.168,0.00279155,0.000139577
"theory 3, White 6-134",1.17,0.0027908,0.00013954
"theory 3, White 6-134",1.172,0.00279005,0.000139503
"theory 3, White 6-134",1.174,0.00278931,0.000139465
"theory 3, White 6-134",1.176,0.00278857,0.000139428
"theory 3, White 6-134",1.178,0.00278782,0.000139391
"theory 3, White 6-134",1.18,0.00278708,0.000139354
"theory 3, White 6-134",1.182,0.00278635,0.000139317
"theory 3, White 6-134",1.184,0.00278561,0.00013928
"theory 3, White 6-134",1.186,0.00278487,0.000139244
"theory 3, White 6-134",1.188,0.00278414,0.000139207
"theory 3, White 6-134",1.19,0.00278341,0.00013917
"theory 3, White 6-134",1.192,0.00278268,0.000139134
"theory 3, White 6-134",1.194,0.00278195,0.000139097
"theory 3, White 6-134",1.196,0.00278122,0.000139061
"theory 3, White 6-134",1.198,0.00278049,0.000139025
"theory 3, White 6-134",1.2,0.00277977,0.000138988
"theory 3, White 6-134",1.202,0.00277904,0.000138952
"theory 3, White 6-134",1.204,0.00277832,0.000138916
"theory 3, White 6-134",1.206,0.0027776,0.00013888
"theory 3, White 6-134",1.208,0.00277688,0.000138844
"theory 3, White 6-134",1.21,0.00277616,0.000138808
"theory 3, White 6-134",1.212,0.00277545,0.000138772
"theory 3, White 6-134",1.214,0.00277473,0.000138737
"theory 3, White 6-134",1.216,0.00277402,0.000138701
"theory 3, White 6-134",1.218,0.00277331,0.000138665
"theory 3, White 6-134",1.22,0.0027726,0.00013863
"theory 3, White 6-134",1.222,0.00277189,0.000138594
"theory 3, White 6-134",1.224,0.00277118,0.000138559
"theory 3, White 6-134",1.226,0.00277047,0.000138524
"theory 3, White 6-134",1.228,0.00276977,0.000138489
"theory 3, White 6-134",1.23,0.00276907,0.000138453
"theory 3, White 6-134",1.232,0.00276837,0.000138418
"theory 3, White 6-134",1.234,0.00276766,0.000138383
"theory 3, White 6-134",1.236,0.00276697,0.000138348
"theory 3, White 6-134",1.238,0.00276627,0.000138313
"theory 3, White 6-134",1.24,0.00276557,0.000138279
"theory 3, White 6-134",1.242,0.00276488,0.000138244
"theory 3, White 6-134",1.244,0.00276418,0.000138209
"theory 3, White 6-134",1.246,0.00276349,0.000138175
"theory 3, White 6-134",1.248,0.0027628,0.00013814
"theory 3, White 6-134",1.25,0.00276211,0.000138106
"theory 3, White 6-134",1.252,0.00276142,0.000138071
"theory 3, White 6-134",1.254,0.00276074,0.000138037
"theory 3, White 6-134",1.256,0.00276005,0.000138003
"theory 3, White 6-134",1.258,0.00275937,0.000137968
"theory 3, White 6-134",1.26,0.00275869,0.000137934
"theory 3, White 6-134",1.262,0.002758,0.0001379
"theory 3, White 6-134",1.264,0.00275732,0.000137866
"theory 3, White 6-134",1.266,0.00275665,0.000137832
"theory 3, White 6-134",1.268,0.00275597,0.000137798
"theory 3, White 6-134",1.27,0.00275529,0.000137765
"theory 3, White 6-134",1.272,0.00275462,0.000137731
"theory 3, White 6-134",1.274,0.00275394,0.000137697
"theory 3, White 6-134",1.276,0.00275327,0.000137664
"theory 3, White 6-134",1.278,0.0027526,0.00013763
"theory 3, White 6-134",1.28,0.00275193,0.000137597
"theory 3, White 6-134",1.282,0.00275126,0.000137563
"theory 3, White 6-134",1.284,0.0027506,0.00013753
"theory 3, White 6-134",1.286,0.00274993,0.000137497
"theory 3, White 6-134",1.288,0.00274927,0.000137463
"theory 3, White 6-134",1.29,0.0027486,0.00013743
"theory 3, White 6-134",1.292,0.00274794,0.000137397
"theory 3, White 6-134",1.294,0.00274728,0.000137364
"theory 3, White 6-134",1.296,0.00274662,0.000137331
"theory 3, White 6-134",1.298,0.00274596,0.000137298
"theory 3, White 6-134",1.3,0.00274531,0.000137265
"theory 3, White 6-134",1.302,0.00274465,0.000137233
"theory 3, White 6-134",1.304,0.002744,0.0001372
"theory 3, White 6-134",1.306,0.00274334,0.000137167
"theory 3, White 6-134",1.308,0.00274269,0.000137135
"theory 3, White 6-134",1.31,0.00274204,0.000137102
"theory 3, White 6-134",1.312,0.00274139,0.00013707
"theory 3, White 6-134",1.314,0.00274074,0.000137037
"theory 3, White 6-134",1.316,0.0027401,0.000137005
"theory 3, White 6-134",1.318,0.00273945,0.000136973
"theory 3, White 6-134",1.32,0.00273881,0.00013694
"theory 3, White 6-134",1.322,0.00273816,0.000136908
"theory 3, White 6-134",1.324,0.00273752,0.000136876
"theory 3, White 6-134",1.326,0.00273688,0.000136844
"theory 3, White 6-134",1.328,0.00273624,0.000136812
"theory 3, White 6-134",1.33,0.0027356,0.00013678
"theory 3, White 6-134",1.332,0.00273497,0.000136748
"theory 3, White 6-134",1.334,0.00273433,0.000136716
"theory 3, White 6-134",1.336,0.00273369,0.000136685
"theory 3, White 6-134",1.338,0.00273306,0.000136653
"theory 3, White 6-134",1.34,0.00273243,0.000136621
"theory 3, White 6-134",1.342,0.0027318,0.00013659
"theory 3, White 6-134",1.344,0.00273117,0.000136558
"theory 3, White 6-134",1.346,0.00273054,0.000136527
"theory 3, White 6-134",1.348,0.00272991,0.000136495
"theory 3, White 6-134",1.35,0.00272928,0.000136464
"theory 3, White 6-134",1.352,0.00272866,0.000136433
"theory 3, White 6-134",1.354,0.00272803,0.000136402
"theory 3, White 6-134",1.356,0.00272741,0.00013637
"theory 3, White 6-134",1.358,0.00272679,0.000136339
"theory 3, White 6-134",1.36,0.00272616,0.000136308
"theory 3, White 6-134",1.362,0.00272554,0.000136277
"theory 3, White 6-134",1.364,0.00272493,0.000136246
"theory 3, White 6-134",1.366,0.00272431,0.000136215
"theory 3, White 6-134",1.368,0.00272369,0.000136185
"theory 3, White 6-134",1.37,0.00272308,0.000136154
"theory 3, White 6-134",1.372,0.00272246,0.000136123
"theory 3, White 6-134",1.374,0.00272185,0.000136092
"theory 3, White 6-134",1.376,0.00272124,0.000136062
"theory 3, White 6-134",1.378,0.00272062,0.000136031
"theory 3, White 6-134",1.38,0.00272001,0.000136001
"theory 3, White 6-134",1.382,0.0027194,0.00013597
"theory 3, White 6-134",1.384,0.0027188,0.00013594
"theory 3, White 6-134",1.386,0.00271819,0.00013591
"theory 3, White 6-134",1.388,0.00271758,0.000135879
"theory 3, White 6-134",1.39,0.00271698,0.000135849
"theory 3, White 6-134",1.392,0.00271638,0.000135819
"theory 3, White 6-134",1.394,0.00271577,0.000135789
"theory 3, White 6-134",1.396,0.00271517,0.000135759
"theory 3, White 6-134",1.398,0.00271457,0.000135729
"theory 3, White 6-134",1.4,0.00271397,0.000135699
"theory 3, White 6-134",1.402,0.00271337,0.000135669
"theory 3, White 6-134",1.404,0.00271278,0.000135639
"theory 3, White 6-134",1.406,0.00271218,0.000135609
"theory 3, White 6-134",1.408,0.00271158,0.000135579
"theory 3, White 6-134",1.41,0.00271099,0.00013555
"theory 3, White 6-134",1.412,0.0027104,0.00013552
"theory 3, White 6-134",1.414,0.00270981,0.00013549
"theory 3, White 6-134",1.416,0.00270921,0.000135461
"theory 3, White 6-134",1.418,0.00270862,0.000135431
"theory 3, White 6-134",1.42,0.00270804,0.000135402
"theory 3, White 6-134",1.422,0.00270745,0.000135372
"theory 3, White 6-134",1.424,0.00270686,0.000135343
"theory 3, White 6-134",1.426,0.00270627,0.000135314
"theory 3, White 6-134",1.428,0.00270569,0.000135284
"theory 3, White 6-134",1.43,0.00270511,0.000135255
"theory 3, White 6-134",1.432,0.00270452,0.000135226
"theory 3, White 6-134",1.434,0.00270394,0.000135197
"theory 3, White 6-134",1.436,0.00270336,0.000135168
"theory 3, White 6-134",1.438,0.00270278,0.000135139
"theory 3, White 6-134",1.44,0.0027022,0.00013511
"theory 3, White 6-134",1.442,0.00270162,0.000135081
"theory 3, White 6-134",1.444,0.00270105,0.000135052
"theory 3, White 6-134",1.446,0.00270047,0.000135023
"theory 3, White 6-134",1.448,0.00269989,0.000134995
"theory 3, White 6-134",1.45,0.00269932,0.000134966
"theory 3, White 6-134",1.452,0.00269875,0.000134937
"theory 3, White 6-134",1.454,0.00269818,0.000134909
"theory 3, White 6-134",1.456,0.0026976,0.00013488
"theory 3, White 6-134",1.458,0.00269703,0.000134852
"theory 3, White 6-134",1.46,0.00269647,0.000134823
"theory 3, White 6-134",1.462,0.0026959,0.000134795
"theory 3, White 6-134",1.464,0.00269533,0.000134766
"theory 3, White 6-134",1.466,0.00269476,0.000134738
"theory 3, White 6-134",1.468,0.0026942,0.00013471
"theory 3, White 6-134",1.47,0.00269363,0.000134682
"theory 3, White 6-134",1.472,0.00269307,0.000134654
"theory 3, White 6-134",1.474,0.00269251,0.000134625
"theory 3, White 6-134",1.476,0.00269195,0.000134597
"theory 3, White 6-134",1.478,0.00269139,0.000134569
"theory 3, White 6-134",1.48,0.00269083,0.000134541
"theory 3, White 6-134",1.482,0.00269027,0.000134513
"theory 3, White 6-134",1.484,0.00268971,0.000134485
"theory 3, White 6-134",1.486,0.00268915,0.000134458
"theory 3, White 6-134",1.488,0.0026886,0.00013443
"theory 3, White 6-134",1.49,0.00268804,0.000134402
"theory 3, White 6-134",1.492,0.00268749,0.000134374
"theory 3, White 6-134",1.494,0.00268693,0.000134347
"theory 3, White 6-134",1.496,0.00268638,0.000134319
"theory 3, White 6-134",1.498,0.00268583,0.000134291
"theory 3, White 6-134",1.5,0.00268528,0.000134264
"theory 3, White 6-134",1.502,0.00268473,0.000134236
"theory 3, White 6-134",1.504,0.00268418,0.000134209
"theory 3, White 6-134",1.506,0.00268363,0.000134182
"theory 3, White 6-134",1.508,0.00268309,0.000134154
"theory 3, White 6-134",1.51,0.00268254,0.000134127
"theory 3, White 6-134",1.512,0.00268199,0.0001341
"theory 3, White 6-134",1.514,0.00268145,0.000134073
"theory 3, White 6-134",1.516,0.00268091,0.000134045
"theory 3, White 6-134",1.518,0.00268036,0.000134018
"theory 3, White 6-134",1.52,0.00267982,0.000133991
"theory 3, White 6-134",1.522,0.00267928,0.000133964
"theory 3, White 6-134",1.524,0.00267874,0.000133937
"theory 3, White 6-134",1.526,0.0026782,0.00013391
"theory 3, White 6-134",1.528,0.00267766,0.000133883
"theory 3, White 6-134",1.53,0.00267713,0.000133856
"theory 3, White 6-134",1.532,0.00267659,0.00013383
"theory 3, White 6-134",1.534,0.00267606,0.000133803
"theory 3, White 6-134",1.536,0.00267552,0.000133776
"theory 3, White 6-134",1.538,0.00267499,0.000133749
"theory 3, White 6-134",1.54,0.00267445,0.000133723
"theory 3, White 6-134",1.542,0.00267392,0.000133696
"theory 3, White 6-134",1.544,0.00267339,0.00013367
"theory 3, White 6-134",1.546,0.00267286,0.000133643
"theory 3, White 6-134",1.548,0.00267233,0.000133617
"theory 3, White 6-134",1.55,0.0026718,0.00013359
"theory 3, White 6-134",1.552,0.00267127,0.000133564
"theory 3, White 6-134",1.554,0.00267075,0.000133537
"theory 3, White 6-134",1.556,0.00267022,0.000133511
"theory 3, White 6-134",1.558,0.00266969,0.000133485
"theory 3, White 6-134",1.56,0.00266917,0.000133459
"theory 3, White 6-134",1.562,0.00266865,0.000133432
"theory 3, White 6-134",1.564,0.00266812,0.000133406
"theory 3, White 6-134",1.566,0.0026676,0.00013338
"theory 3, White 6-134",1.568,0.00266708,0.000133354
"theory 3, White 6-134",1.57,0.00266656,0.000133328
"theory 3, White 6-134",1.572,0.00266604,0.000133302
"theory 3, White 6-134",1.574,0.00266552,0.000133276
"theory 3, White 6-134",1.576,0.002665,0.00013325
"theory 3, White 6-134",1.578,0.00266449,0.000133224
"theory 3, White 6-134",1.58,0.00266397,0.000133198
"theory 3, White 6-134",1.582,0.00266345,0.000133173
"theory 3, White 6-134",1.584,0.00266294,0.000133147
"theory 3, White 6-134",1.586,0.00266242,0.000133121
"theory 3, White 6-134",1.588,0.00266191,0.000133096
"theory 3, White 6-134",1.59,0.0026614,0.00013307
"theory 3, White 6-134",1.592,0.00266089,0.000133044
"theory 3, White 6-134",1.594,0.00266038,0.000133019
"theory 3, White 6-134",1.596,0.00265987,0.000132993
"theory 3, White 6-134",1.598,0.00265936,0.000132968
"theory 3, White 6-134",1.6,0.00265885,0.000132942
"theory 3, White 6-134",1.602,0.00265834,0.000132917
"theory 3, White 6-134",1.604,0.00265783,0.000132892
"theory 3, White 6-134",1.606,0.00265733,0.000132866
"theory 3, White 6-134",1.608,0.00265682,0.000132841
"theory 3, White 6-134",1.61,0.00265632,0.000132816
"theory 3, White 6-134",1.612,0.00265581,0.000132791
"theory 3, White 6-134",1.614,0.00265531,0.000132766
"theory 3, White 6-134",1.616,0.00265481,0.00013274
"theory 3, White 6-134",1.618,0.00265431,0.000132715
"theory 3, White 6-134",1.62,0.00265381,0.00013269
"theory 3, White 6-134",1.622,0.00265331,0.000132665
"theory 3, White 6-134",1.624,0.00265281,0.00013264
"theory 3, White 6-134",1.626,0.00265231,0.000132615
"theory 3, White 6-134",1.628,0.00265181,0.000132591
"theory 3, White 6-134",1.63,0.00265131,0.000132566
"theory 3, White 6-134",1.632,0.00265082,0.000132541
"theory 3, White 6-134",1.634,0.00265032,0.000132516
"theory 3, White 6-134",1.636,0.00264983,0.000132491
"theory 3, White 6-134",1.638,0.00264933,0.000132467
"theory 3, White 6-134",1.64,0.00264884,0.000132442
"theory 3, White 6-134",1.642,0.00264835,0.000132417
"theory 3, White 6-134",1.644,0.00264785,0.000132393
"theory 3, White 6-134",1.646,0.00264736,0.000132368
"theory 3, White 6-134",1.648,0.00264687,0.000132344
"theory 3, White 6-134",1.65,0.00264638,0.000132319
"theory 3, White 6-134",1.652,0.00264589,0.000132295
"theory 3, White 6-134",1.654,0.00264541,0.00013227
"theory 3, White 6-134",1.656,0.00264492,0.000132246
"theory 3, White 6-134",1.658,0.00264443,0.000132222
"theory 3, White 6-134",1.66,0.00264395,0.000132197
"theory 3, White 6-134",1.662,0.00264346,0.000132173
"theory 3, White 6-134",1.664,0.00264298,0.000132149
"theory 3, White 6-134",1.666,0.00264249,0.000132125
"theory 3, White 6-134",1.668,0.00264201,0.0001321
"theory 3, White 6-134",1.67,0.00264153,0.000132076
"theory 3, White 6-134",1.672,0.00264105,0.000132052
"theory 3, White 6-134",1.674,0.00264056,0.000132028
"theory 3, White 6-134",1.676,0.00264008,0.000132004
"theory 3, White 6-134",1.678,0.0026396,0.00013198
"theory 3, White 6-134",1.68,0.00263913,0.000131956
"theory 3, White 6-134",1.682,0.00263865,0.000131932
"theory 3, White 6-134",1.684,0.00263817,0.000131908
"theory 3, White 6-134",1.686,0.00263769,0.000131885
"theory 3, White 6-134",1.688,0.00263722,0.000131861
"theory 3, White 6-134",1.69,0.00263674,0.000131837
"theory 3, White 6-134",1.692,0.00263627,0.000131813
"theory 3, White 6-134",1.694,0.00263579,0.00013179
"theory 3, White 6-134",1.696,0.00263532,0.000131766
"theory 3, White 6-134",1.698,0.00263485,0.000131742
"theory 3, White 6-134",1.7,0.00263437,0.000131719
"theory 3, White 6-134",1.702,0.0026339,0.000131695
"theory 3, White 6-134",1.704,0.00263343,0.000131672
"theory 3, White 6-134",1.706,0.00263296,0.000131648
"theory 3, White 6-134",1.708,0.00263249,0.000131625
"theory 3, White 6-134",1.71,0.00263202,0.000131601
"theory 3, White 6-134",1.712,0.00263156,0.000131578
"theory 3, White 6-134",1.714,0.00263109,0.000131554
"theory 3, White 6-134",1.716,0.00263062,0.000131531
"theory 3, White 6-134",1.718,0.00263016,0.000131508
"theory 3, White 6-134",1.72,0.00262969,0.000131485
"theory 3, White 6-134",1.722,0.00262923,0.000131461
"theory 3, White 6-134",1.724,0.00262876,0.000131438
"theory 3, White 6-134",1.726,0.0026283,0.000131415
"theory 3, White 6-134",1.728,0.00262784,0.000131392
"theory 3, White 6-134",1.73,0.00262738,0.000131369
"theory 3, White 6-134",1.732,0.00262691,0.000131346
"theory 3, White 6-134",1.734,0.00262645,0.000131323
"theory 3, White 6-134",1.736,0.00262599,0.0001313
"theory 3, White 6-134",1.738,0.00262553,0.000131277
"theory 3, White 6-134",1.74,0.00262508,0.000131254
"theory 3, White 6-134",1.742,0.00262462,0.000131231
"theory 3, White 6-134",1.744,0.00262416,0.000131208
"theory 3, White 6-134",1.746,0.0026237,0.000131185
"theory 3, White 6-134",1.748,0.00262325,0.000131162
"theory 3, White 6-134",1.75,0.00262279,0.00013114
"theory 3, White 6-134",1.752,0.00262234,0.000131117
"theory 3, White 6-134",1.754,0.00262188,0.000131094
"theory 3, White 6-134",1.756,0.00262143,0.000131071
"theory 3, White 6-134",1.758,0.00262098,0.000131049
"theory 3, White 6-134",1.76,0.00262052,0.000131026
"theory 3, White 6-134",1.762,0.00262007,0.000131004
"theory 3, White 6-134",1.764,0.00261962,0.000130981
"theory 3, White 6-134",1.766,0.00261917,0.000130959
"theory 3, White 6-134",1.768,0.00261872,0.000130936
"theory 3, White 6-134",1.77,0.00261827,0.000130914
"theory 3, White 6-134",1.772,0.00261782,0.000130891
"theory 3, White 6-134",1.774,0.00261738,0.000130869
"theory 3, White 6-134",1.776,0.00261693,0.000130846
"theory 3, White 6-134",1.778,0.00261648,0.000130824
"theory 3, White 6-134",1.78,0.00261604,0.000130802
"theory 3, White 6-134",1.782,0.00261559,0.000130779
"theory 3, White 6-134",1.784,0.00261514,0.000130757
"theory 3, White 6-134",1.786,0.0026147,0.000130735
"theory 3, White 6-134",1.788,0.00261426,0.000130713
"theory 3, White 6-134",1.79,0.00261381,0.000130691
"theory 3, White 6-134",1.792,0.00261337,0.000130669
"theory 3, White 6-134",1.794,0.00261293,0.000130646
"theory 3, White 6-134",1.796,0.00261249,0.000130624
"theory 3, White 6-134",1.798,0.00261205,0.000130602
"theory 3, White 6-134",1.8,0.00261161,0.00013058
"theory 3, White 6-134",1.802,0.00261117,0.000130558
"theory 3, White 6-134",1.804,0.00261073,0.000130536
"theory 3, White 6-134",1.806,0.00261029,0.000130515
"theory 3, White 6-134",1.808,0.00260985,0.000130493
"theory 3, White 6-134",1.81,0.00260942,0.000130471
"theory 3, White 6-134",1.812,0.00260898,0.000130449
"theory 3, White 6-134",1.814,0.00260854,0.000130427
"theory 3, White 6-134",1.816,0.00260811,0.000130405
"theory 3, White 6-134",1.818,0.00260767,0.000130384
"theory 3, White 6-134",1.82,0.00260724,0.000130362
"theory 3, White 6-134",1.822,0.00260681,0.00013034
"theory 3, White 6-134",1.824,0.00260637,0.000130319
"theory 3, White 6-134",1.826,0.00260594,0.000130297
"theory 3, White 6-134",1.828,0.00260551,0.000130276
"theory 3, White 6-134",1.83,0.00260508,0.000130254
"theory 3, White 6-134",1.832,0.00260465,0.000130232
"theory 3, White 6-134",1.834,0.00260422,0.000130211
"theory 3, White 6-134",1.836,0.00260379,0.000130189
"theory 3, White 6-134",1.838,0.00260336,0.000130168
"theory 3, White 6-134",1.84,0.00260293,0.000130147
"theory 3, White 6-134",1.842,0.0026025,0.000130125
"theory 3, White 6-134",1.844,0.00260208,0.000130104
"theory 3, White 6-134",1.846,0.00260165,0.000130083
"theory 3, White 6-134",1.848,0.00260122,0.000130061
"theory 3, White 6-134",1.85,0.0026008,0.00013004
"theory 3, White 6-134",1.852,0.00260037,0.000130019
"theory 3, White 6-134",1.854,0.00259995,0.000129998
"theory 3, White 6-134",1.856,0.00259953,0.000129976
"theory 3, White 6-134",1.858,0.0025991,0.000129955
"theory 3, White 6-134",1.86,0.00259868,0.000129934
"theory 3, White 6-134",1.862,0.00259826,0.000129913
"theory 3, White 6-134",1.864,0.00259784,0.000129892
"theory 3, White 6-134",1.866,0.00259742,0.000129871
"theory 3, White 6-134",1.868,0.002597,0.00012985
"theory 3, White 6-134",1.87,0.00259658,0.000129829
"theory 3, White 6-134",1.872,0.00259616,0.000129808
"theory 3, White 6-134",1.874,0.00259574,0.000129787
"theory 3, White 6-134",1.876,0.00259532,0.000129766
"theory 3, White 6-134",1.878,0.0025949,0.000129745
"theory 3, White 6-134",1.88,0.00259448,0.000129724
"theory 3, White 6-134",1.882,0.00259407,0.000129703
"theory 3, White 6-134",1.884,0.00259365,0.000129683
"theory 3, White 6-134",1.886,0.00259324,0.000129662
"theory 3, White 6-134",1.888,0.00259282,0.000129641
"theory 3, White 6-134",1.89,0.00259241,0.00012962
"theory 3, White 6-134",1.892,0.00259199,0.0001296
"theory 3, White 6-134",1.894,0.00259158,0.000129579
"theory 3, White 6-134",1.896,0.00259117,0.000129558
"theory 3, White 6-134",1.898,0.00259076,0.000129538
"theory 3, White 6-134",1.9,0.00259034,0.000129517
"theory 3, White 6-134",1.902,0.00258993,0.000129497
"theory 3, White 6-134",1.904,0.00258952,0.000129476
"theory 3, White 6-134",1.906,0.00258911,0.000129456
"theory 3, White 6-134",1.908,0.0025887,0.000129435
"theory 3, White 6-134",1.91,0.00258829,0.000129415
"theory 3, White 6-134",1.912,0.00258788,0.000129394
"theory 3, White 6-134",1.914,0.00258748,0.000129374
"theory 3, White 6-134",1.916,0.00258707,0.000129353
"theory 3, White 6-134",1.918,0.00258666,0.000129333
"theory 3, White 6-134",1.92,0.00258626,0.000129313
"theory 3, White 6-134",1.922,0.00258585,0.000129292
"theory 3, White 6-134",1.924,0.00258544,0.000129272
"theory 3, White 6-134",1.926,0.00258504,0.000129252
"theory 3, White 6-134",1.928,0.00258463,0.000129232
"theory 3, White 6-134",1.93,0.00258423,0.000129212
"theory 3, White 6-134",1.932,0.00258383,0.000129191
"theory 3, White 6-134",1.934,0.00258342,0.000129171
"theory 3, White 6-134",1.936,0.00258302,0.000129151
"theory 3, White 6-134",1.938,0.00258262,0.000129131
"theory 3, White 6-134",1.94,0.00258222,0.000129111
"theory 3, White 6-134",1.942,0.00258182,0.000129091
"theory 3, White 6-134",1.944,0.00258142,0.000129071
"theory 3, White 6-134",1.946,0.00258102,0.000129051
"theory 3, White 6-134",1.948,0.00258062,0.000129031
"theory 3, White 6-134",1.95,0.00258022,0.000129011
"theory 3, White 6-134",1.952,0.00257982,0.000128991
"theory 3, White 6-134",1.954,0.00257942,0.000128971
"theory 3, White 6-134",1.956,0.00257903,0.000128951
"theory 3, White 6-134",1.958,0.00257863,0.000128931
"theory 3, White 6-134",1.96,0.00257823,0.000128912
"theory 3, White 6-134",1.962,0.00257784,0.000128892
"theory 3, White 6-134",1.964,0.00257744,0.000128872
"theory 3, White 6-134",1.966,0.00257705,0.000128852
"theory 3, White 6-134",1.968,0.00257665,0.000128833
"theory 3, White 6-134",1.97,0.00257626,0.000128813
"theory 3, White 6-134",1.972,0.00257587,0.000128793
"theory 3, White 6-134",1.974,0.00257547,0.000128774
"theory 3, White 6-134",1.976,0.00257508,0.000128754
"theory 3, White 6-134",1.978,0.00257469,0.000128734
"theory 3, White 6-134",1.98,0.0025743,0.000128715
"theory 3, White 6-134",1.982,0.00257391,0.000128695
"theory 3, White 6-134",1.984,0.00257352,0.000128676
"theory 3, White 6-134",1.986,0.00257313,0.000128656
"theory 3, White 6-134",1.988,0.00257274,0.000128637
"theory 3, White 6-134",1.99,0.00257235,0.000128617
"theory 3, White 6-134",1.992,0.00257196,0.000128598
"theory 3, White 6-134",1.994,0.00257157,0.000128579
"theory 3, White 6-134",1.996,0.00257118,0.000128559
"theory 3, White 6-134",1.998,0.0025708,0.00012854
"theory 3, White 6-134",2.0,0.00257041,0.00012852
