zone,log10(y+),u+
"Theory, inner",-1.602100015,0.02500000037
"Theory, inner",-1.300999999,0.05000000075
"Theory, inner",-1.124899983,0.07500000298
"Theory, inner",-1.0,0.1000000015
"Theory, inner",-0.9030900002,0.125
"Theory, inner",-0.8239099979,0.150000006
"Theory, inner",-0.7569599748,0.174999997
"Theory, inner",-0.6989700198,0.200000003
"Theory, inner",-0.6478199959,0.224999994
"Theory, inner",-0.60206002,0.25
"Theory, inner",-0.5606700182,0.275000006
"Theory, inner",-0.5228800178,0.3000000119
"Theory, inner",-0.4881199896,0.3249999881
"Theory, inner",-0.4559299946,0.349999994
"Theory, inner",-0.4259699881,0.375
"Theory, inner",-0.3979400098,0.400000006
"Theory, inner",-0.3716099858,0.4250000119
"Theory, inner",-0.3467899859,0.4499999881
"Theory, inner",-0.3233099878,0.474999994
"Theory, inner",-0.30103001,0.5
"Theory, inner",-0.2798399925,0.5249999762
"Theory, inner",-0.2596400082,0.5500000119
"Theory, inner",-0.2403299958,0.5749999881
"Theory, inner",-0.2218499929,0.6000000238
"Theory, inner",-0.2041199952,0.625
"Theory, inner",-0.1870899945,0.6499999762
"Theory, inner",-0.1706999987,0.6750000119
"Theory, inner",-0.1548999995,0.6999999881
"Theory, inner",-0.1396600008,0.7250000238
"Theory, inner",-0.1249400005,0.75
"Theory, inner",-0.1106999964,0.7749999762
"Theory, inner",-0.09690999985,0.8000000119
"Theory, inner",-0.08354599774,0.8249999881
"Theory, inner",-0.07058099657,0.8500000238
"Theory, inner",-0.05799200013,0.875
"Theory, inner",-0.0457569994,0.8999999762
"Theory, inner",-0.03385800123,0.9250000119
"Theory, inner",-0.02227599919,0.9499999881
"Theory, inner",-0.01099499967,0.9750000238
"Theory, inner",1.928699977e-16,1.0
"Theory, inner",0.0107239997,1.024999976
"Theory, inner",0.02118900046,1.049999952
"Theory, inner",0.03140800074,1.075000048
"Theory, inner",0.04139300063,1.100000024
"Theory, inner",0.05115300044,1.125
"Theory, inner",0.06069799885,1.149999976
"Theory, inner",0.07003799826,1.174999952
"Theory, inner",0.07918100059,1.200000048
"Theory, inner",0.08813600242,1.225000024
"Theory, inner",0.09690999985,1.25
"Theory, inner",0.1055099964,1.274999976
"Theory, inner",0.1139400005,1.299999952
"Theory, inner",0.1222200021,1.325000048
"Theory, inner",0.1303299963,1.350000024
"Theory, inner",0.1383000016,1.375
"Theory, inner",0.1461299956,1.399999976
"Theory, inner",0.1538099945,1.424999952
"Theory, inner",0.1613699943,1.450000048
"Theory, inner",0.1687899977,1.475000024
"Theory, inner",0.1760900021,1.5
"Theory, inner",0.1832700074,1.524999976
"Theory, inner",0.1903299987,1.549999952
"Theory, inner",0.1972800046,1.575000048
"Theory, inner",0.2041199952,1.600000024
"Theory, inner",0.2108500004,1.625
"Theory, inner",0.2174800038,1.649999976
"Theory, inner",0.2240100056,1.674999952
"Theory, inner",0.2304500043,1.700000048
"Theory, inner",0.2367900014,1.725000024
"Theory, inner",0.2430399954,1.75
"Theory, inner",0.2492000014,1.774999976
"Theory, inner",0.2552700043,1.799999952
"Theory, inner",0.2612600029,1.825000048
"Theory, inner",0.267170012,1.850000024
"Theory, inner",0.2730000019,1.875
"Theory, inner",0.2787500024,1.899999976
"Theory, inner",0.2844299972,1.924999952
"Theory, inner",0.2900300026,1.950000048
"Theory, inner",0.2955699861,1.975000024
"Theory, inner",0.30103001,2.0
"Theory, inner",0.306430012,2.025000095
"Theory, inner",0.3117499948,2.049999952
"Theory, inner",0.317019999,2.075000048
"Theory, inner",0.3222199976,2.099999905
"Theory, inner",0.3273600042,2.125
"Theory, inner",0.3324399889,2.150000095
"Theory, inner",0.3374600112,2.174999952
"Theory, inner",0.3424200118,2.200000048
"Theory, inner",0.347330004,2.224999905
"Theory, inner",0.3521800041,2.25
"Theory, inner",0.356979996,2.275000095
"Theory, inner",0.3617300093,2.299999952
"Theory, inner",0.3664200008,2.325000048
"Theory, inner",0.3710699975,2.349999905
"Theory, inner",0.3756600022,2.375
"Theory, inner",0.3802100122,2.400000095
"Theory, inner",0.3847100139,2.424999952
"Theory, inner",0.389169991,2.450000048
"Theory, inner",0.3935799897,2.474999905
"Theory, inner",0.3979400098,2.5
"Theory, inner",0.4022600055,2.525000095
"Theory, inner",0.4065400064,2.549999952
"Theory, inner",0.4107800126,2.575000048
"Theory, inner",0.4149700105,2.599999905
"Theory, inner",0.4191299975,2.625
"Theory, inner",0.4232499897,2.650000095
"Theory, inner",0.4273200035,2.674999952
"Theory, inner",0.4313600063,2.700000048
"Theory, inner",0.4353699982,2.724999905
"Theory, inner",0.4393300116,2.75
"Theory, inner",0.4432600141,2.775000095
"Theory, inner",0.4471600056,2.799999952
"Theory, inner",0.4510200024,2.825000048
"Theory, inner",0.4548400044,2.849999905
"Theory, inner",0.4586400092,2.875
"Theory, inner",0.4623999894,2.900000095
"Theory, inner",0.4661299884,2.924999952
"Theory, inner",0.4698199928,2.950000048
"Theory, inner",0.4734899998,2.974999905
"Theory, inner",0.477120012,3.0
"Theory, inner",0.4807299972,3.025000095
"Theory, inner",0.4842999876,3.049999952
"Theory, inner",0.4878500104,3.075000048
"Theory, inner",0.4913600087,3.099999905
"Theory, inner",0.4948500097,3.125
"Theory, inner",0.4983099997,3.150000095
"Theory, inner",0.5017399788,3.174999952
"Theory, inner",0.5051500201,3.200000048
"Theory, inner",0.5085300207,3.224999905
"Theory, inner",0.5118799806,3.25
"Theory, inner",0.5152099729,3.275000095
"Theory, inner",0.518509984,3.299999952
"Theory, inner",0.5217900276,3.325000048
"Theory, inner",0.5250399709,3.349999905
"Theory, inner",0.5282700062,3.375
"Theory, inner",0.5314800143,3.400000095
"Theory, inner",0.5346599817,3.424999952
"Theory, inner",0.5378199816,3.450000048
"Theory, inner",0.5409500003,3.474999905
"Theory, inner",0.5440700054,3.5
"Theory, inner",0.5471600294,3.525000095
"Theory, inner",0.5502300262,3.549999952
"Theory, inner",0.5532799959,3.575000048
"Theory, inner",0.5562999845,3.599999905
"Theory, inner",0.559310019,3.625
"Theory, inner",0.5622900128,3.650000095
"Theory, inner",0.5652599931,3.674999952
"Theory, inner",0.5681999922,3.700000048
"Theory, inner",0.5711299777,3.724999905
"Theory, inner",0.5740299821,3.75
"Theory, inner",0.5769199729,3.775000095
"Theory, inner",0.5797799826,3.799999952
"Theory, inner",0.5826299787,3.825000048
"Theory, inner",0.5854600072,3.849999905
"Theory, inner",0.5882700086,3.875
"Theory, inner",0.5910599828,3.900000095
"Theory, inner",0.593840003,3.924999952
"Theory, inner",0.5965999961,3.950000048
"Theory, inner",0.5993400216,3.974999905
"Theory, inner",0.60206002,4.0
"Theory, inner",0.6047700047,4.025000095
"Theory, inner",0.607460022,4.050000191
"Theory, inner",0.610130012,4.074999809
"Theory, inner",0.6127799749,4.099999905
"Theory, inner",0.6154199839,4.125
"Theory, inner",0.6180499792,4.150000095
"Theory, inner",0.620660007,4.175000191
"Theory, inner",0.6232500076,4.199999809
"Theory, inner",0.6258299947,4.224999905
"Theory, inner",0.6283900142,4.25
"Theory, inner",0.6309400201,4.275000095
"Theory, inner",0.6334699988,4.300000191
"Theory, inner",0.6359900236,4.324999809
"Theory, inner",0.6384900212,4.349999905
"Theory, inner",0.6409800053,4.375
"Theory, inner",0.6434500217,4.400000095
"Theory, inner",0.6459100246,4.425000191
"Theory, inner",0.648360014,4.449999809
"Theory, inner",0.6507899761,4.474999905
"Theory, inner",0.6532099843,4.5
"Theory, inner",0.6556199789,4.525000095
"Theory, inner",0.658010006,4.550000191
"Theory, inner",0.6603900194,4.574999809
"Theory, inner",0.6627600193,4.599999905
"Theory, inner",0.665109992,4.625
"Theory, inner",0.6674500108,4.650000095
"Theory, inner",0.6697800159,4.675000191
"Theory, inner",0.6721000075,4.699999809
"Theory, inner",0.674399972,4.724999905
"Theory, inner",0.6766899824,4.75
"Theory, inner",0.6789699793,4.775000095
"Theory, inner",0.6812400222,4.800000191
"Theory, inner",0.6834999919,4.824999809
"Theory, inner",0.685739994,4.849999905
"Theory, inner",0.6879699826,4.875
"Theory, inner",0.6901999712,4.900000095
"Theory, inner",0.6924099922,4.925000191
"Theory, inner",0.6946099997,4.949999809
"Theory, inner",0.6967899799,4.974999905
"Theory, inner",0.6989700198,5.0
"Theory, inner",0.7011399865,5.025000095
"Theory, inner",0.7032899857,5.050000191
"Theory, inner",0.7054399848,5.074999809
"Theory, inner",0.7075700164,5.099999905
"Theory, inner",0.7096899748,5.125
"Theory, inner",0.7118099928,5.150000095
"Theory, inner",0.7139099836,5.175000191
"Theory, inner",0.7160000205,5.199999809
"Theory, inner",0.7180899978,5.224999905
"Theory, inner",0.7201600075,5.25
"Theory, inner",0.7222200036,5.275000095
"Theory, inner",0.7242799997,5.300000191
"Theory, inner",0.7263200283,5.324999809
"Theory, inner",0.7283499837,5.349999905
"Theory, inner",0.7303799987,5.375
"Theory, inner",0.7323899865,5.400000095
"Theory, inner",0.7343999743,5.425000191
"Theory, inner",0.7364000082,5.449999809
"Theory, inner",0.7383800149,5.474999905
"Theory, inner",0.7403600216,5.5
"Theory, inner",0.7423300147,5.525000095
"Theory, inner",0.7442899942,5.550000191
"Theory, inner",0.7462400198,5.574999809
"Theory, inner",0.7481899858,5.599999905
"Theory, inner",0.7501199841,5.625
"Theory, inner",0.7520499825,5.650000095
"Theory, inner",0.753970027,5.675000191
"Theory, inner",0.7558699846,5.699999809
"Theory, inner",0.7577800155,5.724999905
"Theory, inner",0.7596700191,5.75
"Theory, inner",0.7615500093,5.775000095
"Theory, inner",0.7634299994,5.800000191
"Theory, inner",0.7652999759,5.824999809
"Theory, inner",0.7671599984,5.849999905
"Theory, inner",0.7690100074,5.875
"Theory, inner",0.7708500028,5.900000095
"Theory, inner",0.7726899981,5.925000191
"Theory, inner",0.77451998,5.949999809
"Theory, inner",0.7763400078,5.974999905
"Theory, inner",0.778150022,6.0
"Theory, inner",0.7799599767,6.025000095
"Theory, inner",0.7817599773,6.050000191
"Theory, inner",0.783550024,6.074999809
"Theory, inner",0.7853299975,6.099999905
"Theory, inner",0.787109971,6.125
"Theory, inner",0.7888799906,6.150000095
"Theory, inner",0.7906399965,6.175000191
"Theory, inner",0.7923899889,6.199999809
"Theory, inner",0.7941399813,6.224999905
"Theory, inner",0.7958800197,6.25
"Theory, inner",0.7976099849,6.275000095
"Theory, inner",0.7993400097,6.300000191
"Theory, inner",0.8010600209,6.324999809
"Theory, inner",0.8027700186,6.349999905
"Theory, inner",0.8044800162,6.375
"Theory, inner",0.8061800003,6.400000095
"Theory, inner",0.8078699708,6.425000191
"Theory, inner",0.8095600009,6.449999809
"Theory, inner",0.8112400174,6.474999905
"Theory, inner",0.8129100204,6.5
"Theory, inner",0.8145800233,6.525000095
"Theory, inner",0.8162400126,6.550000191
"Theory, inner",0.817900002,6.574999809
"Theory, inner",0.8195400238,6.599999905
"Theory, inner",0.8211899996,6.625
"Theory, inner",0.8228200078,6.650000095
"Theory, inner",0.824450016,6.675000191
"Theory, inner",0.8260700107,6.699999809
"Theory, inner",0.8276900053,6.724999905
"Theory, inner",0.8292999864,6.75
"Theory, inner",0.830910027,6.775000095
"Theory, inner",0.8325099945,6.800000191
"Theory, inner",0.834100008,6.824999809
"Theory, inner",0.8356900215,6.849999905
"Theory, inner",0.8372700214,6.875
"Theory, inner",0.8388500214,6.900000095
"Theory, inner",0.8404200077,6.925000191
"Theory, inner",0.8419799805,6.949999809
"Theory, inner",0.8435400128,6.974999905
"Theory, inner",0.8450999856,7.0
"Theory, inner",0.8466500044,7.025000095
"Theory, inner",0.8481900096,7.050000191
"Theory, inner",0.8497300148,7.074999809
"Theory, inner",0.8512600064,7.099999905
"Theory, inner",0.8527799845,7.125
"Theory, inner",0.8543099761,7.150000095
"Theory, inner",0.8558200002,7.175000191
"Theory, inner",0.8573300242,7.199999809
"Theory, inner",0.8588399887,7.224999905
"Theory, inner",0.8603399992,7.25
"Theory, inner",0.8618299961,7.275000095
"Theory, inner",0.863319993,7.300000191
"Theory, inner",0.8648099899,7.324999809
"Theory, inner",0.8662899733,7.349999905
"Theory, inner",0.8677600026,7.375
"Theory, inner",0.8692299724,7.400000095
"Theory, inner",0.8707000017,7.425000191
"Theory, inner",0.8721600175,7.449999809
"Theory, inner",0.8736100197,7.474999905
"Theory, inner",0.8750600219,7.5
"Theory, inner",0.8765100241,7.525000095
"Theory, inner",0.8779500127,7.550000191
"Theory, inner",0.8793799877,7.574999809
"Theory, inner",0.8808100224,7.599999905
"Theory, inner",0.8822399974,7.625
"Theory, inner",0.8836600184,7.650000095
"Theory, inner",0.8850799799,7.675000191
"Theory, inner",0.8864899874,7.699999809
"Theory, inner",0.8878999949,7.724999905
"Theory, inner",0.8892999887,7.75
"Theory, inner",0.8906999826,7.775000095
"Theory, inner",0.8920900226,7.800000191
"Theory, inner",0.8934800029,7.824999809
"Theory, inner",0.8948699832,7.849999905
"Theory, inner",0.8962500095,7.875
"Theory, inner",0.8976299763,7.900000095
"Theory, inner",0.898999989,7.925000191
"Theory, inner",0.9003700018,7.949999809
"Theory, inner",0.901730001,7.974999905
"Theory, inner",0.9030900002,8.0
"Theory, inner",0.9044499993,8.024999619
"Theory, inner",0.9057999849,8.050000191
"Theory, inner",0.9071400166,8.074999809
"Theory, inner",0.9084900022,8.100000381
"Theory, inner",0.9098200202,8.125
"Theory, inner",0.9111599922,8.149999619
"Theory, inner",0.9124900103,8.175000191
"Theory, inner",0.9138100147,8.199999809
"Theory, inner",0.9151399732,8.225000381
"Theory, inner",0.9164500237,8.25
"Theory, inner",0.9177700281,8.274999619
"Theory, inner",0.919080019,8.300000191
"Theory, inner",0.9203799963,8.324999809
"Theory, inner",0.9216899872,8.350000381
"Theory, inner",0.9229800105,8.375
"Theory, inner",0.9242799878,8.399999619
"Theory, inner",0.9255700111,8.425000191
"Theory, inner",0.9268599749,8.449999809
"Theory, inner",0.9281399846,8.475000381
"Theory, inner",0.9294199944,8.5
"Theory, inner",0.9306899905,8.524999619
"Theory, inner",0.9319700003,8.550000191
"Theory, inner",0.9332299829,8.574999809
"Theory, inner",0.934499979,8.600000381
"Theory, inner",0.9357600212,8.625
"Theory, inner",0.9370200038,8.649999619
"Theory, inner",0.9382699728,8.675000191
"Theory, inner",0.9395200014,8.699999809
"Theory, inner",0.9407699704,8.725000381
"Theory, inner",0.9420099854,8.75
"Theory, inner",0.9432500005,8.774999619
"Theory, inner",0.9444800019,8.800000191
"Theory, inner",0.9457100034,8.824999809
"Theory, inner",0.9469400048,8.850000381
"Theory, inner",0.9481700063,8.875
"Theory, inner",0.9493899941,8.899999619
"Theory, inner",0.950609982,8.925000191
"Theory, inner",0.9518200159,8.949999809
"Theory, inner",0.9530299902,8.975000381
"Theory, inner",0.9542400241,9.0
"Theory, inner",0.9554499984,9.024999619
"Theory, inner",0.9566500187,9.050000191
"Theory, inner",0.9578499794,9.074999809
"Theory, inner",0.9590399861,9.100000381
"Theory, inner",0.9602299929,9.125
"Theory, inner",0.9614199996,9.149999619
"Theory, inner",0.9626100063,9.175000191
"Theory, inner",0.9637899995,9.199999809
"Theory, inner",0.9649699926,9.225000381
"Theory, inner",0.9661399722,9.25
"Theory, inner",0.9673100114,9.274999619
"Theory, inner",0.968479991,9.300000191
"Theory, inner",0.9696499705,9.324999809
"Theory, inner",0.9708099961,9.350000381
"Theory, inner",0.9719700217,9.375
"Theory, inner",0.9731299877,9.399999619
"Theory, inner",0.9742799997,9.425000191
"Theory, inner",0.9754300117,9.449999809
"Theory, inner",0.9765800238,9.475000381
"Theory, inner",0.9777200222,9.5
"Theory, inner",0.9788600206,9.524999619
"Theory, inner",0.9800000191,9.550000191
"Theory, inner",0.9811400175,9.574999809
"Theory, inner",0.9822700024,9.600000381
"Theory, inner",0.9833999872,9.625
"Theory, inner",0.9845299721,9.649999619
"Theory, inner",0.985650003,9.675000191
"Theory, inner",0.9867699742,9.699999809
"Theory, inner",0.9878900051,9.725000381
"Theory, inner",0.9890000224,9.75
"Theory, inner",0.9901199937,9.774999619
"Theory, inner",0.991230011,9.800000191
"Theory, inner",0.9923300147,9.824999809
"Theory, inner",0.9934399724,9.850000381
"Theory, inner",0.9945399761,9.875
"Theory, inner",0.9956399798,9.899999619
"Theory, inner",0.9967300296,9.925000191
"Theory, inner",0.9978200197,9.949999809
"Theory, inner",0.9989100099,9.975000381
"Theory, inner",1.0,10.0
"Theory, inner",1.001099944,10.02499962
"Theory, inner",1.002200007,10.05000019
"Theory, inner",1.003200054,10.07499981
"Theory, inner",1.004299998,10.10000038
"Theory, inner",1.005399942,10.125
"Theory, inner",1.006500006,10.14999962
"Theory, inner",1.007500052,10.17500019
"Theory, inner",1.008599997,10.19999981
"Theory, inner",1.009699941,10.22500038
"Theory, inner",1.010699987,10.25
"Theory, inner",1.011800051,10.27499962
"Theory, inner",1.012799978,10.30000019
"Theory, inner",1.013900042,10.32499981
"Theory, inner",1.014899969,10.35000038
"Theory, inner",1.016000032,10.375
"Theory, inner",1.01699996,10.39999962
"Theory, inner",1.018100023,10.42500019
"Theory, inner",1.019099951,10.44999981
"Theory, inner",1.020200014,10.47500038
"Theory, inner",1.021199942,10.5
"Theory, inner",1.022199988,10.52499962
"Theory, inner",1.023300052,10.55000019
"Theory, inner",1.024299979,10.57499981
"Theory, inner",1.025300026,10.60000038
"Theory, inner",1.026299953,10.625
"Theory, inner",1.0273,10.64999962
"Theory, inner",1.028399944,10.67500019
"Theory, inner",1.029399991,10.69999981
"Theory, inner",1.030400038,10.72500038
"Theory, inner",1.031399965,10.75
"Theory, inner",1.032400012,10.77499962
"Theory, inner",1.033400059,10.80000019
"Theory, inner",1.034399986,10.82499981
"Theory, inner",1.035400033,10.85000038
"Theory, inner",1.036399961,10.875
"Theory, inner",1.037400007,10.89999962
"Theory, inner",1.038400054,10.92500019
"Theory, inner",1.039399981,10.94999981
"Theory, inner",1.040400028,10.97500038
"Theory, inner",1.041399956,11.0
"Theory, inner",1.042400002,11.02499962
"Theory, inner",1.043400049,11.05000019
"Theory, inner",1.04429996,11.07499981
"Theory, inner",1.045300007,11.10000038
"Theory, inner",1.046300054,11.125
"Theory, inner",1.047299981,11.14999962
"Theory, inner",1.048200011,11.17500019
"Theory, inner",1.049200058,11.19999981
"Theory, inner",1.050199986,11.22500038
"Theory, inner",1.051200032,11.25
"Theory, inner",1.052099943,11.27499962
"Theory, inner",1.05309999,11.30000019
"Theory, inner",1.05400002,11.32499981
"Theory, inner",1.054999948,11.35000038
"Theory, inner",1.055999994,11.375
"Theory, inner",1.056900024,11.39999962
"Theory, inner",1.057899952,11.42500019
"Theory, inner",1.058799982,11.44999981
"Theory, inner",1.059800029,11.47500038
"Theory, inner",1.060700059,11.5
"Theory, inner",1.06159997,11.52499962
"Theory, inner",1.062600017,11.55000019
"Theory, inner",1.063500047,11.57499981
"Theory, inner",1.064499974,11.60000038
"Theory, inner",1.065400004,11.625
"Theory, inner",1.066300035,11.64999962
"Theory, inner",1.067299962,11.67500019
"Theory, inner",1.068199992,11.69999981
"Theory, inner",1.069100022,11.72500038
"Theory, inner",1.070000052,11.75
"Theory, inner",1.07099998,11.77499962
"Theory, inner",1.07190001,11.80000019
"Theory, inner",1.07280004,11.82499981
"Theory, inner",1.073699951,11.85000038
"Theory, inner",1.074599981,11.875
"Theory, inner",1.075500011,11.89999962
"Theory, inner",1.076500058,11.92500019
"Theory, inner",1.077399969,11.94999981
"Theory, inner",1.078299999,11.97500038
"Theory, inner",1.079200029,12.0
"Theory, inner",1.08010006,12.02499962
"Theory, inner",1.08099997,12.05000019
"Theory, inner",1.081900001,12.07499981
"Theory, inner",1.082800031,12.10000038
"Theory, inner",1.083699942,12.125
"Theory, inner",1.084599972,12.14999962
"Theory, inner",1.085500002,12.17500019
"Theory, inner",1.086400032,12.19999981
"Theory, inner",1.087200046,12.22500038
"Theory, inner",1.088099957,12.25
"Theory, inner",1.088999987,12.27499962
"Theory, inner",1.089900017,12.30000019
"Theory, inner",1.090800047,12.32499981
"Theory, inner",1.091699958,12.35000038
"Theory, inner",1.092499971,12.375
"Theory, inner",1.093400002,12.39999962
"Theory, inner",1.094300032,12.42500019
"Theory, inner",1.095199943,12.44999981
"Theory, inner",1.095999956,12.47500038
"Theory, inner",1.096899986,12.5
"Theory, inner",1.097800016,12.52499962
"Theory, inner",1.09860003,12.55000019
"Theory, inner",1.099499941,12.57499981
"Theory, inner",1.100399971,12.60000038
"Theory, inner",1.101199985,12.625
"Theory, inner",1.102100015,12.64999962
"Theory, inner",1.102900028,12.67500019
"Theory, inner",1.103800058,12.69999981
"Theory, inner",1.104699969,12.72500038
"Theory, inner",1.105499983,12.75
"Theory, inner",1.106400013,12.77499962
"Theory, inner",1.107200027,12.80000019
"Theory, inner",1.108100057,12.82499981
"Theory, inner",1.108899951,12.85000038
"Theory, inner",1.109699965,12.875
"Theory, inner",1.110599995,12.89999962
"Theory, inner",1.111400008,12.92500019
"Theory, inner",1.112300038,12.94999981
"Theory, inner",1.113100052,12.97500038
"Theory, inner",1.113899946,13.0
"Theory, inner",1.114799976,13.02499962
"Theory, inner",1.11559999,13.05000019
"Theory, inner",1.116400003,13.07499981
"Theory, inner",1.117300034,13.10000038
"Theory, inner",1.118100047,13.125
"Theory, inner",1.118899941,13.14999962
"Theory, inner",1.119799972,13.17500019
"Theory, inner",1.120599985,13.19999981
"Theory, inner",1.121399999,13.22500038
"Theory, inner",1.122200012,13.25
"Theory, inner",1.123000026,13.27499962
"Theory, inner",1.123900056,13.30000019
"Theory, inner",1.12469995,13.32499981
"Theory, inner",1.125499964,13.35000038
"Theory, inner",1.126299977,13.375
"Theory, inner",1.127099991,13.39999962
"Theory, inner",1.127900004,13.42500019
"Theory, inner",1.128700018,13.44999981
"Theory, inner",1.129500031,13.47500038
"Theory, inner",1.130300045,13.5
"Theory, inner",1.131100059,13.52499962
"Theory, inner",1.131899953,13.55000019
"Theory, inner",1.132699966,13.57499981
"Theory, inner",1.13349998,13.60000038
"Theory, inner",1.134299994,13.625
"Theory, inner",1.135100007,13.64999962
"Theory, inner",1.135900021,13.67500019
"Theory, inner",1.136700034,13.69999981
"Theory, inner",1.137500048,13.72500038
"Theory, inner",1.138299942,13.75
"Theory, inner",1.139099956,13.77499962
"Theory, inner",1.139899969,13.80000019
"Theory, inner",1.140699983,13.82499981
"Theory, inner",1.14139998,13.85000038
"Theory, inner",1.142199993,13.875
"Theory, inner",1.143000007,13.89999962
"Theory, inner",1.14380002,13.92500019
"Theory, inner",1.144600034,13.94999981
"Theory, inner",1.145400047,13.97500038
"Theory, inner",1.146100044,14.0
"Theory, inner",1.146900058,14.02499962
"Theory, inner",1.147699952,14.05000019
"Theory, inner",1.148399949,14.07499981
"Theory, inner",1.149199963,14.10000038
"Theory, inner",1.149999976,14.125
"Theory, inner",1.15079999,14.14999962
"Theory, inner",1.151499987,14.17500019
"Theory, inner",1.1523,14.19999981
"Theory, inner",1.153100014,14.22500038
"Theory, inner",1.153800011,14.25
"Theory, inner",1.154600024,14.27499962
"Theory, inner",1.155300021,14.30000019
"Theory, inner",1.156100035,14.32499981
"Theory, inner",1.156900048,14.35000038
"Theory, inner",1.157600045,14.375
"Theory, inner",1.158400059,14.39999962
"Theory, inner",1.159100056,14.42500019
"Theory, inner",1.15989995,14.44999981
"Theory, inner",1.160599947,14.47500038
"Theory, inner",1.161399961,14.5
"Theory, inner",1.162099957,14.52499962
"Theory, inner",1.162899971,14.55000019
"Theory, inner",1.163599968,14.57499981
"Theory, inner",1.164399981,14.60000038
"Theory, inner",1.165099978,14.625
"Theory, inner",1.165799975,14.64999962
"Theory, inner",1.166599989,14.67500019
"Theory, inner",1.167299986,14.69999981
"Theory, inner",1.168099999,14.72500038
"Theory, inner",1.168799996,14.75
"Theory, inner",1.169499993,14.77499962
"Theory, inner",1.170300007,14.80000019
"Theory, inner",1.171000004,14.82499981
"Theory, inner",1.171700001,14.85000038
"Theory, inner",1.172500014,14.875
"Theory, inner",1.173200011,14.89999962
"Theory, inner",1.173900008,14.92500019
"Theory, inner",1.174600005,14.94999981
"Theory, inner",1.175400019,14.97500038
"Theory, inner",1.176100016,15.0
"Theory, inner",1.176800013,15.02499962
"Theory, inner",1.17750001,15.05000019
"Theory, inner",1.178300023,15.07499981
"Theory, inner",1.17900002,15.10000038
"Theory, inner",1.179700017,15.125
"Theory, inner",1.180400014,15.14999962
"Theory, inner",1.181100011,15.17500019
"Theory, inner",1.181800008,15.19999981
"Theory, inner",1.182600021,15.22500038
"Theory, inner",1.183300018,15.25
"Theory, inner",1.184000015,15.27499962
"Theory, inner",1.184700012,15.30000019
"Theory, inner",1.185400009,15.32499981
"Theory, inner",1.186100006,15.35000038
"Theory, inner",1.186800003,15.375
"Theory, inner",1.1875,15.39999962
"Theory, inner",1.188199997,15.42500019
"Theory, inner",1.188899994,15.44999981
"Theory, inner",1.189599991,15.47500038
"Theory, inner",1.190299988,15.5
"Theory, inner",1.190999985,15.52499962
"Theory, inner",1.191699982,15.55000019
"Theory, inner",1.192399979,15.57499981
"Theory, inner",1.193099976,15.60000038
"Theory, inner",1.193799973,15.625
"Theory, inner",1.194499969,15.64999962
"Theory, inner",1.195199966,15.67500019
"Theory, inner",1.195899963,15.69999981
"Theory, inner",1.19659996,15.72500038
"Theory, inner",1.197299957,15.75
"Theory, inner",1.197999954,15.77499962
"Theory, inner",1.198699951,15.80000019
"Theory, inner",1.199300051,15.82499981
"Theory, inner",1.200000048,15.85000038
"Theory, inner",1.200700045,15.875
"Theory, inner",1.201400042,15.89999962
"Theory, inner",1.202100039,15.92500019
"Theory, inner",1.202800035,15.94999981
"Theory, inner",1.203400016,15.97500038
"Theory, inner",1.204100013,16.0
"Theory, inner",1.20480001,16.02499962
"Theory, inner",1.205500007,16.04999924
"Theory, inner",1.206200004,16.07500076
"Theory, inner",1.206799984,16.10000038
"Theory, inner",1.207499981,16.125
"Theory, inner",1.208199978,16.14999962
"Theory, inner",1.208799958,16.17499924
"Theory, inner",1.209499955,16.20000076
"Theory, inner",1.210199952,16.22500038
"Theory, inner",1.210899949,16.25
"Theory, inner",1.211500049,16.27499962
"Theory, inner",1.212200046,16.29999924
"Theory, inner",1.212900043,16.32500076
"Theory, inner",1.213500023,16.35000038
"Theory, inner",1.21420002,16.375
"Theory, inner",1.2148,16.39999962
"Theory, inner",1.215499997,16.42499924
"Theory, inner",1.216199994,16.45000076
"Theory, inner",1.216799974,16.47500038
"Theory, inner",1.217499971,16.5
"Theory, inner",1.218099952,16.52499962
"Theory, inner",1.218799949,16.54999924
"Theory, inner",1.219499946,16.57500076
"Theory, inner",1.220100045,16.60000038
"Theory, inner",1.220800042,16.625
"Theory, inner",1.221400023,16.64999962
"Theory, inner",1.222100019,16.67499924
"Theory, inner",1.2227,16.70000076
"Theory, inner",1.223399997,16.72500038
"Theory, inner",1.223999977,16.75
"Theory, inner",1.224699974,16.77499962
"Theory, inner",1.225299954,16.79999924
"Theory, inner",1.225999951,16.82500076
"Theory, inner",1.226600051,16.85000038
"Theory, inner",1.227200031,16.875
"Theory, inner",1.227900028,16.89999962
"Theory, inner",1.228500009,16.92499924
"Theory, inner",1.229200006,16.95000076
"Theory, inner",1.229799986,16.97500038
"Theory, inner",1.230399966,17.0
"Theory, inner",1.231099963,17.02499962
"Theory, inner",1.231699944,17.04999924
"Theory, inner",1.23239994,17.07500076
"Theory, inner",1.23300004,17.10000038
"Theory, inner",1.23360002,17.125
"Theory, inner",1.234300017,17.14999962
"Theory, inner",1.234899998,17.17499924
"Theory, inner",1.235499978,17.20000076
"Theory, inner",1.236199975,17.22500038
"Theory, inner",1.236799955,17.25
"Theory, inner",1.237400055,17.27499962
"Theory, inner",1.238000035,17.29999924
"Theory, inner",1.238700032,17.32500076
"Theory, inner",1.239300013,17.35000038
"Theory, inner",1.239899993,17.375
"Theory, inner",1.240499973,17.39999962
"Theory, inner",1.24119997,17.42499924
"Theory, inner",1.241799951,17.45000076
"Theory, inner",1.24240005,17.47500038
"Theory, inner",1.243000031,17.5
"Theory, inner",1.243700027,17.52499962
"Theory, inner",1.244300008,17.54999924
"Theory, inner",1.244899988,17.57500076
"Theory, inner",1.245499969,17.60000038
"Theory, inner",1.246099949,17.625
"Theory, inner",1.246700048,17.64999962
"Theory, inner",1.247400045,17.67499924
"Theory, inner",1.248000026,17.70000076
"Theory, inner",1.248600006,17.72500038
"Theory, inner",1.249199986,17.75
"Theory, inner",1.249799967,17.77499962
"Theory, inner",1.250399947,17.79999924
"Theory, inner",1.251000047,17.82500076
"Theory, inner",1.251600027,17.85000038
"Theory, inner",1.252200007,17.875
"Theory, inner",1.252900004,17.89999962
"Theory, inner",1.253499985,17.92499924
"Theory, inner",1.254099965,17.95000076
"Theory, inner",1.254699945,17.97500038
"Theory, inner",1.255300045,18.0
"Theory, inner",1.255900025,18.02499962
"Theory, inner",1.256500006,18.04999924
"Theory, inner",1.257099986,18.07500076
"Theory, inner",1.257699966,18.10000038
"Theory, inner",1.258299947,18.125
"Theory, inner",1.258900046,18.14999962
"Theory, inner",1.259500027,18.17499924
"Theory, inner",1.260100007,18.20000076
"Theory, inner",1.260699987,18.22500038
"Theory, inner",1.261299968,18.25
"Theory, inner",1.261899948,18.27499962
"Theory, inner",1.262500048,18.29999924
"Theory, inner",1.263000011,18.32500076
"Theory, inner",1.263599992,18.35000038
"Theory, inner",1.264199972,18.375
"Theory, inner",1.264799953,18.39999962
"Theory, inner",1.265400052,18.42499924
"Theory, inner",1.266000032,18.45000076
"Theory, inner",1.266600013,18.47500038
"Theory, inner",1.267199993,18.5
"Theory, inner",1.267799973,18.52499962
"Theory, inner",1.268300056,18.54999924
"Theory, inner",1.268900037,18.57500076
"Theory, inner",1.269500017,18.60000038
"Theory, inner",1.270099998,18.625
"Theory, inner",1.270699978,18.64999962
"Theory, inner",1.271299958,18.67499924
"Theory, inner",1.271800041,18.70000076
"Theory, inner",1.272400022,18.72500038
"Theory, inner",1.273000002,18.75
"Theory, inner",1.273599982,18.77499962
"Theory, inner",1.274199963,18.79999924
"Theory, inner",1.274700046,18.82500076
"Theory, inner",1.275300026,18.85000038
"Theory, inner",1.275900006,18.875
"Theory, inner",1.276499987,18.89999962
"Theory, inner",1.27699995,18.92499924
"Theory, inner",1.27760005,18.95000076
"Theory, inner",1.27820003,18.97500038
"Theory, inner",1.278800011,19.0
"Theory, inner",1.279299974,19.02499962
"Theory, inner",1.279899955,19.04999924
"Theory, inner",1.280500054,19.07500076
"Theory, inner",1.281000018,19.10000038
"Theory, inner",1.281599998,19.125
"Theory, inner",1.282199979,19.14999962
"Theory, inner",1.282699943,19.17499924
"Theory, inner",1.283300042,19.20000076
"Theory, inner",1.283900023,19.22500038
"Theory, inner",1.284399986,19.25
"Theory, inner",1.284999967,19.27499962
"Theory, inner",1.285599947,19.29999924
"Theory, inner",1.28610003,19.32500076
"Theory, inner",1.28670001,19.35000038
"Theory, inner",1.287199974,19.375
"Theory, inner",1.287799954,19.39999962
"Theory, inner",1.288400054,19.42499924
"Theory, inner",1.288900018,19.45000076
"Theory, inner",1.289499998,19.47500038
"Theory, inner",1.289999962,19.5
"Theory, inner",1.290599942,19.52499962
"Theory, inner",1.291100025,19.54999924
"Theory, inner",1.291700006,19.57500076
"Theory, inner",1.292299986,19.60000038
"Theory, inner",1.29279995,19.625
"Theory, inner",1.293400049,19.64999962
"Theory, inner",1.293900013,19.67499924
"Theory, inner",1.294499993,19.70000076
"Theory, inner",1.294999957,19.72500038
"Theory, inner",1.295600057,19.75
"Theory, inner",1.29610002,19.77499962
"Theory, inner",1.296700001,19.79999924
"Theory, inner",1.297199965,19.82500076
"Theory, inner",1.297799945,19.85000038
"Theory, inner",1.298300028,19.875
"Theory, inner",1.298900008,19.89999962
"Theory, inner",1.299399972,19.92499924
"Theory, inner",1.299900055,19.95000076
"Theory, inner",1.300500035,19.97500038
"Theory, inner",1.300999999,20.0
"Theory, inner",1.301599979,20.02499962
"Theory, inner",1.302099943,20.04999924
"Theory, inner",1.302700043,20.07500076
"Theory, inner",1.303200006,20.10000038
"Theory, inner",1.30369997,20.125
"Theory, inner",1.304299951,20.14999962
"Theory, inner",1.304800034,20.17499924
"Theory, inner",1.305400014,20.20000076
"Theory, inner",1.305899978,20.22500038
"Theory, inner",1.306399941,20.25
"Theory, inner",1.307000041,20.27499962
"Theory, inner",1.307500005,20.29999924
"Theory, inner",1.307999969,20.32500076
"Theory, inner",1.308599949,20.35000038
"Theory, inner",1.309100032,20.375
"Theory, inner",1.309599996,20.39999962
"Theory, inner",1.310199976,20.42499924
"Theory, inner",1.310700059,20.45000076
"Theory, inner",1.311200023,20.47500038
"Theory, inner",1.311800003,20.5
"Theory, inner",1.312299967,20.52499962
"Theory, inner",1.31280005,20.54999924
"Theory, inner",1.313300014,20.57500076
"Theory, inner",1.313899994,20.60000038
"Theory, inner",1.314399958,20.625
"Theory, inner",1.314900041,20.64999962
"Theory, inner",1.315400004,20.67499924
"Theory, inner",1.315999985,20.70000076
"Theory, inner",1.316499949,20.72500038
"Theory, inner",1.317000031,20.75
"Theory, inner",1.317499995,20.77499962
"Theory, inner",1.318099976,20.79999924
"Theory, inner",1.318600059,20.82500076
"Theory, inner",1.319100022,20.85000038
"Theory, inner",1.319599986,20.875
"Theory, inner",1.32009995,20.89999962
"Theory, inner",1.320700049,20.92499924
"Theory, inner",1.321200013,20.95000076
"Theory, inner",1.321699977,20.97500038
"Theory, inner",1.322199941,21.0
"Theory, inner",1.322700024,21.02499962
"Theory, inner",1.323300004,21.04999924
"Theory, inner",1.323799968,21.07500076
"Theory, inner",1.324300051,21.10000038
"Theory, inner",1.324800014,21.125
"Theory, inner",1.325299978,21.14999962
"Theory, inner",1.325799942,21.17499924
"Theory, inner",1.326300025,21.20000076
"Theory, inner",1.326799989,21.22500038
"Theory, inner",1.327399969,21.25
"Theory, inner",1.327900052,21.27499962
"Theory, inner",1.328400016,21.29999924
"Theory, inner",1.32889998,21.32500076
"Theory, inner",1.329399943,21.35000038
"Theory, inner",1.329900026,21.375
"Theory, inner",1.33039999,21.39999962
"Theory, inner",1.330899954,21.42499924
"Theory, inner",1.331400037,21.45000076
"Theory, inner",1.331900001,21.47500038
"Theory, inner",1.332399964,21.5
"Theory, inner",1.332900047,21.52499962
"Theory, inner",1.333400011,21.54999924
"Theory, inner",1.333999991,21.57500076
"Theory, inner",1.334499955,21.60000038
"Theory, inner",1.335000038,21.625
"Theory, inner",1.335500002,21.64999962
"Theory, inner",1.335999966,21.67499924
"Theory, inner",1.336500049,21.70000076
"Theory, inner",1.337000012,21.72500038
"Theory, inner",1.337499976,21.75
"Theory, inner",1.338000059,21.77499962
"Theory, inner",1.338500023,21.79999924
"Theory, inner",1.338999987,21.82500076
"Theory, inner",1.33949995,21.85000038
"Theory, inner",1.339900017,21.875
"Theory, inner",1.340399981,21.89999962
"Theory, inner",1.340899944,21.92499924
"Theory, inner",1.341400027,21.95000076
"Theory, inner",1.341899991,21.97500038
"Theory, inner",1.342399955,22.0
"Theory, inner",1.342900038,22.02499962
"Theory, inner",1.343400002,22.04999924
"Theory, inner",1.343899965,22.07500076
"Theory, inner",1.344400048,22.10000038
"Theory, inner",1.344900012,22.125
"Theory, inner",1.345399976,22.14999962
"Theory, inner",1.345900059,22.17499924
"Theory, inner",1.346400023,22.20000076
"Theory, inner",1.34679997,22.22500038
"Theory, inner",1.347300053,22.25
"Theory, inner",1.347800016,22.27499962
"Theory, inner",1.34829998,22.29999924
"Theory, inner",1.348799944,22.32500076
"Theory, inner",1.349300027,22.35000038
"Theory, inner",1.349799991,22.375
"Theory, inner",1.350200057,22.39999962
"Theory, inner",1.350700021,22.42499924
"Theory, inner",1.351199985,22.45000076
"Theory, inner",1.351699948,22.47500038
"Theory, inner",1.352200031,22.5
"Theory, inner",1.352699995,22.52499962
"Theory, inner",1.353099942,22.54999924
"Theory, inner",1.353600025,22.57500076
"Theory, inner",1.354099989,22.60000038
"Theory, inner",1.354599953,22.625
"Theory, inner",1.355100036,22.64999962
"Theory, inner",1.355499983,22.67499924
"Theory, inner",1.355999947,22.70000076
"Theory, inner",1.35650003,22.72500038
"Theory, inner",1.356999993,22.75
"Theory, inner",1.357499957,22.77499962
"Theory, inner",1.357900023,22.79999924
"Theory, inner",1.358399987,22.82500076
"Theory, inner",1.358899951,22.85000038
"Theory, inner",1.359400034,22.875
"Theory, inner",1.359799981,22.89999962
"Theory, inner",1.360299945,22.92499924
"Theory, inner",1.360800028,22.95000076
"Theory, inner",1.361299992,22.97500038
"Theory, inner",1.361700058,23.0
"Theory, inner",1.362200022,23.02499962
"Theory, inner",1.362699986,23.04999924
"Theory, inner",1.363100052,23.07500076
"Theory, inner",1.363600016,23.10000038
"Theory, inner",1.364099979,23.125
"Theory, inner",1.364599943,23.14999962
"Theory, inner",1.36500001,23.17499924
"Theory, inner",1.365499973,23.20000076
"Theory, inner",1.366000056,23.22500038
"Theory, inner",1.366400003,23.25
"Theory, inner",1.366899967,23.27499962
"Theory, inner",1.36740005,23.29999924
"Theory, inner",1.367799997,23.32500076
"Theory, inner",1.368299961,23.35000038
"Theory, inner",1.368800044,23.375
"Theory, inner",1.369199991,23.39999962
"Theory, inner",1.369699955,23.42499924
"Theory, inner",1.370100021,23.45000076
"Theory, inner",1.370599985,23.47500038
"Theory, inner",1.371099949,23.5
"Theory, inner",1.371500015,23.52499962
"Theory, inner",1.371999979,23.54999924
"Theory, inner",1.372499943,23.57500076
"Theory, inner",1.372900009,23.60000038
"Theory, inner",1.373399973,23.625
"Theory, inner",1.373800039,23.64999962
"Theory, inner",1.374300003,23.67499924
"Theory, inner",1.37469995,23.70000076
"Theory, inner",1.375200033,23.72500038
"Theory, inner",1.375699997,23.75
"Theory, inner",1.376099944,23.77499962
"Theory, inner",1.376600027,23.79999924
"Theory, inner",1.376999974,23.82500076
"Theory, inner",1.377500057,23.85000038
"Theory, inner",1.377900004,23.875
"Theory, inner",1.378399968,23.89999962
"Theory, inner",1.378900051,23.92499924
"Theory, inner",1.379299998,23.95000076
"Theory, inner",1.379799962,23.97500038
"Theory, inner",1.380200028,24.0
"Theory, inner",1.380699992,24.02499962
"Theory, inner",1.381100059,24.04999924
"Theory, inner",1.381600022,24.07500076
"Theory, inner",1.381999969,24.10000038
"Theory, inner",1.382500052,24.125
"Theory, inner",1.3829,24.14999962
"Theory, inner",1.383399963,24.17499924
"Theory, inner",1.38380003,24.20000076
"Theory, inner",1.384299994,24.22500038
"Theory, inner",1.384699941,24.25
"Theory, inner",1.385200024,24.27499962
"Theory, inner",1.385599971,24.29999924
"Theory, inner",1.386100054,24.32500076
"Theory, inner",1.386500001,24.35000038
"Theory, inner",1.386899948,24.375
"Theory, inner",1.387400031,24.39999962
"Theory, inner",1.387799978,24.42499924
"Theory, inner",1.388299942,24.45000076
"Theory, inner",1.388700008,24.47500038
"Theory, inner",1.389199972,24.5
"Theory, inner",1.389600039,24.52499962
"Theory, inner",1.390100002,24.54999924
"Theory, inner",1.390499949,24.57500076
"Theory, inner",1.390900016,24.60000038
"Theory, inner",1.39139998,24.625
"Theory, inner",1.391800046,24.64999962
"Theory, inner",1.39230001,24.67499924
"Theory, inner",1.392699957,24.70000076
"Theory, inner",1.393100023,24.72500038
"Theory, inner",1.393599987,24.75
"Theory, inner",1.394000053,24.77499962
"Theory, inner",1.394500017,24.79999924
"Theory, inner",1.394899964,24.82500076
"Theory, inner",1.395300031,24.85000038
"Theory, inner",1.395799994,24.875
"Theory, inner",1.396199942,24.89999962
"Theory, inner",1.396600008,24.92499924
"Theory, inner",1.397099972,24.95000076
"Theory, inner",1.397500038,24.97500038
"Theory, inner",1.397899985,25.0
"Theory, inner",1.398399949,25.02499962
"Theory, inner",1.398800015,25.04999924
"Theory, inner",1.399199963,25.07500076
"Theory, inner",1.399700046,25.10000038
"Theory, inner",1.400099993,25.125
"Theory, inner",1.400500059,25.14999962
"Theory, inner",1.401000023,25.17499924
"Theory, inner",1.40139997,25.20000076
"Theory, inner",1.401800036,25.22500038
"Theory, inner",1.4023,25.25
"Theory, inner",1.402699947,25.27499962
"Theory, inner",1.403100014,25.29999924
"Theory, inner",1.403499961,25.32500076
"Theory, inner",1.404000044,25.35000038
"Theory, inner",1.404399991,25.375
"Theory, inner",1.404800057,25.39999962
"Theory, inner",1.405300021,25.42499924
"Theory, inner",1.405699968,25.45000076
"Theory, inner",1.406100035,25.47500038
"Theory, inner",1.406499982,25.5
"Theory, inner",1.406999946,25.52499962
"Theory, inner",1.407400012,25.54999924
"Theory, inner",1.407799959,25.57500076
"Theory, inner",1.408200026,25.60000038
"Theory, inner",1.408699989,25.625
"Theory, inner",1.409100056,25.64999962
"Theory, inner",1.409500003,25.67499924
"Theory, inner",1.40989995,25.70000076
"Theory, inner",1.410400033,25.72500038
"Theory, inner",1.41079998,25.75
"Theory, inner",1.411200047,25.77499962
"Theory, inner",1.411599994,25.79999924
"Theory, inner",1.411999941,25.82500076
"Theory, inner",1.412500024,25.85000038
"Theory, inner",1.412899971,25.875
"Theory, inner",1.413300037,25.89999962
"Theory, inner",1.413699985,25.92499924
"Theory, inner",1.414100051,25.95000076
"Theory, inner",1.414600015,25.97500038
"Theory, inner",1.414999962,26.0
"Theory, inner",1.415400028,26.02499962
"Theory, inner",1.415799975,26.04999924
"Theory, inner",1.416200042,26.07500076
"Theory, inner",1.416599989,26.10000038
"Theory, inner",1.417099953,26.125
"Theory, inner",1.417500019,26.14999962
"Theory, inner",1.417899966,26.17499924
"Theory, inner",1.418300033,26.20000076
"Theory, inner",1.41869998,26.22500038
"Theory, inner",1.419100046,26.25
"Theory, inner",1.419499993,26.27499962
"Theory, inner",1.419999957,26.29999924
"Theory, inner",1.420400023,26.32500076
"Theory, inner",1.420799971,26.35000038
"Theory, inner",1.421200037,26.375
"Theory, inner",1.421599984,26.39999962
"Theory, inner",1.422000051,26.42499924
"Theory, inner",1.422399998,26.45000076
"Theory, inner",1.422799945,26.47500038
"Theory, inner",1.423200011,26.5
"Theory, inner",1.423699975,26.52499962
"Theory, inner",1.424100041,26.54999924
"Theory, inner",1.424499989,26.57500076
"Theory, inner",1.424900055,26.60000038
"Theory, inner",1.425300002,26.625
"Theory, inner",1.425699949,26.64999962
"Theory, inner",1.426100016,26.67499924
"Theory, inner",1.426499963,26.70000076
"Theory, inner",1.426900029,26.72500038
"Theory, inner",1.427299976,26.75
"Theory, inner",1.427700043,26.77499962
"Theory, inner",1.42809999,26.79999924
"Theory, inner",1.428500056,26.82500076
"Theory, inner",1.428900003,26.85000038
"Theory, inner",1.429299951,26.875
"Theory, inner",1.429800034,26.89999962
"Theory, inner",1.430199981,26.92499924
"Theory, inner",1.430600047,26.95000076
"Theory, inner",1.430999994,26.97500038
"Theory, inner",1.431399941,27.0
"Theory, inner",1.431800008,27.02499962
"Theory, inner",1.432199955,27.04999924
"Theory, inner",1.432600021,27.07500076
"Theory, inner",1.432999969,27.10000038
"Theory, inner",1.433400035,27.125
"Theory, inner",1.433799982,27.14999962
"Theory, inner",1.434200048,27.17499924
"Theory, inner",1.434599996,27.20000076
"Theory, inner",1.434999943,27.22500038
"Theory, inner",1.435400009,27.25
"Theory, inner",1.435799956,27.27499962
"Theory, inner",1.436200023,27.29999924
"Theory, inner",1.43659997,27.32500076
"Theory, inner",1.437000036,27.35000038
"Theory, inner",1.437399983,27.375
"Theory, inner",1.43780005,27.39999962
"Theory, inner",1.43809998,27.42499924
"Theory, inner",1.438500047,27.45000076
"Theory, inner",1.438899994,27.47500038
"Theory, inner",1.439299941,27.5
"Theory, inner",1.439700007,27.52499962
"Theory, inner",1.440099955,27.54999924
"Theory, inner",1.440500021,27.57500076
"Theory, inner",1.440899968,27.60000038
"Theory, inner",1.441300035,27.625
"Theory, inner",1.441699982,27.64999962
"Theory, inner",1.442100048,27.67499924
"Theory, inner",1.442499995,27.70000076
"Theory, inner",1.442899942,27.72500038
"Theory, inner",1.443300009,27.75
"Theory, inner",1.443699956,27.77499962
"Theory, inner",1.444000006,27.79999924
"Theory, inner",1.444399953,27.82500076
"Theory, inner",1.444800019,27.85000038
"Theory, inner",1.445199966,27.875
"Theory, inner",1.445600033,27.89999962
"Theory, inner",1.44599998,27.92499924
"Theory, inner",1.446400046,27.95000076
"Theory, inner",1.446799994,27.97500038
"Theory, inner",1.447199941,28.0
"Theory, inner",1.44749999,28.02499962
"Theory, inner",1.447900057,28.04999924
"Theory, inner",1.448300004,28.07500076
"Theory, inner",1.448699951,28.10000038
"Theory, inner",1.449100018,28.125
"Theory, inner",1.449499965,28.14999962
"Theory, inner",1.449900031,28.17499924
"Theory, inner",1.450199962,28.20000076
"Theory, inner",1.450600028,28.22500038
"Theory, inner",1.450999975,28.25
"Theory, inner",1.451400042,28.27499962
"Theory, inner",1.451799989,28.29999924
"Theory, inner",1.452200055,28.32500076
"Theory, inner",1.452600002,28.35000038
"Theory, inner",1.452900052,28.375
"Theory, inner",1.453299999,28.39999962
"Theory, inner",1.453699946,28.42499924
"Theory, inner",1.454100013,28.45000076
"Theory, inner",1.45449996,28.47500038
"Theory, inner",1.45480001,28.5
"Theory, inner",1.455199957,28.52499962
"Theory, inner",1.455600023,28.54999924
"Theory, inner",1.45599997,28.57500076
"Theory, inner",1.456400037,28.60000038
"Theory, inner",1.456699967,28.625
"Theory, inner",1.457100034,28.64999962
"Theory, inner",1.457499981,28.67499924
"Theory, inner",1.457900047,28.70000076
"Theory, inner",1.458299994,28.72500038
"Theory, inner",1.458600044,28.75
"Theory, inner",1.458999991,28.77499962
"Theory, inner",1.459400058,28.79999924
"Theory, inner",1.459800005,28.82500076
"Theory, inner",1.460100055,28.85000038
"Theory, inner",1.460500002,28.875
"Theory, inner",1.460899949,28.89999962
"Theory, inner",1.461300015,28.92499924
"Theory, inner",1.461599946,28.95000076
"Theory, inner",1.462000012,28.97500038
"Theory, inner",1.46239996,29.0
"Theory, inner",1.462800026,29.02499962
"Theory, inner",1.463099957,29.04999924
"Theory, inner",1.463500023,29.07500076
"Theory, inner",1.46389997,29.10000038
"Theory, inner",1.464300036,29.125
"Theory, inner",1.464599967,29.14999962
"Theory, inner",1.465000033,29.17499924
"Theory, inner",1.465399981,29.20000076
"Theory, inner",1.465800047,29.22500038
"Theory, inner",1.466099977,29.25
"Theory, inner",1.466500044,29.27499962
"Theory, inner",1.466899991,29.29999924
"Theory, inner",1.467200041,29.32500076
"Theory, inner",1.467599988,29.35000038
"Theory, inner",1.468000054,29.375
"Theory, inner",1.468299985,29.39999962
"Theory, inner",1.468700051,29.42499924
"Theory, inner",1.469099998,29.45000076
"Theory, inner",1.469499946,29.47500038
"Theory, inner",1.469799995,29.5
"Theory, inner",1.470199943,29.52499962
"Theory, inner",1.470600009,29.54999924
"Theory, inner",1.470900059,29.57500076
"Theory, inner",1.471300006,29.60000038
"Theory, inner",1.471699953,29.625
"Theory, inner",1.472000003,29.64999962
"Theory, inner",1.47239995,29.67499924
"Theory, inner",1.472800016,29.70000076
"Theory, inner",1.473099947,29.72500038
"Theory, inner",1.473500013,29.75
"Theory, inner",1.473899961,29.77499962
"Theory, inner",1.47420001,29.79999924
"Theory, inner",1.474599957,29.82500076
"Theory, inner",1.474900007,29.85000038
"Theory, inner",1.475299954,29.875
"Theory, inner",1.475700021,29.89999962
"Theory, inner",1.475999951,29.92499924
"Theory, inner",1.476400018,29.95000076
"Theory, inner",1.476799965,29.97500038
"Theory, inner",1.477100015,30.0
"Theory, inner",1.477499962,30.02499962
"Theory, inner",1.477800012,30.04999924
"Theory, inner",1.478199959,30.07500076
"Theory, inner",1.478600025,30.10000038
"Theory, inner",1.478899956,30.125
"Theory, inner",1.479300022,30.14999962
"Theory, inner",1.479599953,30.17499924
"Theory, inner",1.480000019,30.20000076
"Theory, inner",1.480399966,30.22500038
"Theory, inner",1.480700016,30.25
"Theory, inner",1.481099963,30.27499962
"Theory, inner",1.481400013,30.29999924
"Theory, inner",1.48179996,30.32500076
"Theory, inner",1.482200027,30.35000038
"Theory, inner",1.482499957,30.375
"Theory, inner",1.482900023,30.39999962
"Theory, inner",1.483199954,30.42499924
"Theory, inner",1.48360002,30.45000076
"Theory, inner",1.483899951,30.47500038
"Theory, inner",1.484300017,30.5
"Theory, inner",1.484699965,30.52499962
"Theory, inner",1.485000014,30.54999924
"Theory, inner",1.485399961,30.57500076
"Theory, inner",1.485700011,30.60000038
"Theory, inner",1.486099958,30.625
"Theory, inner",1.486400008,30.64999962
"Theory, inner",1.486799955,30.67499924
"Theory, inner",1.487100005,30.70000076
"Theory, inner",1.487499952,30.72500038
"Theory, inner",1.487800002,30.75
"Theory, inner",1.488199949,30.77499962
"Theory, inner",1.488600016,30.79999924
"Theory, inner",1.488899946,30.82500076
"Theory, inner",1.489300013,30.85000038
"Theory, inner",1.489599943,30.875
"Theory, inner",1.49000001,30.89999962
"Theory, inner",1.490300059,30.92499924
"Theory, inner",1.490700006,30.95000076
"Theory, inner",1.491000056,30.97500038
"Theory, inner",1.491400003,31.0
"Theory, inner",1.491700053,31.02499962
"Theory, inner",1.4921,31.04999924
"Theory, inner",1.49240005,31.07500076
"Theory, inner",1.492799997,31.10000038
"Theory, inner",1.493100047,31.125
"Theory, inner",1.493499994,31.14999962
"Theory, inner",1.493800044,31.17499924
"Theory, inner",1.494199991,31.20000076
"Theory, inner",1.494500041,31.22500038
"Theory, inner",1.494899988,31.25
"Theory, inner",1.495200038,31.27499962
"Theory, inner",1.495499969,31.29999924
"Theory, inner",1.495900035,31.32500076
"Theory, inner",1.496199965,31.35000038
"Theory, inner",1.496600032,31.375
"Theory, inner",1.496899962,31.39999962
"Theory, inner",1.497300029,31.42499924
"Theory, inner",1.497599959,31.45000076
"Theory, inner",1.498000026,31.47500038
"Theory, inner",1.498299956,31.5
"Theory, inner",1.498700023,31.52499962
"Theory, inner",1.498999953,31.54999924
"Theory, inner",1.499300003,31.57500076
"Theory, inner",1.49969995,31.60000038
"Theory, inner",1.5,31.625
"Theory, inner",1.500399947,31.64999962
"Theory, inner",1.500699997,31.67499924
"Theory, inner",1.501099944,31.70000076
"Theory, inner",1.501399994,31.72500038
"Theory, inner",1.501700044,31.75
"Theory, inner",1.502099991,31.77499962
"Theory, inner",1.502400041,31.79999924
"Theory, inner",1.502799988,31.82500076
"Theory, inner",1.503100038,31.85000038
"Theory, inner",1.503499985,31.875
"Theory, inner",1.503800035,31.89999962
"Theory, inner",1.504099965,31.92499924
"Theory, inner",1.504500031,31.95000076
"Theory, inner",1.504799962,31.97500038
"Theory, inner",1.505100012,32.0
"Theory, inner",1.505499959,32.02500153
"Theory, inner",1.505800009,32.04999924
"Theory, inner",1.506199956,32.07500076
"Theory, inner",1.506500006,32.09999847
"Theory, inner",1.506800056,32.125
"Theory, inner",1.507200003,32.15000153
"Theory, inner",1.507500052,32.17499924
"Theory, inner",1.5079,32.20000076
"Theory, inner",1.508200049,32.22499847
"Theory, inner",1.50849998,32.25
"Theory, inner",1.508900046,32.27500153
"Theory, inner",1.509199977,32.29999924
"Theory, inner",1.509500027,32.32500076
"Theory, inner",1.509899974,32.34999847
"Theory, inner",1.510200024,32.375
"Theory, inner",1.510499954,32.40000153
"Theory, inner",1.510900021,32.42499924
"Theory, inner",1.511199951,32.45000076
"Theory, inner",1.511500001,32.47499847
"Theory, inner",1.511899948,32.5
"Theory, inner",1.512199998,32.52500153
"Theory, inner",1.512599945,32.54999924
"Theory, inner",1.512899995,32.57500076
"Theory, inner",1.513200045,32.59999847
"Theory, inner",1.513599992,32.625
"Theory, inner",1.513900042,32.65000153
"Theory, inner",1.514199972,32.67499924
"Theory, inner",1.514500022,32.70000076
"Theory, inner",1.514899969,32.72499847
"Theory, inner",1.515200019,32.75
"Theory, inner",1.515499949,32.77500153
"Theory, inner",1.515900016,32.79999924
"Theory, inner",1.516199946,32.82500076
"Theory, inner",1.516499996,32.84999847
"Theory, inner",1.516899943,32.875
"Theory, inner",1.517199993,32.90000153
"Theory, inner",1.517500043,32.92499924
"Theory, inner",1.51789999,32.95000076
"Theory, inner",1.51820004,32.97499847
"Theory, inner",1.51849997,33.0
"Theory, inner",1.51880002,33.02500153
"Theory, inner",1.519199967,33.04999924
"Theory, inner",1.519500017,33.07500076
"Theory, inner",1.519799948,33.09999847
"Theory, inner",1.520200014,33.125
"Theory, inner",1.520499945,33.15000153
"Theory, inner",1.520799994,33.17499924
"Theory, inner",1.521100044,33.20000076
"Theory, inner",1.521499991,33.22499847
"Theory, inner",1.521800041,33.25
"Theory, inner",1.522099972,33.27500153
"Theory, inner",1.522400022,33.29999924
"Theory, inner",1.522799969,33.32500076
"Theory, inner",1.523100019,33.34999847
"Theory, inner",1.523399949,33.375
"Theory, inner",1.523699999,33.40000153
"Theory, inner",1.524099946,33.42499924
"Theory, inner",1.524399996,33.45000076
"Theory, inner",1.524700046,33.47499847
"Theory, inner",1.524999976,33.5
"Theory, inner",1.525400043,33.52500153
"Theory, inner",1.525699973,33.54999924
"Theory, inner",1.526000023,33.57500076
"Theory, inner",1.526299953,33.59999847
"Theory, inner",1.52670002,33.625
"Theory, inner",1.52699995,33.65000153
"Theory, inner",1.5273,33.67499924
"Theory, inner",1.52760005,33.70000076
"Theory, inner",1.527999997,33.72499847
"Theory, inner",1.528300047,33.75
"Theory, inner",1.528599977,33.77500153
"Theory, inner",1.528900027,33.79999924
"Theory, inner",1.529199958,33.82500076
"Theory, inner",1.529600024,33.84999847
"Theory, inner",1.529899955,33.875
"Theory, inner",1.530200005,33.90000153
"Theory, inner",1.530500054,33.92499924
"Theory, inner",1.530799985,33.95000076
"Theory, inner",1.531200051,33.97499847
"Theory, inner",1.531499982,34.0
"Theory, inner",1.531800032,34.02500153
"Theory, inner",1.532099962,34.04999924
"Theory, inner",1.532400012,34.07500076
"Theory, inner",1.532799959,34.09999847
"Theory, inner",1.533100009,34.125
"Theory, inner",1.533400059,34.15000153
"Theory, inner",1.533699989,34.17499924
"Theory, inner",1.534000039,34.20000076
"Theory, inner",1.53429997,34.22499847
"Theory, inner",1.534700036,34.25
"Theory, inner",1.534999967,34.27500153
"Theory, inner",1.535300016,34.29999924
"Theory, inner",1.535599947,34.32500076
"Theory, inner",1.535899997,34.34999847
"Theory, inner",1.536200047,34.375
"Theory, inner",1.536599994,34.40000153
"Theory, inner",1.536900043,34.42499924
"Theory, inner",1.537199974,34.45000076
"Theory, inner",1.537500024,34.47499847
"Theory, inner",1.537799954,34.5
"Theory, inner",1.538100004,34.52500153
"Theory, inner",1.538400054,34.54999924
"Theory, inner",1.538800001,34.57500076
"Theory, inner",1.539100051,34.59999847
"Theory, inner",1.539399981,34.625
"Theory, inner",1.539700031,34.65000153
"Theory, inner",1.539999962,34.67499924
"Theory, inner",1.540300012,34.70000076
"Theory, inner",1.540599942,34.72499847
"Theory, inner",1.541000009,34.75
"Theory, inner",1.541300058,34.77500153
"Theory, inner",1.541599989,34.79999924
"Theory, inner",1.541900039,34.82500076
"Theory, inner",1.542199969,34.84999847
"Theory, inner",1.542500019,34.875
"Theory, inner",1.54279995,34.90000153
"Theory, inner",1.543099999,34.92499924
"Theory, inner",1.543400049,34.95000076
"Theory, inner",1.543799996,34.97499847
"Theory, inner",1.544100046,35.0
"Theory, inner",1.544399977,35.02500153
"Theory, inner",1.544700027,35.04999924
"Theory, inner",1.544999957,35.07500076
"Theory, inner",1.545300007,35.09999847
"Theory, inner",1.545600057,35.125
"Theory, inner",1.545899987,35.15000153
"Theory, inner",1.546200037,35.17499924
"Theory, inner",1.546499968,35.20000076
"Theory, inner",1.546900034,35.22499847
"Theory, inner",1.547199965,35.25
"Theory, inner",1.547500014,35.27500153
"Theory, inner",1.547799945,35.29999924
"Theory, inner",1.548099995,35.32500076
"Theory, inner",1.548400044,35.34999847
"Theory, inner",1.548699975,35.375
"Theory, inner",1.549000025,35.40000153
"Theory, inner",1.549299955,35.42499924
"Theory, inner",1.549600005,35.45000076
"Theory, inner",1.549900055,35.47499847
"Theory, inner",1.550199986,35.5
"Theory, inner",1.550500035,35.52500153
"Theory, inner",1.550799966,35.54999924
"Theory, inner",1.551100016,35.57500076
"Theory, inner",1.551399946,35.59999847
"Theory, inner",1.551800013,35.625
"Theory, inner",1.552099943,35.65000153
"Theory, inner",1.552399993,35.67499924
"Theory, inner",1.552700043,35.70000076
"Theory, inner",1.552999973,35.72499847
"Theory, inner",1.553300023,35.75
"Theory, inner",1.553599954,35.77500153
"Theory, inner",1.553900003,35.79999924
"Theory, inner",1.554200053,35.82500076
"Theory, inner",1.554499984,35.84999847
"Theory, inner",1.554800034,35.875
"Theory, inner",1.555099964,35.90000153
"Theory, inner",1.555400014,35.92499924
"Theory, inner",1.555699944,35.95000076
"Theory, inner",1.555999994,35.97499847
"Theory, inner",1.556300044,36.0
"Theory, inner",1.556599975,36.02500153
"Theory, inner",1.556900024,36.04999924
"Theory, inner",1.557199955,36.07500076
"Theory, inner",1.557500005,36.09999847
"Theory, inner",1.557800055,36.125
"Theory, inner",1.558099985,36.15000153
"Theory, inner",1.558400035,36.17499924
"Theory, inner",1.558699965,36.20000076
"Theory, inner",1.559000015,36.22499847
"Theory, inner",1.559299946,36.25
"Theory, inner",1.559599996,36.27500153
"Theory, inner",1.559900045,36.29999924
"Theory, inner",1.560199976,36.32500076
"Theory, inner",1.560500026,36.34999847
"Theory, inner",1.560799956,36.375
"Theory, inner",1.561100006,36.40000153
"Theory, inner",1.561400056,36.42499924
"Theory, inner",1.561699986,36.45000076
"Theory, inner",1.562000036,36.47499847
"Theory, inner",1.562299967,36.5
"Theory, inner",1.562600017,36.52500153
"Theory, inner",1.562899947,36.54999924
"Theory, inner",1.563199997,36.57500076
"Theory, inner",1.563500047,36.59999847
"Theory, inner",1.563799977,36.625
"Theory, inner",1.564100027,36.65000153
"Theory, inner",1.564399958,36.67499924
"Theory, inner",1.564700007,36.70000076
"Theory, inner",1.565000057,36.72499847
"Theory, inner",1.565299988,36.75
"Theory, inner",1.565600038,36.77500153
"Theory, inner",1.565799952,36.79999924
"Theory, inner",1.566100001,36.82500076
"Theory, inner",1.566400051,36.84999847
"Theory, inner",1.566699982,36.875
"Theory, inner",1.567000031,36.90000153
"Theory, inner",1.567299962,36.92499924
"Theory, inner",1.567600012,36.95000076
"Theory, inner",1.567899942,36.97499847
"Theory, inner",1.568199992,37.0
"Theory, inner",1.568500042,37.02500153
"Theory, inner",1.568799973,37.04999924
"Theory, inner",1.569100022,37.07500076
"Theory, inner",1.569399953,37.09999847
"Theory, inner",1.569700003,37.125
"Theory, inner",1.570000052,37.15000153
"Theory, inner",1.570299983,37.17499924
"Theory, inner",1.570500016,37.20000076
"Theory, inner",1.570799947,37.22499847
"Theory, inner",1.571099997,37.25
"Theory, inner",1.571400046,37.27500153
"Theory, inner",1.571699977,37.29999924
"Theory, inner",1.572000027,37.32500076
"Theory, inner",1.572299957,37.34999847
"Theory, inner",1.572600007,37.375
"Theory, inner",1.572900057,37.40000153
"Theory, inner",1.573199987,37.42499924
"Theory, inner",1.573500037,37.45000076
"Theory, inner",1.573699951,37.47499847
"Theory, inner",1.574000001,37.5
"Theory, inner",1.574300051,37.52500153
"Theory, inner",1.574599981,37.54999924
"Theory, inner",1.574900031,37.57500076
"Theory, inner",1.575199962,37.59999847
"Theory, inner",1.575500011,37.625
"Theory, inner",1.575799942,37.65000153
"Theory, inner",1.576099992,37.67499924
"Theory, inner",1.576300025,37.70000076
"Theory, inner",1.576599956,37.72499847
"Theory, inner",1.576900005,37.75
"Theory, inner",1.577200055,37.77500153
"Theory, inner",1.577499986,37.79999924
"Theory, inner",1.577800035,37.82500076
"Theory, inner",1.578099966,37.84999847
"Theory, inner",1.578400016,37.875
"Theory, inner",1.578600049,37.90000153
"Theory, inner",1.57889998,37.92499924
"Theory, inner",1.579200029,37.95000076
"Theory, inner",1.57949996,37.97499847
"Theory, inner",1.57980001,38.0
"Theory, inner",1.58010006,38.02500153
"Theory, inner",1.58039999,38.04999924
"Theory, inner",1.580600023,38.07500076
"Theory, inner",1.580899954,38.09999847
"Theory, inner",1.581200004,38.125
"Theory, inner",1.581500053,38.15000153
"Theory, inner",1.581799984,38.17499924
"Theory, inner",1.582100034,38.20000076
"Theory, inner",1.582299948,38.22499847
"Theory, inner",1.582599998,38.25
"Theory, inner",1.582900047,38.27500153
"Theory, inner",1.583199978,38.29999924
"Theory, inner",1.583500028,38.32500076
"Theory, inner",1.583799958,38.34999847
"Theory, inner",1.583999991,38.375
"Theory, inner",1.584300041,38.40000153
"Theory, inner",1.584599972,38.42499924
"Theory, inner",1.584900022,38.45000076
"Theory, inner",1.585199952,38.47499847
"Theory, inner",1.585500002,38.5
"Theory, inner",1.585700035,38.52500153
"Theory, inner",1.585999966,38.54999924
"Theory, inner",1.586300015,38.57500076
"Theory, inner",1.586599946,38.59999847
"Theory, inner",1.586899996,38.625
"Theory, inner",1.587100029,38.65000153
"Theory, inner",1.58739996,38.67499924
"Theory, inner",1.587700009,38.70000076
"Theory, inner",1.588000059,38.72499847
"Theory, inner",1.58829999,38.75
"Theory, inner",1.588600039,38.77500153
"Theory, inner",1.588799953,38.79999924
"Theory, inner",1.589100003,38.82500076
"Theory, inner",1.589400053,38.84999847
"Theory, inner",1.589699984,38.875
"Theory, inner",1.589900017,38.90000153
"Theory, inner",1.590199947,38.92499924
"Theory, inner",1.590499997,38.95000076
"Theory, inner",1.590800047,38.97499847
"Theory, inner",1.591099977,39.0
"Theory, inner",1.591300011,39.02500153
"Theory, inner",1.591599941,39.04999924
"Theory, inner",1.591899991,39.07500076
"Theory, inner",1.592200041,39.09999847
"Theory, inner",1.592499971,39.125
"Theory, inner",1.592700005,39.15000153
"Theory, inner",1.593000054,39.17499924
"Theory, inner",1.593299985,39.20000076
"Theory, inner",1.593600035,39.22499847
"Theory, inner",1.593799949,39.25
"Theory, inner",1.594099998,39.27500153
"Theory, inner",1.594400048,39.29999924
"Theory, inner",1.594699979,39.32500076
"Theory, inner",1.594900012,39.34999847
"Theory, inner",1.595199943,39.375
"Theory, inner",1.595499992,39.40000153
"Theory, inner",1.595800042,39.42499924
"Theory, inner",1.595999956,39.45000076
"Theory, inner",1.596300006,39.47499847
"Theory, inner",1.596600056,39.5
"Theory, inner",1.596899986,39.52500153
"Theory, inner",1.597100019,39.54999924
"Theory, inner",1.59739995,39.57500076
"Theory, inner",1.5977,39.59999847
"Theory, inner",1.59800005,39.625
"Theory, inner",1.598199964,39.65000153
"Theory, inner",1.598500013,39.67499924
"Theory, inner",1.598799944,39.70000076
"Theory, inner",1.599099994,39.72499847
"Theory, inner",1.599300027,39.75
"Theory, inner",1.599599957,39.77500153
"Theory, inner",1.599900007,39.79999924
"Theory, inner",1.600200057,39.82500076
"Theory, inner",1.600399971,39.84999847
"Theory, inner",1.600700021,39.875
"Theory, inner",1.600999951,39.90000153
"Theory, inner",1.601199985,39.92499924
"Theory, inner",1.601500034,39.95000076
"Theory, inner",1.601799965,39.97499847
"Theory, inner",1.602100015,40.0
"Theory, LOTW k=0.41, B=5.0",-0.8858500123,0.02500000037
"Theory, LOTW k=0.41, B=5.0",-0.8813999891,0.05000000075
"Theory, LOTW k=0.41, B=5.0",-0.8769500256,0.07500000298
"Theory, LOTW k=0.41, B=5.0",-0.8725000024,0.1000000015
"Theory, LOTW k=0.41, B=5.0",-0.8680499792,0.125
"Theory, LOTW k=0.41, B=5.0",-0.8636000156,0.150000006
"Theory, LOTW k=0.41, B=5.0",-0.8591399789,0.174999997
"Theory, LOTW k=0.41, B=5.0",-0.8546900153,0.200000003
"Theory, LOTW k=0.41, B=5.0",-0.8502399921,0.224999994
"Theory, LOTW k=0.41, B=5.0",-0.8457900286,0.25
"Theory, LOTW k=0.41, B=5.0",-0.8413400054,0.275000006
"Theory, LOTW k=0.41, B=5.0",-0.8368899822,0.3000000119
"Theory, LOTW k=0.41, B=5.0",-0.8324400187,0.3249999881
"Theory, LOTW k=0.41, B=5.0",-0.8279799819,0.349999994
"Theory, LOTW k=0.41, B=5.0",-0.8235300183,0.375
"Theory, LOTW k=0.41, B=5.0",-0.8190799952,0.400000006
"Theory, LOTW k=0.41, B=5.0",-0.814629972,0.4250000119
"Theory, LOTW k=0.41, B=5.0",-0.8101800084,0.4499999881
"Theory, LOTW k=0.41, B=5.0",-0.8057299852,0.474999994
"Theory, LOTW k=0.41, B=5.0",-0.8012700081,0.5
"Theory, LOTW k=0.41, B=5.0",-0.7968199849,0.5249999762
"Theory, LOTW k=0.41, B=5.0",-0.7923700213,0.5500000119
"Theory, LOTW k=0.41, B=5.0",-0.7879199982,0.5749999881
"Theory, LOTW k=0.41, B=5.0",-0.783469975,0.6000000238
"Theory, LOTW k=0.41, B=5.0",-0.7790200114,0.625
"Theory, LOTW k=0.41, B=5.0",-0.7745699883,0.6499999762
"Theory, LOTW k=0.41, B=5.0",-0.7701100111,0.6750000119
"Theory, LOTW k=0.41, B=5.0",-0.7656599879,0.6999999881
"Theory, LOTW k=0.41, B=5.0",-0.7612100244,0.7250000238
"Theory, LOTW k=0.41, B=5.0",-0.7567600012,0.75
"Theory, LOTW k=0.41, B=5.0",-0.752309978,0.7749999762
"Theory, LOTW k=0.41, B=5.0",-0.7478600144,0.8000000119
"Theory, LOTW k=0.41, B=5.0",-0.7434099913,0.8249999881
"Theory, LOTW k=0.41, B=5.0",-0.7389500141,0.8500000238
"Theory, LOTW k=0.41, B=5.0",-0.7344999909,0.875
"Theory, LOTW k=0.41, B=5.0",-0.7300500274,0.8999999762
"Theory, LOTW k=0.41, B=5.0",-0.7256000042,0.9250000119
"Theory, LOTW k=0.41, B=5.0",-0.721149981,0.9499999881
"Theory, LOTW k=0.41, B=5.0",-0.7167000175,0.9750000238
"Theory, LOTW k=0.41, B=5.0",-0.7122399807,1.0
"Theory, LOTW k=0.41, B=5.0",-0.7077900171,1.024999976
"Theory, LOTW k=0.41, B=5.0",-0.703339994,1.049999952
"Theory, LOTW k=0.41, B=5.0",-0.6988899708,1.075000048
"Theory, LOTW k=0.41, B=5.0",-0.6944400072,1.100000024
"Theory, LOTW k=0.41, B=5.0",-0.689989984,1.125
"Theory, LOTW k=0.41, B=5.0",-0.6855400205,1.149999976
"Theory, LOTW k=0.41, B=5.0",-0.6810799837,1.174999952
"Theory, LOTW k=0.41, B=5.0",-0.6766300201,1.200000048
"Theory, LOTW k=0.41, B=5.0",-0.672179997,1.225000024
"Theory, LOTW k=0.41, B=5.0",-0.6677299738,1.25
"Theory, LOTW k=0.41, B=5.0",-0.6632800102,1.274999976
"Theory, LOTW k=0.41, B=5.0",-0.658829987,1.299999952
"Theory, LOTW k=0.41, B=5.0",-0.6543700099,1.325000048
"Theory, LOTW k=0.41, B=5.0",-0.6499199867,1.350000024
"Theory, LOTW k=0.41, B=5.0",-0.6454700232,1.375
"Theory, LOTW k=0.41, B=5.0",-0.64102,1.399999976
"Theory, LOTW k=0.41, B=5.0",-0.6365699768,1.424999952
"Theory, LOTW k=0.41, B=5.0",-0.6321200132,1.450000048
"Theory, LOTW k=0.41, B=5.0",-0.6276699901,1.475000024
"Theory, LOTW k=0.41, B=5.0",-0.6232100129,1.5
"Theory, LOTW k=0.41, B=5.0",-0.6187599897,1.524999976
"Theory, LOTW k=0.41, B=5.0",-0.6143100262,1.549999952
"Theory, LOTW k=0.41, B=5.0",-0.609860003,1.575000048
"Theory, LOTW k=0.41, B=5.0",-0.6054099798,1.600000024
"Theory, LOTW k=0.41, B=5.0",-0.6009600163,1.625
"Theory, LOTW k=0.41, B=5.0",-0.5964999795,1.649999976
"Theory, LOTW k=0.41, B=5.0",-0.5920500159,1.674999952
"Theory, LOTW k=0.41, B=5.0",-0.5875999928,1.700000048
"Theory, LOTW k=0.41, B=5.0",-0.5831500292,1.725000024
"Theory, LOTW k=0.41, B=5.0",-0.578700006,1.75
"Theory, LOTW k=0.41, B=5.0",-0.5742499828,1.774999976
"Theory, LOTW k=0.41, B=5.0",-0.5698000193,1.799999952
"Theory, LOTW k=0.41, B=5.0",-0.5653399825,1.825000048
"Theory, LOTW k=0.41, B=5.0",-0.5608900189,1.850000024
"Theory, LOTW k=0.41, B=5.0",-0.5564399958,1.875
"Theory, LOTW k=0.41, B=5.0",-0.5519899726,1.899999976
"Theory, LOTW k=0.41, B=5.0",-0.547540009,1.924999952
"Theory, LOTW k=0.41, B=5.0",-0.5430899858,1.950000048
"Theory, LOTW k=0.41, B=5.0",-0.5386300087,1.975000024
"Theory, LOTW k=0.41, B=5.0",-0.5341799855,2.0
"Theory, LOTW k=0.41, B=5.0",-0.529730022,2.025000095
"Theory, LOTW k=0.41, B=5.0",-0.5252799988,2.049999952
"Theory, LOTW k=0.41, B=5.0",-0.5208299756,2.075000048
"Theory, LOTW k=0.41, B=5.0",-0.516380012,2.099999905
"Theory, LOTW k=0.41, B=5.0",-0.5119299889,2.125
"Theory, LOTW k=0.41, B=5.0",-0.5074700117,2.150000095
"Theory, LOTW k=0.41, B=5.0",-0.5030199885,2.174999952
"Theory, LOTW k=0.41, B=5.0",-0.4985699952,2.200000048
"Theory, LOTW k=0.41, B=5.0",-0.4941200018,2.224999905
"Theory, LOTW k=0.41, B=5.0",-0.4896700084,2.25
"Theory, LOTW k=0.41, B=5.0",-0.4852199852,2.275000095
"Theory, LOTW k=0.41, B=5.0",-0.4807600081,2.299999952
"Theory, LOTW k=0.41, B=5.0",-0.4763100147,2.325000048
"Theory, LOTW k=0.41, B=5.0",-0.4718599916,2.349999905
"Theory, LOTW k=0.41, B=5.0",-0.4674099982,2.375
"Theory, LOTW k=0.41, B=5.0",-0.4629600048,2.400000095
"Theory, LOTW k=0.41, B=5.0",-0.4585100114,2.424999952
"Theory, LOTW k=0.41, B=5.0",-0.4540599883,2.450000048
"Theory, LOTW k=0.41, B=5.0",-0.4496000111,2.474999905
"Theory, LOTW k=0.41, B=5.0",-0.4451499879,2.5
"Theory, LOTW k=0.41, B=5.0",-0.4406999946,2.525000095
"Theory, LOTW k=0.41, B=5.0",-0.4362500012,2.549999952
"Theory, LOTW k=0.41, B=5.0",-0.4318000078,2.575000048
"Theory, LOTW k=0.41, B=5.0",-0.4273500144,2.599999905
"Theory, LOTW k=0.41, B=5.0",-0.4228999913,2.625
"Theory, LOTW k=0.41, B=5.0",-0.4184400141,2.650000095
"Theory, LOTW k=0.41, B=5.0",-0.4139899909,2.674999952
"Theory, LOTW k=0.41, B=5.0",-0.4095399976,2.700000048
"Theory, LOTW k=0.41, B=5.0",-0.4050900042,2.724999905
"Theory, LOTW k=0.41, B=5.0",-0.4006400108,2.75
"Theory, LOTW k=0.41, B=5.0",-0.3961899877,2.775000095
"Theory, LOTW k=0.41, B=5.0",-0.3917300105,2.799999952
"Theory, LOTW k=0.41, B=5.0",-0.3872799873,2.825000048
"Theory, LOTW k=0.41, B=5.0",-0.382829994,2.849999905
"Theory, LOTW k=0.41, B=5.0",-0.3783800006,2.875
"Theory, LOTW k=0.41, B=5.0",-0.3739300072,2.900000095
"Theory, LOTW k=0.41, B=5.0",-0.3694800138,2.924999952
"Theory, LOTW k=0.41, B=5.0",-0.3650299907,2.950000048
"Theory, LOTW k=0.41, B=5.0",-0.3605700135,2.974999905
"Theory, LOTW k=0.41, B=5.0",-0.3561199903,3.0
"Theory, LOTW k=0.41, B=5.0",-0.351669997,3.025000095
"Theory, LOTW k=0.41, B=5.0",-0.3472200036,3.049999952
"Theory, LOTW k=0.41, B=5.0",-0.3427700102,3.075000048
"Theory, LOTW k=0.41, B=5.0",-0.3383199871,3.099999905
"Theory, LOTW k=0.41, B=5.0",-0.3338600099,3.125
"Theory, LOTW k=0.41, B=5.0",-0.3294099867,3.150000095
"Theory, LOTW k=0.41, B=5.0",-0.3249599934,3.174999952
"Theory, LOTW k=0.41, B=5.0",-0.32051,3.200000048
"Theory, LOTW k=0.41, B=5.0",-0.3160600066,3.224999905
"Theory, LOTW k=0.41, B=5.0",-0.3116100132,3.25
"Theory, LOTW k=0.41, B=5.0",-0.3071599901,3.275000095
"Theory, LOTW k=0.41, B=5.0",-0.3027000129,3.299999952
"Theory, LOTW k=0.41, B=5.0",-0.2982499897,3.325000048
"Theory, LOTW k=0.41, B=5.0",-0.2937999964,3.349999905
"Theory, LOTW k=0.41, B=5.0",-0.289350003,3.375
"Theory, LOTW k=0.41, B=5.0",-0.2849000096,3.400000095
"Theory, LOTW k=0.41, B=5.0",-0.2804499865,3.424999952
"Theory, LOTW k=0.41, B=5.0",-0.2759900093,3.450000048
"Theory, LOTW k=0.41, B=5.0",-0.2715399861,3.474999905
"Theory, LOTW k=0.41, B=5.0",-0.2670899928,3.5
"Theory, LOTW k=0.41, B=5.0",-0.2626399994,3.525000095
"Theory, LOTW k=0.41, B=5.0",-0.258190006,3.549999952
"Theory, LOTW k=0.41, B=5.0",-0.2537400126,3.575000048
"Theory, LOTW k=0.41, B=5.0",-0.2492900044,3.599999905
"Theory, LOTW k=0.41, B=5.0",-0.2448299974,3.625
"Theory, LOTW k=0.41, B=5.0",-0.240380004,3.650000095
"Theory, LOTW k=0.41, B=5.0",-0.2359299958,3.674999952
"Theory, LOTW k=0.41, B=5.0",-0.2314800024,3.700000048
"Theory, LOTW k=0.41, B=5.0",-0.2270299941,3.724999905
"Theory, LOTW k=0.41, B=5.0",-0.2225800008,3.75
"Theory, LOTW k=0.41, B=5.0",-0.2181199938,3.775000095
"Theory, LOTW k=0.41, B=5.0",-0.2136700004,3.799999952
"Theory, LOTW k=0.41, B=5.0",-0.2092200071,3.825000048
"Theory, LOTW k=0.41, B=5.0",-0.2047699988,3.849999905
"Theory, LOTW k=0.41, B=5.0",-0.2003200054,3.875
"Theory, LOTW k=0.41, B=5.0",-0.1958699971,3.900000095
"Theory, LOTW k=0.41, B=5.0",-0.1914200038,3.924999952
"Theory, LOTW k=0.41, B=5.0",-0.1869599968,3.950000048
"Theory, LOTW k=0.41, B=5.0",-0.1825100034,3.974999905
"Theory, LOTW k=0.41, B=5.0",-0.1780599952,4.0
"Theory, LOTW k=0.41, B=5.0",-0.1736100018,4.025000095
"Theory, LOTW k=0.41, B=5.0",-0.1691599935,4.050000191
"Theory, LOTW k=0.41, B=5.0",-0.1647100002,4.074999809
"Theory, LOTW k=0.41, B=5.0",-0.1602499932,4.099999905
"Theory, LOTW k=0.41, B=5.0",-0.1557999998,4.125
"Theory, LOTW k=0.41, B=5.0",-0.1513500065,4.150000095
"Theory, LOTW k=0.41, B=5.0",-0.1468999982,4.175000191
"Theory, LOTW k=0.41, B=5.0",-0.1424500048,4.199999809
"Theory, LOTW k=0.41, B=5.0",-0.1379999965,4.224999905
"Theory, LOTW k=0.41, B=5.0",-0.1335500032,4.25
"Theory, LOTW k=0.41, B=5.0",-0.1290899962,4.275000095
"Theory, LOTW k=0.41, B=5.0",-0.1246400028,4.300000191
"Theory, LOTW k=0.41, B=5.0",-0.120190002,4.324999809
"Theory, LOTW k=0.41, B=5.0",-0.1157400012,4.349999905
"Theory, LOTW k=0.41, B=5.0",-0.1112900004,4.375
"Theory, LOTW k=0.41, B=5.0",-0.1068399996,4.400000095
"Theory, LOTW k=0.41, B=5.0",-0.1023899987,4.425000191
"Theory, LOTW k=0.41, B=5.0",-0.09793400019,4.449999809
"Theory, LOTW k=0.41, B=5.0",-0.09348200262,4.474999905
"Theory, LOTW k=0.41, B=5.0",-0.08903100342,4.5
"Theory, LOTW k=0.41, B=5.0",-0.08457899839,4.525000095
"Theory, LOTW k=0.41, B=5.0",-0.08012700081,4.550000191
"Theory, LOTW k=0.41, B=5.0",-0.07567600161,4.574999809
"Theory, LOTW k=0.41, B=5.0",-0.07122399658,4.599999905
"Theory, LOTW k=0.41, B=5.0",-0.06677299738,4.625
"Theory, LOTW k=0.41, B=5.0",-0.0623209998,4.650000095
"Theory, LOTW k=0.41, B=5.0",-0.0578700006,4.675000191
"Theory, LOTW k=0.41, B=5.0",-0.0534179993,4.699999809
"Theory, LOTW k=0.41, B=5.0",-0.0489670001,4.724999905
"Theory, LOTW k=0.41, B=5.0",-0.04451499879,4.75
"Theory, LOTW k=0.41, B=5.0",-0.04006399959,4.775000095
"Theory, LOTW k=0.41, B=5.0",-0.03561199829,4.800000191
"Theory, LOTW k=0.41, B=5.0",-0.03116099909,4.824999809
"Theory, LOTW k=0.41, B=5.0",-0.02670899965,4.849999905
"Theory, LOTW k=0.41, B=5.0",-0.02225800045,4.875
"Theory, LOTW k=0.41, B=5.0",-0.01780599914,4.900000095
"Theory, LOTW k=0.41, B=5.0",-0.01335499994,4.925000191
"Theory, LOTW k=0.41, B=5.0",-0.008903100155,4.949999809
"Theory, LOTW k=0.41, B=5.0",-0.004451499786,4.974999905
"Theory, LOTW k=0.41, B=5.0",6.325999922e-16,5.0
"Theory, LOTW k=0.41, B=5.0",0.004451499786,5.025000095
"Theory, LOTW k=0.41, B=5.0",0.008903100155,5.050000191
"Theory, LOTW k=0.41, B=5.0",0.01335499994,5.074999809
"Theory, LOTW k=0.41, B=5.0",0.01780599914,5.099999905
"Theory, LOTW k=0.41, B=5.0",0.02225800045,5.125
"Theory, LOTW k=0.41, B=5.0",0.02670899965,5.150000095
"Theory, LOTW k=0.41, B=5.0",0.03116099909,5.175000191
"Theory, LOTW k=0.41, B=5.0",0.03561199829,5.199999809
"Theory, LOTW k=0.41, B=5.0",0.04006399959,5.224999905
"Theory, LOTW k=0.41, B=5.0",0.04451499879,5.25
"Theory, LOTW k=0.41, B=5.0",0.0489670001,5.275000095
"Theory, LOTW k=0.41, B=5.0",0.0534179993,5.300000191
"Theory, LOTW k=0.41, B=5.0",0.0578700006,5.324999809
"Theory, LOTW k=0.41, B=5.0",0.0623209998,5.349999905
"Theory, LOTW k=0.41, B=5.0",0.06677299738,5.375
"Theory, LOTW k=0.41, B=5.0",0.07122399658,5.400000095
"Theory, LOTW k=0.41, B=5.0",0.07567600161,5.425000191
"Theory, LOTW k=0.41, B=5.0",0.08012700081,5.449999809
"Theory, LOTW k=0.41, B=5.0",0.08457899839,5.474999905
"Theory, LOTW k=0.41, B=5.0",0.08903100342,5.5
"Theory, LOTW k=0.41, B=5.0",0.09348200262,5.525000095
"Theory, LOTW k=0.41, B=5.0",0.09793400019,5.550000191
"Theory, LOTW k=0.41, B=5.0",0.1023899987,5.574999809
"Theory, LOTW k=0.41, B=5.0",0.1068399996,5.599999905
"Theory, LOTW k=0.41, B=5.0",0.1112900004,5.625
"Theory, LOTW k=0.41, B=5.0",0.1157400012,5.650000095
"Theory, LOTW k=0.41, B=5.0",0.120190002,5.675000191
"Theory, LOTW k=0.41, B=5.0",0.1246400028,5.699999809
"Theory, LOTW k=0.41, B=5.0",0.1290899962,5.724999905
"Theory, LOTW k=0.41, B=5.0",0.1335500032,5.75
"Theory, LOTW k=0.41, B=5.0",0.1379999965,5.775000095
"Theory, LOTW k=0.41, B=5.0",0.1424500048,5.800000191
"Theory, LOTW k=0.41, B=5.0",0.1468999982,5.824999809
"Theory, LOTW k=0.41, B=5.0",0.1513500065,5.849999905
"Theory, LOTW k=0.41, B=5.0",0.1557999998,5.875
"Theory, LOTW k=0.41, B=5.0",0.1602499932,5.900000095
"Theory, LOTW k=0.41, B=5.0",0.1647100002,5.925000191
"Theory, LOTW k=0.41, B=5.0",0.1691599935,5.949999809
"Theory, LOTW k=0.41, B=5.0",0.1736100018,5.974999905
"Theory, LOTW k=0.41, B=5.0",0.1780599952,6.0
"Theory, LOTW k=0.41, B=5.0",0.1825100034,6.025000095
"Theory, LOTW k=0.41, B=5.0",0.1869599968,6.050000191
"Theory, LOTW k=0.41, B=5.0",0.1914200038,6.074999809
"Theory, LOTW k=0.41, B=5.0",0.1958699971,6.099999905
"Theory, LOTW k=0.41, B=5.0",0.2003200054,6.125
"Theory, LOTW k=0.41, B=5.0",0.2047699988,6.150000095
"Theory, LOTW k=0.41, B=5.0",0.2092200071,6.175000191
"Theory, LOTW k=0.41, B=5.0",0.2136700004,6.199999809
"Theory, LOTW k=0.41, B=5.0",0.2181199938,6.224999905
"Theory, LOTW k=0.41, B=5.0",0.2225800008,6.25
"Theory, LOTW k=0.41, B=5.0",0.2270299941,6.275000095
"Theory, LOTW k=0.41, B=5.0",0.2314800024,6.300000191
"Theory, LOTW k=0.41, B=5.0",0.2359299958,6.324999809
"Theory, LOTW k=0.41, B=5.0",0.240380004,6.349999905
"Theory, LOTW k=0.41, B=5.0",0.2448299974,6.375
"Theory, LOTW k=0.41, B=5.0",0.2492900044,6.400000095
"Theory, LOTW k=0.41, B=5.0",0.2537400126,6.425000191
"Theory, LOTW k=0.41, B=5.0",0.258190006,6.449999809
"Theory, LOTW k=0.41, B=5.0",0.2626399994,6.474999905
"Theory, LOTW k=0.41, B=5.0",0.2670899928,6.5
"Theory, LOTW k=0.41, B=5.0",0.2715399861,6.525000095
"Theory, LOTW k=0.41, B=5.0",0.2759900093,6.550000191
"Theory, LOTW k=0.41, B=5.0",0.2804499865,6.574999809
"Theory, LOTW k=0.41, B=5.0",0.2849000096,6.599999905
"Theory, LOTW k=0.41, B=5.0",0.289350003,6.625
"Theory, LOTW k=0.41, B=5.0",0.2937999964,6.650000095
"Theory, LOTW k=0.41, B=5.0",0.2982499897,6.675000191
"Theory, LOTW k=0.41, B=5.0",0.3027000129,6.699999809
"Theory, LOTW k=0.41, B=5.0",0.3071599901,6.724999905
"Theory, LOTW k=0.41, B=5.0",0.3116100132,6.75
"Theory, LOTW k=0.41, B=5.0",0.3160600066,6.775000095
"Theory, LOTW k=0.41, B=5.0",0.32051,6.800000191
"Theory, LOTW k=0.41, B=5.0",0.3249599934,6.824999809
"Theory, LOTW k=0.41, B=5.0",0.3294099867,6.849999905
"Theory, LOTW k=0.41, B=5.0",0.3338600099,6.875
"Theory, LOTW k=0.41, B=5.0",0.3383199871,6.900000095
"Theory, LOTW k=0.41, B=5.0",0.3427700102,6.925000191
"Theory, LOTW k=0.41, B=5.0",0.3472200036,6.949999809
"Theory, LOTW k=0.41, B=5.0",0.351669997,6.974999905
"Theory, LOTW k=0.41, B=5.0",0.3561199903,7.0
"Theory, LOTW k=0.41, B=5.0",0.3605700135,7.025000095
"Theory, LOTW k=0.41, B=5.0",0.3650299907,7.050000191
"Theory, LOTW k=0.41, B=5.0",0.3694800138,7.074999809
"Theory, LOTW k=0.41, B=5.0",0.3739300072,7.099999905
"Theory, LOTW k=0.41, B=5.0",0.3783800006,7.125
"Theory, LOTW k=0.41, B=5.0",0.382829994,7.150000095
"Theory, LOTW k=0.41, B=5.0",0.3872799873,7.175000191
"Theory, LOTW k=0.41, B=5.0",0.3917300105,7.199999809
"Theory, LOTW k=0.41, B=5.0",0.3961899877,7.224999905
"Theory, LOTW k=0.41, B=5.0",0.4006400108,7.25
"Theory, LOTW k=0.41, B=5.0",0.4050900042,7.275000095
"Theory, LOTW k=0.41, B=5.0",0.4095399976,7.300000191
"Theory, LOTW k=0.41, B=5.0",0.4139899909,7.324999809
"Theory, LOTW k=0.41, B=5.0",0.4184400141,7.349999905
"Theory, LOTW k=0.41, B=5.0",0.4228999913,7.375
"Theory, LOTW k=0.41, B=5.0",0.4273500144,7.400000095
"Theory, LOTW k=0.41, B=5.0",0.4318000078,7.425000191
"Theory, LOTW k=0.41, B=5.0",0.4362500012,7.449999809
"Theory, LOTW k=0.41, B=5.0",0.4406999946,7.474999905
"Theory, LOTW k=0.41, B=5.0",0.4451499879,7.5
"Theory, LOTW k=0.41, B=5.0",0.4496000111,7.525000095
"Theory, LOTW k=0.41, B=5.0",0.4540599883,7.550000191
"Theory, LOTW k=0.41, B=5.0",0.4585100114,7.574999809
"Theory, LOTW k=0.41, B=5.0",0.4629600048,7.599999905
"Theory, LOTW k=0.41, B=5.0",0.4674099982,7.625
"Theory, LOTW k=0.41, B=5.0",0.4718599916,7.650000095
"Theory, LOTW k=0.41, B=5.0",0.4763100147,7.675000191
"Theory, LOTW k=0.41, B=5.0",0.4807600081,7.699999809
"Theory, LOTW k=0.41, B=5.0",0.4852199852,7.724999905
"Theory, LOTW k=0.41, B=5.0",0.4896700084,7.75
"Theory, LOTW k=0.41, B=5.0",0.4941200018,7.775000095
"Theory, LOTW k=0.41, B=5.0",0.4985699952,7.800000191
"Theory, LOTW k=0.41, B=5.0",0.5030199885,7.824999809
"Theory, LOTW k=0.41, B=5.0",0.5074700117,7.849999905
"Theory, LOTW k=0.41, B=5.0",0.5119299889,7.875
"Theory, LOTW k=0.41, B=5.0",0.516380012,7.900000095
"Theory, LOTW k=0.41, B=5.0",0.5208299756,7.925000191
"Theory, LOTW k=0.41, B=5.0",0.5252799988,7.949999809
"Theory, LOTW k=0.41, B=5.0",0.529730022,7.974999905
"Theory, LOTW k=0.41, B=5.0",0.5341799855,8.0
"Theory, LOTW k=0.41, B=5.0",0.5386300087,8.024999619
"Theory, LOTW k=0.41, B=5.0",0.5430899858,8.050000191
"Theory, LOTW k=0.41, B=5.0",0.547540009,8.074999809
"Theory, LOTW k=0.41, B=5.0",0.5519899726,8.100000381
"Theory, LOTW k=0.41, B=5.0",0.5564399958,8.125
"Theory, LOTW k=0.41, B=5.0",0.5608900189,8.149999619
"Theory, LOTW k=0.41, B=5.0",0.5653399825,8.175000191
"Theory, LOTW k=0.41, B=5.0",0.5698000193,8.199999809
"Theory, LOTW k=0.41, B=5.0",0.5742499828,8.225000381
"Theory, LOTW k=0.41, B=5.0",0.578700006,8.25
"Theory, LOTW k=0.41, B=5.0",0.5831500292,8.274999619
"Theory, LOTW k=0.41, B=5.0",0.5875999928,8.300000191
"Theory, LOTW k=0.41, B=5.0",0.5920500159,8.324999809
"Theory, LOTW k=0.41, B=5.0",0.5964999795,8.350000381
"Theory, LOTW k=0.41, B=5.0",0.6009600163,8.375
"Theory, LOTW k=0.41, B=5.0",0.6054099798,8.399999619
"Theory, LOTW k=0.41, B=5.0",0.609860003,8.425000191
"Theory, LOTW k=0.41, B=5.0",0.6143100262,8.449999809
"Theory, LOTW k=0.41, B=5.0",0.6187599897,8.475000381
"Theory, LOTW k=0.41, B=5.0",0.6232100129,8.5
"Theory, LOTW k=0.41, B=5.0",0.6276699901,8.524999619
"Theory, LOTW k=0.41, B=5.0",0.6321200132,8.550000191
"Theory, LOTW k=0.41, B=5.0",0.6365699768,8.574999809
"Theory, LOTW k=0.41, B=5.0",0.64102,8.600000381
"Theory, LOTW k=0.41, B=5.0",0.6454700232,8.625
"Theory, LOTW k=0.41, B=5.0",0.6499199867,8.649999619
"Theory, LOTW k=0.41, B=5.0",0.6543700099,8.675000191
"Theory, LOTW k=0.41, B=5.0",0.658829987,8.699999809
"Theory, LOTW k=0.41, B=5.0",0.6632800102,8.725000381
"Theory, LOTW k=0.41, B=5.0",0.6677299738,8.75
"Theory, LOTW k=0.41, B=5.0",0.672179997,8.774999619
"Theory, LOTW k=0.41, B=5.0",0.6766300201,8.800000191
"Theory, LOTW k=0.41, B=5.0",0.6810799837,8.824999809
"Theory, LOTW k=0.41, B=5.0",0.6855400205,8.850000381
"Theory, LOTW k=0.41, B=5.0",0.689989984,8.875
"Theory, LOTW k=0.41, B=5.0",0.6944400072,8.899999619
"Theory, LOTW k=0.41, B=5.0",0.6988899708,8.925000191
"Theory, LOTW k=0.41, B=5.0",0.703339994,8.949999809
"Theory, LOTW k=0.41, B=5.0",0.7077900171,8.975000381
"Theory, LOTW k=0.41, B=5.0",0.7122399807,9.0
"Theory, LOTW k=0.41, B=5.0",0.7167000175,9.024999619
"Theory, LOTW k=0.41, B=5.0",0.721149981,9.050000191
"Theory, LOTW k=0.41, B=5.0",0.7256000042,9.074999809
"Theory, LOTW k=0.41, B=5.0",0.7300500274,9.100000381
"Theory, LOTW k=0.41, B=5.0",0.7344999909,9.125
"Theory, LOTW k=0.41, B=5.0",0.7389500141,9.149999619
"Theory, LOTW k=0.41, B=5.0",0.7434099913,9.175000191
"Theory, LOTW k=0.41, B=5.0",0.7478600144,9.199999809
"Theory, LOTW k=0.41, B=5.0",0.752309978,9.225000381
"Theory, LOTW k=0.41, B=5.0",0.7567600012,9.25
"Theory, LOTW k=0.41, B=5.0",0.7612100244,9.274999619
"Theory, LOTW k=0.41, B=5.0",0.7656599879,9.300000191
"Theory, LOTW k=0.41, B=5.0",0.7701100111,9.324999809
"Theory, LOTW k=0.41, B=5.0",0.7745699883,9.350000381
"Theory, LOTW k=0.41, B=5.0",0.7790200114,9.375
"Theory, LOTW k=0.41, B=5.0",0.783469975,9.399999619
"Theory, LOTW k=0.41, B=5.0",0.7879199982,9.425000191
"Theory, LOTW k=0.41, B=5.0",0.7923700213,9.449999809
"Theory, LOTW k=0.41, B=5.0",0.7968199849,9.475000381
"Theory, LOTW k=0.41, B=5.0",0.8012700081,9.5
"Theory, LOTW k=0.41, B=5.0",0.8057299852,9.524999619
"Theory, LOTW k=0.41, B=5.0",0.8101800084,9.550000191
"Theory, LOTW k=0.41, B=5.0",0.814629972,9.574999809
"Theory, LOTW k=0.41, B=5.0",0.8190799952,9.600000381
"Theory, LOTW k=0.41, B=5.0",0.8235300183,9.625
"Theory, LOTW k=0.41, B=5.0",0.8279799819,9.649999619
"Theory, LOTW k=0.41, B=5.0",0.8324400187,9.675000191
"Theory, LOTW k=0.41, B=5.0",0.8368899822,9.699999809
"Theory, LOTW k=0.41, B=5.0",0.8413400054,9.725000381
"Theory, LOTW k=0.41, B=5.0",0.8457900286,9.75
"Theory, LOTW k=0.41, B=5.0",0.8502399921,9.774999619
"Theory, LOTW k=0.41, B=5.0",0.8546900153,9.800000191
"Theory, LOTW k=0.41, B=5.0",0.8591399789,9.824999809
"Theory, LOTW k=0.41, B=5.0",0.8636000156,9.850000381
"Theory, LOTW k=0.41, B=5.0",0.8680499792,9.875
"Theory, LOTW k=0.41, B=5.0",0.8725000024,9.899999619
"Theory, LOTW k=0.41, B=5.0",0.8769500256,9.925000191
"Theory, LOTW k=0.41, B=5.0",0.8813999891,9.949999809
"Theory, LOTW k=0.41, B=5.0",0.8858500123,9.975000381
"Theory, LOTW k=0.41, B=5.0",0.8903099895,10.0
"Theory, LOTW k=0.41, B=5.0",0.8947600126,10.02499962
"Theory, LOTW k=0.41, B=5.0",0.8992099762,10.05000019
"Theory, LOTW k=0.41, B=5.0",0.9036599994,10.07499981
"Theory, LOTW k=0.41, B=5.0",0.9081100225,10.10000038
"Theory, LOTW k=0.41, B=5.0",0.9125599861,10.125
"Theory, LOTW k=0.41, B=5.0",0.9170100093,10.14999962
"Theory, LOTW k=0.41, B=5.0",0.9214699864,10.17500019
"Theory, LOTW k=0.41, B=5.0",0.9259200096,10.19999981
"Theory, LOTW k=0.41, B=5.0",0.9303699732,10.22500038
"Theory, LOTW k=0.41, B=5.0",0.9348199964,10.25
"Theory, LOTW k=0.41, B=5.0",0.9392700195,10.27499962
"Theory, LOTW k=0.41, B=5.0",0.9437199831,10.30000019
"Theory, LOTW k=0.41, B=5.0",0.9481800199,10.32499981
"Theory, LOTW k=0.41, B=5.0",0.9526299834,10.35000038
"Theory, LOTW k=0.41, B=5.0",0.9570800066,10.375
"Theory, LOTW k=0.41, B=5.0",0.9615300298,10.39999962
"Theory, LOTW k=0.41, B=5.0",0.9659799933,10.42500019
"Theory, LOTW k=0.41, B=5.0",0.9704300165,10.44999981
"Theory, LOTW k=0.41, B=5.0",0.9748799801,10.47500038
"Theory, LOTW k=0.41, B=5.0",0.9793400168,10.5
"Theory, LOTW k=0.41, B=5.0",0.9837899804,10.52499962
"Theory, LOTW k=0.41, B=5.0",0.9882400036,10.55000019
"Theory, LOTW k=0.41, B=5.0",0.9926900268,10.57499981
"Theory, LOTW k=0.41, B=5.0",0.9971399903,10.60000038
"Theory, LOTW k=0.41, B=5.0",1.001600027,10.625
"Theory, LOTW k=0.41, B=5.0",1.006000042,10.64999962
"Theory, LOTW k=0.41, B=5.0",1.010499954,10.67500019
"Theory, LOTW k=0.41, B=5.0",1.014899969,10.69999981
"Theory, LOTW k=0.41, B=5.0",1.019400001,10.72500038
"Theory, LOTW k=0.41, B=5.0",1.023900032,10.75
"Theory, LOTW k=0.41, B=5.0",1.028300047,10.77499962
"Theory, LOTW k=0.41, B=5.0",1.032799959,10.80000019
"Theory, LOTW k=0.41, B=5.0",1.037199974,10.82499981
"Theory, LOTW k=0.41, B=5.0",1.041700006,10.85000038
"Theory, LOTW k=0.41, B=5.0",1.04610002,10.875
"Theory, LOTW k=0.41, B=5.0",1.050600052,10.89999962
"Theory, LOTW k=0.41, B=5.0",1.054999948,10.92500019
"Theory, LOTW k=0.41, B=5.0",1.059499979,10.94999981
"Theory, LOTW k=0.41, B=5.0",1.063899994,10.97500038
"Theory, LOTW k=0.41, B=5.0",1.068400025,11.0
"Theory, LOTW k=0.41, B=5.0",1.07280004,11.02499962
"Theory, LOTW k=0.41, B=5.0",1.077299953,11.05000019
"Theory, LOTW k=0.41, B=5.0",1.081699967,11.07499981
"Theory, LOTW k=0.41, B=5.0",1.086199999,11.10000038
"Theory, LOTW k=0.41, B=5.0",1.090600014,11.125
"Theory, LOTW k=0.41, B=5.0",1.095100045,11.14999962
"Theory, LOTW k=0.41, B=5.0",1.099499941,11.17500019
"Theory, LOTW k=0.41, B=5.0",1.103999972,11.19999981
"Theory, LOTW k=0.41, B=5.0",1.108399987,11.22500038
"Theory, LOTW k=0.41, B=5.0",1.112900019,11.25
"Theory, LOTW k=0.41, B=5.0",1.117300034,11.27499962
"Theory, LOTW k=0.41, B=5.0",1.121799946,11.30000019
"Theory, LOTW k=0.41, B=5.0",1.126199961,11.32499981
"Theory, LOTW k=0.41, B=5.0",1.130699992,11.35000038
"Theory, LOTW k=0.41, B=5.0",1.135100007,11.375
"Theory, LOTW k=0.41, B=5.0",1.139600039,11.39999962
"Theory, LOTW k=0.41, B=5.0",1.144000053,11.42500019
"Theory, LOTW k=0.41, B=5.0",1.148499966,11.44999981
"Theory, LOTW k=0.41, B=5.0",1.152899981,11.47500038
"Theory, LOTW k=0.41, B=5.0",1.157400012,11.5
"Theory, LOTW k=0.41, B=5.0",1.161800027,11.52499962
"Theory, LOTW k=0.41, B=5.0",1.166300058,11.55000019
"Theory, LOTW k=0.41, B=5.0",1.170799971,11.57499981
"Theory, LOTW k=0.41, B=5.0",1.175199986,11.60000038
"Theory, LOTW k=0.41, B=5.0",1.179700017,11.625
"Theory, LOTW k=0.41, B=5.0",1.184100032,11.64999962
"Theory, LOTW k=0.41, B=5.0",1.188599944,11.67500019
"Theory, LOTW k=0.41, B=5.0",1.192999959,11.69999981
"Theory, LOTW k=0.41, B=5.0",1.19749999,11.72500038
"Theory, LOTW k=0.41, B=5.0",1.201900005,11.75
"Theory, LOTW k=0.41, B=5.0",1.206400037,11.77499962
"Theory, LOTW k=0.41, B=5.0",1.210800052,11.80000019
"Theory, LOTW k=0.41, B=5.0",1.215299964,11.82499981
"Theory, LOTW k=0.41, B=5.0",1.219699979,11.85000038
"Theory, LOTW k=0.41, B=5.0",1.22420001,11.875
"Theory, LOTW k=0.41, B=5.0",1.228600025,11.89999962
"Theory, LOTW k=0.41, B=5.0",1.233100057,11.92500019
"Theory, LOTW k=0.41, B=5.0",1.237499952,11.94999981
"Theory, LOTW k=0.41, B=5.0",1.241999984,11.97500038
"Theory, LOTW k=0.41, B=5.0",1.246399999,12.0
"Theory, LOTW k=0.41, B=5.0",1.25090003,12.02499962
"Theory, LOTW k=0.41, B=5.0",1.255300045,12.05000019
"Theory, LOTW k=0.41, B=5.0",1.259799957,12.07499981
"Theory, LOTW k=0.41, B=5.0",1.264199972,12.10000038
"Theory, LOTW k=0.41, B=5.0",1.268700004,12.125
"Theory, LOTW k=0.41, B=5.0",1.273100019,12.14999962
"Theory, LOTW k=0.41, B=5.0",1.27760005,12.17500019
"Theory, LOTW k=0.41, B=5.0",1.281999946,12.19999981
"Theory, LOTW k=0.41, B=5.0",1.286499977,12.22500038
"Theory, LOTW k=0.41, B=5.0",1.290899992,12.25
"Theory, LOTW k=0.41, B=5.0",1.295400023,12.27499962
"Theory, LOTW k=0.41, B=5.0",1.299800038,12.30000019
"Theory, LOTW k=0.41, B=5.0",1.304299951,12.32499981
"Theory, LOTW k=0.41, B=5.0",1.308699965,12.35000038
"Theory, LOTW k=0.41, B=5.0",1.313199997,12.375
"Theory, LOTW k=0.41, B=5.0",1.317700028,12.39999962
"Theory, LOTW k=0.41, B=5.0",1.322100043,12.42500019
"Theory, LOTW k=0.41, B=5.0",1.326599956,12.44999981
"Theory, LOTW k=0.41, B=5.0",1.33099997,12.47500038
"Theory, LOTW k=0.41, B=5.0",1.335500002,12.5
"Theory, LOTW k=0.41, B=5.0",1.339900017,12.52499962
"Theory, LOTW k=0.41, B=5.0",1.344400048,12.55000019
"Theory, LOTW k=0.41, B=5.0",1.348799944,12.57499981
"Theory, LOTW k=0.41, B=5.0",1.353299975,12.60000038
"Theory, LOTW k=0.41, B=5.0",1.35769999,12.625
"Theory, LOTW k=0.41, B=5.0",1.362200022,12.64999962
"Theory, LOTW k=0.41, B=5.0",1.366600037,12.67500019
"Theory, LOTW k=0.41, B=5.0",1.371099949,12.69999981
"Theory, LOTW k=0.41, B=5.0",1.375499964,12.72500038
"Theory, LOTW k=0.41, B=5.0",1.379999995,12.75
"Theory, LOTW k=0.41, B=5.0",1.38440001,12.77499962
"Theory, LOTW k=0.41, B=5.0",1.388900042,12.80000019
"Theory, LOTW k=0.41, B=5.0",1.393300056,12.82499981
"Theory, LOTW k=0.41, B=5.0",1.397799969,12.85000038
"Theory, LOTW k=0.41, B=5.0",1.402199984,12.875
"Theory, LOTW k=0.41, B=5.0",1.406700015,12.89999962
"Theory, LOTW k=0.41, B=5.0",1.41110003,12.92500019
"Theory, LOTW k=0.41, B=5.0",1.415599942,12.94999981
"Theory, LOTW k=0.41, B=5.0",1.419999957,12.97500038
"Theory, LOTW k=0.41, B=5.0",1.424499989,13.0
"Theory, LOTW k=0.41, B=5.0",1.428900003,13.02499962
"Theory, LOTW k=0.41, B=5.0",1.433400035,13.05000019
"Theory, LOTW k=0.41, B=5.0",1.43780005,13.07499981
"Theory, LOTW k=0.41, B=5.0",1.442299962,13.10000038
"Theory, LOTW k=0.41, B=5.0",1.446699977,13.125
"Theory, LOTW k=0.41, B=5.0",1.451200008,13.14999962
"Theory, LOTW k=0.41, B=5.0",1.455600023,13.17500019
"Theory, LOTW k=0.41, B=5.0",1.460100055,13.19999981
"Theory, LOTW k=0.41, B=5.0",1.464599967,13.22500038
"Theory, LOTW k=0.41, B=5.0",1.468999982,13.25
"Theory, LOTW k=0.41, B=5.0",1.473500013,13.27499962
"Theory, LOTW k=0.41, B=5.0",1.477900028,13.30000019
"Theory, LOTW k=0.41, B=5.0",1.48239994,13.32499981
"Theory, LOTW k=0.41, B=5.0",1.486799955,13.35000038
"Theory, LOTW k=0.41, B=5.0",1.491299987,13.375
"Theory, LOTW k=0.41, B=5.0",1.495700002,13.39999962
"Theory, LOTW k=0.41, B=5.0",1.500200033,13.42500019
"Theory, LOTW k=0.41, B=5.0",1.504600048,13.44999981
"Theory, LOTW k=0.41, B=5.0",1.50909996,13.47500038
"Theory, LOTW k=0.41, B=5.0",1.513499975,13.5
"Theory, LOTW k=0.41, B=5.0",1.518000007,13.52499962
"Theory, LOTW k=0.41, B=5.0",1.522400022,13.55000019
"Theory, LOTW k=0.41, B=5.0",1.526900053,13.57499981
"Theory, LOTW k=0.41, B=5.0",1.531299949,13.60000038
"Theory, LOTW k=0.41, B=5.0",1.53579998,13.625
"Theory, LOTW k=0.41, B=5.0",1.540199995,13.64999962
"Theory, LOTW k=0.41, B=5.0",1.544700027,13.67500019
"Theory, LOTW k=0.41, B=5.0",1.549100041,13.69999981
"Theory, LOTW k=0.41, B=5.0",1.553599954,13.72500038
"Theory, LOTW k=0.41, B=5.0",1.557999969,13.75
"Theory, LOTW k=0.41, B=5.0",1.5625,13.77499962
"Theory, LOTW k=0.41, B=5.0",1.566900015,13.80000019
"Theory, LOTW k=0.41, B=5.0",1.571400046,13.82499981
"Theory, LOTW k=0.41, B=5.0",1.575799942,13.85000038
"Theory, LOTW k=0.41, B=5.0",1.580299973,13.875
"Theory, LOTW k=0.41, B=5.0",1.584699988,13.89999962
"Theory, LOTW k=0.41, B=5.0",1.58920002,13.92500019
"Theory, LOTW k=0.41, B=5.0",1.593600035,13.94999981
"Theory, LOTW k=0.41, B=5.0",1.598099947,13.97500038
"Theory, LOTW k=0.41, B=5.0",1.602499962,14.0
"Theory, LOTW k=0.41, B=5.0",1.606999993,14.02499962
"Theory, LOTW k=0.41, B=5.0",1.611500025,14.05000019
"Theory, LOTW k=0.41, B=5.0",1.61590004,14.07499981
"Theory, LOTW k=0.41, B=5.0",1.620399952,14.10000038
"Theory, LOTW k=0.41, B=5.0",1.624799967,14.125
"Theory, LOTW k=0.41, B=5.0",1.629299998,14.14999962
"Theory, LOTW k=0.41, B=5.0",1.633700013,14.17500019
"Theory, LOTW k=0.41, B=5.0",1.638200045,14.19999981
"Theory, LOTW k=0.41, B=5.0",1.64260006,14.22500038
"Theory, LOTW k=0.41, B=5.0",1.647099972,14.25
"Theory, LOTW k=0.41, B=5.0",1.651499987,14.27499962
"Theory, LOTW k=0.41, B=5.0",1.656000018,14.30000019
"Theory, LOTW k=0.41, B=5.0",1.660400033,14.32499981
"Theory, LOTW k=0.41, B=5.0",1.664899945,14.35000038
"Theory, LOTW k=0.41, B=5.0",1.66929996,14.375
"Theory, LOTW k=0.41, B=5.0",1.673799992,14.39999962
"Theory, LOTW k=0.41, B=5.0",1.678200006,14.42500019
"Theory, LOTW k=0.41, B=5.0",1.682700038,14.44999981
"Theory, LOTW k=0.41, B=5.0",1.687100053,14.47500038
"Theory, LOTW k=0.41, B=5.0",1.691599965,14.5
"Theory, LOTW k=0.41, B=5.0",1.69599998,14.52499962
"Theory, LOTW k=0.41, B=5.0",1.700500011,14.55000019
"Theory, LOTW k=0.41, B=5.0",1.704900026,14.57499981
"Theory, LOTW k=0.41, B=5.0",1.709400058,14.60000038
"Theory, LOTW k=0.41, B=5.0",1.713799953,14.625
"Theory, LOTW k=0.41, B=5.0",1.718299985,14.64999962
"Theory, LOTW k=0.41, B=5.0",1.7227,14.67500019
"Theory, LOTW k=0.41, B=5.0",1.727200031,14.69999981
"Theory, LOTW k=0.41, B=5.0",1.731600046,14.72500038
"Theory, LOTW k=0.41, B=5.0",1.736099958,14.75
"Theory, LOTW k=0.41, B=5.0",1.740499973,14.77499962
"Theory, LOTW k=0.41, B=5.0",1.745000005,14.80000019
"Theory, LOTW k=0.41, B=5.0",1.749500036,14.82499981
"Theory, LOTW k=0.41, B=5.0",1.753900051,14.85000038
"Theory, LOTW k=0.41, B=5.0",1.758399963,14.875
"Theory, LOTW k=0.41, B=5.0",1.762799978,14.89999962
"Theory, LOTW k=0.41, B=5.0",1.76730001,14.92500019
"Theory, LOTW k=0.41, B=5.0",1.771700025,14.94999981
"Theory, LOTW k=0.41, B=5.0",1.776200056,14.97500038
"Theory, LOTW k=0.41, B=5.0",1.780599952,15.0
"Theory, LOTW k=0.41, B=5.0",1.785099983,15.02499962
"Theory, LOTW k=0.41, B=5.0",1.789499998,15.05000019
"Theory, LOTW k=0.41, B=5.0",1.79400003,15.07499981
"Theory, LOTW k=0.41, B=5.0",1.798400044,15.10000038
"Theory, LOTW k=0.41, B=5.0",1.802899957,15.125
"Theory, LOTW k=0.41, B=5.0",1.807299972,15.14999962
"Theory, LOTW k=0.41, B=5.0",1.811800003,15.17500019
"Theory, LOTW k=0.41, B=5.0",1.816200018,15.19999981
"Theory, LOTW k=0.41, B=5.0",1.820700049,15.22500038
"Theory, LOTW k=0.41, B=5.0",1.825099945,15.25
"Theory, LOTW k=0.41, B=5.0",1.829599977,15.27499962
"Theory, LOTW k=0.41, B=5.0",1.833999991,15.30000019
"Theory, LOTW k=0.41, B=5.0",1.838500023,15.32499981
"Theory, LOTW k=0.41, B=5.0",1.842900038,15.35000038
"Theory, LOTW k=0.41, B=5.0",1.84739995,15.375
"Theory, LOTW k=0.41, B=5.0",1.851799965,15.39999962
"Theory, LOTW k=0.41, B=5.0",1.856299996,15.42500019
"Theory, LOTW k=0.41, B=5.0",1.860700011,15.44999981
"Theory, LOTW k=0.41, B=5.0",1.865200043,15.47500038
"Theory, LOTW k=0.41, B=5.0",1.869600058,15.5
"Theory, LOTW k=0.41, B=5.0",1.87409997,15.52499962
"Theory, LOTW k=0.41, B=5.0",1.878499985,15.55000019
"Theory, LOTW k=0.41, B=5.0",1.883000016,15.57499981
"Theory, LOTW k=0.41, B=5.0",1.887400031,15.60000038
"Theory, LOTW k=0.41, B=5.0",1.891899943,15.625
"Theory, LOTW k=0.41, B=5.0",1.896399975,15.64999962
"Theory, LOTW k=0.41, B=5.0",1.90079999,15.67500019
"Theory, LOTW k=0.41, B=5.0",1.905300021,15.69999981
"Theory, LOTW k=0.41, B=5.0",1.909700036,15.72500038
"Theory, LOTW k=0.41, B=5.0",1.914199948,15.75
"Theory, LOTW k=0.41, B=5.0",1.918599963,15.77499962
"Theory, LOTW k=0.41, B=5.0",1.923099995,15.80000019
"Theory, LOTW k=0.41, B=5.0",1.92750001,15.82499981
"Theory, LOTW k=0.41, B=5.0",1.932000041,15.85000038
"Theory, LOTW k=0.41, B=5.0",1.936400056,15.875
"Theory, LOTW k=0.41, B=5.0",1.940899968,15.89999962
"Theory, LOTW k=0.41, B=5.0",1.945299983,15.92500019
"Theory, LOTW k=0.41, B=5.0",1.949800014,15.94999981
"Theory, LOTW k=0.41, B=5.0",1.954200029,15.97500038
"Theory, LOTW k=0.41, B=5.0",1.958699942,16.0
"Theory, LOTW k=0.41, B=5.0",1.963099957,16.02499962
"Theory, LOTW k=0.41, B=5.0",1.967599988,16.04999924
"Theory, LOTW k=0.41, B=5.0",1.972000003,16.07500076
"Theory, LOTW k=0.41, B=5.0",1.976500034,16.10000038
"Theory, LOTW k=0.41, B=5.0",1.980900049,16.125
"Theory, LOTW k=0.41, B=5.0",1.985399961,16.14999962
"Theory, LOTW k=0.41, B=5.0",1.989799976,16.17499924
"Theory, LOTW k=0.41, B=5.0",1.994300008,16.20000076
"Theory, LOTW k=0.41, B=5.0",1.998700023,16.22500038
"Theory, LOTW k=0.41, B=5.0",2.003200054,16.25
"Theory, LOTW k=0.41, B=5.0",2.007600069,16.27499962
"Theory, LOTW k=0.41, B=5.0",2.012099981,16.29999924
"Theory, LOTW k=0.41, B=5.0",2.016499996,16.32500076
"Theory, LOTW k=0.41, B=5.0",2.020999908,16.35000038
"Theory, LOTW k=0.41, B=5.0",2.025399923,16.375
"Theory, LOTW k=0.41, B=5.0",2.029900074,16.39999962
"Theory, LOTW k=0.41, B=5.0",2.034300089,16.42499924
"Theory, LOTW k=0.41, B=5.0",2.038800001,16.45000076
"Theory, LOTW k=0.41, B=5.0",2.043299913,16.47500038
"Theory, LOTW k=0.41, B=5.0",2.047699928,16.5
"Theory, LOTW k=0.41, B=5.0",2.052200079,16.52499962
"Theory, LOTW k=0.41, B=5.0",2.056600094,16.54999924
"Theory, LOTW k=0.41, B=5.0",2.061100006,16.57500076
"Theory, LOTW k=0.41, B=5.0",2.065500021,16.60000038
"Theory, LOTW k=0.41, B=5.0",2.069999933,16.625
"Theory, LOTW k=0.41, B=5.0",2.074399948,16.64999962
"Theory, LOTW k=0.41, B=5.0",2.078900099,16.67499924
"Theory, LOTW k=0.41, B=5.0",2.083300114,16.70000076
"Theory, LOTW k=0.41, B=5.0",2.087800026,16.72500038
"Theory, LOTW k=0.41, B=5.0",2.092200041,16.75
"Theory, LOTW k=0.41, B=5.0",2.096699953,16.77499962
"Theory, LOTW k=0.41, B=5.0",2.101099968,16.79999924
"Theory, LOTW k=0.41, B=5.0",2.105600119,16.82500076
"Theory, LOTW k=0.41, B=5.0",2.109999895,16.85000038
"Theory, LOTW k=0.41, B=5.0",2.114500046,16.875
"Theory, LOTW k=0.41, B=5.0",2.118900061,16.89999962
"Theory, LOTW k=0.41, B=5.0",2.123399973,16.92499924
"Theory, LOTW k=0.41, B=5.0",2.127799988,16.95000076
"Theory, LOTW k=0.41, B=5.0",2.1322999,16.97500038
"Theory, LOTW k=0.41, B=5.0",2.136699915,17.0
"Theory, LOTW k=0.41, B=5.0",2.141200066,17.02499962
"Theory, LOTW k=0.41, B=5.0",2.14560008,17.04999924
"Theory, LOTW k=0.41, B=5.0",2.150099993,17.07500076
"Theory, LOTW k=0.41, B=5.0",2.154500008,17.10000038
"Theory, LOTW k=0.41, B=5.0",2.15899992,17.125
"Theory, LOTW k=0.41, B=5.0",2.163399935,17.14999962
"Theory, LOTW k=0.41, B=5.0",2.167900085,17.17499924
"Theory, LOTW k=0.41, B=5.0",2.1723001,17.20000076
"Theory, LOTW k=0.41, B=5.0",2.176800013,17.22500038
"Theory, LOTW k=0.41, B=5.0",2.181200027,17.25
"Theory, LOTW k=0.41, B=5.0",2.18569994,17.27499962
"Theory, LOTW k=0.41, B=5.0",2.19020009,17.29999924
"Theory, LOTW k=0.41, B=5.0",2.194600105,17.32500076
"Theory, LOTW k=0.41, B=5.0",2.199100018,17.35000038
"Theory, LOTW k=0.41, B=5.0",2.203500032,17.375
"Theory, LOTW k=0.41, B=5.0",2.207999945,17.39999962
"Theory, LOTW k=0.41, B=5.0",2.21239996,17.42499924
"Theory, LOTW k=0.41, B=5.0",2.21690011,17.45000076
"Theory, LOTW k=0.41, B=5.0",2.221299887,17.47500038
"Theory, LOTW k=0.41, B=5.0",2.225800037,17.5
"Theory, LOTW k=0.41, B=5.0",2.230200052,17.52499962
"Theory, LOTW k=0.41, B=5.0",2.234699965,17.54999924
"Theory, LOTW k=0.41, B=5.0",2.239099979,17.57500076
"Theory, LOTW k=0.41, B=5.0",2.243599892,17.60000038
"Theory, LOTW k=0.41, B=5.0",2.247999907,17.625
"Theory, LOTW k=0.41, B=5.0",2.252500057,17.64999962
"Theory, LOTW k=0.41, B=5.0",2.256900072,17.67499924
"Theory, LOTW k=0.41, B=5.0",2.261399984,17.70000076
"Theory, LOTW k=0.41, B=5.0",2.265799999,17.72500038
"Theory, LOTW k=0.41, B=5.0",2.270299911,17.75
"Theory, LOTW k=0.41, B=5.0",2.274699926,17.77499962
"Theory, LOTW k=0.41, B=5.0",2.279200077,17.79999924
"Theory, LOTW k=0.41, B=5.0",2.283600092,17.82500076
"Theory, LOTW k=0.41, B=5.0",2.288100004,17.85000038
"Theory, LOTW k=0.41, B=5.0",2.292500019,17.875
"Theory, LOTW k=0.41, B=5.0",2.296999931,17.89999962
"Theory, LOTW k=0.41, B=5.0",2.301399946,17.92499924
"Theory, LOTW k=0.41, B=5.0",2.305900097,17.95000076
"Theory, LOTW k=0.41, B=5.0",2.310300112,17.97500038
"Theory, LOTW k=0.41, B=5.0",2.314800024,18.0
"Theory, LOTW k=0.41, B=5.0",2.319200039,18.02499962
"Theory, LOTW k=0.41, B=5.0",2.323699951,18.04999924
"Theory, LOTW k=0.41, B=5.0",2.328099966,18.07500076
"Theory, LOTW k=0.41, B=5.0",2.332600117,18.10000038
"Theory, LOTW k=0.41, B=5.0",2.337100029,18.125
"Theory, LOTW k=0.41, B=5.0",2.341500044,18.14999962
"Theory, LOTW k=0.41, B=5.0",2.345999956,18.17499924
"Theory, LOTW k=0.41, B=5.0",2.350399971,18.20000076
"Theory, LOTW k=0.41, B=5.0",2.354899883,18.22500038
"Theory, LOTW k=0.41, B=5.0",2.359299898,18.25
"Theory, LOTW k=0.41, B=5.0",2.363800049,18.27499962
"Theory, LOTW k=0.41, B=5.0",2.368200064,18.29999924
"Theory, LOTW k=0.41, B=5.0",2.372699976,18.32500076
"Theory, LOTW k=0.41, B=5.0",2.377099991,18.35000038
"Theory, LOTW k=0.41, B=5.0",2.381599903,18.375
"Theory, LOTW k=0.41, B=5.0",2.385999918,18.39999962
"Theory, LOTW k=0.41, B=5.0",2.390500069,18.42499924
"Theory, LOTW k=0.41, B=5.0",2.394900084,18.45000076
"Theory, LOTW k=0.41, B=5.0",2.399399996,18.47500038
"Theory, LOTW k=0.41, B=5.0",2.403800011,18.5
"Theory, LOTW k=0.41, B=5.0",2.408299923,18.52499962
"Theory, LOTW k=0.41, B=5.0",2.412699938,18.54999924
"Theory, LOTW k=0.41, B=5.0",2.417200089,18.57500076
"Theory, LOTW k=0.41, B=5.0",2.421600103,18.60000038
"Theory, LOTW k=0.41, B=5.0",2.426100016,18.625
"Theory, LOTW k=0.41, B=5.0",2.430500031,18.64999962
"Theory, LOTW k=0.41, B=5.0",2.434999943,18.67499924
"Theory, LOTW k=0.41, B=5.0",2.439399958,18.70000076
"Theory, LOTW k=0.41, B=5.0",2.443900108,18.72500038
"Theory, LOTW k=0.41, B=5.0",2.448299885,18.75
"Theory, LOTW k=0.41, B=5.0",2.452800035,18.77499962
"Theory, LOTW k=0.41, B=5.0",2.45720005,18.79999924
"Theory, LOTW k=0.41, B=5.0",2.461699963,18.82500076
"Theory, LOTW k=0.41, B=5.0",2.466099977,18.85000038
"Theory, LOTW k=0.41, B=5.0",2.47059989,18.875
"Theory, LOTW k=0.41, B=5.0",2.474999905,18.89999962
"Theory, LOTW k=0.41, B=5.0",2.479500055,18.92499924
"Theory, LOTW k=0.41, B=5.0",2.483999968,18.95000076
"Theory, LOTW k=0.41, B=5.0",2.488399982,18.97500038
"Theory, LOTW k=0.41, B=5.0",2.492899895,19.0
"Theory, LOTW k=0.41, B=5.0",2.49729991,19.02499962
"Theory, LOTW k=0.41, B=5.0",2.50180006,19.04999924
"Theory, LOTW k=0.41, B=5.0",2.506200075,19.07500076
"Theory, LOTW k=0.41, B=5.0",2.510699987,19.10000038
"Theory, LOTW k=0.41, B=5.0",2.515100002,19.125
"Theory, LOTW k=0.41, B=5.0",2.519599915,19.14999962
"Theory, LOTW k=0.41, B=5.0",2.523999929,19.17499924
"Theory, LOTW k=0.41, B=5.0",2.52850008,19.20000076
"Theory, LOTW k=0.41, B=5.0",2.532900095,19.22500038
"Theory, LOTW k=0.41, B=5.0",2.537400007,19.25
"Theory, LOTW k=0.41, B=5.0",2.541800022,19.27499962
"Theory, LOTW k=0.41, B=5.0",2.546299934,19.29999924
"Theory, LOTW k=0.41, B=5.0",2.550699949,19.32500076
"Theory, LOTW k=0.41, B=5.0",2.5552001,19.35000038
"Theory, LOTW k=0.41, B=5.0",2.559600115,19.375
"Theory, LOTW k=0.41, B=5.0",2.564100027,19.39999962
"Theory, LOTW k=0.41, B=5.0",2.568500042,19.42499924
"Theory, LOTW k=0.41, B=5.0",2.572999954,19.45000076
"Theory, LOTW k=0.41, B=5.0",2.577399969,19.47500038
"Theory, LOTW k=0.41, B=5.0",2.581899881,19.5
"Theory, LOTW k=0.41, B=5.0",2.586299896,19.52499962
"Theory, LOTW k=0.41, B=5.0",2.590800047,19.54999924
"Theory, LOTW k=0.41, B=5.0",2.595200062,19.57500076
"Theory, LOTW k=0.41, B=5.0",2.599699974,19.60000038
"Theory, LOTW k=0.41, B=5.0",2.604099989,19.625
"Theory, LOTW k=0.41, B=5.0",2.608599901,19.64999962
"Theory, LOTW k=0.41, B=5.0",2.612999916,19.67499924
"Theory, LOTW k=0.41, B=5.0",2.617500067,19.70000076
"Theory, LOTW k=0.41, B=5.0",2.621900082,19.72500038
"Theory, LOTW k=0.41, B=5.0",2.626399994,19.75
"Theory, LOTW k=0.41, B=5.0",2.630899906,19.77499962
"Theory, LOTW k=0.41, B=5.0",2.635299921,19.79999924
"Theory, LOTW k=0.41, B=5.0",2.639800072,19.82500076
"Theory, LOTW k=0.41, B=5.0",2.644200087,19.85000038
"Theory, LOTW k=0.41, B=5.0",2.648699999,19.875
"Theory, LOTW k=0.41, B=5.0",2.653100014,19.89999962
"Theory, LOTW k=0.41, B=5.0",2.657599926,19.92499924
"Theory, LOTW k=0.41, B=5.0",2.661999941,19.95000076
"Theory, LOTW k=0.41, B=5.0",2.666500092,19.97500038
"Theory, LOTW k=0.41, B=5.0",2.670900106,20.0
"Theory, LOTW k=0.41, B=5.0",2.675400019,20.02499962
"Theory, LOTW k=0.41, B=5.0",2.679800034,20.04999924
"Theory, LOTW k=0.41, B=5.0",2.684299946,20.07500076
"Theory, LOTW k=0.41, B=5.0",2.688699961,20.10000038
"Theory, LOTW k=0.41, B=5.0",2.693200111,20.125
"Theory, LOTW k=0.41, B=5.0",2.697599888,20.14999962
"Theory, LOTW k=0.41, B=5.0",2.702100039,20.17499924
"Theory, LOTW k=0.41, B=5.0",2.706500053,20.20000076
"Theory, LOTW k=0.41, B=5.0",2.710999966,20.22500038
"Theory, LOTW k=0.41, B=5.0",2.715399981,20.25
"Theory, LOTW k=0.41, B=5.0",2.719899893,20.27499962
"Theory, LOTW k=0.41, B=5.0",2.724299908,20.29999924
"Theory, LOTW k=0.41, B=5.0",2.728800058,20.32500076
"Theory, LOTW k=0.41, B=5.0",2.733200073,20.35000038
"Theory, LOTW k=0.41, B=5.0",2.737699986,20.375
"Theory, LOTW k=0.41, B=5.0",2.7421,20.39999962
"Theory, LOTW k=0.41, B=5.0",2.746599913,20.42499924
"Theory, LOTW k=0.41, B=5.0",2.750999928,20.45000076
"Theory, LOTW k=0.41, B=5.0",2.755500078,20.47500038
"Theory, LOTW k=0.41, B=5.0",2.759900093,20.5
"Theory, LOTW k=0.41, B=5.0",2.764400005,20.52499962
"Theory, LOTW k=0.41, B=5.0",2.76880002,20.54999924
"Theory, LOTW k=0.41, B=5.0",2.773299932,20.57500076
"Theory, LOTW k=0.41, B=5.0",2.777800083,20.60000038
"Theory, LOTW k=0.41, B=5.0",2.782200098,20.625
"Theory, LOTW k=0.41, B=5.0",2.78670001,20.64999962
"Theory, LOTW k=0.41, B=5.0",2.791100025,20.67499924
"Theory, LOTW k=0.41, B=5.0",2.795599937,20.70000076
"Theory, LOTW k=0.41, B=5.0",2.799999952,20.72500038
"Theory, LOTW k=0.41, B=5.0",2.804500103,20.75
"Theory, LOTW k=0.41, B=5.0",2.808900118,20.77499962
"Theory, LOTW k=0.41, B=5.0",2.81340003,20.79999924
"Theory, LOTW k=0.41, B=5.0",2.817800045,20.82500076
"Theory, LOTW k=0.41, B=5.0",2.822299957,20.85000038
"Theory, LOTW k=0.41, B=5.0",2.826699972,20.875
"Theory, LOTW k=0.41, B=5.0",2.831199884,20.89999962
"Theory, LOTW k=0.41, B=5.0",2.835599899,20.92499924
"Theory, LOTW k=0.41, B=5.0",2.84010005,20.95000076
"Theory, LOTW k=0.41, B=5.0",2.844500065,20.97500038
"Theory, LOTW k=0.41, B=5.0",2.848999977,21.0
"Theory, LOTW k=0.41, B=5.0",2.853399992,21.02499962
"Theory, LOTW k=0.41, B=5.0",2.857899904,21.04999924
"Theory, LOTW k=0.41, B=5.0",2.862299919,21.07500076
"Theory, LOTW k=0.41, B=5.0",2.86680007,21.10000038
"Theory, LOTW k=0.41, B=5.0",2.871200085,21.125
"Theory, LOTW k=0.41, B=5.0",2.875699997,21.14999962
"Theory, LOTW k=0.41, B=5.0",2.880100012,21.17499924
"Theory, LOTW k=0.41, B=5.0",2.884599924,21.20000076
"Theory, LOTW k=0.41, B=5.0",2.888999939,21.22500038
"Theory, LOTW k=0.41, B=5.0",2.89350009,21.25
"Theory, LOTW k=0.41, B=5.0",2.897900105,21.27499962
"Theory, LOTW k=0.41, B=5.0",2.902400017,21.29999924
"Theory, LOTW k=0.41, B=5.0",2.906800032,21.32500076
"Theory, LOTW k=0.41, B=5.0",2.911299944,21.35000038
"Theory, LOTW k=0.41, B=5.0",2.915800095,21.375
"Theory, LOTW k=0.41, B=5.0",2.920200109,21.39999962
"Theory, LOTW k=0.41, B=5.0",2.924700022,21.42499924
"Theory, LOTW k=0.41, B=5.0",2.929100037,21.45000076
"Theory, LOTW k=0.41, B=5.0",2.933599949,21.47500038
"Theory, LOTW k=0.41, B=5.0",2.937999964,21.5
"Theory, LOTW k=0.41, B=5.0",2.942500114,21.52499962
"Theory, LOTW k=0.41, B=5.0",2.946899891,21.54999924
"Theory, LOTW k=0.41, B=5.0",2.951400042,21.57500076
"Theory, LOTW k=0.41, B=5.0",2.955800056,21.60000038
"Theory, LOTW k=0.41, B=5.0",2.960299969,21.625
"Theory, LOTW k=0.41, B=5.0",2.964699984,21.64999962
"Theory, LOTW k=0.41, B=5.0",2.969199896,21.67499924
"Theory, LOTW k=0.41, B=5.0",2.973599911,21.70000076
"Theory, LOTW k=0.41, B=5.0",2.978100061,21.72500038
"Theory, LOTW k=0.41, B=5.0",2.982500076,21.75
"Theory, LOTW k=0.41, B=5.0",2.986999989,21.77499962
"Theory, LOTW k=0.41, B=5.0",2.991400003,21.79999924
"Theory, LOTW k=0.41, B=5.0",2.995899916,21.82500076
"Theory, LOTW k=0.41, B=5.0",3.000299931,21.85000038
"Theory, LOTW k=0.41, B=5.0",3.004800081,21.875
"Theory, LOTW k=0.41, B=5.0",3.009200096,21.89999962
"Theory, LOTW k=0.41, B=5.0",3.013700008,21.92499924
"Theory, LOTW k=0.41, B=5.0",3.018100023,21.95000076
"Theory, LOTW k=0.41, B=5.0",3.022599936,21.97500038
"Theory, LOTW k=0.41, B=5.0",3.02699995,22.0
"Theory, LOTW k=0.41, B=5.0",3.031500101,22.02499962
"Theory, LOTW k=0.41, B=5.0",3.035900116,22.04999924
"Theory, LOTW k=0.41, B=5.0",3.040400028,22.07500076
"Theory, LOTW k=0.41, B=5.0",3.044800043,22.10000038
"Theory, LOTW k=0.41, B=5.0",3.049299955,22.125
"Theory, LOTW k=0.41, B=5.0",3.05369997,22.14999962
"Theory, LOTW k=0.41, B=5.0",3.058199883,22.17499924
"Theory, LOTW k=0.41, B=5.0",3.062700033,22.20000076
"Theory, LOTW k=0.41, B=5.0",3.067100048,22.22500038
"Theory, LOTW k=0.41, B=5.0",3.07159996,22.25
"Theory, LOTW k=0.41, B=5.0",3.075999975,22.27499962
"Theory, LOTW k=0.41, B=5.0",3.080499887,22.29999924
"Theory, LOTW k=0.41, B=5.0",3.084899902,22.32500076
"Theory, LOTW k=0.41, B=5.0",3.089400053,22.35000038
"Theory, LOTW k=0.41, B=5.0",3.093800068,22.375
"Theory, LOTW k=0.41, B=5.0",3.09829998,22.39999962
"Theory, LOTW k=0.41, B=5.0",3.102699995,22.42499924
"Theory, LOTW k=0.41, B=5.0",3.107199907,22.45000076
"Theory, LOTW k=0.41, B=5.0",3.111599922,22.47500038
"Theory, LOTW k=0.41, B=5.0",3.116100073,22.5
"Theory, LOTW k=0.41, B=5.0",3.120500088,22.52499962
"Theory, LOTW k=0.41, B=5.0",3.125,22.54999924
"Theory, LOTW k=0.41, B=5.0",3.129400015,22.57500076
"Theory, LOTW k=0.41, B=5.0",3.133899927,22.60000038
"Theory, LOTW k=0.41, B=5.0",3.138299942,22.625
"Theory, LOTW k=0.41, B=5.0",3.142800093,22.64999962
"Theory, LOTW k=0.41, B=5.0",3.147200108,22.67499924
"Theory, LOTW k=0.41, B=5.0",3.15170002,22.70000076
"Theory, LOTW k=0.41, B=5.0",3.156100035,22.72500038
"Theory, LOTW k=0.41, B=5.0",3.160599947,22.75
"Theory, LOTW k=0.41, B=5.0",3.164999962,22.77499962
"Theory, LOTW k=0.41, B=5.0",3.169500113,22.79999924
"Theory, LOTW k=0.41, B=5.0",3.173899889,22.82500076
"Theory, LOTW k=0.41, B=5.0",3.17840004,22.85000038
"Theory, LOTW k=0.41, B=5.0",3.182800055,22.875
"Theory, LOTW k=0.41, B=5.0",3.187299967,22.89999962
"Theory, LOTW k=0.41, B=5.0",3.191699982,22.92499924
"Theory, LOTW k=0.41, B=5.0",3.196199894,22.95000076
"Theory, LOTW k=0.41, B=5.0",3.200599909,22.97500038
"Theory, LOTW k=0.41, B=5.0",3.20510006,23.0
"Theory, LOTW k=0.41, B=5.0",3.209599972,23.02499962
"Theory, LOTW k=0.41, B=5.0",3.213999987,23.04999924
"Theory, LOTW k=0.41, B=5.0",3.218499899,23.07500076
"Theory, LOTW k=0.41, B=5.0",3.222899914,23.10000038
"Theory, LOTW k=0.41, B=5.0",3.227400064,23.125
"Theory, LOTW k=0.41, B=5.0",3.231800079,23.14999962
"Theory, LOTW k=0.41, B=5.0",3.236299992,23.17499924
"Theory, LOTW k=0.41, B=5.0",3.240700006,23.20000076
"Theory, LOTW k=0.41, B=5.0",3.245199919,23.22500038
"Theory, LOTW k=0.41, B=5.0",3.249599934,23.25
"Theory, LOTW k=0.41, B=5.0",3.254100084,23.27499962
"Theory, LOTW k=0.41, B=5.0",3.258500099,23.29999924
"Theory, LOTW k=0.41, B=5.0",3.263000011,23.32500076
"Theory, LOTW k=0.41, B=5.0",3.267400026,23.35000038
"Theory, LOTW k=0.41, B=5.0",3.271899939,23.375
"Theory, LOTW k=0.41, B=5.0",3.276299953,23.39999962
"Theory, LOTW k=0.41, B=5.0",3.280800104,23.42499924
"Theory, LOTW k=0.41, B=5.0",3.285200119,23.45000076
"Theory, LOTW k=0.41, B=5.0",3.289700031,23.47500038
"Theory, LOTW k=0.41, B=5.0",3.294100046,23.5
"Theory, LOTW k=0.41, B=5.0",3.298599958,23.52499962
"Theory, LOTW k=0.41, B=5.0",3.302999973,23.54999924
"Theory, LOTW k=0.41, B=5.0",3.307499886,23.57500076
"Theory, LOTW k=0.41, B=5.0",3.3118999,23.60000038
"Theory, LOTW k=0.41, B=5.0",3.316400051,23.625
"Theory, LOTW k=0.41, B=5.0",3.320800066,23.64999962
"Theory, LOTW k=0.41, B=5.0",3.325299978,23.67499924
"Theory, LOTW k=0.41, B=5.0",3.329699993,23.70000076
"Theory, LOTW k=0.41, B=5.0",3.334199905,23.72500038
"Theory, LOTW k=0.41, B=5.0",3.33859992,23.75
"Theory, LOTW k=0.41, B=5.0",3.343100071,23.77499962
"Theory, LOTW k=0.41, B=5.0",3.347500086,23.79999924
"Theory, LOTW k=0.41, B=5.0",3.351999998,23.82500076
"Theory, LOTW k=0.41, B=5.0",3.35649991,23.85000038
"Theory, LOTW k=0.41, B=5.0",3.360899925,23.875
"Theory, LOTW k=0.41, B=5.0",3.365400076,23.89999962
"Theory, LOTW k=0.41, B=5.0",3.369800091,23.92499924
"Theory, LOTW k=0.41, B=5.0",3.374300003,23.95000076
"Theory, LOTW k=0.41, B=5.0",3.378700018,23.97500038
"Theory, LOTW k=0.41, B=5.0",3.38319993,24.0
"Theory, LOTW k=0.41, B=5.0",3.387599945,24.02499962
"Theory, LOTW k=0.41, B=5.0",3.392100096,24.04999924
"Theory, LOTW k=0.41, B=5.0",3.396500111,24.07500076
"Theory, LOTW k=0.41, B=5.0",3.401000023,24.10000038
"Theory, LOTW k=0.41, B=5.0",3.405400038,24.125
"Theory, LOTW k=0.41, B=5.0",3.40989995,24.14999962
"Theory, LOTW k=0.41, B=5.0",3.414299965,24.17499924
"Theory, LOTW k=0.41, B=5.0",3.418800116,24.20000076
"Theory, LOTW k=0.41, B=5.0",3.423199892,24.22500038
"Theory, LOTW k=0.41, B=5.0",3.427700043,24.25
"Theory, LOTW k=0.41, B=5.0",3.432100058,24.27499962
"Theory, LOTW k=0.41, B=5.0",3.43659997,24.29999924
"Theory, LOTW k=0.41, B=5.0",3.440999985,24.32500076
"Theory, LOTW k=0.41, B=5.0",3.445499897,24.35000038
"Theory, LOTW k=0.41, B=5.0",3.449899912,24.375
"Theory, LOTW k=0.41, B=5.0",3.454400063,24.39999962
"Theory, LOTW k=0.41, B=5.0",3.458800077,24.42499924
"Theory, LOTW k=0.41, B=5.0",3.46329999,24.45000076
"Theory, LOTW k=0.41, B=5.0",3.467700005,24.47500038
"Theory, LOTW k=0.41, B=5.0",3.472199917,24.5
"Theory, LOTW k=0.41, B=5.0",3.476599932,24.52499962
"Theory, LOTW k=0.41, B=5.0",3.481100082,24.54999924
"Theory, LOTW k=0.41, B=5.0",3.485500097,24.57500076
"Theory, LOTW k=0.41, B=5.0",3.49000001,24.60000038
"Theory, LOTW k=0.41, B=5.0",3.494400024,24.625
"Theory, LOTW k=0.41, B=5.0",3.498899937,24.64999962
"Theory, LOTW k=0.41, B=5.0",3.503400087,24.67499924
"Theory, LOTW k=0.41, B=5.0",3.507800102,24.70000076
"Theory, LOTW k=0.41, B=5.0",3.512300014,24.72500038
"Theory, LOTW k=0.41, B=5.0",3.516700029,24.75
"Theory, LOTW k=0.41, B=5.0",3.521199942,24.77499962
"Theory, LOTW k=0.41, B=5.0",3.525599957,24.79999924
"Theory, LOTW k=0.41, B=5.0",3.530100107,24.82500076
"Theory, LOTW k=0.41, B=5.0",3.534499884,24.85000038
"Theory, LOTW k=0.41, B=5.0",3.539000034,24.875
"Theory, LOTW k=0.41, B=5.0",3.543400049,24.89999962
"Theory, LOTW k=0.41, B=5.0",3.547899961,24.92499924
"Theory, LOTW k=0.41, B=5.0",3.552299976,24.95000076
"Theory, LOTW k=0.41, B=5.0",3.556799889,24.97500038
"Theory, LOTW k=0.41, B=5.0",3.561199903,25.0
"Theory, LOTW k=0.41, B=5.0",3.565700054,25.02499962
"Theory, LOTW k=0.41, B=5.0",3.570100069,25.04999924
"Theory, LOTW k=0.41, B=5.0",3.574599981,25.07500076
"Theory, LOTW k=0.41, B=5.0",3.578999996,25.10000038
"Theory, LOTW k=0.41, B=5.0",3.583499908,25.125
"Theory, LOTW k=0.41, B=5.0",3.587899923,25.14999962
"Theory, LOTW k=0.41, B=5.0",3.592400074,25.17499924
"Theory, LOTW k=0.41, B=5.0",3.596800089,25.20000076
"Theory, LOTW k=0.41, B=5.0",3.601300001,25.22500038
"Theory, LOTW k=0.41, B=5.0",3.605700016,25.25
"Theory, LOTW k=0.41, B=5.0",3.610199928,25.27499962
"Theory, LOTW k=0.41, B=5.0",3.614599943,25.29999924
"Theory, LOTW k=0.41, B=5.0",3.619100094,25.32500076
"Theory, LOTW k=0.41, B=5.0",3.623500109,25.35000038
"Theory, LOTW k=0.41, B=5.0",3.628000021,25.375
"Theory, LOTW k=0.41, B=5.0",3.632400036,25.39999962
"Theory, LOTW k=0.41, B=5.0",3.636899948,25.42499924
"Theory, LOTW k=0.41, B=5.0",3.641299963,25.45000076
"Theory, LOTW k=0.41, B=5.0",3.645800114,25.47500038
"Theory, LOTW k=0.41, B=5.0",3.650300026,25.5
"Theory, LOTW k=0.41, B=5.0",3.654700041,25.52499962
"Theory, LOTW k=0.41, B=5.0",3.659199953,25.54999924
"Theory, LOTW k=0.41, B=5.0",3.663599968,25.57500076
"Theory, LOTW k=0.41, B=5.0",3.668100119,25.60000038
"Theory, LOTW k=0.41, B=5.0",3.672499895,25.625
"Theory, LOTW k=0.41, B=5.0",3.677000046,25.64999962
"Theory, LOTW k=0.41, B=5.0",3.681400061,25.67499924
"Theory, LOTW k=0.41, B=5.0",3.685899973,25.70000076
"Theory, LOTW k=0.41, B=5.0",3.690299988,25.72500038
"Theory, LOTW k=0.41, B=5.0",3.6947999,25.75
"Theory, LOTW k=0.41, B=5.0",3.699199915,25.77499962
"Theory, LOTW k=0.41, B=5.0",3.703700066,25.79999924
"Theory, LOTW k=0.41, B=5.0",3.70810008,25.82500076
"Theory, LOTW k=0.41, B=5.0",3.712599993,25.85000038
"Theory, LOTW k=0.41, B=5.0",3.717000008,25.875
"Theory, LOTW k=0.41, B=5.0",3.72149992,25.89999962
"Theory, LOTW k=0.41, B=5.0",3.725899935,25.92499924
"Theory, LOTW k=0.41, B=5.0",3.730400085,25.95000076
"Theory, LOTW k=0.41, B=5.0",3.7348001,25.97500038
"Theory, LOTW k=0.41, B=5.0",3.739300013,26.0
"Theory, LOTW k=0.41, B=5.0",3.743700027,26.02499962
"Theory, LOTW k=0.41, B=5.0",3.74819994,26.04999924
"Theory, LOTW k=0.41, B=5.0",3.752599955,26.07500076
"Theory, LOTW k=0.41, B=5.0",3.757100105,26.10000038
"Theory, LOTW k=0.41, B=5.0",3.761499882,26.125
"Theory, LOTW k=0.41, B=5.0",3.766000032,26.14999962
"Theory, LOTW k=0.41, B=5.0",3.770400047,26.17499924
"Theory, LOTW k=0.41, B=5.0",3.77489996,26.20000076
"Theory, LOTW k=0.41, B=5.0",3.779299974,26.22500038
"Theory, LOTW k=0.41, B=5.0",3.783799887,26.25
"Theory, LOTW k=0.41, B=5.0",3.788199902,26.27499962
"Theory, LOTW k=0.41, B=5.0",3.792700052,26.29999924
"Theory, LOTW k=0.41, B=5.0",3.797199965,26.32500076
"Theory, LOTW k=0.41, B=5.0",3.801599979,26.35000038
"Theory, LOTW k=0.41, B=5.0",3.806099892,26.375
"Theory, LOTW k=0.41, B=5.0",3.810499907,26.39999962
"Theory, LOTW k=0.41, B=5.0",3.815000057,26.42499924
"Theory, LOTW k=0.41, B=5.0",3.819400072,26.45000076
"Theory, LOTW k=0.41, B=5.0",3.823899984,26.47500038
"Theory, LOTW k=0.41, B=5.0",3.828299999,26.5
"Theory, LOTW k=0.41, B=5.0",3.832799911,26.52499962
"Theory, LOTW k=0.41, B=5.0",3.837199926,26.54999924
"Theory, LOTW k=0.41, B=5.0",3.841700077,26.57500076
"Theory, LOTW k=0.41, B=5.0",3.846100092,26.60000038
"Theory, LOTW k=0.41, B=5.0",3.850600004,26.625
"Theory, LOTW k=0.41, B=5.0",3.855000019,26.64999962
"Theory, LOTW k=0.41, B=5.0",3.859499931,26.67499924
"Theory, LOTW k=0.41, B=5.0",3.863899946,26.70000076
"Theory, LOTW k=0.41, B=5.0",3.868400097,26.72500038
"Theory, LOTW k=0.41, B=5.0",3.872800112,26.75
"Theory, LOTW k=0.41, B=5.0",3.877300024,26.77499962
"Theory, LOTW k=0.41, B=5.0",3.881700039,26.79999924
"Theory, LOTW k=0.41, B=5.0",3.886199951,26.82500076
"Theory, LOTW k=0.41, B=5.0",3.890599966,26.85000038
"Theory, LOTW k=0.41, B=5.0",3.895100117,26.875
"Theory, LOTW k=0.41, B=5.0",3.899499893,26.89999962
"Theory, LOTW k=0.41, B=5.0",3.904000044,26.92499924
"Theory, LOTW k=0.41, B=5.0",3.908400059,26.95000076
"Theory, LOTW k=0.41, B=5.0",3.912899971,26.97500038
"Theory, LOTW k=0.41, B=5.0",3.917299986,27.0
"Theory, LOTW k=0.41, B=5.0",3.921799898,27.02499962
"Theory, LOTW k=0.41, B=5.0",3.926199913,27.04999924
"Theory, LOTW k=0.41, B=5.0",3.930700064,27.07500076
"Theory, LOTW k=0.41, B=5.0",3.935199976,27.10000038
"Theory, LOTW k=0.41, B=5.0",3.939599991,27.125
"Theory, LOTW k=0.41, B=5.0",3.944099903,27.14999962
"Theory, LOTW k=0.41, B=5.0",3.948499918,27.17499924
"Theory, LOTW k=0.41, B=5.0",3.953000069,27.20000076
"Theory, LOTW k=0.41, B=5.0",3.957400084,27.22500038
"Theory, LOTW k=0.41, B=5.0",3.961899996,27.25
"Theory, LOTW k=0.41, B=5.0",3.966300011,27.27499962
"Theory, LOTW k=0.41, B=5.0",3.970799923,27.29999924
"Theory, LOTW k=0.41, B=5.0",3.975199938,27.32500076
"Theory, LOTW k=0.41, B=5.0",3.979700089,27.35000038
"Theory, LOTW k=0.41, B=5.0",3.984100103,27.375
"Theory, LOTW k=0.41, B=5.0",3.988600016,27.39999962
"Theory, LOTW k=0.41, B=5.0",3.993000031,27.42499924
"Theory, LOTW k=0.41, B=5.0",3.997499943,27.45000076
"Theory, LOTW k=0.41, B=5.0",4.001900196,27.47500038
"Theory, LOTW k=0.41, B=5.0",4.006400108,27.5
"Theory, LOTW k=0.41, B=5.0",4.010799885,27.52499962
"Theory, LOTW k=0.41, B=5.0",4.015299797,27.54999924
"Theory, LOTW k=0.41, B=5.0",4.01970005,27.57500076
"Theory, LOTW k=0.41, B=5.0",4.024199963,27.60000038
"Theory, LOTW k=0.41, B=5.0",4.028600216,27.625
"Theory, LOTW k=0.41, B=5.0",4.033100128,27.64999962
"Theory, LOTW k=0.41, B=5.0",4.037499905,27.67499924
"Theory, LOTW k=0.41, B=5.0",4.041999817,27.70000076
"Theory, LOTW k=0.41, B=5.0",4.04640007,27.72500038
"Theory, LOTW k=0.41, B=5.0",4.050899982,27.75
"Theory, LOTW k=0.41, B=5.0",4.055300236,27.77499962
"Theory, LOTW k=0.41, B=5.0",4.059800148,27.79999924
"Theory, LOTW k=0.41, B=5.0",4.064199924,27.82500076
"Theory, LOTW k=0.41, B=5.0",4.068699837,27.85000038
"Theory, LOTW k=0.41, B=5.0",4.07310009,27.875
"Theory, LOTW k=0.41, B=5.0",4.077600002,27.89999962
"Theory, LOTW k=0.41, B=5.0",4.082099915,27.92499924
"Theory, LOTW k=0.41, B=5.0",4.086500168,27.95000076
"Theory, LOTW k=0.41, B=5.0",4.09100008,27.97500038
"Theory, LOTW k=0.41, B=5.0",4.095399857,28.0
"Theory, LOTW k=0.41, B=5.0",4.099899769,28.02499962
"Theory, LOTW k=0.41, B=5.0",4.104300022,28.04999924
"Theory, LOTW k=0.41, B=5.0",4.108799934,28.07500076
"Theory, LOTW k=0.41, B=5.0",4.113200188,28.10000038
"Theory, LOTW k=0.41, B=5.0",4.1177001,28.125
"Theory, LOTW k=0.41, B=5.0",4.122099876,28.14999962
"Theory, LOTW k=0.41, B=5.0",4.126599789,28.17499924
"Theory, LOTW k=0.41, B=5.0",4.131000042,28.20000076
"Theory, LOTW k=0.41, B=5.0",4.135499954,28.22500038
"Theory, LOTW k=0.41, B=5.0",4.139900208,28.25
"Theory, LOTW k=0.41, B=5.0",4.14440012,28.27499962
"Theory, LOTW k=0.41, B=5.0",4.148799896,28.29999924
"Theory, LOTW k=0.41, B=5.0",4.153299809,28.32500076
"Theory, LOTW k=0.41, B=5.0",4.157700062,28.35000038
"Theory, LOTW k=0.41, B=5.0",4.162199974,28.375
"Theory, LOTW k=0.41, B=5.0",4.166600227,28.39999962
"Theory, LOTW k=0.41, B=5.0",4.17110014,28.42499924
"Theory, LOTW k=0.41, B=5.0",4.175499916,28.45000076
"Theory, LOTW k=0.41, B=5.0",4.179999828,28.47500038
"Theory, LOTW k=0.41, B=5.0",4.184400082,28.5
"Theory, LOTW k=0.41, B=5.0",4.188899994,28.52499962
"Theory, LOTW k=0.41, B=5.0",4.19329977,28.54999924
"Theory, LOTW k=0.41, B=5.0",4.197800159,28.57500076
"Theory, LOTW k=0.41, B=5.0",4.202199936,28.60000038
"Theory, LOTW k=0.41, B=5.0",4.206699848,28.625
"Theory, LOTW k=0.41, B=5.0",4.211100101,28.64999962
"Theory, LOTW k=0.41, B=5.0",4.215600014,28.67499924
"Theory, LOTW k=0.41, B=5.0",4.21999979,28.70000076
"Theory, LOTW k=0.41, B=5.0",4.224500179,28.72500038
"Theory, LOTW k=0.41, B=5.0",4.229000092,28.75
"Theory, LOTW k=0.41, B=5.0",4.233399868,28.77499962
"Theory, LOTW k=0.41, B=5.0",4.23789978,28.79999924
"Theory, LOTW k=0.41, B=5.0",4.242300034,28.82500076
"Theory, LOTW k=0.41, B=5.0",4.246799946,28.85000038
"Theory, LOTW k=0.41, B=5.0",4.251200199,28.875
"Theory, LOTW k=0.41, B=5.0",4.255700111,28.89999962
"Theory, LOTW k=0.41, B=5.0",4.260099888,28.92499924
"Theory, LOTW k=0.41, B=5.0",4.2645998,28.95000076
"Theory, LOTW k=0.41, B=5.0",4.269000053,28.97500038
"Theory, LOTW k=0.41, B=5.0",4.273499966,29.0
"Theory, LOTW k=0.41, B=5.0",4.277900219,29.02499962
"Theory, LOTW k=0.41, B=5.0",4.282400131,29.04999924
"Theory, LOTW k=0.41, B=5.0",4.286799908,29.07500076
"Theory, LOTW k=0.41, B=5.0",4.29129982,29.10000038
"Theory, LOTW k=0.41, B=5.0",4.295700073,29.125
"Theory, LOTW k=0.41, B=5.0",4.300199986,29.14999962
"Theory, LOTW k=0.41, B=5.0",4.304599762,29.17499924
"Theory, LOTW k=0.41, B=5.0",4.309100151,29.20000076
"Theory, LOTW k=0.41, B=5.0",4.313499928,29.22500038
"Theory, LOTW k=0.41, B=5.0",4.31799984,29.25
"Theory, LOTW k=0.41, B=5.0",4.322400093,29.27499962
"Theory, LOTW k=0.41, B=5.0",4.326900005,29.29999924
"Theory, LOTW k=0.41, B=5.0",4.331299782,29.32500076
"Theory, LOTW k=0.41, B=5.0",4.335800171,29.35000038
"Theory, LOTW k=0.41, B=5.0",4.340199947,29.375
"Theory, LOTW k=0.41, B=5.0",4.34469986,29.39999962
"Theory, LOTW k=0.41, B=5.0",4.349100113,29.42499924
"Theory, LOTW k=0.41, B=5.0",4.353600025,29.45000076
"Theory, LOTW k=0.41, B=5.0",4.357999802,29.47500038
"Theory, LOTW k=0.41, B=5.0",4.362500191,29.5
"Theory, LOTW k=0.41, B=5.0",4.366899967,29.52499962
"Theory, LOTW k=0.41, B=5.0",4.371399879,29.54999924
"Theory, LOTW k=0.41, B=5.0",4.375899792,29.57500076
"Theory, LOTW k=0.41, B=5.0",4.380300045,29.60000038
"Theory, LOTW k=0.41, B=5.0",4.384799957,29.625
"Theory, LOTW k=0.41, B=5.0",4.389200211,29.64999962
"Theory, LOTW k=0.41, B=5.0",4.393700123,29.67499924
"Theory, LOTW k=0.41, B=5.0",4.398099899,29.70000076
"Theory, LOTW k=0.41, B=5.0",4.402599812,29.72500038
"Theory, LOTW k=0.41, B=5.0",4.407000065,29.75
"Theory, LOTW k=0.41, B=5.0",4.411499977,29.77499962
"Theory, LOTW k=0.41, B=5.0",4.41590023,29.79999924
"Theory, LOTW k=0.41, B=5.0",4.420400143,29.82500076
"Theory, LOTW k=0.41, B=5.0",4.424799919,29.85000038
"Theory, LOTW k=0.41, B=5.0",4.429299831,29.875
"Theory, LOTW k=0.41, B=5.0",4.433700085,29.89999962
"Theory, LOTW k=0.41, B=5.0",4.438199997,29.92499924
"Theory, LOTW k=0.41, B=5.0",4.442599773,29.95000076
"Theory, LOTW k=0.41, B=5.0",4.447100163,29.97500038
"Theory, LOTW k=0.41, B=5.0",4.451499939,30.0
"Theory, LOTW k=0.41, B=5.0",4.455999851,30.02499962
"Theory, LOTW k=0.41, B=5.0",4.460400105,30.04999924
"Theory, LOTW k=0.41, B=5.0",4.464900017,30.07500076
"Theory, LOTW k=0.41, B=5.0",4.469299793,30.10000038
"Theory, LOTW k=0.41, B=5.0",4.473800182,30.125
"Theory, LOTW k=0.41, B=5.0",4.478199959,30.14999962
"Theory, LOTW k=0.41, B=5.0",4.482699871,30.17499924
"Theory, LOTW k=0.41, B=5.0",4.487100124,30.20000076
"Theory, LOTW k=0.41, B=5.0",4.491600037,30.22500038
"Theory, LOTW k=0.41, B=5.0",4.495999813,30.25
"Theory, LOTW k=0.41, B=5.0",4.500500202,30.27499962
"Theory, LOTW k=0.41, B=5.0",4.504899979,30.29999924
"Theory, LOTW k=0.41, B=5.0",4.509399891,30.32500076
"Theory, LOTW k=0.41, B=5.0",4.513800144,30.35000038
"Theory, LOTW k=0.41, B=5.0",4.518300056,30.375
"Theory, LOTW k=0.41, B=5.0",4.522799969,30.39999962
"Theory, LOTW k=0.41, B=5.0",4.527200222,30.42499924
"Theory, LOTW k=0.41, B=5.0",4.531700134,30.45000076
"Theory, LOTW k=0.41, B=5.0",4.536099911,30.47500038
"Theory, LOTW k=0.41, B=5.0",4.540599823,30.5
"Theory, LOTW k=0.41, B=5.0",4.545000076,30.52499962
"Theory, LOTW k=0.41, B=5.0",4.549499989,30.54999924
"Theory, LOTW k=0.41, B=5.0",4.553899765,30.57500076
"Theory, LOTW k=0.41, B=5.0",4.558400154,30.60000038
"Theory, LOTW k=0.41, B=5.0",4.562799931,30.625
"Theory, LOTW k=0.41, B=5.0",4.567299843,30.64999962
"Theory, LOTW k=0.41, B=5.0",4.571700096,30.67499924
"Theory, LOTW k=0.41, B=5.0",4.576200008,30.70000076
"Theory, LOTW k=0.41, B=5.0",4.580599785,30.72500038
"Theory, LOTW k=0.41, B=5.0",4.585100174,30.75
"Theory, LOTW k=0.41, B=5.0",4.58949995,30.77499962
"Theory, LOTW k=0.41, B=5.0",4.593999863,30.79999924
"Theory, LOTW k=0.41, B=5.0",4.598400116,30.82500076
"Theory, LOTW k=0.41, B=5.0",4.602900028,30.85000038
"Theory, LOTW k=0.41, B=5.0",4.607299805,30.875
"Theory, LOTW k=0.41, B=5.0",4.611800194,30.89999962
"Theory, LOTW k=0.41, B=5.0",4.61619997,30.92499924
"Theory, LOTW k=0.41, B=5.0",4.620699883,30.95000076
"Theory, LOTW k=0.41, B=5.0",4.625100136,30.97500038
"Theory, LOTW k=0.41, B=5.0",4.629600048,31.0
"Theory, LOTW k=0.41, B=5.0",4.633999825,31.02499962
"Theory, LOTW k=0.41, B=5.0",4.638500214,31.04999924
"Theory, LOTW k=0.41, B=5.0",4.64289999,31.07500076
"Theory, LOTW k=0.41, B=5.0",4.647399902,31.10000038
"Theory, LOTW k=0.41, B=5.0",4.651800156,31.125
"Theory, LOTW k=0.41, B=5.0",4.656300068,31.14999962
"Theory, LOTW k=0.41, B=5.0",4.660699844,31.17499924
"Theory, LOTW k=0.41, B=5.0",4.665200233,31.20000076
"Theory, LOTW k=0.41, B=5.0",4.669700146,31.22500038
"Theory, LOTW k=0.41, B=5.0",4.674099922,31.25
"Theory, LOTW k=0.41, B=5.0",4.678599834,31.27499962
"Theory, LOTW k=0.41, B=5.0",4.683000088,31.29999924
"Theory, LOTW k=0.41, B=5.0",4.6875,31.32500076
"Theory, LOTW k=0.41, B=5.0",4.691899776,31.35000038
"Theory, LOTW k=0.41, B=5.0",4.696400166,31.375
"Theory, LOTW k=0.41, B=5.0",4.700799942,31.39999962
"Theory, LOTW k=0.41, B=5.0",4.705299854,31.42499924
"Theory, LOTW k=0.41, B=5.0",4.709700108,31.45000076
"Theory, LOTW k=0.41, B=5.0",4.71420002,31.47500038
"Theory, LOTW k=0.41, B=5.0",4.718599796,31.5
"Theory, LOTW k=0.41, B=5.0",4.723100185,31.52499962
"Theory, LOTW k=0.41, B=5.0",4.727499962,31.54999924
"Theory, LOTW k=0.41, B=5.0",4.731999874,31.57500076
"Theory, LOTW k=0.41, B=5.0",4.736400127,31.60000038
"Theory, LOTW k=0.41, B=5.0",4.74090004,31.625
"Theory, LOTW k=0.41, B=5.0",4.745299816,31.64999962
"Theory, LOTW k=0.41, B=5.0",4.749800205,31.67499924
"Theory, LOTW k=0.41, B=5.0",4.754199982,31.70000076
"Theory, LOTW k=0.41, B=5.0",4.758699894,31.72500038
"Theory, LOTW k=0.41, B=5.0",4.763100147,31.75
"Theory, LOTW k=0.41, B=5.0",4.76760006,31.77499962
"Theory, LOTW k=0.41, B=5.0",4.771999836,31.79999924
"Theory, LOTW k=0.41, B=5.0",4.776500225,31.82500076
"Theory, LOTW k=0.41, B=5.0",4.780900002,31.85000038
"Theory, LOTW k=0.41, B=5.0",4.785399914,31.875
"Theory, LOTW k=0.41, B=5.0",4.789800167,31.89999962
"Theory, LOTW k=0.41, B=5.0",4.794300079,31.92499924
"Theory, LOTW k=0.41, B=5.0",4.798699856,31.95000076
"Theory, LOTW k=0.41, B=5.0",4.803199768,31.97500038
"Theory, LOTW k=0.41, B=5.0",4.807600021,32.0
"Theory, LOTW k=0.41, B=5.0",4.812099934,32.02500153
"Theory, LOTW k=0.41, B=5.0",4.816599846,32.04999924
"Theory, LOTW k=0.41, B=5.0",4.821000099,32.07500076
"Theory, LOTW k=0.41, B=5.0",4.825500011,32.09999847
"Theory, LOTW k=0.41, B=5.0",4.829899788,32.125
"Theory, LOTW k=0.41, B=5.0",4.834400177,32.15000153
"Theory, LOTW k=0.41, B=5.0",4.838799953,32.17499924
"Theory, LOTW k=0.41, B=5.0",4.843299866,32.20000076
"Theory, LOTW k=0.41, B=5.0",4.847700119,32.22499847
"Theory, LOTW k=0.41, B=5.0",4.852200031,32.25
"Theory, LOTW k=0.41, B=5.0",4.856599808,32.27500153
"Theory, LOTW k=0.41, B=5.0",4.861100197,32.29999924
"Theory, LOTW k=0.41, B=5.0",4.865499973,32.32500076
"Theory, LOTW k=0.41, B=5.0",4.869999886,32.34999847
"Theory, LOTW k=0.41, B=5.0",4.874400139,32.375
"Theory, LOTW k=0.41, B=5.0",4.878900051,32.40000153
"Theory, LOTW k=0.41, B=5.0",4.883299828,32.42499924
"Theory, LOTW k=0.41, B=5.0",4.887800217,32.45000076
"Theory, LOTW k=0.41, B=5.0",4.892199993,32.47499847
"Theory, LOTW k=0.41, B=5.0",4.896699905,32.5
"Theory, LOTW k=0.41, B=5.0",4.901100159,32.52500153
"Theory, LOTW k=0.41, B=5.0",4.905600071,32.54999924
"Theory, LOTW k=0.41, B=5.0",4.909999847,32.57500076
"Theory, LOTW k=0.41, B=5.0",4.914500237,32.59999847
"Theory, LOTW k=0.41, B=5.0",4.918900013,32.625
"Theory, LOTW k=0.41, B=5.0",4.923399925,32.65000153
"Theory, LOTW k=0.41, B=5.0",4.927800179,32.67499924
"Theory, LOTW k=0.41, B=5.0",4.932300091,32.70000076
"Theory, LOTW k=0.41, B=5.0",4.936699867,32.72499847
"Theory, LOTW k=0.41, B=5.0",4.94119978,32.75
"Theory, LOTW k=0.41, B=5.0",4.945600033,32.77500153
"Theory, LOTW k=0.41, B=5.0",4.950099945,32.79999924
"Theory, LOTW k=0.41, B=5.0",4.954500198,32.82500076
"Theory, LOTW k=0.41, B=5.0",4.959000111,32.84999847
"Theory, LOTW k=0.41, B=5.0",4.963500023,32.875
"Theory, LOTW k=0.41, B=5.0",4.967899799,32.90000153
"Theory, LOTW k=0.41, B=5.0",4.972400188,32.92499924
"Theory, LOTW k=0.41, B=5.0",4.976799965,32.95000076
"Theory, LOTW k=0.41, B=5.0",4.981299877,32.97499847
"Theory, LOTW k=0.41, B=5.0",4.98570013,33.0
"Theory, LOTW k=0.41, B=5.0",4.990200043,33.02500153
"Theory, LOTW k=0.41, B=5.0",4.994599819,33.04999924
"Theory, LOTW k=0.41, B=5.0",4.999100208,33.07500076
"Theory, LOTW k=0.41, B=5.0",5.003499985,33.09999847
"Theory, LOTW k=0.41, B=5.0",5.007999897,33.125
"Theory, LOTW k=0.41, B=5.0",5.01240015,33.15000153
"Theory, LOTW k=0.41, B=5.0",5.016900063,33.17499924
"Theory, LOTW k=0.41, B=5.0",5.021299839,33.20000076
"Theory, LOTW k=0.41, B=5.0",5.025800228,33.22499847
"Theory, LOTW k=0.41, B=5.0",5.030200005,33.25
"Theory, LOTW k=0.41, B=5.0",5.034699917,33.27500153
"Theory, LOTW k=0.41, B=5.0",5.03910017,33.29999924
"Theory, LOTW k=0.41, B=5.0",5.043600082,33.32500076
"Theory, LOTW k=0.41, B=5.0",5.047999859,33.34999847
"Theory, LOTW k=0.41, B=5.0",5.052499771,33.375
"Theory, LOTW k=0.41, B=5.0",5.056900024,33.40000153
"Theory, LOTW k=0.41, B=5.0",5.061399937,33.42499924
"Theory, LOTW k=0.41, B=5.0",5.06580019,33.45000076
"Theory, LOTW k=0.41, B=5.0",5.070300102,33.47499847
"Theory, LOTW k=0.41, B=5.0",5.074699879,33.5
"Theory, LOTW k=0.41, B=5.0",5.079199791,33.52500153
"Theory, LOTW k=0.41, B=5.0",5.083600044,33.54999924
"Theory, LOTW k=0.41, B=5.0",5.088099957,33.57500076
"Theory, LOTW k=0.41, B=5.0",5.09250021,33.59999847
"Theory, LOTW k=0.41, B=5.0",5.097000122,33.625
"Theory, LOTW k=0.41, B=5.0",5.101500034,33.65000153
"Theory, LOTW k=0.41, B=5.0",5.105899811,33.67499924
"Theory, LOTW k=0.41, B=5.0",5.1104002,33.70000076
"Theory, LOTW k=0.41, B=5.0",5.114799976,33.72499847
"Theory, LOTW k=0.41, B=5.0",5.119299889,33.75
"Theory, LOTW k=0.41, B=5.0",5.123700142,33.77500153
"Theory, LOTW k=0.41, B=5.0",5.128200054,33.79999924
"Theory, LOTW k=0.41, B=5.0",5.132599831,33.82500076
"Theory, LOTW k=0.41, B=5.0",5.13710022,33.84999847
"Theory, LOTW k=0.41, B=5.0",5.141499996,33.875
"Theory, LOTW k=0.41, B=5.0",5.145999908,33.90000153
"Theory, LOTW k=0.41, B=5.0",5.150400162,33.92499924
"Theory, LOTW k=0.41, B=5.0",5.154900074,33.95000076
"Theory, LOTW k=0.41, B=5.0",5.15929985,33.97499847
"Theory, LOTW k=0.41, B=5.0",5.163799763,34.0
"Theory, LOTW k=0.41, B=5.0",5.168200016,34.02500153
"Theory, LOTW k=0.41, B=5.0",5.172699928,34.04999924
"Theory, LOTW k=0.41, B=5.0",5.177100182,34.07500076
"Theory, LOTW k=0.41, B=5.0",5.181600094,34.09999847
"Theory, LOTW k=0.41, B=5.0",5.18599987,34.125
"Theory, LOTW k=0.41, B=5.0",5.190499783,34.15000153
"Theory, LOTW k=0.41, B=5.0",5.194900036,34.17499924
"Theory, LOTW k=0.41, B=5.0",5.199399948,34.20000076
"Theory, LOTW k=0.41, B=5.0",5.203800201,34.22499847
"Theory, LOTW k=0.41, B=5.0",5.208300114,34.25
"Theory, LOTW k=0.41, B=5.0",5.21269989,34.27500153
"Theory, LOTW k=0.41, B=5.0",5.217199802,34.29999924
"Theory, LOTW k=0.41, B=5.0",5.221600056,34.32500076
"Theory, LOTW k=0.41, B=5.0",5.226099968,34.34999847
"Theory, LOTW k=0.41, B=5.0",5.230500221,34.375
"Theory, LOTW k=0.41, B=5.0",5.235000134,34.40000153
"Theory, LOTW k=0.41, B=5.0",5.23939991,34.42499924
"Theory, LOTW k=0.41, B=5.0",5.243899822,34.45000076
"Theory, LOTW k=0.41, B=5.0",5.248400211,34.47499847
"Theory, LOTW k=0.41, B=5.0",5.252799988,34.5
"Theory, LOTW k=0.41, B=5.0",5.2572999,34.52500153
"Theory, LOTW k=0.41, B=5.0",5.261700153,34.54999924
"Theory, LOTW k=0.41, B=5.0",5.266200066,34.57500076
"Theory, LOTW k=0.41, B=5.0",5.270599842,34.59999847
"Theory, LOTW k=0.41, B=5.0",5.275100231,34.625
"Theory, LOTW k=0.41, B=5.0",5.279500008,34.65000153
"Theory, LOTW k=0.41, B=5.0",5.28399992,34.67499924
"Theory, LOTW k=0.41, B=5.0",5.288400173,34.70000076
"Theory, LOTW k=0.41, B=5.0",5.292900085,34.72499847
"Theory, LOTW k=0.41, B=5.0",5.297299862,34.75
"Theory, LOTW k=0.41, B=5.0",5.301799774,34.77500153
"Theory, LOTW k=0.41, B=5.0",5.306200027,34.79999924
"Theory, LOTW k=0.41, B=5.0",5.31069994,34.82500076
"Theory, LOTW k=0.41, B=5.0",5.315100193,34.84999847
"Theory, LOTW k=0.41, B=5.0",5.319600105,34.875
"Theory, LOTW k=0.41, B=5.0",5.323999882,34.90000153
"Theory, LOTW k=0.41, B=5.0",5.328499794,34.92499924
"Theory, LOTW k=0.41, B=5.0",5.332900047,34.95000076
"Theory, LOTW k=0.41, B=5.0",5.33739996,34.97499847
"Theory, LOTW k=0.41, B=5.0",5.341800213,35.0
"Theory, LOTW k=0.41, B=5.0",5.346300125,35.02500153
"Theory, LOTW k=0.41, B=5.0",5.350699902,35.04999924
"Theory, LOTW k=0.41, B=5.0",5.355199814,35.07500076
"Theory, LOTW k=0.41, B=5.0",5.359600067,35.09999847
"Theory, LOTW k=0.41, B=5.0",5.364099979,35.125
"Theory, LOTW k=0.41, B=5.0",5.368500233,35.15000153
"Theory, LOTW k=0.41, B=5.0",5.373000145,35.17499924
"Theory, LOTW k=0.41, B=5.0",5.377399921,35.20000076
"Theory, LOTW k=0.41, B=5.0",5.381899834,35.22499847
"Theory, LOTW k=0.41, B=5.0",5.386300087,35.25
"Theory, LOTW k=0.41, B=5.0",5.390799999,35.27500153
"Theory, LOTW k=0.41, B=5.0",5.395299911,35.29999924
"Theory, LOTW k=0.41, B=5.0",5.399700165,35.32500076
"Theory, LOTW k=0.41, B=5.0",5.404200077,35.34999847
"Theory, LOTW k=0.41, B=5.0",5.408599854,35.375
"Theory, LOTW k=0.41, B=5.0",5.413099766,35.40000153
"Theory, LOTW k=0.41, B=5.0",5.417500019,35.42499924
"Theory, LOTW k=0.41, B=5.0",5.421999931,35.45000076
"Theory, LOTW k=0.41, B=5.0",5.426400185,35.47499847
"Theory, LOTW k=0.41, B=5.0",5.430900097,35.5
"Theory, LOTW k=0.41, B=5.0",5.435299873,35.52500153
"Theory, LOTW k=0.41, B=5.0",5.439799786,35.54999924
"Theory, LOTW k=0.41, B=5.0",5.444200039,35.57500076
"Theory, LOTW k=0.41, B=5.0",5.448699951,35.59999847
"Theory, LOTW k=0.41, B=5.0",5.453100204,35.625
"Theory, LOTW k=0.41, B=5.0",5.457600117,35.65000153
"Theory, LOTW k=0.41, B=5.0",5.461999893,35.67499924
"Theory, LOTW k=0.41, B=5.0",5.466499805,35.70000076
"Theory, LOTW k=0.41, B=5.0",5.470900059,35.72499847
"Theory, LOTW k=0.41, B=5.0",5.475399971,35.75
"Theory, LOTW k=0.41, B=5.0",5.479800224,35.77500153
"Theory, LOTW k=0.41, B=5.0",5.484300137,35.79999924
"Theory, LOTW k=0.41, B=5.0",5.488699913,35.82500076
"Theory, LOTW k=0.41, B=5.0",5.493199825,35.84999847
"Theory, LOTW k=0.41, B=5.0",5.497600079,35.875
"Theory, LOTW k=0.41, B=5.0",5.502099991,35.90000153
"Theory, LOTW k=0.41, B=5.0",5.506499767,35.92499924
"Theory, LOTW k=0.41, B=5.0",5.511000156,35.95000076
"Theory, LOTW k=0.41, B=5.0",5.515399933,35.97499847
"Theory, LOTW k=0.41, B=5.0",5.519899845,36.0
"Theory, LOTW k=0.41, B=5.0",5.524300098,36.02500153
"Theory, LOTW k=0.41, B=5.0",5.528800011,36.04999924
"Theory, LOTW k=0.41, B=5.0",5.533199787,36.07500076
"Theory, LOTW k=0.41, B=5.0",5.537700176,36.09999847
"Theory, LOTW k=0.41, B=5.0",5.542200089,36.125
"Theory, LOTW k=0.41, B=5.0",5.546599865,36.15000153
"Theory, LOTW k=0.41, B=5.0",5.551099777,36.17499924
"Theory, LOTW k=0.41, B=5.0",5.555500031,36.20000076
"Theory, LOTW k=0.41, B=5.0",5.559999943,36.22499847
"Theory, LOTW k=0.41, B=5.0",5.564400196,36.25
"Theory, LOTW k=0.41, B=5.0",5.568900108,36.27500153
"Theory, LOTW k=0.41, B=5.0",5.573299885,36.29999924
"Theory, LOTW k=0.41, B=5.0",5.577799797,36.32500076
"Theory, LOTW k=0.41, B=5.0",5.58220005,36.34999847
"Theory, LOTW k=0.41, B=5.0",5.586699963,36.375
"Theory, LOTW k=0.41, B=5.0",5.591100216,36.40000153
"Theory, LOTW k=0.41, B=5.0",5.595600128,36.42499924
"Theory, LOTW k=0.41, B=5.0",5.599999905,36.45000076
"Theory, LOTW k=0.41, B=5.0",5.604499817,36.47499847
"Theory, LOTW k=0.41, B=5.0",5.60890007,36.5
"Theory, LOTW k=0.41, B=5.0",5.613399982,36.52500153
"Theory, LOTW k=0.41, B=5.0",5.617800236,36.54999924
"Theory, LOTW k=0.41, B=5.0",5.622300148,36.57500076
"Theory, LOTW k=0.41, B=5.0",5.626699924,36.59999847
"Theory, LOTW k=0.41, B=5.0",5.631199837,36.625
"Theory, LOTW k=0.41, B=5.0",5.63560009,36.65000153
"Theory, LOTW k=0.41, B=5.0",5.640100002,36.67499924
"Theory, LOTW k=0.41, B=5.0",5.644499779,36.70000076
"Theory, LOTW k=0.41, B=5.0",5.649000168,36.72499847
"Theory, LOTW k=0.41, B=5.0",5.653399944,36.75
"Theory, LOTW k=0.41, B=5.0",5.657899857,36.77500153
"Theory, LOTW k=0.41, B=5.0",5.66230011,36.79999924
"Theory, LOTW k=0.41, B=5.0",5.666800022,36.82500076
"Theory, LOTW k=0.41, B=5.0",5.671199799,36.84999847
"Theory, LOTW k=0.41, B=5.0",5.675700188,36.875
"Theory, LOTW k=0.41, B=5.0",5.680099964,36.90000153
"Theory, LOTW k=0.41, B=5.0",5.684599876,36.92499924
"Theory, LOTW k=0.41, B=5.0",5.689099789,36.95000076
"Theory, LOTW k=0.41, B=5.0",5.693500042,36.97499847
"Theory, LOTW k=0.41, B=5.0",5.697999954,37.0
"Theory, LOTW k=0.41, B=5.0",5.702400208,37.02500153
"Theory, LOTW k=0.41, B=5.0",5.70690012,37.04999924
"Theory, LOTW k=0.41, B=5.0",5.711299896,37.07500076
"Theory, LOTW k=0.41, B=5.0",5.715799809,37.09999847
"Theory, LOTW k=0.41, B=5.0",5.720200062,37.125
"Theory, LOTW k=0.41, B=5.0",5.724699974,37.15000153
"Theory, LOTW k=0.41, B=5.0",5.729100227,37.17499924
"Theory, LOTW k=0.41, B=5.0",5.73360014,37.20000076
"Theory, LOTW k=0.41, B=5.0",5.737999916,37.22499847
"Theory, LOTW k=0.41, B=5.0",5.742499828,37.25
"Theory, LOTW k=0.41, B=5.0",5.746900082,37.27500153
"Theory, LOTW k=0.41, B=5.0",5.751399994,37.29999924
"Theory, LOTW k=0.41, B=5.0",5.75579977,37.32500076
"Theory, LOTW k=0.41, B=5.0",5.760300159,37.34999847
"Theory, LOTW k=0.41, B=5.0",5.764699936,37.375
"Theory, LOTW k=0.41, B=5.0",5.769199848,37.40000153
"Theory, LOTW k=0.41, B=5.0",5.773600101,37.42499924
"Theory, LOTW k=0.41, B=5.0",5.778100014,37.45000076
"Theory, LOTW k=0.41, B=5.0",5.78249979,37.47499847
"Theory, LOTW k=0.41, B=5.0",5.787000179,37.5
"Theory, LOTW k=0.41, B=5.0",5.791399956,37.52500153
"Theory, LOTW k=0.41, B=5.0",5.795899868,37.54999924
"Theory, LOTW k=0.41, B=5.0",5.800300121,37.57500076
"Theory, LOTW k=0.41, B=5.0",5.804800034,37.59999847
"Theory, LOTW k=0.41, B=5.0",5.80919981,37.625
"Theory, LOTW k=0.41, B=5.0",5.813700199,37.65000153
"Theory, LOTW k=0.41, B=5.0",5.818099976,37.67499924
"Theory, LOTW k=0.41, B=5.0",5.822599888,37.70000076
"Theory, LOTW k=0.41, B=5.0",5.827000141,37.72499847
"Theory, LOTW k=0.41, B=5.0",5.831500053,37.75
"Theory, LOTW k=0.41, B=5.0",5.835999966,37.77500153
"Theory, LOTW k=0.41, B=5.0",5.840400219,37.79999924
"Theory, LOTW k=0.41, B=5.0",5.844900131,37.82500076
"Theory, LOTW k=0.41, B=5.0",5.849299908,37.84999847
"Theory, LOTW k=0.41, B=5.0",5.85379982,37.875
"Theory, LOTW k=0.41, B=5.0",5.858200073,37.90000153
"Theory, LOTW k=0.41, B=5.0",5.862699986,37.92499924
"Theory, LOTW k=0.41, B=5.0",5.867099762,37.95000076
"Theory, LOTW k=0.41, B=5.0",5.871600151,37.97499847
"Theory, LOTW k=0.41, B=5.0",5.875999928,38.0
"Theory, LOTW k=0.41, B=5.0",5.88049984,38.02500153
"Theory, LOTW k=0.41, B=5.0",5.884900093,38.04999924
"Theory, LOTW k=0.41, B=5.0",5.889400005,38.07500076
"Theory, LOTW k=0.41, B=5.0",5.893799782,38.09999847
"Theory, LOTW k=0.41, B=5.0",5.898300171,38.125
"Theory, LOTW k=0.41, B=5.0",5.902699947,38.15000153
"Theory, LOTW k=0.41, B=5.0",5.90719986,38.17499924
"Theory, LOTW k=0.41, B=5.0",5.911600113,38.20000076
"Theory, LOTW k=0.41, B=5.0",5.916100025,38.22499847
"Theory, LOTW k=0.41, B=5.0",5.920499802,38.25
"Theory, LOTW k=0.41, B=5.0",5.925000191,38.27500153
"Theory, LOTW k=0.41, B=5.0",5.929399967,38.29999924
"Theory, LOTW k=0.41, B=5.0",5.933899879,38.32500076
"Theory, LOTW k=0.41, B=5.0",5.938300133,38.34999847
"Theory, LOTW k=0.41, B=5.0",5.942800045,38.375
"Theory, LOTW k=0.41, B=5.0",5.947199821,38.40000153
"Theory, LOTW k=0.41, B=5.0",5.951700211,38.42499924
"Theory, LOTW k=0.41, B=5.0",5.956099987,38.45000076
"Theory, LOTW k=0.41, B=5.0",5.960599899,38.47499847
"Theory, LOTW k=0.41, B=5.0",5.965000153,38.5
"Theory, LOTW k=0.41, B=5.0",5.969500065,38.52500153
"Theory, LOTW k=0.41, B=5.0",5.973899841,38.54999924
"Theory, LOTW k=0.41, B=5.0",5.97840023,38.57500076
"Theory, LOTW k=0.41, B=5.0",5.982900143,38.59999847
"Theory, LOTW k=0.41, B=5.0",5.987299919,38.625
"Theory, LOTW k=0.41, B=5.0",5.991799831,38.65000153
"Theory, LOTW k=0.41, B=5.0",5.996200085,38.67499924
"Theory, LOTW k=0.41, B=5.0",6.000699997,38.70000076
"Theory, LOTW k=0.39, B=4.2",-1.699000001,-5.750800133
"Theory, LOTW k=0.39, B=4.2",-1.501700044,-4.586100101
"Theory, LOTW k=0.39, B=4.2",-1.349400043,-3.687200069
"Theory, LOTW k=0.39, B=4.2",-1.222300053,-2.936700106
"Theory, LOTW k=0.39, B=4.2",-1.111099958,-2.280200005
"Theory, LOTW k=0.39, B=4.2",-1.010800004,-1.687999964
"Theory, LOTW k=0.39, B=4.2",-0.9184100032,-1.14230001
"Theory, LOTW k=0.39, B=4.2",-0.831889987,-0.6315400004
"Theory, LOTW k=0.39, B=4.2",-0.7499300241,-0.1476099938
"Theory, LOTW k=0.39, B=4.2",-0.6715400219,0.3151600063
"Theory, LOTW k=0.39, B=4.2",-0.5960299969,0.7609699965
"Theory, LOTW k=0.39, B=4.2",-0.522849977,1.192999959
"Theory, LOTW k=0.39, B=4.2",-0.4515900016,1.613800049
"Theory, LOTW k=0.39, B=4.2",-0.3819000125,2.02519989
"Theory, LOTW k=0.39, B=4.2",-0.3135400116,2.428800106
"Theory, LOTW k=0.39, B=4.2",-0.2462799996,2.825900078
"Theory, LOTW k=0.39, B=4.2",-0.1799599975,3.217499971
"Theory, LOTW k=0.39, B=4.2",-0.1144300029,3.60439992
"Theory, LOTW k=0.39, B=4.2",-0.04957799986,3.987299919
"Theory, LOTW k=0.39, B=4.2",0.0147040002,4.366799831
"Theory, LOTW k=0.39, B=4.2",0.07849399745,4.743400097
"Theory, LOTW k=0.39, B=4.2",0.1418599933,5.117599964
"Theory, LOTW k=0.39, B=4.2",0.2048700005,5.489600182
"Theory, LOTW k=0.39, B=4.2",0.267569989,5.859700203
"Theory, LOTW k=0.39, B=4.2",0.3299899995,6.228300095
"Theory, LOTW k=0.39, B=4.2",0.3921900094,6.595499992
"Theory, LOTW k=0.39, B=4.2",0.454189986,6.961599827
"Theory, LOTW k=0.39, B=4.2",0.5160099864,7.326600075
"Theory, LOTW k=0.39, B=4.2",0.5776900053,7.690700054
"Theory, LOTW k=0.39, B=4.2",0.6392300129,8.054100037
"Theory, LOTW k=0.39, B=4.2",0.7006700039,8.416799545
"Theory, LOTW k=0.39, B=4.2",0.7620000243,8.778900146
"Theory, LOTW k=0.39, B=4.2",0.8232600093,9.140600204
"Theory, LOTW k=0.39, B=4.2",0.8844400048,9.501799583
"Theory, LOTW k=0.39, B=4.2",0.9455500245,9.862600327
"Theory, LOTW k=0.39, B=4.2",1.006600022,10.22299957
"Theory, LOTW k=0.39, B=4.2",1.067600012,10.58300018
"Theory, LOTW k=0.39, B=4.2",1.128600001,10.94299984
"Theory, LOTW k=0.39, B=4.2",1.189499974,11.30300045
"Theory, LOTW k=0.39, B=4.2",1.250399947,11.66300011
"Theory, LOTW k=0.39, B=4.2",1.311300039,12.02200031
"Theory, LOTW k=0.39, B=4.2",1.372200012,12.38099957
"Theory, LOTW k=0.39, B=4.2",1.432999969,12.74100018
"Theory, LOTW k=0.39, B=4.2",1.493800044,13.10000038
"Theory, LOTW k=0.39, B=4.2",1.5546,13.45899963
"Theory, LOTW k=0.39, B=4.2",1.615399957,13.81799984
"Theory, LOTW k=0.39, B=4.2",1.676200032,14.17599964
"Theory, LOTW k=0.39, B=4.2",1.736999989,14.53499985
"Theory, LOTW k=0.39, B=4.2",1.797700047,14.89400005
"Theory, LOTW k=0.39, B=4.2",1.858500004,15.25199986
"Theory, LOTW k=0.39, B=4.2",1.919199944,15.61100006
"Theory, LOTW k=0.39, B=4.2",1.979900002,15.97000027
"Theory, LOTW k=0.39, B=4.2",2.040699959,16.32799911
"Theory, LOTW k=0.39, B=4.2",2.101399899,16.68700027
"Theory, LOTW k=0.39, B=4.2",2.162100077,17.04500008
"Theory, LOTW k=0.39, B=4.2",2.222800016,17.40399933
"Theory, LOTW k=0.39, B=4.2",2.283600092,17.76199913
"Theory, LOTW k=0.39, B=4.2",2.344300032,18.12100029
"Theory, LOTW k=0.39, B=4.2",2.404999971,18.47900009
"Theory, LOTW k=0.39, B=4.2",2.465699911,18.83799934
"Theory, LOTW k=0.39, B=4.2",2.526400089,19.19599915
"Theory, LOTW k=0.39, B=4.2",2.587100029,19.55400085
"Theory, LOTW k=0.39, B=4.2",2.647799969,19.91300011
"Theory, LOTW k=0.39, B=4.2",2.708499908,20.27099991
"Theory, LOTW k=0.39, B=4.2",2.769200087,20.62999916
"Theory, LOTW k=0.39, B=4.2",2.829900026,20.98800087
"Theory, LOTW k=0.39, B=4.2",2.890599966,21.34600067
"Theory, LOTW k=0.39, B=4.2",2.951299906,21.70499992
"Theory, LOTW k=0.39, B=4.2",3.012000084,22.06299973
"Theory, LOTW k=0.39, B=4.2",3.072700024,22.42200089
"Theory, LOTW k=0.39, B=4.2",3.133399963,22.78000069
"Theory, LOTW k=0.39, B=4.2",3.194099903,23.13800049
"Theory, LOTW k=0.39, B=4.2",3.254800081,23.49699974
"Theory, LOTW k=0.39, B=4.2",3.315500021,23.85499954
"Theory, LOTW k=0.39, B=4.2",3.376199961,24.2140007
"Theory, LOTW k=0.39, B=4.2",3.4368999,24.5720005
"Theory, LOTW k=0.39, B=4.2",3.497600079,24.93000031
"Theory, LOTW k=0.39, B=4.2",3.558300018,25.28899956
"Theory, LOTW k=0.39, B=4.2",3.618999958,25.64699936
"Theory, LOTW k=0.39, B=4.2",3.679699898,26.00499916
"Theory, LOTW k=0.39, B=4.2",3.740400076,26.36400032
"Theory, LOTW k=0.39, B=4.2",3.801100016,26.72200012
"Theory, LOTW k=0.39, B=4.2",3.861799955,27.07999992
"Theory, LOTW k=0.39, B=4.2",3.922499895,27.43899918
"Theory, LOTW k=0.39, B=4.2",3.983200073,27.79700089
"Theory, LOTW k=0.39, B=4.2",4.043900013,28.15600014
"Theory, LOTW k=0.39, B=4.2",4.104599953,28.51399994
"Theory, LOTW k=0.39, B=4.2",4.165299892,28.87199974
"Theory, LOTW k=0.39, B=4.2",4.225999832,29.2310009
"Theory, LOTW k=0.39, B=4.2",4.286699772,29.5890007
"Theory, LOTW k=0.39, B=4.2",4.347400188,29.9470005
"Theory, LOTW k=0.39, B=4.2",4.408100128,30.30599976
"Theory, LOTW k=0.39, B=4.2",4.468800068,30.66399956
"Theory, LOTW k=0.39, B=4.2",4.529500008,31.02199936
"Theory, LOTW k=0.39, B=4.2",4.590199947,31.38100052
"Theory, LOTW k=0.39, B=4.2",4.650899887,31.73900032
"Theory, LOTW k=0.39, B=4.2",4.711599827,32.09799957
"Theory, LOTW k=0.39, B=4.2",4.772299767,32.45600128
"Theory, LOTW k=0.39, B=4.2",4.833000183,32.81399918
"Theory, LOTW k=0.39, B=4.2",4.893700123,33.17300034
"Theory, LOTW k=0.39, B=4.2",4.954400063,33.53099823
"Theory, LOTW k=0.39, B=4.2",5.015100002,33.88899994
"Theory, LOTW k=0.39, B=4.2",5.075799942,34.2480011
"Theory, LOTW k=0.39, B=4.2",5.136499882,34.60599899
"Theory, LOTW k=0.39, B=4.2",5.197199821,34.9640007
"Theory, LOTW k=0.39, B=4.2",5.257900238,35.32300186
"Theory, LOTW k=0.39, B=4.2",5.318600178,35.68099976
"Theory, LOTW k=0.39, B=4.2",5.379300117,36.04000092
"Theory, LOTW k=0.39, B=4.2",5.440000057,36.39799881
"Theory, LOTW k=0.39, B=4.2",5.500699997,36.75600052
"Theory, LOTW k=0.39, B=4.2",5.561399937,37.11500168
"Theory, LOTW k=0.39, B=4.2",5.622099876,37.47299957
"Theory, LOTW k=0.39, B=4.2",5.682799816,37.83100128
"Theory, LOTW k=0.39, B=4.2",5.743500233,38.18999863
"Theory, LOTW k=0.39, B=4.2",5.804200172,38.54800034
"Theory, LOTW k=0.39, B=4.2",5.864900112,38.9070015
"Theory, LOTW k=0.39, B=4.2",5.925600052,39.26499939
"Theory, LOTW k=0.39, B=4.2",5.986299992,39.6230011
"Theory, LOTW k=0.39, B=4.2",6.046999931,39.98199844
"Theory, LOTW k=0.37, B=3.13",-1.699000001,-7.44299984
"Theory, LOTW k=0.37, B=3.13",-1.501700044,-6.215300083
"Theory, LOTW k=0.37, B=3.13",-1.349400043,-5.26789999
"Theory, LOTW k=0.37, B=3.13",-1.222300053,-4.476799965
"Theory, LOTW k=0.37, B=3.13",-1.111099958,-3.784800053
"Theory, LOTW k=0.37, B=3.13",-1.010800004,-3.160599947
"Theory, LOTW k=0.37, B=3.13",-0.9184100032,-2.585400105
"Theory, LOTW k=0.37, B=3.13",-0.831889987,-2.046999931
"Theory, LOTW k=0.37, B=3.13",-0.7499300241,-1.536900043
"Theory, LOTW k=0.37, B=3.13",-0.6715400219,-1.049200058
"Theory, LOTW k=0.37, B=3.13",-0.5960299969,-0.5792400241
"Theory, LOTW k=0.37, B=3.13",-0.522849977,-0.1238299981
"Theory, LOTW k=0.37, B=3.13",-0.4515900016,0.3196800053
"Theory, LOTW k=0.37, B=3.13",-0.3819000125,0.7533400059
"Theory, LOTW k=0.37, B=3.13",-0.3135400116,1.178799987
"Theory, LOTW k=0.37, B=3.13",-0.2462799996,1.597300053
"Theory, LOTW k=0.37, B=3.13",-0.1799599975,2.010099888
"Theory, LOTW k=0.37, B=3.13",-0.1144300029,2.417900085
"Theory, LOTW k=0.37, B=3.13",-0.04957799986,2.821500063
"Theory, LOTW k=0.37, B=3.13",0.0147040002,3.22149992
"Theory, LOTW k=0.37, B=3.13",0.07849399745,3.618499994
"Theory, LOTW k=0.37, B=3.13",0.1418599933,4.012800217
"Theory, LOTW k=0.37, B=3.13",0.2048700005,4.404900074
"Theory, LOTW k=0.37, B=3.13",0.267569989,4.795100212
"Theory, LOTW k=0.37, B=3.13",0.3299899995,5.183599949
"Theory, LOTW k=0.37, B=3.13",0.3921900094,5.570700169
"Theory, LOTW k=0.37, B=3.13",0.454189986,5.956500053
"Theory, LOTW k=0.37, B=3.13",0.5160099864,6.341199875
"Theory, LOTW k=0.37, B=3.13",0.5776900053,6.72510004
"Theory, LOTW k=0.37, B=3.13",0.6392300129,7.108099937
"Theory, LOTW k=0.37, B=3.13",0.7006700039,7.490399837
"Theory, LOTW k=0.37, B=3.13",0.7620000243,7.872099876
"Theory, LOTW k=0.37, B=3.13",0.8232600093,8.253299713
"Theory, LOTW k=0.37, B=3.13",0.8844400048,8.633999825
"Theory, LOTW k=0.37, B=3.13",0.9455500245,9.014399529
"Theory, LOTW k=0.37, B=3.13",1.006600022,9.394399643
"Theory, LOTW k=0.37, B=3.13",1.067600012,9.774100304
"Theory, LOTW k=0.37, B=3.13",1.128600001,10.15400028
"Theory, LOTW k=0.37, B=3.13",1.189499974,10.53299999
"Theory, LOTW k=0.37, B=3.13",1.250399947,10.9119997
"Theory, LOTW k=0.37, B=3.13",1.311300039,11.29100037
"Theory, LOTW k=0.37, B=3.13",1.372200012,11.66899967
"Theory, LOTW k=0.37, B=3.13",1.432999969,12.04800034
"Theory, LOTW k=0.37, B=3.13",1.493800044,12.42599964
"Theory, LOTW k=0.37, B=3.13",1.5546,12.80500031
"Theory, LOTW k=0.37, B=3.13",1.615399957,13.18299961
"Theory, LOTW k=0.37, B=3.13",1.676200032,13.56099987
"Theory, LOTW k=0.37, B=3.13",1.736999989,13.93900013
"Theory, LOTW k=0.37, B=3.13",1.797700047,14.31799984
"Theory, LOTW k=0.37, B=3.13",1.858500004,14.6960001
"Theory, LOTW k=0.37, B=3.13",1.919199944,15.07400036
"Theory, LOTW k=0.37, B=3.13",1.979900002,15.45199966
"Theory, LOTW k=0.37, B=3.13",2.040699959,15.82999992
"Theory, LOTW k=0.37, B=3.13",2.101399899,16.20700073
"Theory, LOTW k=0.37, B=3.13",2.162100077,16.58499908
"Theory, LOTW k=0.37, B=3.13",2.222800016,16.96299934
"Theory, LOTW k=0.37, B=3.13",2.283600092,17.3409996
"Theory, LOTW k=0.37, B=3.13",2.344300032,17.71899986
"Theory, LOTW k=0.37, B=3.13",2.404999971,18.09700012
"Theory, LOTW k=0.37, B=3.13",2.465699911,18.47500038
"Theory, LOTW k=0.37, B=3.13",2.526400089,18.85199928
"Theory, LOTW k=0.37, B=3.13",2.587100029,19.22999954
"Theory, LOTW k=0.37, B=3.13",2.647799969,19.6079998
"Theory, LOTW k=0.37, B=3.13",2.708499908,19.98600006
"Theory, LOTW k=0.37, B=3.13",2.769200087,20.36300087
"Theory, LOTW k=0.37, B=3.13",2.829900026,20.74099922
"Theory, LOTW k=0.37, B=3.13",2.890599966,21.11899948
"Theory, LOTW k=0.37, B=3.13",2.951299906,21.49699974
"Theory, LOTW k=0.37, B=3.13",3.012000084,21.875
"Theory, LOTW k=0.37, B=3.13",3.072700024,22.25200081
"Theory, LOTW k=0.37, B=3.13",3.133399963,22.62999916
"Theory, LOTW k=0.37, B=3.13",3.194099903,23.00799942
"Theory, LOTW k=0.37, B=3.13",3.254800081,23.38599968
"Theory, LOTW k=0.37, B=3.13",3.315500021,23.76300049
"Theory, LOTW k=0.37, B=3.13",3.376199961,24.14100075
"Theory, LOTW k=0.37, B=3.13",3.4368999,24.5189991
"Theory, LOTW k=0.37, B=3.13",3.497600079,24.89599991
"Theory, LOTW k=0.37, B=3.13",3.558300018,25.27400017
"Theory, LOTW k=0.37, B=3.13",3.618999958,25.65200043
"Theory, LOTW k=0.37, B=3.13",3.679699898,26.03000069
"Theory, LOTW k=0.37, B=3.13",3.740400076,26.40699959
"Theory, LOTW k=0.37, B=3.13",3.801100016,26.78499985
"Theory, LOTW k=0.37, B=3.13",3.861799955,27.16300011
"Theory, LOTW k=0.37, B=3.13",3.922499895,27.54100037
"Theory, LOTW k=0.37, B=3.13",3.983200073,27.91799927
"Theory, LOTW k=0.37, B=3.13",4.043900013,28.29599953
"Theory, LOTW k=0.37, B=3.13",4.104599953,28.67399979
"Theory, LOTW k=0.37, B=3.13",4.165299892,29.05200005
"Theory, LOTW k=0.37, B=3.13",4.225999832,29.42900085
"Theory, LOTW k=0.37, B=3.13",4.286699772,29.80699921
"Theory, LOTW k=0.37, B=3.13",4.347400188,30.18499947
"Theory, LOTW k=0.37, B=3.13",4.408100128,30.56299973
"Theory, LOTW k=0.37, B=3.13",4.468800068,30.94000053
"Theory, LOTW k=0.37, B=3.13",4.529500008,31.31800079
"Theory, LOTW k=0.37, B=3.13",4.590199947,31.69599915
"Theory, LOTW k=0.37, B=3.13",4.650899887,32.07400131
"Theory, LOTW k=0.37, B=3.13",4.711599827,32.45100021
"Theory, LOTW k=0.37, B=3.13",4.772299767,32.82899857
"Theory, LOTW k=0.37, B=3.13",4.833000183,33.20700073
"Theory, LOTW k=0.37, B=3.13",4.893700123,33.58399963
"Theory, LOTW k=0.37, B=3.13",4.954400063,33.9620018
"Theory, LOTW k=0.37, B=3.13",5.015100002,34.34000015
"Theory, LOTW k=0.37, B=3.13",5.075799942,34.7179985
"Theory, LOTW k=0.37, B=3.13",5.136499882,35.09500122
"Theory, LOTW k=0.37, B=3.13",5.197199821,35.47299957
"Theory, LOTW k=0.37, B=3.13",5.257900238,35.85100174
"Theory, LOTW k=0.37, B=3.13",5.318600178,36.22900009
"Theory, LOTW k=0.37, B=3.13",5.379300117,36.60599899
"Theory, LOTW k=0.37, B=3.13",5.440000057,36.98400116
"Theory, LOTW k=0.37, B=3.13",5.500699997,37.36199951
"Theory, LOTW k=0.37, B=3.13",5.561399937,37.74000168
"Theory, LOTW k=0.37, B=3.13",5.622099876,38.11700058
"Theory, LOTW k=0.37, B=3.13",5.682799816,38.49499893
"Theory, LOTW k=0.37, B=3.13",5.743500233,38.8730011
"Theory, LOTW k=0.37, B=3.13",5.804200172,39.25
"Theory, LOTW k=0.37, B=3.13",5.864900112,39.62799835
"Theory, LOTW k=0.37, B=3.13",5.925600052,40.00600052
"Theory, LOTW k=0.37, B=3.13",5.986299992,40.38399887
"Theory, LOTW k=0.37, B=3.13",6.046999931,40.76100159
"Theory, Coles",-0.04573975503,0.9000052214
"Theory, Coles",1.775741111e-05,0.9999874234
"Theory, Coles",0.04141043872,1.099959016
"Theory, Coles",0.07919899374,1.199916482
"Theory, Coles",0.1139611006,1.299855709
"Theory, Coles",0.1461457759,1.399772167
"Theory, Coles",0.176109001,1.499660015
"Theory, Coles",0.2041377276,1.599513054
"Theory, Coles",0.2304666638,1.699324131
"Theory, Coles",0.25529024,1.799085259
"Theory, Coles",0.2787713408,1.898787498
"Theory, Coles",0.3010477424,1.998421073
"Theory, Coles",0.3222370148,2.097975016
"Theory, Coles",0.3424404263,2.197437763
"Theory, Coles",0.3617455661,2.29679656
"Theory, Coles",0.3802289963,2.396037579
"Theory, Coles",0.3979577422,2.495146275
"Theory, Coles",0.4149910808,2.594107151
"Theory, Coles",0.4313815236,2.692903042
"Theory, Coles",0.447175771,2.791517019
"Theory, Coles",0.4624157548,2.889930487
"Theory, Coles",0.4771389961,2.988123894
"Theory, Coles",0.4913794398,3.086077452
"Theory, Coles",0.5051677227,3.183770418
"Theory, Coles",0.5185316801,3.281180859
"Theory, Coles",0.531496644,3.378287315
"Theory, Coles",0.5440858006,3.475066423
"Theory, Coles",0.55632025,3.571495771
"Theory, Coles",0.5682194829,3.667551517
"Theory, Coles",0.579801321,3.763210058
"Theory, Coles",0.5910823345,3.85844779
"Theory, Coles",0.6020777225,3.953240633
"Theory, Coles",0.6128016114,4.047564983
"Theory, Coles",0.623266995,4.141396523
"Theory, Coles",0.6334862113,4.234712601
"Theory, Coles",0.6434704065,4.327489853
"Theory, Coles",0.6532302499,4.419705868
"Theory, Coles",0.6627755761,4.511338234
"Theory, Coles",0.672115624,4.602365971
"Theory, Coles",0.6812589765,4.692768097
"Theory, Coles",0.6902138591,4.782525063
"Theory, Coles",0.6989877224,4.871617317
"Theory, Coles",0.7075878978,4.960026741
"Theory, Coles",0.7160210609,5.047736645
"Theory, Coles",0.7242936492,5.134730816
"Theory, Coles",0.7324115038,5.220993996
"Theory, Coles",0.7403804064,5.306511879
"Theory, Coles",0.748205781,5.391272068
"Theory, Coles",0.7558926344,5.475262642
"Theory, Coles",0.763445735,5.558472633
"Theory, Coles",0.7708697319,5.640892506
"Theory, Coles",0.7781689763,5.722514153
"Theory, Coles",0.7853475809,5.803329468
"Theory, Coles",0.79240942,5.883332729
"Theory, Coles",0.7993583083,5.962518215
"Theory, Coles",0.8061977029,6.040882111
"Theory, Coles",0.8129311204,6.118420601
"Theory, Coles",0.8195616603,6.195131302
"Theory, Coles",0.8260925412,6.271012783
"Theory, Coles",0.8325266242,6.346064568
"Theory, Coles",0.8388668299,6.420287132
"Theory, Coles",0.8451157808,6.493680954
"Theory, Coles",0.8512760997,6.566247463
"Theory, Coles",0.8573502302,6.637989998
"Theory, Coles",0.8633406162,6.708910942
"Theory, Coles",0.8692494631,6.779014587
"Theory, Coles",0.8750790358,6.848304272
"Theory, Coles",0.8808313012,6.916785717
"Theory, Coles",0.8865084648,6.984463692
"Theory, Coles",0.8921123743,7.051343918
"Theory, Coles",0.8976448178,7.117433071
"Theory, Coles",0.9031077623,7.182736874
"Theory, Coles",0.9085027575,7.247262955
"Theory, Coles",0.9138315916,7.31101799
"Theory, Coles",0.9190958142,7.374009609
"Theory, Coles",0.9242970347,7.436245918
"Theory, Coles",0.9294366837,7.497734547
"Theory, Coles",0.9345161915,7.558483124
"Theory, Coles",0.9395369887,7.618501186
"Theory, Coles",0.9445004463,7.677796364
"Theory, Coles",0.9494077563,7.736377239
"Theory, Coles",0.9542602897,7.794252872
"Theory, Coles",0.9590591192,7.851431847
"Theory, Coles",0.9638055563,7.907923222
"Theory, Coles",0.9685006738,7.96373558
"Theory, Coles",0.9731456041,8.018877983
"Theory, Coles",0.9777413607,8.073360443
"Theory, Coles",0.9822889566,8.127189636
"Theory, Coles",0.986789465,8.180377007
"Theory, Coles",0.9912438393,8.232930183
"Theory, Coles",0.9956529737,8.284858704
"Theory, Coles",1.000017762,8.336170197
"Theory, Coles",1.004339099,8.386875153
"Theory, Coles",1.008617878,8.436982155
"Theory, Coles",1.012854934,8.486498833
"Theory, Coles",1.017051101,8.535435677
"Theory, Coles",1.021207094,8.583799362
"Theory, Coles",1.025323629,8.631599426
"Theory, Coles",1.029401541,8.678843498
"Theory, Coles",1.033441544,8.725541115
"Theory, Coles",1.037444234,8.771700859
"Theory, Coles",1.041410446,8.817329407
"Theory, Coles",1.045340776,8.862435341
"Theory, Coles",1.049235821,8.907027245
"Theory, Coles",1.053096175,8.951112747
"Theory, Coles",1.056922555,8.994698524
"Theory, Coles",1.060715556,9.037794113
"Theory, Coles",1.064475775,9.080406189
"Theory, Coles",1.068203568,9.122542381
"Theory, Coles",1.071899772,9.164209366
"Theory, Coles",1.075564742,9.205415726
"Theory, Coles",1.079198956,9.246167183
"Theory, Coles",1.08280313,9.286472321
"Theory, Coles",1.086377621,9.326336861
"Theory, Coles",1.089922905,9.365767479
"Theory, Coles",1.09343946,9.404771805
"Theory, Coles",1.096927762,9.44335556
"Theory, Coles",1.100388288,9.481525421
"Theory, Coles",1.103821397,9.519289017
"Theory, Coles",1.107227683,9.556651115
"Theory, Coles",1.110607505,9.593618393
"Theory, Coles",1.113961101,9.630197525
"Theory, Coles",1.117289066,9.66639328
"Theory, Coles",1.12059164,9.702212334
"Theory, Coles",1.123869419,9.737660408
"Theory, Coles",1.127122521,9.772743225
"Theory, Coles",1.130351543,9.807466507
"Theory, Coles",1.133556604,9.841835022
"Theory, Coles",1.1367383,9.875854492
"Theory, Coles",1.13989687,9.90953064
"Theory, Coles",1.143032551,9.942868233
"Theory, Coles",1.146145821,9.975872993
"Theory, Coles",1.149236917,10.00854874
"Theory, Coles",1.15230608,10.04090214
"Theory, Coles",1.155353785,10.07293606
"Theory, Coles",1.15838027,10.10465717
"Theory, Coles",1.161385775,10.13606834
"Theory, Coles",1.164370656,10.16717529
"Theory, Coles",1.167335033,10.19798279
"Theory, Coles",1.170279503,10.22849464
"Theory, Coles",1.173204064,10.25871468
"Theory, Coles",1.176108956,10.28864861
"Theory, Coles",1.178994656,10.31829929
"Theory, Coles",1.181861281,10.34767151
"Theory, Coles",1.184709191,10.37677002
"Theory, Coles",1.187538505,10.40559673
"Theory, Coles",1.19034946,10.43415833
"Theory, Coles",1.193142295,10.46245575
"Theory, Coles",1.195917368,10.49049473
"Theory, Coles",1.198674798,10.51827908
"Theory, Coles",1.201414824,10.5458107
"Theory, Coles",1.204137683,10.57309532
"Theory, Coles",1.206843615,10.60013485
"Theory, Coles",1.209532738,10.6269331
"Theory, Coles",1.21220541,10.65349388
"Theory, Coles",1.214861631,10.67982101
"Theory, Coles",1.21750164,10.7059164
"Theory, Coles",1.220125794,10.73178387
"Theory, Coles",1.222734213,10.75742626
"Theory, Coles",1.225327015,10.7828474
"Theory, Coles",1.227904439,10.80805016
"Theory, Coles",1.230466604,10.83303738
"Theory, Coles",1.233013868,10.85781193
"Theory, Coles",1.235546231,10.88237762
"Theory, Coles",1.238063812,10.90673542
"Theory, Coles",1.240566969,10.93088913
"Theory, Coles",1.24305582,10.95484161
"Theory, Coles",1.245530367,10.97859573
"Theory, Coles",1.247990966,11.00215435
"Theory, Coles",1.250437737,11.02551937
"Theory, Coles",1.252870798,11.0486927
"Theory, Coles",1.25529027,11.07167912
"Theory, Coles",1.25769639,11.09447861
"Theory, Coles",1.260089159,11.11709595
"Theory, Coles",1.262468815,11.13953114
"Theory, Coles",1.264835596,11.16178894
"Theory, Coles",1.267189503,11.18386936
"Theory, Coles",1.269530654,11.20577621
"Theory, Coles",1.271859288,11.22751141
"Theory, Coles",1.274175644,11.2490778
"Theory, Coles",1.276479602,11.27047539
"Theory, Coles",1.2787714,11.29170895
"Theory, Coles",1.281051159,11.31277847
"Theory, Coles",1.283318996,11.33368778
"Theory, Coles",1.285575032,11.35443687
"Theory, Coles",1.287819505,11.37502956
"Theory, Coles",1.290052414,11.39546776
"Theory, Coles",1.292273879,11.41575241
"Theory, Coles",1.294484019,11.43588543
"Theory, Coles",1.296682954,11.45586872
"Theory, Coles",1.298870802,11.47570515
"Theory, Coles",1.301047683,11.49539566
"Theory, Coles",1.303213835,11.51494217
"Theory, Coles",1.305369139,11.53434658
"Theory, Coles",1.307513714,11.55360985
"Theory, Coles",1.309647918,11.57273483
"Theory, Coles",1.311771631,11.59172249
"Theory, Coles",1.313884974,11.61057472
"Theory, Coles",1.315988064,11.62929344
"Theory, Coles",1.318081021,11.64787865
"Theory, Coles",1.320164084,11.66633415
"Theory, Coles",1.322237015,11.68466091
"Theory, Coles",1.32430017,11.70285892
"Theory, Coles",1.326353669,11.72093105
"Theory, Coles",1.328397393,11.7388792
"Theory, Coles",1.330431581,11.75670338
"Theory, Coles",1.332456231,11.77440548
"Theory, Coles",1.334471464,11.79198742
"Theory, Coles",1.336477518,11.8094511
"Theory, Coles",1.338474274,11.82679653
"Theory, Coles",1.34046185,11.84402561
"Theory, Coles",1.342440367,11.8611393
"Theory, Coles",1.344410062,11.8781395
"Theory, Coles",1.346370697,11.89502716
"Theory, Coles",1.34832263,11.9118042
"Theory, Coles",1.350265741,11.92847061
"Theory, Coles",1.35220027,11.94502926
"Theory, Coles",1.354126215,11.96147919
"Theory, Coles",1.356043577,11.97782421
"Theory, Coles",1.357952595,11.99406338
"Theory, Coles",1.359853268,12.01019859
"Theory, Coles",1.361745596,12.02623081
"Theory, Coles",1.363629699,12.04216099
"Theory, Coles",1.365505695,12.05799103
"Theory, Coles",1.367373705,12.07372189
"Theory, Coles",1.369233608,12.08935356
"Theory, Coles",1.371085644,12.10488796
"Theory, Coles",1.372929692,12.12032604
"Theory, Coles",1.374766111,12.13566971
"Theory, Coles",1.376594663,12.15091801
"Theory, Coles",1.378415585,12.1660738
"Theory, Coles",1.380228996,12.18113613
"Theory, Coles",1.382034779,12.19610786
"Theory, Coles",1.383833051,12.210989
"Theory, Coles",1.385624051,12.22578144
"Theory, Coles",1.387407541,12.24048424
"Theory, Coles",1.389183879,12.25510025
"Theory, Coles",1.390952826,12.26962948
"Theory, Coles",1.392714739,12.28407192
"Theory, Coles",1.39446938,12.29843044
"Theory, Coles",1.396217108,12.31270504
"Theory, Coles",1.397957802,12.32689571
"Theory, Coles",1.399691463,12.34100437
"Theory, Coles",1.401418328,12.35503101
"Theory, Coles",1.40313828,12.36897755
"Theory, Coles",1.404851437,12.38284397
"Theory, Coles",1.406557918,12.39663124
"Theory, Coles",1.408257723,12.41034031
"Theory, Coles",1.409950852,12.42397213
"Theory, Coles",1.411637425,12.4375267
"Theory, Coles",1.413317561,12.45100498
"Theory, Coles",1.41499114,12.46440887
"Theory, Coles",1.416658282,12.47773743
"Theory, Coles",1.418318987,12.49099255
"Theory, Coles",1.419973493,12.50417519
"Theory, Coles",1.42162168,12.51728439
"Theory, Coles",1.423263669,12.53032207
"Theory, Coles",1.42489934,12.54328918
"Theory, Coles",1.42652905,12.55618668
"Theory, Coles",1.428152561,12.5690136
"Theory, Coles",1.429769993,12.58177185
"Theory, Coles",1.431381464,12.59446144
"Theory, Coles",1.432986975,12.60708332
"Theory, Coles",1.434586644,12.61963844
"Theory, Coles",1.436180353,12.63212681
"Theory, Coles",1.43776834,12.64455032
"Theory, Coles",1.439350486,12.65690804
"Theory, Coles",1.44092679,12.6692009
"Theory, Coles",1.442497492,12.68142986
"Theory, Coles",1.444062591,12.69359589
"Theory, Coles",1.445621967,12.70569897
"Theory, Coles",1.447175741,12.71774006
"Theory, Coles",1.448724031,12.72971916
"Theory, Coles",1.450266838,12.74163723
"Theory, Coles",1.451804161,12.75349522
"Theory, Coles",1.45333612,12.76529312
"Theory, Coles",1.454862595,12.77703094
"Theory, Coles",1.456383705,12.78871059
"Theory, Coles",1.45789957,12.80033207
"Theory, Coles",1.459410191,12.81189442
"Theory, Coles",1.460915565,12.8234005
"Theory, Coles",1.462415695,12.83484936
"Theory, Coles",1.463910699,12.84624195
"Theory, Coles",1.465400577,12.85757923
"Theory, Coles",1.466885328,12.8688612
"Theory, Coles",1.468365073,12.88008785
"Theory, Coles",1.469839811,12.89126015
"Theory, Coles",1.471309423,12.90237808
"Theory, Coles",1.472774148,12.91344357
"Theory, Coles",1.474233985,12.92445564
"Theory, Coles",1.475688934,12.93541527
"Theory, Coles",1.477138996,12.94632244
"Theory, Coles",1.47858429,12.95717812
"Theory, Coles",1.480024695,12.96798325
"Theory, Coles",1.481460333,12.97873688
"Theory, Coles",1.482891321,12.98944092
"Theory, Coles",1.484317541,13.00009537
"Theory, Coles",1.485739112,13.01069927
"Theory, Coles",1.487156153,13.02125454
"Theory, Coles",1.488568425,13.03176117
"Theory, Coles",1.489976168,13.04222012
"Theory, Coles",1.49137938,13.05263042
"Theory, Coles",1.492778182,13.062994
"Theory, Coles",1.494172335,13.07331085
"Theory, Coles",1.495562077,13.08358002
"Theory, Coles",1.496947408,13.09380341
"Theory, Coles",1.498328328,13.10398102
"Theory, Coles",1.499704838,13.11411285
"Theory, Coles",1.501077056,13.12419987
"Theory, Coles",1.502444863,13.13424206
"Theory, Coles",1.503808498,13.14424038
"Theory, Coles",1.505167723,13.15419388
"Theory, Coles",1.506522775,13.16410351
"Theory, Coles",1.507873654,13.17397022
"Theory, Coles",1.509220243,13.18379402
"Theory, Coles",1.510562778,13.19357491
"Theory, Coles",1.51190114,13.20331383
"Theory, Coles",1.513235331,13.21301079
"Theory, Coles",1.514565468,13.22266579
"Theory, Coles",1.515891671,13.23227978
"Theory, Coles",1.517213702,13.24185276
"Theory, Coles",1.51853168,13.25138569
"Theory, Coles",1.519845724,13.26087761
"Theory, Coles",1.521155834,13.27032948
"Theory, Coles",1.52246201,13.27974129
"Theory, Coles",1.523764253,13.289114
"Theory, Coles",1.525062561,13.29844761
"Theory, Coles",1.526357055,13.30774307
"Theory, Coles",1.527647614,13.31699944
"Theory, Coles",1.528934479,13.32621765
"Theory, Coles",1.530217409,13.33539772
"Theory, Coles",1.531496644,13.3445406
"Theory, Coles",1.532772183,13.35364532
"Theory, Coles",1.534043789,13.36271381
"Theory, Coles",1.535311937,13.37174511
"Theory, Coles",1.536576152,13.38074017
"Theory, Coles",1.537836909,13.38969898
"Theory, Coles",1.539093852,13.39862156
"Theory, Coles",1.540347219,13.40750885
"Theory, Coles",1.541597009,13.41636086
"Theory, Coles",1.542843103,13.42517757
"Theory, Coles",1.544085741,13.43395901
"Theory, Coles",1.545324802,13.44270611
"Theory, Coles",1.546560407,13.45141888
"Theory, Coles",1.547792435,13.46009731
"Theory, Coles",1.549021006,13.46874142
"Theory, Coles",1.550246119,13.47735214
"Theory, Coles",1.551467776,13.48593044
"Theory, Coles",1.552685976,13.49447441
"Theory, Coles",1.553900838,13.50298595
"Theory, Coles",1.555112243,13.51146507
"Theory, Coles",1.55632031,13.51991081
"Theory, Coles",1.55752492,13.52832508
"Theory, Coles",1.558726311,13.53670788
"Theory, Coles",1.559924364,13.54505825
"Theory, Coles",1.56111908,13.55337715
"Theory, Coles",1.562310576,13.56166458
"Theory, Coles",1.563498855,13.56992149
"Theory, Coles",1.564683795,13.57814693
"Theory, Coles",1.565865517,13.58634186
"Theory, Coles",1.567044139,13.59450626
"Theory, Coles",1.568219423,13.60264111
"Theory, Coles",1.569391608,13.61074543
"Theory, Coles",1.570560694,13.61882019
"Theory, Coles",1.571726561,13.62686539
"Theory, Coles",1.572889328,13.63488102
"Theory, Coles",1.574048996,13.64286709
"Theory, Coles",1.575205564,13.65082455
"Theory, Coles",1.576359153,13.6587534
"Theory, Coles",1.577509522,13.66665363
"Theory, Coles",1.578657031,13.67452526
"Theory, Coles",1.579801321,13.68236923
"Theory, Coles",1.58094275,13.69018459
"Theory, Coles",1.582081079,13.6979723
"Theory, Coles",1.583216548,13.70573235
"Theory, Coles",1.584348917,13.71346474
"Theory, Coles",1.585478425,13.72117043
"Theory, Coles",1.586605072,13.72884941
"Theory, Coles",1.587728739,13.73650074
"Theory, Coles",1.588849425,13.74412537
"Theory, Coles",1.58996737,13.75172329
"Theory, Coles",1.591082335,13.75929546
"Theory, Coles",1.592194438,13.76684093
"Theory, Coles",1.5933038,13.77436066
"Theory, Coles",1.5944103,13.78185463
"Theory, Coles",1.59551394,13.78932285
"Theory, Coles",1.596614838,13.79676533
"Theory, Coles",1.597712994,13.80418301
"Theory, Coles",1.598808289,13.81157494
"Theory, Coles",1.599900842,13.81894207
"Theory, Coles",1.600990653,13.82628441
"Theory, Coles",1.602077723,13.83360195
"Theory, Coles",1.603162169,13.84089565
"Theory, Coles",1.604243755,13.84816456
"Theory, Coles",1.605322838,13.85540867
"Theory, Coles",1.606399059,13.86262894
"Theory, Coles",1.607472777,13.86982632
"Theory, Coles",1.608543754,13.8769989
"Theory, Coles",1.609612107,13.88414764
"Theory, Coles",1.610677958,13.8912735
"Theory, Coles",1.611741066,13.89837646
"Theory, Coles",1.612801552,13.90545559
"Theory, Coles",1.613859534,13.91251183
"Theory, Coles",1.614915013,13.91954517
"Theory, Coles",1.61596787,13.92655659
"Theory, Coles",1.617018104,13.93354416
"Theory, Coles",1.618065834,13.9405098
"Theory, Coles",1.619111061,13.9474535
"Theory, Coles",1.620153785,13.95437527
"Theory, Coles",1.621194005,13.96127415
"Theory, Coles",1.622231722,13.96815109
"Theory, Coles",1.623267055,13.97500706
"Theory, Coles",1.624299884,13.98184109
"Theory, Coles",1.62533021,13.98865318
"Theory, Coles",1.626358151,13.9954443
"Theory, Coles",1.62738359,14.00221443
"Theory, Coles",1.628406644,14.00896358
"Theory, Coles",1.629427314,14.0156908
"Theory, Coles",1.6304456,14.02239799
"Theory, Coles",1.631461501,14.02908421
"Theory, Coles",1.632475019,14.03574944
"Theory, Coles",1.633486271,14.04239464
"Theory, Coles",1.63449502,14.04901981
"Theory, Coles",1.635501504,14.05562401
"Theory, Coles",1.636505604,14.06220913
"Theory, Coles",1.637507439,14.06877327
"Theory, Coles",1.638507009,14.07531738
"Theory, Coles",1.639504194,14.08184242
"Theory, Coles",1.640499234,14.08834743
"Theory, Coles",1.64149189,14.09483337
"Theory, Coles",1.642482281,14.10129929
"Theory, Coles",1.643470407,14.10774708
"Theory, Coles",1.644456387,14.11417484
"Theory, Coles",1.645439982,14.12058353
"Theory, Coles",1.646421432,14.12697315
"Theory, Coles",1.647400737,14.1333437
"Theory, Coles",1.648377776,14.13969612
"Theory, Coles",1.649352551,14.14602947
"Theory, Coles",1.650325298,14.1523447
"Theory, Coles",1.651295781,14.15864086
"Theory, Coles",1.652264118,14.16491985
"Theory, Coles",1.653230309,14.17117977
"Theory, Coles",1.654194236,14.17742157
"Theory, Coles",1.655156136,14.18364525
"Theory, Coles",1.65611589,14.18985176
"Theory, Coles",1.657073617,14.19604015
"Theory, Coles",1.658029079,14.20221043
"Theory, Coles",1.658982635,14.20836353
"Theory, Coles",1.659933925,14.21449852
"Theory, Coles",1.660883188,14.22061634
"Theory, Coles",1.661830425,14.226717
"Theory, Coles",1.662775636,14.23280048
"Theory, Coles",1.6637187,14.23886776
"Theory, Coles",1.664659739,14.24491692
"Theory, Coles",1.66559875,14.25094891
"Theory, Coles",1.666535735,14.25696468
"Theory, Coles",1.667470694,14.26296329
"Theory, Coles",1.668403625,14.26894569
"Theory, Coles",1.66933465,14.27491188
"Theory, Coles",1.670263529,14.2808609
"Theory, Coles",1.671190619,14.28679371
"Theory, Coles",1.672115564,14.2927103
"Theory, Coles",1.673038602,14.29861069
"Theory, Coles",1.673959732,14.30449486
"Theory, Coles",1.674878836,14.31036282
"Theory, Coles",1.675796032,14.31621552
"Theory, Coles",1.676711321,14.322052
"Theory, Coles",1.677624702,14.32787228
"Theory, Coles",1.678536177,14.33367729
"Theory, Coles",1.679445624,14.33946705
"Theory, Coles",1.680353284,14.34524155
"Theory, Coles",1.681259036,14.35099983
"Theory, Coles",1.682162881,14.35674286
"Theory, Coles",1.683064818,14.36247063
"Theory, Coles",1.683964849,14.36818314
"Theory, Coles",1.684863091,14.37388039
"Theory, Coles",1.685759425,14.37956333
"Theory, Coles",1.686653972,14.38523102
"Theory, Coles",1.68754673,14.39088345
"Theory, Coles",1.688437581,14.39652157
"Theory, Coles",1.689326644,14.40214539
"Theory, Coles",1.690213799,14.40775394
"Theory, Coles",1.691099167,14.41334724
"Theory, Coles",1.691982865,14.41892719
"Theory, Coles",1.692864656,14.42449188
"Theory, Coles",1.693744659,14.43004322
"Theory, Coles",1.694622993,14.4355793
"Theory, Coles",1.69549942,14.44110203
"Theory, Coles",1.696374178,14.44661045
"Theory, Coles",1.697247148,14.45210457
"Theory, Coles",1.698118329,14.45758438
"Theory, Coles",1.698987722,14.46305084
"Theory, Coles",1.699855447,14.46850395
"Theory, Coles",1.700721502,14.47394276
"Theory, Coles",1.70158577,14.47936726
"Theory, Coles",1.702448249,14.4847784
"Theory, Coles",1.703309178,14.49017715
"Theory, Coles",1.7041682,14.4955616
"Theory, Coles",1.705025673,14.50093174
"Theory, Coles",1.705881476,14.50628948
"Theory, Coles",1.706735492,14.51163387
"Theory, Coles",1.707587957,14.51696491
"Theory, Coles",1.708438635,14.52228355
"Theory, Coles",1.709287643,14.52758789
"Theory, Coles",1.710135102,14.53287983
"Theory, Coles",1.710980892,14.53815937
"Theory, Coles",1.711825013,14.54342556
"Theory, Coles",1.712667465,14.5486784
"Theory, Coles",1.713508248,14.55391884
"Theory, Coles",1.714347482,14.55914688
"Theory, Coles",1.715185046,14.56436157
"Theory, Coles",1.716021061,14.56956387
"Theory, Coles",1.716855407,14.57475471
"Theory, Coles",1.717688203,14.57993221
"Theory, Coles",1.718519449,14.58509731
"Theory, Coles",1.719349027,14.59025002
"Theory, Coles",1.720177054,14.59539032
"Theory, Coles",1.721003532,14.60051918
"Theory, Coles",1.721828341,14.60563469
"Theory, Coles",1.72265172,14.61073875
"Theory, Coles",1.72347343,14.61583138
"Theory, Coles",1.72429359,14.6209116
"Theory, Coles",1.725112319,14.62597942
"Theory, Coles",1.725929379,14.6310358
"Theory, Coles",1.726745009,14.63607979
"Theory, Coles",1.72755897,14.64111233
"Theory, Coles",1.728371501,14.64613342
"Theory, Coles",1.729182482,14.65114307
"Theory, Coles",1.729992032,14.65614128
"Theory, Coles",1.730800033,14.66112709
"Theory, Coles",1.731606483,14.66610146
"Theory, Coles",1.732411504,14.67106533
"Theory, Coles",1.733214974,14.67601681
"Theory, Coles",1.734017015,14.68095779
"Theory, Coles",1.734817624,14.68588734
"Theory, Coles",1.735616684,14.69080544
"Theory, Coles",1.736414313,14.69571209
"Theory, Coles",1.737210393,14.70060825
"Theory, Coles",1.738005042,14.70549297
"Theory, Coles",1.738798261,14.71036625
"Theory, Coles",1.739590049,14.71522903
"Theory, Coles",1.740380406,14.72008133
"Theory, Coles",1.741169333,14.72492218
"Theory, Coles",1.74195683,14.72975254
"Theory, Coles",1.742742896,14.73457241
"Theory, Coles",1.743527532,14.73938084
"Theory, Coles",1.744310737,14.74417877
"Theory, Coles",1.745092511,14.74896622
"Theory, Coles",1.745872974,14.75374317
"Theory, Coles",1.746651888,14.75850964
"Theory, Coles",1.74742949,14.76326561
"Theory, Coles",1.748205781,14.76801109
"Theory, Coles",1.748980641,14.77274609
"Theory, Coles",1.749754071,14.77747154
"Theory, Coles",1.75052619,14.78218555
"Theory, Coles",1.751296878,14.78689003
"Theory, Coles",1.752066135,14.79158401
"Theory, Coles",1.752834201,14.79626846
"Theory, Coles",1.753600836,14.80094147
"Theory, Coles",1.75436604,14.80560589
"Theory, Coles",1.755130053,14.81025982
"Theory, Coles",1.755892634,14.81490326
"Theory, Coles",1.756653905,14.81953716
"Theory, Coles",1.757413745,14.82416153
"Theory, Coles",1.758172393,14.82877541
"Theory, Coles",1.75892961,14.83337975
"Theory, Coles",1.759685636,14.83797455
"Theory, Coles",1.76044023,14.84255886
"Theory, Coles",1.761193514,14.84713459
"Theory, Coles",1.761945605,14.85169983
"Theory, Coles",1.762696266,14.85625553
"Theory, Coles",1.763445735,14.86080265
"Theory, Coles",1.764193892,14.86533928
"Theory, Coles",1.764940739,14.86986637
"Theory, Coles",1.765686274,14.87438488
"Theory, Coles",1.766430616,14.87889385
"Theory, Coles",1.767173648,14.88339329
"Theory, Coles",1.767915368,14.88788319
"Theory, Coles",1.768655896,14.89236355
"Theory, Coles",1.769395113,14.89683533
"Theory, Coles",1.770133018,14.90129757
"Theory, Coles",1.770869732,14.90575123
"Theory, Coles",1.771605253,14.91019535
"Theory, Coles",1.772339463,14.91462994
"Theory, Coles",1.773072481,14.91905594
"Theory, Coles",1.773804188,14.92347336
"Theory, Coles",1.774534702,14.92788124
"Theory, Coles",1.775264025,14.93228054
"Theory, Coles",1.775992036,14.93667126
"Theory, Coles",1.776718974,14.94105244
"Theory, Coles",1.777444601,14.94542503
"Theory, Coles",1.778169036,14.94978905
"Theory, Coles",1.778892159,14.95414448
"Theory, Coles",1.77961421,14.95849037
"Theory, Coles",1.780335069,14.96282864
"Theory, Coles",1.781054735,14.96715736
"Theory, Coles",1.78177309,14.97147846
"Theory, Coles",1.782490373,14.97579002
"Theory, Coles",1.783206463,14.98009396
"Theory, Coles",1.783921361,14.98438931
"Theory, Coles",1.784635067,14.98867607
"Theory, Coles",1.785347581,14.99295425
"Theory, Coles",1.786058903,14.99722385
"Theory, Coles",1.786769152,15.00148487
"Theory, Coles",1.787478209,15.00573826
"Theory, Coles",1.788186073,15.00998306
"Theory, Coles",1.788892865,15.01422024
"Theory, Coles",1.789598465,15.01844883
"Theory, Coles",1.790302873,15.02266884
"Theory, Coles",1.791006207,15.02688122
"Theory, Coles",1.79170835,15.03108501
"Theory, Coles",1.79240942,15.03528118
"Theory, Coles",1.793109298,15.03946877
"Theory, Coles",1.793808103,15.04364872
"Theory, Coles",1.794505835,15.04782104
"Theory, Coles",1.795202374,15.05198479
"Theory, Coles",1.795897722,15.0561409
"Theory, Coles",1.796592116,15.06028843
"Theory, Coles",1.797285318,15.06442928
"Theory, Coles",1.797977448,15.06856155
"Theory, Coles",1.798668385,15.0726862
"Theory, Coles",1.799358249,15.07680321
"Theory, Coles",1.80004704,15.08091259
"Theory, Coles",1.800734878,15.08501434
"Theory, Coles",1.801421404,15.08910751
"Theory, Coles",1.802106977,15.09319401
"Theory, Coles",1.802791476,15.09727287
"Theory, Coles",1.803474903,15.10134315
"Theory, Coles",1.804157138,15.10540676
"Theory, Coles",1.804838419,15.10946274
"Theory, Coles",1.805518627,15.11351109
"Theory, Coles",1.806197762,15.11755276
"Theory, Coles",1.806875706,15.12158585
"Theory, Coles",1.807552814,15.12561226
"Theory, Coles",1.808228731,15.12963104
"Theory, Coles",1.808903575,15.1336422
"Theory, Coles",1.809577465,15.13764668
"Theory, Coles",1.810250282,15.14164257
"Theory, Coles",1.810922027,15.14563274
"Theory, Coles",1.811592817,15.14961433
"Theory, Coles",1.812262416,15.1535902
"Theory, Coles",1.812931061,15.15755749
"Theory, Coles",1.813598752,15.1615181
"Theory, Coles",1.81426537,15.16547203
"Theory, Coles",1.814930916,15.16941833
"Theory, Coles",1.815595508,15.17335796
"Theory, Coles",1.816259027,15.17728996
"Theory, Coles",1.816921592,15.18121529
"Theory, Coles",1.817583084,15.18513393
"Theory, Coles",1.818243623,15.18904495
"Theory, Coles",1.818903208,15.1929493
"Theory, Coles",1.819561601,15.19684696
"Theory, Coles",1.820219159,15.20073795
"Theory, Coles",1.820875764,15.20462132
"Theory, Coles",1.821531296,15.208498
"Theory, Coles",1.822185755,15.21236897
"Theory, Coles",1.822839379,15.21623135
"Theory, Coles",1.823491931,15.22008801
"Theory, Coles",1.824143648,15.22393799
"Theory, Coles",1.824794173,15.2277813
"Theory, Coles",1.825443864,15.23161793
"Theory, Coles",1.826092601,15.23544693
"Theory, Coles",1.826740265,15.23927021
"Theory, Coles",1.827386975,15.24308681
"Theory, Coles",1.828032851,15.24689674
"Theory, Coles",1.828677654,15.2507
"Theory, Coles",1.829321504,15.25449657
"Theory, Coles",1.829964399,15.25828648
"Theory, Coles",1.830606461,15.26207066
"Theory, Coles",1.831247449,15.26584816
"Theory, Coles",1.831887484,15.26961899
"Theory, Coles",1.832526684,15.27338314
"Theory, Coles",1.833164811,15.27714062
"Theory, Coles",1.833802104,15.28089237
"Theory, Coles",1.834438443,15.28463745
"Theory, Coles",1.835073829,15.28837681
"Theory, Coles",1.83570838,15.29210949
"Theory, Coles",1.836341858,15.29583549
"Theory, Coles",1.836974502,15.29955578
"Theory, Coles",1.837606192,15.30326939
"Theory, Coles",1.838236928,15.30697727
"Theory, Coles",1.83886683,15.31067848
"Theory, Coles",1.839495778,15.31437302
"Theory, Coles",1.840123892,15.31806183
"Theory, Coles",1.840750933,15.32174492
"Theory, Coles",1.841377139,15.32542229
"Theory, Coles",1.842002511,15.32909203
"Theory, Coles",1.842626929,15.332757
"Theory, Coles",1.843250513,15.33641529
"Theory, Coles",1.843873143,15.34006786
"Theory, Coles",1.844494939,15.34371471
"Theory, Coles",1.845115781,15.34735489
"Theory, Coles",1.845735788,15.35098934
"Theory, Coles",1.846354842,15.35461807
"Theory, Coles",1.846973062,15.35824108
"Theory, Coles",1.847590446,15.36185741
"Theory, Coles",1.848206878,15.36546803
"Theory, Coles",1.848822474,15.36907291
"Theory, Coles",1.849437118,15.37267208
"Theory, Coles",1.850051045,15.37626553
"Theory, Coles",1.8506639,15.37985325
"Theory, Coles",1.85127604,15.38343525
"Theory, Coles",1.851887345,15.38701153
"Theory, Coles",1.852497697,15.39058113
"Theory, Coles",1.853107214,15.39414597
"Theory, Coles",1.853715897,15.39770412
"Theory, Coles",1.854323745,15.40125751
"Theory, Coles",1.854930758,15.40480518
"Theory, Coles",1.855536938,15.40834713
"Theory, Coles",1.856142163,15.41188335
"Theory, Coles",1.856746674,15.41541386
"Theory, Coles",1.85735023,15.41893864
"Theory, Coles",1.857952952,15.4224577
"Theory, Coles",1.858554959,15.42597198
"Theory, Coles",1.859156013,15.4294796
"Theory, Coles",1.859756351,15.43298244
"Theory, Coles",1.860355735,15.43648052
"Theory, Coles",1.860954404,15.43997192
"Theory, Coles",1.861552119,15.44345856
"Theory, Coles",1.862149119,15.44693947
"Theory, Coles",1.862745285,15.45041466
"Theory, Coles",1.863340616,15.45388508
"Theory, Coles",1.863935113,15.45734978
"Theory, Coles",1.864528775,15.46080875
"Theory, Coles",1.865121722,15.46426296
"Theory, Coles",1.865713835,15.46771145
"Theory, Coles",1.866305113,15.47115421
"Theory, Coles",1.866895556,15.47459221
"Theory, Coles",1.867485285,15.47802544
"Theory, Coles",1.868074059,15.48145294
"Theory, Coles",1.868662238,15.48487473
"Theory, Coles",1.869249463,15.48829174
"Theory, Coles",1.869835973,15.49170303
"Theory, Coles",1.870421648,15.49510956
"Theory, Coles",1.871006608,15.49851131
"Theory, Coles",1.871590614,15.50190735
"Theory, Coles",1.872174025,15.50529861
"Theory, Coles",1.8727566,15.50868416
"Theory, Coles",1.873338342,15.51206493
"Theory, Coles",1.873919368,15.51544094
"Theory, Coles",1.874499559,15.51881123
"Theory, Coles",1.875079036,15.52217674
"Theory, Coles",1.875657678,15.52553749
"Theory, Coles",1.876235604,15.52889347
"Theory, Coles",1.876812696,15.53224373
"Theory, Coles",1.877389073,15.53558922
"Theory, Coles",1.877964735,15.53892994
"Theory, Coles",1.878539562,15.54226494
"Theory, Coles",1.879113674,15.54559517
"Theory, Coles",1.879686952,15.54892159
"Theory, Coles",1.880259514,15.55224228
"Theory, Coles",1.880831361,15.55555725
"Theory, Coles",1.881402373,15.55886841
"Theory, Coles",1.881972671,15.5621748
"Theory, Coles",1.882542253,15.56547546
"Theory, Coles",1.883111119,15.56877232
"Theory, Coles",1.883679152,15.57206345
"Theory, Coles",1.884246469,15.57534981
"Theory, Coles",1.88481307,15.57863235
"Theory, Coles",1.885378957,15.58190918
"Theory, Coles",1.885944128,15.58518124
"Theory, Coles",1.886508465,15.58844852
"Theory, Coles",1.887072086,15.591712
"Theory, Coles",1.887634993,15.59496975
"Theory, Coles",1.888197303,15.59822273
"Theory, Coles",1.888758659,15.6014719
"Theory, Coles",1.88931942,15.60471535
"Theory, Coles",1.889879465,15.60795498
"Theory, Coles",1.890438795,15.61118984
"Theory, Coles",1.890997291,15.61441994
"Theory, Coles",1.89155519,15.61764526
"Theory, Coles",1.892112374,15.62086582
"Theory, Coles",1.892668724,15.62408257
"Theory, Coles",1.893224478,15.62729359
"Theory, Coles",1.893779516,15.63050079
"Theory, Coles",1.894333839,15.63370323
"Theory, Coles",1.894887328,15.6369009
"Theory, Coles",1.89544034,15.64009476
"Theory, Coles",1.895992517,15.64328384
"Theory, Coles",1.89654398,15.64646816
"Theory, Coles",1.897094727,15.64964771
"Theory, Coles",1.897644877,15.65282345
"Theory, Coles",1.898194194,15.65599442
"Theory, Coles",1.898742914,15.65916061
"Theory, Coles",1.899290919,15.662323
"Theory, Coles",1.899838209,15.66548061
"Theory, Coles",1.900384903,15.66863441
"Theory, Coles",1.900930762,15.67178249
"Theory, Coles",1.901476026,15.67492771
"Theory, Coles",1.902020693,15.67806721
"Theory, Coles",1.902564526,15.68120384
"Theory, Coles",1.903107762,15.68433475
"Theory, Coles",1.903650284,15.68746185
"Theory, Coles",1.90419209,15.69058514
"Theory, Coles",1.9047333,15.69370365
"Theory, Coles",1.905273795,15.6968174
"Theory, Coles",1.905813575,15.69992733
"Theory, Coles",1.906352758,15.70303345
"Theory, Coles",1.906891346,15.7061348
"Theory, Coles",1.907429099,15.70923138
"Theory, Coles",1.907966256,15.7123251
"Theory, Coles",1.908502817,15.71541309
"Theory, Coles",1.909038663,15.71849823
"Theory, Coles",1.909573793,15.7215786
"Theory, Coles",1.910108328,15.7246542
"Theory, Coles",1.910642147,15.72772694
"Theory, Coles",1.91117537,15.73079491
"Theory, Coles",1.911707878,15.73385811
"Theory, Coles",1.91223979,15.7369175
"Theory, Coles",1.912771106,15.73997307
"Theory, Coles",1.913301587,15.74302483
"Theory, Coles",1.913831592,15.74607182
"Theory, Coles",1.914360881,15.74911499
"Theory, Coles",1.914889574,15.75215435
"Theory, Coles",1.915417552,15.75518894
"Theory, Coles",1.915944934,15.75822067
"Theory, Coles",1.91647172,15.76124763
"Theory, Coles",1.91699779,15.76427078
"Theory, Coles",1.917523265,15.76728916
"Theory, Coles",1.918048024,15.77030468
"Theory, Coles",1.918572307,15.77331543
"Theory, Coles",1.919095874,15.77632236
"Theory, Coles",1.919618726,15.77932549
"Theory, Coles",1.920141101,15.78232479
"Theory, Coles",1.920662761,15.78531933
"Theory, Coles",1.921183825,15.788311
"Theory, Coles",1.921704173,15.79129791
"Theory, Coles",1.922224045,15.79428101
"Theory, Coles",1.922743201,15.79726028
"Theory, Coles",1.923261762,15.8002367
"Theory, Coles",1.923779726,15.80320835
"Theory, Coles",1.924297094,15.80617619
"Theory, Coles",1.924813747,15.80914021
"Theory, Coles",1.925329804,15.81209946
"Theory, Coles",1.925845265,15.81505585
"Theory, Coles",1.92636025,15.81800842
"Theory, Coles",1.926874518,15.82095718
"Theory, Coles",1.927388072,15.82390213
"Theory, Coles",1.927901149,15.82684326
"Theory, Coles",1.92841363,15.82978058
"Theory, Coles",1.928925395,15.83271408
"Theory, Coles",1.929436684,15.83564377
"Theory, Coles",1.929947257,15.83856964
"Theory, Coles",1.930457354,15.8414917
"Theory, Coles",1.930966735,15.8444109
"Theory, Coles",1.931475639,15.84732533
"Theory, Coles",1.931983829,15.85023594
"Theory, Coles",1.932491541,15.85314369
"Theory, Coles",1.932998538,15.85604763
"Theory, Coles",1.933505058,15.85894775
"Theory, Coles",1.934010863,15.86184406
"Theory, Coles",1.934516191,15.86473656
"Theory, Coles",1.935020924,15.86762524
"Theory, Coles",1.93552506,15.87051105
"Theory, Coles",1.9360286,15.87339306
"Theory, Coles",1.936531544,15.87627125
"Theory, Coles",1.937033892,15.87914562
"Theory, Coles",1.937535644,15.88201618
"Theory, Coles",1.938036799,15.88488388
"Theory, Coles",1.938537478,15.88774776
"Theory, Coles",1.939037561,15.89060783
"Theory, Coles",1.939537048,15.89346409
"Theory, Coles",1.940035939,15.89631748
"Theory, Coles",1.940534234,15.89916706
"Theory, Coles",1.941031933,15.90201283
"Theory, Coles",1.941529155,15.90485573
"Theory, Coles",1.942025781,15.90769482
"Theory, Coles",1.942521811,15.91053009
"Theory, Coles",1.943017364,15.91336155
"Theory, Coles",1.943512321,15.91619015
"Theory, Coles",1.944006681,15.91901493
"Theory, Coles",1.944500446,15.92183685
"Theory, Coles",1.944993615,15.92465496
"Theory, Coles",1.945486307,15.92746925
"Theory, Coles",1.945978403,15.93028069
"Theory, Coles",1.946470022,15.9330883
"Theory, Coles",1.946961045,15.93589306
"Theory, Coles",1.947451472,15.938694
"Theory, Coles",1.947941303,15.94149113
"Theory, Coles",1.948430657,15.94428539
"Theory, Coles",1.948919535,15.94707584
"Theory, Coles",1.949407816,15.94986343
"Theory, Coles",1.949895382,15.95264721
"Theory, Coles",1.95038259,15.95542812
"Theory, Coles",1.950869203,15.95820522
"Theory, Coles",1.951355338,15.96097946
"Theory, Coles",1.951840758,15.96374989
"Theory, Coles",1.952325702,15.96651745
"Theory, Coles",1.952810168,15.9692812
"Theory, Coles",1.953294158,15.97204208
"Theory, Coles",1.953777432,15.97479916
"Theory, Coles",1.95426023,15.97755337
"Theory, Coles",1.954742551,15.98030376
"Theory, Coles",1.955224276,15.9830513
"Theory, Coles",1.955705523,15.98579597
"Theory, Coles",1.956186175,15.98853683
"Theory, Coles",1.95666635,15.99127483
"Theory, Coles",1.957145929,15.99400902
"Theory, Coles",1.957625031,15.99674034
"Theory, Coles",1.958103657,15.99946785
"Theory, Coles",1.958581686,16.00219345
"Theory, Coles",1.959059119,16.00491524
"Theory, Coles",1.959536076,16.00763321
"Theory, Coles",1.960012555,16.01034737
"Theory, Coles",1.960488558,16.01305962
"Theory, Coles",1.960963964,16.01576996
"Theory, Coles",1.961438894,16.01847458
"Theory, Coles",1.961913228,16.02117729
"Theory, Coles",1.962387085,16.02387619
"Theory, Coles",1.962860465,16.02657318
"Theory, Coles",1.963333249,16.02926636
"Theory, Coles",1.963805556,16.03195572
"Theory, Coles",1.964277387,16.03464317
"Theory, Coles",1.964748621,16.03732681
"Theory, Coles",1.965219498,16.04000664
"Theory, Coles",1.965689778,16.04268456
"Theory, Coles",1.966159463,16.04535866
"Theory, Coles",1.966628671,16.04803085
"Theory, Coles",1.967097521,16.05069923
"Theory, Coles",1.967565775,16.0533638
"Theory, Coles",1.968033433,16.05602646
"Theory, Coles",1.968500733,16.0586853
"Theory, Coles",1.968967438,16.06134224
"Theory, Coles",1.969433665,16.06399536
"Theory, Coles",1.969899416,16.06664467
"Theory, Coles",1.970364571,16.06929207
"Theory, Coles",1.970829368,16.07193565
"Theory, Coles",1.971293569,16.07457733
"Theory, Coles",1.971757293,16.07721519
"Theory, Coles",1.97222054,16.07984924
"Theory, Coles",1.972683311,16.08248138
"Theory, Coles",1.973145604,16.08510971
"Theory, Coles",1.973607421,16.08773613
"Theory, Coles",1.974068642,16.09035873
"Theory, Coles",1.974529505,16.09297943
"Theory, Coles",1.974989772,16.09559631
"Theory, Coles",1.975449562,16.09821129
"Theory, Coles",1.975908875,16.10082245
"Theory, Coles",1.976367712,16.10342979
"Theory, Coles",1.976826072,16.10603523
"Theory, Coles",1.977283955,16.10863876
"Theory, Coles",1.977741361,16.11123848
"Theory, Coles",1.97819829,16.11383438
"Theory, Coles",1.978654742,16.11642838
"Theory, Coles",1.979110599,16.11902046
"Theory, Coles",1.979566097,16.12160873
"Theory, Coles",1.980021119,16.12419319
"Theory, Coles",1.980475664,16.12677574
"Theory, Coles",1.980929732,16.12935448
"Theory, Coles",1.981383324,16.1319313
"Theory, Coles",1.981836319,16.13450432
"Theory, Coles",1.982288957,16.13707542
"Theory, Coles",1.982741117,16.13964462
"Theory, Coles",1.983192801,16.14221001
"Theory, Coles",1.983644009,16.14477158
"Theory, Coles",1.984094739,16.14733124
"Theory, Coles",1.984545112,16.14988899
"Theory, Coles",1.984994888,16.15244293
"Theory, Coles",1.985444188,16.15499306
"Theory, Coles",1.98589313,16.15754318
"Theory, Coles",1.986341476,16.16008759
"Theory, Coles",1.986789465,16.16263199
"Theory, Coles",1.987236977,16.16517067
"Theory, Coles",1.987684011,16.16770935
"Theory, Coles",1.988130569,16.17024422
"Theory, Coles",1.988576651,16.17277527
"Theory, Coles",1.989022374,16.17530441
"Theory, Coles",1.989467621,16.17783165
"Theory, Coles",1.989912271,16.18035507
"Theory, Coles",1.990356565,16.18287659
"Theory, Coles",1.990800381,16.18539429
"Theory, Coles",1.991243839,16.18791008
"Theory, Coles",1.991686821,16.19042206
"Theory, Coles",1.992129207,16.19293213
"Theory, Coles",1.992571235,16.19544029
"Theory, Coles",1.993012905,16.19794464
"Theory, Coles",1.993453979,16.20044708
"Theory, Coles",1.993894696,16.20294762
"Theory, Coles",1.994334936,16.20544434
"Theory, Coles",1.994774699,16.20793724
"Theory, Coles",1.995213985,16.21043015
"Theory, Coles",1.995652914,16.21291733
"Theory, Coles",1.996091366,16.21540451
"Theory, Coles",1.99652946,16.21788788
"Theory, Coles",1.996966958,16.22036934
"Theory, Coles",1.997404099,16.22284698
"Theory, Coles",1.997840881,16.22532272
"Theory, Coles",1.998277068,16.22779655
"Theory, Coles",1.998712897,16.23026657
"Theory, Coles",1.99914825,16.23273468
"Theory, Coles",1.999583244,16.23519897
"Theory, Coles",2.000017643,16.23766136
"Theory, Coles",2.008617878,16.2861805
"Theory, Coles",2.017050982,16.33376503
"Theory, Coles",2.025323629,16.38045311
"Theory, Coles",2.033441544,16.42627716
"Theory, Coles",2.041410446,16.4712677
"Theory, Coles",2.049235821,16.51545715
"Theory, Coles",2.056922674,16.55887222
"Theory, Coles",2.064475775,16.60153961
"Theory, Coles",2.071899652,16.64348793
"Theory, Coles",2.079199076,16.68474007
"Theory, Coles",2.086377621,16.72531891
"Theory, Coles",2.093439341,16.76524544
"Theory, Coles",2.100388288,16.80454254
"Theory, Coles",2.107227802,16.84322929
"Theory, Coles",2.113960981,16.88132477
"Theory, Coles",2.12059164,16.91884613
"Theory, Coles",2.127122641,16.95581245
"Theory, Coles",2.133556604,16.99224091
"Theory, Coles",2.13989687,17.02814484
"Theory, Coles",2.146145821,17.06354141
"Theory, Coles",2.15230608,17.09844398
"Theory, Coles",2.15838027,17.13286781
"Theory, Coles",2.164370537,17.16682434
"Theory, Coles",2.170279503,17.20032883
"Theory, Coles",2.176109076,17.23339081
"Theory, Coles",2.181861401,17.26602364
"Theory, Coles",2.187538385,17.29823875
"Theory, Coles",2.193142414,17.33004761
"Theory, Coles",2.198674917,17.36145973
"Theory, Coles",2.204137802,17.39248466
"Theory, Coles",2.209532738,17.42313194
"Theory, Coles",2.214861631,17.45341301
"Theory, Coles",2.220125914,17.48333549
"Theory, Coles",2.225327015,17.51290703
"Theory, Coles",2.230466604,17.54213905
"Theory, Coles",2.235546112,17.57103729
"Theory, Coles",2.240566969,17.59960938
"Theory, Coles",2.245530367,17.62786293
"Theory, Coles",2.250437737,17.6558075
"Theory, Coles",2.25529027,17.68344688
"Theory, Coles",2.260089159,17.71079063
"Theory, Coles",2.264835596,17.73784256
"Theory, Coles",2.269530773,17.7646122
"Theory, Coles",2.274175644,17.79110336
"Theory, Coles",2.2787714,17.81732368
"Theory, Coles",2.283318996,17.84327698
"Theory, Coles",2.287819386,17.86897087
"Theory, Coles",2.29227376,17.89440918
"Theory, Coles",2.296682835,17.91959763
"Theory, Coles",2.301047802,17.94454002
"Theory, Coles",2.305369139,17.96924591
"Theory, Coles",2.309647799,17.99371529
"Theory, Coles",2.313884974,18.01795387
"Theory, Coles",2.318081141,18.04196739
"Theory, Coles",2.322237015,18.06575966
"Theory, Coles",2.32635355,18.0893364
"Theory, Coles",2.330431461,18.11269951
"Theory, Coles",2.334471464,18.13585281
"Theory, Coles",2.338474274,18.15880203
"Theory, Coles",2.342440367,18.18155098
"Theory, Coles",2.346370697,18.20410156
"Theory, Coles",2.350265741,18.2264576
"Theory, Coles",2.354126215,18.2486248
"Theory, Coles",2.357952595,18.27060509
"Theory, Coles",2.361745596,18.29240227
"Theory, Coles",2.365505695,18.31401825
"Theory, Coles",2.369233608,18.33545876
"Theory, Coles",2.372929811,18.35672379
"Theory, Coles",2.376594782,18.37781906
"Theory, Coles",2.380228996,18.39874458
"Theory, Coles",2.38383317,18.41950798
"Theory, Coles",2.387407541,18.44010735
"Theory, Coles",2.390952826,18.46054649
"Theory, Coles",2.3944695,18.48082924
"Theory, Coles",2.397957802,18.50095749
"Theory, Coles",2.401418209,18.52093315
"Theory, Coles",2.404851437,18.54076004
"Theory, Coles",2.408257723,18.56044006
"Theory, Coles",2.411637545,18.57997704
"Theory, Coles",2.41499114,18.59936905
"Theory, Coles",2.418318987,18.61862183
"Theory, Coles",2.421621561,18.63773727
"Theory, Coles",2.42489934,18.6567173
"Theory, Coles",2.428152561,18.6755619
"Theory, Coles",2.431381464,18.69427681
"Theory, Coles",2.434586525,18.71286201
"Theory, Coles",2.437768221,18.73131752
"Theory, Coles",2.44092679,18.74964905
"Theory, Coles",2.444062471,18.7678566
"Theory, Coles",2.447175741,18.78594208
"Theory, Coles",2.450266838,18.80390739
"Theory, Coles",2.453336,18.82175255
"Theory, Coles",2.456383705,18.83948326
"Theory, Coles",2.459410191,18.85709763
"Theory, Coles",2.462415695,18.87459946
"Theory, Coles",2.465400696,18.89198875
"Theory, Coles",2.468365192,18.90926743
"Theory, Coles",2.471309423,18.92643929
"Theory, Coles",2.474234104,18.94350243
"Theory, Coles",2.477138996,18.96046066
"Theory, Coles",2.480024576,18.977314
"Theory, Coles",2.482891321,18.99406433
"Theory, Coles",2.485739231,19.01071358
"Theory, Coles",2.488568544,19.02726364
"Theory, Coles",2.491379499,19.04371452
"Theory, Coles",2.494172335,19.06006813
"Theory, Coles",2.496947289,19.07632446
"Theory, Coles",2.499704838,19.09248734
"Theory, Coles",2.502444983,19.10855675
"Theory, Coles",2.505167723,19.12453461
"Theory, Coles",2.507873535,19.14041901
"Theory, Coles",2.510562658,19.15621567
"Theory, Coles",2.513235331,19.17192268
"Theory, Coles",2.515891552,19.18754196
"Theory, Coles",2.518531799,19.20307541
"Theory, Coles",2.521155834,19.21852303
"Theory, Coles",2.523764133,19.23388481
"Theory, Coles",2.526356936,19.24916458
"Theory, Coles",2.528934479,19.26436234
"Theory, Coles",2.531496763,19.27947807
"Theory, Coles",2.534043789,19.29451561
"Theory, Coles",2.536576271,19.30947113
"Theory, Coles",2.539093733,19.32435036
"Theory, Coles",2.541596889,19.33915138
"Theory, Coles",2.544085741,19.35387611
"Theory, Coles",2.546560287,19.36852455
"Theory, Coles",2.549021006,19.38310051
"Theory, Coles",2.551467657,19.39760017
"Theory, Coles",2.553900719,19.41202927
"Theory, Coles",2.55632019,19.42638588
"Theory, Coles",2.558726311,19.44067001
"Theory, Coles",2.56111908,19.45488548
"Theory, Coles",2.563498735,19.46903038
"Theory, Coles",2.565865517,19.48310661
"Theory, Coles",2.568219423,19.49711418
"Theory, Coles",2.570560694,19.51105499
"Theory, Coles",2.572889328,19.52493095
"Theory, Coles",2.575205564,19.53874016
"Theory, Coles",2.577509642,19.55248451
"Theory, Coles",2.579801321,19.56616402
"Theory, Coles",2.582081079,19.57978058
"Theory, Coles",2.584348917,19.59333611
"Theory, Coles",2.586605072,19.60682678
"Theory, Coles",2.588849545,19.62025833
"Theory, Coles",2.591082335,19.63362694
"Theory, Coles",2.593303919,19.64693642
"Theory, Coles",2.595514059,19.66018677
"Theory, Coles",2.597712994,19.6733799
"Theory, Coles",2.599900723,19.68651199
"Theory, Coles",2.602077723,19.69958878
"Theory, Coles",2.604243755,19.71260834
"Theory, Coles",2.606399059,19.72557068
"Theory, Coles",2.608543873,19.73847771
"Theory, Coles",2.610677958,19.75132942
"Theory, Coles",2.612801552,19.76412582
"Theory, Coles",2.614914894,19.77687073
"Theory, Coles",2.617017984,19.78956032
"Theory, Coles",2.619111061,19.8021965
"Theory, Coles",2.621194124,19.81478119
"Theory, Coles",2.623266935,19.82731438
"Theory, Coles",2.62533021,19.83979607
"Theory, Coles",2.627383709,19.85222816
"Theory, Coles",2.629427433,19.86460876
"Theory, Coles",2.63146162,19.87693977
"Theory, Coles",2.633486271,19.88922119
"Theory, Coles",2.635501385,19.90145493
"Theory, Coles",2.637507439,19.91363907
"Theory, Coles",2.639504194,19.92577553
"Theory, Coles",2.64149189,19.93786621
"Theory, Coles",2.643470526,19.94990921
"Theory, Coles",2.645440102,19.96190643
"Theory, Coles",2.647400618,19.97385597
"Theory, Coles",2.649352551,19.98576164
"Theory, Coles",2.651295662,19.99762154
"Theory, Coles",2.65323019,20.00943756
"Theory, Coles",2.655156136,20.02120781
"Theory, Coles",2.657073498,20.0329361
"Theory, Coles",2.658982515,20.04462051
"Theory, Coles",2.660883188,20.05626106
"Theory, Coles",2.662775517,20.06785965
"Theory, Coles",2.664659739,20.07941628
"Theory, Coles",2.666535616,20.09093285
"Theory, Coles",2.668403625,20.10240555
"Theory, Coles",2.670263529,20.1138382
"Theory, Coles",2.672115564,20.12523079
"Theory, Coles",2.673959732,20.13658142
"Theory, Coles",2.675796032,20.14789391
"Theory, Coles",2.677624702,20.15916634
"Theory, Coles",2.679445744,20.17040062
"Theory, Coles",2.681258917,20.18159485
"Theory, Coles",2.683064699,20.19275093
"Theory, Coles",2.684863091,20.20387077
"Theory, Coles",2.686654091,20.21495056
"Theory, Coles",2.688437462,20.22599411
"Theory, Coles",2.690213919,20.23699951
"Theory, Coles",2.691982746,20.24797058
"Theory, Coles",2.693744659,20.2589035
"Theory, Coles",2.69549942,20.26980019
"Theory, Coles",2.697247028,20.28066063
"Theory, Coles",2.698987722,20.29148674
"Theory, Coles",2.700721502,20.30227852
"Theory, Coles",2.702448368,20.31303406
"Theory, Coles",2.70416832,20.32375526
"Theory, Coles",2.705881357,20.33444405
"Theory, Coles",2.707587957,20.34509659
"Theory, Coles",2.709287643,20.35571671
"Theory, Coles",2.710980892,20.3663044
"Theory, Coles",2.712667465,20.37685776
"Theory, Coles",2.714347601,20.38737869
"Theory, Coles",2.716021061,20.3978653
"Theory, Coles",2.717688322,20.40832138
"Theory, Coles",2.719349146,20.41874695
"Theory, Coles",2.721003532,20.42913818
"Theory, Coles",2.72265172,20.43950081
"Theory, Coles",2.724293709,20.44983101
"Theory, Coles",2.72592926,20.46012878
"Theory, Coles",2.72755909,20.47039795
"Theory, Coles",2.729182482,20.4806366
"Theory, Coles",2.730799913,20.49084473
"Theory, Coles",2.732411385,20.50102234
"Theory, Coles",2.734017134,20.51117134
"Theory, Coles",2.735616684,20.52128983
"Theory, Coles",2.737210512,20.53138161
"Theory, Coles",2.73879838,20.54144287
"Theory, Coles",2.740380526,20.55147552
"Theory, Coles",2.741956949,20.56147957
"Theory, Coles",2.743527412,20.571455
"Theory, Coles",2.74509263,20.58140373
"Theory, Coles",2.746651888,20.59132385
"Theory, Coles",2.748205662,20.60121536
"Theory, Coles",2.749753952,20.61108208
"Theory, Coles",2.751296759,20.62092018
"Theory, Coles",2.752834082,20.63073158
"Theory, Coles",2.754366159,20.64051628
"Theory, Coles",2.755892515,20.65027428
"Theory, Coles",2.757413864,20.66000748
"Theory, Coles",2.758929729,20.66971397
"Theory, Coles",2.76044035,20.67939377
"Theory, Coles",2.761945486,20.68904877
"Theory, Coles",2.763445616,20.69867706
"Theory, Coles",2.764940739,20.70828247
"Theory, Coles",2.766430616,20.71786118
"Theory, Coles",2.767915249,20.72741508
"Theory, Coles",2.769395113,20.7369442
"Theory, Coles",2.770869732,20.74645042
"Theory, Coles",2.772339344,20.75593185
"Theory, Coles",2.773804188,20.76538849
"Theory, Coles",2.775264025,20.77482033
"Theory, Coles",2.776718855,20.78422928
"Theory, Coles",2.778168917,20.79361534
"Theory, Coles",2.77961421,20.80297661
"Theory, Coles",2.781054735,20.81231689
"Theory, Coles",2.782490492,20.82163239
"Theory, Coles",2.783921242,20.83092499
"Theory, Coles",2.785347462,20.84019661
"Theory, Coles",2.786769152,20.84944344
"Theory, Coles",2.788186073,20.85866928
"Theory, Coles",2.789598465,20.86787415
"Theory, Coles",2.791006327,20.87705421
"Theory, Coles",2.79240942,20.88621521
"Theory, Coles",2.793808222,20.89535141
"Theory, Coles",2.795202255,20.90446854
"Theory, Coles",2.796591997,20.91356468
"Theory, Coles",2.797977448,20.92263794
"Theory, Coles",2.799358368,20.93169022
"Theory, Coles",2.800734758,20.94072151
"Theory, Coles",2.802107096,20.94973373
"Theory, Coles",2.803474903,20.95872307
"Theory, Coles",2.804838419,20.96769333
"Theory, Coles",2.806197643,20.97664261
"Theory, Coles",2.807552814,20.98557281
"Theory, Coles",2.808903694,20.99448204
"Theory, Coles",2.810250282,21.00337219
"Theory, Coles",2.811592817,21.01224136
"Theory, Coles",2.812931061,21.02109146
"Theory, Coles",2.814265251,21.02992249
"Theory, Coles",2.815595388,21.03873444
"Theory, Coles",2.816921473,21.04752731
"Theory, Coles",2.818243504,21.05630112
"Theory, Coles",2.81956172,21.06505394
"Theory, Coles",2.820875645,21.0737896
"Theory, Coles",2.822185755,21.08250618
"Theory, Coles",2.82349205,21.0912056
"Theory, Coles",2.824794292,21.09988594
"Theory, Coles",2.826092482,21.10854721
"Theory, Coles",2.827387094,21.11719131
"Theory, Coles",2.828677654,21.12581635
"Theory, Coles",2.829964399,21.13442421
"Theory, Coles",2.83124733,21.143013
"Theory, Coles",2.832526684,21.15158653
"Theory, Coles",2.833802223,21.16014099
"Theory, Coles",2.835073948,21.16867828
"Theory, Coles",2.836341858,21.17719841
"Theory, Coles",2.837606192,21.18569946
"Theory, Coles",2.838866949,21.19418526
"Theory, Coles",2.840123892,21.20265388
"Theory, Coles",2.841377258,21.21110725
"Theory, Coles",2.842627048,21.21954155
"Theory, Coles",2.843873262,21.22796059
"Theory, Coles",2.8451159,21.23636246
"Theory, Coles",2.846354961,21.24474907
"Theory, Coles",2.847590446,21.25311661
"Theory, Coles",2.848822355,21.26147079
"Theory, Coles",2.850050926,21.26980782
"Theory, Coles",2.851276159,21.27812958
"Theory, Coles",2.852497816,21.28643417
"Theory, Coles",2.853715897,21.29472351
"Theory, Coles",2.854930639,21.30299759
"Theory, Coles",2.856142282,21.31125641
"Theory, Coles",2.857350349,21.31949806
"Theory, Coles",2.85855484,21.32772636
"Theory, Coles",2.859756231,21.33593941
"Theory, Coles",2.860954285,21.34413528
"Theory, Coles",2.862149,21.35231781
"Theory, Coles",2.863340616,21.36048508
"Theory, Coles",2.864528894,21.36863708
"Theory, Coles",2.865713835,21.37677574
"Theory, Coles",2.866895676,21.38489723
"Theory, Coles",2.868074179,21.39300537
"Theory, Coles",2.869249344,21.40110016
"Theory, Coles",2.870421648,21.40917969
"Theory, Coles",2.871590614,21.41724396
"Theory, Coles",2.872756481,21.42529488
"Theory, Coles",2.873919249,21.43333244
"Theory, Coles",2.875078917,21.44135475
"Theory, Coles",2.876235485,21.44936371
"Theory, Coles",2.877389193,21.45735931
"Theory, Coles",2.878539562,21.46533966
"Theory, Coles",2.879686832,21.47330666
"Theory, Coles",2.880831242,21.4812603
"Theory, Spalding k=0.40, B=5.5",-1.602100015,0.02500000037
"Theory, Spalding k=0.40, B=5.5",-1.300999999,0.05000000075
"Theory, Spalding k=0.40, B=5.5",-1.124899983,0.07500000298
"Theory, Spalding k=0.40, B=5.5",-1.0,0.1000000015
"Theory, Spalding k=0.40, B=5.5",-0.9030900002,0.125
"Theory, Spalding k=0.40, B=5.5",-0.8239099979,0.150000006
"Theory, Spalding k=0.40, B=5.5",-0.7569599748,0.174999997
"Theory, Spalding k=0.40, B=5.5",-0.6989700198,0.200000003
"Theory, Spalding k=0.40, B=5.5",-0.6478199959,0.224999994
"Theory, Spalding k=0.40, B=5.5",-0.60206002,0.25
"Theory, Spalding k=0.40, B=5.5",-0.5606700182,0.275000006
"Theory, Spalding k=0.40, B=5.5",-0.5228800178,0.3000000119
"Theory, Spalding k=0.40, B=5.5",-0.4881100059,0.3249999881
"Theory, Spalding k=0.40, B=5.5",-0.4559299946,0.349999994
"Theory, Spalding k=0.40, B=5.5",-0.4259699881,0.375
"Theory, Spalding k=0.40, B=5.5",-0.3979400098,0.400000006
"Theory, Spalding k=0.40, B=5.5",-0.3716099858,0.4250000119
"Theory, Spalding k=0.40, B=5.5",-0.3467800021,0.4499999881
"Theory, Spalding k=0.40, B=5.5",-0.323300004,0.474999994
"Theory, Spalding k=0.40, B=5.5",-0.3010199964,0.5
"Theory, Spalding k=0.40, B=5.5",-0.2798300087,0.5249999762
"Theory, Spalding k=0.40, B=5.5",-0.2596299946,0.5500000119
"Theory, Spalding k=0.40, B=5.5",-0.2403199971,0.5749999881
"Theory, Spalding k=0.40, B=5.5",-0.2218399942,0.6000000238
"Theory, Spalding k=0.40, B=5.5",-0.2041099966,0.625
"Theory, Spalding k=0.40, B=5.5",-0.1870699972,0.6499999762
"Theory, Spalding k=0.40, B=5.5",-0.1706800014,0.6750000119
"Theory, Spalding k=0.40, B=5.5",-0.1548800021,0.6999999881
"Theory, Spalding k=0.40, B=5.5",-0.1396400034,0.7250000238
"Theory, Spalding k=0.40, B=5.5",-0.1249200031,0.75
"Theory, Spalding k=0.40, B=5.5",-0.1106700003,0.7749999762
"Theory, Spalding k=0.40, B=5.5",-0.09688200057,0.8000000119
"Theory, Spalding k=0.40, B=5.5",-0.08351500332,0.8249999881
"Theory, Spalding k=0.40, B=5.5",-0.07054699957,0.8500000238
"Theory, Spalding k=0.40, B=5.5",-0.05795500055,0.875
"Theory, Spalding k=0.40, B=5.5",-0.04571700096,0.8999999762
"Theory, Spalding k=0.40, B=5.5",-0.03381400183,0.9250000119
"Theory, Spalding k=0.40, B=5.5",-0.02222900093,0.9499999881
"Theory, Spalding k=0.40, B=5.5",-0.01094400045,0.9750000238
"Theory, Spalding k=0.40, B=5.5",5.572200098e-05,1.0
"Theory, Spalding k=0.40, B=5.5",0.01078400016,1.024999976
"Theory, Spalding k=0.40, B=5.5",0.02125399932,1.049999952
"Theory, Spalding k=0.40, B=5.5",0.03147799894,1.075000048
"Theory, Spalding k=0.40, B=5.5",0.0414669998,1.100000024
"Theory, Spalding k=0.40, B=5.5",0.05123300105,1.125
"Theory, Spalding k=0.40, B=5.5",0.0607840009,1.149999976
"Theory, Spalding k=0.40, B=5.5",0.07012999803,1.174999952
"Theory, Spalding k=0.40, B=5.5",0.07927899808,1.200000048
"Theory, Spalding k=0.40, B=5.5",0.08823999763,1.225000024
"Theory, Spalding k=0.40, B=5.5",0.0970209986,1.25
"Theory, Spalding k=0.40, B=5.5",0.1056300029,1.274999976
"Theory, Spalding k=0.40, B=5.5",0.1140699983,1.299999952
"Theory, Spalding k=0.40, B=5.5",0.1223499998,1.325000048
"Theory, Spalding k=0.40, B=5.5",0.1304800063,1.350000024
"Theory, Spalding k=0.40, B=5.5",0.1384499967,1.375
"Theory, Spalding k=0.40, B=5.5",0.1462900043,1.399999976
"Theory, Spalding k=0.40, B=5.5",0.1539800018,1.424999952
"Theory, Spalding k=0.40, B=5.5",0.1615400016,1.450000048
"Theory, Spalding k=0.40, B=5.5",0.1689800024,1.475000024
"Theory, Spalding k=0.40, B=5.5",0.1762900054,1.5
"Theory, Spalding k=0.40, B=5.5",0.1834799945,1.524999976
"Theory, Spalding k=0.40, B=5.5",0.1905499995,1.549999952
"Theory, Spalding k=0.40, B=5.5",0.197510004,1.575000048
"Theory, Spalding k=0.40, B=5.5",0.2043599933,1.600000024
"Theory, Spalding k=0.40, B=5.5",0.2111099958,1.625
"Theory, Spalding k=0.40, B=5.5",0.217749998,1.649999976
"Theory, Spalding k=0.40, B=5.5",0.2242899984,1.674999952
"Theory, Spalding k=0.40, B=5.5",0.2307399958,1.700000048
"Theory, Spalding k=0.40, B=5.5",0.2370900065,1.725000024
"Theory, Spalding k=0.40, B=5.5",0.2433599979,1.75
"Theory, Spalding k=0.40, B=5.5",0.2495300025,1.774999976
"Theory, Spalding k=0.40, B=5.5",0.2556200027,1.799999952
"Theory, Spalding k=0.40, B=5.5",0.2616299987,1.825000048
"Theory, Spalding k=0.40, B=5.5",0.2675499916,1.850000024
"Theory, Spalding k=0.40, B=5.5",0.2734000087,1.875
"Theory, Spalding k=0.40, B=5.5",0.2791700065,1.899999976
"Theory, Spalding k=0.40, B=5.5",0.2848599851,1.924999952
"Theory, Spalding k=0.40, B=5.5",0.2904799879,1.950000048
"Theory, Spalding k=0.40, B=5.5",0.2960300148,1.975000024
"Theory, Spalding k=0.40, B=5.5",0.30151999,2.0
"Theory, Spalding k=0.40, B=5.5",0.3069300056,2.025000095
"Theory, Spalding k=0.40, B=5.5",0.3122799993,2.049999952
"Theory, Spalding k=0.40, B=5.5",0.3175599873,2.075000048
"Theory, Spalding k=0.40, B=5.5",0.3227899969,2.099999905
"Theory, Spalding k=0.40, B=5.5",0.3279500008,2.125
"Theory, Spalding k=0.40, B=5.5",0.3330500126,2.150000095
"Theory, Spalding k=0.40, B=5.5",0.3380900025,2.174999952
"Theory, Spalding k=0.40, B=5.5",0.343080014,2.200000048
"Theory, Spalding k=0.40, B=5.5",0.3480100036,2.224999905
"Theory, Spalding k=0.40, B=5.5",0.3528900146,2.25
"Theory, Spalding k=0.40, B=5.5",0.3577100039,2.275000095
"Theory, Spalding k=0.40, B=5.5",0.3624899983,2.299999952
"Theory, Spalding k=0.40, B=5.5",0.3672100008,2.325000048
"Theory, Spalding k=0.40, B=5.5",0.3718799949,2.349999905
"Theory, Spalding k=0.40, B=5.5",0.3765000105,2.375
"Theory, Spalding k=0.40, B=5.5",0.3810800016,2.400000095
"Theory, Spalding k=0.40, B=5.5",0.3856100142,2.424999952
"Theory, Spalding k=0.40, B=5.5",0.3901000023,2.450000048
"Theory, Spalding k=0.40, B=5.5",0.3945400119,2.474999905
"Theory, Spalding k=0.40, B=5.5",0.3989300132,2.5
"Theory, Spalding k=0.40, B=5.5",0.4032900035,2.525000095
"Theory, Spalding k=0.40, B=5.5",0.4075999856,2.549999952
"Theory, Spalding k=0.40, B=5.5",0.4118700027,2.575000048
"Theory, Spalding k=0.40, B=5.5",0.4160999954,2.599999905
"Theory, Spalding k=0.40, B=5.5",0.4202899933,2.625
"Theory, Spalding k=0.40, B=5.5",0.4244399965,2.650000095
"Theory, Spalding k=0.40, B=5.5",0.4285599887,2.674999952
"Theory, Spalding k=0.40, B=5.5",0.4326399863,2.700000048
"Theory, Spalding k=0.40, B=5.5",0.4366799891,2.724999905
"Theory, Spalding k=0.40, B=5.5",0.4406799972,2.75
"Theory, Spalding k=0.40, B=5.5",0.4446499944,2.775000095
"Theory, Spalding k=0.40, B=5.5",0.4485900104,2.799999952
"Theory, Spalding k=0.40, B=5.5",0.4524900019,2.825000048
"Theory, Spalding k=0.40, B=5.5",0.4563600123,2.849999905
"Theory, Spalding k=0.40, B=5.5",0.4602000117,2.875
"Theory, Spalding k=0.40, B=5.5",0.4639999866,2.900000095
"Theory, Spalding k=0.40, B=5.5",0.467779994,2.924999952
"Theory, Spalding k=0.40, B=5.5",0.4715200067,2.950000048
"Theory, Spalding k=0.40, B=5.5",0.4752300084,2.974999905
"Theory, Spalding k=0.40, B=5.5",0.4789200127,3.0
"Theory, Spalding k=0.40, B=5.5",0.4825699925,3.025000095
"Theory, Spalding k=0.40, B=5.5",0.4861899912,3.049999952
"Theory, Spalding k=0.40, B=5.5",0.4897899926,3.075000048
"Theory, Spalding k=0.40, B=5.5",0.4933600128,3.099999905
"Theory, Spalding k=0.40, B=5.5",0.4968999922,3.125
"Theory, Spalding k=0.40, B=5.5",0.5004199743,3.150000095
"Theory, Spalding k=0.40, B=5.5",0.5039100051,3.174999952
"Theory, Spalding k=0.40, B=5.5",0.5073699951,3.200000048
"Theory, Spalding k=0.40, B=5.5",0.5108100176,3.224999905
"Theory, Spalding k=0.40, B=5.5",0.5142199993,3.25
"Theory, Spalding k=0.40, B=5.5",0.5176100135,3.275000095
"Theory, Spalding k=0.40, B=5.5",0.5209699869,3.299999952
"Theory, Spalding k=0.40, B=5.5",0.5243099928,3.325000048
"Theory, Spalding k=0.40, B=5.5",0.5276299715,3.349999905
"Theory, Spalding k=0.40, B=5.5",0.5309200287,3.375
"Theory, Spalding k=0.40, B=5.5",0.5341899991,3.400000095
"Theory, Spalding k=0.40, B=5.5",0.537440002,3.424999952
"Theory, Spalding k=0.40, B=5.5",0.5406600237,3.450000048
"Theory, Spalding k=0.40, B=5.5",0.5438699722,3.474999905
"Theory, Spalding k=0.40, B=5.5",0.5470499992,3.5
"Theory, Spalding k=0.40, B=5.5",0.5502200127,3.525000095
"Theory, Spalding k=0.40, B=5.5",0.5533599854,3.549999952
"Theory, Spalding k=0.40, B=5.5",0.5564799905,3.575000048
"Theory, Spalding k=0.40, B=5.5",0.5595800281,3.599999905
"Theory, Spalding k=0.40, B=5.5",0.5626599789,3.625
"Theory, Spalding k=0.40, B=5.5",0.5657299757,3.650000095
"Theory, Spalding k=0.40, B=5.5",0.5687699914,3.674999952
"Theory, Spalding k=0.40, B=5.5",0.5717999935,3.700000048
"Theory, Spalding k=0.40, B=5.5",0.5748000145,3.724999905
"Theory, Spalding k=0.40, B=5.5",0.5777900219,3.75
"Theory, Spalding k=0.40, B=5.5",0.5807600021,3.775000095
"Theory, Spalding k=0.40, B=5.5",0.5837100148,3.799999952
"Theory, Spalding k=0.40, B=5.5",0.5866500139,3.825000048
"Theory, Spalding k=0.40, B=5.5",0.5895699859,3.849999905
"Theory, Spalding k=0.40, B=5.5",0.5924699903,3.875
"Theory, Spalding k=0.40, B=5.5",0.5953500271,3.900000095
"Theory, Spalding k=0.40, B=5.5",0.5982199907,3.924999952
"Theory, Spalding k=0.40, B=5.5",0.6010699868,3.950000048
"Theory, Spalding k=0.40, B=5.5",0.6039100289,3.974999905
"Theory, Spalding k=0.40, B=5.5",0.6067299843,4.0
"Theory, Spalding k=0.40, B=5.5",0.6095399857,4.025000095
"Theory, Spalding k=0.40, B=5.5",0.6123300195,4.050000191
"Theory, Spalding k=0.40, B=5.5",0.6151000261,4.074999809
"Theory, Spalding k=0.40, B=5.5",0.6178600192,4.099999905
"Theory, Spalding k=0.40, B=5.5",0.6206099987,4.125
"Theory, Spalding k=0.40, B=5.5",0.6233400106,4.150000095
"Theory, Spalding k=0.40, B=5.5",0.626060009,4.175000191
"Theory, Spalding k=0.40, B=5.5",0.6287599802,4.199999809
"Theory, Spalding k=0.40, B=5.5",0.6314499974,4.224999905
"Theory, Spalding k=0.40, B=5.5",0.6341300011,4.25
"Theory, Spalding k=0.40, B=5.5",0.6367899776,4.275000095
"Theory, Spalding k=0.40, B=5.5",0.6394400001,4.300000191
"Theory, Spalding k=0.40, B=5.5",0.642080009,4.324999809
"Theory, Spalding k=0.40, B=5.5",0.6446999907,4.349999905
"Theory, Spalding k=0.40, B=5.5",0.6473100185,4.375
"Theory, Spalding k=0.40, B=5.5",0.6499099731,4.400000095
"Theory, Spalding k=0.40, B=5.5",0.6524999738,4.425000191
"Theory, Spalding k=0.40, B=5.5",0.6550700068,4.449999809
"Theory, Spalding k=0.40, B=5.5",0.6576399803,4.474999905
"Theory, Spalding k=0.40, B=5.5",0.6601899862,4.5
"Theory, Spalding k=0.40, B=5.5",0.6627299786,4.525000095
"Theory, Spalding k=0.40, B=5.5",0.6652600169,4.550000191
"Theory, Spalding k=0.40, B=5.5",0.6677799821,4.574999809
"Theory, Spalding k=0.40, B=5.5",0.6702799797,4.599999905
"Theory, Spalding k=0.40, B=5.5",0.6727799773,4.625
"Theory, Spalding k=0.40, B=5.5",0.6752600074,4.650000095
"Theory, Spalding k=0.40, B=5.5",0.6777399778,4.675000191
"Theory, Spalding k=0.40, B=5.5",0.6801999807,4.699999809
"Theory, Spalding k=0.40, B=5.5",0.6826500297,4.724999905
"Theory, Spalding k=0.40, B=5.5",0.685100019,4.75
"Theory, Spalding k=0.40, B=5.5",0.6875299811,4.775000095
"Theory, Spalding k=0.40, B=5.5",0.6899600029,4.800000191
"Theory, Spalding k=0.40, B=5.5",0.6923699975,4.824999809
"Theory, Spalding k=0.40, B=5.5",0.6947799921,4.849999905
"Theory, Spalding k=0.40, B=5.5",0.6971700191,4.875
"Theory, Spalding k=0.40, B=5.5",0.6995599866,4.900000095
"Theory, Spalding k=0.40, B=5.5",0.7019299865,4.925000191
"Theory, Spalding k=0.40, B=5.5",0.7042999864,4.949999809
"Theory, Spalding k=0.40, B=5.5",0.7066599727,4.974999905
"Theory, Spalding k=0.40, B=5.5",0.709010005,5.0
"Theory, Spalding k=0.40, B=5.5",0.7113599777,5.025000095
"Theory, Spalding k=0.40, B=5.5",0.7136899829,5.050000191
"Theory, Spalding k=0.40, B=5.5",0.7160199881,5.074999809
"Theory, Spalding k=0.40, B=5.5",0.7183300257,5.099999905
"Theory, Spalding k=0.40, B=5.5",0.7206400037,5.125
"Theory, Spalding k=0.40, B=5.5",0.7229400277,5.150000095
"Theory, Spalding k=0.40, B=5.5",0.7252399921,5.175000191
"Theory, Spalding k=0.40, B=5.5",0.727519989,5.199999809
"Theory, Spalding k=0.40, B=5.5",0.7297999859,5.224999905
"Theory, Spalding k=0.40, B=5.5",0.7320700288,5.25
"Theory, Spalding k=0.40, B=5.5",0.7343400121,5.275000095
"Theory, Spalding k=0.40, B=5.5",0.7365900278,5.300000191
"Theory, Spalding k=0.40, B=5.5",0.7388399839,5.324999809
"Theory, Spalding k=0.40, B=5.5",0.7410799861,5.349999905
"Theory, Spalding k=0.40, B=5.5",0.7433199883,5.375
"Theory, Spalding k=0.40, B=5.5",0.7455499768,5.400000095
"Theory, Spalding k=0.40, B=5.5",0.7477700114,5.425000191
"Theory, Spalding k=0.40, B=5.5",0.7499899864,5.449999809
"Theory, Spalding k=0.40, B=5.5",0.7521899939,5.474999905
"Theory, Spalding k=0.40, B=5.5",0.7544000149,5.5
"Theory, Spalding k=0.40, B=5.5",0.7565900087,5.525000095
"Theory, Spalding k=0.40, B=5.5",0.7587900162,5.550000191
"Theory, Spalding k=0.40, B=5.5",0.7609699965,5.574999809
"Theory, Spalding k=0.40, B=5.5",0.7631499767,5.599999905
"Theory, Spalding k=0.40, B=5.5",0.765320003,5.625
"Theory, Spalding k=0.40, B=5.5",0.7674900293,5.650000095
"Theory, Spalding k=0.40, B=5.5",0.7696499825,5.675000191
"Theory, Spalding k=0.40, B=5.5",0.7718099952,5.699999809
"Theory, Spalding k=0.40, B=5.5",0.7739599943,5.724999905
"Theory, Spalding k=0.40, B=5.5",0.7760999799,5.75
"Theory, Spalding k=0.40, B=5.5",0.778240025,5.775000095
"Theory, Spalding k=0.40, B=5.5",0.7803800106,5.800000191
"Theory, Spalding k=0.40, B=5.5",0.7825099826,5.824999809
"Theory, Spalding k=0.40, B=5.5",0.7846300006,5.849999905
"Theory, Spalding k=0.40, B=5.5",0.7867500186,5.875
"Theory, Spalding k=0.40, B=5.5",0.788869977,5.900000095
"Theory, Spalding k=0.40, B=5.5",0.7909799814,5.925000191
"Theory, Spalding k=0.40, B=5.5",0.7930899858,5.949999809
"Theory, Spalding k=0.40, B=5.5",0.7951899767,5.974999905
"Theory, Spalding k=0.40, B=5.5",0.7972900271,6.0
"Theory, Spalding k=0.40, B=5.5",0.7993800044,6.025000095
"Theory, Spalding k=0.40, B=5.5",0.8014699817,6.050000191
"Theory, Spalding k=0.40, B=5.5",0.803550005,6.074999809
"Theory, Spalding k=0.40, B=5.5",0.8056399822,6.099999905
"Theory, Spalding k=0.40, B=5.5",0.8077099919,6.125
"Theory, Spalding k=0.40, B=5.5",0.8097900152,6.150000095
"Theory, Spalding k=0.40, B=5.5",0.8118600249,6.175000191
"Theory, Spalding k=0.40, B=5.5",0.8139200211,6.199999809
"Theory, Spalding k=0.40, B=5.5",0.8159800172,6.224999905
"Theory, Spalding k=0.40, B=5.5",0.8180400133,6.25
"Theory, Spalding k=0.40, B=5.5",0.8201000094,6.275000095
"Theory, Spalding k=0.40, B=5.5",0.822149992,6.300000191
"Theory, Spalding k=0.40, B=5.5",0.8241999745,6.324999809
"Theory, Spalding k=0.40, B=5.5",0.8262500167,6.349999905
"Theory, Spalding k=0.40, B=5.5",0.8282899857,6.375
"Theory, Spalding k=0.40, B=5.5",0.8303300142,6.400000095
"Theory, Spalding k=0.40, B=5.5",0.8323699832,6.425000191
"Theory, Spalding k=0.40, B=5.5",0.8343999982,6.449999809
"Theory, Spalding k=0.40, B=5.5",0.8364300132,6.474999905
"Theory, Spalding k=0.40, B=5.5",0.8384600282,6.5
"Theory, Spalding k=0.40, B=5.5",0.8404899836,6.525000095
"Theory, Spalding k=0.40, B=5.5",0.842509985,6.550000191
"Theory, Spalding k=0.40, B=5.5",0.8445299864,6.574999809
"Theory, Spalding k=0.40, B=5.5",0.8465499878,6.599999905
"Theory, Spalding k=0.40, B=5.5",0.8485699892,6.625
"Theory, Spalding k=0.40, B=5.5",0.850579977,6.650000095
"Theory, Spalding k=0.40, B=5.5",0.8525999784,6.675000191
"Theory, Spalding k=0.40, B=5.5",0.8546100259,6.699999809
"Theory, Spalding k=0.40, B=5.5",0.8566100001,6.724999905
"Theory, Spalding k=0.40, B=5.5",0.858619988,6.75
"Theory, Spalding k=0.40, B=5.5",0.8606299758,6.775000095
"Theory, Spalding k=0.40, B=5.5",0.8626300097,6.800000191
"Theory, Spalding k=0.40, B=5.5",0.8646299839,6.824999809
"Theory, Spalding k=0.40, B=5.5",0.8666300178,6.849999905
"Theory, Spalding k=0.40, B=5.5",0.868629992,6.875
"Theory, Spalding k=0.40, B=5.5",0.8706200123,6.900000095
"Theory, Spalding k=0.40, B=5.5",0.8726199865,6.925000191
"Theory, Spalding k=0.40, B=5.5",0.8746100068,6.949999809
"Theory, Spalding k=0.40, B=5.5",0.8766099811,6.974999905
"Theory, Spalding k=0.40, B=5.5",0.8786000013,7.0
"Theory, Spalding k=0.40, B=5.5",0.8805900216,7.025000095
"Theory, Spalding k=0.40, B=5.5",0.8825799823,7.050000191
"Theory, Spalding k=0.40, B=5.5",0.8845700026,7.074999809
"Theory, Spalding k=0.40, B=5.5",0.8865500093,7.099999905
"Theory, Spalding k=0.40, B=5.5",0.8885400295,7.125
"Theory, Spalding k=0.40, B=5.5",0.8905299902,7.150000095
"Theory, Spalding k=0.40, B=5.5",0.8925099969,7.175000191
"Theory, Spalding k=0.40, B=5.5",0.8945000172,7.199999809
"Theory, Spalding k=0.40, B=5.5",0.8964800239,7.224999905
"Theory, Spalding k=0.40, B=5.5",0.8984699845,7.25
"Theory, Spalding k=0.40, B=5.5",0.9004499912,7.275000095
"Theory, Spalding k=0.40, B=5.5",0.9024299979,7.300000191
"Theory, Spalding k=0.40, B=5.5",0.9044200182,7.324999809
"Theory, Spalding k=0.40, B=5.5",0.9064000249,7.349999905
"Theory, Spalding k=0.40, B=5.5",0.908379972,7.375
"Theory, Spalding k=0.40, B=5.5",0.9103699923,7.400000095
"Theory, Spalding k=0.40, B=5.5",0.912349999,7.425000191
"Theory, Spalding k=0.40, B=5.5",0.9143300056,7.449999809
"Theory, Spalding k=0.40, B=5.5",0.9163100123,7.474999905
"Theory, Spalding k=0.40, B=5.5",0.918299973,7.5
"Theory, Spalding k=0.40, B=5.5",0.9202799797,7.525000095
"Theory, Spalding k=0.40, B=5.5",0.92227,7.550000191
"Theory, Spalding k=0.40, B=5.5",0.9242500067,7.574999809
"Theory, Spalding k=0.40, B=5.5",0.9262300134,7.599999905
"Theory, Spalding k=0.40, B=5.5",0.928219974,7.625
"Theory, Spalding k=0.40, B=5.5",0.9302099943,7.650000095
"Theory, Spalding k=0.40, B=5.5",0.932190001,7.675000191
"Theory, Spalding k=0.40, B=5.5",0.9341800213,7.699999809
"Theory, Spalding k=0.40, B=5.5",0.936169982,7.724999905
"Theory, Spalding k=0.40, B=5.5",0.9381600022,7.75
"Theory, Spalding k=0.40, B=5.5",0.9401500225,7.775000095
"Theory, Spalding k=0.40, B=5.5",0.9421399832,7.800000191
"Theory, Spalding k=0.40, B=5.5",0.9441300035,7.824999809
"Theory, Spalding k=0.40, B=5.5",0.9461200237,7.849999905
"Theory, Spalding k=0.40, B=5.5",0.948119998,7.875
"Theory, Spalding k=0.40, B=5.5",0.9501100183,7.900000095
"Theory, Spalding k=0.40, B=5.5",0.9521099925,7.925000191
"Theory, Spalding k=0.40, B=5.5",0.9541100264,7.949999809
"Theory, Spalding k=0.40, B=5.5",0.9561100006,7.974999905
"Theory, Spalding k=0.40, B=5.5",0.9581099749,8.0
"Theory, Spalding k=0.40, B=5.5",0.9601100087,8.024999619
"Theory, Spalding k=0.40, B=5.5",0.962109983,8.050000191
"Theory, Spalding k=0.40, B=5.5",0.9641199708,8.074999809
"Theory, Spalding k=0.40, B=5.5",0.9661300182,8.100000381
"Theory, Spalding k=0.40, B=5.5",0.9681400061,8.125
"Theory, Spalding k=0.40, B=5.5",0.9701499939,8.149999619
"Theory, Spalding k=0.40, B=5.5",0.9721599817,8.175000191
"Theory, Spalding k=0.40, B=5.5",0.9741799831,8.199999809
"Theory, Spalding k=0.40, B=5.5",0.976189971,8.225000381
"Theory, Spalding k=0.40, B=5.5",0.9782099724,8.25
"Theory, Spalding k=0.40, B=5.5",0.9802399874,8.274999619
"Theory, Spalding k=0.40, B=5.5",0.9822599888,8.300000191
"Theory, Spalding k=0.40, B=5.5",0.9842799902,8.324999809
"Theory, Spalding k=0.40, B=5.5",0.9863100052,8.350000381
"Theory, Spalding k=0.40, B=5.5",0.9883400202,8.375
"Theory, Spalding k=0.40, B=5.5",0.9903799891,8.399999619
"Theory, Spalding k=0.40, B=5.5",0.9924100041,8.425000191
"Theory, Spalding k=0.40, B=5.5",0.9944499731,8.449999809
"Theory, Spalding k=0.40, B=5.5",0.9964900017,8.475000381
"Theory, Spalding k=0.40, B=5.5",0.9985299706,8.5
"Theory, Spalding k=0.40, B=5.5",1.00059998,8.524999619
"Theory, Spalding k=0.40, B=5.5",1.002599955,8.550000191
"Theory, Spalding k=0.40, B=5.5",1.004699945,8.574999809
"Theory, Spalding k=0.40, B=5.5",1.006700039,8.600000381
"Theory, Spalding k=0.40, B=5.5",1.00880003,8.625
"Theory, Spalding k=0.40, B=5.5",1.010900021,8.649999619
"Theory, Spalding k=0.40, B=5.5",1.012899995,8.675000191
"Theory, Spalding k=0.40, B=5.5",1.014999986,8.699999809
"Theory, Spalding k=0.40, B=5.5",1.017099977,8.725000381
"Theory, Spalding k=0.40, B=5.5",1.019099951,8.75
"Theory, Spalding k=0.40, B=5.5",1.021199942,8.774999619
"Theory, Spalding k=0.40, B=5.5",1.023300052,8.800000191
"Theory, Spalding k=0.40, B=5.5",1.025400043,8.824999809
"Theory, Spalding k=0.40, B=5.5",1.027500033,8.850000381
"Theory, Spalding k=0.40, B=5.5",1.029500008,8.875
"Theory, Spalding k=0.40, B=5.5",1.031599998,8.899999619
"Theory, Spalding k=0.40, B=5.5",1.033699989,8.925000191
"Theory, Spalding k=0.40, B=5.5",1.03579998,8.949999809
"Theory, Spalding k=0.40, B=5.5",1.037899971,8.975000381
"Theory, Spalding k=0.40, B=5.5",1.039999962,9.0
"Theory, Spalding k=0.40, B=5.5",1.042199969,9.024999619
"Theory, Spalding k=0.40, B=5.5",1.04429996,9.050000191
"Theory, Spalding k=0.40, B=5.5",1.046399951,9.074999809
"Theory, Spalding k=0.40, B=5.5",1.048499942,9.100000381
"Theory, Spalding k=0.40, B=5.5",1.050600052,9.125
"Theory, Spalding k=0.40, B=5.5",1.052800059,9.149999619
"Theory, Spalding k=0.40, B=5.5",1.05490005,9.175000191
"Theory, Spalding k=0.40, B=5.5",1.057000041,9.199999809
"Theory, Spalding k=0.40, B=5.5",1.059200048,9.225000381
"Theory, Spalding k=0.40, B=5.5",1.061300039,9.25
"Theory, Spalding k=0.40, B=5.5",1.063500047,9.274999619
"Theory, Spalding k=0.40, B=5.5",1.065700054,9.300000191
"Theory, Spalding k=0.40, B=5.5",1.067800045,9.324999809
"Theory, Spalding k=0.40, B=5.5",1.070000052,9.350000381
"Theory, Spalding k=0.40, B=5.5",1.072100043,9.375
"Theory, Spalding k=0.40, B=5.5",1.074300051,9.399999619
"Theory, Spalding k=0.40, B=5.5",1.076500058,9.425000191
"Theory, Spalding k=0.40, B=5.5",1.078699946,9.449999809
"Theory, Spalding k=0.40, B=5.5",1.080899954,9.475000381
"Theory, Spalding k=0.40, B=5.5",1.083099961,9.5
"Theory, Spalding k=0.40, B=5.5",1.085299969,9.524999619
"Theory, Spalding k=0.40, B=5.5",1.087499976,9.550000191
"Theory, Spalding k=0.40, B=5.5",1.089699984,9.574999809
"Theory, Spalding k=0.40, B=5.5",1.091899991,9.600000381
"Theory, Spalding k=0.40, B=5.5",1.094099998,9.625
"Theory, Spalding k=0.40, B=5.5",1.096300006,9.649999619
"Theory, Spalding k=0.40, B=5.5",1.09860003,9.675000191
"Theory, Spalding k=0.40, B=5.5",1.100800037,9.699999809
"Theory, Spalding k=0.40, B=5.5",1.103000045,9.725000381
"Theory, Spalding k=0.40, B=5.5",1.10529995,9.75
"Theory, Spalding k=0.40, B=5.5",1.107499957,9.774999619
"Theory, Spalding k=0.40, B=5.5",1.109799981,9.800000191
"Theory, Spalding k=0.40, B=5.5",1.111999989,9.824999809
"Theory, Spalding k=0.40, B=5.5",1.114300013,9.850000381
"Theory, Spalding k=0.40, B=5.5",1.116600037,9.875
"Theory, Spalding k=0.40, B=5.5",1.118800044,9.899999619
"Theory, Spalding k=0.40, B=5.5",1.121099949,9.925000191
"Theory, Spalding k=0.40, B=5.5",1.123399973,9.949999809
"Theory, Spalding k=0.40, B=5.5",1.125699997,9.975000381
"Theory, Spalding k=0.40, B=5.5",1.128000021,10.0
"Theory, Spalding k=0.40, B=5.5",1.130300045,10.02499962
"Theory, Spalding k=0.40, B=5.5",1.13259995,10.05000019
"Theory, Spalding k=0.40, B=5.5",1.134899974,10.07499981
"Theory, Spalding k=0.40, B=5.5",1.137199998,10.10000038
"Theory, Spalding k=0.40, B=5.5",1.139600039,10.125
"Theory, Spalding k=0.40, B=5.5",1.141899943,10.14999962
"Theory, Spalding k=0.40, B=5.5",1.144199967,10.17500019
"Theory, Spalding k=0.40, B=5.5",1.146600008,10.19999981
"Theory, Spalding k=0.40, B=5.5",1.148900032,10.22500038
"Theory, Spalding k=0.40, B=5.5",1.151299953,10.25
"Theory, Spalding k=0.40, B=5.5",1.153599977,10.27499962
"Theory, Spalding k=0.40, B=5.5",1.156000018,10.30000019
"Theory, Spalding k=0.40, B=5.5",1.158400059,10.32499981
"Theory, Spalding k=0.40, B=5.5",1.160699964,10.35000038
"Theory, Spalding k=0.40, B=5.5",1.163100004,10.375
"Theory, Spalding k=0.40, B=5.5",1.165500045,10.39999962
"Theory, Spalding k=0.40, B=5.5",1.167899966,10.42500019
"Theory, Spalding k=0.40, B=5.5",1.170300007,10.44999981
"Theory, Spalding k=0.40, B=5.5",1.172700047,10.47500038
"Theory, Spalding k=0.40, B=5.5",1.175099969,10.5
"Theory, Spalding k=0.40, B=5.5",1.177600026,10.52499962
"Theory, Spalding k=0.40, B=5.5",1.179999948,10.55000019
"Theory, Spalding k=0.40, B=5.5",1.182399988,10.57499981
"Theory, Spalding k=0.40, B=5.5",1.184900045,10.60000038
"Theory, Spalding k=0.40, B=5.5",1.187299967,10.625
"Theory, Spalding k=0.40, B=5.5",1.189800024,10.64999962
"Theory, Spalding k=0.40, B=5.5",1.192199945,10.67500019
"Theory, Spalding k=0.40, B=5.5",1.194700003,10.69999981
"Theory, Spalding k=0.40, B=5.5",1.197199941,10.72500038
"Theory, Spalding k=0.40, B=5.5",1.199699998,10.75
"Theory, Spalding k=0.40, B=5.5",1.202100039,10.77499962
"Theory, Spalding k=0.40, B=5.5",1.204599977,10.80000019
"Theory, Spalding k=0.40, B=5.5",1.207100034,10.82499981
"Theory, Spalding k=0.40, B=5.5",1.209599972,10.85000038
"Theory, Spalding k=0.40, B=5.5",1.212200046,10.875
"Theory, Spalding k=0.40, B=5.5",1.214699984,10.89999962
"Theory, Spalding k=0.40, B=5.5",1.217200041,10.92500019
"Theory, Spalding k=0.40, B=5.5",1.219699979,10.94999981
"Theory, Spalding k=0.40, B=5.5",1.222300053,10.97500038
"Theory, Spalding k=0.40, B=5.5",1.224799991,11.0
"Theory, Spalding k=0.40, B=5.5",1.227399945,11.02499962
"Theory, Spalding k=0.40, B=5.5",1.229900002,11.05000019
"Theory, Spalding k=0.40, B=5.5",1.232499957,11.07499981
"Theory, Spalding k=0.40, B=5.5",1.235100031,11.10000038
"Theory, Spalding k=0.40, B=5.5",1.237699986,11.125
"Theory, Spalding k=0.40, B=5.5",1.240200043,11.14999962
"Theory, Spalding k=0.40, B=5.5",1.242799997,11.17500019
"Theory, Spalding k=0.40, B=5.5",1.245399952,11.19999981
"Theory, Spalding k=0.40, B=5.5",1.248000026,11.22500038
"Theory, Spalding k=0.40, B=5.5",1.250699997,11.25
"Theory, Spalding k=0.40, B=5.5",1.253299952,11.27499962
"Theory, Spalding k=0.40, B=5.5",1.255900025,11.30000019
"Theory, Spalding k=0.40, B=5.5",1.258599997,11.32499981
"Theory, Spalding k=0.40, B=5.5",1.261199951,11.35000038
"Theory, Spalding k=0.40, B=5.5",1.263900042,11.375
"Theory, Spalding k=0.40, B=5.5",1.266499996,11.39999962
"Theory, Spalding k=0.40, B=5.5",1.269199967,11.42500019
"Theory, Spalding k=0.40, B=5.5",1.271800041,11.44999981
"Theory, Spalding k=0.40, B=5.5",1.274500012,11.47500038
"Theory, Spalding k=0.40, B=5.5",1.277199984,11.5
"Theory, Spalding k=0.40, B=5.5",1.279899955,11.52499962
"Theory, Spalding k=0.40, B=5.5",1.282600045,11.55000019
"Theory, Spalding k=0.40, B=5.5",1.285300016,11.57499981
"Theory, Spalding k=0.40, B=5.5",1.287999988,11.60000038
"Theory, Spalding k=0.40, B=5.5",1.290799975,11.625
"Theory, Spalding k=0.40, B=5.5",1.293499947,11.64999962
"Theory, Spalding k=0.40, B=5.5",1.296200037,11.67500019
"Theory, Spalding k=0.40, B=5.5",1.299000025,11.69999981
"Theory, Spalding k=0.40, B=5.5",1.301699996,11.72500038
"Theory, Spalding k=0.40, B=5.5",1.304499984,11.75
"Theory, Spalding k=0.40, B=5.5",1.307299972,11.77499962
"Theory, Spalding k=0.40, B=5.5",1.309999943,11.80000019
"Theory, Spalding k=0.40, B=5.5",1.31280005,11.82499981
"Theory, Spalding k=0.40, B=5.5",1.315600038,11.85000038
"Theory, Spalding k=0.40, B=5.5",1.318400025,11.875
"Theory, Spalding k=0.40, B=5.5",1.321200013,11.89999962
"Theory, Spalding k=0.40, B=5.5",1.324000001,11.92500019
"Theory, Spalding k=0.40, B=5.5",1.326799989,11.94999981
"Theory, Spalding k=0.40, B=5.5",1.329699993,11.97500038
"Theory, Spalding k=0.40, B=5.5",1.332499981,12.0
"Theory, Spalding k=0.40, B=5.5",1.335299969,12.02499962
"Theory, Spalding k=0.40, B=5.5",1.338199973,12.05000019
"Theory, Spalding k=0.40, B=5.5",1.340999961,12.07499981
"Theory, Spalding k=0.40, B=5.5",1.343899965,12.10000038
"Theory, Spalding k=0.40, B=5.5",1.34679997,12.125
"Theory, Spalding k=0.40, B=5.5",1.349599957,12.14999962
"Theory, Spalding k=0.40, B=5.5",1.352499962,12.17500019
"Theory, Spalding k=0.40, B=5.5",1.355399966,12.19999981
"Theory, Spalding k=0.40, B=5.5",1.358299971,12.22500038
"Theory, Spalding k=0.40, B=5.5",1.361199975,12.25
"Theory, Spalding k=0.40, B=5.5",1.364099979,12.27499962
"Theory, Spalding k=0.40, B=5.5",1.3671,12.30000019
"Theory, Spalding k=0.40, B=5.5",1.370000005,12.32499981
"Theory, Spalding k=0.40, B=5.5",1.372900009,12.35000038
"Theory, Spalding k=0.40, B=5.5",1.37590003,12.375
"Theory, Spalding k=0.40, B=5.5",1.378800035,12.39999962
"Theory, Spalding k=0.40, B=5.5",1.381800056,12.42500019
"Theory, Spalding k=0.40, B=5.5",1.384699941,12.44999981
"Theory, Spalding k=0.40, B=5.5",1.387699962,12.47500038
"Theory, Spalding k=0.40, B=5.5",1.390699983,12.5
"Theory, Spalding k=0.40, B=5.5",1.393700004,12.52499962
"Theory, Spalding k=0.40, B=5.5",1.396700025,12.55000019
"Theory, Spalding k=0.40, B=5.5",1.399700046,12.57499981
"Theory, Spalding k=0.40, B=5.5",1.402699947,12.60000038
"Theory, Spalding k=0.40, B=5.5",1.405699968,12.625
"Theory, Spalding k=0.40, B=5.5",1.408699989,12.64999962
"Theory, Spalding k=0.40, B=5.5",1.411800027,12.67500019
"Theory, Spalding k=0.40, B=5.5",1.414800048,12.69999981
"Theory, Spalding k=0.40, B=5.5",1.417899966,12.72500038
"Theory, Spalding k=0.40, B=5.5",1.420899987,12.75
"Theory, Spalding k=0.40, B=5.5",1.424000025,12.77499962
"Theory, Spalding k=0.40, B=5.5",1.427000046,12.80000019
"Theory, Spalding k=0.40, B=5.5",1.430099964,12.82499981
"Theory, Spalding k=0.40, B=5.5",1.433200002,12.85000038
"Theory, Spalding k=0.40, B=5.5",1.436300039,12.875
"Theory, Spalding k=0.40, B=5.5",1.439399958,12.89999962
"Theory, Spalding k=0.40, B=5.5",1.442499995,12.92500019
"Theory, Spalding k=0.40, B=5.5",1.445600033,12.94999981
"Theory, Spalding k=0.40, B=5.5",1.448699951,12.97500038
"Theory, Spalding k=0.40, B=5.5",1.451799989,13.0
"Theory, Spalding k=0.40, B=5.5",1.455000043,13.02499962
"Theory, Spalding k=0.40, B=5.5",1.458099961,13.05000019
"Theory, Spalding k=0.40, B=5.5",1.461300015,13.07499981
"Theory, Spalding k=0.40, B=5.5",1.464400053,13.10000038
"Theory, Spalding k=0.40, B=5.5",1.467599988,13.125
"Theory, Spalding k=0.40, B=5.5",1.470800042,13.14999962
"Theory, Spalding k=0.40, B=5.5",1.473899961,13.17500019
"Theory, Spalding k=0.40, B=5.5",1.477100015,13.19999981
"Theory, Spalding k=0.40, B=5.5",1.48029995,13.22500038
"Theory, Spalding k=0.40, B=5.5",1.483500004,13.25
"Theory, Spalding k=0.40, B=5.5",1.486700058,13.27499962
"Theory, Spalding k=0.40, B=5.5",1.489899993,13.30000019
"Theory, Spalding k=0.40, B=5.5",1.493100047,13.32499981
"Theory, Spalding k=0.40, B=5.5",1.496399999,13.35000038
"Theory, Spalding k=0.40, B=5.5",1.499600053,13.375
"Theory, Spalding k=0.40, B=5.5",1.502799988,13.39999962
"Theory, Spalding k=0.40, B=5.5",1.506100059,13.42500019
"Theory, Spalding k=0.40, B=5.5",1.509299994,13.44999981
"Theory, Spalding k=0.40, B=5.5",1.512599945,13.47500038
"Theory, Spalding k=0.40, B=5.5",1.515900016,13.5
"Theory, Spalding k=0.40, B=5.5",1.519099951,13.52499962
"Theory, Spalding k=0.40, B=5.5",1.522400022,13.55000019
"Theory, Spalding k=0.40, B=5.5",1.525699973,13.57499981
"Theory, Spalding k=0.40, B=5.5",1.529000044,13.60000038
"Theory, Spalding k=0.40, B=5.5",1.532299995,13.625
"Theory, Spalding k=0.40, B=5.5",1.535599947,13.64999962
"Theory, Spalding k=0.40, B=5.5",1.538900018,13.67500019
"Theory, Spalding k=0.40, B=5.5",1.542299986,13.69999981
"Theory, Spalding k=0.40, B=5.5",1.545600057,13.72500038
"Theory, Spalding k=0.40, B=5.5",1.548900008,13.75
"Theory, Spalding k=0.40, B=5.5",1.552299976,13.77499962
"Theory, Spalding k=0.40, B=5.5",1.555600047,13.80000019
"Theory, Spalding k=0.40, B=5.5",1.559000015,13.82499981
"Theory, Spalding k=0.40, B=5.5",1.562299967,13.85000038
"Theory, Spalding k=0.40, B=5.5",1.565700054,13.875
"Theory, Spalding k=0.40, B=5.5",1.569100022,13.89999962
"Theory, Spalding k=0.40, B=5.5",1.57249999,13.92500019
"Theory, Spalding k=0.40, B=5.5",1.575899959,13.94999981
"Theory, Spalding k=0.40, B=5.5",1.579300046,13.97500038
"Theory, Spalding k=0.40, B=5.5",1.582700014,14.0
"Theory, Spalding k=0.40, B=5.5",1.586099982,14.02499962
"Theory, Spalding k=0.40, B=5.5",1.58949995,14.05000019
"Theory, Spalding k=0.40, B=5.5",1.592900038,14.07499981
"Theory, Spalding k=0.40, B=5.5",1.596300006,14.10000038
"Theory, Spalding k=0.40, B=5.5",1.599799991,14.125
"Theory, Spalding k=0.40, B=5.5",1.603199959,14.14999962
"Theory, Spalding k=0.40, B=5.5",1.606699944,14.17500019
"Theory, Spalding k=0.40, B=5.5",1.610100031,14.19999981
"Theory, Spalding k=0.40, B=5.5",1.613600016,14.22500038
"Theory, Spalding k=0.40, B=5.5",1.616999984,14.25
"Theory, Spalding k=0.40, B=5.5",1.620499969,14.27499962
"Theory, Spalding k=0.40, B=5.5",1.623999953,14.30000019
"Theory, Spalding k=0.40, B=5.5",1.627500057,14.32499981
"Theory, Spalding k=0.40, B=5.5",1.631000042,14.35000038
"Theory, Spalding k=0.40, B=5.5",1.634500027,14.375
"Theory, Spalding k=0.40, B=5.5",1.638000011,14.39999962
"Theory, Spalding k=0.40, B=5.5",1.641499996,14.42500019
"Theory, Spalding k=0.40, B=5.5",1.644999981,14.44999981
"Theory, Spalding k=0.40, B=5.5",1.648499966,14.47500038
"Theory, Spalding k=0.40, B=5.5",1.65199995,14.5
"Theory, Spalding k=0.40, B=5.5",1.655599952,14.52499962
"Theory, Spalding k=0.40, B=5.5",1.659100056,14.55000019
"Theory, Spalding k=0.40, B=5.5",1.662700057,14.57499981
"Theory, Spalding k=0.40, B=5.5",1.666200042,14.60000038
"Theory, Spalding k=0.40, B=5.5",1.669800043,14.625
"Theory, Spalding k=0.40, B=5.5",1.673300028,14.64999962
"Theory, Spalding k=0.40, B=5.5",1.676900029,14.67500019
"Theory, Spalding k=0.40, B=5.5",1.680500031,14.69999981
"Theory, Spalding k=0.40, B=5.5",1.684000015,14.72500038
"Theory, Spalding k=0.40, B=5.5",1.687600017,14.75
"Theory, Spalding k=0.40, B=5.5",1.691200018,14.77499962
"Theory, Spalding k=0.40, B=5.5",1.694800019,14.80000019
"Theory, Spalding k=0.40, B=5.5",1.698400021,14.82499981
"Theory, Spalding k=0.40, B=5.5",1.702000022,14.85000038
"Theory, Spalding k=0.40, B=5.5",1.705600023,14.875
"Theory, Spalding k=0.40, B=5.5",1.709300041,14.89999962
"Theory, Spalding k=0.40, B=5.5",1.712900043,14.92500019
"Theory, Spalding k=0.40, B=5.5",1.716500044,14.94999981
"Theory, Spalding k=0.40, B=5.5",1.720199943,14.97500038
"Theory, Spalding k=0.40, B=5.5",1.723799944,15.0
"Theory, Spalding k=0.40, B=5.5",1.727399945,15.02499962
"Theory, Spalding k=0.40, B=5.5",1.731099963,15.05000019
"Theory, Spalding k=0.40, B=5.5",1.734799981,15.07499981
"Theory, Spalding k=0.40, B=5.5",1.738399982,15.10000038
"Theory, Spalding k=0.40, B=5.5",1.7421,15.125
"Theory, Spalding k=0.40, B=5.5",1.745800018,15.14999962
"Theory, Spalding k=0.40, B=5.5",1.74940002,15.17500019
"Theory, Spalding k=0.40, B=5.5",1.753100038,15.19999981
"Theory, Spalding k=0.40, B=5.5",1.756800056,15.22500038
"Theory, Spalding k=0.40, B=5.5",1.760499954,15.25
"Theory, Spalding k=0.40, B=5.5",1.764199972,15.27499962
"Theory, Spalding k=0.40, B=5.5",1.76789999,15.30000019
"Theory, Spalding k=0.40, B=5.5",1.771600008,15.32499981
"Theory, Spalding k=0.40, B=5.5",1.775300026,15.35000038
"Theory, Spalding k=0.40, B=5.5",1.779099941,15.375
"Theory, Spalding k=0.40, B=5.5",1.782799959,15.39999962
"Theory, Spalding k=0.40, B=5.5",1.786499977,15.42500019
"Theory, Spalding k=0.40, B=5.5",1.790300012,15.44999981
"Theory, Spalding k=0.40, B=5.5",1.79400003,15.47500038
"Theory, Spalding k=0.40, B=5.5",1.797700047,15.5
"Theory, Spalding k=0.40, B=5.5",1.801499963,15.52499962
"Theory, Spalding k=0.40, B=5.5",1.805299997,15.55000019
"Theory, Spalding k=0.40, B=5.5",1.809000015,15.57499981
"Theory, Spalding k=0.40, B=5.5",1.81280005,15.60000038
"Theory, Spalding k=0.40, B=5.5",1.816499949,15.625
"Theory, Spalding k=0.40, B=5.5",1.820299983,15.64999962
"Theory, Spalding k=0.40, B=5.5",1.824100018,15.67500019
"Theory, Spalding k=0.40, B=5.5",1.827900052,15.69999981
"Theory, Spalding k=0.40, B=5.5",1.831699967,15.72500038
"Theory, Spalding k=0.40, B=5.5",1.835500002,15.75
"Theory, Spalding k=0.40, B=5.5",1.839300036,15.77499962
"Theory, Spalding k=0.40, B=5.5",1.843099952,15.80000019
"Theory, Spalding k=0.40, B=5.5",1.846899986,15.82499981
"Theory, Spalding k=0.40, B=5.5",1.850700021,15.85000038
"Theory, Spalding k=0.40, B=5.5",1.854500055,15.875
"Theory, Spalding k=0.40, B=5.5",1.858299971,15.89999962
"Theory, Spalding k=0.40, B=5.5",1.862100005,15.92500019
"Theory, Spalding k=0.40, B=5.5",1.866000056,15.94999981
"Theory, Spalding k=0.40, B=5.5",1.869799972,15.97500038
"Theory, Spalding k=0.40, B=5.5",1.873600006,16.0
"Theory, Spalding k=0.40, B=5.5",1.877500057,16.02499962
"Theory, Spalding k=0.40, B=5.5",1.881299973,16.04999924
"Theory, Spalding k=0.40, B=5.5",1.885200024,16.07500076
"Theory, Spalding k=0.40, B=5.5",1.889000058,16.10000038
"Theory, Spalding k=0.40, B=5.5",1.89289999,16.125
"Theory, Spalding k=0.40, B=5.5",1.896800041,16.14999962
"Theory, Spalding k=0.40, B=5.5",1.900599957,16.17499924
"Theory, Spalding k=0.40, B=5.5",1.904500008,16.20000076
"Theory, Spalding k=0.40, B=5.5",1.908400059,16.22500038
"Theory, Spalding k=0.40, B=5.5",1.912299991,16.25
"Theory, Spalding k=0.40, B=5.5",1.916100025,16.27499962
"Theory, Spalding k=0.40, B=5.5",1.919999957,16.29999924
"Theory, Spalding k=0.40, B=5.5",1.923900008,16.32500076
"Theory, Spalding k=0.40, B=5.5",1.927800059,16.35000038
"Theory, Spalding k=0.40, B=5.5",1.931699991,16.375
"Theory, Spalding k=0.40, B=5.5",1.935600042,16.39999962
"Theory, Spalding k=0.40, B=5.5",1.939499974,16.42499924
"Theory, Spalding k=0.40, B=5.5",1.943400025,16.45000076
"Theory, Spalding k=0.40, B=5.5",1.947399974,16.47500038
"Theory, Spalding k=0.40, B=5.5",1.951300025,16.5
"Theory, Spalding k=0.40, B=5.5",1.955199957,16.52499962
"Theory, Spalding k=0.40, B=5.5",1.959100008,16.54999924
"Theory, Spalding k=0.40, B=5.5",1.963000059,16.57500076
"Theory, Spalding k=0.40, B=5.5",1.967000008,16.60000038
"Theory, Spalding k=0.40, B=5.5",1.970900059,16.625
"Theory, Spalding k=0.40, B=5.5",1.974900007,16.64999962
"Theory, Spalding k=0.40, B=5.5",1.978800058,16.67499924
"Theory, Spalding k=0.40, B=5.5",1.982800007,16.70000076
"Theory, Spalding k=0.40, B=5.5",1.986700058,16.72500038
"Theory, Spalding k=0.40, B=5.5",1.990700006,16.75
"Theory, Spalding k=0.40, B=5.5",1.994600058,16.77499962
"Theory, Spalding k=0.40, B=5.5",1.998600006,16.79999924
"Theory, Spalding k=0.40, B=5.5",2.002500057,16.82500076
"Theory, Spalding k=0.40, B=5.5",2.006500006,16.85000038
"Theory, Spalding k=0.40, B=5.5",2.010499954,16.875
"Theory, Spalding k=0.40, B=5.5",2.014499903,16.89999962
"Theory, Spalding k=0.40, B=5.5",2.018399954,16.92499924
"Theory, Spalding k=0.40, B=5.5",2.022399902,16.95000076
"Theory, Spalding k=0.40, B=5.5",2.026400089,16.97500038
"Theory, Spalding k=0.40, B=5.5",2.030400038,17.0
"Theory, Spalding k=0.40, B=5.5",2.034399986,17.02499962
"Theory, Spalding k=0.40, B=5.5",2.038399935,17.04999924
"Theory, Spalding k=0.40, B=5.5",2.042399883,17.07500076
"Theory, Spalding k=0.40, B=5.5",2.04640007,17.10000038
"Theory, Spalding k=0.40, B=5.5",2.050400019,17.125
"Theory, Spalding k=0.40, B=5.5",2.054399967,17.14999962
"Theory, Spalding k=0.40, B=5.5",2.058399916,17.17499924
"Theory, Spalding k=0.40, B=5.5",2.062400103,17.20000076
"Theory, Spalding k=0.40, B=5.5",2.066499949,17.22500038
"Theory, Spalding k=0.40, B=5.5",2.070499897,17.25
"Theory, Spalding k=0.40, B=5.5",2.074500084,17.27499962
"Theory, Spalding k=0.40, B=5.5",2.078500032,17.29999924
"Theory, Spalding k=0.40, B=5.5",2.082600117,17.32500076
"Theory, Spalding k=0.40, B=5.5",2.086600065,17.35000038
"Theory, Spalding k=0.40, B=5.5",2.090600014,17.375
"Theory, Spalding k=0.40, B=5.5",2.094700098,17.39999962
"Theory, Spalding k=0.40, B=5.5",2.098700047,17.42499924
"Theory, Spalding k=0.40, B=5.5",2.102699995,17.45000076
"Theory, Spalding k=0.40, B=5.5",2.106800079,17.47500038
"Theory, Spalding k=0.40, B=5.5",2.110800028,17.5
"Theory, Spalding k=0.40, B=5.5",2.114900112,17.52499962
"Theory, Spalding k=0.40, B=5.5",2.118999958,17.54999924
"Theory, Spalding k=0.40, B=5.5",2.122999907,17.57500076
"Theory, Spalding k=0.40, B=5.5",2.127099991,17.60000038
"Theory, Spalding k=0.40, B=5.5",2.131099939,17.625
"Theory, Spalding k=0.40, B=5.5",2.135200024,17.64999962
"Theory, Spalding k=0.40, B=5.5",2.139300108,17.67499924
"Theory, Spalding k=0.40, B=5.5",2.143300056,17.70000076
"Theory, Spalding k=0.40, B=5.5",2.147399902,17.72500038
"Theory, Spalding k=0.40, B=5.5",2.151499987,17.75
"Theory, Spalding k=0.40, B=5.5",2.155600071,17.77499962
"Theory, Spalding k=0.40, B=5.5",2.159699917,17.79999924
"Theory, Spalding k=0.40, B=5.5",2.163700104,17.82500076
"Theory, Spalding k=0.40, B=5.5",2.16779995,17.85000038
"Theory, Spalding k=0.40, B=5.5",2.171900034,17.875
"Theory, Spalding k=0.40, B=5.5",2.176000118,17.89999962
"Theory, Spalding k=0.40, B=5.5",2.180099964,17.92499924
"Theory, Spalding k=0.40, B=5.5",2.184200048,17.95000076
"Theory, Spalding k=0.40, B=5.5",2.188299894,17.97500038
"Theory, Spalding k=0.40, B=5.5",2.192399979,18.0
"Theory, Spalding k=0.40, B=5.5",2.196500063,18.02499962
"Theory, Spalding k=0.40, B=5.5",2.200599909,18.04999924
"Theory, Spalding k=0.40, B=5.5",2.204699993,18.07500076
"Theory, Spalding k=0.40, B=5.5",2.208800077,18.10000038
"Theory, Spalding k=0.40, B=5.5",2.212899923,18.125
"Theory, Spalding k=0.40, B=5.5",2.217099905,18.14999962
"Theory, Spalding k=0.40, B=5.5",2.221199989,18.17499924
"Theory, Spalding k=0.40, B=5.5",2.225300074,18.20000076
"Theory, Spalding k=0.40, B=5.5",2.22939992,18.22500038
"Theory, Spalding k=0.40, B=5.5",2.233500004,18.25
"Theory, Spalding k=0.40, B=5.5",2.237699986,18.27499962
"Theory, Spalding k=0.40, B=5.5",2.24180007,18.29999924
"Theory, Spalding k=0.40, B=5.5",2.245899916,18.32500076
"Theory, Spalding k=0.40, B=5.5",2.250099897,18.35000038
"Theory, Spalding k=0.40, B=5.5",2.254199982,18.375
"Theory, Spalding k=0.40, B=5.5",2.258300066,18.39999962
"Theory, Spalding k=0.40, B=5.5",2.262500048,18.42499924
"Theory, Spalding k=0.40, B=5.5",2.266599894,18.45000076
"Theory, Spalding k=0.40, B=5.5",2.270800114,18.47500038
"Theory, Spalding k=0.40, B=5.5",2.27489996,18.5
"Theory, Spalding k=0.40, B=5.5",2.279099941,18.52499962
"Theory, Spalding k=0.40, B=5.5",2.283200026,18.54999924
"Theory, Spalding k=0.40, B=5.5",2.287400007,18.57500076
"Theory, Spalding k=0.40, B=5.5",2.291500092,18.60000038
"Theory, Spalding k=0.40, B=5.5",2.295700073,18.625
"Theory, Spalding k=0.40, B=5.5",2.299799919,18.64999962
"Theory, Spalding k=0.40, B=5.5",2.303999901,18.67499924
"Theory, Spalding k=0.40, B=5.5",2.308099985,18.70000076
"Theory, Spalding k=0.40, B=5.5",2.312299967,18.72500038
"Theory, Spalding k=0.40, B=5.5",2.316499949,18.75
"Theory, Spalding k=0.40, B=5.5",2.320600033,18.77499962
"Theory, Spalding k=0.40, B=5.5",2.324800014,18.79999924
"Theory, Spalding k=0.40, B=5.5",2.328999996,18.82500076
"Theory, Spalding k=0.40, B=5.5",2.33310008,18.85000038
"Theory, Spalding k=0.40, B=5.5",2.337300062,18.875
"Theory, Spalding k=0.40, B=5.5",2.341500044,18.89999962
"Theory, Spalding k=0.40, B=5.5",2.345700026,18.92499924
"Theory, Spalding k=0.40, B=5.5",2.349900007,18.95000076
"Theory, Spalding k=0.40, B=5.5",2.354000092,18.97500038
"Theory, Spalding k=0.40, B=5.5",2.358200073,19.0
"Theory, Spalding k=0.40, B=5.5",2.362400055,19.02499962
"Theory, Spalding k=0.40, B=5.5",2.366600037,19.04999924
"Theory, Spalding k=0.40, B=5.5",2.370800018,19.07500076
"Theory, Spalding k=0.40, B=5.5",2.375,19.10000038
"Theory, Spalding k=0.40, B=5.5",2.379199982,19.125
"Theory, Spalding k=0.40, B=5.5",2.383300066,19.14999962
"Theory, Spalding k=0.40, B=5.5",2.387500048,19.17499924
"Theory, Spalding k=0.40, B=5.5",2.391700029,19.20000076
"Theory, Spalding k=0.40, B=5.5",2.395900011,19.22500038
"Theory, Spalding k=0.40, B=5.5",2.400099993,19.25
"Theory, Spalding k=0.40, B=5.5",2.404299974,19.27499962
"Theory, Spalding k=0.40, B=5.5",2.408499956,19.29999924
"Theory, Spalding k=0.40, B=5.5",2.412699938,19.32500076
"Theory, Spalding k=0.40, B=5.5",2.41689992,19.35000038
"Theory, Spalding k=0.40, B=5.5",2.421099901,19.375
"Theory, Spalding k=0.40, B=5.5",2.425299883,19.39999962
"Theory, Spalding k=0.40, B=5.5",2.4296,19.42499924
"Theory, Spalding k=0.40, B=5.5",2.433799982,19.45000076
"Theory, Spalding k=0.40, B=5.5",2.437999964,19.47500038
"Theory, Spalding k=0.40, B=5.5",2.442199945,19.5
"Theory, Spalding k=0.40, B=5.5",2.446399927,19.52499962
"Theory, Spalding k=0.40, B=5.5",2.450599909,19.54999924
"Theory, Spalding k=0.40, B=5.5",2.454799891,19.57500076
"Theory, Spalding k=0.40, B=5.5",2.459100008,19.60000038
"Theory, Spalding k=0.40, B=5.5",2.46329999,19.625
"Theory, Spalding k=0.40, B=5.5",2.467499971,19.64999962
"Theory, Spalding k=0.40, B=5.5",2.471699953,19.67499924
"Theory, Spalding k=0.40, B=5.5",2.475899935,19.70000076
"Theory, Spalding k=0.40, B=5.5",2.480200052,19.72500038
"Theory, Spalding k=0.40, B=5.5",2.484400034,19.75
"Theory, Spalding k=0.40, B=5.5",2.488600016,19.77499962
"Theory, Spalding k=0.40, B=5.5",2.492899895,19.79999924
"Theory, Spalding k=0.40, B=5.5",2.497100115,19.82500076
"Theory, Spalding k=0.40, B=5.5",2.501300097,19.85000038
"Theory, Spalding k=0.40, B=5.5",2.505500078,19.875
"Theory, Spalding k=0.40, B=5.5",2.509799957,19.89999962
"Theory, Spalding k=0.40, B=5.5",2.513999939,19.92499924
"Theory, Spalding k=0.40, B=5.5",2.518300056,19.95000076
"Theory, Spalding k=0.40, B=5.5",2.522500038,19.97500038
"Theory, Spalding k=0.40, B=5.5",2.52670002,20.0
"Theory, Spalding k=0.40, B=5.5",2.530999899,20.02499962
"Theory, Spalding k=0.40, B=5.5",2.535200119,20.04999924
"Theory, Spalding k=0.40, B=5.5",2.539499998,20.07500076
"Theory, Spalding k=0.40, B=5.5",2.54369998,20.10000038
"Theory, Spalding k=0.40, B=5.5",2.547899961,20.125
"Theory, Spalding k=0.40, B=5.5",2.552200079,20.14999962
"Theory, Spalding k=0.40, B=5.5",2.556400061,20.17499924
"Theory, Spalding k=0.40, B=5.5",2.56069994,20.20000076
"Theory, Spalding k=0.40, B=5.5",2.564899921,20.22500038
"Theory, Spalding k=0.40, B=5.5",2.569200039,20.25
"Theory, Spalding k=0.40, B=5.5",2.573400021,20.27499962
"Theory, Spalding k=0.40, B=5.5",2.5776999,20.29999924
"Theory, Spalding k=0.40, B=5.5",2.581899881,20.32500076
"Theory, Spalding k=0.40, B=5.5",2.586199999,20.35000038
"Theory, Spalding k=0.40, B=5.5",2.590399981,20.375
"Theory, Spalding k=0.40, B=5.5",2.594700098,20.39999962
"Theory, Spalding k=0.40, B=5.5",2.59890008,20.42499924
"Theory, Spalding k=0.40, B=5.5",2.603199959,20.45000076
"Theory, Spalding k=0.40, B=5.5",2.607500076,20.47500038
"Theory, Spalding k=0.40, B=5.5",2.611700058,20.5
"Theory, Spalding k=0.40, B=5.5",2.615999937,20.52499962
"Theory, Spalding k=0.40, B=5.5",2.620199919,20.54999924
"Theory, Spalding k=0.40, B=5.5",2.624500036,20.57500076
"Theory, Spalding k=0.40, B=5.5",2.628799915,20.60000038
"Theory, Spalding k=0.40, B=5.5",2.632999897,20.625
"Theory, Spalding k=0.40, B=5.5",2.637300014,20.64999962
"Theory, Spalding k=0.40, B=5.5",2.641599894,20.67499924
"Theory, Spalding k=0.40, B=5.5",2.645800114,20.70000076
"Theory, Spalding k=0.40, B=5.5",2.650099993,20.72500038
"Theory, Spalding k=0.40, B=5.5",2.65440011,20.75
"Theory, Spalding k=0.40, B=5.5",2.658600092,20.77499962
"Theory, Spalding k=0.40, B=5.5",2.662899971,20.79999924
"Theory, Spalding k=0.40, B=5.5",2.667200089,20.82500076
"Theory, Spalding k=0.40, B=5.5",2.671499968,20.85000038
"Theory, Spalding k=0.40, B=5.5",2.675699949,20.875
"Theory, Spalding k=0.40, B=5.5",2.680000067,20.89999962
"Theory, Spalding k=0.40, B=5.5",2.684299946,20.92499924
"Theory, Spalding k=0.40, B=5.5",2.688499928,20.95000076
"Theory, Spalding k=0.40, B=5.5",2.692800045,20.97500038
"Theory, Spalding k=0.40, B=5.5",2.697099924,21.0
"Theory, Spalding k=0.40, B=5.5",2.701400042,21.02499962
"Theory, Spalding k=0.40, B=5.5",2.705699921,21.04999924
"Theory, Spalding k=0.40, B=5.5",2.709899902,21.07500076
"Theory, Spalding k=0.40, B=5.5",2.71420002,21.10000038
"Theory, Spalding k=0.40, B=5.5",2.718499899,21.125
"Theory, Spalding k=0.40, B=5.5",2.722800016,21.14999962
"Theory, Spalding k=0.40, B=5.5",2.727099895,21.17499924
"Theory, Spalding k=0.40, B=5.5",2.731300116,21.20000076
"Theory, Spalding k=0.40, B=5.5",2.735599995,21.22500038
"Theory, Spalding k=0.40, B=5.5",2.739900112,21.25
"Theory, Spalding k=0.40, B=5.5",2.744199991,21.27499962
"Theory, Spalding k=0.40, B=5.5",2.748500109,21.29999924
"Theory, Spalding k=0.40, B=5.5",2.752799988,21.32500076
"Theory, Spalding k=0.40, B=5.5",2.757100105,21.35000038
"Theory, Spalding k=0.40, B=5.5",2.761300087,21.375
"Theory, Spalding k=0.40, B=5.5",2.765599966,21.39999962
"Theory, Spalding k=0.40, B=5.5",2.769900084,21.42499924
"Theory, Spalding k=0.40, B=5.5",2.774199963,21.45000076
"Theory, Spalding k=0.40, B=5.5",2.77850008,21.47500038
"Theory, Spalding k=0.40, B=5.5",2.782799959,21.5
"Theory, Spalding k=0.40, B=5.5",2.787100077,21.52499962
"Theory, Spalding k=0.40, B=5.5",2.791399956,21.54999924
"Theory, Spalding k=0.40, B=5.5",2.795700073,21.57500076
"Theory, Spalding k=0.40, B=5.5",2.799999952,21.60000038
"Theory, Spalding k=0.40, B=5.5",2.804199934,21.625
"Theory, Spalding k=0.40, B=5.5",2.808500051,21.64999962
"Theory, Spalding k=0.40, B=5.5",2.812799931,21.67499924
"Theory, Spalding k=0.40, B=5.5",2.817100048,21.70000076
"Theory, Spalding k=0.40, B=5.5",2.821399927,21.72500038
"Theory, Spalding k=0.40, B=5.5",2.825700045,21.75
"Theory, Spalding k=0.40, B=5.5",2.829999924,21.77499962
"Theory, Spalding k=0.40, B=5.5",2.834300041,21.79999924
"Theory, Spalding k=0.40, B=5.5",2.83859992,21.82500076
"Theory, Spalding k=0.40, B=5.5",2.842900038,21.85000038
"Theory, Spalding k=0.40, B=5.5",2.847199917,21.875
"Theory, Spalding k=0.40, B=5.5",2.851500034,21.89999962
"Theory, Spalding k=0.40, B=5.5",2.855799913,21.92499924
"Theory, Spalding k=0.40, B=5.5",2.860100031,21.95000076
"Theory, Spalding k=0.40, B=5.5",2.86439991,21.97500038
"Theory, Spalding k=0.40, B=5.5",2.868700027,22.0
"Theory, Spalding k=0.40, B=5.5",2.872999907,22.02499962
"Theory, Spalding k=0.40, B=5.5",2.877300024,22.04999924
"Theory, Spalding k=0.40, B=5.5",2.881599903,22.07500076
"Theory, Spalding k=0.40, B=5.5",2.885900021,22.10000038
"Theory, Spalding k=0.40, B=5.5",2.8901999,22.125
"Theory, Spalding k=0.40, B=5.5",2.894500017,22.14999962
"Theory, Spalding k=0.40, B=5.5",2.898900032,22.17499924
"Theory, Spalding k=0.40, B=5.5",2.903199911,22.20000076
"Theory, Spalding k=0.40, B=5.5",2.907500029,22.22500038
"Theory, Spalding k=0.40, B=5.5",2.911799908,22.25
"Theory, Spalding k=0.40, B=5.5",2.916100025,22.27499962
"Theory, Spalding k=0.40, B=5.5",2.920399904,22.29999924
"Theory, Spalding k=0.40, B=5.5",2.924700022,22.32500076
"Theory, Spalding k=0.40, B=5.5",2.928999901,22.35000038
"Theory, Spalding k=0.40, B=5.5",2.933300018,22.375
"Theory, Spalding k=0.40, B=5.5",2.937599897,22.39999962
"Theory, Spalding k=0.40, B=5.5",2.941900015,22.42499924
"Theory, Spalding k=0.40, B=5.5",2.946199894,22.45000076
"Theory, Spalding k=0.40, B=5.5",2.950599909,22.47500038
"Theory, Spalding k=0.40, B=5.5",2.954900026,22.5
"Theory, Spalding k=0.40, B=5.5",2.959199905,22.52499962
"Theory, Spalding k=0.40, B=5.5",2.963500023,22.54999924
"Theory, Spalding k=0.40, B=5.5",2.967799902,22.57500076
"Theory, Spalding k=0.40, B=5.5",2.972100019,22.60000038
"Theory, Spalding k=0.40, B=5.5",2.976399899,22.625
"Theory, Spalding k=0.40, B=5.5",2.980700016,22.64999962
"Theory, Spalding k=0.40, B=5.5",2.985100031,22.67499924
"Theory, Spalding k=0.40, B=5.5",2.98939991,22.70000076
"Theory, Spalding k=0.40, B=5.5",2.993700027,22.72500038
"Theory, Spalding k=0.40, B=5.5",2.997999907,22.75
"Theory, Spalding k=0.40, B=5.5",3.002300024,22.77499962
"Theory, Spalding k=0.40, B=5.5",3.006599903,22.79999924
"Theory, Spalding k=0.40, B=5.5",3.010900021,22.82500076
"Theory, Spalding k=0.40, B=5.5",3.015300035,22.85000038
"Theory, Spalding k=0.40, B=5.5",3.019599915,22.875
"Theory, Spalding k=0.40, B=5.5",3.023900032,22.89999962
"Theory, Spalding k=0.40, B=5.5",3.028199911,22.92499924
"Theory, Spalding k=0.40, B=5.5",3.032500029,22.95000076
"Theory, Spalding k=0.40, B=5.5",3.036900043,22.97500038
"Theory, Spalding k=0.40, B=5.5",3.041199923,23.0
"Theory, Spalding k=0.40, B=5.5",3.04550004,23.02499962
"Theory, Spalding k=0.40, B=5.5",3.049799919,23.04999924
"Theory, Spalding k=0.40, B=5.5",3.054100037,23.07500076
"Theory, Spalding k=0.40, B=5.5",3.058399916,23.10000038
"Theory, Spalding k=0.40, B=5.5",3.062799931,23.125
"Theory, Spalding k=0.40, B=5.5",3.067100048,23.14999962
"Theory, Spalding k=0.40, B=5.5",3.071399927,23.17499924
"Theory, Spalding k=0.40, B=5.5",3.075700045,23.20000076
"Theory, Spalding k=0.40, B=5.5",3.08010006,23.22500038
"Theory, Spalding k=0.40, B=5.5",3.084399939,23.25
"Theory, Spalding k=0.40, B=5.5",3.088700056,23.27499962
"Theory, Spalding k=0.40, B=5.5",3.092999935,23.29999924
"Theory, Spalding k=0.40, B=5.5",3.097300053,23.32500076
"Theory, Spalding k=0.40, B=5.5",3.101700068,23.35000038
"Theory, Spalding k=0.40, B=5.5",3.105999947,23.375
"Theory, Spalding k=0.40, B=5.5",3.110300064,23.39999962
"Theory, Spalding k=0.40, B=5.5",3.114599943,23.42499924
"Theory, Spalding k=0.40, B=5.5",3.118999958,23.45000076
"Theory, Spalding k=0.40, B=5.5",3.123300076,23.47500038
"Theory, Spalding k=0.40, B=5.5",3.127599955,23.5
"Theory, Spalding k=0.40, B=5.5",3.131900072,23.52499962
"Theory, Spalding k=0.40, B=5.5",3.136300087,23.54999924
"Theory, Spalding k=0.40, B=5.5",3.140599966,23.57500076
"Theory, Spalding k=0.40, B=5.5",3.144900084,23.60000038
"Theory, Spalding k=0.40, B=5.5",3.149199963,23.625
"Theory, Spalding k=0.40, B=5.5",3.153599977,23.64999962
"Theory, Spalding k=0.40, B=5.5",3.157900095,23.67499924
"Theory, Spalding k=0.40, B=5.5",3.162199974,23.70000076
"Theory, Spalding k=0.40, B=5.5",3.166500092,23.72500038
"Theory, Spalding k=0.40, B=5.5",3.170900106,23.75
"Theory, Spalding k=0.40, B=5.5",3.175199986,23.77499962
"Theory, Spalding k=0.40, B=5.5",3.179500103,23.79999924
"Theory, Spalding k=0.40, B=5.5",3.183799982,23.82500076
"Theory, Spalding k=0.40, B=5.5",3.188199997,23.85000038
"Theory, Spalding k=0.40, B=5.5",3.192500114,23.875
"Theory, Spalding k=0.40, B=5.5",3.196799994,23.89999962
"Theory, Spalding k=0.40, B=5.5",3.201200008,23.92499924
"Theory, Spalding k=0.40, B=5.5",3.205499887,23.95000076
"Theory, Spalding k=0.40, B=5.5",3.209800005,23.97500038
"Theory, Spalding k=0.40, B=5.5",3.214099884,24.0
"Theory, Spalding k=0.40, B=5.5",3.218499899,24.02499962
"Theory, Spalding k=0.40, B=5.5",3.222800016,24.04999924
"Theory, Spalding k=0.40, B=5.5",3.227099895,24.07500076
"Theory, Spalding k=0.40, B=5.5",3.23149991,24.10000038
"Theory, Spalding k=0.40, B=5.5",3.235800028,24.125
"Theory, Spalding k=0.40, B=5.5",3.240099907,24.14999962
"Theory, Spalding k=0.40, B=5.5",3.244499922,24.17499924
"Theory, Spalding k=0.40, B=5.5",3.248800039,24.20000076
"Theory, Spalding k=0.40, B=5.5",3.253099918,24.22500038
"Theory, Spalding k=0.40, B=5.5",3.257400036,24.25
"Theory, Spalding k=0.40, B=5.5",3.261800051,24.27499962
"Theory, Spalding k=0.40, B=5.5",3.26609993,24.29999924
"Theory, Spalding k=0.40, B=5.5",3.270400047,24.32500076
"Theory, Spalding k=0.40, B=5.5",3.274800062,24.35000038
"Theory, Spalding k=0.40, B=5.5",3.279099941,24.375
"Theory, Spalding k=0.40, B=5.5",3.283400059,24.39999962
"Theory, Spalding k=0.40, B=5.5",3.287800074,24.42499924
"Theory, Spalding k=0.40, B=5.5",3.292099953,24.45000076
"Theory, Spalding k=0.40, B=5.5",3.29640007,24.47500038
"Theory, Spalding k=0.40, B=5.5",3.300800085,24.5
"Theory, Spalding k=0.40, B=5.5",3.305099964,24.52499962
"Theory, Spalding k=0.40, B=5.5",3.309400082,24.54999924
"Theory, Spalding k=0.40, B=5.5",3.313800097,24.57500076
"Theory, Spalding k=0.40, B=5.5",3.318099976,24.60000038
"Theory, Spalding k=0.40, B=5.5",3.322400093,24.625
"Theory, Spalding k=0.40, B=5.5",3.326800108,24.64999962
"Theory, Spalding k=0.40, B=5.5",3.331099987,24.67499924
"Theory, Spalding k=0.40, B=5.5",3.335400105,24.70000076
"Theory, Spalding k=0.40, B=5.5",3.339799881,24.72500038
"Theory, Spalding k=0.40, B=5.5",3.344099998,24.75
"Theory, Spalding k=0.40, B=5.5",3.348400116,24.77499962
"Theory, Spalding k=0.40, B=5.5",3.352799892,24.79999924
"Theory, Spalding k=0.40, B=5.5",3.35710001,24.82500076
"Theory, Spalding k=0.40, B=5.5",3.361399889,24.85000038
"Theory, Spalding k=0.40, B=5.5",3.365799904,24.875
"Theory, Spalding k=0.40, B=5.5",3.370100021,24.89999962
"Theory, Spalding k=0.40, B=5.5",3.3743999,24.92499924
"Theory, Spalding k=0.40, B=5.5",3.378799915,24.95000076
"Theory, Spalding k=0.40, B=5.5",3.383100033,24.97500038
"Theory, Spalding k=0.40, B=5.5",3.387500048,25.0
"Theory, Spalding k=0.40, B=5.5",3.391799927,25.02499962
"Theory, Spalding k=0.40, B=5.5",3.396100044,25.04999924
"Theory, Spalding k=0.40, B=5.5",3.400500059,25.07500076
"Theory, Spalding k=0.40, B=5.5",3.404799938,25.10000038
"Theory, Spalding k=0.40, B=5.5",3.409100056,25.125
"Theory, Spalding k=0.40, B=5.5",3.413500071,25.14999962
"Theory, Spalding k=0.40, B=5.5",3.41779995,25.17499924
"Theory, Spalding k=0.40, B=5.5",3.422100067,25.20000076
"Theory, Spalding k=0.40, B=5.5",3.426500082,25.22500038
"Theory, Spalding k=0.40, B=5.5",3.430799961,25.25
"Theory, Spalding k=0.40, B=5.5",3.435199976,25.27499962
"Theory, Spalding k=0.40, B=5.5",3.439500093,25.29999924
"Theory, Spalding k=0.40, B=5.5",3.443799973,25.32500076
"Theory, Spalding k=0.40, B=5.5",3.448199987,25.35000038
"Theory, Spalding k=0.40, B=5.5",3.452500105,25.375
"Theory, Spalding k=0.40, B=5.5",3.456799984,25.39999962
"Theory, Spalding k=0.40, B=5.5",3.461199999,25.42499924
"Theory, Spalding k=0.40, B=5.5",3.465500116,25.45000076
"Theory, Spalding k=0.40, B=5.5",3.469899893,25.47500038
"Theory, Spalding k=0.40, B=5.5",3.47420001,25.5
"Theory, Spalding k=0.40, B=5.5",3.478499889,25.52499962
"Theory, Spalding k=0.40, B=5.5",3.482899904,25.54999924
"Theory, Spalding k=0.40, B=5.5",3.487200022,25.57500076
"Theory, Spalding k=0.40, B=5.5",3.491499901,25.60000038
"Theory, Spalding k=0.40, B=5.5",3.495899916,25.625
"Theory, Spalding k=0.40, B=5.5",3.500200033,25.64999962
"Theory, Spalding k=0.40, B=5.5",3.504600048,25.67499924
"Theory, Spalding k=0.40, B=5.5",3.508899927,25.70000076
"Theory, Spalding k=0.40, B=5.5",3.513200045,25.72500038
"Theory, Spalding k=0.40, B=5.5",3.51760006,25.75
"Theory, Spalding k=0.40, B=5.5",3.521899939,25.77499962
"Theory, Spalding k=0.40, B=5.5",3.526299953,25.79999924
"Theory, Spalding k=0.40, B=5.5",3.530600071,25.82500076
"Theory, Spalding k=0.40, B=5.5",3.53489995,25.85000038
"Theory, Spalding k=0.40, B=5.5",3.539299965,25.875
"Theory, Spalding k=0.40, B=5.5",3.543600082,25.89999962
"Theory, Spalding k=0.40, B=5.5",3.548000097,25.92499924
"Theory, Spalding k=0.40, B=5.5",3.552299976,25.95000076
"Theory, Spalding k=0.40, B=5.5",3.556600094,25.97500038
"Theory, Spalding k=0.40, B=5.5",3.561000109,26.0
"Theory, Spalding k=0.40, B=5.5",3.565299988,26.02499962
"Theory, Spalding k=0.40, B=5.5",3.569700003,26.04999924
"Theory, Spalding k=0.40, B=5.5",3.573999882,26.07500076
"Theory, Spalding k=0.40, B=5.5",3.578299999,26.10000038
"Theory, Spalding k=0.40, B=5.5",3.582700014,26.125
"Theory, Spalding k=0.40, B=5.5",3.586999893,26.14999962
"Theory, Spalding k=0.40, B=5.5",3.591399908,26.17499924
"Theory, Spalding k=0.40, B=5.5",3.595700026,26.20000076
"Theory, Spalding k=0.40, B=5.5",3.599999905,26.22500038
"Theory, Spalding k=0.40, B=5.5",3.60439992,26.25
"Theory, Spalding k=0.40, B=5.5",3.608700037,26.27499962
"Theory, Spalding k=0.40, B=5.5",3.613100052,26.29999924
"Theory, Spalding k=0.40, B=5.5",3.617399931,26.32500076
"Theory, Spalding k=0.40, B=5.5",3.621700048,26.35000038
"Theory, Spalding k=0.40, B=5.5",3.626100063,26.375
"Theory, Spalding k=0.40, B=5.5",3.630399942,26.39999962
"Theory, Spalding k=0.40, B=5.5",3.634799957,26.42499924
"Theory, Spalding k=0.40, B=5.5",3.639100075,26.45000076
"Theory, Spalding k=0.40, B=5.5",3.643399954,26.47500038
"Theory, Spalding k=0.40, B=5.5",3.647799969,26.5
"Theory, Spalding k=0.40, B=5.5",3.652100086,26.52499962
"Theory, Spalding k=0.40, B=5.5",3.656500101,26.54999924
"Theory, Spalding k=0.40, B=5.5",3.66079998,26.57500076
"Theory, Spalding k=0.40, B=5.5",3.665100098,26.60000038
"Theory, Spalding k=0.40, B=5.5",3.669500113,26.625
"Theory, Spalding k=0.40, B=5.5",3.673799992,26.64999962
"Theory, Spalding k=0.40, B=5.5",3.678200006,26.67499924
"Theory, Spalding k=0.40, B=5.5",3.682499886,26.70000076
"Theory, Spalding k=0.40, B=5.5",3.6868999,26.72500038
"Theory, Spalding k=0.40, B=5.5",3.691200018,26.75
"Theory, Spalding k=0.40, B=5.5",3.695499897,26.77499962
"Theory, Spalding k=0.40, B=5.5",3.699899912,26.79999924
"Theory, Spalding k=0.40, B=5.5",3.704200029,26.82500076
"Theory, Spalding k=0.40, B=5.5",3.708600044,26.85000038
"Theory, Spalding k=0.40, B=5.5",3.712899923,26.875
"Theory, Spalding k=0.40, B=5.5",3.717200041,26.89999962
"Theory, Spalding k=0.40, B=5.5",3.721600056,26.92499924
"Theory, Spalding k=0.40, B=5.5",3.725899935,26.95000076
"Theory, Spalding k=0.40, B=5.5",3.73029995,26.97500038
"Theory, Spalding k=0.40, B=5.5",3.734600067,27.0
"Theory, Spalding k=0.40, B=5.5",3.739000082,27.02499962
"Theory, Spalding k=0.40, B=5.5",3.743299961,27.04999924
"Theory, Spalding k=0.40, B=5.5",3.747600079,27.07500076
"Theory, Spalding k=0.40, B=5.5",3.752000093,27.10000038
"Theory, Spalding k=0.40, B=5.5",3.756299973,27.125
"Theory, Spalding k=0.40, B=5.5",3.760699987,27.14999962
"Theory, Spalding k=0.40, B=5.5",3.765000105,27.17499924
"Theory, Spalding k=0.40, B=5.5",3.769299984,27.20000076
"Theory, Spalding k=0.40, B=5.5",3.773699999,27.22500038
"Theory, Spalding k=0.40, B=5.5",3.778000116,27.25
"Theory, Spalding k=0.40, B=5.5",3.782399893,27.27499962
"Theory, Spalding k=0.40, B=5.5",3.78670001,27.29999924
"Theory, Spalding k=0.40, B=5.5",3.791100025,27.32500076
"Theory, Spalding k=0.40, B=5.5",3.795399904,27.35000038
"Theory, Spalding k=0.40, B=5.5",3.799700022,27.375
"Theory, Spalding k=0.40, B=5.5",3.804100037,27.39999962
"Theory, Spalding k=0.40, B=5.5",3.808399916,27.42499924
"Theory, Spalding k=0.40, B=5.5",3.812799931,27.45000076
"Theory, Spalding k=0.40, B=5.5",3.817100048,27.47500038
"Theory, Spalding k=0.40, B=5.5",3.821500063,27.5
"Theory, Spalding k=0.40, B=5.5",3.825799942,27.52499962
"Theory, Spalding k=0.40, B=5.5",3.83010006,27.54999924
"Theory, Spalding k=0.40, B=5.5",3.834500074,27.57500076
"Theory, Spalding k=0.40, B=5.5",3.838799953,27.60000038
"Theory, Spalding k=0.40, B=5.5",3.843199968,27.625
"Theory, Spalding k=0.40, B=5.5",3.847500086,27.64999962
"Theory, Spalding k=0.40, B=5.5",3.851900101,27.67499924
"Theory, Spalding k=0.40, B=5.5",3.85619998,27.70000076
"Theory, Spalding k=0.40, B=5.5",3.860500097,27.72500038
"Theory, Spalding k=0.40, B=5.5",3.864900112,27.75
"Theory, Spalding k=0.40, B=5.5",3.869199991,27.77499962
"Theory, Spalding k=0.40, B=5.5",3.873600006,27.79999924
"Theory, Spalding k=0.40, B=5.5",3.877899885,27.82500076
"Theory, Spalding k=0.40, B=5.5",3.8822999,27.85000038
"Theory, Spalding k=0.40, B=5.5",3.886600018,27.875
"Theory, Spalding k=0.40, B=5.5",3.890899897,27.89999962
"Theory, Spalding k=0.40, B=5.5",3.895299911,27.92499924
"Theory, Spalding k=0.40, B=5.5",3.899600029,27.95000076
"Theory, Spalding k=0.40, B=5.5",3.904000044,27.97500038
"Theory, Spalding k=0.40, B=5.5",3.908299923,28.0
"Theory, Spalding k=0.40, B=5.5",3.912699938,28.02499962
"Theory, Spalding k=0.40, B=5.5",3.917000055,28.04999924
"Theory, Spalding k=0.40, B=5.5",3.921299934,28.07500076
"Theory, Spalding k=0.40, B=5.5",3.925699949,28.10000038
"Theory, Spalding k=0.40, B=5.5",3.930000067,28.125
"Theory, Spalding k=0.40, B=5.5",3.934400082,28.14999962
"Theory, Spalding k=0.40, B=5.5",3.938699961,28.17499924
"Theory, Spalding k=0.40, B=5.5",3.943099976,28.20000076
"Theory, Spalding k=0.40, B=5.5",3.947400093,28.22500038
"Theory, Spalding k=0.40, B=5.5",3.951699972,28.25
"Theory, Spalding k=0.40, B=5.5",3.956099987,28.27499962
"Theory, Spalding k=0.40, B=5.5",3.960400105,28.29999924
"Theory, Spalding k=0.40, B=5.5",3.964799881,28.32500076
"Theory, Spalding k=0.40, B=5.5",3.969099998,28.35000038
"Theory, Spalding k=0.40, B=5.5",3.973500013,28.375
"Theory, Spalding k=0.40, B=5.5",3.977799892,28.39999962
"Theory, Spalding k=0.40, B=5.5",3.982199907,28.42499924
"Theory, Spalding k=0.40, B=5.5",3.986500025,28.45000076
"Theory, Spalding k=0.40, B=5.5",3.990799904,28.47500038
"Theory, Spalding k=0.40, B=5.5",3.995199919,28.5
"Theory, Spalding k=0.40, B=5.5",3.999500036,28.52499962
"Theory, Spalding k=0.40, B=5.5",4.003900051,28.54999924
"Theory, Spalding k=0.40, B=5.5",4.008200169,28.57500076
"Theory, Spalding k=0.40, B=5.5",4.012599945,28.60000038
"Theory, Spalding k=0.40, B=5.5",4.016900063,28.625
"Theory, Spalding k=0.40, B=5.5",4.02120018,28.64999962
"Theory, Spalding k=0.40, B=5.5",4.025599957,28.67499924
"Theory, Spalding k=0.40, B=5.5",4.029900074,28.70000076
"Theory, Spalding k=0.40, B=5.5",4.03429985,28.72500038
"Theory, Spalding k=0.40, B=5.5",4.038599968,28.75
"Theory, Spalding k=0.40, B=5.5",4.043000221,28.77499962
"Theory, Spalding k=0.40, B=5.5",4.047299862,28.79999924
"Theory, Spalding k=0.40, B=5.5",4.051700115,28.82500076
"Theory, Spalding k=0.40, B=5.5",4.056000233,28.85000038
"Theory, Spalding k=0.40, B=5.5",4.060299873,28.875
"Theory, Spalding k=0.40, B=5.5",4.064700127,28.89999962
"Theory, Spalding k=0.40, B=5.5",4.068999767,28.92499924
"Theory, Spalding k=0.40, B=5.5",4.073400021,28.95000076
"Theory, Spalding k=0.40, B=5.5",4.077700138,28.97500038
"Theory, Spalding k=0.40, B=5.5",4.082099915,29.0
"Theory, Spalding k=0.40, B=5.5",4.086400032,29.02499962
"Theory, Spalding k=0.40, B=5.5",4.09070015,29.04999924
"Theory, Spalding k=0.40, B=5.5",4.095099926,29.07500076
"Theory, Spalding k=0.40, B=5.5",4.099400043,29.10000038
"Theory, Spalding k=0.40, B=5.5",4.10379982,29.125
"Theory, Spalding k=0.40, B=5.5",4.108099937,29.14999962
"Theory, Spalding k=0.40, B=5.5",4.112500191,29.17499924
"Theory, Spalding k=0.40, B=5.5",4.116799831,29.20000076
"Theory, Spalding k=0.40, B=5.5",4.121200085,29.22500038
"Theory, Spalding k=0.40, B=5.5",4.125500202,29.25
"Theory, Spalding k=0.40, B=5.5",4.129799843,29.27499962
"Theory, Spalding k=0.40, B=5.5",4.134200096,29.29999924
"Theory, Spalding k=0.40, B=5.5",4.138500214,29.32500076
"Theory, Spalding k=0.40, B=5.5",4.14289999,29.35000038
"Theory, Spalding k=0.40, B=5.5",4.147200108,29.375
"Theory, Spalding k=0.40, B=5.5",4.151599884,29.39999962
"Theory, Spalding k=0.40, B=5.5",4.155900002,29.42499924
"Theory, Spalding k=0.40, B=5.5",4.160200119,29.45000076
"Theory, Spalding k=0.40, B=5.5",4.164599895,29.47500038
"Theory, Spalding k=0.40, B=5.5",4.168900013,29.5
"Theory, Spalding k=0.40, B=5.5",4.173299789,29.52499962
"Theory, Spalding k=0.40, B=5.5",4.177599907,29.54999924
"Theory, Spalding k=0.40, B=5.5",4.18200016,29.57500076
"Theory, Spalding k=0.40, B=5.5",4.186299801,29.60000038
"Theory, Spalding k=0.40, B=5.5",4.190700054,29.625
"Theory, Spalding k=0.40, B=5.5",4.195000172,29.64999962
"Theory, Spalding k=0.40, B=5.5",4.199299812,29.67499924
"Theory, Spalding k=0.40, B=5.5",4.203700066,29.70000076
"Theory, Spalding k=0.40, B=5.5",4.208000183,29.72500038
"Theory, Spalding k=0.40, B=5.5",4.21239996,29.75
"Theory, Spalding k=0.40, B=5.5",4.216700077,29.77499962
"Theory, Spalding k=0.40, B=5.5",4.221099854,29.79999924
"Theory, Spalding k=0.40, B=5.5",4.225399971,29.82500076
"Theory, Spalding k=0.40, B=5.5",4.229700089,29.85000038
"Theory, Spalding k=0.40, B=5.5",4.234099865,29.875
"Theory, Spalding k=0.40, B=5.5",4.238399982,29.89999962
"Theory, Spalding k=0.40, B=5.5",4.242800236,29.92499924
"Theory, Spalding k=0.40, B=5.5",4.247099876,29.95000076
"Theory, Spalding k=0.40, B=5.5",4.25150013,29.97500038
"Theory, Spalding k=0.40, B=5.5",4.25579977,30.0
"Theory, Spalding k=0.40, B=5.5",4.260200024,30.02499962
"Theory, Spalding k=0.40, B=5.5",4.264500141,30.04999924
"Theory, Spalding k=0.40, B=5.5",4.268799782,30.07500076
"Theory, Spalding k=0.40, B=5.5",4.273200035,30.10000038
"Theory, Spalding k=0.40, B=5.5",4.277500153,30.125
"Theory, Spalding k=0.40, B=5.5",4.281899929,30.14999962
"Theory, Spalding k=0.40, B=5.5",4.286200047,30.17499924
"Theory, Spalding k=0.40, B=5.5",4.290599823,30.20000076
"Theory, Spalding k=0.40, B=5.5",4.29489994,30.22500038
"Theory, Spalding k=0.40, B=5.5",4.299300194,30.25
"Theory, Spalding k=0.40, B=5.5",4.303599834,30.27499962
"Theory, Spalding k=0.40, B=5.5",4.307899952,30.29999924
"Theory, Spalding k=0.40, B=5.5",4.312300205,30.32500076
"Theory, Spalding k=0.40, B=5.5",4.316599846,30.35000038
"Theory, Spalding k=0.40, B=5.5",4.321000099,30.375
"Theory, Spalding k=0.40, B=5.5",4.325300217,30.39999962
"Theory, Spalding k=0.40, B=5.5",4.329699993,30.42499924
"Theory, Spalding k=0.40, B=5.5",4.334000111,30.45000076
"Theory, Spalding k=0.40, B=5.5",4.338300228,30.47500038
"Theory, Spalding k=0.40, B=5.5",4.342700005,30.5
"Theory, Spalding k=0.40, B=5.5",4.347000122,30.52499962
"Theory, Spalding k=0.40, B=5.5",4.351399899,30.54999924
"Theory, Spalding k=0.40, B=5.5",4.355700016,30.57500076
"Theory, Spalding k=0.40, B=5.5",4.360099792,30.60000038
"Theory, Spalding k=0.40, B=5.5",4.36439991,30.625
"Theory, Spalding k=0.40, B=5.5",4.368800163,30.64999962
"Theory, Spalding k=0.40, B=5.5",4.373099804,30.67499924
"Theory, Spalding k=0.40, B=5.5",4.377399921,30.70000076
"Theory, Spalding k=0.40, B=5.5",4.381800175,30.72500038
"Theory, Spalding k=0.40, B=5.5",4.386099815,30.75
"Theory, Spalding k=0.40, B=5.5",4.390500069,30.77499962
"Theory, Spalding k=0.40, B=5.5",4.394800186,30.79999924
"Theory, Spalding k=0.40, B=5.5",4.399199963,30.82500076
"Theory, Spalding k=0.40, B=5.5",4.40350008,30.85000038
"Theory, Spalding k=0.40, B=5.5",4.407899857,30.875
"Theory, Spalding k=0.40, B=5.5",4.412199974,30.89999962
"Theory, Spalding k=0.40, B=5.5",4.416500092,30.92499924
"Theory, Spalding k=0.40, B=5.5",4.420899868,30.95000076
"Theory, Spalding k=0.40, B=5.5",4.425199986,30.97500038
"Theory, Spalding k=0.40, B=5.5",4.429599762,31.0
"Theory, Spalding k=0.40, B=5.5",4.433899879,31.02499962
"Theory, Spalding k=0.40, B=5.5",4.438300133,31.04999924
"Theory, Spalding k=0.40, B=5.5",4.442599773,31.07500076
"Theory, Spalding k=0.40, B=5.5",4.447000027,31.10000038
"Theory, Spalding k=0.40, B=5.5",4.451300144,31.125
"Theory, Spalding k=0.40, B=5.5",4.455599785,31.14999962
"Theory, Spalding k=0.40, B=5.5",4.460000038,31.17499924
"Theory, Spalding k=0.40, B=5.5",4.464300156,31.20000076
"Theory, Spalding k=0.40, B=5.5",4.468699932,31.22500038
"Theory, Spalding k=0.40, B=5.5",4.47300005,31.25
"Theory, Spalding k=0.40, B=5.5",4.477399826,31.27499962
"Theory, Spalding k=0.40, B=5.5",4.481699944,31.29999924
"Theory, Spalding k=0.40, B=5.5",4.486000061,31.32500076
"Theory, Spalding k=0.40, B=5.5",4.490399837,31.35000038
"Theory, Spalding k=0.40, B=5.5",4.494699955,31.375
"Theory, Spalding k=0.40, B=5.5",4.499100208,31.39999962
"Theory, Spalding k=0.40, B=5.5",4.503399849,31.42499924
"Theory, Spalding k=0.40, B=5.5",4.507800102,31.45000076
"Theory, Spalding k=0.40, B=5.5",4.51210022,31.47500038
"Theory, Spalding k=0.40, B=5.5",4.516499996,31.5
"Theory, Spalding k=0.40, B=5.5",4.520800114,31.52499962
"Theory, Spalding k=0.40, B=5.5",4.525100231,31.54999924
"Theory, Spalding k=0.40, B=5.5",4.529500008,31.57500076
"Theory, Spalding k=0.40, B=5.5",4.533800125,31.60000038
"Theory, Spalding k=0.40, B=5.5",4.538199902,31.625
"Theory, Spalding k=0.40, B=5.5",4.542500019,31.64999962
"Theory, Spalding k=0.40, B=5.5",4.546899796,31.67499924
"Theory, Spalding k=0.40, B=5.5",4.551199913,31.70000076
"Theory, Spalding k=0.40, B=5.5",4.555600166,31.72500038
"Theory, Spalding k=0.40, B=5.5",4.559899807,31.75
"Theory, Spalding k=0.40, B=5.5",4.564199924,31.77499962
"Theory, Spalding k=0.40, B=5.5",4.568600178,31.79999924
"Theory, Spalding k=0.40, B=5.5",4.572899818,31.82500076
"Theory, Spalding k=0.40, B=5.5",4.577300072,31.85000038
"Theory, Spalding k=0.40, B=5.5",4.581600189,31.875
"Theory, Spalding k=0.40, B=5.5",4.585999966,31.89999962
"Theory, Spalding k=0.40, B=5.5",4.590300083,31.92499924
"Theory, Spalding k=0.40, B=5.5",4.594600201,31.95000076
"Theory, Spalding k=0.40, B=5.5",4.598999977,31.97500038
"Theory, Spalding k=0.40, B=5.5",4.603300095,32.0
"Theory, Spalding k=0.40, B=5.5",4.607699871,32.02500153
"Theory, Spalding k=0.40, B=5.5",4.611999989,32.04999924
"Theory, Spalding k=0.40, B=5.5",4.616399765,32.07500076
"Theory, Spalding k=0.40, B=5.5",4.620699883,32.09999847
"Theory, Spalding k=0.40, B=5.5",4.625100136,32.125
"Theory, Spalding k=0.40, B=5.5",4.629399776,32.15000153
"Theory, Spalding k=0.40, B=5.5",4.633699894,32.17499924
"Theory, Spalding k=0.40, B=5.5",4.638100147,32.20000076
"Theory, Spalding k=0.40, B=5.5",4.642399788,32.22499847
"Theory, Spalding k=0.40, B=5.5",4.646800041,32.25
"Theory, Spalding k=0.40, B=5.5",4.651100159,32.27500153
"Theory, Spalding k=0.40, B=5.5",4.655499935,32.29999924
"Theory, Spalding k=0.40, B=5.5",4.659800053,32.32500076
"Theory, Spalding k=0.40, B=5.5",4.66410017,32.34999847
"Theory, Spalding k=0.40, B=5.5",4.668499947,32.375
"Theory, Spalding k=0.40, B=5.5",4.672800064,32.40000153
"Theory, Spalding k=0.40, B=5.5",4.677199841,32.42499924
"Theory, Spalding k=0.40, B=5.5",4.681499958,32.45000076
"Theory, Spalding k=0.40, B=5.5",4.685900211,32.47499847
"Theory, Spalding k=0.40, B=5.5",4.690199852,32.5
"Theory, Spalding k=0.40, B=5.5",4.694600105,32.52500153
"Theory, Spalding k=0.40, B=5.5",4.698900223,32.54999924
"Theory, Spalding k=0.40, B=5.5",4.703199863,32.57500076
"Theory, Spalding k=0.40, B=5.5",4.707600117,32.59999847
"Theory, Spalding k=0.40, B=5.5",4.711900234,32.625
"Theory, Spalding k=0.40, B=5.5",4.716300011,32.65000153
"Theory, Spalding k=0.40, B=5.5",4.720600128,32.67499924
"Theory, Spalding k=0.40, B=5.5",4.724999905,32.70000076
"Theory, Spalding k=0.40, B=5.5",4.729300022,32.72499847
"Theory, Spalding k=0.40, B=5.5",4.733699799,32.75
"Theory, Spalding k=0.40, B=5.5",4.737999916,32.77500153
"Theory, Spalding k=0.40, B=5.5",4.742300034,32.79999924
"Theory, Spalding k=0.40, B=5.5",4.74669981,32.82500076
"Theory, Spalding k=0.40, B=5.5",4.750999928,32.84999847
"Theory, Spalding k=0.40, B=5.5",4.755400181,32.875
"Theory, Spalding k=0.40, B=5.5",4.759699821,32.90000153
"Theory, Spalding k=0.40, B=5.5",4.764100075,32.92499924
"Theory, Spalding k=0.40, B=5.5",4.768400192,32.95000076
"Theory, Spalding k=0.40, B=5.5",4.772699833,32.97499847
"Theory, Spalding k=0.40, B=5.5",4.777100086,33.0
"Theory, Spalding k=0.40, B=5.5",4.781400204,33.02500153
"Theory, Spalding k=0.40, B=5.5",4.78579998,33.04999924
"Theory, Spalding k=0.40, B=5.5",4.790100098,33.07500076
"Theory, Spalding k=0.40, B=5.5",4.794499874,33.09999847
"Theory, Spalding k=0.40, B=5.5",4.798799992,33.125
"Theory, Spalding k=0.40, B=5.5",4.803199768,33.15000153
"Theory, Spalding k=0.40, B=5.5",4.807499886,33.17499924
"Theory, Spalding k=0.40, B=5.5",4.811800003,33.20000076
"Theory, Spalding k=0.40, B=5.5",4.81619978,33.22499847
"Theory, Spalding k=0.40, B=5.5",4.820499897,33.25
"Theory, Spalding k=0.40, B=5.5",4.82490015,33.27500153
"Theory, Spalding k=0.40, B=5.5",4.829199791,33.29999924
"Theory, Spalding k=0.40, B=5.5",4.833600044,33.32500076
"Theory, Spalding k=0.40, B=5.5",4.837900162,33.34999847
"Theory, Spalding k=0.40, B=5.5",4.842199802,33.375
"Theory, Spalding k=0.40, B=5.5",4.846600056,33.40000153
"Theory, Spalding k=0.40, B=5.5",4.850900173,33.42499924
"Theory, Spalding k=0.40, B=5.5",4.85529995,33.45000076
"Theory, Spalding k=0.40, B=5.5",4.859600067,33.47499847
"Theory, Spalding k=0.40, B=5.5",4.863999844,33.5
"Theory, Spalding k=0.40, B=5.5",4.868299961,33.52500153
"Theory, Spalding k=0.40, B=5.5",4.872700214,33.54999924
"Theory, Spalding k=0.40, B=5.5",4.876999855,33.57500076
"Theory, Spalding k=0.40, B=5.5",4.881299973,33.59999847
"Theory, Spalding k=0.40, B=5.5",4.885700226,33.625
"Theory, Spalding k=0.40, B=5.5",4.889999866,33.65000153
"Theory, Spalding k=0.40, B=5.5",4.89440012,33.67499924
"Theory, Spalding k=0.40, B=5.5",4.898700237,33.70000076
"Theory, Spalding k=0.40, B=5.5",4.903100014,33.72499847
"Theory, Spalding k=0.40, B=5.5",4.907400131,33.75
"Theory, Spalding k=0.40, B=5.5",4.911699772,33.77500153
"Theory, Spalding k=0.40, B=5.5",4.916100025,33.79999924
"Theory, Spalding k=0.40, B=5.5",4.920400143,33.82500076
"Theory, Spalding k=0.40, B=5.5",4.924799919,33.84999847
"Theory, Spalding k=0.40, B=5.5",4.929100037,33.875
"Theory, Spalding k=0.40, B=5.5",4.933499813,33.90000153
"Theory, Spalding k=0.40, B=5.5",4.937799931,33.92499924
"Theory, Spalding k=0.40, B=5.5",4.942200184,33.95000076
"Theory, Spalding k=0.40, B=5.5",4.946499825,33.97499847
"Theory, Spalding k=0.40, B=5.5",4.950799942,34.0
"Theory, Spalding k=0.40, B=5.5",4.955200195,34.02500153
"Theory, Spalding k=0.40, B=5.5",4.959499836,34.04999924
"Theory, Spalding k=0.40, B=5.5",4.963900089,34.07500076
"Theory, Spalding k=0.40, B=5.5",4.968200207,34.09999847
"Theory, Spalding k=0.40, B=5.5",4.972599983,34.125
"Theory, Spalding k=0.40, B=5.5",4.976900101,34.15000153
"Theory, Spalding k=0.40, B=5.5",4.981200218,34.17499924
"Theory, Spalding k=0.40, B=5.5",4.985599995,34.20000076
"Theory, Spalding k=0.40, B=5.5",4.989900112,34.22499847
"Theory, Spalding k=0.40, B=5.5",4.994299889,34.25
"Theory, Spalding k=0.40, B=5.5",4.998600006,34.27500153
"Theory, Spalding k=0.40, B=5.5",5.002999783,34.29999924
"Theory, Spalding k=0.40, B=5.5",5.0072999,34.32500076
"Theory, Spalding k=0.40, B=5.5",5.011600018,34.34999847
"Theory, Spalding k=0.40, B=5.5",5.015999794,34.375
"Theory, Spalding k=0.40, B=5.5",5.020299911,34.40000153
"Theory, Spalding k=0.40, B=5.5",5.024700165,34.42499924
"Theory, Spalding k=0.40, B=5.5",5.028999805,34.45000076
"Theory, Spalding k=0.40, B=5.5",5.033400059,34.47499847
"Theory, Spalding k=0.40, B=5.5",5.037700176,34.5
"Theory, Spalding k=0.40, B=5.5",5.042099953,34.52500153
"Theory, Spalding k=0.40, B=5.5",5.04640007,34.54999924
"Theory, Spalding k=0.40, B=5.5",5.050700188,34.57500076
"Theory, Spalding k=0.40, B=5.5",5.055099964,34.59999847
"Theory, Spalding k=0.40, B=5.5",5.059400082,34.625
"Theory, Spalding k=0.40, B=5.5",5.063799858,34.65000153
"Theory, Spalding k=0.40, B=5.5",5.068099976,34.67499924
"Theory, Spalding k=0.40, B=5.5",5.072500229,34.70000076
"Theory, Spalding k=0.40, B=5.5",5.07679987,34.72499847
"Theory, Spalding k=0.40, B=5.5",5.081099987,34.75
"Theory, Spalding k=0.40, B=5.5",5.085499763,34.77500153
"Theory, Spalding k=0.40, B=5.5",5.089799881,34.79999924
"Theory, Spalding k=0.40, B=5.5",5.094200134,34.82500076
"Theory, Spalding k=0.40, B=5.5",5.098499775,34.84999847
"Theory, Spalding k=0.40, B=5.5",5.102900028,34.875
"Theory, Spalding k=0.40, B=5.5",5.107200146,34.90000153
"Theory, Spalding k=0.40, B=5.5",5.111599922,34.92499924
"Theory, Spalding k=0.40, B=5.5",5.11590004,34.95000076
"Theory, Spalding k=0.40, B=5.5",5.120200157,34.97499847
"Theory, Spalding k=0.40, B=5.5",5.124599934,35.0
"Theory, Spalding k=0.40, B=5.5",5.128900051,35.02500153
"Theory, Spalding k=0.40, B=5.5",5.133299828,35.04999924
"Theory, Spalding k=0.40, B=5.5",5.137599945,35.07500076
"Theory, Spalding k=0.40, B=5.5",5.142000198,35.09999847
"Theory, Spalding k=0.40, B=5.5",5.146299839,35.125
"Theory, Spalding k=0.40, B=5.5",5.150599957,35.15000153
"Theory, Spalding k=0.40, B=5.5",5.15500021,35.17499924
"Theory, Spalding k=0.40, B=5.5",5.15929985,35.20000076
"Theory, Spalding k=0.40, B=5.5",5.163700104,35.22499847
"Theory, Spalding k=0.40, B=5.5",5.168000221,35.25
"Theory, Spalding k=0.40, B=5.5",5.172399998,35.27500153
"Theory, Spalding k=0.40, B=5.5",5.176700115,35.29999924
"Theory, Spalding k=0.40, B=5.5",5.181000233,35.32500076
"Theory, Spalding k=0.40, B=5.5",5.185400009,35.34999847
"Theory, Spalding k=0.40, B=5.5",5.189700127,35.375
"Theory, Spalding k=0.40, B=5.5",5.194099903,35.40000153
"Theory, Spalding k=0.40, B=5.5",5.198400021,35.42499924
"Theory, Spalding k=0.40, B=5.5",5.202799797,35.45000076
"Theory, Spalding k=0.40, B=5.5",5.207099915,35.47499847
"Theory, Spalding k=0.40, B=5.5",5.211500168,35.5
"Theory, Spalding k=0.40, B=5.5",5.215799809,35.52500153
"Theory, Spalding k=0.40, B=5.5",5.220099926,35.54999924
"Theory, Spalding k=0.40, B=5.5",5.224500179,35.57500076
"Theory, Spalding k=0.40, B=5.5",5.22879982,35.59999847
"Theory, Spalding k=0.40, B=5.5",5.233200073,35.625
"Theory, Spalding k=0.40, B=5.5",5.237500191,35.65000153
"Theory, Spalding k=0.40, B=5.5",5.241899967,35.67499924
"Theory, Spalding k=0.40, B=5.5",5.246200085,35.70000076
"Theory, Spalding k=0.40, B=5.5",5.250500202,35.72499847
"Theory, Spalding k=0.40, B=5.5",5.254899979,35.75
"Theory, Spalding k=0.40, B=5.5",5.259200096,35.77500153
"Theory, Spalding k=0.40, B=5.5",5.263599873,35.79999924
"Theory, Spalding k=0.40, B=5.5",5.26789999,35.82500076
"Theory, Spalding k=0.40, B=5.5",5.272299767,35.84999847
"Theory, Spalding k=0.40, B=5.5",5.276599884,35.875
"Theory, Spalding k=0.40, B=5.5",5.280900002,35.90000153
"Theory, Spalding k=0.40, B=5.5",5.285299778,35.92499924
"Theory, Spalding k=0.40, B=5.5",5.289599895,35.95000076
"Theory, Spalding k=0.40, B=5.5",5.294000149,35.97499847
"Theory, Spalding k=0.40, B=5.5",5.298299789,36.0
"Theory, Spalding k=0.40, B=5.5",5.302700043,36.02500153
"Theory, Spalding k=0.40, B=5.5",5.30700016,36.04999924
"Theory, Spalding k=0.40, B=5.5",5.311399937,36.07500076
"Theory, Spalding k=0.40, B=5.5",5.315700054,36.09999847
"Theory, Spalding k=0.40, B=5.5",5.320000172,36.125
"Theory, Spalding k=0.40, B=5.5",5.324399948,36.15000153
"Theory, Spalding k=0.40, B=5.5",5.328700066,36.17499924
"Theory, Spalding k=0.40, B=5.5",5.333099842,36.20000076
"Theory, Spalding k=0.40, B=5.5",5.33739996,36.22499847
"Theory, Spalding k=0.40, B=5.5",5.341800213,36.25
"Theory, Spalding k=0.40, B=5.5",5.346099854,36.27500153
"Theory, Spalding k=0.40, B=5.5",5.350399971,36.29999924
"Theory, Spalding k=0.40, B=5.5",5.354800224,36.32500076
"Theory, Spalding k=0.40, B=5.5",5.359099865,36.34999847
"Theory, Spalding k=0.40, B=5.5",5.363500118,36.375
"Theory, Spalding k=0.40, B=5.5",5.367800236,36.40000153
"Theory, Spalding k=0.40, B=5.5",5.372200012,36.42499924
"Theory, Spalding k=0.40, B=5.5",5.37650013,36.45000076
"Theory, Spalding k=0.40, B=5.5",5.38079977,36.47499847
"Theory, Spalding k=0.40, B=5.5",5.385200024,36.5
"Theory, Spalding k=0.40, B=5.5",5.389500141,36.52500153
"Theory, Spalding k=0.40, B=5.5",5.393899918,36.54999924
"Theory, Spalding k=0.40, B=5.5",5.398200035,36.57500076
"Theory, Spalding k=0.40, B=5.5",5.402599812,36.59999847
"Theory, Spalding k=0.40, B=5.5",5.406899929,36.625
"Theory, Spalding k=0.40, B=5.5",5.411200047,36.65000153
"Theory, Spalding k=0.40, B=5.5",5.415599823,36.67499924
"Theory, Spalding k=0.40, B=5.5",5.41989994,36.70000076
"Theory, Spalding k=0.40, B=5.5",5.424300194,36.72499847
"Theory, Spalding k=0.40, B=5.5",5.428599834,36.75
"Theory, Spalding k=0.40, B=5.5",5.433000088,36.77500153
"Theory, Spalding k=0.40, B=5.5",5.437300205,36.79999924
"Theory, Spalding k=0.40, B=5.5",5.441699982,36.82500076
"Theory, Spalding k=0.40, B=5.5",5.446000099,36.84999847
"Theory, Spalding k=0.40, B=5.5",5.450300217,36.875
"Theory, Spalding k=0.40, B=5.5",5.454699993,36.90000153
"Theory, Spalding k=0.40, B=5.5",5.459000111,36.92499924
"Theory, Spalding k=0.40, B=5.5",5.463399887,36.95000076
"Theory, Spalding k=0.40, B=5.5",5.467700005,36.97499847
"Theory, Spalding k=0.40, B=5.5",5.472099781,37.0
"Theory, Spalding k=0.40, B=5.5",5.476399899,37.02500153
"Theory, Spalding k=0.40, B=5.5",5.480700016,37.04999924
"Theory, Spalding k=0.40, B=5.5",5.485099792,37.07500076
"Theory, Spalding k=0.40, B=5.5",5.48939991,37.09999847
"Theory, Spalding k=0.40, B=5.5",5.493800163,37.125
"Theory, Spalding k=0.40, B=5.5",5.498099804,37.15000153
"Theory, Spalding k=0.40, B=5.5",5.502500057,37.17499924
"Theory, Spalding k=0.40, B=5.5",5.506800175,37.20000076
"Theory, Spalding k=0.40, B=5.5",5.511099815,37.22499847
"Theory, Spalding k=0.40, B=5.5",5.515500069,37.25
"Theory, Spalding k=0.40, B=5.5",5.519800186,37.27500153
"Theory, Spalding k=0.40, B=5.5",5.524199963,37.29999924
"Theory, Spalding k=0.40, B=5.5",5.52850008,37.32500076
"Theory, Spalding k=0.40, B=5.5",5.532899857,37.34999847
"Theory, Spalding k=0.40, B=5.5",5.537199974,37.375
"Theory, Spalding k=0.40, B=5.5",5.541500092,37.40000153
"Theory, Spalding k=0.40, B=5.5",5.545899868,37.42499924
"Theory, Spalding k=0.40, B=5.5",5.550199986,37.45000076
"Theory, Spalding k=0.40, B=5.5",5.554599762,37.47499847
"Theory, Spalding k=0.40, B=5.5",5.558899879,37.5
"Theory, Spalding k=0.40, B=5.5",5.563300133,37.52500153
"Theory, Spalding k=0.40, B=5.5",5.567599773,37.54999924
"Theory, Spalding k=0.40, B=5.5",5.572000027,37.57500076
"Theory, Spalding k=0.40, B=5.5",5.576300144,37.59999847
"Theory, Spalding k=0.40, B=5.5",5.580599785,37.625
"Theory, Spalding k=0.40, B=5.5",5.585000038,37.65000153
"Theory, Spalding k=0.40, B=5.5",5.589300156,37.67499924
"Theory, Spalding k=0.40, B=5.5",5.593699932,37.70000076
"Theory, Spalding k=0.40, B=5.5",5.59800005,37.72499847
"Theory, Spalding k=0.40, B=5.5",5.602399826,37.75
"Theory, Spalding k=0.40, B=5.5",5.606699944,37.77500153
"Theory, Spalding k=0.40, B=5.5",5.611000061,37.79999924
"Theory, Spalding k=0.40, B=5.5",5.615399837,37.82500076
"Theory, Spalding k=0.40, B=5.5",5.619699955,37.84999847
"Theory, Spalding k=0.40, B=5.5",5.624100208,37.875
"Theory, Spalding k=0.40, B=5.5",5.628399849,37.90000153
"Theory, Spalding k=0.40, B=5.5",5.632800102,37.92499924
"Theory, Spalding k=0.40, B=5.5",5.63710022,37.95000076
"Theory, Spalding k=0.40, B=5.5",5.64139986,37.97499847
"Theory, Spalding k=0.40, B=5.5",5.645800114,38.0
"Theory, Spalding k=0.40, B=5.5",5.650100231,38.02500153
"Theory, Spalding k=0.40, B=5.5",5.654500008,38.04999924
"Theory, Spalding k=0.40, B=5.5",5.658800125,38.07500076
"Theory, Spalding k=0.40, B=5.5",5.663199902,38.09999847
"Theory, Spalding k=0.40, B=5.5",5.667500019,38.125
"Theory, Spalding k=0.40, B=5.5",5.671800137,38.15000153
"Theory, Spalding k=0.40, B=5.5",5.676199913,38.17499924
"Theory, Spalding k=0.40, B=5.5",5.680500031,38.20000076
"Theory, Spalding k=0.40, B=5.5",5.684899807,38.22499847
"Theory, Spalding k=0.40, B=5.5",5.689199924,38.25
"Theory, Spalding k=0.40, B=5.5",5.693600178,38.27500153
"Theory, Spalding k=0.40, B=5.5",5.697899818,38.29999924
"Theory, Spalding k=0.40, B=5.5",5.702199936,38.32500076
"Theory, Spalding k=0.40, B=5.5",5.706600189,38.34999847
"Theory, Spalding k=0.40, B=5.5",5.71089983,38.375
"Theory, Spalding k=0.40, B=5.5",5.715300083,38.40000153
"Theory, Spalding k=0.40, B=5.5",5.719600201,38.42499924
"Theory, Spalding k=0.40, B=5.5",5.723999977,38.45000076
"Theory, Spalding k=0.40, B=5.5",5.728300095,38.47499847
"Theory, Spalding k=0.40, B=5.5",5.732699871,38.5
"Theory, Spalding k=0.40, B=5.5",5.736999989,38.52500153
"Theory, Spalding k=0.40, B=5.5",5.741300106,38.54999924
"Theory, Spalding k=0.40, B=5.5",5.745699883,38.57500076
"Theory, Spalding k=0.40, B=5.5",5.75,38.59999847
"Theory, Spalding k=0.40, B=5.5",5.754399776,38.625
"Theory, Spalding k=0.40, B=5.5",5.758699894,38.65000153
"Theory, Spalding k=0.40, B=5.5",5.763100147,38.67499924
"Theory, Spalding k=0.40, B=5.5",5.767399788,38.70000076
"Theory, Spalding k=0.40, B=5.5",5.771699905,38.72499847
"Theory, Spalding k=0.40, B=5.5",5.776100159,38.75
"Theory, Spalding k=0.40, B=5.5",5.780399799,38.77500153
"Theory, Spalding k=0.40, B=5.5",5.784800053,38.79999924
"Theory, Spalding k=0.40, B=5.5",5.78910017,38.82500076
"Theory, Spalding k=0.40, B=5.5",5.793499947,38.84999847
"Theory, Spalding k=0.40, B=5.5",5.797800064,38.875
"Theory, Spalding k=0.40, B=5.5",5.802100182,38.90000153
"Theory, Spalding k=0.40, B=5.5",5.806499958,38.92499924
"Theory, Spalding k=0.40, B=5.5",5.810800076,38.95000076
"Theory, Spalding k=0.40, B=5.5",5.815199852,38.97499847
"Theory, Spalding k=0.40, B=5.5",5.819499969,39.0
"Theory, Spalding k=0.40, B=5.5",5.823900223,39.02500153
"Theory, Spalding k=0.40, B=5.5",5.828199863,39.04999924
"Theory, Spalding k=0.40, B=5.5",5.832499981,39.07500076
"Theory, Spalding k=0.40, B=5.5",5.836900234,39.09999847
"Theory, Spalding k=0.40, B=5.5",5.841199875,39.125
"Theory, Spalding k=0.40, B=5.5",5.845600128,39.15000153
"Theory, Spalding k=0.40, B=5.5",5.849899769,39.17499924
"Theory, Spalding k=0.40, B=5.5",5.854300022,39.20000076
"Theory, Spalding k=0.40, B=5.5",5.85860014,39.22499847
"Theory, Spalding k=0.40, B=5.5",5.86289978,39.25
"Theory, Spalding k=0.40, B=5.5",5.867300034,39.27500153
"Theory, Spalding k=0.40, B=5.5",5.871600151,39.29999924
"Theory, Spalding k=0.40, B=5.5",5.875999928,39.32500076
"Theory, Spalding k=0.40, B=5.5",5.880300045,39.34999847
"Theory, Spalding k=0.40, B=5.5",5.884699821,39.375
"Theory, Spalding k=0.40, B=5.5",5.888999939,39.40000153
"Theory, Spalding k=0.40, B=5.5",5.893300056,39.42499924
"Theory, Spalding k=0.40, B=5.5",5.897699833,39.45000076
"Theory, Spalding k=0.40, B=5.5",5.90199995,39.47499847
"Theory, Spalding k=0.40, B=5.5",5.906400204,39.5
"Theory, Spalding k=0.40, B=5.5",5.910699844,39.52500153
"Theory, Spalding k=0.40, B=5.5",5.915100098,39.54999924
"Theory, Spalding k=0.40, B=5.5",5.919400215,39.57500076
"Theory, Spalding k=0.40, B=5.5",5.923799992,39.59999847
"Theory, Spalding k=0.40, B=5.5",5.928100109,39.625
"Theory, Spalding k=0.40, B=5.5",5.932400227,39.65000153
"Theory, Spalding k=0.40, B=5.5",5.936800003,39.67499924
"Theory, Spalding k=0.40, B=5.5",5.941100121,39.70000076
"Theory, Spalding k=0.40, B=5.5",5.945499897,39.72499847
"Theory, Spalding k=0.40, B=5.5",5.949800014,39.75
"Theory, Spalding k=0.40, B=5.5",5.954199791,39.77500153
"Theory, Spalding k=0.40, B=5.5",5.958499908,39.79999924
"Theory, Spalding k=0.40, B=5.5",5.962800026,39.82500076
"Theory, Spalding k=0.40, B=5.5",5.967199802,39.84999847
"Theory, Spalding k=0.40, B=5.5",5.97149992,39.875
"Theory, Spalding k=0.40, B=5.5",5.975900173,39.90000153
"Theory, Spalding k=0.40, B=5.5",5.980199814,39.92499924
"Theory, Spalding k=0.40, B=5.5",5.984600067,39.95000076
"Theory, Spalding k=0.40, B=5.5",5.988900185,39.97499847
"Theory, Spalding k=0.40, B=5.5",5.993199825,40.0
"Theory, Spalding k=0.40, B=5.5",5.997600079,40.02500153
"Theory, Spalding k=0.40, B=5.5",6.001900196,40.04999924
"Theory, Spalding k=0.41, B=5.0",-1.602100015,0.02500000037
"Theory, Spalding k=0.41, B=5.0",-1.300999999,0.05000000075
"Theory, Spalding k=0.41, B=5.0",-1.124899983,0.07500000298
"Theory, Spalding k=0.41, B=5.0",-1.0,0.1000000015
"Theory, Spalding k=0.41, B=5.0",-0.9030900002,0.125
"Theory, Spalding k=0.41, B=5.0",-0.8239099979,0.150000006
"Theory, Spalding k=0.41, B=5.0",-0.7569599748,0.174999997
"Theory, Spalding k=0.41, B=5.0",-0.6989700198,0.200000003
"Theory, Spalding k=0.41, B=5.0",-0.6478199959,0.224999994
"Theory, Spalding k=0.41, B=5.0",-0.60206002,0.25
"Theory, Spalding k=0.41, B=5.0",-0.5606700182,0.275000006
"Theory, Spalding k=0.41, B=5.0",-0.5228800178,0.3000000119
"Theory, Spalding k=0.41, B=5.0",-0.4881100059,0.3249999881
"Theory, Spalding k=0.41, B=5.0",-0.4559299946,0.349999994
"Theory, Spalding k=0.41, B=5.0",-0.4259699881,0.375
"Theory, Spalding k=0.41, B=5.0",-0.3979400098,0.400000006
"Theory, Spalding k=0.41, B=5.0",-0.3716099858,0.4250000119
"Theory, Spalding k=0.41, B=5.0",-0.3467800021,0.4499999881
"Theory, Spalding k=0.41, B=5.0",-0.323300004,0.474999994
"Theory, Spalding k=0.41, B=5.0",-0.3010199964,0.5
"Theory, Spalding k=0.41, B=5.0",-0.2798300087,0.5249999762
"Theory, Spalding k=0.41, B=5.0",-0.2596299946,0.5500000119
"Theory, Spalding k=0.41, B=5.0",-0.2403199971,0.5749999881
"Theory, Spalding k=0.41, B=5.0",-0.2218299955,0.6000000238
"Theory, Spalding k=0.41, B=5.0",-0.2040999979,0.625
"Theory, Spalding k=0.41, B=5.0",-0.1870699972,0.6499999762
"Theory, Spalding k=0.41, B=5.0",-0.1706700027,0.6750000119
"Theory, Spalding k=0.41, B=5.0",-0.1548800021,0.6999999881
"Theory, Spalding k=0.41, B=5.0",-0.1396400034,0.7250000238
"Theory, Spalding k=0.41, B=5.0",-0.124909997,0.75
"Theory, Spalding k=0.41, B=5.0",-0.1106700003,0.7749999762
"Theory, Spalding k=0.41, B=5.0",-0.09687399864,0.8000000119
"Theory, Spalding k=0.41, B=5.0",-0.08350600302,0.8249999881
"Theory, Spalding k=0.41, B=5.0",-0.07053799927,0.8500000238
"Theory, Spalding k=0.41, B=5.0",-0.05794399977,0.875
"Theory, Spalding k=0.41, B=5.0",-0.04570600018,0.8999999762
"Theory, Spalding k=0.41, B=5.0",-0.03380199894,0.9250000119
"Theory, Spalding k=0.41, B=5.0",-0.02221499942,0.9499999881
"Theory, Spalding k=0.41, B=5.0",-0.01092899963,0.9750000238
"Theory, Spalding k=0.41, B=5.0",7.161100075e-05,1.0
"Theory, Spalding k=0.41, B=5.0",0.01080099959,1.024999976
"Theory, Spalding k=0.41, B=5.0",0.02127300017,1.049999952
"Theory, Spalding k=0.41, B=5.0",0.03149800003,1.075000048
"Theory, Spalding k=0.41, B=5.0",0.04148900136,1.100000024
"Theory, Spalding k=0.41, B=5.0",0.051256001,1.125
"Theory, Spalding k=0.41, B=5.0",0.06080799922,1.149999976
"Theory, Spalding k=0.41, B=5.0",0.07015600055,1.174999952
"Theory, Spalding k=0.41, B=5.0",0.07930699736,1.200000048
"Theory, Spalding k=0.41, B=5.0",0.08827000111,1.225000024
"Theory, Spalding k=0.41, B=5.0",0.09705299884,1.25
"Theory, Spalding k=0.41, B=5.0",0.105659999,1.274999976
"Theory, Spalding k=0.41, B=5.0",0.1141000018,1.299999952
"Theory, Spalding k=0.41, B=5.0",0.122390002,1.325000048
"Theory, Spalding k=0.41, B=5.0",0.1305200011,1.350000024
"Theory, Spalding k=0.41, B=5.0",0.138500005,1.375
"Theory, Spalding k=0.41, B=5.0",0.146329999,1.399999976
"Theory, Spalding k=0.41, B=5.0",0.1540299952,1.424999952
"Theory, Spalding k=0.41, B=5.0",0.1615999937,1.450000048
"Theory, Spalding k=0.41, B=5.0",0.1690299958,1.475000024
"Theory, Spalding k=0.41, B=5.0",0.1763399988,1.5
"Theory, Spalding k=0.41, B=5.0",0.1835400015,1.524999976
"Theory, Spalding k=0.41, B=5.0",0.1906100065,1.549999952
"Theory, Spalding k=0.41, B=5.0",0.1975699961,1.575000048
"Theory, Spalding k=0.41, B=5.0",0.204429999,1.600000024
"Theory, Spalding k=0.41, B=5.0",0.2111800015,1.625
"Theory, Spalding k=0.41, B=5.0",0.2178200036,1.649999976
"Theory, Spalding k=0.41, B=5.0",0.2243700027,1.674999952
"Theory, Spalding k=0.41, B=5.0",0.2308200002,1.700000048
"Theory, Spalding k=0.41, B=5.0",0.2371799946,1.725000024
"Theory, Spalding k=0.41, B=5.0",0.2434500009,1.75
"Theory, Spalding k=0.41, B=5.0",0.2496300042,1.774999976
"Theory, Spalding k=0.41, B=5.0",0.2557199895,1.799999952
"Theory, Spalding k=0.41, B=5.0",0.2617299855,1.825000048
"Theory, Spalding k=0.41, B=5.0",0.267659992,1.850000024
"Theory, Spalding k=0.41, B=5.0",0.2735100091,1.875
"Theory, Spalding k=0.41, B=5.0",0.2792899907,1.899999976
"Theory, Spalding k=0.41, B=5.0",0.2849900126,1.924999952
"Theory, Spalding k=0.41, B=5.0",0.2906099856,1.950000048
"Theory, Spalding k=0.41, B=5.0",0.2961699963,1.975000024
"Theory, Spalding k=0.41, B=5.0",0.3016600013,2.0
"Theory, Spalding k=0.41, B=5.0",0.3070800006,2.025000095
"Theory, Spalding k=0.41, B=5.0",0.3124299943,2.049999952
"Theory, Spalding k=0.41, B=5.0",0.317719996,2.075000048
"Theory, Spalding k=0.41, B=5.0",0.3229500055,2.099999905
"Theory, Spalding k=0.41, B=5.0",0.3281199932,2.125
"Theory, Spalding k=0.41, B=5.0",0.3332299888,2.150000095
"Theory, Spalding k=0.41, B=5.0",0.3382799923,2.174999952
"Theory, Spalding k=0.41, B=5.0",0.3432700038,2.200000048
"Theory, Spalding k=0.41, B=5.0",0.348210007,2.224999905
"Theory, Spalding k=0.41, B=5.0",0.3530899882,2.25
"Theory, Spalding k=0.41, B=5.0",0.3579300046,2.275000095
"Theory, Spalding k=0.41, B=5.0",0.3627099991,2.299999952
"Theory, Spalding k=0.41, B=5.0",0.3674399853,2.325000048
"Theory, Spalding k=0.41, B=5.0",0.372119993,2.349999905
"Theory, Spalding k=0.41, B=5.0",0.3767499924,2.375
"Theory, Spalding k=0.41, B=5.0",0.3813300133,2.400000095
"Theory, Spalding k=0.41, B=5.0",0.3858700097,2.424999952
"Theory, Spalding k=0.41, B=5.0",0.3903599977,2.450000048
"Theory, Spalding k=0.41, B=5.0",0.3948099911,2.474999905
"Theory, Spalding k=0.41, B=5.0",0.3992199898,2.5
"Theory, Spalding k=0.41, B=5.0",0.4035800099,2.525000095
"Theory, Spalding k=0.41, B=5.0",0.4079000056,2.549999952
"Theory, Spalding k=0.41, B=5.0",0.4121899903,2.575000048
"Theory, Spalding k=0.41, B=5.0",0.4164299965,2.599999905
"Theory, Spalding k=0.41, B=5.0",0.420630008,2.625
"Theory, Spalding k=0.41, B=5.0",0.424789995,2.650000095
"Theory, Spalding k=0.41, B=5.0",0.4289200008,2.674999952
"Theory, Spalding k=0.41, B=5.0",0.4330100119,2.700000048
"Theory, Spalding k=0.41, B=5.0",0.4370599985,2.724999905
"Theory, Spalding k=0.41, B=5.0",0.441080004,2.75
"Theory, Spalding k=0.41, B=5.0",0.4450600147,2.775000095
"Theory, Spalding k=0.41, B=5.0",0.4490100145,2.799999952
"Theory, Spalding k=0.41, B=5.0",0.4529199898,2.825000048
"Theory, Spalding k=0.41, B=5.0",0.4568000138,2.849999905
"Theory, Spalding k=0.41, B=5.0",0.460649997,2.875
"Theory, Spalding k=0.41, B=5.0",0.4644699991,2.900000095
"Theory, Spalding k=0.41, B=5.0",0.4682599902,2.924999952
"Theory, Spalding k=0.41, B=5.0",0.4720099866,2.950000048
"Theory, Spalding k=0.41, B=5.0",0.4757399857,2.974999905
"Theory, Spalding k=0.41, B=5.0",0.4794400036,3.0
"Theory, Spalding k=0.41, B=5.0",0.4831100106,3.025000095
"Theory, Spalding k=0.41, B=5.0",0.4867500067,3.049999952
"Theory, Spalding k=0.41, B=5.0",0.4903599918,3.075000048
"Theory, Spalding k=0.41, B=5.0",0.4939399958,3.099999905
"Theory, Spalding k=0.41, B=5.0",0.4975000024,3.125
"Theory, Spalding k=0.41, B=5.0",0.5010300279,3.150000095
"Theory, Spalding k=0.41, B=5.0",0.5045400262,3.174999952
"Theory, Spalding k=0.41, B=5.0",0.5080100298,3.200000048
"Theory, Spalding k=0.41, B=5.0",0.5114700198,3.224999905
"Theory, Spalding k=0.41, B=5.0",0.5149000287,3.25
"Theory, Spalding k=0.41, B=5.0",0.5182999969,3.275000095
"Theory, Spalding k=0.41, B=5.0",0.521690011,3.299999952
"Theory, Spalding k=0.41, B=5.0",0.5250399709,3.325000048
"Theory, Spalding k=0.41, B=5.0",0.5283799767,3.349999905
"Theory, Spalding k=0.41, B=5.0",0.5316900015,3.375
"Theory, Spalding k=0.41, B=5.0",0.5349799991,3.400000095
"Theory, Spalding k=0.41, B=5.0",0.5382500291,3.424999952
"Theory, Spalding k=0.41, B=5.0",0.5414999723,3.450000048
"Theory, Spalding k=0.41, B=5.0",0.5447199941,3.474999905
"Theory, Spalding k=0.41, B=5.0",0.5479300022,3.5
"Theory, Spalding k=0.41, B=5.0",0.5511100292,3.525000095
"Theory, Spalding k=0.41, B=5.0",0.5542700291,3.549999952
"Theory, Spalding k=0.41, B=5.0",0.5574200153,3.575000048
"Theory, Spalding k=0.41, B=5.0",0.5605400205,3.599999905
"Theory, Spalding k=0.41, B=5.0",0.5636399984,3.625
"Theory, Spalding k=0.41, B=5.0",0.5667300224,3.650000095
"Theory, Spalding k=0.41, B=5.0",0.5698000193,3.674999952
"Theory, Spalding k=0.41, B=5.0",0.5728499889,3.700000048
"Theory, Spalding k=0.41, B=5.0",0.5758799911,3.724999905
"Theory, Spalding k=0.41, B=5.0",0.5788900256,3.75
"Theory, Spalding k=0.41, B=5.0",0.581889987,3.775000095
"Theory, Spalding k=0.41, B=5.0",0.5848600268,3.799999952
"Theory, Spalding k=0.41, B=5.0",0.5878300071,3.825000048
"Theory, Spalding k=0.41, B=5.0",0.5907700062,3.849999905
"Theory, Spalding k=0.41, B=5.0",0.5936999917,3.875
"Theory, Spalding k=0.41, B=5.0",0.5966100097,3.900000095
"Theory, Spalding k=0.41, B=5.0",0.5995100141,3.924999952
"Theory, Spalding k=0.41, B=5.0",0.6023899913,3.950000048
"Theory, Spalding k=0.41, B=5.0",0.605250001,3.974999905
"Theory, Spalding k=0.41, B=5.0",0.608099997,4.0
"Theory, Spalding k=0.41, B=5.0",0.6109399796,4.025000095
"Theory, Spalding k=0.41, B=5.0",0.6137599945,4.050000191
"Theory, Spalding k=0.41, B=5.0",0.6165599823,4.074999809
"Theory, Spalding k=0.41, B=5.0",0.6193500161,4.099999905
"Theory, Spalding k=0.41, B=5.0",0.6221299767,4.125
"Theory, Spalding k=0.41, B=5.0",0.6248900294,4.150000095
"Theory, Spalding k=0.41, B=5.0",0.6276400089,4.175000191
"Theory, Spalding k=0.41, B=5.0",0.6303799748,4.199999809
"Theory, Spalding k=0.41, B=5.0",0.6330999732,4.224999905
"Theory, Spalding k=0.41, B=5.0",0.6358100176,4.25
"Theory, Spalding k=0.41, B=5.0",0.6385099888,4.275000095
"Theory, Spalding k=0.41, B=5.0",0.6411899924,4.300000191
"Theory, Spalding k=0.41, B=5.0",0.6438699961,4.324999809
"Theory, Spalding k=0.41, B=5.0",0.6465299726,4.349999905
"Theory, Spalding k=0.41, B=5.0",0.6491799951,4.375
"Theory, Spalding k=0.41, B=5.0",0.6518099904,4.400000095
"Theory, Spalding k=0.41, B=5.0",0.6544399858,4.425000191
"Theory, Spalding k=0.41, B=5.0",0.6570500135,4.449999809
"Theory, Spalding k=0.41, B=5.0",0.6596500278,4.474999905
"Theory, Spalding k=0.41, B=5.0",0.6622400284,4.5
"Theory, Spalding k=0.41, B=5.0",0.6648200154,4.525000095
"Theory, Spalding k=0.41, B=5.0",0.6673899889,4.550000191
"Theory, Spalding k=0.41, B=5.0",0.6699500084,4.574999809
"Theory, Spalding k=0.41, B=5.0",0.6725000143,4.599999905
"Theory, Spalding k=0.41, B=5.0",0.6750299931,4.625
"Theory, Spalding k=0.41, B=5.0",0.6775599718,4.650000095
"Theory, Spalding k=0.41, B=5.0",0.6800799966,4.675000191
"Theory, Spalding k=0.41, B=5.0",0.6825900078,4.699999809
"Theory, Spalding k=0.41, B=5.0",0.6850900054,4.724999905
"Theory, Spalding k=0.41, B=5.0",0.6875799894,4.75
"Theory, Spalding k=0.41, B=5.0",0.6900500059,4.775000095
"Theory, Spalding k=0.41, B=5.0",0.6925299764,4.800000191
"Theory, Spalding k=0.41, B=5.0",0.6949899793,4.824999809
"Theory, Spalding k=0.41, B=5.0",0.6974400282,4.849999905
"Theory, Spalding k=0.41, B=5.0",0.6998800039,4.875
"Theory, Spalding k=0.41, B=5.0",0.7023199797,4.900000095
"Theory, Spalding k=0.41, B=5.0",0.7047500014,4.925000191
"Theory, Spalding k=0.41, B=5.0",0.707159996,4.949999809
"Theory, Spalding k=0.41, B=5.0",0.7095699906,4.974999905
"Theory, Spalding k=0.41, B=5.0",0.7119799852,5.0
"Theory, Spalding k=0.41, B=5.0",0.7143700123,5.025000095
"Theory, Spalding k=0.41, B=5.0",0.7167599797,5.050000191
"Theory, Spalding k=0.41, B=5.0",0.7191399932,5.074999809
"Theory, Spalding k=0.41, B=5.0",0.7215099931,5.099999905
"Theory, Spalding k=0.41, B=5.0",0.7238699794,5.125
"Theory, Spalding k=0.41, B=5.0",0.7262300253,5.150000095
"Theory, Spalding k=0.41, B=5.0",0.728579998,5.175000191
"Theory, Spalding k=0.41, B=5.0",0.7309200168,5.199999809
"Theory, Spalding k=0.41, B=5.0",0.7332599759,5.224999905
"Theory, Spalding k=0.41, B=5.0",0.7355899811,5.25
"Theory, Spalding k=0.41, B=5.0",0.7379099727,5.275000095
"Theory, Spalding k=0.41, B=5.0",0.7402300239,5.300000191
"Theory, Spalding k=0.41, B=5.0",0.7425400019,5.324999809
"Theory, Spalding k=0.41, B=5.0",0.7448400259,5.349999905
"Theory, Spalding k=0.41, B=5.0",0.7471399903,5.375
"Theory, Spalding k=0.41, B=5.0",0.7494300008,5.400000095
"Theory, Spalding k=0.41, B=5.0",0.7517200112,5.425000191
"Theory, Spalding k=0.41, B=5.0",0.7540000081,5.449999809
"Theory, Spalding k=0.41, B=5.0",0.756280005,5.474999905
"Theory, Spalding k=0.41, B=5.0",0.7585499883,5.5
"Theory, Spalding k=0.41, B=5.0",0.7608100176,5.525000095
"Theory, Spalding k=0.41, B=5.0",0.7630699873,5.550000191
"Theory, Spalding k=0.41, B=5.0",0.765320003,5.574999809
"Theory, Spalding k=0.41, B=5.0",0.7675700188,5.599999905
"Theory, Spalding k=0.41, B=5.0",0.7698100209,5.625
"Theory, Spalding k=0.41, B=5.0",0.7720500231,5.650000095
"Theory, Spalding k=0.41, B=5.0",0.7742900252,5.675000191
"Theory, Spalding k=0.41, B=5.0",0.7765100002,5.699999809
"Theory, Spalding k=0.41, B=5.0",0.7787399888,5.724999905
"Theory, Spalding k=0.41, B=5.0",0.7809600234,5.75
"Theory, Spalding k=0.41, B=5.0",0.7831799984,5.775000095
"Theory, Spalding k=0.41, B=5.0",0.7853900194,5.800000191
"Theory, Spalding k=0.41, B=5.0",0.7875999808,5.824999809
"Theory, Spalding k=0.41, B=5.0",0.7897999883,5.849999905
"Theory, Spalding k=0.41, B=5.0",0.7919999957,5.875
"Theory, Spalding k=0.41, B=5.0",0.7941899896,5.900000095
"Theory, Spalding k=0.41, B=5.0",0.796389997,5.925000191
"Theory, Spalding k=0.41, B=5.0",0.7985799909,5.949999809
"Theory, Spalding k=0.41, B=5.0",0.8007599711,5.974999905
"Theory, Spalding k=0.41, B=5.0",0.802940011,6.0
"Theory, Spalding k=0.41, B=5.0",0.8051199913,6.025000095
"Theory, Spalding k=0.41, B=5.0",0.8072999716,6.050000191
"Theory, Spalding k=0.41, B=5.0",0.8094699979,6.074999809
"Theory, Spalding k=0.41, B=5.0",0.8116400242,6.099999905
"Theory, Spalding k=0.41, B=5.0",0.8137999773,6.125
"Theory, Spalding k=0.41, B=5.0",0.8159700036,6.150000095
"Theory, Spalding k=0.41, B=5.0",0.8181300163,6.175000191
"Theory, Spalding k=0.41, B=5.0",0.8202800155,6.199999809
"Theory, Spalding k=0.41, B=5.0",0.8224400282,6.224999905
"Theory, Spalding k=0.41, B=5.0",0.8245900273,6.25
"Theory, Spalding k=0.41, B=5.0",0.8267400265,6.275000095
"Theory, Spalding k=0.41, B=5.0",0.8288900256,6.300000191
"Theory, Spalding k=0.41, B=5.0",0.8310400248,6.324999809
"Theory, Spalding k=0.41, B=5.0",0.8331800103,6.349999905
"Theory, Spalding k=0.41, B=5.0",0.8353199959,6.375
"Theory, Spalding k=0.41, B=5.0",0.8374599814,6.400000095
"Theory, Spalding k=0.41, B=5.0",0.8396000266,6.425000191
"Theory, Spalding k=0.41, B=5.0",0.8417299986,6.449999809
"Theory, Spalding k=0.41, B=5.0",0.8438699841,6.474999905
"Theory, Spalding k=0.41, B=5.0",0.8460000157,6.5
"Theory, Spalding k=0.41, B=5.0",0.8481299877,6.525000095
"Theory, Spalding k=0.41, B=5.0",0.8502600193,6.550000191
"Theory, Spalding k=0.41, B=5.0",0.8523899913,6.574999809
"Theory, Spalding k=0.41, B=5.0",0.8545200229,6.599999905
"Theory, Spalding k=0.41, B=5.0",0.8566499949,6.625
"Theory, Spalding k=0.41, B=5.0",0.8587700129,6.650000095
"Theory, Spalding k=0.41, B=5.0",0.8608899713,6.675000191
"Theory, Spalding k=0.41, B=5.0",0.8630200028,6.699999809
"Theory, Spalding k=0.41, B=5.0",0.8651400208,6.724999905
"Theory, Spalding k=0.41, B=5.0",0.8672599792,6.75
"Theory, Spalding k=0.41, B=5.0",0.8693799973,6.775000095
"Theory, Spalding k=0.41, B=5.0",0.8715000153,6.800000191
"Theory, Spalding k=0.41, B=5.0",0.8736199737,6.824999809
"Theory, Spalding k=0.41, B=5.0",0.8757399917,6.849999905
"Theory, Spalding k=0.41, B=5.0",0.8778600097,6.875
"Theory, Spalding k=0.41, B=5.0",0.8799800277,6.900000095
"Theory, Spalding k=0.41, B=5.0",0.8820999861,6.925000191
"Theory, Spalding k=0.41, B=5.0",0.8842200041,6.949999809
"Theory, Spalding k=0.41, B=5.0",0.8863400221,6.974999905
"Theory, Spalding k=0.41, B=5.0",0.8884500265,7.0
"Theory, Spalding k=0.41, B=5.0",0.8905699849,7.025000095
"Theory, Spalding k=0.41, B=5.0",0.8926900029,7.050000191
"Theory, Spalding k=0.41, B=5.0",0.8948100209,7.074999809
"Theory, Spalding k=0.41, B=5.0",0.8969299793,7.099999905
"Theory, Spalding k=0.41, B=5.0",0.8990499973,7.125
"Theory, Spalding k=0.41, B=5.0",0.9011700153,7.150000095
"Theory, Spalding k=0.41, B=5.0",0.9032899737,7.175000191
"Theory, Spalding k=0.41, B=5.0",0.9054099917,7.199999809
"Theory, Spalding k=0.41, B=5.0",0.9075400233,7.224999905
"Theory, Spalding k=0.41, B=5.0",0.9096599817,7.25
"Theory, Spalding k=0.41, B=5.0",0.9117799997,7.275000095
"Theory, Spalding k=0.41, B=5.0",0.9139099717,7.300000191
"Theory, Spalding k=0.41, B=5.0",0.9160299897,7.324999809
"Theory, Spalding k=0.41, B=5.0",0.9181600213,7.349999905
"Theory, Spalding k=0.41, B=5.0",0.9202899933,7.375
"Theory, Spalding k=0.41, B=5.0",0.9224200249,7.400000095
"Theory, Spalding k=0.41, B=5.0",0.9245499969,7.425000191
"Theory, Spalding k=0.41, B=5.0",0.9266800284,7.449999809
"Theory, Spalding k=0.41, B=5.0",0.9288100004,7.474999905
"Theory, Spalding k=0.41, B=5.0",0.930949986,7.5
"Theory, Spalding k=0.41, B=5.0",0.9330899715,7.525000095
"Theory, Spalding k=0.41, B=5.0",0.9352300167,7.550000191
"Theory, Spalding k=0.41, B=5.0",0.9373700023,7.574999809
"Theory, Spalding k=0.41, B=5.0",0.9395099878,7.599999905
"Theory, Spalding k=0.41, B=5.0",0.9416499734,7.625
"Theory, Spalding k=0.41, B=5.0",0.9437999725,7.650000095
"Theory, Spalding k=0.41, B=5.0",0.9459400177,7.675000191
"Theory, Spalding k=0.41, B=5.0",0.9480900168,7.699999809
"Theory, Spalding k=0.41, B=5.0",0.9502500296,7.724999905
"Theory, Spalding k=0.41, B=5.0",0.9524000287,7.75
"Theory, Spalding k=0.41, B=5.0",0.9545599818,7.775000095
"Theory, Spalding k=0.41, B=5.0",0.9567199945,7.800000191
"Theory, Spalding k=0.41, B=5.0",0.9588800073,7.824999809
"Theory, Spalding k=0.41, B=5.0",0.96104002,7.849999905
"Theory, Spalding k=0.41, B=5.0",0.9632099867,7.875
"Theory, Spalding k=0.41, B=5.0",0.965380013,7.900000095
"Theory, Spalding k=0.41, B=5.0",0.9675499797,7.925000191
"Theory, Spalding k=0.41, B=5.0",0.969720006,7.949999809
"Theory, Spalding k=0.41, B=5.0",0.9718999863,7.974999905
"Theory, Spalding k=0.41, B=5.0",0.9740800261,8.0
"Theory, Spalding k=0.41, B=5.0",0.9762600064,8.024999619
"Theory, Spalding k=0.41, B=5.0",0.9784500003,8.050000191
"Theory, Spalding k=0.41, B=5.0",0.9806399941,8.074999809
"Theory, Spalding k=0.41, B=5.0",0.982829988,8.100000381
"Theory, Spalding k=0.41, B=5.0",0.9850299954,8.125
"Theory, Spalding k=0.41, B=5.0",0.9872199893,8.149999619
"Theory, Spalding k=0.41, B=5.0",0.9894300103,8.175000191
"Theory, Spalding k=0.41, B=5.0",0.9916300178,8.199999809
"Theory, Spalding k=0.41, B=5.0",0.9938399792,8.225000381
"Theory, Spalding k=0.41, B=5.0",0.9960500002,8.25
"Theory, Spalding k=0.41, B=5.0",0.9982699752,8.274999619
"Theory, Spalding k=0.41, B=5.0",1.000499964,8.300000191
"Theory, Spalding k=0.41, B=5.0",1.002699971,8.324999809
"Theory, Spalding k=0.41, B=5.0",1.004899979,8.350000381
"Theory, Spalding k=0.41, B=5.0",1.007200003,8.375
"Theory, Spalding k=0.41, B=5.0",1.00940001,8.399999619
"Theory, Spalding k=0.41, B=5.0",1.011600018,8.425000191
"Theory, Spalding k=0.41, B=5.0",1.013900042,8.449999809
"Theory, Spalding k=0.41, B=5.0",1.016100049,8.475000381
"Theory, Spalding k=0.41, B=5.0",1.018399954,8.5
"Theory, Spalding k=0.41, B=5.0",1.020599961,8.524999619
"Theory, Spalding k=0.41, B=5.0",1.022899985,8.550000191
"Theory, Spalding k=0.41, B=5.0",1.025200009,8.574999809
"Theory, Spalding k=0.41, B=5.0",1.027400017,8.600000381
"Theory, Spalding k=0.41, B=5.0",1.029700041,8.625
"Theory, Spalding k=0.41, B=5.0",1.031999946,8.649999619
"Theory, Spalding k=0.41, B=5.0",1.03429997,8.675000191
"Theory, Spalding k=0.41, B=5.0",1.036499977,8.699999809
"Theory, Spalding k=0.41, B=5.0",1.038800001,8.725000381
"Theory, Spalding k=0.41, B=5.0",1.041100025,8.75
"Theory, Spalding k=0.41, B=5.0",1.043400049,8.774999619
"Theory, Spalding k=0.41, B=5.0",1.045699954,8.800000191
"Theory, Spalding k=0.41, B=5.0",1.047999978,8.824999809
"Theory, Spalding k=0.41, B=5.0",1.050400019,8.850000381
"Theory, Spalding k=0.41, B=5.0",1.052700043,8.875
"Theory, Spalding k=0.41, B=5.0",1.054999948,8.899999619
"Theory, Spalding k=0.41, B=5.0",1.057299972,8.925000191
"Theory, Spalding k=0.41, B=5.0",1.059700012,8.949999809
"Theory, Spalding k=0.41, B=5.0",1.062000036,8.975000381
"Theory, Spalding k=0.41, B=5.0",1.064299941,9.0
"Theory, Spalding k=0.41, B=5.0",1.066699982,9.024999619
"Theory, Spalding k=0.41, B=5.0",1.069000006,9.050000191
"Theory, Spalding k=0.41, B=5.0",1.071400046,9.074999809
"Theory, Spalding k=0.41, B=5.0",1.073799968,9.100000381
"Theory, Spalding k=0.41, B=5.0",1.076099992,9.125
"Theory, Spalding k=0.41, B=5.0",1.078500032,9.149999619
"Theory, Spalding k=0.41, B=5.0",1.080899954,9.175000191
"Theory, Spalding k=0.41, B=5.0",1.083299994,9.199999809
"Theory, Spalding k=0.41, B=5.0",1.085700035,9.225000381
"Theory, Spalding k=0.41, B=5.0",1.088099957,9.25
"Theory, Spalding k=0.41, B=5.0",1.090499997,9.274999619
"Theory, Spalding k=0.41, B=5.0",1.092900038,9.300000191
"Theory, Spalding k=0.41, B=5.0",1.095299959,9.324999809
"Theory, Spalding k=0.41, B=5.0",1.0977,9.350000381
"Theory, Spalding k=0.41, B=5.0",1.100200057,9.375
"Theory, Spalding k=0.41, B=5.0",1.102599978,9.399999619
"Theory, Spalding k=0.41, B=5.0",1.105000019,9.425000191
"Theory, Spalding k=0.41, B=5.0",1.107499957,9.449999809
"Theory, Spalding k=0.41, B=5.0",1.109899998,9.475000381
"Theory, Spalding k=0.41, B=5.0",1.112400055,9.5
"Theory, Spalding k=0.41, B=5.0",1.114899993,9.524999619
"Theory, Spalding k=0.41, B=5.0",1.117300034,9.550000191
"Theory, Spalding k=0.41, B=5.0",1.119799972,9.574999809
"Theory, Spalding k=0.41, B=5.0",1.122300029,9.600000381
"Theory, Spalding k=0.41, B=5.0",1.124799967,9.625
"Theory, Spalding k=0.41, B=5.0",1.127300024,9.649999619
"Theory, Spalding k=0.41, B=5.0",1.129799962,9.675000191
"Theory, Spalding k=0.41, B=5.0",1.132300019,9.699999809
"Theory, Spalding k=0.41, B=5.0",1.134799957,9.725000381
"Theory, Spalding k=0.41, B=5.0",1.137300014,9.75
"Theory, Spalding k=0.41, B=5.0",1.139799953,9.774999619
"Theory, Spalding k=0.41, B=5.0",1.142400026,9.800000191
"Theory, Spalding k=0.41, B=5.0",1.144899964,9.824999809
"Theory, Spalding k=0.41, B=5.0",1.147500038,9.850000381
"Theory, Spalding k=0.41, B=5.0",1.149999976,9.875
"Theory, Spalding k=0.41, B=5.0",1.15260005,9.899999619
"Theory, Spalding k=0.41, B=5.0",1.155099988,9.925000191
"Theory, Spalding k=0.41, B=5.0",1.157699943,9.949999809
"Theory, Spalding k=0.41, B=5.0",1.160300016,9.975000381
"Theory, Spalding k=0.41, B=5.0",1.162899971,10.0
"Theory, Spalding k=0.41, B=5.0",1.165500045,10.02499962
"Theory, Spalding k=0.41, B=5.0",1.168099999,10.05000019
"Theory, Spalding k=0.41, B=5.0",1.170699954,10.07499981
"Theory, Spalding k=0.41, B=5.0",1.173300028,10.10000038
"Theory, Spalding k=0.41, B=5.0",1.175899982,10.125
"Theory, Spalding k=0.41, B=5.0",1.178500056,10.14999962
"Theory, Spalding k=0.41, B=5.0",1.181200027,10.17500019
"Theory, Spalding k=0.41, B=5.0",1.183799982,10.19999981
"Theory, Spalding k=0.41, B=5.0",1.186499953,10.22500038
"Theory, Spalding k=0.41, B=5.0",1.189100027,10.25
"Theory, Spalding k=0.41, B=5.0",1.191799998,10.27499962
"Theory, Spalding k=0.41, B=5.0",1.194499969,10.30000019
"Theory, Spalding k=0.41, B=5.0",1.197100043,10.32499981
"Theory, Spalding k=0.41, B=5.0",1.199800014,10.35000038
"Theory, Spalding k=0.41, B=5.0",1.202499986,10.375
"Theory, Spalding k=0.41, B=5.0",1.205199957,10.39999962
"Theory, Spalding k=0.41, B=5.0",1.207900047,10.42500019
"Theory, Spalding k=0.41, B=5.0",1.210700035,10.44999981
"Theory, Spalding k=0.41, B=5.0",1.213400006,10.47500038
"Theory, Spalding k=0.41, B=5.0",1.216099977,10.5
"Theory, Spalding k=0.41, B=5.0",1.218799949,10.52499962
"Theory, Spalding k=0.41, B=5.0",1.221600056,10.55000019
"Theory, Spalding k=0.41, B=5.0",1.224300027,10.57499981
"Theory, Spalding k=0.41, B=5.0",1.227100015,10.60000038
"Theory, Spalding k=0.41, B=5.0",1.229900002,10.625
"Theory, Spalding k=0.41, B=5.0",1.232599974,10.64999962
"Theory, Spalding k=0.41, B=5.0",1.235399961,10.67500019
"Theory, Spalding k=0.41, B=5.0",1.238199949,10.69999981
"Theory, Spalding k=0.41, B=5.0",1.241000056,10.72500038
"Theory, Spalding k=0.41, B=5.0",1.243800044,10.75
"Theory, Spalding k=0.41, B=5.0",1.246600032,10.77499962
"Theory, Spalding k=0.41, B=5.0",1.24940002,10.80000019
"Theory, Spalding k=0.41, B=5.0",1.252300024,10.82499981
"Theory, Spalding k=0.41, B=5.0",1.255100012,10.85000038
"Theory, Spalding k=0.41, B=5.0",1.2579,10.875
"Theory, Spalding k=0.41, B=5.0",1.260800004,10.89999962
"Theory, Spalding k=0.41, B=5.0",1.263599992,10.92500019
"Theory, Spalding k=0.41, B=5.0",1.266499996,10.94999981
"Theory, Spalding k=0.41, B=5.0",1.269400001,10.97500038
"Theory, Spalding k=0.41, B=5.0",1.272300005,11.0
"Theory, Spalding k=0.41, B=5.0",1.275099993,11.02499962
"Theory, Spalding k=0.41, B=5.0",1.277999997,11.05000019
"Theory, Spalding k=0.41, B=5.0",1.280900002,11.07499981
"Theory, Spalding k=0.41, B=5.0",1.283900023,11.10000038
"Theory, Spalding k=0.41, B=5.0",1.286800027,11.125
"Theory, Spalding k=0.41, B=5.0",1.289700031,11.14999962
"Theory, Spalding k=0.41, B=5.0",1.292600036,11.17500019
"Theory, Spalding k=0.41, B=5.0",1.295600057,11.19999981
"Theory, Spalding k=0.41, B=5.0",1.298499942,11.22500038
"Theory, Spalding k=0.41, B=5.0",1.301499963,11.25
"Theory, Spalding k=0.41, B=5.0",1.304399967,11.27499962
"Theory, Spalding k=0.41, B=5.0",1.307399988,11.30000019
"Theory, Spalding k=0.41, B=5.0",1.310400009,11.32499981
"Theory, Spalding k=0.41, B=5.0",1.31340003,11.35000038
"Theory, Spalding k=0.41, B=5.0",1.316400051,11.375
"Theory, Spalding k=0.41, B=5.0",1.319399953,11.39999962
"Theory, Spalding k=0.41, B=5.0",1.322399974,11.42500019
"Theory, Spalding k=0.41, B=5.0",1.325399995,11.44999981
"Theory, Spalding k=0.41, B=5.0",1.328400016,11.47500038
"Theory, Spalding k=0.41, B=5.0",1.331500053,11.5
"Theory, Spalding k=0.41, B=5.0",1.334499955,11.52499962
"Theory, Spalding k=0.41, B=5.0",1.337599993,11.55000019
"Theory, Spalding k=0.41, B=5.0",1.340600014,11.57499981
"Theory, Spalding k=0.41, B=5.0",1.343700051,11.60000038
"Theory, Spalding k=0.41, B=5.0",1.34679997,11.625
"Theory, Spalding k=0.41, B=5.0",1.349799991,11.64999962
"Theory, Spalding k=0.41, B=5.0",1.352900028,11.67500019
"Theory, Spalding k=0.41, B=5.0",1.355999947,11.69999981
"Theory, Spalding k=0.41, B=5.0",1.359099984,11.72500038
"Theory, Spalding k=0.41, B=5.0",1.362200022,11.75
"Theory, Spalding k=0.41, B=5.0",1.365399957,11.77499962
"Theory, Spalding k=0.41, B=5.0",1.368499994,11.80000019
"Theory, Spalding k=0.41, B=5.0",1.371600032,11.82499981
"Theory, Spalding k=0.41, B=5.0",1.374799967,11.85000038
"Theory, Spalding k=0.41, B=5.0",1.377900004,11.875
"Theory, Spalding k=0.41, B=5.0",1.381100059,11.89999962
"Theory, Spalding k=0.41, B=5.0",1.384199977,11.92500019
"Theory, Spalding k=0.41, B=5.0",1.387400031,11.94999981
"Theory, Spalding k=0.41, B=5.0",1.390599966,11.97500038
"Theory, Spalding k=0.41, B=5.0",1.39380002,12.0
"Theory, Spalding k=0.41, B=5.0",1.396999955,12.02499962
"Theory, Spalding k=0.41, B=5.0",1.400200009,12.05000019
"Theory, Spalding k=0.41, B=5.0",1.403399944,12.07499981
"Theory, Spalding k=0.41, B=5.0",1.406599998,12.10000038
"Theory, Spalding k=0.41, B=5.0",1.409800053,12.125
"Theory, Spalding k=0.41, B=5.0",1.413100004,12.14999962
"Theory, Spalding k=0.41, B=5.0",1.416300058,12.17500019
"Theory, Spalding k=0.41, B=5.0",1.41960001,12.19999981
"Theory, Spalding k=0.41, B=5.0",1.422799945,12.22500038
"Theory, Spalding k=0.41, B=5.0",1.426100016,12.25
"Theory, Spalding k=0.41, B=5.0",1.429299951,12.27499962
"Theory, Spalding k=0.41, B=5.0",1.432600021,12.30000019
"Theory, Spalding k=0.41, B=5.0",1.435899973,12.32499981
"Theory, Spalding k=0.41, B=5.0",1.439200044,12.35000038
"Theory, Spalding k=0.41, B=5.0",1.442499995,12.375
"Theory, Spalding k=0.41, B=5.0",1.445799947,12.39999962
"Theory, Spalding k=0.41, B=5.0",1.449100018,12.42500019
"Theory, Spalding k=0.41, B=5.0",1.452499986,12.44999981
"Theory, Spalding k=0.41, B=5.0",1.455800056,12.47500038
"Theory, Spalding k=0.41, B=5.0",1.459100008,12.5
"Theory, Spalding k=0.41, B=5.0",1.462499976,12.52499962
"Theory, Spalding k=0.41, B=5.0",1.465800047,12.55000019
"Theory, Spalding k=0.41, B=5.0",1.469200015,12.57499981
"Theory, Spalding k=0.41, B=5.0",1.472599983,12.60000038
"Theory, Spalding k=0.41, B=5.0",1.475900054,12.625
"Theory, Spalding k=0.41, B=5.0",1.479300022,12.64999962
"Theory, Spalding k=0.41, B=5.0",1.48269999,12.67500019
"Theory, Spalding k=0.41, B=5.0",1.486099958,12.69999981
"Theory, Spalding k=0.41, B=5.0",1.489500046,12.72500038
"Theory, Spalding k=0.41, B=5.0",1.492900014,12.75
"Theory, Spalding k=0.41, B=5.0",1.496299982,12.77499962
"Theory, Spalding k=0.41, B=5.0",1.499799967,12.80000019
"Theory, Spalding k=0.41, B=5.0",1.503200054,12.82499981
"Theory, Spalding k=0.41, B=5.0",1.506600022,12.85000038
"Theory, Spalding k=0.41, B=5.0",1.510100007,12.875
"Theory, Spalding k=0.41, B=5.0",1.513499975,12.89999962
"Theory, Spalding k=0.41, B=5.0",1.51699996,12.92500019
"Theory, Spalding k=0.41, B=5.0",1.520499945,12.94999981
"Theory, Spalding k=0.41, B=5.0",1.523900032,12.97500038
"Theory, Spalding k=0.41, B=5.0",1.527400017,13.0
"Theory, Spalding k=0.41, B=5.0",1.530900002,13.02499962
"Theory, Spalding k=0.41, B=5.0",1.534399986,13.05000019
"Theory, Spalding k=0.41, B=5.0",1.537899971,13.07499981
"Theory, Spalding k=0.41, B=5.0",1.541399956,13.10000038
"Theory, Spalding k=0.41, B=5.0",1.54489994,13.125
"Theory, Spalding k=0.41, B=5.0",1.548499942,13.14999962
"Theory, Spalding k=0.41, B=5.0",1.552000046,13.17500019
"Theory, Spalding k=0.41, B=5.0",1.555500031,13.19999981
"Theory, Spalding k=0.41, B=5.0",1.559100032,13.22500038
"Theory, Spalding k=0.41, B=5.0",1.562600017,13.25
"Theory, Spalding k=0.41, B=5.0",1.566200018,13.27499962
"Theory, Spalding k=0.41, B=5.0",1.569700003,13.30000019
"Theory, Spalding k=0.41, B=5.0",1.573300004,13.32499981
"Theory, Spalding k=0.41, B=5.0",1.576900005,13.35000038
"Theory, Spalding k=0.41, B=5.0",1.580500007,13.375
"Theory, Spalding k=0.41, B=5.0",1.583999991,13.39999962
"Theory, Spalding k=0.41, B=5.0",1.587599993,13.42500019
"Theory, Spalding k=0.41, B=5.0",1.591199994,13.44999981
"Theory, Spalding k=0.41, B=5.0",1.594900012,13.47500038
"Theory, Spalding k=0.41, B=5.0",1.598500013,13.5
"Theory, Spalding k=0.41, B=5.0",1.602100015,13.52499962
"Theory, Spalding k=0.41, B=5.0",1.605700016,13.55000019
"Theory, Spalding k=0.41, B=5.0",1.609400034,13.57499981
"Theory, Spalding k=0.41, B=5.0",1.613000035,13.60000038
"Theory, Spalding k=0.41, B=5.0",1.616600037,13.625
"Theory, Spalding k=0.41, B=5.0",1.620300055,13.64999962
"Theory, Spalding k=0.41, B=5.0",1.623999953,13.67500019
"Theory, Spalding k=0.41, B=5.0",1.627599955,13.69999981
"Theory, Spalding k=0.41, B=5.0",1.631299973,13.72500038
"Theory, Spalding k=0.41, B=5.0",1.63499999,13.75
"Theory, Spalding k=0.41, B=5.0",1.638700008,13.77499962
"Theory, Spalding k=0.41, B=5.0",1.64230001,13.80000019
"Theory, Spalding k=0.41, B=5.0",1.646000028,13.82499981
"Theory, Spalding k=0.41, B=5.0",1.649700046,13.85000038
"Theory, Spalding k=0.41, B=5.0",1.653499961,13.875
"Theory, Spalding k=0.41, B=5.0",1.657199979,13.89999962
"Theory, Spalding k=0.41, B=5.0",1.660899997,13.92500019
"Theory, Spalding k=0.41, B=5.0",1.664600015,13.94999981
"Theory, Spalding k=0.41, B=5.0",1.668300033,13.97500038
"Theory, Spalding k=0.41, B=5.0",1.672099948,14.0
"Theory, Spalding k=0.41, B=5.0",1.675799966,14.02499962
"Theory, Spalding k=0.41, B=5.0",1.6796,14.05000019
"Theory, Spalding k=0.41, B=5.0",1.683300018,14.07499981
"Theory, Spalding k=0.41, B=5.0",1.687100053,14.10000038
"Theory, Spalding k=0.41, B=5.0",1.690899968,14.125
"Theory, Spalding k=0.41, B=5.0",1.694599986,14.14999962
"Theory, Spalding k=0.41, B=5.0",1.698400021,14.17500019
"Theory, Spalding k=0.41, B=5.0",1.702200055,14.19999981
"Theory, Spalding k=0.41, B=5.0",1.70599997,14.22500038
"Theory, Spalding k=0.41, B=5.0",1.709800005,14.25
"Theory, Spalding k=0.41, B=5.0",1.713600039,14.27499962
"Theory, Spalding k=0.41, B=5.0",1.717399955,14.30000019
"Theory, Spalding k=0.41, B=5.0",1.721199989,14.32499981
"Theory, Spalding k=0.41, B=5.0",1.725000024,14.35000038
"Theory, Spalding k=0.41, B=5.0",1.728800058,14.375
"Theory, Spalding k=0.41, B=5.0",1.73269999,14.39999962
"Theory, Spalding k=0.41, B=5.0",1.736500025,14.42500019
"Theory, Spalding k=0.41, B=5.0",1.740300059,14.44999981
"Theory, Spalding k=0.41, B=5.0",1.744199991,14.47500038
"Theory, Spalding k=0.41, B=5.0",1.748000026,14.5
"Theory, Spalding k=0.41, B=5.0",1.751899958,14.52499962
"Theory, Spalding k=0.41, B=5.0",1.755699992,14.55000019
"Theory, Spalding k=0.41, B=5.0",1.759600043,14.57499981
"Theory, Spalding k=0.41, B=5.0",1.763499975,14.60000038
"Theory, Spalding k=0.41, B=5.0",1.76730001,14.625
"Theory, Spalding k=0.41, B=5.0",1.771199942,14.64999962
"Theory, Spalding k=0.41, B=5.0",1.775099993,14.67500019
"Theory, Spalding k=0.41, B=5.0",1.779000044,14.69999981
"Theory, Spalding k=0.41, B=5.0",1.782899976,14.72500038
"Theory, Spalding k=0.41, B=5.0",1.786800027,14.75
"Theory, Spalding k=0.41, B=5.0",1.790699959,14.77499962
"Theory, Spalding k=0.41, B=5.0",1.79460001,14.80000019
"Theory, Spalding k=0.41, B=5.0",1.798499942,14.82499981
"Theory, Spalding k=0.41, B=5.0",1.802399993,14.85000038
"Theory, Spalding k=0.41, B=5.0",1.806399941,14.875
"Theory, Spalding k=0.41, B=5.0",1.810299993,14.89999962
"Theory, Spalding k=0.41, B=5.0",1.814200044,14.92500019
"Theory, Spalding k=0.41, B=5.0",1.818199992,14.94999981
"Theory, Spalding k=0.41, B=5.0",1.822100043,14.97500038
"Theory, Spalding k=0.41, B=5.0",1.825999975,15.0
"Theory, Spalding k=0.41, B=5.0",1.830000043,15.02499962
"Theory, Spalding k=0.41, B=5.0",1.833899975,15.05000019
"Theory, Spalding k=0.41, B=5.0",1.837900043,15.07499981
"Theory, Spalding k=0.41, B=5.0",1.841899991,15.10000038
"Theory, Spalding k=0.41, B=5.0",1.845800042,15.125
"Theory, Spalding k=0.41, B=5.0",1.849799991,15.14999962
"Theory, Spalding k=0.41, B=5.0",1.853800058,15.17500019
"Theory, Spalding k=0.41, B=5.0",1.857800007,15.19999981
"Theory, Spalding k=0.41, B=5.0",1.861799955,15.22500038
"Theory, Spalding k=0.41, B=5.0",1.865700006,15.25
"Theory, Spalding k=0.41, B=5.0",1.869699955,15.27499962
"Theory, Spalding k=0.41, B=5.0",1.873700023,15.30000019
"Theory, Spalding k=0.41, B=5.0",1.877699971,15.32499981
"Theory, Spalding k=0.41, B=5.0",1.881800056,15.35000038
"Theory, Spalding k=0.41, B=5.0",1.885800004,15.375
"Theory, Spalding k=0.41, B=5.0",1.889799953,15.39999962
"Theory, Spalding k=0.41, B=5.0",1.89380002,15.42500019
"Theory, Spalding k=0.41, B=5.0",1.897799969,15.44999981
"Theory, Spalding k=0.41, B=5.0",1.901900053,15.47500038
"Theory, Spalding k=0.41, B=5.0",1.905900002,15.5
"Theory, Spalding k=0.41, B=5.0",1.90989995,15.52499962
"Theory, Spalding k=0.41, B=5.0",1.914000034,15.55000019
"Theory, Spalding k=0.41, B=5.0",1.917999983,15.57499981
"Theory, Spalding k=0.41, B=5.0",1.922000051,15.60000038
"Theory, Spalding k=0.41, B=5.0",1.926100016,15.625
"Theory, Spalding k=0.41, B=5.0",1.930199981,15.64999962
"Theory, Spalding k=0.41, B=5.0",1.934200048,15.67500019
"Theory, Spalding k=0.41, B=5.0",1.938300014,15.69999981
"Theory, Spalding k=0.41, B=5.0",1.942299962,15.72500038
"Theory, Spalding k=0.41, B=5.0",1.946400046,15.75
"Theory, Spalding k=0.41, B=5.0",1.950500011,15.77499962
"Theory, Spalding k=0.41, B=5.0",1.954599977,15.80000019
"Theory, Spalding k=0.41, B=5.0",1.958600044,15.82499981
"Theory, Spalding k=0.41, B=5.0",1.962700009,15.85000038
"Theory, Spalding k=0.41, B=5.0",1.966799974,15.875
"Theory, Spalding k=0.41, B=5.0",1.970900059,15.89999962
"Theory, Spalding k=0.41, B=5.0",1.975000024,15.92500019
"Theory, Spalding k=0.41, B=5.0",1.979099989,15.94999981
"Theory, Spalding k=0.41, B=5.0",1.983199954,15.97500038
"Theory, Spalding k=0.41, B=5.0",1.987300038,16.0
"Theory, Spalding k=0.41, B=5.0",1.991400003,16.02499962
"Theory, Spalding k=0.41, B=5.0",1.995499969,16.04999924
"Theory, Spalding k=0.41, B=5.0",1.99969995,16.07500076
"Theory, Spalding k=0.41, B=5.0",2.003799915,16.10000038
"Theory, Spalding k=0.41, B=5.0",2.0079,16.125
"Theory, Spalding k=0.41, B=5.0",2.012000084,16.14999962
"Theory, Spalding k=0.41, B=5.0",2.016200066,16.17499924
"Theory, Spalding k=0.41, B=5.0",2.020299911,16.20000076
"Theory, Spalding k=0.41, B=5.0",2.024399996,16.22500038
"Theory, Spalding k=0.41, B=5.0",2.028599977,16.25
"Theory, Spalding k=0.41, B=5.0",2.032700062,16.27499962
"Theory, Spalding k=0.41, B=5.0",2.036799908,16.29999924
"Theory, Spalding k=0.41, B=5.0",2.040999889,16.32500076
"Theory, Spalding k=0.41, B=5.0",2.045099974,16.35000038
"Theory, Spalding k=0.41, B=5.0",2.049299955,16.375
"Theory, Spalding k=0.41, B=5.0",2.053499937,16.39999962
"Theory, Spalding k=0.41, B=5.0",2.057600021,16.42499924
"Theory, Spalding k=0.41, B=5.0",2.061800003,16.45000076
"Theory, Spalding k=0.41, B=5.0",2.065900087,16.47500038
"Theory, Spalding k=0.41, B=5.0",2.070100069,16.5
"Theory, Spalding k=0.41, B=5.0",2.074300051,16.52499962
"Theory, Spalding k=0.41, B=5.0",2.078500032,16.54999924
"Theory, Spalding k=0.41, B=5.0",2.082600117,16.57500076
"Theory, Spalding k=0.41, B=5.0",2.086800098,16.60000038
"Theory, Spalding k=0.41, B=5.0",2.09100008,16.625
"Theory, Spalding k=0.41, B=5.0",2.095200062,16.64999962
"Theory, Spalding k=0.41, B=5.0",2.099400043,16.67499924
"Theory, Spalding k=0.41, B=5.0",2.103600025,16.70000076
"Theory, Spalding k=0.41, B=5.0",2.107800007,16.72500038
"Theory, Spalding k=0.41, B=5.0",2.111999989,16.75
"Theory, Spalding k=0.41, B=5.0",2.11619997,16.77499962
"Theory, Spalding k=0.41, B=5.0",2.120399952,16.79999924
"Theory, Spalding k=0.41, B=5.0",2.124599934,16.82500076
"Theory, Spalding k=0.41, B=5.0",2.128799915,16.85000038
"Theory, Spalding k=0.41, B=5.0",2.132999897,16.875
"Theory, Spalding k=0.41, B=5.0",2.137200117,16.89999962
"Theory, Spalding k=0.41, B=5.0",2.141400099,16.92499924
"Theory, Spalding k=0.41, B=5.0",2.14560008,16.95000076
"Theory, Spalding k=0.41, B=5.0",2.149800062,16.97500038
"Theory, Spalding k=0.41, B=5.0",2.154099941,17.0
"Theory, Spalding k=0.41, B=5.0",2.158299923,17.02499962
"Theory, Spalding k=0.41, B=5.0",2.162499905,17.04999924
"Theory, Spalding k=0.41, B=5.0",2.166800022,17.07500076
"Theory, Spalding k=0.41, B=5.0",2.171000004,17.10000038
"Theory, Spalding k=0.41, B=5.0",2.175199986,17.125
"Theory, Spalding k=0.41, B=5.0",2.179500103,17.14999962
"Theory, Spalding k=0.41, B=5.0",2.183700085,17.17499924
"Theory, Spalding k=0.41, B=5.0",2.187900066,17.20000076
"Theory, Spalding k=0.41, B=5.0",2.192199945,17.22500038
"Theory, Spalding k=0.41, B=5.0",2.196399927,17.25
"Theory, Spalding k=0.41, B=5.0",2.200700045,17.27499962
"Theory, Spalding k=0.41, B=5.0",2.204900026,17.29999924
"Theory, Spalding k=0.41, B=5.0",2.209199905,17.32500076
"Theory, Spalding k=0.41, B=5.0",2.213399887,17.35000038
"Theory, Spalding k=0.41, B=5.0",2.217700005,17.375
"Theory, Spalding k=0.41, B=5.0",2.221899986,17.39999962
"Theory, Spalding k=0.41, B=5.0",2.226200104,17.42499924
"Theory, Spalding k=0.41, B=5.0",2.230499983,17.45000076
"Theory, Spalding k=0.41, B=5.0",2.234699965,17.47500038
"Theory, Spalding k=0.41, B=5.0",2.239000082,17.5
"Theory, Spalding k=0.41, B=5.0",2.243299961,17.52499962
"Theory, Spalding k=0.41, B=5.0",2.247499943,17.54999924
"Theory, Spalding k=0.41, B=5.0",2.25180006,17.57500076
"Theory, Spalding k=0.41, B=5.0",2.256099939,17.60000038
"Theory, Spalding k=0.41, B=5.0",2.260400057,17.625
"Theory, Spalding k=0.41, B=5.0",2.264699936,17.64999962
"Theory, Spalding k=0.41, B=5.0",2.268899918,17.67499924
"Theory, Spalding k=0.41, B=5.0",2.273200035,17.70000076
"Theory, Spalding k=0.41, B=5.0",2.277499914,17.72500038
"Theory, Spalding k=0.41, B=5.0",2.281800032,17.75
"Theory, Spalding k=0.41, B=5.0",2.286099911,17.77499962
"Theory, Spalding k=0.41, B=5.0",2.290400028,17.79999924
"Theory, Spalding k=0.41, B=5.0",2.294699907,17.82500076
"Theory, Spalding k=0.41, B=5.0",2.299000025,17.85000038
"Theory, Spalding k=0.41, B=5.0",2.303200006,17.875
"Theory, Spalding k=0.41, B=5.0",2.307499886,17.89999962
"Theory, Spalding k=0.41, B=5.0",2.311800003,17.92499924
"Theory, Spalding k=0.41, B=5.0",2.316099882,17.95000076
"Theory, Spalding k=0.41, B=5.0",2.3204,17.97500038
"Theory, Spalding k=0.41, B=5.0",2.324800014,18.0
"Theory, Spalding k=0.41, B=5.0",2.329099894,18.02499962
"Theory, Spalding k=0.41, B=5.0",2.333400011,18.04999924
"Theory, Spalding k=0.41, B=5.0",2.33769989,18.07500076
"Theory, Spalding k=0.41, B=5.0",2.342000008,18.10000038
"Theory, Spalding k=0.41, B=5.0",2.346299887,18.125
"Theory, Spalding k=0.41, B=5.0",2.350600004,18.14999962
"Theory, Spalding k=0.41, B=5.0",2.354899883,18.17499924
"Theory, Spalding k=0.41, B=5.0",2.359200001,18.20000076
"Theory, Spalding k=0.41, B=5.0",2.363600016,18.22500038
"Theory, Spalding k=0.41, B=5.0",2.367899895,18.25
"Theory, Spalding k=0.41, B=5.0",2.372200012,18.27499962
"Theory, Spalding k=0.41, B=5.0",2.376499891,18.29999924
"Theory, Spalding k=0.41, B=5.0",2.380899906,18.32500076
"Theory, Spalding k=0.41, B=5.0",2.385200024,18.35000038
"Theory, Spalding k=0.41, B=5.0",2.389499903,18.375
"Theory, Spalding k=0.41, B=5.0",2.39380002,18.39999962
"Theory, Spalding k=0.41, B=5.0",2.398200035,18.42499924
"Theory, Spalding k=0.41, B=5.0",2.402499914,18.45000076
"Theory, Spalding k=0.41, B=5.0",2.406800032,18.47500038
"Theory, Spalding k=0.41, B=5.0",2.411200047,18.5
"Theory, Spalding k=0.41, B=5.0",2.415499926,18.52499962
"Theory, Spalding k=0.41, B=5.0",2.41989994,18.54999924
"Theory, Spalding k=0.41, B=5.0",2.424200058,18.57500076
"Theory, Spalding k=0.41, B=5.0",2.428499937,18.60000038
"Theory, Spalding k=0.41, B=5.0",2.432899952,18.625
"Theory, Spalding k=0.41, B=5.0",2.437200069,18.64999962
"Theory, Spalding k=0.41, B=5.0",2.441600084,18.67499924
"Theory, Spalding k=0.41, B=5.0",2.445899963,18.70000076
"Theory, Spalding k=0.41, B=5.0",2.450299978,18.72500038
"Theory, Spalding k=0.41, B=5.0",2.454600096,18.75
"Theory, Spalding k=0.41, B=5.0",2.459000111,18.77499962
"Theory, Spalding k=0.41, B=5.0",2.46329999,18.79999924
"Theory, Spalding k=0.41, B=5.0",2.467700005,18.82500076
"Theory, Spalding k=0.41, B=5.0",2.471999884,18.85000038
"Theory, Spalding k=0.41, B=5.0",2.476399899,18.875
"Theory, Spalding k=0.41, B=5.0",2.480700016,18.89999962
"Theory, Spalding k=0.41, B=5.0",2.485100031,18.92499924
"Theory, Spalding k=0.41, B=5.0",2.48939991,18.95000076
"Theory, Spalding k=0.41, B=5.0",2.493799925,18.97500038
"Theory, Spalding k=0.41, B=5.0",2.49819994,19.0
"Theory, Spalding k=0.41, B=5.0",2.502500057,19.02499962
"Theory, Spalding k=0.41, B=5.0",2.506900072,19.04999924
"Theory, Spalding k=0.41, B=5.0",2.511199951,19.07500076
"Theory, Spalding k=0.41, B=5.0",2.515599966,19.10000038
"Theory, Spalding k=0.41, B=5.0",2.519999981,19.125
"Theory, Spalding k=0.41, B=5.0",2.524300098,19.14999962
"Theory, Spalding k=0.41, B=5.0",2.528700113,19.17499924
"Theory, Spalding k=0.41, B=5.0",2.53309989,19.20000076
"Theory, Spalding k=0.41, B=5.0",2.537400007,19.22500038
"Theory, Spalding k=0.41, B=5.0",2.541800022,19.25
"Theory, Spalding k=0.41, B=5.0",2.546200037,19.27499962
"Theory, Spalding k=0.41, B=5.0",2.550600052,19.29999924
"Theory, Spalding k=0.41, B=5.0",2.554899931,19.32500076
"Theory, Spalding k=0.41, B=5.0",2.559299946,19.35000038
"Theory, Spalding k=0.41, B=5.0",2.563699961,19.375
"Theory, Spalding k=0.41, B=5.0",2.568099976,19.39999962
"Theory, Spalding k=0.41, B=5.0",2.572400093,19.42499924
"Theory, Spalding k=0.41, B=5.0",2.576800108,19.45000076
"Theory, Spalding k=0.41, B=5.0",2.581199884,19.47500038
"Theory, Spalding k=0.41, B=5.0",2.585599899,19.5
"Theory, Spalding k=0.41, B=5.0",2.589999914,19.52499962
"Theory, Spalding k=0.41, B=5.0",2.594300032,19.54999924
"Theory, Spalding k=0.41, B=5.0",2.598700047,19.57500076
"Theory, Spalding k=0.41, B=5.0",2.603100061,19.60000038
"Theory, Spalding k=0.41, B=5.0",2.607500076,19.625
"Theory, Spalding k=0.41, B=5.0",2.611900091,19.64999962
"Theory, Spalding k=0.41, B=5.0",2.616300106,19.67499924
"Theory, Spalding k=0.41, B=5.0",2.620699883,19.70000076
"Theory, Spalding k=0.41, B=5.0",2.625,19.72500038
"Theory, Spalding k=0.41, B=5.0",2.629400015,19.75
"Theory, Spalding k=0.41, B=5.0",2.63380003,19.77499962
"Theory, Spalding k=0.41, B=5.0",2.638200045,19.79999924
"Theory, Spalding k=0.41, B=5.0",2.64260006,19.82500076
"Theory, Spalding k=0.41, B=5.0",2.647000074,19.85000038
"Theory, Spalding k=0.41, B=5.0",2.651400089,19.875
"Theory, Spalding k=0.41, B=5.0",2.655800104,19.89999962
"Theory, Spalding k=0.41, B=5.0",2.660200119,19.92499924
"Theory, Spalding k=0.41, B=5.0",2.664599895,19.95000076
"Theory, Spalding k=0.41, B=5.0",2.66899991,19.97500038
"Theory, Spalding k=0.41, B=5.0",2.673399925,20.0
"Theory, Spalding k=0.41, B=5.0",2.67779994,20.02499962
"Theory, Spalding k=0.41, B=5.0",2.682199955,20.04999924
"Theory, Spalding k=0.41, B=5.0",2.68659997,20.07500076
"Theory, Spalding k=0.41, B=5.0",2.690999985,20.10000038
"Theory, Spalding k=0.41, B=5.0",2.6954,20.125
"Theory, Spalding k=0.41, B=5.0",2.699800014,20.14999962
"Theory, Spalding k=0.41, B=5.0",2.704200029,20.17499924
"Theory, Spalding k=0.41, B=5.0",2.708600044,20.20000076
"Theory, Spalding k=0.41, B=5.0",2.713000059,20.22500038
"Theory, Spalding k=0.41, B=5.0",2.717400074,20.25
"Theory, Spalding k=0.41, B=5.0",2.721800089,20.27499962
"Theory, Spalding k=0.41, B=5.0",2.726200104,20.29999924
"Theory, Spalding k=0.41, B=5.0",2.730600119,20.32500076
"Theory, Spalding k=0.41, B=5.0",2.734999895,20.35000038
"Theory, Spalding k=0.41, B=5.0",2.73939991,20.375
"Theory, Spalding k=0.41, B=5.0",2.743799925,20.39999962
"Theory, Spalding k=0.41, B=5.0",2.74819994,20.42499924
"Theory, Spalding k=0.41, B=5.0",2.752599955,20.45000076
"Theory, Spalding k=0.41, B=5.0",2.756999969,20.47500038
"Theory, Spalding k=0.41, B=5.0",2.761499882,20.5
"Theory, Spalding k=0.41, B=5.0",2.765899897,20.52499962
"Theory, Spalding k=0.41, B=5.0",2.770299911,20.54999924
"Theory, Spalding k=0.41, B=5.0",2.774699926,20.57500076
"Theory, Spalding k=0.41, B=5.0",2.779099941,20.60000038
"Theory, Spalding k=0.41, B=5.0",2.783499956,20.625
"Theory, Spalding k=0.41, B=5.0",2.787899971,20.64999962
"Theory, Spalding k=0.41, B=5.0",2.792299986,20.67499924
"Theory, Spalding k=0.41, B=5.0",2.796799898,20.70000076
"Theory, Spalding k=0.41, B=5.0",2.801199913,20.72500038
"Theory, Spalding k=0.41, B=5.0",2.805599928,20.75
"Theory, Spalding k=0.41, B=5.0",2.809999943,20.77499962
"Theory, Spalding k=0.41, B=5.0",2.814399958,20.79999924
"Theory, Spalding k=0.41, B=5.0",2.818799973,20.82500076
"Theory, Spalding k=0.41, B=5.0",2.823299885,20.85000038
"Theory, Spalding k=0.41, B=5.0",2.8276999,20.875
"Theory, Spalding k=0.41, B=5.0",2.832099915,20.89999962
"Theory, Spalding k=0.41, B=5.0",2.836499929,20.92499924
"Theory, Spalding k=0.41, B=5.0",2.840899944,20.95000076
"Theory, Spalding k=0.41, B=5.0",2.845299959,20.97500038
"Theory, Spalding k=0.41, B=5.0",2.84980011,21.0
"Theory, Spalding k=0.41, B=5.0",2.854199886,21.02499962
"Theory, Spalding k=0.41, B=5.0",2.858599901,21.04999924
"Theory, Spalding k=0.41, B=5.0",2.862999916,21.07500076
"Theory, Spalding k=0.41, B=5.0",2.867500067,21.10000038
"Theory, Spalding k=0.41, B=5.0",2.871900082,21.125
"Theory, Spalding k=0.41, B=5.0",2.876300097,21.14999962
"Theory, Spalding k=0.41, B=5.0",2.880700111,21.17499924
"Theory, Spalding k=0.41, B=5.0",2.885099888,21.20000076
"Theory, Spalding k=0.41, B=5.0",2.889600039,21.22500038
"Theory, Spalding k=0.41, B=5.0",2.894000053,21.25
"Theory, Spalding k=0.41, B=5.0",2.898400068,21.27499962
"Theory, Spalding k=0.41, B=5.0",2.902899981,21.29999924
"Theory, Spalding k=0.41, B=5.0",2.907299995,21.32500076
"Theory, Spalding k=0.41, B=5.0",2.91170001,21.35000038
"Theory, Spalding k=0.41, B=5.0",2.916100025,21.375
"Theory, Spalding k=0.41, B=5.0",2.920599937,21.39999962
"Theory, Spalding k=0.41, B=5.0",2.924999952,21.42499924
"Theory, Spalding k=0.41, B=5.0",2.929399967,21.45000076
"Theory, Spalding k=0.41, B=5.0",2.933799982,21.47500038
"Theory, Spalding k=0.41, B=5.0",2.938299894,21.5
"Theory, Spalding k=0.41, B=5.0",2.942699909,21.52499962
"Theory, Spalding k=0.41, B=5.0",2.947099924,21.54999924
"Theory, Spalding k=0.41, B=5.0",2.951600075,21.57500076
"Theory, Spalding k=0.41, B=5.0",2.95600009,21.60000038
"Theory, Spalding k=0.41, B=5.0",2.960400105,21.625
"Theory, Spalding k=0.41, B=5.0",2.964900017,21.64999962
"Theory, Spalding k=0.41, B=5.0",2.969300032,21.67499924
"Theory, Spalding k=0.41, B=5.0",2.973700047,21.70000076
"Theory, Spalding k=0.41, B=5.0",2.978100061,21.72500038
"Theory, Spalding k=0.41, B=5.0",2.982599974,21.75
"Theory, Spalding k=0.41, B=5.0",2.986999989,21.77499962
"Theory, Spalding k=0.41, B=5.0",2.991400003,21.79999924
"Theory, Spalding k=0.41, B=5.0",2.995899916,21.82500076
"Theory, Spalding k=0.41, B=5.0",3.000299931,21.85000038
"Theory, Spalding k=0.41, B=5.0",3.004699945,21.875
"Theory, Spalding k=0.41, B=5.0",3.009200096,21.89999962
"Theory, Spalding k=0.41, B=5.0",3.013600111,21.92499924
"Theory, Spalding k=0.41, B=5.0",3.018100023,21.95000076
"Theory, Spalding k=0.41, B=5.0",3.022500038,21.97500038
"Theory, Spalding k=0.41, B=5.0",3.026900053,22.0
"Theory, Spalding k=0.41, B=5.0",3.031399965,22.02499962
"Theory, Spalding k=0.41, B=5.0",3.03579998,22.04999924
"Theory, Spalding k=0.41, B=5.0",3.040199995,22.07500076
"Theory, Spalding k=0.41, B=5.0",3.044699907,22.10000038
"Theory, Spalding k=0.41, B=5.0",3.049099922,22.125
"Theory, Spalding k=0.41, B=5.0",3.053499937,22.14999962
"Theory, Spalding k=0.41, B=5.0",3.058000088,22.17499924
"Theory, Spalding k=0.41, B=5.0",3.062400103,22.20000076
"Theory, Spalding k=0.41, B=5.0",3.066900015,22.22500038
"Theory, Spalding k=0.41, B=5.0",3.07130003,22.25
"Theory, Spalding k=0.41, B=5.0",3.075700045,22.27499962
"Theory, Spalding k=0.41, B=5.0",3.080199957,22.29999924
"Theory, Spalding k=0.41, B=5.0",3.084599972,22.32500076
"Theory, Spalding k=0.41, B=5.0",3.088999987,22.35000038
"Theory, Spalding k=0.41, B=5.0",3.093499899,22.375
"Theory, Spalding k=0.41, B=5.0",3.097899914,22.39999962
"Theory, Spalding k=0.41, B=5.0",3.102400064,22.42499924
"Theory, Spalding k=0.41, B=5.0",3.106800079,22.45000076
"Theory, Spalding k=0.41, B=5.0",3.111200094,22.47500038
"Theory, Spalding k=0.41, B=5.0",3.115700006,22.5
"Theory, Spalding k=0.41, B=5.0",3.120100021,22.52499962
"Theory, Spalding k=0.41, B=5.0",3.124599934,22.54999924
"Theory, Spalding k=0.41, B=5.0",3.128999949,22.57500076
"Theory, Spalding k=0.41, B=5.0",3.133399963,22.60000038
"Theory, Spalding k=0.41, B=5.0",3.137900114,22.625
"Theory, Spalding k=0.41, B=5.0",3.142299891,22.64999962
"Theory, Spalding k=0.41, B=5.0",3.146800041,22.67499924
"Theory, Spalding k=0.41, B=5.0",3.151200056,22.70000076
"Theory, Spalding k=0.41, B=5.0",3.155699968,22.72500038
"Theory, Spalding k=0.41, B=5.0",3.160099983,22.75
"Theory, Spalding k=0.41, B=5.0",3.164499998,22.77499962
"Theory, Spalding k=0.41, B=5.0",3.16899991,22.79999924
"Theory, Spalding k=0.41, B=5.0",3.173399925,22.82500076
"Theory, Spalding k=0.41, B=5.0",3.177900076,22.85000038
"Theory, Spalding k=0.41, B=5.0",3.182300091,22.875
"Theory, Spalding k=0.41, B=5.0",3.186800003,22.89999962
"Theory, Spalding k=0.41, B=5.0",3.191200018,22.92499924
"Theory, Spalding k=0.41, B=5.0",3.195600033,22.95000076
"Theory, Spalding k=0.41, B=5.0",3.200099945,22.97500038
"Theory, Spalding k=0.41, B=5.0",3.20449996,23.0
"Theory, Spalding k=0.41, B=5.0",3.209000111,23.02499962
"Theory, Spalding k=0.41, B=5.0",3.213399887,23.04999924
"Theory, Spalding k=0.41, B=5.0",3.217900038,23.07500076
"Theory, Spalding k=0.41, B=5.0",3.222300053,23.10000038
"Theory, Spalding k=0.41, B=5.0",3.226799965,23.125
"Theory, Spalding k=0.41, B=5.0",3.23119998,23.14999962
"Theory, Spalding k=0.41, B=5.0",3.235599995,23.17499924
"Theory, Spalding k=0.41, B=5.0",3.240099907,23.20000076
"Theory, Spalding k=0.41, B=5.0",3.244499922,23.22500038
"Theory, Spalding k=0.41, B=5.0",3.249000072,23.25
"Theory, Spalding k=0.41, B=5.0",3.253400087,23.27499962
"Theory, Spalding k=0.41, B=5.0",3.2579,23.29999924
"Theory, Spalding k=0.41, B=5.0",3.262300014,23.32500076
"Theory, Spalding k=0.41, B=5.0",3.266799927,23.35000038
"Theory, Spalding k=0.41, B=5.0",3.271199942,23.375
"Theory, Spalding k=0.41, B=5.0",3.275700092,23.39999962
"Theory, Spalding k=0.41, B=5.0",3.280100107,23.42499924
"Theory, Spalding k=0.41, B=5.0",3.284600019,23.45000076
"Theory, Spalding k=0.41, B=5.0",3.289000034,23.47500038
"Theory, Spalding k=0.41, B=5.0",3.293499947,23.5
"Theory, Spalding k=0.41, B=5.0",3.297899961,23.52499962
"Theory, Spalding k=0.41, B=5.0",3.302299976,23.54999924
"Theory, Spalding k=0.41, B=5.0",3.306799889,23.57500076
"Theory, Spalding k=0.41, B=5.0",3.311199903,23.60000038
"Theory, Spalding k=0.41, B=5.0",3.315700054,23.625
"Theory, Spalding k=0.41, B=5.0",3.320100069,23.64999962
"Theory, Spalding k=0.41, B=5.0",3.324599981,23.67499924
"Theory, Spalding k=0.41, B=5.0",3.328999996,23.70000076
"Theory, Spalding k=0.41, B=5.0",3.333499908,23.72500038
"Theory, Spalding k=0.41, B=5.0",3.337899923,23.75
"Theory, Spalding k=0.41, B=5.0",3.342400074,23.77499962
"Theory, Spalding k=0.41, B=5.0",3.346800089,23.79999924
"Theory, Spalding k=0.41, B=5.0",3.351300001,23.82500076
"Theory, Spalding k=0.41, B=5.0",3.355700016,23.85000038
"Theory, Spalding k=0.41, B=5.0",3.360199928,23.875
"Theory, Spalding k=0.41, B=5.0",3.364599943,23.89999962
"Theory, Spalding k=0.41, B=5.0",3.369100094,23.92499924
"Theory, Spalding k=0.41, B=5.0",3.373500109,23.95000076
"Theory, Spalding k=0.41, B=5.0",3.378000021,23.97500038
"Theory, Spalding k=0.41, B=5.0",3.382400036,24.0
"Theory, Spalding k=0.41, B=5.0",3.386899948,24.02499962
"Theory, Spalding k=0.41, B=5.0",3.391299963,24.04999924
"Theory, Spalding k=0.41, B=5.0",3.395800114,24.07500076
"Theory, Spalding k=0.41, B=5.0",3.40019989,24.10000038
"Theory, Spalding k=0.41, B=5.0",3.404700041,24.125
"Theory, Spalding k=0.41, B=5.0",3.409100056,24.14999962
"Theory, Spalding k=0.41, B=5.0",3.413599968,24.17499924
"Theory, Spalding k=0.41, B=5.0",3.417999983,24.20000076
"Theory, Spalding k=0.41, B=5.0",3.422499895,24.22500038
"Theory, Spalding k=0.41, B=5.0",3.42689991,24.25
"Theory, Spalding k=0.41, B=5.0",3.431400061,24.27499962
"Theory, Spalding k=0.41, B=5.0",3.435800076,24.29999924
"Theory, Spalding k=0.41, B=5.0",3.440299988,24.32500076
"Theory, Spalding k=0.41, B=5.0",3.444700003,24.35000038
"Theory, Spalding k=0.41, B=5.0",3.449199915,24.375
"Theory, Spalding k=0.41, B=5.0",3.45359993,24.39999962
"Theory, Spalding k=0.41, B=5.0",3.45810008,24.42499924
"Theory, Spalding k=0.41, B=5.0",3.462500095,24.45000076
"Theory, Spalding k=0.41, B=5.0",3.467000008,24.47500038
"Theory, Spalding k=0.41, B=5.0",3.471400023,24.5
"Theory, Spalding k=0.41, B=5.0",3.475899935,24.52499962
"Theory, Spalding k=0.41, B=5.0",3.48029995,24.54999924
"Theory, Spalding k=0.41, B=5.0",3.4848001,24.57500076
"Theory, Spalding k=0.41, B=5.0",3.489200115,24.60000038
"Theory, Spalding k=0.41, B=5.0",3.493700027,24.625
"Theory, Spalding k=0.41, B=5.0",3.498100042,24.64999962
"Theory, Spalding k=0.41, B=5.0",3.502599955,24.67499924
"Theory, Spalding k=0.41, B=5.0",3.506999969,24.70000076
"Theory, Spalding k=0.41, B=5.0",3.511499882,24.72500038
"Theory, Spalding k=0.41, B=5.0",3.515899897,24.75
"Theory, Spalding k=0.41, B=5.0",3.520400047,24.77499962
"Theory, Spalding k=0.41, B=5.0",3.524800062,24.79999924
"Theory, Spalding k=0.41, B=5.0",3.529299974,24.82500076
"Theory, Spalding k=0.41, B=5.0",3.533699989,24.85000038
"Theory, Spalding k=0.41, B=5.0",3.538199902,24.875
"Theory, Spalding k=0.41, B=5.0",3.542700052,24.89999962
"Theory, Spalding k=0.41, B=5.0",3.547100067,24.92499924
"Theory, Spalding k=0.41, B=5.0",3.551599979,24.95000076
"Theory, Spalding k=0.41, B=5.0",3.555999994,24.97500038
"Theory, Spalding k=0.41, B=5.0",3.560499907,25.0
"Theory, Spalding k=0.41, B=5.0",3.564899921,25.02499962
"Theory, Spalding k=0.41, B=5.0",3.569400072,25.04999924
"Theory, Spalding k=0.41, B=5.0",3.573800087,25.07500076
"Theory, Spalding k=0.41, B=5.0",3.578299999,25.10000038
"Theory, Spalding k=0.41, B=5.0",3.582700014,25.125
"Theory, Spalding k=0.41, B=5.0",3.587199926,25.14999962
"Theory, Spalding k=0.41, B=5.0",3.591599941,25.17499924
"Theory, Spalding k=0.41, B=5.0",3.596100092,25.20000076
"Theory, Spalding k=0.41, B=5.0",3.600500107,25.22500038
"Theory, Spalding k=0.41, B=5.0",3.605000019,25.25
"Theory, Spalding k=0.41, B=5.0",3.609400034,25.27499962
"Theory, Spalding k=0.41, B=5.0",3.613899946,25.29999924
"Theory, Spalding k=0.41, B=5.0",3.618299961,25.32500076
"Theory, Spalding k=0.41, B=5.0",3.622800112,25.35000038
"Theory, Spalding k=0.41, B=5.0",3.627199888,25.375
"Theory, Spalding k=0.41, B=5.0",3.631700039,25.39999962
"Theory, Spalding k=0.41, B=5.0",3.636199951,25.42499924
"Theory, Spalding k=0.41, B=5.0",3.640599966,25.45000076
"Theory, Spalding k=0.41, B=5.0",3.645100117,25.47500038
"Theory, Spalding k=0.41, B=5.0",3.649499893,25.5
"Theory, Spalding k=0.41, B=5.0",3.654000044,25.52499962
"Theory, Spalding k=0.41, B=5.0",3.658400059,25.54999924
"Theory, Spalding k=0.41, B=5.0",3.662899971,25.57500076
"Theory, Spalding k=0.41, B=5.0",3.667299986,25.60000038
"Theory, Spalding k=0.41, B=5.0",3.671799898,25.625
"Theory, Spalding k=0.41, B=5.0",3.676199913,25.64999962
"Theory, Spalding k=0.41, B=5.0",3.680700064,25.67499924
"Theory, Spalding k=0.41, B=5.0",3.685100079,25.70000076
"Theory, Spalding k=0.41, B=5.0",3.689599991,25.72500038
"Theory, Spalding k=0.41, B=5.0",3.694000006,25.75
"Theory, Spalding k=0.41, B=5.0",3.698499918,25.77499962
"Theory, Spalding k=0.41, B=5.0",3.703000069,25.79999924
"Theory, Spalding k=0.41, B=5.0",3.707400084,25.82500076
"Theory, Spalding k=0.41, B=5.0",3.711899996,25.85000038
"Theory, Spalding k=0.41, B=5.0",3.716300011,25.875
"Theory, Spalding k=0.41, B=5.0",3.720799923,25.89999962
"Theory, Spalding k=0.41, B=5.0",3.725199938,25.92499924
"Theory, Spalding k=0.41, B=5.0",3.729700089,25.95000076
"Theory, Spalding k=0.41, B=5.0",3.734100103,25.97500038
"Theory, Spalding k=0.41, B=5.0",3.738600016,26.0
"Theory, Spalding k=0.41, B=5.0",3.743000031,26.02499962
"Theory, Spalding k=0.41, B=5.0",3.747499943,26.04999924
"Theory, Spalding k=0.41, B=5.0",3.751899958,26.07500076
"Theory, Spalding k=0.41, B=5.0",3.756400108,26.10000038
"Theory, Spalding k=0.41, B=5.0",3.760799885,26.125
"Theory, Spalding k=0.41, B=5.0",3.765300035,26.14999962
"Theory, Spalding k=0.41, B=5.0",3.769799948,26.17499924
"Theory, Spalding k=0.41, B=5.0",3.774199963,26.20000076
"Theory, Spalding k=0.41, B=5.0",3.778700113,26.22500038
"Theory, Spalding k=0.41, B=5.0",3.78309989,26.25
"Theory, Spalding k=0.41, B=5.0",3.78760004,26.27499962
"Theory, Spalding k=0.41, B=5.0",3.792000055,26.29999924
"Theory, Spalding k=0.41, B=5.0",3.796499968,26.32500076
"Theory, Spalding k=0.41, B=5.0",3.800899982,26.35000038
"Theory, Spalding k=0.41, B=5.0",3.805399895,26.375
"Theory, Spalding k=0.41, B=5.0",3.80979991,26.39999962
"Theory, Spalding k=0.41, B=5.0",3.81430006,26.42499924
"Theory, Spalding k=0.41, B=5.0",3.818700075,26.45000076
"Theory, Spalding k=0.41, B=5.0",3.823199987,26.47500038
"Theory, Spalding k=0.41, B=5.0",3.8276999,26.5
"Theory, Spalding k=0.41, B=5.0",3.832099915,26.52499962
"Theory, Spalding k=0.41, B=5.0",3.836600065,26.54999924
"Theory, Spalding k=0.41, B=5.0",3.84100008,26.57500076
"Theory, Spalding k=0.41, B=5.0",3.845499992,26.60000038
"Theory, Spalding k=0.41, B=5.0",3.849900007,26.625
"Theory, Spalding k=0.41, B=5.0",3.85439992,26.64999962
"Theory, Spalding k=0.41, B=5.0",3.858799934,26.67499924
"Theory, Spalding k=0.41, B=5.0",3.863300085,26.70000076
"Theory, Spalding k=0.41, B=5.0",3.8677001,26.72500038
"Theory, Spalding k=0.41, B=5.0",3.872200012,26.75
"Theory, Spalding k=0.41, B=5.0",3.876600027,26.77499962
"Theory, Spalding k=0.41, B=5.0",3.881099939,26.79999924
"Theory, Spalding k=0.41, B=5.0",3.88560009,26.82500076
"Theory, Spalding k=0.41, B=5.0",3.890000105,26.85000038
"Theory, Spalding k=0.41, B=5.0",3.894500017,26.875
"Theory, Spalding k=0.41, B=5.0",3.898900032,26.89999962
"Theory, Spalding k=0.41, B=5.0",3.903399944,26.92499924
"Theory, Spalding k=0.41, B=5.0",3.907799959,26.95000076
"Theory, Spalding k=0.41, B=5.0",3.91230011,26.97500038
"Theory, Spalding k=0.41, B=5.0",3.916699886,27.0
"Theory, Spalding k=0.41, B=5.0",3.921200037,27.02499962
"Theory, Spalding k=0.41, B=5.0",3.925600052,27.04999924
"Theory, Spalding k=0.41, B=5.0",3.930099964,27.07500076
"Theory, Spalding k=0.41, B=5.0",3.934499979,27.10000038
"Theory, Spalding k=0.41, B=5.0",3.938999891,27.125
"Theory, Spalding k=0.41, B=5.0",3.943500042,27.14999962
"Theory, Spalding k=0.41, B=5.0",3.947900057,27.17499924
"Theory, Spalding k=0.41, B=5.0",3.952399969,27.20000076
"Theory, Spalding k=0.41, B=5.0",3.956799984,27.22500038
"Theory, Spalding k=0.41, B=5.0",3.961299896,27.25
"Theory, Spalding k=0.41, B=5.0",3.965699911,27.27499962
"Theory, Spalding k=0.41, B=5.0",3.970200062,27.29999924
"Theory, Spalding k=0.41, B=5.0",3.974600077,27.32500076
"Theory, Spalding k=0.41, B=5.0",3.979099989,27.35000038
"Theory, Spalding k=0.41, B=5.0",3.983500004,27.375
"Theory, Spalding k=0.41, B=5.0",3.987999916,27.39999962
"Theory, Spalding k=0.41, B=5.0",3.992399931,27.42499924
"Theory, Spalding k=0.41, B=5.0",3.996900082,27.45000076
"Theory, Spalding k=0.41, B=5.0",4.001399994,27.47500038
"Theory, Spalding k=0.41, B=5.0",4.00579977,27.5
"Theory, Spalding k=0.41, B=5.0",4.010300159,27.52499962
"Theory, Spalding k=0.41, B=5.0",4.014699936,27.54999924
"Theory, Spalding k=0.41, B=5.0",4.019199848,27.57500076
"Theory, Spalding k=0.41, B=5.0",4.023600101,27.60000038
"Theory, Spalding k=0.41, B=5.0",4.028100014,27.625
"Theory, Spalding k=0.41, B=5.0",4.03249979,27.64999962
"Theory, Spalding k=0.41, B=5.0",4.037000179,27.67499924
"Theory, Spalding k=0.41, B=5.0",4.041399956,27.70000076
"Theory, Spalding k=0.41, B=5.0",4.045899868,27.72500038
"Theory, Spalding k=0.41, B=5.0",4.050300121,27.75
"Theory, Spalding k=0.41, B=5.0",4.054800034,27.77499962
"Theory, Spalding k=0.41, B=5.0",4.059299946,27.79999924
"Theory, Spalding k=0.41, B=5.0",4.063700199,27.82500076
"Theory, Spalding k=0.41, B=5.0",4.068200111,27.85000038
"Theory, Spalding k=0.41, B=5.0",4.072599888,27.875
"Theory, Spalding k=0.41, B=5.0",4.0770998,27.89999962
"Theory, Spalding k=0.41, B=5.0",4.081500053,27.92499924
"Theory, Spalding k=0.41, B=5.0",4.085999966,27.95000076
"Theory, Spalding k=0.41, B=5.0",4.090400219,27.97500038
"Theory, Spalding k=0.41, B=5.0",4.094900131,28.0
"Theory, Spalding k=0.41, B=5.0",4.099299908,28.02499962
"Theory, Spalding k=0.41, B=5.0",4.10379982,28.04999924
"Theory, Spalding k=0.41, B=5.0",4.108300209,28.07500076
"Theory, Spalding k=0.41, B=5.0",4.112699986,28.10000038
"Theory, Spalding k=0.41, B=5.0",4.117199898,28.125
"Theory, Spalding k=0.41, B=5.0",4.121600151,28.14999962
"Theory, Spalding k=0.41, B=5.0",4.126100063,28.17499924
"Theory, Spalding k=0.41, B=5.0",4.13049984,28.20000076
"Theory, Spalding k=0.41, B=5.0",4.135000229,28.22500038
"Theory, Spalding k=0.41, B=5.0",4.139400005,28.25
"Theory, Spalding k=0.41, B=5.0",4.143899918,28.27499962
"Theory, Spalding k=0.41, B=5.0",4.148300171,28.29999924
"Theory, Spalding k=0.41, B=5.0",4.152800083,28.32500076
"Theory, Spalding k=0.41, B=5.0",4.15719986,28.35000038
"Theory, Spalding k=0.41, B=5.0",4.161699772,28.375
"Theory, Spalding k=0.41, B=5.0",4.166200161,28.39999962
"Theory, Spalding k=0.41, B=5.0",4.170599937,28.42499924
"Theory, Spalding k=0.41, B=5.0",4.17509985,28.45000076
"Theory, Spalding k=0.41, B=5.0",4.179500103,28.47500038
"Theory, Spalding k=0.41, B=5.0",4.184000015,28.5
"Theory, Spalding k=0.41, B=5.0",4.188399792,28.52499962
"Theory, Spalding k=0.41, B=5.0",4.192900181,28.54999924
"Theory, Spalding k=0.41, B=5.0",4.197299957,28.57500076
"Theory, Spalding k=0.41, B=5.0",4.20179987,28.60000038
"Theory, Spalding k=0.41, B=5.0",4.206200123,28.625
"Theory, Spalding k=0.41, B=5.0",4.210700035,28.64999962
"Theory, Spalding k=0.41, B=5.0",4.215099812,28.67499924
"Theory, Spalding k=0.41, B=5.0",4.219600201,28.70000076
"Theory, Spalding k=0.41, B=5.0",4.224100113,28.72500038
"Theory, Spalding k=0.41, B=5.0",4.228499889,28.75
"Theory, Spalding k=0.41, B=5.0",4.232999802,28.77499962
"Theory, Spalding k=0.41, B=5.0",4.237400055,28.79999924
"Theory, Spalding k=0.41, B=5.0",4.241899967,28.82500076
"Theory, Spalding k=0.41, B=5.0",4.24630022,28.85000038
"Theory, Spalding k=0.41, B=5.0",4.250800133,28.875
"Theory, Spalding k=0.41, B=5.0",4.255199909,28.89999962
"Theory, Spalding k=0.41, B=5.0",4.259699821,28.92499924
"Theory, Spalding k=0.41, B=5.0",4.264100075,28.95000076
"Theory, Spalding k=0.41, B=5.0",4.268599987,28.97500038
"Theory, Spalding k=0.41, B=5.0",4.272999763,29.0
"Theory, Spalding k=0.41, B=5.0",4.277500153,29.02499962
"Theory, Spalding k=0.41, B=5.0",4.282000065,29.04999924
"Theory, Spalding k=0.41, B=5.0",4.286399841,29.07500076
"Theory, Spalding k=0.41, B=5.0",4.29090023,29.10000038
"Theory, Spalding k=0.41, B=5.0",4.295300007,29.125
"Theory, Spalding k=0.41, B=5.0",4.299799919,29.14999962
"Theory, Spalding k=0.41, B=5.0",4.304200172,29.17499924
"Theory, Spalding k=0.41, B=5.0",4.308700085,29.20000076
"Theory, Spalding k=0.41, B=5.0",4.313099861,29.22500038
"Theory, Spalding k=0.41, B=5.0",4.317599773,29.25
"Theory, Spalding k=0.41, B=5.0",4.322000027,29.27499962
"Theory, Spalding k=0.41, B=5.0",4.326499939,29.29999924
"Theory, Spalding k=0.41, B=5.0",4.330900192,29.32500076
"Theory, Spalding k=0.41, B=5.0",4.335400105,29.35000038
"Theory, Spalding k=0.41, B=5.0",4.339900017,29.375
"Theory, Spalding k=0.41, B=5.0",4.344299793,29.39999962
"Theory, Spalding k=0.41, B=5.0",4.348800182,29.42499924
"Theory, Spalding k=0.41, B=5.0",4.353199959,29.45000076
"Theory, Spalding k=0.41, B=5.0",4.357699871,29.47500038
"Theory, Spalding k=0.41, B=5.0",4.362100124,29.5
"Theory, Spalding k=0.41, B=5.0",4.366600037,29.52499962
"Theory, Spalding k=0.41, B=5.0",4.370999813,29.54999924
"Theory, Spalding k=0.41, B=5.0",4.375500202,29.57500076
"Theory, Spalding k=0.41, B=5.0",4.379899979,29.60000038
"Theory, Spalding k=0.41, B=5.0",4.384399891,29.625
"Theory, Spalding k=0.41, B=5.0",4.388800144,29.64999962
"Theory, Spalding k=0.41, B=5.0",4.393300056,29.67499924
"Theory, Spalding k=0.41, B=5.0",4.397699833,29.70000076
"Theory, Spalding k=0.41, B=5.0",4.402200222,29.72500038
"Theory, Spalding k=0.41, B=5.0",4.406700134,29.75
"Theory, Spalding k=0.41, B=5.0",4.411099911,29.77499962
"Theory, Spalding k=0.41, B=5.0",4.415599823,29.79999924
"Theory, Spalding k=0.41, B=5.0",4.420000076,29.82500076
"Theory, Spalding k=0.41, B=5.0",4.424499989,29.85000038
"Theory, Spalding k=0.41, B=5.0",4.428899765,29.875
"Theory, Spalding k=0.41, B=5.0",4.433400154,29.89999962
"Theory, Spalding k=0.41, B=5.0",4.437799931,29.92499924
"Theory, Spalding k=0.41, B=5.0",4.442299843,29.95000076
"Theory, Spalding k=0.41, B=5.0",4.446700096,29.97500038
"Theory, Spalding k=0.41, B=5.0",4.451200008,30.0
"Theory, Spalding k=0.41, B=5.0",4.455599785,30.02499962
"Theory, Spalding k=0.41, B=5.0",4.460100174,30.04999924
"Theory, Spalding k=0.41, B=5.0",4.464600086,30.07500076
"Theory, Spalding k=0.41, B=5.0",4.468999863,30.10000038
"Theory, Spalding k=0.41, B=5.0",4.473499775,30.125
"Theory, Spalding k=0.41, B=5.0",4.477900028,30.14999962
"Theory, Spalding k=0.41, B=5.0",4.48239994,30.17499924
"Theory, Spalding k=0.41, B=5.0",4.486800194,30.20000076
"Theory, Spalding k=0.41, B=5.0",4.491300106,30.22500038
"Theory, Spalding k=0.41, B=5.0",4.495699883,30.25
"Theory, Spalding k=0.41, B=5.0",4.500199795,30.27499962
"Theory, Spalding k=0.41, B=5.0",4.504600048,30.29999924
"Theory, Spalding k=0.41, B=5.0",4.50909996,30.32500076
"Theory, Spalding k=0.41, B=5.0",4.513500214,30.35000038
"Theory, Spalding k=0.41, B=5.0",4.518000126,30.375
"Theory, Spalding k=0.41, B=5.0",4.522399902,30.39999962
"Theory, Spalding k=0.41, B=5.0",4.526899815,30.42499924
"Theory, Spalding k=0.41, B=5.0",4.531400204,30.45000076
"Theory, Spalding k=0.41, B=5.0",4.53579998,30.47500038
"Theory, Spalding k=0.41, B=5.0",4.540299892,30.5
"Theory, Spalding k=0.41, B=5.0",4.544700146,30.52499962
"Theory, Spalding k=0.41, B=5.0",4.549200058,30.54999924
"Theory, Spalding k=0.41, B=5.0",4.553599834,30.57500076
"Theory, Spalding k=0.41, B=5.0",4.558100224,30.60000038
"Theory, Spalding k=0.41, B=5.0",4.5625,30.625
"Theory, Spalding k=0.41, B=5.0",4.566999912,30.64999962
"Theory, Spalding k=0.41, B=5.0",4.571400166,30.67499924
"Theory, Spalding k=0.41, B=5.0",4.575900078,30.70000076
"Theory, Spalding k=0.41, B=5.0",4.580299854,30.72500038
"Theory, Spalding k=0.41, B=5.0",4.584799767,30.75
"Theory, Spalding k=0.41, B=5.0",4.58920002,30.77499962
"Theory, Spalding k=0.41, B=5.0",4.593699932,30.79999924
"Theory, Spalding k=0.41, B=5.0",4.598100185,30.82500076
"Theory, Spalding k=0.41, B=5.0",4.602600098,30.85000038
"Theory, Spalding k=0.41, B=5.0",4.60710001,30.875
"Theory, Spalding k=0.41, B=5.0",4.611499786,30.89999962
"Theory, Spalding k=0.41, B=5.0",4.616000175,30.92499924
"Theory, Spalding k=0.41, B=5.0",4.620399952,30.95000076
"Theory, Spalding k=0.41, B=5.0",4.624899864,30.97500038
"Theory, Spalding k=0.41, B=5.0",4.629300117,31.0
"Theory, Spalding k=0.41, B=5.0",4.63380003,31.02499962
"Theory, Spalding k=0.41, B=5.0",4.638199806,31.04999924
"Theory, Spalding k=0.41, B=5.0",4.642700195,31.07500076
"Theory, Spalding k=0.41, B=5.0",4.647099972,31.10000038
"Theory, Spalding k=0.41, B=5.0",4.651599884,31.125
"Theory, Spalding k=0.41, B=5.0",4.656000137,31.14999962
"Theory, Spalding k=0.41, B=5.0",4.66050005,31.17499924
"Theory, Spalding k=0.41, B=5.0",4.664899826,31.20000076
"Theory, Spalding k=0.41, B=5.0",4.669400215,31.22500038
"Theory, Spalding k=0.41, B=5.0",4.673900127,31.25
"Theory, Spalding k=0.41, B=5.0",4.678299904,31.27499962
"Theory, Spalding k=0.41, B=5.0",4.682799816,31.29999924
"Theory, Spalding k=0.41, B=5.0",4.687200069,31.32500076
"Theory, Spalding k=0.41, B=5.0",4.691699982,31.35000038
"Theory, Spalding k=0.41, B=5.0",4.696100235,31.375
"Theory, Spalding k=0.41, B=5.0",4.700600147,31.39999962
"Theory, Spalding k=0.41, B=5.0",4.704999924,31.42499924
"Theory, Spalding k=0.41, B=5.0",4.709499836,31.45000076
"Theory, Spalding k=0.41, B=5.0",4.713900089,31.47500038
"Theory, Spalding k=0.41, B=5.0",4.718400002,31.5
"Theory, Spalding k=0.41, B=5.0",4.722799778,31.52499962
"Theory, Spalding k=0.41, B=5.0",4.727300167,31.54999924
"Theory, Spalding k=0.41, B=5.0",4.731699944,31.57500076
"Theory, Spalding k=0.41, B=5.0",4.736199856,31.60000038
"Theory, Spalding k=0.41, B=5.0",4.740600109,31.625
"Theory, Spalding k=0.41, B=5.0",4.745100021,31.64999962
"Theory, Spalding k=0.41, B=5.0",4.749599934,31.67499924
"Theory, Spalding k=0.41, B=5.0",4.754000187,31.70000076
"Theory, Spalding k=0.41, B=5.0",4.758500099,31.72500038
"Theory, Spalding k=0.41, B=5.0",4.762899876,31.75
"Theory, Spalding k=0.41, B=5.0",4.767399788,31.77499962
"Theory, Spalding k=0.41, B=5.0",4.771800041,31.79999924
"Theory, Spalding k=0.41, B=5.0",4.776299953,31.82500076
"Theory, Spalding k=0.41, B=5.0",4.780700207,31.85000038
"Theory, Spalding k=0.41, B=5.0",4.785200119,31.875
"Theory, Spalding k=0.41, B=5.0",4.789599895,31.89999962
"Theory, Spalding k=0.41, B=5.0",4.794099808,31.92499924
"Theory, Spalding k=0.41, B=5.0",4.798500061,31.95000076
"Theory, Spalding k=0.41, B=5.0",4.802999973,31.97500038
"Theory, Spalding k=0.41, B=5.0",4.807400227,32.0
"Theory, Spalding k=0.41, B=5.0",4.811900139,32.02500153
"Theory, Spalding k=0.41, B=5.0",4.816299915,32.04999924
"Theory, Spalding k=0.41, B=5.0",4.820799828,32.07500076
"Theory, Spalding k=0.41, B=5.0",4.825300217,32.09999847
"Theory, Spalding k=0.41, B=5.0",4.829699993,32.125
"Theory, Spalding k=0.41, B=5.0",4.834199905,32.15000153
"Theory, Spalding k=0.41, B=5.0",4.838600159,32.17499924
"Theory, Spalding k=0.41, B=5.0",4.843100071,32.20000076
"Theory, Spalding k=0.41, B=5.0",4.847499847,32.22499847
"Theory, Spalding k=0.41, B=5.0",4.852000237,32.25
"Theory, Spalding k=0.41, B=5.0",4.856400013,32.27500153
"Theory, Spalding k=0.41, B=5.0",4.860899925,32.29999924
"Theory, Spalding k=0.41, B=5.0",4.865300179,32.32500076
"Theory, Spalding k=0.41, B=5.0",4.869800091,32.34999847
"Theory, Spalding k=0.41, B=5.0",4.874199867,32.375
"Theory, Spalding k=0.41, B=5.0",4.87869978,32.40000153
"Theory, Spalding k=0.41, B=5.0",4.883100033,32.42499924
"Theory, Spalding k=0.41, B=5.0",4.887599945,32.45000076
"Theory, Spalding k=0.41, B=5.0",4.892000198,32.47499847
"Theory, Spalding k=0.41, B=5.0",4.896500111,32.5
"Theory, Spalding k=0.41, B=5.0",4.900899887,32.52500153
"Theory, Spalding k=0.41, B=5.0",4.905399799,32.54999924
"Theory, Spalding k=0.41, B=5.0",4.909900188,32.57500076
"Theory, Spalding k=0.41, B=5.0",4.914299965,32.59999847
"Theory, Spalding k=0.41, B=5.0",4.918799877,32.625
"Theory, Spalding k=0.41, B=5.0",4.92320013,32.65000153
"Theory, Spalding k=0.41, B=5.0",4.927700043,32.67499924
"Theory, Spalding k=0.41, B=5.0",4.932099819,32.70000076
"Theory, Spalding k=0.41, B=5.0",4.936600208,32.72499847
"Theory, Spalding k=0.41, B=5.0",4.940999985,32.75
"Theory, Spalding k=0.41, B=5.0",4.945499897,32.77500153
"Theory, Spalding k=0.41, B=5.0",4.94990015,32.79999924
"Theory, Spalding k=0.41, B=5.0",4.954400063,32.82500076
"Theory, Spalding k=0.41, B=5.0",4.958799839,32.84999847
"Theory, Spalding k=0.41, B=5.0",4.963300228,32.875
"Theory, Spalding k=0.41, B=5.0",4.967700005,32.90000153
"Theory, Spalding k=0.41, B=5.0",4.972199917,32.92499924
"Theory, Spalding k=0.41, B=5.0",4.97660017,32.95000076
"Theory, Spalding k=0.41, B=5.0",4.981100082,32.97499847
"Theory, Spalding k=0.41, B=5.0",4.985499859,33.0
"Theory, Spalding k=0.41, B=5.0",4.989999771,33.02500153
"Theory, Spalding k=0.41, B=5.0",4.99450016,33.04999924
"Theory, Spalding k=0.41, B=5.0",4.998899937,33.07500076
"Theory, Spalding k=0.41, B=5.0",5.003399849,33.09999847
"Theory, Spalding k=0.41, B=5.0",5.007800102,33.125
"Theory, Spalding k=0.41, B=5.0",5.012300014,33.15000153
"Theory, Spalding k=0.41, B=5.0",5.016699791,33.17499924
"Theory, Spalding k=0.41, B=5.0",5.02120018,33.20000076
"Theory, Spalding k=0.41, B=5.0",5.025599957,33.22499847
"Theory, Spalding k=0.41, B=5.0",5.030099869,33.25
"Theory, Spalding k=0.41, B=5.0",5.034500122,33.27500153
"Theory, Spalding k=0.41, B=5.0",5.039000034,33.29999924
"Theory, Spalding k=0.41, B=5.0",5.043399811,33.32500076
"Theory, Spalding k=0.41, B=5.0",5.0479002,33.34999847
"Theory, Spalding k=0.41, B=5.0",5.052299976,33.375
"Theory, Spalding k=0.41, B=5.0",5.056799889,33.40000153
"Theory, Spalding k=0.41, B=5.0",5.061200142,33.42499924
"Theory, Spalding k=0.41, B=5.0",5.065700054,33.45000076
"Theory, Spalding k=0.41, B=5.0",5.070099831,33.47499847
"Theory, Spalding k=0.41, B=5.0",5.07460022,33.5
"Theory, Spalding k=0.41, B=5.0",5.079100132,33.52500153
"Theory, Spalding k=0.41, B=5.0",5.083499908,33.54999924
"Theory, Spalding k=0.41, B=5.0",5.087999821,33.57500076
"Theory, Spalding k=0.41, B=5.0",5.092400074,33.59999847
"Theory, Spalding k=0.41, B=5.0",5.096899986,33.625
"Theory, Spalding k=0.41, B=5.0",5.101299763,33.65000153
"Theory, Spalding k=0.41, B=5.0",5.105800152,33.67499924
"Theory, Spalding k=0.41, B=5.0",5.110199928,33.70000076
"Theory, Spalding k=0.41, B=5.0",5.114699841,33.72499847
"Theory, Spalding k=0.41, B=5.0",5.119100094,33.75
"Theory, Spalding k=0.41, B=5.0",5.123600006,33.77500153
"Theory, Spalding k=0.41, B=5.0",5.127999783,33.79999924
"Theory, Spalding k=0.41, B=5.0",5.132500172,33.82500076
"Theory, Spalding k=0.41, B=5.0",5.136899948,33.84999847
"Theory, Spalding k=0.41, B=5.0",5.14139986,33.875
"Theory, Spalding k=0.41, B=5.0",5.145800114,33.90000153
"Theory, Spalding k=0.41, B=5.0",5.150300026,33.92499924
"Theory, Spalding k=0.41, B=5.0",5.154699802,33.95000076
"Theory, Spalding k=0.41, B=5.0",5.159200191,33.97499847
"Theory, Spalding k=0.41, B=5.0",5.163599968,34.0
"Theory, Spalding k=0.41, B=5.0",5.16809988,34.02500153
"Theory, Spalding k=0.41, B=5.0",5.172599792,34.04999924
"Theory, Spalding k=0.41, B=5.0",5.177000046,34.07500076
"Theory, Spalding k=0.41, B=5.0",5.181499958,34.09999847
"Theory, Spalding k=0.41, B=5.0",5.185900211,34.125
"Theory, Spalding k=0.41, B=5.0",5.190400124,34.15000153
"Theory, Spalding k=0.41, B=5.0",5.1947999,34.17499924
"Theory, Spalding k=0.41, B=5.0",5.199299812,34.20000076
"Theory, Spalding k=0.41, B=5.0",5.203700066,34.22499847
"Theory, Spalding k=0.41, B=5.0",5.208199978,34.25
"Theory, Spalding k=0.41, B=5.0",5.212600231,34.27500153
"Theory, Spalding k=0.41, B=5.0",5.217100143,34.29999924
"Theory, Spalding k=0.41, B=5.0",5.22149992,34.32500076
"Theory, Spalding k=0.41, B=5.0",5.225999832,34.34999847
"Theory, Spalding k=0.41, B=5.0",5.230400085,34.375
"Theory, Spalding k=0.41, B=5.0",5.234899998,34.40000153
"Theory, Spalding k=0.41, B=5.0",5.239299774,34.42499924
"Theory, Spalding k=0.41, B=5.0",5.243800163,34.45000076
"Theory, Spalding k=0.41, B=5.0",5.24819994,34.47499847
"Theory, Spalding k=0.41, B=5.0",5.252699852,34.5
"Theory, Spalding k=0.41, B=5.0",5.257100105,34.52500153
"Theory, Spalding k=0.41, B=5.0",5.261600018,34.54999924
"Theory, Spalding k=0.41, B=5.0",5.265999794,34.57500076
"Theory, Spalding k=0.41, B=5.0",5.270500183,34.59999847
"Theory, Spalding k=0.41, B=5.0",5.275000095,34.625
"Theory, Spalding k=0.41, B=5.0",5.279399872,34.65000153
"Theory, Spalding k=0.41, B=5.0",5.283899784,34.67499924
"Theory, Spalding k=0.41, B=5.0",5.288300037,34.70000076
"Theory, Spalding k=0.41, B=5.0",5.29279995,34.72499847
"Theory, Spalding k=0.41, B=5.0",5.297200203,34.75
"Theory, Spalding k=0.41, B=5.0",5.301700115,34.77500153
"Theory, Spalding k=0.41, B=5.0",5.306099892,34.79999924
"Theory, Spalding k=0.41, B=5.0",5.310599804,34.82500076
"Theory, Spalding k=0.41, B=5.0",5.315000057,34.84999847
"Theory, Spalding k=0.41, B=5.0",5.319499969,34.875
"Theory, Spalding k=0.41, B=5.0",5.323900223,34.90000153
"Theory, Spalding k=0.41, B=5.0",5.328400135,34.92499924
"Theory, Spalding k=0.41, B=5.0",5.332799911,34.95000076
"Theory, Spalding k=0.41, B=5.0",5.337299824,34.97499847
"Theory, Spalding k=0.41, B=5.0",5.341700077,35.0
"Theory, Spalding k=0.41, B=5.0",5.346199989,35.02500153
"Theory, Spalding k=0.41, B=5.0",5.350599766,35.04999924
"Theory, Spalding k=0.41, B=5.0",5.355100155,35.07500076
"Theory, Spalding k=0.41, B=5.0",5.359499931,35.09999847
"Theory, Spalding k=0.41, B=5.0",5.363999844,35.125
"Theory, Spalding k=0.41, B=5.0",5.368400097,35.15000153
"Theory, Spalding k=0.41, B=5.0",5.372900009,35.17499924
"Theory, Spalding k=0.41, B=5.0",5.377399921,35.20000076
"Theory, Spalding k=0.41, B=5.0",5.381800175,35.22499847
"Theory, Spalding k=0.41, B=5.0",5.386300087,35.25
"Theory, Spalding k=0.41, B=5.0",5.390699863,35.27500153
"Theory, Spalding k=0.41, B=5.0",5.395199776,35.29999924
"Theory, Spalding k=0.41, B=5.0",5.399600029,35.32500076
"Theory, Spalding k=0.41, B=5.0",5.404099941,35.34999847
"Theory, Spalding k=0.41, B=5.0",5.408500195,35.375
"Theory, Spalding k=0.41, B=5.0",5.413000107,35.40000153
"Theory, Spalding k=0.41, B=5.0",5.417399883,35.42499924
"Theory, Spalding k=0.41, B=5.0",5.421899796,35.45000076
"Theory, Spalding k=0.41, B=5.0",5.426300049,35.47499847
"Theory, Spalding k=0.41, B=5.0",5.430799961,35.5
"Theory, Spalding k=0.41, B=5.0",5.435200214,35.52500153
"Theory, Spalding k=0.41, B=5.0",5.439700127,35.54999924
"Theory, Spalding k=0.41, B=5.0",5.444099903,35.57500076
"Theory, Spalding k=0.41, B=5.0",5.448599815,35.59999847
"Theory, Spalding k=0.41, B=5.0",5.453000069,35.625
"Theory, Spalding k=0.41, B=5.0",5.457499981,35.65000153
"Theory, Spalding k=0.41, B=5.0",5.461900234,35.67499924
"Theory, Spalding k=0.41, B=5.0",5.466400146,35.70000076
"Theory, Spalding k=0.41, B=5.0",5.470799923,35.72499847
"Theory, Spalding k=0.41, B=5.0",5.475299835,35.75
"Theory, Spalding k=0.41, B=5.0",5.479800224,35.77500153
"Theory, Spalding k=0.41, B=5.0",5.484200001,35.79999924
"Theory, Spalding k=0.41, B=5.0",5.488699913,35.82500076
"Theory, Spalding k=0.41, B=5.0",5.493100166,35.84999847
"Theory, Spalding k=0.41, B=5.0",5.497600079,35.875
"Theory, Spalding k=0.41, B=5.0",5.501999855,35.90000153
"Theory, Spalding k=0.41, B=5.0",5.506499767,35.92499924
"Theory, Spalding k=0.41, B=5.0",5.510900021,35.95000076
"Theory, Spalding k=0.41, B=5.0",5.515399933,35.97499847
"Theory, Spalding k=0.41, B=5.0",5.519800186,36.0
"Theory, Spalding k=0.41, B=5.0",5.524300098,36.02500153
"Theory, Spalding k=0.41, B=5.0",5.528699875,36.04999924
"Theory, Spalding k=0.41, B=5.0",5.533199787,36.07500076
"Theory, Spalding k=0.41, B=5.0",5.53760004,36.09999847
"Theory, Spalding k=0.41, B=5.0",5.542099953,36.125
"Theory, Spalding k=0.41, B=5.0",5.546500206,36.15000153
"Theory, Spalding k=0.41, B=5.0",5.551000118,36.17499924
"Theory, Spalding k=0.41, B=5.0",5.555399895,36.20000076
"Theory, Spalding k=0.41, B=5.0",5.559899807,36.22499847
"Theory, Spalding k=0.41, B=5.0",5.56430006,36.25
"Theory, Spalding k=0.41, B=5.0",5.568799973,36.27500153
"Theory, Spalding k=0.41, B=5.0",5.573200226,36.29999924
"Theory, Spalding k=0.41, B=5.0",5.577700138,36.32500076
"Theory, Spalding k=0.41, B=5.0",5.582099915,36.34999847
"Theory, Spalding k=0.41, B=5.0",5.586599827,36.375
"Theory, Spalding k=0.41, B=5.0",5.591100216,36.40000153
"Theory, Spalding k=0.41, B=5.0",5.595499992,36.42499924
"Theory, Spalding k=0.41, B=5.0",5.599999905,36.45000076
"Theory, Spalding k=0.41, B=5.0",5.604400158,36.47499847
"Theory, Spalding k=0.41, B=5.0",5.60890007,36.5
"Theory, Spalding k=0.41, B=5.0",5.613299847,36.52500153
"Theory, Spalding k=0.41, B=5.0",5.617800236,36.54999924
"Theory, Spalding k=0.41, B=5.0",5.622200012,36.57500076
"Theory, Spalding k=0.41, B=5.0",5.626699924,36.59999847
"Theory, Spalding k=0.41, B=5.0",5.631100178,36.625
"Theory, Spalding k=0.41, B=5.0",5.63560009,36.65000153
"Theory, Spalding k=0.41, B=5.0",5.639999866,36.67499924
"Theory, Spalding k=0.41, B=5.0",5.644499779,36.70000076
"Theory, Spalding k=0.41, B=5.0",5.648900032,36.72499847
"Theory, Spalding k=0.41, B=5.0",5.653399944,36.75
"Theory, Spalding k=0.41, B=5.0",5.657800198,36.77500153
"Theory, Spalding k=0.41, B=5.0",5.66230011,36.79999924
"Theory, Spalding k=0.41, B=5.0",5.666699886,36.82500076
"Theory, Spalding k=0.41, B=5.0",5.671199799,36.84999847
"Theory, Spalding k=0.41, B=5.0",5.675600052,36.875
"Theory, Spalding k=0.41, B=5.0",5.680099964,36.90000153
"Theory, Spalding k=0.41, B=5.0",5.684500217,36.92499924
"Theory, Spalding k=0.41, B=5.0",5.68900013,36.95000076
"Theory, Spalding k=0.41, B=5.0",5.693399906,36.97499847
"Theory, Spalding k=0.41, B=5.0",5.697899818,37.0
"Theory, Spalding k=0.41, B=5.0",5.702300072,37.02500153
"Theory, Spalding k=0.41, B=5.0",5.706799984,37.04999924
"Theory, Spalding k=0.41, B=5.0",5.711299896,37.07500076
"Theory, Spalding k=0.41, B=5.0",5.71570015,37.09999847
"Theory, Spalding k=0.41, B=5.0",5.720200062,37.125
"Theory, Spalding k=0.41, B=5.0",5.724599838,37.15000153
"Theory, Spalding k=0.41, B=5.0",5.729100227,37.17499924
"Theory, Spalding k=0.41, B=5.0",5.733500004,37.20000076
"Theory, Spalding k=0.41, B=5.0",5.737999916,37.22499847
"Theory, Spalding k=0.41, B=5.0",5.742400169,37.25
"Theory, Spalding k=0.41, B=5.0",5.746900082,37.27500153
"Theory, Spalding k=0.41, B=5.0",5.751299858,37.29999924
"Theory, Spalding k=0.41, B=5.0",5.75579977,37.32500076
"Theory, Spalding k=0.41, B=5.0",5.760200024,37.34999847
"Theory, Spalding k=0.41, B=5.0",5.764699936,37.375
"Theory, Spalding k=0.41, B=5.0",5.769100189,37.40000153
"Theory, Spalding k=0.41, B=5.0",5.773600101,37.42499924
"Theory, Spalding k=0.41, B=5.0",5.777999878,37.45000076
"Theory, Spalding k=0.41, B=5.0",5.78249979,37.47499847
"Theory, Spalding k=0.41, B=5.0",5.786900043,37.5
"Theory, Spalding k=0.41, B=5.0",5.791399956,37.52500153
"Theory, Spalding k=0.41, B=5.0",5.795800209,37.54999924
"Theory, Spalding k=0.41, B=5.0",5.800300121,37.57500076
"Theory, Spalding k=0.41, B=5.0",5.804699898,37.59999847
"Theory, Spalding k=0.41, B=5.0",5.80919981,37.625
"Theory, Spalding k=0.41, B=5.0",5.813600063,37.65000153
"Theory, Spalding k=0.41, B=5.0",5.818099976,37.67499924
"Theory, Spalding k=0.41, B=5.0",5.822500229,37.70000076
"Theory, Spalding k=0.41, B=5.0",5.827000141,37.72499847
"Theory, Spalding k=0.41, B=5.0",5.831500053,37.75
"Theory, Spalding k=0.41, B=5.0",5.83589983,37.77500153
"Theory, Spalding k=0.41, B=5.0",5.840400219,37.79999924
"Theory, Spalding k=0.41, B=5.0",5.844799995,37.82500076
"Theory, Spalding k=0.41, B=5.0",5.849299908,37.84999847
"Theory, Spalding k=0.41, B=5.0",5.853700161,37.875
"Theory, Spalding k=0.41, B=5.0",5.858200073,37.90000153
"Theory, Spalding k=0.41, B=5.0",5.86259985,37.92499924
"Theory, Spalding k=0.41, B=5.0",5.867099762,37.95000076
"Theory, Spalding k=0.41, B=5.0",5.871500015,37.97499847
"Theory, Spalding k=0.41, B=5.0",5.875999928,38.0
"Theory, Spalding k=0.41, B=5.0",5.880400181,38.02500153
"Theory, Spalding k=0.41, B=5.0",5.884900093,38.04999924
"Theory, Spalding k=0.41, B=5.0",5.88929987,38.07500076
"Theory, Spalding k=0.41, B=5.0",5.893799782,38.09999847
"Theory, Spalding k=0.41, B=5.0",5.898200035,38.125
"Theory, Spalding k=0.41, B=5.0",5.902699947,38.15000153
"Theory, Spalding k=0.41, B=5.0",5.907100201,38.17499924
"Theory, Spalding k=0.41, B=5.0",5.911600113,38.20000076
"Theory, Spalding k=0.41, B=5.0",5.915999889,38.22499847
"Theory, Spalding k=0.41, B=5.0",5.920499802,38.25
"Theory, Spalding k=0.41, B=5.0",5.924900055,38.27500153
"Theory, Spalding k=0.41, B=5.0",5.929399967,38.29999924
"Theory, Spalding k=0.41, B=5.0",5.93380022,38.32500076
"Theory, Spalding k=0.41, B=5.0",5.938300133,38.34999847
"Theory, Spalding k=0.41, B=5.0",5.942699909,38.375
"Theory, Spalding k=0.41, B=5.0",5.947199821,38.40000153
"Theory, Spalding k=0.41, B=5.0",5.951600075,38.42499924
"Theory, Spalding k=0.41, B=5.0",5.956099987,38.45000076
"Theory, Spalding k=0.41, B=5.0",5.960599899,38.47499847
"Theory, Spalding k=0.41, B=5.0",5.965000153,38.5
"Theory, Spalding k=0.41, B=5.0",5.969500065,38.52500153
"Theory, Spalding k=0.41, B=5.0",5.973899841,38.54999924
"Theory, Spalding k=0.41, B=5.0",5.97840023,38.57500076
"Theory, Spalding k=0.41, B=5.0",5.982800007,38.59999847
"Theory, Spalding k=0.41, B=5.0",5.987299919,38.625
"Theory, Spalding k=0.41, B=5.0",5.991700172,38.65000153
"Theory, Spalding k=0.41, B=5.0",5.996200085,38.67499924
"Theory, Spalding k=0.41, B=5.0",6.000599861,38.70000076
