zone,y+,u+
zone,0.9000367726807091,0.9000052331841983
zone,1.000040858534121,0.9999874316874835
zone,1.100044944387533,1.099958986329417
zone,1.200049030240945,1.199916460851876
zone,1.300053116094358,1.299855768000203
zone,1.40005720194777,1.399772120880344
zone,1.500061287801182,1.499659986896612
zone,1.600065373654594,1.599513044592757
zone,1.700069459508006,1.699324143757102
zone,1.800073545361418,1.799085269188155
zone,1.90007763121483,1.898787508547488
zone,2.000081717068242,1.998421024753199
zone,2.100085802921654,2.097975033386554
zone,2.200089888775067,2.19743778559093
zone,2.300093974628479,2.296796556948951
zone,2.400098060481891,2.396037642802674
zone,2.500102146335303,2.495146360463232
zone,2.600106232188715,2.59410705870857
zone,2.700110318042127,2.692903134949244
zone,2.800114403895539,2.791517060289588
zone,2.900118489748952,2.889930412731597
zone,3.000122575602364,2.988123918599748
zone,3.100126661455776,3.086077502177732
zone,3.200130747309188,3.18377034342408
zone,3.3001348331626,3.281180943503809
zone,3.400138919016012,3.378287197738727
zone,3.500143004869424,3.475066475443573
zone,3.600147090722837,3.571495705983389
zone,3.700151176576249,3.667551470262328
zone,3.800155262429661,3.763210096741602
zone,3.900159348283073,3.858447760986795
zone,4.000163434136485,3.953240587667074
zone,4.100167519989897,4.047564753873453
zone,4.200171605843309,4.141396592592271
zone,4.300175691696722,4.234712695165381
zone,4.400179777550133,4.327490011589108
zone,4.500183863403546,4.419705947551013
zone,4.600187949256958,4.511338457173422
zone,4.70019203511037,4.602366130524077
zone,4.800196120963782,4.692768275062963
zone,4.900200206817194,4.78252499031821
zone,5.000204292670606,4.871617235216606
zone,5.100208378524019,4.960026887609472
zone,5.20021246437743,5.047736795807532
zone,5.300216550230843,5.134730821765976
zone,5.400220636084255,5.220993876065958
zone,5.500224721937667,5.306511944727467
zone,5.600228807791079,5.391272108057443
zone,5.700232893644491,5.475262551842068
zone,5.800236979497903,5.558472571268808
zone,5.900241065351316,5.640892568035528
zone,6.000245151204727,5.722514041154928
zone,6.100249237058139,5.80332957199828
zone,6.200253322911552,5.883332804151714
zone,6.300257408764963,5.96251841866724
zone,6.400261494618376,6.040882105292332
zone,6.500265580471788,6.118420530252317
zone,6.6002696663252,6.195131301141974
zone,6.700273752178612,6.271012929458885
zone,6.800277838032025,6.346064791280488
zone,6.900281923885436,6.420287086553911
zone,7.000286009738849,6.493680797429887
zone,7.100290095592261,6.566247646035391
zone,7.200294181445673,6.637990052039441
zone,7.300298267299085,6.70891109032876
zone,7.400302353152497,6.779014449072059
zone,7.500306439005909,6.848304388414923
zone,7.600310524859322,6.916785699989592
zone,7.700314610712733,6.984463667524407
zone,7.800318696566146,7.05134402850374
zone,7.900322782419558,7.117432937147993
zone,8.00032686827297,7.182736928771857
zone,8.100330954126383,7.24726288557073
zone,8.200335039979795,7.31101800389779
zone,8.300339125833206,7.374009763052082
zone,8.400343211686618,7.436245895603878
zone,8.500347297540031,7.497734359253337
zone,8.600351383393443,7.558483310213085
zone,8.700355469246855,7.618501078095073
zone,8.800359555100266,7.677796142272308
zone,8.90036364095368,7.736377109680719
zone,9.000367726807092,7.794252694019713
zone,9.100371812660503,7.851431696305858
zone,9.200375898513915,7.907922986730898
zone,9.300379984367327,7.963735487772871
zone,9.40038407022074,8.018878158506855
zone,9.500388156074152,8.073359980061875
zone,9.600392241927564,8.127189942168998
zone,9.700396327780975,8.180377030746836
zone,9.800400413634389,8.232930216469528
zone,9.9004044994878,8.284858444265724
zone,10.00040858534121,8.336170623695477
zone,10.10041267119462,8.386875620139376
zone,10.20041675704804,8.436982246820884
zone,10.30042084290145,8.486499257499448
zone,10.40042492875486,8.535435339862525
zone,10.50042901460827,8.583799109577937
zone,10.60043310046169,8.631599104938646
zone,10.7004371863151,8.678843782068624
zone,10.80044127216851,8.72554151065156
zone,10.90044535802192,8.771700570146885
zone,11.00044944387533,8.817329146458826
zone,11.10045352972875,8.862435329026304
zone,11.20045761558216,8.907027108302744
zone,11.30046170143557,8.951112373597784
zone,11.40046578728898,8.994698911253352
zone,11.50046987314239,9.037794403128785
zone,11.60047395899581,9.080406425370679
zone,11.70047804484922,9.122542447446046
zone,11.80048213070263,9.164209831416457
zone,11.90048621655604,9.205415831434523
zone,12.00049030240945,9.246167593443813
zone,12.10049438826287,9.286472155065137
zone,12.20049847411628,9.32633644565307
zone,12.30050255996969,9.365767286508072
zone,12.4005066458231,9.40477139122968
zone,12.50051073167652,9.443355366198595
zone,12.60051481752993,9.4815257111656
zone,12.70051890338334,9.519288819975518
zone,12.80052298923675,9.556650981359255
zone,12.90052707509016,9.593618379804441
zone,13.00053116094358,9.630197096522492
zone,13.10053524679699,9.666393110476049
zone,13.2005393326504,9.702212299466376
zone,13.30054341850381,9.737660441274224
zone,13.40054750435722,9.772743214847235
zone,13.50055159021064,9.807466201527513
zone,13.60055567606405,9.841834886314716
zone,13.70055976191746,9.875854659158504
zone,13.80056384777087,9.90953081627634
zone,13.90056793362429,9.942868561492075
zone,14.0005720194777,9.97587300759105
zone,14.10057610533111,10.00854917768851
zone,14.20058019118452,10.04090200660779
zone,14.30058427703793,10.0729363422651
zone,14.40058836289135,10.10465694705823
zone,14.50059244874476,10.13606849925675
zone,14.60059653459817,10.16717559439095
zone,14.70060062045158,10.19798274663784
zone,14.80060470630499,10.22849439020227
zone,14.90060879215841,10.2587148806911
zone,15.00061287801182,10.28864849647907
zone,15.10061696386523,10.31829944005992
zone,15.20062104971864,10.34767183940156
zone,15.30062513557206,10.37676974928071
zone,15.40062922142547,10.40559715259075
zone,15.50063330727888,10.43415796165341
zone,15.60063739313229,10.46245601951006
zone,15.7006414789857,10.49049510119728
zone,15.80064556483912,10.51827891500653
zone,15.90064965069253,10.54581110372683
zone,16.00065373654594,10.57309524587082
zone,16.10065782239935,10.60013485688374
zone,16.20066190825277,10.62693339033155
zone,16.30066599410618,10.65349423907591
zone,16.40067007995959,10.67982073642778
zone,16.500674165813,10.70591615728324
zone,16.60067825166641,10.73178371924087
zone,16.70068233751983,10.75742658370067
zone,16.80068642337324,10.78284785694415
zone,16.90069050922665,10.8080505911959
zone,17.00069459508006,10.83303778566686
zone,17.10069868093347,10.85781238757859
zone,17.20070276678689,10.88237729316945
zone,17.3007068526403,10.90673534868239
zone,17.40071093849371,10.93088935133449
zone,17.50071502434712,10.95484205026858
zone,17.60071911020053,10.97859614748372
zone,17.70072319605395,11.00215429875553
zone,17.80072728190736,11.02551911454007
zone,17.90073136776077,11.04869316084295
zone,18.00073545361418,11.07167896008875
zone,18.10073953946759,11.09447899196798
zone,18.20074362532101,11.11709569426732
zone,18.30074771117442,11.13953146368392
zone,18.40075179702783,11.16178865662316
zone,18.50075588288124,11.18386958998057
zone,18.60075996873465,11.20577654190815
zone,18.70076405458807,11.22751175256481
zone,18.80076814044148,11.24907742485249
zone,18.90077222629489,11.27047572513659
zone,19.0007763121483,11.2917087839519
zone,19.10078039800172,11.31277869669438
zone,19.20078448385513,11.3336875242984
zone,19.30078856970854,11.35443729390052
zone,19.40079265556195,11.37502999948912
zone,19.50079674141536,11.39546760254122
zone,19.60080082726878,11.41575203264558
zone,19.70080491312219,11.43588518811316
zone,19.8008089989756,11.45586893657524
zone,19.90081308482901,11.47570511556863
zone,20.00081717068242,11.49539553310898
zone,20.10082125653584,11.51494196825067
zone,20.20082534238925,11.5343461716375
zone,20.30082942824266,11.5536098660478
zone,20.40083351409607,11.57273474691139
zone,20.50083759994948,11.59172248282968
zone,20.6008416858029,11.61057471608095
zone,20.70084577165631,11.62929306311541
zone,20.80084985750972,11.64787911503962
zone,20.90085394336313,11.66633443809112
zone,21.00085802921654,11.68466057410301
zone,21.10086211506996,11.70285904095878
zone,21.20086620092337,11.72093133303811
zone,21.30087028677678,11.73887892165268
zone,21.4008743726302,11.75670325547375
zone,21.50087845848361,11.77440576095032
zone,21.60088254433702,11.79198784271881
zone,21.70088663019043,11.80945088400425
zone,21.80089071604384,11.82679624701305
zone,21.90089480189726,11.84402527331781
zone,22.00089888775067,11.86113928423401
zone,22.10090297360408,11.87813958118936
zone,22.20090705945749,11.89502744608471
zone,22.3009111453109,11.91180414164836
zone,22.40091523116432,11.92847091178278
zone,22.50091931701773,11.94502898190396
zone,22.60092340287114,11.96147955927338
zone,22.70092748872455,11.97782383332296
zone,22.80093157457797,11.99406297598174
zone,22.90093566043138,12.01019814197919
zone,23.00093974628479,12.02623046915499
zone,23.1009438321382,12.04216107875885
zone,23.20094791799161,12.05799107574459
zone,23.30095200384503,12.07372154905823
zone,23.40095608969844,12.08935357191986
zone,23.50096017555185,12.10488820210036
zone,23.60096426140526,12.12032648219213
zone,23.70096834725867,12.13566943987443
zone,23.80097243311209,12.15091808817365
zone,23.9009765189655,12.1660734257181
zone,24.00098060481891,12.18113643698759
zone,24.10098469067232,12.19610809255853
zone,24.20098877652573,12.21098934934354
zone,24.30099286237915,12.22578115082673
zone,24.40099694823256,12.24048442729408
zone,24.50100103408597,12.25510009605922
zone,24.60100511993938,12.269629061685
zone,24.70100920579279,12.28407221620044
zone,24.80101329164621,12.29843043931339
zone,24.90101737749962,12.31270459861935
zone,25.00102146335303,12.32689554980568
zone,25.10102554920644,12.34100413685187
zone,25.20102963505985,12.35503119222438
zone,25.30103372091327,12.36897753707667
zone,25.40103780676668,12.38284398143008
zone,25.50104189262009,12.39663132436201
zone,25.6010459784735,12.41034035418757
zone,25.70105006432692,12.42397184863784
zone,25.80105415018033,12.43752657503473
zone,25.90105823603374,12.45100529046226
zone,26.00106232188715,12.46440874193464
zone,26.10106640774056,12.47773766656142
zone,26.20107049359398,12.49099279170901
zone,26.30107457944739,12.5041748351595
zone,26.4010786653008,12.51728450526625
zone,26.50108275115421,12.53032250110655
zone,26.60108683700762,12.54328951263158
zone,26.70109092286104,12.55618622081323
zone,26.80109500871445,12.5690132977884
zone,26.90109909456786,12.58177140700046
zone,27.00110318042127,12.5944612033383
zone,27.10110726627468,12.60708333327221
zone,27.2011113521281,12.61963843498797
zone,27.30111543798151,12.6321271385178
zone,27.40111952383492,12.64455006586931
zone,27.50112360968834,12.65690783115185
zone,27.60112769554175,12.66920104070056
zone,27.70113178139516,12.68143029319569
zone,27.80113586724857,12.69359617978969
zone,27.90113995310198,12.70569928421685
zone,28.0011440389554,12.71774018291118
zone,28.10114812480881,12.72971944511949
zone,28.20115221066222,12.7416376330123
zone,28.30115629651563,12.75349530179301
zone,28.40116038236904,12.76529299980491
zone,28.50116446822246,12.77703126863616
zone,28.60116855407587,12.78871064322319
zone,28.70117263992928,12.80033165195193
zone,28.80117672578269,12.81189481675734
zone,28.9011808116361,12.82340065322127
zone,29.00118489748952,12.8348496706683
zone,29.10118898334293,12.84624237226023
zone,29.20119306919634,12.85757925508857
zone,29.30119715504975,12.8688608102656
zone,29.40120124090317,12.88008752301364
zone,29.50120532675658,12.89125987275287
zone,29.60120941260999,12.90237833318769
zone,29.7012134984634,12.91344337239136
zone,29.80121758431681,12.92445545288925
zone,29.90122167017023,12.9354150317406
zone,30.00122575602364,12.9463225606191
zone,30.10122984187705,12.95717848589154
zone,30.20123392773046,12.96798324869387
zone,30.30123801358387,12.9787372850127
zone,30.40124209943729,12.98944102575518
zone,30.5012461852907,13.00009489682403
zone,30.60125027114411,13.0106993191902
zone,30.70125435699752,13.02125470896391
zone,30.80125844285093,13.03176147746453
zone,30.90126252870435,13.04222003128952
zone,31.00126661455776,13.0526307723819
zone,31.10127070041117,13.06299409809669
zone,31.20127478626458,13.0733104012662
zone,31.30127887211799,13.08358007026429
zone,31.40128295797141,13.09380348906944
zone,31.50128704382482,13.10398103732684
zone,31.60129112967823,13.11411309040952
zone,31.70129521553164,13.12420001947818
zone,31.80129930138505,13.13424219154034
zone,31.90130338723847,13.14423996950836
zone,32.00130747309188,13.15419371225623
zone,32.10131155894529,13.16410377467553
zone,32.2013156447987,13.17397050773223
zone,32.30131973065212,13.18379425851915
zone,32.40132381650553,13.19357537030994
zone,32.50132790235894,13.20331418261165
zone,32.60133198821235,13.21301103121641
zone,32.70133607406576,13.22266624825076
zone,32.80134015991918,13.23228016222978
zone,32.90134424577259,13.24185309810262
zone,33.001348331626,13.25138537730155
zone,33.10135241747941,13.26087731779007
zone,33.20135650333282,13.2703292341094
zone,33.30136058918624,13.27974143742484
zone,33.40136467503965,13.28911423557099
zone,33.50136876089306,13.29844793309643
zone,33.60137284674647,13.30774283130758
zone,33.70137693259989,13.31699922831196
zone,33.8013810184533,13.32621741906072
zone,33.90138510430671,13.33539769539056
zone,34.00138919016013,13.3445403460647
zone,34.10139327601353,13.35364565681368
zone,34.20139736186695,13.3627139103751
zone,34.30140144772036,13.37174538653308
zone,34.40140553357377,13.38074036215669
zone,34.50140961942719,13.38969911123832
zone,34.60141370528059,13.39862190493081
zone,34.70141779113401,13.40750901158463
zone,34.80142187698742,13.41636069678405
zone,34.90142596284083,13.42517722338292
zone,35.00143004869425,13.43395885153991
zone,35.10143413454765,13.44270583875321
zone,35.20143822040107,13.45141843989351
zone,35.30144230625448,13.46009690724052
zone,35.40144639210789,13.46874149051385
zone,35.50145047796131,13.47735243690578
zone,35.60145456381472,13.48592999111358
zone,35.70145864966813,13.49447439537102
zone,35.80146273552154,13.50298588947981
zone,35.90146682137495,13.51146471084004
zone,36.00147090722837,13.51991109448034
zone,36.10147499308178,13.52832527308782
zone,36.20147907893519,13.53670747703733
zone,36.3014831647886,13.54505793442016
zone,36.40148725064201,13.55337687107266
zone,36.50149133649543,13.56166451060413
zone,36.60149542234884,13.56992107442465
zone,36.70149950820225,13.57814678177188
zone,36.80150359405566,13.58634184973817
zone,36.90150767990907,13.59450649329686
zone,37.00151176576249,13.60264092532823
zone,37.1015158516159,13.61074535664523
zone,37.20151993746931,13.61881999601852
zone,37.30152402332272,13.62686505020164
zone,37.40152810917613,13.63488072395527
zone,37.50153219502955,13.64286722007157
zone,37.60153628088296,13.65082473939794
zone,37.70154036673637,13.65875348085958
zone,37.80154445258978,13.66665364148483
zone,37.90154853844319,13.67452541642646
zone,38.00155262429661,13.68236899898402
zone,38.10155671015002,13.69018458062623
zone,38.20156079600343,13.69797235101296
zone,38.30156488185684,13.70573249801651
zone,38.40156896771025,13.71346520774301
zone,38.50157305356367,13.72117066455327
zone,38.60157713941708,13.72884905108346
zone,38.70158122527049,13.73650054826523
zone,38.8015853111239,13.74412533534596
zone,38.90158939697731,13.75172358990836
zone,39.00159348283073,13.75929548789016
zone,39.10159756868414,13.76684120360309
zone,39.20160165453755,13.77436090975191
zone,39.30160574039096,13.78185477745293
zone,39.40160982624437,13.78932297625274
zone,39.50161391209779,13.79676567414608
zone,39.6016179979512,13.8041830375939
zone,39.70162208380462,13.81157523154086
zone,39.80162616965803,13.81894241943295
zone,39.90163025551144,13.8262847632344
zone,40.00163434136485,13.83360242344486
zone,40.10163842721826,13.84089555911602
zone,40.20164251307168,13.84816432786745
zone,40.30164659892509,13.85540888590431
zone,40.4016506847785,13.86262938803262
zone,40.50165477063191,13.86982598767474
zone,40.60165885648532,13.87699883688519
zone,40.70166294233874,13.88414808636603
zone,40.80166702819215,13.89127388548204
zone,40.90167111404556,13.8983763822758
zone,41.00167519989897,13.90545572348244
zone,41.10167928575238,13.91251205454405
zone,41.2016833716058,13.9195455196243
zone,41.30168745745921,13.92655626162247
zone,41.40169154331262,13.93354442218745
zone,41.50169562916603,13.94051014173164
zone,41.60169971501944,13.94745355944462
zone,41.70170380087286,13.95437481330637
zone,41.80170788672627,13.96127404010077
zone,41.90171197257968,13.96815137542857
zone,42.00171605843309,13.97500695372049
zone,42.1017201442865,13.98184090824975
zone,42.20172423013992,13.98865337114477
zone,42.30172831599333,13.99544447340153
zone,42.40173240184674,14.00221434489595
zone,42.50173648770015,14.00896311439605
zone,42.60174057355356,14.01569090957362
zone,42.70174465940698,14.02239785701572
zone,42.80174874526039,14.02908408223743
zone,42.9017528311138,14.03574970969282
zone,43.00175691696721,14.04239486278592
zone,43.10176100282062,14.04901966388201
zone,43.20176508867404,14.05562423431903
zone,43.30176917452745,14.062208694418
zone,43.40177326038086,14.06877316349418
zone,43.50177734623428,14.07531775986764
zone,43.60178143208768,14.08184260087371
zone,43.7017855179411,14.08834780287324
zone,43.80178960379451,14.09483348126303
zone,43.90179368964792,14.10129975048578
zone,44.00179777550134,14.10774672404031
zone,44.10180186135474,14.11417451449099
zone,44.20180594720816,14.12058323347787
zone,44.30181003306157,14.12697299172608
zone,44.40181411891498,14.13334389905549
zone,44.5018182047684,14.13969606438979
zone,44.6018222906218,14.14602959576602
zone,44.70182637647522,14.1523446003436
zone,44.80183046232863,14.15864118441334
zone,44.90183454818204,14.16491945340645
zone,45.00183863403546,14.17117951190317
zone,45.10184271988886,14.17742146364163
zone,45.20184680574228,14.18364541152593
zone,45.30185089159569,14.18985145763549
zone,45.4018549774491,14.19603970323338
zone,45.50185906330252,14.20221024877381
zone,45.60186314915593,14.20836319391072
zone,45.70186723500934,14.21449863750595
zone,45.80187132086275,14.22061667763698
zone,45.90187540671617,14.22671741160499
zone,46.00187949256958,14.23280093594265
zone,46.10188357842299,14.23886734642174
zone,46.2018876642764,14.2449167380608
zone,46.30189175012981,14.25094920513254
zone,46.40189583598323,14.2569648411715
zone,46.50189992183664,14.26296373898098
zone,46.60190400769005,14.26894599064073
zone,46.70190809354346,14.27491168751385
zone,46.80191217939687,14.28086092025377
zone,46.90191626525029,14.28679377881151
zone,47.0019203511037,14.29271035244244
zone,47.10192443695711,14.29861072971298
zone,47.20192852281053,14.30449499850757
zone,47.30193260866393,14.3103632460351
zone,47.40193669451735,14.31621555883587
zone,47.50194078037076,14.3220520227876
zone,47.60194486622417,14.32787272311225
zone,47.70194895207759,14.33367774438189
zone,47.80195303793099,14.33946717052552
zone,47.90195712378441,14.34524108483551
zone,48.00196120963782,14.35099956997301
zone,48.10196529549123,14.3567427079742
zone,48.20196938134465,14.36247058025647
zone,48.30197346719805,14.36818326762432
zone,48.40197755305147,14.37388085027499
zone,48.50198163890488,14.37956340780469
zone,48.60198572475829,14.38523101921366
zone,48.70198981061171,14.39088376291267
zone,48.80199389646511,14.39652171672786
zone,48.90199798231853,14.40214495790668
zone,49.00200206817194,14.40775356312329
zone,49.10200615402535,14.41334760848378
zone,49.20201023987877,14.41892716953176
zone,49.30201432573218,14.42449232125348
zone,49.40201841158559,14.43004313808319
zone,49.502022497439,14.43557969390816
zone,49.60202658329241,14.4411020620738
zone,49.70203066914583,14.44661031538884
zone,49.80203475499924,14.45210452613021
zone,49.90203884085265,14.45758476604792
zone,50.00204292670606,14.46305110637009
zone,50.10204701255947,14.46850361780762
zone,50.20205109841289,14.47394237055898
zone,50.3020551842663,14.4793674343148
zone,50.40205927011971,14.4847788782635
zone,50.50206335597312,14.49017677109452
zone,50.60206744182653,14.49556118100375
zone,50.70207152767995,14.50093217569751
zone,50.80207561353336,14.50628982239745
zone,50.90207969938677,14.51163418784473
zone,51.00208378524018,14.51696533830454
zone,51.10208787109359,14.52228333957015
zone,51.20209195694701,14.52758825696766
zone,51.30209604280042,14.53288015535964
zone,51.40210012865384,14.53815909914957
zone,51.50210421450724,14.54342515228635
zone,51.60210830036065,14.54867837826762
zone,51.70211238621407,14.55391884014436
zone,51.80211647206748,14.55914660052483
zone,51.9021205579209,14.56436172157836
zone,52.0021246437743,14.5695642650393
zone,52.10212872962772,14.57475429221099
zone,52.20213281548113,14.5799318639696
zone,52.30213690133454,14.58509704076769
zone,52.40214098718796,14.5902498826382
zone,52.50214507304136,14.59539044919808
zone,52.60214915889478,14.60051879965193
zone,52.70215324474819,14.60563499279565
zone,52.8021573306016,14.61073908701965
zone,52.90216141645502,14.61583114031368
zone,53.00216550230843,14.62091121026891
zone,53.10216958816184,14.62597935408198
zone,53.20217367401525,14.63103562855847
zone,53.30217775986866,14.63608009011623
zone,53.40218184572208,14.64111279478867
zone,53.50218593157549,14.64613379822845
zone,53.6021900174289,14.65114315571016
zone,53.70219410328231,14.65614092213422
zone,53.80219818913572,14.66112715202968
zone,53.90220227498914,14.66610189955771
zone,54.00220636084255,14.67106521851443
zone,54.10221044669596,14.67601716233452
zone,54.20221453254937,14.68095778409377
zone,54.30221861840278,14.68588713651252
zone,54.4022227042562,14.69080527195865
zone,54.50222679010961,14.69571224245042
zone,54.60223087596302,14.70060809965954
zone,54.70223496181643,14.70549289491415
zone,54.80223904766984,14.71036667920172
zone,54.90224313352326,14.71522950317192
zone,55.00224721937667,14.72008141713943
zone,55.10225130523008,14.72492247108678
zone,55.20225539108349,14.72975271466708
zone,55.3022594769369,14.73457219720671
zone,55.40226356279032,14.73938096770881
zone,55.50226764864373,14.74417907485507
zone,55.60227173449714,14.74896656700873
zone,55.70227582035055,14.75374349221721
zone,55.80227990620396,14.75850989821489
zone,55.90228399205738,14.76326583242547
zone,56.00228807791079,14.76801134196469
zone,56.1022921637642,14.77274647364291
zone,56.20229624961761,14.77747127396763
zone,56.30230033547102,14.7821857891458
zone,56.40230442132444,14.78689006508661
zone,56.50230850717785,14.79158414740373
zone,56.60231259303126,14.79626808141783
zone,56.70231667888467,14.80094191215875
zone,56.80232076473808,14.80560568436822
zone,56.9023248505915,14.81025944250211
zone,57.00232893644491,14.81490323073264
zone,57.10233302229832,14.81953709295062
zone,57.20233710815174,14.82416107276824
zone,57.30234119400514,14.82877521352053
zone,57.40234527985856,14.83337955826843
zone,57.50234936571197,14.83797414980023
zone,57.60235345156539,14.84255903063457
zone,57.7023575374188,14.84713424302186
zone,57.8023616232722,14.85169982894679
zone,57.90236570912562,14.85625583013076
zone,58.00236979497903,14.86080228803366
zone,58.10237388083245,14.86533924385579
zone,58.20237796668586,14.86986673854014
zone,58.30238205253927,14.87438481277473
zone,58.40238613839268,14.87889350699393
zone,58.50239022424609,14.88339286138109
zone,58.60239431009951,14.88788291587042
zone,58.70239839595292,14.89236371014878
zone,58.80240248180633,14.89683528365769
zone,58.90240656765974,14.90129767559537
zone,59.00241065351315,14.90575092491875
zone,59.10241473936657,14.91019507034506
zone,59.20241882521998,14.91463015035385
zone,59.30242291107339,14.91905620318898
zone,59.4024269969268,14.92347326686027
zone,59.50243108278021,14.92788137914555
zone,59.60243516863363,14.93228057759229
zone,59.70243925448704,14.93667089951945
zone,59.80244334034045,14.94105238201927
zone,59.90244742619386,14.94542506195909
zone,60.00245151204727,14.94978897598286
zone,60.10245559790069,14.9541441605132
zone,60.2024596837541,14.95849065175285
zone,60.30246376960751,14.96282848568626
zone,60.40246785546092,14.96715769808199
zone,60.50247194131433,14.97147832449365
zone,60.60247602716775,14.97579040026164
zone,60.70248011302116,14.98009396051508
zone,60.80248419887457,14.98438904017314
zone,60.90248828472799,14.98867567394665
zone,61.00249237058139,14.99295389634005
zone,61.10249645643481,14.99722374165264
zone,61.20250054228822,15.00148524398002
zone,61.30250462814163,15.00573843721603
zone,61.40250871399505,15.00998335505395
zone,61.50251279984845,15.01422003098821
zone,61.60251688570187,15.01844849831593
zone,61.70252097155528,15.02266879013812
zone,61.80252505740869,15.02688093936129
zone,61.90252914326211,15.03108497869942
zone,62.00253322911551,15.03528094067443
zone,62.10253731496893,15.0394688576183
zone,62.20254140082234,15.04364876167454
zone,62.30254548667575,15.04782068479917
zone,62.40254957252917,15.05198465876238
zone,62.50255365838257,15.05614071515007
zone,62.60255774423599,15.06028888536462
zone,62.7025618300894,15.06442920062723
zone,62.80256591594281,15.06856169197786
zone,62.90257000179623,15.07268639027827
zone,63.00257408764964,15.07680332621214
zone,63.10257817350305,15.08091253028674
zone,63.20258225935646,15.08501403283416
zone,63.30258634520987,15.08910786401276
zone,63.40259043106329,15.09319405380809
zone,63.5025945169167,15.0972726320347
zone,63.60259860277011,15.10134362833681
zone,63.70260268862352,15.10540707219028
zone,63.80260677447693,15.10946299290277
zone,63.90261086033035,15.11351141961614
zone,64.00261494618375,15.11755238130687
zone,64.10261903203717,15.12158590678798
zone,64.20262311789058,15.12561202470897
zone,64.302627203744,15.12963076355791
zone,64.40263128959741,15.13364215166263
zone,64.50263537545082,15.137646217192
zone,64.60263946130424,15.14164298815633
zone,64.70264354715765,15.14563249240924
zone,64.80264763301106,15.14961475764856
zone,64.90265171886446,15.15358981141735
zone,65.00265580471788,15.157557681105
zone,65.10265989057129,15.16151839394842
zone,65.2026639764247,15.16547197703322
zone,65.30266806227812,15.16941845729453
zone,65.40267214813153,15.17335786151828
zone,65.50267623398494,15.17729021634233
zone,65.60268031983836,15.18121554825734
zone,65.70268440569177,15.18513388360777
zone,65.80268849154518,15.18904524859323
zone,65.9026925773986,15.19294966926902
zone,66.002696663252,15.19684717154761
zone,66.10270074910541,15.20073778119934
zone,66.20270483495882,15.20462152385355
zone,66.30270892081224,15.20849842499967
zone,66.40271300666565,15.21236850998796
zone,66.50271709251906,15.21623180403076
zone,66.60272117837248,15.22008833220311
zone,66.70272526422589,15.22393811944408
zone,66.8027293500793,15.22778119055746
zone,66.90273343593272,15.23161757021284
zone,67.00273752178612,15.23544728294649
zone,67.10274160763953,15.23927035316218
zone,67.20274569349294,15.24308680513237
zone,67.30274977934636,15.2468966629989
zone,67.40275386519977,15.2506999507739
zone,67.50275795105318,15.25449669234082
zone,67.6027620369066,15.25828691145523
zone,67.70276612276001,15.2620706317456
zone,67.80277020861342,15.26584787671415
zone,67.90277429446684,15.26961866973816
zone,68.00277838032025,15.27338303407047
zone,68.10278246617365,15.27714099284029
zone,68.20278655202706,15.28089256905419
zone,68.30279063788048,15.28463778559677
zone,68.40279472373389,15.28837666523164
zone,68.5027988095873,15.29210923060228
zone,68.60280289544072,15.29583550423277
zone,68.70280698129413,15.29955550852839
zone,68.80281106714754,15.30326926577682
zone,68.90281515300096,15.30697679814874
zone,69.00281923885437,15.31067812769864
zone,69.10282332470777,15.31437327636566
zone,69.20282741056118,15.31806226597427
zone,69.3028314964146,15.32174511823493
zone,69.40283558226801,15.32542185474514
zone,69.50283966812142,15.32909249699007
zone,69.60284375397484,15.33275706634347
zone,69.70284783982825,15.33641558406783
zone,69.80285192568167,15.34006807131584
zone,69.90285601153508,15.34371454913077
zone,70.00286009738849,15.34735503844748
zone,70.1028641832419,15.35098956009243
zone,70.2028682690953,15.35461813478517
zone,70.30287235494872,15.35824078313888
zone,70.40287644080213,15.36185752566057
zone,70.50288052665555,15.36546838275261
zone,70.60288461250896,15.36907337471294
zone,70.70288869836237,15.37267252173555
zone,70.80289278421579,15.37626584391144
zone,70.9028968700692,15.37985336122965
zone,71.00290095592261,15.38343509357705
zone,71.10290504177603,15.38701106073972
zone,71.20290912762944,15.39058128240373
zone,71.30291321348284,15.39414577815476
zone,71.40291729933625,15.39770456748009
zone,71.50292138518967,15.40125766976838
zone,71.60292547104308,15.40480510431042
zone,71.70292955689649,15.40834689030038
zone,71.8029336427499,15.41188304683511
zone,71.90293772860332,15.41541359291651
zone,72.00294181445673,15.41893854745058
zone,72.10294590031015,15.42245792924915
zone,72.20294998616356,15.4259717570298
zone,72.30295407201696,15.42948004941676
zone,72.40295815787037,15.43298282494161
zone,72.50296224372379,15.43648010204335
zone,72.6029663295772,15.43997189906989
zone,72.70297041543061,15.44345823427761
zone,72.80297450128403,15.44693912583297
zone,72.90297858713744,15.45041459181194
zone,73.00298267299085,15.45388465020199
zone,73.10298675884427,15.45734931890117
zone,73.20299084469768,15.46080861571985
zone,73.3029949305511,15.46426255838069
zone,73.4029990164045,15.46771116451909
zone,73.5030031022579,15.47115445168436
zone,73.60300718811132,15.47459243733937
zone,73.70301127396473,15.47802513886235
zone,73.80301535981815,15.48145257354575
zone,73.90301944567156,15.48487475859853
zone,74.00302353152497,15.48829171114544
zone,74.10302761737839,15.49170344822791
zone,74.2030317032318,15.49510998680515
zone,74.30303578908521,15.49851134375344
zone,74.40303987493861,15.501907535868
zone,74.50304396079203,15.50529857986253
zone,74.60304804664544,15.50868449236985
zone,74.70305213249885,15.51206528994333
zone,74.80305621835227,15.51544098905591
zone,74.90306030420568,15.51881160610158
zone,75.0030643900591,15.5221771573961
zone,75.10306847591251,15.52553765917632
zone,75.20307256176592,15.52889312760167
zone,75.30307664761933,15.53224357875479
zone,75.40308073347275,15.53558902864062
zone,75.50308481932615,15.53892949318857
zone,75.60308890517956,15.54226498825235
zone,75.70309299103297,15.54559552960981
zone,75.80309707688639,15.54892113296405
zone,75.9031011627398,15.55224181394406
zone,76.00310524859322,15.55555758810465
zone,76.10310933444663,15.55886847092689
zone,76.20311342030004,15.56217447781903
zone,76.30311750615346,15.56547562411698
zone,76.40312159200687,15.56877192508407
zone,76.50312567786027,15.5720633959119
zone,76.60312976371368,15.57535005172099
zone,76.7031338495671,15.57863190756114
zone,76.80313793542051,15.58190897841139
zone,76.90314202127392,15.58518127918075
zone,77.00314610712734,15.5884488247089
zone,77.10315019298075,15.59171162976626
zone,77.20315427883416,15.59496970905473
zone,77.30315836468758,15.59822307720748
zone,77.40316245054099,15.6014717487899
zone,77.5031665363944,15.60471573830002
zone,77.6031706222478,15.60795506016868
zone,77.70317470810122,15.61118972876032
zone,77.80317879395463,15.61441975837242
zone,77.90318287980804,15.61764516323699
zone,78.00318696566146,15.62086595752062
zone,78.10319105151487,15.62408215532461
zone,78.20319513736828,15.62729377068561
zone,78.3031992232217,15.63050081757616
zone,78.40320330907511,15.63370330990436
zone,78.50320739492852,15.636901261515
zone,78.60321148078192,15.64009468618962
zone,78.70321556663534,15.64328359764699
zone,78.80321965248875,15.64646800954341
zone,78.90322373834216,15.64964793547304
zone,79.00322782419558,15.65282338896844
zone,79.10323191004899,15.65599438350084
zone,79.2032359959024,15.65916093248025
zone,79.30324008175582,15.66232304925615
zone,79.40324416760923,15.66548074711777
zone,79.50324825346264,15.66863403929442
zone,79.60325233931606,15.67178293895586
zone,79.70325642516946,15.67492745921261
zone,79.80326051102287,15.67806761311631
zone,79.90326459687628,15.68120341366002
zone,80.0032686827297,15.68433487377869
zone,80.10327276858311,15.68746200634939
zone,80.20327685443652,15.69058482419163
zone,80.30328094028994,15.69370334006775
zone,80.40328502614335,15.69681756668315
zone,80.50328911199676,15.69992751668685
zone,80.60329319785018,15.70303320267169
zone,80.70329728370358,15.70613463717453
zone,80.80330136955699,15.70923183267682
zone,80.9033054554104,15.7123248016046
zone,81.00330954126382,15.71541355632912
zone,81.10331362711723,15.71849810916699
zone,81.20331771297064,15.72157847238061
zone,81.30332179882406,15.72465465817829
zone,81.40332588467747,15.72772667871478
zone,81.50332997053088,15.73079454609142
zone,81.6033340563843,15.73385827235649
zone,81.70333814223771,15.73691786950555
zone,81.80334222809111,15.73997334948175
zone,81.90334631394452,15.74302472417605
zone,82.00335039979794,15.7460720054276
zone,82.10335448565135,15.74911520502391
zone,82.20335857150476,15.75215433470125
zone,82.30336265735818,15.75518940614499
zone,82.40336674321159,15.75822043098973
zone,82.503370829065,15.76124742081979
zone,82.60337491491842,15.76427038716924
zone,82.70337900077183,15.76728934152239
zone,82.80338308662525,15.77030429531392
zone,82.90338717247865,15.77331525992926
zone,83.00339125833206,15.77632224670492
zone,83.10339534418547,15.7793252669287
zone,83.20339943003889,15.78232433183987
zone,83.3034035158923,15.78531945262956
zone,83.40340760174571,15.78831064044102
zone,83.50341168759913,15.7912979063698
zone,83.60341577345254,15.79428126146411
zone,83.70341985930595,15.79726071672509
zone,83.80342394515937,15.80023628310704
zone,83.90342803101277,15.80320797151756
zone,84.00343211686618,15.80617579281797
zone,84.10343620271959,15.80913975782349
zone,84.203440288573,15.81209987730354
zone,84.30344437442642,15.81505616198204
zone,84.40344846027983,15.81800862253754
zone,84.50345254613325,15.82095726960346
zone,84.60345663198666,15.82390211376859
zone,84.70346071784007,15.82684316557727
zone,84.80346480369349,15.82978043552893
zone,84.9034688895469,15.83271393407938
zone,85.0034729754003,15.83564367164047
zone,85.10347706125371,15.83856965858046
zone,85.20348114710713,15.84149190522432
zone,85.30348523296054,15.84441042185386
zone,85.40348931881395,15.847325218708
zone,85.50349340466737,15.85023630598294
zone,85.60349749052078,15.85314369383248
zone,85.7035015763742,15.85604739236829
zone,85.80350566222761,15.85894741166005
zone,85.90350974808102,15.86184376173575
zone,86.00351383393442,15.86473645258204
zone,86.10351791978783,15.86762549414385
zone,86.20352200564125,15.87051089632519
zone,86.30352609149466,15.87339266898933
zone,86.40353017734807,15.87627082195895
zone,86.50353426320149,15.87914536501663
zone,86.6035383490549,15.88201630790406
zone,86.70354243490831,15.88488366032342
zone,86.80354652076173,15.88774743193696
zone,86.90355060661514,15.89060763236748
zone,87.00355469246855,15.89346427119893
zone,87.10355877832195,15.89631735797526
zone,87.20356286417537,15.89916690220185
zone,87.30356695002878,15.90201291334549
zone,87.4035710358822,15.90485540083464
zone,87.50357512173561,15.90769437405938
zone,87.60357920758902,15.91052984237126
zone,87.70358329344243,15.91336181508436
zone,87.80358737929585,15.91619030147506
zone,87.90359146514926,15.91901531078247
zone,88.00359555100268,15.92183685220779
zone,88.10359963685607,15.92465493491551
zone,88.20360372270949,15.92746956803325
zone,88.3036078085629,15.93028076065244
zone,88.40361189441631,15.93308852182692
zone,88.50361598026973,15.93589286057478
zone,88.60362006612314,15.93869378587804
zone,88.70362415197656,15.94149130668322
zone,88.80362823782997,15.94428543190003
zone,88.90363232368338,15.94707617040326
zone,89.0036364095368,15.94986353103258
zone,89.10364049539021,15.95264752259219
zone,89.20364458124361,15.95542815385096
zone,89.30364866709702,15.95820543354326
zone,89.40365275295044,15.9609793703695
zone,89.50365683880385,15.96374997299434
zone,89.60366092465726,15.96651725004877
zone,89.70366501051068,15.96928121012999
zone,89.80366909636409,15.9720418618011
zone,89.9036731822175,15.97479921359097
zone,90.00367726807092,15.9775532739953
zone,90.10368135392433,15.98030405147699
zone,90.20368543977773,15.98305155446444
zone,90.30368952563114,15.98579579135367
zone,90.40369361148456,15.98853677050831
zone,90.50369769733797,15.99127450025837
zone,90.60370178319138,15.9940089889016
zone,90.7037058690448,15.99674024470401
zone,90.80370995489821,15.99946827589853
zone,90.90371404075162,16.00219309068617
zone,91.00371812660504,16.00491469723703
zone,91.10372221245845,16.00763310368857
zone,91.20372629831186,16.01034831814547
zone,91.30373038416526,16.01306034868383
zone,91.40373447001868,16.01576920334742
zone,91.50373855587209,16.01847489014676
zone,91.6037426417255,16.02117741706479
zone,91.70374672757892,16.02387679205268
zone,91.80375081343233,16.0265730230284
zone,91.90375489928574,16.02926611788298
zone,92.00375898513916,16.0319560844767
zone,92.10376307099257,16.0346429306363
zone,92.20376715684598,16.03732666416192
zone,92.30377124269938,16.04000729282471
zone,92.4037753285528,16.04268482436155
zone,92.50377941440621,16.04535926648311
zone,92.60378350025962,16.04803062687268
zone,92.70378758611304,16.05069891317864
zone,92.80379167196645,16.05336413302345
zone,92.90379575781986,16.05602629400348
zone,93.00379984367328,16.05868540368045
zone,93.10380392952669,16.06134146959009
zone,93.2038080153801,16.06399449924224
zone,93.30381210123352,16.06664450011453
zone,93.40381618708692,16.06929147965678
zone,93.50382027294033,16.07193544529312
zone,93.60382435879374,16.07457640441884
zone,93.70382844464716,16.07721436439867
zone,93.80383253050057,16.07984933257239
zone,93.90383661635398,16.0824813162543
zone,94.0038407022074,16.08511032272578
zone,94.10384478806081,16.08773635924357
zone,94.20384887391423,16.09035943304038
zone,94.30385295976764,16.09297955131712
zone,94.40385704562105,16.09559672124894
zone,94.50386113147445,16.09821094998662
zone,94.60386521732786,16.10082224465349
zone,94.70386930318128,16.10343061234344
zone,94.80387338903469,16.10603606012648
zone,94.9038774748881,16.10863859504958
zone,95.00388156074152,16.11123822412691
zone,95.10388564659493,16.1138349543499
zone,95.20388973244835,16.11642879268619
zone,95.30389381830176,16.11901974607566
zone,95.40389790415517,16.12160782143099
zone,95.50390199000857,16.12419302564113
zone,95.60390607586199,16.12677536557315
zone,95.7039101617154,16.1293548480621
zone,95.80391424756881,16.13193147992137
zone,95.90391833342223,16.13450526794071
zone,96.00392241927564,16.13707621888431
zone,96.10392650512905,16.13964433948868
zone,96.20393059098247,16.14220963646822
zone,96.30393467683588,16.14477211651537
zone,96.4039387626893,16.14733178629334
zone,96.5039428485427,16.14988865244251
zone,96.6039469343961,16.15244272158027
zone,96.70395102024952,16.15499400030216
zone,96.80395510610293,16.1575424951742
zone,96.90395919195635,16.16008821274146
zone,97.00396327780976,16.16263115952712
zone,97.10396736366317,16.16517134202961
zone,97.20397144951659,16.16770876672134
zone,97.30397553537,16.1702434400537
zone,97.40397962122341,16.17277536845695
zone,97.50398370707683,16.17530455833469
zone,97.60398779293023,16.17783101606769
zone,97.70399187878364,16.18035474801492
zone,97.80399596463705,16.18287576051538
zone,97.90400005049047,16.18539405988009
zone,98.00400413634388,16.18790965239959
zone,98.1040082221973,16.19042254434212
zone,98.20401230805071,16.19293274195756
zone,98.30401639390412,16.195440251466
zone,98.40402047975753,16.19794507906922
zone,98.50402456561095,16.20044723094708
zone,98.60402865146436,16.20294671326032
zone,98.70403273731776,16.20544353214155
zone,98.80403682317117,16.20793769370475
zone,98.90404090902459,16.21042920404298
zone,99.004044994878,16.21291806923005
zone,99.10404908073141,16.21540429531212
zone,99.20405316658483,16.21788788831753
zone,99.30405725243824,16.2203688542534
zone,99.40406133829165,16.22284719910868
zone,99.50406542414507,16.22532292884489
zone,99.60406950999848,16.22779604940584
zone,99.70407359585188,16.23026656671473
zone,99.8040776817053,16.23273448667726
zone,99.90408176755871,16.23519981517162
zone,100.0040858534121,16.237662085705
zone,102.0041675704804,16.28618079913127
zone,104.0042492875486,16.33376594320073
zone,106.0043310046169,16.38045325024159
zone,108.0044127216851,16.42627644860508
zone,110.0044944387533,16.47126740976666
zone,112.0045761558216,16.51545628217276
zone,114.0046578728898,16.55887161324061
zone,116.0047395899581,16.60154046074777
zone,118.0048213070263,16.64348849469974
zone,120.0049030240945,16.68474009063596
zone,122.0049847411628,16.72531841522355
zone,124.005066458231,16.76524550489112
zone,126.0051481752993,16.80454233817119
zone,128.0052298923675,16.8432289023455
zone,130.0053116094358,16.88132425492343
zone,132.005393326504,16.91884658042682
zone,134.0054750435722,16.95581324290477
zone,136.0055567606405,16.99224083455801
zone,138.0056384777087,17.02814522081361
zone,140.005720194777,17.06354158215663
zone,142.0058019118452,17.09844445299464
zone,144.0058836289135,17.13286775780411
zone,146.0059653459817,17.16682484478385
zone,148.0060470630499,17.20032851721868
zone,150.0061287801182,17.23339106273815
zone,152.0062104971864,17.2660242806373
zone,154.0062922142547,17.29823950741163
zone,156.0063739313229,17.33004764064452
zone,158.0064556483912,17.36145916137301
zone,160.0065373654594,17.39248415504683
zone,162.0066190825276,17.42313233118553
zone,164.0067007995959,17.4534130418295
zone,166.0067825166641,17.48333529887276
zone,168.0068642337324,17.5129077903577
zone,170.0069459508006,17.54213889580558
zone,172.0070276678688,17.57103670065051
zone,174.0071093849371,17.59960900983893
zone,176.0071911020054,17.62786336065201
zone,178.0072728190736,17.65580703480355
zone,180.0073545361418,17.68344706986199
zone,182.0074362532101,17.71079027004125
zone,184.0075179702783,17.73784321640201
zone,186.0075996873466,17.76461227650141
zone,188.0076814044148,17.79110361352676
zone,190.007763121483,17.81732319494595
zone,192.0078448385513,17.8432768007049
zone,194.0079265556195,17.86897003100033
zone,196.0080082726878,17.89440831365375
zone,198.008089989756,17.91959691111132
zone,200.0081717068242,17.94454092709178
zone,202.0082534238925,17.96924531290366
zone,204.0083351409607,17.99371487345134
zone,206.008416858029,18.01795427294807
zone,208.0084985750972,18.04196804035296
zone,210.0085802921654,18.06576057454787
zone,212.0086620092337,18.08933614926892
zone,214.008743726302,18.11269891780642
zone,216.0088254433702,18.13585291748629
zone,218.0089071604384,18.15880207394485
zone,220.0089888775067,18.18155020520843
zone,222.0090705945749,18.20410102558846
zone,224.0091523116432,18.22645814940174
zone,226.0092340287114,18.2486250945255
zone,228.0093157457796,18.27060528579573
zone,230.0093974628479,18.29240205825719
zone,232.0094791799161,18.31401866027268
zone,234.0095608969844,18.33545825649885
zone,236.0096426140526,18.35672393073542
zone,238.0097243311209,18.37781868865413
zone,240.0098060481891,18.39874546041353
zone,242.0098877652573,18.41950710316524
zone,244.0099694823256,18.44010640345714
zone,246.0100511993938,18.46054607953837
zone,248.0101329164621,18.48082878357107
zone,250.0102146335303,18.50095710375328
zone,252.0102963505986,18.52093356635726
zone,254.0103780676668,18.54076063768724
zone,256.010459784735,18.56044072596038
zone,258.0105415018033,18.57997618311455
zone,260.0106232188715,18.59936930654635
zone,262.0107049359398,18.61862234078244
zone,264.010786653008,18.63773747908742
zone,266.0108683700763,18.65671686501097
zone,268.0109500871445,18.67556259387707
zone,270.0110318042127,18.69427671421787
zone,272.011113521281,18.71286122915462
zone,274.0111952383492,18.73131809772799
zone,276.0112769554175,18.74964923618012
zone,278.0113586724857,18.76785651919025
zone,280.011440389554,18.78594178106618
zone,282.0115221066222,18.80390681689325
zone,284.0116038236905,18.82175338364271
zone,286.0116855407587,18.83948320124131
zone,288.0117672578269,18.85709795360349
zone,290.0118489748951,18.87459928962793
zone,292.0119306919634,18.89198882415981
zone,294.0120124090316,18.90926813892028
zone,296.0120941260999,18.92643878340437
zone,298.0121758431681,18.9435022757487
zone,300.0122575602364,18.96046010357017
zone,302.0123392773046,18.97731372477673
zone,304.0124209943729,18.9940645683515
zone,306.0125027114411,19.01071403511107
zone,308.0125844285093,19.02726349843914
zone,310.0126661455776,19.04371430499649
zone,312.0127478626458,19.06006777540797
zone,314.0128295797141,19.07632520492767
zone,316.0129112967823,19.09248786408295
zone,318.0129930138506,19.10855699929809
zone,320.0130747309188,19.12453383349844
zone,322.0131564479871,19.14041956669577
zone,324.0132381650553,19.15621537655546
zone,326.0133198821235,19.17192241894622
zone,328.0134015991918,19.18754182847304
zone,330.01348331626,19.20307471899397
zone,332.0135650333282,19.21852218412116
zone,334.0136467503965,19.23388529770702
zone,336.0137284674647,19.24916511431574
zone,338.013810184533,19.26436266968087
zone,340.0138919016012,19.27947898114941
zone,342.0139736186695,19.29451504811286
zone,344.0140553357377,19.30947185242568
zone,346.0141370528059,19.32435035881169
zone,348.0142187698742,19.33915151525869
zone,350.0143004869424,19.35387625340179
zone,352.0143822040107,19.36852548889585
zone,354.0144639210789,19.38310012177734
zone,356.0145456381472,19.397601036816
zone,358.0146273552154,19.41202910385666
zone,360.0147090722837,19.42638517815158
zone,362.0147907893519,19.4406701006835
zone,364.0148725064201,19.45488469847988
zone,366.0149542234884,19.46902978491843
zone,368.0150359405566,19.48310616002443
zone,370.0151176576248,19.4971146107599
zone,372.0151993746931,19.51105591130504
zone,374.0152810917613,19.52493082333204
zone,376.0153628088296,19.53874009627173
zone,378.0154445258978,19.55248446757298
zone,380.0155262429661,19.56616466295543
zone,382.0156079600343,19.57978139665542
zone,384.0156896771026,19.59333537166567
zone,386.0157713941708,19.60682727996858
zone,388.015853111239,19.6202578027636
zone,390.0159348283073,19.63362761068874
zone,392.0160165453755,19.64693736403636
zone,394.0160982624438,19.66018771296353
zone,396.016179979512,19.67337929769704
zone,398.0162616965803,19.68651274873329
zone,400.0163434136485,19.69958868703304
zone,402.0164251307168,19.71260772421149
zone,404.016506847785,19.72557046272348
zone,406.0165885648532,19.73847749604424
zone,408.0166702819214,19.75132940884557
zone,410.0167519989897,19.76412677716788
zone,412.0168337160579,19.77687016858787
zone,414.0169154331262,19.78956014238229
zone,416.0169971501944,19.80219724968764
zone,418.0170788672627,19.81478203365615
zone,420.0171605843309,19.82731502960795
zone,422.0172423013992,19.83979676517967
zone,424.0173240184674,19.85222776046952
zone,426.0174057355356,19.86460852817895
zone,428.0174874526039,19.87693957375098
zone,430.0175691696721,19.88922139550534
zone,432.0176508867404,19.90145448477047
zone,434.0177326038086,19.91363932601242
zone,436.0178143208769,19.92577639696086
zone,438.0178960379451,19.93786616873213
zone,440.0179777550134,19.94990910594959
zone,442.0180594720816,19.96190566686112
zone,444.0181411891498,19.97385630345408
zone,446.0182229062181,19.98576146156757
zone,448.0183046232863,19.99762158100233
zone,450.0183863403545,20.00943709562801
zone,452.0184680574228,20.02120843348825
zone,454.018549774491,20.03293601690327
zone,456.0186314915593,20.04462026257035
zone,458.0187132086275,20.05626158166199
zone,460.0187949256958,20.06786037992203
zone,462.018876642764,20.07941705775962
zone,464.0189583598323,20.09093201034119
zone,466.0190400769005,20.10240562768043
zone,468.0191217939687,20.11383829472635
zone,470.019203511037,20.12523039144948
zone,472.0192852281052,20.1365822929262
zone,474.0193669451735,20.14789436942131
zone,476.0194486622417,20.15916698646887
zone,478.01953037931,20.17040050495134
zone,480.0196120963782,20.18159528117705
zone,482.0196938134465,20.1927516669561
zone,484.0197755305147,20.20387000967463
zone,486.0198572475829,20.21495065236761
zone,488.0199389646511,20.22599393379011
zone,490.0200206817194,20.23700018848716
zone,492.0201023987876,20.24796974686208
zone,494.0201841158559,20.25890293524353
zone,496.0202658329241,20.26980007595118
zone,498.0203475499924,20.28066148736002
zone,500.0204292670606,20.29148748396343
zone,502.0205109841289,20.30227837643494
zone,504.0205927011971,20.31303447168883
zone,506.0206744182653,20.32375607293946
zone,508.0207561353336,20.3344434797595
zone,510.0208378524018,20.34509698813691
zone,512.02091956947,20.35571689053096
zone,514.0210012865383,20.366303475927
zone,516.0210830036066,20.37685702989031
zone,518.0211647206748,20.38737783461874
zone,520.021246437743,20.39786616899453
zone,522.0213281548113,20.40832230863499
zone,524.0214098718795,20.41874652594226
zone,526.0214915889478,20.42913909015214
zone,528.021573306016,20.43950026738197
zone,530.0216550230842,20.44983032067758
zone,532.0217367401525,20.46012951005947
zone,534.0218184572208,20.47039809256795
zone,536.0219001742889,20.48063632230757
zone,538.0219818913572,20.49084445049069
zone,540.0220636084255,20.50102272548021
zone,542.0221453254937,20.51117139283154
zone,544.022227042562,20.52129069533381
zone,546.0223087596302,20.53138087305027
zone,548.0223904766984,20.54144216335801
zone,550.0224721937667,20.55147480098695
zone,552.022553910835,20.56147901805803
zone,554.0226356279031,20.57145504412089
zone,556.0227173449714,20.5814031061907
zone,558.0227990620397,20.5913234287844
zone,560.0228807791079,20.6012162339563
zone,562.0229624961761,20.61108174133304
zone,564.0230442132444,20.62092016814792
zone,566.0231259303126,20.63073172927459
zone,568.0232076473809,20.64051663726026
zone,570.023289364449,20.65027510235815
zone,572.0233710815173,20.66000733255954
zone,574.0234527985856,20.66971353362517
zone,576.0235345156539,20.67939390911611
zone,578.0236162327221,20.68904866042412
zone,580.0236979497903,20.69867798680143
zone,582.0237796668586,20.70828208539007
zone,584.0238613839268,20.71786115125066
zone,586.0239431009951,20.72741537739075
zone,588.0240248180633,20.73694495479258
zone,590.0241065351315,20.74645007244052
zone,592.0241882521998,20.75593091734789
zone,594.0242699692681,20.76538767458344
zone,596.0243516863362,20.77482052729732
zone,598.0244334034045,20.78422965674665
zone,600.0245151204728,20.79361524232068
zone,602.024596837541,20.80297746156547
zone,604.0246785546092,20.81231649020817
zone,606.0247602716775,20.82163250218101
zone,608.0248419887457,20.83092566964475
zone,610.024923705814,20.84019616301178
zone,612.0250054228821,20.84944415096895
zone,614.0250871399504,20.85866980049986
zone,616.0251688570187,20.86787327690693
zone,618.025250574087,20.87705474383304
zone,620.0253322911552,20.88621436328282
zone,622.0254140082234,20.89535229564362
zone,624.0254957252916,20.90446869970616
zone,626.0255774423599,20.91356373268479
zone,628.0256591594282,20.92263755023751
zone,630.0257408764963,20.93169030648557
zone,632.0258225935646,20.94072215403285
zone,634.0259043106329,20.94973324398492
zone,636.0259860277012,20.95872372596773
zone,638.0260677447693,20.96769374814608
zone,640.0261494618376,20.97664345724179
zone,642.0262311789058,20.98557299855157
zone,644.0263128959741,20.99448251596459
zone,646.0263946130423,21.00337215197985
zone,648.0264763301105,21.01224204772319
zone,650.0265580471788,21.02109234296413
zone,652.0266397642471,21.02992317613237
zone,654.0267214813152,21.03873468433407
zone,656.0268031983835,21.04752700336795
zone,658.0268849154518,21.05630026774099
zone,660.02696663252,21.06505461068406
zone,662.0270483495883,21.07379016416717
zone,664.0271300666565,21.08250705891462
zone,666.0272117837247,21.09120542441982
zone,668.027293500793,21.09988538895993
zone,670.0273752178613,21.1085470796103
zone,672.0274569349294,21.11719062225866
zone,674.0275386519977,21.1258161416191
zone,676.027620369066,21.13442376124587
zone,678.0277020861342,21.14301360354699
zone,680.0277838032024,21.15158578979757
zone,682.0278655202707,21.16014044015305
zone,684.0279472373389,21.16867767366219
zone,686.0280289544072,21.17719760827982
zone,688.0281106714754,21.18570036087955
zone,690.0281923885436,21.19418604726612
zone,692.0282741056119,21.2026547821877
zone,694.0283558226802,21.21110667934797
zone,696.0284375397484,21.21954185141799
zone,698.0285192568166,21.22796041004799
zone,700.0286009738849,21.23636246587889
zone,702.0286826909531,21.24474812855373
zone,704.0287644080214,21.25311750672889
zone,706.0288461250896,21.26147070808519
zone,708.0289278421578,21.26980783933881
zone,710.0290095592261,21.27812900625205
zone,712.0290912762944,21.28643431364398
zone,714.0291729933625,21.29472386540086
zone,716.0292547104308,21.30299776448652
zone,718.0293364274991,21.3112561129525
zone,720.0294181445673,21.31949901194812
zone,722.0294998616355,21.32772656173036
zone,724.0295815787038,21.33593886167363
zone,726.029663295772,21.3441360102794
zone,728.0297450128403,21.35231810518571
zone,730.0298267299085,21.36048524317651
zone,732.0299084469767,21.36863752019094
zone,734.029990164045,21.3767750313324
zone,736.0300718811133,21.38489787087756
zone,738.0301535981815,21.39300613228524
zone,740.0302353152497,21.40109990820514
zone,742.030317032318,21.40917929048647
zone,744.0303987493862,21.4172443701865
zone,746.0304804664545,21.4252952375789
zone,748.0305621835226,21.43333198216209
zone,750.0306439005909,21.44135469266738
zone,752.0307256176592,21.44936345706703
zone,754.0308073347275,21.45735836258227
zone,756.0308890517956,21.46533949569109
zone,758.0309707688639,21.47330694213604
zone,760.0310524859322,21.48126078693185
zone,762.0311342030004,21.48920111437303
zone,764.0312159200686,21.49712800804125
zone,766.0312976371368,21.50504155081276
zone,768.0313793542051,21.51294182486562
zone,770.0314610712734,21.52082891168688
zone,772.0315427883417,21.52870289207963
zone,774.0316245054098,21.53656384617001
zone,776.0317062224781,21.54441185341408
zone,778.0317879395463,21.55224699260464
zone,780.0318696566146,21.56006934187794
zone,782.0319513736828,21.56787897872031
zone,784.032033090751,21.5756759799747
zone,786.0321148078193,21.58346042184716
zone,788.0321965248876,21.59123237991319
zone,790.0322782419557,21.5989919291241
zone,792.032359959024,21.60673914381316
zone,794.0324416760923,21.61447409770179
zone,796.0325233931605,21.62219686390561
zone,798.0326051102287,21.62990751494043
zone,800.032686827297,21.63760612272818
zone,802.0327685443652,21.64529275860273
zone,804.0328502614335,21.65296749331565
zone,806.0329319785017,21.66063039704198
zone,808.0330136955699,21.66828153938575
zone,810.0330954126382,21.67592098938562
zone,812.0331771297065,21.68354881552034
zone,814.0332588467747,21.69116508571418
zone,816.0333405638429,21.69876986734226
zone,818.0334222809112,21.70636322723589
zone,820.0335039979794,21.71394523168777
zone,822.0335857150477,21.72151594645712
zone,824.0336674321159,21.72907543677485
zone,826.0337491491841,21.73662376734854
zone,828.0338308662524,21.74416100236746
zone,830.0339125833207,21.75168720550745
zone,832.0339943003888,21.75920243993581
zone,834.0340760174571,21.76670676831609
zone,836.0341577345254,21.77420025281286
zone,838.0342394515936,21.78168295509632
zone,840.0343211686618,21.78915493634703
zone,842.0344028857301,21.79661625726044
zone,844.0344846027983,21.80406697805138
zone,846.0345663198666,21.81150715845862
zone,848.0346480369349,21.8189368577492
zone,850.034729754003,21.82635613472284
zone,852.0348114710713,21.83376504771623
zone,854.0348931881396,21.84116365460735
zone,856.0349749052078,21.8485520128196
zone,858.035056622276,21.85593017932602
zone,860.0351383393443,21.86329821065342
zone,862.0352200564125,21.87065616288641
zone,864.0353017734808,21.87800409167144
zone,866.035383490549,21.88534205222077
zone,868.0354652076172,21.89267009931643
zone,870.0355469246855,21.89998828731406
zone,872.0356286417538,21.9072966701468
zone,874.0357103588219,21.91459530132905
zone,876.0357920758902,21.92188423396023
zone,878.0358737929585,21.92916352072853
zone,880.0359555100267,21.93643321391452
zone,882.0360372270949,21.94369336539483
zone,884.0361189441631,21.9509440266457
zone,886.0362006612314,21.95818524874657
zone,888.0362823782997,21.96541708238355
zone,890.036364095368,21.9726395778529
zone,892.0364458124361,21.97985278506447
zone,894.0365275295044,21.98705675354507
zone,896.0366092465727,21.99425153244186
zone,898.0366909636409,22.00143717052562
zone,900.0367726807091,22.00861371619408
zone,902.0368543977773,22.01578121747513
zone,904.0369361148456,22.02293972203003
zone,906.0370178319139,22.03008927715661
zone,908.037099548982,22.03722992979235
zone,910.0371812660503,22.04436172651759
zone,912.0372629831186,22.05148471355847
zone,914.0373447001868,22.05859893679006
zone,916.037426417255,22.06570444173934
zone,918.0375081343233,22.07280127358817
zone,920.0375898513915,22.0798894771762
zone,922.0376715684598,22.08696909700382
zone,924.0377532855281,22.09404017723504
zone,926.0378350025962,22.10110276170028
zone,928.0379167196645,22.10815689389925
zone,930.0379984367328,22.11520261700369
zone,932.038080153801,22.12223997386014
zone,934.0381618708692,22.12926900699268
zone,936.0382435879375,22.1362897586056
zone,938.0383253050057,22.14330227058611
zone,940.038407022074,22.15030658450693
zone,942.0384887391422,22.15730274162891
zone,944.0385704562104,22.16429078290368
zone,946.0386521732787,22.17127074897612
zone,948.038733890347,22.17824268018695
zone,950.0388156074151,22.1852066165752
zone,952.0388973244834,22.19216259788073
zone,954.0389790415517,22.19911066354661
zone,956.0390607586199,22.20605085272165
zone,958.0391424756881,22.2129832042627
zone,960.0392241927564,22.21990775673711
zone,962.0393059098246,22.22682454842503
zone,964.0393876268929,22.23373361732175
zone,966.0394693439612,22.24063500114001
zone,968.0395510610293,22.24752873731231
zone,970.0396327780976,22.2544148629931
zone,972.0397144951659,22.26129341506109
zone,974.0397962122341,22.2681644301214
zone,976.0398779293023,22.27502794450778
zone,978.0399596463706,22.2818839942848
zone,980.0400413634388,22.28873261524994
zone,982.0401230805071,22.29557384293576
zone,984.0402047975753,22.30240771261197
zone,986.0402865146435,22.30923425928755
zone,988.0403682317118,22.31605351771277
zone,990.0404499487801,22.32286552238127
zone,992.0405316658482,22.32967030753202
zone,994.0406133829165,22.33646790715139
zone,996.0406950999848,22.3432583549751
zone,998.040776817053,22.35004168449015
zone,1000.040858534121,22.35681792893682
zone,1002.040940251189,22.36358712131053
zone,1004.041021968258,22.37034929436379
zone,1006.041103685326,22.37710448060806
zone,1008.041185402394,22.38385271231562
zone,1010.041267119462,22.39059402152143
zone,1012.041348836531,22.39732844002493
zone,1014.041430553599,22.40405599939188
zone,1016.041512270667,22.41077673095614
zone,1018.041593987735,22.41749066582144
zone,1020.041675704804,22.42419783486317
zone,1022.041757421872,22.43089826873008
zone,1024.04183913894,22.43759199784602
zone,1026.041920856008,22.44427905241168
zone,1028.042002573077,22.45095946240623
zone,1030.042084290145,22.45763325758903
zone,1032.042166007213,22.46430046750128
zone,1034.042247724281,22.47096112146768
zone,1036.04232944135,22.47761524859801
zone,1038.042411158418,22.48426287778882
zone,1040.042492875486,22.49090403772496
zone,1042.042574592554,22.49753875688118
zone,1044.042656309623,22.50416706352372
zone,1046.042738026691,22.51078898571185
zone,1048.042819743759,22.51740455129939
zone,1050.042901460827,22.52401378793626
zone,1052.042983177896,22.53061672306998
zone,1054.043064894964,22.53721338394716
zone,1056.043146612032,22.54380379761499
zone,1058.0432283291,22.55038799092269
zone,1060.043310046168,22.55696599052301
zone,1062.043391763237,22.56353782287359
zone,1064.043473480305,22.57010351423848
zone,1066.043555197373,22.57666309068948
zone,1068.043636914442,22.58321657810758
zone,1070.04371863151,22.58976400218435
zone,1072.043800348578,22.59630538842327
zone,1074.043882065646,22.60284076214118
zone,1076.043963782714,22.60937014846951
zone,1078.044045499783,22.61589357235574
zone,1080.044127216851,22.62241105856464
zone,1082.044208933919,22.62892263167963
zone,1084.044290650987,22.63542831610405
zone,1086.044372368056,22.64192813606249
zone,1088.044454085124,22.64842211560201
zone,1090.044535802192,22.65491027859347
zone,1092.04461751926,22.66139264873275
zone,1094.044699236329,22.66786924954199
zone,1096.044780953397,22.67434010437084
zone,1098.044862670465,22.6808052363977
zone,1100.044944387533,22.68726466863085
zone,1102.045026104602,22.69371842390977
zone,1104.04510782167,22.70016652490623
zone,1106.045189538738,22.70660899412552
zone,1108.045271255806,22.7130458539076
zone,1110.045352972875,22.71947712642826
zone,1112.045434689943,22.72590283370029
zone,1114.045516407011,22.73232299757457
zone,1116.045598124079,22.73873763974126
zone,1118.045679841148,22.74514678173087
zone,1120.045761558216,22.75155044491538
zone,1122.045843275284,22.75794865050934
zone,1124.045924992352,22.764341419571
zone,1126.04600670942,22.7707287730033
zone,1128.046088426489,22.77711073155503
zone,1130.046170143557,22.78348731582184
zone,1132.046251860625,22.7898585462473
zone,1134.046333577694,22.79622444312397
zone,1136.046415294762,22.80258502659439
zone,1138.04649701183,22.80894031665213
zone,1140.046578728898,22.81529033314283
zone,1142.046660445966,22.82163509576515
zone,1144.046742163035,22.82797462407181
zone,1146.046823880103,22.83430893747058
zone,1148.046905597171,22.84063805522524
zone,1150.046987314239,22.84696199645658
zone,1152.047069031308,22.85328078014335
zone,1154.047150748376,22.8595944251232
zone,1156.047232465444,22.86590295009368
zone,1158.047314182512,22.87220637361311
zone,1160.047395899581,22.8785047141016
zone,1162.047477616649,22.8847979898419
zone,1164.047559333717,22.89108621898034
zone,1166.047641050785,22.89736941952776
zone,1168.047722767854,22.9036476093604
zone,1170.047804484922,22.90992080622079
zone,1172.04788620199,22.91618902771864
zone,1174.047967919058,22.92245229133173
zone,1176.048049636127,22.92871061440675
zone,1178.048131353195,22.93496401416022
zone,1180.048213070263,22.94121250767931
zone,1182.048294787331,22.94745611192268
zone,1184.0483765044,22.95369484372137
zone,1186.048458221468,22.95992871977961
zone,1188.048539938536,22.96615775667564
zone,1190.048621655604,22.97238197086255
zone,1192.048703372672,22.9786013786691
zone,1194.048785089741,22.98481599630053
zone,1196.048866806809,22.99102583983934
zone,1198.048948523877,22.99723092524613
zone,1200.049030240946,23.00343126836035
zone,1202.049111958014,23.00962688490111
zone,1204.049193675082,23.01581779046795
zone,1206.04927539215,23.0220040005416
zone,1208.049357109218,23.02818553048479
zone,1210.049438826287,23.03436239554296
zone,1212.049520543355,23.04053461084502
zone,1214.049602260423,23.04670219140413
zone,1216.049683977491,23.05286515211841
zone,1218.04976569456,23.0590235077717
zone,1220.049847411628,23.06517727303427
zone,1222.049929128696,23.07132646246356
zone,1224.050010845764,23.07747109050487
zone,1226.050092562833,23.08361117149212
zone,1228.050174279901,23.08974671964852
zone,1230.050255996969,23.09587774908728
zone,1232.050337714037,23.10200427381233
zone,1234.050419431106,23.10812630771894
zone,1236.050501148174,23.11424386459453
zone,1238.050582865242,23.12035695811921
zone,1240.05066458231,23.12646560186655
zone,1242.050746299378,23.13256980930422
zone,1244.050828016447,23.13866959379466
zone,1246.050909733515,23.14476496859572
zone,1248.050991450583,23.15085594686133
zone,1250.051073167652,23.15694254164216
zone,1252.05115488472,23.16302476588624
zone,1254.051236601788,23.16910263243962
zone,1256.051318318856,23.17517615404698
zone,1258.051400035924,23.1812453433523
zone,1260.051481752993,23.18731021289944
zone,1262.051563470061,23.19337077513278
zone,1264.051645187129,23.19942704239784
zone,1266.051726904197,23.2054790269419
zone,1268.051808621266,23.21152674091456
zone,1270.051890338334,23.2175701963684
zone,1272.051972055402,23.22360940525953
zone,1274.052053772471,23.22964437944822
zone,1276.052135489539,23.23567513069947
zone,1278.052217206607,23.24170167068356
zone,1280.052298923675,23.24772401097672
zone,1282.052380640743,23.2537421630616
zone,1284.052462357812,23.2597561383279
zone,1286.05254407488,23.26576594807294
zone,1288.052625791948,23.27177160350218
zone,1290.052707509016,23.27777311572985
zone,1292.052789226085,23.2837704957794
zone,1294.052870943153,23.28976375458416
zone,1296.052952660221,23.29575290298781
zone,1298.053034377289,23.30173795174493
zone,1300.053116094358,23.30771891152159
zone,1302.053197811426,23.31369579289581
zone,1304.053279528494,23.31966860635817
zone,1306.053361245562,23.32563736231226
zone,1308.05344296263,23.33160207107524
zone,1310.053524679699,23.33756274287837
zone,1312.053606396767,23.34351938786749
zone,1314.053688113835,23.34947201610355
zone,1316.053769830904,23.35542063756315
zone,1318.053851547972,23.36136526213896
zone,1320.05393326504,23.36730589964031
zone,1322.054014982108,23.37324255979362
zone,1324.054096699177,23.37917525224296
zone,1326.054178416245,23.38510398655043
zone,1328.054260133313,23.39102877219679
zone,1330.054341850381,23.39694961858181
zone,1332.054423567449,23.40286653502485
zone,1334.054505284518,23.40877953076525
zone,1336.054587001586,23.41468861496288
zone,1338.054668718654,23.42059379669856
zone,1340.054750435723,23.42649508497453
zone,1342.054832152791,23.43239248871491
zone,1344.054913869859,23.43828601676621
zone,1346.054995586927,23.4441756778977
zone,1348.055077303995,23.45006148080195
zone,1350.055159021064,23.45594343409519
zone,1352.055240738132,23.46182154631785
zone,1354.0553224552,23.46769582593493
zone,1356.055404172268,23.47356628133647
zone,1358.055485889337,23.47943292083798
zone,1360.055567606405,23.48529575268089
zone,1362.055649323473,23.49115478503296
zone,1364.055731040541,23.49701002598872
zone,1366.05581275761,23.50286148356989
zone,1368.055894474678,23.50870916572581
zone,1370.055976191746,23.51455308033385
zone,1372.056057908814,23.52039323519983
zone,1374.056139625883,23.52622963805841
zone,1376.056221342951,23.53206229657358
zone,1378.056303060019,23.53789121833895
zone,1380.056384777087,23.54371641087827
zone,1382.056466494156,23.54953788164574
zone,1384.056548211224,23.55535563802648
zone,1386.056629928292,23.56116968733686
zone,1388.05671164536,23.56698003682498
zone,1390.056793362429,23.57278669367097
zone,1392.056875079497,23.57858966498744
zone,1394.056956796565,23.58438895781986
zone,1396.057038513633,23.5901845791469
zone,1398.057120230701,23.59597653588088
zone,1400.05720194777,23.60176483486808
zone,1402.057283664838,23.60754948288918
zone,1404.057365381906,23.61333048665957
zone,1406.057447098975,23.61910785282978
zone,1408.057528816043,23.62488158798581
zone,1410.057610533111,23.63065169864952
zone,1412.057692250179,23.63641819127897
zone,1414.057773967247,23.64218107226879
zone,1416.057855684316,23.64794034795057
zone,1418.057937401384,23.65369602459317
zone,1420.058019118452,23.65944810840309
zone,1422.05810083552,23.66519660552487
zone,1424.058182552589,23.67094152204133
zone,1426.058264269657,23.67668286397404
zone,1428.058345986725,23.68242063728358
zone,1430.058427703793,23.68815484786995
zone,1432.058509420862,23.69388550157284
zone,1434.05859113793,23.69961260417202
zone,1436.058672854998,23.70533616138765
zone,1438.058754572066,23.71105617888063
zone,1440.058836289135,23.71677266225295
zone,1442.058918006203,23.72248561704795
zone,1444.058999723271,23.72819504875075
zone,1446.059081440339,23.73390096278848
zone,1448.059163157408,23.73960336453066
zone,1450.059244874476,23.74530225928951
zone,1452.059326591544,23.75099765232028
zone,1454.059408308612,23.75668954882152
zone,1456.059490025681,23.76237795393547
zone,1458.059571742749,23.7680628727483
zone,1460.059653459817,23.77374431029049
zone,1462.059735176885,23.77942227153709
zone,1464.059816893953,23.78509676140805
zone,1466.059898611022,23.79076778476849
zone,1468.05998032809,23.7964353464291
zone,1470.060062045158,23.80209945114632
zone,1472.060143762227,23.80776010362271
zone,1474.060225479295,23.81341730850725
zone,1476.060307196363,23.81907107039563
zone,1478.060388913431,23.8247213938305
zone,1480.060470630499,23.83036828330183
zone,1482.060552347568,23.83601174324718
zone,1484.060634064636,23.84165177805196
zone,1486.060715781704,23.84728839204975
zone,1488.060797498772,23.85292158952256
zone,1490.060879215841,23.85855137470115
zone,1492.060960932909,23.86417775176528
zone,1494.061042649977,23.86980072484401
zone,1496.061124367045,23.87542029801596
zone,1498.061206084114,23.88103647530961
zone,1500.061287801182,23.88664926070356
zone,1502.06136951825,23.8922586581268
zone,1504.061451235318,23.897864671459
zone,1506.061532952387,23.90346730453077
zone,1508.061614669455,23.90906656112394
zone,1510.061696386523,23.9146624449718
zone,1512.061778103591,23.9202549597594
zone,1514.061859820659,23.92584410912378
zone,1516.061941537728,23.93142989665426
zone,1518.062023254796,23.93701232589271
zone,1520.062104971864,23.94259140033376
zone,1522.062186688933,23.94816712342512
zone,1524.062268406001,23.95373949856777
zone,1526.062350123069,23.9593085291163
zone,1528.062431840137,23.96487421837907
zone,1530.062513557205,23.97043656961853
zone,1532.062595274274,23.97599558605146
zone,1534.062676991342,23.98155127084916
zone,1536.06275870841,23.98710362713781
zone,1538.062840425478,23.99265265799859
zone,1540.062922142547,23.99819836646803
zone,1542.063003859615,24.00374075553818
zone,1544.063085576683,24.0092798281569
zone,1546.063167293751,24.01481558722807
zone,1548.06324901082,24.02034803561185
zone,1550.063330727888,24.02587717612491
zone,1552.063412444956,24.03140301154064
zone,1554.063494162024,24.03692554458946
zone,1556.063575879093,24.04244477795895
zone,1558.063657596161,24.04796071429418
zone,1560.063739313229,24.05347335619786
zone,1562.063821030297,24.05898270623064
zone,1564.063902747366,24.0644887669113
zone,1566.063984464434,24.06999154071697
zone,1568.064066181502,24.07549103008338
zone,1570.06414789857,24.08098723740506
zone,1572.064229615639,24.08648016503561
zone,1574.064311332707,24.09196981528785
zone,1576.064393049775,24.09745619043409
zone,1578.064474766843,24.10293929270638
zone,1580.064556483911,24.10841912429664
zone,1582.06463820098,24.11389568735694
zone,1584.064719918048,24.11936898399971
zone,1586.064801635116,24.12483901629795
zone,1588.064883352185,24.13030578628543
zone,1590.064965069253,24.13576929595691
zone,1592.065046786321,24.14122954726836
zone,1594.065128503389,24.14668654213718
zone,1596.065210220457,24.15214028244236
zone,1598.065291937526,24.15759077002475
zone,1600.065373654594,24.16303800668723
zone,1602.065455371662,24.16848199419491
zone,1604.06553708873,24.17392273427537
zone,1606.065618805799,24.17936022861883
zone,1608.065700522867,24.18479447887835
zone,1610.065782239935,24.19022548667008
zone,1612.065863957003,24.19565325357339
zone,1614.065945674072,24.20107778113113
zone,1616.06602739114,24.20649907084977
zone,1618.066109108208,24.21191712419966
zone,1620.066190825276,24.21733194261518
zone,1622.066272542345,24.22274352749496
zone,1624.066354259413,24.22815188020204
zone,1626.066435976481,24.2335570020641
zone,1628.066517693549,24.23895889437365
zone,1630.066599410618,24.24435755838819
zone,1632.066681127686,24.24975299533042
zone,1634.066762844754,24.25514520638842
zone,1636.066844561822,24.26053419271586
zone,1638.066926278891,24.26591995543217
zone,1640.067007995959,24.2713024956227
zone,1642.067089713027,24.27668181433897
zone,1644.067171430095,24.28205791259878
zone,1646.067253147163,24.28743079138644
zone,1648.067334864232,24.29280045165295
zone,1650.0674165813,24.29816689431615
zone,1652.067498298368,24.30353012026094
zone,1654.067580015437,24.30889013033942
zone,1656.067661732505,24.3142469253711
zone,1658.067743449573,24.31960050614305
zone,1660.067825166641,24.32495087341013
zone,1662.06790688371,24.33029802789506
zone,1664.067988600778,24.33564197028872
zone,1666.068070317846,24.34098270125023
zone,1668.068152034914,24.34632022140718
zone,1670.068233751982,24.35165453135575
zone,1672.068315469051,24.35698563166092
zone,1674.068397186119,24.36231352285666
zone,1676.068478903187,24.36763820544602
zone,1678.068560620256,24.37295967990138
zone,1680.068642337324,24.37827794666456
zone,1682.068724054392,24.38359300614704
zone,1684.06880577146,24.38890485873008
zone,1686.068887488528,24.3942135047649
zone,1688.068969205597,24.39951894457284
zone,1690.069050922665,24.40482117844556
zone,1692.069132639733,24.41012020664512
zone,1694.069214356801,24.41541602940424
zone,1696.06929607387,24.42070864692641
zone,1698.069377790938,24.42599805938603
zone,1700.069459508006,24.4312842669286
zone,1702.069541225074,24.4365672696709
zone,1704.069622942143,24.44184706770107
zone,1706.069704659211,24.44712366107887
zone,1708.069786376279,24.45239704983576
zone,1710.069868093347,24.45766723397507
zone,1712.069949810416,24.46293421347218
zone,1714.070031527484,24.46819798827464
zone,1716.070113244552,24.47345855830236
zone,1718.07019496162,24.47871592344774
zone,1720.070276678689,24.48397008357581
zone,1722.070358395757,24.48922103852439
zone,1724.070440112825,24.4944687881043
zone,1726.070521829893,24.49971333209939
zone,1728.070603546962,24.50495467026678
zone,1730.07068526403,24.51019280233701
zone,1732.070766981098,24.51542772801411
zone,1734.070848698166,24.52065944697583
zone,1736.070930415234,24.52588795887375
zone,1738.071012132303,24.53111326333341
zone,1740.071093849371,24.5363353599545
zone,1742.071175566439,24.54155424831095
zone,1744.071257283508,24.54676992795113
zone,1746.071339000576,24.55198239839792
zone,1748.071420717644,24.55719165914894
zone,1750.071502434712,24.56239770967661
zone,1752.07158415178,24.56760054942835
zone,1754.071665868849,24.57280017782669
zone,1756.071747585917,24.5779965942694
zone,1758.071829302985,24.58318979812967
zone,1760.071911020053,24.5883797887562
zone,1762.071992737122,24.59356656547338
zone,1764.07207445419,24.59875012758138
zone,1766.072156171258,24.60393047435633
zone,1768.072237888326,24.60910760505044
zone,1770.072319605395,24.61428151889213
zone,1772.072401322463,24.61945221508615
zone,1774.072483039531,24.62461969281376
zone,1776.072564756599,24.62978395123281
zone,1778.072646473668,24.6349449894779
zone,1780.072728190736,24.64010280666051
zone,1782.072809907804,24.64525740186913
zone,1784.072891624872,24.6504087741694
zone,1786.07297334194,24.65555692260419
zone,1788.073055059009,24.66070184619383
zone,1790.073136776077,24.66584354393611
zone,1792.073218493145,24.67098201480654
zone,1794.073300210214,24.67611725775836
zone,1796.073381927282,24.68124927172276
zone,1798.07346364435,24.68637805560893
zone,1800.073545361418,24.69150360830426
zone,1802.073627078486,24.6966259286744
zone,1804.073708795555,24.70174501556343
zone,1806.073790512623,24.70686086779397
zone,1808.073872229691,24.71197348416727
zone,1810.07395394676,24.71708286346341
zone,1812.074035663828,24.72218900444135
zone,1814.074117380896,24.72729190583907
zone,1816.074199097964,24.73239156637374
zone,1818.074280815032,24.73748798474175
zone,1820.074362532101,24.74258115961892
zone,1822.074444249169,24.74767108966058
zone,1824.074525966237,24.75275777350167
zone,1826.074607683305,24.75784120975691
zone,1828.074689400374,24.76292139702085
zone,1830.074771117442,24.76799833386807
zone,1832.07485283451,24.77307201885324
zone,1834.074934551578,24.77814245051123
zone,1836.075016268647,24.78320962735726
zone,1838.075097985715,24.78827354788704
zone,1840.075179702783,24.79333421057678
zone,1842.075261419851,24.79839161388345
zone,1844.07534313692,24.80344575624475
zone,1846.075424853988,24.80849663607933
zone,1848.075506571056,24.81354425178687
zone,1850.075588288124,24.81858860174818
zone,1852.075670005192,24.82362968432531
zone,1854.075751722261,24.82866749786168
zone,1856.075833439329,24.83370204068221
zone,1858.075915156397,24.83873331109337
zone,1860.075996873466,24.84376130738334
zone,1862.076078590534,24.84878602782211
zone,1864.076160307602,24.85380747066161
zone,1866.07624202467,24.85882563413574
zone,1868.076323741738,24.86384051646058
zone,1870.076405458807,24.86885211583444
zone,1872.076487175875,24.87386043043798
zone,1874.076568892943,24.87886545843433
zone,1876.076650610011,24.88386719796916
zone,1878.07673232708,24.88886564717083
zone,1880.076814044148,24.89386080415049
zone,1882.076895761216,24.89885266700214
zone,1884.076977478284,24.9038412338028
zone,1886.077059195353,24.90882650261257
zone,1888.077140912421,24.91380847147475
zone,1890.077222629489,24.91878713841595
zone,1892.077304346557,24.92376250144617
zone,1894.077386063626,24.92873455855893
zone,1896.077467780694,24.93370330773136
zone,1898.077549497762,24.93866874692431
zone,1900.07763121483,24.94363087408243
zone,1902.077712931899,24.94858968713431
zone,1904.077794648967,24.95354518399253
zone,1906.077876366035,24.95849736255382
zone,1908.077958083103,24.96344622069911
zone,1910.078039800172,24.96839175629365
zone,1912.07812151724,24.97333396718711
zone,1914.078203234308,24.9782728512137
zone,1916.078284951376,24.9832084061922
zone,1918.078366668444,24.98814062992615
zone,1920.078448385513,24.99306952020387
zone,1922.078530102581,24.99799507479862
zone,1924.078611819649,25.00291729146865
zone,1926.078693536718,25.00783616795731
zone,1928.078775253786,25.01275170199316
zone,1930.078856970854,25.01766389129005
zone,1932.078938687922,25.02257273354723
zone,1934.07902040499,25.02747822644943
zone,1936.079102122059,25.03238036766697
zone,1938.079183839127,25.03727915485584
zone,1940.079265556195,25.0421745856578
zone,1942.079347273263,25.04706665770048
zone,1944.079428990332,25.05195536859746
zone,1946.0795107074,25.05684071594839
zone,1948.079592424468,25.06172269733905
zone,1950.079674141536,25.06660131034144
zone,1952.079755858605,25.07147655251392
zone,1954.079837575673,25.07634842140125
zone,1956.079919292741,25.08121691453471
zone,1958.080001009809,25.08608202943217
zone,1960.080082726878,25.09094376359822
zone,1962.080164443946,25.0958021145242
zone,1964.080246161014,25.10065707968835
zone,1966.080327878082,25.10550865655583
zone,1968.080409595151,25.11035684257892
zone,1970.080491312219,25.11520163519698
zone,1972.080573029287,25.12004303183663
zone,1974.080654746355,25.12488102991179
zone,1976.080736463424,25.12971562682381
zone,1978.080818180492,25.1345468199615
zone,1980.08089989756,25.13937460670128
zone,1982.080981614628,25.14419898440723
zone,1984.081063331696,25.14901995043116
zone,1986.081145048765,25.15383750211275
zone,1988.081226765833,25.1586516367796
zone,1990.081308482901,25.16346235174731
zone,1992.08139019997,25.16826964431959
zone,1994.081471917038,25.17307351178831
zone,1996.081553634106,25.17787395143364
zone,1998.081635351174,25.18267096052408
zone,2000.081717068242,25.18746453631656
zone,2002.081798785311,25.19225467605655
zone,2004.081880502379,25.19704137697811
zone,2006.081962219447,25.20182463630397
zone,2008.082043936515,25.20660445124567
zone,2010.082125653584,25.21138081900356
zone,2012.082207370652,25.21615373676694
zone,2014.08228908772,25.22092320171414
zone,2016.082370804789,25.22568921101255
zone,2018.082452521857,25.23045176181878
zone,2020.082534238925,25.23521085127868
zone,2022.082615955993,25.23996647652743
zone,2024.082697673061,25.24471863468965
zone,2026.08277939013,25.24946732287946
zone,2028.082861107198,25.25421253820054
zone,2030.082942824266,25.25895427774626
zone,2032.083024541334,25.2636925385997
zone,2034.083106258402,25.26842731783379
zone,2036.083187975471,25.27315861251135
zone,2038.083269692539,25.27788641968515
zone,2040.083351409607,25.28261073639804
zone,2042.083433126676,25.28733155968302
zone,2044.083514843744,25.29204888656325
zone,2046.083596560812,25.29676271405223
zone,2048.08367827788,25.30147303915379
zone,2050.083759994949,25.30617985886223
zone,2052.083841712017,25.31088317016234
zone,2054.083923429085,25.31558297002952
zone,2056.084005146153,25.32027925542986
zone,2058.084086863222,25.32497202332015
zone,2060.08416858029,25.32966127064806
zone,2062.084250297358,25.33434699435211
zone,2064.084332014426,25.33902919136182
zone,2066.084413731494,25.34370785859775
zone,2068.084495448563,25.34838299297159
zone,2070.084577165631,25.35305459138621
zone,2072.084658882699,25.35772265073577
zone,2074.084740599767,25.36238716790577
zone,2076.084822316835,25.36704813977311
zone,2078.084904033904,25.37170556320621
zone,2080.084985750972,25.37635943506504
zone,2082.085067468041,25.38100975220121
zone,2084.085149185109,25.38565651145803
zone,2086.085230902177,25.39029970967061
zone,2088.085312619245,25.3949393436659
zone,2090.085394336314,25.39957541026279
zone,2092.085476053382,25.40420790627215
zone,2094.08555777045,25.40883682849694
zone,2096.085639487518,25.41346217373224
zone,2098.085721204586,25.41808393876535
zone,2100.085802921655,25.42270212037586
zone,2102.085884638723,25.42731671533569
zone,2104.085966355791,25.43192772040921
zone,2106.086048072859,25.43653513235326
zone,2108.086129789928,25.44113894791726
zone,2110.086211506996,25.44573916384325
zone,2112.086293224064,25.45033577686595
zone,2114.086374941132,25.45492878371291
zone,2116.0864566582,25.45951818110444
zone,2118.086538375269,25.46410396575383
zone,2120.086620092337,25.46868613436729
zone,2122.086701809405,25.47326468364411
zone,2124.086783526473,25.47783961027667
zone,2126.086865243542,25.48241091095053
zone,2128.08694696061,25.48697858234451
zone,2130.087028677678,25.49154262113073
zone,2132.087110394747,25.4961030239747
zone,2134.087192111815,25.50065978753537
zone,2136.087273828883,25.50521290846521
zone,2138.087355545951,25.50976238341027
zone,2140.08743726302,25.51430820901022
zone,2142.087518980088,25.51885038189849
zone,2144.087600697156,25.52338889870226
zone,2146.087682414224,25.52792375604255
zone,2148.087764131292,25.53245495053429
zone,2150.087845848361,25.53698247878641
zone,2152.087927565429,25.54150633740184
zone,2154.088009282497,25.54602652297763
zone,2156.088090999565,25.55054303210501
zone,2158.088172716634,25.55505586136943
zone,2160.088254433702,25.55956500735062
zone,2162.08833615077,25.56407046662271
zone,2164.088417867838,25.56857223575421
zone,2166.088499584906,25.57307031130816
zone,2168.088581301975,25.57756468984211
zone,2170.088663019043,25.58205536790824
zone,2172.088744736111,25.58654234205341
zone,2174.08882645318,25.59102560881923
zone,2176.088908170248,25.59550516474208
zone,2178.088989887316,25.59998100635323
zone,2180.089071604384,25.60445313017885
zone,2182.089153321453,25.60892153274014
zone,2184.089235038521,25.6133862105533
zone,2186.089316755589,25.61784716012968
zone,2188.089398472657,25.62230437797577
zone,2190.089480189726,25.62675786059332
zone,2192.089561906794,25.63120760447936
zone,2194.089643623862,25.63565360612626
zone,2196.08972534093,25.64009586202184
zone,2198.089807057998,25.64453436864937
zone,2200.089888775067,25.64896912248767
zone,2202.089970492135,25.65340012001113
zone,2204.090052209203,25.65782735768983
zone,2206.090133926271,25.66225083198954
zone,2208.09021564334,25.66667053937182
zone,2210.090297360408,25.67108647629405
zone,2212.090379077476,25.6754986392095
zone,2214.090460794544,25.67990702456743
zone,2216.090542511613,25.68431162881305
zone,2218.090624228681,25.68871244838768
zone,2220.090705945749,25.69310947972876
zone,2222.090787662818,25.69750271926992
zone,2224.090869379886,25.70189216344101
zone,2226.090951096954,25.7062778086682
zone,2228.091032814022,25.71065965137402
zone,2230.09111453109,25.71503768797741
zone,2232.091196248159,25.71941191489379
zone,2234.091277965227,25.72378232853508
zone,2236.091359682295,25.72814892530985
zone,2238.091441399363,25.73251170162326
zone,2240.091523116432,25.73687065387718
zone,2242.0916048335,25.74122577847026
zone,2244.091686550568,25.74557707179794
zone,2246.091768267636,25.74992453025255
zone,2248.091849984704,25.75426815022332
zone,2250.091931701773,25.75860792809649
zone,2252.092013418841,25.76294386025531
zone,2254.092095135909,25.76727594308015
zone,2256.092176852977,25.77160417294851
zone,2258.092258570046,25.77592854623509
zone,2260.092340287114,25.78024905931187
zone,2262.092422004182,25.7845657085481
zone,2264.092503721251,25.78887849031045
zone,2266.092585438319,25.79318740096297
zone,2268.092667155387,25.79749243686721
zone,2270.092748872455,25.80179359438224
zone,2272.092830589524,25.80609086986471
zone,2274.092912306592,25.81038425966893
zone,2276.09299402366,25.81467376014687
zone,2278.093075740728,25.81895936764827
zone,2280.093157457796,25.82324107852064
zone,2282.093239174865,25.82751888910938
zone,2284.093320891933,25.83179279575778
zone,2286.093402609001,25.83606279480707
zone,2288.093484326069,25.84032888259651
zone,2290.093566043138,25.8445910554634
zone,2292.093647760206,25.84884930974319
zone,2294.093729477274,25.85310364176947
zone,2296.093811194342,25.85735404787406
zone,2298.09389291141,25.86160052438706
zone,2300.093974628479,25.86584306763686
zone,2302.094056345547,25.87008167395027
zone,2304.094138062615,25.87431633965249
zone,2306.094219779683,25.87854706106722
zone,2308.094301496752,25.88277383451669
zone,2310.09438321382,25.88699665632169
zone,2312.094464930889,25.89121552280166
zone,2314.094546647957,25.8954304302747
zone,2316.094628365025,25.89964137505768
zone,2318.094710082093,25.90384835346623
zone,2320.094791799161,25.9080513618148
zone,2322.09487351623,25.91225039641674
zone,2324.094955233298,25.91644545358434
zone,2326.095036950366,25.92063652962887
zone,2328.095118667434,25.92482362086062
zone,2330.095200384502,25.92900672358898
zone,2332.095282101571,25.93318583412245
zone,2334.095363818639,25.93736094876874
zone,2336.095445535707,25.94153206383477
zone,2338.095527252775,25.94569917562675
zone,2340.095608969844,25.94986228045023
zone,2342.095690686912,25.9540213746101
zone,2344.09577240398,25.95817645441072
zone,2346.095854121048,25.9623275161559
zone,2348.095935838116,25.96647455614897
zone,2350.096017555185,25.97061757069285
zone,2352.096099272253,25.97475655609008
zone,2354.096180989322,25.97889150864285
zone,2356.09626270639,25.98302242465307
zone,2358.096344423458,25.98714930042242
zone,2360.096426140526,25.99127213225239
zone,2362.096507857595,25.99539091644433
zone,2364.096589574663,25.99950564929948
zone,2366.096671291731,26.00361632711906
zone,2368.096753008799,26.00772294620426
zone,2370.096834725867,26.01182550285635
zone,2372.096916442936,26.01592399337666
zone,2374.096998160004,26.02001841406667
zone,2376.097079877072,26.02410876122806
zone,2378.09716159414,26.02819503116274
zone,2380.097243311208,26.03227722017288
zone,2382.097325028277,26.036355324561
zone,2384.097406745345,26.04042934062997
zone,2386.097488462413,26.0444992646831
zone,2388.097570179481,26.04856509302413
zone,2390.09765189655,26.05262682195735
zone,2392.097733613618,26.05668444778758
zone,2394.097815330686,26.06073796682023
zone,2396.097897047754,26.06478737536137
zone,2398.097978764823,26.06883266971777
zone,2400.098060481891,26.0728738461969
zone,2402.098142198959,26.07691090110704
zone,2404.098223916028,26.0809438307573
zone,2406.098305633096,26.08497263145762
zone,2408.098387350164,26.08899729951889
zone,2410.098469067232,26.09301783125294
zone,2412.098550784301,26.09703422297261
zone,2414.098632501369,26.10104647099179
zone,2416.098714218437,26.10505457162545
zone,2418.098795935505,26.10905852118969
zone,2420.098877652573,26.1130583160018
zone,2422.098959369642,26.11705395238029
zone,2424.09904108671,26.12104542664492
zone,2426.099122803778,26.12503273511678
zone,2428.099204520846,26.12901587411831
zone,2430.099286237915,26.13299483997332
zone,2432.099367954983,26.13696962900708
zone,2434.099449672051,26.14094023754633
zone,2436.099531389119,26.14490666191935
zone,2438.099613106187,26.14886889845596
zone,2440.099694823256,26.15282694348761
zone,2442.099776540324,26.1567807933474
zone,2444.099858257392,26.16073044437012
zone,2446.099939974461,26.16467589289228
zone,2448.100021691529,26.16861713525218
zone,2450.100103408597,26.17255416778996
zone,2452.100185125665,26.1764869868476
zone,2454.100266842734,26.18041558876898
zone,2456.100348559802,26.18433996989993
zone,2458.10043027687,26.18826012658827
zone,2460.100511993938,26.19217605518386
zone,2462.100593711007,26.1960877520386
zone,2464.100675428075,26.19999521350652
zone,2466.100757145143,26.20389843594381
zone,2468.100838862211,26.20779741570884
zone,2470.100920579279,26.2116921491622
zone,2472.101002296348,26.21558263266679
zone,2474.101084013416,26.21946886258779
zone,2476.101165730484,26.22335083529275
zone,2478.101247447552,26.22722854715163
zone,2480.101329164621,26.2311019945368
zone,2482.101410881689,26.23497117382313
zone,2484.101492598757,26.23883608138798
zone,2486.101574315825,26.2426967136113
zone,2488.101656032894,26.2465530668756
zone,2490.101737749962,26.25040513756606
zone,2492.10181946703,26.25425292207051
zone,2494.101901184099,26.25809641677951
zone,2496.101982901167,26.26193561808637
zone,2498.102064618235,26.2657705223872
zone,2500.102146335303,26.26960112608094
zone,2502.102228052371,26.27342742556938
zone,2504.10230976944,26.27724941725727
zone,2506.102391486508,26.28106709755226
zone,2508.102473203576,26.28488046286502
zone,2510.102554920644,26.28868950960925
zone,2512.102636637713,26.29249423420169
zone,2514.102718354781,26.29629463306221
zone,2516.102800071849,26.30009070261382
zone,2518.102881788917,26.30388243928269
zone,2520.102963505985,26.30766983949825
zone,2522.103045223054,26.31145289969314
zone,2524.103126940122,26.31523161630334
zone,2526.10320865719,26.31900598576815
zone,2528.103290374258,26.3227760045302
zone,2530.103372091327,26.3265416690356
zone,2532.103453808395,26.33030297573387
zone,2534.103535525463,26.33405992107799
zone,2536.103617242532,26.33781250152452
zone,2538.1036989596,26.34156071353353
zone,2540.103780676668,26.3453045535687
zone,2542.103862393736,26.34904401809735
zone,2544.103944110805,26.35277910359047
zone,2546.104025827873,26.35650980652276
zone,2548.104107544941,26.36023612337265
zone,2550.104189262009,26.36395805062235
zone,2552.104270979077,26.36767558475791
zone,2554.104352696146,26.3713887222692
zone,2556.104434413214,26.37509745965002
zone,2558.104516130282,26.37880179339805
zone,2560.10459784735,26.38250172001498
zone,2562.104679564419,26.38619723600645
zone,2564.104761281487,26.38988833788218
zone,2566.104842998555,26.39357502215592
zone,2568.104924715623,26.39725728534556
zone,2570.105006432691,26.40093512397312
zone,2572.10508814976,26.40460853456478
zone,2574.105169866828,26.40827751365095
zone,2576.105251583896,26.41194205776629
zone,2578.105333300965,26.41560216344973
zone,2580.105415018033,26.41925782724453
zone,2582.105496735101,26.42290904569831
zone,2584.105578452169,26.42655581536305
zone,2586.105660169238,26.43019813279519
zone,2588.105741886306,26.4338359945556
zone,2590.105823603374,26.43746939720966
zone,2592.105905320442,26.44109833732727
zone,2594.105987037511,26.44472281148289
zone,2596.106068754579,26.4483428162556
zone,2598.106150471647,26.45195834822906
zone,2600.106232188715,26.45556940399166
zone,2602.106313905783,26.45917598013644
zone,2604.106395622852,26.46277807326119
zone,2606.10647733992,26.46637567996847
zone,2608.106559056988,26.46996879686565
zone,2610.106640774056,26.47355742056492
zone,2612.106722491125,26.47714154768334
zone,2614.106804208193,26.48072117484287
zone,2616.106885925261,26.48429629867044
zone,2618.106967642329,26.48786691579789
zone,2620.107049359397,26.49143302286213
zone,2622.107131076466,26.49499461650504
zone,2624.107212793534,26.49855169337362
zone,2626.107294510603,26.50210425011995
zone,2628.107376227671,26.50565228340125
zone,2630.107457944739,26.5091957898799
zone,2632.107539661807,26.51273476622349
zone,2634.107621378875,26.51626920910486
zone,2636.107703095944,26.51979911520207
zone,2638.107784813012,26.52332448119852
zone,2640.10786653008,26.52684530378293
zone,2642.107948247148,26.53036157964939
zone,2644.108029964217,26.53387330549737
zone,2646.108111681285,26.53738047803177
zone,2648.108193398353,26.54088309396297
zone,2650.108275115421,26.54438115000682
zone,2652.108356832489,26.54787464288469
zone,2654.108438549558,26.55136356932355
zone,2656.108520266626,26.55484792605591
zone,2658.108601983694,26.5583277098199
zone,2660.108683700762,26.56180291735934
zone,2662.108765417831,26.56527354542371
zone,2664.108847134899,26.56873959076818
zone,2666.108928851967,26.57220105015371
zone,2668.109010569035,26.575657920347
zone,2670.109092286104,26.57911019812057
zone,2672.109174003172,26.58255788025279
zone,2674.10925572024,26.58600096352788
zone,2676.109337437309,26.58943944473598
zone,2678.109419154377,26.59287332067314
zone,2680.109500871445,26.59630258814138
zone,2682.109582588513,26.59972724394873
zone,2684.109664305581,26.60314728490921
zone,2686.10974602265,26.60656270784291
zone,2688.109827739718,26.609973509576
zone,2690.109909456786,26.6133796869408
zone,2692.109991173854,26.6167812367757
zone,2694.110072890923,26.62017815592533
zone,2696.110154607991,26.62357044124049
zone,2698.110236325059,26.62695808957823
zone,2700.110318042127,26.63034109780185
zone,2702.110399759195,26.63371946278096
zone,2704.110481476264,26.63709318139149
zone,2706.110563193332,26.6404622505157
zone,2708.1106449104,26.64382666704227
zone,2710.110726627468,26.64718642786626
zone,2712.110808344537,26.65054152988919
zone,2714.110890061605,26.65389197001904
zone,2716.110971778674,26.6572377451703
zone,2718.111053495742,26.66057885226398
zone,2720.11113521281,26.66391528822765
zone,2722.111216929878,26.66724704999547
zone,2724.111298646946,26.67057413450821
zone,2726.111380364015,26.6738965387133
zone,2728.111462081083,26.67721425956483
zone,2730.111543798151,26.68052729402358
zone,2732.111625515219,26.68383563905708
zone,2734.111707232288,26.68713929163962
zone,2736.111788949356,26.69043824875227
zone,2738.111870666424,26.69373250738289
zone,2740.111952383492,26.69702206452625
zone,2742.11203410056,26.70030691718392
zone,2744.112115817629,26.70358706236441
zone,2746.112197534697,26.70686249708315
zone,2748.112279251765,26.71013321836252
zone,2750.112360968833,26.71339922323189
zone,2752.112442685901,26.71666050872765
zone,2754.11252440297,26.7199170718932
zone,2756.112606120038,26.72316890977903
zone,2758.112687837106,26.72641601944272
zone,2760.112769554175,26.72965839794898
zone,2762.112851271243,26.73289604236965
zone,2764.112932988311,26.73612894978374
zone,2766.11301470538,26.7393571172775
zone,2768.113096422448,26.74258054194438
zone,2770.113178139516,26.7457992208851
zone,2772.113259856584,26.74901315120765
zone,2774.113341573652,26.75222233002735
zone,2776.113423290721,26.75542675446684
zone,2778.113505007789,26.75862642165614
zone,2780.113586724857,26.76182132873265
zone,2782.113668441925,26.76501147284119
zone,2784.113750158994,26.76819685113404
zone,2786.113831876062,26.77137746077092
zone,2788.11391359313,26.77455329891907
zone,2790.113995310198,26.77772436275324
zone,2792.114077027266,26.78089064945576
zone,2794.114158744335,26.78405215621649
zone,2796.114240461403,26.78720888023292
zone,2798.114322178471,26.79036081871016
zone,2800.114403895539,26.79350796886097
zone,2802.114485612607,26.79665032790581
zone,2804.114567329676,26.7997878930728
zone,2806.114649046744,26.80292066159784
zone,2808.114730763813,26.80604863072456
zone,2810.114812480881,26.80917179770437
zone,2812.114894197949,26.8122901597965
zone,2814.114975915017,26.81540371426799
zone,2816.115057632086,26.81851245839377
zone,2818.115139349154,26.82161638945662
zone,2820.115221066222,26.82471550474725
zone,2822.11530278329,26.82780980156429
zone,2824.115384500358,26.83089927721434
zone,2826.115466217427,26.83398392901196
zone,2828.115547934495,26.83706375427975
zone,2830.115629651563,26.84013875034831
zone,2832.115711368631,26.84320891455631
zone,2834.1157930857,26.84627424425051
zone,2836.115874802768,26.84933473678576
zone,2838.115956519836,26.85239038952506
zone,2840.116038236904,26.85544119983953
zone,2842.116119953972,26.85848716510852
zone,2844.116201671041,26.86152828271953
zone,2846.116283388109,26.86456455006832
zone,2848.116365105177,26.86759596455889
zone,2850.116446822246,26.87062252360352
zone,2852.116528539314,26.87364422462278
zone,2854.116610256382,26.87666106504558
zone,2856.11669197345,26.87967304230916
zone,2858.116773690519,26.88268015385912
zone,2860.116855407587,26.8856823971495
zone,2862.116937124655,26.88867976964271
zone,2864.117018841723,26.89167226880961
zone,2866.117100558792,26.89465989212956
zone,2868.11718227586,26.89764263709036
zone,2870.117263992928,26.90062050118834
zone,2872.117345709996,26.90359348192836
zone,2874.117427427064,26.90656157682386
zone,2876.117509144133,26.90952478339684
zone,2878.117590861201,26.91248309917789
zone,2880.117672578269,26.91543652170626
zone,2882.117754295337,26.91838504852981
zone,2884.117836012406,26.92132867720511
zone,2886.117917729474,26.92426740529741
zone,2888.117999446542,26.92720123038065
zone,2890.11808116361,26.93013015003755
zone,2892.118162880678,26.93305416185957
zone,2894.118244597747,26.93597326344696
zone,2896.118326314815,26.93888745240878
zone,2898.118408031884,26.9417967263629
zone,2900.118489748952,26.94470108293606
zone,2902.11857146602,26.94760051976388
zone,2904.118653183088,26.95049503449085
zone,2906.118734900156,26.95338462477039
zone,2908.118816617225,26.95626928826486
zone,2910.118898334293,26.95914902264558
zone,2912.118980051361,26.96202382559286
zone,2914.119061768429,26.96489369479599
zone,2916.119143485498,26.96775862795331
zone,2918.119225202566,26.9706186227722
zone,2920.119306919634,26.97347367696911
zone,2922.119388636702,26.97632378826957
zone,2924.11947035377,26.97916895440823
zone,2926.119552070839,26.98200917312887
zone,2928.119633787907,26.98484444218444
zone,2930.119715504975,26.98767475933703
zone,2932.119797222043,26.99050012235796
zone,2934.119878939112,26.99332052902774
zone,2936.11996065618,26.99613597713615
zone,2938.120042373248,26.99894646448219
zone,2940.120124090316,27.00175198887417
zone,2942.120205807385,27.00455254812968
zone,2944.120287524453,27.00734814007566
zone,2946.120369241521,27.01013876254834
zone,2948.12045095859,27.01292441339337
zone,2950.120532675658,27.01570509046574
zone,2952.120614392726,27.01848079162986
zone,2954.120696109794,27.02125151475956
zone,2956.120777826862,27.02401725773811
zone,2958.120859543931,27.02677801845826
zone,2960.120941260999,27.02953379482221
zone,2962.121022978067,27.0322845847417
zone,2964.121104695135,27.03503038613795
zone,2966.121186412204,27.03777119694178
zone,2968.121268129272,27.04050701509352
zone,2970.12134984634,27.04323783854311
zone,2972.121431563408,27.04596366525008
zone,2974.121513280476,27.0486844931836
zone,2976.121594997545,27.05140032032245
zone,2978.121676714613,27.05411114465511
zone,2980.121758431681,27.0568169641797
zone,2982.121840148749,27.05951777690406
zone,2984.121921865818,27.06221358084576
zone,2986.122003582886,27.06490437403209
zone,2988.122085299954,27.0675901545001
zone,2990.122167017023,27.07027092029661
zone,2992.122248734091,27.07294666947825
zone,2994.122330451159,27.07561740011145
zone,2996.122412168227,27.07828311027249
zone,2998.122493885296,27.08094379804749
zone,3000.122575602364,27.08359946153243
zone,3002.122657319432,27.08625009883318
zone,3004.1227390365,27.08889570806555
zone,3006.122820753568,27.09153628735524
zone,3008.122902470637,27.0941718348379
zone,3010.122984187705,27.09680234865916
zone,3012.123065904773,27.09942782697462
zone,3014.123147621841,27.10204826794987
zone,3016.12322933891,27.10466366976052
zone,3018.123311055978,27.10727403059224
zone,3020.123392773046,27.10987934864072
zone,3022.123474490114,27.11247962211175
zone,3024.123556207182,27.11507484922118
zone,3026.123637924251,27.117665028195
zone,3028.123719641319,27.12025015726928
zone,3030.123801358387,27.12283023469029
zone,3032.123883075456,27.12540525871442
zone,3034.123964792524,27.12797522760824
zone,3036.124046509592,27.13054013964852
zone,3038.12412822666,27.13309999312227
zone,3040.124209943729,27.13565478632668
zone,3042.124291660797,27.13820451756922
zone,3044.124373377865,27.14074918516763
zone,3046.124455094933,27.14328878744991
zone,3048.124536812002,27.14582332275437
zone,3050.12461852907,27.14835278942963
zone,3052.124700246138,27.15087718583465
zone,3054.124781963206,27.15339651033875
zone,3056.124863680274,27.15591076132158
zone,3058.124945397343,27.15841993717321
zone,3060.125027114411,27.16092403629411
zone,3062.125108831479,27.16342305709513
zone,3064.125190548547,27.16591699799759
zone,3066.125272265616,27.16840585743325
zone,3068.125353982684,27.17088963384432
zone,3070.125435699752,27.17336832568352
zone,3072.12551741682,27.17584193141405
zone,3074.125599133888,27.17831044950963
zone,3076.125680850957,27.18077387845451
zone,3078.125762568025,27.1832322167435
zone,3080.125844285094,27.18568546288195
zone,3082.125926002162,27.18813361538581
zone,3084.12600771923,27.19057667278161
zone,3086.126089436298,27.19301463360652
zone,3088.126171153367,27.19544749640828
zone,3090.126252870435,27.19787525974535
zone,3092.126334587503,27.20029792218678
zone,3094.126416304571,27.20271548231234
zone,3096.126498021639,27.20512793871246
zone,3098.126579738708,27.2075352899883
zone,3100.126661455776,27.20993753475171
zone,3102.126743172844,27.21233467162531
zone,3104.126824889912,27.21472669924245
zone,3106.12690660698,27.21711361624725
zone,3108.126988324049,27.21949542129461
zone,3110.127070041117,27.22187211305024
zone,3112.127151758185,27.22424369019064
zone,3114.127233475253,27.22661015140316
zone,3116.127315192322,27.22897149538597
zone,3118.12739690939,27.23132772084811
zone,3120.127478626458,27.2336788265095
zone,3122.127560343527,27.23602481110091
zone,3124.127642060595,27.23836567336406
zone,3126.127723777663,27.24070141205153
zone,3128.127805494731,27.24303202592689
zone,3130.1278872118,27.2453575137646
zone,3132.127968928868,27.24767787435011
zone,3134.128050645936,27.24999310647983
zone,3136.128132363004,27.25230320896116
zone,3138.128214080073,27.25460818061252
zone,3140.128295797141,27.25690802026331
zone,3142.128377514209,27.25920272675398
zone,3144.128459231277,27.26149229893602
zone,3146.128540948345,27.26377673567199
zone,3148.128622665414,27.26605603583549
zone,3150.128704382482,27.26833019831125
zone,3152.12878609955,27.27059922199505
zone,3154.128867816618,27.27286310579381
zone,3156.128949533687,27.27512184862559
zone,3158.129031250755,27.27737544941955
zone,3160.129112967823,27.27962390711604
zone,3162.129194684891,27.28186722066655
zone,3164.129276401959,27.28410538903377
zone,3166.129358119028,27.28633841119158
zone,3168.129439836096,27.28856628612505
zone,3170.129521553165,27.29078901283049
zone,3172.129603270233,27.29300659031544
zone,3174.129684987301,27.29521901759866
zone,3176.129766704369,27.29742629371021
zone,3178.129848421437,27.29962841769139
zone,3180.129930138506,27.30182538859481
zone,3182.130011855574,27.30401720548434
zone,3184.130093572642,27.30620386743521
zone,3186.13017528971,27.30838537353394
zone,3188.130257006779,27.31056172287838
zone,3190.130338723847,27.31273291457776
zone,3192.130420440915,27.31489894775265
zone,3194.130502157983,27.31705982153498
zone,3196.130583875051,27.3192155350681
zone,3198.13066559212,27.32136608750673
zone,3200.130747309188,27.32351147801701
zone,3202.130829026256,27.3256517057765
zone,3204.130910743324,27.3277867699742
zone,3206.130992460393,27.32991666981054
zone,3208.131074177461,27.33204140449744
zone,3210.131155894529,27.33416097325827
zone,3212.131237611597,27.33627537532787
zone,3214.131319328666,27.3383846099526
zone,3216.131401045734,27.34048867639031
zone,3218.131482762802,27.34258757391037
zone,3220.131564479871,27.34468130179369
zone,3222.131646196939,27.3467698593327
zone,3224.131727914007,27.3488532458314
zone,3226.131809631075,27.35093146060536
zone,3228.131891348143,27.35300450298169
zone,3230.131973065212,27.35507237229914
zone,3232.13205478228,27.357135067908
zone,3234.132136499348,27.35919258917021
zone,3236.132218216416,27.36124493545933
zone,3238.132299933485,27.36329210616051
zone,3240.132381650553,27.3653341006706
zone,3242.132463367621,27.36737091839805
zone,3244.132545084689,27.36940255876302
zone,3246.132626801757,27.37142902119731
zone,3248.132708518826,27.37345030514442
zone,3250.132790235894,27.37546641005955
zone,3252.132871952962,27.37747733540961
zone,3254.13295367003,27.3794830806732
zone,3256.133035387099,27.38148364534069
zone,3258.133117104167,27.38347902891417
zone,3260.133198821235,27.38546923090746
zone,3262.133280538304,27.38745425084617
zone,3264.133362255372,27.38943408826765
zone,3266.13344397244,27.39140874272107
zone,3268.133525689508,27.39337821376736
zone,3270.133607406577,27.39534250097924
zone,3272.133689123645,27.39730160394128
zone,3274.133770840713,27.39925552224985
zone,3276.133852557781,27.40120425551312
zone,3278.133934274849,27.40314780335116
zone,3280.134015991918,27.40508616539585
zone,3282.134097708986,27.40701934129093
zone,3284.134179426054,27.40894733069202
zone,3286.134261143122,27.41087013326663
zone,3288.134342860191,27.41278774869414
zone,3290.134424577259,27.41470017666584
zone,3292.134506294327,27.4166074168849
zone,3294.134588011395,27.41850946906646
zone,3296.134669728463,27.42040633293754
zone,3298.134751445532,27.4222980082371
zone,3300.1348331626,27.42418449471608
zone,3302.134914879668,27.42606579213734
zone,3304.134996596737,27.4279419002757
zone,3306.135078313805,27.42981281891798
zone,3308.135160030873,27.43167854786297
zone,3310.135241747941,27.43353908692145
zone,3312.13532346501,27.43539443591618
zone,3314.135405182078,27.43724459468194
zone,3316.135486899146,27.43908956306555
zone,3318.135568616214,27.44092934092582
zone,3320.135650333283,27.44276392813361
zone,3322.135732050351,27.44459332457183
zone,3324.135813767419,27.44641753013542
zone,3326.135895484487,27.4482365447314
zone,3328.135977201555,27.45005036827884
zone,3330.136058918624,27.45185900070891
zone,3332.136140635692,27.45366244196483
zone,3334.13622235276,27.45546069200194
zone,3336.136304069828,27.45725375078766
zone,3338.136385786897,27.45904161830154
zone,3340.136467503965,27.46082429453525
zone,3342.136549221033,27.46260177949254
zone,3344.136630938101,27.46437407318934
zone,3346.13671265517,27.46614117565371
zone,3348.136794372238,27.46790308692584
zone,3350.136876089306,27.46965980705809
zone,3352.136957806375,27.47141133611499
zone,3354.137039523443,27.47315767417322
zone,3356.137121240511,27.47489882132166
zone,3358.137202957579,27.47663477766136
zone,3360.137284674647,27.47836554330557
zone,3362.137366391716,27.48009111837975
zone,3364.137448108784,27.48181150302156
zone,3366.137529825852,27.48352669738086
zone,3368.13761154292,27.48523670161977
zone,3370.137693259989,27.4869415159126
zone,3372.137774977057,27.48864114044593
zone,3374.137856694125,27.49033557541855
zone,3376.137938411193,27.49202482104154
zone,3378.138020128261,27.4937088775382
zone,3380.13810184533,27.49538774514412
zone,3382.138183562398,27.49706142410715
zone,3384.138265279466,27.49872991468743
zone,3386.138346996534,27.50039321715738
zone,3388.138428713603,27.50205133180169
zone,3390.138510430671,27.50370425891738
zone,3392.138592147739,27.50535199881377
zone,3394.138673864808,27.50699455181246
zone,3396.138755581876,27.5086319182474
zone,3398.138837298944,27.51026409846485
zone,3400.138919016012,27.51189109282341
zone,3402.139000733081,27.513512901694
zone,3404.139082450149,27.5151295254599
zone,3406.139164167217,27.51674096451674
zone,3408.139245884285,27.51834721927246
zone,3410.139327601353,27.51994829014743
zone,3412.139409318422,27.52154417757433
zone,3414.13949103549,27.52313488199824
zone,3416.139572752558,27.52472040387662
zone,3418.139654469626,27.52630074367929
zone,3420.139736186695,27.52787590188848
zone,3422.139817903763,27.52944587899882
zone,3424.139899620831,27.53101067551732
zone,3426.139981337899,27.53257029196341
zone,3428.140063054967,27.53412472886892
zone,3430.140144772036,27.53567398677812
zone,3432.140226489104,27.53721806624768
zone,3434.140308206172,27.5387569678467
zone,3436.14038992324,27.54029069215673
zone,3438.140471640309,27.54181923977173
zone,3440.140553357377,27.54334261129814
zone,3442.140635074446,27.54486080735482
zone,3444.140716791514,27.54637382857308
zone,3446.140798508582,27.5478816755967
zone,3448.14088022565,27.54938434908194
zone,3450.140961942718,27.5508818496975
zone,3452.141043659787,27.55237417812456
zone,3454.141125376855,27.55386133505678
zone,3456.141207093923,27.55534332120031
zone,3458.141288810991,27.55682013727377
zone,3460.141370528059,27.55829178400829
zone,3462.141452245128,27.55975826214747
zone,3464.141533962196,27.56121957244744
zone,3466.141615679264,27.56267571567681
zone,3468.141697396332,27.56412669261672
zone,3470.141779113401,27.56557250406081
zone,3472.141860830469,27.56701315081523
zone,3474.141942547537,27.56844863369867
zone,3476.142024264605,27.56987895354233
zone,3478.142105981673,27.57130411118995
zone,3480.142187698742,27.57272410749779
zone,3482.14226941581,27.57413894333468
zone,3484.142351132879,27.57554861958194
zone,3486.142432849947,27.57695313713348
